index,timestamp_us,interface,packet_type,packet_type_name,wire_len,dst_mac,src_mac,ethertype,direction,key_epoch,cell_counter
0,1787044740781201,l_left,3,otherhost,256,02:00:00:00:00:02,02:00:00:00:00:01,0x88b5,forward,1,0
1,1787044740781269,l_left,3,otherhost,256,02:00:00:00:00:02,02:00:00:00:00:01,0x88b5,forward,1,1
2,1787044740781289,l_left,3,otherhost,256,02:00:00:00:00:02,02:00:00:00:00:01,0x88b5,forward,1,2
3,1787044740781493,l_left,3,otherhost,256,02:00:00:00:00:02,02:00:00:00:00:01,0x88b5,forward,1,3
4,1787044740782045,l_left,4,outgoing,256,02:00:00:00:00:01,02:00:00:00:00:02,0x88b5,reverse,1,0
5,1787044740782081,l_left,4,outgoing,256,02:00:00:00:00:01,02:00:00:00:00:02,0x88b5,reverse,1,1
6,1787044740981969,l_left,4,outgoing,256,02:00:00:00:00:01,02:00:00:00:00:02,0x88b5,reverse,1,2
7,1787044740982031,l_left,4,outgoing,256,02:00:00:00:00:01,02:00:00:00:00:02,0x88b5,reverse,1,3
8,1787044740982053,l_left,4,outgoing,256,02:00:00:00:00:01,02:00:00:00:00:02,0x88b5,reverse,1,4
9,1787044740982071,l_left,4,outgoing,256,02:00:00:00:00:01,02:00:00:00:00:02,0x88b5,reverse,1,5
10,1787044740982086,l_left,4,outgoing,256,02:00:00:00:00:01,02:00:00:00:00:02,0x88b5,reverse,1,6
11,1787044740982100,l_left,4,outgoing,256,02:00:00:00:00:01,02:00:00:00:00:02,0x88b5,reverse,1,7
12,1787044740982115,l_left,4,outgoing,256,02:00:00:00:00:01,02:00:00:00:00:02,0x88b5,reverse,1,8
13,1787044740982324,l_left,4,outgoing,256,02:00:00:00:00:01,02:00:00:00:00:02,0x88b5,reverse,1,9
14,1787044740982601,l_left,4,outgoing,256,02:00:00:00:00:01,02:00:00:00:00:02,0x88b5,reverse,1,10
15,1787044740982856,l_left,4,outgoing,256,02:00:00:00:00:01,02:00:00:00:00:02,0x88b5,reverse,1,11
16,1787044740983105,l_left,4,outgoing,256,02:00:00:00:00:01,02:00:00:00:00:02,0x88b5,reverse,1,12
17,1787044740983348,l_left,4,outgoing,256,02:00:00:00:00:01,02:00:00:00:00:02,0x88b5,reverse,1,13
18,1787044740983586,l_left,4,outgoing,256,02:00:00:00:00:01,02:00:00:00:00:02,0x88b5,reverse,1,14
19,1787044740983807,l_left,4,outgoing,256,02:00:00:00:00:01,02:00:00:00:00:02,0x88b5,reverse,1,15
20,1787044740984231,l_left,3,otherhost,256,02:00:00:00:00:02,02:00:00:00:00:01,0x88b5,forward,1,4
21,1787044740984266,l_left,3,otherhost,256,02:00:00:00:00:02,02:00:00:00:00:01,0x88b5,forward,1,5
22,1787044740990738,l_left,3,otherhost,256,02:00:00:00:00:02,02:00:00:00:00:01,0x88b5,forward,1,6
23,1787044740990782,l_left,3,otherhost,256,02:00:00:00:00:02,02:00:00:00:00:01,0x88b5,forward,1,7
24,1787044740991009,l_left,3,otherhost,256,02:00:00:00:00:02,02:00:00:00:00:01,0x88b5,forward,1,8
25,1787044740991258,l_left,3,otherhost,256,02:00:00:00:00:02,02:00:00:00:00:01,0x88b5,forward,1,9
26,1787044740991775,l_left,4,outgoing,256,02:00:00:00:00:01,02:00:00:00:00:02,0x88b5,reverse,1,16
27,1787044740991803,l_left,4,outgoing,256,02:00:00:00:00:01,02:00:00:00:00:02,0x88b5,reverse,1,17
28,1787044741191790,l_left,4,outgoing,256,02:00:00:00:00:01,02:00:00:00:00:02,0x88b5,reverse,1,18
29,1787044741191852,l_left,4,outgoing,256,02:00:00:00:00:01,02:00:00:00:00:02,0x88b5,reverse,1,19
30,1787044741191873,l_left,4,outgoing,256,02:00:00:00:00:01,02:00:00:00:00:02,0x88b5,reverse,1,20
31,1787044741191890,l_left,4,outgoing,256,02:00:00:00:00:01,02:00:00:00:00:02,0x88b5,reverse,1,21
32,1787044741191908,l_left,4,outgoing,256,02:00:00:00:00:01,02:00:00:00:00:02,0x88b5,reverse,1,22
33,1787044741191926,l_left,4,outgoing,256,02:00:00:00:00:01,02:00:00:00:00:02,0x88b5,reverse,1,23
34,1787044741192018,l_left,4,outgoing,256,02:00:00:00:00:01,02:00:00:00:00:02,0x88b5,reverse,1,24
35,1787044741192355,l_left,4,outgoing,256,02:00:00:00:00:01,02:00:00:00:00:02,0x88b5,reverse,1,25
36,1787044741192599,l_left,4,outgoing,256,02:00:00:00:00:01,02:00:00:00:00:02,0x88b5,reverse,1,26
37,1787044741192847,l_left,4,outgoing,256,02:00:00:00:00:01,02:00:00:00:00:02,0x88b5,reverse,1,27
38,1787044741193096,l_left,4,outgoing,256,02:00:00:00:00:01,02:00:00:00:00:02,0x88b5,reverse,1,28
39,1787044741193280,l_left,4,outgoing,256,02:00:00:00:00:01,02:00:00:00:00:02,0x88b5,reverse,1,29
40,1787044741193596,l_left,4,outgoing,256,02:00:00:00:00:01,02:00:00:00:00:02,0x88b5,reverse,1,30
41,1787044741193820,l_left,4,outgoing,256,02:00:00:00:00:01,02:00:00:00:00:02,0x88b5,reverse,1,31
42,1787044741194120,l_left,3,otherhost,256,02:00:00:00:00:02,02:00:00:00:00:01,0x88b5,forward,1,10
43,1787044741194213,l_left,3,otherhost,256,02:00:00:00:00:02,02:00:00:00:00:01,0x88b5,forward,1,11
44,1787044741200877,l_left,3,otherhost,256,02:00:00:00:00:02,02:00:00:00:00:01,0x88b5,forward,1,12
45,1787044741200913,l_left,3,otherhost,256,02:00:00:00:00:02,02:00:00:00:00:01,0x88b5,forward,1,13
46,1787044741201065,l_left,3,otherhost,256,02:00:00:00:00:02,02:00:00:00:00:01,0x88b5,forward,1,14
47,1787044741201193,l_left,3,otherhost,256,02:00:00:00:00:02,02:00:00:00:00:01,0x88b5,forward,1,15
48,1787044741201796,l_left,4,outgoing,256,02:00:00:00:00:01,02:00:00:00:00:02,0x88b5,reverse,1,32
49,1787044741201821,l_left,4,outgoing,256,02:00:00:00:00:01,02:00:00:00:00:02,0x88b5,reverse,1,33
50,1787044741401939,l_left,4,outgoing,256,02:00:00:00:00:01,02:00:00:00:00:02,0x88b5,reverse,1,34
51,1787044741402002,l_left,4,outgoing,256,02:00:00:00:00:01,02:00:00:00:00:02,0x88b5,reverse,1,35
52,1787044741402024,l_left,4,outgoing,256,02:00:00:00:00:01,02:00:00:00:00:02,0x88b5,reverse,1,36
53,1787044741402047,l_left,4,outgoing,256,02:00:00:00:00:01,02:00:00:00:00:02,0x88b5,reverse,1,37
54,1787044741402067,l_left,4,outgoing,256,02:00:00:00:00:01,02:00:00:00:00:02,0x88b5,reverse,1,38
55,1787044741402082,l_left,4,outgoing,256,02:00:00:00:00:01,02:00:00:00:00:02,0x88b5,reverse,1,39
56,1787044741402100,l_left,4,outgoing,256,02:00:00:00:00:01,02:00:00:00:00:02,0x88b5,reverse,1,40
57,1787044741402371,l_left,4,outgoing,256,02:00:00:00:00:01,02:00:00:00:00:02,0x88b5,reverse,1,41
58,1787044741402606,l_left,4,outgoing,256,02:00:00:00:00:01,02:00:00:00:00:02,0x88b5,reverse,1,42
59,1787044741402854,l_left,4,outgoing,256,02:00:00:00:00:01,02:00:00:00:00:02,0x88b5,reverse,1,43
60,1787044741403099,l_left,4,outgoing,256,02:00:00:00:00:01,02:00:00:00:00:02,0x88b5,reverse,1,44
61,1787044741403344,l_left,4,outgoing,256,02:00:00:00:00:01,02:00:00:00:00:02,0x88b5,reverse,1,45
62,1787044741403586,l_left,4,outgoing,256,02:00:00:00:00:01,02:00:00:00:00:02,0x88b5,reverse,1,46
63,1787044741403809,l_left,4,outgoing,256,02:00:00:00:00:01,02:00:00:00:00:02,0x88b5,reverse,1,47
64,1787044741404219,l_left,3,otherhost,256,02:00:00:00:00:02,02:00:00:00:00:01,0x88b5,forward,1,16
65,1787044741404263,l_left,3,otherhost,256,02:00:00:00:00:02,02:00:00:00:00:01,0x88b5,forward,1,17
66,1787044741410807,l_left,3,otherhost,256,02:00:00:00:00:02,02:00:00:00:00:01,0x88b5,forward,1,18
67,1787044741410843,l_left,3,otherhost,256,02:00:00:00:00:02,02:00:00:00:00:01,0x88b5,forward,1,19
68,1787044741411083,l_left,3,otherhost,256,02:00:00:00:00:02,02:00:00:00:00:01,0x88b5,forward,1,20
69,1787044741411233,l_left,3,otherhost,256,02:00:00:00:00:02,02:00:00:00:00:01,0x88b5,forward,1,21
70,1787044741411802,l_left,4,outgoing,256,02:00:00:00:00:01,02:00:00:00:00:02,0x88b5,reverse,1,48
71,1787044741411831,l_left,4,outgoing,256,02:00:00:00:00:01,02:00:00:00:00:02,0x88b5,reverse,1,49
72,1787044741611632,l_left,4,outgoing,256,02:00:00:00:00:01,02:00:00:00:00:02,0x88b5,reverse,1,50
73,1787044741611696,l_left,4,outgoing,256,02:00:00:00:00:01,02:00:00:00:00:02,0x88b5,reverse,1,51
74,1787044741611718,l_left,4,outgoing,256,02:00:00:00:00:01,02:00:00:00:00:02,0x88b5,reverse,1,52
75,1787044741611735,l_left,4,outgoing,256,02:00:00:00:00:01,02:00:00:00:00:02,0x88b5,reverse,1,53
76,1787044741611766,l_left,4,outgoing,256,02:00:00:00:00:01,02:00:00:00:00:02,0x88b5,reverse,1,54
77,1787044741611784,l_left,4,outgoing,256,02:00:00:00:00:01,02:00:00:00:00:02,0x88b5,reverse,1,55
78,1787044741612109,l_left,4,outgoing,256,02:00:00:00:00:01,02:00:00:00:00:02,0x88b5,reverse,1,56
79,1787044741612347,l_left,4,outgoing,256,02:00:00:00:00:01,02:00:00:00:00:02,0x88b5,reverse,1,57
80,1787044741612597,l_left,4,outgoing,256,02:00:00:00:00:01,02:00:00:00:00:02,0x88b5,reverse,1,58
81,1787044741612849,l_left,4,outgoing,256,02:00:00:00:00:01,02:00:00:00:00:02,0x88b5,reverse,1,59
82,1787044741613096,l_left,4,outgoing,256,02:00:00:00:00:01,02:00:00:00:00:02,0x88b5,reverse,1,60
83,1787044741613309,l_left,4,outgoing,256,02:00:00:00:00:01,02:00:00:00:00:02,0x88b5,reverse,1,61
84,1787044741613586,l_left,4,outgoing,256,02:00:00:00:00:01,02:00:00:00:00:02,0x88b5,reverse,1,62
85,1787044741613755,l_left,4,outgoing,256,02:00:00:00:00:01,02:00:00:00:00:02,0x88b5,reverse,1,63
86,1787044741614176,l_left,3,otherhost,256,02:00:00:00:00:02,02:00:00:00:00:01,0x88b5,forward,1,22
87,1787044741614196,l_left,3,otherhost,256,02:00:00:00:00:02,02:00:00:00:00:01,0x88b5,forward,1,23
88,1787044741620869,l_left,3,otherhost,256,02:00:00:00:00:02,02:00:00:00:00:01,0x88b5,forward,1,24
89,1787044741620915,l_left,3,otherhost,256,02:00:00:00:00:02,02:00:00:00:00:01,0x88b5,forward,1,25
90,1787044741621027,l_left,3,otherhost,256,02:00:00:00:00:02,02:00:00:00:00:01,0x88b5,forward,1,26
91,1787044741621189,l_left,3,otherhost,256,02:00:00:00:00:02,02:00:00:00:00:01,0x88b5,forward,1,27
92,1787044741621745,l_left,4,outgoing,256,02:00:00:00:00:01,02:00:00:00:00:02,0x88b5,reverse,1,64
93,1787044741621771,l_left,4,outgoing,256,02:00:00:00:00:01,02:00:00:00:00:02,0x88b5,reverse,1,65
94,1787044741822037,l_left,4,outgoing,256,02:00:00:00:00:01,02:00:00:00:00:02,0x88b5,reverse,1,66
95,1787044741822098,l_left,4,outgoing,256,02:00:00:00:00:01,02:00:00:00:00:02,0x88b5,reverse,1,67
96,1787044741822120,l_left,4,outgoing,256,02:00:00:00:00:01,02:00:00:00:00:02,0x88b5,reverse,1,68
97,1787044741822137,l_left,4,outgoing,256,02:00:00:00:00:01,02:00:00:00:00:02,0x88b5,reverse,1,69
98,1787044741822152,l_left,4,outgoing,256,02:00:00:00:00:01,02:00:00:00:00:02,0x88b5,reverse,1,70
99,1787044741822166,l_left,4,outgoing,256,02:00:00:00:00:01,02:00:00:00:00:02,0x88b5,reverse,1,71
100,1787044741822186,l_left,4,outgoing,256,02:00:00:00:00:01,02:00:00:00:00:02,0x88b5,reverse,1,72
101,1787044741822249,l_left,4,outgoing,256,02:00:00:00:00:01,02:00:00:00:00:02,0x88b5,reverse,1,73
102,1787044741822600,l_left,4,outgoing,256,02:00:00:00:00:01,02:00:00:00:00:02,0x88b5,reverse,1,74
103,1787044741822851,l_left,4,outgoing,256,02:00:00:00:00:01,02:00:00:00:00:02,0x88b5,reverse,1,75
104,1787044741823099,l_left,4,outgoing,256,02:00:00:00:00:01,02:00:00:00:00:02,0x88b5,reverse,1,76
105,1787044741823352,l_left,4,outgoing,256,02:00:00:00:00:01,02:00:00:00:00:02,0x88b5,reverse,1,77
106,1787044741823610,l_left,4,outgoing,256,02:00:00:00:00:01,02:00:00:00:00:02,0x88b5,reverse,1,78
107,1787044741823911,l_left,4,outgoing,256,02:00:00:00:00:01,02:00:00:00:00:02,0x88b5,reverse,1,79
108,1787044741824289,l_left,3,otherhost,256,02:00:00:00:00:02,02:00:00:00:00:01,0x88b5,forward,1,28
109,1787044741824324,l_left,3,otherhost,256,02:00:00:00:00:02,02:00:00:00:00:01,0x88b5,forward,1,29
110,1787044741830806,l_left,3,otherhost,256,02:00:00:00:00:02,02:00:00:00:00:01,0x88b5,forward,1,30
111,1787044741830846,l_left,3,otherhost,256,02:00:00:00:00:02,02:00:00:00:00:01,0x88b5,forward,1,31
112,1787044741831008,l_left,3,otherhost,256,02:00:00:00:00:02,02:00:00:00:00:01,0x88b5,forward,1,32
113,1787044741831259,l_left,3,otherhost,256,02:00:00:00:00:02,02:00:00:00:00:01,0x88b5,forward,1,33
114,1787044741831888,l_left,4,outgoing,256,02:00:00:00:00:01,02:00:00:00:00:02,0x88b5,reverse,1,80
115,1787044741831924,l_left,4,outgoing,256,02:00:00:00:00:01,02:00:00:00:00:02,0x88b5,reverse,1,81
116,1787044742031351,l_left,4,outgoing,256,02:00:00:00:00:01,02:00:00:00:00:02,0x88b5,reverse,1,82
117,1787044742031404,l_left,4,outgoing,256,02:00:00:00:00:01,02:00:00:00:00:02,0x88b5,reverse,1,83
118,1787044742031423,l_left,4,outgoing,256,02:00:00:00:00:01,02:00:00:00:00:02,0x88b5,reverse,1,84
119,1787044742031443,l_left,4,outgoing,256,02:00:00:00:00:01,02:00:00:00:00:02,0x88b5,reverse,1,85
120,1787044742031698,l_left,4,outgoing,256,02:00:00:00:00:01,02:00:00:00:00:02,0x88b5,reverse,1,86
121,1787044742031778,l_left,4,outgoing,256,02:00:00:00:00:01,02:00:00:00:00:02,0x88b5,reverse,1,87
122,1787044742032070,l_left,4,outgoing,256,02:00:00:00:00:01,02:00:00:00:00:02,0x88b5,reverse,1,88
123,1787044742032329,l_left,4,outgoing,256,02:00:00:00:00:01,02:00:00:00:00:02,0x88b5,reverse,1,89
124,1787044742032570,l_left,4,outgoing,256,02:00:00:00:00:01,02:00:00:00:00:02,0x88b5,reverse,1,90
125,1787044742032819,l_left,4,outgoing,256,02:00:00:00:00:01,02:00:00:00:00:02,0x88b5,reverse,1,91
126,1787044742033074,l_left,4,outgoing,256,02:00:00:00:00:01,02:00:00:00:00:02,0x88b5,reverse,1,92
127,1787044742033278,l_left,4,outgoing,256,02:00:00:00:00:01,02:00:00:00:00:02,0x88b5,reverse,1,93
128,1787044742033568,l_left,4,outgoing,256,02:00:00:00:00:01,02:00:00:00:00:02,0x88b5,reverse,1,94
129,1787044742033774,l_left,4,outgoing,256,02:00:00:00:00:01,02:00:00:00:00:02,0x88b5,reverse,1,95
130,1787044742034099,l_left,3,otherhost,256,02:00:00:00:00:02,02:00:00:00:00:01,0x88b5,forward,1,34
131,1787044742034235,l_left,3,otherhost,256,02:00:00:00:00:02,02:00:00:00:00:01,0x88b5,forward,1,35
132,1787044742040683,l_left,3,otherhost,256,02:00:00:00:00:02,02:00:00:00:00:01,0x88b5,forward,1,36
133,1787044742040700,l_left,3,otherhost,256,02:00:00:00:00:02,02:00:00:00:00:01,0x88b5,forward,1,37
134,1787044742040987,l_left,3,otherhost,256,02:00:00:00:00:02,02:00:00:00:00:01,0x88b5,forward,1,38
135,1787044742041190,l_left,3,otherhost,256,02:00:00:00:00:02,02:00:00:00:00:01,0x88b5,forward,1,39
136,1787044742041725,l_left,4,outgoing,256,02:00:00:00:00:01,02:00:00:00:00:02,0x88b5,reverse,1,96
137,1787044742041748,l_left,4,outgoing,256,02:00:00:00:00:01,02:00:00:00:00:02,0x88b5,reverse,1,97
138,1787044742241914,l_left,4,outgoing,256,02:00:00:00:00:01,02:00:00:00:00:02,0x88b5,reverse,1,98
139,1787044742241976,l_left,4,outgoing,256,02:00:00:00:00:01,02:00:00:00:00:02,0x88b5,reverse,1,99
140,1787044742241997,l_left,4,outgoing,256,02:00:00:00:00:01,02:00:00:00:00:02,0x88b5,reverse,1,100
141,1787044742242014,l_left,4,outgoing,256,02:00:00:00:00:01,02:00:00:00:00:02,0x88b5,reverse,1,101
142,1787044742242029,l_left,4,outgoing,256,02:00:00:00:00:01,02:00:00:00:00:02,0x88b5,reverse,1,102
143,1787044742242044,l_left,4,outgoing,256,02:00:00:00:00:01,02:00:00:00:00:02,0x88b5,reverse,1,103
144,1787044742242062,l_left,4,outgoing,256,02:00:00:00:00:01,02:00:00:00:00:02,0x88b5,reverse,1,104
145,1787044742242344,l_left,4,outgoing,256,02:00:00:00:00:01,02:00:00:00:00:02,0x88b5,reverse,1,105
146,1787044742242613,l_left,4,outgoing,256,02:00:00:00:00:01,02:00:00:00:00:02,0x88b5,reverse,1,106
147,1787044742242859,l_left,4,outgoing,256,02:00:00:00:00:01,02:00:00:00:00:02,0x88b5,reverse,1,107
148,1787044742243103,l_left,4,outgoing,256,02:00:00:00:00:01,02:00:00:00:00:02,0x88b5,reverse,1,108
149,1787044742243353,l_left,4,outgoing,256,02:00:00:00:00:01,02:00:00:00:00:02,0x88b5,reverse,1,109
150,1787044742243600,l_left,4,outgoing,256,02:00:00:00:00:01,02:00:00:00:00:02,0x88b5,reverse,1,110
151,1787044742243835,l_left,4,outgoing,256,02:00:00:00:00:01,02:00:00:00:00:02,0x88b5,reverse,1,111
152,1787044742244206,l_left,3,otherhost,256,02:00:00:00:00:02,02:00:00:00:00:01,0x88b5,forward,1,40
153,1787044742244241,l_left,3,otherhost,256,02:00:00:00:00:02,02:00:00:00:00:01,0x88b5,forward,1,41
154,1787044742251417,l_left,3,otherhost,256,02:00:00:00:00:02,02:00:00:00:00:01,0x88b5,forward,1,42
155,1787044742251486,l_left,3,otherhost,256,02:00:00:00:00:02,02:00:00:00:00:01,0x88b5,forward,1,43
156,1787044742251512,l_left,3,otherhost,256,02:00:00:00:00:02,02:00:00:00:00:01,0x88b5,forward,1,44
157,1787044742251529,l_left,3,otherhost,256,02:00:00:00:00:02,02:00:00:00:00:01,0x88b5,forward,1,45
158,1787044742251848,l_left,4,outgoing,256,02:00:00:00:00:01,02:00:00:00:00:02,0x88b5,reverse,1,112
159,1787044742251885,l_left,4,outgoing,256,02:00:00:00:00:01,02:00:00:00:00:02,0x88b5,reverse,1,113
160,1787044742451623,l_left,4,outgoing,256,02:00:00:00:00:01,02:00:00:00:00:02,0x88b5,reverse,1,114
161,1787044742451684,l_left,4,outgoing,256,02:00:00:00:00:01,02:00:00:00:00:02,0x88b5,reverse,1,115
162,1787044742451713,l_left,4,outgoing,256,02:00:00:00:00:01,02:00:00:00:00:02,0x88b5,reverse,1,116
163,1787044742451731,l_left,4,outgoing,256,02:00:00:00:00:01,02:00:00:00:00:02,0x88b5,reverse,1,117
164,1787044742451746,l_left,4,outgoing,256,02:00:00:00:00:01,02:00:00:00:00:02,0x88b5,reverse,1,118
165,1787044742451760,l_left,4,outgoing,256,02:00:00:00:00:01,02:00:00:00:00:02,0x88b5,reverse,1,119
166,1787044742452096,l_left,4,outgoing,256,02:00:00:00:00:01,02:00:00:00:00:02,0x88b5,reverse,1,120
167,1787044742452349,l_left,4,outgoing,256,02:00:00:00:00:01,02:00:00:00:00:02,0x88b5,reverse,1,121
168,1787044742452596,l_left,4,outgoing,256,02:00:00:00:00:01,02:00:00:00:00:02,0x88b5,reverse,1,122
169,1787044742452850,l_left,4,outgoing,256,02:00:00:00:00:01,02:00:00:00:00:02,0x88b5,reverse,1,123
170,1787044742453107,l_left,4,outgoing,256,02:00:00:00:00:01,02:00:00:00:00:02,0x88b5,reverse,1,124
171,1787044742453328,l_left,4,outgoing,256,02:00:00:00:00:01,02:00:00:00:00:02,0x88b5,reverse,1,125
172,1787044742453588,l_left,4,outgoing,256,02:00:00:00:00:01,02:00:00:00:00:02,0x88b5,reverse,1,126
173,1787044742453809,l_left,4,outgoing,256,02:00:00:00:00:01,02:00:00:00:00:02,0x88b5,reverse,1,127
174,1787044742454222,l_left,3,otherhost,256,02:00:00:00:00:02,02:00:00:00:00:01,0x88b5,forward,1,46
175,1787044742454257,l_left,3,otherhost,256,02:00:00:00:00:02,02:00:00:00:00:01,0x88b5,forward,1,47
176,1787044742460847,l_left,3,otherhost,256,02:00:00:00:00:02,02:00:00:00:00:01,0x88b5,forward,1,48
177,1787044742460888,l_left,3,otherhost,256,02:00:00:00:00:02,02:00:00:00:00:01,0x88b5,forward,1,49
178,1787044742461034,l_left,3,otherhost,256,02:00:00:00:00:02,02:00:00:00:00:01,0x88b5,forward,1,50
179,1787044742461194,l_left,3,otherhost,256,02:00:00:00:00:02,02:00:00:00:00:01,0x88b5,forward,1,51
180,1787044742461722,l_left,4,outgoing,256,02:00:00:00:00:01,02:00:00:00:00:02,0x88b5,reverse,1,128
181,1787044742461813,l_left,4,outgoing,256,02:00:00:00:00:01,02:00:00:00:00:02,0x88b5,reverse,1,129
182,1787044742661520,l_left,4,outgoing,256,02:00:00:00:00:01,02:00:00:00:00:02,0x88b5,reverse,1,130
183,1787044742661581,l_left,4,outgoing,256,02:00:00:00:00:01,02:00:00:00:00:02,0x88b5,reverse,1,131
184,1787044742661603,l_left,4,outgoing,256,02:00:00:00:00:01,02:00:00:00:00:02,0x88b5,reverse,1,132
185,1787044742661624,l_left,4,outgoing,256,02:00:00:00:00:01,02:00:00:00:00:02,0x88b5,reverse,1,133
186,1787044742661641,l_left,4,outgoing,256,02:00:00:00:00:01,02:00:00:00:00:02,0x88b5,reverse,1,134
187,1787044742661778,l_left,4,outgoing,256,02:00:00:00:00:01,02:00:00:00:00:02,0x88b5,reverse,1,135
188,1787044742662086,l_left,4,outgoing,256,02:00:00:00:00:01,02:00:00:00:00:02,0x88b5,reverse,1,136
189,1787044742662347,l_left,4,outgoing,256,02:00:00:00:00:01,02:00:00:00:00:02,0x88b5,reverse,1,137
190,1787044742662596,l_left,4,outgoing,256,02:00:00:00:00:01,02:00:00:00:00:02,0x88b5,reverse,1,138
191,1787044742662854,l_left,4,outgoing,256,02:00:00:00:00:01,02:00:00:00:00:02,0x88b5,reverse,1,139
192,1787044742663094,l_left,4,outgoing,256,02:00:00:00:00:01,02:00:00:00:00:02,0x88b5,reverse,1,140
193,1787044742663315,l_left,4,outgoing,256,02:00:00:00:00:01,02:00:00:00:00:02,0x88b5,reverse,1,141
194,1787044742663544,l_left,4,outgoing,256,02:00:00:00:00:01,02:00:00:00:00:02,0x88b5,reverse,1,142
195,1787044742663739,l_left,4,outgoing,256,02:00:00:00:00:01,02:00:00:00:00:02,0x88b5,reverse,1,143
196,1787044742664176,l_left,3,otherhost,256,02:00:00:00:00:02,02:00:00:00:00:01,0x88b5,forward,1,52
197,1787044742664195,l_left,3,otherhost,256,02:00:00:00:00:02,02:00:00:00:00:01,0x88b5,forward,1,53
198,1787044742670692,l_left,3,otherhost,256,02:00:00:00:00:02,02:00:00:00:00:01,0x88b5,forward,1,54
199,1787044742670713,l_left,3,otherhost,256,02:00:00:00:00:02,02:00:00:00:00:01,0x88b5,forward,1,55
200,1787044742670981,l_left,3,otherhost,256,02:00:00:00:00:02,02:00:00:00:00:01,0x88b5,forward,1,56
201,1787044742671230,l_left,3,otherhost,256,02:00:00:00:00:02,02:00:00:00:00:01,0x88b5,forward,1,57
202,1787044742671929,l_left,4,outgoing,256,02:00:00:00:00:01,02:00:00:00:00:02,0x88b5,reverse,1,144
203,1787044742671964,l_left,4,outgoing,256,02:00:00:00:00:01,02:00:00:00:00:02,0x88b5,reverse,1,145
204,1787044742871895,l_left,4,outgoing,256,02:00:00:00:00:01,02:00:00:00:00:02,0x88b5,reverse,1,146
205,1787044742871958,l_left,4,outgoing,256,02:00:00:00:00:01,02:00:00:00:00:02,0x88b5,reverse,1,147
206,1787044742871979,l_left,4,outgoing,256,02:00:00:00:00:01,02:00:00:00:00:02,0x88b5,reverse,1,148
207,1787044742871996,l_left,4,outgoing,256,02:00:00:00:00:01,02:00:00:00:00:02,0x88b5,reverse,1,149
208,1787044742872011,l_left,4,outgoing,256,02:00:00:00:00:01,02:00:00:00:00:02,0x88b5,reverse,1,150
209,1787044742872025,l_left,4,outgoing,256,02:00:00:00:00:01,02:00:00:00:00:02,0x88b5,reverse,1,151
210,1787044742872039,l_left,4,outgoing,256,02:00:00:00:00:01,02:00:00:00:00:02,0x88b5,reverse,1,152
211,1787044742872346,l_left,4,outgoing,256,02:00:00:00:00:01,02:00:00:00:00:02,0x88b5,reverse,1,153
212,1787044742872611,l_left,4,outgoing,256,02:00:00:00:00:01,02:00:00:00:00:02,0x88b5,reverse,1,154
213,1787044742872848,l_left,4,outgoing,256,02:00:00:00:00:01,02:00:00:00:00:02,0x88b5,reverse,1,155
214,1787044742873102,l_left,4,outgoing,256,02:00:00:00:00:01,02:00:00:00:00:02,0x88b5,reverse,1,156
215,1787044742873274,l_left,4,outgoing,256,02:00:00:00:00:01,02:00:00:00:00:02,0x88b5,reverse,1,157
216,1787044742873597,l_left,4,outgoing,256,02:00:00:00:00:01,02:00:00:00:00:02,0x88b5,reverse,1,158
217,1787044742873866,l_left,4,outgoing,256,02:00:00:00:00:01,02:00:00:00:00:02,0x88b5,reverse,1,159
218,1787044742874367,l_left,3,otherhost,256,02:00:00:00:00:02,02:00:00:00:00:01,0x88b5,forward,1,58
219,1787044742874404,l_left,3,otherhost,256,02:00:00:00:00:02,02:00:00:00:00:01,0x88b5,forward,1,59
220,1787044742880954,l_left,3,otherhost,256,02:00:00:00:00:02,02:00:00:00:00:01,0x88b5,forward,1,60
221,1787044742880990,l_left,3,otherhost,256,02:00:00:00:00:02,02:00:00:00:00:01,0x88b5,forward,1,61
222,1787044742881081,l_left,3,otherhost,256,02:00:00:00:00:02,02:00:00:00:00:01,0x88b5,forward,1,62
223,1787044742881203,l_left,3,otherhost,256,02:00:00:00:00:02,02:00:00:00:00:01,0x88b5,forward,1,63
224,1787044742881869,l_left,4,outgoing,256,02:00:00:00:00:01,02:00:00:00:00:02,0x88b5,reverse,1,160
225,1787044742881911,l_left,4,outgoing,256,02:00:00:00:00:01,02:00:00:00:00:02,0x88b5,reverse,1,161
226,1787044743081924,l_left,4,outgoing,256,02:00:00:00:00:01,02:00:00:00:00:02,0x88b5,reverse,1,162
227,1787044743081987,l_left,4,outgoing,256,02:00:00:00:00:01,02:00:00:00:00:02,0x88b5,reverse,1,163
228,1787044743082009,l_left,4,outgoing,256,02:00:00:00:00:01,02:00:00:00:00:02,0x88b5,reverse,1,164
229,1787044743082026,l_left,4,outgoing,256,02:00:00:00:00:01,02:00:00:00:00:02,0x88b5,reverse,1,165
230,1787044743082041,l_left,4,outgoing,256,02:00:00:00:00:01,02:00:00:00:00:02,0x88b5,reverse,1,166
231,1787044743082055,l_left,4,outgoing,256,02:00:00:00:00:01,02:00:00:00:00:02,0x88b5,reverse,1,167
232,1787044743082297,l_left,4,outgoing,256,02:00:00:00:00:01,02:00:00:00:00:02,0x88b5,reverse,1,168
233,1787044743082333,l_left,4,outgoing,256,02:00:00:00:00:01,02:00:00:00:00:02,0x88b5,reverse,1,169
234,1787044743082610,l_left,4,outgoing,256,02:00:00:00:00:01,02:00:00:00:00:02,0x88b5,reverse,1,170
235,1787044743082853,l_left,4,outgoing,256,02:00:00:00:00:01,02:00:00:00:00:02,0x88b5,reverse,1,171
236,1787044743083097,l_left,4,outgoing,256,02:00:00:00:00:01,02:00:00:00:00:02,0x88b5,reverse,1,172
237,1787044743083361,l_left,4,outgoing,256,02:00:00:00:00:01,02:00:00:00:00:02,0x88b5,reverse,1,173
238,1787044743083606,l_left,4,outgoing,256,02:00:00:00:00:01,02:00:00:00:00:02,0x88b5,reverse,1,174
239,1787044743083854,l_left,4,outgoing,256,02:00:00:00:00:01,02:00:00:00:00:02,0x88b5,reverse,1,175
240,1787044743084127,l_left,3,otherhost,256,02:00:00:00:00:02,02:00:00:00:00:01,0x88b5,forward,1,64
241,1787044743084214,l_left,3,otherhost,256,02:00:00:00:00:02,02:00:00:00:00:01,0x88b5,forward,1,65
242,1787044743090746,l_left,3,otherhost,256,02:00:00:00:00:02,02:00:00:00:00:01,0x88b5,forward,1,66
243,1787044743090774,l_left,3,otherhost,256,02:00:00:00:00:02,02:00:00:00:00:01,0x88b5,forward,1,67
244,1787044743090997,l_left,3,otherhost,256,02:00:00:00:00:02,02:00:00:00:00:01,0x88b5,forward,1,68
245,1787044743091244,l_left,3,otherhost,256,02:00:00:00:00:02,02:00:00:00:00:01,0x88b5,forward,1,69
246,1787044743091927,l_left,4,outgoing,256,02:00:00:00:00:01,02:00:00:00:00:02,0x88b5,reverse,1,176
247,1787044743091960,l_left,4,outgoing,256,02:00:00:00:00:01,02:00:00:00:00:02,0x88b5,reverse,1,177
248,1787044743291795,l_left,4,outgoing,256,02:00:00:00:00:01,02:00:00:00:00:02,0x88b5,reverse,1,178
249,1787044743291858,l_left,4,outgoing,256,02:00:00:00:00:01,02:00:00:00:00:02,0x88b5,reverse,1,179
250,1787044743291880,l_left,4,outgoing,256,02:00:00:00:00:01,02:00:00:00:00:02,0x88b5,reverse,1,180
251,1787044743291897,l_left,4,outgoing,256,02:00:00:00:00:01,02:00:00:00:00:02,0x88b5,reverse,1,181
252,1787044743291912,l_left,4,outgoing,256,02:00:00:00:00:01,02:00:00:00:00:02,0x88b5,reverse,1,182
253,1787044743291926,l_left,4,outgoing,256,02:00:00:00:00:01,02:00:00:00:00:02,0x88b5,reverse,1,183
254,1787044743291992,l_left,4,outgoing,256,02:00:00:00:00:01,02:00:00:00:00:02,0x88b5,reverse,1,184
255,1787044743292346,l_left,4,outgoing,256,02:00:00:00:00:01,02:00:00:00:00:02,0x88b5,reverse,1,185
256,1787044743292596,l_left,4,outgoing,256,02:00:00:00:00:01,02:00:00:00:00:02,0x88b5,reverse,1,186
257,1787044743292846,l_left,4,outgoing,256,02:00:00:00:00:01,02:00:00:00:00:02,0x88b5,reverse,1,187
258,1787044743293097,l_left,4,outgoing,256,02:00:00:00:00:01,02:00:00:00:00:02,0x88b5,reverse,1,188
259,1787044743293374,l_left,4,outgoing,256,02:00:00:00:00:01,02:00:00:00:00:02,0x88b5,reverse,1,189
260,1787044743293656,l_left,4,outgoing,256,02:00:00:00:00:01,02:00:00:00:00:02,0x88b5,reverse,1,190
261,1787044743293848,l_left,4,outgoing,256,02:00:00:00:00:01,02:00:00:00:00:02,0x88b5,reverse,1,191
262,1787044743294470,l_left,3,otherhost,256,02:00:00:00:00:02,02:00:00:00:00:01,0x88b5,forward,1,70
263,1787044743294494,l_left,3,otherhost,256,02:00:00:00:00:02,02:00:00:00:00:01,0x88b5,forward,1,71
264,1787044743301516,l_left,3,otherhost,256,02:00:00:00:00:02,02:00:00:00:00:01,0x88b5,forward,1,72
265,1787044743301579,l_left,3,otherhost,256,02:00:00:00:00:02,02:00:00:00:00:01,0x88b5,forward,1,73
266,1787044743301600,l_left,3,otherhost,256,02:00:00:00:00:02,02:00:00:00:00:01,0x88b5,forward,1,74
267,1787044743301617,l_left,3,otherhost,256,02:00:00:00:00:02,02:00:00:00:00:01,0x88b5,forward,1,75
268,1787044743301767,l_left,4,outgoing,256,02:00:00:00:00:01,02:00:00:00:00:02,0x88b5,reverse,1,192
269,1787044743301793,l_left,4,outgoing,256,02:00:00:00:00:01,02:00:00:00:00:02,0x88b5,reverse,1,193
270,1787044743501622,l_left,4,outgoing,256,02:00:00:00:00:01,02:00:00:00:00:02,0x88b5,reverse,1,194
271,1787044743501686,l_left,4,outgoing,256,02:00:00:00:00:01,02:00:00:00:00:02,0x88b5,reverse,1,195
272,1787044743501707,l_left,4,outgoing,256,02:00:00:00:00:01,02:00:00:00:00:02,0x88b5,reverse,1,196
273,1787044743501725,l_left,4,outgoing,256,02:00:00:00:00:01,02:00:00:00:00:02,0x88b5,reverse,1,197
274,1787044743501741,l_left,4,outgoing,256,02:00:00:00:00:01,02:00:00:00:00:02,0x88b5,reverse,1,198
275,1787044743501755,l_left,4,outgoing,256,02:00:00:00:00:01,02:00:00:00:00:02,0x88b5,reverse,1,199
276,1787044743502095,l_left,4,outgoing,256,02:00:00:00:00:01,02:00:00:00:00:02,0x88b5,reverse,1,200
277,1787044743502348,l_left,4,outgoing,256,02:00:00:00:00:01,02:00:00:00:00:02,0x88b5,reverse,1,201
278,1787044743502602,l_left,4,outgoing,256,02:00:00:00:00:01,02:00:00:00:00:02,0x88b5,reverse,1,202
279,1787044743502859,l_left,4,outgoing,256,02:00:00:00:00:01,02:00:00:00:00:02,0x88b5,reverse,1,203
280,1787044743503114,l_left,4,outgoing,256,02:00:00:00:00:01,02:00:00:00:00:02,0x88b5,reverse,1,204
281,1787044743503354,l_left,4,outgoing,256,02:00:00:00:00:01,02:00:00:00:00:02,0x88b5,reverse,1,205
282,1787044743503589,l_left,4,outgoing,256,02:00:00:00:00:01,02:00:00:00:00:02,0x88b5,reverse,1,206
283,1787044743503775,l_left,4,outgoing,256,02:00:00:00:00:01,02:00:00:00:00:02,0x88b5,reverse,1,207
284,1787044743504114,l_left,3,otherhost,256,02:00:00:00:00:02,02:00:00:00:00:01,0x88b5,forward,1,76
285,1787044743504214,l_left,3,otherhost,256,02:00:00:00:00:02,02:00:00:00:00:01,0x88b5,forward,1,77
286,1787044743510850,l_left,3,otherhost,256,02:00:00:00:00:02,02:00:00:00:00:01,0x88b5,forward,1,78
287,1787044743510886,l_left,3,otherhost,256,02:00:00:00:00:02,02:00:00:00:00:01,0x88b5,forward,1,79
288,1787044743511070,l_left,3,otherhost,256,02:00:00:00:00:02,02:00:00:00:00:01,0x88b5,forward,1,80
289,1787044743511231,l_left,3,otherhost,256,02:00:00:00:00:02,02:00:00:00:00:01,0x88b5,forward,1,81
290,1787044743511853,l_left,4,outgoing,256,02:00:00:00:00:01,02:00:00:00:00:02,0x88b5,reverse,1,208
291,1787044743511892,l_left,4,outgoing,256,02:00:00:00:00:01,02:00:00:00:00:02,0x88b5,reverse,1,209
292,1787044743711874,l_left,4,outgoing,256,02:00:00:00:00:01,02:00:00:00:00:02,0x88b5,reverse,1,210
293,1787044743711937,l_left,4,outgoing,256,02:00:00:00:00:01,02:00:00:00:00:02,0x88b5,reverse,1,211
294,1787044743711959,l_left,4,outgoing,256,02:00:00:00:00:01,02:00:00:00:00:02,0x88b5,reverse,1,212
295,1787044743711977,l_left,4,outgoing,256,02:00:00:00:00:01,02:00:00:00:00:02,0x88b5,reverse,1,213
296,1787044743711992,l_left,4,outgoing,256,02:00:00:00:00:01,02:00:00:00:00:02,0x88b5,reverse,1,214
297,1787044743712006,l_left,4,outgoing,256,02:00:00:00:00:01,02:00:00:00:00:02,0x88b5,reverse,1,215
298,1787044743712020,l_left,4,outgoing,256,02:00:00:00:00:01,02:00:00:00:00:02,0x88b5,reverse,1,216
299,1787044743712345,l_left,4,outgoing,256,02:00:00:00:00:01,02:00:00:00:00:02,0x88b5,reverse,1,217
300,1787044743712597,l_left,4,outgoing,256,02:00:00:00:00:01,02:00:00:00:00:02,0x88b5,reverse,1,218
301,1787044743712855,l_left,4,outgoing,256,02:00:00:00:00:01,02:00:00:00:00:02,0x88b5,reverse,1,219
302,1787044743713097,l_left,4,outgoing,256,02:00:00:00:00:01,02:00:00:00:00:02,0x88b5,reverse,1,220
303,1787044743713297,l_left,4,outgoing,256,02:00:00:00:00:01,02:00:00:00:00:02,0x88b5,reverse,1,221
304,1787044743713604,l_left,4,outgoing,256,02:00:00:00:00:01,02:00:00:00:00:02,0x88b5,reverse,1,222
305,1787044743713837,l_left,4,outgoing,256,02:00:00:00:00:01,02:00:00:00:00:02,0x88b5,reverse,1,223
306,1787044743714337,l_left,3,otherhost,256,02:00:00:00:00:02,02:00:00:00:00:01,0x88b5,forward,1,82
307,1787044743714360,l_left,3,otherhost,256,02:00:00:00:00:02,02:00:00:00:00:01,0x88b5,forward,1,83
308,1787044743720864,l_left,3,otherhost,256,02:00:00:00:00:02,02:00:00:00:00:01,0x88b5,forward,1,84
309,1787044743720901,l_left,3,otherhost,256,02:00:00:00:00:02,02:00:00:00:00:01,0x88b5,forward,1,85
310,1787044743721153,l_left,3,otherhost,256,02:00:00:00:00:02,02:00:00:00:00:01,0x88b5,forward,1,86
311,1787044743721189,l_left,3,otherhost,256,02:00:00:00:00:02,02:00:00:00:00:01,0x88b5,forward,1,87
312,1787044743721728,l_left,4,outgoing,256,02:00:00:00:00:01,02:00:00:00:00:02,0x88b5,reverse,1,224
313,1787044743721748,l_left,4,outgoing,256,02:00:00:00:00:01,02:00:00:00:00:02,0x88b5,reverse,1,225
314,1787044743921960,l_left,4,outgoing,256,02:00:00:00:00:01,02:00:00:00:00:02,0x88b5,reverse,1,226
315,1787044743922031,l_left,4,outgoing,256,02:00:00:00:00:01,02:00:00:00:00:02,0x88b5,reverse,1,227
316,1787044743922053,l_left,4,outgoing,256,02:00:00:00:00:01,02:00:00:00:00:02,0x88b5,reverse,1,228
317,1787044743922070,l_left,4,outgoing,256,02:00:00:00:00:01,02:00:00:00:00:02,0x88b5,reverse,1,229
318,1787044743922084,l_left,4,outgoing,256,02:00:00:00:00:01,02:00:00:00:00:02,0x88b5,reverse,1,230
319,1787044743922098,l_left,4,outgoing,256,02:00:00:00:00:01,02:00:00:00:00:02,0x88b5,reverse,1,231
320,1787044743922111,l_left,4,outgoing,256,02:00:00:00:00:01,02:00:00:00:00:02,0x88b5,reverse,1,232
321,1787044743922349,l_left,4,outgoing,256,02:00:00:00:00:01,02:00:00:00:00:02,0x88b5,reverse,1,233
322,1787044743922612,l_left,4,outgoing,256,02:00:00:00:00:01,02:00:00:00:00:02,0x88b5,reverse,1,234
323,1787044743922855,l_left,4,outgoing,256,02:00:00:00:00:01,02:00:00:00:00:02,0x88b5,reverse,1,235
324,1787044743923111,l_left,4,outgoing,256,02:00:00:00:00:01,02:00:00:00:00:02,0x88b5,reverse,1,236
325,1787044743923354,l_left,4,outgoing,256,02:00:00:00:00:01,02:00:00:00:00:02,0x88b5,reverse,1,237
326,1787044743923605,l_left,4,outgoing,256,02:00:00:00:00:01,02:00:00:00:00:02,0x88b5,reverse,1,238
327,1787044743923908,l_left,4,outgoing,256,02:00:00:00:00:01,02:00:00:00:00:02,0x88b5,reverse,1,239
328,1787044743924216,l_left,3,otherhost,256,02:00:00:00:00:02,02:00:00:00:00:01,0x88b5,forward,1,88
329,1787044743924252,l_left,3,otherhost,256,02:00:00:00:00:02,02:00:00:00:00:01,0x88b5,forward,1,89
330,1787044743931547,l_left,3,otherhost,256,02:00:00:00:00:02,02:00:00:00:00:01,0x88b5,forward,1,90
331,1787044743931609,l_left,3,otherhost,256,02:00:00:00:00:02,02:00:00:00:00:01,0x88b5,forward,1,91
332,1787044743931631,l_left,3,otherhost,256,02:00:00:00:00:02,02:00:00:00:00:01,0x88b5,forward,1,92
333,1787044743931647,l_left,3,otherhost,256,02:00:00:00:00:02,02:00:00:00:00:01,0x88b5,forward,1,93
334,1787044743931753,l_left,4,outgoing,256,02:00:00:00:00:01,02:00:00:00:00:02,0x88b5,reverse,1,240
335,1787044743931771,l_left,4,outgoing,256,02:00:00:00:00:01,02:00:00:00:00:02,0x88b5,reverse,1,241
336,1787044744131955,l_left,4,outgoing,256,02:00:00:00:00:01,02:00:00:00:00:02,0x88b5,reverse,1,242
337,1787044744132027,l_left,4,outgoing,256,02:00:00:00:00:01,02:00:00:00:00:02,0x88b5,reverse,1,243
338,1787044744132048,l_left,4,outgoing,256,02:00:00:00:00:01,02:00:00:00:00:02,0x88b5,reverse,1,244
339,1787044744132065,l_left,4,outgoing,256,02:00:00:00:00:01,02:00:00:00:00:02,0x88b5,reverse,1,245
340,1787044744132079,l_left,4,outgoing,256,02:00:00:00:00:01,02:00:00:00:00:02,0x88b5,reverse,1,246
341,1787044744132093,l_left,4,outgoing,256,02:00:00:00:00:01,02:00:00:00:00:02,0x88b5,reverse,1,247
342,1787044744132107,l_left,4,outgoing,256,02:00:00:00:00:01,02:00:00:00:00:02,0x88b5,reverse,1,248
343,1787044744132340,l_left,4,outgoing,256,02:00:00:00:00:01,02:00:00:00:00:02,0x88b5,reverse,1,249
344,1787044744132596,l_left,4,outgoing,256,02:00:00:00:00:01,02:00:00:00:00:02,0x88b5,reverse,1,250
345,1787044744132845,l_left,4,outgoing,256,02:00:00:00:00:01,02:00:00:00:00:02,0x88b5,reverse,1,251
346,1787044744133098,l_left,4,outgoing,256,02:00:00:00:00:01,02:00:00:00:00:02,0x88b5,reverse,1,252
347,1787044744133285,l_left,4,outgoing,256,02:00:00:00:00:01,02:00:00:00:00:02,0x88b5,reverse,1,253
348,1787044744133597,l_left,4,outgoing,256,02:00:00:00:00:01,02:00:00:00:00:02,0x88b5,reverse,1,254
349,1787044744133850,l_left,4,outgoing,256,02:00:00:00:00:01,02:00:00:00:00:02,0x88b5,reverse,1,255
350,1787044744134248,l_left,3,otherhost,256,02:00:00:00:00:02,02:00:00:00:00:01,0x88b5,forward,1,94
351,1787044744134284,l_left,3,otherhost,256,02:00:00:00:00:02,02:00:00:00:00:01,0x88b5,forward,1,95
352,1787044744140878,l_left,3,otherhost,256,02:00:00:00:00:02,02:00:00:00:00:01,0x88b5,forward,1,96
353,1787044744140922,l_left,3,otherhost,256,02:00:00:00:00:02,02:00:00:00:00:01,0x88b5,forward,1,97
354,1787044744141173,l_left,3,otherhost,256,02:00:00:00:00:02,02:00:00:00:00:01,0x88b5,forward,1,98
355,1787044744141236,l_left,3,otherhost,256,02:00:00:00:00:02,02:00:00:00:00:01,0x88b5,forward,1,99
356,1787044744141827,l_left,4,outgoing,256,02:00:00:00:00:01,02:00:00:00:00:02,0x88b5,reverse,1,256
357,1787044744141850,l_left,4,outgoing,256,02:00:00:00:00:01,02:00:00:00:00:02,0x88b5,reverse,1,257
358,1787044744342056,l_left,4,outgoing,256,02:00:00:00:00:01,02:00:00:00:00:02,0x88b5,reverse,1,258
359,1787044744342120,l_left,4,outgoing,256,02:00:00:00:00:01,02:00:00:00:00:02,0x88b5,reverse,1,259
360,1787044744342142,l_left,4,outgoing,256,02:00:00:00:00:01,02:00:00:00:00:02,0x88b5,reverse,1,260
361,1787044744342159,l_left,4,outgoing,256,02:00:00:00:00:01,02:00:00:00:00:02,0x88b5,reverse,1,261
362,1787044744342184,l_left,4,outgoing,256,02:00:00:00:00:01,02:00:00:00:00:02,0x88b5,reverse,1,262
363,1787044744342200,l_left,4,outgoing,256,02:00:00:00:00:01,02:00:00:00:00:02,0x88b5,reverse,1,263
364,1787044744342214,l_left,4,outgoing,256,02:00:00:00:00:01,02:00:00:00:00:02,0x88b5,reverse,1,264
365,1787044744342244,l_left,4,outgoing,256,02:00:00:00:00:01,02:00:00:00:00:02,0x88b5,reverse,1,265
366,1787044744342595,l_left,4,outgoing,256,02:00:00:00:00:01,02:00:00:00:00:02,0x88b5,reverse,1,266
367,1787044744342854,l_left,4,outgoing,256,02:00:00:00:00:01,02:00:00:00:00:02,0x88b5,reverse,1,267
368,1787044744343105,l_left,4,outgoing,256,02:00:00:00:00:01,02:00:00:00:00:02,0x88b5,reverse,1,268
369,1787044744343361,l_left,4,outgoing,256,02:00:00:00:00:01,02:00:00:00:00:02,0x88b5,reverse,1,269
370,1787044744343606,l_left,4,outgoing,256,02:00:00:00:00:01,02:00:00:00:00:02,0x88b5,reverse,1,270
371,1787044744343839,l_left,4,outgoing,256,02:00:00:00:00:01,02:00:00:00:00:02,0x88b5,reverse,1,271
372,1787044744344303,l_left,3,otherhost,256,02:00:00:00:00:02,02:00:00:00:00:01,0x88b5,forward,1,100
373,1787044744344340,l_left,3,otherhost,256,02:00:00:00:00:02,02:00:00:00:00:01,0x88b5,forward,1,101
374,1787044744350814,l_left,3,otherhost,256,02:00:00:00:00:02,02:00:00:00:00:01,0x88b5,forward,1,102
375,1787044744350850,l_left,3,otherhost,256,02:00:00:00:00:02,02:00:00:00:00:01,0x88b5,forward,1,103
376,1787044744351008,l_left,3,otherhost,256,02:00:00:00:00:02,02:00:00:00:00:01,0x88b5,forward,1,104
377,1787044744351259,l_left,3,otherhost,256,02:00:00:00:00:02,02:00:00:00:00:01,0x88b5,forward,1,105
378,1787044744351892,l_left,4,outgoing,256,02:00:00:00:00:01,02:00:00:00:00:02,0x88b5,reverse,1,272
379,1787044744351938,l_left,4,outgoing,256,02:00:00:00:00:01,02:00:00:00:00:02,0x88b5,reverse,1,273
380,1787044744551470,l_left,4,outgoing,256,02:00:00:00:00:01,02:00:00:00:00:02,0x88b5,reverse,1,274
381,1787044744551536,l_left,4,outgoing,256,02:00:00:00:00:01,02:00:00:00:00:02,0x88b5,reverse,1,275
382,1787044744551558,l_left,4,outgoing,256,02:00:00:00:00:01,02:00:00:00:00:02,0x88b5,reverse,1,276
383,1787044744551578,l_left,4,outgoing,256,02:00:00:00:00:01,02:00:00:00:00:02,0x88b5,reverse,1,277
384,1787044744551597,l_left,4,outgoing,256,02:00:00:00:00:01,02:00:00:00:00:02,0x88b5,reverse,1,278
385,1787044744551856,l_left,4,outgoing,256,02:00:00:00:00:01,02:00:00:00:00:02,0x88b5,reverse,1,279
386,1787044744552100,l_left,4,outgoing,256,02:00:00:00:00:01,02:00:00:00:00:02,0x88b5,reverse,1,280
387,1787044744552350,l_left,4,outgoing,256,02:00:00:00:00:01,02:00:00:00:00:02,0x88b5,reverse,1,281
388,1787044744552599,l_left,4,outgoing,256,02:00:00:00:00:01,02:00:00:00:00:02,0x88b5,reverse,1,282
389,1787044744552854,l_left,4,outgoing,256,02:00:00:00:00:01,02:00:00:00:00:02,0x88b5,reverse,1,283
390,1787044744553098,l_left,4,outgoing,256,02:00:00:00:00:01,02:00:00:00:00:02,0x88b5,reverse,1,284
391,1787044744553261,l_left,4,outgoing,256,02:00:00:00:00:01,02:00:00:00:00:02,0x88b5,reverse,1,285
392,1787044744553534,l_left,4,outgoing,256,02:00:00:00:00:01,02:00:00:00:00:02,0x88b5,reverse,1,286
393,1787044744553740,l_left,4,outgoing,256,02:00:00:00:00:01,02:00:00:00:00:02,0x88b5,reverse,1,287
394,1787044744554857,l_left,3,otherhost,256,02:00:00:00:00:02,02:00:00:00:00:01,0x88b5,forward,1,106
395,1787044744554876,l_left,3,otherhost,256,02:00:00:00:00:02,02:00:00:00:00:01,0x88b5,forward,1,107
396,1787044744560844,l_left,3,otherhost,256,02:00:00:00:00:02,02:00:00:00:00:01,0x88b5,forward,1,108
397,1787044744560880,l_left,3,otherhost,256,02:00:00:00:00:02,02:00:00:00:00:01,0x88b5,forward,1,109
398,1787044744561028,l_left,3,otherhost,256,02:00:00:00:00:02,02:00:00:00:00:01,0x88b5,forward,1,110
399,1787044744561193,l_left,3,otherhost,256,02:00:00:00:00:02,02:00:00:00:00:01,0x88b5,forward,1,111
400,1787044744561713,l_left,4,outgoing,256,02:00:00:00:00:01,02:00:00:00:00:02,0x88b5,reverse,1,288
401,1787044744561732,l_left,4,outgoing,256,02:00:00:00:00:01,02:00:00:00:00:02,0x88b5,reverse,1,289
402,1787044744761734,l_left,4,outgoing,256,02:00:00:00:00:01,02:00:00:00:00:02,0x88b5,reverse,1,290
403,1787044744761798,l_left,4,outgoing,256,02:00:00:00:00:01,02:00:00:00:00:02,0x88b5,reverse,1,291
404,1787044744761826,l_left,4,outgoing,256,02:00:00:00:00:01,02:00:00:00:00:02,0x88b5,reverse,1,292
405,1787044744761843,l_left,4,outgoing,256,02:00:00:00:00:01,02:00:00:00:00:02,0x88b5,reverse,1,293
406,1787044744761865,l_left,4,outgoing,256,02:00:00:00:00:01,02:00:00:00:00:02,0x88b5,reverse,1,294
407,1787044744761883,l_left,4,outgoing,256,02:00:00:00:00:01,02:00:00:00:00:02,0x88b5,reverse,1,295
408,1787044744762104,l_left,4,outgoing,256,02:00:00:00:00:01,02:00:00:00:00:02,0x88b5,reverse,1,296
409,1787044744762355,l_left,4,outgoing,256,02:00:00:00:00:01,02:00:00:00:00:02,0x88b5,reverse,1,297
410,1787044744762599,l_left,4,outgoing,256,02:00:00:00:00:01,02:00:00:00:00:02,0x88b5,reverse,1,298
411,1787044744762849,l_left,4,outgoing,256,02:00:00:00:00:01,02:00:00:00:00:02,0x88b5,reverse,1,299
412,1787044744763093,l_left,4,outgoing,256,02:00:00:00:00:01,02:00:00:00:00:02,0x88b5,reverse,1,300
413,1787044744763348,l_left,4,outgoing,256,02:00:00:00:00:01,02:00:00:00:00:02,0x88b5,reverse,1,301
414,1787044744763583,l_left,4,outgoing,256,02:00:00:00:00:01,02:00:00:00:00:02,0x88b5,reverse,1,302
415,1787044744763808,l_left,4,outgoing,256,02:00:00:00:00:01,02:00:00:00:00:02,0x88b5,reverse,1,303
416,1787044744764185,l_left,3,otherhost,256,02:00:00:00:00:02,02:00:00:00:00:01,0x88b5,forward,1,112
417,1787044744764209,l_left,3,otherhost,256,02:00:00:00:00:02,02:00:00:00:00:01,0x88b5,forward,1,113
418,1787044744770719,l_left,3,otherhost,256,02:00:00:00:00:02,02:00:00:00:00:01,0x88b5,forward,1,114
419,1787044744770762,l_left,3,otherhost,256,02:00:00:00:00:02,02:00:00:00:00:01,0x88b5,forward,1,115
420,1787044744770991,l_left,3,otherhost,256,02:00:00:00:00:02,02:00:00:00:00:01,0x88b5,forward,1,116
421,1787044744771230,l_left,3,otherhost,256,02:00:00:00:00:02,02:00:00:00:00:01,0x88b5,forward,1,117
422,1787044744771827,l_left,4,outgoing,256,02:00:00:00:00:01,02:00:00:00:00:02,0x88b5,reverse,1,304
423,1787044744771862,l_left,4,outgoing,256,02:00:00:00:00:01,02:00:00:00:00:02,0x88b5,reverse,1,305
424,1787044744971559,l_left,4,outgoing,256,02:00:00:00:00:01,02:00:00:00:00:02,0x88b5,reverse,1,306
425,1787044744971622,l_left,4,outgoing,256,02:00:00:00:00:01,02:00:00:00:00:02,0x88b5,reverse,1,307
426,1787044744971644,l_left,4,outgoing,256,02:00:00:00:00:01,02:00:00:00:00:02,0x88b5,reverse,1,308
427,1787044744971661,l_left,4,outgoing,256,02:00:00:00:00:01,02:00:00:00:00:02,0x88b5,reverse,1,309
428,1787044744971677,l_left,4,outgoing,256,02:00:00:00:00:01,02:00:00:00:00:02,0x88b5,reverse,1,310
429,1787044744971738,l_left,4,outgoing,256,02:00:00:00:00:01,02:00:00:00:00:02,0x88b5,reverse,1,311
430,1787044744972096,l_left,4,outgoing,256,02:00:00:00:00:01,02:00:00:00:00:02,0x88b5,reverse,1,312
431,1787044744972347,l_left,4,outgoing,256,02:00:00:00:00:01,02:00:00:00:00:02,0x88b5,reverse,1,313
432,1787044744972597,l_left,4,outgoing,256,02:00:00:00:00:01,02:00:00:00:00:02,0x88b5,reverse,1,314
433,1787044744972846,l_left,4,outgoing,256,02:00:00:00:00:01,02:00:00:00:00:02,0x88b5,reverse,1,315
434,1787044744973093,l_left,4,outgoing,256,02:00:00:00:00:01,02:00:00:00:00:02,0x88b5,reverse,1,316
435,1787044744973227,l_left,4,outgoing,256,02:00:00:00:00:01,02:00:00:00:00:02,0x88b5,reverse,1,317
436,1787044744973565,l_left,4,outgoing,256,02:00:00:00:00:01,02:00:00:00:00:02,0x88b5,reverse,1,318
437,1787044744973779,l_left,4,outgoing,256,02:00:00:00:00:01,02:00:00:00:00:02,0x88b5,reverse,1,319
438,1787044744974884,l_left,3,otherhost,256,02:00:00:00:00:02,02:00:00:00:00:01,0x88b5,forward,1,118
439,1787044744974903,l_left,3,otherhost,256,02:00:00:00:00:02,02:00:00:00:00:01,0x88b5,forward,1,119
440,1787044744980862,l_left,3,otherhost,256,02:00:00:00:00:02,02:00:00:00:00:01,0x88b5,forward,1,120
441,1787044744980899,l_left,3,otherhost,256,02:00:00:00:00:02,02:00:00:00:00:01,0x88b5,forward,1,121
442,1787044744980989,l_left,3,otherhost,256,02:00:00:00:00:02,02:00:00:00:00:01,0x88b5,forward,1,122
443,1787044744981188,l_left,3,otherhost,256,02:00:00:00:00:02,02:00:00:00:00:01,0x88b5,forward,1,123
444,1787044744981711,l_left,4,outgoing,256,02:00:00:00:00:01,02:00:00:00:00:02,0x88b5,reverse,1,320
445,1787044744981738,l_left,4,outgoing,256,02:00:00:00:00:01,02:00:00:00:00:02,0x88b5,reverse,1,321
446,1787044745181844,l_left,4,outgoing,256,02:00:00:00:00:01,02:00:00:00:00:02,0x88b5,reverse,1,322
447,1787044745181914,l_left,4,outgoing,256,02:00:00:00:00:01,02:00:00:00:00:02,0x88b5,reverse,1,323
448,1787044745181936,l_left,4,outgoing,256,02:00:00:00:00:01,02:00:00:00:00:02,0x88b5,reverse,1,324
449,1787044745181953,l_left,4,outgoing,256,02:00:00:00:00:01,02:00:00:00:00:02,0x88b5,reverse,1,325
450,1787044745181973,l_left,4,outgoing,256,02:00:00:00:00:01,02:00:00:00:00:02,0x88b5,reverse,1,326
451,1787044745181988,l_left,4,outgoing,256,02:00:00:00:00:01,02:00:00:00:00:02,0x88b5,reverse,1,327
452,1787044745182003,l_left,4,outgoing,256,02:00:00:00:00:01,02:00:00:00:00:02,0x88b5,reverse,1,328
453,1787044745182345,l_left,4,outgoing,256,02:00:00:00:00:01,02:00:00:00:00:02,0x88b5,reverse,1,329
454,1787044745182596,l_left,4,outgoing,256,02:00:00:00:00:01,02:00:00:00:00:02,0x88b5,reverse,1,330
455,1787044745182848,l_left,4,outgoing,256,02:00:00:00:00:01,02:00:00:00:00:02,0x88b5,reverse,1,331
456,1787044745183095,l_left,4,outgoing,256,02:00:00:00:00:01,02:00:00:00:00:02,0x88b5,reverse,1,332
457,1787044745183345,l_left,4,outgoing,256,02:00:00:00:00:01,02:00:00:00:00:02,0x88b5,reverse,1,333
458,1787044745183594,l_left,4,outgoing,256,02:00:00:00:00:01,02:00:00:00:00:02,0x88b5,reverse,1,334
459,1787044745184236,l_left,4,outgoing,256,02:00:00:00:00:01,02:00:00:00:00:02,0x88b5,reverse,1,335
460,1787044745184288,l_left,3,otherhost,256,02:00:00:00:00:02,02:00:00:00:00:01,0x88b5,forward,1,124
461,1787044745184316,l_left,3,otherhost,256,02:00:00:00:00:02,02:00:00:00:00:01,0x88b5,forward,1,125
462,1787044745190722,l_left,3,otherhost,256,02:00:00:00:00:02,02:00:00:00:00:01,0x88b5,forward,1,126
463,1787044745190764,l_left,3,otherhost,256,02:00:00:00:00:02,02:00:00:00:00:01,0x88b5,forward,1,127
464,1787044745191009,l_left,3,otherhost,256,02:00:00:00:00:02,02:00:00:00:00:01,0x88b5,forward,1,128
465,1787044745191256,l_left,3,otherhost,256,02:00:00:00:00:02,02:00:00:00:00:01,0x88b5,forward,1,129
466,1787044745191839,l_left,4,outgoing,256,02:00:00:00:00:01,02:00:00:00:00:02,0x88b5,reverse,1,336
467,1787044745191880,l_left,4,outgoing,256,02:00:00:00:00:01,02:00:00:00:00:02,0x88b5,reverse,1,337
468,1787044745391789,l_left,4,outgoing,256,02:00:00:00:00:01,02:00:00:00:00:02,0x88b5,reverse,1,338
469,1787044745391852,l_left,4,outgoing,256,02:00:00:00:00:01,02:00:00:00:00:02,0x88b5,reverse,1,339
470,1787044745391873,l_left,4,outgoing,256,02:00:00:00:00:01,02:00:00:00:00:02,0x88b5,reverse,1,340
471,1787044745391891,l_left,4,outgoing,256,02:00:00:00:00:01,02:00:00:00:00:02,0x88b5,reverse,1,341
472,1787044745391906,l_left,4,outgoing,256,02:00:00:00:00:01,02:00:00:00:00:02,0x88b5,reverse,1,342
473,1787044745391920,l_left,4,outgoing,256,02:00:00:00:00:01,02:00:00:00:00:02,0x88b5,reverse,1,343
474,1787044745391994,l_left,4,outgoing,256,02:00:00:00:00:01,02:00:00:00:00:02,0x88b5,reverse,1,344
475,1787044745392345,l_left,4,outgoing,256,02:00:00:00:00:01,02:00:00:00:00:02,0x88b5,reverse,1,345
476,1787044745392604,l_left,4,outgoing,256,02:00:00:00:00:01,02:00:00:00:00:02,0x88b5,reverse,1,346
477,1787044745392848,l_left,4,outgoing,256,02:00:00:00:00:01,02:00:00:00:00:02,0x88b5,reverse,1,347
478,1787044745393087,l_left,4,outgoing,256,02:00:00:00:00:01,02:00:00:00:00:02,0x88b5,reverse,1,348
479,1787044745393289,l_left,4,outgoing,256,02:00:00:00:00:01,02:00:00:00:00:02,0x88b5,reverse,1,349
480,1787044745393603,l_left,4,outgoing,256,02:00:00:00:00:01,02:00:00:00:00:02,0x88b5,reverse,1,350
481,1787044745393838,l_left,4,outgoing,256,02:00:00:00:00:01,02:00:00:00:00:02,0x88b5,reverse,1,351
482,1787044745394324,l_left,3,otherhost,256,02:00:00:00:00:02,02:00:00:00:00:01,0x88b5,forward,1,130
483,1787044745394360,l_left,3,otherhost,256,02:00:00:00:00:02,02:00:00:00:00:01,0x88b5,forward,1,131
484,1787044745401490,l_left,3,otherhost,256,02:00:00:00:00:02,02:00:00:00:00:01,0x88b5,forward,1,132
485,1787044745401555,l_left,3,otherhost,256,02:00:00:00:00:02,02:00:00:00:00:01,0x88b5,forward,1,133
486,1787044745401575,l_left,3,otherhost,256,02:00:00:00:00:02,02:00:00:00:00:01,0x88b5,forward,1,134
487,1787044745401605,l_left,3,otherhost,256,02:00:00:00:00:02,02:00:00:00:00:01,0x88b5,forward,1,135
488,1787044745401861,l_left,4,outgoing,256,02:00:00:00:00:01,02:00:00:00:00:02,0x88b5,reverse,1,352
489,1787044745401898,l_left,4,outgoing,256,02:00:00:00:00:01,02:00:00:00:00:02,0x88b5,reverse,1,353
490,1787044745602054,l_left,4,outgoing,256,02:00:00:00:00:01,02:00:00:00:00:02,0x88b5,reverse,1,354
491,1787044745602118,l_left,4,outgoing,256,02:00:00:00:00:01,02:00:00:00:00:02,0x88b5,reverse,1,355
492,1787044745602140,l_left,4,outgoing,256,02:00:00:00:00:01,02:00:00:00:00:02,0x88b5,reverse,1,356
493,1787044745602157,l_left,4,outgoing,256,02:00:00:00:00:01,02:00:00:00:00:02,0x88b5,reverse,1,357
494,1787044745602172,l_left,4,outgoing,256,02:00:00:00:00:01,02:00:00:00:00:02,0x88b5,reverse,1,358
495,1787044745602200,l_left,4,outgoing,256,02:00:00:00:00:01,02:00:00:00:00:02,0x88b5,reverse,1,359
496,1787044745602217,l_left,4,outgoing,256,02:00:00:00:00:01,02:00:00:00:00:02,0x88b5,reverse,1,360
497,1787044745602236,l_left,4,outgoing,256,02:00:00:00:00:01,02:00:00:00:00:02,0x88b5,reverse,1,361
498,1787044745602605,l_left,4,outgoing,256,02:00:00:00:00:01,02:00:00:00:00:02,0x88b5,reverse,1,362
499,1787044745602856,l_left,4,outgoing,256,02:00:00:00:00:01,02:00:00:00:00:02,0x88b5,reverse,1,363
500,1787044745603118,l_left,4,outgoing,256,02:00:00:00:00:01,02:00:00:00:00:02,0x88b5,reverse,1,364
501,1787044745603380,l_left,4,outgoing,256,02:00:00:00:00:01,02:00:00:00:00:02,0x88b5,reverse,1,365
502,1787044745603623,l_left,4,outgoing,256,02:00:00:00:00:01,02:00:00:00:00:02,0x88b5,reverse,1,366
503,1787044745603854,l_left,4,outgoing,256,02:00:00:00:00:01,02:00:00:00:00:02,0x88b5,reverse,1,367
504,1787044745604391,l_left,3,otherhost,256,02:00:00:00:00:02,02:00:00:00:00:01,0x88b5,forward,1,136
505,1787044745604430,l_left,3,otherhost,256,02:00:00:00:00:02,02:00:00:00:00:01,0x88b5,forward,1,137
506,1787044745610776,l_left,3,otherhost,256,02:00:00:00:00:02,02:00:00:00:00:01,0x88b5,forward,1,138
507,1787044745610812,l_left,3,otherhost,256,02:00:00:00:00:02,02:00:00:00:00:01,0x88b5,forward,1,139
508,1787044745611103,l_left,3,otherhost,256,02:00:00:00:00:02,02:00:00:00:00:01,0x88b5,forward,1,140
509,1787044745611260,l_left,3,otherhost,256,02:00:00:00:00:02,02:00:00:00:00:01,0x88b5,forward,1,141
510,1787044745611931,l_left,4,outgoing,256,02:00:00:00:00:01,02:00:00:00:00:02,0x88b5,reverse,1,368
511,1787044745611961,l_left,4,outgoing,256,02:00:00:00:00:01,02:00:00:00:00:02,0x88b5,reverse,1,369
512,1787044745811557,l_left,4,outgoing,256,02:00:00:00:00:01,02:00:00:00:00:02,0x88b5,reverse,1,370
513,1787044745811630,l_left,4,outgoing,256,02:00:00:00:00:01,02:00:00:00:00:02,0x88b5,reverse,1,371
514,1787044745811665,l_left,4,outgoing,256,02:00:00:00:00:01,02:00:00:00:00:02,0x88b5,reverse,1,372
515,1787044745811684,l_left,4,outgoing,256,02:00:00:00:00:01,02:00:00:00:00:02,0x88b5,reverse,1,373
516,1787044745811699,l_left,4,outgoing,256,02:00:00:00:00:01,02:00:00:00:00:02,0x88b5,reverse,1,374
517,1787044745811818,l_left,4,outgoing,256,02:00:00:00:00:01,02:00:00:00:00:02,0x88b5,reverse,1,375
518,1787044745812107,l_left,4,outgoing,256,02:00:00:00:00:01,02:00:00:00:00:02,0x88b5,reverse,1,376
519,1787044745812357,l_left,4,outgoing,256,02:00:00:00:00:01,02:00:00:00:00:02,0x88b5,reverse,1,377
520,1787044745812613,l_left,4,outgoing,256,02:00:00:00:00:01,02:00:00:00:00:02,0x88b5,reverse,1,378
521,1787044745812865,l_left,4,outgoing,256,02:00:00:00:00:01,02:00:00:00:00:02,0x88b5,reverse,1,379
522,1787044745813125,l_left,4,outgoing,256,02:00:00:00:00:01,02:00:00:00:00:02,0x88b5,reverse,1,380
523,1787044745813311,l_left,4,outgoing,256,02:00:00:00:00:01,02:00:00:00:00:02,0x88b5,reverse,1,381
524,1787044745813494,l_left,4,outgoing,256,02:00:00:00:00:01,02:00:00:00:00:02,0x88b5,reverse,1,382
525,1787044745813737,l_left,4,outgoing,256,02:00:00:00:00:01,02:00:00:00:00:02,0x88b5,reverse,1,383
526,1787044745814310,l_left,3,otherhost,256,02:00:00:00:00:02,02:00:00:00:00:01,0x88b5,forward,1,142
527,1787044745814335,l_left,3,otherhost,256,02:00:00:00:00:02,02:00:00:00:00:01,0x88b5,forward,1,143
528,1787044745821020,l_left,3,otherhost,256,02:00:00:00:00:02,02:00:00:00:00:01,0x88b5,forward,1,144
529,1787044745821039,l_left,3,otherhost,256,02:00:00:00:00:02,02:00:00:00:00:01,0x88b5,forward,1,145
530,1787044745821053,l_left,3,otherhost,256,02:00:00:00:00:02,02:00:00:00:00:01,0x88b5,forward,1,146
531,1787044745821191,l_left,3,otherhost,256,02:00:00:00:00:02,02:00:00:00:00:01,0x88b5,forward,1,147
532,1787044745821844,l_left,4,outgoing,256,02:00:00:00:00:01,02:00:00:00:00:02,0x88b5,reverse,1,384
533,1787044745821867,l_left,4,outgoing,256,02:00:00:00:00:01,02:00:00:00:00:02,0x88b5,reverse,1,385
534,1787044746021579,l_left,4,outgoing,256,02:00:00:00:00:01,02:00:00:00:00:02,0x88b5,reverse,1,386
535,1787044746021643,l_left,4,outgoing,256,02:00:00:00:00:01,02:00:00:00:00:02,0x88b5,reverse,1,387
536,1787044746021666,l_left,4,outgoing,256,02:00:00:00:00:01,02:00:00:00:00:02,0x88b5,reverse,1,388
537,1787044746021701,l_left,4,outgoing,256,02:00:00:00:00:01,02:00:00:00:00:02,0x88b5,reverse,1,389
538,1787044746021739,l_left,4,outgoing,256,02:00:00:00:00:01,02:00:00:00:00:02,0x88b5,reverse,1,390
539,1787044746021760,l_left,4,outgoing,256,02:00:00:00:00:01,02:00:00:00:00:02,0x88b5,reverse,1,391
540,1787044746022094,l_left,4,outgoing,256,02:00:00:00:00:01,02:00:00:00:00:02,0x88b5,reverse,1,392
541,1787044746022373,l_left,4,outgoing,256,02:00:00:00:00:01,02:00:00:00:00:02,0x88b5,reverse,1,393
542,1787044746022616,l_left,4,outgoing,256,02:00:00:00:00:01,02:00:00:00:00:02,0x88b5,reverse,1,394
543,1787044746022872,l_left,4,outgoing,256,02:00:00:00:00:01,02:00:00:00:00:02,0x88b5,reverse,1,395
544,1787044746023100,l_left,4,outgoing,256,02:00:00:00:00:01,02:00:00:00:00:02,0x88b5,reverse,1,396
545,1787044746023326,l_left,4,outgoing,256,02:00:00:00:00:01,02:00:00:00:00:02,0x88b5,reverse,1,397
546,1787044746023567,l_left,4,outgoing,256,02:00:00:00:00:01,02:00:00:00:00:02,0x88b5,reverse,1,398
547,1787044746023775,l_left,4,outgoing,256,02:00:00:00:00:01,02:00:00:00:00:02,0x88b5,reverse,1,399
548,1787044746025010,l_left,3,otherhost,256,02:00:00:00:00:02,02:00:00:00:00:01,0x88b5,forward,1,148
549,1787044746025048,l_left,3,otherhost,256,02:00:00:00:00:02,02:00:00:00:00:01,0x88b5,forward,1,149
550,1787044746030717,l_left,3,otherhost,256,02:00:00:00:00:02,02:00:00:00:00:01,0x88b5,forward,1,150
551,1787044746030754,l_left,3,otherhost,256,02:00:00:00:00:02,02:00:00:00:00:01,0x88b5,forward,1,151
552,1787044746030988,l_left,3,otherhost,256,02:00:00:00:00:02,02:00:00:00:00:01,0x88b5,forward,1,152
553,1787044746031230,l_left,3,otherhost,256,02:00:00:00:00:02,02:00:00:00:00:01,0x88b5,forward,1,153
554,1787044746031792,l_left,4,outgoing,256,02:00:00:00:00:01,02:00:00:00:00:02,0x88b5,reverse,1,400
555,1787044746031816,l_left,4,outgoing,256,02:00:00:00:00:01,02:00:00:00:00:02,0x88b5,reverse,1,401
556,1787044746231529,l_left,4,outgoing,256,02:00:00:00:00:01,02:00:00:00:00:02,0x88b5,reverse,1,402
557,1787044746231594,l_left,4,outgoing,256,02:00:00:00:00:01,02:00:00:00:00:02,0x88b5,reverse,1,403
558,1787044746231617,l_left,4,outgoing,256,02:00:00:00:00:01,02:00:00:00:00:02,0x88b5,reverse,1,404
559,1787044746231635,l_left,4,outgoing,256,02:00:00:00:00:01,02:00:00:00:00:02,0x88b5,reverse,1,405
560,1787044746231653,l_left,4,outgoing,256,02:00:00:00:00:01,02:00:00:00:00:02,0x88b5,reverse,1,406
561,1787044746231951,l_left,4,outgoing,256,02:00:00:00:00:01,02:00:00:00:00:02,0x88b5,reverse,1,407
562,1787044746232033,l_left,4,outgoing,256,02:00:00:00:00:01,02:00:00:00:00:02,0x88b5,reverse,1,408
563,1787044746232357,l_left,4,outgoing,256,02:00:00:00:00:01,02:00:00:00:00:02,0x88b5,reverse,1,409
564,1787044746232615,l_left,4,outgoing,256,02:00:00:00:00:01,02:00:00:00:00:02,0x88b5,reverse,1,410
565,1787044746232829,l_left,4,outgoing,256,02:00:00:00:00:01,02:00:00:00:00:02,0x88b5,reverse,1,411
566,1787044746233106,l_left,4,outgoing,256,02:00:00:00:00:01,02:00:00:00:00:02,0x88b5,reverse,1,412
567,1787044746233265,l_left,4,outgoing,256,02:00:00:00:00:01,02:00:00:00:00:02,0x88b5,reverse,1,413
568,1787044746233547,l_left,4,outgoing,256,02:00:00:00:00:01,02:00:00:00:00:02,0x88b5,reverse,1,414
569,1787044746233783,l_left,4,outgoing,256,02:00:00:00:00:01,02:00:00:00:00:02,0x88b5,reverse,1,415
570,1787044746234313,l_left,3,otherhost,256,02:00:00:00:00:02,02:00:00:00:00:01,0x88b5,forward,1,154
571,1787044746234331,l_left,3,otherhost,256,02:00:00:00:00:02,02:00:00:00:00:01,0x88b5,forward,1,155
572,1787044746240768,l_left,3,otherhost,256,02:00:00:00:00:02,02:00:00:00:00:01,0x88b5,forward,1,156
573,1787044746240785,l_left,3,otherhost,256,02:00:00:00:00:02,02:00:00:00:00:01,0x88b5,forward,1,157
574,1787044746240982,l_left,3,otherhost,256,02:00:00:00:00:02,02:00:00:00:00:01,0x88b5,forward,1,158
575,1787044746241188,l_left,3,otherhost,256,02:00:00:00:00:02,02:00:00:00:00:01,0x88b5,forward,1,159
576,1787044746241859,l_left,4,outgoing,256,02:00:00:00:00:01,02:00:00:00:00:02,0x88b5,reverse,1,416
577,1787044746241900,l_left,4,outgoing,256,02:00:00:00:00:01,02:00:00:00:00:02,0x88b5,reverse,1,417
578,1787044746441803,l_left,4,outgoing,256,02:00:00:00:00:01,02:00:00:00:00:02,0x88b5,reverse,1,418
579,1787044746441885,l_left,4,outgoing,256,02:00:00:00:00:01,02:00:00:00:00:02,0x88b5,reverse,1,419
580,1787044746441908,l_left,4,outgoing,256,02:00:00:00:00:01,02:00:00:00:00:02,0x88b5,reverse,1,420
581,1787044746441926,l_left,4,outgoing,256,02:00:00:00:00:01,02:00:00:00:00:02,0x88b5,reverse,1,421
582,1787044746441941,l_left,4,outgoing,256,02:00:00:00:00:01,02:00:00:00:00:02,0x88b5,reverse,1,422
583,1787044746441955,l_left,4,outgoing,256,02:00:00:00:00:01,02:00:00:00:00:02,0x88b5,reverse,1,423
584,1787044746441988,l_left,4,outgoing,256,02:00:00:00:00:01,02:00:00:00:00:02,0x88b5,reverse,1,424
585,1787044746442358,l_left,4,outgoing,256,02:00:00:00:00:01,02:00:00:00:00:02,0x88b5,reverse,1,425
586,1787044746442601,l_left,4,outgoing,256,02:00:00:00:00:01,02:00:00:00:00:02,0x88b5,reverse,1,426
587,1787044746442845,l_left,4,outgoing,256,02:00:00:00:00:01,02:00:00:00:00:02,0x88b5,reverse,1,427
588,1787044746443097,l_left,4,outgoing,256,02:00:00:00:00:01,02:00:00:00:00:02,0x88b5,reverse,1,428
589,1787044746443342,l_left,4,outgoing,256,02:00:00:00:00:01,02:00:00:00:00:02,0x88b5,reverse,1,429
590,1787044746443559,l_left,4,outgoing,256,02:00:00:00:00:01,02:00:00:00:00:02,0x88b5,reverse,1,430
591,1787044746443806,l_left,4,outgoing,256,02:00:00:00:00:01,02:00:00:00:00:02,0x88b5,reverse,1,431
592,1787044746444365,l_left,3,otherhost,256,02:00:00:00:00:02,02:00:00:00:00:01,0x88b5,forward,1,160
593,1787044746444407,l_left,3,otherhost,256,02:00:00:00:00:02,02:00:00:00:00:01,0x88b5,forward,1,161
594,1787044746450791,l_left,3,otherhost,256,02:00:00:00:00:02,02:00:00:00:00:01,0x88b5,forward,1,162
595,1787044746450827,l_left,3,otherhost,256,02:00:00:00:00:02,02:00:00:00:00:01,0x88b5,forward,1,163
596,1787044746450989,l_left,3,otherhost,256,02:00:00:00:00:02,02:00:00:00:00:01,0x88b5,forward,1,164
597,1787044746451234,l_left,3,otherhost,256,02:00:00:00:00:02,02:00:00:00:00:01,0x88b5,forward,1,165
598,1787044746451836,l_left,4,outgoing,256,02:00:00:00:00:01,02:00:00:00:00:02,0x88b5,reverse,1,432
599,1787044746451872,l_left,4,outgoing,256,02:00:00:00:00:01,02:00:00:00:00:02,0x88b5,reverse,1,433
600,1787044746651957,l_left,4,outgoing,256,02:00:00:00:00:01,02:00:00:00:00:02,0x88b5,reverse,1,434
601,1787044746652020,l_left,4,outgoing,256,02:00:00:00:00:01,02:00:00:00:00:02,0x88b5,reverse,1,435
602,1787044746652049,l_left,4,outgoing,256,02:00:00:00:00:01,02:00:00:00:00:02,0x88b5,reverse,1,436
603,1787044746652065,l_left,4,outgoing,256,02:00:00:00:00:01,02:00:00:00:00:02,0x88b5,reverse,1,437
604,1787044746652084,l_left,4,outgoing,256,02:00:00:00:00:01,02:00:00:00:00:02,0x88b5,reverse,1,438
605,1787044746652099,l_left,4,outgoing,256,02:00:00:00:00:01,02:00:00:00:00:02,0x88b5,reverse,1,439
606,1787044746652113,l_left,4,outgoing,256,02:00:00:00:00:01,02:00:00:00:00:02,0x88b5,reverse,1,440
607,1787044746652346,l_left,4,outgoing,256,02:00:00:00:00:01,02:00:00:00:00:02,0x88b5,reverse,1,441
608,1787044746652596,l_left,4,outgoing,256,02:00:00:00:00:01,02:00:00:00:00:02,0x88b5,reverse,1,442
609,1787044746652848,l_left,4,outgoing,256,02:00:00:00:00:01,02:00:00:00:00:02,0x88b5,reverse,1,443
610,1787044746653102,l_left,4,outgoing,256,02:00:00:00:00:01,02:00:00:00:00:02,0x88b5,reverse,1,444
611,1787044746653274,l_left,4,outgoing,256,02:00:00:00:00:01,02:00:00:00:00:02,0x88b5,reverse,1,445
612,1787044746653596,l_left,4,outgoing,256,02:00:00:00:00:01,02:00:00:00:00:02,0x88b5,reverse,1,446
613,1787044746653838,l_left,4,outgoing,256,02:00:00:00:00:01,02:00:00:00:00:02,0x88b5,reverse,1,447
614,1787044746654191,l_left,3,otherhost,256,02:00:00:00:00:02,02:00:00:00:00:01,0x88b5,forward,1,166
615,1787044746654220,l_left,3,otherhost,256,02:00:00:00:00:02,02:00:00:00:00:01,0x88b5,forward,1,167
616,1787044746660960,l_left,3,otherhost,256,02:00:00:00:00:02,02:00:00:00:00:01,0x88b5,forward,1,168
617,1787044746660996,l_left,3,otherhost,256,02:00:00:00:00:02,02:00:00:00:00:01,0x88b5,forward,1,169
618,1787044746661090,l_left,3,otherhost,256,02:00:00:00:00:02,02:00:00:00:00:01,0x88b5,forward,1,170
619,1787044746661166,l_left,3,otherhost,256,02:00:00:00:00:02,02:00:00:00:00:01,0x88b5,forward,1,171
620,1787044746661861,l_left,4,outgoing,256,02:00:00:00:00:01,02:00:00:00:00:02,0x88b5,reverse,1,448
621,1787044746661950,l_left,4,outgoing,256,02:00:00:00:00:01,02:00:00:00:00:02,0x88b5,reverse,1,449
622,1787044746861837,l_left,4,outgoing,256,02:00:00:00:00:01,02:00:00:00:00:02,0x88b5,reverse,1,450
623,1787044746861899,l_left,4,outgoing,256,02:00:00:00:00:01,02:00:00:00:00:02,0x88b5,reverse,1,451
624,1787044746861920,l_left,4,outgoing,256,02:00:00:00:00:01,02:00:00:00:00:02,0x88b5,reverse,1,452
625,1787044746861937,l_left,4,outgoing,256,02:00:00:00:00:01,02:00:00:00:00:02,0x88b5,reverse,1,453
626,1787044746861952,l_left,4,outgoing,256,02:00:00:00:00:01,02:00:00:00:00:02,0x88b5,reverse,1,454
627,1787044746861967,l_left,4,outgoing,256,02:00:00:00:00:01,02:00:00:00:00:02,0x88b5,reverse,1,455
628,1787044746862219,l_left,4,outgoing,256,02:00:00:00:00:01,02:00:00:00:00:02,0x88b5,reverse,1,456
629,1787044746862478,l_left,4,outgoing,256,02:00:00:00:00:01,02:00:00:00:00:02,0x88b5,reverse,1,457
630,1787044746862536,l_left,4,outgoing,256,02:00:00:00:00:01,02:00:00:00:00:02,0x88b5,reverse,1,458
631,1787044746862848,l_left,4,outgoing,256,02:00:00:00:00:01,02:00:00:00:00:02,0x88b5,reverse,1,459
632,1787044746863098,l_left,4,outgoing,256,02:00:00:00:00:01,02:00:00:00:00:02,0x88b5,reverse,1,460
633,1787044746863348,l_left,4,outgoing,256,02:00:00:00:00:01,02:00:00:00:00:02,0x88b5,reverse,1,461
634,1787044746863601,l_left,4,outgoing,256,02:00:00:00:00:01,02:00:00:00:00:02,0x88b5,reverse,1,462
635,1787044746863822,l_left,4,outgoing,256,02:00:00:00:00:01,02:00:00:00:00:02,0x88b5,reverse,1,463
636,1787044746864316,l_left,3,otherhost,256,02:00:00:00:00:02,02:00:00:00:00:01,0x88b5,forward,1,172
637,1787044746864334,l_left,3,otherhost,256,02:00:00:00:00:02,02:00:00:00:00:01,0x88b5,forward,1,173
638,1787044746870825,l_left,3,otherhost,256,02:00:00:00:00:02,02:00:00:00:00:01,0x88b5,forward,1,174
639,1787044746870876,l_left,3,otherhost,256,02:00:00:00:00:02,02:00:00:00:00:01,0x88b5,forward,1,175
640,1787044746871115,l_left,3,otherhost,256,02:00:00:00:00:02,02:00:00:00:00:01,0x88b5,forward,1,176
641,1787044746871232,l_left,3,otherhost,256,02:00:00:00:00:02,02:00:00:00:00:01,0x88b5,forward,1,177
642,1787044746872010,l_left,4,outgoing,256,02:00:00:00:00:01,02:00:00:00:00:02,0x88b5,reverse,1,464
643,1787044746872047,l_left,4,outgoing,256,02:00:00:00:00:01,02:00:00:00:00:02,0x88b5,reverse,1,465
644,1787044747071991,l_left,4,outgoing,256,02:00:00:00:00:01,02:00:00:00:00:02,0x88b5,reverse,1,466
645,1787044747072055,l_left,4,outgoing,256,02:00:00:00:00:01,02:00:00:00:00:02,0x88b5,reverse,1,467
646,1787044747072077,l_left,4,outgoing,256,02:00:00:00:00:01,02:00:00:00:00:02,0x88b5,reverse,1,468
647,1787044747072097,l_left,4,outgoing,256,02:00:00:00:00:01,02:00:00:00:00:02,0x88b5,reverse,1,469
648,1787044747072112,l_left,4,outgoing,256,02:00:00:00:00:01,02:00:00:00:00:02,0x88b5,reverse,1,470
649,1787044747072126,l_left,4,outgoing,256,02:00:00:00:00:01,02:00:00:00:00:02,0x88b5,reverse,1,471
650,1787044747072140,l_left,4,outgoing,256,02:00:00:00:00:01,02:00:00:00:00:02,0x88b5,reverse,1,472
651,1787044747072353,l_left,4,outgoing,256,02:00:00:00:00:01,02:00:00:00:00:02,0x88b5,reverse,1,473
652,1787044747072572,l_left,4,outgoing,256,02:00:00:00:00:01,02:00:00:00:00:02,0x88b5,reverse,1,474
653,1787044747072847,l_left,4,outgoing,256,02:00:00:00:00:01,02:00:00:00:00:02,0x88b5,reverse,1,475
654,1787044747073097,l_left,4,outgoing,256,02:00:00:00:00:01,02:00:00:00:00:02,0x88b5,reverse,1,476
655,1787044747073315,l_left,4,outgoing,256,02:00:00:00:00:01,02:00:00:00:00:02,0x88b5,reverse,1,477
656,1787044747073604,l_left,4,outgoing,256,02:00:00:00:00:01,02:00:00:00:00:02,0x88b5,reverse,1,478
657,1787044747073862,l_left,4,outgoing,256,02:00:00:00:00:01,02:00:00:00:00:02,0x88b5,reverse,1,479
658,1787044747074202,l_left,3,otherhost,256,02:00:00:00:00:02,02:00:00:00:00:01,0x88b5,forward,1,178
659,1787044747074238,l_left,3,otherhost,256,02:00:00:00:00:02,02:00:00:00:00:01,0x88b5,forward,1,179
660,1787044747080955,l_left,3,otherhost,256,02:00:00:00:00:02,02:00:00:00:00:01,0x88b5,forward,1,180
661,1787044747080991,l_left,3,otherhost,256,02:00:00:00:00:02,02:00:00:00:00:01,0x88b5,forward,1,181
662,1787044747081083,l_left,3,otherhost,256,02:00:00:00:00:02,02:00:00:00:00:01,0x88b5,forward,1,182
663,1787044747081204,l_left,3,otherhost,256,02:00:00:00:00:02,02:00:00:00:00:01,0x88b5,forward,1,183
664,1787044747081811,l_left,4,outgoing,256,02:00:00:00:00:01,02:00:00:00:00:02,0x88b5,reverse,1,480
665,1787044747081835,l_left,4,outgoing,256,02:00:00:00:00:01,02:00:00:00:00:02,0x88b5,reverse,1,481
666,1787044747281526,l_left,4,outgoing,256,02:00:00:00:00:01,02:00:00:00:00:02,0x88b5,reverse,1,482
667,1787044747281589,l_left,4,outgoing,256,02:00:00:00:00:01,02:00:00:00:00:02,0x88b5,reverse,1,483
668,1787044747281611,l_left,4,outgoing,256,02:00:00:00:00:01,02:00:00:00:00:02,0x88b5,reverse,1,484
669,1787044747281652,l_left,4,outgoing,256,02:00:00:00:00:01,02:00:00:00:00:02,0x88b5,reverse,1,485
670,1787044747281667,l_left,4,outgoing,256,02:00:00:00:00:01,02:00:00:00:00:02,0x88b5,reverse,1,486
671,1787044747281982,l_left,4,outgoing,256,02:00:00:00:00:01,02:00:00:00:00:02,0x88b5,reverse,1,487
672,1787044747282018,l_left,4,outgoing,256,02:00:00:00:00:01,02:00:00:00:00:02,0x88b5,reverse,1,488
673,1787044747282348,l_left,4,outgoing,256,02:00:00:00:00:01,02:00:00:00:00:02,0x88b5,reverse,1,489
674,1787044747282597,l_left,4,outgoing,256,02:00:00:00:00:01,02:00:00:00:00:02,0x88b5,reverse,1,490
675,1787044747282847,l_left,4,outgoing,256,02:00:00:00:00:01,02:00:00:00:00:02,0x88b5,reverse,1,491
676,1787044747283098,l_left,4,outgoing,256,02:00:00:00:00:01,02:00:00:00:00:02,0x88b5,reverse,1,492
677,1787044747283337,l_left,4,outgoing,256,02:00:00:00:00:01,02:00:00:00:00:02,0x88b5,reverse,1,493
678,1787044747283526,l_left,4,outgoing,256,02:00:00:00:00:01,02:00:00:00:00:02,0x88b5,reverse,1,494
679,1787044747283773,l_left,4,outgoing,256,02:00:00:00:00:01,02:00:00:00:00:02,0x88b5,reverse,1,495
680,1787044747284229,l_left,3,otherhost,256,02:00:00:00:00:02,02:00:00:00:00:01,0x88b5,forward,1,184
681,1787044747284253,l_left,3,otherhost,256,02:00:00:00:00:02,02:00:00:00:00:01,0x88b5,forward,1,185
682,1787044747290733,l_left,3,otherhost,256,02:00:00:00:00:02,02:00:00:00:00:01,0x88b5,forward,1,186
683,1787044747290769,l_left,3,otherhost,256,02:00:00:00:00:02,02:00:00:00:00:01,0x88b5,forward,1,187
684,1787044747290982,l_left,3,otherhost,256,02:00:00:00:00:02,02:00:00:00:00:01,0x88b5,forward,1,188
685,1787044747291229,l_left,3,otherhost,256,02:00:00:00:00:02,02:00:00:00:00:01,0x88b5,forward,1,189
686,1787044747291782,l_left,4,outgoing,256,02:00:00:00:00:01,02:00:00:00:00:02,0x88b5,reverse,1,496
687,1787044747291798,l_left,4,outgoing,256,02:00:00:00:00:01,02:00:00:00:00:02,0x88b5,reverse,1,497
688,1787044747491871,l_left,4,outgoing,256,02:00:00:00:00:01,02:00:00:00:00:02,0x88b5,reverse,1,498
689,1787044747491944,l_left,4,outgoing,256,02:00:00:00:00:01,02:00:00:00:00:02,0x88b5,reverse,1,499
690,1787044747491967,l_left,4,outgoing,256,02:00:00:00:00:01,02:00:00:00:00:02,0x88b5,reverse,1,500
691,1787044747491983,l_left,4,outgoing,256,02:00:00:00:00:01,02:00:00:00:00:02,0x88b5,reverse,1,501
692,1787044747491997,l_left,4,outgoing,256,02:00:00:00:00:01,02:00:00:00:00:02,0x88b5,reverse,1,502
693,1787044747492011,l_left,4,outgoing,256,02:00:00:00:00:01,02:00:00:00:00:02,0x88b5,reverse,1,503
694,1787044747492060,l_left,4,outgoing,256,02:00:00:00:00:01,02:00:00:00:00:02,0x88b5,reverse,1,504
695,1787044747492336,l_left,4,outgoing,256,02:00:00:00:00:01,02:00:00:00:00:02,0x88b5,reverse,1,505
696,1787044747492598,l_left,4,outgoing,256,02:00:00:00:00:01,02:00:00:00:00:02,0x88b5,reverse,1,506
697,1787044747492847,l_left,4,outgoing,256,02:00:00:00:00:01,02:00:00:00:00:02,0x88b5,reverse,1,507
698,1787044747493087,l_left,4,outgoing,256,02:00:00:00:00:01,02:00:00:00:00:02,0x88b5,reverse,1,508
699,1787044747493285,l_left,4,outgoing,256,02:00:00:00:00:01,02:00:00:00:00:02,0x88b5,reverse,1,509
700,1787044747493603,l_left,4,outgoing,256,02:00:00:00:00:01,02:00:00:00:00:02,0x88b5,reverse,1,510
701,1787044747493803,l_left,4,outgoing,256,02:00:00:00:00:01,02:00:00:00:00:02,0x88b5,reverse,1,511
702,1787044747494123,l_left,3,otherhost,256,02:00:00:00:00:02,02:00:00:00:00:01,0x88b5,forward,1,190
703,1787044747494218,l_left,3,otherhost,256,02:00:00:00:00:02,02:00:00:00:00:01,0x88b5,forward,1,191
704,1787044747500905,l_left,3,otherhost,256,02:00:00:00:00:02,02:00:00:00:00:01,0x88b5,forward,1,192
705,1787044747500952,l_left,3,otherhost,256,02:00:00:00:00:02,02:00:00:00:00:01,0x88b5,forward,1,193
706,1787044747501036,l_left,3,otherhost,256,02:00:00:00:00:02,02:00:00:00:00:01,0x88b5,forward,1,194
707,1787044747501188,l_left,3,otherhost,256,02:00:00:00:00:02,02:00:00:00:00:01,0x88b5,forward,1,195
708,1787044747501722,l_left,4,outgoing,256,02:00:00:00:00:01,02:00:00:00:00:02,0x88b5,reverse,1,512
709,1787044747501740,l_left,4,outgoing,256,02:00:00:00:00:01,02:00:00:00:00:02,0x88b5,reverse,1,513
710,1787044747701814,l_left,4,outgoing,256,02:00:00:00:00:01,02:00:00:00:00:02,0x88b5,reverse,1,514
711,1787044747701878,l_left,4,outgoing,256,02:00:00:00:00:01,02:00:00:00:00:02,0x88b5,reverse,1,515
712,1787044747701907,l_left,4,outgoing,256,02:00:00:00:00:01,02:00:00:00:00:02,0x88b5,reverse,1,516
713,1787044747701926,l_left,4,outgoing,256,02:00:00:00:00:01,02:00:00:00:00:02,0x88b5,reverse,1,517
714,1787044747701942,l_left,4,outgoing,256,02:00:00:00:00:01,02:00:00:00:00:02,0x88b5,reverse,1,518
715,1787044747701956,l_left,4,outgoing,256,02:00:00:00:00:01,02:00:00:00:00:02,0x88b5,reverse,1,519
716,1787044747701989,l_left,4,outgoing,256,02:00:00:00:00:01,02:00:00:00:00:02,0x88b5,reverse,1,520
717,1787044747702346,l_left,4,outgoing,256,02:00:00:00:00:01,02:00:00:00:00:02,0x88b5,reverse,1,521
718,1787044747702603,l_left,4,outgoing,256,02:00:00:00:00:01,02:00:00:00:00:02,0x88b5,reverse,1,522
719,1787044747702848,l_left,4,outgoing,256,02:00:00:00:00:01,02:00:00:00:00:02,0x88b5,reverse,1,523
720,1787044747703096,l_left,4,outgoing,256,02:00:00:00:00:01,02:00:00:00:00:02,0x88b5,reverse,1,524
721,1787044747703355,l_left,4,outgoing,256,02:00:00:00:00:01,02:00:00:00:00:02,0x88b5,reverse,1,525
722,1787044747703659,l_left,4,outgoing,256,02:00:00:00:00:01,02:00:00:00:00:02,0x88b5,reverse,1,526
723,1787044747703947,l_left,4,outgoing,256,02:00:00:00:00:01,02:00:00:00:00:02,0x88b5,reverse,1,527
724,1787044747704322,l_left,3,otherhost,256,02:00:00:00:00:02,02:00:00:00:00:01,0x88b5,forward,1,196
725,1787044747704358,l_left,3,otherhost,256,02:00:00:00:00:02,02:00:00:00:00:01,0x88b5,forward,1,197
726,1787044747710804,l_left,3,otherhost,256,02:00:00:00:00:02,02:00:00:00:00:01,0x88b5,forward,1,198
727,1787044747710840,l_left,3,otherhost,256,02:00:00:00:00:02,02:00:00:00:00:01,0x88b5,forward,1,199
728,1787044747710982,l_left,3,otherhost,256,02:00:00:00:00:02,02:00:00:00:00:01,0x88b5,forward,1,200
729,1787044747711230,l_left,3,otherhost,256,02:00:00:00:00:02,02:00:00:00:00:01,0x88b5,forward,1,201
730,1787044747711810,l_left,4,outgoing,256,02:00:00:00:00:01,02:00:00:00:00:02,0x88b5,reverse,1,528
731,1787044747711841,l_left,4,outgoing,256,02:00:00:00:00:01,02:00:00:00:00:02,0x88b5,reverse,1,529
732,1787044747911612,l_left,4,outgoing,256,02:00:00:00:00:01,02:00:00:00:00:02,0x88b5,reverse,1,530
733,1787044747911675,l_left,4,outgoing,256,02:00:00:00:00:01,02:00:00:00:00:02,0x88b5,reverse,1,531
734,1787044747911697,l_left,4,outgoing,256,02:00:00:00:00:01,02:00:00:00:00:02,0x88b5,reverse,1,532
735,1787044747911713,l_left,4,outgoing,256,02:00:00:00:00:01,02:00:00:00:00:02,0x88b5,reverse,1,533
736,1787044747911729,l_left,4,outgoing,256,02:00:00:00:00:01,02:00:00:00:00:02,0x88b5,reverse,1,534
737,1787044747911744,l_left,4,outgoing,256,02:00:00:00:00:01,02:00:00:00:00:02,0x88b5,reverse,1,535
738,1787044747912097,l_left,4,outgoing,256,02:00:00:00:00:01,02:00:00:00:00:02,0x88b5,reverse,1,536
739,1787044747912347,l_left,4,outgoing,256,02:00:00:00:00:01,02:00:00:00:00:02,0x88b5,reverse,1,537
740,1787044747912596,l_left,4,outgoing,256,02:00:00:00:00:01,02:00:00:00:00:02,0x88b5,reverse,1,538
741,1787044747912847,l_left,4,outgoing,256,02:00:00:00:00:01,02:00:00:00:00:02,0x88b5,reverse,1,539
742,1787044747913104,l_left,4,outgoing,256,02:00:00:00:00:01,02:00:00:00:00:02,0x88b5,reverse,1,540
743,1787044747913428,l_left,4,outgoing,256,02:00:00:00:00:01,02:00:00:00:00:02,0x88b5,reverse,1,541
744,1787044747913608,l_left,4,outgoing,256,02:00:00:00:00:01,02:00:00:00:00:02,0x88b5,reverse,1,542
745,1787044747913846,l_left,4,outgoing,256,02:00:00:00:00:01,02:00:00:00:00:02,0x88b5,reverse,1,543
746,1787044747914125,l_left,3,otherhost,256,02:00:00:00:00:02,02:00:00:00:00:01,0x88b5,forward,1,202
747,1787044747914238,l_left,3,otherhost,256,02:00:00:00:00:02,02:00:00:00:00:01,0x88b5,forward,1,203
748,1787044747921323,l_left,3,otherhost,256,02:00:00:00:00:02,02:00:00:00:00:01,0x88b5,forward,1,204
749,1787044747921394,l_left,3,otherhost,256,02:00:00:00:00:02,02:00:00:00:00:01,0x88b5,forward,1,205
750,1787044747921415,l_left,3,otherhost,256,02:00:00:00:00:02,02:00:00:00:00:01,0x88b5,forward,1,206
751,1787044747921431,l_left,3,otherhost,256,02:00:00:00:00:02,02:00:00:00:00:01,0x88b5,forward,1,207
752,1787044747921927,l_left,4,outgoing,256,02:00:00:00:00:01,02:00:00:00:00:02,0x88b5,reverse,1,544
753,1787044747921964,l_left,4,outgoing,256,02:00:00:00:00:01,02:00:00:00:00:02,0x88b5,reverse,1,545
754,1787044748121949,l_left,4,outgoing,256,02:00:00:00:00:01,02:00:00:00:00:02,0x88b5,reverse,1,546
755,1787044748122013,l_left,4,outgoing,256,02:00:00:00:00:01,02:00:00:00:00:02,0x88b5,reverse,1,547
756,1787044748122035,l_left,4,outgoing,256,02:00:00:00:00:01,02:00:00:00:00:02,0x88b5,reverse,1,548
757,1787044748122057,l_left,4,outgoing,256,02:00:00:00:00:01,02:00:00:00:00:02,0x88b5,reverse,1,549
758,1787044748122073,l_left,4,outgoing,256,02:00:00:00:00:01,02:00:00:00:00:02,0x88b5,reverse,1,550
759,1787044748122088,l_left,4,outgoing,256,02:00:00:00:00:01,02:00:00:00:00:02,0x88b5,reverse,1,551
760,1787044748122102,l_left,4,outgoing,256,02:00:00:00:00:01,02:00:00:00:00:02,0x88b5,reverse,1,552
761,1787044748122345,l_left,4,outgoing,256,02:00:00:00:00:01,02:00:00:00:00:02,0x88b5,reverse,1,553
762,1787044748122599,l_left,4,outgoing,256,02:00:00:00:00:01,02:00:00:00:00:02,0x88b5,reverse,1,554
763,1787044748122854,l_left,4,outgoing,256,02:00:00:00:00:01,02:00:00:00:00:02,0x88b5,reverse,1,555
764,1787044748123099,l_left,4,outgoing,256,02:00:00:00:00:01,02:00:00:00:00:02,0x88b5,reverse,1,556
765,1787044748123350,l_left,4,outgoing,256,02:00:00:00:00:01,02:00:00:00:00:02,0x88b5,reverse,1,557
766,1787044748123597,l_left,4,outgoing,256,02:00:00:00:00:01,02:00:00:00:00:02,0x88b5,reverse,1,558
767,1787044748123903,l_left,4,outgoing,256,02:00:00:00:00:01,02:00:00:00:00:02,0x88b5,reverse,1,559
768,1787044748124206,l_left,3,otherhost,256,02:00:00:00:00:02,02:00:00:00:00:01,0x88b5,forward,1,208
769,1787044748124242,l_left,3,otherhost,256,02:00:00:00:00:02,02:00:00:00:00:01,0x88b5,forward,1,209
770,1787044748130732,l_left,3,otherhost,256,02:00:00:00:00:02,02:00:00:00:00:01,0x88b5,forward,1,210
771,1787044748130777,l_left,3,otherhost,256,02:00:00:00:00:02,02:00:00:00:00:01,0x88b5,forward,1,211
772,1787044748130985,l_left,3,otherhost,256,02:00:00:00:00:02,02:00:00:00:00:01,0x88b5,forward,1,212
773,1787044748131229,l_left,3,otherhost,256,02:00:00:00:00:02,02:00:00:00:00:01,0x88b5,forward,1,213
774,1787044748131809,l_left,4,outgoing,256,02:00:00:00:00:01,02:00:00:00:00:02,0x88b5,reverse,1,560
775,1787044748131836,l_left,4,outgoing,256,02:00:00:00:00:01,02:00:00:00:00:02,0x88b5,reverse,1,561
776,1787044748331571,l_left,4,outgoing,256,02:00:00:00:00:01,02:00:00:00:00:02,0x88b5,reverse,1,562
777,1787044748331634,l_left,4,outgoing,256,02:00:00:00:00:01,02:00:00:00:00:02,0x88b5,reverse,1,563
778,1787044748331655,l_left,4,outgoing,256,02:00:00:00:00:01,02:00:00:00:00:02,0x88b5,reverse,1,564
779,1787044748331671,l_left,4,outgoing,256,02:00:00:00:00:01,02:00:00:00:00:02,0x88b5,reverse,1,565
780,1787044748331686,l_left,4,outgoing,256,02:00:00:00:00:01,02:00:00:00:00:02,0x88b5,reverse,1,566
781,1787044748331745,l_left,4,outgoing,256,02:00:00:00:00:01,02:00:00:00:00:02,0x88b5,reverse,1,567
782,1787044748332095,l_left,4,outgoing,256,02:00:00:00:00:01,02:00:00:00:00:02,0x88b5,reverse,1,568
783,1787044748332346,l_left,4,outgoing,256,02:00:00:00:00:01,02:00:00:00:00:02,0x88b5,reverse,1,569
784,1787044748332608,l_left,4,outgoing,256,02:00:00:00:00:01,02:00:00:00:00:02,0x88b5,reverse,1,570
785,1787044748332850,l_left,4,outgoing,256,02:00:00:00:00:01,02:00:00:00:00:02,0x88b5,reverse,1,571
786,1787044748333098,l_left,4,outgoing,256,02:00:00:00:00:01,02:00:00:00:00:02,0x88b5,reverse,1,572
787,1787044748333274,l_left,4,outgoing,256,02:00:00:00:00:01,02:00:00:00:00:02,0x88b5,reverse,1,573
788,1787044748333566,l_left,4,outgoing,256,02:00:00:00:00:01,02:00:00:00:00:02,0x88b5,reverse,1,574
789,1787044748333755,l_left,4,outgoing,256,02:00:00:00:00:01,02:00:00:00:00:02,0x88b5,reverse,1,575
790,1787044748334899,l_left,3,otherhost,256,02:00:00:00:00:02,02:00:00:00:00:01,0x88b5,forward,1,214
791,1787044748334916,l_left,3,otherhost,256,02:00:00:00:00:02,02:00:00:00:00:01,0x88b5,forward,1,215
792,1787044748340863,l_left,3,otherhost,256,02:00:00:00:00:02,02:00:00:00:00:01,0x88b5,forward,1,216
793,1787044748340899,l_left,3,otherhost,256,02:00:00:00:00:02,02:00:00:00:00:01,0x88b5,forward,1,217
794,1787044748341158,l_left,3,otherhost,256,02:00:00:00:00:02,02:00:00:00:00:01,0x88b5,forward,1,218
795,1787044748341177,l_left,3,otherhost,256,02:00:00:00:00:02,02:00:00:00:00:01,0x88b5,forward,1,219
796,1787044748341779,l_left,4,outgoing,256,02:00:00:00:00:01,02:00:00:00:00:02,0x88b5,reverse,1,576
797,1787044748341803,l_left,4,outgoing,256,02:00:00:00:00:01,02:00:00:00:00:02,0x88b5,reverse,1,577
798,1787044748541758,l_left,4,outgoing,256,02:00:00:00:00:01,02:00:00:00:00:02,0x88b5,reverse,1,578
799,1787044748541830,l_left,4,outgoing,256,02:00:00:00:00:01,02:00:00:00:00:02,0x88b5,reverse,1,579
800,1787044748541851,l_left,4,outgoing,256,02:00:00:00:00:01,02:00:00:00:00:02,0x88b5,reverse,1,580
801,1787044748541876,l_left,4,outgoing,256,02:00:00:00:00:01,02:00:00:00:00:02,0x88b5,reverse,1,581
802,1787044748541893,l_left,4,outgoing,256,02:00:00:00:00:01,02:00:00:00:00:02,0x88b5,reverse,1,582
803,1787044748541908,l_left,4,outgoing,256,02:00:00:00:00:01,02:00:00:00:00:02,0x88b5,reverse,1,583
804,1787044748541987,l_left,4,outgoing,256,02:00:00:00:00:01,02:00:00:00:00:02,0x88b5,reverse,1,584
805,1787044748542365,l_left,4,outgoing,256,02:00:00:00:00:01,02:00:00:00:00:02,0x88b5,reverse,1,585
806,1787044748542597,l_left,4,outgoing,256,02:00:00:00:00:01,02:00:00:00:00:02,0x88b5,reverse,1,586
807,1787044748542846,l_left,4,outgoing,256,02:00:00:00:00:01,02:00:00:00:00:02,0x88b5,reverse,1,587
808,1787044748543096,l_left,4,outgoing,256,02:00:00:00:00:01,02:00:00:00:00:02,0x88b5,reverse,1,588
809,1787044748543348,l_left,4,outgoing,256,02:00:00:00:00:01,02:00:00:00:00:02,0x88b5,reverse,1,589
810,1787044748543531,l_left,4,outgoing,256,02:00:00:00:00:01,02:00:00:00:00:02,0x88b5,reverse,1,590
811,1787044748543787,l_left,4,outgoing,256,02:00:00:00:00:01,02:00:00:00:00:02,0x88b5,reverse,1,591
812,1787044748544264,l_left,3,otherhost,256,02:00:00:00:00:02,02:00:00:00:00:01,0x88b5,forward,1,220
813,1787044748544283,l_left,3,otherhost,256,02:00:00:00:00:02,02:00:00:00:00:01,0x88b5,forward,1,221
814,1787044748550690,l_left,3,otherhost,256,02:00:00:00:00:02,02:00:00:00:00:01,0x88b5,forward,1,222
815,1787044748550727,l_left,3,otherhost,256,02:00:00:00:00:02,02:00:00:00:00:01,0x88b5,forward,1,223
816,1787044748550980,l_left,3,otherhost,256,02:00:00:00:00:02,02:00:00:00:00:01,0x88b5,forward,1,224
817,1787044748551229,l_left,3,otherhost,256,02:00:00:00:00:02,02:00:00:00:00:01,0x88b5,forward,1,225
818,1787044748551838,l_left,4,outgoing,256,02:00:00:00:00:01,02:00:00:00:00:02,0x88b5,reverse,1,592
819,1787044748551879,l_left,4,outgoing,256,02:00:00:00:00:01,02:00:00:00:00:02,0x88b5,reverse,1,593
820,1787044748751937,l_left,4,outgoing,256,02:00:00:00:00:01,02:00:00:00:00:02,0x88b5,reverse,1,594
821,1787044748751999,l_left,4,outgoing,256,02:00:00:00:00:01,02:00:00:00:00:02,0x88b5,reverse,1,595
822,1787044748752021,l_left,4,outgoing,256,02:00:00:00:00:01,02:00:00:00:00:02,0x88b5,reverse,1,596
823,1787044748752038,l_left,4,outgoing,256,02:00:00:00:00:01,02:00:00:00:00:02,0x88b5,reverse,1,597
824,1787044748752053,l_left,4,outgoing,256,02:00:00:00:00:01,02:00:00:00:00:02,0x88b5,reverse,1,598
825,1787044748752067,l_left,4,outgoing,256,02:00:00:00:00:01,02:00:00:00:00:02,0x88b5,reverse,1,599
826,1787044748752084,l_left,4,outgoing,256,02:00:00:00:00:01,02:00:00:00:00:02,0x88b5,reverse,1,600
827,1787044748752353,l_left,4,outgoing,256,02:00:00:00:00:01,02:00:00:00:00:02,0x88b5,reverse,1,601
828,1787044748752603,l_left,4,outgoing,256,02:00:00:00:00:01,02:00:00:00:00:02,0x88b5,reverse,1,602
829,1787044748752849,l_left,4,outgoing,256,02:00:00:00:00:01,02:00:00:00:00:02,0x88b5,reverse,1,603
830,1787044748753105,l_left,4,outgoing,256,02:00:00:00:00:01,02:00:00:00:00:02,0x88b5,reverse,1,604
831,1787044748753275,l_left,4,outgoing,256,02:00:00:00:00:01,02:00:00:00:00:02,0x88b5,reverse,1,605
832,1787044748753596,l_left,4,outgoing,256,02:00:00:00:00:01,02:00:00:00:00:02,0x88b5,reverse,1,606
833,1787044748753837,l_left,4,outgoing,256,02:00:00:00:00:01,02:00:00:00:00:02,0x88b5,reverse,1,607
834,1787044748754239,l_left,3,otherhost,256,02:00:00:00:00:02,02:00:00:00:00:01,0x88b5,forward,1,226
835,1787044748754263,l_left,3,otherhost,256,02:00:00:00:00:02,02:00:00:00:00:01,0x88b5,forward,1,227
836,1787044748760951,l_left,3,otherhost,256,02:00:00:00:00:02,02:00:00:00:00:01,0x88b5,forward,1,228
837,1787044748760987,l_left,3,otherhost,256,02:00:00:00:00:02,02:00:00:00:00:01,0x88b5,forward,1,229
838,1787044748761153,l_left,3,otherhost,256,02:00:00:00:00:02,02:00:00:00:00:01,0x88b5,forward,1,230
839,1787044748761189,l_left,3,otherhost,256,02:00:00:00:00:02,02:00:00:00:00:01,0x88b5,forward,1,231
840,1787044748761827,l_left,4,outgoing,256,02:00:00:00:00:01,02:00:00:00:00:02,0x88b5,reverse,1,608
841,1787044748761852,l_left,4,outgoing,256,02:00:00:00:00:01,02:00:00:00:00:02,0x88b5,reverse,1,609
842,1787044748961551,l_left,4,outgoing,256,02:00:00:00:00:01,02:00:00:00:00:02,0x88b5,reverse,1,610
843,1787044748961614,l_left,4,outgoing,256,02:00:00:00:00:01,02:00:00:00:00:02,0x88b5,reverse,1,611
844,1787044748961636,l_left,4,outgoing,256,02:00:00:00:00:01,02:00:00:00:00:02,0x88b5,reverse,1,612
845,1787044748961653,l_left,4,outgoing,256,02:00:00:00:00:01,02:00:00:00:00:02,0x88b5,reverse,1,613
846,1787044748961671,l_left,4,outgoing,256,02:00:00:00:00:01,02:00:00:00:00:02,0x88b5,reverse,1,614
847,1787044748961829,l_left,4,outgoing,256,02:00:00:00:00:01,02:00:00:00:00:02,0x88b5,reverse,1,615
848,1787044748962097,l_left,4,outgoing,256,02:00:00:00:00:01,02:00:00:00:00:02,0x88b5,reverse,1,616
849,1787044748962346,l_left,4,outgoing,256,02:00:00:00:00:01,02:00:00:00:00:02,0x88b5,reverse,1,617
850,1787044748962597,l_left,4,outgoing,256,02:00:00:00:00:01,02:00:00:00:00:02,0x88b5,reverse,1,618
851,1787044748962848,l_left,4,outgoing,256,02:00:00:00:00:01,02:00:00:00:00:02,0x88b5,reverse,1,619
852,1787044748963097,l_left,4,outgoing,256,02:00:00:00:00:01,02:00:00:00:00:02,0x88b5,reverse,1,620
853,1787044748963346,l_left,4,outgoing,256,02:00:00:00:00:01,02:00:00:00:00:02,0x88b5,reverse,1,621
854,1787044748963590,l_left,4,outgoing,256,02:00:00:00:00:01,02:00:00:00:00:02,0x88b5,reverse,1,622
855,1787044748963754,l_left,4,outgoing,256,02:00:00:00:00:01,02:00:00:00:00:02,0x88b5,reverse,1,623
856,1787044748964193,l_left,3,otherhost,256,02:00:00:00:00:02,02:00:00:00:00:01,0x88b5,forward,1,232
857,1787044748964212,l_left,3,otherhost,256,02:00:00:00:00:02,02:00:00:00:00:01,0x88b5,forward,1,233
858,1787044748970704,l_left,3,otherhost,256,02:00:00:00:00:02,02:00:00:00:00:01,0x88b5,forward,1,234
859,1787044748970737,l_left,3,otherhost,256,02:00:00:00:00:02,02:00:00:00:00:01,0x88b5,forward,1,235
860,1787044748970980,l_left,3,otherhost,256,02:00:00:00:00:02,02:00:00:00:00:01,0x88b5,forward,1,236
861,1787044748971230,l_left,3,otherhost,256,02:00:00:00:00:02,02:00:00:00:00:01,0x88b5,forward,1,237
862,1787044748971772,l_left,4,outgoing,256,02:00:00:00:00:01,02:00:00:00:00:02,0x88b5,reverse,1,624
863,1787044748971797,l_left,4,outgoing,256,02:00:00:00:00:01,02:00:00:00:00:02,0x88b5,reverse,1,625
864,1787044749171934,l_left,4,outgoing,256,02:00:00:00:00:01,02:00:00:00:00:02,0x88b5,reverse,1,626
865,1787044749171998,l_left,4,outgoing,256,02:00:00:00:00:01,02:00:00:00:00:02,0x88b5,reverse,1,627
866,1787044749172020,l_left,4,outgoing,256,02:00:00:00:00:01,02:00:00:00:00:02,0x88b5,reverse,1,628
867,1787044749172037,l_left,4,outgoing,256,02:00:00:00:00:01,02:00:00:00:00:02,0x88b5,reverse,1,629
868,1787044749172059,l_left,4,outgoing,256,02:00:00:00:00:01,02:00:00:00:00:02,0x88b5,reverse,1,630
869,1787044749172073,l_left,4,outgoing,256,02:00:00:00:00:01,02:00:00:00:00:02,0x88b5,reverse,1,631
870,1787044749172087,l_left,4,outgoing,256,02:00:00:00:00:01,02:00:00:00:00:02,0x88b5,reverse,1,632
871,1787044749172345,l_left,4,outgoing,256,02:00:00:00:00:01,02:00:00:00:00:02,0x88b5,reverse,1,633
872,1787044749172599,l_left,4,outgoing,256,02:00:00:00:00:01,02:00:00:00:00:02,0x88b5,reverse,1,634
873,1787044749172851,l_left,4,outgoing,256,02:00:00:00:00:01,02:00:00:00:00:02,0x88b5,reverse,1,635
874,1787044749173099,l_left,4,outgoing,256,02:00:00:00:00:01,02:00:00:00:00:02,0x88b5,reverse,1,636
875,1787044749173334,l_left,4,outgoing,256,02:00:00:00:00:01,02:00:00:00:00:02,0x88b5,reverse,1,637
876,1787044749173574,l_left,4,outgoing,256,02:00:00:00:00:01,02:00:00:00:00:02,0x88b5,reverse,1,638
877,1787044749173819,l_left,4,outgoing,256,02:00:00:00:00:01,02:00:00:00:00:02,0x88b5,reverse,1,639
878,1787044749174176,l_left,3,otherhost,256,02:00:00:00:00:02,02:00:00:00:00:01,0x88b5,forward,1,238
879,1787044749174194,l_left,3,otherhost,256,02:00:00:00:00:02,02:00:00:00:00:01,0x88b5,forward,1,239
880,1787044749181527,l_left,3,otherhost,256,02:00:00:00:00:02,02:00:00:00:00:01,0x88b5,forward,1,240
881,1787044749181590,l_left,3,otherhost,256,02:00:00:00:00:02,02:00:00:00:00:01,0x88b5,forward,1,241
882,1787044749181612,l_left,3,otherhost,256,02:00:00:00:00:02,02:00:00:00:00:01,0x88b5,forward,1,242
883,1787044749181641,l_left,3,otherhost,256,02:00:00:00:00:02,02:00:00:00:00:01,0x88b5,forward,1,243
884,1787044749181780,l_left,4,outgoing,256,02:00:00:00:00:01,02:00:00:00:00:02,0x88b5,reverse,1,640
885,1787044749181809,l_left,4,outgoing,256,02:00:00:00:00:01,02:00:00:00:00:02,0x88b5,reverse,1,641
886,1787044749381611,l_left,4,outgoing,256,02:00:00:00:00:01,02:00:00:00:00:02,0x88b5,reverse,1,642
887,1787044749381673,l_left,4,outgoing,256,02:00:00:00:00:01,02:00:00:00:00:02,0x88b5,reverse,1,643
888,1787044749381714,l_left,4,outgoing,256,02:00:00:00:00:01,02:00:00:00:00:02,0x88b5,reverse,1,644
889,1787044749381731,l_left,4,outgoing,256,02:00:00:00:00:01,02:00:00:00:00:02,0x88b5,reverse,1,645
890,1787044749381747,l_left,4,outgoing,256,02:00:00:00:00:01,02:00:00:00:00:02,0x88b5,reverse,1,646
891,1787044749381769,l_left,4,outgoing,256,02:00:00:00:00:01,02:00:00:00:00:02,0x88b5,reverse,1,647
892,1787044749382086,l_left,4,outgoing,256,02:00:00:00:00:01,02:00:00:00:00:02,0x88b5,reverse,1,648
893,1787044749382348,l_left,4,outgoing,256,02:00:00:00:00:01,02:00:00:00:00:02,0x88b5,reverse,1,649
894,1787044749382597,l_left,4,outgoing,256,02:00:00:00:00:01,02:00:00:00:00:02,0x88b5,reverse,1,650
895,1787044749382847,l_left,4,outgoing,256,02:00:00:00:00:01,02:00:00:00:00:02,0x88b5,reverse,1,651
896,1787044749383102,l_left,4,outgoing,256,02:00:00:00:00:01,02:00:00:00:00:02,0x88b5,reverse,1,652
897,1787044749383353,l_left,4,outgoing,256,02:00:00:00:00:01,02:00:00:00:00:02,0x88b5,reverse,1,653
898,1787044749383597,l_left,4,outgoing,256,02:00:00:00:00:01,02:00:00:00:00:02,0x88b5,reverse,1,654
899,1787044749383776,l_left,4,outgoing,256,02:00:00:00:00:01,02:00:00:00:00:02,0x88b5,reverse,1,655
900,1787044749384378,l_left,3,otherhost,256,02:00:00:00:00:02,02:00:00:00:00:01,0x88b5,forward,1,244
901,1787044749384414,l_left,3,otherhost,256,02:00:00:00:00:02,02:00:00:00:00:01,0x88b5,forward,1,245
902,1787044749390701,l_left,3,otherhost,256,02:00:00:00:00:02,02:00:00:00:00:01,0x88b5,forward,1,246
903,1787044749390734,l_left,3,otherhost,256,02:00:00:00:00:02,02:00:00:00:00:01,0x88b5,forward,1,247
904,1787044749390980,l_left,3,otherhost,256,02:00:00:00:00:02,02:00:00:00:00:01,0x88b5,forward,1,248
905,1787044749391228,l_left,3,otherhost,256,02:00:00:00:00:02,02:00:00:00:00:01,0x88b5,forward,1,249
906,1787044749391772,l_left,4,outgoing,256,02:00:00:00:00:01,02:00:00:00:00:02,0x88b5,reverse,1,656
907,1787044749391795,l_left,4,outgoing,256,02:00:00:00:00:01,02:00:00:00:00:02,0x88b5,reverse,1,657
908,1787044749591524,l_left,4,outgoing,256,02:00:00:00:00:01,02:00:00:00:00:02,0x88b5,reverse,1,658
909,1787044749591587,l_left,4,outgoing,256,02:00:00:00:00:01,02:00:00:00:00:02,0x88b5,reverse,1,659
910,1787044749591623,l_left,4,outgoing,256,02:00:00:00:00:01,02:00:00:00:00:02,0x88b5,reverse,1,660
911,1787044749591641,l_left,4,outgoing,256,02:00:00:00:00:01,02:00:00:00:00:02,0x88b5,reverse,1,661
912,1787044749591661,l_left,4,outgoing,256,02:00:00:00:00:01,02:00:00:00:00:02,0x88b5,reverse,1,662
913,1787044749591849,l_left,4,outgoing,256,02:00:00:00:00:01,02:00:00:00:00:02,0x88b5,reverse,1,663
914,1787044749592097,l_left,4,outgoing,256,02:00:00:00:00:01,02:00:00:00:00:02,0x88b5,reverse,1,664
915,1787044749592354,l_left,4,outgoing,256,02:00:00:00:00:01,02:00:00:00:00:02,0x88b5,reverse,1,665
916,1787044749592606,l_left,4,outgoing,256,02:00:00:00:00:01,02:00:00:00:00:02,0x88b5,reverse,1,666
917,1787044749592849,l_left,4,outgoing,256,02:00:00:00:00:01,02:00:00:00:00:02,0x88b5,reverse,1,667
918,1787044749593087,l_left,4,outgoing,256,02:00:00:00:00:01,02:00:00:00:00:02,0x88b5,reverse,1,668
919,1787044749593235,l_left,4,outgoing,256,02:00:00:00:00:01,02:00:00:00:00:02,0x88b5,reverse,1,669
920,1787044749593556,l_left,4,outgoing,256,02:00:00:00:00:01,02:00:00:00:00:02,0x88b5,reverse,1,670
921,1787044749593750,l_left,4,outgoing,256,02:00:00:00:00:01,02:00:00:00:00:02,0x88b5,reverse,1,671
922,1787044749594184,l_left,3,otherhost,256,02:00:00:00:00:02,02:00:00:00:00:01,0x88b5,forward,1,250
923,1787044749594208,l_left,3,otherhost,256,02:00:00:00:00:02,02:00:00:00:00:01,0x88b5,forward,1,251
924,1787044749600884,l_left,3,otherhost,256,02:00:00:00:00:02,02:00:00:00:00:01,0x88b5,forward,1,252
925,1787044749600920,l_left,3,otherhost,256,02:00:00:00:00:02,02:00:00:00:00:01,0x88b5,forward,1,253
926,1787044749601029,l_left,3,otherhost,256,02:00:00:00:00:02,02:00:00:00:00:01,0x88b5,forward,1,254
927,1787044749601192,l_left,3,otherhost,256,02:00:00:00:00:02,02:00:00:00:00:01,0x88b5,forward,1,255
928,1787044749601691,l_left,4,outgoing,256,02:00:00:00:00:01,02:00:00:00:00:02,0x88b5,reverse,1,672
929,1787044749601718,l_left,4,outgoing,256,02:00:00:00:00:01,02:00:00:00:00:02,0x88b5,reverse,1,673
930,1787044749802055,l_left,4,outgoing,256,02:00:00:00:00:01,02:00:00:00:00:02,0x88b5,reverse,1,674
931,1787044749802121,l_left,4,outgoing,256,02:00:00:00:00:01,02:00:00:00:00:02,0x88b5,reverse,1,675
932,1787044749802142,l_left,4,outgoing,256,02:00:00:00:00:01,02:00:00:00:00:02,0x88b5,reverse,1,676
933,1787044749802164,l_left,4,outgoing,256,02:00:00:00:00:01,02:00:00:00:00:02,0x88b5,reverse,1,677
934,1787044749802179,l_left,4,outgoing,256,02:00:00:00:00:01,02:00:00:00:00:02,0x88b5,reverse,1,678
935,1787044749802194,l_left,4,outgoing,256,02:00:00:00:00:01,02:00:00:00:00:02,0x88b5,reverse,1,679
936,1787044749802209,l_left,4,outgoing,256,02:00:00:00:00:01,02:00:00:00:00:02,0x88b5,reverse,1,680
937,1787044749802287,l_left,4,outgoing,256,02:00:00:00:00:01,02:00:00:00:00:02,0x88b5,reverse,1,681
938,1787044749802603,l_left,4,outgoing,256,02:00:00:00:00:01,02:00:00:00:00:02,0x88b5,reverse,1,682
939,1787044749802851,l_left,4,outgoing,256,02:00:00:00:00:01,02:00:00:00:00:02,0x88b5,reverse,1,683
940,1787044749803097,l_left,4,outgoing,256,02:00:00:00:00:01,02:00:00:00:00:02,0x88b5,reverse,1,684
941,1787044749803350,l_left,4,outgoing,256,02:00:00:00:00:01,02:00:00:00:00:02,0x88b5,reverse,1,685
942,1787044749803604,l_left,4,outgoing,256,02:00:00:00:00:01,02:00:00:00:00:02,0x88b5,reverse,1,686
943,1787044749803840,l_left,4,outgoing,256,02:00:00:00:00:01,02:00:00:00:00:02,0x88b5,reverse,1,687
944,1787044749804297,l_left,3,otherhost,256,02:00:00:00:00:02,02:00:00:00:00:01,0x88b5,forward,1,256
945,1787044749804333,l_left,3,otherhost,256,02:00:00:00:00:02,02:00:00:00:00:01,0x88b5,forward,1,257
946,1787044749810786,l_left,3,otherhost,256,02:00:00:00:00:02,02:00:00:00:00:01,0x88b5,forward,1,258
947,1787044749810823,l_left,3,otherhost,256,02:00:00:00:00:02,02:00:00:00:00:01,0x88b5,forward,1,259
948,1787044749811007,l_left,3,otherhost,256,02:00:00:00:00:02,02:00:00:00:00:01,0x88b5,forward,1,260
949,1787044749811256,l_left,3,otherhost,256,02:00:00:00:00:02,02:00:00:00:00:01,0x88b5,forward,1,261
950,1787044749811798,l_left,4,outgoing,256,02:00:00:00:00:01,02:00:00:00:00:02,0x88b5,reverse,1,688
951,1787044749811822,l_left,4,outgoing,256,02:00:00:00:00:01,02:00:00:00:00:02,0x88b5,reverse,1,689
952,1787044750011430,l_left,4,outgoing,256,02:00:00:00:00:01,02:00:00:00:00:02,0x88b5,reverse,1,690
953,1787044750011494,l_left,4,outgoing,256,02:00:00:00:00:01,02:00:00:00:00:02,0x88b5,reverse,1,691
954,1787044750011524,l_left,4,outgoing,256,02:00:00:00:00:01,02:00:00:00:00:02,0x88b5,reverse,1,692
955,1787044750011549,l_left,4,outgoing,256,02:00:00:00:00:01,02:00:00:00:00:02,0x88b5,reverse,1,693
956,1787044750011567,l_left,4,outgoing,256,02:00:00:00:00:01,02:00:00:00:00:02,0x88b5,reverse,1,694
957,1787044750011846,l_left,4,outgoing,256,02:00:00:00:00:01,02:00:00:00:00:02,0x88b5,reverse,1,695
958,1787044750012097,l_left,4,outgoing,256,02:00:00:00:00:01,02:00:00:00:00:02,0x88b5,reverse,1,696
959,1787044750012348,l_left,4,outgoing,256,02:00:00:00:00:01,02:00:00:00:00:02,0x88b5,reverse,1,697
960,1787044750012572,l_left,4,outgoing,256,02:00:00:00:00:01,02:00:00:00:00:02,0x88b5,reverse,1,698
961,1787044750012825,l_left,4,outgoing,256,02:00:00:00:00:01,02:00:00:00:00:02,0x88b5,reverse,1,699
962,1787044750013057,l_left,4,outgoing,256,02:00:00:00:00:01,02:00:00:00:00:02,0x88b5,reverse,1,700
963,1787044750013243,l_left,4,outgoing,256,02:00:00:00:00:01,02:00:00:00:00:02,0x88b5,reverse,1,701
964,1787044750013501,l_left,4,outgoing,256,02:00:00:00:00:01,02:00:00:00:00:02,0x88b5,reverse,1,702
965,1787044750013742,l_left,4,outgoing,256,02:00:00:00:00:01,02:00:00:00:00:02,0x88b5,reverse,1,703
966,1787044750014137,l_left,3,otherhost,256,02:00:00:00:00:02,02:00:00:00:00:01,0x88b5,forward,1,262
967,1787044750014210,l_left,3,otherhost,256,02:00:00:00:00:02,02:00:00:00:00:01,0x88b5,forward,1,263
968,1787044750020683,l_left,3,otherhost,256,02:00:00:00:00:02,02:00:00:00:00:01,0x88b5,forward,1,264
969,1787044750020699,l_left,3,otherhost,256,02:00:00:00:00:02,02:00:00:00:00:01,0x88b5,forward,1,265
970,1787044750020980,l_left,3,otherhost,256,02:00:00:00:00:02,02:00:00:00:00:01,0x88b5,forward,1,266
971,1787044750021188,l_left,3,otherhost,256,02:00:00:00:00:02,02:00:00:00:00:01,0x88b5,forward,1,267
972,1787044750021707,l_left,4,outgoing,256,02:00:00:00:00:01,02:00:00:00:00:02,0x88b5,reverse,1,704
973,1787044750021741,l_left,4,outgoing,256,02:00:00:00:00:01,02:00:00:00:00:02,0x88b5,reverse,1,705
974,1787044750221447,l_left,4,outgoing,256,02:00:00:00:00:01,02:00:00:00:00:02,0x88b5,reverse,1,706
975,1787044750221511,l_left,4,outgoing,256,02:00:00:00:00:01,02:00:00:00:00:02,0x88b5,reverse,1,707
976,1787044750221532,l_left,4,outgoing,256,02:00:00:00:00:01,02:00:00:00:00:02,0x88b5,reverse,1,708
977,1787044750221570,l_left,4,outgoing,256,02:00:00:00:00:01,02:00:00:00:00:02,0x88b5,reverse,1,709
978,1787044750221586,l_left,4,outgoing,256,02:00:00:00:00:01,02:00:00:00:00:02,0x88b5,reverse,1,710
979,1787044750221854,l_left,4,outgoing,256,02:00:00:00:00:01,02:00:00:00:00:02,0x88b5,reverse,1,711
980,1787044750222099,l_left,4,outgoing,256,02:00:00:00:00:01,02:00:00:00:00:02,0x88b5,reverse,1,712
981,1787044750222346,l_left,4,outgoing,256,02:00:00:00:00:01,02:00:00:00:00:02,0x88b5,reverse,1,713
982,1787044750222596,l_left,4,outgoing,256,02:00:00:00:00:01,02:00:00:00:00:02,0x88b5,reverse,1,714
983,1787044750222819,l_left,4,outgoing,256,02:00:00:00:00:01,02:00:00:00:00:02,0x88b5,reverse,1,715
984,1787044750223056,l_left,4,outgoing,256,02:00:00:00:00:01,02:00:00:00:00:02,0x88b5,reverse,1,716
985,1787044750223348,l_left,4,outgoing,256,02:00:00:00:00:01,02:00:00:00:00:02,0x88b5,reverse,1,717
986,1787044750223515,l_left,4,outgoing,256,02:00:00:00:00:01,02:00:00:00:00:02,0x88b5,reverse,1,718
987,1787044750223735,l_left,4,outgoing,256,02:00:00:00:00:01,02:00:00:00:00:02,0x88b5,reverse,1,719
988,1787044750224152,l_left,3,otherhost,256,02:00:00:00:00:02,02:00:00:00:00:01,0x88b5,forward,1,268
989,1787044750224170,l_left,3,otherhost,256,02:00:00:00:00:02,02:00:00:00:00:01,0x88b5,forward,1,269
990,1787044750230764,l_left,3,otherhost,256,02:00:00:00:00:02,02:00:00:00:00:01,0x88b5,forward,1,270
991,1787044750230802,l_left,3,otherhost,256,02:00:00:00:00:02,02:00:00:00:00:01,0x88b5,forward,1,271
992,1787044750230987,l_left,3,otherhost,256,02:00:00:00:00:02,02:00:00:00:00:01,0x88b5,forward,1,272
993,1787044750231235,l_left,3,otherhost,256,02:00:00:00:00:02,02:00:00:00:00:01,0x88b5,forward,1,273
994,1787044750231783,l_left,4,outgoing,256,02:00:00:00:00:01,02:00:00:00:00:02,0x88b5,reverse,1,720
995,1787044750231807,l_left,4,outgoing,256,02:00:00:00:00:01,02:00:00:00:00:02,0x88b5,reverse,1,721
996,1787044750431707,l_left,4,outgoing,256,02:00:00:00:00:01,02:00:00:00:00:02,0x88b5,reverse,1,722
997,1787044750431770,l_left,4,outgoing,256,02:00:00:00:00:01,02:00:00:00:00:02,0x88b5,reverse,1,723
998,1787044750431798,l_left,4,outgoing,256,02:00:00:00:00:01,02:00:00:00:00:02,0x88b5,reverse,1,724
999,1787044750431824,l_left,4,outgoing,256,02:00:00:00:00:01,02:00:00:00:00:02,0x88b5,reverse,1,725
1000,1787044750431840,l_left,4,outgoing,256,02:00:00:00:00:01,02:00:00:00:00:02,0x88b5,reverse,1,726
1001,1787044750431872,l_left,4,outgoing,256,02:00:00:00:00:01,02:00:00:00:00:02,0x88b5,reverse,1,727
1002,1787044750432071,l_left,4,outgoing,256,02:00:00:00:00:01,02:00:00:00:00:02,0x88b5,reverse,1,728
1003,1787044750432330,l_left,4,outgoing,256,02:00:00:00:00:01,02:00:00:00:00:02,0x88b5,reverse,1,729
1004,1787044750432571,l_left,4,outgoing,256,02:00:00:00:00:01,02:00:00:00:00:02,0x88b5,reverse,1,730
1005,1787044750432828,l_left,4,outgoing,256,02:00:00:00:00:01,02:00:00:00:00:02,0x88b5,reverse,1,731
1006,1787044750433068,l_left,4,outgoing,256,02:00:00:00:00:01,02:00:00:00:00:02,0x88b5,reverse,1,732
1007,1787044750433275,l_left,4,outgoing,256,02:00:00:00:00:01,02:00:00:00:00:02,0x88b5,reverse,1,733
1008,1787044750433568,l_left,4,outgoing,256,02:00:00:00:00:01,02:00:00:00:00:02,0x88b5,reverse,1,734
1009,1787044750433808,l_left,4,outgoing,256,02:00:00:00:00:01,02:00:00:00:00:02,0x88b5,reverse,1,735
1010,1787044750434151,l_left,3,otherhost,256,02:00:00:00:00:02,02:00:00:00:00:01,0x88b5,forward,1,274
1011,1787044750434214,l_left,3,otherhost,256,02:00:00:00:00:02,02:00:00:00:00:01,0x88b5,forward,1,275
1012,1787044750440716,l_left,3,otherhost,256,02:00:00:00:00:02,02:00:00:00:00:01,0x88b5,forward,1,276
1013,1787044750440752,l_left,3,otherhost,256,02:00:00:00:00:02,02:00:00:00:00:01,0x88b5,forward,1,277
1014,1787044750440986,l_left,3,otherhost,256,02:00:00:00:00:02,02:00:00:00:00:01,0x88b5,forward,1,278
1015,1787044750441176,l_left,3,otherhost,256,02:00:00:00:00:02,02:00:00:00:00:01,0x88b5,forward,1,279
1016,1787044750441693,l_left,4,outgoing,256,02:00:00:00:00:01,02:00:00:00:00:02,0x88b5,reverse,1,736
1017,1787044750441729,l_left,4,outgoing,256,02:00:00:00:00:01,02:00:00:00:00:02,0x88b5,reverse,1,737
1018,1787044750641931,l_left,4,outgoing,256,02:00:00:00:00:01,02:00:00:00:00:02,0x88b5,reverse,1,738
1019,1787044750641992,l_left,4,outgoing,256,02:00:00:00:00:01,02:00:00:00:00:02,0x88b5,reverse,1,739
1020,1787044750642014,l_left,4,outgoing,256,02:00:00:00:00:01,02:00:00:00:00:02,0x88b5,reverse,1,740
1021,1787044750642033,l_left,4,outgoing,256,02:00:00:00:00:01,02:00:00:00:00:02,0x88b5,reverse,1,741
1022,1787044750642054,l_left,4,outgoing,256,02:00:00:00:00:01,02:00:00:00:00:02,0x88b5,reverse,1,742
1023,1787044750642110,l_left,4,outgoing,256,02:00:00:00:00:01,02:00:00:00:00:02,0x88b5,reverse,1,743
1024,1787044750642149,l_left,4,outgoing,256,02:00:00:00:00:01,02:00:00:00:00:02,0x88b5,reverse,1,744
1025,1787044750642329,l_left,4,outgoing,256,02:00:00:00:00:01,02:00:00:00:00:02,0x88b5,reverse,1,745
1026,1787044750642578,l_left,4,outgoing,256,02:00:00:00:00:01,02:00:00:00:00:02,0x88b5,reverse,1,746
1027,1787044750642822,l_left,4,outgoing,256,02:00:00:00:00:01,02:00:00:00:00:02,0x88b5,reverse,1,747
1028,1787044750643071,l_left,4,outgoing,256,02:00:00:00:00:01,02:00:00:00:00:02,0x88b5,reverse,1,748
1029,1787044750643319,l_left,4,outgoing,256,02:00:00:00:00:01,02:00:00:00:00:02,0x88b5,reverse,1,749
1030,1787044750643578,l_left,4,outgoing,256,02:00:00:00:00:01,02:00:00:00:00:02,0x88b5,reverse,1,750
1031,1787044750643784,l_left,4,outgoing,256,02:00:00:00:00:01,02:00:00:00:00:02,0x88b5,reverse,1,751
1032,1787044750644113,l_left,3,otherhost,256,02:00:00:00:00:02,02:00:00:00:00:01,0x88b5,forward,1,280
1033,1787044750644211,l_left,3,otherhost,256,02:00:00:00:00:02,02:00:00:00:00:01,0x88b5,forward,1,281
1034,1787044750650658,l_left,3,otherhost,256,02:00:00:00:00:02,02:00:00:00:00:01,0x88b5,forward,1,282
1035,1787044750650690,l_left,3,otherhost,256,02:00:00:00:00:02,02:00:00:00:00:01,0x88b5,forward,1,283
1036,1787044750650959,l_left,3,otherhost,256,02:00:00:00:00:02,02:00:00:00:00:01,0x88b5,forward,1,284
1037,1787044750651206,l_left,3,otherhost,256,02:00:00:00:00:02,02:00:00:00:00:01,0x88b5,forward,1,285
1038,1787044750651748,l_left,4,outgoing,256,02:00:00:00:00:01,02:00:00:00:00:02,0x88b5,reverse,1,752
1039,1787044750651781,l_left,4,outgoing,256,02:00:00:00:00:01,02:00:00:00:00:02,0x88b5,reverse,1,753
1040,1787044750851755,l_left,4,outgoing,256,02:00:00:00:00:01,02:00:00:00:00:02,0x88b5,reverse,1,754
1041,1787044750851827,l_left,4,outgoing,256,02:00:00:00:00:01,02:00:00:00:00:02,0x88b5,reverse,1,755
1042,1787044750851852,l_left,4,outgoing,256,02:00:00:00:00:01,02:00:00:00:00:02,0x88b5,reverse,1,756
1043,1787044750851870,l_left,4,outgoing,256,02:00:00:00:00:01,02:00:00:00:00:02,0x88b5,reverse,1,757
1044,1787044750851892,l_left,4,outgoing,256,02:00:00:00:00:01,02:00:00:00:00:02,0x88b5,reverse,1,758
1045,1787044750851937,l_left,4,outgoing,256,02:00:00:00:00:01,02:00:00:00:00:02,0x88b5,reverse,1,759
1046,1787044750852032,l_left,4,outgoing,256,02:00:00:00:00:01,02:00:00:00:00:02,0x88b5,reverse,1,760
1047,1787044750852340,l_left,4,outgoing,256,02:00:00:00:00:01,02:00:00:00:00:02,0x88b5,reverse,1,761
1048,1787044750852561,l_left,4,outgoing,256,02:00:00:00:00:01,02:00:00:00:00:02,0x88b5,reverse,1,762
1049,1787044750852819,l_left,4,outgoing,256,02:00:00:00:00:01,02:00:00:00:00:02,0x88b5,reverse,1,763
1050,1787044750853070,l_left,4,outgoing,256,02:00:00:00:00:01,02:00:00:00:00:02,0x88b5,reverse,1,764
1051,1787044750853280,l_left,4,outgoing,256,02:00:00:00:00:01,02:00:00:00:00:02,0x88b5,reverse,1,765
1052,1787044750853570,l_left,4,outgoing,256,02:00:00:00:00:01,02:00:00:00:00:02,0x88b5,reverse,1,766
1053,1787044750853782,l_left,4,outgoing,256,02:00:00:00:00:01,02:00:00:00:00:02,0x88b5,reverse,1,767
1054,1787044750854144,l_left,3,otherhost,256,02:00:00:00:00:02,02:00:00:00:00:01,0x88b5,forward,1,286
1055,1787044750854170,l_left,3,otherhost,256,02:00:00:00:00:02,02:00:00:00:00:01,0x88b5,forward,1,287
1056,1787044750860653,l_left,3,otherhost,256,02:00:00:00:00:02,02:00:00:00:00:01,0x88b5,forward,1,288
1057,1787044750860712,l_left,3,otherhost,256,02:00:00:00:00:02,02:00:00:00:00:01,0x88b5,forward,1,289
1058,1787044750860958,l_left,3,otherhost,256,02:00:00:00:00:02,02:00:00:00:00:01,0x88b5,forward,1,290
1059,1787044750861164,l_left,3,otherhost,256,02:00:00:00:00:02,02:00:00:00:00:01,0x88b5,forward,1,291
1060,1787044750861703,l_left,4,outgoing,256,02:00:00:00:00:01,02:00:00:00:00:02,0x88b5,reverse,1,768
1061,1787044750861727,l_left,4,outgoing,256,02:00:00:00:00:01,02:00:00:00:00:02,0x88b5,reverse,1,769
1062,1787044751061715,l_left,4,outgoing,256,02:00:00:00:00:01,02:00:00:00:00:02,0x88b5,reverse,1,770
1063,1787044751061775,l_left,4,outgoing,256,02:00:00:00:00:01,02:00:00:00:00:02,0x88b5,reverse,1,771
1064,1787044751061796,l_left,4,outgoing,256,02:00:00:00:00:01,02:00:00:00:00:02,0x88b5,reverse,1,772
1065,1787044751061815,l_left,4,outgoing,256,02:00:00:00:00:01,02:00:00:00:00:02,0x88b5,reverse,1,773
1066,1787044751061832,l_left,4,outgoing,256,02:00:00:00:00:01,02:00:00:00:00:02,0x88b5,reverse,1,774
1067,1787044751061871,l_left,4,outgoing,256,02:00:00:00:00:01,02:00:00:00:00:02,0x88b5,reverse,1,775
1068,1787044751062043,l_left,4,outgoing,256,02:00:00:00:00:01,02:00:00:00:00:02,0x88b5,reverse,1,776
1069,1787044751062302,l_left,4,outgoing,256,02:00:00:00:00:01,02:00:00:00:00:02,0x88b5,reverse,1,777
1070,1787044751062571,l_left,4,outgoing,256,02:00:00:00:00:01,02:00:00:00:00:02,0x88b5,reverse,1,778
1071,1787044751062818,l_left,4,outgoing,256,02:00:00:00:00:01,02:00:00:00:00:02,0x88b5,reverse,1,779
1072,1787044751063065,l_left,4,outgoing,256,02:00:00:00:00:01,02:00:00:00:00:02,0x88b5,reverse,1,780
1073,1787044751063311,l_left,4,outgoing,256,02:00:00:00:00:01,02:00:00:00:00:02,0x88b5,reverse,1,781
1074,1787044751063531,l_left,4,outgoing,256,02:00:00:00:00:01,02:00:00:00:00:02,0x88b5,reverse,1,782
1075,1787044751063753,l_left,4,outgoing,256,02:00:00:00:00:01,02:00:00:00:00:02,0x88b5,reverse,1,783
1076,1787044751064330,l_left,3,otherhost,256,02:00:00:00:00:02,02:00:00:00:00:01,0x88b5,forward,1,292
1077,1787044751064355,l_left,3,otherhost,256,02:00:00:00:00:02,02:00:00:00:00:01,0x88b5,forward,1,293
1078,1787044751070658,l_left,3,otherhost,256,02:00:00:00:00:02,02:00:00:00:00:01,0x88b5,forward,1,294
1079,1787044751070690,l_left,3,otherhost,256,02:00:00:00:00:02,02:00:00:00:00:01,0x88b5,forward,1,295
1080,1787044751070960,l_left,3,otherhost,256,02:00:00:00:00:02,02:00:00:00:00:01,0x88b5,forward,1,296
1081,1787044751071206,l_left,3,otherhost,256,02:00:00:00:00:02,02:00:00:00:00:01,0x88b5,forward,1,297
1082,1787044751071756,l_left,4,outgoing,256,02:00:00:00:00:01,02:00:00:00:00:02,0x88b5,reverse,1,784
1083,1787044751071785,l_left,4,outgoing,256,02:00:00:00:00:01,02:00:00:00:00:02,0x88b5,reverse,1,785
1084,1787044751271905,l_left,4,outgoing,256,02:00:00:00:00:01,02:00:00:00:00:02,0x88b5,reverse,1,786
1085,1787044751271966,l_left,4,outgoing,256,02:00:00:00:00:01,02:00:00:00:00:02,0x88b5,reverse,1,787
1086,1787044751271988,l_left,4,outgoing,256,02:00:00:00:00:01,02:00:00:00:00:02,0x88b5,reverse,1,788
1087,1787044751272009,l_left,4,outgoing,256,02:00:00:00:00:01,02:00:00:00:00:02,0x88b5,reverse,1,789
1088,1787044751272026,l_left,4,outgoing,256,02:00:00:00:00:01,02:00:00:00:00:02,0x88b5,reverse,1,790
1089,1787044751272068,l_left,4,outgoing,256,02:00:00:00:00:01,02:00:00:00:00:02,0x88b5,reverse,1,791
1090,1787044751272107,l_left,4,outgoing,256,02:00:00:00:00:01,02:00:00:00:00:02,0x88b5,reverse,1,792
1091,1787044751272321,l_left,4,outgoing,256,02:00:00:00:00:01,02:00:00:00:00:02,0x88b5,reverse,1,793
1092,1787044751272571,l_left,4,outgoing,256,02:00:00:00:00:01,02:00:00:00:00:02,0x88b5,reverse,1,794
1093,1787044751272822,l_left,4,outgoing,256,02:00:00:00:00:01,02:00:00:00:00:02,0x88b5,reverse,1,795
1094,1787044751273069,l_left,4,outgoing,256,02:00:00:00:00:01,02:00:00:00:00:02,0x88b5,reverse,1,796
1095,1787044751273286,l_left,4,outgoing,256,02:00:00:00:00:01,02:00:00:00:00:02,0x88b5,reverse,1,797
1096,1787044751273574,l_left,4,outgoing,256,02:00:00:00:00:01,02:00:00:00:00:02,0x88b5,reverse,1,798
1097,1787044751273814,l_left,4,outgoing,256,02:00:00:00:00:01,02:00:00:00:00:02,0x88b5,reverse,1,799
1098,1787044751274276,l_left,3,otherhost,256,02:00:00:00:00:02,02:00:00:00:00:01,0x88b5,forward,1,298
1099,1787044751274300,l_left,3,otherhost,256,02:00:00:00:00:02,02:00:00:00:00:01,0x88b5,forward,1,299
1100,1787044751280729,l_left,3,otherhost,256,02:00:00:00:00:02,02:00:00:00:00:01,0x88b5,forward,1,300
1101,1787044751280765,l_left,3,otherhost,256,02:00:00:00:00:02,02:00:00:00:00:01,0x88b5,forward,1,301
1102,1787044751280991,l_left,3,otherhost,256,02:00:00:00:00:02,02:00:00:00:00:01,0x88b5,forward,1,302
1103,1787044751281178,l_left,3,otherhost,256,02:00:00:00:00:02,02:00:00:00:00:01,0x88b5,forward,1,303
1104,1787044751281712,l_left,4,outgoing,256,02:00:00:00:00:01,02:00:00:00:00:02,0x88b5,reverse,1,800
1105,1787044751281744,l_left,4,outgoing,256,02:00:00:00:00:01,02:00:00:00:00:02,0x88b5,reverse,1,801
1106,1787044751481588,l_left,4,outgoing,256,02:00:00:00:00:01,02:00:00:00:00:02,0x88b5,reverse,1,802
1107,1787044751481649,l_left,4,outgoing,256,02:00:00:00:00:01,02:00:00:00:00:02,0x88b5,reverse,1,803
1108,1787044751481670,l_left,4,outgoing,256,02:00:00:00:00:01,02:00:00:00:00:02,0x88b5,reverse,1,804
1109,1787044751481694,l_left,4,outgoing,256,02:00:00:00:00:01,02:00:00:00:00:02,0x88b5,reverse,1,805
1110,1787044751481709,l_left,4,outgoing,256,02:00:00:00:00:01,02:00:00:00:00:02,0x88b5,reverse,1,806
1111,1787044751481797,l_left,4,outgoing,256,02:00:00:00:00:01,02:00:00:00:00:02,0x88b5,reverse,1,807
1112,1787044751482073,l_left,4,outgoing,256,02:00:00:00:00:01,02:00:00:00:00:02,0x88b5,reverse,1,808
1113,1787044751482318,l_left,4,outgoing,256,02:00:00:00:00:01,02:00:00:00:00:02,0x88b5,reverse,1,809
1114,1787044751482570,l_left,4,outgoing,256,02:00:00:00:00:01,02:00:00:00:00:02,0x88b5,reverse,1,810
1115,1787044751482817,l_left,4,outgoing,256,02:00:00:00:00:01,02:00:00:00:00:02,0x88b5,reverse,1,811
1116,1787044751483069,l_left,4,outgoing,256,02:00:00:00:00:01,02:00:00:00:00:02,0x88b5,reverse,1,812
1117,1787044751483321,l_left,4,outgoing,256,02:00:00:00:00:01,02:00:00:00:00:02,0x88b5,reverse,1,813
1118,1787044751483558,l_left,4,outgoing,256,02:00:00:00:00:01,02:00:00:00:00:02,0x88b5,reverse,1,814
1119,1787044751483767,l_left,4,outgoing,256,02:00:00:00:00:01,02:00:00:00:00:02,0x88b5,reverse,1,815
1120,1787044751484204,l_left,3,otherhost,256,02:00:00:00:00:02,02:00:00:00:00:01,0x88b5,forward,1,304
1121,1787044751484230,l_left,3,otherhost,256,02:00:00:00:00:02,02:00:00:00:00:01,0x88b5,forward,1,305
1122,1787044751490672,l_left,3,otherhost,256,02:00:00:00:00:02,02:00:00:00:00:01,0x88b5,forward,1,306
1123,1787044751490704,l_left,3,otherhost,256,02:00:00:00:00:02,02:00:00:00:00:01,0x88b5,forward,1,307
1124,1787044751490960,l_left,3,otherhost,256,02:00:00:00:00:02,02:00:00:00:00:01,0x88b5,forward,1,308
1125,1787044751491207,l_left,3,otherhost,256,02:00:00:00:00:02,02:00:00:00:00:01,0x88b5,forward,1,309
1126,1787044751491777,l_left,4,outgoing,256,02:00:00:00:00:01,02:00:00:00:00:02,0x88b5,reverse,1,816
1127,1787044751491813,l_left,4,outgoing,256,02:00:00:00:00:01,02:00:00:00:00:02,0x88b5,reverse,1,817
1128,1787044751691674,l_left,4,outgoing,256,02:00:00:00:00:01,02:00:00:00:00:02,0x88b5,reverse,1,818
1129,1787044751691736,l_left,4,outgoing,256,02:00:00:00:00:01,02:00:00:00:00:02,0x88b5,reverse,1,819
1130,1787044751691764,l_left,4,outgoing,256,02:00:00:00:00:01,02:00:00:00:00:02,0x88b5,reverse,1,820
1131,1787044751691781,l_left,4,outgoing,256,02:00:00:00:00:01,02:00:00:00:00:02,0x88b5,reverse,1,821
1132,1787044751691800,l_left,4,outgoing,256,02:00:00:00:00:01,02:00:00:00:00:02,0x88b5,reverse,1,822
1133,1787044751691852,l_left,4,outgoing,256,02:00:00:00:00:01,02:00:00:00:00:02,0x88b5,reverse,1,823
1134,1787044751692071,l_left,4,outgoing,256,02:00:00:00:00:01,02:00:00:00:00:02,0x88b5,reverse,1,824
1135,1787044751692322,l_left,4,outgoing,256,02:00:00:00:00:01,02:00:00:00:00:02,0x88b5,reverse,1,825
1136,1787044751692570,l_left,4,outgoing,256,02:00:00:00:00:01,02:00:00:00:00:02,0x88b5,reverse,1,826
1137,1787044751692819,l_left,4,outgoing,256,02:00:00:00:00:01,02:00:00:00:00:02,0x88b5,reverse,1,827
1138,1787044751693060,l_left,4,outgoing,256,02:00:00:00:00:01,02:00:00:00:00:02,0x88b5,reverse,1,828
1139,1787044751693288,l_left,4,outgoing,256,02:00:00:00:00:01,02:00:00:00:00:02,0x88b5,reverse,1,829
1140,1787044751693557,l_left,4,outgoing,256,02:00:00:00:00:01,02:00:00:00:00:02,0x88b5,reverse,1,830
1141,1787044751693786,l_left,4,outgoing,256,02:00:00:00:00:01,02:00:00:00:00:02,0x88b5,reverse,1,831
1142,1787044751694110,l_left,3,otherhost,256,02:00:00:00:00:02,02:00:00:00:00:01,0x88b5,forward,1,310
1143,1787044751694215,l_left,3,otherhost,256,02:00:00:00:00:02,02:00:00:00:00:01,0x88b5,forward,1,311
1144,1787044751700729,l_left,3,otherhost,256,02:00:00:00:00:02,02:00:00:00:00:01,0x88b5,forward,1,312
1145,1787044751700765,l_left,3,otherhost,256,02:00:00:00:00:02,02:00:00:00:00:01,0x88b5,forward,1,313
1146,1787044751701149,l_left,3,otherhost,256,02:00:00:00:00:02,02:00:00:00:00:01,0x88b5,forward,1,314
1147,1787044751701186,l_left,3,otherhost,256,02:00:00:00:00:02,02:00:00:00:00:01,0x88b5,forward,1,315
1148,1787044751701711,l_left,4,outgoing,256,02:00:00:00:00:01,02:00:00:00:00:02,0x88b5,reverse,1,832
1149,1787044751701739,l_left,4,outgoing,256,02:00:00:00:00:01,02:00:00:00:00:02,0x88b5,reverse,1,833
1150,1787044751901847,l_left,4,outgoing,256,02:00:00:00:00:01,02:00:00:00:00:02,0x88b5,reverse,1,834
1151,1787044751901909,l_left,4,outgoing,256,02:00:00:00:00:01,02:00:00:00:00:02,0x88b5,reverse,1,835
1152,1787044751901931,l_left,4,outgoing,256,02:00:00:00:00:01,02:00:00:00:00:02,0x88b5,reverse,1,836
1153,1787044751901948,l_left,4,outgoing,256,02:00:00:00:00:01,02:00:00:00:00:02,0x88b5,reverse,1,837
1154,1787044751901963,l_left,4,outgoing,256,02:00:00:00:00:01,02:00:00:00:00:02,0x88b5,reverse,1,838
1155,1787044751902008,l_left,4,outgoing,256,02:00:00:00:00:01,02:00:00:00:00:02,0x88b5,reverse,1,839
1156,1787044751902054,l_left,4,outgoing,256,02:00:00:00:00:01,02:00:00:00:00:02,0x88b5,reverse,1,840
1157,1787044751902334,l_left,4,outgoing,256,02:00:00:00:00:01,02:00:00:00:00:02,0x88b5,reverse,1,841
1158,1787044751902577,l_left,4,outgoing,256,02:00:00:00:00:01,02:00:00:00:00:02,0x88b5,reverse,1,842
1159,1787044751902874,l_left,4,outgoing,256,02:00:00:00:00:01,02:00:00:00:00:02,0x88b5,reverse,1,843
1160,1787044751903074,l_left,4,outgoing,256,02:00:00:00:00:01,02:00:00:00:00:02,0x88b5,reverse,1,844
1161,1787044751903310,l_left,4,outgoing,256,02:00:00:00:00:01,02:00:00:00:00:02,0x88b5,reverse,1,845
1162,1787044751903567,l_left,4,outgoing,256,02:00:00:00:00:01,02:00:00:00:00:02,0x88b5,reverse,1,846
1163,1787044751903807,l_left,4,outgoing,256,02:00:00:00:00:01,02:00:00:00:00:02,0x88b5,reverse,1,847
1164,1787044751904203,l_left,3,otherhost,256,02:00:00:00:00:02,02:00:00:00:00:01,0x88b5,forward,1,316
1165,1787044751904227,l_left,3,otherhost,256,02:00:00:00:00:02,02:00:00:00:00:01,0x88b5,forward,1,317
1166,1787044751910677,l_left,3,otherhost,256,02:00:00:00:00:02,02:00:00:00:00:01,0x88b5,forward,1,318
1167,1787044751910719,l_left,3,otherhost,256,02:00:00:00:00:02,02:00:00:00:00:01,0x88b5,forward,1,319
1168,1787044751910960,l_left,3,otherhost,256,02:00:00:00:00:02,02:00:00:00:00:01,0x88b5,forward,1,320
1169,1787044751911206,l_left,3,otherhost,256,02:00:00:00:00:02,02:00:00:00:00:01,0x88b5,forward,1,321
1170,1787044751911838,l_left,4,outgoing,256,02:00:00:00:00:01,02:00:00:00:00:02,0x88b5,reverse,1,848
1171,1787044751911868,l_left,4,outgoing,256,02:00:00:00:00:01,02:00:00:00:00:02,0x88b5,reverse,1,849
1172,1787044752112077,l_left,4,outgoing,256,02:00:00:00:00:01,02:00:00:00:00:02,0x88b5,reverse,1,850
1173,1787044752112138,l_left,4,outgoing,256,02:00:00:00:00:01,02:00:00:00:00:02,0x88b5,reverse,1,851
1174,1787044752112160,l_left,4,outgoing,256,02:00:00:00:00:01,02:00:00:00:00:02,0x88b5,reverse,1,852
1175,1787044752112177,l_left,4,outgoing,256,02:00:00:00:00:01,02:00:00:00:00:02,0x88b5,reverse,1,853
1176,1787044752112192,l_left,4,outgoing,256,02:00:00:00:00:01,02:00:00:00:00:02,0x88b5,reverse,1,854
1177,1787044752112238,l_left,4,outgoing,256,02:00:00:00:00:01,02:00:00:00:00:02,0x88b5,reverse,1,855
1178,1787044752112277,l_left,4,outgoing,256,02:00:00:00:00:01,02:00:00:00:00:02,0x88b5,reverse,1,856
1179,1787044752112315,l_left,4,outgoing,256,02:00:00:00:00:01,02:00:00:00:00:02,0x88b5,reverse,1,857
1180,1787044752112572,l_left,4,outgoing,256,02:00:00:00:00:01,02:00:00:00:00:02,0x88b5,reverse,1,858
1181,1787044752112822,l_left,4,outgoing,256,02:00:00:00:00:01,02:00:00:00:00:02,0x88b5,reverse,1,859
1182,1787044752113076,l_left,4,outgoing,256,02:00:00:00:00:01,02:00:00:00:00:02,0x88b5,reverse,1,860
1183,1787044752113299,l_left,4,outgoing,256,02:00:00:00:00:01,02:00:00:00:00:02,0x88b5,reverse,1,861
1184,1787044752113575,l_left,4,outgoing,256,02:00:00:00:00:01,02:00:00:00:00:02,0x88b5,reverse,1,862
1185,1787044752113815,l_left,4,outgoing,256,02:00:00:00:00:01,02:00:00:00:00:02,0x88b5,reverse,1,863
1186,1787044752114224,l_left,3,otherhost,256,02:00:00:00:00:02,02:00:00:00:00:01,0x88b5,forward,1,322
1187,1787044752114260,l_left,3,otherhost,256,02:00:00:00:00:02,02:00:00:00:00:01,0x88b5,forward,1,323
1188,1787044752120726,l_left,3,otherhost,256,02:00:00:00:00:02,02:00:00:00:00:01,0x88b5,forward,1,324
1189,1787044752120762,l_left,3,otherhost,256,02:00:00:00:00:02,02:00:00:00:00:01,0x88b5,forward,1,325
1190,1787044752120986,l_left,3,otherhost,256,02:00:00:00:00:02,02:00:00:00:00:01,0x88b5,forward,1,326
1191,1787044752121185,l_left,3,otherhost,256,02:00:00:00:00:02,02:00:00:00:00:01,0x88b5,forward,1,327
1192,1787044752121698,l_left,4,outgoing,256,02:00:00:00:00:01,02:00:00:00:00:02,0x88b5,reverse,1,864
1193,1787044752121722,l_left,4,outgoing,256,02:00:00:00:00:01,02:00:00:00:00:02,0x88b5,reverse,1,865
1194,1787044752321943,l_left,4,outgoing,256,02:00:00:00:00:01,02:00:00:00:00:02,0x88b5,reverse,1,866
1195,1787044752322004,l_left,4,outgoing,256,02:00:00:00:00:01,02:00:00:00:00:02,0x88b5,reverse,1,867
1196,1787044752322025,l_left,4,outgoing,256,02:00:00:00:00:01,02:00:00:00:00:02,0x88b5,reverse,1,868
1197,1787044752322056,l_left,4,outgoing,256,02:00:00:00:00:01,02:00:00:00:00:02,0x88b5,reverse,1,869
1198,1787044752322072,l_left,4,outgoing,256,02:00:00:00:00:01,02:00:00:00:00:02,0x88b5,reverse,1,870
1199,1787044752322114,l_left,4,outgoing,256,02:00:00:00:00:01,02:00:00:00:00:02,0x88b5,reverse,1,871
1200,1787044752322152,l_left,4,outgoing,256,02:00:00:00:00:01,02:00:00:00:00:02,0x88b5,reverse,1,872
1201,1787044752322325,l_left,4,outgoing,256,02:00:00:00:00:01,02:00:00:00:00:02,0x88b5,reverse,1,873
1202,1787044752322571,l_left,4,outgoing,256,02:00:00:00:00:01,02:00:00:00:00:02,0x88b5,reverse,1,874
1203,1787044752322822,l_left,4,outgoing,256,02:00:00:00:00:01,02:00:00:00:00:02,0x88b5,reverse,1,875
1204,1787044752323076,l_left,4,outgoing,256,02:00:00:00:00:01,02:00:00:00:00:02,0x88b5,reverse,1,876
1205,1787044752323309,l_left,4,outgoing,256,02:00:00:00:00:01,02:00:00:00:00:02,0x88b5,reverse,1,877
1206,1787044752323570,l_left,4,outgoing,256,02:00:00:00:00:01,02:00:00:00:00:02,0x88b5,reverse,1,878
1207,1787044752323806,l_left,4,outgoing,256,02:00:00:00:00:01,02:00:00:00:00:02,0x88b5,reverse,1,879
1208,1787044752324305,l_left,3,otherhost,256,02:00:00:00:00:02,02:00:00:00:00:01,0x88b5,forward,1,328
1209,1787044752324336,l_left,3,otherhost,256,02:00:00:00:00:02,02:00:00:00:00:01,0x88b5,forward,1,329
1210,1787044752330650,l_left,3,otherhost,256,02:00:00:00:00:02,02:00:00:00:00:01,0x88b5,forward,1,330
1211,1787044752330765,l_left,3,otherhost,256,02:00:00:00:00:02,02:00:00:00:00:01,0x88b5,forward,1,331
1212,1787044752330986,l_left,3,otherhost,256,02:00:00:00:00:02,02:00:00:00:00:01,0x88b5,forward,1,332
1213,1787044752331235,l_left,3,otherhost,256,02:00:00:00:00:02,02:00:00:00:00:01,0x88b5,forward,1,333
1214,1787044752331828,l_left,4,outgoing,256,02:00:00:00:00:01,02:00:00:00:00:02,0x88b5,reverse,1,880
1215,1787044752331848,l_left,4,outgoing,256,02:00:00:00:00:01,02:00:00:00:00:02,0x88b5,reverse,1,881
1216,1787044752531780,l_left,4,outgoing,256,02:00:00:00:00:01,02:00:00:00:00:02,0x88b5,reverse,1,882
1217,1787044752531842,l_left,4,outgoing,256,02:00:00:00:00:01,02:00:00:00:00:02,0x88b5,reverse,1,883
1218,1787044752531863,l_left,4,outgoing,256,02:00:00:00:00:01,02:00:00:00:00:02,0x88b5,reverse,1,884
1219,1787044752531880,l_left,4,outgoing,256,02:00:00:00:00:01,02:00:00:00:00:02,0x88b5,reverse,1,885
1220,1787044752531895,l_left,4,outgoing,256,02:00:00:00:00:01,02:00:00:00:00:02,0x88b5,reverse,1,886
1221,1787044752531910,l_left,4,outgoing,256,02:00:00:00:00:01,02:00:00:00:00:02,0x88b5,reverse,1,887
1222,1787044752532199,l_left,4,outgoing,256,02:00:00:00:00:01,02:00:00:00:00:02,0x88b5,reverse,1,888
1223,1787044752532259,l_left,4,outgoing,256,02:00:00:00:00:01,02:00:00:00:00:02,0x88b5,reverse,1,889
1224,1787044752532602,l_left,4,outgoing,256,02:00:00:00:00:01,02:00:00:00:00:02,0x88b5,reverse,1,890
1225,1787044752532854,l_left,4,outgoing,256,02:00:00:00:00:01,02:00:00:00:00:02,0x88b5,reverse,1,891
1226,1787044752533103,l_left,4,outgoing,256,02:00:00:00:00:01,02:00:00:00:00:02,0x88b5,reverse,1,892
1227,1787044752533325,l_left,4,outgoing,256,02:00:00:00:00:01,02:00:00:00:00:02,0x88b5,reverse,1,893
1228,1787044752533597,l_left,4,outgoing,256,02:00:00:00:00:01,02:00:00:00:00:02,0x88b5,reverse,1,894
1229,1787044752533842,l_left,4,outgoing,256,02:00:00:00:00:01,02:00:00:00:00:02,0x88b5,reverse,1,895
1230,1787044752534241,l_left,3,otherhost,256,02:00:00:00:00:02,02:00:00:00:00:01,0x88b5,forward,1,334
1231,1787044752534265,l_left,3,otherhost,256,02:00:00:00:00:02,02:00:00:00:00:01,0x88b5,forward,1,335
1232,1787044752540942,l_left,3,otherhost,256,02:00:00:00:00:02,02:00:00:00:00:01,0x88b5,forward,1,336
1233,1787044752540978,l_left,3,otherhost,256,02:00:00:00:00:02,02:00:00:00:00:01,0x88b5,forward,1,337
1234,1787044752541132,l_left,3,otherhost,256,02:00:00:00:00:02,02:00:00:00:00:01,0x88b5,forward,1,338
1235,1787044752541179,l_left,3,otherhost,256,02:00:00:00:00:02,02:00:00:00:00:01,0x88b5,forward,1,339
1236,1787044752541821,l_left,4,outgoing,256,02:00:00:00:00:01,02:00:00:00:00:02,0x88b5,reverse,1,896
1237,1787044752541847,l_left,4,outgoing,256,02:00:00:00:00:01,02:00:00:00:00:02,0x88b5,reverse,1,897
1238,1787044752741828,l_left,4,outgoing,256,02:00:00:00:00:01,02:00:00:00:00:02,0x88b5,reverse,1,898
1239,1787044752741889,l_left,4,outgoing,256,02:00:00:00:00:01,02:00:00:00:00:02,0x88b5,reverse,1,899
1240,1787044752741911,l_left,4,outgoing,256,02:00:00:00:00:01,02:00:00:00:00:02,0x88b5,reverse,1,900
1241,1787044752741928,l_left,4,outgoing,256,02:00:00:00:00:01,02:00:00:00:00:02,0x88b5,reverse,1,901
1242,1787044752741943,l_left,4,outgoing,256,02:00:00:00:00:01,02:00:00:00:00:02,0x88b5,reverse,1,902
1243,1787044752741956,l_left,4,outgoing,256,02:00:00:00:00:01,02:00:00:00:00:02,0x88b5,reverse,1,903
1244,1787044752741988,l_left,4,outgoing,256,02:00:00:00:00:01,02:00:00:00:00:02,0x88b5,reverse,1,904
1245,1787044752742356,l_left,4,outgoing,256,02:00:00:00:00:01,02:00:00:00:00:02,0x88b5,reverse,1,905
1246,1787044752742606,l_left,4,outgoing,256,02:00:00:00:00:01,02:00:00:00:00:02,0x88b5,reverse,1,906
1247,1787044752742850,l_left,4,outgoing,256,02:00:00:00:00:01,02:00:00:00:00:02,0x88b5,reverse,1,907
1248,1787044752743098,l_left,4,outgoing,256,02:00:00:00:00:01,02:00:00:00:00:02,0x88b5,reverse,1,908
1249,1787044752743346,l_left,4,outgoing,256,02:00:00:00:00:01,02:00:00:00:00:02,0x88b5,reverse,1,909
1250,1787044752743586,l_left,4,outgoing,256,02:00:00:00:00:01,02:00:00:00:00:02,0x88b5,reverse,1,910
1251,1787044752743819,l_left,4,outgoing,256,02:00:00:00:00:01,02:00:00:00:00:02,0x88b5,reverse,1,911
1252,1787044752744286,l_left,3,otherhost,256,02:00:00:00:00:02,02:00:00:00:00:01,0x88b5,forward,1,340
1253,1787044752744322,l_left,3,otherhost,256,02:00:00:00:00:02,02:00:00:00:00:01,0x88b5,forward,1,341
1254,1787044752750725,l_left,3,otherhost,256,02:00:00:00:00:02,02:00:00:00:00:01,0x88b5,forward,1,342
1255,1787044752750769,l_left,3,otherhost,256,02:00:00:00:00:02,02:00:00:00:00:01,0x88b5,forward,1,343
1256,1787044752750981,l_left,3,otherhost,256,02:00:00:00:00:02,02:00:00:00:00:01,0x88b5,forward,1,344
1257,1787044752751229,l_left,3,otherhost,256,02:00:00:00:00:02,02:00:00:00:00:01,0x88b5,forward,1,345
1258,1787044752751828,l_left,4,outgoing,256,02:00:00:00:00:01,02:00:00:00:00:02,0x88b5,reverse,1,912
1259,1787044752751858,l_left,4,outgoing,256,02:00:00:00:00:01,02:00:00:00:00:02,0x88b5,reverse,1,913
1260,1787044752951593,l_left,4,outgoing,256,02:00:00:00:00:01,02:00:00:00:00:02,0x88b5,reverse,1,914
1261,1787044752951662,l_left,4,outgoing,256,02:00:00:00:00:01,02:00:00:00:00:02,0x88b5,reverse,1,915
1262,1787044752951683,l_left,4,outgoing,256,02:00:00:00:00:01,02:00:00:00:00:02,0x88b5,reverse,1,916
1263,1787044752951699,l_left,4,outgoing,256,02:00:00:00:00:01,02:00:00:00:00:02,0x88b5,reverse,1,917
1264,1787044752951718,l_left,4,outgoing,256,02:00:00:00:00:01,02:00:00:00:00:02,0x88b5,reverse,1,918
1265,1787044752951736,l_left,4,outgoing,256,02:00:00:00:00:01,02:00:00:00:00:02,0x88b5,reverse,1,919
1266,1787044752952102,l_left,4,outgoing,256,02:00:00:00:00:01,02:00:00:00:00:02,0x88b5,reverse,1,920
1267,1787044752952362,l_left,4,outgoing,256,02:00:00:00:00:01,02:00:00:00:00:02,0x88b5,reverse,1,921
1268,1787044752952621,l_left,4,outgoing,256,02:00:00:00:00:01,02:00:00:00:00:02,0x88b5,reverse,1,922
1269,1787044752952865,l_left,4,outgoing,256,02:00:00:00:00:01,02:00:00:00:00:02,0x88b5,reverse,1,923
1270,1787044752953105,l_left,4,outgoing,256,02:00:00:00:00:01,02:00:00:00:00:02,0x88b5,reverse,1,924
1271,1787044752953272,l_left,4,outgoing,256,02:00:00:00:00:01,02:00:00:00:00:02,0x88b5,reverse,1,925
1272,1787044752953587,l_left,4,outgoing,256,02:00:00:00:00:01,02:00:00:00:00:02,0x88b5,reverse,1,926
1273,1787044752953776,l_left,4,outgoing,256,02:00:00:00:00:01,02:00:00:00:00:02,0x88b5,reverse,1,927
1274,1787044752954139,l_left,3,otherhost,256,02:00:00:00:00:02,02:00:00:00:00:01,0x88b5,forward,1,346
1275,1787044752954211,l_left,3,otherhost,256,02:00:00:00:00:02,02:00:00:00:00:01,0x88b5,forward,1,347
1276,1787044752960875,l_left,3,otherhost,256,02:00:00:00:00:02,02:00:00:00:00:01,0x88b5,forward,1,348
1277,1787044752960911,l_left,3,otherhost,256,02:00:00:00:00:02,02:00:00:00:00:01,0x88b5,forward,1,349
1278,1787044752961062,l_left,3,otherhost,256,02:00:00:00:00:02,02:00:00:00:00:01,0x88b5,forward,1,350
1279,1787044752961192,l_left,3,otherhost,256,02:00:00:00:00:02,02:00:00:00:00:01,0x88b5,forward,1,351
1280,1787044752961711,l_left,4,outgoing,256,02:00:00:00:00:01,02:00:00:00:00:02,0x88b5,reverse,1,928
1281,1787044752961743,l_left,4,outgoing,256,02:00:00:00:00:01,02:00:00:00:00:02,0x88b5,reverse,1,929
1282,1787044753161903,l_left,4,outgoing,256,02:00:00:00:00:01,02:00:00:00:00:02,0x88b5,reverse,1,930
1283,1787044753161965,l_left,4,outgoing,256,02:00:00:00:00:01,02:00:00:00:00:02,0x88b5,reverse,1,931
1284,1787044753161986,l_left,4,outgoing,256,02:00:00:00:00:01,02:00:00:00:00:02,0x88b5,reverse,1,932
1285,1787044753162003,l_left,4,outgoing,256,02:00:00:00:00:01,02:00:00:00:00:02,0x88b5,reverse,1,933
1286,1787044753162017,l_left,4,outgoing,256,02:00:00:00:00:01,02:00:00:00:00:02,0x88b5,reverse,1,934
1287,1787044753162032,l_left,4,outgoing,256,02:00:00:00:00:01,02:00:00:00:00:02,0x88b5,reverse,1,935
1288,1787044753162048,l_left,4,outgoing,256,02:00:00:00:00:01,02:00:00:00:00:02,0x88b5,reverse,1,936
1289,1787044753162336,l_left,4,outgoing,256,02:00:00:00:00:01,02:00:00:00:00:02,0x88b5,reverse,1,937
1290,1787044753162595,l_left,4,outgoing,256,02:00:00:00:00:01,02:00:00:00:00:02,0x88b5,reverse,1,938
1291,1787044753162845,l_left,4,outgoing,256,02:00:00:00:00:01,02:00:00:00:00:02,0x88b5,reverse,1,939
1292,1787044753163096,l_left,4,outgoing,256,02:00:00:00:00:01,02:00:00:00:00:02,0x88b5,reverse,1,940
1293,1787044753163346,l_left,4,outgoing,256,02:00:00:00:00:01,02:00:00:00:00:02,0x88b5,reverse,1,941
1294,1787044753163600,l_left,4,outgoing,256,02:00:00:00:00:01,02:00:00:00:00:02,0x88b5,reverse,1,942
1295,1787044753163901,l_left,4,outgoing,256,02:00:00:00:00:01,02:00:00:00:00:02,0x88b5,reverse,1,943
1296,1787044753164304,l_left,3,otherhost,256,02:00:00:00:00:02,02:00:00:00:00:01,0x88b5,forward,1,352
1297,1787044753164341,l_left,3,otherhost,256,02:00:00:00:00:02,02:00:00:00:00:01,0x88b5,forward,1,353
1298,1787044753170722,l_left,3,otherhost,256,02:00:00:00:00:02,02:00:00:00:00:01,0x88b5,forward,1,354
1299,1787044753170758,l_left,3,otherhost,256,02:00:00:00:00:02,02:00:00:00:00:01,0x88b5,forward,1,355
1300,1787044753171008,l_left,3,otherhost,256,02:00:00:00:00:02,02:00:00:00:00:01,0x88b5,forward,1,356
1301,1787044753171233,l_left,3,otherhost,256,02:00:00:00:00:02,02:00:00:00:00:01,0x88b5,forward,1,357
1302,1787044753171881,l_left,4,outgoing,256,02:00:00:00:00:01,02:00:00:00:00:02,0x88b5,reverse,1,944
1303,1787044753171917,l_left,4,outgoing,256,02:00:00:00:00:01,02:00:00:00:00:02,0x88b5,reverse,1,945
1304,1787044753371951,l_left,4,outgoing,256,02:00:00:00:00:01,02:00:00:00:00:02,0x88b5,reverse,1,946
1305,1787044753372012,l_left,4,outgoing,256,02:00:00:00:00:01,02:00:00:00:00:02,0x88b5,reverse,1,947
1306,1787044753372033,l_left,4,outgoing,256,02:00:00:00:00:01,02:00:00:00:00:02,0x88b5,reverse,1,948
1307,1787044753372050,l_left,4,outgoing,256,02:00:00:00:00:01,02:00:00:00:00:02,0x88b5,reverse,1,949
1308,1787044753372073,l_left,4,outgoing,256,02:00:00:00:00:01,02:00:00:00:00:02,0x88b5,reverse,1,950
1309,1787044753372088,l_left,4,outgoing,256,02:00:00:00:00:01,02:00:00:00:00:02,0x88b5,reverse,1,951
1310,1787044753372102,l_left,4,outgoing,256,02:00:00:00:00:01,02:00:00:00:00:02,0x88b5,reverse,1,952
1311,1787044753372280,l_left,4,outgoing,256,02:00:00:00:00:01,02:00:00:00:00:02,0x88b5,reverse,1,953
1312,1787044753372569,l_left,4,outgoing,256,02:00:00:00:00:01,02:00:00:00:00:02,0x88b5,reverse,1,954
1313,1787044753372820,l_left,4,outgoing,256,02:00:00:00:00:01,02:00:00:00:00:02,0x88b5,reverse,1,955
1314,1787044753373029,l_left,4,outgoing,256,02:00:00:00:00:01,02:00:00:00:00:02,0x88b5,reverse,1,956
1315,1787044753373236,l_left,4,outgoing,256,02:00:00:00:00:01,02:00:00:00:00:02,0x88b5,reverse,1,957
1316,1787044753373520,l_left,4,outgoing,256,02:00:00:00:00:01,02:00:00:00:00:02,0x88b5,reverse,1,958
1317,1787044753373776,l_left,4,outgoing,256,02:00:00:00:00:01,02:00:00:00:00:02,0x88b5,reverse,1,959
1318,1787044753374179,l_left,3,otherhost,256,02:00:00:00:00:02,02:00:00:00:00:01,0x88b5,forward,1,358
1319,1787044753374215,l_left,3,otherhost,256,02:00:00:00:00:02,02:00:00:00:00:01,0x88b5,forward,1,359
1320,1787044753380781,l_left,3,otherhost,256,02:00:00:00:00:02,02:00:00:00:00:01,0x88b5,forward,1,360
1321,1787044753380817,l_left,3,otherhost,256,02:00:00:00:00:02,02:00:00:00:00:01,0x88b5,forward,1,361
1322,1787044753381032,l_left,3,otherhost,256,02:00:00:00:00:02,02:00:00:00:00:01,0x88b5,forward,1,362
1323,1787044753381225,l_left,3,otherhost,256,02:00:00:00:00:02,02:00:00:00:00:01,0x88b5,forward,1,363
1324,1787044753381790,l_left,4,outgoing,256,02:00:00:00:00:01,02:00:00:00:00:02,0x88b5,reverse,1,960
1325,1787044753381826,l_left,4,outgoing,256,02:00:00:00:00:01,02:00:00:00:00:02,0x88b5,reverse,1,961
1326,1787044753581841,l_left,4,outgoing,256,02:00:00:00:00:01,02:00:00:00:00:02,0x88b5,reverse,1,962
1327,1787044753581904,l_left,4,outgoing,256,02:00:00:00:00:01,02:00:00:00:00:02,0x88b5,reverse,1,963
1328,1787044753581925,l_left,4,outgoing,256,02:00:00:00:00:01,02:00:00:00:00:02,0x88b5,reverse,1,964
1329,1787044753581950,l_left,4,outgoing,256,02:00:00:00:00:01,02:00:00:00:00:02,0x88b5,reverse,1,965
1330,1787044753581965,l_left,4,outgoing,256,02:00:00:00:00:01,02:00:00:00:00:02,0x88b5,reverse,1,966
1331,1787044753581980,l_left,4,outgoing,256,02:00:00:00:00:01,02:00:00:00:00:02,0x88b5,reverse,1,967
1332,1787044753581998,l_left,4,outgoing,256,02:00:00:00:00:01,02:00:00:00:00:02,0x88b5,reverse,1,968
1333,1787044753583053,l_left,4,outgoing,256,02:00:00:00:00:01,02:00:00:00:00:02,0x88b5,reverse,1,969
1334,1787044753583089,l_left,4,outgoing,256,02:00:00:00:00:01,02:00:00:00:00:02,0x88b5,reverse,1,970
1335,1787044753583121,l_left,4,outgoing,256,02:00:00:00:00:01,02:00:00:00:00:02,0x88b5,reverse,1,971
1336,1787044753583140,l_left,4,outgoing,256,02:00:00:00:00:01,02:00:00:00:00:02,0x88b5,reverse,1,972
1337,1787044753583246,l_left,4,outgoing,256,02:00:00:00:00:01,02:00:00:00:00:02,0x88b5,reverse,1,973
1338,1787044753583519,l_left,4,outgoing,256,02:00:00:00:00:01,02:00:00:00:00:02,0x88b5,reverse,1,974
1339,1787044753583774,l_left,4,outgoing,256,02:00:00:00:00:01,02:00:00:00:00:02,0x88b5,reverse,1,975
1340,1787044753584221,l_left,3,otherhost,256,02:00:00:00:00:02,02:00:00:00:00:01,0x88b5,forward,1,364
1341,1787044753584257,l_left,3,otherhost,256,02:00:00:00:00:02,02:00:00:00:00:01,0x88b5,forward,1,365
1342,1787044753590745,l_left,3,otherhost,256,02:00:00:00:00:02,02:00:00:00:00:01,0x88b5,forward,1,366
1343,1787044753590781,l_left,3,otherhost,256,02:00:00:00:00:02,02:00:00:00:00:01,0x88b5,forward,1,367
1344,1787044753591007,l_left,3,otherhost,256,02:00:00:00:00:02,02:00:00:00:00:01,0x88b5,forward,1,368
1345,1787044753591258,l_left,3,otherhost,256,02:00:00:00:00:02,02:00:00:00:00:01,0x88b5,forward,1,369
1346,1787044753591880,l_left,4,outgoing,256,02:00:00:00:00:01,02:00:00:00:00:02,0x88b5,reverse,1,976
1347,1787044753591909,l_left,4,outgoing,256,02:00:00:00:00:01,02:00:00:00:00:02,0x88b5,reverse,1,977
1348,1787044753791905,l_left,4,outgoing,256,02:00:00:00:00:01,02:00:00:00:00:02,0x88b5,reverse,1,978
1349,1787044753791966,l_left,4,outgoing,256,02:00:00:00:00:01,02:00:00:00:00:02,0x88b5,reverse,1,979
1350,1787044753791987,l_left,4,outgoing,256,02:00:00:00:00:01,02:00:00:00:00:02,0x88b5,reverse,1,980
1351,1787044753792004,l_left,4,outgoing,256,02:00:00:00:00:01,02:00:00:00:00:02,0x88b5,reverse,1,981
1352,1787044753792019,l_left,4,outgoing,256,02:00:00:00:00:01,02:00:00:00:00:02,0x88b5,reverse,1,982
1353,1787044753792033,l_left,4,outgoing,256,02:00:00:00:00:01,02:00:00:00:00:02,0x88b5,reverse,1,983
1354,1787044753792047,l_left,4,outgoing,256,02:00:00:00:00:01,02:00:00:00:00:02,0x88b5,reverse,1,984
1355,1787044753792320,l_left,4,outgoing,256,02:00:00:00:00:01,02:00:00:00:00:02,0x88b5,reverse,1,985
1356,1787044753792572,l_left,4,outgoing,256,02:00:00:00:00:01,02:00:00:00:00:02,0x88b5,reverse,1,986
1357,1787044753792821,l_left,4,outgoing,256,02:00:00:00:00:01,02:00:00:00:00:02,0x88b5,reverse,1,987
1358,1787044753793035,l_left,4,outgoing,256,02:00:00:00:00:01,02:00:00:00:00:02,0x88b5,reverse,1,988
1359,1787044753793287,l_left,4,outgoing,256,02:00:00:00:00:01,02:00:00:00:00:02,0x88b5,reverse,1,989
1360,1787044753793525,l_left,4,outgoing,256,02:00:00:00:00:01,02:00:00:00:00:02,0x88b5,reverse,1,990
1361,1787044753793780,l_left,4,outgoing,256,02:00:00:00:00:01,02:00:00:00:00:02,0x88b5,reverse,1,991
1362,1787044753794149,l_left,3,otherhost,256,02:00:00:00:00:02,02:00:00:00:00:01,0x88b5,forward,1,370
1363,1787044753794216,l_left,3,otherhost,256,02:00:00:00:00:02,02:00:00:00:00:01,0x88b5,forward,1,371
1364,1787044753800776,l_left,3,otherhost,256,02:00:00:00:00:02,02:00:00:00:00:01,0x88b5,forward,1,372
1365,1787044753800812,l_left,3,otherhost,256,02:00:00:00:00:02,02:00:00:00:00:01,0x88b5,forward,1,373
1366,1787044753801015,l_left,3,otherhost,256,02:00:00:00:00:02,02:00:00:00:00:01,0x88b5,forward,1,374
1367,1787044753801320,l_left,3,otherhost,256,02:00:00:00:00:02,02:00:00:00:00:01,0x88b5,forward,1,375
1368,1787044753801762,l_left,4,outgoing,256,02:00:00:00:00:01,02:00:00:00:00:02,0x88b5,reverse,1,992
1369,1787044753801785,l_left,4,outgoing,256,02:00:00:00:00:01,02:00:00:00:00:02,0x88b5,reverse,1,993
1370,1787044754001829,l_left,4,outgoing,256,02:00:00:00:00:01,02:00:00:00:00:02,0x88b5,reverse,1,994
1371,1787044754001891,l_left,4,outgoing,256,02:00:00:00:00:01,02:00:00:00:00:02,0x88b5,reverse,1,995
1372,1787044754001913,l_left,4,outgoing,256,02:00:00:00:00:01,02:00:00:00:00:02,0x88b5,reverse,1,996
1373,1787044754001929,l_left,4,outgoing,256,02:00:00:00:00:01,02:00:00:00:00:02,0x88b5,reverse,1,997
1374,1787044754001943,l_left,4,outgoing,256,02:00:00:00:00:01,02:00:00:00:00:02,0x88b5,reverse,1,998
1375,1787044754001969,l_left,4,outgoing,256,02:00:00:00:00:01,02:00:00:00:00:02,0x88b5,reverse,1,999
1376,1787044754001998,l_left,4,outgoing,256,02:00:00:00:00:01,02:00:00:00:00:02,0x88b5,reverse,1,1000
1377,1787044754002327,l_left,4,outgoing,256,02:00:00:00:00:01,02:00:00:00:00:02,0x88b5,reverse,1,1001
1378,1787044754002571,l_left,4,outgoing,256,02:00:00:00:00:01,02:00:00:00:00:02,0x88b5,reverse,1,1002
1379,1787044754002778,l_left,4,outgoing,256,02:00:00:00:00:01,02:00:00:00:00:02,0x88b5,reverse,1,1003
1380,1787044754003023,l_left,4,outgoing,256,02:00:00:00:00:01,02:00:00:00:00:02,0x88b5,reverse,1,1004
1381,1787044754003272,l_left,4,outgoing,256,02:00:00:00:00:01,02:00:00:00:00:02,0x88b5,reverse,1,1005
1382,1787044754003517,l_left,4,outgoing,256,02:00:00:00:00:01,02:00:00:00:00:02,0x88b5,reverse,1,1006
1383,1787044754003773,l_left,4,outgoing,256,02:00:00:00:00:01,02:00:00:00:00:02,0x88b5,reverse,1,1007
1384,1787044754004349,l_left,3,otherhost,256,02:00:00:00:00:02,02:00:00:00:00:01,0x88b5,forward,1,376
1385,1787044754004386,l_left,3,otherhost,256,02:00:00:00:00:02,02:00:00:00:00:01,0x88b5,forward,1,377
1386,1787044754010733,l_left,3,otherhost,256,02:00:00:00:00:02,02:00:00:00:00:01,0x88b5,forward,1,378
1387,1787044754010769,l_left,3,otherhost,256,02:00:00:00:00:02,02:00:00:00:00:01,0x88b5,forward,1,379
1388,1787044754010987,l_left,3,otherhost,256,02:00:00:00:00:02,02:00:00:00:00:01,0x88b5,forward,1,380
1389,1787044754011230,l_left,3,otherhost,256,02:00:00:00:00:02,02:00:00:00:00:01,0x88b5,forward,1,381
1390,1787044754011836,l_left,4,outgoing,256,02:00:00:00:00:01,02:00:00:00:00:02,0x88b5,reverse,1,1008
1391,1787044754011873,l_left,4,outgoing,256,02:00:00:00:00:01,02:00:00:00:00:02,0x88b5,reverse,1,1009
1392,1787044754211910,l_left,4,outgoing,256,02:00:00:00:00:01,02:00:00:00:00:02,0x88b5,reverse,1,1010
1393,1787044754211972,l_left,4,outgoing,256,02:00:00:00:00:01,02:00:00:00:00:02,0x88b5,reverse,1,1011
1394,1787044754211994,l_left,4,outgoing,256,02:00:00:00:00:01,02:00:00:00:00:02,0x88b5,reverse,1,1012
1395,1787044754212019,l_left,4,outgoing,256,02:00:00:00:00:01,02:00:00:00:00:02,0x88b5,reverse,1,1013
1396,1787044754212035,l_left,4,outgoing,256,02:00:00:00:00:01,02:00:00:00:00:02,0x88b5,reverse,1,1014
1397,1787044754212051,l_left,4,outgoing,256,02:00:00:00:00:01,02:00:00:00:00:02,0x88b5,reverse,1,1015
1398,1787044754212065,l_left,4,outgoing,256,02:00:00:00:00:01,02:00:00:00:00:02,0x88b5,reverse,1,1016
1399,1787044754212319,l_left,4,outgoing,256,02:00:00:00:00:01,02:00:00:00:00:02,0x88b5,reverse,1,1017
1400,1787044754212571,l_left,4,outgoing,256,02:00:00:00:00:01,02:00:00:00:00:02,0x88b5,reverse,1,1018
1401,1787044754212820,l_left,4,outgoing,256,02:00:00:00:00:01,02:00:00:00:00:02,0x88b5,reverse,1,1019
1402,1787044754213078,l_left,4,outgoing,256,02:00:00:00:00:01,02:00:00:00:00:02,0x88b5,reverse,1,1020
1403,1787044754213228,l_left,4,outgoing,256,02:00:00:00:00:01,02:00:00:00:00:02,0x88b5,reverse,1,1021
1404,1787044754213529,l_left,4,outgoing,256,02:00:00:00:00:01,02:00:00:00:00:02,0x88b5,reverse,1,1022
1405,1787044754213777,l_left,4,outgoing,256,02:00:00:00:00:01,02:00:00:00:00:02,0x88b5,reverse,1,1023
1406,1787044754214379,l_left,3,otherhost,256,02:00:00:00:00:02,02:00:00:00:00:01,0x88b5,forward,1,382
1407,1787044754214415,l_left,3,otherhost,256,02:00:00:00:00:02,02:00:00:00:00:01,0x88b5,forward,1,383
1408,1787044754220900,l_left,3,otherhost,256,02:00:00:00:00:02,02:00:00:00:00:01,0x88b5,forward,1,384
1409,1787044754220936,l_left,3,otherhost,256,02:00:00:00:00:02,02:00:00:00:00:01,0x88b5,forward,1,385
1410,1787044754220982,l_left,3,otherhost,256,02:00:00:00:00:02,02:00:00:00:00:01,0x88b5,forward,1,386
1411,1787044754221217,l_left,3,otherhost,256,02:00:00:00:00:02,02:00:00:00:00:01,0x88b5,forward,1,387
1412,1787044754221777,l_left,4,outgoing,256,02:00:00:00:00:01,02:00:00:00:00:02,0x88b5,reverse,1,1024
1413,1787044754221813,l_left,4,outgoing,256,02:00:00:00:00:01,02:00:00:00:00:02,0x88b5,reverse,1,1025
1414,1787044754421805,l_left,4,outgoing,256,02:00:00:00:00:01,02:00:00:00:00:02,0x88b5,reverse,1,1026
1415,1787044754421874,l_left,4,outgoing,256,02:00:00:00:00:01,02:00:00:00:00:02,0x88b5,reverse,1,1027
1416,1787044754421897,l_left,4,outgoing,256,02:00:00:00:00:01,02:00:00:00:00:02,0x88b5,reverse,1,1028
1417,1787044754421913,l_left,4,outgoing,256,02:00:00:00:00:01,02:00:00:00:00:02,0x88b5,reverse,1,1029
1418,1787044754421929,l_left,4,outgoing,256,02:00:00:00:00:01,02:00:00:00:00:02,0x88b5,reverse,1,1030
1419,1787044754421949,l_left,4,outgoing,256,02:00:00:00:00:01,02:00:00:00:00:02,0x88b5,reverse,1,1031
1420,1787044754421999,l_left,4,outgoing,256,02:00:00:00:00:01,02:00:00:00:00:02,0x88b5,reverse,1,1032
1421,1787044754422320,l_left,4,outgoing,256,02:00:00:00:00:01,02:00:00:00:00:02,0x88b5,reverse,1,1033
1422,1787044754422570,l_left,4,outgoing,256,02:00:00:00:00:01,02:00:00:00:00:02,0x88b5,reverse,1,1034
1423,1787044754422783,l_left,4,outgoing,256,02:00:00:00:00:01,02:00:00:00:00:02,0x88b5,reverse,1,1035
1424,1787044754423022,l_left,4,outgoing,256,02:00:00:00:00:01,02:00:00:00:00:02,0x88b5,reverse,1,1036
1425,1787044754423270,l_left,4,outgoing,256,02:00:00:00:00:01,02:00:00:00:00:02,0x88b5,reverse,1,1037
1426,1787044754423517,l_left,4,outgoing,256,02:00:00:00:00:01,02:00:00:00:00:02,0x88b5,reverse,1,1038
1427,1787044754423780,l_left,4,outgoing,256,02:00:00:00:00:01,02:00:00:00:00:02,0x88b5,reverse,1,1039
1428,1787044754424261,l_left,3,otherhost,256,02:00:00:00:00:02,02:00:00:00:00:01,0x88b5,forward,1,388
1429,1787044754424289,l_left,3,otherhost,256,02:00:00:00:00:02,02:00:00:00:00:01,0x88b5,forward,1,389
1430,1787044754430732,l_left,3,otherhost,256,02:00:00:00:00:02,02:00:00:00:00:01,0x88b5,forward,1,390
1431,1787044754430768,l_left,3,otherhost,256,02:00:00:00:00:02,02:00:00:00:00:01,0x88b5,forward,1,391
1432,1787044754430982,l_left,3,otherhost,256,02:00:00:00:00:02,02:00:00:00:00:01,0x88b5,forward,1,392
1433,1787044754431234,l_left,3,otherhost,256,02:00:00:00:00:02,02:00:00:00:00:01,0x88b5,forward,1,393
1434,1787044754431847,l_left,4,outgoing,256,02:00:00:00:00:01,02:00:00:00:00:02,0x88b5,reverse,1,1040
1435,1787044754431883,l_left,4,outgoing,256,02:00:00:00:00:01,02:00:00:00:00:02,0x88b5,reverse,1,1041
1436,1787044754631784,l_left,4,outgoing,256,02:00:00:00:00:01,02:00:00:00:00:02,0x88b5,reverse,1,1042
1437,1787044754631845,l_left,4,outgoing,256,02:00:00:00:00:01,02:00:00:00:00:02,0x88b5,reverse,1,1043
1438,1787044754631873,l_left,4,outgoing,256,02:00:00:00:00:01,02:00:00:00:00:02,0x88b5,reverse,1,1044
1439,1787044754631890,l_left,4,outgoing,256,02:00:00:00:00:01,02:00:00:00:00:02,0x88b5,reverse,1,1045
1440,1787044754631912,l_left,4,outgoing,256,02:00:00:00:00:01,02:00:00:00:00:02,0x88b5,reverse,1,1046
1441,1787044754631927,l_left,4,outgoing,256,02:00:00:00:00:01,02:00:00:00:00:02,0x88b5,reverse,1,1047
1442,1787044754632129,l_left,4,outgoing,256,02:00:00:00:00:01,02:00:00:00:00:02,0x88b5,reverse,1,1048
1443,1787044754632349,l_left,4,outgoing,256,02:00:00:00:00:01,02:00:00:00:00:02,0x88b5,reverse,1,1049
1444,1787044754632607,l_left,4,outgoing,256,02:00:00:00:00:01,02:00:00:00:00:02,0x88b5,reverse,1,1050
1445,1787044754632849,l_left,4,outgoing,256,02:00:00:00:00:01,02:00:00:00:00:02,0x88b5,reverse,1,1051
1446,1787044754633096,l_left,4,outgoing,256,02:00:00:00:00:01,02:00:00:00:00:02,0x88b5,reverse,1,1052
1447,1787044754633314,l_left,4,outgoing,256,02:00:00:00:00:01,02:00:00:00:00:02,0x88b5,reverse,1,1053
1448,1787044754633605,l_left,4,outgoing,256,02:00:00:00:00:01,02:00:00:00:00:02,0x88b5,reverse,1,1054
1449,1787044754633844,l_left,4,outgoing,256,02:00:00:00:00:01,02:00:00:00:00:02,0x88b5,reverse,1,1055
1450,1787044754634191,l_left,3,otherhost,256,02:00:00:00:00:02,02:00:00:00:00:01,0x88b5,forward,1,394
1451,1787044754634215,l_left,3,otherhost,256,02:00:00:00:00:02,02:00:00:00:00:01,0x88b5,forward,1,395
1452,1787044754640844,l_left,3,otherhost,256,02:00:00:00:00:02,02:00:00:00:00:01,0x88b5,forward,1,396
1453,1787044754640879,l_left,3,otherhost,256,02:00:00:00:00:02,02:00:00:00:00:01,0x88b5,forward,1,397
1454,1787044754641012,l_left,3,otherhost,256,02:00:00:00:00:02,02:00:00:00:00:01,0x88b5,forward,1,398
1455,1787044754641190,l_left,3,otherhost,256,02:00:00:00:00:02,02:00:00:00:00:01,0x88b5,forward,1,399
1456,1787044754641719,l_left,4,outgoing,256,02:00:00:00:00:01,02:00:00:00:00:02,0x88b5,reverse,1,1056
1457,1787044754641744,l_left,4,outgoing,256,02:00:00:00:00:01,02:00:00:00:00:02,0x88b5,reverse,1,1057
1458,1787044754841897,l_left,4,outgoing,256,02:00:00:00:00:01,02:00:00:00:00:02,0x88b5,reverse,1,1058
1459,1787044754841959,l_left,4,outgoing,256,02:00:00:00:00:01,02:00:00:00:00:02,0x88b5,reverse,1,1059
1460,1787044754841981,l_left,4,outgoing,256,02:00:00:00:00:01,02:00:00:00:00:02,0x88b5,reverse,1,1060
1461,1787044754842009,l_left,4,outgoing,256,02:00:00:00:00:01,02:00:00:00:00:02,0x88b5,reverse,1,1061
1462,1787044754842026,l_left,4,outgoing,256,02:00:00:00:00:01,02:00:00:00:00:02,0x88b5,reverse,1,1062
1463,1787044754842042,l_left,4,outgoing,256,02:00:00:00:00:01,02:00:00:00:00:02,0x88b5,reverse,1,1063
1464,1787044754842057,l_left,4,outgoing,256,02:00:00:00:00:01,02:00:00:00:00:02,0x88b5,reverse,1,1064
1465,1787044754842346,l_left,4,outgoing,256,02:00:00:00:00:01,02:00:00:00:00:02,0x88b5,reverse,1,1065
1466,1787044754842597,l_left,4,outgoing,256,02:00:00:00:00:01,02:00:00:00:00:02,0x88b5,reverse,1,1066
1467,1787044754842852,l_left,4,outgoing,256,02:00:00:00:00:01,02:00:00:00:00:02,0x88b5,reverse,1,1067
1468,1787044754843098,l_left,4,outgoing,256,02:00:00:00:00:01,02:00:00:00:00:02,0x88b5,reverse,1,1068
1469,1787044754843357,l_left,4,outgoing,256,02:00:00:00:00:01,02:00:00:00:00:02,0x88b5,reverse,1,1069
1470,1787044754843604,l_left,4,outgoing,256,02:00:00:00:00:01,02:00:00:00:00:02,0x88b5,reverse,1,1070
1471,1787044754843837,l_left,4,outgoing,256,02:00:00:00:00:01,02:00:00:00:00:02,0x88b5,reverse,1,1071
1472,1787044754844396,l_left,3,otherhost,256,02:00:00:00:00:02,02:00:00:00:00:01,0x88b5,forward,1,400
1473,1787044754844432,l_left,3,otherhost,256,02:00:00:00:00:02,02:00:00:00:00:01,0x88b5,forward,1,401
1474,1787044754850743,l_left,3,otherhost,256,02:00:00:00:00:02,02:00:00:00:00:01,0x88b5,forward,1,402
1475,1787044754850787,l_left,3,otherhost,256,02:00:00:00:00:02,02:00:00:00:00:01,0x88b5,forward,1,403
1476,1787044754850982,l_left,3,otherhost,256,02:00:00:00:00:02,02:00:00:00:00:01,0x88b5,forward,1,404
1477,1787044754851229,l_left,3,otherhost,256,02:00:00:00:00:02,02:00:00:00:00:01,0x88b5,forward,1,405
1478,1787044754851913,l_left,4,outgoing,256,02:00:00:00:00:01,02:00:00:00:00:02,0x88b5,reverse,1,1072
1479,1787044754851942,l_left,4,outgoing,256,02:00:00:00:00:01,02:00:00:00:00:02,0x88b5,reverse,1,1073
1480,1787044755051759,l_left,4,outgoing,256,02:00:00:00:00:01,02:00:00:00:00:02,0x88b5,reverse,1,1074
1481,1787044755051827,l_left,4,outgoing,256,02:00:00:00:00:01,02:00:00:00:00:02,0x88b5,reverse,1,1075
1482,1787044755051849,l_left,4,outgoing,256,02:00:00:00:00:01,02:00:00:00:00:02,0x88b5,reverse,1,1076
1483,1787044755051865,l_left,4,outgoing,256,02:00:00:00:00:01,02:00:00:00:00:02,0x88b5,reverse,1,1077
1484,1787044755051881,l_left,4,outgoing,256,02:00:00:00:00:01,02:00:00:00:00:02,0x88b5,reverse,1,1078
1485,1787044755051895,l_left,4,outgoing,256,02:00:00:00:00:01,02:00:00:00:00:02,0x88b5,reverse,1,1079
1486,1787044755052039,l_left,4,outgoing,256,02:00:00:00:00:01,02:00:00:00:00:02,0x88b5,reverse,1,1080
1487,1787044755052346,l_left,4,outgoing,256,02:00:00:00:00:01,02:00:00:00:00:02,0x88b5,reverse,1,1081
1488,1787044755052596,l_left,4,outgoing,256,02:00:00:00:00:01,02:00:00:00:00:02,0x88b5,reverse,1,1082
1489,1787044755052847,l_left,4,outgoing,256,02:00:00:00:00:01,02:00:00:00:00:02,0x88b5,reverse,1,1083
1490,1787044755053105,l_left,4,outgoing,256,02:00:00:00:00:01,02:00:00:00:00:02,0x88b5,reverse,1,1084
1491,1787044755053280,l_left,4,outgoing,256,02:00:00:00:00:01,02:00:00:00:00:02,0x88b5,reverse,1,1085
1492,1787044755053596,l_left,4,outgoing,256,02:00:00:00:00:01,02:00:00:00:00:02,0x88b5,reverse,1,1086
1493,1787044755053820,l_left,4,outgoing,256,02:00:00:00:00:01,02:00:00:00:00:02,0x88b5,reverse,1,1087
1494,1787044755054217,l_left,3,otherhost,256,02:00:00:00:00:02,02:00:00:00:00:01,0x88b5,forward,1,406
1495,1787044755054237,l_left,3,otherhost,256,02:00:00:00:00:02,02:00:00:00:00:01,0x88b5,forward,1,407
1496,1787044755060885,l_left,3,otherhost,256,02:00:00:00:00:02,02:00:00:00:00:01,0x88b5,forward,1,408
1497,1787044755060933,l_left,3,otherhost,256,02:00:00:00:00:02,02:00:00:00:00:01,0x88b5,forward,1,409
1498,1787044755061231,l_left,3,otherhost,256,02:00:00:00:00:02,02:00:00:00:00:01,0x88b5,forward,1,410
1499,1787044755061266,l_left,3,otherhost,256,02:00:00:00:00:02,02:00:00:00:00:01,0x88b5,forward,1,411
1500,1787044755061873,l_left,4,outgoing,256,02:00:00:00:00:01,02:00:00:00:00:02,0x88b5,reverse,1,1088
1501,1787044755061912,l_left,4,outgoing,256,02:00:00:00:00:01,02:00:00:00:00:02,0x88b5,reverse,1,1089
1502,1787044755261887,l_left,4,outgoing,256,02:00:00:00:00:01,02:00:00:00:00:02,0x88b5,reverse,1,1090
1503,1787044755261954,l_left,4,outgoing,256,02:00:00:00:00:01,02:00:00:00:00:02,0x88b5,reverse,1,1091
1504,1787044755261976,l_left,4,outgoing,256,02:00:00:00:00:01,02:00:00:00:00:02,0x88b5,reverse,1,1092
1505,1787044755261994,l_left,4,outgoing,256,02:00:00:00:00:01,02:00:00:00:00:02,0x88b5,reverse,1,1093
1506,1787044755262008,l_left,4,outgoing,256,02:00:00:00:00:01,02:00:00:00:00:02,0x88b5,reverse,1,1094
1507,1787044755262036,l_left,4,outgoing,256,02:00:00:00:00:01,02:00:00:00:00:02,0x88b5,reverse,1,1095
1508,1787044755262051,l_left,4,outgoing,256,02:00:00:00:00:01,02:00:00:00:00:02,0x88b5,reverse,1,1096
1509,1787044755262359,l_left,4,outgoing,256,02:00:00:00:00:01,02:00:00:00:00:02,0x88b5,reverse,1,1097
1510,1787044755262602,l_left,4,outgoing,256,02:00:00:00:00:01,02:00:00:00:00:02,0x88b5,reverse,1,1098
1511,1787044755262903,l_left,4,outgoing,256,02:00:00:00:00:01,02:00:00:00:00:02,0x88b5,reverse,1,1099
1512,1787044755263111,l_left,4,outgoing,256,02:00:00:00:00:01,02:00:00:00:00:02,0x88b5,reverse,1,1100
1513,1787044755263352,l_left,4,outgoing,256,02:00:00:00:00:01,02:00:00:00:00:02,0x88b5,reverse,1,1101
1514,1787044755263597,l_left,4,outgoing,256,02:00:00:00:00:01,02:00:00:00:00:02,0x88b5,reverse,1,1102
1515,1787044755263836,l_left,4,outgoing,256,02:00:00:00:00:01,02:00:00:00:00:02,0x88b5,reverse,1,1103
1516,1787044755264143,l_left,3,otherhost,256,02:00:00:00:00:02,02:00:00:00:00:01,0x88b5,forward,1,412
1517,1787044755264240,l_left,3,otherhost,256,02:00:00:00:00:02,02:00:00:00:00:01,0x88b5,forward,1,413
1518,1787044755270755,l_left,3,otherhost,256,02:00:00:00:00:02,02:00:00:00:00:01,0x88b5,forward,1,414
1519,1787044755270785,l_left,3,otherhost,256,02:00:00:00:00:02,02:00:00:00:00:01,0x88b5,forward,1,415
1520,1787044755270983,l_left,3,otherhost,256,02:00:00:00:00:02,02:00:00:00:00:01,0x88b5,forward,1,416
1521,1787044755271234,l_left,3,otherhost,256,02:00:00:00:00:02,02:00:00:00:00:01,0x88b5,forward,1,417
1522,1787044755271855,l_left,4,outgoing,256,02:00:00:00:00:01,02:00:00:00:00:02,0x88b5,reverse,1,1104
1523,1787044755271936,l_left,4,outgoing,256,02:00:00:00:00:01,02:00:00:00:00:02,0x88b5,reverse,1,1105
1524,1787044755471487,l_left,4,outgoing,256,02:00:00:00:00:01,02:00:00:00:00:02,0x88b5,reverse,1,1106
1525,1787044755471548,l_left,4,outgoing,256,02:00:00:00:00:01,02:00:00:00:00:02,0x88b5,reverse,1,1107
1526,1787044755471570,l_left,4,outgoing,256,02:00:00:00:00:01,02:00:00:00:00:02,0x88b5,reverse,1,1108
1527,1787044755471586,l_left,4,outgoing,256,02:00:00:00:00:01,02:00:00:00:00:02,0x88b5,reverse,1,1109
1528,1787044755471606,l_left,4,outgoing,256,02:00:00:00:00:01,02:00:00:00:00:02,0x88b5,reverse,1,1110
1529,1787044755471864,l_left,4,outgoing,256,02:00:00:00:00:01,02:00:00:00:00:02,0x88b5,reverse,1,1111
1530,1787044755472104,l_left,4,outgoing,256,02:00:00:00:00:01,02:00:00:00:00:02,0x88b5,reverse,1,1112
1531,1787044755472354,l_left,4,outgoing,256,02:00:00:00:00:01,02:00:00:00:00:02,0x88b5,reverse,1,1113
1532,1787044755472606,l_left,4,outgoing,256,02:00:00:00:00:01,02:00:00:00:00:02,0x88b5,reverse,1,1114
1533,1787044755472864,l_left,4,outgoing,256,02:00:00:00:00:01,02:00:00:00:00:02,0x88b5,reverse,1,1115
1534,1787044755473101,l_left,4,outgoing,256,02:00:00:00:00:01,02:00:00:00:00:02,0x88b5,reverse,1,1116
1535,1787044755473215,l_left,4,outgoing,256,02:00:00:00:00:01,02:00:00:00:00:02,0x88b5,reverse,1,1117
1536,1787044755473498,l_left,4,outgoing,256,02:00:00:00:00:01,02:00:00:00:00:02,0x88b5,reverse,1,1118
1537,1787044755473733,l_left,4,outgoing,256,02:00:00:00:00:01,02:00:00:00:00:02,0x88b5,reverse,1,1119
1538,1787044755474206,l_left,3,otherhost,256,02:00:00:00:00:02,02:00:00:00:00:01,0x88b5,forward,1,418
1539,1787044755474224,l_left,3,otherhost,256,02:00:00:00:00:02,02:00:00:00:00:01,0x88b5,forward,1,419
1540,1787044755480752,l_left,3,otherhost,256,02:00:00:00:00:02,02:00:00:00:00:01,0x88b5,forward,1,420
1541,1787044755480770,l_left,3,otherhost,256,02:00:00:00:00:02,02:00:00:00:00:01,0x88b5,forward,1,421
1542,1787044755481034,l_left,3,otherhost,256,02:00:00:00:00:02,02:00:00:00:00:01,0x88b5,forward,1,422
1543,1787044755481189,l_left,3,otherhost,256,02:00:00:00:00:02,02:00:00:00:00:01,0x88b5,forward,1,423
1544,1787044755481712,l_left,4,outgoing,256,02:00:00:00:00:01,02:00:00:00:00:02,0x88b5,reverse,1,1120
1545,1787044755481734,l_left,4,outgoing,256,02:00:00:00:00:01,02:00:00:00:00:02,0x88b5,reverse,1,1121
1546,1787044755681864,l_left,4,outgoing,256,02:00:00:00:00:01,02:00:00:00:00:02,0x88b5,reverse,1,1122
1547,1787044755681926,l_left,4,outgoing,256,02:00:00:00:00:01,02:00:00:00:00:02,0x88b5,reverse,1,1123
1548,1787044755681955,l_left,4,outgoing,256,02:00:00:00:00:01,02:00:00:00:00:02,0x88b5,reverse,1,1124
1549,1787044755681971,l_left,4,outgoing,256,02:00:00:00:00:01,02:00:00:00:00:02,0x88b5,reverse,1,1125
1550,1787044755681987,l_left,4,outgoing,256,02:00:00:00:00:01,02:00:00:00:00:02,0x88b5,reverse,1,1126
1551,1787044755682000,l_left,4,outgoing,256,02:00:00:00:00:01,02:00:00:00:00:02,0x88b5,reverse,1,1127
1552,1787044755682014,l_left,4,outgoing,256,02:00:00:00:00:01,02:00:00:00:00:02,0x88b5,reverse,1,1128
1553,1787044755682353,l_left,4,outgoing,256,02:00:00:00:00:01,02:00:00:00:00:02,0x88b5,reverse,1,1129
1554,1787044755682607,l_left,4,outgoing,256,02:00:00:00:00:01,02:00:00:00:00:02,0x88b5,reverse,1,1130
1555,1787044755682846,l_left,4,outgoing,256,02:00:00:00:00:01,02:00:00:00:00:02,0x88b5,reverse,1,1131
1556,1787044755683096,l_left,4,outgoing,256,02:00:00:00:00:01,02:00:00:00:00:02,0x88b5,reverse,1,1132
1557,1787044755683347,l_left,4,outgoing,256,02:00:00:00:00:01,02:00:00:00:00:02,0x88b5,reverse,1,1133
1558,1787044755683595,l_left,4,outgoing,256,02:00:00:00:00:01,02:00:00:00:00:02,0x88b5,reverse,1,1134
1559,1787044755683836,l_left,4,outgoing,256,02:00:00:00:00:01,02:00:00:00:00:02,0x88b5,reverse,1,1135
1560,1787044755684406,l_left,3,otherhost,256,02:00:00:00:00:02,02:00:00:00:00:01,0x88b5,forward,1,424
1561,1787044755684452,l_left,3,otherhost,256,02:00:00:00:00:02,02:00:00:00:00:01,0x88b5,forward,1,425
1562,1787044755690845,l_left,3,otherhost,256,02:00:00:00:00:02,02:00:00:00:00:01,0x88b5,forward,1,426
1563,1787044755690877,l_left,3,otherhost,256,02:00:00:00:00:02,02:00:00:00:00:01,0x88b5,forward,1,427
1564,1787044755690969,l_left,3,otherhost,256,02:00:00:00:00:02,02:00:00:00:00:01,0x88b5,forward,1,428
1565,1787044755691216,l_left,3,otherhost,256,02:00:00:00:00:02,02:00:00:00:00:01,0x88b5,forward,1,429
1566,1787044755692081,l_left,4,outgoing,256,02:00:00:00:00:01,02:00:00:00:00:02,0x88b5,reverse,1,1136
1567,1787044755692110,l_left,4,outgoing,256,02:00:00:00:00:01,02:00:00:00:00:02,0x88b5,reverse,1,1137
1568,1787044755891523,l_left,4,outgoing,256,02:00:00:00:00:01,02:00:00:00:00:02,0x88b5,reverse,1,1138
1569,1787044755891583,l_left,4,outgoing,256,02:00:00:00:00:01,02:00:00:00:00:02,0x88b5,reverse,1,1139
1570,1787044755891605,l_left,4,outgoing,256,02:00:00:00:00:01,02:00:00:00:00:02,0x88b5,reverse,1,1140
1571,1787044755891621,l_left,4,outgoing,256,02:00:00:00:00:01,02:00:00:00:00:02,0x88b5,reverse,1,1141
1572,1787044755891640,l_left,4,outgoing,256,02:00:00:00:00:01,02:00:00:00:00:02,0x88b5,reverse,1,1142
1573,1787044755891767,l_left,4,outgoing,256,02:00:00:00:00:01,02:00:00:00:00:02,0x88b5,reverse,1,1143
1574,1787044755892104,l_left,4,outgoing,256,02:00:00:00:00:01,02:00:00:00:00:02,0x88b5,reverse,1,1144
1575,1787044755892360,l_left,4,outgoing,256,02:00:00:00:00:01,02:00:00:00:00:02,0x88b5,reverse,1,1145
1576,1787044755892605,l_left,4,outgoing,256,02:00:00:00:00:01,02:00:00:00:00:02,0x88b5,reverse,1,1146
1577,1787044755892848,l_left,4,outgoing,256,02:00:00:00:00:01,02:00:00:00:00:02,0x88b5,reverse,1,1147
1578,1787044755893085,l_left,4,outgoing,256,02:00:00:00:00:01,02:00:00:00:00:02,0x88b5,reverse,1,1148
1579,1787044755893837,l_left,4,outgoing,256,02:00:00:00:00:01,02:00:00:00:00:02,0x88b5,reverse,1,1149
1580,1787044755893873,l_left,4,outgoing,256,02:00:00:00:00:01,02:00:00:00:00:02,0x88b5,reverse,1,1150
1581,1787044755893900,l_left,4,outgoing,256,02:00:00:00:00:01,02:00:00:00:00:02,0x88b5,reverse,1,1151
1582,1787044755894529,l_left,3,otherhost,256,02:00:00:00:00:02,02:00:00:00:00:01,0x88b5,forward,1,430
1583,1787044755894565,l_left,3,otherhost,256,02:00:00:00:00:02,02:00:00:00:00:01,0x88b5,forward,1,431
1584,1787044755900885,l_left,3,otherhost,256,02:00:00:00:00:02,02:00:00:00:00:01,0x88b5,forward,1,432
1585,1787044755900932,l_left,3,otherhost,256,02:00:00:00:00:02,02:00:00:00:00:01,0x88b5,forward,1,433
1586,1787044755900994,l_left,3,otherhost,256,02:00:00:00:00:02,02:00:00:00:00:01,0x88b5,forward,1,434
1587,1787044755901220,l_left,3,otherhost,256,02:00:00:00:00:02,02:00:00:00:00:01,0x88b5,forward,1,435
1588,1787044755901855,l_left,4,outgoing,256,02:00:00:00:00:01,02:00:00:00:00:02,0x88b5,reverse,1,1152
1589,1787044755901892,l_left,4,outgoing,256,02:00:00:00:00:01,02:00:00:00:00:02,0x88b5,reverse,1,1153
1590,1787044756101516,l_left,4,outgoing,256,02:00:00:00:00:01,02:00:00:00:00:02,0x88b5,reverse,1,1154
1591,1787044756101578,l_left,4,outgoing,256,02:00:00:00:00:01,02:00:00:00:00:02,0x88b5,reverse,1,1155
1592,1787044756101601,l_left,4,outgoing,256,02:00:00:00:00:01,02:00:00:00:00:02,0x88b5,reverse,1,1156
1593,1787044756101621,l_left,4,outgoing,256,02:00:00:00:00:01,02:00:00:00:00:02,0x88b5,reverse,1,1157
1594,1787044756101636,l_left,4,outgoing,256,02:00:00:00:00:01,02:00:00:00:00:02,0x88b5,reverse,1,1158
1595,1787044756101861,l_left,4,outgoing,256,02:00:00:00:00:01,02:00:00:00:00:02,0x88b5,reverse,1,1159
1596,1787044756102104,l_left,4,outgoing,256,02:00:00:00:00:01,02:00:00:00:00:02,0x88b5,reverse,1,1160
1597,1787044756102349,l_left,4,outgoing,256,02:00:00:00:00:01,02:00:00:00:00:02,0x88b5,reverse,1,1161
1598,1787044756102599,l_left,4,outgoing,256,02:00:00:00:00:01,02:00:00:00:00:02,0x88b5,reverse,1,1162
1599,1787044756102837,l_left,4,outgoing,256,02:00:00:00:00:01,02:00:00:00:00:02,0x88b5,reverse,1,1163
1600,1787044756103061,l_left,4,outgoing,256,02:00:00:00:00:01,02:00:00:00:00:02,0x88b5,reverse,1,1164
1601,1787044756103306,l_left,4,outgoing,256,02:00:00:00:00:01,02:00:00:00:00:02,0x88b5,reverse,1,1165
1602,1787044756103525,l_left,4,outgoing,256,02:00:00:00:00:01,02:00:00:00:00:02,0x88b5,reverse,1,1166
1603,1787044756103744,l_left,4,outgoing,256,02:00:00:00:00:01,02:00:00:00:00:02,0x88b5,reverse,1,1167
1604,1787044756104860,l_left,3,otherhost,256,02:00:00:00:00:02,02:00:00:00:00:01,0x88b5,forward,1,436
1605,1787044756104901,l_left,3,otherhost,256,02:00:00:00:00:02,02:00:00:00:00:01,0x88b5,forward,1,437
1606,1787044756110762,l_left,3,otherhost,256,02:00:00:00:00:02,02:00:00:00:00:01,0x88b5,forward,1,438
1607,1787044756110793,l_left,3,otherhost,256,02:00:00:00:00:02,02:00:00:00:00:01,0x88b5,forward,1,439
1608,1787044756110999,l_left,3,otherhost,256,02:00:00:00:00:02,02:00:00:00:00:01,0x88b5,forward,1,440
1609,1787044756111238,l_left,3,otherhost,256,02:00:00:00:00:02,02:00:00:00:00:01,0x88b5,forward,1,441
1610,1787044756111928,l_left,4,outgoing,256,02:00:00:00:00:01,02:00:00:00:00:02,0x88b5,reverse,1,1168
1611,1787044756111970,l_left,4,outgoing,256,02:00:00:00:00:01,02:00:00:00:00:02,0x88b5,reverse,1,1169
1612,1787044756311490,l_left,4,outgoing,256,02:00:00:00:00:01,02:00:00:00:00:02,0x88b5,reverse,1,1170
1613,1787044756311560,l_left,4,outgoing,256,02:00:00:00:00:01,02:00:00:00:00:02,0x88b5,reverse,1,1171
1614,1787044756311588,l_left,4,outgoing,256,02:00:00:00:00:01,02:00:00:00:00:02,0x88b5,reverse,1,1172
1615,1787044756311608,l_left,4,outgoing,256,02:00:00:00:00:01,02:00:00:00:00:02,0x88b5,reverse,1,1173
1616,1787044756311624,l_left,4,outgoing,256,02:00:00:00:00:01,02:00:00:00:00:02,0x88b5,reverse,1,1174
1617,1787044756311835,l_left,4,outgoing,256,02:00:00:00:00:01,02:00:00:00:00:02,0x88b5,reverse,1,1175
1618,1787044756312105,l_left,4,outgoing,256,02:00:00:00:00:01,02:00:00:00:00:02,0x88b5,reverse,1,1176
1619,1787044756312367,l_left,4,outgoing,256,02:00:00:00:00:01,02:00:00:00:00:02,0x88b5,reverse,1,1177
1620,1787044756312605,l_left,4,outgoing,256,02:00:00:00:00:01,02:00:00:00:00:02,0x88b5,reverse,1,1178
1621,1787044756312853,l_left,4,outgoing,256,02:00:00:00:00:01,02:00:00:00:00:02,0x88b5,reverse,1,1179
1622,1787044756313169,l_left,4,outgoing,256,02:00:00:00:00:01,02:00:00:00:00:02,0x88b5,reverse,1,1180
1623,1787044756313427,l_left,4,outgoing,256,02:00:00:00:00:01,02:00:00:00:00:02,0x88b5,reverse,1,1181
1624,1787044756313497,l_left,4,outgoing,256,02:00:00:00:00:01,02:00:00:00:00:02,0x88b5,reverse,1,1182
1625,1787044756313816,l_left,4,outgoing,256,02:00:00:00:00:01,02:00:00:00:00:02,0x88b5,reverse,1,1183
1626,1787044756314192,l_left,3,otherhost,256,02:00:00:00:00:02,02:00:00:00:00:01,0x88b5,forward,1,442
1627,1787044756314216,l_left,3,otherhost,256,02:00:00:00:00:02,02:00:00:00:00:01,0x88b5,forward,1,443
1628,1787044756320879,l_left,3,otherhost,256,02:00:00:00:00:02,02:00:00:00:00:01,0x88b5,forward,1,444
1629,1787044756320921,l_left,3,otherhost,256,02:00:00:00:00:02,02:00:00:00:00:01,0x88b5,forward,1,445
1630,1787044756321153,l_left,3,otherhost,256,02:00:00:00:00:02,02:00:00:00:00:01,0x88b5,forward,1,446
1631,1787044756321189,l_left,3,otherhost,256,02:00:00:00:00:02,02:00:00:00:00:01,0x88b5,forward,1,447
1632,1787044756321803,l_left,4,outgoing,256,02:00:00:00:00:01,02:00:00:00:00:02,0x88b5,reverse,1,1184
1633,1787044756321841,l_left,4,outgoing,256,02:00:00:00:00:01,02:00:00:00:00:02,0x88b5,reverse,1,1185
1634,1787044756521828,l_left,4,outgoing,256,02:00:00:00:00:01,02:00:00:00:00:02,0x88b5,reverse,1,1186
1635,1787044756521896,l_left,4,outgoing,256,02:00:00:00:00:01,02:00:00:00:00:02,0x88b5,reverse,1,1187
1636,1787044756521919,l_left,4,outgoing,256,02:00:00:00:00:01,02:00:00:00:00:02,0x88b5,reverse,1,1188
1637,1787044756521939,l_left,4,outgoing,256,02:00:00:00:00:01,02:00:00:00:00:02,0x88b5,reverse,1,1189
1638,1787044756521954,l_left,4,outgoing,256,02:00:00:00:00:01,02:00:00:00:00:02,0x88b5,reverse,1,1190
1639,1787044756521967,l_left,4,outgoing,256,02:00:00:00:00:01,02:00:00:00:00:02,0x88b5,reverse,1,1191
1640,1787044756521995,l_left,4,outgoing,256,02:00:00:00:00:01,02:00:00:00:00:02,0x88b5,reverse,1,1192
1641,1787044756522346,l_left,4,outgoing,256,02:00:00:00:00:01,02:00:00:00:00:02,0x88b5,reverse,1,1193
1642,1787044756522599,l_left,4,outgoing,256,02:00:00:00:00:01,02:00:00:00:00:02,0x88b5,reverse,1,1194
1643,1787044756522846,l_left,4,outgoing,256,02:00:00:00:00:01,02:00:00:00:00:02,0x88b5,reverse,1,1195
1644,1787044756523100,l_left,4,outgoing,256,02:00:00:00:00:01,02:00:00:00:00:02,0x88b5,reverse,1,1196
1645,1787044756523347,l_left,4,outgoing,256,02:00:00:00:00:01,02:00:00:00:00:02,0x88b5,reverse,1,1197
1646,1787044756523585,l_left,4,outgoing,256,02:00:00:00:00:01,02:00:00:00:00:02,0x88b5,reverse,1,1198
1647,1787044756523811,l_left,4,outgoing,256,02:00:00:00:00:01,02:00:00:00:00:02,0x88b5,reverse,1,1199
1648,1787044756524300,l_left,3,otherhost,256,02:00:00:00:00:02,02:00:00:00:00:01,0x88b5,forward,1,448
1649,1787044756524337,l_left,3,otherhost,256,02:00:00:00:00:02,02:00:00:00:00:01,0x88b5,forward,1,449
1650,1787044756530724,l_left,3,otherhost,256,02:00:00:00:00:02,02:00:00:00:00:01,0x88b5,forward,1,450
1651,1787044756530769,l_left,3,otherhost,256,02:00:00:00:00:02,02:00:00:00:00:01,0x88b5,forward,1,451
1652,1787044756531007,l_left,3,otherhost,256,02:00:00:00:00:02,02:00:00:00:00:01,0x88b5,forward,1,452
1653,1787044756531257,l_left,3,otherhost,256,02:00:00:00:00:02,02:00:00:00:00:01,0x88b5,forward,1,453
1654,1787044756531994,l_left,4,outgoing,256,02:00:00:00:00:01,02:00:00:00:00:02,0x88b5,reverse,1,1200
1655,1787044756532017,l_left,4,outgoing,256,02:00:00:00:00:01,02:00:00:00:00:02,0x88b5,reverse,1,1201
1656,1787044756731561,l_left,4,outgoing,256,02:00:00:00:00:01,02:00:00:00:00:02,0x88b5,reverse,1,1202
1657,1787044756731623,l_left,4,outgoing,256,02:00:00:00:00:01,02:00:00:00:00:02,0x88b5,reverse,1,1203
1658,1787044756731645,l_left,4,outgoing,256,02:00:00:00:00:01,02:00:00:00:00:02,0x88b5,reverse,1,1204
1659,1787044756731661,l_left,4,outgoing,256,02:00:00:00:00:01,02:00:00:00:00:02,0x88b5,reverse,1,1205
1660,1787044756731679,l_left,4,outgoing,256,02:00:00:00:00:01,02:00:00:00:00:02,0x88b5,reverse,1,1206
1661,1787044756731750,l_left,4,outgoing,256,02:00:00:00:00:01,02:00:00:00:00:02,0x88b5,reverse,1,1207
1662,1787044756732096,l_left,4,outgoing,256,02:00:00:00:00:01,02:00:00:00:00:02,0x88b5,reverse,1,1208
1663,1787044756732352,l_left,4,outgoing,256,02:00:00:00:00:01,02:00:00:00:00:02,0x88b5,reverse,1,1209
1664,1787044756732598,l_left,4,outgoing,256,02:00:00:00:00:01,02:00:00:00:00:02,0x88b5,reverse,1,1210
1665,1787044756732848,l_left,4,outgoing,256,02:00:00:00:00:01,02:00:00:00:00:02,0x88b5,reverse,1,1211
1666,1787044756733096,l_left,4,outgoing,256,02:00:00:00:00:01,02:00:00:00:00:02,0x88b5,reverse,1,1212
1667,1787044756733310,l_left,4,outgoing,256,02:00:00:00:00:01,02:00:00:00:00:02,0x88b5,reverse,1,1213
1668,1787044756733535,l_left,4,outgoing,256,02:00:00:00:00:01,02:00:00:00:00:02,0x88b5,reverse,1,1214
1669,1787044756733746,l_left,4,outgoing,256,02:00:00:00:00:01,02:00:00:00:00:02,0x88b5,reverse,1,1215
1670,1787044756734111,l_left,3,otherhost,256,02:00:00:00:00:02,02:00:00:00:00:01,0x88b5,forward,1,454
1671,1787044756734235,l_left,3,otherhost,256,02:00:00:00:00:02,02:00:00:00:00:01,0x88b5,forward,1,455
1672,1787044756740740,l_left,3,otherhost,256,02:00:00:00:00:02,02:00:00:00:00:01,0x88b5,forward,1,456
1673,1787044756740757,l_left,3,otherhost,256,02:00:00:00:00:02,02:00:00:00:00:01,0x88b5,forward,1,457
1674,1787044756741017,l_left,3,otherhost,256,02:00:00:00:00:02,02:00:00:00:00:01,0x88b5,forward,1,458
1675,1787044756741193,l_left,3,otherhost,256,02:00:00:00:00:02,02:00:00:00:00:01,0x88b5,forward,1,459
1676,1787044756741684,l_left,4,outgoing,256,02:00:00:00:00:01,02:00:00:00:00:02,0x88b5,reverse,1,1216
1677,1787044756741715,l_left,4,outgoing,256,02:00:00:00:00:01,02:00:00:00:00:02,0x88b5,reverse,1,1217
1678,1787044756941914,l_left,4,outgoing,256,02:00:00:00:00:01,02:00:00:00:00:02,0x88b5,reverse,1,1218
1679,1787044756941975,l_left,4,outgoing,256,02:00:00:00:00:01,02:00:00:00:00:02,0x88b5,reverse,1,1219
1680,1787044756941997,l_left,4,outgoing,256,02:00:00:00:00:01,02:00:00:00:00:02,0x88b5,reverse,1,1220
1681,1787044756942014,l_left,4,outgoing,256,02:00:00:00:00:01,02:00:00:00:00:02,0x88b5,reverse,1,1221
1682,1787044756942030,l_left,4,outgoing,256,02:00:00:00:00:01,02:00:00:00:00:02,0x88b5,reverse,1,1222
1683,1787044756942044,l_left,4,outgoing,256,02:00:00:00:00:01,02:00:00:00:00:02,0x88b5,reverse,1,1223
1684,1787044756942058,l_left,4,outgoing,256,02:00:00:00:00:01,02:00:00:00:00:02,0x88b5,reverse,1,1224
1685,1787044756942389,l_left,4,outgoing,256,02:00:00:00:00:01,02:00:00:00:00:02,0x88b5,reverse,1,1225
1686,1787044756942599,l_left,4,outgoing,256,02:00:00:00:00:01,02:00:00:00:00:02,0x88b5,reverse,1,1226
1687,1787044756942856,l_left,4,outgoing,256,02:00:00:00:00:01,02:00:00:00:00:02,0x88b5,reverse,1,1227
1688,1787044756943107,l_left,4,outgoing,256,02:00:00:00:00:01,02:00:00:00:00:02,0x88b5,reverse,1,1228
1689,1787044756943356,l_left,4,outgoing,256,02:00:00:00:00:01,02:00:00:00:00:02,0x88b5,reverse,1,1229
1690,1787044756943613,l_left,4,outgoing,256,02:00:00:00:00:01,02:00:00:00:00:02,0x88b5,reverse,1,1230
1691,1787044756943844,l_left,4,outgoing,256,02:00:00:00:00:01,02:00:00:00:00:02,0x88b5,reverse,1,1231
1692,1787044756944156,l_left,3,otherhost,256,02:00:00:00:00:02,02:00:00:00:00:01,0x88b5,forward,1,460
1693,1787044756944216,l_left,3,otherhost,256,02:00:00:00:00:02,02:00:00:00:00:01,0x88b5,forward,1,461
1694,1787044756950731,l_left,3,otherhost,256,02:00:00:00:00:02,02:00:00:00:00:01,0x88b5,forward,1,462
1695,1787044756950775,l_left,3,otherhost,256,02:00:00:00:00:02,02:00:00:00:00:01,0x88b5,forward,1,463
1696,1787044756950980,l_left,3,otherhost,256,02:00:00:00:00:02,02:00:00:00:00:01,0x88b5,forward,1,464
1697,1787044756951228,l_left,3,otherhost,256,02:00:00:00:00:02,02:00:00:00:00:01,0x88b5,forward,1,465
1698,1787044756951869,l_left,4,outgoing,256,02:00:00:00:00:01,02:00:00:00:00:02,0x88b5,reverse,1,1232
1699,1787044756951896,l_left,4,outgoing,256,02:00:00:00:00:01,02:00:00:00:00:02,0x88b5,reverse,1,1233
1700,1787044757151902,l_left,4,outgoing,256,02:00:00:00:00:01,02:00:00:00:00:02,0x88b5,reverse,1,1234
1701,1787044757151964,l_left,4,outgoing,256,02:00:00:00:00:01,02:00:00:00:00:02,0x88b5,reverse,1,1235
1702,1787044757151992,l_left,4,outgoing,256,02:00:00:00:00:01,02:00:00:00:00:02,0x88b5,reverse,1,1236
1703,1787044757152009,l_left,4,outgoing,256,02:00:00:00:00:01,02:00:00:00:00:02,0x88b5,reverse,1,1237
1704,1787044757152023,l_left,4,outgoing,256,02:00:00:00:00:01,02:00:00:00:00:02,0x88b5,reverse,1,1238
1705,1787044757152037,l_left,4,outgoing,256,02:00:00:00:00:01,02:00:00:00:00:02,0x88b5,reverse,1,1239
1706,1787044757152051,l_left,4,outgoing,256,02:00:00:00:00:01,02:00:00:00:00:02,0x88b5,reverse,1,1240
1707,1787044757152346,l_left,4,outgoing,256,02:00:00:00:00:01,02:00:00:00:00:02,0x88b5,reverse,1,1241
1708,1787044757152596,l_left,4,outgoing,256,02:00:00:00:00:01,02:00:00:00:00:02,0x88b5,reverse,1,1242
1709,1787044757152846,l_left,4,outgoing,256,02:00:00:00:00:01,02:00:00:00:00:02,0x88b5,reverse,1,1243
1710,1787044757153098,l_left,4,outgoing,256,02:00:00:00:00:01,02:00:00:00:00:02,0x88b5,reverse,1,1244
1711,1787044757153276,l_left,4,outgoing,256,02:00:00:00:00:01,02:00:00:00:00:02,0x88b5,reverse,1,1245
1712,1787044757153595,l_left,4,outgoing,256,02:00:00:00:00:01,02:00:00:00:00:02,0x88b5,reverse,1,1246
1713,1787044757153855,l_left,4,outgoing,256,02:00:00:00:00:01,02:00:00:00:00:02,0x88b5,reverse,1,1247
1714,1787044757154179,l_left,3,otherhost,256,02:00:00:00:00:02,02:00:00:00:00:01,0x88b5,forward,1,466
1715,1787044757154221,l_left,3,otherhost,256,02:00:00:00:00:02,02:00:00:00:00:01,0x88b5,forward,1,467
1716,1787044757161633,l_left,3,otherhost,256,02:00:00:00:00:02,02:00:00:00:00:01,0x88b5,forward,1,468
1717,1787044757161700,l_left,3,otherhost,256,02:00:00:00:00:02,02:00:00:00:00:01,0x88b5,forward,1,469
1718,1787044757161721,l_left,3,otherhost,256,02:00:00:00:00:02,02:00:00:00:00:01,0x88b5,forward,1,470
1719,1787044757161737,l_left,3,otherhost,256,02:00:00:00:00:02,02:00:00:00:00:01,0x88b5,forward,1,471
1720,1787044757161814,l_left,4,outgoing,256,02:00:00:00:00:01,02:00:00:00:00:02,0x88b5,reverse,1,1248
1721,1787044757161860,l_left,4,outgoing,256,02:00:00:00:00:01,02:00:00:00:00:02,0x88b5,reverse,1,1249
1722,1787044757361577,l_left,4,outgoing,256,02:00:00:00:00:01,02:00:00:00:00:02,0x88b5,reverse,1,1250
1723,1787044757361639,l_left,4,outgoing,256,02:00:00:00:00:01,02:00:00:00:00:02,0x88b5,reverse,1,1251
1724,1787044757361661,l_left,4,outgoing,256,02:00:00:00:00:01,02:00:00:00:00:02,0x88b5,reverse,1,1252
1725,1787044757361678,l_left,4,outgoing,256,02:00:00:00:00:01,02:00:00:00:00:02,0x88b5,reverse,1,1253
1726,1787044757361695,l_left,4,outgoing,256,02:00:00:00:00:01,02:00:00:00:00:02,0x88b5,reverse,1,1254
1727,1787044757361742,l_left,4,outgoing,256,02:00:00:00:00:01,02:00:00:00:00:02,0x88b5,reverse,1,1255
1728,1787044757362097,l_left,4,outgoing,256,02:00:00:00:00:01,02:00:00:00:00:02,0x88b5,reverse,1,1256
1729,1787044757362359,l_left,4,outgoing,256,02:00:00:00:00:01,02:00:00:00:00:02,0x88b5,reverse,1,1257
1730,1787044757362609,l_left,4,outgoing,256,02:00:00:00:00:01,02:00:00:00:00:02,0x88b5,reverse,1,1258
1731,1787044757362853,l_left,4,outgoing,256,02:00:00:00:00:01,02:00:00:00:00:02,0x88b5,reverse,1,1259
1732,1787044757363097,l_left,4,outgoing,256,02:00:00:00:00:01,02:00:00:00:00:02,0x88b5,reverse,1,1260
1733,1787044757363320,l_left,4,outgoing,256,02:00:00:00:00:01,02:00:00:00:00:02,0x88b5,reverse,1,1261
1734,1787044757363568,l_left,4,outgoing,256,02:00:00:00:00:01,02:00:00:00:00:02,0x88b5,reverse,1,1262
1735,1787044757363772,l_left,4,outgoing,256,02:00:00:00:00:01,02:00:00:00:00:02,0x88b5,reverse,1,1263
1736,1787044757364343,l_left,3,otherhost,256,02:00:00:00:00:02,02:00:00:00:00:01,0x88b5,forward,1,472
1737,1787044757364359,l_left,3,otherhost,256,02:00:00:00:00:02,02:00:00:00:00:01,0x88b5,forward,1,473
1738,1787044757370697,l_left,3,otherhost,256,02:00:00:00:00:02,02:00:00:00:00:01,0x88b5,forward,1,474
1739,1787044757370728,l_left,3,otherhost,256,02:00:00:00:00:02,02:00:00:00:00:01,0x88b5,forward,1,475
1740,1787044757370979,l_left,3,otherhost,256,02:00:00:00:00:02,02:00:00:00:00:01,0x88b5,forward,1,476
1741,1787044757371229,l_left,3,otherhost,256,02:00:00:00:00:02,02:00:00:00:00:01,0x88b5,forward,1,477
1742,1787044757371871,l_left,4,outgoing,256,02:00:00:00:00:01,02:00:00:00:00:02,0x88b5,reverse,1,1264
1743,1787044757371897,l_left,4,outgoing,256,02:00:00:00:00:01,02:00:00:00:00:02,0x88b5,reverse,1,1265
1744,1787044757571809,l_left,4,outgoing,256,02:00:00:00:00:01,02:00:00:00:00:02,0x88b5,reverse,1,1266
1745,1787044757571870,l_left,4,outgoing,256,02:00:00:00:00:01,02:00:00:00:00:02,0x88b5,reverse,1,1267
1746,1787044757571891,l_left,4,outgoing,256,02:00:00:00:00:01,02:00:00:00:00:02,0x88b5,reverse,1,1268
1747,1787044757571910,l_left,4,outgoing,256,02:00:00:00:00:01,02:00:00:00:00:02,0x88b5,reverse,1,1269
1748,1787044757571927,l_left,4,outgoing,256,02:00:00:00:00:01,02:00:00:00:00:02,0x88b5,reverse,1,1270
1749,1787044757571942,l_left,4,outgoing,256,02:00:00:00:00:01,02:00:00:00:00:02,0x88b5,reverse,1,1271
1750,1787044757572015,l_left,4,outgoing,256,02:00:00:00:00:01,02:00:00:00:00:02,0x88b5,reverse,1,1272
1751,1787044757572346,l_left,4,outgoing,256,02:00:00:00:00:01,02:00:00:00:00:02,0x88b5,reverse,1,1273
1752,1787044757572603,l_left,4,outgoing,256,02:00:00:00:00:01,02:00:00:00:00:02,0x88b5,reverse,1,1274
1753,1787044757572851,l_left,4,outgoing,256,02:00:00:00:00:01,02:00:00:00:00:02,0x88b5,reverse,1,1275
1754,1787044757573097,l_left,4,outgoing,256,02:00:00:00:00:01,02:00:00:00:00:02,0x88b5,reverse,1,1276
1755,1787044757573335,l_left,4,outgoing,256,02:00:00:00:00:01,02:00:00:00:00:02,0x88b5,reverse,1,1277
1756,1787044757573601,l_left,4,outgoing,256,02:00:00:00:00:01,02:00:00:00:00:02,0x88b5,reverse,1,1278
1757,1787044757573818,l_left,4,outgoing,256,02:00:00:00:00:01,02:00:00:00:00:02,0x88b5,reverse,1,1279
1758,1787044757574302,l_left,3,otherhost,256,02:00:00:00:00:02,02:00:00:00:00:01,0x88b5,forward,1,478
1759,1787044757574320,l_left,3,otherhost,256,02:00:00:00:00:02,02:00:00:00:00:01,0x88b5,forward,1,479
1760,1787044757581462,l_left,3,otherhost,256,02:00:00:00:00:02,02:00:00:00:00:01,0x88b5,forward,1,480
1761,1787044757581531,l_left,3,otherhost,256,02:00:00:00:00:02,02:00:00:00:00:01,0x88b5,forward,1,481
1762,1787044757581553,l_left,3,otherhost,256,02:00:00:00:00:02,02:00:00:00:00:01,0x88b5,forward,1,482
1763,1787044757581569,l_left,3,otherhost,256,02:00:00:00:00:02,02:00:00:00:00:01,0x88b5,forward,1,483
1764,1787044757581844,l_left,4,outgoing,256,02:00:00:00:00:01,02:00:00:00:00:02,0x88b5,reverse,1,1280
1765,1787044757581881,l_left,4,outgoing,256,02:00:00:00:00:01,02:00:00:00:00:02,0x88b5,reverse,1,1281
1766,1787044757781819,l_left,4,outgoing,256,02:00:00:00:00:01,02:00:00:00:00:02,0x88b5,reverse,1,1282
1767,1787044757781882,l_left,4,outgoing,256,02:00:00:00:00:01,02:00:00:00:00:02,0x88b5,reverse,1,1283
1768,1787044757781903,l_left,4,outgoing,256,02:00:00:00:00:01,02:00:00:00:00:02,0x88b5,reverse,1,1284
1769,1787044757781926,l_left,4,outgoing,256,02:00:00:00:00:01,02:00:00:00:00:02,0x88b5,reverse,1,1285
1770,1787044757781942,l_left,4,outgoing,256,02:00:00:00:00:01,02:00:00:00:00:02,0x88b5,reverse,1,1286
1771,1787044757781956,l_left,4,outgoing,256,02:00:00:00:00:01,02:00:00:00:00:02,0x88b5,reverse,1,1287
1772,1787044757781992,l_left,4,outgoing,256,02:00:00:00:00:01,02:00:00:00:00:02,0x88b5,reverse,1,1288
1773,1787044757782347,l_left,4,outgoing,256,02:00:00:00:00:01,02:00:00:00:00:02,0x88b5,reverse,1,1289
1774,1787044757782606,l_left,4,outgoing,256,02:00:00:00:00:01,02:00:00:00:00:02,0x88b5,reverse,1,1290
1775,1787044757782849,l_left,4,outgoing,256,02:00:00:00:00:01,02:00:00:00:00:02,0x88b5,reverse,1,1291
1776,1787044757783097,l_left,4,outgoing,256,02:00:00:00:00:01,02:00:00:00:00:02,0x88b5,reverse,1,1292
1777,1787044757783347,l_left,4,outgoing,256,02:00:00:00:00:01,02:00:00:00:00:02,0x88b5,reverse,1,1293
1778,1787044757783597,l_left,4,outgoing,256,02:00:00:00:00:01,02:00:00:00:00:02,0x88b5,reverse,1,1294
1779,1787044757784085,l_left,4,outgoing,256,02:00:00:00:00:01,02:00:00:00:00:02,0x88b5,reverse,1,1295
1780,1787044757784342,l_left,3,otherhost,256,02:00:00:00:00:02,02:00:00:00:00:01,0x88b5,forward,1,484
1781,1787044757784378,l_left,3,otherhost,256,02:00:00:00:00:02,02:00:00:00:00:01,0x88b5,forward,1,485
1782,1787044757790806,l_left,3,otherhost,256,02:00:00:00:00:02,02:00:00:00:00:01,0x88b5,forward,1,486
1783,1787044757790847,l_left,3,otherhost,256,02:00:00:00:00:02,02:00:00:00:00:01,0x88b5,forward,1,487
1784,1787044757791024,l_left,3,otherhost,256,02:00:00:00:00:02,02:00:00:00:00:01,0x88b5,forward,1,488
1785,1787044757791228,l_left,3,otherhost,256,02:00:00:00:00:02,02:00:00:00:00:01,0x88b5,forward,1,489
1786,1787044757791873,l_left,4,outgoing,256,02:00:00:00:00:01,02:00:00:00:00:02,0x88b5,reverse,1,1296
1787,1787044757791898,l_left,4,outgoing,256,02:00:00:00:00:01,02:00:00:00:00:02,0x88b5,reverse,1,1297
1788,1787044757991773,l_left,4,outgoing,256,02:00:00:00:00:01,02:00:00:00:00:02,0x88b5,reverse,1,1298
1789,1787044757991835,l_left,4,outgoing,256,02:00:00:00:00:01,02:00:00:00:00:02,0x88b5,reverse,1,1299
1790,1787044757991857,l_left,4,outgoing,256,02:00:00:00:00:01,02:00:00:00:00:02,0x88b5,reverse,1,1300
1791,1787044757991874,l_left,4,outgoing,256,02:00:00:00:00:01,02:00:00:00:00:02,0x88b5,reverse,1,1301
1792,1787044757991888,l_left,4,outgoing,256,02:00:00:00:00:01,02:00:00:00:00:02,0x88b5,reverse,1,1302
1793,1787044757991908,l_left,4,outgoing,256,02:00:00:00:00:01,02:00:00:00:00:02,0x88b5,reverse,1,1303
1794,1787044757992018,l_left,4,outgoing,256,02:00:00:00:00:01,02:00:00:00:00:02,0x88b5,reverse,1,1304
1795,1787044757992354,l_left,4,outgoing,256,02:00:00:00:00:01,02:00:00:00:00:02,0x88b5,reverse,1,1305
1796,1787044757992601,l_left,4,outgoing,256,02:00:00:00:00:01,02:00:00:00:00:02,0x88b5,reverse,1,1306
1797,1787044757992862,l_left,4,outgoing,256,02:00:00:00:00:01,02:00:00:00:00:02,0x88b5,reverse,1,1307
1798,1787044757993110,l_left,4,outgoing,256,02:00:00:00:00:01,02:00:00:00:00:02,0x88b5,reverse,1,1308
1799,1787044757993273,l_left,4,outgoing,256,02:00:00:00:00:01,02:00:00:00:00:02,0x88b5,reverse,1,1309
1800,1787044757993596,l_left,4,outgoing,256,02:00:00:00:00:01,02:00:00:00:00:02,0x88b5,reverse,1,1310
1801,1787044757993845,l_left,4,outgoing,256,02:00:00:00:00:01,02:00:00:00:00:02,0x88b5,reverse,1,1311
1802,1787044757994290,l_left,3,otherhost,256,02:00:00:00:00:02,02:00:00:00:00:01,0x88b5,forward,1,490
1803,1787044757994314,l_left,3,otherhost,256,02:00:00:00:00:02,02:00:00:00:00:01,0x88b5,forward,1,491
1804,1787044758001129,l_left,3,otherhost,256,02:00:00:00:00:02,02:00:00:00:00:01,0x88b5,forward,1,492
1805,1787044758001173,l_left,3,otherhost,256,02:00:00:00:00:02,02:00:00:00:00:01,0x88b5,forward,1,493
1806,1787044758001194,l_left,3,otherhost,256,02:00:00:00:00:02,02:00:00:00:00:01,0x88b5,forward,1,494
1807,1787044758001210,l_left,3,otherhost,256,02:00:00:00:00:02,02:00:00:00:00:01,0x88b5,forward,1,495
1808,1787044758001881,l_left,4,outgoing,256,02:00:00:00:00:01,02:00:00:00:00:02,0x88b5,reverse,1,1312
1809,1787044758001923,l_left,4,outgoing,256,02:00:00:00:00:01,02:00:00:00:00:02,0x88b5,reverse,1,1313
1810,1787044758201949,l_left,4,outgoing,256,02:00:00:00:00:01,02:00:00:00:00:02,0x88b5,reverse,1,1314
1811,1787044758202016,l_left,4,outgoing,256,02:00:00:00:00:01,02:00:00:00:00:02,0x88b5,reverse,1,1315
1812,1787044758202037,l_left,4,outgoing,256,02:00:00:00:00:01,02:00:00:00:00:02,0x88b5,reverse,1,1316
1813,1787044758202054,l_left,4,outgoing,256,02:00:00:00:00:01,02:00:00:00:00:02,0x88b5,reverse,1,1317
1814,1787044758202069,l_left,4,outgoing,256,02:00:00:00:00:01,02:00:00:00:00:02,0x88b5,reverse,1,1318
1815,1787044758202083,l_left,4,outgoing,256,02:00:00:00:00:01,02:00:00:00:00:02,0x88b5,reverse,1,1319
1816,1787044758202096,l_left,4,outgoing,256,02:00:00:00:00:01,02:00:00:00:00:02,0x88b5,reverse,1,1320
1817,1787044758202345,l_left,4,outgoing,256,02:00:00:00:00:01,02:00:00:00:00:02,0x88b5,reverse,1,1321
1818,1787044758202604,l_left,4,outgoing,256,02:00:00:00:00:01,02:00:00:00:00:02,0x88b5,reverse,1,1322
1819,1787044758202849,l_left,4,outgoing,256,02:00:00:00:00:01,02:00:00:00:00:02,0x88b5,reverse,1,1323
1820,1787044758203096,l_left,4,outgoing,256,02:00:00:00:00:01,02:00:00:00:00:02,0x88b5,reverse,1,1324
1821,1787044758203346,l_left,4,outgoing,256,02:00:00:00:00:01,02:00:00:00:00:02,0x88b5,reverse,1,1325
1822,1787044758203596,l_left,4,outgoing,256,02:00:00:00:00:01,02:00:00:00:00:02,0x88b5,reverse,1,1326
1823,1787044758203908,l_left,4,outgoing,256,02:00:00:00:00:01,02:00:00:00:00:02,0x88b5,reverse,1,1327
1824,1787044758204209,l_left,3,otherhost,256,02:00:00:00:00:02,02:00:00:00:00:01,0x88b5,forward,1,496
1825,1787044758204245,l_left,3,otherhost,256,02:00:00:00:00:02,02:00:00:00:00:01,0x88b5,forward,1,497
1826,1787044758210811,l_left,3,otherhost,256,02:00:00:00:00:02,02:00:00:00:00:01,0x88b5,forward,1,498
1827,1787044758210846,l_left,3,otherhost,256,02:00:00:00:00:02,02:00:00:00:00:01,0x88b5,forward,1,499
1828,1787044758211012,l_left,3,otherhost,256,02:00:00:00:00:02,02:00:00:00:00:01,0x88b5,forward,1,500
1829,1787044758211233,l_left,3,otherhost,256,02:00:00:00:00:02,02:00:00:00:00:01,0x88b5,forward,1,501
1830,1787044758211859,l_left,4,outgoing,256,02:00:00:00:00:01,02:00:00:00:00:02,0x88b5,reverse,1,1328
1831,1787044758211886,l_left,4,outgoing,256,02:00:00:00:00:01,02:00:00:00:00:02,0x88b5,reverse,1,1329
1832,1787044758411798,l_left,4,outgoing,256,02:00:00:00:00:01,02:00:00:00:00:02,0x88b5,reverse,1,1330
1833,1787044758411866,l_left,4,outgoing,256,02:00:00:00:00:01,02:00:00:00:00:02,0x88b5,reverse,1,1331
1834,1787044758411888,l_left,4,outgoing,256,02:00:00:00:00:01,02:00:00:00:00:02,0x88b5,reverse,1,1332
1835,1787044758411904,l_left,4,outgoing,256,02:00:00:00:00:01,02:00:00:00:00:02,0x88b5,reverse,1,1333
1836,1787044758411927,l_left,4,outgoing,256,02:00:00:00:00:01,02:00:00:00:00:02,0x88b5,reverse,1,1334
1837,1787044758411943,l_left,4,outgoing,256,02:00:00:00:00:01,02:00:00:00:00:02,0x88b5,reverse,1,1335
1838,1787044758411996,l_left,4,outgoing,256,02:00:00:00:00:01,02:00:00:00:00:02,0x88b5,reverse,1,1336
1839,1787044758412346,l_left,4,outgoing,256,02:00:00:00:00:01,02:00:00:00:00:02,0x88b5,reverse,1,1337
1840,1787044758412598,l_left,4,outgoing,256,02:00:00:00:00:01,02:00:00:00:00:02,0x88b5,reverse,1,1338
1841,1787044758412836,l_left,4,outgoing,256,02:00:00:00:00:01,02:00:00:00:00:02,0x88b5,reverse,1,1339
1842,1787044758413096,l_left,4,outgoing,256,02:00:00:00:00:01,02:00:00:00:00:02,0x88b5,reverse,1,1340
1843,1787044758413307,l_left,4,outgoing,256,02:00:00:00:00:01,02:00:00:00:00:02,0x88b5,reverse,1,1341
1844,1787044758413598,l_left,4,outgoing,256,02:00:00:00:00:01,02:00:00:00:00:02,0x88b5,reverse,1,1342
1845,1787044758413811,l_left,4,outgoing,256,02:00:00:00:00:01,02:00:00:00:00:02,0x88b5,reverse,1,1343
1846,1787044758414105,l_left,3,otherhost,256,02:00:00:00:00:02,02:00:00:00:00:01,0x88b5,forward,1,502
1847,1787044758414217,l_left,3,otherhost,256,02:00:00:00:00:02,02:00:00:00:00:01,0x88b5,forward,1,503
1848,1787044758420871,l_left,3,otherhost,256,02:00:00:00:00:02,02:00:00:00:00:01,0x88b5,forward,1,504
1849,1787044758420907,l_left,3,otherhost,256,02:00:00:00:00:02,02:00:00:00:00:01,0x88b5,forward,1,505
1850,1787044758421047,l_left,3,otherhost,256,02:00:00:00:00:02,02:00:00:00:00:01,0x88b5,forward,1,506
1851,1787044758421189,l_left,3,otherhost,256,02:00:00:00:00:02,02:00:00:00:00:01,0x88b5,forward,1,507
1852,1787044758421806,l_left,4,outgoing,256,02:00:00:00:00:01,02:00:00:00:00:02,0x88b5,reverse,1,1344
1853,1787044758421830,l_left,4,outgoing,256,02:00:00:00:00:01,02:00:00:00:00:02,0x88b5,reverse,1,1345
1854,1787044758621558,l_left,4,outgoing,256,02:00:00:00:00:01,02:00:00:00:00:02,0x88b5,reverse,1,1346
1855,1787044758621620,l_left,4,outgoing,256,02:00:00:00:00:01,02:00:00:00:00:02,0x88b5,reverse,1,1347
1856,1787044758621644,l_left,4,outgoing,256,02:00:00:00:00:01,02:00:00:00:00:02,0x88b5,reverse,1,1348
1857,1787044758621665,l_left,4,outgoing,256,02:00:00:00:00:01,02:00:00:00:00:02,0x88b5,reverse,1,1349
1858,1787044758621679,l_left,4,outgoing,256,02:00:00:00:00:01,02:00:00:00:00:02,0x88b5,reverse,1,1350
1859,1787044758621895,l_left,4,outgoing,256,02:00:00:00:00:01,02:00:00:00:00:02,0x88b5,reverse,1,1351
1860,1787044758622105,l_left,4,outgoing,256,02:00:00:00:00:01,02:00:00:00:00:02,0x88b5,reverse,1,1352
1861,1787044758622358,l_left,4,outgoing,256,02:00:00:00:00:01,02:00:00:00:00:02,0x88b5,reverse,1,1353
1862,1787044758622601,l_left,4,outgoing,256,02:00:00:00:00:01,02:00:00:00:00:02,0x88b5,reverse,1,1354
1863,1787044758622852,l_left,4,outgoing,256,02:00:00:00:00:01,02:00:00:00:00:02,0x88b5,reverse,1,1355
1864,1787044758623098,l_left,4,outgoing,256,02:00:00:00:00:01,02:00:00:00:00:02,0x88b5,reverse,1,1356
1865,1787044758623345,l_left,4,outgoing,256,02:00:00:00:00:01,02:00:00:00:00:02,0x88b5,reverse,1,1357
1866,1787044758623523,l_left,4,outgoing,256,02:00:00:00:00:01,02:00:00:00:00:02,0x88b5,reverse,1,1358
1867,1787044758623763,l_left,4,outgoing,256,02:00:00:00:00:01,02:00:00:00:00:02,0x88b5,reverse,1,1359
1868,1787044758624254,l_left,3,otherhost,256,02:00:00:00:00:02,02:00:00:00:00:01,0x88b5,forward,1,508
1869,1787044758624291,l_left,3,otherhost,256,02:00:00:00:00:02,02:00:00:00:00:01,0x88b5,forward,1,509
1870,1787044758630716,l_left,3,otherhost,256,02:00:00:00:00:02,02:00:00:00:00:01,0x88b5,forward,1,510
1871,1787044758630741,l_left,3,otherhost,256,02:00:00:00:00:02,02:00:00:00:00:01,0x88b5,forward,1,511
1872,1787044758631024,l_left,3,otherhost,256,02:00:00:00:00:02,02:00:00:00:00:01,0x88b5,forward,1,512
1873,1787044758631257,l_left,3,otherhost,256,02:00:00:00:00:02,02:00:00:00:00:01,0x88b5,forward,1,513
1874,1787044758631768,l_left,4,outgoing,256,02:00:00:00:00:01,02:00:00:00:00:02,0x88b5,reverse,1,1360
1875,1787044758631804,l_left,4,outgoing,256,02:00:00:00:00:01,02:00:00:00:00:02,0x88b5,reverse,1,1361
1876,1787044758831522,l_left,4,outgoing,256,02:00:00:00:00:01,02:00:00:00:00:02,0x88b5,reverse,1,1362
1877,1787044758831590,l_left,4,outgoing,256,02:00:00:00:00:01,02:00:00:00:00:02,0x88b5,reverse,1,1363
1878,1787044758831613,l_left,4,outgoing,256,02:00:00:00:00:01,02:00:00:00:00:02,0x88b5,reverse,1,1364
1879,1787044758831636,l_left,4,outgoing,256,02:00:00:00:00:01,02:00:00:00:00:02,0x88b5,reverse,1,1365
1880,1787044758831652,l_left,4,outgoing,256,02:00:00:00:00:01,02:00:00:00:00:02,0x88b5,reverse,1,1366
1881,1787044758831983,l_left,4,outgoing,256,02:00:00:00:00:01,02:00:00:00:00:02,0x88b5,reverse,1,1367
1882,1787044758832025,l_left,4,outgoing,256,02:00:00:00:00:01,02:00:00:00:00:02,0x88b5,reverse,1,1368
1883,1787044758832346,l_left,4,outgoing,256,02:00:00:00:00:01,02:00:00:00:00:02,0x88b5,reverse,1,1369
1884,1787044758832596,l_left,4,outgoing,256,02:00:00:00:00:01,02:00:00:00:00:02,0x88b5,reverse,1,1370
1885,1787044758832846,l_left,4,outgoing,256,02:00:00:00:00:01,02:00:00:00:00:02,0x88b5,reverse,1,1371
1886,1787044758833097,l_left,4,outgoing,256,02:00:00:00:00:01,02:00:00:00:00:02,0x88b5,reverse,1,1372
1887,1787044758833249,l_left,4,outgoing,256,02:00:00:00:00:01,02:00:00:00:00:02,0x88b5,reverse,1,1373
1888,1787044758833556,l_left,4,outgoing,256,02:00:00:00:00:01,02:00:00:00:00:02,0x88b5,reverse,1,1374
1889,1787044758833786,l_left,4,outgoing,256,02:00:00:00:00:01,02:00:00:00:00:02,0x88b5,reverse,1,1375
1890,1787044758834225,l_left,3,otherhost,256,02:00:00:00:00:02,02:00:00:00:00:01,0x88b5,forward,1,514
1891,1787044758834245,l_left,3,otherhost,256,02:00:00:00:00:02,02:00:00:00:00:01,0x88b5,forward,1,515
1892,1787044758840966,l_left,3,otherhost,256,02:00:00:00:00:02,02:00:00:00:00:01,0x88b5,forward,1,516
1893,1787044758841014,l_left,3,otherhost,256,02:00:00:00:00:02,02:00:00:00:00:01,0x88b5,forward,1,517
1894,1787044758841035,l_left,3,otherhost,256,02:00:00:00:00:02,02:00:00:00:00:01,0x88b5,forward,1,518
1895,1787044758841221,l_left,3,otherhost,256,02:00:00:00:00:02,02:00:00:00:00:01,0x88b5,forward,1,519
1896,1787044758841875,l_left,4,outgoing,256,02:00:00:00:00:01,02:00:00:00:00:02,0x88b5,reverse,1,1376
1897,1787044758841898,l_left,4,outgoing,256,02:00:00:00:00:01,02:00:00:00:00:02,0x88b5,reverse,1,1377
1898,1787044759041784,l_left,4,outgoing,256,02:00:00:00:00:01,02:00:00:00:00:02,0x88b5,reverse,1,1378
1899,1787044759041853,l_left,4,outgoing,256,02:00:00:00:00:01,02:00:00:00:00:02,0x88b5,reverse,1,1379
1900,1787044759041875,l_left,4,outgoing,256,02:00:00:00:00:01,02:00:00:00:00:02,0x88b5,reverse,1,1380
1901,1787044759041892,l_left,4,outgoing,256,02:00:00:00:00:01,02:00:00:00:00:02,0x88b5,reverse,1,1381
1902,1787044759041908,l_left,4,outgoing,256,02:00:00:00:00:01,02:00:00:00:00:02,0x88b5,reverse,1,1382
1903,1787044759041923,l_left,4,outgoing,256,02:00:00:00:00:01,02:00:00:00:00:02,0x88b5,reverse,1,1383
1904,1787044759042193,l_left,4,outgoing,256,02:00:00:00:00:01,02:00:00:00:00:02,0x88b5,reverse,1,1384
1905,1787044759042466,l_left,4,outgoing,256,02:00:00:00:00:01,02:00:00:00:00:02,0x88b5,reverse,1,1385
1906,1787044759042526,l_left,4,outgoing,256,02:00:00:00:00:01,02:00:00:00:00:02,0x88b5,reverse,1,1386
1907,1787044759042848,l_left,4,outgoing,256,02:00:00:00:00:01,02:00:00:00:00:02,0x88b5,reverse,1,1387
1908,1787044759043095,l_left,4,outgoing,256,02:00:00:00:00:01,02:00:00:00:00:02,0x88b5,reverse,1,1388
1909,1787044759043345,l_left,4,outgoing,256,02:00:00:00:00:01,02:00:00:00:00:02,0x88b5,reverse,1,1389
1910,1787044759043602,l_left,4,outgoing,256,02:00:00:00:00:01,02:00:00:00:00:02,0x88b5,reverse,1,1390
1911,1787044759043784,l_left,4,outgoing,256,02:00:00:00:00:01,02:00:00:00:00:02,0x88b5,reverse,1,1391
1912,1787044759044261,l_left,3,otherhost,256,02:00:00:00:00:02,02:00:00:00:00:01,0x88b5,forward,1,520
1913,1787044759044280,l_left,3,otherhost,256,02:00:00:00:00:02,02:00:00:00:00:01,0x88b5,forward,1,521
1914,1787044759050829,l_left,3,otherhost,256,02:00:00:00:00:02,02:00:00:00:00:01,0x88b5,forward,1,522
1915,1787044759050873,l_left,3,otherhost,256,02:00:00:00:00:02,02:00:00:00:00:01,0x88b5,forward,1,523
1916,1787044759051018,l_left,3,otherhost,256,02:00:00:00:00:02,02:00:00:00:00:01,0x88b5,forward,1,524
1917,1787044759051339,l_left,3,otherhost,256,02:00:00:00:00:02,02:00:00:00:00:01,0x88b5,forward,1,525
1918,1787044759051878,l_left,4,outgoing,256,02:00:00:00:00:01,02:00:00:00:00:02,0x88b5,reverse,1,1392
1919,1787044759051913,l_left,4,outgoing,256,02:00:00:00:00:01,02:00:00:00:00:02,0x88b5,reverse,1,1393
1920,1787044759251838,l_left,4,outgoing,256,02:00:00:00:00:01,02:00:00:00:00:02,0x88b5,reverse,1,1394
1921,1787044759251900,l_left,4,outgoing,256,02:00:00:00:00:01,02:00:00:00:00:02,0x88b5,reverse,1,1395
1922,1787044759251922,l_left,4,outgoing,256,02:00:00:00:00:01,02:00:00:00:00:02,0x88b5,reverse,1,1396
1923,1787044759251948,l_left,4,outgoing,256,02:00:00:00:00:01,02:00:00:00:00:02,0x88b5,reverse,1,1397
1924,1787044759251964,l_left,4,outgoing,256,02:00:00:00:00:01,02:00:00:00:00:02,0x88b5,reverse,1,1398
1925,1787044759251979,l_left,4,outgoing,256,02:00:00:00:00:01,02:00:00:00:00:02,0x88b5,reverse,1,1399
1926,1787044759251993,l_left,4,outgoing,256,02:00:00:00:00:01,02:00:00:00:00:02,0x88b5,reverse,1,1400
1927,1787044759252353,l_left,4,outgoing,256,02:00:00:00:00:01,02:00:00:00:00:02,0x88b5,reverse,1,1401
1928,1787044759252613,l_left,4,outgoing,256,02:00:00:00:00:01,02:00:00:00:00:02,0x88b5,reverse,1,1402
1929,1787044759252857,l_left,4,outgoing,256,02:00:00:00:00:01,02:00:00:00:00:02,0x88b5,reverse,1,1403
1930,1787044759253090,l_left,4,outgoing,256,02:00:00:00:00:01,02:00:00:00:00:02,0x88b5,reverse,1,1404
1931,1787044759253317,l_left,4,outgoing,256,02:00:00:00:00:01,02:00:00:00:00:02,0x88b5,reverse,1,1405
1932,1787044759253615,l_left,4,outgoing,256,02:00:00:00:00:01,02:00:00:00:00:02,0x88b5,reverse,1,1406
1933,1787044759253848,l_left,4,outgoing,256,02:00:00:00:00:01,02:00:00:00:00:02,0x88b5,reverse,1,1407
1934,1787044759254197,l_left,3,otherhost,256,02:00:00:00:00:02,02:00:00:00:00:01,0x88b5,forward,1,526
1935,1787044759254234,l_left,3,otherhost,256,02:00:00:00:00:02,02:00:00:00:00:01,0x88b5,forward,1,527
1936,1787044759261089,l_left,3,otherhost,256,02:00:00:00:00:02,02:00:00:00:00:01,0x88b5,forward,1,528
1937,1787044759261136,l_left,3,otherhost,256,02:00:00:00:00:02,02:00:00:00:00:01,0x88b5,forward,1,529
1938,1787044759261183,l_left,3,otherhost,256,02:00:00:00:00:02,02:00:00:00:00:01,0x88b5,forward,1,530
1939,1787044759261200,l_left,3,otherhost,256,02:00:00:00:00:02,02:00:00:00:00:01,0x88b5,forward,1,531
1940,1787044759261824,l_left,4,outgoing,256,02:00:00:00:00:01,02:00:00:00:00:02,0x88b5,reverse,1,1408
1941,1787044759261860,l_left,4,outgoing,256,02:00:00:00:00:01,02:00:00:00:00:02,0x88b5,reverse,1,1409
1942,1787044759461861,l_left,4,outgoing,256,02:00:00:00:00:01,02:00:00:00:00:02,0x88b5,reverse,1,1410
1943,1787044759461923,l_left,4,outgoing,256,02:00:00:00:00:01,02:00:00:00:00:02,0x88b5,reverse,1,1411
1944,1787044759461952,l_left,4,outgoing,256,02:00:00:00:00:01,02:00:00:00:00:02,0x88b5,reverse,1,1412
1945,1787044759461968,l_left,4,outgoing,256,02:00:00:00:00:01,02:00:00:00:00:02,0x88b5,reverse,1,1413
1946,1787044759461984,l_left,4,outgoing,256,02:00:00:00:00:01,02:00:00:00:00:02,0x88b5,reverse,1,1414
1947,1787044759461998,l_left,4,outgoing,256,02:00:00:00:00:01,02:00:00:00:00:02,0x88b5,reverse,1,1415
1948,1787044759462262,l_left,4,outgoing,256,02:00:00:00:00:01,02:00:00:00:00:02,0x88b5,reverse,1,1416
1949,1787044759462300,l_left,4,outgoing,256,02:00:00:00:00:01,02:00:00:00:00:02,0x88b5,reverse,1,1417
1950,1787044759462604,l_left,4,outgoing,256,02:00:00:00:00:01,02:00:00:00:00:02,0x88b5,reverse,1,1418
1951,1787044759462858,l_left,4,outgoing,256,02:00:00:00:00:01,02:00:00:00:00:02,0x88b5,reverse,1,1419
1952,1787044759463119,l_left,4,outgoing,256,02:00:00:00:00:01,02:00:00:00:00:02,0x88b5,reverse,1,1420
1953,1787044759463372,l_left,4,outgoing,256,02:00:00:00:00:01,02:00:00:00:00:02,0x88b5,reverse,1,1421
1954,1787044759463616,l_left,4,outgoing,256,02:00:00:00:00:01,02:00:00:00:00:02,0x88b5,reverse,1,1422
1955,1787044759463839,l_left,4,outgoing,256,02:00:00:00:00:01,02:00:00:00:00:02,0x88b5,reverse,1,1423
1956,1787044759464386,l_left,3,otherhost,256,02:00:00:00:00:02,02:00:00:00:00:01,0x88b5,forward,1,532
1957,1787044759464430,l_left,3,otherhost,256,02:00:00:00:00:02,02:00:00:00:00:01,0x88b5,forward,1,533
1958,1787044759470895,l_left,3,otherhost,256,02:00:00:00:00:02,02:00:00:00:00:01,0x88b5,forward,1,534
1959,1787044759470939,l_left,3,otherhost,256,02:00:00:00:00:02,02:00:00:00:00:01,0x88b5,forward,1,535
1960,1787044759471123,l_left,3,otherhost,256,02:00:00:00:00:02,02:00:00:00:00:01,0x88b5,forward,1,536
1961,1787044759471233,l_left,3,otherhost,256,02:00:00:00:00:02,02:00:00:00:00:01,0x88b5,forward,1,537
1962,1787044759471774,l_left,4,outgoing,256,02:00:00:00:00:01,02:00:00:00:00:02,0x88b5,reverse,1,1424
1963,1787044759471810,l_left,4,outgoing,256,02:00:00:00:00:01,02:00:00:00:00:02,0x88b5,reverse,1,1425
1964,1787044759671794,l_left,4,outgoing,256,02:00:00:00:00:01,02:00:00:00:00:02,0x88b5,reverse,1,1426
1965,1787044759671866,l_left,4,outgoing,256,02:00:00:00:00:01,02:00:00:00:00:02,0x88b5,reverse,1,1427
1966,1787044759671888,l_left,4,outgoing,256,02:00:00:00:00:01,02:00:00:00:00:02,0x88b5,reverse,1,1428
1967,1787044759671906,l_left,4,outgoing,256,02:00:00:00:00:01,02:00:00:00:00:02,0x88b5,reverse,1,1429
1968,1787044759671924,l_left,4,outgoing,256,02:00:00:00:00:01,02:00:00:00:00:02,0x88b5,reverse,1,1430
1969,1787044759671943,l_left,4,outgoing,256,02:00:00:00:00:01,02:00:00:00:00:02,0x88b5,reverse,1,1431
1970,1787044759672000,l_left,4,outgoing,256,02:00:00:00:00:01,02:00:00:00:00:02,0x88b5,reverse,1,1432
1971,1787044759672362,l_left,4,outgoing,256,02:00:00:00:00:01,02:00:00:00:00:02,0x88b5,reverse,1,1433
1972,1787044759672612,l_left,4,outgoing,256,02:00:00:00:00:01,02:00:00:00:00:02,0x88b5,reverse,1,1434
1973,1787044759672871,l_left,4,outgoing,256,02:00:00:00:00:01,02:00:00:00:00:02,0x88b5,reverse,1,1435
1974,1787044759673122,l_left,4,outgoing,256,02:00:00:00:00:01,02:00:00:00:00:02,0x88b5,reverse,1,1436
1975,1787044759673330,l_left,4,outgoing,256,02:00:00:00:00:01,02:00:00:00:00:02,0x88b5,reverse,1,1437
1976,1787044759673606,l_left,4,outgoing,256,02:00:00:00:00:01,02:00:00:00:00:02,0x88b5,reverse,1,1438
1977,1787044759673808,l_left,4,outgoing,256,02:00:00:00:00:01,02:00:00:00:00:02,0x88b5,reverse,1,1439
1978,1787044759674147,l_left,3,otherhost,256,02:00:00:00:00:02,02:00:00:00:00:01,0x88b5,forward,1,538
1979,1787044759674172,l_left,3,otherhost,256,02:00:00:00:00:02,02:00:00:00:00:01,0x88b5,forward,1,539
1980,1787044759680980,l_left,3,otherhost,256,02:00:00:00:00:02,02:00:00:00:00:01,0x88b5,forward,1,540
1981,1787044759681017,l_left,3,otherhost,256,02:00:00:00:00:02,02:00:00:00:00:01,0x88b5,forward,1,541
1982,1787044759681260,l_left,3,otherhost,256,02:00:00:00:00:02,02:00:00:00:00:01,0x88b5,forward,1,542
1983,1787044759681296,l_left,3,otherhost,256,02:00:00:00:00:02,02:00:00:00:00:01,0x88b5,forward,1,543
1984,1787044759681792,l_left,4,outgoing,256,02:00:00:00:00:01,02:00:00:00:00:02,0x88b5,reverse,1,1440
1985,1787044759681812,l_left,4,outgoing,256,02:00:00:00:00:01,02:00:00:00:00:02,0x88b5,reverse,1,1441
1986,1787044759881497,l_left,4,outgoing,256,02:00:00:00:00:01,02:00:00:00:00:02,0x88b5,reverse,1,1442
1987,1787044759881558,l_left,4,outgoing,256,02:00:00:00:00:01,02:00:00:00:00:02,0x88b5,reverse,1,1443
1988,1787044759881576,l_left,4,outgoing,256,02:00:00:00:00:01,02:00:00:00:00:02,0x88b5,reverse,1,1444
1989,1787044759881592,l_left,4,outgoing,256,02:00:00:00:00:01,02:00:00:00:00:02,0x88b5,reverse,1,1445
1990,1787044759881606,l_left,4,outgoing,256,02:00:00:00:00:01,02:00:00:00:00:02,0x88b5,reverse,1,1446
1991,1787044759881863,l_left,4,outgoing,256,02:00:00:00:00:01,02:00:00:00:00:02,0x88b5,reverse,1,1447
1992,1787044759882109,l_left,4,outgoing,256,02:00:00:00:00:01,02:00:00:00:00:02,0x88b5,reverse,1,1448
1993,1787044759882356,l_left,4,outgoing,256,02:00:00:00:00:01,02:00:00:00:00:02,0x88b5,reverse,1,1449
1994,1787044759882618,l_left,4,outgoing,256,02:00:00:00:00:01,02:00:00:00:00:02,0x88b5,reverse,1,1450
1995,1787044759882867,l_left,4,outgoing,256,02:00:00:00:00:01,02:00:00:00:00:02,0x88b5,reverse,1,1451
1996,1787044759883081,l_left,4,outgoing,256,02:00:00:00:00:01,02:00:00:00:00:02,0x88b5,reverse,1,1452
1997,1787044759883283,l_left,4,outgoing,256,02:00:00:00:00:01,02:00:00:00:00:02,0x88b5,reverse,1,1453
1998,1787044759883523,l_left,4,outgoing,256,02:00:00:00:00:01,02:00:00:00:00:02,0x88b5,reverse,1,1454
1999,1787044759883775,l_left,4,outgoing,256,02:00:00:00:00:01,02:00:00:00:00:02,0x88b5,reverse,1,1455
2000,1787044759884916,l_left,3,otherhost,256,02:00:00:00:00:02,02:00:00:00:00:01,0x88b5,forward,1,544
2001,1787044759884932,l_left,3,otherhost,256,02:00:00:00:00:02,02:00:00:00:00:01,0x88b5,forward,1,545
2002,1787044759891161,l_left,3,otherhost,256,02:00:00:00:00:02,02:00:00:00:00:01,0x88b5,forward,1,546
2003,1787044759891179,l_left,3,otherhost,256,02:00:00:00:00:02,02:00:00:00:00:01,0x88b5,forward,1,547
2004,1787044759891194,l_left,3,otherhost,256,02:00:00:00:00:02,02:00:00:00:00:01,0x88b5,forward,1,548
2005,1787044759891207,l_left,3,otherhost,256,02:00:00:00:00:02,02:00:00:00:00:01,0x88b5,forward,1,549
2006,1787044759891577,l_left,4,outgoing,256,02:00:00:00:00:01,02:00:00:00:00:02,0x88b5,reverse,1,1456
2007,1787044759891734,l_left,4,outgoing,256,02:00:00:00:00:01,02:00:00:00:00:02,0x88b5,reverse,1,1457
2008,1787044760091514,l_left,4,outgoing,256,02:00:00:00:00:01,02:00:00:00:00:02,0x88b5,reverse,1,1458
2009,1787044760091576,l_left,4,outgoing,256,02:00:00:00:00:01,02:00:00:00:00:02,0x88b5,reverse,1,1459
2010,1787044760091599,l_left,4,outgoing,256,02:00:00:00:00:01,02:00:00:00:00:02,0x88b5,reverse,1,1460
2011,1787044760091631,l_left,4,outgoing,256,02:00:00:00:00:01,02:00:00:00:00:02,0x88b5,reverse,1,1461
2012,1787044760091648,l_left,4,outgoing,256,02:00:00:00:00:01,02:00:00:00:00:02,0x88b5,reverse,1,1462
2013,1787044760091754,l_left,4,outgoing,256,02:00:00:00:00:01,02:00:00:00:00:02,0x88b5,reverse,1,1463
2014,1787044760092103,l_left,4,outgoing,256,02:00:00:00:00:01,02:00:00:00:00:02,0x88b5,reverse,1,1464
2015,1787044760092368,l_left,4,outgoing,256,02:00:00:00:00:01,02:00:00:00:00:02,0x88b5,reverse,1,1465
2016,1787044760092623,l_left,4,outgoing,256,02:00:00:00:00:01,02:00:00:00:00:02,0x88b5,reverse,1,1466
2017,1787044760092866,l_left,4,outgoing,256,02:00:00:00:00:01,02:00:00:00:00:02,0x88b5,reverse,1,1467
2018,1787044760093106,l_left,4,outgoing,256,02:00:00:00:00:01,02:00:00:00:00:02,0x88b5,reverse,1,1468
2019,1787044760093253,l_left,4,outgoing,256,02:00:00:00:00:01,02:00:00:00:00:02,0x88b5,reverse,1,1469
2020,1787044760093564,l_left,4,outgoing,256,02:00:00:00:00:01,02:00:00:00:00:02,0x88b5,reverse,1,1470
2021,1787044760093747,l_left,4,outgoing,256,02:00:00:00:00:01,02:00:00:00:00:02,0x88b5,reverse,1,1471
2022,1787044760094350,l_left,3,otherhost,256,02:00:00:00:00:02,02:00:00:00:00:01,0x88b5,forward,1,550
2023,1787044760094369,l_left,3,otherhost,256,02:00:00:00:00:02,02:00:00:00:00:01,0x88b5,forward,1,551
2024,1787044760100768,l_left,3,otherhost,256,02:00:00:00:00:02,02:00:00:00:00:01,0x88b5,forward,1,552
2025,1787044760100801,l_left,3,otherhost,256,02:00:00:00:00:02,02:00:00:00:00:01,0x88b5,forward,1,553
2026,1787044760101079,l_left,3,otherhost,256,02:00:00:00:00:02,02:00:00:00:00:01,0x88b5,forward,1,554
2027,1787044760101188,l_left,3,otherhost,256,02:00:00:00:00:02,02:00:00:00:00:01,0x88b5,forward,1,555
2028,1787044760101760,l_left,4,outgoing,256,02:00:00:00:00:01,02:00:00:00:00:02,0x88b5,reverse,1,1472
2029,1787044760101785,l_left,4,outgoing,256,02:00:00:00:00:01,02:00:00:00:00:02,0x88b5,reverse,1,1473
2030,1787044760301854,l_left,4,outgoing,256,02:00:00:00:00:01,02:00:00:00:00:02,0x88b5,reverse,1,1474
2031,1787044760301917,l_left,4,outgoing,256,02:00:00:00:00:01,02:00:00:00:00:02,0x88b5,reverse,1,1475
2032,1787044760301939,l_left,4,outgoing,256,02:00:00:00:00:01,02:00:00:00:00:02,0x88b5,reverse,1,1476
2033,1787044760301956,l_left,4,outgoing,256,02:00:00:00:00:01,02:00:00:00:00:02,0x88b5,reverse,1,1477
2034,1787044760301971,l_left,4,outgoing,256,02:00:00:00:00:01,02:00:00:00:00:02,0x88b5,reverse,1,1478
2035,1787044760301986,l_left,4,outgoing,256,02:00:00:00:00:01,02:00:00:00:00:02,0x88b5,reverse,1,1479
2036,1787044760302023,l_left,4,outgoing,256,02:00:00:00:00:01,02:00:00:00:00:02,0x88b5,reverse,1,1480
2037,1787044760302363,l_left,4,outgoing,256,02:00:00:00:00:01,02:00:00:00:00:02,0x88b5,reverse,1,1481
2038,1787044760302614,l_left,4,outgoing,256,02:00:00:00:00:01,02:00:00:00:00:02,0x88b5,reverse,1,1482
2039,1787044760302857,l_left,4,outgoing,256,02:00:00:00:00:01,02:00:00:00:00:02,0x88b5,reverse,1,1483
2040,1787044760303116,l_left,4,outgoing,256,02:00:00:00:00:01,02:00:00:00:00:02,0x88b5,reverse,1,1484
2041,1787044760303367,l_left,4,outgoing,256,02:00:00:00:00:01,02:00:00:00:00:02,0x88b5,reverse,1,1485
2042,1787044760303607,l_left,4,outgoing,256,02:00:00:00:00:01,02:00:00:00:00:02,0x88b5,reverse,1,1486
2043,1787044760303849,l_left,4,outgoing,256,02:00:00:00:00:01,02:00:00:00:00:02,0x88b5,reverse,1,1487
2044,1787044760304118,l_left,3,otherhost,256,02:00:00:00:00:02,02:00:00:00:00:01,0x88b5,forward,1,556
2045,1787044760304219,l_left,3,otherhost,256,02:00:00:00:00:02,02:00:00:00:00:01,0x88b5,forward,1,557
2046,1787044760310699,l_left,3,otherhost,256,02:00:00:00:00:02,02:00:00:00:00:01,0x88b5,forward,1,558
2047,1787044760310725,l_left,3,otherhost,256,02:00:00:00:00:02,02:00:00:00:00:01,0x88b5,forward,1,559
2048,1787044760310980,l_left,3,otherhost,256,02:00:00:00:00:02,02:00:00:00:00:01,0x88b5,forward,1,560
2049,1787044760311230,l_left,3,otherhost,256,02:00:00:00:00:02,02:00:00:00:00:01,0x88b5,forward,1,561
2050,1787044760311743,l_left,4,outgoing,256,02:00:00:00:00:01,02:00:00:00:00:02,0x88b5,reverse,1,1488
2051,1787044760311768,l_left,4,outgoing,256,02:00:00:00:00:01,02:00:00:00:00:02,0x88b5,reverse,1,1489
2052,1787044760511969,l_left,4,outgoing,256,02:00:00:00:00:01,02:00:00:00:00:02,0x88b5,reverse,1,1490
2053,1787044760512032,l_left,4,outgoing,256,02:00:00:00:00:01,02:00:00:00:00:02,0x88b5,reverse,1,1491
2054,1787044760512054,l_left,4,outgoing,256,02:00:00:00:00:01,02:00:00:00:00:02,0x88b5,reverse,1,1492
2055,1787044760512072,l_left,4,outgoing,256,02:00:00:00:00:01,02:00:00:00:00:02,0x88b5,reverse,1,1493
2056,1787044760512090,l_left,4,outgoing,256,02:00:00:00:00:01,02:00:00:00:00:02,0x88b5,reverse,1,1494
2057,1787044760512105,l_left,4,outgoing,256,02:00:00:00:00:01,02:00:00:00:00:02,0x88b5,reverse,1,1495
2058,1787044760512119,l_left,4,outgoing,256,02:00:00:00:00:01,02:00:00:00:00:02,0x88b5,reverse,1,1496
2059,1787044760512270,l_left,4,outgoing,256,02:00:00:00:00:01,02:00:00:00:00:02,0x88b5,reverse,1,1497
2060,1787044760512605,l_left,4,outgoing,256,02:00:00:00:00:01,02:00:00:00:00:02,0x88b5,reverse,1,1498
2061,1787044760512867,l_left,4,outgoing,256,02:00:00:00:00:01,02:00:00:00:00:02,0x88b5,reverse,1,1499
2062,1787044760513116,l_left,4,outgoing,256,02:00:00:00:00:01,02:00:00:00:00:02,0x88b5,reverse,1,1500
2063,1787044760513338,l_left,4,outgoing,256,02:00:00:00:00:01,02:00:00:00:00:02,0x88b5,reverse,1,1501
2064,1787044760513604,l_left,4,outgoing,256,02:00:00:00:00:01,02:00:00:00:00:02,0x88b5,reverse,1,1502
2065,1787044760513806,l_left,4,outgoing,256,02:00:00:00:00:01,02:00:00:00:00:02,0x88b5,reverse,1,1503
2066,1787044760514231,l_left,3,otherhost,256,02:00:00:00:00:02,02:00:00:00:00:01,0x88b5,forward,1,562
2067,1787044760514255,l_left,3,otherhost,256,02:00:00:00:00:02,02:00:00:00:00:01,0x88b5,forward,1,563
2068,1787044760520773,l_left,3,otherhost,256,02:00:00:00:00:02,02:00:00:00:00:01,0x88b5,forward,1,564
2069,1787044760520801,l_left,3,otherhost,256,02:00:00:00:00:02,02:00:00:00:00:01,0x88b5,forward,1,565
2070,1787044760521109,l_left,3,otherhost,256,02:00:00:00:00:02,02:00:00:00:00:01,0x88b5,forward,1,566
2071,1787044760521200,l_left,3,otherhost,256,02:00:00:00:00:02,02:00:00:00:00:01,0x88b5,forward,1,567
2072,1787044760521870,l_left,4,outgoing,256,02:00:00:00:00:01,02:00:00:00:00:02,0x88b5,reverse,1,1504
2073,1787044760521906,l_left,4,outgoing,256,02:00:00:00:00:01,02:00:00:00:00:02,0x88b5,reverse,1,1505
2074,1787044760721546,l_left,4,outgoing,256,02:00:00:00:00:01,02:00:00:00:00:02,0x88b5,reverse,1,1506
2075,1787044760721610,l_left,4,outgoing,256,02:00:00:00:00:01,02:00:00:00:00:02,0x88b5,reverse,1,1507
2076,1787044760721632,l_left,4,outgoing,256,02:00:00:00:00:01,02:00:00:00:00:02,0x88b5,reverse,1,1508
2077,1787044760721648,l_left,4,outgoing,256,02:00:00:00:00:01,02:00:00:00:00:02,0x88b5,reverse,1,1509
2078,1787044760721662,l_left,4,outgoing,256,02:00:00:00:00:01,02:00:00:00:00:02,0x88b5,reverse,1,1510
2079,1787044760721766,l_left,4,outgoing,256,02:00:00:00:00:01,02:00:00:00:00:02,0x88b5,reverse,1,1511
2080,1787044760722105,l_left,4,outgoing,256,02:00:00:00:00:01,02:00:00:00:00:02,0x88b5,reverse,1,1512
2081,1787044760722264,l_left,4,outgoing,256,02:00:00:00:00:01,02:00:00:00:00:02,0x88b5,reverse,1,1513
2082,1787044760722575,l_left,4,outgoing,256,02:00:00:00:00:01,02:00:00:00:00:02,0x88b5,reverse,1,1514
2083,1787044760722826,l_left,4,outgoing,256,02:00:00:00:00:01,02:00:00:00:00:02,0x88b5,reverse,1,1515
2084,1787044760723043,l_left,4,outgoing,256,02:00:00:00:00:01,02:00:00:00:00:02,0x88b5,reverse,1,1516
2085,1787044760723258,l_left,4,outgoing,256,02:00:00:00:00:01,02:00:00:00:00:02,0x88b5,reverse,1,1517
2086,1787044760723502,l_left,4,outgoing,256,02:00:00:00:00:01,02:00:00:00:00:02,0x88b5,reverse,1,1518
2087,1787044760723743,l_left,4,outgoing,256,02:00:00:00:00:01,02:00:00:00:00:02,0x88b5,reverse,1,1519
2088,1787044760724882,l_left,3,otherhost,256,02:00:00:00:00:02,02:00:00:00:00:01,0x88b5,forward,1,568
2089,1787044760724905,l_left,3,otherhost,256,02:00:00:00:00:02,02:00:00:00:00:01,0x88b5,forward,1,569
2090,1787044760730682,l_left,3,otherhost,256,02:00:00:00:00:02,02:00:00:00:00:01,0x88b5,forward,1,570
2091,1787044760730710,l_left,3,otherhost,256,02:00:00:00:00:02,02:00:00:00:00:01,0x88b5,forward,1,571
2092,1787044760730981,l_left,3,otherhost,256,02:00:00:00:00:02,02:00:00:00:00:01,0x88b5,forward,1,572
2093,1787044760731546,l_left,3,otherhost,256,02:00:00:00:00:02,02:00:00:00:00:01,0x88b5,forward,1,573
2094,1787044760731809,l_left,4,outgoing,256,02:00:00:00:00:01,02:00:00:00:00:02,0x88b5,reverse,1,1520
2095,1787044760731845,l_left,4,outgoing,256,02:00:00:00:00:01,02:00:00:00:00:02,0x88b5,reverse,1,1521
2096,1787044760931484,l_left,4,outgoing,256,02:00:00:00:00:01,02:00:00:00:00:02,0x88b5,reverse,1,1522
2097,1787044760931546,l_left,4,outgoing,256,02:00:00:00:00:01,02:00:00:00:00:02,0x88b5,reverse,1,1523
2098,1787044760931576,l_left,4,outgoing,256,02:00:00:00:00:01,02:00:00:00:00:02,0x88b5,reverse,1,1524
2099,1787044760931594,l_left,4,outgoing,256,02:00:00:00:00:01,02:00:00:00:00:02,0x88b5,reverse,1,1525
2100,1787044760931610,l_left,4,outgoing,256,02:00:00:00:00:01,02:00:00:00:00:02,0x88b5,reverse,1,1526
2101,1787044760931857,l_left,4,outgoing,256,02:00:00:00:00:01,02:00:00:00:00:02,0x88b5,reverse,1,1527
2102,1787044760932112,l_left,4,outgoing,256,02:00:00:00:00:01,02:00:00:00:00:02,0x88b5,reverse,1,1528
2103,1787044760932369,l_left,4,outgoing,256,02:00:00:00:00:01,02:00:00:00:00:02,0x88b5,reverse,1,1529
2104,1787044760932619,l_left,4,outgoing,256,02:00:00:00:00:01,02:00:00:00:00:02,0x88b5,reverse,1,1530
2105,1787044760932865,l_left,4,outgoing,256,02:00:00:00:00:01,02:00:00:00:00:02,0x88b5,reverse,1,1531
2106,1787044760933113,l_left,4,outgoing,256,02:00:00:00:00:01,02:00:00:00:00:02,0x88b5,reverse,1,1532
2107,1787044760933243,l_left,4,outgoing,256,02:00:00:00:00:01,02:00:00:00:00:02,0x88b5,reverse,1,1533
2108,1787044760933552,l_left,4,outgoing,256,02:00:00:00:00:01,02:00:00:00:00:02,0x88b5,reverse,1,1534
2109,1787044760933769,l_left,4,outgoing,256,02:00:00:00:00:01,02:00:00:00:00:02,0x88b5,reverse,1,1535
2110,1787044760934893,l_left,3,otherhost,256,02:00:00:00:00:02,02:00:00:00:00:01,0x88b5,forward,1,574
2111,1787044760934921,l_left,3,otherhost,256,02:00:00:00:00:02,02:00:00:00:00:01,0x88b5,forward,1,575
2112,1787044760940928,l_left,3,otherhost,256,02:00:00:00:00:02,02:00:00:00:00:01,0x88b5,forward,1,576
2113,1787044760940968,l_left,3,otherhost,256,02:00:00:00:00:02,02:00:00:00:00:01,0x88b5,forward,1,577
2114,1787044760941073,l_left,3,otherhost,256,02:00:00:00:00:02,02:00:00:00:00:01,0x88b5,forward,1,578
2115,1787044760941193,l_left,3,otherhost,256,02:00:00:00:00:02,02:00:00:00:00:01,0x88b5,forward,1,579
2116,1787044760941694,l_left,4,outgoing,256,02:00:00:00:00:01,02:00:00:00:00:02,0x88b5,reverse,1,1536
2117,1787044760941712,l_left,4,outgoing,256,02:00:00:00:00:01,02:00:00:00:00:02,0x88b5,reverse,1,1537
2118,1787044761141471,l_left,4,outgoing,256,02:00:00:00:00:01,02:00:00:00:00:02,0x88b5,reverse,1,1538
2119,1787044761141534,l_left,4,outgoing,256,02:00:00:00:00:01,02:00:00:00:00:02,0x88b5,reverse,1,1539
2120,1787044761141557,l_left,4,outgoing,256,02:00:00:00:00:01,02:00:00:00:00:02,0x88b5,reverse,1,1540
2121,1787044761141575,l_left,4,outgoing,256,02:00:00:00:00:01,02:00:00:00:00:02,0x88b5,reverse,1,1541
2122,1787044761141592,l_left,4,outgoing,256,02:00:00:00:00:01,02:00:00:00:00:02,0x88b5,reverse,1,1542
2123,1787044761141857,l_left,4,outgoing,256,02:00:00:00:00:01,02:00:00:00:00:02,0x88b5,reverse,1,1543
2124,1787044761142113,l_left,4,outgoing,256,02:00:00:00:00:01,02:00:00:00:00:02,0x88b5,reverse,1,1544
2125,1787044761142371,l_left,4,outgoing,256,02:00:00:00:00:01,02:00:00:00:00:02,0x88b5,reverse,1,1545
2126,1787044761142615,l_left,4,outgoing,256,02:00:00:00:00:01,02:00:00:00:00:02,0x88b5,reverse,1,1546
2127,1787044761142933,l_left,4,outgoing,256,02:00:00:00:00:01,02:00:00:00:00:02,0x88b5,reverse,1,1547
2128,1787044761143179,l_left,4,outgoing,256,02:00:00:00:00:01,02:00:00:00:00:02,0x88b5,reverse,1,1548
2129,1787044761143380,l_left,4,outgoing,256,02:00:00:00:00:01,02:00:00:00:00:02,0x88b5,reverse,1,1549
2130,1787044761143504,l_left,4,outgoing,256,02:00:00:00:00:01,02:00:00:00:00:02,0x88b5,reverse,1,1550
2131,1787044761143739,l_left,4,outgoing,256,02:00:00:00:00:01,02:00:00:00:00:02,0x88b5,reverse,1,1551
2132,1787044761144244,l_left,3,otherhost,256,02:00:00:00:00:02,02:00:00:00:00:01,0x88b5,forward,1,580
2133,1787044761144269,l_left,3,otherhost,256,02:00:00:00:00:02,02:00:00:00:00:01,0x88b5,forward,1,581
2134,1787044761150687,l_left,3,otherhost,256,02:00:00:00:00:02,02:00:00:00:00:01,0x88b5,forward,1,582
2135,1787044761150703,l_left,3,otherhost,256,02:00:00:00:00:02,02:00:00:00:00:01,0x88b5,forward,1,583
2136,1787044761150979,l_left,3,otherhost,256,02:00:00:00:00:02,02:00:00:00:00:01,0x88b5,forward,1,584
2137,1787044761151229,l_left,3,otherhost,256,02:00:00:00:00:02,02:00:00:00:00:01,0x88b5,forward,1,585
2138,1787044761151757,l_left,4,outgoing,256,02:00:00:00:00:01,02:00:00:00:00:02,0x88b5,reverse,1,1552
2139,1787044761151785,l_left,4,outgoing,256,02:00:00:00:00:01,02:00:00:00:00:02,0x88b5,reverse,1,1553
2140,1787044761352041,l_left,4,outgoing,256,02:00:00:00:00:01,02:00:00:00:00:02,0x88b5,reverse,1,1554
2141,1787044761352103,l_left,4,outgoing,256,02:00:00:00:00:01,02:00:00:00:00:02,0x88b5,reverse,1,1555
2142,1787044761352126,l_left,4,outgoing,256,02:00:00:00:00:01,02:00:00:00:00:02,0x88b5,reverse,1,1556
2143,1787044761352144,l_left,4,outgoing,256,02:00:00:00:00:01,02:00:00:00:00:02,0x88b5,reverse,1,1557
2144,1787044761352160,l_left,4,outgoing,256,02:00:00:00:00:01,02:00:00:00:00:02,0x88b5,reverse,1,1558
2145,1787044761352175,l_left,4,outgoing,256,02:00:00:00:00:01,02:00:00:00:00:02,0x88b5,reverse,1,1559
2146,1787044761352189,l_left,4,outgoing,256,02:00:00:00:00:01,02:00:00:00:00:02,0x88b5,reverse,1,1560
2147,1787044761352240,l_left,4,outgoing,256,02:00:00:00:00:01,02:00:00:00:00:02,0x88b5,reverse,1,1561
2148,1787044761352604,l_left,4,outgoing,256,02:00:00:00:00:01,02:00:00:00:00:02,0x88b5,reverse,1,1562
2149,1787044761352862,l_left,4,outgoing,256,02:00:00:00:00:01,02:00:00:00:00:02,0x88b5,reverse,1,1563
2150,1787044761353114,l_left,4,outgoing,256,02:00:00:00:00:01,02:00:00:00:00:02,0x88b5,reverse,1,1564
2151,1787044761353324,l_left,4,outgoing,256,02:00:00:00:00:01,02:00:00:00:00:02,0x88b5,reverse,1,1565
2152,1787044761353611,l_left,4,outgoing,256,02:00:00:00:00:01,02:00:00:00:00:02,0x88b5,reverse,1,1566
2153,1787044761353866,l_left,4,outgoing,256,02:00:00:00:00:01,02:00:00:00:00:02,0x88b5,reverse,1,1567
2154,1787044761354128,l_left,3,otherhost,256,02:00:00:00:00:02,02:00:00:00:00:01,0x88b5,forward,1,586
2155,1787044761354216,l_left,3,otherhost,256,02:00:00:00:00:02,02:00:00:00:00:01,0x88b5,forward,1,587
2156,1787044761360902,l_left,3,otherhost,256,02:00:00:00:00:02,02:00:00:00:00:01,0x88b5,forward,1,588
2157,1787044761360949,l_left,3,otherhost,256,02:00:00:00:00:02,02:00:00:00:00:01,0x88b5,forward,1,589
2158,1787044761360970,l_left,3,otherhost,256,02:00:00:00:00:02,02:00:00:00:00:01,0x88b5,forward,1,590
2159,1787044761361312,l_left,3,otherhost,256,02:00:00:00:00:02,02:00:00:00:00:01,0x88b5,forward,1,591
2160,1787044761361668,l_left,4,outgoing,256,02:00:00:00:00:01,02:00:00:00:00:02,0x88b5,reverse,1,1568
2161,1787044761361748,l_left,4,outgoing,256,02:00:00:00:00:01,02:00:00:00:00:02,0x88b5,reverse,1,1569
2162,1787044761561573,l_left,4,outgoing,256,02:00:00:00:00:01,02:00:00:00:00:02,0x88b5,reverse,1,1570
2163,1787044761561634,l_left,4,outgoing,256,02:00:00:00:00:01,02:00:00:00:00:02,0x88b5,reverse,1,1571
2164,1787044761561655,l_left,4,outgoing,256,02:00:00:00:00:01,02:00:00:00:00:02,0x88b5,reverse,1,1572
2165,1787044761561672,l_left,4,outgoing,256,02:00:00:00:00:01,02:00:00:00:00:02,0x88b5,reverse,1,1573
2166,1787044761561701,l_left,4,outgoing,256,02:00:00:00:00:01,02:00:00:00:00:02,0x88b5,reverse,1,1574
2167,1787044761561748,l_left,4,outgoing,256,02:00:00:00:00:01,02:00:00:00:00:02,0x88b5,reverse,1,1575
2168,1787044761562096,l_left,4,outgoing,256,02:00:00:00:00:01,02:00:00:00:00:02,0x88b5,reverse,1,1576
2169,1787044761562347,l_left,4,outgoing,256,02:00:00:00:00:01,02:00:00:00:00:02,0x88b5,reverse,1,1577
2170,1787044761562611,l_left,4,outgoing,256,02:00:00:00:00:01,02:00:00:00:00:02,0x88b5,reverse,1,1578
2171,1787044761562851,l_left,4,outgoing,256,02:00:00:00:00:01,02:00:00:00:00:02,0x88b5,reverse,1,1579
2172,1787044761563095,l_left,4,outgoing,256,02:00:00:00:00:01,02:00:00:00:00:02,0x88b5,reverse,1,1580
2173,1787044761563313,l_left,4,outgoing,256,02:00:00:00:00:01,02:00:00:00:00:02,0x88b5,reverse,1,1581
2174,1787044761563559,l_left,4,outgoing,256,02:00:00:00:00:01,02:00:00:00:00:02,0x88b5,reverse,1,1582
2175,1787044761563770,l_left,4,outgoing,256,02:00:00:00:00:01,02:00:00:00:00:02,0x88b5,reverse,1,1583
2176,1787044761564658,l_left,3,otherhost,256,02:00:00:00:00:02,02:00:00:00:00:01,0x88b5,forward,1,592
2177,1787044761564703,l_left,3,otherhost,256,02:00:00:00:00:02,02:00:00:00:00:01,0x88b5,forward,1,593
2178,1787044761570842,l_left,3,otherhost,256,02:00:00:00:00:02,02:00:00:00:00:01,0x88b5,forward,1,594
2179,1787044761570884,l_left,3,otherhost,256,02:00:00:00:00:02,02:00:00:00:00:01,0x88b5,forward,1,595
2180,1787044761571149,l_left,3,otherhost,256,02:00:00:00:00:02,02:00:00:00:00:01,0x88b5,forward,1,596
2181,1787044761571168,l_left,3,otherhost,256,02:00:00:00:00:02,02:00:00:00:00:01,0x88b5,forward,1,597
2182,1787044761571741,l_left,4,outgoing,256,02:00:00:00:00:01,02:00:00:00:00:02,0x88b5,reverse,1,1584
2183,1787044761571767,l_left,4,outgoing,256,02:00:00:00:00:01,02:00:00:00:00:02,0x88b5,reverse,1,1585
2184,1787044761771196,l_left,4,outgoing,256,02:00:00:00:00:01,02:00:00:00:00:02,0x88b5,reverse,1,1586
2185,1787044761771248,l_left,4,outgoing,256,02:00:00:00:00:01,02:00:00:00:00:02,0x88b5,reverse,1,1587
2186,1787044761771267,l_left,4,outgoing,256,02:00:00:00:00:01,02:00:00:00:00:02,0x88b5,reverse,1,1588
2187,1787044761771279,l_left,4,outgoing,256,02:00:00:00:00:01,02:00:00:00:00:02,0x88b5,reverse,1,1589
2188,1787044761771543,l_left,4,outgoing,256,02:00:00:00:00:01,02:00:00:00:00:02,0x88b5,reverse,1,1590
2189,1787044761771771,l_left,4,outgoing,256,02:00:00:00:00:01,02:00:00:00:00:02,0x88b5,reverse,1,1591
2190,1787044761772015,l_left,4,outgoing,256,02:00:00:00:00:01,02:00:00:00:00:02,0x88b5,reverse,1,1592
2191,1787044761772253,l_left,4,outgoing,256,02:00:00:00:00:01,02:00:00:00:00:02,0x88b5,reverse,1,1593
2192,1787044761772493,l_left,4,outgoing,256,02:00:00:00:00:01,02:00:00:00:00:02,0x88b5,reverse,1,1594
2193,1787044761772752,l_left,4,outgoing,256,02:00:00:00:00:01,02:00:00:00:00:02,0x88b5,reverse,1,1595
2194,1787044761773001,l_left,4,outgoing,256,02:00:00:00:00:01,02:00:00:00:00:02,0x88b5,reverse,1,1596
2195,1787044761773214,l_left,4,outgoing,256,02:00:00:00:00:01,02:00:00:00:00:02,0x88b5,reverse,1,1597
2196,1787044761773492,l_left,4,outgoing,256,02:00:00:00:00:01,02:00:00:00:00:02,0x88b5,reverse,1,1598
2197,1787044761773722,l_left,4,outgoing,256,02:00:00:00:00:01,02:00:00:00:00:02,0x88b5,reverse,1,1599
2198,1787044761774537,l_left,3,otherhost,256,02:00:00:00:00:02,02:00:00:00:00:01,0x88b5,forward,1,598
2199,1787044761774552,l_left,3,otherhost,256,02:00:00:00:00:02,02:00:00:00:00:01,0x88b5,forward,1,599
2200,1787044761780615,l_left,3,otherhost,256,02:00:00:00:00:02,02:00:00:00:00:01,0x88b5,forward,1,600
2201,1787044761780703,l_left,3,otherhost,256,02:00:00:00:00:02,02:00:00:00:00:01,0x88b5,forward,1,601
2202,1787044761780950,l_left,3,otherhost,256,02:00:00:00:00:02,02:00:00:00:00:01,0x88b5,forward,1,602
2203,1787044761781157,l_left,3,otherhost,256,02:00:00:00:00:02,02:00:00:00:00:01,0x88b5,forward,1,603
2204,1787044761781535,l_left,4,outgoing,256,02:00:00:00:00:01,02:00:00:00:00:02,0x88b5,reverse,1,1600
2205,1787044761781716,l_left,4,outgoing,256,02:00:00:00:00:01,02:00:00:00:00:02,0x88b5,reverse,1,1601
2206,1787044761981429,l_left,4,outgoing,256,02:00:00:00:00:01,02:00:00:00:00:02,0x88b5,reverse,1,1602
2207,1787044761981483,l_left,4,outgoing,256,02:00:00:00:00:01,02:00:00:00:00:02,0x88b5,reverse,1,1603
2208,1787044761981500,l_left,4,outgoing,256,02:00:00:00:00:01,02:00:00:00:00:02,0x88b5,reverse,1,1604
2209,1787044761981513,l_left,4,outgoing,256,02:00:00:00:00:01,02:00:00:00:00:02,0x88b5,reverse,1,1605
2210,1787044761981525,l_left,4,outgoing,256,02:00:00:00:00:01,02:00:00:00:00:02,0x88b5,reverse,1,1606
2211,1787044761981816,l_left,4,outgoing,256,02:00:00:00:00:01,02:00:00:00:00:02,0x88b5,reverse,1,1607
2212,1787044761982037,l_left,4,outgoing,256,02:00:00:00:00:01,02:00:00:00:00:02,0x88b5,reverse,1,1608
2213,1787044761982277,l_left,4,outgoing,256,02:00:00:00:00:01,02:00:00:00:00:02,0x88b5,reverse,1,1609
2214,1787044761982527,l_left,4,outgoing,256,02:00:00:00:00:01,02:00:00:00:00:02,0x88b5,reverse,1,1610
2215,1787044761982775,l_left,4,outgoing,256,02:00:00:00:00:01,02:00:00:00:00:02,0x88b5,reverse,1,1611
2216,1787044761983031,l_left,4,outgoing,256,02:00:00:00:00:01,02:00:00:00:00:02,0x88b5,reverse,1,1612
2217,1787044761983277,l_left,4,outgoing,256,02:00:00:00:00:01,02:00:00:00:00:02,0x88b5,reverse,1,1613
2218,1787044761983524,l_left,4,outgoing,256,02:00:00:00:00:01,02:00:00:00:00:02,0x88b5,reverse,1,1614
2219,1787044761983755,l_left,4,outgoing,256,02:00:00:00:00:01,02:00:00:00:00:02,0x88b5,reverse,1,1615
2220,1787044761984279,l_left,3,otherhost,256,02:00:00:00:00:02,02:00:00:00:00:01,0x88b5,forward,1,604
2221,1787044761984294,l_left,3,otherhost,256,02:00:00:00:00:02,02:00:00:00:00:01,0x88b5,forward,1,605
2222,1787044761990594,l_left,3,otherhost,256,02:00:00:00:00:02,02:00:00:00:00:01,0x88b5,forward,1,606
2223,1787044761990704,l_left,3,otherhost,256,02:00:00:00:00:02,02:00:00:00:00:01,0x88b5,forward,1,607
2224,1787044761990949,l_left,3,otherhost,256,02:00:00:00:00:02,02:00:00:00:00:01,0x88b5,forward,1,608
2225,1787044761991197,l_left,3,otherhost,256,02:00:00:00:00:02,02:00:00:00:00:01,0x88b5,forward,1,609
2226,1787044761991588,l_left,4,outgoing,256,02:00:00:00:00:01,02:00:00:00:00:02,0x88b5,reverse,1,1616
2227,1787044761991724,l_left,4,outgoing,256,02:00:00:00:00:01,02:00:00:00:00:02,0x88b5,reverse,1,1617
2228,1787044762191593,l_left,4,outgoing,256,02:00:00:00:00:01,02:00:00:00:00:02,0x88b5,reverse,1,1618
2229,1787044762191656,l_left,4,outgoing,256,02:00:00:00:00:01,02:00:00:00:00:02,0x88b5,reverse,1,1619
2230,1787044762191677,l_left,4,outgoing,256,02:00:00:00:00:01,02:00:00:00:00:02,0x88b5,reverse,1,1620
2231,1787044762191694,l_left,4,outgoing,256,02:00:00:00:00:01,02:00:00:00:00:02,0x88b5,reverse,1,1621
2232,1787044762191716,l_left,4,outgoing,256,02:00:00:00:00:01,02:00:00:00:00:02,0x88b5,reverse,1,1622
2233,1787044762191746,l_left,4,outgoing,256,02:00:00:00:00:01,02:00:00:00:00:02,0x88b5,reverse,1,1623
2234,1787044762192112,l_left,4,outgoing,256,02:00:00:00:00:01,02:00:00:00:00:02,0x88b5,reverse,1,1624
2235,1787044762192374,l_left,4,outgoing,256,02:00:00:00:00:01,02:00:00:00:00:02,0x88b5,reverse,1,1625
2236,1787044762192611,l_left,4,outgoing,256,02:00:00:00:00:01,02:00:00:00:00:02,0x88b5,reverse,1,1626
2237,1787044762192863,l_left,4,outgoing,256,02:00:00:00:00:01,02:00:00:00:00:02,0x88b5,reverse,1,1627
2238,1787044762193116,l_left,4,outgoing,256,02:00:00:00:00:01,02:00:00:00:00:02,0x88b5,reverse,1,1628
2239,1787044762193285,l_left,4,outgoing,256,02:00:00:00:00:01,02:00:00:00:00:02,0x88b5,reverse,1,1629
2240,1787044762193575,l_left,4,outgoing,256,02:00:00:00:00:01,02:00:00:00:00:02,0x88b5,reverse,1,1630
2241,1787044762193780,l_left,4,outgoing,256,02:00:00:00:00:01,02:00:00:00:00:02,0x88b5,reverse,1,1631
2242,1787044762194139,l_left,3,otherhost,256,02:00:00:00:00:02,02:00:00:00:00:01,0x88b5,forward,1,610
2243,1787044762194156,l_left,3,otherhost,256,02:00:00:00:00:02,02:00:00:00:00:01,0x88b5,forward,1,611
2244,1787044762200903,l_left,3,otherhost,256,02:00:00:00:00:02,02:00:00:00:00:01,0x88b5,forward,1,612
2245,1787044762200920,l_left,3,otherhost,256,02:00:00:00:00:02,02:00:00:00:00:01,0x88b5,forward,1,613
2246,1787044762200940,l_left,3,otherhost,256,02:00:00:00:00:02,02:00:00:00:00:01,0x88b5,forward,1,614
2247,1787044762201194,l_left,3,otherhost,256,02:00:00:00:00:02,02:00:00:00:00:01,0x88b5,forward,1,615
2248,1787044762201694,l_left,4,outgoing,256,02:00:00:00:00:01,02:00:00:00:00:02,0x88b5,reverse,1,1632
2249,1787044762201720,l_left,4,outgoing,256,02:00:00:00:00:01,02:00:00:00:00:02,0x88b5,reverse,1,1633
2250,1787044762401587,l_left,4,outgoing,256,02:00:00:00:00:01,02:00:00:00:00:02,0x88b5,reverse,1,1634
2251,1787044762401651,l_left,4,outgoing,256,02:00:00:00:00:01,02:00:00:00:00:02,0x88b5,reverse,1,1635
2252,1787044762401674,l_left,4,outgoing,256,02:00:00:00:00:01,02:00:00:00:00:02,0x88b5,reverse,1,1636
2253,1787044762401691,l_left,4,outgoing,256,02:00:00:00:00:01,02:00:00:00:00:02,0x88b5,reverse,1,1637
2254,1787044762401707,l_left,4,outgoing,256,02:00:00:00:00:01,02:00:00:00:00:02,0x88b5,reverse,1,1638
2255,1787044762401742,l_left,4,outgoing,256,02:00:00:00:00:01,02:00:00:00:00:02,0x88b5,reverse,1,1639
2256,1787044762402111,l_left,4,outgoing,256,02:00:00:00:00:01,02:00:00:00:00:02,0x88b5,reverse,1,1640
2257,1787044762402367,l_left,4,outgoing,256,02:00:00:00:00:01,02:00:00:00:00:02,0x88b5,reverse,1,1641
2258,1787044762402579,l_left,4,outgoing,256,02:00:00:00:00:01,02:00:00:00:00:02,0x88b5,reverse,1,1642
2259,1787044762402862,l_left,4,outgoing,256,02:00:00:00:00:01,02:00:00:00:00:02,0x88b5,reverse,1,1643
2260,1787044762403123,l_left,4,outgoing,256,02:00:00:00:00:01,02:00:00:00:00:02,0x88b5,reverse,1,1644
2261,1787044762403288,l_left,4,outgoing,256,02:00:00:00:00:01,02:00:00:00:00:02,0x88b5,reverse,1,1645
2262,1787044762403529,l_left,4,outgoing,256,02:00:00:00:00:01,02:00:00:00:00:02,0x88b5,reverse,1,1646
2263,1787044762403740,l_left,4,outgoing,256,02:00:00:00:00:01,02:00:00:00:00:02,0x88b5,reverse,1,1647
2264,1787044762404355,l_left,3,otherhost,256,02:00:00:00:00:02,02:00:00:00:00:01,0x88b5,forward,1,616
2265,1787044762404372,l_left,3,otherhost,256,02:00:00:00:00:02,02:00:00:00:00:01,0x88b5,forward,1,617
2266,1787044762410935,l_left,3,otherhost,256,02:00:00:00:00:02,02:00:00:00:00:01,0x88b5,forward,1,618
2267,1787044762410951,l_left,3,otherhost,256,02:00:00:00:00:02,02:00:00:00:00:01,0x88b5,forward,1,619
2268,1787044762410965,l_left,3,otherhost,256,02:00:00:00:00:02,02:00:00:00:00:01,0x88b5,forward,1,620
2269,1787044762411229,l_left,3,otherhost,256,02:00:00:00:00:02,02:00:00:00:00:01,0x88b5,forward,1,621
2270,1787044762411720,l_left,4,outgoing,256,02:00:00:00:00:01,02:00:00:00:00:02,0x88b5,reverse,1,1648
2271,1787044762411742,l_left,4,outgoing,256,02:00:00:00:00:01,02:00:00:00:00:02,0x88b5,reverse,1,1649
2272,1787044762611950,l_left,4,outgoing,256,02:00:00:00:00:01,02:00:00:00:00:02,0x88b5,reverse,1,1650
2273,1787044762612022,l_left,4,outgoing,256,02:00:00:00:00:01,02:00:00:00:00:02,0x88b5,reverse,1,1651
2274,1787044762612049,l_left,4,outgoing,256,02:00:00:00:00:01,02:00:00:00:00:02,0x88b5,reverse,1,1652
2275,1787044762612069,l_left,4,outgoing,256,02:00:00:00:00:01,02:00:00:00:00:02,0x88b5,reverse,1,1653
2276,1787044762612084,l_left,4,outgoing,256,02:00:00:00:00:01,02:00:00:00:00:02,0x88b5,reverse,1,1654
2277,1787044762612103,l_left,4,outgoing,256,02:00:00:00:00:01,02:00:00:00:00:02,0x88b5,reverse,1,1655
2278,1787044762612119,l_left,4,outgoing,256,02:00:00:00:00:01,02:00:00:00:00:02,0x88b5,reverse,1,1656
2279,1787044762612318,l_left,4,outgoing,256,02:00:00:00:00:01,02:00:00:00:00:02,0x88b5,reverse,1,1657
2280,1787044762612606,l_left,4,outgoing,256,02:00:00:00:00:01,02:00:00:00:00:02,0x88b5,reverse,1,1658
2281,1787044762612861,l_left,4,outgoing,256,02:00:00:00:00:01,02:00:00:00:00:02,0x88b5,reverse,1,1659
2282,1787044762613112,l_left,4,outgoing,256,02:00:00:00:00:01,02:00:00:00:00:02,0x88b5,reverse,1,1660
2283,1787044762613285,l_left,4,outgoing,256,02:00:00:00:00:01,02:00:00:00:00:02,0x88b5,reverse,1,1661
2284,1787044762613605,l_left,4,outgoing,256,02:00:00:00:00:01,02:00:00:00:00:02,0x88b5,reverse,1,1662
2285,1787044762613852,l_left,4,outgoing,256,02:00:00:00:00:01,02:00:00:00:00:02,0x88b5,reverse,1,1663
2286,1787044762614233,l_left,3,otherhost,256,02:00:00:00:00:02,02:00:00:00:00:01,0x88b5,forward,1,622
2287,1787044762614264,l_left,3,otherhost,256,02:00:00:00:00:02,02:00:00:00:00:01,0x88b5,forward,1,623
2288,1787044762620966,l_left,3,otherhost,256,02:00:00:00:00:02,02:00:00:00:00:01,0x88b5,forward,1,624
2289,1787044762621001,l_left,3,otherhost,256,02:00:00:00:00:02,02:00:00:00:00:01,0x88b5,forward,1,625
2290,1787044762621157,l_left,3,otherhost,256,02:00:00:00:00:02,02:00:00:00:00:01,0x88b5,forward,1,626
2291,1787044762621193,l_left,3,otherhost,256,02:00:00:00:00:02,02:00:00:00:00:01,0x88b5,forward,1,627
2292,1787044762621760,l_left,4,outgoing,256,02:00:00:00:00:01,02:00:00:00:00:02,0x88b5,reverse,1,1664
2293,1787044762621779,l_left,4,outgoing,256,02:00:00:00:00:01,02:00:00:00:00:02,0x88b5,reverse,1,1665
2294,1787044762821814,l_left,4,outgoing,256,02:00:00:00:00:01,02:00:00:00:00:02,0x88b5,reverse,1,1666
2295,1787044762821878,l_left,4,outgoing,256,02:00:00:00:00:01,02:00:00:00:00:02,0x88b5,reverse,1,1667
2296,1787044762821900,l_left,4,outgoing,256,02:00:00:00:00:01,02:00:00:00:00:02,0x88b5,reverse,1,1668
2297,1787044762821917,l_left,4,outgoing,256,02:00:00:00:00:01,02:00:00:00:00:02,0x88b5,reverse,1,1669
2298,1787044762821933,l_left,4,outgoing,256,02:00:00:00:00:01,02:00:00:00:00:02,0x88b5,reverse,1,1670
2299,1787044762821947,l_left,4,outgoing,256,02:00:00:00:00:01,02:00:00:00:00:02,0x88b5,reverse,1,1671
2300,1787044762822052,l_left,4,outgoing,256,02:00:00:00:00:01,02:00:00:00:00:02,0x88b5,reverse,1,1672
2301,1787044762822356,l_left,4,outgoing,256,02:00:00:00:00:01,02:00:00:00:00:02,0x88b5,reverse,1,1673
2302,1787044762822619,l_left,4,outgoing,256,02:00:00:00:00:01,02:00:00:00:00:02,0x88b5,reverse,1,1674
2303,1787044762822866,l_left,4,outgoing,256,02:00:00:00:00:01,02:00:00:00:00:02,0x88b5,reverse,1,1675
2304,1787044762823115,l_left,4,outgoing,256,02:00:00:00:00:01,02:00:00:00:00:02,0x88b5,reverse,1,1676
2305,1787044762823365,l_left,4,outgoing,256,02:00:00:00:00:01,02:00:00:00:00:02,0x88b5,reverse,1,1677
2306,1787044762823615,l_left,4,outgoing,256,02:00:00:00:00:01,02:00:00:00:00:02,0x88b5,reverse,1,1678
2307,1787044762823814,l_left,4,outgoing,256,02:00:00:00:00:01,02:00:00:00:00:02,0x88b5,reverse,1,1679
2308,1787044762824324,l_left,3,otherhost,256,02:00:00:00:00:02,02:00:00:00:00:01,0x88b5,forward,1,628
2309,1787044762824349,l_left,3,otherhost,256,02:00:00:00:00:02,02:00:00:00:00:01,0x88b5,forward,1,629
2310,1787044762830794,l_left,3,otherhost,256,02:00:00:00:00:02,02:00:00:00:00:01,0x88b5,forward,1,630
2311,1787044762830851,l_left,3,otherhost,256,02:00:00:00:00:02,02:00:00:00:00:01,0x88b5,forward,1,631
2312,1787044762830991,l_left,3,otherhost,256,02:00:00:00:00:02,02:00:00:00:00:01,0x88b5,forward,1,632
2313,1787044762831231,l_left,3,otherhost,256,02:00:00:00:00:02,02:00:00:00:00:01,0x88b5,forward,1,633
2314,1787044762831744,l_left,4,outgoing,256,02:00:00:00:00:01,02:00:00:00:00:02,0x88b5,reverse,1,1680
2315,1787044762831762,l_left,4,outgoing,256,02:00:00:00:00:01,02:00:00:00:00:02,0x88b5,reverse,1,1681
2316,1787044763031846,l_left,4,outgoing,256,02:00:00:00:00:01,02:00:00:00:00:02,0x88b5,reverse,1,1682
2317,1787044763031911,l_left,4,outgoing,256,02:00:00:00:00:01,02:00:00:00:00:02,0x88b5,reverse,1,1683
2318,1787044763031933,l_left,4,outgoing,256,02:00:00:00:00:01,02:00:00:00:00:02,0x88b5,reverse,1,1684
2319,1787044763031950,l_left,4,outgoing,256,02:00:00:00:00:01,02:00:00:00:00:02,0x88b5,reverse,1,1685
2320,1787044763031965,l_left,4,outgoing,256,02:00:00:00:00:01,02:00:00:00:00:02,0x88b5,reverse,1,1686
2321,1787044763031979,l_left,4,outgoing,256,02:00:00:00:00:01,02:00:00:00:00:02,0x88b5,reverse,1,1687
2322,1787044763031992,l_left,4,outgoing,256,02:00:00:00:00:01,02:00:00:00:00:02,0x88b5,reverse,1,1688
2323,1787044763032354,l_left,4,outgoing,256,02:00:00:00:00:01,02:00:00:00:00:02,0x88b5,reverse,1,1689
2324,1787044763032609,l_left,4,outgoing,256,02:00:00:00:00:01,02:00:00:00:00:02,0x88b5,reverse,1,1690
2325,1787044763032860,l_left,4,outgoing,256,02:00:00:00:00:01,02:00:00:00:00:02,0x88b5,reverse,1,1691
2326,1787044763033114,l_left,4,outgoing,256,02:00:00:00:00:01,02:00:00:00:00:02,0x88b5,reverse,1,1692
2327,1787044763033274,l_left,4,outgoing,256,02:00:00:00:00:01,02:00:00:00:00:02,0x88b5,reverse,1,1693
2328,1787044763033604,l_left,4,outgoing,256,02:00:00:00:00:01,02:00:00:00:00:02,0x88b5,reverse,1,1694
2329,1787044763033810,l_left,4,outgoing,256,02:00:00:00:00:01,02:00:00:00:00:02,0x88b5,reverse,1,1695
2330,1787044763034133,l_left,3,otherhost,256,02:00:00:00:00:02,02:00:00:00:00:01,0x88b5,forward,1,634
2331,1787044763034213,l_left,3,otherhost,256,02:00:00:00:00:02,02:00:00:00:00:01,0x88b5,forward,1,635
2332,1787044763040888,l_left,3,otherhost,256,02:00:00:00:00:02,02:00:00:00:00:01,0x88b5,forward,1,636
2333,1787044763040914,l_left,3,otherhost,256,02:00:00:00:00:02,02:00:00:00:00:01,0x88b5,forward,1,637
2334,1787044763041081,l_left,3,otherhost,256,02:00:00:00:00:02,02:00:00:00:00:01,0x88b5,forward,1,638
2335,1787044763041193,l_left,3,otherhost,256,02:00:00:00:00:02,02:00:00:00:00:01,0x88b5,forward,1,639
2336,1787044763041724,l_left,4,outgoing,256,02:00:00:00:00:01,02:00:00:00:00:02,0x88b5,reverse,1,1696
2337,1787044763041750,l_left,4,outgoing,256,02:00:00:00:00:01,02:00:00:00:00:02,0x88b5,reverse,1,1697
2338,1787044763241838,l_left,4,outgoing,256,02:00:00:00:00:01,02:00:00:00:00:02,0x88b5,reverse,1,1698
2339,1787044763241919,l_left,4,outgoing,256,02:00:00:00:00:01,02:00:00:00:00:02,0x88b5,reverse,1,1699
2340,1787044763241948,l_left,4,outgoing,256,02:00:00:00:00:01,02:00:00:00:00:02,0x88b5,reverse,1,1700
2341,1787044763241965,l_left,4,outgoing,256,02:00:00:00:00:01,02:00:00:00:00:02,0x88b5,reverse,1,1701
2342,1787044763241981,l_left,4,outgoing,256,02:00:00:00:00:01,02:00:00:00:00:02,0x88b5,reverse,1,1702
2343,1787044763242001,l_left,4,outgoing,256,02:00:00:00:00:01,02:00:00:00:00:02,0x88b5,reverse,1,1703
2344,1787044763242016,l_left,4,outgoing,256,02:00:00:00:00:01,02:00:00:00:00:02,0x88b5,reverse,1,1704
2345,1787044763242355,l_left,4,outgoing,256,02:00:00:00:00:01,02:00:00:00:00:02,0x88b5,reverse,1,1705
2346,1787044763242606,l_left,4,outgoing,256,02:00:00:00:00:01,02:00:00:00:00:02,0x88b5,reverse,1,1706
2347,1787044763242861,l_left,4,outgoing,256,02:00:00:00:00:01,02:00:00:00:00:02,0x88b5,reverse,1,1707
2348,1787044763243117,l_left,4,outgoing,256,02:00:00:00:00:01,02:00:00:00:00:02,0x88b5,reverse,1,1708
2349,1787044763243366,l_left,4,outgoing,256,02:00:00:00:00:01,02:00:00:00:00:02,0x88b5,reverse,1,1709
2350,1787044763243570,l_left,4,outgoing,256,02:00:00:00:00:01,02:00:00:00:00:02,0x88b5,reverse,1,1710
2351,1787044763243807,l_left,4,outgoing,256,02:00:00:00:00:01,02:00:00:00:00:02,0x88b5,reverse,1,1711
2352,1787044763244153,l_left,3,otherhost,256,02:00:00:00:00:02,02:00:00:00:00:01,0x88b5,forward,1,640
2353,1787044763244222,l_left,3,otherhost,256,02:00:00:00:00:02,02:00:00:00:00:01,0x88b5,forward,1,641
2354,1787044763250724,l_left,3,otherhost,256,02:00:00:00:00:02,02:00:00:00:00:01,0x88b5,forward,1,642
2355,1787044763250759,l_left,3,otherhost,256,02:00:00:00:00:02,02:00:00:00:00:01,0x88b5,forward,1,643
2356,1787044763251008,l_left,3,otherhost,256,02:00:00:00:00:02,02:00:00:00:00:01,0x88b5,forward,1,644
2357,1787044763251257,l_left,3,otherhost,256,02:00:00:00:00:02,02:00:00:00:00:01,0x88b5,forward,1,645
2358,1787044763251742,l_left,4,outgoing,256,02:00:00:00:00:01,02:00:00:00:00:02,0x88b5,reverse,1,1712
2359,1787044763251766,l_left,4,outgoing,256,02:00:00:00:00:01,02:00:00:00:00:02,0x88b5,reverse,1,1713
2360,1787044763451827,l_left,4,outgoing,256,02:00:00:00:00:01,02:00:00:00:00:02,0x88b5,reverse,1,1714
2361,1787044763451899,l_left,4,outgoing,256,02:00:00:00:00:01,02:00:00:00:00:02,0x88b5,reverse,1,1715
2362,1787044763451921,l_left,4,outgoing,256,02:00:00:00:00:01,02:00:00:00:00:02,0x88b5,reverse,1,1716
2363,1787044763451937,l_left,4,outgoing,256,02:00:00:00:00:01,02:00:00:00:00:02,0x88b5,reverse,1,1717
2364,1787044763451952,l_left,4,outgoing,256,02:00:00:00:00:01,02:00:00:00:00:02,0x88b5,reverse,1,1718
2365,1787044763451966,l_left,4,outgoing,256,02:00:00:00:00:01,02:00:00:00:00:02,0x88b5,reverse,1,1719
2366,1787044763451997,l_left,4,outgoing,256,02:00:00:00:00:01,02:00:00:00:00:02,0x88b5,reverse,1,1720
2367,1787044763452355,l_left,4,outgoing,256,02:00:00:00:00:01,02:00:00:00:00:02,0x88b5,reverse,1,1721
2368,1787044763452619,l_left,4,outgoing,256,02:00:00:00:00:01,02:00:00:00:00:02,0x88b5,reverse,1,1722
2369,1787044763452865,l_left,4,outgoing,256,02:00:00:00:00:01,02:00:00:00:00:02,0x88b5,reverse,1,1723
2370,1787044763453115,l_left,4,outgoing,256,02:00:00:00:00:01,02:00:00:00:00:02,0x88b5,reverse,1,1724
2371,1787044763453282,l_left,4,outgoing,256,02:00:00:00:00:01,02:00:00:00:00:02,0x88b5,reverse,1,1725
2372,1787044763453612,l_left,4,outgoing,256,02:00:00:00:00:01,02:00:00:00:00:02,0x88b5,reverse,1,1726
2373,1787044763453836,l_left,4,outgoing,256,02:00:00:00:00:01,02:00:00:00:00:02,0x88b5,reverse,1,1727
2374,1787044763454360,l_left,3,otherhost,256,02:00:00:00:00:02,02:00:00:00:00:01,0x88b5,forward,1,646
2375,1787044763454380,l_left,3,otherhost,256,02:00:00:00:00:02,02:00:00:00:00:01,0x88b5,forward,1,647
2376,1787044763461574,l_left,3,otherhost,256,02:00:00:00:00:02,02:00:00:00:00:01,0x88b5,forward,1,648
2377,1787044763461636,l_left,3,otherhost,256,02:00:00:00:00:02,02:00:00:00:00:01,0x88b5,forward,1,649
2378,1787044763461657,l_left,3,otherhost,256,02:00:00:00:00:02,02:00:00:00:00:01,0x88b5,forward,1,650
2379,1787044763461674,l_left,3,otherhost,256,02:00:00:00:00:02,02:00:00:00:00:01,0x88b5,forward,1,651
2380,1787044763461774,l_left,4,outgoing,256,02:00:00:00:00:01,02:00:00:00:00:02,0x88b5,reverse,1,1728
2381,1787044763461843,l_left,4,outgoing,256,02:00:00:00:00:01,02:00:00:00:00:02,0x88b5,reverse,1,1729
2382,1787044763661606,l_left,4,outgoing,256,02:00:00:00:00:01,02:00:00:00:00:02,0x88b5,reverse,1,1730
2383,1787044763661671,l_left,4,outgoing,256,02:00:00:00:00:01,02:00:00:00:00:02,0x88b5,reverse,1,1731
2384,1787044763661693,l_left,4,outgoing,256,02:00:00:00:00:01,02:00:00:00:00:02,0x88b5,reverse,1,1732
2385,1787044763661720,l_left,4,outgoing,256,02:00:00:00:00:01,02:00:00:00:00:02,0x88b5,reverse,1,1733
2386,1787044763661736,l_left,4,outgoing,256,02:00:00:00:00:01,02:00:00:00:00:02,0x88b5,reverse,1,1734
2387,1787044763661752,l_left,4,outgoing,256,02:00:00:00:00:01,02:00:00:00:00:02,0x88b5,reverse,1,1735
2388,1787044763662104,l_left,4,outgoing,256,02:00:00:00:00:01,02:00:00:00:00:02,0x88b5,reverse,1,1736
2389,1787044763662360,l_left,4,outgoing,256,02:00:00:00:00:01,02:00:00:00:00:02,0x88b5,reverse,1,1737
2390,1787044763662609,l_left,4,outgoing,256,02:00:00:00:00:01,02:00:00:00:00:02,0x88b5,reverse,1,1738
2391,1787044763662863,l_left,4,outgoing,256,02:00:00:00:00:01,02:00:00:00:00:02,0x88b5,reverse,1,1739
2392,1787044763663105,l_left,4,outgoing,256,02:00:00:00:00:01,02:00:00:00:00:02,0x88b5,reverse,1,1740
2393,1787044763663340,l_left,4,outgoing,256,02:00:00:00:00:01,02:00:00:00:00:02,0x88b5,reverse,1,1741
2394,1787044763663570,l_left,4,outgoing,256,02:00:00:00:00:01,02:00:00:00:00:02,0x88b5,reverse,1,1742
2395,1787044763663780,l_left,4,outgoing,256,02:00:00:00:00:01,02:00:00:00:00:02,0x88b5,reverse,1,1743
2396,1787044763664204,l_left,3,otherhost,256,02:00:00:00:00:02,02:00:00:00:00:01,0x88b5,forward,1,652
2397,1787044763664241,l_left,3,otherhost,256,02:00:00:00:00:02,02:00:00:00:00:01,0x88b5,forward,1,653
2398,1787044763670897,l_left,3,otherhost,256,02:00:00:00:00:02,02:00:00:00:00:01,0x88b5,forward,1,654
2399,1787044763670933,l_left,3,otherhost,256,02:00:00:00:00:02,02:00:00:00:00:01,0x88b5,forward,1,655
2400,1787044763671133,l_left,3,otherhost,256,02:00:00:00:00:02,02:00:00:00:00:01,0x88b5,forward,1,656
2401,1787044763671233,l_left,3,otherhost,256,02:00:00:00:00:02,02:00:00:00:00:01,0x88b5,forward,1,657
2402,1787044763671718,l_left,4,outgoing,256,02:00:00:00:00:01,02:00:00:00:00:02,0x88b5,reverse,1,1744
2403,1787044763671743,l_left,4,outgoing,256,02:00:00:00:00:01,02:00:00:00:00:02,0x88b5,reverse,1,1745
2404,1787044763872051,l_left,4,outgoing,256,02:00:00:00:00:01,02:00:00:00:00:02,0x88b5,reverse,1,1746
2405,1787044763872116,l_left,4,outgoing,256,02:00:00:00:00:01,02:00:00:00:00:02,0x88b5,reverse,1,1747
2406,1787044763872137,l_left,4,outgoing,256,02:00:00:00:00:01,02:00:00:00:00:02,0x88b5,reverse,1,1748
2407,1787044763872162,l_left,4,outgoing,256,02:00:00:00:00:01,02:00:00:00:00:02,0x88b5,reverse,1,1749
2408,1787044763872179,l_left,4,outgoing,256,02:00:00:00:00:01,02:00:00:00:00:02,0x88b5,reverse,1,1750
2409,1787044763872194,l_left,4,outgoing,256,02:00:00:00:00:01,02:00:00:00:00:02,0x88b5,reverse,1,1751
2410,1787044763872209,l_left,4,outgoing,256,02:00:00:00:00:01,02:00:00:00:00:02,0x88b5,reverse,1,1752
2411,1787044763872528,l_left,4,outgoing,256,02:00:00:00:00:01,02:00:00:00:00:02,0x88b5,reverse,1,1753
2412,1787044763872578,l_left,4,outgoing,256,02:00:00:00:00:01,02:00:00:00:00:02,0x88b5,reverse,1,1754
2413,1787044763872854,l_left,4,outgoing,256,02:00:00:00:00:01,02:00:00:00:00:02,0x88b5,reverse,1,1755
2414,1787044763873117,l_left,4,outgoing,256,02:00:00:00:00:01,02:00:00:00:00:02,0x88b5,reverse,1,1756
2415,1787044763873302,l_left,4,outgoing,256,02:00:00:00:00:01,02:00:00:00:00:02,0x88b5,reverse,1,1757
2416,1787044763873608,l_left,4,outgoing,256,02:00:00:00:00:01,02:00:00:00:00:02,0x88b5,reverse,1,1758
2417,1787044763873862,l_left,4,outgoing,256,02:00:00:00:00:01,02:00:00:00:00:02,0x88b5,reverse,1,1759
2418,1787044763874322,l_left,3,otherhost,256,02:00:00:00:00:02,02:00:00:00:00:01,0x88b5,forward,1,658
2419,1787044763874360,l_left,3,otherhost,256,02:00:00:00:00:02,02:00:00:00:00:01,0x88b5,forward,1,659
2420,1787044763881359,l_left,3,otherhost,256,02:00:00:00:00:02,02:00:00:00:00:01,0x88b5,forward,1,660
2421,1787044763881419,l_left,3,otherhost,256,02:00:00:00:00:02,02:00:00:00:00:01,0x88b5,forward,1,661
2422,1787044763881440,l_left,3,otherhost,256,02:00:00:00:00:02,02:00:00:00:00:01,0x88b5,forward,1,662
2423,1787044763881456,l_left,3,otherhost,256,02:00:00:00:00:02,02:00:00:00:00:01,0x88b5,forward,1,663
2424,1787044763881951,l_left,4,outgoing,256,02:00:00:00:00:01,02:00:00:00:00:02,0x88b5,reverse,1,1760
2425,1787044763881987,l_left,4,outgoing,256,02:00:00:00:00:01,02:00:00:00:00:02,0x88b5,reverse,1,1761
2426,1787044764081976,l_left,4,outgoing,256,02:00:00:00:00:01,02:00:00:00:00:02,0x88b5,reverse,1,1762
2427,1787044764082049,l_left,4,outgoing,256,02:00:00:00:00:01,02:00:00:00:00:02,0x88b5,reverse,1,1763
2428,1787044764082072,l_left,4,outgoing,256,02:00:00:00:00:01,02:00:00:00:00:02,0x88b5,reverse,1,1764
2429,1787044764082090,l_left,4,outgoing,256,02:00:00:00:00:01,02:00:00:00:00:02,0x88b5,reverse,1,1765
2430,1787044764082105,l_left,4,outgoing,256,02:00:00:00:00:01,02:00:00:00:00:02,0x88b5,reverse,1,1766
2431,1787044764082122,l_left,4,outgoing,256,02:00:00:00:00:01,02:00:00:00:00:02,0x88b5,reverse,1,1767
2432,1787044764082138,l_left,4,outgoing,256,02:00:00:00:00:01,02:00:00:00:00:02,0x88b5,reverse,1,1768
2433,1787044764082274,l_left,4,outgoing,256,02:00:00:00:00:01,02:00:00:00:00:02,0x88b5,reverse,1,1769
2434,1787044764082605,l_left,4,outgoing,256,02:00:00:00:00:01,02:00:00:00:00:02,0x88b5,reverse,1,1770
2435,1787044764082866,l_left,4,outgoing,256,02:00:00:00:00:01,02:00:00:00:00:02,0x88b5,reverse,1,1771
2436,1787044764083128,l_left,4,outgoing,256,02:00:00:00:00:01,02:00:00:00:00:02,0x88b5,reverse,1,1772
2437,1787044764083360,l_left,4,outgoing,256,02:00:00:00:00:01,02:00:00:00:00:02,0x88b5,reverse,1,1773
2438,1787044764083614,l_left,4,outgoing,256,02:00:00:00:00:01,02:00:00:00:00:02,0x88b5,reverse,1,1774
2439,1787044764083854,l_left,4,outgoing,256,02:00:00:00:00:01,02:00:00:00:00:02,0x88b5,reverse,1,1775
2440,1787044764084276,l_left,3,otherhost,256,02:00:00:00:00:02,02:00:00:00:00:01,0x88b5,forward,1,664
2441,1787044764084313,l_left,3,otherhost,256,02:00:00:00:00:02,02:00:00:00:00:01,0x88b5,forward,1,665
2442,1787044764090902,l_left,3,otherhost,256,02:00:00:00:00:02,02:00:00:00:00:01,0x88b5,forward,1,666
2443,1787044764090938,l_left,3,otherhost,256,02:00:00:00:00:02,02:00:00:00:00:01,0x88b5,forward,1,667
2444,1787044764091091,l_left,3,otherhost,256,02:00:00:00:00:02,02:00:00:00:00:01,0x88b5,forward,1,668
2445,1787044764091261,l_left,3,otherhost,256,02:00:00:00:00:02,02:00:00:00:00:01,0x88b5,forward,1,669
2446,1787044764091892,l_left,4,outgoing,256,02:00:00:00:00:01,02:00:00:00:00:02,0x88b5,reverse,1,1776
2447,1787044764091933,l_left,4,outgoing,256,02:00:00:00:00:01,02:00:00:00:00:02,0x88b5,reverse,1,1777
2448,1787044764291687,l_left,4,outgoing,256,02:00:00:00:00:01,02:00:00:00:00:02,0x88b5,reverse,1,1778
2449,1787044764291752,l_left,4,outgoing,256,02:00:00:00:00:01,02:00:00:00:00:02,0x88b5,reverse,1,1779
2450,1787044764291773,l_left,4,outgoing,256,02:00:00:00:00:01,02:00:00:00:00:02,0x88b5,reverse,1,1780
2451,1787044764291790,l_left,4,outgoing,256,02:00:00:00:00:01,02:00:00:00:00:02,0x88b5,reverse,1,1781
2452,1787044764291805,l_left,4,outgoing,256,02:00:00:00:00:01,02:00:00:00:00:02,0x88b5,reverse,1,1782
2453,1787044764291823,l_left,4,outgoing,256,02:00:00:00:00:01,02:00:00:00:00:02,0x88b5,reverse,1,1783
2454,1787044764292106,l_left,4,outgoing,256,02:00:00:00:00:01,02:00:00:00:00:02,0x88b5,reverse,1,1784
2455,1787044764292360,l_left,4,outgoing,256,02:00:00:00:00:01,02:00:00:00:00:02,0x88b5,reverse,1,1785
2456,1787044764292622,l_left,4,outgoing,256,02:00:00:00:00:01,02:00:00:00:00:02,0x88b5,reverse,1,1786
2457,1787044764292872,l_left,4,outgoing,256,02:00:00:00:00:01,02:00:00:00:00:02,0x88b5,reverse,1,1787
2458,1787044764293101,l_left,4,outgoing,256,02:00:00:00:00:01,02:00:00:00:00:02,0x88b5,reverse,1,1788
2459,1787044764293255,l_left,4,outgoing,256,02:00:00:00:00:01,02:00:00:00:00:02,0x88b5,reverse,1,1789
2460,1787044764293573,l_left,4,outgoing,256,02:00:00:00:00:01,02:00:00:00:00:02,0x88b5,reverse,1,1790
2461,1787044764293785,l_left,4,outgoing,256,02:00:00:00:00:01,02:00:00:00:00:02,0x88b5,reverse,1,1791
2462,1787044764294240,l_left,3,otherhost,256,02:00:00:00:00:02,02:00:00:00:00:01,0x88b5,forward,1,670
2463,1787044764294263,l_left,3,otherhost,256,02:00:00:00:00:02,02:00:00:00:00:01,0x88b5,forward,1,671
2464,1787044764300884,l_left,3,otherhost,256,02:00:00:00:00:02,02:00:00:00:00:01,0x88b5,forward,1,672
2465,1787044764300922,l_left,3,otherhost,256,02:00:00:00:00:02,02:00:00:00:00:01,0x88b5,forward,1,673
2466,1787044764301018,l_left,3,otherhost,256,02:00:00:00:00:02,02:00:00:00:00:01,0x88b5,forward,1,674
2467,1787044764301189,l_left,3,otherhost,256,02:00:00:00:00:02,02:00:00:00:00:01,0x88b5,forward,1,675
2468,1787044764301740,l_left,4,outgoing,256,02:00:00:00:00:01,02:00:00:00:00:02,0x88b5,reverse,1,1792
2469,1787044764301762,l_left,4,outgoing,256,02:00:00:00:00:01,02:00:00:00:00:02,0x88b5,reverse,1,1793
2470,1787044764501860,l_left,4,outgoing,256,02:00:00:00:00:01,02:00:00:00:00:02,0x88b5,reverse,1,1794
2471,1787044764501924,l_left,4,outgoing,256,02:00:00:00:00:01,02:00:00:00:00:02,0x88b5,reverse,1,1795
2472,1787044764501945,l_left,4,outgoing,256,02:00:00:00:00:01,02:00:00:00:00:02,0x88b5,reverse,1,1796
2473,1787044764501972,l_left,4,outgoing,256,02:00:00:00:00:01,02:00:00:00:00:02,0x88b5,reverse,1,1797
2474,1787044764501991,l_left,4,outgoing,256,02:00:00:00:00:01,02:00:00:00:00:02,0x88b5,reverse,1,1798
2475,1787044764502005,l_left,4,outgoing,256,02:00:00:00:00:01,02:00:00:00:00:02,0x88b5,reverse,1,1799
2476,1787044764502018,l_left,4,outgoing,256,02:00:00:00:00:01,02:00:00:00:00:02,0x88b5,reverse,1,1800
2477,1787044764502361,l_left,4,outgoing,256,02:00:00:00:00:01,02:00:00:00:00:02,0x88b5,reverse,1,1801
2478,1787044764502613,l_left,4,outgoing,256,02:00:00:00:00:01,02:00:00:00:00:02,0x88b5,reverse,1,1802
2479,1787044764502869,l_left,4,outgoing,256,02:00:00:00:00:01,02:00:00:00:00:02,0x88b5,reverse,1,1803
2480,1787044764503114,l_left,4,outgoing,256,02:00:00:00:00:01,02:00:00:00:00:02,0x88b5,reverse,1,1804
2481,1787044764503362,l_left,4,outgoing,256,02:00:00:00:00:01,02:00:00:00:00:02,0x88b5,reverse,1,1805
2482,1787044764503615,l_left,4,outgoing,256,02:00:00:00:00:01,02:00:00:00:00:02,0x88b5,reverse,1,1806
2483,1787044764503856,l_left,4,outgoing,256,02:00:00:00:00:01,02:00:00:00:00:02,0x88b5,reverse,1,1807
2484,1787044764504186,l_left,3,otherhost,256,02:00:00:00:00:02,02:00:00:00:00:01,0x88b5,forward,1,676
2485,1787044764504223,l_left,3,otherhost,256,02:00:00:00:00:02,02:00:00:00:00:01,0x88b5,forward,1,677
2486,1787044764510725,l_left,3,otherhost,256,02:00:00:00:00:02,02:00:00:00:00:01,0x88b5,forward,1,678
2487,1787044764510777,l_left,3,otherhost,256,02:00:00:00:00:02,02:00:00:00:00:01,0x88b5,forward,1,679
2488,1787044764511009,l_left,3,otherhost,256,02:00:00:00:00:02,02:00:00:00:00:01,0x88b5,forward,1,680
2489,1787044764511259,l_left,3,otherhost,256,02:00:00:00:00:02,02:00:00:00:00:01,0x88b5,forward,1,681
2490,1787044764511754,l_left,4,outgoing,256,02:00:00:00:00:01,02:00:00:00:00:02,0x88b5,reverse,1,1808
2491,1787044764511777,l_left,4,outgoing,256,02:00:00:00:00:01,02:00:00:00:00:02,0x88b5,reverse,1,1809
2492,1787044764712065,l_left,4,outgoing,256,02:00:00:00:00:01,02:00:00:00:00:02,0x88b5,reverse,1,1810
2493,1787044764712128,l_left,4,outgoing,256,02:00:00:00:00:01,02:00:00:00:00:02,0x88b5,reverse,1,1811
2494,1787044764712149,l_left,4,outgoing,256,02:00:00:00:00:01,02:00:00:00:00:02,0x88b5,reverse,1,1812
2495,1787044764712167,l_left,4,outgoing,256,02:00:00:00:00:01,02:00:00:00:00:02,0x88b5,reverse,1,1813
2496,1787044764712183,l_left,4,outgoing,256,02:00:00:00:00:01,02:00:00:00:00:02,0x88b5,reverse,1,1814
2497,1787044764712197,l_left,4,outgoing,256,02:00:00:00:00:01,02:00:00:00:00:02,0x88b5,reverse,1,1815
2498,1787044764712211,l_left,4,outgoing,256,02:00:00:00:00:01,02:00:00:00:00:02,0x88b5,reverse,1,1816
2499,1787044764712244,l_left,4,outgoing,256,02:00:00:00:00:01,02:00:00:00:00:02,0x88b5,reverse,1,1817
2500,1787044764712612,l_left,4,outgoing,256,02:00:00:00:00:01,02:00:00:00:00:02,0x88b5,reverse,1,1818
2501,1787044764712872,l_left,4,outgoing,256,02:00:00:00:00:01,02:00:00:00:00:02,0x88b5,reverse,1,1819
2502,1787044764713127,l_left,4,outgoing,256,02:00:00:00:00:01,02:00:00:00:00:02,0x88b5,reverse,1,1820
2503,1787044764713245,l_left,4,outgoing,256,02:00:00:00:00:01,02:00:00:00:00:02,0x88b5,reverse,1,1821
2504,1787044764713616,l_left,4,outgoing,256,02:00:00:00:00:01,02:00:00:00:00:02,0x88b5,reverse,1,1822
2505,1787044764713860,l_left,4,outgoing,256,02:00:00:00:00:01,02:00:00:00:00:02,0x88b5,reverse,1,1823
2506,1787044764714332,l_left,3,otherhost,256,02:00:00:00:00:02,02:00:00:00:00:01,0x88b5,forward,1,682
2507,1787044764714357,l_left,3,otherhost,256,02:00:00:00:00:02,02:00:00:00:00:01,0x88b5,forward,1,683
2508,1787044764720874,l_left,3,otherhost,256,02:00:00:00:00:02,02:00:00:00:00:01,0x88b5,forward,1,684
2509,1787044764720910,l_left,3,otherhost,256,02:00:00:00:00:02,02:00:00:00:00:01,0x88b5,forward,1,685
2510,1787044764721073,l_left,3,otherhost,256,02:00:00:00:00:02,02:00:00:00:00:01,0x88b5,forward,1,686
2511,1787044764721192,l_left,3,otherhost,256,02:00:00:00:00:02,02:00:00:00:00:01,0x88b5,forward,1,687
2512,1787044764721741,l_left,4,outgoing,256,02:00:00:00:00:01,02:00:00:00:00:02,0x88b5,reverse,1,1824
2513,1787044764721786,l_left,4,outgoing,256,02:00:00:00:00:01,02:00:00:00:00:02,0x88b5,reverse,1,1825
2514,1787044764921541,l_left,4,outgoing,256,02:00:00:00:00:01,02:00:00:00:00:02,0x88b5,reverse,1,1826
2515,1787044764921604,l_left,4,outgoing,256,02:00:00:00:00:01,02:00:00:00:00:02,0x88b5,reverse,1,1827
2516,1787044764921625,l_left,4,outgoing,256,02:00:00:00:00:01,02:00:00:00:00:02,0x88b5,reverse,1,1828
2517,1787044764921647,l_left,4,outgoing,256,02:00:00:00:00:01,02:00:00:00:00:02,0x88b5,reverse,1,1829
2518,1787044764921667,l_left,4,outgoing,256,02:00:00:00:00:01,02:00:00:00:00:02,0x88b5,reverse,1,1830
2519,1787044764921832,l_left,4,outgoing,256,02:00:00:00:00:01,02:00:00:00:00:02,0x88b5,reverse,1,1831
2520,1787044764922111,l_left,4,outgoing,256,02:00:00:00:00:01,02:00:00:00:00:02,0x88b5,reverse,1,1832
2521,1787044764922364,l_left,4,outgoing,256,02:00:00:00:00:01,02:00:00:00:00:02,0x88b5,reverse,1,1833
2522,1787044764922613,l_left,4,outgoing,256,02:00:00:00:00:01,02:00:00:00:00:02,0x88b5,reverse,1,1834
2523,1787044764922863,l_left,4,outgoing,256,02:00:00:00:00:01,02:00:00:00:00:02,0x88b5,reverse,1,1835
2524,1787044764923184,l_left,4,outgoing,256,02:00:00:00:00:01,02:00:00:00:00:02,0x88b5,reverse,1,1836
2525,1787044764923501,l_left,4,outgoing,256,02:00:00:00:00:01,02:00:00:00:00:02,0x88b5,reverse,1,1837
2526,1787044764923550,l_left,4,outgoing,256,02:00:00:00:00:01,02:00:00:00:00:02,0x88b5,reverse,1,1838
2527,1787044764923750,l_left,4,outgoing,256,02:00:00:00:00:01,02:00:00:00:00:02,0x88b5,reverse,1,1839
2528,1787044764924138,l_left,3,otherhost,256,02:00:00:00:00:02,02:00:00:00:00:01,0x88b5,forward,1,688
2529,1787044764924219,l_left,3,otherhost,256,02:00:00:00:00:02,02:00:00:00:00:01,0x88b5,forward,1,689
2530,1787044764930729,l_left,3,otherhost,256,02:00:00:00:00:02,02:00:00:00:00:01,0x88b5,forward,1,690
2531,1787044764930774,l_left,3,otherhost,256,02:00:00:00:00:02,02:00:00:00:00:01,0x88b5,forward,1,691
2532,1787044764930981,l_left,3,otherhost,256,02:00:00:00:00:02,02:00:00:00:00:01,0x88b5,forward,1,692
2533,1787044764931229,l_left,3,otherhost,256,02:00:00:00:00:02,02:00:00:00:00:01,0x88b5,forward,1,693
2534,1787044764931718,l_left,4,outgoing,256,02:00:00:00:00:01,02:00:00:00:00:02,0x88b5,reverse,1,1840
2535,1787044764931735,l_left,4,outgoing,256,02:00:00:00:00:01,02:00:00:00:00:02,0x88b5,reverse,1,1841
2536,1787044765131533,l_left,4,outgoing,256,02:00:00:00:00:01,02:00:00:00:00:02,0x88b5,reverse,1,1842
2537,1787044765131596,l_left,4,outgoing,256,02:00:00:00:00:01,02:00:00:00:00:02,0x88b5,reverse,1,1843
2538,1787044765131618,l_left,4,outgoing,256,02:00:00:00:00:01,02:00:00:00:00:02,0x88b5,reverse,1,1844
2539,1787044765131640,l_left,4,outgoing,256,02:00:00:00:00:01,02:00:00:00:00:02,0x88b5,reverse,1,1845
2540,1787044765131654,l_left,4,outgoing,256,02:00:00:00:00:01,02:00:00:00:00:02,0x88b5,reverse,1,1846
2541,1787044765131868,l_left,4,outgoing,256,02:00:00:00:00:01,02:00:00:00:00:02,0x88b5,reverse,1,1847
2542,1787044765132115,l_left,4,outgoing,256,02:00:00:00:00:01,02:00:00:00:00:02,0x88b5,reverse,1,1848
2543,1787044765132373,l_left,4,outgoing,256,02:00:00:00:00:01,02:00:00:00:00:02,0x88b5,reverse,1,1849
2544,1787044765132611,l_left,4,outgoing,256,02:00:00:00:00:01,02:00:00:00:00:02,0x88b5,reverse,1,1850
2545,1787044765132862,l_left,4,outgoing,256,02:00:00:00:00:01,02:00:00:00:00:02,0x88b5,reverse,1,1851
2546,1787044765133101,l_left,4,outgoing,256,02:00:00:00:00:01,02:00:00:00:00:02,0x88b5,reverse,1,1852
2547,1787044765133215,l_left,4,outgoing,256,02:00:00:00:00:01,02:00:00:00:00:02,0x88b5,reverse,1,1853
2548,1787044765133520,l_left,4,outgoing,256,02:00:00:00:00:01,02:00:00:00:00:02,0x88b5,reverse,1,1854
2549,1787044765133739,l_left,4,outgoing,256,02:00:00:00:00:01,02:00:00:00:00:02,0x88b5,reverse,1,1855
2550,1787044765134274,l_left,3,otherhost,256,02:00:00:00:00:02,02:00:00:00:00:01,0x88b5,forward,1,694
2551,1787044765134293,l_left,3,otherhost,256,02:00:00:00:00:02,02:00:00:00:00:01,0x88b5,forward,1,695
2552,1787044765140942,l_left,3,otherhost,256,02:00:00:00:00:02,02:00:00:00:00:01,0x88b5,forward,1,696
2553,1787044765140981,l_left,3,otherhost,256,02:00:00:00:00:02,02:00:00:00:00:01,0x88b5,forward,1,697
2554,1787044765141000,l_left,3,otherhost,256,02:00:00:00:00:02,02:00:00:00:00:01,0x88b5,forward,1,698
2555,1787044765141289,l_left,3,otherhost,256,02:00:00:00:00:02,02:00:00:00:00:01,0x88b5,forward,1,699
2556,1787044765141778,l_left,4,outgoing,256,02:00:00:00:00:01,02:00:00:00:00:02,0x88b5,reverse,1,1856
2557,1787044765141815,l_left,4,outgoing,256,02:00:00:00:00:01,02:00:00:00:00:02,0x88b5,reverse,1,1857
2558,1787044765342092,l_left,4,outgoing,256,02:00:00:00:00:01,02:00:00:00:00:02,0x88b5,reverse,1,1858
2559,1787044765342159,l_left,4,outgoing,256,02:00:00:00:00:01,02:00:00:00:00:02,0x88b5,reverse,1,1859
2560,1787044765342188,l_left,4,outgoing,256,02:00:00:00:00:01,02:00:00:00:00:02,0x88b5,reverse,1,1860
2561,1787044765342214,l_left,4,outgoing,256,02:00:00:00:00:01,02:00:00:00:00:02,0x88b5,reverse,1,1861
2562,1787044765342230,l_left,4,outgoing,256,02:00:00:00:00:01,02:00:00:00:00:02,0x88b5,reverse,1,1862
2563,1787044765342245,l_left,4,outgoing,256,02:00:00:00:00:01,02:00:00:00:00:02,0x88b5,reverse,1,1863
2564,1787044765342260,l_left,4,outgoing,256,02:00:00:00:00:01,02:00:00:00:00:02,0x88b5,reverse,1,1864
2565,1787044765342382,l_left,4,outgoing,256,02:00:00:00:00:01,02:00:00:00:00:02,0x88b5,reverse,1,1865
2566,1787044765342617,l_left,4,outgoing,256,02:00:00:00:00:01,02:00:00:00:00:02,0x88b5,reverse,1,1866
2567,1787044765342870,l_left,4,outgoing,256,02:00:00:00:00:01,02:00:00:00:00:02,0x88b5,reverse,1,1867
2568,1787044765343122,l_left,4,outgoing,256,02:00:00:00:00:01,02:00:00:00:00:02,0x88b5,reverse,1,1868
2569,1787044765343356,l_left,4,outgoing,256,02:00:00:00:00:01,02:00:00:00:00:02,0x88b5,reverse,1,1869
2570,1787044765343617,l_left,4,outgoing,256,02:00:00:00:00:01,02:00:00:00:00:02,0x88b5,reverse,1,1870
2571,1787044765343871,l_left,4,outgoing,256,02:00:00:00:00:01,02:00:00:00:00:02,0x88b5,reverse,1,1871
2572,1787044765344325,l_left,3,otherhost,256,02:00:00:00:00:02,02:00:00:00:00:01,0x88b5,forward,1,700
2573,1787044765344363,l_left,3,otherhost,256,02:00:00:00:00:02,02:00:00:00:00:01,0x88b5,forward,1,701
2574,1787044765350810,l_left,3,otherhost,256,02:00:00:00:00:02,02:00:00:00:00:01,0x88b5,forward,1,702
2575,1787044765350846,l_left,3,otherhost,256,02:00:00:00:00:02,02:00:00:00:00:01,0x88b5,forward,1,703
2576,1787044765351016,l_left,3,otherhost,256,02:00:00:00:00:02,02:00:00:00:00:01,0x88b5,forward,1,704
2577,1787044765351257,l_left,3,otherhost,256,02:00:00:00:00:02,02:00:00:00:00:01,0x88b5,forward,1,705
2578,1787044765351858,l_left,4,outgoing,256,02:00:00:00:00:01,02:00:00:00:00:02,0x88b5,reverse,1,1872
2579,1787044765351894,l_left,4,outgoing,256,02:00:00:00:00:01,02:00:00:00:00:02,0x88b5,reverse,1,1873
2580,1787044765551571,l_left,4,outgoing,256,02:00:00:00:00:01,02:00:00:00:00:02,0x88b5,reverse,1,1874
2581,1787044765551634,l_left,4,outgoing,256,02:00:00:00:00:01,02:00:00:00:00:02,0x88b5,reverse,1,1875
2582,1787044765551663,l_left,4,outgoing,256,02:00:00:00:00:01,02:00:00:00:00:02,0x88b5,reverse,1,1876
2583,1787044765551680,l_left,4,outgoing,256,02:00:00:00:00:01,02:00:00:00:00:02,0x88b5,reverse,1,1877
2584,1787044765551695,l_left,4,outgoing,256,02:00:00:00:00:01,02:00:00:00:00:02,0x88b5,reverse,1,1878
2585,1787044765551741,l_left,4,outgoing,256,02:00:00:00:00:01,02:00:00:00:00:02,0x88b5,reverse,1,1879
2586,1787044765552104,l_left,4,outgoing,256,02:00:00:00:00:01,02:00:00:00:00:02,0x88b5,reverse,1,1880
2587,1787044765552364,l_left,4,outgoing,256,02:00:00:00:00:01,02:00:00:00:00:02,0x88b5,reverse,1,1881
2588,1787044765552612,l_left,4,outgoing,256,02:00:00:00:00:01,02:00:00:00:00:02,0x88b5,reverse,1,1882
2589,1787044765552827,l_left,4,outgoing,256,02:00:00:00:00:01,02:00:00:00:00:02,0x88b5,reverse,1,1883
2590,1787044765553105,l_left,4,outgoing,256,02:00:00:00:00:01,02:00:00:00:00:02,0x88b5,reverse,1,1884
2591,1787044765553282,l_left,4,outgoing,256,02:00:00:00:00:01,02:00:00:00:00:02,0x88b5,reverse,1,1885
2592,1787044765553607,l_left,4,outgoing,256,02:00:00:00:00:01,02:00:00:00:00:02,0x88b5,reverse,1,1886
2593,1787044765553830,l_left,4,outgoing,256,02:00:00:00:00:01,02:00:00:00:00:02,0x88b5,reverse,1,1887
2594,1787044765554357,l_left,3,otherhost,256,02:00:00:00:00:02,02:00:00:00:00:01,0x88b5,forward,1,706
2595,1787044765554388,l_left,3,otherhost,256,02:00:00:00:00:02,02:00:00:00:00:01,0x88b5,forward,1,707
2596,1787044765560814,l_left,3,otherhost,256,02:00:00:00:00:02,02:00:00:00:00:01,0x88b5,forward,1,708
2597,1787044765560858,l_left,3,otherhost,256,02:00:00:00:00:02,02:00:00:00:00:01,0x88b5,forward,1,709
2598,1787044765560990,l_left,3,otherhost,256,02:00:00:00:00:02,02:00:00:00:00:01,0x88b5,forward,1,710
2599,1787044765561190,l_left,3,otherhost,256,02:00:00:00:00:02,02:00:00:00:00:01,0x88b5,forward,1,711
2600,1787044765561811,l_left,4,outgoing,256,02:00:00:00:00:01,02:00:00:00:00:02,0x88b5,reverse,1,1888
2601,1787044765561852,l_left,4,outgoing,256,02:00:00:00:00:01,02:00:00:00:00:02,0x88b5,reverse,1,1889
2602,1787044765761485,l_left,4,outgoing,256,02:00:00:00:00:01,02:00:00:00:00:02,0x88b5,reverse,1,1890
2603,1787044765761547,l_left,4,outgoing,256,02:00:00:00:00:01,02:00:00:00:00:02,0x88b5,reverse,1,1891
2604,1787044765761569,l_left,4,outgoing,256,02:00:00:00:00:01,02:00:00:00:00:02,0x88b5,reverse,1,1892
2605,1787044765761587,l_left,4,outgoing,256,02:00:00:00:00:01,02:00:00:00:00:02,0x88b5,reverse,1,1893
2606,1787044765761608,l_left,4,outgoing,256,02:00:00:00:00:01,02:00:00:00:00:02,0x88b5,reverse,1,1894
2607,1787044765761855,l_left,4,outgoing,256,02:00:00:00:00:01,02:00:00:00:00:02,0x88b5,reverse,1,1895
2608,1787044765762112,l_left,4,outgoing,256,02:00:00:00:00:01,02:00:00:00:00:02,0x88b5,reverse,1,1896
2609,1787044765762365,l_left,4,outgoing,256,02:00:00:00:00:01,02:00:00:00:00:02,0x88b5,reverse,1,1897
2610,1787044765762625,l_left,4,outgoing,256,02:00:00:00:00:01,02:00:00:00:00:02,0x88b5,reverse,1,1898
2611,1787044765762866,l_left,4,outgoing,256,02:00:00:00:00:01,02:00:00:00:00:02,0x88b5,reverse,1,1899
2612,1787044765763104,l_left,4,outgoing,256,02:00:00:00:00:01,02:00:00:00:00:02,0x88b5,reverse,1,1900
2613,1787044765763278,l_left,4,outgoing,256,02:00:00:00:00:01,02:00:00:00:00:02,0x88b5,reverse,1,1901
2614,1787044765763517,l_left,4,outgoing,256,02:00:00:00:00:01,02:00:00:00:00:02,0x88b5,reverse,1,1902
2615,1787044765763737,l_left,4,outgoing,256,02:00:00:00:00:01,02:00:00:00:00:02,0x88b5,reverse,1,1903
2616,1787044765764182,l_left,3,otherhost,256,02:00:00:00:00:02,02:00:00:00:00:01,0x88b5,forward,1,712
2617,1787044765764202,l_left,3,otherhost,256,02:00:00:00:00:02,02:00:00:00:00:01,0x88b5,forward,1,713
2618,1787044765770846,l_left,3,otherhost,256,02:00:00:00:00:02,02:00:00:00:00:01,0x88b5,forward,1,714
2619,1787044765770882,l_left,3,otherhost,256,02:00:00:00:00:02,02:00:00:00:00:01,0x88b5,forward,1,715
2620,1787044765771040,l_left,3,otherhost,256,02:00:00:00:00:02,02:00:00:00:00:01,0x88b5,forward,1,716
2621,1787044765771229,l_left,3,otherhost,256,02:00:00:00:00:02,02:00:00:00:00:01,0x88b5,forward,1,717
2622,1787044765771727,l_left,4,outgoing,256,02:00:00:00:00:01,02:00:00:00:00:02,0x88b5,reverse,1,1904
2623,1787044765771744,l_left,4,outgoing,256,02:00:00:00:00:01,02:00:00:00:00:02,0x88b5,reverse,1,1905
2624,1787044765971552,l_left,4,outgoing,256,02:00:00:00:00:01,02:00:00:00:00:02,0x88b5,reverse,1,1906
2625,1787044765971618,l_left,4,outgoing,256,02:00:00:00:00:01,02:00:00:00:00:02,0x88b5,reverse,1,1907
2626,1787044765971645,l_left,4,outgoing,256,02:00:00:00:00:01,02:00:00:00:00:02,0x88b5,reverse,1,1908
2627,1787044765971664,l_left,4,outgoing,256,02:00:00:00:00:01,02:00:00:00:00:02,0x88b5,reverse,1,1909
2628,1787044765971679,l_left,4,outgoing,256,02:00:00:00:00:01,02:00:00:00:00:02,0x88b5,reverse,1,1910
2629,1787044765971879,l_left,4,outgoing,256,02:00:00:00:00:01,02:00:00:00:00:02,0x88b5,reverse,1,1911
2630,1787044765972100,l_left,4,outgoing,256,02:00:00:00:00:01,02:00:00:00:00:02,0x88b5,reverse,1,1912
2631,1787044765972363,l_left,4,outgoing,256,02:00:00:00:00:01,02:00:00:00:00:02,0x88b5,reverse,1,1913
2632,1787044765972615,l_left,4,outgoing,256,02:00:00:00:00:01,02:00:00:00:00:02,0x88b5,reverse,1,1914
2633,1787044765972868,l_left,4,outgoing,256,02:00:00:00:00:01,02:00:00:00:00:02,0x88b5,reverse,1,1915
2634,1787044765973123,l_left,4,outgoing,256,02:00:00:00:00:01,02:00:00:00:00:02,0x88b5,reverse,1,1916
2635,1787044765973242,l_left,4,outgoing,256,02:00:00:00:00:01,02:00:00:00:00:02,0x88b5,reverse,1,1917
2636,1787044765973566,l_left,4,outgoing,256,02:00:00:00:00:01,02:00:00:00:00:02,0x88b5,reverse,1,1918
2637,1787044765973750,l_left,4,outgoing,256,02:00:00:00:00:01,02:00:00:00:00:02,0x88b5,reverse,1,1919
2638,1787044765974307,l_left,3,otherhost,256,02:00:00:00:00:02,02:00:00:00:00:01,0x88b5,forward,1,718
2639,1787044765974338,l_left,3,otherhost,256,02:00:00:00:00:02,02:00:00:00:00:01,0x88b5,forward,1,719
2640,1787044765980808,l_left,3,otherhost,256,02:00:00:00:00:02,02:00:00:00:00:01,0x88b5,forward,1,720
2641,1787044765980845,l_left,3,otherhost,256,02:00:00:00:00:02,02:00:00:00:00:01,0x88b5,forward,1,721
2642,1787044765980982,l_left,3,otherhost,256,02:00:00:00:00:02,02:00:00:00:00:01,0x88b5,forward,1,722
2643,1787044765981191,l_left,3,otherhost,256,02:00:00:00:00:02,02:00:00:00:00:01,0x88b5,forward,1,723
2644,1787044765981697,l_left,4,outgoing,256,02:00:00:00:00:01,02:00:00:00:00:02,0x88b5,reverse,1,1920
2645,1787044765981727,l_left,4,outgoing,256,02:00:00:00:00:01,02:00:00:00:00:02,0x88b5,reverse,1,1921
2646,1787044766181525,l_left,4,outgoing,256,02:00:00:00:00:01,02:00:00:00:00:02,0x88b5,reverse,1,1922
2647,1787044766181588,l_left,4,outgoing,256,02:00:00:00:00:01,02:00:00:00:00:02,0x88b5,reverse,1,1923
2648,1787044766181611,l_left,4,outgoing,256,02:00:00:00:00:01,02:00:00:00:00:02,0x88b5,reverse,1,1924
2649,1787044766181630,l_left,4,outgoing,256,02:00:00:00:00:01,02:00:00:00:00:02,0x88b5,reverse,1,1925
2650,1787044766181646,l_left,4,outgoing,256,02:00:00:00:00:01,02:00:00:00:00:02,0x88b5,reverse,1,1926
2651,1787044766181868,l_left,4,outgoing,256,02:00:00:00:00:01,02:00:00:00:00:02,0x88b5,reverse,1,1927
2652,1787044766182120,l_left,4,outgoing,256,02:00:00:00:00:01,02:00:00:00:00:02,0x88b5,reverse,1,1928
2653,1787044766182364,l_left,4,outgoing,256,02:00:00:00:00:01,02:00:00:00:00:02,0x88b5,reverse,1,1929
2654,1787044766182623,l_left,4,outgoing,256,02:00:00:00:00:01,02:00:00:00:00:02,0x88b5,reverse,1,1930
2655,1787044766182866,l_left,4,outgoing,256,02:00:00:00:00:01,02:00:00:00:00:02,0x88b5,reverse,1,1931
2656,1787044766183108,l_left,4,outgoing,256,02:00:00:00:00:01,02:00:00:00:00:02,0x88b5,reverse,1,1932
2657,1787044766183358,l_left,4,outgoing,256,02:00:00:00:00:01,02:00:00:00:00:02,0x88b5,reverse,1,1933
2658,1787044766183556,l_left,4,outgoing,256,02:00:00:00:00:01,02:00:00:00:00:02,0x88b5,reverse,1,1934
2659,1787044766183798,l_left,4,outgoing,256,02:00:00:00:00:01,02:00:00:00:00:02,0x88b5,reverse,1,1935
2660,1787044766184928,l_left,3,otherhost,256,02:00:00:00:00:02,02:00:00:00:00:01,0x88b5,forward,1,724
2661,1787044766184977,l_left,3,otherhost,256,02:00:00:00:00:02,02:00:00:00:00:01,0x88b5,forward,1,725
2662,1787044766190833,l_left,3,otherhost,256,02:00:00:00:00:02,02:00:00:00:00:01,0x88b5,forward,1,726
2663,1787044766190869,l_left,3,otherhost,256,02:00:00:00:00:02,02:00:00:00:00:01,0x88b5,forward,1,727
2664,1787044766190983,l_left,3,otherhost,256,02:00:00:00:00:02,02:00:00:00:00:01,0x88b5,forward,1,728
2665,1787044766191235,l_left,3,otherhost,256,02:00:00:00:00:02,02:00:00:00:00:01,0x88b5,forward,1,729
2666,1787044766191726,l_left,4,outgoing,256,02:00:00:00:00:01,02:00:00:00:00:02,0x88b5,reverse,1,1936
2667,1787044766191760,l_left,4,outgoing,256,02:00:00:00:00:01,02:00:00:00:00:02,0x88b5,reverse,1,1937
2668,1787044766391825,l_left,4,outgoing,256,02:00:00:00:00:01,02:00:00:00:00:02,0x88b5,reverse,1,1938
2669,1787044766391887,l_left,4,outgoing,256,02:00:00:00:00:01,02:00:00:00:00:02,0x88b5,reverse,1,1939
2670,1787044766391910,l_left,4,outgoing,256,02:00:00:00:00:01,02:00:00:00:00:02,0x88b5,reverse,1,1940
2671,1787044766391927,l_left,4,outgoing,256,02:00:00:00:00:01,02:00:00:00:00:02,0x88b5,reverse,1,1941
2672,1787044766391941,l_left,4,outgoing,256,02:00:00:00:00:01,02:00:00:00:00:02,0x88b5,reverse,1,1942
2673,1787044766391955,l_left,4,outgoing,256,02:00:00:00:00:01,02:00:00:00:00:02,0x88b5,reverse,1,1943
2674,1787044766391989,l_left,4,outgoing,256,02:00:00:00:00:01,02:00:00:00:00:02,0x88b5,reverse,1,1944
2675,1787044766392357,l_left,4,outgoing,256,02:00:00:00:00:01,02:00:00:00:00:02,0x88b5,reverse,1,1945
2676,1787044766392607,l_left,4,outgoing,256,02:00:00:00:00:01,02:00:00:00:00:02,0x88b5,reverse,1,1946
2677,1787044766392857,l_left,4,outgoing,256,02:00:00:00:00:01,02:00:00:00:00:02,0x88b5,reverse,1,1947
2678,1787044766393109,l_left,4,outgoing,256,02:00:00:00:00:01,02:00:00:00:00:02,0x88b5,reverse,1,1948
2679,1787044766393289,l_left,4,outgoing,256,02:00:00:00:00:01,02:00:00:00:00:02,0x88b5,reverse,1,1949
2680,1787044766393604,l_left,4,outgoing,256,02:00:00:00:00:01,02:00:00:00:00:02,0x88b5,reverse,1,1950
2681,1787044766393855,l_left,4,outgoing,256,02:00:00:00:00:01,02:00:00:00:00:02,0x88b5,reverse,1,1951
2682,1787044766394160,l_left,3,otherhost,256,02:00:00:00:00:02,02:00:00:00:00:01,0x88b5,forward,1,730
2683,1787044766394185,l_left,3,otherhost,256,02:00:00:00:00:02,02:00:00:00:00:01,0x88b5,forward,1,731
2684,1787044766401520,l_left,3,otherhost,256,02:00:00:00:00:02,02:00:00:00:00:01,0x88b5,forward,1,732
2685,1787044766401593,l_left,3,otherhost,256,02:00:00:00:00:02,02:00:00:00:00:01,0x88b5,forward,1,733
2686,1787044766401614,l_left,3,otherhost,256,02:00:00:00:00:02,02:00:00:00:00:01,0x88b5,forward,1,734
2687,1787044766401632,l_left,3,otherhost,256,02:00:00:00:00:02,02:00:00:00:00:01,0x88b5,forward,1,735
2688,1787044766401765,l_left,4,outgoing,256,02:00:00:00:00:01,02:00:00:00:00:02,0x88b5,reverse,1,1952
2689,1787044766401792,l_left,4,outgoing,256,02:00:00:00:00:01,02:00:00:00:00:02,0x88b5,reverse,1,1953
2690,1787044766601908,l_left,4,outgoing,256,02:00:00:00:00:01,02:00:00:00:00:02,0x88b5,reverse,1,1954
2691,1787044766601971,l_left,4,outgoing,256,02:00:00:00:00:01,02:00:00:00:00:02,0x88b5,reverse,1,1955
2692,1787044766602001,l_left,4,outgoing,256,02:00:00:00:00:01,02:00:00:00:00:02,0x88b5,reverse,1,1956
2693,1787044766602018,l_left,4,outgoing,256,02:00:00:00:00:01,02:00:00:00:00:02,0x88b5,reverse,1,1957
2694,1787044766602033,l_left,4,outgoing,256,02:00:00:00:00:01,02:00:00:00:00:02,0x88b5,reverse,1,1958
2695,1787044766602052,l_left,4,outgoing,256,02:00:00:00:00:01,02:00:00:00:00:02,0x88b5,reverse,1,1959
2696,1787044766602066,l_left,4,outgoing,256,02:00:00:00:00:01,02:00:00:00:00:02,0x88b5,reverse,1,1960
2697,1787044766602367,l_left,4,outgoing,256,02:00:00:00:00:01,02:00:00:00:00:02,0x88b5,reverse,1,1961
2698,1787044766602613,l_left,4,outgoing,256,02:00:00:00:00:01,02:00:00:00:00:02,0x88b5,reverse,1,1962
2699,1787044766602864,l_left,4,outgoing,256,02:00:00:00:00:01,02:00:00:00:00:02,0x88b5,reverse,1,1963
2700,1787044766603115,l_left,4,outgoing,256,02:00:00:00:00:01,02:00:00:00:00:02,0x88b5,reverse,1,1964
2701,1787044766603364,l_left,4,outgoing,256,02:00:00:00:00:01,02:00:00:00:00:02,0x88b5,reverse,1,1965
2702,1787044766603614,l_left,4,outgoing,256,02:00:00:00:00:01,02:00:00:00:00:02,0x88b5,reverse,1,1966
2703,1787044766603851,l_left,4,outgoing,256,02:00:00:00:00:01,02:00:00:00:00:02,0x88b5,reverse,1,1967
2704,1787044766604310,l_left,3,otherhost,256,02:00:00:00:00:02,02:00:00:00:00:01,0x88b5,forward,1,736
2705,1787044766604348,l_left,3,otherhost,256,02:00:00:00:00:02,02:00:00:00:00:01,0x88b5,forward,1,737
2706,1787044766610733,l_left,3,otherhost,256,02:00:00:00:00:02,02:00:00:00:00:01,0x88b5,forward,1,738
2707,1787044766610778,l_left,3,otherhost,256,02:00:00:00:00:02,02:00:00:00:00:01,0x88b5,forward,1,739
2708,1787044766611008,l_left,3,otherhost,256,02:00:00:00:00:02,02:00:00:00:00:01,0x88b5,forward,1,740
2709,1787044766611258,l_left,3,otherhost,256,02:00:00:00:00:02,02:00:00:00:00:01,0x88b5,forward,1,741
2710,1787044766611798,l_left,4,outgoing,256,02:00:00:00:00:01,02:00:00:00:00:02,0x88b5,reverse,1,1968
2711,1787044766611821,l_left,4,outgoing,256,02:00:00:00:00:01,02:00:00:00:00:02,0x88b5,reverse,1,1969
2712,1787044766811990,l_left,4,outgoing,256,02:00:00:00:00:01,02:00:00:00:00:02,0x88b5,reverse,1,1970
2713,1787044766812052,l_left,4,outgoing,256,02:00:00:00:00:01,02:00:00:00:00:02,0x88b5,reverse,1,1971
2714,1787044766812079,l_left,4,outgoing,256,02:00:00:00:00:01,02:00:00:00:00:02,0x88b5,reverse,1,1972
2715,1787044766812099,l_left,4,outgoing,256,02:00:00:00:00:01,02:00:00:00:00:02,0x88b5,reverse,1,1973
2716,1787044766812115,l_left,4,outgoing,256,02:00:00:00:00:01,02:00:00:00:00:02,0x88b5,reverse,1,1974
2717,1787044766812130,l_left,4,outgoing,256,02:00:00:00:00:01,02:00:00:00:00:02,0x88b5,reverse,1,1975
2718,1787044766812144,l_left,4,outgoing,256,02:00:00:00:00:01,02:00:00:00:00:02,0x88b5,reverse,1,1976
2719,1787044766812369,l_left,4,outgoing,256,02:00:00:00:00:01,02:00:00:00:00:02,0x88b5,reverse,1,1977
2720,1787044766812614,l_left,4,outgoing,256,02:00:00:00:00:01,02:00:00:00:00:02,0x88b5,reverse,1,1978
2721,1787044766812874,l_left,4,outgoing,256,02:00:00:00:00:01,02:00:00:00:00:02,0x88b5,reverse,1,1979
2722,1787044766813105,l_left,4,outgoing,256,02:00:00:00:00:01,02:00:00:00:00:02,0x88b5,reverse,1,1980
2723,1787044766813264,l_left,4,outgoing,256,02:00:00:00:00:01,02:00:00:00:00:02,0x88b5,reverse,1,1981
2724,1787044766813598,l_left,4,outgoing,256,02:00:00:00:00:01,02:00:00:00:00:02,0x88b5,reverse,1,1982
2725,1787044766813858,l_left,4,outgoing,256,02:00:00:00:00:01,02:00:00:00:00:02,0x88b5,reverse,1,1983
2726,1787044766814253,l_left,3,otherhost,256,02:00:00:00:00:02,02:00:00:00:00:01,0x88b5,forward,1,742
2727,1787044766814285,l_left,3,otherhost,256,02:00:00:00:00:02,02:00:00:00:00:01,0x88b5,forward,1,743
2728,1787044766821438,l_left,3,otherhost,256,02:00:00:00:00:02,02:00:00:00:00:01,0x88b5,forward,1,744
2729,1787044766821501,l_left,3,otherhost,256,02:00:00:00:00:02,02:00:00:00:00:01,0x88b5,forward,1,745
2730,1787044766821523,l_left,3,otherhost,256,02:00:00:00:00:02,02:00:00:00:00:01,0x88b5,forward,1,746
2731,1787044766821539,l_left,3,otherhost,256,02:00:00:00:00:02,02:00:00:00:00:01,0x88b5,forward,1,747
2732,1787044766821759,l_left,4,outgoing,256,02:00:00:00:00:01,02:00:00:00:00:02,0x88b5,reverse,1,1984
2733,1787044766821792,l_left,4,outgoing,256,02:00:00:00:00:01,02:00:00:00:00:02,0x88b5,reverse,1,1985
2734,1787044767021423,l_left,4,outgoing,256,02:00:00:00:00:01,02:00:00:00:00:02,0x88b5,reverse,1,1986
2735,1787044767021486,l_left,4,outgoing,256,02:00:00:00:00:01,02:00:00:00:00:02,0x88b5,reverse,1,1987
2736,1787044767021509,l_left,4,outgoing,256,02:00:00:00:00:01,02:00:00:00:00:02,0x88b5,reverse,1,1988
2737,1787044767021526,l_left,4,outgoing,256,02:00:00:00:00:01,02:00:00:00:00:02,0x88b5,reverse,1,1989
2738,1787044767021541,l_left,4,outgoing,256,02:00:00:00:00:01,02:00:00:00:00:02,0x88b5,reverse,1,1990
2739,1787044767021770,l_left,4,outgoing,256,02:00:00:00:00:01,02:00:00:00:00:02,0x88b5,reverse,1,1991
2740,1787044767022017,l_left,4,outgoing,256,02:00:00:00:00:01,02:00:00:00:00:02,0x88b5,reverse,1,1992
2741,1787044767022265,l_left,4,outgoing,256,02:00:00:00:00:01,02:00:00:00:00:02,0x88b5,reverse,1,1993
2742,1787044767022517,l_left,4,outgoing,256,02:00:00:00:00:01,02:00:00:00:00:02,0x88b5,reverse,1,1994
2743,1787044767022765,l_left,4,outgoing,256,02:00:00:00:00:01,02:00:00:00:00:02,0x88b5,reverse,1,1995
2744,1787044767023014,l_left,4,outgoing,256,02:00:00:00:00:01,02:00:00:00:00:02,0x88b5,reverse,1,1996
2745,1787044767023237,l_left,4,outgoing,256,02:00:00:00:00:01,02:00:00:00:00:02,0x88b5,reverse,1,1997
2746,1787044767023501,l_left,4,outgoing,256,02:00:00:00:00:01,02:00:00:00:00:02,0x88b5,reverse,1,1998
2747,1787044767023730,l_left,4,outgoing,256,02:00:00:00:00:01,02:00:00:00:00:02,0x88b5,reverse,1,1999
2748,1787044767024792,l_left,3,otherhost,256,02:00:00:00:00:02,02:00:00:00:00:01,0x88b5,forward,1,748
2749,1787044767024807,l_left,3,otherhost,256,02:00:00:00:00:02,02:00:00:00:00:01,0x88b5,forward,1,749
2750,1787044767030741,l_left,3,otherhost,256,02:00:00:00:00:02,02:00:00:00:00:01,0x88b5,forward,1,750
2751,1787044767030758,l_left,3,otherhost,256,02:00:00:00:00:02,02:00:00:00:00:01,0x88b5,forward,1,751
2752,1787044767030992,l_left,3,otherhost,256,02:00:00:00:00:02,02:00:00:00:00:01,0x88b5,forward,1,752
2753,1787044767031236,l_left,3,otherhost,256,02:00:00:00:00:02,02:00:00:00:00:01,0x88b5,forward,1,753
2754,1787044767031739,l_left,4,outgoing,256,02:00:00:00:00:01,02:00:00:00:00:02,0x88b5,reverse,1,2000
2755,1787044767031760,l_left,4,outgoing,256,02:00:00:00:00:01,02:00:00:00:00:02,0x88b5,reverse,1,2001
2756,1787044767231699,l_left,4,outgoing,256,02:00:00:00:00:01,02:00:00:00:00:02,0x88b5,reverse,1,2002
2757,1787044767231763,l_left,4,outgoing,256,02:00:00:00:00:01,02:00:00:00:00:02,0x88b5,reverse,1,2003
2758,1787044767231785,l_left,4,outgoing,256,02:00:00:00:00:01,02:00:00:00:00:02,0x88b5,reverse,1,2004
2759,1787044767231802,l_left,4,outgoing,256,02:00:00:00:00:01,02:00:00:00:00:02,0x88b5,reverse,1,2005
2760,1787044767231832,l_left,4,outgoing,256,02:00:00:00:00:01,02:00:00:00:00:02,0x88b5,reverse,1,2006
2761,1787044767231847,l_left,4,outgoing,256,02:00:00:00:00:01,02:00:00:00:00:02,0x88b5,reverse,1,2007
2762,1787044767232107,l_left,4,outgoing,256,02:00:00:00:00:01,02:00:00:00:00:02,0x88b5,reverse,1,2008
2763,1787044767232360,l_left,4,outgoing,256,02:00:00:00:00:01,02:00:00:00:00:02,0x88b5,reverse,1,2009
2764,1787044767232612,l_left,4,outgoing,256,02:00:00:00:00:01,02:00:00:00:00:02,0x88b5,reverse,1,2010
2765,1787044767232866,l_left,4,outgoing,256,02:00:00:00:00:01,02:00:00:00:00:02,0x88b5,reverse,1,2011
2766,1787044767233114,l_left,4,outgoing,256,02:00:00:00:00:01,02:00:00:00:00:02,0x88b5,reverse,1,2012
2767,1787044767233327,l_left,4,outgoing,256,02:00:00:00:00:01,02:00:00:00:00:02,0x88b5,reverse,1,2013
2768,1787044767233604,l_left,4,outgoing,256,02:00:00:00:00:01,02:00:00:00:00:02,0x88b5,reverse,1,2014
2769,1787044767233849,l_left,4,outgoing,256,02:00:00:00:00:01,02:00:00:00:00:02,0x88b5,reverse,1,2015
2770,1787044767234336,l_left,3,otherhost,256,02:00:00:00:00:02,02:00:00:00:00:01,0x88b5,forward,1,754
2771,1787044767234361,l_left,3,otherhost,256,02:00:00:00:00:02,02:00:00:00:00:01,0x88b5,forward,1,755
2772,1787044767240885,l_left,3,otherhost,256,02:00:00:00:00:02,02:00:00:00:00:01,0x88b5,forward,1,756
2773,1787044767240927,l_left,3,otherhost,256,02:00:00:00:00:02,02:00:00:00:00:01,0x88b5,forward,1,757
2774,1787044767241092,l_left,3,otherhost,256,02:00:00:00:00:02,02:00:00:00:00:01,0x88b5,forward,1,758
2775,1787044767241242,l_left,3,otherhost,256,02:00:00:00:00:02,02:00:00:00:00:01,0x88b5,forward,1,759
2776,1787044767241780,l_left,4,outgoing,256,02:00:00:00:00:01,02:00:00:00:00:02,0x88b5,reverse,1,2016
2777,1787044767241816,l_left,4,outgoing,256,02:00:00:00:00:01,02:00:00:00:00:02,0x88b5,reverse,1,2017
2778,1787044767441593,l_left,4,outgoing,256,02:00:00:00:00:01,02:00:00:00:00:02,0x88b5,reverse,1,2018
2779,1787044767441655,l_left,4,outgoing,256,02:00:00:00:00:01,02:00:00:00:00:02,0x88b5,reverse,1,2019
2780,1787044767441677,l_left,4,outgoing,256,02:00:00:00:00:01,02:00:00:00:00:02,0x88b5,reverse,1,2020
2781,1787044767441694,l_left,4,outgoing,256,02:00:00:00:00:01,02:00:00:00:00:02,0x88b5,reverse,1,2021
2782,1787044767441709,l_left,4,outgoing,256,02:00:00:00:00:01,02:00:00:00:00:02,0x88b5,reverse,1,2022
2783,1787044767441744,l_left,4,outgoing,256,02:00:00:00:00:01,02:00:00:00:00:02,0x88b5,reverse,1,2023
2784,1787044767442094,l_left,4,outgoing,256,02:00:00:00:00:01,02:00:00:00:00:02,0x88b5,reverse,1,2024
2785,1787044767442357,l_left,4,outgoing,256,02:00:00:00:00:01,02:00:00:00:00:02,0x88b5,reverse,1,2025
2786,1787044767442618,l_left,4,outgoing,256,02:00:00:00:00:01,02:00:00:00:00:02,0x88b5,reverse,1,2026
2787,1787044767442866,l_left,4,outgoing,256,02:00:00:00:00:01,02:00:00:00:00:02,0x88b5,reverse,1,2027
2788,1787044767443125,l_left,4,outgoing,256,02:00:00:00:00:01,02:00:00:00:00:02,0x88b5,reverse,1,2028
2789,1787044767443361,l_left,4,outgoing,256,02:00:00:00:00:01,02:00:00:00:00:02,0x88b5,reverse,1,2029
2790,1787044767443613,l_left,4,outgoing,256,02:00:00:00:00:01,02:00:00:00:00:02,0x88b5,reverse,1,2030
2791,1787044767443779,l_left,4,outgoing,256,02:00:00:00:00:01,02:00:00:00:00:02,0x88b5,reverse,1,2031
2792,1787044767444146,l_left,3,otherhost,256,02:00:00:00:00:02,02:00:00:00:00:01,0x88b5,forward,1,760
2793,1787044767444166,l_left,3,otherhost,256,02:00:00:00:00:02,02:00:00:00:00:01,0x88b5,forward,1,761
2794,1787044767450940,l_left,3,otherhost,256,02:00:00:00:00:02,02:00:00:00:00:01,0x88b5,forward,1,762
2795,1787044767450959,l_left,3,otherhost,256,02:00:00:00:00:02,02:00:00:00:00:01,0x88b5,forward,1,763
2796,1787044767450974,l_left,3,otherhost,256,02:00:00:00:00:02,02:00:00:00:00:01,0x88b5,forward,1,764
2797,1787044767451231,l_left,3,otherhost,256,02:00:00:00:00:02,02:00:00:00:00:01,0x88b5,forward,1,765
2798,1787044767451706,l_left,4,outgoing,256,02:00:00:00:00:01,02:00:00:00:00:02,0x88b5,reverse,1,2032
2799,1787044767451739,l_left,4,outgoing,256,02:00:00:00:00:01,02:00:00:00:00:02,0x88b5,reverse,1,2033
2800,1787044767651903,l_left,4,outgoing,256,02:00:00:00:00:01,02:00:00:00:00:02,0x88b5,reverse,1,2034
2801,1787044767651966,l_left,4,outgoing,256,02:00:00:00:00:01,02:00:00:00:00:02,0x88b5,reverse,1,2035
2802,1787044767651988,l_left,4,outgoing,256,02:00:00:00:00:01,02:00:00:00:00:02,0x88b5,reverse,1,2036
2803,1787044767652008,l_left,4,outgoing,256,02:00:00:00:00:01,02:00:00:00:00:02,0x88b5,reverse,1,2037
2804,1787044767652024,l_left,4,outgoing,256,02:00:00:00:00:01,02:00:00:00:00:02,0x88b5,reverse,1,2038
2805,1787044767652038,l_left,4,outgoing,256,02:00:00:00:00:01,02:00:00:00:00:02,0x88b5,reverse,1,2039
2806,1787044767652052,l_left,4,outgoing,256,02:00:00:00:00:01,02:00:00:00:00:02,0x88b5,reverse,1,2040
2807,1787044767652354,l_left,4,outgoing,256,02:00:00:00:00:01,02:00:00:00:00:02,0x88b5,reverse,1,2041
2808,1787044767652611,l_left,4,outgoing,256,02:00:00:00:00:01,02:00:00:00:00:02,0x88b5,reverse,1,2042
2809,1787044767652862,l_left,4,outgoing,256,02:00:00:00:00:01,02:00:00:00:00:02,0x88b5,reverse,1,2043
2810,1787044767653112,l_left,4,outgoing,256,02:00:00:00:00:01,02:00:00:00:00:02,0x88b5,reverse,1,2044
2811,1787044767653586,l_left,4,outgoing,256,02:00:00:00:00:01,02:00:00:00:00:02,0x88b5,reverse,1,2045
2812,1787044767653642,l_left,4,outgoing,256,02:00:00:00:00:01,02:00:00:00:00:02,0x88b5,reverse,1,2046
2813,1787044767653880,l_left,4,outgoing,256,02:00:00:00:00:01,02:00:00:00:00:02,0x88b5,reverse,1,2047
2814,1787044767654229,l_left,3,otherhost,256,02:00:00:00:00:02,02:00:00:00:00:01,0x88b5,forward,1,766
2815,1787044767654267,l_left,3,otherhost,256,02:00:00:00:00:02,02:00:00:00:00:01,0x88b5,forward,1,767
2816,1787044767660835,l_left,3,otherhost,256,02:00:00:00:00:02,02:00:00:00:00:01,0x88b5,forward,1,768
2817,1787044767660885,l_left,3,otherhost,256,02:00:00:00:00:02,02:00:00:00:00:01,0x88b5,forward,1,769
2818,1787044767661159,l_left,3,otherhost,256,02:00:00:00:00:02,02:00:00:00:00:01,0x88b5,forward,1,770
2819,1787044767661353,l_left,3,otherhost,256,02:00:00:00:00:02,02:00:00:00:00:01,0x88b5,forward,1,771
2820,1787044767661867,l_left,4,outgoing,256,02:00:00:00:00:01,02:00:00:00:00:02,0x88b5,reverse,1,2048
2821,1787044767661890,l_left,4,outgoing,256,02:00:00:00:00:01,02:00:00:00:00:02,0x88b5,reverse,1,2049
2822,1787044767862015,l_left,4,outgoing,256,02:00:00:00:00:01,02:00:00:00:00:02,0x88b5,reverse,1,2050
2823,1787044767862078,l_left,4,outgoing,256,02:00:00:00:00:01,02:00:00:00:00:02,0x88b5,reverse,1,2051
2824,1787044767862100,l_left,4,outgoing,256,02:00:00:00:00:01,02:00:00:00:00:02,0x88b5,reverse,1,2052
2825,1787044767862118,l_left,4,outgoing,256,02:00:00:00:00:01,02:00:00:00:00:02,0x88b5,reverse,1,2053
2826,1787044767862135,l_left,4,outgoing,256,02:00:00:00:00:01,02:00:00:00:00:02,0x88b5,reverse,1,2054
2827,1787044767862159,l_left,4,outgoing,256,02:00:00:00:00:01,02:00:00:00:00:02,0x88b5,reverse,1,2055
2828,1787044767862174,l_left,4,outgoing,256,02:00:00:00:00:01,02:00:00:00:00:02,0x88b5,reverse,1,2056
2829,1787044767862247,l_left,4,outgoing,256,02:00:00:00:00:01,02:00:00:00:00:02,0x88b5,reverse,1,2057
2830,1787044767862605,l_left,4,outgoing,256,02:00:00:00:00:01,02:00:00:00:00:02,0x88b5,reverse,1,2058
2831,1787044767862858,l_left,4,outgoing,256,02:00:00:00:00:01,02:00:00:00:00:02,0x88b5,reverse,1,2059
2832,1787044767863112,l_left,4,outgoing,256,02:00:00:00:00:01,02:00:00:00:00:02,0x88b5,reverse,1,2060
2833,1787044767863364,l_left,4,outgoing,256,02:00:00:00:00:01,02:00:00:00:00:02,0x88b5,reverse,1,2061
2834,1787044767863625,l_left,4,outgoing,256,02:00:00:00:00:01,02:00:00:00:00:02,0x88b5,reverse,1,2062
2835,1787044767863985,l_left,4,outgoing,256,02:00:00:00:00:01,02:00:00:00:00:02,0x88b5,reverse,1,2063
2836,1787044767864316,l_left,3,otherhost,256,02:00:00:00:00:02,02:00:00:00:00:01,0x88b5,forward,1,772
2837,1787044767864354,l_left,3,otherhost,256,02:00:00:00:00:02,02:00:00:00:00:01,0x88b5,forward,1,773
2838,1787044767870917,l_left,3,otherhost,256,02:00:00:00:00:02,02:00:00:00:00:01,0x88b5,forward,1,774
2839,1787044767870957,l_left,3,otherhost,256,02:00:00:00:00:02,02:00:00:00:00:01,0x88b5,forward,1,775
2840,1787044767871061,l_left,3,otherhost,256,02:00:00:00:00:02,02:00:00:00:00:01,0x88b5,forward,1,776
2841,1787044767871267,l_left,3,otherhost,256,02:00:00:00:00:02,02:00:00:00:00:01,0x88b5,forward,1,777
2842,1787044767871735,l_left,4,outgoing,256,02:00:00:00:00:01,02:00:00:00:00:02,0x88b5,reverse,1,2064
2843,1787044767871758,l_left,4,outgoing,256,02:00:00:00:00:01,02:00:00:00:00:02,0x88b5,reverse,1,2065
2844,1787044768071532,l_left,4,outgoing,256,02:00:00:00:00:01,02:00:00:00:00:02,0x88b5,reverse,1,2066
2845,1787044768071595,l_left,4,outgoing,256,02:00:00:00:00:01,02:00:00:00:00:02,0x88b5,reverse,1,2067
2846,1787044768071617,l_left,4,outgoing,256,02:00:00:00:00:01,02:00:00:00:00:02,0x88b5,reverse,1,2068
2847,1787044768071636,l_left,4,outgoing,256,02:00:00:00:00:01,02:00:00:00:00:02,0x88b5,reverse,1,2069
2848,1787044768071654,l_left,4,outgoing,256,02:00:00:00:00:01,02:00:00:00:00:02,0x88b5,reverse,1,2070
2849,1787044768071916,l_left,4,outgoing,256,02:00:00:00:00:01,02:00:00:00:00:02,0x88b5,reverse,1,2071
2850,1787044768072127,l_left,4,outgoing,256,02:00:00:00:00:01,02:00:00:00:00:02,0x88b5,reverse,1,2072
2851,1787044768072366,l_left,4,outgoing,256,02:00:00:00:00:01,02:00:00:00:00:02,0x88b5,reverse,1,2073
2852,1787044768072616,l_left,4,outgoing,256,02:00:00:00:00:01,02:00:00:00:00:02,0x88b5,reverse,1,2074
2853,1787044768072867,l_left,4,outgoing,256,02:00:00:00:00:01,02:00:00:00:00:02,0x88b5,reverse,1,2075
2854,1787044768073123,l_left,4,outgoing,256,02:00:00:00:00:01,02:00:00:00:00:02,0x88b5,reverse,1,2076
2855,1787044768073305,l_left,4,outgoing,256,02:00:00:00:00:01,02:00:00:00:00:02,0x88b5,reverse,1,2077
2856,1787044768073611,l_left,4,outgoing,256,02:00:00:00:00:01,02:00:00:00:00:02,0x88b5,reverse,1,2078
2857,1787044768073791,l_left,4,outgoing,256,02:00:00:00:00:01,02:00:00:00:00:02,0x88b5,reverse,1,2079
2858,1787044768074336,l_left,3,otherhost,256,02:00:00:00:00:02,02:00:00:00:00:01,0x88b5,forward,1,778
2859,1787044768074357,l_left,3,otherhost,256,02:00:00:00:00:02,02:00:00:00:00:01,0x88b5,forward,1,779
2860,1787044768080819,l_left,3,otherhost,256,02:00:00:00:00:02,02:00:00:00:00:01,0x88b5,forward,1,780
2861,1787044768080854,l_left,3,otherhost,256,02:00:00:00:00:02,02:00:00:00:00:01,0x88b5,forward,1,781
2862,1787044768081086,l_left,3,otherhost,256,02:00:00:00:00:02,02:00:00:00:00:01,0x88b5,forward,1,782
2863,1787044768081192,l_left,3,otherhost,256,02:00:00:00:00:02,02:00:00:00:00:01,0x88b5,forward,1,783
2864,1787044768081677,l_left,4,outgoing,256,02:00:00:00:00:01,02:00:00:00:00:02,0x88b5,reverse,1,2080
2865,1787044768081696,l_left,4,outgoing,256,02:00:00:00:00:01,02:00:00:00:00:02,0x88b5,reverse,1,2081
2866,1787044768282014,l_left,4,outgoing,256,02:00:00:00:00:01,02:00:00:00:00:02,0x88b5,reverse,1,2082
2867,1787044768282077,l_left,4,outgoing,256,02:00:00:00:00:01,02:00:00:00:00:02,0x88b5,reverse,1,2083
2868,1787044768282106,l_left,4,outgoing,256,02:00:00:00:00:01,02:00:00:00:00:02,0x88b5,reverse,1,2084
2869,1787044768282124,l_left,4,outgoing,256,02:00:00:00:00:01,02:00:00:00:00:02,0x88b5,reverse,1,2085
2870,1787044768282139,l_left,4,outgoing,256,02:00:00:00:00:01,02:00:00:00:00:02,0x88b5,reverse,1,2086
2871,1787044768282158,l_left,4,outgoing,256,02:00:00:00:00:01,02:00:00:00:00:02,0x88b5,reverse,1,2087
2872,1787044768282179,l_left,4,outgoing,256,02:00:00:00:00:01,02:00:00:00:00:02,0x88b5,reverse,1,2088
2873,1787044768282281,l_left,4,outgoing,256,02:00:00:00:00:01,02:00:00:00:00:02,0x88b5,reverse,1,2089
2874,1787044768282606,l_left,4,outgoing,256,02:00:00:00:00:01,02:00:00:00:00:02,0x88b5,reverse,1,2090
2875,1787044768282858,l_left,4,outgoing,256,02:00:00:00:00:01,02:00:00:00:00:02,0x88b5,reverse,1,2091
2876,1787044768283114,l_left,4,outgoing,256,02:00:00:00:00:01,02:00:00:00:00:02,0x88b5,reverse,1,2092
2877,1787044768283373,l_left,4,outgoing,256,02:00:00:00:00:01,02:00:00:00:00:02,0x88b5,reverse,1,2093
2878,1787044768283617,l_left,4,outgoing,256,02:00:00:00:00:01,02:00:00:00:00:02,0x88b5,reverse,1,2094
2879,1787044768283855,l_left,4,outgoing,256,02:00:00:00:00:01,02:00:00:00:00:02,0x88b5,reverse,1,2095
2880,1787044768284280,l_left,3,otherhost,256,02:00:00:00:00:02,02:00:00:00:00:01,0x88b5,forward,1,784
2881,1787044768284324,l_left,3,otherhost,256,02:00:00:00:00:02,02:00:00:00:00:01,0x88b5,forward,1,785
2882,1787044768290803,l_left,3,otherhost,256,02:00:00:00:00:02,02:00:00:00:00:01,0x88b5,forward,1,786
2883,1787044768290840,l_left,3,otherhost,256,02:00:00:00:00:02,02:00:00:00:00:01,0x88b5,forward,1,787
2884,1787044768291008,l_left,3,otherhost,256,02:00:00:00:00:02,02:00:00:00:00:01,0x88b5,forward,1,788
2885,1787044768291258,l_left,3,otherhost,256,02:00:00:00:00:02,02:00:00:00:00:01,0x88b5,forward,1,789
2886,1787044768291766,l_left,4,outgoing,256,02:00:00:00:00:01,02:00:00:00:00:02,0x88b5,reverse,1,2096
2887,1787044768291802,l_left,4,outgoing,256,02:00:00:00:00:01,02:00:00:00:00:02,0x88b5,reverse,1,2097
2888,1787044768491546,l_left,4,outgoing,256,02:00:00:00:00:01,02:00:00:00:00:02,0x88b5,reverse,1,2098
2889,1787044768491608,l_left,4,outgoing,256,02:00:00:00:00:01,02:00:00:00:00:02,0x88b5,reverse,1,2099
2890,1787044768491630,l_left,4,outgoing,256,02:00:00:00:00:01,02:00:00:00:00:02,0x88b5,reverse,1,2100
2891,1787044768491647,l_left,4,outgoing,256,02:00:00:00:00:01,02:00:00:00:00:02,0x88b5,reverse,1,2101
2892,1787044768491666,l_left,4,outgoing,256,02:00:00:00:00:01,02:00:00:00:00:02,0x88b5,reverse,1,2102
2893,1787044768492006,l_left,4,outgoing,256,02:00:00:00:00:01,02:00:00:00:00:02,0x88b5,reverse,1,2103
2894,1787044768492054,l_left,4,outgoing,256,02:00:00:00:00:01,02:00:00:00:00:02,0x88b5,reverse,1,2104
2895,1787044768492359,l_left,4,outgoing,256,02:00:00:00:00:01,02:00:00:00:00:02,0x88b5,reverse,1,2105
2896,1787044768492617,l_left,4,outgoing,256,02:00:00:00:00:01,02:00:00:00:00:02,0x88b5,reverse,1,2106
2897,1787044768492870,l_left,4,outgoing,256,02:00:00:00:00:01,02:00:00:00:00:02,0x88b5,reverse,1,2107
2898,1787044768493121,l_left,4,outgoing,256,02:00:00:00:00:01,02:00:00:00:00:02,0x88b5,reverse,1,2108
2899,1787044768493249,l_left,4,outgoing,256,02:00:00:00:00:01,02:00:00:00:00:02,0x88b5,reverse,1,2109
2900,1787044768493596,l_left,4,outgoing,256,02:00:00:00:00:01,02:00:00:00:00:02,0x88b5,reverse,1,2110
2901,1787044768493751,l_left,4,outgoing,256,02:00:00:00:00:01,02:00:00:00:00:02,0x88b5,reverse,1,2111
2902,1787044768494328,l_left,3,otherhost,256,02:00:00:00:00:02,02:00:00:00:00:01,0x88b5,forward,1,790
2903,1787044768494347,l_left,3,otherhost,256,02:00:00:00:00:02,02:00:00:00:00:01,0x88b5,forward,1,791
2904,1787044768500834,l_left,3,otherhost,256,02:00:00:00:00:02,02:00:00:00:00:01,0x88b5,forward,1,792
2905,1787044768500870,l_left,3,otherhost,256,02:00:00:00:00:02,02:00:00:00:00:01,0x88b5,forward,1,793
2906,1787044768501124,l_left,3,otherhost,256,02:00:00:00:00:02,02:00:00:00:00:01,0x88b5,forward,1,794
2907,1787044768501168,l_left,3,otherhost,256,02:00:00:00:00:02,02:00:00:00:00:01,0x88b5,forward,1,795
2908,1787044768501705,l_left,4,outgoing,256,02:00:00:00:00:01,02:00:00:00:00:02,0x88b5,reverse,1,2112
2909,1787044768501726,l_left,4,outgoing,256,02:00:00:00:00:01,02:00:00:00:00:02,0x88b5,reverse,1,2113
2910,1787044768701806,l_left,4,outgoing,256,02:00:00:00:00:01,02:00:00:00:00:02,0x88b5,reverse,1,2114
2911,1787044768701869,l_left,4,outgoing,256,02:00:00:00:00:01,02:00:00:00:00:02,0x88b5,reverse,1,2115
2912,1787044768701900,l_left,4,outgoing,256,02:00:00:00:00:01,02:00:00:00:00:02,0x88b5,reverse,1,2116
2913,1787044768701919,l_left,4,outgoing,256,02:00:00:00:00:01,02:00:00:00:00:02,0x88b5,reverse,1,2117
2914,1787044768701935,l_left,4,outgoing,256,02:00:00:00:00:01,02:00:00:00:00:02,0x88b5,reverse,1,2118
2915,1787044768701950,l_left,4,outgoing,256,02:00:00:00:00:01,02:00:00:00:00:02,0x88b5,reverse,1,2119
2916,1787044768701989,l_left,4,outgoing,256,02:00:00:00:00:01,02:00:00:00:00:02,0x88b5,reverse,1,2120
2917,1787044768702357,l_left,4,outgoing,256,02:00:00:00:00:01,02:00:00:00:00:02,0x88b5,reverse,1,2121
2918,1787044768702618,l_left,4,outgoing,256,02:00:00:00:00:01,02:00:00:00:00:02,0x88b5,reverse,1,2122
2919,1787044768702871,l_left,4,outgoing,256,02:00:00:00:00:01,02:00:00:00:00:02,0x88b5,reverse,1,2123
2920,1787044768703110,l_left,4,outgoing,256,02:00:00:00:00:01,02:00:00:00:00:02,0x88b5,reverse,1,2124
2921,1787044768703371,l_left,4,outgoing,256,02:00:00:00:00:01,02:00:00:00:00:02,0x88b5,reverse,1,2125
2922,1787044768703606,l_left,4,outgoing,256,02:00:00:00:00:01,02:00:00:00:00:02,0x88b5,reverse,1,2126
2923,1787044768703789,l_left,4,outgoing,256,02:00:00:00:00:01,02:00:00:00:00:02,0x88b5,reverse,1,2127
2924,1787044768704343,l_left,3,otherhost,256,02:00:00:00:00:02,02:00:00:00:00:01,0x88b5,forward,1,796
2925,1787044768704381,l_left,3,otherhost,256,02:00:00:00:00:02,02:00:00:00:00:01,0x88b5,forward,1,797
2926,1787044768710903,l_left,3,otherhost,256,02:00:00:00:00:02,02:00:00:00:00:01,0x88b5,forward,1,798
2927,1787044768710940,l_left,3,otherhost,256,02:00:00:00:00:02,02:00:00:00:00:01,0x88b5,forward,1,799
2928,1787044768710961,l_left,3,otherhost,256,02:00:00:00:00:02,02:00:00:00:00:01,0x88b5,forward,1,800
2929,1787044768711237,l_left,3,otherhost,256,02:00:00:00:00:02,02:00:00:00:00:01,0x88b5,forward,1,801
2930,1787044768711695,l_left,4,outgoing,256,02:00:00:00:00:01,02:00:00:00:00:02,0x88b5,reverse,1,2128
2931,1787044768711724,l_left,4,outgoing,256,02:00:00:00:00:01,02:00:00:00:00:02,0x88b5,reverse,1,2129
2932,1787044768911675,l_left,4,outgoing,256,02:00:00:00:00:01,02:00:00:00:00:02,0x88b5,reverse,1,2130
2933,1787044768911738,l_left,4,outgoing,256,02:00:00:00:00:01,02:00:00:00:00:02,0x88b5,reverse,1,2131
2934,1787044768911768,l_left,4,outgoing,256,02:00:00:00:00:01,02:00:00:00:00:02,0x88b5,reverse,1,2132
2935,1787044768911797,l_left,4,outgoing,256,02:00:00:00:00:01,02:00:00:00:00:02,0x88b5,reverse,1,2133
2936,1787044768911812,l_left,4,outgoing,256,02:00:00:00:00:01,02:00:00:00:00:02,0x88b5,reverse,1,2134
2937,1787044768911836,l_left,4,outgoing,256,02:00:00:00:00:01,02:00:00:00:00:02,0x88b5,reverse,1,2135
2938,1787044768912108,l_left,4,outgoing,256,02:00:00:00:00:01,02:00:00:00:00:02,0x88b5,reverse,1,2136
2939,1787044768912369,l_left,4,outgoing,256,02:00:00:00:00:01,02:00:00:00:00:02,0x88b5,reverse,1,2137
2940,1787044768912617,l_left,4,outgoing,256,02:00:00:00:00:01,02:00:00:00:00:02,0x88b5,reverse,1,2138
2941,1787044768912860,l_left,4,outgoing,256,02:00:00:00:00:01,02:00:00:00:00:02,0x88b5,reverse,1,2139
2942,1787044768913115,l_left,4,outgoing,256,02:00:00:00:00:01,02:00:00:00:00:02,0x88b5,reverse,1,2140
2943,1787044768913266,l_left,4,outgoing,256,02:00:00:00:00:01,02:00:00:00:00:02,0x88b5,reverse,1,2141
2944,1787044768913560,l_left,4,outgoing,256,02:00:00:00:00:01,02:00:00:00:00:02,0x88b5,reverse,1,2142
2945,1787044768913771,l_left,4,outgoing,256,02:00:00:00:00:01,02:00:00:00:00:02,0x88b5,reverse,1,2143
2946,1787044768914484,l_left,3,otherhost,256,02:00:00:00:00:02,02:00:00:00:00:01,0x88b5,forward,1,802
2947,1787044768914504,l_left,3,otherhost,256,02:00:00:00:00:02,02:00:00:00:00:01,0x88b5,forward,1,803
2948,1787044768920976,l_left,3,otherhost,256,02:00:00:00:00:02,02:00:00:00:00:01,0x88b5,forward,1,804
2949,1787044768921020,l_left,3,otherhost,256,02:00:00:00:00:02,02:00:00:00:00:01,0x88b5,forward,1,805
2950,1787044768921040,l_left,3,otherhost,256,02:00:00:00:00:02,02:00:00:00:00:01,0x88b5,forward,1,806
2951,1787044768921217,l_left,3,otherhost,256,02:00:00:00:00:02,02:00:00:00:00:01,0x88b5,forward,1,807
2952,1787044768921727,l_left,4,outgoing,256,02:00:00:00:00:01,02:00:00:00:00:02,0x88b5,reverse,1,2144
2953,1787044768921750,l_left,4,outgoing,256,02:00:00:00:00:01,02:00:00:00:00:02,0x88b5,reverse,1,2145
2954,1787044769121864,l_left,4,outgoing,256,02:00:00:00:00:01,02:00:00:00:00:02,0x88b5,reverse,1,2146
2955,1787044769121927,l_left,4,outgoing,256,02:00:00:00:00:01,02:00:00:00:00:02,0x88b5,reverse,1,2147
2956,1787044769121949,l_left,4,outgoing,256,02:00:00:00:00:01,02:00:00:00:00:02,0x88b5,reverse,1,2148
2957,1787044769121967,l_left,4,outgoing,256,02:00:00:00:00:01,02:00:00:00:00:02,0x88b5,reverse,1,2149
2958,1787044769121982,l_left,4,outgoing,256,02:00:00:00:00:01,02:00:00:00:00:02,0x88b5,reverse,1,2150
2959,1787044769122009,l_left,4,outgoing,256,02:00:00:00:00:01,02:00:00:00:00:02,0x88b5,reverse,1,2151
2960,1787044769122025,l_left,4,outgoing,256,02:00:00:00:00:01,02:00:00:00:00:02,0x88b5,reverse,1,2152
2961,1787044769122363,l_left,4,outgoing,256,02:00:00:00:00:01,02:00:00:00:00:02,0x88b5,reverse,1,2153
2962,1787044769122615,l_left,4,outgoing,256,02:00:00:00:00:01,02:00:00:00:00:02,0x88b5,reverse,1,2154
2963,1787044769122867,l_left,4,outgoing,256,02:00:00:00:00:01,02:00:00:00:00:02,0x88b5,reverse,1,2155
2964,1787044769123114,l_left,4,outgoing,256,02:00:00:00:00:01,02:00:00:00:00:02,0x88b5,reverse,1,2156
2965,1787044769123364,l_left,4,outgoing,256,02:00:00:00:00:01,02:00:00:00:00:02,0x88b5,reverse,1,2157
2966,1787044769123613,l_left,4,outgoing,256,02:00:00:00:00:01,02:00:00:00:00:02,0x88b5,reverse,1,2158
2967,1787044769123856,l_left,4,outgoing,256,02:00:00:00:00:01,02:00:00:00:00:02,0x88b5,reverse,1,2159
2968,1787044769124393,l_left,3,otherhost,256,02:00:00:00:00:02,02:00:00:00:00:01,0x88b5,forward,1,808
2969,1787044769124431,l_left,3,otherhost,256,02:00:00:00:00:02,02:00:00:00:00:01,0x88b5,forward,1,809
2970,1787044769130716,l_left,3,otherhost,256,02:00:00:00:00:02,02:00:00:00:00:01,0x88b5,forward,1,810
2971,1787044769130760,l_left,3,otherhost,256,02:00:00:00:00:02,02:00:00:00:00:01,0x88b5,forward,1,811
2972,1787044769131008,l_left,3,otherhost,256,02:00:00:00:00:02,02:00:00:00:00:01,0x88b5,forward,1,812
2973,1787044769131234,l_left,3,otherhost,256,02:00:00:00:00:02,02:00:00:00:00:01,0x88b5,forward,1,813
2974,1787044769131743,l_left,4,outgoing,256,02:00:00:00:00:01,02:00:00:00:00:02,0x88b5,reverse,1,2160
2975,1787044769131770,l_left,4,outgoing,256,02:00:00:00:00:01,02:00:00:00:00:02,0x88b5,reverse,1,2161
2976,1787044769331563,l_left,4,outgoing,256,02:00:00:00:00:01,02:00:00:00:00:02,0x88b5,reverse,1,2162
2977,1787044769331626,l_left,4,outgoing,256,02:00:00:00:00:01,02:00:00:00:00:02,0x88b5,reverse,1,2163
2978,1787044769331649,l_left,4,outgoing,256,02:00:00:00:00:01,02:00:00:00:00:02,0x88b5,reverse,1,2164
2979,1787044769331678,l_left,4,outgoing,256,02:00:00:00:00:01,02:00:00:00:00:02,0x88b5,reverse,1,2165
2980,1787044769331700,l_left,4,outgoing,256,02:00:00:00:00:01,02:00:00:00:00:02,0x88b5,reverse,1,2166
2981,1787044769331836,l_left,4,outgoing,256,02:00:00:00:00:01,02:00:00:00:00:02,0x88b5,reverse,1,2167
2982,1787044769332117,l_left,4,outgoing,256,02:00:00:00:00:01,02:00:00:00:00:02,0x88b5,reverse,1,2168
2983,1787044769332365,l_left,4,outgoing,256,02:00:00:00:00:01,02:00:00:00:00:02,0x88b5,reverse,1,2169
2984,1787044769332604,l_left,4,outgoing,256,02:00:00:00:00:01,02:00:00:00:00:02,0x88b5,reverse,1,2170
2985,1787044769332856,l_left,4,outgoing,256,02:00:00:00:00:01,02:00:00:00:00:02,0x88b5,reverse,1,2171
2986,1787044769333100,l_left,4,outgoing,256,02:00:00:00:00:01,02:00:00:00:00:02,0x88b5,reverse,1,2172
2987,1787044769333240,l_left,4,outgoing,256,02:00:00:00:00:01,02:00:00:00:00:02,0x88b5,reverse,1,2173
2988,1787044769333565,l_left,4,outgoing,256,02:00:00:00:00:01,02:00:00:00:00:02,0x88b5,reverse,1,2174
2989,1787044769333747,l_left,4,outgoing,256,02:00:00:00:00:01,02:00:00:00:00:02,0x88b5,reverse,1,2175
2990,1787044769334354,l_left,3,otherhost,256,02:00:00:00:00:02,02:00:00:00:00:01,0x88b5,forward,1,814
2991,1787044769334374,l_left,3,otherhost,256,02:00:00:00:00:02,02:00:00:00:00:01,0x88b5,forward,1,815
2992,1787044769340806,l_left,3,otherhost,256,02:00:00:00:00:02,02:00:00:00:00:01,0x88b5,forward,1,816
2993,1787044769340841,l_left,3,otherhost,256,02:00:00:00:00:02,02:00:00:00:00:01,0x88b5,forward,1,817
2994,1787044769340983,l_left,3,otherhost,256,02:00:00:00:00:02,02:00:00:00:00:01,0x88b5,forward,1,818
2995,1787044769341195,l_left,3,otherhost,256,02:00:00:00:00:02,02:00:00:00:00:01,0x88b5,forward,1,819
2996,1787044769341691,l_left,4,outgoing,256,02:00:00:00:00:01,02:00:00:00:00:02,0x88b5,reverse,1,2176
2997,1787044769341722,l_left,4,outgoing,256,02:00:00:00:00:01,02:00:00:00:00:02,0x88b5,reverse,1,2177
2998,1787044769541919,l_left,4,outgoing,256,02:00:00:00:00:01,02:00:00:00:00:02,0x88b5,reverse,1,2178
2999,1787044769541981,l_left,4,outgoing,256,02:00:00:00:00:01,02:00:00:00:00:02,0x88b5,reverse,1,2179
3000,1787044769542000,l_left,4,outgoing,256,02:00:00:00:00:01,02:00:00:00:00:02,0x88b5,reverse,1,2180
3001,1787044769542016,l_left,4,outgoing,256,02:00:00:00:00:01,02:00:00:00:00:02,0x88b5,reverse,1,2181
3002,1787044769542030,l_left,4,outgoing,256,02:00:00:00:00:01,02:00:00:00:00:02,0x88b5,reverse,1,2182
3003,1787044769542056,l_left,4,outgoing,256,02:00:00:00:00:01,02:00:00:00:00:02,0x88b5,reverse,1,2183
3004,1787044769542351,l_left,4,outgoing,256,02:00:00:00:00:01,02:00:00:00:00:02,0x88b5,reverse,1,2184
3005,1787044769542389,l_left,4,outgoing,256,02:00:00:00:00:01,02:00:00:00:00:02,0x88b5,reverse,1,2185
3006,1787044769542618,l_left,4,outgoing,256,02:00:00:00:00:01,02:00:00:00:00:02,0x88b5,reverse,1,2186
3007,1787044769542863,l_left,4,outgoing,256,02:00:00:00:00:01,02:00:00:00:00:02,0x88b5,reverse,1,2187
3008,1787044769543115,l_left,4,outgoing,256,02:00:00:00:00:01,02:00:00:00:00:02,0x88b5,reverse,1,2188
3009,1787044769543372,l_left,4,outgoing,256,02:00:00:00:00:01,02:00:00:00:00:02,0x88b5,reverse,1,2189
3010,1787044769543622,l_left,4,outgoing,256,02:00:00:00:00:01,02:00:00:00:00:02,0x88b5,reverse,1,2190
3011,1787044769543828,l_left,4,outgoing,256,02:00:00:00:00:01,02:00:00:00:00:02,0x88b5,reverse,1,2191
3012,1787044769544211,l_left,3,otherhost,256,02:00:00:00:00:02,02:00:00:00:00:01,0x88b5,forward,1,820
3013,1787044769544232,l_left,3,otherhost,256,02:00:00:00:00:02,02:00:00:00:00:01,0x88b5,forward,1,821
3014,1787044769550702,l_left,3,otherhost,256,02:00:00:00:00:02,02:00:00:00:00:01,0x88b5,forward,1,822
3015,1787044769550721,l_left,3,otherhost,256,02:00:00:00:00:02,02:00:00:00:00:01,0x88b5,forward,1,823
3016,1787044769550979,l_left,3,otherhost,256,02:00:00:00:00:02,02:00:00:00:00:01,0x88b5,forward,1,824
3017,1787044769551234,l_left,3,otherhost,256,02:00:00:00:00:02,02:00:00:00:00:01,0x88b5,forward,1,825
3018,1787044769551842,l_left,4,outgoing,256,02:00:00:00:00:01,02:00:00:00:00:02,0x88b5,reverse,1,2192
3019,1787044769551872,l_left,4,outgoing,256,02:00:00:00:00:01,02:00:00:00:00:02,0x88b5,reverse,1,2193
3020,1787044769751637,l_left,4,outgoing,256,02:00:00:00:00:01,02:00:00:00:00:02,0x88b5,reverse,1,2194
3021,1787044769751708,l_left,4,outgoing,256,02:00:00:00:00:01,02:00:00:00:00:02,0x88b5,reverse,1,2195
3022,1787044769751735,l_left,4,outgoing,256,02:00:00:00:00:01,02:00:00:00:00:02,0x88b5,reverse,1,2196
3023,1787044769751754,l_left,4,outgoing,256,02:00:00:00:00:01,02:00:00:00:00:02,0x88b5,reverse,1,2197
3024,1787044769751771,l_left,4,outgoing,256,02:00:00:00:00:01,02:00:00:00:00:02,0x88b5,reverse,1,2198
3025,1787044769751788,l_left,4,outgoing,256,02:00:00:00:00:01,02:00:00:00:00:02,0x88b5,reverse,1,2199
3026,1787044769752106,l_left,4,outgoing,256,02:00:00:00:00:01,02:00:00:00:00:02,0x88b5,reverse,1,2200
3027,1787044769752355,l_left,4,outgoing,256,02:00:00:00:00:01,02:00:00:00:00:02,0x88b5,reverse,1,2201
3028,1787044769752610,l_left,4,outgoing,256,02:00:00:00:00:01,02:00:00:00:00:02,0x88b5,reverse,1,2202
3029,1787044769752865,l_left,4,outgoing,256,02:00:00:00:00:01,02:00:00:00:00:02,0x88b5,reverse,1,2203
3030,1787044769753114,l_left,4,outgoing,256,02:00:00:00:00:01,02:00:00:00:00:02,0x88b5,reverse,1,2204
3031,1787044769753245,l_left,4,outgoing,256,02:00:00:00:00:01,02:00:00:00:00:02,0x88b5,reverse,1,2205
3032,1787044769753595,l_left,4,outgoing,256,02:00:00:00:00:01,02:00:00:00:00:02,0x88b5,reverse,1,2206
3033,1787044769753821,l_left,4,outgoing,256,02:00:00:00:00:01,02:00:00:00:00:02,0x88b5,reverse,1,2207
3034,1787044769754204,l_left,3,otherhost,256,02:00:00:00:00:02,02:00:00:00:00:01,0x88b5,forward,1,826
3035,1787044769754242,l_left,3,otherhost,256,02:00:00:00:00:02,02:00:00:00:00:01,0x88b5,forward,1,827
3036,1787044769760909,l_left,3,otherhost,256,02:00:00:00:00:02,02:00:00:00:00:01,0x88b5,forward,1,828
3037,1787044769760946,l_left,3,otherhost,256,02:00:00:00:00:02,02:00:00:00:00:01,0x88b5,forward,1,829
3038,1787044769761130,l_left,3,otherhost,256,02:00:00:00:00:02,02:00:00:00:00:01,0x88b5,forward,1,830
3039,1787044769761175,l_left,3,otherhost,256,02:00:00:00:00:02,02:00:00:00:00:01,0x88b5,forward,1,831
3040,1787044769761736,l_left,4,outgoing,256,02:00:00:00:00:01,02:00:00:00:00:02,0x88b5,reverse,1,2208
3041,1787044769761754,l_left,4,outgoing,256,02:00:00:00:00:01,02:00:00:00:00:02,0x88b5,reverse,1,2209
3042,1787044769961515,l_left,4,outgoing,256,02:00:00:00:00:01,02:00:00:00:00:02,0x88b5,reverse,1,2210
3043,1787044769961579,l_left,4,outgoing,256,02:00:00:00:00:01,02:00:00:00:00:02,0x88b5,reverse,1,2211
3044,1787044769961602,l_left,4,outgoing,256,02:00:00:00:00:01,02:00:00:00:00:02,0x88b5,reverse,1,2212
3045,1787044769961620,l_left,4,outgoing,256,02:00:00:00:00:01,02:00:00:00:00:02,0x88b5,reverse,1,2213
3046,1787044769961755,l_left,4,outgoing,256,02:00:00:00:00:01,02:00:00:00:00:02,0x88b5,reverse,1,2214
3047,1787044769961800,l_left,4,outgoing,256,02:00:00:00:00:01,02:00:00:00:00:02,0x88b5,reverse,1,2215
3048,1787044769962105,l_left,4,outgoing,256,02:00:00:00:00:01,02:00:00:00:00:02,0x88b5,reverse,1,2216
3049,1787044769962369,l_left,4,outgoing,256,02:00:00:00:00:01,02:00:00:00:00:02,0x88b5,reverse,1,2217
3050,1787044769962606,l_left,4,outgoing,256,02:00:00:00:00:01,02:00:00:00:00:02,0x88b5,reverse,1,2218
3051,1787044769962881,l_left,4,outgoing,256,02:00:00:00:00:01,02:00:00:00:00:02,0x88b5,reverse,1,2219
3052,1787044769963098,l_left,4,outgoing,256,02:00:00:00:00:01,02:00:00:00:00:02,0x88b5,reverse,1,2220
3053,1787044769963321,l_left,4,outgoing,256,02:00:00:00:00:01,02:00:00:00:00:02,0x88b5,reverse,1,2221
3054,1787044769963562,l_left,4,outgoing,256,02:00:00:00:00:01,02:00:00:00:00:02,0x88b5,reverse,1,2222
3055,1787044769963811,l_left,4,outgoing,256,02:00:00:00:00:01,02:00:00:00:00:02,0x88b5,reverse,1,2223
3056,1787044769964895,l_left,3,otherhost,256,02:00:00:00:00:02,02:00:00:00:00:01,0x88b5,forward,1,832
3057,1787044769964944,l_left,3,otherhost,256,02:00:00:00:00:02,02:00:00:00:00:01,0x88b5,forward,1,833
3058,1787044769970808,l_left,3,otherhost,256,02:00:00:00:00:02,02:00:00:00:00:01,0x88b5,forward,1,834
3059,1787044769970844,l_left,3,otherhost,256,02:00:00:00:00:02,02:00:00:00:00:01,0x88b5,forward,1,835
3060,1787044769970983,l_left,3,otherhost,256,02:00:00:00:00:02,02:00:00:00:00:01,0x88b5,forward,1,836
3061,1787044769971229,l_left,3,otherhost,256,02:00:00:00:00:02,02:00:00:00:00:01,0x88b5,forward,1,837
3062,1787044769971731,l_left,4,outgoing,256,02:00:00:00:00:01,02:00:00:00:00:02,0x88b5,reverse,1,2224
3063,1787044769971762,l_left,4,outgoing,256,02:00:00:00:00:01,02:00:00:00:00:02,0x88b5,reverse,1,2225
3064,1787044770171533,l_left,4,outgoing,256,02:00:00:00:00:01,02:00:00:00:00:02,0x88b5,reverse,1,2226
3065,1787044770171597,l_left,4,outgoing,256,02:00:00:00:00:01,02:00:00:00:00:02,0x88b5,reverse,1,2227
3066,1787044770171619,l_left,4,outgoing,256,02:00:00:00:00:01,02:00:00:00:00:02,0x88b5,reverse,1,2228
3067,1787044770171636,l_left,4,outgoing,256,02:00:00:00:00:01,02:00:00:00:00:02,0x88b5,reverse,1,2229
3068,1787044770171884,l_left,4,outgoing,256,02:00:00:00:00:01,02:00:00:00:00:02,0x88b5,reverse,1,2230
3069,1787044770171922,l_left,4,outgoing,256,02:00:00:00:00:01,02:00:00:00:00:02,0x88b5,reverse,1,2231
3070,1787044770172119,l_left,4,outgoing,256,02:00:00:00:00:01,02:00:00:00:00:02,0x88b5,reverse,1,2232
3071,1787044770172363,l_left,4,outgoing,256,02:00:00:00:00:01,02:00:00:00:00:02,0x88b5,reverse,1,2233
3072,1787044770172614,l_left,4,outgoing,256,02:00:00:00:00:01,02:00:00:00:00:02,0x88b5,reverse,1,2234
3073,1787044770172861,l_left,4,outgoing,256,02:00:00:00:00:01,02:00:00:00:00:02,0x88b5,reverse,1,2235
3074,1787044770173077,l_left,4,outgoing,256,02:00:00:00:00:01,02:00:00:00:00:02,0x88b5,reverse,1,2236
3075,1787044770173262,l_left,4,outgoing,256,02:00:00:00:00:01,02:00:00:00:00:02,0x88b5,reverse,1,2237
3076,1787044770173531,l_left,4,outgoing,256,02:00:00:00:00:01,02:00:00:00:00:02,0x88b5,reverse,1,2238
3077,1787044770173817,l_left,4,outgoing,256,02:00:00:00:00:01,02:00:00:00:00:02,0x88b5,reverse,1,2239
3078,1787044770174328,l_left,3,otherhost,256,02:00:00:00:00:02,02:00:00:00:00:01,0x88b5,forward,1,838
3079,1787044770174344,l_left,3,otherhost,256,02:00:00:00:00:02,02:00:00:00:00:01,0x88b5,forward,1,839
3080,1787044770180699,l_left,3,otherhost,256,02:00:00:00:00:02,02:00:00:00:00:01,0x88b5,forward,1,840
3081,1787044770180724,l_left,3,otherhost,256,02:00:00:00:00:02,02:00:00:00:00:01,0x88b5,forward,1,841
3082,1787044770180979,l_left,3,otherhost,256,02:00:00:00:00:02,02:00:00:00:00:01,0x88b5,forward,1,842
3083,1787044770181189,l_left,3,otherhost,256,02:00:00:00:00:02,02:00:00:00:00:01,0x88b5,forward,1,843
3084,1787044770181688,l_left,4,outgoing,256,02:00:00:00:00:01,02:00:00:00:00:02,0x88b5,reverse,1,2240
3085,1787044770181712,l_left,4,outgoing,256,02:00:00:00:00:01,02:00:00:00:00:02,0x88b5,reverse,1,2241
3086,1787044770381548,l_left,4,outgoing,256,02:00:00:00:00:01,02:00:00:00:00:02,0x88b5,reverse,1,2242
3087,1787044770381610,l_left,4,outgoing,256,02:00:00:00:00:01,02:00:00:00:00:02,0x88b5,reverse,1,2243
3088,1787044770381638,l_left,4,outgoing,256,02:00:00:00:00:01,02:00:00:00:00:02,0x88b5,reverse,1,2244
3089,1787044770381664,l_left,4,outgoing,256,02:00:00:00:00:01,02:00:00:00:00:02,0x88b5,reverse,1,2245
3090,1787044770381684,l_left,4,outgoing,256,02:00:00:00:00:01,02:00:00:00:00:02,0x88b5,reverse,1,2246
3091,1787044770381835,l_left,4,outgoing,256,02:00:00:00:00:01,02:00:00:00:00:02,0x88b5,reverse,1,2247
3092,1787044770382106,l_left,4,outgoing,256,02:00:00:00:00:01,02:00:00:00:00:02,0x88b5,reverse,1,2248
3093,1787044770382360,l_left,4,outgoing,256,02:00:00:00:00:01,02:00:00:00:00:02,0x88b5,reverse,1,2249
3094,1787044770382612,l_left,4,outgoing,256,02:00:00:00:00:01,02:00:00:00:00:02,0x88b5,reverse,1,2250
3095,1787044770382864,l_left,4,outgoing,256,02:00:00:00:00:01,02:00:00:00:00:02,0x88b5,reverse,1,2251
3096,1787044770383114,l_left,4,outgoing,256,02:00:00:00:00:01,02:00:00:00:00:02,0x88b5,reverse,1,2252
3097,1787044770383319,l_left,4,outgoing,256,02:00:00:00:00:01,02:00:00:00:00:02,0x88b5,reverse,1,2253
3098,1787044770383558,l_left,4,outgoing,256,02:00:00:00:00:01,02:00:00:00:00:02,0x88b5,reverse,1,2254
3099,1787044770383795,l_left,4,outgoing,256,02:00:00:00:00:01,02:00:00:00:00:02,0x88b5,reverse,1,2255
3100,1787044770384214,l_left,3,otherhost,256,02:00:00:00:00:02,02:00:00:00:00:01,0x88b5,forward,1,844
3101,1787044770384245,l_left,3,otherhost,256,02:00:00:00:00:02,02:00:00:00:00:01,0x88b5,forward,1,845
3102,1787044770390961,l_left,3,otherhost,256,02:00:00:00:00:02,02:00:00:00:00:01,0x88b5,forward,1,846
3103,1787044770390984,l_left,3,otherhost,256,02:00:00:00:00:02,02:00:00:00:00:01,0x88b5,forward,1,847
3104,1787044770391001,l_left,3,otherhost,256,02:00:00:00:00:02,02:00:00:00:00:01,0x88b5,forward,1,848
3105,1787044770391229,l_left,3,otherhost,256,02:00:00:00:00:02,02:00:00:00:00:01,0x88b5,forward,1,849
3106,1787044770391741,l_left,4,outgoing,256,02:00:00:00:00:01,02:00:00:00:00:02,0x88b5,reverse,1,2256
3107,1787044770391767,l_left,4,outgoing,256,02:00:00:00:00:01,02:00:00:00:00:02,0x88b5,reverse,1,2257
3108,1787044770591815,l_left,4,outgoing,256,02:00:00:00:00:01,02:00:00:00:00:02,0x88b5,reverse,1,2258
3109,1787044770591878,l_left,4,outgoing,256,02:00:00:00:00:01,02:00:00:00:00:02,0x88b5,reverse,1,2259
3110,1787044770591900,l_left,4,outgoing,256,02:00:00:00:00:01,02:00:00:00:00:02,0x88b5,reverse,1,2260
3111,1787044770591917,l_left,4,outgoing,256,02:00:00:00:00:01,02:00:00:00:00:02,0x88b5,reverse,1,2261
3112,1787044770591941,l_left,4,outgoing,256,02:00:00:00:00:01,02:00:00:00:00:02,0x88b5,reverse,1,2262
3113,1787044770591956,l_left,4,outgoing,256,02:00:00:00:00:01,02:00:00:00:00:02,0x88b5,reverse,1,2263
3114,1787044770591987,l_left,4,outgoing,256,02:00:00:00:00:01,02:00:00:00:00:02,0x88b5,reverse,1,2264
3115,1787044770592354,l_left,4,outgoing,256,02:00:00:00:00:01,02:00:00:00:00:02,0x88b5,reverse,1,2265
3116,1787044770592616,l_left,4,outgoing,256,02:00:00:00:00:01,02:00:00:00:00:02,0x88b5,reverse,1,2266
3117,1787044770592877,l_left,4,outgoing,256,02:00:00:00:00:01,02:00:00:00:00:02,0x88b5,reverse,1,2267
3118,1787044770593123,l_left,4,outgoing,256,02:00:00:00:00:01,02:00:00:00:00:02,0x88b5,reverse,1,2268
3119,1787044770593244,l_left,4,outgoing,256,02:00:00:00:00:01,02:00:00:00:00:02,0x88b5,reverse,1,2269
3120,1787044770593606,l_left,4,outgoing,256,02:00:00:00:00:01,02:00:00:00:00:02,0x88b5,reverse,1,2270
3121,1787044770593849,l_left,4,outgoing,256,02:00:00:00:00:01,02:00:00:00:00:02,0x88b5,reverse,1,2271
3122,1787044770594202,l_left,3,otherhost,256,02:00:00:00:00:02,02:00:00:00:00:01,0x88b5,forward,1,850
3123,1787044770594246,l_left,3,otherhost,256,02:00:00:00:00:02,02:00:00:00:00:01,0x88b5,forward,1,851
3124,1787044770600864,l_left,3,otherhost,256,02:00:00:00:00:02,02:00:00:00:00:01,0x88b5,forward,1,852
3125,1787044770600901,l_left,3,otherhost,256,02:00:00:00:00:02,02:00:00:00:00:01,0x88b5,forward,1,853
3126,1787044770601012,l_left,3,otherhost,256,02:00:00:00:00:02,02:00:00:00:00:01,0x88b5,forward,1,854
3127,1787044770601220,l_left,3,otherhost,256,02:00:00:00:00:02,02:00:00:00:00:01,0x88b5,forward,1,855
3128,1787044770601829,l_left,4,outgoing,256,02:00:00:00:00:01,02:00:00:00:00:02,0x88b5,reverse,1,2272
3129,1787044770601870,l_left,4,outgoing,256,02:00:00:00:00:01,02:00:00:00:00:02,0x88b5,reverse,1,2273
3130,1787044770801390,l_left,4,outgoing,256,02:00:00:00:00:01,02:00:00:00:00:02,0x88b5,reverse,1,2274
3131,1787044770801428,l_left,4,outgoing,256,02:00:00:00:00:01,02:00:00:00:00:02,0x88b5,reverse,1,2275
3132,1787044770801449,l_left,4,outgoing,256,02:00:00:00:00:01,02:00:00:00:00:02,0x88b5,reverse,1,2276
3133,1787044770801466,l_left,4,outgoing,256,02:00:00:00:00:01,02:00:00:00:00:02,0x88b5,reverse,1,2277
3134,1787044770801522,l_left,4,outgoing,256,02:00:00:00:00:01,02:00:00:00:00:02,0x88b5,reverse,1,2278
3135,1787044770801855,l_left,4,outgoing,256,02:00:00:00:00:01,02:00:00:00:00:02,0x88b5,reverse,1,2279
3136,1787044770802109,l_left,4,outgoing,256,02:00:00:00:00:01,02:00:00:00:00:02,0x88b5,reverse,1,2280
3137,1787044770802358,l_left,4,outgoing,256,02:00:00:00:00:01,02:00:00:00:00:02,0x88b5,reverse,1,2281
3138,1787044770802634,l_left,4,outgoing,256,02:00:00:00:00:01,02:00:00:00:00:02,0x88b5,reverse,1,2282
3139,1787044770802859,l_left,4,outgoing,256,02:00:00:00:00:01,02:00:00:00:00:02,0x88b5,reverse,1,2283
3140,1787044770803103,l_left,4,outgoing,256,02:00:00:00:00:01,02:00:00:00:00:02,0x88b5,reverse,1,2284
3141,1787044770803325,l_left,4,outgoing,256,02:00:00:00:00:01,02:00:00:00:00:02,0x88b5,reverse,1,2285
3142,1787044770803563,l_left,4,outgoing,256,02:00:00:00:00:01,02:00:00:00:00:02,0x88b5,reverse,1,2286
3143,1787044770803756,l_left,4,outgoing,256,02:00:00:00:00:01,02:00:00:00:00:02,0x88b5,reverse,1,2287
3144,1787044770804076,l_left,3,otherhost,256,02:00:00:00:00:02,02:00:00:00:00:01,0x88b5,forward,1,856
3145,1787044770804238,l_left,3,otherhost,256,02:00:00:00:00:02,02:00:00:00:00:01,0x88b5,forward,1,857
3146,1787044770810764,l_left,3,otherhost,256,02:00:00:00:00:02,02:00:00:00:00:01,0x88b5,forward,1,858
3147,1787044770810790,l_left,3,otherhost,256,02:00:00:00:00:02,02:00:00:00:00:01,0x88b5,forward,1,859
3148,1787044770810990,l_left,3,otherhost,256,02:00:00:00:00:02,02:00:00:00:00:01,0x88b5,forward,1,860
3149,1787044770811236,l_left,3,otherhost,256,02:00:00:00:00:02,02:00:00:00:00:01,0x88b5,forward,1,861
3150,1787044770811739,l_left,4,outgoing,256,02:00:00:00:00:01,02:00:00:00:00:02,0x88b5,reverse,1,2288
3151,1787044770811767,l_left,4,outgoing,256,02:00:00:00:00:01,02:00:00:00:00:02,0x88b5,reverse,1,2289
3152,1787044771011243,l_left,4,outgoing,256,02:00:00:00:00:01,02:00:00:00:00:02,0x88b5,reverse,1,2290
3153,1787044771011281,l_left,4,outgoing,256,02:00:00:00:00:01,02:00:00:00:00:02,0x88b5,reverse,1,2291
3154,1787044771011311,l_left,4,outgoing,256,02:00:00:00:00:01,02:00:00:00:00:02,0x88b5,reverse,1,2292
3155,1787044771011328,l_left,4,outgoing,256,02:00:00:00:00:01,02:00:00:00:00:02,0x88b5,reverse,1,2293
3156,1787044771011611,l_left,4,outgoing,256,02:00:00:00:00:01,02:00:00:00:00:02,0x88b5,reverse,1,2294
3157,1787044771011870,l_left,4,outgoing,256,02:00:00:00:00:01,02:00:00:00:00:02,0x88b5,reverse,1,2295
3158,1787044771012131,l_left,4,outgoing,256,02:00:00:00:00:01,02:00:00:00:00:02,0x88b5,reverse,1,2296
3159,1787044771012382,l_left,4,outgoing,256,02:00:00:00:00:01,02:00:00:00:00:02,0x88b5,reverse,1,2297
3160,1787044771012619,l_left,4,outgoing,256,02:00:00:00:00:01,02:00:00:00:00:02,0x88b5,reverse,1,2298
3161,1787044771012860,l_left,4,outgoing,256,02:00:00:00:00:01,02:00:00:00:00:02,0x88b5,reverse,1,2299
3162,1787044771013114,l_left,4,outgoing,256,02:00:00:00:00:01,02:00:00:00:00:02,0x88b5,reverse,1,2300
3163,1787044771013244,l_left,4,outgoing,256,02:00:00:00:00:01,02:00:00:00:00:02,0x88b5,reverse,1,2301
3164,1787044771013495,l_left,4,outgoing,256,02:00:00:00:00:01,02:00:00:00:00:02,0x88b5,reverse,1,2302
3165,1787044771013735,l_left,4,outgoing,256,02:00:00:00:00:01,02:00:00:00:00:02,0x88b5,reverse,1,2303
3166,1787044771014833,l_left,3,otherhost,256,02:00:00:00:00:02,02:00:00:00:00:01,0x88b5,forward,1,862
3167,1787044771014855,l_left,3,otherhost,256,02:00:00:00:00:02,02:00:00:00:00:01,0x88b5,forward,1,863
3168,1787044771020757,l_left,3,otherhost,256,02:00:00:00:00:02,02:00:00:00:00:01,0x88b5,forward,1,864
3169,1787044771020779,l_left,3,otherhost,256,02:00:00:00:00:02,02:00:00:00:00:01,0x88b5,forward,1,865
3170,1787044771020989,l_left,3,otherhost,256,02:00:00:00:00:02,02:00:00:00:00:01,0x88b5,forward,1,866
3171,1787044771021205,l_left,3,otherhost,256,02:00:00:00:00:02,02:00:00:00:00:01,0x88b5,forward,1,867
3172,1787044771021734,l_left,4,outgoing,256,02:00:00:00:00:01,02:00:00:00:00:02,0x88b5,reverse,1,2304
3173,1787044771021761,l_left,4,outgoing,256,02:00:00:00:00:01,02:00:00:00:00:02,0x88b5,reverse,1,2305
3174,1787044771221129,l_left,4,outgoing,256,02:00:00:00:00:01,02:00:00:00:00:02,0x88b5,reverse,1,2306
3175,1787044771221178,l_left,4,outgoing,256,02:00:00:00:00:01,02:00:00:00:00:02,0x88b5,reverse,1,2307
3176,1787044771221190,l_left,4,outgoing,256,02:00:00:00:00:01,02:00:00:00:00:02,0x88b5,reverse,1,2308
3177,1787044771221200,l_left,4,outgoing,256,02:00:00:00:00:01,02:00:00:00:00:02,0x88b5,reverse,1,2309
3178,1787044771221521,l_left,4,outgoing,256,02:00:00:00:00:01,02:00:00:00:00:02,0x88b5,reverse,1,2310
3179,1787044771221772,l_left,4,outgoing,256,02:00:00:00:00:01,02:00:00:00:00:02,0x88b5,reverse,1,2311
3180,1787044771222027,l_left,4,outgoing,256,02:00:00:00:00:01,02:00:00:00:00:02,0x88b5,reverse,1,2312
3181,1787044771222269,l_left,4,outgoing,256,02:00:00:00:00:01,02:00:00:00:00:02,0x88b5,reverse,1,2313
3182,1787044771222519,l_left,4,outgoing,256,02:00:00:00:00:01,02:00:00:00:00:02,0x88b5,reverse,1,2314
3183,1787044771222769,l_left,4,outgoing,256,02:00:00:00:00:01,02:00:00:00:00:02,0x88b5,reverse,1,2315
3184,1787044771223025,l_left,4,outgoing,256,02:00:00:00:00:01,02:00:00:00:00:02,0x88b5,reverse,1,2316
3185,1787044771223252,l_left,4,outgoing,256,02:00:00:00:00:01,02:00:00:00:00:02,0x88b5,reverse,1,2317
3186,1787044771223489,l_left,4,outgoing,256,02:00:00:00:00:01,02:00:00:00:00:02,0x88b5,reverse,1,2318
3187,1787044771223715,l_left,4,outgoing,256,02:00:00:00:00:01,02:00:00:00:00:02,0x88b5,reverse,1,2319
3188,1787044771224233,l_left,3,otherhost,256,02:00:00:00:00:02,02:00:00:00:00:01,0x88b5,forward,1,868
3189,1787044771224247,l_left,3,otherhost,256,02:00:00:00:00:02,02:00:00:00:00:01,0x88b5,forward,1,869
3190,1787044771230591,l_left,3,otherhost,256,02:00:00:00:00:02,02:00:00:00:00:01,0x88b5,forward,1,870
3191,1787044771230699,l_left,3,otherhost,256,02:00:00:00:00:02,02:00:00:00:00:01,0x88b5,forward,1,871
3192,1787044771230947,l_left,3,otherhost,256,02:00:00:00:00:02,02:00:00:00:00:01,0x88b5,forward,1,872
3193,1787044771231194,l_left,3,otherhost,256,02:00:00:00:00:02,02:00:00:00:00:01,0x88b5,forward,1,873
3194,1787044771231479,l_left,4,outgoing,256,02:00:00:00:00:01,02:00:00:00:00:02,0x88b5,reverse,1,2320
3195,1787044771231712,l_left,4,outgoing,256,02:00:00:00:00:01,02:00:00:00:00:02,0x88b5,reverse,1,2321
3196,1787044771430938,l_left,4,outgoing,256,02:00:00:00:00:01,02:00:00:00:00:02,0x88b5,reverse,1,2322
3197,1787044771430965,l_left,4,outgoing,256,02:00:00:00:00:01,02:00:00:00:00:02,0x88b5,reverse,1,2323
3198,1787044771431184,l_left,4,outgoing,256,02:00:00:00:00:01,02:00:00:00:00:02,0x88b5,reverse,1,2324
3199,1787044771431270,l_left,4,outgoing,256,02:00:00:00:00:01,02:00:00:00:00:02,0x88b5,reverse,1,2325
3200,1787044771431557,l_left,4,outgoing,256,02:00:00:00:00:01,02:00:00:00:00:02,0x88b5,reverse,1,2326
3201,1787044771431791,l_left,4,outgoing,256,02:00:00:00:00:01,02:00:00:00:00:02,0x88b5,reverse,1,2327
3202,1787044771432024,l_left,4,outgoing,256,02:00:00:00:00:01,02:00:00:00:00:02,0x88b5,reverse,1,2328
3203,1787044771432278,l_left,4,outgoing,256,02:00:00:00:00:01,02:00:00:00:00:02,0x88b5,reverse,1,2329
3204,1787044771432526,l_left,4,outgoing,256,02:00:00:00:00:01,02:00:00:00:00:02,0x88b5,reverse,1,2330
3205,1787044771432778,l_left,4,outgoing,256,02:00:00:00:00:01,02:00:00:00:00:02,0x88b5,reverse,1,2331
3206,1787044771433024,l_left,4,outgoing,256,02:00:00:00:00:01,02:00:00:00:00:02,0x88b5,reverse,1,2332
3207,1787044771433196,l_left,4,outgoing,256,02:00:00:00:00:01,02:00:00:00:00:02,0x88b5,reverse,1,2333
3208,1787044771433463,l_left,4,outgoing,256,02:00:00:00:00:01,02:00:00:00:00:02,0x88b5,reverse,1,2334
3209,1787044771433712,l_left,4,outgoing,256,02:00:00:00:00:01,02:00:00:00:00:02,0x88b5,reverse,1,2335
3210,1787044771434166,l_left,3,otherhost,256,02:00:00:00:00:02,02:00:00:00:00:01,0x88b5,forward,1,874
3211,1787044771434179,l_left,3,otherhost,256,02:00:00:00:00:02,02:00:00:00:00:01,0x88b5,forward,1,875
3212,1787044771440618,l_left,3,otherhost,256,02:00:00:00:00:02,02:00:00:00:00:01,0x88b5,forward,1,876
3213,1787044771440753,l_left,3,otherhost,256,02:00:00:00:00:02,02:00:00:00:00:01,0x88b5,forward,1,877
3214,1787044771440958,l_left,3,otherhost,256,02:00:00:00:00:02,02:00:00:00:00:01,0x88b5,forward,1,878
3215,1787044771441170,l_left,3,otherhost,256,02:00:00:00:00:02,02:00:00:00:00:01,0x88b5,forward,1,879
3216,1787044771441564,l_left,4,outgoing,256,02:00:00:00:00:01,02:00:00:00:00:02,0x88b5,reverse,1,2336
3217,1787044771441736,l_left,4,outgoing,256,02:00:00:00:00:01,02:00:00:00:00:02,0x88b5,reverse,1,2337
3218,1787044771641082,l_left,4,outgoing,256,02:00:00:00:00:01,02:00:00:00:00:02,0x88b5,reverse,1,2338
3219,1787044771641119,l_left,4,outgoing,256,02:00:00:00:00:01,02:00:00:00:00:02,0x88b5,reverse,1,2339
3220,1787044771641133,l_left,4,outgoing,256,02:00:00:00:00:01,02:00:00:00:00:02,0x88b5,reverse,1,2340
3221,1787044771641199,l_left,4,outgoing,256,02:00:00:00:00:01,02:00:00:00:00:02,0x88b5,reverse,1,2341
3222,1787044771641531,l_left,4,outgoing,256,02:00:00:00:00:01,02:00:00:00:00:02,0x88b5,reverse,1,2342
3223,1787044771641784,l_left,4,outgoing,256,02:00:00:00:00:01,02:00:00:00:00:02,0x88b5,reverse,1,2343
3224,1787044771642014,l_left,4,outgoing,256,02:00:00:00:00:01,02:00:00:00:00:02,0x88b5,reverse,1,2344
3225,1787044771642242,l_left,4,outgoing,256,02:00:00:00:00:01,02:00:00:00:00:02,0x88b5,reverse,1,2345
3226,1787044771642501,l_left,4,outgoing,256,02:00:00:00:00:01,02:00:00:00:00:02,0x88b5,reverse,1,2346
3227,1787044771642740,l_left,4,outgoing,256,02:00:00:00:00:01,02:00:00:00:00:02,0x88b5,reverse,1,2347
3228,1787044771642983,l_left,4,outgoing,256,02:00:00:00:00:01,02:00:00:00:00:02,0x88b5,reverse,1,2348
3229,1787044771643231,l_left,4,outgoing,256,02:00:00:00:00:01,02:00:00:00:00:02,0x88b5,reverse,1,2349
3230,1787044771643483,l_left,4,outgoing,256,02:00:00:00:00:01,02:00:00:00:00:02,0x88b5,reverse,1,2350
3231,1787044771643714,l_left,4,outgoing,256,02:00:00:00:00:01,02:00:00:00:00:02,0x88b5,reverse,1,2351
3232,1787044771644226,l_left,3,otherhost,256,02:00:00:00:00:02,02:00:00:00:00:01,0x88b5,forward,1,880
3233,1787044771644239,l_left,3,otherhost,256,02:00:00:00:00:02,02:00:00:00:00:01,0x88b5,forward,1,881
3234,1787044771650604,l_left,3,otherhost,256,02:00:00:00:00:02,02:00:00:00:00:01,0x88b5,forward,1,882
3235,1787044771650702,l_left,3,otherhost,256,02:00:00:00:00:02,02:00:00:00:00:01,0x88b5,forward,1,883
3236,1787044771650952,l_left,3,otherhost,256,02:00:00:00:00:02,02:00:00:00:00:01,0x88b5,forward,1,884
3237,1787044771651229,l_left,3,otherhost,256,02:00:00:00:00:02,02:00:00:00:00:01,0x88b5,forward,1,885
3238,1787044771651559,l_left,4,outgoing,256,02:00:00:00:00:01,02:00:00:00:00:02,0x88b5,reverse,1,2352
3239,1787044771651735,l_left,4,outgoing,256,02:00:00:00:00:01,02:00:00:00:00:02,0x88b5,reverse,1,2353
3240,1787044771850923,l_left,4,outgoing,256,02:00:00:00:00:01,02:00:00:00:00:02,0x88b5,reverse,1,2354
3241,1787044771850946,l_left,4,outgoing,256,02:00:00:00:00:01,02:00:00:00:00:02,0x88b5,reverse,1,2355
3242,1787044771850990,l_left,4,outgoing,256,02:00:00:00:00:01,02:00:00:00:00:02,0x88b5,reverse,1,2356
3243,1787044771851288,l_left,4,outgoing,256,02:00:00:00:00:01,02:00:00:00:00:02,0x88b5,reverse,1,2357
3244,1787044771851522,l_left,4,outgoing,256,02:00:00:00:00:01,02:00:00:00:00:02,0x88b5,reverse,1,2358
3245,1787044771851772,l_left,4,outgoing,256,02:00:00:00:00:01,02:00:00:00:00:02,0x88b5,reverse,1,2359
3246,1787044771852023,l_left,4,outgoing,256,02:00:00:00:00:01,02:00:00:00:00:02,0x88b5,reverse,1,2360
3247,1787044771852283,l_left,4,outgoing,256,02:00:00:00:00:01,02:00:00:00:00:02,0x88b5,reverse,1,2361
3248,1787044771852522,l_left,4,outgoing,256,02:00:00:00:00:01,02:00:00:00:00:02,0x88b5,reverse,1,2362
3249,1787044771852763,l_left,4,outgoing,256,02:00:00:00:00:01,02:00:00:00:00:02,0x88b5,reverse,1,2363
3250,1787044771853003,l_left,4,outgoing,256,02:00:00:00:00:01,02:00:00:00:00:02,0x88b5,reverse,1,2364
3251,1787044771853319,l_left,4,outgoing,256,02:00:00:00:00:01,02:00:00:00:00:02,0x88b5,reverse,1,2365
3252,1787044771853551,l_left,4,outgoing,256,02:00:00:00:00:01,02:00:00:00:00:02,0x88b5,reverse,1,2366
3253,1787044771853802,l_left,4,outgoing,256,02:00:00:00:00:01,02:00:00:00:00:02,0x88b5,reverse,1,2367
3254,1787044771854485,l_left,3,otherhost,256,02:00:00:00:00:02,02:00:00:00:00:01,0x88b5,forward,1,886
3255,1787044771854632,l_left,3,otherhost,256,02:00:00:00:00:02,02:00:00:00:00:01,0x88b5,forward,1,887
3256,1787044771860720,l_left,3,otherhost,256,02:00:00:00:00:02,02:00:00:00:00:01,0x88b5,forward,1,888
3257,1787044771860869,l_left,3,otherhost,256,02:00:00:00:00:02,02:00:00:00:00:01,0x88b5,forward,1,889
3258,1787044771861015,l_left,3,otherhost,256,02:00:00:00:00:02,02:00:00:00:00:01,0x88b5,forward,1,890
3259,1787044771861224,l_left,3,otherhost,256,02:00:00:00:00:02,02:00:00:00:00:01,0x88b5,forward,1,891
3260,1787044771861651,l_left,4,outgoing,256,02:00:00:00:00:01,02:00:00:00:00:02,0x88b5,reverse,1,2368
3261,1787044771861820,l_left,4,outgoing,256,02:00:00:00:00:01,02:00:00:00:00:02,0x88b5,reverse,1,2369
3262,1787044772061031,l_left,4,outgoing,256,02:00:00:00:00:01,02:00:00:00:00:02,0x88b5,reverse,1,2370
3263,1787044772061057,l_left,4,outgoing,256,02:00:00:00:00:01,02:00:00:00:00:02,0x88b5,reverse,1,2371
3264,1787044772061070,l_left,4,outgoing,256,02:00:00:00:00:01,02:00:00:00:00:02,0x88b5,reverse,1,2372
3265,1787044772061245,l_left,4,outgoing,256,02:00:00:00:00:01,02:00:00:00:00:02,0x88b5,reverse,1,2373
3266,1787044772061555,l_left,4,outgoing,256,02:00:00:00:00:01,02:00:00:00:00:02,0x88b5,reverse,1,2374
3267,1787044772061790,l_left,4,outgoing,256,02:00:00:00:00:01,02:00:00:00:00:02,0x88b5,reverse,1,2375
3268,1787044772062057,l_left,4,outgoing,256,02:00:00:00:00:01,02:00:00:00:00:02,0x88b5,reverse,1,2376
3269,1787044772062265,l_left,4,outgoing,256,02:00:00:00:00:01,02:00:00:00:00:02,0x88b5,reverse,1,2377
3270,1787044772062518,l_left,4,outgoing,256,02:00:00:00:00:01,02:00:00:00:00:02,0x88b5,reverse,1,2378
3271,1787044772062740,l_left,4,outgoing,256,02:00:00:00:00:01,02:00:00:00:00:02,0x88b5,reverse,1,2379
3272,1787044772062995,l_left,4,outgoing,256,02:00:00:00:00:01,02:00:00:00:00:02,0x88b5,reverse,1,2380
3273,1787044772063241,l_left,4,outgoing,256,02:00:00:00:00:01,02:00:00:00:00:02,0x88b5,reverse,1,2381
3274,1787044772063468,l_left,4,outgoing,256,02:00:00:00:00:01,02:00:00:00:00:02,0x88b5,reverse,1,2382
3275,1787044772063732,l_left,4,outgoing,256,02:00:00:00:00:01,02:00:00:00:00:02,0x88b5,reverse,1,2383
3276,1787044772064481,l_left,3,otherhost,256,02:00:00:00:00:02,02:00:00:00:00:01,0x88b5,forward,1,892
3277,1787044772064494,l_left,3,otherhost,256,02:00:00:00:00:02,02:00:00:00:00:01,0x88b5,forward,1,893
3278,1787044772070632,l_left,3,otherhost,256,02:00:00:00:00:02,02:00:00:00:00:01,0x88b5,forward,1,894
3279,1787044772070714,l_left,3,otherhost,256,02:00:00:00:00:02,02:00:00:00:00:01,0x88b5,forward,1,895
3280,1787044772070952,l_left,3,otherhost,256,02:00:00:00:00:02,02:00:00:00:00:01,0x88b5,forward,1,896
3281,1787044772071201,l_left,3,otherhost,256,02:00:00:00:00:02,02:00:00:00:00:01,0x88b5,forward,1,897
3282,1787044772071533,l_left,4,outgoing,256,02:00:00:00:00:01,02:00:00:00:00:02,0x88b5,reverse,1,2384
3283,1787044772071711,l_left,4,outgoing,256,02:00:00:00:00:01,02:00:00:00:00:02,0x88b5,reverse,1,2385
3284,1787044772270933,l_left,4,outgoing,256,02:00:00:00:00:01,02:00:00:00:00:02,0x88b5,reverse,1,2386
3285,1787044772270961,l_left,4,outgoing,256,02:00:00:00:00:01,02:00:00:00:00:02,0x88b5,reverse,1,2387
3286,1787044772271266,l_left,4,outgoing,256,02:00:00:00:00:01,02:00:00:00:00:02,0x88b5,reverse,1,2388
3287,1787044772271314,l_left,4,outgoing,256,02:00:00:00:00:01,02:00:00:00:00:02,0x88b5,reverse,1,2389
3288,1787044772271509,l_left,4,outgoing,256,02:00:00:00:00:01,02:00:00:00:00:02,0x88b5,reverse,1,2390
3289,1787044772271759,l_left,4,outgoing,256,02:00:00:00:00:01,02:00:00:00:00:02,0x88b5,reverse,1,2391
3290,1787044772272013,l_left,4,outgoing,256,02:00:00:00:00:01,02:00:00:00:00:02,0x88b5,reverse,1,2392
3291,1787044772272261,l_left,4,outgoing,256,02:00:00:00:00:01,02:00:00:00:00:02,0x88b5,reverse,1,2393
3292,1787044772272513,l_left,4,outgoing,256,02:00:00:00:00:01,02:00:00:00:00:02,0x88b5,reverse,1,2394
3293,1787044772272764,l_left,4,outgoing,256,02:00:00:00:00:01,02:00:00:00:00:02,0x88b5,reverse,1,2395
3294,1787044772273022,l_left,4,outgoing,256,02:00:00:00:00:01,02:00:00:00:00:02,0x88b5,reverse,1,2396
3295,1787044772273190,l_left,4,outgoing,256,02:00:00:00:00:01,02:00:00:00:00:02,0x88b5,reverse,1,2397
3296,1787044772273476,l_left,4,outgoing,256,02:00:00:00:00:01,02:00:00:00:00:02,0x88b5,reverse,1,2398
3297,1787044772273725,l_left,4,outgoing,256,02:00:00:00:00:01,02:00:00:00:00:02,0x88b5,reverse,1,2399
3298,1787044772274454,l_left,3,otherhost,256,02:00:00:00:00:02,02:00:00:00:00:01,0x88b5,forward,1,898
3299,1787044772274466,l_left,3,otherhost,256,02:00:00:00:00:02,02:00:00:00:00:01,0x88b5,forward,1,899
3300,1787044772280609,l_left,3,otherhost,256,02:00:00:00:00:02,02:00:00:00:00:01,0x88b5,forward,1,900
3301,1787044772280703,l_left,3,otherhost,256,02:00:00:00:00:02,02:00:00:00:00:01,0x88b5,forward,1,901
3302,1787044772280949,l_left,3,otherhost,256,02:00:00:00:00:02,02:00:00:00:00:01,0x88b5,forward,1,902
3303,1787044772281187,l_left,3,otherhost,256,02:00:00:00:00:02,02:00:00:00:00:01,0x88b5,forward,1,903
3304,1787044772281511,l_left,4,outgoing,256,02:00:00:00:00:01,02:00:00:00:00:02,0x88b5,reverse,1,2400
3305,1787044772281745,l_left,4,outgoing,256,02:00:00:00:00:01,02:00:00:00:00:02,0x88b5,reverse,1,2401
3306,1787044772481254,l_left,4,outgoing,256,02:00:00:00:00:01,02:00:00:00:00:02,0x88b5,reverse,1,2402
3307,1787044772481297,l_left,4,outgoing,256,02:00:00:00:00:01,02:00:00:00:00:02,0x88b5,reverse,1,2403
3308,1787044772481310,l_left,4,outgoing,256,02:00:00:00:00:01,02:00:00:00:00:02,0x88b5,reverse,1,2404
3309,1787044772481322,l_left,4,outgoing,256,02:00:00:00:00:01,02:00:00:00:00:02,0x88b5,reverse,1,2405
3310,1787044772481556,l_left,4,outgoing,256,02:00:00:00:00:01,02:00:00:00:00:02,0x88b5,reverse,1,2406
3311,1787044772481774,l_left,4,outgoing,256,02:00:00:00:00:01,02:00:00:00:00:02,0x88b5,reverse,1,2407
3312,1787044772482013,l_left,4,outgoing,256,02:00:00:00:00:01,02:00:00:00:00:02,0x88b5,reverse,1,2408
3313,1787044772482265,l_left,4,outgoing,256,02:00:00:00:00:01,02:00:00:00:00:02,0x88b5,reverse,1,2409
3314,1787044772482497,l_left,4,outgoing,256,02:00:00:00:00:01,02:00:00:00:00:02,0x88b5,reverse,1,2410
3315,1787044772482744,l_left,4,outgoing,256,02:00:00:00:00:01,02:00:00:00:00:02,0x88b5,reverse,1,2411
3316,1787044772482996,l_left,4,outgoing,256,02:00:00:00:00:01,02:00:00:00:00:02,0x88b5,reverse,1,2412
3317,1787044772483231,l_left,4,outgoing,256,02:00:00:00:00:01,02:00:00:00:00:02,0x88b5,reverse,1,2413
3318,1787044772483481,l_left,4,outgoing,256,02:00:00:00:00:01,02:00:00:00:00:02,0x88b5,reverse,1,2414
3319,1787044772483717,l_left,4,outgoing,256,02:00:00:00:00:01,02:00:00:00:00:02,0x88b5,reverse,1,2415
3320,1787044772484235,l_left,3,otherhost,256,02:00:00:00:00:02,02:00:00:00:00:01,0x88b5,forward,1,904
3321,1787044772484244,l_left,3,otherhost,256,02:00:00:00:00:02,02:00:00:00:00:01,0x88b5,forward,1,905
3322,1787044772490597,l_left,3,otherhost,256,02:00:00:00:00:02,02:00:00:00:00:01,0x88b5,forward,1,906
3323,1787044772490700,l_left,3,otherhost,256,02:00:00:00:00:02,02:00:00:00:00:01,0x88b5,forward,1,907
3324,1787044772490947,l_left,3,otherhost,256,02:00:00:00:00:02,02:00:00:00:00:01,0x88b5,forward,1,908
3325,1787044772491196,l_left,3,otherhost,256,02:00:00:00:00:02,02:00:00:00:00:01,0x88b5,forward,1,909
3326,1787044772491550,l_left,4,outgoing,256,02:00:00:00:00:01,02:00:00:00:00:02,0x88b5,reverse,1,2416
3327,1787044772491718,l_left,4,outgoing,256,02:00:00:00:00:01,02:00:00:00:00:02,0x88b5,reverse,1,2417
3328,1787044772691069,l_left,4,outgoing,256,02:00:00:00:00:01,02:00:00:00:00:02,0x88b5,reverse,1,2418
3329,1787044772691092,l_left,4,outgoing,256,02:00:00:00:00:01,02:00:00:00:00:02,0x88b5,reverse,1,2419
3330,1787044772691105,l_left,4,outgoing,256,02:00:00:00:00:01,02:00:00:00:00:02,0x88b5,reverse,1,2420
3331,1787044772691247,l_left,4,outgoing,256,02:00:00:00:00:01,02:00:00:00:00:02,0x88b5,reverse,1,2421
3332,1787044772691518,l_left,4,outgoing,256,02:00:00:00:00:01,02:00:00:00:00:02,0x88b5,reverse,1,2422
3333,1787044772691763,l_left,4,outgoing,256,02:00:00:00:00:01,02:00:00:00:00:02,0x88b5,reverse,1,2423
3334,1787044772692006,l_left,4,outgoing,256,02:00:00:00:00:01,02:00:00:00:00:02,0x88b5,reverse,1,2424
3335,1787044772692248,l_left,4,outgoing,256,02:00:00:00:00:01,02:00:00:00:00:02,0x88b5,reverse,1,2425
3336,1787044772692487,l_left,4,outgoing,256,02:00:00:00:00:01,02:00:00:00:00:02,0x88b5,reverse,1,2426
3337,1787044772692732,l_left,4,outgoing,256,02:00:00:00:00:01,02:00:00:00:00:02,0x88b5,reverse,1,2427
3338,1787044772693008,l_left,4,outgoing,256,02:00:00:00:00:01,02:00:00:00:00:02,0x88b5,reverse,1,2428
3339,1787044772693197,l_left,4,outgoing,256,02:00:00:00:00:01,02:00:00:00:00:02,0x88b5,reverse,1,2429
3340,1787044772693478,l_left,4,outgoing,256,02:00:00:00:00:01,02:00:00:00:00:02,0x88b5,reverse,1,2430
3341,1787044772693732,l_left,4,outgoing,256,02:00:00:00:00:01,02:00:00:00:00:02,0x88b5,reverse,1,2431
3342,1787044772694180,l_left,3,otherhost,256,02:00:00:00:00:02,02:00:00:00:00:01,0x88b5,forward,1,910
3343,1787044772694201,l_left,3,otherhost,256,02:00:00:00:00:02,02:00:00:00:00:01,0x88b5,forward,1,911
3344,1787044772700603,l_left,3,otherhost,256,02:00:00:00:00:02,02:00:00:00:00:01,0x88b5,forward,1,912
3345,1787044772700719,l_left,3,otherhost,256,02:00:00:00:00:02,02:00:00:00:00:01,0x88b5,forward,1,913
3346,1787044772700966,l_left,3,otherhost,256,02:00:00:00:00:02,02:00:00:00:00:01,0x88b5,forward,1,914
3347,1787044772701178,l_left,3,otherhost,256,02:00:00:00:00:02,02:00:00:00:00:01,0x88b5,forward,1,915
3348,1787044772701644,l_left,4,outgoing,256,02:00:00:00:00:01,02:00:00:00:00:02,0x88b5,reverse,1,2432
3349,1787044772701785,l_left,4,outgoing,256,02:00:00:00:00:01,02:00:00:00:00:02,0x88b5,reverse,1,2433
3350,1787044772901197,l_left,4,outgoing,256,02:00:00:00:00:01,02:00:00:00:00:02,0x88b5,reverse,1,2434
3351,1787044772901259,l_left,4,outgoing,256,02:00:00:00:00:01,02:00:00:00:00:02,0x88b5,reverse,1,2435
3352,1787044772901273,l_left,4,outgoing,256,02:00:00:00:00:01,02:00:00:00:00:02,0x88b5,reverse,1,2436
3353,1787044772901295,l_left,4,outgoing,256,02:00:00:00:00:01,02:00:00:00:00:02,0x88b5,reverse,1,2437
3354,1787044772901567,l_left,4,outgoing,256,02:00:00:00:00:01,02:00:00:00:00:02,0x88b5,reverse,1,2438
3355,1787044772901794,l_left,4,outgoing,256,02:00:00:00:00:01,02:00:00:00:00:02,0x88b5,reverse,1,2439
3356,1787044772902053,l_left,4,outgoing,256,02:00:00:00:00:01,02:00:00:00:00:02,0x88b5,reverse,1,2440
3357,1787044772902285,l_left,4,outgoing,256,02:00:00:00:00:01,02:00:00:00:00:02,0x88b5,reverse,1,2441
3358,1787044772902505,l_left,4,outgoing,256,02:00:00:00:00:01,02:00:00:00:00:02,0x88b5,reverse,1,2442
3359,1787044772902762,l_left,4,outgoing,256,02:00:00:00:00:01,02:00:00:00:00:02,0x88b5,reverse,1,2443
3360,1787044772902972,l_left,4,outgoing,256,02:00:00:00:00:01,02:00:00:00:00:02,0x88b5,reverse,1,2444
3361,1787044772903211,l_left,4,outgoing,256,02:00:00:00:00:01,02:00:00:00:00:02,0x88b5,reverse,1,2445
3362,1787044772903459,l_left,4,outgoing,256,02:00:00:00:00:01,02:00:00:00:00:02,0x88b5,reverse,1,2446
3363,1787044772903707,l_left,4,outgoing,256,02:00:00:00:00:01,02:00:00:00:00:02,0x88b5,reverse,1,2447
3364,1787044772904236,l_left,3,otherhost,256,02:00:00:00:00:02,02:00:00:00:00:01,0x88b5,forward,1,916
3365,1787044772904246,l_left,3,otherhost,256,02:00:00:00:00:02,02:00:00:00:00:01,0x88b5,forward,1,917
3366,1787044772910591,l_left,3,otherhost,256,02:00:00:00:00:02,02:00:00:00:00:01,0x88b5,forward,1,918
3367,1787044772910701,l_left,3,otherhost,256,02:00:00:00:00:02,02:00:00:00:00:01,0x88b5,forward,1,919
3368,1787044772910950,l_left,3,otherhost,256,02:00:00:00:00:02,02:00:00:00:00:01,0x88b5,forward,1,920
3369,1787044772911196,l_left,3,otherhost,256,02:00:00:00:00:02,02:00:00:00:00:01,0x88b5,forward,1,921
3370,1787044772911502,l_left,4,outgoing,256,02:00:00:00:00:01,02:00:00:00:00:02,0x88b5,reverse,1,2448
3371,1787044772911713,l_left,4,outgoing,256,02:00:00:00:00:01,02:00:00:00:00:02,0x88b5,reverse,1,2449
3372,1787044773111091,l_left,4,outgoing,256,02:00:00:00:00:01,02:00:00:00:00:02,0x88b5,reverse,1,2450
3373,1787044773111114,l_left,4,outgoing,256,02:00:00:00:00:01,02:00:00:00:00:02,0x88b5,reverse,1,2451
3374,1787044773111128,l_left,4,outgoing,256,02:00:00:00:00:01,02:00:00:00:00:02,0x88b5,reverse,1,2452
3375,1787044773111264,l_left,4,outgoing,256,02:00:00:00:00:01,02:00:00:00:00:02,0x88b5,reverse,1,2453
3376,1787044773111524,l_left,4,outgoing,256,02:00:00:00:00:01,02:00:00:00:00:02,0x88b5,reverse,1,2454
3377,1787044773111775,l_left,4,outgoing,256,02:00:00:00:00:01,02:00:00:00:00:02,0x88b5,reverse,1,2455
3378,1787044773112010,l_left,4,outgoing,256,02:00:00:00:00:01,02:00:00:00:00:02,0x88b5,reverse,1,2456
3379,1787044773112260,l_left,4,outgoing,256,02:00:00:00:00:01,02:00:00:00:00:02,0x88b5,reverse,1,2457
3380,1787044773112514,l_left,4,outgoing,256,02:00:00:00:00:01,02:00:00:00:00:02,0x88b5,reverse,1,2458
3381,1787044773112762,l_left,4,outgoing,256,02:00:00:00:00:01,02:00:00:00:00:02,0x88b5,reverse,1,2459
3382,1787044773113001,l_left,4,outgoing,256,02:00:00:00:00:01,02:00:00:00:00:02,0x88b5,reverse,1,2460
3383,1787044773113205,l_left,4,outgoing,256,02:00:00:00:00:01,02:00:00:00:00:02,0x88b5,reverse,1,2461
3384,1787044773113482,l_left,4,outgoing,256,02:00:00:00:00:01,02:00:00:00:00:02,0x88b5,reverse,1,2462
3385,1787044773113714,l_left,4,outgoing,256,02:00:00:00:00:01,02:00:00:00:00:02,0x88b5,reverse,1,2463
3386,1787044773114193,l_left,3,otherhost,256,02:00:00:00:00:02,02:00:00:00:00:01,0x88b5,forward,1,922
3387,1787044773114202,l_left,3,otherhost,256,02:00:00:00:00:02,02:00:00:00:00:01,0x88b5,forward,1,923
3388,1787044773120592,l_left,3,otherhost,256,02:00:00:00:00:02,02:00:00:00:00:01,0x88b5,forward,1,924
3389,1787044773120699,l_left,3,otherhost,256,02:00:00:00:00:02,02:00:00:00:00:01,0x88b5,forward,1,925
3390,1787044773120948,l_left,3,otherhost,256,02:00:00:00:00:02,02:00:00:00:00:01,0x88b5,forward,1,926
3391,1787044773121156,l_left,3,otherhost,256,02:00:00:00:00:02,02:00:00:00:00:01,0x88b5,forward,1,927
3392,1787044773121523,l_left,4,outgoing,256,02:00:00:00:00:01,02:00:00:00:00:02,0x88b5,reverse,1,2464
3393,1787044773121712,l_left,4,outgoing,256,02:00:00:00:00:01,02:00:00:00:00:02,0x88b5,reverse,1,2465
3394,1787044773321055,l_left,4,outgoing,256,02:00:00:00:00:01,02:00:00:00:00:02,0x88b5,reverse,1,2466
3395,1787044773321109,l_left,4,outgoing,256,02:00:00:00:00:01,02:00:00:00:00:02,0x88b5,reverse,1,2467
3396,1787044773321122,l_left,4,outgoing,256,02:00:00:00:00:01,02:00:00:00:00:02,0x88b5,reverse,1,2468
3397,1787044773321193,l_left,4,outgoing,256,02:00:00:00:00:01,02:00:00:00:00:02,0x88b5,reverse,1,2469
3398,1787044773321466,l_left,4,outgoing,256,02:00:00:00:00:01,02:00:00:00:00:02,0x88b5,reverse,1,2470
3399,1787044773321713,l_left,4,outgoing,256,02:00:00:00:00:01,02:00:00:00:00:02,0x88b5,reverse,1,2471
3400,1787044773321963,l_left,4,outgoing,256,02:00:00:00:00:01,02:00:00:00:00:02,0x88b5,reverse,1,2472
3401,1787044773322212,l_left,4,outgoing,256,02:00:00:00:00:01,02:00:00:00:00:02,0x88b5,reverse,1,2473
3402,1787044773322459,l_left,4,outgoing,256,02:00:00:00:00:01,02:00:00:00:00:02,0x88b5,reverse,1,2474
3403,1787044773322706,l_left,4,outgoing,256,02:00:00:00:00:01,02:00:00:00:00:02,0x88b5,reverse,1,2475
3404,1787044773322955,l_left,4,outgoing,256,02:00:00:00:00:01,02:00:00:00:00:02,0x88b5,reverse,1,2476
3405,1787044773323211,l_left,4,outgoing,256,02:00:00:00:00:01,02:00:00:00:00:02,0x88b5,reverse,1,2477
3406,1787044773323461,l_left,4,outgoing,256,02:00:00:00:00:01,02:00:00:00:00:02,0x88b5,reverse,1,2478
3407,1787044773323709,l_left,4,outgoing,256,02:00:00:00:00:01,02:00:00:00:00:02,0x88b5,reverse,1,2479
3408,1787044773324257,l_left,3,otherhost,256,02:00:00:00:00:02,02:00:00:00:00:01,0x88b5,forward,1,928
3409,1787044773324267,l_left,3,otherhost,256,02:00:00:00:00:02,02:00:00:00:00:01,0x88b5,forward,1,929
3410,1787044773330595,l_left,3,otherhost,256,02:00:00:00:00:02,02:00:00:00:00:01,0x88b5,forward,1,930
3411,1787044773330698,l_left,3,otherhost,256,02:00:00:00:00:02,02:00:00:00:00:01,0x88b5,forward,1,931
3412,1787044773330946,l_left,3,otherhost,256,02:00:00:00:00:02,02:00:00:00:00:01,0x88b5,forward,1,932
3413,1787044773331193,l_left,3,otherhost,256,02:00:00:00:00:02,02:00:00:00:00:01,0x88b5,forward,1,933
3414,1787044773331499,l_left,4,outgoing,256,02:00:00:00:00:01,02:00:00:00:00:02,0x88b5,reverse,1,2480
3415,1787044773331713,l_left,4,outgoing,256,02:00:00:00:00:01,02:00:00:00:00:02,0x88b5,reverse,1,2481
3416,1787044773531341,l_left,4,outgoing,256,02:00:00:00:00:01,02:00:00:00:00:02,0x88b5,reverse,1,2482
3417,1787044773531376,l_left,4,outgoing,256,02:00:00:00:00:01,02:00:00:00:00:02,0x88b5,reverse,1,2483
3418,1787044773531388,l_left,4,outgoing,256,02:00:00:00:00:01,02:00:00:00:00:02,0x88b5,reverse,1,2484
3419,1787044773531398,l_left,4,outgoing,256,02:00:00:00:00:01,02:00:00:00:00:02,0x88b5,reverse,1,2485
3420,1787044773531484,l_left,4,outgoing,256,02:00:00:00:00:01,02:00:00:00:00:02,0x88b5,reverse,1,2486
3421,1787044773531778,l_left,4,outgoing,256,02:00:00:00:00:01,02:00:00:00:00:02,0x88b5,reverse,1,2487
3422,1787044773532040,l_left,4,outgoing,256,02:00:00:00:00:01,02:00:00:00:00:02,0x88b5,reverse,1,2488
3423,1787044773532292,l_left,4,outgoing,256,02:00:00:00:00:01,02:00:00:00:00:02,0x88b5,reverse,1,2489
3424,1787044773532525,l_left,4,outgoing,256,02:00:00:00:00:01,02:00:00:00:00:02,0x88b5,reverse,1,2490
3425,1787044773533146,l_left,4,outgoing,256,02:00:00:00:00:01,02:00:00:00:00:02,0x88b5,reverse,1,2491
3426,1787044773533168,l_left,4,outgoing,256,02:00:00:00:00:01,02:00:00:00:00:02,0x88b5,reverse,1,2492
3427,1787044773533192,l_left,4,outgoing,256,02:00:00:00:00:01,02:00:00:00:00:02,0x88b5,reverse,1,2493
3428,1787044773533520,l_left,4,outgoing,256,02:00:00:00:00:01,02:00:00:00:00:02,0x88b5,reverse,1,2494
3429,1787044773533719,l_left,4,outgoing,256,02:00:00:00:00:01,02:00:00:00:00:02,0x88b5,reverse,1,2495
3430,1787044773534266,l_left,3,otherhost,256,02:00:00:00:00:02,02:00:00:00:00:01,0x88b5,forward,1,934
3431,1787044773534277,l_left,3,otherhost,256,02:00:00:00:00:02,02:00:00:00:00:01,0x88b5,forward,1,935
3432,1787044773540624,l_left,3,otherhost,256,02:00:00:00:00:02,02:00:00:00:00:01,0x88b5,forward,1,936
3433,1787044773540715,l_left,3,otherhost,256,02:00:00:00:00:02,02:00:00:00:00:01,0x88b5,forward,1,937
3434,1787044773540964,l_left,3,otherhost,256,02:00:00:00:00:02,02:00:00:00:00:01,0x88b5,forward,1,938
3435,1787044773541178,l_left,3,otherhost,256,02:00:00:00:00:02,02:00:00:00:00:01,0x88b5,forward,1,939
3436,1787044773541542,l_left,4,outgoing,256,02:00:00:00:00:01,02:00:00:00:00:02,0x88b5,reverse,1,2496
3437,1787044773541717,l_left,4,outgoing,256,02:00:00:00:00:01,02:00:00:00:00:02,0x88b5,reverse,1,2497
3438,1787044773740994,l_left,4,outgoing,256,02:00:00:00:00:01,02:00:00:00:00:02,0x88b5,reverse,1,2498
3439,1787044773741029,l_left,4,outgoing,256,02:00:00:00:00:01,02:00:00:00:00:02,0x88b5,reverse,1,2499
3440,1787044773741042,l_left,4,outgoing,256,02:00:00:00:00:01,02:00:00:00:00:02,0x88b5,reverse,1,2500
3441,1787044773741203,l_left,4,outgoing,256,02:00:00:00:00:01,02:00:00:00:00:02,0x88b5,reverse,1,2501
3442,1787044773741530,l_left,4,outgoing,256,02:00:00:00:00:01,02:00:00:00:00:02,0x88b5,reverse,1,2502
3443,1787044773741792,l_left,4,outgoing,256,02:00:00:00:00:01,02:00:00:00:00:02,0x88b5,reverse,1,2503
3444,1787044773742024,l_left,4,outgoing,256,02:00:00:00:00:01,02:00:00:00:00:02,0x88b5,reverse,1,2504
3445,1787044773742269,l_left,4,outgoing,256,02:00:00:00:00:01,02:00:00:00:00:02,0x88b5,reverse,1,2505
3446,1787044773742520,l_left,4,outgoing,256,02:00:00:00:00:01,02:00:00:00:00:02,0x88b5,reverse,1,2506
3447,1787044773742769,l_left,4,outgoing,256,02:00:00:00:00:01,02:00:00:00:00:02,0x88b5,reverse,1,2507
3448,1787044773743000,l_left,4,outgoing,256,02:00:00:00:00:01,02:00:00:00:00:02,0x88b5,reverse,1,2508
3449,1787044773743235,l_left,4,outgoing,256,02:00:00:00:00:01,02:00:00:00:00:02,0x88b5,reverse,1,2509
3450,1787044773743464,l_left,4,outgoing,256,02:00:00:00:00:01,02:00:00:00:00:02,0x88b5,reverse,1,2510
3451,1787044773743714,l_left,4,outgoing,256,02:00:00:00:00:01,02:00:00:00:00:02,0x88b5,reverse,1,2511
3452,1787044773744221,l_left,3,otherhost,256,02:00:00:00:00:02,02:00:00:00:00:01,0x88b5,forward,1,940
3453,1787044773744231,l_left,3,otherhost,256,02:00:00:00:00:02,02:00:00:00:00:01,0x88b5,forward,1,941
3454,1787044773750581,l_left,3,otherhost,256,02:00:00:00:00:02,02:00:00:00:00:01,0x88b5,forward,1,942
3455,1787044773750698,l_left,3,otherhost,256,02:00:00:00:00:02,02:00:00:00:00:01,0x88b5,forward,1,943
3456,1787044773750946,l_left,3,otherhost,256,02:00:00:00:00:02,02:00:00:00:00:01,0x88b5,forward,1,944
3457,1787044773751196,l_left,3,otherhost,256,02:00:00:00:00:02,02:00:00:00:00:01,0x88b5,forward,1,945
3458,1787044773751488,l_left,4,outgoing,256,02:00:00:00:00:01,02:00:00:00:00:02,0x88b5,reverse,1,2512
3459,1787044773751712,l_left,4,outgoing,256,02:00:00:00:00:01,02:00:00:00:00:02,0x88b5,reverse,1,2513
3460,1787044773950905,l_left,4,outgoing,256,02:00:00:00:00:01,02:00:00:00:00:02,0x88b5,reverse,1,2514
3461,1787044773950928,l_left,4,outgoing,256,02:00:00:00:00:01,02:00:00:00:00:02,0x88b5,reverse,1,2515
3462,1787044773950976,l_left,4,outgoing,256,02:00:00:00:00:01,02:00:00:00:00:02,0x88b5,reverse,1,2516
3463,1787044773951288,l_left,4,outgoing,256,02:00:00:00:00:01,02:00:00:00:00:02,0x88b5,reverse,1,2517
3464,1787044773951540,l_left,4,outgoing,256,02:00:00:00:00:01,02:00:00:00:00:02,0x88b5,reverse,1,2518
3465,1787044773951789,l_left,4,outgoing,256,02:00:00:00:00:01,02:00:00:00:00:02,0x88b5,reverse,1,2519
3466,1787044773952031,l_left,4,outgoing,256,02:00:00:00:00:01,02:00:00:00:00:02,0x88b5,reverse,1,2520
3467,1787044773952270,l_left,4,outgoing,256,02:00:00:00:00:01,02:00:00:00:00:02,0x88b5,reverse,1,2521
3468,1787044773952525,l_left,4,outgoing,256,02:00:00:00:00:01,02:00:00:00:00:02,0x88b5,reverse,1,2522
3469,1787044773952771,l_left,4,outgoing,256,02:00:00:00:00:01,02:00:00:00:00:02,0x88b5,reverse,1,2523
3470,1787044773953019,l_left,4,outgoing,256,02:00:00:00:00:01,02:00:00:00:00:02,0x88b5,reverse,1,2524
3471,1787044773953198,l_left,4,outgoing,256,02:00:00:00:00:01,02:00:00:00:00:02,0x88b5,reverse,1,2525
3472,1787044773953467,l_left,4,outgoing,256,02:00:00:00:00:01,02:00:00:00:00:02,0x88b5,reverse,1,2526
3473,1787044773953711,l_left,4,outgoing,256,02:00:00:00:00:01,02:00:00:00:00:02,0x88b5,reverse,1,2527
3474,1787044773954293,l_left,3,otherhost,256,02:00:00:00:00:02,02:00:00:00:00:01,0x88b5,forward,1,946
3475,1787044773954307,l_left,3,otherhost,256,02:00:00:00:00:02,02:00:00:00:00:01,0x88b5,forward,1,947
3476,1787044773960592,l_left,3,otherhost,256,02:00:00:00:00:02,02:00:00:00:00:01,0x88b5,forward,1,948
3477,1787044773960711,l_left,3,otherhost,256,02:00:00:00:00:02,02:00:00:00:00:01,0x88b5,forward,1,949
3478,1787044773960948,l_left,3,otherhost,256,02:00:00:00:00:02,02:00:00:00:00:01,0x88b5,forward,1,950
3479,1787044773961157,l_left,3,otherhost,256,02:00:00:00:00:02,02:00:00:00:00:01,0x88b5,forward,1,951
3480,1787044773961542,l_left,4,outgoing,256,02:00:00:00:00:01,02:00:00:00:00:02,0x88b5,reverse,1,2528
3481,1787044773961713,l_left,4,outgoing,256,02:00:00:00:00:01,02:00:00:00:00:02,0x88b5,reverse,1,2529
3482,1787044774161015,l_left,4,outgoing,256,02:00:00:00:00:01,02:00:00:00:00:02,0x88b5,reverse,1,2530
3483,1787044774161096,l_left,4,outgoing,256,02:00:00:00:00:01,02:00:00:00:00:02,0x88b5,reverse,1,2531
3484,1787044774161115,l_left,4,outgoing,256,02:00:00:00:00:01,02:00:00:00:00:02,0x88b5,reverse,1,2532
3485,1787044774161194,l_left,4,outgoing,256,02:00:00:00:00:01,02:00:00:00:00:02,0x88b5,reverse,1,2533
3486,1787044774161521,l_left,4,outgoing,256,02:00:00:00:00:01,02:00:00:00:00:02,0x88b5,reverse,1,2534
3487,1787044774161765,l_left,4,outgoing,256,02:00:00:00:00:01,02:00:00:00:00:02,0x88b5,reverse,1,2535
3488,1787044774162010,l_left,4,outgoing,256,02:00:00:00:00:01,02:00:00:00:00:02,0x88b5,reverse,1,2536
3489,1787044774162272,l_left,4,outgoing,256,02:00:00:00:00:01,02:00:00:00:00:02,0x88b5,reverse,1,2537
3490,1787044774162511,l_left,4,outgoing,256,02:00:00:00:00:01,02:00:00:00:00:02,0x88b5,reverse,1,2538
3491,1787044774162764,l_left,4,outgoing,256,02:00:00:00:00:01,02:00:00:00:00:02,0x88b5,reverse,1,2539
3492,1787044774163006,l_left,4,outgoing,256,02:00:00:00:00:01,02:00:00:00:00:02,0x88b5,reverse,1,2540
3493,1787044774163260,l_left,4,outgoing,256,02:00:00:00:00:01,02:00:00:00:00:02,0x88b5,reverse,1,2541
3494,1787044774163482,l_left,4,outgoing,256,02:00:00:00:00:01,02:00:00:00:00:02,0x88b5,reverse,1,2542
3495,1787044774163725,l_left,4,outgoing,256,02:00:00:00:00:01,02:00:00:00:00:02,0x88b5,reverse,1,2543
3496,1787044774164456,l_left,3,otherhost,256,02:00:00:00:00:02,02:00:00:00:00:01,0x88b5,forward,1,952
3497,1787044774164468,l_left,3,otherhost,256,02:00:00:00:00:02,02:00:00:00:00:01,0x88b5,forward,1,953
3498,1787044774170628,l_left,3,otherhost,256,02:00:00:00:00:02,02:00:00:00:00:01,0x88b5,forward,1,954
3499,1787044774170703,l_left,3,otherhost,256,02:00:00:00:00:02,02:00:00:00:00:01,0x88b5,forward,1,955
3500,1787044774170950,l_left,3,otherhost,256,02:00:00:00:00:02,02:00:00:00:00:01,0x88b5,forward,1,956
3501,1787044774171204,l_left,3,otherhost,256,02:00:00:00:00:02,02:00:00:00:00:01,0x88b5,forward,1,957
3502,1787044774171606,l_left,4,outgoing,256,02:00:00:00:00:01,02:00:00:00:00:02,0x88b5,reverse,1,2544
3503,1787044774171725,l_left,4,outgoing,256,02:00:00:00:00:01,02:00:00:00:00:02,0x88b5,reverse,1,2545
3504,1787044774371069,l_left,4,outgoing,256,02:00:00:00:00:01,02:00:00:00:00:02,0x88b5,reverse,1,2546
3505,1787044774371097,l_left,4,outgoing,256,02:00:00:00:00:01,02:00:00:00:00:02,0x88b5,reverse,1,2547
3506,1787044774371114,l_left,4,outgoing,256,02:00:00:00:00:01,02:00:00:00:00:02,0x88b5,reverse,1,2548
3507,1787044774371314,l_left,4,outgoing,256,02:00:00:00:00:01,02:00:00:00:00:02,0x88b5,reverse,1,2549
3508,1787044774371550,l_left,4,outgoing,256,02:00:00:00:00:01,02:00:00:00:00:02,0x88b5,reverse,1,2550
3509,1787044774371800,l_left,4,outgoing,256,02:00:00:00:00:01,02:00:00:00:00:02,0x88b5,reverse,1,2551
3510,1787044774372050,l_left,4,outgoing,256,02:00:00:00:00:01,02:00:00:00:00:02,0x88b5,reverse,1,2552
3511,1787044774372299,l_left,4,outgoing,256,02:00:00:00:00:01,02:00:00:00:00:02,0x88b5,reverse,1,2553
3512,1787044774372543,l_left,4,outgoing,256,02:00:00:00:00:01,02:00:00:00:00:02,0x88b5,reverse,1,2554
3513,1787044774372792,l_left,4,outgoing,256,02:00:00:00:00:01,02:00:00:00:00:02,0x88b5,reverse,1,2555
3514,1787044774373025,l_left,4,outgoing,256,02:00:00:00:00:01,02:00:00:00:00:02,0x88b5,reverse,1,2556
3515,1787044774373249,l_left,4,outgoing,256,02:00:00:00:00:01,02:00:00:00:00:02,0x88b5,reverse,1,2557
3516,1787044774373492,l_left,4,outgoing,256,02:00:00:00:00:01,02:00:00:00:00:02,0x88b5,reverse,1,2558
3517,1787044774373732,l_left,4,outgoing,256,02:00:00:00:00:01,02:00:00:00:00:02,0x88b5,reverse,1,2559
3518,1787044774374385,l_left,3,otherhost,256,02:00:00:00:00:02,02:00:00:00:00:01,0x88b5,forward,1,958
3519,1787044774374395,l_left,3,otherhost,256,02:00:00:00:00:02,02:00:00:00:00:01,0x88b5,forward,1,959
3520,1787044774380576,l_left,3,otherhost,256,02:00:00:00:00:02,02:00:00:00:00:01,0x88b5,forward,1,960
3521,1787044774380700,l_left,3,otherhost,256,02:00:00:00:00:02,02:00:00:00:00:01,0x88b5,forward,1,961
3522,1787044774380948,l_left,3,otherhost,256,02:00:00:00:00:02,02:00:00:00:00:01,0x88b5,forward,1,962
3523,1787044774381156,l_left,3,otherhost,256,02:00:00:00:00:02,02:00:00:00:00:01,0x88b5,forward,1,963
3524,1787044774381538,l_left,4,outgoing,256,02:00:00:00:00:01,02:00:00:00:00:02,0x88b5,reverse,1,2560
3525,1787044774381713,l_left,4,outgoing,256,02:00:00:00:00:01,02:00:00:00:00:02,0x88b5,reverse,1,2561
3526,1787044774581018,l_left,4,outgoing,256,02:00:00:00:00:01,02:00:00:00:00:02,0x88b5,reverse,1,2562
3527,1787044774581047,l_left,4,outgoing,256,02:00:00:00:00:01,02:00:00:00:00:02,0x88b5,reverse,1,2563
3528,1787044774581072,l_left,4,outgoing,256,02:00:00:00:00:01,02:00:00:00:00:02,0x88b5,reverse,1,2564
3529,1787044774581224,l_left,4,outgoing,256,02:00:00:00:00:01,02:00:00:00:00:02,0x88b5,reverse,1,2565
3530,1787044774581513,l_left,4,outgoing,256,02:00:00:00:00:01,02:00:00:00:00:02,0x88b5,reverse,1,2566
3531,1787044774581772,l_left,4,outgoing,256,02:00:00:00:00:01,02:00:00:00:00:02,0x88b5,reverse,1,2567
3532,1787044774582017,l_left,4,outgoing,256,02:00:00:00:00:01,02:00:00:00:00:02,0x88b5,reverse,1,2568
3533,1787044774582289,l_left,4,outgoing,256,02:00:00:00:00:01,02:00:00:00:00:02,0x88b5,reverse,1,2569
3534,1787044774582527,l_left,4,outgoing,256,02:00:00:00:00:01,02:00:00:00:00:02,0x88b5,reverse,1,2570
3535,1787044774582779,l_left,4,outgoing,256,02:00:00:00:00:01,02:00:00:00:00:02,0x88b5,reverse,1,2571
3536,1787044774583027,l_left,4,outgoing,256,02:00:00:00:00:01,02:00:00:00:00:02,0x88b5,reverse,1,2572
3537,1787044774583278,l_left,4,outgoing,256,02:00:00:00:00:01,02:00:00:00:00:02,0x88b5,reverse,1,2573
3538,1787044774583499,l_left,4,outgoing,256,02:00:00:00:00:01,02:00:00:00:00:02,0x88b5,reverse,1,2574
3539,1787044774583745,l_left,4,outgoing,256,02:00:00:00:00:01,02:00:00:00:00:02,0x88b5,reverse,1,2575
3540,1787044774584475,l_left,3,otherhost,256,02:00:00:00:00:02,02:00:00:00:00:01,0x88b5,forward,1,964
3541,1787044774584503,l_left,3,otherhost,256,02:00:00:00:00:02,02:00:00:00:00:01,0x88b5,forward,1,965
3542,1787044774590652,l_left,3,otherhost,256,02:00:00:00:00:02,02:00:00:00:00:01,0x88b5,forward,1,966
3543,1787044774590711,l_left,3,otherhost,256,02:00:00:00:00:02,02:00:00:00:00:01,0x88b5,forward,1,967
3544,1787044774590973,l_left,3,otherhost,256,02:00:00:00:00:02,02:00:00:00:00:01,0x88b5,forward,1,968
3545,1787044774591203,l_left,3,otherhost,256,02:00:00:00:00:02,02:00:00:00:00:01,0x88b5,forward,1,969
3546,1787044774591581,l_left,4,outgoing,256,02:00:00:00:00:01,02:00:00:00:00:02,0x88b5,reverse,1,2576
3547,1787044774591723,l_left,4,outgoing,256,02:00:00:00:00:01,02:00:00:00:00:02,0x88b5,reverse,1,2577
3548,1787044774790997,l_left,4,outgoing,256,02:00:00:00:00:01,02:00:00:00:00:02,0x88b5,reverse,1,2578
3549,1787044774791030,l_left,4,outgoing,256,02:00:00:00:00:01,02:00:00:00:00:02,0x88b5,reverse,1,2579
3550,1787044774791046,l_left,4,outgoing,256,02:00:00:00:00:01,02:00:00:00:00:02,0x88b5,reverse,1,2580
3551,1787044774791282,l_left,4,outgoing,256,02:00:00:00:00:01,02:00:00:00:00:02,0x88b5,reverse,1,2581
3552,1787044774791539,l_left,4,outgoing,256,02:00:00:00:00:01,02:00:00:00:00:02,0x88b5,reverse,1,2582
3553,1787044774791790,l_left,4,outgoing,256,02:00:00:00:00:01,02:00:00:00:00:02,0x88b5,reverse,1,2583
3554,1787044774792023,l_left,4,outgoing,256,02:00:00:00:00:01,02:00:00:00:00:02,0x88b5,reverse,1,2584
3555,1787044774792276,l_left,4,outgoing,256,02:00:00:00:00:01,02:00:00:00:00:02,0x88b5,reverse,1,2585
3556,1787044774792531,l_left,4,outgoing,256,02:00:00:00:00:01,02:00:00:00:00:02,0x88b5,reverse,1,2586
3557,1787044774792787,l_left,4,outgoing,256,02:00:00:00:00:01,02:00:00:00:00:02,0x88b5,reverse,1,2587
3558,1787044774793015,l_left,4,outgoing,256,02:00:00:00:00:01,02:00:00:00:00:02,0x88b5,reverse,1,2588
3559,1787044774793207,l_left,4,outgoing,256,02:00:00:00:00:01,02:00:00:00:00:02,0x88b5,reverse,1,2589
3560,1787044774793483,l_left,4,outgoing,256,02:00:00:00:00:01,02:00:00:00:00:02,0x88b5,reverse,1,2590
3561,1787044774793712,l_left,4,outgoing,256,02:00:00:00:00:01,02:00:00:00:00:02,0x88b5,reverse,1,2591
3562,1787044774794274,l_left,3,otherhost,256,02:00:00:00:00:02,02:00:00:00:00:01,0x88b5,forward,1,970
3563,1787044774794288,l_left,3,otherhost,256,02:00:00:00:00:02,02:00:00:00:00:01,0x88b5,forward,1,971
3564,1787044774800607,l_left,3,otherhost,256,02:00:00:00:00:02,02:00:00:00:00:01,0x88b5,forward,1,972
3565,1787044774800716,l_left,3,otherhost,256,02:00:00:00:00:02,02:00:00:00:00:01,0x88b5,forward,1,973
3566,1787044774800950,l_left,3,otherhost,256,02:00:00:00:00:02,02:00:00:00:00:01,0x88b5,forward,1,974
3567,1787044774801159,l_left,3,otherhost,256,02:00:00:00:00:02,02:00:00:00:00:01,0x88b5,forward,1,975
3568,1787044774801538,l_left,4,outgoing,256,02:00:00:00:00:01,02:00:00:00:00:02,0x88b5,reverse,1,2592
3569,1787044774801725,l_left,4,outgoing,256,02:00:00:00:00:01,02:00:00:00:00:02,0x88b5,reverse,1,2593
3570,1787044775001243,l_left,4,outgoing,256,02:00:00:00:00:01,02:00:00:00:00:02,0x88b5,reverse,1,2594
3571,1787044775001297,l_left,4,outgoing,256,02:00:00:00:00:01,02:00:00:00:00:02,0x88b5,reverse,1,2595
3572,1787044775001319,l_left,4,outgoing,256,02:00:00:00:00:01,02:00:00:00:00:02,0x88b5,reverse,1,2596
3573,1787044775001337,l_left,4,outgoing,256,02:00:00:00:00:01,02:00:00:00:00:02,0x88b5,reverse,1,2597
3574,1787044775001604,l_left,4,outgoing,256,02:00:00:00:00:01,02:00:00:00:00:02,0x88b5,reverse,1,2598
3575,1787044775001866,l_left,4,outgoing,256,02:00:00:00:00:01,02:00:00:00:00:02,0x88b5,reverse,1,2599
3576,1787044775002120,l_left,4,outgoing,256,02:00:00:00:00:01,02:00:00:00:00:02,0x88b5,reverse,1,2600
3577,1787044775002370,l_left,4,outgoing,256,02:00:00:00:00:01,02:00:00:00:00:02,0x88b5,reverse,1,2601
3578,1787044775002613,l_left,4,outgoing,256,02:00:00:00:00:01,02:00:00:00:00:02,0x88b5,reverse,1,2602
3579,1787044775002867,l_left,4,outgoing,256,02:00:00:00:00:01,02:00:00:00:00:02,0x88b5,reverse,1,2603
3580,1787044775003115,l_left,4,outgoing,256,02:00:00:00:00:01,02:00:00:00:00:02,0x88b5,reverse,1,2604
3581,1787044775003307,l_left,4,outgoing,256,02:00:00:00:00:01,02:00:00:00:00:02,0x88b5,reverse,1,2605
3582,1787044775003548,l_left,4,outgoing,256,02:00:00:00:00:01,02:00:00:00:00:02,0x88b5,reverse,1,2606
3583,1787044775003767,l_left,4,outgoing,256,02:00:00:00:00:01,02:00:00:00:00:02,0x88b5,reverse,1,2607
3584,1787044775004824,l_left,3,otherhost,256,02:00:00:00:00:02,02:00:00:00:00:01,0x88b5,forward,1,976
3585,1787044775004849,l_left,3,otherhost,256,02:00:00:00:00:02,02:00:00:00:00:01,0x88b5,forward,1,977
3586,1787044775010685,l_left,3,otherhost,256,02:00:00:00:00:02,02:00:00:00:00:01,0x88b5,forward,1,978
3587,1787044775010705,l_left,3,otherhost,256,02:00:00:00:00:02,02:00:00:00:00:01,0x88b5,forward,1,979
3588,1787044775010979,l_left,3,otherhost,256,02:00:00:00:00:02,02:00:00:00:00:01,0x88b5,forward,1,980
3589,1787044775011206,l_left,3,otherhost,256,02:00:00:00:00:02,02:00:00:00:00:01,0x88b5,forward,1,981
3590,1787044775011688,l_left,4,outgoing,256,02:00:00:00:00:01,02:00:00:00:00:02,0x88b5,reverse,1,2608
3591,1787044775011716,l_left,4,outgoing,256,02:00:00:00:00:01,02:00:00:00:00:02,0x88b5,reverse,1,2609
3592,1787044775211217,l_left,4,outgoing,256,02:00:00:00:00:01,02:00:00:00:00:02,0x88b5,reverse,1,2610
3593,1787044775211255,l_left,4,outgoing,256,02:00:00:00:00:01,02:00:00:00:00:02,0x88b5,reverse,1,2611
3594,1787044775211277,l_left,4,outgoing,256,02:00:00:00:00:01,02:00:00:00:00:02,0x88b5,reverse,1,2612
3595,1787044775211294,l_left,4,outgoing,256,02:00:00:00:00:01,02:00:00:00:00:02,0x88b5,reverse,1,2613
3596,1787044775211600,l_left,4,outgoing,256,02:00:00:00:00:01,02:00:00:00:00:02,0x88b5,reverse,1,2614
3597,1787044775211863,l_left,4,outgoing,256,02:00:00:00:00:01,02:00:00:00:00:02,0x88b5,reverse,1,2615
3598,1787044775212113,l_left,4,outgoing,256,02:00:00:00:00:01,02:00:00:00:00:02,0x88b5,reverse,1,2616
3599,1787044775212399,l_left,4,outgoing,256,02:00:00:00:00:01,02:00:00:00:00:02,0x88b5,reverse,1,2617
3600,1787044775212604,l_left,4,outgoing,256,02:00:00:00:00:01,02:00:00:00:00:02,0x88b5,reverse,1,2618
3601,1787044775212852,l_left,4,outgoing,256,02:00:00:00:00:01,02:00:00:00:00:02,0x88b5,reverse,1,2619
3602,1787044775213094,l_left,4,outgoing,256,02:00:00:00:00:01,02:00:00:00:00:02,0x88b5,reverse,1,2620
3603,1787044775213274,l_left,4,outgoing,256,02:00:00:00:00:01,02:00:00:00:00:02,0x88b5,reverse,1,2621
3604,1787044775213534,l_left,4,outgoing,256,02:00:00:00:00:01,02:00:00:00:00:02,0x88b5,reverse,1,2622
3605,1787044775213763,l_left,4,outgoing,256,02:00:00:00:00:01,02:00:00:00:00:02,0x88b5,reverse,1,2623
3606,1787044775214825,l_left,3,otherhost,256,02:00:00:00:00:02,02:00:00:00:00:01,0x88b5,forward,1,982
3607,1787044775214843,l_left,3,otherhost,256,02:00:00:00:00:02,02:00:00:00:00:01,0x88b5,forward,1,983
3608,1787044775220685,l_left,3,otherhost,256,02:00:00:00:00:02,02:00:00:00:00:01,0x88b5,forward,1,984
3609,1787044775220711,l_left,3,otherhost,256,02:00:00:00:00:02,02:00:00:00:00:01,0x88b5,forward,1,985
3610,1787044775220960,l_left,3,otherhost,256,02:00:00:00:00:02,02:00:00:00:00:01,0x88b5,forward,1,986
3611,1787044775221171,l_left,3,otherhost,256,02:00:00:00:00:02,02:00:00:00:00:01,0x88b5,forward,1,987
3612,1787044775221681,l_left,4,outgoing,256,02:00:00:00:00:01,02:00:00:00:00:02,0x88b5,reverse,1,2624
3613,1787044775221707,l_left,4,outgoing,256,02:00:00:00:00:01,02:00:00:00:00:02,0x88b5,reverse,1,2625
3614,1787044775421220,l_left,4,outgoing,256,02:00:00:00:00:01,02:00:00:00:00:02,0x88b5,reverse,1,2626
3615,1787044775421257,l_left,4,outgoing,256,02:00:00:00:00:01,02:00:00:00:00:02,0x88b5,reverse,1,2627
3616,1787044775421279,l_left,4,outgoing,256,02:00:00:00:00:01,02:00:00:00:00:02,0x88b5,reverse,1,2628
3617,1787044775421295,l_left,4,outgoing,256,02:00:00:00:00:01,02:00:00:00:00:02,0x88b5,reverse,1,2629
3618,1787044775421566,l_left,4,outgoing,256,02:00:00:00:00:01,02:00:00:00:00:02,0x88b5,reverse,1,2630
3619,1787044775421812,l_left,4,outgoing,256,02:00:00:00:00:01,02:00:00:00:00:02,0x88b5,reverse,1,2631
3620,1787044775422062,l_left,4,outgoing,256,02:00:00:00:00:01,02:00:00:00:00:02,0x88b5,reverse,1,2632
3621,1787044775422312,l_left,4,outgoing,256,02:00:00:00:00:01,02:00:00:00:00:02,0x88b5,reverse,1,2633
3622,1787044775422563,l_left,4,outgoing,256,02:00:00:00:00:01,02:00:00:00:00:02,0x88b5,reverse,1,2634
3623,1787044775422813,l_left,4,outgoing,256,02:00:00:00:00:01,02:00:00:00:00:02,0x88b5,reverse,1,2635
3624,1787044775423067,l_left,4,outgoing,256,02:00:00:00:00:01,02:00:00:00:00:02,0x88b5,reverse,1,2636
3625,1787044775423271,l_left,4,outgoing,256,02:00:00:00:00:01,02:00:00:00:00:02,0x88b5,reverse,1,2637
3626,1787044775423521,l_left,4,outgoing,256,02:00:00:00:00:01,02:00:00:00:00:02,0x88b5,reverse,1,2638
3627,1787044775423738,l_left,4,outgoing,256,02:00:00:00:00:01,02:00:00:00:00:02,0x88b5,reverse,1,2639
3628,1787044775425721,l_left,3,otherhost,256,02:00:00:00:00:02,02:00:00:00:00:01,0x88b5,forward,1,988
3629,1787044775425741,l_left,3,otherhost,256,02:00:00:00:00:02,02:00:00:00:00:01,0x88b5,forward,1,989
3630,1787044775430800,l_left,3,otherhost,256,02:00:00:00:00:02,02:00:00:00:00:01,0x88b5,forward,1,990
3631,1787044775430819,l_left,3,otherhost,256,02:00:00:00:00:02,02:00:00:00:00:01,0x88b5,forward,1,991
3632,1787044775430956,l_left,3,otherhost,256,02:00:00:00:00:02,02:00:00:00:00:01,0x88b5,forward,1,992
3633,1787044775431203,l_left,3,otherhost,256,02:00:00:00:00:02,02:00:00:00:00:01,0x88b5,forward,1,993
3634,1787044775431718,l_left,4,outgoing,256,02:00:00:00:00:01,02:00:00:00:00:02,0x88b5,reverse,1,2640
3635,1787044775431743,l_left,4,outgoing,256,02:00:00:00:00:01,02:00:00:00:00:02,0x88b5,reverse,1,2641
3636,1787044775630949,l_left,4,outgoing,256,02:00:00:00:00:01,02:00:00:00:00:02,0x88b5,reverse,1,2642
3637,1787044775630971,l_left,4,outgoing,256,02:00:00:00:00:01,02:00:00:00:00:02,0x88b5,reverse,1,2643
3638,1787044775630988,l_left,4,outgoing,256,02:00:00:00:00:01,02:00:00:00:00:02,0x88b5,reverse,1,2644
3639,1787044775631271,l_left,4,outgoing,256,02:00:00:00:00:01,02:00:00:00:00:02,0x88b5,reverse,1,2645
3640,1787044775631512,l_left,4,outgoing,256,02:00:00:00:00:01,02:00:00:00:00:02,0x88b5,reverse,1,2646
3641,1787044775631761,l_left,4,outgoing,256,02:00:00:00:00:01,02:00:00:00:00:02,0x88b5,reverse,1,2647
3642,1787044775632015,l_left,4,outgoing,256,02:00:00:00:00:01,02:00:00:00:00:02,0x88b5,reverse,1,2648
3643,1787044775632262,l_left,4,outgoing,256,02:00:00:00:00:01,02:00:00:00:00:02,0x88b5,reverse,1,2649
3644,1787044775632512,l_left,4,outgoing,256,02:00:00:00:00:01,02:00:00:00:00:02,0x88b5,reverse,1,2650
3645,1787044775632761,l_left,4,outgoing,256,02:00:00:00:00:01,02:00:00:00:00:02,0x88b5,reverse,1,2651
3646,1787044775633011,l_left,4,outgoing,256,02:00:00:00:00:01,02:00:00:00:00:02,0x88b5,reverse,1,2652
3647,1787044775633196,l_left,4,outgoing,256,02:00:00:00:00:01,02:00:00:00:00:02,0x88b5,reverse,1,2653
3648,1787044775633473,l_left,4,outgoing,256,02:00:00:00:00:01,02:00:00:00:00:02,0x88b5,reverse,1,2654
3649,1787044775633717,l_left,4,outgoing,256,02:00:00:00:00:01,02:00:00:00:00:02,0x88b5,reverse,1,2655
3650,1787044775634298,l_left,3,otherhost,256,02:00:00:00:00:02,02:00:00:00:00:01,0x88b5,forward,1,994
3651,1787044775634316,l_left,3,otherhost,256,02:00:00:00:00:02,02:00:00:00:00:01,0x88b5,forward,1,995
3652,1787044775640583,l_left,3,otherhost,256,02:00:00:00:00:02,02:00:00:00:00:01,0x88b5,forward,1,996
3653,1787044775640728,l_left,3,otherhost,256,02:00:00:00:00:02,02:00:00:00:00:01,0x88b5,forward,1,997
3654,1787044775640966,l_left,3,otherhost,256,02:00:00:00:00:02,02:00:00:00:00:01,0x88b5,forward,1,998
3655,1787044775641168,l_left,3,otherhost,256,02:00:00:00:00:02,02:00:00:00:00:01,0x88b5,forward,1,999
3656,1787044775641535,l_left,4,outgoing,256,02:00:00:00:00:01,02:00:00:00:00:02,0x88b5,reverse,1,2656
3657,1787044775641736,l_left,4,outgoing,256,02:00:00:00:00:01,02:00:00:00:00:02,0x88b5,reverse,1,2657
3658,1787044775840947,l_left,4,outgoing,256,02:00:00:00:00:01,02:00:00:00:00:02,0x88b5,reverse,1,2658
3659,1787044775840969,l_left,4,outgoing,256,02:00:00:00:00:01,02:00:00:00:00:02,0x88b5,reverse,1,2659
3660,1787044775840982,l_left,4,outgoing,256,02:00:00:00:00:01,02:00:00:00:00:02,0x88b5,reverse,1,2660
3661,1787044775841224,l_left,4,outgoing,256,02:00:00:00:00:01,02:00:00:00:00:02,0x88b5,reverse,1,2661
3662,1787044775841513,l_left,4,outgoing,256,02:00:00:00:00:01,02:00:00:00:00:02,0x88b5,reverse,1,2662
3663,1787044775841763,l_left,4,outgoing,256,02:00:00:00:00:01,02:00:00:00:00:02,0x88b5,reverse,1,2663
3664,1787044775842018,l_left,4,outgoing,256,02:00:00:00:00:01,02:00:00:00:00:02,0x88b5,reverse,1,2664
3665,1787044775842270,l_left,4,outgoing,256,02:00:00:00:00:01,02:00:00:00:00:02,0x88b5,reverse,1,2665
3666,1787044775842522,l_left,4,outgoing,256,02:00:00:00:00:01,02:00:00:00:00:02,0x88b5,reverse,1,2666
3667,1787044775842766,l_left,4,outgoing,256,02:00:00:00:00:01,02:00:00:00:00:02,0x88b5,reverse,1,2667
3668,1787044775843017,l_left,4,outgoing,256,02:00:00:00:00:01,02:00:00:00:00:02,0x88b5,reverse,1,2668
3669,1787044775843261,l_left,4,outgoing,256,02:00:00:00:00:01,02:00:00:00:00:02,0x88b5,reverse,1,2669
3670,1787044775843473,l_left,4,outgoing,256,02:00:00:00:00:01,02:00:00:00:00:02,0x88b5,reverse,1,2670
3671,1787044775843717,l_left,4,outgoing,256,02:00:00:00:00:01,02:00:00:00:00:02,0x88b5,reverse,1,2671
3672,1787044775844303,l_left,3,otherhost,256,02:00:00:00:00:02,02:00:00:00:00:01,0x88b5,forward,1,1000
3673,1787044775844313,l_left,3,otherhost,256,02:00:00:00:00:02,02:00:00:00:00:01,0x88b5,forward,1,1001
3674,1787044775850584,l_left,3,otherhost,256,02:00:00:00:00:02,02:00:00:00:00:01,0x88b5,forward,1,1002
3675,1787044775850699,l_left,3,otherhost,256,02:00:00:00:00:02,02:00:00:00:00:01,0x88b5,forward,1,1003
3676,1787044775850948,l_left,3,otherhost,256,02:00:00:00:00:02,02:00:00:00:00:01,0x88b5,forward,1,1004
3677,1787044775851196,l_left,3,otherhost,256,02:00:00:00:00:02,02:00:00:00:00:01,0x88b5,forward,1,1005
3678,1787044775851546,l_left,4,outgoing,256,02:00:00:00:00:01,02:00:00:00:00:02,0x88b5,reverse,1,2672
3679,1787044775851717,l_left,4,outgoing,256,02:00:00:00:00:01,02:00:00:00:00:02,0x88b5,reverse,1,2673
3680,1787044776050963,l_left,4,outgoing,256,02:00:00:00:00:01,02:00:00:00:00:02,0x88b5,reverse,1,2674
3681,1787044776050986,l_left,4,outgoing,256,02:00:00:00:00:01,02:00:00:00:00:02,0x88b5,reverse,1,2675
3682,1787044776050999,l_left,4,outgoing,256,02:00:00:00:00:01,02:00:00:00:00:02,0x88b5,reverse,1,2676
3683,1787044776051263,l_left,4,outgoing,256,02:00:00:00:00:01,02:00:00:00:00:02,0x88b5,reverse,1,2677
3684,1787044776051512,l_left,4,outgoing,256,02:00:00:00:00:01,02:00:00:00:00:02,0x88b5,reverse,1,2678
3685,1787044776051763,l_left,4,outgoing,256,02:00:00:00:00:01,02:00:00:00:00:02,0x88b5,reverse,1,2679
3686,1787044776052011,l_left,4,outgoing,256,02:00:00:00:00:01,02:00:00:00:00:02,0x88b5,reverse,1,2680
3687,1787044776052264,l_left,4,outgoing,256,02:00:00:00:00:01,02:00:00:00:00:02,0x88b5,reverse,1,2681
3688,1787044776052517,l_left,4,outgoing,256,02:00:00:00:00:01,02:00:00:00:00:02,0x88b5,reverse,1,2682
3689,1787044776052768,l_left,4,outgoing,256,02:00:00:00:00:01,02:00:00:00:00:02,0x88b5,reverse,1,2683
3690,1787044776053017,l_left,4,outgoing,256,02:00:00:00:00:01,02:00:00:00:00:02,0x88b5,reverse,1,2684
3691,1787044776053208,l_left,4,outgoing,256,02:00:00:00:00:01,02:00:00:00:00:02,0x88b5,reverse,1,2685
3692,1787044776053475,l_left,4,outgoing,256,02:00:00:00:00:01,02:00:00:00:00:02,0x88b5,reverse,1,2686
3693,1787044776053722,l_left,4,outgoing,256,02:00:00:00:00:01,02:00:00:00:00:02,0x88b5,reverse,1,2687
3694,1787044776054308,l_left,3,otherhost,256,02:00:00:00:00:02,02:00:00:00:00:01,0x88b5,forward,1,1006
3695,1787044776054319,l_left,3,otherhost,256,02:00:00:00:00:02,02:00:00:00:00:01,0x88b5,forward,1,1007
3696,1787044776060629,l_left,3,otherhost,256,02:00:00:00:00:02,02:00:00:00:00:01,0x88b5,forward,1,1008
3697,1787044776060700,l_left,3,otherhost,256,02:00:00:00:00:02,02:00:00:00:00:01,0x88b5,forward,1,1009
3698,1787044776060946,l_left,3,otherhost,256,02:00:00:00:00:02,02:00:00:00:00:01,0x88b5,forward,1,1010
3699,1787044776061157,l_left,3,otherhost,256,02:00:00:00:00:02,02:00:00:00:00:01,0x88b5,forward,1,1011
3700,1787044776061503,l_left,4,outgoing,256,02:00:00:00:00:01,02:00:00:00:00:02,0x88b5,reverse,1,2688
3701,1787044776061716,l_left,4,outgoing,256,02:00:00:00:00:01,02:00:00:00:00:02,0x88b5,reverse,1,2689
3702,1787044776260942,l_left,4,outgoing,256,02:00:00:00:00:01,02:00:00:00:00:02,0x88b5,reverse,1,2690
3703,1787044776260964,l_left,4,outgoing,256,02:00:00:00:00:01,02:00:00:00:00:02,0x88b5,reverse,1,2691
3704,1787044776260977,l_left,4,outgoing,256,02:00:00:00:00:01,02:00:00:00:00:02,0x88b5,reverse,1,2692
3705,1787044776261241,l_left,4,outgoing,256,02:00:00:00:00:01,02:00:00:00:00:02,0x88b5,reverse,1,2693
3706,1787044776261513,l_left,4,outgoing,256,02:00:00:00:00:01,02:00:00:00:00:02,0x88b5,reverse,1,2694
3707,1787044776261765,l_left,4,outgoing,256,02:00:00:00:00:01,02:00:00:00:00:02,0x88b5,reverse,1,2695
3708,1787044776262012,l_left,4,outgoing,256,02:00:00:00:00:01,02:00:00:00:00:02,0x88b5,reverse,1,2696
3709,1787044776262265,l_left,4,outgoing,256,02:00:00:00:00:01,02:00:00:00:00:02,0x88b5,reverse,1,2697
3710,1787044776262518,l_left,4,outgoing,256,02:00:00:00:00:01,02:00:00:00:00:02,0x88b5,reverse,1,2698
3711,1787044776262761,l_left,4,outgoing,256,02:00:00:00:00:01,02:00:00:00:00:02,0x88b5,reverse,1,2699
3712,1787044776263010,l_left,4,outgoing,256,02:00:00:00:00:01,02:00:00:00:00:02,0x88b5,reverse,1,2700
3713,1787044776263240,l_left,4,outgoing,256,02:00:00:00:00:01,02:00:00:00:00:02,0x88b5,reverse,1,2701
3714,1787044776263484,l_left,4,outgoing,256,02:00:00:00:00:01,02:00:00:00:00:02,0x88b5,reverse,1,2702
3715,1787044776263717,l_left,4,outgoing,256,02:00:00:00:00:01,02:00:00:00:00:02,0x88b5,reverse,1,2703
3716,1787044776264292,l_left,3,otherhost,256,02:00:00:00:00:02,02:00:00:00:00:01,0x88b5,forward,1,1012
3717,1787044776264304,l_left,3,otherhost,256,02:00:00:00:00:02,02:00:00:00:00:01,0x88b5,forward,1,1013
3718,1787044776270593,l_left,3,otherhost,256,02:00:00:00:00:02,02:00:00:00:00:01,0x88b5,forward,1,1014
3719,1787044776270698,l_left,3,otherhost,256,02:00:00:00:00:02,02:00:00:00:00:01,0x88b5,forward,1,1015
3720,1787044776270946,l_left,3,otherhost,256,02:00:00:00:00:02,02:00:00:00:00:01,0x88b5,forward,1,1016
3721,1787044776271196,l_left,3,otherhost,256,02:00:00:00:00:02,02:00:00:00:00:01,0x88b5,forward,1,1017
3722,1787044776271548,l_left,4,outgoing,256,02:00:00:00:00:01,02:00:00:00:00:02,0x88b5,reverse,1,2704
3723,1787044776271716,l_left,4,outgoing,256,02:00:00:00:00:01,02:00:00:00:00:02,0x88b5,reverse,1,2705
3724,1787044776470950,l_left,4,outgoing,256,02:00:00:00:00:01,02:00:00:00:00:02,0x88b5,reverse,1,2706
3725,1787044776470972,l_left,4,outgoing,256,02:00:00:00:00:01,02:00:00:00:00:02,0x88b5,reverse,1,2707
3726,1787044776470985,l_left,4,outgoing,256,02:00:00:00:00:01,02:00:00:00:00:02,0x88b5,reverse,1,2708
3727,1787044776471265,l_left,4,outgoing,256,02:00:00:00:00:01,02:00:00:00:00:02,0x88b5,reverse,1,2709
3728,1787044776471513,l_left,4,outgoing,256,02:00:00:00:00:01,02:00:00:00:00:02,0x88b5,reverse,1,2710
3729,1787044776471763,l_left,4,outgoing,256,02:00:00:00:00:01,02:00:00:00:00:02,0x88b5,reverse,1,2711
3730,1787044776472013,l_left,4,outgoing,256,02:00:00:00:00:01,02:00:00:00:00:02,0x88b5,reverse,1,2712
3731,1787044776472270,l_left,4,outgoing,256,02:00:00:00:00:01,02:00:00:00:00:02,0x88b5,reverse,1,2713
3732,1787044776472522,l_left,4,outgoing,256,02:00:00:00:00:01,02:00:00:00:00:02,0x88b5,reverse,1,2714
3733,1787044776472770,l_left,4,outgoing,256,02:00:00:00:00:01,02:00:00:00:00:02,0x88b5,reverse,1,2715
3734,1787044776473011,l_left,4,outgoing,256,02:00:00:00:00:01,02:00:00:00:00:02,0x88b5,reverse,1,2716
3735,1787044776473206,l_left,4,outgoing,256,02:00:00:00:00:01,02:00:00:00:00:02,0x88b5,reverse,1,2717
3736,1787044776473496,l_left,4,outgoing,256,02:00:00:00:00:01,02:00:00:00:00:02,0x88b5,reverse,1,2718
3737,1787044776473726,l_left,4,outgoing,256,02:00:00:00:00:01,02:00:00:00:00:02,0x88b5,reverse,1,2719
3738,1787044776474312,l_left,3,otherhost,256,02:00:00:00:00:02,02:00:00:00:00:01,0x88b5,forward,1,1018
3739,1787044776474322,l_left,3,otherhost,256,02:00:00:00:00:02,02:00:00:00:00:01,0x88b5,forward,1,1019
3740,1787044776480591,l_left,3,otherhost,256,02:00:00:00:00:02,02:00:00:00:00:01,0x88b5,forward,1,1020
3741,1787044776480699,l_left,3,otherhost,256,02:00:00:00:00:02,02:00:00:00:00:01,0x88b5,forward,1,1021
3742,1787044776480946,l_left,3,otherhost,256,02:00:00:00:00:02,02:00:00:00:00:01,0x88b5,forward,1,1022
3743,1787044776481159,l_left,3,otherhost,256,02:00:00:00:00:02,02:00:00:00:00:01,0x88b5,forward,1,1023
3744,1787044776481524,l_left,4,outgoing,256,02:00:00:00:00:01,02:00:00:00:00:02,0x88b5,reverse,1,2720
3745,1787044776481720,l_left,4,outgoing,256,02:00:00:00:00:01,02:00:00:00:00:02,0x88b5,reverse,1,2721
3746,1787044776680953,l_left,4,outgoing,256,02:00:00:00:00:01,02:00:00:00:00:02,0x88b5,reverse,1,2722
3747,1787044776680975,l_left,4,outgoing,256,02:00:00:00:00:01,02:00:00:00:00:02,0x88b5,reverse,1,2723
3748,1787044776680988,l_left,4,outgoing,256,02:00:00:00:00:01,02:00:00:00:00:02,0x88b5,reverse,1,2724
3749,1787044776681224,l_left,4,outgoing,256,02:00:00:00:00:01,02:00:00:00:00:02,0x88b5,reverse,1,2725
3750,1787044776681513,l_left,4,outgoing,256,02:00:00:00:00:01,02:00:00:00:00:02,0x88b5,reverse,1,2726
3751,1787044776681762,l_left,4,outgoing,256,02:00:00:00:00:01,02:00:00:00:00:02,0x88b5,reverse,1,2727
3752,1787044776682014,l_left,4,outgoing,256,02:00:00:00:00:01,02:00:00:00:00:02,0x88b5,reverse,1,2728
3753,1787044776682263,l_left,4,outgoing,256,02:00:00:00:00:01,02:00:00:00:00:02,0x88b5,reverse,1,2729
3754,1787044776682512,l_left,4,outgoing,256,02:00:00:00:00:01,02:00:00:00:00:02,0x88b5,reverse,1,2730
3755,1787044776682762,l_left,4,outgoing,256,02:00:00:00:00:01,02:00:00:00:00:02,0x88b5,reverse,1,2731
3756,1787044776683012,l_left,4,outgoing,256,02:00:00:00:00:01,02:00:00:00:00:02,0x88b5,reverse,1,2732
3757,1787044776683263,l_left,4,outgoing,256,02:00:00:00:00:01,02:00:00:00:00:02,0x88b5,reverse,1,2733
3758,1787044776683490,l_left,4,outgoing,256,02:00:00:00:00:01,02:00:00:00:00:02,0x88b5,reverse,1,2734
3759,1787044776683721,l_left,4,outgoing,256,02:00:00:00:00:01,02:00:00:00:00:02,0x88b5,reverse,1,2735
3760,1787044776684291,l_left,3,otherhost,256,02:00:00:00:00:02,02:00:00:00:00:01,0x88b5,forward,1,1024
3761,1787044776684302,l_left,3,otherhost,256,02:00:00:00:00:02,02:00:00:00:00:01,0x88b5,forward,1,1025
3762,1787044776690579,l_left,3,otherhost,256,02:00:00:00:00:02,02:00:00:00:00:01,0x88b5,forward,1,1026
3763,1787044776690698,l_left,3,otherhost,256,02:00:00:00:00:02,02:00:00:00:00:01,0x88b5,forward,1,1027
3764,1787044776690946,l_left,3,otherhost,256,02:00:00:00:00:02,02:00:00:00:00:01,0x88b5,forward,1,1028
3765,1787044776691195,l_left,3,otherhost,256,02:00:00:00:00:02,02:00:00:00:00:01,0x88b5,forward,1,1029
3766,1787044776691532,l_left,4,outgoing,256,02:00:00:00:00:01,02:00:00:00:00:02,0x88b5,reverse,1,2736
3767,1787044776691715,l_left,4,outgoing,256,02:00:00:00:00:01,02:00:00:00:00:02,0x88b5,reverse,1,2737
3768,1787044776890969,l_left,4,outgoing,256,02:00:00:00:00:01,02:00:00:00:00:02,0x88b5,reverse,1,2738
3769,1787044776890997,l_left,4,outgoing,256,02:00:00:00:00:01,02:00:00:00:00:02,0x88b5,reverse,1,2739
3770,1787044776891010,l_left,4,outgoing,256,02:00:00:00:00:01,02:00:00:00:00:02,0x88b5,reverse,1,2740
3771,1787044776891264,l_left,4,outgoing,256,02:00:00:00:00:01,02:00:00:00:00:02,0x88b5,reverse,1,2741
3772,1787044776891512,l_left,4,outgoing,256,02:00:00:00:00:01,02:00:00:00:00:02,0x88b5,reverse,1,2742
3773,1787044776891789,l_left,4,outgoing,256,02:00:00:00:00:01,02:00:00:00:00:02,0x88b5,reverse,1,2743
3774,1787044776892013,l_left,4,outgoing,256,02:00:00:00:00:01,02:00:00:00:00:02,0x88b5,reverse,1,2744
3775,1787044776892261,l_left,4,outgoing,256,02:00:00:00:00:01,02:00:00:00:00:02,0x88b5,reverse,1,2745
3776,1787044776892511,l_left,4,outgoing,256,02:00:00:00:00:01,02:00:00:00:00:02,0x88b5,reverse,1,2746
3777,1787044776892762,l_left,4,outgoing,256,02:00:00:00:00:01,02:00:00:00:00:02,0x88b5,reverse,1,2747
3778,1787044776893010,l_left,4,outgoing,256,02:00:00:00:00:01,02:00:00:00:00:02,0x88b5,reverse,1,2748
3779,1787044776893210,l_left,4,outgoing,256,02:00:00:00:00:01,02:00:00:00:00:02,0x88b5,reverse,1,2749
3780,1787044776893476,l_left,4,outgoing,256,02:00:00:00:00:01,02:00:00:00:00:02,0x88b5,reverse,1,2750
3781,1787044776893719,l_left,4,outgoing,256,02:00:00:00:00:01,02:00:00:00:00:02,0x88b5,reverse,1,2751
3782,1787044776894307,l_left,3,otherhost,256,02:00:00:00:00:02,02:00:00:00:00:01,0x88b5,forward,1,1030
3783,1787044776894317,l_left,3,otherhost,256,02:00:00:00:00:02,02:00:00:00:00:01,0x88b5,forward,1,1031
3784,1787044776900582,l_left,3,otherhost,256,02:00:00:00:00:02,02:00:00:00:00:01,0x88b5,forward,1,1032
3785,1787044776900698,l_left,3,otherhost,256,02:00:00:00:00:02,02:00:00:00:00:01,0x88b5,forward,1,1033
3786,1787044776900946,l_left,3,otherhost,256,02:00:00:00:00:02,02:00:00:00:00:01,0x88b5,forward,1,1034
3787,1787044776901157,l_left,3,otherhost,256,02:00:00:00:00:02,02:00:00:00:00:01,0x88b5,forward,1,1035
3788,1787044776901507,l_left,4,outgoing,256,02:00:00:00:00:01,02:00:00:00:00:02,0x88b5,reverse,1,2752
3789,1787044776901715,l_left,4,outgoing,256,02:00:00:00:00:01,02:00:00:00:00:02,0x88b5,reverse,1,2753
3790,1787044777100957,l_left,4,outgoing,256,02:00:00:00:00:01,02:00:00:00:00:02,0x88b5,reverse,1,2754
3791,1787044777100980,l_left,4,outgoing,256,02:00:00:00:00:01,02:00:00:00:00:02,0x88b5,reverse,1,2755
3792,1787044777100993,l_left,4,outgoing,256,02:00:00:00:00:01,02:00:00:00:00:02,0x88b5,reverse,1,2756
3793,1787044777101229,l_left,4,outgoing,256,02:00:00:00:00:01,02:00:00:00:00:02,0x88b5,reverse,1,2757
3794,1787044777101515,l_left,4,outgoing,256,02:00:00:00:00:01,02:00:00:00:00:02,0x88b5,reverse,1,2758
3795,1787044777101763,l_left,4,outgoing,256,02:00:00:00:00:01,02:00:00:00:00:02,0x88b5,reverse,1,2759
3796,1787044777102015,l_left,4,outgoing,256,02:00:00:00:00:01,02:00:00:00:00:02,0x88b5,reverse,1,2760
3797,1787044777102265,l_left,4,outgoing,256,02:00:00:00:00:01,02:00:00:00:00:02,0x88b5,reverse,1,2761
3798,1787044777102513,l_left,4,outgoing,256,02:00:00:00:00:01,02:00:00:00:00:02,0x88b5,reverse,1,2762
3799,1787044777102761,l_left,4,outgoing,256,02:00:00:00:00:01,02:00:00:00:00:02,0x88b5,reverse,1,2763
3800,1787044777103017,l_left,4,outgoing,256,02:00:00:00:00:01,02:00:00:00:00:02,0x88b5,reverse,1,2764
3801,1787044777103243,l_left,4,outgoing,256,02:00:00:00:00:01,02:00:00:00:00:02,0x88b5,reverse,1,2765
3802,1787044777103471,l_left,4,outgoing,256,02:00:00:00:00:01,02:00:00:00:00:02,0x88b5,reverse,1,2766
3803,1787044777103716,l_left,4,outgoing,256,02:00:00:00:00:01,02:00:00:00:00:02,0x88b5,reverse,1,2767
3804,1787044777104296,l_left,3,otherhost,256,02:00:00:00:00:02,02:00:00:00:00:01,0x88b5,forward,1,1036
3805,1787044777104306,l_left,3,otherhost,256,02:00:00:00:00:02,02:00:00:00:00:01,0x88b5,forward,1,1037
3806,1787044777110573,l_left,3,otherhost,256,02:00:00:00:00:02,02:00:00:00:00:01,0x88b5,forward,1,1038
3807,1787044777110698,l_left,3,otherhost,256,02:00:00:00:00:02,02:00:00:00:00:01,0x88b5,forward,1,1039
3808,1787044777110946,l_left,3,otherhost,256,02:00:00:00:00:02,02:00:00:00:00:01,0x88b5,forward,1,1040
3809,1787044777111201,l_left,3,otherhost,256,02:00:00:00:00:02,02:00:00:00:00:01,0x88b5,forward,1,1041
3810,1787044777111544,l_left,4,outgoing,256,02:00:00:00:00:01,02:00:00:00:00:02,0x88b5,reverse,1,2768
3811,1787044777111721,l_left,4,outgoing,256,02:00:00:00:00:01,02:00:00:00:00:02,0x88b5,reverse,1,2769
3812,1787044777310988,l_left,4,outgoing,256,02:00:00:00:00:01,02:00:00:00:00:02,0x88b5,reverse,1,2770
3813,1787044777311010,l_left,4,outgoing,256,02:00:00:00:00:01,02:00:00:00:00:02,0x88b5,reverse,1,2771
3814,1787044777311023,l_left,4,outgoing,256,02:00:00:00:00:01,02:00:00:00:00:02,0x88b5,reverse,1,2772
3815,1787044777311269,l_left,4,outgoing,256,02:00:00:00:00:01,02:00:00:00:00:02,0x88b5,reverse,1,2773
3816,1787044777311513,l_left,4,outgoing,256,02:00:00:00:00:01,02:00:00:00:00:02,0x88b5,reverse,1,2774
3817,1787044777311762,l_left,4,outgoing,256,02:00:00:00:00:01,02:00:00:00:00:02,0x88b5,reverse,1,2775
3818,1787044777312013,l_left,4,outgoing,256,02:00:00:00:00:01,02:00:00:00:00:02,0x88b5,reverse,1,2776
3819,1787044777312264,l_left,4,outgoing,256,02:00:00:00:00:01,02:00:00:00:00:02,0x88b5,reverse,1,2777
3820,1787044777312512,l_left,4,outgoing,256,02:00:00:00:00:01,02:00:00:00:00:02,0x88b5,reverse,1,2778
3821,1787044777312764,l_left,4,outgoing,256,02:00:00:00:00:01,02:00:00:00:00:02,0x88b5,reverse,1,2779
3822,1787044777313015,l_left,4,outgoing,256,02:00:00:00:00:01,02:00:00:00:00:02,0x88b5,reverse,1,2780
3823,1787044777313196,l_left,4,outgoing,256,02:00:00:00:00:01,02:00:00:00:00:02,0x88b5,reverse,1,2781
3824,1787044777313476,l_left,4,outgoing,256,02:00:00:00:00:01,02:00:00:00:00:02,0x88b5,reverse,1,2782
3825,1787044777313717,l_left,4,outgoing,256,02:00:00:00:00:01,02:00:00:00:00:02,0x88b5,reverse,1,2783
3826,1787044777314306,l_left,3,otherhost,256,02:00:00:00:00:02,02:00:00:00:00:01,0x88b5,forward,1,1042
3827,1787044777314317,l_left,3,otherhost,256,02:00:00:00:00:02,02:00:00:00:00:01,0x88b5,forward,1,1043
3828,1787044777320581,l_left,3,otherhost,256,02:00:00:00:00:02,02:00:00:00:00:01,0x88b5,forward,1,1044
3829,1787044777320700,l_left,3,otherhost,256,02:00:00:00:00:02,02:00:00:00:00:01,0x88b5,forward,1,1045
3830,1787044777320946,l_left,3,otherhost,256,02:00:00:00:00:02,02:00:00:00:00:01,0x88b5,forward,1,1046
3831,1787044777321157,l_left,3,otherhost,256,02:00:00:00:00:02,02:00:00:00:00:01,0x88b5,forward,1,1047
3832,1787044777321520,l_left,4,outgoing,256,02:00:00:00:00:01,02:00:00:00:00:02,0x88b5,reverse,1,2784
3833,1787044777321718,l_left,4,outgoing,256,02:00:00:00:00:01,02:00:00:00:00:02,0x88b5,reverse,1,2785
3834,1787044777520961,l_left,4,outgoing,256,02:00:00:00:00:01,02:00:00:00:00:02,0x88b5,reverse,1,2786
3835,1787044777520985,l_left,4,outgoing,256,02:00:00:00:00:01,02:00:00:00:00:02,0x88b5,reverse,1,2787
3836,1787044777521001,l_left,4,outgoing,256,02:00:00:00:00:01,02:00:00:00:00:02,0x88b5,reverse,1,2788
3837,1787044777521228,l_left,4,outgoing,256,02:00:00:00:00:01,02:00:00:00:00:02,0x88b5,reverse,1,2789
3838,1787044777521517,l_left,4,outgoing,256,02:00:00:00:00:01,02:00:00:00:00:02,0x88b5,reverse,1,2790
3839,1787044777521763,l_left,4,outgoing,256,02:00:00:00:00:01,02:00:00:00:00:02,0x88b5,reverse,1,2791
3840,1787044777522013,l_left,4,outgoing,256,02:00:00:00:00:01,02:00:00:00:00:02,0x88b5,reverse,1,2792
3841,1787044777522262,l_left,4,outgoing,256,02:00:00:00:00:01,02:00:00:00:00:02,0x88b5,reverse,1,2793
3842,1787044777522515,l_left,4,outgoing,256,02:00:00:00:00:01,02:00:00:00:00:02,0x88b5,reverse,1,2794
3843,1787044777522765,l_left,4,outgoing,256,02:00:00:00:00:01,02:00:00:00:00:02,0x88b5,reverse,1,2795
3844,1787044777523013,l_left,4,outgoing,256,02:00:00:00:00:01,02:00:00:00:00:02,0x88b5,reverse,1,2796
3845,1787044777523261,l_left,4,outgoing,256,02:00:00:00:00:01,02:00:00:00:00:02,0x88b5,reverse,1,2797
3846,1787044777523511,l_left,4,outgoing,256,02:00:00:00:00:01,02:00:00:00:00:02,0x88b5,reverse,1,2798
3847,1787044777523723,l_left,4,outgoing,256,02:00:00:00:00:01,02:00:00:00:00:02,0x88b5,reverse,1,2799
3848,1787044777524346,l_left,3,otherhost,256,02:00:00:00:00:02,02:00:00:00:00:01,0x88b5,forward,1,1048
3849,1787044777524361,l_left,3,otherhost,256,02:00:00:00:00:02,02:00:00:00:00:01,0x88b5,forward,1,1049
3850,1787044777530584,l_left,3,otherhost,256,02:00:00:00:00:02,02:00:00:00:00:01,0x88b5,forward,1,1050
3851,1787044777530698,l_left,3,otherhost,256,02:00:00:00:00:02,02:00:00:00:00:01,0x88b5,forward,1,1051
3852,1787044777530946,l_left,3,otherhost,256,02:00:00:00:00:02,02:00:00:00:00:01,0x88b5,forward,1,1052
3853,1787044777531196,l_left,3,otherhost,256,02:00:00:00:00:02,02:00:00:00:00:01,0x88b5,forward,1,1053
3854,1787044777531536,l_left,4,outgoing,256,02:00:00:00:00:01,02:00:00:00:00:02,0x88b5,reverse,1,2800
3855,1787044777531716,l_left,4,outgoing,256,02:00:00:00:00:01,02:00:00:00:00:02,0x88b5,reverse,1,2801
3856,1787044777730953,l_left,4,outgoing,256,02:00:00:00:00:01,02:00:00:00:00:02,0x88b5,reverse,1,2802
3857,1787044777730980,l_left,4,outgoing,256,02:00:00:00:00:01,02:00:00:00:00:02,0x88b5,reverse,1,2803
3858,1787044777730993,l_left,4,outgoing,256,02:00:00:00:00:01,02:00:00:00:00:02,0x88b5,reverse,1,2804
3859,1787044777731263,l_left,4,outgoing,256,02:00:00:00:00:01,02:00:00:00:00:02,0x88b5,reverse,1,2805
3860,1787044777731512,l_left,4,outgoing,256,02:00:00:00:00:01,02:00:00:00:00:02,0x88b5,reverse,1,2806
3861,1787044777731762,l_left,4,outgoing,256,02:00:00:00:00:01,02:00:00:00:00:02,0x88b5,reverse,1,2807
3862,1787044777732016,l_left,4,outgoing,256,02:00:00:00:00:01,02:00:00:00:00:02,0x88b5,reverse,1,2808
3863,1787044777732269,l_left,4,outgoing,256,02:00:00:00:00:01,02:00:00:00:00:02,0x88b5,reverse,1,2809
3864,1787044777732519,l_left,4,outgoing,256,02:00:00:00:00:01,02:00:00:00:00:02,0x88b5,reverse,1,2810
3865,1787044777732765,l_left,4,outgoing,256,02:00:00:00:00:01,02:00:00:00:00:02,0x88b5,reverse,1,2811
3866,1787044777733012,l_left,4,outgoing,256,02:00:00:00:00:01,02:00:00:00:00:02,0x88b5,reverse,1,2812
3867,1787044777733191,l_left,4,outgoing,256,02:00:00:00:00:01,02:00:00:00:00:02,0x88b5,reverse,1,2813
3868,1787044777733471,l_left,4,outgoing,256,02:00:00:00:00:01,02:00:00:00:00:02,0x88b5,reverse,1,2814
3869,1787044777733719,l_left,4,outgoing,256,02:00:00:00:00:01,02:00:00:00:00:02,0x88b5,reverse,1,2815
3870,1787044777734299,l_left,3,otherhost,256,02:00:00:00:00:02,02:00:00:00:00:01,0x88b5,forward,1,1054
3871,1787044777734309,l_left,3,otherhost,256,02:00:00:00:00:02,02:00:00:00:00:01,0x88b5,forward,1,1055
3872,1787044777740582,l_left,3,otherhost,256,02:00:00:00:00:02,02:00:00:00:00:01,0x88b5,forward,1,1056
3873,1787044777740699,l_left,3,otherhost,256,02:00:00:00:00:02,02:00:00:00:00:01,0x88b5,forward,1,1057
3874,1787044777740946,l_left,3,otherhost,256,02:00:00:00:00:02,02:00:00:00:00:01,0x88b5,forward,1,1058
3875,1787044777741155,l_left,3,otherhost,256,02:00:00:00:00:02,02:00:00:00:00:01,0x88b5,forward,1,1059
3876,1787044777741518,l_left,4,outgoing,256,02:00:00:00:00:01,02:00:00:00:00:02,0x88b5,reverse,1,2816
3877,1787044777741721,l_left,4,outgoing,256,02:00:00:00:00:01,02:00:00:00:00:02,0x88b5,reverse,1,2817
3878,1787044777940998,l_left,4,outgoing,256,02:00:00:00:00:01,02:00:00:00:00:02,0x88b5,reverse,1,2818
3879,1787044777941025,l_left,4,outgoing,256,02:00:00:00:00:01,02:00:00:00:00:02,0x88b5,reverse,1,2819
3880,1787044777941039,l_left,4,outgoing,256,02:00:00:00:00:01,02:00:00:00:00:02,0x88b5,reverse,1,2820
3881,1787044777941230,l_left,4,outgoing,256,02:00:00:00:00:01,02:00:00:00:00:02,0x88b5,reverse,1,2821
3882,1787044777941515,l_left,4,outgoing,256,02:00:00:00:00:01,02:00:00:00:00:02,0x88b5,reverse,1,2822
3883,1787044777941763,l_left,4,outgoing,256,02:00:00:00:00:01,02:00:00:00:00:02,0x88b5,reverse,1,2823
3884,1787044777942016,l_left,4,outgoing,256,02:00:00:00:00:01,02:00:00:00:00:02,0x88b5,reverse,1,2824
3885,1787044777942267,l_left,4,outgoing,256,02:00:00:00:00:01,02:00:00:00:00:02,0x88b5,reverse,1,2825
3886,1787044777942512,l_left,4,outgoing,256,02:00:00:00:00:01,02:00:00:00:00:02,0x88b5,reverse,1,2826
3887,1787044777942761,l_left,4,outgoing,256,02:00:00:00:00:01,02:00:00:00:00:02,0x88b5,reverse,1,2827
3888,1787044777943010,l_left,4,outgoing,256,02:00:00:00:00:01,02:00:00:00:00:02,0x88b5,reverse,1,2828
3889,1787044777943264,l_left,4,outgoing,256,02:00:00:00:00:01,02:00:00:00:00:02,0x88b5,reverse,1,2829
3890,1787044777943476,l_left,4,outgoing,256,02:00:00:00:00:01,02:00:00:00:00:02,0x88b5,reverse,1,2830
3891,1787044777943721,l_left,4,outgoing,256,02:00:00:00:00:01,02:00:00:00:00:02,0x88b5,reverse,1,2831
3892,1787044777944367,l_left,3,otherhost,256,02:00:00:00:00:02,02:00:00:00:00:01,0x88b5,forward,1,1060
3893,1787044777944378,l_left,3,otherhost,256,02:00:00:00:00:02,02:00:00:00:00:01,0x88b5,forward,1,1061
3894,1787044777950574,l_left,3,otherhost,256,02:00:00:00:00:02,02:00:00:00:00:01,0x88b5,forward,1,1062
3895,1787044777950698,l_left,3,otherhost,256,02:00:00:00:00:02,02:00:00:00:00:01,0x88b5,forward,1,1063
3896,1787044777950947,l_left,3,otherhost,256,02:00:00:00:00:02,02:00:00:00:00:01,0x88b5,forward,1,1064
3897,1787044777951195,l_left,3,otherhost,256,02:00:00:00:00:02,02:00:00:00:00:01,0x88b5,forward,1,1065
3898,1787044777951540,l_left,4,outgoing,256,02:00:00:00:00:01,02:00:00:00:00:02,0x88b5,reverse,1,2832
3899,1787044777951717,l_left,4,outgoing,256,02:00:00:00:00:01,02:00:00:00:00:02,0x88b5,reverse,1,2833
3900,1787044778150959,l_left,4,outgoing,256,02:00:00:00:00:01,02:00:00:00:00:02,0x88b5,reverse,1,2834
3901,1787044778150981,l_left,4,outgoing,256,02:00:00:00:00:01,02:00:00:00:00:02,0x88b5,reverse,1,2835
3902,1787044778150994,l_left,4,outgoing,256,02:00:00:00:00:01,02:00:00:00:00:02,0x88b5,reverse,1,2836
3903,1787044778151268,l_left,4,outgoing,256,02:00:00:00:00:01,02:00:00:00:00:02,0x88b5,reverse,1,2837
3904,1787044778151517,l_left,4,outgoing,256,02:00:00:00:00:01,02:00:00:00:00:02,0x88b5,reverse,1,2838
3905,1787044778151770,l_left,4,outgoing,256,02:00:00:00:00:01,02:00:00:00:00:02,0x88b5,reverse,1,2839
3906,1787044778152017,l_left,4,outgoing,256,02:00:00:00:00:01,02:00:00:00:00:02,0x88b5,reverse,1,2840
3907,1787044778152263,l_left,4,outgoing,256,02:00:00:00:00:01,02:00:00:00:00:02,0x88b5,reverse,1,2841
3908,1787044778152512,l_left,4,outgoing,256,02:00:00:00:00:01,02:00:00:00:00:02,0x88b5,reverse,1,2842
3909,1787044778152761,l_left,4,outgoing,256,02:00:00:00:00:01,02:00:00:00:00:02,0x88b5,reverse,1,2843
3910,1787044778153012,l_left,4,outgoing,256,02:00:00:00:00:01,02:00:00:00:00:02,0x88b5,reverse,1,2844
3911,1787044778153204,l_left,4,outgoing,256,02:00:00:00:00:01,02:00:00:00:00:02,0x88b5,reverse,1,2845
3912,1787044778153474,l_left,4,outgoing,256,02:00:00:00:00:01,02:00:00:00:00:02,0x88b5,reverse,1,2846
3913,1787044778153718,l_left,4,outgoing,256,02:00:00:00:00:01,02:00:00:00:00:02,0x88b5,reverse,1,2847
3914,1787044778154284,l_left,3,otherhost,256,02:00:00:00:00:02,02:00:00:00:00:01,0x88b5,forward,1,1066
3915,1787044778154296,l_left,3,otherhost,256,02:00:00:00:00:02,02:00:00:00:00:01,0x88b5,forward,1,1067
3916,1787044778160577,l_left,3,otherhost,256,02:00:00:00:00:02,02:00:00:00:00:01,0x88b5,forward,1,1068
3917,1787044778160700,l_left,3,otherhost,256,02:00:00:00:00:02,02:00:00:00:00:01,0x88b5,forward,1,1069
3918,1787044778160946,l_left,3,otherhost,256,02:00:00:00:00:02,02:00:00:00:00:01,0x88b5,forward,1,1070
3919,1787044778161155,l_left,3,otherhost,256,02:00:00:00:00:02,02:00:00:00:00:01,0x88b5,forward,1,1071
3920,1787044778161503,l_left,4,outgoing,256,02:00:00:00:00:01,02:00:00:00:00:02,0x88b5,reverse,1,2848
3921,1787044778161716,l_left,4,outgoing,256,02:00:00:00:00:01,02:00:00:00:00:02,0x88b5,reverse,1,2849
3922,1787044778360971,l_left,4,outgoing,256,02:00:00:00:00:01,02:00:00:00:00:02,0x88b5,reverse,1,2850
3923,1787044778360993,l_left,4,outgoing,256,02:00:00:00:00:01,02:00:00:00:00:02,0x88b5,reverse,1,2851
3924,1787044778361006,l_left,4,outgoing,256,02:00:00:00:00:01,02:00:00:00:00:02,0x88b5,reverse,1,2852
3925,1787044778361226,l_left,4,outgoing,256,02:00:00:00:00:01,02:00:00:00:00:02,0x88b5,reverse,1,2853
3926,1787044778361518,l_left,4,outgoing,256,02:00:00:00:00:01,02:00:00:00:00:02,0x88b5,reverse,1,2854
3927,1787044778361771,l_left,4,outgoing,256,02:00:00:00:00:01,02:00:00:00:00:02,0x88b5,reverse,1,2855
3928,1787044778362003,l_left,4,outgoing,256,02:00:00:00:00:01,02:00:00:00:00:02,0x88b5,reverse,1,2856
3929,1787044778362266,l_left,4,outgoing,256,02:00:00:00:00:01,02:00:00:00:00:02,0x88b5,reverse,1,2857
3930,1787044778362515,l_left,4,outgoing,256,02:00:00:00:00:01,02:00:00:00:00:02,0x88b5,reverse,1,2858
3931,1787044778362765,l_left,4,outgoing,256,02:00:00:00:00:01,02:00:00:00:00:02,0x88b5,reverse,1,2859
3932,1787044778363014,l_left,4,outgoing,256,02:00:00:00:00:01,02:00:00:00:00:02,0x88b5,reverse,1,2860
3933,1787044778363239,l_left,4,outgoing,256,02:00:00:00:00:01,02:00:00:00:00:02,0x88b5,reverse,1,2861
3934,1787044778363470,l_left,4,outgoing,256,02:00:00:00:00:01,02:00:00:00:00:02,0x88b5,reverse,1,2862
3935,1787044778363715,l_left,4,outgoing,256,02:00:00:00:00:01,02:00:00:00:00:02,0x88b5,reverse,1,2863
3936,1787044778364299,l_left,3,otherhost,256,02:00:00:00:00:02,02:00:00:00:00:01,0x88b5,forward,1,1072
3937,1787044778364310,l_left,3,otherhost,256,02:00:00:00:00:02,02:00:00:00:00:01,0x88b5,forward,1,1073
3938,1787044778370574,l_left,3,otherhost,256,02:00:00:00:00:02,02:00:00:00:00:01,0x88b5,forward,1,1074
3939,1787044778370699,l_left,3,otherhost,256,02:00:00:00:00:02,02:00:00:00:00:01,0x88b5,forward,1,1075
3940,1787044778370946,l_left,3,otherhost,256,02:00:00:00:00:02,02:00:00:00:00:01,0x88b5,forward,1,1076
3941,1787044778371197,l_left,3,otherhost,256,02:00:00:00:00:02,02:00:00:00:00:01,0x88b5,forward,1,1077
3942,1787044778371545,l_left,4,outgoing,256,02:00:00:00:00:01,02:00:00:00:00:02,0x88b5,reverse,1,2864
3943,1787044778371722,l_left,4,outgoing,256,02:00:00:00:00:01,02:00:00:00:00:02,0x88b5,reverse,1,2865
3944,1787044778570965,l_left,4,outgoing,256,02:00:00:00:00:01,02:00:00:00:00:02,0x88b5,reverse,1,2866
3945,1787044778570993,l_left,4,outgoing,256,02:00:00:00:00:01,02:00:00:00:00:02,0x88b5,reverse,1,2867
3946,1787044778571006,l_left,4,outgoing,256,02:00:00:00:00:01,02:00:00:00:00:02,0x88b5,reverse,1,2868
3947,1787044778571298,l_left,4,outgoing,256,02:00:00:00:00:01,02:00:00:00:00:02,0x88b5,reverse,1,2869
3948,1787044778571533,l_left,4,outgoing,256,02:00:00:00:00:01,02:00:00:00:00:02,0x88b5,reverse,1,2870
3949,1787044778571767,l_left,4,outgoing,256,02:00:00:00:00:01,02:00:00:00:00:02,0x88b5,reverse,1,2871
3950,1787044778572018,l_left,4,outgoing,256,02:00:00:00:00:01,02:00:00:00:00:02,0x88b5,reverse,1,2872
3951,1787044778572269,l_left,4,outgoing,256,02:00:00:00:00:01,02:00:00:00:00:02,0x88b5,reverse,1,2873
3952,1787044778572519,l_left,4,outgoing,256,02:00:00:00:00:01,02:00:00:00:00:02,0x88b5,reverse,1,2874
3953,1787044778572767,l_left,4,outgoing,256,02:00:00:00:00:01,02:00:00:00:00:02,0x88b5,reverse,1,2875
3954,1787044778573011,l_left,4,outgoing,256,02:00:00:00:00:01,02:00:00:00:00:02,0x88b5,reverse,1,2876
3955,1787044778573231,l_left,4,outgoing,256,02:00:00:00:00:01,02:00:00:00:00:02,0x88b5,reverse,1,2877
3956,1787044778573501,l_left,4,outgoing,256,02:00:00:00:00:01,02:00:00:00:00:02,0x88b5,reverse,1,2878
3957,1787044778573753,l_left,4,outgoing,256,02:00:00:00:00:01,02:00:00:00:00:02,0x88b5,reverse,1,2879
3958,1787044778574325,l_left,3,otherhost,256,02:00:00:00:00:02,02:00:00:00:00:01,0x88b5,forward,1,1078
3959,1787044778574335,l_left,3,otherhost,256,02:00:00:00:00:02,02:00:00:00:00:01,0x88b5,forward,1,1079
3960,1787044778580582,l_left,3,otherhost,256,02:00:00:00:00:02,02:00:00:00:00:01,0x88b5,forward,1,1080
3961,1787044778580698,l_left,3,otherhost,256,02:00:00:00:00:02,02:00:00:00:00:01,0x88b5,forward,1,1081
3962,1787044778580947,l_left,3,otherhost,256,02:00:00:00:00:02,02:00:00:00:00:01,0x88b5,forward,1,1082
3963,1787044778581156,l_left,3,otherhost,256,02:00:00:00:00:02,02:00:00:00:00:01,0x88b5,forward,1,1083
3964,1787044778581569,l_left,4,outgoing,256,02:00:00:00:00:01,02:00:00:00:00:02,0x88b5,reverse,1,2880
3965,1787044778581747,l_left,4,outgoing,256,02:00:00:00:00:01,02:00:00:00:00:02,0x88b5,reverse,1,2881
3966,1787044778780977,l_left,4,outgoing,256,02:00:00:00:00:01,02:00:00:00:00:02,0x88b5,reverse,1,2882
3967,1787044778781000,l_left,4,outgoing,256,02:00:00:00:00:01,02:00:00:00:00:02,0x88b5,reverse,1,2883
3968,1787044778781013,l_left,4,outgoing,256,02:00:00:00:00:01,02:00:00:00:00:02,0x88b5,reverse,1,2884
3969,1787044778781227,l_left,4,outgoing,256,02:00:00:00:00:01,02:00:00:00:00:02,0x88b5,reverse,1,2885
3970,1787044778781514,l_left,4,outgoing,256,02:00:00:00:00:01,02:00:00:00:00:02,0x88b5,reverse,1,2886
3971,1787044778781767,l_left,4,outgoing,256,02:00:00:00:00:01,02:00:00:00:00:02,0x88b5,reverse,1,2887
3972,1787044778782016,l_left,4,outgoing,256,02:00:00:00:00:01,02:00:00:00:00:02,0x88b5,reverse,1,2888
3973,1787044778782275,l_left,4,outgoing,256,02:00:00:00:00:01,02:00:00:00:00:02,0x88b5,reverse,1,2889
3974,1787044778782517,l_left,4,outgoing,256,02:00:00:00:00:01,02:00:00:00:00:02,0x88b5,reverse,1,2890
3975,1787044778782761,l_left,4,outgoing,256,02:00:00:00:00:01,02:00:00:00:00:02,0x88b5,reverse,1,2891
3976,1787044778783011,l_left,4,outgoing,256,02:00:00:00:00:01,02:00:00:00:00:02,0x88b5,reverse,1,2892
3977,1787044778783263,l_left,4,outgoing,256,02:00:00:00:00:01,02:00:00:00:00:02,0x88b5,reverse,1,2893
3978,1787044778783495,l_left,4,outgoing,256,02:00:00:00:00:01,02:00:00:00:00:02,0x88b5,reverse,1,2894
3979,1787044778783721,l_left,4,outgoing,256,02:00:00:00:00:01,02:00:00:00:00:02,0x88b5,reverse,1,2895
3980,1787044778784300,l_left,3,otherhost,256,02:00:00:00:00:02,02:00:00:00:00:01,0x88b5,forward,1,1084
3981,1787044778784311,l_left,3,otherhost,256,02:00:00:00:00:02,02:00:00:00:00:01,0x88b5,forward,1,1085
3982,1787044778790572,l_left,3,otherhost,256,02:00:00:00:00:02,02:00:00:00:00:01,0x88b5,forward,1,1086
3983,1787044778790699,l_left,3,otherhost,256,02:00:00:00:00:02,02:00:00:00:00:01,0x88b5,forward,1,1087
3984,1787044778790953,l_left,3,otherhost,256,02:00:00:00:00:02,02:00:00:00:00:01,0x88b5,forward,1,1088
3985,1787044778791196,l_left,3,otherhost,256,02:00:00:00:00:02,02:00:00:00:00:01,0x88b5,forward,1,1089
3986,1787044778791545,l_left,4,outgoing,256,02:00:00:00:00:01,02:00:00:00:00:02,0x88b5,reverse,1,2896
3987,1787044778791719,l_left,4,outgoing,256,02:00:00:00:00:01,02:00:00:00:00:02,0x88b5,reverse,1,2897
3988,1787044778990971,l_left,4,outgoing,256,02:00:00:00:00:01,02:00:00:00:00:02,0x88b5,reverse,1,2898
3989,1787044778990993,l_left,4,outgoing,256,02:00:00:00:00:01,02:00:00:00:00:02,0x88b5,reverse,1,2899
3990,1787044778991006,l_left,4,outgoing,256,02:00:00:00:00:01,02:00:00:00:00:02,0x88b5,reverse,1,2900
3991,1787044778991273,l_left,4,outgoing,256,02:00:00:00:00:01,02:00:00:00:00:02,0x88b5,reverse,1,2901
3992,1787044778991513,l_left,4,outgoing,256,02:00:00:00:00:01,02:00:00:00:00:02,0x88b5,reverse,1,2902
3993,1787044778991763,l_left,4,outgoing,256,02:00:00:00:00:01,02:00:00:00:00:02,0x88b5,reverse,1,2903
3994,1787044778992014,l_left,4,outgoing,256,02:00:00:00:00:01,02:00:00:00:00:02,0x88b5,reverse,1,2904
3995,1787044778992269,l_left,4,outgoing,256,02:00:00:00:00:01,02:00:00:00:00:02,0x88b5,reverse,1,2905
3996,1787044778992517,l_left,4,outgoing,256,02:00:00:00:00:01,02:00:00:00:00:02,0x88b5,reverse,1,2906
3997,1787044778992768,l_left,4,outgoing,256,02:00:00:00:00:01,02:00:00:00:00:02,0x88b5,reverse,1,2907
3998,1787044778993023,l_left,4,outgoing,256,02:00:00:00:00:01,02:00:00:00:00:02,0x88b5,reverse,1,2908
3999,1787044778993195,l_left,4,outgoing,256,02:00:00:00:00:01,02:00:00:00:00:02,0x88b5,reverse,1,2909
4000,1787044778993473,l_left,4,outgoing,256,02:00:00:00:00:01,02:00:00:00:00:02,0x88b5,reverse,1,2910
4001,1787044778993716,l_left,4,outgoing,256,02:00:00:00:00:01,02:00:00:00:00:02,0x88b5,reverse,1,2911
4002,1787044778994289,l_left,3,otherhost,256,02:00:00:00:00:02,02:00:00:00:00:01,0x88b5,forward,1,1090
4003,1787044778994298,l_left,3,otherhost,256,02:00:00:00:00:02,02:00:00:00:00:01,0x88b5,forward,1,1091
4004,1787044779000585,l_left,3,otherhost,256,02:00:00:00:00:02,02:00:00:00:00:01,0x88b5,forward,1,1092
4005,1787044779000700,l_left,3,otherhost,256,02:00:00:00:00:02,02:00:00:00:00:01,0x88b5,forward,1,1093
4006,1787044779000946,l_left,3,otherhost,256,02:00:00:00:00:02,02:00:00:00:00:01,0x88b5,forward,1,1094
4007,1787044779001155,l_left,3,otherhost,256,02:00:00:00:00:02,02:00:00:00:00:01,0x88b5,forward,1,1095
4008,1787044779001506,l_left,4,outgoing,256,02:00:00:00:00:01,02:00:00:00:00:02,0x88b5,reverse,1,2912
4009,1787044779001715,l_left,4,outgoing,256,02:00:00:00:00:01,02:00:00:00:00:02,0x88b5,reverse,1,2913
4010,1787044779200952,l_left,4,outgoing,256,02:00:00:00:00:01,02:00:00:00:00:02,0x88b5,reverse,1,2914
4011,1787044779200979,l_left,4,outgoing,256,02:00:00:00:00:01,02:00:00:00:00:02,0x88b5,reverse,1,2915
4012,1787044779200995,l_left,4,outgoing,256,02:00:00:00:00:01,02:00:00:00:00:02,0x88b5,reverse,1,2916
4013,1787044779201204,l_left,4,outgoing,256,02:00:00:00:00:01,02:00:00:00:00:02,0x88b5,reverse,1,2917
4014,1787044779201486,l_left,4,outgoing,256,02:00:00:00:00:01,02:00:00:00:00:02,0x88b5,reverse,1,2918
4015,1787044779201739,l_left,4,outgoing,256,02:00:00:00:00:01,02:00:00:00:00:02,0x88b5,reverse,1,2919
4016,1787044779201983,l_left,4,outgoing,256,02:00:00:00:00:01,02:00:00:00:00:02,0x88b5,reverse,1,2920
4017,1787044779202232,l_left,4,outgoing,256,02:00:00:00:00:01,02:00:00:00:00:02,0x88b5,reverse,1,2921
4018,1787044779202482,l_left,4,outgoing,256,02:00:00:00:00:01,02:00:00:00:00:02,0x88b5,reverse,1,2922
4019,1787044779202733,l_left,4,outgoing,256,02:00:00:00:00:01,02:00:00:00:00:02,0x88b5,reverse,1,2923
4020,1787044779202985,l_left,4,outgoing,256,02:00:00:00:00:01,02:00:00:00:00:02,0x88b5,reverse,1,2924
4021,1787044779203232,l_left,4,outgoing,256,02:00:00:00:00:01,02:00:00:00:00:02,0x88b5,reverse,1,2925
4022,1787044779203469,l_left,4,outgoing,256,02:00:00:00:00:01,02:00:00:00:00:02,0x88b5,reverse,1,2926
4023,1787044779203723,l_left,4,outgoing,256,02:00:00:00:00:01,02:00:00:00:00:02,0x88b5,reverse,1,2927
4024,1787044779204303,l_left,3,otherhost,256,02:00:00:00:00:02,02:00:00:00:00:01,0x88b5,forward,1,1096
4025,1787044779204317,l_left,3,otherhost,256,02:00:00:00:00:02,02:00:00:00:00:01,0x88b5,forward,1,1097
4026,1787044779210575,l_left,3,otherhost,256,02:00:00:00:00:02,02:00:00:00:00:01,0x88b5,forward,1,1098
4027,1787044779210698,l_left,3,otherhost,256,02:00:00:00:00:02,02:00:00:00:00:01,0x88b5,forward,1,1099
4028,1787044779210946,l_left,3,otherhost,256,02:00:00:00:00:02,02:00:00:00:00:01,0x88b5,forward,1,1100
4029,1787044779211197,l_left,3,otherhost,256,02:00:00:00:00:02,02:00:00:00:00:01,0x88b5,forward,1,1101
4030,1787044779211543,l_left,4,outgoing,256,02:00:00:00:00:01,02:00:00:00:00:02,0x88b5,reverse,1,2928
4031,1787044779211717,l_left,4,outgoing,256,02:00:00:00:00:01,02:00:00:00:00:02,0x88b5,reverse,1,2929
4032,1787044779410975,l_left,4,outgoing,256,02:00:00:00:00:01,02:00:00:00:00:02,0x88b5,reverse,1,2930
4033,1787044779410997,l_left,4,outgoing,256,02:00:00:00:00:01,02:00:00:00:00:02,0x88b5,reverse,1,2931
4034,1787044779411009,l_left,4,outgoing,256,02:00:00:00:00:01,02:00:00:00:00:02,0x88b5,reverse,1,2932
4035,1787044779411266,l_left,4,outgoing,256,02:00:00:00:00:01,02:00:00:00:00:02,0x88b5,reverse,1,2933
4036,1787044779411518,l_left,4,outgoing,256,02:00:00:00:00:01,02:00:00:00:00:02,0x88b5,reverse,1,2934
4037,1787044779411762,l_left,4,outgoing,256,02:00:00:00:00:01,02:00:00:00:00:02,0x88b5,reverse,1,2935
4038,1787044779412023,l_left,4,outgoing,256,02:00:00:00:00:01,02:00:00:00:00:02,0x88b5,reverse,1,2936
4039,1787044779412268,l_left,4,outgoing,256,02:00:00:00:00:01,02:00:00:00:00:02,0x88b5,reverse,1,2937
4040,1787044779412522,l_left,4,outgoing,256,02:00:00:00:00:01,02:00:00:00:00:02,0x88b5,reverse,1,2938
4041,1787044779412767,l_left,4,outgoing,256,02:00:00:00:00:01,02:00:00:00:00:02,0x88b5,reverse,1,2939
4042,1787044779413011,l_left,4,outgoing,256,02:00:00:00:00:01,02:00:00:00:00:02,0x88b5,reverse,1,2940
4043,1787044779413193,l_left,4,outgoing,256,02:00:00:00:00:01,02:00:00:00:00:02,0x88b5,reverse,1,2941
4044,1787044779413473,l_left,4,outgoing,256,02:00:00:00:00:01,02:00:00:00:00:02,0x88b5,reverse,1,2942
4045,1787044779413716,l_left,4,outgoing,256,02:00:00:00:00:01,02:00:00:00:00:02,0x88b5,reverse,1,2943
4046,1787044779414292,l_left,3,otherhost,256,02:00:00:00:00:02,02:00:00:00:00:01,0x88b5,forward,1,1102
4047,1787044779414303,l_left,3,otherhost,256,02:00:00:00:00:02,02:00:00:00:00:01,0x88b5,forward,1,1103
4048,1787044779420579,l_left,3,otherhost,256,02:00:00:00:00:02,02:00:00:00:00:01,0x88b5,forward,1,1104
4049,1787044779420699,l_left,3,otherhost,256,02:00:00:00:00:02,02:00:00:00:00:01,0x88b5,forward,1,1105
4050,1787044779420947,l_left,3,otherhost,256,02:00:00:00:00:02,02:00:00:00:00:01,0x88b5,forward,1,1106
4051,1787044779421155,l_left,3,otherhost,256,02:00:00:00:00:02,02:00:00:00:00:01,0x88b5,forward,1,1107
4052,1787044779421511,l_left,4,outgoing,256,02:00:00:00:00:01,02:00:00:00:00:02,0x88b5,reverse,1,2944
4053,1787044779421724,l_left,4,outgoing,256,02:00:00:00:00:01,02:00:00:00:00:02,0x88b5,reverse,1,2945
4054,1787044779620978,l_left,4,outgoing,256,02:00:00:00:00:01,02:00:00:00:00:02,0x88b5,reverse,1,2946
4055,1787044779621000,l_left,4,outgoing,256,02:00:00:00:00:01,02:00:00:00:00:02,0x88b5,reverse,1,2947
4056,1787044779621013,l_left,4,outgoing,256,02:00:00:00:00:01,02:00:00:00:00:02,0x88b5,reverse,1,2948
4057,1787044779621229,l_left,4,outgoing,256,02:00:00:00:00:01,02:00:00:00:00:02,0x88b5,reverse,1,2949
4058,1787044779621514,l_left,4,outgoing,256,02:00:00:00:00:01,02:00:00:00:00:02,0x88b5,reverse,1,2950
4059,1787044779621762,l_left,4,outgoing,256,02:00:00:00:00:01,02:00:00:00:00:02,0x88b5,reverse,1,2951
4060,1787044779622017,l_left,4,outgoing,256,02:00:00:00:00:01,02:00:00:00:00:02,0x88b5,reverse,1,2952
4061,1787044779622270,l_left,4,outgoing,256,02:00:00:00:00:01,02:00:00:00:00:02,0x88b5,reverse,1,2953
4062,1787044779622518,l_left,4,outgoing,256,02:00:00:00:00:01,02:00:00:00:00:02,0x88b5,reverse,1,2954
4063,1787044779622766,l_left,4,outgoing,256,02:00:00:00:00:01,02:00:00:00:00:02,0x88b5,reverse,1,2955
4064,1787044779623011,l_left,4,outgoing,256,02:00:00:00:00:01,02:00:00:00:00:02,0x88b5,reverse,1,2956
4065,1787044779623266,l_left,4,outgoing,256,02:00:00:00:00:01,02:00:00:00:00:02,0x88b5,reverse,1,2957
4066,1787044779623514,l_left,4,outgoing,256,02:00:00:00:00:01,02:00:00:00:00:02,0x88b5,reverse,1,2958
4067,1787044779623728,l_left,4,outgoing,256,02:00:00:00:00:01,02:00:00:00:00:02,0x88b5,reverse,1,2959
4068,1787044779624324,l_left,3,otherhost,256,02:00:00:00:00:02,02:00:00:00:00:01,0x88b5,forward,1,1108
4069,1787044779624335,l_left,3,otherhost,256,02:00:00:00:00:02,02:00:00:00:00:01,0x88b5,forward,1,1109
4070,1787044779630568,l_left,3,otherhost,256,02:00:00:00:00:02,02:00:00:00:00:01,0x88b5,forward,1,1110
4071,1787044779630699,l_left,3,otherhost,256,02:00:00:00:00:02,02:00:00:00:00:01,0x88b5,forward,1,1111
4072,1787044779630947,l_left,3,otherhost,256,02:00:00:00:00:02,02:00:00:00:00:01,0x88b5,forward,1,1112
4073,1787044779631196,l_left,3,otherhost,256,02:00:00:00:00:02,02:00:00:00:00:01,0x88b5,forward,1,1113
4074,1787044779631554,l_left,4,outgoing,256,02:00:00:00:00:01,02:00:00:00:00:02,0x88b5,reverse,1,2960
4075,1787044779631717,l_left,4,outgoing,256,02:00:00:00:00:01,02:00:00:00:00:02,0x88b5,reverse,1,2961
4076,1787044779830976,l_left,4,outgoing,256,02:00:00:00:00:01,02:00:00:00:00:02,0x88b5,reverse,1,2962
4077,1787044779830999,l_left,4,outgoing,256,02:00:00:00:00:01,02:00:00:00:00:02,0x88b5,reverse,1,2963
4078,1787044779831012,l_left,4,outgoing,256,02:00:00:00:00:01,02:00:00:00:00:02,0x88b5,reverse,1,2964
4079,1787044779831271,l_left,4,outgoing,256,02:00:00:00:00:01,02:00:00:00:00:02,0x88b5,reverse,1,2965
4080,1787044779831516,l_left,4,outgoing,256,02:00:00:00:00:01,02:00:00:00:00:02,0x88b5,reverse,1,2966
4081,1787044779831762,l_left,4,outgoing,256,02:00:00:00:00:01,02:00:00:00:00:02,0x88b5,reverse,1,2967
4082,1787044779832016,l_left,4,outgoing,256,02:00:00:00:00:01,02:00:00:00:00:02,0x88b5,reverse,1,2968
4083,1787044779832275,l_left,4,outgoing,256,02:00:00:00:00:01,02:00:00:00:00:02,0x88b5,reverse,1,2969
4084,1787044779832519,l_left,4,outgoing,256,02:00:00:00:00:01,02:00:00:00:00:02,0x88b5,reverse,1,2970
4085,1787044779832768,l_left,4,outgoing,256,02:00:00:00:00:01,02:00:00:00:00:02,0x88b5,reverse,1,2971
4086,1787044779833018,l_left,4,outgoing,256,02:00:00:00:00:01,02:00:00:00:00:02,0x88b5,reverse,1,2972
4087,1787044779833208,l_left,4,outgoing,256,02:00:00:00:00:01,02:00:00:00:00:02,0x88b5,reverse,1,2973
4088,1787044779833497,l_left,4,outgoing,256,02:00:00:00:00:01,02:00:00:00:00:02,0x88b5,reverse,1,2974
4089,1787044779833721,l_left,4,outgoing,256,02:00:00:00:00:01,02:00:00:00:00:02,0x88b5,reverse,1,2975
4090,1787044779834295,l_left,3,otherhost,256,02:00:00:00:00:02,02:00:00:00:00:01,0x88b5,forward,1,1114
4091,1787044779834306,l_left,3,otherhost,256,02:00:00:00:00:02,02:00:00:00:00:01,0x88b5,forward,1,1115
4092,1787044779840586,l_left,3,otherhost,256,02:00:00:00:00:02,02:00:00:00:00:01,0x88b5,forward,1,1116
4093,1787044779840701,l_left,3,otherhost,256,02:00:00:00:00:02,02:00:00:00:00:01,0x88b5,forward,1,1117
4094,1787044779840952,l_left,3,otherhost,256,02:00:00:00:00:02,02:00:00:00:00:01,0x88b5,forward,1,1118
4095,1787044779841156,l_left,3,otherhost,256,02:00:00:00:00:02,02:00:00:00:00:01,0x88b5,forward,1,1119
4096,1787044779841514,l_left,4,outgoing,256,02:00:00:00:00:01,02:00:00:00:00:02,0x88b5,reverse,1,2976
4097,1787044779841718,l_left,4,outgoing,256,02:00:00:00:00:01,02:00:00:00:00:02,0x88b5,reverse,1,2977
4098,1787044780040980,l_left,4,outgoing,256,02:00:00:00:00:01,02:00:00:00:00:02,0x88b5,reverse,1,2978
4099,1787044780041003,l_left,4,outgoing,256,02:00:00:00:00:01,02:00:00:00:00:02,0x88b5,reverse,1,2979
4100,1787044780041016,l_left,4,outgoing,256,02:00:00:00:00:01,02:00:00:00:00:02,0x88b5,reverse,1,2980
4101,1787044780041225,l_left,4,outgoing,256,02:00:00:00:00:01,02:00:00:00:00:02,0x88b5,reverse,1,2981
4102,1787044780041514,l_left,4,outgoing,256,02:00:00:00:00:01,02:00:00:00:00:02,0x88b5,reverse,1,2982
4103,1787044780041763,l_left,4,outgoing,256,02:00:00:00:00:01,02:00:00:00:00:02,0x88b5,reverse,1,2983
4104,1787044780042013,l_left,4,outgoing,256,02:00:00:00:00:01,02:00:00:00:00:02,0x88b5,reverse,1,2984
4105,1787044780042272,l_left,4,outgoing,256,02:00:00:00:00:01,02:00:00:00:00:02,0x88b5,reverse,1,2985
4106,1787044780042518,l_left,4,outgoing,256,02:00:00:00:00:01,02:00:00:00:00:02,0x88b5,reverse,1,2986
4107,1787044780042773,l_left,4,outgoing,256,02:00:00:00:00:01,02:00:00:00:00:02,0x88b5,reverse,1,2987
4108,1787044780043010,l_left,4,outgoing,256,02:00:00:00:00:01,02:00:00:00:00:02,0x88b5,reverse,1,2988
4109,1787044780043260,l_left,4,outgoing,256,02:00:00:00:00:01,02:00:00:00:00:02,0x88b5,reverse,1,2989
4110,1787044780043473,l_left,4,outgoing,256,02:00:00:00:00:01,02:00:00:00:00:02,0x88b5,reverse,1,2990
4111,1787044780043718,l_left,4,outgoing,256,02:00:00:00:00:01,02:00:00:00:00:02,0x88b5,reverse,1,2991
4112,1787044780044298,l_left,3,otherhost,256,02:00:00:00:00:02,02:00:00:00:00:01,0x88b5,forward,1,1120
4113,1787044780044312,l_left,3,otherhost,256,02:00:00:00:00:02,02:00:00:00:00:01,0x88b5,forward,1,1121
4114,1787044780050575,l_left,3,otherhost,256,02:00:00:00:00:02,02:00:00:00:00:01,0x88b5,forward,1,1122
4115,1787044780050698,l_left,3,otherhost,256,02:00:00:00:00:02,02:00:00:00:00:01,0x88b5,forward,1,1123
4116,1787044780050946,l_left,3,otherhost,256,02:00:00:00:00:02,02:00:00:00:00:01,0x88b5,forward,1,1124
4117,1787044780051196,l_left,3,otherhost,256,02:00:00:00:00:02,02:00:00:00:00:01,0x88b5,forward,1,1125
4118,1787044780051596,l_left,4,outgoing,256,02:00:00:00:00:01,02:00:00:00:00:02,0x88b5,reverse,1,2992
4119,1787044780051719,l_left,4,outgoing,256,02:00:00:00:00:01,02:00:00:00:00:02,0x88b5,reverse,1,2993
4120,1787044780250960,l_left,4,outgoing,256,02:00:00:00:00:01,02:00:00:00:00:02,0x88b5,reverse,1,2994
4121,1787044780250990,l_left,4,outgoing,256,02:00:00:00:00:01,02:00:00:00:00:02,0x88b5,reverse,1,2995
4122,1787044780251004,l_left,4,outgoing,256,02:00:00:00:00:01,02:00:00:00:00:02,0x88b5,reverse,1,2996
4123,1787044780251265,l_left,4,outgoing,256,02:00:00:00:00:01,02:00:00:00:00:02,0x88b5,reverse,1,2997
4124,1787044780251513,l_left,4,outgoing,256,02:00:00:00:00:01,02:00:00:00:00:02,0x88b5,reverse,1,2998
4125,1787044780251763,l_left,4,outgoing,256,02:00:00:00:00:01,02:00:00:00:00:02,0x88b5,reverse,1,2999
4126,1787044780252013,l_left,4,outgoing,256,02:00:00:00:00:01,02:00:00:00:00:02,0x88b5,reverse,1,3000
4127,1787044780252265,l_left,4,outgoing,256,02:00:00:00:00:01,02:00:00:00:00:02,0x88b5,reverse,1,3001
4128,1787044780252516,l_left,4,outgoing,256,02:00:00:00:00:01,02:00:00:00:00:02,0x88b5,reverse,1,3002
4129,1787044780252760,l_left,4,outgoing,256,02:00:00:00:00:01,02:00:00:00:00:02,0x88b5,reverse,1,3003
4130,1787044780252988,l_left,4,outgoing,256,02:00:00:00:00:01,02:00:00:00:00:02,0x88b5,reverse,1,3004
4131,1787044780253179,l_left,4,outgoing,256,02:00:00:00:00:01,02:00:00:00:00:02,0x88b5,reverse,1,3005
4132,1787044780253474,l_left,4,outgoing,256,02:00:00:00:00:01,02:00:00:00:00:02,0x88b5,reverse,1,3006
4133,1787044780253716,l_left,4,outgoing,256,02:00:00:00:00:01,02:00:00:00:00:02,0x88b5,reverse,1,3007
4134,1787044780254289,l_left,3,otherhost,256,02:00:00:00:00:02,02:00:00:00:00:01,0x88b5,forward,1,1126
4135,1787044780254300,l_left,3,otherhost,256,02:00:00:00:00:02,02:00:00:00:00:01,0x88b5,forward,1,1127
4136,1787044780260576,l_left,3,otherhost,256,02:00:00:00:00:02,02:00:00:00:00:01,0x88b5,forward,1,1128
4137,1787044780260699,l_left,3,otherhost,256,02:00:00:00:00:02,02:00:00:00:00:01,0x88b5,forward,1,1129
4138,1787044780260947,l_left,3,otherhost,256,02:00:00:00:00:02,02:00:00:00:00:01,0x88b5,forward,1,1130
4139,1787044780261154,l_left,3,otherhost,256,02:00:00:00:00:02,02:00:00:00:00:01,0x88b5,forward,1,1131
4140,1787044780261500,l_left,4,outgoing,256,02:00:00:00:00:01,02:00:00:00:00:02,0x88b5,reverse,1,3008
4141,1787044780261716,l_left,4,outgoing,256,02:00:00:00:00:01,02:00:00:00:00:02,0x88b5,reverse,1,3009
4142,1787044780460962,l_left,4,outgoing,256,02:00:00:00:00:01,02:00:00:00:00:02,0x88b5,reverse,1,3010
4143,1787044780460985,l_left,4,outgoing,256,02:00:00:00:00:01,02:00:00:00:00:02,0x88b5,reverse,1,3011
4144,1787044780460997,l_left,4,outgoing,256,02:00:00:00:00:01,02:00:00:00:00:02,0x88b5,reverse,1,3012
4145,1787044780461229,l_left,4,outgoing,256,02:00:00:00:00:01,02:00:00:00:00:02,0x88b5,reverse,1,3013
4146,1787044780461521,l_left,4,outgoing,256,02:00:00:00:00:01,02:00:00:00:00:02,0x88b5,reverse,1,3014
4147,1787044780461762,l_left,4,outgoing,256,02:00:00:00:00:01,02:00:00:00:00:02,0x88b5,reverse,1,3015
4148,1787044780462017,l_left,4,outgoing,256,02:00:00:00:00:01,02:00:00:00:00:02,0x88b5,reverse,1,3016
4149,1787044780462269,l_left,4,outgoing,256,02:00:00:00:00:01,02:00:00:00:00:02,0x88b5,reverse,1,3017
4150,1787044780462519,l_left,4,outgoing,256,02:00:00:00:00:01,02:00:00:00:00:02,0x88b5,reverse,1,3018
4151,1787044780462767,l_left,4,outgoing,256,02:00:00:00:00:01,02:00:00:00:00:02,0x88b5,reverse,1,3019
4152,1787044780463010,l_left,4,outgoing,256,02:00:00:00:00:01,02:00:00:00:00:02,0x88b5,reverse,1,3020
4153,1787044780463261,l_left,4,outgoing,256,02:00:00:00:00:01,02:00:00:00:00:02,0x88b5,reverse,1,3021
4154,1787044780463473,l_left,4,outgoing,256,02:00:00:00:00:01,02:00:00:00:00:02,0x88b5,reverse,1,3022
4155,1787044780463717,l_left,4,outgoing,256,02:00:00:00:00:01,02:00:00:00:00:02,0x88b5,reverse,1,3023
4156,1787044780464287,l_left,3,otherhost,256,02:00:00:00:00:02,02:00:00:00:00:01,0x88b5,forward,1,1132
4157,1787044780464298,l_left,3,otherhost,256,02:00:00:00:00:02,02:00:00:00:00:01,0x88b5,forward,1,1133
4158,1787044780470580,l_left,3,otherhost,256,02:00:00:00:00:02,02:00:00:00:00:01,0x88b5,forward,1,1134
4159,1787044780470701,l_left,3,otherhost,256,02:00:00:00:00:02,02:00:00:00:00:01,0x88b5,forward,1,1135
4160,1787044780470946,l_left,3,otherhost,256,02:00:00:00:00:02,02:00:00:00:00:01,0x88b5,forward,1,1136
4161,1787044780471195,l_left,3,otherhost,256,02:00:00:00:00:02,02:00:00:00:00:01,0x88b5,forward,1,1137
4162,1787044780471548,l_left,4,outgoing,256,02:00:00:00:00:01,02:00:00:00:00:02,0x88b5,reverse,1,3024
4163,1787044780471715,l_left,4,outgoing,256,02:00:00:00:00:01,02:00:00:00:00:02,0x88b5,reverse,1,3025
4164,1787044780670968,l_left,4,outgoing,256,02:00:00:00:00:01,02:00:00:00:00:02,0x88b5,reverse,1,3026
4165,1787044780670990,l_left,4,outgoing,256,02:00:00:00:00:01,02:00:00:00:00:02,0x88b5,reverse,1,3027
4166,1787044780671003,l_left,4,outgoing,256,02:00:00:00:00:01,02:00:00:00:00:02,0x88b5,reverse,1,3028
4167,1787044780671269,l_left,4,outgoing,256,02:00:00:00:00:01,02:00:00:00:00:02,0x88b5,reverse,1,3029
4168,1787044780671512,l_left,4,outgoing,256,02:00:00:00:00:01,02:00:00:00:00:02,0x88b5,reverse,1,3030
4169,1787044780671766,l_left,4,outgoing,256,02:00:00:00:00:01,02:00:00:00:00:02,0x88b5,reverse,1,3031
4170,1787044780672016,l_left,4,outgoing,256,02:00:00:00:00:01,02:00:00:00:00:02,0x88b5,reverse,1,3032
4171,1787044780672270,l_left,4,outgoing,256,02:00:00:00:00:01,02:00:00:00:00:02,0x88b5,reverse,1,3033
4172,1787044780672518,l_left,4,outgoing,256,02:00:00:00:00:01,02:00:00:00:00:02,0x88b5,reverse,1,3034
4173,1787044780672771,l_left,4,outgoing,256,02:00:00:00:00:01,02:00:00:00:00:02,0x88b5,reverse,1,3035
4174,1787044780673022,l_left,4,outgoing,256,02:00:00:00:00:01,02:00:00:00:00:02,0x88b5,reverse,1,3036
4175,1787044780673206,l_left,4,outgoing,256,02:00:00:00:00:01,02:00:00:00:00:02,0x88b5,reverse,1,3037
4176,1787044780673474,l_left,4,outgoing,256,02:00:00:00:00:01,02:00:00:00:00:02,0x88b5,reverse,1,3038
4177,1787044780673717,l_left,4,outgoing,256,02:00:00:00:00:01,02:00:00:00:00:02,0x88b5,reverse,1,3039
4178,1787044780674290,l_left,3,otherhost,256,02:00:00:00:00:02,02:00:00:00:00:01,0x88b5,forward,1,1138
4179,1787044780674301,l_left,3,otherhost,256,02:00:00:00:00:02,02:00:00:00:00:01,0x88b5,forward,1,1139
4180,1787044780680585,l_left,3,otherhost,256,02:00:00:00:00:02,02:00:00:00:00:01,0x88b5,forward,1,1140
4181,1787044780680714,l_left,3,otherhost,256,02:00:00:00:00:02,02:00:00:00:00:01,0x88b5,forward,1,1141
4182,1787044780680949,l_left,3,otherhost,256,02:00:00:00:00:02,02:00:00:00:00:01,0x88b5,forward,1,1142
4183,1787044780681156,l_left,3,otherhost,256,02:00:00:00:00:02,02:00:00:00:00:01,0x88b5,forward,1,1143
4184,1787044780681501,l_left,4,outgoing,256,02:00:00:00:00:01,02:00:00:00:00:02,0x88b5,reverse,1,3040
4185,1787044780681716,l_left,4,outgoing,256,02:00:00:00:00:01,02:00:00:00:00:02,0x88b5,reverse,1,3041
4186,1787044780880979,l_left,4,outgoing,256,02:00:00:00:00:01,02:00:00:00:00:02,0x88b5,reverse,1,3042
4187,1787044780881003,l_left,4,outgoing,256,02:00:00:00:00:01,02:00:00:00:00:02,0x88b5,reverse,1,3043
4188,1787044780881017,l_left,4,outgoing,256,02:00:00:00:00:01,02:00:00:00:00:02,0x88b5,reverse,1,3044
4189,1787044780881215,l_left,4,outgoing,256,02:00:00:00:00:01,02:00:00:00:00:02,0x88b5,reverse,1,3045
4190,1787044780881499,l_left,4,outgoing,256,02:00:00:00:00:01,02:00:00:00:00:02,0x88b5,reverse,1,3046
4191,1787044780881750,l_left,4,outgoing,256,02:00:00:00:00:01,02:00:00:00:00:02,0x88b5,reverse,1,3047
4192,1787044780882000,l_left,4,outgoing,256,02:00:00:00:00:01,02:00:00:00:00:02,0x88b5,reverse,1,3048
4193,1787044780882249,l_left,4,outgoing,256,02:00:00:00:00:01,02:00:00:00:00:02,0x88b5,reverse,1,3049
4194,1787044780882501,l_left,4,outgoing,256,02:00:00:00:00:01,02:00:00:00:00:02,0x88b5,reverse,1,3050
4195,1787044780882749,l_left,4,outgoing,256,02:00:00:00:00:01,02:00:00:00:00:02,0x88b5,reverse,1,3051
4196,1787044780883000,l_left,4,outgoing,256,02:00:00:00:00:01,02:00:00:00:00:02,0x88b5,reverse,1,3052
4197,1787044780883243,l_left,4,outgoing,256,02:00:00:00:00:01,02:00:00:00:00:02,0x88b5,reverse,1,3053
4198,1787044780883493,l_left,4,outgoing,256,02:00:00:00:00:01,02:00:00:00:00:02,0x88b5,reverse,1,3054
4199,1787044780883725,l_left,4,outgoing,256,02:00:00:00:00:01,02:00:00:00:00:02,0x88b5,reverse,1,3055
4200,1787044780884303,l_left,3,otherhost,256,02:00:00:00:00:02,02:00:00:00:00:01,0x88b5,forward,1,1144
4201,1787044780884314,l_left,3,otherhost,256,02:00:00:00:00:02,02:00:00:00:00:01,0x88b5,forward,1,1145
4202,1787044780890582,l_left,3,otherhost,256,02:00:00:00:00:02,02:00:00:00:00:01,0x88b5,forward,1,1146
4203,1787044780890698,l_left,3,otherhost,256,02:00:00:00:00:02,02:00:00:00:00:01,0x88b5,forward,1,1147
4204,1787044780890946,l_left,3,otherhost,256,02:00:00:00:00:02,02:00:00:00:00:01,0x88b5,forward,1,1148
4205,1787044780891196,l_left,3,otherhost,256,02:00:00:00:00:02,02:00:00:00:00:01,0x88b5,forward,1,1149
4206,1787044780891542,l_left,4,outgoing,256,02:00:00:00:00:01,02:00:00:00:00:02,0x88b5,reverse,1,3056
4207,1787044780891715,l_left,4,outgoing,256,02:00:00:00:00:01,02:00:00:00:00:02,0x88b5,reverse,1,3057
4208,1787044781090968,l_left,4,outgoing,256,02:00:00:00:00:01,02:00:00:00:00:02,0x88b5,reverse,1,3058
4209,1787044781090990,l_left,4,outgoing,256,02:00:00:00:00:01,02:00:00:00:00:02,0x88b5,reverse,1,3059
4210,1787044781091003,l_left,4,outgoing,256,02:00:00:00:00:01,02:00:00:00:00:02,0x88b5,reverse,1,3060
4211,1787044781091249,l_left,4,outgoing,256,02:00:00:00:00:01,02:00:00:00:00:02,0x88b5,reverse,1,3061
4212,1787044781091512,l_left,4,outgoing,256,02:00:00:00:00:01,02:00:00:00:00:02,0x88b5,reverse,1,3062
4213,1787044781091766,l_left,4,outgoing,256,02:00:00:00:00:01,02:00:00:00:00:02,0x88b5,reverse,1,3063
4214,1787044781092011,l_left,4,outgoing,256,02:00:00:00:00:01,02:00:00:00:00:02,0x88b5,reverse,1,3064
4215,1787044781092274,l_left,4,outgoing,256,02:00:00:00:00:01,02:00:00:00:00:02,0x88b5,reverse,1,3065
4216,1787044781092517,l_left,4,outgoing,256,02:00:00:00:00:01,02:00:00:00:00:02,0x88b5,reverse,1,3066
4217,1787044781092739,l_left,4,outgoing,256,02:00:00:00:00:01,02:00:00:00:00:02,0x88b5,reverse,1,3067
4218,1787044781092984,l_left,4,outgoing,256,02:00:00:00:00:01,02:00:00:00:00:02,0x88b5,reverse,1,3068
4219,1787044781093188,l_left,4,outgoing,256,02:00:00:00:00:01,02:00:00:00:00:02,0x88b5,reverse,1,3069
4220,1787044781093474,l_left,4,outgoing,256,02:00:00:00:00:01,02:00:00:00:00:02,0x88b5,reverse,1,3070
4221,1787044781093721,l_left,4,outgoing,256,02:00:00:00:00:01,02:00:00:00:00:02,0x88b5,reverse,1,3071
4222,1787044781094294,l_left,3,otherhost,256,02:00:00:00:00:02,02:00:00:00:00:01,0x88b5,forward,1,1150
4223,1787044781094304,l_left,3,otherhost,256,02:00:00:00:00:02,02:00:00:00:00:01,0x88b5,forward,1,1151
4224,1787044781100597,l_left,3,otherhost,256,02:00:00:00:00:02,02:00:00:00:00:01,0x88b5,forward,1,1152
4225,1787044781100701,l_left,3,otherhost,256,02:00:00:00:00:02,02:00:00:00:00:01,0x88b5,forward,1,1153
4226,1787044781100947,l_left,3,otherhost,256,02:00:00:00:00:02,02:00:00:00:00:01,0x88b5,forward,1,1154
4227,1787044781101159,l_left,3,otherhost,256,02:00:00:00:00:02,02:00:00:00:00:01,0x88b5,forward,1,1155
4228,1787044781101515,l_left,4,outgoing,256,02:00:00:00:00:01,02:00:00:00:00:02,0x88b5,reverse,1,3072
4229,1787044781101718,l_left,4,outgoing,256,02:00:00:00:00:01,02:00:00:00:00:02,0x88b5,reverse,1,3073
4230,1787044781300957,l_left,4,outgoing,256,02:00:00:00:00:01,02:00:00:00:00:02,0x88b5,reverse,1,3074
4231,1787044781300979,l_left,4,outgoing,256,02:00:00:00:00:01,02:00:00:00:00:02,0x88b5,reverse,1,3075
4232,1787044781300992,l_left,4,outgoing,256,02:00:00:00:00:01,02:00:00:00:00:02,0x88b5,reverse,1,3076
4233,1787044781301229,l_left,4,outgoing,256,02:00:00:00:00:01,02:00:00:00:00:02,0x88b5,reverse,1,3077
4234,1787044781301521,l_left,4,outgoing,256,02:00:00:00:00:01,02:00:00:00:00:02,0x88b5,reverse,1,3078
4235,1787044781301770,l_left,4,outgoing,256,02:00:00:00:00:01,02:00:00:00:00:02,0x88b5,reverse,1,3079
4236,1787044781302028,l_left,4,outgoing,256,02:00:00:00:00:01,02:00:00:00:00:02,0x88b5,reverse,1,3080
4237,1787044781302269,l_left,4,outgoing,256,02:00:00:00:00:01,02:00:00:00:00:02,0x88b5,reverse,1,3081
4238,1787044781302523,l_left,4,outgoing,256,02:00:00:00:00:01,02:00:00:00:00:02,0x88b5,reverse,1,3082
4239,1787044781302760,l_left,4,outgoing,256,02:00:00:00:00:01,02:00:00:00:00:02,0x88b5,reverse,1,3083
4240,1787044781303017,l_left,4,outgoing,256,02:00:00:00:00:01,02:00:00:00:00:02,0x88b5,reverse,1,3084
4241,1787044781303264,l_left,4,outgoing,256,02:00:00:00:00:01,02:00:00:00:00:02,0x88b5,reverse,1,3085
4242,1787044781303475,l_left,4,outgoing,256,02:00:00:00:00:01,02:00:00:00:00:02,0x88b5,reverse,1,3086
4243,1787044781303719,l_left,4,outgoing,256,02:00:00:00:00:01,02:00:00:00:00:02,0x88b5,reverse,1,3087
4244,1787044781304295,l_left,3,otherhost,256,02:00:00:00:00:02,02:00:00:00:00:01,0x88b5,forward,1,1156
4245,1787044781304305,l_left,3,otherhost,256,02:00:00:00:00:02,02:00:00:00:00:01,0x88b5,forward,1,1157
4246,1787044781310583,l_left,3,otherhost,256,02:00:00:00:00:02,02:00:00:00:00:01,0x88b5,forward,1,1158
4247,1787044781310699,l_left,3,otherhost,256,02:00:00:00:00:02,02:00:00:00:00:01,0x88b5,forward,1,1159
4248,1787044781310946,l_left,3,otherhost,256,02:00:00:00:00:02,02:00:00:00:00:01,0x88b5,forward,1,1160
4249,1787044781311200,l_left,3,otherhost,256,02:00:00:00:00:02,02:00:00:00:00:01,0x88b5,forward,1,1161
4250,1787044781311550,l_left,4,outgoing,256,02:00:00:00:00:01,02:00:00:00:00:02,0x88b5,reverse,1,3088
4251,1787044781311721,l_left,4,outgoing,256,02:00:00:00:00:01,02:00:00:00:00:02,0x88b5,reverse,1,3089
4252,1787044781510972,l_left,4,outgoing,256,02:00:00:00:00:01,02:00:00:00:00:02,0x88b5,reverse,1,3090
4253,1787044781510994,l_left,4,outgoing,256,02:00:00:00:00:01,02:00:00:00:00:02,0x88b5,reverse,1,3091
4254,1787044781511007,l_left,4,outgoing,256,02:00:00:00:00:01,02:00:00:00:00:02,0x88b5,reverse,1,3092
4255,1787044781511272,l_left,4,outgoing,256,02:00:00:00:00:01,02:00:00:00:00:02,0x88b5,reverse,1,3093
4256,1787044781511513,l_left,4,outgoing,256,02:00:00:00:00:01,02:00:00:00:00:02,0x88b5,reverse,1,3094
4257,1787044781511763,l_left,4,outgoing,256,02:00:00:00:00:01,02:00:00:00:00:02,0x88b5,reverse,1,3095
4258,1787044781512012,l_left,4,outgoing,256,02:00:00:00:00:01,02:00:00:00:00:02,0x88b5,reverse,1,3096
4259,1787044781512268,l_left,4,outgoing,256,02:00:00:00:00:01,02:00:00:00:00:02,0x88b5,reverse,1,3097
4260,1787044781512519,l_left,4,outgoing,256,02:00:00:00:00:01,02:00:00:00:00:02,0x88b5,reverse,1,3098
4261,1787044781512768,l_left,4,outgoing,256,02:00:00:00:00:01,02:00:00:00:00:02,0x88b5,reverse,1,3099
4262,1787044781513014,l_left,4,outgoing,256,02:00:00:00:00:01,02:00:00:00:00:02,0x88b5,reverse,1,3100
4263,1787044781513214,l_left,4,outgoing,256,02:00:00:00:00:01,02:00:00:00:00:02,0x88b5,reverse,1,3101
4264,1787044781513475,l_left,4,outgoing,256,02:00:00:00:00:01,02:00:00:00:00:02,0x88b5,reverse,1,3102
4265,1787044781513722,l_left,4,outgoing,256,02:00:00:00:00:01,02:00:00:00:00:02,0x88b5,reverse,1,3103
4266,1787044781514299,l_left,3,otherhost,256,02:00:00:00:00:02,02:00:00:00:00:01,0x88b5,forward,1,1162
4267,1787044781514309,l_left,3,otherhost,256,02:00:00:00:00:02,02:00:00:00:00:01,0x88b5,forward,1,1163
4268,1787044781520605,l_left,3,otherhost,256,02:00:00:00:00:02,02:00:00:00:00:01,0x88b5,forward,1,1164
4269,1787044781520700,l_left,3,otherhost,256,02:00:00:00:00:02,02:00:00:00:00:01,0x88b5,forward,1,1165
4270,1787044781520946,l_left,3,otherhost,256,02:00:00:00:00:02,02:00:00:00:00:01,0x88b5,forward,1,1166
4271,1787044781521156,l_left,3,otherhost,256,02:00:00:00:00:02,02:00:00:00:00:01,0x88b5,forward,1,1167
4272,1787044781521544,l_left,4,outgoing,256,02:00:00:00:00:01,02:00:00:00:00:02,0x88b5,reverse,1,3104
4273,1787044781521714,l_left,4,outgoing,256,02:00:00:00:00:01,02:00:00:00:00:02,0x88b5,reverse,1,3105
4274,1787044781720879,l_left,4,outgoing,256,02:00:00:00:00:01,02:00:00:00:00:02,0x88b5,reverse,1,3106
4275,1787044781720901,l_left,4,outgoing,256,02:00:00:00:00:01,02:00:00:00:00:02,0x88b5,reverse,1,3107
4276,1787044781720974,l_left,4,outgoing,256,02:00:00:00:00:01,02:00:00:00:00:02,0x88b5,reverse,1,3108
4277,1787044781721225,l_left,4,outgoing,256,02:00:00:00:00:01,02:00:00:00:00:02,0x88b5,reverse,1,3109
4278,1787044781721515,l_left,4,outgoing,256,02:00:00:00:00:01,02:00:00:00:00:02,0x88b5,reverse,1,3110
4279,1787044781721760,l_left,4,outgoing,256,02:00:00:00:00:01,02:00:00:00:00:02,0x88b5,reverse,1,3111
4280,1787044781722014,l_left,4,outgoing,256,02:00:00:00:00:01,02:00:00:00:00:02,0x88b5,reverse,1,3112
4281,1787044781722259,l_left,4,outgoing,256,02:00:00:00:00:01,02:00:00:00:00:02,0x88b5,reverse,1,3113
4282,1787044781722516,l_left,4,outgoing,256,02:00:00:00:00:01,02:00:00:00:00:02,0x88b5,reverse,1,3114
4283,1787044781722763,l_left,4,outgoing,256,02:00:00:00:00:01,02:00:00:00:00:02,0x88b5,reverse,1,3115
4284,1787044781723018,l_left,4,outgoing,256,02:00:00:00:00:01,02:00:00:00:00:02,0x88b5,reverse,1,3116
4285,1787044781723221,l_left,4,outgoing,256,02:00:00:00:00:01,02:00:00:00:00:02,0x88b5,reverse,1,3117
4286,1787044781723466,l_left,4,outgoing,256,02:00:00:00:00:01,02:00:00:00:00:02,0x88b5,reverse,1,3118
4287,1787044781723712,l_left,4,outgoing,256,02:00:00:00:00:01,02:00:00:00:00:02,0x88b5,reverse,1,3119
4288,1787044781724370,l_left,3,otherhost,256,02:00:00:00:00:02,02:00:00:00:00:01,0x88b5,forward,1,1168
4289,1787044781724380,l_left,3,otherhost,256,02:00:00:00:00:02,02:00:00:00:00:01,0x88b5,forward,1,1169
4290,1787044781730629,l_left,3,otherhost,256,02:00:00:00:00:02,02:00:00:00:00:01,0x88b5,forward,1,1170
4291,1787044781730699,l_left,3,otherhost,256,02:00:00:00:00:02,02:00:00:00:00:01,0x88b5,forward,1,1171
4292,1787044781730947,l_left,3,otherhost,256,02:00:00:00:00:02,02:00:00:00:00:01,0x88b5,forward,1,1172
4293,1787044781731195,l_left,3,otherhost,256,02:00:00:00:00:02,02:00:00:00:00:01,0x88b5,forward,1,1173
4294,1787044781731490,l_left,4,outgoing,256,02:00:00:00:00:01,02:00:00:00:00:02,0x88b5,reverse,1,3120
4295,1787044781731733,l_left,4,outgoing,256,02:00:00:00:00:01,02:00:00:00:00:02,0x88b5,reverse,1,3121
4296,1787044781930904,l_left,4,outgoing,256,02:00:00:00:00:01,02:00:00:00:00:02,0x88b5,reverse,1,3122
4297,1787044781930926,l_left,4,outgoing,256,02:00:00:00:00:01,02:00:00:00:00:02,0x88b5,reverse,1,3123
4298,1787044781930985,l_left,4,outgoing,256,02:00:00:00:00:01,02:00:00:00:00:02,0x88b5,reverse,1,3124
4299,1787044781931284,l_left,4,outgoing,256,02:00:00:00:00:01,02:00:00:00:00:02,0x88b5,reverse,1,3125
4300,1787044781931531,l_left,4,outgoing,256,02:00:00:00:00:01,02:00:00:00:00:02,0x88b5,reverse,1,3126
4301,1787044781931782,l_left,4,outgoing,256,02:00:00:00:00:01,02:00:00:00:00:02,0x88b5,reverse,1,3127
4302,1787044781932037,l_left,4,outgoing,256,02:00:00:00:00:01,02:00:00:00:00:02,0x88b5,reverse,1,3128
4303,1787044781932292,l_left,4,outgoing,256,02:00:00:00:00:01,02:00:00:00:00:02,0x88b5,reverse,1,3129
4304,1787044781932536,l_left,4,outgoing,256,02:00:00:00:00:01,02:00:00:00:00:02,0x88b5,reverse,1,3130
4305,1787044781932774,l_left,4,outgoing,256,02:00:00:00:00:01,02:00:00:00:00:02,0x88b5,reverse,1,3131
4306,1787044781933014,l_left,4,outgoing,256,02:00:00:00:00:01,02:00:00:00:00:02,0x88b5,reverse,1,3132
4307,1787044781933189,l_left,4,outgoing,256,02:00:00:00:00:01,02:00:00:00:00:02,0x88b5,reverse,1,3133
4308,1787044781933467,l_left,4,outgoing,256,02:00:00:00:00:01,02:00:00:00:00:02,0x88b5,reverse,1,3134
4309,1787044781933712,l_left,4,outgoing,256,02:00:00:00:00:01,02:00:00:00:00:02,0x88b5,reverse,1,3135
4310,1787044781933990,l_left,3,otherhost,256,02:00:00:00:00:02,02:00:00:00:00:01,0x88b5,forward,1,1174
4311,1787044781934201,l_left,3,otherhost,256,02:00:00:00:00:02,02:00:00:00:00:01,0x88b5,forward,1,1175
4312,1787044781940592,l_left,3,otherhost,256,02:00:00:00:00:02,02:00:00:00:00:01,0x88b5,forward,1,1176
4313,1787044781940704,l_left,3,otherhost,256,02:00:00:00:00:02,02:00:00:00:00:01,0x88b5,forward,1,1177
4314,1787044781940947,l_left,3,otherhost,256,02:00:00:00:00:02,02:00:00:00:00:01,0x88b5,forward,1,1178
4315,1787044781941156,l_left,3,otherhost,256,02:00:00:00:00:02,02:00:00:00:00:01,0x88b5,forward,1,1179
4316,1787044781941545,l_left,4,outgoing,256,02:00:00:00:00:01,02:00:00:00:00:02,0x88b5,reverse,1,3136
4317,1787044781941715,l_left,4,outgoing,256,02:00:00:00:00:01,02:00:00:00:00:02,0x88b5,reverse,1,3137
4318,1787044782140908,l_left,4,outgoing,256,02:00:00:00:00:01,02:00:00:00:00:02,0x88b5,reverse,1,3138
4319,1787044782140931,l_left,4,outgoing,256,02:00:00:00:00:01,02:00:00:00:00:02,0x88b5,reverse,1,3139
4320,1787044782140970,l_left,4,outgoing,256,02:00:00:00:00:01,02:00:00:00:00:02,0x88b5,reverse,1,3140
4321,1787044782141255,l_left,4,outgoing,256,02:00:00:00:00:01,02:00:00:00:00:02,0x88b5,reverse,1,3141
4322,1787044782141528,l_left,4,outgoing,256,02:00:00:00:00:01,02:00:00:00:00:02,0x88b5,reverse,1,3142
4323,1787044782141788,l_left,4,outgoing,256,02:00:00:00:00:01,02:00:00:00:00:02,0x88b5,reverse,1,3143
4324,1787044782142034,l_left,4,outgoing,256,02:00:00:00:00:01,02:00:00:00:00:02,0x88b5,reverse,1,3144
4325,1787044782142293,l_left,4,outgoing,256,02:00:00:00:00:01,02:00:00:00:00:02,0x88b5,reverse,1,3145
4326,1787044782142540,l_left,4,outgoing,256,02:00:00:00:00:01,02:00:00:00:00:02,0x88b5,reverse,1,3146
4327,1787044782142779,l_left,4,outgoing,256,02:00:00:00:00:01,02:00:00:00:00:02,0x88b5,reverse,1,3147
4328,1787044782143031,l_left,4,outgoing,256,02:00:00:00:00:01,02:00:00:00:00:02,0x88b5,reverse,1,3148
4329,1787044782143249,l_left,4,outgoing,256,02:00:00:00:00:01,02:00:00:00:00:02,0x88b5,reverse,1,3149
4330,1787044782143471,l_left,4,outgoing,256,02:00:00:00:00:01,02:00:00:00:00:02,0x88b5,reverse,1,3150
4331,1787044782143718,l_left,4,outgoing,256,02:00:00:00:00:01,02:00:00:00:00:02,0x88b5,reverse,1,3151
4332,1787044782144291,l_left,3,otherhost,256,02:00:00:00:00:02,02:00:00:00:00:01,0x88b5,forward,1,1180
4333,1787044782144301,l_left,3,otherhost,256,02:00:00:00:00:02,02:00:00:00:00:01,0x88b5,forward,1,1181
4334,1787044782150574,l_left,3,otherhost,256,02:00:00:00:00:02,02:00:00:00:00:01,0x88b5,forward,1,1182
4335,1787044782150698,l_left,3,otherhost,256,02:00:00:00:00:02,02:00:00:00:00:01,0x88b5,forward,1,1183
4336,1787044782150946,l_left,3,otherhost,256,02:00:00:00:00:02,02:00:00:00:00:01,0x88b5,forward,1,1184
4337,1787044782151196,l_left,3,otherhost,256,02:00:00:00:00:02,02:00:00:00:00:01,0x88b5,forward,1,1185
4338,1787044782151492,l_left,4,outgoing,256,02:00:00:00:00:01,02:00:00:00:00:02,0x88b5,reverse,1,3152
4339,1787044782151714,l_left,4,outgoing,256,02:00:00:00:00:01,02:00:00:00:00:02,0x88b5,reverse,1,3153
4340,1787044782351245,l_left,4,outgoing,256,02:00:00:00:00:01,02:00:00:00:00:02,0x88b5,reverse,1,3154
4341,1787044782351267,l_left,4,outgoing,256,02:00:00:00:00:01,02:00:00:00:00:02,0x88b5,reverse,1,3155
4342,1787044782351280,l_left,4,outgoing,256,02:00:00:00:00:01,02:00:00:00:00:02,0x88b5,reverse,1,3156
4343,1787044782351294,l_left,4,outgoing,256,02:00:00:00:00:01,02:00:00:00:00:02,0x88b5,reverse,1,3157
4344,1787044782351537,l_left,4,outgoing,256,02:00:00:00:00:01,02:00:00:00:00:02,0x88b5,reverse,1,3158
4345,1787044782351788,l_left,4,outgoing,256,02:00:00:00:00:01,02:00:00:00:00:02,0x88b5,reverse,1,3159
4346,1787044782352043,l_left,4,outgoing,256,02:00:00:00:00:01,02:00:00:00:00:02,0x88b5,reverse,1,3160
4347,1787044782352295,l_left,4,outgoing,256,02:00:00:00:00:01,02:00:00:00:00:02,0x88b5,reverse,1,3161
4348,1787044782352537,l_left,4,outgoing,256,02:00:00:00:00:01,02:00:00:00:00:02,0x88b5,reverse,1,3162
4349,1787044782352785,l_left,4,outgoing,256,02:00:00:00:00:01,02:00:00:00:00:02,0x88b5,reverse,1,3163
4350,1787044782353033,l_left,4,outgoing,256,02:00:00:00:00:01,02:00:00:00:00:02,0x88b5,reverse,1,3164
4351,1787044782353203,l_left,4,outgoing,256,02:00:00:00:00:01,02:00:00:00:00:02,0x88b5,reverse,1,3165
4352,1787044782353494,l_left,4,outgoing,256,02:00:00:00:00:01,02:00:00:00:00:02,0x88b5,reverse,1,3166
4353,1787044782353720,l_left,4,outgoing,256,02:00:00:00:00:01,02:00:00:00:00:02,0x88b5,reverse,1,3167
4354,1787044782354307,l_left,3,otherhost,256,02:00:00:00:00:02,02:00:00:00:00:01,0x88b5,forward,1,1186
4355,1787044782354317,l_left,3,otherhost,256,02:00:00:00:00:02,02:00:00:00:00:01,0x88b5,forward,1,1187
4356,1787044782360640,l_left,3,otherhost,256,02:00:00:00:00:02,02:00:00:00:00:01,0x88b5,forward,1,1188
4357,1787044782360720,l_left,3,otherhost,256,02:00:00:00:00:02,02:00:00:00:00:01,0x88b5,forward,1,1189
4358,1787044782360968,l_left,3,otherhost,256,02:00:00:00:00:02,02:00:00:00:00:01,0x88b5,forward,1,1190
4359,1787044782361158,l_left,3,otherhost,256,02:00:00:00:00:02,02:00:00:00:00:01,0x88b5,forward,1,1191
4360,1787044782361544,l_left,4,outgoing,256,02:00:00:00:00:01,02:00:00:00:00:02,0x88b5,reverse,1,3168
4361,1787044782361714,l_left,4,outgoing,256,02:00:00:00:00:01,02:00:00:00:00:02,0x88b5,reverse,1,3169
4362,1787044782560901,l_left,4,outgoing,256,02:00:00:00:00:01,02:00:00:00:00:02,0x88b5,reverse,1,3170
4363,1787044782560930,l_left,4,outgoing,256,02:00:00:00:00:01,02:00:00:00:00:02,0x88b5,reverse,1,3171
4364,1787044782560987,l_left,4,outgoing,256,02:00:00:00:00:01,02:00:00:00:00:02,0x88b5,reverse,1,3172
4365,1787044782561257,l_left,4,outgoing,256,02:00:00:00:00:01,02:00:00:00:00:02,0x88b5,reverse,1,3173
4366,1787044782561531,l_left,4,outgoing,256,02:00:00:00:00:01,02:00:00:00:00:02,0x88b5,reverse,1,3174
4367,1787044782561791,l_left,4,outgoing,256,02:00:00:00:00:01,02:00:00:00:00:02,0x88b5,reverse,1,3175
4368,1787044782562036,l_left,4,outgoing,256,02:00:00:00:00:01,02:00:00:00:00:02,0x88b5,reverse,1,3176
4369,1787044782562290,l_left,4,outgoing,256,02:00:00:00:00:01,02:00:00:00:00:02,0x88b5,reverse,1,3177
4370,1787044782562542,l_left,4,outgoing,256,02:00:00:00:00:01,02:00:00:00:00:02,0x88b5,reverse,1,3178
4371,1787044782562793,l_left,4,outgoing,256,02:00:00:00:00:01,02:00:00:00:00:02,0x88b5,reverse,1,3179
4372,1787044782563036,l_left,4,outgoing,256,02:00:00:00:00:01,02:00:00:00:00:02,0x88b5,reverse,1,3180
4373,1787044782563239,l_left,4,outgoing,256,02:00:00:00:00:01,02:00:00:00:00:02,0x88b5,reverse,1,3181
4374,1787044782563468,l_left,4,outgoing,256,02:00:00:00:00:01,02:00:00:00:00:02,0x88b5,reverse,1,3182
4375,1787044782563712,l_left,4,outgoing,256,02:00:00:00:00:01,02:00:00:00:00:02,0x88b5,reverse,1,3183
4376,1787044782564293,l_left,3,otherhost,256,02:00:00:00:00:02,02:00:00:00:00:01,0x88b5,forward,1,1192
4377,1787044782564303,l_left,3,otherhost,256,02:00:00:00:00:02,02:00:00:00:00:01,0x88b5,forward,1,1193
4378,1787044782570574,l_left,3,otherhost,256,02:00:00:00:00:02,02:00:00:00:00:01,0x88b5,forward,1,1194
4379,1787044782570699,l_left,3,otherhost,256,02:00:00:00:00:02,02:00:00:00:00:01,0x88b5,forward,1,1195
4380,1787044782570947,l_left,3,otherhost,256,02:00:00:00:00:02,02:00:00:00:00:01,0x88b5,forward,1,1196
4381,1787044782571195,l_left,3,otherhost,256,02:00:00:00:00:02,02:00:00:00:00:01,0x88b5,forward,1,1197
4382,1787044782571492,l_left,4,outgoing,256,02:00:00:00:00:01,02:00:00:00:00:02,0x88b5,reverse,1,3184
4383,1787044782571717,l_left,4,outgoing,256,02:00:00:00:00:01,02:00:00:00:00:02,0x88b5,reverse,1,3185
4384,1787044782770899,l_left,4,outgoing,256,02:00:00:00:00:01,02:00:00:00:00:02,0x88b5,reverse,1,3186
4385,1787044782770922,l_left,4,outgoing,256,02:00:00:00:00:01,02:00:00:00:00:02,0x88b5,reverse,1,3187
4386,1787044782770979,l_left,4,outgoing,256,02:00:00:00:00:01,02:00:00:00:00:02,0x88b5,reverse,1,3188
4387,1787044782771281,l_left,4,outgoing,256,02:00:00:00:00:01,02:00:00:00:00:02,0x88b5,reverse,1,3189
4388,1787044782771538,l_left,4,outgoing,256,02:00:00:00:00:01,02:00:00:00:00:02,0x88b5,reverse,1,3190
4389,1787044782771771,l_left,4,outgoing,256,02:00:00:00:00:01,02:00:00:00:00:02,0x88b5,reverse,1,3191
4390,1787044782772014,l_left,4,outgoing,256,02:00:00:00:00:01,02:00:00:00:00:02,0x88b5,reverse,1,3192
4391,1787044782772263,l_left,4,outgoing,256,02:00:00:00:00:01,02:00:00:00:00:02,0x88b5,reverse,1,3193
4392,1787044782772512,l_left,4,outgoing,256,02:00:00:00:00:01,02:00:00:00:00:02,0x88b5,reverse,1,3194
4393,1787044782772762,l_left,4,outgoing,256,02:00:00:00:00:01,02:00:00:00:00:02,0x88b5,reverse,1,3195
4394,1787044782773014,l_left,4,outgoing,256,02:00:00:00:00:01,02:00:00:00:00:02,0x88b5,reverse,1,3196
4395,1787044782773188,l_left,4,outgoing,256,02:00:00:00:00:01,02:00:00:00:00:02,0x88b5,reverse,1,3197
4396,1787044782773470,l_left,4,outgoing,256,02:00:00:00:00:01,02:00:00:00:00:02,0x88b5,reverse,1,3198
4397,1787044782773720,l_left,4,outgoing,256,02:00:00:00:00:01,02:00:00:00:00:02,0x88b5,reverse,1,3199
4398,1787044782774323,l_left,3,otherhost,256,02:00:00:00:00:02,02:00:00:00:00:01,0x88b5,forward,1,1198
4399,1787044782774334,l_left,3,otherhost,256,02:00:00:00:00:02,02:00:00:00:00:01,0x88b5,forward,1,1199
4400,1787044782780606,l_left,3,otherhost,256,02:00:00:00:00:02,02:00:00:00:00:01,0x88b5,forward,1,1200
4401,1787044782780701,l_left,3,otherhost,256,02:00:00:00:00:02,02:00:00:00:00:01,0x88b5,forward,1,1201
4402,1787044782780949,l_left,3,otherhost,256,02:00:00:00:00:02,02:00:00:00:00:01,0x88b5,forward,1,1202
4403,1787044782781163,l_left,3,otherhost,256,02:00:00:00:00:02,02:00:00:00:00:01,0x88b5,forward,1,1203
4404,1787044782781548,l_left,4,outgoing,256,02:00:00:00:00:01,02:00:00:00:00:02,0x88b5,reverse,1,3200
4405,1787044782781718,l_left,4,outgoing,256,02:00:00:00:00:01,02:00:00:00:00:02,0x88b5,reverse,1,3201
