index,timestamp_us,interface,packet_type,packet_type_name,wire_len,dst_mac,src_mac,ethertype,direction,key_epoch,cell_counter
0,1787041210826511,l_left,3,otherhost,256,02:00:00:00:00:02,02:00:00:00:00:01,0x88b5,forward,1,0
1,1787041210826586,l_left,3,otherhost,256,02:00:00:00:00:02,02:00:00:00:00:01,0x88b5,forward,1,1
2,1787041210826609,l_left,3,otherhost,256,02:00:00:00:00:02,02:00:00:00:00:01,0x88b5,forward,1,2
3,1787041210826829,l_left,3,otherhost,256,02:00:00:00:00:02,02:00:00:00:00:01,0x88b5,forward,1,3
4,1787041210827199,l_left,4,outgoing,256,02:00:00:00:00:01,02:00:00:00:00:02,0x88b5,reverse,1,0
5,1787041210827238,l_left,4,outgoing,256,02:00:00:00:00:01,02:00:00:00:00:02,0x88b5,reverse,1,1
6,1787041211026992,l_left,4,outgoing,256,02:00:00:00:00:01,02:00:00:00:00:02,0x88b5,reverse,1,2
7,1787041211027066,l_left,4,outgoing,256,02:00:00:00:00:01,02:00:00:00:00:02,0x88b5,reverse,1,3
8,1787041211027089,l_left,4,outgoing,256,02:00:00:00:00:01,02:00:00:00:00:02,0x88b5,reverse,1,4
9,1787041211027108,l_left,4,outgoing,256,02:00:00:00:00:01,02:00:00:00:00:02,0x88b5,reverse,1,5
10,1787041211027125,l_left,4,outgoing,256,02:00:00:00:00:01,02:00:00:00:00:02,0x88b5,reverse,1,6
11,1787041211027405,l_left,4,outgoing,256,02:00:00:00:00:01,02:00:00:00:00:02,0x88b5,reverse,1,7
12,1787041211027450,l_left,4,outgoing,256,02:00:00:00:00:01,02:00:00:00:00:02,0x88b5,reverse,1,8
13,1787041211027741,l_left,4,outgoing,256,02:00:00:00:00:01,02:00:00:00:00:02,0x88b5,reverse,1,9
14,1787041211027997,l_left,4,outgoing,256,02:00:00:00:00:01,02:00:00:00:00:02,0x88b5,reverse,1,10
15,1787041211028243,l_left,4,outgoing,256,02:00:00:00:00:01,02:00:00:00:00:02,0x88b5,reverse,1,11
16,1787041211028494,l_left,4,outgoing,256,02:00:00:00:00:01,02:00:00:00:00:02,0x88b5,reverse,1,12
17,1787041211028744,l_left,4,outgoing,256,02:00:00:00:00:01,02:00:00:00:00:02,0x88b5,reverse,1,13
18,1787041211028994,l_left,4,outgoing,256,02:00:00:00:00:01,02:00:00:00:00:02,0x88b5,reverse,1,14
19,1787041211029227,l_left,4,outgoing,256,02:00:00:00:00:01,02:00:00:00:00:02,0x88b5,reverse,1,15
20,1787041211029747,l_left,3,otherhost,256,02:00:00:00:00:02,02:00:00:00:00:01,0x88b5,forward,1,4
21,1787041211029785,l_left,3,otherhost,256,02:00:00:00:00:02,02:00:00:00:00:01,0x88b5,forward,1,5
22,1787041211036155,l_left,3,otherhost,256,02:00:00:00:00:02,02:00:00:00:00:01,0x88b5,forward,1,6
23,1787041211036199,l_left,3,otherhost,256,02:00:00:00:00:02,02:00:00:00:00:01,0x88b5,forward,1,7
24,1787041211036402,l_left,3,otherhost,256,02:00:00:00:00:02,02:00:00:00:00:01,0x88b5,forward,1,8
25,1787041211036758,l_left,3,otherhost,256,02:00:00:00:00:02,02:00:00:00:00:01,0x88b5,forward,1,9
26,1787041211037324,l_left,4,outgoing,256,02:00:00:00:00:01,02:00:00:00:00:02,0x88b5,reverse,1,16
27,1787041211037360,l_left,4,outgoing,256,02:00:00:00:00:01,02:00:00:00:00:02,0x88b5,reverse,1,17
28,1787041211236947,l_left,4,outgoing,256,02:00:00:00:00:01,02:00:00:00:00:02,0x88b5,reverse,1,18
29,1787041211237012,l_left,4,outgoing,256,02:00:00:00:00:01,02:00:00:00:00:02,0x88b5,reverse,1,19
30,1787041211237034,l_left,4,outgoing,256,02:00:00:00:00:01,02:00:00:00:00:02,0x88b5,reverse,1,20
31,1787041211237052,l_left,4,outgoing,256,02:00:00:00:00:01,02:00:00:00:00:02,0x88b5,reverse,1,21
32,1787041211237071,l_left,4,outgoing,256,02:00:00:00:00:01,02:00:00:00:00:02,0x88b5,reverse,1,22
33,1787041211237129,l_left,4,outgoing,256,02:00:00:00:00:01,02:00:00:00:00:02,0x88b5,reverse,1,23
34,1787041211237417,l_left,4,outgoing,256,02:00:00:00:00:01,02:00:00:00:00:02,0x88b5,reverse,1,24
35,1787041211237743,l_left,4,outgoing,256,02:00:00:00:00:01,02:00:00:00:00:02,0x88b5,reverse,1,25
36,1787041211237989,l_left,4,outgoing,256,02:00:00:00:00:01,02:00:00:00:00:02,0x88b5,reverse,1,26
37,1787041211238238,l_left,4,outgoing,256,02:00:00:00:00:01,02:00:00:00:00:02,0x88b5,reverse,1,27
38,1787041211238504,l_left,4,outgoing,256,02:00:00:00:00:01,02:00:00:00:00:02,0x88b5,reverse,1,28
39,1787041211238751,l_left,4,outgoing,256,02:00:00:00:00:01,02:00:00:00:00:02,0x88b5,reverse,1,29
40,1787041211238953,l_left,4,outgoing,256,02:00:00:00:00:01,02:00:00:00:00:02,0x88b5,reverse,1,30
41,1787041211239167,l_left,4,outgoing,256,02:00:00:00:00:01,02:00:00:00:00:02,0x88b5,reverse,1,31
42,1787041211239568,l_left,3,otherhost,256,02:00:00:00:00:02,02:00:00:00:00:01,0x88b5,forward,1,10
43,1787041211239586,l_left,3,otherhost,256,02:00:00:00:00:02,02:00:00:00:00:01,0x88b5,forward,1,11
44,1787041211246139,l_left,3,otherhost,256,02:00:00:00:00:02,02:00:00:00:00:01,0x88b5,forward,1,12
45,1787041211246159,l_left,3,otherhost,256,02:00:00:00:00:02,02:00:00:00:00:01,0x88b5,forward,1,13
46,1787041211246480,l_left,3,otherhost,256,02:00:00:00:00:02,02:00:00:00:00:01,0x88b5,forward,1,14
47,1787041211246605,l_left,3,otherhost,256,02:00:00:00:00:02,02:00:00:00:00:01,0x88b5,forward,1,15
48,1787041211247204,l_left,4,outgoing,256,02:00:00:00:00:01,02:00:00:00:00:02,0x88b5,reverse,1,32
49,1787041211247230,l_left,4,outgoing,256,02:00:00:00:00:01,02:00:00:00:00:02,0x88b5,reverse,1,33
50,1787041211447386,l_left,4,outgoing,256,02:00:00:00:00:01,02:00:00:00:00:02,0x88b5,reverse,1,34
51,1787041211447450,l_left,4,outgoing,256,02:00:00:00:00:01,02:00:00:00:00:02,0x88b5,reverse,1,35
52,1787041211447483,l_left,4,outgoing,256,02:00:00:00:00:01,02:00:00:00:00:02,0x88b5,reverse,1,36
53,1787041211447501,l_left,4,outgoing,256,02:00:00:00:00:01,02:00:00:00:00:02,0x88b5,reverse,1,37
54,1787041211447517,l_left,4,outgoing,256,02:00:00:00:00:01,02:00:00:00:00:02,0x88b5,reverse,1,38
55,1787041211447532,l_left,4,outgoing,256,02:00:00:00:00:01,02:00:00:00:00:02,0x88b5,reverse,1,39
56,1787041211447547,l_left,4,outgoing,256,02:00:00:00:00:01,02:00:00:00:00:02,0x88b5,reverse,1,40
57,1787041211447625,l_left,4,outgoing,256,02:00:00:00:00:01,02:00:00:00:00:02,0x88b5,reverse,1,41
58,1787041211447985,l_left,4,outgoing,256,02:00:00:00:00:01,02:00:00:00:00:02,0x88b5,reverse,1,42
59,1787041211448241,l_left,4,outgoing,256,02:00:00:00:00:01,02:00:00:00:00:02,0x88b5,reverse,1,43
60,1787041211448496,l_left,4,outgoing,256,02:00:00:00:00:01,02:00:00:00:00:02,0x88b5,reverse,1,44
61,1787041211448746,l_left,4,outgoing,256,02:00:00:00:00:01,02:00:00:00:00:02,0x88b5,reverse,1,45
62,1787041211448991,l_left,4,outgoing,256,02:00:00:00:00:01,02:00:00:00:00:02,0x88b5,reverse,1,46
63,1787041211449250,l_left,4,outgoing,256,02:00:00:00:00:01,02:00:00:00:00:02,0x88b5,reverse,1,47
64,1787041211449734,l_left,3,otherhost,256,02:00:00:00:00:02,02:00:00:00:00:01,0x88b5,forward,1,16
65,1787041211449778,l_left,3,otherhost,256,02:00:00:00:00:02,02:00:00:00:00:01,0x88b5,forward,1,17
66,1787041211456230,l_left,3,otherhost,256,02:00:00:00:00:02,02:00:00:00:00:01,0x88b5,forward,1,18
67,1787041211456267,l_left,3,otherhost,256,02:00:00:00:00:02,02:00:00:00:00:01,0x88b5,forward,1,19
68,1787041211456347,l_left,3,otherhost,256,02:00:00:00:00:02,02:00:00:00:00:01,0x88b5,forward,1,20
69,1787041211456643,l_left,3,otherhost,256,02:00:00:00:00:02,02:00:00:00:00:01,0x88b5,forward,1,21
70,1787041211457257,l_left,4,outgoing,256,02:00:00:00:00:01,02:00:00:00:00:02,0x88b5,reverse,1,48
71,1787041211457293,l_left,4,outgoing,256,02:00:00:00:00:01,02:00:00:00:00:02,0x88b5,reverse,1,49
72,1787041211656938,l_left,4,outgoing,256,02:00:00:00:00:01,02:00:00:00:00:02,0x88b5,reverse,1,50
73,1787041211657001,l_left,4,outgoing,256,02:00:00:00:00:01,02:00:00:00:00:02,0x88b5,reverse,1,51
74,1787041211657048,l_left,4,outgoing,256,02:00:00:00:00:01,02:00:00:00:00:02,0x88b5,reverse,1,52
75,1787041211657069,l_left,4,outgoing,256,02:00:00:00:00:01,02:00:00:00:00:02,0x88b5,reverse,1,53
76,1787041211657085,l_left,4,outgoing,256,02:00:00:00:00:01,02:00:00:00:00:02,0x88b5,reverse,1,54
77,1787041211657384,l_left,4,outgoing,256,02:00:00:00:00:01,02:00:00:00:00:02,0x88b5,reverse,1,55
78,1787041211657431,l_left,4,outgoing,256,02:00:00:00:00:01,02:00:00:00:00:02,0x88b5,reverse,1,56
79,1787041211657735,l_left,4,outgoing,256,02:00:00:00:00:01,02:00:00:00:00:02,0x88b5,reverse,1,57
80,1787041211657991,l_left,4,outgoing,256,02:00:00:00:00:01,02:00:00:00:00:02,0x88b5,reverse,1,58
81,1787041211658244,l_left,4,outgoing,256,02:00:00:00:00:01,02:00:00:00:00:02,0x88b5,reverse,1,59
82,1787041211658490,l_left,4,outgoing,256,02:00:00:00:00:01,02:00:00:00:00:02,0x88b5,reverse,1,60
83,1787041211658743,l_left,4,outgoing,256,02:00:00:00:00:01,02:00:00:00:00:02,0x88b5,reverse,1,61
84,1787041211658987,l_left,4,outgoing,256,02:00:00:00:00:01,02:00:00:00:00:02,0x88b5,reverse,1,62
85,1787041211659177,l_left,4,outgoing,256,02:00:00:00:00:01,02:00:00:00:00:02,0x88b5,reverse,1,63
86,1787041211659786,l_left,3,otherhost,256,02:00:00:00:00:02,02:00:00:00:00:01,0x88b5,forward,1,22
87,1787041211659824,l_left,3,otherhost,256,02:00:00:00:00:02,02:00:00:00:00:01,0x88b5,forward,1,23
88,1787041211666178,l_left,3,otherhost,256,02:00:00:00:00:02,02:00:00:00:00:01,0x88b5,forward,1,24
89,1787041211666228,l_left,3,otherhost,256,02:00:00:00:00:02,02:00:00:00:00:01,0x88b5,forward,1,25
90,1787041211666371,l_left,3,otherhost,256,02:00:00:00:00:02,02:00:00:00:00:01,0x88b5,forward,1,26
91,1787041211666607,l_left,3,otherhost,256,02:00:00:00:00:02,02:00:00:00:00:01,0x88b5,forward,1,27
92,1787041211667187,l_left,4,outgoing,256,02:00:00:00:00:01,02:00:00:00:00:02,0x88b5,reverse,1,64
93,1787041211667216,l_left,4,outgoing,256,02:00:00:00:00:01,02:00:00:00:00:02,0x88b5,reverse,1,65
94,1787041211867377,l_left,4,outgoing,256,02:00:00:00:00:01,02:00:00:00:00:02,0x88b5,reverse,1,66
95,1787041211867439,l_left,4,outgoing,256,02:00:00:00:00:01,02:00:00:00:00:02,0x88b5,reverse,1,67
96,1787041211867459,l_left,4,outgoing,256,02:00:00:00:00:01,02:00:00:00:00:02,0x88b5,reverse,1,68
97,1787041211867475,l_left,4,outgoing,256,02:00:00:00:00:01,02:00:00:00:00:02,0x88b5,reverse,1,69
98,1787041211867495,l_left,4,outgoing,256,02:00:00:00:00:01,02:00:00:00:00:02,0x88b5,reverse,1,70
99,1787041211867513,l_left,4,outgoing,256,02:00:00:00:00:01,02:00:00:00:00:02,0x88b5,reverse,1,71
100,1787041211867527,l_left,4,outgoing,256,02:00:00:00:00:01,02:00:00:00:00:02,0x88b5,reverse,1,72
101,1787041211867629,l_left,4,outgoing,256,02:00:00:00:00:01,02:00:00:00:00:02,0x88b5,reverse,1,73
102,1787041211867984,l_left,4,outgoing,256,02:00:00:00:00:01,02:00:00:00:00:02,0x88b5,reverse,1,74
103,1787041211868216,l_left,4,outgoing,256,02:00:00:00:00:01,02:00:00:00:00:02,0x88b5,reverse,1,75
104,1787041211868484,l_left,4,outgoing,256,02:00:00:00:00:01,02:00:00:00:00:02,0x88b5,reverse,1,76
105,1787041211868643,l_left,4,outgoing,256,02:00:00:00:00:01,02:00:00:00:00:02,0x88b5,reverse,1,77
106,1787041211868923,l_left,4,outgoing,256,02:00:00:00:00:01,02:00:00:00:00:02,0x88b5,reverse,1,78
107,1787041211869194,l_left,4,outgoing,256,02:00:00:00:00:01,02:00:00:00:00:02,0x88b5,reverse,1,79
108,1787041211869535,l_left,3,otherhost,256,02:00:00:00:00:02,02:00:00:00:00:01,0x88b5,forward,1,28
109,1787041211869561,l_left,3,otherhost,256,02:00:00:00:00:02,02:00:00:00:00:01,0x88b5,forward,1,29
110,1787041211876157,l_left,3,otherhost,256,02:00:00:00:00:02,02:00:00:00:00:01,0x88b5,forward,1,30
111,1787041211876176,l_left,3,otherhost,256,02:00:00:00:00:02,02:00:00:00:00:01,0x88b5,forward,1,31
112,1787041211876344,l_left,3,otherhost,256,02:00:00:00:00:02,02:00:00:00:00:01,0x88b5,forward,1,32
113,1787041211876685,l_left,3,otherhost,256,02:00:00:00:00:02,02:00:00:00:00:01,0x88b5,forward,1,33
114,1787041211877467,l_left,4,outgoing,256,02:00:00:00:00:01,02:00:00:00:00:02,0x88b5,reverse,1,80
115,1787041211877509,l_left,4,outgoing,256,02:00:00:00:00:01,02:00:00:00:00:02,0x88b5,reverse,1,81
116,1787041212076985,l_left,4,outgoing,256,02:00:00:00:00:01,02:00:00:00:00:02,0x88b5,reverse,1,82
117,1787041212077050,l_left,4,outgoing,256,02:00:00:00:00:01,02:00:00:00:00:02,0x88b5,reverse,1,83
118,1787041212077073,l_left,4,outgoing,256,02:00:00:00:00:01,02:00:00:00:00:02,0x88b5,reverse,1,84
119,1787041212077090,l_left,4,outgoing,256,02:00:00:00:00:01,02:00:00:00:00:02,0x88b5,reverse,1,85
120,1787041212077105,l_left,4,outgoing,256,02:00:00:00:00:01,02:00:00:00:00:02,0x88b5,reverse,1,86
121,1787041212077120,l_left,4,outgoing,256,02:00:00:00:00:01,02:00:00:00:00:02,0x88b5,reverse,1,87
122,1787041212077498,l_left,4,outgoing,256,02:00:00:00:00:01,02:00:00:00:00:02,0x88b5,reverse,1,88
123,1787041212077752,l_left,4,outgoing,256,02:00:00:00:00:01,02:00:00:00:00:02,0x88b5,reverse,1,89
124,1787041212078007,l_left,4,outgoing,256,02:00:00:00:00:01,02:00:00:00:00:02,0x88b5,reverse,1,90
125,1787041212078240,l_left,4,outgoing,256,02:00:00:00:00:01,02:00:00:00:00:02,0x88b5,reverse,1,91
126,1787041212078497,l_left,4,outgoing,256,02:00:00:00:00:01,02:00:00:00:00:02,0x88b5,reverse,1,92
127,1787041212078741,l_left,4,outgoing,256,02:00:00:00:00:01,02:00:00:00:00:02,0x88b5,reverse,1,93
128,1787041212078984,l_left,4,outgoing,256,02:00:00:00:00:01,02:00:00:00:00:02,0x88b5,reverse,1,94
129,1787041212079133,l_left,4,outgoing,256,02:00:00:00:00:01,02:00:00:00:00:02,0x88b5,reverse,1,95
130,1787041212079630,l_left,3,otherhost,256,02:00:00:00:00:02,02:00:00:00:00:01,0x88b5,forward,1,34
131,1787041212079651,l_left,3,otherhost,256,02:00:00:00:00:02,02:00:00:00:00:01,0x88b5,forward,1,35
132,1787041212086119,l_left,3,otherhost,256,02:00:00:00:00:02,02:00:00:00:00:01,0x88b5,forward,1,36
133,1787041212086160,l_left,3,otherhost,256,02:00:00:00:00:02,02:00:00:00:00:01,0x88b5,forward,1,37
134,1787041212086386,l_left,3,otherhost,256,02:00:00:00:00:02,02:00:00:00:00:01,0x88b5,forward,1,38
135,1787041212086610,l_left,3,otherhost,256,02:00:00:00:00:02,02:00:00:00:00:01,0x88b5,forward,1,39
136,1787041212087127,l_left,4,outgoing,256,02:00:00:00:00:01,02:00:00:00:00:02,0x88b5,reverse,1,96
137,1787041212087153,l_left,4,outgoing,256,02:00:00:00:00:01,02:00:00:00:00:02,0x88b5,reverse,1,97
138,1787041212287077,l_left,4,outgoing,256,02:00:00:00:00:01,02:00:00:00:00:02,0x88b5,reverse,1,98
139,1787041212287140,l_left,4,outgoing,256,02:00:00:00:00:01,02:00:00:00:00:02,0x88b5,reverse,1,99
140,1787041212287163,l_left,4,outgoing,256,02:00:00:00:00:01,02:00:00:00:00:02,0x88b5,reverse,1,100
141,1787041212287181,l_left,4,outgoing,256,02:00:00:00:00:01,02:00:00:00:00:02,0x88b5,reverse,1,101
142,1787041212287204,l_left,4,outgoing,256,02:00:00:00:00:01,02:00:00:00:00:02,0x88b5,reverse,1,102
143,1787041212287218,l_left,4,outgoing,256,02:00:00:00:00:01,02:00:00:00:00:02,0x88b5,reverse,1,103
144,1787041212287514,l_left,4,outgoing,256,02:00:00:00:00:01,02:00:00:00:00:02,0x88b5,reverse,1,104
145,1787041212287759,l_left,4,outgoing,256,02:00:00:00:00:01,02:00:00:00:00:02,0x88b5,reverse,1,105
146,1787041212288004,l_left,4,outgoing,256,02:00:00:00:00:01,02:00:00:00:00:02,0x88b5,reverse,1,106
147,1787041212288252,l_left,4,outgoing,256,02:00:00:00:00:01,02:00:00:00:00:02,0x88b5,reverse,1,107
148,1787041212288495,l_left,4,outgoing,256,02:00:00:00:00:01,02:00:00:00:00:02,0x88b5,reverse,1,108
149,1787041212288747,l_left,4,outgoing,256,02:00:00:00:00:01,02:00:00:00:00:02,0x88b5,reverse,1,109
150,1787041212288985,l_left,4,outgoing,256,02:00:00:00:00:01,02:00:00:00:00:02,0x88b5,reverse,1,110
151,1787041212289233,l_left,4,outgoing,256,02:00:00:00:00:01,02:00:00:00:00:02,0x88b5,reverse,1,111
152,1787041212289687,l_left,3,otherhost,256,02:00:00:00:00:02,02:00:00:00:00:01,0x88b5,forward,1,40
153,1787041212289725,l_left,3,otherhost,256,02:00:00:00:00:02,02:00:00:00:00:01,0x88b5,forward,1,41
154,1787041212296102,l_left,3,otherhost,256,02:00:00:00:00:02,02:00:00:00:00:01,0x88b5,forward,1,42
155,1787041212296151,l_left,3,otherhost,256,02:00:00:00:00:02,02:00:00:00:00:01,0x88b5,forward,1,43
156,1787041212296395,l_left,3,otherhost,256,02:00:00:00:00:02,02:00:00:00:00:01,0x88b5,forward,1,44
157,1787041212296612,l_left,3,otherhost,256,02:00:00:00:00:02,02:00:00:00:00:01,0x88b5,forward,1,45
158,1787041212297195,l_left,4,outgoing,256,02:00:00:00:00:01,02:00:00:00:00:02,0x88b5,reverse,1,112
159,1787041212297607,l_left,4,outgoing,256,02:00:00:00:00:01,02:00:00:00:00:02,0x88b5,reverse,1,113
160,1787041212497368,l_left,4,outgoing,256,02:00:00:00:00:01,02:00:00:00:00:02,0x88b5,reverse,1,114
161,1787041212497430,l_left,4,outgoing,256,02:00:00:00:00:01,02:00:00:00:00:02,0x88b5,reverse,1,115
162,1787041212497452,l_left,4,outgoing,256,02:00:00:00:00:01,02:00:00:00:00:02,0x88b5,reverse,1,116
163,1787041212497469,l_left,4,outgoing,256,02:00:00:00:00:01,02:00:00:00:00:02,0x88b5,reverse,1,117
164,1787041212497484,l_left,4,outgoing,256,02:00:00:00:00:01,02:00:00:00:00:02,0x88b5,reverse,1,118
165,1787041212497508,l_left,4,outgoing,256,02:00:00:00:00:01,02:00:00:00:00:02,0x88b5,reverse,1,119
166,1787041212497524,l_left,4,outgoing,256,02:00:00:00:00:01,02:00:00:00:00:02,0x88b5,reverse,1,120
167,1787041212497634,l_left,4,outgoing,256,02:00:00:00:00:01,02:00:00:00:00:02,0x88b5,reverse,1,121
168,1787041212497992,l_left,4,outgoing,256,02:00:00:00:00:01,02:00:00:00:00:02,0x88b5,reverse,1,122
169,1787041212498225,l_left,4,outgoing,256,02:00:00:00:00:01,02:00:00:00:00:02,0x88b5,reverse,1,123
170,1787041212498430,l_left,4,outgoing,256,02:00:00:00:00:01,02:00:00:00:00:02,0x88b5,reverse,1,124
171,1787041212498670,l_left,4,outgoing,256,02:00:00:00:00:01,02:00:00:00:00:02,0x88b5,reverse,1,125
172,1787041212498921,l_left,4,outgoing,256,02:00:00:00:00:01,02:00:00:00:00:02,0x88b5,reverse,1,126
173,1787041212499170,l_left,4,outgoing,256,02:00:00:00:00:01,02:00:00:00:00:02,0x88b5,reverse,1,127
174,1787041212499630,l_left,3,otherhost,256,02:00:00:00:00:02,02:00:00:00:00:01,0x88b5,forward,1,46
175,1787041212499657,l_left,3,otherhost,256,02:00:00:00:00:02,02:00:00:00:00:01,0x88b5,forward,1,47
176,1787041212506077,l_left,3,otherhost,256,02:00:00:00:00:02,02:00:00:00:00:01,0x88b5,forward,1,48
177,1787041212506106,l_left,3,otherhost,256,02:00:00:00:00:02,02:00:00:00:00:01,0x88b5,forward,1,49
178,1787041212506405,l_left,3,otherhost,256,02:00:00:00:00:02,02:00:00:00:00:01,0x88b5,forward,1,50
179,1787041212506636,l_left,3,otherhost,256,02:00:00:00:00:02,02:00:00:00:00:01,0x88b5,forward,1,51
180,1787041212507209,l_left,4,outgoing,256,02:00:00:00:00:01,02:00:00:00:00:02,0x88b5,reverse,1,128
181,1787041212507318,l_left,4,outgoing,256,02:00:00:00:00:01,02:00:00:00:00:02,0x88b5,reverse,1,129
182,1787041212707307,l_left,4,outgoing,256,02:00:00:00:00:01,02:00:00:00:00:02,0x88b5,reverse,1,130
183,1787041212707372,l_left,4,outgoing,256,02:00:00:00:00:01,02:00:00:00:00:02,0x88b5,reverse,1,131
184,1787041212707395,l_left,4,outgoing,256,02:00:00:00:00:01,02:00:00:00:00:02,0x88b5,reverse,1,132
185,1787041212707413,l_left,4,outgoing,256,02:00:00:00:00:01,02:00:00:00:00:02,0x88b5,reverse,1,133
186,1787041212707431,l_left,4,outgoing,256,02:00:00:00:00:01,02:00:00:00:00:02,0x88b5,reverse,1,134
187,1787041212707447,l_left,4,outgoing,256,02:00:00:00:00:01,02:00:00:00:00:02,0x88b5,reverse,1,135
188,1787041212707467,l_left,4,outgoing,256,02:00:00:00:00:01,02:00:00:00:00:02,0x88b5,reverse,1,136
189,1787041212707697,l_left,4,outgoing,256,02:00:00:00:00:01,02:00:00:00:00:02,0x88b5,reverse,1,137
190,1787041212707996,l_left,4,outgoing,256,02:00:00:00:00:01,02:00:00:00:00:02,0x88b5,reverse,1,138
191,1787041212708256,l_left,4,outgoing,256,02:00:00:00:00:01,02:00:00:00:00:02,0x88b5,reverse,1,139
192,1787041212708488,l_left,4,outgoing,256,02:00:00:00:00:01,02:00:00:00:00:02,0x88b5,reverse,1,140
193,1787041212708740,l_left,4,outgoing,256,02:00:00:00:00:01,02:00:00:00:00:02,0x88b5,reverse,1,141
194,1787041212708991,l_left,4,outgoing,256,02:00:00:00:00:01,02:00:00:00:00:02,0x88b5,reverse,1,142
195,1787041212709226,l_left,4,outgoing,256,02:00:00:00:00:01,02:00:00:00:00:02,0x88b5,reverse,1,143
196,1787041212709673,l_left,3,otherhost,256,02:00:00:00:00:02,02:00:00:00:00:01,0x88b5,forward,1,52
197,1787041212709711,l_left,3,otherhost,256,02:00:00:00:00:02,02:00:00:00:00:01,0x88b5,forward,1,53
198,1787041212716111,l_left,3,otherhost,256,02:00:00:00:00:02,02:00:00:00:00:01,0x88b5,forward,1,54
199,1787041212716147,l_left,3,otherhost,256,02:00:00:00:00:02,02:00:00:00:00:01,0x88b5,forward,1,55
200,1787041212716461,l_left,3,otherhost,256,02:00:00:00:00:02,02:00:00:00:00:01,0x88b5,forward,1,56
201,1787041212716607,l_left,3,otherhost,256,02:00:00:00:00:02,02:00:00:00:00:01,0x88b5,forward,1,57
202,1787041212717307,l_left,4,outgoing,256,02:00:00:00:00:01,02:00:00:00:00:02,0x88b5,reverse,1,144
203,1787041212717326,l_left,4,outgoing,256,02:00:00:00:00:01,02:00:00:00:00:02,0x88b5,reverse,1,145
204,1787041212917197,l_left,4,outgoing,256,02:00:00:00:00:01,02:00:00:00:00:02,0x88b5,reverse,1,146
205,1787041212917260,l_left,4,outgoing,256,02:00:00:00:00:01,02:00:00:00:00:02,0x88b5,reverse,1,147
206,1787041212917283,l_left,4,outgoing,256,02:00:00:00:00:01,02:00:00:00:00:02,0x88b5,reverse,1,148
207,1787041212917302,l_left,4,outgoing,256,02:00:00:00:00:01,02:00:00:00:00:02,0x88b5,reverse,1,149
208,1787041212917321,l_left,4,outgoing,256,02:00:00:00:00:01,02:00:00:00:00:02,0x88b5,reverse,1,150
209,1787041212917336,l_left,4,outgoing,256,02:00:00:00:00:01,02:00:00:00:00:02,0x88b5,reverse,1,151
210,1787041212917446,l_left,4,outgoing,256,02:00:00:00:00:01,02:00:00:00:00:02,0x88b5,reverse,1,152
211,1787041212917741,l_left,4,outgoing,256,02:00:00:00:00:01,02:00:00:00:00:02,0x88b5,reverse,1,153
212,1787041212918003,l_left,4,outgoing,256,02:00:00:00:00:01,02:00:00:00:00:02,0x88b5,reverse,1,154
213,1787041212918240,l_left,4,outgoing,256,02:00:00:00:00:01,02:00:00:00:00:02,0x88b5,reverse,1,155
214,1787041212918496,l_left,4,outgoing,256,02:00:00:00:00:01,02:00:00:00:00:02,0x88b5,reverse,1,156
215,1787041212918729,l_left,4,outgoing,256,02:00:00:00:00:01,02:00:00:00:00:02,0x88b5,reverse,1,157
216,1787041212918909,l_left,4,outgoing,256,02:00:00:00:00:01,02:00:00:00:00:02,0x88b5,reverse,1,158
217,1787041212919147,l_left,4,outgoing,256,02:00:00:00:00:01,02:00:00:00:00:02,0x88b5,reverse,1,159
218,1787041212919739,l_left,3,otherhost,256,02:00:00:00:00:02,02:00:00:00:00:01,0x88b5,forward,1,58
219,1787041212919764,l_left,3,otherhost,256,02:00:00:00:00:02,02:00:00:00:00:01,0x88b5,forward,1,59
220,1787041212926111,l_left,3,otherhost,256,02:00:00:00:00:02,02:00:00:00:00:01,0x88b5,forward,1,60
221,1787041212926155,l_left,3,otherhost,256,02:00:00:00:00:02,02:00:00:00:00:01,0x88b5,forward,1,61
222,1787041212926386,l_left,3,otherhost,256,02:00:00:00:00:02,02:00:00:00:00:01,0x88b5,forward,1,62
223,1787041212926636,l_left,3,otherhost,256,02:00:00:00:00:02,02:00:00:00:00:01,0x88b5,forward,1,63
224,1787041212927163,l_left,4,outgoing,256,02:00:00:00:00:01,02:00:00:00:00:02,0x88b5,reverse,1,160
225,1787041212927190,l_left,4,outgoing,256,02:00:00:00:00:01,02:00:00:00:00:02,0x88b5,reverse,1,161
226,1787041213126981,l_left,4,outgoing,256,02:00:00:00:00:01,02:00:00:00:00:02,0x88b5,reverse,1,162
227,1787041213127046,l_left,4,outgoing,256,02:00:00:00:00:01,02:00:00:00:00:02,0x88b5,reverse,1,163
228,1787041213127069,l_left,4,outgoing,256,02:00:00:00:00:01,02:00:00:00:00:02,0x88b5,reverse,1,164
229,1787041213127086,l_left,4,outgoing,256,02:00:00:00:00:01,02:00:00:00:00:02,0x88b5,reverse,1,165
230,1787041213127102,l_left,4,outgoing,256,02:00:00:00:00:01,02:00:00:00:00:02,0x88b5,reverse,1,166
231,1787041213127116,l_left,4,outgoing,256,02:00:00:00:00:01,02:00:00:00:00:02,0x88b5,reverse,1,167
232,1787041213127485,l_left,4,outgoing,256,02:00:00:00:00:01,02:00:00:00:00:02,0x88b5,reverse,1,168
233,1787041213127738,l_left,4,outgoing,256,02:00:00:00:00:01,02:00:00:00:00:02,0x88b5,reverse,1,169
234,1787041213128009,l_left,4,outgoing,256,02:00:00:00:00:01,02:00:00:00:00:02,0x88b5,reverse,1,170
235,1787041213128242,l_left,4,outgoing,256,02:00:00:00:00:01,02:00:00:00:00:02,0x88b5,reverse,1,171
236,1787041213128495,l_left,4,outgoing,256,02:00:00:00:00:01,02:00:00:00:00:02,0x88b5,reverse,1,172
237,1787041213128746,l_left,4,outgoing,256,02:00:00:00:00:01,02:00:00:00:00:02,0x88b5,reverse,1,173
238,1787041213128986,l_left,4,outgoing,256,02:00:00:00:00:01,02:00:00:00:00:02,0x88b5,reverse,1,174
239,1787041213129171,l_left,4,outgoing,256,02:00:00:00:00:01,02:00:00:00:00:02,0x88b5,reverse,1,175
240,1787041213129607,l_left,3,otherhost,256,02:00:00:00:00:02,02:00:00:00:00:01,0x88b5,forward,1,64
241,1787041213129645,l_left,3,otherhost,256,02:00:00:00:00:02,02:00:00:00:00:01,0x88b5,forward,1,65
242,1787041213136272,l_left,3,otherhost,256,02:00:00:00:00:02,02:00:00:00:00:01,0x88b5,forward,1,66
243,1787041213136308,l_left,3,otherhost,256,02:00:00:00:00:02,02:00:00:00:00:01,0x88b5,forward,1,67
244,1787041213136399,l_left,3,otherhost,256,02:00:00:00:00:02,02:00:00:00:00:01,0x88b5,forward,1,68
245,1787041213136609,l_left,3,otherhost,256,02:00:00:00:00:02,02:00:00:00:00:01,0x88b5,forward,1,69
246,1787041213137192,l_left,4,outgoing,256,02:00:00:00:00:01,02:00:00:00:00:02,0x88b5,reverse,1,176
247,1787041213137234,l_left,4,outgoing,256,02:00:00:00:00:01,02:00:00:00:00:02,0x88b5,reverse,1,177
248,1787041213336941,l_left,4,outgoing,256,02:00:00:00:00:01,02:00:00:00:00:02,0x88b5,reverse,1,178
249,1787041213337012,l_left,4,outgoing,256,02:00:00:00:00:01,02:00:00:00:00:02,0x88b5,reverse,1,179
250,1787041213337041,l_left,4,outgoing,256,02:00:00:00:00:01,02:00:00:00:00:02,0x88b5,reverse,1,180
251,1787041213337073,l_left,4,outgoing,256,02:00:00:00:00:01,02:00:00:00:00:02,0x88b5,reverse,1,181
252,1787041213337103,l_left,4,outgoing,256,02:00:00:00:00:01,02:00:00:00:00:02,0x88b5,reverse,1,182
253,1787041213337200,l_left,4,outgoing,256,02:00:00:00:00:01,02:00:00:00:00:02,0x88b5,reverse,1,183
254,1787041213337551,l_left,4,outgoing,256,02:00:00:00:00:01,02:00:00:00:00:02,0x88b5,reverse,1,184
255,1787041213337637,l_left,4,outgoing,256,02:00:00:00:00:01,02:00:00:00:00:02,0x88b5,reverse,1,185
256,1787041213337966,l_left,4,outgoing,256,02:00:00:00:00:01,02:00:00:00:00:02,0x88b5,reverse,1,186
257,1787041213338221,l_left,4,outgoing,256,02:00:00:00:00:01,02:00:00:00:00:02,0x88b5,reverse,1,187
258,1787041213338464,l_left,4,outgoing,256,02:00:00:00:00:01,02:00:00:00:00:02,0x88b5,reverse,1,188
259,1787041213338674,l_left,4,outgoing,256,02:00:00:00:00:01,02:00:00:00:00:02,0x88b5,reverse,1,189
260,1787041213338884,l_left,4,outgoing,256,02:00:00:00:00:01,02:00:00:00:00:02,0x88b5,reverse,1,190
261,1787041213339126,l_left,4,outgoing,256,02:00:00:00:00:01,02:00:00:00:00:02,0x88b5,reverse,1,191
262,1787041213339848,l_left,3,otherhost,256,02:00:00:00:00:02,02:00:00:00:00:01,0x88b5,forward,1,70
263,1787041213339887,l_left,3,otherhost,256,02:00:00:00:00:02,02:00:00:00:00:01,0x88b5,forward,1,71
264,1787041213346034,l_left,3,otherhost,256,02:00:00:00:00:02,02:00:00:00:00:01,0x88b5,forward,1,72
265,1787041213346095,l_left,3,otherhost,256,02:00:00:00:00:02,02:00:00:00:00:01,0x88b5,forward,1,73
266,1787041213346334,l_left,3,otherhost,256,02:00:00:00:00:02,02:00:00:00:00:01,0x88b5,forward,1,74
267,1787041213346581,l_left,3,otherhost,256,02:00:00:00:00:02,02:00:00:00:00:01,0x88b5,forward,1,75
268,1787041213347179,l_left,4,outgoing,256,02:00:00:00:00:01,02:00:00:00:00:02,0x88b5,reverse,1,192
269,1787041213347200,l_left,4,outgoing,256,02:00:00:00:00:01,02:00:00:00:00:02,0x88b5,reverse,1,193
270,1787041213547350,l_left,4,outgoing,256,02:00:00:00:00:01,02:00:00:00:00:02,0x88b5,reverse,1,194
271,1787041213547414,l_left,4,outgoing,256,02:00:00:00:00:01,02:00:00:00:00:02,0x88b5,reverse,1,195
272,1787041213547437,l_left,4,outgoing,256,02:00:00:00:00:01,02:00:00:00:00:02,0x88b5,reverse,1,196
273,1787041213547461,l_left,4,outgoing,256,02:00:00:00:00:01,02:00:00:00:00:02,0x88b5,reverse,1,197
274,1787041213547478,l_left,4,outgoing,256,02:00:00:00:00:01,02:00:00:00:00:02,0x88b5,reverse,1,198
275,1787041213547493,l_left,4,outgoing,256,02:00:00:00:00:01,02:00:00:00:00:02,0x88b5,reverse,1,199
276,1787041213547513,l_left,4,outgoing,256,02:00:00:00:00:01,02:00:00:00:00:02,0x88b5,reverse,1,200
277,1787041213547663,l_left,4,outgoing,256,02:00:00:00:00:01,02:00:00:00:00:02,0x88b5,reverse,1,201
278,1787041213547986,l_left,4,outgoing,256,02:00:00:00:00:01,02:00:00:00:00:02,0x88b5,reverse,1,202
279,1787041213548241,l_left,4,outgoing,256,02:00:00:00:00:01,02:00:00:00:00:02,0x88b5,reverse,1,203
280,1787041213548496,l_left,4,outgoing,256,02:00:00:00:00:01,02:00:00:00:00:02,0x88b5,reverse,1,204
281,1787041213548741,l_left,4,outgoing,256,02:00:00:00:00:01,02:00:00:00:00:02,0x88b5,reverse,1,205
282,1787041213548995,l_left,4,outgoing,256,02:00:00:00:00:01,02:00:00:00:00:02,0x88b5,reverse,1,206
283,1787041213549245,l_left,4,outgoing,256,02:00:00:00:00:01,02:00:00:00:00:02,0x88b5,reverse,1,207
284,1787041213549667,l_left,3,otherhost,256,02:00:00:00:00:02,02:00:00:00:00:01,0x88b5,forward,1,76
285,1787041213549705,l_left,3,otherhost,256,02:00:00:00:00:02,02:00:00:00:00:01,0x88b5,forward,1,77
286,1787041213556693,l_left,3,otherhost,256,02:00:00:00:00:02,02:00:00:00:00:01,0x88b5,forward,1,78
287,1787041213556769,l_left,3,otherhost,256,02:00:00:00:00:02,02:00:00:00:00:01,0x88b5,forward,1,79
288,1787041213556791,l_left,3,otherhost,256,02:00:00:00:00:02,02:00:00:00:00:01,0x88b5,forward,1,80
289,1787041213556910,l_left,3,otherhost,256,02:00:00:00:00:02,02:00:00:00:00:01,0x88b5,forward,1,81
290,1787041213557458,l_left,4,outgoing,256,02:00:00:00:00:01,02:00:00:00:00:02,0x88b5,reverse,1,208
291,1787041213557495,l_left,4,outgoing,256,02:00:00:00:00:01,02:00:00:00:00:02,0x88b5,reverse,1,209
292,1787041213757381,l_left,4,outgoing,256,02:00:00:00:00:01,02:00:00:00:00:02,0x88b5,reverse,1,210
293,1787041213757444,l_left,4,outgoing,256,02:00:00:00:00:01,02:00:00:00:00:02,0x88b5,reverse,1,211
294,1787041213757466,l_left,4,outgoing,256,02:00:00:00:00:01,02:00:00:00:00:02,0x88b5,reverse,1,212
295,1787041213757489,l_left,4,outgoing,256,02:00:00:00:00:01,02:00:00:00:00:02,0x88b5,reverse,1,213
296,1787041213757505,l_left,4,outgoing,256,02:00:00:00:00:01,02:00:00:00:00:02,0x88b5,reverse,1,214
297,1787041213757519,l_left,4,outgoing,256,02:00:00:00:00:01,02:00:00:00:00:02,0x88b5,reverse,1,215
298,1787041213757533,l_left,4,outgoing,256,02:00:00:00:00:01,02:00:00:00:00:02,0x88b5,reverse,1,216
299,1787041213757761,l_left,4,outgoing,256,02:00:00:00:00:01,02:00:00:00:00:02,0x88b5,reverse,1,217
300,1787041213757950,l_left,4,outgoing,256,02:00:00:00:00:01,02:00:00:00:00:02,0x88b5,reverse,1,218
301,1787041213758248,l_left,4,outgoing,256,02:00:00:00:00:01,02:00:00:00:00:02,0x88b5,reverse,1,219
302,1787041213758489,l_left,4,outgoing,256,02:00:00:00:00:01,02:00:00:00:00:02,0x88b5,reverse,1,220
303,1787041213758751,l_left,4,outgoing,256,02:00:00:00:00:01,02:00:00:00:00:02,0x88b5,reverse,1,221
304,1787041213758985,l_left,4,outgoing,256,02:00:00:00:00:01,02:00:00:00:00:02,0x88b5,reverse,1,222
305,1787041213759138,l_left,4,outgoing,256,02:00:00:00:00:01,02:00:00:00:00:02,0x88b5,reverse,1,223
306,1787041213759657,l_left,3,otherhost,256,02:00:00:00:00:02,02:00:00:00:00:01,0x88b5,forward,1,82
307,1787041213759695,l_left,3,otherhost,256,02:00:00:00:00:02,02:00:00:00:00:01,0x88b5,forward,1,83
308,1787041213766161,l_left,3,otherhost,256,02:00:00:00:00:02,02:00:00:00:00:01,0x88b5,forward,1,84
309,1787041213766207,l_left,3,otherhost,256,02:00:00:00:00:02,02:00:00:00:00:01,0x88b5,forward,1,85
310,1787041213766393,l_left,3,otherhost,256,02:00:00:00:00:02,02:00:00:00:00:01,0x88b5,forward,1,86
311,1787041213766636,l_left,3,otherhost,256,02:00:00:00:00:02,02:00:00:00:00:01,0x88b5,forward,1,87
312,1787041213767286,l_left,4,outgoing,256,02:00:00:00:00:01,02:00:00:00:00:02,0x88b5,reverse,1,224
313,1787041213767322,l_left,4,outgoing,256,02:00:00:00:00:01,02:00:00:00:00:02,0x88b5,reverse,1,225
314,1787041213967340,l_left,4,outgoing,256,02:00:00:00:00:01,02:00:00:00:00:02,0x88b5,reverse,1,226
315,1787041213967410,l_left,4,outgoing,256,02:00:00:00:00:01,02:00:00:00:00:02,0x88b5,reverse,1,227
316,1787041213967433,l_left,4,outgoing,256,02:00:00:00:00:01,02:00:00:00:00:02,0x88b5,reverse,1,228
317,1787041213967450,l_left,4,outgoing,256,02:00:00:00:00:01,02:00:00:00:00:02,0x88b5,reverse,1,229
318,1787041213967466,l_left,4,outgoing,256,02:00:00:00:00:01,02:00:00:00:00:02,0x88b5,reverse,1,230
319,1787041213967485,l_left,4,outgoing,256,02:00:00:00:00:01,02:00:00:00:00:02,0x88b5,reverse,1,231
320,1787041213967501,l_left,4,outgoing,256,02:00:00:00:00:01,02:00:00:00:00:02,0x88b5,reverse,1,232
321,1787041213967656,l_left,4,outgoing,256,02:00:00:00:00:01,02:00:00:00:00:02,0x88b5,reverse,1,233
322,1787041213967998,l_left,4,outgoing,256,02:00:00:00:00:01,02:00:00:00:00:02,0x88b5,reverse,1,234
323,1787041213968241,l_left,4,outgoing,256,02:00:00:00:00:01,02:00:00:00:00:02,0x88b5,reverse,1,235
324,1787041213968495,l_left,4,outgoing,256,02:00:00:00:00:01,02:00:00:00:00:02,0x88b5,reverse,1,236
325,1787041213968745,l_left,4,outgoing,256,02:00:00:00:00:01,02:00:00:00:00:02,0x88b5,reverse,1,237
326,1787041213969002,l_left,4,outgoing,256,02:00:00:00:00:01,02:00:00:00:00:02,0x88b5,reverse,1,238
327,1787041213969242,l_left,4,outgoing,256,02:00:00:00:00:01,02:00:00:00:00:02,0x88b5,reverse,1,239
328,1787041213969659,l_left,3,otherhost,256,02:00:00:00:00:02,02:00:00:00:00:01,0x88b5,forward,1,88
329,1787041213969698,l_left,3,otherhost,256,02:00:00:00:00:02,02:00:00:00:00:01,0x88b5,forward,1,89
330,1787041213976113,l_left,3,otherhost,256,02:00:00:00:00:02,02:00:00:00:00:01,0x88b5,forward,1,90
331,1787041213976158,l_left,3,otherhost,256,02:00:00:00:00:02,02:00:00:00:00:01,0x88b5,forward,1,91
332,1787041213976388,l_left,3,otherhost,256,02:00:00:00:00:02,02:00:00:00:00:01,0x88b5,forward,1,92
333,1787041213976636,l_left,3,otherhost,256,02:00:00:00:00:02,02:00:00:00:00:01,0x88b5,forward,1,93
334,1787041213977213,l_left,4,outgoing,256,02:00:00:00:00:01,02:00:00:00:00:02,0x88b5,reverse,1,240
335,1787041213977241,l_left,4,outgoing,256,02:00:00:00:00:01,02:00:00:00:00:02,0x88b5,reverse,1,241
336,1787041214177494,l_left,4,outgoing,256,02:00:00:00:00:01,02:00:00:00:00:02,0x88b5,reverse,1,242
337,1787041214177558,l_left,4,outgoing,256,02:00:00:00:00:01,02:00:00:00:00:02,0x88b5,reverse,1,243
338,1787041214177581,l_left,4,outgoing,256,02:00:00:00:00:01,02:00:00:00:00:02,0x88b5,reverse,1,244
339,1787041214177599,l_left,4,outgoing,256,02:00:00:00:00:01,02:00:00:00:00:02,0x88b5,reverse,1,245
340,1787041214177615,l_left,4,outgoing,256,02:00:00:00:00:01,02:00:00:00:00:02,0x88b5,reverse,1,246
341,1787041214177630,l_left,4,outgoing,256,02:00:00:00:00:01,02:00:00:00:00:02,0x88b5,reverse,1,247
342,1787041214177644,l_left,4,outgoing,256,02:00:00:00:00:01,02:00:00:00:00:02,0x88b5,reverse,1,248
343,1787041214177658,l_left,4,outgoing,256,02:00:00:00:00:01,02:00:00:00:00:02,0x88b5,reverse,1,249
344,1787041214177986,l_left,4,outgoing,256,02:00:00:00:00:01,02:00:00:00:00:02,0x88b5,reverse,1,250
345,1787041214178237,l_left,4,outgoing,256,02:00:00:00:00:01,02:00:00:00:00:02,0x88b5,reverse,1,251
346,1787041214178492,l_left,4,outgoing,256,02:00:00:00:00:01,02:00:00:00:00:02,0x88b5,reverse,1,252
347,1787041214178750,l_left,4,outgoing,256,02:00:00:00:00:01,02:00:00:00:00:02,0x88b5,reverse,1,253
348,1787041214178998,l_left,4,outgoing,256,02:00:00:00:00:01,02:00:00:00:00:02,0x88b5,reverse,1,254
349,1787041214179244,l_left,4,outgoing,256,02:00:00:00:00:01,02:00:00:00:00:02,0x88b5,reverse,1,255
350,1787041214179570,l_left,3,otherhost,256,02:00:00:00:00:02,02:00:00:00:00:01,0x88b5,forward,1,94
351,1787041214179609,l_left,3,otherhost,256,02:00:00:00:00:02,02:00:00:00:00:01,0x88b5,forward,1,95
352,1787041214186169,l_left,3,otherhost,256,02:00:00:00:00:02,02:00:00:00:00:01,0x88b5,forward,1,96
353,1787041214186218,l_left,3,otherhost,256,02:00:00:00:00:02,02:00:00:00:00:01,0x88b5,forward,1,97
354,1787041214186397,l_left,3,otherhost,256,02:00:00:00:00:02,02:00:00:00:00:01,0x88b5,forward,1,98
355,1787041214186651,l_left,3,otherhost,256,02:00:00:00:00:02,02:00:00:00:00:01,0x88b5,forward,1,99
356,1787041214187266,l_left,4,outgoing,256,02:00:00:00:00:01,02:00:00:00:00:02,0x88b5,reverse,1,256
357,1787041214187302,l_left,4,outgoing,256,02:00:00:00:00:01,02:00:00:00:00:02,0x88b5,reverse,1,257
358,1787041214386980,l_left,4,outgoing,256,02:00:00:00:00:01,02:00:00:00:00:02,0x88b5,reverse,1,258
359,1787041214387044,l_left,4,outgoing,256,02:00:00:00:00:01,02:00:00:00:00:02,0x88b5,reverse,1,259
360,1787041214387066,l_left,4,outgoing,256,02:00:00:00:00:01,02:00:00:00:00:02,0x88b5,reverse,1,260
361,1787041214387084,l_left,4,outgoing,256,02:00:00:00:00:01,02:00:00:00:00:02,0x88b5,reverse,1,261
362,1787041214387100,l_left,4,outgoing,256,02:00:00:00:00:01,02:00:00:00:00:02,0x88b5,reverse,1,262
363,1787041214387115,l_left,4,outgoing,256,02:00:00:00:00:01,02:00:00:00:00:02,0x88b5,reverse,1,263
364,1787041214387493,l_left,4,outgoing,256,02:00:00:00:00:01,02:00:00:00:00:02,0x88b5,reverse,1,264
365,1787041214387754,l_left,4,outgoing,256,02:00:00:00:00:01,02:00:00:00:00:02,0x88b5,reverse,1,265
366,1787041214387991,l_left,4,outgoing,256,02:00:00:00:00:01,02:00:00:00:00:02,0x88b5,reverse,1,266
367,1787041214388230,l_left,4,outgoing,256,02:00:00:00:00:01,02:00:00:00:00:02,0x88b5,reverse,1,267
368,1787041214388413,l_left,4,outgoing,256,02:00:00:00:00:01,02:00:00:00:00:02,0x88b5,reverse,1,268
369,1787041214388735,l_left,4,outgoing,256,02:00:00:00:00:01,02:00:00:00:00:02,0x88b5,reverse,1,269
370,1787041214388995,l_left,4,outgoing,256,02:00:00:00:00:01,02:00:00:00:00:02,0x88b5,reverse,1,270
371,1787041214389242,l_left,4,outgoing,256,02:00:00:00:00:01,02:00:00:00:00:02,0x88b5,reverse,1,271
372,1787041214389536,l_left,3,otherhost,256,02:00:00:00:00:02,02:00:00:00:00:01,0x88b5,forward,1,100
373,1787041214389560,l_left,3,otherhost,256,02:00:00:00:00:02,02:00:00:00:00:01,0x88b5,forward,1,101
374,1787041214396234,l_left,3,otherhost,256,02:00:00:00:00:02,02:00:00:00:00:01,0x88b5,forward,1,102
375,1787041214396271,l_left,3,otherhost,256,02:00:00:00:00:02,02:00:00:00:00:01,0x88b5,forward,1,103
376,1787041214396380,l_left,3,otherhost,256,02:00:00:00:00:02,02:00:00:00:00:01,0x88b5,forward,1,104
377,1787041214396614,l_left,3,otherhost,256,02:00:00:00:00:02,02:00:00:00:00:01,0x88b5,forward,1,105
378,1787041214397170,l_left,4,outgoing,256,02:00:00:00:00:01,02:00:00:00:00:02,0x88b5,reverse,1,272
379,1787041214397200,l_left,4,outgoing,256,02:00:00:00:00:01,02:00:00:00:00:02,0x88b5,reverse,1,273
380,1787041214596932,l_left,4,outgoing,256,02:00:00:00:00:01,02:00:00:00:00:02,0x88b5,reverse,1,274
381,1787041214596996,l_left,4,outgoing,256,02:00:00:00:00:01,02:00:00:00:00:02,0x88b5,reverse,1,275
382,1787041214597018,l_left,4,outgoing,256,02:00:00:00:00:01,02:00:00:00:00:02,0x88b5,reverse,1,276
383,1787041214597043,l_left,4,outgoing,256,02:00:00:00:00:01,02:00:00:00:00:02,0x88b5,reverse,1,277
384,1787041214597063,l_left,4,outgoing,256,02:00:00:00:00:01,02:00:00:00:00:02,0x88b5,reverse,1,278
385,1787041214597253,l_left,4,outgoing,256,02:00:00:00:00:01,02:00:00:00:00:02,0x88b5,reverse,1,279
386,1787041214597412,l_left,4,outgoing,256,02:00:00:00:00:01,02:00:00:00:00:02,0x88b5,reverse,1,280
387,1787041214597736,l_left,4,outgoing,256,02:00:00:00:00:01,02:00:00:00:00:02,0x88b5,reverse,1,281
388,1787041214597990,l_left,4,outgoing,256,02:00:00:00:00:01,02:00:00:00:00:02,0x88b5,reverse,1,282
389,1787041214598243,l_left,4,outgoing,256,02:00:00:00:00:01,02:00:00:00:00:02,0x88b5,reverse,1,283
390,1787041214598460,l_left,4,outgoing,256,02:00:00:00:00:01,02:00:00:00:00:02,0x88b5,reverse,1,284
391,1787041214598664,l_left,4,outgoing,256,02:00:00:00:00:01,02:00:00:00:00:02,0x88b5,reverse,1,285
392,1787041214598904,l_left,4,outgoing,256,02:00:00:00:00:01,02:00:00:00:00:02,0x88b5,reverse,1,286
393,1787041214599117,l_left,4,outgoing,256,02:00:00:00:00:01,02:00:00:00:00:02,0x88b5,reverse,1,287
394,1787041214599707,l_left,3,otherhost,256,02:00:00:00:00:02,02:00:00:00:00:01,0x88b5,forward,1,106
395,1787041214599728,l_left,3,otherhost,256,02:00:00:00:00:02,02:00:00:00:00:01,0x88b5,forward,1,107
396,1787041214606068,l_left,3,otherhost,256,02:00:00:00:00:02,02:00:00:00:00:01,0x88b5,forward,1,108
397,1787041214606132,l_left,3,otherhost,256,02:00:00:00:00:02,02:00:00:00:00:01,0x88b5,forward,1,109
398,1787041214606358,l_left,3,otherhost,256,02:00:00:00:00:02,02:00:00:00:00:01,0x88b5,forward,1,110
399,1787041214606609,l_left,3,otherhost,256,02:00:00:00:00:02,02:00:00:00:00:01,0x88b5,forward,1,111
400,1787041214607231,l_left,4,outgoing,256,02:00:00:00:00:01,02:00:00:00:00:02,0x88b5,reverse,1,288
401,1787041214607250,l_left,4,outgoing,256,02:00:00:00:00:01,02:00:00:00:00:02,0x88b5,reverse,1,289
402,1787041214806822,l_left,4,outgoing,256,02:00:00:00:00:01,02:00:00:00:00:02,0x88b5,reverse,1,290
403,1787041214806885,l_left,4,outgoing,256,02:00:00:00:00:01,02:00:00:00:00:02,0x88b5,reverse,1,291
404,1787041214806915,l_left,4,outgoing,256,02:00:00:00:00:01,02:00:00:00:00:02,0x88b5,reverse,1,292
405,1787041214806934,l_left,4,outgoing,256,02:00:00:00:00:01,02:00:00:00:00:02,0x88b5,reverse,1,293
406,1787041214806965,l_left,4,outgoing,256,02:00:00:00:00:01,02:00:00:00:00:02,0x88b5,reverse,1,294
407,1787041214807245,l_left,4,outgoing,256,02:00:00:00:00:01,02:00:00:00:00:02,0x88b5,reverse,1,295
408,1787041214807487,l_left,4,outgoing,256,02:00:00:00:00:01,02:00:00:00:00:02,0x88b5,reverse,1,296
409,1787041214807742,l_left,4,outgoing,256,02:00:00:00:00:01,02:00:00:00:00:02,0x88b5,reverse,1,297
410,1787041214808005,l_left,4,outgoing,256,02:00:00:00:00:01,02:00:00:00:00:02,0x88b5,reverse,1,298
411,1787041214808239,l_left,4,outgoing,256,02:00:00:00:00:01,02:00:00:00:00:02,0x88b5,reverse,1,299
412,1787041214808496,l_left,4,outgoing,256,02:00:00:00:00:01,02:00:00:00:00:02,0x88b5,reverse,1,300
413,1787041214808733,l_left,4,outgoing,256,02:00:00:00:00:01,02:00:00:00:00:02,0x88b5,reverse,1,301
414,1787041214808954,l_left,4,outgoing,256,02:00:00:00:00:01,02:00:00:00:00:02,0x88b5,reverse,1,302
415,1787041214809191,l_left,4,outgoing,256,02:00:00:00:00:01,02:00:00:00:00:02,0x88b5,reverse,1,303
416,1787041214810361,l_left,3,otherhost,256,02:00:00:00:00:02,02:00:00:00:00:01,0x88b5,forward,1,112
417,1787041214810381,l_left,3,otherhost,256,02:00:00:00:00:02,02:00:00:00:00:01,0x88b5,forward,1,113
418,1787041214816100,l_left,3,otherhost,256,02:00:00:00:00:02,02:00:00:00:00:01,0x88b5,forward,1,114
419,1787041214816149,l_left,3,otherhost,256,02:00:00:00:00:02,02:00:00:00:00:01,0x88b5,forward,1,115
420,1787041214816361,l_left,3,otherhost,256,02:00:00:00:00:02,02:00:00:00:00:01,0x88b5,forward,1,116
421,1787041214816607,l_left,3,otherhost,256,02:00:00:00:00:02,02:00:00:00:00:01,0x88b5,forward,1,117
422,1787041214817239,l_left,4,outgoing,256,02:00:00:00:00:01,02:00:00:00:00:02,0x88b5,reverse,1,304
423,1787041214817259,l_left,4,outgoing,256,02:00:00:00:00:01,02:00:00:00:00:02,0x88b5,reverse,1,305
424,1787041215017039,l_left,4,outgoing,256,02:00:00:00:00:01,02:00:00:00:00:02,0x88b5,reverse,1,306
425,1787041215017103,l_left,4,outgoing,256,02:00:00:00:00:01,02:00:00:00:00:02,0x88b5,reverse,1,307
426,1787041215017126,l_left,4,outgoing,256,02:00:00:00:00:01,02:00:00:00:00:02,0x88b5,reverse,1,308
427,1787041215017159,l_left,4,outgoing,256,02:00:00:00:00:01,02:00:00:00:00:02,0x88b5,reverse,1,309
428,1787041215017176,l_left,4,outgoing,256,02:00:00:00:00:01,02:00:00:00:00:02,0x88b5,reverse,1,310
429,1787041215017208,l_left,4,outgoing,256,02:00:00:00:00:01,02:00:00:00:00:02,0x88b5,reverse,1,311
430,1787041215017485,l_left,4,outgoing,256,02:00:00:00:00:01,02:00:00:00:00:02,0x88b5,reverse,1,312
431,1787041215017758,l_left,4,outgoing,256,02:00:00:00:00:01,02:00:00:00:00:02,0x88b5,reverse,1,313
432,1787041215018004,l_left,4,outgoing,256,02:00:00:00:00:01,02:00:00:00:00:02,0x88b5,reverse,1,314
433,1787041215018161,l_left,4,outgoing,256,02:00:00:00:00:01,02:00:00:00:00:02,0x88b5,reverse,1,315
434,1787041215018481,l_left,4,outgoing,256,02:00:00:00:00:01,02:00:00:00:00:02,0x88b5,reverse,1,316
435,1787041215018674,l_left,4,outgoing,256,02:00:00:00:00:01,02:00:00:00:00:02,0x88b5,reverse,1,317
436,1787041215018914,l_left,4,outgoing,256,02:00:00:00:00:01,02:00:00:00:00:02,0x88b5,reverse,1,318
437,1787041215019160,l_left,4,outgoing,256,02:00:00:00:00:01,02:00:00:00:00:02,0x88b5,reverse,1,319
438,1787041215019622,l_left,3,otherhost,256,02:00:00:00:00:02,02:00:00:00:00:01,0x88b5,forward,1,118
439,1787041215019639,l_left,3,otherhost,256,02:00:00:00:00:02,02:00:00:00:00:01,0x88b5,forward,1,119
440,1787041215026080,l_left,3,otherhost,256,02:00:00:00:00:02,02:00:00:00:00:01,0x88b5,forward,1,120
441,1787041215026101,l_left,3,otherhost,256,02:00:00:00:00:02,02:00:00:00:00:01,0x88b5,forward,1,121
442,1787041215026356,l_left,3,otherhost,256,02:00:00:00:00:02,02:00:00:00:00:01,0x88b5,forward,1,122
443,1787041215026594,l_left,3,otherhost,256,02:00:00:00:00:02,02:00:00:00:00:01,0x88b5,forward,1,123
444,1787041215027233,l_left,4,outgoing,256,02:00:00:00:00:01,02:00:00:00:00:02,0x88b5,reverse,1,320
445,1787041215027256,l_left,4,outgoing,256,02:00:00:00:00:01,02:00:00:00:00:02,0x88b5,reverse,1,321
446,1787041215227402,l_left,4,outgoing,256,02:00:00:00:00:01,02:00:00:00:00:02,0x88b5,reverse,1,322
447,1787041215227467,l_left,4,outgoing,256,02:00:00:00:00:01,02:00:00:00:00:02,0x88b5,reverse,1,323
448,1787041215227489,l_left,4,outgoing,256,02:00:00:00:00:01,02:00:00:00:00:02,0x88b5,reverse,1,324
449,1787041215227506,l_left,4,outgoing,256,02:00:00:00:00:01,02:00:00:00:00:02,0x88b5,reverse,1,325
450,1787041215227522,l_left,4,outgoing,256,02:00:00:00:00:01,02:00:00:00:00:02,0x88b5,reverse,1,326
451,1787041215227536,l_left,4,outgoing,256,02:00:00:00:00:01,02:00:00:00:00:02,0x88b5,reverse,1,327
452,1787041215227551,l_left,4,outgoing,256,02:00:00:00:00:01,02:00:00:00:00:02,0x88b5,reverse,1,328
453,1787041215227627,l_left,4,outgoing,256,02:00:00:00:00:01,02:00:00:00:00:02,0x88b5,reverse,1,329
454,1787041215227985,l_left,4,outgoing,256,02:00:00:00:00:01,02:00:00:00:00:02,0x88b5,reverse,1,330
455,1787041215228241,l_left,4,outgoing,256,02:00:00:00:00:01,02:00:00:00:00:02,0x88b5,reverse,1,331
456,1787041215228496,l_left,4,outgoing,256,02:00:00:00:00:01,02:00:00:00:00:02,0x88b5,reverse,1,332
457,1787041215228746,l_left,4,outgoing,256,02:00:00:00:00:01,02:00:00:00:00:02,0x88b5,reverse,1,333
458,1787041215229041,l_left,4,outgoing,256,02:00:00:00:00:01,02:00:00:00:00:02,0x88b5,reverse,1,334
459,1787041215229300,l_left,4,outgoing,256,02:00:00:00:00:01,02:00:00:00:00:02,0x88b5,reverse,1,335
460,1787041215229717,l_left,3,otherhost,256,02:00:00:00:00:02,02:00:00:00:00:01,0x88b5,forward,1,124
461,1787041215229756,l_left,3,otherhost,256,02:00:00:00:00:02,02:00:00:00:00:01,0x88b5,forward,1,125
462,1787041215236187,l_left,3,otherhost,256,02:00:00:00:00:02,02:00:00:00:00:01,0x88b5,forward,1,126
463,1787041215236245,l_left,3,otherhost,256,02:00:00:00:00:02,02:00:00:00:00:01,0x88b5,forward,1,127
464,1787041215236464,l_left,3,otherhost,256,02:00:00:00:00:02,02:00:00:00:00:01,0x88b5,forward,1,128
465,1787041215236634,l_left,3,otherhost,256,02:00:00:00:00:02,02:00:00:00:00:01,0x88b5,forward,1,129
466,1787041215237369,l_left,4,outgoing,256,02:00:00:00:00:01,02:00:00:00:00:02,0x88b5,reverse,1,336
467,1787041215237405,l_left,4,outgoing,256,02:00:00:00:00:01,02:00:00:00:00:02,0x88b5,reverse,1,337
468,1787041215437253,l_left,4,outgoing,256,02:00:00:00:00:01,02:00:00:00:00:02,0x88b5,reverse,1,338
469,1787041215437326,l_left,4,outgoing,256,02:00:00:00:00:01,02:00:00:00:00:02,0x88b5,reverse,1,339
470,1787041215437349,l_left,4,outgoing,256,02:00:00:00:00:01,02:00:00:00:00:02,0x88b5,reverse,1,340
471,1787041215437367,l_left,4,outgoing,256,02:00:00:00:00:01,02:00:00:00:00:02,0x88b5,reverse,1,341
472,1787041215437389,l_left,4,outgoing,256,02:00:00:00:00:01,02:00:00:00:00:02,0x88b5,reverse,1,342
473,1787041215437433,l_left,4,outgoing,256,02:00:00:00:00:01,02:00:00:00:00:02,0x88b5,reverse,1,343
474,1787041215437481,l_left,4,outgoing,256,02:00:00:00:00:01,02:00:00:00:00:02,0x88b5,reverse,1,344
475,1787041215437710,l_left,4,outgoing,256,02:00:00:00:00:01,02:00:00:00:00:02,0x88b5,reverse,1,345
476,1787041215437955,l_left,4,outgoing,256,02:00:00:00:00:01,02:00:00:00:00:02,0x88b5,reverse,1,346
477,1787041215438209,l_left,4,outgoing,256,02:00:00:00:00:01,02:00:00:00:00:02,0x88b5,reverse,1,347
478,1787041215438452,l_left,4,outgoing,256,02:00:00:00:00:01,02:00:00:00:00:02,0x88b5,reverse,1,348
479,1787041215438705,l_left,4,outgoing,256,02:00:00:00:00:01,02:00:00:00:00:02,0x88b5,reverse,1,349
480,1787041215438954,l_left,4,outgoing,256,02:00:00:00:00:01,02:00:00:00:00:02,0x88b5,reverse,1,350
481,1787041215439172,l_left,4,outgoing,256,02:00:00:00:00:01,02:00:00:00:00:02,0x88b5,reverse,1,351
482,1787041215439711,l_left,3,otherhost,256,02:00:00:00:00:02,02:00:00:00:00:01,0x88b5,forward,1,130
483,1787041215439731,l_left,3,otherhost,256,02:00:00:00:00:02,02:00:00:00:00:01,0x88b5,forward,1,131
484,1787041215446023,l_left,3,otherhost,256,02:00:00:00:00:02,02:00:00:00:00:01,0x88b5,forward,1,132
485,1787041215446086,l_left,3,otherhost,256,02:00:00:00:00:02,02:00:00:00:00:01,0x88b5,forward,1,133
486,1787041215446340,l_left,3,otherhost,256,02:00:00:00:00:02,02:00:00:00:00:01,0x88b5,forward,1,134
487,1787041215446584,l_left,3,otherhost,256,02:00:00:00:00:02,02:00:00:00:00:01,0x88b5,forward,1,135
488,1787041215447135,l_left,4,outgoing,256,02:00:00:00:00:01,02:00:00:00:00:02,0x88b5,reverse,1,352
489,1787041215447169,l_left,4,outgoing,256,02:00:00:00:00:01,02:00:00:00:00:02,0x88b5,reverse,1,353
490,1787041215647388,l_left,4,outgoing,256,02:00:00:00:00:01,02:00:00:00:00:02,0x88b5,reverse,1,354
491,1787041215647453,l_left,4,outgoing,256,02:00:00:00:00:01,02:00:00:00:00:02,0x88b5,reverse,1,355
492,1787041215647477,l_left,4,outgoing,256,02:00:00:00:00:01,02:00:00:00:00:02,0x88b5,reverse,1,356
493,1787041215647494,l_left,4,outgoing,256,02:00:00:00:00:01,02:00:00:00:00:02,0x88b5,reverse,1,357
494,1787041215647509,l_left,4,outgoing,256,02:00:00:00:00:01,02:00:00:00:00:02,0x88b5,reverse,1,358
495,1787041215647524,l_left,4,outgoing,256,02:00:00:00:00:01,02:00:00:00:00:02,0x88b5,reverse,1,359
496,1787041215647549,l_left,4,outgoing,256,02:00:00:00:00:01,02:00:00:00:00:02,0x88b5,reverse,1,360
497,1787041215647620,l_left,4,outgoing,256,02:00:00:00:00:01,02:00:00:00:00:02,0x88b5,reverse,1,361
498,1787041215647985,l_left,4,outgoing,256,02:00:00:00:00:01,02:00:00:00:00:02,0x88b5,reverse,1,362
499,1787041215648255,l_left,4,outgoing,256,02:00:00:00:00:01,02:00:00:00:00:02,0x88b5,reverse,1,363
500,1787041215648487,l_left,4,outgoing,256,02:00:00:00:00:01,02:00:00:00:00:02,0x88b5,reverse,1,364
501,1787041215648749,l_left,4,outgoing,256,02:00:00:00:00:01,02:00:00:00:00:02,0x88b5,reverse,1,365
502,1787041215649002,l_left,4,outgoing,256,02:00:00:00:00:01,02:00:00:00:00:02,0x88b5,reverse,1,366
503,1787041215649294,l_left,4,outgoing,256,02:00:00:00:00:01,02:00:00:00:00:02,0x88b5,reverse,1,367
504,1787041215649686,l_left,3,otherhost,256,02:00:00:00:00:02,02:00:00:00:00:01,0x88b5,forward,1,136
505,1787041215649724,l_left,3,otherhost,256,02:00:00:00:00:02,02:00:00:00:00:01,0x88b5,forward,1,137
506,1787041215656318,l_left,3,otherhost,256,02:00:00:00:00:02,02:00:00:00:00:01,0x88b5,forward,1,138
507,1787041215656358,l_left,3,otherhost,256,02:00:00:00:00:02,02:00:00:00:00:01,0x88b5,forward,1,139
508,1787041215656565,l_left,3,otherhost,256,02:00:00:00:00:02,02:00:00:00:00:01,0x88b5,forward,1,140
509,1787041215656602,l_left,3,otherhost,256,02:00:00:00:00:02,02:00:00:00:00:01,0x88b5,forward,1,141
510,1787041215657220,l_left,4,outgoing,256,02:00:00:00:00:01,02:00:00:00:00:02,0x88b5,reverse,1,368
511,1787041215657259,l_left,4,outgoing,256,02:00:00:00:00:01,02:00:00:00:00:02,0x88b5,reverse,1,369
512,1787041215856928,l_left,4,outgoing,256,02:00:00:00:00:01,02:00:00:00:00:02,0x88b5,reverse,1,370
513,1787041215857000,l_left,4,outgoing,256,02:00:00:00:00:01,02:00:00:00:00:02,0x88b5,reverse,1,371
514,1787041215857023,l_left,4,outgoing,256,02:00:00:00:00:01,02:00:00:00:00:02,0x88b5,reverse,1,372
515,1787041215857054,l_left,4,outgoing,256,02:00:00:00:00:01,02:00:00:00:00:02,0x88b5,reverse,1,373
516,1787041215857070,l_left,4,outgoing,256,02:00:00:00:00:01,02:00:00:00:00:02,0x88b5,reverse,1,374
517,1787041215857220,l_left,4,outgoing,256,02:00:00:00:00:01,02:00:00:00:00:02,0x88b5,reverse,1,375
518,1787041215857496,l_left,4,outgoing,256,02:00:00:00:00:01,02:00:00:00:00:02,0x88b5,reverse,1,376
519,1787041215857741,l_left,4,outgoing,256,02:00:00:00:00:01,02:00:00:00:00:02,0x88b5,reverse,1,377
520,1787041215857996,l_left,4,outgoing,256,02:00:00:00:00:01,02:00:00:00:00:02,0x88b5,reverse,1,378
521,1787041215858247,l_left,4,outgoing,256,02:00:00:00:00:01,02:00:00:00:00:02,0x88b5,reverse,1,379
522,1787041215858494,l_left,4,outgoing,256,02:00:00:00:00:01,02:00:00:00:00:02,0x88b5,reverse,1,380
523,1787041215858735,l_left,4,outgoing,256,02:00:00:00:00:01,02:00:00:00:00:02,0x88b5,reverse,1,381
524,1787041215858916,l_left,4,outgoing,256,02:00:00:00:00:01,02:00:00:00:00:02,0x88b5,reverse,1,382
525,1787041215859119,l_left,4,outgoing,256,02:00:00:00:00:01,02:00:00:00:00:02,0x88b5,reverse,1,383
526,1787041215859694,l_left,3,otherhost,256,02:00:00:00:00:02,02:00:00:00:00:01,0x88b5,forward,1,142
527,1787041215859720,l_left,3,otherhost,256,02:00:00:00:00:02,02:00:00:00:00:01,0x88b5,forward,1,143
528,1787041215866160,l_left,3,otherhost,256,02:00:00:00:00:02,02:00:00:00:00:01,0x88b5,forward,1,144
529,1787041215866205,l_left,3,otherhost,256,02:00:00:00:00:02,02:00:00:00:00:01,0x88b5,forward,1,145
530,1787041215866359,l_left,3,otherhost,256,02:00:00:00:00:02,02:00:00:00:00:01,0x88b5,forward,1,146
531,1787041215866607,l_left,3,otherhost,256,02:00:00:00:00:02,02:00:00:00:00:01,0x88b5,forward,1,147
532,1787041215867157,l_left,4,outgoing,256,02:00:00:00:00:01,02:00:00:00:00:02,0x88b5,reverse,1,384
533,1787041215867174,l_left,4,outgoing,256,02:00:00:00:00:01,02:00:00:00:00:02,0x88b5,reverse,1,385
534,1787041216067297,l_left,4,outgoing,256,02:00:00:00:00:01,02:00:00:00:00:02,0x88b5,reverse,1,386
535,1787041216067473,l_left,4,outgoing,256,02:00:00:00:00:01,02:00:00:00:00:02,0x88b5,reverse,1,387
536,1787041216067501,l_left,4,outgoing,256,02:00:00:00:00:01,02:00:00:00:00:02,0x88b5,reverse,1,388
537,1787041216067519,l_left,4,outgoing,256,02:00:00:00:00:01,02:00:00:00:00:02,0x88b5,reverse,1,389
538,1787041216067571,l_left,4,outgoing,256,02:00:00:00:00:01,02:00:00:00:00:02,0x88b5,reverse,1,390
539,1787041216067589,l_left,4,outgoing,256,02:00:00:00:00:01,02:00:00:00:00:02,0x88b5,reverse,1,391
540,1787041216067605,l_left,4,outgoing,256,02:00:00:00:00:01,02:00:00:00:00:02,0x88b5,reverse,1,392
541,1787041216067649,l_left,4,outgoing,256,02:00:00:00:00:01,02:00:00:00:00:02,0x88b5,reverse,1,393
542,1787041216067986,l_left,4,outgoing,256,02:00:00:00:00:01,02:00:00:00:00:02,0x88b5,reverse,1,394
543,1787041216068241,l_left,4,outgoing,256,02:00:00:00:00:01,02:00:00:00:00:02,0x88b5,reverse,1,395
544,1787041216068496,l_left,4,outgoing,256,02:00:00:00:00:01,02:00:00:00:00:02,0x88b5,reverse,1,396
545,1787041216068748,l_left,4,outgoing,256,02:00:00:00:00:01,02:00:00:00:00:02,0x88b5,reverse,1,397
546,1787041216068987,l_left,4,outgoing,256,02:00:00:00:00:01,02:00:00:00:00:02,0x88b5,reverse,1,398
547,1787041216069214,l_left,4,outgoing,256,02:00:00:00:00:01,02:00:00:00:00:02,0x88b5,reverse,1,399
548,1787041216069783,l_left,3,otherhost,256,02:00:00:00:00:02,02:00:00:00:00:01,0x88b5,forward,1,148
549,1787041216069821,l_left,3,otherhost,256,02:00:00:00:00:02,02:00:00:00:00:01,0x88b5,forward,1,149
550,1787041216076188,l_left,3,otherhost,256,02:00:00:00:00:02,02:00:00:00:00:01,0x88b5,forward,1,150
551,1787041216076244,l_left,3,otherhost,256,02:00:00:00:00:02,02:00:00:00:00:01,0x88b5,forward,1,151
552,1787041216076518,l_left,3,otherhost,256,02:00:00:00:00:02,02:00:00:00:00:01,0x88b5,forward,1,152
553,1787041216076616,l_left,3,otherhost,256,02:00:00:00:00:02,02:00:00:00:00:01,0x88b5,forward,1,153
554,1787041216077312,l_left,4,outgoing,256,02:00:00:00:00:01,02:00:00:00:00:02,0x88b5,reverse,1,400
555,1787041216077349,l_left,4,outgoing,256,02:00:00:00:00:01,02:00:00:00:00:02,0x88b5,reverse,1,401
556,1787041216277158,l_left,4,outgoing,256,02:00:00:00:00:01,02:00:00:00:00:02,0x88b5,reverse,1,402
557,1787041216277224,l_left,4,outgoing,256,02:00:00:00:00:01,02:00:00:00:00:02,0x88b5,reverse,1,403
558,1787041216277247,l_left,4,outgoing,256,02:00:00:00:00:01,02:00:00:00:00:02,0x88b5,reverse,1,404
559,1787041216277265,l_left,4,outgoing,256,02:00:00:00:00:01,02:00:00:00:00:02,0x88b5,reverse,1,405
560,1787041216277281,l_left,4,outgoing,256,02:00:00:00:00:01,02:00:00:00:00:02,0x88b5,reverse,1,406
561,1787041216277298,l_left,4,outgoing,256,02:00:00:00:00:01,02:00:00:00:00:02,0x88b5,reverse,1,407
562,1787041216277452,l_left,4,outgoing,256,02:00:00:00:00:01,02:00:00:00:00:02,0x88b5,reverse,1,408
563,1787041216277735,l_left,4,outgoing,256,02:00:00:00:00:01,02:00:00:00:00:02,0x88b5,reverse,1,409
564,1787041216277999,l_left,4,outgoing,256,02:00:00:00:00:01,02:00:00:00:00:02,0x88b5,reverse,1,410
565,1787041216278248,l_left,4,outgoing,256,02:00:00:00:00:01,02:00:00:00:00:02,0x88b5,reverse,1,411
566,1787041216278492,l_left,4,outgoing,256,02:00:00:00:00:01,02:00:00:00:00:02,0x88b5,reverse,1,412
567,1787041216278710,l_left,4,outgoing,256,02:00:00:00:00:01,02:00:00:00:00:02,0x88b5,reverse,1,413
568,1787041216278954,l_left,4,outgoing,256,02:00:00:00:00:01,02:00:00:00:00:02,0x88b5,reverse,1,414
569,1787041216279166,l_left,4,outgoing,256,02:00:00:00:00:01,02:00:00:00:00:02,0x88b5,reverse,1,415
570,1787041216279731,l_left,3,otherhost,256,02:00:00:00:00:02,02:00:00:00:00:01,0x88b5,forward,1,154
571,1787041216279753,l_left,3,otherhost,256,02:00:00:00:00:02,02:00:00:00:00:01,0x88b5,forward,1,155
572,1787041216286074,l_left,3,otherhost,256,02:00:00:00:00:02,02:00:00:00:00:01,0x88b5,forward,1,156
573,1787041216286087,l_left,3,otherhost,256,02:00:00:00:00:02,02:00:00:00:00:01,0x88b5,forward,1,157
574,1787041216286330,l_left,3,otherhost,256,02:00:00:00:00:02,02:00:00:00:00:01,0x88b5,forward,1,158
575,1787041216286579,l_left,3,otherhost,256,02:00:00:00:00:02,02:00:00:00:00:01,0x88b5,forward,1,159
576,1787041216286997,l_left,4,outgoing,256,02:00:00:00:00:01,02:00:00:00:00:02,0x88b5,reverse,1,416
577,1787041216287121,l_left,4,outgoing,256,02:00:00:00:00:01,02:00:00:00:00:02,0x88b5,reverse,1,417
578,1787041216486672,l_left,4,outgoing,256,02:00:00:00:00:01,02:00:00:00:00:02,0x88b5,reverse,1,418
579,1787041216486715,l_left,4,outgoing,256,02:00:00:00:00:01,02:00:00:00:00:02,0x88b5,reverse,1,419
580,1787041216486742,l_left,4,outgoing,256,02:00:00:00:00:01,02:00:00:00:00:02,0x88b5,reverse,1,420
581,1787041216486761,l_left,4,outgoing,256,02:00:00:00:00:01,02:00:00:00:00:02,0x88b5,reverse,1,421
582,1787041216487021,l_left,4,outgoing,256,02:00:00:00:00:01,02:00:00:00:00:02,0x88b5,reverse,1,422
583,1787041216487240,l_left,4,outgoing,256,02:00:00:00:00:01,02:00:00:00:00:02,0x88b5,reverse,1,423
584,1787041216487495,l_left,4,outgoing,256,02:00:00:00:00:01,02:00:00:00:00:02,0x88b5,reverse,1,424
585,1787041216487738,l_left,4,outgoing,256,02:00:00:00:00:01,02:00:00:00:00:02,0x88b5,reverse,1,425
586,1787041216488009,l_left,4,outgoing,256,02:00:00:00:00:01,02:00:00:00:00:02,0x88b5,reverse,1,426
587,1787041216488245,l_left,4,outgoing,256,02:00:00:00:00:01,02:00:00:00:00:02,0x88b5,reverse,1,427
588,1787041216488487,l_left,4,outgoing,256,02:00:00:00:00:01,02:00:00:00:00:02,0x88b5,reverse,1,428
589,1787041216488738,l_left,4,outgoing,256,02:00:00:00:00:01,02:00:00:00:00:02,0x88b5,reverse,1,429
590,1787041216488977,l_left,4,outgoing,256,02:00:00:00:00:01,02:00:00:00:00:02,0x88b5,reverse,1,430
591,1787041216489136,l_left,4,outgoing,256,02:00:00:00:00:01,02:00:00:00:00:02,0x88b5,reverse,1,431
592,1787041216490282,l_left,3,otherhost,256,02:00:00:00:00:02,02:00:00:00:00:01,0x88b5,forward,1,160
593,1787041216490302,l_left,3,otherhost,256,02:00:00:00:00:02,02:00:00:00:00:01,0x88b5,forward,1,161
594,1787041216496144,l_left,3,otherhost,256,02:00:00:00:00:02,02:00:00:00:00:01,0x88b5,forward,1,162
595,1787041216496163,l_left,3,otherhost,256,02:00:00:00:00:02,02:00:00:00:00:01,0x88b5,forward,1,163
596,1787041216496358,l_left,3,otherhost,256,02:00:00:00:00:02,02:00:00:00:00:01,0x88b5,forward,1,164
597,1787041216496606,l_left,3,otherhost,256,02:00:00:00:00:02,02:00:00:00:00:01,0x88b5,forward,1,165
598,1787041216497178,l_left,4,outgoing,256,02:00:00:00:00:01,02:00:00:00:00:02,0x88b5,reverse,1,432
599,1787041216497221,l_left,4,outgoing,256,02:00:00:00:00:01,02:00:00:00:00:02,0x88b5,reverse,1,433
600,1787041216697365,l_left,4,outgoing,256,02:00:00:00:00:01,02:00:00:00:00:02,0x88b5,reverse,1,434
601,1787041216697429,l_left,4,outgoing,256,02:00:00:00:00:01,02:00:00:00:00:02,0x88b5,reverse,1,435
602,1787041216697451,l_left,4,outgoing,256,02:00:00:00:00:01,02:00:00:00:00:02,0x88b5,reverse,1,436
603,1787041216697470,l_left,4,outgoing,256,02:00:00:00:00:01,02:00:00:00:00:02,0x88b5,reverse,1,437
604,1787041216697486,l_left,4,outgoing,256,02:00:00:00:00:01,02:00:00:00:00:02,0x88b5,reverse,1,438
605,1787041216697504,l_left,4,outgoing,256,02:00:00:00:00:01,02:00:00:00:00:02,0x88b5,reverse,1,439
606,1787041216697520,l_left,4,outgoing,256,02:00:00:00:00:01,02:00:00:00:00:02,0x88b5,reverse,1,440
607,1787041216697748,l_left,4,outgoing,256,02:00:00:00:00:01,02:00:00:00:00:02,0x88b5,reverse,1,441
608,1787041216697988,l_left,4,outgoing,256,02:00:00:00:00:01,02:00:00:00:00:02,0x88b5,reverse,1,442
609,1787041216698241,l_left,4,outgoing,256,02:00:00:00:00:01,02:00:00:00:00:02,0x88b5,reverse,1,443
610,1787041216698489,l_left,4,outgoing,256,02:00:00:00:00:01,02:00:00:00:00:02,0x88b5,reverse,1,444
611,1787041216698742,l_left,4,outgoing,256,02:00:00:00:00:01,02:00:00:00:00:02,0x88b5,reverse,1,445
612,1787041216698992,l_left,4,outgoing,256,02:00:00:00:00:01,02:00:00:00:00:02,0x88b5,reverse,1,446
613,1787041216699240,l_left,4,outgoing,256,02:00:00:00:00:01,02:00:00:00:00:02,0x88b5,reverse,1,447
614,1787041216699638,l_left,3,otherhost,256,02:00:00:00:00:02,02:00:00:00:00:01,0x88b5,forward,1,166
615,1787041216699681,l_left,3,otherhost,256,02:00:00:00:00:02,02:00:00:00:00:01,0x88b5,forward,1,167
616,1787041216706089,l_left,3,otherhost,256,02:00:00:00:00:02,02:00:00:00:00:01,0x88b5,forward,1,168
617,1787041216706125,l_left,3,otherhost,256,02:00:00:00:00:02,02:00:00:00:00:01,0x88b5,forward,1,169
618,1787041216706358,l_left,3,otherhost,256,02:00:00:00:00:02,02:00:00:00:00:01,0x88b5,forward,1,170
619,1787041216706605,l_left,3,otherhost,256,02:00:00:00:00:02,02:00:00:00:00:01,0x88b5,forward,1,171
620,1787041216707209,l_left,4,outgoing,256,02:00:00:00:00:01,02:00:00:00:00:02,0x88b5,reverse,1,448
621,1787041216707238,l_left,4,outgoing,256,02:00:00:00:00:01,02:00:00:00:00:02,0x88b5,reverse,1,449
622,1787041216906897,l_left,4,outgoing,256,02:00:00:00:00:01,02:00:00:00:00:02,0x88b5,reverse,1,450
623,1787041216906959,l_left,4,outgoing,256,02:00:00:00:00:01,02:00:00:00:00:02,0x88b5,reverse,1,451
624,1787041216906980,l_left,4,outgoing,256,02:00:00:00:00:01,02:00:00:00:00:02,0x88b5,reverse,1,452
625,1787041216906997,l_left,4,outgoing,256,02:00:00:00:00:01,02:00:00:00:00:02,0x88b5,reverse,1,453
626,1787041216907013,l_left,4,outgoing,256,02:00:00:00:00:01,02:00:00:00:00:02,0x88b5,reverse,1,454
627,1787041216907136,l_left,4,outgoing,256,02:00:00:00:00:01,02:00:00:00:00:02,0x88b5,reverse,1,455
628,1787041216907482,l_left,4,outgoing,256,02:00:00:00:00:01,02:00:00:00:00:02,0x88b5,reverse,1,456
629,1787041216907721,l_left,4,outgoing,256,02:00:00:00:00:01,02:00:00:00:00:02,0x88b5,reverse,1,457
630,1787041216907960,l_left,4,outgoing,256,02:00:00:00:00:01,02:00:00:00:00:02,0x88b5,reverse,1,458
631,1787041216908200,l_left,4,outgoing,256,02:00:00:00:00:01,02:00:00:00:00:02,0x88b5,reverse,1,459
632,1787041216908417,l_left,4,outgoing,256,02:00:00:00:00:01,02:00:00:00:00:02,0x88b5,reverse,1,460
633,1787041216908663,l_left,4,outgoing,256,02:00:00:00:00:01,02:00:00:00:00:02,0x88b5,reverse,1,461
634,1787041216908913,l_left,4,outgoing,256,02:00:00:00:00:01,02:00:00:00:00:02,0x88b5,reverse,1,462
635,1787041216909126,l_left,4,outgoing,256,02:00:00:00:00:01,02:00:00:00:00:02,0x88b5,reverse,1,463
636,1787041216910242,l_left,3,otherhost,256,02:00:00:00:00:02,02:00:00:00:00:01,0x88b5,forward,1,172
637,1787041216910254,l_left,3,otherhost,256,02:00:00:00:00:02,02:00:00:00:00:01,0x88b5,forward,1,173
638,1787041216916009,l_left,3,otherhost,256,02:00:00:00:00:02,02:00:00:00:00:01,0x88b5,forward,1,174
639,1787041216916085,l_left,3,otherhost,256,02:00:00:00:00:02,02:00:00:00:00:01,0x88b5,forward,1,175
640,1787041216916325,l_left,3,otherhost,256,02:00:00:00:00:02,02:00:00:00:00:01,0x88b5,forward,1,176
641,1787041216916577,l_left,3,otherhost,256,02:00:00:00:00:02,02:00:00:00:00:01,0x88b5,forward,1,177
642,1787041216916955,l_left,4,outgoing,256,02:00:00:00:00:01,02:00:00:00:00:02,0x88b5,reverse,1,464
643,1787041216917164,l_left,4,outgoing,256,02:00:00:00:00:01,02:00:00:00:00:02,0x88b5,reverse,1,465
644,1787041217116604,l_left,4,outgoing,256,02:00:00:00:00:01,02:00:00:00:00:02,0x88b5,reverse,1,466
645,1787041217116643,l_left,4,outgoing,256,02:00:00:00:00:01,02:00:00:00:00:02,0x88b5,reverse,1,467
646,1787041217116665,l_left,4,outgoing,256,02:00:00:00:00:01,02:00:00:00:00:02,0x88b5,reverse,1,468
647,1787041217116933,l_left,4,outgoing,256,02:00:00:00:00:01,02:00:00:00:00:02,0x88b5,reverse,1,469
648,1787041217116971,l_left,4,outgoing,256,02:00:00:00:00:01,02:00:00:00:00:02,0x88b5,reverse,1,470
649,1787041217117260,l_left,4,outgoing,256,02:00:00:00:00:01,02:00:00:00:00:02,0x88b5,reverse,1,471
650,1787041217117453,l_left,4,outgoing,256,02:00:00:00:00:01,02:00:00:00:00:02,0x88b5,reverse,1,472
651,1787041217117735,l_left,4,outgoing,256,02:00:00:00:00:01,02:00:00:00:00:02,0x88b5,reverse,1,473
652,1787041217117995,l_left,4,outgoing,256,02:00:00:00:00:01,02:00:00:00:00:02,0x88b5,reverse,1,474
653,1787041217118245,l_left,4,outgoing,256,02:00:00:00:00:01,02:00:00:00:00:02,0x88b5,reverse,1,475
654,1787041217118499,l_left,4,outgoing,256,02:00:00:00:00:01,02:00:00:00:00:02,0x88b5,reverse,1,476
655,1787041217118703,l_left,4,outgoing,256,02:00:00:00:00:01,02:00:00:00:00:02,0x88b5,reverse,1,477
656,1787041217118946,l_left,4,outgoing,256,02:00:00:00:00:01,02:00:00:00:00:02,0x88b5,reverse,1,478
657,1787041217119177,l_left,4,outgoing,256,02:00:00:00:00:01,02:00:00:00:00:02,0x88b5,reverse,1,479
658,1787041217120277,l_left,3,otherhost,256,02:00:00:00:00:02,02:00:00:00:00:01,0x88b5,forward,1,178
659,1787041217120303,l_left,3,otherhost,256,02:00:00:00:00:02,02:00:00:00:00:01,0x88b5,forward,1,179
660,1787041217126098,l_left,3,otherhost,256,02:00:00:00:00:02,02:00:00:00:00:01,0x88b5,forward,1,180
661,1787041217126135,l_left,3,otherhost,256,02:00:00:00:00:02,02:00:00:00:00:01,0x88b5,forward,1,181
662,1787041217126359,l_left,3,otherhost,256,02:00:00:00:00:02,02:00:00:00:00:01,0x88b5,forward,1,182
663,1787041217126607,l_left,3,otherhost,256,02:00:00:00:00:02,02:00:00:00:00:01,0x88b5,forward,1,183
664,1787041217127175,l_left,4,outgoing,256,02:00:00:00:00:01,02:00:00:00:00:02,0x88b5,reverse,1,480
665,1787041217127198,l_left,4,outgoing,256,02:00:00:00:00:01,02:00:00:00:00:02,0x88b5,reverse,1,481
666,1787041217327241,l_left,4,outgoing,256,02:00:00:00:00:01,02:00:00:00:00:02,0x88b5,reverse,1,482
667,1787041217327304,l_left,4,outgoing,256,02:00:00:00:00:01,02:00:00:00:00:02,0x88b5,reverse,1,483
668,1787041217327334,l_left,4,outgoing,256,02:00:00:00:00:01,02:00:00:00:00:02,0x88b5,reverse,1,484
669,1787041217327352,l_left,4,outgoing,256,02:00:00:00:00:01,02:00:00:00:00:02,0x88b5,reverse,1,485
670,1787041217327368,l_left,4,outgoing,256,02:00:00:00:00:01,02:00:00:00:00:02,0x88b5,reverse,1,486
671,1787041217327384,l_left,4,outgoing,256,02:00:00:00:00:01,02:00:00:00:00:02,0x88b5,reverse,1,487
672,1787041217327400,l_left,4,outgoing,256,02:00:00:00:00:01,02:00:00:00:00:02,0x88b5,reverse,1,488
673,1787041217327737,l_left,4,outgoing,256,02:00:00:00:00:01,02:00:00:00:00:02,0x88b5,reverse,1,489
674,1787041217327994,l_left,4,outgoing,256,02:00:00:00:00:01,02:00:00:00:00:02,0x88b5,reverse,1,490
675,1787041217328241,l_left,4,outgoing,256,02:00:00:00:00:01,02:00:00:00:00:02,0x88b5,reverse,1,491
676,1787041217328495,l_left,4,outgoing,256,02:00:00:00:00:01,02:00:00:00:00:02,0x88b5,reverse,1,492
677,1787041217328747,l_left,4,outgoing,256,02:00:00:00:00:01,02:00:00:00:00:02,0x88b5,reverse,1,493
678,1787041217328991,l_left,4,outgoing,256,02:00:00:00:00:01,02:00:00:00:00:02,0x88b5,reverse,1,494
679,1787041217329248,l_left,4,outgoing,256,02:00:00:00:00:01,02:00:00:00:00:02,0x88b5,reverse,1,495
680,1787041217329577,l_left,3,otherhost,256,02:00:00:00:00:02,02:00:00:00:00:01,0x88b5,forward,1,184
681,1787041217329615,l_left,3,otherhost,256,02:00:00:00:00:02,02:00:00:00:00:01,0x88b5,forward,1,185
682,1787041217336101,l_left,3,otherhost,256,02:00:00:00:00:02,02:00:00:00:00:01,0x88b5,forward,1,186
683,1787041217336146,l_left,3,otherhost,256,02:00:00:00:00:02,02:00:00:00:00:01,0x88b5,forward,1,187
684,1787041217336396,l_left,3,otherhost,256,02:00:00:00:00:02,02:00:00:00:00:01,0x88b5,forward,1,188
685,1787041217336636,l_left,3,otherhost,256,02:00:00:00:00:02,02:00:00:00:00:01,0x88b5,forward,1,189
686,1787041217337231,l_left,4,outgoing,256,02:00:00:00:00:01,02:00:00:00:00:02,0x88b5,reverse,1,496
687,1787041217337268,l_left,4,outgoing,256,02:00:00:00:00:01,02:00:00:00:00:02,0x88b5,reverse,1,497
688,1787041217537486,l_left,4,outgoing,256,02:00:00:00:00:01,02:00:00:00:00:02,0x88b5,reverse,1,498
689,1787041217537549,l_left,4,outgoing,256,02:00:00:00:00:01,02:00:00:00:00:02,0x88b5,reverse,1,499
690,1787041217537571,l_left,4,outgoing,256,02:00:00:00:00:01,02:00:00:00:00:02,0x88b5,reverse,1,500
691,1787041217537588,l_left,4,outgoing,256,02:00:00:00:00:01,02:00:00:00:00:02,0x88b5,reverse,1,501
692,1787041217537603,l_left,4,outgoing,256,02:00:00:00:00:01,02:00:00:00:00:02,0x88b5,reverse,1,502
693,1787041217537621,l_left,4,outgoing,256,02:00:00:00:00:01,02:00:00:00:00:02,0x88b5,reverse,1,503
694,1787041217537639,l_left,4,outgoing,256,02:00:00:00:00:01,02:00:00:00:00:02,0x88b5,reverse,1,504
695,1787041217537653,l_left,4,outgoing,256,02:00:00:00:00:01,02:00:00:00:00:02,0x88b5,reverse,1,505
696,1787041217537984,l_left,4,outgoing,256,02:00:00:00:00:01,02:00:00:00:00:02,0x88b5,reverse,1,506
697,1787041217538242,l_left,4,outgoing,256,02:00:00:00:00:01,02:00:00:00:00:02,0x88b5,reverse,1,507
698,1787041217538497,l_left,4,outgoing,256,02:00:00:00:00:01,02:00:00:00:00:02,0x88b5,reverse,1,508
699,1787041217538739,l_left,4,outgoing,256,02:00:00:00:00:01,02:00:00:00:00:02,0x88b5,reverse,1,509
700,1787041217538992,l_left,4,outgoing,256,02:00:00:00:00:01,02:00:00:00:00:02,0x88b5,reverse,1,510
701,1787041217539250,l_left,4,outgoing,256,02:00:00:00:00:01,02:00:00:00:00:02,0x88b5,reverse,1,511
702,1787041217539594,l_left,3,otherhost,256,02:00:00:00:00:02,02:00:00:00:00:01,0x88b5,forward,1,190
703,1787041217539633,l_left,3,otherhost,256,02:00:00:00:00:02,02:00:00:00:00:01,0x88b5,forward,1,191
704,1787041217546743,l_left,3,otherhost,256,02:00:00:00:00:02,02:00:00:00:00:01,0x88b5,forward,1,192
705,1787041217546804,l_left,3,otherhost,256,02:00:00:00:00:02,02:00:00:00:00:01,0x88b5,forward,1,193
706,1787041217546834,l_left,3,otherhost,256,02:00:00:00:00:02,02:00:00:00:00:01,0x88b5,forward,1,194
707,1787041217546852,l_left,3,otherhost,256,02:00:00:00:00:02,02:00:00:00:00:01,0x88b5,forward,1,195
708,1787041217547343,l_left,4,outgoing,256,02:00:00:00:00:01,02:00:00:00:00:02,0x88b5,reverse,1,512
709,1787041217547380,l_left,4,outgoing,256,02:00:00:00:00:01,02:00:00:00:00:02,0x88b5,reverse,1,513
710,1787041217747255,l_left,4,outgoing,256,02:00:00:00:00:01,02:00:00:00:00:02,0x88b5,reverse,1,514
711,1787041217747316,l_left,4,outgoing,256,02:00:00:00:00:01,02:00:00:00:00:02,0x88b5,reverse,1,515
712,1787041217747338,l_left,4,outgoing,256,02:00:00:00:00:01,02:00:00:00:00:02,0x88b5,reverse,1,516
713,1787041217747355,l_left,4,outgoing,256,02:00:00:00:00:01,02:00:00:00:00:02,0x88b5,reverse,1,517
714,1787041217747378,l_left,4,outgoing,256,02:00:00:00:00:01,02:00:00:00:00:02,0x88b5,reverse,1,518
715,1787041217747400,l_left,4,outgoing,256,02:00:00:00:00:01,02:00:00:00:00:02,0x88b5,reverse,1,519
716,1787041217747422,l_left,4,outgoing,256,02:00:00:00:00:01,02:00:00:00:00:02,0x88b5,reverse,1,520
717,1787041217747714,l_left,4,outgoing,256,02:00:00:00:00:01,02:00:00:00:00:02,0x88b5,reverse,1,521
718,1787041217747965,l_left,4,outgoing,256,02:00:00:00:00:01,02:00:00:00:00:02,0x88b5,reverse,1,522
719,1787041217748217,l_left,4,outgoing,256,02:00:00:00:00:01,02:00:00:00:00:02,0x88b5,reverse,1,523
720,1787041217748464,l_left,4,outgoing,256,02:00:00:00:00:01,02:00:00:00:00:02,0x88b5,reverse,1,524
721,1787041217748714,l_left,4,outgoing,256,02:00:00:00:00:01,02:00:00:00:00:02,0x88b5,reverse,1,525
722,1787041217748967,l_left,4,outgoing,256,02:00:00:00:00:01,02:00:00:00:00:02,0x88b5,reverse,1,526
723,1787041217749199,l_left,4,outgoing,256,02:00:00:00:00:01,02:00:00:00:00:02,0x88b5,reverse,1,527
724,1787041217749523,l_left,3,otherhost,256,02:00:00:00:00:02,02:00:00:00:00:01,0x88b5,forward,1,196
725,1787041217749619,l_left,3,otherhost,256,02:00:00:00:00:02,02:00:00:00:00:01,0x88b5,forward,1,197
726,1787041217756203,l_left,3,otherhost,256,02:00:00:00:00:02,02:00:00:00:00:01,0x88b5,forward,1,198
727,1787041217756240,l_left,3,otherhost,256,02:00:00:00:00:02,02:00:00:00:00:01,0x88b5,forward,1,199
728,1787041217756375,l_left,3,otherhost,256,02:00:00:00:00:02,02:00:00:00:00:01,0x88b5,forward,1,200
729,1787041217756637,l_left,3,otherhost,256,02:00:00:00:00:02,02:00:00:00:00:01,0x88b5,forward,1,201
730,1787041217757269,l_left,4,outgoing,256,02:00:00:00:00:01,02:00:00:00:00:02,0x88b5,reverse,1,528
731,1787041217757294,l_left,4,outgoing,256,02:00:00:00:00:01,02:00:00:00:00:02,0x88b5,reverse,1,529
732,1787041217956913,l_left,4,outgoing,256,02:00:00:00:00:01,02:00:00:00:00:02,0x88b5,reverse,1,530
733,1787041217956977,l_left,4,outgoing,256,02:00:00:00:00:01,02:00:00:00:00:02,0x88b5,reverse,1,531
734,1787041217956999,l_left,4,outgoing,256,02:00:00:00:00:01,02:00:00:00:00:02,0x88b5,reverse,1,532
735,1787041217957017,l_left,4,outgoing,256,02:00:00:00:00:01,02:00:00:00:00:02,0x88b5,reverse,1,533
736,1787041217957037,l_left,4,outgoing,256,02:00:00:00:00:01,02:00:00:00:00:02,0x88b5,reverse,1,534
737,1787041217957273,l_left,4,outgoing,256,02:00:00:00:00:01,02:00:00:00:00:02,0x88b5,reverse,1,535
738,1787041217957402,l_left,4,outgoing,256,02:00:00:00:00:01,02:00:00:00:00:02,0x88b5,reverse,1,536
739,1787041217957734,l_left,4,outgoing,256,02:00:00:00:00:01,02:00:00:00:00:02,0x88b5,reverse,1,537
740,1787041217958002,l_left,4,outgoing,256,02:00:00:00:00:01,02:00:00:00:00:02,0x88b5,reverse,1,538
741,1787041217958247,l_left,4,outgoing,256,02:00:00:00:00:01,02:00:00:00:00:02,0x88b5,reverse,1,539
742,1787041217958499,l_left,4,outgoing,256,02:00:00:00:00:01,02:00:00:00:00:02,0x88b5,reverse,1,540
743,1787041217958715,l_left,4,outgoing,256,02:00:00:00:00:01,02:00:00:00:00:02,0x88b5,reverse,1,541
744,1787041217958945,l_left,4,outgoing,256,02:00:00:00:00:01,02:00:00:00:00:02,0x88b5,reverse,1,542
745,1787041217959154,l_left,4,outgoing,256,02:00:00:00:00:01,02:00:00:00:00:02,0x88b5,reverse,1,543
746,1787041217959730,l_left,3,otherhost,256,02:00:00:00:00:02,02:00:00:00:00:01,0x88b5,forward,1,202
747,1787041217959755,l_left,3,otherhost,256,02:00:00:00:00:02,02:00:00:00:00:01,0x88b5,forward,1,203
748,1787041217966087,l_left,3,otherhost,256,02:00:00:00:00:02,02:00:00:00:00:01,0x88b5,forward,1,204
749,1787041217966124,l_left,3,otherhost,256,02:00:00:00:00:02,02:00:00:00:00:01,0x88b5,forward,1,205
750,1787041217966360,l_left,3,otherhost,256,02:00:00:00:00:02,02:00:00:00:00:01,0x88b5,forward,1,206
751,1787041217966607,l_left,3,otherhost,256,02:00:00:00:00:02,02:00:00:00:00:01,0x88b5,forward,1,207
752,1787041217967164,l_left,4,outgoing,256,02:00:00:00:00:01,02:00:00:00:00:02,0x88b5,reverse,1,544
753,1787041217967188,l_left,4,outgoing,256,02:00:00:00:00:01,02:00:00:00:00:02,0x88b5,reverse,1,545
754,1787041218167404,l_left,4,outgoing,256,02:00:00:00:00:01,02:00:00:00:00:02,0x88b5,reverse,1,546
755,1787041218167476,l_left,4,outgoing,256,02:00:00:00:00:01,02:00:00:00:00:02,0x88b5,reverse,1,547
756,1787041218167510,l_left,4,outgoing,256,02:00:00:00:00:01,02:00:00:00:00:02,0x88b5,reverse,1,548
757,1787041218167528,l_left,4,outgoing,256,02:00:00:00:00:01,02:00:00:00:00:02,0x88b5,reverse,1,549
758,1787041218167544,l_left,4,outgoing,256,02:00:00:00:00:01,02:00:00:00:00:02,0x88b5,reverse,1,550
759,1787041218167559,l_left,4,outgoing,256,02:00:00:00:00:01,02:00:00:00:00:02,0x88b5,reverse,1,551
760,1787041218167573,l_left,4,outgoing,256,02:00:00:00:00:01,02:00:00:00:00:02,0x88b5,reverse,1,552
761,1787041218167651,l_left,4,outgoing,256,02:00:00:00:00:01,02:00:00:00:00:02,0x88b5,reverse,1,553
762,1787041218167984,l_left,4,outgoing,256,02:00:00:00:00:01,02:00:00:00:00:02,0x88b5,reverse,1,554
763,1787041218168238,l_left,4,outgoing,256,02:00:00:00:00:01,02:00:00:00:00:02,0x88b5,reverse,1,555
764,1787041218168492,l_left,4,outgoing,256,02:00:00:00:00:01,02:00:00:00:00:02,0x88b5,reverse,1,556
765,1787041218168742,l_left,4,outgoing,256,02:00:00:00:00:01,02:00:00:00:00:02,0x88b5,reverse,1,557
766,1787041218168993,l_left,4,outgoing,256,02:00:00:00:00:01,02:00:00:00:00:02,0x88b5,reverse,1,558
767,1787041218169257,l_left,4,outgoing,256,02:00:00:00:00:01,02:00:00:00:00:02,0x88b5,reverse,1,559
768,1787041218169732,l_left,3,otherhost,256,02:00:00:00:00:02,02:00:00:00:00:01,0x88b5,forward,1,208
769,1787041218169777,l_left,3,otherhost,256,02:00:00:00:00:02,02:00:00:00:00:01,0x88b5,forward,1,209
770,1787041218176109,l_left,3,otherhost,256,02:00:00:00:00:02,02:00:00:00:00:01,0x88b5,forward,1,210
771,1787041218176154,l_left,3,otherhost,256,02:00:00:00:00:02,02:00:00:00:00:01,0x88b5,forward,1,211
772,1787041218176392,l_left,3,otherhost,256,02:00:00:00:00:02,02:00:00:00:00:01,0x88b5,forward,1,212
773,1787041218176640,l_left,3,otherhost,256,02:00:00:00:00:02,02:00:00:00:00:01,0x88b5,forward,1,213
774,1787041218177254,l_left,4,outgoing,256,02:00:00:00:00:01,02:00:00:00:00:02,0x88b5,reverse,1,560
775,1787041218177279,l_left,4,outgoing,256,02:00:00:00:00:01,02:00:00:00:00:02,0x88b5,reverse,1,561
776,1787041218377377,l_left,4,outgoing,256,02:00:00:00:00:01,02:00:00:00:00:02,0x88b5,reverse,1,562
777,1787041218377446,l_left,4,outgoing,256,02:00:00:00:00:01,02:00:00:00:00:02,0x88b5,reverse,1,563
778,1787041218377466,l_left,4,outgoing,256,02:00:00:00:00:01,02:00:00:00:00:02,0x88b5,reverse,1,564
779,1787041218377483,l_left,4,outgoing,256,02:00:00:00:00:01,02:00:00:00:00:02,0x88b5,reverse,1,565
780,1787041218377499,l_left,4,outgoing,256,02:00:00:00:00:01,02:00:00:00:00:02,0x88b5,reverse,1,566
781,1787041218377513,l_left,4,outgoing,256,02:00:00:00:00:01,02:00:00:00:00:02,0x88b5,reverse,1,567
782,1787041218377527,l_left,4,outgoing,256,02:00:00:00:00:01,02:00:00:00:00:02,0x88b5,reverse,1,568
783,1787041218377631,l_left,4,outgoing,256,02:00:00:00:00:01,02:00:00:00:00:02,0x88b5,reverse,1,569
784,1787041218377970,l_left,4,outgoing,256,02:00:00:00:00:01,02:00:00:00:00:02,0x88b5,reverse,1,570
785,1787041218378240,l_left,4,outgoing,256,02:00:00:00:00:01,02:00:00:00:00:02,0x88b5,reverse,1,571
786,1787041218378435,l_left,4,outgoing,256,02:00:00:00:00:01,02:00:00:00:00:02,0x88b5,reverse,1,572
787,1787041218378679,l_left,4,outgoing,256,02:00:00:00:00:01,02:00:00:00:00:02,0x88b5,reverse,1,573
788,1787041218378925,l_left,4,outgoing,256,02:00:00:00:00:01,02:00:00:00:00:02,0x88b5,reverse,1,574
789,1787041218379169,l_left,4,outgoing,256,02:00:00:00:00:01,02:00:00:00:00:02,0x88b5,reverse,1,575
790,1787041218379685,l_left,3,otherhost,256,02:00:00:00:00:02,02:00:00:00:00:01,0x88b5,forward,1,214
791,1787041218379708,l_left,3,otherhost,256,02:00:00:00:00:02,02:00:00:00:00:01,0x88b5,forward,1,215
792,1787041218386081,l_left,3,otherhost,256,02:00:00:00:00:02,02:00:00:00:00:01,0x88b5,forward,1,216
793,1787041218386108,l_left,3,otherhost,256,02:00:00:00:00:02,02:00:00:00:00:01,0x88b5,forward,1,217
794,1787041218386357,l_left,3,otherhost,256,02:00:00:00:00:02,02:00:00:00:00:01,0x88b5,forward,1,218
795,1787041218386607,l_left,3,otherhost,256,02:00:00:00:00:02,02:00:00:00:00:01,0x88b5,forward,1,219
796,1787041218387282,l_left,4,outgoing,256,02:00:00:00:00:01,02:00:00:00:00:02,0x88b5,reverse,1,576
797,1787041218387318,l_left,4,outgoing,256,02:00:00:00:00:01,02:00:00:00:00:02,0x88b5,reverse,1,577
798,1787041218586921,l_left,4,outgoing,256,02:00:00:00:00:01,02:00:00:00:00:02,0x88b5,reverse,1,578
799,1787041218586986,l_left,4,outgoing,256,02:00:00:00:00:01,02:00:00:00:00:02,0x88b5,reverse,1,579
800,1787041218587016,l_left,4,outgoing,256,02:00:00:00:00:01,02:00:00:00:00:02,0x88b5,reverse,1,580
801,1787041218587035,l_left,4,outgoing,256,02:00:00:00:00:01,02:00:00:00:00:02,0x88b5,reverse,1,581
802,1787041218587051,l_left,4,outgoing,256,02:00:00:00:00:01,02:00:00:00:00:02,0x88b5,reverse,1,582
803,1787041218587156,l_left,4,outgoing,256,02:00:00:00:00:01,02:00:00:00:00:02,0x88b5,reverse,1,583
804,1787041218587486,l_left,4,outgoing,256,02:00:00:00:00:01,02:00:00:00:00:02,0x88b5,reverse,1,584
805,1787041218587717,l_left,4,outgoing,256,02:00:00:00:00:01,02:00:00:00:00:02,0x88b5,reverse,1,585
806,1787041218587959,l_left,4,outgoing,256,02:00:00:00:00:01,02:00:00:00:00:02,0x88b5,reverse,1,586
807,1787041218588174,l_left,4,outgoing,256,02:00:00:00:00:01,02:00:00:00:00:02,0x88b5,reverse,1,587
808,1787041218588418,l_left,4,outgoing,256,02:00:00:00:00:01,02:00:00:00:00:02,0x88b5,reverse,1,588
809,1787041218588673,l_left,4,outgoing,256,02:00:00:00:00:01,02:00:00:00:00:02,0x88b5,reverse,1,589
810,1787041218588880,l_left,4,outgoing,256,02:00:00:00:00:01,02:00:00:00:00:02,0x88b5,reverse,1,590
811,1787041218589181,l_left,4,outgoing,256,02:00:00:00:00:01,02:00:00:00:00:02,0x88b5,reverse,1,591
812,1787041218589488,l_left,3,otherhost,256,02:00:00:00:00:02,02:00:00:00:00:01,0x88b5,forward,1,220
813,1787041218589602,l_left,3,otherhost,256,02:00:00:00:00:02,02:00:00:00:00:01,0x88b5,forward,1,221
814,1787041218596076,l_left,3,otherhost,256,02:00:00:00:00:02,02:00:00:00:00:01,0x88b5,forward,1,222
815,1787041218596102,l_left,3,otherhost,256,02:00:00:00:00:02,02:00:00:00:00:01,0x88b5,forward,1,223
816,1787041218596357,l_left,3,otherhost,256,02:00:00:00:00:02,02:00:00:00:00:01,0x88b5,forward,1,224
817,1787041218596606,l_left,3,otherhost,256,02:00:00:00:00:02,02:00:00:00:00:01,0x88b5,forward,1,225
818,1787041218597343,l_left,4,outgoing,256,02:00:00:00:00:01,02:00:00:00:00:02,0x88b5,reverse,1,592
819,1787041218597384,l_left,4,outgoing,256,02:00:00:00:00:01,02:00:00:00:00:02,0x88b5,reverse,1,593
820,1787041218796843,l_left,4,outgoing,256,02:00:00:00:00:01,02:00:00:00:00:02,0x88b5,reverse,1,594
821,1787041218796908,l_left,4,outgoing,256,02:00:00:00:00:01,02:00:00:00:00:02,0x88b5,reverse,1,595
822,1787041218796930,l_left,4,outgoing,256,02:00:00:00:00:01,02:00:00:00:00:02,0x88b5,reverse,1,596
823,1787041218796951,l_left,4,outgoing,256,02:00:00:00:00:01,02:00:00:00:00:02,0x88b5,reverse,1,597
824,1787041218796969,l_left,4,outgoing,256,02:00:00:00:00:01,02:00:00:00:00:02,0x88b5,reverse,1,598
825,1787041218797235,l_left,4,outgoing,256,02:00:00:00:00:01,02:00:00:00:00:02,0x88b5,reverse,1,599
826,1787041218797495,l_left,4,outgoing,256,02:00:00:00:00:01,02:00:00:00:00:02,0x88b5,reverse,1,600
827,1787041218797752,l_left,4,outgoing,256,02:00:00:00:00:01,02:00:00:00:00:02,0x88b5,reverse,1,601
828,1787041218798004,l_left,4,outgoing,256,02:00:00:00:00:01,02:00:00:00:00:02,0x88b5,reverse,1,602
829,1787041218798247,l_left,4,outgoing,256,02:00:00:00:00:01,02:00:00:00:00:02,0x88b5,reverse,1,603
830,1787041218798462,l_left,4,outgoing,256,02:00:00:00:00:01,02:00:00:00:00:02,0x88b5,reverse,1,604
831,1787041218798678,l_left,4,outgoing,256,02:00:00:00:00:01,02:00:00:00:00:02,0x88b5,reverse,1,605
832,1787041218798898,l_left,4,outgoing,256,02:00:00:00:00:01,02:00:00:00:00:02,0x88b5,reverse,1,606
833,1787041218799141,l_left,4,outgoing,256,02:00:00:00:00:01,02:00:00:00:00:02,0x88b5,reverse,1,607
834,1787041218800315,l_left,3,otherhost,256,02:00:00:00:00:02,02:00:00:00:00:01,0x88b5,forward,1,226
835,1787041218800339,l_left,3,otherhost,256,02:00:00:00:00:02,02:00:00:00:00:01,0x88b5,forward,1,227
836,1787041218806077,l_left,3,otherhost,256,02:00:00:00:00:02,02:00:00:00:00:01,0x88b5,forward,1,228
837,1787041218806114,l_left,3,otherhost,256,02:00:00:00:00:02,02:00:00:00:00:01,0x88b5,forward,1,229
838,1787041218806359,l_left,3,otherhost,256,02:00:00:00:00:02,02:00:00:00:00:01,0x88b5,forward,1,230
839,1787041218806607,l_left,3,otherhost,256,02:00:00:00:00:02,02:00:00:00:00:01,0x88b5,forward,1,231
840,1787041218807175,l_left,4,outgoing,256,02:00:00:00:00:01,02:00:00:00:00:02,0x88b5,reverse,1,608
841,1787041218807195,l_left,4,outgoing,256,02:00:00:00:00:01,02:00:00:00:00:02,0x88b5,reverse,1,609
842,1787041219007386,l_left,4,outgoing,256,02:00:00:00:00:01,02:00:00:00:00:02,0x88b5,reverse,1,610
843,1787041219007452,l_left,4,outgoing,256,02:00:00:00:00:01,02:00:00:00:00:02,0x88b5,reverse,1,611
844,1787041219007474,l_left,4,outgoing,256,02:00:00:00:00:01,02:00:00:00:00:02,0x88b5,reverse,1,612
845,1787041219007491,l_left,4,outgoing,256,02:00:00:00:00:01,02:00:00:00:00:02,0x88b5,reverse,1,613
846,1787041219007507,l_left,4,outgoing,256,02:00:00:00:00:01,02:00:00:00:00:02,0x88b5,reverse,1,614
847,1787041219007522,l_left,4,outgoing,256,02:00:00:00:00:01,02:00:00:00:00:02,0x88b5,reverse,1,615
848,1787041219007536,l_left,4,outgoing,256,02:00:00:00:00:01,02:00:00:00:00:02,0x88b5,reverse,1,616
849,1787041219007623,l_left,4,outgoing,256,02:00:00:00:00:01,02:00:00:00:00:02,0x88b5,reverse,1,617
850,1787041219007985,l_left,4,outgoing,256,02:00:00:00:00:01,02:00:00:00:00:02,0x88b5,reverse,1,618
851,1787041219008236,l_left,4,outgoing,256,02:00:00:00:00:01,02:00:00:00:00:02,0x88b5,reverse,1,619
852,1787041219008496,l_left,4,outgoing,256,02:00:00:00:00:01,02:00:00:00:00:02,0x88b5,reverse,1,620
853,1787041219008753,l_left,4,outgoing,256,02:00:00:00:00:01,02:00:00:00:00:02,0x88b5,reverse,1,621
854,1787041219009009,l_left,4,outgoing,256,02:00:00:00:00:01,02:00:00:00:00:02,0x88b5,reverse,1,622
855,1787041219009262,l_left,4,outgoing,256,02:00:00:00:00:01,02:00:00:00:00:02,0x88b5,reverse,1,623
856,1787041219009739,l_left,3,otherhost,256,02:00:00:00:00:02,02:00:00:00:00:01,0x88b5,forward,1,232
857,1787041219009777,l_left,3,otherhost,256,02:00:00:00:00:02,02:00:00:00:00:01,0x88b5,forward,1,233
858,1787041219016187,l_left,3,otherhost,256,02:00:00:00:00:02,02:00:00:00:00:01,0x88b5,forward,1,234
859,1787041219016223,l_left,3,otherhost,256,02:00:00:00:00:02,02:00:00:00:00:01,0x88b5,forward,1,235
860,1787041219016384,l_left,3,otherhost,256,02:00:00:00:00:02,02:00:00:00:00:01,0x88b5,forward,1,236
861,1787041219016636,l_left,3,otherhost,256,02:00:00:00:00:02,02:00:00:00:00:01,0x88b5,forward,1,237
862,1787041219017268,l_left,4,outgoing,256,02:00:00:00:00:01,02:00:00:00:00:02,0x88b5,reverse,1,624
863,1787041219017304,l_left,4,outgoing,256,02:00:00:00:00:01,02:00:00:00:00:02,0x88b5,reverse,1,625
864,1787041219217256,l_left,4,outgoing,256,02:00:00:00:00:01,02:00:00:00:00:02,0x88b5,reverse,1,626
865,1787041219217331,l_left,4,outgoing,256,02:00:00:00:00:01,02:00:00:00:00:02,0x88b5,reverse,1,627
866,1787041219217354,l_left,4,outgoing,256,02:00:00:00:00:01,02:00:00:00:00:02,0x88b5,reverse,1,628
867,1787041219217377,l_left,4,outgoing,256,02:00:00:00:00:01,02:00:00:00:00:02,0x88b5,reverse,1,629
868,1787041219217392,l_left,4,outgoing,256,02:00:00:00:00:01,02:00:00:00:00:02,0x88b5,reverse,1,630
869,1787041219217408,l_left,4,outgoing,256,02:00:00:00:00:01,02:00:00:00:00:02,0x88b5,reverse,1,631
870,1787041219217422,l_left,4,outgoing,256,02:00:00:00:00:01,02:00:00:00:00:02,0x88b5,reverse,1,632
871,1787041219217734,l_left,4,outgoing,256,02:00:00:00:00:01,02:00:00:00:00:02,0x88b5,reverse,1,633
872,1787041219217994,l_left,4,outgoing,256,02:00:00:00:00:01,02:00:00:00:00:02,0x88b5,reverse,1,634
873,1787041219218245,l_left,4,outgoing,256,02:00:00:00:00:01,02:00:00:00:00:02,0x88b5,reverse,1,635
874,1787041219218494,l_left,4,outgoing,256,02:00:00:00:00:01,02:00:00:00:00:02,0x88b5,reverse,1,636
875,1787041219218755,l_left,4,outgoing,256,02:00:00:00:00:01,02:00:00:00:00:02,0x88b5,reverse,1,637
876,1787041219218987,l_left,4,outgoing,256,02:00:00:00:00:01,02:00:00:00:00:02,0x88b5,reverse,1,638
877,1787041219219170,l_left,4,outgoing,256,02:00:00:00:00:01,02:00:00:00:00:02,0x88b5,reverse,1,639
878,1787041219219601,l_left,3,otherhost,256,02:00:00:00:00:02,02:00:00:00:00:01,0x88b5,forward,1,238
879,1787041219219621,l_left,3,otherhost,256,02:00:00:00:00:02,02:00:00:00:00:01,0x88b5,forward,1,239
880,1787041219226136,l_left,3,otherhost,256,02:00:00:00:00:02,02:00:00:00:00:01,0x88b5,forward,1,240
881,1787041219226181,l_left,3,otherhost,256,02:00:00:00:00:02,02:00:00:00:00:01,0x88b5,forward,1,241
882,1787041219226341,l_left,3,otherhost,256,02:00:00:00:00:02,02:00:00:00:00:01,0x88b5,forward,1,242
883,1787041219226585,l_left,3,otherhost,256,02:00:00:00:00:02,02:00:00:00:00:01,0x88b5,forward,1,243
884,1787041219227267,l_left,4,outgoing,256,02:00:00:00:00:01,02:00:00:00:00:02,0x88b5,reverse,1,640
885,1787041219227310,l_left,4,outgoing,256,02:00:00:00:00:01,02:00:00:00:00:02,0x88b5,reverse,1,641
886,1787041219426939,l_left,4,outgoing,256,02:00:00:00:00:01,02:00:00:00:00:02,0x88b5,reverse,1,642
887,1787041219427004,l_left,4,outgoing,256,02:00:00:00:00:01,02:00:00:00:00:02,0x88b5,reverse,1,643
888,1787041219427046,l_left,4,outgoing,256,02:00:00:00:00:01,02:00:00:00:00:02,0x88b5,reverse,1,644
889,1787041219427071,l_left,4,outgoing,256,02:00:00:00:00:01,02:00:00:00:00:02,0x88b5,reverse,1,645
890,1787041219427087,l_left,4,outgoing,256,02:00:00:00:00:01,02:00:00:00:00:02,0x88b5,reverse,1,646
891,1787041219427124,l_left,4,outgoing,256,02:00:00:00:00:01,02:00:00:00:00:02,0x88b5,reverse,1,647
892,1787041219427494,l_left,4,outgoing,256,02:00:00:00:00:01,02:00:00:00:00:02,0x88b5,reverse,1,648
893,1787041219427741,l_left,4,outgoing,256,02:00:00:00:00:01,02:00:00:00:00:02,0x88b5,reverse,1,649
894,1787041219427996,l_left,4,outgoing,256,02:00:00:00:00:01,02:00:00:00:00:02,0x88b5,reverse,1,650
895,1787041219428251,l_left,4,outgoing,256,02:00:00:00:00:01,02:00:00:00:00:02,0x88b5,reverse,1,651
896,1787041219428508,l_left,4,outgoing,256,02:00:00:00:00:01,02:00:00:00:00:02,0x88b5,reverse,1,652
897,1787041219428736,l_left,4,outgoing,256,02:00:00:00:00:01,02:00:00:00:00:02,0x88b5,reverse,1,653
898,1787041219428957,l_left,4,outgoing,256,02:00:00:00:00:01,02:00:00:00:00:02,0x88b5,reverse,1,654
899,1787041219429178,l_left,4,outgoing,256,02:00:00:00:00:01,02:00:00:00:00:02,0x88b5,reverse,1,655
900,1787041219429575,l_left,3,otherhost,256,02:00:00:00:00:02,02:00:00:00:00:01,0x88b5,forward,1,244
901,1787041219429594,l_left,3,otherhost,256,02:00:00:00:00:02,02:00:00:00:00:01,0x88b5,forward,1,245
902,1787041219436221,l_left,3,otherhost,256,02:00:00:00:00:02,02:00:00:00:00:01,0x88b5,forward,1,246
903,1787041219436279,l_left,3,otherhost,256,02:00:00:00:00:02,02:00:00:00:00:01,0x88b5,forward,1,247
904,1787041219436519,l_left,3,otherhost,256,02:00:00:00:00:02,02:00:00:00:00:01,0x88b5,forward,1,248
905,1787041219436539,l_left,3,otherhost,256,02:00:00:00:00:02,02:00:00:00:00:01,0x88b5,forward,1,249
906,1787041219437189,l_left,4,outgoing,256,02:00:00:00:00:01,02:00:00:00:00:02,0x88b5,reverse,1,656
907,1787041219437214,l_left,4,outgoing,256,02:00:00:00:00:01,02:00:00:00:00:02,0x88b5,reverse,1,657
908,1787041219636901,l_left,4,outgoing,256,02:00:00:00:00:01,02:00:00:00:00:02,0x88b5,reverse,1,658
909,1787041219636966,l_left,4,outgoing,256,02:00:00:00:00:01,02:00:00:00:00:02,0x88b5,reverse,1,659
910,1787041219636988,l_left,4,outgoing,256,02:00:00:00:00:01,02:00:00:00:00:02,0x88b5,reverse,1,660
911,1787041219637011,l_left,4,outgoing,256,02:00:00:00:00:01,02:00:00:00:00:02,0x88b5,reverse,1,661
912,1787041219637028,l_left,4,outgoing,256,02:00:00:00:00:01,02:00:00:00:00:02,0x88b5,reverse,1,662
913,1787041219637148,l_left,4,outgoing,256,02:00:00:00:00:01,02:00:00:00:00:02,0x88b5,reverse,1,663
914,1787041219637468,l_left,4,outgoing,256,02:00:00:00:00:01,02:00:00:00:00:02,0x88b5,reverse,1,664
915,1787041219637736,l_left,4,outgoing,256,02:00:00:00:00:01,02:00:00:00:00:02,0x88b5,reverse,1,665
916,1787041219637996,l_left,4,outgoing,256,02:00:00:00:00:01,02:00:00:00:00:02,0x88b5,reverse,1,666
917,1787041219638243,l_left,4,outgoing,256,02:00:00:00:00:01,02:00:00:00:00:02,0x88b5,reverse,1,667
918,1787041219638483,l_left,4,outgoing,256,02:00:00:00:00:01,02:00:00:00:00:02,0x88b5,reverse,1,668
919,1787041219638704,l_left,4,outgoing,256,02:00:00:00:00:01,02:00:00:00:00:02,0x88b5,reverse,1,669
920,1787041219638906,l_left,4,outgoing,256,02:00:00:00:00:01,02:00:00:00:00:02,0x88b5,reverse,1,670
921,1787041219639120,l_left,4,outgoing,256,02:00:00:00:00:01,02:00:00:00:00:02,0x88b5,reverse,1,671
922,1787041219639708,l_left,3,otherhost,256,02:00:00:00:00:02,02:00:00:00:00:01,0x88b5,forward,1,250
923,1787041219639728,l_left,3,otherhost,256,02:00:00:00:00:02,02:00:00:00:00:01,0x88b5,forward,1,251
924,1787041219646143,l_left,3,otherhost,256,02:00:00:00:00:02,02:00:00:00:00:01,0x88b5,forward,1,252
925,1787041219646163,l_left,3,otherhost,256,02:00:00:00:00:02,02:00:00:00:00:01,0x88b5,forward,1,253
926,1787041219646358,l_left,3,otherhost,256,02:00:00:00:00:02,02:00:00:00:00:01,0x88b5,forward,1,254
927,1787041219646606,l_left,3,otherhost,256,02:00:00:00:00:02,02:00:00:00:00:01,0x88b5,forward,1,255
928,1787041219647272,l_left,4,outgoing,256,02:00:00:00:00:01,02:00:00:00:00:02,0x88b5,reverse,1,672
929,1787041219647320,l_left,4,outgoing,256,02:00:00:00:00:01,02:00:00:00:00:02,0x88b5,reverse,1,673
930,1787041219847379,l_left,4,outgoing,256,02:00:00:00:00:01,02:00:00:00:00:02,0x88b5,reverse,1,674
931,1787041219847442,l_left,4,outgoing,256,02:00:00:00:00:01,02:00:00:00:00:02,0x88b5,reverse,1,675
932,1787041219847461,l_left,4,outgoing,256,02:00:00:00:00:01,02:00:00:00:00:02,0x88b5,reverse,1,676
933,1787041219847477,l_left,4,outgoing,256,02:00:00:00:00:01,02:00:00:00:00:02,0x88b5,reverse,1,677
934,1787041219847492,l_left,4,outgoing,256,02:00:00:00:00:01,02:00:00:00:00:02,0x88b5,reverse,1,678
935,1787041219847522,l_left,4,outgoing,256,02:00:00:00:00:01,02:00:00:00:00:02,0x88b5,reverse,1,679
936,1787041219847538,l_left,4,outgoing,256,02:00:00:00:00:01,02:00:00:00:00:02,0x88b5,reverse,1,680
937,1787041219847633,l_left,4,outgoing,256,02:00:00:00:00:01,02:00:00:00:00:02,0x88b5,reverse,1,681
938,1787041219847986,l_left,4,outgoing,256,02:00:00:00:00:01,02:00:00:00:00:02,0x88b5,reverse,1,682
939,1787041219848217,l_left,4,outgoing,256,02:00:00:00:00:01,02:00:00:00:00:02,0x88b5,reverse,1,683
940,1787041219848470,l_left,4,outgoing,256,02:00:00:00:00:01,02:00:00:00:00:02,0x88b5,reverse,1,684
941,1787041219848679,l_left,4,outgoing,256,02:00:00:00:00:01,02:00:00:00:00:02,0x88b5,reverse,1,685
942,1787041219848920,l_left,4,outgoing,256,02:00:00:00:00:01,02:00:00:00:00:02,0x88b5,reverse,1,686
943,1787041219849186,l_left,4,outgoing,256,02:00:00:00:00:01,02:00:00:00:00:02,0x88b5,reverse,1,687
944,1787041219849673,l_left,3,otherhost,256,02:00:00:00:00:02,02:00:00:00:00:01,0x88b5,forward,1,256
945,1787041219849697,l_left,3,otherhost,256,02:00:00:00:00:02,02:00:00:00:00:01,0x88b5,forward,1,257
946,1787041219856153,l_left,3,otherhost,256,02:00:00:00:00:02,02:00:00:00:00:01,0x88b5,forward,1,258
947,1787041219856172,l_left,3,otherhost,256,02:00:00:00:00:02,02:00:00:00:00:01,0x88b5,forward,1,259
948,1787041219856358,l_left,3,otherhost,256,02:00:00:00:00:02,02:00:00:00:00:01,0x88b5,forward,1,260
949,1787041219856621,l_left,3,otherhost,256,02:00:00:00:00:02,02:00:00:00:00:01,0x88b5,forward,1,261
950,1787041219857301,l_left,4,outgoing,256,02:00:00:00:00:01,02:00:00:00:00:02,0x88b5,reverse,1,688
951,1787041219857325,l_left,4,outgoing,256,02:00:00:00:00:01,02:00:00:00:00:02,0x88b5,reverse,1,689
952,1787041220056940,l_left,4,outgoing,256,02:00:00:00:00:01,02:00:00:00:00:02,0x88b5,reverse,1,690
953,1787041220057005,l_left,4,outgoing,256,02:00:00:00:00:01,02:00:00:00:00:02,0x88b5,reverse,1,691
954,1787041220057027,l_left,4,outgoing,256,02:00:00:00:00:01,02:00:00:00:00:02,0x88b5,reverse,1,692
955,1787041220057044,l_left,4,outgoing,256,02:00:00:00:00:01,02:00:00:00:00:02,0x88b5,reverse,1,693
956,1787041220057060,l_left,4,outgoing,256,02:00:00:00:00:01,02:00:00:00:00:02,0x88b5,reverse,1,694
957,1787041220057328,l_left,4,outgoing,256,02:00:00:00:00:01,02:00:00:00:00:02,0x88b5,reverse,1,695
958,1787041220057411,l_left,4,outgoing,256,02:00:00:00:00:01,02:00:00:00:00:02,0x88b5,reverse,1,696
959,1787041220057736,l_left,4,outgoing,256,02:00:00:00:00:01,02:00:00:00:00:02,0x88b5,reverse,1,697
960,1787041220057992,l_left,4,outgoing,256,02:00:00:00:00:01,02:00:00:00:00:02,0x88b5,reverse,1,698
961,1787041220058247,l_left,4,outgoing,256,02:00:00:00:00:01,02:00:00:00:00:02,0x88b5,reverse,1,699
962,1787041220058499,l_left,4,outgoing,256,02:00:00:00:00:01,02:00:00:00:00:02,0x88b5,reverse,1,700
963,1787041220058746,l_left,4,outgoing,256,02:00:00:00:00:01,02:00:00:00:00:02,0x88b5,reverse,1,701
964,1787041220058928,l_left,4,outgoing,256,02:00:00:00:00:01,02:00:00:00:00:02,0x88b5,reverse,1,702
965,1787041220059129,l_left,4,outgoing,256,02:00:00:00:00:01,02:00:00:00:00:02,0x88b5,reverse,1,703
966,1787041220059635,l_left,3,otherhost,256,02:00:00:00:00:02,02:00:00:00:00:01,0x88b5,forward,1,262
967,1787041220059654,l_left,3,otherhost,256,02:00:00:00:00:02,02:00:00:00:00:01,0x88b5,forward,1,263
968,1787041220066113,l_left,3,otherhost,256,02:00:00:00:00:02,02:00:00:00:00:01,0x88b5,forward,1,264
969,1787041220066132,l_left,3,otherhost,256,02:00:00:00:00:02,02:00:00:00:00:01,0x88b5,forward,1,265
970,1787041220066357,l_left,3,otherhost,256,02:00:00:00:00:02,02:00:00:00:00:01,0x88b5,forward,1,266
971,1787041220066607,l_left,3,otherhost,256,02:00:00:00:00:02,02:00:00:00:00:01,0x88b5,forward,1,267
972,1787041220067092,l_left,4,outgoing,256,02:00:00:00:00:01,02:00:00:00:00:02,0x88b5,reverse,1,704
973,1787041220067115,l_left,4,outgoing,256,02:00:00:00:00:01,02:00:00:00:00:02,0x88b5,reverse,1,705
974,1787041220267031,l_left,4,outgoing,256,02:00:00:00:00:01,02:00:00:00:00:02,0x88b5,reverse,1,706
975,1787041220267096,l_left,4,outgoing,256,02:00:00:00:00:01,02:00:00:00:00:02,0x88b5,reverse,1,707
976,1787041220267128,l_left,4,outgoing,256,02:00:00:00:00:01,02:00:00:00:00:02,0x88b5,reverse,1,708
977,1787041220267147,l_left,4,outgoing,256,02:00:00:00:00:01,02:00:00:00:00:02,0x88b5,reverse,1,709
978,1787041220267166,l_left,4,outgoing,256,02:00:00:00:00:01,02:00:00:00:00:02,0x88b5,reverse,1,710
979,1787041220267185,l_left,4,outgoing,256,02:00:00:00:00:01,02:00:00:00:00:02,0x88b5,reverse,1,711
980,1787041220267486,l_left,4,outgoing,256,02:00:00:00:00:01,02:00:00:00:00:02,0x88b5,reverse,1,712
981,1787041220267742,l_left,4,outgoing,256,02:00:00:00:00:01,02:00:00:00:00:02,0x88b5,reverse,1,713
982,1787041220267997,l_left,4,outgoing,256,02:00:00:00:00:01,02:00:00:00:00:02,0x88b5,reverse,1,714
983,1787041220268244,l_left,4,outgoing,256,02:00:00:00:00:01,02:00:00:00:00:02,0x88b5,reverse,1,715
984,1787041220268509,l_left,4,outgoing,256,02:00:00:00:00:01,02:00:00:00:00:02,0x88b5,reverse,1,716
985,1787041220268851,l_left,4,outgoing,256,02:00:00:00:00:01,02:00:00:00:00:02,0x88b5,reverse,1,717
986,1787041220268912,l_left,4,outgoing,256,02:00:00:00:00:01,02:00:00:00:00:02,0x88b5,reverse,1,718
987,1787041220269209,l_left,4,outgoing,256,02:00:00:00:00:01,02:00:00:00:00:02,0x88b5,reverse,1,719
988,1787041220269555,l_left,3,otherhost,256,02:00:00:00:00:02,02:00:00:00:00:01,0x88b5,forward,1,268
989,1787041220269603,l_left,3,otherhost,256,02:00:00:00:00:02,02:00:00:00:00:01,0x88b5,forward,1,269
990,1787041220276098,l_left,3,otherhost,256,02:00:00:00:00:02,02:00:00:00:00:01,0x88b5,forward,1,270
991,1787041220276151,l_left,3,otherhost,256,02:00:00:00:00:02,02:00:00:00:00:01,0x88b5,forward,1,271
992,1787041220276419,l_left,3,otherhost,256,02:00:00:00:00:02,02:00:00:00:00:01,0x88b5,forward,1,272
993,1787041220276634,l_left,3,otherhost,256,02:00:00:00:00:02,02:00:00:00:00:01,0x88b5,forward,1,273
994,1787041220277120,l_left,4,outgoing,256,02:00:00:00:00:01,02:00:00:00:00:02,0x88b5,reverse,1,720
995,1787041220277167,l_left,4,outgoing,256,02:00:00:00:00:01,02:00:00:00:00:02,0x88b5,reverse,1,721
996,1787041220476827,l_left,4,outgoing,256,02:00:00:00:00:01,02:00:00:00:00:02,0x88b5,reverse,1,722
997,1787041220476891,l_left,4,outgoing,256,02:00:00:00:00:01,02:00:00:00:00:02,0x88b5,reverse,1,723
998,1787041220476914,l_left,4,outgoing,256,02:00:00:00:00:01,02:00:00:00:00:02,0x88b5,reverse,1,724
999,1787041220476932,l_left,4,outgoing,256,02:00:00:00:00:01,02:00:00:00:00:02,0x88b5,reverse,1,725
1000,1787041220477207,l_left,4,outgoing,256,02:00:00:00:00:01,02:00:00:00:00:02,0x88b5,reverse,1,726
1001,1787041220477246,l_left,4,outgoing,256,02:00:00:00:00:01,02:00:00:00:00:02,0x88b5,reverse,1,727
1002,1787041220477495,l_left,4,outgoing,256,02:00:00:00:00:01,02:00:00:00:00:02,0x88b5,reverse,1,728
1003,1787041220477743,l_left,4,outgoing,256,02:00:00:00:00:01,02:00:00:00:00:02,0x88b5,reverse,1,729
1004,1787041220477994,l_left,4,outgoing,256,02:00:00:00:00:01,02:00:00:00:00:02,0x88b5,reverse,1,730
1005,1787041220478244,l_left,4,outgoing,256,02:00:00:00:00:01,02:00:00:00:00:02,0x88b5,reverse,1,731
1006,1787041220478501,l_left,4,outgoing,256,02:00:00:00:00:01,02:00:00:00:00:02,0x88b5,reverse,1,732
1007,1787041220478699,l_left,4,outgoing,256,02:00:00:00:00:01,02:00:00:00:00:02,0x88b5,reverse,1,733
1008,1787041220478928,l_left,4,outgoing,256,02:00:00:00:00:01,02:00:00:00:00:02,0x88b5,reverse,1,734
1009,1787041220479175,l_left,4,outgoing,256,02:00:00:00:00:01,02:00:00:00:00:02,0x88b5,reverse,1,735
1010,1787041220479706,l_left,3,otherhost,256,02:00:00:00:00:02,02:00:00:00:00:01,0x88b5,forward,1,274
1011,1787041220479731,l_left,3,otherhost,256,02:00:00:00:00:02,02:00:00:00:00:01,0x88b5,forward,1,275
1012,1787041220486073,l_left,3,otherhost,256,02:00:00:00:00:02,02:00:00:00:00:01,0x88b5,forward,1,276
1013,1787041220486115,l_left,3,otherhost,256,02:00:00:00:00:02,02:00:00:00:00:01,0x88b5,forward,1,277
1014,1787041220486358,l_left,3,otherhost,256,02:00:00:00:00:02,02:00:00:00:00:01,0x88b5,forward,1,278
1015,1787041220486607,l_left,3,otherhost,256,02:00:00:00:00:02,02:00:00:00:00:01,0x88b5,forward,1,279
1016,1787041220487194,l_left,4,outgoing,256,02:00:00:00:00:01,02:00:00:00:00:02,0x88b5,reverse,1,736
1017,1787041220487211,l_left,4,outgoing,256,02:00:00:00:00:01,02:00:00:00:00:02,0x88b5,reverse,1,737
1018,1787041220686989,l_left,4,outgoing,256,02:00:00:00:00:01,02:00:00:00:00:02,0x88b5,reverse,1,738
1019,1787041220687053,l_left,4,outgoing,256,02:00:00:00:00:01,02:00:00:00:00:02,0x88b5,reverse,1,739
1020,1787041220687075,l_left,4,outgoing,256,02:00:00:00:00:01,02:00:00:00:00:02,0x88b5,reverse,1,740
1021,1787041220687092,l_left,4,outgoing,256,02:00:00:00:00:01,02:00:00:00:00:02,0x88b5,reverse,1,741
1022,1787041220687108,l_left,4,outgoing,256,02:00:00:00:00:01,02:00:00:00:00:02,0x88b5,reverse,1,742
1023,1787041220687124,l_left,4,outgoing,256,02:00:00:00:00:01,02:00:00:00:00:02,0x88b5,reverse,1,743
1024,1787041220687485,l_left,4,outgoing,256,02:00:00:00:00:01,02:00:00:00:00:02,0x88b5,reverse,1,744
1025,1787041220687737,l_left,4,outgoing,256,02:00:00:00:00:01,02:00:00:00:00:02,0x88b5,reverse,1,745
1026,1787041220687986,l_left,4,outgoing,256,02:00:00:00:00:01,02:00:00:00:00:02,0x88b5,reverse,1,746
1027,1787041220688252,l_left,4,outgoing,256,02:00:00:00:00:01,02:00:00:00:00:02,0x88b5,reverse,1,747
1028,1787041220688496,l_left,4,outgoing,256,02:00:00:00:00:01,02:00:00:00:00:02,0x88b5,reverse,1,748
1029,1787041220688745,l_left,4,outgoing,256,02:00:00:00:00:01,02:00:00:00:00:02,0x88b5,reverse,1,749
1030,1787041220688982,l_left,4,outgoing,256,02:00:00:00:00:01,02:00:00:00:00:02,0x88b5,reverse,1,750
1031,1787041220689171,l_left,4,outgoing,256,02:00:00:00:00:01,02:00:00:00:00:02,0x88b5,reverse,1,751
1032,1787041220689560,l_left,3,otherhost,256,02:00:00:00:00:02,02:00:00:00:00:01,0x88b5,forward,1,280
1033,1787041220689599,l_left,3,otherhost,256,02:00:00:00:00:02,02:00:00:00:00:01,0x88b5,forward,1,281
1034,1787041220696193,l_left,3,otherhost,256,02:00:00:00:00:02,02:00:00:00:00:01,0x88b5,forward,1,282
1035,1787041220696229,l_left,3,otherhost,256,02:00:00:00:00:02,02:00:00:00:00:01,0x88b5,forward,1,283
1036,1787041220696469,l_left,3,otherhost,256,02:00:00:00:00:02,02:00:00:00:00:01,0x88b5,forward,1,284
1037,1787041220696610,l_left,3,otherhost,256,02:00:00:00:00:02,02:00:00:00:00:01,0x88b5,forward,1,285
1038,1787041220697084,l_left,4,outgoing,256,02:00:00:00:00:01,02:00:00:00:00:02,0x88b5,reverse,1,752
1039,1787041220697103,l_left,4,outgoing,256,02:00:00:00:00:01,02:00:00:00:00:02,0x88b5,reverse,1,753
1040,1787041220897256,l_left,4,outgoing,256,02:00:00:00:00:01,02:00:00:00:00:02,0x88b5,reverse,1,754
1041,1787041220897320,l_left,4,outgoing,256,02:00:00:00:00:01,02:00:00:00:00:02,0x88b5,reverse,1,755
1042,1787041220897348,l_left,4,outgoing,256,02:00:00:00:00:01,02:00:00:00:00:02,0x88b5,reverse,1,756
1043,1787041220897367,l_left,4,outgoing,256,02:00:00:00:00:01,02:00:00:00:00:02,0x88b5,reverse,1,757
1044,1787041220897384,l_left,4,outgoing,256,02:00:00:00:00:01,02:00:00:00:00:02,0x88b5,reverse,1,758
1045,1787041220897399,l_left,4,outgoing,256,02:00:00:00:00:01,02:00:00:00:00:02,0x88b5,reverse,1,759
1046,1787041220897418,l_left,4,outgoing,256,02:00:00:00:00:01,02:00:00:00:00:02,0x88b5,reverse,1,760
1047,1787041220897732,l_left,4,outgoing,256,02:00:00:00:00:01,02:00:00:00:00:02,0x88b5,reverse,1,761
1048,1787041220897999,l_left,4,outgoing,256,02:00:00:00:00:01,02:00:00:00:00:02,0x88b5,reverse,1,762
1049,1787041220898238,l_left,4,outgoing,256,02:00:00:00:00:01,02:00:00:00:00:02,0x88b5,reverse,1,763
1050,1787041220898489,l_left,4,outgoing,256,02:00:00:00:00:01,02:00:00:00:00:02,0x88b5,reverse,1,764
1051,1787041220898740,l_left,4,outgoing,256,02:00:00:00:00:01,02:00:00:00:00:02,0x88b5,reverse,1,765
1052,1787041220898990,l_left,4,outgoing,256,02:00:00:00:00:01,02:00:00:00:00:02,0x88b5,reverse,1,766
1053,1787041220899231,l_left,4,outgoing,256,02:00:00:00:00:01,02:00:00:00:00:02,0x88b5,reverse,1,767
1054,1787041220899596,l_left,3,otherhost,256,02:00:00:00:00:02,02:00:00:00:00:01,0x88b5,forward,1,286
1055,1787041220899634,l_left,3,otherhost,256,02:00:00:00:00:02,02:00:00:00:00:01,0x88b5,forward,1,287
1056,1787041220906099,l_left,3,otherhost,256,02:00:00:00:00:02,02:00:00:00:00:01,0x88b5,forward,1,288
1057,1787041220906135,l_left,3,otherhost,256,02:00:00:00:00:02,02:00:00:00:00:01,0x88b5,forward,1,289
1058,1787041220906387,l_left,3,otherhost,256,02:00:00:00:00:02,02:00:00:00:00:01,0x88b5,forward,1,290
1059,1787041220906612,l_left,3,otherhost,256,02:00:00:00:00:02,02:00:00:00:00:01,0x88b5,forward,1,291
1060,1787041220907197,l_left,4,outgoing,256,02:00:00:00:00:01,02:00:00:00:00:02,0x88b5,reverse,1,768
1061,1787041220907223,l_left,4,outgoing,256,02:00:00:00:00:01,02:00:00:00:00:02,0x88b5,reverse,1,769
1062,1787041221107360,l_left,4,outgoing,256,02:00:00:00:00:01,02:00:00:00:00:02,0x88b5,reverse,1,770
1063,1787041221107423,l_left,4,outgoing,256,02:00:00:00:00:01,02:00:00:00:00:02,0x88b5,reverse,1,771
1064,1787041221107454,l_left,4,outgoing,256,02:00:00:00:00:01,02:00:00:00:00:02,0x88b5,reverse,1,772
1065,1787041221107472,l_left,4,outgoing,256,02:00:00:00:00:01,02:00:00:00:00:02,0x88b5,reverse,1,773
1066,1787041221107487,l_left,4,outgoing,256,02:00:00:00:00:01,02:00:00:00:00:02,0x88b5,reverse,1,774
1067,1787041221107516,l_left,4,outgoing,256,02:00:00:00:00:01,02:00:00:00:00:02,0x88b5,reverse,1,775
1068,1787041221107532,l_left,4,outgoing,256,02:00:00:00:00:01,02:00:00:00:00:02,0x88b5,reverse,1,776
1069,1787041221107671,l_left,4,outgoing,256,02:00:00:00:00:01,02:00:00:00:00:02,0x88b5,reverse,1,777
1070,1787041221107986,l_left,4,outgoing,256,02:00:00:00:00:01,02:00:00:00:00:02,0x88b5,reverse,1,778
1071,1787041221108228,l_left,4,outgoing,256,02:00:00:00:00:01,02:00:00:00:00:02,0x88b5,reverse,1,779
1072,1787041221108487,l_left,4,outgoing,256,02:00:00:00:00:01,02:00:00:00:00:02,0x88b5,reverse,1,780
1073,1787041221108742,l_left,4,outgoing,256,02:00:00:00:00:01,02:00:00:00:00:02,0x88b5,reverse,1,781
1074,1787041221108995,l_left,4,outgoing,256,02:00:00:00:00:01,02:00:00:00:00:02,0x88b5,reverse,1,782
1075,1787041221109245,l_left,4,outgoing,256,02:00:00:00:00:01,02:00:00:00:00:02,0x88b5,reverse,1,783
1076,1787041221109682,l_left,3,otherhost,256,02:00:00:00:00:02,02:00:00:00:00:01,0x88b5,forward,1,292
1077,1787041221109713,l_left,3,otherhost,256,02:00:00:00:00:02,02:00:00:00:00:01,0x88b5,forward,1,293
1078,1787041221116189,l_left,3,otherhost,256,02:00:00:00:00:02,02:00:00:00:00:01,0x88b5,forward,1,294
1079,1787041221116239,l_left,3,otherhost,256,02:00:00:00:00:02,02:00:00:00:00:01,0x88b5,forward,1,295
1080,1787041221116480,l_left,3,otherhost,256,02:00:00:00:00:02,02:00:00:00:00:01,0x88b5,forward,1,296
1081,1787041221116639,l_left,3,otherhost,256,02:00:00:00:00:02,02:00:00:00:00:01,0x88b5,forward,1,297
1082,1787041221117219,l_left,4,outgoing,256,02:00:00:00:00:01,02:00:00:00:00:02,0x88b5,reverse,1,784
1083,1787041221117242,l_left,4,outgoing,256,02:00:00:00:00:01,02:00:00:00:00:02,0x88b5,reverse,1,785
1084,1787041221317411,l_left,4,outgoing,256,02:00:00:00:00:01,02:00:00:00:00:02,0x88b5,reverse,1,786
1085,1787041221317473,l_left,4,outgoing,256,02:00:00:00:00:01,02:00:00:00:00:02,0x88b5,reverse,1,787
1086,1787041221317495,l_left,4,outgoing,256,02:00:00:00:00:01,02:00:00:00:00:02,0x88b5,reverse,1,788
1087,1787041221317513,l_left,4,outgoing,256,02:00:00:00:00:01,02:00:00:00:00:02,0x88b5,reverse,1,789
1088,1787041221317529,l_left,4,outgoing,256,02:00:00:00:00:01,02:00:00:00:00:02,0x88b5,reverse,1,790
1089,1787041221317543,l_left,4,outgoing,256,02:00:00:00:00:01,02:00:00:00:00:02,0x88b5,reverse,1,791
1090,1787041221317558,l_left,4,outgoing,256,02:00:00:00:00:01,02:00:00:00:00:02,0x88b5,reverse,1,792
1091,1787041221317622,l_left,4,outgoing,256,02:00:00:00:00:01,02:00:00:00:00:02,0x88b5,reverse,1,793
1092,1787041221317983,l_left,4,outgoing,256,02:00:00:00:00:01,02:00:00:00:00:02,0x88b5,reverse,1,794
1093,1787041221318237,l_left,4,outgoing,256,02:00:00:00:00:01,02:00:00:00:00:02,0x88b5,reverse,1,795
1094,1787041221318494,l_left,4,outgoing,256,02:00:00:00:00:01,02:00:00:00:00:02,0x88b5,reverse,1,796
1095,1787041221318747,l_left,4,outgoing,256,02:00:00:00:00:01,02:00:00:00:00:02,0x88b5,reverse,1,797
1096,1787041221318988,l_left,4,outgoing,256,02:00:00:00:00:01,02:00:00:00:00:02,0x88b5,reverse,1,798
1097,1787041221319205,l_left,4,outgoing,256,02:00:00:00:00:01,02:00:00:00:00:02,0x88b5,reverse,1,799
1098,1787041221319712,l_left,3,otherhost,256,02:00:00:00:00:02,02:00:00:00:00:01,0x88b5,forward,1,298
1099,1787041221319750,l_left,3,otherhost,256,02:00:00:00:00:02,02:00:00:00:00:01,0x88b5,forward,1,299
1100,1787041221326114,l_left,3,otherhost,256,02:00:00:00:00:02,02:00:00:00:00:01,0x88b5,forward,1,300
1101,1787041221326159,l_left,3,otherhost,256,02:00:00:00:00:02,02:00:00:00:00:01,0x88b5,forward,1,301
1102,1787041221326385,l_left,3,otherhost,256,02:00:00:00:00:02,02:00:00:00:00:01,0x88b5,forward,1,302
1103,1787041221326634,l_left,3,otherhost,256,02:00:00:00:00:02,02:00:00:00:00:01,0x88b5,forward,1,303
1104,1787041221327173,l_left,4,outgoing,256,02:00:00:00:00:01,02:00:00:00:00:02,0x88b5,reverse,1,800
1105,1787041221327209,l_left,4,outgoing,256,02:00:00:00:00:01,02:00:00:00:00:02,0x88b5,reverse,1,801
1106,1787041221526818,l_left,4,outgoing,256,02:00:00:00:00:01,02:00:00:00:00:02,0x88b5,reverse,1,802
1107,1787041221526881,l_left,4,outgoing,256,02:00:00:00:00:01,02:00:00:00:00:02,0x88b5,reverse,1,803
1108,1787041221526913,l_left,4,outgoing,256,02:00:00:00:00:01,02:00:00:00:00:02,0x88b5,reverse,1,804
1109,1787041221526931,l_left,4,outgoing,256,02:00:00:00:00:01,02:00:00:00:00:02,0x88b5,reverse,1,805
1110,1787041221527187,l_left,4,outgoing,256,02:00:00:00:00:01,02:00:00:00:00:02,0x88b5,reverse,1,806
1111,1787041221527225,l_left,4,outgoing,256,02:00:00:00:00:01,02:00:00:00:00:02,0x88b5,reverse,1,807
1112,1787041221527483,l_left,4,outgoing,256,02:00:00:00:00:01,02:00:00:00:00:02,0x88b5,reverse,1,808
1113,1787041221527735,l_left,4,outgoing,256,02:00:00:00:00:01,02:00:00:00:00:02,0x88b5,reverse,1,809
1114,1787041221527993,l_left,4,outgoing,256,02:00:00:00:00:01,02:00:00:00:00:02,0x88b5,reverse,1,810
1115,1787041221528245,l_left,4,outgoing,256,02:00:00:00:00:01,02:00:00:00:00:02,0x88b5,reverse,1,811
1116,1787041221528488,l_left,4,outgoing,256,02:00:00:00:00:01,02:00:00:00:00:02,0x88b5,reverse,1,812
1117,1787041221528694,l_left,4,outgoing,256,02:00:00:00:00:01,02:00:00:00:00:02,0x88b5,reverse,1,813
1118,1787041221528936,l_left,4,outgoing,256,02:00:00:00:00:01,02:00:00:00:00:02,0x88b5,reverse,1,814
1119,1787041221529187,l_left,4,outgoing,256,02:00:00:00:00:01,02:00:00:00:00:02,0x88b5,reverse,1,815
1120,1787041221529642,l_left,3,otherhost,256,02:00:00:00:00:02,02:00:00:00:00:01,0x88b5,forward,1,304
1121,1787041221529690,l_left,3,otherhost,256,02:00:00:00:00:02,02:00:00:00:00:01,0x88b5,forward,1,305
1122,1787041221536235,l_left,3,otherhost,256,02:00:00:00:00:02,02:00:00:00:00:01,0x88b5,forward,1,306
1123,1787041221536271,l_left,3,otherhost,256,02:00:00:00:00:02,02:00:00:00:00:01,0x88b5,forward,1,307
1124,1787041221536401,l_left,3,otherhost,256,02:00:00:00:00:02,02:00:00:00:00:01,0x88b5,forward,1,308
1125,1787041221536614,l_left,3,otherhost,256,02:00:00:00:00:02,02:00:00:00:00:01,0x88b5,forward,1,309
1126,1787041221537104,l_left,4,outgoing,256,02:00:00:00:00:01,02:00:00:00:00:02,0x88b5,reverse,1,816
1127,1787041221537124,l_left,4,outgoing,256,02:00:00:00:00:01,02:00:00:00:00:02,0x88b5,reverse,1,817
1128,1787041221737162,l_left,4,outgoing,256,02:00:00:00:00:01,02:00:00:00:00:02,0x88b5,reverse,1,818
1129,1787041221737227,l_left,4,outgoing,256,02:00:00:00:00:01,02:00:00:00:00:02,0x88b5,reverse,1,819
1130,1787041221737249,l_left,4,outgoing,256,02:00:00:00:00:01,02:00:00:00:00:02,0x88b5,reverse,1,820
1131,1787041221737266,l_left,4,outgoing,256,02:00:00:00:00:01,02:00:00:00:00:02,0x88b5,reverse,1,821
1132,1787041221737283,l_left,4,outgoing,256,02:00:00:00:00:01,02:00:00:00:00:02,0x88b5,reverse,1,822
1133,1787041221737298,l_left,4,outgoing,256,02:00:00:00:00:01,02:00:00:00:00:02,0x88b5,reverse,1,823
1134,1787041221737385,l_left,4,outgoing,256,02:00:00:00:00:01,02:00:00:00:00:02,0x88b5,reverse,1,824
1135,1787041221737733,l_left,4,outgoing,256,02:00:00:00:00:01,02:00:00:00:00:02,0x88b5,reverse,1,825
1136,1787041221737989,l_left,4,outgoing,256,02:00:00:00:00:01,02:00:00:00:00:02,0x88b5,reverse,1,826
1137,1787041221738242,l_left,4,outgoing,256,02:00:00:00:00:01,02:00:00:00:00:02,0x88b5,reverse,1,827
1138,1787041221738492,l_left,4,outgoing,256,02:00:00:00:00:01,02:00:00:00:00:02,0x88b5,reverse,1,828
1139,1787041221738742,l_left,4,outgoing,256,02:00:00:00:00:01,02:00:00:00:00:02,0x88b5,reverse,1,829
1140,1787041221738983,l_left,4,outgoing,256,02:00:00:00:00:01,02:00:00:00:00:02,0x88b5,reverse,1,830
1141,1787041221739171,l_left,4,outgoing,256,02:00:00:00:00:01,02:00:00:00:00:02,0x88b5,reverse,1,831
1142,1787041221739695,l_left,3,otherhost,256,02:00:00:00:00:02,02:00:00:00:00:01,0x88b5,forward,1,310
1143,1787041221739716,l_left,3,otherhost,256,02:00:00:00:00:02,02:00:00:00:00:01,0x88b5,forward,1,311
1144,1787041221746146,l_left,3,otherhost,256,02:00:00:00:00:02,02:00:00:00:00:01,0x88b5,forward,1,312
1145,1787041221746169,l_left,3,otherhost,256,02:00:00:00:00:02,02:00:00:00:00:01,0x88b5,forward,1,313
1146,1787041221746359,l_left,3,otherhost,256,02:00:00:00:00:02,02:00:00:00:00:01,0x88b5,forward,1,314
1147,1787041221746607,l_left,3,otherhost,256,02:00:00:00:00:02,02:00:00:00:00:01,0x88b5,forward,1,315
1148,1787041221747100,l_left,4,outgoing,256,02:00:00:00:00:01,02:00:00:00:00:02,0x88b5,reverse,1,832
1149,1787041221747123,l_left,4,outgoing,256,02:00:00:00:00:01,02:00:00:00:00:02,0x88b5,reverse,1,833
1150,1787041221947357,l_left,4,outgoing,256,02:00:00:00:00:01,02:00:00:00:00:02,0x88b5,reverse,1,834
1151,1787041221947419,l_left,4,outgoing,256,02:00:00:00:00:01,02:00:00:00:00:02,0x88b5,reverse,1,835
1152,1787041221947441,l_left,4,outgoing,256,02:00:00:00:00:01,02:00:00:00:00:02,0x88b5,reverse,1,836
1153,1787041221947463,l_left,4,outgoing,256,02:00:00:00:00:01,02:00:00:00:00:02,0x88b5,reverse,1,837
1154,1787041221947488,l_left,4,outgoing,256,02:00:00:00:00:01,02:00:00:00:00:02,0x88b5,reverse,1,838
1155,1787041221947511,l_left,4,outgoing,256,02:00:00:00:00:01,02:00:00:00:00:02,0x88b5,reverse,1,839
1156,1787041221947526,l_left,4,outgoing,256,02:00:00:00:00:01,02:00:00:00:00:02,0x88b5,reverse,1,840
1157,1787041221947750,l_left,4,outgoing,256,02:00:00:00:00:01,02:00:00:00:00:02,0x88b5,reverse,1,841
1158,1787041221947991,l_left,4,outgoing,256,02:00:00:00:00:01,02:00:00:00:00:02,0x88b5,reverse,1,842
1159,1787041221948283,l_left,4,outgoing,256,02:00:00:00:00:01,02:00:00:00:00:02,0x88b5,reverse,1,843
1160,1787041221948489,l_left,4,outgoing,256,02:00:00:00:00:01,02:00:00:00:00:02,0x88b5,reverse,1,844
1161,1787041221948740,l_left,4,outgoing,256,02:00:00:00:00:01,02:00:00:00:00:02,0x88b5,reverse,1,845
1162,1787041221948992,l_left,4,outgoing,256,02:00:00:00:00:01,02:00:00:00:00:02,0x88b5,reverse,1,846
1163,1787041221949222,l_left,4,outgoing,256,02:00:00:00:00:01,02:00:00:00:00:02,0x88b5,reverse,1,847
1164,1787041221949711,l_left,3,otherhost,256,02:00:00:00:00:02,02:00:00:00:00:01,0x88b5,forward,1,316
1165,1787041221949750,l_left,3,otherhost,256,02:00:00:00:00:02,02:00:00:00:00:01,0x88b5,forward,1,317
1166,1787041221956102,l_left,3,otherhost,256,02:00:00:00:00:02,02:00:00:00:00:01,0x88b5,forward,1,318
1167,1787041221956146,l_left,3,otherhost,256,02:00:00:00:00:02,02:00:00:00:00:01,0x88b5,forward,1,319
1168,1787041221956388,l_left,3,otherhost,256,02:00:00:00:00:02,02:00:00:00:00:01,0x88b5,forward,1,320
1169,1787041221956615,l_left,3,otherhost,256,02:00:00:00:00:02,02:00:00:00:00:01,0x88b5,forward,1,321
1170,1787041221957418,l_left,4,outgoing,256,02:00:00:00:00:01,02:00:00:00:00:02,0x88b5,reverse,1,848
1171,1787041221957456,l_left,4,outgoing,256,02:00:00:00:00:01,02:00:00:00:00:02,0x88b5,reverse,1,849
1172,1787041222157058,l_left,4,outgoing,256,02:00:00:00:00:01,02:00:00:00:00:02,0x88b5,reverse,1,850
1173,1787041222157122,l_left,4,outgoing,256,02:00:00:00:00:01,02:00:00:00:00:02,0x88b5,reverse,1,851
1174,1787041222157153,l_left,4,outgoing,256,02:00:00:00:00:01,02:00:00:00:00:02,0x88b5,reverse,1,852
1175,1787041222157171,l_left,4,outgoing,256,02:00:00:00:00:01,02:00:00:00:00:02,0x88b5,reverse,1,853
1176,1787041222157186,l_left,4,outgoing,256,02:00:00:00:00:01,02:00:00:00:00:02,0x88b5,reverse,1,854
1177,1787041222157201,l_left,4,outgoing,256,02:00:00:00:00:01,02:00:00:00:00:02,0x88b5,reverse,1,855
1178,1787041222157461,l_left,4,outgoing,256,02:00:00:00:00:01,02:00:00:00:00:02,0x88b5,reverse,1,856
1179,1787041222157734,l_left,4,outgoing,256,02:00:00:00:00:01,02:00:00:00:00:02,0x88b5,reverse,1,857
1180,1787041222157986,l_left,4,outgoing,256,02:00:00:00:00:01,02:00:00:00:00:02,0x88b5,reverse,1,858
1181,1787041222158233,l_left,4,outgoing,256,02:00:00:00:00:01,02:00:00:00:00:02,0x88b5,reverse,1,859
1182,1787041222158503,l_left,4,outgoing,256,02:00:00:00:00:01,02:00:00:00:00:02,0x88b5,reverse,1,860
1183,1787041222158735,l_left,4,outgoing,256,02:00:00:00:00:01,02:00:00:00:00:02,0x88b5,reverse,1,861
1184,1787041222158958,l_left,4,outgoing,256,02:00:00:00:00:01,02:00:00:00:00:02,0x88b5,reverse,1,862
1185,1787041222159188,l_left,4,outgoing,256,02:00:00:00:00:01,02:00:00:00:00:02,0x88b5,reverse,1,863
1186,1787041222159622,l_left,3,otherhost,256,02:00:00:00:00:02,02:00:00:00:00:01,0x88b5,forward,1,322
1187,1787041222159646,l_left,3,otherhost,256,02:00:00:00:00:02,02:00:00:00:00:01,0x88b5,forward,1,323
1188,1787041222166116,l_left,3,otherhost,256,02:00:00:00:00:02,02:00:00:00:00:01,0x88b5,forward,1,324
1189,1787041222166142,l_left,3,otherhost,256,02:00:00:00:00:02,02:00:00:00:00:01,0x88b5,forward,1,325
1190,1787041222166358,l_left,3,otherhost,256,02:00:00:00:00:02,02:00:00:00:00:01,0x88b5,forward,1,326
1191,1787041222166606,l_left,3,otherhost,256,02:00:00:00:00:02,02:00:00:00:00:01,0x88b5,forward,1,327
1192,1787041222167165,l_left,4,outgoing,256,02:00:00:00:00:01,02:00:00:00:00:02,0x88b5,reverse,1,864
1193,1787041222167187,l_left,4,outgoing,256,02:00:00:00:00:01,02:00:00:00:00:02,0x88b5,reverse,1,865
1194,1787041222367390,l_left,4,outgoing,256,02:00:00:00:00:01,02:00:00:00:00:02,0x88b5,reverse,1,866
1195,1787041222367458,l_left,4,outgoing,256,02:00:00:00:00:01,02:00:00:00:00:02,0x88b5,reverse,1,867
1196,1787041222367488,l_left,4,outgoing,256,02:00:00:00:00:01,02:00:00:00:00:02,0x88b5,reverse,1,868
1197,1787041222367506,l_left,4,outgoing,256,02:00:00:00:00:01,02:00:00:00:00:02,0x88b5,reverse,1,869
1198,1787041222367521,l_left,4,outgoing,256,02:00:00:00:00:01,02:00:00:00:00:02,0x88b5,reverse,1,870
1199,1787041222367535,l_left,4,outgoing,256,02:00:00:00:00:01,02:00:00:00:00:02,0x88b5,reverse,1,871
1200,1787041222367550,l_left,4,outgoing,256,02:00:00:00:00:01,02:00:00:00:00:02,0x88b5,reverse,1,872
1201,1787041222367648,l_left,4,outgoing,256,02:00:00:00:00:01,02:00:00:00:00:02,0x88b5,reverse,1,873
1202,1787041222367985,l_left,4,outgoing,256,02:00:00:00:00:01,02:00:00:00:00:02,0x88b5,reverse,1,874
1203,1787041222368245,l_left,4,outgoing,256,02:00:00:00:00:01,02:00:00:00:00:02,0x88b5,reverse,1,875
1204,1787041222368492,l_left,4,outgoing,256,02:00:00:00:00:01,02:00:00:00:00:02,0x88b5,reverse,1,876
1205,1787041222368744,l_left,4,outgoing,256,02:00:00:00:00:01,02:00:00:00:00:02,0x88b5,reverse,1,877
1206,1787041222368994,l_left,4,outgoing,256,02:00:00:00:00:01,02:00:00:00:00:02,0x88b5,reverse,1,878
1207,1787041222369242,l_left,4,outgoing,256,02:00:00:00:00:01,02:00:00:00:00:02,0x88b5,reverse,1,879
1208,1787041222369731,l_left,3,otherhost,256,02:00:00:00:00:02,02:00:00:00:00:01,0x88b5,forward,1,328
1209,1787041222369774,l_left,3,otherhost,256,02:00:00:00:00:02,02:00:00:00:00:01,0x88b5,forward,1,329
1210,1787041222376112,l_left,3,otherhost,256,02:00:00:00:00:02,02:00:00:00:00:01,0x88b5,forward,1,330
1211,1787041222376157,l_left,3,otherhost,256,02:00:00:00:00:02,02:00:00:00:00:01,0x88b5,forward,1,331
1212,1787041222376395,l_left,3,otherhost,256,02:00:00:00:00:02,02:00:00:00:00:01,0x88b5,forward,1,332
1213,1787041222376637,l_left,3,otherhost,256,02:00:00:00:00:02,02:00:00:00:00:01,0x88b5,forward,1,333
1214,1787041222377269,l_left,4,outgoing,256,02:00:00:00:00:01,02:00:00:00:00:02,0x88b5,reverse,1,880
1215,1787041222377306,l_left,4,outgoing,256,02:00:00:00:00:01,02:00:00:00:00:02,0x88b5,reverse,1,881
1216,1787041222577135,l_left,4,outgoing,256,02:00:00:00:00:01,02:00:00:00:00:02,0x88b5,reverse,1,882
1217,1787041222577211,l_left,4,outgoing,256,02:00:00:00:00:01,02:00:00:00:00:02,0x88b5,reverse,1,883
1218,1787041222577241,l_left,4,outgoing,256,02:00:00:00:00:01,02:00:00:00:00:02,0x88b5,reverse,1,884
1219,1787041222577259,l_left,4,outgoing,256,02:00:00:00:00:01,02:00:00:00:00:02,0x88b5,reverse,1,885
1220,1787041222577274,l_left,4,outgoing,256,02:00:00:00:00:01,02:00:00:00:00:02,0x88b5,reverse,1,886
1221,1787041222577289,l_left,4,outgoing,256,02:00:00:00:00:01,02:00:00:00:00:02,0x88b5,reverse,1,887
1222,1787041222577379,l_left,4,outgoing,256,02:00:00:00:00:01,02:00:00:00:00:02,0x88b5,reverse,1,888
1223,1787041222577739,l_left,4,outgoing,256,02:00:00:00:00:01,02:00:00:00:00:02,0x88b5,reverse,1,889
1224,1787041222577995,l_left,4,outgoing,256,02:00:00:00:00:01,02:00:00:00:00:02,0x88b5,reverse,1,890
1225,1787041222578244,l_left,4,outgoing,256,02:00:00:00:00:01,02:00:00:00:00:02,0x88b5,reverse,1,891
1226,1787041222578495,l_left,4,outgoing,256,02:00:00:00:00:01,02:00:00:00:00:02,0x88b5,reverse,1,892
1227,1787041222578734,l_left,4,outgoing,256,02:00:00:00:00:01,02:00:00:00:00:02,0x88b5,reverse,1,893
1228,1787041222578955,l_left,4,outgoing,256,02:00:00:00:00:01,02:00:00:00:00:02,0x88b5,reverse,1,894
1229,1787041222579133,l_left,4,outgoing,256,02:00:00:00:00:01,02:00:00:00:00:02,0x88b5,reverse,1,895
1230,1787041222579670,l_left,3,otherhost,256,02:00:00:00:00:02,02:00:00:00:00:01,0x88b5,forward,1,334
1231,1787041222579689,l_left,3,otherhost,256,02:00:00:00:00:02,02:00:00:00:00:01,0x88b5,forward,1,335
1232,1787041222586078,l_left,3,otherhost,256,02:00:00:00:00:02,02:00:00:00:00:01,0x88b5,forward,1,336
1233,1787041222586098,l_left,3,otherhost,256,02:00:00:00:00:02,02:00:00:00:00:01,0x88b5,forward,1,337
1234,1787041222586359,l_left,3,otherhost,256,02:00:00:00:00:02,02:00:00:00:00:01,0x88b5,forward,1,338
1235,1787041222586606,l_left,3,otherhost,256,02:00:00:00:00:02,02:00:00:00:00:01,0x88b5,forward,1,339
1236,1787041222587170,l_left,4,outgoing,256,02:00:00:00:00:01,02:00:00:00:00:02,0x88b5,reverse,1,896
1237,1787041222587193,l_left,4,outgoing,256,02:00:00:00:00:01,02:00:00:00:00:02,0x88b5,reverse,1,897
1238,1787041222787415,l_left,4,outgoing,256,02:00:00:00:00:01,02:00:00:00:00:02,0x88b5,reverse,1,898
1239,1787041222787477,l_left,4,outgoing,256,02:00:00:00:00:01,02:00:00:00:00:02,0x88b5,reverse,1,899
1240,1787041222787500,l_left,4,outgoing,256,02:00:00:00:00:01,02:00:00:00:00:02,0x88b5,reverse,1,900
1241,1787041222787518,l_left,4,outgoing,256,02:00:00:00:00:01,02:00:00:00:00:02,0x88b5,reverse,1,901
1242,1787041222787534,l_left,4,outgoing,256,02:00:00:00:00:01,02:00:00:00:00:02,0x88b5,reverse,1,902
1243,1787041222787549,l_left,4,outgoing,256,02:00:00:00:00:01,02:00:00:00:00:02,0x88b5,reverse,1,903
1244,1787041222787563,l_left,4,outgoing,256,02:00:00:00:00:01,02:00:00:00:00:02,0x88b5,reverse,1,904
1245,1787041222787643,l_left,4,outgoing,256,02:00:00:00:00:01,02:00:00:00:00:02,0x88b5,reverse,1,905
1246,1787041222787982,l_left,4,outgoing,256,02:00:00:00:00:01,02:00:00:00:00:02,0x88b5,reverse,1,906
1247,1787041222788244,l_left,4,outgoing,256,02:00:00:00:00:01,02:00:00:00:00:02,0x88b5,reverse,1,907
1248,1787041222788495,l_left,4,outgoing,256,02:00:00:00:00:01,02:00:00:00:00:02,0x88b5,reverse,1,908
1249,1787041222788745,l_left,4,outgoing,256,02:00:00:00:00:01,02:00:00:00:00:02,0x88b5,reverse,1,909
1250,1787041222789008,l_left,4,outgoing,256,02:00:00:00:00:01,02:00:00:00:00:02,0x88b5,reverse,1,910
1251,1787041222789253,l_left,4,outgoing,256,02:00:00:00:00:01,02:00:00:00:00:02,0x88b5,reverse,1,911
1252,1787041222789820,l_left,3,otherhost,256,02:00:00:00:00:02,02:00:00:00:00:01,0x88b5,forward,1,340
1253,1787041222789858,l_left,3,otherhost,256,02:00:00:00:00:02,02:00:00:00:00:01,0x88b5,forward,1,341
1254,1787041222796187,l_left,3,otherhost,256,02:00:00:00:00:02,02:00:00:00:00:01,0x88b5,forward,1,342
1255,1787041222796223,l_left,3,otherhost,256,02:00:00:00:00:02,02:00:00:00:00:01,0x88b5,forward,1,343
1256,1787041222796360,l_left,3,otherhost,256,02:00:00:00:00:02,02:00:00:00:00:01,0x88b5,forward,1,344
1257,1787041222796585,l_left,3,otherhost,256,02:00:00:00:00:02,02:00:00:00:00:01,0x88b5,forward,1,345
1258,1787041222797133,l_left,4,outgoing,256,02:00:00:00:00:01,02:00:00:00:00:02,0x88b5,reverse,1,912
1259,1787041222797173,l_left,4,outgoing,256,02:00:00:00:00:01,02:00:00:00:00:02,0x88b5,reverse,1,913
1260,1787041222996941,l_left,4,outgoing,256,02:00:00:00:00:01,02:00:00:00:00:02,0x88b5,reverse,1,914
1261,1787041222997007,l_left,4,outgoing,256,02:00:00:00:00:01,02:00:00:00:00:02,0x88b5,reverse,1,915
1262,1787041222997028,l_left,4,outgoing,256,02:00:00:00:00:01,02:00:00:00:00:02,0x88b5,reverse,1,916
1263,1787041222997052,l_left,4,outgoing,256,02:00:00:00:00:01,02:00:00:00:00:02,0x88b5,reverse,1,917
1264,1787041222997079,l_left,4,outgoing,256,02:00:00:00:00:01,02:00:00:00:00:02,0x88b5,reverse,1,918
1265,1787041222997193,l_left,4,outgoing,256,02:00:00:00:00:01,02:00:00:00:00:02,0x88b5,reverse,1,919
1266,1787041222997460,l_left,4,outgoing,256,02:00:00:00:00:01,02:00:00:00:00:02,0x88b5,reverse,1,920
1267,1787041222997741,l_left,4,outgoing,256,02:00:00:00:00:01,02:00:00:00:00:02,0x88b5,reverse,1,921
1268,1787041222998013,l_left,4,outgoing,256,02:00:00:00:00:01,02:00:00:00:00:02,0x88b5,reverse,1,922
1269,1787041222998245,l_left,4,outgoing,256,02:00:00:00:00:01,02:00:00:00:00:02,0x88b5,reverse,1,923
1270,1787041222998483,l_left,4,outgoing,256,02:00:00:00:00:01,02:00:00:00:00:02,0x88b5,reverse,1,924
1271,1787041222998672,l_left,4,outgoing,256,02:00:00:00:00:01,02:00:00:00:00:02,0x88b5,reverse,1,925
1272,1787041222998873,l_left,4,outgoing,256,02:00:00:00:00:01,02:00:00:00:00:02,0x88b5,reverse,1,926
1273,1787041222999115,l_left,4,outgoing,256,02:00:00:00:00:01,02:00:00:00:00:02,0x88b5,reverse,1,927
1274,1787041222999557,l_left,3,otherhost,256,02:00:00:00:00:02,02:00:00:00:00:01,0x88b5,forward,1,346
1275,1787041222999574,l_left,3,otherhost,256,02:00:00:00:00:02,02:00:00:00:00:01,0x88b5,forward,1,347
1276,1787041223006054,l_left,3,otherhost,256,02:00:00:00:00:02,02:00:00:00:00:01,0x88b5,forward,1,348
1277,1787041223006087,l_left,3,otherhost,256,02:00:00:00:00:02,02:00:00:00:00:01,0x88b5,forward,1,349
1278,1787041223006340,l_left,3,otherhost,256,02:00:00:00:00:02,02:00:00:00:00:01,0x88b5,forward,1,350
1279,1787041223006590,l_left,3,otherhost,256,02:00:00:00:00:02,02:00:00:00:00:01,0x88b5,forward,1,351
1280,1787041223007132,l_left,4,outgoing,256,02:00:00:00:00:01,02:00:00:00:00:02,0x88b5,reverse,1,928
1281,1787041223007161,l_left,4,outgoing,256,02:00:00:00:00:01,02:00:00:00:00:02,0x88b5,reverse,1,929
1282,1787041223207355,l_left,4,outgoing,256,02:00:00:00:00:01,02:00:00:00:00:02,0x88b5,reverse,1,930
1283,1787041223207418,l_left,4,outgoing,256,02:00:00:00:00:01,02:00:00:00:00:02,0x88b5,reverse,1,931
1284,1787041223207441,l_left,4,outgoing,256,02:00:00:00:00:01,02:00:00:00:00:02,0x88b5,reverse,1,932
1285,1787041223207458,l_left,4,outgoing,256,02:00:00:00:00:01,02:00:00:00:00:02,0x88b5,reverse,1,933
1286,1787041223207473,l_left,4,outgoing,256,02:00:00:00:00:01,02:00:00:00:00:02,0x88b5,reverse,1,934
1287,1787041223207487,l_left,4,outgoing,256,02:00:00:00:00:01,02:00:00:00:00:02,0x88b5,reverse,1,935
1288,1787041223207501,l_left,4,outgoing,256,02:00:00:00:00:01,02:00:00:00:00:02,0x88b5,reverse,1,936
1289,1787041223207716,l_left,4,outgoing,256,02:00:00:00:00:01,02:00:00:00:00:02,0x88b5,reverse,1,937
1290,1787041223207983,l_left,4,outgoing,256,02:00:00:00:00:01,02:00:00:00:00:02,0x88b5,reverse,1,938
1291,1787041223208240,l_left,4,outgoing,256,02:00:00:00:00:01,02:00:00:00:00:02,0x88b5,reverse,1,939
1292,1787041223208501,l_left,4,outgoing,256,02:00:00:00:00:01,02:00:00:00:00:02,0x88b5,reverse,1,940
1293,1787041223208751,l_left,4,outgoing,256,02:00:00:00:00:01,02:00:00:00:00:02,0x88b5,reverse,1,941
1294,1787041223208992,l_left,4,outgoing,256,02:00:00:00:00:01,02:00:00:00:00:02,0x88b5,reverse,1,942
1295,1787041223209230,l_left,4,outgoing,256,02:00:00:00:00:01,02:00:00:00:00:02,0x88b5,reverse,1,943
1296,1787041223209650,l_left,3,otherhost,256,02:00:00:00:00:02,02:00:00:00:00:01,0x88b5,forward,1,352
1297,1787041223209675,l_left,3,otherhost,256,02:00:00:00:00:02,02:00:00:00:00:01,0x88b5,forward,1,353
1298,1787041223216185,l_left,3,otherhost,256,02:00:00:00:00:02,02:00:00:00:00:01,0x88b5,forward,1,354
1299,1787041223216234,l_left,3,otherhost,256,02:00:00:00:00:02,02:00:00:00:00:01,0x88b5,forward,1,355
1300,1787041223216464,l_left,3,otherhost,256,02:00:00:00:00:02,02:00:00:00:00:01,0x88b5,forward,1,356
1301,1787041223216607,l_left,3,otherhost,256,02:00:00:00:00:02,02:00:00:00:00:01,0x88b5,forward,1,357
1302,1787041223217211,l_left,4,outgoing,256,02:00:00:00:00:01,02:00:00:00:00:02,0x88b5,reverse,1,944
1303,1787041223217237,l_left,4,outgoing,256,02:00:00:00:00:01,02:00:00:00:00:02,0x88b5,reverse,1,945
1304,1787041223417333,l_left,4,outgoing,256,02:00:00:00:00:01,02:00:00:00:00:02,0x88b5,reverse,1,946
1305,1787041223417395,l_left,4,outgoing,256,02:00:00:00:00:01,02:00:00:00:00:02,0x88b5,reverse,1,947
1306,1787041223417426,l_left,4,outgoing,256,02:00:00:00:00:01,02:00:00:00:00:02,0x88b5,reverse,1,948
1307,1787041223417444,l_left,4,outgoing,256,02:00:00:00:00:01,02:00:00:00:00:02,0x88b5,reverse,1,949
1308,1787041223417460,l_left,4,outgoing,256,02:00:00:00:00:01,02:00:00:00:00:02,0x88b5,reverse,1,950
1309,1787041223417476,l_left,4,outgoing,256,02:00:00:00:00:01,02:00:00:00:00:02,0x88b5,reverse,1,951
1310,1787041223417496,l_left,4,outgoing,256,02:00:00:00:00:01,02:00:00:00:00:02,0x88b5,reverse,1,952
1311,1787041223417840,l_left,4,outgoing,256,02:00:00:00:00:01,02:00:00:00:00:02,0x88b5,reverse,1,953
1312,1787041223417909,l_left,4,outgoing,256,02:00:00:00:00:01,02:00:00:00:00:02,0x88b5,reverse,1,954
1313,1787041223418239,l_left,4,outgoing,256,02:00:00:00:00:01,02:00:00:00:00:02,0x88b5,reverse,1,955
1314,1787041223418495,l_left,4,outgoing,256,02:00:00:00:00:01,02:00:00:00:00:02,0x88b5,reverse,1,956
1315,1787041223418742,l_left,4,outgoing,256,02:00:00:00:00:01,02:00:00:00:00:02,0x88b5,reverse,1,957
1316,1787041223418989,l_left,4,outgoing,256,02:00:00:00:00:01,02:00:00:00:00:02,0x88b5,reverse,1,958
1317,1787041223419230,l_left,4,outgoing,256,02:00:00:00:00:01,02:00:00:00:00:02,0x88b5,reverse,1,959
1318,1787041223419685,l_left,3,otherhost,256,02:00:00:00:00:02,02:00:00:00:00:01,0x88b5,forward,1,358
1319,1787041223419723,l_left,3,otherhost,256,02:00:00:00:00:02,02:00:00:00:00:01,0x88b5,forward,1,359
1320,1787041223426169,l_left,3,otherhost,256,02:00:00:00:00:02,02:00:00:00:00:01,0x88b5,forward,1,360
1321,1787041223426207,l_left,3,otherhost,256,02:00:00:00:00:02,02:00:00:00:00:01,0x88b5,forward,1,361
1322,1787041223426393,l_left,3,otherhost,256,02:00:00:00:00:02,02:00:00:00:00:01,0x88b5,forward,1,362
1323,1787041223426609,l_left,3,otherhost,256,02:00:00:00:00:02,02:00:00:00:00:01,0x88b5,forward,1,363
1324,1787041223427178,l_left,4,outgoing,256,02:00:00:00:00:01,02:00:00:00:00:02,0x88b5,reverse,1,960
1325,1787041223427197,l_left,4,outgoing,256,02:00:00:00:00:01,02:00:00:00:00:02,0x88b5,reverse,1,961
1326,1787041223627338,l_left,4,outgoing,256,02:00:00:00:00:01,02:00:00:00:00:02,0x88b5,reverse,1,962
1327,1787041223627402,l_left,4,outgoing,256,02:00:00:00:00:01,02:00:00:00:00:02,0x88b5,reverse,1,963
1328,1787041223627424,l_left,4,outgoing,256,02:00:00:00:00:01,02:00:00:00:00:02,0x88b5,reverse,1,964
1329,1787041223627451,l_left,4,outgoing,256,02:00:00:00:00:01,02:00:00:00:00:02,0x88b5,reverse,1,965
1330,1787041223627467,l_left,4,outgoing,256,02:00:00:00:00:01,02:00:00:00:00:02,0x88b5,reverse,1,966
1331,1787041223627488,l_left,4,outgoing,256,02:00:00:00:00:01,02:00:00:00:00:02,0x88b5,reverse,1,967
1332,1787041223627503,l_left,4,outgoing,256,02:00:00:00:00:01,02:00:00:00:00:02,0x88b5,reverse,1,968
1333,1787041223628485,l_left,4,outgoing,256,02:00:00:00:00:01,02:00:00:00:00:02,0x88b5,reverse,1,969
1334,1787041223628523,l_left,4,outgoing,256,02:00:00:00:00:01,02:00:00:00:00:02,0x88b5,reverse,1,970
1335,1787041223628544,l_left,4,outgoing,256,02:00:00:00:00:01,02:00:00:00:00:02,0x88b5,reverse,1,971
1336,1787041223628567,l_left,4,outgoing,256,02:00:00:00:00:01,02:00:00:00:00:02,0x88b5,reverse,1,972
1337,1787041223628652,l_left,4,outgoing,256,02:00:00:00:00:01,02:00:00:00:00:02,0x88b5,reverse,1,973
1338,1787041223628985,l_left,4,outgoing,256,02:00:00:00:00:01,02:00:00:00:00:02,0x88b5,reverse,1,974
1339,1787041223629242,l_left,4,outgoing,256,02:00:00:00:00:01,02:00:00:00:00:02,0x88b5,reverse,1,975
1340,1787041223629685,l_left,3,otherhost,256,02:00:00:00:00:02,02:00:00:00:00:01,0x88b5,forward,1,364
1341,1787041223629723,l_left,3,otherhost,256,02:00:00:00:00:02,02:00:00:00:00:01,0x88b5,forward,1,365
1342,1787041223636183,l_left,3,otherhost,256,02:00:00:00:00:02,02:00:00:00:00:01,0x88b5,forward,1,366
1343,1787041223636232,l_left,3,otherhost,256,02:00:00:00:00:02,02:00:00:00:00:01,0x88b5,forward,1,367
1344,1787041223636455,l_left,3,otherhost,256,02:00:00:00:00:02,02:00:00:00:00:01,0x88b5,forward,1,368
1345,1787041223636634,l_left,3,otherhost,256,02:00:00:00:00:02,02:00:00:00:00:01,0x88b5,forward,1,369
1346,1787041223637306,l_left,4,outgoing,256,02:00:00:00:00:01,02:00:00:00:00:02,0x88b5,reverse,1,976
1347,1787041223637347,l_left,4,outgoing,256,02:00:00:00:00:01,02:00:00:00:00:02,0x88b5,reverse,1,977
1348,1787041223836830,l_left,4,outgoing,256,02:00:00:00:00:01,02:00:00:00:00:02,0x88b5,reverse,1,978
1349,1787041223836894,l_left,4,outgoing,256,02:00:00:00:00:01,02:00:00:00:00:02,0x88b5,reverse,1,979
1350,1787041223836916,l_left,4,outgoing,256,02:00:00:00:00:01,02:00:00:00:00:02,0x88b5,reverse,1,980
1351,1787041223836933,l_left,4,outgoing,256,02:00:00:00:00:01,02:00:00:00:00:02,0x88b5,reverse,1,981
1352,1787041223837201,l_left,4,outgoing,256,02:00:00:00:00:01,02:00:00:00:00:02,0x88b5,reverse,1,982
1353,1787041223837239,l_left,4,outgoing,256,02:00:00:00:00:01,02:00:00:00:00:02,0x88b5,reverse,1,983
1354,1787041223837459,l_left,4,outgoing,256,02:00:00:00:00:01,02:00:00:00:00:02,0x88b5,reverse,1,984
1355,1787041223837733,l_left,4,outgoing,256,02:00:00:00:00:01,02:00:00:00:00:02,0x88b5,reverse,1,985
1356,1787041223837992,l_left,4,outgoing,256,02:00:00:00:00:01,02:00:00:00:00:02,0x88b5,reverse,1,986
1357,1787041223838243,l_left,4,outgoing,256,02:00:00:00:00:01,02:00:00:00:00:02,0x88b5,reverse,1,987
1358,1787041223838492,l_left,4,outgoing,256,02:00:00:00:00:01,02:00:00:00:00:02,0x88b5,reverse,1,988
1359,1787041223838742,l_left,4,outgoing,256,02:00:00:00:00:01,02:00:00:00:00:02,0x88b5,reverse,1,989
1360,1787041223838953,l_left,4,outgoing,256,02:00:00:00:00:01,02:00:00:00:00:02,0x88b5,reverse,1,990
1361,1787041223839155,l_left,4,outgoing,256,02:00:00:00:00:01,02:00:00:00:00:02,0x88b5,reverse,1,991
1362,1787041223839637,l_left,3,otherhost,256,02:00:00:00:00:02,02:00:00:00:00:01,0x88b5,forward,1,370
1363,1787041223839661,l_left,3,otherhost,256,02:00:00:00:00:02,02:00:00:00:00:01,0x88b5,forward,1,371
1364,1787041223846136,l_left,3,otherhost,256,02:00:00:00:00:02,02:00:00:00:00:01,0x88b5,forward,1,372
1365,1787041223846168,l_left,3,otherhost,256,02:00:00:00:00:02,02:00:00:00:00:01,0x88b5,forward,1,373
1366,1787041223846358,l_left,3,otherhost,256,02:00:00:00:00:02,02:00:00:00:00:01,0x88b5,forward,1,374
1367,1787041223846607,l_left,3,otherhost,256,02:00:00:00:00:02,02:00:00:00:00:01,0x88b5,forward,1,375
1368,1787041223847158,l_left,4,outgoing,256,02:00:00:00:00:01,02:00:00:00:00:02,0x88b5,reverse,1,992
1369,1787041223847182,l_left,4,outgoing,256,02:00:00:00:00:01,02:00:00:00:00:02,0x88b5,reverse,1,993
1370,1787041224046954,l_left,4,outgoing,256,02:00:00:00:00:01,02:00:00:00:00:02,0x88b5,reverse,1,994
1371,1787041224047018,l_left,4,outgoing,256,02:00:00:00:00:01,02:00:00:00:00:02,0x88b5,reverse,1,995
1372,1787041224047040,l_left,4,outgoing,256,02:00:00:00:00:01,02:00:00:00:00:02,0x88b5,reverse,1,996
1373,1787041224047057,l_left,4,outgoing,256,02:00:00:00:00:01,02:00:00:00:00:02,0x88b5,reverse,1,997
1374,1787041224047081,l_left,4,outgoing,256,02:00:00:00:00:01,02:00:00:00:00:02,0x88b5,reverse,1,998
1375,1787041224047314,l_left,4,outgoing,256,02:00:00:00:00:01,02:00:00:00:00:02,0x88b5,reverse,1,999
1376,1787041224047528,l_left,4,outgoing,256,02:00:00:00:00:01,02:00:00:00:00:02,0x88b5,reverse,1,1000
1377,1787041224047737,l_left,4,outgoing,256,02:00:00:00:00:01,02:00:00:00:00:02,0x88b5,reverse,1,1001
1378,1787041224047997,l_left,4,outgoing,256,02:00:00:00:00:01,02:00:00:00:00:02,0x88b5,reverse,1,1002
1379,1787041224048240,l_left,4,outgoing,256,02:00:00:00:00:01,02:00:00:00:00:02,0x88b5,reverse,1,1003
1380,1787041224048494,l_left,4,outgoing,256,02:00:00:00:00:01,02:00:00:00:00:02,0x88b5,reverse,1,1004
1381,1787041224048746,l_left,4,outgoing,256,02:00:00:00:00:01,02:00:00:00:00:02,0x88b5,reverse,1,1005
1382,1787041224048992,l_left,4,outgoing,256,02:00:00:00:00:01,02:00:00:00:00:02,0x88b5,reverse,1,1006
1383,1787041224049241,l_left,4,outgoing,256,02:00:00:00:00:01,02:00:00:00:00:02,0x88b5,reverse,1,1007
1384,1787041224049485,l_left,3,otherhost,256,02:00:00:00:00:02,02:00:00:00:00:01,0x88b5,forward,1,376
1385,1787041224049594,l_left,3,otherhost,256,02:00:00:00:00:02,02:00:00:00:00:01,0x88b5,forward,1,377
1386,1787041224056082,l_left,3,otherhost,256,02:00:00:00:00:02,02:00:00:00:00:01,0x88b5,forward,1,378
1387,1787041224056119,l_left,3,otherhost,256,02:00:00:00:00:02,02:00:00:00:00:01,0x88b5,forward,1,379
1388,1787041224056359,l_left,3,otherhost,256,02:00:00:00:00:02,02:00:00:00:00:01,0x88b5,forward,1,380
1389,1787041224056607,l_left,3,otherhost,256,02:00:00:00:00:02,02:00:00:00:00:01,0x88b5,forward,1,381
1390,1787041224057168,l_left,4,outgoing,256,02:00:00:00:00:01,02:00:00:00:00:02,0x88b5,reverse,1,1008
1391,1787041224057195,l_left,4,outgoing,256,02:00:00:00:00:01,02:00:00:00:00:02,0x88b5,reverse,1,1009
1392,1787041224257517,l_left,4,outgoing,256,02:00:00:00:00:01,02:00:00:00:00:02,0x88b5,reverse,1,1010
1393,1787041224257581,l_left,4,outgoing,256,02:00:00:00:00:01,02:00:00:00:00:02,0x88b5,reverse,1,1011
1394,1787041224257604,l_left,4,outgoing,256,02:00:00:00:00:01,02:00:00:00:00:02,0x88b5,reverse,1,1012
1395,1787041224257621,l_left,4,outgoing,256,02:00:00:00:00:01,02:00:00:00:00:02,0x88b5,reverse,1,1013
1396,1787041224257637,l_left,4,outgoing,256,02:00:00:00:00:01,02:00:00:00:00:02,0x88b5,reverse,1,1014
1397,1787041224257652,l_left,4,outgoing,256,02:00:00:00:00:01,02:00:00:00:00:02,0x88b5,reverse,1,1015
1398,1787041224257667,l_left,4,outgoing,256,02:00:00:00:00:01,02:00:00:00:00:02,0x88b5,reverse,1,1016
1399,1787041224257684,l_left,4,outgoing,256,02:00:00:00:00:01,02:00:00:00:00:02,0x88b5,reverse,1,1017
1400,1787041224257994,l_left,4,outgoing,256,02:00:00:00:00:01,02:00:00:00:00:02,0x88b5,reverse,1,1018
1401,1787041224258238,l_left,4,outgoing,256,02:00:00:00:00:01,02:00:00:00:00:02,0x88b5,reverse,1,1019
1402,1787041224258503,l_left,4,outgoing,256,02:00:00:00:00:01,02:00:00:00:00:02,0x88b5,reverse,1,1020
1403,1787041224258735,l_left,4,outgoing,256,02:00:00:00:00:01,02:00:00:00:00:02,0x88b5,reverse,1,1021
1404,1787041224258990,l_left,4,outgoing,256,02:00:00:00:00:01,02:00:00:00:00:02,0x88b5,reverse,1,1022
1405,1787041224259243,l_left,4,outgoing,256,02:00:00:00:00:01,02:00:00:00:00:02,0x88b5,reverse,1,1023
1406,1787041224259633,l_left,3,otherhost,256,02:00:00:00:00:02,02:00:00:00:00:01,0x88b5,forward,1,382
1407,1787041224259678,l_left,3,otherhost,256,02:00:00:00:00:02,02:00:00:00:00:01,0x88b5,forward,1,383
1408,1787041224266214,l_left,3,otherhost,256,02:00:00:00:00:02,02:00:00:00:00:01,0x88b5,forward,1,384
1409,1787041224266258,l_left,3,otherhost,256,02:00:00:00:00:02,02:00:00:00:00:01,0x88b5,forward,1,385
1410,1787041224266441,l_left,3,otherhost,256,02:00:00:00:00:02,02:00:00:00:00:01,0x88b5,forward,1,386
1411,1787041224266611,l_left,3,otherhost,256,02:00:00:00:00:02,02:00:00:00:00:01,0x88b5,forward,1,387
1412,1787041224267282,l_left,4,outgoing,256,02:00:00:00:00:01,02:00:00:00:00:02,0x88b5,reverse,1,1024
1413,1787041224267321,l_left,4,outgoing,256,02:00:00:00:00:01,02:00:00:00:00:02,0x88b5,reverse,1,1025
1414,1787041224466860,l_left,4,outgoing,256,02:00:00:00:00:01,02:00:00:00:00:02,0x88b5,reverse,1,1026
1415,1787041224466924,l_left,4,outgoing,256,02:00:00:00:00:01,02:00:00:00:00:02,0x88b5,reverse,1,1027
1416,1787041224466946,l_left,4,outgoing,256,02:00:00:00:00:01,02:00:00:00:00:02,0x88b5,reverse,1,1028
1417,1787041224466964,l_left,4,outgoing,256,02:00:00:00:00:01,02:00:00:00:00:02,0x88b5,reverse,1,1029
1418,1787041224466985,l_left,4,outgoing,256,02:00:00:00:00:01,02:00:00:00:00:02,0x88b5,reverse,1,1030
1419,1787041224467232,l_left,4,outgoing,256,02:00:00:00:00:01,02:00:00:00:00:02,0x88b5,reverse,1,1031
1420,1787041224467493,l_left,4,outgoing,256,02:00:00:00:00:01,02:00:00:00:00:02,0x88b5,reverse,1,1032
1421,1787041224467741,l_left,4,outgoing,256,02:00:00:00:00:01,02:00:00:00:00:02,0x88b5,reverse,1,1033
1422,1787041224467981,l_left,4,outgoing,256,02:00:00:00:00:01,02:00:00:00:00:02,0x88b5,reverse,1,1034
1423,1787041224468241,l_left,4,outgoing,256,02:00:00:00:00:01,02:00:00:00:00:02,0x88b5,reverse,1,1035
1424,1787041224468488,l_left,4,outgoing,256,02:00:00:00:00:01,02:00:00:00:00:02,0x88b5,reverse,1,1036
1425,1787041224468728,l_left,4,outgoing,256,02:00:00:00:00:01,02:00:00:00:00:02,0x88b5,reverse,1,1037
1426,1787041224468952,l_left,4,outgoing,256,02:00:00:00:00:01,02:00:00:00:00:02,0x88b5,reverse,1,1038
1427,1787041224469179,l_left,4,outgoing,256,02:00:00:00:00:01,02:00:00:00:00:02,0x88b5,reverse,1,1039
1428,1787041224470356,l_left,3,otherhost,256,02:00:00:00:00:02,02:00:00:00:00:01,0x88b5,forward,1,388
1429,1787041224470389,l_left,3,otherhost,256,02:00:00:00:00:02,02:00:00:00:00:01,0x88b5,forward,1,389
1430,1787041224476281,l_left,3,otherhost,256,02:00:00:00:00:02,02:00:00:00:00:01,0x88b5,forward,1,390
1431,1787041224476300,l_left,3,otherhost,256,02:00:00:00:00:02,02:00:00:00:00:01,0x88b5,forward,1,391
1432,1787041224476316,l_left,3,otherhost,256,02:00:00:00:00:02,02:00:00:00:00:01,0x88b5,forward,1,392
1433,1787041224476595,l_left,3,otherhost,256,02:00:00:00:00:02,02:00:00:00:00:01,0x88b5,forward,1,393
1434,1787041224477164,l_left,4,outgoing,256,02:00:00:00:00:01,02:00:00:00:00:02,0x88b5,reverse,1,1040
1435,1787041224477194,l_left,4,outgoing,256,02:00:00:00:00:01,02:00:00:00:00:02,0x88b5,reverse,1,1041
1436,1787041224677067,l_left,4,outgoing,256,02:00:00:00:00:01,02:00:00:00:00:02,0x88b5,reverse,1,1042
1437,1787041224677130,l_left,4,outgoing,256,02:00:00:00:00:01,02:00:00:00:00:02,0x88b5,reverse,1,1043
1438,1787041224677167,l_left,4,outgoing,256,02:00:00:00:00:01,02:00:00:00:00:02,0x88b5,reverse,1,1044
1439,1787041224677206,l_left,4,outgoing,256,02:00:00:00:00:01,02:00:00:00:00:02,0x88b5,reverse,1,1045
1440,1787041224677223,l_left,4,outgoing,256,02:00:00:00:00:01,02:00:00:00:00:02,0x88b5,reverse,1,1046
1441,1787041224677237,l_left,4,outgoing,256,02:00:00:00:00:01,02:00:00:00:00:02,0x88b5,reverse,1,1047
1442,1787041224677400,l_left,4,outgoing,256,02:00:00:00:00:01,02:00:00:00:00:02,0x88b5,reverse,1,1048
1443,1787041224677735,l_left,4,outgoing,256,02:00:00:00:00:01,02:00:00:00:00:02,0x88b5,reverse,1,1049
1444,1787041224677990,l_left,4,outgoing,256,02:00:00:00:00:01,02:00:00:00:00:02,0x88b5,reverse,1,1050
1445,1787041224678242,l_left,4,outgoing,256,02:00:00:00:00:01,02:00:00:00:00:02,0x88b5,reverse,1,1051
1446,1787041224678483,l_left,4,outgoing,256,02:00:00:00:00:01,02:00:00:00:00:02,0x88b5,reverse,1,1052
1447,1787041224678703,l_left,4,outgoing,256,02:00:00:00:00:01,02:00:00:00:00:02,0x88b5,reverse,1,1053
1448,1787041224678941,l_left,4,outgoing,256,02:00:00:00:00:01,02:00:00:00:00:02,0x88b5,reverse,1,1054
1449,1787041224679124,l_left,4,outgoing,256,02:00:00:00:00:01,02:00:00:00:00:02,0x88b5,reverse,1,1055
1450,1787041224679601,l_left,3,otherhost,256,02:00:00:00:00:02,02:00:00:00:00:01,0x88b5,forward,1,394
1451,1787041224679620,l_left,3,otherhost,256,02:00:00:00:00:02,02:00:00:00:00:01,0x88b5,forward,1,395
1452,1787041224686078,l_left,3,otherhost,256,02:00:00:00:00:02,02:00:00:00:00:01,0x88b5,forward,1,396
1453,1787041224686098,l_left,3,otherhost,256,02:00:00:00:00:02,02:00:00:00:00:01,0x88b5,forward,1,397
1454,1787041224686358,l_left,3,otherhost,256,02:00:00:00:00:02,02:00:00:00:00:01,0x88b5,forward,1,398
1455,1787041224686607,l_left,3,otherhost,256,02:00:00:00:00:02,02:00:00:00:00:01,0x88b5,forward,1,399
1456,1787041224687162,l_left,4,outgoing,256,02:00:00:00:00:01,02:00:00:00:00:02,0x88b5,reverse,1,1056
1457,1787041224687184,l_left,4,outgoing,256,02:00:00:00:00:01,02:00:00:00:00:02,0x88b5,reverse,1,1057
1458,1787041224886972,l_left,4,outgoing,256,02:00:00:00:00:01,02:00:00:00:00:02,0x88b5,reverse,1,1058
1459,1787041224887034,l_left,4,outgoing,256,02:00:00:00:00:01,02:00:00:00:00:02,0x88b5,reverse,1,1059
1460,1787041224887056,l_left,4,outgoing,256,02:00:00:00:00:01,02:00:00:00:00:02,0x88b5,reverse,1,1060
1461,1787041224887074,l_left,4,outgoing,256,02:00:00:00:00:01,02:00:00:00:00:02,0x88b5,reverse,1,1061
1462,1787041224887100,l_left,4,outgoing,256,02:00:00:00:00:01,02:00:00:00:00:02,0x88b5,reverse,1,1062
1463,1787041224887116,l_left,4,outgoing,256,02:00:00:00:00:01,02:00:00:00:00:02,0x88b5,reverse,1,1063
1464,1787041224887483,l_left,4,outgoing,256,02:00:00:00:00:01,02:00:00:00:00:02,0x88b5,reverse,1,1064
1465,1787041224887738,l_left,4,outgoing,256,02:00:00:00:00:01,02:00:00:00:00:02,0x88b5,reverse,1,1065
1466,1787041224887995,l_left,4,outgoing,256,02:00:00:00:00:01,02:00:00:00:00:02,0x88b5,reverse,1,1066
1467,1787041224888244,l_left,4,outgoing,256,02:00:00:00:00:01,02:00:00:00:00:02,0x88b5,reverse,1,1067
1468,1787041224888493,l_left,4,outgoing,256,02:00:00:00:00:01,02:00:00:00:00:02,0x88b5,reverse,1,1068
1469,1787041224888739,l_left,4,outgoing,256,02:00:00:00:00:01,02:00:00:00:00:02,0x88b5,reverse,1,1069
1470,1787041224888985,l_left,4,outgoing,256,02:00:00:00:00:01,02:00:00:00:00:02,0x88b5,reverse,1,1070
1471,1787041224889186,l_left,4,outgoing,256,02:00:00:00:00:01,02:00:00:00:00:02,0x88b5,reverse,1,1071
1472,1787041224889594,l_left,3,otherhost,256,02:00:00:00:00:02,02:00:00:00:00:01,0x88b5,forward,1,400
1473,1787041224889632,l_left,3,otherhost,256,02:00:00:00:00:02,02:00:00:00:00:01,0x88b5,forward,1,401
1474,1787041224896222,l_left,3,otherhost,256,02:00:00:00:00:02,02:00:00:00:00:01,0x88b5,forward,1,402
1475,1787041224896258,l_left,3,otherhost,256,02:00:00:00:00:02,02:00:00:00:00:01,0x88b5,forward,1,403
1476,1787041224896440,l_left,3,otherhost,256,02:00:00:00:00:02,02:00:00:00:00:01,0x88b5,forward,1,404
1477,1787041224896611,l_left,3,otherhost,256,02:00:00:00:00:02,02:00:00:00:00:01,0x88b5,forward,1,405
1478,1787041224897160,l_left,4,outgoing,256,02:00:00:00:00:01,02:00:00:00:00:02,0x88b5,reverse,1,1072
1479,1787041224897184,l_left,4,outgoing,256,02:00:00:00:00:01,02:00:00:00:00:02,0x88b5,reverse,1,1073
1480,1787041225097009,l_left,4,outgoing,256,02:00:00:00:00:01,02:00:00:00:00:02,0x88b5,reverse,1,1074
1481,1787041225097072,l_left,4,outgoing,256,02:00:00:00:00:01,02:00:00:00:00:02,0x88b5,reverse,1,1075
1482,1787041225097095,l_left,4,outgoing,256,02:00:00:00:00:01,02:00:00:00:00:02,0x88b5,reverse,1,1076
1483,1787041225097113,l_left,4,outgoing,256,02:00:00:00:00:01,02:00:00:00:00:02,0x88b5,reverse,1,1077
1484,1787041225097128,l_left,4,outgoing,256,02:00:00:00:00:01,02:00:00:00:00:02,0x88b5,reverse,1,1078
1485,1787041225097156,l_left,4,outgoing,256,02:00:00:00:00:01,02:00:00:00:00:02,0x88b5,reverse,1,1079
1486,1787041225097462,l_left,4,outgoing,256,02:00:00:00:00:01,02:00:00:00:00:02,0x88b5,reverse,1,1080
1487,1787041225097735,l_left,4,outgoing,256,02:00:00:00:00:01,02:00:00:00:00:02,0x88b5,reverse,1,1081
1488,1787041225097989,l_left,4,outgoing,256,02:00:00:00:00:01,02:00:00:00:00:02,0x88b5,reverse,1,1082
1489,1787041225098239,l_left,4,outgoing,256,02:00:00:00:00:01,02:00:00:00:00:02,0x88b5,reverse,1,1083
1490,1787041225098492,l_left,4,outgoing,256,02:00:00:00:00:01,02:00:00:00:00:02,0x88b5,reverse,1,1084
1491,1787041225098735,l_left,4,outgoing,256,02:00:00:00:00:01,02:00:00:00:00:02,0x88b5,reverse,1,1085
1492,1787041225098959,l_left,4,outgoing,256,02:00:00:00:00:01,02:00:00:00:00:02,0x88b5,reverse,1,1086
1493,1787041225099175,l_left,4,outgoing,256,02:00:00:00:00:01,02:00:00:00:00:02,0x88b5,reverse,1,1087
1494,1787041225099564,l_left,3,otherhost,256,02:00:00:00:00:02,02:00:00:00:00:01,0x88b5,forward,1,406
1495,1787041225099584,l_left,3,otherhost,256,02:00:00:00:00:02,02:00:00:00:00:01,0x88b5,forward,1,407
1496,1787041225106079,l_left,3,otherhost,256,02:00:00:00:00:02,02:00:00:00:00:01,0x88b5,forward,1,408
1497,1787041225106098,l_left,3,otherhost,256,02:00:00:00:00:02,02:00:00:00:00:01,0x88b5,forward,1,409
1498,1787041225106357,l_left,3,otherhost,256,02:00:00:00:00:02,02:00:00:00:00:01,0x88b5,forward,1,410
1499,1787041225106606,l_left,3,otherhost,256,02:00:00:00:00:02,02:00:00:00:00:01,0x88b5,forward,1,411
1500,1787041225107173,l_left,4,outgoing,256,02:00:00:00:00:01,02:00:00:00:00:02,0x88b5,reverse,1,1088
1501,1787041225107198,l_left,4,outgoing,256,02:00:00:00:00:01,02:00:00:00:00:02,0x88b5,reverse,1,1089
1502,1787041225307104,l_left,4,outgoing,256,02:00:00:00:00:01,02:00:00:00:00:02,0x88b5,reverse,1,1090
1503,1787041225307167,l_left,4,outgoing,256,02:00:00:00:00:01,02:00:00:00:00:02,0x88b5,reverse,1,1091
1504,1787041225307199,l_left,4,outgoing,256,02:00:00:00:00:01,02:00:00:00:00:02,0x88b5,reverse,1,1092
1505,1787041225307218,l_left,4,outgoing,256,02:00:00:00:00:01,02:00:00:00:00:02,0x88b5,reverse,1,1093
1506,1787041225307251,l_left,4,outgoing,256,02:00:00:00:00:01,02:00:00:00:00:02,0x88b5,reverse,1,1094
1507,1787041225307268,l_left,4,outgoing,256,02:00:00:00:00:01,02:00:00:00:00:02,0x88b5,reverse,1,1095
1508,1787041225307498,l_left,4,outgoing,256,02:00:00:00:00:01,02:00:00:00:00:02,0x88b5,reverse,1,1096
1509,1787041225307744,l_left,4,outgoing,256,02:00:00:00:00:01,02:00:00:00:00:02,0x88b5,reverse,1,1097
1510,1787041225307995,l_left,4,outgoing,256,02:00:00:00:00:01,02:00:00:00:00:02,0x88b5,reverse,1,1098
1511,1787041225308292,l_left,4,outgoing,256,02:00:00:00:00:01,02:00:00:00:00:02,0x88b5,reverse,1,1099
1512,1787041225308506,l_left,4,outgoing,256,02:00:00:00:00:01,02:00:00:00:00:02,0x88b5,reverse,1,1100
1513,1787041225308745,l_left,4,outgoing,256,02:00:00:00:00:01,02:00:00:00:00:02,0x88b5,reverse,1,1101
1514,1787041225308978,l_left,4,outgoing,256,02:00:00:00:00:01,02:00:00:00:00:02,0x88b5,reverse,1,1102
1515,1787041225309209,l_left,4,outgoing,256,02:00:00:00:00:01,02:00:00:00:00:02,0x88b5,reverse,1,1103
1516,1787041225309667,l_left,3,otherhost,256,02:00:00:00:00:02,02:00:00:00:00:01,0x88b5,forward,1,412
1517,1787041225309705,l_left,3,otherhost,256,02:00:00:00:00:02,02:00:00:00:00:01,0x88b5,forward,1,413
1518,1787041225316136,l_left,3,otherhost,256,02:00:00:00:00:02,02:00:00:00:00:01,0x88b5,forward,1,414
1519,1787041225316179,l_left,3,otherhost,256,02:00:00:00:00:02,02:00:00:00:00:01,0x88b5,forward,1,415
1520,1787041225316400,l_left,3,otherhost,256,02:00:00:00:00:02,02:00:00:00:00:01,0x88b5,forward,1,416
1521,1787041225316635,l_left,3,otherhost,256,02:00:00:00:00:02,02:00:00:00:00:01,0x88b5,forward,1,417
1522,1787041225317211,l_left,4,outgoing,256,02:00:00:00:00:01,02:00:00:00:00:02,0x88b5,reverse,1,1104
1523,1787041225317249,l_left,4,outgoing,256,02:00:00:00:00:01,02:00:00:00:00:02,0x88b5,reverse,1,1105
1524,1787041225517358,l_left,4,outgoing,256,02:00:00:00:00:01,02:00:00:00:00:02,0x88b5,reverse,1,1106
1525,1787041225517421,l_left,4,outgoing,256,02:00:00:00:00:01,02:00:00:00:00:02,0x88b5,reverse,1,1107
1526,1787041225517448,l_left,4,outgoing,256,02:00:00:00:00:01,02:00:00:00:00:02,0x88b5,reverse,1,1108
1527,1787041225517469,l_left,4,outgoing,256,02:00:00:00:00:01,02:00:00:00:00:02,0x88b5,reverse,1,1109
1528,1787041225517484,l_left,4,outgoing,256,02:00:00:00:00:01,02:00:00:00:00:02,0x88b5,reverse,1,1110
1529,1787041225517499,l_left,4,outgoing,256,02:00:00:00:00:01,02:00:00:00:00:02,0x88b5,reverse,1,1111
1530,1787041225517513,l_left,4,outgoing,256,02:00:00:00:00:01,02:00:00:00:00:02,0x88b5,reverse,1,1112
1531,1787041225517814,l_left,4,outgoing,256,02:00:00:00:00:01,02:00:00:00:00:02,0x88b5,reverse,1,1113
1532,1787041225517911,l_left,4,outgoing,256,02:00:00:00:00:01,02:00:00:00:00:02,0x88b5,reverse,1,1114
1533,1787041225518243,l_left,4,outgoing,256,02:00:00:00:00:01,02:00:00:00:00:02,0x88b5,reverse,1,1115
1534,1787041225518499,l_left,4,outgoing,256,02:00:00:00:00:01,02:00:00:00:00:02,0x88b5,reverse,1,1116
1535,1787041225518740,l_left,4,outgoing,256,02:00:00:00:00:01,02:00:00:00:00:02,0x88b5,reverse,1,1117
1536,1787041225518998,l_left,4,outgoing,256,02:00:00:00:00:01,02:00:00:00:00:02,0x88b5,reverse,1,1118
1537,1787041225519235,l_left,4,outgoing,256,02:00:00:00:00:01,02:00:00:00:00:02,0x88b5,reverse,1,1119
1538,1787041225519629,l_left,3,otherhost,256,02:00:00:00:00:02,02:00:00:00:00:01,0x88b5,forward,1,418
1539,1787041225519667,l_left,3,otherhost,256,02:00:00:00:00:02,02:00:00:00:00:01,0x88b5,forward,1,419
1540,1787041225526233,l_left,3,otherhost,256,02:00:00:00:00:02,02:00:00:00:00:01,0x88b5,forward,1,420
1541,1787041225526276,l_left,3,otherhost,256,02:00:00:00:00:02,02:00:00:00:00:01,0x88b5,forward,1,421
1542,1787041225526360,l_left,3,otherhost,256,02:00:00:00:00:02,02:00:00:00:00:01,0x88b5,forward,1,422
1543,1787041225526608,l_left,3,otherhost,256,02:00:00:00:00:02,02:00:00:00:00:01,0x88b5,forward,1,423
1544,1787041225527297,l_left,4,outgoing,256,02:00:00:00:00:01,02:00:00:00:00:02,0x88b5,reverse,1,1120
1545,1787041225527338,l_left,4,outgoing,256,02:00:00:00:00:01,02:00:00:00:00:02,0x88b5,reverse,1,1121
1546,1787041225726996,l_left,4,outgoing,256,02:00:00:00:00:01,02:00:00:00:00:02,0x88b5,reverse,1,1122
1547,1787041225727059,l_left,4,outgoing,256,02:00:00:00:00:01,02:00:00:00:00:02,0x88b5,reverse,1,1123
1548,1787041225727081,l_left,4,outgoing,256,02:00:00:00:00:01,02:00:00:00:00:02,0x88b5,reverse,1,1124
1549,1787041225727099,l_left,4,outgoing,256,02:00:00:00:00:01,02:00:00:00:00:02,0x88b5,reverse,1,1125
1550,1787041225727115,l_left,4,outgoing,256,02:00:00:00:00:01,02:00:00:00:00:02,0x88b5,reverse,1,1126
1551,1787041225727131,l_left,4,outgoing,256,02:00:00:00:00:01,02:00:00:00:00:02,0x88b5,reverse,1,1127
1552,1787041225727483,l_left,4,outgoing,256,02:00:00:00:00:01,02:00:00:00:00:02,0x88b5,reverse,1,1128
1553,1787041225727738,l_left,4,outgoing,256,02:00:00:00:00:01,02:00:00:00:00:02,0x88b5,reverse,1,1129
1554,1787041225727993,l_left,4,outgoing,256,02:00:00:00:00:01,02:00:00:00:00:02,0x88b5,reverse,1,1130
1555,1787041225728251,l_left,4,outgoing,256,02:00:00:00:00:01,02:00:00:00:00:02,0x88b5,reverse,1,1131
1556,1787041225728496,l_left,4,outgoing,256,02:00:00:00:00:01,02:00:00:00:00:02,0x88b5,reverse,1,1132
1557,1787041225728750,l_left,4,outgoing,256,02:00:00:00:00:01,02:00:00:00:00:02,0x88b5,reverse,1,1133
1558,1787041225728980,l_left,4,outgoing,256,02:00:00:00:00:01,02:00:00:00:00:02,0x88b5,reverse,1,1134
1559,1787041225729201,l_left,4,outgoing,256,02:00:00:00:00:01,02:00:00:00:00:02,0x88b5,reverse,1,1135
1560,1787041225729688,l_left,3,otherhost,256,02:00:00:00:00:02,02:00:00:00:00:01,0x88b5,forward,1,424
1561,1787041225729713,l_left,3,otherhost,256,02:00:00:00:00:02,02:00:00:00:00:01,0x88b5,forward,1,425
1562,1787041225736178,l_left,3,otherhost,256,02:00:00:00:00:02,02:00:00:00:00:01,0x88b5,forward,1,426
1563,1787041225736227,l_left,3,otherhost,256,02:00:00:00:00:02,02:00:00:00:00:01,0x88b5,forward,1,427
1564,1787041225736457,l_left,3,otherhost,256,02:00:00:00:00:02,02:00:00:00:00:01,0x88b5,forward,1,428
1565,1787041225736635,l_left,3,otherhost,256,02:00:00:00:00:02,02:00:00:00:00:01,0x88b5,forward,1,429
1566,1787041225737173,l_left,4,outgoing,256,02:00:00:00:00:01,02:00:00:00:00:02,0x88b5,reverse,1,1136
1567,1787041225737196,l_left,4,outgoing,256,02:00:00:00:00:01,02:00:00:00:00:02,0x88b5,reverse,1,1137
1568,1787041225936761,l_left,4,outgoing,256,02:00:00:00:00:01,02:00:00:00:00:02,0x88b5,reverse,1,1138
1569,1787041225936825,l_left,4,outgoing,256,02:00:00:00:00:01,02:00:00:00:00:02,0x88b5,reverse,1,1139
1570,1787041225936848,l_left,4,outgoing,256,02:00:00:00:00:01,02:00:00:00:00:02,0x88b5,reverse,1,1140
1571,1787041225936865,l_left,4,outgoing,256,02:00:00:00:00:01,02:00:00:00:00:02,0x88b5,reverse,1,1141
1572,1787041225936950,l_left,4,outgoing,256,02:00:00:00:00:01,02:00:00:00:00:02,0x88b5,reverse,1,1142
1573,1787041225937243,l_left,4,outgoing,256,02:00:00:00:00:01,02:00:00:00:00:02,0x88b5,reverse,1,1143
1574,1787041225938009,l_left,4,outgoing,256,02:00:00:00:00:01,02:00:00:00:00:02,0x88b5,reverse,1,1144
1575,1787041225938047,l_left,4,outgoing,256,02:00:00:00:00:01,02:00:00:00:00:02,0x88b5,reverse,1,1145
1576,1787041225938069,l_left,4,outgoing,256,02:00:00:00:00:01,02:00:00:00:00:02,0x88b5,reverse,1,1146
1577,1787041225938151,l_left,4,outgoing,256,02:00:00:00:00:01,02:00:00:00:00:02,0x88b5,reverse,1,1147
1578,1787041225938490,l_left,4,outgoing,256,02:00:00:00:00:01,02:00:00:00:00:02,0x88b5,reverse,1,1148
1579,1787041225938745,l_left,4,outgoing,256,02:00:00:00:00:01,02:00:00:00:00:02,0x88b5,reverse,1,1149
1580,1787041225938996,l_left,4,outgoing,256,02:00:00:00:00:01,02:00:00:00:00:02,0x88b5,reverse,1,1150
1581,1787041225939236,l_left,4,outgoing,256,02:00:00:00:00:01,02:00:00:00:00:02,0x88b5,reverse,1,1151
1582,1787041225939666,l_left,3,otherhost,256,02:00:00:00:00:02,02:00:00:00:00:01,0x88b5,forward,1,430
1583,1787041225939704,l_left,3,otherhost,256,02:00:00:00:00:02,02:00:00:00:00:01,0x88b5,forward,1,431
1584,1787041225946153,l_left,3,otherhost,256,02:00:00:00:00:02,02:00:00:00:00:01,0x88b5,forward,1,432
1585,1787041225946189,l_left,3,otherhost,256,02:00:00:00:00:02,02:00:00:00:00:01,0x88b5,forward,1,433
1586,1787041225946386,l_left,3,otherhost,256,02:00:00:00:00:02,02:00:00:00:00:01,0x88b5,forward,1,434
1587,1787041225946641,l_left,3,otherhost,256,02:00:00:00:00:02,02:00:00:00:00:01,0x88b5,forward,1,435
1588,1787041225947142,l_left,4,outgoing,256,02:00:00:00:00:01,02:00:00:00:00:02,0x88b5,reverse,1,1152
1589,1787041225947179,l_left,4,outgoing,256,02:00:00:00:00:01,02:00:00:00:00:02,0x88b5,reverse,1,1153
1590,1787041226147489,l_left,4,outgoing,256,02:00:00:00:00:01,02:00:00:00:00:02,0x88b5,reverse,1,1154
1591,1787041226147553,l_left,4,outgoing,256,02:00:00:00:00:01,02:00:00:00:00:02,0x88b5,reverse,1,1155
1592,1787041226147576,l_left,4,outgoing,256,02:00:00:00:00:01,02:00:00:00:00:02,0x88b5,reverse,1,1156
1593,1787041226147593,l_left,4,outgoing,256,02:00:00:00:00:01,02:00:00:00:00:02,0x88b5,reverse,1,1157
1594,1787041226147609,l_left,4,outgoing,256,02:00:00:00:00:01,02:00:00:00:00:02,0x88b5,reverse,1,1158
1595,1787041226147624,l_left,4,outgoing,256,02:00:00:00:00:01,02:00:00:00:00:02,0x88b5,reverse,1,1159
1596,1787041226147647,l_left,4,outgoing,256,02:00:00:00:00:01,02:00:00:00:00:02,0x88b5,reverse,1,1160
1597,1787041226147664,l_left,4,outgoing,256,02:00:00:00:00:01,02:00:00:00:00:02,0x88b5,reverse,1,1161
1598,1787041226147983,l_left,4,outgoing,256,02:00:00:00:00:01,02:00:00:00:00:02,0x88b5,reverse,1,1162
1599,1787041226148245,l_left,4,outgoing,256,02:00:00:00:00:01,02:00:00:00:00:02,0x88b5,reverse,1,1163
1600,1787041226148503,l_left,4,outgoing,256,02:00:00:00:00:01,02:00:00:00:00:02,0x88b5,reverse,1,1164
1601,1787041226148708,l_left,4,outgoing,256,02:00:00:00:00:01,02:00:00:00:00:02,0x88b5,reverse,1,1165
1602,1787041226148990,l_left,4,outgoing,256,02:00:00:00:00:01,02:00:00:00:00:02,0x88b5,reverse,1,1166
1603,1787041226149244,l_left,4,outgoing,256,02:00:00:00:00:01,02:00:00:00:00:02,0x88b5,reverse,1,1167
1604,1787041226149646,l_left,3,otherhost,256,02:00:00:00:00:02,02:00:00:00:00:01,0x88b5,forward,1,436
1605,1787041226149684,l_left,3,otherhost,256,02:00:00:00:00:02,02:00:00:00:00:01,0x88b5,forward,1,437
1606,1787041226156190,l_left,3,otherhost,256,02:00:00:00:00:02,02:00:00:00:00:01,0x88b5,forward,1,438
1607,1787041226156239,l_left,3,otherhost,256,02:00:00:00:00:02,02:00:00:00:00:01,0x88b5,forward,1,439
1608,1787041226156495,l_left,3,otherhost,256,02:00:00:00:00:02,02:00:00:00:00:01,0x88b5,forward,1,440
1609,1787041226156638,l_left,3,otherhost,256,02:00:00:00:00:02,02:00:00:00:00:01,0x88b5,forward,1,441
1610,1787041226157206,l_left,4,outgoing,256,02:00:00:00:00:01,02:00:00:00:00:02,0x88b5,reverse,1,1168
1611,1787041226157242,l_left,4,outgoing,256,02:00:00:00:00:01,02:00:00:00:00:02,0x88b5,reverse,1,1169
1612,1787041226357228,l_left,4,outgoing,256,02:00:00:00:00:01,02:00:00:00:00:02,0x88b5,reverse,1,1170
1613,1787041226357299,l_left,4,outgoing,256,02:00:00:00:00:01,02:00:00:00:00:02,0x88b5,reverse,1,1171
1614,1787041226357330,l_left,4,outgoing,256,02:00:00:00:00:01,02:00:00:00:00:02,0x88b5,reverse,1,1172
1615,1787041226357348,l_left,4,outgoing,256,02:00:00:00:00:01,02:00:00:00:00:02,0x88b5,reverse,1,1173
1616,1787041226357364,l_left,4,outgoing,256,02:00:00:00:00:01,02:00:00:00:00:02,0x88b5,reverse,1,1174
1617,1787041226357379,l_left,4,outgoing,256,02:00:00:00:00:01,02:00:00:00:00:02,0x88b5,reverse,1,1175
1618,1787041226357394,l_left,4,outgoing,256,02:00:00:00:00:01,02:00:00:00:00:02,0x88b5,reverse,1,1176
1619,1787041226357745,l_left,4,outgoing,256,02:00:00:00:00:01,02:00:00:00:00:02,0x88b5,reverse,1,1177
1620,1787041226358007,l_left,4,outgoing,256,02:00:00:00:00:01,02:00:00:00:00:02,0x88b5,reverse,1,1178
1621,1787041226358212,l_left,4,outgoing,256,02:00:00:00:00:01,02:00:00:00:00:02,0x88b5,reverse,1,1179
1622,1787041226358447,l_left,4,outgoing,256,02:00:00:00:00:01,02:00:00:00:00:02,0x88b5,reverse,1,1180
1623,1787041226358734,l_left,4,outgoing,256,02:00:00:00:00:01,02:00:00:00:00:02,0x88b5,reverse,1,1181
1624,1787041226358986,l_left,4,outgoing,256,02:00:00:00:00:01,02:00:00:00:00:02,0x88b5,reverse,1,1182
1625,1787041226359189,l_left,4,outgoing,256,02:00:00:00:00:01,02:00:00:00:00:02,0x88b5,reverse,1,1183
1626,1787041226359583,l_left,3,otherhost,256,02:00:00:00:00:02,02:00:00:00:00:01,0x88b5,forward,1,442
1627,1787041226359621,l_left,3,otherhost,256,02:00:00:00:00:02,02:00:00:00:00:01,0x88b5,forward,1,443
1628,1787041226366139,l_left,3,otherhost,256,02:00:00:00:00:02,02:00:00:00:00:01,0x88b5,forward,1,444
1629,1787041226366175,l_left,3,otherhost,256,02:00:00:00:00:02,02:00:00:00:00:01,0x88b5,forward,1,445
1630,1787041226366367,l_left,3,otherhost,256,02:00:00:00:00:02,02:00:00:00:00:01,0x88b5,forward,1,446
1631,1787041226366613,l_left,3,otherhost,256,02:00:00:00:00:02,02:00:00:00:00:01,0x88b5,forward,1,447
1632,1787041226367204,l_left,4,outgoing,256,02:00:00:00:00:01,02:00:00:00:00:02,0x88b5,reverse,1,1184
1633,1787041226367238,l_left,4,outgoing,256,02:00:00:00:00:01,02:00:00:00:00:02,0x88b5,reverse,1,1185
1634,1787041226566938,l_left,4,outgoing,256,02:00:00:00:00:01,02:00:00:00:00:02,0x88b5,reverse,1,1186
1635,1787041226567000,l_left,4,outgoing,256,02:00:00:00:00:01,02:00:00:00:00:02,0x88b5,reverse,1,1187
1636,1787041226567022,l_left,4,outgoing,256,02:00:00:00:00:01,02:00:00:00:00:02,0x88b5,reverse,1,1188
1637,1787041226567045,l_left,4,outgoing,256,02:00:00:00:00:01,02:00:00:00:00:02,0x88b5,reverse,1,1189
1638,1787041226567065,l_left,4,outgoing,256,02:00:00:00:00:01,02:00:00:00:00:02,0x88b5,reverse,1,1190
1639,1787041226567290,l_left,4,outgoing,256,02:00:00:00:00:01,02:00:00:00:00:02,0x88b5,reverse,1,1191
1640,1787041226567496,l_left,4,outgoing,256,02:00:00:00:00:01,02:00:00:00:00:02,0x88b5,reverse,1,1192
1641,1787041226567749,l_left,4,outgoing,256,02:00:00:00:00:01,02:00:00:00:00:02,0x88b5,reverse,1,1193
1642,1787041226567991,l_left,4,outgoing,256,02:00:00:00:00:01,02:00:00:00:00:02,0x88b5,reverse,1,1194
1643,1787041226568246,l_left,4,outgoing,256,02:00:00:00:00:01,02:00:00:00:00:02,0x88b5,reverse,1,1195
1644,1787041226568484,l_left,4,outgoing,256,02:00:00:00:00:01,02:00:00:00:00:02,0x88b5,reverse,1,1196
1645,1787041226568658,l_left,4,outgoing,256,02:00:00:00:00:01,02:00:00:00:00:02,0x88b5,reverse,1,1197
1646,1787041226568898,l_left,4,outgoing,256,02:00:00:00:00:01,02:00:00:00:00:02,0x88b5,reverse,1,1198
1647,1787041226569123,l_left,4,outgoing,256,02:00:00:00:00:01,02:00:00:00:00:02,0x88b5,reverse,1,1199
1648,1787041226569634,l_left,3,otherhost,256,02:00:00:00:00:02,02:00:00:00:00:01,0x88b5,forward,1,448
1649,1787041226569656,l_left,3,otherhost,256,02:00:00:00:00:02,02:00:00:00:00:01,0x88b5,forward,1,449
1650,1787041226576158,l_left,3,otherhost,256,02:00:00:00:00:02,02:00:00:00:00:01,0x88b5,forward,1,450
1651,1787041226576178,l_left,3,otherhost,256,02:00:00:00:00:02,02:00:00:00:00:01,0x88b5,forward,1,451
1652,1787041226576357,l_left,3,otherhost,256,02:00:00:00:00:02,02:00:00:00:00:01,0x88b5,forward,1,452
1653,1787041226576607,l_left,3,otherhost,256,02:00:00:00:00:02,02:00:00:00:00:01,0x88b5,forward,1,453
1654,1787041226577163,l_left,4,outgoing,256,02:00:00:00:00:01,02:00:00:00:00:02,0x88b5,reverse,1,1200
1655,1787041226577187,l_left,4,outgoing,256,02:00:00:00:00:01,02:00:00:00:00:02,0x88b5,reverse,1,1201
1656,1787041226776935,l_left,4,outgoing,256,02:00:00:00:00:01,02:00:00:00:00:02,0x88b5,reverse,1,1202
1657,1787041226776998,l_left,4,outgoing,256,02:00:00:00:00:01,02:00:00:00:00:02,0x88b5,reverse,1,1203
1658,1787041226777020,l_left,4,outgoing,256,02:00:00:00:00:01,02:00:00:00:00:02,0x88b5,reverse,1,1204
1659,1787041226777066,l_left,4,outgoing,256,02:00:00:00:00:01,02:00:00:00:00:02,0x88b5,reverse,1,1205
1660,1787041226777087,l_left,4,outgoing,256,02:00:00:00:00:01,02:00:00:00:00:02,0x88b5,reverse,1,1206
1661,1787041226777230,l_left,4,outgoing,256,02:00:00:00:00:01,02:00:00:00:00:02,0x88b5,reverse,1,1207
1662,1787041226777473,l_left,4,outgoing,256,02:00:00:00:00:01,02:00:00:00:00:02,0x88b5,reverse,1,1208
1663,1787041226777734,l_left,4,outgoing,256,02:00:00:00:00:01,02:00:00:00:00:02,0x88b5,reverse,1,1209
1664,1787041226777994,l_left,4,outgoing,256,02:00:00:00:00:01,02:00:00:00:00:02,0x88b5,reverse,1,1210
1665,1787041226778245,l_left,4,outgoing,256,02:00:00:00:00:01,02:00:00:00:00:02,0x88b5,reverse,1,1211
1666,1787041226778485,l_left,4,outgoing,256,02:00:00:00:00:01,02:00:00:00:00:02,0x88b5,reverse,1,1212
1667,1787041226778631,l_left,4,outgoing,256,02:00:00:00:00:01,02:00:00:00:00:02,0x88b5,reverse,1,1213
1668,1787041226778917,l_left,4,outgoing,256,02:00:00:00:00:01,02:00:00:00:00:02,0x88b5,reverse,1,1214
1669,1787041226779143,l_left,4,outgoing,256,02:00:00:00:00:01,02:00:00:00:00:02,0x88b5,reverse,1,1215
1670,1787041226779759,l_left,3,otherhost,256,02:00:00:00:00:02,02:00:00:00:00:01,0x88b5,forward,1,454
1671,1787041226779797,l_left,3,otherhost,256,02:00:00:00:00:02,02:00:00:00:00:01,0x88b5,forward,1,455
1672,1787041226786182,l_left,3,otherhost,256,02:00:00:00:00:02,02:00:00:00:00:01,0x88b5,forward,1,456
1673,1787041226786220,l_left,3,otherhost,256,02:00:00:00:00:02,02:00:00:00:00:01,0x88b5,forward,1,457
1674,1787041226786401,l_left,3,otherhost,256,02:00:00:00:00:02,02:00:00:00:00:01,0x88b5,forward,1,458
1675,1787041226786645,l_left,3,otherhost,256,02:00:00:00:00:02,02:00:00:00:00:01,0x88b5,forward,1,459
1676,1787041226787201,l_left,4,outgoing,256,02:00:00:00:00:01,02:00:00:00:00:02,0x88b5,reverse,1,1216
1677,1787041226787241,l_left,4,outgoing,256,02:00:00:00:00:01,02:00:00:00:00:02,0x88b5,reverse,1,1217
1678,1787041226987193,l_left,4,outgoing,256,02:00:00:00:00:01,02:00:00:00:00:02,0x88b5,reverse,1,1218
1679,1787041226987257,l_left,4,outgoing,256,02:00:00:00:00:01,02:00:00:00:00:02,0x88b5,reverse,1,1219
1680,1787041226987279,l_left,4,outgoing,256,02:00:00:00:00:01,02:00:00:00:00:02,0x88b5,reverse,1,1220
1681,1787041226987296,l_left,4,outgoing,256,02:00:00:00:00:01,02:00:00:00:00:02,0x88b5,reverse,1,1221
1682,1787041226987312,l_left,4,outgoing,256,02:00:00:00:00:01,02:00:00:00:00:02,0x88b5,reverse,1,1222
1683,1787041226987327,l_left,4,outgoing,256,02:00:00:00:00:01,02:00:00:00:00:02,0x88b5,reverse,1,1223
1684,1787041226987371,l_left,4,outgoing,256,02:00:00:00:00:01,02:00:00:00:00:02,0x88b5,reverse,1,1224
1685,1787041226987782,l_left,4,outgoing,256,02:00:00:00:00:01,02:00:00:00:00:02,0x88b5,reverse,1,1225
1686,1787041226987991,l_left,4,outgoing,256,02:00:00:00:00:01,02:00:00:00:00:02,0x88b5,reverse,1,1226
1687,1787041226988255,l_left,4,outgoing,256,02:00:00:00:00:01,02:00:00:00:00:02,0x88b5,reverse,1,1227
1688,1787041226988495,l_left,4,outgoing,256,02:00:00:00:00:01,02:00:00:00:00:02,0x88b5,reverse,1,1228
1689,1787041226988753,l_left,4,outgoing,256,02:00:00:00:00:01,02:00:00:00:00:02,0x88b5,reverse,1,1229
1690,1787041226988985,l_left,4,outgoing,256,02:00:00:00:00:01,02:00:00:00:00:02,0x88b5,reverse,1,1230
1691,1787041226989217,l_left,4,outgoing,256,02:00:00:00:00:01,02:00:00:00:00:02,0x88b5,reverse,1,1231
1692,1787041226989541,l_left,3,otherhost,256,02:00:00:00:00:02,02:00:00:00:00:01,0x88b5,forward,1,460
1693,1787041226989590,l_left,3,otherhost,256,02:00:00:00:00:02,02:00:00:00:00:01,0x88b5,forward,1,461
1694,1787041226996102,l_left,3,otherhost,256,02:00:00:00:00:02,02:00:00:00:00:01,0x88b5,forward,1,462
1695,1787041226996147,l_left,3,otherhost,256,02:00:00:00:00:02,02:00:00:00:00:01,0x88b5,forward,1,463
1696,1787041226996400,l_left,3,otherhost,256,02:00:00:00:00:02,02:00:00:00:00:01,0x88b5,forward,1,464
1697,1787041226996607,l_left,3,otherhost,256,02:00:00:00:00:02,02:00:00:00:00:01,0x88b5,forward,1,465
1698,1787041226997182,l_left,4,outgoing,256,02:00:00:00:00:01,02:00:00:00:00:02,0x88b5,reverse,1,1232
1699,1787041226997217,l_left,4,outgoing,256,02:00:00:00:00:01,02:00:00:00:00:02,0x88b5,reverse,1,1233
1700,1787041227197299,l_left,4,outgoing,256,02:00:00:00:00:01,02:00:00:00:00:02,0x88b5,reverse,1,1234
1701,1787041227197472,l_left,4,outgoing,256,02:00:00:00:00:01,02:00:00:00:00:02,0x88b5,reverse,1,1235
1702,1787041227197494,l_left,4,outgoing,256,02:00:00:00:00:01,02:00:00:00:00:02,0x88b5,reverse,1,1236
1703,1787041227197517,l_left,4,outgoing,256,02:00:00:00:00:01,02:00:00:00:00:02,0x88b5,reverse,1,1237
1704,1787041227197533,l_left,4,outgoing,256,02:00:00:00:00:01,02:00:00:00:00:02,0x88b5,reverse,1,1238
1705,1787041227197549,l_left,4,outgoing,256,02:00:00:00:00:01,02:00:00:00:00:02,0x88b5,reverse,1,1239
1706,1787041227197565,l_left,4,outgoing,256,02:00:00:00:00:01,02:00:00:00:00:02,0x88b5,reverse,1,1240
1707,1787041227197653,l_left,4,outgoing,256,02:00:00:00:00:01,02:00:00:00:00:02,0x88b5,reverse,1,1241
1708,1787041227197985,l_left,4,outgoing,256,02:00:00:00:00:01,02:00:00:00:00:02,0x88b5,reverse,1,1242
1709,1787041227198236,l_left,4,outgoing,256,02:00:00:00:00:01,02:00:00:00:00:02,0x88b5,reverse,1,1243
1710,1787041227198491,l_left,4,outgoing,256,02:00:00:00:00:01,02:00:00:00:00:02,0x88b5,reverse,1,1244
1711,1787041227198745,l_left,4,outgoing,256,02:00:00:00:00:01,02:00:00:00:00:02,0x88b5,reverse,1,1245
1712,1787041227198990,l_left,4,outgoing,256,02:00:00:00:00:01,02:00:00:00:00:02,0x88b5,reverse,1,1246
1713,1787041227199233,l_left,4,outgoing,256,02:00:00:00:00:01,02:00:00:00:00:02,0x88b5,reverse,1,1247
1714,1787041227199708,l_left,3,otherhost,256,02:00:00:00:00:02,02:00:00:00:00:01,0x88b5,forward,1,466
1715,1787041227199747,l_left,3,otherhost,256,02:00:00:00:00:02,02:00:00:00:00:01,0x88b5,forward,1,467
1716,1787041227206176,l_left,3,otherhost,256,02:00:00:00:00:02,02:00:00:00:00:01,0x88b5,forward,1,468
1717,1787041227206225,l_left,3,otherhost,256,02:00:00:00:00:02,02:00:00:00:00:01,0x88b5,forward,1,469
1718,1787041227206414,l_left,3,otherhost,256,02:00:00:00:00:02,02:00:00:00:00:01,0x88b5,forward,1,470
1719,1787041227206619,l_left,3,otherhost,256,02:00:00:00:00:02,02:00:00:00:00:01,0x88b5,forward,1,471
1720,1787041227207219,l_left,4,outgoing,256,02:00:00:00:00:01,02:00:00:00:00:02,0x88b5,reverse,1,1248
1721,1787041227207255,l_left,4,outgoing,256,02:00:00:00:00:01,02:00:00:00:00:02,0x88b5,reverse,1,1249
1722,1787041227406916,l_left,4,outgoing,256,02:00:00:00:00:01,02:00:00:00:00:02,0x88b5,reverse,1,1250
1723,1787041227406978,l_left,4,outgoing,256,02:00:00:00:00:01,02:00:00:00:00:02,0x88b5,reverse,1,1251
1724,1787041227407000,l_left,4,outgoing,256,02:00:00:00:00:01,02:00:00:00:00:02,0x88b5,reverse,1,1252
1725,1787041227407018,l_left,4,outgoing,256,02:00:00:00:00:01,02:00:00:00:00:02,0x88b5,reverse,1,1253
1726,1787041227407034,l_left,4,outgoing,256,02:00:00:00:00:01,02:00:00:00:00:02,0x88b5,reverse,1,1254
1727,1787041227407133,l_left,4,outgoing,256,02:00:00:00:00:01,02:00:00:00:00:02,0x88b5,reverse,1,1255
1728,1787041227407485,l_left,4,outgoing,256,02:00:00:00:00:01,02:00:00:00:00:02,0x88b5,reverse,1,1256
1729,1787041227407745,l_left,4,outgoing,256,02:00:00:00:00:01,02:00:00:00:00:02,0x88b5,reverse,1,1257
1730,1787041227407988,l_left,4,outgoing,256,02:00:00:00:00:01,02:00:00:00:00:02,0x88b5,reverse,1,1258
1731,1787041227408243,l_left,4,outgoing,256,02:00:00:00:00:01,02:00:00:00:00:02,0x88b5,reverse,1,1259
1732,1787041227408485,l_left,4,outgoing,256,02:00:00:00:00:01,02:00:00:00:00:02,0x88b5,reverse,1,1260
1733,1787041227408708,l_left,4,outgoing,256,02:00:00:00:00:01,02:00:00:00:00:02,0x88b5,reverse,1,1261
1734,1787041227408904,l_left,4,outgoing,256,02:00:00:00:00:01,02:00:00:00:00:02,0x88b5,reverse,1,1262
1735,1787041227409156,l_left,4,outgoing,256,02:00:00:00:00:01,02:00:00:00:00:02,0x88b5,reverse,1,1263
1736,1787041227409547,l_left,3,otherhost,256,02:00:00:00:00:02,02:00:00:00:00:01,0x88b5,forward,1,472
1737,1787041227409572,l_left,3,otherhost,256,02:00:00:00:00:02,02:00:00:00:00:01,0x88b5,forward,1,473
1738,1787041227416507,l_left,3,otherhost,256,02:00:00:00:00:02,02:00:00:00:00:01,0x88b5,forward,1,474
1739,1787041227416540,l_left,3,otherhost,256,02:00:00:00:00:02,02:00:00:00:00:01,0x88b5,forward,1,475
1740,1787041227416560,l_left,3,otherhost,256,02:00:00:00:00:02,02:00:00:00:00:01,0x88b5,forward,1,476
1741,1787041227416593,l_left,3,otherhost,256,02:00:00:00:00:02,02:00:00:00:00:01,0x88b5,forward,1,477
1742,1787041227417023,l_left,4,outgoing,256,02:00:00:00:00:01,02:00:00:00:00:02,0x88b5,reverse,1,1264
1743,1787041227417111,l_left,4,outgoing,256,02:00:00:00:00:01,02:00:00:00:00:02,0x88b5,reverse,1,1265
1744,1787041227617076,l_left,4,outgoing,256,02:00:00:00:00:01,02:00:00:00:00:02,0x88b5,reverse,1,1266
1745,1787041227617163,l_left,4,outgoing,256,02:00:00:00:00:01,02:00:00:00:00:02,0x88b5,reverse,1,1267
1746,1787041227617189,l_left,4,outgoing,256,02:00:00:00:00:01,02:00:00:00:00:02,0x88b5,reverse,1,1268
1747,1787041227617207,l_left,4,outgoing,256,02:00:00:00:00:01,02:00:00:00:00:02,0x88b5,reverse,1,1269
1748,1787041227617222,l_left,4,outgoing,256,02:00:00:00:00:01,02:00:00:00:00:02,0x88b5,reverse,1,1270
1749,1787041227617237,l_left,4,outgoing,256,02:00:00:00:00:01,02:00:00:00:00:02,0x88b5,reverse,1,1271
1750,1787041227617468,l_left,4,outgoing,256,02:00:00:00:00:01,02:00:00:00:00:02,0x88b5,reverse,1,1272
1751,1787041227617734,l_left,4,outgoing,256,02:00:00:00:00:01,02:00:00:00:00:02,0x88b5,reverse,1,1273
1752,1787041227617994,l_left,4,outgoing,256,02:00:00:00:00:01,02:00:00:00:00:02,0x88b5,reverse,1,1274
1753,1787041227618235,l_left,4,outgoing,256,02:00:00:00:00:01,02:00:00:00:00:02,0x88b5,reverse,1,1275
1754,1787041227618501,l_left,4,outgoing,256,02:00:00:00:00:01,02:00:00:00:00:02,0x88b5,reverse,1,1276
1755,1787041227618728,l_left,4,outgoing,256,02:00:00:00:00:01,02:00:00:00:00:02,0x88b5,reverse,1,1277
1756,1787041227618958,l_left,4,outgoing,256,02:00:00:00:00:01,02:00:00:00:00:02,0x88b5,reverse,1,1278
1757,1787041227619189,l_left,4,outgoing,256,02:00:00:00:00:01,02:00:00:00:00:02,0x88b5,reverse,1,1279
1758,1787041227619638,l_left,3,otherhost,256,02:00:00:00:00:02,02:00:00:00:00:01,0x88b5,forward,1,478
1759,1787041227619662,l_left,3,otherhost,256,02:00:00:00:00:02,02:00:00:00:00:01,0x88b5,forward,1,479
1760,1787041227626141,l_left,3,otherhost,256,02:00:00:00:00:02,02:00:00:00:00:01,0x88b5,forward,1,480
1761,1787041227626187,l_left,3,otherhost,256,02:00:00:00:00:02,02:00:00:00:00:01,0x88b5,forward,1,481
1762,1787041227626358,l_left,3,otherhost,256,02:00:00:00:00:02,02:00:00:00:00:01,0x88b5,forward,1,482
1763,1787041227626605,l_left,3,otherhost,256,02:00:00:00:00:02,02:00:00:00:00:01,0x88b5,forward,1,483
1764,1787041227627175,l_left,4,outgoing,256,02:00:00:00:00:01,02:00:00:00:00:02,0x88b5,reverse,1,1280
1765,1787041227627208,l_left,4,outgoing,256,02:00:00:00:00:01,02:00:00:00:00:02,0x88b5,reverse,1,1281
1766,1787041227827364,l_left,4,outgoing,256,02:00:00:00:00:01,02:00:00:00:00:02,0x88b5,reverse,1,1282
1767,1787041227827427,l_left,4,outgoing,256,02:00:00:00:00:01,02:00:00:00:00:02,0x88b5,reverse,1,1283
1768,1787041227827457,l_left,4,outgoing,256,02:00:00:00:00:01,02:00:00:00:00:02,0x88b5,reverse,1,1284
1769,1787041227827475,l_left,4,outgoing,256,02:00:00:00:00:01,02:00:00:00:00:02,0x88b5,reverse,1,1285
1770,1787041227827491,l_left,4,outgoing,256,02:00:00:00:00:01,02:00:00:00:00:02,0x88b5,reverse,1,1286
1771,1787041227827506,l_left,4,outgoing,256,02:00:00:00:00:01,02:00:00:00:00:02,0x88b5,reverse,1,1287
1772,1787041227827526,l_left,4,outgoing,256,02:00:00:00:00:01,02:00:00:00:00:02,0x88b5,reverse,1,1288
1773,1787041227827746,l_left,4,outgoing,256,02:00:00:00:00:01,02:00:00:00:00:02,0x88b5,reverse,1,1289
1774,1787041227827993,l_left,4,outgoing,256,02:00:00:00:00:01,02:00:00:00:00:02,0x88b5,reverse,1,1290
1775,1787041227828244,l_left,4,outgoing,256,02:00:00:00:00:01,02:00:00:00:00:02,0x88b5,reverse,1,1291
1776,1787041227828494,l_left,4,outgoing,256,02:00:00:00:00:01,02:00:00:00:00:02,0x88b5,reverse,1,1292
1777,1787041227828740,l_left,4,outgoing,256,02:00:00:00:00:01,02:00:00:00:00:02,0x88b5,reverse,1,1293
1778,1787041227828993,l_left,4,outgoing,256,02:00:00:00:00:01,02:00:00:00:00:02,0x88b5,reverse,1,1294
1779,1787041227829229,l_left,4,outgoing,256,02:00:00:00:00:01,02:00:00:00:00:02,0x88b5,reverse,1,1295
1780,1787041227829659,l_left,3,otherhost,256,02:00:00:00:00:02,02:00:00:00:00:01,0x88b5,forward,1,484
1781,1787041227829690,l_left,3,otherhost,256,02:00:00:00:00:02,02:00:00:00:00:01,0x88b5,forward,1,485
1782,1787041227836190,l_left,3,otherhost,256,02:00:00:00:00:02,02:00:00:00:00:01,0x88b5,forward,1,486
1783,1787041227836234,l_left,3,otherhost,256,02:00:00:00:00:02,02:00:00:00:00:01,0x88b5,forward,1,487
1784,1787041227836441,l_left,3,otherhost,256,02:00:00:00:00:02,02:00:00:00:00:01,0x88b5,forward,1,488
1785,1787041227836606,l_left,3,otherhost,256,02:00:00:00:00:02,02:00:00:00:00:01,0x88b5,forward,1,489
1786,1787041227837224,l_left,4,outgoing,256,02:00:00:00:00:01,02:00:00:00:00:02,0x88b5,reverse,1,1296
1787,1787041227837259,l_left,4,outgoing,256,02:00:00:00:00:01,02:00:00:00:00:02,0x88b5,reverse,1,1297
1788,1787041228037501,l_left,4,outgoing,256,02:00:00:00:00:01,02:00:00:00:00:02,0x88b5,reverse,1,1298
1789,1787041228037563,l_left,4,outgoing,256,02:00:00:00:00:01,02:00:00:00:00:02,0x88b5,reverse,1,1299
1790,1787041228037586,l_left,4,outgoing,256,02:00:00:00:00:01,02:00:00:00:00:02,0x88b5,reverse,1,1300
1791,1787041228037604,l_left,4,outgoing,256,02:00:00:00:00:01,02:00:00:00:00:02,0x88b5,reverse,1,1301
1792,1787041228037620,l_left,4,outgoing,256,02:00:00:00:00:01,02:00:00:00:00:02,0x88b5,reverse,1,1302
1793,1787041228037635,l_left,4,outgoing,256,02:00:00:00:00:01,02:00:00:00:00:02,0x88b5,reverse,1,1303
1794,1787041228037657,l_left,4,outgoing,256,02:00:00:00:00:01,02:00:00:00:00:02,0x88b5,reverse,1,1304
1795,1787041228037715,l_left,4,outgoing,256,02:00:00:00:00:01,02:00:00:00:00:02,0x88b5,reverse,1,1305
1796,1787041228037992,l_left,4,outgoing,256,02:00:00:00:00:01,02:00:00:00:00:02,0x88b5,reverse,1,1306
1797,1787041228038242,l_left,4,outgoing,256,02:00:00:00:00:01,02:00:00:00:00:02,0x88b5,reverse,1,1307
1798,1787041228038448,l_left,4,outgoing,256,02:00:00:00:00:01,02:00:00:00:00:02,0x88b5,reverse,1,1308
1799,1787041228038734,l_left,4,outgoing,256,02:00:00:00:00:01,02:00:00:00:00:02,0x88b5,reverse,1,1309
1800,1787041228038991,l_left,4,outgoing,256,02:00:00:00:00:01,02:00:00:00:00:02,0x88b5,reverse,1,1310
1801,1787041228039232,l_left,4,outgoing,256,02:00:00:00:00:01,02:00:00:00:00:02,0x88b5,reverse,1,1311
1802,1787041228039783,l_left,3,otherhost,256,02:00:00:00:00:02,02:00:00:00:00:01,0x88b5,forward,1,490
1803,1787041228039821,l_left,3,otherhost,256,02:00:00:00:00:02,02:00:00:00:00:01,0x88b5,forward,1,491
1804,1787041228046142,l_left,3,otherhost,256,02:00:00:00:00:02,02:00:00:00:00:01,0x88b5,forward,1,492
1805,1787041228046185,l_left,3,otherhost,256,02:00:00:00:00:02,02:00:00:00:00:01,0x88b5,forward,1,493
1806,1787041228046358,l_left,3,otherhost,256,02:00:00:00:00:02,02:00:00:00:00:01,0x88b5,forward,1,494
1807,1787041228046611,l_left,3,otherhost,256,02:00:00:00:00:02,02:00:00:00:00:01,0x88b5,forward,1,495
1808,1787041228047175,l_left,4,outgoing,256,02:00:00:00:00:01,02:00:00:00:00:02,0x88b5,reverse,1,1312
1809,1787041228047210,l_left,4,outgoing,256,02:00:00:00:00:01,02:00:00:00:00:02,0x88b5,reverse,1,1313
1810,1787041228247330,l_left,4,outgoing,256,02:00:00:00:00:01,02:00:00:00:00:02,0x88b5,reverse,1,1314
1811,1787041228247394,l_left,4,outgoing,256,02:00:00:00:00:01,02:00:00:00:00:02,0x88b5,reverse,1,1315
1812,1787041228247417,l_left,4,outgoing,256,02:00:00:00:00:01,02:00:00:00:00:02,0x88b5,reverse,1,1316
1813,1787041228247434,l_left,4,outgoing,256,02:00:00:00:00:01,02:00:00:00:00:02,0x88b5,reverse,1,1317
1814,1787041228247460,l_left,4,outgoing,256,02:00:00:00:00:01,02:00:00:00:00:02,0x88b5,reverse,1,1318
1815,1787041228247480,l_left,4,outgoing,256,02:00:00:00:00:01,02:00:00:00:00:02,0x88b5,reverse,1,1319
1816,1787041228247496,l_left,4,outgoing,256,02:00:00:00:00:01,02:00:00:00:00:02,0x88b5,reverse,1,1320
1817,1787041228247649,l_left,4,outgoing,256,02:00:00:00:00:01,02:00:00:00:00:02,0x88b5,reverse,1,1321
1818,1787041228247985,l_left,4,outgoing,256,02:00:00:00:00:01,02:00:00:00:00:02,0x88b5,reverse,1,1322
1819,1787041228248235,l_left,4,outgoing,256,02:00:00:00:00:01,02:00:00:00:00:02,0x88b5,reverse,1,1323
1820,1787041228248490,l_left,4,outgoing,256,02:00:00:00:00:01,02:00:00:00:00:02,0x88b5,reverse,1,1324
1821,1787041228248745,l_left,4,outgoing,256,02:00:00:00:00:01,02:00:00:00:00:02,0x88b5,reverse,1,1325
1822,1787041228248998,l_left,4,outgoing,256,02:00:00:00:00:01,02:00:00:00:00:02,0x88b5,reverse,1,1326
1823,1787041228249238,l_left,4,outgoing,256,02:00:00:00:00:01,02:00:00:00:00:02,0x88b5,reverse,1,1327
1824,1787041228249673,l_left,3,otherhost,256,02:00:00:00:00:02,02:00:00:00:00:01,0x88b5,forward,1,496
1825,1787041228249711,l_left,3,otherhost,256,02:00:00:00:00:02,02:00:00:00:00:01,0x88b5,forward,1,497
1826,1787041228256183,l_left,3,otherhost,256,02:00:00:00:00:02,02:00:00:00:00:01,0x88b5,forward,1,498
1827,1787041228256220,l_left,3,otherhost,256,02:00:00:00:00:02,02:00:00:00:00:01,0x88b5,forward,1,499
1828,1787041228256546,l_left,3,otherhost,256,02:00:00:00:00:02,02:00:00:00:00:01,0x88b5,forward,1,500
1829,1787041228256611,l_left,3,otherhost,256,02:00:00:00:00:02,02:00:00:00:00:01,0x88b5,forward,1,501
1830,1787041228257313,l_left,4,outgoing,256,02:00:00:00:00:01,02:00:00:00:00:02,0x88b5,reverse,1,1328
1831,1787041228257348,l_left,4,outgoing,256,02:00:00:00:00:01,02:00:00:00:00:02,0x88b5,reverse,1,1329
1832,1787041228457357,l_left,4,outgoing,256,02:00:00:00:00:01,02:00:00:00:00:02,0x88b5,reverse,1,1330
1833,1787041228457428,l_left,4,outgoing,256,02:00:00:00:00:01,02:00:00:00:00:02,0x88b5,reverse,1,1331
1834,1787041228457460,l_left,4,outgoing,256,02:00:00:00:00:01,02:00:00:00:00:02,0x88b5,reverse,1,1332
1835,1787041228457483,l_left,4,outgoing,256,02:00:00:00:00:01,02:00:00:00:00:02,0x88b5,reverse,1,1333
1836,1787041228457498,l_left,4,outgoing,256,02:00:00:00:00:01,02:00:00:00:00:02,0x88b5,reverse,1,1334
1837,1787041228457513,l_left,4,outgoing,256,02:00:00:00:00:01,02:00:00:00:00:02,0x88b5,reverse,1,1335
1838,1787041228457527,l_left,4,outgoing,256,02:00:00:00:00:01,02:00:00:00:00:02,0x88b5,reverse,1,1336
1839,1787041228457746,l_left,4,outgoing,256,02:00:00:00:00:01,02:00:00:00:00:02,0x88b5,reverse,1,1337
1840,1787041228457985,l_left,4,outgoing,256,02:00:00:00:00:01,02:00:00:00:00:02,0x88b5,reverse,1,1338
1841,1787041228458239,l_left,4,outgoing,256,02:00:00:00:00:01,02:00:00:00:00:02,0x88b5,reverse,1,1339
1842,1787041228458495,l_left,4,outgoing,256,02:00:00:00:00:01,02:00:00:00:00:02,0x88b5,reverse,1,1340
1843,1787041228458744,l_left,4,outgoing,256,02:00:00:00:00:01,02:00:00:00:00:02,0x88b5,reverse,1,1341
1844,1787041228458995,l_left,4,outgoing,256,02:00:00:00:00:01,02:00:00:00:00:02,0x88b5,reverse,1,1342
1845,1787041228459232,l_left,4,outgoing,256,02:00:00:00:00:01,02:00:00:00:00:02,0x88b5,reverse,1,1343
1846,1787041228459687,l_left,3,otherhost,256,02:00:00:00:00:02,02:00:00:00:00:01,0x88b5,forward,1,502
1847,1787041228459725,l_left,3,otherhost,256,02:00:00:00:00:02,02:00:00:00:00:01,0x88b5,forward,1,503
1848,1787041228466115,l_left,3,otherhost,256,02:00:00:00:00:02,02:00:00:00:00:01,0x88b5,forward,1,504
1849,1787041228466160,l_left,3,otherhost,256,02:00:00:00:00:02,02:00:00:00:00:01,0x88b5,forward,1,505
1850,1787041228466386,l_left,3,otherhost,256,02:00:00:00:00:02,02:00:00:00:00:01,0x88b5,forward,1,506
1851,1787041228466636,l_left,3,otherhost,256,02:00:00:00:00:02,02:00:00:00:00:01,0x88b5,forward,1,507
1852,1787041228467185,l_left,4,outgoing,256,02:00:00:00:00:01,02:00:00:00:00:02,0x88b5,reverse,1,1344
1853,1787041228467208,l_left,4,outgoing,256,02:00:00:00:00:01,02:00:00:00:00:02,0x88b5,reverse,1,1345
1854,1787041228667343,l_left,4,outgoing,256,02:00:00:00:00:01,02:00:00:00:00:02,0x88b5,reverse,1,1346
1855,1787041228667406,l_left,4,outgoing,256,02:00:00:00:00:01,02:00:00:00:00:02,0x88b5,reverse,1,1347
1856,1787041228667428,l_left,4,outgoing,256,02:00:00:00:00:01,02:00:00:00:00:02,0x88b5,reverse,1,1348
1857,1787041228667445,l_left,4,outgoing,256,02:00:00:00:00:01,02:00:00:00:00:02,0x88b5,reverse,1,1349
1858,1787041228667460,l_left,4,outgoing,256,02:00:00:00:00:01,02:00:00:00:00:02,0x88b5,reverse,1,1350
1859,1787041228667474,l_left,4,outgoing,256,02:00:00:00:00:01,02:00:00:00:00:02,0x88b5,reverse,1,1351
1860,1787041228667727,l_left,4,outgoing,256,02:00:00:00:00:01,02:00:00:00:00:02,0x88b5,reverse,1,1352
1861,1787041228667776,l_left,4,outgoing,256,02:00:00:00:00:01,02:00:00:00:00:02,0x88b5,reverse,1,1353
1862,1787041228667995,l_left,4,outgoing,256,02:00:00:00:00:01,02:00:00:00:00:02,0x88b5,reverse,1,1354
1863,1787041228668252,l_left,4,outgoing,256,02:00:00:00:00:01,02:00:00:00:00:02,0x88b5,reverse,1,1355
1864,1787041228668493,l_left,4,outgoing,256,02:00:00:00:00:01,02:00:00:00:00:02,0x88b5,reverse,1,1356
1865,1787041228668743,l_left,4,outgoing,256,02:00:00:00:00:01,02:00:00:00:00:02,0x88b5,reverse,1,1357
1866,1787041228668995,l_left,4,outgoing,256,02:00:00:00:00:01,02:00:00:00:00:02,0x88b5,reverse,1,1358
1867,1787041228669234,l_left,4,outgoing,256,02:00:00:00:00:01,02:00:00:00:00:02,0x88b5,reverse,1,1359
1868,1787041228669644,l_left,3,otherhost,256,02:00:00:00:00:02,02:00:00:00:00:01,0x88b5,forward,1,508
1869,1787041228669682,l_left,3,otherhost,256,02:00:00:00:00:02,02:00:00:00:00:01,0x88b5,forward,1,509
1870,1787041228676323,l_left,3,otherhost,256,02:00:00:00:00:02,02:00:00:00:00:01,0x88b5,forward,1,510
1871,1787041228676359,l_left,3,otherhost,256,02:00:00:00:00:02,02:00:00:00:00:01,0x88b5,forward,1,511
1872,1787041228676598,l_left,3,otherhost,256,02:00:00:00:00:02,02:00:00:00:00:01,0x88b5,forward,1,512
1873,1787041228676651,l_left,3,otherhost,256,02:00:00:00:00:02,02:00:00:00:00:01,0x88b5,forward,1,513
1874,1787041228677262,l_left,4,outgoing,256,02:00:00:00:00:01,02:00:00:00:00:02,0x88b5,reverse,1,1360
1875,1787041228677304,l_left,4,outgoing,256,02:00:00:00:00:01,02:00:00:00:00:02,0x88b5,reverse,1,1361
1876,1787041228876906,l_left,4,outgoing,256,02:00:00:00:00:01,02:00:00:00:00:02,0x88b5,reverse,1,1362
1877,1787041228876969,l_left,4,outgoing,256,02:00:00:00:00:01,02:00:00:00:00:02,0x88b5,reverse,1,1363
1878,1787041228876992,l_left,4,outgoing,256,02:00:00:00:00:01,02:00:00:00:00:02,0x88b5,reverse,1,1364
1879,1787041228877010,l_left,4,outgoing,256,02:00:00:00:00:01,02:00:00:00:00:02,0x88b5,reverse,1,1365
1880,1787041228877032,l_left,4,outgoing,256,02:00:00:00:00:01,02:00:00:00:00:02,0x88b5,reverse,1,1366
1881,1787041228877193,l_left,4,outgoing,256,02:00:00:00:00:01,02:00:00:00:00:02,0x88b5,reverse,1,1367
1882,1787041228877483,l_left,4,outgoing,256,02:00:00:00:00:01,02:00:00:00:00:02,0x88b5,reverse,1,1368
1883,1787041228877739,l_left,4,outgoing,256,02:00:00:00:00:01,02:00:00:00:00:02,0x88b5,reverse,1,1369
1884,1787041228877993,l_left,4,outgoing,256,02:00:00:00:00:01,02:00:00:00:00:02,0x88b5,reverse,1,1370
1885,1787041228878233,l_left,4,outgoing,256,02:00:00:00:00:01,02:00:00:00:00:02,0x88b5,reverse,1,1371
1886,1787041228878445,l_left,4,outgoing,256,02:00:00:00:00:01,02:00:00:00:00:02,0x88b5,reverse,1,1372
1887,1787041228878690,l_left,4,outgoing,256,02:00:00:00:00:01,02:00:00:00:00:02,0x88b5,reverse,1,1373
1888,1787041228878903,l_left,4,outgoing,256,02:00:00:00:00:01,02:00:00:00:00:02,0x88b5,reverse,1,1374
1889,1787041228879151,l_left,4,outgoing,256,02:00:00:00:00:01,02:00:00:00:00:02,0x88b5,reverse,1,1375
1890,1787041228879696,l_left,3,otherhost,256,02:00:00:00:00:02,02:00:00:00:00:01,0x88b5,forward,1,514
1891,1787041228879735,l_left,3,otherhost,256,02:00:00:00:00:02,02:00:00:00:00:01,0x88b5,forward,1,515
1892,1787041228886099,l_left,3,otherhost,256,02:00:00:00:00:02,02:00:00:00:00:01,0x88b5,forward,1,516
1893,1787041228886144,l_left,3,otherhost,256,02:00:00:00:00:02,02:00:00:00:00:01,0x88b5,forward,1,517
1894,1787041228886357,l_left,3,otherhost,256,02:00:00:00:00:02,02:00:00:00:00:01,0x88b5,forward,1,518
1895,1787041228886606,l_left,3,otherhost,256,02:00:00:00:00:02,02:00:00:00:00:01,0x88b5,forward,1,519
1896,1787041228887150,l_left,4,outgoing,256,02:00:00:00:00:01,02:00:00:00:00:02,0x88b5,reverse,1,1376
1897,1787041228887167,l_left,4,outgoing,256,02:00:00:00:00:01,02:00:00:00:00:02,0x88b5,reverse,1,1377
1898,1787041229087392,l_left,4,outgoing,256,02:00:00:00:00:01,02:00:00:00:00:02,0x88b5,reverse,1,1378
1899,1787041229087455,l_left,4,outgoing,256,02:00:00:00:00:01,02:00:00:00:00:02,0x88b5,reverse,1,1379
1900,1787041229087476,l_left,4,outgoing,256,02:00:00:00:00:01,02:00:00:00:00:02,0x88b5,reverse,1,1380
1901,1787041229087493,l_left,4,outgoing,256,02:00:00:00:00:01,02:00:00:00:00:02,0x88b5,reverse,1,1381
1902,1787041229087516,l_left,4,outgoing,256,02:00:00:00:00:01,02:00:00:00:00:02,0x88b5,reverse,1,1382
1903,1787041229087533,l_left,4,outgoing,256,02:00:00:00:00:01,02:00:00:00:00:02,0x88b5,reverse,1,1383
1904,1787041229087547,l_left,4,outgoing,256,02:00:00:00:00:01,02:00:00:00:00:02,0x88b5,reverse,1,1384
1905,1787041229087618,l_left,4,outgoing,256,02:00:00:00:00:01,02:00:00:00:00:02,0x88b5,reverse,1,1385
1906,1787041229087982,l_left,4,outgoing,256,02:00:00:00:00:01,02:00:00:00:00:02,0x88b5,reverse,1,1386
1907,1787041229088242,l_left,4,outgoing,256,02:00:00:00:00:01,02:00:00:00:00:02,0x88b5,reverse,1,1387
1908,1787041229088493,l_left,4,outgoing,256,02:00:00:00:00:01,02:00:00:00:00:02,0x88b5,reverse,1,1388
1909,1787041229088745,l_left,4,outgoing,256,02:00:00:00:00:01,02:00:00:00:00:02,0x88b5,reverse,1,1389
1910,1787041229088992,l_left,4,outgoing,256,02:00:00:00:00:01,02:00:00:00:00:02,0x88b5,reverse,1,1390
1911,1787041229089234,l_left,4,outgoing,256,02:00:00:00:00:01,02:00:00:00:00:02,0x88b5,reverse,1,1391
1912,1787041229089707,l_left,3,otherhost,256,02:00:00:00:00:02,02:00:00:00:00:01,0x88b5,forward,1,520
1913,1787041229089737,l_left,3,otherhost,256,02:00:00:00:00:02,02:00:00:00:00:01,0x88b5,forward,1,521
1914,1787041229096120,l_left,3,otherhost,256,02:00:00:00:00:02,02:00:00:00:00:01,0x88b5,forward,1,522
1915,1787041229096164,l_left,3,otherhost,256,02:00:00:00:00:02,02:00:00:00:00:01,0x88b5,forward,1,523
1916,1787041229096446,l_left,3,otherhost,256,02:00:00:00:00:02,02:00:00:00:00:01,0x88b5,forward,1,524
1917,1787041229096608,l_left,3,otherhost,256,02:00:00:00:00:02,02:00:00:00:00:01,0x88b5,forward,1,525
1918,1787041229097200,l_left,4,outgoing,256,02:00:00:00:00:01,02:00:00:00:00:02,0x88b5,reverse,1,1392
1919,1787041229097217,l_left,4,outgoing,256,02:00:00:00:00:01,02:00:00:00:00:02,0x88b5,reverse,1,1393
1920,1787041229296893,l_left,4,outgoing,256,02:00:00:00:00:01,02:00:00:00:00:02,0x88b5,reverse,1,1394
1921,1787041229296956,l_left,4,outgoing,256,02:00:00:00:00:01,02:00:00:00:00:02,0x88b5,reverse,1,1395
1922,1787041229296978,l_left,4,outgoing,256,02:00:00:00:00:01,02:00:00:00:00:02,0x88b5,reverse,1,1396
1923,1787041229297000,l_left,4,outgoing,256,02:00:00:00:00:01,02:00:00:00:00:02,0x88b5,reverse,1,1397
1924,1787041229297027,l_left,4,outgoing,256,02:00:00:00:00:01,02:00:00:00:00:02,0x88b5,reverse,1,1398
1925,1787041229297193,l_left,4,outgoing,256,02:00:00:00:00:01,02:00:00:00:00:02,0x88b5,reverse,1,1399
1926,1787041229297469,l_left,4,outgoing,256,02:00:00:00:00:01,02:00:00:00:00:02,0x88b5,reverse,1,1400
1927,1787041229297734,l_left,4,outgoing,256,02:00:00:00:00:01,02:00:00:00:00:02,0x88b5,reverse,1,1401
1928,1787041229297989,l_left,4,outgoing,256,02:00:00:00:00:01,02:00:00:00:00:02,0x88b5,reverse,1,1402
1929,1787041229298237,l_left,4,outgoing,256,02:00:00:00:00:01,02:00:00:00:00:02,0x88b5,reverse,1,1403
1930,1787041229298433,l_left,4,outgoing,256,02:00:00:00:00:01,02:00:00:00:00:02,0x88b5,reverse,1,1404
1931,1787041229298691,l_left,4,outgoing,256,02:00:00:00:00:01,02:00:00:00:00:02,0x88b5,reverse,1,1405
1932,1787041229298903,l_left,4,outgoing,256,02:00:00:00:00:01,02:00:00:00:00:02,0x88b5,reverse,1,1406
1933,1787041229299153,l_left,4,outgoing,256,02:00:00:00:00:01,02:00:00:00:00:02,0x88b5,reverse,1,1407
1934,1787041229299649,l_left,3,otherhost,256,02:00:00:00:00:02,02:00:00:00:00:01,0x88b5,forward,1,526
1935,1787041229299675,l_left,3,otherhost,256,02:00:00:00:00:02,02:00:00:00:00:01,0x88b5,forward,1,527
1936,1787041229306160,l_left,3,otherhost,256,02:00:00:00:00:02,02:00:00:00:00:01,0x88b5,forward,1,528
1937,1787041229306201,l_left,3,otherhost,256,02:00:00:00:00:02,02:00:00:00:00:01,0x88b5,forward,1,529
1938,1787041229306368,l_left,3,otherhost,256,02:00:00:00:00:02,02:00:00:00:00:01,0x88b5,forward,1,530
1939,1787041229306609,l_left,3,otherhost,256,02:00:00:00:00:02,02:00:00:00:00:01,0x88b5,forward,1,531
1940,1787041229307164,l_left,4,outgoing,256,02:00:00:00:00:01,02:00:00:00:00:02,0x88b5,reverse,1,1408
1941,1787041229307193,l_left,4,outgoing,256,02:00:00:00:00:01,02:00:00:00:00:02,0x88b5,reverse,1,1409
1942,1787041229507322,l_left,4,outgoing,256,02:00:00:00:00:01,02:00:00:00:00:02,0x88b5,reverse,1,1410
1943,1787041229507393,l_left,4,outgoing,256,02:00:00:00:00:01,02:00:00:00:00:02,0x88b5,reverse,1,1411
1944,1787041229507416,l_left,4,outgoing,256,02:00:00:00:00:01,02:00:00:00:00:02,0x88b5,reverse,1,1412
1945,1787041229507434,l_left,4,outgoing,256,02:00:00:00:00:01,02:00:00:00:00:02,0x88b5,reverse,1,1413
1946,1787041229507450,l_left,4,outgoing,256,02:00:00:00:00:01,02:00:00:00:00:02,0x88b5,reverse,1,1414
1947,1787041229507464,l_left,4,outgoing,256,02:00:00:00:00:01,02:00:00:00:00:02,0x88b5,reverse,1,1415
1948,1787041229507483,l_left,4,outgoing,256,02:00:00:00:00:01,02:00:00:00:00:02,0x88b5,reverse,1,1416
1949,1787041229507666,l_left,4,outgoing,256,02:00:00:00:00:01,02:00:00:00:00:02,0x88b5,reverse,1,1417
1950,1787041229507976,l_left,4,outgoing,256,02:00:00:00:00:01,02:00:00:00:00:02,0x88b5,reverse,1,1418
1951,1787041229508242,l_left,4,outgoing,256,02:00:00:00:00:01,02:00:00:00:00:02,0x88b5,reverse,1,1419
1952,1787041229508492,l_left,4,outgoing,256,02:00:00:00:00:01,02:00:00:00:00:02,0x88b5,reverse,1,1420
1953,1787041229508743,l_left,4,outgoing,256,02:00:00:00:00:01,02:00:00:00:00:02,0x88b5,reverse,1,1421
1954,1787041229509002,l_left,4,outgoing,256,02:00:00:00:00:01,02:00:00:00:00:02,0x88b5,reverse,1,1422
1955,1787041229509241,l_left,4,outgoing,256,02:00:00:00:00:01,02:00:00:00:00:02,0x88b5,reverse,1,1423
1956,1787041229509681,l_left,3,otherhost,256,02:00:00:00:00:02,02:00:00:00:00:01,0x88b5,forward,1,532
1957,1787041229509719,l_left,3,otherhost,256,02:00:00:00:00:02,02:00:00:00:00:01,0x88b5,forward,1,533
1958,1787041229516100,l_left,3,otherhost,256,02:00:00:00:00:02,02:00:00:00:00:01,0x88b5,forward,1,534
1959,1787041229516152,l_left,3,otherhost,256,02:00:00:00:00:02,02:00:00:00:00:01,0x88b5,forward,1,535
1960,1787041229516395,l_left,3,otherhost,256,02:00:00:00:00:02,02:00:00:00:00:01,0x88b5,forward,1,536
1961,1787041229516636,l_left,3,otherhost,256,02:00:00:00:00:02,02:00:00:00:00:01,0x88b5,forward,1,537
1962,1787041229517172,l_left,4,outgoing,256,02:00:00:00:00:01,02:00:00:00:00:02,0x88b5,reverse,1,1424
1963,1787041229517204,l_left,4,outgoing,256,02:00:00:00:00:01,02:00:00:00:00:02,0x88b5,reverse,1,1425
1964,1787041229717303,l_left,4,outgoing,256,02:00:00:00:00:01,02:00:00:00:00:02,0x88b5,reverse,1,1426
1965,1787041229717366,l_left,4,outgoing,256,02:00:00:00:00:01,02:00:00:00:00:02,0x88b5,reverse,1,1427
1966,1787041229717398,l_left,4,outgoing,256,02:00:00:00:00:01,02:00:00:00:00:02,0x88b5,reverse,1,1428
1967,1787041229717416,l_left,4,outgoing,256,02:00:00:00:00:01,02:00:00:00:00:02,0x88b5,reverse,1,1429
1968,1787041229717437,l_left,4,outgoing,256,02:00:00:00:00:01,02:00:00:00:00:02,0x88b5,reverse,1,1430
1969,1787041229717454,l_left,4,outgoing,256,02:00:00:00:00:01,02:00:00:00:00:02,0x88b5,reverse,1,1431
1970,1787041229717474,l_left,4,outgoing,256,02:00:00:00:00:01,02:00:00:00:00:02,0x88b5,reverse,1,1432
1971,1787041229717720,l_left,4,outgoing,256,02:00:00:00:00:01,02:00:00:00:00:02,0x88b5,reverse,1,1433
1972,1787041229717988,l_left,4,outgoing,256,02:00:00:00:00:01,02:00:00:00:00:02,0x88b5,reverse,1,1434
1973,1787041229718242,l_left,4,outgoing,256,02:00:00:00:00:01,02:00:00:00:00:02,0x88b5,reverse,1,1435
1974,1787041229718498,l_left,4,outgoing,256,02:00:00:00:00:01,02:00:00:00:00:02,0x88b5,reverse,1,1436
1975,1787041229718761,l_left,4,outgoing,256,02:00:00:00:00:01,02:00:00:00:00:02,0x88b5,reverse,1,1437
1976,1787041229718989,l_left,4,outgoing,256,02:00:00:00:00:01,02:00:00:00:00:02,0x88b5,reverse,1,1438
1977,1787041229719234,l_left,4,outgoing,256,02:00:00:00:00:01,02:00:00:00:00:02,0x88b5,reverse,1,1439
1978,1787041229719613,l_left,3,otherhost,256,02:00:00:00:00:02,02:00:00:00:00:01,0x88b5,forward,1,538
1979,1787041229719651,l_left,3,otherhost,256,02:00:00:00:00:02,02:00:00:00:00:01,0x88b5,forward,1,539
1980,1787041229726185,l_left,3,otherhost,256,02:00:00:00:00:02,02:00:00:00:00:01,0x88b5,forward,1,540
1981,1787041229726235,l_left,3,otherhost,256,02:00:00:00:00:02,02:00:00:00:00:01,0x88b5,forward,1,541
1982,1787041229726397,l_left,3,otherhost,256,02:00:00:00:00:02,02:00:00:00:00:01,0x88b5,forward,1,542
1983,1787041229726653,l_left,3,otherhost,256,02:00:00:00:00:02,02:00:00:00:00:01,0x88b5,forward,1,543
1984,1787041229727196,l_left,4,outgoing,256,02:00:00:00:00:01,02:00:00:00:00:02,0x88b5,reverse,1,1440
1985,1787041229727220,l_left,4,outgoing,256,02:00:00:00:00:01,02:00:00:00:00:02,0x88b5,reverse,1,1441
1986,1787041229927287,l_left,4,outgoing,256,02:00:00:00:00:01,02:00:00:00:00:02,0x88b5,reverse,1,1442
1987,1787041229927356,l_left,4,outgoing,256,02:00:00:00:00:01,02:00:00:00:00:02,0x88b5,reverse,1,1443
1988,1787041229927378,l_left,4,outgoing,256,02:00:00:00:00:01,02:00:00:00:00:02,0x88b5,reverse,1,1444
1989,1787041229927395,l_left,4,outgoing,256,02:00:00:00:00:01,02:00:00:00:00:02,0x88b5,reverse,1,1445
1990,1787041229927411,l_left,4,outgoing,256,02:00:00:00:00:01,02:00:00:00:00:02,0x88b5,reverse,1,1446
1991,1787041229927536,l_left,4,outgoing,256,02:00:00:00:00:01,02:00:00:00:00:02,0x88b5,reverse,1,1447
1992,1787041229927553,l_left,4,outgoing,256,02:00:00:00:00:01,02:00:00:00:00:02,0x88b5,reverse,1,1448
1993,1787041229927746,l_left,4,outgoing,256,02:00:00:00:00:01,02:00:00:00:00:02,0x88b5,reverse,1,1449
1994,1787041229927989,l_left,4,outgoing,256,02:00:00:00:00:01,02:00:00:00:00:02,0x88b5,reverse,1,1450
1995,1787041229928242,l_left,4,outgoing,256,02:00:00:00:00:01,02:00:00:00:00:02,0x88b5,reverse,1,1451
1996,1787041229928514,l_left,4,outgoing,256,02:00:00:00:00:01,02:00:00:00:00:02,0x88b5,reverse,1,1452
1997,1787041229928752,l_left,4,outgoing,256,02:00:00:00:00:01,02:00:00:00:00:02,0x88b5,reverse,1,1453
1998,1787041229928999,l_left,4,outgoing,256,02:00:00:00:00:01,02:00:00:00:00:02,0x88b5,reverse,1,1454
1999,1787041229929230,l_left,4,outgoing,256,02:00:00:00:00:01,02:00:00:00:00:02,0x88b5,reverse,1,1455
2000,1787041229929705,l_left,3,otherhost,256,02:00:00:00:00:02,02:00:00:00:00:01,0x88b5,forward,1,544
2001,1787041229929730,l_left,3,otherhost,256,02:00:00:00:00:02,02:00:00:00:00:01,0x88b5,forward,1,545
2002,1787041229936108,l_left,3,otherhost,256,02:00:00:00:00:02,02:00:00:00:00:01,0x88b5,forward,1,546
2003,1787041229936151,l_left,3,otherhost,256,02:00:00:00:00:02,02:00:00:00:00:01,0x88b5,forward,1,547
2004,1787041229936394,l_left,3,otherhost,256,02:00:00:00:00:02,02:00:00:00:00:01,0x88b5,forward,1,548
2005,1787041229936636,l_left,3,otherhost,256,02:00:00:00:00:02,02:00:00:00:00:01,0x88b5,forward,1,549
2006,1787041229937185,l_left,4,outgoing,256,02:00:00:00:00:01,02:00:00:00:00:02,0x88b5,reverse,1,1456
2007,1787041229937209,l_left,4,outgoing,256,02:00:00:00:00:01,02:00:00:00:00:02,0x88b5,reverse,1,1457
2008,1787041230137213,l_left,4,outgoing,256,02:00:00:00:00:01,02:00:00:00:00:02,0x88b5,reverse,1,1458
2009,1787041230137283,l_left,4,outgoing,256,02:00:00:00:00:01,02:00:00:00:00:02,0x88b5,reverse,1,1459
2010,1787041230137315,l_left,4,outgoing,256,02:00:00:00:00:01,02:00:00:00:00:02,0x88b5,reverse,1,1460
2011,1787041230137332,l_left,4,outgoing,256,02:00:00:00:00:01,02:00:00:00:00:02,0x88b5,reverse,1,1461
2012,1787041230137346,l_left,4,outgoing,256,02:00:00:00:00:01,02:00:00:00:00:02,0x88b5,reverse,1,1462
2013,1787041230137361,l_left,4,outgoing,256,02:00:00:00:00:01,02:00:00:00:00:02,0x88b5,reverse,1,1463
2014,1787041230137544,l_left,4,outgoing,256,02:00:00:00:00:01,02:00:00:00:00:02,0x88b5,reverse,1,1464
2015,1787041230137640,l_left,4,outgoing,256,02:00:00:00:00:01,02:00:00:00:00:02,0x88b5,reverse,1,1465
2016,1787041230137983,l_left,4,outgoing,256,02:00:00:00:00:01,02:00:00:00:00:02,0x88b5,reverse,1,1466
2017,1787041230138249,l_left,4,outgoing,256,02:00:00:00:00:01,02:00:00:00:00:02,0x88b5,reverse,1,1467
2018,1787041230138492,l_left,4,outgoing,256,02:00:00:00:00:01,02:00:00:00:00:02,0x88b5,reverse,1,1468
2019,1787041230138750,l_left,4,outgoing,256,02:00:00:00:00:01,02:00:00:00:00:02,0x88b5,reverse,1,1469
2020,1787041230138985,l_left,4,outgoing,256,02:00:00:00:00:01,02:00:00:00:00:02,0x88b5,reverse,1,1470
2021,1787041230139170,l_left,4,outgoing,256,02:00:00:00:00:01,02:00:00:00:00:02,0x88b5,reverse,1,1471
2022,1787041230139637,l_left,3,otherhost,256,02:00:00:00:00:02,02:00:00:00:00:01,0x88b5,forward,1,550
2023,1787041230139691,l_left,3,otherhost,256,02:00:00:00:00:02,02:00:00:00:00:01,0x88b5,forward,1,551
2024,1787041230146146,l_left,3,otherhost,256,02:00:00:00:00:02,02:00:00:00:00:01,0x88b5,forward,1,552
2025,1787041230146191,l_left,3,otherhost,256,02:00:00:00:00:02,02:00:00:00:00:01,0x88b5,forward,1,553
2026,1787041230146386,l_left,3,otherhost,256,02:00:00:00:00:02,02:00:00:00:00:01,0x88b5,forward,1,554
2027,1787041230146635,l_left,3,otherhost,256,02:00:00:00:00:02,02:00:00:00:00:01,0x88b5,forward,1,555
2028,1787041230147196,l_left,4,outgoing,256,02:00:00:00:00:01,02:00:00:00:00:02,0x88b5,reverse,1,1472
2029,1787041230147232,l_left,4,outgoing,256,02:00:00:00:00:01,02:00:00:00:00:02,0x88b5,reverse,1,1473
2030,1787041230347281,l_left,4,outgoing,256,02:00:00:00:00:01,02:00:00:00:00:02,0x88b5,reverse,1,1474
2031,1787041230347345,l_left,4,outgoing,256,02:00:00:00:00:01,02:00:00:00:00:02,0x88b5,reverse,1,1475
2032,1787041230347367,l_left,4,outgoing,256,02:00:00:00:00:01,02:00:00:00:00:02,0x88b5,reverse,1,1476
2033,1787041230347385,l_left,4,outgoing,256,02:00:00:00:00:01,02:00:00:00:00:02,0x88b5,reverse,1,1477
2034,1787041230347400,l_left,4,outgoing,256,02:00:00:00:00:01,02:00:00:00:00:02,0x88b5,reverse,1,1478
2035,1787041230347416,l_left,4,outgoing,256,02:00:00:00:00:01,02:00:00:00:00:02,0x88b5,reverse,1,1479
2036,1787041230347431,l_left,4,outgoing,256,02:00:00:00:00:01,02:00:00:00:00:02,0x88b5,reverse,1,1480
2037,1787041230347740,l_left,4,outgoing,256,02:00:00:00:00:01,02:00:00:00:00:02,0x88b5,reverse,1,1481
2038,1787041230348006,l_left,4,outgoing,256,02:00:00:00:00:01,02:00:00:00:00:02,0x88b5,reverse,1,1482
2039,1787041230348239,l_left,4,outgoing,256,02:00:00:00:00:01,02:00:00:00:00:02,0x88b5,reverse,1,1483
2040,1787041230348499,l_left,4,outgoing,256,02:00:00:00:00:01,02:00:00:00:00:02,0x88b5,reverse,1,1484
2041,1787041230348739,l_left,4,outgoing,256,02:00:00:00:00:01,02:00:00:00:00:02,0x88b5,reverse,1,1485
2042,1787041230348994,l_left,4,outgoing,256,02:00:00:00:00:01,02:00:00:00:00:02,0x88b5,reverse,1,1486
2043,1787041230349246,l_left,4,outgoing,256,02:00:00:00:00:01,02:00:00:00:00:02,0x88b5,reverse,1,1487
2044,1787041230349590,l_left,3,otherhost,256,02:00:00:00:00:02,02:00:00:00:00:01,0x88b5,forward,1,556
2045,1787041230349627,l_left,3,otherhost,256,02:00:00:00:00:02,02:00:00:00:00:01,0x88b5,forward,1,557
2046,1787041230356197,l_left,3,otherhost,256,02:00:00:00:00:02,02:00:00:00:00:01,0x88b5,forward,1,558
2047,1787041230356245,l_left,3,otherhost,256,02:00:00:00:00:02,02:00:00:00:00:01,0x88b5,forward,1,559
2048,1787041230356504,l_left,3,otherhost,256,02:00:00:00:00:02,02:00:00:00:00:01,0x88b5,forward,1,560
2049,1787041230356611,l_left,3,otherhost,256,02:00:00:00:00:02,02:00:00:00:00:01,0x88b5,forward,1,561
2050,1787041230357292,l_left,4,outgoing,256,02:00:00:00:00:01,02:00:00:00:00:02,0x88b5,reverse,1,1488
2051,1787041230357327,l_left,4,outgoing,256,02:00:00:00:00:01,02:00:00:00:00:02,0x88b5,reverse,1,1489
2052,1787041230556946,l_left,4,outgoing,256,02:00:00:00:00:01,02:00:00:00:00:02,0x88b5,reverse,1,1490
2053,1787041230557009,l_left,4,outgoing,256,02:00:00:00:00:01,02:00:00:00:00:02,0x88b5,reverse,1,1491
2054,1787041230557033,l_left,4,outgoing,256,02:00:00:00:00:01,02:00:00:00:00:02,0x88b5,reverse,1,1492
2055,1787041230557056,l_left,4,outgoing,256,02:00:00:00:00:01,02:00:00:00:00:02,0x88b5,reverse,1,1493
2056,1787041230557071,l_left,4,outgoing,256,02:00:00:00:00:01,02:00:00:00:00:02,0x88b5,reverse,1,1494
2057,1787041230557337,l_left,4,outgoing,256,02:00:00:00:00:01,02:00:00:00:00:02,0x88b5,reverse,1,1495
2058,1787041230557377,l_left,4,outgoing,256,02:00:00:00:00:01,02:00:00:00:00:02,0x88b5,reverse,1,1496
2059,1787041230557742,l_left,4,outgoing,256,02:00:00:00:00:01,02:00:00:00:00:02,0x88b5,reverse,1,1497
2060,1787041230557975,l_left,4,outgoing,256,02:00:00:00:00:01,02:00:00:00:00:02,0x88b5,reverse,1,1498
2061,1787041230558243,l_left,4,outgoing,256,02:00:00:00:00:01,02:00:00:00:00:02,0x88b5,reverse,1,1499
2062,1787041230558498,l_left,4,outgoing,256,02:00:00:00:00:01,02:00:00:00:00:02,0x88b5,reverse,1,1500
2063,1787041230558741,l_left,4,outgoing,256,02:00:00:00:00:01,02:00:00:00:00:02,0x88b5,reverse,1,1501
2064,1787041230558883,l_left,4,outgoing,256,02:00:00:00:00:01,02:00:00:00:00:02,0x88b5,reverse,1,1502
2065,1787041230559118,l_left,4,outgoing,256,02:00:00:00:00:01,02:00:00:00:00:02,0x88b5,reverse,1,1503
2066,1787041230559678,l_left,3,otherhost,256,02:00:00:00:00:02,02:00:00:00:00:01,0x88b5,forward,1,562
2067,1787041230559697,l_left,3,otherhost,256,02:00:00:00:00:02,02:00:00:00:00:01,0x88b5,forward,1,563
2068,1787041230566111,l_left,3,otherhost,256,02:00:00:00:00:02,02:00:00:00:00:01,0x88b5,forward,1,564
2069,1787041230566155,l_left,3,otherhost,256,02:00:00:00:00:02,02:00:00:00:00:01,0x88b5,forward,1,565
2070,1787041230566374,l_left,3,otherhost,256,02:00:00:00:00:02,02:00:00:00:00:01,0x88b5,forward,1,566
2071,1787041230566607,l_left,3,otherhost,256,02:00:00:00:00:02,02:00:00:00:00:01,0x88b5,forward,1,567
2072,1787041230567164,l_left,4,outgoing,256,02:00:00:00:00:01,02:00:00:00:00:02,0x88b5,reverse,1,1504
2073,1787041230567184,l_left,4,outgoing,256,02:00:00:00:00:01,02:00:00:00:00:02,0x88b5,reverse,1,1505
2074,1787041230767428,l_left,4,outgoing,256,02:00:00:00:00:01,02:00:00:00:00:02,0x88b5,reverse,1,1506
2075,1787041230767492,l_left,4,outgoing,256,02:00:00:00:00:01,02:00:00:00:00:02,0x88b5,reverse,1,1507
2076,1787041230767514,l_left,4,outgoing,256,02:00:00:00:00:01,02:00:00:00:00:02,0x88b5,reverse,1,1508
2077,1787041230767531,l_left,4,outgoing,256,02:00:00:00:00:01,02:00:00:00:00:02,0x88b5,reverse,1,1509
2078,1787041230767547,l_left,4,outgoing,256,02:00:00:00:00:01,02:00:00:00:00:02,0x88b5,reverse,1,1510
2079,1787041230767561,l_left,4,outgoing,256,02:00:00:00:00:01,02:00:00:00:00:02,0x88b5,reverse,1,1511
2080,1787041230767576,l_left,4,outgoing,256,02:00:00:00:00:01,02:00:00:00:00:02,0x88b5,reverse,1,1512
2081,1787041230767620,l_left,4,outgoing,256,02:00:00:00:00:01,02:00:00:00:00:02,0x88b5,reverse,1,1513
2082,1787041230767979,l_left,4,outgoing,256,02:00:00:00:00:01,02:00:00:00:00:02,0x88b5,reverse,1,1514
2083,1787041230768252,l_left,4,outgoing,256,02:00:00:00:00:01,02:00:00:00:00:02,0x88b5,reverse,1,1515
2084,1787041230768498,l_left,4,outgoing,256,02:00:00:00:00:01,02:00:00:00:00:02,0x88b5,reverse,1,1516
2085,1787041230768752,l_left,4,outgoing,256,02:00:00:00:00:01,02:00:00:00:00:02,0x88b5,reverse,1,1517
2086,1787041230768993,l_left,4,outgoing,256,02:00:00:00:00:01,02:00:00:00:00:02,0x88b5,reverse,1,1518
2087,1787041230769245,l_left,4,outgoing,256,02:00:00:00:00:01,02:00:00:00:00:02,0x88b5,reverse,1,1519
2088,1787041230769670,l_left,3,otherhost,256,02:00:00:00:00:02,02:00:00:00:00:01,0x88b5,forward,1,568
2089,1787041230769708,l_left,3,otherhost,256,02:00:00:00:00:02,02:00:00:00:00:01,0x88b5,forward,1,569
2090,1787041230776181,l_left,3,otherhost,256,02:00:00:00:00:02,02:00:00:00:00:01,0x88b5,forward,1,570
2091,1787041230776230,l_left,3,otherhost,256,02:00:00:00:00:02,02:00:00:00:00:01,0x88b5,forward,1,571
2092,1787041230776450,l_left,3,otherhost,256,02:00:00:00:00:02,02:00:00:00:00:01,0x88b5,forward,1,572
2093,1787041230776634,l_left,3,otherhost,256,02:00:00:00:00:02,02:00:00:00:00:01,0x88b5,forward,1,573
2094,1787041230777304,l_left,4,outgoing,256,02:00:00:00:00:01,02:00:00:00:00:02,0x88b5,reverse,1,1520
2095,1787041230777334,l_left,4,outgoing,256,02:00:00:00:00:01,02:00:00:00:00:02,0x88b5,reverse,1,1521
2096,1787041230977485,l_left,4,outgoing,256,02:00:00:00:00:01,02:00:00:00:00:02,0x88b5,reverse,1,1522
2097,1787041230977574,l_left,4,outgoing,256,02:00:00:00:00:01,02:00:00:00:00:02,0x88b5,reverse,1,1523
2098,1787041230977598,l_left,4,outgoing,256,02:00:00:00:00:01,02:00:00:00:00:02,0x88b5,reverse,1,1524
2099,1787041230977616,l_left,4,outgoing,256,02:00:00:00:00:01,02:00:00:00:00:02,0x88b5,reverse,1,1525
2100,1787041230977640,l_left,4,outgoing,256,02:00:00:00:00:01,02:00:00:00:00:02,0x88b5,reverse,1,1526
2101,1787041230977655,l_left,4,outgoing,256,02:00:00:00:00:01,02:00:00:00:00:02,0x88b5,reverse,1,1527
2102,1787041230977669,l_left,4,outgoing,256,02:00:00:00:00:01,02:00:00:00:00:02,0x88b5,reverse,1,1528
2103,1787041230977683,l_left,4,outgoing,256,02:00:00:00:00:01,02:00:00:00:00:02,0x88b5,reverse,1,1529
2104,1787041230977984,l_left,4,outgoing,256,02:00:00:00:00:01,02:00:00:00:00:02,0x88b5,reverse,1,1530
2105,1787041230978253,l_left,4,outgoing,256,02:00:00:00:00:01,02:00:00:00:00:02,0x88b5,reverse,1,1531
2106,1787041230978489,l_left,4,outgoing,256,02:00:00:00:00:01,02:00:00:00:00:02,0x88b5,reverse,1,1532
2107,1787041230978735,l_left,4,outgoing,256,02:00:00:00:00:01,02:00:00:00:00:02,0x88b5,reverse,1,1533
2108,1787041230978990,l_left,4,outgoing,256,02:00:00:00:00:01,02:00:00:00:00:02,0x88b5,reverse,1,1534
2109,1787041230979231,l_left,4,outgoing,256,02:00:00:00:00:01,02:00:00:00:00:02,0x88b5,reverse,1,1535
2110,1787041230979667,l_left,3,otherhost,256,02:00:00:00:00:02,02:00:00:00:00:01,0x88b5,forward,1,574
2111,1787041230979704,l_left,3,otherhost,256,02:00:00:00:00:02,02:00:00:00:00:01,0x88b5,forward,1,575
2112,1787041230986100,l_left,3,otherhost,256,02:00:00:00:00:02,02:00:00:00:00:01,0x88b5,forward,1,576
2113,1787041230986145,l_left,3,otherhost,256,02:00:00:00:00:02,02:00:00:00:00:01,0x88b5,forward,1,577
2114,1787041230986396,l_left,3,otherhost,256,02:00:00:00:00:02,02:00:00:00:00:01,0x88b5,forward,1,578
2115,1787041230986634,l_left,3,otherhost,256,02:00:00:00:00:02,02:00:00:00:00:01,0x88b5,forward,1,579
2116,1787041230987293,l_left,4,outgoing,256,02:00:00:00:00:01,02:00:00:00:00:02,0x88b5,reverse,1,1536
2117,1787041230987330,l_left,4,outgoing,256,02:00:00:00:00:01,02:00:00:00:00:02,0x88b5,reverse,1,1537
2118,1787041231187333,l_left,4,outgoing,256,02:00:00:00:00:01,02:00:00:00:00:02,0x88b5,reverse,1,1538
2119,1787041231187396,l_left,4,outgoing,256,02:00:00:00:00:01,02:00:00:00:00:02,0x88b5,reverse,1,1539
2120,1787041231187418,l_left,4,outgoing,256,02:00:00:00:00:01,02:00:00:00:00:02,0x88b5,reverse,1,1540
2121,1787041231187442,l_left,4,outgoing,256,02:00:00:00:00:01,02:00:00:00:00:02,0x88b5,reverse,1,1541
2122,1787041231187458,l_left,4,outgoing,256,02:00:00:00:00:01,02:00:00:00:00:02,0x88b5,reverse,1,1542
2123,1787041231187473,l_left,4,outgoing,256,02:00:00:00:00:01,02:00:00:00:00:02,0x88b5,reverse,1,1543
2124,1787041231187496,l_left,4,outgoing,256,02:00:00:00:00:01,02:00:00:00:00:02,0x88b5,reverse,1,1544
2125,1787041231187655,l_left,4,outgoing,256,02:00:00:00:00:01,02:00:00:00:00:02,0x88b5,reverse,1,1545
2126,1787041231187988,l_left,4,outgoing,256,02:00:00:00:00:01,02:00:00:00:00:02,0x88b5,reverse,1,1546
2127,1787041231188240,l_left,4,outgoing,256,02:00:00:00:00:01,02:00:00:00:00:02,0x88b5,reverse,1,1547
2128,1787041231188488,l_left,4,outgoing,256,02:00:00:00:00:01,02:00:00:00:00:02,0x88b5,reverse,1,1548
2129,1787041231188742,l_left,4,outgoing,256,02:00:00:00:00:01,02:00:00:00:00:02,0x88b5,reverse,1,1549
2130,1787041231188999,l_left,4,outgoing,256,02:00:00:00:00:01,02:00:00:00:00:02,0x88b5,reverse,1,1550
2131,1787041231189248,l_left,4,outgoing,256,02:00:00:00:00:01,02:00:00:00:00:02,0x88b5,reverse,1,1551
2132,1787041231189602,l_left,3,otherhost,256,02:00:00:00:00:02,02:00:00:00:00:01,0x88b5,forward,1,580
2133,1787041231189641,l_left,3,otherhost,256,02:00:00:00:00:02,02:00:00:00:00:01,0x88b5,forward,1,581
2134,1787041231196273,l_left,3,otherhost,256,02:00:00:00:00:02,02:00:00:00:00:01,0x88b5,forward,1,582
2135,1787041231196322,l_left,3,otherhost,256,02:00:00:00:00:02,02:00:00:00:00:01,0x88b5,forward,1,583
2136,1787041231196564,l_left,3,otherhost,256,02:00:00:00:00:02,02:00:00:00:00:01,0x88b5,forward,1,584
2137,1787041231196617,l_left,3,otherhost,256,02:00:00:00:00:02,02:00:00:00:00:01,0x88b5,forward,1,585
2138,1787041231197054,l_left,4,outgoing,256,02:00:00:00:00:01,02:00:00:00:00:02,0x88b5,reverse,1,1552
2139,1787041231197126,l_left,4,outgoing,256,02:00:00:00:00:01,02:00:00:00:00:02,0x88b5,reverse,1,1553
2140,1787041231397333,l_left,4,outgoing,256,02:00:00:00:00:01,02:00:00:00:00:02,0x88b5,reverse,1,1554
2141,1787041231397399,l_left,4,outgoing,256,02:00:00:00:00:01,02:00:00:00:00:02,0x88b5,reverse,1,1555
2142,1787041231397421,l_left,4,outgoing,256,02:00:00:00:00:01,02:00:00:00:00:02,0x88b5,reverse,1,1556
2143,1787041231397439,l_left,4,outgoing,256,02:00:00:00:00:01,02:00:00:00:00:02,0x88b5,reverse,1,1557
2144,1787041231397456,l_left,4,outgoing,256,02:00:00:00:00:01,02:00:00:00:00:02,0x88b5,reverse,1,1558
2145,1787041231397475,l_left,4,outgoing,256,02:00:00:00:00:01,02:00:00:00:00:02,0x88b5,reverse,1,1559
2146,1787041231397492,l_left,4,outgoing,256,02:00:00:00:00:01,02:00:00:00:00:02,0x88b5,reverse,1,1560
2147,1787041231397734,l_left,4,outgoing,256,02:00:00:00:00:01,02:00:00:00:00:02,0x88b5,reverse,1,1561
2148,1787041231397990,l_left,4,outgoing,256,02:00:00:00:00:01,02:00:00:00:00:02,0x88b5,reverse,1,1562
2149,1787041231398237,l_left,4,outgoing,256,02:00:00:00:00:01,02:00:00:00:00:02,0x88b5,reverse,1,1563
2150,1787041231398498,l_left,4,outgoing,256,02:00:00:00:00:01,02:00:00:00:00:02,0x88b5,reverse,1,1564
2151,1787041231398746,l_left,4,outgoing,256,02:00:00:00:00:01,02:00:00:00:00:02,0x88b5,reverse,1,1565
2152,1787041231399005,l_left,4,outgoing,256,02:00:00:00:00:01,02:00:00:00:00:02,0x88b5,reverse,1,1566
2153,1787041231399224,l_left,4,outgoing,256,02:00:00:00:00:01,02:00:00:00:00:02,0x88b5,reverse,1,1567
2154,1787041231399636,l_left,3,otherhost,256,02:00:00:00:00:02,02:00:00:00:00:01,0x88b5,forward,1,586
2155,1787041231399676,l_left,3,otherhost,256,02:00:00:00:00:02,02:00:00:00:00:01,0x88b5,forward,1,587
2156,1787041231406815,l_left,3,otherhost,256,02:00:00:00:00:02,02:00:00:00:00:01,0x88b5,forward,1,588
2157,1787041231406876,l_left,3,otherhost,256,02:00:00:00:00:02,02:00:00:00:00:01,0x88b5,forward,1,589
2158,1787041231406897,l_left,3,otherhost,256,02:00:00:00:00:02,02:00:00:00:00:01,0x88b5,forward,1,590
2159,1787041231406913,l_left,3,otherhost,256,02:00:00:00:00:02,02:00:00:00:00:01,0x88b5,forward,1,591
2160,1787041231407227,l_left,4,outgoing,256,02:00:00:00:00:01,02:00:00:00:00:02,0x88b5,reverse,1,1568
2161,1787041231407263,l_left,4,outgoing,256,02:00:00:00:00:01,02:00:00:00:00:02,0x88b5,reverse,1,1569
2162,1787041231607113,l_left,4,outgoing,256,02:00:00:00:00:01,02:00:00:00:00:02,0x88b5,reverse,1,1570
2163,1787041231607184,l_left,4,outgoing,256,02:00:00:00:00:01,02:00:00:00:00:02,0x88b5,reverse,1,1571
2164,1787041231607215,l_left,4,outgoing,256,02:00:00:00:00:01,02:00:00:00:00:02,0x88b5,reverse,1,1572
2165,1787041231607233,l_left,4,outgoing,256,02:00:00:00:00:01,02:00:00:00:00:02,0x88b5,reverse,1,1573
2166,1787041231607249,l_left,4,outgoing,256,02:00:00:00:00:01,02:00:00:00:00:02,0x88b5,reverse,1,1574
2167,1787041231607268,l_left,4,outgoing,256,02:00:00:00:00:01,02:00:00:00:00:02,0x88b5,reverse,1,1575
2168,1787041231607498,l_left,4,outgoing,256,02:00:00:00:00:01,02:00:00:00:00:02,0x88b5,reverse,1,1576
2169,1787041231607741,l_left,4,outgoing,256,02:00:00:00:00:01,02:00:00:00:00:02,0x88b5,reverse,1,1577
2170,1787041231607989,l_left,4,outgoing,256,02:00:00:00:00:01,02:00:00:00:00:02,0x88b5,reverse,1,1578
2171,1787041231608242,l_left,4,outgoing,256,02:00:00:00:00:01,02:00:00:00:00:02,0x88b5,reverse,1,1579
2172,1787041231608485,l_left,4,outgoing,256,02:00:00:00:00:01,02:00:00:00:00:02,0x88b5,reverse,1,1580
2173,1787041231608707,l_left,4,outgoing,256,02:00:00:00:00:01,02:00:00:00:00:02,0x88b5,reverse,1,1581
2174,1787041231608975,l_left,4,outgoing,256,02:00:00:00:00:01,02:00:00:00:00:02,0x88b5,reverse,1,1582
2175,1787041231609173,l_left,4,outgoing,256,02:00:00:00:00:01,02:00:00:00:00:02,0x88b5,reverse,1,1583
2176,1787041231609750,l_left,3,otherhost,256,02:00:00:00:00:02,02:00:00:00:00:01,0x88b5,forward,1,592
2177,1787041231609775,l_left,3,otherhost,256,02:00:00:00:00:02,02:00:00:00:00:01,0x88b5,forward,1,593
2178,1787041231616320,l_left,3,otherhost,256,02:00:00:00:00:02,02:00:00:00:00:01,0x88b5,forward,1,594
2179,1787041231616360,l_left,3,otherhost,256,02:00:00:00:00:02,02:00:00:00:00:01,0x88b5,forward,1,595
2180,1787041231616471,l_left,3,otherhost,256,02:00:00:00:00:02,02:00:00:00:00:01,0x88b5,forward,1,596
2181,1787041231616608,l_left,3,otherhost,256,02:00:00:00:00:02,02:00:00:00:00:01,0x88b5,forward,1,597
2182,1787041231617180,l_left,4,outgoing,256,02:00:00:00:00:01,02:00:00:00:00:02,0x88b5,reverse,1,1584
2183,1787041231617215,l_left,4,outgoing,256,02:00:00:00:00:01,02:00:00:00:00:02,0x88b5,reverse,1,1585
2184,1787041231817329,l_left,4,outgoing,256,02:00:00:00:00:01,02:00:00:00:00:02,0x88b5,reverse,1,1586
2185,1787041231817392,l_left,4,outgoing,256,02:00:00:00:00:01,02:00:00:00:00:02,0x88b5,reverse,1,1587
2186,1787041231817414,l_left,4,outgoing,256,02:00:00:00:00:01,02:00:00:00:00:02,0x88b5,reverse,1,1588
2187,1787041231817431,l_left,4,outgoing,256,02:00:00:00:00:01,02:00:00:00:00:02,0x88b5,reverse,1,1589
2188,1787041231817447,l_left,4,outgoing,256,02:00:00:00:00:01,02:00:00:00:00:02,0x88b5,reverse,1,1590
2189,1787041231817461,l_left,4,outgoing,256,02:00:00:00:00:01,02:00:00:00:00:02,0x88b5,reverse,1,1591
2190,1787041231817715,l_left,4,outgoing,256,02:00:00:00:00:01,02:00:00:00:00:02,0x88b5,reverse,1,1592
2191,1787041231817760,l_left,4,outgoing,256,02:00:00:00:00:01,02:00:00:00:00:02,0x88b5,reverse,1,1593
2192,1787041231817992,l_left,4,outgoing,256,02:00:00:00:00:01,02:00:00:00:00:02,0x88b5,reverse,1,1594
2193,1787041231818254,l_left,4,outgoing,256,02:00:00:00:00:01,02:00:00:00:00:02,0x88b5,reverse,1,1595
2194,1787041231818489,l_left,4,outgoing,256,02:00:00:00:00:01,02:00:00:00:00:02,0x88b5,reverse,1,1596
2195,1787041231818741,l_left,4,outgoing,256,02:00:00:00:00:01,02:00:00:00:00:02,0x88b5,reverse,1,1597
2196,1787041231818992,l_left,4,outgoing,256,02:00:00:00:00:01,02:00:00:00:00:02,0x88b5,reverse,1,1598
2197,1787041231819223,l_left,4,outgoing,256,02:00:00:00:00:01,02:00:00:00:00:02,0x88b5,reverse,1,1599
2198,1787041231819615,l_left,3,otherhost,256,02:00:00:00:00:02,02:00:00:00:00:01,0x88b5,forward,1,598
2199,1787041231819654,l_left,3,otherhost,256,02:00:00:00:00:02,02:00:00:00:00:01,0x88b5,forward,1,599
2200,1787041231826250,l_left,3,otherhost,256,02:00:00:00:00:02,02:00:00:00:00:01,0x88b5,forward,1,600
2201,1787041231826295,l_left,3,otherhost,256,02:00:00:00:00:02,02:00:00:00:00:01,0x88b5,forward,1,601
2202,1787041231826360,l_left,3,otherhost,256,02:00:00:00:00:02,02:00:00:00:00:01,0x88b5,forward,1,602
2203,1787041231826607,l_left,3,otherhost,256,02:00:00:00:00:02,02:00:00:00:00:01,0x88b5,forward,1,603
2204,1787041231827258,l_left,4,outgoing,256,02:00:00:00:00:01,02:00:00:00:00:02,0x88b5,reverse,1,1600
2205,1787041231827298,l_left,4,outgoing,256,02:00:00:00:00:01,02:00:00:00:00:02,0x88b5,reverse,1,1601
2206,1787041232027518,l_left,4,outgoing,256,02:00:00:00:00:01,02:00:00:00:00:02,0x88b5,reverse,1,1602
2207,1787041232027579,l_left,4,outgoing,256,02:00:00:00:00:01,02:00:00:00:00:02,0x88b5,reverse,1,1603
2208,1787041232027602,l_left,4,outgoing,256,02:00:00:00:00:01,02:00:00:00:00:02,0x88b5,reverse,1,1604
2209,1787041232027619,l_left,4,outgoing,256,02:00:00:00:00:01,02:00:00:00:00:02,0x88b5,reverse,1,1605
2210,1787041232027635,l_left,4,outgoing,256,02:00:00:00:00:01,02:00:00:00:00:02,0x88b5,reverse,1,1606
2211,1787041232027660,l_left,4,outgoing,256,02:00:00:00:00:01,02:00:00:00:00:02,0x88b5,reverse,1,1607
2212,1787041232027675,l_left,4,outgoing,256,02:00:00:00:00:01,02:00:00:00:00:02,0x88b5,reverse,1,1608
2213,1787041232027940,l_left,4,outgoing,256,02:00:00:00:00:01,02:00:00:00:00:02,0x88b5,reverse,1,1609
2214,1787041232027998,l_left,4,outgoing,256,02:00:00:00:00:01,02:00:00:00:00:02,0x88b5,reverse,1,1610
2215,1787041232028234,l_left,4,outgoing,256,02:00:00:00:00:01,02:00:00:00:00:02,0x88b5,reverse,1,1611
2216,1787041232028487,l_left,4,outgoing,256,02:00:00:00:00:01,02:00:00:00:00:02,0x88b5,reverse,1,1612
2217,1787041232028745,l_left,4,outgoing,256,02:00:00:00:00:01,02:00:00:00:00:02,0x88b5,reverse,1,1613
2218,1787041232029002,l_left,4,outgoing,256,02:00:00:00:00:01,02:00:00:00:00:02,0x88b5,reverse,1,1614
2219,1787041232029255,l_left,4,outgoing,256,02:00:00:00:00:01,02:00:00:00:00:02,0x88b5,reverse,1,1615
2220,1787041232029666,l_left,3,otherhost,256,02:00:00:00:00:02,02:00:00:00:00:01,0x88b5,forward,1,604
2221,1787041232029704,l_left,3,otherhost,256,02:00:00:00:00:02,02:00:00:00:00:01,0x88b5,forward,1,605
2222,1787041232036287,l_left,3,otherhost,256,02:00:00:00:00:02,02:00:00:00:00:01,0x88b5,forward,1,606
2223,1787041232036329,l_left,3,otherhost,256,02:00:00:00:00:02,02:00:00:00:00:01,0x88b5,forward,1,607
2224,1787041232036350,l_left,3,otherhost,256,02:00:00:00:00:02,02:00:00:00:00:01,0x88b5,forward,1,608
2225,1787041232036642,l_left,3,otherhost,256,02:00:00:00:00:02,02:00:00:00:00:01,0x88b5,forward,1,609
2226,1787041232037099,l_left,4,outgoing,256,02:00:00:00:00:01,02:00:00:00:00:02,0x88b5,reverse,1,1616
2227,1787041232037170,l_left,4,outgoing,256,02:00:00:00:00:01,02:00:00:00:00:02,0x88b5,reverse,1,1617
2228,1787041232237523,l_left,4,outgoing,256,02:00:00:00:00:01,02:00:00:00:00:02,0x88b5,reverse,1,1618
2229,1787041232237585,l_left,4,outgoing,256,02:00:00:00:00:01,02:00:00:00:00:02,0x88b5,reverse,1,1619
2230,1787041232237608,l_left,4,outgoing,256,02:00:00:00:00:01,02:00:00:00:00:02,0x88b5,reverse,1,1620
2231,1787041232237633,l_left,4,outgoing,256,02:00:00:00:00:01,02:00:00:00:00:02,0x88b5,reverse,1,1621
2232,1787041232237666,l_left,4,outgoing,256,02:00:00:00:00:01,02:00:00:00:00:02,0x88b5,reverse,1,1622
2233,1787041232237683,l_left,4,outgoing,256,02:00:00:00:00:01,02:00:00:00:00:02,0x88b5,reverse,1,1623
2234,1787041232237697,l_left,4,outgoing,256,02:00:00:00:00:01,02:00:00:00:00:02,0x88b5,reverse,1,1624
2235,1787041232237711,l_left,4,outgoing,256,02:00:00:00:00:01,02:00:00:00:00:02,0x88b5,reverse,1,1625
2236,1787041232237986,l_left,4,outgoing,256,02:00:00:00:00:01,02:00:00:00:00:02,0x88b5,reverse,1,1626
2237,1787041232238242,l_left,4,outgoing,256,02:00:00:00:00:01,02:00:00:00:00:02,0x88b5,reverse,1,1627
2238,1787041232238495,l_left,4,outgoing,256,02:00:00:00:00:01,02:00:00:00:00:02,0x88b5,reverse,1,1628
2239,1787041232238741,l_left,4,outgoing,256,02:00:00:00:00:01,02:00:00:00:00:02,0x88b5,reverse,1,1629
2240,1787041232238994,l_left,4,outgoing,256,02:00:00:00:00:01,02:00:00:00:00:02,0x88b5,reverse,1,1630
2241,1787041232239246,l_left,4,outgoing,256,02:00:00:00:00:01,02:00:00:00:00:02,0x88b5,reverse,1,1631
2242,1787041232239573,l_left,3,otherhost,256,02:00:00:00:00:02,02:00:00:00:00:01,0x88b5,forward,1,610
2243,1787041232239611,l_left,3,otherhost,256,02:00:00:00:00:02,02:00:00:00:00:01,0x88b5,forward,1,611
2244,1787041232246153,l_left,3,otherhost,256,02:00:00:00:00:02,02:00:00:00:00:01,0x88b5,forward,1,612
2245,1787041232246202,l_left,3,otherhost,256,02:00:00:00:00:02,02:00:00:00:00:01,0x88b5,forward,1,613
2246,1787041232246360,l_left,3,otherhost,256,02:00:00:00:00:02,02:00:00:00:00:01,0x88b5,forward,1,614
2247,1787041232246607,l_left,3,otherhost,256,02:00:00:00:00:02,02:00:00:00:00:01,0x88b5,forward,1,615
2248,1787041232247275,l_left,4,outgoing,256,02:00:00:00:00:01,02:00:00:00:00:02,0x88b5,reverse,1,1632
2249,1787041232247308,l_left,4,outgoing,256,02:00:00:00:00:01,02:00:00:00:00:02,0x88b5,reverse,1,1633
2250,1787041232447335,l_left,4,outgoing,256,02:00:00:00:00:01,02:00:00:00:00:02,0x88b5,reverse,1,1634
2251,1787041232447398,l_left,4,outgoing,256,02:00:00:00:00:01,02:00:00:00:00:02,0x88b5,reverse,1,1635
2252,1787041232447420,l_left,4,outgoing,256,02:00:00:00:00:01,02:00:00:00:00:02,0x88b5,reverse,1,1636
2253,1787041232447438,l_left,4,outgoing,256,02:00:00:00:00:01,02:00:00:00:00:02,0x88b5,reverse,1,1637
2254,1787041232447453,l_left,4,outgoing,256,02:00:00:00:00:01,02:00:00:00:00:02,0x88b5,reverse,1,1638
2255,1787041232447467,l_left,4,outgoing,256,02:00:00:00:00:01,02:00:00:00:00:02,0x88b5,reverse,1,1639
2256,1787041232447488,l_left,4,outgoing,256,02:00:00:00:00:01,02:00:00:00:00:02,0x88b5,reverse,1,1640
2257,1787041232447857,l_left,4,outgoing,256,02:00:00:00:00:01,02:00:00:00:00:02,0x88b5,reverse,1,1641
2258,1787041232447920,l_left,4,outgoing,256,02:00:00:00:00:01,02:00:00:00:00:02,0x88b5,reverse,1,1642
2259,1787041232448248,l_left,4,outgoing,256,02:00:00:00:00:01,02:00:00:00:00:02,0x88b5,reverse,1,1643
2260,1787041232448454,l_left,4,outgoing,256,02:00:00:00:00:01,02:00:00:00:00:02,0x88b5,reverse,1,1644
2261,1787041232448735,l_left,4,outgoing,256,02:00:00:00:00:01,02:00:00:00:00:02,0x88b5,reverse,1,1645
2262,1787041232448989,l_left,4,outgoing,256,02:00:00:00:00:01,02:00:00:00:00:02,0x88b5,reverse,1,1646
2263,1787041232449247,l_left,4,outgoing,256,02:00:00:00:00:01,02:00:00:00:00:02,0x88b5,reverse,1,1647
2264,1787041232449656,l_left,3,otherhost,256,02:00:00:00:00:02,02:00:00:00:00:01,0x88b5,forward,1,616
2265,1787041232449694,l_left,3,otherhost,256,02:00:00:00:00:02,02:00:00:00:00:01,0x88b5,forward,1,617
2266,1787041232456197,l_left,3,otherhost,256,02:00:00:00:00:02,02:00:00:00:00:01,0x88b5,forward,1,618
2267,1787041232456242,l_left,3,otherhost,256,02:00:00:00:00:02,02:00:00:00:00:01,0x88b5,forward,1,619
2268,1787041232456457,l_left,3,otherhost,256,02:00:00:00:00:02,02:00:00:00:00:01,0x88b5,forward,1,620
2269,1787041232456636,l_left,3,otherhost,256,02:00:00:00:00:02,02:00:00:00:00:01,0x88b5,forward,1,621
2270,1787041232457350,l_left,4,outgoing,256,02:00:00:00:00:01,02:00:00:00:00:02,0x88b5,reverse,1,1648
2271,1787041232457391,l_left,4,outgoing,256,02:00:00:00:00:01,02:00:00:00:00:02,0x88b5,reverse,1,1649
2272,1787041232657279,l_left,4,outgoing,256,02:00:00:00:00:01,02:00:00:00:00:02,0x88b5,reverse,1,1650
2273,1787041232657341,l_left,4,outgoing,256,02:00:00:00:00:01,02:00:00:00:00:02,0x88b5,reverse,1,1651
2274,1787041232657364,l_left,4,outgoing,256,02:00:00:00:00:01,02:00:00:00:00:02,0x88b5,reverse,1,1652
2275,1787041232657381,l_left,4,outgoing,256,02:00:00:00:00:01,02:00:00:00:00:02,0x88b5,reverse,1,1653
2276,1787041232657397,l_left,4,outgoing,256,02:00:00:00:00:01,02:00:00:00:00:02,0x88b5,reverse,1,1654
2277,1787041232657412,l_left,4,outgoing,256,02:00:00:00:00:01,02:00:00:00:00:02,0x88b5,reverse,1,1655
2278,1787041232657430,l_left,4,outgoing,256,02:00:00:00:00:01,02:00:00:00:00:02,0x88b5,reverse,1,1656
2279,1787041232657734,l_left,4,outgoing,256,02:00:00:00:00:01,02:00:00:00:00:02,0x88b5,reverse,1,1657
2280,1787041232657989,l_left,4,outgoing,256,02:00:00:00:00:01,02:00:00:00:00:02,0x88b5,reverse,1,1658
2281,1787041232658239,l_left,4,outgoing,256,02:00:00:00:00:01,02:00:00:00:00:02,0x88b5,reverse,1,1659
2282,1787041232658492,l_left,4,outgoing,256,02:00:00:00:00:01,02:00:00:00:00:02,0x88b5,reverse,1,1660
2283,1787041232658743,l_left,4,outgoing,256,02:00:00:00:00:01,02:00:00:00:00:02,0x88b5,reverse,1,1661
2284,1787041232658987,l_left,4,outgoing,256,02:00:00:00:00:01,02:00:00:00:00:02,0x88b5,reverse,1,1662
2285,1787041232659204,l_left,4,outgoing,256,02:00:00:00:00:01,02:00:00:00:00:02,0x88b5,reverse,1,1663
2286,1787041232659645,l_left,3,otherhost,256,02:00:00:00:00:02,02:00:00:00:00:01,0x88b5,forward,1,622
2287,1787041232659683,l_left,3,otherhost,256,02:00:00:00:00:02,02:00:00:00:00:01,0x88b5,forward,1,623
2288,1787041232666195,l_left,3,otherhost,256,02:00:00:00:00:02,02:00:00:00:00:01,0x88b5,forward,1,624
2289,1787041232666251,l_left,3,otherhost,256,02:00:00:00:00:02,02:00:00:00:00:01,0x88b5,forward,1,625
2290,1787041232666410,l_left,3,otherhost,256,02:00:00:00:00:02,02:00:00:00:00:01,0x88b5,forward,1,626
2291,1787041232666619,l_left,3,otherhost,256,02:00:00:00:00:02,02:00:00:00:00:01,0x88b5,forward,1,627
2292,1787041232667232,l_left,4,outgoing,256,02:00:00:00:00:01,02:00:00:00:00:02,0x88b5,reverse,1,1664
2293,1787041232667267,l_left,4,outgoing,256,02:00:00:00:00:01,02:00:00:00:00:02,0x88b5,reverse,1,1665
2294,1787041232866980,l_left,4,outgoing,256,02:00:00:00:00:01,02:00:00:00:00:02,0x88b5,reverse,1,1666
2295,1787041232867044,l_left,4,outgoing,256,02:00:00:00:00:01,02:00:00:00:00:02,0x88b5,reverse,1,1667
2296,1787041232867066,l_left,4,outgoing,256,02:00:00:00:00:01,02:00:00:00:00:02,0x88b5,reverse,1,1668
2297,1787041232867083,l_left,4,outgoing,256,02:00:00:00:00:01,02:00:00:00:00:02,0x88b5,reverse,1,1669
2298,1787041232867098,l_left,4,outgoing,256,02:00:00:00:00:01,02:00:00:00:00:02,0x88b5,reverse,1,1670
2299,1787041232867124,l_left,4,outgoing,256,02:00:00:00:00:01,02:00:00:00:00:02,0x88b5,reverse,1,1671
2300,1787041232867490,l_left,4,outgoing,256,02:00:00:00:00:01,02:00:00:00:00:02,0x88b5,reverse,1,1672
2301,1787041232867744,l_left,4,outgoing,256,02:00:00:00:00:01,02:00:00:00:00:02,0x88b5,reverse,1,1673
2302,1787041232867988,l_left,4,outgoing,256,02:00:00:00:00:01,02:00:00:00:00:02,0x88b5,reverse,1,1674
2303,1787041232868242,l_left,4,outgoing,256,02:00:00:00:00:01,02:00:00:00:00:02,0x88b5,reverse,1,1675
2304,1787041232868495,l_left,4,outgoing,256,02:00:00:00:00:01,02:00:00:00:00:02,0x88b5,reverse,1,1676
2305,1787041232868748,l_left,4,outgoing,256,02:00:00:00:00:01,02:00:00:00:00:02,0x88b5,reverse,1,1677
2306,1787041232868981,l_left,4,outgoing,256,02:00:00:00:00:01,02:00:00:00:00:02,0x88b5,reverse,1,1678
2307,1787041232869168,l_left,4,outgoing,256,02:00:00:00:00:01,02:00:00:00:00:02,0x88b5,reverse,1,1679
2308,1787041232869556,l_left,3,otherhost,256,02:00:00:00:00:02,02:00:00:00:00:01,0x88b5,forward,1,628
2309,1787041232869594,l_left,3,otherhost,256,02:00:00:00:00:02,02:00:00:00:00:01,0x88b5,forward,1,629
2310,1787041232876200,l_left,3,otherhost,256,02:00:00:00:00:02,02:00:00:00:00:01,0x88b5,forward,1,630
2311,1787041232876236,l_left,3,otherhost,256,02:00:00:00:00:02,02:00:00:00:00:01,0x88b5,forward,1,631
2312,1787041232876475,l_left,3,otherhost,256,02:00:00:00:00:02,02:00:00:00:00:01,0x88b5,forward,1,632
2313,1787041232876611,l_left,3,otherhost,256,02:00:00:00:00:02,02:00:00:00:00:01,0x88b5,forward,1,633
2314,1787041232877183,l_left,4,outgoing,256,02:00:00:00:00:01,02:00:00:00:00:02,0x88b5,reverse,1,1680
2315,1787041232877219,l_left,4,outgoing,256,02:00:00:00:00:01,02:00:00:00:00:02,0x88b5,reverse,1,1681
2316,1787041233077212,l_left,4,outgoing,256,02:00:00:00:00:01,02:00:00:00:00:02,0x88b5,reverse,1,1682
2317,1787041233077275,l_left,4,outgoing,256,02:00:00:00:00:01,02:00:00:00:00:02,0x88b5,reverse,1,1683
2318,1787041233077298,l_left,4,outgoing,256,02:00:00:00:00:01,02:00:00:00:00:02,0x88b5,reverse,1,1684
2319,1787041233077315,l_left,4,outgoing,256,02:00:00:00:00:01,02:00:00:00:00:02,0x88b5,reverse,1,1685
2320,1787041233077330,l_left,4,outgoing,256,02:00:00:00:00:01,02:00:00:00:00:02,0x88b5,reverse,1,1686
2321,1787041233077345,l_left,4,outgoing,256,02:00:00:00:00:01,02:00:00:00:00:02,0x88b5,reverse,1,1687
2322,1787041233077363,l_left,4,outgoing,256,02:00:00:00:00:01,02:00:00:00:00:02,0x88b5,reverse,1,1688
2323,1787041233077733,l_left,4,outgoing,256,02:00:00:00:00:01,02:00:00:00:00:02,0x88b5,reverse,1,1689
2324,1787041233077989,l_left,4,outgoing,256,02:00:00:00:00:01,02:00:00:00:00:02,0x88b5,reverse,1,1690
2325,1787041233078243,l_left,4,outgoing,256,02:00:00:00:00:01,02:00:00:00:00:02,0x88b5,reverse,1,1691
2326,1787041233078503,l_left,4,outgoing,256,02:00:00:00:00:01,02:00:00:00:00:02,0x88b5,reverse,1,1692
2327,1787041233078768,l_left,4,outgoing,256,02:00:00:00:00:01,02:00:00:00:00:02,0x88b5,reverse,1,1693
2328,1787041233078981,l_left,4,outgoing,256,02:00:00:00:00:01,02:00:00:00:00:02,0x88b5,reverse,1,1694
2329,1787041233079203,l_left,4,outgoing,256,02:00:00:00:00:01,02:00:00:00:00:02,0x88b5,reverse,1,1695
2330,1787041233079574,l_left,3,otherhost,256,02:00:00:00:00:02,02:00:00:00:00:01,0x88b5,forward,1,634
2331,1787041233079613,l_left,3,otherhost,256,02:00:00:00:00:02,02:00:00:00:00:01,0x88b5,forward,1,635
2332,1787041233086092,l_left,3,otherhost,256,02:00:00:00:00:02,02:00:00:00:00:01,0x88b5,forward,1,636
2333,1787041233086136,l_left,3,otherhost,256,02:00:00:00:00:02,02:00:00:00:00:01,0x88b5,forward,1,637
2334,1787041233086359,l_left,3,otherhost,256,02:00:00:00:00:02,02:00:00:00:00:01,0x88b5,forward,1,638
2335,1787041233086607,l_left,3,otherhost,256,02:00:00:00:00:02,02:00:00:00:00:01,0x88b5,forward,1,639
2336,1787041233087127,l_left,4,outgoing,256,02:00:00:00:00:01,02:00:00:00:00:02,0x88b5,reverse,1,1696
2337,1787041233087151,l_left,4,outgoing,256,02:00:00:00:00:01,02:00:00:00:00:02,0x88b5,reverse,1,1697
2338,1787041233286969,l_left,4,outgoing,256,02:00:00:00:00:01,02:00:00:00:00:02,0x88b5,reverse,1,1698
2339,1787041233287033,l_left,4,outgoing,256,02:00:00:00:00:01,02:00:00:00:00:02,0x88b5,reverse,1,1699
2340,1787041233287056,l_left,4,outgoing,256,02:00:00:00:00:01,02:00:00:00:00:02,0x88b5,reverse,1,1700
2341,1787041233287073,l_left,4,outgoing,256,02:00:00:00:00:01,02:00:00:00:00:02,0x88b5,reverse,1,1701
2342,1787041233287089,l_left,4,outgoing,256,02:00:00:00:00:01,02:00:00:00:00:02,0x88b5,reverse,1,1702
2343,1787041233287287,l_left,4,outgoing,256,02:00:00:00:00:01,02:00:00:00:00:02,0x88b5,reverse,1,1703
2344,1787041233287537,l_left,4,outgoing,256,02:00:00:00:00:01,02:00:00:00:00:02,0x88b5,reverse,1,1704
2345,1787041233287748,l_left,4,outgoing,256,02:00:00:00:00:01,02:00:00:00:00:02,0x88b5,reverse,1,1705
2346,1787041233287990,l_left,4,outgoing,256,02:00:00:00:00:01,02:00:00:00:00:02,0x88b5,reverse,1,1706
2347,1787041233288242,l_left,4,outgoing,256,02:00:00:00:00:01,02:00:00:00:00:02,0x88b5,reverse,1,1707
2348,1787041233288488,l_left,4,outgoing,256,02:00:00:00:00:01,02:00:00:00:00:02,0x88b5,reverse,1,1708
2349,1787041233288729,l_left,4,outgoing,256,02:00:00:00:00:01,02:00:00:00:00:02,0x88b5,reverse,1,1709
2350,1787041233288907,l_left,4,outgoing,256,02:00:00:00:00:01,02:00:00:00:00:02,0x88b5,reverse,1,1710
2351,1787041233289163,l_left,4,outgoing,256,02:00:00:00:00:01,02:00:00:00:00:02,0x88b5,reverse,1,1711
2352,1787041233290317,l_left,3,otherhost,256,02:00:00:00:00:02,02:00:00:00:00:01,0x88b5,forward,1,640
2353,1787041233290342,l_left,3,otherhost,256,02:00:00:00:00:02,02:00:00:00:00:01,0x88b5,forward,1,641
2354,1787041233296247,l_left,3,otherhost,256,02:00:00:00:00:02,02:00:00:00:00:01,0x88b5,forward,1,642
2355,1787041233296284,l_left,3,otherhost,256,02:00:00:00:00:02,02:00:00:00:00:01,0x88b5,forward,1,643
2356,1787041233296470,l_left,3,otherhost,256,02:00:00:00:00:02,02:00:00:00:00:01,0x88b5,forward,1,644
2357,1787041233296611,l_left,3,otherhost,256,02:00:00:00:00:02,02:00:00:00:00:01,0x88b5,forward,1,645
2358,1787041233297146,l_left,4,outgoing,256,02:00:00:00:00:01,02:00:00:00:00:02,0x88b5,reverse,1,1712
2359,1787041233297167,l_left,4,outgoing,256,02:00:00:00:00:01,02:00:00:00:00:02,0x88b5,reverse,1,1713
2360,1787041233497346,l_left,4,outgoing,256,02:00:00:00:00:01,02:00:00:00:00:02,0x88b5,reverse,1,1714
2361,1787041233497408,l_left,4,outgoing,256,02:00:00:00:00:01,02:00:00:00:00:02,0x88b5,reverse,1,1715
2362,1787041233497437,l_left,4,outgoing,256,02:00:00:00:00:01,02:00:00:00:00:02,0x88b5,reverse,1,1716
2363,1787041233497455,l_left,4,outgoing,256,02:00:00:00:00:01,02:00:00:00:00:02,0x88b5,reverse,1,1717
2364,1787041233497479,l_left,4,outgoing,256,02:00:00:00:00:01,02:00:00:00:00:02,0x88b5,reverse,1,1718
2365,1787041233497499,l_left,4,outgoing,256,02:00:00:00:00:01,02:00:00:00:00:02,0x88b5,reverse,1,1719
2366,1787041233497514,l_left,4,outgoing,256,02:00:00:00:00:01,02:00:00:00:00:02,0x88b5,reverse,1,1720
2367,1787041233497815,l_left,4,outgoing,256,02:00:00:00:00:01,02:00:00:00:00:02,0x88b5,reverse,1,1721
2368,1787041233497911,l_left,4,outgoing,256,02:00:00:00:00:01,02:00:00:00:00:02,0x88b5,reverse,1,1722
2369,1787041233498234,l_left,4,outgoing,256,02:00:00:00:00:01,02:00:00:00:00:02,0x88b5,reverse,1,1723
2370,1787041233498492,l_left,4,outgoing,256,02:00:00:00:00:01,02:00:00:00:00:02,0x88b5,reverse,1,1724
2371,1787041233498745,l_left,4,outgoing,256,02:00:00:00:00:01,02:00:00:00:00:02,0x88b5,reverse,1,1725
2372,1787041233498997,l_left,4,outgoing,256,02:00:00:00:00:01,02:00:00:00:00:02,0x88b5,reverse,1,1726
2373,1787041233499233,l_left,4,outgoing,256,02:00:00:00:00:01,02:00:00:00:00:02,0x88b5,reverse,1,1727
2374,1787041233499645,l_left,3,otherhost,256,02:00:00:00:00:02,02:00:00:00:00:01,0x88b5,forward,1,646
2375,1787041233499683,l_left,3,otherhost,256,02:00:00:00:00:02,02:00:00:00:00:01,0x88b5,forward,1,647
2376,1787041233506188,l_left,3,otherhost,256,02:00:00:00:00:02,02:00:00:00:00:01,0x88b5,forward,1,648
2377,1787041233506233,l_left,3,otherhost,256,02:00:00:00:00:02,02:00:00:00:00:01,0x88b5,forward,1,649
2378,1787041233506447,l_left,3,otherhost,256,02:00:00:00:00:02,02:00:00:00:00:01,0x88b5,forward,1,650
2379,1787041233506636,l_left,3,otherhost,256,02:00:00:00:00:02,02:00:00:00:00:01,0x88b5,forward,1,651
2380,1787041233507272,l_left,4,outgoing,256,02:00:00:00:00:01,02:00:00:00:00:02,0x88b5,reverse,1,1728
2381,1787041233507331,l_left,4,outgoing,256,02:00:00:00:00:01,02:00:00:00:00:02,0x88b5,reverse,1,1729
2382,1787041233706936,l_left,4,outgoing,256,02:00:00:00:00:01,02:00:00:00:00:02,0x88b5,reverse,1,1730
2383,1787041233706999,l_left,4,outgoing,256,02:00:00:00:00:01,02:00:00:00:00:02,0x88b5,reverse,1,1731
2384,1787041233707023,l_left,4,outgoing,256,02:00:00:00:00:01,02:00:00:00:00:02,0x88b5,reverse,1,1732
2385,1787041233707048,l_left,4,outgoing,256,02:00:00:00:00:01,02:00:00:00:00:02,0x88b5,reverse,1,1733
2386,1787041233707076,l_left,4,outgoing,256,02:00:00:00:00:01,02:00:00:00:00:02,0x88b5,reverse,1,1734
2387,1787041233707222,l_left,4,outgoing,256,02:00:00:00:00:01,02:00:00:00:00:02,0x88b5,reverse,1,1735
2388,1787041233707487,l_left,4,outgoing,256,02:00:00:00:00:01,02:00:00:00:00:02,0x88b5,reverse,1,1736
2389,1787041233707738,l_left,4,outgoing,256,02:00:00:00:00:01,02:00:00:00:00:02,0x88b5,reverse,1,1737
2390,1787041233707992,l_left,4,outgoing,256,02:00:00:00:00:01,02:00:00:00:00:02,0x88b5,reverse,1,1738
2391,1787041233708242,l_left,4,outgoing,256,02:00:00:00:00:01,02:00:00:00:00:02,0x88b5,reverse,1,1739
2392,1787041233708489,l_left,4,outgoing,256,02:00:00:00:00:01,02:00:00:00:00:02,0x88b5,reverse,1,1740
2393,1787041233708673,l_left,4,outgoing,256,02:00:00:00:00:01,02:00:00:00:00:02,0x88b5,reverse,1,1741
2394,1787041233708899,l_left,4,outgoing,256,02:00:00:00:00:01,02:00:00:00:00:02,0x88b5,reverse,1,1742
2395,1787041233709122,l_left,4,outgoing,256,02:00:00:00:00:01,02:00:00:00:00:02,0x88b5,reverse,1,1743
2396,1787041233709737,l_left,3,otherhost,256,02:00:00:00:00:02,02:00:00:00:00:01,0x88b5,forward,1,652
2397,1787041233709762,l_left,3,otherhost,256,02:00:00:00:00:02,02:00:00:00:00:01,0x88b5,forward,1,653
2398,1787041233716401,l_left,3,otherhost,256,02:00:00:00:00:02,02:00:00:00:00:01,0x88b5,forward,1,654
2399,1787041233716420,l_left,3,otherhost,256,02:00:00:00:00:02,02:00:00:00:00:01,0x88b5,forward,1,655
2400,1787041233716434,l_left,3,otherhost,256,02:00:00:00:00:02,02:00:00:00:00:01,0x88b5,forward,1,656
2401,1787041233716617,l_left,3,otherhost,256,02:00:00:00:00:02,02:00:00:00:00:01,0x88b5,forward,1,657
2402,1787041233717234,l_left,4,outgoing,256,02:00:00:00:00:01,02:00:00:00:00:02,0x88b5,reverse,1,1744
2403,1787041233717253,l_left,4,outgoing,256,02:00:00:00:00:01,02:00:00:00:00:02,0x88b5,reverse,1,1745
2404,1787041233916915,l_left,4,outgoing,256,02:00:00:00:00:01,02:00:00:00:00:02,0x88b5,reverse,1,1746
2405,1787041233916985,l_left,4,outgoing,256,02:00:00:00:00:01,02:00:00:00:00:02,0x88b5,reverse,1,1747
2406,1787041233917014,l_left,4,outgoing,256,02:00:00:00:00:01,02:00:00:00:00:02,0x88b5,reverse,1,1748
2407,1787041233917033,l_left,4,outgoing,256,02:00:00:00:00:01,02:00:00:00:00:02,0x88b5,reverse,1,1749
2408,1787041233917049,l_left,4,outgoing,256,02:00:00:00:00:01,02:00:00:00:00:02,0x88b5,reverse,1,1750
2409,1787041233917307,l_left,4,outgoing,256,02:00:00:00:00:01,02:00:00:00:00:02,0x88b5,reverse,1,1751
2410,1787041233917384,l_left,4,outgoing,256,02:00:00:00:00:01,02:00:00:00:00:02,0x88b5,reverse,1,1752
2411,1787041233917735,l_left,4,outgoing,256,02:00:00:00:00:01,02:00:00:00:00:02,0x88b5,reverse,1,1753
2412,1787041233917996,l_left,4,outgoing,256,02:00:00:00:00:01,02:00:00:00:00:02,0x88b5,reverse,1,1754
2413,1787041233918246,l_left,4,outgoing,256,02:00:00:00:00:01,02:00:00:00:00:02,0x88b5,reverse,1,1755
2414,1787041233918490,l_left,4,outgoing,256,02:00:00:00:00:01,02:00:00:00:00:02,0x88b5,reverse,1,1756
2415,1787041233918740,l_left,4,outgoing,256,02:00:00:00:00:01,02:00:00:00:00:02,0x88b5,reverse,1,1757
2416,1787041233918943,l_left,4,outgoing,256,02:00:00:00:00:01,02:00:00:00:00:02,0x88b5,reverse,1,1758
2417,1787041233919126,l_left,4,outgoing,256,02:00:00:00:00:01,02:00:00:00:00:02,0x88b5,reverse,1,1759
2418,1787041233919669,l_left,3,otherhost,256,02:00:00:00:00:02,02:00:00:00:00:01,0x88b5,forward,1,658
2419,1787041233919696,l_left,3,otherhost,256,02:00:00:00:00:02,02:00:00:00:00:01,0x88b5,forward,1,659
2420,1787041233926454,l_left,3,otherhost,256,02:00:00:00:00:02,02:00:00:00:00:01,0x88b5,forward,1,660
2421,1787041233926475,l_left,3,otherhost,256,02:00:00:00:00:02,02:00:00:00:00:01,0x88b5,forward,1,661
2422,1787041233926490,l_left,3,otherhost,256,02:00:00:00:00:02,02:00:00:00:00:01,0x88b5,forward,1,662
2423,1787041233926608,l_left,3,otherhost,256,02:00:00:00:00:02,02:00:00:00:00:01,0x88b5,forward,1,663
2424,1787041233926962,l_left,4,outgoing,256,02:00:00:00:00:01,02:00:00:00:00:02,0x88b5,reverse,1,1760
2425,1787041233927113,l_left,4,outgoing,256,02:00:00:00:00:01,02:00:00:00:00:02,0x88b5,reverse,1,1761
2426,1787041234126935,l_left,4,outgoing,256,02:00:00:00:00:01,02:00:00:00:00:02,0x88b5,reverse,1,1762
2427,1787041234126998,l_left,4,outgoing,256,02:00:00:00:00:01,02:00:00:00:00:02,0x88b5,reverse,1,1763
2428,1787041234127046,l_left,4,outgoing,256,02:00:00:00:00:01,02:00:00:00:00:02,0x88b5,reverse,1,1764
2429,1787041234127065,l_left,4,outgoing,256,02:00:00:00:00:01,02:00:00:00:00:02,0x88b5,reverse,1,1765
2430,1787041234127083,l_left,4,outgoing,256,02:00:00:00:00:01,02:00:00:00:00:02,0x88b5,reverse,1,1766
2431,1787041234127213,l_left,4,outgoing,256,02:00:00:00:00:01,02:00:00:00:00:02,0x88b5,reverse,1,1767
2432,1787041234127491,l_left,4,outgoing,256,02:00:00:00:00:01,02:00:00:00:00:02,0x88b5,reverse,1,1768
2433,1787041234127759,l_left,4,outgoing,256,02:00:00:00:00:01,02:00:00:00:00:02,0x88b5,reverse,1,1769
2434,1787041234127916,l_left,4,outgoing,256,02:00:00:00:00:01,02:00:00:00:00:02,0x88b5,reverse,1,1770
2435,1787041234128233,l_left,4,outgoing,256,02:00:00:00:00:01,02:00:00:00:00:02,0x88b5,reverse,1,1771
2436,1787041234128429,l_left,4,outgoing,256,02:00:00:00:00:01,02:00:00:00:00:02,0x88b5,reverse,1,1772
2437,1787041234128677,l_left,4,outgoing,256,02:00:00:00:00:01,02:00:00:00:00:02,0x88b5,reverse,1,1773
2438,1787041234128881,l_left,4,outgoing,256,02:00:00:00:00:01,02:00:00:00:00:02,0x88b5,reverse,1,1774
2439,1787041234129132,l_left,4,outgoing,256,02:00:00:00:00:01,02:00:00:00:00:02,0x88b5,reverse,1,1775
2440,1787041234129541,l_left,3,otherhost,256,02:00:00:00:00:02,02:00:00:00:00:01,0x88b5,forward,1,664
2441,1787041234129569,l_left,3,otherhost,256,02:00:00:00:00:02,02:00:00:00:00:01,0x88b5,forward,1,665
2442,1787041234136154,l_left,3,otherhost,256,02:00:00:00:00:02,02:00:00:00:00:01,0x88b5,forward,1,666
2443,1787041234136173,l_left,3,otherhost,256,02:00:00:00:00:02,02:00:00:00:00:01,0x88b5,forward,1,667
2444,1787041234136678,l_left,3,otherhost,256,02:00:00:00:00:02,02:00:00:00:00:01,0x88b5,forward,1,668
2445,1787041234136694,l_left,3,otherhost,256,02:00:00:00:00:02,02:00:00:00:00:01,0x88b5,forward,1,669
2446,1787041234137090,l_left,4,outgoing,256,02:00:00:00:00:01,02:00:00:00:00:02,0x88b5,reverse,1,1776
2447,1787041234137115,l_left,4,outgoing,256,02:00:00:00:00:01,02:00:00:00:00:02,0x88b5,reverse,1,1777
2448,1787041234337343,l_left,4,outgoing,256,02:00:00:00:00:01,02:00:00:00:00:02,0x88b5,reverse,1,1778
2449,1787041234337416,l_left,4,outgoing,256,02:00:00:00:00:01,02:00:00:00:00:02,0x88b5,reverse,1,1779
2450,1787041234337438,l_left,4,outgoing,256,02:00:00:00:00:01,02:00:00:00:00:02,0x88b5,reverse,1,1780
2451,1787041234337456,l_left,4,outgoing,256,02:00:00:00:00:01,02:00:00:00:00:02,0x88b5,reverse,1,1781
2452,1787041234337471,l_left,4,outgoing,256,02:00:00:00:00:01,02:00:00:00:00:02,0x88b5,reverse,1,1782
2453,1787041234337486,l_left,4,outgoing,256,02:00:00:00:00:01,02:00:00:00:00:02,0x88b5,reverse,1,1783
2454,1787041234337500,l_left,4,outgoing,256,02:00:00:00:00:01,02:00:00:00:00:02,0x88b5,reverse,1,1784
2455,1787041234337752,l_left,4,outgoing,256,02:00:00:00:00:01,02:00:00:00:00:02,0x88b5,reverse,1,1785
2456,1787041234337992,l_left,4,outgoing,256,02:00:00:00:00:01,02:00:00:00:00:02,0x88b5,reverse,1,1786
2457,1787041234338242,l_left,4,outgoing,256,02:00:00:00:00:01,02:00:00:00:00:02,0x88b5,reverse,1,1787
2458,1787041234338501,l_left,4,outgoing,256,02:00:00:00:00:01,02:00:00:00:00:02,0x88b5,reverse,1,1788
2459,1787041234338746,l_left,4,outgoing,256,02:00:00:00:00:01,02:00:00:00:00:02,0x88b5,reverse,1,1789
2460,1787041234339001,l_left,4,outgoing,256,02:00:00:00:00:01,02:00:00:00:00:02,0x88b5,reverse,1,1790
2461,1787041234339226,l_left,4,outgoing,256,02:00:00:00:00:01,02:00:00:00:00:02,0x88b5,reverse,1,1791
2462,1787041234339774,l_left,3,otherhost,256,02:00:00:00:00:02,02:00:00:00:00:01,0x88b5,forward,1,670
2463,1787041234339819,l_left,3,otherhost,256,02:00:00:00:00:02,02:00:00:00:00:01,0x88b5,forward,1,671
2464,1787041234346130,l_left,3,otherhost,256,02:00:00:00:00:02,02:00:00:00:00:01,0x88b5,forward,1,672
2465,1787041234346174,l_left,3,otherhost,256,02:00:00:00:00:02,02:00:00:00:00:01,0x88b5,forward,1,673
2466,1787041234346359,l_left,3,otherhost,256,02:00:00:00:00:02,02:00:00:00:00:01,0x88b5,forward,1,674
2467,1787041234346606,l_left,3,otherhost,256,02:00:00:00:00:02,02:00:00:00:00:01,0x88b5,forward,1,675
2468,1787041234347116,l_left,4,outgoing,256,02:00:00:00:00:01,02:00:00:00:00:02,0x88b5,reverse,1,1792
2469,1787041234347143,l_left,4,outgoing,256,02:00:00:00:00:01,02:00:00:00:00:02,0x88b5,reverse,1,1793
2470,1787041234547337,l_left,4,outgoing,256,02:00:00:00:00:01,02:00:00:00:00:02,0x88b5,reverse,1,1794
2471,1787041234547400,l_left,4,outgoing,256,02:00:00:00:00:01,02:00:00:00:00:02,0x88b5,reverse,1,1795
2472,1787041234547443,l_left,4,outgoing,256,02:00:00:00:00:01,02:00:00:00:00:02,0x88b5,reverse,1,1796
2473,1787041234547462,l_left,4,outgoing,256,02:00:00:00:00:01,02:00:00:00:00:02,0x88b5,reverse,1,1797
2474,1787041234547477,l_left,4,outgoing,256,02:00:00:00:00:01,02:00:00:00:00:02,0x88b5,reverse,1,1798
2475,1787041234547492,l_left,4,outgoing,256,02:00:00:00:00:01,02:00:00:00:00:02,0x88b5,reverse,1,1799
2476,1787041234547506,l_left,4,outgoing,256,02:00:00:00:00:01,02:00:00:00:00:02,0x88b5,reverse,1,1800
2477,1787041234547797,l_left,4,outgoing,256,02:00:00:00:00:01,02:00:00:00:00:02,0x88b5,reverse,1,1801
2478,1787041234547915,l_left,4,outgoing,256,02:00:00:00:00:01,02:00:00:00:00:02,0x88b5,reverse,1,1802
2479,1787041234548242,l_left,4,outgoing,256,02:00:00:00:00:01,02:00:00:00:00:02,0x88b5,reverse,1,1803
2480,1787041234548495,l_left,4,outgoing,256,02:00:00:00:00:01,02:00:00:00:00:02,0x88b5,reverse,1,1804
2481,1787041234548750,l_left,4,outgoing,256,02:00:00:00:00:01,02:00:00:00:00:02,0x88b5,reverse,1,1805
2482,1787041234548993,l_left,4,outgoing,256,02:00:00:00:00:01,02:00:00:00:00:02,0x88b5,reverse,1,1806
2483,1787041234549244,l_left,4,outgoing,256,02:00:00:00:00:01,02:00:00:00:00:02,0x88b5,reverse,1,1807
2484,1787041234549608,l_left,3,otherhost,256,02:00:00:00:00:02,02:00:00:00:00:01,0x88b5,forward,1,676
2485,1787041234549652,l_left,3,otherhost,256,02:00:00:00:00:02,02:00:00:00:00:01,0x88b5,forward,1,677
2486,1787041234556108,l_left,3,otherhost,256,02:00:00:00:00:02,02:00:00:00:00:01,0x88b5,forward,1,678
2487,1787041234556153,l_left,3,otherhost,256,02:00:00:00:00:02,02:00:00:00:00:01,0x88b5,forward,1,679
2488,1787041234556421,l_left,3,otherhost,256,02:00:00:00:00:02,02:00:00:00:00:01,0x88b5,forward,1,680
2489,1787041234556635,l_left,3,otherhost,256,02:00:00:00:00:02,02:00:00:00:00:01,0x88b5,forward,1,681
2490,1787041234557146,l_left,4,outgoing,256,02:00:00:00:00:01,02:00:00:00:00:02,0x88b5,reverse,1,1808
2491,1787041234557183,l_left,4,outgoing,256,02:00:00:00:00:01,02:00:00:00:00:02,0x88b5,reverse,1,1809
2492,1787041234757195,l_left,4,outgoing,256,02:00:00:00:00:01,02:00:00:00:00:02,0x88b5,reverse,1,1810
2493,1787041234757258,l_left,4,outgoing,256,02:00:00:00:00:01,02:00:00:00:00:02,0x88b5,reverse,1,1811
2494,1787041234757280,l_left,4,outgoing,256,02:00:00:00:00:01,02:00:00:00:00:02,0x88b5,reverse,1,1812
2495,1787041234757297,l_left,4,outgoing,256,02:00:00:00:00:01,02:00:00:00:00:02,0x88b5,reverse,1,1813
2496,1787041234757313,l_left,4,outgoing,256,02:00:00:00:00:01,02:00:00:00:00:02,0x88b5,reverse,1,1814
2497,1787041234757328,l_left,4,outgoing,256,02:00:00:00:00:01,02:00:00:00:00:02,0x88b5,reverse,1,1815
2498,1787041234757371,l_left,4,outgoing,256,02:00:00:00:00:01,02:00:00:00:00:02,0x88b5,reverse,1,1816
2499,1787041234757662,l_left,4,outgoing,256,02:00:00:00:00:01,02:00:00:00:00:02,0x88b5,reverse,1,1817
2500,1787041234757995,l_left,4,outgoing,256,02:00:00:00:00:01,02:00:00:00:00:02,0x88b5,reverse,1,1818
2501,1787041234758252,l_left,4,outgoing,256,02:00:00:00:00:01,02:00:00:00:00:02,0x88b5,reverse,1,1819
2502,1787041234758499,l_left,4,outgoing,256,02:00:00:00:00:01,02:00:00:00:00:02,0x88b5,reverse,1,1820
2503,1787041234758743,l_left,4,outgoing,256,02:00:00:00:00:01,02:00:00:00:00:02,0x88b5,reverse,1,1821
2504,1787041234758984,l_left,4,outgoing,256,02:00:00:00:00:01,02:00:00:00:00:02,0x88b5,reverse,1,1822
2505,1787041234759132,l_left,4,outgoing,256,02:00:00:00:00:01,02:00:00:00:00:02,0x88b5,reverse,1,1823
2506,1787041234759501,l_left,3,otherhost,256,02:00:00:00:00:02,02:00:00:00:00:01,0x88b5,forward,1,682
2507,1787041234759594,l_left,3,otherhost,256,02:00:00:00:00:02,02:00:00:00:00:01,0x88b5,forward,1,683
2508,1787041234766093,l_left,3,otherhost,256,02:00:00:00:00:02,02:00:00:00:00:01,0x88b5,forward,1,684
2509,1787041234766129,l_left,3,otherhost,256,02:00:00:00:00:02,02:00:00:00:00:01,0x88b5,forward,1,685
2510,1787041234766359,l_left,3,otherhost,256,02:00:00:00:00:02,02:00:00:00:00:01,0x88b5,forward,1,686
2511,1787041234766608,l_left,3,otherhost,256,02:00:00:00:00:02,02:00:00:00:00:01,0x88b5,forward,1,687
2512,1787041234767114,l_left,4,outgoing,256,02:00:00:00:00:01,02:00:00:00:00:02,0x88b5,reverse,1,1824
2513,1787041234767144,l_left,4,outgoing,256,02:00:00:00:00:01,02:00:00:00:00:02,0x88b5,reverse,1,1825
2514,1787041234967029,l_left,4,outgoing,256,02:00:00:00:00:01,02:00:00:00:00:02,0x88b5,reverse,1,1826
2515,1787041234967094,l_left,4,outgoing,256,02:00:00:00:00:01,02:00:00:00:00:02,0x88b5,reverse,1,1827
2516,1787041234967116,l_left,4,outgoing,256,02:00:00:00:00:01,02:00:00:00:00:02,0x88b5,reverse,1,1828
2517,1787041234967133,l_left,4,outgoing,256,02:00:00:00:00:01,02:00:00:00:00:02,0x88b5,reverse,1,1829
2518,1787041234967154,l_left,4,outgoing,256,02:00:00:00:00:01,02:00:00:00:00:02,0x88b5,reverse,1,1830
2519,1787041234967169,l_left,4,outgoing,256,02:00:00:00:00:01,02:00:00:00:00:02,0x88b5,reverse,1,1831
2520,1787041234967484,l_left,4,outgoing,256,02:00:00:00:00:01,02:00:00:00:00:02,0x88b5,reverse,1,1832
2521,1787041234967742,l_left,4,outgoing,256,02:00:00:00:00:01,02:00:00:00:00:02,0x88b5,reverse,1,1833
2522,1787041234967997,l_left,4,outgoing,256,02:00:00:00:00:01,02:00:00:00:00:02,0x88b5,reverse,1,1834
2523,1787041234968252,l_left,4,outgoing,256,02:00:00:00:00:01,02:00:00:00:00:02,0x88b5,reverse,1,1835
2524,1787041234968495,l_left,4,outgoing,256,02:00:00:00:00:01,02:00:00:00:00:02,0x88b5,reverse,1,1836
2525,1787041234968744,l_left,4,outgoing,256,02:00:00:00:00:01,02:00:00:00:00:02,0x88b5,reverse,1,1837
2526,1787041234968994,l_left,4,outgoing,256,02:00:00:00:00:01,02:00:00:00:00:02,0x88b5,reverse,1,1838
2527,1787041234969184,l_left,4,outgoing,256,02:00:00:00:00:01,02:00:00:00:00:02,0x88b5,reverse,1,1839
2528,1787041234969567,l_left,3,otherhost,256,02:00:00:00:00:02,02:00:00:00:00:01,0x88b5,forward,1,688
2529,1787041234969586,l_left,3,otherhost,256,02:00:00:00:00:02,02:00:00:00:00:01,0x88b5,forward,1,689
2530,1787041234976553,l_left,3,otherhost,256,02:00:00:00:00:02,02:00:00:00:00:01,0x88b5,forward,1,690
2531,1787041234976589,l_left,3,otherhost,256,02:00:00:00:00:02,02:00:00:00:00:01,0x88b5,forward,1,691
2532,1787041234976609,l_left,3,otherhost,256,02:00:00:00:00:02,02:00:00:00:00:01,0x88b5,forward,1,692
2533,1787041234976626,l_left,3,otherhost,256,02:00:00:00:00:02,02:00:00:00:00:01,0x88b5,forward,1,693
2534,1787041234976997,l_left,4,outgoing,256,02:00:00:00:00:01,02:00:00:00:00:02,0x88b5,reverse,1,1840
2535,1787041234977161,l_left,4,outgoing,256,02:00:00:00:00:01,02:00:00:00:00:02,0x88b5,reverse,1,1841
2536,1787041235177351,l_left,4,outgoing,256,02:00:00:00:00:01,02:00:00:00:00:02,0x88b5,reverse,1,1842
2537,1787041235177416,l_left,4,outgoing,256,02:00:00:00:00:01,02:00:00:00:00:02,0x88b5,reverse,1,1843
2538,1787041235177439,l_left,4,outgoing,256,02:00:00:00:00:01,02:00:00:00:00:02,0x88b5,reverse,1,1844
2539,1787041235177456,l_left,4,outgoing,256,02:00:00:00:00:01,02:00:00:00:00:02,0x88b5,reverse,1,1845
2540,1787041235177488,l_left,4,outgoing,256,02:00:00:00:00:01,02:00:00:00:00:02,0x88b5,reverse,1,1846
2541,1787041235177547,l_left,4,outgoing,256,02:00:00:00:00:01,02:00:00:00:00:02,0x88b5,reverse,1,1847
2542,1787041235177564,l_left,4,outgoing,256,02:00:00:00:00:01,02:00:00:00:00:02,0x88b5,reverse,1,1848
2543,1787041235177652,l_left,4,outgoing,256,02:00:00:00:00:01,02:00:00:00:00:02,0x88b5,reverse,1,1849
2544,1787041235177991,l_left,4,outgoing,256,02:00:00:00:00:01,02:00:00:00:00:02,0x88b5,reverse,1,1850
2545,1787041235178238,l_left,4,outgoing,256,02:00:00:00:00:01,02:00:00:00:00:02,0x88b5,reverse,1,1851
2546,1787041235178489,l_left,4,outgoing,256,02:00:00:00:00:01,02:00:00:00:00:02,0x88b5,reverse,1,1852
2547,1787041235178741,l_left,4,outgoing,256,02:00:00:00:00:01,02:00:00:00:00:02,0x88b5,reverse,1,1853
2548,1787041235178995,l_left,4,outgoing,256,02:00:00:00:00:01,02:00:00:00:00:02,0x88b5,reverse,1,1854
2549,1787041235179233,l_left,4,outgoing,256,02:00:00:00:00:01,02:00:00:00:00:02,0x88b5,reverse,1,1855
2550,1787041235179625,l_left,3,otherhost,256,02:00:00:00:00:02,02:00:00:00:00:01,0x88b5,forward,1,694
2551,1787041235179664,l_left,3,otherhost,256,02:00:00:00:00:02,02:00:00:00:00:01,0x88b5,forward,1,695
2552,1787041235186265,l_left,3,otherhost,256,02:00:00:00:00:02,02:00:00:00:00:01,0x88b5,forward,1,696
2553,1787041235186320,l_left,3,otherhost,256,02:00:00:00:00:02,02:00:00:00:00:01,0x88b5,forward,1,697
2554,1787041235186596,l_left,3,otherhost,256,02:00:00:00:00:02,02:00:00:00:00:01,0x88b5,forward,1,698
2555,1787041235186657,l_left,3,otherhost,256,02:00:00:00:00:02,02:00:00:00:00:01,0x88b5,forward,1,699
2556,1787041235187262,l_left,4,outgoing,256,02:00:00:00:00:01,02:00:00:00:00:02,0x88b5,reverse,1,1856
2557,1787041235187299,l_left,4,outgoing,256,02:00:00:00:00:01,02:00:00:00:00:02,0x88b5,reverse,1,1857
2558,1787041235387395,l_left,4,outgoing,256,02:00:00:00:00:01,02:00:00:00:00:02,0x88b5,reverse,1,1858
2559,1787041235387459,l_left,4,outgoing,256,02:00:00:00:00:01,02:00:00:00:00:02,0x88b5,reverse,1,1859
2560,1787041235387481,l_left,4,outgoing,256,02:00:00:00:00:01,02:00:00:00:00:02,0x88b5,reverse,1,1860
2561,1787041235387498,l_left,4,outgoing,256,02:00:00:00:00:01,02:00:00:00:00:02,0x88b5,reverse,1,1861
2562,1787041235387516,l_left,4,outgoing,256,02:00:00:00:00:01,02:00:00:00:00:02,0x88b5,reverse,1,1862
2563,1787041235387535,l_left,4,outgoing,256,02:00:00:00:00:01,02:00:00:00:00:02,0x88b5,reverse,1,1863
2564,1787041235387559,l_left,4,outgoing,256,02:00:00:00:00:01,02:00:00:00:00:02,0x88b5,reverse,1,1864
2565,1787041235387679,l_left,4,outgoing,256,02:00:00:00:00:01,02:00:00:00:00:02,0x88b5,reverse,1,1865
2566,1787041235387985,l_left,4,outgoing,256,02:00:00:00:00:01,02:00:00:00:00:02,0x88b5,reverse,1,1866
2567,1787041235388244,l_left,4,outgoing,256,02:00:00:00:00:01,02:00:00:00:00:02,0x88b5,reverse,1,1867
2568,1787041235388503,l_left,4,outgoing,256,02:00:00:00:00:01,02:00:00:00:00:02,0x88b5,reverse,1,1868
2569,1787041235388739,l_left,4,outgoing,256,02:00:00:00:00:01,02:00:00:00:00:02,0x88b5,reverse,1,1869
2570,1787041235388982,l_left,4,outgoing,256,02:00:00:00:00:01,02:00:00:00:00:02,0x88b5,reverse,1,1870
2571,1787041235389251,l_left,4,outgoing,256,02:00:00:00:00:01,02:00:00:00:00:02,0x88b5,reverse,1,1871
2572,1787041235389699,l_left,3,otherhost,256,02:00:00:00:00:02,02:00:00:00:00:01,0x88b5,forward,1,700
2573,1787041235389738,l_left,3,otherhost,256,02:00:00:00:00:02,02:00:00:00:00:01,0x88b5,forward,1,701
2574,1787041235396183,l_left,3,otherhost,256,02:00:00:00:00:02,02:00:00:00:00:01,0x88b5,forward,1,702
2575,1787041235396233,l_left,3,otherhost,256,02:00:00:00:00:02,02:00:00:00:00:01,0x88b5,forward,1,703
2576,1787041235396471,l_left,3,otherhost,256,02:00:00:00:00:02,02:00:00:00:00:01,0x88b5,forward,1,704
2577,1787041235396634,l_left,3,otherhost,256,02:00:00:00:00:02,02:00:00:00:00:01,0x88b5,forward,1,705
2578,1787041235397294,l_left,4,outgoing,256,02:00:00:00:00:01,02:00:00:00:00:02,0x88b5,reverse,1,1872
2579,1787041235397330,l_left,4,outgoing,256,02:00:00:00:00:01,02:00:00:00:00:02,0x88b5,reverse,1,1873
2580,1787041235596946,l_left,4,outgoing,256,02:00:00:00:00:01,02:00:00:00:00:02,0x88b5,reverse,1,1874
2581,1787041235597015,l_left,4,outgoing,256,02:00:00:00:00:01,02:00:00:00:00:02,0x88b5,reverse,1,1875
2582,1787041235597037,l_left,4,outgoing,256,02:00:00:00:00:01,02:00:00:00:00:02,0x88b5,reverse,1,1876
2583,1787041235597054,l_left,4,outgoing,256,02:00:00:00:00:01,02:00:00:00:00:02,0x88b5,reverse,1,1877
2584,1787041235597075,l_left,4,outgoing,256,02:00:00:00:00:01,02:00:00:00:00:02,0x88b5,reverse,1,1878
2585,1787041235597197,l_left,4,outgoing,256,02:00:00:00:00:01,02:00:00:00:00:02,0x88b5,reverse,1,1879
2586,1787041235597496,l_left,4,outgoing,256,02:00:00:00:00:01,02:00:00:00:00:02,0x88b5,reverse,1,1880
2587,1787041235597745,l_left,4,outgoing,256,02:00:00:00:00:01,02:00:00:00:00:02,0x88b5,reverse,1,1881
2588,1787041235597990,l_left,4,outgoing,256,02:00:00:00:00:01,02:00:00:00:00:02,0x88b5,reverse,1,1882
2589,1787041235598237,l_left,4,outgoing,256,02:00:00:00:00:01,02:00:00:00:00:02,0x88b5,reverse,1,1883
2590,1787041235598456,l_left,4,outgoing,256,02:00:00:00:00:01,02:00:00:00:00:02,0x88b5,reverse,1,1884
2591,1787041235598693,l_left,4,outgoing,256,02:00:00:00:00:01,02:00:00:00:00:02,0x88b5,reverse,1,1885
2592,1787041235598876,l_left,4,outgoing,256,02:00:00:00:00:01,02:00:00:00:00:02,0x88b5,reverse,1,1886
2593,1787041235599119,l_left,4,outgoing,256,02:00:00:00:00:01,02:00:00:00:00:02,0x88b5,reverse,1,1887
2594,1787041235599552,l_left,3,otherhost,256,02:00:00:00:00:02,02:00:00:00:00:01,0x88b5,forward,1,706
2595,1787041235599571,l_left,3,otherhost,256,02:00:00:00:00:02,02:00:00:00:00:01,0x88b5,forward,1,707
2596,1787041235606405,l_left,3,otherhost,256,02:00:00:00:00:02,02:00:00:00:00:01,0x88b5,forward,1,708
2597,1787041235606429,l_left,3,otherhost,256,02:00:00:00:00:02,02:00:00:00:00:01,0x88b5,forward,1,709
2598,1787041235606444,l_left,3,otherhost,256,02:00:00:00:00:02,02:00:00:00:00:01,0x88b5,forward,1,710
2599,1787041235606607,l_left,3,otherhost,256,02:00:00:00:00:02,02:00:00:00:00:01,0x88b5,forward,1,711
2600,1787041235607185,l_left,4,outgoing,256,02:00:00:00:00:01,02:00:00:00:00:02,0x88b5,reverse,1,1888
2601,1787041235607207,l_left,4,outgoing,256,02:00:00:00:00:01,02:00:00:00:00:02,0x88b5,reverse,1,1889
2602,1787041235807165,l_left,4,outgoing,256,02:00:00:00:00:01,02:00:00:00:00:02,0x88b5,reverse,1,1890
2603,1787041235807240,l_left,4,outgoing,256,02:00:00:00:00:01,02:00:00:00:00:02,0x88b5,reverse,1,1891
2604,1787041235807274,l_left,4,outgoing,256,02:00:00:00:00:01,02:00:00:00:00:02,0x88b5,reverse,1,1892
2605,1787041235807293,l_left,4,outgoing,256,02:00:00:00:00:01,02:00:00:00:00:02,0x88b5,reverse,1,1893
2606,1787041235807311,l_left,4,outgoing,256,02:00:00:00:00:01,02:00:00:00:00:02,0x88b5,reverse,1,1894
2607,1787041235807331,l_left,4,outgoing,256,02:00:00:00:00:01,02:00:00:00:00:02,0x88b5,reverse,1,1895
2608,1787041235807404,l_left,4,outgoing,256,02:00:00:00:00:01,02:00:00:00:00:02,0x88b5,reverse,1,1896
2609,1787041235807738,l_left,4,outgoing,256,02:00:00:00:00:01,02:00:00:00:00:02,0x88b5,reverse,1,1897
2610,1787041235807993,l_left,4,outgoing,256,02:00:00:00:00:01,02:00:00:00:00:02,0x88b5,reverse,1,1898
2611,1787041235808237,l_left,4,outgoing,256,02:00:00:00:00:01,02:00:00:00:00:02,0x88b5,reverse,1,1899
2612,1787041235808487,l_left,4,outgoing,256,02:00:00:00:00:01,02:00:00:00:00:02,0x88b5,reverse,1,1900
2613,1787041235808737,l_left,4,outgoing,256,02:00:00:00:00:01,02:00:00:00:00:02,0x88b5,reverse,1,1901
2614,1787041235808948,l_left,4,outgoing,256,02:00:00:00:00:01,02:00:00:00:00:02,0x88b5,reverse,1,1902
2615,1787041235809244,l_left,4,outgoing,256,02:00:00:00:00:01,02:00:00:00:00:02,0x88b5,reverse,1,1903
2616,1787041235809568,l_left,3,otherhost,256,02:00:00:00:00:02,02:00:00:00:00:01,0x88b5,forward,1,712
2617,1787041235809593,l_left,3,otherhost,256,02:00:00:00:00:02,02:00:00:00:00:01,0x88b5,forward,1,713
2618,1787041235816470,l_left,3,otherhost,256,02:00:00:00:00:02,02:00:00:00:00:01,0x88b5,forward,1,714
2619,1787041235816514,l_left,3,otherhost,256,02:00:00:00:00:02,02:00:00:00:00:01,0x88b5,forward,1,715
2620,1787041235816534,l_left,3,otherhost,256,02:00:00:00:00:02,02:00:00:00:00:01,0x88b5,forward,1,716
2621,1787041235816614,l_left,3,otherhost,256,02:00:00:00:00:02,02:00:00:00:00:01,0x88b5,forward,1,717
2622,1787041235817049,l_left,4,outgoing,256,02:00:00:00:00:01,02:00:00:00:00:02,0x88b5,reverse,1,1904
2623,1787041235817129,l_left,4,outgoing,256,02:00:00:00:00:01,02:00:00:00:00:02,0x88b5,reverse,1,1905
2624,1787041236017200,l_left,4,outgoing,256,02:00:00:00:00:01,02:00:00:00:00:02,0x88b5,reverse,1,1906
2625,1787041236017263,l_left,4,outgoing,256,02:00:00:00:00:01,02:00:00:00:00:02,0x88b5,reverse,1,1907
2626,1787041236017285,l_left,4,outgoing,256,02:00:00:00:00:01,02:00:00:00:00:02,0x88b5,reverse,1,1908
2627,1787041236017303,l_left,4,outgoing,256,02:00:00:00:00:01,02:00:00:00:00:02,0x88b5,reverse,1,1909
2628,1787041236017321,l_left,4,outgoing,256,02:00:00:00:00:01,02:00:00:00:00:02,0x88b5,reverse,1,1910
2629,1787041236017337,l_left,4,outgoing,256,02:00:00:00:00:01,02:00:00:00:00:02,0x88b5,reverse,1,1911
2630,1787041236017375,l_left,4,outgoing,256,02:00:00:00:00:01,02:00:00:00:00:02,0x88b5,reverse,1,1912
2631,1787041236017739,l_left,4,outgoing,256,02:00:00:00:00:01,02:00:00:00:00:02,0x88b5,reverse,1,1913
2632,1787041236017988,l_left,4,outgoing,256,02:00:00:00:00:01,02:00:00:00:00:02,0x88b5,reverse,1,1914
2633,1787041236018239,l_left,4,outgoing,256,02:00:00:00:00:01,02:00:00:00:00:02,0x88b5,reverse,1,1915
2634,1787041236018496,l_left,4,outgoing,256,02:00:00:00:00:01,02:00:00:00:00:02,0x88b5,reverse,1,1916
2635,1787041236018740,l_left,4,outgoing,256,02:00:00:00:00:01,02:00:00:00:00:02,0x88b5,reverse,1,1917
2636,1787041236018984,l_left,4,outgoing,256,02:00:00:00:00:01,02:00:00:00:00:02,0x88b5,reverse,1,1918
2637,1787041236019169,l_left,4,outgoing,256,02:00:00:00:00:01,02:00:00:00:00:02,0x88b5,reverse,1,1919
2638,1787041236019754,l_left,3,otherhost,256,02:00:00:00:00:02,02:00:00:00:00:01,0x88b5,forward,1,718
2639,1787041236019781,l_left,3,otherhost,256,02:00:00:00:00:02,02:00:00:00:00:01,0x88b5,forward,1,719
2640,1787041236026154,l_left,3,otherhost,256,02:00:00:00:00:02,02:00:00:00:00:01,0x88b5,forward,1,720
2641,1787041236026193,l_left,3,otherhost,256,02:00:00:00:00:02,02:00:00:00:00:01,0x88b5,forward,1,721
2642,1787041236026486,l_left,3,otherhost,256,02:00:00:00:00:02,02:00:00:00:00:01,0x88b5,forward,1,722
2643,1787041236026653,l_left,3,otherhost,256,02:00:00:00:00:02,02:00:00:00:00:01,0x88b5,forward,1,723
2644,1787041236027170,l_left,4,outgoing,256,02:00:00:00:00:01,02:00:00:00:00:02,0x88b5,reverse,1,1920
2645,1787041236027206,l_left,4,outgoing,256,02:00:00:00:00:01,02:00:00:00:00:02,0x88b5,reverse,1,1921
