:10-07 15:55:43.034733:    Setting logging fn
:10-07 15:55:43.034768:    Registering handler for tx
:10-07 15:55:43.075328:     Updating model log flags: clearing 0xffffffff ffffffff, setting 0x00000000 0000000f
:10-07 15:55:43.079911:    :-:-:<0,0,0>:WARNING: updating P4 logging flags for pipe 2 but P4 names have not been loaded.
:10-07 15:55:43.079922:    :-:-:<0,0,0>:Updating p4 log flags: clearing 0xffffffff ffffffff, setting 0x00000000 0000007f
:10-07 15:55:43.080814:    :-:-:<0,0,0>:Updating tofino log flags: clearing 0xffffffff ffffffff, setting 0x00000000 0000007f
:10-07 15:55:43.081460:    :-:-:<0,0,0>:Updating packet log flags: clearing 0xffffffff ffffffff, setting 0x00000000 0000007f
:10-07 15:55:43.351827:    :-:-:<0,0,->:LearningFilter::clear : Excessive clearing of filter 1 !!! Nothing to clear
:10-07 15:55:43.351893:    :-:-:<0,0,->:LearningFilter::clear : Excessive clearing of filter 1 !!! Nothing to clear
:10-07 15:55:43.352641:    :-:-:<0,1,->:LearningFilter::clear : Excessive clearing of filter 1 !!! Nothing to clear
:10-07 15:55:43.352680:    :-:-:<0,1,->:LearningFilter::clear : Excessive clearing of filter 1 !!! Nothing to clear
:10-07 15:55:43.353421:    :-:-:<0,2,->:LearningFilter::clear : Excessive clearing of filter 1 !!! Nothing to clear
:10-07 15:55:43.353456:    :-:-:<0,2,->:LearningFilter::clear : Excessive clearing of filter 1 !!! Nothing to clear
:10-07 15:55:43.354211:    :-:-:<0,3,->:LearningFilter::clear : Excessive clearing of filter 1 !!! Nothing to clear
:10-07 15:55:43.354252:    :-:-:<0,3,->:LearningFilter::clear : Excessive clearing of filter 1 !!! Nothing to clear
:10-07 15:55:52.237743:    :-:-:<0,-,0>:Begin packet processing
:10-07 15:55:52.237839:    :0x1:-:<0,0,0>:========== Ingress Pkt from port 1 (64 bytes)  ==========
:10-07 15:55:52.237858:    :0x1:-:<0,0,0>:Packet :
:10-07 15:55:52.237875:        :0x1:-:<0,0,0>:00 11 22 33 44 55 aa bb cc dd ee ff 08 00 45 00 
:10-07 15:55:52.237890:        :0x1:-:<0,0,0>:00 2c 00 01 40 00 40 06 26 c9 0a 00 00 01 0a 00 
:10-07 15:55:52.237905:        :0x1:-:<0,0,0>:00 02 75 31 4e 20 00 00 00 63 00 00 00 00 60 02 
:10-07 15:55:52.237919:        :0x1:-:<0,0,0>:10 00 b0 47 00 00 02 04 05 dc 00 00 00 00 00 00 
:10-07 15:55:52.237940:    :0x1:-:<0,0,->:========== Packet to input parser: from port 1 (80 bytes)  ==========
:10-07 15:55:52.237954:    :0x1:-:<0,0,->:Packet :
:10-07 15:55:52.237969:        :0x1:-:<0,0,->:00 01 00 02 ad ad 4b 70 00 00 00 00 00 00 00 00 
:10-07 15:55:52.237983:        :0x1:-:<0,0,->:00 11 22 33 44 55 aa bb cc dd ee ff 08 00 45 00 
:10-07 15:55:52.237998:        :0x1:-:<0,0,->:00 2c 00 01 40 00 40 06 26 c9 0a 00 00 01 0a 00 
:10-07 15:55:52.238012:        :0x1:-:<0,0,->:00 02 75 31 4e 20 00 00 00 63 00 00 00 00 60 02 
:10-07 15:55:52.238027:        :0x1:-:<0,0,->:10 00 b0 47 00 00 02 04 05 dc 00 00 00 00 00 00 
:10-07 15:55:52.238152:    :0x1:-:<0,0,0>:Ingress Parser state '$init_match'
:10-07 15:55:52.238198:    :0x1:-:<0,0,0>:Ingress Parser state '$entry_point.start'
:10-07 15:55:52.238248:        :0x1:-:<0,0,0>:Ingress Parser state '$entry_point.start': extracted     0x0001, updating PHV word 139 to value     0x0001 I [ig_intr_md.ingress_port[8:0]]
:10-07 15:55:52.238280:        :0x1:-:<0,0,0>:Ingress Parser state '$entry_point.start': extracted     0x0002, updating PHV word 342 to value     0x0002 I [ig_intr_md_from_prsr.global_tstamp[47:32]]
:10-07 15:55:52.238305:        :0x1:-:<0,0,0>:Ingress Parser state '$entry_point.start': extracted 0xadad4b70, updating PHV word   0 to value 0xadad4b70 I [ig_intr_md_from_prsr.global_tstamp[31:0]]
:10-07 15:55:52.238328:    :0x1:-:<0,0,0>:Ingress Parser state 'eth'
:10-07 15:55:52.238368:        :0x1:-:<0,0,0>:Ingress Parser state 'eth': extracted     0x0011, updating PHV word 340 to value     0x0011 I [hdr.eth.dst[47:32]]
:10-07 15:55:52.238396:        :0x1:-:<0,0,0>:Ingress Parser state 'eth': extracted     0xaabb, updating PHV word 339 to value     0xaabb I [hdr.eth.src[47:32]]
:10-07 15:55:52.238438:        :0x1:-:<0,0,0>:Ingress Parser state 'eth': extracted     0x0800, updating PHV word 338 to value     0x0800 I [hdr.eth.type[15:0]]
:10-07 15:55:52.238471:        :0x1:-:<0,0,0>:Ingress Parser state 'eth': extracted     0x0000, updating PHV word 338 to value     0x0800 I [hdr.eth.type[15:0]]
:10-07 15:55:52.238520:        :0x1:-:<0,0,0>:Ingress Parser state 'eth': extracted 0x00000010, updating PHV word  57 to value 0x00000010 I [POV]
:10-07 15:55:52.238548:        :0x1:-:<0,0,0>:Ingress Parser state 'eth': extracted 0x22334455, updating PHV word 270 to value 0x22334455 I [hdr.eth.dst[31:0]]
:10-07 15:55:52.238575:        :0x1:-:<0,0,0>:Ingress Parser state 'eth': extracted 0xccddeeff, updating PHV word 269 to value 0xccddeeff I [hdr.eth.src[31:0]]
:10-07 15:55:52.238597:    :0x1:-:<0,0,0>:Ingress Parser state 'ip'
:10-07 15:55:52.238640:        :0x1:-:<0,0,0>:Ingress Parser state 'ip': extracted       0x40, updating PHV word  79 to value       0x40 I [hdr.ip.ttl[7:0]]
:10-07 15:55:52.238668:        :0x1:-:<0,0,0>:Ingress Parser state 'ip': extracted       0x06, updating PHV word 289 to value       0x06 I [hdr.ip.proto[7:0]]
:10-07 15:55:52.238690:        :0x1:-:<0,0,0>:Ingress Parser state 'ip': extracted       0x00, updating PHV word  79 to value       0x40 I [hdr.ip.ttl[7:0]]
:10-07 15:55:52.238713:        :0x1:-:<0,0,0>:Ingress Parser state 'ip': extracted       0x00, updating PHV word  79 to value       0x40 I [hdr.ip.ttl[7:0]]
:10-07 15:55:52.238741:        :0x1:-:<0,0,0>:Ingress Parser state 'ip': extracted     0x26c9, updating PHV word 321 to value     0x26c9 I [hdr.ip.checksum[15:0]]
:10-07 15:55:52.238772:        :0x1:-:<0,0,0>:Ingress Parser state 'ip': extracted 0x4500002c, updating PHV word 256 to value 0x4500002c I [hdr.ip.ihl[3:0], hdr.ip.len[15:0], hdr.ip.tos[7:0], hdr.ip.version[3:0]]
:10-07 15:55:52.238799:        :0x1:-:<0,0,0>:Ingress Parser state 'ip': extracted 0x00014000, updating PHV word 257 to value 0x00014000 I [hdr.ip.flags[2:0], hdr.ip.frag[12:0], hdr.ip.id[15:0]]
:10-07 15:55:52.238824:        :0x1:-:<0,0,0>:Ingress Parser state 'ip': extracted 0x0a000001, updating PHV word  35 to value 0x0a000001 I [hdr.ip.src[31:0]]
:10-07 15:55:52.238849:        :0x1:-:<0,0,0>:Ingress Parser state 'ip': extracted 0x0a000002, updating PHV word  34 to value 0x0a000002 I [hdr.ip.dst[31:0]]
:10-07 15:55:52.238872:    :0x1:-:<0,0,0>:Ingress Parser state 'ip.$split_0'
:10-07 15:55:52.238912:        :0x1:-:<0,0,0>:Ingress Parser state 'ip.$split_0': extracted 0x00000020, updating PHV word  57 to value 0x00000030 I [POV]
:10-07 15:55:52.238936:    :0x1:-:<0,0,0>:Ingress Parser state 'ip_flags'
:10-07 15:55:52.238963:    :0x1:-:<0,0,0>:Ingress Parser state 'tcp'
:10-07 15:55:52.239000:        :0x1:-:<0,0,0>:Ingress Parser state 'tcp': extracted     0x6002, updating PHV word 176 to value     0x6002 I [hdr.tcp.flags[7:0], hdr.tcp.offset[3:0], hdr.tcp.reserved[3:0]]
:10-07 15:55:52.239033:        :0x1:-:<0,0,0>:Ingress Parser state 'tcp': extracted     0x1000, updating PHV word 320 to value     0x1000 I [hdr.tcp.window[15:0]]
:10-07 15:55:52.239061:        :0x1:-:<0,0,0>:Ingress Parser state 'tcp': extracted     0xb047, updating PHV word 322 to value     0xb047 I [hdr.tcp.checksum[15:0]]
:10-07 15:55:52.239087:        :0x1:-:<0,0,0>:Ingress Parser state 'tcp': extracted     0x0000, updating PHV word 177 to value     0x0000 I [hdr.tcp.urgent[15:0]]
:10-07 15:55:52.239112:        :0x1:-:<0,0,0>:Ingress Parser state 'tcp': extracted 0x00000040, updating PHV word  57 to value 0x00000070 I [POV]
:10-07 15:55:52.239139:        :0x1:-:<0,0,0>:Ingress Parser state 'tcp': extracted 0x75314e20, updating PHV word  56 to value 0x75314e20 I [hdr.tcp.dport[15:0], hdr.tcp.sport[15:0]]
:10-07 15:55:52.239164:        :0x1:-:<0,0,0>:Ingress Parser state 'tcp': extracted 0x00000063, updating PHV word  32 to value 0x00000063 I [hdr.tcp.seq[31:0]]
:10-07 15:55:52.239189:        :0x1:-:<0,0,0>:Ingress Parser state 'tcp': extracted 0x00000000, updating PHV word  33 to value 0x00000000 I [hdr.tcp.ack[31:0]]
:10-07 15:55:52.239220:    :0x1:-:<0,0,0>:Ingress Parser state 'mss_syn'
:10-07 15:55:52.239253:        :0x1:-:<0,0,0>:Ingress Parser state 'mss_syn': extracted       0x01, updating PHV word 113 to value       0x01 I [m.packet_kind[7:0]]
:10-07 15:55:52.239286:        :0x1:-:<0,0,0>:Ingress Parser state 'mss_syn': extracted 0x00000080, updating PHV word  57 to value 0x000000f0 I [POV]
:10-07 15:55:52.239316:        :0x1:-:<0,0,0>:Ingress Parser state 'mss_syn': extracted 0x020405dc, updating PHV word 258 to value 0x020405dc I [hdr.image.w12[7:0], hdr.image.w13[23:0], hdr.mss.kind[7:0], hdr.mss.len[7:0], hdr.mss.value[15:0]]
:10-07 15:55:52.239339:    :0x1:-:<0,0,0>:Ingress Parser state 'mss_check'
:10-07 15:55:52.239376:        :0x1:-:<0,0,0>:Ingress Parser state 'mss_check': extracted       0x01, updating PHV word  74 to value       0x01 I [m.parsed[7:0]]
:10-07 15:55:52.239404:        :0x1:-:<0,0,0>:Ingress Parser state 'mss_check': extracted       0x01, updating PHV word 112 to value       0x01 I [m.shape_valid[7:0]]
:10-07 15:55:52.239429:        :0x1:-:<0,0,->:Ingress Headers:
:10-07 15:55:52.239639:        :0x1:-:<0,0,->:Header hdr.eth.$valid is valid
:10-07 15:55:52.239655:        :0x1:-:<0,0,->:Header hdr.ip.$valid is valid
:10-07 15:55:52.239667:        :0x1:-:<0,0,->:Header hdr.mss.$valid is valid
:10-07 15:55:52.239680:        :0x1:-:<0,0,->:Header hdr.tcp.$valid is valid
:10-07 15:55:52.239716:    :0x1:-:<0,0,->:------------ Stage 0 ------------
:10-07 15:55:52.240142:    :0x1:-:<0,0,0>:Ingress : Table n_Ingress.ports is hit
:10-07 15:55:52.240169:        :0x1:-:<0,0,0>:Key:
:10-07 15:55:52.240189:        :0x1:-:<0,0,0>:	ig_intr_md.ingress_port[8:0] = 0x1
:10-07 15:55:52.240206:        :0x1:-:<0,0,0>:Execute Action: n_Ingress.route
:10-07 15:55:52.240537:        :0x1:-:<0,0,0>:Action Results:
:10-07 15:55:52.240555:        :0x1:-:<0,0,0>:	----- ModifyFieldPrimitive -----
:10-07 15:55:52.240568:        :0x1:-:<0,0,0>:	Operation:
:10-07 15:55:52.240581:        :0x1:-:<0,0,0>:	set
:10-07 15:55:52.240594:        :0x1:-:<0,0,0>:	Destination:
:10-07 15:55:52.240606:        :0x1:-:<0,0,0>:	m.port_valid[7:0] = 0x1
:10-07 15:55:52.240619:        :0x1:-:<0,0,0>:	mask=0xFF
:10-07 15:55:52.240632:        :0x1:-:<0,0,0>:	Source 1:
:10-07 15:55:52.240645:        :0x1:-:<0,0,0>:	Val=0x8
:10-07 15:55:52.240658:        :0x1:-:<0,0,0>:	----- ModifyFieldPrimitive -----
:10-07 15:55:52.240670:        :0x1:-:<0,0,0>:	Operation:
:10-07 15:55:52.240683:        :0x1:-:<0,0,0>:	set
:10-07 15:55:52.240696:        :0x1:-:<0,0,0>:	Destination:
:10-07 15:55:52.240709:        :0x1:-:<0,0,0>:	ig_intr_md_for_tm.ucast_egress_port[8:0] = 0x2
:10-07 15:55:52.240722:        :0x1:-:<0,0,0>:	mask=0x1FF
:10-07 15:55:52.240734:        :0x1:-:<0,0,0>:	Source 1:
:10-07 15:55:52.240747:        :0x1:-:<0,0,0>:	port=action_param
:10-07 15:55:52.240760:        :0x1:-:<0,0,0>:	----- ModifyFieldPrimitive -----
:10-07 15:55:52.240773:        :0x1:-:<0,0,0>:	Operation:
:10-07 15:55:52.240786:        :0x1:-:<0,0,0>:	set
:10-07 15:55:52.240798:        :0x1:-:<0,0,0>:	Destination:
:10-07 15:55:52.240811:        :0x1:-:<0,0,0>:	ig_intr_md_for_tm.bypass_egress[0:0] = 0x1
:10-07 15:55:52.240824:        :0x1:-:<0,0,0>:	mask=0x1
:10-07 15:55:52.240837:        :0x1:-:<0,0,0>:	Source 1:
:10-07 15:55:52.240849:        :0x1:-:<0,0,0>:	Val=0x1
:10-07 15:55:52.240863:        :0x1:-:<0,0,0>:Next Table = n_Ingress.network
:10-07 15:55:52.240880:    :0x1:-:<0,0,0>:Ingress : Table n_Ingress.network is hit
:10-07 15:55:52.240893:        :0x1:-:<0,0,0>:Key:
:10-07 15:55:52.240923:        :0x1:-:<0,0,0>:	hdr.ip.ttl[7:0] = 0x40
:10-07 15:55:52.240936:        :0x1:-:<0,0,0>:	hdr.tcp.flags[7:0] = 0x2
:10-07 15:55:52.240949:        :0x1:-:<0,0,0>:	hdr.tcp.reserved[3:0] = 0x0
:10-07 15:55:52.240962:        :0x1:-:<0,0,0>:	hdr.tcp.urgent[15:0] = 0x0
:10-07 15:55:52.240974:        :0x1:-:<0,0,0>:	m.ip_error[0:0] = 0x0
:10-07 15:55:52.240987:        :0x1:-:<0,0,0>:	m.kind[7:0] = 0x0
:10-07 15:55:52.241000:        :0x1:-:<0,0,0>:	m.parsed[7:0] = 0x1
:10-07 15:55:52.241013:        :0x1:-:<0,0,0>:	m.tcp_sum[15:0] = 0xFFEB
:10-07 15:55:52.241038:        :0x1:-:<0,0,0>:Execute Action: n_Ingress.network_accept
:10-07 15:55:52.241080:        :0x1:-:<0,0,0>:Action Results:
:10-07 15:55:52.241094:        :0x1:-:<0,0,0>:	----- ModifyFieldPrimitive -----
:10-07 15:55:52.241107:        :0x1:-:<0,0,0>:	Operation:
:10-07 15:55:52.241119:        :0x1:-:<0,0,0>:	set
:10-07 15:55:52.241132:        :0x1:-:<0,0,0>:	Destination:
:10-07 15:55:52.241145:        :0x1:-:<0,0,0>:	m.network_valid[7:0] = 0x1
:10-07 15:55:52.241158:        :0x1:-:<0,0,0>:	mask=0xFF
:10-07 15:55:52.241170:        :0x1:-:<0,0,0>:	Source 1:
:10-07 15:55:52.241183:        :0x1:-:<0,0,0>:	Val=0x8
:10-07 15:55:52.241196:        :0x1:-:<0,0,0>:Next Table = tbl_nf480
:10-07 15:55:52.241211:    :0x1:-:<0,0,0>:Ingress : Table tbl_nf480 is miss
:10-07 15:55:52.241224:        :0x1:-:<0,0,0>:Key:
:10-07 15:55:52.241240:        :0x1:-:<0,0,0>:Execute Default Action: nf480
:10-07 15:55:52.241273:        :0x1:-:<0,0,0>:Action Results:
:10-07 15:55:52.241286:        :0x1:-:<0,0,0>:	----- DirectAluPrimitive -----
:10-07 15:55:52.241299:        :0x1:-:<0,0,0>:	Operation:
:10-07 15:55:52.241312:        :0x1:-:<0,0,0>:	sub
:10-07 15:55:52.241324:        :0x1:-:<0,0,0>:	Destination:
:10-07 15:55:52.241337:        :0x1:-:<0,0,0>:	m.terminal_diff[31:0] = 0x0
:10-07 15:55:52.241350:        :0x1:-:<0,0,0>:	mask=0xFFFFFFFF
:10-07 15:55:52.241363:        :0x1:-:<0,0,0>:	Source 1:
:10-07 15:55:52.241375:        :0x1:-:<0,0,0>:	hdr.envelope.epoch[31:0] = 0x0
:10-07 15:55:52.241388:        :0x1:-:<0,0,0>:	Source 2:
:10-07 15:55:52.241401:        :0x1:-:<0,0,0>:	hdr.completion.epoch[31:0] = 0x0
:10-07 15:55:52.241414:        :0x1:-:<0,0,0>:Next Table = tbl_nf477_0
:10-07 15:55:52.241428:    :0x1:-:<0,0,0>:Ingress : Table tbl_nf477_0 is miss
:10-07 15:55:52.241441:        :0x1:-:<0,0,0>:Key:
:10-07 15:55:52.241455:        :0x1:-:<0,0,0>:Execute Default Action: nf477_0
:10-07 15:55:52.241499:        :0x1:-:<0,0,0>:Action Results:
:10-07 15:55:52.241517:        :0x1:-:<0,0,0>:	----- ModifyFieldPrimitive -----
:10-07 15:55:52.241530:        :0x1:-:<0,0,0>:	Operation:
:10-07 15:55:52.241542:        :0x1:-:<0,0,0>:	set
:10-07 15:55:52.241555:        :0x1:-:<0,0,0>:	Destination:
:10-07 15:55:52.241568:        :0x1:-:<0,0,0>:	m.expected_work_phase[7:0] = 0x0
:10-07 15:55:52.241581:        :0x1:-:<0,0,0>:	m.expected_work_phase[31:8] = 0x0
:10-07 15:55:52.241593:        :0x1:-:<0,0,0>:	mask=0xFF
:10-07 15:55:52.241606:        :0x1:-:<0,0,0>:	Source 1:
:10-07 15:55:52.241619:        :0x1:-:<0,0,0>:	m.stage[7:0] = 0x0
:10-07 15:55:52.241632:        :0x1:-:<0,0,0>:Next Table = tbl_nf477
:10-07 15:55:52.241646:    :0x1:-:<0,0,0>:Ingress : Table tbl_nf477 is miss
:10-07 15:55:52.241658:        :0x1:-:<0,0,0>:Key:
:10-07 15:55:52.241673:        :0x1:-:<0,0,0>:Execute Default Action: nf477
:10-07 15:55:52.241709:        :0x1:-:<0,0,0>:Action Results:
:10-07 15:55:52.241722:        :0x1:-:<0,0,0>:	----- ModifyFieldPrimitive -----
:10-07 15:55:52.241735:        :0x1:-:<0,0,0>:	Operation:
:10-07 15:55:52.241747:        :0x1:-:<0,0,0>:	set
:10-07 15:55:52.241760:        :0x1:-:<0,0,0>:	Destination:
:10-07 15:55:52.241773:        :0x1:-:<0,0,0>:	m.expected[31:0] = 0x0
:10-07 15:55:52.241786:        :0x1:-:<0,0,0>:	mask=0xFFFFFFFF
:10-07 15:55:52.241799:        :0x1:-:<0,0,0>:	Source 1:
:10-07 15:55:52.241811:        :0x1:-:<0,0,0>:	hdr.expected_cell.expected_cell[31:0] = 0x0
:10-07 15:55:52.241824:        :0x1:-:<0,0,0>:	----- ModifyFieldPrimitive -----
:10-07 15:55:52.241837:        :0x1:-:<0,0,0>:	Operation:
:10-07 15:55:52.241850:        :0x1:-:<0,0,0>:	set
:10-07 15:55:52.241862:        :0x1:-:<0,0,0>:	Destination:
:10-07 15:55:52.241875:        :0x1:-:<0,0,0>:	m.owner_diff[15:0] = 0x1
:10-07 15:55:52.241888:        :0x1:-:<0,0,0>:	m.owner_diff[31:16] = 0x0
:10-07 15:55:52.241901:        :0x1:-:<0,0,0>:	mask=0xFFFFFFFF
:10-07 15:55:52.241914:        :0x1:-:<0,0,0>:	Source 1:
:10-07 15:55:52.241926:        :0x1:-:<0,0,0>:	Val=0x20
:10-07 15:55:52.241940:        :0x1:-:<0,0,0>:Next Table = tbl_nf479
:10-07 15:55:52.241965:    :0x1:-:<0,0,0>:Ingress : Gateway table condition ((m.kind == 20)) not matched.
:10-07 15:55:52.241986:    :0x1:-:<0,0,0>:Ingress : Gateway attached to tbl_nf479
:10-07 15:55:52.241999:    :0x1:-:<0,0,0>:Ingress : Associated table tbl_nf479 is executed
:10-07 15:55:52.242012:    :0x1:-:<0,0,0>:Ingress : Gateway did provide payload.
:10-07 15:55:52.242026:        :0x1:-:<0,0,0>:Next Table = tbl_nf479_0
:10-07 15:55:52.242049:    :0x1:-:<0,0,0>:Ingress : Table tbl_nf479_0 is miss
:10-07 15:55:52.242062:        :0x1:-:<0,0,0>:Key:
:10-07 15:55:52.242077:        :0x1:-:<0,0,0>:Execute Default Action: nf479_0
:10-07 15:55:52.242110:        :0x1:-:<0,0,0>:Action Results:
:10-07 15:55:52.242124:        :0x1:-:<0,0,0>:	----- DirectAluPrimitive -----
:10-07 15:55:52.242136:        :0x1:-:<0,0,0>:	Operation:
:10-07 15:55:52.242149:        :0x1:-:<0,0,0>:	sub
:10-07 15:55:52.242162:        :0x1:-:<0,0,0>:	Destination:
:10-07 15:55:52.242175:        :0x1:-:<0,0,0>:	m.prefix_difference[31:0] = 0x0
:10-07 15:55:52.242187:        :0x1:-:<0,0,0>:	mask=0xFFFFFFFF
:10-07 15:55:52.242200:        :0x1:-:<0,0,0>:	Source 1:
:10-07 15:55:52.242213:        :0x1:-:<0,0,0>:	hdr.envelope.epoch[31:0] = 0x0
:10-07 15:55:52.242226:        :0x1:-:<0,0,0>:	Source 2:
:10-07 15:55:52.242238:        :0x1:-:<0,0,0>:	hdr.expected_cell.expected_cell[31:0] = 0x0
:10-07 15:55:52.242252:        :0x1:-:<0,0,0>:Next Table = n_Ingress.connection
:10-07 15:55:52.242268:    :0x1:-:<0,0,->:------------ Stage 1 ------------
:10-07 15:55:52.242721:    :0x1:-:<0,0,1>:Ingress : Gateway table condition ((m.port_valid == 1 && m.network_valid == 1)) matched.
:10-07 15:55:52.242743:    :0x1:-:<0,0,1>:Ingress : Associated table n_Ingress.connection is executed
:10-07 15:55:52.242756:    :0x1:-:<0,0,1>:Ingress : Table n_Ingress.connection is hit
:10-07 15:55:52.242769:        :0x1:-:<0,0,1>:Key:
:10-07 15:55:52.242792:        :0x1:-:<0,0,1>:	hdr.ip.dst[31:0] = 0xA000002
:10-07 15:55:52.242805:        :0x1:-:<0,0,1>:	hdr.ip.src[31:0] = 0xA000001
:10-07 15:55:52.242818:        :0x1:-:<0,0,1>:	hdr.tcp.dport[15:0] = 0x4E20
:10-07 15:55:52.242831:        :0x1:-:<0,0,1>:	hdr.tcp.sport[15:0] = 0x7531
:10-07 15:55:52.242848:        :0x1:-:<0,0,1>:Execute Action: n_Ingress.forward_flow
:10-07 15:55:52.243160:        :0x1:-:<0,0,1>:Action Results:
:10-07 15:55:52.243178:        :0x1:-:<0,0,1>:	----- ModifyFieldPrimitive -----
:10-07 15:55:52.243190:        :0x1:-:<0,0,1>:	Operation:
:10-07 15:55:52.243203:        :0x1:-:<0,0,1>:	set
:10-07 15:55:52.243216:        :0x1:-:<0,0,1>:	Destination:
:10-07 15:55:52.243229:        :0x1:-:<0,0,1>:	m.direction[7:0] = 0x1
:10-07 15:55:52.243242:        :0x1:-:<0,0,1>:	mask=0xFF
:10-07 15:55:52.243255:        :0x1:-:<0,0,1>:	Source 1:
:10-07 15:55:52.243267:        :0x1:-:<0,0,1>:	Val=0x8
:10-07 15:55:52.243280:        :0x1:-:<0,0,1>:	----- ModifyFieldPrimitive -----
:10-07 15:55:52.243293:        :0x1:-:<0,0,1>:	Operation:
:10-07 15:55:52.243306:        :0x1:-:<0,0,1>:	set
:10-07 15:55:52.243318:        :0x1:-:<0,0,1>:	Destination:
:10-07 15:55:52.243331:        :0x1:-:<0,0,1>:	m.output_port[8:0] = 0x2
:10-07 15:55:52.243344:        :0x1:-:<0,0,1>:	mask=0x1FF
:10-07 15:55:52.243357:        :0x1:-:<0,0,1>:	Source 1:
:10-07 15:55:52.243369:        :0x1:-:<0,0,1>:	port=action_param
:10-07 15:55:52.243382:        :0x1:-:<0,0,1>:	----- ModifyFieldPrimitive -----
:10-07 15:55:52.243395:        :0x1:-:<0,0,1>:	Operation:
:10-07 15:55:52.243408:        :0x1:-:<0,0,1>:	set
:10-07 15:55:52.243421:        :0x1:-:<0,0,1>:	Destination:
:10-07 15:55:52.243433:        :0x1:-:<0,0,1>:	ig_intr_md_for_tm.ucast_egress_port[8:0] = 0x2
:10-07 15:55:52.243446:        :0x1:-:<0,0,1>:	mask=0x1FF
:10-07 15:55:52.243459:        :0x1:-:<0,0,1>:	Source 1:
:10-07 15:55:52.243472:        :0x1:-:<0,0,1>:	port=action_param
:10-07 15:55:52.243484:        :0x1:-:<0,0,1>:	----- ModifyFieldPrimitive -----
:10-07 15:55:52.243497:        :0x1:-:<0,0,1>:	Operation:
:10-07 15:55:52.243510:        :0x1:-:<0,0,1>:	set
:10-07 15:55:52.243523:        :0x1:-:<0,0,1>:	Destination:
:10-07 15:55:52.243543:        :0x1:-:<0,0,1>:	m.go[7:0] = 0x0
:10-07 15:55:52.243556:        :0x1:-:<0,0,1>:	mask=0xFF
:10-07 15:55:52.243575:        :0x1:-:<0,0,1>:	Source 1:
:10-07 15:55:52.243587:        :0x1:-:<0,0,1>:	Val=0x8
:10-07 15:55:52.243601:        :0x1:-:<0,0,1>:Next Table = n_Ingress.input_head_t
:10-07 15:55:52.243620:    :0x1:-:<0,0,1>:Ingress : Gateway table condition ((m.packet_kind == 5 || m.packet_kind == 6 || m.packet_kind == 7)) not matched.
:10-07 15:55:52.243634:    :0x1:-:<0,0,1>:Ingress : Gateway attached to n_Ingress.input_head_t
:10-07 15:55:52.243648:    :0x1:-:<0,0,1>:Ingress : Table n_Ingress.input_head_t is inhibited by a gateway condition
:10-07 15:55:52.243661:        :0x1:-:<0,0,1>:Next Table = n_Ingress.read_connection
:10-07 15:55:52.243704:    :0x1:-:<0,0,1>:Ingress : Gateway table condition ((m.packet_kind == 9 || m.packet_kind == 11)) not matched.
:10-07 15:55:52.243718:    :0x1:-:<0,0,1>:Ingress : Table n_Ingress.read_connection is inhibited by a gateway condition
:10-07 15:55:52.243731:    :0x1:-:<0,0,1>:Ingress : Gateway did provide payload.
:10-07 15:55:52.243745:        :0x1:-:<0,0,1>:Next Table = n_Ingress.guard
:10-07 15:55:52.243760:    :0x1:-:<0,0,1>:Ingress : Table n_Ingress.rd_head_t is not active(inhibited/skipped)
:10-07 15:55:52.243773:    :0x1:-:<0,0,1>:Ingress : Table n_Ingress.rd_request_crc_t is not active(inhibited/skipped)
:10-07 15:55:52.243787:    :0x1:-:<0,0,1>:Ingress : Table n_Ingress.rd_first_crc_t is not active(inhibited/skipped)
:10-07 15:55:52.243800:    :0x1:-:<0,0,1>:Ingress : Table n_Ingress.rd_tail_crc_t is not active(inhibited/skipped)
:10-07 15:55:52.243813:    :0x1:-:<0,0,1>:Ingress : Table n_Ingress.rd_second_crc_t is not active(inhibited/skipped)
:10-07 15:55:52.243826:    :0x1:-:<0,0,1>:Ingress : Table n_Ingress.read_response_profile is not active(inhibited/skipped)
:10-07 15:55:52.243839:    :0x1:-:<0,0,1>:Ingress : Table n_Ingress.read_request_profile is not active(inhibited/skipped)
:10-07 15:55:52.243852:    :0x1:-:<0,0,1>:Ingress : Table n_Ingress.data_connection is not active(inhibited/skipped)
:10-07 15:55:52.243866:    :0x1:-:<0,0,1>:Ingress : Table n_Ingress.response_profile is not active(inhibited/skipped)
:10-07 15:55:52.243879:    :0x1:-:<0,0,1>:Ingress : Table n_Ingress.profile is not active(inhibited/skipped)
:10-07 15:55:52.243892:    :0x1:-:<0,0,1>:Ingress : Table tbl_deny_2 is not active(inhibited/skipped)
:10-07 15:55:52.243907:    :0x1:-:<0,0,->:------------ Stage 2 ------------
:10-07 15:55:52.244002:    <0,0,2> WARN MAU_PRED<2> get_next_table(ingress,-1) Power-saved LT 0 using table counter - table lookup will appear to always miss
:10-07 15:55:52.244044:    <0,0,2> WARN MAU_PRED<2> get_next_table(ingress,0) Power-saved LT 1 using table counter - table lookup will appear to always miss
:10-07 15:55:52.244073:    <0,0,2> WARN MAU_PRED<2> get_next_table(ingress,1) Power-saved LT 2 using table counter - table lookup will appear to always miss
:10-07 15:55:52.244101:    <0,0,2> WARN MAU_PRED<2> get_next_table(ingress,2) Power-saved LT 3 using table counter - table lookup will appear to always miss
:10-07 15:55:52.244128:    <0,0,2> WARN MAU_PRED<2> get_next_table(ingress,3) Power-saved LT 4 using table counter - table lookup will appear to always miss
:10-07 15:55:52.244157:    <0,0,2> WARN MAU_PRED<2> get_next_table(ingress,4) Power-saved LT 5 using table counter - table lookup will appear to always miss
:10-07 15:55:52.244186:    <0,0,2> WARN MAU_PRED<2> get_next_table(ingress,5) Power-saved LT 6 using table counter - table lookup will appear to always miss
:10-07 15:55:52.244216:    <0,0,2> WARN MAU_PRED<2> get_next_table(ingress,6) Power-saved LT 7 using table counter - table lookup will appear to always miss
:10-07 15:55:52.244246:    <0,0,2> WARN MAU_PRED<2> get_next_table(ingress,7) Power-saved LT 8 using table counter - table lookup will appear to always miss
:10-07 15:55:52.244276:    <0,0,2> WARN MAU_PRED<2> get_next_table(ingress,8) Power-saved LT 9 using table counter - table lookup will appear to always miss
:10-07 15:55:52.244315:    <0,0,2> WARN MAU_PRED<2> get_next_table(ingress,9) Power-saved LT 10 using table counter - table lookup will appear to always miss
:10-07 15:55:52.244452:    :0x1:-:<0,0,->:------------ Stage 3 ------------
:10-07 15:55:52.244546:    <0,0,3> WARN MAU_PRED<3> get_next_table(ingress,-1) Power-saved LT 0 using table counter - table lookup will appear to always miss
:10-07 15:55:52.244589:    <0,0,3> WARN MAU_PRED<3> get_next_table(ingress,0) Power-saved LT 1 using table counter - table lookup will appear to always miss
:10-07 15:55:52.244623:    <0,0,3> WARN MAU_PRED<3> get_next_table(ingress,1) Power-saved LT 2 using table counter - table lookup will appear to always miss
:10-07 15:55:52.244657:    <0,0,3> WARN MAU_PRED<3> get_next_table(ingress,2) Power-saved LT 3 using table counter - table lookup will appear to always miss
:10-07 15:55:52.244690:    <0,0,3> WARN MAU_PRED<3> get_next_table(ingress,3) Power-saved LT 4 using table counter - table lookup will appear to always miss
:10-07 15:55:52.244814:    :0x1:-:<0,0,->:------------ Stage 4 ------------
:10-07 15:55:52.245146:    :0x1:-:<0,0,4>:Ingress : Table n_Ingress.guard is hit
:10-07 15:55:52.245167:        :0x1:-:<0,0,4>:Key:
:10-07 15:55:52.245457:        :0x1:-:<0,0,4>:	m.bad1[7:0] = 0x0
:10-07 15:55:52.245484:        :0x1:-:<0,0,4>:	m.badb[7:0] = 0x0
:10-07 15:55:52.245499:        :0x1:-:<0,0,4>:	m.badh[7:0] = 0x0
:10-07 15:55:52.245512:        :0x1:-:<0,0,4>:	m.badt[7:0] = 0x0
:10-07 15:55:52.245525:        :0x1:-:<0,0,4>:	m.cached_owner_diff[31:0] = 0x0
:10-07 15:55:52.245538:        :0x1:-:<0,0,4>:	m.direction[7:0] = 0x1
:10-07 15:55:52.245550:        :0x1:-:<0,0,4>:	m.enabled[7:0] = 0x0
:10-07 15:55:52.245563:        :0x1:-:<0,0,4>:	m.kind[7:0] = 0x0
:10-07 15:55:52.245576:        :0x1:-:<0,0,4>:	m.packet_kind[7:0] = 0x1
:10-07 15:55:52.245589:        :0x1:-:<0,0,4>:	m.prefix_difference[31:0] = 0x0
:10-07 15:55:52.245601:        :0x1:-:<0,0,4>:	m.profile[7:0] = 0x0
:10-07 15:55:52.245614:        :0x1:-:<0,0,4>:	m.shape_valid[7:0] = 0x1
:10-07 15:55:52.245627:        :0x1:-:<0,0,4>:	m.stage[7:0] = 0x0
:10-07 15:55:52.245639:        :0x1:-:<0,0,4>:	m.terminal_diff[31:0] = 0x0
:10-07 15:55:52.245653:        :0x1:-:<0,0,4>:Executed StatefulALU 3 with instruction 0
:10-07 15:55:52.245671:        :0x1:-:<0,0,4>:Execute Action: n_Ingress.go_new
:10-07 15:55:52.245960:        :0x1:-:<0,0,4>:Action Results:
:10-07 15:55:52.245976:        :0x1:-:<0,0,4>:	----- ExecuteStatefulAluPrimitive -----
:10-07 15:55:52.245990:        :0x1:-:<0,0,4>:	----- BlackBox: allocate_0 -----
:10-07 15:55:52.246002:        :0x1:-:<0,0,4>:	----- register: n_Ingress.counter -----
:10-07 15:55:52.246015:        :0x1:-:<0,0,4>:	----- ModifyFieldPrimitive -----
:10-07 15:55:52.246028:        :0x1:-:<0,0,4>:	Operation:
:10-07 15:55:52.246041:        :0x1:-:<0,0,4>:	set
:10-07 15:55:52.246054:        :0x1:-:<0,0,4>:	Destination:
:10-07 15:55:52.246067:        :0x1:-:<0,0,4>:	m.go[7:0] = 0x1
:10-07 15:55:52.246080:        :0x1:-:<0,0,4>:	mask=0xFF
:10-07 15:55:52.246092:        :0x1:-:<0,0,4>:	Source 1:
:10-07 15:55:52.246105:        :0x1:-:<0,0,4>:	Val=0x8
:10-07 15:55:52.246118:        :0x1:-:<0,0,4>:	----- ModifyFieldPrimitive -----
:10-07 15:55:52.246131:        :0x1:-:<0,0,4>:	Operation:
:10-07 15:55:52.246144:        :0x1:-:<0,0,4>:	set
:10-07 15:55:52.246156:        :0x1:-:<0,0,4>:	Destination:
:10-07 15:55:52.246169:        :0x1:-:<0,0,4>:	m.kind[7:0] = 0x1
:10-07 15:55:52.246182:        :0x1:-:<0,0,4>:	mask=0xFF
:10-07 15:55:52.246195:        :0x1:-:<0,0,4>:	Source 1:
:10-07 15:55:52.246207:        :0x1:-:<0,0,4>:	k=action_param
:10-07 15:55:52.246220:        :0x1:-:<0,0,4>:	----- ModifyFieldPrimitive -----
:10-07 15:55:52.246233:        :0x1:-:<0,0,4>:	Operation:
:10-07 15:55:52.246246:        :0x1:-:<0,0,4>:	set
:10-07 15:55:52.246258:        :0x1:-:<0,0,4>:	Destination:
:10-07 15:55:52.246271:        :0x1:-:<0,0,4>:	m.work_op[7:0] = 0x1
:10-07 15:55:52.246284:        :0x1:-:<0,0,4>:	mask=0xFF
:10-07 15:55:52.246296:        :0x1:-:<0,0,4>:	Source 1:
:10-07 15:55:52.246318:        :0x1:-:<0,0,4>:	Val=0x8
:10-07 15:55:52.246359:        :0x1:-:<0,0,4>:	--- SALU Condition ---
:10-07 15:55:52.246379:        :0x1:-:<0,0,4>:	  Not supplied by program.
:10-07 15:55:52.246392:        :0x1:-:<0,0,4>:	    SALU ConditionLo: TRUE
:10-07 15:55:52.246405:        :0x1:-:<0,0,4>:	    SALU ConditionHi: FALSE
:10-07 15:55:52.246418:        :0x1:-:<0,0,4>:	--- SALU Update ---
:10-07 15:55:52.246430:        :0x1:-:<0,0,4>:	  None
:10-07 15:55:52.246443:        :0x1:-:<0,0,4>:	--- SALU Output ---
:10-07 15:55:52.246456:        :0x1:-:<0,0,4>:	    Output predicate not supplied by program
:10-07 15:55:52.246469:        :0x1:-:<0,0,4>:	    Output PredicateResult: TRUE
:10-07 15:55:52.246482:        :0x1:-:<0,0,4>:	    Output Destination Field: m.generation = 0x1
:10-07 15:55:52.246495:        :0x1:-:<0,0,4>:	---  SALU Register ---
:10-07 15:55:52.246507:        :0x1:-:<0,0,4>:	   Register Index: 0x40000
:10-07 15:55:52.246520:        :0x1:-:<0,0,4>:	     Before stateful alu execution: 0x00000000
:10-07 15:55:52.246533:        :0x1:-:<0,0,4>:	     After stateful alu execution: 0x00000001
:10-07 15:55:52.246548:        :0x1:-:<0,0,4>:Next Table = n_Ingress.work.dispatch
:10-07 15:55:52.246566:    :0x1:-:<0,0,->:------------ Stage 5 ------------
:10-07 15:55:52.247232:    :0x1:-:<0,0,5>:Ingress : Gateway table condition ((m.go == 1)) matched.
:10-07 15:55:52.247254:    :0x1:-:<0,0,5>:Ingress : Associated table n_Ingress.work.dispatch is executed
:10-07 15:55:52.247268:    :0x1:-:<0,0,5>:Ingress : Table n_Ingress.work.dispatch is hit
:10-07 15:55:52.247281:        :0x1:-:<0,0,5>:Key:
:10-07 15:55:52.247304:        :0x1:-:<0,0,5>:	m.expected_work_phase[7:0] = 0x0
:10-07 15:55:52.247317:        :0x1:-:<0,0,5>:	m.expected_work_phase[31:8] = 0x0
:10-07 15:55:52.247330:        :0x1:-:<0,0,5>:	m.generation[31:0] = 0x1
:10-07 15:55:52.247343:        :0x1:-:<0,0,5>:	m.work_op[7:0] = 0x1
:10-07 15:55:52.247356:        :0x1:-:<0,0,5>:Executed StatefulALU 3 with instruction 0
:10-07 15:55:52.247373:        :0x1:-:<0,0,5>:Execute Action: n_Ingress.work.claim_work
:10-07 15:55:52.247396:        :0x1:-:<0,0,5>:Action Results:
:10-07 15:55:52.247410:        :0x1:-:<0,0,5>:	----- ExecuteStatefulAluPrimitive -----
:10-07 15:55:52.247423:        :0x1:-:<0,0,5>:	----- BlackBox: work_claim -----
:10-07 15:55:52.247436:        :0x1:-:<0,0,5>:	----- register: n_Ingress.work.work -----
:10-07 15:55:52.247468:        :0x1:-:<0,0,5>:	--- SALU Condition ---
:10-07 15:55:52.247481:        :0x1:-:<0,0,5>:	  Not supplied by program.
:10-07 15:55:52.247494:        :0x1:-:<0,0,5>:	    SALU ConditionLo: TRUE
:10-07 15:55:52.247507:        :0x1:-:<0,0,5>:	    SALU ConditionHi: FALSE
:10-07 15:55:52.247520:        :0x1:-:<0,0,5>:	--- SALU Update ---
:10-07 15:55:52.247532:        :0x1:-:<0,0,5>:	  None
:10-07 15:55:52.247545:        :0x1:-:<0,0,5>:	--- SALU Output ---
:10-07 15:55:52.247558:        :0x1:-:<0,0,5>:	    Output predicate not supplied by program
:10-07 15:55:52.247571:        :0x1:-:<0,0,5>:	    Output PredicateResult: TRUE
:10-07 15:55:52.247583:        :0x1:-:<0,0,5>:	    Output Destination Field: m.work_phase = 0x4
:10-07 15:55:52.247596:        :0x1:-:<0,0,5>:	---  SALU Register ---
:10-07 15:55:52.247609:        :0x1:-:<0,0,5>:	   Register Index: 0x20000
:10-07 15:55:52.247622:        :0x1:-:<0,0,5>:	     Before stateful alu execution: 0x0000000400000000
:10-07 15:55:52.247634:        :0x1:-:<0,0,5>:	     After stateful alu execution: 0x0000000100000001
:10-07 15:55:52.247648:        :0x1:-:<0,0,5>:Next Table = n_Ingress.read_input_t
:10-07 15:55:52.247664:    :0x1:-:<0,0,5>:Ingress : Table n_Ingress.read_input_t is miss
:10-07 15:55:52.247677:        :0x1:-:<0,0,5>:Key:
:10-07 15:55:52.247693:        :0x1:-:<0,0,5>:	m.packet_kind[7:0] = 0x1
:10-07 15:55:52.247708:        :0x1:-:<0,0,5>:Execute Default Action: NoAction
:10-07 15:55:52.247735:        :0x1:-:<0,0,5>:Action Results:
:10-07 15:55:52.247749:        :0x1:-:<0,0,5>:Next Table = n_Ingress.ack_native_t
:10-07 15:55:52.247763:    :0x1:-:<0,0,5>:Ingress : Table n_Ingress.ack_native_t is miss
:10-07 15:55:52.247785:        :0x1:-:<0,0,5>:Key:
:10-07 15:55:52.247800:        :0x1:-:<0,0,5>:Execute Default Action: n_Ingress.ack_native
:10-07 15:55:52.248139:        :0x1:-:<0,0,5>:Action Results:
:10-07 15:55:52.248155:        :0x1:-:<0,0,5>:	----- DirectAluPrimitive -----
:10-07 15:55:52.248168:        :0x1:-:<0,0,5>:	Operation:
:10-07 15:55:52.248181:        :0x1:-:<0,0,5>:	add
:10-07 15:55:52.248194:        :0x1:-:<0,0,5>:	Destination:
:10-07 15:55:52.248207:        :0x1:-:<0,0,5>:	m.ack_native[31:0] = 0xFFFFFFEC
:10-07 15:55:52.248220:        :0x1:-:<0,0,5>:	mask=0xFFFFFFFF
:10-07 15:55:52.248232:        :0x1:-:<0,0,5>:	Source 1:
:10-07 15:55:52.248245:        :0x1:-:<0,0,5>:	hdr.tcp.ack[31:0] = 0x0
:10-07 15:55:52.248258:        :0x1:-:<0,0,5>:	Source 2:
:10-07 15:55:52.248271:        :0x1:-:<0,0,5>:	Val=0x20
:10-07 15:55:52.248284:        :0x1:-:<0,0,5>:Next Table = cond-64
:10-07 15:55:52.248300:    :0x1:-:<0,0,5>:Ingress : Gateway table condition ((m.packet_kind == 5 || m.packet_kind == 6 || m.packet_kind == 7)) not matched.
:10-07 15:55:52.248314:    :0x1:-:<0,0,5>:Ingress : Gateway attached to cond-64
:10-07 15:55:52.248327:    :0x1:-:<0,0,5>:Ingress : Associated table cond-64 is executed
:10-07 15:55:52.248340:    :0x1:-:<0,0,5>:Ingress : Gateway did provide payload.
:10-07 15:55:52.248353:        :0x1:-:<0,0,5>:Next Table = n_Ingress.next_seq_t
:10-07 15:55:52.248367:    :0x1:-:<0,0,5>:Ingress : Table n_Ingress.compare_response_inputs_t is not active(inhibited/skipped)
:10-07 15:55:52.248381:    :0x1:-:<0,0,5>:Ingress : Table n_Ingress.compare_select_inputs_t is not active(inhibited/skipped)
:10-07 15:55:52.248394:    :0x1:-:<0,0,5>:Ingress : Table n_Ingress.compare_operate_inputs_t is not active(inhibited/skipped)
:10-07 15:55:52.248445:    :0x1:-:<0,0,5>:Ingress : Gateway table condition ((m.work_op == 4 || m.stage == 15)) not matched.
:10-07 15:55:52.248459:    :0x1:-:<0,0,5>:Ingress : Associated table n_Ingress.next_seq_t is executed
:10-07 15:55:52.248472:    :0x1:-:<0,0,5>:Ingress : Table n_Ingress.next_seq_t is miss
:10-07 15:55:52.248485:        :0x1:-:<0,0,5>:Key:
:10-07 15:55:52.248501:        :0x1:-:<0,0,5>:	m.packet_kind[7:0] = 0x1
:10-07 15:55:52.248516:        :0x1:-:<0,0,5>:Execute Default Action: n_Ingress.next_seq
:10-07 15:55:52.248550:        :0x1:-:<0,0,5>:Action Results:
:10-07 15:55:52.248564:        :0x1:-:<0,0,5>:	----- DirectAluPrimitive -----
:10-07 15:55:52.248577:        :0x1:-:<0,0,5>:	Operation:
:10-07 15:55:52.248590:        :0x1:-:<0,0,5>:	add
:10-07 15:55:52.248603:        :0x1:-:<0,0,5>:	Destination:
:10-07 15:55:52.248615:        :0x1:-:<0,0,5>:	m.new_seq[31:0] = 0x64
:10-07 15:55:52.248628:        :0x1:-:<0,0,5>:	mask=0xFFFFFFFF
:10-07 15:55:52.248641:        :0x1:-:<0,0,5>:	Source 1:
:10-07 15:55:52.248654:        :0x1:-:<0,0,5>:	hdr.tcp.seq[31:0] = 0x63
:10-07 15:55:52.248666:        :0x1:-:<0,0,5>:	Source 2:
:10-07 15:55:52.248679:        :0x1:-:<0,0,5>:	Val=0x20
:10-07 15:55:52.248692:        :0x1:-:<0,0,5>:Next Table = n_Ingress.epoch_t
:10-07 15:55:52.248706:    :0x1:-:<0,0,5>:Ingress : Table tbl_deny is not active(inhibited/skipped)
:10-07 15:55:52.248719:    :0x1:-:<0,0,5>:Ingress : Table tbl_deny_1 is not active(inhibited/skipped)
:10-07 15:55:52.248735:    :0x1:-:<0,0,->:------------ Stage 6 ------------
:10-07 15:55:52.249074:    :0x1:-:<0,0,6>:Ingress : Table n_Ingress.epoch_t is hit
:10-07 15:55:52.249095:        :0x1:-:<0,0,6>:Key:
:10-07 15:55:52.249118:        :0x1:-:<0,0,6>:	m.kind[7:0] = 0x1
:10-07 15:55:52.249132:        :0x1:-:<0,0,6>:	m.stage[7:0] = 0x0
:10-07 15:55:52.249144:        :0x1:-:<0,0,6>:	m.work_op[7:0] = 0x1
:10-07 15:55:52.249157:        :0x1:-:<0,0,6>:	m.work_phase[31:0] = 0x4
:10-07 15:55:52.249170:        :0x1:-:<0,0,6>:Executed StatefulALU 3 with instruction 0
:10-07 15:55:52.249187:        :0x1:-:<0,0,6>:Execute Action: n_Ingress.load_epoch
:10-07 15:55:52.249211:        :0x1:-:<0,0,6>:Action Results:
:10-07 15:55:52.249224:        :0x1:-:<0,0,6>:	----- ExecuteStatefulAluPrimitive -----
:10-07 15:55:52.249245:        :0x1:-:<0,0,6>:	----- BlackBox: read_epoch_0 -----
:10-07 15:55:52.249258:        :0x1:-:<0,0,6>:	----- register: n_Ingress.epoch -----
:10-07 15:55:52.249293:        :0x1:-:<0,0,6>:	--- SALU Condition ---
:10-07 15:55:52.249306:        :0x1:-:<0,0,6>:	  Not supplied by program.
:10-07 15:55:52.249319:        :0x1:-:<0,0,6>:	    SALU ConditionLo: FALSE
:10-07 15:55:52.249331:        :0x1:-:<0,0,6>:	    SALU ConditionHi: FALSE
:10-07 15:55:52.249344:        :0x1:-:<0,0,6>:	--- SALU Update ---
:10-07 15:55:52.249357:        :0x1:-:<0,0,6>:	  None
:10-07 15:55:52.249370:        :0x1:-:<0,0,6>:	--- SALU Output ---
:10-07 15:55:52.249382:        :0x1:-:<0,0,6>:	    Output predicate not supplied by program
:10-07 15:55:52.249395:        :0x1:-:<0,0,6>:	    Output PredicateResult: TRUE
:10-07 15:55:52.249408:        :0x1:-:<0,0,6>:	    Output Destination Field: m.epoch = 0x0
:10-07 15:55:52.249421:        :0x1:-:<0,0,6>:	---  SALU Register ---
:10-07 15:55:52.249434:        :0x1:-:<0,0,6>:	   Register Index: 0x40000
:10-07 15:55:52.249446:        :0x1:-:<0,0,6>:	     Before stateful alu execution: 0x00000000
:10-07 15:55:52.249459:        :0x1:-:<0,0,6>:	     After stateful alu execution: 0x00000000
:10-07 15:55:52.249499:        :0x1:-:<0,0,6>:Next Table = n_Ingress.active_generation_t
:10-07 15:55:52.249552:    :0x1:-:<0,0,6>:Ingress : Table n_Ingress.active_generation_t is hit
:10-07 15:55:52.249566:        :0x1:-:<0,0,6>:Key:
:10-07 15:55:52.249587:        :0x1:-:<0,0,6>:	m.kind[7:0] = 0x1
:10-07 15:55:52.249600:        :0x1:-:<0,0,6>:	m.work_op[7:0] = 0x1
:10-07 15:55:52.249613:        :0x1:-:<0,0,6>:	m.work_phase[31:0] = 0x4
:10-07 15:55:52.249626:        :0x1:-:<0,0,6>:Executed StatefulALU 2 with instruction 0
:10-07 15:55:52.249642:        :0x1:-:<0,0,6>:Execute Action: n_Ingress.store_active_generation
:10-07 15:55:52.249666:        :0x1:-:<0,0,6>:Action Results:
:10-07 15:55:52.249679:        :0x1:-:<0,0,6>:	----- ExecuteStatefulAluPrimitive -----
:10-07 15:55:52.249692:        :0x1:-:<0,0,6>:	----- BlackBox: active_generation_write_0 -----
:10-07 15:55:52.249705:        :0x1:-:<0,0,6>:	----- register: n_Ingress.active_work_generation -----
:10-07 15:55:52.249742:        :0x1:-:<0,0,6>:	--- SALU Condition ---
:10-07 15:55:52.249756:        :0x1:-:<0,0,6>:	  Not supplied by program.
:10-07 15:55:52.249769:        :0x1:-:<0,0,6>:	    SALU ConditionLo: FALSE
:10-07 15:55:52.249781:        :0x1:-:<0,0,6>:	    SALU ConditionHi: FALSE
:10-07 15:55:52.249794:        :0x1:-:<0,0,6>:	--- SALU Update ---
:10-07 15:55:52.249807:        :0x1:-:<0,0,6>:	  --- SALU Update Lo 1 ---
:10-07 15:55:52.249820:        :0x1:-:<0,0,6>:	    Update Lo 1 predicate not supplied by program
:10-07 15:55:52.249833:        :0x1:-:<0,0,6>:	    Update Lo 1 PredicateResult: TRUE
:10-07 15:55:52.249845:        :0x1:-:<0,0,6>:	    Update Lo 1 expression result:       0x1
:10-07 15:55:52.249858:        :0x1:-:<0,0,6>:	    Update Lo 1 expression result computed using fields:
:10-07 15:55:52.249871:        :0x1:-:<0,0,6>:	        ingress::m.generation: 0x00000001
:10-07 15:55:52.249884:        :0x1:-:<0,0,6>:	--- SALU Output ---
:10-07 15:55:52.249896:        :0x1:-:<0,0,6>:	    Output predicate not supplied by program
:10-07 15:55:52.249909:        :0x1:-:<0,0,6>:	    Output PredicateResult: FALSE
:10-07 15:55:52.249922:        :0x1:-:<0,0,6>:	    Output Destination Field: m.active_gen_diff = 0x0
:10-07 15:55:52.249935:        :0x1:-:<0,0,6>:	---  SALU Register ---
:10-07 15:55:52.249947:        :0x1:-:<0,0,6>:	   Register Index: 0x40000
:10-07 15:55:52.249960:        :0x1:-:<0,0,6>:	     Before stateful alu execution: 0x00000000
:10-07 15:55:52.249973:        :0x1:-:<0,0,6>:	     After stateful alu execution: 0x00000001
:10-07 15:55:52.249987:        :0x1:-:<0,0,6>:Next Table = n_Ingress.owner_command
:10-07 15:55:52.250005:    :0x1:-:<0,0,->:------------ Stage 7 ------------
:10-07 15:55:52.250454:    :0x1:-:<0,0,7>:Ingress : Table n_Ingress.owner_command is miss
:10-07 15:55:52.250475:        :0x1:-:<0,0,7>:Key:
:10-07 15:55:52.250767:        :0x1:-:<0,0,7>:	hdr.expected_cell.expected_cell[31:0] = 0x0
:10-07 15:55:52.250774:        :0x1:-:<0,0,7>:	m.active_gen_diff[31:0] = 0x0
:10-07 15:55:52.250783:        :0x1:-:<0,0,7>:	m.epoch_diff[15:0] = 0x0
:10-07 15:55:52.250789:        :0x1:-:<0,0,7>:	m.epoch_diff[31:16] = 0x0
:10-07 15:55:52.250795:        :0x1:-:<0,0,7>:	m.kind[7:0] = 0x1
:10-07 15:55:52.250800:        :0x1:-:<0,0,7>:	m.return_abort[7:0] = 0x0
:10-07 15:55:52.250806:        :0x1:-:<0,0,7>:	m.stage[7:0] = 0x0
:10-07 15:55:52.250811:        :0x1:-:<0,0,7>:	m.work_phase[31:0] = 0x4
:10-07 15:55:52.250818:        :0x1:-:<0,0,7>:Execute Default Action: NoAction
:10-07 15:55:52.250833:        :0x1:-:<0,0,7>:Action Results:
:10-07 15:55:52.250839:        :0x1:-:<0,0,7>:Next Table = n_Ingress.server_t
:10-07 15:55:52.250846:    :0x1:-:<0,0,7>:Ingress : Table n_Ingress.server_t is miss
:10-07 15:55:52.250851:        :0x1:-:<0,0,7>:Key:
:10-07 15:55:52.250861:        :0x1:-:<0,0,7>:	m.epoch_diff[15:0] = 0x0
:10-07 15:55:52.250867:        :0x1:-:<0,0,7>:	m.epoch_diff[31:16] = 0x0
:10-07 15:55:52.250872:        :0x1:-:<0,0,7>:	m.kind[7:0] = 0x1
:10-07 15:55:52.250878:        :0x1:-:<0,0,7>:	m.stage[7:0] = 0x0
:10-07 15:55:52.250884:        :0x1:-:<0,0,7>:	m.work_op[7:0] = 0x1
:10-07 15:55:52.250889:        :0x1:-:<0,0,7>:	m.work_phase[31:0] = 0x4
:10-07 15:55:52.250895:        :0x1:-:<0,0,7>:Executed StatefulALU 1 with instruction 0
:10-07 15:55:52.250902:        :0x1:-:<0,0,7>:Execute Default Action: n_Ingress.load_server
:10-07 15:55:52.250912:        :0x1:-:<0,0,7>:Action Results:
:10-07 15:55:52.250918:        :0x1:-:<0,0,7>:	----- ExecuteStatefulAluPrimitive -----
:10-07 15:55:52.250923:        :0x1:-:<0,0,7>:	----- BlackBox: read_server_0 -----
:10-07 15:55:52.250929:        :0x1:-:<0,0,7>:	----- register: n_Ingress.server -----
:10-07 15:55:52.250944:        :0x1:-:<0,0,7>:	--- SALU Condition ---
:10-07 15:55:52.250950:        :0x1:-:<0,0,7>:	  Not supplied by program.
:10-07 15:55:52.250956:        :0x1:-:<0,0,7>:	    SALU ConditionLo: FALSE
:10-07 15:55:52.250961:        :0x1:-:<0,0,7>:	    SALU ConditionHi: FALSE
:10-07 15:55:52.250967:        :0x1:-:<0,0,7>:	--- SALU Update ---
:10-07 15:55:52.250973:        :0x1:-:<0,0,7>:	  None
:10-07 15:55:52.250978:        :0x1:-:<0,0,7>:	--- SALU Output ---
:10-07 15:55:52.250984:        :0x1:-:<0,0,7>:	    Output predicate not supplied by program
:10-07 15:55:52.250990:        :0x1:-:<0,0,7>:	    Output PredicateResult: TRUE
:10-07 15:55:52.250995:        :0x1:-:<0,0,7>:	    Output Destination Field: m.server = 0x0
:10-07 15:55:52.251001:        :0x1:-:<0,0,7>:	---  SALU Register ---
:10-07 15:55:52.251007:        :0x1:-:<0,0,7>:	   Register Index: 0x40000
:10-07 15:55:52.251012:        :0x1:-:<0,0,7>:	     Before stateful alu execution: 0x00000000
:10-07 15:55:52.251018:        :0x1:-:<0,0,7>:	     After stateful alu execution: 0x00000000
:10-07 15:55:52.251024:        :0x1:-:<0,0,7>:Next Table = n_Ingress.client_t
:10-07 15:55:52.251030:    :0x1:-:<0,0,7>:Ingress : Table n_Ingress.client_t is miss
:10-07 15:55:52.251036:        :0x1:-:<0,0,7>:Key:
:10-07 15:55:52.251046:        :0x1:-:<0,0,7>:	m.epoch_diff[15:0] = 0x0
:10-07 15:55:52.251052:        :0x1:-:<0,0,7>:	m.epoch_diff[31:16] = 0x0
:10-07 15:55:52.251057:        :0x1:-:<0,0,7>:	m.kind[7:0] = 0x1
:10-07 15:55:52.251063:        :0x1:-:<0,0,7>:	m.stage[7:0] = 0x0
:10-07 15:55:52.251068:        :0x1:-:<0,0,7>:	m.work_op[7:0] = 0x1
:10-07 15:55:52.251074:        :0x1:-:<0,0,7>:	m.work_phase[31:0] = 0x4
:10-07 15:55:52.251080:        :0x1:-:<0,0,7>:Executed StatefulALU 2 with instruction 0
:10-07 15:55:52.251086:        :0x1:-:<0,0,7>:Execute Default Action: n_Ingress.load_client
:10-07 15:55:52.251097:        :0x1:-:<0,0,7>:Action Results:
:10-07 15:55:52.251103:        :0x1:-:<0,0,7>:	----- ExecuteStatefulAluPrimitive -----
:10-07 15:55:52.251108:        :0x1:-:<0,0,7>:	----- BlackBox: read_client_0 -----
:10-07 15:55:52.251114:        :0x1:-:<0,0,7>:	----- register: n_Ingress.client -----
:10-07 15:55:52.251125:        :0x1:-:<0,0,7>:	--- SALU Condition ---
:10-07 15:55:52.251134:        :0x1:-:<0,0,7>:	  Not supplied by program.
:10-07 15:55:52.251142:        :0x1:-:<0,0,7>:	    SALU ConditionLo: FALSE
:10-07 15:55:52.251148:        :0x1:-:<0,0,7>:	    SALU ConditionHi: FALSE
:10-07 15:55:52.251153:        :0x1:-:<0,0,7>:	--- SALU Update ---
:10-07 15:55:52.251159:        :0x1:-:<0,0,7>:	  None
:10-07 15:55:52.251165:        :0x1:-:<0,0,7>:	--- SALU Output ---
:10-07 15:55:52.251170:        :0x1:-:<0,0,7>:	    Output predicate not supplied by program
:10-07 15:55:52.251176:        :0x1:-:<0,0,7>:	    Output PredicateResult: TRUE
:10-07 15:55:52.251182:        :0x1:-:<0,0,7>:	    Output Destination Field: m.client = 0x0
:10-07 15:55:52.251187:        :0x1:-:<0,0,7>:	---  SALU Register ---
:10-07 15:55:52.251193:        :0x1:-:<0,0,7>:	   Register Index: 0x40000
:10-07 15:55:52.251198:        :0x1:-:<0,0,7>:	     Before stateful alu execution: 0x00000000
:10-07 15:55:52.251204:        :0x1:-:<0,0,7>:	     After stateful alu execution: 0x00000000
:10-07 15:55:52.251210:        :0x1:-:<0,0,7>:Next Table = n_Ingress.read_app_t
:10-07 15:55:52.251216:    :0x1:-:<0,0,7>:Ingress : Table n_Ingress.read_app_t is miss
:10-07 15:55:52.251222:        :0x1:-:<0,0,7>:Key:
:10-07 15:55:52.251231:        :0x1:-:<0,0,7>:	m.epoch_diff[15:0] = 0x0
:10-07 15:55:52.251237:        :0x1:-:<0,0,7>:	m.epoch_diff[31:16] = 0x0
:10-07 15:55:52.251243:        :0x1:-:<0,0,7>:	m.kind[7:0] = 0x1
:10-07 15:55:52.251248:        :0x1:-:<0,0,7>:	m.stage[7:0] = 0x0
:10-07 15:55:52.251254:        :0x1:-:<0,0,7>:	m.work_phase[31:0] = 0x4
:10-07 15:55:52.251261:        :0x1:-:<0,0,7>:Execute Default Action: NoAction
:10-07 15:55:52.251273:        :0x1:-:<0,0,7>:Action Results:
:10-07 15:55:52.251279:        :0x1:-:<0,0,7>:Next Table = n_Ingress.frozen_decoy_off_t
:10-07 15:55:52.251305:    :0x1:-:<0,0,7>:Ingress : Gateway table condition ((m.packet_kind == 5 || m.packet_kind == 6 || m.packet_kind == 7)) not matched.
:10-07 15:55:52.251311:    :0x1:-:<0,0,7>:Ingress : Table n_Ingress.frozen_decoy_off_t is inhibited by a gateway condition
:10-07 15:55:52.251317:    :0x1:-:<0,0,7>:Ingress : Gateway did provide payload.
:10-07 15:55:52.251323:        :0x1:-:<0,0,7>:Next Table = n_Ingress.owner_t
:10-07 15:55:52.251331:    :0x1:-:<0,0,->:------------ Stage 8 ------------
:10-07 15:55:52.251513:    :0x1:-:<0,0,8>:Ingress : Table n_Ingress.frozen_decoy_object_t is not active(inhibited/skipped)
:10-07 15:55:52.251521:    :0x1:-:<0,0,8>:Ingress : Table n_Ingress.application_t is not active(inhibited/skipped)
:10-07 15:55:52.251527:    :0x1:-:<0,0,8>:Ingress : Table n_Ingress.native_end_t is not active(inhibited/skipped)
:10-07 15:55:52.251533:    :0x1:-:<0,0,8>:Ingress : Table n_Ingress.real_off_t is not active(inhibited/skipped)
:10-07 15:55:52.251540:    :0x1:-:<0,0,->:------------ Stage 9 ------------
:10-07 15:55:52.251593:    <0,0,9> WARN MAU_PRED<9> get_next_table(ingress,-1) Power-saved LT 0 using table counter - table lookup will appear to always miss
:10-07 15:55:52.251616:    <0,0,9> WARN MAU_PRED<9> get_next_table(ingress,0) Power-saved LT 1 using table counter - table lookup will appear to always miss
:10-07 15:55:52.251635:    <0,0,9> WARN MAU_PRED<9> get_next_table(ingress,1) Power-saved LT 2 using table counter - table lookup will appear to always miss
:10-07 15:55:52.251777:    :0x1:-:<0,0,9>:Ingress : Table n_Ingress.owner_t is hit
:10-07 15:55:52.251785:        :0x1:-:<0,0,9>:Key:
:10-07 15:55:52.251927:        :0x1:-:<0,0,9>:	m.owner_op[7:0] = 0x0
:10-07 15:55:52.251934:        :0x1:-:<0,0,9>:	m.stage[7:0] = 0x0
:10-07 15:55:52.251940:        :0x1:-:<0,0,9>:Executed StatefulALU 3 with instruction 0
:10-07 15:55:52.251948:        :0x1:-:<0,0,9>:Execute Action: n_Ingress.owner_read
:10-07 15:55:52.251961:        :0x1:-:<0,0,9>:Action Results:
:10-07 15:55:52.251968:        :0x1:-:<0,0,9>:	----- ExecuteStatefulAluPrimitive -----
:10-07 15:55:52.251977:        :0x1:-:<0,0,9>:	----- BlackBox: read_owner_0 -----
:10-07 15:55:52.251986:        :0x1:-:<0,0,9>:	----- register: n_Ingress.owner -----
:10-07 15:55:52.252017:        :0x1:-:<0,0,9>:	--- SALU Condition ---
:10-07 15:55:52.252025:        :0x1:-:<0,0,9>:	  Not supplied by program.
:10-07 15:55:52.252034:        :0x1:-:<0,0,9>:	    SALU ConditionLo: FALSE
:10-07 15:55:52.252040:        :0x1:-:<0,0,9>:	    SALU ConditionHi: FALSE
:10-07 15:55:52.252045:        :0x1:-:<0,0,9>:	--- SALU Update ---
:10-07 15:55:52.252051:        :0x1:-:<0,0,9>:	  None
:10-07 15:55:52.252057:        :0x1:-:<0,0,9>:	--- SALU Output ---
:10-07 15:55:52.252062:        :0x1:-:<0,0,9>:	    Output predicate not supplied by program
:10-07 15:55:52.252068:        :0x1:-:<0,0,9>:	    Output PredicateResult: TRUE
:10-07 15:55:52.252073:        :0x1:-:<0,0,9>:	    Output Destination Field: m.observed = 0x0
:10-07 15:55:52.252079:        :0x1:-:<0,0,9>:	---  SALU Register ---
:10-07 15:55:52.252085:        :0x1:-:<0,0,9>:	   Register Index: 0x40000
:10-07 15:55:52.252090:        :0x1:-:<0,0,9>:	     Before stateful alu execution: 0x00000000
:10-07 15:55:52.252096:        :0x1:-:<0,0,9>:	     After stateful alu execution: 0x00000000
:10-07 15:55:52.252102:        :0x1:-:<0,0,9>:Next Table = n_Ingress.sequence_diff
:10-07 15:55:52.252126:    :0x1:-:<0,0,9>:Ingress : Table n_Ingress.sequence_diff is hit
:10-07 15:55:52.252132:        :0x1:-:<0,0,9>:Key:
:10-07 15:55:52.252142:        :0x1:-:<0,0,9>:	hdr.tcp.flags[7:0] = 0x2
:10-07 15:55:52.252148:        :0x1:-:<0,0,9>:	m.direction[7:0] = 0x1
:10-07 15:55:52.252154:        :0x1:-:<0,0,9>:	m.packet_kind[7:0] = 0x1
:10-07 15:55:52.252161:        :0x1:-:<0,0,9>:Execute Action: n_Ingress.diff_syn
:10-07 15:55:52.252316:        :0x1:-:<0,0,9>:Action Results:
:10-07 15:55:52.252324:        :0x1:-:<0,0,9>:	----- ModifyFieldPrimitive -----
:10-07 15:55:52.252330:        :0x1:-:<0,0,9>:	Operation:
:10-07 15:55:52.252335:        :0x1:-:<0,0,9>:	set
:10-07 15:55:52.252341:        :0x1:-:<0,0,9>:	Destination:
:10-07 15:55:52.252347:        :0x1:-:<0,0,9>:	m.client_diff[31:0] = 0x0
:10-07 15:55:52.252352:        :0x1:-:<0,0,9>:	mask=0xFFFFFFFF
:10-07 15:55:52.252358:        :0x1:-:<0,0,9>:	Source 1:
:10-07 15:55:52.252364:        :0x1:-:<0,0,9>:	hdr.tcp.ack[31:0] = 0x0
:10-07 15:55:52.252369:        :0x1:-:<0,0,9>:	----- ModifyFieldPrimitive -----
:10-07 15:55:52.252375:        :0x1:-:<0,0,9>:	Operation:
:10-07 15:55:52.252380:        :0x1:-:<0,0,9>:	set
:10-07 15:55:52.252386:        :0x1:-:<0,0,9>:	Destination:
:10-07 15:55:52.252392:        :0x1:-:<0,0,9>:	m.server_diff[31:0] = 0x0
:10-07 15:55:52.252397:        :0x1:-:<0,0,9>:	mask=0xFFFFFFFF
:10-07 15:55:52.252403:        :0x1:-:<0,0,9>:	Source 1:
:10-07 15:55:52.252409:        :0x1:-:<0,0,9>:	Val=0x20
:10-07 15:55:52.252415:        :0x1:-:<0,0,9>:Next Table = n_Ingress.sequence_guard
:10-07 15:55:52.252423:    :0x1:-:<0,0,->:------------ Stage 10 ------------
:10-07 15:55:52.252847:    :0x1:-:<0,0,10>:Ingress : Table n_Ingress.sequence_guard is hit
:10-07 15:55:52.252856:        :0x1:-:<0,0,10>:Key:
:10-07 15:55:52.252865:        :0x1:-:<0,0,10>:	m.client_diff[31:0] = 0x0
:10-07 15:55:52.252871:        :0x1:-:<0,0,10>:	m.server_diff[31:0] = 0x0
:10-07 15:55:52.252879:        :0x1:-:<0,0,10>:Execute Action: n_Ingress.seq_ok
:10-07 15:55:52.253011:        :0x1:-:<0,0,10>:Action Results:
:10-07 15:55:52.253019:        :0x1:-:<0,0,10>:	----- ModifyFieldPrimitive -----
:10-07 15:55:52.253025:        :0x1:-:<0,0,10>:	Operation:
:10-07 15:55:52.253030:        :0x1:-:<0,0,10>:	set
:10-07 15:55:52.253036:        :0x1:-:<0,0,10>:	Destination:
:10-07 15:55:52.253042:        :0x1:-:<0,0,10>:	m.sequence_valid[7:0] = 0x1
:10-07 15:55:52.253048:        :0x1:-:<0,0,10>:	mask=0xFF
:10-07 15:55:52.253053:        :0x1:-:<0,0,10>:	Source 1:
:10-07 15:55:52.253059:        :0x1:-:<0,0,10>:	Val=0x8
:10-07 15:55:52.253065:        :0x1:-:<0,0,10>:Next Table = n_Ingress.ready_result_t
:10-07 15:55:52.253079:    :0x1:-:<0,0,10>:Ingress : Gateway table condition ((m.kind == 20)) not matched.
:10-07 15:55:52.253085:    :0x1:-:<0,0,10>:Ingress : Table n_Ingress.ready_result_t is inhibited by a gateway condition
:10-07 15:55:52.253096:    :0x1:-:<0,0,10>:Ingress : Gateway did provide payload.
:10-07 15:55:52.253104:        :0x1:-:<0,0,10>:Execute Action: ERROR:Invalid-Action
:10-07 15:55:52.253120:        :0x1:-:<0,0,10>:Action Results:
:10-07 15:55:52.253126:        :0x1:-:<0,0,10>:Next Table = cond-70
:10-07 15:55:52.253134:    :0x1:-:<0,0,10>:Ingress : Gateway table condition ((m.stage == 0)) matched.
:10-07 15:55:52.253140:    :0x1:-:<0,0,10>:Ingress : Gateway attached to cond-70
:10-07 15:55:52.253146:    :0x1:-:<0,0,10>:Ingress : Associated table cond-70 is executed
:10-07 15:55:52.253151:    :0x1:-:<0,0,10>:Ingress : Gateway did provide payload.
:10-07 15:55:52.253157:        :0x1:-:<0,0,10>:Next Table = n_Ingress.object_match
:10-07 15:55:52.253170:    :0x1:-:<0,0,10>:Ingress : Gateway table condition ((m.packet_kind == 6 || m.packet_kind == 7)) not matched.
:10-07 15:55:52.253176:    :0x1:-:<0,0,10>:Ingress : Table n_Ingress.object_match is inhibited by a gateway condition
:10-07 15:55:52.253182:    :0x1:-:<0,0,10>:Ingress : Gateway did provide payload.
:10-07 15:55:52.253188:        :0x1:-:<0,0,10>:Next Table = cond-72
:10-07 15:55:52.253194:    :0x1:-:<0,0,10>:Ingress : Table n_Ingress.reset_boundary is not active(inhibited/skipped)
:10-07 15:55:52.253201:    :0x1:-:<0,0,10>:Ingress : Table n_Ingress.carry_t is not active(inhibited/skipped)
:10-07 15:55:52.253207:    :0x1:-:<0,0,10>:Ingress : Table n_Ingress.abort_t is not active(inhibited/skipped)
:10-07 15:55:52.253213:    :0x1:-:<0,0,10>:Ingress : Gateway table condition ((m.work_op == 1 && (m.work_phase == 4 || m.work_phase == 9) || m.kind == 4 && m.shape_valid == 1)) matched.
:10-07 15:55:52.253219:    :0x1:-:<0,0,10>:Ingress : Gateway attached to cond-72
:10-07 15:55:52.253225:    :0x1:-:<0,0,10>:Ingress : Associated table cond-72 is executed
:10-07 15:55:52.253231:    :0x1:-:<0,0,10>:Ingress : Gateway did provide payload.
:10-07 15:55:52.253237:        :0x1:-:<0,0,10>:Next Table = n_Ingress.snapshot_t
:10-07 15:55:52.253260:    :0x1:-:<0,0,10>:Ingress : Table n_Ingress.snapshot_t is hit
:10-07 15:55:52.253266:        :0x1:-:<0,0,10>:Key:
:10-07 15:55:52.253274:        :0x1:-:<0,0,10>:	m.epoch[31:0] = 0x0
:10-07 15:55:52.253281:        :0x1:-:<0,0,10>:Execute Action: n_Ingress.snapshot_epoch_zero
:10-07 15:55:52.253319:        :0x1:-:<0,0,10>:Action Results:
:10-07 15:55:52.253326:        :0x1:-:<0,0,10>:	----- AddHeaderPrimitive -----
:10-07 15:55:52.253332:        :0x1:-:<0,0,10>:	Destination:
:10-07 15:55:52.253337:        :0x1:-:<0,0,10>:	hdr.envelope.$valid=header
:10-07 15:55:52.253343:        :0x1:-:<0,0,10>:	----- AddHeaderPrimitive -----
:10-07 15:55:52.253349:        :0x1:-:<0,0,10>:	Destination:
:10-07 15:55:52.253355:        :0x1:-:<0,0,10>:	hdr.work_generation.$valid=header
:10-07 15:55:52.253360:        :0x1:-:<0,0,10>:	----- AddHeaderPrimitive -----
:10-07 15:55:52.253366:        :0x1:-:<0,0,10>:	Destination:
:10-07 15:55:52.253372:        :0x1:-:<0,0,10>:	hdr.expected_cell.$valid=header
:10-07 15:55:52.253377:        :0x1:-:<0,0,10>:	----- AddHeaderPrimitive -----
:10-07 15:55:52.253383:        :0x1:-:<0,0,10>:	Destination:
:10-07 15:55:52.253389:        :0x1:-:<0,0,10>:	hdr.event.$valid=header
:10-07 15:55:52.253395:        :0x1:-:<0,0,10>:	----- ModifyFieldPrimitive -----
:10-07 15:55:52.253400:        :0x1:-:<0,0,10>:	Operation:
:10-07 15:55:52.253406:        :0x1:-:<0,0,10>:	set
:10-07 15:55:52.253412:        :0x1:-:<0,0,10>:	Destination:
:10-07 15:55:52.253418:        :0x1:-:<0,0,10>:	hdr.expected_cell.expected_cell[31:0] = 0x0
:10-07 15:55:52.253423:        :0x1:-:<0,0,10>:	mask=0xFFFFFFFF
:10-07 15:55:52.253429:        :0x1:-:<0,0,10>:	Source 1:
:10-07 15:55:52.253435:        :0x1:-:<0,0,10>:	m.observed[31:0] = 0x0
:10-07 15:55:52.253441:        :0x1:-:<0,0,10>:	----- ModifyFieldPrimitive -----
:10-07 15:55:52.253446:        :0x1:-:<0,0,10>:	Operation:
:10-07 15:55:52.253452:        :0x1:-:<0,0,10>:	set
:10-07 15:55:52.253458:        :0x1:-:<0,0,10>:	Destination:
:10-07 15:55:52.253463:        :0x1:-:<0,0,10>:	hdr.work_generation.generation[31:0] = 0x1
:10-07 15:55:52.253478:        :0x1:-:<0,0,10>:	mask=0xFFFFFFFF
:10-07 15:55:52.253485:        :0x1:-:<0,0,10>:	Source 1:
:10-07 15:55:52.253493:        :0x1:-:<0,0,10>:	m.generation[31:0] = 0x1
:10-07 15:55:52.253499:        :0x1:-:<0,0,10>:	----- ModifyFieldPrimitive -----
:10-07 15:55:52.253505:        :0x1:-:<0,0,10>:	Operation:
:10-07 15:55:52.253511:        :0x1:-:<0,0,10>:	set
:10-07 15:55:52.253516:        :0x1:-:<0,0,10>:	Destination:
:10-07 15:55:52.253522:        :0x1:-:<0,0,10>:	hdr.envelope.epoch[31:0] = 0xFFFFFFFF
:10-07 15:55:52.253528:        :0x1:-:<0,0,10>:	mask=0xFFFFFFFF
:10-07 15:55:52.253534:        :0x1:-:<0,0,10>:	Source 1:
:10-07 15:55:52.253539:        :0x1:-:<0,0,10>:	Val=0x20
:10-07 15:55:52.253545:        :0x1:-:<0,0,10>:	----- ModifyFieldPrimitive -----
:10-07 15:55:52.253551:        :0x1:-:<0,0,10>:	Operation:
:10-07 15:55:52.253556:        :0x1:-:<0,0,10>:	set
:10-07 15:55:52.253562:        :0x1:-:<0,0,10>:	Destination:
:10-07 15:55:52.253568:        :0x1:-:<0,0,10>:	hdr.event.event[15:0] = 0x1FF
:10-07 15:55:52.253574:        :0x1:-:<0,0,10>:	mask=0xFFFF
:10-07 15:55:52.253579:        :0x1:-:<0,0,10>:	Source 1:
:10-07 15:55:52.253585:        :0x1:-:<0,0,10>:	Val=0x10
:10-07 15:55:52.253591:        :0x1:-:<0,0,10>:	----- ModifyFieldPrimitive -----
:10-07 15:55:52.253596:        :0x1:-:<0,0,10>:	Operation:
:10-07 15:55:52.253602:        :0x1:-:<0,0,10>:	set
:10-07 15:55:52.253608:        :0x1:-:<0,0,10>:	Destination:
:10-07 15:55:52.253614:        :0x1:-:<0,0,10>:	hdr.event.reserved[15:0] = 0x0
:10-07 15:55:52.253619:        :0x1:-:<0,0,10>:	mask=0xFFFF
:10-07 15:55:52.253625:        :0x1:-:<0,0,10>:	Source 1:
:10-07 15:55:52.253631:        :0x1:-:<0,0,10>:	Val=0x10
:10-07 15:55:52.253637:        :0x1:-:<0,0,10>:	----- ModifyFieldPrimitive -----
:10-07 15:55:52.253642:        :0x1:-:<0,0,10>:	Operation:
:10-07 15:55:52.253648:        :0x1:-:<0,0,10>:	set
:10-07 15:55:52.253654:        :0x1:-:<0,0,10>:	Destination:
:10-07 15:55:52.253660:        :0x1:-:<0,0,10>:	ig_intr_md_for_tm.ucast_egress_port[8:0] = 0x44
:10-07 15:55:52.253665:        :0x1:-:<0,0,10>:	mask=0x1FF
:10-07 15:55:52.253671:        :0x1:-:<0,0,10>:	Source 1:
:10-07 15:55:52.253677:        :0x1:-:<0,0,10>:	Val=0x9
:10-07 15:55:52.253682:        :0x1:-:<0,0,10>:	----- ModifyFieldPrimitive -----
:10-07 15:55:52.253688:        :0x1:-:<0,0,10>:	Operation:
:10-07 15:55:52.253694:        :0x1:-:<0,0,10>:	set
:10-07 15:55:52.253700:        :0x1:-:<0,0,10>:	Destination:
:10-07 15:55:52.253705:        :0x1:-:<0,0,10>:	ig_intr_md_for_tm.bypass_egress[0:0] = 0x1
:10-07 15:55:52.253711:        :0x1:-:<0,0,10>:	mask=0x1
:10-07 15:55:52.253717:        :0x1:-:<0,0,10>:	Source 1:
:10-07 15:55:52.253723:        :0x1:-:<0,0,10>:	Val=0x1
:10-07 15:55:52.253729:        :0x1:-:<0,0,10>:Next Table = n_Ingress.first_event
:10-07 15:55:52.253736:    :0x1:-:<0,0,10>:Ingress : Table n_Ingress.busy_t is not active(inhibited/skipped)
:10-07 15:55:52.253742:    :0x1:-:<0,0,10>:Ingress : Table n_Ingress.read_terminal_t is not active(inhibited/skipped)
:10-07 15:55:52.253749:    :0x1:-:<0,0,->:------------ Stage 11 ------------
:10-07 15:55:52.253806:    <0,0,11> WARN MAU_PRED<11> get_next_table(ingress,-1) Power-saved LT 0 using table counter - table lookup will appear to always miss
:10-07 15:55:52.253928:    :0x1:-:<0,0,11>:Ingress : Table n_Ingress.first_event is hit
:10-07 15:55:52.253937:        :0x1:-:<0,0,11>:Key:
:10-07 15:55:52.253947:        :0x1:-:<0,0,11>:	m.kind[7:0] = 0x1
:10-07 15:55:52.253953:        :0x1:-:<0,0,11>:	m.matched[7:0] = 0x0
:10-07 15:55:52.253959:        :0x1:-:<0,0,11>:	m.observed[31:0] = 0x0
:10-07 15:55:52.253965:        :0x1:-:<0,0,11>:	m.sequence_valid[7:0] = 0x1
:10-07 15:55:52.253972:        :0x1:-:<0,0,11>:Execute Action: n_Ingress.first_syn
:10-07 15:55:52.254107:        :0x1:-:<0,0,11>:Action Results:
:10-07 15:55:52.254114:        :0x1:-:<0,0,11>:	----- ModifyFieldPrimitive -----
:10-07 15:55:52.254120:        :0x1:-:<0,0,11>:	Operation:
:10-07 15:55:52.254126:        :0x1:-:<0,0,11>:	set
:10-07 15:55:52.254135:        :0x1:-:<0,0,11>:	Destination:
:10-07 15:55:52.254141:        :0x1:-:<0,0,11>:	hdr.envelope.epoch[31:0] = 0x1
:10-07 15:55:52.254150:        :0x1:-:<0,0,11>:	mask=0xFFFFFFFF
:10-07 15:55:52.254156:        :0x1:-:<0,0,11>:	Source 1:
:10-07 15:55:52.254162:        :0x1:-:<0,0,11>:	m.generation[31:0] = 0x1
:10-07 15:55:52.254168:        :0x1:-:<0,0,11>:	----- ModifyFieldPrimitive -----
:10-07 15:55:52.254174:        :0x1:-:<0,0,11>:	Operation:
:10-07 15:55:52.254179:        :0x1:-:<0,0,11>:	set
:10-07 15:55:52.254185:        :0x1:-:<0,0,11>:	Destination:
:10-07 15:55:52.254191:        :0x1:-:<0,0,11>:	hdr.event.event[15:0] = 0x101
:10-07 15:55:52.254196:        :0x1:-:<0,0,11>:	mask=0xFFFF
:10-07 15:55:52.254202:        :0x1:-:<0,0,11>:	Source 1:
:10-07 15:55:52.254208:        :0x1:-:<0,0,11>:	Val=0x10
:10-07 15:55:52.254214:        :0x1:-:<0,0,11>:Next Table = --END_OF_PIPELINE--
:10-07 15:55:52.254221:    :0x1:-:<0,0,11>:Ingress : Table n_Ingress.next_stage_t is not active(inhibited/skipped)
:10-07 15:55:52.254234:    :0x1:-:<0,0,->:------------ Stage 0 EOP processing ------------
:10-07 15:55:52.254298:    :0x1:-:<0,0,->:------------ Stage 1 EOP processing ------------
:10-07 15:55:52.254360:    :0x1:-:<0,0,->:------------ Stage 2 EOP processing ------------
:10-07 15:55:52.254411:    :0x1:-:<0,0,->:------------ Stage 3 EOP processing ------------
:10-07 15:55:52.254439:    :0x1:-:<0,0,->:------------ Stage 4 EOP processing ------------
:10-07 15:55:52.254454:    :0x1:-:<0,0,->:------------ Stage 5 EOP processing ------------
:10-07 15:55:52.254498:    :0x1:-:<0,0,->:------------ Stage 6 EOP processing ------------
:10-07 15:55:52.254515:    :0x1:-:<0,0,->:------------ Stage 7 EOP processing ------------
:10-07 15:55:52.254543:    :0x1:-:<0,0,->:------------ Stage 8 EOP processing ------------
:10-07 15:55:52.254568:    :0x1:-:<0,0,->:------------ Stage 9 EOP processing ------------
:10-07 15:55:52.254595:    :0x1:-:<0,0,->:------------ Stage 10 EOP processing ------------
:10-07 15:55:52.254658:    :0x1:-:<0,0,->:------------ Stage 11 EOP processing ------------
:10-07 15:55:52.254679:        :0x1:-:<0,0,->:Ingress Deparser Headers:
:10-07 15:55:52.254690:        :0x1:-:<0,0,->:Header hdr.envelope.$valid is valid
:10-07 15:55:52.254695:        :0x1:-:<0,0,->:Header hdr.eth.$valid is valid
:10-07 15:55:52.254701:        :0x1:-:<0,0,->:Header hdr.event.$valid is valid
:10-07 15:55:52.254707:        :0x1:-:<0,0,->:Header hdr.expected_cell.$valid is valid
:10-07 15:55:52.254713:        :0x1:-:<0,0,->:Header hdr.ip.$valid is valid
:10-07 15:55:52.254718:        :0x1:-:<0,0,->:Header hdr.mss.$valid is valid
:10-07 15:55:52.254724:        :0x1:-:<0,0,->:Header hdr.tcp.$valid is valid
:10-07 15:55:52.254730:        :0x1:-:<0,0,->:Header hdr.work_generation.$valid is valid
:10-07 15:55:52.254929:    :0x1:-:<0,0,->:---- Mirroring session 0 : ingress  ----
:10-07 15:55:52.254937:        :0x1:-:<0,0,->:Mirroring session 0 is not enabled
:10-07 15:55:52.254965:    :-:-:<0,0,0>:========== Egress Pkt from TM to port 68 (tm 80, real 80 bytes) ==========
:10-07 15:55:52.254971:    :-:-:<0,0,0>:Packet :
:10-07 15:55:52.254978:        :-:-:<0,0,0>:00 00 00 01 00 00 00 01 00 00 00 00 01 01 00 00 
:10-07 15:55:52.254985:        :-:-:<0,0,0>:00 11 22 33 44 55 aa bb cc dd ee ff 08 00 45 00 
:10-07 15:55:52.254991:        :-:-:<0,0,0>:00 2c 00 01 40 00 40 06 26 c9 0a 00 00 01 0a 00 
:10-07 15:55:52.254998:        :-:-:<0,0,0>:00 02 75 31 4e 20 00 00 00 63 00 00 00 00 60 02 
:10-07 15:55:52.255004:        :-:-:<0,0,0>:10 00 b0 47 00 00 02 04 05 dc 00 00 00 00 00 00 
:10-07 15:55:52.255010:    :-:-:<0,0,0>:========== Tx Pkt to port 68 (Bypass Egress) (80 bytes) ==========
:10-07 15:55:52.255016:    :-:-:<0,0,0>:Packet :
:10-07 15:55:52.255023:        :-:-:<0,0,0>:00 00 00 01 00 00 00 01 00 00 00 00 01 01 00 00 
:10-07 15:55:52.255029:        :-:-:<0,0,0>:00 11 22 33 44 55 aa bb cc dd ee ff 08 00 45 00 
:10-07 15:55:52.255035:        :-:-:<0,0,0>:00 2c 00 01 40 00 40 06 26 c9 0a 00 00 01 0a 00 
:10-07 15:55:52.255042:        :-:-:<0,0,0>:00 02 75 31 4e 20 00 00 00 63 00 00 00 00 60 02 
:10-07 15:55:52.255052:        :-:-:<0,0,0>:10 00 b0 47 00 00 02 04 05 dc 00 00 00 00 00 00 
:10-07 15:55:52.255063:    :-:-:<0,0,0>:========== Tx Pkt to port 68 recirculated ==========
:10-07 15:55:52.255082:    :-:-:<0,-,0>:Waiting for packets to process
:10-07 15:55:52.259514:    :-:-:<0,-,0>:Begin packet processing
:10-07 15:55:52.259545:    :0x2:-:<0,0,0>:========== Ingress Pkt from port 68 (80 bytes)  ==========
:10-07 15:55:52.259554:    :0x2:-:<0,0,0>:Packet :
:10-07 15:55:52.259563:        :0x2:-:<0,0,0>:00 00 00 01 00 00 00 01 00 00 00 00 01 01 00 00 
:10-07 15:55:52.259572:        :0x2:-:<0,0,0>:00 11 22 33 44 55 aa bb cc dd ee ff 08 00 45 00 
:10-07 15:55:52.259581:        :0x2:-:<0,0,0>:00 2c 00 01 40 00 40 06 26 c9 0a 00 00 01 0a 00 
:10-07 15:55:52.259590:        :0x2:-:<0,0,0>:00 02 75 31 4e 20 00 00 00 63 00 00 00 00 60 02 
:10-07 15:55:52.259599:        :0x2:-:<0,0,0>:10 00 b0 47 00 00 02 04 05 dc 00 00 00 00 00 00 
:10-07 15:55:52.259609:    :0x2:-:<0,0,->:========== Packet to input parser: from port 68 (96 bytes)  ==========
:10-07 15:55:52.259617:    :0x2:-:<0,0,->:Packet :
:10-07 15:55:52.259626:        :0x2:-:<0,0,->:00 44 00 02 af 50 e9 50 00 00 00 00 00 00 00 00 
:10-07 15:55:52.259634:        :0x2:-:<0,0,->:00 00 00 01 00 00 00 01 00 00 00 00 01 01 00 00 
:10-07 15:55:52.259643:        :0x2:-:<0,0,->:00 11 22 33 44 55 aa bb cc dd ee ff 08 00 45 00 
:10-07 15:55:52.259652:        :0x2:-:<0,0,->:00 2c 00 01 40 00 40 06 26 c9 0a 00 00 01 0a 00 
:10-07 15:55:52.259661:        :0x2:-:<0,0,->:00 02 75 31 4e 20 00 00 00 63 00 00 00 00 60 02 
:10-07 15:55:52.259670:        :0x2:-:<0,0,->:10 00 b0 47 00 00 02 04 05 dc 00 00 00 00 00 00 
:10-07 15:55:52.259692:    :0x2:-:<0,0,->:Ingress Parser state '$init_match'
:10-07 15:55:52.259710:    :0x2:-:<0,0,->:Ingress Parser state '$entry_point.start'
:10-07 15:55:52.259728:        :0x2:-:<0,0,->:Ingress Parser state '$entry_point.start': extracted     0x0044, updating PHV word 139 to value     0x0044 I [ig_intr_md.ingress_port[8:0]]
:10-07 15:55:52.259741:        :0x2:-:<0,0,->:Ingress Parser state '$entry_point.start': extracted     0x0002, updating PHV word 342 to value     0x0002 I [ig_intr_md_from_prsr.global_tstamp[47:32]]
:10-07 15:55:52.259756:        :0x2:-:<0,0,->:Ingress Parser state '$entry_point.start': extracted 0xaf50e950, updating PHV word   0 to value 0xaf50e950 I [ig_intr_md_from_prsr.global_tstamp[31:0]]
:10-07 15:55:52.259768:    :0x2:-:<0,0,->:Ingress Parser state 'envelope'
:10-07 15:55:52.259784:        :0x2:-:<0,0,->:Ingress Parser state 'envelope': extracted 0x00000001, updating PHV word  57 to value 0x00000001 I [POV]
:10-07 15:55:52.259797:        :0x2:-:<0,0,->:Ingress Parser state 'envelope': extracted 0x00000001, updating PHV word   6 to value 0x00000001 I [hdr.envelope.epoch[31:0]]
:10-07 15:55:52.259810:    :0x2:-:<0,0,->:Ingress Parser state 'envelope_generation'
:10-07 15:55:52.259825:        :0x2:-:<0,0,->:Ingress Parser state 'envelope_generation': extracted 0x00000002, updating PHV word  57 to value 0x00000003 I [POV]
:10-07 15:55:52.259838:        :0x2:-:<0,0,->:Ingress Parser state 'envelope_generation': extracted 0x00000001, updating PHV word   5 to value 0x00000001 I [hdr.work_generation.generation[31:0]]
:10-07 15:55:52.259850:    :0x2:-:<0,0,->:Ingress Parser state 'envelope_expected'
:10-07 15:55:52.259867:        :0x2:-:<0,0,->:Ingress Parser state 'envelope_expected': extracted       0x01, updating PHV word 108 to value       0x01 I [m.kind[7:0]]
:10-07 15:55:52.259880:        :0x2:-:<0,0,->:Ingress Parser state 'envelope_expected': extracted       0x00, updating PHV word 108 to value       0x01 I [m.kind[7:0]]
:10-07 15:55:52.259892:        :0x2:-:<0,0,->:Ingress Parser state 'envelope_expected': extracted       0x00, updating PHV word 108 to value       0x01 I [m.kind[7:0]]
:10-07 15:55:52.259904:        :0x2:-:<0,0,->:Ingress Parser state 'envelope_expected': extracted       0x00, updating PHV word 108 to value       0x01 I [m.kind[7:0]]
:10-07 15:55:52.259918:        :0x2:-:<0,0,->:Ingress Parser state 'envelope_expected': extracted     0x0101, updating PHV word 128 to value     0x0101 I [hdr.event.event[15:0]]
:10-07 15:55:52.259941:        :0x2:-:<0,0,->:Ingress Parser state 'envelope_expected': extracted     0x0000, updating PHV word 178 to value     0x0000 I [hdr.event.reserved[15:0]]
:10-07 15:55:52.259955:        :0x2:-:<0,0,->:Ingress Parser state 'envelope_expected': extracted 0x0000000c, updating PHV word  57 to value 0x0000000f I [POV]
:10-07 15:55:52.259968:        :0x2:-:<0,0,->:Ingress Parser state 'envelope_expected': extracted 0x00000000, updating PHV word  10 to value 0x00000000 I [hdr.expected_cell.expected_cell[31:0]]
:10-07 15:55:52.259981:        :0x2:-:<0,0,->:Ingress Parser state 'envelope_expected': extracted 0x00000001, updating PHV word  46 to value 0x00000001 I [m.stage[7:0]]
:10-07 15:55:52.259993:    :0x2:-:<0,0,->:Ingress Parser state 'envelope_event'
:10-07 15:55:52.260010:    :0x2:-:<0,0,->:Ingress Parser state 'eth'
:10-07 15:55:52.260027:        :0x2:-:<0,0,->:Ingress Parser state 'eth': extracted     0x0011, updating PHV word 340 to value     0x0011 I [hdr.eth.dst[47:32]]
:10-07 15:55:52.260041:        :0x2:-:<0,0,->:Ingress Parser state 'eth': extracted     0xaabb, updating PHV word 339 to value     0xaabb I [hdr.eth.src[47:32]]
:10-07 15:55:52.260055:        :0x2:-:<0,0,->:Ingress Parser state 'eth': extracted     0x0800, updating PHV word 338 to value     0x0800 I [hdr.eth.type[15:0]]
:10-07 15:55:52.260068:        :0x2:-:<0,0,->:Ingress Parser state 'eth': extracted     0x0000, updating PHV word 338 to value     0x0800 I [hdr.eth.type[15:0]]
:10-07 15:55:52.260083:        :0x2:-:<0,0,->:Ingress Parser state 'eth': extracted 0x00000010, updating PHV word  57 to value 0x0000001f I [POV]
:10-07 15:55:52.260097:        :0x2:-:<0,0,->:Ingress Parser state 'eth': extracted 0x22334455, updating PHV word 270 to value 0x22334455 I [hdr.eth.dst[31:0]]
:10-07 15:55:52.260111:        :0x2:-:<0,0,->:Ingress Parser state 'eth': extracted 0xccddeeff, updating PHV word 269 to value 0xccddeeff I [hdr.eth.src[31:0]]
:10-07 15:55:52.260124:    :0x2:-:<0,0,->:Ingress Parser state 'ip'
:10-07 15:55:52.260144:        :0x2:-:<0,0,->:Ingress Parser state 'ip': extracted       0x40, updating PHV word  79 to value       0x40 I [hdr.ip.ttl[7:0]]
:10-07 15:55:52.260158:        :0x2:-:<0,0,->:Ingress Parser state 'ip': extracted       0x06, updating PHV word 289 to value       0x06 I [hdr.ip.proto[7:0]]
:10-07 15:55:52.260172:        :0x2:-:<0,0,->:Ingress Parser state 'ip': extracted       0x00, updating PHV word  79 to value       0x40 I [hdr.ip.ttl[7:0]]
:10-07 15:55:52.260185:        :0x2:-:<0,0,->:Ingress Parser state 'ip': extracted       0x00, updating PHV word  79 to value       0x40 I [hdr.ip.ttl[7:0]]
:10-07 15:55:52.260200:        :0x2:-:<0,0,->:Ingress Parser state 'ip': extracted     0x26c9, updating PHV word 321 to value     0x26c9 I [hdr.ip.checksum[15:0]]
:10-07 15:55:52.260215:        :0x2:-:<0,0,->:Ingress Parser state 'ip': extracted 0x4500002c, updating PHV word 256 to value 0x4500002c I [hdr.ip.ihl[3:0], hdr.ip.len[15:0], hdr.ip.tos[7:0], hdr.ip.version[3:0]]
:10-07 15:55:52.260229:        :0x2:-:<0,0,->:Ingress Parser state 'ip': extracted 0x00014000, updating PHV word 257 to value 0x00014000 I [hdr.ip.flags[2:0], hdr.ip.frag[12:0], hdr.ip.id[15:0]]
:10-07 15:55:52.260242:        :0x2:-:<0,0,->:Ingress Parser state 'ip': extracted 0x0a000001, updating PHV word  35 to value 0x0a000001 I [hdr.ip.src[31:0]]
:10-07 15:55:52.260256:        :0x2:-:<0,0,->:Ingress Parser state 'ip': extracted 0x0a000002, updating PHV word  34 to value 0x0a000002 I [hdr.ip.dst[31:0]]
:10-07 15:55:52.260269:    :0x2:-:<0,0,->:Ingress Parser state 'ip.$split_0'
:10-07 15:55:52.260286:        :0x2:-:<0,0,->:Ingress Parser state 'ip.$split_0': extracted 0x00000020, updating PHV word  57 to value 0x0000003f I [POV]
:10-07 15:55:52.260300:    :0x2:-:<0,0,->:Ingress Parser state 'ip_flags'
:10-07 15:55:52.260316:    :0x2:-:<0,0,->:Ingress Parser state 'tcp'
:10-07 15:55:52.260342:        :0x2:-:<0,0,->:Ingress Parser state 'tcp': extracted     0x6002, updating PHV word 176 to value     0x6002 I [hdr.tcp.flags[7:0], hdr.tcp.offset[3:0], hdr.tcp.reserved[3:0]]
:10-07 15:55:52.260362:        :0x2:-:<0,0,->:Ingress Parser state 'tcp': extracted     0x1000, updating PHV word 320 to value     0x1000 I [hdr.tcp.window[15:0]]
:10-07 15:55:52.260377:        :0x2:-:<0,0,->:Ingress Parser state 'tcp': extracted     0xb047, updating PHV word 322 to value     0xb047 I [hdr.tcp.checksum[15:0]]
:10-07 15:55:52.260391:        :0x2:-:<0,0,->:Ingress Parser state 'tcp': extracted     0x0000, updating PHV word 177 to value     0x0000 I [hdr.tcp.urgent[15:0]]
:10-07 15:55:52.260406:        :0x2:-:<0,0,->:Ingress Parser state 'tcp': extracted 0x00000040, updating PHV word  57 to value 0x0000007f I [POV]
:10-07 15:55:52.260420:        :0x2:-:<0,0,->:Ingress Parser state 'tcp': extracted 0x75314e20, updating PHV word  56 to value 0x75314e20 I [hdr.tcp.dport[15:0], hdr.tcp.sport[15:0]]
:10-07 15:55:52.260434:        :0x2:-:<0,0,->:Ingress Parser state 'tcp': extracted 0x00000063, updating PHV word  32 to value 0x00000063 I [hdr.tcp.seq[31:0]]
:10-07 15:55:52.260447:        :0x2:-:<0,0,->:Ingress Parser state 'tcp': extracted 0x00000000, updating PHV word  33 to value 0x00000000 I [hdr.tcp.ack[31:0]]
:10-07 15:55:52.260461:    :0x2:-:<0,0,->:Ingress Parser state 'mss_syn'
:10-07 15:55:52.260479:        :0x2:-:<0,0,->:Ingress Parser state 'mss_syn': extracted       0x01, updating PHV word 113 to value       0x01 I [m.packet_kind[7:0]]
:10-07 15:55:52.260495:        :0x2:-:<0,0,->:Ingress Parser state 'mss_syn': extracted 0x00000080, updating PHV word  57 to value 0x000000ff I [POV]
:10-07 15:55:52.260509:        :0x2:-:<0,0,->:Ingress Parser state 'mss_syn': extracted 0x020405dc, updating PHV word 258 to value 0x020405dc I [hdr.image.w12[7:0], hdr.image.w13[23:0], hdr.mss.kind[7:0], hdr.mss.len[7:0], hdr.mss.value[15:0]]
:10-07 15:55:52.260523:    :0x2:-:<0,0,->:Ingress Parser state 'mss_check'
:10-07 15:55:52.260541:        :0x2:-:<0,0,->:Ingress Parser state 'mss_check': extracted       0x01, updating PHV word  74 to value       0x01 I [m.parsed[7:0]]
:10-07 15:55:52.260555:        :0x2:-:<0,0,->:Ingress Parser state 'mss_check': extracted       0x01, updating PHV word 112 to value       0x01 I [m.shape_valid[7:0]]
:10-07 15:55:52.260572:        :0x2:-:<0,0,->:Ingress Headers:
:10-07 15:55:52.260589:        :0x2:-:<0,0,->:Header hdr.envelope.$valid is valid
:10-07 15:55:52.260600:        :0x2:-:<0,0,->:Header hdr.eth.$valid is valid
:10-07 15:55:52.260610:        :0x2:-:<0,0,->:Header hdr.event.$valid is valid
:10-07 15:55:52.260619:        :0x2:-:<0,0,->:Header hdr.expected_cell.$valid is valid
:10-07 15:55:52.260629:        :0x2:-:<0,0,->:Header hdr.ip.$valid is valid
:10-07 15:55:52.260639:        :0x2:-:<0,0,->:Header hdr.mss.$valid is valid
:10-07 15:55:52.260649:        :0x2:-:<0,0,->:Header hdr.tcp.$valid is valid
:10-07 15:55:52.260659:        :0x2:-:<0,0,->:Header hdr.work_generation.$valid is valid
:10-07 15:55:52.260684:    :0x2:-:<0,0,->:------------ Stage 0 ------------
:10-07 15:55:52.260907:    :0x2:-:<0,0,0>:Ingress : Table n_Ingress.ports is hit
:10-07 15:55:52.260922:        :0x2:-:<0,0,0>:Key:
:10-07 15:55:52.260937:        :0x2:-:<0,0,0>:	ig_intr_md.ingress_port[8:0] = 0x44
:10-07 15:55:52.260950:        :0x2:-:<0,0,0>:Execute Action: n_Ingress.route
:10-07 15:55:52.260989:        :0x2:-:<0,0,0>:Action Results:
:10-07 15:55:52.261001:        :0x2:-:<0,0,0>:	----- ModifyFieldPrimitive -----
:10-07 15:55:52.261011:        :0x2:-:<0,0,0>:	Operation:
:10-07 15:55:52.261021:        :0x2:-:<0,0,0>:	set
:10-07 15:55:52.261031:        :0x2:-:<0,0,0>:	Destination:
:10-07 15:55:52.261041:        :0x2:-:<0,0,0>:	m.port_valid[7:0] = 0x1
:10-07 15:55:52.261051:        :0x2:-:<0,0,0>:	mask=0xFF
:10-07 15:55:52.261061:        :0x2:-:<0,0,0>:	Source 1:
:10-07 15:55:52.261071:        :0x2:-:<0,0,0>:	Val=0x8
:10-07 15:55:52.261081:        :0x2:-:<0,0,0>:	----- ModifyFieldPrimitive -----
:10-07 15:55:52.261091:        :0x2:-:<0,0,0>:	Operation:
:10-07 15:55:52.261108:        :0x2:-:<0,0,0>:	set
:10-07 15:55:52.261118:        :0x2:-:<0,0,0>:	Destination:
:10-07 15:55:52.261133:        :0x2:-:<0,0,0>:	ig_intr_md_for_tm.ucast_egress_port[8:0] = 0x44
:10-07 15:55:52.261143:        :0x2:-:<0,0,0>:	mask=0x1FF
:10-07 15:55:52.261153:        :0x2:-:<0,0,0>:	Source 1:
:10-07 15:55:52.261163:        :0x2:-:<0,0,0>:	port=action_param
:10-07 15:55:52.261173:        :0x2:-:<0,0,0>:	----- ModifyFieldPrimitive -----
:10-07 15:55:52.261183:        :0x2:-:<0,0,0>:	Operation:
:10-07 15:55:52.261193:        :0x2:-:<0,0,0>:	set
:10-07 15:55:52.261203:        :0x2:-:<0,0,0>:	Destination:
:10-07 15:55:52.261213:        :0x2:-:<0,0,0>:	ig_intr_md_for_tm.bypass_egress[0:0] = 0x1
:10-07 15:55:52.261223:        :0x2:-:<0,0,0>:	mask=0x1
:10-07 15:55:52.261233:        :0x2:-:<0,0,0>:	Source 1:
:10-07 15:55:52.261243:        :0x2:-:<0,0,0>:	Val=0x1
:10-07 15:55:52.261254:        :0x2:-:<0,0,0>:Next Table = n_Ingress.network
:10-07 15:55:52.261267:    :0x2:-:<0,0,0>:Ingress : Table n_Ingress.network is hit
:10-07 15:55:52.261277:        :0x2:-:<0,0,0>:Key:
:10-07 15:55:52.261300:        :0x2:-:<0,0,0>:	hdr.ip.ttl[7:0] = 0x40
:10-07 15:55:52.261311:        :0x2:-:<0,0,0>:	hdr.tcp.flags[7:0] = 0x2
:10-07 15:55:52.261321:        :0x2:-:<0,0,0>:	hdr.tcp.reserved[3:0] = 0x0
:10-07 15:55:52.261331:        :0x2:-:<0,0,0>:	hdr.tcp.urgent[15:0] = 0x0
:10-07 15:55:52.261341:        :0x2:-:<0,0,0>:	m.ip_error[0:0] = 0x0
:10-07 15:55:52.261351:        :0x2:-:<0,0,0>:	m.kind[7:0] = 0x1
:10-07 15:55:52.261360:        :0x2:-:<0,0,0>:	m.parsed[7:0] = 0x1
:10-07 15:55:52.261370:        :0x2:-:<0,0,0>:	m.tcp_sum[15:0] = 0xFFEB
:10-07 15:55:52.261383:        :0x2:-:<0,0,0>:Execute Action: n_Ingress.network_accept
:10-07 15:55:52.261409:        :0x2:-:<0,0,0>:Action Results:
:10-07 15:55:52.261420:        :0x2:-:<0,0,0>:	----- ModifyFieldPrimitive -----
:10-07 15:55:52.261430:        :0x2:-:<0,0,0>:	Operation:
:10-07 15:55:52.261440:        :0x2:-:<0,0,0>:	set
:10-07 15:55:52.261450:        :0x2:-:<0,0,0>:	Destination:
:10-07 15:55:52.261460:        :0x2:-:<0,0,0>:	m.network_valid[7:0] = 0x1
:10-07 15:55:52.261478:        :0x2:-:<0,0,0>:	mask=0xFF
:10-07 15:55:52.261491:        :0x2:-:<0,0,0>:	Source 1:
:10-07 15:55:52.261501:        :0x2:-:<0,0,0>:	Val=0x8
:10-07 15:55:52.261512:        :0x2:-:<0,0,0>:Next Table = tbl_nf480
:10-07 15:55:52.261523:    :0x2:-:<0,0,0>:Ingress : Table tbl_nf480 is miss
:10-07 15:55:52.261534:        :0x2:-:<0,0,0>:Key:
:10-07 15:55:52.261546:        :0x2:-:<0,0,0>:Execute Default Action: nf480
:10-07 15:55:52.261572:        :0x2:-:<0,0,0>:Action Results:
:10-07 15:55:52.261586:        :0x2:-:<0,0,0>:	----- DirectAluPrimitive -----
:10-07 15:55:52.261597:        :0x2:-:<0,0,0>:	Operation:
:10-07 15:55:52.261607:        :0x2:-:<0,0,0>:	sub
:10-07 15:55:52.261617:        :0x2:-:<0,0,0>:	Destination:
:10-07 15:55:52.261627:        :0x2:-:<0,0,0>:	m.terminal_diff[31:0] = 0x1
:10-07 15:55:52.261637:        :0x2:-:<0,0,0>:	mask=0xFFFFFFFF
:10-07 15:55:52.261647:        :0x2:-:<0,0,0>:	Source 1:
:10-07 15:55:52.261657:        :0x2:-:<0,0,0>:	hdr.envelope.epoch[31:0] = 0x1
:10-07 15:55:52.261667:        :0x2:-:<0,0,0>:	Source 2:
:10-07 15:55:52.261677:        :0x2:-:<0,0,0>:	hdr.completion.epoch[31:0] = 0x0
:10-07 15:55:52.261687:        :0x2:-:<0,0,0>:Next Table = tbl_nf477_0
:10-07 15:55:52.261698:    :0x2:-:<0,0,0>:Ingress : Table tbl_nf477_0 is miss
:10-07 15:55:52.261708:        :0x2:-:<0,0,0>:Key:
:10-07 15:55:52.261720:        :0x2:-:<0,0,0>:Execute Default Action: nf477_0
:10-07 15:55:52.261744:        :0x2:-:<0,0,0>:Action Results:
:10-07 15:55:52.261755:        :0x2:-:<0,0,0>:	----- ModifyFieldPrimitive -----
:10-07 15:55:52.261765:        :0x2:-:<0,0,0>:	Operation:
:10-07 15:55:52.261775:        :0x2:-:<0,0,0>:	set
:10-07 15:55:52.261785:        :0x2:-:<0,0,0>:	Destination:
:10-07 15:55:52.261795:        :0x2:-:<0,0,0>:	m.expected_work_phase[7:0] = 0x1
:10-07 15:55:52.261805:        :0x2:-:<0,0,0>:	m.expected_work_phase[31:8] = 0x0
:10-07 15:55:52.261821:        :0x2:-:<0,0,0>:	mask=0xFF
:10-07 15:55:52.261831:        :0x2:-:<0,0,0>:	Source 1:
:10-07 15:55:52.261845:        :0x2:-:<0,0,0>:	m.stage[7:0] = 0x1
:10-07 15:55:52.261855:        :0x2:-:<0,0,0>:Next Table = tbl_nf477
:10-07 15:55:52.261866:    :0x2:-:<0,0,0>:Ingress : Table tbl_nf477 is miss
:10-07 15:55:52.261876:        :0x2:-:<0,0,0>:Key:
:10-07 15:55:52.261888:        :0x2:-:<0,0,0>:Execute Default Action: nf477
:10-07 15:55:52.261916:        :0x2:-:<0,0,0>:Action Results:
:10-07 15:55:52.261927:        :0x2:-:<0,0,0>:	----- ModifyFieldPrimitive -----
:10-07 15:55:52.261937:        :0x2:-:<0,0,0>:	Operation:
:10-07 15:55:52.261947:        :0x2:-:<0,0,0>:	set
:10-07 15:55:52.261957:        :0x2:-:<0,0,0>:	Destination:
:10-07 15:55:52.261967:        :0x2:-:<0,0,0>:	m.expected[31:0] = 0x0
:10-07 15:55:52.261977:        :0x2:-:<0,0,0>:	mask=0xFFFFFFFF
:10-07 15:55:52.261987:        :0x2:-:<0,0,0>:	Source 1:
:10-07 15:55:52.261997:        :0x2:-:<0,0,0>:	hdr.expected_cell.expected_cell[31:0] = 0x0
:10-07 15:55:52.262007:        :0x2:-:<0,0,0>:	----- ModifyFieldPrimitive -----
:10-07 15:55:52.262017:        :0x2:-:<0,0,0>:	Operation:
:10-07 15:55:52.262027:        :0x2:-:<0,0,0>:	set
:10-07 15:55:52.262037:        :0x2:-:<0,0,0>:	Destination:
:10-07 15:55:52.262047:        :0x2:-:<0,0,0>:	m.owner_diff[15:0] = 0x1
:10-07 15:55:52.262057:        :0x2:-:<0,0,0>:	m.owner_diff[31:16] = 0x0
:10-07 15:55:52.262067:        :0x2:-:<0,0,0>:	mask=0xFFFFFFFF
:10-07 15:55:52.262077:        :0x2:-:<0,0,0>:	Source 1:
:10-07 15:55:52.262087:        :0x2:-:<0,0,0>:	Val=0x20
:10-07 15:55:52.262097:        :0x2:-:<0,0,0>:Next Table = tbl_nf479
:10-07 15:55:52.262110:    :0x2:-:<0,0,0>:Ingress : Gateway table condition ((m.kind == 20)) not matched.
:10-07 15:55:52.262120:    :0x2:-:<0,0,0>:Ingress : Gateway attached to tbl_nf479
:10-07 15:55:52.262131:    :0x2:-:<0,0,0>:Ingress : Associated table tbl_nf479 is executed
:10-07 15:55:52.262141:    :0x2:-:<0,0,0>:Ingress : Gateway did provide payload.
:10-07 15:55:52.262152:        :0x2:-:<0,0,0>:Next Table = tbl_nf479_0
:10-07 15:55:52.262163:    :0x2:-:<0,0,0>:Ingress : Table tbl_nf479_0 is miss
:10-07 15:55:52.262173:        :0x2:-:<0,0,0>:Key:
:10-07 15:55:52.262185:        :0x2:-:<0,0,0>:Execute Default Action: nf479_0
:10-07 15:55:52.262210:        :0x2:-:<0,0,0>:Action Results:
:10-07 15:55:52.262220:        :0x2:-:<0,0,0>:	----- DirectAluPrimitive -----
:10-07 15:55:52.262230:        :0x2:-:<0,0,0>:	Operation:
:10-07 15:55:52.262240:        :0x2:-:<0,0,0>:	sub
:10-07 15:55:52.262250:        :0x2:-:<0,0,0>:	Destination:
:10-07 15:55:52.262260:        :0x2:-:<0,0,0>:	m.prefix_difference[31:0] = 0x1
:10-07 15:55:52.262270:        :0x2:-:<0,0,0>:	mask=0xFFFFFFFF
:10-07 15:55:52.262280:        :0x2:-:<0,0,0>:	Source 1:
:10-07 15:55:52.262290:        :0x2:-:<0,0,0>:	hdr.envelope.epoch[31:0] = 0x1
:10-07 15:55:52.262300:        :0x2:-:<0,0,0>:	Source 2:
:10-07 15:55:52.262310:        :0x2:-:<0,0,0>:	hdr.expected_cell.expected_cell[31:0] = 0x0
:10-07 15:55:52.262321:        :0x2:-:<0,0,0>:Next Table = n_Ingress.connection
:10-07 15:55:52.262333:    :0x2:-:<0,0,->:------------ Stage 1 ------------
:10-07 15:55:52.262522:    :0x2:-:<0,0,1>:Ingress : Gateway table condition ((m.port_valid == 1 && m.network_valid == 1)) matched.
:10-07 15:55:52.262537:    :0x2:-:<0,0,1>:Ingress : Associated table n_Ingress.connection is executed
:10-07 15:55:52.262548:    :0x2:-:<0,0,1>:Ingress : Table n_Ingress.connection is hit
:10-07 15:55:52.262558:        :0x2:-:<0,0,1>:Key:
:10-07 15:55:52.262576:        :0x2:-:<0,0,1>:	hdr.ip.dst[31:0] = 0xA000002
:10-07 15:55:52.262586:        :0x2:-:<0,0,1>:	hdr.ip.src[31:0] = 0xA000001
:10-07 15:55:52.262596:        :0x2:-:<0,0,1>:	hdr.tcp.dport[15:0] = 0x4E20
:10-07 15:55:52.262606:        :0x2:-:<0,0,1>:	hdr.tcp.sport[15:0] = 0x7531
:10-07 15:55:52.262619:        :0x2:-:<0,0,1>:Execute Action: n_Ingress.forward_flow
:10-07 15:55:52.262659:        :0x2:-:<0,0,1>:Action Results:
:10-07 15:55:52.262670:        :0x2:-:<0,0,1>:	----- ModifyFieldPrimitive -----
:10-07 15:55:52.262686:        :0x2:-:<0,0,1>:	Operation:
:10-07 15:55:52.262697:        :0x2:-:<0,0,1>:	set
:10-07 15:55:52.262711:        :0x2:-:<0,0,1>:	Destination:
:10-07 15:55:52.262722:        :0x2:-:<0,0,1>:	m.direction[7:0] = 0x1
:10-07 15:55:52.262732:        :0x2:-:<0,0,1>:	mask=0xFF
:10-07 15:55:52.262742:        :0x2:-:<0,0,1>:	Source 1:
:10-07 15:55:52.262751:        :0x2:-:<0,0,1>:	Val=0x8
:10-07 15:55:52.262762:        :0x2:-:<0,0,1>:	----- ModifyFieldPrimitive -----
:10-07 15:55:52.262772:        :0x2:-:<0,0,1>:	Operation:
:10-07 15:55:52.262782:        :0x2:-:<0,0,1>:	set
:10-07 15:55:52.262792:        :0x2:-:<0,0,1>:	Destination:
:10-07 15:55:52.262802:        :0x2:-:<0,0,1>:	m.output_port[8:0] = 0x2
:10-07 15:55:52.262812:        :0x2:-:<0,0,1>:	mask=0x1FF
:10-07 15:55:52.262822:        :0x2:-:<0,0,1>:	Source 1:
:10-07 15:55:52.262832:        :0x2:-:<0,0,1>:	port=action_param
:10-07 15:55:52.262842:        :0x2:-:<0,0,1>:	----- ModifyFieldPrimitive -----
:10-07 15:55:52.262852:        :0x2:-:<0,0,1>:	Operation:
:10-07 15:55:52.262862:        :0x2:-:<0,0,1>:	set
:10-07 15:55:52.262872:        :0x2:-:<0,0,1>:	Destination:
:10-07 15:55:52.262882:        :0x2:-:<0,0,1>:	ig_intr_md_for_tm.ucast_egress_port[8:0] = 0x2
:10-07 15:55:52.262892:        :0x2:-:<0,0,1>:	mask=0x1FF
:10-07 15:55:52.262902:        :0x2:-:<0,0,1>:	Source 1:
:10-07 15:55:52.262912:        :0x2:-:<0,0,1>:	port=action_param
:10-07 15:55:52.262922:        :0x2:-:<0,0,1>:	----- ModifyFieldPrimitive -----
:10-07 15:55:52.262932:        :0x2:-:<0,0,1>:	Operation:
:10-07 15:55:52.262942:        :0x2:-:<0,0,1>:	set
:10-07 15:55:52.262952:        :0x2:-:<0,0,1>:	Destination:
:10-07 15:55:52.262962:        :0x2:-:<0,0,1>:	m.go[7:0] = 0x0
:10-07 15:55:52.262972:        :0x2:-:<0,0,1>:	mask=0xFF
:10-07 15:55:52.262982:        :0x2:-:<0,0,1>:	Source 1:
:10-07 15:55:52.262992:        :0x2:-:<0,0,1>:	Val=0x8
:10-07 15:55:52.263002:        :0x2:-:<0,0,1>:Next Table = n_Ingress.input_head_t
:10-07 15:55:52.263015:    :0x2:-:<0,0,1>:Ingress : Gateway table condition ((m.packet_kind == 5 || m.packet_kind == 6 || m.packet_kind == 7)) not matched.
:10-07 15:55:52.263026:    :0x2:-:<0,0,1>:Ingress : Gateway attached to n_Ingress.input_head_t
:10-07 15:55:52.263036:    :0x2:-:<0,0,1>:Ingress : Table n_Ingress.input_head_t is inhibited by a gateway condition
:10-07 15:55:52.263046:        :0x2:-:<0,0,1>:Next Table = n_Ingress.read_connection
:10-07 15:55:52.263058:    :0x2:-:<0,0,1>:Ingress : Gateway table condition ((m.packet_kind == 9 || m.packet_kind == 11)) not matched.
:10-07 15:55:52.263069:    :0x2:-:<0,0,1>:Ingress : Table n_Ingress.read_connection is inhibited by a gateway condition
:10-07 15:55:52.263079:    :0x2:-:<0,0,1>:Ingress : Gateway did provide payload.
:10-07 15:55:52.263090:        :0x2:-:<0,0,1>:Next Table = n_Ingress.guard
:10-07 15:55:52.263101:    :0x2:-:<0,0,1>:Ingress : Table n_Ingress.rd_head_t is not active(inhibited/skipped)
:10-07 15:55:52.263112:    :0x2:-:<0,0,1>:Ingress : Table n_Ingress.rd_request_crc_t is not active(inhibited/skipped)
:10-07 15:55:52.263122:    :0x2:-:<0,0,1>:Ingress : Table n_Ingress.rd_first_crc_t is not active(inhibited/skipped)
:10-07 15:55:52.263132:    :0x2:-:<0,0,1>:Ingress : Table n_Ingress.rd_tail_crc_t is not active(inhibited/skipped)
:10-07 15:55:52.263143:    :0x2:-:<0,0,1>:Ingress : Table n_Ingress.rd_second_crc_t is not active(inhibited/skipped)
:10-07 15:55:52.263153:    :0x2:-:<0,0,1>:Ingress : Table n_Ingress.read_response_profile is not active(inhibited/skipped)
:10-07 15:55:52.263163:    :0x2:-:<0,0,1>:Ingress : Table n_Ingress.read_request_profile is not active(inhibited/skipped)
:10-07 15:55:52.263174:    :0x2:-:<0,0,1>:Ingress : Table n_Ingress.data_connection is not active(inhibited/skipped)
:10-07 15:55:52.263184:    :0x2:-:<0,0,1>:Ingress : Table n_Ingress.response_profile is not active(inhibited/skipped)
:10-07 15:55:52.263194:    :0x2:-:<0,0,1>:Ingress : Table n_Ingress.profile is not active(inhibited/skipped)
:10-07 15:55:52.263205:    :0x2:-:<0,0,1>:Ingress : Table tbl_deny_2 is not active(inhibited/skipped)
:10-07 15:55:52.263222:    :0x2:-:<0,0,->:------------ Stage 2 ------------
:10-07 15:55:52.263352:    :0x2:-:<0,0,->:------------ Stage 3 ------------
:10-07 15:55:52.263465:    :0x2:-:<0,0,->:------------ Stage 4 ------------
:10-07 15:55:52.263607:    :0x2:-:<0,0,4>:Ingress : Table n_Ingress.guard is hit
:10-07 15:55:52.263620:        :0x2:-:<0,0,4>:Key:
:10-07 15:55:52.263652:        :0x2:-:<0,0,4>:	m.bad1[7:0] = 0x0
:10-07 15:55:52.263662:        :0x2:-:<0,0,4>:	m.badb[7:0] = 0x0
:10-07 15:55:52.263672:        :0x2:-:<0,0,4>:	m.badh[7:0] = 0x0
:10-07 15:55:52.263682:        :0x2:-:<0,0,4>:	m.badt[7:0] = 0x0
:10-07 15:55:52.263692:        :0x2:-:<0,0,4>:	m.cached_owner_diff[31:0] = 0x0
:10-07 15:55:52.263702:        :0x2:-:<0,0,4>:	m.direction[7:0] = 0x1
:10-07 15:55:52.263712:        :0x2:-:<0,0,4>:	m.enabled[7:0] = 0x0
:10-07 15:55:52.263722:        :0x2:-:<0,0,4>:	m.kind[7:0] = 0x1
:10-07 15:55:52.263732:        :0x2:-:<0,0,4>:	m.packet_kind[7:0] = 0x1
:10-07 15:55:52.263742:        :0x2:-:<0,0,4>:	m.prefix_difference[31:0] = 0x1
:10-07 15:55:52.263752:        :0x2:-:<0,0,4>:	m.profile[7:0] = 0x0
:10-07 15:55:52.263762:        :0x2:-:<0,0,4>:	m.shape_valid[7:0] = 0x1
:10-07 15:55:52.263772:        :0x2:-:<0,0,4>:	m.stage[7:0] = 0x1
:10-07 15:55:52.263782:        :0x2:-:<0,0,4>:	m.terminal_diff[31:0] = 0x1
:10-07 15:55:52.263795:        :0x2:-:<0,0,4>:Execute Action: n_Ingress.go_ret_work
:10-07 15:55:52.263833:        :0x2:-:<0,0,4>:Action Results:
:10-07 15:55:52.263844:        :0x2:-:<0,0,4>:	----- ModifyFieldPrimitive -----
:10-07 15:55:52.263854:        :0x2:-:<0,0,4>:	Operation:
:10-07 15:55:52.263864:        :0x2:-:<0,0,4>:	set
:10-07 15:55:52.263874:        :0x2:-:<0,0,4>:	Destination:
:10-07 15:55:52.263884:        :0x2:-:<0,0,4>:	m.go[7:0] = 0x1
:10-07 15:55:52.263894:        :0x2:-:<0,0,4>:	mask=0xFF
:10-07 15:55:52.263904:        :0x2:-:<0,0,4>:	Source 1:
:10-07 15:55:52.263914:        :0x2:-:<0,0,4>:	Val=0x8
:10-07 15:55:52.263924:        :0x2:-:<0,0,4>:	----- ModifyFieldPrimitive -----
:10-07 15:55:52.263934:        :0x2:-:<0,0,4>:	Operation:
:10-07 15:55:52.263944:        :0x2:-:<0,0,4>:	set
:10-07 15:55:52.263954:        :0x2:-:<0,0,4>:	Destination:
:10-07 15:55:52.263964:        :0x2:-:<0,0,4>:	m.generation[31:0] = 0x1
:10-07 15:55:52.263974:        :0x2:-:<0,0,4>:	mask=0xFFFFFFFF
:10-07 15:55:52.263984:        :0x2:-:<0,0,4>:	Source 1:
:10-07 15:55:52.263994:        :0x2:-:<0,0,4>:	hdr.work_generation.generation[31:0] = 0x1
:10-07 15:55:52.264004:        :0x2:-:<0,0,4>:	----- ModifyFieldPrimitive -----
:10-07 15:55:52.264014:        :0x2:-:<0,0,4>:	Operation:
:10-07 15:55:52.264024:        :0x2:-:<0,0,4>:	set
:10-07 15:55:52.264034:        :0x2:-:<0,0,4>:	Destination:
:10-07 15:55:52.264044:        :0x2:-:<0,0,4>:	m.work_op[7:0] = 0x2
:10-07 15:55:52.264054:        :0x2:-:<0,0,4>:	mask=0xFF
:10-07 15:55:52.264064:        :0x2:-:<0,0,4>:	Source 1:
:10-07 15:55:52.264074:        :0x2:-:<0,0,4>:	Val=0x8
:10-07 15:55:52.264085:        :0x2:-:<0,0,4>:Next Table = n_Ingress.work.dispatch
:10-07 15:55:52.264098:    :0x2:-:<0,0,->:------------ Stage 5 ------------
:10-07 15:55:52.264291:    :0x2:-:<0,0,5>:Ingress : Gateway table condition ((m.go == 1)) matched.
:10-07 15:55:52.264307:    :0x2:-:<0,0,5>:Ingress : Associated table n_Ingress.work.dispatch is executed
:10-07 15:55:52.264318:    :0x2:-:<0,0,5>:Ingress : Table n_Ingress.work.dispatch is hit
:10-07 15:55:52.264328:        :0x2:-:<0,0,5>:Key:
:10-07 15:55:52.264345:        :0x2:-:<0,0,5>:	m.expected_work_phase[7:0] = 0x1
:10-07 15:55:52.264355:        :0x2:-:<0,0,5>:	m.expected_work_phase[31:8] = 0x0
:10-07 15:55:52.264365:        :0x2:-:<0,0,5>:	m.generation[31:0] = 0x1
:10-07 15:55:52.264375:        :0x2:-:<0,0,5>:	m.work_op[7:0] = 0x2
:10-07 15:55:52.264386:        :0x2:-:<0,0,5>:Executed StatefulALU 3 with instruction 1
:10-07 15:55:52.264398:        :0x2:-:<0,0,5>:Execute Action: n_Ingress.work.return_work
:10-07 15:55:52.264416:        :0x2:-:<0,0,5>:Action Results:
:10-07 15:55:52.264427:        :0x2:-:<0,0,5>:	----- ExecuteStatefulAluPrimitive -----
:10-07 15:55:52.264444:        :0x2:-:<0,0,5>:	----- BlackBox: work_advance -----
:10-07 15:55:52.264458:        :0x2:-:<0,0,5>:	----- register: n_Ingress.work.work -----
:10-07 15:55:52.264484:        :0x2:-:<0,0,5>:	--- SALU Condition ---
:10-07 15:55:52.264494:        :0x2:-:<0,0,5>:	  Not supplied by program.
:10-07 15:55:52.264504:        :0x2:-:<0,0,5>:	    SALU ConditionLo: TRUE
:10-07 15:55:52.264514:        :0x2:-:<0,0,5>:	    SALU ConditionHi: TRUE
:10-07 15:55:52.264524:        :0x2:-:<0,0,5>:	--- SALU Update ---
:10-07 15:55:52.264534:        :0x2:-:<0,0,5>:	  None
:10-07 15:55:52.264545:        :0x2:-:<0,0,5>:	--- SALU Output ---
:10-07 15:55:52.264555:        :0x2:-:<0,0,5>:	    Output predicate not supplied by program
:10-07 15:55:52.264565:        :0x2:-:<0,0,5>:	    Output PredicateResult: TRUE
:10-07 15:55:52.264575:        :0x2:-:<0,0,5>:	    Output Destination Field: m.work_phase = 0x1
:10-07 15:55:52.264585:        :0x2:-:<0,0,5>:	---  SALU Register ---
:10-07 15:55:52.264595:        :0x2:-:<0,0,5>:	   Register Index: 0x60000
:10-07 15:55:52.264605:        :0x2:-:<0,0,5>:	     Before stateful alu execution: 0x0000000100000001
:10-07 15:55:52.264615:        :0x2:-:<0,0,5>:	     After stateful alu execution: 0x0000000200000001
:10-07 15:55:52.264626:        :0x2:-:<0,0,5>:Next Table = n_Ingress.read_input_t
:10-07 15:55:52.264638:    :0x2:-:<0,0,5>:Ingress : Table n_Ingress.read_input_t is miss
:10-07 15:55:52.264648:        :0x2:-:<0,0,5>:Key:
:10-07 15:55:52.264661:        :0x2:-:<0,0,5>:	m.packet_kind[7:0] = 0x1
:10-07 15:55:52.264673:        :0x2:-:<0,0,5>:Execute Default Action: NoAction
:10-07 15:55:52.264694:        :0x2:-:<0,0,5>:Action Results:
:10-07 15:55:52.264705:        :0x2:-:<0,0,5>:Next Table = n_Ingress.ack_native_t
:10-07 15:55:52.264716:    :0x2:-:<0,0,5>:Ingress : Table n_Ingress.ack_native_t is miss
:10-07 15:55:52.264726:        :0x2:-:<0,0,5>:Key:
:10-07 15:55:52.264738:        :0x2:-:<0,0,5>:Execute Default Action: n_Ingress.ack_native
:10-07 15:55:52.264763:        :0x2:-:<0,0,5>:Action Results:
:10-07 15:55:52.264774:        :0x2:-:<0,0,5>:	----- DirectAluPrimitive -----
:10-07 15:55:52.264784:        :0x2:-:<0,0,5>:	Operation:
:10-07 15:55:52.264794:        :0x2:-:<0,0,5>:	add
:10-07 15:55:52.264804:        :0x2:-:<0,0,5>:	Destination:
:10-07 15:55:52.264814:        :0x2:-:<0,0,5>:	m.ack_native[31:0] = 0xFFFFFFEC
:10-07 15:55:52.264824:        :0x2:-:<0,0,5>:	mask=0xFFFFFFFF
:10-07 15:55:52.264834:        :0x2:-:<0,0,5>:	Source 1:
:10-07 15:55:52.264844:        :0x2:-:<0,0,5>:	hdr.tcp.ack[31:0] = 0x0
:10-07 15:55:52.264854:        :0x2:-:<0,0,5>:	Source 2:
:10-07 15:55:52.264864:        :0x2:-:<0,0,5>:	Val=0x20
:10-07 15:55:52.264875:        :0x2:-:<0,0,5>:Next Table = cond-64
:10-07 15:55:52.264887:    :0x2:-:<0,0,5>:Ingress : Gateway table condition ((m.packet_kind == 5 || m.packet_kind == 6 || m.packet_kind == 7)) not matched.
:10-07 15:55:52.264897:    :0x2:-:<0,0,5>:Ingress : Gateway attached to cond-64
:10-07 15:55:52.264907:    :0x2:-:<0,0,5>:Ingress : Associated table cond-64 is executed
:10-07 15:55:52.264918:    :0x2:-:<0,0,5>:Ingress : Gateway did provide payload.
:10-07 15:55:52.264928:        :0x2:-:<0,0,5>:Next Table = n_Ingress.next_seq_t
:10-07 15:55:52.264939:    :0x2:-:<0,0,5>:Ingress : Table n_Ingress.compare_response_inputs_t is not active(inhibited/skipped)
:10-07 15:55:52.264949:    :0x2:-:<0,0,5>:Ingress : Table n_Ingress.compare_select_inputs_t is not active(inhibited/skipped)
:10-07 15:55:52.264960:    :0x2:-:<0,0,5>:Ingress : Table n_Ingress.compare_operate_inputs_t is not active(inhibited/skipped)
:10-07 15:55:52.264971:    :0x2:-:<0,0,5>:Ingress : Gateway table condition ((m.work_op == 4 || m.stage == 15)) not matched.
:10-07 15:55:52.264981:    :0x2:-:<0,0,5>:Ingress : Associated table n_Ingress.next_seq_t is executed
:10-07 15:55:52.264991:    :0x2:-:<0,0,5>:Ingress : Table n_Ingress.next_seq_t is miss
:10-07 15:55:52.265001:        :0x2:-:<0,0,5>:Key:
:10-07 15:55:52.265013:        :0x2:-:<0,0,5>:	m.packet_kind[7:0] = 0x1
:10-07 15:55:52.265030:        :0x2:-:<0,0,5>:Execute Default Action: n_Ingress.next_seq
:10-07 15:55:52.265063:        :0x2:-:<0,0,5>:Action Results:
:10-07 15:55:52.265074:        :0x2:-:<0,0,5>:	----- DirectAluPrimitive -----
:10-07 15:55:52.265084:        :0x2:-:<0,0,5>:	Operation:
:10-07 15:55:52.265094:        :0x2:-:<0,0,5>:	add
:10-07 15:55:52.265104:        :0x2:-:<0,0,5>:	Destination:
:10-07 15:55:52.265114:        :0x2:-:<0,0,5>:	m.new_seq[31:0] = 0x64
:10-07 15:55:52.265124:        :0x2:-:<0,0,5>:	mask=0xFFFFFFFF
:10-07 15:55:52.265134:        :0x2:-:<0,0,5>:	Source 1:
:10-07 15:55:52.265144:        :0x2:-:<0,0,5>:	hdr.tcp.seq[31:0] = 0x63
:10-07 15:55:52.265154:        :0x2:-:<0,0,5>:	Source 2:
:10-07 15:55:52.265164:        :0x2:-:<0,0,5>:	Val=0x20
:10-07 15:55:52.265174:        :0x2:-:<0,0,5>:Next Table = n_Ingress.epoch_t
:10-07 15:55:52.265185:    :0x2:-:<0,0,5>:Ingress : Table tbl_deny is not active(inhibited/skipped)
:10-07 15:55:52.265196:    :0x2:-:<0,0,5>:Ingress : Table tbl_deny_1 is not active(inhibited/skipped)
:10-07 15:55:52.265207:    :0x2:-:<0,0,->:------------ Stage 6 ------------
:10-07 15:55:52.265376:    :0x2:-:<0,0,6>:Ingress : Table n_Ingress.epoch_t is hit
:10-07 15:55:52.265392:        :0x2:-:<0,0,6>:Key:
:10-07 15:55:52.265409:        :0x2:-:<0,0,6>:	m.kind[7:0] = 0x1
:10-07 15:55:52.265420:        :0x2:-:<0,0,6>:	m.stage[7:0] = 0x1
:10-07 15:55:52.265430:        :0x2:-:<0,0,6>:	m.work_op[7:0] = 0x2
:10-07 15:55:52.265440:        :0x2:-:<0,0,6>:	m.work_phase[31:0] = 0x1
:10-07 15:55:52.265450:        :0x2:-:<0,0,6>:Executed StatefulALU 3 with instruction 2
:10-07 15:55:52.265463:        :0x2:-:<0,0,6>:Execute Action: n_Ingress.store_epoch
:10-07 15:55:52.265490:        :0x2:-:<0,0,6>:Action Results:
:10-07 15:55:52.265502:        :0x2:-:<0,0,6>:	----- ExecuteStatefulAluPrimitive -----
:10-07 15:55:52.265513:        :0x2:-:<0,0,6>:	----- BlackBox: write_epoch_0 -----
:10-07 15:55:52.265523:        :0x2:-:<0,0,6>:	----- register: n_Ingress.epoch -----
:10-07 15:55:52.265552:        :0x2:-:<0,0,6>:	--- SALU Condition ---
:10-07 15:55:52.265565:        :0x2:-:<0,0,6>:	  Not supplied by program.
:10-07 15:55:52.265575:        :0x2:-:<0,0,6>:	    SALU ConditionLo: FALSE
:10-07 15:55:52.265585:        :0x2:-:<0,0,6>:	    SALU ConditionHi: FALSE
:10-07 15:55:52.265595:        :0x2:-:<0,0,6>:	--- SALU Update ---
:10-07 15:55:52.265605:        :0x2:-:<0,0,6>:	  --- SALU Update Lo 1 ---
:10-07 15:55:52.265615:        :0x2:-:<0,0,6>:	    Update Lo 1 predicate not supplied by program
:10-07 15:55:52.265625:        :0x2:-:<0,0,6>:	    Update Lo 1 PredicateResult: TRUE
:10-07 15:55:52.265635:        :0x2:-:<0,0,6>:	    Update Lo 1 expression result:       0x1
:10-07 15:55:52.265645:        :0x2:-:<0,0,6>:	    Update Lo 1 expression result computed using fields:
:10-07 15:55:52.265655:        :0x2:-:<0,0,6>:	        ingress::hdr.envelope.epoch: 0x00000001
:10-07 15:55:52.265665:        :0x2:-:<0,0,6>:	--- SALU Output ---
:10-07 15:55:52.265675:        :0x2:-:<0,0,6>:	    Output predicate not supplied by program
:10-07 15:55:52.265685:        :0x2:-:<0,0,6>:	    Output PredicateResult: FALSE
:10-07 15:55:52.265695:        :0x2:-:<0,0,6>:	    Output Destination Field: m.epoch_diff = 0x0
:10-07 15:55:52.265705:        :0x2:-:<0,0,6>:	---  SALU Register ---
:10-07 15:55:52.265715:        :0x2:-:<0,0,6>:	   Register Index: 0x40000
:10-07 15:55:52.265725:        :0x2:-:<0,0,6>:	     Before stateful alu execution: 0x00000000
:10-07 15:55:52.265735:        :0x2:-:<0,0,6>:	     After stateful alu execution: 0x00000001
:10-07 15:55:52.265746:        :0x2:-:<0,0,6>:Next Table = n_Ingress.active_generation_t
:10-07 15:55:52.265759:    :0x2:-:<0,0,6>:Ingress : Table n_Ingress.active_generation_t is miss
:10-07 15:55:52.265769:        :0x2:-:<0,0,6>:Key:
:10-07 15:55:52.265784:        :0x2:-:<0,0,6>:	m.kind[7:0] = 0x1
:10-07 15:55:52.265794:        :0x2:-:<0,0,6>:	m.work_op[7:0] = 0x2
:10-07 15:55:52.265804:        :0x2:-:<0,0,6>:	m.work_phase[31:0] = 0x1
:10-07 15:55:52.265816:        :0x2:-:<0,0,6>:Execute Default Action: NoAction
:10-07 15:55:52.265844:        :0x2:-:<0,0,6>:Action Results:
:10-07 15:55:52.265859:        :0x2:-:<0,0,6>:Next Table = n_Ingress.owner_command
:10-07 15:55:52.265872:    :0x2:-:<0,0,->:------------ Stage 7 ------------
:10-07 15:55:52.266104:    :0x2:-:<0,0,7>:Ingress : Table n_Ingress.owner_command is hit
:10-07 15:55:52.266121:        :0x2:-:<0,0,7>:Key:
:10-07 15:55:52.266143:        :0x2:-:<0,0,7>:	hdr.expected_cell.expected_cell[31:0] = 0x0
:10-07 15:55:52.266154:        :0x2:-:<0,0,7>:	m.active_gen_diff[31:0] = 0x1
:10-07 15:55:52.266164:        :0x2:-:<0,0,7>:	m.epoch_diff[15:0] = 0x0
:10-07 15:55:52.266174:        :0x2:-:<0,0,7>:	m.epoch_diff[31:16] = 0x0
:10-07 15:55:52.266184:        :0x2:-:<0,0,7>:	m.kind[7:0] = 0x1
:10-07 15:55:52.266194:        :0x2:-:<0,0,7>:	m.return_abort[7:0] = 0x0
:10-07 15:55:52.266204:        :0x2:-:<0,0,7>:	m.stage[7:0] = 0x1
:10-07 15:55:52.266214:        :0x2:-:<0,0,7>:	m.work_phase[31:0] = 0x1
:10-07 15:55:52.266227:        :0x2:-:<0,0,7>:Execute Action: n_Ingress.claim_syn
:10-07 15:55:52.266513:        :0x2:-:<0,0,7>:Action Results:
:10-07 15:55:52.266526:        :0x2:-:<0,0,7>:	----- ModifyFieldPrimitive -----
:10-07 15:55:52.266537:        :0x2:-:<0,0,7>:	Operation:
:10-07 15:55:52.266547:        :0x2:-:<0,0,7>:	set
:10-07 15:55:52.266557:        :0x2:-:<0,0,7>:	Destination:
:10-07 15:55:52.266567:        :0x2:-:<0,0,7>:	m.expected[31:0] = 0x0
:10-07 15:55:52.266577:        :0x2:-:<0,0,7>:	mask=0xFFFFFFFF
:10-07 15:55:52.266587:        :0x2:-:<0,0,7>:	Source 1:
:10-07 15:55:52.266597:        :0x2:-:<0,0,7>:	hdr.expected_cell.expected_cell[31:0] = 0x0
:10-07 15:55:52.266608:        :0x2:-:<0,0,7>:	----- DirectAluPrimitive -----
:10-07 15:55:52.266618:        :0x2:-:<0,0,7>:	Operation:
:10-07 15:55:52.266628:        :0x2:-:<0,0,7>:	add
:10-07 15:55:52.266638:        :0x2:-:<0,0,7>:	Destination:
:10-07 15:55:52.266648:        :0x2:-:<0,0,7>:	m.desired[31:0] = 0x10001
:10-07 15:55:52.266658:        :0x2:-:<0,0,7>:	mask=0xFFFFFFFF
:10-07 15:55:52.266668:        :0x2:-:<0,0,7>:	Source 1:
:10-07 15:55:52.266678:        :0x2:-:<0,0,7>:	hdr.expected_cell.expected_cell[31:0] = 0x0
:10-07 15:55:52.266688:        :0x2:-:<0,0,7>:	Source 2:
:10-07 15:55:52.266698:        :0x2:-:<0,0,7>:	Val=0x20
:10-07 15:55:52.266708:        :0x2:-:<0,0,7>:	----- ModifyFieldPrimitive -----
:10-07 15:55:52.266718:        :0x2:-:<0,0,7>:	Operation:
:10-07 15:55:52.266728:        :0x2:-:<0,0,7>:	set
:10-07 15:55:52.266738:        :0x2:-:<0,0,7>:	Destination:
:10-07 15:55:52.266748:        :0x2:-:<0,0,7>:	m.owner_op[7:0] = 0x1
:10-07 15:55:52.266758:        :0x2:-:<0,0,7>:	mask=0xFF
:10-07 15:55:52.266768:        :0x2:-:<0,0,7>:	Source 1:
:10-07 15:55:52.266778:        :0x2:-:<0,0,7>:	Val=0x8
:10-07 15:55:52.266789:        :0x2:-:<0,0,7>:Next Table = n_Ingress.server_t
:10-07 15:55:52.266801:    :0x2:-:<0,0,7>:Ingress : Table n_Ingress.server_t is miss
:10-07 15:55:52.266811:        :0x2:-:<0,0,7>:Key:
:10-07 15:55:52.266829:        :0x2:-:<0,0,7>:	m.epoch_diff[15:0] = 0x0
:10-07 15:55:52.266839:        :0x2:-:<0,0,7>:	m.epoch_diff[31:16] = 0x0
:10-07 15:55:52.266849:        :0x2:-:<0,0,7>:	m.kind[7:0] = 0x1
:10-07 15:55:52.266859:        :0x2:-:<0,0,7>:	m.stage[7:0] = 0x1
:10-07 15:55:52.266869:        :0x2:-:<0,0,7>:	m.work_op[7:0] = 0x2
:10-07 15:55:52.266879:        :0x2:-:<0,0,7>:	m.work_phase[31:0] = 0x1
:10-07 15:55:52.266890:        :0x2:-:<0,0,7>:Executed StatefulALU 1 with instruction 0
:10-07 15:55:52.266901:        :0x2:-:<0,0,7>:Execute Default Action: n_Ingress.load_server
:10-07 15:55:52.266920:        :0x2:-:<0,0,7>:Action Results:
:10-07 15:55:52.266930:        :0x2:-:<0,0,7>:	----- ExecuteStatefulAluPrimitive -----
:10-07 15:55:52.266941:        :0x2:-:<0,0,7>:	----- BlackBox: read_server_0 -----
:10-07 15:55:52.266951:        :0x2:-:<0,0,7>:	----- register: n_Ingress.server -----
:10-07 15:55:52.266973:        :0x2:-:<0,0,7>:	--- SALU Condition ---
:10-07 15:55:52.266983:        :0x2:-:<0,0,7>:	  Not supplied by program.
:10-07 15:55:52.266993:        :0x2:-:<0,0,7>:	    SALU ConditionLo: FALSE
:10-07 15:55:52.267010:        :0x2:-:<0,0,7>:	    SALU ConditionHi: FALSE
:10-07 15:55:52.267025:        :0x2:-:<0,0,7>:	--- SALU Update ---
:10-07 15:55:52.267035:        :0x2:-:<0,0,7>:	  None
:10-07 15:55:52.267045:        :0x2:-:<0,0,7>:	--- SALU Output ---
:10-07 15:55:52.267055:        :0x2:-:<0,0,7>:	    Output predicate not supplied by program
:10-07 15:55:52.267065:        :0x2:-:<0,0,7>:	    Output PredicateResult: TRUE
:10-07 15:55:52.267075:        :0x2:-:<0,0,7>:	    Output Destination Field: m.server = 0x0
:10-07 15:55:52.267085:        :0x2:-:<0,0,7>:	---  SALU Register ---
:10-07 15:55:52.267095:        :0x2:-:<0,0,7>:	   Register Index: 0x40000
:10-07 15:55:52.267105:        :0x2:-:<0,0,7>:	     Before stateful alu execution: 0x00000000
:10-07 15:55:52.267116:        :0x2:-:<0,0,7>:	     After stateful alu execution: 0x00000000
:10-07 15:55:52.267127:        :0x2:-:<0,0,7>:Next Table = n_Ingress.client_t
:10-07 15:55:52.267139:    :0x2:-:<0,0,7>:Ingress : Table n_Ingress.client_t is hit
:10-07 15:55:52.267150:        :0x2:-:<0,0,7>:Key:
:10-07 15:55:52.267167:        :0x2:-:<0,0,7>:	m.epoch_diff[15:0] = 0x0
:10-07 15:55:52.267177:        :0x2:-:<0,0,7>:	m.epoch_diff[31:16] = 0x0
:10-07 15:55:52.267187:        :0x2:-:<0,0,7>:	m.kind[7:0] = 0x1
:10-07 15:55:52.267197:        :0x2:-:<0,0,7>:	m.stage[7:0] = 0x1
:10-07 15:55:52.267207:        :0x2:-:<0,0,7>:	m.work_op[7:0] = 0x2
:10-07 15:55:52.267217:        :0x2:-:<0,0,7>:	m.work_phase[31:0] = 0x1
:10-07 15:55:52.267228:        :0x2:-:<0,0,7>:Executed StatefulALU 2 with instruction 1
:10-07 15:55:52.267240:        :0x2:-:<0,0,7>:Execute Action: n_Ingress.store_client
:10-07 15:55:52.267258:        :0x2:-:<0,0,7>:Action Results:
:10-07 15:55:52.267269:        :0x2:-:<0,0,7>:	----- ExecuteStatefulAluPrimitive -----
:10-07 15:55:52.267279:        :0x2:-:<0,0,7>:	----- BlackBox: write_client_0 -----
:10-07 15:55:52.267289:        :0x2:-:<0,0,7>:	----- register: n_Ingress.client -----
:10-07 15:55:52.267315:        :0x2:-:<0,0,7>:	--- SALU Condition ---
:10-07 15:55:52.267325:        :0x2:-:<0,0,7>:	  Not supplied by program.
:10-07 15:55:52.267335:        :0x2:-:<0,0,7>:	    SALU ConditionLo: FALSE
:10-07 15:55:52.267345:        :0x2:-:<0,0,7>:	    SALU ConditionHi: FALSE
:10-07 15:55:52.267355:        :0x2:-:<0,0,7>:	--- SALU Update ---
:10-07 15:55:52.267365:        :0x2:-:<0,0,7>:	  --- SALU Update Lo 1 ---
:10-07 15:55:52.267375:        :0x2:-:<0,0,7>:	    Update Lo 1 predicate not supplied by program
:10-07 15:55:52.267385:        :0x2:-:<0,0,7>:	    Update Lo 1 PredicateResult: TRUE
:10-07 15:55:52.267395:        :0x2:-:<0,0,7>:	    Update Lo 1 expression result:       0x64
:10-07 15:55:52.267406:        :0x2:-:<0,0,7>:	    Update Lo 1 expression result computed using fields:
:10-07 15:55:52.267416:        :0x2:-:<0,0,7>:	        ingress::m.new_seq: 0x00000064
:10-07 15:55:52.267426:        :0x2:-:<0,0,7>:	--- SALU Output ---
:10-07 15:55:52.267436:        :0x2:-:<0,0,7>:	    Output predicate not supplied by program
:10-07 15:55:52.267446:        :0x2:-:<0,0,7>:	    Output PredicateResult: TRUE
:10-07 15:55:52.267456:        :0x2:-:<0,0,7>:	    Output Destination Field: m.client = 0x0
:10-07 15:55:52.267466:        :0x2:-:<0,0,7>:	---  SALU Register ---
:10-07 15:55:52.267476:        :0x2:-:<0,0,7>:	   Register Index: 0x40000
:10-07 15:55:52.267486:        :0x2:-:<0,0,7>:	     Before stateful alu execution: 0x00000000
:10-07 15:55:52.267496:        :0x2:-:<0,0,7>:	     After stateful alu execution: 0x00000064
:10-07 15:55:52.267507:        :0x2:-:<0,0,7>:Next Table = n_Ingress.read_app_t
:10-07 15:55:52.267519:    :0x2:-:<0,0,7>:Ingress : Table n_Ingress.read_app_t is miss
:10-07 15:55:52.267529:        :0x2:-:<0,0,7>:Key:
:10-07 15:55:52.267546:        :0x2:-:<0,0,7>:	m.epoch_diff[15:0] = 0x0
:10-07 15:55:52.267556:        :0x2:-:<0,0,7>:	m.epoch_diff[31:16] = 0x0
:10-07 15:55:52.267566:        :0x2:-:<0,0,7>:	m.kind[7:0] = 0x1
:10-07 15:55:52.267576:        :0x2:-:<0,0,7>:	m.stage[7:0] = 0x1
:10-07 15:55:52.267592:        :0x2:-:<0,0,7>:	m.work_phase[31:0] = 0x1
:10-07 15:55:52.267603:        :0x2:-:<0,0,7>:Execute Default Action: NoAction
:10-07 15:55:52.267628:        :0x2:-:<0,0,7>:Action Results:
:10-07 15:55:52.267639:        :0x2:-:<0,0,7>:Next Table = n_Ingress.frozen_decoy_off_t
:10-07 15:55:52.267652:    :0x2:-:<0,0,7>:Ingress : Gateway table condition ((m.packet_kind == 5 || m.packet_kind == 6 || m.packet_kind == 7)) not matched.
:10-07 15:55:52.267662:    :0x2:-:<0,0,7>:Ingress : Table n_Ingress.frozen_decoy_off_t is inhibited by a gateway condition
:10-07 15:55:52.267673:    :0x2:-:<0,0,7>:Ingress : Gateway did provide payload.
:10-07 15:55:52.267684:        :0x2:-:<0,0,7>:Next Table = n_Ingress.owner_t
:10-07 15:55:52.267697:    :0x2:-:<0,0,->:------------ Stage 8 ------------
:10-07 15:55:52.267844:    :0x2:-:<0,0,8>:Ingress : Table n_Ingress.frozen_decoy_object_t is not active(inhibited/skipped)
:10-07 15:55:52.267857:    :0x2:-:<0,0,8>:Ingress : Table n_Ingress.application_t is not active(inhibited/skipped)
:10-07 15:55:52.267868:    :0x2:-:<0,0,8>:Ingress : Table n_Ingress.native_end_t is not active(inhibited/skipped)
:10-07 15:55:52.267878:    :0x2:-:<0,0,8>:Ingress : Table n_Ingress.real_off_t is not active(inhibited/skipped)
:10-07 15:55:52.267890:    :0x2:-:<0,0,->:------------ Stage 9 ------------
:10-07 15:55:52.268056:    :0x2:-:<0,0,9>:Ingress : Table n_Ingress.owner_t is hit
:10-07 15:55:52.268072:        :0x2:-:<0,0,9>:Key:
:10-07 15:55:52.268087:        :0x2:-:<0,0,9>:	m.owner_op[7:0] = 0x1
:10-07 15:55:52.268097:        :0x2:-:<0,0,9>:	m.stage[7:0] = 0x1
:10-07 15:55:52.268107:        :0x2:-:<0,0,9>:Executed StatefulALU 3 with instruction 1
:10-07 15:55:52.268120:        :0x2:-:<0,0,9>:Execute Action: n_Ingress.owner_cas
:10-07 15:55:52.268142:        :0x2:-:<0,0,9>:Action Results:
:10-07 15:55:52.268152:        :0x2:-:<0,0,9>:	----- ExecuteStatefulAluPrimitive -----
:10-07 15:55:52.268162:        :0x2:-:<0,0,9>:	----- BlackBox: compare_owner_0 -----
:10-07 15:55:52.268172:        :0x2:-:<0,0,9>:	----- register: n_Ingress.owner -----
:10-07 15:55:52.268203:        :0x2:-:<0,0,9>:	--- SALU Condition ---
:10-07 15:55:52.268214:        :0x2:-:<0,0,9>:	  Not supplied by program.
:10-07 15:55:52.268224:        :0x2:-:<0,0,9>:	    SALU ConditionLo: TRUE
:10-07 15:55:52.268234:        :0x2:-:<0,0,9>:	    SALU ConditionHi: FALSE
:10-07 15:55:52.268244:        :0x2:-:<0,0,9>:	--- SALU Update ---
:10-07 15:55:52.268254:        :0x2:-:<0,0,9>:	  --- SALU Update Hi 1 ---
:10-07 15:55:52.268264:        :0x2:-:<0,0,9>:	    Update Hi 1 predicate not supplied by program
:10-07 15:55:52.268274:        :0x2:-:<0,0,9>:	    Update Hi 1 PredicateResult: TRUE
:10-07 15:55:52.268284:        :0x2:-:<0,0,9>:	    Update Hi 1 expression result:       0x0
:10-07 15:55:52.268294:        :0x2:-:<0,0,9>:	    Update Hi 1 expression result computed using fields:
:10-07 15:55:52.268304:        :0x2:-:<0,0,9>:	        Constant Input Value
:10-07 15:55:52.268314:        :0x2:-:<0,0,9>:	        m.expected: 0x00000000
:10-07 15:55:52.268324:        :0x2:-:<0,0,9>:	--- SALU Output ---
:10-07 15:55:52.268334:        :0x2:-:<0,0,9>:	    Output predicate not supplied by program
:10-07 15:55:52.268344:        :0x2:-:<0,0,9>:	    Output PredicateResult: TRUE
:10-07 15:55:52.268354:        :0x2:-:<0,0,9>:	    Output Destination Field: m.owner_diff = 0x0
:10-07 15:55:52.268364:        :0x2:-:<0,0,9>:	---  SALU Register ---
:10-07 15:55:52.268374:        :0x2:-:<0,0,9>:	   Register Index: 0x40000
:10-07 15:55:52.268384:        :0x2:-:<0,0,9>:	     Before stateful alu execution: 0x00000000
:10-07 15:55:52.268394:        :0x2:-:<0,0,9>:	     After stateful alu execution: 0x00010001
:10-07 15:55:52.268406:        :0x2:-:<0,0,9>:Next Table = n_Ingress.sequence_diff
:10-07 15:55:52.268418:    :0x2:-:<0,0,9>:Ingress : Table n_Ingress.sequence_diff is hit
:10-07 15:55:52.268429:        :0x2:-:<0,0,9>:Key:
:10-07 15:55:52.268444:        :0x2:-:<0,0,9>:	hdr.tcp.flags[7:0] = 0x2
:10-07 15:55:52.268454:        :0x2:-:<0,0,9>:	m.direction[7:0] = 0x1
:10-07 15:55:52.268476:        :0x2:-:<0,0,9>:	m.packet_kind[7:0] = 0x1
:10-07 15:55:52.268488:        :0x2:-:<0,0,9>:Execute Action: n_Ingress.diff_syn
:10-07 15:55:52.268525:        :0x2:-:<0,0,9>:Action Results:
:10-07 15:55:52.268537:        :0x2:-:<0,0,9>:	----- ModifyFieldPrimitive -----
:10-07 15:55:52.268547:        :0x2:-:<0,0,9>:	Operation:
:10-07 15:55:52.268557:        :0x2:-:<0,0,9>:	set
:10-07 15:55:52.268567:        :0x2:-:<0,0,9>:	Destination:
:10-07 15:55:52.268577:        :0x2:-:<0,0,9>:	m.client_diff[31:0] = 0x0
:10-07 15:55:52.268587:        :0x2:-:<0,0,9>:	mask=0xFFFFFFFF
:10-07 15:55:52.268597:        :0x2:-:<0,0,9>:	Source 1:
:10-07 15:55:52.268607:        :0x2:-:<0,0,9>:	hdr.tcp.ack[31:0] = 0x0
:10-07 15:55:52.268617:        :0x2:-:<0,0,9>:	----- ModifyFieldPrimitive -----
:10-07 15:55:52.268627:        :0x2:-:<0,0,9>:	Operation:
:10-07 15:55:52.268637:        :0x2:-:<0,0,9>:	set
:10-07 15:55:52.268647:        :0x2:-:<0,0,9>:	Destination:
:10-07 15:55:52.268658:        :0x2:-:<0,0,9>:	m.server_diff[31:0] = 0x0
:10-07 15:55:52.268668:        :0x2:-:<0,0,9>:	mask=0xFFFFFFFF
:10-07 15:55:52.268678:        :0x2:-:<0,0,9>:	Source 1:
:10-07 15:55:52.268687:        :0x2:-:<0,0,9>:	Val=0x20
:10-07 15:55:52.268698:        :0x2:-:<0,0,9>:Next Table = n_Ingress.sequence_guard
:10-07 15:55:52.268711:    :0x2:-:<0,0,->:------------ Stage 10 ------------
:10-07 15:55:52.269185:    :0x2:-:<0,0,10>:Ingress : Table n_Ingress.sequence_guard is hit
:10-07 15:55:52.269201:        :0x2:-:<0,0,10>:Key:
:10-07 15:55:52.269216:        :0x2:-:<0,0,10>:	m.client_diff[31:0] = 0x0
:10-07 15:55:52.269226:        :0x2:-:<0,0,10>:	m.server_diff[31:0] = 0x0
:10-07 15:55:52.269239:        :0x2:-:<0,0,10>:Execute Action: n_Ingress.seq_ok
:10-07 15:55:52.269266:        :0x2:-:<0,0,10>:Action Results:
:10-07 15:55:52.269277:        :0x2:-:<0,0,10>:	----- ModifyFieldPrimitive -----
:10-07 15:55:52.269287:        :0x2:-:<0,0,10>:	Operation:
:10-07 15:55:52.269297:        :0x2:-:<0,0,10>:	set
:10-07 15:55:52.269308:        :0x2:-:<0,0,10>:	Destination:
:10-07 15:55:52.269318:        :0x2:-:<0,0,10>:	m.sequence_valid[7:0] = 0x1
:10-07 15:55:52.269328:        :0x2:-:<0,0,10>:	mask=0xFF
:10-07 15:55:52.269338:        :0x2:-:<0,0,10>:	Source 1:
:10-07 15:55:52.269348:        :0x2:-:<0,0,10>:	Val=0x8
:10-07 15:55:52.269358:        :0x2:-:<0,0,10>:Next Table = n_Ingress.ready_result_t
:10-07 15:55:52.269372:    :0x2:-:<0,0,10>:Ingress : Gateway table condition ((m.kind == 20)) not matched.
:10-07 15:55:52.269383:    :0x2:-:<0,0,10>:Ingress : Table n_Ingress.ready_result_t is inhibited by a gateway condition
:10-07 15:55:52.269393:    :0x2:-:<0,0,10>:Ingress : Gateway did provide payload.
:10-07 15:55:52.269406:        :0x2:-:<0,0,10>:Execute Action: ERROR:Invalid-Action
:10-07 15:55:52.269425:        :0x2:-:<0,0,10>:Action Results:
:10-07 15:55:52.269436:        :0x2:-:<0,0,10>:Next Table = cond-70
:10-07 15:55:52.269448:    :0x2:-:<0,0,10>:Ingress : Gateway table condition ((m.stage == 0)) not matched.
:10-07 15:55:52.269459:    :0x2:-:<0,0,10>:Ingress : Gateway attached to cond-70
:10-07 15:55:52.269488:    :0x2:-:<0,0,10>:Ingress : Associated table cond-70 is executed
:10-07 15:55:52.269502:    :0x2:-:<0,0,10>:Ingress : Gateway did provide payload.
:10-07 15:55:52.269512:        :0x2:-:<0,0,10>:Next Table = n_Ingress.reset_boundary
:10-07 15:55:52.269523:    :0x2:-:<0,0,10>:Ingress : Table n_Ingress.object_match is not active(inhibited/skipped)
:10-07 15:55:52.269551:    :0x2:-:<0,0,10>:Ingress : Gateway table condition ((m.kind == 4)) not matched.
:10-07 15:55:52.269562:    :0x2:-:<0,0,10>:Ingress : Table n_Ingress.reset_boundary is inhibited by a gateway condition
:10-07 15:55:52.269572:    :0x2:-:<0,0,10>:Ingress : Gateway did provide payload.
:10-07 15:55:52.269583:        :0x2:-:<0,0,10>:Next Table = cond-75
:10-07 15:55:52.269599:    :0x2:-:<0,0,10>:Ingress : Gateway table condition ((m.work_phase == 1 || m.work_phase == 2)) matched.
:10-07 15:55:52.269609:    :0x2:-:<0,0,10>:Ingress : Gateway attached to cond-75
:10-07 15:55:52.269626:    :0x2:-:<0,0,10>:Ingress : Associated table cond-75 is executed
:10-07 15:55:52.269637:    :0x2:-:<0,0,10>:Ingress : Gateway did provide payload.
:10-07 15:55:52.269651:        :0x2:-:<0,0,10>:Next Table = cond-76
:10-07 15:55:52.269664:    :0x2:-:<0,0,10>:Ingress : Gateway table condition ((m.epoch_diff != 0)) matched.
:10-07 15:55:52.269674:    :0x2:-:<0,0,10>:Ingress : Gateway attached to cond-76
:10-07 15:55:52.269684:    :0x2:-:<0,0,10>:Ingress : Associated table cond-76 is executed
:10-07 15:55:52.269694:    :0x2:-:<0,0,10>:Ingress : Gateway did provide payload.
:10-07 15:55:52.269705:        :0x2:-:<0,0,10>:Next Table = cond-77
:10-07 15:55:52.269716:    :0x2:-:<0,0,10>:Ingress : Gateway table condition ((m.kind == 8 || m.kind == 10 || m.kind == 12)) not matched.
:10-07 15:55:52.269727:    :0x2:-:<0,0,10>:Ingress : Gateway attached to cond-77
:10-07 15:55:52.269737:    :0x2:-:<0,0,10>:Ingress : Associated table cond-77 is executed
:10-07 15:55:52.269747:    :0x2:-:<0,0,10>:Ingress : Gateway did provide payload.
:10-07 15:55:52.269757:        :0x2:-:<0,0,10>:Next Table = n_Ingress.carry_t
:10-07 15:55:52.269779:    :0x2:-:<0,0,10>:Ingress : Gateway table condition ((m.owner_op == 1 && m.owner_diff == 0)) matched.
:10-07 15:55:52.269790:    :0x2:-:<0,0,10>:Ingress : Gateway attached to n_Ingress.carry_t
:10-07 15:55:52.269800:    :0x2:-:<0,0,10>:Ingress : Table n_Ingress.carry_t is inhibited by a gateway condition
:10-07 15:55:52.269812:        :0x2:-:<0,0,10>:Execute Default Action: n_Ingress.carry_current
:10-07 15:55:52.269839:        :0x2:-:<0,0,10>:Action Results:
:10-07 15:55:52.269850:        :0x2:-:<0,0,10>:	----- ModifyFieldPrimitive -----
:10-07 15:55:52.269860:        :0x2:-:<0,0,10>:	Operation:
:10-07 15:55:52.269870:        :0x2:-:<0,0,10>:	set
:10-07 15:55:52.269880:        :0x2:-:<0,0,10>:	Destination:
:10-07 15:55:52.269890:        :0x2:-:<0,0,10>:	hdr.expected_cell.expected_cell[31:0] = 0x10001
:10-07 15:55:52.269900:        :0x2:-:<0,0,10>:	mask=0xFFFFFFFF
:10-07 15:55:52.269910:        :0x2:-:<0,0,10>:	Source 1:
:10-07 15:55:52.269920:        :0x2:-:<0,0,10>:	m.desired[31:0] = 0x10001
:10-07 15:55:52.269931:        :0x2:-:<0,0,10>:Next Table = n_Ingress.next_stage_t
:10-07 15:55:52.269941:    :0x2:-:<0,0,10>:Ingress : Table n_Ingress.abort_t is not active(inhibited/skipped)
:10-07 15:55:52.269952:    :0x2:-:<0,0,10>:Ingress : Table n_Ingress.snapshot_t is not active(inhibited/skipped)
:10-07 15:55:52.269963:    :0x2:-:<0,0,10>:Ingress : Table n_Ingress.busy_t is not active(inhibited/skipped)
:10-07 15:55:52.269973:    :0x2:-:<0,0,10>:Ingress : Table n_Ingress.read_terminal_t is not active(inhibited/skipped)
:10-07 15:55:52.269985:    :0x2:-:<0,0,->:------------ Stage 11 ------------
:10-07 15:55:52.270104:    :0x2:-:<0,0,11>:Ingress : Table n_Ingress.next_stage_t is miss
:10-07 15:55:52.270118:        :0x2:-:<0,0,11>:Key:
:10-07 15:55:52.270130:        :0x2:-:<0,0,11>:Execute Default Action: n_Ingress.next_stage
:10-07 15:55:52.270167:        :0x2:-:<0,0,11>:Action Results:
:10-07 15:55:52.270178:        :0x2:-:<0,0,11>:	----- DirectAluPrimitive -----
:10-07 15:55:52.270188:        :0x2:-:<0,0,11>:	Operation:
:10-07 15:55:52.270198:        :0x2:-:<0,0,11>:	add
:10-07 15:55:52.270209:        :0x2:-:<0,0,11>:	Destination:
:10-07 15:55:52.270219:        :0x2:-:<0,0,11>:	hdr.event.event[15:0] = 0x201
:10-07 15:55:52.270229:        :0x2:-:<0,0,11>:	mask=0xFFFF
:10-07 15:55:52.270239:        :0x2:-:<0,0,11>:	Source 1:
:10-07 15:55:52.270249:        :0x2:-:<0,0,11>:	hdr.event.event[15:0] = 0x101
:10-07 15:55:52.270259:        :0x2:-:<0,0,11>:	Source 2:
:10-07 15:55:52.270269:        :0x2:-:<0,0,11>:	Val=0x10
:10-07 15:55:52.270279:        :0x2:-:<0,0,11>:	----- ModifyFieldPrimitive -----
:10-07 15:55:52.270289:        :0x2:-:<0,0,11>:	Operation:
:10-07 15:55:52.270299:        :0x2:-:<0,0,11>:	set
:10-07 15:55:52.270309:        :0x2:-:<0,0,11>:	Destination:
:10-07 15:55:52.270319:        :0x2:-:<0,0,11>:	ig_intr_md_for_tm.ucast_egress_port[8:0] = 0x44
:10-07 15:55:52.270329:        :0x2:-:<0,0,11>:	mask=0x1FF
:10-07 15:55:52.270346:        :0x2:-:<0,0,11>:	Source 1:
:10-07 15:55:52.270356:        :0x2:-:<0,0,11>:	Val=0x9
:10-07 15:55:52.270370:        :0x2:-:<0,0,11>:	----- ModifyFieldPrimitive -----
:10-07 15:55:52.270381:        :0x2:-:<0,0,11>:	Operation:
:10-07 15:55:52.270391:        :0x2:-:<0,0,11>:	set
:10-07 15:55:52.270401:        :0x2:-:<0,0,11>:	Destination:
:10-07 15:55:52.270411:        :0x2:-:<0,0,11>:	ig_intr_md_for_tm.bypass_egress[0:0] = 0x1
:10-07 15:55:52.270421:        :0x2:-:<0,0,11>:	mask=0x1
:10-07 15:55:52.270431:        :0x2:-:<0,0,11>:	Source 1:
:10-07 15:55:52.270441:        :0x2:-:<0,0,11>:	Val=0x1
:10-07 15:55:52.270452:        :0x2:-:<0,0,11>:Next Table = --END_OF_PIPELINE--
:10-07 15:55:52.270472:    :0x2:-:<0,0,->:------------ Stage 0 EOP processing ------------
:10-07 15:55:52.270537:    :0x2:-:<0,0,->:------------ Stage 1 EOP processing ------------
:10-07 15:55:52.270640:    :0x2:-:<0,0,->:------------ Stage 2 EOP processing ------------
:10-07 15:55:52.270724:    :0x2:-:<0,0,->:------------ Stage 3 EOP processing ------------
:10-07 15:55:52.270760:    :0x2:-:<0,0,->:------------ Stage 4 EOP processing ------------
:10-07 15:55:52.270773:    :0x2:-:<0,0,->:------------ Stage 5 EOP processing ------------
:10-07 15:55:52.270815:    :0x2:-:<0,0,->:------------ Stage 6 EOP processing ------------
:10-07 15:55:52.270832:    :0x2:-:<0,0,->:------------ Stage 7 EOP processing ------------
:10-07 15:55:52.270858:    :0x2:-:<0,0,->:------------ Stage 8 EOP processing ------------
:10-07 15:55:52.270882:    :0x2:-:<0,0,->:------------ Stage 9 EOP processing ------------
:10-07 15:55:52.270908:    :0x2:-:<0,0,->:------------ Stage 10 EOP processing ------------
:10-07 15:55:52.270968:    :0x2:-:<0,0,->:------------ Stage 11 EOP processing ------------
:10-07 15:55:52.270988:        :0x2:-:<0,0,->:Ingress Deparser Headers:
:10-07 15:55:52.270998:        :0x2:-:<0,0,->:Header hdr.envelope.$valid is valid
:10-07 15:55:52.271004:        :0x2:-:<0,0,->:Header hdr.eth.$valid is valid
:10-07 15:55:52.271010:        :0x2:-:<0,0,->:Header hdr.event.$valid is valid
:10-07 15:55:52.271016:        :0x2:-:<0,0,->:Header hdr.expected_cell.$valid is valid
:10-07 15:55:52.271021:        :0x2:-:<0,0,->:Header hdr.ip.$valid is valid
:10-07 15:55:52.271027:        :0x2:-:<0,0,->:Header hdr.mss.$valid is valid
:10-07 15:55:52.271032:        :0x2:-:<0,0,->:Header hdr.tcp.$valid is valid
:10-07 15:55:52.271038:        :0x2:-:<0,0,->:Header hdr.work_generation.$valid is valid
:10-07 15:55:52.271219:    :0x2:-:<0,0,->:---- Mirroring session 0 : ingress  ----
:10-07 15:55:52.271227:        :0x2:-:<0,0,->:Mirroring session 0 is not enabled
:10-07 15:55:52.271250:    :-:-:<0,0,0>:========== Egress Pkt from TM to port 68 (tm 80, real 80 bytes) ==========
:10-07 15:55:52.271257:    :-:-:<0,0,0>:Packet :
:10-07 15:55:52.271263:        :-:-:<0,0,0>:00 00 00 01 00 00 00 01 00 01 00 01 02 01 00 00 
:10-07 15:55:52.271270:        :-:-:<0,0,0>:00 11 22 33 44 55 aa bb cc dd ee ff 08 00 45 00 
:10-07 15:55:52.271277:        :-:-:<0,0,0>:00 2c 00 01 40 00 40 06 26 c9 0a 00 00 01 0a 00 
:10-07 15:55:52.271283:        :-:-:<0,0,0>:00 02 75 31 4e 20 00 00 00 63 00 00 00 00 60 02 
:10-07 15:55:52.271290:        :-:-:<0,0,0>:10 00 b0 47 00 00 02 04 05 dc 00 00 00 00 00 00 
:10-07 15:55:52.271296:    :-:-:<0,0,0>:========== Tx Pkt to port 68 (Bypass Egress) (80 bytes) ==========
:10-07 15:55:52.271302:    :-:-:<0,0,0>:Packet :
:10-07 15:55:52.271308:        :-:-:<0,0,0>:00 00 00 01 00 00 00 01 00 01 00 01 02 01 00 00 
:10-07 15:55:52.271314:        :-:-:<0,0,0>:00 11 22 33 44 55 aa bb cc dd ee ff 08 00 45 00 
:10-07 15:55:52.271321:        :-:-:<0,0,0>:00 2c 00 01 40 00 40 06 26 c9 0a 00 00 01 0a 00 
:10-07 15:55:52.271327:        :-:-:<0,0,0>:00 02 75 31 4e 20 00 00 00 63 00 00 00 00 60 02 
:10-07 15:55:52.271334:        :-:-:<0,0,0>:10 00 b0 47 00 00 02 04 05 dc 00 00 00 00 00 00 
:10-07 15:55:52.271340:    :-:-:<0,0,0>:========== Tx Pkt to port 68 recirculated ==========
:10-07 15:55:52.271359:    :-:-:<0,-,0>:Waiting for packets to process
:10-07 15:55:52.273807:    :-:-:<0,-,0>:Begin packet processing
:10-07 15:55:52.273838:    :0x3:-:<0,0,0>:========== Ingress Pkt from port 68 (80 bytes)  ==========
:10-07 15:55:52.273851:    :0x3:-:<0,0,0>:Packet :
:10-07 15:55:52.273860:        :0x3:-:<0,0,0>:00 00 00 01 00 00 00 01 00 01 00 01 02 01 00 00 
:10-07 15:55:52.273869:        :0x3:-:<0,0,0>:00 11 22 33 44 55 aa bb cc dd ee ff 08 00 45 00 
:10-07 15:55:52.273878:        :0x3:-:<0,0,0>:00 2c 00 01 40 00 40 06 26 c9 0a 00 00 01 0a 00 
:10-07 15:55:52.273887:        :0x3:-:<0,0,0>:00 02 75 31 4e 20 00 00 00 63 00 00 00 00 60 02 
:10-07 15:55:52.273896:        :0x3:-:<0,0,0>:10 00 b0 47 00 00 02 04 05 dc 00 00 00 00 00 00 
:10-07 15:55:52.273905:    :0x3:-:<0,0,->:========== Packet to input parser: from port 68 (96 bytes)  ==========
:10-07 15:55:52.273913:    :0x3:-:<0,0,->:Packet :
:10-07 15:55:52.273922:        :0x3:-:<0,0,->:00 44 00 02 b0 5b f0 b0 00 00 00 00 00 00 00 00 
:10-07 15:55:52.273931:        :0x3:-:<0,0,->:00 00 00 01 00 00 00 01 00 01 00 01 02 01 00 00 
:10-07 15:55:52.273940:        :0x3:-:<0,0,->:00 11 22 33 44 55 aa bb cc dd ee ff 08 00 45 00 
:10-07 15:55:52.273948:        :0x3:-:<0,0,->:00 2c 00 01 40 00 40 06 26 c9 0a 00 00 01 0a 00 
:10-07 15:55:52.273957:        :0x3:-:<0,0,->:00 02 75 31 4e 20 00 00 00 63 00 00 00 00 60 02 
:10-07 15:55:52.273966:        :0x3:-:<0,0,->:10 00 b0 47 00 00 02 04 05 dc 00 00 00 00 00 00 
:10-07 15:55:52.273988:    :0x3:-:<0,0,->:Ingress Parser state '$init_match'
:10-07 15:55:52.274005:    :0x3:-:<0,0,->:Ingress Parser state '$entry_point.start'
:10-07 15:55:52.274022:        :0x3:-:<0,0,->:Ingress Parser state '$entry_point.start': extracted     0x0044, updating PHV word 139 to value     0x0044 I [ig_intr_md.ingress_port[8:0]]
:10-07 15:55:52.274035:        :0x3:-:<0,0,->:Ingress Parser state '$entry_point.start': extracted     0x0002, updating PHV word 342 to value     0x0002 I [ig_intr_md_from_prsr.global_tstamp[47:32]]
:10-07 15:55:52.274049:        :0x3:-:<0,0,->:Ingress Parser state '$entry_point.start': extracted 0xb05bf0b0, updating PHV word   0 to value 0xb05bf0b0 I [ig_intr_md_from_prsr.global_tstamp[31:0]]
:10-07 15:55:52.274061:    :0x3:-:<0,0,->:Ingress Parser state 'envelope'
:10-07 15:55:52.274077:        :0x3:-:<0,0,->:Ingress Parser state 'envelope': extracted 0x00000001, updating PHV word  57 to value 0x00000001 I [POV]
:10-07 15:55:52.274090:        :0x3:-:<0,0,->:Ingress Parser state 'envelope': extracted 0x00000001, updating PHV word   6 to value 0x00000001 I [hdr.envelope.epoch[31:0]]
:10-07 15:55:52.274102:    :0x3:-:<0,0,->:Ingress Parser state 'envelope_generation'
:10-07 15:55:52.274117:        :0x3:-:<0,0,->:Ingress Parser state 'envelope_generation': extracted 0x00000002, updating PHV word  57 to value 0x00000003 I [POV]
:10-07 15:55:52.274130:        :0x3:-:<0,0,->:Ingress Parser state 'envelope_generation': extracted 0x00000001, updating PHV word   5 to value 0x00000001 I [hdr.work_generation.generation[31:0]]
:10-07 15:55:52.274142:    :0x3:-:<0,0,->:Ingress Parser state 'envelope_expected'
:10-07 15:55:52.274157:        :0x3:-:<0,0,->:Ingress Parser state 'envelope_expected': extracted       0x01, updating PHV word 108 to value       0x01 I [m.kind[7:0]]
:10-07 15:55:52.274170:        :0x3:-:<0,0,->:Ingress Parser state 'envelope_expected': extracted       0x00, updating PHV word 108 to value       0x01 I [m.kind[7:0]]
:10-07 15:55:52.274182:        :0x3:-:<0,0,->:Ingress Parser state 'envelope_expected': extracted       0x00, updating PHV word 108 to value       0x01 I [m.kind[7:0]]
:10-07 15:55:52.274194:        :0x3:-:<0,0,->:Ingress Parser state 'envelope_expected': extracted       0x00, updating PHV word 108 to value       0x01 I [m.kind[7:0]]
:10-07 15:55:52.274208:        :0x3:-:<0,0,->:Ingress Parser state 'envelope_expected': extracted     0x0201, updating PHV word 128 to value     0x0201 I [hdr.event.event[15:0]]
:10-07 15:55:52.274220:        :0x3:-:<0,0,->:Ingress Parser state 'envelope_expected': extracted     0x0000, updating PHV word 178 to value     0x0000 I [hdr.event.reserved[15:0]]
:10-07 15:55:52.274239:        :0x3:-:<0,0,->:Ingress Parser state 'envelope_expected': extracted 0x0000000c, updating PHV word  57 to value 0x0000000f I [POV]
:10-07 15:55:52.274257:        :0x3:-:<0,0,->:Ingress Parser state 'envelope_expected': extracted 0x00010001, updating PHV word  10 to value 0x00010001 I [hdr.expected_cell.expected_cell[31:0]]
:10-07 15:55:52.274269:        :0x3:-:<0,0,->:Ingress Parser state 'envelope_expected': extracted 0x01000102, updating PHV word  46 to value 0x01000102 I [m.stage[7:0]]
:10-07 15:55:52.274282:    :0x3:-:<0,0,->:Ingress Parser state 'envelope_event'
:10-07 15:55:52.274297:    :0x3:-:<0,0,->:Ingress Parser state 'eth'
:10-07 15:55:52.274315:        :0x3:-:<0,0,->:Ingress Parser state 'eth': extracted     0x0011, updating PHV word 340 to value     0x0011 I [hdr.eth.dst[47:32]]
:10-07 15:55:52.274329:        :0x3:-:<0,0,->:Ingress Parser state 'eth': extracted     0xaabb, updating PHV word 339 to value     0xaabb I [hdr.eth.src[47:32]]
:10-07 15:55:52.274342:        :0x3:-:<0,0,->:Ingress Parser state 'eth': extracted     0x0800, updating PHV word 338 to value     0x0800 I [hdr.eth.type[15:0]]
:10-07 15:55:52.274356:        :0x3:-:<0,0,->:Ingress Parser state 'eth': extracted     0x0000, updating PHV word 338 to value     0x0800 I [hdr.eth.type[15:0]]
:10-07 15:55:52.274370:        :0x3:-:<0,0,->:Ingress Parser state 'eth': extracted 0x00000010, updating PHV word  57 to value 0x0000001f I [POV]
:10-07 15:55:52.274384:        :0x3:-:<0,0,->:Ingress Parser state 'eth': extracted 0x22334455, updating PHV word 270 to value 0x22334455 I [hdr.eth.dst[31:0]]
:10-07 15:55:52.274398:        :0x3:-:<0,0,->:Ingress Parser state 'eth': extracted 0xccddeeff, updating PHV word 269 to value 0xccddeeff I [hdr.eth.src[31:0]]
:10-07 15:55:52.274411:    :0x3:-:<0,0,->:Ingress Parser state 'ip'
:10-07 15:55:52.274430:        :0x3:-:<0,0,->:Ingress Parser state 'ip': extracted       0x40, updating PHV word  79 to value       0x40 I [hdr.ip.ttl[7:0]]
:10-07 15:55:52.274444:        :0x3:-:<0,0,->:Ingress Parser state 'ip': extracted       0x06, updating PHV word 289 to value       0x06 I [hdr.ip.proto[7:0]]
:10-07 15:55:52.274458:        :0x3:-:<0,0,->:Ingress Parser state 'ip': extracted       0x00, updating PHV word  79 to value       0x40 I [hdr.ip.ttl[7:0]]
:10-07 15:55:52.274471:        :0x3:-:<0,0,->:Ingress Parser state 'ip': extracted       0x00, updating PHV word  79 to value       0x40 I [hdr.ip.ttl[7:0]]
:10-07 15:55:52.274485:        :0x3:-:<0,0,->:Ingress Parser state 'ip': extracted     0x26c9, updating PHV word 321 to value     0x26c9 I [hdr.ip.checksum[15:0]]
:10-07 15:55:52.274501:        :0x3:-:<0,0,->:Ingress Parser state 'ip': extracted 0x4500002c, updating PHV word 256 to value 0x4500002c I [hdr.ip.ihl[3:0], hdr.ip.len[15:0], hdr.ip.tos[7:0], hdr.ip.version[3:0]]
:10-07 15:55:52.274514:        :0x3:-:<0,0,->:Ingress Parser state 'ip': extracted 0x00014000, updating PHV word 257 to value 0x00014000 I [hdr.ip.flags[2:0], hdr.ip.frag[12:0], hdr.ip.id[15:0]]
:10-07 15:55:52.274528:        :0x3:-:<0,0,->:Ingress Parser state 'ip': extracted 0x0a000001, updating PHV word  35 to value 0x0a000001 I [hdr.ip.src[31:0]]
:10-07 15:55:52.274541:        :0x3:-:<0,0,->:Ingress Parser state 'ip': extracted 0x0a000002, updating PHV word  34 to value 0x0a000002 I [hdr.ip.dst[31:0]]
:10-07 15:55:52.274555:    :0x3:-:<0,0,->:Ingress Parser state 'ip.$split_0'
:10-07 15:55:52.274572:        :0x3:-:<0,0,->:Ingress Parser state 'ip.$split_0': extracted 0x00000020, updating PHV word  57 to value 0x0000003f I [POV]
:10-07 15:55:52.274585:    :0x3:-:<0,0,->:Ingress Parser state 'ip_flags'
:10-07 15:55:52.274602:    :0x3:-:<0,0,->:Ingress Parser state 'tcp'
:10-07 15:55:52.274620:        :0x3:-:<0,0,->:Ingress Parser state 'tcp': extracted     0x6002, updating PHV word 176 to value     0x6002 I [hdr.tcp.flags[7:0], hdr.tcp.offset[3:0], hdr.tcp.reserved[3:0]]
:10-07 15:55:52.274634:        :0x3:-:<0,0,->:Ingress Parser state 'tcp': extracted     0x1000, updating PHV word 320 to value     0x1000 I [hdr.tcp.window[15:0]]
:10-07 15:55:52.274653:        :0x3:-:<0,0,->:Ingress Parser state 'tcp': extracted     0xb047, updating PHV word 322 to value     0xb047 I [hdr.tcp.checksum[15:0]]
:10-07 15:55:52.274671:        :0x3:-:<0,0,->:Ingress Parser state 'tcp': extracted     0x0000, updating PHV word 177 to value     0x0000 I [hdr.tcp.urgent[15:0]]
:10-07 15:55:52.274686:        :0x3:-:<0,0,->:Ingress Parser state 'tcp': extracted 0x00000040, updating PHV word  57 to value 0x0000007f I [POV]
:10-07 15:55:52.274700:        :0x3:-:<0,0,->:Ingress Parser state 'tcp': extracted 0x75314e20, updating PHV word  56 to value 0x75314e20 I [hdr.tcp.dport[15:0], hdr.tcp.sport[15:0]]
:10-07 15:55:52.274714:        :0x3:-:<0,0,->:Ingress Parser state 'tcp': extracted 0x00000063, updating PHV word  32 to value 0x00000063 I [hdr.tcp.seq[31:0]]
:10-07 15:55:52.274728:        :0x3:-:<0,0,->:Ingress Parser state 'tcp': extracted 0x00000000, updating PHV word  33 to value 0x00000000 I [hdr.tcp.ack[31:0]]
:10-07 15:55:52.274739:    :0x3:-:<0,0,->:Ingress Parser state 'mss_syn'
:10-07 15:55:52.274751:        :0x3:-:<0,0,->:Ingress Parser state 'mss_syn': extracted       0x01, updating PHV word 113 to value       0x01 I [m.packet_kind[7:0]]
:10-07 15:55:52.274763:        :0x3:-:<0,0,->:Ingress Parser state 'mss_syn': extracted 0x00000080, updating PHV word  57 to value 0x000000ff I [POV]
:10-07 15:55:52.274773:        :0x3:-:<0,0,->:Ingress Parser state 'mss_syn': extracted 0x020405dc, updating PHV word 258 to value 0x020405dc I [hdr.image.w12[7:0], hdr.image.w13[23:0], hdr.mss.kind[7:0], hdr.mss.len[7:0], hdr.mss.value[15:0]]
:10-07 15:55:52.274783:    :0x3:-:<0,0,->:Ingress Parser state 'mss_check'
:10-07 15:55:52.274796:        :0x3:-:<0,0,->:Ingress Parser state 'mss_check': extracted       0x01, updating PHV word  74 to value       0x01 I [m.parsed[7:0]]
:10-07 15:55:52.274806:        :0x3:-:<0,0,->:Ingress Parser state 'mss_check': extracted       0x01, updating PHV word 112 to value       0x01 I [m.shape_valid[7:0]]
:10-07 15:55:52.274816:        :0x3:-:<0,0,->:Ingress Headers:
:10-07 15:55:52.274826:        :0x3:-:<0,0,->:Header hdr.envelope.$valid is valid
:10-07 15:55:52.274832:        :0x3:-:<0,0,->:Header hdr.eth.$valid is valid
:10-07 15:55:52.274837:        :0x3:-:<0,0,->:Header hdr.event.$valid is valid
:10-07 15:55:52.274843:        :0x3:-:<0,0,->:Header hdr.expected_cell.$valid is valid
:10-07 15:55:52.274849:        :0x3:-:<0,0,->:Header hdr.ip.$valid is valid
:10-07 15:55:52.274854:        :0x3:-:<0,0,->:Header hdr.mss.$valid is valid
:10-07 15:55:52.274860:        :0x3:-:<0,0,->:Header hdr.tcp.$valid is valid
:10-07 15:55:52.274865:        :0x3:-:<0,0,->:Header hdr.work_generation.$valid is valid
:10-07 15:55:52.274880:    :0x3:-:<0,0,->:------------ Stage 0 ------------
:10-07 15:55:52.274997:    :0x3:-:<0,0,0>:Ingress : Table n_Ingress.ports is hit
:10-07 15:55:52.275006:        :0x3:-:<0,0,0>:Key:
:10-07 15:55:52.275014:        :0x3:-:<0,0,0>:	ig_intr_md.ingress_port[8:0] = 0x44
:10-07 15:55:52.275021:        :0x3:-:<0,0,0>:Execute Action: n_Ingress.route
:10-07 15:55:52.275043:        :0x3:-:<0,0,0>:Action Results:
:10-07 15:55:52.275050:        :0x3:-:<0,0,0>:	----- ModifyFieldPrimitive -----
:10-07 15:55:52.275055:        :0x3:-:<0,0,0>:	Operation:
:10-07 15:55:52.275061:        :0x3:-:<0,0,0>:	set
:10-07 15:55:52.275067:        :0x3:-:<0,0,0>:	Destination:
:10-07 15:55:52.275073:        :0x3:-:<0,0,0>:	m.port_valid[7:0] = 0x1
:10-07 15:55:52.275078:        :0x3:-:<0,0,0>:	mask=0xFF
:10-07 15:55:52.275084:        :0x3:-:<0,0,0>:	Source 1:
:10-07 15:55:52.275089:        :0x3:-:<0,0,0>:	Val=0x8
:10-07 15:55:52.275095:        :0x3:-:<0,0,0>:	----- ModifyFieldPrimitive -----
:10-07 15:55:52.275101:        :0x3:-:<0,0,0>:	Operation:
:10-07 15:55:52.275106:        :0x3:-:<0,0,0>:	set
:10-07 15:55:52.275112:        :0x3:-:<0,0,0>:	Destination:
:10-07 15:55:52.275118:        :0x3:-:<0,0,0>:	ig_intr_md_for_tm.ucast_egress_port[8:0] = 0x44
:10-07 15:55:52.275123:        :0x3:-:<0,0,0>:	mask=0x1FF
:10-07 15:55:52.275133:        :0x3:-:<0,0,0>:	Source 1:
:10-07 15:55:52.275139:        :0x3:-:<0,0,0>:	port=action_param
:10-07 15:55:52.275149:        :0x3:-:<0,0,0>:	----- ModifyFieldPrimitive -----
:10-07 15:55:52.275154:        :0x3:-:<0,0,0>:	Operation:
:10-07 15:55:52.275160:        :0x3:-:<0,0,0>:	set
:10-07 15:55:52.275166:        :0x3:-:<0,0,0>:	Destination:
:10-07 15:55:52.275171:        :0x3:-:<0,0,0>:	ig_intr_md_for_tm.bypass_egress[0:0] = 0x1
:10-07 15:55:52.275177:        :0x3:-:<0,0,0>:	mask=0x1
:10-07 15:55:52.275182:        :0x3:-:<0,0,0>:	Source 1:
:10-07 15:55:52.275188:        :0x3:-:<0,0,0>:	Val=0x1
:10-07 15:55:52.275194:        :0x3:-:<0,0,0>:Next Table = n_Ingress.network
:10-07 15:55:52.275201:    :0x3:-:<0,0,0>:Ingress : Table n_Ingress.network is hit
:10-07 15:55:52.275207:        :0x3:-:<0,0,0>:Key:
:10-07 15:55:52.275220:        :0x3:-:<0,0,0>:	hdr.ip.ttl[7:0] = 0x40
:10-07 15:55:52.275226:        :0x3:-:<0,0,0>:	hdr.tcp.flags[7:0] = 0x2
:10-07 15:55:52.275231:        :0x3:-:<0,0,0>:	hdr.tcp.reserved[3:0] = 0x0
:10-07 15:55:52.275237:        :0x3:-:<0,0,0>:	hdr.tcp.urgent[15:0] = 0x0
:10-07 15:55:52.275243:        :0x3:-:<0,0,0>:	m.ip_error[0:0] = 0x0
:10-07 15:55:52.275248:        :0x3:-:<0,0,0>:	m.kind[7:0] = 0x1
:10-07 15:55:52.275254:        :0x3:-:<0,0,0>:	m.parsed[7:0] = 0x1
:10-07 15:55:52.275260:        :0x3:-:<0,0,0>:	m.tcp_sum[15:0] = 0xFFEB
:10-07 15:55:52.275267:        :0x3:-:<0,0,0>:Execute Action: n_Ingress.network_accept
:10-07 15:55:52.275281:        :0x3:-:<0,0,0>:Action Results:
:10-07 15:55:52.275287:        :0x3:-:<0,0,0>:	----- ModifyFieldPrimitive -----
:10-07 15:55:52.275293:        :0x3:-:<0,0,0>:	Operation:
:10-07 15:55:52.275299:        :0x3:-:<0,0,0>:	set
:10-07 15:55:52.275304:        :0x3:-:<0,0,0>:	Destination:
:10-07 15:55:52.275310:        :0x3:-:<0,0,0>:	m.network_valid[7:0] = 0x1
:10-07 15:55:52.275315:        :0x3:-:<0,0,0>:	mask=0xFF
:10-07 15:55:52.275321:        :0x3:-:<0,0,0>:	Source 1:
:10-07 15:55:52.275327:        :0x3:-:<0,0,0>:	Val=0x8
:10-07 15:55:52.275333:        :0x3:-:<0,0,0>:Next Table = tbl_nf480
:10-07 15:55:52.275339:    :0x3:-:<0,0,0>:Ingress : Table tbl_nf480 is miss
:10-07 15:55:52.275345:        :0x3:-:<0,0,0>:Key:
:10-07 15:55:52.275351:        :0x3:-:<0,0,0>:Execute Default Action: nf480
:10-07 15:55:52.275366:        :0x3:-:<0,0,0>:Action Results:
:10-07 15:55:52.275372:        :0x3:-:<0,0,0>:	----- DirectAluPrimitive -----
:10-07 15:55:52.275377:        :0x3:-:<0,0,0>:	Operation:
:10-07 15:55:52.275383:        :0x3:-:<0,0,0>:	sub
:10-07 15:55:52.275389:        :0x3:-:<0,0,0>:	Destination:
:10-07 15:55:52.275394:        :0x3:-:<0,0,0>:	m.terminal_diff[31:0] = 0x1
:10-07 15:55:52.275400:        :0x3:-:<0,0,0>:	mask=0xFFFFFFFF
:10-07 15:55:52.275406:        :0x3:-:<0,0,0>:	Source 1:
:10-07 15:55:52.275411:        :0x3:-:<0,0,0>:	hdr.envelope.epoch[31:0] = 0x1
:10-07 15:55:52.275417:        :0x3:-:<0,0,0>:	Source 2:
:10-07 15:55:52.275422:        :0x3:-:<0,0,0>:	hdr.completion.epoch[31:0] = 0x0
:10-07 15:55:52.275428:        :0x3:-:<0,0,0>:Next Table = tbl_nf477_0
:10-07 15:55:52.275434:    :0x3:-:<0,0,0>:Ingress : Table tbl_nf477_0 is miss
:10-07 15:55:52.275440:        :0x3:-:<0,0,0>:Key:
:10-07 15:55:52.275446:        :0x3:-:<0,0,0>:Execute Default Action: nf477_0
:10-07 15:55:52.275460:        :0x3:-:<0,0,0>:Action Results:
:10-07 15:55:52.275466:        :0x3:-:<0,0,0>:	----- ModifyFieldPrimitive -----
:10-07 15:55:52.275472:        :0x3:-:<0,0,0>:	Operation:
:10-07 15:55:52.275477:        :0x3:-:<0,0,0>:	set
:10-07 15:55:52.275483:        :0x3:-:<0,0,0>:	Destination:
:10-07 15:55:52.275489:        :0x3:-:<0,0,0>:	m.expected_work_phase[7:0] = 0x2
:10-07 15:55:52.275494:        :0x3:-:<0,0,0>:	m.expected_work_phase[31:8] = 0x0
:10-07 15:55:52.275500:        :0x3:-:<0,0,0>:	mask=0xFF
:10-07 15:55:52.275505:        :0x3:-:<0,0,0>:	Source 1:
:10-07 15:55:52.275511:        :0x3:-:<0,0,0>:	m.stage[7:0] = 0x2
:10-07 15:55:52.275517:        :0x3:-:<0,0,0>:Next Table = tbl_nf477
:10-07 15:55:52.275523:    :0x3:-:<0,0,0>:Ingress : Table tbl_nf477 is miss
:10-07 15:55:52.275532:        :0x3:-:<0,0,0>:Key:
:10-07 15:55:52.275538:        :0x3:-:<0,0,0>:Execute Default Action: nf477
:10-07 15:55:52.275557:        :0x3:-:<0,0,0>:Action Results:
:10-07 15:55:52.275563:        :0x3:-:<0,0,0>:	----- ModifyFieldPrimitive -----
:10-07 15:55:52.275569:        :0x3:-:<0,0,0>:	Operation:
:10-07 15:55:52.275574:        :0x3:-:<0,0,0>:	set
:10-07 15:55:52.275580:        :0x3:-:<0,0,0>:	Destination:
:10-07 15:55:52.275586:        :0x3:-:<0,0,0>:	m.expected[31:0] = 0x10001
:10-07 15:55:52.275591:        :0x3:-:<0,0,0>:	mask=0xFFFFFFFF
:10-07 15:55:52.275597:        :0x3:-:<0,0,0>:	Source 1:
:10-07 15:55:52.275603:        :0x3:-:<0,0,0>:	hdr.expected_cell.expected_cell[31:0] = 0x10001
:10-07 15:55:52.275608:        :0x3:-:<0,0,0>:	----- ModifyFieldPrimitive -----
:10-07 15:55:52.275614:        :0x3:-:<0,0,0>:	Operation:
:10-07 15:55:52.275620:        :0x3:-:<0,0,0>:	set
:10-07 15:55:52.275625:        :0x3:-:<0,0,0>:	Destination:
:10-07 15:55:52.275631:        :0x3:-:<0,0,0>:	m.owner_diff[15:0] = 0x1
:10-07 15:55:52.275636:        :0x3:-:<0,0,0>:	m.owner_diff[31:16] = 0x0
:10-07 15:55:52.275642:        :0x3:-:<0,0,0>:	mask=0xFFFFFFFF
:10-07 15:55:52.275648:        :0x3:-:<0,0,0>:	Source 1:
:10-07 15:55:52.275653:        :0x3:-:<0,0,0>:	Val=0x20
:10-07 15:55:52.275659:        :0x3:-:<0,0,0>:Next Table = tbl_nf479
:10-07 15:55:52.275666:    :0x3:-:<0,0,0>:Ingress : Gateway table condition ((m.kind == 20)) not matched.
:10-07 15:55:52.275672:    :0x3:-:<0,0,0>:Ingress : Gateway attached to tbl_nf479
:10-07 15:55:52.275678:    :0x3:-:<0,0,0>:Ingress : Associated table tbl_nf479 is executed
:10-07 15:55:52.275684:    :0x3:-:<0,0,0>:Ingress : Gateway did provide payload.
:10-07 15:55:52.275690:        :0x3:-:<0,0,0>:Next Table = tbl_nf479_0
:10-07 15:55:52.275697:    :0x3:-:<0,0,0>:Ingress : Table tbl_nf479_0 is miss
:10-07 15:55:52.275703:        :0x3:-:<0,0,0>:Key:
:10-07 15:55:52.275709:        :0x3:-:<0,0,0>:Execute Default Action: nf479_0
:10-07 15:55:52.275723:        :0x3:-:<0,0,0>:Action Results:
:10-07 15:55:52.275729:        :0x3:-:<0,0,0>:	----- DirectAluPrimitive -----
:10-07 15:55:52.275735:        :0x3:-:<0,0,0>:	Operation:
:10-07 15:55:52.275740:        :0x3:-:<0,0,0>:	sub
:10-07 15:55:52.275746:        :0x3:-:<0,0,0>:	Destination:
:10-07 15:55:52.275752:        :0x3:-:<0,0,0>:	m.prefix_difference[31:0] = 0xFFFF0000
:10-07 15:55:52.275757:        :0x3:-:<0,0,0>:	mask=0xFFFFFFFF
:10-07 15:55:52.275763:        :0x3:-:<0,0,0>:	Source 1:
:10-07 15:55:52.275769:        :0x3:-:<0,0,0>:	hdr.envelope.epoch[31:0] = 0x1
:10-07 15:55:52.275774:        :0x3:-:<0,0,0>:	Source 2:
:10-07 15:55:52.275780:        :0x3:-:<0,0,0>:	hdr.expected_cell.expected_cell[31:0] = 0x10001
:10-07 15:55:52.275786:        :0x3:-:<0,0,0>:Next Table = n_Ingress.connection
:10-07 15:55:52.275793:    :0x3:-:<0,0,->:------------ Stage 1 ------------
:10-07 15:55:52.275897:    :0x3:-:<0,0,1>:Ingress : Gateway table condition ((m.port_valid == 1 && m.network_valid == 1)) matched.
:10-07 15:55:52.275905:    :0x3:-:<0,0,1>:Ingress : Associated table n_Ingress.connection is executed
:10-07 15:55:52.275911:    :0x3:-:<0,0,1>:Ingress : Table n_Ingress.connection is hit
:10-07 15:55:52.275917:        :0x3:-:<0,0,1>:Key:
:10-07 15:55:52.275927:        :0x3:-:<0,0,1>:	hdr.ip.dst[31:0] = 0xA000002
:10-07 15:55:52.275933:        :0x3:-:<0,0,1>:	hdr.ip.src[31:0] = 0xA000001
:10-07 15:55:52.275939:        :0x3:-:<0,0,1>:	hdr.tcp.dport[15:0] = 0x4E20
:10-07 15:55:52.275944:        :0x3:-:<0,0,1>:	hdr.tcp.sport[15:0] = 0x7531
:10-07 15:55:52.275951:        :0x3:-:<0,0,1>:Execute Action: n_Ingress.forward_flow
:10-07 15:55:52.275973:        :0x3:-:<0,0,1>:Action Results:
:10-07 15:55:52.275979:        :0x3:-:<0,0,1>:	----- ModifyFieldPrimitive -----
:10-07 15:55:52.275985:        :0x3:-:<0,0,1>:	Operation:
:10-07 15:55:52.275991:        :0x3:-:<0,0,1>:	set
:10-07 15:55:52.275997:        :0x3:-:<0,0,1>:	Destination:
:10-07 15:55:52.276002:        :0x3:-:<0,0,1>:	m.direction[7:0] = 0x1
:10-07 15:55:52.276008:        :0x3:-:<0,0,1>:	mask=0xFF
:10-07 15:55:52.276018:        :0x3:-:<0,0,1>:	Source 1:
:10-07 15:55:52.276024:        :0x3:-:<0,0,1>:	Val=0x8
:10-07 15:55:52.276032:        :0x3:-:<0,0,1>:	----- ModifyFieldPrimitive -----
:10-07 15:55:52.276038:        :0x3:-:<0,0,1>:	Operation:
:10-07 15:55:52.276044:        :0x3:-:<0,0,1>:	set
:10-07 15:55:52.276049:        :0x3:-:<0,0,1>:	Destination:
:10-07 15:55:52.276055:        :0x3:-:<0,0,1>:	m.output_port[8:0] = 0x2
:10-07 15:55:52.276061:        :0x3:-:<0,0,1>:	mask=0x1FF
:10-07 15:55:52.276066:        :0x3:-:<0,0,1>:	Source 1:
:10-07 15:55:52.276072:        :0x3:-:<0,0,1>:	port=action_param
:10-07 15:55:52.276078:        :0x3:-:<0,0,1>:	----- ModifyFieldPrimitive -----
:10-07 15:55:52.276083:        :0x3:-:<0,0,1>:	Operation:
:10-07 15:55:52.276089:        :0x3:-:<0,0,1>:	set
:10-07 15:55:52.276095:        :0x3:-:<0,0,1>:	Destination:
:10-07 15:55:52.276100:        :0x3:-:<0,0,1>:	ig_intr_md_for_tm.ucast_egress_port[8:0] = 0x2
:10-07 15:55:52.276106:        :0x3:-:<0,0,1>:	mask=0x1FF
:10-07 15:55:52.276112:        :0x3:-:<0,0,1>:	Source 1:
:10-07 15:55:52.276117:        :0x3:-:<0,0,1>:	port=action_param
:10-07 15:55:52.276123:        :0x3:-:<0,0,1>:	----- ModifyFieldPrimitive -----
:10-07 15:55:52.276129:        :0x3:-:<0,0,1>:	Operation:
:10-07 15:55:52.276134:        :0x3:-:<0,0,1>:	set
:10-07 15:55:52.276140:        :0x3:-:<0,0,1>:	Destination:
:10-07 15:55:52.276146:        :0x3:-:<0,0,1>:	m.go[7:0] = 0x0
:10-07 15:55:52.276151:        :0x3:-:<0,0,1>:	mask=0xFF
:10-07 15:55:52.276157:        :0x3:-:<0,0,1>:	Source 1:
:10-07 15:55:52.276163:        :0x3:-:<0,0,1>:	Val=0x8
:10-07 15:55:52.276169:        :0x3:-:<0,0,1>:Next Table = n_Ingress.input_head_t
:10-07 15:55:52.276176:    :0x3:-:<0,0,1>:Ingress : Gateway table condition ((m.packet_kind == 5 || m.packet_kind == 6 || m.packet_kind == 7)) not matched.
:10-07 15:55:52.276182:    :0x3:-:<0,0,1>:Ingress : Gateway attached to n_Ingress.input_head_t
:10-07 15:55:52.276188:    :0x3:-:<0,0,1>:Ingress : Table n_Ingress.input_head_t is inhibited by a gateway condition
:10-07 15:55:52.276194:        :0x3:-:<0,0,1>:Next Table = n_Ingress.read_connection
:10-07 15:55:52.276201:    :0x3:-:<0,0,1>:Ingress : Gateway table condition ((m.packet_kind == 9 || m.packet_kind == 11)) not matched.
:10-07 15:55:52.276206:    :0x3:-:<0,0,1>:Ingress : Table n_Ingress.read_connection is inhibited by a gateway condition
:10-07 15:55:52.276212:    :0x3:-:<0,0,1>:Ingress : Gateway did provide payload.
:10-07 15:55:52.276218:        :0x3:-:<0,0,1>:Next Table = n_Ingress.guard
:10-07 15:55:52.276225:    :0x3:-:<0,0,1>:Ingress : Table n_Ingress.rd_head_t is not active(inhibited/skipped)
:10-07 15:55:52.276231:    :0x3:-:<0,0,1>:Ingress : Table n_Ingress.rd_request_crc_t is not active(inhibited/skipped)
:10-07 15:55:52.276237:    :0x3:-:<0,0,1>:Ingress : Table n_Ingress.rd_first_crc_t is not active(inhibited/skipped)
:10-07 15:55:52.276242:    :0x3:-:<0,0,1>:Ingress : Table n_Ingress.rd_tail_crc_t is not active(inhibited/skipped)
:10-07 15:55:52.276248:    :0x3:-:<0,0,1>:Ingress : Table n_Ingress.rd_second_crc_t is not active(inhibited/skipped)
:10-07 15:55:52.276254:    :0x3:-:<0,0,1>:Ingress : Table n_Ingress.read_response_profile is not active(inhibited/skipped)
:10-07 15:55:52.276260:    :0x3:-:<0,0,1>:Ingress : Table n_Ingress.read_request_profile is not active(inhibited/skipped)
:10-07 15:55:52.276266:    :0x3:-:<0,0,1>:Ingress : Table n_Ingress.data_connection is not active(inhibited/skipped)
:10-07 15:55:52.276272:    :0x3:-:<0,0,1>:Ingress : Table n_Ingress.response_profile is not active(inhibited/skipped)
:10-07 15:55:52.276277:    :0x3:-:<0,0,1>:Ingress : Table n_Ingress.profile is not active(inhibited/skipped)
:10-07 15:55:52.276283:    :0x3:-:<0,0,1>:Ingress : Table tbl_deny_2 is not active(inhibited/skipped)
:10-07 15:55:52.276290:    :0x3:-:<0,0,->:------------ Stage 2 ------------
:10-07 15:55:52.276359:    :0x3:-:<0,0,->:------------ Stage 3 ------------
:10-07 15:55:52.276423:    :0x3:-:<0,0,->:------------ Stage 4 ------------
:10-07 15:55:52.276507:    :0x3:-:<0,0,4>:Ingress : Table n_Ingress.guard is hit
:10-07 15:55:52.276515:        :0x3:-:<0,0,4>:Key:
:10-07 15:55:52.276536:        :0x3:-:<0,0,4>:	m.bad1[7:0] = 0x0
:10-07 15:55:52.276542:        :0x3:-:<0,0,4>:	m.badb[7:0] = 0x0
:10-07 15:55:52.276548:        :0x3:-:<0,0,4>:	m.badh[7:0] = 0x0
:10-07 15:55:52.276554:        :0x3:-:<0,0,4>:	m.badt[7:0] = 0x0
:10-07 15:55:52.276559:        :0x3:-:<0,0,4>:	m.cached_owner_diff[31:0] = 0x0
:10-07 15:55:52.276565:        :0x3:-:<0,0,4>:	m.direction[7:0] = 0x1
:10-07 15:55:52.276571:        :0x3:-:<0,0,4>:	m.enabled[7:0] = 0x0
:10-07 15:55:52.276576:        :0x3:-:<0,0,4>:	m.kind[7:0] = 0x1
:10-07 15:55:52.276582:        :0x3:-:<0,0,4>:	m.packet_kind[7:0] = 0x1
:10-07 15:55:52.276588:        :0x3:-:<0,0,4>:	m.prefix_difference[31:0] = 0xFFFF0000
:10-07 15:55:52.276593:        :0x3:-:<0,0,4>:	m.profile[7:0] = 0x0
:10-07 15:55:52.276599:        :0x3:-:<0,0,4>:	m.shape_valid[7:0] = 0x1
:10-07 15:55:52.276605:        :0x3:-:<0,0,4>:	m.stage[7:0] = 0x2
:10-07 15:55:52.276610:        :0x3:-:<0,0,4>:	m.terminal_diff[31:0] = 0x1
:10-07 15:55:52.276618:        :0x3:-:<0,0,4>:Execute Action: n_Ingress.go_ret_work
:10-07 15:55:52.276638:        :0x3:-:<0,0,4>:Action Results:
:10-07 15:55:52.276644:        :0x3:-:<0,0,4>:	----- ModifyFieldPrimitive -----
:10-07 15:55:52.276650:        :0x3:-:<0,0,4>:	Operation:
:10-07 15:55:52.276656:        :0x3:-:<0,0,4>:	set
:10-07 15:55:52.276662:        :0x3:-:<0,0,4>:	Destination:
:10-07 15:55:52.276667:        :0x3:-:<0,0,4>:	m.go[7:0] = 0x1
:10-07 15:55:52.276673:        :0x3:-:<0,0,4>:	mask=0xFF
:10-07 15:55:52.276679:        :0x3:-:<0,0,4>:	Source 1:
:10-07 15:55:52.276684:        :0x3:-:<0,0,4>:	Val=0x8
:10-07 15:55:52.276690:        :0x3:-:<0,0,4>:	----- ModifyFieldPrimitive -----
:10-07 15:55:52.276696:        :0x3:-:<0,0,4>:	Operation:
:10-07 15:55:52.276702:        :0x3:-:<0,0,4>:	set
:10-07 15:55:52.276707:        :0x3:-:<0,0,4>:	Destination:
:10-07 15:55:52.276713:        :0x3:-:<0,0,4>:	m.generation[31:0] = 0x1
:10-07 15:55:52.276719:        :0x3:-:<0,0,4>:	mask=0xFFFFFFFF
:10-07 15:55:52.276724:        :0x3:-:<0,0,4>:	Source 1:
:10-07 15:55:52.276730:        :0x3:-:<0,0,4>:	hdr.work_generation.generation[31:0] = 0x1
:10-07 15:55:52.276736:        :0x3:-:<0,0,4>:	----- ModifyFieldPrimitive -----
:10-07 15:55:52.276742:        :0x3:-:<0,0,4>:	Operation:
:10-07 15:55:52.276747:        :0x3:-:<0,0,4>:	set
:10-07 15:55:52.276753:        :0x3:-:<0,0,4>:	Destination:
:10-07 15:55:52.276759:        :0x3:-:<0,0,4>:	m.work_op[7:0] = 0x2
:10-07 15:55:52.276764:        :0x3:-:<0,0,4>:	mask=0xFF
:10-07 15:55:52.276770:        :0x3:-:<0,0,4>:	Source 1:
:10-07 15:55:52.276776:        :0x3:-:<0,0,4>:	Val=0x8
:10-07 15:55:52.276782:        :0x3:-:<0,0,4>:Next Table = n_Ingress.work.dispatch
:10-07 15:55:52.276789:    :0x3:-:<0,0,->:------------ Stage 5 ------------
:10-07 15:55:52.276896:    :0x3:-:<0,0,5>:Ingress : Gateway table condition ((m.go == 1)) matched.
:10-07 15:55:52.276905:    :0x3:-:<0,0,5>:Ingress : Associated table n_Ingress.work.dispatch is executed
:10-07 15:55:52.276911:    :0x3:-:<0,0,5>:Ingress : Table n_Ingress.work.dispatch is hit
:10-07 15:55:52.276917:        :0x3:-:<0,0,5>:Key:
:10-07 15:55:52.276926:        :0x3:-:<0,0,5>:	m.expected_work_phase[7:0] = 0x2
:10-07 15:55:52.276932:        :0x3:-:<0,0,5>:	m.expected_work_phase[31:8] = 0x0
:10-07 15:55:52.276938:        :0x3:-:<0,0,5>:	m.generation[31:0] = 0x1
:10-07 15:55:52.276944:        :0x3:-:<0,0,5>:	m.work_op[7:0] = 0x2
:10-07 15:55:52.276950:        :0x3:-:<0,0,5>:Executed StatefulALU 3 with instruction 1
:10-07 15:55:52.276957:        :0x3:-:<0,0,5>:Execute Action: n_Ingress.work.return_work
:10-07 15:55:52.276967:        :0x3:-:<0,0,5>:Action Results:
:10-07 15:55:52.276973:        :0x3:-:<0,0,5>:	----- ExecuteStatefulAluPrimitive -----
:10-07 15:55:52.276978:        :0x3:-:<0,0,5>:	----- BlackBox: work_advance -----
:10-07 15:55:52.276984:        :0x3:-:<0,0,5>:	----- register: n_Ingress.work.work -----
:10-07 15:55:52.276999:        :0x3:-:<0,0,5>:	--- SALU Condition ---
:10-07 15:55:52.277008:        :0x3:-:<0,0,5>:	  Not supplied by program.
:10-07 15:55:52.277014:        :0x3:-:<0,0,5>:	    SALU ConditionLo: TRUE
:10-07 15:55:52.277022:        :0x3:-:<0,0,5>:	    SALU ConditionHi: TRUE
:10-07 15:55:52.277028:        :0x3:-:<0,0,5>:	--- SALU Update ---
:10-07 15:55:52.277034:        :0x3:-:<0,0,5>:	  None
:10-07 15:55:52.277040:        :0x3:-:<0,0,5>:	--- SALU Output ---
:10-07 15:55:52.277045:        :0x3:-:<0,0,5>:	    Output predicate not supplied by program
:10-07 15:55:52.277051:        :0x3:-:<0,0,5>:	    Output PredicateResult: TRUE
:10-07 15:55:52.277057:        :0x3:-:<0,0,5>:	    Output Destination Field: m.work_phase = 0x2
:10-07 15:55:52.277063:        :0x3:-:<0,0,5>:	---  SALU Register ---
:10-07 15:55:52.277068:        :0x3:-:<0,0,5>:	   Register Index: 0x60000
:10-07 15:55:52.277074:        :0x3:-:<0,0,5>:	     Before stateful alu execution: 0x0000000200000001
:10-07 15:55:52.277080:        :0x3:-:<0,0,5>:	     After stateful alu execution: 0x0000000300000001
:10-07 15:55:52.277086:        :0x3:-:<0,0,5>:Next Table = n_Ingress.read_input_t
:10-07 15:55:52.277094:    :0x3:-:<0,0,5>:Ingress : Table n_Ingress.read_input_t is miss
:10-07 15:55:52.277100:        :0x3:-:<0,0,5>:Key:
:10-07 15:55:52.277107:        :0x3:-:<0,0,5>:	m.packet_kind[7:0] = 0x1
:10-07 15:55:52.277113:        :0x3:-:<0,0,5>:Execute Default Action: NoAction
:10-07 15:55:52.277126:        :0x3:-:<0,0,5>:Action Results:
:10-07 15:55:52.277132:        :0x3:-:<0,0,5>:Next Table = n_Ingress.ack_native_t
:10-07 15:55:52.277138:    :0x3:-:<0,0,5>:Ingress : Table n_Ingress.ack_native_t is miss
:10-07 15:55:52.277144:        :0x3:-:<0,0,5>:Key:
:10-07 15:55:52.277150:        :0x3:-:<0,0,5>:Execute Default Action: n_Ingress.ack_native
:10-07 15:55:52.277165:        :0x3:-:<0,0,5>:Action Results:
:10-07 15:55:52.277171:        :0x3:-:<0,0,5>:	----- DirectAluPrimitive -----
:10-07 15:55:52.277177:        :0x3:-:<0,0,5>:	Operation:
:10-07 15:55:52.277183:        :0x3:-:<0,0,5>:	add
:10-07 15:55:52.277188:        :0x3:-:<0,0,5>:	Destination:
:10-07 15:55:52.277194:        :0x3:-:<0,0,5>:	m.ack_native[31:0] = 0xFFFFFFEC
:10-07 15:55:52.277200:        :0x3:-:<0,0,5>:	mask=0xFFFFFFFF
:10-07 15:55:52.277205:        :0x3:-:<0,0,5>:	Source 1:
:10-07 15:55:52.277211:        :0x3:-:<0,0,5>:	hdr.tcp.ack[31:0] = 0x0
:10-07 15:55:52.277217:        :0x3:-:<0,0,5>:	Source 2:
:10-07 15:55:52.277223:        :0x3:-:<0,0,5>:	Val=0x20
:10-07 15:55:52.277229:        :0x3:-:<0,0,5>:Next Table = cond-64
:10-07 15:55:52.277235:    :0x3:-:<0,0,5>:Ingress : Gateway table condition ((m.packet_kind == 5 || m.packet_kind == 6 || m.packet_kind == 7)) not matched.
:10-07 15:55:52.277241:    :0x3:-:<0,0,5>:Ingress : Gateway attached to cond-64
:10-07 15:55:52.277247:    :0x3:-:<0,0,5>:Ingress : Associated table cond-64 is executed
:10-07 15:55:52.277253:    :0x3:-:<0,0,5>:Ingress : Gateway did provide payload.
:10-07 15:55:52.277259:        :0x3:-:<0,0,5>:Next Table = n_Ingress.next_seq_t
:10-07 15:55:52.277265:    :0x3:-:<0,0,5>:Ingress : Table n_Ingress.compare_response_inputs_t is not active(inhibited/skipped)
:10-07 15:55:52.277271:    :0x3:-:<0,0,5>:Ingress : Table n_Ingress.compare_select_inputs_t is not active(inhibited/skipped)
:10-07 15:55:52.277277:    :0x3:-:<0,0,5>:Ingress : Table n_Ingress.compare_operate_inputs_t is not active(inhibited/skipped)
:10-07 15:55:52.277283:    :0x3:-:<0,0,5>:Ingress : Gateway table condition ((m.work_op == 4 || m.stage == 15)) not matched.
:10-07 15:55:52.277289:    :0x3:-:<0,0,5>:Ingress : Associated table n_Ingress.next_seq_t is executed
:10-07 15:55:52.277295:    :0x3:-:<0,0,5>:Ingress : Table n_Ingress.next_seq_t is miss
:10-07 15:55:52.277301:        :0x3:-:<0,0,5>:Key:
:10-07 15:55:52.277308:        :0x3:-:<0,0,5>:	m.packet_kind[7:0] = 0x1
:10-07 15:55:52.277314:        :0x3:-:<0,0,5>:Execute Default Action: n_Ingress.next_seq
:10-07 15:55:52.277328:        :0x3:-:<0,0,5>:Action Results:
:10-07 15:55:52.277334:        :0x3:-:<0,0,5>:	----- DirectAluPrimitive -----
:10-07 15:55:52.277343:        :0x3:-:<0,0,5>:	Operation:
:10-07 15:55:52.277348:        :0x3:-:<0,0,5>:	add
:10-07 15:55:52.277354:        :0x3:-:<0,0,5>:	Destination:
:10-07 15:55:52.277363:        :0x3:-:<0,0,5>:	m.new_seq[31:0] = 0x64
:10-07 15:55:52.277368:        :0x3:-:<0,0,5>:	mask=0xFFFFFFFF
:10-07 15:55:52.277374:        :0x3:-:<0,0,5>:	Source 1:
:10-07 15:55:52.277380:        :0x3:-:<0,0,5>:	hdr.tcp.seq[31:0] = 0x63
:10-07 15:55:52.277385:        :0x3:-:<0,0,5>:	Source 2:
:10-07 15:55:52.277391:        :0x3:-:<0,0,5>:	Val=0x20
:10-07 15:55:52.277397:        :0x3:-:<0,0,5>:Next Table = n_Ingress.epoch_t
:10-07 15:55:52.277403:    :0x3:-:<0,0,5>:Ingress : Table tbl_deny is not active(inhibited/skipped)
:10-07 15:55:52.277409:    :0x3:-:<0,0,5>:Ingress : Table tbl_deny_1 is not active(inhibited/skipped)
:10-07 15:55:52.277416:    :0x3:-:<0,0,->:------------ Stage 6 ------------
:10-07 15:55:52.277520:    :0x3:-:<0,0,6>:Ingress : Table n_Ingress.epoch_t is miss
:10-07 15:55:52.277530:        :0x3:-:<0,0,6>:Key:
:10-07 15:55:52.277542:        :0x3:-:<0,0,6>:	m.kind[7:0] = 0x1
:10-07 15:55:52.277547:        :0x3:-:<0,0,6>:	m.stage[7:0] = 0x2
:10-07 15:55:52.277553:        :0x3:-:<0,0,6>:	m.work_op[7:0] = 0x2
:10-07 15:55:52.277559:        :0x3:-:<0,0,6>:	m.work_phase[31:0] = 0x2
:10-07 15:55:52.277565:        :0x3:-:<0,0,6>:Executed StatefulALU 3 with instruction 1
:10-07 15:55:52.277571:        :0x3:-:<0,0,6>:Execute Default Action: n_Ingress.diff_epoch
:10-07 15:55:52.277582:        :0x3:-:<0,0,6>:Action Results:
:10-07 15:55:52.277588:        :0x3:-:<0,0,6>:	----- ExecuteStatefulAluPrimitive -----
:10-07 15:55:52.277593:        :0x3:-:<0,0,6>:	----- BlackBox: read_epoch_diff_0 -----
:10-07 15:55:52.277599:        :0x3:-:<0,0,6>:	----- register: n_Ingress.epoch -----
:10-07 15:55:52.277617:        :0x3:-:<0,0,6>:	--- SALU Condition ---
:10-07 15:55:52.277623:        :0x3:-:<0,0,6>:	  Not supplied by program.
:10-07 15:55:52.277629:        :0x3:-:<0,0,6>:	    SALU ConditionLo: FALSE
:10-07 15:55:52.277635:        :0x3:-:<0,0,6>:	    SALU ConditionHi: FALSE
:10-07 15:55:52.277640:        :0x3:-:<0,0,6>:	--- SALU Update ---
:10-07 15:55:52.277646:        :0x3:-:<0,0,6>:	  --- SALU Update Hi 1 ---
:10-07 15:55:52.277652:        :0x3:-:<0,0,6>:	    Update Hi 1 predicate not supplied by program
:10-07 15:55:52.277657:        :0x3:-:<0,0,6>:	    Update Hi 1 PredicateResult: TRUE
:10-07 15:55:52.277663:        :0x3:-:<0,0,6>:	    Update Hi 1 expression result:       0x0
:10-07 15:55:52.277669:        :0x3:-:<0,0,6>:	    Update Hi 1 expression result computed using fields:
:10-07 15:55:52.277675:        :0x3:-:<0,0,6>:	        Constant Input Value
:10-07 15:55:52.277680:        :0x3:-:<0,0,6>:	        hdr.envelope.epoch: 0x00000001
:10-07 15:55:52.277686:        :0x3:-:<0,0,6>:	--- SALU Output ---
:10-07 15:55:52.277692:        :0x3:-:<0,0,6>:	    Output predicate not supplied by program
:10-07 15:55:52.277698:        :0x3:-:<0,0,6>:	    Output PredicateResult: TRUE
:10-07 15:55:52.277703:        :0x3:-:<0,0,6>:	    Output Destination Field: m.epoch_diff = 0x0
:10-07 15:55:52.277709:        :0x3:-:<0,0,6>:	---  SALU Register ---
:10-07 15:55:52.277715:        :0x3:-:<0,0,6>:	   Register Index: 0x40000
:10-07 15:55:52.277721:        :0x3:-:<0,0,6>:	     Before stateful alu execution: 0x00000001
:10-07 15:55:52.277726:        :0x3:-:<0,0,6>:	     After stateful alu execution: 0x00000001
:10-07 15:55:52.277733:        :0x3:-:<0,0,6>:Next Table = n_Ingress.active_generation_t
:10-07 15:55:52.277739:    :0x3:-:<0,0,6>:Ingress : Table n_Ingress.active_generation_t is miss
:10-07 15:55:52.277745:        :0x3:-:<0,0,6>:Key:
:10-07 15:55:52.277753:        :0x3:-:<0,0,6>:	m.kind[7:0] = 0x1
:10-07 15:55:52.277759:        :0x3:-:<0,0,6>:	m.work_op[7:0] = 0x2
:10-07 15:55:52.277765:        :0x3:-:<0,0,6>:	m.work_phase[31:0] = 0x2
:10-07 15:55:52.277771:        :0x3:-:<0,0,6>:Execute Default Action: NoAction
:10-07 15:55:52.277783:        :0x3:-:<0,0,6>:Action Results:
:10-07 15:55:52.277789:        :0x3:-:<0,0,6>:Next Table = n_Ingress.owner_command
:10-07 15:55:52.277801:    :0x3:-:<0,0,->:------------ Stage 7 ------------
:10-07 15:55:52.277923:    :0x3:-:<0,0,7>:Ingress : Table n_Ingress.owner_command is hit
:10-07 15:55:52.277936:        :0x3:-:<0,0,7>:Key:
:10-07 15:55:52.277949:        :0x3:-:<0,0,7>:	hdr.expected_cell.expected_cell[31:0] = 0x10001
:10-07 15:55:52.277955:        :0x3:-:<0,0,7>:	m.active_gen_diff[31:0] = 0x1
:10-07 15:55:52.277961:        :0x3:-:<0,0,7>:	m.epoch_diff[15:0] = 0x0
:10-07 15:55:52.277967:        :0x3:-:<0,0,7>:	m.epoch_diff[31:16] = 0x0
:10-07 15:55:52.277973:        :0x3:-:<0,0,7>:	m.kind[7:0] = 0x1
:10-07 15:55:52.277978:        :0x3:-:<0,0,7>:	m.return_abort[7:0] = 0x0
:10-07 15:55:52.277984:        :0x3:-:<0,0,7>:	m.stage[7:0] = 0x2
:10-07 15:55:52.277990:        :0x3:-:<0,0,7>:	m.work_phase[31:0] = 0x2
:10-07 15:55:52.277998:        :0x3:-:<0,0,7>:Execute Action: n_Ingress.publish_syn
:10-07 15:55:52.278021:        :0x3:-:<0,0,7>:Action Results:
:10-07 15:55:52.278027:        :0x3:-:<0,0,7>:	----- ModifyFieldPrimitive -----
:10-07 15:55:52.278033:        :0x3:-:<0,0,7>:	Operation:
:10-07 15:55:52.278039:        :0x3:-:<0,0,7>:	set
:10-07 15:55:52.278045:        :0x3:-:<0,0,7>:	Destination:
:10-07 15:55:52.278050:        :0x3:-:<0,0,7>:	m.expected[31:0] = 0x10001
:10-07 15:55:52.278056:        :0x3:-:<0,0,7>:	mask=0xFFFFFFFF
:10-07 15:55:52.278062:        :0x3:-:<0,0,7>:	Source 1:
:10-07 15:55:52.278068:        :0x3:-:<0,0,7>:	hdr.expected_cell.expected_cell[31:0] = 0x10001
:10-07 15:55:52.278073:        :0x3:-:<0,0,7>:	----- DirectAluPrimitive -----
:10-07 15:55:52.278079:        :0x3:-:<0,0,7>:	Operation:
:10-07 15:55:52.278085:        :0x3:-:<0,0,7>:	add
:10-07 15:55:52.278091:        :0x3:-:<0,0,7>:	Destination:
:10-07 15:55:52.278096:        :0x3:-:<0,0,7>:	m.desired[31:0] = 0x20001
:10-07 15:55:52.278102:        :0x3:-:<0,0,7>:	mask=0xFFFFFFFF
:10-07 15:55:52.278108:        :0x3:-:<0,0,7>:	Source 1:
:10-07 15:55:52.278114:        :0x3:-:<0,0,7>:	hdr.expected_cell.expected_cell[31:0] = 0x10001
:10-07 15:55:52.278119:        :0x3:-:<0,0,7>:	Source 2:
:10-07 15:55:52.278125:        :0x3:-:<0,0,7>:	Val=0x20
:10-07 15:55:52.278131:        :0x3:-:<0,0,7>:	----- ModifyFieldPrimitive -----
:10-07 15:55:52.278137:        :0x3:-:<0,0,7>:	Operation:
:10-07 15:55:52.278142:        :0x3:-:<0,0,7>:	set
:10-07 15:55:52.278148:        :0x3:-:<0,0,7>:	Destination:
:10-07 15:55:52.278154:        :0x3:-:<0,0,7>:	m.owner_op[7:0] = 0x1
:10-07 15:55:52.278159:        :0x3:-:<0,0,7>:	mask=0xFF
:10-07 15:55:52.278165:        :0x3:-:<0,0,7>:	Source 1:
:10-07 15:55:52.278171:        :0x3:-:<0,0,7>:	Val=0x8
:10-07 15:55:52.278177:        :0x3:-:<0,0,7>:Next Table = n_Ingress.server_t
:10-07 15:55:52.278184:    :0x3:-:<0,0,7>:Ingress : Table n_Ingress.server_t is miss
:10-07 15:55:52.278190:        :0x3:-:<0,0,7>:Key:
:10-07 15:55:52.278200:        :0x3:-:<0,0,7>:	m.epoch_diff[15:0] = 0x0
:10-07 15:55:52.278205:        :0x3:-:<0,0,7>:	m.epoch_diff[31:16] = 0x0
:10-07 15:55:52.278211:        :0x3:-:<0,0,7>:	m.kind[7:0] = 0x1
:10-07 15:55:52.278217:        :0x3:-:<0,0,7>:	m.stage[7:0] = 0x2
:10-07 15:55:52.278223:        :0x3:-:<0,0,7>:	m.work_op[7:0] = 0x2
:10-07 15:55:52.278228:        :0x3:-:<0,0,7>:	m.work_phase[31:0] = 0x2
:10-07 15:55:52.278234:        :0x3:-:<0,0,7>:Executed StatefulALU 1 with instruction 0
:10-07 15:55:52.278241:        :0x3:-:<0,0,7>:Execute Default Action: n_Ingress.load_server
:10-07 15:55:52.278251:        :0x3:-:<0,0,7>:Action Results:
:10-07 15:55:52.278257:        :0x3:-:<0,0,7>:	----- ExecuteStatefulAluPrimitive -----
:10-07 15:55:52.278263:        :0x3:-:<0,0,7>:	----- BlackBox: read_server_0 -----
:10-07 15:55:52.278268:        :0x3:-:<0,0,7>:	----- register: n_Ingress.server -----
:10-07 15:55:52.278281:        :0x3:-:<0,0,7>:	--- SALU Condition ---
:10-07 15:55:52.278287:        :0x3:-:<0,0,7>:	  Not supplied by program.
:10-07 15:55:52.278293:        :0x3:-:<0,0,7>:	    SALU ConditionLo: FALSE
:10-07 15:55:52.278298:        :0x3:-:<0,0,7>:	    SALU ConditionHi: FALSE
:10-07 15:55:52.278304:        :0x3:-:<0,0,7>:	--- SALU Update ---
:10-07 15:55:52.278313:        :0x3:-:<0,0,7>:	  None
:10-07 15:55:52.278319:        :0x3:-:<0,0,7>:	--- SALU Output ---
:10-07 15:55:52.278327:        :0x3:-:<0,0,7>:	    Output predicate not supplied by program
:10-07 15:55:52.278333:        :0x3:-:<0,0,7>:	    Output PredicateResult: TRUE
:10-07 15:55:52.278339:        :0x3:-:<0,0,7>:	    Output Destination Field: m.server = 0x0
:10-07 15:55:52.278345:        :0x3:-:<0,0,7>:	---  SALU Register ---
:10-07 15:55:52.278350:        :0x3:-:<0,0,7>:	   Register Index: 0x40000
:10-07 15:55:52.278356:        :0x3:-:<0,0,7>:	     Before stateful alu execution: 0x00000000
:10-07 15:55:52.278362:        :0x3:-:<0,0,7>:	     After stateful alu execution: 0x00000000
:10-07 15:55:52.278368:        :0x3:-:<0,0,7>:Next Table = n_Ingress.client_t
:10-07 15:55:52.278375:    :0x3:-:<0,0,7>:Ingress : Table n_Ingress.client_t is miss
:10-07 15:55:52.278380:        :0x3:-:<0,0,7>:Key:
:10-07 15:55:52.278390:        :0x3:-:<0,0,7>:	m.epoch_diff[15:0] = 0x0
:10-07 15:55:52.278396:        :0x3:-:<0,0,7>:	m.epoch_diff[31:16] = 0x0
:10-07 15:55:52.278402:        :0x3:-:<0,0,7>:	m.kind[7:0] = 0x1
:10-07 15:55:52.278408:        :0x3:-:<0,0,7>:	m.stage[7:0] = 0x2
:10-07 15:55:52.278413:        :0x3:-:<0,0,7>:	m.work_op[7:0] = 0x2
:10-07 15:55:52.278419:        :0x3:-:<0,0,7>:	m.work_phase[31:0] = 0x2
:10-07 15:55:52.278425:        :0x3:-:<0,0,7>:Executed StatefulALU 2 with instruction 0
:10-07 15:55:52.278431:        :0x3:-:<0,0,7>:Execute Default Action: n_Ingress.load_client
:10-07 15:55:52.278441:        :0x3:-:<0,0,7>:Action Results:
:10-07 15:55:52.278447:        :0x3:-:<0,0,7>:	----- ExecuteStatefulAluPrimitive -----
:10-07 15:55:52.278453:        :0x3:-:<0,0,7>:	----- BlackBox: read_client_0 -----
:10-07 15:55:52.278459:        :0x3:-:<0,0,7>:	----- register: n_Ingress.client -----
:10-07 15:55:52.278470:        :0x3:-:<0,0,7>:	--- SALU Condition ---
:10-07 15:55:52.278475:        :0x3:-:<0,0,7>:	  Not supplied by program.
:10-07 15:55:52.278481:        :0x3:-:<0,0,7>:	    SALU ConditionLo: FALSE
:10-07 15:55:52.278487:        :0x3:-:<0,0,7>:	    SALU ConditionHi: FALSE
:10-07 15:55:52.278493:        :0x3:-:<0,0,7>:	--- SALU Update ---
:10-07 15:55:52.278498:        :0x3:-:<0,0,7>:	  None
:10-07 15:55:52.278504:        :0x3:-:<0,0,7>:	--- SALU Output ---
:10-07 15:55:52.278510:        :0x3:-:<0,0,7>:	    Output predicate not supplied by program
:10-07 15:55:52.278516:        :0x3:-:<0,0,7>:	    Output PredicateResult: TRUE
:10-07 15:55:52.278521:        :0x3:-:<0,0,7>:	    Output Destination Field: m.client = 0x64
:10-07 15:55:52.278527:        :0x3:-:<0,0,7>:	---  SALU Register ---
:10-07 15:55:52.278533:        :0x3:-:<0,0,7>:	   Register Index: 0x40000
:10-07 15:55:52.278539:        :0x3:-:<0,0,7>:	     Before stateful alu execution: 0x00000064
:10-07 15:55:52.278544:        :0x3:-:<0,0,7>:	     After stateful alu execution: 0x00000064
:10-07 15:55:52.278551:        :0x3:-:<0,0,7>:Next Table = n_Ingress.read_app_t
:10-07 15:55:52.278557:    :0x3:-:<0,0,7>:Ingress : Table n_Ingress.read_app_t is miss
:10-07 15:55:52.278563:        :0x3:-:<0,0,7>:Key:
:10-07 15:55:52.278572:        :0x3:-:<0,0,7>:	m.epoch_diff[15:0] = 0x0
:10-07 15:55:52.278578:        :0x3:-:<0,0,7>:	m.epoch_diff[31:16] = 0x0
:10-07 15:55:52.278583:        :0x3:-:<0,0,7>:	m.kind[7:0] = 0x1
:10-07 15:55:52.278589:        :0x3:-:<0,0,7>:	m.stage[7:0] = 0x2
:10-07 15:55:52.278595:        :0x3:-:<0,0,7>:	m.work_phase[31:0] = 0x2
:10-07 15:55:52.278603:        :0x3:-:<0,0,7>:Execute Default Action: NoAction
:10-07 15:55:52.278623:        :0x3:-:<0,0,7>:Action Results:
:10-07 15:55:52.278633:        :0x3:-:<0,0,7>:Next Table = n_Ingress.frozen_decoy_off_t
:10-07 15:55:52.278646:    :0x3:-:<0,0,7>:Ingress : Gateway table condition ((m.packet_kind == 5 || m.packet_kind == 6 || m.packet_kind == 7)) not matched.
:10-07 15:55:52.278657:    :0x3:-:<0,0,7>:Ingress : Table n_Ingress.frozen_decoy_off_t is inhibited by a gateway condition
:10-07 15:55:52.278667:    :0x3:-:<0,0,7>:Ingress : Gateway did provide payload.
:10-07 15:55:52.278686:        :0x3:-:<0,0,7>:Next Table = n_Ingress.owner_t
:10-07 15:55:52.278699:    :0x3:-:<0,0,->:------------ Stage 8 ------------
:10-07 15:55:52.278840:    :0x3:-:<0,0,8>:Ingress : Table n_Ingress.frozen_decoy_object_t is not active(inhibited/skipped)
:10-07 15:55:52.278854:    :0x3:-:<0,0,8>:Ingress : Table n_Ingress.application_t is not active(inhibited/skipped)
:10-07 15:55:52.278864:    :0x3:-:<0,0,8>:Ingress : Table n_Ingress.native_end_t is not active(inhibited/skipped)
:10-07 15:55:52.278874:    :0x3:-:<0,0,8>:Ingress : Table n_Ingress.real_off_t is not active(inhibited/skipped)
:10-07 15:55:52.278886:    :0x3:-:<0,0,->:------------ Stage 9 ------------
:10-07 15:55:52.279044:    :0x3:-:<0,0,9>:Ingress : Table n_Ingress.owner_t is hit
:10-07 15:55:52.279059:        :0x3:-:<0,0,9>:Key:
:10-07 15:55:52.279075:        :0x3:-:<0,0,9>:	m.owner_op[7:0] = 0x1
:10-07 15:55:52.279085:        :0x3:-:<0,0,9>:	m.stage[7:0] = 0x2
:10-07 15:55:52.279095:        :0x3:-:<0,0,9>:Executed StatefulALU 3 with instruction 1
:10-07 15:55:52.279108:        :0x3:-:<0,0,9>:Execute Action: n_Ingress.owner_cas
:10-07 15:55:52.279129:        :0x3:-:<0,0,9>:Action Results:
:10-07 15:55:52.279139:        :0x3:-:<0,0,9>:	----- ExecuteStatefulAluPrimitive -----
:10-07 15:55:52.279149:        :0x3:-:<0,0,9>:	----- BlackBox: compare_owner_0 -----
:10-07 15:55:52.279159:        :0x3:-:<0,0,9>:	----- register: n_Ingress.owner -----
:10-07 15:55:52.279189:        :0x3:-:<0,0,9>:	--- SALU Condition ---
:10-07 15:55:52.279200:        :0x3:-:<0,0,9>:	  Not supplied by program.
:10-07 15:55:52.279210:        :0x3:-:<0,0,9>:	    SALU ConditionLo: TRUE
:10-07 15:55:52.279220:        :0x3:-:<0,0,9>:	    SALU ConditionHi: FALSE
:10-07 15:55:52.279230:        :0x3:-:<0,0,9>:	--- SALU Update ---
:10-07 15:55:52.279240:        :0x3:-:<0,0,9>:	  --- SALU Update Hi 1 ---
:10-07 15:55:52.279250:        :0x3:-:<0,0,9>:	    Update Hi 1 predicate not supplied by program
:10-07 15:55:52.279260:        :0x3:-:<0,0,9>:	    Update Hi 1 PredicateResult: TRUE
:10-07 15:55:52.279270:        :0x3:-:<0,0,9>:	    Update Hi 1 expression result:       0x0
:10-07 15:55:52.279280:        :0x3:-:<0,0,9>:	    Update Hi 1 expression result computed using fields:
:10-07 15:55:52.279290:        :0x3:-:<0,0,9>:	        Constant Input Value
:10-07 15:55:52.279300:        :0x3:-:<0,0,9>:	        m.expected: 0x00010001
:10-07 15:55:52.279310:        :0x3:-:<0,0,9>:	--- SALU Output ---
:10-07 15:55:52.279321:        :0x3:-:<0,0,9>:	    Output predicate not supplied by program
:10-07 15:55:52.279331:        :0x3:-:<0,0,9>:	    Output PredicateResult: TRUE
:10-07 15:55:52.279341:        :0x3:-:<0,0,9>:	    Output Destination Field: m.owner_diff = 0x0
:10-07 15:55:52.279351:        :0x3:-:<0,0,9>:	---  SALU Register ---
:10-07 15:55:52.279361:        :0x3:-:<0,0,9>:	   Register Index: 0x40000
:10-07 15:55:52.279371:        :0x3:-:<0,0,9>:	     Before stateful alu execution: 0x00010001
:10-07 15:55:52.279381:        :0x3:-:<0,0,9>:	     After stateful alu execution: 0x00020001
:10-07 15:55:52.279392:        :0x3:-:<0,0,9>:Next Table = n_Ingress.sequence_diff
:10-07 15:55:52.279405:    :0x3:-:<0,0,9>:Ingress : Table n_Ingress.sequence_diff is hit
:10-07 15:55:52.279415:        :0x3:-:<0,0,9>:Key:
:10-07 15:55:52.279430:        :0x3:-:<0,0,9>:	hdr.tcp.flags[7:0] = 0x2
:10-07 15:55:52.279440:        :0x3:-:<0,0,9>:	m.direction[7:0] = 0x1
:10-07 15:55:52.279451:        :0x3:-:<0,0,9>:	m.packet_kind[7:0] = 0x1
:10-07 15:55:52.279463:        :0x3:-:<0,0,9>:Execute Action: n_Ingress.diff_syn
:10-07 15:55:52.279494:        :0x3:-:<0,0,9>:Action Results:
:10-07 15:55:52.279504:        :0x3:-:<0,0,9>:	----- ModifyFieldPrimitive -----
:10-07 15:55:52.279514:        :0x3:-:<0,0,9>:	Operation:
:10-07 15:55:52.279525:        :0x3:-:<0,0,9>:	set
:10-07 15:55:52.279535:        :0x3:-:<0,0,9>:	Destination:
:10-07 15:55:52.279545:        :0x3:-:<0,0,9>:	m.client_diff[31:0] = 0x0
:10-07 15:55:52.279555:        :0x3:-:<0,0,9>:	mask=0xFFFFFFFF
:10-07 15:55:52.279565:        :0x3:-:<0,0,9>:	Source 1:
:10-07 15:55:52.279582:        :0x3:-:<0,0,9>:	hdr.tcp.ack[31:0] = 0x0
:10-07 15:55:52.279592:        :0x3:-:<0,0,9>:	----- ModifyFieldPrimitive -----
:10-07 15:55:52.279607:        :0x3:-:<0,0,9>:	Operation:
:10-07 15:55:52.279617:        :0x3:-:<0,0,9>:	set
:10-07 15:55:52.279627:        :0x3:-:<0,0,9>:	Destination:
:10-07 15:55:52.279637:        :0x3:-:<0,0,9>:	m.server_diff[31:0] = 0x0
:10-07 15:55:52.279647:        :0x3:-:<0,0,9>:	mask=0xFFFFFFFF
:10-07 15:55:52.279657:        :0x3:-:<0,0,9>:	Source 1:
:10-07 15:55:52.279667:        :0x3:-:<0,0,9>:	Val=0x20
:10-07 15:55:52.279677:        :0x3:-:<0,0,9>:Next Table = n_Ingress.sequence_guard
:10-07 15:55:52.279690:    :0x3:-:<0,0,->:------------ Stage 10 ------------
:10-07 15:55:52.279871:    :0x3:-:<0,0,10>:Ingress : Table n_Ingress.sequence_guard is hit
:10-07 15:55:52.279886:        :0x3:-:<0,0,10>:Key:
:10-07 15:55:52.279901:        :0x3:-:<0,0,10>:	m.client_diff[31:0] = 0x0
:10-07 15:55:52.279912:        :0x3:-:<0,0,10>:	m.server_diff[31:0] = 0x0
:10-07 15:55:52.279924:        :0x3:-:<0,0,10>:Execute Action: n_Ingress.seq_ok
:10-07 15:55:52.279952:        :0x3:-:<0,0,10>:Action Results:
:10-07 15:55:52.279962:        :0x3:-:<0,0,10>:	----- ModifyFieldPrimitive -----
:10-07 15:55:52.279973:        :0x3:-:<0,0,10>:	Operation:
:10-07 15:55:52.279983:        :0x3:-:<0,0,10>:	set
:10-07 15:55:52.279993:        :0x3:-:<0,0,10>:	Destination:
:10-07 15:55:52.280003:        :0x3:-:<0,0,10>:	m.sequence_valid[7:0] = 0x1
:10-07 15:55:52.280013:        :0x3:-:<0,0,10>:	mask=0xFF
:10-07 15:55:52.280023:        :0x3:-:<0,0,10>:	Source 1:
:10-07 15:55:52.280033:        :0x3:-:<0,0,10>:	Val=0x8
:10-07 15:55:52.280044:        :0x3:-:<0,0,10>:Next Table = n_Ingress.ready_result_t
:10-07 15:55:52.280057:    :0x3:-:<0,0,10>:Ingress : Gateway table condition ((m.kind == 20)) not matched.
:10-07 15:55:52.280067:    :0x3:-:<0,0,10>:Ingress : Table n_Ingress.ready_result_t is inhibited by a gateway condition
:10-07 15:55:52.280078:    :0x3:-:<0,0,10>:Ingress : Gateway did provide payload.
:10-07 15:55:52.280090:        :0x3:-:<0,0,10>:Execute Action: ERROR:Invalid-Action
:10-07 15:55:52.280110:        :0x3:-:<0,0,10>:Action Results:
:10-07 15:55:52.280120:        :0x3:-:<0,0,10>:Next Table = cond-70
:10-07 15:55:52.280132:    :0x3:-:<0,0,10>:Ingress : Gateway table condition ((m.stage == 0)) not matched.
:10-07 15:55:52.280143:    :0x3:-:<0,0,10>:Ingress : Gateway attached to cond-70
:10-07 15:55:52.280153:    :0x3:-:<0,0,10>:Ingress : Associated table cond-70 is executed
:10-07 15:55:52.280163:    :0x3:-:<0,0,10>:Ingress : Gateway did provide payload.
:10-07 15:55:52.280174:        :0x3:-:<0,0,10>:Next Table = n_Ingress.reset_boundary
:10-07 15:55:52.280185:    :0x3:-:<0,0,10>:Ingress : Table n_Ingress.object_match is not active(inhibited/skipped)
:10-07 15:55:52.280197:    :0x3:-:<0,0,10>:Ingress : Gateway table condition ((m.kind == 4)) not matched.
:10-07 15:55:52.280207:    :0x3:-:<0,0,10>:Ingress : Table n_Ingress.reset_boundary is inhibited by a gateway condition
:10-07 15:55:52.280217:    :0x3:-:<0,0,10>:Ingress : Gateway did provide payload.
:10-07 15:55:52.280228:        :0x3:-:<0,0,10>:Next Table = cond-75
:10-07 15:55:52.280241:    :0x3:-:<0,0,10>:Ingress : Gateway table condition ((m.work_phase == 1 || m.work_phase == 2)) matched.
:10-07 15:55:52.280252:    :0x3:-:<0,0,10>:Ingress : Gateway attached to cond-75
:10-07 15:55:52.280262:    :0x3:-:<0,0,10>:Ingress : Associated table cond-75 is executed
:10-07 15:55:52.280272:    :0x3:-:<0,0,10>:Ingress : Gateway did provide payload.
:10-07 15:55:52.280282:        :0x3:-:<0,0,10>:Next Table = cond-76
:10-07 15:55:52.280294:    :0x3:-:<0,0,10>:Ingress : Gateway table condition ((m.epoch_diff != 0)) matched.
:10-07 15:55:52.280305:    :0x3:-:<0,0,10>:Ingress : Gateway attached to cond-76
:10-07 15:55:52.280315:    :0x3:-:<0,0,10>:Ingress : Associated table cond-76 is executed
:10-07 15:55:52.280325:    :0x3:-:<0,0,10>:Ingress : Gateway did provide payload.
:10-07 15:55:52.280335:        :0x3:-:<0,0,10>:Next Table = cond-77
:10-07 15:55:52.280354:    :0x3:-:<0,0,10>:Ingress : Gateway table condition ((m.kind == 8 || m.kind == 10 || m.kind == 12)) not matched.
:10-07 15:55:52.280369:    :0x3:-:<0,0,10>:Ingress : Gateway attached to cond-77
:10-07 15:55:52.280380:    :0x3:-:<0,0,10>:Ingress : Associated table cond-77 is executed
:10-07 15:55:52.280390:    :0x3:-:<0,0,10>:Ingress : Gateway did provide payload.
:10-07 15:55:52.280400:        :0x3:-:<0,0,10>:Next Table = n_Ingress.carry_t
:10-07 15:55:52.280411:    :0x3:-:<0,0,10>:Ingress : Gateway table condition ((m.owner_op == 1 && m.owner_diff == 0)) matched.
:10-07 15:55:52.280422:    :0x3:-:<0,0,10>:Ingress : Gateway attached to n_Ingress.carry_t
:10-07 15:55:52.280432:    :0x3:-:<0,0,10>:Ingress : Table n_Ingress.carry_t is inhibited by a gateway condition
:10-07 15:55:52.280444:        :0x3:-:<0,0,10>:Execute Default Action: n_Ingress.carry_current
:10-07 15:55:52.280469:        :0x3:-:<0,0,10>:Action Results:
:10-07 15:55:52.280480:        :0x3:-:<0,0,10>:	----- ModifyFieldPrimitive -----
:10-07 15:55:52.280490:        :0x3:-:<0,0,10>:	Operation:
:10-07 15:55:52.280500:        :0x3:-:<0,0,10>:	set
:10-07 15:55:52.280510:        :0x3:-:<0,0,10>:	Destination:
:10-07 15:55:52.280520:        :0x3:-:<0,0,10>:	hdr.expected_cell.expected_cell[31:0] = 0x20001
:10-07 15:55:52.280530:        :0x3:-:<0,0,10>:	mask=0xFFFFFFFF
:10-07 15:55:52.280540:        :0x3:-:<0,0,10>:	Source 1:
:10-07 15:55:52.280550:        :0x3:-:<0,0,10>:	m.desired[31:0] = 0x20001
:10-07 15:55:52.280561:        :0x3:-:<0,0,10>:Next Table = n_Ingress.next_stage_t
:10-07 15:55:52.280572:    :0x3:-:<0,0,10>:Ingress : Table n_Ingress.abort_t is not active(inhibited/skipped)
:10-07 15:55:52.280582:    :0x3:-:<0,0,10>:Ingress : Table n_Ingress.snapshot_t is not active(inhibited/skipped)
:10-07 15:55:52.280593:    :0x3:-:<0,0,10>:Ingress : Table n_Ingress.busy_t is not active(inhibited/skipped)
:10-07 15:55:52.280603:    :0x3:-:<0,0,10>:Ingress : Table n_Ingress.read_terminal_t is not active(inhibited/skipped)
:10-07 15:55:52.280615:    :0x3:-:<0,0,->:------------ Stage 11 ------------
:10-07 15:55:52.280729:    :0x3:-:<0,0,11>:Ingress : Table n_Ingress.next_stage_t is miss
:10-07 15:55:52.280742:        :0x3:-:<0,0,11>:Key:
:10-07 15:55:52.280754:        :0x3:-:<0,0,11>:Execute Default Action: n_Ingress.next_stage
:10-07 15:55:52.280790:        :0x3:-:<0,0,11>:Action Results:
:10-07 15:55:52.280801:        :0x3:-:<0,0,11>:	----- DirectAluPrimitive -----
:10-07 15:55:52.280811:        :0x3:-:<0,0,11>:	Operation:
:10-07 15:55:52.280821:        :0x3:-:<0,0,11>:	add
:10-07 15:55:52.280831:        :0x3:-:<0,0,11>:	Destination:
:10-07 15:55:52.280841:        :0x3:-:<0,0,11>:	hdr.event.event[15:0] = 0x301
:10-07 15:55:52.280851:        :0x3:-:<0,0,11>:	mask=0xFFFF
:10-07 15:55:52.280861:        :0x3:-:<0,0,11>:	Source 1:
:10-07 15:55:52.280871:        :0x3:-:<0,0,11>:	hdr.event.event[15:0] = 0x201
:10-07 15:55:52.280881:        :0x3:-:<0,0,11>:	Source 2:
:10-07 15:55:52.280891:        :0x3:-:<0,0,11>:	Val=0x10
:10-07 15:55:52.280901:        :0x3:-:<0,0,11>:	----- ModifyFieldPrimitive -----
:10-07 15:55:52.280912:        :0x3:-:<0,0,11>:	Operation:
:10-07 15:55:52.280922:        :0x3:-:<0,0,11>:	set
:10-07 15:55:52.280932:        :0x3:-:<0,0,11>:	Destination:
:10-07 15:55:52.280942:        :0x3:-:<0,0,11>:	ig_intr_md_for_tm.ucast_egress_port[8:0] = 0x44
:10-07 15:55:52.280952:        :0x3:-:<0,0,11>:	mask=0x1FF
:10-07 15:55:52.280962:        :0x3:-:<0,0,11>:	Source 1:
:10-07 15:55:52.280972:        :0x3:-:<0,0,11>:	Val=0x9
:10-07 15:55:52.280982:        :0x3:-:<0,0,11>:	----- ModifyFieldPrimitive -----
:10-07 15:55:52.280992:        :0x3:-:<0,0,11>:	Operation:
:10-07 15:55:52.281002:        :0x3:-:<0,0,11>:	set
:10-07 15:55:52.281012:        :0x3:-:<0,0,11>:	Destination:
:10-07 15:55:52.281022:        :0x3:-:<0,0,11>:	ig_intr_md_for_tm.bypass_egress[0:0] = 0x1
:10-07 15:55:52.281032:        :0x3:-:<0,0,11>:	mask=0x1
:10-07 15:55:52.281042:        :0x3:-:<0,0,11>:	Source 1:
:10-07 15:55:52.281052:        :0x3:-:<0,0,11>:	Val=0x1
:10-07 15:55:52.281069:        :0x3:-:<0,0,11>:Next Table = --END_OF_PIPELINE--
:10-07 15:55:52.281089:    :0x3:-:<0,0,->:------------ Stage 0 EOP processing ------------
:10-07 15:55:52.281159:    :0x3:-:<0,0,->:------------ Stage 1 EOP processing ------------
:10-07 15:55:52.281262:    :0x3:-:<0,0,->:------------ Stage 2 EOP processing ------------
:10-07 15:55:52.281347:    :0x3:-:<0,0,->:------------ Stage 3 EOP processing ------------
:10-07 15:55:52.281392:    :0x3:-:<0,0,->:------------ Stage 4 EOP processing ------------
:10-07 15:55:52.281416:    :0x3:-:<0,0,->:------------ Stage 5 EOP processing ------------
:10-07 15:55:52.281498:    :0x3:-:<0,0,->:------------ Stage 6 EOP processing ------------
:10-07 15:55:52.281532:    :0x3:-:<0,0,->:------------ Stage 7 EOP processing ------------
:10-07 15:55:52.281579:    :0x3:-:<0,0,->:------------ Stage 8 EOP processing ------------
:10-07 15:55:52.281623:    :0x3:-:<0,0,->:------------ Stage 9 EOP processing ------------
:10-07 15:55:52.281670:    :0x3:-:<0,0,->:------------ Stage 10 EOP processing ------------
:10-07 15:55:52.281777:    :0x3:-:<0,0,->:------------ Stage 11 EOP processing ------------
:10-07 15:55:52.281812:        :0x3:-:<0,0,->:Ingress Deparser Headers:
:10-07 15:55:52.281829:        :0x3:-:<0,0,->:Header hdr.envelope.$valid is valid
:10-07 15:55:52.281840:        :0x3:-:<0,0,->:Header hdr.eth.$valid is valid
:10-07 15:55:52.281850:        :0x3:-:<0,0,->:Header hdr.event.$valid is valid
:10-07 15:55:52.281860:        :0x3:-:<0,0,->:Header hdr.expected_cell.$valid is valid
:10-07 15:55:52.281870:        :0x3:-:<0,0,->:Header hdr.ip.$valid is valid
:10-07 15:55:52.281880:        :0x3:-:<0,0,->:Header hdr.mss.$valid is valid
:10-07 15:55:52.281889:        :0x3:-:<0,0,->:Header hdr.tcp.$valid is valid
:10-07 15:55:52.281899:        :0x3:-:<0,0,->:Header hdr.work_generation.$valid is valid
:10-07 15:55:52.282220:    :0x3:-:<0,0,->:---- Mirroring session 0 : ingress  ----
:10-07 15:55:52.282233:        :0x3:-:<0,0,->:Mirroring session 0 is not enabled
:10-07 15:55:52.282274:    :-:-:<0,0,0>:========== Egress Pkt from TM to port 68 (tm 80, real 80 bytes) ==========
:10-07 15:55:52.282285:    :-:-:<0,0,0>:Packet :
:10-07 15:55:52.282298:        :-:-:<0,0,0>:00 00 00 01 00 00 00 01 00 02 00 01 03 01 00 00 
:10-07 15:55:52.282309:        :-:-:<0,0,0>:00 11 22 33 44 55 aa bb cc dd ee ff 08 00 45 00 
:10-07 15:55:52.282320:        :-:-:<0,0,0>:00 2c 00 01 40 00 40 06 26 c9 0a 00 00 01 0a 00 
:10-07 15:55:52.282332:        :-:-:<0,0,0>:00 02 75 31 4e 20 00 00 00 63 00 00 00 00 60 02 
:10-07 15:55:52.282343:        :-:-:<0,0,0>:10 00 b0 47 00 00 02 04 05 dc 00 00 00 00 00 00 
:10-07 15:55:52.282354:    :-:-:<0,0,0>:========== Tx Pkt to port 68 (Bypass Egress) (80 bytes) ==========
:10-07 15:55:52.282364:    :-:-:<0,0,0>:Packet :
:10-07 15:55:52.282375:        :-:-:<0,0,0>:00 00 00 01 00 00 00 01 00 02 00 01 03 01 00 00 
:10-07 15:55:52.282386:        :-:-:<0,0,0>:00 11 22 33 44 55 aa bb cc dd ee ff 08 00 45 00 
:10-07 15:55:52.282398:        :-:-:<0,0,0>:00 2c 00 01 40 00 40 06 26 c9 0a 00 00 01 0a 00 
:10-07 15:55:52.282409:        :-:-:<0,0,0>:00 02 75 31 4e 20 00 00 00 63 00 00 00 00 60 02 
:10-07 15:55:52.282420:        :-:-:<0,0,0>:10 00 b0 47 00 00 02 04 05 dc 00 00 00 00 00 00 
:10-07 15:55:52.282432:    :-:-:<0,0,0>:========== Tx Pkt to port 68 recirculated ==========
:10-07 15:55:52.282465:    :-:-:<0,-,0>:Waiting for packets to process
:10-07 15:55:52.283409:    :-:-:<0,-,0>:Begin packet processing
:10-07 15:55:52.283445:    :0x4:-:<0,0,0>:========== Ingress Pkt from port 68 (80 bytes)  ==========
:10-07 15:55:52.283457:    :0x4:-:<0,0,0>:Packet :
:10-07 15:55:52.283468:        :0x4:-:<0,0,0>:00 00 00 01 00 00 00 01 00 02 00 01 03 01 00 00 
:10-07 15:55:52.283480:        :0x4:-:<0,0,0>:00 11 22 33 44 55 aa bb cc dd ee ff 08 00 45 00 
:10-07 15:55:52.283491:        :0x4:-:<0,0,0>:00 2c 00 01 40 00 40 06 26 c9 0a 00 00 01 0a 00 
:10-07 15:55:52.283502:        :0x4:-:<0,0,0>:00 02 75 31 4e 20 00 00 00 63 00 00 00 00 60 02 
:10-07 15:55:52.283514:        :0x4:-:<0,0,0>:10 00 b0 47 00 00 02 04 05 dc 00 00 00 00 00 00 
:10-07 15:55:52.283533:    :0x4:-:<0,0,->:========== Packet to input parser: from port 68 (96 bytes)  ==========
:10-07 15:55:52.283547:    :0x4:-:<0,0,->:Packet :
:10-07 15:55:52.283559:        :0x4:-:<0,0,->:00 44 00 02 b1 1a ac d0 00 00 00 00 00 00 00 00 
:10-07 15:55:52.283570:        :0x4:-:<0,0,->:00 00 00 01 00 00 00 01 00 02 00 01 03 01 00 00 
:10-07 15:55:52.283582:        :0x4:-:<0,0,->:00 11 22 33 44 55 aa bb cc dd ee ff 08 00 45 00 
:10-07 15:55:52.283593:        :0x4:-:<0,0,->:00 2c 00 01 40 00 40 06 26 c9 0a 00 00 01 0a 00 
:10-07 15:55:52.283605:        :0x4:-:<0,0,->:00 02 75 31 4e 20 00 00 00 63 00 00 00 00 60 02 
:10-07 15:55:52.283616:        :0x4:-:<0,0,->:10 00 b0 47 00 00 02 04 05 dc 00 00 00 00 00 00 
:10-07 15:55:52.283644:    :0x4:-:<0,0,->:Ingress Parser state '$init_match'
:10-07 15:55:52.283667:    :0x4:-:<0,0,->:Ingress Parser state '$entry_point.start'
:10-07 15:55:52.283688:        :0x4:-:<0,0,->:Ingress Parser state '$entry_point.start': extracted     0x0044, updating PHV word 139 to value     0x0044 I [ig_intr_md.ingress_port[8:0]]
:10-07 15:55:52.283705:        :0x4:-:<0,0,->:Ingress Parser state '$entry_point.start': extracted     0x0002, updating PHV word 342 to value     0x0002 I [ig_intr_md_from_prsr.global_tstamp[47:32]]
:10-07 15:55:52.283723:        :0x4:-:<0,0,->:Ingress Parser state '$entry_point.start': extracted 0xb11aacd0, updating PHV word   0 to value 0xb11aacd0 I [ig_intr_md_from_prsr.global_tstamp[31:0]]
:10-07 15:55:52.283738:    :0x4:-:<0,0,->:Ingress Parser state 'envelope'
:10-07 15:55:52.283758:        :0x4:-:<0,0,->:Ingress Parser state 'envelope': extracted 0x00000001, updating PHV word  57 to value 0x00000001 I [POV]
:10-07 15:55:52.283775:        :0x4:-:<0,0,->:Ingress Parser state 'envelope': extracted 0x00000001, updating PHV word   6 to value 0x00000001 I [hdr.envelope.epoch[31:0]]
:10-07 15:55:52.283791:    :0x4:-:<0,0,->:Ingress Parser state 'envelope_generation'
:10-07 15:55:52.283810:        :0x4:-:<0,0,->:Ingress Parser state 'envelope_generation': extracted 0x00000002, updating PHV word  57 to value 0x00000003 I [POV]
:10-07 15:55:52.283827:        :0x4:-:<0,0,->:Ingress Parser state 'envelope_generation': extracted 0x00000001, updating PHV word   5 to value 0x00000001 I [hdr.work_generation.generation[31:0]]
:10-07 15:55:52.283843:    :0x4:-:<0,0,->:Ingress Parser state 'envelope_expected'
:10-07 15:55:52.283863:        :0x4:-:<0,0,->:Ingress Parser state 'envelope_expected': extracted       0x01, updating PHV word 108 to value       0x01 I [m.kind[7:0]]
:10-07 15:55:52.283879:        :0x4:-:<0,0,->:Ingress Parser state 'envelope_expected': extracted       0x00, updating PHV word 108 to value       0x01 I [m.kind[7:0]]
:10-07 15:55:52.283895:        :0x4:-:<0,0,->:Ingress Parser state 'envelope_expected': extracted       0x00, updating PHV word 108 to value       0x01 I [m.kind[7:0]]
:10-07 15:55:52.283911:        :0x4:-:<0,0,->:Ingress Parser state 'envelope_expected': extracted       0x00, updating PHV word 108 to value       0x01 I [m.kind[7:0]]
:10-07 15:55:52.283929:        :0x4:-:<0,0,->:Ingress Parser state 'envelope_expected': extracted     0x0301, updating PHV word 128 to value     0x0301 I [hdr.event.event[15:0]]
:10-07 15:55:52.283945:        :0x4:-:<0,0,->:Ingress Parser state 'envelope_expected': extracted     0x0000, updating PHV word 178 to value     0x0000 I [hdr.event.reserved[15:0]]
:10-07 15:55:52.283962:        :0x4:-:<0,0,->:Ingress Parser state 'envelope_expected': extracted 0x0000000c, updating PHV word  57 to value 0x0000000f I [POV]
:10-07 15:55:52.283979:        :0x4:-:<0,0,->:Ingress Parser state 'envelope_expected': extracted 0x00020001, updating PHV word  10 to value 0x00020001 I [hdr.expected_cell.expected_cell[31:0]]
:10-07 15:55:52.283995:        :0x4:-:<0,0,->:Ingress Parser state 'envelope_expected': extracted 0x02000103, updating PHV word  46 to value 0x02000103 I [m.stage[7:0]]
:10-07 15:55:52.284011:    :0x4:-:<0,0,->:Ingress Parser state 'envelope_event'
:10-07 15:55:52.284037:    :0x4:-:<0,0,->:Ingress Parser state 'eth'
:10-07 15:55:52.284060:        :0x4:-:<0,0,->:Ingress Parser state 'eth': extracted     0x0011, updating PHV word 340 to value     0x0011 I [hdr.eth.dst[47:32]]
:10-07 15:55:52.284085:        :0x4:-:<0,0,->:Ingress Parser state 'eth': extracted     0xaabb, updating PHV word 339 to value     0xaabb I [hdr.eth.src[47:32]]
:10-07 15:55:52.284103:        :0x4:-:<0,0,->:Ingress Parser state 'eth': extracted     0x0800, updating PHV word 338 to value     0x0800 I [hdr.eth.type[15:0]]
:10-07 15:55:52.284120:        :0x4:-:<0,0,->:Ingress Parser state 'eth': extracted     0x0000, updating PHV word 338 to value     0x0800 I [hdr.eth.type[15:0]]
:10-07 15:55:52.284139:        :0x4:-:<0,0,->:Ingress Parser state 'eth': extracted 0x00000010, updating PHV word  57 to value 0x0000001f I [POV]
:10-07 15:55:52.284157:        :0x4:-:<0,0,->:Ingress Parser state 'eth': extracted 0x22334455, updating PHV word 270 to value 0x22334455 I [hdr.eth.dst[31:0]]
:10-07 15:55:52.284174:        :0x4:-:<0,0,->:Ingress Parser state 'eth': extracted 0xccddeeff, updating PHV word 269 to value 0xccddeeff I [hdr.eth.src[31:0]]
:10-07 15:55:52.284191:    :0x4:-:<0,0,->:Ingress Parser state 'ip'
:10-07 15:55:52.284216:        :0x4:-:<0,0,->:Ingress Parser state 'ip': extracted       0x40, updating PHV word  79 to value       0x40 I [hdr.ip.ttl[7:0]]
:10-07 15:55:52.284235:        :0x4:-:<0,0,->:Ingress Parser state 'ip': extracted       0x06, updating PHV word 289 to value       0x06 I [hdr.ip.proto[7:0]]
:10-07 15:55:52.284252:        :0x4:-:<0,0,->:Ingress Parser state 'ip': extracted       0x00, updating PHV word  79 to value       0x40 I [hdr.ip.ttl[7:0]]
:10-07 15:55:52.284270:        :0x4:-:<0,0,->:Ingress Parser state 'ip': extracted       0x00, updating PHV word  79 to value       0x40 I [hdr.ip.ttl[7:0]]
:10-07 15:55:52.284288:        :0x4:-:<0,0,->:Ingress Parser state 'ip': extracted     0x26c9, updating PHV word 321 to value     0x26c9 I [hdr.ip.checksum[15:0]]
:10-07 15:55:52.284308:        :0x4:-:<0,0,->:Ingress Parser state 'ip': extracted 0x4500002c, updating PHV word 256 to value 0x4500002c I [hdr.ip.ihl[3:0], hdr.ip.len[15:0], hdr.ip.tos[7:0], hdr.ip.version[3:0]]
:10-07 15:55:52.284326:        :0x4:-:<0,0,->:Ingress Parser state 'ip': extracted 0x00014000, updating PHV word 257 to value 0x00014000 I [hdr.ip.flags[2:0], hdr.ip.frag[12:0], hdr.ip.id[15:0]]
:10-07 15:55:52.284343:        :0x4:-:<0,0,->:Ingress Parser state 'ip': extracted 0x0a000001, updating PHV word  35 to value 0x0a000001 I [hdr.ip.src[31:0]]
:10-07 15:55:52.284361:        :0x4:-:<0,0,->:Ingress Parser state 'ip': extracted 0x0a000002, updating PHV word  34 to value 0x0a000002 I [hdr.ip.dst[31:0]]
:10-07 15:55:52.284378:    :0x4:-:<0,0,->:Ingress Parser state 'ip.$split_0'
:10-07 15:55:52.284400:        :0x4:-:<0,0,->:Ingress Parser state 'ip.$split_0': extracted 0x00000020, updating PHV word  57 to value 0x0000003f I [POV]
:10-07 15:55:52.284417:    :0x4:-:<0,0,->:Ingress Parser state 'ip_flags'
:10-07 15:55:52.284438:    :0x4:-:<0,0,->:Ingress Parser state 'tcp'
:10-07 15:55:52.284461:        :0x4:-:<0,0,->:Ingress Parser state 'tcp': extracted     0x6002, updating PHV word 176 to value     0x6002 I [hdr.tcp.flags[7:0], hdr.tcp.offset[3:0], hdr.tcp.reserved[3:0]]
:10-07 15:55:52.284480:        :0x4:-:<0,0,->:Ingress Parser state 'tcp': extracted     0x1000, updating PHV word 320 to value     0x1000 I [hdr.tcp.window[15:0]]
:10-07 15:55:52.284498:        :0x4:-:<0,0,->:Ingress Parser state 'tcp': extracted     0xb047, updating PHV word 322 to value     0xb047 I [hdr.tcp.checksum[15:0]]
:10-07 15:55:52.284516:        :0x4:-:<0,0,->:Ingress Parser state 'tcp': extracted     0x0000, updating PHV word 177 to value     0x0000 I [hdr.tcp.urgent[15:0]]
:10-07 15:55:52.284535:        :0x4:-:<0,0,->:Ingress Parser state 'tcp': extracted 0x00000040, updating PHV word  57 to value 0x0000007f I [POV]
:10-07 15:55:52.284553:        :0x4:-:<0,0,->:Ingress Parser state 'tcp': extracted 0x75314e20, updating PHV word  56 to value 0x75314e20 I [hdr.tcp.dport[15:0], hdr.tcp.sport[15:0]]
:10-07 15:55:52.284577:        :0x4:-:<0,0,->:Ingress Parser state 'tcp': extracted 0x00000063, updating PHV word  32 to value 0x00000063 I [hdr.tcp.seq[31:0]]
:10-07 15:55:52.284600:        :0x4:-:<0,0,->:Ingress Parser state 'tcp': extracted 0x00000000, updating PHV word  33 to value 0x00000000 I [hdr.tcp.ack[31:0]]
:10-07 15:55:52.284618:    :0x4:-:<0,0,->:Ingress Parser state 'mss_syn'
:10-07 15:55:52.284640:        :0x4:-:<0,0,->:Ingress Parser state 'mss_syn': extracted       0x01, updating PHV word 113 to value       0x01 I [m.packet_kind[7:0]]
:10-07 15:55:52.284660:        :0x4:-:<0,0,->:Ingress Parser state 'mss_syn': extracted 0x00000080, updating PHV word  57 to value 0x000000ff I [POV]
:10-07 15:55:52.284679:        :0x4:-:<0,0,->:Ingress Parser state 'mss_syn': extracted 0x020405dc, updating PHV word 258 to value 0x020405dc I [hdr.image.w12[7:0], hdr.image.w13[23:0], hdr.mss.kind[7:0], hdr.mss.len[7:0], hdr.mss.value[15:0]]
:10-07 15:55:52.284697:    :0x4:-:<0,0,->:Ingress Parser state 'mss_check'
:10-07 15:55:52.284719:        :0x4:-:<0,0,->:Ingress Parser state 'mss_check': extracted       0x01, updating PHV word  74 to value       0x01 I [m.parsed[7:0]]
:10-07 15:55:52.284738:        :0x4:-:<0,0,->:Ingress Parser state 'mss_check': extracted       0x01, updating PHV word 112 to value       0x01 I [m.shape_valid[7:0]]
:10-07 15:55:52.284756:        :0x4:-:<0,0,->:Ingress Headers:
:10-07 15:55:52.284773:        :0x4:-:<0,0,->:Header hdr.envelope.$valid is valid
:10-07 15:55:52.284783:        :0x4:-:<0,0,->:Header hdr.eth.$valid is valid
:10-07 15:55:52.284793:        :0x4:-:<0,0,->:Header hdr.event.$valid is valid
:10-07 15:55:52.284803:        :0x4:-:<0,0,->:Header hdr.expected_cell.$valid is valid
:10-07 15:55:52.284813:        :0x4:-:<0,0,->:Header hdr.ip.$valid is valid
:10-07 15:55:52.284823:        :0x4:-:<0,0,->:Header hdr.mss.$valid is valid
:10-07 15:55:52.284833:        :0x4:-:<0,0,->:Header hdr.tcp.$valid is valid
:10-07 15:55:52.284843:        :0x4:-:<0,0,->:Header hdr.work_generation.$valid is valid
:10-07 15:55:52.284867:    :0x4:-:<0,0,->:------------ Stage 0 ------------
:10-07 15:55:52.285067:    :0x4:-:<0,0,0>:Ingress : Table n_Ingress.ports is hit
:10-07 15:55:52.285082:        :0x4:-:<0,0,0>:Key:
:10-07 15:55:52.285096:        :0x4:-:<0,0,0>:	ig_intr_md.ingress_port[8:0] = 0x44
:10-07 15:55:52.285109:        :0x4:-:<0,0,0>:Execute Action: n_Ingress.route
:10-07 15:55:52.285148:        :0x4:-:<0,0,0>:Action Results:
:10-07 15:55:52.285159:        :0x4:-:<0,0,0>:	----- ModifyFieldPrimitive -----
:10-07 15:55:52.285169:        :0x4:-:<0,0,0>:	Operation:
:10-07 15:55:52.285179:        :0x4:-:<0,0,0>:	set
:10-07 15:55:52.285189:        :0x4:-:<0,0,0>:	Destination:
:10-07 15:55:52.285199:        :0x4:-:<0,0,0>:	m.port_valid[7:0] = 0x1
:10-07 15:55:52.285210:        :0x4:-:<0,0,0>:	mask=0xFF
:10-07 15:55:52.285220:        :0x4:-:<0,0,0>:	Source 1:
:10-07 15:55:52.285229:        :0x4:-:<0,0,0>:	Val=0x8
:10-07 15:55:52.285239:        :0x4:-:<0,0,0>:	----- ModifyFieldPrimitive -----
:10-07 15:55:52.285250:        :0x4:-:<0,0,0>:	Operation:
:10-07 15:55:52.285259:        :0x4:-:<0,0,0>:	set
:10-07 15:55:52.285270:        :0x4:-:<0,0,0>:	Destination:
:10-07 15:55:52.285280:        :0x4:-:<0,0,0>:	ig_intr_md_for_tm.ucast_egress_port[8:0] = 0x44
:10-07 15:55:52.285290:        :0x4:-:<0,0,0>:	mask=0x1FF
:10-07 15:55:52.285300:        :0x4:-:<0,0,0>:	Source 1:
:10-07 15:55:52.285310:        :0x4:-:<0,0,0>:	port=action_param
:10-07 15:55:52.285320:        :0x4:-:<0,0,0>:	----- ModifyFieldPrimitive -----
:10-07 15:55:52.285330:        :0x4:-:<0,0,0>:	Operation:
:10-07 15:55:52.285340:        :0x4:-:<0,0,0>:	set
:10-07 15:55:52.285350:        :0x4:-:<0,0,0>:	Destination:
:10-07 15:55:52.285360:        :0x4:-:<0,0,0>:	ig_intr_md_for_tm.bypass_egress[0:0] = 0x1
:10-07 15:55:52.285370:        :0x4:-:<0,0,0>:	mask=0x1
:10-07 15:55:52.285380:        :0x4:-:<0,0,0>:	Source 1:
:10-07 15:55:52.285390:        :0x4:-:<0,0,0>:	Val=0x1
:10-07 15:55:52.285401:        :0x4:-:<0,0,0>:Next Table = n_Ingress.network
:10-07 15:55:52.285420:    :0x4:-:<0,0,0>:Ingress : Table n_Ingress.network is hit
:10-07 15:55:52.285438:        :0x4:-:<0,0,0>:Key:
:10-07 15:55:52.285461:        :0x4:-:<0,0,0>:	hdr.ip.ttl[7:0] = 0x40
:10-07 15:55:52.285519:        :0x4:-:<0,0,0>:	hdr.tcp.flags[7:0] = 0x2
:10-07 15:55:52.285536:        :0x4:-:<0,0,0>:	hdr.tcp.reserved[3:0] = 0x0
:10-07 15:55:52.285546:        :0x4:-:<0,0,0>:	hdr.tcp.urgent[15:0] = 0x0
:10-07 15:55:52.285556:        :0x4:-:<0,0,0>:	m.ip_error[0:0] = 0x0
:10-07 15:55:52.285566:        :0x4:-:<0,0,0>:	m.kind[7:0] = 0x1
:10-07 15:55:52.285576:        :0x4:-:<0,0,0>:	m.parsed[7:0] = 0x1
:10-07 15:55:52.285586:        :0x4:-:<0,0,0>:	m.tcp_sum[15:0] = 0xFFEB
:10-07 15:55:52.285601:        :0x4:-:<0,0,0>:Execute Action: n_Ingress.network_accept
:10-07 15:55:52.285631:        :0x4:-:<0,0,0>:Action Results:
:10-07 15:55:52.285642:        :0x4:-:<0,0,0>:	----- ModifyFieldPrimitive -----
:10-07 15:55:52.285653:        :0x4:-:<0,0,0>:	Operation:
:10-07 15:55:52.285663:        :0x4:-:<0,0,0>:	set
:10-07 15:55:52.285673:        :0x4:-:<0,0,0>:	Destination:
:10-07 15:55:52.285683:        :0x4:-:<0,0,0>:	m.network_valid[7:0] = 0x1
:10-07 15:55:52.285693:        :0x4:-:<0,0,0>:	mask=0xFF
:10-07 15:55:52.285703:        :0x4:-:<0,0,0>:	Source 1:
:10-07 15:55:52.285713:        :0x4:-:<0,0,0>:	Val=0x8
:10-07 15:55:52.285723:        :0x4:-:<0,0,0>:Next Table = tbl_nf480
:10-07 15:55:52.285736:    :0x4:-:<0,0,0>:Ingress : Table tbl_nf480 is miss
:10-07 15:55:52.285746:        :0x4:-:<0,0,0>:Key:
:10-07 15:55:52.285758:        :0x4:-:<0,0,0>:Execute Default Action: nf480
:10-07 15:55:52.285784:        :0x4:-:<0,0,0>:Action Results:
:10-07 15:55:52.285794:        :0x4:-:<0,0,0>:	----- DirectAluPrimitive -----
:10-07 15:55:52.285804:        :0x4:-:<0,0,0>:	Operation:
:10-07 15:55:52.285814:        :0x4:-:<0,0,0>:	sub
:10-07 15:55:52.285825:        :0x4:-:<0,0,0>:	Destination:
:10-07 15:55:52.285835:        :0x4:-:<0,0,0>:	m.terminal_diff[31:0] = 0x1
:10-07 15:55:52.285845:        :0x4:-:<0,0,0>:	mask=0xFFFFFFFF
:10-07 15:55:52.285855:        :0x4:-:<0,0,0>:	Source 1:
:10-07 15:55:52.285865:        :0x4:-:<0,0,0>:	hdr.envelope.epoch[31:0] = 0x1
:10-07 15:55:52.285875:        :0x4:-:<0,0,0>:	Source 2:
:10-07 15:55:52.285885:        :0x4:-:<0,0,0>:	hdr.completion.epoch[31:0] = 0x0
:10-07 15:55:52.285895:        :0x4:-:<0,0,0>:Next Table = tbl_nf477_0
:10-07 15:55:52.285906:    :0x4:-:<0,0,0>:Ingress : Table tbl_nf477_0 is miss
:10-07 15:55:52.285916:        :0x4:-:<0,0,0>:Key:
:10-07 15:55:52.285928:        :0x4:-:<0,0,0>:Execute Default Action: nf477_0
:10-07 15:55:52.285952:        :0x4:-:<0,0,0>:Action Results:
:10-07 15:55:52.285963:        :0x4:-:<0,0,0>:	----- ModifyFieldPrimitive -----
:10-07 15:55:52.285973:        :0x4:-:<0,0,0>:	Operation:
:10-07 15:55:52.285983:        :0x4:-:<0,0,0>:	set
:10-07 15:55:52.285993:        :0x4:-:<0,0,0>:	Destination:
:10-07 15:55:52.286003:        :0x4:-:<0,0,0>:	m.expected_work_phase[7:0] = 0x3
:10-07 15:55:52.286013:        :0x4:-:<0,0,0>:	m.expected_work_phase[31:8] = 0x0
:10-07 15:55:52.286023:        :0x4:-:<0,0,0>:	mask=0xFF
:10-07 15:55:52.286033:        :0x4:-:<0,0,0>:	Source 1:
:10-07 15:55:52.286043:        :0x4:-:<0,0,0>:	m.stage[7:0] = 0x3
:10-07 15:55:52.286053:        :0x4:-:<0,0,0>:Next Table = tbl_nf477
:10-07 15:55:52.286064:    :0x4:-:<0,0,0>:Ingress : Table tbl_nf477 is miss
:10-07 15:55:52.286074:        :0x4:-:<0,0,0>:Key:
:10-07 15:55:52.286086:        :0x4:-:<0,0,0>:Execute Default Action: nf477
:10-07 15:55:52.286113:        :0x4:-:<0,0,0>:Action Results:
:10-07 15:55:52.286124:        :0x4:-:<0,0,0>:	----- ModifyFieldPrimitive -----
:10-07 15:55:52.286134:        :0x4:-:<0,0,0>:	Operation:
:10-07 15:55:52.286144:        :0x4:-:<0,0,0>:	set
:10-07 15:55:52.286154:        :0x4:-:<0,0,0>:	Destination:
:10-07 15:55:52.286164:        :0x4:-:<0,0,0>:	m.expected[31:0] = 0x20001
:10-07 15:55:52.286174:        :0x4:-:<0,0,0>:	mask=0xFFFFFFFF
:10-07 15:55:52.286184:        :0x4:-:<0,0,0>:	Source 1:
:10-07 15:55:52.286204:        :0x4:-:<0,0,0>:	hdr.expected_cell.expected_cell[31:0] = 0x20001
:10-07 15:55:52.286214:        :0x4:-:<0,0,0>:	----- ModifyFieldPrimitive -----
:10-07 15:55:52.286229:        :0x4:-:<0,0,0>:	Operation:
:10-07 15:55:52.286239:        :0x4:-:<0,0,0>:	set
:10-07 15:55:52.286249:        :0x4:-:<0,0,0>:	Destination:
:10-07 15:55:52.286259:        :0x4:-:<0,0,0>:	m.owner_diff[15:0] = 0x1
:10-07 15:55:52.286269:        :0x4:-:<0,0,0>:	m.owner_diff[31:16] = 0x0
:10-07 15:55:52.286279:        :0x4:-:<0,0,0>:	mask=0xFFFFFFFF
:10-07 15:55:52.286289:        :0x4:-:<0,0,0>:	Source 1:
:10-07 15:55:52.286299:        :0x4:-:<0,0,0>:	Val=0x20
:10-07 15:55:52.286310:        :0x4:-:<0,0,0>:Next Table = tbl_nf479
:10-07 15:55:52.286322:    :0x4:-:<0,0,0>:Ingress : Gateway table condition ((m.kind == 20)) not matched.
:10-07 15:55:52.286333:    :0x4:-:<0,0,0>:Ingress : Gateway attached to tbl_nf479
:10-07 15:55:52.286343:    :0x4:-:<0,0,0>:Ingress : Associated table tbl_nf479 is executed
:10-07 15:55:52.286354:    :0x4:-:<0,0,0>:Ingress : Gateway did provide payload.
:10-07 15:55:52.286365:        :0x4:-:<0,0,0>:Next Table = tbl_nf479_0
:10-07 15:55:52.286376:    :0x4:-:<0,0,0>:Ingress : Table tbl_nf479_0 is miss
:10-07 15:55:52.286386:        :0x4:-:<0,0,0>:Key:
:10-07 15:55:52.286398:        :0x4:-:<0,0,0>:Execute Default Action: nf479_0
:10-07 15:55:52.286424:        :0x4:-:<0,0,0>:Action Results:
:10-07 15:55:52.286435:        :0x4:-:<0,0,0>:	----- DirectAluPrimitive -----
:10-07 15:55:52.286445:        :0x4:-:<0,0,0>:	Operation:
:10-07 15:55:52.286455:        :0x4:-:<0,0,0>:	sub
:10-07 15:55:52.286465:        :0x4:-:<0,0,0>:	Destination:
:10-07 15:55:52.286475:        :0x4:-:<0,0,0>:	m.prefix_difference[31:0] = 0xFFFE0000
:10-07 15:55:52.286485:        :0x4:-:<0,0,0>:	mask=0xFFFFFFFF
:10-07 15:55:52.286495:        :0x4:-:<0,0,0>:	Source 1:
:10-07 15:55:52.286505:        :0x4:-:<0,0,0>:	hdr.envelope.epoch[31:0] = 0x1
:10-07 15:55:52.286515:        :0x4:-:<0,0,0>:	Source 2:
:10-07 15:55:52.286525:        :0x4:-:<0,0,0>:	hdr.expected_cell.expected_cell[31:0] = 0x20001
:10-07 15:55:52.286536:        :0x4:-:<0,0,0>:Next Table = n_Ingress.connection
:10-07 15:55:52.286549:    :0x4:-:<0,0,->:------------ Stage 1 ------------
:10-07 15:55:52.286737:    :0x4:-:<0,0,1>:Ingress : Gateway table condition ((m.port_valid == 1 && m.network_valid == 1)) matched.
:10-07 15:55:52.286753:    :0x4:-:<0,0,1>:Ingress : Associated table n_Ingress.connection is executed
:10-07 15:55:52.286763:    :0x4:-:<0,0,1>:Ingress : Table n_Ingress.connection is hit
:10-07 15:55:52.286773:        :0x4:-:<0,0,1>:Key:
:10-07 15:55:52.286784:        :0x4:-:<0,0,1>:	hdr.ip.dst[31:0] = 0xA000002
:10-07 15:55:52.286790:        :0x4:-:<0,0,1>:	hdr.ip.src[31:0] = 0xA000001
:10-07 15:55:52.286796:        :0x4:-:<0,0,1>:	hdr.tcp.dport[15:0] = 0x4E20
:10-07 15:55:52.286801:        :0x4:-:<0,0,1>:	hdr.tcp.sport[15:0] = 0x7531
:10-07 15:55:52.286808:        :0x4:-:<0,0,1>:Execute Action: n_Ingress.forward_flow
:10-07 15:55:52.286831:        :0x4:-:<0,0,1>:Action Results:
:10-07 15:55:52.286837:        :0x4:-:<0,0,1>:	----- ModifyFieldPrimitive -----
:10-07 15:55:52.286843:        :0x4:-:<0,0,1>:	Operation:
:10-07 15:55:52.286849:        :0x4:-:<0,0,1>:	set
:10-07 15:55:52.286854:        :0x4:-:<0,0,1>:	Destination:
:10-07 15:55:52.286860:        :0x4:-:<0,0,1>:	m.direction[7:0] = 0x1
:10-07 15:55:52.286866:        :0x4:-:<0,0,1>:	mask=0xFF
:10-07 15:55:52.286871:        :0x4:-:<0,0,1>:	Source 1:
:10-07 15:55:52.286877:        :0x4:-:<0,0,1>:	Val=0x8
:10-07 15:55:52.286883:        :0x4:-:<0,0,1>:	----- ModifyFieldPrimitive -----
:10-07 15:55:52.286889:        :0x4:-:<0,0,1>:	Operation:
:10-07 15:55:52.286894:        :0x4:-:<0,0,1>:	set
:10-07 15:55:52.286900:        :0x4:-:<0,0,1>:	Destination:
:10-07 15:55:52.286906:        :0x4:-:<0,0,1>:	m.output_port[8:0] = 0x2
:10-07 15:55:52.286911:        :0x4:-:<0,0,1>:	mask=0x1FF
:10-07 15:55:52.286917:        :0x4:-:<0,0,1>:	Source 1:
:10-07 15:55:52.286923:        :0x4:-:<0,0,1>:	port=action_param
:10-07 15:55:52.286933:        :0x4:-:<0,0,1>:	----- ModifyFieldPrimitive -----
:10-07 15:55:52.286938:        :0x4:-:<0,0,1>:	Operation:
:10-07 15:55:52.286947:        :0x4:-:<0,0,1>:	set
:10-07 15:55:52.286952:        :0x4:-:<0,0,1>:	Destination:
:10-07 15:55:52.286958:        :0x4:-:<0,0,1>:	ig_intr_md_for_tm.ucast_egress_port[8:0] = 0x2
:10-07 15:55:52.286964:        :0x4:-:<0,0,1>:	mask=0x1FF
:10-07 15:55:52.286970:        :0x4:-:<0,0,1>:	Source 1:
:10-07 15:55:52.286975:        :0x4:-:<0,0,1>:	port=action_param
:10-07 15:55:52.286981:        :0x4:-:<0,0,1>:	----- ModifyFieldPrimitive -----
:10-07 15:55:52.286987:        :0x4:-:<0,0,1>:	Operation:
:10-07 15:55:52.286992:        :0x4:-:<0,0,1>:	set
:10-07 15:55:52.286998:        :0x4:-:<0,0,1>:	Destination:
:10-07 15:55:52.287004:        :0x4:-:<0,0,1>:	m.go[7:0] = 0x0
:10-07 15:55:52.287009:        :0x4:-:<0,0,1>:	mask=0xFF
:10-07 15:55:52.287015:        :0x4:-:<0,0,1>:	Source 1:
:10-07 15:55:52.287021:        :0x4:-:<0,0,1>:	Val=0x8
:10-07 15:55:52.287027:        :0x4:-:<0,0,1>:Next Table = n_Ingress.input_head_t
:10-07 15:55:52.287034:    :0x4:-:<0,0,1>:Ingress : Gateway table condition ((m.packet_kind == 5 || m.packet_kind == 6 || m.packet_kind == 7)) not matched.
:10-07 15:55:52.287040:    :0x4:-:<0,0,1>:Ingress : Gateway attached to n_Ingress.input_head_t
:10-07 15:55:52.287046:    :0x4:-:<0,0,1>:Ingress : Table n_Ingress.input_head_t is inhibited by a gateway condition
:10-07 15:55:52.287052:        :0x4:-:<0,0,1>:Next Table = n_Ingress.read_connection
:10-07 15:55:52.287059:    :0x4:-:<0,0,1>:Ingress : Gateway table condition ((m.packet_kind == 9 || m.packet_kind == 11)) not matched.
:10-07 15:55:52.287065:    :0x4:-:<0,0,1>:Ingress : Table n_Ingress.read_connection is inhibited by a gateway condition
:10-07 15:55:52.287070:    :0x4:-:<0,0,1>:Ingress : Gateway did provide payload.
:10-07 15:55:52.287077:        :0x4:-:<0,0,1>:Next Table = n_Ingress.guard
:10-07 15:55:52.287083:    :0x4:-:<0,0,1>:Ingress : Table n_Ingress.rd_head_t is not active(inhibited/skipped)
:10-07 15:55:52.287089:    :0x4:-:<0,0,1>:Ingress : Table n_Ingress.rd_request_crc_t is not active(inhibited/skipped)
:10-07 15:55:52.287095:    :0x4:-:<0,0,1>:Ingress : Table n_Ingress.rd_first_crc_t is not active(inhibited/skipped)
:10-07 15:55:52.287101:    :0x4:-:<0,0,1>:Ingress : Table n_Ingress.rd_tail_crc_t is not active(inhibited/skipped)
:10-07 15:55:52.287107:    :0x4:-:<0,0,1>:Ingress : Table n_Ingress.rd_second_crc_t is not active(inhibited/skipped)
:10-07 15:55:52.287113:    :0x4:-:<0,0,1>:Ingress : Table n_Ingress.read_response_profile is not active(inhibited/skipped)
:10-07 15:55:52.287119:    :0x4:-:<0,0,1>:Ingress : Table n_Ingress.read_request_profile is not active(inhibited/skipped)
:10-07 15:55:52.287125:    :0x4:-:<0,0,1>:Ingress : Table n_Ingress.data_connection is not active(inhibited/skipped)
:10-07 15:55:52.287131:    :0x4:-:<0,0,1>:Ingress : Table n_Ingress.response_profile is not active(inhibited/skipped)
:10-07 15:55:52.287137:    :0x4:-:<0,0,1>:Ingress : Table n_Ingress.profile is not active(inhibited/skipped)
:10-07 15:55:52.287143:    :0x4:-:<0,0,1>:Ingress : Table tbl_deny_2 is not active(inhibited/skipped)
:10-07 15:55:52.287149:    :0x4:-:<0,0,->:------------ Stage 2 ------------
:10-07 15:55:52.287220:    :0x4:-:<0,0,->:------------ Stage 3 ------------
:10-07 15:55:52.287284:    :0x4:-:<0,0,->:------------ Stage 4 ------------
:10-07 15:55:52.287364:    :0x4:-:<0,0,4>:Ingress : Table n_Ingress.guard is hit
:10-07 15:55:52.287372:        :0x4:-:<0,0,4>:Key:
:10-07 15:55:52.287389:        :0x4:-:<0,0,4>:	m.bad1[7:0] = 0x0
:10-07 15:55:52.287395:        :0x4:-:<0,0,4>:	m.badb[7:0] = 0x0
:10-07 15:55:52.287401:        :0x4:-:<0,0,4>:	m.badh[7:0] = 0x0
:10-07 15:55:52.287407:        :0x4:-:<0,0,4>:	m.badt[7:0] = 0x0
:10-07 15:55:52.287413:        :0x4:-:<0,0,4>:	m.cached_owner_diff[31:0] = 0x0
:10-07 15:55:52.287418:        :0x4:-:<0,0,4>:	m.direction[7:0] = 0x1
:10-07 15:55:52.287424:        :0x4:-:<0,0,4>:	m.enabled[7:0] = 0x0
:10-07 15:55:52.287430:        :0x4:-:<0,0,4>:	m.kind[7:0] = 0x1
:10-07 15:55:52.287439:        :0x4:-:<0,0,4>:	m.packet_kind[7:0] = 0x1
:10-07 15:55:52.287445:        :0x4:-:<0,0,4>:	m.prefix_difference[31:0] = 0xFFFE0000
:10-07 15:55:52.287454:        :0x4:-:<0,0,4>:	m.profile[7:0] = 0x0
:10-07 15:55:52.287460:        :0x4:-:<0,0,4>:	m.shape_valid[7:0] = 0x1
:10-07 15:55:52.287466:        :0x4:-:<0,0,4>:	m.stage[7:0] = 0x3
:10-07 15:55:52.287471:        :0x4:-:<0,0,4>:	m.terminal_diff[31:0] = 0x1
:10-07 15:55:52.287479:        :0x4:-:<0,0,4>:Execute Action: n_Ingress.go_ret_work
:10-07 15:55:52.287500:        :0x4:-:<0,0,4>:Action Results:
:10-07 15:55:52.287506:        :0x4:-:<0,0,4>:	----- ModifyFieldPrimitive -----
:10-07 15:55:52.287512:        :0x4:-:<0,0,4>:	Operation:
:10-07 15:55:52.287518:        :0x4:-:<0,0,4>:	set
:10-07 15:55:52.287523:        :0x4:-:<0,0,4>:	Destination:
:10-07 15:55:52.287529:        :0x4:-:<0,0,4>:	m.go[7:0] = 0x1
:10-07 15:55:52.287535:        :0x4:-:<0,0,4>:	mask=0xFF
:10-07 15:55:52.287541:        :0x4:-:<0,0,4>:	Source 1:
:10-07 15:55:52.287546:        :0x4:-:<0,0,4>:	Val=0x8
:10-07 15:55:52.287552:        :0x4:-:<0,0,4>:	----- ModifyFieldPrimitive -----
:10-07 15:55:52.287558:        :0x4:-:<0,0,4>:	Operation:
:10-07 15:55:52.287563:        :0x4:-:<0,0,4>:	set
:10-07 15:55:52.287569:        :0x4:-:<0,0,4>:	Destination:
:10-07 15:55:52.287575:        :0x4:-:<0,0,4>:	m.generation[31:0] = 0x1
:10-07 15:55:52.287580:        :0x4:-:<0,0,4>:	mask=0xFFFFFFFF
:10-07 15:55:52.287586:        :0x4:-:<0,0,4>:	Source 1:
:10-07 15:55:52.287592:        :0x4:-:<0,0,4>:	hdr.work_generation.generation[31:0] = 0x1
:10-07 15:55:52.287598:        :0x4:-:<0,0,4>:	----- ModifyFieldPrimitive -----
:10-07 15:55:52.287603:        :0x4:-:<0,0,4>:	Operation:
:10-07 15:55:52.287609:        :0x4:-:<0,0,4>:	set
:10-07 15:55:52.287615:        :0x4:-:<0,0,4>:	Destination:
:10-07 15:55:52.287620:        :0x4:-:<0,0,4>:	m.work_op[7:0] = 0x2
:10-07 15:55:52.287626:        :0x4:-:<0,0,4>:	mask=0xFF
:10-07 15:55:52.287632:        :0x4:-:<0,0,4>:	Source 1:
:10-07 15:55:52.287637:        :0x4:-:<0,0,4>:	Val=0x8
:10-07 15:55:52.287644:        :0x4:-:<0,0,4>:Next Table = n_Ingress.work.dispatch
:10-07 15:55:52.287651:    :0x4:-:<0,0,->:------------ Stage 5 ------------
:10-07 15:55:52.287757:    :0x4:-:<0,0,5>:Ingress : Gateway table condition ((m.go == 1)) matched.
:10-07 15:55:52.287766:    :0x4:-:<0,0,5>:Ingress : Associated table n_Ingress.work.dispatch is executed
:10-07 15:55:52.287772:    :0x4:-:<0,0,5>:Ingress : Table n_Ingress.work.dispatch is hit
:10-07 15:55:52.287778:        :0x4:-:<0,0,5>:Key:
:10-07 15:55:52.287788:        :0x4:-:<0,0,5>:	m.expected_work_phase[7:0] = 0x3
:10-07 15:55:52.287794:        :0x4:-:<0,0,5>:	m.expected_work_phase[31:8] = 0x0
:10-07 15:55:52.287799:        :0x4:-:<0,0,5>:	m.generation[31:0] = 0x1
:10-07 15:55:52.287805:        :0x4:-:<0,0,5>:	m.work_op[7:0] = 0x2
:10-07 15:55:52.287811:        :0x4:-:<0,0,5>:Executed StatefulALU 3 with instruction 1
:10-07 15:55:52.287818:        :0x4:-:<0,0,5>:Execute Action: n_Ingress.work.return_work
:10-07 15:55:52.287828:        :0x4:-:<0,0,5>:Action Results:
:10-07 15:55:52.287834:        :0x4:-:<0,0,5>:	----- ExecuteStatefulAluPrimitive -----
:10-07 15:55:52.287840:        :0x4:-:<0,0,5>:	----- BlackBox: work_advance -----
:10-07 15:55:52.287846:        :0x4:-:<0,0,5>:	----- register: n_Ingress.work.work -----
:10-07 15:55:52.287860:        :0x4:-:<0,0,5>:	--- SALU Condition ---
:10-07 15:55:52.287866:        :0x4:-:<0,0,5>:	  Not supplied by program.
:10-07 15:55:52.287872:        :0x4:-:<0,0,5>:	    SALU ConditionLo: TRUE
:10-07 15:55:52.287878:        :0x4:-:<0,0,5>:	    SALU ConditionHi: TRUE
:10-07 15:55:52.287883:        :0x4:-:<0,0,5>:	--- SALU Update ---
:10-07 15:55:52.287889:        :0x4:-:<0,0,5>:	  None
:10-07 15:55:52.287895:        :0x4:-:<0,0,5>:	--- SALU Output ---
:10-07 15:55:52.287901:        :0x4:-:<0,0,5>:	    Output predicate not supplied by program
:10-07 15:55:52.287906:        :0x4:-:<0,0,5>:	    Output PredicateResult: TRUE
:10-07 15:55:52.287912:        :0x4:-:<0,0,5>:	    Output Destination Field: m.work_phase = 0x3
:10-07 15:55:52.287922:        :0x4:-:<0,0,5>:	---  SALU Register ---
:10-07 15:55:52.287931:        :0x4:-:<0,0,5>:	   Register Index: 0x60000
:10-07 15:55:52.287937:        :0x4:-:<0,0,5>:	     Before stateful alu execution: 0x0000000300000001
:10-07 15:55:52.287942:        :0x4:-:<0,0,5>:	     After stateful alu execution: 0x0000000400000001
:10-07 15:55:52.287949:        :0x4:-:<0,0,5>:Next Table = n_Ingress.read_input_t
:10-07 15:55:52.287956:    :0x4:-:<0,0,5>:Ingress : Table n_Ingress.read_input_t is miss
:10-07 15:55:52.287962:        :0x4:-:<0,0,5>:Key:
:10-07 15:55:52.287969:        :0x4:-:<0,0,5>:	m.packet_kind[7:0] = 0x1
:10-07 15:55:52.287975:        :0x4:-:<0,0,5>:Execute Default Action: NoAction
:10-07 15:55:52.287987:        :0x4:-:<0,0,5>:Action Results:
:10-07 15:55:52.287993:        :0x4:-:<0,0,5>:Next Table = n_Ingress.ack_native_t
:10-07 15:55:52.288000:    :0x4:-:<0,0,5>:Ingress : Table n_Ingress.ack_native_t is miss
:10-07 15:55:52.288006:        :0x4:-:<0,0,5>:Key:
:10-07 15:55:52.288012:        :0x4:-:<0,0,5>:Execute Default Action: n_Ingress.ack_native
:10-07 15:55:52.288027:        :0x4:-:<0,0,5>:Action Results:
:10-07 15:55:52.288033:        :0x4:-:<0,0,5>:	----- DirectAluPrimitive -----
:10-07 15:55:52.288039:        :0x4:-:<0,0,5>:	Operation:
:10-07 15:55:52.288044:        :0x4:-:<0,0,5>:	add
:10-07 15:55:52.288050:        :0x4:-:<0,0,5>:	Destination:
:10-07 15:55:52.288056:        :0x4:-:<0,0,5>:	m.ack_native[31:0] = 0xFFFFFFEC
:10-07 15:55:52.288061:        :0x4:-:<0,0,5>:	mask=0xFFFFFFFF
:10-07 15:55:52.288067:        :0x4:-:<0,0,5>:	Source 1:
:10-07 15:55:52.288073:        :0x4:-:<0,0,5>:	hdr.tcp.ack[31:0] = 0x0
:10-07 15:55:52.288078:        :0x4:-:<0,0,5>:	Source 2:
:10-07 15:55:52.288084:        :0x4:-:<0,0,5>:	Val=0x20
:10-07 15:55:52.288090:        :0x4:-:<0,0,5>:Next Table = cond-64
:10-07 15:55:52.288097:    :0x4:-:<0,0,5>:Ingress : Gateway table condition ((m.packet_kind == 5 || m.packet_kind == 6 || m.packet_kind == 7)) not matched.
:10-07 15:55:52.288103:    :0x4:-:<0,0,5>:Ingress : Gateway attached to cond-64
:10-07 15:55:52.288109:    :0x4:-:<0,0,5>:Ingress : Associated table cond-64 is executed
:10-07 15:55:52.288115:    :0x4:-:<0,0,5>:Ingress : Gateway did provide payload.
:10-07 15:55:52.288120:        :0x4:-:<0,0,5>:Next Table = n_Ingress.next_seq_t
:10-07 15:55:52.288127:    :0x4:-:<0,0,5>:Ingress : Table n_Ingress.compare_response_inputs_t is not active(inhibited/skipped)
:10-07 15:55:52.288133:    :0x4:-:<0,0,5>:Ingress : Table n_Ingress.compare_select_inputs_t is not active(inhibited/skipped)
:10-07 15:55:52.288139:    :0x4:-:<0,0,5>:Ingress : Table n_Ingress.compare_operate_inputs_t is not active(inhibited/skipped)
:10-07 15:55:52.288145:    :0x4:-:<0,0,5>:Ingress : Gateway table condition ((m.work_op == 4 || m.stage == 15)) not matched.
:10-07 15:55:52.288151:    :0x4:-:<0,0,5>:Ingress : Associated table n_Ingress.next_seq_t is executed
:10-07 15:55:52.288157:    :0x4:-:<0,0,5>:Ingress : Table n_Ingress.next_seq_t is miss
:10-07 15:55:52.288162:        :0x4:-:<0,0,5>:Key:
:10-07 15:55:52.288169:        :0x4:-:<0,0,5>:	m.packet_kind[7:0] = 0x1
:10-07 15:55:52.288176:        :0x4:-:<0,0,5>:Execute Default Action: n_Ingress.next_seq
:10-07 15:55:52.288190:        :0x4:-:<0,0,5>:Action Results:
:10-07 15:55:52.288196:        :0x4:-:<0,0,5>:	----- DirectAluPrimitive -----
:10-07 15:55:52.288202:        :0x4:-:<0,0,5>:	Operation:
:10-07 15:55:52.288207:        :0x4:-:<0,0,5>:	add
:10-07 15:55:52.288213:        :0x4:-:<0,0,5>:	Destination:
:10-07 15:55:52.288219:        :0x4:-:<0,0,5>:	m.new_seq[31:0] = 0x64
:10-07 15:55:52.288224:        :0x4:-:<0,0,5>:	mask=0xFFFFFFFF
:10-07 15:55:52.288230:        :0x4:-:<0,0,5>:	Source 1:
:10-07 15:55:52.288236:        :0x4:-:<0,0,5>:	hdr.tcp.seq[31:0] = 0x63
:10-07 15:55:52.288241:        :0x4:-:<0,0,5>:	Source 2:
:10-07 15:55:52.288247:        :0x4:-:<0,0,5>:	Val=0x20
:10-07 15:55:52.288253:        :0x4:-:<0,0,5>:Next Table = n_Ingress.epoch_t
:10-07 15:55:52.288259:    :0x4:-:<0,0,5>:Ingress : Table tbl_deny is not active(inhibited/skipped)
:10-07 15:55:52.288268:    :0x4:-:<0,0,5>:Ingress : Table tbl_deny_1 is not active(inhibited/skipped)
:10-07 15:55:52.288278:    :0x4:-:<0,0,->:------------ Stage 6 ------------
:10-07 15:55:52.288367:    :0x4:-:<0,0,6>:Ingress : Table n_Ingress.epoch_t is miss
:10-07 15:55:52.288376:        :0x4:-:<0,0,6>:Key:
:10-07 15:55:52.288386:        :0x4:-:<0,0,6>:	m.kind[7:0] = 0x1
:10-07 15:55:52.288392:        :0x4:-:<0,0,6>:	m.stage[7:0] = 0x3
:10-07 15:55:52.288397:        :0x4:-:<0,0,6>:	m.work_op[7:0] = 0x2
:10-07 15:55:52.288403:        :0x4:-:<0,0,6>:	m.work_phase[31:0] = 0x3
:10-07 15:55:52.288409:        :0x4:-:<0,0,6>:Executed StatefulALU 3 with instruction 1
:10-07 15:55:52.288416:        :0x4:-:<0,0,6>:Execute Default Action: n_Ingress.diff_epoch
:10-07 15:55:52.288426:        :0x4:-:<0,0,6>:Action Results:
:10-07 15:55:52.288432:        :0x4:-:<0,0,6>:	----- ExecuteStatefulAluPrimitive -----
:10-07 15:55:52.288437:        :0x4:-:<0,0,6>:	----- BlackBox: read_epoch_diff_0 -----
:10-07 15:55:52.288443:        :0x4:-:<0,0,6>:	----- register: n_Ingress.epoch -----
:10-07 15:55:52.288461:        :0x4:-:<0,0,6>:	--- SALU Condition ---
:10-07 15:55:52.288467:        :0x4:-:<0,0,6>:	  Not supplied by program.
:10-07 15:55:52.288472:        :0x4:-:<0,0,6>:	    SALU ConditionLo: FALSE
:10-07 15:55:52.288478:        :0x4:-:<0,0,6>:	    SALU ConditionHi: FALSE
:10-07 15:55:52.288484:        :0x4:-:<0,0,6>:	--- SALU Update ---
:10-07 15:55:52.288489:        :0x4:-:<0,0,6>:	  --- SALU Update Hi 1 ---
:10-07 15:55:52.288495:        :0x4:-:<0,0,6>:	    Update Hi 1 predicate not supplied by program
:10-07 15:55:52.288501:        :0x4:-:<0,0,6>:	    Update Hi 1 PredicateResult: TRUE
:10-07 15:55:52.288507:        :0x4:-:<0,0,6>:	    Update Hi 1 expression result:       0x0
:10-07 15:55:52.288512:        :0x4:-:<0,0,6>:	    Update Hi 1 expression result computed using fields:
:10-07 15:55:52.288518:        :0x4:-:<0,0,6>:	        Constant Input Value
:10-07 15:55:52.288524:        :0x4:-:<0,0,6>:	        hdr.envelope.epoch: 0x00000001
:10-07 15:55:52.288529:        :0x4:-:<0,0,6>:	--- SALU Output ---
:10-07 15:55:52.288535:        :0x4:-:<0,0,6>:	    Output predicate not supplied by program
:10-07 15:55:52.288541:        :0x4:-:<0,0,6>:	    Output PredicateResult: TRUE
:10-07 15:55:52.288547:        :0x4:-:<0,0,6>:	    Output Destination Field: m.epoch_diff = 0x0
:10-07 15:55:52.288552:        :0x4:-:<0,0,6>:	---  SALU Register ---
:10-07 15:55:52.288558:        :0x4:-:<0,0,6>:	   Register Index: 0x40000
:10-07 15:55:52.288564:        :0x4:-:<0,0,6>:	     Before stateful alu execution: 0x00000001
:10-07 15:55:52.288569:        :0x4:-:<0,0,6>:	     After stateful alu execution: 0x00000001
:10-07 15:55:52.288576:        :0x4:-:<0,0,6>:Next Table = n_Ingress.active_generation_t
:10-07 15:55:52.288582:    :0x4:-:<0,0,6>:Ingress : Table n_Ingress.active_generation_t is miss
:10-07 15:55:52.288588:        :0x4:-:<0,0,6>:Key:
:10-07 15:55:52.288596:        :0x4:-:<0,0,6>:	m.kind[7:0] = 0x1
:10-07 15:55:52.288602:        :0x4:-:<0,0,6>:	m.work_op[7:0] = 0x2
:10-07 15:55:52.288608:        :0x4:-:<0,0,6>:	m.work_phase[31:0] = 0x3
:10-07 15:55:52.288614:        :0x4:-:<0,0,6>:Execute Default Action: NoAction
:10-07 15:55:52.288626:        :0x4:-:<0,0,6>:Action Results:
:10-07 15:55:52.288632:        :0x4:-:<0,0,6>:Next Table = n_Ingress.owner_command
:10-07 15:55:52.288639:    :0x4:-:<0,0,->:------------ Stage 7 ------------
:10-07 15:55:52.288749:    :0x4:-:<0,0,7>:Ingress : Table n_Ingress.owner_command is miss
:10-07 15:55:52.288758:        :0x4:-:<0,0,7>:Key:
:10-07 15:55:52.288771:        :0x4:-:<0,0,7>:	hdr.expected_cell.expected_cell[31:0] = 0x20001
:10-07 15:55:52.288777:        :0x4:-:<0,0,7>:	m.active_gen_diff[31:0] = 0x1
:10-07 15:55:52.288782:        :0x4:-:<0,0,7>:	m.epoch_diff[15:0] = 0x0
:10-07 15:55:52.288788:        :0x4:-:<0,0,7>:	m.epoch_diff[31:16] = 0x0
:10-07 15:55:52.288794:        :0x4:-:<0,0,7>:	m.kind[7:0] = 0x1
:10-07 15:55:52.288799:        :0x4:-:<0,0,7>:	m.return_abort[7:0] = 0x0
:10-07 15:55:52.288809:        :0x4:-:<0,0,7>:	m.stage[7:0] = 0x3
:10-07 15:55:52.288815:        :0x4:-:<0,0,7>:	m.work_phase[31:0] = 0x3
:10-07 15:55:52.288824:        :0x4:-:<0,0,7>:Execute Default Action: NoAction
:10-07 15:55:52.288837:        :0x4:-:<0,0,7>:Action Results:
:10-07 15:55:52.288843:        :0x4:-:<0,0,7>:Next Table = n_Ingress.server_t
:10-07 15:55:52.288850:    :0x4:-:<0,0,7>:Ingress : Table n_Ingress.server_t is miss
:10-07 15:55:52.288855:        :0x4:-:<0,0,7>:Key:
:10-07 15:55:52.288865:        :0x4:-:<0,0,7>:	m.epoch_diff[15:0] = 0x0
:10-07 15:55:52.288871:        :0x4:-:<0,0,7>:	m.epoch_diff[31:16] = 0x0
:10-07 15:55:52.288877:        :0x4:-:<0,0,7>:	m.kind[7:0] = 0x1
:10-07 15:55:52.288883:        :0x4:-:<0,0,7>:	m.stage[7:0] = 0x3
:10-07 15:55:52.288888:        :0x4:-:<0,0,7>:	m.work_op[7:0] = 0x2
:10-07 15:55:52.288894:        :0x4:-:<0,0,7>:	m.work_phase[31:0] = 0x3
:10-07 15:55:52.288900:        :0x4:-:<0,0,7>:Executed StatefulALU 1 with instruction 0
:10-07 15:55:52.288906:        :0x4:-:<0,0,7>:Execute Default Action: n_Ingress.load_server
:10-07 15:55:52.288916:        :0x4:-:<0,0,7>:Action Results:
:10-07 15:55:52.288922:        :0x4:-:<0,0,7>:	----- ExecuteStatefulAluPrimitive -----
:10-07 15:55:52.288928:        :0x4:-:<0,0,7>:	----- BlackBox: read_server_0 -----
:10-07 15:55:52.288934:        :0x4:-:<0,0,7>:	----- register: n_Ingress.server -----
:10-07 15:55:52.288946:        :0x4:-:<0,0,7>:	--- SALU Condition ---
:10-07 15:55:52.288952:        :0x4:-:<0,0,7>:	  Not supplied by program.
:10-07 15:55:52.288957:        :0x4:-:<0,0,7>:	    SALU ConditionLo: FALSE
:10-07 15:55:52.288963:        :0x4:-:<0,0,7>:	    SALU ConditionHi: FALSE
:10-07 15:55:52.288969:        :0x4:-:<0,0,7>:	--- SALU Update ---
:10-07 15:55:52.288975:        :0x4:-:<0,0,7>:	  None
:10-07 15:55:52.288980:        :0x4:-:<0,0,7>:	--- SALU Output ---
:10-07 15:55:52.288986:        :0x4:-:<0,0,7>:	    Output predicate not supplied by program
:10-07 15:55:52.288992:        :0x4:-:<0,0,7>:	    Output PredicateResult: TRUE
:10-07 15:55:52.288998:        :0x4:-:<0,0,7>:	    Output Destination Field: m.server = 0x0
:10-07 15:55:52.289003:        :0x4:-:<0,0,7>:	---  SALU Register ---
:10-07 15:55:52.289009:        :0x4:-:<0,0,7>:	   Register Index: 0x40000
:10-07 15:55:52.289015:        :0x4:-:<0,0,7>:	     Before stateful alu execution: 0x00000000
:10-07 15:55:52.289020:        :0x4:-:<0,0,7>:	     After stateful alu execution: 0x00000000
:10-07 15:55:52.289027:        :0x4:-:<0,0,7>:Next Table = n_Ingress.client_t
:10-07 15:55:52.289033:    :0x4:-:<0,0,7>:Ingress : Table n_Ingress.client_t is miss
:10-07 15:55:52.289039:        :0x4:-:<0,0,7>:Key:
:10-07 15:55:52.289048:        :0x4:-:<0,0,7>:	m.epoch_diff[15:0] = 0x0
:10-07 15:55:52.289054:        :0x4:-:<0,0,7>:	m.epoch_diff[31:16] = 0x0
:10-07 15:55:52.289059:        :0x4:-:<0,0,7>:	m.kind[7:0] = 0x1
:10-07 15:55:52.289065:        :0x4:-:<0,0,7>:	m.stage[7:0] = 0x3
:10-07 15:55:52.289071:        :0x4:-:<0,0,7>:	m.work_op[7:0] = 0x2
:10-07 15:55:52.289077:        :0x4:-:<0,0,7>:	m.work_phase[31:0] = 0x3
:10-07 15:55:52.289082:        :0x4:-:<0,0,7>:Executed StatefulALU 2 with instruction 0
:10-07 15:55:52.289089:        :0x4:-:<0,0,7>:Execute Default Action: n_Ingress.load_client
:10-07 15:55:52.289098:        :0x4:-:<0,0,7>:Action Results:
:10-07 15:55:52.289104:        :0x4:-:<0,0,7>:	----- ExecuteStatefulAluPrimitive -----
:10-07 15:55:52.289110:        :0x4:-:<0,0,7>:	----- BlackBox: read_client_0 -----
:10-07 15:55:52.289116:        :0x4:-:<0,0,7>:	----- register: n_Ingress.client -----
:10-07 15:55:52.289126:        :0x4:-:<0,0,7>:	--- SALU Condition ---
:10-07 15:55:52.289132:        :0x4:-:<0,0,7>:	  Not supplied by program.
:10-07 15:55:52.289138:        :0x4:-:<0,0,7>:	    SALU ConditionLo: FALSE
:10-07 15:55:52.289144:        :0x4:-:<0,0,7>:	    SALU ConditionHi: FALSE
:10-07 15:55:52.289149:        :0x4:-:<0,0,7>:	--- SALU Update ---
:10-07 15:55:52.289155:        :0x4:-:<0,0,7>:	  None
:10-07 15:55:52.289161:        :0x4:-:<0,0,7>:	--- SALU Output ---
:10-07 15:55:52.289169:        :0x4:-:<0,0,7>:	    Output predicate not supplied by program
:10-07 15:55:52.289178:        :0x4:-:<0,0,7>:	    Output PredicateResult: TRUE
:10-07 15:55:52.289183:        :0x4:-:<0,0,7>:	    Output Destination Field: m.client = 0x64
:10-07 15:55:52.289189:        :0x4:-:<0,0,7>:	---  SALU Register ---
:10-07 15:55:52.289195:        :0x4:-:<0,0,7>:	   Register Index: 0x40000
:10-07 15:55:52.289201:        :0x4:-:<0,0,7>:	     Before stateful alu execution: 0x00000064
:10-07 15:55:52.289206:        :0x4:-:<0,0,7>:	     After stateful alu execution: 0x00000064
:10-07 15:55:52.289213:        :0x4:-:<0,0,7>:Next Table = n_Ingress.read_app_t
:10-07 15:55:52.289219:    :0x4:-:<0,0,7>:Ingress : Table n_Ingress.read_app_t is miss
:10-07 15:55:52.289225:        :0x4:-:<0,0,7>:Key:
:10-07 15:55:52.289234:        :0x4:-:<0,0,7>:	m.epoch_diff[15:0] = 0x0
:10-07 15:55:52.289239:        :0x4:-:<0,0,7>:	m.epoch_diff[31:16] = 0x0
:10-07 15:55:52.289245:        :0x4:-:<0,0,7>:	m.kind[7:0] = 0x1
:10-07 15:55:52.289251:        :0x4:-:<0,0,7>:	m.stage[7:0] = 0x3
:10-07 15:55:52.289257:        :0x4:-:<0,0,7>:	m.work_phase[31:0] = 0x3
:10-07 15:55:52.289263:        :0x4:-:<0,0,7>:Execute Default Action: NoAction
:10-07 15:55:52.289274:        :0x4:-:<0,0,7>:Action Results:
:10-07 15:55:52.289280:        :0x4:-:<0,0,7>:Next Table = n_Ingress.frozen_decoy_off_t
:10-07 15:55:52.289288:    :0x4:-:<0,0,7>:Ingress : Gateway table condition ((m.packet_kind == 5 || m.packet_kind == 6 || m.packet_kind == 7)) not matched.
:10-07 15:55:52.289294:    :0x4:-:<0,0,7>:Ingress : Table n_Ingress.frozen_decoy_off_t is inhibited by a gateway condition
:10-07 15:55:52.289300:    :0x4:-:<0,0,7>:Ingress : Gateway did provide payload.
:10-07 15:55:52.289306:        :0x4:-:<0,0,7>:Next Table = n_Ingress.owner_t
:10-07 15:55:52.289313:    :0x4:-:<0,0,->:------------ Stage 8 ------------
:10-07 15:55:52.289390:    :0x4:-:<0,0,8>:Ingress : Table n_Ingress.frozen_decoy_object_t is not active(inhibited/skipped)
:10-07 15:55:52.289397:    :0x4:-:<0,0,8>:Ingress : Table n_Ingress.application_t is not active(inhibited/skipped)
:10-07 15:55:52.289403:    :0x4:-:<0,0,8>:Ingress : Table n_Ingress.native_end_t is not active(inhibited/skipped)
:10-07 15:55:52.289409:    :0x4:-:<0,0,8>:Ingress : Table n_Ingress.real_off_t is not active(inhibited/skipped)
:10-07 15:55:52.289416:    :0x4:-:<0,0,->:------------ Stage 9 ------------
:10-07 15:55:52.289519:    :0x4:-:<0,0,9>:Ingress : Table n_Ingress.owner_t is miss
:10-07 15:55:52.289532:        :0x4:-:<0,0,9>:Key:
:10-07 15:55:52.289541:        :0x4:-:<0,0,9>:	m.owner_op[7:0] = 0x0
:10-07 15:55:52.289547:        :0x4:-:<0,0,9>:	m.stage[7:0] = 0x3
:10-07 15:55:52.289553:        :0x4:-:<0,0,9>:Executed StatefulALU 3 with instruction 2
:10-07 15:55:52.289560:        :0x4:-:<0,0,9>:Execute Default Action: n_Ingress.owner_check
:10-07 15:55:52.289572:        :0x4:-:<0,0,9>:Action Results:
:10-07 15:55:52.289578:        :0x4:-:<0,0,9>:	----- ExecuteStatefulAluPrimitive -----
:10-07 15:55:52.289583:        :0x4:-:<0,0,9>:	----- BlackBox: check_owner_0 -----
:10-07 15:55:52.289589:        :0x4:-:<0,0,9>:	----- register: n_Ingress.owner -----
:10-07 15:55:52.289606:        :0x4:-:<0,0,9>:	--- SALU Condition ---
:10-07 15:55:52.289612:        :0x4:-:<0,0,9>:	  Not supplied by program.
:10-07 15:55:52.289618:        :0x4:-:<0,0,9>:	    SALU ConditionLo: FALSE
:10-07 15:55:52.289623:        :0x4:-:<0,0,9>:	    SALU ConditionHi: FALSE
:10-07 15:55:52.289629:        :0x4:-:<0,0,9>:	--- SALU Update ---
:10-07 15:55:52.289635:        :0x4:-:<0,0,9>:	  --- SALU Update Hi 1 ---
:10-07 15:55:52.289641:        :0x4:-:<0,0,9>:	    Update Hi 1 predicate not supplied by program
:10-07 15:55:52.289646:        :0x4:-:<0,0,9>:	    Update Hi 1 PredicateResult: TRUE
:10-07 15:55:52.289652:        :0x4:-:<0,0,9>:	    Update Hi 1 expression result:       0x0
:10-07 15:55:52.289658:        :0x4:-:<0,0,9>:	    Update Hi 1 expression result computed using fields:
:10-07 15:55:52.289663:        :0x4:-:<0,0,9>:	        Constant Input Value
:10-07 15:55:52.289673:        :0x4:-:<0,0,9>:	        m.expected: 0x00020001
:10-07 15:55:52.289683:        :0x4:-:<0,0,9>:	--- SALU Output ---
:10-07 15:55:52.289689:        :0x4:-:<0,0,9>:	    Output predicate not supplied by program
:10-07 15:55:52.289695:        :0x4:-:<0,0,9>:	    Output PredicateResult: TRUE
:10-07 15:55:52.289701:        :0x4:-:<0,0,9>:	    Output Destination Field: m.owner_diff = 0x0
:10-07 15:55:52.289706:        :0x4:-:<0,0,9>:	---  SALU Register ---
:10-07 15:55:52.289712:        :0x4:-:<0,0,9>:	   Register Index: 0x40000
:10-07 15:55:52.289718:        :0x4:-:<0,0,9>:	     Before stateful alu execution: 0x00020001
:10-07 15:55:52.289723:        :0x4:-:<0,0,9>:	     After stateful alu execution: 0x00020001
:10-07 15:55:52.289730:        :0x4:-:<0,0,9>:Next Table = n_Ingress.sequence_diff
:10-07 15:55:52.289737:    :0x4:-:<0,0,9>:Ingress : Table n_Ingress.sequence_diff is hit
:10-07 15:55:52.289743:        :0x4:-:<0,0,9>:Key:
:10-07 15:55:52.289752:        :0x4:-:<0,0,9>:	hdr.tcp.flags[7:0] = 0x2
:10-07 15:55:52.289758:        :0x4:-:<0,0,9>:	m.direction[7:0] = 0x1
:10-07 15:55:52.289764:        :0x4:-:<0,0,9>:	m.packet_kind[7:0] = 0x1
:10-07 15:55:52.289771:        :0x4:-:<0,0,9>:Execute Action: n_Ingress.diff_syn
:10-07 15:55:52.289789:        :0x4:-:<0,0,9>:Action Results:
:10-07 15:55:52.289795:        :0x4:-:<0,0,9>:	----- ModifyFieldPrimitive -----
:10-07 15:55:52.289801:        :0x4:-:<0,0,9>:	Operation:
:10-07 15:55:52.289807:        :0x4:-:<0,0,9>:	set
:10-07 15:55:52.289813:        :0x4:-:<0,0,9>:	Destination:
:10-07 15:55:52.289818:        :0x4:-:<0,0,9>:	m.client_diff[31:0] = 0x0
:10-07 15:55:52.289824:        :0x4:-:<0,0,9>:	mask=0xFFFFFFFF
:10-07 15:55:52.289830:        :0x4:-:<0,0,9>:	Source 1:
:10-07 15:55:52.289836:        :0x4:-:<0,0,9>:	hdr.tcp.ack[31:0] = 0x0
:10-07 15:55:52.289841:        :0x4:-:<0,0,9>:	----- ModifyFieldPrimitive -----
:10-07 15:55:52.289847:        :0x4:-:<0,0,9>:	Operation:
:10-07 15:55:52.289853:        :0x4:-:<0,0,9>:	set
:10-07 15:55:52.289859:        :0x4:-:<0,0,9>:	Destination:
:10-07 15:55:52.289864:        :0x4:-:<0,0,9>:	m.server_diff[31:0] = 0x0
:10-07 15:55:52.289870:        :0x4:-:<0,0,9>:	mask=0xFFFFFFFF
:10-07 15:55:52.289876:        :0x4:-:<0,0,9>:	Source 1:
:10-07 15:55:52.289881:        :0x4:-:<0,0,9>:	Val=0x20
:10-07 15:55:52.289888:        :0x4:-:<0,0,9>:Next Table = n_Ingress.sequence_guard
:10-07 15:55:52.289895:    :0x4:-:<0,0,->:------------ Stage 10 ------------
:10-07 15:55:52.290009:    :0x4:-:<0,0,10>:Ingress : Table n_Ingress.sequence_guard is hit
:10-07 15:55:52.290017:        :0x4:-:<0,0,10>:Key:
:10-07 15:55:52.290026:        :0x4:-:<0,0,10>:	m.client_diff[31:0] = 0x0
:10-07 15:55:52.290032:        :0x4:-:<0,0,10>:	m.server_diff[31:0] = 0x0
:10-07 15:55:52.290039:        :0x4:-:<0,0,10>:Execute Action: n_Ingress.seq_ok
:10-07 15:55:52.290055:        :0x4:-:<0,0,10>:Action Results:
:10-07 15:55:52.290061:        :0x4:-:<0,0,10>:	----- ModifyFieldPrimitive -----
:10-07 15:55:52.290067:        :0x4:-:<0,0,10>:	Operation:
:10-07 15:55:52.290073:        :0x4:-:<0,0,10>:	set
:10-07 15:55:52.290079:        :0x4:-:<0,0,10>:	Destination:
:10-07 15:55:52.290085:        :0x4:-:<0,0,10>:	m.sequence_valid[7:0] = 0x1
:10-07 15:55:52.290090:        :0x4:-:<0,0,10>:	mask=0xFF
:10-07 15:55:52.290096:        :0x4:-:<0,0,10>:	Source 1:
:10-07 15:55:52.290102:        :0x4:-:<0,0,10>:	Val=0x8
:10-07 15:55:52.290108:        :0x4:-:<0,0,10>:Next Table = n_Ingress.ready_result_t
:10-07 15:55:52.290116:    :0x4:-:<0,0,10>:Ingress : Gateway table condition ((m.kind == 20)) not matched.
:10-07 15:55:52.290122:    :0x4:-:<0,0,10>:Ingress : Table n_Ingress.ready_result_t is inhibited by a gateway condition
:10-07 15:55:52.290128:    :0x4:-:<0,0,10>:Ingress : Gateway did provide payload.
:10-07 15:55:52.290135:        :0x4:-:<0,0,10>:Execute Action: ERROR:Invalid-Action
:10-07 15:55:52.290146:        :0x4:-:<0,0,10>:Action Results:
:10-07 15:55:52.290152:        :0x4:-:<0,0,10>:Next Table = cond-70
:10-07 15:55:52.290159:    :0x4:-:<0,0,10>:Ingress : Gateway table condition ((m.stage == 0)) not matched.
:10-07 15:55:52.290169:    :0x4:-:<0,0,10>:Ingress : Gateway attached to cond-70
:10-07 15:55:52.290178:    :0x4:-:<0,0,10>:Ingress : Associated table cond-70 is executed
:10-07 15:55:52.290183:    :0x4:-:<0,0,10>:Ingress : Gateway did provide payload.
:10-07 15:55:52.290189:        :0x4:-:<0,0,10>:Next Table = n_Ingress.reset_boundary
:10-07 15:55:52.290195:    :0x4:-:<0,0,10>:Ingress : Table n_Ingress.object_match is not active(inhibited/skipped)
:10-07 15:55:52.290203:    :0x4:-:<0,0,10>:Ingress : Gateway table condition ((m.kind == 4)) not matched.
:10-07 15:55:52.290209:    :0x4:-:<0,0,10>:Ingress : Table n_Ingress.reset_boundary is inhibited by a gateway condition
:10-07 15:55:52.290214:    :0x4:-:<0,0,10>:Ingress : Gateway did provide payload.
:10-07 15:55:52.290221:        :0x4:-:<0,0,10>:Next Table = cond-75
:10-07 15:55:52.290228:    :0x4:-:<0,0,10>:Ingress : Gateway table condition ((m.work_phase == 1 || m.work_phase == 2)) not matched.
:10-07 15:55:52.290234:    :0x4:-:<0,0,10>:Ingress : Gateway attached to cond-75
:10-07 15:55:52.290240:    :0x4:-:<0,0,10>:Ingress : Associated table cond-75 is executed
:10-07 15:55:52.290246:    :0x4:-:<0,0,10>:Ingress : Gateway did provide payload.
:10-07 15:55:52.290251:        :0x4:-:<0,0,10>:Next Table = n_Ingress.read_terminal_t
:10-07 15:55:52.290258:    :0x4:-:<0,0,10>:Ingress : Table n_Ingress.carry_t is not active(inhibited/skipped)
:10-07 15:55:52.290264:    :0x4:-:<0,0,10>:Ingress : Table n_Ingress.abort_t is not active(inhibited/skipped)
:10-07 15:55:52.290270:    :0x4:-:<0,0,10>:Ingress : Table n_Ingress.snapshot_t is not active(inhibited/skipped)
:10-07 15:55:52.290276:    :0x4:-:<0,0,10>:Ingress : Table n_Ingress.busy_t is not active(inhibited/skipped)
:10-07 15:55:52.290290:    :0x4:-:<0,0,10>:Ingress : Gateway table condition ((m.work_phase == 3)) matched.
:10-07 15:55:52.290296:    :0x4:-:<0,0,10>:Ingress : Associated table n_Ingress.read_terminal_t is executed
:10-07 15:55:52.290302:    :0x4:-:<0,0,10>:Ingress : Table n_Ingress.read_terminal_t is hit
:10-07 15:55:52.290308:        :0x4:-:<0,0,10>:Key:
:10-07 15:55:52.290318:        :0x4:-:<0,0,10>:	m.epoch_diff[15:0] = 0x0
:10-07 15:55:52.290324:        :0x4:-:<0,0,10>:	m.epoch_diff[31:16] = 0x0
:10-07 15:55:52.290330:        :0x4:-:<0,0,10>:	m.kind[7:0] = 0x1
:10-07 15:55:52.290335:        :0x4:-:<0,0,10>:	m.owner_diff[15:0] = 0x0
:10-07 15:55:52.290341:        :0x4:-:<0,0,10>:	m.owner_diff[31:16] = 0x0
:10-07 15:55:52.290349:        :0x4:-:<0,0,10>:Execute Action: n_Ingress.terminal_strip
:10-07 15:55:52.290365:        :0x4:-:<0,0,10>:Action Results:
:10-07 15:55:52.290372:        :0x4:-:<0,0,10>:	----- RemoveHeaderPrimitive -----
:10-07 15:55:52.290377:        :0x4:-:<0,0,10>:	Destination:
:10-07 15:55:52.290383:        :0x4:-:<0,0,10>:	hdr.captured.$valid=header
:10-07 15:55:52.290389:        :0x4:-:<0,0,10>:	----- RemoveHeaderPrimitive -----
:10-07 15:55:52.290395:        :0x4:-:<0,0,10>:	Destination:
:10-07 15:55:52.290400:        :0x4:-:<0,0,10>:	hdr.envelope.$valid=header
:10-07 15:55:52.290406:        :0x4:-:<0,0,10>:	----- RemoveHeaderPrimitive -----
:10-07 15:55:52.290412:        :0x4:-:<0,0,10>:	Destination:
:10-07 15:55:52.290418:        :0x4:-:<0,0,10>:	hdr.work_generation.$valid=header
:10-07 15:55:52.290423:        :0x4:-:<0,0,10>:	----- RemoveHeaderPrimitive -----
:10-07 15:55:52.290429:        :0x4:-:<0,0,10>:	Destination:
:10-07 15:55:52.290435:        :0x4:-:<0,0,10>:	hdr.expected_cell.$valid=header
:10-07 15:55:52.290441:        :0x4:-:<0,0,10>:	----- RemoveHeaderPrimitive -----
:10-07 15:55:52.290446:        :0x4:-:<0,0,10>:	Destination:
:10-07 15:55:52.290452:        :0x4:-:<0,0,10>:	hdr.event.$valid=header
:10-07 15:55:52.290458:        :0x4:-:<0,0,10>:Next Table = --END_OF_PIPELINE--
:10-07 15:55:52.290465:    :0x4:-:<0,0,->:------------ Stage 11 ------------
:10-07 15:55:52.290532:    :0x4:-:<0,0,->:------------ Stage 0 EOP processing ------------
:10-07 15:55:52.290570:    :0x4:-:<0,0,->:------------ Stage 1 EOP processing ------------
:10-07 15:55:52.290633:    :0x4:-:<0,0,->:------------ Stage 2 EOP processing ------------
:10-07 15:55:52.290684:    :0x4:-:<0,0,->:------------ Stage 3 EOP processing ------------
:10-07 15:55:52.290711:    :0x4:-:<0,0,->:------------ Stage 4 EOP processing ------------
:10-07 15:55:52.290724:    :0x4:-:<0,0,->:------------ Stage 5 EOP processing ------------
:10-07 15:55:52.290766:    :0x4:-:<0,0,->:------------ Stage 6 EOP processing ------------
:10-07 15:55:52.290784:    :0x4:-:<0,0,->:------------ Stage 7 EOP processing ------------
:10-07 15:55:52.290810:    :0x4:-:<0,0,->:------------ Stage 8 EOP processing ------------
:10-07 15:55:52.290834:    :0x4:-:<0,0,->:------------ Stage 9 EOP processing ------------
:10-07 15:55:52.290860:    :0x4:-:<0,0,->:------------ Stage 10 EOP processing ------------
:10-07 15:55:52.290922:    :0x4:-:<0,0,->:------------ Stage 11 EOP processing ------------
:10-07 15:55:52.290942:        :0x4:-:<0,0,->:Ingress Deparser Headers:
:10-07 15:55:52.290951:        :0x4:-:<0,0,->:Header hdr.eth.$valid is valid
:10-07 15:55:52.290956:        :0x4:-:<0,0,->:Header hdr.ip.$valid is valid
:10-07 15:55:52.290962:        :0x4:-:<0,0,->:Header hdr.mss.$valid is valid
:10-07 15:55:52.290968:        :0x4:-:<0,0,->:Header hdr.tcp.$valid is valid
:10-07 15:55:52.291133:    :0x4:-:<0,0,->:---- Mirroring session 0 : ingress  ----
:10-07 15:55:52.291140:        :0x4:-:<0,0,->:Mirroring session 0 is not enabled
:10-07 15:55:52.291161:    :-:-:<0,0,0>:========== Egress Pkt from TM to port 2 (tm 64, real 64 bytes) ==========
:10-07 15:55:52.291167:    :-:-:<0,0,0>:Packet :
:10-07 15:55:52.291174:        :-:-:<0,0,0>:00 11 22 33 44 55 aa bb cc dd ee ff 08 00 45 00 
:10-07 15:55:52.291181:        :-:-:<0,0,0>:00 2c 00 01 40 00 40 06 26 c9 0a 00 00 01 0a 00 
:10-07 15:55:52.291187:        :-:-:<0,0,0>:00 02 75 31 4e 20 00 00 00 63 00 00 00 00 60 02 
:10-07 15:55:52.291194:        :-:-:<0,0,0>:10 00 b0 47 00 00 02 04 05 dc 00 00 00 00 00 00 
:10-07 15:55:52.291200:    :-:-:<0,0,0>:========== Tx Pkt to port 2 (Bypass Egress) (64 bytes) ==========
:10-07 15:55:52.291206:    :-:-:<0,0,0>:Packet :
:10-07 15:55:52.291212:        :-:-:<0,0,0>:00 11 22 33 44 55 aa bb cc dd ee ff 08 00 45 00 
:10-07 15:55:52.291219:        :-:-:<0,0,0>:00 2c 00 01 40 00 40 06 26 c9 0a 00 00 01 0a 00 
:10-07 15:55:52.291225:        :-:-:<0,0,0>:00 02 75 31 4e 20 00 00 00 63 00 00 00 00 60 02 
:10-07 15:55:52.291232:        :-:-:<0,0,0>:10 00 b0 47 00 00 02 04 05 dc 00 00 00 00 00 00 
:10-07 15:55:52.291269:    :-:-:<0,-,0>:Waiting for packets to process
