config,delivery,timing_mode,rep,txn,request_size,response_size,selected_target_ms,native_ready_ms,added_hold_ms,server_visible_ms,client_visible_ms,deadline_missed,bypassed,bypass_reason,queue_depth,byte_identical,recv_len,retransmission_count,ack_mode_pcap,dnp3_success
native/full,full,native,0,1,24,17,0.0,0.611,0.0,0.611,0.7886,False,False,none,0,True,17,na_no_pcap,not_captured,True
native/full,full,native,0,2,21,17,0.0,0.3618,0.0,0.3618,0.7009,False,False,none,0,True,17,na_no_pcap,not_captured,True
native/full,full,native,0,3,24,17,0.0,0.3525,0.0,0.3525,0.5993,False,False,none,0,True,17,na_no_pcap,not_captured,True
native/full,full,native,0,4,18,2407,0.0,0.3537,0.0,0.3537,0.5879,False,False,none,0,True,2407,na_no_pcap,not_captured,True
native/full,full,native,0,5,15,1657,0.0,0.3867,0.0,0.3867,0.6737,False,False,none,0,True,1657,na_no_pcap,not_captured,True
native/full,full,native,1,1,24,17,0.0,0.5977,0.0,0.5977,0.7534,False,False,none,0,True,17,na_no_pcap,not_captured,True
native/full,full,native,1,2,21,17,0.0,0.3622,0.0,0.3622,0.707,False,False,none,0,True,17,na_no_pcap,not_captured,True
native/full,full,native,1,3,24,17,0.0,0.3538,0.0,0.3538,0.6859,False,False,none,0,True,17,na_no_pcap,not_captured,True
native/full,full,native,1,4,18,2407,0.0,0.3645,0.0,0.3645,0.5059,False,False,none,0,True,2407,na_no_pcap,not_captured,True
native/full,full,native,1,5,15,1657,0.0,0.4083,0.0,0.4083,0.7017,False,False,none,0,True,1657,na_no_pcap,not_captured,True
native/full,full,native,2,1,24,17,0.0,0.6165,0.0,0.6165,0.7708,False,False,none,0,True,17,na_no_pcap,not_captured,True
native/full,full,native,2,2,21,17,0.0,0.3709,0.0,0.3709,0.7202,False,False,none,0,True,17,na_no_pcap,not_captured,True
native/full,full,native,2,3,24,17,0.0,0.3653,0.0,0.3653,0.6137,False,False,none,0,True,17,na_no_pcap,not_captured,True
native/full,full,native,2,4,18,2407,0.0,0.3544,0.0,0.3544,0.5905,False,False,none,0,True,2407,na_no_pcap,not_captured,True
native/full,full,native,2,5,15,1657,0.0,0.4341,0.0,0.4341,0.7327,False,False,none,0,True,1657,na_no_pcap,not_captured,True
native/full,full,native,3,1,24,17,0.0,0.5928,0.0,0.5928,0.7322,False,False,none,0,True,17,na_no_pcap,not_captured,True
native/full,full,native,3,2,21,17,0.0,0.3648,0.0,0.3648,0.7026,False,False,none,0,True,17,na_no_pcap,not_captured,True
native/full,full,native,3,3,24,17,0.0,0.3429,0.0,0.3429,0.5835,False,False,none,0,True,17,na_no_pcap,not_captured,True
native/full,full,native,3,4,18,2407,0.0,0.3622,0.0,0.3622,0.597,False,False,none,0,True,2407,na_no_pcap,not_captured,True
native/full,full,native,3,5,15,1657,0.0,0.3713,0.0,0.3713,0.6581,False,False,none,0,True,1657,na_no_pcap,not_captured,True
native/full,full,native,4,1,24,17,0.0,0.4111,0.0,0.4111,0.5102,False,False,none,0,True,17,na_no_pcap,not_captured,True
native/full,full,native,4,2,21,17,0.0,0.1606,0.0,0.1606,0.3378,False,False,none,0,True,17,na_no_pcap,not_captured,True
native/full,full,native,4,3,24,17,0.0,0.1567,0.0,0.1567,0.2662,False,False,none,0,True,17,na_no_pcap,not_captured,True
native/full,full,native,4,4,18,2407,0.0,0.1579,0.0,0.1579,0.2628,False,False,none,0,True,2407,na_no_pcap,not_captured,True
native/full,full,native,4,5,15,1657,0.0,0.1742,0.0,0.1742,0.3033,False,False,none,0,True,1657,na_no_pcap,not_captured,True
native/full,full,native,5,1,24,17,0.0,0.3346,0.0,0.3346,0.4326,False,False,none,0,True,17,na_no_pcap,not_captured,True
native/full,full,native,5,2,21,17,0.0,0.1657,0.0,0.1657,0.507,False,False,none,0,True,17,na_no_pcap,not_captured,True
native/full,full,native,5,3,24,17,0.0,0.1791,0.0,0.1791,0.2383,False,False,none,0,True,17,na_no_pcap,not_captured,True
native/full,full,native,5,4,18,2407,0.0,0.1619,0.0,0.1619,0.2738,False,False,none,0,True,2407,na_no_pcap,not_captured,True
native/full,full,native,5,5,15,1657,0.0,0.1804,0.0,0.1804,0.3135,False,False,none,0,True,1657,na_no_pcap,not_captured,True
native/full,full,native,6,1,24,17,0.0,0.6414,0.0,0.6414,0.7966,False,False,none,0,True,17,na_no_pcap,not_captured,True
native/full,full,native,6,2,21,17,0.0,0.3916,0.0,0.3916,0.7369,False,False,none,0,True,17,na_no_pcap,not_captured,True
native/full,full,native,6,3,24,17,0.0,0.3779,0.0,0.3779,0.6356,False,False,none,0,True,17,na_no_pcap,not_captured,True
native/full,full,native,6,4,18,2407,0.0,0.3897,0.0,0.3897,0.6776,False,False,none,0,True,2407,na_no_pcap,not_captured,True
native/full,full,native,6,5,15,1657,0.0,0.4204,0.0,0.4204,0.7286,False,False,none,0,True,1657,na_no_pcap,not_captured,True
native/full,full,native,7,1,24,17,0.0,0.5961,0.0,0.5961,0.725,False,False,none,0,True,17,na_no_pcap,not_captured,True
native/full,full,native,7,2,21,17,0.0,0.3771,0.0,0.3771,0.7113,False,False,none,0,True,17,na_no_pcap,not_captured,True
native/full,full,native,7,3,24,17,0.0,0.3913,0.0,0.3913,0.6565,False,False,none,0,True,17,na_no_pcap,not_captured,True
native/full,full,native,7,4,18,2407,0.0,0.3647,0.0,0.3647,0.6108,False,False,none,0,True,2407,na_no_pcap,not_captured,True
native/full,full,native,7,5,15,1657,0.0,0.4009,0.0,0.4009,0.6937,False,False,none,0,True,1657,na_no_pcap,not_captured,True
native/full,full,native,8,1,24,17,0.0,0.6284,0.0,0.6284,0.7824,False,False,none,0,True,17,na_no_pcap,not_captured,True
native/full,full,native,8,2,21,17,0.0,0.3836,0.0,0.3836,0.7374,False,False,none,0,True,17,na_no_pcap,not_captured,True
native/full,full,native,8,3,24,17,0.0,0.387,0.0,0.387,0.6328,False,False,none,0,True,17,na_no_pcap,not_captured,True
native/full,full,native,8,4,18,2407,0.0,0.3704,0.0,0.3704,0.6122,False,False,none,0,True,2407,na_no_pcap,not_captured,True
native/full,full,native,8,5,15,1657,0.0,0.4002,0.0,0.4002,0.6945,False,False,none,0,True,1657,na_no_pcap,not_captured,True
native/full,full,native,9,1,24,17,0.0,0.6224,0.0,0.6224,0.7783,False,False,none,0,True,17,na_no_pcap,not_captured,True
native/full,full,native,9,2,21,17,0.0,0.3787,0.0,0.3787,1.5896,False,False,none,0,True,17,na_no_pcap,not_captured,True
native/full,full,native,9,3,24,17,0.0,0.3985,0.0,0.3985,0.5178,False,False,none,0,True,17,na_no_pcap,not_captured,True
native/full,full,native,9,4,18,2407,0.0,0.3722,0.0,0.3722,0.617,False,False,none,0,True,2407,na_no_pcap,not_captured,True
native/full,full,native,9,5,15,1657,0.0,0.4035,0.0,0.4035,0.6974,False,False,none,0,True,1657,na_no_pcap,not_captured,True
native/full,full,native,10,1,24,17,0.0,0.6959,0.0,0.6959,0.8623,False,False,none,0,True,17,na_no_pcap,not_captured,True
native/full,full,native,10,2,21,17,0.0,0.3848,0.0,0.3848,0.7418,False,False,none,0,True,17,na_no_pcap,not_captured,True
native/full,full,native,10,3,24,17,0.0,0.3679,0.0,0.3679,0.6282,False,False,none,0,True,17,na_no_pcap,not_captured,True
native/full,full,native,10,4,18,2407,0.0,0.3726,0.0,0.3726,0.6132,False,False,none,0,True,2407,na_no_pcap,not_captured,True
native/full,full,native,10,5,15,1657,0.0,0.4055,0.0,0.4055,0.7023,False,False,none,0,True,1657,na_no_pcap,not_captured,True
native/full,full,native,11,1,24,17,0.0,0.6439,0.0,0.6439,0.8339,False,False,none,0,True,17,na_no_pcap,not_captured,True
native/full,full,native,11,2,21,17,0.0,0.3655,0.0,0.3655,0.7143,False,False,none,0,True,17,na_no_pcap,not_captured,True
native/full,full,native,11,3,24,17,0.0,0.3507,0.0,0.3507,0.5926,False,False,none,0,True,17,na_no_pcap,not_captured,True
native/full,full,native,11,4,18,2407,0.0,0.3456,0.0,0.3456,0.5781,False,False,none,0,True,2407,na_no_pcap,not_captured,True
native/full,full,native,11,5,15,1657,0.0,0.4119,0.0,0.4119,0.694,False,False,none,0,True,1657,na_no_pcap,not_captured,True
native/full,full,native,12,1,24,17,0.0,0.6425,0.0,0.6425,0.8026,False,False,none,0,True,17,na_no_pcap,not_captured,True
native/full,full,native,12,2,21,17,0.0,0.4111,0.0,0.4111,0.8111,False,False,none,0,True,17,na_no_pcap,not_captured,True
native/full,full,native,12,3,24,17,0.0,0.3598,0.0,0.3598,0.5651,False,False,none,0,True,17,na_no_pcap,not_captured,True
native/full,full,native,12,4,18,2407,0.0,0.3576,0.0,0.3576,0.5882,False,False,none,0,True,2407,na_no_pcap,not_captured,True
native/full,full,native,12,5,15,1657,0.0,0.3941,0.0,0.3941,0.6825,False,False,none,0,True,1657,na_no_pcap,not_captured,True
native/full,full,native,13,1,24,17,0.0,0.6617,0.0,0.6617,0.8479,False,False,none,0,True,17,na_no_pcap,not_captured,True
native/full,full,native,13,2,21,17,0.0,0.3656,0.0,0.3656,0.7369,False,False,none,0,True,17,na_no_pcap,not_captured,True
native/full,full,native,13,3,24,17,0.0,0.3436,0.0,0.3436,0.5883,False,False,none,0,True,17,na_no_pcap,not_captured,True
native/full,full,native,13,4,18,2407,0.0,0.3378,0.0,0.3378,0.5704,False,False,none,0,True,2407,na_no_pcap,not_captured,True
native/full,full,native,13,5,15,1657,0.0,0.3639,0.0,0.3639,0.6412,False,False,none,0,True,1657,na_no_pcap,not_captured,True
native/full,full,native,14,1,24,17,0.0,0.6476,0.0,0.6476,0.808,False,False,none,0,True,17,na_no_pcap,not_captured,True
native/full,full,native,14,2,21,17,0.0,0.3759,0.0,0.3759,0.7254,False,False,none,0,True,17,na_no_pcap,not_captured,True
native/full,full,native,14,3,24,17,0.0,0.3638,0.0,0.3638,0.6192,False,False,none,0,True,17,na_no_pcap,not_captured,True
native/full,full,native,14,4,18,2407,0.0,0.3704,0.0,0.3704,0.6208,False,False,none,0,True,2407,na_no_pcap,not_captured,True
native/full,full,native,14,5,15,1657,0.0,0.4069,0.0,0.4069,0.6821,False,False,none,0,True,1657,na_no_pcap,not_captured,True
native/full,full,native,15,1,24,17,0.0,0.6344,0.0,0.6344,0.8236,False,False,none,0,True,17,na_no_pcap,not_captured,True
native/full,full,native,15,2,21,17,0.0,0.3625,0.0,0.3625,0.7121,False,False,none,0,True,17,na_no_pcap,not_captured,True
native/full,full,native,15,3,24,17,0.0,0.3499,0.0,0.3499,0.5931,False,False,none,0,True,17,na_no_pcap,not_captured,True
native/full,full,native,15,4,18,2407,0.0,0.3434,0.0,0.3434,0.5762,False,False,none,0,True,2407,na_no_pcap,not_captured,True
native/full,full,native,15,5,15,1657,0.0,0.3864,0.0,0.3864,0.6845,False,False,none,0,True,1657,na_no_pcap,not_captured,True
native/full,full,native,16,1,24,17,0.0,0.6239,0.0,0.6239,0.7841,False,False,none,0,True,17,na_no_pcap,not_captured,True
native/full,full,native,16,2,21,17,0.0,0.3667,0.0,0.3667,0.7166,False,False,none,0,True,17,na_no_pcap,not_captured,True
native/full,full,native,16,3,24,17,0.0,0.4036,0.0,0.4036,0.6943,False,False,none,0,True,17,na_no_pcap,not_captured,True
native/full,full,native,16,4,18,2407,0.0,0.3531,0.0,0.3531,0.5426,False,False,none,0,True,2407,na_no_pcap,not_captured,True
native/full,full,native,16,5,15,1657,0.0,0.3088,0.0,0.3088,0.5407,False,False,none,0,True,1657,na_no_pcap,not_captured,True
native/full,full,native,17,1,24,17,0.0,0.6162,0.0,0.6162,0.775,False,False,none,0,True,17,na_no_pcap,not_captured,True
native/full,full,native,17,2,21,17,0.0,0.3685,0.0,0.3685,0.6837,False,False,none,0,True,17,na_no_pcap,not_captured,True
native/full,full,native,17,3,24,17,0.0,0.3568,0.0,0.3568,0.6152,False,False,none,0,True,17,na_no_pcap,not_captured,True
native/full,full,native,17,4,18,2407,0.0,0.3508,0.0,0.3508,0.5855,False,False,none,0,True,2407,na_no_pcap,not_captured,True
native/full,full,native,17,5,15,1657,0.0,0.3929,0.0,0.3929,0.6808,False,False,none,0,True,1657,na_no_pcap,not_captured,True
native/full,full,native,18,1,24,17,0.0,0.6322,0.0,0.6322,0.7912,False,False,none,0,True,17,na_no_pcap,not_captured,True
native/full,full,native,18,2,21,17,0.0,0.3786,0.0,0.3786,0.7666,False,False,none,0,True,17,na_no_pcap,not_captured,True
native/full,full,native,18,3,24,17,0.0,0.3647,0.0,0.3647,0.6146,False,False,none,0,True,17,na_no_pcap,not_captured,True
native/full,full,native,18,4,18,2407,0.0,0.3675,0.0,0.3675,0.6084,False,False,none,0,True,2407,na_no_pcap,not_captured,True
native/full,full,native,18,5,15,1657,0.0,0.3988,0.0,0.3988,0.6877,False,False,none,0,True,1657,na_no_pcap,not_captured,True
native/full,full,native,19,1,24,17,0.0,0.6395,0.0,0.6395,0.8152,False,False,none,0,True,17,na_no_pcap,not_captured,True
native/full,full,native,19,2,21,17,0.0,0.3852,0.0,0.3852,0.7425,False,False,none,0,True,17,na_no_pcap,not_captured,True
native/full,full,native,19,3,24,17,0.0,0.3754,0.0,0.3754,0.6341,False,False,none,0,True,17,na_no_pcap,not_captured,True
native/full,full,native,19,4,18,2407,0.0,0.3641,0.0,0.3641,0.5966,False,False,none,0,True,2407,na_no_pcap,not_captured,True
native/full,full,native,19,5,15,1657,0.0,0.408,0.0,0.408,0.7012,False,False,none,0,True,1657,na_no_pcap,not_captured,True
native/full,full,native,20,1,24,17,0.0,0.6584,0.0,0.6584,0.8154,False,False,none,0,True,17,na_no_pcap,not_captured,True
native/full,full,native,20,2,21,17,0.0,0.3799,0.0,0.3799,0.7382,False,False,none,0,True,17,na_no_pcap,not_captured,True
native/full,full,native,20,3,24,17,0.0,0.373,0.0,0.373,0.6108,False,False,none,0,True,17,na_no_pcap,not_captured,True
native/full,full,native,20,4,18,2407,0.0,0.3695,0.0,0.3695,0.605,False,False,none,0,True,2407,na_no_pcap,not_captured,True
native/full,full,native,20,5,15,1657,0.0,0.3995,0.0,0.3995,0.6854,False,False,none,0,True,1657,na_no_pcap,not_captured,True
native/full,full,native,21,1,24,17,0.0,0.619,0.0,0.619,0.755,False,False,none,0,True,17,na_no_pcap,not_captured,True
native/full,full,native,21,2,21,17,0.0,0.3825,0.0,0.3825,0.7213,False,False,none,0,True,17,na_no_pcap,not_captured,True
native/full,full,native,21,3,24,17,0.0,0.3733,0.0,0.3733,0.6204,False,False,none,0,True,17,na_no_pcap,not_captured,True
native/full,full,native,21,4,18,2407,0.0,0.3626,0.0,0.3626,0.604,False,False,none,0,True,2407,na_no_pcap,not_captured,True
native/full,full,native,21,5,15,1657,0.0,0.4174,0.0,0.4174,0.7045,False,False,none,0,True,1657,na_no_pcap,not_captured,True
native/full,full,native,22,1,24,17,0.0,0.6199,0.0,0.6199,0.7816,False,False,none,0,True,17,na_no_pcap,not_captured,True
native/full,full,native,22,2,21,17,0.0,0.3845,0.0,0.3845,0.7243,False,False,none,0,True,17,na_no_pcap,not_captured,True
native/full,full,native,22,3,24,17,0.0,0.3754,0.0,0.3754,0.6244,False,False,none,0,True,17,na_no_pcap,not_captured,True
native/full,full,native,22,4,18,2407,0.0,0.3656,0.0,0.3656,0.6075,False,False,none,0,True,2407,na_no_pcap,not_captured,True
native/full,full,native,22,5,15,1657,0.0,0.4274,0.0,0.4274,0.8299,False,False,none,0,True,1657,na_no_pcap,not_captured,True
native/full,full,native,23,1,24,17,0.0,0.6094,0.0,0.6094,0.7643,False,False,none,0,True,17,na_no_pcap,not_captured,True
native/full,full,native,23,2,21,17,0.0,0.3758,0.0,0.3758,0.7267,False,False,none,0,True,17,na_no_pcap,not_captured,True
native/full,full,native,23,3,24,17,0.0,0.366,0.0,0.366,0.6151,False,False,none,0,True,17,na_no_pcap,not_captured,True
native/full,full,native,23,4,18,2407,0.0,0.3617,0.0,0.3617,0.5842,False,False,none,0,True,2407,na_no_pcap,not_captured,True
native/full,full,native,23,5,15,1657,0.0,0.4027,0.0,0.4027,0.7276,False,False,none,0,True,1657,na_no_pcap,not_captured,True
native/full,full,native,24,1,24,17,0.0,0.6266,0.0,0.6266,0.7686,False,False,none,0,True,17,na_no_pcap,not_captured,True
native/full,full,native,24,2,21,17,0.0,0.3782,0.0,0.3782,0.7196,False,False,none,0,True,17,na_no_pcap,not_captured,True
native/full,full,native,24,3,24,17,0.0,0.3673,0.0,0.3673,0.613,False,False,none,0,True,17,na_no_pcap,not_captured,True
native/full,full,native,24,4,18,2407,0.0,0.3824,0.0,0.3824,0.6257,False,False,none,0,True,2407,na_no_pcap,not_captured,True
native/full,full,native,24,5,15,1657,0.0,0.4053,0.0,0.4053,0.7119,False,False,none,0,True,1657,na_no_pcap,not_captured,True
native/full,full,native,25,1,24,17,0.0,0.6072,0.0,0.6072,0.7454,False,False,none,0,True,17,na_no_pcap,not_captured,True
native/full,full,native,25,2,21,17,0.0,0.3714,0.0,0.3714,0.7066,False,False,none,0,True,17,na_no_pcap,not_captured,True
native/full,full,native,25,3,24,17,0.0,0.4139,0.0,0.4139,0.6627,False,False,none,0,True,17,na_no_pcap,not_captured,True
native/full,full,native,25,4,18,2407,0.0,0.3625,0.0,0.3625,0.6063,False,False,none,0,True,2407,na_no_pcap,not_captured,True
native/full,full,native,25,5,15,1657,0.0,0.3121,0.0,0.3121,0.5418,False,False,none,0,True,1657,na_no_pcap,not_captured,True
native/full,full,native,26,1,24,17,0.0,0.6264,0.0,0.6264,0.7807,False,False,none,0,True,17,na_no_pcap,not_captured,True
native/full,full,native,26,2,21,17,0.0,0.3752,0.0,0.3752,0.7208,False,False,none,0,True,17,na_no_pcap,not_captured,True
native/full,full,native,26,3,24,17,0.0,0.4003,0.0,0.4003,0.6583,False,False,none,0,True,17,na_no_pcap,not_captured,True
native/full,full,native,26,4,18,2407,0.0,0.3565,0.0,0.3565,0.5992,False,False,none,0,True,2407,na_no_pcap,not_captured,True
native/full,full,native,26,5,15,1657,0.0,0.3902,0.0,0.3902,0.6764,False,False,none,0,True,1657,na_no_pcap,not_captured,True
native/full,full,native,27,1,24,17,0.0,0.613,0.0,0.613,0.7703,False,False,none,0,True,17,na_no_pcap,not_captured,True
native/full,full,native,27,2,21,17,0.0,0.3738,0.0,0.3738,0.7193,False,False,none,0,True,17,na_no_pcap,not_captured,True
native/full,full,native,27,3,24,17,0.0,0.4225,0.0,0.4225,0.6722,False,False,none,0,True,17,na_no_pcap,not_captured,True
native/full,full,native,27,4,18,2407,0.0,0.3645,0.0,0.3645,0.6113,False,False,none,0,True,2407,na_no_pcap,not_captured,True
native/full,full,native,27,5,15,1657,0.0,0.3198,0.0,0.3198,0.5578,False,False,none,0,True,1657,na_no_pcap,not_captured,True
native/full,full,native,28,1,24,17,0.0,0.6179,0.0,0.6179,0.7717,False,False,none,0,True,17,na_no_pcap,not_captured,True
native/full,full,native,28,2,21,17,0.0,0.3817,0.0,0.3817,0.7271,False,False,none,0,True,17,na_no_pcap,not_captured,True
native/full,full,native,28,3,24,17,0.0,0.3804,0.0,0.3804,0.6541,False,False,none,0,True,17,na_no_pcap,not_captured,True
native/full,full,native,28,4,18,2407,0.0,0.3668,0.0,0.3668,0.5982,False,False,none,0,True,2407,na_no_pcap,not_captured,True
native/full,full,native,28,5,15,1657,0.0,0.411,0.0,0.411,0.7055,False,False,none,0,True,1657,na_no_pcap,not_captured,True
native/full,full,native,29,1,24,17,0.0,0.6118,0.0,0.6118,0.7647,False,False,none,0,True,17,na_no_pcap,not_captured,True
native/full,full,native,29,2,21,17,0.0,0.4204,0.0,0.4204,0.7708,False,False,none,0,True,17,na_no_pcap,not_captured,True
native/full,full,native,29,3,24,17,0.0,0.3769,0.0,0.3769,0.6306,False,False,none,0,True,17,na_no_pcap,not_captured,True
native/full,full,native,29,4,18,2407,0.0,0.3687,0.0,0.3687,0.6065,False,False,none,0,True,2407,na_no_pcap,not_captured,True
native/full,full,native,29,5,15,1657,0.0,0.4103,0.0,0.4103,0.7062,False,False,none,0,True,1657,na_no_pcap,not_captured,True
native/full,full,native,30,1,24,17,0.0,0.6173,0.0,0.6173,0.7691,False,False,none,0,True,17,na_no_pcap,not_captured,True
native/full,full,native,30,2,21,17,0.0,0.3925,0.0,0.3925,0.7701,False,False,none,0,True,17,na_no_pcap,not_captured,True
native/full,full,native,30,3,24,17,0.0,0.375,0.0,0.375,0.6253,False,False,none,0,True,17,na_no_pcap,not_captured,True
native/full,full,native,30,4,18,2407,0.0,0.3716,0.0,0.3716,0.6133,False,False,none,0,True,2407,na_no_pcap,not_captured,True
native/full,full,native,30,5,15,1657,0.0,0.4092,0.0,0.4092,0.7074,False,False,none,0,True,1657,na_no_pcap,not_captured,True
native/full,full,native,31,1,24,17,0.0,0.6273,0.0,0.6273,0.8106,False,False,none,0,True,17,na_no_pcap,not_captured,True
native/full,full,native,31,2,21,17,0.0,0.3634,0.0,0.3634,0.7147,False,False,none,0,True,17,na_no_pcap,not_captured,True
native/full,full,native,31,3,24,17,0.0,0.3544,0.0,0.3544,0.5966,False,False,none,0,True,17,na_no_pcap,not_captured,True
native/full,full,native,31,4,18,2407,0.0,0.3424,0.0,0.3424,0.5847,False,False,none,0,True,2407,na_no_pcap,not_captured,True
native/full,full,native,31,5,15,1657,0.0,0.3811,0.0,0.3811,0.673,False,False,none,0,True,1657,na_no_pcap,not_captured,True
native/full,full,native,32,1,24,17,0.0,0.6095,0.0,0.6095,0.7654,False,False,none,0,True,17,na_no_pcap,not_captured,True
native/full,full,native,32,2,21,17,0.0,0.3783,0.0,0.3783,0.7232,False,False,none,0,True,17,na_no_pcap,not_captured,True
native/full,full,native,32,3,24,17,0.0,0.3622,0.0,0.3622,0.6109,False,False,none,0,True,17,na_no_pcap,not_captured,True
native/full,full,native,32,4,18,2407,0.0,0.3818,0.0,0.3818,0.621,False,False,none,0,True,2407,na_no_pcap,not_captured,True
native/full,full,native,32,5,15,1657,0.0,0.3969,0.0,0.3969,0.6902,False,False,none,0,True,1657,na_no_pcap,not_captured,True
native/full,full,native,33,1,24,17,0.0,0.6091,0.0,0.6091,0.7626,False,False,none,0,True,17,na_no_pcap,not_captured,True
native/full,full,native,33,2,21,17,0.0,0.3735,0.0,0.3735,0.7304,False,False,none,0,True,17,na_no_pcap,not_captured,True
native/full,full,native,33,3,24,17,0.0,0.3627,0.0,0.3627,0.6094,False,False,none,0,True,17,na_no_pcap,not_captured,True
native/full,full,native,33,4,18,2407,0.0,0.3567,0.0,0.3567,0.6171,False,False,none,0,True,2407,na_no_pcap,not_captured,True
native/full,full,native,33,5,15,1657,0.0,0.4102,0.0,0.4102,0.7095,False,False,none,0,True,1657,na_no_pcap,not_captured,True
native/full,full,native,34,1,24,17,0.0,0.6133,0.0,0.6133,0.7502,False,False,none,0,True,17,na_no_pcap,not_captured,True
native/full,full,native,34,2,21,17,0.0,0.3803,0.0,0.3803,0.7153,False,False,none,0,True,17,na_no_pcap,not_captured,True
native/full,full,native,34,3,24,17,0.0,0.3926,0.0,0.3926,0.6423,False,False,none,0,True,17,na_no_pcap,not_captured,True
native/full,full,native,34,4,18,2407,0.0,0.3776,0.0,0.3776,0.6193,False,False,none,0,True,2407,na_no_pcap,not_captured,True
native/full,full,native,34,5,15,1657,0.0,0.4052,0.0,0.4052,0.6969,False,False,none,0,True,1657,na_no_pcap,not_captured,True
native/full,full,native,35,1,24,17,0.0,0.6151,0.0,0.6151,0.7689,False,False,none,0,True,17,na_no_pcap,not_captured,True
native/full,full,native,35,2,21,17,0.0,0.373,0.0,0.373,0.7204,False,False,none,0,True,17,na_no_pcap,not_captured,True
native/full,full,native,35,3,24,17,0.0,0.3787,0.0,0.3787,0.6103,False,False,none,0,True,17,na_no_pcap,not_captured,True
native/full,full,native,35,4,18,2407,0.0,0.3645,0.0,0.3645,0.5914,False,False,none,0,True,2407,na_no_pcap,not_captured,True
native/full,full,native,35,5,15,1657,0.0,0.3952,0.0,0.3952,0.6833,False,False,none,0,True,1657,na_no_pcap,not_captured,True
native/full,full,native,36,1,24,17,0.0,0.6241,0.0,0.6241,0.7847,False,False,none,0,True,17,na_no_pcap,not_captured,True
native/full,full,native,36,2,21,17,0.0,0.3972,0.0,0.3972,0.7476,False,False,none,0,True,17,na_no_pcap,not_captured,True
native/full,full,native,36,3,24,17,0.0,0.3579,0.0,0.3579,0.6062,False,False,none,0,True,17,na_no_pcap,not_captured,True
native/full,full,native,36,4,18,2407,0.0,0.3527,0.0,0.3527,0.5848,False,False,none,0,True,2407,na_no_pcap,not_captured,True
native/full,full,native,36,5,15,1657,0.0,0.392,0.0,0.392,0.6814,False,False,none,0,True,1657,na_no_pcap,not_captured,True
native/full,full,native,37,1,24,17,0.0,0.6824,0.0,0.6824,0.8694,False,False,none,0,True,17,na_no_pcap,not_captured,True
native/full,full,native,37,2,21,17,0.0,0.3585,0.0,0.3585,0.6714,False,False,none,0,True,17,na_no_pcap,not_captured,True
native/full,full,native,37,3,24,17,0.0,0.3503,0.0,0.3503,0.5905,False,False,none,0,True,17,na_no_pcap,not_captured,True
native/full,full,native,37,4,18,2407,0.0,0.3429,0.0,0.3429,0.5781,False,False,none,0,True,2407,na_no_pcap,not_captured,True
native/full,full,native,37,5,15,1657,0.0,0.3862,0.0,0.3862,0.6696,False,False,none,0,True,1657,na_no_pcap,not_captured,True
native/full,full,native,38,1,24,17,0.0,0.6425,0.0,0.6425,0.8042,False,False,none,0,True,17,na_no_pcap,not_captured,True
native/full,full,native,38,2,21,17,0.0,0.3697,0.0,0.3697,0.7214,False,False,none,0,True,17,na_no_pcap,not_captured,True
native/full,full,native,38,3,24,17,0.0,0.3634,0.0,0.3634,0.6113,False,False,none,0,True,17,na_no_pcap,not_captured,True
native/full,full,native,38,4,18,2407,0.0,0.3586,0.0,0.3586,0.5997,False,False,none,0,True,2407,na_no_pcap,not_captured,True
native/full,full,native,38,5,15,1657,0.0,0.4438,0.0,0.4438,0.7236,False,False,none,0,True,1657,na_no_pcap,not_captured,True
native/full,full,native,39,1,24,17,0.0,0.6098,0.0,0.6098,0.7454,False,False,none,0,True,17,na_no_pcap,not_captured,True
native/full,full,native,39,2,21,17,0.0,0.3446,0.0,0.3446,0.6646,False,False,none,0,True,17,na_no_pcap,not_captured,True
native/full,full,native,39,3,24,17,0.0,0.3667,0.0,0.3667,0.5976,False,False,none,0,True,17,na_no_pcap,not_captured,True
native/full,full,native,39,4,18,2407,0.0,0.3097,0.0,0.3097,0.5637,False,False,none,0,True,2407,na_no_pcap,not_captured,True
native/full,full,native,39,5,15,1657,0.0,0.3094,0.0,0.3094,0.5414,False,False,none,0,True,1657,na_no_pcap,not_captured,True
native/full,full,native,40,1,24,17,0.0,0.6543,0.0,0.6543,0.8689,False,False,none,0,True,17,na_no_pcap,not_captured,True
native/full,full,native,40,2,21,17,0.0,0.3758,0.0,0.3758,0.6616,False,False,none,0,True,17,na_no_pcap,not_captured,True
native/full,full,native,40,3,24,17,0.0,0.3735,0.0,0.3735,0.6192,False,False,none,0,True,17,na_no_pcap,not_captured,True
native/full,full,native,40,4,18,2407,0.0,0.3716,0.0,0.3716,0.6484,False,False,none,0,True,2407,na_no_pcap,not_captured,True
native/full,full,native,40,5,15,1657,0.0,0.4004,0.0,0.4004,0.6864,False,False,none,0,True,1657,na_no_pcap,not_captured,True
native/full,full,native,41,1,24,17,0.0,0.6337,0.0,0.6337,0.8147,False,False,none,0,True,17,na_no_pcap,not_captured,True
native/full,full,native,41,2,21,17,0.0,0.3662,0.0,0.3662,0.7295,False,False,none,0,True,17,na_no_pcap,not_captured,True
native/full,full,native,41,3,24,17,0.0,0.3446,0.0,0.3446,0.5847,False,False,none,0,True,17,na_no_pcap,not_captured,True
native/full,full,native,41,4,18,2407,0.0,0.3476,0.0,0.3476,0.5827,False,False,none,0,True,2407,na_no_pcap,not_captured,True
native/full,full,native,41,5,15,1657,0.0,0.3812,0.0,0.3812,0.6664,False,False,none,0,True,1657,na_no_pcap,not_captured,True
native/full,full,native,42,1,24,17,0.0,0.65,0.0,0.65,0.8224,False,False,none,0,True,17,na_no_pcap,not_captured,True
native/full,full,native,42,2,21,17,0.0,0.3731,0.0,0.3731,0.7229,False,False,none,0,True,17,na_no_pcap,not_captured,True
native/full,full,native,42,3,24,17,0.0,0.3638,0.0,0.3638,0.6164,False,False,none,0,True,17,na_no_pcap,not_captured,True
native/full,full,native,42,4,18,2407,0.0,0.3541,0.0,0.3541,0.5895,False,False,none,0,True,2407,na_no_pcap,not_captured,True
native/full,full,native,42,5,15,1657,0.0,0.4003,0.0,0.4003,0.6879,False,False,none,0,True,1657,na_no_pcap,not_captured,True
native/full,full,native,43,1,24,17,0.0,0.654,0.0,0.654,0.8417,False,False,none,0,True,17,na_no_pcap,not_captured,True
native/full,full,native,43,2,21,17,0.0,0.3657,0.0,0.3657,0.716,False,False,none,0,True,17,na_no_pcap,not_captured,True
native/full,full,native,43,3,24,17,0.0,0.3474,0.0,0.3474,0.5896,False,False,none,0,True,17,na_no_pcap,not_captured,True
native/full,full,native,43,4,18,2407,0.0,0.3563,0.0,0.3563,0.591,False,False,none,0,True,2407,na_no_pcap,not_captured,True
native/full,full,native,43,5,15,1657,0.0,0.3985,0.0,0.3985,0.6943,False,False,none,0,True,1657,na_no_pcap,not_captured,True
native/full,full,native,44,1,24,17,0.0,0.4822,0.0,0.4822,0.6074,False,False,none,0,True,17,na_no_pcap,not_captured,True
native/full,full,native,44,2,21,17,0.0,0.274,0.0,0.274,0.5407,False,False,none,0,True,17,na_no_pcap,not_captured,True
native/full,full,native,44,3,24,17,0.0,0.2713,0.0,0.2713,0.452,False,False,none,0,True,17,na_no_pcap,not_captured,True
native/full,full,native,44,4,18,2407,0.0,0.2617,0.0,0.2617,0.4371,False,False,none,0,True,2407,na_no_pcap,not_captured,True
native/full,full,native,44,5,15,1657,0.0,0.3103,0.0,0.3103,0.5218,False,False,none,0,True,1657,na_no_pcap,not_captured,True
native/full,full,native,45,1,24,17,0.0,0.6155,0.0,0.6155,0.7502,False,False,none,0,True,17,na_no_pcap,not_captured,True
native/full,full,native,45,2,21,17,0.0,0.3748,0.0,0.3748,0.7138,False,False,none,0,True,17,na_no_pcap,not_captured,True
native/full,full,native,45,3,24,17,0.0,0.3653,0.0,0.3653,0.6149,False,False,none,0,True,17,na_no_pcap,not_captured,True
native/full,full,native,45,4,18,2407,0.0,0.3621,0.0,0.3621,0.6026,False,False,none,0,True,2407,na_no_pcap,not_captured,True
native/full,full,native,45,5,15,1657,0.0,0.3934,0.0,0.3934,0.7067,False,False,none,0,True,1657,na_no_pcap,not_captured,True
native/full,full,native,46,1,24,17,0.0,0.6108,0.0,0.6108,0.7658,False,False,none,0,True,17,na_no_pcap,not_captured,True
native/full,full,native,46,2,21,17,0.0,0.3768,0.0,0.3768,0.7335,False,False,none,0,True,17,na_no_pcap,not_captured,True
native/full,full,native,46,3,24,17,0.0,0.3563,0.0,0.3563,0.6043,False,False,none,0,True,17,na_no_pcap,not_captured,True
native/full,full,native,46,4,18,2407,0.0,0.3504,0.0,0.3504,0.5843,False,False,none,0,True,2407,na_no_pcap,not_captured,True
native/full,full,native,46,5,15,1657,0.0,0.3953,0.0,0.3953,0.7061,False,False,none,0,True,1657,na_no_pcap,not_captured,True
native/full,full,native,47,1,24,17,0.0,0.6331,0.0,0.6331,0.8161,False,False,none,0,True,17,na_no_pcap,not_captured,True
native/full,full,native,47,2,21,17,0.0,0.3875,0.0,0.3875,0.7442,False,False,none,0,True,17,na_no_pcap,not_captured,True
native/full,full,native,47,3,24,17,0.0,0.352,0.0,0.352,0.5903,False,False,none,0,True,17,na_no_pcap,not_captured,True
native/full,full,native,47,4,18,2407,0.0,0.3456,0.0,0.3456,0.579,False,False,none,0,True,2407,na_no_pcap,not_captured,True
native/full,full,native,47,5,15,1657,0.0,0.3832,0.0,0.3832,0.6642,False,False,none,0,True,1657,na_no_pcap,not_captured,True
native/full,full,native,48,1,24,17,0.0,0.6249,0.0,0.6249,0.7688,False,False,none,0,True,17,na_no_pcap,not_captured,True
native/full,full,native,48,2,21,17,0.0,0.3739,0.0,0.3739,0.716,False,False,none,0,True,17,na_no_pcap,not_captured,True
native/full,full,native,48,3,24,17,0.0,0.3565,0.0,0.3565,0.6022,False,False,none,0,True,17,na_no_pcap,not_captured,True
native/full,full,native,48,4,18,2407,0.0,0.3508,0.0,0.3508,0.5877,False,False,none,0,True,2407,na_no_pcap,not_captured,True
native/full,full,native,48,5,15,1657,0.0,0.4245,0.0,0.4245,0.7136,False,False,none,0,True,1657,na_no_pcap,not_captured,True
native/full,full,native,49,1,24,17,0.0,0.6363,0.0,0.6363,0.7938,False,False,none,0,True,17,na_no_pcap,not_captured,True
native/full,full,native,49,2,21,17,0.0,0.3764,0.0,0.3764,0.7254,False,False,none,0,True,17,na_no_pcap,not_captured,True
native/full,full,native,49,3,24,17,0.0,0.3684,0.0,0.3684,0.6186,False,False,none,0,True,17,na_no_pcap,not_captured,True
native/full,full,native,49,4,18,2407,0.0,0.4161,0.0,0.4161,0.6541,False,False,none,0,True,2407,na_no_pcap,not_captured,True
native/full,full,native,49,5,15,1657,0.0,0.3132,0.0,0.3132,0.5969,False,False,none,0,True,1657,na_no_pcap,not_captured,True
fixed25/full,full,fixed,0,1,24,17,25.0,0.6581,24.3419,25.0,25.2003,False,False,none,0,True,17,na_no_pcap,not_captured,True
fixed25/full,full,fixed,0,2,21,17,25.0,0.3816,24.6184,25.0,25.6585,False,False,none,0,True,17,na_no_pcap,not_captured,True
fixed25/full,full,fixed,0,3,24,17,25.0,0.2878,24.7122,25.0,25.1723,False,False,none,0,True,17,na_no_pcap,not_captured,True
fixed25/full,full,fixed,0,4,18,2407,25.0,0.407,24.593,25.0,25.3336,False,False,none,0,True,2407,na_no_pcap,not_captured,True
fixed25/full,full,fixed,0,5,15,1657,25.0,0.4232,24.5768,25.0,25.3746,False,False,none,0,True,1657,na_no_pcap,not_captured,True
fixed25/full,full,fixed,1,1,24,17,25.0,0.3248,24.6752,25.0,25.1299,False,False,none,0,True,17,na_no_pcap,not_captured,True
fixed25/full,full,fixed,1,2,21,17,25.0,0.2305,24.7695,25.0,25.2502,False,False,none,0,True,17,na_no_pcap,not_captured,True
fixed25/full,full,fixed,1,3,24,17,25.0,0.2314,24.7686,25.0,25.2197,False,False,none,0,True,17,na_no_pcap,not_captured,True
fixed25/full,full,fixed,1,4,18,2407,25.0,0.2319,24.7681,25.0,25.2155,False,False,none,0,True,2407,na_no_pcap,not_captured,True
fixed25/full,full,fixed,1,5,15,1657,25.0,0.2769,24.7231,25.0,25.2425,False,False,none,0,True,1657,na_no_pcap,not_captured,True
fixed25/full,full,fixed,2,1,24,17,25.0,0.6342,24.3658,25.0,25.1778,False,False,none,0,True,17,na_no_pcap,not_captured,True
fixed25/full,full,fixed,2,2,21,17,25.0,0.3743,24.6257,25.0,25.4573,False,False,none,0,True,17,na_no_pcap,not_captured,True
fixed25/full,full,fixed,2,3,24,17,25.0,0.3667,24.6333,25.0,25.2881,False,False,none,0,True,17,na_no_pcap,not_captured,True
fixed25/full,full,fixed,2,4,18,2407,25.0,0.3591,24.6409,25.0,25.3107,False,False,none,0,True,2407,na_no_pcap,not_captured,True
fixed25/full,full,fixed,2,5,15,1657,25.0,0.4173,24.5827,25.0,25.3566,False,False,none,0,True,1657,na_no_pcap,not_captured,True
fixed25/full,full,fixed,3,1,24,17,25.0,0.6066,24.3934,25.0,25.1797,False,False,none,0,True,17,na_no_pcap,not_captured,True
fixed25/full,full,fixed,3,2,21,17,25.0,0.3788,24.6212,25.0,25.4189,False,False,none,0,True,17,na_no_pcap,not_captured,True
fixed25/full,full,fixed,3,3,24,17,25.0,0.3937,24.6063,25.0,25.3153,False,False,none,0,True,17,na_no_pcap,not_captured,True
fixed25/full,full,fixed,3,4,18,2407,25.0,0.3602,24.6398,25.0,25.2974,False,False,none,0,True,2407,na_no_pcap,not_captured,True
fixed25/full,full,fixed,3,5,15,1657,25.0,0.4156,24.5844,25.0,25.3601,False,False,none,0,True,1657,na_no_pcap,not_captured,True
fixed25/full,full,fixed,4,1,24,17,25.0,0.62,24.38,25.0,25.1774,False,False,none,0,True,17,na_no_pcap,not_captured,True
fixed25/full,full,fixed,4,2,21,17,25.0,0.3731,24.6269,25.0,25.4212,False,False,none,0,True,17,na_no_pcap,not_captured,True
fixed25/full,full,fixed,4,3,24,17,25.0,0.3677,24.6323,25.0,25.3096,False,False,none,0,True,17,na_no_pcap,not_captured,True
fixed25/full,full,fixed,4,4,18,2407,25.0,0.3621,24.6379,25.0,25.3132,False,False,none,0,True,2407,na_no_pcap,not_captured,True
fixed25/full,full,fixed,4,5,15,1657,25.0,0.4083,24.5917,25.0,25.36,False,False,none,0,True,1657,na_no_pcap,not_captured,True
fixed25/full,full,fixed,5,1,24,17,25.0,0.3989,24.6011,25.0,25.1448,False,False,none,0,True,17,na_no_pcap,not_captured,True
fixed25/full,full,fixed,5,2,21,17,25.0,0.2057,24.7943,25.0,25.3064,False,False,none,0,True,17,na_no_pcap,not_captured,True
fixed25/full,full,fixed,5,3,24,17,25.0,0.2178,24.7822,25.0,25.2384,False,False,none,0,True,17,na_no_pcap,not_captured,True
fixed25/full,full,fixed,5,4,18,2407,25.0,0.2076,24.7924,25.0,25.2266,False,False,none,0,True,2407,na_no_pcap,not_captured,True
fixed25/full,full,fixed,5,5,15,1657,25.0,0.2359,24.7641,25.0,25.3233,False,False,none,0,True,1657,na_no_pcap,not_captured,True
fixed25/full,full,fixed,6,1,24,17,25.0,0.4015,24.5985,25.0,25.1593,False,False,none,0,True,17,na_no_pcap,not_captured,True
fixed25/full,full,fixed,6,2,21,17,25.0,0.2101,24.7899,25.0,25.2964,False,False,none,0,True,17,na_no_pcap,not_captured,True
fixed25/full,full,fixed,6,3,24,17,25.0,0.2153,24.7847,25.0,25.256,False,False,none,0,True,17,na_no_pcap,not_captured,True
fixed25/full,full,fixed,6,4,18,2407,25.0,0.281,24.719,25.0,25.266,False,False,none,0,True,2407,na_no_pcap,not_captured,True
fixed25/full,full,fixed,6,5,15,1657,25.0,0.2346,24.7654,25.0,25.5906,False,False,none,0,True,1657,na_no_pcap,not_captured,True
fixed25/full,full,fixed,7,1,24,17,25.0,0.3924,24.6076,25.0,25.1638,False,False,none,0,True,17,na_no_pcap,not_captured,True
fixed25/full,full,fixed,7,2,21,17,25.0,0.2119,24.7881,25.0,25.3141,False,False,none,0,True,17,na_no_pcap,not_captured,True
fixed25/full,full,fixed,7,3,24,17,25.0,0.2037,24.7963,25.0,25.2362,False,False,none,0,True,17,na_no_pcap,not_captured,True
fixed25/full,full,fixed,7,4,18,2407,25.0,0.209,24.791,25.0,25.2249,False,False,none,0,True,2407,na_no_pcap,not_captured,True
fixed25/full,full,fixed,7,5,15,1657,25.0,0.2629,24.7371,25.0,25.2534,False,False,none,0,True,1657,na_no_pcap,not_captured,True
fixed25/full,full,fixed,8,1,24,17,25.0,0.3227,24.6773,25.0,25.1393,False,False,none,0,True,17,na_no_pcap,not_captured,True
fixed25/full,full,fixed,8,2,21,17,25.0,0.2766,24.7234,25.0,25.2868,False,False,none,0,True,17,na_no_pcap,not_captured,True
fixed25/full,full,fixed,8,3,24,17,25.0,0.2712,24.7288,25.0,25.2493,False,False,none,0,True,17,na_no_pcap,not_captured,True
fixed25/full,full,fixed,8,4,18,2407,25.0,0.307,24.693,25.0,25.244,False,False,none,0,True,2407,na_no_pcap,not_captured,True
fixed25/full,full,fixed,8,5,15,1657,25.0,0.3097,24.6903,25.0,25.2817,False,False,none,0,True,1657,na_no_pcap,not_captured,True
fixed25/full,full,fixed,9,1,24,17,25.0,0.3229,24.6771,25.0,25.1283,False,False,none,0,True,17,na_no_pcap,not_captured,True
fixed25/full,full,fixed,9,2,21,17,25.0,0.2371,24.7629,25.0,25.2503,False,False,none,0,True,17,na_no_pcap,not_captured,True
fixed25/full,full,fixed,9,3,24,17,25.0,0.2585,24.7415,25.0,25.2064,False,False,none,0,True,17,na_no_pcap,not_captured,True
fixed25/full,full,fixed,9,4,18,2407,25.0,0.2291,24.7709,25.0,25.2095,False,False,none,0,True,2407,na_no_pcap,not_captured,True
fixed25/full,full,fixed,9,5,15,1657,25.0,0.2619,24.7381,25.0,25.2469,False,False,none,0,True,1657,na_no_pcap,not_captured,True
fixed25/full,full,fixed,10,1,24,17,25.0,0.7179,24.2821,25.0,25.2201,False,False,none,0,True,17,na_no_pcap,not_captured,True
fixed25/full,full,fixed,10,2,21,17,25.0,0.3672,24.6328,25.0,25.4668,False,False,none,0,True,17,na_no_pcap,not_captured,True
fixed25/full,full,fixed,10,3,24,17,25.0,0.3718,24.6282,25.0,25.3617,False,False,none,0,True,17,na_no_pcap,not_captured,True
fixed25/full,full,fixed,10,4,18,2407,25.0,0.4955,24.5045,25.0,25.4732,False,False,none,0,True,2407,na_no_pcap,not_captured,True
fixed25/full,full,fixed,10,5,15,1657,25.0,0.2971,24.7029,25.0,25.4234,False,False,none,0,True,1657,na_no_pcap,not_captured,True
fixed25/full,full,fixed,11,1,24,17,25.0,0.5149,24.4851,25.0,25.157,False,False,none,0,True,17,na_no_pcap,not_captured,True
fixed25/full,full,fixed,11,2,21,17,25.0,0.3815,24.6185,25.0,25.4003,False,False,none,0,True,17,na_no_pcap,not_captured,True
fixed25/full,full,fixed,11,3,24,17,25.0,0.3688,24.6312,25.0,25.3078,False,False,none,0,True,17,na_no_pcap,not_captured,True
fixed25/full,full,fixed,11,4,18,2407,25.0,0.3552,24.6448,25.0,25.3003,False,False,none,0,True,2407,na_no_pcap,not_captured,True
fixed25/full,full,fixed,11,5,15,1657,25.0,0.4441,24.5559,25.0,25.413,False,False,none,0,True,1657,na_no_pcap,not_captured,True
fixed25/full,full,fixed,12,1,24,17,25.0,0.5219,24.4781,25.0,25.1837,False,False,none,0,True,17,na_no_pcap,not_captured,True
fixed25/full,full,fixed,12,2,21,17,25.0,0.3745,24.6255,25.0,25.3506,False,False,none,0,True,17,na_no_pcap,not_captured,True
fixed25/full,full,fixed,12,3,24,17,25.0,0.3777,24.6223,25.0,25.3218,False,False,none,0,True,17,na_no_pcap,not_captured,True
fixed25/full,full,fixed,12,4,18,2407,25.0,0.377,24.623,25.0,25.3123,False,False,none,0,True,2407,na_no_pcap,not_captured,True
fixed25/full,full,fixed,12,5,15,1657,25.0,0.4276,24.5724,25.0,25.3426,False,False,none,0,True,1657,na_no_pcap,not_captured,True
fixed25/full,full,fixed,13,1,24,17,25.0,0.5026,24.4974,25.0,25.1556,False,False,none,0,True,17,na_no_pcap,not_captured,True
fixed25/full,full,fixed,13,2,21,17,25.0,0.364,24.636,25.0,25.3634,False,False,none,0,True,17,na_no_pcap,not_captured,True
fixed25/full,full,fixed,13,3,24,17,25.0,0.3598,24.6402,25.0,25.3309,False,False,none,0,True,17,na_no_pcap,not_captured,True
fixed25/full,full,fixed,13,4,18,2407,25.0,0.3618,24.6382,25.0,25.3197,False,False,none,0,True,2407,na_no_pcap,not_captured,True
fixed25/full,full,fixed,13,5,15,1657,25.0,0.4052,24.5948,25.0,25.3659,False,False,none,0,True,1657,na_no_pcap,not_captured,True
fixed25/full,full,fixed,14,1,24,17,25.0,0.5212,24.4788,25.0,25.169,False,False,none,0,True,17,na_no_pcap,not_captured,True
fixed25/full,full,fixed,14,2,21,17,25.0,0.3836,24.6165,25.0,25.3642,False,False,none,0,True,17,na_no_pcap,not_captured,True
fixed25/full,full,fixed,14,3,24,17,25.0,0.3703,24.6297,25.0,25.3144,False,False,none,0,True,17,na_no_pcap,not_captured,True
fixed25/full,full,fixed,14,4,18,2407,25.0,0.3634,24.6366,25.0,25.3024,False,False,none,0,True,2407,na_no_pcap,not_captured,True
fixed25/full,full,fixed,14,5,15,1657,25.0,0.4169,24.5831,25.0,25.3689,False,False,none,0,True,1657,na_no_pcap,not_captured,True
fixed25/full,full,fixed,15,1,24,17,25.0,0.5203,24.4797,25.0,25.1734,False,False,none,0,True,17,na_no_pcap,not_captured,True
fixed25/full,full,fixed,15,2,21,17,25.0,0.3908,24.6092,25.0,25.3796,False,False,none,0,True,17,na_no_pcap,not_captured,True
fixed25/full,full,fixed,15,3,24,17,25.0,0.3721,24.6279,25.0,25.3137,False,False,none,0,True,17,na_no_pcap,not_captured,True
fixed25/full,full,fixed,15,4,18,2407,25.0,0.3619,24.6381,25.0,25.3039,False,False,none,0,True,2407,na_no_pcap,not_captured,True
fixed25/full,full,fixed,15,5,15,1657,25.0,0.4776,24.5224,25.0,25.356,False,False,none,0,True,1657,na_no_pcap,not_captured,True
fixed25/full,full,fixed,16,1,24,17,25.0,0.5255,24.4745,25.0,25.1897,False,False,none,0,True,17,na_no_pcap,not_captured,True
fixed25/full,full,fixed,16,2,21,17,25.0,0.3727,24.6273,25.0,25.3748,False,False,none,0,True,17,na_no_pcap,not_captured,True
fixed25/full,full,fixed,16,3,24,17,25.0,0.4273,24.5727,25.0,25.3075,False,False,none,0,True,17,na_no_pcap,not_captured,True
fixed25/full,full,fixed,16,4,18,2407,25.0,0.3703,24.6297,25.0,25.3132,False,False,none,0,True,2407,na_no_pcap,not_captured,True
fixed25/full,full,fixed,16,5,15,1657,25.0,0.4208,24.5792,25.0,25.359,False,False,none,0,True,1657,na_no_pcap,not_captured,True
fixed25/full,full,fixed,17,1,24,17,25.0,0.6715,24.3285,25.0,25.1969,False,False,none,0,True,17,na_no_pcap,not_captured,True
fixed25/full,full,fixed,17,2,21,17,25.0,0.3875,24.6125,25.0,25.4028,False,False,none,0,True,17,na_no_pcap,not_captured,True
fixed25/full,full,fixed,17,3,24,17,25.0,0.3778,24.6222,25.0,25.3192,False,False,none,0,True,17,na_no_pcap,not_captured,True
fixed25/full,full,fixed,17,4,18,2407,25.0,0.4015,24.5985,25.0,25.3063,False,False,none,0,True,2407,na_no_pcap,not_captured,True
fixed25/full,full,fixed,17,5,15,1657,25.0,0.4298,24.5702,25.0,25.3681,False,False,none,0,True,1657,na_no_pcap,not_captured,True
fixed25/full,full,fixed,18,1,24,17,25.0,0.5193,24.4807,25.0,25.1744,False,False,none,0,True,17,na_no_pcap,not_captured,True
fixed25/full,full,fixed,18,2,21,17,25.0,0.373,24.627,25.0,25.4015,False,False,none,0,True,17,na_no_pcap,not_captured,True
fixed25/full,full,fixed,18,3,24,17,25.0,0.3631,24.6369,25.0,25.3217,False,False,none,0,True,17,na_no_pcap,not_captured,True
fixed25/full,full,fixed,18,4,18,2407,25.0,0.3603,24.6397,25.0,25.3126,False,False,none,0,True,2407,na_no_pcap,not_captured,True
fixed25/full,full,fixed,18,5,15,1657,25.0,0.4207,24.5793,25.0,25.4276,False,False,none,0,True,1657,na_no_pcap,not_captured,True
fixed25/full,full,fixed,19,1,24,17,25.0,0.5193,24.4807,25.0,25.1816,False,False,none,0,True,17,na_no_pcap,not_captured,True
fixed25/full,full,fixed,19,2,21,17,25.0,0.3802,24.6198,25.0,25.3738,False,False,none,0,True,17,na_no_pcap,not_captured,True
fixed25/full,full,fixed,19,3,24,17,25.0,0.3776,24.6224,25.0,25.319,False,False,none,0,True,17,na_no_pcap,not_captured,True
fixed25/full,full,fixed,19,4,18,2407,25.0,0.3618,24.6382,25.0,25.306,False,False,none,0,True,2407,na_no_pcap,not_captured,True
fixed25/full,full,fixed,19,5,15,1657,25.0,0.4175,24.5825,25.0,25.381,False,False,none,0,True,1657,na_no_pcap,not_captured,True
fixed25/full,full,fixed,20,1,24,17,25.0,0.6073,24.3927,25.0,25.1807,False,False,none,0,True,17,na_no_pcap,not_captured,True
fixed25/full,full,fixed,20,2,21,17,25.0,0.3786,24.6214,25.0,25.4167,False,False,none,0,True,17,na_no_pcap,not_captured,True
fixed25/full,full,fixed,20,3,24,17,25.0,0.3905,24.6095,25.0,25.3122,False,False,none,0,True,17,na_no_pcap,not_captured,True
fixed25/full,full,fixed,20,4,18,2407,25.0,0.3626,24.6374,25.0,25.3045,False,False,none,0,True,2407,na_no_pcap,not_captured,True
fixed25/full,full,fixed,20,5,15,1657,25.0,0.4055,24.5945,25.0,25.3596,False,False,none,0,True,1657,na_no_pcap,not_captured,True
fixed25/full,full,fixed,21,1,24,17,25.0,0.5008,24.4992,25.0,25.1761,False,False,none,0,True,17,na_no_pcap,not_captured,True
fixed25/full,full,fixed,21,2,21,17,25.0,0.3679,24.6321,25.0,25.3605,False,False,none,0,True,17,na_no_pcap,not_captured,True
fixed25/full,full,fixed,21,3,24,17,25.0,0.3571,24.6429,25.0,25.2893,False,False,none,0,True,17,na_no_pcap,not_captured,True
fixed25/full,full,fixed,21,4,18,2407,25.0,0.3636,24.6364,25.0,25.309,False,False,none,0,True,2407,na_no_pcap,not_captured,True
fixed25/full,full,fixed,21,5,15,1657,25.0,0.4326,24.5674,25.0,25.388,False,False,none,0,True,1657,na_no_pcap,not_captured,True
fixed25/full,full,fixed,22,1,24,17,25.0,0.323,24.677,25.0,25.1205,False,False,none,0,True,17,na_no_pcap,not_captured,True
fixed25/full,full,fixed,22,2,21,17,25.0,0.2375,24.7625,25.0,25.2461,False,False,none,0,True,17,na_no_pcap,not_captured,True
fixed25/full,full,fixed,22,3,24,17,25.0,0.2664,24.7336,25.0,25.2104,False,False,none,0,True,17,na_no_pcap,not_captured,True
fixed25/full,full,fixed,22,4,18,2407,25.0,0.2259,24.7741,25.0,25.2139,False,False,none,0,True,2407,na_no_pcap,not_captured,True
fixed25/full,full,fixed,22,5,15,1657,25.0,0.2646,24.7354,25.0,25.2435,False,False,none,0,True,1657,na_no_pcap,not_captured,True
fixed25/full,full,fixed,23,1,24,17,25.0,0.527,24.473,25.0,25.1793,False,False,none,0,True,17,na_no_pcap,not_captured,True
fixed25/full,full,fixed,23,2,21,17,25.0,0.3814,24.6186,25.0,25.3688,False,False,none,0,True,17,na_no_pcap,not_captured,True
fixed25/full,full,fixed,23,3,24,17,25.0,0.3748,24.6252,25.0,25.3263,False,False,none,0,True,17,na_no_pcap,not_captured,True
fixed25/full,full,fixed,23,4,18,2407,25.0,0.3673,24.6327,25.0,25.3155,False,False,none,0,True,2407,na_no_pcap,not_captured,True
fixed25/full,full,fixed,23,5,15,1657,25.0,0.4249,24.5751,25.0,25.3559,False,False,none,0,True,1657,na_no_pcap,not_captured,True
fixed25/full,full,fixed,24,1,24,17,25.0,0.5314,24.4686,25.0,25.1748,False,False,none,0,True,17,na_no_pcap,not_captured,True
fixed25/full,full,fixed,24,2,21,17,25.0,0.3908,24.6092,25.0,25.3852,False,False,none,0,True,17,na_no_pcap,not_captured,True
fixed25/full,full,fixed,24,3,24,17,25.0,0.379,24.621,25.0,25.3133,False,False,none,0,True,17,na_no_pcap,not_captured,True
fixed25/full,full,fixed,24,4,18,2407,25.0,0.377,24.623,25.0,25.3089,False,False,none,0,True,2407,na_no_pcap,not_captured,True
fixed25/full,full,fixed,24,5,15,1657,25.0,0.4324,24.5676,25.0,25.388,False,False,none,0,True,1657,na_no_pcap,not_captured,True
fixed25/full,full,fixed,25,1,24,17,25.0,0.6231,24.3769,25.0,25.1953,False,False,none,0,True,17,na_no_pcap,not_captured,True
fixed25/full,full,fixed,25,2,21,17,25.0,0.3731,24.6269,25.0,25.4014,False,False,none,0,True,17,na_no_pcap,not_captured,True
fixed25/full,full,fixed,25,3,24,17,25.0,0.3625,24.6375,25.0,25.3339,False,False,none,0,True,17,na_no_pcap,not_captured,True
fixed25/full,full,fixed,25,4,18,2407,25.0,0.3526,24.6474,25.0,25.3057,False,False,none,0,True,2407,na_no_pcap,not_captured,True
fixed25/full,full,fixed,25,5,15,1657,25.0,0.4188,24.5812,25.0,25.3626,False,False,none,0,True,1657,na_no_pcap,not_captured,True
fixed25/full,full,fixed,26,1,24,17,25.0,0.6052,24.3948,25.0,25.4724,False,False,none,0,True,17,na_no_pcap,not_captured,True
fixed25/full,full,fixed,26,2,21,17,25.0,0.3917,24.6083,25.0,25.1725,False,False,none,0,True,17,na_no_pcap,not_captured,True
fixed25/full,full,fixed,26,3,24,17,25.0,0.3726,24.6274,25.0,25.3243,False,False,none,0,True,17,na_no_pcap,not_captured,True
fixed25/full,full,fixed,26,4,18,2407,25.0,0.372,24.628,25.0,25.5726,False,False,none,0,True,2407,na_no_pcap,not_captured,True
fixed25/full,full,fixed,26,5,15,1657,25.0,0.4414,24.5586,25.0,25.1774,False,False,none,0,True,1657,na_no_pcap,not_captured,True
fixed25/full,full,fixed,27,1,24,17,25.0,0.6281,24.3718,25.0,25.1788,False,False,none,0,True,17,na_no_pcap,not_captured,True
fixed25/full,full,fixed,27,2,21,17,25.0,0.3868,24.6132,25.0,25.4183,False,False,none,0,True,17,na_no_pcap,not_captured,True
fixed25/full,full,fixed,27,3,24,17,25.0,0.3697,24.6303,25.0,25.3081,False,False,none,0,True,17,na_no_pcap,not_captured,True
fixed25/full,full,fixed,27,4,18,2407,25.0,0.3771,24.6229,25.0,25.3297,False,False,none,0,True,2407,na_no_pcap,not_captured,True
fixed25/full,full,fixed,27,5,15,1657,25.0,0.4402,24.5598,25.0,25.4124,False,False,none,0,True,1657,na_no_pcap,not_captured,True
fixed25/full,full,fixed,28,1,24,17,25.0,0.619,24.381,25.0,25.1952,False,False,none,0,True,17,na_no_pcap,not_captured,True
fixed25/full,full,fixed,28,2,21,17,25.0,0.3778,24.6222,25.0,25.42,False,False,none,0,True,17,na_no_pcap,not_captured,True
fixed25/full,full,fixed,28,3,24,17,25.0,0.3778,24.6222,25.0,25.3141,False,False,none,0,True,17,na_no_pcap,not_captured,True
fixed25/full,full,fixed,28,4,18,2407,25.0,0.3713,24.6287,25.0,25.3019,False,False,none,0,True,2407,na_no_pcap,not_captured,True
fixed25/full,full,fixed,28,5,15,1657,25.0,0.419,24.581,25.0,25.3787,False,False,none,0,True,1657,na_no_pcap,not_captured,True
fixed25/full,full,fixed,29,1,24,17,25.0,0.6266,24.3734,25.0,25.186,False,False,none,0,True,17,na_no_pcap,not_captured,True
fixed25/full,full,fixed,29,2,21,17,25.0,0.3913,24.6087,25.0,25.4223,False,False,none,0,True,17,na_no_pcap,not_captured,True
fixed25/full,full,fixed,29,3,24,17,25.0,0.3934,24.6066,25.0,25.3197,False,False,none,0,True,17,na_no_pcap,not_captured,True
fixed25/full,full,fixed,29,4,18,2407,25.0,0.3646,24.6354,25.0,25.3028,False,False,none,0,True,2407,na_no_pcap,not_captured,True
fixed25/full,full,fixed,29,5,15,1657,25.0,0.4173,24.5827,25.0,25.3582,False,False,none,0,True,1657,na_no_pcap,not_captured,True
fixed25/full,full,fixed,30,1,24,17,25.0,0.3537,24.6463,25.0,25.1452,False,False,none,0,True,17,na_no_pcap,not_captured,True
fixed25/full,full,fixed,30,2,21,17,25.0,0.2932,24.7068,25.0,25.3432,False,False,none,0,True,17,na_no_pcap,not_captured,True
fixed25/full,full,fixed,30,3,24,17,25.0,0.3866,24.6134,25.0,25.3338,False,False,none,0,True,17,na_no_pcap,not_captured,True
fixed25/full,full,fixed,30,4,18,2407,25.0,0.3935,24.6065,25.0,25.331,False,False,none,0,True,2407,na_no_pcap,not_captured,True
fixed25/full,full,fixed,30,5,15,1657,25.0,0.4437,24.5563,25.0,25.3761,False,False,none,0,True,1657,na_no_pcap,not_captured,True
fixed25/full,full,fixed,31,1,24,17,25.0,0.6838,24.3162,25.0,25.196,False,False,none,0,True,17,na_no_pcap,not_captured,True
fixed25/full,full,fixed,31,2,21,17,25.0,0.3813,24.6187,25.0,25.3974,False,False,none,0,True,17,na_no_pcap,not_captured,True
fixed25/full,full,fixed,31,3,24,17,25.0,0.374,24.626,25.0,25.5964,False,False,none,0,True,17,na_no_pcap,not_captured,True
fixed25/full,full,fixed,31,4,18,2407,25.0,0.4239,24.5761,25.0,25.4386,False,False,none,0,True,2407,na_no_pcap,not_captured,True
fixed25/full,full,fixed,31,5,15,1657,25.0,0.4426,24.5574,25.0,25.1717,False,False,none,0,True,1657,na_no_pcap,not_captured,True
fixed25/full,full,fixed,32,1,24,17,25.0,0.5294,24.4706,25.0,25.1537,False,False,none,0,True,17,na_no_pcap,not_captured,True
fixed25/full,full,fixed,32,2,21,17,25.0,0.4044,24.5956,25.0,25.3592,False,False,none,0,True,17,na_no_pcap,not_captured,True
fixed25/full,full,fixed,32,3,24,17,25.0,0.378,24.622,25.0,25.319,False,False,none,0,True,17,na_no_pcap,not_captured,True
fixed25/full,full,fixed,32,4,18,2407,25.0,0.3745,24.6255,25.0,25.338,False,False,none,0,True,2407,na_no_pcap,not_captured,True
fixed25/full,full,fixed,32,5,15,1657,25.0,0.4513,24.5487,25.0,25.3692,False,False,none,0,True,1657,na_no_pcap,not_captured,True
fixed25/full,full,fixed,33,1,24,17,25.0,0.6154,24.3846,25.0,25.516,False,False,none,0,True,17,na_no_pcap,not_captured,True
fixed25/full,full,fixed,33,2,21,17,25.0,0.3824,24.6176,25.0,25.466,False,False,none,0,True,17,na_no_pcap,not_captured,True
fixed25/full,full,fixed,33,3,24,17,25.0,0.3966,24.6034,25.0,25.4481,False,False,none,0,True,17,na_no_pcap,not_captured,True
fixed25/full,full,fixed,33,4,18,2407,25.0,0.3929,24.6071,25.0,25.6443,False,False,none,0,True,2407,na_no_pcap,not_captured,True
fixed25/full,full,fixed,33,5,15,1657,25.0,0.459,24.541,25.0,25.221,False,False,none,0,True,1657,na_no_pcap,not_captured,True
fixed25/full,full,fixed,34,1,24,17,25.0,0.6161,24.3839,25.0,25.1937,False,False,none,0,True,17,na_no_pcap,not_captured,True
fixed25/full,full,fixed,34,2,21,17,25.0,0.3757,24.6243,25.0,25.4038,False,False,none,0,True,17,na_no_pcap,not_captured,True
fixed25/full,full,fixed,34,3,24,17,25.0,0.3719,24.6281,25.0,25.3162,False,False,none,0,True,17,na_no_pcap,not_captured,True
fixed25/full,full,fixed,34,4,18,2407,25.0,0.3594,24.6406,25.0,25.3097,False,False,none,0,True,2407,na_no_pcap,not_captured,True
fixed25/full,full,fixed,34,5,15,1657,25.0,0.4144,24.5856,25.0,25.3555,False,False,none,0,True,1657,na_no_pcap,not_captured,True
fixed25/full,full,fixed,35,1,24,17,25.0,0.6106,24.3894,25.0,25.1881,False,False,none,0,True,17,na_no_pcap,not_captured,True
fixed25/full,full,fixed,35,2,21,17,25.0,0.3676,24.6324,25.0,25.399,False,False,none,0,True,17,na_no_pcap,not_captured,True
fixed25/full,full,fixed,35,3,24,17,25.0,0.3778,24.6222,25.0,25.3199,False,False,none,0,True,17,na_no_pcap,not_captured,True
fixed25/full,full,fixed,35,4,18,2407,25.0,0.3532,24.6468,25.0,25.3073,False,False,none,0,True,2407,na_no_pcap,not_captured,True
fixed25/full,full,fixed,35,5,15,1657,25.0,0.4127,24.5873,25.0,25.3571,False,False,none,0,True,1657,na_no_pcap,not_captured,True
fixed25/full,full,fixed,36,1,24,17,25.0,0.611,24.389,25.0,25.4373,False,False,none,0,True,17,na_no_pcap,not_captured,True
fixed25/full,full,fixed,36,2,21,17,25.0,0.3805,24.6195,25.0,25.1753,False,False,none,0,True,17,na_no_pcap,not_captured,True
fixed25/full,full,fixed,36,3,24,17,25.0,0.4376,24.5624,25.0,25.3182,False,False,none,0,True,17,na_no_pcap,not_captured,True
fixed25/full,full,fixed,36,4,18,2407,25.0,0.3522,24.6478,25.0,25.2724,False,False,none,0,True,2407,na_no_pcap,not_captured,True
fixed25/full,full,fixed,36,5,15,1657,25.0,0.399,24.601,25.0,25.6393,False,False,none,0,True,1657,na_no_pcap,not_captured,True
fixed25/full,full,fixed,37,1,24,17,25.0,0.6385,24.3615,25.0,25.5143,False,False,none,0,True,17,na_no_pcap,not_captured,True
fixed25/full,full,fixed,37,2,21,17,25.0,0.3877,24.6123,25.0,25.5343,False,False,none,0,True,17,na_no_pcap,not_captured,True
fixed25/full,full,fixed,37,3,24,17,25.0,0.4246,24.5754,25.0,25.2313,False,False,none,0,True,17,na_no_pcap,not_captured,True
fixed25/full,full,fixed,37,4,18,2407,25.0,0.3607,24.6393,25.0,25.3588,False,False,none,0,True,2407,na_no_pcap,not_captured,True
fixed25/full,full,fixed,37,5,15,1657,25.0,0.4251,24.5749,25.0,25.6807,False,False,none,0,True,1657,na_no_pcap,not_captured,True
fixed25/full,full,fixed,38,1,24,17,25.0,0.6225,24.3775,25.0,25.1957,False,False,none,0,True,17,na_no_pcap,not_captured,True
fixed25/full,full,fixed,38,2,21,17,25.0,0.3655,24.6345,25.0,25.3867,False,False,none,0,True,17,na_no_pcap,not_captured,True
fixed25/full,full,fixed,38,3,24,17,25.0,0.2947,24.7053,25.0,25.2932,False,False,none,0,True,17,na_no_pcap,not_captured,True
fixed25/full,full,fixed,38,4,18,2407,25.0,0.3574,24.6426,25.0,25.3138,False,False,none,0,True,2407,na_no_pcap,not_captured,True
fixed25/full,full,fixed,38,5,15,1657,25.0,0.4036,24.5964,25.0,25.3788,False,False,none,0,True,1657,na_no_pcap,not_captured,True
fixed25/full,full,fixed,39,1,24,17,25.0,0.6163,24.3837,25.0,25.1956,False,False,none,0,True,17,na_no_pcap,not_captured,True
fixed25/full,full,fixed,39,2,21,17,25.0,0.3756,24.6244,25.0,25.4109,False,False,none,0,True,17,na_no_pcap,not_captured,True
fixed25/full,full,fixed,39,3,24,17,25.0,0.3685,24.6315,25.0,25.308,False,False,none,0,True,17,na_no_pcap,not_captured,True
fixed25/full,full,fixed,39,4,18,2407,25.0,0.3653,24.6347,25.0,25.3046,False,False,none,0,True,2407,na_no_pcap,not_captured,True
fixed25/full,full,fixed,39,5,15,1657,25.0,0.4284,24.5716,25.0,25.3564,False,False,none,0,True,1657,na_no_pcap,not_captured,True
fixed25/full,full,fixed,40,1,24,17,25.0,0.6299,24.3701,25.0,25.1619,False,False,none,0,True,17,na_no_pcap,not_captured,True
fixed25/full,full,fixed,40,2,21,17,25.0,0.4051,24.5949,25.0,25.409,False,False,none,0,True,17,na_no_pcap,not_captured,True
fixed25/full,full,fixed,40,3,24,17,25.0,0.408,24.592,25.0,25.3233,False,False,none,0,True,17,na_no_pcap,not_captured,True
fixed25/full,full,fixed,40,4,18,2407,25.0,0.3788,24.6212,25.0,25.3355,False,False,none,0,True,2407,na_no_pcap,not_captured,True
fixed25/full,full,fixed,40,5,15,1657,25.0,0.4346,24.5654,25.0,25.3614,False,False,none,0,True,1657,na_no_pcap,not_captured,True
fixed25/full,full,fixed,41,1,24,17,25.0,0.6308,24.3692,25.0,25.1967,False,False,none,0,True,17,na_no_pcap,not_captured,True
fixed25/full,full,fixed,41,2,21,17,25.0,0.3808,24.6192,25.0,25.7526,False,False,none,0,True,17,na_no_pcap,not_captured,True
fixed25/full,full,fixed,41,3,24,17,25.0,0.3904,24.6096,25.0,25.1734,False,False,none,0,True,17,na_no_pcap,not_captured,True
fixed25/full,full,fixed,41,4,18,2407,25.0,0.3612,24.6388,25.0,25.3128,False,False,none,0,True,2407,na_no_pcap,not_captured,True
fixed25/full,full,fixed,41,5,15,1657,25.0,0.4267,24.5733,25.0,25.366,False,False,none,0,True,1657,na_no_pcap,not_captured,True
fixed25/full,full,fixed,42,1,24,17,25.0,0.63,24.37,25.0,25.1779,False,False,none,0,True,17,na_no_pcap,not_captured,True
fixed25/full,full,fixed,42,2,21,17,25.0,0.3743,24.6257,25.0,25.3962,False,False,none,0,True,17,na_no_pcap,not_captured,True
fixed25/full,full,fixed,42,3,24,17,25.0,0.4188,24.5812,25.0,25.3211,False,False,none,0,True,17,na_no_pcap,not_captured,True
fixed25/full,full,fixed,42,4,18,2407,25.0,0.3788,24.6212,25.0,25.3392,False,False,none,0,True,2407,na_no_pcap,not_captured,True
fixed25/full,full,fixed,42,5,15,1657,25.0,0.4252,24.5748,25.0,25.3667,False,False,none,0,True,1657,na_no_pcap,not_captured,True
fixed25/full,full,fixed,43,1,24,17,25.0,0.6311,24.3689,25.0,25.1789,False,False,none,0,True,17,na_no_pcap,not_captured,True
fixed25/full,full,fixed,43,2,21,17,25.0,0.3842,24.6158,25.0,25.4251,False,False,none,0,True,17,na_no_pcap,not_captured,True
fixed25/full,full,fixed,43,3,24,17,25.0,0.3813,24.6187,25.0,25.3306,False,False,none,0,True,17,na_no_pcap,not_captured,True
fixed25/full,full,fixed,43,4,18,2407,25.0,0.3749,24.6251,25.0,25.3108,False,False,none,0,True,2407,na_no_pcap,not_captured,True
fixed25/full,full,fixed,43,5,15,1657,25.0,0.4417,24.5583,25.0,25.3651,False,False,none,0,True,1657,na_no_pcap,not_captured,True
fixed25/full,full,fixed,44,1,24,17,25.0,0.6352,24.3648,25.0,25.1873,False,False,none,0,True,17,na_no_pcap,not_captured,True
fixed25/full,full,fixed,44,2,21,17,25.0,0.3745,24.6255,25.0,25.4059,False,False,none,0,True,17,na_no_pcap,not_captured,True
fixed25/full,full,fixed,44,3,24,17,25.0,0.3682,24.6318,25.0,25.3245,False,False,none,0,True,17,na_no_pcap,not_captured,True
fixed25/full,full,fixed,44,4,18,2407,25.0,0.3764,24.6236,25.0,25.3273,False,False,none,0,True,2407,na_no_pcap,not_captured,True
fixed25/full,full,fixed,44,5,15,1657,25.0,0.4206,24.5794,25.0,25.3658,False,False,none,0,True,1657,na_no_pcap,not_captured,True
fixed25/full,full,fixed,45,1,24,17,25.0,0.6521,24.3479,25.0,25.1931,False,False,none,0,True,17,na_no_pcap,not_captured,True
fixed25/full,full,fixed,45,2,21,17,25.0,0.3748,24.6252,25.0,25.4035,False,False,none,0,True,17,na_no_pcap,not_captured,True
fixed25/full,full,fixed,45,3,24,17,25.0,0.3804,24.6196,25.0,25.3331,False,False,none,0,True,17,na_no_pcap,not_captured,True
fixed25/full,full,fixed,45,4,18,2407,25.0,0.3988,24.6012,25.0,25.3606,False,False,none,0,True,2407,na_no_pcap,not_captured,True
fixed25/full,full,fixed,45,5,15,1657,25.0,0.4287,24.5713,25.0,25.4292,False,False,none,0,True,1657,na_no_pcap,not_captured,True
fixed25/full,full,fixed,46,1,24,17,25.0,0.5954,24.4046,25.0,25.1748,False,False,none,0,True,17,na_no_pcap,not_captured,True
fixed25/full,full,fixed,46,2,21,17,25.0,0.3675,24.6325,25.0,25.417,False,False,none,0,True,17,na_no_pcap,not_captured,True
fixed25/full,full,fixed,46,3,24,17,25.0,0.3613,24.6387,25.0,25.3158,False,False,none,0,True,17,na_no_pcap,not_captured,True
fixed25/full,full,fixed,46,4,18,2407,25.0,0.358,24.642,25.0,25.3137,False,False,none,0,True,2407,na_no_pcap,not_captured,True
fixed25/full,full,fixed,46,5,15,1657,25.0,0.4126,24.5874,25.0,25.3863,False,False,none,0,True,1657,na_no_pcap,not_captured,True
fixed25/full,full,fixed,47,1,24,17,25.0,0.6508,24.3492,25.0,25.1655,False,False,none,0,True,17,na_no_pcap,not_captured,True
fixed25/full,full,fixed,47,2,21,17,25.0,0.3942,24.6058,25.0,25.4233,False,False,none,0,True,17,na_no_pcap,not_captured,True
fixed25/full,full,fixed,47,3,24,17,25.0,0.3875,24.6125,25.0,25.3552,False,False,none,0,True,17,na_no_pcap,not_captured,True
fixed25/full,full,fixed,47,4,18,2407,25.0,0.3804,24.6196,25.0,25.3412,False,False,none,0,True,2407,na_no_pcap,not_captured,True
fixed25/full,full,fixed,47,5,15,1657,25.0,0.4367,24.5633,25.0,25.3608,False,False,none,0,True,1657,na_no_pcap,not_captured,True
fixed25/full,full,fixed,48,1,24,17,25.0,1.0695,23.9305,25.0,25.1817,False,False,none,0,True,17,na_no_pcap,not_captured,True
fixed25/full,full,fixed,48,2,21,17,25.0,0.4227,24.5773,25.0,25.3823,False,False,none,0,True,17,na_no_pcap,not_captured,True
fixed25/full,full,fixed,48,3,24,17,25.0,0.3808,24.6192,25.0,25.3197,False,False,none,0,True,17,na_no_pcap,not_captured,True
fixed25/full,full,fixed,48,4,18,2407,25.0,0.3765,24.6235,25.0,25.3119,False,False,none,0,True,2407,na_no_pcap,not_captured,True
fixed25/full,full,fixed,48,5,15,1657,25.0,0.4641,24.5359,25.0,25.3666,False,False,none,0,True,1657,na_no_pcap,not_captured,True
fixed25/full,full,fixed,49,1,24,17,25.0,0.6513,24.3487,25.0,25.584,False,False,none,0,True,17,na_no_pcap,not_captured,True
fixed25/full,full,fixed,49,2,21,17,25.0,0.4121,24.5879,25.0,25.1725,False,False,none,0,True,17,na_no_pcap,not_captured,True
fixed25/full,full,fixed,49,3,24,17,25.0,0.3785,24.6215,25.0,25.3873,False,False,none,0,True,17,na_no_pcap,not_captured,True
fixed25/full,full,fixed,49,4,18,2407,25.0,0.3716,24.6284,25.0,25.2479,False,False,none,0,True,2407,na_no_pcap,not_captured,True
fixed25/full,full,fixed,49,5,15,1657,25.0,0.4354,24.5646,25.0,25.3497,False,False,none,0,True,1657,na_no_pcap,not_captured,True
bounded20-30/full,full,bounded,0,1,24,17,24.8123,0.6025,24.2098,24.8123,25.0214,False,False,none,0,True,17,na_no_pcap,not_captured,True
bounded20-30/full,full,bounded,0,2,21,17,27.2779,0.3749,26.903,27.2779,27.6675,False,False,none,0,True,17,na_no_pcap,not_captured,True
bounded20-30/full,full,bounded,0,3,24,17,29.5754,0.3951,29.1802,29.5754,29.9056,False,False,none,0,True,17,na_no_pcap,not_captured,True
bounded20-30/full,full,bounded,0,4,18,2407,23.6902,0.3623,23.3279,23.6902,23.9888,False,False,none,0,True,2407,na_no_pcap,not_captured,True
bounded20-30/full,full,bounded,0,5,15,1657,29.5272,0.4165,29.1107,29.5272,29.8943,False,False,none,0,True,1657,na_no_pcap,not_captured,True
bounded20-30/full,full,bounded,1,1,24,17,27.7575,0.6151,27.1425,27.7575,27.9602,False,False,none,0,True,17,na_no_pcap,not_captured,True
bounded20-30/full,full,bounded,1,2,21,17,24.1007,0.3917,23.709,24.1007,24.5355,False,False,none,0,True,17,na_no_pcap,not_captured,True
bounded20-30/full,full,bounded,1,3,24,17,24.2367,0.3872,23.8495,24.2367,24.5703,False,False,none,0,True,17,na_no_pcap,not_captured,True
bounded20-30/full,full,bounded,1,4,18,2407,28.197,0.3775,27.8194,28.197,28.5565,False,False,none,0,True,2407,na_no_pcap,not_captured,True
bounded20-30/full,full,bounded,1,5,15,1657,27.3581,0.4295,26.9287,27.3581,27.7345,False,False,none,0,True,1657,na_no_pcap,not_captured,True
bounded20-30/full,full,bounded,2,1,24,17,25.7564,0.6119,25.1445,25.7564,25.947,False,False,none,0,True,17,na_no_pcap,not_captured,True
bounded20-30/full,full,bounded,2,2,21,17,29.9939,0.3724,29.6215,29.9939,30.3918,False,False,none,0,True,17,na_no_pcap,not_captured,True
bounded20-30/full,full,bounded,2,3,24,17,24.6213,0.3724,24.249,24.6213,24.9403,False,False,none,0,True,17,na_no_pcap,not_captured,True
bounded20-30/full,full,bounded,2,4,18,2407,27.2634,0.371,26.8924,27.2634,27.5761,False,False,none,0,True,2407,na_no_pcap,not_captured,True
bounded20-30/full,full,bounded,2,5,15,1657,21.6941,0.4622,21.2319,21.6941,22.0524,False,False,none,0,True,1657,na_no_pcap,not_captured,True
bounded20-30/full,full,bounded,3,1,24,17,27.647,0.6134,27.0337,27.647,27.8351,False,False,none,0,True,17,na_no_pcap,not_captured,True
bounded20-30/full,full,bounded,3,2,21,17,23.4862,0.3864,23.0998,23.4862,23.8888,False,False,none,0,True,17,na_no_pcap,not_captured,True
bounded20-30/full,full,bounded,3,3,24,17,20.258,0.3742,19.8839,20.258,20.8335,False,False,none,0,True,17,na_no_pcap,not_captured,True
bounded20-30/full,full,bounded,3,4,18,2407,26.2716,0.39,25.8816,26.2716,26.4471,False,False,none,0,True,2407,na_no_pcap,not_captured,True
bounded20-30/full,full,bounded,3,5,15,1657,27.7948,0.4296,27.3651,27.7948,28.1509,False,False,none,0,True,1657,na_no_pcap,not_captured,True
bounded20-30/full,full,bounded,4,1,24,17,29.9398,0.6268,29.3129,29.9398,30.1327,False,False,none,0,True,17,na_no_pcap,not_captured,True
bounded20-30/full,full,bounded,4,2,21,17,23.4798,0.3817,23.0982,23.4798,23.873,False,False,none,0,True,17,na_no_pcap,not_captured,True
bounded20-30/full,full,bounded,4,3,24,17,21.4434,0.2854,21.158,21.4434,21.7339,False,False,none,0,True,17,na_no_pcap,not_captured,True
bounded20-30/full,full,bounded,4,4,18,2407,23.7233,0.3703,23.353,23.7233,24.0273,False,False,none,0,True,2407,na_no_pcap,not_captured,True
bounded20-30/full,full,bounded,4,5,15,1657,29.6896,0.4149,29.2747,29.6896,30.0522,False,False,none,0,True,1657,na_no_pcap,not_captured,True
bounded20-30/full,full,bounded,5,1,24,17,26.4278,0.6457,25.7821,26.4278,26.6279,False,False,none,0,True,17,na_no_pcap,not_captured,True
bounded20-30/full,full,bounded,5,2,21,17,27.8934,0.3809,27.5124,27.8934,28.3043,False,False,none,0,True,17,na_no_pcap,not_captured,True
bounded20-30/full,full,bounded,5,3,24,17,23.901,0.3777,23.5233,23.901,24.2111,False,False,none,0,True,17,na_no_pcap,not_captured,True
bounded20-30/full,full,bounded,5,4,18,2407,29.6268,0.3591,29.2676,29.6268,29.9389,False,False,none,0,True,2407,na_no_pcap,not_captured,True
bounded20-30/full,full,bounded,5,5,15,1657,27.4305,0.4241,27.0064,27.4305,27.7874,False,False,none,0,True,1657,na_no_pcap,not_captured,True
bounded20-30/full,full,bounded,6,1,24,17,28.8438,0.6625,28.1813,28.8438,29.0323,False,False,none,0,True,17,na_no_pcap,not_captured,True
bounded20-30/full,full,bounded,6,2,21,17,20.9057,0.3777,20.528,20.9057,21.3264,False,False,none,0,True,17,na_no_pcap,not_captured,True
bounded20-30/full,full,bounded,6,3,24,17,27.7356,0.3739,27.3617,27.7356,28.3255,False,False,none,0,True,17,na_no_pcap,not_captured,True
bounded20-30/full,full,bounded,6,4,18,2407,22.0815,0.3845,21.697,22.0815,22.2407,False,False,none,0,True,2407,na_no_pcap,not_captured,True
bounded20-30/full,full,bounded,6,5,15,1657,21.2356,0.3141,20.9215,21.2356,21.5423,False,False,none,0,True,1657,na_no_pcap,not_captured,True
bounded20-30/full,full,bounded,7,1,24,17,22.7694,0.6464,22.123,22.7694,23.237,False,False,none,0,True,17,na_no_pcap,not_captured,True
bounded20-30/full,full,bounded,7,2,21,17,26.781,0.436,26.345,26.781,27.2179,False,False,none,0,True,17,na_no_pcap,not_captured,True
bounded20-30/full,full,bounded,7,3,24,17,28.4822,0.3787,28.1035,28.4822,28.6362,False,False,none,0,True,17,na_no_pcap,not_captured,True
bounded20-30/full,full,bounded,7,4,18,2407,22.0551,0.3978,21.6573,22.0551,22.3536,False,False,none,0,True,2407,na_no_pcap,not_captured,True
bounded20-30/full,full,bounded,7,5,15,1657,20.4364,0.4176,20.0189,20.4364,20.8122,False,False,none,0,True,1657,na_no_pcap,not_captured,True
bounded20-30/full,full,bounded,8,1,24,17,28.3813,0.6762,27.705,28.3813,28.58,False,False,none,0,True,17,na_no_pcap,not_captured,True
bounded20-30/full,full,bounded,8,2,21,17,23.1854,0.3802,22.8052,23.1854,23.5925,False,False,none,0,True,17,na_no_pcap,not_captured,True
bounded20-30/full,full,bounded,8,3,24,17,29.1634,0.3972,28.7662,29.1634,29.4846,False,False,none,0,True,17,na_no_pcap,not_captured,True
bounded20-30/full,full,bounded,8,4,18,2407,23.7822,0.3683,23.4139,23.7822,24.0917,False,False,none,0,True,2407,na_no_pcap,not_captured,True
bounded20-30/full,full,bounded,8,5,15,1657,27.8034,0.4301,27.3733,27.8034,28.17,False,False,none,0,True,1657,na_no_pcap,not_captured,True
bounded20-30/full,full,bounded,9,1,24,17,25.0829,0.6455,24.4374,25.0829,25.2863,False,False,none,0,True,17,na_no_pcap,not_captured,True
bounded20-30/full,full,bounded,9,2,21,17,23.0885,0.405,22.6835,23.0885,23.5087,False,False,none,0,True,17,na_no_pcap,not_captured,True
bounded20-30/full,full,bounded,9,3,24,17,26.0269,0.3905,25.6363,26.0269,26.3462,False,False,none,0,True,17,na_no_pcap,not_captured,True
bounded20-30/full,full,bounded,9,4,18,2407,23.2391,0.3674,22.8717,23.2391,23.5479,False,False,none,0,True,2407,na_no_pcap,not_captured,True
bounded20-30/full,full,bounded,9,5,15,1657,26.0284,0.4277,25.6008,26.0284,26.3952,False,False,none,0,True,1657,na_no_pcap,not_captured,True
bounded20-30/full,full,bounded,10,1,24,17,29.9113,0.6628,29.2485,29.9113,30.3727,False,False,none,0,True,17,na_no_pcap,not_captured,True
bounded20-30/full,full,bounded,10,2,21,17,20.819,0.3946,20.4244,20.819,20.9966,False,False,none,0,True,17,na_no_pcap,not_captured,True
bounded20-30/full,full,bounded,10,3,24,17,25.9301,0.3735,25.5566,25.9301,26.2492,False,False,none,0,True,17,na_no_pcap,not_captured,True
bounded20-30/full,full,bounded,10,4,18,2407,24.5308,0.3628,24.168,24.5308,24.8354,False,False,none,0,True,2407,na_no_pcap,not_captured,True
bounded20-30/full,full,bounded,10,5,15,1657,27.1766,0.4217,26.7549,27.1766,27.5443,False,False,none,0,True,1657,na_no_pcap,not_captured,True
bounded20-30/full,full,bounded,11,1,24,17,20.6605,0.6456,20.015,20.6605,20.8571,False,False,none,0,True,17,na_no_pcap,not_captured,True
bounded20-30/full,full,bounded,11,2,21,17,24.5078,0.3743,24.1336,24.5078,24.9158,False,False,none,0,True,17,na_no_pcap,not_captured,True
bounded20-30/full,full,bounded,11,3,24,17,22.5129,0.3687,22.1442,22.5129,22.8317,False,False,none,0,True,17,na_no_pcap,not_captured,True
bounded20-30/full,full,bounded,11,4,18,2407,28.4245,0.3663,28.0582,28.4245,28.7245,False,False,none,0,True,2407,na_no_pcap,not_captured,True
bounded20-30/full,full,bounded,11,5,15,1657,23.4223,0.4197,23.0026,23.4223,23.7616,False,False,none,0,True,1657,na_no_pcap,not_captured,True
bounded20-30/full,full,bounded,12,1,24,17,21.1715,0.6282,20.5433,21.1715,21.3526,False,False,none,0,True,17,na_no_pcap,not_captured,True
bounded20-30/full,full,bounded,12,2,21,17,29.9189,0.3734,29.5455,29.9189,30.3625,False,False,none,0,True,17,na_no_pcap,not_captured,True
bounded20-30/full,full,bounded,12,3,24,17,23.9598,0.3659,23.5939,23.9598,24.2811,False,False,none,0,True,17,na_no_pcap,not_captured,True
bounded20-30/full,full,bounded,12,4,18,2407,24.3682,0.3626,24.0056,24.3682,24.6846,False,False,none,0,True,2407,na_no_pcap,not_captured,True
bounded20-30/full,full,bounded,12,5,15,1657,21.0549,0.4503,20.6046,21.0549,21.4158,False,False,none,0,True,1657,na_no_pcap,not_captured,True
bounded20-30/full,full,bounded,13,1,24,17,22.1265,0.513,21.6135,22.1265,22.3094,False,False,none,0,True,17,na_no_pcap,not_captured,True
bounded20-30/full,full,bounded,13,2,21,17,24.5147,0.2762,24.2384,24.5147,24.8905,False,False,none,0,True,17,na_no_pcap,not_captured,True
bounded20-30/full,full,bounded,13,3,24,17,25.5841,0.2791,25.305,25.5841,26.2219,False,False,none,0,True,17,na_no_pcap,not_captured,True
bounded20-30/full,full,bounded,13,4,18,2407,24.1048,0.278,23.8268,24.1048,24.6496,False,False,none,0,True,2407,na_no_pcap,not_captured,True
bounded20-30/full,full,bounded,13,5,15,1657,28.7063,0.3717,28.3345,28.7063,28.8755,False,False,none,0,True,1657,na_no_pcap,not_captured,True
bounded20-30/full,full,bounded,14,1,24,17,21.0568,0.4142,20.6426,21.0568,21.2351,False,False,none,0,True,17,na_no_pcap,not_captured,True
bounded20-30/full,full,bounded,14,2,21,17,22.281,0.3716,21.9094,22.281,22.6705,False,False,none,0,True,17,na_no_pcap,not_captured,True
bounded20-30/full,full,bounded,14,3,24,17,28.237,0.3792,27.8578,28.237,28.5408,False,False,none,0,True,17,na_no_pcap,not_captured,True
bounded20-30/full,full,bounded,14,4,18,2407,24.7644,0.3729,24.3914,24.7644,25.076,False,False,none,0,True,2407,na_no_pcap,not_captured,True
bounded20-30/full,full,bounded,14,5,15,1657,29.9697,0.4232,29.5466,29.9697,30.3352,False,False,none,0,True,1657,na_no_pcap,not_captured,True
bounded20-30/full,full,bounded,15,1,24,17,22.679,0.6102,22.0688,22.679,22.8433,False,False,none,0,True,17,na_no_pcap,not_captured,True
bounded20-30/full,full,bounded,15,2,21,17,28.0475,0.3826,27.6649,28.0475,28.4897,False,False,none,0,True,17,na_no_pcap,not_captured,True
bounded20-30/full,full,bounded,15,3,24,17,27.3291,0.3769,26.9522,27.3291,27.6467,False,False,none,0,True,17,na_no_pcap,not_captured,True
bounded20-30/full,full,bounded,15,4,18,2407,23.1236,0.3651,22.7585,23.1236,23.411,False,False,none,0,True,2407,na_no_pcap,not_captured,True
bounded20-30/full,full,bounded,15,5,15,1657,22.25,0.4234,21.8266,22.25,22.6208,False,False,none,0,True,1657,na_no_pcap,not_captured,True
bounded20-30/full,full,bounded,16,1,24,17,23.0137,0.6383,22.3755,23.0137,23.4837,False,False,none,0,True,17,na_no_pcap,not_captured,True
bounded20-30/full,full,bounded,16,2,21,17,22.0888,0.415,21.6738,22.0888,22.2672,False,False,none,0,True,17,na_no_pcap,not_captured,True
bounded20-30/full,full,bounded,16,3,24,17,27.9382,0.3843,27.5539,27.9382,28.2581,False,False,none,0,True,17,na_no_pcap,not_captured,True
bounded20-30/full,full,bounded,16,4,18,2407,23.3988,0.3833,23.0155,23.3988,23.7105,False,False,none,0,True,2407,na_no_pcap,not_captured,True
bounded20-30/full,full,bounded,16,5,15,1657,24.8799,0.4342,24.4457,24.8799,25.2476,False,False,none,0,True,1657,na_no_pcap,not_captured,True
bounded20-30/full,full,bounded,17,1,24,17,26.2588,0.5197,25.7391,26.2588,26.4415,False,False,none,0,True,17,na_no_pcap,not_captured,True
bounded20-30/full,full,bounded,17,2,21,17,26.2511,0.3663,25.8848,26.2511,26.6115,False,False,none,0,True,17,na_no_pcap,not_captured,True
bounded20-30/full,full,bounded,17,3,24,17,29.994,0.3793,29.6147,29.994,30.32,False,False,none,0,True,17,na_no_pcap,not_captured,True
bounded20-30/full,full,bounded,17,4,18,2407,28.429,0.3914,28.0375,28.429,28.7645,False,False,none,0,True,2407,na_no_pcap,not_captured,True
bounded20-30/full,full,bounded,17,5,15,1657,23.1501,0.4456,22.7045,23.1501,23.5242,False,False,none,0,True,1657,na_no_pcap,not_captured,True
bounded20-30/full,full,bounded,18,1,24,17,26.4087,0.6386,25.7701,26.4087,26.99,False,False,none,0,True,17,na_no_pcap,not_captured,True
bounded20-30/full,full,bounded,18,2,21,17,24.1124,0.3906,23.7219,24.1124,24.3102,False,False,none,0,True,17,na_no_pcap,not_captured,True
bounded20-30/full,full,bounded,18,3,24,17,22.5968,0.3724,22.2244,22.5968,23.2467,False,False,none,0,True,17,na_no_pcap,not_captured,True
bounded20-30/full,full,bounded,18,4,18,2407,27.1004,0.3956,26.7049,27.1004,27.3509,False,False,none,0,True,2407,na_no_pcap,not_captured,True
bounded20-30/full,full,bounded,18,5,15,1657,23.0056,0.419,22.5866,23.0056,23.4025,False,False,none,0,True,1657,na_no_pcap,not_captured,True
bounded20-30/full,full,bounded,19,1,24,17,20.3062,0.4169,19.8893,20.3062,20.4787,False,False,none,0,True,17,na_no_pcap,not_captured,True
bounded20-30/full,full,bounded,19,2,21,17,28.5397,0.3619,28.1778,28.5397,28.9713,False,False,none,0,True,17,na_no_pcap,not_captured,True
bounded20-30/full,full,bounded,19,3,24,17,23.3052,0.3593,22.9459,23.3052,23.6125,False,False,none,0,True,17,na_no_pcap,not_captured,True
bounded20-30/full,full,bounded,19,4,18,2407,25.3496,0.3524,24.9972,25.3496,25.6494,False,False,none,0,True,2407,na_no_pcap,not_captured,True
bounded20-30/full,full,bounded,19,5,15,1657,22.7923,0.4319,22.3604,22.7923,23.1404,False,False,none,0,True,1657,na_no_pcap,not_captured,True
bounded20-30/full,full,bounded,20,1,24,17,20.1784,0.6391,19.5393,20.1784,20.3641,False,False,none,0,True,17,na_no_pcap,not_captured,True
bounded20-30/full,full,bounded,20,2,21,17,23.069,0.3818,22.6872,23.069,23.4967,False,False,none,0,True,17,na_no_pcap,not_captured,True
bounded20-30/full,full,bounded,20,3,24,17,25.7723,0.3645,25.4078,25.7723,26.0857,False,False,none,0,True,17,na_no_pcap,not_captured,True
bounded20-30/full,full,bounded,20,4,18,2407,24.932,0.3634,24.5687,24.932,25.6261,False,False,none,0,True,2407,na_no_pcap,not_captured,True
bounded20-30/full,full,bounded,20,5,15,1657,20.5286,0.4444,20.0842,20.5286,20.7002,False,False,none,0,True,1657,na_no_pcap,not_captured,True
bounded20-30/full,full,bounded,21,1,24,17,25.5879,0.6357,24.9522,25.5879,25.7773,False,False,none,0,True,17,na_no_pcap,not_captured,True
bounded20-30/full,full,bounded,21,2,21,17,23.1542,0.3603,22.7939,23.1542,23.5588,False,False,none,0,True,17,na_no_pcap,not_captured,True
bounded20-30/full,full,bounded,21,3,24,17,29.0336,0.3593,28.6743,29.0336,29.3463,False,False,none,0,True,17,na_no_pcap,not_captured,True
bounded20-30/full,full,bounded,21,4,18,2407,25.303,0.3612,24.9419,25.303,25.6043,False,False,none,0,True,2407,na_no_pcap,not_captured,True
bounded20-30/full,full,bounded,21,5,15,1657,23.7486,0.4179,23.3306,23.7486,24.1093,False,False,none,0,True,1657,na_no_pcap,not_captured,True
bounded20-30/full,full,bounded,22,1,24,17,25.44,0.6256,24.8144,25.44,25.6213,False,False,none,0,True,17,na_no_pcap,not_captured,True
bounded20-30/full,full,bounded,22,2,21,17,27.0934,0.3762,26.7172,27.0934,27.5343,False,False,none,0,True,17,na_no_pcap,not_captured,True
bounded20-30/full,full,bounded,22,3,24,17,25.3566,0.3483,25.0084,25.3566,25.6858,False,False,none,0,True,17,na_no_pcap,not_captured,True
bounded20-30/full,full,bounded,22,4,18,2407,26.6553,0.3435,26.3118,26.6553,26.9521,False,False,none,0,True,2407,na_no_pcap,not_captured,True
bounded20-30/full,full,bounded,22,5,15,1657,24.8201,0.3931,24.427,24.8201,25.1897,False,False,none,0,True,1657,na_no_pcap,not_captured,True
bounded20-30/full,full,bounded,23,1,24,17,21.8814,0.6228,21.2586,21.8814,22.3641,False,False,none,0,True,17,na_no_pcap,not_captured,True
bounded20-30/full,full,bounded,23,2,21,17,25.6971,0.3949,25.3022,25.6971,25.8766,False,False,none,0,True,17,na_no_pcap,not_captured,True
bounded20-30/full,full,bounded,23,3,24,17,24.7128,0.3624,24.3504,24.7128,25.028,False,False,none,0,True,17,na_no_pcap,not_captured,True
bounded20-30/full,full,bounded,23,4,18,2407,24.4828,0.3932,24.0895,24.4828,24.8091,False,False,none,0,True,2407,na_no_pcap,not_captured,True
bounded20-30/full,full,bounded,23,5,15,1657,23.5008,0.4376,23.0633,23.5008,23.9153,False,False,none,0,True,1657,na_no_pcap,not_captured,True
bounded20-30/full,full,bounded,24,1,24,17,23.0458,0.6104,22.4354,23.0458,23.2283,False,False,none,0,True,17,na_no_pcap,not_captured,True
bounded20-30/full,full,bounded,24,2,21,17,27.0042,0.38,26.6242,27.0042,27.4297,False,False,none,0,True,17,na_no_pcap,not_captured,True
bounded20-30/full,full,bounded,24,3,24,17,26.492,0.3698,26.1221,26.492,26.8017,False,False,none,0,True,17,na_no_pcap,not_captured,True
bounded20-30/full,full,bounded,24,4,18,2407,22.6158,0.3593,22.2565,22.6158,22.9307,False,False,none,0,True,2407,na_no_pcap,not_captured,True
bounded20-30/full,full,bounded,24,5,15,1657,28.7666,0.416,28.3506,28.7666,29.132,False,False,none,0,True,1657,na_no_pcap,not_captured,True
bounded20-30/full,full,bounded,25,1,24,17,21.6985,0.3379,21.3606,21.6985,21.8384,False,False,none,0,True,17,na_no_pcap,not_captured,True
bounded20-30/full,full,bounded,25,2,21,17,23.0758,0.2873,22.7884,23.0758,23.3737,False,False,none,0,True,17,na_no_pcap,not_captured,True
bounded20-30/full,full,bounded,25,3,24,17,28.8698,0.2834,28.5863,28.8698,29.1281,False,False,none,0,True,17,na_no_pcap,not_captured,True
bounded20-30/full,full,bounded,25,4,18,2407,29.2304,0.2736,28.9568,29.2304,29.4846,False,False,none,0,True,2407,na_no_pcap,not_captured,True
bounded20-30/full,full,bounded,25,5,15,1657,23.7961,0.36,23.4361,23.7961,24.0854,False,False,none,0,True,1657,na_no_pcap,not_captured,True
bounded20-30/full,full,bounded,26,1,24,17,29.2627,0.3133,28.9494,29.2627,29.3893,False,False,none,0,True,17,na_no_pcap,not_captured,True
bounded20-30/full,full,bounded,26,2,21,17,26.2083,0.2267,25.9815,26.2083,26.7446,False,False,none,0,True,17,na_no_pcap,not_captured,True
bounded20-30/full,full,bounded,26,3,24,17,26.0762,0.2337,25.8425,26.0762,26.2102,False,False,none,0,True,17,na_no_pcap,not_captured,True
bounded20-30/full,full,bounded,26,4,18,2407,20.5212,0.3528,20.1684,20.5212,20.8319,False,False,none,0,True,2407,na_no_pcap,not_captured,True
bounded20-30/full,full,bounded,26,5,15,1657,24.9571,0.2991,24.658,24.9571,25.3588,False,False,none,0,True,1657,na_no_pcap,not_captured,True
bounded20-30/full,full,bounded,27,1,24,17,20.1838,0.3985,19.7853,20.1838,20.3212,False,False,none,0,True,17,na_no_pcap,not_captured,True
bounded20-30/full,full,bounded,27,2,21,17,26.7156,0.2145,26.5011,26.7156,26.9829,False,False,none,0,True,17,na_no_pcap,not_captured,True
bounded20-30/full,full,bounded,27,3,24,17,22.381,0.2163,22.1648,22.381,22.599,False,False,none,0,True,17,na_no_pcap,not_captured,True
bounded20-30/full,full,bounded,27,4,18,2407,29.4588,0.2078,29.251,29.4588,29.6648,False,False,none,0,True,2407,na_no_pcap,not_captured,True
bounded20-30/full,full,bounded,27,5,15,1657,24.0091,0.2402,23.7689,24.0091,24.2358,False,False,none,0,True,1657,na_no_pcap,not_captured,True
bounded20-30/full,full,bounded,28,1,24,17,20.1628,0.4224,19.7403,20.1628,20.297,False,False,none,0,True,17,na_no_pcap,not_captured,True
bounded20-30/full,full,bounded,28,2,21,17,21.5637,0.228,21.3356,21.5637,21.8363,False,False,none,0,True,17,na_no_pcap,not_captured,True
bounded20-30/full,full,bounded,28,3,24,17,22.325,0.2253,22.0997,22.325,22.5352,False,False,none,0,True,17,na_no_pcap,not_captured,True
bounded20-30/full,full,bounded,28,4,18,2407,28.7517,0.2162,28.5355,28.7517,28.9438,False,False,none,0,True,2407,na_no_pcap,not_captured,True
bounded20-30/full,full,bounded,28,5,15,1657,24.2624,0.2578,24.0046,24.2624,24.5185,False,False,none,0,True,1657,na_no_pcap,not_captured,True
bounded20-30/full,full,bounded,29,1,24,17,23.1251,0.4178,22.7073,23.1251,23.297,False,False,none,0,True,17,na_no_pcap,not_captured,True
bounded20-30/full,full,bounded,29,2,21,17,21.7877,0.2212,21.5664,21.7877,22.1048,False,False,none,0,True,17,na_no_pcap,not_captured,True
bounded20-30/full,full,bounded,29,3,24,17,20.9996,0.2131,20.7865,20.9996,21.2545,False,False,none,0,True,17,na_no_pcap,not_captured,True
bounded20-30/full,full,bounded,29,4,18,2407,26.2497,0.2116,26.0381,26.2497,26.4797,False,False,none,0,True,2407,na_no_pcap,not_captured,True
bounded20-30/full,full,bounded,29,5,15,1657,20.0055,0.2455,19.76,20.0055,20.29,False,False,none,0,True,1657,na_no_pcap,not_captured,True
bounded20-30/full,full,bounded,30,1,24,17,23.6076,0.4149,23.1927,23.6076,23.7444,False,False,none,0,True,17,na_no_pcap,not_captured,True
bounded20-30/full,full,bounded,30,2,21,17,26.7603,0.2191,26.5412,26.7603,27.0457,False,False,none,0,True,17,na_no_pcap,not_captured,True
bounded20-30/full,full,bounded,30,3,24,17,24.4079,0.2127,24.1951,24.4079,24.6129,False,False,none,0,True,17,na_no_pcap,not_captured,True
bounded20-30/full,full,bounded,30,4,18,2407,27.9659,0.2136,27.7524,27.9659,28.1718,False,False,none,0,True,2407,na_no_pcap,not_captured,True
bounded20-30/full,full,bounded,30,5,15,1657,22.7228,0.2422,22.4806,22.7228,22.9589,False,False,none,0,True,1657,na_no_pcap,not_captured,True
bounded20-30/full,full,bounded,31,1,24,17,20.989,0.401,20.588,20.989,21.1234,False,False,none,0,True,17,na_no_pcap,not_captured,True
bounded20-30/full,full,bounded,31,2,21,17,27.4554,0.2201,27.2352,27.4554,27.7389,False,False,none,0,True,17,na_no_pcap,not_captured,True
bounded20-30/full,full,bounded,31,3,24,17,22.2099,0.2141,21.9958,22.2099,22.4133,False,False,none,0,True,17,na_no_pcap,not_captured,True
bounded20-30/full,full,bounded,31,4,18,2407,29.4487,0.2266,29.2221,29.4487,29.6483,False,False,none,0,True,2407,na_no_pcap,not_captured,True
bounded20-30/full,full,bounded,31,5,15,1657,28.0733,0.2481,27.8253,28.0733,28.2879,False,False,none,0,True,1657,na_no_pcap,not_captured,True
bounded20-30/full,full,bounded,32,1,24,17,21.1042,0.3266,20.7776,21.1042,21.2322,False,False,none,0,True,17,na_no_pcap,not_captured,True
bounded20-30/full,full,bounded,32,2,21,17,25.6969,0.2257,25.4713,25.6969,25.9486,False,False,none,0,True,17,na_no_pcap,not_captured,True
bounded20-30/full,full,bounded,32,3,24,17,21.282,0.2269,21.0551,21.282,21.5032,False,False,none,0,True,17,na_no_pcap,not_captured,True
bounded20-30/full,full,bounded,32,4,18,2407,21.29,0.2306,21.0594,21.29,21.501,False,False,none,0,True,2407,na_no_pcap,not_captured,True
bounded20-30/full,full,bounded,32,5,15,1657,24.8903,0.2517,24.6386,24.8903,25.1221,False,False,none,0,True,1657,na_no_pcap,not_captured,True
bounded20-30/full,full,bounded,33,1,24,17,24.6864,0.5274,24.159,24.6864,24.8597,False,False,none,0,True,17,na_no_pcap,not_captured,True
bounded20-30/full,full,bounded,33,2,21,17,28.0943,0.3821,27.7121,28.0943,28.4773,False,False,none,0,True,17,na_no_pcap,not_captured,True
bounded20-30/full,full,bounded,33,3,24,17,23.7041,0.3755,23.3286,23.7041,24.0132,False,False,none,0,True,17,na_no_pcap,not_captured,True
bounded20-30/full,full,bounded,33,4,18,2407,20.0671,0.377,19.6902,20.0671,20.3797,False,False,none,0,True,2407,na_no_pcap,not_captured,True
bounded20-30/full,full,bounded,33,5,15,1657,20.6281,0.429,20.1991,20.6281,20.9905,False,False,none,0,True,1657,na_no_pcap,not_captured,True
bounded20-30/full,full,bounded,34,1,24,17,24.3686,0.629,23.7396,24.3686,24.5511,False,False,none,0,True,17,na_no_pcap,not_captured,True
bounded20-30/full,full,bounded,34,2,21,17,26.3909,0.3793,26.0116,26.3909,26.7694,False,False,none,0,True,17,na_no_pcap,not_captured,True
bounded20-30/full,full,bounded,34,3,24,17,24.6838,0.2234,24.4604,24.6838,24.9261,False,False,none,0,True,17,na_no_pcap,not_captured,True
bounded20-30/full,full,bounded,34,4,18,2407,26.6743,0.2136,26.4607,26.6743,26.8896,False,False,none,0,True,2407,na_no_pcap,not_captured,True
bounded20-30/full,full,bounded,34,5,15,1657,26.8642,0.2417,26.6225,26.8642,27.1359,False,False,none,0,True,1657,na_no_pcap,not_captured,True
bounded20-30/full,full,bounded,35,1,24,17,26.7045,0.3943,26.3102,26.7045,26.8639,False,False,none,0,True,17,na_no_pcap,not_captured,True
bounded20-30/full,full,bounded,35,2,21,17,25.37,0.2117,25.1583,25.37,25.6675,False,False,none,0,True,17,na_no_pcap,not_captured,True
bounded20-30/full,full,bounded,35,3,24,17,22.5135,0.2226,22.291,22.5135,22.7552,False,False,none,0,True,17,na_no_pcap,not_captured,True
bounded20-30/full,full,bounded,35,4,18,2407,25.3227,0.2113,25.1114,25.3227,25.5534,False,False,none,0,True,2407,na_no_pcap,not_captured,True
bounded20-30/full,full,bounded,35,5,15,1657,24.4607,0.2313,24.2294,24.4607,24.7414,False,False,none,0,True,1657,na_no_pcap,not_captured,True
bounded20-30/full,full,bounded,36,1,24,17,28.0622,0.52,27.5421,28.0622,28.2445,False,False,none,0,True,17,na_no_pcap,not_captured,True
bounded20-30/full,full,bounded,36,2,21,17,25.5417,0.367,25.1747,25.5417,25.9049,False,False,none,0,True,17,na_no_pcap,not_captured,True
bounded20-30/full,full,bounded,36,3,24,17,26.0365,0.3725,25.664,26.0365,26.3428,False,False,none,0,True,17,na_no_pcap,not_captured,True
bounded20-30/full,full,bounded,36,4,18,2407,25.339,0.3676,24.9713,25.339,25.6479,False,False,none,0,True,2407,na_no_pcap,not_captured,True
bounded20-30/full,full,bounded,36,5,15,1657,21.5253,0.4256,21.0997,21.5253,21.8783,False,False,none,0,True,1657,na_no_pcap,not_captured,True
bounded20-30/full,full,bounded,37,1,24,17,23.9358,0.5187,23.4171,23.9358,24.1094,False,False,none,0,True,17,na_no_pcap,not_captured,True
bounded20-30/full,full,bounded,37,2,21,17,25.6357,0.3826,25.2531,25.6357,26.0215,False,False,none,0,True,17,na_no_pcap,not_captured,True
bounded20-30/full,full,bounded,37,3,24,17,20.896,0.4197,20.4763,20.896,21.2078,False,False,none,0,True,17,na_no_pcap,not_captured,True
bounded20-30/full,full,bounded,37,4,18,2407,20.4692,0.3689,20.1003,20.4692,20.7762,False,False,none,0,True,2407,na_no_pcap,not_captured,True
bounded20-30/full,full,bounded,37,5,15,1657,25.2714,0.4161,24.8553,25.2714,25.6292,False,False,none,0,True,1657,na_no_pcap,not_captured,True
bounded20-30/full,full,bounded,38,1,24,17,23.3507,0.5235,22.8271,23.3507,23.5298,False,False,none,0,True,17,na_no_pcap,not_captured,True
bounded20-30/full,full,bounded,38,2,21,17,26.5569,0.3752,26.1817,26.5569,26.9326,False,False,none,0,True,17,na_no_pcap,not_captured,True
bounded20-30/full,full,bounded,38,3,24,17,20.9961,0.3801,20.616,20.9961,21.3054,False,False,none,0,True,17,na_no_pcap,not_captured,True
bounded20-30/full,full,bounded,38,4,18,2407,27.5155,0.3728,27.1427,27.5155,27.8195,False,False,none,0,True,2407,na_no_pcap,not_captured,True
bounded20-30/full,full,bounded,38,5,15,1657,24.3931,0.4301,23.963,24.3931,24.7611,False,False,none,0,True,1657,na_no_pcap,not_captured,True
bounded20-30/full,full,bounded,39,1,24,17,23.2347,0.5411,22.6936,23.2347,23.4057,False,False,none,0,True,17,na_no_pcap,not_captured,True
bounded20-30/full,full,bounded,39,2,21,17,25.6624,0.3855,25.277,25.6624,26.0472,False,False,none,0,True,17,na_no_pcap,not_captured,True
bounded20-30/full,full,bounded,39,3,24,17,20.1063,0.3755,19.7309,20.1063,20.4152,False,False,none,0,True,17,na_no_pcap,not_captured,True
bounded20-30/full,full,bounded,39,4,18,2407,23.0774,0.3795,22.6979,23.0774,23.3805,False,False,none,0,True,2407,na_no_pcap,not_captured,True
bounded20-30/full,full,bounded,39,5,15,1657,27.7868,0.4274,27.3594,27.7868,28.1467,False,False,none,0,True,1657,na_no_pcap,not_captured,True
bounded20-30/full,full,bounded,40,1,24,17,22.5917,0.5362,22.0554,22.5917,22.771,False,False,none,0,True,17,na_no_pcap,not_captured,True
bounded20-30/full,full,bounded,40,2,21,17,25.2899,0.4416,24.8484,25.2899,25.6635,False,False,none,0,True,17,na_no_pcap,not_captured,True
bounded20-30/full,full,bounded,40,3,24,17,28.6719,0.379,28.2929,28.6719,28.9753,False,False,none,0,True,17,na_no_pcap,not_captured,True
bounded20-30/full,full,bounded,40,4,18,2407,28.7348,0.3675,28.3673,28.7348,29.0439,False,False,none,0,True,2407,na_no_pcap,not_captured,True
bounded20-30/full,full,bounded,40,5,15,1657,24.3,0.4323,23.8676,24.3,24.6785,False,False,none,0,True,1657,na_no_pcap,not_captured,True
bounded20-30/full,full,bounded,41,1,24,17,24.5439,0.535,24.0088,24.5439,24.6717,False,False,none,0,True,17,na_no_pcap,not_captured,True
bounded20-30/full,full,bounded,41,2,21,17,22.2342,0.3811,21.8531,22.2342,22.6229,False,False,none,0,True,17,na_no_pcap,not_captured,True
bounded20-30/full,full,bounded,41,3,24,17,25.9065,0.373,25.5335,25.9065,26.2358,False,False,none,0,True,17,na_no_pcap,not_captured,True
bounded20-30/full,full,bounded,41,4,18,2407,23.088,0.3721,22.7159,23.088,23.395,False,False,none,0,True,2407,na_no_pcap,not_captured,True
bounded20-30/full,full,bounded,41,5,15,1657,26.8029,0.4256,26.3773,26.8029,27.1682,False,False,none,0,True,1657,na_no_pcap,not_captured,True
bounded20-30/full,full,bounded,42,1,24,17,20.6133,0.5314,20.0819,20.6133,20.8199,False,False,none,0,True,17,na_no_pcap,not_captured,True
bounded20-30/full,full,bounded,42,2,21,17,21.141,0.3789,20.7621,21.141,21.5,False,False,none,0,True,17,na_no_pcap,not_captured,True
bounded20-30/full,full,bounded,42,3,24,17,27.6498,0.3834,27.2664,27.6498,28.0095,False,False,none,0,True,17,na_no_pcap,not_captured,True
bounded20-30/full,full,bounded,42,4,18,2407,21.6238,0.3685,21.2553,21.6238,21.9347,False,False,none,0,True,2407,na_no_pcap,not_captured,True
bounded20-30/full,full,bounded,42,5,15,1657,23.8638,0.4652,23.3986,23.8638,24.2313,False,False,none,0,True,1657,na_no_pcap,not_captured,True
bounded20-30/full,full,bounded,43,1,24,17,20.4341,0.5165,19.9176,20.4341,20.6152,False,False,none,0,True,17,na_no_pcap,not_captured,True
bounded20-30/full,full,bounded,43,2,21,17,21.8662,0.3719,21.4942,21.8662,22.2394,False,False,none,0,True,17,na_no_pcap,not_captured,True
bounded20-30/full,full,bounded,43,3,24,17,23.8274,0.3622,23.4652,23.8274,24.1504,False,False,none,0,True,17,na_no_pcap,not_captured,True
bounded20-30/full,full,bounded,43,4,18,2407,24.8524,0.3686,24.4837,24.8524,25.1613,False,False,none,0,True,2407,na_no_pcap,not_captured,True
bounded20-30/full,full,bounded,43,5,15,1657,21.498,0.481,21.017,21.498,21.8564,False,False,none,0,True,1657,na_no_pcap,not_captured,True
bounded20-30/full,full,bounded,44,1,24,17,24.9563,0.5438,24.4125,24.9563,25.1589,False,False,none,0,True,17,na_no_pcap,not_captured,True
bounded20-30/full,full,bounded,44,2,21,17,29.559,0.3743,29.1847,29.559,29.9742,False,False,none,0,True,17,na_no_pcap,not_captured,True
bounded20-30/full,full,bounded,44,3,24,17,28.1513,0.3771,27.7742,28.1513,28.5245,False,False,none,0,True,17,na_no_pcap,not_captured,True
bounded20-30/full,full,bounded,44,4,18,2407,20.94,0.3765,20.5635,20.94,21.3144,False,False,none,0,True,2407,na_no_pcap,not_captured,True
bounded20-30/full,full,bounded,44,5,15,1657,20.7586,0.4163,20.3423,20.7586,21.1934,False,False,none,0,True,1657,na_no_pcap,not_captured,True
bounded20-30/full,full,bounded,45,1,24,17,27.9371,0.625,27.3121,27.9371,28.4314,False,False,none,0,True,17,na_no_pcap,not_captured,True
bounded20-30/full,full,bounded,45,2,21,17,22.1544,0.3717,21.7827,22.1544,22.6175,False,False,none,0,True,17,na_no_pcap,not_captured,True
bounded20-30/full,full,bounded,45,3,24,17,29.1173,0.4429,28.6744,29.1173,29.6216,False,False,none,0,True,17,na_no_pcap,not_captured,True
bounded20-30/full,full,bounded,45,4,18,2407,26.8852,0.4174,26.4678,26.8852,27.1292,False,False,none,0,True,2407,na_no_pcap,not_captured,True
bounded20-30/full,full,bounded,45,5,15,1657,28.4816,0.426,28.0556,28.4816,28.9292,False,False,none,0,True,1657,na_no_pcap,not_captured,True
bounded20-30/full,full,bounded,46,1,24,17,26.0382,0.6131,25.4251,26.0382,26.2324,False,False,none,0,True,17,na_no_pcap,not_captured,True
bounded20-30/full,full,bounded,46,2,21,17,21.6669,0.3752,21.2917,21.6669,22.078,False,False,none,0,True,17,na_no_pcap,not_captured,True
bounded20-30/full,full,bounded,46,3,24,17,27.9716,0.3714,27.6002,27.9716,28.3,False,False,none,0,True,17,na_no_pcap,not_captured,True
bounded20-30/full,full,bounded,46,4,18,2407,26.6739,0.3643,26.3096,26.6739,26.9614,False,False,none,0,True,2407,na_no_pcap,not_captured,True
bounded20-30/full,full,bounded,46,5,15,1657,27.3245,0.4115,26.913,27.3245,27.6938,False,False,none,0,True,1657,na_no_pcap,not_captured,True
bounded20-30/full,full,bounded,47,1,24,17,27.3658,0.6174,26.7484,27.3658,27.545,False,False,none,0,True,17,na_no_pcap,not_captured,True
bounded20-30/full,full,bounded,47,2,21,17,24.3246,0.3776,23.9469,24.3246,24.7468,False,False,none,0,True,17,na_no_pcap,not_captured,True
bounded20-30/full,full,bounded,47,3,24,17,21.7113,0.3633,21.3481,21.7113,22.0263,False,False,none,0,True,17,na_no_pcap,not_captured,True
bounded20-30/full,full,bounded,47,4,18,2407,20.687,0.3572,20.3299,20.687,20.9941,False,False,none,0,True,2407,na_no_pcap,not_captured,True
bounded20-30/full,full,bounded,47,5,15,1657,24.2316,0.4178,23.8138,24.2316,24.5802,False,False,none,0,True,1657,na_no_pcap,not_captured,True
bounded20-30/full,full,bounded,48,1,24,17,24.5623,0.6309,23.9314,24.5623,24.7578,False,False,none,0,True,17,na_no_pcap,not_captured,True
bounded20-30/full,full,bounded,48,2,21,17,24.9024,0.3793,24.5231,24.9024,25.313,False,False,none,0,True,17,na_no_pcap,not_captured,True
bounded20-30/full,full,bounded,48,3,24,17,27.0124,0.3657,26.6466,27.0124,27.3299,False,False,none,0,True,17,na_no_pcap,not_captured,True
bounded20-30/full,full,bounded,48,4,18,2407,24.3854,0.3746,24.0108,24.3854,24.7161,False,False,none,0,True,2407,na_no_pcap,not_captured,True
bounded20-30/full,full,bounded,48,5,15,1657,27.3883,0.4195,26.9687,27.3883,27.7523,False,False,none,0,True,1657,na_no_pcap,not_captured,True
bounded20-30/full,full,bounded,49,1,24,17,27.6764,0.6146,27.0618,27.6764,27.8707,False,False,none,0,True,17,na_no_pcap,not_captured,True
bounded20-30/full,full,bounded,49,2,21,17,24.5976,0.374,24.2236,24.5976,25.0126,False,False,none,0,True,17,na_no_pcap,not_captured,True
bounded20-30/full,full,bounded,49,3,24,17,25.8435,0.3709,25.4726,25.8435,26.1617,False,False,none,0,True,17,na_no_pcap,not_captured,True
bounded20-30/full,full,bounded,49,4,18,2407,20.8841,0.3687,20.5154,20.8841,21.192,False,False,none,0,True,2407,na_no_pcap,not_captured,True
bounded20-30/full,full,bounded,49,5,15,1657,28.2334,0.4152,27.8182,28.2334,28.6017,False,False,none,0,True,1657,na_no_pcap,not_captured,True
native/crc-split,crc-boundary,native,0,1,24,17,0.0,0.6343,0.0,0.6343,0.7895,False,False,none,0,True,17,na_no_pcap,not_captured,True
native/crc-split,crc-boundary,native,0,2,21,17,0.0,0.3841,0.0,0.3841,0.7322,False,False,none,0,True,17,na_no_pcap,not_captured,True
native/crc-split,crc-boundary,native,0,3,24,17,0.0,0.3732,0.0,0.3732,0.6226,False,False,none,0,True,17,na_no_pcap,not_captured,True
native/crc-split,crc-boundary,native,0,4,18,2407,0.0,0.5297,0.0,0.5297,0.7764,False,False,none,0,True,2407,na_no_pcap,not_captured,True
native/crc-split,crc-boundary,native,0,5,15,1657,0.0,0.5677,0.0,0.5677,1.2343,False,False,none,0,True,1657,na_no_pcap,not_captured,True
native/crc-split,crc-boundary,native,1,1,24,17,0.0,0.6342,0.0,0.6342,0.8176,False,False,none,0,True,17,na_no_pcap,not_captured,True
native/crc-split,crc-boundary,native,1,2,21,17,0.0,0.3721,0.0,0.3721,0.7195,False,False,none,0,True,17,na_no_pcap,not_captured,True
native/crc-split,crc-boundary,native,1,3,24,17,0.0,0.3687,0.0,0.3687,0.6281,False,False,none,0,True,17,na_no_pcap,not_captured,True
native/crc-split,crc-boundary,native,1,4,18,2407,0.0,0.5006,0.0,0.5006,0.7429,False,False,none,0,True,2407,na_no_pcap,not_captured,True
native/crc-split,crc-boundary,native,1,5,15,1657,0.0,0.5708,0.0,0.5708,1.2561,False,False,none,0,True,1657,na_no_pcap,not_captured,True
native/crc-split,crc-boundary,native,2,1,24,17,0.0,0.6545,0.0,0.6545,0.8418,False,False,none,0,True,17,na_no_pcap,not_captured,True
native/crc-split,crc-boundary,native,2,2,21,17,0.0,0.357,0.0,0.357,0.7076,False,False,none,0,True,17,na_no_pcap,not_captured,True
native/crc-split,crc-boundary,native,2,3,24,17,0.0,0.3414,0.0,0.3414,0.5833,False,False,none,0,True,17,na_no_pcap,not_captured,True
native/crc-split,crc-boundary,native,2,4,18,2407,0.0,0.4891,0.0,0.4891,0.7264,False,False,none,0,True,2407,na_no_pcap,not_captured,True
native/crc-split,crc-boundary,native,2,5,15,1657,0.0,0.5519,0.0,0.5519,0.9989,False,False,none,0,True,1657,na_no_pcap,not_captured,True
native/crc-split,crc-boundary,native,3,1,24,17,0.0,0.4803,0.0,0.4803,0.6282,False,False,none,0,True,17,na_no_pcap,not_captured,True
native/crc-split,crc-boundary,native,3,2,21,17,0.0,0.2734,0.0,0.2734,0.5438,False,False,none,0,True,17,na_no_pcap,not_captured,True
native/crc-split,crc-boundary,native,3,3,24,17,0.0,0.2619,0.0,0.2619,0.4433,False,False,none,0,True,17,na_no_pcap,not_captured,True
native/crc-split,crc-boundary,native,3,4,18,2407,0.0,0.3747,0.0,0.3747,0.5505,False,False,none,0,True,2407,na_no_pcap,not_captured,True
native/crc-split,crc-boundary,native,3,5,15,1657,0.0,0.6987,0.0,0.6987,1.2889,False,False,none,0,True,1657,na_no_pcap,not_captured,True
native/crc-split,crc-boundary,native,4,1,24,17,0.0,0.634,0.0,0.634,0.7889,False,False,none,0,True,17,na_no_pcap,not_captured,True
native/crc-split,crc-boundary,native,4,2,21,17,0.0,0.3764,0.0,0.3764,0.7245,False,False,none,0,True,17,na_no_pcap,not_captured,True
native/crc-split,crc-boundary,native,4,3,24,17,0.0,0.3603,0.0,0.3603,0.6035,False,False,none,0,True,17,na_no_pcap,not_captured,True
native/crc-split,crc-boundary,native,4,4,18,2407,0.0,0.572,0.0,0.572,0.8904,False,False,none,0,True,2407,na_no_pcap,not_captured,True
native/crc-split,crc-boundary,native,4,5,15,1657,0.0,0.5776,0.0,0.5776,1.2677,False,False,none,0,True,1657,na_no_pcap,not_captured,True
native/crc-split,crc-boundary,native,5,1,24,17,0.0,0.4978,0.0,0.4978,0.6535,False,False,none,0,True,17,na_no_pcap,not_captured,True
native/crc-split,crc-boundary,native,5,2,21,17,0.0,0.2708,0.0,0.2708,0.533,False,False,none,0,True,17,na_no_pcap,not_captured,True
native/crc-split,crc-boundary,native,5,3,24,17,0.0,0.2571,0.0,0.2571,0.4381,False,False,none,0,True,17,na_no_pcap,not_captured,True
native/crc-split,crc-boundary,native,5,4,18,2407,0.0,0.3827,0.0,0.3827,0.5565,False,False,none,0,True,2407,na_no_pcap,not_captured,True
native/crc-split,crc-boundary,native,5,5,15,1657,0.0,0.5661,0.0,0.5661,1.0866,False,False,none,0,True,1657,na_no_pcap,not_captured,True
native/crc-split,crc-boundary,native,6,1,24,17,0.0,0.5478,0.0,0.5478,0.7098,False,False,none,0,True,17,na_no_pcap,not_captured,True
native/crc-split,crc-boundary,native,6,2,21,17,0.0,0.3133,0.0,0.3133,0.5806,False,False,none,0,True,17,na_no_pcap,not_captured,True
native/crc-split,crc-boundary,native,6,3,24,17,0.0,0.2848,0.0,0.2848,0.4965,False,False,none,0,True,17,na_no_pcap,not_captured,True
native/crc-split,crc-boundary,native,6,4,18,2407,0.0,0.4027,0.0,0.4027,0.5961,False,False,none,0,True,2407,na_no_pcap,not_captured,True
native/crc-split,crc-boundary,native,6,5,15,1657,0.0,0.5889,0.0,0.5889,1.1866,False,False,none,0,True,1657,na_no_pcap,not_captured,True
native/crc-split,crc-boundary,native,7,1,24,17,0.0,0.6441,0.0,0.6441,0.8295,False,False,none,0,True,17,na_no_pcap,not_captured,True
native/crc-split,crc-boundary,native,7,2,21,17,0.0,0.3692,0.0,0.3692,0.7172,False,False,none,0,True,17,na_no_pcap,not_captured,True
native/crc-split,crc-boundary,native,7,3,24,17,0.0,0.3488,0.0,0.3488,0.5894,False,False,none,0,True,17,na_no_pcap,not_captured,True
native/crc-split,crc-boundary,native,7,4,18,2407,0.0,0.5347,0.0,0.5347,0.7693,False,False,none,0,True,2407,na_no_pcap,not_captured,True
native/crc-split,crc-boundary,native,7,5,15,1657,0.0,0.5904,0.0,0.5904,1.1346,False,False,none,0,True,1657,na_no_pcap,not_captured,True
native/crc-split,crc-boundary,native,8,1,24,17,0.0,0.6507,0.0,0.6507,0.8176,False,False,none,0,True,17,na_no_pcap,not_captured,True
native/crc-split,crc-boundary,native,8,2,21,17,0.0,0.3849,0.0,0.3849,0.7285,False,False,none,0,True,17,na_no_pcap,not_captured,True
native/crc-split,crc-boundary,native,8,3,24,17,0.0,0.3749,0.0,0.3749,0.6171,False,False,none,0,True,17,na_no_pcap,not_captured,True
native/crc-split,crc-boundary,native,8,4,18,2407,0.0,0.5203,0.0,0.5203,0.7602,False,False,none,0,True,2407,na_no_pcap,not_captured,True
native/crc-split,crc-boundary,native,8,5,15,1657,0.0,0.5821,0.0,0.5821,1.1315,False,False,none,0,True,1657,na_no_pcap,not_captured,True
native/crc-split,crc-boundary,native,9,1,24,17,0.0,0.6058,0.0,0.6058,0.7656,False,False,none,0,True,17,na_no_pcap,not_captured,True
native/crc-split,crc-boundary,native,9,2,21,17,0.0,0.3584,0.0,0.3584,0.7081,False,False,none,0,True,17,na_no_pcap,not_captured,True
native/crc-split,crc-boundary,native,9,3,24,17,0.0,0.3511,0.0,0.3511,0.5915,False,False,none,0,True,17,na_no_pcap,not_captured,True
native/crc-split,crc-boundary,native,9,4,18,2407,0.0,0.515,0.0,0.515,0.7642,False,False,none,0,True,2407,na_no_pcap,not_captured,True
native/crc-split,crc-boundary,native,9,5,15,1657,0.0,0.5618,0.0,0.5618,1.226,False,False,none,0,True,1657,na_no_pcap,not_captured,True
native/crc-split,crc-boundary,native,10,1,24,17,0.0,0.523,0.0,0.523,0.6574,False,False,none,0,True,17,na_no_pcap,not_captured,True
native/crc-split,crc-boundary,native,10,2,21,17,0.0,0.3756,0.0,0.3756,0.689,False,False,none,0,True,17,na_no_pcap,not_captured,True
native/crc-split,crc-boundary,native,10,3,24,17,0.0,0.3678,0.0,0.3678,0.616,False,False,none,0,True,17,na_no_pcap,not_captured,True
native/crc-split,crc-boundary,native,10,4,18,2407,0.0,0.5268,0.0,0.5268,0.8237,False,False,none,0,True,2407,na_no_pcap,not_captured,True
native/crc-split,crc-boundary,native,10,5,15,1657,0.0,0.5636,0.0,0.5636,1.2631,False,False,none,0,True,1657,na_no_pcap,not_captured,True
native/crc-split,crc-boundary,native,11,1,24,17,0.0,0.6533,0.0,0.6533,0.8483,False,False,none,0,True,17,na_no_pcap,not_captured,True
native/crc-split,crc-boundary,native,11,2,21,17,0.0,0.4181,0.0,0.4181,0.7556,False,False,none,0,True,17,na_no_pcap,not_captured,True
native/crc-split,crc-boundary,native,11,3,24,17,0.0,0.3593,0.0,0.3593,0.6214,False,False,none,0,True,17,na_no_pcap,not_captured,True
native/crc-split,crc-boundary,native,11,4,18,2407,0.0,0.4927,0.0,0.4927,0.7306,False,False,none,0,True,2407,na_no_pcap,not_captured,True
native/crc-split,crc-boundary,native,11,5,15,1657,0.0,0.5616,0.0,0.5616,1.1172,False,False,none,0,True,1657,na_no_pcap,not_captured,True
native/crc-split,crc-boundary,native,12,1,24,17,0.0,0.6305,0.0,0.6305,0.7879,False,False,none,0,True,17,na_no_pcap,not_captured,True
native/crc-split,crc-boundary,native,12,2,21,17,0.0,0.4106,0.0,0.4106,0.849,False,False,none,0,True,17,na_no_pcap,not_captured,True
native/crc-split,crc-boundary,native,12,3,24,17,0.0,0.3692,0.0,0.3692,0.5141,False,False,none,0,True,17,na_no_pcap,not_captured,True
native/crc-split,crc-boundary,native,12,4,18,2407,0.0,0.5111,0.0,0.5111,0.7478,False,False,none,0,True,2407,na_no_pcap,not_captured,True
native/crc-split,crc-boundary,native,12,5,15,1657,0.0,0.6495,0.0,0.6495,1.2226,False,False,none,0,True,1657,na_no_pcap,not_captured,True
native/crc-split,crc-boundary,native,13,1,24,17,0.0,0.6516,0.0,0.6516,0.8364,False,False,none,0,True,17,na_no_pcap,not_captured,True
native/crc-split,crc-boundary,native,13,2,21,17,0.0,0.3644,0.0,0.3644,0.709,False,False,none,0,True,17,na_no_pcap,not_captured,True
native/crc-split,crc-boundary,native,13,3,24,17,0.0,0.3503,0.0,0.3503,0.5925,False,False,none,0,True,17,na_no_pcap,not_captured,True
native/crc-split,crc-boundary,native,13,4,18,2407,0.0,0.526,0.0,0.526,0.7625,False,False,none,0,True,2407,na_no_pcap,not_captured,True
native/crc-split,crc-boundary,native,13,5,15,1657,0.0,0.5768,0.0,0.5768,1.127,False,False,none,0,True,1657,na_no_pcap,not_captured,True
native/crc-split,crc-boundary,native,14,1,24,17,0.0,0.643,0.0,0.643,0.8352,False,False,none,0,True,17,na_no_pcap,not_captured,True
native/crc-split,crc-boundary,native,14,2,21,17,0.0,0.3566,0.0,0.3566,0.7122,False,False,none,0,True,17,na_no_pcap,not_captured,True
native/crc-split,crc-boundary,native,14,3,24,17,0.0,0.3433,0.0,0.3433,0.5957,False,False,none,0,True,17,na_no_pcap,not_captured,True
native/crc-split,crc-boundary,native,14,4,18,2407,0.0,0.4931,0.0,0.4931,0.7204,False,False,none,0,True,2407,na_no_pcap,not_captured,True
native/crc-split,crc-boundary,native,14,5,15,1657,0.0,0.5651,0.0,0.5651,1.2322,False,False,none,0,True,1657,na_no_pcap,not_captured,True
native/crc-split,crc-boundary,native,15,1,24,17,0.0,0.3995,0.0,0.3995,0.5041,False,False,none,0,True,17,na_no_pcap,not_captured,True
native/crc-split,crc-boundary,native,15,2,21,17,0.0,0.193,0.0,0.193,0.4026,False,False,none,0,True,17,na_no_pcap,not_captured,True
native/crc-split,crc-boundary,native,15,3,24,17,0.0,0.1781,0.0,0.1781,0.307,False,False,none,0,True,17,na_no_pcap,not_captured,True
native/crc-split,crc-boundary,native,15,4,18,2407,0.0,0.2514,0.0,0.2514,0.3649,False,False,none,0,True,2407,na_no_pcap,not_captured,True
native/crc-split,crc-boundary,native,15,5,15,1657,0.0,0.4574,0.0,0.4574,0.5735,False,False,none,0,True,1657,na_no_pcap,not_captured,True
native/crc-split,crc-boundary,native,16,1,24,17,0.0,0.3843,0.0,0.3843,0.469,False,False,none,0,True,17,na_no_pcap,not_captured,True
native/crc-split,crc-boundary,native,16,2,21,17,0.0,0.2106,0.0,0.2106,0.3865,False,False,none,0,True,17,na_no_pcap,not_captured,True
native/crc-split,crc-boundary,native,16,3,24,17,0.0,0.2037,0.0,0.2037,0.3409,False,False,none,0,True,17,na_no_pcap,not_captured,True
native/crc-split,crc-boundary,native,16,4,18,2407,0.0,0.3558,0.0,0.3558,0.4871,False,False,none,0,True,2407,na_no_pcap,not_captured,True
native/crc-split,crc-boundary,native,16,5,15,1657,0.0,0.5326,0.0,0.5326,0.9428,False,False,none,0,True,1657,na_no_pcap,not_captured,True
native/crc-split,crc-boundary,native,17,1,24,17,0.0,0.5188,0.0,0.5188,0.6349,False,False,none,0,True,17,na_no_pcap,not_captured,True
native/crc-split,crc-boundary,native,17,2,21,17,0.0,0.3737,0.0,0.3737,0.6774,False,False,none,0,True,17,na_no_pcap,not_captured,True
native/crc-split,crc-boundary,native,17,3,24,17,0.0,0.3871,0.0,0.3871,0.6379,False,False,none,0,True,17,na_no_pcap,not_captured,True
native/crc-split,crc-boundary,native,17,4,18,2407,0.0,0.5158,0.0,0.5158,0.7614,False,False,none,0,True,2407,na_no_pcap,not_captured,True
native/crc-split,crc-boundary,native,17,5,15,1657,0.0,0.5316,0.0,0.5316,0.8849,False,False,none,0,True,1657,na_no_pcap,not_captured,True
native/crc-split,crc-boundary,native,18,1,24,17,0.0,0.4187,0.0,0.4187,0.5317,False,False,none,0,True,17,na_no_pcap,not_captured,True
native/crc-split,crc-boundary,native,18,2,21,17,0.0,0.2116,0.0,0.2116,0.4232,False,False,none,0,True,17,na_no_pcap,not_captured,True
native/crc-split,crc-boundary,native,18,3,24,17,0.0,0.202,0.0,0.202,0.3495,False,False,none,0,True,17,na_no_pcap,not_captured,True
native/crc-split,crc-boundary,native,18,4,18,2407,0.0,0.2919,0.0,0.2919,0.4288,False,False,none,0,True,2407,na_no_pcap,not_captured,True
native/crc-split,crc-boundary,native,18,5,15,1657,0.0,0.3173,0.0,0.3173,0.5628,False,False,none,0,True,1657,na_no_pcap,not_captured,True
native/crc-split,crc-boundary,native,19,1,24,17,0.0,0.4201,0.0,0.4201,0.5395,False,False,none,0,True,17,na_no_pcap,not_captured,True
native/crc-split,crc-boundary,native,19,2,21,17,0.0,0.2186,0.0,0.2186,0.4474,False,False,none,0,True,17,na_no_pcap,not_captured,True
native/crc-split,crc-boundary,native,19,3,24,17,0.0,0.2071,0.0,0.2071,0.3564,False,False,none,0,True,17,na_no_pcap,not_captured,True
native/crc-split,crc-boundary,native,19,4,18,2407,0.0,0.2961,0.0,0.2961,0.4319,False,False,none,0,True,2407,na_no_pcap,not_captured,True
native/crc-split,crc-boundary,native,19,5,15,1657,0.0,0.3153,0.0,0.3153,0.5716,False,False,none,0,True,1657,na_no_pcap,not_captured,True
native/crc-split,crc-boundary,native,20,1,24,17,0.0,0.386,0.0,0.386,0.4788,False,False,none,0,True,17,na_no_pcap,not_captured,True
native/crc-split,crc-boundary,native,20,2,21,17,0.0,0.21,0.0,0.21,0.4178,False,False,none,0,True,17,na_no_pcap,not_captured,True
native/crc-split,crc-boundary,native,20,3,24,17,0.0,0.2046,0.0,0.2046,0.3419,False,False,none,0,True,17,na_no_pcap,not_captured,True
native/crc-split,crc-boundary,native,20,4,18,2407,0.0,0.3038,0.0,0.3038,0.441,False,False,none,0,True,2407,na_no_pcap,not_captured,True
native/crc-split,crc-boundary,native,20,5,15,1657,0.0,0.3335,0.0,0.3335,0.567,False,False,none,0,True,1657,na_no_pcap,not_captured,True
native/crc-split,crc-boundary,native,21,1,24,17,0.0,0.5165,0.0,0.5165,0.6321,False,False,none,0,True,17,na_no_pcap,not_captured,True
native/crc-split,crc-boundary,native,21,2,21,17,0.0,0.3924,0.0,0.3924,0.6998,False,False,none,0,True,17,na_no_pcap,not_captured,True
native/crc-split,crc-boundary,native,21,3,24,17,0.0,0.3796,0.0,0.3796,0.6312,False,False,none,0,True,17,na_no_pcap,not_captured,True
native/crc-split,crc-boundary,native,21,4,18,2407,0.0,0.5342,0.0,0.5342,0.783,False,False,none,0,True,2407,na_no_pcap,not_captured,True
native/crc-split,crc-boundary,native,21,5,15,1657,0.0,0.5355,0.0,0.5355,0.9118,False,False,none,0,True,1657,na_no_pcap,not_captured,True
native/crc-split,crc-boundary,native,22,1,24,17,0.0,0.6363,0.0,0.6363,0.8225,False,False,none,0,True,17,na_no_pcap,not_captured,True
native/crc-split,crc-boundary,native,22,2,21,17,0.0,0.3605,0.0,0.3605,0.7183,False,False,none,0,True,17,na_no_pcap,not_captured,True
native/crc-split,crc-boundary,native,22,3,24,17,0.0,0.3571,0.0,0.3571,0.6252,False,False,none,0,True,17,na_no_pcap,not_captured,True
native/crc-split,crc-boundary,native,22,4,18,2407,0.0,0.4986,0.0,0.4986,0.7406,False,False,none,0,True,2407,na_no_pcap,not_captured,True
native/crc-split,crc-boundary,native,22,5,15,1657,0.0,0.5664,0.0,0.5664,1.2425,False,False,none,0,True,1657,na_no_pcap,not_captured,True
native/crc-split,crc-boundary,native,23,1,24,17,0.0,0.6726,0.0,0.6726,0.8614,False,False,none,0,True,17,na_no_pcap,not_captured,True
native/crc-split,crc-boundary,native,23,2,21,17,0.0,0.3617,0.0,0.3617,0.7084,False,False,none,0,True,17,na_no_pcap,not_captured,True
native/crc-split,crc-boundary,native,23,3,24,17,0.0,0.355,0.0,0.355,0.5975,False,False,none,0,True,17,na_no_pcap,not_captured,True
native/crc-split,crc-boundary,native,23,4,18,2407,0.0,0.5015,0.0,0.5015,0.7329,False,False,none,0,True,2407,na_no_pcap,not_captured,True
native/crc-split,crc-boundary,native,23,5,15,1657,0.0,0.5881,0.0,0.5881,1.1326,False,False,none,0,True,1657,na_no_pcap,not_captured,True
native/crc-split,crc-boundary,native,24,1,24,17,0.0,0.658,0.0,0.658,0.8517,False,False,none,0,True,17,na_no_pcap,not_captured,True
native/crc-split,crc-boundary,native,24,2,21,17,0.0,0.3659,0.0,0.3659,0.7007,False,False,none,0,True,17,na_no_pcap,not_captured,True
native/crc-split,crc-boundary,native,24,3,24,17,0.0,0.3598,0.0,0.3598,0.6014,False,False,none,0,True,17,na_no_pcap,not_captured,True
native/crc-split,crc-boundary,native,24,4,18,2407,0.0,0.4974,0.0,0.4974,0.7318,False,False,none,0,True,2407,na_no_pcap,not_captured,True
native/crc-split,crc-boundary,native,24,5,15,1657,0.0,0.5787,0.0,0.5787,1.2487,False,False,none,0,True,1657,na_no_pcap,not_captured,True
native/crc-split,crc-boundary,native,25,1,24,17,0.0,0.631,0.0,0.631,0.8167,False,False,none,0,True,17,na_no_pcap,not_captured,True
native/crc-split,crc-boundary,native,25,2,21,17,0.0,0.3561,0.0,0.3561,0.7058,False,False,none,0,True,17,na_no_pcap,not_captured,True
native/crc-split,crc-boundary,native,25,3,24,17,0.0,0.3882,0.0,0.3882,0.6514,False,False,none,0,True,17,na_no_pcap,not_captured,True
native/crc-split,crc-boundary,native,25,4,18,2407,0.0,0.4889,0.0,0.4889,0.7353,False,False,none,0,True,2407,na_no_pcap,not_captured,True
native/crc-split,crc-boundary,native,25,5,15,1657,0.0,0.5638,0.0,0.5638,1.2304,False,False,none,0,True,1657,na_no_pcap,not_captured,True
native/crc-split,crc-boundary,native,26,1,24,17,0.0,0.6531,0.0,0.6531,0.8382,False,False,none,0,True,17,na_no_pcap,not_captured,True
native/crc-split,crc-boundary,native,26,2,21,17,0.0,0.3792,0.0,0.3792,0.7284,False,False,none,0,True,17,na_no_pcap,not_captured,True
native/crc-split,crc-boundary,native,26,3,24,17,0.0,0.3486,0.0,0.3486,0.5943,False,False,none,0,True,17,na_no_pcap,not_captured,True
native/crc-split,crc-boundary,native,26,4,18,2407,0.0,0.513,0.0,0.513,0.7697,False,False,none,0,True,2407,na_no_pcap,not_captured,True
native/crc-split,crc-boundary,native,26,5,15,1657,0.0,0.5734,0.0,0.5734,1.2443,False,False,none,0,True,1657,na_no_pcap,not_captured,True
native/crc-split,crc-boundary,native,27,1,24,17,0.0,0.6323,0.0,0.6323,0.8355,False,False,none,0,True,17,na_no_pcap,not_captured,True
native/crc-split,crc-boundary,native,27,2,21,17,0.0,0.3602,0.0,0.3602,0.7076,False,False,none,0,True,17,na_no_pcap,not_captured,True
native/crc-split,crc-boundary,native,27,3,24,17,0.0,0.3662,0.0,0.3662,0.627,False,False,none,0,True,17,na_no_pcap,not_captured,True
native/crc-split,crc-boundary,native,27,4,18,2407,0.0,0.5005,0.0,0.5005,0.7394,False,False,none,0,True,2407,na_no_pcap,not_captured,True
native/crc-split,crc-boundary,native,27,5,15,1657,0.0,0.569,0.0,0.569,1.2471,False,False,none,0,True,1657,na_no_pcap,not_captured,True
native/crc-split,crc-boundary,native,28,1,24,17,0.0,0.6537,0.0,0.6537,0.8365,False,False,none,0,True,17,na_no_pcap,not_captured,True
native/crc-split,crc-boundary,native,28,2,21,17,0.0,0.3617,0.0,0.3617,0.7142,False,False,none,0,True,17,na_no_pcap,not_captured,True
native/crc-split,crc-boundary,native,28,3,24,17,0.0,0.3575,0.0,0.3575,0.592,False,False,none,0,True,17,na_no_pcap,not_captured,True
native/crc-split,crc-boundary,native,28,4,18,2407,0.0,0.4953,0.0,0.4953,0.732,False,False,none,0,True,2407,na_no_pcap,not_captured,True
native/crc-split,crc-boundary,native,28,5,15,1657,0.0,0.5628,0.0,0.5628,1.1119,False,False,none,0,True,1657,na_no_pcap,not_captured,True
native/crc-split,crc-boundary,native,29,1,24,17,0.0,0.6061,0.0,0.6061,1.1471,False,False,none,0,True,17,na_no_pcap,not_captured,True
native/crc-split,crc-boundary,native,29,2,21,17,0.0,0.3744,0.0,0.3744,0.4895,False,False,none,0,True,17,na_no_pcap,not_captured,True
native/crc-split,crc-boundary,native,29,3,24,17,0.0,0.3455,0.0,0.3455,0.5868,False,False,none,0,True,17,na_no_pcap,not_captured,True
native/crc-split,crc-boundary,native,29,4,18,2407,0.0,0.5002,0.0,0.5002,0.7364,False,False,none,0,True,2407,na_no_pcap,not_captured,True
native/crc-split,crc-boundary,native,29,5,15,1657,0.0,0.5784,0.0,0.5784,1.1514,False,False,none,0,True,1657,na_no_pcap,not_captured,True
native/crc-split,crc-boundary,native,30,1,24,17,0.0,0.6493,0.0,0.6493,0.8253,False,False,none,0,True,17,na_no_pcap,not_captured,True
native/crc-split,crc-boundary,native,30,2,21,17,0.0,0.3686,0.0,0.3686,0.7126,False,False,none,0,True,17,na_no_pcap,not_captured,True
native/crc-split,crc-boundary,native,30,3,24,17,0.0,0.3481,0.0,0.3481,0.5917,False,False,none,0,True,17,na_no_pcap,not_captured,True
native/crc-split,crc-boundary,native,30,4,18,2407,0.0,0.5081,0.0,0.5081,0.7591,False,False,none,0,True,2407,na_no_pcap,not_captured,True
native/crc-split,crc-boundary,native,30,5,15,1657,0.0,0.6702,0.0,0.6702,1.2286,False,False,none,0,True,1657,na_no_pcap,not_captured,True
native/crc-split,crc-boundary,native,31,1,24,17,0.0,0.6345,0.0,0.6345,0.8176,False,False,none,0,True,17,na_no_pcap,not_captured,True
native/crc-split,crc-boundary,native,31,2,21,17,0.0,0.3541,0.0,0.3541,0.71,False,False,none,0,True,17,na_no_pcap,not_captured,True
native/crc-split,crc-boundary,native,31,3,24,17,0.0,0.3679,0.0,0.3679,0.607,False,False,none,0,True,17,na_no_pcap,not_captured,True
native/crc-split,crc-boundary,native,31,4,18,2407,0.0,0.5114,0.0,0.5114,0.7526,False,False,none,0,True,2407,na_no_pcap,not_captured,True
native/crc-split,crc-boundary,native,31,5,15,1657,0.0,0.5607,0.0,0.5607,1.1263,False,False,none,0,True,1657,na_no_pcap,not_captured,True
native/crc-split,crc-boundary,native,32,1,24,17,0.0,0.6812,0.0,0.6812,0.8744,False,False,none,0,True,17,na_no_pcap,not_captured,True
native/crc-split,crc-boundary,native,32,2,21,17,0.0,0.3629,0.0,0.3629,0.7008,False,False,none,0,True,17,na_no_pcap,not_captured,True
native/crc-split,crc-boundary,native,32,3,24,17,0.0,0.3585,0.0,0.3585,0.6001,False,False,none,0,True,17,na_no_pcap,not_captured,True
native/crc-split,crc-boundary,native,32,4,18,2407,0.0,0.5029,0.0,0.5029,0.7383,False,False,none,0,True,2407,na_no_pcap,not_captured,True
native/crc-split,crc-boundary,native,32,5,15,1657,0.0,0.5638,0.0,0.5638,1.229,False,False,none,0,True,1657,na_no_pcap,not_captured,True
native/crc-split,crc-boundary,native,33,1,24,17,0.0,0.6419,0.0,0.6419,0.8286,False,False,none,0,True,17,na_no_pcap,not_captured,True
native/crc-split,crc-boundary,native,33,2,21,17,0.0,0.3629,0.0,0.3629,0.7206,False,False,none,0,True,17,na_no_pcap,not_captured,True
native/crc-split,crc-boundary,native,33,3,24,17,0.0,0.3464,0.0,0.3464,0.6155,False,False,none,0,True,17,na_no_pcap,not_captured,True
native/crc-split,crc-boundary,native,33,4,18,2407,0.0,0.5081,0.0,0.5081,0.7486,False,False,none,0,True,2407,na_no_pcap,not_captured,True
native/crc-split,crc-boundary,native,33,5,15,1657,0.0,0.5531,0.0,0.5531,1.2446,False,False,none,0,True,1657,na_no_pcap,not_captured,True
native/crc-split,crc-boundary,native,34,1,24,17,0.0,0.6488,0.0,0.6488,0.8344,False,False,none,0,True,17,na_no_pcap,not_captured,True
native/crc-split,crc-boundary,native,34,2,21,17,0.0,0.3736,0.0,0.3736,0.7325,False,False,none,0,True,17,na_no_pcap,not_captured,True
native/crc-split,crc-boundary,native,34,3,24,17,0.0,0.3483,0.0,0.3483,0.5815,False,False,none,0,True,17,na_no_pcap,not_captured,True
native/crc-split,crc-boundary,native,34,4,18,2407,0.0,0.5043,0.0,0.5043,0.7325,False,False,none,0,True,2407,na_no_pcap,not_captured,True
native/crc-split,crc-boundary,native,34,5,15,1657,0.0,0.6867,0.0,0.6867,1.2643,False,False,none,0,True,1657,na_no_pcap,not_captured,True
native/crc-split,crc-boundary,native,35,1,24,17,0.0,0.6158,0.0,0.6158,0.7757,False,False,none,0,True,17,na_no_pcap,not_captured,True
native/crc-split,crc-boundary,native,35,2,21,17,0.0,0.3536,0.0,0.3536,0.6968,False,False,none,0,True,17,na_no_pcap,not_captured,True
native/crc-split,crc-boundary,native,35,3,24,17,0.0,0.3485,0.0,0.3485,0.5878,False,False,none,0,True,17,na_no_pcap,not_captured,True
native/crc-split,crc-boundary,native,35,4,18,2407,0.0,0.5055,0.0,0.5055,0.7461,False,False,none,0,True,2407,na_no_pcap,not_captured,True
native/crc-split,crc-boundary,native,35,5,15,1657,0.0,0.5699,0.0,0.5699,1.1174,False,False,none,0,True,1657,na_no_pcap,not_captured,True
native/crc-split,crc-boundary,native,36,1,24,17,0.0,0.6423,0.0,0.6423,0.8133,False,False,none,0,True,17,na_no_pcap,not_captured,True
native/crc-split,crc-boundary,native,36,2,21,17,0.0,0.3602,0.0,0.3602,0.7098,False,False,none,0,True,17,na_no_pcap,not_captured,True
native/crc-split,crc-boundary,native,36,3,24,17,0.0,0.3476,0.0,0.3476,0.5896,False,False,none,0,True,17,na_no_pcap,not_captured,True
native/crc-split,crc-boundary,native,36,4,18,2407,0.0,0.5004,0.0,0.5004,0.732,False,False,none,0,True,2407,na_no_pcap,not_captured,True
native/crc-split,crc-boundary,native,36,5,15,1657,0.0,0.5567,0.0,0.5567,1.241,False,False,none,0,True,1657,na_no_pcap,not_captured,True
native/crc-split,crc-boundary,native,37,1,24,17,0.0,0.653,0.0,0.653,0.9081,False,False,none,0,True,17,na_no_pcap,not_captured,True
native/crc-split,crc-boundary,native,37,2,21,17,0.0,0.3816,0.0,0.3816,0.6327,False,False,none,0,True,17,na_no_pcap,not_captured,True
native/crc-split,crc-boundary,native,37,3,24,17,0.0,0.3556,0.0,0.3556,0.605,False,False,none,0,True,17,na_no_pcap,not_captured,True
native/crc-split,crc-boundary,native,37,4,18,2407,0.0,0.5156,0.0,0.5156,0.7574,False,False,none,0,True,2407,na_no_pcap,not_captured,True
native/crc-split,crc-boundary,native,37,5,15,1657,0.0,0.5777,0.0,0.5777,1.2405,False,False,none,0,True,1657,na_no_pcap,not_captured,True
native/crc-split,crc-boundary,native,38,1,24,17,0.0,0.6144,0.0,0.6144,0.8263,False,False,none,0,True,17,na_no_pcap,not_captured,True
native/crc-split,crc-boundary,native,38,2,21,17,0.0,0.391,0.0,0.391,0.7386,False,False,none,0,True,17,na_no_pcap,not_captured,True
native/crc-split,crc-boundary,native,38,3,24,17,0.0,0.3462,0.0,0.3462,0.5904,False,False,none,0,True,17,na_no_pcap,not_captured,True
native/crc-split,crc-boundary,native,38,4,18,2407,0.0,0.5025,0.0,0.5025,0.7378,False,False,none,0,True,2407,na_no_pcap,not_captured,True
native/crc-split,crc-boundary,native,38,5,15,1657,0.0,0.3681,0.0,0.3681,0.4668,False,False,none,0,True,1657,na_no_pcap,not_captured,True
native/crc-split,crc-boundary,native,39,1,24,17,0.0,0.4107,0.0,0.4107,0.5313,False,False,none,0,True,17,na_no_pcap,not_captured,True
native/crc-split,crc-boundary,native,39,2,21,17,0.0,0.2129,0.0,0.2129,0.4214,False,False,none,0,True,17,na_no_pcap,not_captured,True
native/crc-split,crc-boundary,native,39,3,24,17,0.0,0.1672,0.0,0.1672,0.2863,False,False,none,0,True,17,na_no_pcap,not_captured,True
native/crc-split,crc-boundary,native,39,4,18,2407,0.0,0.24,0.0,0.24,0.3546,False,False,none,0,True,2407,na_no_pcap,not_captured,True
native/crc-split,crc-boundary,native,39,5,15,1657,0.0,0.3638,0.0,0.3638,1.4714,False,False,none,0,True,1657,na_no_pcap,not_captured,True
native/crc-split,crc-boundary,native,40,1,24,17,0.0,0.4158,0.0,0.4158,0.5206,False,False,none,0,True,17,na_no_pcap,not_captured,True
native/crc-split,crc-boundary,native,40,2,21,17,0.0,0.225,0.0,0.225,0.4573,False,False,none,0,True,17,na_no_pcap,not_captured,True
native/crc-split,crc-boundary,native,40,3,24,17,0.0,0.1994,0.0,0.1994,0.3268,False,False,none,0,True,17,na_no_pcap,not_captured,True
native/crc-split,crc-boundary,native,40,4,18,2407,0.0,0.322,0.0,0.322,0.4632,False,False,none,0,True,2407,na_no_pcap,not_captured,True
native/crc-split,crc-boundary,native,40,5,15,1657,0.0,0.3058,0.0,0.3058,0.5251,False,False,none,0,True,1657,na_no_pcap,not_captured,True
native/crc-split,crc-boundary,native,41,1,24,17,0.0,0.4136,0.0,0.4136,0.5319,False,False,none,0,True,17,na_no_pcap,not_captured,True
native/crc-split,crc-boundary,native,41,2,21,17,0.0,0.2152,0.0,0.2152,0.441,False,False,none,0,True,17,na_no_pcap,not_captured,True
native/crc-split,crc-boundary,native,41,3,24,17,0.0,0.2087,0.0,0.2087,0.3568,False,False,none,0,True,17,na_no_pcap,not_captured,True
native/crc-split,crc-boundary,native,41,4,18,2407,0.0,0.2958,0.0,0.2958,0.436,False,False,none,0,True,2407,na_no_pcap,not_captured,True
native/crc-split,crc-boundary,native,41,5,15,1657,0.0,0.3433,0.0,0.3433,0.6446,False,False,none,0,True,1657,na_no_pcap,not_captured,True
native/crc-split,crc-boundary,native,42,1,24,17,0.0,0.5035,0.0,0.5035,0.6157,False,False,none,0,True,17,na_no_pcap,not_captured,True
native/crc-split,crc-boundary,native,42,2,21,17,0.0,0.3691,0.0,0.3691,0.6691,False,False,none,0,True,17,na_no_pcap,not_captured,True
native/crc-split,crc-boundary,native,42,3,24,17,0.0,0.3681,0.0,0.3681,0.6181,False,False,none,0,True,17,na_no_pcap,not_captured,True
native/crc-split,crc-boundary,native,42,4,18,2407,0.0,0.5302,0.0,0.5302,0.7758,False,False,none,0,True,2407,na_no_pcap,not_captured,True
native/crc-split,crc-boundary,native,42,5,15,1657,0.0,0.5068,0.0,0.5068,0.8822,False,False,none,0,True,1657,na_no_pcap,not_captured,True
native/crc-split,crc-boundary,native,43,1,24,17,0.0,0.5017,0.0,0.5017,0.6143,False,False,none,0,True,17,na_no_pcap,not_captured,True
native/crc-split,crc-boundary,native,43,2,21,17,0.0,0.3673,0.0,0.3673,0.6781,False,False,none,0,True,17,na_no_pcap,not_captured,True
native/crc-split,crc-boundary,native,43,3,24,17,0.0,0.3705,0.0,0.3705,0.6326,False,False,none,0,True,17,na_no_pcap,not_captured,True
native/crc-split,crc-boundary,native,43,4,18,2407,0.0,0.5054,0.0,0.5054,0.7516,False,False,none,0,True,2407,na_no_pcap,not_captured,True
native/crc-split,crc-boundary,native,43,5,15,1657,0.0,0.529,0.0,0.529,0.8996,False,False,none,0,True,1657,na_no_pcap,not_captured,True
native/crc-split,crc-boundary,native,44,1,24,17,0.0,0.5239,0.0,0.5239,0.6562,False,False,none,0,True,17,na_no_pcap,not_captured,True
native/crc-split,crc-boundary,native,44,2,21,17,0.0,0.3811,0.0,0.3811,0.6979,False,False,none,0,True,17,na_no_pcap,not_captured,True
native/crc-split,crc-boundary,native,44,3,24,17,0.0,0.3661,0.0,0.3661,0.614,False,False,none,0,True,17,na_no_pcap,not_captured,True
native/crc-split,crc-boundary,native,44,4,18,2407,0.0,0.5194,0.0,0.5194,0.759,False,False,none,0,True,2407,na_no_pcap,not_captured,True
native/crc-split,crc-boundary,native,44,5,15,1657,0.0,0.5141,0.0,0.5141,0.8964,False,False,none,0,True,1657,na_no_pcap,not_captured,True
native/crc-split,crc-boundary,native,45,1,24,17,0.0,0.5599,0.0,0.5599,0.6844,False,False,none,0,True,17,na_no_pcap,not_captured,True
native/crc-split,crc-boundary,native,45,2,21,17,0.0,0.3455,0.0,0.3455,0.6671,False,False,none,0,True,17,na_no_pcap,not_captured,True
native/crc-split,crc-boundary,native,45,3,24,17,0.0,0.3457,0.0,0.3457,0.5824,False,False,none,0,True,17,na_no_pcap,not_captured,True
native/crc-split,crc-boundary,native,45,4,18,2407,0.0,0.5384,0.0,0.5384,0.7634,False,False,none,0,True,2407,na_no_pcap,not_captured,True
native/crc-split,crc-boundary,native,45,5,15,1657,0.0,0.5735,0.0,0.5735,1.1247,False,False,none,0,True,1657,na_no_pcap,not_captured,True
native/crc-split,crc-boundary,native,46,1,24,17,0.0,0.6109,0.0,0.6109,1.0073,False,False,none,0,True,17,na_no_pcap,not_captured,True
native/crc-split,crc-boundary,native,46,2,21,17,0.0,0.3519,0.0,0.3519,0.6856,False,False,none,0,True,17,na_no_pcap,not_captured,True
native/crc-split,crc-boundary,native,46,3,24,17,0.0,0.357,0.0,0.357,0.6071,False,False,none,0,True,17,na_no_pcap,not_captured,True
native/crc-split,crc-boundary,native,46,4,18,2407,0.0,0.4941,0.0,0.4941,0.7344,False,False,none,0,True,2407,na_no_pcap,not_captured,True
native/crc-split,crc-boundary,native,46,5,15,1657,0.0,0.5661,0.0,0.5661,1.2201,False,False,none,0,True,1657,na_no_pcap,not_captured,True
native/crc-split,crc-boundary,native,47,1,24,17,0.0,0.6083,0.0,0.6083,0.7603,False,False,none,0,True,17,na_no_pcap,not_captured,True
native/crc-split,crc-boundary,native,47,2,21,17,0.0,0.3587,0.0,0.3587,0.7063,False,False,none,0,True,17,na_no_pcap,not_captured,True
native/crc-split,crc-boundary,native,47,3,24,17,0.0,0.3511,0.0,0.3511,0.5936,False,False,none,0,True,17,na_no_pcap,not_captured,True
native/crc-split,crc-boundary,native,47,4,18,2407,0.0,0.5047,0.0,0.5047,0.7372,False,False,none,0,True,2407,na_no_pcap,not_captured,True
native/crc-split,crc-boundary,native,47,5,15,1657,0.0,0.5604,0.0,0.5604,1.2413,False,False,none,0,True,1657,na_no_pcap,not_captured,True
native/crc-split,crc-boundary,native,48,1,24,17,0.0,0.645,0.0,0.645,0.8278,False,False,none,0,True,17,na_no_pcap,not_captured,True
native/crc-split,crc-boundary,native,48,2,21,17,0.0,0.3932,0.0,0.3932,0.7447,False,False,none,0,True,17,na_no_pcap,not_captured,True
native/crc-split,crc-boundary,native,48,3,24,17,0.0,0.355,0.0,0.355,0.6108,False,False,none,0,True,17,na_no_pcap,not_captured,True
native/crc-split,crc-boundary,native,48,4,18,2407,0.0,0.5016,0.0,0.5016,0.7276,False,False,none,0,True,2407,na_no_pcap,not_captured,True
native/crc-split,crc-boundary,native,48,5,15,1657,0.0,0.4577,0.0,0.4577,1.0996,False,False,none,0,True,1657,na_no_pcap,not_captured,True
native/crc-split,crc-boundary,native,49,1,24,17,0.0,0.6412,0.0,0.6412,0.8276,False,False,none,0,True,17,na_no_pcap,not_captured,True
native/crc-split,crc-boundary,native,49,2,21,17,0.0,0.3623,0.0,0.3623,0.7204,False,False,none,0,True,17,na_no_pcap,not_captured,True
native/crc-split,crc-boundary,native,49,3,24,17,0.0,0.3593,0.0,0.3593,0.6059,False,False,none,0,True,17,na_no_pcap,not_captured,True
native/crc-split,crc-boundary,native,49,4,18,2407,0.0,0.5178,0.0,0.5178,0.7529,False,False,none,0,True,2407,na_no_pcap,not_captured,True
native/crc-split,crc-boundary,native,49,5,15,1657,0.0,0.5577,0.0,0.5577,1.2223,False,False,none,0,True,1657,na_no_pcap,not_captured,True
fixed25/crc-split,crc-boundary,fixed,0,1,24,17,25.0,0.6402,24.3598,25.0,25.5133,False,False,none,0,True,17,na_no_pcap,not_captured,True
fixed25/crc-split,crc-boundary,fixed,0,2,21,17,25.0,0.3834,24.6166,25.0,25.4968,False,False,none,0,True,17,na_no_pcap,not_captured,True
fixed25/crc-split,crc-boundary,fixed,0,3,24,17,25.0,0.4156,24.5844,25.0,25.4925,False,False,none,0,True,17,na_no_pcap,not_captured,True
fixed25/crc-split,crc-boundary,fixed,0,4,18,2407,25.0,0.6087,24.3913,25.0,25.2284,False,False,none,0,True,2407,na_no_pcap,not_captured,True
fixed25/crc-split,crc-boundary,fixed,0,5,15,1657,25.0,0.5672,24.4328,25.0,25.7629,False,False,none,0,True,1657,na_no_pcap,not_captured,True
fixed25/crc-split,crc-boundary,fixed,1,1,24,17,25.0,0.6174,24.3826,25.0,25.5764,False,False,none,0,True,17,na_no_pcap,not_captured,True
fixed25/crc-split,crc-boundary,fixed,1,2,21,17,25.0,0.4238,24.5762,25.0,25.5031,False,False,none,0,True,17,na_no_pcap,not_captured,True
fixed25/crc-split,crc-boundary,fixed,1,3,24,17,25.0,0.402,24.598,25.0,25.5294,False,False,none,0,True,17,na_no_pcap,not_captured,True
fixed25/crc-split,crc-boundary,fixed,1,4,18,2407,25.0,0.6018,24.3982,25.0,25.2354,False,False,none,0,True,2407,na_no_pcap,not_captured,True
fixed25/crc-split,crc-boundary,fixed,1,5,15,1657,25.0,0.5626,24.4374,25.0,25.7508,False,False,none,0,True,1657,na_no_pcap,not_captured,True
fixed25/crc-split,crc-boundary,fixed,2,1,24,17,25.0,0.7248,24.2752,25.0,25.5186,False,False,none,0,True,17,na_no_pcap,not_captured,True
fixed25/crc-split,crc-boundary,fixed,2,2,21,17,25.0,0.3861,24.6139,25.0,25.5071,False,False,none,0,True,17,na_no_pcap,not_captured,True
fixed25/crc-split,crc-boundary,fixed,2,3,24,17,25.0,0.4207,24.5793,25.0,25.5,False,False,none,0,True,17,na_no_pcap,not_captured,True
fixed25/crc-split,crc-boundary,fixed,2,4,18,2407,25.0,0.5822,24.4178,25.0,25.402,False,False,none,0,True,2407,na_no_pcap,not_captured,True
fixed25/crc-split,crc-boundary,fixed,2,5,15,1657,25.0,0.5732,24.4268,25.0,26.101,False,False,none,0,True,1657,na_no_pcap,not_captured,True
fixed25/crc-split,crc-boundary,fixed,3,1,24,17,25.0,0.6365,24.3635,25.0,25.5074,False,False,none,0,True,17,na_no_pcap,not_captured,True
fixed25/crc-split,crc-boundary,fixed,3,2,21,17,25.0,0.3787,24.6213,25.0,25.485,False,False,none,0,True,17,na_no_pcap,not_captured,True
fixed25/crc-split,crc-boundary,fixed,3,3,24,17,25.0,0.4174,24.5826,25.0,25.171,False,False,none,0,True,17,na_no_pcap,not_captured,True
fixed25/crc-split,crc-boundary,fixed,3,4,18,2407,25.0,0.5414,24.4586,25.0,25.3956,False,False,none,0,True,2407,na_no_pcap,not_captured,True
fixed25/crc-split,crc-boundary,fixed,3,5,15,1657,25.0,0.5705,24.4295,25.0,26.188,False,False,none,0,True,1657,na_no_pcap,not_captured,True
fixed25/crc-split,crc-boundary,fixed,4,1,24,17,25.0,0.6565,24.3435,25.0,25.5195,False,False,none,0,True,17,na_no_pcap,not_captured,True
fixed25/crc-split,crc-boundary,fixed,4,2,21,17,25.0,0.3919,24.6081,25.0,25.5246,False,False,none,0,True,17,na_no_pcap,not_captured,True
fixed25/crc-split,crc-boundary,fixed,4,3,24,17,25.0,0.4201,24.5799,25.0,25.1955,False,False,none,0,True,17,na_no_pcap,not_captured,True
fixed25/crc-split,crc-boundary,fixed,4,4,18,2407,25.0,0.5444,24.4556,25.0,25.4005,False,False,none,0,True,2407,na_no_pcap,not_captured,True
fixed25/crc-split,crc-boundary,fixed,4,5,15,1657,25.0,0.5831,24.4169,25.0,26.0312,False,False,none,0,True,1657,na_no_pcap,not_captured,True
fixed25/crc-split,crc-boundary,fixed,5,1,24,17,25.0,0.6268,24.3732,25.0,25.4833,False,False,none,0,True,17,na_no_pcap,not_captured,True
fixed25/crc-split,crc-boundary,fixed,5,2,21,17,25.0,0.3675,24.6325,25.0,25.4677,False,False,none,0,True,17,na_no_pcap,not_captured,True
fixed25/crc-split,crc-boundary,fixed,5,3,24,17,25.0,0.4105,24.5895,25.0,25.4528,False,False,none,0,True,17,na_no_pcap,not_captured,True
fixed25/crc-split,crc-boundary,fixed,5,4,18,2407,25.0,0.5782,24.4218,25.0,25.2231,False,False,none,0,True,2407,na_no_pcap,not_captured,True
fixed25/crc-split,crc-boundary,fixed,5,5,15,1657,25.0,0.5446,24.4554,25.0,26.1571,False,False,none,0,True,1657,na_no_pcap,not_captured,True
fixed25/crc-split,crc-boundary,fixed,6,1,24,17,25.0,0.4911,24.5089,25.0,25.4356,False,False,none,0,True,17,na_no_pcap,not_captured,True
fixed25/crc-split,crc-boundary,fixed,6,2,21,17,25.0,0.3566,24.6434,25.0,25.6954,False,False,none,0,True,17,na_no_pcap,not_captured,True
fixed25/crc-split,crc-boundary,fixed,6,3,24,17,25.0,0.3695,24.6305,25.0,25.4992,False,False,none,0,True,17,na_no_pcap,not_captured,True
fixed25/crc-split,crc-boundary,fixed,6,4,18,2407,25.0,0.5689,24.4311,25.0,25.2019,False,False,none,0,True,2407,na_no_pcap,not_captured,True
fixed25/crc-split,crc-boundary,fixed,6,5,15,1657,25.0,0.4789,24.5211,25.0,26.1342,False,False,none,0,True,1657,na_no_pcap,not_captured,True
fixed25/crc-split,crc-boundary,fixed,7,1,24,17,25.0,0.6467,24.3533,25.0,25.5031,False,False,none,0,True,17,na_no_pcap,not_captured,True
fixed25/crc-split,crc-boundary,fixed,7,2,21,17,25.0,0.392,24.608,25.0,25.4696,False,False,none,0,True,17,na_no_pcap,not_captured,True
fixed25/crc-split,crc-boundary,fixed,7,3,24,17,25.0,0.3887,24.6113,25.0,25.4698,False,False,none,0,True,17,na_no_pcap,not_captured,True
fixed25/crc-split,crc-boundary,fixed,7,4,18,2407,25.0,0.5809,24.4191,25.0,25.2334,False,False,none,0,True,2407,na_no_pcap,not_captured,True
fixed25/crc-split,crc-boundary,fixed,7,5,15,1657,25.0,0.677,24.323,25.0,25.8727,False,False,none,0,True,1657,na_no_pcap,not_captured,True
fixed25/crc-split,crc-boundary,fixed,8,1,24,17,25.0,0.6527,24.3473,25.0,25.4969,False,False,none,0,True,17,na_no_pcap,not_captured,True
fixed25/crc-split,crc-boundary,fixed,8,2,21,17,25.0,0.3973,24.6027,25.0,25.5297,False,False,none,0,True,17,na_no_pcap,not_captured,True
fixed25/crc-split,crc-boundary,fixed,8,3,24,17,25.0,0.4266,24.5734,25.0,25.488,False,False,none,0,True,17,na_no_pcap,not_captured,True
fixed25/crc-split,crc-boundary,fixed,8,4,18,2407,25.0,0.5935,24.4065,25.0,25.2347,False,False,none,0,True,2407,na_no_pcap,not_captured,True
fixed25/crc-split,crc-boundary,fixed,8,5,15,1657,25.0,0.5945,24.4055,25.0,26.2032,False,False,none,0,True,1657,na_no_pcap,not_captured,True
fixed25/crc-split,crc-boundary,fixed,9,1,24,17,25.0,0.525,24.475,25.0,25.4645,False,False,none,0,True,17,na_no_pcap,not_captured,True
fixed25/crc-split,crc-boundary,fixed,9,2,21,17,25.0,0.4116,24.5884,25.0,25.2189,False,False,none,0,True,17,na_no_pcap,not_captured,True
fixed25/crc-split,crc-boundary,fixed,9,3,24,17,25.0,0.3511,24.6489,25.0,25.6198,False,False,none,0,True,17,na_no_pcap,not_captured,True
fixed25/crc-split,crc-boundary,fixed,9,4,18,2407,25.0,0.5481,24.4519,25.0,25.2155,False,False,none,0,True,2407,na_no_pcap,not_captured,True
fixed25/crc-split,crc-boundary,fixed,9,5,15,1657,25.0,0.5813,24.4187,25.0,25.2346,False,False,none,0,True,1657,na_no_pcap,not_captured,True
fixed25/crc-split,crc-boundary,fixed,10,1,24,17,25.0,0.6129,24.3871,25.0,25.1663,False,False,none,0,True,17,na_no_pcap,not_captured,True
fixed25/crc-split,crc-boundary,fixed,10,2,21,17,25.0,0.3586,24.6414,25.0,25.4051,False,False,none,0,True,17,na_no_pcap,not_captured,True
fixed25/crc-split,crc-boundary,fixed,10,3,24,17,25.0,0.3702,24.6298,25.0,25.3111,False,False,none,0,True,17,na_no_pcap,not_captured,True
fixed25/crc-split,crc-boundary,fixed,10,4,18,2407,25.0,0.5158,24.4842,25.0,25.3043,False,False,none,0,True,2407,na_no_pcap,not_captured,True
fixed25/crc-split,crc-boundary,fixed,10,5,15,1657,25.0,0.5661,24.4339,25.0,26.2242,False,False,none,0,True,1657,na_no_pcap,not_captured,True
fixed25/crc-split,crc-boundary,fixed,11,1,24,17,25.0,0.6332,24.3668,25.0,25.1985,False,False,none,0,True,17,na_no_pcap,not_captured,True
fixed25/crc-split,crc-boundary,fixed,11,2,21,17,25.0,0.3758,24.6242,25.0,25.4089,False,False,none,0,True,17,na_no_pcap,not_captured,True
fixed25/crc-split,crc-boundary,fixed,11,3,24,17,25.0,0.3635,24.6365,25.0,25.3122,False,False,none,0,True,17,na_no_pcap,not_captured,True
fixed25/crc-split,crc-boundary,fixed,11,4,18,2407,25.0,0.5325,24.4675,25.0,25.3123,False,False,none,0,True,2407,na_no_pcap,not_captured,True
fixed25/crc-split,crc-boundary,fixed,11,5,15,1657,25.0,0.3401,24.6599,25.0,25.1579,False,False,none,0,True,1657,na_no_pcap,not_captured,True
fixed25/crc-split,crc-boundary,fixed,12,1,24,17,25.0,0.3187,24.6813,25.0,25.133,False,False,none,0,True,17,na_no_pcap,not_captured,True
fixed25/crc-split,crc-boundary,fixed,12,2,21,17,25.0,0.229,24.771,25.0,25.2434,False,False,none,0,True,17,na_no_pcap,not_captured,True
fixed25/crc-split,crc-boundary,fixed,12,3,24,17,25.0,0.2289,24.7711,25.0,25.2142,False,False,none,0,True,17,na_no_pcap,not_captured,True
fixed25/crc-split,crc-boundary,fixed,12,4,18,2407,25.0,0.3238,24.6762,25.0,25.2176,False,False,none,0,True,2407,na_no_pcap,not_captured,True
fixed25/crc-split,crc-boundary,fixed,12,5,15,1657,25.0,0.3366,24.6634,25.0,25.3392,False,False,none,0,True,1657,na_no_pcap,not_captured,True
fixed25/crc-split,crc-boundary,fixed,13,1,24,17,25.0,0.3999,24.6001,25.0,25.122,False,False,none,0,True,17,na_no_pcap,not_captured,True
fixed25/crc-split,crc-boundary,fixed,13,2,21,17,25.0,0.2193,24.7807,25.0,25.263,False,False,none,0,True,17,na_no_pcap,not_captured,True
fixed25/crc-split,crc-boundary,fixed,13,3,24,17,25.0,0.2145,24.7855,25.0,25.2174,False,False,none,0,True,17,na_no_pcap,not_captured,True
fixed25/crc-split,crc-boundary,fixed,13,4,18,2407,25.0,0.3511,24.6489,25.0,25.1928,False,False,none,0,True,2407,na_no_pcap,not_captured,True
fixed25/crc-split,crc-boundary,fixed,13,5,15,1657,25.0,0.3246,24.6754,25.0,25.308,False,False,none,0,True,1657,na_no_pcap,not_captured,True
fixed25/crc-split,crc-boundary,fixed,14,1,24,17,25.0,0.5536,24.4464,25.0,25.1514,False,False,none,0,True,17,na_no_pcap,not_captured,True
fixed25/crc-split,crc-boundary,fixed,14,2,21,17,25.0,0.3727,24.6273,25.0,25.3664,False,False,none,0,True,17,na_no_pcap,not_captured,True
fixed25/crc-split,crc-boundary,fixed,14,3,24,17,25.0,0.3702,24.6298,25.0,25.3105,False,False,none,0,True,17,na_no_pcap,not_captured,True
fixed25/crc-split,crc-boundary,fixed,14,4,18,2407,25.0,0.5518,24.4482,25.0,25.3122,False,False,none,0,True,2407,na_no_pcap,not_captured,True
fixed25/crc-split,crc-boundary,fixed,14,5,15,1657,25.0,0.5179,24.4821,25.0,25.4511,False,False,none,0,True,1657,na_no_pcap,not_captured,True
fixed25/crc-split,crc-boundary,fixed,15,1,24,17,25.0,0.6258,24.3742,25.0,25.2413,False,False,none,0,True,17,na_no_pcap,not_captured,True
fixed25/crc-split,crc-boundary,fixed,15,2,21,17,25.0,0.3852,24.6148,25.0,25.4459,False,False,none,0,True,17,na_no_pcap,not_captured,True
fixed25/crc-split,crc-boundary,fixed,15,3,24,17,25.0,0.3617,24.6383,25.0,25.3198,False,False,none,0,True,17,na_no_pcap,not_captured,True
fixed25/crc-split,crc-boundary,fixed,15,4,18,2407,25.0,0.519,24.481,25.0,25.3812,False,False,none,0,True,2407,na_no_pcap,not_captured,True
fixed25/crc-split,crc-boundary,fixed,15,5,15,1657,25.0,0.5477,24.4523,25.0,25.437,False,False,none,0,True,1657,na_no_pcap,not_captured,True
fixed25/crc-split,crc-boundary,fixed,16,1,24,17,25.0,0.5174,24.4826,25.0,25.181,False,False,none,0,True,17,na_no_pcap,not_captured,True
fixed25/crc-split,crc-boundary,fixed,16,2,21,17,25.0,0.3666,24.6334,25.0,25.3672,False,False,none,0,True,17,na_no_pcap,not_captured,True
fixed25/crc-split,crc-boundary,fixed,16,3,24,17,25.0,0.3678,24.6322,25.0,25.3532,False,False,none,0,True,17,na_no_pcap,not_captured,True
fixed25/crc-split,crc-boundary,fixed,16,4,18,2407,25.0,0.5244,24.4756,25.0,25.3304,False,False,none,0,True,2407,na_no_pcap,not_captured,True
fixed25/crc-split,crc-boundary,fixed,16,5,15,1657,25.0,0.3214,24.6786,25.0,25.3237,False,False,none,0,True,1657,na_no_pcap,not_captured,True
fixed25/crc-split,crc-boundary,fixed,17,1,24,17,25.0,0.516,24.484,25.0,25.175,False,False,none,0,True,17,na_no_pcap,not_captured,True
fixed25/crc-split,crc-boundary,fixed,17,2,21,17,25.0,0.3667,24.6333,25.0,25.3819,False,False,none,0,True,17,na_no_pcap,not_captured,True
fixed25/crc-split,crc-boundary,fixed,17,3,24,17,25.0,0.3682,24.6318,25.0,25.3376,False,False,none,0,True,17,na_no_pcap,not_captured,True
fixed25/crc-split,crc-boundary,fixed,17,4,18,2407,25.0,0.5298,24.4702,25.0,25.3165,False,False,none,0,True,2407,na_no_pcap,not_captured,True
fixed25/crc-split,crc-boundary,fixed,17,5,15,1657,25.0,0.5444,24.4556,25.0,25.4904,False,False,none,0,True,1657,na_no_pcap,not_captured,True
fixed25/crc-split,crc-boundary,fixed,18,1,24,17,25.0,0.422,24.578,25.0,25.4399,False,False,none,0,True,17,na_no_pcap,not_captured,True
fixed25/crc-split,crc-boundary,fixed,18,2,21,17,25.0,0.3946,24.6054,25.0,25.6406,False,False,none,0,True,17,na_no_pcap,not_captured,True
fixed25/crc-split,crc-boundary,fixed,18,3,24,17,25.0,0.3971,24.6029,25.0,25.4463,False,False,none,0,True,17,na_no_pcap,not_captured,True
fixed25/crc-split,crc-boundary,fixed,18,4,18,2407,25.0,0.5444,24.4556,25.0,25.5278,False,False,none,0,True,2407,na_no_pcap,not_captured,True
fixed25/crc-split,crc-boundary,fixed,18,5,15,1657,25.0,0.5678,24.4322,25.0,25.7759,False,False,none,0,True,1657,na_no_pcap,not_captured,True
fixed25/crc-split,crc-boundary,fixed,19,1,24,17,25.0,0.6504,24.3496,25.0,25.5141,False,False,none,0,True,17,na_no_pcap,not_captured,True
fixed25/crc-split,crc-boundary,fixed,19,2,21,17,25.0,0.3884,24.6116,25.0,25.5164,False,False,none,0,True,17,na_no_pcap,not_captured,True
fixed25/crc-split,crc-boundary,fixed,19,3,24,17,25.0,0.4227,24.5773,25.0,25.497,False,False,none,0,True,17,na_no_pcap,not_captured,True
fixed25/crc-split,crc-boundary,fixed,19,4,18,2407,25.0,0.5841,24.4159,25.0,25.212,False,False,none,0,True,2407,na_no_pcap,not_captured,True
fixed25/crc-split,crc-boundary,fixed,19,5,15,1657,25.0,0.5677,24.4323,25.0,25.7139,False,False,none,0,True,1657,na_no_pcap,not_captured,True
fixed25/crc-split,crc-boundary,fixed,20,1,24,17,25.0,0.6247,24.3753,25.0,25.2498,False,False,none,0,True,17,na_no_pcap,not_captured,True
fixed25/crc-split,crc-boundary,fixed,20,2,21,17,25.0,0.375,24.625,25.0,25.7574,False,False,none,0,True,17,na_no_pcap,not_captured,True
fixed25/crc-split,crc-boundary,fixed,20,3,24,17,25.0,0.3898,24.6102,25.0,25.4609,False,False,none,0,True,17,na_no_pcap,not_captured,True
fixed25/crc-split,crc-boundary,fixed,20,4,18,2407,25.0,0.5571,24.4429,25.0,25.3692,False,False,none,0,True,2407,na_no_pcap,not_captured,True
fixed25/crc-split,crc-boundary,fixed,20,5,15,1657,25.0,0.5663,24.4337,25.0,26.3165,False,False,none,0,True,1657,na_no_pcap,not_captured,True
fixed25/crc-split,crc-boundary,fixed,21,1,24,17,25.0,0.6148,24.3852,25.0,25.5421,False,False,none,0,True,17,na_no_pcap,not_captured,True
fixed25/crc-split,crc-boundary,fixed,21,2,21,17,25.0,0.3986,24.6014,25.0,25.4731,False,False,none,0,True,17,na_no_pcap,not_captured,True
fixed25/crc-split,crc-boundary,fixed,21,3,24,17,25.0,0.3876,24.6124,25.0,25.5328,False,False,none,0,True,17,na_no_pcap,not_captured,True
fixed25/crc-split,crc-boundary,fixed,21,4,18,2407,25.0,0.5844,24.4156,25.0,25.2322,False,False,none,0,True,2407,na_no_pcap,not_captured,True
fixed25/crc-split,crc-boundary,fixed,21,5,15,1657,25.0,0.5732,24.4268,25.0,25.6149,False,False,none,0,True,1657,na_no_pcap,not_captured,True
fixed25/crc-split,crc-boundary,fixed,22,1,24,17,25.0,0.6479,24.3521,25.0,25.6091,False,False,none,0,True,17,na_no_pcap,not_captured,True
fixed25/crc-split,crc-boundary,fixed,22,2,21,17,25.0,0.389,24.611,25.0,25.2013,False,False,none,0,True,17,na_no_pcap,not_captured,True
fixed25/crc-split,crc-boundary,fixed,22,3,24,17,25.0,0.3752,24.6248,25.0,25.6621,False,False,none,0,True,17,na_no_pcap,not_captured,True
fixed25/crc-split,crc-boundary,fixed,22,4,18,2407,25.0,0.591,24.409,25.0,25.2349,False,False,none,0,True,2407,na_no_pcap,not_captured,True
fixed25/crc-split,crc-boundary,fixed,22,5,15,1657,25.0,0.5531,24.4469,25.0,26.2003,False,False,none,0,True,1657,na_no_pcap,not_captured,True
fixed25/crc-split,crc-boundary,fixed,23,1,24,17,25.0,0.6087,24.3913,25.0,25.3971,False,False,none,0,True,17,na_no_pcap,not_captured,True
fixed25/crc-split,crc-boundary,fixed,23,2,21,17,25.0,0.3559,24.6441,25.0,25.6934,False,False,none,0,True,17,na_no_pcap,not_captured,True
fixed25/crc-split,crc-boundary,fixed,23,3,24,17,25.0,0.371,24.629,25.0,25.4516,False,False,none,0,True,17,na_no_pcap,not_captured,True
fixed25/crc-split,crc-boundary,fixed,23,4,18,2407,25.0,0.5376,24.4624,25.0,25.2037,False,False,none,0,True,2407,na_no_pcap,not_captured,True
fixed25/crc-split,crc-boundary,fixed,23,5,15,1657,25.0,0.5481,24.4519,25.0,25.8115,False,False,none,0,True,1657,na_no_pcap,not_captured,True
fixed25/crc-split,crc-boundary,fixed,24,1,24,17,25.0,0.6573,24.3427,25.0,25.2319,False,False,none,0,True,17,na_no_pcap,not_captured,True
fixed25/crc-split,crc-boundary,fixed,24,2,21,17,25.0,0.3723,24.6277,25.0,25.7542,False,False,none,0,True,17,na_no_pcap,not_captured,True
fixed25/crc-split,crc-boundary,fixed,24,3,24,17,25.0,0.3894,24.6106,25.0,25.5472,False,False,none,0,True,17,na_no_pcap,not_captured,True
fixed25/crc-split,crc-boundary,fixed,24,4,18,2407,25.0,0.5548,24.4452,25.0,25.2333,False,False,none,0,True,2407,na_no_pcap,not_captured,True
fixed25/crc-split,crc-boundary,fixed,24,5,15,1657,25.0,0.5486,24.4514,25.0,26.2814,False,False,none,0,True,1657,na_no_pcap,not_captured,True
fixed25/crc-split,crc-boundary,fixed,25,1,24,17,25.0,0.6176,24.3823,25.0,25.5378,False,False,none,0,True,17,na_no_pcap,not_captured,True
fixed25/crc-split,crc-boundary,fixed,25,2,21,17,25.0,0.3789,24.6211,25.0,25.3429,False,False,none,0,True,17,na_no_pcap,not_captured,True
fixed25/crc-split,crc-boundary,fixed,25,3,24,17,25.0,0.3751,24.6249,25.0,25.4617,False,False,none,0,True,17,na_no_pcap,not_captured,True
fixed25/crc-split,crc-boundary,fixed,25,4,18,2407,25.0,0.5378,24.4622,25.0,25.2019,False,False,none,0,True,2407,na_no_pcap,not_captured,True
fixed25/crc-split,crc-boundary,fixed,25,5,15,1657,25.0,0.551,24.449,25.0,26.0414,False,False,none,0,True,1657,na_no_pcap,not_captured,True
fixed25/crc-split,crc-boundary,fixed,26,1,24,17,25.0,0.6223,24.3777,25.0,25.2321,False,False,none,0,True,17,na_no_pcap,not_captured,True
fixed25/crc-split,crc-boundary,fixed,26,2,21,17,25.0,0.3555,24.6445,25.0,25.758,False,False,none,0,True,17,na_no_pcap,not_captured,True
fixed25/crc-split,crc-boundary,fixed,26,3,24,17,25.0,0.4001,24.5999,25.0,25.223,False,False,none,0,True,17,na_no_pcap,not_captured,True
fixed25/crc-split,crc-boundary,fixed,26,4,18,2407,25.0,0.5281,24.4719,25.0,25.3691,False,False,none,0,True,2407,na_no_pcap,not_captured,True
fixed25/crc-split,crc-boundary,fixed,26,5,15,1657,25.0,0.5495,24.4505,25.0,25.7861,False,False,none,0,True,1657,na_no_pcap,not_captured,True
fixed25/crc-split,crc-boundary,fixed,27,1,24,17,25.0,0.5988,24.4012,25.0,25.4863,False,False,none,0,True,17,na_no_pcap,not_captured,True
fixed25/crc-split,crc-boundary,fixed,27,2,21,17,25.0,0.386,24.614,25.0,25.4901,False,False,none,0,True,17,na_no_pcap,not_captured,True
fixed25/crc-split,crc-boundary,fixed,27,3,24,17,25.0,0.4062,24.5938,25.0,25.4653,False,False,none,0,True,17,na_no_pcap,not_captured,True
fixed25/crc-split,crc-boundary,fixed,27,4,18,2407,25.0,0.5415,24.4585,25.0,25.2034,False,False,none,0,True,2407,na_no_pcap,not_captured,True
fixed25/crc-split,crc-boundary,fixed,27,5,15,1657,25.0,0.5452,24.4548,25.0,25.9934,False,False,none,0,True,1657,na_no_pcap,not_captured,True
fixed25/crc-split,crc-boundary,fixed,28,1,24,17,25.0,0.604,24.396,25.0,25.1734,False,False,none,0,True,17,na_no_pcap,not_captured,True
fixed25/crc-split,crc-boundary,fixed,28,2,21,17,25.0,0.3569,24.643,25.0,25.3952,False,False,none,0,True,17,na_no_pcap,not_captured,True
fixed25/crc-split,crc-boundary,fixed,28,3,24,17,25.0,0.381,24.619,25.0,25.3081,False,False,none,0,True,17,na_no_pcap,not_captured,True
fixed25/crc-split,crc-boundary,fixed,28,4,18,2407,25.0,0.511,24.489,25.0,25.3025,False,False,none,0,True,2407,na_no_pcap,not_captured,True
fixed25/crc-split,crc-boundary,fixed,28,5,15,1657,25.0,0.5405,24.4595,25.0,25.8356,False,False,none,0,True,1657,na_no_pcap,not_captured,True
fixed25/crc-split,crc-boundary,fixed,29,1,24,17,25.0,0.5971,24.4029,25.0,25.1901,False,False,none,0,True,17,na_no_pcap,not_captured,True
fixed25/crc-split,crc-boundary,fixed,29,2,21,17,25.0,0.3622,24.6378,25.0,25.3855,False,False,none,0,True,17,na_no_pcap,not_captured,True
fixed25/crc-split,crc-boundary,fixed,29,3,24,17,25.0,0.3584,24.6416,25.0,25.3088,False,False,none,0,True,17,na_no_pcap,not_captured,True
fixed25/crc-split,crc-boundary,fixed,29,4,18,2407,25.0,0.509,24.491,25.0,25.3126,False,False,none,0,True,2407,na_no_pcap,not_captured,True
fixed25/crc-split,crc-boundary,fixed,29,5,15,1657,25.0,0.5701,24.4299,25.0,25.9317,False,False,none,0,True,1657,na_no_pcap,not_captured,True
fixed25/crc-split,crc-boundary,fixed,30,1,24,17,25.0,0.5484,24.4516,25.0,25.2137,False,False,none,0,True,17,na_no_pcap,not_captured,True
fixed25/crc-split,crc-boundary,fixed,30,2,21,17,25.0,0.3003,24.6997,25.0,25.629,False,False,none,0,True,17,na_no_pcap,not_captured,True
fixed25/crc-split,crc-boundary,fixed,30,3,24,17,25.0,0.3315,24.6685,25.0,25.4481,False,False,none,0,True,17,na_no_pcap,not_captured,True
fixed25/crc-split,crc-boundary,fixed,30,4,18,2407,25.0,0.4791,24.5209,25.0,25.2095,False,False,none,0,True,2407,na_no_pcap,not_captured,True
fixed25/crc-split,crc-boundary,fixed,30,5,15,1657,25.0,0.545,24.455,25.0,25.8683,False,False,none,0,True,1657,na_no_pcap,not_captured,True
fixed25/crc-split,crc-boundary,fixed,31,1,24,17,25.0,0.6086,24.3914,25.0,25.4864,False,False,none,0,True,17,na_no_pcap,not_captured,True
fixed25/crc-split,crc-boundary,fixed,31,2,21,17,25.0,0.3693,24.6307,25.0,25.4387,False,False,none,0,True,17,na_no_pcap,not_captured,True
fixed25/crc-split,crc-boundary,fixed,31,3,24,17,25.0,0.3835,24.6165,25.0,25.436,False,False,none,0,True,17,na_no_pcap,not_captured,True
fixed25/crc-split,crc-boundary,fixed,31,4,18,2407,25.0,0.5323,24.4677,25.0,25.2024,False,False,none,0,True,2407,na_no_pcap,not_captured,True
fixed25/crc-split,crc-boundary,fixed,31,5,15,1657,25.0,0.5525,24.4475,25.0,26.1552,False,False,none,0,True,1657,na_no_pcap,not_captured,True
fixed25/crc-split,crc-boundary,fixed,32,1,24,17,25.0,0.6178,24.3822,25.0,25.2419,False,False,none,0,True,17,na_no_pcap,not_captured,True
fixed25/crc-split,crc-boundary,fixed,32,2,21,17,25.0,0.358,24.642,25.0,25.6904,False,False,none,0,True,17,na_no_pcap,not_captured,True
fixed25/crc-split,crc-boundary,fixed,32,3,24,17,25.0,0.4001,24.5999,25.0,25.475,False,False,none,0,True,17,na_no_pcap,not_captured,True
fixed25/crc-split,crc-boundary,fixed,32,4,18,2407,25.0,0.5829,24.4171,25.0,25.2352,False,False,none,0,True,2407,na_no_pcap,not_captured,True
fixed25/crc-split,crc-boundary,fixed,32,5,15,1657,25.0,0.5436,24.4564,25.0,26.3011,False,False,none,0,True,1657,na_no_pcap,not_captured,True
fixed25/crc-split,crc-boundary,fixed,33,1,24,17,25.0,0.6125,24.3875,25.0,25.5011,False,False,none,0,True,17,na_no_pcap,not_captured,True
fixed25/crc-split,crc-boundary,fixed,33,2,21,17,25.0,0.3698,24.6302,25.0,25.4453,False,False,none,0,True,17,na_no_pcap,not_captured,True
fixed25/crc-split,crc-boundary,fixed,33,3,24,17,25.0,0.41,24.59,25.0,25.5375,False,False,none,0,True,17,na_no_pcap,not_captured,True
fixed25/crc-split,crc-boundary,fixed,33,4,18,2407,25.0,0.582,24.418,25.0,25.2349,False,False,none,0,True,2407,na_no_pcap,not_captured,True
fixed25/crc-split,crc-boundary,fixed,33,5,15,1657,25.0,0.5402,24.4598,25.0,26.1751,False,False,none,0,True,1657,na_no_pcap,not_captured,True
fixed25/crc-split,crc-boundary,fixed,34,1,24,17,25.0,0.5954,24.4046,25.0,25.5681,False,False,none,0,True,17,na_no_pcap,not_captured,True
fixed25/crc-split,crc-boundary,fixed,34,2,21,17,25.0,0.3745,24.6255,25.0,25.4396,False,False,none,0,True,17,na_no_pcap,not_captured,True
fixed25/crc-split,crc-boundary,fixed,34,3,24,17,25.0,0.3586,24.6414,25.0,25.795,False,False,none,0,True,17,na_no_pcap,not_captured,True
fixed25/crc-split,crc-boundary,fixed,34,4,18,2407,25.0,0.5239,24.4761,25.0,25.368,False,False,none,0,True,2407,na_no_pcap,not_captured,True
fixed25/crc-split,crc-boundary,fixed,34,5,15,1657,25.0,0.3614,24.6386,25.0,25.1617,False,False,none,0,True,1657,na_no_pcap,not_captured,True
fixed25/crc-split,crc-boundary,fixed,35,1,24,17,25.0,0.3354,24.6646,25.0,25.1397,False,False,none,0,True,17,na_no_pcap,not_captured,True
fixed25/crc-split,crc-boundary,fixed,35,2,21,17,25.0,0.2317,24.7683,25.0,25.2464,False,False,none,0,True,17,na_no_pcap,not_captured,True
fixed25/crc-split,crc-boundary,fixed,35,3,24,17,25.0,0.2205,24.7795,25.0,25.227,False,False,none,0,True,17,na_no_pcap,not_captured,True
fixed25/crc-split,crc-boundary,fixed,35,4,18,2407,25.0,0.3971,24.6029,25.0,25.2771,False,False,none,0,True,2407,na_no_pcap,not_captured,True
fixed25/crc-split,crc-boundary,fixed,35,5,15,1657,25.0,0.5224,24.4776,25.0,25.4724,False,False,none,0,True,1657,na_no_pcap,not_captured,True
fixed25/crc-split,crc-boundary,fixed,36,1,24,17,25.0,0.5323,24.4677,25.0,25.1743,False,False,none,0,True,17,na_no_pcap,not_captured,True
fixed25/crc-split,crc-boundary,fixed,36,2,21,17,25.0,0.4227,24.5773,25.0,25.3762,False,False,none,0,True,17,na_no_pcap,not_captured,True
fixed25/crc-split,crc-boundary,fixed,36,3,24,17,25.0,0.38,24.62,25.0,25.3118,False,False,none,0,True,17,na_no_pcap,not_captured,True
fixed25/crc-split,crc-boundary,fixed,36,4,18,2407,25.0,0.5388,24.4612,25.0,25.3146,False,False,none,0,True,2407,na_no_pcap,not_captured,True
fixed25/crc-split,crc-boundary,fixed,36,5,15,1657,25.0,0.5226,24.4774,25.0,25.4444,False,False,none,0,True,1657,na_no_pcap,not_captured,True
fixed25/crc-split,crc-boundary,fixed,37,1,24,17,25.0,0.5129,24.4871,25.0,25.1743,False,False,none,0,True,17,na_no_pcap,not_captured,True
fixed25/crc-split,crc-boundary,fixed,37,2,21,17,25.0,0.3805,24.6195,25.0,25.4217,False,False,none,0,True,17,na_no_pcap,not_captured,True
fixed25/crc-split,crc-boundary,fixed,37,3,24,17,25.0,0.3734,24.6266,25.0,25.3193,False,False,none,0,True,17,na_no_pcap,not_captured,True
fixed25/crc-split,crc-boundary,fixed,37,4,18,2407,25.0,0.5235,24.4765,25.0,25.2969,False,False,none,0,True,2407,na_no_pcap,not_captured,True
fixed25/crc-split,crc-boundary,fixed,37,5,15,1657,25.0,0.5192,24.4808,25.0,25.4485,False,False,none,0,True,1657,na_no_pcap,not_captured,True
fixed25/crc-split,crc-boundary,fixed,38,1,24,17,25.0,0.536,24.464,25.0,25.1544,False,False,none,0,True,17,na_no_pcap,not_captured,True
fixed25/crc-split,crc-boundary,fixed,38,2,21,17,25.0,0.3879,24.6121,25.0,25.3565,False,False,none,0,True,17,na_no_pcap,not_captured,True
fixed25/crc-split,crc-boundary,fixed,38,3,24,17,25.0,0.372,24.628,25.0,25.3526,False,False,none,0,True,17,na_no_pcap,not_captured,True
fixed25/crc-split,crc-boundary,fixed,38,4,18,2407,25.0,0.5762,24.4238,25.0,25.3136,False,False,none,0,True,2407,na_no_pcap,not_captured,True
fixed25/crc-split,crc-boundary,fixed,38,5,15,1657,25.0,0.5377,24.4623,25.0,25.4729,False,False,none,0,True,1657,na_no_pcap,not_captured,True
fixed25/crc-split,crc-boundary,fixed,39,1,24,17,25.0,0.5217,24.4782,25.0,25.1575,False,False,none,0,True,17,na_no_pcap,not_captured,True
fixed25/crc-split,crc-boundary,fixed,39,2,21,17,25.0,0.3735,24.6265,25.0,25.3738,False,False,none,0,True,17,na_no_pcap,not_captured,True
fixed25/crc-split,crc-boundary,fixed,39,3,24,17,25.0,0.3722,24.6278,25.0,25.3217,False,False,none,0,True,17,na_no_pcap,not_captured,True
fixed25/crc-split,crc-boundary,fixed,39,4,18,2407,25.0,0.6237,24.3763,25.0,25.319,False,False,none,0,True,2407,na_no_pcap,not_captured,True
fixed25/crc-split,crc-boundary,fixed,39,5,15,1657,25.0,0.5246,24.4754,25.0,25.4531,False,False,none,0,True,1657,na_no_pcap,not_captured,True
fixed25/crc-split,crc-boundary,fixed,40,1,24,17,25.0,0.6391,24.3609,25.0,25.1812,False,False,none,0,True,17,na_no_pcap,not_captured,True
fixed25/crc-split,crc-boundary,fixed,40,2,21,17,25.0,0.3819,24.6181,25.0,25.3833,False,False,none,0,True,17,na_no_pcap,not_captured,True
fixed25/crc-split,crc-boundary,fixed,40,3,24,17,25.0,0.3707,24.6293,25.0,25.3319,False,False,none,0,True,17,na_no_pcap,not_captured,True
fixed25/crc-split,crc-boundary,fixed,40,4,18,2407,25.0,0.5453,24.4547,25.0,25.3141,False,False,none,0,True,2407,na_no_pcap,not_captured,True
fixed25/crc-split,crc-boundary,fixed,40,5,15,1657,25.0,0.3188,24.6812,25.0,25.2823,False,False,none,0,True,1657,na_no_pcap,not_captured,True
fixed25/crc-split,crc-boundary,fixed,41,1,24,17,25.0,0.6556,24.3444,25.0,25.6266,False,False,none,0,True,17,na_no_pcap,not_captured,True
fixed25/crc-split,crc-boundary,fixed,41,2,21,17,25.0,0.4162,24.5838,25.0,25.4804,False,False,none,0,True,17,na_no_pcap,not_captured,True
fixed25/crc-split,crc-boundary,fixed,41,3,24,17,25.0,0.4188,24.5812,25.0,25.5434,False,False,none,0,True,17,na_no_pcap,not_captured,True
fixed25/crc-split,crc-boundary,fixed,41,4,18,2407,25.0,0.5837,24.4163,25.0,25.2317,False,False,none,0,True,2407,na_no_pcap,not_captured,True
fixed25/crc-split,crc-boundary,fixed,41,5,15,1657,25.0,0.5797,24.4203,25.0,25.6753,False,False,none,0,True,1657,na_no_pcap,not_captured,True
fixed25/crc-split,crc-boundary,fixed,42,1,24,17,25.0,0.6431,24.3569,25.0,25.2404,False,False,none,0,True,17,na_no_pcap,not_captured,True
fixed25/crc-split,crc-boundary,fixed,42,2,21,17,25.0,0.3649,24.6351,25.0,25.7449,False,False,none,0,True,17,na_no_pcap,not_captured,True
fixed25/crc-split,crc-boundary,fixed,42,3,24,17,25.0,0.3942,24.6058,25.0,25.2109,False,False,none,0,True,17,na_no_pcap,not_captured,True
fixed25/crc-split,crc-boundary,fixed,42,4,18,2407,25.0,0.5349,24.4651,25.0,25.5353,False,False,none,0,True,2407,na_no_pcap,not_captured,True
fixed25/crc-split,crc-boundary,fixed,42,5,15,1657,25.0,0.5595,24.4405,25.0,26.3903,False,False,none,0,True,1657,na_no_pcap,not_captured,True
fixed25/crc-split,crc-boundary,fixed,43,1,24,17,25.0,0.6465,24.3535,25.0,25.7353,False,False,none,0,True,17,na_no_pcap,not_captured,True
fixed25/crc-split,crc-boundary,fixed,43,2,21,17,25.0,0.4262,24.5738,25.0,25.506,False,False,none,0,True,17,na_no_pcap,not_captured,True
fixed25/crc-split,crc-boundary,fixed,43,3,24,17,25.0,0.4059,24.5941,25.0,25.4657,False,False,none,0,True,17,na_no_pcap,not_captured,True
fixed25/crc-split,crc-boundary,fixed,43,4,18,2407,25.0,0.5586,24.4414,25.0,25.2126,False,False,none,0,True,2407,na_no_pcap,not_captured,True
fixed25/crc-split,crc-boundary,fixed,43,5,15,1657,25.0,0.5611,24.4389,25.0,26.1429,False,False,none,0,True,1657,na_no_pcap,not_captured,True
fixed25/crc-split,crc-boundary,fixed,44,1,24,17,25.0,0.6475,24.3525,25.0,25.534,False,False,none,0,True,17,na_no_pcap,not_captured,True
fixed25/crc-split,crc-boundary,fixed,44,2,21,17,25.0,0.3902,24.6098,25.0,25.4766,False,False,none,0,True,17,na_no_pcap,not_captured,True
fixed25/crc-split,crc-boundary,fixed,44,3,24,17,25.0,0.393,24.607,25.0,25.5151,False,False,none,0,True,17,na_no_pcap,not_captured,True
fixed25/crc-split,crc-boundary,fixed,44,4,18,2407,25.0,0.5785,24.4215,25.0,25.4679,False,False,none,0,True,2407,na_no_pcap,not_captured,True
fixed25/crc-split,crc-boundary,fixed,44,5,15,1657,25.0,0.5623,24.4377,25.0,26.1954,False,False,none,0,True,1657,na_no_pcap,not_captured,True
fixed25/crc-split,crc-boundary,fixed,45,1,24,17,25.0,0.6257,24.3743,25.0,25.1853,False,False,none,0,True,17,na_no_pcap,not_captured,True
fixed25/crc-split,crc-boundary,fixed,45,2,21,17,25.0,0.3661,24.6339,25.0,25.4319,False,False,none,0,True,17,na_no_pcap,not_captured,True
fixed25/crc-split,crc-boundary,fixed,45,3,24,17,25.0,0.3558,24.6442,25.0,25.3116,False,False,none,0,True,17,na_no_pcap,not_captured,True
fixed25/crc-split,crc-boundary,fixed,45,4,18,2407,25.0,1.4057,23.5943,25.0,25.3167,False,False,none,0,True,2407,na_no_pcap,not_captured,True
fixed25/crc-split,crc-boundary,fixed,45,5,15,1657,25.0,0.5607,24.4393,25.0,26.2126,False,False,none,0,True,1657,na_no_pcap,not_captured,True
fixed25/crc-split,crc-boundary,fixed,46,1,24,17,25.0,0.6456,24.3544,25.0,25.2322,False,False,none,0,True,17,na_no_pcap,not_captured,True
fixed25/crc-split,crc-boundary,fixed,46,2,21,17,25.0,0.383,24.617,25.0,25.79,False,False,none,0,True,17,na_no_pcap,not_captured,True
fixed25/crc-split,crc-boundary,fixed,46,3,24,17,25.0,0.426,24.574,25.0,25.5016,False,False,none,0,True,17,na_no_pcap,not_captured,True
fixed25/crc-split,crc-boundary,fixed,46,4,18,2407,25.0,0.5941,24.4059,25.0,25.2449,False,False,none,0,True,2407,na_no_pcap,not_captured,True
fixed25/crc-split,crc-boundary,fixed,46,5,15,1657,25.0,0.5892,24.4108,25.0,25.9325,False,False,none,0,True,1657,na_no_pcap,not_captured,True
fixed25/crc-split,crc-boundary,fixed,47,1,24,17,25.0,0.649,24.351,25.0,25.2481,False,False,none,0,True,17,na_no_pcap,not_captured,True
fixed25/crc-split,crc-boundary,fixed,47,2,21,17,25.0,0.3644,24.6356,25.0,25.7368,False,False,none,0,True,17,na_no_pcap,not_captured,True
fixed25/crc-split,crc-boundary,fixed,47,3,24,17,25.0,0.3942,24.6058,25.0,25.4699,False,False,none,0,True,17,na_no_pcap,not_captured,True
fixed25/crc-split,crc-boundary,fixed,47,4,18,2407,25.0,0.5888,24.4112,25.0,25.2453,False,False,none,0,True,2407,na_no_pcap,not_captured,True
fixed25/crc-split,crc-boundary,fixed,47,5,15,1657,25.0,0.5635,24.4365,25.0,25.6489,False,False,none,0,True,1657,na_no_pcap,not_captured,True
fixed25/crc-split,crc-boundary,fixed,48,1,24,17,25.0,0.3665,24.6335,25.0,25.1838,False,False,none,0,True,17,na_no_pcap,not_captured,True
fixed25/crc-split,crc-boundary,fixed,48,2,21,17,25.0,0.3673,24.6327,25.0,25.4108,False,False,none,0,True,17,na_no_pcap,not_captured,True
fixed25/crc-split,crc-boundary,fixed,48,3,24,17,25.0,0.3778,24.6222,25.0,25.3176,False,False,none,0,True,17,na_no_pcap,not_captured,True
fixed25/crc-split,crc-boundary,fixed,48,4,18,2407,25.0,0.5366,24.4634,25.0,25.3128,False,False,none,0,True,2407,na_no_pcap,not_captured,True
fixed25/crc-split,crc-boundary,fixed,48,5,15,1657,25.0,0.5626,24.4374,25.0,26.1683,False,False,none,0,True,1657,na_no_pcap,not_captured,True
fixed25/crc-split,crc-boundary,fixed,49,1,24,17,25.0,0.6148,24.3852,25.0,25.512,False,False,none,0,True,17,na_no_pcap,not_captured,True
fixed25/crc-split,crc-boundary,fixed,49,2,21,17,25.0,0.3843,24.6157,25.0,25.4071,False,False,none,0,True,17,na_no_pcap,not_captured,True
fixed25/crc-split,crc-boundary,fixed,49,3,24,17,25.0,0.3935,24.6065,25.0,25.2225,False,False,none,0,True,17,na_no_pcap,not_captured,True
fixed25/crc-split,crc-boundary,fixed,49,4,18,2407,25.0,0.5403,24.4597,25.0,25.3835,False,False,none,0,True,2407,na_no_pcap,not_captured,True
fixed25/crc-split,crc-boundary,fixed,49,5,15,1657,25.0,0.5634,24.4366,25.0,26.05,False,False,none,0,True,1657,na_no_pcap,not_captured,True
bounded20-30/crc-split,crc-boundary,bounded,0,1,24,17,24.5738,0.3229,24.2509,24.5738,24.7039,False,False,none,0,True,17,na_no_pcap,not_captured,True
bounded20-30/crc-split,crc-boundary,bounded,0,2,21,17,27.5393,0.2301,27.3092,27.5393,28.1621,False,False,none,0,True,17,na_no_pcap,not_captured,True
bounded20-30/crc-split,crc-boundary,bounded,0,3,24,17,21.9859,0.2373,21.7486,21.9859,22.1166,False,False,none,0,True,17,na_no_pcap,not_captured,True
bounded20-30/crc-split,crc-boundary,bounded,0,4,18,2407,29.5727,0.3353,29.2374,29.5727,29.7802,False,False,none,0,True,2407,na_no_pcap,not_captured,True
bounded20-30/crc-split,crc-boundary,bounded,0,5,15,1657,23.4612,0.3679,23.0933,23.4612,24.0188,False,False,none,0,True,1657,na_no_pcap,not_captured,True
bounded20-30/crc-split,crc-boundary,bounded,1,1,24,17,21.6576,0.4067,21.251,21.6576,21.8192,False,False,none,0,True,17,na_no_pcap,not_captured,True
bounded20-30/crc-split,crc-boundary,bounded,1,2,21,17,20.4147,0.2166,20.1981,20.4147,20.723,False,False,none,0,True,17,na_no_pcap,not_captured,True
bounded20-30/crc-split,crc-boundary,bounded,1,3,24,17,29.989,0.2148,29.7742,29.989,30.227,False,False,none,0,True,17,na_no_pcap,not_captured,True
bounded20-30/crc-split,crc-boundary,bounded,1,4,18,2407,25.6864,0.3203,25.3661,25.6864,25.9198,False,False,none,0,True,2407,na_no_pcap,not_captured,True
bounded20-30/crc-split,crc-boundary,bounded,1,5,15,1657,27.8104,0.3556,27.4548,27.8104,28.2861,False,False,none,0,True,1657,na_no_pcap,not_captured,True
bounded20-30/crc-split,crc-boundary,bounded,2,1,24,17,21.5201,0.6589,20.8612,21.5201,22.0771,False,False,none,0,True,17,na_no_pcap,not_captured,True
bounded20-30/crc-split,crc-boundary,bounded,2,2,21,17,27.7522,0.2306,27.5215,27.7522,28.1125,False,False,none,0,True,17,na_no_pcap,not_captured,True
bounded20-30/crc-split,crc-boundary,bounded,2,3,24,17,22.41,0.2102,22.1998,22.41,22.6459,False,False,none,0,True,17,na_no_pcap,not_captured,True
bounded20-30/crc-split,crc-boundary,bounded,2,4,18,2407,27.457,0.3202,27.1368,27.457,27.7153,False,False,none,0,True,2407,na_no_pcap,not_captured,True
bounded20-30/crc-split,crc-boundary,bounded,2,5,15,1657,26.7526,0.3626,26.39,26.7526,27.1028,False,False,none,0,True,1657,na_no_pcap,not_captured,True
bounded20-30/crc-split,crc-boundary,bounded,3,1,24,17,22.0842,0.3204,21.7638,22.0842,22.2209,False,False,none,0,True,17,na_no_pcap,not_captured,True
bounded20-30/crc-split,crc-boundary,bounded,3,2,21,17,28.5857,0.2306,28.3551,28.5857,28.8365,False,False,none,0,True,17,na_no_pcap,not_captured,True
bounded20-30/crc-split,crc-boundary,bounded,3,3,24,17,29.6728,0.2228,29.45,29.6728,29.8854,False,False,none,0,True,17,na_no_pcap,not_captured,True
bounded20-30/crc-split,crc-boundary,bounded,3,4,18,2407,20.0666,0.3174,19.7492,20.0666,20.6712,False,False,none,0,True,2407,na_no_pcap,not_captured,True
bounded20-30/crc-split,crc-boundary,bounded,3,5,15,1657,24.267,0.3492,23.9178,24.267,24.3991,False,False,none,0,True,1657,na_no_pcap,not_captured,True
bounded20-30/crc-split,crc-boundary,bounded,4,1,24,17,26.1607,0.3722,25.7884,26.1607,26.284,False,False,none,0,True,17,na_no_pcap,not_captured,True
bounded20-30/crc-split,crc-boundary,bounded,4,2,21,17,21.4409,0.2102,21.2307,21.4409,21.6984,False,False,none,0,True,17,na_no_pcap,not_captured,True
bounded20-30/crc-split,crc-boundary,bounded,4,3,24,17,24.6676,0.1933,24.4742,24.6676,24.8661,False,False,none,0,True,17,na_no_pcap,not_captured,True
bounded20-30/crc-split,crc-boundary,bounded,4,4,18,2407,28.2146,0.3059,27.9086,28.2146,28.4105,False,False,none,0,True,2407,na_no_pcap,not_captured,True
bounded20-30/crc-split,crc-boundary,bounded,4,5,15,1657,22.009,0.4355,21.5735,22.009,22.4359,False,False,none,0,True,1657,na_no_pcap,not_captured,True
bounded20-30/crc-split,crc-boundary,bounded,5,1,24,17,20.4308,0.393,20.0378,20.4308,20.5661,False,False,none,0,True,17,na_no_pcap,not_captured,True
bounded20-30/crc-split,crc-boundary,bounded,5,2,21,17,20.4974,0.216,20.2814,20.4974,20.7713,False,False,none,0,True,17,na_no_pcap,not_captured,True
bounded20-30/crc-split,crc-boundary,bounded,5,3,24,17,20.4721,0.2169,20.2553,20.4721,20.709,False,False,none,0,True,17,na_no_pcap,not_captured,True
bounded20-30/crc-split,crc-boundary,bounded,5,4,18,2407,27.1367,0.3163,26.8204,27.1367,27.3682,False,False,none,0,True,2407,na_no_pcap,not_captured,True
bounded20-30/crc-split,crc-boundary,bounded,5,5,15,1657,27.5368,0.3367,27.2,27.5368,27.691,False,False,none,0,True,1657,na_no_pcap,not_captured,True
bounded20-30/crc-split,crc-boundary,bounded,6,1,24,17,21.7602,0.4158,21.3445,21.7602,21.9222,False,False,none,0,True,17,na_no_pcap,not_captured,True
bounded20-30/crc-split,crc-boundary,bounded,6,2,21,17,28.4437,0.2227,28.221,28.4437,28.7564,False,False,none,0,True,17,na_no_pcap,not_captured,True
bounded20-30/crc-split,crc-boundary,bounded,6,3,24,17,26.6178,0.2231,26.3947,26.6178,26.8527,False,False,none,0,True,17,na_no_pcap,not_captured,True
bounded20-30/crc-split,crc-boundary,bounded,6,4,18,2407,23.2963,0.3238,22.9724,23.2963,23.6272,False,False,none,0,True,2407,na_no_pcap,not_captured,True
bounded20-30/crc-split,crc-boundary,bounded,6,5,15,1657,20.065,0.3595,19.7055,20.065,20.4035,False,False,none,0,True,1657,na_no_pcap,not_captured,True
bounded20-30/crc-split,crc-boundary,bounded,7,1,24,17,24.9191,0.3086,24.6105,24.9191,25.0466,False,False,none,0,True,17,na_no_pcap,not_captured,True
bounded20-30/crc-split,crc-boundary,bounded,7,2,21,17,28.9449,0.2237,28.7212,28.9449,29.189,False,False,none,0,True,17,na_no_pcap,not_captured,True
bounded20-30/crc-split,crc-boundary,bounded,7,3,24,17,26.9948,0.2228,26.772,26.9948,27.1994,False,False,none,0,True,17,na_no_pcap,not_captured,True
bounded20-30/crc-split,crc-boundary,bounded,7,4,18,2407,23.5549,0.3162,23.2388,23.5549,23.8049,False,False,none,0,True,2407,na_no_pcap,not_captured,True
bounded20-30/crc-split,crc-boundary,bounded,7,5,15,1657,27.815,0.319,27.4961,27.815,28.1613,False,False,none,0,True,1657,na_no_pcap,not_captured,True
bounded20-30/crc-split,crc-boundary,bounded,8,1,24,17,23.2482,0.3944,22.8537,23.2482,23.3834,False,False,none,0,True,17,na_no_pcap,not_captured,True
bounded20-30/crc-split,crc-boundary,bounded,8,2,21,17,26.5539,0.214,26.3399,26.5539,26.8327,False,False,none,0,True,17,na_no_pcap,not_captured,True
bounded20-30/crc-split,crc-boundary,bounded,8,3,24,17,23.4043,0.2074,23.1969,23.4043,23.6122,False,False,none,0,True,17,na_no_pcap,not_captured,True
bounded20-30/crc-split,crc-boundary,bounded,8,4,18,2407,21.5097,0.3218,21.1878,21.5097,21.7302,False,False,none,0,True,2407,na_no_pcap,not_captured,True
bounded20-30/crc-split,crc-boundary,bounded,8,5,15,1657,25.228,0.3456,24.8824,25.228,25.5792,False,False,none,0,True,1657,na_no_pcap,not_captured,True
bounded20-30/crc-split,crc-boundary,bounded,9,1,24,17,22.5493,0.3995,22.1498,22.5493,22.6739,False,False,none,0,True,17,na_no_pcap,not_captured,True
bounded20-30/crc-split,crc-boundary,bounded,9,2,21,17,24.7728,0.2231,24.5497,24.7728,25.0434,False,False,none,0,True,17,na_no_pcap,not_captured,True
bounded20-30/crc-split,crc-boundary,bounded,9,3,24,17,21.8899,0.2267,21.6632,21.8899,22.1244,False,False,none,0,True,17,na_no_pcap,not_captured,True
bounded20-30/crc-split,crc-boundary,bounded,9,4,18,2407,29.6708,0.316,29.3548,29.6708,29.9091,False,False,none,0,True,2407,na_no_pcap,not_captured,True
bounded20-30/crc-split,crc-boundary,bounded,9,5,15,1657,22.4577,0.3932,22.0645,22.4577,22.8036,False,False,none,0,True,1657,na_no_pcap,not_captured,True
bounded20-30/crc-split,crc-boundary,bounded,10,1,24,17,28.7378,0.3951,28.3428,28.7378,28.8663,False,False,none,0,True,17,na_no_pcap,not_captured,True
bounded20-30/crc-split,crc-boundary,bounded,10,2,21,17,23.0,0.2096,22.7904,23.0,23.2677,False,False,none,0,True,17,na_no_pcap,not_captured,True
bounded20-30/crc-split,crc-boundary,bounded,10,3,24,17,27.4135,0.2109,27.2026,27.4135,27.6159,False,False,none,0,True,17,na_no_pcap,not_captured,True
bounded20-30/crc-split,crc-boundary,bounded,10,4,18,2407,25.1429,0.3138,24.8291,25.1429,25.3416,False,False,none,0,True,2407,na_no_pcap,not_captured,True
bounded20-30/crc-split,crc-boundary,bounded,10,5,15,1657,28.4619,0.3464,28.1154,28.4619,28.8172,False,False,none,0,True,1657,na_no_pcap,not_captured,True
bounded20-30/crc-split,crc-boundary,bounded,11,1,24,17,23.9797,0.3259,23.6538,23.9797,24.1167,False,False,none,0,True,17,na_no_pcap,not_captured,True
bounded20-30/crc-split,crc-boundary,bounded,11,2,21,17,23.6436,0.2344,23.4092,23.6436,23.8836,False,False,none,0,True,17,na_no_pcap,not_captured,True
bounded20-30/crc-split,crc-boundary,bounded,11,3,24,17,20.4105,0.2254,20.185,20.4105,20.6185,False,False,none,0,True,17,na_no_pcap,not_captured,True
bounded20-30/crc-split,crc-boundary,bounded,11,4,18,2407,23.9475,0.3251,23.6224,23.9475,24.1697,False,False,none,0,True,2407,na_no_pcap,not_captured,True
bounded20-30/crc-split,crc-boundary,bounded,11,5,15,1657,27.8854,0.3505,27.5349,27.8854,28.2342,False,False,none,0,True,1657,na_no_pcap,not_captured,True
bounded20-30/crc-split,crc-boundary,bounded,12,1,24,17,21.185,0.4173,20.7677,21.185,21.3265,False,False,none,0,True,17,na_no_pcap,not_captured,True
bounded20-30/crc-split,crc-boundary,bounded,12,2,21,17,23.8748,0.2091,23.6658,23.8748,24.1361,False,False,none,0,True,17,na_no_pcap,not_captured,True
bounded20-30/crc-split,crc-boundary,bounded,12,3,24,17,25.8818,0.2165,25.6654,25.8818,26.0925,False,False,none,0,True,17,na_no_pcap,not_captured,True
bounded20-30/crc-split,crc-boundary,bounded,12,4,18,2407,23.2153,0.3173,22.8981,23.2153,23.4169,False,False,none,0,True,2407,na_no_pcap,not_captured,True
bounded20-30/crc-split,crc-boundary,bounded,12,5,15,1657,28.1412,0.3131,27.8281,28.1412,28.501,False,False,none,0,True,1657,na_no_pcap,not_captured,True
bounded20-30/crc-split,crc-boundary,bounded,13,1,24,17,28.7045,0.4014,28.3032,28.7045,28.856,False,False,none,0,True,17,na_no_pcap,not_captured,True
bounded20-30/crc-split,crc-boundary,bounded,13,2,21,17,26.345,0.2271,26.1179,26.345,26.661,False,False,none,0,True,17,na_no_pcap,not_captured,True
bounded20-30/crc-split,crc-boundary,bounded,13,3,24,17,28.2871,0.2138,28.0733,28.2871,28.5329,False,False,none,0,True,17,na_no_pcap,not_captured,True
bounded20-30/crc-split,crc-boundary,bounded,13,4,18,2407,21.5798,0.311,21.2688,21.5798,21.8079,False,False,none,0,True,2407,na_no_pcap,not_captured,True
bounded20-30/crc-split,crc-boundary,bounded,13,5,15,1657,22.8659,0.3439,22.522,22.8659,23.2121,False,False,none,0,True,1657,na_no_pcap,not_captured,True
bounded20-30/crc-split,crc-boundary,bounded,14,1,24,17,24.1933,0.3508,23.8424,24.1933,24.3873,False,False,none,0,True,17,na_no_pcap,not_captured,True
bounded20-30/crc-split,crc-boundary,bounded,14,2,21,17,26.7456,0.2678,26.4778,26.7456,27.1789,False,False,none,0,True,17,na_no_pcap,not_captured,True
bounded20-30/crc-split,crc-boundary,bounded,14,3,24,17,28.6273,0.2881,28.3392,28.6273,28.8764,False,False,none,0,True,17,na_no_pcap,not_captured,True
bounded20-30/crc-split,crc-boundary,bounded,14,4,18,2407,28.6818,0.3951,28.2867,28.6818,28.9322,False,False,none,0,True,2407,na_no_pcap,not_captured,True
bounded20-30/crc-split,crc-boundary,bounded,14,5,15,1657,26.856,0.331,26.5249,26.856,27.1917,False,False,none,0,True,1657,na_no_pcap,not_captured,True
bounded20-30/crc-split,crc-boundary,bounded,15,1,24,17,29.9943,0.3193,29.675,29.9943,30.4618,False,False,none,0,True,17,na_no_pcap,not_captured,True
bounded20-30/crc-split,crc-boundary,bounded,15,2,21,17,28.3419,0.2381,28.1038,28.3419,28.4802,False,False,none,0,True,17,na_no_pcap,not_captured,True
bounded20-30/crc-split,crc-boundary,bounded,15,3,24,17,22.8849,0.2238,22.6612,22.8849,23.436,False,False,none,0,True,17,na_no_pcap,not_captured,True
bounded20-30/crc-split,crc-boundary,bounded,15,4,18,2407,28.7905,0.4102,28.3803,28.7905,29.0877,False,False,none,0,True,2407,na_no_pcap,not_captured,True
bounded20-30/crc-split,crc-boundary,bounded,15,5,15,1657,26.7395,0.3194,26.4201,26.7395,27.209,False,False,none,0,True,1657,na_no_pcap,not_captured,True
bounded20-30/crc-split,crc-boundary,bounded,16,1,24,17,27.1013,0.3945,26.7068,27.1013,27.2652,False,False,none,0,True,17,na_no_pcap,not_captured,True
bounded20-30/crc-split,crc-boundary,bounded,16,2,21,17,27.8715,0.2127,27.6587,27.8715,28.1789,False,False,none,0,True,17,na_no_pcap,not_captured,True
bounded20-30/crc-split,crc-boundary,bounded,16,3,24,17,27.9759,0.2147,27.7612,27.9759,28.2146,False,False,none,0,True,17,na_no_pcap,not_captured,True
bounded20-30/crc-split,crc-boundary,bounded,16,4,18,2407,27.5363,0.3113,27.225,27.5363,28.067,False,False,none,0,True,2407,na_no_pcap,not_captured,True
bounded20-30/crc-split,crc-boundary,bounded,16,5,15,1657,29.5871,0.3204,29.2668,29.5871,29.9171,False,False,none,0,True,1657,na_no_pcap,not_captured,True
bounded20-30/crc-split,crc-boundary,bounded,17,1,24,17,29.0164,0.3958,28.6206,29.0164,29.5049,False,False,none,0,True,17,na_no_pcap,not_captured,True
bounded20-30/crc-split,crc-boundary,bounded,17,2,21,17,28.4824,0.2968,28.1857,28.4824,28.6135,False,False,none,0,True,17,na_no_pcap,not_captured,True
bounded20-30/crc-split,crc-boundary,bounded,17,3,24,17,24.0732,0.2777,23.7955,24.0732,24.3296,False,False,none,0,True,17,na_no_pcap,not_captured,True
bounded20-30/crc-split,crc-boundary,bounded,17,4,18,2407,20.7377,0.3996,20.3381,20.7377,20.9555,False,False,none,0,True,2407,na_no_pcap,not_captured,True
bounded20-30/crc-split,crc-boundary,bounded,17,5,15,1657,23.1891,0.39,22.7991,23.1891,23.3931,False,False,none,0,True,1657,na_no_pcap,not_captured,True
bounded20-30/crc-split,crc-boundary,bounded,18,1,24,17,28.4753,0.3808,28.0945,28.4753,28.6391,False,False,none,0,True,17,na_no_pcap,not_captured,True
bounded20-30/crc-split,crc-boundary,bounded,18,2,21,17,22.9956,0.2099,22.7857,22.9956,23.2831,False,False,none,0,True,17,na_no_pcap,not_captured,True
bounded20-30/crc-split,crc-boundary,bounded,18,3,24,17,27.203,0.2109,26.9921,27.203,27.4257,False,False,none,0,True,17,na_no_pcap,not_captured,True
bounded20-30/crc-split,crc-boundary,bounded,18,4,18,2407,20.2284,0.2999,19.9284,20.2284,20.45,False,False,none,0,True,2407,na_no_pcap,not_captured,True
bounded20-30/crc-split,crc-boundary,bounded,18,5,15,1657,23.5027,0.3636,23.1391,23.5027,23.9707,False,False,none,0,True,1657,na_no_pcap,not_captured,True
bounded20-30/crc-split,crc-boundary,bounded,19,1,24,17,29.7855,0.4044,29.3811,29.7855,29.9255,False,False,none,0,True,17,na_no_pcap,not_captured,True
bounded20-30/crc-split,crc-boundary,bounded,19,2,21,17,23.0595,0.2134,22.846,23.0595,23.4485,False,False,none,0,True,17,na_no_pcap,not_captured,True
bounded20-30/crc-split,crc-boundary,bounded,19,3,24,17,28.1037,0.4355,27.6682,28.1037,28.7075,False,False,none,0,True,17,na_no_pcap,not_captured,True
bounded20-30/crc-split,crc-boundary,bounded,19,4,18,2407,25.192,0.3567,24.8353,25.192,25.4482,False,False,none,0,True,2407,na_no_pcap,not_captured,True
bounded20-30/crc-split,crc-boundary,bounded,19,5,15,1657,23.9306,0.5582,23.3725,23.9306,24.9905,False,False,none,0,True,1657,na_no_pcap,not_captured,True
bounded20-30/crc-split,crc-boundary,bounded,20,1,24,17,23.3357,0.6356,22.7001,23.3357,23.9096,False,False,none,0,True,17,na_no_pcap,not_captured,True
bounded20-30/crc-split,crc-boundary,bounded,20,2,21,17,26.6774,0.4138,26.2636,26.6774,27.2449,False,False,none,0,True,17,na_no_pcap,not_captured,True
bounded20-30/crc-split,crc-boundary,bounded,20,3,24,17,28.8051,0.4204,28.3847,28.8051,29.0269,False,False,none,0,True,17,na_no_pcap,not_captured,True
bounded20-30/crc-split,crc-boundary,bounded,20,4,18,2407,22.7712,0.5514,22.2197,22.7712,23.1574,False,False,none,0,True,2407,na_no_pcap,not_captured,True
bounded20-30/crc-split,crc-boundary,bounded,20,5,15,1657,21.8325,0.6799,21.1526,21.8325,22.9172,False,False,none,0,True,1657,na_no_pcap,not_captured,True
bounded20-30/crc-split,crc-boundary,bounded,21,1,24,17,27.3191,0.639,26.6801,27.3191,27.83,False,False,none,0,True,17,na_no_pcap,not_captured,True
bounded20-30/crc-split,crc-boundary,bounded,21,2,21,17,26.6476,0.3886,26.2591,26.6476,27.1166,False,False,none,0,True,17,na_no_pcap,not_captured,True
bounded20-30/crc-split,crc-boundary,bounded,21,3,24,17,25.6402,0.3801,25.2602,25.6402,25.843,False,False,none,0,True,17,na_no_pcap,not_captured,True
bounded20-30/crc-split,crc-boundary,bounded,21,4,18,2407,24.8451,0.5354,24.3096,24.8451,25.2252,False,False,none,0,True,2407,na_no_pcap,not_captured,True
bounded20-30/crc-split,crc-boundary,bounded,21,5,15,1657,24.4449,0.5479,23.8969,24.4449,25.496,False,False,none,0,True,1657,na_no_pcap,not_captured,True
bounded20-30/crc-split,crc-boundary,bounded,22,1,24,17,20.6219,0.6501,19.9719,20.6219,21.1433,False,False,none,0,True,17,na_no_pcap,not_captured,True
bounded20-30/crc-split,crc-boundary,bounded,22,2,21,17,23.6472,0.414,23.2332,23.6472,24.1067,False,False,none,0,True,17,na_no_pcap,not_captured,True
bounded20-30/crc-split,crc-boundary,bounded,22,3,24,17,24.535,0.4056,24.1293,24.535,25.0041,False,False,none,0,True,17,na_no_pcap,not_captured,True
bounded20-30/crc-split,crc-boundary,bounded,22,4,18,2407,25.9845,0.5696,25.415,25.9845,26.1956,False,False,none,0,True,2407,na_no_pcap,not_captured,True
bounded20-30/crc-split,crc-boundary,bounded,22,5,15,1657,23.4136,0.641,22.7726,23.4136,24.5057,False,False,none,0,True,1657,na_no_pcap,not_captured,True
bounded20-30/crc-split,crc-boundary,bounded,23,1,24,17,22.092,0.6486,21.4434,22.092,22.3347,False,False,none,0,True,17,na_no_pcap,not_captured,True
bounded20-30/crc-split,crc-boundary,bounded,23,2,21,17,21.6635,0.377,21.2865,21.6635,22.3949,False,False,none,0,True,17,na_no_pcap,not_captured,True
bounded20-30/crc-split,crc-boundary,bounded,23,3,24,17,21.9795,0.3948,21.5846,21.9795,22.4474,False,False,none,0,True,17,na_no_pcap,not_captured,True
bounded20-30/crc-split,crc-boundary,bounded,23,4,18,2407,27.1213,0.561,26.5603,27.1213,27.5322,False,False,none,0,True,2407,na_no_pcap,not_captured,True
bounded20-30/crc-split,crc-boundary,bounded,23,5,15,1657,23.0722,0.566,22.5062,23.0722,23.9194,False,False,none,0,True,1657,na_no_pcap,not_captured,True
bounded20-30/crc-split,crc-boundary,bounded,24,1,24,17,24.7705,0.6457,24.1248,24.7705,25.264,False,False,none,0,True,17,na_no_pcap,not_captured,True
bounded20-30/crc-split,crc-boundary,bounded,24,2,21,17,28.6168,0.3816,28.2351,28.6168,29.0795,False,False,none,0,True,17,na_no_pcap,not_captured,True
bounded20-30/crc-split,crc-boundary,bounded,24,3,24,17,21.3839,0.397,20.9869,21.3839,21.9151,False,False,none,0,True,17,na_no_pcap,not_captured,True
bounded20-30/crc-split,crc-boundary,bounded,24,4,18,2407,26.6773,0.5786,26.0987,26.6773,26.9096,False,False,none,0,True,2407,na_no_pcap,not_captured,True
bounded20-30/crc-split,crc-boundary,bounded,24,5,15,1657,24.0739,0.6004,23.4735,24.0739,25.1482,False,False,none,0,True,1657,na_no_pcap,not_captured,True
bounded20-30/crc-split,crc-boundary,bounded,25,1,24,17,24.3693,0.6779,23.6914,24.3693,24.9984,False,False,none,0,True,17,na_no_pcap,not_captured,True
bounded20-30/crc-split,crc-boundary,bounded,25,2,21,17,28.2406,0.4246,27.816,28.2406,28.7946,False,False,none,0,True,17,na_no_pcap,not_captured,True
bounded20-30/crc-split,crc-boundary,bounded,25,3,24,17,28.8875,0.4192,28.4683,28.8875,29.4632,False,False,none,0,True,17,na_no_pcap,not_captured,True
bounded20-30/crc-split,crc-boundary,bounded,25,4,18,2407,20.8992,0.5434,20.3558,20.8992,21.2786,False,False,none,0,True,2407,na_no_pcap,not_captured,True
bounded20-30/crc-split,crc-boundary,bounded,25,5,15,1657,27.5943,0.5726,27.0218,27.5943,28.6804,False,False,none,0,True,1657,na_no_pcap,not_captured,True
bounded20-30/crc-split,crc-boundary,bounded,26,1,24,17,26.5824,0.6373,25.9451,26.5824,27.0988,False,False,none,0,True,17,na_no_pcap,not_captured,True
bounded20-30/crc-split,crc-boundary,bounded,26,2,21,17,20.5883,0.3941,20.1943,20.5883,20.7926,False,False,none,0,True,17,na_no_pcap,not_captured,True
bounded20-30/crc-split,crc-boundary,bounded,26,3,24,17,25.6254,0.3777,25.2477,25.6254,26.0802,False,False,none,0,True,17,na_no_pcap,not_captured,True
bounded20-30/crc-split,crc-boundary,bounded,26,4,18,2407,24.4789,0.5668,23.9121,24.4789,24.7955,False,False,none,0,True,2407,na_no_pcap,not_captured,True
bounded20-30/crc-split,crc-boundary,bounded,26,5,15,1657,22.8741,0.5717,22.3024,22.8741,24.131,False,False,none,0,True,1657,na_no_pcap,not_captured,True
bounded20-30/crc-split,crc-boundary,bounded,27,1,24,17,24.8932,0.6533,24.2398,24.8932,25.4095,False,False,none,0,True,17,na_no_pcap,not_captured,True
bounded20-30/crc-split,crc-boundary,bounded,27,2,21,17,25.5382,0.3824,25.1558,25.5382,25.7444,False,False,none,0,True,17,na_no_pcap,not_captured,True
bounded20-30/crc-split,crc-boundary,bounded,27,3,24,17,24.8138,0.3847,24.4291,24.8138,25.4217,False,False,none,0,True,17,na_no_pcap,not_captured,True
bounded20-30/crc-split,crc-boundary,bounded,27,4,18,2407,26.9593,0.5134,26.4459,26.9593,27.3254,False,False,none,0,True,2407,na_no_pcap,not_captured,True
bounded20-30/crc-split,crc-boundary,bounded,27,5,15,1657,25.0958,0.5649,24.5309,25.0958,26.3588,False,False,none,0,True,1657,na_no_pcap,not_captured,True
bounded20-30/crc-split,crc-boundary,bounded,28,1,24,17,24.9037,0.6097,24.2941,24.9037,25.5231,False,False,none,0,True,17,na_no_pcap,not_captured,True
bounded20-30/crc-split,crc-boundary,bounded,28,2,21,17,24.8971,0.3995,24.4976,24.8971,25.3718,False,False,none,0,True,17,na_no_pcap,not_captured,True
bounded20-30/crc-split,crc-boundary,bounded,28,3,24,17,23.6311,0.4182,23.2128,23.6311,24.1225,False,False,none,0,True,17,na_no_pcap,not_captured,True
bounded20-30/crc-split,crc-boundary,bounded,28,4,18,2407,22.5389,0.5593,21.9797,22.5389,22.7508,False,False,none,0,True,2407,na_no_pcap,not_captured,True
bounded20-30/crc-split,crc-boundary,bounded,28,5,15,1657,24.3509,0.5789,23.772,24.3509,25.581,False,False,none,0,True,1657,na_no_pcap,not_captured,True
bounded20-30/crc-split,crc-boundary,bounded,29,1,24,17,20.2765,0.5994,19.6771,20.2765,20.7605,False,False,none,0,True,17,na_no_pcap,not_captured,True
bounded20-30/crc-split,crc-boundary,bounded,29,2,21,17,20.453,0.3994,20.0536,20.453,20.9476,False,False,none,0,True,17,na_no_pcap,not_captured,True
bounded20-30/crc-split,crc-boundary,bounded,29,3,24,17,20.1841,0.4207,19.7635,20.1841,20.7295,False,False,none,0,True,17,na_no_pcap,not_captured,True
bounded20-30/crc-split,crc-boundary,bounded,29,4,18,2407,20.5285,0.5786,19.9499,20.5285,20.9029,False,False,none,0,True,2407,na_no_pcap,not_captured,True
bounded20-30/crc-split,crc-boundary,bounded,29,5,15,1657,21.0388,0.5495,20.4893,21.0388,22.0688,False,False,none,0,True,1657,na_no_pcap,not_captured,True
bounded20-30/crc-split,crc-boundary,bounded,30,1,24,17,29.497,0.5845,28.9125,29.497,30.1014,False,False,none,0,True,17,na_no_pcap,not_captured,True
bounded20-30/crc-split,crc-boundary,bounded,30,2,21,17,24.7871,0.3783,24.4087,24.7871,25.6028,False,False,none,0,True,17,na_no_pcap,not_captured,True
bounded20-30/crc-split,crc-boundary,bounded,30,3,24,17,21.8786,0.4148,21.4638,21.8786,22.3568,False,False,none,0,True,17,na_no_pcap,not_captured,True
bounded20-30/crc-split,crc-boundary,bounded,30,4,18,2407,20.5099,0.5509,19.959,20.5099,20.7128,False,False,none,0,True,2407,na_no_pcap,not_captured,True
bounded20-30/crc-split,crc-boundary,bounded,30,5,15,1657,20.6877,0.3393,20.3483,20.6877,21.0237,False,False,none,0,True,1657,na_no_pcap,not_captured,True
bounded20-30/crc-split,crc-boundary,bounded,31,1,24,17,28.5645,0.316,28.2486,28.5645,28.7067,False,False,none,0,True,17,na_no_pcap,not_captured,True
bounded20-30/crc-split,crc-boundary,bounded,31,2,21,17,28.2033,0.2239,27.9794,28.2033,28.455,False,False,none,0,True,17,na_no_pcap,not_captured,True
bounded20-30/crc-split,crc-boundary,bounded,31,3,24,17,22.2814,0.224,22.0574,22.2814,22.4982,False,False,none,0,True,17,na_no_pcap,not_captured,True
bounded20-30/crc-split,crc-boundary,bounded,31,4,18,2407,25.9146,0.3283,25.5863,25.9146,26.1237,False,False,none,0,True,2407,na_no_pcap,not_captured,True
bounded20-30/crc-split,crc-boundary,bounded,31,5,15,1657,26.0686,0.4329,25.6357,26.0686,26.4848,False,False,none,0,True,1657,na_no_pcap,not_captured,True
bounded20-30/crc-split,crc-boundary,bounded,32,1,24,17,29.6915,0.5346,29.1569,29.6915,29.8763,False,False,none,0,True,17,na_no_pcap,not_captured,True
bounded20-30/crc-split,crc-boundary,bounded,32,2,21,17,22.9748,0.3766,22.5982,22.9748,23.3529,False,False,none,0,True,17,na_no_pcap,not_captured,True
bounded20-30/crc-split,crc-boundary,bounded,32,3,24,17,20.5714,0.3832,20.1882,20.5714,20.8842,False,False,none,0,True,17,na_no_pcap,not_captured,True
bounded20-30/crc-split,crc-boundary,bounded,32,4,18,2407,28.6812,0.5282,28.1531,28.6812,28.9925,False,False,none,0,True,2407,na_no_pcap,not_captured,True
bounded20-30/crc-split,crc-boundary,bounded,32,5,15,1657,26.5251,0.5107,26.0145,26.5251,26.9669,False,False,none,0,True,1657,na_no_pcap,not_captured,True
bounded20-30/crc-split,crc-boundary,bounded,33,1,24,17,24.069,0.5519,23.517,24.069,24.2403,False,False,none,0,True,17,na_no_pcap,not_captured,True
bounded20-30/crc-split,crc-boundary,bounded,33,2,21,17,24.558,0.3872,24.1708,24.558,24.9496,False,False,none,0,True,17,na_no_pcap,not_captured,True
bounded20-30/crc-split,crc-boundary,bounded,33,3,24,17,27.7738,0.3738,27.4,27.7738,28.0698,False,False,none,0,True,17,na_no_pcap,not_captured,True
bounded20-30/crc-split,crc-boundary,bounded,33,4,18,2407,25.1617,0.5269,24.6348,25.1617,25.4566,False,False,none,0,True,2407,na_no_pcap,not_captured,True
bounded20-30/crc-split,crc-boundary,bounded,33,5,15,1657,28.622,0.5153,28.1068,28.622,29.0992,False,False,none,0,True,1657,na_no_pcap,not_captured,True
bounded20-30/crc-split,crc-boundary,bounded,34,1,24,17,26.8235,0.5104,26.3132,26.8235,26.9545,False,False,none,0,True,17,na_no_pcap,not_captured,True
bounded20-30/crc-split,crc-boundary,bounded,34,2,21,17,21.1234,0.213,20.9103,21.1234,21.3584,False,False,none,0,True,17,na_no_pcap,not_captured,True
bounded20-30/crc-split,crc-boundary,bounded,34,3,24,17,20.806,0.2182,20.5879,20.806,21.0296,False,False,none,0,True,17,na_no_pcap,not_captured,True
bounded20-30/crc-split,crc-boundary,bounded,34,4,18,2407,26.1754,0.3135,25.8619,26.1754,26.3706,False,False,none,0,True,2407,na_no_pcap,not_captured,True
bounded20-30/crc-split,crc-boundary,bounded,34,5,15,1657,26.7574,0.3084,26.4491,26.7574,27.0593,False,False,none,0,True,1657,na_no_pcap,not_captured,True
bounded20-30/crc-split,crc-boundary,bounded,35,1,24,17,24.752,0.5175,24.2345,24.752,24.8893,False,False,none,0,True,17,na_no_pcap,not_captured,True
bounded20-30/crc-split,crc-boundary,bounded,35,2,21,17,27.8333,0.3918,27.4415,27.8333,28.2625,False,False,none,0,True,17,na_no_pcap,not_captured,True
bounded20-30/crc-split,crc-boundary,bounded,35,3,24,17,28.146,0.3653,27.7807,28.146,28.4676,False,False,none,0,True,17,na_no_pcap,not_captured,True
bounded20-30/crc-split,crc-boundary,bounded,35,4,18,2407,29.2243,0.508,28.7163,29.2243,29.5115,False,False,none,0,True,2407,na_no_pcap,not_captured,True
bounded20-30/crc-split,crc-boundary,bounded,35,5,15,1657,25.6994,0.5379,25.1616,25.6994,26.1593,False,False,none,0,True,1657,na_no_pcap,not_captured,True
bounded20-30/crc-split,crc-boundary,bounded,36,1,24,17,27.5363,0.5316,27.0047,27.5363,27.7176,False,False,none,0,True,17,na_no_pcap,not_captured,True
bounded20-30/crc-split,crc-boundary,bounded,36,2,21,17,24.8695,0.3722,24.4973,24.8695,25.2384,False,False,none,0,True,17,na_no_pcap,not_captured,True
bounded20-30/crc-split,crc-boundary,bounded,36,3,24,17,23.8923,0.365,23.5273,23.8923,24.2181,False,False,none,0,True,17,na_no_pcap,not_captured,True
bounded20-30/crc-split,crc-boundary,bounded,36,4,18,2407,24.5959,0.5425,24.0534,24.5959,24.9015,False,False,none,0,True,2407,na_no_pcap,not_captured,True
bounded20-30/crc-split,crc-boundary,bounded,36,5,15,1657,22.0099,0.3008,21.7091,22.0099,22.2699,False,False,none,0,True,1657,na_no_pcap,not_captured,True
bounded20-30/crc-split,crc-boundary,bounded,37,1,24,17,22.4849,0.6292,21.8557,22.4849,22.9836,False,False,none,0,True,17,na_no_pcap,not_captured,True
bounded20-30/crc-split,crc-boundary,bounded,37,2,21,17,25.8436,0.4084,25.4352,25.8436,26.3736,False,False,none,0,True,17,na_no_pcap,not_captured,True
bounded20-30/crc-split,crc-boundary,bounded,37,3,24,17,20.8762,0.427,20.4492,20.8762,21.3863,False,False,none,0,True,17,na_no_pcap,not_captured,True
bounded20-30/crc-split,crc-boundary,bounded,37,4,18,2407,21.7341,0.5808,21.1532,21.7341,22.1347,False,False,none,0,True,2407,na_no_pcap,not_captured,True
bounded20-30/crc-split,crc-boundary,bounded,37,5,15,1657,27.8613,0.5768,27.2845,27.8613,28.5286,False,False,none,0,True,1657,na_no_pcap,not_captured,True
bounded20-30/crc-split,crc-boundary,bounded,38,1,24,17,20.5903,0.6474,19.9429,20.5903,21.2406,False,False,none,0,True,17,na_no_pcap,not_captured,True
bounded20-30/crc-split,crc-boundary,bounded,38,2,21,17,20.5361,0.4389,20.0972,20.5361,21.0086,False,False,none,0,True,17,na_no_pcap,not_captured,True
bounded20-30/crc-split,crc-boundary,bounded,38,3,24,17,23.7394,0.3969,23.3425,23.7394,24.196,False,False,none,0,True,17,na_no_pcap,not_captured,True
bounded20-30/crc-split,crc-boundary,bounded,38,4,18,2407,28.23,0.5861,27.6439,28.23,28.4409,False,False,none,0,True,2407,na_no_pcap,not_captured,True
bounded20-30/crc-split,crc-boundary,bounded,38,5,15,1657,22.2997,0.5731,21.7266,22.2997,22.8454,False,False,none,0,True,1657,na_no_pcap,not_captured,True
bounded20-30/crc-split,crc-boundary,bounded,39,1,24,17,27.6573,0.6255,27.0318,27.6573,27.856,False,False,none,0,True,17,na_no_pcap,not_captured,True
bounded20-30/crc-split,crc-boundary,bounded,39,2,21,17,24.5106,0.3727,24.1379,24.5106,24.9111,False,False,none,0,True,17,na_no_pcap,not_captured,True
bounded20-30/crc-split,crc-boundary,bounded,39,3,24,17,25.9723,0.3651,25.6072,25.9723,26.2929,False,False,none,0,True,17,na_no_pcap,not_captured,True
bounded20-30/crc-split,crc-boundary,bounded,39,4,18,2407,29.5019,0.5652,28.9367,29.5019,29.8084,False,False,none,0,True,2407,na_no_pcap,not_captured,True
bounded20-30/crc-split,crc-boundary,bounded,39,5,15,1657,28.5169,0.5679,27.949,28.5169,29.1667,False,False,none,0,True,1657,na_no_pcap,not_captured,True
bounded20-30/crc-split,crc-boundary,bounded,40,1,24,17,23.8844,0.6698,23.2147,23.8844,24.4132,False,False,none,0,True,17,na_no_pcap,not_captured,True
bounded20-30/crc-split,crc-boundary,bounded,40,2,21,17,21.9225,0.4213,21.5012,21.9225,22.4012,False,False,none,0,True,17,na_no_pcap,not_captured,True
bounded20-30/crc-split,crc-boundary,bounded,40,3,24,17,26.8217,0.3938,26.4279,26.8217,27.083,False,False,none,0,True,17,na_no_pcap,not_captured,True
bounded20-30/crc-split,crc-boundary,bounded,40,4,18,2407,29.2335,0.5548,28.6787,29.2335,29.567,False,False,none,0,True,2407,na_no_pcap,not_captured,True
bounded20-30/crc-split,crc-boundary,bounded,40,5,15,1657,25.0573,0.5736,24.4837,25.0573,26.0665,False,False,none,0,True,1657,na_no_pcap,not_captured,True
bounded20-30/crc-split,crc-boundary,bounded,41,1,24,17,25.9257,0.6218,25.3039,25.9257,26.4359,False,False,none,0,True,17,na_no_pcap,not_captured,True
bounded20-30/crc-split,crc-boundary,bounded,41,2,21,17,20.5012,0.3831,20.1181,20.5012,21.0243,False,False,none,0,True,17,na_no_pcap,not_captured,True
bounded20-30/crc-split,crc-boundary,bounded,41,3,24,17,27.6412,0.4126,27.2286,27.6412,28.1321,False,False,none,0,True,17,na_no_pcap,not_captured,True
bounded20-30/crc-split,crc-boundary,bounded,41,4,18,2407,25.2832,0.5629,24.7203,25.2832,25.7795,False,False,none,0,True,2407,na_no_pcap,not_captured,True
bounded20-30/crc-split,crc-boundary,bounded,41,5,15,1657,24.0831,0.5928,23.4903,24.0831,25.1671,False,False,none,0,True,1657,na_no_pcap,not_captured,True
bounded20-30/crc-split,crc-boundary,bounded,42,1,24,17,28.4694,0.6585,27.8109,28.4694,28.9587,False,False,none,0,True,17,na_no_pcap,not_captured,True
bounded20-30/crc-split,crc-boundary,bounded,42,2,21,17,26.0192,0.3903,25.6289,26.0192,26.504,False,False,none,0,True,17,na_no_pcap,not_captured,True
bounded20-30/crc-split,crc-boundary,bounded,42,3,24,17,28.607,0.3883,28.2187,28.607,29.0607,False,False,none,0,True,17,na_no_pcap,not_captured,True
bounded20-30/crc-split,crc-boundary,bounded,42,4,18,2407,29.2783,0.5881,28.6902,29.2783,29.4882,False,False,none,0,True,2407,na_no_pcap,not_captured,True
bounded20-30/crc-split,crc-boundary,bounded,42,5,15,1657,25.1318,0.4016,24.7302,25.1318,26.0862,False,False,none,0,True,1657,na_no_pcap,not_captured,True
bounded20-30/crc-split,crc-boundary,bounded,43,1,24,17,26.9542,0.6432,26.311,26.9542,27.6392,False,False,none,0,True,17,na_no_pcap,not_captured,True
bounded20-30/crc-split,crc-boundary,bounded,43,2,21,17,20.0576,0.4509,19.6066,20.0576,20.2526,False,False,none,0,True,17,na_no_pcap,not_captured,True
bounded20-30/crc-split,crc-boundary,bounded,43,3,24,17,28.7248,0.3786,28.3463,28.7248,29.1179,False,False,none,0,True,17,na_no_pcap,not_captured,True
bounded20-30/crc-split,crc-boundary,bounded,43,4,18,2407,21.5181,1.511,20.0071,21.5181,21.9178,False,False,none,0,True,2407,na_no_pcap,not_captured,True
bounded20-30/crc-split,crc-boundary,bounded,43,5,15,1657,22.3449,0.5653,21.7796,22.3449,23.1146,False,False,none,0,True,1657,na_no_pcap,not_captured,True
bounded20-30/crc-split,crc-boundary,bounded,44,1,24,17,27.5018,0.6382,26.8636,27.5018,28.0154,False,False,none,0,True,17,na_no_pcap,not_captured,True
bounded20-30/crc-split,crc-boundary,bounded,44,2,21,17,20.6423,0.3958,20.2465,20.6423,21.1263,False,False,none,0,True,17,na_no_pcap,not_captured,True
bounded20-30/crc-split,crc-boundary,bounded,44,3,24,17,21.9617,0.4267,21.535,21.9617,22.5045,False,False,none,0,True,17,na_no_pcap,not_captured,True
bounded20-30/crc-split,crc-boundary,bounded,44,4,18,2407,26.0126,0.5853,25.4273,26.0126,26.2461,False,False,none,0,True,2407,na_no_pcap,not_captured,True
bounded20-30/crc-split,crc-boundary,bounded,44,5,15,1657,26.594,0.5692,26.0248,26.594,27.5126,False,False,none,0,True,1657,na_no_pcap,not_captured,True
bounded20-30/crc-split,crc-boundary,bounded,45,1,24,17,27.2604,0.7031,26.5574,27.2604,27.7765,False,False,none,0,True,17,na_no_pcap,not_captured,True
bounded20-30/crc-split,crc-boundary,bounded,45,2,21,17,29.5422,0.3907,29.1515,29.5422,30.0158,False,False,none,0,True,17,na_no_pcap,not_captured,True
bounded20-30/crc-split,crc-boundary,bounded,45,3,24,17,26.0466,0.3883,25.6583,26.0466,26.512,False,False,none,0,True,17,na_no_pcap,not_captured,True
bounded20-30/crc-split,crc-boundary,bounded,45,4,18,2407,23.5873,0.5496,23.0377,23.5873,23.9922,False,False,none,0,True,2407,na_no_pcap,not_captured,True
bounded20-30/crc-split,crc-boundary,bounded,45,5,15,1657,24.7586,0.5795,24.1791,24.7586,25.5908,False,False,none,0,True,1657,na_no_pcap,not_captured,True
bounded20-30/crc-split,crc-boundary,bounded,46,1,24,17,23.1711,0.6294,22.5417,23.1711,23.6459,False,False,none,0,True,17,na_no_pcap,not_captured,True
bounded20-30/crc-split,crc-boundary,bounded,46,2,21,17,20.2496,0.387,19.8625,20.2496,20.4723,False,False,none,0,True,17,na_no_pcap,not_captured,True
bounded20-30/crc-split,crc-boundary,bounded,46,3,24,17,23.7341,0.3732,23.3609,23.7341,24.1068,False,False,none,0,True,17,na_no_pcap,not_captured,True
bounded20-30/crc-split,crc-boundary,bounded,46,4,18,2407,22.5988,0.5334,22.0654,22.5988,23.022,False,False,none,0,True,2407,na_no_pcap,not_captured,True
bounded20-30/crc-split,crc-boundary,bounded,46,5,15,1657,21.504,0.5675,20.9365,21.504,22.5951,False,False,none,0,True,1657,na_no_pcap,not_captured,True
bounded20-30/crc-split,crc-boundary,bounded,47,1,24,17,20.7116,0.6173,20.0943,20.7116,20.9321,False,False,none,0,True,17,na_no_pcap,not_captured,True
bounded20-30/crc-split,crc-boundary,bounded,47,2,21,17,25.6034,0.3577,25.2458,25.6034,26.2986,False,False,none,0,True,17,na_no_pcap,not_captured,True
bounded20-30/crc-split,crc-boundary,bounded,47,3,24,17,24.6665,0.379,24.2875,24.6665,25.1291,False,False,none,0,True,17,na_no_pcap,not_captured,True
bounded20-30/crc-split,crc-boundary,bounded,47,4,18,2407,28.4135,0.5256,27.8879,28.4135,28.6161,False,False,none,0,True,2407,na_no_pcap,not_captured,True
bounded20-30/crc-split,crc-boundary,bounded,47,5,15,1657,26.0311,0.6447,25.3864,26.0311,27.1009,False,False,none,0,True,1657,na_no_pcap,not_captured,True
bounded20-30/crc-split,crc-boundary,bounded,48,1,24,17,21.5394,0.6138,20.9256,21.5394,22.0391,False,False,none,0,True,17,na_no_pcap,not_captured,True
bounded20-30/crc-split,crc-boundary,bounded,48,2,21,17,23.2679,0.3803,22.8876,23.2679,23.7116,False,False,none,0,True,17,na_no_pcap,not_captured,True
bounded20-30/crc-split,crc-boundary,bounded,48,3,24,17,20.9913,0.387,20.6043,20.9913,21.476,False,False,none,0,True,17,na_no_pcap,not_captured,True
bounded20-30/crc-split,crc-boundary,bounded,48,4,18,2407,20.2181,0.5672,19.6509,20.2181,20.5909,False,False,none,0,True,2407,na_no_pcap,not_captured,True
bounded20-30/crc-split,crc-boundary,bounded,48,5,15,1657,22.8107,0.548,22.2627,22.8107,23.9961,False,False,none,0,True,1657,na_no_pcap,not_captured,True
bounded20-30/crc-split,crc-boundary,bounded,49,1,24,17,25.7557,0.6149,25.1408,25.7557,26.3621,False,False,none,0,True,17,na_no_pcap,not_captured,True
bounded20-30/crc-split,crc-boundary,bounded,49,2,21,17,28.2425,0.3979,27.8446,28.2425,28.7844,False,False,none,0,True,17,na_no_pcap,not_captured,True
bounded20-30/crc-split,crc-boundary,bounded,49,3,24,17,22.658,0.4029,22.255,22.658,23.126,False,False,none,0,True,17,na_no_pcap,not_captured,True
bounded20-30/crc-split,crc-boundary,bounded,49,4,18,2407,26.1169,0.5462,25.5706,26.1169,26.3,False,False,none,0,True,2407,na_no_pcap,not_captured,True
bounded20-30/crc-split,crc-boundary,bounded,49,5,15,1657,23.3106,0.5984,22.7123,23.3106,24.5155,False,False,none,0,True,1657,na_no_pcap,not_captured,True
fixed300-rto105/full (bypass),full,fixed,0,1,24,17,300.0,0.6282,0.0,0.6282,0.8511,False,True,unsafe_target,0,True,17,na_no_pcap,not_captured,True
fixed300-rto105/full (bypass),full,fixed,0,2,21,17,300.0,0.3687,0.0,0.3687,0.7682,False,True,unsafe_target,0,True,17,na_no_pcap,not_captured,True
fixed300-rto105/full (bypass),full,fixed,0,3,24,17,300.0,0.3612,0.0,0.3612,0.7438,False,True,unsafe_target,0,True,17,na_no_pcap,not_captured,True
fixed300-rto105/full (bypass),full,fixed,0,4,18,2407,300.0,0.3425,0.0,0.3425,0.6285,False,True,unsafe_target,0,True,2407,na_no_pcap,not_captured,True
fixed300-rto105/full (bypass),full,fixed,0,5,15,1657,300.0,0.3953,0.0,0.3953,0.7255,False,True,unsafe_target,0,True,1657,na_no_pcap,not_captured,True
fixed300-rto105/full (bypass),full,fixed,1,1,24,17,300.0,0.634,0.0,0.634,0.8584,False,True,unsafe_target,0,True,17,na_no_pcap,not_captured,True
fixed300-rto105/full (bypass),full,fixed,1,2,21,17,300.0,0.3734,0.0,0.3734,0.833,False,True,unsafe_target,0,True,17,na_no_pcap,not_captured,True
fixed300-rto105/full (bypass),full,fixed,1,3,24,17,300.0,0.3621,0.0,0.3621,0.6551,False,True,unsafe_target,0,True,17,na_no_pcap,not_captured,True
fixed300-rto105/full (bypass),full,fixed,1,4,18,2407,300.0,0.3504,0.0,0.3504,0.6261,False,True,unsafe_target,0,True,2407,na_no_pcap,not_captured,True
fixed300-rto105/full (bypass),full,fixed,1,5,15,1657,300.0,0.4022,0.0,0.4022,0.7366,False,True,unsafe_target,0,True,1657,na_no_pcap,not_captured,True
fixed300-rto105/full (bypass),full,fixed,2,1,24,17,300.0,0.615,0.0,0.615,0.8341,False,True,unsafe_target,0,True,17,na_no_pcap,not_captured,True
fixed300-rto105/full (bypass),full,fixed,2,2,21,17,300.0,0.3576,0.0,0.3576,0.7431,False,True,unsafe_target,0,True,17,na_no_pcap,not_captured,True
fixed300-rto105/full (bypass),full,fixed,2,3,24,17,300.0,0.3401,0.0,0.3401,0.6323,False,True,unsafe_target,0,True,17,na_no_pcap,not_captured,True
fixed300-rto105/full (bypass),full,fixed,2,4,18,2407,300.0,0.3355,0.0,0.3355,0.6141,False,True,unsafe_target,0,True,2407,na_no_pcap,not_captured,True
fixed300-rto105/full (bypass),full,fixed,2,5,15,1657,300.0,0.3902,0.0,0.3902,0.7145,False,True,unsafe_target,0,True,1657,na_no_pcap,not_captured,True
fixed300-rto105/full (bypass),full,fixed,3,1,24,17,300.0,0.6203,0.0,0.6203,0.8439,False,True,unsafe_target,0,True,17,na_no_pcap,not_captured,True
fixed300-rto105/full (bypass),full,fixed,3,2,21,17,300.0,0.371,0.0,0.371,0.7658,False,True,unsafe_target,0,True,17,na_no_pcap,not_captured,True
fixed300-rto105/full (bypass),full,fixed,3,3,24,17,300.0,0.3588,0.0,0.3588,0.6578,False,True,unsafe_target,0,True,17,na_no_pcap,not_captured,True
fixed300-rto105/full (bypass),full,fixed,3,4,18,2407,300.0,0.3656,0.0,0.3656,0.6765,False,True,unsafe_target,0,True,2407,na_no_pcap,not_captured,True
fixed300-rto105/full (bypass),full,fixed,3,5,15,1657,300.0,0.4012,0.0,0.4012,0.7378,False,True,unsafe_target,0,True,1657,na_no_pcap,not_captured,True
fixed300-rto105/full (bypass),full,fixed,4,1,24,17,300.0,0.6171,0.0,0.6171,0.8366,False,True,unsafe_target,0,True,17,na_no_pcap,not_captured,True
fixed300-rto105/full (bypass),full,fixed,4,2,21,17,300.0,0.3658,0.0,0.3658,0.7551,False,True,unsafe_target,0,True,17,na_no_pcap,not_captured,True
fixed300-rto105/full (bypass),full,fixed,4,3,24,17,300.0,0.3779,0.0,0.3779,0.6701,False,True,unsafe_target,0,True,17,na_no_pcap,not_captured,True
fixed300-rto105/full (bypass),full,fixed,4,4,18,2407,300.0,0.351,0.0,0.351,0.6355,False,True,unsafe_target,0,True,2407,na_no_pcap,not_captured,True
fixed300-rto105/full (bypass),full,fixed,4,5,15,1657,300.0,0.3993,0.0,0.3993,0.7357,False,True,unsafe_target,0,True,1657,na_no_pcap,not_captured,True
fixed300-rto105/full (bypass),full,fixed,5,1,24,17,300.0,0.6179,0.0,0.6179,0.8324,False,True,unsafe_target,0,True,17,na_no_pcap,not_captured,True
fixed300-rto105/full (bypass),full,fixed,5,2,21,17,300.0,0.3759,0.0,0.3759,0.7765,False,True,unsafe_target,0,True,17,na_no_pcap,not_captured,True
fixed300-rto105/full (bypass),full,fixed,5,3,24,17,300.0,0.3774,0.0,0.3774,0.6916,False,True,unsafe_target,0,True,17,na_no_pcap,not_captured,True
fixed300-rto105/full (bypass),full,fixed,5,4,18,2407,300.0,0.3734,0.0,0.3734,0.6632,False,True,unsafe_target,0,True,2407,na_no_pcap,not_captured,True
fixed300-rto105/full (bypass),full,fixed,5,5,15,1657,300.0,0.4078,0.0,0.4078,0.746,False,True,unsafe_target,0,True,1657,na_no_pcap,not_captured,True
fixed300-rto105/full (bypass),full,fixed,6,1,24,17,300.0,0.6189,0.0,0.6189,0.8401,False,True,unsafe_target,0,True,17,na_no_pcap,not_captured,True
fixed300-rto105/full (bypass),full,fixed,6,2,21,17,300.0,0.4362,0.0,0.4362,0.8412,False,True,unsafe_target,0,True,17,na_no_pcap,not_captured,True
fixed300-rto105/full (bypass),full,fixed,6,3,24,17,300.0,0.3725,0.0,0.3725,0.6832,False,True,unsafe_target,0,True,17,na_no_pcap,not_captured,True
fixed300-rto105/full (bypass),full,fixed,6,4,18,2407,300.0,0.3605,0.0,0.3605,0.6424,False,True,unsafe_target,0,True,2407,na_no_pcap,not_captured,True
fixed300-rto105/full (bypass),full,fixed,6,5,15,1657,300.0,0.4138,0.0,0.4138,0.7532,False,True,unsafe_target,0,True,1657,na_no_pcap,not_captured,True
fixed300-rto105/full (bypass),full,fixed,7,1,24,17,300.0,0.6513,0.0,0.6513,0.8748,False,True,unsafe_target,0,True,17,na_no_pcap,not_captured,True
fixed300-rto105/full (bypass),full,fixed,7,2,21,17,300.0,0.3757,0.0,0.3757,0.7848,False,True,unsafe_target,0,True,17,na_no_pcap,not_captured,True
fixed300-rto105/full (bypass),full,fixed,7,3,24,17,300.0,0.3668,0.0,0.3668,0.6748,False,True,unsafe_target,0,True,17,na_no_pcap,not_captured,True
fixed300-rto105/full (bypass),full,fixed,7,4,18,2407,300.0,0.3658,0.0,0.3658,0.6546,False,True,unsafe_target,0,True,2407,na_no_pcap,not_captured,True
fixed300-rto105/full (bypass),full,fixed,7,5,15,1657,300.0,0.4146,0.0,0.4146,0.7497,False,True,unsafe_target,0,True,1657,na_no_pcap,not_captured,True
fixed300-rto105/full (bypass),full,fixed,8,1,24,17,300.0,0.6396,0.0,0.6396,0.8709,False,True,unsafe_target,0,True,17,na_no_pcap,not_captured,True
fixed300-rto105/full (bypass),full,fixed,8,2,21,17,300.0,0.3832,0.0,0.3832,0.7871,False,True,unsafe_target,0,True,17,na_no_pcap,not_captured,True
fixed300-rto105/full (bypass),full,fixed,8,3,24,17,300.0,0.3666,0.0,0.3666,0.6765,False,True,unsafe_target,0,True,17,na_no_pcap,not_captured,True
fixed300-rto105/full (bypass),full,fixed,8,4,18,2407,300.0,0.3707,0.0,0.3707,0.6577,False,True,unsafe_target,0,True,2407,na_no_pcap,not_captured,True
fixed300-rto105/full (bypass),full,fixed,8,5,15,1657,300.0,0.4166,0.0,0.4166,0.7645,False,True,unsafe_target,0,True,1657,na_no_pcap,not_captured,True
fixed300-rto105/full (bypass),full,fixed,9,1,24,17,300.0,0.6153,0.0,0.6153,0.8355,False,True,unsafe_target,0,True,17,na_no_pcap,not_captured,True
fixed300-rto105/full (bypass),full,fixed,9,2,21,17,300.0,0.3842,0.0,0.3842,0.7809,False,True,unsafe_target,0,True,17,na_no_pcap,not_captured,True
fixed300-rto105/full (bypass),full,fixed,9,3,24,17,300.0,0.3684,0.0,0.3684,0.662,False,True,unsafe_target,0,True,17,na_no_pcap,not_captured,True
fixed300-rto105/full (bypass),full,fixed,9,4,18,2407,300.0,0.3612,0.0,0.3612,0.6478,False,True,unsafe_target,0,True,2407,na_no_pcap,not_captured,True
fixed300-rto105/full (bypass),full,fixed,9,5,15,1657,300.0,0.424,0.0,0.424,0.8158,False,True,unsafe_target,0,True,1657,na_no_pcap,not_captured,True
fixed300-rto105/full (bypass),full,fixed,10,1,24,17,300.0,0.6376,0.0,0.6376,0.8854,False,True,unsafe_target,0,True,17,na_no_pcap,not_captured,True
fixed300-rto105/full (bypass),full,fixed,10,2,21,17,300.0,0.373,0.0,0.373,0.8002,False,True,unsafe_target,0,True,17,na_no_pcap,not_captured,True
fixed300-rto105/full (bypass),full,fixed,10,3,24,17,300.0,0.3766,0.0,0.3766,0.6673,False,True,unsafe_target,0,True,17,na_no_pcap,not_captured,True
fixed300-rto105/full (bypass),full,fixed,10,4,18,2407,300.0,0.3449,0.0,0.3449,0.6384,False,True,unsafe_target,0,True,2407,na_no_pcap,not_captured,True
fixed300-rto105/full (bypass),full,fixed,10,5,15,1657,300.0,0.3977,0.0,0.3977,0.7232,False,True,unsafe_target,0,True,1657,na_no_pcap,not_captured,True
fixed300-rto105/full (bypass),full,fixed,11,1,24,17,300.0,0.2955,0.0,0.2955,0.4097,False,True,unsafe_target,0,True,17,na_no_pcap,not_captured,True
fixed300-rto105/full (bypass),full,fixed,11,2,21,17,300.0,0.1887,0.0,0.1887,0.3785,False,True,unsafe_target,0,True,17,na_no_pcap,not_captured,True
fixed300-rto105/full (bypass),full,fixed,11,3,24,17,300.0,0.1777,0.0,0.1777,0.3365,False,True,unsafe_target,0,True,17,na_no_pcap,not_captured,True
fixed300-rto105/full (bypass),full,fixed,11,4,18,2407,300.0,0.1657,0.0,0.1657,0.2994,False,True,unsafe_target,0,True,2407,na_no_pcap,not_captured,True
fixed300-rto105/full (bypass),full,fixed,11,5,15,1657,300.0,0.1958,0.0,0.1958,0.3534,False,True,unsafe_target,0,True,1657,na_no_pcap,not_captured,True
fixed300-rto105/full (bypass),full,fixed,12,1,24,17,300.0,0.3371,0.0,0.3371,0.4514,False,True,unsafe_target,0,True,17,na_no_pcap,not_captured,True
fixed300-rto105/full (bypass),full,fixed,12,2,21,17,300.0,0.2246,0.0,0.2246,0.439,False,True,unsafe_target,0,True,17,na_no_pcap,not_captured,True
fixed300-rto105/full (bypass),full,fixed,12,3,24,17,300.0,0.217,0.0,0.217,0.3931,False,True,unsafe_target,0,True,17,na_no_pcap,not_captured,True
fixed300-rto105/full (bypass),full,fixed,12,4,18,2407,300.0,0.1765,0.0,0.1765,0.3362,False,True,unsafe_target,0,True,2407,na_no_pcap,not_captured,True
fixed300-rto105/full (bypass),full,fixed,12,5,15,1657,300.0,0.1997,0.0,0.1997,0.3681,False,True,unsafe_target,0,True,1657,na_no_pcap,not_captured,True
fixed300-rto105/full (bypass),full,fixed,13,1,24,17,300.0,0.4232,0.0,0.4232,0.5928,False,True,unsafe_target,0,True,17,na_no_pcap,not_captured,True
fixed300-rto105/full (bypass),full,fixed,13,2,21,17,300.0,0.1596,0.0,0.1596,0.3714,False,True,unsafe_target,0,True,17,na_no_pcap,not_captured,True
fixed300-rto105/full (bypass),full,fixed,13,3,24,17,300.0,0.151,0.0,0.151,0.2816,False,True,unsafe_target,0,True,17,na_no_pcap,not_captured,True
fixed300-rto105/full (bypass),full,fixed,13,4,18,2407,300.0,0.1497,0.0,0.1497,0.2755,False,True,unsafe_target,0,True,2407,na_no_pcap,not_captured,True
fixed300-rto105/full (bypass),full,fixed,13,5,15,1657,300.0,0.1814,0.0,0.1814,0.3341,False,True,unsafe_target,0,True,1657,na_no_pcap,not_captured,True
fixed300-rto105/full (bypass),full,fixed,14,1,24,17,300.0,0.402,0.0,0.402,0.5357,False,True,unsafe_target,0,True,17,na_no_pcap,not_captured,True
fixed300-rto105/full (bypass),full,fixed,14,2,21,17,300.0,0.3344,0.0,0.3344,0.6036,False,True,unsafe_target,0,True,17,na_no_pcap,not_captured,True
fixed300-rto105/full (bypass),full,fixed,14,3,24,17,300.0,0.2756,0.0,0.2756,0.5006,False,True,unsafe_target,0,True,17,na_no_pcap,not_captured,True
fixed300-rto105/full (bypass),full,fixed,14,4,18,2407,300.0,0.2765,0.0,0.2765,0.4942,False,True,unsafe_target,0,True,2407,na_no_pcap,not_captured,True
fixed300-rto105/full (bypass),full,fixed,14,5,15,1657,300.0,0.3051,0.0,0.3051,0.5605,False,True,unsafe_target,0,True,1657,na_no_pcap,not_captured,True
fixed300-rto105/full (bypass),full,fixed,15,1,24,17,300.0,0.3866,0.0,0.3866,0.5322,False,True,unsafe_target,0,True,17,na_no_pcap,not_captured,True
fixed300-rto105/full (bypass),full,fixed,15,2,21,17,300.0,0.278,0.0,0.278,0.5519,False,True,unsafe_target,0,True,17,na_no_pcap,not_captured,True
fixed300-rto105/full (bypass),full,fixed,15,3,24,17,300.0,0.2752,0.0,0.2752,0.4963,False,True,unsafe_target,0,True,17,na_no_pcap,not_captured,True
fixed300-rto105/full (bypass),full,fixed,15,4,18,2407,300.0,0.272,0.0,0.272,0.4868,False,True,unsafe_target,0,True,2407,na_no_pcap,not_captured,True
fixed300-rto105/full (bypass),full,fixed,15,5,15,1657,300.0,0.3105,0.0,0.3105,0.5676,False,True,unsafe_target,0,True,1657,na_no_pcap,not_captured,True
fixed300-rto105/full (bypass),full,fixed,16,1,24,17,300.0,0.394,0.0,0.394,0.5233,False,True,unsafe_target,0,True,17,na_no_pcap,not_captured,True
fixed300-rto105/full (bypass),full,fixed,16,2,21,17,300.0,0.305,0.0,0.305,0.5694,False,True,unsafe_target,0,True,17,na_no_pcap,not_captured,True
fixed300-rto105/full (bypass),full,fixed,16,3,24,17,300.0,0.2791,0.0,0.2791,0.508,False,True,unsafe_target,0,True,17,na_no_pcap,not_captured,True
fixed300-rto105/full (bypass),full,fixed,16,4,18,2407,300.0,0.2781,0.0,0.2781,0.4995,False,True,unsafe_target,0,True,2407,na_no_pcap,not_captured,True
fixed300-rto105/full (bypass),full,fixed,16,5,15,1657,300.0,0.3159,0.0,0.3159,0.5788,False,True,unsafe_target,0,True,1657,na_no_pcap,not_captured,True
fixed300-rto105/full (bypass),full,fixed,17,1,24,17,300.0,0.5438,0.0,0.5438,0.7378,False,True,unsafe_target,0,True,17,na_no_pcap,not_captured,True
fixed300-rto105/full (bypass),full,fixed,17,2,21,17,300.0,0.3834,0.0,0.3834,0.7472,False,True,unsafe_target,0,True,17,na_no_pcap,not_captured,True
fixed300-rto105/full (bypass),full,fixed,17,3,24,17,300.0,0.3827,0.0,0.3827,0.6697,False,True,unsafe_target,0,True,17,na_no_pcap,not_captured,True
fixed300-rto105/full (bypass),full,fixed,17,4,18,2407,300.0,0.4521,0.0,0.4521,0.7515,False,True,unsafe_target,0,True,2407,na_no_pcap,not_captured,True
fixed300-rto105/full (bypass),full,fixed,17,5,15,1657,300.0,0.3329,0.0,0.3329,0.6676,False,True,unsafe_target,0,True,1657,na_no_pcap,not_captured,True
fixed300-rto105/full (bypass),full,fixed,18,1,24,17,300.0,0.3461,0.0,0.3461,0.4717,False,True,unsafe_target,0,True,17,na_no_pcap,not_captured,True
fixed300-rto105/full (bypass),full,fixed,18,2,21,17,300.0,0.1825,0.0,0.1825,0.3723,False,True,unsafe_target,0,True,17,na_no_pcap,not_captured,True
fixed300-rto105/full (bypass),full,fixed,18,3,24,17,300.0,0.1788,0.0,0.1788,0.3267,False,True,unsafe_target,0,True,17,na_no_pcap,not_captured,True
fixed300-rto105/full (bypass),full,fixed,18,4,18,2407,300.0,0.1777,0.0,0.1777,0.32,False,True,unsafe_target,0,True,2407,na_no_pcap,not_captured,True
fixed300-rto105/full (bypass),full,fixed,18,5,15,1657,300.0,0.199,0.0,0.199,0.345,False,True,unsafe_target,0,True,1657,na_no_pcap,not_captured,True
fixed300-rto105/full (bypass),full,fixed,19,1,24,17,300.0,0.3191,0.0,0.3191,0.4271,False,True,unsafe_target,0,True,17,na_no_pcap,not_captured,True
fixed300-rto105/full (bypass),full,fixed,19,2,21,17,300.0,0.2278,0.0,0.2278,0.4406,False,True,unsafe_target,0,True,17,na_no_pcap,not_captured,True
fixed300-rto105/full (bypass),full,fixed,19,3,24,17,300.0,0.2313,0.0,0.2313,0.4161,False,True,unsafe_target,0,True,17,na_no_pcap,not_captured,True
fixed300-rto105/full (bypass),full,fixed,19,4,18,2407,300.0,0.1726,0.0,0.1726,0.3344,False,True,unsafe_target,0,True,2407,na_no_pcap,not_captured,True
fixed300-rto105/full (bypass),full,fixed,19,5,15,1657,300.0,0.1968,0.0,0.1968,0.3559,False,True,unsafe_target,0,True,1657,na_no_pcap,not_captured,True
fixed300-rto105/full (bypass),full,fixed,20,1,24,17,300.0,0.4089,0.0,0.4089,0.5673,False,True,unsafe_target,0,True,17,na_no_pcap,not_captured,True
fixed300-rto105/full (bypass),full,fixed,20,2,21,17,300.0,0.3001,0.0,0.3001,0.5694,False,True,unsafe_target,0,True,17,na_no_pcap,not_captured,True
fixed300-rto105/full (bypass),full,fixed,20,3,24,17,300.0,0.3569,0.0,0.3569,0.6413,False,True,unsafe_target,0,True,17,na_no_pcap,not_captured,True
fixed300-rto105/full (bypass),full,fixed,20,4,18,2407,300.0,0.3734,0.0,0.3734,0.6771,False,True,unsafe_target,0,True,2407,na_no_pcap,not_captured,True
fixed300-rto105/full (bypass),full,fixed,20,5,15,1657,300.0,0.4117,0.0,0.4117,0.7642,False,True,unsafe_target,0,True,1657,na_no_pcap,not_captured,True
fixed300-rto105/full (bypass),full,fixed,21,1,24,17,300.0,0.5839,0.0,0.5839,0.7789,False,True,unsafe_target,0,True,17,na_no_pcap,not_captured,True
fixed300-rto105/full (bypass),full,fixed,21,2,21,17,300.0,0.3613,0.0,0.3613,0.7331,False,True,unsafe_target,0,True,17,na_no_pcap,not_captured,True
fixed300-rto105/full (bypass),full,fixed,21,3,24,17,300.0,0.3662,0.0,0.3662,0.6898,False,True,unsafe_target,0,True,17,na_no_pcap,not_captured,True
fixed300-rto105/full (bypass),full,fixed,21,4,18,2407,300.0,0.3464,0.0,0.3464,0.6266,False,True,unsafe_target,0,True,2407,na_no_pcap,not_captured,True
fixed300-rto105/full (bypass),full,fixed,21,5,15,1657,300.0,0.4046,0.0,0.4046,0.7435,False,True,unsafe_target,0,True,1657,na_no_pcap,not_captured,True
fixed300-rto105/full (bypass),full,fixed,22,1,24,17,300.0,0.6281,0.0,0.6281,0.8707,False,True,unsafe_target,0,True,17,na_no_pcap,not_captured,True
fixed300-rto105/full (bypass),full,fixed,22,2,21,17,300.0,0.376,0.0,0.376,0.7743,False,True,unsafe_target,0,True,17,na_no_pcap,not_captured,True
fixed300-rto105/full (bypass),full,fixed,22,3,24,17,300.0,0.3841,0.0,0.3841,0.6804,False,True,unsafe_target,0,True,17,na_no_pcap,not_captured,True
fixed300-rto105/full (bypass),full,fixed,22,4,18,2407,300.0,0.3475,0.0,0.3475,0.6372,False,True,unsafe_target,0,True,2407,na_no_pcap,not_captured,True
fixed300-rto105/full (bypass),full,fixed,22,5,15,1657,300.0,0.4057,0.0,0.4057,0.735,False,True,unsafe_target,0,True,1657,na_no_pcap,not_captured,True
fixed300-rto105/full (bypass),full,fixed,23,1,24,17,300.0,0.6113,0.0,0.6113,0.8517,False,True,unsafe_target,0,True,17,na_no_pcap,not_captured,True
fixed300-rto105/full (bypass),full,fixed,23,2,21,17,300.0,0.3647,0.0,0.3647,0.7481,False,True,unsafe_target,0,True,17,na_no_pcap,not_captured,True
fixed300-rto105/full (bypass),full,fixed,23,3,24,17,300.0,0.3779,0.0,0.3779,0.6778,False,True,unsafe_target,0,True,17,na_no_pcap,not_captured,True
fixed300-rto105/full (bypass),full,fixed,23,4,18,2407,300.0,0.352,0.0,0.352,0.6399,False,True,unsafe_target,0,True,2407,na_no_pcap,not_captured,True
fixed300-rto105/full (bypass),full,fixed,23,5,15,1657,300.0,0.3924,0.0,0.3924,0.7245,False,True,unsafe_target,0,True,1657,na_no_pcap,not_captured,True
fixed300-rto105/full (bypass),full,fixed,24,1,24,17,300.0,0.601,0.0,0.601,0.7948,False,True,unsafe_target,0,True,17,na_no_pcap,not_captured,True
fixed300-rto105/full (bypass),full,fixed,24,2,21,17,300.0,0.3767,0.0,0.3767,0.7646,False,True,unsafe_target,0,True,17,na_no_pcap,not_captured,True
fixed300-rto105/full (bypass),full,fixed,24,3,24,17,300.0,0.3763,0.0,0.3763,0.6747,False,True,unsafe_target,0,True,17,na_no_pcap,not_captured,True
fixed300-rto105/full (bypass),full,fixed,24,4,18,2407,300.0,0.3628,0.0,0.3628,0.6785,False,True,unsafe_target,0,True,2407,na_no_pcap,not_captured,True
fixed300-rto105/full (bypass),full,fixed,24,5,15,1657,300.0,0.4163,0.0,0.4163,0.7566,False,True,unsafe_target,0,True,1657,na_no_pcap,not_captured,True
fixed300-rto105/full (bypass),full,fixed,25,1,24,17,300.0,0.5266,0.0,0.5266,0.7001,False,True,unsafe_target,0,True,17,na_no_pcap,not_captured,True
fixed300-rto105/full (bypass),full,fixed,25,2,21,17,300.0,0.3875,0.0,0.3875,0.7414,False,True,unsafe_target,0,True,17,na_no_pcap,not_captured,True
fixed300-rto105/full (bypass),full,fixed,25,3,24,17,300.0,0.3751,0.0,0.3751,0.6757,False,True,unsafe_target,0,True,17,na_no_pcap,not_captured,True
fixed300-rto105/full (bypass),full,fixed,25,4,18,2407,300.0,0.4159,0.0,0.4159,0.7204,False,True,unsafe_target,0,True,2407,na_no_pcap,not_captured,True
fixed300-rto105/full (bypass),full,fixed,25,5,15,1657,300.0,0.375,0.0,0.375,0.7022,False,True,unsafe_target,0,True,1657,na_no_pcap,not_captured,True
fixed300-rto105/full (bypass),full,fixed,26,1,24,17,300.0,0.4304,0.0,0.4304,0.5922,False,True,unsafe_target,0,True,17,na_no_pcap,not_captured,True
fixed300-rto105/full (bypass),full,fixed,26,2,21,17,300.0,0.2191,0.0,0.2191,0.468,False,True,unsafe_target,0,True,17,na_no_pcap,not_captured,True
fixed300-rto105/full (bypass),full,fixed,26,3,24,17,300.0,0.2072,0.0,0.2072,0.3848,False,True,unsafe_target,0,True,17,na_no_pcap,not_captured,True
fixed300-rto105/full (bypass),full,fixed,26,4,18,2407,300.0,0.2048,0.0,0.2048,0.3759,False,True,unsafe_target,0,True,2407,na_no_pcap,not_captured,True
fixed300-rto105/full (bypass),full,fixed,26,5,15,1657,300.0,0.2364,0.0,0.2364,0.4327,False,True,unsafe_target,0,True,1657,na_no_pcap,not_captured,True
fixed300-rto105/full (bypass),full,fixed,27,1,24,17,300.0,0.5991,0.0,0.5991,0.813,False,True,unsafe_target,0,True,17,na_no_pcap,not_captured,True
fixed300-rto105/full (bypass),full,fixed,27,2,21,17,300.0,0.3744,0.0,0.3744,0.7833,False,True,unsafe_target,0,True,17,na_no_pcap,not_captured,True
fixed300-rto105/full (bypass),full,fixed,27,3,24,17,300.0,0.3608,0.0,0.3608,0.6616,False,True,unsafe_target,0,True,17,na_no_pcap,not_captured,True
fixed300-rto105/full (bypass),full,fixed,27,4,18,2407,300.0,0.3546,0.0,0.3546,0.6406,False,True,unsafe_target,0,True,2407,na_no_pcap,not_captured,True
fixed300-rto105/full (bypass),full,fixed,27,5,15,1657,300.0,0.405,0.0,0.405,0.742,False,True,unsafe_target,0,True,1657,na_no_pcap,not_captured,True
fixed300-rto105/full (bypass),full,fixed,28,1,24,17,300.0,0.5165,0.0,0.5165,0.6876,False,True,unsafe_target,0,True,17,na_no_pcap,not_captured,True
fixed300-rto105/full (bypass),full,fixed,28,2,21,17,300.0,0.426,0.0,0.426,0.7816,False,True,unsafe_target,0,True,17,na_no_pcap,not_captured,True
fixed300-rto105/full (bypass),full,fixed,28,3,24,17,300.0,0.3843,0.0,0.3843,0.6874,False,True,unsafe_target,0,True,17,na_no_pcap,not_captured,True
fixed300-rto105/full (bypass),full,fixed,28,4,18,2407,300.0,0.3742,0.0,0.3742,0.6667,False,True,unsafe_target,0,True,2407,na_no_pcap,not_captured,True
fixed300-rto105/full (bypass),full,fixed,28,5,15,1657,300.0,0.4293,0.0,0.4293,0.7791,False,True,unsafe_target,0,True,1657,na_no_pcap,not_captured,True
fixed300-rto105/full (bypass),full,fixed,29,1,24,17,300.0,0.5032,0.0,0.5032,0.6731,False,True,unsafe_target,0,True,17,na_no_pcap,not_captured,True
fixed300-rto105/full (bypass),full,fixed,29,2,21,17,300.0,0.3731,0.0,0.3731,0.7275,False,True,unsafe_target,0,True,17,na_no_pcap,not_captured,True
fixed300-rto105/full (bypass),full,fixed,29,3,24,17,300.0,0.4471,0.0,0.4471,0.7525,False,True,unsafe_target,0,True,17,na_no_pcap,not_captured,True
fixed300-rto105/full (bypass),full,fixed,29,4,18,2407,300.0,0.3674,0.0,0.3674,0.6603,False,True,unsafe_target,0,True,2407,na_no_pcap,not_captured,True
fixed300-rto105/full (bypass),full,fixed,29,5,15,1657,300.0,0.4137,0.0,0.4137,0.7584,False,True,unsafe_target,0,True,1657,na_no_pcap,not_captured,True
fixed300-rto105/full (bypass),full,fixed,30,1,24,17,300.0,0.5227,0.0,0.5227,0.7139,False,True,unsafe_target,0,True,17,na_no_pcap,not_captured,True
fixed300-rto105/full (bypass),full,fixed,30,2,21,17,300.0,0.3721,0.0,0.3721,0.7342,False,True,unsafe_target,0,True,17,na_no_pcap,not_captured,True
fixed300-rto105/full (bypass),full,fixed,30,3,24,17,300.0,0.3686,0.0,0.3686,0.6612,False,True,unsafe_target,0,True,17,na_no_pcap,not_captured,True
fixed300-rto105/full (bypass),full,fixed,30,4,18,2407,300.0,0.3708,0.0,0.3708,0.6656,False,True,unsafe_target,0,True,2407,na_no_pcap,not_captured,True
fixed300-rto105/full (bypass),full,fixed,30,5,15,1657,300.0,0.4151,0.0,0.4151,0.7549,False,True,unsafe_target,0,True,1657,na_no_pcap,not_captured,True
fixed300-rto105/full (bypass),full,fixed,31,1,24,17,300.0,0.3894,0.0,0.3894,0.5162,False,True,unsafe_target,0,True,17,na_no_pcap,not_captured,True
fixed300-rto105/full (bypass),full,fixed,31,2,21,17,300.0,0.2127,0.0,0.2127,0.4564,False,True,unsafe_target,0,True,17,na_no_pcap,not_captured,True
fixed300-rto105/full (bypass),full,fixed,31,3,24,17,300.0,0.2058,0.0,0.2058,0.3782,False,True,unsafe_target,0,True,17,na_no_pcap,not_captured,True
fixed300-rto105/full (bypass),full,fixed,31,4,18,2407,300.0,0.2066,0.0,0.2066,0.3794,False,True,unsafe_target,0,True,2407,na_no_pcap,not_captured,True
fixed300-rto105/full (bypass),full,fixed,31,5,15,1657,300.0,0.2355,0.0,0.2355,0.4248,False,True,unsafe_target,0,True,1657,na_no_pcap,not_captured,True
fixed300-rto105/full (bypass),full,fixed,32,1,24,17,300.0,0.5168,0.0,0.5168,0.7106,False,True,unsafe_target,0,True,17,na_no_pcap,not_captured,True
fixed300-rto105/full (bypass),full,fixed,32,2,21,17,300.0,0.3732,0.0,0.3732,0.7812,False,True,unsafe_target,0,True,17,na_no_pcap,not_captured,True
fixed300-rto105/full (bypass),full,fixed,32,3,24,17,300.0,0.3509,0.0,0.3509,0.6513,False,True,unsafe_target,0,True,17,na_no_pcap,not_captured,True
fixed300-rto105/full (bypass),full,fixed,32,4,18,2407,300.0,0.3477,0.0,0.3477,0.6234,False,True,unsafe_target,0,True,2407,na_no_pcap,not_captured,True
fixed300-rto105/full (bypass),full,fixed,32,5,15,1657,300.0,0.3868,0.0,0.3868,0.7124,False,True,unsafe_target,0,True,1657,na_no_pcap,not_captured,True
fixed300-rto105/full (bypass),full,fixed,33,1,24,17,300.0,0.3945,0.0,0.3945,0.538,False,True,unsafe_target,0,True,17,na_no_pcap,not_captured,True
fixed300-rto105/full (bypass),full,fixed,33,2,21,17,300.0,0.2113,0.0,0.2113,0.444,False,True,unsafe_target,0,True,17,na_no_pcap,not_captured,True
fixed300-rto105/full (bypass),full,fixed,33,3,24,17,300.0,0.2117,0.0,0.2117,0.3804,False,True,unsafe_target,0,True,17,na_no_pcap,not_captured,True
fixed300-rto105/full (bypass),full,fixed,33,4,18,2407,300.0,0.2053,0.0,0.2053,0.3735,False,True,unsafe_target,0,True,2407,na_no_pcap,not_captured,True
fixed300-rto105/full (bypass),full,fixed,33,5,15,1657,300.0,0.23,0.0,0.23,0.4257,False,True,unsafe_target,0,True,1657,na_no_pcap,not_captured,True
fixed300-rto105/full (bypass),full,fixed,34,1,24,17,300.0,0.6288,0.0,0.6288,0.876,False,True,unsafe_target,0,True,17,na_no_pcap,not_captured,True
fixed300-rto105/full (bypass),full,fixed,34,2,21,17,300.0,0.3573,0.0,0.3573,0.7495,False,True,unsafe_target,0,True,17,na_no_pcap,not_captured,True
fixed300-rto105/full (bypass),full,fixed,34,3,24,17,300.0,0.3835,0.0,0.3835,0.6821,False,True,unsafe_target,0,True,17,na_no_pcap,not_captured,True
fixed300-rto105/full (bypass),full,fixed,34,4,18,2407,300.0,0.3484,0.0,0.3484,0.6406,False,True,unsafe_target,0,True,2407,na_no_pcap,not_captured,True
fixed300-rto105/full (bypass),full,fixed,34,5,15,1657,300.0,0.4032,0.0,0.4032,0.7261,False,True,unsafe_target,0,True,1657,na_no_pcap,not_captured,True
fixed300-rto105/full (bypass),full,fixed,35,1,24,17,300.0,0.6142,0.0,0.6142,0.837,False,True,unsafe_target,0,True,17,na_no_pcap,not_captured,True
fixed300-rto105/full (bypass),full,fixed,35,2,21,17,300.0,0.367,0.0,0.367,0.7649,False,True,unsafe_target,0,True,17,na_no_pcap,not_captured,True
fixed300-rto105/full (bypass),full,fixed,35,3,24,17,300.0,0.3638,0.0,0.3638,0.6975,False,True,unsafe_target,0,True,17,na_no_pcap,not_captured,True
fixed300-rto105/full (bypass),full,fixed,35,4,18,2407,300.0,0.3002,0.0,0.3002,0.5713,False,True,unsafe_target,0,True,2407,na_no_pcap,not_captured,True
fixed300-rto105/full (bypass),full,fixed,35,5,15,1657,300.0,0.3132,0.0,0.3132,0.573,False,True,unsafe_target,0,True,1657,na_no_pcap,not_captured,True
fixed300-rto105/full (bypass),full,fixed,36,1,24,17,300.0,0.6218,0.0,0.6218,0.8411,False,True,unsafe_target,0,True,17,na_no_pcap,not_captured,True
fixed300-rto105/full (bypass),full,fixed,36,2,21,17,300.0,0.37,0.0,0.37,0.7802,False,True,unsafe_target,0,True,17,na_no_pcap,not_captured,True
fixed300-rto105/full (bypass),full,fixed,36,3,24,17,300.0,0.3655,0.0,0.3655,0.7055,False,True,unsafe_target,0,True,17,na_no_pcap,not_captured,True
fixed300-rto105/full (bypass),full,fixed,36,4,18,2407,300.0,0.3662,0.0,0.3662,0.6479,False,True,unsafe_target,0,True,2407,na_no_pcap,not_captured,True
fixed300-rto105/full (bypass),full,fixed,36,5,15,1657,300.0,0.4048,0.0,0.4048,0.7447,False,True,unsafe_target,0,True,1657,na_no_pcap,not_captured,True
fixed300-rto105/full (bypass),full,fixed,37,1,24,17,300.0,0.6066,0.0,0.6066,0.8214,False,True,unsafe_target,0,True,17,na_no_pcap,not_captured,True
fixed300-rto105/full (bypass),full,fixed,37,2,21,17,300.0,0.3805,0.0,0.3805,0.7981,False,True,unsafe_target,0,True,17,na_no_pcap,not_captured,True
fixed300-rto105/full (bypass),full,fixed,37,3,24,17,300.0,0.3515,0.0,0.3515,0.6478,False,True,unsafe_target,0,True,17,na_no_pcap,not_captured,True
fixed300-rto105/full (bypass),full,fixed,37,4,18,2407,300.0,0.3539,0.0,0.3539,0.642,False,True,unsafe_target,0,True,2407,na_no_pcap,not_captured,True
fixed300-rto105/full (bypass),full,fixed,37,5,15,1657,300.0,0.4047,0.0,0.4047,0.7428,False,True,unsafe_target,0,True,1657,na_no_pcap,not_captured,True
fixed300-rto105/full (bypass),full,fixed,38,1,24,17,300.0,0.6007,0.0,0.6007,0.8261,False,True,unsafe_target,0,True,17,na_no_pcap,not_captured,True
fixed300-rto105/full (bypass),full,fixed,38,2,21,17,300.0,0.3751,0.0,0.3751,0.7913,False,True,unsafe_target,0,True,17,na_no_pcap,not_captured,True
fixed300-rto105/full (bypass),full,fixed,38,3,24,17,300.0,0.3612,0.0,0.3612,0.6574,False,True,unsafe_target,0,True,17,na_no_pcap,not_captured,True
fixed300-rto105/full (bypass),full,fixed,38,4,18,2407,300.0,0.3595,0.0,0.3595,0.6459,False,True,unsafe_target,0,True,2407,na_no_pcap,not_captured,True
fixed300-rto105/full (bypass),full,fixed,38,5,15,1657,300.0,0.4104,0.0,0.4104,0.7482,False,True,unsafe_target,0,True,1657,na_no_pcap,not_captured,True
fixed300-rto105/full (bypass),full,fixed,39,1,24,17,300.0,0.6263,0.0,0.6263,0.8449,False,True,unsafe_target,0,True,17,na_no_pcap,not_captured,True
fixed300-rto105/full (bypass),full,fixed,39,2,21,17,300.0,0.3782,0.0,0.3782,0.7783,False,True,unsafe_target,0,True,17,na_no_pcap,not_captured,True
fixed300-rto105/full (bypass),full,fixed,39,3,24,17,300.0,0.365,0.0,0.365,0.6628,False,True,unsafe_target,0,True,17,na_no_pcap,not_captured,True
fixed300-rto105/full (bypass),full,fixed,39,4,18,2407,300.0,0.3585,0.0,0.3585,0.6485,False,True,unsafe_target,0,True,2407,na_no_pcap,not_captured,True
fixed300-rto105/full (bypass),full,fixed,39,5,15,1657,300.0,0.4077,0.0,0.4077,0.7479,False,True,unsafe_target,0,True,1657,na_no_pcap,not_captured,True
fixed300-rto105/full (bypass),full,fixed,40,1,24,17,300.0,0.6303,0.0,0.6303,0.8492,False,True,unsafe_target,0,True,17,na_no_pcap,not_captured,True
fixed300-rto105/full (bypass),full,fixed,40,2,21,17,300.0,0.3726,0.0,0.3726,0.7686,False,True,unsafe_target,0,True,17,na_no_pcap,not_captured,True
fixed300-rto105/full (bypass),full,fixed,40,3,24,17,300.0,0.3797,0.0,0.3797,0.6784,False,True,unsafe_target,0,True,17,na_no_pcap,not_captured,True
fixed300-rto105/full (bypass),full,fixed,40,4,18,2407,300.0,0.3642,0.0,0.3642,0.6499,False,True,unsafe_target,0,True,2407,na_no_pcap,not_captured,True
fixed300-rto105/full (bypass),full,fixed,40,5,15,1657,300.0,0.4562,0.0,0.4562,0.7975,False,True,unsafe_target,0,True,1657,na_no_pcap,not_captured,True
fixed300-rto105/full (bypass),full,fixed,41,1,24,17,300.0,0.6253,0.0,0.6253,0.8462,False,True,unsafe_target,0,True,17,na_no_pcap,not_captured,True
fixed300-rto105/full (bypass),full,fixed,41,2,21,17,300.0,0.3703,0.0,0.3703,0.7604,False,True,unsafe_target,0,True,17,na_no_pcap,not_captured,True
fixed300-rto105/full (bypass),full,fixed,41,3,24,17,300.0,0.3582,0.0,0.3582,0.653,False,True,unsafe_target,0,True,17,na_no_pcap,not_captured,True
fixed300-rto105/full (bypass),full,fixed,41,4,18,2407,300.0,0.3691,0.0,0.3691,0.6934,False,True,unsafe_target,0,True,2407,na_no_pcap,not_captured,True
fixed300-rto105/full (bypass),full,fixed,41,5,15,1657,300.0,0.4125,0.0,0.4125,0.7503,False,True,unsafe_target,0,True,1657,na_no_pcap,not_captured,True
fixed300-rto105/full (bypass),full,fixed,42,1,24,17,300.0,0.6731,0.0,0.6731,0.8952,False,True,unsafe_target,0,True,17,na_no_pcap,not_captured,True
fixed300-rto105/full (bypass),full,fixed,42,2,21,17,300.0,0.4026,0.0,0.4026,0.8149,False,True,unsafe_target,0,True,17,na_no_pcap,not_captured,True
fixed300-rto105/full (bypass),full,fixed,42,3,24,17,300.0,0.3655,0.0,0.3655,0.6783,False,True,unsafe_target,0,True,17,na_no_pcap,not_captured,True
fixed300-rto105/full (bypass),full,fixed,42,4,18,2407,300.0,0.3742,0.0,0.3742,0.6555,False,True,unsafe_target,0,True,2407,na_no_pcap,not_captured,True
fixed300-rto105/full (bypass),full,fixed,42,5,15,1657,300.0,0.4217,0.0,0.4217,0.7635,False,True,unsafe_target,0,True,1657,na_no_pcap,not_captured,True
fixed300-rto105/full (bypass),full,fixed,43,1,24,17,300.0,0.6576,0.0,0.6576,0.8867,False,True,unsafe_target,0,True,17,na_no_pcap,not_captured,True
fixed300-rto105/full (bypass),full,fixed,43,2,21,17,300.0,0.3784,0.0,0.3784,0.7815,False,True,unsafe_target,0,True,17,na_no_pcap,not_captured,True
fixed300-rto105/full (bypass),full,fixed,43,3,24,17,300.0,0.3717,0.0,0.3717,0.6709,False,True,unsafe_target,0,True,17,na_no_pcap,not_captured,True
fixed300-rto105/full (bypass),full,fixed,43,4,18,2407,300.0,0.3566,0.0,0.3566,0.6487,False,True,unsafe_target,0,True,2407,na_no_pcap,not_captured,True
fixed300-rto105/full (bypass),full,fixed,43,5,15,1657,300.0,0.4164,0.0,0.4164,0.7575,False,True,unsafe_target,0,True,1657,na_no_pcap,not_captured,True
fixed300-rto105/full (bypass),full,fixed,44,1,24,17,300.0,0.6258,0.0,0.6258,0.8459,False,True,unsafe_target,0,True,17,na_no_pcap,not_captured,True
fixed300-rto105/full (bypass),full,fixed,44,2,21,17,300.0,0.3819,0.0,0.3819,0.7818,False,True,unsafe_target,0,True,17,na_no_pcap,not_captured,True
fixed300-rto105/full (bypass),full,fixed,44,3,24,17,300.0,0.3812,0.0,0.3812,0.6777,False,True,unsafe_target,0,True,17,na_no_pcap,not_captured,True
fixed300-rto105/full (bypass),full,fixed,44,4,18,2407,300.0,0.3673,0.0,0.3673,0.6568,False,True,unsafe_target,0,True,2407,na_no_pcap,not_captured,True
fixed300-rto105/full (bypass),full,fixed,44,5,15,1657,300.0,0.4187,0.0,0.4187,0.7611,False,True,unsafe_target,0,True,1657,na_no_pcap,not_captured,True
fixed300-rto105/full (bypass),full,fixed,45,1,24,17,300.0,0.6217,0.0,0.6217,0.8444,False,True,unsafe_target,0,True,17,na_no_pcap,not_captured,True
fixed300-rto105/full (bypass),full,fixed,45,2,21,17,300.0,0.3669,0.0,0.3669,0.7586,False,True,unsafe_target,0,True,17,na_no_pcap,not_captured,True
fixed300-rto105/full (bypass),full,fixed,45,3,24,17,300.0,0.3581,0.0,0.3581,0.6611,False,True,unsafe_target,0,True,17,na_no_pcap,not_captured,True
fixed300-rto105/full (bypass),full,fixed,45,4,18,2407,300.0,0.3966,0.0,0.3966,1.0196,False,True,unsafe_target,0,True,2407,na_no_pcap,not_captured,True
fixed300-rto105/full (bypass),full,fixed,45,5,15,1657,300.0,0.3372,0.0,0.3372,0.4747,False,True,unsafe_target,0,True,1657,na_no_pcap,not_captured,True
fixed300-rto105/full (bypass),full,fixed,46,1,24,17,300.0,0.6255,0.0,0.6255,0.8721,False,True,unsafe_target,0,True,17,na_no_pcap,not_captured,True
fixed300-rto105/full (bypass),full,fixed,46,2,21,17,300.0,0.363,0.0,0.363,0.7585,False,True,unsafe_target,0,True,17,na_no_pcap,not_captured,True
fixed300-rto105/full (bypass),full,fixed,46,3,24,17,300.0,0.3648,0.0,0.3648,0.6776,False,True,unsafe_target,0,True,17,na_no_pcap,not_captured,True
fixed300-rto105/full (bypass),full,fixed,46,4,18,2407,300.0,0.3519,0.0,0.3519,0.6398,False,True,unsafe_target,0,True,2407,na_no_pcap,not_captured,True
fixed300-rto105/full (bypass),full,fixed,46,5,15,1657,300.0,0.3934,0.0,0.3934,0.7241,False,True,unsafe_target,0,True,1657,na_no_pcap,not_captured,True
fixed300-rto105/full (bypass),full,fixed,47,1,24,17,300.0,0.605,0.0,0.605,0.8249,False,True,unsafe_target,0,True,17,na_no_pcap,not_captured,True
fixed300-rto105/full (bypass),full,fixed,47,2,21,17,300.0,0.3606,0.0,0.3606,0.7651,False,True,unsafe_target,0,True,17,na_no_pcap,not_captured,True
fixed300-rto105/full (bypass),full,fixed,47,3,24,17,300.0,0.3492,0.0,0.3492,0.6406,False,True,unsafe_target,0,True,17,na_no_pcap,not_captured,True
fixed300-rto105/full (bypass),full,fixed,47,4,18,2407,300.0,0.3574,0.0,0.3574,0.6407,False,True,unsafe_target,0,True,2407,na_no_pcap,not_captured,True
fixed300-rto105/full (bypass),full,fixed,47,5,15,1657,300.0,0.3997,0.0,0.3997,0.7379,False,True,unsafe_target,0,True,1657,na_no_pcap,not_captured,True
fixed300-rto105/full (bypass),full,fixed,48,1,24,17,300.0,0.5993,0.0,0.5993,0.8053,False,True,unsafe_target,0,True,17,na_no_pcap,not_captured,True
fixed300-rto105/full (bypass),full,fixed,48,2,21,17,300.0,0.362,0.0,0.362,0.741,False,True,unsafe_target,0,True,17,na_no_pcap,not_captured,True
fixed300-rto105/full (bypass),full,fixed,48,3,24,17,300.0,0.3429,0.0,0.3429,0.627,False,True,unsafe_target,0,True,17,na_no_pcap,not_captured,True
fixed300-rto105/full (bypass),full,fixed,48,4,18,2407,300.0,0.3651,0.0,0.3651,0.6394,False,True,unsafe_target,0,True,2407,na_no_pcap,not_captured,True
fixed300-rto105/full (bypass),full,fixed,48,5,15,1657,300.0,0.3442,0.0,0.3442,0.7057,False,True,unsafe_target,0,True,1657,na_no_pcap,not_captured,True
fixed300-rto105/full (bypass),full,fixed,49,1,24,17,300.0,0.4734,0.0,0.4734,0.6714,False,True,unsafe_target,0,True,17,na_no_pcap,not_captured,True
fixed300-rto105/full (bypass),full,fixed,49,2,21,17,300.0,0.2117,0.0,0.2117,0.4859,False,True,unsafe_target,0,True,17,na_no_pcap,not_captured,True
fixed300-rto105/full (bypass),full,fixed,49,3,24,17,300.0,0.204,0.0,0.204,0.37,False,True,unsafe_target,0,True,17,na_no_pcap,not_captured,True
fixed300-rto105/full (bypass),full,fixed,49,4,18,2407,300.0,0.2549,0.0,0.2549,0.4319,False,True,unsafe_target,0,True,2407,na_no_pcap,not_captured,True
fixed300-rto105/full (bypass),full,fixed,49,5,15,1657,300.0,0.3,0.0,0.3,0.5655,False,True,unsafe_target,0,True,1657,na_no_pcap,not_captured,True
