[16:20:29] PROBE START  host=192.168.10.7 local=192.168.10.100 port=20000 master=1 outstation=10
ms(1784823629113) INFO    manager - Starting thread (0)
2026-07-23 16:20:29,115	run_master	DEBUG	Created SOE CSV with header: /tmp/native_class0_soe.csv
[16:20:29] ENABLE (opens the single TCP session)
channel state change: OPENING
channel state change: OPEN
2026-07-23 16:20:29,117	run_master	DEBUG	In ExperimentMasterApplication.OnOpen
2026-07-23 16:20:29,118	run_master	DEBUG	In ExperimentMasterApplication.AssignClassDuringStartup
2026-07-23 16:20:29,118	run_master	DEBUG	In ExperimentMasterApplication.AssignClassDuringStartup
2026-07-23 16:20:29,118	run_master	DEBUG	In ExperimentMasterApplication.AssignClassDuringStartup
channel state change: CLOSED
2026-07-23 16:20:29,118	run_master	DEBUG	In ExperimentMasterApplication.OnClose
channel state change: OPENING
channel state change: OPEN
2026-07-23 16:20:29,120	run_master	DEBUG	In ExperimentMasterApplication.OnOpen
2026-07-23 16:20:29,120	run_master	DEBUG	In ExperimentMasterApplication.AssignClassDuringStartup
2026-07-23 16:20:29,120	run_master	DEBUG	In ExperimentMasterApplication.AssignClassDuringStartup
2026-07-23 16:20:29,120	run_master	DEBUG	In ExperimentMasterApplication.AssignClassDuringStartup
channel state change: CLOSED
2026-07-23 16:20:29,121	run_master	DEBUG	In ExperimentMasterApplication.OnClose
channel state change: OPENING
channel state change: OPEN
2026-07-23 16:20:29,123	run_master	DEBUG	In ExperimentMasterApplication.OnOpen
2026-07-23 16:20:29,123	run_master	DEBUG	In ExperimentMasterApplication.AssignClassDuringStartup
2026-07-23 16:20:29,123	run_master	DEBUG	In ExperimentMasterApplication.AssignClassDuringStartup
2026-07-23 16:20:29,123	run_master	DEBUG	In ExperimentMasterApplication.AssignClassDuringStartup
channel state change: CLOSED
2026-07-23 16:20:29,124	run_master	DEBUG	In ExperimentMasterApplication.OnClose
channel state change: OPENING
channel state change: OPEN
2026-07-23 16:20:29,126	run_master	DEBUG	In ExperimentMasterApplication.OnOpen
2026-07-23 16:20:29,126	run_master	DEBUG	In ExperimentMasterApplication.AssignClassDuringStartup
2026-07-23 16:20:29,126	run_master	DEBUG	In ExperimentMasterApplication.AssignClassDuringStartup
2026-07-23 16:20:29,126	run_master	DEBUG	In ExperimentMasterApplication.AssignClassDuringStartup
channel state change: CLOSED
2026-07-23 16:20:29,127	run_master	DEBUG	In ExperimentMasterApplication.OnClose
channel state change: OPENING
channel state change: OPEN
2026-07-23 16:20:29,128	run_master	DEBUG	In ExperimentMasterApplication.OnOpen
2026-07-23 16:20:29,129	run_master	DEBUG	In ExperimentMasterApplication.AssignClassDuringStartup
2026-07-23 16:20:29,129	run_master	DEBUG	In ExperimentMasterApplication.AssignClassDuringStartup
2026-07-23 16:20:29,129	run_master	DEBUG	In ExperimentMasterApplication.AssignClassDuringStartup
channel state change: CLOSED
2026-07-23 16:20:29,130	run_master	DEBUG	In ExperimentMasterApplication.OnClose
channel state change: OPENING
channel state change: OPEN
2026-07-23 16:20:29,132	run_master	DEBUG	In ExperimentMasterApplication.OnOpen
2026-07-23 16:20:29,132	run_master	DEBUG	In ExperimentMasterApplication.AssignClassDuringStartup
2026-07-23 16:20:29,132	run_master	DEBUG	In ExperimentMasterApplication.AssignClassDuringStartup
2026-07-23 16:20:29,132	run_master	DEBUG	In ExperimentMasterApplication.AssignClassDuringStartup
channel state change: CLOSED
2026-07-23 16:20:29,134	run_master	DEBUG	In ExperimentMasterApplication.OnClose
channel state change: OPENING
channel state change: OPEN
2026-07-23 16:20:29,135	run_master	DEBUG	In ExperimentMasterApplication.OnOpen
2026-07-23 16:20:29,135	run_master	DEBUG	In ExperimentMasterApplication.AssignClassDuringStartup
2026-07-23 16:20:29,135	run_master	DEBUG	In ExperimentMasterApplication.AssignClassDuringStartup
2026-07-23 16:20:29,135	run_master	DEBUG	In ExperimentMasterApplication.AssignClassDuringStartup
channel state change: CLOSED
2026-07-23 16:20:29,136	run_master	DEBUG	In ExperimentMasterApplication.OnClose
channel state change: OPENING
channel state change: OPEN
2026-07-23 16:20:29,138	run_master	DEBUG	In ExperimentMasterApplication.OnOpen
2026-07-23 16:20:29,139	run_master	DEBUG	In ExperimentMasterApplication.AssignClassDuringStartup
2026-07-23 16:20:29,139	run_master	DEBUG	In ExperimentMasterApplication.AssignClassDuringStartup
2026-07-23 16:20:29,139	run_master	DEBUG	In ExperimentMasterApplication.AssignClassDuringStartup
channel state change: CLOSED
2026-07-23 16:20:29,139	run_master	DEBUG	In ExperimentMasterApplication.OnClose
channel state change: OPENING
channel state change: OPEN
2026-07-23 16:20:29,141	run_master	DEBUG	In ExperimentMasterApplication.OnOpen
2026-07-23 16:20:29,141	run_master	DEBUG	In ExperimentMasterApplication.AssignClassDuringStartup
2026-07-23 16:20:29,141	run_master	DEBUG	In ExperimentMasterApplication.AssignClassDuringStartup
2026-07-23 16:20:29,141	run_master	DEBUG	In ExperimentMasterApplication.AssignClassDuringStartup
channel state change: CLOSED
2026-07-23 16:20:29,143	run_master	DEBUG	In ExperimentMasterApplication.OnClose
channel state change: OPENING
channel state change: OPEN
2026-07-23 16:20:29,144	run_master	DEBUG	In ExperimentMasterApplication.OnOpen
2026-07-23 16:20:29,144	run_master	DEBUG	In ExperimentMasterApplication.AssignClassDuringStartup
2026-07-23 16:20:29,145	run_master	DEBUG	In ExperimentMasterApplication.AssignClassDuringStartup
2026-07-23 16:20:29,145	run_master	DEBUG	In ExperimentMasterApplication.AssignClassDuringStartup
channel state change: CLOSED
2026-07-23 16:20:29,145	run_master	DEBUG	In ExperimentMasterApplication.OnClose
channel state change: OPENING
channel state change: OPEN
2026-07-23 16:20:29,151	run_master	DEBUG	In ExperimentMasterApplication.OnOpen
2026-07-23 16:20:29,152	run_master	DEBUG	In ExperimentMasterApplication.AssignClassDuringStartup
2026-07-23 16:20:29,152	run_master	DEBUG	In ExperimentMasterApplication.AssignClassDuringStartup
2026-07-23 16:20:29,152	run_master	DEBUG	In ExperimentMasterApplication.AssignClassDuringStartup
channel state change: CLOSED
2026-07-23 16:20:29,152	run_master	DEBUG	In ExperimentMasterApplication.OnClose
channel state change: OPENING
channel state change: OPEN
2026-07-23 16:20:29,155	run_master	DEBUG	In ExperimentMasterApplication.OnOpen
2026-07-23 16:20:29,155	run_master	DEBUG	In ExperimentMasterApplication.AssignClassDuringStartup
2026-07-23 16:20:29,155	run_master	DEBUG	In ExperimentMasterApplication.AssignClassDuringStartup
2026-07-23 16:20:29,155	run_master	DEBUG	In ExperimentMasterApplication.AssignClassDuringStartup
channel state change: CLOSED
2026-07-23 16:20:29,155	run_master	DEBUG	In ExperimentMasterApplication.OnClose
channel state change: OPENING
channel state change: OPEN
2026-07-23 16:20:29,157	run_master	DEBUG	In ExperimentMasterApplication.OnOpen
2026-07-23 16:20:29,158	run_master	DEBUG	In ExperimentMasterApplication.AssignClassDuringStartup
2026-07-23 16:20:29,158	run_master	DEBUG	In ExperimentMasterApplication.AssignClassDuringStartup
2026-07-23 16:20:29,158	run_master	DEBUG	In ExperimentMasterApplication.AssignClassDuringStartup
channel state change: CLOSED
2026-07-23 16:20:29,159	run_master	DEBUG	In ExperimentMasterApplication.OnClose
channel state change: OPENING
channel state change: OPEN
2026-07-23 16:20:29,161	run_master	DEBUG	In ExperimentMasterApplication.OnOpen
2026-07-23 16:20:29,161	run_master	DEBUG	In ExperimentMasterApplication.AssignClassDuringStartup
2026-07-23 16:20:29,161	run_master	DEBUG	In ExperimentMasterApplication.AssignClassDuringStartup
2026-07-23 16:20:29,161	run_master	DEBUG	In ExperimentMasterApplication.AssignClassDuringStartup
channel state change: CLOSED
2026-07-23 16:20:29,161	run_master	DEBUG	In ExperimentMasterApplication.OnClose
channel state change: OPENING
channel state change: OPEN
2026-07-23 16:20:29,164	run_master	DEBUG	In ExperimentMasterApplication.OnOpen
2026-07-23 16:20:29,164	run_master	DEBUG	In ExperimentMasterApplication.AssignClassDuringStartup
2026-07-23 16:20:29,164	run_master	DEBUG	In ExperimentMasterApplication.AssignClassDuringStartup
2026-07-23 16:20:29,164	run_master	DEBUG	In ExperimentMasterApplication.AssignClassDuringStartup
channel state change: CLOSED
2026-07-23 16:20:29,165	run_master	DEBUG	In ExperimentMasterApplication.OnClose
channel state change: OPENING
channel state change: OPEN
2026-07-23 16:20:29,167	run_master	DEBUG	In ExperimentMasterApplication.OnOpen
2026-07-23 16:20:29,167	run_master	DEBUG	In ExperimentMasterApplication.AssignClassDuringStartup
2026-07-23 16:20:29,167	run_master	DEBUG	In ExperimentMasterApplication.AssignClassDuringStartup
2026-07-23 16:20:29,168	run_master	DEBUG	In ExperimentMasterApplication.AssignClassDuringStartup
channel state change: CLOSED
2026-07-23 16:20:29,172	run_master	DEBUG	In ExperimentMasterApplication.OnClose
channel state change: OPENING
channel state change: OPEN
2026-07-23 16:20:29,173	run_master	DEBUG	In ExperimentMasterApplication.OnOpen
2026-07-23 16:20:29,174	run_master	DEBUG	In ExperimentMasterApplication.AssignClassDuringStartup
2026-07-23 16:20:29,174	run_master	DEBUG	In ExperimentMasterApplication.AssignClassDuringStartup
2026-07-23 16:20:29,174	run_master	DEBUG	In ExperimentMasterApplication.AssignClassDuringStartup
channel state change: CLOSED
2026-07-23 16:20:29,177	run_master	DEBUG	In ExperimentMasterApplication.OnClose
channel state change: OPENING
channel state change: OPEN
2026-07-23 16:20:29,180	run_master	DEBUG	In ExperimentMasterApplication.OnOpen
2026-07-23 16:20:29,180	run_master	DEBUG	In ExperimentMasterApplication.AssignClassDuringStartup
2026-07-23 16:20:29,180	run_master	DEBUG	In ExperimentMasterApplication.AssignClassDuringStartup
2026-07-23 16:20:29,180	run_master	DEBUG	In ExperimentMasterApplication.AssignClassDuringStartup
channel state change: CLOSED
2026-07-23 16:20:29,182	run_master	DEBUG	In ExperimentMasterApplication.OnClose
channel state change: OPENING
channel state change: OPEN
2026-07-23 16:20:29,184	run_master	DEBUG	In ExperimentMasterApplication.OnOpen
2026-07-23 16:20:29,185	run_master	DEBUG	In ExperimentMasterApplication.AssignClassDuringStartup
2026-07-23 16:20:29,185	run_master	DEBUG	In ExperimentMasterApplication.AssignClassDuringStartup
2026-07-23 16:20:29,185	run_master	DEBUG	In ExperimentMasterApplication.AssignClassDuringStartup
channel state change: CLOSED
2026-07-23 16:20:29,189	run_master	DEBUG	In ExperimentMasterApplication.OnClose
channel state change: OPENING
channel state change: OPEN
2026-07-23 16:20:29,190	run_master	DEBUG	In ExperimentMasterApplication.OnOpen
2026-07-23 16:20:29,190	run_master	DEBUG	In ExperimentMasterApplication.AssignClassDuringStartup
2026-07-23 16:20:29,190	run_master	DEBUG	In ExperimentMasterApplication.AssignClassDuringStartup
2026-07-23 16:20:29,190	run_master	DEBUG	In ExperimentMasterApplication.AssignClassDuringStartup
channel state change: CLOSED
2026-07-23 16:20:29,192	run_master	DEBUG	In ExperimentMasterApplication.OnClose
channel state change: OPENING
channel state change: OPEN
2026-07-23 16:20:29,194	run_master	DEBUG	In ExperimentMasterApplication.OnOpen
2026-07-23 16:20:29,194	run_master	DEBUG	In ExperimentMasterApplication.AssignClassDuringStartup
2026-07-23 16:20:29,194	run_master	DEBUG	In ExperimentMasterApplication.AssignClassDuringStartup
2026-07-23 16:20:29,194	run_master	DEBUG	In ExperimentMasterApplication.AssignClassDuringStartup
channel state change: CLOSED
2026-07-23 16:20:29,197	run_master	DEBUG	In ExperimentMasterApplication.OnClose
channel state change: OPENING
channel state change: OPEN
2026-07-23 16:20:29,198	run_master	DEBUG	In ExperimentMasterApplication.OnOpen
2026-07-23 16:20:29,199	run_master	DEBUG	In ExperimentMasterApplication.AssignClassDuringStartup
2026-07-23 16:20:29,199	run_master	DEBUG	In ExperimentMasterApplication.AssignClassDuringStartup
2026-07-23 16:20:29,199	run_master	DEBUG	In ExperimentMasterApplication.AssignClassDuringStartup
channel state change: CLOSED
2026-07-23 16:20:29,202	run_master	DEBUG	In ExperimentMasterApplication.OnClose
channel state change: OPENING
channel state change: OPEN
2026-07-23 16:20:29,203	run_master	DEBUG	In ExperimentMasterApplication.OnOpen
2026-07-23 16:20:29,204	run_master	DEBUG	In ExperimentMasterApplication.AssignClassDuringStartup
2026-07-23 16:20:29,204	run_master	DEBUG	In ExperimentMasterApplication.AssignClassDuringStartup
2026-07-23 16:20:29,204	run_master	DEBUG	In ExperimentMasterApplication.AssignClassDuringStartup
channel state change: CLOSED
2026-07-23 16:20:29,207	run_master	DEBUG	In ExperimentMasterApplication.OnClose
channel state change: OPENING
channel state change: OPEN
2026-07-23 16:20:29,209	run_master	DEBUG	In ExperimentMasterApplication.OnOpen
2026-07-23 16:20:29,209	run_master	DEBUG	In ExperimentMasterApplication.AssignClassDuringStartup
2026-07-23 16:20:29,210	run_master	DEBUG	In ExperimentMasterApplication.AssignClassDuringStartup
2026-07-23 16:20:29,210	run_master	DEBUG	In ExperimentMasterApplication.AssignClassDuringStartup
channel state change: CLOSED
2026-07-23 16:20:29,213	run_master	DEBUG	In ExperimentMasterApplication.OnClose
channel state change: OPENING
channel state change: OPEN
2026-07-23 16:20:29,215	run_master	DEBUG	In ExperimentMasterApplication.OnOpen
2026-07-23 16:20:29,215	run_master	DEBUG	In ExperimentMasterApplication.AssignClassDuringStartup
2026-07-23 16:20:29,215	run_master	DEBUG	In ExperimentMasterApplication.AssignClassDuringStartup
2026-07-23 16:20:29,215	run_master	DEBUG	In ExperimentMasterApplication.AssignClassDuringStartup
channel state change: CLOSED
2026-07-23 16:20:29,218	run_master	DEBUG	In ExperimentMasterApplication.OnClose
channel state change: OPENING
channel state change: OPEN
2026-07-23 16:20:29,219	run_master	DEBUG	In ExperimentMasterApplication.OnOpen
2026-07-23 16:20:29,219	run_master	DEBUG	In ExperimentMasterApplication.AssignClassDuringStartup
2026-07-23 16:20:29,219	run_master	DEBUG	In ExperimentMasterApplication.AssignClassDuringStartup
2026-07-23 16:20:29,220	run_master	DEBUG	In ExperimentMasterApplication.AssignClassDuringStartup
channel state change: CLOSED
2026-07-23 16:20:29,222	run_master	DEBUG	In ExperimentMasterApplication.OnClose
channel state change: OPENING
channel state change: OPEN
2026-07-23 16:20:29,223	run_master	DEBUG	In ExperimentMasterApplication.OnOpen
2026-07-23 16:20:29,224	run_master	DEBUG	In ExperimentMasterApplication.AssignClassDuringStartup
2026-07-23 16:20:29,224	run_master	DEBUG	In ExperimentMasterApplication.AssignClassDuringStartup
2026-07-23 16:20:29,224	run_master	DEBUG	In ExperimentMasterApplication.AssignClassDuringStartup
channel state change: CLOSED
2026-07-23 16:20:29,227	run_master	DEBUG	In ExperimentMasterApplication.OnClose
channel state change: OPENING
channel state change: OPEN
2026-07-23 16:20:29,228	run_master	DEBUG	In ExperimentMasterApplication.OnOpen
2026-07-23 16:20:29,229	run_master	DEBUG	In ExperimentMasterApplication.AssignClassDuringStartup
2026-07-23 16:20:29,229	run_master	DEBUG	In ExperimentMasterApplication.AssignClassDuringStartup
2026-07-23 16:20:29,229	run_master	DEBUG	In ExperimentMasterApplication.AssignClassDuringStartup
channel state change: CLOSED
2026-07-23 16:20:29,232	run_master	DEBUG	In ExperimentMasterApplication.OnClose
channel state change: OPENING
channel state change: OPEN
2026-07-23 16:20:29,234	run_master	DEBUG	In ExperimentMasterApplication.OnOpen
2026-07-23 16:20:29,235	run_master	DEBUG	In ExperimentMasterApplication.AssignClassDuringStartup
2026-07-23 16:20:29,235	run_master	DEBUG	In ExperimentMasterApplication.AssignClassDuringStartup
2026-07-23 16:20:29,235	run_master	DEBUG	In ExperimentMasterApplication.AssignClassDuringStartup
channel state change: CLOSED
2026-07-23 16:20:29,238	run_master	DEBUG	In ExperimentMasterApplication.OnClose
channel state change: OPENING
channel state change: OPEN
2026-07-23 16:20:29,239	run_master	DEBUG	In ExperimentMasterApplication.OnOpen
2026-07-23 16:20:29,240	run_master	DEBUG	In ExperimentMasterApplication.AssignClassDuringStartup
2026-07-23 16:20:29,240	run_master	DEBUG	In ExperimentMasterApplication.AssignClassDuringStartup
2026-07-23 16:20:29,240	run_master	DEBUG	In ExperimentMasterApplication.AssignClassDuringStartup
channel state change: CLOSED
2026-07-23 16:20:29,242	run_master	DEBUG	In ExperimentMasterApplication.OnClose
channel state change: OPENING
channel state change: OPEN
2026-07-23 16:20:29,244	run_master	DEBUG	In ExperimentMasterApplication.OnOpen
2026-07-23 16:20:29,244	run_master	DEBUG	In ExperimentMasterApplication.AssignClassDuringStartup
2026-07-23 16:20:29,244	run_master	DEBUG	In ExperimentMasterApplication.AssignClassDuringStartup
2026-07-23 16:20:29,244	run_master	DEBUG	In ExperimentMasterApplication.AssignClassDuringStartup
channel state change: CLOSED
2026-07-23 16:20:29,248	run_master	DEBUG	In ExperimentMasterApplication.OnClose
channel state change: OPENING
channel state change: OPEN
2026-07-23 16:20:29,249	run_master	DEBUG	In ExperimentMasterApplication.OnOpen
2026-07-23 16:20:29,249	run_master	DEBUG	In ExperimentMasterApplication.AssignClassDuringStartup
2026-07-23 16:20:29,249	run_master	DEBUG	In ExperimentMasterApplication.AssignClassDuringStartup
2026-07-23 16:20:29,249	run_master	DEBUG	In ExperimentMasterApplication.AssignClassDuringStartup
channel state change: CLOSED
2026-07-23 16:20:29,256	run_master	DEBUG	In ExperimentMasterApplication.OnClose
channel state change: OPENING
channel state change: OPEN
2026-07-23 16:20:29,258	run_master	DEBUG	In ExperimentMasterApplication.OnOpen
2026-07-23 16:20:29,258	run_master	DEBUG	In ExperimentMasterApplication.AssignClassDuringStartup
2026-07-23 16:20:29,258	run_master	DEBUG	In ExperimentMasterApplication.AssignClassDuringStartup
2026-07-23 16:20:29,258	run_master	DEBUG	In ExperimentMasterApplication.AssignClassDuringStartup
channel state change: CLOSED
2026-07-23 16:20:29,263	run_master	DEBUG	In ExperimentMasterApplication.OnClose
channel state change: OPENING
channel state change: OPEN
2026-07-23 16:20:29,264	run_master	DEBUG	In ExperimentMasterApplication.OnOpen
2026-07-23 16:20:29,265	run_master	DEBUG	In ExperimentMasterApplication.AssignClassDuringStartup
2026-07-23 16:20:29,265	run_master	DEBUG	In ExperimentMasterApplication.AssignClassDuringStartup
2026-07-23 16:20:29,265	run_master	DEBUG	In ExperimentMasterApplication.AssignClassDuringStartup
channel state change: CLOSED
2026-07-23 16:20:29,267	run_master	DEBUG	In ExperimentMasterApplication.OnClose
channel state change: OPENING
channel state change: OPEN
2026-07-23 16:20:29,269	run_master	DEBUG	In ExperimentMasterApplication.OnOpen
2026-07-23 16:20:29,269	run_master	DEBUG	In ExperimentMasterApplication.AssignClassDuringStartup
2026-07-23 16:20:29,269	run_master	DEBUG	In ExperimentMasterApplication.AssignClassDuringStartup
2026-07-23 16:20:29,269	run_master	DEBUG	In ExperimentMasterApplication.AssignClassDuringStartup
channel state change: CLOSED
2026-07-23 16:20:29,272	run_master	DEBUG	In ExperimentMasterApplication.OnClose
channel state change: OPENING
channel state change: OPEN
2026-07-23 16:20:29,273	run_master	DEBUG	In ExperimentMasterApplication.OnOpen
2026-07-23 16:20:29,274	run_master	DEBUG	In ExperimentMasterApplication.AssignClassDuringStartup
2026-07-23 16:20:29,274	run_master	DEBUG	In ExperimentMasterApplication.AssignClassDuringStartup
2026-07-23 16:20:29,274	run_master	DEBUG	In ExperimentMasterApplication.AssignClassDuringStartup
channel state change: CLOSED
2026-07-23 16:20:29,278	run_master	DEBUG	In ExperimentMasterApplication.OnClose
channel state change: OPENING
channel state change: OPEN
2026-07-23 16:20:29,280	run_master	DEBUG	In ExperimentMasterApplication.OnOpen
2026-07-23 16:20:29,280	run_master	DEBUG	In ExperimentMasterApplication.AssignClassDuringStartup
2026-07-23 16:20:29,280	run_master	DEBUG	In ExperimentMasterApplication.AssignClassDuringStartup
2026-07-23 16:20:29,280	run_master	DEBUG	In ExperimentMasterApplication.AssignClassDuringStartup
channel state change: CLOSED
2026-07-23 16:20:29,282	run_master	DEBUG	In ExperimentMasterApplication.OnClose
channel state change: OPENING
channel state change: OPEN
2026-07-23 16:20:29,284	run_master	DEBUG	In ExperimentMasterApplication.OnOpen
2026-07-23 16:20:29,285	run_master	DEBUG	In ExperimentMasterApplication.AssignClassDuringStartup
2026-07-23 16:20:29,285	run_master	DEBUG	In ExperimentMasterApplication.AssignClassDuringStartup
2026-07-23 16:20:29,285	run_master	DEBUG	In ExperimentMasterApplication.AssignClassDuringStartup
channel state change: CLOSED
2026-07-23 16:20:29,288	run_master	DEBUG	In ExperimentMasterApplication.OnClose
channel state change: OPENING
channel state change: OPEN
2026-07-23 16:20:29,290	run_master	DEBUG	In ExperimentMasterApplication.OnOpen
2026-07-23 16:20:29,290	run_master	DEBUG	In ExperimentMasterApplication.AssignClassDuringStartup
2026-07-23 16:20:29,290	run_master	DEBUG	In ExperimentMasterApplication.AssignClassDuringStartup
2026-07-23 16:20:29,290	run_master	DEBUG	In ExperimentMasterApplication.AssignClassDuringStartup
channel state change: CLOSED
2026-07-23 16:20:29,292	run_master	DEBUG	In ExperimentMasterApplication.OnClose
channel state change: OPENING
channel state change: OPEN
2026-07-23 16:20:29,294	run_master	DEBUG	In ExperimentMasterApplication.OnOpen
2026-07-23 16:20:29,294	run_master	DEBUG	In ExperimentMasterApplication.AssignClassDuringStartup
2026-07-23 16:20:29,294	run_master	DEBUG	In ExperimentMasterApplication.AssignClassDuringStartup
2026-07-23 16:20:29,294	run_master	DEBUG	In ExperimentMasterApplication.AssignClassDuringStartup
channel state change: CLOSED
2026-07-23 16:20:29,297	run_master	DEBUG	In ExperimentMasterApplication.OnClose
channel state change: OPENING
channel state change: OPEN
2026-07-23 16:20:29,298	run_master	DEBUG	In ExperimentMasterApplication.OnOpen
2026-07-23 16:20:29,299	run_master	DEBUG	In ExperimentMasterApplication.AssignClassDuringStartup
2026-07-23 16:20:29,299	run_master	DEBUG	In ExperimentMasterApplication.AssignClassDuringStartup
2026-07-23 16:20:29,299	run_master	DEBUG	In ExperimentMasterApplication.AssignClassDuringStartup
channel state change: CLOSED
2026-07-23 16:20:29,302	run_master	DEBUG	In ExperimentMasterApplication.OnClose
channel state change: OPENING
channel state change: OPEN
2026-07-23 16:20:29,303	run_master	DEBUG	In ExperimentMasterApplication.OnOpen
2026-07-23 16:20:29,304	run_master	DEBUG	In ExperimentMasterApplication.AssignClassDuringStartup
2026-07-23 16:20:29,304	run_master	DEBUG	In ExperimentMasterApplication.AssignClassDuringStartup
2026-07-23 16:20:29,304	run_master	DEBUG	In ExperimentMasterApplication.AssignClassDuringStartup
channel state change: CLOSED
2026-07-23 16:20:29,308	run_master	DEBUG	In ExperimentMasterApplication.OnClose
channel state change: OPENING
channel state change: OPEN
2026-07-23 16:20:29,310	run_master	DEBUG	In ExperimentMasterApplication.OnOpen
2026-07-23 16:20:29,310	run_master	DEBUG	In ExperimentMasterApplication.AssignClassDuringStartup
2026-07-23 16:20:29,310	run_master	DEBUG	In ExperimentMasterApplication.AssignClassDuringStartup
2026-07-23 16:20:29,310	run_master	DEBUG	In ExperimentMasterApplication.AssignClassDuringStartup
channel state change: CLOSED
2026-07-23 16:20:29,313	run_master	DEBUG	In ExperimentMasterApplication.OnClose
channel state change: OPENING
channel state change: OPEN
2026-07-23 16:20:29,315	run_master	DEBUG	In ExperimentMasterApplication.OnOpen
2026-07-23 16:20:29,315	run_master	DEBUG	In ExperimentMasterApplication.AssignClassDuringStartup
2026-07-23 16:20:29,315	run_master	DEBUG	In ExperimentMasterApplication.AssignClassDuringStartup
2026-07-23 16:20:29,315	run_master	DEBUG	In ExperimentMasterApplication.AssignClassDuringStartup
channel state change: CLOSED
2026-07-23 16:20:29,317	run_master	DEBUG	In ExperimentMasterApplication.OnClose
channel state change: OPENING
channel state change: OPEN
2026-07-23 16:20:29,319	run_master	DEBUG	In ExperimentMasterApplication.OnOpen
2026-07-23 16:20:29,319	run_master	DEBUG	In ExperimentMasterApplication.AssignClassDuringStartup
2026-07-23 16:20:29,319	run_master	DEBUG	In ExperimentMasterApplication.AssignClassDuringStartup
2026-07-23 16:20:29,319	run_master	DEBUG	In ExperimentMasterApplication.AssignClassDuringStartup
channel state change: CLOSED
2026-07-23 16:20:29,322	run_master	DEBUG	In ExperimentMasterApplication.OnClose
channel state change: OPENING
channel state change: OPEN
2026-07-23 16:20:29,324	run_master	DEBUG	In ExperimentMasterApplication.OnOpen
2026-07-23 16:20:29,324	run_master	DEBUG	In ExperimentMasterApplication.AssignClassDuringStartup
2026-07-23 16:20:29,324	run_master	DEBUG	In ExperimentMasterApplication.AssignClassDuringStartup
2026-07-23 16:20:29,324	run_master	DEBUG	In ExperimentMasterApplication.AssignClassDuringStartup
channel state change: CLOSED
2026-07-23 16:20:29,327	run_master	DEBUG	In ExperimentMasterApplication.OnClose
channel state change: OPENING
channel state change: OPEN
2026-07-23 16:20:29,328	run_master	DEBUG	In ExperimentMasterApplication.OnOpen
2026-07-23 16:20:29,329	run_master	DEBUG	In ExperimentMasterApplication.AssignClassDuringStartup
2026-07-23 16:20:29,329	run_master	DEBUG	In ExperimentMasterApplication.AssignClassDuringStartup
2026-07-23 16:20:29,329	run_master	DEBUG	In ExperimentMasterApplication.AssignClassDuringStartup
channel state change: CLOSED
2026-07-23 16:20:29,332	run_master	DEBUG	In ExperimentMasterApplication.OnClose
channel state change: OPENING
channel state change: OPEN
2026-07-23 16:20:29,335	run_master	DEBUG	In ExperimentMasterApplication.OnOpen
2026-07-23 16:20:29,335	run_master	DEBUG	In ExperimentMasterApplication.AssignClassDuringStartup
2026-07-23 16:20:29,335	run_master	DEBUG	In ExperimentMasterApplication.AssignClassDuringStartup
2026-07-23 16:20:29,335	run_master	DEBUG	In ExperimentMasterApplication.AssignClassDuringStartup
channel state change: CLOSED
2026-07-23 16:20:29,339	run_master	DEBUG	In ExperimentMasterApplication.OnClose
channel state change: OPENING
channel state change: OPEN
2026-07-23 16:20:29,340	run_master	DEBUG	In ExperimentMasterApplication.OnOpen
2026-07-23 16:20:29,340	run_master	DEBUG	In ExperimentMasterApplication.AssignClassDuringStartup
2026-07-23 16:20:29,341	run_master	DEBUG	In ExperimentMasterApplication.AssignClassDuringStartup
2026-07-23 16:20:29,341	run_master	DEBUG	In ExperimentMasterApplication.AssignClassDuringStartup
channel state change: CLOSED
2026-07-23 16:20:29,342	run_master	DEBUG	In ExperimentMasterApplication.OnClose
channel state change: OPENING
channel state change: OPEN
2026-07-23 16:20:29,344	run_master	DEBUG	In ExperimentMasterApplication.OnOpen
2026-07-23 16:20:29,344	run_master	DEBUG	In ExperimentMasterApplication.AssignClassDuringStartup
2026-07-23 16:20:29,344	run_master	DEBUG	In ExperimentMasterApplication.AssignClassDuringStartup
2026-07-23 16:20:29,344	run_master	DEBUG	In ExperimentMasterApplication.AssignClassDuringStartup
channel state change: CLOSED
2026-07-23 16:20:29,347	run_master	DEBUG	In ExperimentMasterApplication.OnClose
channel state change: OPENING
channel state change: OPEN
2026-07-23 16:20:29,348	run_master	DEBUG	In ExperimentMasterApplication.OnOpen
2026-07-23 16:20:29,349	run_master	DEBUG	In ExperimentMasterApplication.AssignClassDuringStartup
2026-07-23 16:20:29,349	run_master	DEBUG	In ExperimentMasterApplication.AssignClassDuringStartup
2026-07-23 16:20:29,349	run_master	DEBUG	In ExperimentMasterApplication.AssignClassDuringStartup
channel state change: CLOSED
2026-07-23 16:20:29,352	run_master	DEBUG	In ExperimentMasterApplication.OnClose
channel state change: OPENING
channel state change: OPEN
2026-07-23 16:20:29,353	run_master	DEBUG	In ExperimentMasterApplication.OnOpen
2026-07-23 16:20:29,354	run_master	DEBUG	In ExperimentMasterApplication.AssignClassDuringStartup
2026-07-23 16:20:29,354	run_master	DEBUG	In ExperimentMasterApplication.AssignClassDuringStartup
2026-07-23 16:20:29,354	run_master	DEBUG	In ExperimentMasterApplication.AssignClassDuringStartup
channel state change: CLOSED
2026-07-23 16:20:29,361	run_master	DEBUG	In ExperimentMasterApplication.OnClose
channel state change: OPENING
channel state change: OPEN
2026-07-23 16:20:29,364	run_master	DEBUG	In ExperimentMasterApplication.OnOpen
2026-07-23 16:20:29,364	run_master	DEBUG	In ExperimentMasterApplication.AssignClassDuringStartup
2026-07-23 16:20:29,364	run_master	DEBUG	In ExperimentMasterApplication.AssignClassDuringStartup
2026-07-23 16:20:29,364	run_master	DEBUG	In ExperimentMasterApplication.AssignClassDuringStartup
channel state change: CLOSED
2026-07-23 16:20:29,368	run_master	DEBUG	In ExperimentMasterApplication.OnClose
channel state change: OPENING
channel state change: OPEN
2026-07-23 16:20:29,369	run_master	DEBUG	In ExperimentMasterApplication.OnOpen
2026-07-23 16:20:29,369	run_master	DEBUG	In ExperimentMasterApplication.AssignClassDuringStartup
2026-07-23 16:20:29,370	run_master	DEBUG	In ExperimentMasterApplication.AssignClassDuringStartup
2026-07-23 16:20:29,370	run_master	DEBUG	In ExperimentMasterApplication.AssignClassDuringStartup
channel state change: CLOSED
2026-07-23 16:20:29,372	run_master	DEBUG	In ExperimentMasterApplication.OnClose
channel state change: OPENING
channel state change: OPEN
2026-07-23 16:20:29,373	run_master	DEBUG	In ExperimentMasterApplication.OnOpen
2026-07-23 16:20:29,374	run_master	DEBUG	In ExperimentMasterApplication.AssignClassDuringStartup
2026-07-23 16:20:29,374	run_master	DEBUG	In ExperimentMasterApplication.AssignClassDuringStartup
2026-07-23 16:20:29,374	run_master	DEBUG	In ExperimentMasterApplication.AssignClassDuringStartup
channel state change: CLOSED
2026-07-23 16:20:29,377	run_master	DEBUG	In ExperimentMasterApplication.OnClose
channel state change: OPENING
channel state change: OPEN
2026-07-23 16:20:29,379	run_master	DEBUG	In ExperimentMasterApplication.OnOpen
2026-07-23 16:20:29,379	run_master	DEBUG	In ExperimentMasterApplication.AssignClassDuringStartup
2026-07-23 16:20:29,379	run_master	DEBUG	In ExperimentMasterApplication.AssignClassDuringStartup
2026-07-23 16:20:29,379	run_master	DEBUG	In ExperimentMasterApplication.AssignClassDuringStartup
channel state change: CLOSED
2026-07-23 16:20:29,382	run_master	DEBUG	In ExperimentMasterApplication.OnClose
channel state change: OPENING
channel state change: OPEN
2026-07-23 16:20:29,384	run_master	DEBUG	In ExperimentMasterApplication.OnOpen
2026-07-23 16:20:29,385	run_master	DEBUG	In ExperimentMasterApplication.AssignClassDuringStartup
2026-07-23 16:20:29,385	run_master	DEBUG	In ExperimentMasterApplication.AssignClassDuringStartup
2026-07-23 16:20:29,385	run_master	DEBUG	In ExperimentMasterApplication.AssignClassDuringStartup
channel state change: CLOSED
2026-07-23 16:20:29,388	run_master	DEBUG	In ExperimentMasterApplication.OnClose
channel state change: OPENING
channel state change: OPEN
2026-07-23 16:20:29,390	run_master	DEBUG	In ExperimentMasterApplication.OnOpen
2026-07-23 16:20:29,390	run_master	DEBUG	In ExperimentMasterApplication.AssignClassDuringStartup
2026-07-23 16:20:29,390	run_master	DEBUG	In ExperimentMasterApplication.AssignClassDuringStartup
2026-07-23 16:20:29,390	run_master	DEBUG	In ExperimentMasterApplication.AssignClassDuringStartup
channel state change: CLOSED
2026-07-23 16:20:29,392	run_master	DEBUG	In ExperimentMasterApplication.OnClose
channel state change: OPENING
channel state change: OPEN
2026-07-23 16:20:29,394	run_master	DEBUG	In ExperimentMasterApplication.OnOpen
2026-07-23 16:20:29,394	run_master	DEBUG	In ExperimentMasterApplication.AssignClassDuringStartup
2026-07-23 16:20:29,394	run_master	DEBUG	In ExperimentMasterApplication.AssignClassDuringStartup
2026-07-23 16:20:29,394	run_master	DEBUG	In ExperimentMasterApplication.AssignClassDuringStartup
channel state change: CLOSED
2026-07-23 16:20:29,398	run_master	DEBUG	In ExperimentMasterApplication.OnClose
channel state change: OPENING
channel state change: OPEN
2026-07-23 16:20:29,399	run_master	DEBUG	In ExperimentMasterApplication.OnOpen
2026-07-23 16:20:29,399	run_master	DEBUG	In ExperimentMasterApplication.AssignClassDuringStartup
2026-07-23 16:20:29,399	run_master	DEBUG	In ExperimentMasterApplication.AssignClassDuringStartup
2026-07-23 16:20:29,399	run_master	DEBUG	In ExperimentMasterApplication.AssignClassDuringStartup
channel state change: CLOSED
2026-07-23 16:20:29,402	run_master	DEBUG	In ExperimentMasterApplication.OnClose
channel state change: OPENING
channel state change: OPEN
2026-07-23 16:20:29,403	run_master	DEBUG	In ExperimentMasterApplication.OnOpen
2026-07-23 16:20:29,404	run_master	DEBUG	In ExperimentMasterApplication.AssignClassDuringStartup
2026-07-23 16:20:29,404	run_master	DEBUG	In ExperimentMasterApplication.AssignClassDuringStartup
2026-07-23 16:20:29,404	run_master	DEBUG	In ExperimentMasterApplication.AssignClassDuringStartup
channel state change: CLOSED
2026-07-23 16:20:29,407	run_master	DEBUG	In ExperimentMasterApplication.OnClose
channel state change: OPENING
channel state change: OPEN
2026-07-23 16:20:30,411	run_master	DEBUG	In ExperimentMasterApplication.OnOpen
2026-07-23 16:20:30,412	run_master	DEBUG	In ExperimentMasterApplication.AssignClassDuringStartup
2026-07-23 16:20:30,412	run_master	DEBUG	In ExperimentMasterApplication.AssignClassDuringStartup
2026-07-23 16:20:30,412	run_master	DEBUG	In ExperimentMasterApplication.AssignClassDuringStartup
channel state change: CLOSED
2026-07-23 16:20:30,413	run_master	DEBUG	In ExperimentMasterApplication.OnClose
channel state change: OPENING
channel state change: OPEN
2026-07-23 16:20:30,415	run_master	DEBUG	In ExperimentMasterApplication.OnOpen
2026-07-23 16:20:30,415	run_master	DEBUG	In ExperimentMasterApplication.AssignClassDuringStartup
2026-07-23 16:20:30,415	run_master	DEBUG	In ExperimentMasterApplication.AssignClassDuringStartup
2026-07-23 16:20:30,415	run_master	DEBUG	In ExperimentMasterApplication.AssignClassDuringStartup
channel state change: CLOSED
2026-07-23 16:20:30,415	run_master	DEBUG	In ExperimentMasterApplication.OnClose
channel state change: OPENING
channel state change: OPEN
2026-07-23 16:20:30,418	run_master	DEBUG	In ExperimentMasterApplication.OnOpen
2026-07-23 16:20:30,419	run_master	DEBUG	In ExperimentMasterApplication.AssignClassDuringStartup
2026-07-23 16:20:30,419	run_master	DEBUG	In ExperimentMasterApplication.AssignClassDuringStartup
2026-07-23 16:20:30,419	run_master	DEBUG	In ExperimentMasterApplication.AssignClassDuringStartup
channel state change: CLOSED
2026-07-23 16:20:30,419	run_master	DEBUG	In ExperimentMasterApplication.OnClose
channel state change: OPENING
channel state change: OPEN
2026-07-23 16:20:30,422	run_master	DEBUG	In ExperimentMasterApplication.OnOpen
2026-07-23 16:20:30,422	run_master	DEBUG	In ExperimentMasterApplication.AssignClassDuringStartup
2026-07-23 16:20:30,422	run_master	DEBUG	In ExperimentMasterApplication.AssignClassDuringStartup
2026-07-23 16:20:30,422	run_master	DEBUG	In ExperimentMasterApplication.AssignClassDuringStartup
channel state change: CLOSED
2026-07-23 16:20:30,422	run_master	DEBUG	In ExperimentMasterApplication.OnClose
channel state change: OPENING
channel state change: OPEN
2026-07-23 16:20:30,424	run_master	DEBUG	In ExperimentMasterApplication.OnOpen
2026-07-23 16:20:30,424	run_master	DEBUG	In ExperimentMasterApplication.AssignClassDuringStartup
2026-07-23 16:20:30,424	run_master	DEBUG	In ExperimentMasterApplication.AssignClassDuringStartup
2026-07-23 16:20:30,424	run_master	DEBUG	In ExperimentMasterApplication.AssignClassDuringStartup
channel state change: CLOSED
2026-07-23 16:20:30,425	run_master	DEBUG	In ExperimentMasterApplication.OnClose
channel state change: OPENING
channel state change: OPEN
2026-07-23 16:20:30,427	run_master	DEBUG	In ExperimentMasterApplication.OnOpen
2026-07-23 16:20:30,427	run_master	DEBUG	In ExperimentMasterApplication.AssignClassDuringStartup
2026-07-23 16:20:30,427	run_master	DEBUG	In ExperimentMasterApplication.AssignClassDuringStartup
2026-07-23 16:20:30,427	run_master	DEBUG	In ExperimentMasterApplication.AssignClassDuringStartup
channel state change: CLOSED
2026-07-23 16:20:30,428	run_master	DEBUG	In ExperimentMasterApplication.OnClose
channel state change: OPENING
channel state change: OPEN
2026-07-23 16:20:30,430	run_master	DEBUG	In ExperimentMasterApplication.OnOpen
2026-07-23 16:20:30,430	run_master	DEBUG	In ExperimentMasterApplication.AssignClassDuringStartup
2026-07-23 16:20:30,430	run_master	DEBUG	In ExperimentMasterApplication.AssignClassDuringStartup
2026-07-23 16:20:30,430	run_master	DEBUG	In ExperimentMasterApplication.AssignClassDuringStartup
channel state change: CLOSED
2026-07-23 16:20:30,431	run_master	DEBUG	In ExperimentMasterApplication.OnClose
channel state change: OPENING
channel state change: OPEN
2026-07-23 16:20:30,432	run_master	DEBUG	In ExperimentMasterApplication.OnOpen
2026-07-23 16:20:30,432	run_master	DEBUG	In ExperimentMasterApplication.AssignClassDuringStartup
2026-07-23 16:20:30,432	run_master	DEBUG	In ExperimentMasterApplication.AssignClassDuringStartup
2026-07-23 16:20:30,432	run_master	DEBUG	In ExperimentMasterApplication.AssignClassDuringStartup
channel state change: CLOSED
2026-07-23 16:20:30,433	run_master	DEBUG	In ExperimentMasterApplication.OnClose
channel state change: OPENING
channel state change: OPEN
2026-07-23 16:20:30,435	run_master	DEBUG	In ExperimentMasterApplication.OnOpen
2026-07-23 16:20:30,435	run_master	DEBUG	In ExperimentMasterApplication.AssignClassDuringStartup
2026-07-23 16:20:30,435	run_master	DEBUG	In ExperimentMasterApplication.AssignClassDuringStartup
2026-07-23 16:20:30,435	run_master	DEBUG	In ExperimentMasterApplication.AssignClassDuringStartup
channel state change: CLOSED
2026-07-23 16:20:30,436	run_master	DEBUG	In ExperimentMasterApplication.OnClose
channel state change: OPENING
channel state change: OPEN
2026-07-23 16:20:30,437	run_master	DEBUG	In ExperimentMasterApplication.OnOpen
2026-07-23 16:20:30,437	run_master	DEBUG	In ExperimentMasterApplication.AssignClassDuringStartup
2026-07-23 16:20:30,437	run_master	DEBUG	In ExperimentMasterApplication.AssignClassDuringStartup
2026-07-23 16:20:30,437	run_master	DEBUG	In ExperimentMasterApplication.AssignClassDuringStartup
channel state change: CLOSED
2026-07-23 16:20:30,439	run_master	DEBUG	In ExperimentMasterApplication.OnClose
channel state change: OPENING
channel state change: OPEN
2026-07-23 16:20:30,440	run_master	DEBUG	In ExperimentMasterApplication.OnOpen
2026-07-23 16:20:30,440	run_master	DEBUG	In ExperimentMasterApplication.AssignClassDuringStartup
2026-07-23 16:20:30,441	run_master	DEBUG	In ExperimentMasterApplication.AssignClassDuringStartup
2026-07-23 16:20:30,441	run_master	DEBUG	In ExperimentMasterApplication.AssignClassDuringStartup
channel state change: CLOSED
2026-07-23 16:20:30,441	run_master	DEBUG	In ExperimentMasterApplication.OnClose
channel state change: OPENING
channel state change: OPEN
2026-07-23 16:20:30,443	run_master	DEBUG	In ExperimentMasterApplication.OnOpen
2026-07-23 16:20:30,444	run_master	DEBUG	In ExperimentMasterApplication.AssignClassDuringStartup
2026-07-23 16:20:30,444	run_master	DEBUG	In ExperimentMasterApplication.AssignClassDuringStartup
2026-07-23 16:20:30,444	run_master	DEBUG	In ExperimentMasterApplication.AssignClassDuringStartup
channel state change: CLOSED
2026-07-23 16:20:30,444	run_master	DEBUG	In ExperimentMasterApplication.OnClose
channel state change: OPENING
channel state change: OPEN
2026-07-23 16:20:30,445	run_master	DEBUG	In ExperimentMasterApplication.OnOpen
2026-07-23 16:20:30,446	run_master	DEBUG	In ExperimentMasterApplication.AssignClassDuringStartup
2026-07-23 16:20:30,446	run_master	DEBUG	In ExperimentMasterApplication.AssignClassDuringStartup
2026-07-23 16:20:30,446	run_master	DEBUG	In ExperimentMasterApplication.AssignClassDuringStartup
channel state change: CLOSED
2026-07-23 16:20:30,448	run_master	DEBUG	In ExperimentMasterApplication.OnClose
channel state change: OPENING
channel state change: OPEN
2026-07-23 16:20:30,449	run_master	DEBUG	In ExperimentMasterApplication.OnOpen
2026-07-23 16:20:30,450	run_master	DEBUG	In ExperimentMasterApplication.AssignClassDuringStartup
2026-07-23 16:20:30,450	run_master	DEBUG	In ExperimentMasterApplication.AssignClassDuringStartup
2026-07-23 16:20:30,450	run_master	DEBUG	In ExperimentMasterApplication.AssignClassDuringStartup
channel state change: CLOSED
2026-07-23 16:20:30,451	run_master	DEBUG	In ExperimentMasterApplication.OnClose
channel state change: OPENING
channel state change: OPEN
2026-07-23 16:20:30,452	run_master	DEBUG	In ExperimentMasterApplication.OnOpen
2026-07-23 16:20:30,453	run_master	DEBUG	In ExperimentMasterApplication.AssignClassDuringStartup
2026-07-23 16:20:30,453	run_master	DEBUG	In ExperimentMasterApplication.AssignClassDuringStartup
2026-07-23 16:20:30,453	run_master	DEBUG	In ExperimentMasterApplication.AssignClassDuringStartup
channel state change: CLOSED
2026-07-23 16:20:30,453	run_master	DEBUG	In ExperimentMasterApplication.OnClose
channel state change: OPENING
channel state change: OPEN
2026-07-23 16:20:30,456	run_master	DEBUG	In ExperimentMasterApplication.OnOpen
2026-07-23 16:20:30,456	run_master	DEBUG	In ExperimentMasterApplication.AssignClassDuringStartup
2026-07-23 16:20:30,456	run_master	DEBUG	In ExperimentMasterApplication.AssignClassDuringStartup
2026-07-23 16:20:30,456	run_master	DEBUG	In ExperimentMasterApplication.AssignClassDuringStartup
channel state change: CLOSED
2026-07-23 16:20:30,457	run_master	DEBUG	In ExperimentMasterApplication.OnClose
channel state change: OPENING
channel state change: OPEN
2026-07-23 16:20:30,458	run_master	DEBUG	In ExperimentMasterApplication.OnOpen
2026-07-23 16:20:30,458	run_master	DEBUG	In ExperimentMasterApplication.AssignClassDuringStartup
2026-07-23 16:20:30,458	run_master	DEBUG	In ExperimentMasterApplication.AssignClassDuringStartup
2026-07-23 16:20:30,458	run_master	DEBUG	In ExperimentMasterApplication.AssignClassDuringStartup
channel state change: CLOSED
2026-07-23 16:20:30,460	run_master	DEBUG	In ExperimentMasterApplication.OnClose
channel state change: OPENING
channel state change: OPEN
2026-07-23 16:20:30,461	run_master	DEBUG	In ExperimentMasterApplication.OnOpen
2026-07-23 16:20:30,461	run_master	DEBUG	In ExperimentMasterApplication.AssignClassDuringStartup
2026-07-23 16:20:30,461	run_master	DEBUG	In ExperimentMasterApplication.AssignClassDuringStartup
2026-07-23 16:20:30,461	run_master	DEBUG	In ExperimentMasterApplication.AssignClassDuringStartup
channel state change: CLOSED
2026-07-23 16:20:30,462	run_master	DEBUG	In ExperimentMasterApplication.OnClose
channel state change: OPENING
channel state change: OPEN
2026-07-23 16:20:30,464	run_master	DEBUG	In ExperimentMasterApplication.OnOpen
2026-07-23 16:20:30,465	run_master	DEBUG	In ExperimentMasterApplication.AssignClassDuringStartup
2026-07-23 16:20:30,465	run_master	DEBUG	In ExperimentMasterApplication.AssignClassDuringStartup
2026-07-23 16:20:30,465	run_master	DEBUG	In ExperimentMasterApplication.AssignClassDuringStartup
channel state change: CLOSED
2026-07-23 16:20:30,465	run_master	DEBUG	In ExperimentMasterApplication.OnClose
channel state change: OPENING
channel state change: OPEN
2026-07-23 16:20:30,468	run_master	DEBUG	In ExperimentMasterApplication.OnOpen
2026-07-23 16:20:30,468	run_master	DEBUG	In ExperimentMasterApplication.AssignClassDuringStartup
2026-07-23 16:20:30,468	run_master	DEBUG	In ExperimentMasterApplication.AssignClassDuringStartup
2026-07-23 16:20:30,468	run_master	DEBUG	In ExperimentMasterApplication.AssignClassDuringStartup
channel state change: CLOSED
2026-07-23 16:20:30,469	run_master	DEBUG	In ExperimentMasterApplication.OnClose
channel state change: OPENING
channel state change: OPEN
2026-07-23 16:20:30,470	run_master	DEBUG	In ExperimentMasterApplication.OnOpen
2026-07-23 16:20:30,470	run_master	DEBUG	In ExperimentMasterApplication.AssignClassDuringStartup
2026-07-23 16:20:30,470	run_master	DEBUG	In ExperimentMasterApplication.AssignClassDuringStartup
2026-07-23 16:20:30,470	run_master	DEBUG	In ExperimentMasterApplication.AssignClassDuringStartup
channel state change: CLOSED
2026-07-23 16:20:30,472	run_master	DEBUG	In ExperimentMasterApplication.OnClose
channel state change: OPENING
channel state change: OPEN
2026-07-23 16:20:30,473	run_master	DEBUG	In ExperimentMasterApplication.OnOpen
2026-07-23 16:20:30,474	run_master	DEBUG	In ExperimentMasterApplication.AssignClassDuringStartup
2026-07-23 16:20:30,474	run_master	DEBUG	In ExperimentMasterApplication.AssignClassDuringStartup
2026-07-23 16:20:30,474	run_master	DEBUG	In ExperimentMasterApplication.AssignClassDuringStartup
channel state change: CLOSED
2026-07-23 16:20:30,474	run_master	DEBUG	In ExperimentMasterApplication.OnClose
channel state change: OPENING
channel state change: OPEN
2026-07-23 16:20:30,477	run_master	DEBUG	In ExperimentMasterApplication.OnOpen
2026-07-23 16:20:30,477	run_master	DEBUG	In ExperimentMasterApplication.AssignClassDuringStartup
2026-07-23 16:20:30,477	run_master	DEBUG	In ExperimentMasterApplication.AssignClassDuringStartup
2026-07-23 16:20:30,477	run_master	DEBUG	In ExperimentMasterApplication.AssignClassDuringStartup
channel state change: CLOSED
2026-07-23 16:20:30,478	run_master	DEBUG	In ExperimentMasterApplication.OnClose
channel state change: OPENING
channel state change: OPEN
2026-07-23 16:20:30,480	run_master	DEBUG	In ExperimentMasterApplication.OnOpen
2026-07-23 16:20:30,481	run_master	DEBUG	In ExperimentMasterApplication.AssignClassDuringStartup
2026-07-23 16:20:30,481	run_master	DEBUG	In ExperimentMasterApplication.AssignClassDuringStartup
2026-07-23 16:20:30,481	run_master	DEBUG	In ExperimentMasterApplication.AssignClassDuringStartup
channel state change: CLOSED
2026-07-23 16:20:30,481	run_master	DEBUG	In ExperimentMasterApplication.OnClose
channel state change: OPENING
channel state change: OPEN
2026-07-23 16:20:30,482	run_master	DEBUG	In ExperimentMasterApplication.OnOpen
2026-07-23 16:20:30,483	run_master	DEBUG	In ExperimentMasterApplication.AssignClassDuringStartup
2026-07-23 16:20:30,483	run_master	DEBUG	In ExperimentMasterApplication.AssignClassDuringStartup
2026-07-23 16:20:30,483	run_master	DEBUG	In ExperimentMasterApplication.AssignClassDuringStartup
channel state change: CLOSED
2026-07-23 16:20:30,484	run_master	DEBUG	In ExperimentMasterApplication.OnClose
channel state change: OPENING
channel state change: OPEN
2026-07-23 16:20:30,486	run_master	DEBUG	In ExperimentMasterApplication.OnOpen
2026-07-23 16:20:30,486	run_master	DEBUG	In ExperimentMasterApplication.AssignClassDuringStartup
2026-07-23 16:20:30,486	run_master	DEBUG	In ExperimentMasterApplication.AssignClassDuringStartup
2026-07-23 16:20:30,486	run_master	DEBUG	In ExperimentMasterApplication.AssignClassDuringStartup
channel state change: CLOSED
2026-07-23 16:20:30,486	run_master	DEBUG	In ExperimentMasterApplication.OnClose
channel state change: OPENING
channel state change: OPEN
2026-07-23 16:20:30,489	run_master	DEBUG	In ExperimentMasterApplication.OnOpen
2026-07-23 16:20:30,489	run_master	DEBUG	In ExperimentMasterApplication.AssignClassDuringStartup
2026-07-23 16:20:30,489	run_master	DEBUG	In ExperimentMasterApplication.AssignClassDuringStartup
2026-07-23 16:20:30,489	run_master	DEBUG	In ExperimentMasterApplication.AssignClassDuringStartup
channel state change: CLOSED
2026-07-23 16:20:30,490	run_master	DEBUG	In ExperimentMasterApplication.OnClose
channel state change: OPENING
channel state change: OPEN
2026-07-23 16:20:30,491	run_master	DEBUG	In ExperimentMasterApplication.OnOpen
2026-07-23 16:20:30,491	run_master	DEBUG	In ExperimentMasterApplication.AssignClassDuringStartup
2026-07-23 16:20:30,491	run_master	DEBUG	In ExperimentMasterApplication.AssignClassDuringStartup
2026-07-23 16:20:30,491	run_master	DEBUG	In ExperimentMasterApplication.AssignClassDuringStartup
channel state change: CLOSED
2026-07-23 16:20:30,493	run_master	DEBUG	In ExperimentMasterApplication.OnClose
channel state change: OPENING
channel state change: OPEN
2026-07-23 16:20:30,494	run_master	DEBUG	In ExperimentMasterApplication.OnOpen
2026-07-23 16:20:30,494	run_master	DEBUG	In ExperimentMasterApplication.AssignClassDuringStartup
2026-07-23 16:20:30,494	run_master	DEBUG	In ExperimentMasterApplication.AssignClassDuringStartup
2026-07-23 16:20:30,494	run_master	DEBUG	In ExperimentMasterApplication.AssignClassDuringStartup
channel state change: CLOSED
2026-07-23 16:20:30,495	run_master	DEBUG	In ExperimentMasterApplication.OnClose
channel state change: OPENING
channel state change: OPEN
2026-07-23 16:20:30,497	run_master	DEBUG	In ExperimentMasterApplication.OnOpen
2026-07-23 16:20:30,498	run_master	DEBUG	In ExperimentMasterApplication.AssignClassDuringStartup
2026-07-23 16:20:30,498	run_master	DEBUG	In ExperimentMasterApplication.AssignClassDuringStartup
2026-07-23 16:20:30,498	run_master	DEBUG	In ExperimentMasterApplication.AssignClassDuringStartup
channel state change: CLOSED
2026-07-23 16:20:30,498	run_master	DEBUG	In ExperimentMasterApplication.OnClose
channel state change: OPENING
channel state change: OPEN
2026-07-23 16:20:30,499	run_master	DEBUG	In ExperimentMasterApplication.OnOpen
2026-07-23 16:20:30,500	run_master	DEBUG	In ExperimentMasterApplication.AssignClassDuringStartup
2026-07-23 16:20:30,500	run_master	DEBUG	In ExperimentMasterApplication.AssignClassDuringStartup
2026-07-23 16:20:30,500	run_master	DEBUG	In ExperimentMasterApplication.AssignClassDuringStartup
channel state change: CLOSED
2026-07-23 16:20:30,501	run_master	DEBUG	In ExperimentMasterApplication.OnClose
channel state change: OPENING
channel state change: OPEN
2026-07-23 16:20:30,503	run_master	DEBUG	In ExperimentMasterApplication.OnOpen
2026-07-23 16:20:30,503	run_master	DEBUG	In ExperimentMasterApplication.AssignClassDuringStartup
2026-07-23 16:20:30,503	run_master	DEBUG	In ExperimentMasterApplication.AssignClassDuringStartup
2026-07-23 16:20:30,503	run_master	DEBUG	In ExperimentMasterApplication.AssignClassDuringStartup
channel state change: CLOSED
2026-07-23 16:20:30,503	run_master	DEBUG	In ExperimentMasterApplication.OnClose
channel state change: OPENING
channel state change: OPEN
2026-07-23 16:20:30,506	run_master	DEBUG	In ExperimentMasterApplication.OnOpen
2026-07-23 16:20:30,506	run_master	DEBUG	In ExperimentMasterApplication.AssignClassDuringStartup
2026-07-23 16:20:30,506	run_master	DEBUG	In ExperimentMasterApplication.AssignClassDuringStartup
2026-07-23 16:20:30,506	run_master	DEBUG	In ExperimentMasterApplication.AssignClassDuringStartup
channel state change: CLOSED
2026-07-23 16:20:30,507	run_master	DEBUG	In ExperimentMasterApplication.OnClose
channel state change: OPENING
channel state change: OPEN
2026-07-23 16:20:30,510	run_master	DEBUG	In ExperimentMasterApplication.OnOpen
2026-07-23 16:20:30,510	run_master	DEBUG	In ExperimentMasterApplication.AssignClassDuringStartup
2026-07-23 16:20:30,510	run_master	DEBUG	In ExperimentMasterApplication.AssignClassDuringStartup
2026-07-23 16:20:30,510	run_master	DEBUG	In ExperimentMasterApplication.AssignClassDuringStartup
channel state change: CLOSED
2026-07-23 16:20:30,510	run_master	DEBUG	In ExperimentMasterApplication.OnClose
channel state change: OPENING
channel state change: OPEN
2026-07-23 16:20:30,516	run_master	DEBUG	In ExperimentMasterApplication.OnOpen
2026-07-23 16:20:30,516	run_master	DEBUG	In ExperimentMasterApplication.AssignClassDuringStartup
2026-07-23 16:20:30,516	run_master	DEBUG	In ExperimentMasterApplication.AssignClassDuringStartup
2026-07-23 16:20:30,516	run_master	DEBUG	In ExperimentMasterApplication.AssignClassDuringStartup
channel state change: CLOSED
2026-07-23 16:20:30,518	run_master	DEBUG	In ExperimentMasterApplication.OnClose
channel state change: OPENING
channel state change: OPEN
2026-07-23 16:20:30,519	run_master	DEBUG	In ExperimentMasterApplication.OnOpen
2026-07-23 16:20:30,519	run_master	DEBUG	In ExperimentMasterApplication.AssignClassDuringStartup
2026-07-23 16:20:30,520	run_master	DEBUG	In ExperimentMasterApplication.AssignClassDuringStartup
2026-07-23 16:20:30,520	run_master	DEBUG	In ExperimentMasterApplication.AssignClassDuringStartup
channel state change: CLOSED
2026-07-23 16:20:30,520	run_master	DEBUG	In ExperimentMasterApplication.OnClose
channel state change: OPENING
channel state change: OPEN
2026-07-23 16:20:30,522	run_master	DEBUG	In ExperimentMasterApplication.OnOpen
2026-07-23 16:20:30,523	run_master	DEBUG	In ExperimentMasterApplication.AssignClassDuringStartup
2026-07-23 16:20:30,523	run_master	DEBUG	In ExperimentMasterApplication.AssignClassDuringStartup
2026-07-23 16:20:30,523	run_master	DEBUG	In ExperimentMasterApplication.AssignClassDuringStartup
channel state change: CLOSED
2026-07-23 16:20:30,523	run_master	DEBUG	In ExperimentMasterApplication.OnClose
channel state change: OPENING
channel state change: OPEN
2026-07-23 16:20:30,525	run_master	DEBUG	In ExperimentMasterApplication.OnOpen
2026-07-23 16:20:30,525	run_master	DEBUG	In ExperimentMasterApplication.AssignClassDuringStartup
2026-07-23 16:20:30,525	run_master	DEBUG	In ExperimentMasterApplication.AssignClassDuringStartup
2026-07-23 16:20:30,525	run_master	DEBUG	In ExperimentMasterApplication.AssignClassDuringStartup
channel state change: CLOSED
2026-07-23 16:20:30,526	run_master	DEBUG	In ExperimentMasterApplication.OnClose
channel state change: OPENING
channel state change: OPEN
2026-07-23 16:20:30,528	run_master	DEBUG	In ExperimentMasterApplication.OnOpen
2026-07-23 16:20:30,528	run_master	DEBUG	In ExperimentMasterApplication.AssignClassDuringStartup
2026-07-23 16:20:30,528	run_master	DEBUG	In ExperimentMasterApplication.AssignClassDuringStartup
2026-07-23 16:20:30,528	run_master	DEBUG	In ExperimentMasterApplication.AssignClassDuringStartup
channel state change: CLOSED
2026-07-23 16:20:30,529	run_master	DEBUG	In ExperimentMasterApplication.OnClose
channel state change: OPENING
channel state change: OPEN
2026-07-23 16:20:30,531	run_master	DEBUG	In ExperimentMasterApplication.OnOpen
2026-07-23 16:20:30,531	run_master	DEBUG	In ExperimentMasterApplication.AssignClassDuringStartup
2026-07-23 16:20:30,531	run_master	DEBUG	In ExperimentMasterApplication.AssignClassDuringStartup
2026-07-23 16:20:30,532	run_master	DEBUG	In ExperimentMasterApplication.AssignClassDuringStartup
channel state change: CLOSED
2026-07-23 16:20:30,532	run_master	DEBUG	In ExperimentMasterApplication.OnClose
channel state change: OPENING
channel state change: OPEN
2026-07-23 16:20:30,534	run_master	DEBUG	In ExperimentMasterApplication.OnOpen
2026-07-23 16:20:30,535	run_master	DEBUG	In ExperimentMasterApplication.AssignClassDuringStartup
2026-07-23 16:20:30,535	run_master	DEBUG	In ExperimentMasterApplication.AssignClassDuringStartup
2026-07-23 16:20:30,535	run_master	DEBUG	In ExperimentMasterApplication.AssignClassDuringStartup
channel state change: CLOSED
2026-07-23 16:20:30,535	run_master	DEBUG	In ExperimentMasterApplication.OnClose
channel state change: OPENING
channel state change: OPEN
2026-07-23 16:20:30,537	run_master	DEBUG	In ExperimentMasterApplication.OnOpen
2026-07-23 16:20:30,537	run_master	DEBUG	In ExperimentMasterApplication.AssignClassDuringStartup
2026-07-23 16:20:30,537	run_master	DEBUG	In ExperimentMasterApplication.AssignClassDuringStartup
2026-07-23 16:20:30,537	run_master	DEBUG	In ExperimentMasterApplication.AssignClassDuringStartup
channel state change: CLOSED
2026-07-23 16:20:30,539	run_master	DEBUG	In ExperimentMasterApplication.OnClose
channel state change: OPENING
channel state change: OPEN
2026-07-23 16:20:30,540	run_master	DEBUG	In ExperimentMasterApplication.OnOpen
2026-07-23 16:20:30,541	run_master	DEBUG	In ExperimentMasterApplication.AssignClassDuringStartup
2026-07-23 16:20:30,541	run_master	DEBUG	In ExperimentMasterApplication.AssignClassDuringStartup
2026-07-23 16:20:30,541	run_master	DEBUG	In ExperimentMasterApplication.AssignClassDuringStartup
channel state change: CLOSED
2026-07-23 16:20:30,541	run_master	DEBUG	In ExperimentMasterApplication.OnClose
channel state change: OPENING
channel state change: OPEN
2026-07-23 16:20:30,543	run_master	DEBUG	In ExperimentMasterApplication.OnOpen
2026-07-23 16:20:30,544	run_master	DEBUG	In ExperimentMasterApplication.AssignClassDuringStartup
2026-07-23 16:20:30,544	run_master	DEBUG	In ExperimentMasterApplication.AssignClassDuringStartup
2026-07-23 16:20:30,544	run_master	DEBUG	In ExperimentMasterApplication.AssignClassDuringStartup
channel state change: CLOSED
2026-07-23 16:20:30,544	run_master	DEBUG	In ExperimentMasterApplication.OnClose
channel state change: OPENING
channel state change: OPEN
2026-07-23 16:20:30,547	run_master	DEBUG	In ExperimentMasterApplication.OnOpen
2026-07-23 16:20:30,547	run_master	DEBUG	In ExperimentMasterApplication.AssignClassDuringStartup
2026-07-23 16:20:30,547	run_master	DEBUG	In ExperimentMasterApplication.AssignClassDuringStartup
2026-07-23 16:20:30,547	run_master	DEBUG	In ExperimentMasterApplication.AssignClassDuringStartup
channel state change: CLOSED
2026-07-23 16:20:30,547	run_master	DEBUG	In ExperimentMasterApplication.OnClose
channel state change: OPENING
channel state change: OPEN
2026-07-23 16:20:30,549	run_master	DEBUG	In ExperimentMasterApplication.OnOpen
2026-07-23 16:20:30,549	run_master	DEBUG	In ExperimentMasterApplication.AssignClassDuringStartup
2026-07-23 16:20:30,549	run_master	DEBUG	In ExperimentMasterApplication.AssignClassDuringStartup
2026-07-23 16:20:30,549	run_master	DEBUG	In ExperimentMasterApplication.AssignClassDuringStartup
channel state change: CLOSED
2026-07-23 16:20:30,550	run_master	DEBUG	In ExperimentMasterApplication.OnClose
channel state change: OPENING
channel state change: OPEN
2026-07-23 16:20:30,552	run_master	DEBUG	In ExperimentMasterApplication.OnOpen
2026-07-23 16:20:30,552	run_master	DEBUG	In ExperimentMasterApplication.AssignClassDuringStartup
2026-07-23 16:20:30,552	run_master	DEBUG	In ExperimentMasterApplication.AssignClassDuringStartup
2026-07-23 16:20:30,552	run_master	DEBUG	In ExperimentMasterApplication.AssignClassDuringStartup
channel state change: CLOSED
2026-07-23 16:20:30,553	run_master	DEBUG	In ExperimentMasterApplication.OnClose
channel state change: OPENING
channel state change: OPEN
2026-07-23 16:20:30,555	run_master	DEBUG	In ExperimentMasterApplication.OnOpen
2026-07-23 16:20:30,555	run_master	DEBUG	In ExperimentMasterApplication.AssignClassDuringStartup
2026-07-23 16:20:30,556	run_master	DEBUG	In ExperimentMasterApplication.AssignClassDuringStartup
2026-07-23 16:20:30,556	run_master	DEBUG	In ExperimentMasterApplication.AssignClassDuringStartup
channel state change: CLOSED
2026-07-23 16:20:30,556	run_master	DEBUG	In ExperimentMasterApplication.OnClose
channel state change: OPENING
channel state change: OPEN
2026-07-23 16:20:30,557	run_master	DEBUG	In ExperimentMasterApplication.OnOpen
2026-07-23 16:20:30,558	run_master	DEBUG	In ExperimentMasterApplication.AssignClassDuringStartup
2026-07-23 16:20:30,558	run_master	DEBUG	In ExperimentMasterApplication.AssignClassDuringStartup
2026-07-23 16:20:30,558	run_master	DEBUG	In ExperimentMasterApplication.AssignClassDuringStartup
channel state change: CLOSED
2026-07-23 16:20:30,559	run_master	DEBUG	In ExperimentMasterApplication.OnClose
channel state change: OPENING
channel state change: OPEN
2026-07-23 16:20:30,560	run_master	DEBUG	In ExperimentMasterApplication.OnOpen
2026-07-23 16:20:30,561	run_master	DEBUG	In ExperimentMasterApplication.AssignClassDuringStartup
2026-07-23 16:20:30,561	run_master	DEBUG	In ExperimentMasterApplication.AssignClassDuringStartup
2026-07-23 16:20:30,561	run_master	DEBUG	In ExperimentMasterApplication.AssignClassDuringStartup
channel state change: CLOSED
2026-07-23 16:20:30,561	run_master	DEBUG	In ExperimentMasterApplication.OnClose
channel state change: OPENING
channel state change: OPEN
2026-07-23 16:20:30,564	run_master	DEBUG	In ExperimentMasterApplication.OnOpen
2026-07-23 16:20:30,564	run_master	DEBUG	In ExperimentMasterApplication.AssignClassDuringStartup
2026-07-23 16:20:30,564	run_master	DEBUG	In ExperimentMasterApplication.AssignClassDuringStartup
2026-07-23 16:20:30,564	run_master	DEBUG	In ExperimentMasterApplication.AssignClassDuringStartup
channel state change: CLOSED
2026-07-23 16:20:30,565	run_master	DEBUG	In ExperimentMasterApplication.OnClose
channel state change: OPENING
channel state change: OPEN
2026-07-23 16:20:30,566	run_master	DEBUG	In ExperimentMasterApplication.OnOpen
2026-07-23 16:20:30,566	run_master	DEBUG	In ExperimentMasterApplication.AssignClassDuringStartup
2026-07-23 16:20:30,566	run_master	DEBUG	In ExperimentMasterApplication.AssignClassDuringStartup
2026-07-23 16:20:30,566	run_master	DEBUG	In ExperimentMasterApplication.AssignClassDuringStartup
channel state change: CLOSED
2026-07-23 16:20:30,568	run_master	DEBUG	In ExperimentMasterApplication.OnClose
channel state change: OPENING
channel state change: OPEN
2026-07-23 16:20:30,570	run_master	DEBUG	In ExperimentMasterApplication.OnOpen
2026-07-23 16:20:30,570	run_master	DEBUG	In ExperimentMasterApplication.AssignClassDuringStartup
2026-07-23 16:20:30,570	run_master	DEBUG	In ExperimentMasterApplication.AssignClassDuringStartup
2026-07-23 16:20:30,570	run_master	DEBUG	In ExperimentMasterApplication.AssignClassDuringStartup
channel state change: CLOSED
2026-07-23 16:20:30,572	run_master	DEBUG	In ExperimentMasterApplication.OnClose
channel state change: OPENING
channel state change: OPEN
2026-07-23 16:20:30,573	run_master	DEBUG	In ExperimentMasterApplication.OnOpen
2026-07-23 16:20:30,573	run_master	DEBUG	In ExperimentMasterApplication.AssignClassDuringStartup
2026-07-23 16:20:30,573	run_master	DEBUG	In ExperimentMasterApplication.AssignClassDuringStartup
2026-07-23 16:20:30,573	run_master	DEBUG	In ExperimentMasterApplication.AssignClassDuringStartup
channel state change: CLOSED
2026-07-23 16:20:30,574	run_master	DEBUG	In ExperimentMasterApplication.OnClose
channel state change: OPENING
channel state change: OPEN
2026-07-23 16:20:30,576	run_master	DEBUG	In ExperimentMasterApplication.OnOpen
2026-07-23 16:20:30,576	run_master	DEBUG	In ExperimentMasterApplication.AssignClassDuringStartup
2026-07-23 16:20:30,577	run_master	DEBUG	In ExperimentMasterApplication.AssignClassDuringStartup
2026-07-23 16:20:30,577	run_master	DEBUG	In ExperimentMasterApplication.AssignClassDuringStartup
channel state change: CLOSED
2026-07-23 16:20:30,577	run_master	DEBUG	In ExperimentMasterApplication.OnClose
channel state change: OPENING
channel state change: OPEN
2026-07-23 16:20:30,578	run_master	DEBUG	In ExperimentMasterApplication.OnOpen
2026-07-23 16:20:30,579	run_master	DEBUG	In ExperimentMasterApplication.AssignClassDuringStartup
2026-07-23 16:20:30,579	run_master	DEBUG	In ExperimentMasterApplication.AssignClassDuringStartup
2026-07-23 16:20:30,579	run_master	DEBUG	In ExperimentMasterApplication.AssignClassDuringStartup
channel state change: CLOSED
2026-07-23 16:20:30,580	run_master	DEBUG	In ExperimentMasterApplication.OnClose
channel state change: OPENING
channel state change: OPEN
2026-07-23 16:20:30,582	run_master	DEBUG	In ExperimentMasterApplication.OnOpen
2026-07-23 16:20:30,582	run_master	DEBUG	In ExperimentMasterApplication.AssignClassDuringStartup
2026-07-23 16:20:30,582	run_master	DEBUG	In ExperimentMasterApplication.AssignClassDuringStartup
2026-07-23 16:20:30,582	run_master	DEBUG	In ExperimentMasterApplication.AssignClassDuringStartup
channel state change: CLOSED
2026-07-23 16:20:30,583	run_master	DEBUG	In ExperimentMasterApplication.OnClose
channel state change: OPENING
channel state change: OPEN
2026-07-23 16:20:30,585	run_master	DEBUG	In ExperimentMasterApplication.OnOpen
2026-07-23 16:20:30,585	run_master	DEBUG	In ExperimentMasterApplication.AssignClassDuringStartup
2026-07-23 16:20:30,585	run_master	DEBUG	In ExperimentMasterApplication.AssignClassDuringStartup
2026-07-23 16:20:30,585	run_master	DEBUG	In ExperimentMasterApplication.AssignClassDuringStartup
channel state change: CLOSED
2026-07-23 16:20:30,586	run_master	DEBUG	In ExperimentMasterApplication.OnClose
channel state change: OPENING
channel state change: OPEN
2026-07-23 16:20:30,587	run_master	DEBUG	In ExperimentMasterApplication.OnOpen
2026-07-23 16:20:30,587	run_master	DEBUG	In ExperimentMasterApplication.AssignClassDuringStartup
2026-07-23 16:20:30,587	run_master	DEBUG	In ExperimentMasterApplication.AssignClassDuringStartup
2026-07-23 16:20:30,587	run_master	DEBUG	In ExperimentMasterApplication.AssignClassDuringStartup
channel state change: CLOSED
2026-07-23 16:20:30,589	run_master	DEBUG	In ExperimentMasterApplication.OnClose
channel state change: OPENING
channel state change: OPEN
2026-07-23 16:20:30,590	run_master	DEBUG	In ExperimentMasterApplication.OnOpen
2026-07-23 16:20:30,590	run_master	DEBUG	In ExperimentMasterApplication.AssignClassDuringStartup
2026-07-23 16:20:30,591	run_master	DEBUG	In ExperimentMasterApplication.AssignClassDuringStartup
2026-07-23 16:20:30,591	run_master	DEBUG	In ExperimentMasterApplication.AssignClassDuringStartup
channel state change: CLOSED
2026-07-23 16:20:30,591	run_master	DEBUG	In ExperimentMasterApplication.OnClose
channel state change: OPENING
channel state change: OPEN
2026-07-23 16:20:30,594	run_master	DEBUG	In ExperimentMasterApplication.OnOpen
2026-07-23 16:20:30,594	run_master	DEBUG	In ExperimentMasterApplication.AssignClassDuringStartup
2026-07-23 16:20:30,594	run_master	DEBUG	In ExperimentMasterApplication.AssignClassDuringStartup
2026-07-23 16:20:30,594	run_master	DEBUG	In ExperimentMasterApplication.AssignClassDuringStartup
channel state change: CLOSED
2026-07-23 16:20:30,594	run_master	DEBUG	In ExperimentMasterApplication.OnClose
channel state change: OPENING
channel state change: OPEN
2026-07-23 16:20:31,597	run_master	DEBUG	In ExperimentMasterApplication.OnOpen
2026-07-23 16:20:31,598	run_master	DEBUG	In ExperimentMasterApplication.AssignClassDuringStartup
2026-07-23 16:20:31,598	run_master	DEBUG	In ExperimentMasterApplication.AssignClassDuringStartup
2026-07-23 16:20:31,598	run_master	DEBUG	In ExperimentMasterApplication.AssignClassDuringStartup
channel state change: CLOSED
2026-07-23 16:20:31,598	run_master	DEBUG	In ExperimentMasterApplication.OnClose
channel state change: OPENING
channel state change: OPEN
2026-07-23 16:20:31,600	run_master	DEBUG	In ExperimentMasterApplication.OnOpen
2026-07-23 16:20:31,600	run_master	DEBUG	In ExperimentMasterApplication.AssignClassDuringStartup
2026-07-23 16:20:31,600	run_master	DEBUG	In ExperimentMasterApplication.AssignClassDuringStartup
2026-07-23 16:20:31,600	run_master	DEBUG	In ExperimentMasterApplication.AssignClassDuringStartup
channel state change: CLOSED
2026-07-23 16:20:31,601	run_master	DEBUG	In ExperimentMasterApplication.OnClose
channel state change: OPENING
channel state change: OPEN
2026-07-23 16:20:31,603	run_master	DEBUG	In ExperimentMasterApplication.OnOpen
2026-07-23 16:20:31,603	run_master	DEBUG	In ExperimentMasterApplication.AssignClassDuringStartup
2026-07-23 16:20:31,603	run_master	DEBUG	In ExperimentMasterApplication.AssignClassDuringStartup
2026-07-23 16:20:31,603	run_master	DEBUG	In ExperimentMasterApplication.AssignClassDuringStartup
channel state change: CLOSED
2026-07-23 16:20:31,604	run_master	DEBUG	In ExperimentMasterApplication.OnClose
channel state change: OPENING
channel state change: OPEN
2026-07-23 16:20:31,606	run_master	DEBUG	In ExperimentMasterApplication.OnOpen
2026-07-23 16:20:31,606	run_master	DEBUG	In ExperimentMasterApplication.AssignClassDuringStartup
2026-07-23 16:20:31,606	run_master	DEBUG	In ExperimentMasterApplication.AssignClassDuringStartup
2026-07-23 16:20:31,606	run_master	DEBUG	In ExperimentMasterApplication.AssignClassDuringStartup
channel state change: CLOSED
2026-07-23 16:20:31,607	run_master	DEBUG	In ExperimentMasterApplication.OnClose
channel state change: OPENING
channel state change: OPEN
2026-07-23 16:20:31,608	run_master	DEBUG	In ExperimentMasterApplication.OnOpen
2026-07-23 16:20:31,608	run_master	DEBUG	In ExperimentMasterApplication.AssignClassDuringStartup
2026-07-23 16:20:31,608	run_master	DEBUG	In ExperimentMasterApplication.AssignClassDuringStartup
2026-07-23 16:20:31,608	run_master	DEBUG	In ExperimentMasterApplication.AssignClassDuringStartup
channel state change: CLOSED
2026-07-23 16:20:31,610	run_master	DEBUG	In ExperimentMasterApplication.OnClose
channel state change: OPENING
channel state change: OPEN
2026-07-23 16:20:31,611	run_master	DEBUG	In ExperimentMasterApplication.OnOpen
2026-07-23 16:20:31,611	run_master	DEBUG	In ExperimentMasterApplication.AssignClassDuringStartup
2026-07-23 16:20:31,612	run_master	DEBUG	In ExperimentMasterApplication.AssignClassDuringStartup
2026-07-23 16:20:31,612	run_master	DEBUG	In ExperimentMasterApplication.AssignClassDuringStartup
channel state change: CLOSED
2026-07-23 16:20:31,612	run_master	DEBUG	In ExperimentMasterApplication.OnClose
channel state change: OPENING
channel state change: OPEN
2026-07-23 16:20:31,614	run_master	DEBUG	In ExperimentMasterApplication.OnOpen
2026-07-23 16:20:31,615	run_master	DEBUG	In ExperimentMasterApplication.AssignClassDuringStartup
2026-07-23 16:20:31,615	run_master	DEBUG	In ExperimentMasterApplication.AssignClassDuringStartup
2026-07-23 16:20:31,615	run_master	DEBUG	In ExperimentMasterApplication.AssignClassDuringStartup
channel state change: CLOSED
2026-07-23 16:20:31,615	run_master	DEBUG	In ExperimentMasterApplication.OnClose
channel state change: OPENING
channel state change: OPEN
2026-07-23 16:20:31,616	run_master	DEBUG	In ExperimentMasterApplication.OnOpen
2026-07-23 16:20:31,616	run_master	DEBUG	In ExperimentMasterApplication.AssignClassDuringStartup
2026-07-23 16:20:31,617	run_master	DEBUG	In ExperimentMasterApplication.AssignClassDuringStartup
2026-07-23 16:20:31,617	run_master	DEBUG	In ExperimentMasterApplication.AssignClassDuringStartup
channel state change: CLOSED
2026-07-23 16:20:31,619	run_master	DEBUG	In ExperimentMasterApplication.OnClose
channel state change: OPENING
channel state change: OPEN
2026-07-23 16:20:31,620	run_master	DEBUG	In ExperimentMasterApplication.OnOpen
2026-07-23 16:20:31,620	run_master	DEBUG	In ExperimentMasterApplication.AssignClassDuringStartup
2026-07-23 16:20:31,620	run_master	DEBUG	In ExperimentMasterApplication.AssignClassDuringStartup
2026-07-23 16:20:31,621	run_master	DEBUG	In ExperimentMasterApplication.AssignClassDuringStartup
channel state change: CLOSED
2026-07-23 16:20:31,622	run_master	DEBUG	In ExperimentMasterApplication.OnClose
channel state change: OPENING
channel state change: OPEN
2026-07-23 16:20:31,623	run_master	DEBUG	In ExperimentMasterApplication.OnOpen
2026-07-23 16:20:31,624	run_master	DEBUG	In ExperimentMasterApplication.AssignClassDuringStartup
2026-07-23 16:20:31,624	run_master	DEBUG	In ExperimentMasterApplication.AssignClassDuringStartup
2026-07-23 16:20:31,624	run_master	DEBUG	In ExperimentMasterApplication.AssignClassDuringStartup
channel state change: CLOSED
2026-07-23 16:20:31,624	run_master	DEBUG	In ExperimentMasterApplication.OnClose
channel state change: OPENING
channel state change: OPEN
2026-07-23 16:20:31,626	run_master	DEBUG	In ExperimentMasterApplication.OnOpen
2026-07-23 16:20:31,627	run_master	DEBUG	In ExperimentMasterApplication.AssignClassDuringStartup
2026-07-23 16:20:31,627	run_master	DEBUG	In ExperimentMasterApplication.AssignClassDuringStartup
2026-07-23 16:20:31,627	run_master	DEBUG	In ExperimentMasterApplication.AssignClassDuringStartup
channel state change: CLOSED
2026-07-23 16:20:31,627	run_master	DEBUG	In ExperimentMasterApplication.OnClose
channel state change: OPENING
channel state change: OPEN
2026-07-23 16:20:31,629	run_master	DEBUG	In ExperimentMasterApplication.OnOpen
2026-07-23 16:20:31,629	run_master	DEBUG	In ExperimentMasterApplication.AssignClassDuringStartup
2026-07-23 16:20:31,629	run_master	DEBUG	In ExperimentMasterApplication.AssignClassDuringStartup
2026-07-23 16:20:31,629	run_master	DEBUG	In ExperimentMasterApplication.AssignClassDuringStartup
channel state change: CLOSED
2026-07-23 16:20:31,631	run_master	DEBUG	In ExperimentMasterApplication.OnClose
channel state change: OPENING
channel state change: OPEN
2026-07-23 16:20:31,632	run_master	DEBUG	In ExperimentMasterApplication.OnOpen
2026-07-23 16:20:31,632	run_master	DEBUG	In ExperimentMasterApplication.AssignClassDuringStartup
2026-07-23 16:20:31,633	run_master	DEBUG	In ExperimentMasterApplication.AssignClassDuringStartup
2026-07-23 16:20:31,633	run_master	DEBUG	In ExperimentMasterApplication.AssignClassDuringStartup
channel state change: CLOSED
2026-07-23 16:20:31,637	run_master	DEBUG	In ExperimentMasterApplication.OnClose
channel state change: OPENING
channel state change: OPEN
2026-07-23 16:20:31,639	run_master	DEBUG	In ExperimentMasterApplication.OnOpen
2026-07-23 16:20:31,640	run_master	DEBUG	In ExperimentMasterApplication.AssignClassDuringStartup
2026-07-23 16:20:31,640	run_master	DEBUG	In ExperimentMasterApplication.AssignClassDuringStartup
2026-07-23 16:20:31,640	run_master	DEBUG	In ExperimentMasterApplication.AssignClassDuringStartup
channel state change: CLOSED
2026-07-23 16:20:31,643	run_master	DEBUG	In ExperimentMasterApplication.OnClose
channel state change: OPENING
channel state change: OPEN
2026-07-23 16:20:31,645	run_master	DEBUG	In ExperimentMasterApplication.OnOpen
2026-07-23 16:20:31,645	run_master	DEBUG	In ExperimentMasterApplication.AssignClassDuringStartup
2026-07-23 16:20:31,645	run_master	DEBUG	In ExperimentMasterApplication.AssignClassDuringStartup
2026-07-23 16:20:31,645	run_master	DEBUG	In ExperimentMasterApplication.AssignClassDuringStartup
channel state change: CLOSED
2026-07-23 16:20:31,648	run_master	DEBUG	In ExperimentMasterApplication.OnClose
channel state change: OPENING
channel state change: OPEN
2026-07-23 16:20:31,649	run_master	DEBUG	In ExperimentMasterApplication.OnOpen
2026-07-23 16:20:31,649	run_master	DEBUG	In ExperimentMasterApplication.AssignClassDuringStartup
2026-07-23 16:20:31,649	run_master	DEBUG	In ExperimentMasterApplication.AssignClassDuringStartup
2026-07-23 16:20:31,650	run_master	DEBUG	In ExperimentMasterApplication.AssignClassDuringStartup
channel state change: CLOSED
2026-07-23 16:20:31,652	run_master	DEBUG	In ExperimentMasterApplication.OnClose
channel state change: OPENING
channel state change: OPEN
2026-07-23 16:20:31,653	run_master	DEBUG	In ExperimentMasterApplication.OnOpen
2026-07-23 16:20:31,654	run_master	DEBUG	In ExperimentMasterApplication.AssignClassDuringStartup
2026-07-23 16:20:31,654	run_master	DEBUG	In ExperimentMasterApplication.AssignClassDuringStartup
2026-07-23 16:20:31,654	run_master	DEBUG	In ExperimentMasterApplication.AssignClassDuringStartup
channel state change: CLOSED
2026-07-23 16:20:31,657	run_master	DEBUG	In ExperimentMasterApplication.OnClose
channel state change: OPENING
channel state change: OPEN
2026-07-23 16:20:31,658	run_master	DEBUG	In ExperimentMasterApplication.OnOpen
2026-07-23 16:20:31,659	run_master	DEBUG	In ExperimentMasterApplication.AssignClassDuringStartup
2026-07-23 16:20:31,659	run_master	DEBUG	In ExperimentMasterApplication.AssignClassDuringStartup
2026-07-23 16:20:31,659	run_master	DEBUG	In ExperimentMasterApplication.AssignClassDuringStartup
channel state change: CLOSED
2026-07-23 16:20:31,662	run_master	DEBUG	In ExperimentMasterApplication.OnClose
channel state change: OPENING
channel state change: OPEN
2026-07-23 16:20:31,664	run_master	DEBUG	In ExperimentMasterApplication.OnOpen
2026-07-23 16:20:31,665	run_master	DEBUG	In ExperimentMasterApplication.AssignClassDuringStartup
2026-07-23 16:20:31,665	run_master	DEBUG	In ExperimentMasterApplication.AssignClassDuringStartup
2026-07-23 16:20:31,665	run_master	DEBUG	In ExperimentMasterApplication.AssignClassDuringStartup
channel state change: CLOSED
2026-07-23 16:20:31,677	run_master	DEBUG	In ExperimentMasterApplication.OnClose
channel state change: OPENING
channel state change: OPEN
2026-07-23 16:20:31,679	run_master	DEBUG	In ExperimentMasterApplication.OnOpen
2026-07-23 16:20:31,679	run_master	DEBUG	In ExperimentMasterApplication.AssignClassDuringStartup
2026-07-23 16:20:31,679	run_master	DEBUG	In ExperimentMasterApplication.AssignClassDuringStartup
2026-07-23 16:20:31,679	run_master	DEBUG	In ExperimentMasterApplication.AssignClassDuringStartup
channel state change: CLOSED
2026-07-23 16:20:31,687	run_master	DEBUG	In ExperimentMasterApplication.OnClose
channel state change: OPENING
channel state change: OPEN
2026-07-23 16:20:31,689	run_master	DEBUG	In ExperimentMasterApplication.OnOpen
2026-07-23 16:20:31,690	run_master	DEBUG	In ExperimentMasterApplication.AssignClassDuringStartup
2026-07-23 16:20:31,690	run_master	DEBUG	In ExperimentMasterApplication.AssignClassDuringStartup
2026-07-23 16:20:31,690	run_master	DEBUG	In ExperimentMasterApplication.AssignClassDuringStartup
channel state change: CLOSED
2026-07-23 16:20:31,697	run_master	DEBUG	In ExperimentMasterApplication.OnClose
channel state change: OPENING
channel state change: OPEN
2026-07-23 16:20:31,699	run_master	DEBUG	In ExperimentMasterApplication.OnOpen
2026-07-23 16:20:31,699	run_master	DEBUG	In ExperimentMasterApplication.AssignClassDuringStartup
2026-07-23 16:20:31,699	run_master	DEBUG	In ExperimentMasterApplication.AssignClassDuringStartup
2026-07-23 16:20:31,699	run_master	DEBUG	In ExperimentMasterApplication.AssignClassDuringStartup
channel state change: CLOSED
2026-07-23 16:20:31,707	run_master	DEBUG	In ExperimentMasterApplication.OnClose
channel state change: OPENING
channel state change: OPEN
2026-07-23 16:20:31,710	run_master	DEBUG	In ExperimentMasterApplication.OnOpen
2026-07-23 16:20:31,710	run_master	DEBUG	In ExperimentMasterApplication.AssignClassDuringStartup
2026-07-23 16:20:31,710	run_master	DEBUG	In ExperimentMasterApplication.AssignClassDuringStartup
2026-07-23 16:20:31,710	run_master	DEBUG	In ExperimentMasterApplication.AssignClassDuringStartup
channel state change: CLOSED
2026-07-23 16:20:31,718	run_master	DEBUG	In ExperimentMasterApplication.OnClose
channel state change: OPENING
channel state change: OPEN
2026-07-23 16:20:31,719	run_master	DEBUG	In ExperimentMasterApplication.OnOpen
2026-07-23 16:20:31,720	run_master	DEBUG	In ExperimentMasterApplication.AssignClassDuringStartup
2026-07-23 16:20:31,720	run_master	DEBUG	In ExperimentMasterApplication.AssignClassDuringStartup
2026-07-23 16:20:31,720	run_master	DEBUG	In ExperimentMasterApplication.AssignClassDuringStartup
channel state change: CLOSED
2026-07-23 16:20:31,727	run_master	DEBUG	In ExperimentMasterApplication.OnClose
channel state change: OPENING
channel state change: OPEN
2026-07-23 16:20:31,728	run_master	DEBUG	In ExperimentMasterApplication.OnOpen
2026-07-23 16:20:31,729	run_master	DEBUG	In ExperimentMasterApplication.AssignClassDuringStartup
2026-07-23 16:20:31,729	run_master	DEBUG	In ExperimentMasterApplication.AssignClassDuringStartup
2026-07-23 16:20:31,729	run_master	DEBUG	In ExperimentMasterApplication.AssignClassDuringStartup
channel state change: CLOSED
2026-07-23 16:20:31,737	run_master	DEBUG	In ExperimentMasterApplication.OnClose
channel state change: OPENING
channel state change: OPEN
2026-07-23 16:20:31,740	run_master	DEBUG	In ExperimentMasterApplication.OnOpen
2026-07-23 16:20:31,740	run_master	DEBUG	In ExperimentMasterApplication.AssignClassDuringStartup
2026-07-23 16:20:31,740	run_master	DEBUG	In ExperimentMasterApplication.AssignClassDuringStartup
2026-07-23 16:20:31,740	run_master	DEBUG	In ExperimentMasterApplication.AssignClassDuringStartup
channel state change: CLOSED
2026-07-23 16:20:31,747	run_master	DEBUG	In ExperimentMasterApplication.OnClose
channel state change: OPENING
channel state change: OPEN
2026-07-23 16:20:31,749	run_master	DEBUG	In ExperimentMasterApplication.OnOpen
2026-07-23 16:20:31,749	run_master	DEBUG	In ExperimentMasterApplication.AssignClassDuringStartup
2026-07-23 16:20:31,749	run_master	DEBUG	In ExperimentMasterApplication.AssignClassDuringStartup
2026-07-23 16:20:31,749	run_master	DEBUG	In ExperimentMasterApplication.AssignClassDuringStartup
channel state change: CLOSED
2026-07-23 16:20:31,757	run_master	DEBUG	In ExperimentMasterApplication.OnClose
channel state change: OPENING
channel state change: OPEN
2026-07-23 16:20:31,760	run_master	DEBUG	In ExperimentMasterApplication.OnOpen
2026-07-23 16:20:31,760	run_master	DEBUG	In ExperimentMasterApplication.AssignClassDuringStartup
2026-07-23 16:20:31,760	run_master	DEBUG	In ExperimentMasterApplication.AssignClassDuringStartup
2026-07-23 16:20:31,760	run_master	DEBUG	In ExperimentMasterApplication.AssignClassDuringStartup
channel state change: CLOSED
2026-07-23 16:20:31,768	run_master	DEBUG	In ExperimentMasterApplication.OnClose
channel state change: OPENING
channel state change: OPEN
2026-07-23 16:20:31,770	run_master	DEBUG	In ExperimentMasterApplication.OnOpen
2026-07-23 16:20:31,770	run_master	DEBUG	In ExperimentMasterApplication.AssignClassDuringStartup
2026-07-23 16:20:31,770	run_master	DEBUG	In ExperimentMasterApplication.AssignClassDuringStartup
2026-07-23 16:20:31,770	run_master	DEBUG	In ExperimentMasterApplication.AssignClassDuringStartup
channel state change: CLOSED
2026-07-23 16:20:31,777	run_master	DEBUG	In ExperimentMasterApplication.OnClose
channel state change: OPENING
channel state change: OPEN
2026-07-23 16:20:31,778	run_master	DEBUG	In ExperimentMasterApplication.OnOpen
2026-07-23 16:20:31,779	run_master	DEBUG	In ExperimentMasterApplication.AssignClassDuringStartup
2026-07-23 16:20:31,779	run_master	DEBUG	In ExperimentMasterApplication.AssignClassDuringStartup
2026-07-23 16:20:31,779	run_master	DEBUG	In ExperimentMasterApplication.AssignClassDuringStartup
channel state change: CLOSED
2026-07-23 16:20:31,787	run_master	DEBUG	In ExperimentMasterApplication.OnClose
channel state change: OPENING
channel state change: OPEN
2026-07-23 16:20:31,789	run_master	DEBUG	In ExperimentMasterApplication.OnOpen
2026-07-23 16:20:31,790	run_master	DEBUG	In ExperimentMasterApplication.AssignClassDuringStartup
2026-07-23 16:20:31,790	run_master	DEBUG	In ExperimentMasterApplication.AssignClassDuringStartup
2026-07-23 16:20:31,790	run_master	DEBUG	In ExperimentMasterApplication.AssignClassDuringStartup
channel state change: CLOSED
2026-07-23 16:20:31,798	run_master	DEBUG	In ExperimentMasterApplication.OnClose
channel state change: OPENING
channel state change: OPEN
2026-07-23 16:20:31,799	run_master	DEBUG	In ExperimentMasterApplication.OnOpen
2026-07-23 16:20:31,799	run_master	DEBUG	In ExperimentMasterApplication.AssignClassDuringStartup
2026-07-23 16:20:31,799	run_master	DEBUG	In ExperimentMasterApplication.AssignClassDuringStartup
2026-07-23 16:20:31,799	run_master	DEBUG	In ExperimentMasterApplication.AssignClassDuringStartup
channel state change: CLOSED
2026-07-23 16:20:31,807	run_master	DEBUG	In ExperimentMasterApplication.OnClose
channel state change: OPENING
channel state change: OPEN
2026-07-23 16:20:31,808	run_master	DEBUG	In ExperimentMasterApplication.OnOpen
2026-07-23 16:20:31,809	run_master	DEBUG	In ExperimentMasterApplication.AssignClassDuringStartup
2026-07-23 16:20:31,809	run_master	DEBUG	In ExperimentMasterApplication.AssignClassDuringStartup
2026-07-23 16:20:31,809	run_master	DEBUG	In ExperimentMasterApplication.AssignClassDuringStartup
channel state change: CLOSED
2026-07-23 16:20:31,818	run_master	DEBUG	In ExperimentMasterApplication.OnClose
channel state change: OPENING
channel state change: OPEN
2026-07-23 16:20:31,819	run_master	DEBUG	In ExperimentMasterApplication.OnOpen
2026-07-23 16:20:31,820	run_master	DEBUG	In ExperimentMasterApplication.AssignClassDuringStartup
2026-07-23 16:20:31,820	run_master	DEBUG	In ExperimentMasterApplication.AssignClassDuringStartup
2026-07-23 16:20:31,820	run_master	DEBUG	In ExperimentMasterApplication.AssignClassDuringStartup
channel state change: CLOSED
2026-07-23 16:20:31,828	run_master	DEBUG	In ExperimentMasterApplication.OnClose
channel state change: OPENING
channel state change: OPEN
2026-07-23 16:20:31,829	run_master	DEBUG	In ExperimentMasterApplication.OnOpen
2026-07-23 16:20:31,829	run_master	DEBUG	In ExperimentMasterApplication.AssignClassDuringStartup
2026-07-23 16:20:31,829	run_master	DEBUG	In ExperimentMasterApplication.AssignClassDuringStartup
2026-07-23 16:20:31,829	run_master	DEBUG	In ExperimentMasterApplication.AssignClassDuringStartup
channel state change: CLOSED
2026-07-23 16:20:31,837	run_master	DEBUG	In ExperimentMasterApplication.OnClose
channel state change: OPENING
channel state change: OPEN
2026-07-23 16:20:31,839	run_master	DEBUG	In ExperimentMasterApplication.OnOpen
2026-07-23 16:20:31,840	run_master	DEBUG	In ExperimentMasterApplication.AssignClassDuringStartup
2026-07-23 16:20:31,840	run_master	DEBUG	In ExperimentMasterApplication.AssignClassDuringStartup
2026-07-23 16:20:31,840	run_master	DEBUG	In ExperimentMasterApplication.AssignClassDuringStartup
channel state change: CLOSED
2026-07-23 16:20:31,848	run_master	DEBUG	In ExperimentMasterApplication.OnClose
channel state change: OPENING
channel state change: OPEN
2026-07-23 16:20:31,849	run_master	DEBUG	In ExperimentMasterApplication.OnOpen
2026-07-23 16:20:31,849	run_master	DEBUG	In ExperimentMasterApplication.AssignClassDuringStartup
2026-07-23 16:20:31,849	run_master	DEBUG	In ExperimentMasterApplication.AssignClassDuringStartup
2026-07-23 16:20:31,849	run_master	DEBUG	In ExperimentMasterApplication.AssignClassDuringStartup
channel state change: CLOSED
2026-07-23 16:20:31,857	run_master	DEBUG	In ExperimentMasterApplication.OnClose
channel state change: OPENING
channel state change: OPEN
2026-07-23 16:20:31,860	run_master	DEBUG	In ExperimentMasterApplication.OnOpen
2026-07-23 16:20:31,860	run_master	DEBUG	In ExperimentMasterApplication.AssignClassDuringStartup
2026-07-23 16:20:31,860	run_master	DEBUG	In ExperimentMasterApplication.AssignClassDuringStartup
2026-07-23 16:20:31,860	run_master	DEBUG	In ExperimentMasterApplication.AssignClassDuringStartup
channel state change: CLOSED
2026-07-23 16:20:31,868	run_master	DEBUG	In ExperimentMasterApplication.OnClose
channel state change: OPENING
channel state change: OPEN
2026-07-23 16:20:31,870	run_master	DEBUG	In ExperimentMasterApplication.OnOpen
2026-07-23 16:20:31,870	run_master	DEBUG	In ExperimentMasterApplication.AssignClassDuringStartup
2026-07-23 16:20:31,870	run_master	DEBUG	In ExperimentMasterApplication.AssignClassDuringStartup
2026-07-23 16:20:31,870	run_master	DEBUG	In ExperimentMasterApplication.AssignClassDuringStartup
channel state change: CLOSED
2026-07-23 16:20:31,882	run_master	DEBUG	In ExperimentMasterApplication.OnClose
channel state change: OPENING
channel state change: OPEN
2026-07-23 16:20:31,885	run_master	DEBUG	In ExperimentMasterApplication.OnOpen
2026-07-23 16:20:31,885	run_master	DEBUG	In ExperimentMasterApplication.AssignClassDuringStartup
2026-07-23 16:20:31,885	run_master	DEBUG	In ExperimentMasterApplication.AssignClassDuringStartup
2026-07-23 16:20:31,885	run_master	DEBUG	In ExperimentMasterApplication.AssignClassDuringStartup
channel state change: CLOSED
2026-07-23 16:20:31,902	run_master	DEBUG	In ExperimentMasterApplication.OnClose
channel state change: OPENING
channel state change: OPEN
2026-07-23 16:20:31,904	run_master	DEBUG	In ExperimentMasterApplication.OnOpen
2026-07-23 16:20:31,904	run_master	DEBUG	In ExperimentMasterApplication.AssignClassDuringStartup
2026-07-23 16:20:31,904	run_master	DEBUG	In ExperimentMasterApplication.AssignClassDuringStartup
2026-07-23 16:20:31,904	run_master	DEBUG	In ExperimentMasterApplication.AssignClassDuringStartup
channel state change: CLOSED
2026-07-23 16:20:31,920	run_master	DEBUG	In ExperimentMasterApplication.OnClose
channel state change: OPENING
channel state change: OPEN
2026-07-23 16:20:31,921	run_master	DEBUG	In ExperimentMasterApplication.OnOpen
2026-07-23 16:20:31,921	run_master	DEBUG	In ExperimentMasterApplication.AssignClassDuringStartup
2026-07-23 16:20:31,921	run_master	DEBUG	In ExperimentMasterApplication.AssignClassDuringStartup
2026-07-23 16:20:31,921	run_master	DEBUG	In ExperimentMasterApplication.AssignClassDuringStartup
channel state change: CLOSED
2026-07-23 16:20:31,937	run_master	DEBUG	In ExperimentMasterApplication.OnClose
channel state change: OPENING
channel state change: OPEN
2026-07-23 16:20:31,939	run_master	DEBUG	In ExperimentMasterApplication.OnOpen
2026-07-23 16:20:31,940	run_master	DEBUG	In ExperimentMasterApplication.AssignClassDuringStartup
2026-07-23 16:20:31,940	run_master	DEBUG	In ExperimentMasterApplication.AssignClassDuringStartup
2026-07-23 16:20:31,940	run_master	DEBUG	In ExperimentMasterApplication.AssignClassDuringStartup
channel state change: CLOSED
2026-07-23 16:20:31,952	run_master	DEBUG	In ExperimentMasterApplication.OnClose
channel state change: OPENING
channel state change: OPEN
2026-07-23 16:20:31,953	run_master	DEBUG	In ExperimentMasterApplication.OnOpen
2026-07-23 16:20:31,954	run_master	DEBUG	In ExperimentMasterApplication.AssignClassDuringStartup
2026-07-23 16:20:31,954	run_master	DEBUG	In ExperimentMasterApplication.AssignClassDuringStartup
2026-07-23 16:20:31,954	run_master	DEBUG	In ExperimentMasterApplication.AssignClassDuringStartup
channel state change: CLOSED
2026-07-23 16:20:31,957	run_master	DEBUG	In ExperimentMasterApplication.OnClose
channel state change: OPENING
channel state change: OPEN
2026-07-23 16:20:31,958	run_master	DEBUG	In ExperimentMasterApplication.OnOpen
2026-07-23 16:20:31,959	run_master	DEBUG	In ExperimentMasterApplication.AssignClassDuringStartup
2026-07-23 16:20:31,959	run_master	DEBUG	In ExperimentMasterApplication.AssignClassDuringStartup
2026-07-23 16:20:31,959	run_master	DEBUG	In ExperimentMasterApplication.AssignClassDuringStartup
channel state change: CLOSED
2026-07-23 16:20:31,962	run_master	DEBUG	In ExperimentMasterApplication.OnClose
channel state change: OPENING
channel state change: OPEN
2026-07-23 16:20:31,964	run_master	DEBUG	In ExperimentMasterApplication.OnOpen
2026-07-23 16:20:31,965	run_master	DEBUG	In ExperimentMasterApplication.AssignClassDuringStartup
2026-07-23 16:20:31,965	run_master	DEBUG	In ExperimentMasterApplication.AssignClassDuringStartup
2026-07-23 16:20:31,965	run_master	DEBUG	In ExperimentMasterApplication.AssignClassDuringStartup
channel state change: CLOSED
2026-07-23 16:20:31,968	run_master	DEBUG	In ExperimentMasterApplication.OnClose
channel state change: OPENING
channel state change: OPEN
2026-07-23 16:20:31,969	run_master	DEBUG	In ExperimentMasterApplication.OnOpen
2026-07-23 16:20:31,970	run_master	DEBUG	In ExperimentMasterApplication.AssignClassDuringStartup
2026-07-23 16:20:31,970	run_master	DEBUG	In ExperimentMasterApplication.AssignClassDuringStartup
2026-07-23 16:20:31,970	run_master	DEBUG	In ExperimentMasterApplication.AssignClassDuringStartup
channel state change: CLOSED
2026-07-23 16:20:31,972	run_master	DEBUG	In ExperimentMasterApplication.OnClose
channel state change: OPENING
channel state change: OPEN
2026-07-23 16:20:31,974	run_master	DEBUG	In ExperimentMasterApplication.OnOpen
2026-07-23 16:20:31,974	run_master	DEBUG	In ExperimentMasterApplication.AssignClassDuringStartup
2026-07-23 16:20:31,974	run_master	DEBUG	In ExperimentMasterApplication.AssignClassDuringStartup
2026-07-23 16:20:31,974	run_master	DEBUG	In ExperimentMasterApplication.AssignClassDuringStartup
channel state change: CLOSED
2026-07-23 16:20:31,978	run_master	DEBUG	In ExperimentMasterApplication.OnClose
channel state change: OPENING
channel state change: OPEN
2026-07-23 16:20:31,979	run_master	DEBUG	In ExperimentMasterApplication.OnOpen
2026-07-23 16:20:31,979	run_master	DEBUG	In ExperimentMasterApplication.AssignClassDuringStartup
2026-07-23 16:20:31,979	run_master	DEBUG	In ExperimentMasterApplication.AssignClassDuringStartup
2026-07-23 16:20:31,979	run_master	DEBUG	In ExperimentMasterApplication.AssignClassDuringStartup
channel state change: CLOSED
2026-07-23 16:20:31,986	run_master	DEBUG	In ExperimentMasterApplication.OnClose
channel state change: OPENING
channel state change: OPEN
2026-07-23 16:20:31,988	run_master	DEBUG	In ExperimentMasterApplication.OnOpen
2026-07-23 16:20:31,988	run_master	DEBUG	In ExperimentMasterApplication.AssignClassDuringStartup
2026-07-23 16:20:31,988	run_master	DEBUG	In ExperimentMasterApplication.AssignClassDuringStartup
2026-07-23 16:20:31,988	run_master	DEBUG	In ExperimentMasterApplication.AssignClassDuringStartup
channel state change: CLOSED
2026-07-23 16:20:31,993	run_master	DEBUG	In ExperimentMasterApplication.OnClose
channel state change: OPENING
channel state change: OPEN
2026-07-23 16:20:31,994	run_master	DEBUG	In ExperimentMasterApplication.OnOpen
2026-07-23 16:20:31,995	run_master	DEBUG	In ExperimentMasterApplication.AssignClassDuringStartup
2026-07-23 16:20:31,995	run_master	DEBUG	In ExperimentMasterApplication.AssignClassDuringStartup
2026-07-23 16:20:31,995	run_master	DEBUG	In ExperimentMasterApplication.AssignClassDuringStartup
channel state change: CLOSED
2026-07-23 16:20:31,997	run_master	DEBUG	In ExperimentMasterApplication.OnClose
channel state change: OPENING
channel state change: OPEN
2026-07-23 16:20:31,999	run_master	DEBUG	In ExperimentMasterApplication.OnOpen
2026-07-23 16:20:31,999	run_master	DEBUG	In ExperimentMasterApplication.AssignClassDuringStartup
2026-07-23 16:20:31,999	run_master	DEBUG	In ExperimentMasterApplication.AssignClassDuringStartup
2026-07-23 16:20:31,999	run_master	DEBUG	In ExperimentMasterApplication.AssignClassDuringStartup
channel state change: CLOSED
2026-07-23 16:20:32,002	run_master	DEBUG	In ExperimentMasterApplication.OnClose
channel state change: OPENING
channel state change: OPEN
2026-07-23 16:20:32,003	run_master	DEBUG	In ExperimentMasterApplication.OnOpen
2026-07-23 16:20:32,004	run_master	DEBUG	In ExperimentMasterApplication.AssignClassDuringStartup
2026-07-23 16:20:32,004	run_master	DEBUG	In ExperimentMasterApplication.AssignClassDuringStartup
2026-07-23 16:20:32,004	run_master	DEBUG	In ExperimentMasterApplication.AssignClassDuringStartup
channel state change: CLOSED
2026-07-23 16:20:32,008	run_master	DEBUG	In ExperimentMasterApplication.OnClose
channel state change: OPENING
channel state change: OPEN
2026-07-23 16:20:32,010	run_master	DEBUG	In ExperimentMasterApplication.OnOpen
2026-07-23 16:20:32,010	run_master	DEBUG	In ExperimentMasterApplication.AssignClassDuringStartup
2026-07-23 16:20:32,010	run_master	DEBUG	In ExperimentMasterApplication.AssignClassDuringStartup
2026-07-23 16:20:32,011	run_master	DEBUG	In ExperimentMasterApplication.AssignClassDuringStartup
channel state change: CLOSED
2026-07-23 16:20:32,012	run_master	DEBUG	In ExperimentMasterApplication.OnClose
channel state change: OPENING
channel state change: OPEN
2026-07-23 16:20:32,014	run_master	DEBUG	In ExperimentMasterApplication.OnOpen
2026-07-23 16:20:32,015	run_master	DEBUG	In ExperimentMasterApplication.AssignClassDuringStartup
2026-07-23 16:20:32,015	run_master	DEBUG	In ExperimentMasterApplication.AssignClassDuringStartup
2026-07-23 16:20:32,015	run_master	DEBUG	In ExperimentMasterApplication.AssignClassDuringStartup
channel state change: CLOSED
2026-07-23 16:20:32,018	run_master	DEBUG	In ExperimentMasterApplication.OnClose
channel state change: OPENING
channel state change: OPEN
2026-07-23 16:20:32,019	run_master	DEBUG	In ExperimentMasterApplication.OnOpen
2026-07-23 16:20:32,020	run_master	DEBUG	In ExperimentMasterApplication.AssignClassDuringStartup
2026-07-23 16:20:32,020	run_master	DEBUG	In ExperimentMasterApplication.AssignClassDuringStartup
2026-07-23 16:20:32,020	run_master	DEBUG	In ExperimentMasterApplication.AssignClassDuringStartup
channel state change: CLOSED
2026-07-23 16:20:32,023	run_master	DEBUG	In ExperimentMasterApplication.OnClose
channel state change: OPENING
channel state change: OPEN
2026-07-23 16:20:32,024	run_master	DEBUG	In ExperimentMasterApplication.OnOpen
2026-07-23 16:20:32,024	run_master	DEBUG	In ExperimentMasterApplication.AssignClassDuringStartup
2026-07-23 16:20:32,024	run_master	DEBUG	In ExperimentMasterApplication.AssignClassDuringStartup
2026-07-23 16:20:32,024	run_master	DEBUG	In ExperimentMasterApplication.AssignClassDuringStartup
channel state change: CLOSED
2026-07-23 16:20:32,027	run_master	DEBUG	In ExperimentMasterApplication.OnClose
channel state change: OPENING
channel state change: OPEN
2026-07-23 16:20:32,028	run_master	DEBUG	In ExperimentMasterApplication.OnOpen
2026-07-23 16:20:32,029	run_master	DEBUG	In ExperimentMasterApplication.AssignClassDuringStartup
2026-07-23 16:20:32,029	run_master	DEBUG	In ExperimentMasterApplication.AssignClassDuringStartup
2026-07-23 16:20:32,029	run_master	DEBUG	In ExperimentMasterApplication.AssignClassDuringStartup
channel state change: CLOSED
2026-07-23 16:20:32,032	run_master	DEBUG	In ExperimentMasterApplication.OnClose
channel state change: OPENING
channel state change: OPEN
2026-07-23 16:20:32,035	run_master	DEBUG	In ExperimentMasterApplication.OnOpen
2026-07-23 16:20:32,035	run_master	DEBUG	In ExperimentMasterApplication.AssignClassDuringStartup
2026-07-23 16:20:32,035	run_master	DEBUG	In ExperimentMasterApplication.AssignClassDuringStartup
2026-07-23 16:20:32,035	run_master	DEBUG	In ExperimentMasterApplication.AssignClassDuringStartup
channel state change: CLOSED
2026-07-23 16:20:32,038	run_master	DEBUG	In ExperimentMasterApplication.OnClose
channel state change: OPENING
channel state change: OPEN
2026-07-23 16:20:32,040	run_master	DEBUG	In ExperimentMasterApplication.OnOpen
2026-07-23 16:20:32,040	run_master	DEBUG	In ExperimentMasterApplication.AssignClassDuringStartup
2026-07-23 16:20:32,040	run_master	DEBUG	In ExperimentMasterApplication.AssignClassDuringStartup
2026-07-23 16:20:32,040	run_master	DEBUG	In ExperimentMasterApplication.AssignClassDuringStartup
channel state change: CLOSED
2026-07-23 16:20:32,046	run_master	DEBUG	In ExperimentMasterApplication.OnClose
channel state change: OPENING
channel state change: OPEN
2026-07-23 16:20:32,048	run_master	DEBUG	In ExperimentMasterApplication.OnOpen
2026-07-23 16:20:32,048	run_master	DEBUG	In ExperimentMasterApplication.AssignClassDuringStartup
2026-07-23 16:20:32,049	run_master	DEBUG	In ExperimentMasterApplication.AssignClassDuringStartup
2026-07-23 16:20:32,049	run_master	DEBUG	In ExperimentMasterApplication.AssignClassDuringStartup
channel state change: CLOSED
2026-07-23 16:20:32,049	run_master	DEBUG	In ExperimentMasterApplication.OnClose
channel state change: OPENING
[16:20:32] SEND one Class-0 integrity READ
2026-07-23 16:20:32,116	run_master	DEBUG	In ExperimentMasterApplication.OnTaskComplete
channel state change: OPEN
2026-07-23 16:20:33,052	run_master	DEBUG	In ExperimentMasterApplication.OnOpen
2026-07-23 16:20:33,052	run_master	DEBUG	In ExperimentMasterApplication.AssignClassDuringStartup
2026-07-23 16:20:33,052	run_master	DEBUG	In ExperimentMasterApplication.AssignClassDuringStartup
2026-07-23 16:20:33,053	run_master	DEBUG	In ExperimentMasterApplication.AssignClassDuringStartup
channel state change: CLOSED
2026-07-23 16:20:33,053	run_master	DEBUG	In ExperimentMasterApplication.OnClose
channel state change: OPENING
channel state change: OPEN
2026-07-23 16:20:33,054	run_master	DEBUG	In ExperimentMasterApplication.OnOpen
2026-07-23 16:20:33,055	run_master	DEBUG	In ExperimentMasterApplication.AssignClassDuringStartup
2026-07-23 16:20:33,055	run_master	DEBUG	In ExperimentMasterApplication.AssignClassDuringStartup
2026-07-23 16:20:33,055	run_master	DEBUG	In ExperimentMasterApplication.AssignClassDuringStartup
channel state change: CLOSED
2026-07-23 16:20:33,056	run_master	DEBUG	In ExperimentMasterApplication.OnClose
channel state change: OPENING
channel state change: OPEN
2026-07-23 16:20:33,058	run_master	DEBUG	In ExperimentMasterApplication.OnOpen
2026-07-23 16:20:33,058	run_master	DEBUG	In ExperimentMasterApplication.AssignClassDuringStartup
2026-07-23 16:20:33,058	run_master	DEBUG	In ExperimentMasterApplication.AssignClassDuringStartup
2026-07-23 16:20:33,058	run_master	DEBUG	In ExperimentMasterApplication.AssignClassDuringStartup
channel state change: CLOSED
2026-07-23 16:20:33,059	run_master	DEBUG	In ExperimentMasterApplication.OnClose
channel state change: OPENING
channel state change: OPEN
2026-07-23 16:20:33,061	run_master	DEBUG	In ExperimentMasterApplication.OnOpen
2026-07-23 16:20:33,061	run_master	DEBUG	In ExperimentMasterApplication.AssignClassDuringStartup
2026-07-23 16:20:33,061	run_master	DEBUG	In ExperimentMasterApplication.AssignClassDuringStartup
2026-07-23 16:20:33,061	run_master	DEBUG	In ExperimentMasterApplication.AssignClassDuringStartup
channel state change: CLOSED
2026-07-23 16:20:33,062	run_master	DEBUG	In ExperimentMasterApplication.OnClose
channel state change: OPENING
channel state change: OPEN
2026-07-23 16:20:33,064	run_master	DEBUG	In ExperimentMasterApplication.OnOpen
2026-07-23 16:20:33,064	run_master	DEBUG	In ExperimentMasterApplication.AssignClassDuringStartup
2026-07-23 16:20:33,065	run_master	DEBUG	In ExperimentMasterApplication.AssignClassDuringStartup
2026-07-23 16:20:33,065	run_master	DEBUG	In ExperimentMasterApplication.AssignClassDuringStartup
channel state change: CLOSED
2026-07-23 16:20:33,065	run_master	DEBUG	In ExperimentMasterApplication.OnClose
channel state change: OPENING
channel state change: OPEN
2026-07-23 16:20:33,066	run_master	DEBUG	In ExperimentMasterApplication.OnOpen
2026-07-23 16:20:33,066	run_master	DEBUG	In ExperimentMasterApplication.AssignClassDuringStartup
2026-07-23 16:20:33,066	run_master	DEBUG	In ExperimentMasterApplication.AssignClassDuringStartup
2026-07-23 16:20:33,066	run_master	DEBUG	In ExperimentMasterApplication.AssignClassDuringStartup
channel state change: CLOSED
2026-07-23 16:20:33,067	run_master	DEBUG	In ExperimentMasterApplication.OnClose
channel state change: OPENING
channel state change: OPEN
2026-07-23 16:20:33,069	run_master	DEBUG	In ExperimentMasterApplication.OnOpen
2026-07-23 16:20:33,070	run_master	DEBUG	In ExperimentMasterApplication.AssignClassDuringStartup
2026-07-23 16:20:33,070	run_master	DEBUG	In ExperimentMasterApplication.AssignClassDuringStartup
2026-07-23 16:20:33,070	run_master	DEBUG	In ExperimentMasterApplication.AssignClassDuringStartup
channel state change: CLOSED
2026-07-23 16:20:33,070	run_master	DEBUG	In ExperimentMasterApplication.OnClose
channel state change: OPENING
channel state change: OPEN
2026-07-23 16:20:33,073	run_master	DEBUG	In ExperimentMasterApplication.OnOpen
2026-07-23 16:20:33,073	run_master	DEBUG	In ExperimentMasterApplication.AssignClassDuringStartup
2026-07-23 16:20:33,073	run_master	DEBUG	In ExperimentMasterApplication.AssignClassDuringStartup
2026-07-23 16:20:33,073	run_master	DEBUG	In ExperimentMasterApplication.AssignClassDuringStartup
channel state change: CLOSED
2026-07-23 16:20:33,073	run_master	DEBUG	In ExperimentMasterApplication.OnClose
channel state change: OPENING
channel state change: OPEN
2026-07-23 16:20:33,075	run_master	DEBUG	In ExperimentMasterApplication.OnOpen
2026-07-23 16:20:33,075	run_master	DEBUG	In ExperimentMasterApplication.AssignClassDuringStartup
2026-07-23 16:20:33,075	run_master	DEBUG	In ExperimentMasterApplication.AssignClassDuringStartup
2026-07-23 16:20:33,075	run_master	DEBUG	In ExperimentMasterApplication.AssignClassDuringStartup
channel state change: CLOSED
2026-07-23 16:20:33,075	run_master	DEBUG	In ExperimentMasterApplication.OnClose
channel state change: OPENING
channel state change: OPEN
2026-07-23 16:20:33,078	run_master	DEBUG	In ExperimentMasterApplication.OnOpen
2026-07-23 16:20:33,078	run_master	DEBUG	In ExperimentMasterApplication.AssignClassDuringStartup
2026-07-23 16:20:33,078	run_master	DEBUG	In ExperimentMasterApplication.AssignClassDuringStartup
2026-07-23 16:20:33,078	run_master	DEBUG	In ExperimentMasterApplication.AssignClassDuringStartup
channel state change: CLOSED
2026-07-23 16:20:33,078	run_master	DEBUG	In ExperimentMasterApplication.OnClose
channel state change: OPENING
channel state change: OPEN
2026-07-23 16:20:33,081	run_master	DEBUG	In ExperimentMasterApplication.OnOpen
2026-07-23 16:20:33,081	run_master	DEBUG	In ExperimentMasterApplication.AssignClassDuringStartup
2026-07-23 16:20:33,081	run_master	DEBUG	In ExperimentMasterApplication.AssignClassDuringStartup
2026-07-23 16:20:33,081	run_master	DEBUG	In ExperimentMasterApplication.AssignClassDuringStartup
channel state change: CLOSED
2026-07-23 16:20:33,082	run_master	DEBUG	In ExperimentMasterApplication.OnClose
channel state change: OPENING
channel state change: OPEN
2026-07-23 16:20:33,083	run_master	DEBUG	In ExperimentMasterApplication.OnOpen
2026-07-23 16:20:33,083	run_master	DEBUG	In ExperimentMasterApplication.AssignClassDuringStartup
2026-07-23 16:20:33,083	run_master	DEBUG	In ExperimentMasterApplication.AssignClassDuringStartup
2026-07-23 16:20:33,083	run_master	DEBUG	In ExperimentMasterApplication.AssignClassDuringStartup
channel state change: CLOSED
2026-07-23 16:20:33,084	run_master	DEBUG	In ExperimentMasterApplication.OnClose
channel state change: OPENING
channel state change: OPEN
2026-07-23 16:20:33,086	run_master	DEBUG	In ExperimentMasterApplication.OnOpen
2026-07-23 16:20:33,086	run_master	DEBUG	In ExperimentMasterApplication.AssignClassDuringStartup
2026-07-23 16:20:33,086	run_master	DEBUG	In ExperimentMasterApplication.AssignClassDuringStartup
2026-07-23 16:20:33,086	run_master	DEBUG	In ExperimentMasterApplication.AssignClassDuringStartup
channel state change: CLOSED
2026-07-23 16:20:33,088	run_master	DEBUG	In ExperimentMasterApplication.OnClose
channel state change: OPENING
channel state change: OPEN
2026-07-23 16:20:33,090	run_master	DEBUG	In ExperimentMasterApplication.OnOpen
2026-07-23 16:20:33,090	run_master	DEBUG	In ExperimentMasterApplication.AssignClassDuringStartup
2026-07-23 16:20:33,090	run_master	DEBUG	In ExperimentMasterApplication.AssignClassDuringStartup
2026-07-23 16:20:33,090	run_master	DEBUG	In ExperimentMasterApplication.AssignClassDuringStartup
channel state change: CLOSED
2026-07-23 16:20:33,091	run_master	DEBUG	In ExperimentMasterApplication.OnClose
channel state change: OPENING
channel state change: OPEN
2026-07-23 16:20:33,092	run_master	DEBUG	In ExperimentMasterApplication.OnOpen
2026-07-23 16:20:33,092	run_master	DEBUG	In ExperimentMasterApplication.AssignClassDuringStartup
2026-07-23 16:20:33,092	run_master	DEBUG	In ExperimentMasterApplication.AssignClassDuringStartup
2026-07-23 16:20:33,092	run_master	DEBUG	In ExperimentMasterApplication.AssignClassDuringStartup
channel state change: CLOSED
2026-07-23 16:20:33,094	run_master	DEBUG	In ExperimentMasterApplication.OnClose
channel state change: OPENING
channel state change: OPEN
2026-07-23 16:20:33,095	run_master	DEBUG	In ExperimentMasterApplication.OnOpen
2026-07-23 16:20:33,095	run_master	DEBUG	In ExperimentMasterApplication.AssignClassDuringStartup
2026-07-23 16:20:33,096	run_master	DEBUG	In ExperimentMasterApplication.AssignClassDuringStartup
2026-07-23 16:20:33,096	run_master	DEBUG	In ExperimentMasterApplication.AssignClassDuringStartup
channel state change: CLOSED
2026-07-23 16:20:33,096	run_master	DEBUG	In ExperimentMasterApplication.OnClose
channel state change: OPENING
channel state change: OPEN
2026-07-23 16:20:33,098	run_master	DEBUG	In ExperimentMasterApplication.OnOpen
2026-07-23 16:20:33,099	run_master	DEBUG	In ExperimentMasterApplication.AssignClassDuringStartup
2026-07-23 16:20:33,099	run_master	DEBUG	In ExperimentMasterApplication.AssignClassDuringStartup
2026-07-23 16:20:33,099	run_master	DEBUG	In ExperimentMasterApplication.AssignClassDuringStartup
channel state change: CLOSED
2026-07-23 16:20:33,099	run_master	DEBUG	In ExperimentMasterApplication.OnClose
channel state change: OPENING
channel state change: OPEN
2026-07-23 16:20:33,100	run_master	DEBUG	In ExperimentMasterApplication.OnOpen
2026-07-23 16:20:33,100	run_master	DEBUG	In ExperimentMasterApplication.AssignClassDuringStartup
2026-07-23 16:20:33,101	run_master	DEBUG	In ExperimentMasterApplication.AssignClassDuringStartup
2026-07-23 16:20:33,101	run_master	DEBUG	In ExperimentMasterApplication.AssignClassDuringStartup
channel state change: CLOSED
2026-07-23 16:20:33,102	run_master	DEBUG	In ExperimentMasterApplication.OnClose
channel state change: OPENING
channel state change: OPEN
2026-07-23 16:20:33,104	run_master	DEBUG	In ExperimentMasterApplication.OnOpen
2026-07-23 16:20:33,104	run_master	DEBUG	In ExperimentMasterApplication.AssignClassDuringStartup
2026-07-23 16:20:33,104	run_master	DEBUG	In ExperimentMasterApplication.AssignClassDuringStartup
2026-07-23 16:20:33,104	run_master	DEBUG	In ExperimentMasterApplication.AssignClassDuringStartup
channel state change: CLOSED
2026-07-23 16:20:33,105	run_master	DEBUG	In ExperimentMasterApplication.OnClose
channel state change: OPENING
channel state change: OPEN
2026-07-23 16:20:33,107	run_master	DEBUG	In ExperimentMasterApplication.OnOpen
2026-07-23 16:20:33,107	run_master	DEBUG	In ExperimentMasterApplication.AssignClassDuringStartup
2026-07-23 16:20:33,107	run_master	DEBUG	In ExperimentMasterApplication.AssignClassDuringStartup
2026-07-23 16:20:33,107	run_master	DEBUG	In ExperimentMasterApplication.AssignClassDuringStartup
channel state change: CLOSED
2026-07-23 16:20:33,108	run_master	DEBUG	In ExperimentMasterApplication.OnClose
channel state change: OPENING
channel state change: OPEN
2026-07-23 16:20:33,110	run_master	DEBUG	In ExperimentMasterApplication.OnOpen
2026-07-23 16:20:33,110	run_master	DEBUG	In ExperimentMasterApplication.AssignClassDuringStartup
2026-07-23 16:20:33,110	run_master	DEBUG	In ExperimentMasterApplication.AssignClassDuringStartup
2026-07-23 16:20:33,111	run_master	DEBUG	In ExperimentMasterApplication.AssignClassDuringStartup
channel state change: CLOSED
2026-07-23 16:20:33,111	run_master	DEBUG	In ExperimentMasterApplication.OnClose
channel state change: OPENING
channel state change: OPEN
2026-07-23 16:20:33,112	run_master	DEBUG	In ExperimentMasterApplication.OnOpen
2026-07-23 16:20:33,113	run_master	DEBUG	In ExperimentMasterApplication.AssignClassDuringStartup
2026-07-23 16:20:33,113	run_master	DEBUG	In ExperimentMasterApplication.AssignClassDuringStartup
2026-07-23 16:20:33,113	run_master	DEBUG	In ExperimentMasterApplication.AssignClassDuringStartup
channel state change: CLOSED
2026-07-23 16:20:33,114	run_master	DEBUG	In ExperimentMasterApplication.OnClose
channel state change: OPENING
channel state change: OPEN
2026-07-23 16:20:33,115	run_master	DEBUG	In ExperimentMasterApplication.OnOpen
2026-07-23 16:20:33,116	run_master	DEBUG	In ExperimentMasterApplication.AssignClassDuringStartup
2026-07-23 16:20:33,116	run_master	DEBUG	In ExperimentMasterApplication.AssignClassDuringStartup
2026-07-23 16:20:33,116	run_master	DEBUG	In ExperimentMasterApplication.AssignClassDuringStartup
channel state change: CLOSED
2026-07-23 16:20:33,116	run_master	DEBUG	In ExperimentMasterApplication.OnClose
channel state change: OPENING
channel state change: OPEN
2026-07-23 16:20:33,119	run_master	DEBUG	In ExperimentMasterApplication.OnOpen
2026-07-23 16:20:33,120	run_master	DEBUG	In ExperimentMasterApplication.AssignClassDuringStartup
2026-07-23 16:20:33,120	run_master	DEBUG	In ExperimentMasterApplication.AssignClassDuringStartup
2026-07-23 16:20:33,120	run_master	DEBUG	In ExperimentMasterApplication.AssignClassDuringStartup
channel state change: CLOSED
2026-07-23 16:20:33,120	run_master	DEBUG	In ExperimentMasterApplication.OnClose
channel state change: OPENING
channel state change: OPEN
2026-07-23 16:20:33,122	run_master	DEBUG	In ExperimentMasterApplication.OnOpen
2026-07-23 16:20:33,123	run_master	DEBUG	In ExperimentMasterApplication.AssignClassDuringStartup
2026-07-23 16:20:33,123	run_master	DEBUG	In ExperimentMasterApplication.AssignClassDuringStartup
2026-07-23 16:20:33,123	run_master	DEBUG	In ExperimentMasterApplication.AssignClassDuringStartup
channel state change: CLOSED
2026-07-23 16:20:33,123	run_master	DEBUG	In ExperimentMasterApplication.OnClose
channel state change: OPENING
channel state change: OPEN
2026-07-23 16:20:33,125	run_master	DEBUG	In ExperimentMasterApplication.OnOpen
2026-07-23 16:20:33,125	run_master	DEBUG	In ExperimentMasterApplication.AssignClassDuringStartup
2026-07-23 16:20:33,125	run_master	DEBUG	In ExperimentMasterApplication.AssignClassDuringStartup
2026-07-23 16:20:33,125	run_master	DEBUG	In ExperimentMasterApplication.AssignClassDuringStartup
channel state change: CLOSED
2026-07-23 16:20:33,125	run_master	DEBUG	In ExperimentMasterApplication.OnClose
channel state change: OPENING
channel state change: OPEN
2026-07-23 16:20:33,128	run_master	DEBUG	In ExperimentMasterApplication.OnOpen
2026-07-23 16:20:33,128	run_master	DEBUG	In ExperimentMasterApplication.AssignClassDuringStartup
2026-07-23 16:20:33,128	run_master	DEBUG	In ExperimentMasterApplication.AssignClassDuringStartup
2026-07-23 16:20:33,128	run_master	DEBUG	In ExperimentMasterApplication.AssignClassDuringStartup
channel state change: CLOSED
2026-07-23 16:20:33,128	run_master	DEBUG	In ExperimentMasterApplication.OnClose
channel state change: OPENING
channel state change: OPEN
2026-07-23 16:20:33,131	run_master	DEBUG	In ExperimentMasterApplication.OnOpen
2026-07-23 16:20:33,131	run_master	DEBUG	In ExperimentMasterApplication.AssignClassDuringStartup
2026-07-23 16:20:33,131	run_master	DEBUG	In ExperimentMasterApplication.AssignClassDuringStartup
2026-07-23 16:20:33,131	run_master	DEBUG	In ExperimentMasterApplication.AssignClassDuringStartup
channel state change: CLOSED
2026-07-23 16:20:33,132	run_master	DEBUG	In ExperimentMasterApplication.OnClose
channel state change: OPENING
channel state change: OPEN
2026-07-23 16:20:33,133	run_master	DEBUG	In ExperimentMasterApplication.OnOpen
2026-07-23 16:20:33,133	run_master	DEBUG	In ExperimentMasterApplication.AssignClassDuringStartup
2026-07-23 16:20:33,133	run_master	DEBUG	In ExperimentMasterApplication.AssignClassDuringStartup
2026-07-23 16:20:33,133	run_master	DEBUG	In ExperimentMasterApplication.AssignClassDuringStartup
channel state change: CLOSED
2026-07-23 16:20:33,134	run_master	DEBUG	In ExperimentMasterApplication.OnClose
channel state change: OPENING
channel state change: OPEN
2026-07-23 16:20:33,136	run_master	DEBUG	In ExperimentMasterApplication.OnOpen
2026-07-23 16:20:33,136	run_master	DEBUG	In ExperimentMasterApplication.AssignClassDuringStartup
2026-07-23 16:20:33,136	run_master	DEBUG	In ExperimentMasterApplication.AssignClassDuringStartup
2026-07-23 16:20:33,136	run_master	DEBUG	In ExperimentMasterApplication.AssignClassDuringStartup
channel state change: CLOSED
2026-07-23 16:20:33,141	run_master	DEBUG	In ExperimentMasterApplication.OnClose
channel state change: OPENING
channel state change: OPEN
2026-07-23 16:20:33,143	run_master	DEBUG	In ExperimentMasterApplication.OnOpen
2026-07-23 16:20:33,144	run_master	DEBUG	In ExperimentMasterApplication.AssignClassDuringStartup
2026-07-23 16:20:33,144	run_master	DEBUG	In ExperimentMasterApplication.AssignClassDuringStartup
2026-07-23 16:20:33,144	run_master	DEBUG	In ExperimentMasterApplication.AssignClassDuringStartup
channel state change: CLOSED
2026-07-23 16:20:33,144	run_master	DEBUG	In ExperimentMasterApplication.OnClose
channel state change: OPENING
channel state change: OPEN
2026-07-23 16:20:33,146	run_master	DEBUG	In ExperimentMasterApplication.OnOpen
2026-07-23 16:20:33,146	run_master	DEBUG	In ExperimentMasterApplication.AssignClassDuringStartup
2026-07-23 16:20:33,146	run_master	DEBUG	In ExperimentMasterApplication.AssignClassDuringStartup
2026-07-23 16:20:33,146	run_master	DEBUG	In ExperimentMasterApplication.AssignClassDuringStartup
channel state change: CLOSED
2026-07-23 16:20:33,148	run_master	DEBUG	In ExperimentMasterApplication.OnClose
channel state change: OPENING
channel state change: OPEN
2026-07-23 16:20:33,150	run_master	DEBUG	In ExperimentMasterApplication.OnOpen
2026-07-23 16:20:33,150	run_master	DEBUG	In ExperimentMasterApplication.AssignClassDuringStartup
2026-07-23 16:20:33,150	run_master	DEBUG	In ExperimentMasterApplication.AssignClassDuringStartup
2026-07-23 16:20:33,150	run_master	DEBUG	In ExperimentMasterApplication.AssignClassDuringStartup
channel state change: CLOSED
2026-07-23 16:20:33,150	run_master	DEBUG	In ExperimentMasterApplication.OnClose
channel state change: OPENING
channel state change: OPEN
2026-07-23 16:20:33,153	run_master	DEBUG	In ExperimentMasterApplication.OnOpen
2026-07-23 16:20:33,153	run_master	DEBUG	In ExperimentMasterApplication.AssignClassDuringStartup
2026-07-23 16:20:33,153	run_master	DEBUG	In ExperimentMasterApplication.AssignClassDuringStartup
2026-07-23 16:20:33,153	run_master	DEBUG	In ExperimentMasterApplication.AssignClassDuringStartup
channel state change: CLOSED
2026-07-23 16:20:33,153	run_master	DEBUG	In ExperimentMasterApplication.OnClose
channel state change: OPENING
channel state change: OPEN
2026-07-23 16:20:33,156	run_master	DEBUG	In ExperimentMasterApplication.OnOpen
2026-07-23 16:20:33,156	run_master	DEBUG	In ExperimentMasterApplication.AssignClassDuringStartup
2026-07-23 16:20:33,156	run_master	DEBUG	In ExperimentMasterApplication.AssignClassDuringStartup
2026-07-23 16:20:33,156	run_master	DEBUG	In ExperimentMasterApplication.AssignClassDuringStartup
channel state change: CLOSED
2026-07-23 16:20:33,157	run_master	DEBUG	In ExperimentMasterApplication.OnClose
channel state change: OPENING
channel state change: OPEN
2026-07-23 16:20:33,158	run_master	DEBUG	In ExperimentMasterApplication.OnOpen
2026-07-23 16:20:33,158	run_master	DEBUG	In ExperimentMasterApplication.AssignClassDuringStartup
2026-07-23 16:20:33,158	run_master	DEBUG	In ExperimentMasterApplication.AssignClassDuringStartup
2026-07-23 16:20:33,158	run_master	DEBUG	In ExperimentMasterApplication.AssignClassDuringStartup
channel state change: CLOSED
2026-07-23 16:20:33,159	run_master	DEBUG	In ExperimentMasterApplication.OnClose
channel state change: OPENING
channel state change: OPEN
2026-07-23 16:20:33,161	run_master	DEBUG	In ExperimentMasterApplication.OnOpen
2026-07-23 16:20:33,161	run_master	DEBUG	In ExperimentMasterApplication.AssignClassDuringStartup
2026-07-23 16:20:33,161	run_master	DEBUG	In ExperimentMasterApplication.AssignClassDuringStartup
2026-07-23 16:20:33,161	run_master	DEBUG	In ExperimentMasterApplication.AssignClassDuringStartup
channel state change: CLOSED
2026-07-23 16:20:33,162	run_master	DEBUG	In ExperimentMasterApplication.OnClose
channel state change: OPENING
channel state change: OPEN
2026-07-23 16:20:33,164	run_master	DEBUG	In ExperimentMasterApplication.OnOpen
2026-07-23 16:20:33,164	run_master	DEBUG	In ExperimentMasterApplication.AssignClassDuringStartup
2026-07-23 16:20:33,164	run_master	DEBUG	In ExperimentMasterApplication.AssignClassDuringStartup
2026-07-23 16:20:33,164	run_master	DEBUG	In ExperimentMasterApplication.AssignClassDuringStartup
channel state change: CLOSED
2026-07-23 16:20:33,165	run_master	DEBUG	In ExperimentMasterApplication.OnClose
channel state change: OPENING
channel state change: OPEN
2026-07-23 16:20:33,166	run_master	DEBUG	In ExperimentMasterApplication.OnOpen
2026-07-23 16:20:33,166	run_master	DEBUG	In ExperimentMasterApplication.AssignClassDuringStartup
2026-07-23 16:20:33,166	run_master	DEBUG	In ExperimentMasterApplication.AssignClassDuringStartup
2026-07-23 16:20:33,166	run_master	DEBUG	In ExperimentMasterApplication.AssignClassDuringStartup
channel state change: CLOSED
2026-07-23 16:20:33,167	run_master	DEBUG	In ExperimentMasterApplication.OnClose
channel state change: OPENING
channel state change: OPEN
2026-07-23 16:20:33,169	run_master	DEBUG	In ExperimentMasterApplication.OnOpen
2026-07-23 16:20:33,169	run_master	DEBUG	In ExperimentMasterApplication.AssignClassDuringStartup
2026-07-23 16:20:33,170	run_master	DEBUG	In ExperimentMasterApplication.AssignClassDuringStartup
2026-07-23 16:20:33,170	run_master	DEBUG	In ExperimentMasterApplication.AssignClassDuringStartup
channel state change: CLOSED
2026-07-23 16:20:33,170	run_master	DEBUG	In ExperimentMasterApplication.OnClose
channel state change: OPENING
channel state change: OPEN
2026-07-23 16:20:33,171	run_master	DEBUG	In ExperimentMasterApplication.OnOpen
2026-07-23 16:20:33,172	run_master	DEBUG	In ExperimentMasterApplication.AssignClassDuringStartup
2026-07-23 16:20:33,172	run_master	DEBUG	In ExperimentMasterApplication.AssignClassDuringStartup
2026-07-23 16:20:33,172	run_master	DEBUG	In ExperimentMasterApplication.AssignClassDuringStartup
channel state change: CLOSED
2026-07-23 16:20:33,173	run_master	DEBUG	In ExperimentMasterApplication.OnClose
channel state change: OPENING
channel state change: OPEN
2026-07-23 16:20:33,174	run_master	DEBUG	In ExperimentMasterApplication.OnOpen
2026-07-23 16:20:33,175	run_master	DEBUG	In ExperimentMasterApplication.AssignClassDuringStartup
2026-07-23 16:20:33,175	run_master	DEBUG	In ExperimentMasterApplication.AssignClassDuringStartup
2026-07-23 16:20:33,175	run_master	DEBUG	In ExperimentMasterApplication.AssignClassDuringStartup
channel state change: CLOSED
2026-07-23 16:20:33,175	run_master	DEBUG	In ExperimentMasterApplication.OnClose
channel state change: OPENING
channel state change: OPEN
2026-07-23 16:20:33,178	run_master	DEBUG	In ExperimentMasterApplication.OnOpen
2026-07-23 16:20:33,179	run_master	DEBUG	In ExperimentMasterApplication.AssignClassDuringStartup
2026-07-23 16:20:33,179	run_master	DEBUG	In ExperimentMasterApplication.AssignClassDuringStartup
2026-07-23 16:20:33,179	run_master	DEBUG	In ExperimentMasterApplication.AssignClassDuringStartup
channel state change: CLOSED
2026-07-23 16:20:33,179	run_master	DEBUG	In ExperimentMasterApplication.OnClose
channel state change: OPENING
channel state change: OPEN
2026-07-23 16:20:33,182	run_master	DEBUG	In ExperimentMasterApplication.OnOpen
2026-07-23 16:20:33,182	run_master	DEBUG	In ExperimentMasterApplication.AssignClassDuringStartup
2026-07-23 16:20:33,182	run_master	DEBUG	In ExperimentMasterApplication.AssignClassDuringStartup
2026-07-23 16:20:33,182	run_master	DEBUG	In ExperimentMasterApplication.AssignClassDuringStartup
channel state change: CLOSED
2026-07-23 16:20:33,182	run_master	DEBUG	In ExperimentMasterApplication.OnClose
channel state change: OPENING
channel state change: OPEN
2026-07-23 16:20:33,184	run_master	DEBUG	In ExperimentMasterApplication.OnOpen
2026-07-23 16:20:33,184	run_master	DEBUG	In ExperimentMasterApplication.AssignClassDuringStartup
2026-07-23 16:20:33,184	run_master	DEBUG	In ExperimentMasterApplication.AssignClassDuringStartup
2026-07-23 16:20:33,184	run_master	DEBUG	In ExperimentMasterApplication.AssignClassDuringStartup
channel state change: CLOSED
2026-07-23 16:20:33,186	run_master	DEBUG	In ExperimentMasterApplication.OnClose
channel state change: OPENING
channel state change: OPEN
2026-07-23 16:20:33,187	run_master	DEBUG	In ExperimentMasterApplication.OnOpen
2026-07-23 16:20:33,187	run_master	DEBUG	In ExperimentMasterApplication.AssignClassDuringStartup
2026-07-23 16:20:33,187	run_master	DEBUG	In ExperimentMasterApplication.AssignClassDuringStartup
2026-07-23 16:20:33,188	run_master	DEBUG	In ExperimentMasterApplication.AssignClassDuringStartup
channel state change: CLOSED
2026-07-23 16:20:33,188	run_master	DEBUG	In ExperimentMasterApplication.OnClose
channel state change: OPENING
channel state change: OPEN
2026-07-23 16:20:33,190	run_master	DEBUG	In ExperimentMasterApplication.OnOpen
2026-07-23 16:20:33,190	run_master	DEBUG	In ExperimentMasterApplication.AssignClassDuringStartup
2026-07-23 16:20:33,191	run_master	DEBUG	In ExperimentMasterApplication.AssignClassDuringStartup
2026-07-23 16:20:33,191	run_master	DEBUG	In ExperimentMasterApplication.AssignClassDuringStartup
channel state change: CLOSED
2026-07-23 16:20:33,191	run_master	DEBUG	In ExperimentMasterApplication.OnClose
channel state change: OPENING
channel state change: OPEN
2026-07-23 16:20:33,193	run_master	DEBUG	In ExperimentMasterApplication.OnOpen
2026-07-23 16:20:33,194	run_master	DEBUG	In ExperimentMasterApplication.AssignClassDuringStartup
2026-07-23 16:20:33,194	run_master	DEBUG	In ExperimentMasterApplication.AssignClassDuringStartup
2026-07-23 16:20:33,194	run_master	DEBUG	In ExperimentMasterApplication.AssignClassDuringStartup
channel state change: CLOSED
2026-07-23 16:20:33,198	run_master	DEBUG	In ExperimentMasterApplication.OnClose
channel state change: OPENING
channel state change: OPEN
2026-07-23 16:20:33,199	run_master	DEBUG	In ExperimentMasterApplication.OnOpen
2026-07-23 16:20:33,199	run_master	DEBUG	In ExperimentMasterApplication.AssignClassDuringStartup
2026-07-23 16:20:33,199	run_master	DEBUG	In ExperimentMasterApplication.AssignClassDuringStartup
2026-07-23 16:20:33,199	run_master	DEBUG	In ExperimentMasterApplication.AssignClassDuringStartup
channel state change: CLOSED
2026-07-23 16:20:33,202	run_master	DEBUG	In ExperimentMasterApplication.OnClose
channel state change: OPENING
channel state change: OPEN
2026-07-23 16:20:33,203	run_master	DEBUG	In ExperimentMasterApplication.OnOpen
2026-07-23 16:20:33,204	run_master	DEBUG	In ExperimentMasterApplication.AssignClassDuringStartup
2026-07-23 16:20:33,204	run_master	DEBUG	In ExperimentMasterApplication.AssignClassDuringStartup
2026-07-23 16:20:33,204	run_master	DEBUG	In ExperimentMasterApplication.AssignClassDuringStartup
channel state change: CLOSED
2026-07-23 16:20:33,208	run_master	DEBUG	In ExperimentMasterApplication.OnClose
channel state change: OPENING
channel state change: OPEN
2026-07-23 16:20:33,210	run_master	DEBUG	In ExperimentMasterApplication.OnOpen
2026-07-23 16:20:33,210	run_master	DEBUG	In ExperimentMasterApplication.AssignClassDuringStartup
2026-07-23 16:20:33,210	run_master	DEBUG	In ExperimentMasterApplication.AssignClassDuringStartup
2026-07-23 16:20:33,210	run_master	DEBUG	In ExperimentMasterApplication.AssignClassDuringStartup
channel state change: CLOSED
2026-07-23 16:20:33,212	run_master	DEBUG	In ExperimentMasterApplication.OnClose
channel state change: OPENING
channel state change: OPEN
2026-07-23 16:20:33,215	run_master	DEBUG	In ExperimentMasterApplication.OnOpen
2026-07-23 16:20:33,215	run_master	DEBUG	In ExperimentMasterApplication.AssignClassDuringStartup
2026-07-23 16:20:33,215	run_master	DEBUG	In ExperimentMasterApplication.AssignClassDuringStartup
2026-07-23 16:20:33,215	run_master	DEBUG	In ExperimentMasterApplication.AssignClassDuringStartup
channel state change: CLOSED
2026-07-23 16:20:33,217	run_master	DEBUG	In ExperimentMasterApplication.OnClose
channel state change: OPENING
channel state change: OPEN
2026-07-23 16:20:33,219	run_master	DEBUG	In ExperimentMasterApplication.OnOpen
2026-07-23 16:20:33,220	run_master	DEBUG	In ExperimentMasterApplication.AssignClassDuringStartup
2026-07-23 16:20:33,220	run_master	DEBUG	In ExperimentMasterApplication.AssignClassDuringStartup
2026-07-23 16:20:33,220	run_master	DEBUG	In ExperimentMasterApplication.AssignClassDuringStartup
channel state change: CLOSED
2026-07-23 16:20:33,223	run_master	DEBUG	In ExperimentMasterApplication.OnClose
channel state change: OPENING
channel state change: OPEN
2026-07-23 16:20:33,224	run_master	DEBUG	In ExperimentMasterApplication.OnOpen
2026-07-23 16:20:33,224	run_master	DEBUG	In ExperimentMasterApplication.AssignClassDuringStartup
2026-07-23 16:20:33,225	run_master	DEBUG	In ExperimentMasterApplication.AssignClassDuringStartup
2026-07-23 16:20:33,225	run_master	DEBUG	In ExperimentMasterApplication.AssignClassDuringStartup
channel state change: CLOSED
2026-07-23 16:20:33,227	run_master	DEBUG	In ExperimentMasterApplication.OnClose
channel state change: OPENING
channel state change: OPEN
2026-07-23 16:20:33,228	run_master	DEBUG	In ExperimentMasterApplication.OnOpen
2026-07-23 16:20:33,229	run_master	DEBUG	In ExperimentMasterApplication.AssignClassDuringStartup
2026-07-23 16:20:33,229	run_master	DEBUG	In ExperimentMasterApplication.AssignClassDuringStartup
2026-07-23 16:20:33,229	run_master	DEBUG	In ExperimentMasterApplication.AssignClassDuringStartup
channel state change: CLOSED
2026-07-23 16:20:33,232	run_master	DEBUG	In ExperimentMasterApplication.OnClose
channel state change: OPENING
channel state change: OPEN
2026-07-23 16:20:33,234	run_master	DEBUG	In ExperimentMasterApplication.OnOpen
2026-07-23 16:20:33,234	run_master	DEBUG	In ExperimentMasterApplication.AssignClassDuringStartup
2026-07-23 16:20:33,234	run_master	DEBUG	In ExperimentMasterApplication.AssignClassDuringStartup
2026-07-23 16:20:33,234	run_master	DEBUG	In ExperimentMasterApplication.AssignClassDuringStartup
channel state change: CLOSED
2026-07-23 16:20:33,238	run_master	DEBUG	In ExperimentMasterApplication.OnClose
channel state change: OPENING
channel state change: OPEN
2026-07-23 16:20:33,240	run_master	DEBUG	In ExperimentMasterApplication.OnOpen
2026-07-23 16:20:33,240	run_master	DEBUG	In ExperimentMasterApplication.AssignClassDuringStartup
2026-07-23 16:20:33,240	run_master	DEBUG	In ExperimentMasterApplication.AssignClassDuringStartup
2026-07-23 16:20:33,240	run_master	DEBUG	In ExperimentMasterApplication.AssignClassDuringStartup
channel state change: CLOSED
2026-07-23 16:20:33,246	run_master	DEBUG	In ExperimentMasterApplication.OnClose
channel state change: OPENING
channel state change: OPEN
2026-07-23 16:20:33,249	run_master	DEBUG	In ExperimentMasterApplication.OnOpen
2026-07-23 16:20:33,249	run_master	DEBUG	In ExperimentMasterApplication.AssignClassDuringStartup
2026-07-23 16:20:33,249	run_master	DEBUG	In ExperimentMasterApplication.AssignClassDuringStartup
2026-07-23 16:20:33,249	run_master	DEBUG	In ExperimentMasterApplication.AssignClassDuringStartup
channel state change: CLOSED
2026-07-23 16:20:33,252	run_master	DEBUG	In ExperimentMasterApplication.OnClose
channel state change: OPENING
channel state change: OPEN
2026-07-23 16:20:33,253	run_master	DEBUG	In ExperimentMasterApplication.OnOpen
2026-07-23 16:20:33,254	run_master	DEBUG	In ExperimentMasterApplication.AssignClassDuringStartup
2026-07-23 16:20:33,254	run_master	DEBUG	In ExperimentMasterApplication.AssignClassDuringStartup
2026-07-23 16:20:33,254	run_master	DEBUG	In ExperimentMasterApplication.AssignClassDuringStartup
channel state change: CLOSED
2026-07-23 16:20:33,257	run_master	DEBUG	In ExperimentMasterApplication.OnClose
channel state change: OPENING
channel state change: OPEN
2026-07-23 16:20:33,258	run_master	DEBUG	In ExperimentMasterApplication.OnOpen
2026-07-23 16:20:33,259	run_master	DEBUG	In ExperimentMasterApplication.AssignClassDuringStartup
2026-07-23 16:20:33,259	run_master	DEBUG	In ExperimentMasterApplication.AssignClassDuringStartup
2026-07-23 16:20:33,259	run_master	DEBUG	In ExperimentMasterApplication.AssignClassDuringStartup
channel state change: CLOSED
2026-07-23 16:20:33,262	run_master	DEBUG	In ExperimentMasterApplication.OnClose
channel state change: OPENING
channel state change: OPEN
2026-07-23 16:20:33,264	run_master	DEBUG	In ExperimentMasterApplication.OnOpen
2026-07-23 16:20:33,265	run_master	DEBUG	In ExperimentMasterApplication.AssignClassDuringStartup
2026-07-23 16:20:33,265	run_master	DEBUG	In ExperimentMasterApplication.AssignClassDuringStartup
2026-07-23 16:20:33,265	run_master	DEBUG	In ExperimentMasterApplication.AssignClassDuringStartup
channel state change: CLOSED
2026-07-23 16:20:33,269	run_master	DEBUG	In ExperimentMasterApplication.OnClose
channel state change: OPENING
channel state change: OPEN
2026-07-23 16:20:34,271	run_master	DEBUG	In ExperimentMasterApplication.OnOpen
2026-07-23 16:20:34,271	run_master	DEBUG	In ExperimentMasterApplication.AssignClassDuringStartup
2026-07-23 16:20:34,271	run_master	DEBUG	In ExperimentMasterApplication.AssignClassDuringStartup
2026-07-23 16:20:34,271	run_master	DEBUG	In ExperimentMasterApplication.AssignClassDuringStartup
channel state change: CLOSED
2026-07-23 16:20:34,273	run_master	DEBUG	In ExperimentMasterApplication.OnClose
channel state change: OPENING
channel state change: OPEN
2026-07-23 16:20:34,275	run_master	DEBUG	In ExperimentMasterApplication.OnOpen
2026-07-23 16:20:34,275	run_master	DEBUG	In ExperimentMasterApplication.AssignClassDuringStartup
2026-07-23 16:20:34,275	run_master	DEBUG	In ExperimentMasterApplication.AssignClassDuringStartup
2026-07-23 16:20:34,275	run_master	DEBUG	In ExperimentMasterApplication.AssignClassDuringStartup
channel state change: CLOSED
2026-07-23 16:20:34,277	run_master	DEBUG	In ExperimentMasterApplication.OnClose
channel state change: OPENING
channel state change: OPEN
2026-07-23 16:20:34,279	run_master	DEBUG	In ExperimentMasterApplication.OnOpen
2026-07-23 16:20:34,279	run_master	DEBUG	In ExperimentMasterApplication.AssignClassDuringStartup
2026-07-23 16:20:34,279	run_master	DEBUG	In ExperimentMasterApplication.AssignClassDuringStartup
2026-07-23 16:20:34,279	run_master	DEBUG	In ExperimentMasterApplication.AssignClassDuringStartup
channel state change: CLOSED
2026-07-23 16:20:34,282	run_master	DEBUG	In ExperimentMasterApplication.OnClose
channel state change: OPENING
channel state change: OPEN
2026-07-23 16:20:34,284	run_master	DEBUG	In ExperimentMasterApplication.OnOpen
2026-07-23 16:20:34,284	run_master	DEBUG	In ExperimentMasterApplication.AssignClassDuringStartup
2026-07-23 16:20:34,284	run_master	DEBUG	In ExperimentMasterApplication.AssignClassDuringStartup
2026-07-23 16:20:34,284	run_master	DEBUG	In ExperimentMasterApplication.AssignClassDuringStartup
channel state change: CLOSED
2026-07-23 16:20:34,288	run_master	DEBUG	In ExperimentMasterApplication.OnClose
channel state change: OPENING
channel state change: OPEN
2026-07-23 16:20:34,290	run_master	DEBUG	In ExperimentMasterApplication.OnOpen
2026-07-23 16:20:34,290	run_master	DEBUG	In ExperimentMasterApplication.AssignClassDuringStartup
2026-07-23 16:20:34,291	run_master	DEBUG	In ExperimentMasterApplication.AssignClassDuringStartup
2026-07-23 16:20:34,291	run_master	DEBUG	In ExperimentMasterApplication.AssignClassDuringStartup
channel state change: CLOSED
2026-07-23 16:20:34,296	run_master	DEBUG	In ExperimentMasterApplication.OnClose
channel state change: OPENING
channel state change: OPEN
2026-07-23 16:20:34,299	run_master	DEBUG	In ExperimentMasterApplication.OnOpen
2026-07-23 16:20:34,299	run_master	DEBUG	In ExperimentMasterApplication.AssignClassDuringStartup
2026-07-23 16:20:34,299	run_master	DEBUG	In ExperimentMasterApplication.AssignClassDuringStartup
2026-07-23 16:20:34,299	run_master	DEBUG	In ExperimentMasterApplication.AssignClassDuringStartup
channel state change: CLOSED
2026-07-23 16:20:34,307	run_master	DEBUG	In ExperimentMasterApplication.OnClose
channel state change: OPENING
channel state change: OPEN
2026-07-23 16:20:34,308	run_master	DEBUG	In ExperimentMasterApplication.OnOpen
2026-07-23 16:20:34,309	run_master	DEBUG	In ExperimentMasterApplication.AssignClassDuringStartup
2026-07-23 16:20:34,309	run_master	DEBUG	In ExperimentMasterApplication.AssignClassDuringStartup
2026-07-23 16:20:34,309	run_master	DEBUG	In ExperimentMasterApplication.AssignClassDuringStartup
channel state change: CLOSED
2026-07-23 16:20:34,312	run_master	DEBUG	In ExperimentMasterApplication.OnClose
channel state change: OPENING
channel state change: OPEN
2026-07-23 16:20:34,315	run_master	DEBUG	In ExperimentMasterApplication.OnOpen
2026-07-23 16:20:34,315	run_master	DEBUG	In ExperimentMasterApplication.AssignClassDuringStartup
2026-07-23 16:20:34,315	run_master	DEBUG	In ExperimentMasterApplication.AssignClassDuringStartup
2026-07-23 16:20:34,315	run_master	DEBUG	In ExperimentMasterApplication.AssignClassDuringStartup
channel state change: CLOSED
2026-07-23 16:20:34,319	run_master	DEBUG	In ExperimentMasterApplication.OnClose
channel state change: OPENING
channel state change: OPEN
2026-07-23 16:20:34,320	run_master	DEBUG	In ExperimentMasterApplication.OnOpen
2026-07-23 16:20:34,320	run_master	DEBUG	In ExperimentMasterApplication.AssignClassDuringStartup
2026-07-23 16:20:34,321	run_master	DEBUG	In ExperimentMasterApplication.AssignClassDuringStartup
2026-07-23 16:20:34,321	run_master	DEBUG	In ExperimentMasterApplication.AssignClassDuringStartup
channel state change: CLOSED
2026-07-23 16:20:34,323	run_master	DEBUG	In ExperimentMasterApplication.OnClose
channel state change: OPENING
channel state change: OPEN
2026-07-23 16:20:34,325	run_master	DEBUG	In ExperimentMasterApplication.OnOpen
2026-07-23 16:20:34,325	run_master	DEBUG	In ExperimentMasterApplication.AssignClassDuringStartup
2026-07-23 16:20:34,325	run_master	DEBUG	In ExperimentMasterApplication.AssignClassDuringStartup
2026-07-23 16:20:34,325	run_master	DEBUG	In ExperimentMasterApplication.AssignClassDuringStartup
channel state change: CLOSED
2026-07-23 16:20:34,327	run_master	DEBUG	In ExperimentMasterApplication.OnClose
channel state change: OPENING
channel state change: OPEN
2026-07-23 16:20:34,329	run_master	DEBUG	In ExperimentMasterApplication.OnOpen
2026-07-23 16:20:34,329	run_master	DEBUG	In ExperimentMasterApplication.AssignClassDuringStartup
2026-07-23 16:20:34,329	run_master	DEBUG	In ExperimentMasterApplication.AssignClassDuringStartup
2026-07-23 16:20:34,329	run_master	DEBUG	In ExperimentMasterApplication.AssignClassDuringStartup
channel state change: CLOSED
2026-07-23 16:20:34,332	run_master	DEBUG	In ExperimentMasterApplication.OnClose
channel state change: OPENING
channel state change: OPEN
2026-07-23 16:20:34,334	run_master	DEBUG	In ExperimentMasterApplication.OnOpen
2026-07-23 16:20:34,334	run_master	DEBUG	In ExperimentMasterApplication.AssignClassDuringStartup
2026-07-23 16:20:34,334	run_master	DEBUG	In ExperimentMasterApplication.AssignClassDuringStartup
2026-07-23 16:20:34,334	run_master	DEBUG	In ExperimentMasterApplication.AssignClassDuringStartup
channel state change: CLOSED
2026-07-23 16:20:34,337	run_master	DEBUG	In ExperimentMasterApplication.OnClose
channel state change: OPENING
channel state change: OPEN
2026-07-23 16:20:34,340	run_master	DEBUG	In ExperimentMasterApplication.OnOpen
2026-07-23 16:20:34,340	run_master	DEBUG	In ExperimentMasterApplication.AssignClassDuringStartup
2026-07-23 16:20:34,340	run_master	DEBUG	In ExperimentMasterApplication.AssignClassDuringStartup
2026-07-23 16:20:34,340	run_master	DEBUG	In ExperimentMasterApplication.AssignClassDuringStartup
channel state change: CLOSED
2026-07-23 16:20:34,342	run_master	DEBUG	In ExperimentMasterApplication.OnClose
channel state change: OPENING
channel state change: OPEN
2026-07-23 16:20:34,345	run_master	DEBUG	In ExperimentMasterApplication.OnOpen
2026-07-23 16:20:34,345	run_master	DEBUG	In ExperimentMasterApplication.AssignClassDuringStartup
2026-07-23 16:20:34,345	run_master	DEBUG	In ExperimentMasterApplication.AssignClassDuringStartup
2026-07-23 16:20:34,345	run_master	DEBUG	In ExperimentMasterApplication.AssignClassDuringStartup
channel state change: CLOSED
2026-07-23 16:20:34,349	run_master	DEBUG	In ExperimentMasterApplication.OnClose
channel state change: OPENING
channel state change: OPEN
2026-07-23 16:20:34,350	run_master	DEBUG	In ExperimentMasterApplication.OnOpen
2026-07-23 16:20:34,350	run_master	DEBUG	In ExperimentMasterApplication.AssignClassDuringStartup
2026-07-23 16:20:34,350	run_master	DEBUG	In ExperimentMasterApplication.AssignClassDuringStartup
2026-07-23 16:20:34,350	run_master	DEBUG	In ExperimentMasterApplication.AssignClassDuringStartup
channel state change: CLOSED
2026-07-23 16:20:34,352	run_master	DEBUG	In ExperimentMasterApplication.OnClose
channel state change: OPENING
channel state change: OPEN
2026-07-23 16:20:34,354	run_master	DEBUG	In ExperimentMasterApplication.OnOpen
2026-07-23 16:20:34,354	run_master	DEBUG	In ExperimentMasterApplication.AssignClassDuringStartup
2026-07-23 16:20:34,354	run_master	DEBUG	In ExperimentMasterApplication.AssignClassDuringStartup
2026-07-23 16:20:34,354	run_master	DEBUG	In ExperimentMasterApplication.AssignClassDuringStartup
channel state change: CLOSED
2026-07-23 16:20:34,357	run_master	DEBUG	In ExperimentMasterApplication.OnClose
channel state change: OPENING
channel state change: OPEN
2026-07-23 16:20:34,358	run_master	DEBUG	In ExperimentMasterApplication.OnOpen
2026-07-23 16:20:34,359	run_master	DEBUG	In ExperimentMasterApplication.AssignClassDuringStartup
2026-07-23 16:20:34,359	run_master	DEBUG	In ExperimentMasterApplication.AssignClassDuringStartup
2026-07-23 16:20:34,359	run_master	DEBUG	In ExperimentMasterApplication.AssignClassDuringStartup
channel state change: CLOSED
2026-07-23 16:20:34,362	run_master	DEBUG	In ExperimentMasterApplication.OnClose
channel state change: OPENING
channel state change: OPEN
2026-07-23 16:20:34,365	run_master	DEBUG	In ExperimentMasterApplication.OnOpen
2026-07-23 16:20:34,365	run_master	DEBUG	In ExperimentMasterApplication.AssignClassDuringStartup
2026-07-23 16:20:34,365	run_master	DEBUG	In ExperimentMasterApplication.AssignClassDuringStartup
2026-07-23 16:20:34,365	run_master	DEBUG	In ExperimentMasterApplication.AssignClassDuringStartup
channel state change: CLOSED
2026-07-23 16:20:34,367	run_master	DEBUG	In ExperimentMasterApplication.OnClose
channel state change: OPENING
channel state change: OPEN
2026-07-23 16:20:34,369	run_master	DEBUG	In ExperimentMasterApplication.OnOpen
2026-07-23 16:20:34,370	run_master	DEBUG	In ExperimentMasterApplication.AssignClassDuringStartup
2026-07-23 16:20:34,370	run_master	DEBUG	In ExperimentMasterApplication.AssignClassDuringStartup
2026-07-23 16:20:34,370	run_master	DEBUG	In ExperimentMasterApplication.AssignClassDuringStartup
channel state change: CLOSED
2026-07-23 16:20:34,373	run_master	DEBUG	In ExperimentMasterApplication.OnClose
channel state change: OPENING
channel state change: OPEN
2026-07-23 16:20:34,375	run_master	DEBUG	In ExperimentMasterApplication.OnOpen
2026-07-23 16:20:34,375	run_master	DEBUG	In ExperimentMasterApplication.AssignClassDuringStartup
2026-07-23 16:20:34,375	run_master	DEBUG	In ExperimentMasterApplication.AssignClassDuringStartup
2026-07-23 16:20:34,375	run_master	DEBUG	In ExperimentMasterApplication.AssignClassDuringStartup
channel state change: CLOSED
2026-07-23 16:20:34,378	run_master	DEBUG	In ExperimentMasterApplication.OnClose
channel state change: OPENING
channel state change: OPEN
2026-07-23 16:20:34,379	run_master	DEBUG	In ExperimentMasterApplication.OnOpen
2026-07-23 16:20:34,379	run_master	DEBUG	In ExperimentMasterApplication.AssignClassDuringStartup
2026-07-23 16:20:34,379	run_master	DEBUG	In ExperimentMasterApplication.AssignClassDuringStartup
2026-07-23 16:20:34,379	run_master	DEBUG	In ExperimentMasterApplication.AssignClassDuringStartup
channel state change: CLOSED
2026-07-23 16:20:34,382	run_master	DEBUG	In ExperimentMasterApplication.OnClose
channel state change: OPENING
channel state change: OPEN
2026-07-23 16:20:34,383	run_master	DEBUG	In ExperimentMasterApplication.OnOpen
2026-07-23 16:20:34,384	run_master	DEBUG	In ExperimentMasterApplication.AssignClassDuringStartup
2026-07-23 16:20:34,384	run_master	DEBUG	In ExperimentMasterApplication.AssignClassDuringStartup
2026-07-23 16:20:34,384	run_master	DEBUG	In ExperimentMasterApplication.AssignClassDuringStartup
channel state change: CLOSED
2026-07-23 16:20:34,387	run_master	DEBUG	In ExperimentMasterApplication.OnClose
channel state change: OPENING
channel state change: OPEN
2026-07-23 16:20:34,390	run_master	DEBUG	In ExperimentMasterApplication.OnOpen
2026-07-23 16:20:34,390	run_master	DEBUG	In ExperimentMasterApplication.AssignClassDuringStartup
2026-07-23 16:20:34,390	run_master	DEBUG	In ExperimentMasterApplication.AssignClassDuringStartup
2026-07-23 16:20:34,390	run_master	DEBUG	In ExperimentMasterApplication.AssignClassDuringStartup
channel state change: CLOSED
2026-07-23 16:20:34,392	run_master	DEBUG	In ExperimentMasterApplication.OnClose
channel state change: OPENING
channel state change: OPEN
2026-07-23 16:20:34,395	run_master	DEBUG	In ExperimentMasterApplication.OnOpen
2026-07-23 16:20:34,395	run_master	DEBUG	In ExperimentMasterApplication.AssignClassDuringStartup
2026-07-23 16:20:34,395	run_master	DEBUG	In ExperimentMasterApplication.AssignClassDuringStartup
2026-07-23 16:20:34,395	run_master	DEBUG	In ExperimentMasterApplication.AssignClassDuringStartup
channel state change: CLOSED
2026-07-23 16:20:34,407	run_master	DEBUG	In ExperimentMasterApplication.OnClose
channel state change: OPENING
channel state change: OPEN
2026-07-23 16:20:34,409	run_master	DEBUG	In ExperimentMasterApplication.OnOpen
2026-07-23 16:20:34,409	run_master	DEBUG	In ExperimentMasterApplication.AssignClassDuringStartup
2026-07-23 16:20:34,409	run_master	DEBUG	In ExperimentMasterApplication.AssignClassDuringStartup
2026-07-23 16:20:34,409	run_master	DEBUG	In ExperimentMasterApplication.AssignClassDuringStartup
channel state change: CLOSED
2026-07-23 16:20:34,412	run_master	DEBUG	In ExperimentMasterApplication.OnClose
channel state change: OPENING
channel state change: OPEN
2026-07-23 16:20:34,415	run_master	DEBUG	In ExperimentMasterApplication.OnOpen
2026-07-23 16:20:34,415	run_master	DEBUG	In ExperimentMasterApplication.AssignClassDuringStartup
2026-07-23 16:20:34,415	run_master	DEBUG	In ExperimentMasterApplication.AssignClassDuringStartup
2026-07-23 16:20:34,415	run_master	DEBUG	In ExperimentMasterApplication.AssignClassDuringStartup
channel state change: CLOSED
2026-07-23 16:20:34,417	run_master	DEBUG	In ExperimentMasterApplication.OnClose
channel state change: OPENING
channel state change: OPEN
2026-07-23 16:20:34,419	run_master	DEBUG	In ExperimentMasterApplication.OnOpen
2026-07-23 16:20:34,420	run_master	DEBUG	In ExperimentMasterApplication.AssignClassDuringStartup
2026-07-23 16:20:34,420	run_master	DEBUG	In ExperimentMasterApplication.AssignClassDuringStartup
2026-07-23 16:20:34,420	run_master	DEBUG	In ExperimentMasterApplication.AssignClassDuringStartup
channel state change: CLOSED
2026-07-23 16:20:34,423	run_master	DEBUG	In ExperimentMasterApplication.OnClose
channel state change: OPENING
channel state change: OPEN
2026-07-23 16:20:34,425	run_master	DEBUG	In ExperimentMasterApplication.OnOpen
2026-07-23 16:20:34,425	run_master	DEBUG	In ExperimentMasterApplication.AssignClassDuringStartup
2026-07-23 16:20:34,425	run_master	DEBUG	In ExperimentMasterApplication.AssignClassDuringStartup
2026-07-23 16:20:34,425	run_master	DEBUG	In ExperimentMasterApplication.AssignClassDuringStartup
channel state change: CLOSED
2026-07-23 16:20:34,427	run_master	DEBUG	In ExperimentMasterApplication.OnClose
channel state change: OPENING
channel state change: OPEN
2026-07-23 16:20:34,429	run_master	DEBUG	In ExperimentMasterApplication.OnOpen
2026-07-23 16:20:34,429	run_master	DEBUG	In ExperimentMasterApplication.AssignClassDuringStartup
2026-07-23 16:20:34,429	run_master	DEBUG	In ExperimentMasterApplication.AssignClassDuringStartup
2026-07-23 16:20:34,429	run_master	DEBUG	In ExperimentMasterApplication.AssignClassDuringStartup
channel state change: CLOSED
2026-07-23 16:20:34,432	run_master	DEBUG	In ExperimentMasterApplication.OnClose
channel state change: OPENING
channel state change: OPEN
2026-07-23 16:20:34,434	run_master	DEBUG	In ExperimentMasterApplication.OnOpen
2026-07-23 16:20:34,434	run_master	DEBUG	In ExperimentMasterApplication.AssignClassDuringStartup
2026-07-23 16:20:34,434	run_master	DEBUG	In ExperimentMasterApplication.AssignClassDuringStartup
2026-07-23 16:20:34,434	run_master	DEBUG	In ExperimentMasterApplication.AssignClassDuringStartup
channel state change: CLOSED
2026-07-23 16:20:34,438	run_master	DEBUG	In ExperimentMasterApplication.OnClose
channel state change: OPENING
channel state change: OPEN
2026-07-23 16:20:34,440	run_master	DEBUG	In ExperimentMasterApplication.OnOpen
2026-07-23 16:20:34,440	run_master	DEBUG	In ExperimentMasterApplication.AssignClassDuringStartup
2026-07-23 16:20:34,441	run_master	DEBUG	In ExperimentMasterApplication.AssignClassDuringStartup
2026-07-23 16:20:34,441	run_master	DEBUG	In ExperimentMasterApplication.AssignClassDuringStartup
channel state change: CLOSED
2026-07-23 16:20:34,442	run_master	DEBUG	In ExperimentMasterApplication.OnClose
channel state change: OPENING
channel state change: OPEN
2026-07-23 16:20:34,445	run_master	DEBUG	In ExperimentMasterApplication.OnOpen
2026-07-23 16:20:34,445	run_master	DEBUG	In ExperimentMasterApplication.AssignClassDuringStartup
2026-07-23 16:20:34,445	run_master	DEBUG	In ExperimentMasterApplication.AssignClassDuringStartup
2026-07-23 16:20:34,445	run_master	DEBUG	In ExperimentMasterApplication.AssignClassDuringStartup
channel state change: CLOSED
2026-07-23 16:20:34,449	run_master	DEBUG	In ExperimentMasterApplication.OnClose
channel state change: OPENING
channel state change: OPEN
2026-07-23 16:20:34,450	run_master	DEBUG	In ExperimentMasterApplication.OnOpen
2026-07-23 16:20:34,450	run_master	DEBUG	In ExperimentMasterApplication.AssignClassDuringStartup
2026-07-23 16:20:34,450	run_master	DEBUG	In ExperimentMasterApplication.AssignClassDuringStartup
2026-07-23 16:20:34,450	run_master	DEBUG	In ExperimentMasterApplication.AssignClassDuringStartup
channel state change: CLOSED
2026-07-23 16:20:34,452	run_master	DEBUG	In ExperimentMasterApplication.OnClose
channel state change: OPENING
channel state change: OPEN
2026-07-23 16:20:34,454	run_master	DEBUG	In ExperimentMasterApplication.OnOpen
2026-07-23 16:20:34,454	run_master	DEBUG	In ExperimentMasterApplication.AssignClassDuringStartup
2026-07-23 16:20:34,454	run_master	DEBUG	In ExperimentMasterApplication.AssignClassDuringStartup
2026-07-23 16:20:34,454	run_master	DEBUG	In ExperimentMasterApplication.AssignClassDuringStartup
channel state change: CLOSED
2026-07-23 16:20:34,457	run_master	DEBUG	In ExperimentMasterApplication.OnClose
channel state change: OPENING
channel state change: OPEN
2026-07-23 16:20:34,459	run_master	DEBUG	In ExperimentMasterApplication.OnOpen
2026-07-23 16:20:34,459	run_master	DEBUG	In ExperimentMasterApplication.AssignClassDuringStartup
2026-07-23 16:20:34,459	run_master	DEBUG	In ExperimentMasterApplication.AssignClassDuringStartup
2026-07-23 16:20:34,459	run_master	DEBUG	In ExperimentMasterApplication.AssignClassDuringStartup
channel state change: CLOSED
2026-07-23 16:20:34,462	run_master	DEBUG	In ExperimentMasterApplication.OnClose
channel state change: OPENING
channel state change: OPEN
2026-07-23 16:20:34,465	run_master	DEBUG	In ExperimentMasterApplication.OnOpen
2026-07-23 16:20:34,465	run_master	DEBUG	In ExperimentMasterApplication.AssignClassDuringStartup
2026-07-23 16:20:34,465	run_master	DEBUG	In ExperimentMasterApplication.AssignClassDuringStartup
2026-07-23 16:20:34,465	run_master	DEBUG	In ExperimentMasterApplication.AssignClassDuringStartup
channel state change: CLOSED
2026-07-23 16:20:34,468	run_master	DEBUG	In ExperimentMasterApplication.OnClose
channel state change: OPENING
channel state change: OPEN
2026-07-23 16:20:34,470	run_master	DEBUG	In ExperimentMasterApplication.OnOpen
2026-07-23 16:20:34,470	run_master	DEBUG	In ExperimentMasterApplication.AssignClassDuringStartup
2026-07-23 16:20:34,470	run_master	DEBUG	In ExperimentMasterApplication.AssignClassDuringStartup
2026-07-23 16:20:34,470	run_master	DEBUG	In ExperimentMasterApplication.AssignClassDuringStartup
channel state change: CLOSED
2026-07-23 16:20:34,473	run_master	DEBUG	In ExperimentMasterApplication.OnClose
channel state change: OPENING
channel state change: OPEN
2026-07-23 16:20:34,475	run_master	DEBUG	In ExperimentMasterApplication.OnOpen
2026-07-23 16:20:34,475	run_master	DEBUG	In ExperimentMasterApplication.AssignClassDuringStartup
2026-07-23 16:20:34,475	run_master	DEBUG	In ExperimentMasterApplication.AssignClassDuringStartup
2026-07-23 16:20:34,475	run_master	DEBUG	In ExperimentMasterApplication.AssignClassDuringStartup
channel state change: CLOSED
2026-07-23 16:20:34,477	run_master	DEBUG	In ExperimentMasterApplication.OnClose
channel state change: OPENING
channel state change: OPEN
2026-07-23 16:20:34,478	run_master	DEBUG	In ExperimentMasterApplication.OnOpen
2026-07-23 16:20:34,479	run_master	DEBUG	In ExperimentMasterApplication.AssignClassDuringStartup
2026-07-23 16:20:34,479	run_master	DEBUG	In ExperimentMasterApplication.AssignClassDuringStartup
2026-07-23 16:20:34,479	run_master	DEBUG	In ExperimentMasterApplication.AssignClassDuringStartup
channel state change: CLOSED
2026-07-23 16:20:34,479	run_master	DEBUG	In ExperimentMasterApplication.OnClose
channel state change: OPENING
channel state change: OPEN
2026-07-23 16:20:34,482	run_master	DEBUG	In ExperimentMasterApplication.OnOpen
2026-07-23 16:20:34,482	run_master	DEBUG	In ExperimentMasterApplication.AssignClassDuringStartup
2026-07-23 16:20:34,482	run_master	DEBUG	In ExperimentMasterApplication.AssignClassDuringStartup
2026-07-23 16:20:34,482	run_master	DEBUG	In ExperimentMasterApplication.AssignClassDuringStartup
channel state change: CLOSED
2026-07-23 16:20:34,482	run_master	DEBUG	In ExperimentMasterApplication.OnClose
channel state change: OPENING
channel state change: OPEN
2026-07-23 16:20:34,484	run_master	DEBUG	In ExperimentMasterApplication.OnOpen
2026-07-23 16:20:34,484	run_master	DEBUG	In ExperimentMasterApplication.AssignClassDuringStartup
2026-07-23 16:20:34,484	run_master	DEBUG	In ExperimentMasterApplication.AssignClassDuringStartup
2026-07-23 16:20:34,484	run_master	DEBUG	In ExperimentMasterApplication.AssignClassDuringStartup
channel state change: CLOSED
2026-07-23 16:20:34,486	run_master	DEBUG	In ExperimentMasterApplication.OnClose
channel state change: OPENING
channel state change: OPEN
2026-07-23 16:20:34,487	run_master	DEBUG	In ExperimentMasterApplication.OnOpen
2026-07-23 16:20:34,487	run_master	DEBUG	In ExperimentMasterApplication.AssignClassDuringStartup
2026-07-23 16:20:34,487	run_master	DEBUG	In ExperimentMasterApplication.AssignClassDuringStartup
2026-07-23 16:20:34,487	run_master	DEBUG	In ExperimentMasterApplication.AssignClassDuringStartup
channel state change: CLOSED
2026-07-23 16:20:34,488	run_master	DEBUG	In ExperimentMasterApplication.OnClose
channel state change: OPENING
channel state change: OPEN
2026-07-23 16:20:34,490	run_master	DEBUG	In ExperimentMasterApplication.OnOpen
2026-07-23 16:20:34,490	run_master	DEBUG	In ExperimentMasterApplication.AssignClassDuringStartup
2026-07-23 16:20:34,490	run_master	DEBUG	In ExperimentMasterApplication.AssignClassDuringStartup
2026-07-23 16:20:34,490	run_master	DEBUG	In ExperimentMasterApplication.AssignClassDuringStartup
channel state change: CLOSED
2026-07-23 16:20:34,491	run_master	DEBUG	In ExperimentMasterApplication.OnClose
channel state change: OPENING
channel state change: OPEN
2026-07-23 16:20:34,492	run_master	DEBUG	In ExperimentMasterApplication.OnOpen
2026-07-23 16:20:34,492	run_master	DEBUG	In ExperimentMasterApplication.AssignClassDuringStartup
2026-07-23 16:20:34,492	run_master	DEBUG	In ExperimentMasterApplication.AssignClassDuringStartup
2026-07-23 16:20:34,492	run_master	DEBUG	In ExperimentMasterApplication.AssignClassDuringStartup
channel state change: CLOSED
2026-07-23 16:20:34,494	run_master	DEBUG	In ExperimentMasterApplication.OnClose
channel state change: OPENING
channel state change: OPEN
2026-07-23 16:20:34,495	run_master	DEBUG	In ExperimentMasterApplication.OnOpen
2026-07-23 16:20:34,495	run_master	DEBUG	In ExperimentMasterApplication.AssignClassDuringStartup
2026-07-23 16:20:34,496	run_master	DEBUG	In ExperimentMasterApplication.AssignClassDuringStartup
2026-07-23 16:20:34,496	run_master	DEBUG	In ExperimentMasterApplication.AssignClassDuringStartup
channel state change: CLOSED
2026-07-23 16:20:34,496	run_master	DEBUG	In ExperimentMasterApplication.OnClose
channel state change: OPENING
channel state change: OPEN
2026-07-23 16:20:34,499	run_master	DEBUG	In ExperimentMasterApplication.OnOpen
2026-07-23 16:20:34,499	run_master	DEBUG	In ExperimentMasterApplication.AssignClassDuringStartup
2026-07-23 16:20:34,499	run_master	DEBUG	In ExperimentMasterApplication.AssignClassDuringStartup
2026-07-23 16:20:34,500	run_master	DEBUG	In ExperimentMasterApplication.AssignClassDuringStartup
channel state change: CLOSED
2026-07-23 16:20:34,500	run_master	DEBUG	In ExperimentMasterApplication.OnClose
channel state change: OPENING
channel state change: OPEN
2026-07-23 16:20:34,506	run_master	DEBUG	In ExperimentMasterApplication.OnOpen
2026-07-23 16:20:34,507	run_master	DEBUG	In ExperimentMasterApplication.AssignClassDuringStartup
2026-07-23 16:20:34,507	run_master	DEBUG	In ExperimentMasterApplication.AssignClassDuringStartup
2026-07-23 16:20:34,507	run_master	DEBUG	In ExperimentMasterApplication.AssignClassDuringStartup
channel state change: CLOSED
2026-07-23 16:20:34,507	run_master	DEBUG	In ExperimentMasterApplication.OnClose
channel state change: OPENING
channel state change: OPEN
2026-07-23 16:20:34,509	run_master	DEBUG	In ExperimentMasterApplication.OnOpen
2026-07-23 16:20:34,509	run_master	DEBUG	In ExperimentMasterApplication.AssignClassDuringStartup
2026-07-23 16:20:34,509	run_master	DEBUG	In ExperimentMasterApplication.AssignClassDuringStartup
2026-07-23 16:20:34,509	run_master	DEBUG	In ExperimentMasterApplication.AssignClassDuringStartup
channel state change: CLOSED
2026-07-23 16:20:34,510	run_master	DEBUG	In ExperimentMasterApplication.OnClose
channel state change: OPENING
channel state change: OPEN
2026-07-23 16:20:34,512	run_master	DEBUG	In ExperimentMasterApplication.OnOpen
2026-07-23 16:20:34,512	run_master	DEBUG	In ExperimentMasterApplication.AssignClassDuringStartup
2026-07-23 16:20:34,512	run_master	DEBUG	In ExperimentMasterApplication.AssignClassDuringStartup
2026-07-23 16:20:34,512	run_master	DEBUG	In ExperimentMasterApplication.AssignClassDuringStartup
channel state change: CLOSED
2026-07-23 16:20:34,512	run_master	DEBUG	In ExperimentMasterApplication.OnClose
channel state change: OPENING
channel state change: OPEN
2026-07-23 16:20:34,515	run_master	DEBUG	In ExperimentMasterApplication.OnOpen
2026-07-23 16:20:34,515	run_master	DEBUG	In ExperimentMasterApplication.AssignClassDuringStartup
2026-07-23 16:20:34,515	run_master	DEBUG	In ExperimentMasterApplication.AssignClassDuringStartup
2026-07-23 16:20:34,515	run_master	DEBUG	In ExperimentMasterApplication.AssignClassDuringStartup
channel state change: CLOSED
2026-07-23 16:20:34,516	run_master	DEBUG	In ExperimentMasterApplication.OnClose
channel state change: OPENING
channel state change: OPEN
2026-07-23 16:20:34,517	run_master	DEBUG	In ExperimentMasterApplication.OnOpen
2026-07-23 16:20:34,517	run_master	DEBUG	In ExperimentMasterApplication.AssignClassDuringStartup
2026-07-23 16:20:34,517	run_master	DEBUG	In ExperimentMasterApplication.AssignClassDuringStartup
2026-07-23 16:20:34,517	run_master	DEBUG	In ExperimentMasterApplication.AssignClassDuringStartup
channel state change: CLOSED
2026-07-23 16:20:34,519	run_master	DEBUG	In ExperimentMasterApplication.OnClose
channel state change: OPENING
channel state change: OPEN
2026-07-23 16:20:34,520	run_master	DEBUG	In ExperimentMasterApplication.OnOpen
2026-07-23 16:20:34,520	run_master	DEBUG	In ExperimentMasterApplication.AssignClassDuringStartup
2026-07-23 16:20:34,521	run_master	DEBUG	In ExperimentMasterApplication.AssignClassDuringStartup
2026-07-23 16:20:34,521	run_master	DEBUG	In ExperimentMasterApplication.AssignClassDuringStartup
channel state change: CLOSED
2026-07-23 16:20:34,521	run_master	DEBUG	In ExperimentMasterApplication.OnClose
channel state change: OPENING
channel state change: OPEN
2026-07-23 16:20:34,523	run_master	DEBUG	In ExperimentMasterApplication.OnOpen
2026-07-23 16:20:34,524	run_master	DEBUG	In ExperimentMasterApplication.AssignClassDuringStartup
2026-07-23 16:20:34,524	run_master	DEBUG	In ExperimentMasterApplication.AssignClassDuringStartup
2026-07-23 16:20:34,524	run_master	DEBUG	In ExperimentMasterApplication.AssignClassDuringStartup
channel state change: CLOSED
2026-07-23 16:20:34,524	run_master	DEBUG	In ExperimentMasterApplication.OnClose
channel state change: OPENING
channel state change: OPEN
2026-07-23 16:20:34,525	run_master	DEBUG	In ExperimentMasterApplication.OnOpen
2026-07-23 16:20:34,526	run_master	DEBUG	In ExperimentMasterApplication.AssignClassDuringStartup
2026-07-23 16:20:34,526	run_master	DEBUG	In ExperimentMasterApplication.AssignClassDuringStartup
2026-07-23 16:20:34,526	run_master	DEBUG	In ExperimentMasterApplication.AssignClassDuringStartup
channel state change: CLOSED
2026-07-23 16:20:34,528	run_master	DEBUG	In ExperimentMasterApplication.OnClose
channel state change: OPENING
channel state change: OPEN
2026-07-23 16:20:34,529	run_master	DEBUG	In ExperimentMasterApplication.OnOpen
2026-07-23 16:20:34,529	run_master	DEBUG	In ExperimentMasterApplication.AssignClassDuringStartup
2026-07-23 16:20:34,529	run_master	DEBUG	In ExperimentMasterApplication.AssignClassDuringStartup
2026-07-23 16:20:34,530	run_master	DEBUG	In ExperimentMasterApplication.AssignClassDuringStartup
channel state change: CLOSED
2026-07-23 16:20:34,530	run_master	DEBUG	In ExperimentMasterApplication.OnClose
channel state change: OPENING
channel state change: OPEN
2026-07-23 16:20:34,532	run_master	DEBUG	In ExperimentMasterApplication.OnOpen
2026-07-23 16:20:34,533	run_master	DEBUG	In ExperimentMasterApplication.AssignClassDuringStartup
2026-07-23 16:20:34,533	run_master	DEBUG	In ExperimentMasterApplication.AssignClassDuringStartup
2026-07-23 16:20:34,533	run_master	DEBUG	In ExperimentMasterApplication.AssignClassDuringStartup
channel state change: CLOSED
2026-07-23 16:20:34,533	run_master	DEBUG	In ExperimentMasterApplication.OnClose
channel state change: OPENING
channel state change: OPEN
2026-07-23 16:20:34,536	run_master	DEBUG	In ExperimentMasterApplication.OnOpen
2026-07-23 16:20:34,536	run_master	DEBUG	In ExperimentMasterApplication.AssignClassDuringStartup
2026-07-23 16:20:34,536	run_master	DEBUG	In ExperimentMasterApplication.AssignClassDuringStartup
2026-07-23 16:20:34,536	run_master	DEBUG	In ExperimentMasterApplication.AssignClassDuringStartup
channel state change: CLOSED
2026-07-23 16:20:34,536	run_master	DEBUG	In ExperimentMasterApplication.OnClose
channel state change: OPENING
channel state change: OPEN
2026-07-23 16:20:34,538	run_master	DEBUG	In ExperimentMasterApplication.OnOpen
2026-07-23 16:20:34,538	run_master	DEBUG	In ExperimentMasterApplication.AssignClassDuringStartup
2026-07-23 16:20:34,538	run_master	DEBUG	In ExperimentMasterApplication.AssignClassDuringStartup
2026-07-23 16:20:34,538	run_master	DEBUG	In ExperimentMasterApplication.AssignClassDuringStartup
channel state change: CLOSED
2026-07-23 16:20:34,540	run_master	DEBUG	In ExperimentMasterApplication.OnClose
channel state change: OPENING
channel state change: OPEN
2026-07-23 16:20:34,541	run_master	DEBUG	In ExperimentMasterApplication.OnOpen
2026-07-23 16:20:34,541	run_master	DEBUG	In ExperimentMasterApplication.AssignClassDuringStartup
2026-07-23 16:20:34,541	run_master	DEBUG	In ExperimentMasterApplication.AssignClassDuringStartup
2026-07-23 16:20:34,541	run_master	DEBUG	In ExperimentMasterApplication.AssignClassDuringStartup
channel state change: CLOSED
2026-07-23 16:20:34,542	run_master	DEBUG	In ExperimentMasterApplication.OnClose
channel state change: OPENING
channel state change: OPEN
2026-07-23 16:20:34,544	run_master	DEBUG	In ExperimentMasterApplication.OnOpen
2026-07-23 16:20:34,544	run_master	DEBUG	In ExperimentMasterApplication.AssignClassDuringStartup
2026-07-23 16:20:34,544	run_master	DEBUG	In ExperimentMasterApplication.AssignClassDuringStartup
2026-07-23 16:20:34,545	run_master	DEBUG	In ExperimentMasterApplication.AssignClassDuringStartup
channel state change: CLOSED
2026-07-23 16:20:34,545	run_master	DEBUG	In ExperimentMasterApplication.OnClose
channel state change: OPENING
channel state change: OPEN
2026-07-23 16:20:34,546	run_master	DEBUG	In ExperimentMasterApplication.OnOpen
2026-07-23 16:20:34,547	run_master	DEBUG	In ExperimentMasterApplication.AssignClassDuringStartup
2026-07-23 16:20:34,547	run_master	DEBUG	In ExperimentMasterApplication.AssignClassDuringStartup
2026-07-23 16:20:34,547	run_master	DEBUG	In ExperimentMasterApplication.AssignClassDuringStartup
channel state change: CLOSED
2026-07-23 16:20:34,548	run_master	DEBUG	In ExperimentMasterApplication.OnClose
channel state change: OPENING
channel state change: OPEN
2026-07-23 16:20:35,556	run_master	DEBUG	In ExperimentMasterApplication.OnOpen
2026-07-23 16:20:35,556	run_master	DEBUG	In ExperimentMasterApplication.AssignClassDuringStartup
2026-07-23 16:20:35,556	run_master	DEBUG	In ExperimentMasterApplication.AssignClassDuringStartup
2026-07-23 16:20:35,556	run_master	DEBUG	In ExperimentMasterApplication.AssignClassDuringStartup
channel state change: CLOSED
2026-07-23 16:20:35,557	run_master	DEBUG	In ExperimentMasterApplication.OnClose
channel state change: OPENING
channel state change: OPEN
2026-07-23 16:20:35,559	run_master	DEBUG	In ExperimentMasterApplication.OnOpen
2026-07-23 16:20:35,559	run_master	DEBUG	In ExperimentMasterApplication.AssignClassDuringStartup
2026-07-23 16:20:35,559	run_master	DEBUG	In ExperimentMasterApplication.AssignClassDuringStartup
2026-07-23 16:20:35,559	run_master	DEBUG	In ExperimentMasterApplication.AssignClassDuringStartup
channel state change: CLOSED
2026-07-23 16:20:35,560	run_master	DEBUG	In ExperimentMasterApplication.OnClose
channel state change: OPENING
channel state change: OPEN
2026-07-23 16:20:35,562	run_master	DEBUG	In ExperimentMasterApplication.OnOpen
2026-07-23 16:20:35,562	run_master	DEBUG	In ExperimentMasterApplication.AssignClassDuringStartup
2026-07-23 16:20:35,562	run_master	DEBUG	In ExperimentMasterApplication.AssignClassDuringStartup
2026-07-23 16:20:35,562	run_master	DEBUG	In ExperimentMasterApplication.AssignClassDuringStartup
channel state change: CLOSED
2026-07-23 16:20:35,563	run_master	DEBUG	In ExperimentMasterApplication.OnClose
channel state change: OPENING
channel state change: OPEN
2026-07-23 16:20:35,565	run_master	DEBUG	In ExperimentMasterApplication.OnOpen
2026-07-23 16:20:35,565	run_master	DEBUG	In ExperimentMasterApplication.AssignClassDuringStartup
2026-07-23 16:20:35,565	run_master	DEBUG	In ExperimentMasterApplication.AssignClassDuringStartup
2026-07-23 16:20:35,566	run_master	DEBUG	In ExperimentMasterApplication.AssignClassDuringStartup
channel state change: CLOSED
2026-07-23 16:20:35,566	run_master	DEBUG	In ExperimentMasterApplication.OnClose
channel state change: OPENING
channel state change: OPEN
2026-07-23 16:20:35,567	run_master	DEBUG	In ExperimentMasterApplication.OnOpen
2026-07-23 16:20:35,568	run_master	DEBUG	In ExperimentMasterApplication.AssignClassDuringStartup
2026-07-23 16:20:35,568	run_master	DEBUG	In ExperimentMasterApplication.AssignClassDuringStartup
2026-07-23 16:20:35,568	run_master	DEBUG	In ExperimentMasterApplication.AssignClassDuringStartup
channel state change: CLOSED
2026-07-23 16:20:35,570	run_master	DEBUG	In ExperimentMasterApplication.OnClose
channel state change: OPENING
channel state change: OPEN
2026-07-23 16:20:35,572	run_master	DEBUG	In ExperimentMasterApplication.OnOpen
2026-07-23 16:20:35,572	run_master	DEBUG	In ExperimentMasterApplication.AssignClassDuringStartup
2026-07-23 16:20:35,572	run_master	DEBUG	In ExperimentMasterApplication.AssignClassDuringStartup
2026-07-23 16:20:35,572	run_master	DEBUG	In ExperimentMasterApplication.AssignClassDuringStartup
channel state change: CLOSED
2026-07-23 16:20:35,574	run_master	DEBUG	In ExperimentMasterApplication.OnClose
channel state change: OPENING
channel state change: OPEN
2026-07-23 16:20:35,575	run_master	DEBUG	In ExperimentMasterApplication.OnOpen
2026-07-23 16:20:35,575	run_master	DEBUG	In ExperimentMasterApplication.AssignClassDuringStartup
2026-07-23 16:20:35,575	run_master	DEBUG	In ExperimentMasterApplication.AssignClassDuringStartup
2026-07-23 16:20:35,575	run_master	DEBUG	In ExperimentMasterApplication.AssignClassDuringStartup
channel state change: CLOSED
2026-07-23 16:20:35,576	run_master	DEBUG	In ExperimentMasterApplication.OnClose
channel state change: OPENING
channel state change: OPEN
2026-07-23 16:20:35,579	run_master	DEBUG	In ExperimentMasterApplication.OnOpen
2026-07-23 16:20:35,579	run_master	DEBUG	In ExperimentMasterApplication.AssignClassDuringStartup
2026-07-23 16:20:35,579	run_master	DEBUG	In ExperimentMasterApplication.AssignClassDuringStartup
2026-07-23 16:20:35,579	run_master	DEBUG	In ExperimentMasterApplication.AssignClassDuringStartup
channel state change: CLOSED
2026-07-23 16:20:35,579	run_master	DEBUG	In ExperimentMasterApplication.OnClose
channel state change: OPENING
channel state change: OPEN
2026-07-23 16:20:35,582	run_master	DEBUG	In ExperimentMasterApplication.OnOpen
2026-07-23 16:20:35,582	run_master	DEBUG	In ExperimentMasterApplication.AssignClassDuringStartup
2026-07-23 16:20:35,582	run_master	DEBUG	In ExperimentMasterApplication.AssignClassDuringStartup
2026-07-23 16:20:35,582	run_master	DEBUG	In ExperimentMasterApplication.AssignClassDuringStartup
channel state change: CLOSED
2026-07-23 16:20:35,583	run_master	DEBUG	In ExperimentMasterApplication.OnClose
channel state change: OPENING
channel state change: OPEN
2026-07-23 16:20:35,584	run_master	DEBUG	In ExperimentMasterApplication.OnOpen
2026-07-23 16:20:35,584	run_master	DEBUG	In ExperimentMasterApplication.AssignClassDuringStartup
2026-07-23 16:20:35,584	run_master	DEBUG	In ExperimentMasterApplication.AssignClassDuringStartup
2026-07-23 16:20:35,584	run_master	DEBUG	In ExperimentMasterApplication.AssignClassDuringStartup
channel state change: CLOSED
2026-07-23 16:20:35,586	run_master	DEBUG	In ExperimentMasterApplication.OnClose
channel state change: OPENING
channel state change: OPEN
2026-07-23 16:20:35,587	run_master	DEBUG	In ExperimentMasterApplication.OnOpen
2026-07-23 16:20:35,587	run_master	DEBUG	In ExperimentMasterApplication.AssignClassDuringStartup
2026-07-23 16:20:35,588	run_master	DEBUG	In ExperimentMasterApplication.AssignClassDuringStartup
2026-07-23 16:20:35,588	run_master	DEBUG	In ExperimentMasterApplication.AssignClassDuringStartup
channel state change: CLOSED
2026-07-23 16:20:35,588	run_master	DEBUG	In ExperimentMasterApplication.OnClose
channel state change: OPENING
channel state change: OPEN
2026-07-23 16:20:35,590	run_master	DEBUG	In ExperimentMasterApplication.OnOpen
2026-07-23 16:20:35,591	run_master	DEBUG	In ExperimentMasterApplication.AssignClassDuringStartup
2026-07-23 16:20:35,591	run_master	DEBUG	In ExperimentMasterApplication.AssignClassDuringStartup
2026-07-23 16:20:35,591	run_master	DEBUG	In ExperimentMasterApplication.AssignClassDuringStartup
channel state change: CLOSED
2026-07-23 16:20:35,591	run_master	DEBUG	In ExperimentMasterApplication.OnClose
channel state change: OPENING
channel state change: OPEN
2026-07-23 16:20:35,592	run_master	DEBUG	In ExperimentMasterApplication.OnOpen
2026-07-23 16:20:35,593	run_master	DEBUG	In ExperimentMasterApplication.AssignClassDuringStartup
2026-07-23 16:20:35,593	run_master	DEBUG	In ExperimentMasterApplication.AssignClassDuringStartup
2026-07-23 16:20:35,593	run_master	DEBUG	In ExperimentMasterApplication.AssignClassDuringStartup
channel state change: CLOSED
2026-07-23 16:20:35,594	run_master	DEBUG	In ExperimentMasterApplication.OnClose
channel state change: OPENING
channel state change: OPEN
2026-07-23 16:20:35,596	run_master	DEBUG	In ExperimentMasterApplication.OnOpen
2026-07-23 16:20:35,596	run_master	DEBUG	In ExperimentMasterApplication.AssignClassDuringStartup
2026-07-23 16:20:35,596	run_master	DEBUG	In ExperimentMasterApplication.AssignClassDuringStartup
2026-07-23 16:20:35,596	run_master	DEBUG	In ExperimentMasterApplication.AssignClassDuringStartup
channel state change: CLOSED
2026-07-23 16:20:35,597	run_master	DEBUG	In ExperimentMasterApplication.OnClose
channel state change: OPENING
channel state change: OPEN
2026-07-23 16:20:35,599	run_master	DEBUG	In ExperimentMasterApplication.OnOpen
2026-07-23 16:20:35,599	run_master	DEBUG	In ExperimentMasterApplication.AssignClassDuringStartup
2026-07-23 16:20:35,599	run_master	DEBUG	In ExperimentMasterApplication.AssignClassDuringStartup
2026-07-23 16:20:35,599	run_master	DEBUG	In ExperimentMasterApplication.AssignClassDuringStartup
channel state change: CLOSED
2026-07-23 16:20:35,600	run_master	DEBUG	In ExperimentMasterApplication.OnClose
channel state change: OPENING
channel state change: OPEN
2026-07-23 16:20:35,601	run_master	DEBUG	In ExperimentMasterApplication.OnOpen
2026-07-23 16:20:35,601	run_master	DEBUG	In ExperimentMasterApplication.AssignClassDuringStartup
2026-07-23 16:20:35,601	run_master	DEBUG	In ExperimentMasterApplication.AssignClassDuringStartup
2026-07-23 16:20:35,601	run_master	DEBUG	In ExperimentMasterApplication.AssignClassDuringStartup
channel state change: CLOSED
2026-07-23 16:20:35,603	run_master	DEBUG	In ExperimentMasterApplication.OnClose
channel state change: OPENING
channel state change: OPEN
2026-07-23 16:20:35,604	run_master	DEBUG	In ExperimentMasterApplication.OnOpen
2026-07-23 16:20:35,604	run_master	DEBUG	In ExperimentMasterApplication.AssignClassDuringStartup
2026-07-23 16:20:35,604	run_master	DEBUG	In ExperimentMasterApplication.AssignClassDuringStartup
2026-07-23 16:20:35,604	run_master	DEBUG	In ExperimentMasterApplication.AssignClassDuringStartup
channel state change: CLOSED
2026-07-23 16:20:35,605	run_master	DEBUG	In ExperimentMasterApplication.OnClose
channel state change: OPENING
channel state change: OPEN
2026-07-23 16:20:35,608	run_master	DEBUG	In ExperimentMasterApplication.OnOpen
2026-07-23 16:20:35,608	run_master	DEBUG	In ExperimentMasterApplication.AssignClassDuringStartup
2026-07-23 16:20:35,608	run_master	DEBUG	In ExperimentMasterApplication.AssignClassDuringStartup
2026-07-23 16:20:35,608	run_master	DEBUG	In ExperimentMasterApplication.AssignClassDuringStartup
channel state change: CLOSED
2026-07-23 16:20:35,609	run_master	DEBUG	In ExperimentMasterApplication.OnClose
channel state change: OPENING
channel state change: OPEN
2026-07-23 16:20:35,611	run_master	DEBUG	In ExperimentMasterApplication.OnOpen
2026-07-23 16:20:35,611	run_master	DEBUG	In ExperimentMasterApplication.AssignClassDuringStartup
2026-07-23 16:20:35,611	run_master	DEBUG	In ExperimentMasterApplication.AssignClassDuringStartup
2026-07-23 16:20:35,611	run_master	DEBUG	In ExperimentMasterApplication.AssignClassDuringStartup
channel state change: CLOSED
2026-07-23 16:20:35,612	run_master	DEBUG	In ExperimentMasterApplication.OnClose
channel state change: OPENING
channel state change: OPEN
2026-07-23 16:20:35,613	run_master	DEBUG	In ExperimentMasterApplication.OnOpen
2026-07-23 16:20:35,614	run_master	DEBUG	In ExperimentMasterApplication.AssignClassDuringStartup
2026-07-23 16:20:35,614	run_master	DEBUG	In ExperimentMasterApplication.AssignClassDuringStartup
2026-07-23 16:20:35,614	run_master	DEBUG	In ExperimentMasterApplication.AssignClassDuringStartup
channel state change: CLOSED
2026-07-23 16:20:35,615	run_master	DEBUG	In ExperimentMasterApplication.OnClose
channel state change: OPENING
channel state change: OPEN
2026-07-23 16:20:35,616	run_master	DEBUG	In ExperimentMasterApplication.OnOpen
2026-07-23 16:20:35,617	run_master	DEBUG	In ExperimentMasterApplication.AssignClassDuringStartup
2026-07-23 16:20:35,617	run_master	DEBUG	In ExperimentMasterApplication.AssignClassDuringStartup
2026-07-23 16:20:35,617	run_master	DEBUG	In ExperimentMasterApplication.AssignClassDuringStartup
channel state change: CLOSED
2026-07-23 16:20:35,617	run_master	DEBUG	In ExperimentMasterApplication.OnClose
channel state change: OPENING
channel state change: OPEN
2026-07-23 16:20:35,620	run_master	DEBUG	In ExperimentMasterApplication.OnOpen
2026-07-23 16:20:35,620	run_master	DEBUG	In ExperimentMasterApplication.AssignClassDuringStartup
2026-07-23 16:20:35,620	run_master	DEBUG	In ExperimentMasterApplication.AssignClassDuringStartup
2026-07-23 16:20:35,620	run_master	DEBUG	In ExperimentMasterApplication.AssignClassDuringStartup
channel state change: CLOSED
2026-07-23 16:20:35,620	run_master	DEBUG	In ExperimentMasterApplication.OnClose
channel state change: OPENING
channel state change: OPEN
2026-07-23 16:20:35,622	run_master	DEBUG	In ExperimentMasterApplication.OnOpen
2026-07-23 16:20:35,622	run_master	DEBUG	In ExperimentMasterApplication.AssignClassDuringStartup
2026-07-23 16:20:35,622	run_master	DEBUG	In ExperimentMasterApplication.AssignClassDuringStartup
2026-07-23 16:20:35,622	run_master	DEBUG	In ExperimentMasterApplication.AssignClassDuringStartup
channel state change: CLOSED
2026-07-23 16:20:35,624	run_master	DEBUG	In ExperimentMasterApplication.OnClose
channel state change: OPENING
channel state change: OPEN
2026-07-23 16:20:35,625	run_master	DEBUG	In ExperimentMasterApplication.OnOpen
2026-07-23 16:20:35,625	run_master	DEBUG	In ExperimentMasterApplication.AssignClassDuringStartup
2026-07-23 16:20:35,625	run_master	DEBUG	In ExperimentMasterApplication.AssignClassDuringStartup
2026-07-23 16:20:35,625	run_master	DEBUG	In ExperimentMasterApplication.AssignClassDuringStartup
channel state change: CLOSED
2026-07-23 16:20:35,628	run_master	DEBUG	In ExperimentMasterApplication.OnClose
channel state change: OPENING
channel state change: OPEN
2026-07-23 16:20:35,629	run_master	DEBUG	In ExperimentMasterApplication.OnOpen
2026-07-23 16:20:35,629	run_master	DEBUG	In ExperimentMasterApplication.AssignClassDuringStartup
2026-07-23 16:20:35,629	run_master	DEBUG	In ExperimentMasterApplication.AssignClassDuringStartup
2026-07-23 16:20:35,629	run_master	DEBUG	In ExperimentMasterApplication.AssignClassDuringStartup
channel state change: CLOSED
2026-07-23 16:20:35,632	run_master	DEBUG	In ExperimentMasterApplication.OnClose
channel state change: OPENING
channel state change: OPEN
2026-07-23 16:20:35,634	run_master	DEBUG	In ExperimentMasterApplication.OnOpen
2026-07-23 16:20:35,634	run_master	DEBUG	In ExperimentMasterApplication.AssignClassDuringStartup
2026-07-23 16:20:35,634	run_master	DEBUG	In ExperimentMasterApplication.AssignClassDuringStartup
2026-07-23 16:20:35,634	run_master	DEBUG	In ExperimentMasterApplication.AssignClassDuringStartup
channel state change: CLOSED
2026-07-23 16:20:35,634	run_master	DEBUG	In ExperimentMasterApplication.OnClose
channel state change: OPENING
channel state change: OPEN
2026-07-23 16:20:35,637	run_master	DEBUG	In ExperimentMasterApplication.OnOpen
2026-07-23 16:20:35,637	run_master	DEBUG	In ExperimentMasterApplication.AssignClassDuringStartup
2026-07-23 16:20:35,637	run_master	DEBUG	In ExperimentMasterApplication.AssignClassDuringStartup
2026-07-23 16:20:35,637	run_master	DEBUG	In ExperimentMasterApplication.AssignClassDuringStartup
channel state change: CLOSED
2026-07-23 16:20:35,638	run_master	DEBUG	In ExperimentMasterApplication.OnClose
channel state change: OPENING
channel state change: OPEN
2026-07-23 16:20:35,641	run_master	DEBUG	In ExperimentMasterApplication.OnOpen
2026-07-23 16:20:35,641	run_master	DEBUG	In ExperimentMasterApplication.AssignClassDuringStartup
2026-07-23 16:20:35,641	run_master	DEBUG	In ExperimentMasterApplication.AssignClassDuringStartup
2026-07-23 16:20:35,641	run_master	DEBUG	In ExperimentMasterApplication.AssignClassDuringStartup
channel state change: CLOSED
2026-07-23 16:20:35,641	run_master	DEBUG	In ExperimentMasterApplication.OnClose
channel state change: OPENING
channel state change: OPEN
2026-07-23 16:20:35,643	run_master	DEBUG	In ExperimentMasterApplication.OnOpen
2026-07-23 16:20:35,643	run_master	DEBUG	In ExperimentMasterApplication.AssignClassDuringStartup
2026-07-23 16:20:35,643	run_master	DEBUG	In ExperimentMasterApplication.AssignClassDuringStartup
2026-07-23 16:20:35,643	run_master	DEBUG	In ExperimentMasterApplication.AssignClassDuringStartup
channel state change: CLOSED
2026-07-23 16:20:35,646	run_master	DEBUG	In ExperimentMasterApplication.OnClose
channel state change: OPENING
channel state change: OPEN
2026-07-23 16:20:35,647	run_master	DEBUG	In ExperimentMasterApplication.OnOpen
2026-07-23 16:20:35,647	run_master	DEBUG	In ExperimentMasterApplication.AssignClassDuringStartup
2026-07-23 16:20:35,648	run_master	DEBUG	In ExperimentMasterApplication.AssignClassDuringStartup
2026-07-23 16:20:35,648	run_master	DEBUG	In ExperimentMasterApplication.AssignClassDuringStartup
channel state change: CLOSED
2026-07-23 16:20:35,650	run_master	DEBUG	In ExperimentMasterApplication.OnClose
channel state change: OPENING
channel state change: OPEN
2026-07-23 16:20:35,651	run_master	DEBUG	In ExperimentMasterApplication.OnOpen
2026-07-23 16:20:35,651	run_master	DEBUG	In ExperimentMasterApplication.AssignClassDuringStartup
2026-07-23 16:20:35,651	run_master	DEBUG	In ExperimentMasterApplication.AssignClassDuringStartup
2026-07-23 16:20:35,652	run_master	DEBUG	In ExperimentMasterApplication.AssignClassDuringStartup
channel state change: CLOSED
2026-07-23 16:20:35,662	run_master	DEBUG	In ExperimentMasterApplication.OnClose
channel state change: OPENING
channel state change: OPEN
2026-07-23 16:20:35,663	run_master	DEBUG	In ExperimentMasterApplication.OnOpen
2026-07-23 16:20:35,663	run_master	DEBUG	In ExperimentMasterApplication.AssignClassDuringStartup
2026-07-23 16:20:35,663	run_master	DEBUG	In ExperimentMasterApplication.AssignClassDuringStartup
2026-07-23 16:20:35,664	run_master	DEBUG	In ExperimentMasterApplication.AssignClassDuringStartup
channel state change: CLOSED
2026-07-23 16:20:35,665	run_master	DEBUG	In ExperimentMasterApplication.OnClose
channel state change: OPENING
channel state change: OPEN
2026-07-23 16:20:35,667	run_master	DEBUG	In ExperimentMasterApplication.OnOpen
2026-07-23 16:20:35,667	run_master	DEBUG	In ExperimentMasterApplication.AssignClassDuringStartup
2026-07-23 16:20:35,667	run_master	DEBUG	In ExperimentMasterApplication.AssignClassDuringStartup
2026-07-23 16:20:35,667	run_master	DEBUG	In ExperimentMasterApplication.AssignClassDuringStartup
channel state change: CLOSED
2026-07-23 16:20:35,670	run_master	DEBUG	In ExperimentMasterApplication.OnClose
channel state change: OPENING
channel state change: OPEN
2026-07-23 16:20:35,671	run_master	DEBUG	In ExperimentMasterApplication.OnOpen
2026-07-23 16:20:35,671	run_master	DEBUG	In ExperimentMasterApplication.AssignClassDuringStartup
2026-07-23 16:20:35,671	run_master	DEBUG	In ExperimentMasterApplication.AssignClassDuringStartup
2026-07-23 16:20:35,671	run_master	DEBUG	In ExperimentMasterApplication.AssignClassDuringStartup
channel state change: CLOSED
2026-07-23 16:20:35,672	run_master	DEBUG	In ExperimentMasterApplication.OnClose
channel state change: OPENING
channel state change: OPEN
2026-07-23 16:20:35,674	run_master	DEBUG	In ExperimentMasterApplication.OnOpen
2026-07-23 16:20:35,675	run_master	DEBUG	In ExperimentMasterApplication.AssignClassDuringStartup
2026-07-23 16:20:35,675	run_master	DEBUG	In ExperimentMasterApplication.AssignClassDuringStartup
2026-07-23 16:20:35,675	run_master	DEBUG	In ExperimentMasterApplication.AssignClassDuringStartup
channel state change: CLOSED
2026-07-23 16:20:35,676	run_master	DEBUG	In ExperimentMasterApplication.OnClose
channel state change: OPENING
channel state change: OPEN
2026-07-23 16:20:35,678	run_master	DEBUG	In ExperimentMasterApplication.OnOpen
2026-07-23 16:20:35,678	run_master	DEBUG	In ExperimentMasterApplication.AssignClassDuringStartup
2026-07-23 16:20:35,678	run_master	DEBUG	In ExperimentMasterApplication.AssignClassDuringStartup
2026-07-23 16:20:35,678	run_master	DEBUG	In ExperimentMasterApplication.AssignClassDuringStartup
channel state change: CLOSED
2026-07-23 16:20:35,679	run_master	DEBUG	In ExperimentMasterApplication.OnClose
channel state change: OPENING
channel state change: OPEN
2026-07-23 16:20:35,682	run_master	DEBUG	In ExperimentMasterApplication.OnOpen
2026-07-23 16:20:35,682	run_master	DEBUG	In ExperimentMasterApplication.AssignClassDuringStartup
2026-07-23 16:20:35,682	run_master	DEBUG	In ExperimentMasterApplication.AssignClassDuringStartup
2026-07-23 16:20:35,682	run_master	DEBUG	In ExperimentMasterApplication.AssignClassDuringStartup
channel state change: CLOSED
2026-07-23 16:20:35,682	run_master	DEBUG	In ExperimentMasterApplication.OnClose
channel state change: OPENING
channel state change: OPEN
2026-07-23 16:20:35,684	run_master	DEBUG	In ExperimentMasterApplication.OnOpen
2026-07-23 16:20:35,684	run_master	DEBUG	In ExperimentMasterApplication.AssignClassDuringStartup
2026-07-23 16:20:35,684	run_master	DEBUG	In ExperimentMasterApplication.AssignClassDuringStartup
2026-07-23 16:20:35,684	run_master	DEBUG	In ExperimentMasterApplication.AssignClassDuringStartup
channel state change: CLOSED
2026-07-23 16:20:35,685	run_master	DEBUG	In ExperimentMasterApplication.OnClose
channel state change: OPENING
channel state change: OPEN
2026-07-23 16:20:35,687	run_master	DEBUG	In ExperimentMasterApplication.OnOpen
2026-07-23 16:20:35,687	run_master	DEBUG	In ExperimentMasterApplication.AssignClassDuringStartup
2026-07-23 16:20:35,687	run_master	DEBUG	In ExperimentMasterApplication.AssignClassDuringStartup
2026-07-23 16:20:35,687	run_master	DEBUG	In ExperimentMasterApplication.AssignClassDuringStartup
channel state change: CLOSED
2026-07-23 16:20:35,688	run_master	DEBUG	In ExperimentMasterApplication.OnClose
channel state change: OPENING
channel state change: OPEN
2026-07-23 16:20:35,690	run_master	DEBUG	In ExperimentMasterApplication.OnOpen
2026-07-23 16:20:35,690	run_master	DEBUG	In ExperimentMasterApplication.AssignClassDuringStartup
2026-07-23 16:20:35,690	run_master	DEBUG	In ExperimentMasterApplication.AssignClassDuringStartup
2026-07-23 16:20:35,690	run_master	DEBUG	In ExperimentMasterApplication.AssignClassDuringStartup
channel state change: CLOSED
2026-07-23 16:20:35,691	run_master	DEBUG	In ExperimentMasterApplication.OnClose
channel state change: OPENING
channel state change: OPEN
2026-07-23 16:20:35,692	run_master	DEBUG	In ExperimentMasterApplication.OnOpen
2026-07-23 16:20:35,692	run_master	DEBUG	In ExperimentMasterApplication.AssignClassDuringStartup
2026-07-23 16:20:35,692	run_master	DEBUG	In ExperimentMasterApplication.AssignClassDuringStartup
2026-07-23 16:20:35,692	run_master	DEBUG	In ExperimentMasterApplication.AssignClassDuringStartup
channel state change: CLOSED
2026-07-23 16:20:35,694	run_master	DEBUG	In ExperimentMasterApplication.OnClose
channel state change: OPENING
channel state change: OPEN
2026-07-23 16:20:35,695	run_master	DEBUG	In ExperimentMasterApplication.OnOpen
2026-07-23 16:20:35,696	run_master	DEBUG	In ExperimentMasterApplication.AssignClassDuringStartup
2026-07-23 16:20:35,696	run_master	DEBUG	In ExperimentMasterApplication.AssignClassDuringStartup
2026-07-23 16:20:35,696	run_master	DEBUG	In ExperimentMasterApplication.AssignClassDuringStartup
channel state change: CLOSED
2026-07-23 16:20:35,696	run_master	DEBUG	In ExperimentMasterApplication.OnClose
channel state change: OPENING
channel state change: OPEN
2026-07-23 16:20:35,699	run_master	DEBUG	In ExperimentMasterApplication.OnOpen
2026-07-23 16:20:35,699	run_master	DEBUG	In ExperimentMasterApplication.AssignClassDuringStartup
2026-07-23 16:20:35,700	run_master	DEBUG	In ExperimentMasterApplication.AssignClassDuringStartup
2026-07-23 16:20:35,700	run_master	DEBUG	In ExperimentMasterApplication.AssignClassDuringStartup
channel state change: CLOSED
2026-07-23 16:20:35,700	run_master	DEBUG	In ExperimentMasterApplication.OnClose
channel state change: OPENING
channel state change: OPEN
2026-07-23 16:20:35,701	run_master	DEBUG	In ExperimentMasterApplication.OnOpen
2026-07-23 16:20:35,702	run_master	DEBUG	In ExperimentMasterApplication.AssignClassDuringStartup
2026-07-23 16:20:35,702	run_master	DEBUG	In ExperimentMasterApplication.AssignClassDuringStartup
2026-07-23 16:20:35,702	run_master	DEBUG	In ExperimentMasterApplication.AssignClassDuringStartup
channel state change: CLOSED
2026-07-23 16:20:35,703	run_master	DEBUG	In ExperimentMasterApplication.OnClose
channel state change: OPENING
channel state change: OPEN
2026-07-23 16:20:35,704	run_master	DEBUG	In ExperimentMasterApplication.OnOpen
2026-07-23 16:20:35,705	run_master	DEBUG	In ExperimentMasterApplication.AssignClassDuringStartup
2026-07-23 16:20:35,705	run_master	DEBUG	In ExperimentMasterApplication.AssignClassDuringStartup
2026-07-23 16:20:35,705	run_master	DEBUG	In ExperimentMasterApplication.AssignClassDuringStartup
channel state change: CLOSED
2026-07-23 16:20:35,705	run_master	DEBUG	In ExperimentMasterApplication.OnClose
channel state change: OPENING
channel state change: OPEN
2026-07-23 16:20:35,708	run_master	DEBUG	In ExperimentMasterApplication.OnOpen
2026-07-23 16:20:35,708	run_master	DEBUG	In ExperimentMasterApplication.AssignClassDuringStartup
2026-07-23 16:20:35,708	run_master	DEBUG	In ExperimentMasterApplication.AssignClassDuringStartup
2026-07-23 16:20:35,708	run_master	DEBUG	In ExperimentMasterApplication.AssignClassDuringStartup
channel state change: CLOSED
2026-07-23 16:20:35,712	run_master	DEBUG	In ExperimentMasterApplication.OnClose
channel state change: OPENING
channel state change: OPEN
2026-07-23 16:20:35,714	run_master	DEBUG	In ExperimentMasterApplication.OnOpen
2026-07-23 16:20:35,714	run_master	DEBUG	In ExperimentMasterApplication.AssignClassDuringStartup
2026-07-23 16:20:35,714	run_master	DEBUG	In ExperimentMasterApplication.AssignClassDuringStartup
2026-07-23 16:20:35,714	run_master	DEBUG	In ExperimentMasterApplication.AssignClassDuringStartup
channel state change: CLOSED
2026-07-23 16:20:35,717	run_master	DEBUG	In ExperimentMasterApplication.OnClose
channel state change: OPENING
channel state change: OPEN
2026-07-23 16:20:35,720	run_master	DEBUG	In ExperimentMasterApplication.OnOpen
2026-07-23 16:20:35,720	run_master	DEBUG	In ExperimentMasterApplication.AssignClassDuringStartup
2026-07-23 16:20:35,720	run_master	DEBUG	In ExperimentMasterApplication.AssignClassDuringStartup
2026-07-23 16:20:35,720	run_master	DEBUG	In ExperimentMasterApplication.AssignClassDuringStartup
channel state change: CLOSED
2026-07-23 16:20:35,722	run_master	DEBUG	In ExperimentMasterApplication.OnClose
channel state change: OPENING
channel state change: OPEN
2026-07-23 16:20:35,724	run_master	DEBUG	In ExperimentMasterApplication.OnOpen
2026-07-23 16:20:35,725	run_master	DEBUG	In ExperimentMasterApplication.AssignClassDuringStartup
2026-07-23 16:20:35,725	run_master	DEBUG	In ExperimentMasterApplication.AssignClassDuringStartup
2026-07-23 16:20:35,725	run_master	DEBUG	In ExperimentMasterApplication.AssignClassDuringStartup
channel state change: CLOSED
2026-07-23 16:20:35,728	run_master	DEBUG	In ExperimentMasterApplication.OnClose
channel state change: OPENING
channel state change: OPEN
2026-07-23 16:20:35,730	run_master	DEBUG	In ExperimentMasterApplication.OnOpen
2026-07-23 16:20:35,730	run_master	DEBUG	In ExperimentMasterApplication.AssignClassDuringStartup
2026-07-23 16:20:35,730	run_master	DEBUG	In ExperimentMasterApplication.AssignClassDuringStartup
2026-07-23 16:20:35,730	run_master	DEBUG	In ExperimentMasterApplication.AssignClassDuringStartup
channel state change: CLOSED
2026-07-23 16:20:35,732	run_master	DEBUG	In ExperimentMasterApplication.OnClose
channel state change: OPENING
channel state change: OPEN
2026-07-23 16:20:35,734	run_master	DEBUG	In ExperimentMasterApplication.OnOpen
2026-07-23 16:20:35,734	run_master	DEBUG	In ExperimentMasterApplication.AssignClassDuringStartup
2026-07-23 16:20:35,734	run_master	DEBUG	In ExperimentMasterApplication.AssignClassDuringStartup
2026-07-23 16:20:35,734	run_master	DEBUG	In ExperimentMasterApplication.AssignClassDuringStartup
channel state change: CLOSED
2026-07-23 16:20:35,737	run_master	DEBUG	In ExperimentMasterApplication.OnClose
channel state change: OPENING
channel state change: OPEN
2026-07-23 16:20:35,739	run_master	DEBUG	In ExperimentMasterApplication.OnOpen
2026-07-23 16:20:35,739	run_master	DEBUG	In ExperimentMasterApplication.AssignClassDuringStartup
2026-07-23 16:20:35,739	run_master	DEBUG	In ExperimentMasterApplication.AssignClassDuringStartup
2026-07-23 16:20:35,739	run_master	DEBUG	In ExperimentMasterApplication.AssignClassDuringStartup
channel state change: CLOSED
2026-07-23 16:20:35,742	run_master	DEBUG	In ExperimentMasterApplication.OnClose
channel state change: OPENING
channel state change: OPEN
2026-07-23 16:20:35,745	run_master	DEBUG	In ExperimentMasterApplication.OnOpen
2026-07-23 16:20:35,745	run_master	DEBUG	In ExperimentMasterApplication.AssignClassDuringStartup
2026-07-23 16:20:35,745	run_master	DEBUG	In ExperimentMasterApplication.AssignClassDuringStartup
2026-07-23 16:20:35,745	run_master	DEBUG	In ExperimentMasterApplication.AssignClassDuringStartup
channel state change: CLOSED
2026-07-23 16:20:35,747	run_master	DEBUG	In ExperimentMasterApplication.OnClose
channel state change: OPENING
channel state change: OPEN
2026-07-23 16:20:35,749	run_master	DEBUG	In ExperimentMasterApplication.OnOpen
2026-07-23 16:20:35,750	run_master	DEBUG	In ExperimentMasterApplication.AssignClassDuringStartup
2026-07-23 16:20:35,750	run_master	DEBUG	In ExperimentMasterApplication.AssignClassDuringStartup
2026-07-23 16:20:35,750	run_master	DEBUG	In ExperimentMasterApplication.AssignClassDuringStartup
channel state change: CLOSED
2026-07-23 16:20:35,753	run_master	DEBUG	In ExperimentMasterApplication.OnClose
channel state change: OPENING
channel state change: OPEN
2026-07-23 16:20:35,754	run_master	DEBUG	In ExperimentMasterApplication.OnOpen
2026-07-23 16:20:35,754	run_master	DEBUG	In ExperimentMasterApplication.AssignClassDuringStartup
2026-07-23 16:20:35,754	run_master	DEBUG	In ExperimentMasterApplication.AssignClassDuringStartup
2026-07-23 16:20:35,755	run_master	DEBUG	In ExperimentMasterApplication.AssignClassDuringStartup
channel state change: CLOSED
2026-07-23 16:20:35,758	run_master	DEBUG	In ExperimentMasterApplication.OnClose
channel state change: OPENING
channel state change: OPEN
2026-07-23 16:20:35,759	run_master	DEBUG	In ExperimentMasterApplication.OnOpen
2026-07-23 16:20:35,759	run_master	DEBUG	In ExperimentMasterApplication.AssignClassDuringStartup
2026-07-23 16:20:35,759	run_master	DEBUG	In ExperimentMasterApplication.AssignClassDuringStartup
2026-07-23 16:20:35,759	run_master	DEBUG	In ExperimentMasterApplication.AssignClassDuringStartup
channel state change: CLOSED
2026-07-23 16:20:35,766	run_master	DEBUG	In ExperimentMasterApplication.OnClose
channel state change: OPENING
channel state change: OPEN
2026-07-23 16:20:35,768	run_master	DEBUG	In ExperimentMasterApplication.OnOpen
2026-07-23 16:20:35,768	run_master	DEBUG	In ExperimentMasterApplication.AssignClassDuringStartup
2026-07-23 16:20:35,768	run_master	DEBUG	In ExperimentMasterApplication.AssignClassDuringStartup
2026-07-23 16:20:35,768	run_master	DEBUG	In ExperimentMasterApplication.AssignClassDuringStartup
channel state change: CLOSED
2026-07-23 16:20:35,772	run_master	DEBUG	In ExperimentMasterApplication.OnClose
channel state change: OPENING
channel state change: OPEN
2026-07-23 16:20:35,774	run_master	DEBUG	In ExperimentMasterApplication.OnOpen
2026-07-23 16:20:35,775	run_master	DEBUG	In ExperimentMasterApplication.AssignClassDuringStartup
2026-07-23 16:20:35,775	run_master	DEBUG	In ExperimentMasterApplication.AssignClassDuringStartup
2026-07-23 16:20:35,775	run_master	DEBUG	In ExperimentMasterApplication.AssignClassDuringStartup
channel state change: CLOSED
2026-07-23 16:20:35,778	run_master	DEBUG	In ExperimentMasterApplication.OnClose
channel state change: OPENING
channel state change: OPEN
2026-07-23 16:20:35,779	run_master	DEBUG	In ExperimentMasterApplication.OnOpen
2026-07-23 16:20:35,779	run_master	DEBUG	In ExperimentMasterApplication.AssignClassDuringStartup
2026-07-23 16:20:35,779	run_master	DEBUG	In ExperimentMasterApplication.AssignClassDuringStartup
2026-07-23 16:20:35,780	run_master	DEBUG	In ExperimentMasterApplication.AssignClassDuringStartup
channel state change: CLOSED
2026-07-23 16:20:35,782	run_master	DEBUG	In ExperimentMasterApplication.OnClose
channel state change: OPENING
channel state change: OPEN
2026-07-23 16:20:35,784	run_master	DEBUG	In ExperimentMasterApplication.OnOpen
2026-07-23 16:20:35,784	run_master	DEBUG	In ExperimentMasterApplication.AssignClassDuringStartup
2026-07-23 16:20:35,784	run_master	DEBUG	In ExperimentMasterApplication.AssignClassDuringStartup
2026-07-23 16:20:35,784	run_master	DEBUG	In ExperimentMasterApplication.AssignClassDuringStartup
channel state change: CLOSED
2026-07-23 16:20:35,788	run_master	DEBUG	In ExperimentMasterApplication.OnClose
channel state change: OPENING
channel state change: OPEN
2026-07-23 16:20:35,790	run_master	DEBUG	In ExperimentMasterApplication.OnOpen
2026-07-23 16:20:35,790	run_master	DEBUG	In ExperimentMasterApplication.AssignClassDuringStartup
2026-07-23 16:20:35,791	run_master	DEBUG	In ExperimentMasterApplication.AssignClassDuringStartup
2026-07-23 16:20:35,791	run_master	DEBUG	In ExperimentMasterApplication.AssignClassDuringStartup
channel state change: CLOSED
2026-07-23 16:20:35,792	run_master	DEBUG	In ExperimentMasterApplication.OnClose
channel state change: OPENING
channel state change: OPEN
2026-07-23 16:20:36,796	run_master	DEBUG	In ExperimentMasterApplication.OnOpen
2026-07-23 16:20:36,796	run_master	DEBUG	In ExperimentMasterApplication.AssignClassDuringStartup
2026-07-23 16:20:36,796	run_master	DEBUG	In ExperimentMasterApplication.AssignClassDuringStartup
2026-07-23 16:20:36,796	run_master	DEBUG	In ExperimentMasterApplication.AssignClassDuringStartup
channel state change: CLOSED
2026-07-23 16:20:36,797	run_master	DEBUG	In ExperimentMasterApplication.OnClose
channel state change: OPENING
channel state change: OPEN
2026-07-23 16:20:36,800	run_master	DEBUG	In ExperimentMasterApplication.OnOpen
2026-07-23 16:20:36,800	run_master	DEBUG	In ExperimentMasterApplication.AssignClassDuringStartup
2026-07-23 16:20:36,800	run_master	DEBUG	In ExperimentMasterApplication.AssignClassDuringStartup
2026-07-23 16:20:36,800	run_master	DEBUG	In ExperimentMasterApplication.AssignClassDuringStartup
channel state change: CLOSED
2026-07-23 16:20:36,803	run_master	DEBUG	In ExperimentMasterApplication.OnClose
channel state change: OPENING
channel state change: OPEN
2026-07-23 16:20:36,805	run_master	DEBUG	In ExperimentMasterApplication.OnOpen
2026-07-23 16:20:36,805	run_master	DEBUG	In ExperimentMasterApplication.AssignClassDuringStartup
2026-07-23 16:20:36,805	run_master	DEBUG	In ExperimentMasterApplication.AssignClassDuringStartup
2026-07-23 16:20:36,805	run_master	DEBUG	In ExperimentMasterApplication.AssignClassDuringStartup
channel state change: CLOSED
2026-07-23 16:20:36,808	run_master	DEBUG	In ExperimentMasterApplication.OnClose
channel state change: OPENING
channel state change: OPEN
2026-07-23 16:20:36,809	run_master	DEBUG	In ExperimentMasterApplication.OnOpen
2026-07-23 16:20:36,809	run_master	DEBUG	In ExperimentMasterApplication.AssignClassDuringStartup
2026-07-23 16:20:36,809	run_master	DEBUG	In ExperimentMasterApplication.AssignClassDuringStartup
2026-07-23 16:20:36,809	run_master	DEBUG	In ExperimentMasterApplication.AssignClassDuringStartup
channel state change: CLOSED
2026-07-23 16:20:36,816	run_master	DEBUG	In ExperimentMasterApplication.OnClose
channel state change: OPENING
channel state change: OPEN
2026-07-23 16:20:36,818	run_master	DEBUG	In ExperimentMasterApplication.OnOpen
2026-07-23 16:20:36,818	run_master	DEBUG	In ExperimentMasterApplication.AssignClassDuringStartup
2026-07-23 16:20:36,818	run_master	DEBUG	In ExperimentMasterApplication.AssignClassDuringStartup
2026-07-23 16:20:36,818	run_master	DEBUG	In ExperimentMasterApplication.AssignClassDuringStartup
channel state change: CLOSED
2026-07-23 16:20:36,822	run_master	DEBUG	In ExperimentMasterApplication.OnClose
channel state change: OPENING
channel state change: OPEN
2026-07-23 16:20:36,825	run_master	DEBUG	In ExperimentMasterApplication.OnOpen
2026-07-23 16:20:36,825	run_master	DEBUG	In ExperimentMasterApplication.AssignClassDuringStartup
2026-07-23 16:20:36,825	run_master	DEBUG	In ExperimentMasterApplication.AssignClassDuringStartup
2026-07-23 16:20:36,825	run_master	DEBUG	In ExperimentMasterApplication.AssignClassDuringStartup
channel state change: CLOSED
2026-07-23 16:20:36,828	run_master	DEBUG	In ExperimentMasterApplication.OnClose
channel state change: OPENING
channel state change: OPEN
2026-07-23 16:20:36,829	run_master	DEBUG	In ExperimentMasterApplication.OnOpen
2026-07-23 16:20:36,830	run_master	DEBUG	In ExperimentMasterApplication.AssignClassDuringStartup
2026-07-23 16:20:36,830	run_master	DEBUG	In ExperimentMasterApplication.AssignClassDuringStartup
2026-07-23 16:20:36,830	run_master	DEBUG	In ExperimentMasterApplication.AssignClassDuringStartup
channel state change: CLOSED
2026-07-23 16:20:36,832	run_master	DEBUG	In ExperimentMasterApplication.OnClose
channel state change: OPENING
channel state change: OPEN
2026-07-23 16:20:36,834	run_master	DEBUG	In ExperimentMasterApplication.OnOpen
2026-07-23 16:20:36,834	run_master	DEBUG	In ExperimentMasterApplication.AssignClassDuringStartup
2026-07-23 16:20:36,834	run_master	DEBUG	In ExperimentMasterApplication.AssignClassDuringStartup
2026-07-23 16:20:36,834	run_master	DEBUG	In ExperimentMasterApplication.AssignClassDuringStartup
channel state change: CLOSED
2026-07-23 16:20:36,838	run_master	DEBUG	In ExperimentMasterApplication.OnClose
channel state change: OPENING
channel state change: OPEN
2026-07-23 16:20:36,839	run_master	DEBUG	In ExperimentMasterApplication.OnOpen
2026-07-23 16:20:36,839	run_master	DEBUG	In ExperimentMasterApplication.AssignClassDuringStartup
2026-07-23 16:20:36,839	run_master	DEBUG	In ExperimentMasterApplication.AssignClassDuringStartup
2026-07-23 16:20:36,840	run_master	DEBUG	In ExperimentMasterApplication.AssignClassDuringStartup
channel state change: CLOSED
2026-07-23 16:20:36,842	run_master	DEBUG	In ExperimentMasterApplication.OnClose
channel state change: OPENING
channel state change: OPEN
2026-07-23 16:20:36,845	run_master	DEBUG	In ExperimentMasterApplication.OnOpen
2026-07-23 16:20:36,845	run_master	DEBUG	In ExperimentMasterApplication.AssignClassDuringStartup
2026-07-23 16:20:36,845	run_master	DEBUG	In ExperimentMasterApplication.AssignClassDuringStartup
2026-07-23 16:20:36,845	run_master	DEBUG	In ExperimentMasterApplication.AssignClassDuringStartup
channel state change: CLOSED
2026-07-23 16:20:36,847	run_master	DEBUG	In ExperimentMasterApplication.OnClose
channel state change: OPENING
channel state change: OPEN
2026-07-23 16:20:36,850	run_master	DEBUG	In ExperimentMasterApplication.OnOpen
2026-07-23 16:20:36,850	run_master	DEBUG	In ExperimentMasterApplication.AssignClassDuringStartup
2026-07-23 16:20:36,850	run_master	DEBUG	In ExperimentMasterApplication.AssignClassDuringStartup
2026-07-23 16:20:36,850	run_master	DEBUG	In ExperimentMasterApplication.AssignClassDuringStartup
channel state change: CLOSED
2026-07-23 16:20:36,853	run_master	DEBUG	In ExperimentMasterApplication.OnClose
channel state change: OPENING
channel state change: OPEN
2026-07-23 16:20:36,855	run_master	DEBUG	In ExperimentMasterApplication.OnOpen
2026-07-23 16:20:36,855	run_master	DEBUG	In ExperimentMasterApplication.AssignClassDuringStartup
2026-07-23 16:20:36,855	run_master	DEBUG	In ExperimentMasterApplication.AssignClassDuringStartup
2026-07-23 16:20:36,855	run_master	DEBUG	In ExperimentMasterApplication.AssignClassDuringStartup
channel state change: CLOSED
2026-07-23 16:20:36,857	run_master	DEBUG	In ExperimentMasterApplication.OnClose
channel state change: OPENING
channel state change: OPEN
2026-07-23 16:20:36,859	run_master	DEBUG	In ExperimentMasterApplication.OnOpen
2026-07-23 16:20:36,859	run_master	DEBUG	In ExperimentMasterApplication.AssignClassDuringStartup
2026-07-23 16:20:36,859	run_master	DEBUG	In ExperimentMasterApplication.AssignClassDuringStartup
2026-07-23 16:20:36,859	run_master	DEBUG	In ExperimentMasterApplication.AssignClassDuringStartup
channel state change: CLOSED
2026-07-23 16:20:36,862	run_master	DEBUG	In ExperimentMasterApplication.OnClose
channel state change: OPENING
channel state change: OPEN
2026-07-23 16:20:36,864	run_master	DEBUG	In ExperimentMasterApplication.OnOpen
2026-07-23 16:20:36,864	run_master	DEBUG	In ExperimentMasterApplication.AssignClassDuringStartup
2026-07-23 16:20:36,864	run_master	DEBUG	In ExperimentMasterApplication.AssignClassDuringStartup
2026-07-23 16:20:36,864	run_master	DEBUG	In ExperimentMasterApplication.AssignClassDuringStartup
channel state change: CLOSED
2026-07-23 16:20:36,868	run_master	DEBUG	In ExperimentMasterApplication.OnClose
channel state change: OPENING
channel state change: OPEN
2026-07-23 16:20:36,870	run_master	DEBUG	In ExperimentMasterApplication.OnOpen
2026-07-23 16:20:36,870	run_master	DEBUG	In ExperimentMasterApplication.AssignClassDuringStartup
2026-07-23 16:20:36,870	run_master	DEBUG	In ExperimentMasterApplication.AssignClassDuringStartup
2026-07-23 16:20:36,870	run_master	DEBUG	In ExperimentMasterApplication.AssignClassDuringStartup
channel state change: CLOSED
2026-07-23 16:20:36,872	run_master	DEBUG	In ExperimentMasterApplication.OnClose
channel state change: OPENING
channel state change: OPEN
2026-07-23 16:20:36,875	run_master	DEBUG	In ExperimentMasterApplication.OnOpen
2026-07-23 16:20:36,875	run_master	DEBUG	In ExperimentMasterApplication.AssignClassDuringStartup
2026-07-23 16:20:36,875	run_master	DEBUG	In ExperimentMasterApplication.AssignClassDuringStartup
2026-07-23 16:20:36,875	run_master	DEBUG	In ExperimentMasterApplication.AssignClassDuringStartup
channel state change: CLOSED
2026-07-23 16:20:36,878	run_master	DEBUG	In ExperimentMasterApplication.OnClose
channel state change: OPENING
channel state change: OPEN
2026-07-23 16:20:36,880	run_master	DEBUG	In ExperimentMasterApplication.OnOpen
2026-07-23 16:20:36,880	run_master	DEBUG	In ExperimentMasterApplication.AssignClassDuringStartup
2026-07-23 16:20:36,880	run_master	DEBUG	In ExperimentMasterApplication.AssignClassDuringStartup
2026-07-23 16:20:36,880	run_master	DEBUG	In ExperimentMasterApplication.AssignClassDuringStartup
channel state change: CLOSED
2026-07-23 16:20:36,882	run_master	DEBUG	In ExperimentMasterApplication.OnClose
channel state change: OPENING
channel state change: OPEN
2026-07-23 16:20:36,884	run_master	DEBUG	In ExperimentMasterApplication.OnOpen
2026-07-23 16:20:36,884	run_master	DEBUG	In ExperimentMasterApplication.AssignClassDuringStartup
2026-07-23 16:20:36,884	run_master	DEBUG	In ExperimentMasterApplication.AssignClassDuringStartup
2026-07-23 16:20:36,884	run_master	DEBUG	In ExperimentMasterApplication.AssignClassDuringStartup
channel state change: CLOSED
2026-07-23 16:20:36,887	run_master	DEBUG	In ExperimentMasterApplication.OnClose
channel state change: OPENING
channel state change: OPEN
2026-07-23 16:20:36,889	run_master	DEBUG	In ExperimentMasterApplication.OnOpen
2026-07-23 16:20:36,889	run_master	DEBUG	In ExperimentMasterApplication.AssignClassDuringStartup
2026-07-23 16:20:36,889	run_master	DEBUG	In ExperimentMasterApplication.AssignClassDuringStartup
2026-07-23 16:20:36,889	run_master	DEBUG	In ExperimentMasterApplication.AssignClassDuringStartup
channel state change: CLOSED
2026-07-23 16:20:36,892	run_master	DEBUG	In ExperimentMasterApplication.OnClose
channel state change: OPENING
channel state change: OPEN
2026-07-23 16:20:36,895	run_master	DEBUG	In ExperimentMasterApplication.OnOpen
2026-07-23 16:20:36,895	run_master	DEBUG	In ExperimentMasterApplication.AssignClassDuringStartup
2026-07-23 16:20:36,895	run_master	DEBUG	In ExperimentMasterApplication.AssignClassDuringStartup
2026-07-23 16:20:36,895	run_master	DEBUG	In ExperimentMasterApplication.AssignClassDuringStartup
channel state change: CLOSED
2026-07-23 16:20:36,898	run_master	DEBUG	In ExperimentMasterApplication.OnClose
channel state change: OPENING
channel state change: OPEN
2026-07-23 16:20:36,900	run_master	DEBUG	In ExperimentMasterApplication.OnOpen
2026-07-23 16:20:36,900	run_master	DEBUG	In ExperimentMasterApplication.AssignClassDuringStartup
2026-07-23 16:20:36,900	run_master	DEBUG	In ExperimentMasterApplication.AssignClassDuringStartup
2026-07-23 16:20:36,900	run_master	DEBUG	In ExperimentMasterApplication.AssignClassDuringStartup
channel state change: CLOSED
2026-07-23 16:20:36,901	run_master	DEBUG	In ExperimentMasterApplication.OnClose
channel state change: OPENING
channel state change: OPEN
2026-07-23 16:20:36,903	run_master	DEBUG	In ExperimentMasterApplication.OnOpen
2026-07-23 16:20:36,903	run_master	DEBUG	In ExperimentMasterApplication.AssignClassDuringStartup
2026-07-23 16:20:36,904	run_master	DEBUG	In ExperimentMasterApplication.AssignClassDuringStartup
2026-07-23 16:20:36,904	run_master	DEBUG	In ExperimentMasterApplication.AssignClassDuringStartup
channel state change: CLOSED
2026-07-23 16:20:36,907	run_master	DEBUG	In ExperimentMasterApplication.OnClose
channel state change: OPENING
channel state change: OPEN
2026-07-23 16:20:36,909	run_master	DEBUG	In ExperimentMasterApplication.OnOpen
2026-07-23 16:20:36,909	run_master	DEBUG	In ExperimentMasterApplication.AssignClassDuringStartup
2026-07-23 16:20:36,909	run_master	DEBUG	In ExperimentMasterApplication.AssignClassDuringStartup
2026-07-23 16:20:36,909	run_master	DEBUG	In ExperimentMasterApplication.AssignClassDuringStartup
channel state change: CLOSED
2026-07-23 16:20:36,912	run_master	DEBUG	In ExperimentMasterApplication.OnClose
channel state change: OPENING
channel state change: OPEN
2026-07-23 16:20:36,914	run_master	DEBUG	In ExperimentMasterApplication.OnOpen
2026-07-23 16:20:36,914	run_master	DEBUG	In ExperimentMasterApplication.AssignClassDuringStartup
2026-07-23 16:20:36,914	run_master	DEBUG	In ExperimentMasterApplication.AssignClassDuringStartup
2026-07-23 16:20:36,914	run_master	DEBUG	In ExperimentMasterApplication.AssignClassDuringStartup
channel state change: CLOSED
2026-07-23 16:20:36,922	run_master	DEBUG	In ExperimentMasterApplication.OnClose
channel state change: OPENING
channel state change: OPEN
2026-07-23 16:20:36,925	run_master	DEBUG	In ExperimentMasterApplication.OnOpen
2026-07-23 16:20:36,925	run_master	DEBUG	In ExperimentMasterApplication.AssignClassDuringStartup
2026-07-23 16:20:36,925	run_master	DEBUG	In ExperimentMasterApplication.AssignClassDuringStartup
2026-07-23 16:20:36,925	run_master	DEBUG	In ExperimentMasterApplication.AssignClassDuringStartup
channel state change: CLOSED
2026-07-23 16:20:36,932	run_master	DEBUG	In ExperimentMasterApplication.OnClose
channel state change: OPENING
channel state change: OPEN
2026-07-23 16:20:36,934	run_master	DEBUG	In ExperimentMasterApplication.OnOpen
2026-07-23 16:20:36,934	run_master	DEBUG	In ExperimentMasterApplication.AssignClassDuringStartup
2026-07-23 16:20:36,934	run_master	DEBUG	In ExperimentMasterApplication.AssignClassDuringStartup
2026-07-23 16:20:36,934	run_master	DEBUG	In ExperimentMasterApplication.AssignClassDuringStartup
channel state change: CLOSED
2026-07-23 16:20:36,938	run_master	DEBUG	In ExperimentMasterApplication.OnClose
channel state change: OPENING
channel state change: OPEN
2026-07-23 16:20:36,939	run_master	DEBUG	In ExperimentMasterApplication.OnOpen
2026-07-23 16:20:36,939	run_master	DEBUG	In ExperimentMasterApplication.AssignClassDuringStartup
2026-07-23 16:20:36,939	run_master	DEBUG	In ExperimentMasterApplication.AssignClassDuringStartup
2026-07-23 16:20:36,939	run_master	DEBUG	In ExperimentMasterApplication.AssignClassDuringStartup
channel state change: CLOSED
2026-07-23 16:20:36,942	run_master	DEBUG	In ExperimentMasterApplication.OnClose
channel state change: OPENING
channel state change: OPEN
2026-07-23 16:20:36,945	run_master	DEBUG	In ExperimentMasterApplication.OnOpen
2026-07-23 16:20:36,945	run_master	DEBUG	In ExperimentMasterApplication.AssignClassDuringStartup
2026-07-23 16:20:36,945	run_master	DEBUG	In ExperimentMasterApplication.AssignClassDuringStartup
2026-07-23 16:20:36,945	run_master	DEBUG	In ExperimentMasterApplication.AssignClassDuringStartup
channel state change: CLOSED
2026-07-23 16:20:36,947	run_master	DEBUG	In ExperimentMasterApplication.OnClose
channel state change: OPENING
channel state change: OPEN
2026-07-23 16:20:36,950	run_master	DEBUG	In ExperimentMasterApplication.OnOpen
2026-07-23 16:20:36,950	run_master	DEBUG	In ExperimentMasterApplication.AssignClassDuringStartup
2026-07-23 16:20:36,950	run_master	DEBUG	In ExperimentMasterApplication.AssignClassDuringStartup
2026-07-23 16:20:36,950	run_master	DEBUG	In ExperimentMasterApplication.AssignClassDuringStartup
channel state change: CLOSED
2026-07-23 16:20:36,953	run_master	DEBUG	In ExperimentMasterApplication.OnClose
channel state change: OPENING
channel state change: OPEN
2026-07-23 16:20:36,955	run_master	DEBUG	In ExperimentMasterApplication.OnOpen
2026-07-23 16:20:36,955	run_master	DEBUG	In ExperimentMasterApplication.AssignClassDuringStartup
2026-07-23 16:20:36,955	run_master	DEBUG	In ExperimentMasterApplication.AssignClassDuringStartup
2026-07-23 16:20:36,955	run_master	DEBUG	In ExperimentMasterApplication.AssignClassDuringStartup
channel state change: CLOSED
2026-07-23 16:20:36,958	run_master	DEBUG	In ExperimentMasterApplication.OnClose
channel state change: OPENING
channel state change: OPEN
2026-07-23 16:20:36,959	run_master	DEBUG	In ExperimentMasterApplication.OnOpen
2026-07-23 16:20:36,959	run_master	DEBUG	In ExperimentMasterApplication.AssignClassDuringStartup
2026-07-23 16:20:36,959	run_master	DEBUG	In ExperimentMasterApplication.AssignClassDuringStartup
2026-07-23 16:20:36,959	run_master	DEBUG	In ExperimentMasterApplication.AssignClassDuringStartup
channel state change: CLOSED
2026-07-23 16:20:36,962	run_master	DEBUG	In ExperimentMasterApplication.OnClose
channel state change: OPENING
channel state change: OPEN
2026-07-23 16:20:36,964	run_master	DEBUG	In ExperimentMasterApplication.OnOpen
2026-07-23 16:20:36,964	run_master	DEBUG	In ExperimentMasterApplication.AssignClassDuringStartup
2026-07-23 16:20:36,964	run_master	DEBUG	In ExperimentMasterApplication.AssignClassDuringStartup
2026-07-23 16:20:36,964	run_master	DEBUG	In ExperimentMasterApplication.AssignClassDuringStartup
channel state change: CLOSED
2026-07-23 16:20:36,967	run_master	DEBUG	In ExperimentMasterApplication.OnClose
channel state change: OPENING
channel state change: OPEN
2026-07-23 16:20:36,969	run_master	DEBUG	In ExperimentMasterApplication.OnOpen
2026-07-23 16:20:36,970	run_master	DEBUG	In ExperimentMasterApplication.AssignClassDuringStartup
2026-07-23 16:20:36,970	run_master	DEBUG	In ExperimentMasterApplication.AssignClassDuringStartup
2026-07-23 16:20:36,970	run_master	DEBUG	In ExperimentMasterApplication.AssignClassDuringStartup
channel state change: CLOSED
2026-07-23 16:20:36,972	run_master	DEBUG	In ExperimentMasterApplication.OnClose
channel state change: OPENING
channel state change: OPEN
2026-07-23 16:20:36,975	run_master	DEBUG	In ExperimentMasterApplication.OnOpen
2026-07-23 16:20:36,975	run_master	DEBUG	In ExperimentMasterApplication.AssignClassDuringStartup
2026-07-23 16:20:36,975	run_master	DEBUG	In ExperimentMasterApplication.AssignClassDuringStartup
2026-07-23 16:20:36,975	run_master	DEBUG	In ExperimentMasterApplication.AssignClassDuringStartup
channel state change: CLOSED
2026-07-23 16:20:36,977	run_master	DEBUG	In ExperimentMasterApplication.OnClose
channel state change: OPENING
channel state change: OPEN
2026-07-23 16:20:36,979	run_master	DEBUG	In ExperimentMasterApplication.OnOpen
2026-07-23 16:20:36,979	run_master	DEBUG	In ExperimentMasterApplication.AssignClassDuringStartup
2026-07-23 16:20:36,979	run_master	DEBUG	In ExperimentMasterApplication.AssignClassDuringStartup
2026-07-23 16:20:36,979	run_master	DEBUG	In ExperimentMasterApplication.AssignClassDuringStartup
channel state change: CLOSED
2026-07-23 16:20:36,980	run_master	DEBUG	In ExperimentMasterApplication.OnClose
channel state change: OPENING
channel state change: OPEN
2026-07-23 16:20:36,982	run_master	DEBUG	In ExperimentMasterApplication.OnOpen
2026-07-23 16:20:36,982	run_master	DEBUG	In ExperimentMasterApplication.AssignClassDuringStartup
2026-07-23 16:20:36,982	run_master	DEBUG	In ExperimentMasterApplication.AssignClassDuringStartup
2026-07-23 16:20:36,983	run_master	DEBUG	In ExperimentMasterApplication.AssignClassDuringStartup
channel state change: CLOSED
2026-07-23 16:20:36,983	run_master	DEBUG	In ExperimentMasterApplication.OnClose
channel state change: OPENING
channel state change: OPEN
2026-07-23 16:20:36,984	run_master	DEBUG	In ExperimentMasterApplication.OnOpen
2026-07-23 16:20:36,984	run_master	DEBUG	In ExperimentMasterApplication.AssignClassDuringStartup
2026-07-23 16:20:36,985	run_master	DEBUG	In ExperimentMasterApplication.AssignClassDuringStartup
2026-07-23 16:20:36,985	run_master	DEBUG	In ExperimentMasterApplication.AssignClassDuringStartup
channel state change: CLOSED
2026-07-23 16:20:36,985	run_master	DEBUG	In ExperimentMasterApplication.OnClose
channel state change: OPENING
channel state change: OPEN
2026-07-23 16:20:36,988	run_master	DEBUG	In ExperimentMasterApplication.OnOpen
2026-07-23 16:20:36,988	run_master	DEBUG	In ExperimentMasterApplication.AssignClassDuringStartup
2026-07-23 16:20:36,988	run_master	DEBUG	In ExperimentMasterApplication.AssignClassDuringStartup
2026-07-23 16:20:36,988	run_master	DEBUG	In ExperimentMasterApplication.AssignClassDuringStartup
channel state change: CLOSED
2026-07-23 16:20:36,989	run_master	DEBUG	In ExperimentMasterApplication.OnClose
channel state change: OPENING
channel state change: OPEN
2026-07-23 16:20:36,991	run_master	DEBUG	In ExperimentMasterApplication.OnOpen
2026-07-23 16:20:36,991	run_master	DEBUG	In ExperimentMasterApplication.AssignClassDuringStartup
2026-07-23 16:20:36,991	run_master	DEBUG	In ExperimentMasterApplication.AssignClassDuringStartup
2026-07-23 16:20:36,991	run_master	DEBUG	In ExperimentMasterApplication.AssignClassDuringStartup
channel state change: CLOSED
2026-07-23 16:20:36,992	run_master	DEBUG	In ExperimentMasterApplication.OnClose
channel state change: OPENING
channel state change: OPEN
2026-07-23 16:20:36,993	run_master	DEBUG	In ExperimentMasterApplication.OnOpen
2026-07-23 16:20:36,993	run_master	DEBUG	In ExperimentMasterApplication.AssignClassDuringStartup
2026-07-23 16:20:36,993	run_master	DEBUG	In ExperimentMasterApplication.AssignClassDuringStartup
2026-07-23 16:20:36,993	run_master	DEBUG	In ExperimentMasterApplication.AssignClassDuringStartup
channel state change: CLOSED
2026-07-23 16:20:36,995	run_master	DEBUG	In ExperimentMasterApplication.OnClose
channel state change: OPENING
channel state change: OPEN
2026-07-23 16:20:36,996	run_master	DEBUG	In ExperimentMasterApplication.OnOpen
2026-07-23 16:20:36,997	run_master	DEBUG	In ExperimentMasterApplication.AssignClassDuringStartup
2026-07-23 16:20:36,997	run_master	DEBUG	In ExperimentMasterApplication.AssignClassDuringStartup
2026-07-23 16:20:36,997	run_master	DEBUG	In ExperimentMasterApplication.AssignClassDuringStartup
channel state change: CLOSED
2026-07-23 16:20:36,997	run_master	DEBUG	In ExperimentMasterApplication.OnClose
channel state change: OPENING
channel state change: OPEN
2026-07-23 16:20:37,000	run_master	DEBUG	In ExperimentMasterApplication.OnOpen
2026-07-23 16:20:37,000	run_master	DEBUG	In ExperimentMasterApplication.AssignClassDuringStartup
2026-07-23 16:20:37,000	run_master	DEBUG	In ExperimentMasterApplication.AssignClassDuringStartup
2026-07-23 16:20:37,000	run_master	DEBUG	In ExperimentMasterApplication.AssignClassDuringStartup
channel state change: CLOSED
2026-07-23 16:20:37,001	run_master	DEBUG	In ExperimentMasterApplication.OnClose
channel state change: OPENING
channel state change: OPEN
2026-07-23 16:20:37,003	run_master	DEBUG	In ExperimentMasterApplication.OnOpen
2026-07-23 16:20:37,003	run_master	DEBUG	In ExperimentMasterApplication.AssignClassDuringStartup
2026-07-23 16:20:37,003	run_master	DEBUG	In ExperimentMasterApplication.AssignClassDuringStartup
2026-07-23 16:20:37,003	run_master	DEBUG	In ExperimentMasterApplication.AssignClassDuringStartup
channel state change: CLOSED
2026-07-23 16:20:37,004	run_master	DEBUG	In ExperimentMasterApplication.OnClose
channel state change: OPENING
channel state change: OPEN
2026-07-23 16:20:37,005	run_master	DEBUG	In ExperimentMasterApplication.OnOpen
2026-07-23 16:20:37,005	run_master	DEBUG	In ExperimentMasterApplication.AssignClassDuringStartup
2026-07-23 16:20:37,005	run_master	DEBUG	In ExperimentMasterApplication.AssignClassDuringStartup
2026-07-23 16:20:37,005	run_master	DEBUG	In ExperimentMasterApplication.AssignClassDuringStartup
channel state change: CLOSED
2026-07-23 16:20:37,006	run_master	DEBUG	In ExperimentMasterApplication.OnClose
channel state change: OPENING
channel state change: OPEN
2026-07-23 16:20:37,008	run_master	DEBUG	In ExperimentMasterApplication.OnOpen
2026-07-23 16:20:37,008	run_master	DEBUG	In ExperimentMasterApplication.AssignClassDuringStartup
2026-07-23 16:20:37,008	run_master	DEBUG	In ExperimentMasterApplication.AssignClassDuringStartup
2026-07-23 16:20:37,008	run_master	DEBUG	In ExperimentMasterApplication.AssignClassDuringStartup
channel state change: CLOSED
2026-07-23 16:20:37,009	run_master	DEBUG	In ExperimentMasterApplication.OnClose
channel state change: OPENING
channel state change: OPEN
2026-07-23 16:20:37,011	run_master	DEBUG	In ExperimentMasterApplication.OnOpen
2026-07-23 16:20:37,011	run_master	DEBUG	In ExperimentMasterApplication.AssignClassDuringStartup
2026-07-23 16:20:37,012	run_master	DEBUG	In ExperimentMasterApplication.AssignClassDuringStartup
2026-07-23 16:20:37,012	run_master	DEBUG	In ExperimentMasterApplication.AssignClassDuringStartup
channel state change: CLOSED
2026-07-23 16:20:37,012	run_master	DEBUG	In ExperimentMasterApplication.OnClose
channel state change: OPENING
channel state change: OPEN
2026-07-23 16:20:37,013	run_master	DEBUG	In ExperimentMasterApplication.OnOpen
2026-07-23 16:20:37,014	run_master	DEBUG	In ExperimentMasterApplication.AssignClassDuringStartup
2026-07-23 16:20:37,014	run_master	DEBUG	In ExperimentMasterApplication.AssignClassDuringStartup
2026-07-23 16:20:37,014	run_master	DEBUG	In ExperimentMasterApplication.AssignClassDuringStartup
channel state change: CLOSED
2026-07-23 16:20:37,014	run_master	DEBUG	In ExperimentMasterApplication.OnClose
channel state change: OPENING
channel state change: OPEN
2026-07-23 16:20:37,016	run_master	DEBUG	In ExperimentMasterApplication.OnOpen
2026-07-23 16:20:37,016	run_master	DEBUG	In ExperimentMasterApplication.AssignClassDuringStartup
2026-07-23 16:20:37,017	run_master	DEBUG	In ExperimentMasterApplication.AssignClassDuringStartup
2026-07-23 16:20:37,017	run_master	DEBUG	In ExperimentMasterApplication.AssignClassDuringStartup
channel state change: CLOSED
2026-07-23 16:20:37,018	run_master	DEBUG	In ExperimentMasterApplication.OnClose
channel state change: OPENING
channel state change: OPEN
2026-07-23 16:20:37,021	run_master	DEBUG	In ExperimentMasterApplication.OnOpen
2026-07-23 16:20:37,021	run_master	DEBUG	In ExperimentMasterApplication.AssignClassDuringStartup
2026-07-23 16:20:37,021	run_master	DEBUG	In ExperimentMasterApplication.AssignClassDuringStartup
2026-07-23 16:20:37,021	run_master	DEBUG	In ExperimentMasterApplication.AssignClassDuringStartup
channel state change: CLOSED
2026-07-23 16:20:37,021	run_master	DEBUG	In ExperimentMasterApplication.OnClose
channel state change: OPENING
channel state change: OPEN
2026-07-23 16:20:37,028	run_master	DEBUG	In ExperimentMasterApplication.OnOpen
2026-07-23 16:20:37,028	run_master	DEBUG	In ExperimentMasterApplication.AssignClassDuringStartup
2026-07-23 16:20:37,028	run_master	DEBUG	In ExperimentMasterApplication.AssignClassDuringStartup
2026-07-23 16:20:37,029	run_master	DEBUG	In ExperimentMasterApplication.AssignClassDuringStartup
channel state change: CLOSED
2026-07-23 16:20:37,029	run_master	DEBUG	In ExperimentMasterApplication.OnClose
channel state change: OPENING
channel state change: OPEN
2026-07-23 16:20:37,030	run_master	DEBUG	In ExperimentMasterApplication.OnOpen
2026-07-23 16:20:37,031	run_master	DEBUG	In ExperimentMasterApplication.AssignClassDuringStartup
2026-07-23 16:20:37,031	run_master	DEBUG	In ExperimentMasterApplication.AssignClassDuringStartup
2026-07-23 16:20:37,031	run_master	DEBUG	In ExperimentMasterApplication.AssignClassDuringStartup
channel state change: CLOSED
2026-07-23 16:20:37,032	run_master	DEBUG	In ExperimentMasterApplication.OnClose
channel state change: OPENING
channel state change: OPEN
2026-07-23 16:20:37,034	run_master	DEBUG	In ExperimentMasterApplication.OnOpen
2026-07-23 16:20:37,034	run_master	DEBUG	In ExperimentMasterApplication.AssignClassDuringStartup
2026-07-23 16:20:37,034	run_master	DEBUG	In ExperimentMasterApplication.AssignClassDuringStartup
2026-07-23 16:20:37,034	run_master	DEBUG	In ExperimentMasterApplication.AssignClassDuringStartup
channel state change: CLOSED
2026-07-23 16:20:37,035	run_master	DEBUG	In ExperimentMasterApplication.OnClose
channel state change: OPENING
channel state change: OPEN
2026-07-23 16:20:37,037	run_master	DEBUG	In ExperimentMasterApplication.OnOpen
2026-07-23 16:20:37,037	run_master	DEBUG	In ExperimentMasterApplication.AssignClassDuringStartup
2026-07-23 16:20:37,038	run_master	DEBUG	In ExperimentMasterApplication.AssignClassDuringStartup
2026-07-23 16:20:37,038	run_master	DEBUG	In ExperimentMasterApplication.AssignClassDuringStartup
channel state change: CLOSED
2026-07-23 16:20:37,038	run_master	DEBUG	In ExperimentMasterApplication.OnClose
channel state change: OPENING
channel state change: OPEN
2026-07-23 16:20:37,040	run_master	DEBUG	In ExperimentMasterApplication.OnOpen
2026-07-23 16:20:37,041	run_master	DEBUG	In ExperimentMasterApplication.AssignClassDuringStartup
2026-07-23 16:20:37,041	run_master	DEBUG	In ExperimentMasterApplication.AssignClassDuringStartup
2026-07-23 16:20:37,041	run_master	DEBUG	In ExperimentMasterApplication.AssignClassDuringStartup
channel state change: CLOSED
2026-07-23 16:20:37,041	run_master	DEBUG	In ExperimentMasterApplication.OnClose
channel state change: OPENING
channel state change: OPEN
2026-07-23 16:20:37,042	run_master	DEBUG	In ExperimentMasterApplication.OnOpen
2026-07-23 16:20:37,043	run_master	DEBUG	In ExperimentMasterApplication.AssignClassDuringStartup
2026-07-23 16:20:37,043	run_master	DEBUG	In ExperimentMasterApplication.AssignClassDuringStartup
2026-07-23 16:20:37,043	run_master	DEBUG	In ExperimentMasterApplication.AssignClassDuringStartup
channel state change: CLOSED
2026-07-23 16:20:37,043	run_master	DEBUG	In ExperimentMasterApplication.OnClose
channel state change: OPENING
channel state change: OPEN
2026-07-23 16:20:37,045	run_master	DEBUG	In ExperimentMasterApplication.OnOpen
2026-07-23 16:20:37,046	run_master	DEBUG	In ExperimentMasterApplication.AssignClassDuringStartup
2026-07-23 16:20:37,046	run_master	DEBUG	In ExperimentMasterApplication.AssignClassDuringStartup
2026-07-23 16:20:37,046	run_master	DEBUG	In ExperimentMasterApplication.AssignClassDuringStartup
channel state change: CLOSED
2026-07-23 16:20:37,046	run_master	DEBUG	In ExperimentMasterApplication.OnClose
channel state change: OPENING
channel state change: OPEN
2026-07-23 16:20:37,049	run_master	DEBUG	In ExperimentMasterApplication.OnOpen
2026-07-23 16:20:37,050	run_master	DEBUG	In ExperimentMasterApplication.AssignClassDuringStartup
2026-07-23 16:20:37,050	run_master	DEBUG	In ExperimentMasterApplication.AssignClassDuringStartup
2026-07-23 16:20:37,050	run_master	DEBUG	In ExperimentMasterApplication.AssignClassDuringStartup
channel state change: CLOSED
2026-07-23 16:20:37,050	run_master	DEBUG	In ExperimentMasterApplication.OnClose
channel state change: OPENING
channel state change: OPEN
2026-07-23 16:20:37,052	run_master	DEBUG	In ExperimentMasterApplication.OnOpen
2026-07-23 16:20:37,052	run_master	DEBUG	In ExperimentMasterApplication.AssignClassDuringStartup
2026-07-23 16:20:37,052	run_master	DEBUG	In ExperimentMasterApplication.AssignClassDuringStartup
2026-07-23 16:20:37,052	run_master	DEBUG	In ExperimentMasterApplication.AssignClassDuringStartup
channel state change: CLOSED
2026-07-23 16:20:37,053	run_master	DEBUG	In ExperimentMasterApplication.OnClose
channel state change: OPENING
channel state change: OPEN
2026-07-23 16:20:37,055	run_master	DEBUG	In ExperimentMasterApplication.OnOpen
2026-07-23 16:20:37,055	run_master	DEBUG	In ExperimentMasterApplication.AssignClassDuringStartup
2026-07-23 16:20:37,055	run_master	DEBUG	In ExperimentMasterApplication.AssignClassDuringStartup
2026-07-23 16:20:37,055	run_master	DEBUG	In ExperimentMasterApplication.AssignClassDuringStartup
channel state change: CLOSED
2026-07-23 16:20:37,056	run_master	DEBUG	In ExperimentMasterApplication.OnClose
channel state change: OPENING
channel state change: OPEN
2026-07-23 16:20:37,058	run_master	DEBUG	In ExperimentMasterApplication.OnOpen
2026-07-23 16:20:37,058	run_master	DEBUG	In ExperimentMasterApplication.AssignClassDuringStartup
2026-07-23 16:20:37,058	run_master	DEBUG	In ExperimentMasterApplication.AssignClassDuringStartup
2026-07-23 16:20:37,059	run_master	DEBUG	In ExperimentMasterApplication.AssignClassDuringStartup
channel state change: CLOSED
2026-07-23 16:20:37,059	run_master	DEBUG	In ExperimentMasterApplication.OnClose
channel state change: OPENING
channel state change: OPEN
2026-07-23 16:20:37,061	run_master	DEBUG	In ExperimentMasterApplication.OnOpen
2026-07-23 16:20:37,061	run_master	DEBUG	In ExperimentMasterApplication.AssignClassDuringStartup
2026-07-23 16:20:37,062	run_master	DEBUG	In ExperimentMasterApplication.AssignClassDuringStartup
2026-07-23 16:20:37,062	run_master	DEBUG	In ExperimentMasterApplication.AssignClassDuringStartup
channel state change: CLOSED
2026-07-23 16:20:37,062	run_master	DEBUG	In ExperimentMasterApplication.OnClose
channel state change: OPENING
[16:20:37] DECODED points = 0
[16:20:37] SHUTDOWN
channel state change: SHUTDOWN
ms(1784823637116) INFO    manager - Exiting thread (0)
