ack_median_ms,ack_ms,ack_p5_ms,ack_p95_ms,arm,class_row,n_drawn,n_full,n_in_window,panel,post_ack_median_ms,post_ack_ms,post_ack_p5_ms,post_ack_p95_ms,record,txn_class
,0.547,,,Timing OFF,83,,,,a,,3.838,,,point,READ
,0.554,,,Timing OFF,174,,,,a,,3.775,,,point,READ
,0.556,,,Timing OFF,273,,,,a,,3.874,,,point,READ
,0.507,,,Timing OFF,314,,,,a,,6.417,,,point,READ
,0.549,,,Timing OFF,327,,,,a,,1.118,,,point,READ
,0.488,,,Timing OFF,336,,,,a,,1.181,,,point,READ
,0.56,,,Timing OFF,338,,,,a,,6.177,,,point,READ
,0.542,,,Timing OFF,391,,,,a,,1.115,,,point,READ
,0.568,,,Timing OFF,478,,,,a,,1.087,,,point,READ
,0.559,,,Timing OFF,487,,,,a,,3.894,,,point,READ
,1.524,,,Timing OFF,583,,,,a,,3.074,,,point,READ
,0.564,,,Timing OFF,647,,,,a,,2.177,,,point,READ
,0.48,,,Timing OFF,700,,,,a,,1.136,,,point,READ
,0.52,,,Timing OFF,746,,,,a,,1.096,,,point,READ
,0.453,,,Timing OFF,810,,,,a,,1.166,,,point,READ
,2.876,,,Timing OFF,819,,,,a,,1.92,,,point,READ
,0.524,,,Timing OFF,853,,,,a,,2.108,,,point,READ
,0.538,,,Timing OFF,921,,,,a,,2.148,,,point,READ
,0.689,,,Timing OFF,1014,,,,a,,4.436,,,point,READ
,0.495,,,Timing OFF,1052,,,,a,,1.168,,,point,READ
,0.508,,,Timing OFF,1062,,,,a,,4.023,,,point,READ
,0.54,,,Timing OFF,1072,,,,a,,1.12,,,point,READ
,0.517,,,Timing OFF,1104,,,,a,,1.104,,,point,READ
,0.569,,,Timing OFF,1163,,,,a,,5.97,,,point,READ
,0.522,,,Timing OFF,1190,,,,a,,2.435,,,point,READ
,0.489,,,Timing OFF,1199,,,,a,,2.286,,,point,READ
,0.616,,,Timing OFF,1206,,,,a,,3.925,,,point,READ
,0.547,,,Timing OFF,1214,,,,a,,1.046,,,point,READ
,0.555,,,Timing OFF,1237,,,,a,,1.106,,,point,READ
,0.554,,,Timing OFF,1262,,,,a,,8.669,,,point,READ
,0.53,,,Timing OFF,1308,,,,a,,1.093,,,point,READ
,0.471,,,Timing OFF,1325,,,,a,,1.168,,,point,READ
,0.56,,,Timing OFF,1336,,,,a,,3.742,,,point,READ
,0.57,,,Timing OFF,1339,,,,a,,3.786,,,point,READ
,0.446,,,Timing OFF,1350,,,,a,,1.138,,,point,READ
,0.546,,,Timing OFF,1414,,,,a,,5.351,,,point,READ
,0.534,,,Timing OFF,1447,,,,a,,3.928,,,point,READ
,0.453,,,Timing OFF,1452,,,,a,,6.262,,,point,READ
,0.564,,,Timing OFF,1467,,,,a,,3.691,,,point,READ
,0.532,,,Timing OFF,1474,,,,a,,1.129,,,point,READ
,0.544,,,Timing OFF,1516,,,,a,,2.123,,,point,READ
,0.546,,,Timing OFF,1527,,,,a,,1.123,,,point,READ
,0.562,,,Timing OFF,1541,,,,a,,3.437,,,point,READ
,2.05,,,Timing OFF,1545,,,,a,,3.096,,,point,READ
,0.542,,,Timing OFF,1555,,,,a,,3.968,,,point,READ
,0.503,,,Timing OFF,1593,,,,a,,4.178,,,point,READ
,0.492,,,Timing OFF,1598,,,,a,,1.17,,,point,READ
,0.575,,,Timing OFF,1642,,,,a,,3.722,,,point,READ
,0.493,,,Timing OFF,1661,,,,a,,4.111,,,point,READ
,0.516,,,Timing OFF,1767,,,,a,,2.148,,,point,READ
,0.448,,,Timing OFF,1805,,,,a,,1.16,,,point,READ
,0.515,,,Timing OFF,1822,,,,a,,1.098,,,point,READ
,0.498,,,Timing OFF,1844,,,,a,,1.167,,,point,READ
,0.544,,,Timing OFF,1978,,,,a,,3.034,,,point,READ
,0.534,,,Timing OFF,1990,,,,a,,1.092,,,point,READ
,0.586,,,Timing OFF,1998,,,,a,,6.718,,,point,READ
,0.558,,,Timing OFF,2025,,,,a,,1.114,,,point,READ
,0.55,,,Timing OFF,2031,,,,a,,1.098,,,point,READ
,0.567,,,Timing OFF,2055,,,,a,,2.172,,,point,READ
,0.558,,,Timing OFF,2074,,,,a,,3.904,,,point,READ
,0.538,,,Timing OFF,2147,,,,a,,4.245,,,point,READ
,0.484,,,Timing OFF,2248,,,,a,,2.055,,,point,READ
,0.489,,,Timing OFF,2254,,,,a,,1.225,,,point,READ
,0.559,,,Timing OFF,2265,,,,a,,3.97,,,point,READ
,0.493,,,Timing OFF,2269,,,,a,,1.358,,,point,READ
,0.506,,,Timing OFF,2335,,,,a,,3.88,,,point,READ
,0.552,,,Timing OFF,2343,,,,a,,2.258,,,point,READ
,0.522,,,Timing OFF,2344,,,,a,,1.122,,,point,READ
,4.244,,,Timing OFF,2361,,,,a,,1.098,,,point,READ
,0.547,,,Timing OFF,2389,,,,a,,1.101,,,point,READ
,0.504,,,Timing OFF,2391,,,,a,,1.133,,,point,READ
,0.542,,,Timing OFF,2410,,,,a,,2.073,,,point,READ
,0.563,,,Timing OFF,2437,,,,a,,13.306,,,point,READ
,0.511,,,Timing OFF,2470,,,,a,,1.117,,,point,READ
,0.449,,,Timing OFF,2505,,,,a,,1.169,,,point,READ
,0.568,,,Timing OFF,2538,,,,a,,3.899,,,point,READ
,0.507,,,Timing OFF,2540,,,,a,,3.861,,,point,READ
,0.569,,,Timing OFF,2573,,,,a,,8.049,,,point,READ
,0.575,,,Timing OFF,2589,,,,a,,2.055,,,point,READ
,0.493,,,Timing OFF,2614,,,,a,,3.987,,,point,READ
,0.576,,,Timing OFF,2687,,,,a,,3.734,,,point,READ
,0.563,,,Timing OFF,2738,,,,a,,1.096,,,point,READ
,0.56,,,Timing OFF,2746,,,,a,,1.095,,,point,READ
,0.464,,,Timing OFF,2753,,,,a,,2.133,,,point,READ
,0.478,,,Timing OFF,2755,,,,a,,2.166,,,point,READ
,0.498,,,Timing OFF,2791,,,,a,,1.163,,,point,READ
,0.506,,,Timing OFF,2825,,,,a,,6.069,,,point,READ
,1.715,,,Timing OFF,2832,,,,a,,2.699,,,point,READ
,3.574,,,Timing OFF,2860,,,,a,,1.294,,,point,READ
,0.559,,,Timing OFF,2903,,,,a,,4.028,,,point,READ
,0.556,,,Timing OFF,2921,,,,a,,2.589,,,point,READ
,0.573,,,Timing OFF,2956,,,,a,,1.084,,,point,READ
,0.566,,,Timing OFF,2982,,,,a,,4.103,,,point,READ
,0.501,,,Timing OFF,2984,,,,a,,3.847,,,point,READ
,0.562,,,Timing OFF,3016,,,,a,,4.26,,,point,READ
,0.495,,,Timing OFF,3017,,,,a,,4.9,,,point,READ
,0.57,,,Timing OFF,3052,,,,a,,1.069,,,point,READ
,3.767,,,Timing OFF,3069,,,,a,,1.241,,,point,READ
,0.564,,,Timing OFF,3221,,,,a,,1.111,,,point,READ
,0.521,,,Timing OFF,3258,,,,a,,1.101,,,point,READ
,0.51,,,Timing OFF,3269,,,,a,,3.999,,,point,READ
,0.457,,,Timing OFF,3388,,,,a,,2.17,,,point,READ
,0.502,,,Timing OFF,3399,,,,a,,4.009,,,point,READ
,0.487,,,Timing OFF,3419,,,,a,,4.068,,,point,READ
,0.451,,,Timing OFF,3427,,,,a,,1.37,,,point,READ
,0.56,,,Timing OFF,3445,,,,a,,2.078,,,point,READ
,0.521,,,Timing OFF,3451,,,,a,,2.082,,,point,READ
,1.477,,,Timing OFF,3498,,,,a,,1.136,,,point,READ
,0.488,,,Timing OFF,3534,,,,a,,1.16,,,point,READ
,0.558,,,Timing OFF,3577,,,,a,,1.116,,,point,READ
,0.448,,,Timing OFF,3586,,,,a,,4.025,,,point,READ
,0.497,,,Timing OFF,3614,,,,a,,3.334,,,point,READ
,0.584,,,Timing OFF,3647,,,,a,,5.184,,,point,READ
,2.47,,,Timing OFF,3702,,,,a,,1.188,,,point,READ
,0.544,,,Timing OFF,3705,,,,a,,2.022,,,point,READ
,0.567,,,Timing OFF,3731,,,,a,,4.063,,,point,READ
,0.565,,,Timing OFF,3732,,,,a,,1.02,,,point,READ
,0.548,,,Timing OFF,3737,,,,a,,2.133,,,point,READ
,0.544,,,Timing OFF,3760,,,,a,,1.126,,,point,READ
,0.564,,,Timing OFF,3881,,,,a,,3.836,,,point,READ
,0.517,,,Timing OFF,3900,,,,a,,4.039,,,point,READ
,0.53,,,Timing OFF,3950,,,,a,,2.59,,,point,READ
,0.491,,,Timing OFF,3958,,,,a,,2.147,,,point,READ
,0.53,,,Timing OFF,3968,,,,a,,3.226,,,point,READ
,0.465,,,Timing OFF,4037,,,,a,,2.146,,,point,READ
,0.568,,,Timing OFF,4070,,,,a,,4.0,,,point,READ
,0.525,,,Timing OFF,4074,,,,a,,3.928,,,point,READ
,0.565,,,Timing OFF,4139,,,,a,,1.029,,,point,READ
,0.562,,,Timing OFF,4164,,,,a,,3.959,,,point,READ
,0.442,,,Timing OFF,4171,,,,a,,2.144,,,point,READ
,0.551,,,Timing OFF,4236,,,,a,,2.104,,,point,READ
,0.575,,,Timing OFF,4241,,,,a,,3.893,,,point,READ
,0.512,,,Timing OFF,4261,,,,a,,2.278,,,point,READ
,0.517,,,Timing OFF,4279,,,,a,,1.106,,,point,READ
,0.492,,,Timing OFF,4289,,,,a,,2.155,,,point,READ
,0.558,,,Timing OFF,4308,,,,a,,1.159,,,point,READ
,0.552,,,Timing OFF,4312,,,,a,,4.055,,,point,READ
,0.553,,,Timing OFF,4418,,,,a,,1.108,,,point,READ
,0.496,,,Timing OFF,4432,,,,a,,7.806,,,point,READ
,0.559,,,Timing OFF,4441,,,,a,,1.109,,,point,READ
,0.569,,,Timing OFF,4443,,,,a,,1.098,,,point,READ
,0.575,,,Timing OFF,4453,,,,a,,1.262,,,point,READ
,1.464,,,Timing OFF,4512,,,,a,,1.172,,,point,READ
,0.559,,,Timing OFF,4533,,,,a,,1.098,,,point,READ
,0.559,,,Timing OFF,4556,,,,a,,4.597,,,point,READ
,0.564,,,Timing OFF,4559,,,,a,,2.076,,,point,READ
,0.555,,,Timing OFF,4583,,,,a,,9.502,,,point,READ
,0.544,,,Timing OFF,4597,,,,a,,4.071,,,point,READ
,0.534,,,Timing OFF,4605,,,,a,,2.091,,,point,READ
,0.581,,,Timing OFF,4630,,,,a,,1.156,,,point,READ
,0.571,,,Timing OFF,4671,,,,a,,5.437,,,point,READ
,0.451,,,Timing OFF,4679,,,,a,,2.107,,,point,READ
,0.561,,,Timing OFF,4691,,,,a,,9.588,,,point,READ
,0.569,,,Timing OFF,4696,,,,a,,3.996,,,point,READ
,0.565,,,Timing OFF,4748,,,,a,,3.971,,,point,READ
,0.624,,,Timing OFF,4776,,,,a,,1.104,,,point,READ
,0.569,,,Timing OFF,4784,,,,a,,3.901,,,point,READ
,0.587,,,Timing OFF,4787,,,,a,,3.966,,,point,READ
,0.489,,,Timing OFF,4789,,,,a,,1.162,,,point,READ
,1.68,,,Timing OFF,4790,,,,a,,1.081,,,point,READ
,0.456,,,Timing OFF,4832,,,,a,,3.082,,,point,READ
,1.58,,,Timing OFF,4846,,,,a,,4.398,,,point,READ
,0.504,,,Timing OFF,4936,,,,a,,2.103,,,point,READ
,0.5,,,Timing OFF,4961,,,,a,,4.022,,,point,READ
,2.247,,,Timing OFF,4976,,,,a,,5.617,,,point,READ
,1.6,,,Timing OFF,5052,,,,a,,2.992,,,point,READ
,0.475,,,Timing OFF,5104,,,,a,,2.186,,,point,READ
,0.579,,,Timing OFF,5269,,,,a,,2.548,,,point,READ
,0.565,,,Timing OFF,5279,,,,a,,3.931,,,point,READ
,0.507,,,Timing OFF,5282,,,,a,,3.95,,,point,READ
,0.521,,,Timing OFF,5285,,,,a,,2.325,,,point,READ
,0.579,,,Timing OFF,5296,,,,a,,4.776,,,point,READ
,0.533,,,Timing OFF,5315,,,,a,,2.142,,,point,READ
,0.529,,,Timing OFF,5318,,,,a,,3.786,,,point,READ
,0.52,,,Timing OFF,5372,,,,a,,6.814,,,point,READ
,0.546,,,Timing OFF,5399,,,,a,,1.111,,,point,READ
,1.573,,,Timing OFF,5410,,,,a,,3.962,,,point,READ
,0.545,,,Timing OFF,5421,,,,a,,2.144,,,point,READ
,0.523,,,Timing OFF,5475,,,,a,,2.066,,,point,READ
,0.569,,,Timing OFF,5518,,,,a,,3.965,,,point,READ
,0.515,,,Timing OFF,5535,,,,a,,2.072,,,point,READ
,0.567,,,Timing OFF,5631,,,,a,,1.185,,,point,READ
,0.541,,,Timing OFF,5638,,,,a,,1.104,,,point,READ
,0.542,,,Timing OFF,5648,,,,a,,2.094,,,point,READ
,0.549,,,Timing OFF,5659,,,,a,,3.741,,,point,READ
,0.568,,,Timing OFF,5671,,,,a,,2.088,,,point,READ
,0.498,,,Timing OFF,5689,,,,a,,2.183,,,point,READ
,0.562,,,Timing OFF,5741,,,,a,,2.065,,,point,READ
,0.488,,,Timing OFF,5840,,,,a,,10.149,,,point,READ
,0.495,,,Timing OFF,5901,,,,a,,3.79,,,point,READ
,0.556,,,Timing OFF,5905,,,,a,,2.056,,,point,READ
,0.499,,,Timing OFF,5907,,,,a,,1.169,,,point,READ
,0.453,,,Timing OFF,5928,,,,a,,2.196,,,point,READ
,0.589,,,Timing OFF,5950,,,,a,,1.118,,,point,READ
,0.568,,,Timing OFF,6030,,,,a,,2.087,,,point,READ
,1.042,,,Timing OFF,6075,,,,a,,1.204,,,point,READ
,0.547,,,Timing OFF,6101,,,,a,,4.28,,,point,READ
,0.551,,,Timing OFF,6117,,,,a,,1.098,,,point,READ
,0.564,,,Timing OFF,6135,,,,a,,1.106,,,point,READ
,0.558,,,Timing OFF,6158,,,,a,,1.108,,,point,READ
,2.728,,,Timing OFF,6169,,,,a,,2.116,,,point,READ
,0.573,,,Timing OFF,6172,,,,a,,1.084,,,point,READ
,0.538,,,Timing OFF,6247,,,,a,,1.104,,,point,READ
,0.509,,,Timing OFF,6265,,,,a,,1.163,,,point,READ
,0.519,,,Timing OFF,6271,,,,a,,3.296,,,point,READ
,0.524,,,Timing OFF,6289,,,,a,,3.982,,,point,READ
,0.619,,,Timing OFF,6307,,,,a,,5.958,,,point,READ
,0.573,,,Timing OFF,6327,,,,a,,3.944,,,point,READ
,0.457,,,Timing OFF,6332,,,,a,,2.272,,,point,READ
,0.572,,,Timing OFF,6368,,,,a,,4.008,,,point,READ
,0.53,,,Timing OFF,6379,,,,a,,2.181,,,point,READ
,0.566,,,Timing OFF,6391,,,,a,,1.095,,,point,READ
,0.561,,,Timing OFF,6463,,,,a,,1.1,,,point,READ
,0.575,,,Timing OFF,6469,,,,a,,3.351,,,point,READ
,0.513,,,Timing OFF,6531,,,,a,,1.102,,,point,READ
,0.494,,,Timing OFF,6666,,,,a,,2.099,,,point,READ
,0.48,,,Timing OFF,6671,,,,a,,1.177,,,point,READ
,0.455,,,Timing OFF,6708,,,,a,,2.145,,,point,READ
,1.565,,,Timing OFF,6757,,,,a,,1.091,,,point,READ
,0.581,,,Timing OFF,6818,,,,a,,1.1,,,point,READ
,0.55,,,Timing OFF,6823,,,,a,,1.125,,,point,READ
,0.537,,,Timing OFF,6856,,,,a,,2.273,,,point,READ
,0.517,,,Timing OFF,6895,,,,a,,1.174,,,point,READ
,0.558,,,Timing OFF,6928,,,,a,,1.093,,,point,READ
,0.579,,,Timing OFF,6972,,,,a,,4.086,,,point,READ
,0.497,,,Timing OFF,6984,,,,a,,2.22,,,point,READ
,0.573,,,Timing OFF,6991,,,,a,,3.932,,,point,READ
,0.575,,,Timing OFF,7074,,,,a,,1.099,,,point,READ
,0.514,,,Timing OFF,7102,,,,a,,1.039,,,point,READ
,0.574,,,Timing OFF,7118,,,,a,,1.105,,,point,READ
,0.512,,,Timing OFF,7151,,,,a,,2.102,,,point,READ
,2.764,,,Timing OFF,7221,,,,a,,5.863,,,point,READ
,0.566,,,Timing OFF,7267,,,,a,,1.102,,,point,READ
,0.53,,,Timing OFF,7273,,,,a,,1.091,,,point,READ
,0.515,,,Timing OFF,7323,,,,a,,1.094,,,point,READ
,0.554,,,Timing OFF,7356,,,,a,,3.171,,,point,READ
,0.496,,,Timing OFF,7367,,,,a,,1.169,,,point,READ
,0.587,,,Timing OFF,7441,,,,a,,1.253,,,point,READ
,0.451,,,Timing OFF,7469,,,,a,,4.039,,,point,READ
,4.597,,,Timing OFF,7529,,,,a,,1.14,,,point,READ
,0.499,,,Timing OFF,7533,,,,a,,1.16,,,point,READ
,3.302,,,Timing OFF,7537,,,,a,,1.296,,,point,READ
,0.522,,,Timing OFF,7599,,,,a,,23.436,,,point,READ
,0.521,,,Timing OFF,7625,,,,a,,3.909,,,point,READ
,0.572,,,Timing OFF,7653,,,,a,,2.052,,,point,READ
,0.554,,,Timing OFF,7658,,,,a,,2.79,,,point,READ
,0.516,,,Timing OFF,7746,,,,a,,1.1,,,point,READ
,0.491,,,Timing OFF,7750,,,,a,,1.174,,,point,READ
,0.577,,,Timing OFF,7753,,,,a,,3.955,,,point,READ
,0.543,,,Timing OFF,7767,,,,a,,1.088,,,point,READ
,0.489,,,Timing OFF,7788,,,,a,,1.156,,,point,READ
,0.454,,,Timing OFF,7803,,,,a,,1.218,,,point,READ
,1.523,,,Timing OFF,7860,,,,a,,1.1,,,point,READ
,0.506,,,Timing OFF,7876,,,,a,,1.14,,,point,READ
,0.575,,,Timing OFF,7905,,,,a,,3.909,,,point,READ
,0.515,,,Timing OFF,7915,,,,a,,1.101,,,point,READ
,0.563,,,Timing OFF,7924,,,,a,,3.988,,,point,READ
,0.549,,,Timing OFF,7946,,,,a,,3.436,,,point,READ
,0.497,,,Timing OFF,7973,,,,a,,2.169,,,point,READ
,0.62,,,Timing OFF,7988,,,,a,,1.097,,,point,READ
,0.572,,,Timing OFF,7999,,,,a,,3.964,,,point,READ
,0.569,,,Timing OFF,8050,,,,a,,4.051,,,point,READ
,0.45,,,Timing OFF,8053,,,,a,,2.124,,,point,READ
,3.271,,,Timing OFF,8108,,,,a,,1.406,,,point,READ
,0.565,,,Timing OFF,8110,,,,a,,1.314,,,point,READ
,0.584,,,Timing OFF,8127,,,,a,,1.024,,,point,READ
,0.487,,,Timing OFF,8151,,,,a,,2.23,,,point,READ
,0.519,,,Timing OFF,8216,,,,a,,4.009,,,point,READ
,0.533,,,Timing OFF,8237,,,,a,,4.077,,,point,READ
,0.519,,,Timing OFF,8240,,,,a,,2.951,,,point,READ
,0.498,,,Timing OFF,8247,,,,a,,6.025,,,point,READ
,0.527,,,Timing OFF,8263,,,,a,,2.098,,,point,READ
,0.448,,,Timing OFF,8281,,,,a,,1.178,,,point,READ
,0.564,,,Timing OFF,8312,,,,a,,2.104,,,point,READ
,0.526,,,Timing OFF,8316,,,,a,,2.117,,,point,READ
,0.518,,,Timing OFF,8332,,,,a,,1.157,,,point,READ
,0.502,,,Timing OFF,8340,,,,a,,1.176,,,point,READ
,0.56,,,Timing OFF,8352,,,,a,,1.102,,,point,READ
,0.517,,,Timing OFF,8354,,,,a,,1.169,,,point,READ
,0.569,,,Timing OFF,8360,,,,a,,1.025,,,point,READ
,0.499,,,Timing OFF,8382,,,,a,,6.68,,,point,READ
,0.518,,,Timing OFF,8427,,,,a,,2.091,,,point,READ
,0.557,,,Timing OFF,8491,,,,a,,6.406,,,point,READ
,0.495,,,Timing OFF,8511,,,,a,,3.94,,,point,READ
,0.572,,,Timing OFF,8548,,,,a,,4.172,,,point,READ
,0.454,,,Timing OFF,8577,,,,a,,1.181,,,point,READ
,0.538,,,Timing OFF,8584,,,,a,,2.05,,,point,READ
,0.579,,,Timing OFF,8590,,,,a,,3.992,,,point,READ
,0.5,,,Timing OFF,8625,,,,a,,4.115,,,point,READ
,0.566,,,Timing OFF,8629,,,,a,,1.08,,,point,READ
,0.566,,,Timing OFF,8638,,,,a,,3.884,,,point,READ
,0.502,,,Timing OFF,8640,,,,a,,3.994,,,point,READ
,0.571,,,Timing OFF,8664,,,,a,,3.889,,,point,READ
,0.538,,,Timing OFF,8676,,,,a,,1.124,,,point,READ
,0.543,,,Timing OFF,8744,,,,a,,1.118,,,point,READ
,0.485,,,Timing OFF,8748,,,,a,,1.173,,,point,READ
,0.565,,,Timing OFF,8765,,,,a,,6.539,,,point,READ
,0.483,,,Timing OFF,8841,,,,a,,2.19,,,point,READ
,0.555,,,Timing OFF,8903,,,,a,,2.057,,,point,READ
,0.5,,,Timing OFF,8910,,,,a,,3.808,,,point,READ
,0.518,,,Timing OFF,8916,,,,a,,2.068,,,point,READ
,0.529,,,Timing OFF,8959,,,,a,,4.902,,,point,READ
,0.555,,,Timing OFF,8978,,,,a,,3.858,,,point,READ
,0.463,,,Timing OFF,9018,,,,a,,3.931,,,point,READ
,0.496,,,Timing OFF,9021,,,,a,,4.017,,,point,READ
,0.564,,,Timing OFF,9025,,,,a,,1.117,,,point,READ
,0.487,,,Timing OFF,9061,,,,a,,1.163,,,point,READ
,0.555,,,Timing OFF,9107,,,,a,,2.136,,,point,READ
,0.492,,,Timing OFF,9108,,,,a,,3.24,,,point,READ
,0.531,,,Timing OFF,9115,,,,a,,1.087,,,point,READ
,3.567,,,Timing OFF,9122,,,,a,,1.258,,,point,READ
,0.489,,,Timing OFF,9136,,,,a,,1.164,,,point,READ
,0.574,,,Timing OFF,9143,,,,a,,4.352,,,point,READ
,0.502,,,Timing OFF,9252,,,,a,,4.094,,,point,READ
,0.546,,,Timing OFF,9265,,,,a,,1.113,,,point,READ
,0.466,,,Timing OFF,9267,,,,a,,1.169,,,point,READ
,0.491,,,Timing OFF,9305,,,,a,,1.246,,,point,READ
,0.498,,,Timing OFF,9360,,,,a,,2.281,,,point,READ
,0.56,,,Timing OFF,9384,,,,a,,8.634,,,point,READ
,0.569,,,Timing OFF,9385,,,,a,,8.873,,,point,READ
,0.495,,,Timing OFF,9421,,,,a,,3.995,,,point,READ
,3.006,,,Timing OFF,9422,,,,a,,1.705,,,point,READ
,0.942,,,Timing OFF,9430,,,,a,,2.26,,,point,READ
,0.57,,,Timing OFF,9450,,,,a,,1.103,,,point,READ
,0.479,,,Timing OFF,9559,,,,a,,2.183,,,point,READ
,0.504,,,Timing OFF,9569,,,,a,,3.999,,,point,READ
,0.512,,,Timing OFF,9636,,,,a,,2.169,,,point,READ
,0.508,,,Timing OFF,9668,,,,a,,4.178,,,point,READ
,0.57,,,Timing OFF,9716,,,,a,,1.103,,,point,READ
,0.554,,,Timing OFF,9743,,,,a,,3.769,,,point,READ
,0.455,,,Timing OFF,9746,,,,a,,12.769,,,point,READ
,0.556,,,Timing OFF,9761,,,,a,,3.715,,,point,READ
,0.57,,,Timing OFF,9768,,,,a,,1.095,,,point,READ
,0.524,,,Timing OFF,9785,,,,a,,3.834,,,point,READ
,0.452,,,Timing OFF,9787,,,,a,,1.229,,,point,READ
,0.509,,,Timing OFF,9862,,,,a,,23.616,,,point,READ
,0.526,,,Timing OFF,9968,,,,a,,2.395,,,point,READ
,0.449,,,Timing OFF,9985,,,,a,,2.187,,,point,READ
,0.487,,,Timing OFF,9993,,,,a,,4.168,,,point,READ
,0.574,,,Timing OFF,10006,,,,a,,3.879,,,point,READ
,0.554,,,Timing OFF,10044,,,,a,,1.227,,,point,READ
,0.612,,,Timing OFF,10063,,,,a,,2.01,,,point,READ
,0.498,,,Timing OFF,10075,,,,a,,4.033,,,point,READ
,0.484,,,Timing OFF,10081,,,,a,,1.17,,,point,READ
,0.556,,,Timing OFF,10119,,,,a,,1.113,,,point,READ
,0.559,,,Timing OFF,10172,,,,a,,4.216,,,point,READ
,0.573,,,Timing OFF,10173,,,,a,,3.721,,,point,READ
,0.574,,,Timing OFF,10175,,,,a,,5.503,,,point,READ
,0.539,,,Timing OFF,10180,,,,a,,1.118,,,point,READ
,0.698,,,Timing OFF,10202,,,,a,,1.098,,,point,READ
,0.446,,,Timing OFF,10241,,,,a,,1.226,,,point,READ
,0.847,,,Timing OFF,10253,,,,a,,5.337,,,point,READ
,0.479,,,Timing OFF,10274,,,,a,,1.165,,,point,READ
,0.565,,,Timing OFF,10280,,,,a,,3.347,,,point,READ
,0.571,,,Timing OFF,10304,,,,a,,5.692,,,point,READ
,0.537,,,Timing OFF,10337,,,,a,,4.019,,,point,READ
,1.487,,,Timing OFF,10344,,,,a,,5.228,,,point,READ
,0.563,,,Timing OFF,10350,,,,a,,1.098,,,point,READ
,0.581,,,Timing OFF,10438,,,,a,,4.033,,,point,READ
,0.491,,,Timing OFF,10449,,,,a,,1.219,,,point,READ
,0.557,,,Timing OFF,10453,,,,a,,3.95,,,point,READ
,1.612,,,Timing OFF,10475,,,,a,,2.867,,,point,READ
,0.571,,,Timing OFF,10482,,,,a,,1.087,,,point,READ
,0.573,,,Timing OFF,10491,,,,a,,8.244,,,point,READ
,0.515,,,Timing OFF,10616,,,,a,,1.148,,,point,READ
,0.543,,,Timing OFF,10629,,,,a,,3.29,,,point,READ
,0.568,,,Timing OFF,10639,,,,a,,3.907,,,point,READ
,4.797,,,Timing OFF,10647,,,,a,,1.024,,,point,READ
,0.558,,,Timing OFF,10664,,,,a,,1.1,,,point,READ
,1.463,,,Timing OFF,10723,,,,a,,1.165,,,point,READ
,0.562,,,Timing OFF,10734,,,,a,,3.905,,,point,READ
,0.548,,,Timing OFF,10737,,,,a,,3.147,,,point,READ
,0.586,,,Timing OFF,10744,,,,a,,1.106,,,point,READ
,0.543,,,Timing OFF,10745,,,,a,,2.13,,,point,READ
,0.56,,,Timing OFF,10799,,,,a,,1.101,,,point,READ
,0.602,,,Timing OFF,10818,,,,a,,3.984,,,point,READ
,0.561,,,Timing OFF,10888,,,,a,,2.214,,,point,READ
,0.498,,,Timing OFF,10903,,,,a,,2.237,,,point,READ
,0.455,,,Timing OFF,10968,,,,a,,4.019,,,point,READ
,0.514,,,Timing OFF,10975,,,,a,,2.2,,,point,READ
,0.486,,,Timing OFF,11012,,,,a,,3.52,,,point,READ
,0.494,,,Timing OFF,11029,,,,a,,1.151,,,point,READ
,0.495,,,Timing OFF,11032,,,,a,,1.178,,,point,READ
,0.574,,,Timing OFF,11083,,,,a,,1.087,,,point,READ
,0.527,,,Timing OFF,11131,,,,a,,4.627,,,point,READ
,1.686,,,Timing OFF,11142,,,,a,,1.834,,,point,READ
,1.524,,,Timing OFF,11210,,,,a,,1.098,,,point,READ
,1.584,,,Timing OFF,11291,,,,a,,1.01,,,point,READ
,0.577,,,Timing OFF,11345,,,,a,,1.092,,,point,READ
,1.544,,,Timing OFF,11358,,,,a,,2.861,,,point,READ
,0.57,,,Timing OFF,11416,,,,a,,3.914,,,point,READ
,0.566,,,Timing OFF,11419,,,,a,,3.828,,,point,READ
,0.577,,,Timing OFF,11429,,,,a,,1.088,,,point,READ
,0.516,,,Timing OFF,11436,,,,a,,4.086,,,point,READ
,0.481,,,Timing OFF,11439,,,,a,,4.183,,,point,READ
,0.516,,,Timing OFF,11483,,,,a,,2.172,,,point,READ
,0.549,,,Timing OFF,11514,,,,a,,3.911,,,point,READ
,1.621,,,Timing OFF,11527,,,,a,,1.068,,,point,READ
,1.559,,,Timing OFF,11561,,,,a,,1.169,,,point,READ
,0.574,,,Timing OFF,11569,,,,a,,12.852,,,point,READ
,0.584,,,Timing OFF,11591,,,,a,,3.834,,,point,READ
,0.577,,,Timing OFF,11653,,,,a,,2.151,,,point,READ
,0.463,,,Timing OFF,11732,,,,a,,1.161,,,point,READ
,0.582,,,Timing OFF,11746,,,,a,,2.335,,,point,READ
,0.57,,,Timing OFF,11762,,,,a,,4.252,,,point,READ
,0.455,,,Timing OFF,11770,,,,a,,2.211,,,point,READ
,0.59,,,Timing OFF,11844,,,,a,,1.155,,,point,READ
,0.581,,,Timing OFF,11848,,,,a,,1.093,,,point,READ
,0.492,,,Timing OFF,11867,,,,a,,1.166,,,point,READ
,0.526,,,Timing OFF,11870,,,,a,,2.119,,,point,READ
,0.557,,,Timing OFF,11871,,,,a,,1.095,,,point,READ
,0.502,,,Timing OFF,11894,,,,a,,3.901,,,point,READ
,0.577,,,Timing OFF,11896,,,,a,,3.882,,,point,READ
,0.558,,,Timing OFF,11899,,,,a,,2.097,,,point,READ
,0.587,,,Timing OFF,11913,,,,a,,8.882,,,point,READ
,0.588,,,Timing OFF,11931,,,,a,,3.994,,,point,READ
,0.56,,,Timing OFF,11991,,,,a,,1.105,,,point,READ
,0.518,,,Timing OFF,12012,,,,a,,2.135,,,point,READ
,0.578,,,Timing OFF,12020,,,,a,,8.9,,,point,READ
,0.541,,,Timing OFF,12119,,,,a,,2.054,,,point,READ
,0.501,,,Timing OFF,12199,,,,a,,1.172,,,point,READ
,0.575,,,Timing OFF,12242,,,,a,,3.958,,,point,READ
,0.713,,,Timing OFF,12256,,,,a,,5.544,,,point,READ
,0.572,,,Timing OFF,12279,,,,a,,3.933,,,point,READ
,0.462,,,Timing OFF,12299,,,,a,,3.984,,,point,READ
,0.542,,,Timing OFF,12413,,,,a,,2.128,,,point,READ
,0.741,,,Timing OFF,12418,,,,a,,2.061,,,point,READ
,0.509,,,Timing OFF,12423,,,,a,,4.066,,,point,READ
,0.518,,,Timing OFF,12453,,,,a,,2.065,,,point,READ
,0.456,,,Timing OFF,12460,,,,a,,4.127,,,point,READ
,0.521,,,Timing OFF,12500,,,,a,,1.095,,,point,READ
,0.533,,,Timing OFF,12549,,,,a,,2.582,,,point,READ
,0.578,,,Timing OFF,12577,,,,a,,1.101,,,point,READ
,0.559,,,Timing OFF,12610,,,,a,,3.906,,,point,READ
,0.549,,,Timing OFF,12612,,,,a,,4.024,,,point,READ
,0.568,,,Timing OFF,12688,,,,a,,2.093,,,point,READ
,3.175,,,Timing OFF,12784,,,,a,,2.325,,,point,READ
,1.57,,,Timing OFF,12897,,,,a,,2.534,,,point,READ
,0.58,,,Timing OFF,12898,,,,a,,4.013,,,point,READ
,0.571,,,Timing OFF,12923,,,,a,,9.022,,,point,READ
,0.563,,,Timing OFF,12960,,,,a,,1.314,,,point,READ
,0.58,,,Timing OFF,12972,,,,a,,3.965,,,point,READ
,0.567,,,Timing OFF,12979,,,,a,,1.173,,,point,READ
,0.498,,,Timing OFF,13009,,,,a,,4.007,,,point,READ
,0.554,,,Timing OFF,13032,,,,a,,1.162,,,point,READ
,0.452,,,Timing OFF,13069,,,,a,,4.065,,,point,READ
,0.444,,,Timing OFF,13070,,,,a,,2.182,,,point,READ
,4.763,,,Timing OFF,13071,,,,a,,1.258,,,point,READ
,0.499,,,Timing OFF,13107,,,,a,,2.132,,,point,READ
,0.49,,,Timing OFF,13123,,,,a,,1.172,,,point,READ
,0.482,,,Timing OFF,13147,,,,a,,1.213,,,point,READ
,0.559,,,Timing OFF,13152,,,,a,,1.109,,,point,READ
,0.526,,,Timing OFF,13158,,,,a,,4.175,,,point,READ
,0.564,,,Timing OFF,13215,,,,a,,3.893,,,point,READ
,0.578,,,Timing OFF,13229,,,,a,,3.352,,,point,READ
,0.562,,,Timing OFF,13238,,,,a,,1.103,,,point,READ
,0.559,,,Timing OFF,13244,,,,a,,4.054,,,point,READ
,0.598,,,Timing OFF,13251,,,,a,,3.844,,,point,READ
,0.576,,,Timing OFF,13253,,,,a,,3.581,,,point,READ
,0.495,,,Timing OFF,13281,,,,a,,1.173,,,point,READ
,0.619,,,Timing OFF,13286,,,,a,,2.699,,,point,READ
,0.525,,,Timing OFF,13293,,,,a,,2.079,,,point,READ
,1.579,,,Timing OFF,13309,,,,a,,2.799,,,point,READ
,0.5,,,Timing OFF,13338,,,,a,,11.343,,,point,READ
,0.502,,,Timing OFF,13339,,,,a,,3.211,,,point,READ
,0.512,,,Timing OFF,13370,,,,a,,1.211,,,point,READ
,0.757,,,Timing OFF,13492,,,,a,,2.674,,,point,READ
,0.687,,,Timing OFF,13499,,,,a,,1.128,,,point,READ
,0.546,,,Timing OFF,13549,,,,a,,3.96,,,point,READ
,1.515,,,Timing OFF,13574,,,,a,,1.145,,,point,READ
,0.566,,,Timing OFF,13579,,,,a,,1.093,,,point,READ
,0.492,,,Timing OFF,13589,,,,a,,4.03,,,point,READ
,1.525,,,Timing OFF,13597,,,,a,,1.153,,,point,READ
,0.522,,,Timing OFF,13606,,,,a,,2.26,,,point,READ
,0.479,,,Timing OFF,13661,,,,a,,1.186,,,point,READ
,0.547,,,Timing OFF,13665,,,,a,,5.945,,,point,READ
,0.575,,,Timing OFF,13760,,,,a,,4.043,,,point,READ
,0.558,,,Timing OFF,13767,,,,a,,2.089,,,point,READ
,0.457,,,Timing OFF,13832,,,,a,,1.168,,,point,READ
,0.496,,,Timing OFF,13872,,,,a,,3.936,,,point,READ
,0.579,,,Timing OFF,13877,,,,a,,1.089,,,point,READ
,0.505,,,Timing OFF,13898,,,,a,,1.132,,,point,READ
,1.525,,,Timing OFF,13903,,,,a,,1.183,,,point,READ
,0.482,,,Timing OFF,13906,,,,a,,1.152,,,point,READ
,0.493,,,Timing OFF,13915,,,,a,,2.173,,,point,READ
,0.486,,,Timing OFF,13949,,,,a,,2.16,,,point,READ
,1.588,,,Timing OFF,13960,,,,a,,1.094,,,point,READ
,0.575,,,Timing OFF,13992,,,,a,,1.083,,,point,READ
,0.451,,,Timing OFF,14003,,,,a,,1.177,,,point,READ
,0.444,,,Timing OFF,14016,,,,a,,1.172,,,point,READ
,0.559,,,Timing OFF,14023,,,,a,,1.097,,,point,READ
,0.631,,,Timing OFF,14036,,,,a,,4.716,,,point,READ
,0.515,,,Timing OFF,14093,,,,a,,4.04,,,point,READ
,0.503,,,Timing OFF,14156,,,,a,,4.051,,,point,READ
,0.522,,,Timing OFF,14161,,,,a,,1.141,,,point,READ
,0.617,,,Timing OFF,14181,,,,a,,1.102,,,point,READ
,0.497,,,Timing OFF,14185,,,,a,,1.17,,,point,READ
,0.691,,,Timing OFF,14240,,,,a,,1.243,,,point,READ
,0.558,,,Timing OFF,14263,,,,a,,1.103,,,point,READ
,0.512,,,Timing OFF,14276,,,,a,,2.252,,,point,READ
,0.501,,,Timing OFF,14283,,,,a,,1.17,,,point,READ
,0.573,,,Timing OFF,14286,,,,a,,5.858,,,point,READ
,0.549,,,Timing OFF,14308,,,,a,,3.967,,,point,READ
,0.568,,,Timing OFF,14324,,,,a,,3.906,,,point,READ
,0.572,,,Timing OFF,14398,,,,a,,3.929,,,point,READ
,1.591,,,Timing OFF,14408,,,,a,,1.123,,,point,READ
,0.563,,,Timing OFF,14433,,,,a,,1.088,,,point,READ
,0.55,,,Timing OFF,14479,,,,a,,1.122,,,point,READ
,0.53,,,Timing OFF,14495,,,,a,,2.257,,,point,READ
,0.721,,,Timing OFF,14515,,,,a,,1.104,,,point,READ
,0.521,,,Timing OFF,14531,,,,a,,1.088,,,point,READ
,0.517,,,Timing OFF,14557,,,,a,,2.097,,,point,READ
,0.565,,,Timing OFF,14567,,,,a,,2.102,,,point,READ
,0.625,,,Timing OFF,14568,,,,a,,1.152,,,point,READ
,0.485,,,Timing OFF,14595,,,,a,,1.145,,,point,READ
,0.528,,,Timing OFF,14618,,,,a,,8.369,,,point,READ
,0.559,,,Timing OFF,14619,,,,a,,3.914,,,point,READ
,0.623,,,Timing OFF,14644,,,,a,,1.089,,,point,READ
,1.447,,,Timing OFF,14661,,,,a,,1.207,,,point,READ
,0.503,,,Timing OFF,14683,,,,a,,1.183,,,point,READ
,0.578,,,Timing OFF,14698,,,,a,,3.922,,,point,READ
,1.524,,,Timing OFF,14709,,,,a,,1.082,,,point,READ
,0.553,,,Timing OFF,14710,,,,a,,9.91,,,point,READ
,0.725,,,Timing OFF,14738,,,,a,,1.108,,,point,READ
,0.559,,,Timing OFF,14766,,,,a,,1.099,,,point,READ
,0.576,,,Timing OFF,14781,,,,a,,1.243,,,point,READ
,0.5,,,Timing OFF,14799,,,,a,,1.116,,,point,READ
,0.513,,,Timing OFF,14836,,,,a,,2.054,,,point,READ
,0.483,,,Timing OFF,14854,,,,a,,2.26,,,point,READ
,0.533,,,Timing OFF,14862,,,,a,,3.117,,,point,READ
,0.482,,,Timing OFF,14901,,,,a,,3.963,,,point,READ
,0.487,,,Timing OFF,14908,,,,a,,1.167,,,point,READ
,0.542,,,Timing OFF,14910,,,,a,,4.204,,,point,READ
,1.63,,,Timing OFF,14929,,,,a,,1.096,,,point,READ
,0.524,,,Timing OFF,14930,,,,a,,1.097,,,point,READ
,0.564,,,Timing OFF,14938,,,,a,,1.093,,,point,READ
,0.556,,,Timing OFF,15039,,,,a,,1.095,,,point,READ
,0.612,,,Timing OFF,15040,,,,a,,6.786,,,point,READ
,0.484,,,Timing OFF,15044,,,,a,,6.385,,,point,READ
,0.563,,,Timing OFF,15064,,,,a,,3.909,,,point,READ
,0.498,,,Timing OFF,15116,,,,a,,1.182,,,point,READ
,0.548,,,Timing OFF,15187,,,,a,,1.097,,,point,READ
,0.617,,,Timing OFF,15194,,,,a,,1.1,,,point,READ
,0.526,,,Timing OFF,15205,,,,a,,1.105,,,point,READ
,0.571,,,Timing OFF,15208,,,,a,,3.893,,,point,READ
,0.533,,,Timing OFF,15236,,,,a,,2.147,,,point,READ
,0.448,,,Timing OFF,15313,,,,a,,2.174,,,point,READ
,0.489,,,Timing OFF,15315,,,,a,,1.168,,,point,READ
,4.643,,,Timing OFF,15327,,,,a,,1.221,,,point,READ
,0.455,,,Timing OFF,15341,,,,a,,2.193,,,point,READ
,2.975,,,Timing OFF,15391,,,,a,,7.428,,,point,READ
,0.602,,,Timing OFF,15408,,,,a,,6.68,,,point,READ
,0.497,,,Timing OFF,15429,,,,a,,4.004,,,point,READ
,0.55,,,Timing OFF,15453,,,,a,,3.848,,,point,READ
,0.564,,,Timing OFF,15471,,,,a,,3.195,,,point,READ
,3.482,,,Timing OFF,15499,,,,a,,2.158,,,point,READ
,0.505,,,Timing OFF,15506,,,,a,,4.291,,,point,READ
,0.496,,,Timing OFF,15544,,,,a,,3.766,,,point,READ
,0.57,,,Timing OFF,15608,,,,a,,4.015,,,point,READ
,0.552,,,Timing OFF,15622,,,,a,,1.103,,,point,READ
,0.499,,,Timing OFF,15768,,,,a,,1.146,,,point,READ
,0.453,,,Timing OFF,15778,,,,a,,4.025,,,point,READ
,0.527,,,Timing OFF,15820,,,,a,,1.099,,,point,READ
,0.712,,,Timing OFF,15892,,,,a,,1.093,,,point,READ
,0.488,,,Timing OFF,15932,,,,a,,1.226,,,point,READ
,0.579,,,Timing OFF,15936,,,,a,,1.099,,,point,READ
,0.482,,,Timing OFF,15948,,,,a,,2.054,,,point,READ
,0.586,,,Timing OFF,15998,,,,a,,3.577,,,point,READ
,0.498,,,Timing OFF,16092,,,,a,,1.166,,,point,READ
,0.553,,,Timing OFF,16098,,,,a,,4.073,,,point,READ
,0.542,,,Timing OFF,16104,,,,a,,2.229,,,point,READ
,0.545,,,Timing OFF,16132,,,,a,,1.108,,,point,READ
,0.5,,,Timing OFF,16142,,,,a,,1.166,,,point,READ
,2.114,,,Timing OFF,16234,,,,a,,2.389,,,point,READ
,0.526,,,Timing OFF,16265,,,,a,,1.094,,,point,READ
,1.904,,,Timing OFF,16268,,,,a,,2.635,,,point,READ
,0.5,,,Timing OFF,16290,,,,a,,9.073,,,point,READ
,0.495,,,Timing OFF,16347,,,,a,,1.165,,,point,READ
,0.492,,,Timing OFF,16359,,,,a,,4.187,,,point,READ
,1.484,,,Timing OFF,16370,,,,a,,1.3,,,point,READ
,0.555,,,Timing OFF,16375,,,,a,,3.463,,,point,READ
,0.492,,,Timing OFF,16377,,,,a,,4.075,,,point,READ
,0.475,,,Timing OFF,16385,,,,a,,2.146,,,point,READ
,0.566,,,Timing OFF,16450,,,,a,,1.101,,,point,READ
,0.52,,,Timing OFF,16465,,,,a,,3.973,,,point,READ
,0.554,,,Timing OFF,16494,,,,a,,2.078,,,point,READ
,0.496,,,Timing OFF,16515,,,,a,,4.027,,,point,READ
,0.537,,,Timing OFF,16570,,,,a,,4.072,,,point,READ
,0.52,,,Timing OFF,16573,,,,a,,3.964,,,point,READ
,0.554,,,Timing OFF,16707,,,,a,,3.937,,,point,READ
,0.567,,,Timing OFF,16743,,,,a,,3.918,,,point,READ
,0.596,,,Timing OFF,16960,,,,a,,1.105,,,point,READ
,0.581,,,Timing OFF,16981,,,,a,,1.06,,,point,READ
,0.573,,,Timing OFF,17022,,,,a,,1.082,,,point,READ
,0.543,,,Timing OFF,17083,,,,a,,1.105,,,point,READ
,0.489,,,Timing OFF,17099,,,,a,,2.328,,,point,READ
,0.568,,,Timing OFF,17122,,,,a,,1.015,,,point,READ
,0.502,,,Timing OFF,17158,,,,a,,2.163,,,point,READ
,1.564,,,Timing OFF,17179,,,,a,,1.097,,,point,READ
,0.499,,,Timing OFF,17326,,,,a,,4.089,,,point,READ
,0.482,,,Timing OFF,17349,,,,a,,2.239,,,point,READ
,0.574,,,Timing OFF,17381,,,,a,,3.058,,,point,READ
,0.573,,,Timing OFF,17439,,,,a,,1.093,,,point,READ
,1.574,,,Timing OFF,17512,,,,a,,2.941,,,point,READ
,0.56,,,Timing OFF,17521,,,,a,,2.083,,,point,READ
,0.555,,,Timing OFF,17544,,,,a,,1.074,,,point,READ
,0.464,,,Timing OFF,17546,,,,a,,4.403,,,point,READ
,0.521,,,Timing OFF,17623,,,,a,,1.047,,,point,READ
,0.566,,,Timing OFF,17660,,,,a,,1.021,,,point,READ
,1.525,,,Timing OFF,17666,,,,a,,1.107,,,point,READ
,0.523,,,Timing OFF,17716,,,,a,,1.156,,,point,READ
,0.498,,,Timing OFF,17739,,,,a,,1.17,,,point,READ
,1.564,,,Timing OFF,17787,,,,a,,1.1,,,point,READ
,0.54,,,Timing OFF,17810,,,,a,,1.106,,,point,READ
,0.586,,,Timing OFF,17811,,,,a,,6.771,,,point,READ
,0.566,,,Timing OFF,17829,,,,a,,1.102,,,point,READ
,0.501,,,Timing OFF,17843,,,,a,,1.168,,,point,READ
,0.477,,,Timing OFF,17847,,,,a,,2.141,,,point,READ
,0.52,,,Timing OFF,17855,,,,a,,4.167,,,point,READ
,0.565,,,Timing OFF,17922,,,,a,,1.099,,,point,READ
,0.573,,,Timing OFF,17956,,,,a,,1.071,,,point,READ
,0.571,,,Timing OFF,17984,,,,a,,4.919,,,point,READ
,0.516,,,Timing OFF,18000,,,,a,,5.592,,,point,READ
,0.564,,,Timing OFF,18013,,,,a,,3.926,,,point,READ
,0.519,,,Timing OFF,18014,,,,a,,3.114,,,point,READ
,0.498,,,Timing OFF,18020,,,,a,,1.122,,,point,READ
,0.53,,,Timing OFF,18028,,,,a,,1.1,,,point,READ
,0.562,,,Timing OFF,18104,,,,a,,3.435,,,point,READ
,0.511,,,Timing OFF,18174,,,,a,,1.165,,,point,READ
,0.557,,,Timing OFF,18247,,,,a,,6.232,,,point,READ
,0.548,,,Timing OFF,18277,,,,a,,3.971,,,point,READ
,0.555,,,Timing OFF,18278,,,,a,,4.048,,,point,READ
,0.578,,,Timing OFF,18305,,,,a,,1.145,,,point,READ
,0.522,,,Timing OFF,18389,,,,a,,1.178,,,point,READ
,0.514,,,Timing OFF,18414,,,,a,,1.116,,,point,READ
,0.563,,,Timing OFF,18527,,,,a,,2.096,,,point,READ
,0.506,,,Timing OFF,18542,,,,a,,2.083,,,point,READ
,0.545,,,Timing OFF,18549,,,,a,,1.113,,,point,READ
,0.513,,,Timing OFF,18569,,,,a,,1.097,,,point,READ
,1.5,,,Timing OFF,18589,,,,a,,1.12,,,point,READ
,0.507,,,Timing OFF,18672,,,,a,,1.106,,,point,READ
,0.506,,,Timing OFF,18685,,,,a,,3.713,,,point,READ
,4.618,,,Timing OFF,18690,,,,a,,2.242,,,point,READ
,0.471,,,Timing OFF,18699,,,,a,,2.127,,,point,READ
,0.524,,,Timing OFF,18734,,,,a,,1.101,,,point,READ
,0.449,,,Timing OFF,18759,,,,a,,6.662,,,point,READ
,0.533,,,Timing OFF,18760,,,,a,,3.832,,,point,READ
,0.515,,,Timing OFF,18822,,,,a,,3.931,,,point,READ
,0.545,,,Timing OFF,18855,,,,a,,3.899,,,point,READ
,0.566,,,Timing OFF,18861,,,,a,,2.022,,,point,READ
,1.573,,,Timing OFF,18932,,,,a,,2.96,,,point,READ
,0.572,,,Timing OFF,18970,,,,a,,3.985,,,point,READ
,0.443,,,Timing OFF,19000,,,,a,,2.229,,,point,READ
,4.426,,,Timing OFF,19003,,,,a,,2.239,,,point,READ
,0.578,,,Timing OFF,19084,,,,a,,3.84,,,point,READ
,0.547,,,Timing OFF,19094,,,,a,,1.088,,,point,READ
,0.562,,,Timing OFF,19096,,,,a,,1.1,,,point,READ
,0.448,,,Timing OFF,19154,,,,a,,3.993,,,point,READ
,0.505,,,Timing OFF,19180,,,,a,,1.17,,,point,READ
,0.484,,,Timing OFF,19205,,,,a,,1.167,,,point,READ
,0.484,,,Timing OFF,19232,,,,a,,1.21,,,point,READ
,2.649,,,Timing OFF,19252,,,,a,,1.617,,,point,READ
,0.544,,,Timing OFF,19269,,,,a,,1.1,,,point,READ
,1.552,,,Timing OFF,19284,,,,a,,1.161,,,point,READ
,1.557,,,Timing OFF,19317,,,,a,,1.112,,,point,READ
,0.491,,,Timing OFF,19339,,,,a,,1.16,,,point,READ
,3.047,,,Timing OFF,19373,,,,a,,1.455,,,point,READ
,0.532,,,Timing OFF,19433,,,,a,,1.117,,,point,READ
,0.483,,,Timing OFF,19437,,,,a,,2.214,,,point,READ
,0.454,,,Timing OFF,19494,,,,a,,9.065,,,point,READ
,0.511,,,Timing OFF,19524,,,,a,,2.076,,,point,READ
,1.53,,,Timing OFF,19531,,,,a,,1.104,,,point,READ
,0.555,,,Timing OFF,19540,,,,a,,1.095,,,point,READ
,0.493,,,Timing OFF,19561,,,,a,,2.175,,,point,READ
,0.491,,,Timing OFF,19606,,,,a,,4.883,,,point,READ
,0.547,,,Timing OFF,19664,,,,a,,5.947,,,point,READ
,2.0,,,Timing OFF,19795,,,,a,,2.202,,,point,READ
,0.456,,,Timing OFF,19846,,,,a,,2.123,,,point,READ
,0.502,,,Timing OFF,19890,,,,a,,3.798,,,point,READ
,0.558,,,Timing OFF,19912,,,,a,,1.1,,,point,READ
,0.55,,,Timing OFF,19937,,,,a,,1.098,,,point,READ
,0.564,,,Timing OFF,19940,,,,a,,2.455,,,point,READ
,0.576,,,Timing OFF,19969,,,,a,,1.109,,,point,READ
,0.561,,,Timing OFF,19970,,,,a,,1.099,,,point,READ
,0.488,,,Timing OFF,19973,,,,a,,1.164,,,point,READ
,0.628,,,Timing OFF,19977,,,,a,,7.065,,,point,READ
,0.489,,,Timing OFF,20039,,,,a,,1.174,,,point,READ
,0.534,,,Timing OFF,20048,,,,a,,1.083,,,point,READ
,0.566,,,Timing OFF,20070,,,,a,,1.116,,,point,READ
,0.488,,,Timing OFF,20153,,,,a,,2.165,,,point,READ
,0.537,,,Timing OFF,20176,,,,a,,3.993,,,point,READ
,0.568,,,Timing OFF,20181,,,,a,,5.252,,,point,READ
,0.514,,,Timing OFF,20206,,,,a,,4.046,,,point,READ
,0.569,,,Timing OFF,20247,,,,a,,3.921,,,point,READ
,0.518,,,Timing OFF,20254,,,,a,,2.104,,,point,READ
,1.49,,,Timing OFF,20283,,,,a,,3.112,,,point,READ
,0.45,,,Timing OFF,20291,,,,a,,2.172,,,point,READ
,0.606,,,Timing OFF,20325,,,,a,,1.022,,,point,READ
,0.494,,,Timing OFF,20328,,,,a,,1.175,,,point,READ
,0.546,,,Timing OFF,20357,,,,a,,3.89,,,point,READ
,1.56,,,Timing OFF,20398,,,,a,,2.902,,,point,READ
,0.488,,,Timing OFF,20461,,,,a,,2.185,,,point,READ
,1.54,,,Timing OFF,20470,,,,a,,4.276,,,point,READ
,0.452,,,Timing OFF,20516,,,,a,,1.215,,,point,READ
,0.496,,,Timing OFF,20534,,,,a,,4.018,,,point,READ
,0.508,,,Timing OFF,20599,,,,a,,1.07,,,point,READ
,0.454,,,Timing OFF,20619,,,,a,,1.274,,,point,READ
,0.585,,,Timing OFF,20638,,,,a,,4.062,,,point,READ
,0.565,,,Timing OFF,20647,,,,a,,2.115,,,point,READ
,0.569,,,Timing OFF,20701,,,,a,,3.766,,,point,READ
,0.543,,,Timing OFF,20714,,,,a,,1.108,,,point,READ
,0.517,,,Timing OFF,20769,,,,a,,1.159,,,point,READ
,0.556,,,Timing OFF,20808,,,,a,,1.094,,,point,READ
,0.575,,,Timing OFF,20897,,,,a,,3.991,,,point,READ
,0.558,,,Timing OFF,20904,,,,a,,1.105,,,point,READ
,4.558,,,Timing OFF,20910,,,,a,,2.7,,,point,READ
,0.57,,,Timing OFF,20970,,,,a,,3.918,,,point,READ
,0.564,,,Timing OFF,20999,,,,a,,2.092,,,point,READ
,0.502,,,Timing OFF,21011,,,,a,,1.177,,,point,READ
,0.491,,,Timing OFF,21048,,,,a,,1.165,,,point,READ
,0.456,,,Timing OFF,21095,,,,a,,3.61,,,point,READ
,0.557,,,Timing OFF,21129,,,,a,,1.129,,,point,READ
,0.551,,,Timing OFF,21180,,,,a,,1.108,,,point,READ
,3.032,,,Timing OFF,21218,,,,a,,1.553,,,point,READ
,0.57,,,Timing OFF,21238,,,,a,,4.051,,,point,READ
,0.484,,,Timing OFF,21247,,,,a,,1.146,,,point,READ
,0.566,,,Timing OFF,21255,,,,a,,3.799,,,point,READ
,0.569,,,Timing OFF,21256,,,,a,,3.944,,,point,READ
,0.681,,,Timing OFF,21294,,,,a,,2.803,,,point,READ
,0.559,,,Timing OFF,21308,,,,a,,1.096,,,point,READ
,2.727,,,Timing OFF,21310,,,,a,,2.335,,,point,READ
,0.557,,,Timing OFF,21358,,,,a,,2.253,,,point,READ
,0.501,,,Timing OFF,21391,,,,a,,3.914,,,point,READ
,0.489,,,Timing OFF,21466,,,,a,,2.186,,,point,READ
,0.484,,,Timing OFF,21584,,,,a,,2.175,,,point,READ
,0.563,,,Timing OFF,21585,,,,a,,5.265,,,point,READ
,0.569,,,Timing OFF,21614,,,,a,,3.911,,,point,READ
,1.574,,,Timing OFF,21653,,,,a,,1.103,,,point,READ
,0.574,,,Timing OFF,21675,,,,a,,1.128,,,point,READ
,0.509,,,Timing OFF,21683,,,,a,,2.229,,,point,READ
,0.561,,,Timing OFF,21728,,,,a,,3.938,,,point,READ
,0.476,,,Timing OFF,21742,,,,a,,3.921,,,point,READ
,0.55,,,Timing OFF,21767,,,,a,,1.174,,,point,READ
,0.557,,,Timing OFF,21786,,,,a,,1.09,,,point,READ
,0.525,,,Timing OFF,21794,,,,a,,2.059,,,point,READ
,0.553,,,Timing OFF,21827,,,,a,,1.174,,,point,READ
,0.499,,,Timing OFF,21850,,,,a,,2.296,,,point,READ
,3.427,,,Timing OFF,21868,,,,a,,1.212,,,point,READ
,0.553,,,Timing OFF,21891,,,,a,,8.281,,,point,READ
,4.678,,,Timing OFF,21934,,,,a,,1.114,,,point,READ
,0.5,,,Timing OFF,21951,,,,a,,3.829,,,point,READ
,0.562,,,Timing OFF,22036,,,,a,,12.891,,,point,READ
,0.492,,,Timing OFF,22048,,,,a,,2.125,,,point,READ
,0.45,,,Timing OFF,22055,,,,a,,3.924,,,point,READ
,0.499,,,Timing OFF,22091,,,,a,,3.938,,,point,READ
,1.66,,,Timing OFF,22252,,,,a,,1.087,,,point,READ
,0.543,,,Timing OFF,22307,,,,a,,1.029,,,point,READ
,0.962,,,Timing OFF,22309,,,,a,,2.336,,,point,READ
,0.525,,,Timing OFF,22324,,,,a,,2.061,,,point,READ
,0.516,,,Timing OFF,22325,,,,a,,1.178,,,point,READ
,0.554,,,Timing OFF,22386,,,,a,,1.115,,,point,READ
,0.563,,,Timing OFF,22408,,,,a,,1.098,,,point,READ
,0.469,,,Timing OFF,22431,,,,a,,1.187,,,point,READ
,0.559,,,Timing OFF,22441,,,,a,,1.092,,,point,READ
,0.691,,,Timing OFF,22465,,,,a,,2.103,,,point,READ
,0.56,,,Timing OFF,22577,,,,a,,2.065,,,point,READ
,0.458,,,Timing OFF,22602,,,,a,,2.19,,,point,READ
,0.494,,,Timing OFF,22604,,,,a,,3.724,,,point,READ
,1.555,,,Timing OFF,22618,,,,a,,1.098,,,point,READ
,0.553,,,Timing OFF,22621,,,,a,,6.403,,,point,READ
,0.527,,,Timing OFF,22667,,,,a,,3.076,,,point,READ
,0.452,,,Timing OFF,22679,,,,a,,4.098,,,point,READ
,2.003,,,Timing OFF,22719,,,,a,,2.673,,,point,READ
,0.553,,,Timing OFF,22742,,,,a,,1.102,,,point,READ
,0.563,,,Timing OFF,22757,,,,a,,3.801,,,point,READ
,0.525,,,Timing OFF,22768,,,,a,,1.109,,,point,READ
,0.575,,,Timing OFF,22777,,,,a,,3.952,,,point,READ
,0.569,,,Timing OFF,22949,,,,a,,2.065,,,point,READ
,0.58,,,Timing OFF,22971,,,,a,,1.236,,,point,READ
,0.555,,,Timing OFF,22989,,,,a,,2.13,,,point,READ
,0.507,,,Timing OFF,23002,,,,a,,2.274,,,point,READ
,0.514,,,Timing OFF,23045,,,,a,,2.13,,,point,READ
,0.569,,,Timing OFF,23119,,,,a,,2.07,,,point,READ
,0.561,,,Timing OFF,23160,,,,a,,3.905,,,point,READ
,0.524,,,Timing OFF,23177,,,,a,,2.641,,,point,READ
,0.564,,,Timing OFF,23188,,,,a,,2.071,,,point,READ
,0.484,,,Timing OFF,23190,,,,a,,2.16,,,point,READ
,1.301,,,Timing OFF,23256,,,,a,,1.508,,,point,READ
,0.583,,,Timing OFF,23271,,,,a,,4.905,,,point,READ
,1.496,,,Timing OFF,23287,,,,a,,1.148,,,point,READ
,0.568,,,Timing OFF,23328,,,,a,,3.904,,,point,READ
,0.547,,,Timing OFF,23340,,,,a,,1.104,,,point,READ
,0.525,,,Timing OFF,23460,,,,a,,13.055,,,point,READ
,0.53,,,Timing OFF,23464,,,,a,,2.15,,,point,READ
,1.821,,,Timing OFF,23471,,,,a,,1.146,,,point,READ
,3.941,,,Timing OFF,23585,,,,a,,1.158,,,point,READ
,1.992,,,Timing OFF,23637,,,,a,,2.669,,,point,READ
,0.508,,,Timing OFF,23643,,,,a,,1.184,,,point,READ
,0.555,,,Timing OFF,23650,,,,a,,1.099,,,point,READ
,0.565,,,Timing OFF,23664,,,,a,,2.087,,,point,READ
,0.56,,,Timing OFF,23673,,,,a,,3.94,,,point,READ
,0.562,,,Timing OFF,23686,,,,a,,1.098,,,point,READ
,0.568,,,Timing OFF,23713,,,,a,,3.864,,,point,READ
,0.503,,,Timing OFF,23723,,,,a,,1.176,,,point,READ
,0.559,,,Timing OFF,23810,,,,a,,2.049,,,point,READ
,0.516,,,Timing OFF,23818,,,,a,,2.063,,,point,READ
,0.492,,,Timing OFF,23854,,,,a,,1.167,,,point,READ
,0.483,,,Timing OFF,23925,,,,a,,1.159,,,point,READ
,0.5,,,Timing OFF,23936,,,,a,,3.988,,,point,READ
,0.521,,,Timing OFF,24026,,,,a,,1.103,,,point,READ
,0.57,,,Timing OFF,24035,,,,a,,3.841,,,point,READ
,0.538,,,Timing OFF,24041,,,,a,,2.157,,,point,READ
,0.571,,,Timing OFF,24057,,,,a,,13.069,,,point,READ
,0.497,,,Timing OFF,24080,,,,a,,1.315,,,point,READ
,1.576,,,Timing OFF,24115,,,,a,,3.912,,,point,READ
,0.65,,,Timing OFF,24123,,,,a,,1.108,,,point,READ
,0.519,,,Timing OFF,24139,,,,a,,2.066,,,point,READ
,0.483,,,Timing OFF,24163,,,,a,,2.728,,,point,READ
,0.547,,,Timing OFF,24189,,,,a,,1.093,,,point,READ
,0.576,,,Timing OFF,24201,,,,a,,3.974,,,point,READ
,0.54,,,Timing OFF,24229,,,,a,,1.123,,,point,READ
,0.565,,,Timing OFF,24289,,,,a,,3.967,,,point,READ
,0.551,,,Timing OFF,24338,,,,a,,1.165,,,point,READ
,0.456,,,Timing OFF,24399,,,,a,,1.189,,,point,READ
,0.497,,,Timing OFF,24410,,,,a,,4.796,,,point,READ
,0.53,,,Timing OFF,24412,,,,a,,1.241,,,point,READ
,0.56,,,Timing OFF,24453,,,,a,,1.088,,,point,READ
,0.697,,,Timing OFF,24456,,,,a,,2.086,,,point,READ
,0.571,,,Timing OFF,24460,,,,a,,4.378,,,point,READ
,0.437,,,Timing OFF,24511,,,,a,,2.163,,,point,READ
,0.511,,,Timing OFF,24528,,,,a,,2.105,,,point,READ
,0.57,,,Timing OFF,24536,,,,a,,4.023,,,point,READ
,0.578,,,Timing OFF,24547,,,,a,,2.172,,,point,READ
,0.547,,,Timing OFF,24565,,,,a,,1.164,,,point,READ
,0.492,,,Timing OFF,24586,,,,a,,3.934,,,point,READ
,0.49,,,Timing OFF,24610,,,,a,,3.934,,,point,READ
,0.45,,,Timing OFF,24641,,,,a,,1.377,,,point,READ
,0.449,,,Timing OFF,24658,,,,a,,2.183,,,point,READ
,0.481,,,Timing OFF,24681,,,,a,,1.169,,,point,READ
,0.467,,,Timing OFF,24724,,,,a,,6.581,,,point,READ
,0.503,,,Timing OFF,24746,,,,a,,4.039,,,point,READ
,0.522,,,Timing OFF,24749,,,,a,,1.1,,,point,READ
,0.559,,,Timing OFF,24783,,,,a,,13.031,,,point,READ
,1.554,,,Timing OFF,24785,,,,a,,1.101,,,point,READ
,0.587,,,Timing OFF,24806,,,,a,,3.921,,,point,READ
,1.531,,,Timing OFF,24810,,,,a,,1.1,,,point,READ
,0.529,,,Timing OFF,24838,,,,a,,2.108,,,point,READ
,0.527,,,Timing OFF,24847,,,,a,,4.07,,,point,READ
,0.57,,,Timing OFF,24858,,,,a,,1.177,,,point,READ
,0.565,,,Timing OFF,24884,,,,a,,3.926,,,point,READ
,0.528,,,Timing OFF,24895,,,,a,,1.077,,,point,READ
,0.557,,,Timing OFF,24898,,,,a,,1.094,,,point,READ
,1.544,,,Timing OFF,24906,,,,a,,1.092,,,point,READ
,0.52,,,Timing OFF,24909,,,,a,,1.098,,,point,READ
,0.706,,,Timing OFF,24943,,,,a,,1.216,,,point,READ
,1.582,,,Timing OFF,24967,,,,a,,1.106,,,point,READ
,0.626,,,Timing OFF,24972,,,,a,,1.099,,,point,READ
,0.493,,,Timing OFF,25025,,,,a,,1.165,,,point,READ
,0.538,,,Timing OFF,25029,,,,a,,1.128,,,point,READ
,0.567,,,Timing OFF,25030,,,,a,,4.861,,,point,READ
,0.485,,,Timing OFF,25064,,,,a,,1.167,,,point,READ
,0.564,,,Timing OFF,25082,,,,a,,2.248,,,point,READ
,0.575,,,Timing OFF,25085,,,,a,,4.126,,,point,READ
,0.573,,,Timing OFF,25166,,,,a,,1.095,,,point,READ
,0.489,,,Timing OFF,25190,,,,a,,2.155,,,point,READ
,0.542,,,Timing OFF,25291,,,,a,,2.074,,,point,READ
,0.579,,,Timing OFF,25355,,,,a,,3.871,,,point,READ
,4.566,,,Timing OFF,25423,,,,a,,2.285,,,point,READ
,0.536,,,Timing OFF,25428,,,,a,,4.09,,,point,READ
,0.494,,,Timing OFF,25429,,,,a,,3.96,,,point,READ
,0.59,,,Timing OFF,25451,,,,a,,1.12,,,point,READ
,0.549,,,Timing OFF,25452,,,,a,,2.114,,,point,READ
,0.582,,,Timing OFF,25462,,,,a,,5.528,,,point,READ
,0.748,,,Timing OFF,25465,,,,a,,3.766,,,point,READ
,0.535,,,Timing OFF,25475,,,,a,,2.312,,,point,READ
,0.57,,,Timing OFF,25478,,,,a,,1.1,,,point,READ
,0.617,,,Timing OFF,25513,,,,a,,5.971,,,point,READ
,0.491,,,Timing OFF,25525,,,,a,,1.168,,,point,READ
,0.581,,,Timing OFF,25536,,,,a,,4.438,,,point,READ
,0.575,,,Timing OFF,25540,,,,a,,4.111,,,point,READ
,0.509,,,Timing OFF,25582,,,,a,,1.113,,,point,READ
,1.516,,,Timing OFF,25590,,,,a,,1.088,,,point,READ
,0.548,,,Timing OFF,25691,,,,a,,1.242,,,point,READ
,0.524,,,Timing OFF,25864,,,,a,,2.074,,,point,READ
,0.499,,,Timing OFF,25874,,,,a,,1.149,,,point,READ
,0.55,,,Timing OFF,25938,,,,a,,2.124,,,point,READ
,0.498,,,Timing OFF,25993,,,,a,,1.169,,,point,READ
,1.537,,,Timing OFF,26015,,,,a,,1.094,,,point,READ
,0.535,,,Timing OFF,26101,,,,a,,2.179,,,point,READ
,0.575,,,Timing OFF,26111,,,,a,,4.052,,,point,READ
,0.493,,,Timing OFF,26120,,,,a,,2.087,,,point,READ
,1.517,,,Timing OFF,26123,,,,a,,1.115,,,point,READ
,0.55,,,Timing OFF,26186,,,,a,,4.127,,,point,READ
,0.552,,,Timing OFF,26187,,,,a,,2.104,,,point,READ
,1.608,,,Timing OFF,26200,,,,a,,14.193,,,point,READ
,0.579,,,Timing OFF,26282,,,,a,,3.828,,,point,READ
,0.543,,,Timing OFF,26299,,,,a,,2.115,,,point,READ
,0.567,,,Timing OFF,26352,,,,a,,4.097,,,point,READ
,0.562,,,Timing OFF,26374,,,,a,,1.092,,,point,READ
,0.505,,,Timing OFF,26380,,,,a,,2.061,,,point,READ
0.553,,0.458,1.62105,Timing OFF,,900,26400,,,2.121,,1.091,6.385,summary,READ
,0.556,,,Timing OFF,0,,,,a,,7.843,,,point,SELECT
,0.457,,,Timing OFF,2,,,,a,,2.292,,,point,SELECT
,0.517,,,Timing OFF,6,,,,a,,3.8,,,point,SELECT
,0.553,,,Timing OFF,9,,,,a,,1.053,,,point,SELECT
,0.574,,,Timing OFF,12,,,,a,,3.786,,,point,SELECT
,0.715,,,Timing OFF,23,,,,a,,1.023,,,point,SELECT
,0.453,,,Timing OFF,32,,,,a,,1.104,,,point,SELECT
,0.577,,,Timing OFF,33,,,,a,,12.21,,,point,SELECT
,0.501,,,Timing OFF,39,,,,a,,1.1,,,point,SELECT
,0.529,,,Timing OFF,40,,,,a,,4.624,,,point,SELECT
,0.564,,,Timing OFF,41,,,,a,,2.019,,,point,SELECT
,0.566,,,Timing OFF,43,,,,a,,2.712,,,point,SELECT
,0.551,,,Timing OFF,46,,,,a,,4.034,,,point,SELECT
,0.534,,,Timing OFF,50,,,,a,,3.843,,,point,SELECT
,0.492,,,Timing OFF,51,,,,a,,1.108,,,point,SELECT
,0.617,,,Timing OFF,63,,,,a,,1.108,,,point,SELECT
,0.479,,,Timing OFF,65,,,,a,,1.099,,,point,SELECT
,2.512,,,Timing OFF,66,,,,a,,1.053,,,point,SELECT
,0.72,,,Timing OFF,69,,,,a,,2.005,,,point,SELECT
,0.587,,,Timing OFF,71,,,,a,,2.06,,,point,SELECT
,0.568,,,Timing OFF,73,,,,a,,3.772,,,point,SELECT
,0.584,,,Timing OFF,76,,,,a,,3.581,,,point,SELECT
,1.545,,,Timing OFF,77,,,,a,,1.023,,,point,SELECT
,0.612,,,Timing OFF,79,,,,a,,1.969,,,point,SELECT
,0.564,,,Timing OFF,80,,,,a,,1.019,,,point,SELECT
,1.536,,,Timing OFF,86,,,,a,,1.203,,,point,SELECT
,0.49,,,Timing OFF,91,,,,a,,1.246,,,point,SELECT
,0.549,,,Timing OFF,92,,,,a,,2.054,,,point,SELECT
,0.495,,,Timing OFF,94,,,,a,,1.107,,,point,SELECT
,0.504,,,Timing OFF,97,,,,a,,3.871,,,point,SELECT
,0.56,,,Timing OFF,98,,,,a,,2.126,,,point,SELECT
,0.56,,,Timing OFF,104,,,,a,,1.047,,,point,SELECT
,0.588,,,Timing OFF,105,,,,a,,2.076,,,point,SELECT
,2.933,,,Timing OFF,107,,,,a,,1.478,,,point,SELECT
,0.556,,,Timing OFF,108,,,,a,,1.027,,,point,SELECT
,0.534,,,Timing OFF,110,,,,a,,1.211,,,point,SELECT
,0.459,,,Timing OFF,114,,,,a,,1.17,,,point,SELECT
,0.693,,,Timing OFF,117,,,,a,,1.04,,,point,SELECT
,0.531,,,Timing OFF,121,,,,a,,2.019,,,point,SELECT
,0.5,,,Timing OFF,123,,,,a,,1.105,,,point,SELECT
,0.566,,,Timing OFF,126,,,,a,,24.3,,,point,SELECT
,1.591,,,Timing OFF,128,,,,a,,0.994,,,point,SELECT
,0.583,,,Timing OFF,130,,,,a,,3.696,,,point,SELECT
,1.446,,,Timing OFF,136,,,,a,,2.356,,,point,SELECT
,0.559,,,Timing OFF,139,,,,a,,5.44,,,point,SELECT
,0.502,,,Timing OFF,141,,,,a,,12.49,,,point,SELECT
,0.558,,,Timing OFF,148,,,,a,,1.984,,,point,SELECT
,0.531,,,Timing OFF,149,,,,a,,3.718,,,point,SELECT
,0.456,,,Timing OFF,154,,,,a,,2.129,,,point,SELECT
,0.481,,,Timing OFF,159,,,,a,,1.105,,,point,SELECT
,0.528,,,Timing OFF,160,,,,a,,3.6,,,point,SELECT
,0.494,,,Timing OFF,164,,,,a,,1.165,,,point,SELECT
,0.514,,,Timing OFF,167,,,,a,,2.007,,,point,SELECT
,0.537,,,Timing OFF,169,,,,a,,6.927,,,point,SELECT
,0.459,,,Timing OFF,170,,,,a,,1.118,,,point,SELECT
,0.528,,,Timing OFF,175,,,,a,,1.036,,,point,SELECT
,1.477,,,Timing OFF,177,,,,a,,1.028,,,point,SELECT
,0.574,,,Timing OFF,180,,,,a,,2.172,,,point,SELECT
,0.521,,,Timing OFF,184,,,,a,,1.029,,,point,SELECT
,0.569,,,Timing OFF,187,,,,a,,0.989,,,point,SELECT
,0.452,,,Timing OFF,188,,,,a,,1.03,,,point,SELECT
,0.497,,,Timing OFF,191,,,,a,,2.232,,,point,SELECT
,0.49,,,Timing OFF,197,,,,a,,2.059,,,point,SELECT
,0.502,,,Timing OFF,204,,,,a,,10.079,,,point,SELECT
,0.545,,,Timing OFF,205,,,,a,,1.044,,,point,SELECT
,0.563,,,Timing OFF,214,,,,a,,3.708,,,point,SELECT
,0.54,,,Timing OFF,215,,,,a,,1.036,,,point,SELECT
,0.537,,,Timing OFF,221,,,,a,,1.011,,,point,SELECT
,0.563,,,Timing OFF,224,,,,a,,3.77,,,point,SELECT
,0.812,,,Timing OFF,225,,,,a,,1.032,,,point,SELECT
,0.558,,,Timing OFF,227,,,,a,,3.838,,,point,SELECT
,0.58,,,Timing OFF,230,,,,a,,2.039,,,point,SELECT
,0.5,,,Timing OFF,232,,,,a,,4.063,,,point,SELECT
,0.558,,,Timing OFF,236,,,,a,,2.225,,,point,SELECT
,0.53,,,Timing OFF,237,,,,a,,1.039,,,point,SELECT
,2.4,,,Timing OFF,238,,,,a,,1.23,,,point,SELECT
,0.572,,,Timing OFF,239,,,,a,,2.702,,,point,SELECT
,1.577,,,Timing OFF,241,,,,a,,1.035,,,point,SELECT
,0.514,,,Timing OFF,246,,,,a,,1.233,,,point,SELECT
,0.494,,,Timing OFF,253,,,,a,,2.023,,,point,SELECT
,0.502,,,Timing OFF,255,,,,a,,4.17,,,point,SELECT
,0.58,,,Timing OFF,260,,,,a,,1.036,,,point,SELECT
,0.572,,,Timing OFF,261,,,,a,,1.024,,,point,SELECT
,0.557,,,Timing OFF,265,,,,a,,1.037,,,point,SELECT
,1.582,,,Timing OFF,266,,,,a,,2.813,,,point,SELECT
,0.496,,,Timing OFF,270,,,,a,,3.688,,,point,SELECT
,0.577,,,Timing OFF,271,,,,a,,2.014,,,point,SELECT
,0.491,,,Timing OFF,275,,,,a,,3.711,,,point,SELECT
,0.519,,,Timing OFF,281,,,,a,,3.715,,,point,SELECT
,0.581,,,Timing OFF,284,,,,a,,1.038,,,point,SELECT
,1.561,,,Timing OFF,286,,,,a,,1.026,,,point,SELECT
,0.518,,,Timing OFF,287,,,,a,,3.93,,,point,SELECT
,0.564,,,Timing OFF,292,,,,a,,1.115,,,point,SELECT
,0.543,,,Timing OFF,294,,,,a,,2.01,,,point,SELECT
,0.503,,,Timing OFF,297,,,,a,,3.715,,,point,SELECT
,0.528,,,Timing OFF,298,,,,a,,2.108,,,point,SELECT
,0.483,,,Timing OFF,303,,,,a,,1.093,,,point,SELECT
,0.478,,,Timing OFF,309,,,,a,,1.076,,,point,SELECT
,0.684,,,Timing OFF,312,,,,a,,1.048,,,point,SELECT
,0.561,,,Timing OFF,316,,,,a,,1.025,,,point,SELECT
,1.569,,,Timing OFF,317,,,,a,,0.989,,,point,SELECT
,0.455,,,Timing OFF,319,,,,a,,1.102,,,point,SELECT
,0.462,,,Timing OFF,320,,,,a,,1.096,,,point,SELECT
,0.575,,,Timing OFF,322,,,,a,,1.027,,,point,SELECT
,0.517,,,Timing OFF,324,,,,a,,1.009,,,point,SELECT
,1.566,,,Timing OFF,325,,,,a,,0.995,,,point,SELECT
,0.461,,,Timing OFF,334,,,,a,,3.839,,,point,SELECT
,0.496,,,Timing OFF,338,,,,a,,1.097,,,point,SELECT
,0.456,,,Timing OFF,341,,,,a,,1.1,,,point,SELECT
,0.507,,,Timing OFF,342,,,,a,,1.1,,,point,SELECT
,0.498,,,Timing OFF,345,,,,a,,1.104,,,point,SELECT
,3.591,,,Timing OFF,346,,,,a,,5.401,,,point,SELECT
,0.576,,,Timing OFF,347,,,,a,,7.244,,,point,SELECT
,0.528,,,Timing OFF,349,,,,a,,3.717,,,point,SELECT
,0.572,,,Timing OFF,353,,,,a,,1.031,,,point,SELECT
,0.56,,,Timing OFF,354,,,,a,,2.158,,,point,SELECT
,0.564,,,Timing OFF,356,,,,a,,3.928,,,point,SELECT
,0.456,,,Timing OFF,361,,,,a,,1.078,,,point,SELECT
,0.482,,,Timing OFF,365,,,,a,,1.108,,,point,SELECT
,0.562,,,Timing OFF,367,,,,a,,2.025,,,point,SELECT
,0.573,,,Timing OFF,370,,,,a,,1.021,,,point,SELECT
,0.582,,,Timing OFF,373,,,,a,,3.802,,,point,SELECT
,0.54,,,Timing OFF,374,,,,a,,1.029,,,point,SELECT
,0.471,,,Timing OFF,377,,,,a,,3.517,,,point,SELECT
,1.362,,,Timing OFF,379,,,,a,,1.052,,,point,SELECT
,0.543,,,Timing OFF,380,,,,a,,2.175,,,point,SELECT
,0.506,,,Timing OFF,391,,,,a,,3.903,,,point,SELECT
,0.566,,,Timing OFF,392,,,,a,,5.294,,,point,SELECT
,1.58,,,Timing OFF,394,,,,a,,2.699,,,point,SELECT
,0.494,,,Timing OFF,398,,,,a,,2.139,,,point,SELECT
,1.587,,,Timing OFF,403,,,,a,,2.741,,,point,SELECT
,0.497,,,Timing OFF,404,,,,a,,2.165,,,point,SELECT
,5.649,,,Timing OFF,406,,,,a,,1.108,,,point,SELECT
,1.534,,,Timing OFF,409,,,,a,,0.962,,,point,SELECT
,0.506,,,Timing OFF,410,,,,a,,5.759,,,point,SELECT
,0.507,,,Timing OFF,411,,,,a,,1.103,,,point,SELECT
,0.583,,,Timing OFF,414,,,,a,,3.759,,,point,SELECT
,0.551,,,Timing OFF,422,,,,a,,3.915,,,point,SELECT
,0.489,,,Timing OFF,428,,,,a,,1.09,,,point,SELECT
,0.499,,,Timing OFF,430,,,,a,,3.814,,,point,SELECT
,0.558,,,Timing OFF,431,,,,a,,3.837,,,point,SELECT
,0.499,,,Timing OFF,432,,,,a,,1.106,,,point,SELECT
,0.511,,,Timing OFF,433,,,,a,,1.105,,,point,SELECT
,0.503,,,Timing OFF,435,,,,a,,3.777,,,point,SELECT
,0.498,,,Timing OFF,436,,,,a,,1.104,,,point,SELECT
,0.564,,,Timing OFF,438,,,,a,,7.923,,,point,SELECT
,0.519,,,Timing OFF,440,,,,a,,1.028,,,point,SELECT
,0.521,,,Timing OFF,441,,,,a,,1.023,,,point,SELECT
,0.588,,,Timing OFF,443,,,,a,,7.064,,,point,SELECT
,0.531,,,Timing OFF,447,,,,a,,3.787,,,point,SELECT
,0.57,,,Timing OFF,449,,,,a,,3.944,,,point,SELECT
,0.529,,,Timing OFF,450,,,,a,,1.032,,,point,SELECT
,0.569,,,Timing OFF,452,,,,a,,3.696,,,point,SELECT
,0.649,,,Timing OFF,453,,,,a,,0.984,,,point,SELECT
,0.566,,,Timing OFF,454,,,,a,,2.041,,,point,SELECT
,0.465,,,Timing OFF,455,,,,a,,3.714,,,point,SELECT
,0.583,,,Timing OFF,457,,,,a,,3.582,,,point,SELECT
,0.512,,,Timing OFF,458,,,,a,,1.159,,,point,SELECT
,0.557,,,Timing OFF,460,,,,a,,1.045,,,point,SELECT
,0.544,,,Timing OFF,461,,,,a,,1.024,,,point,SELECT
,0.546,,,Timing OFF,463,,,,a,,2.023,,,point,SELECT
,0.527,,,Timing OFF,465,,,,a,,1.031,,,point,SELECT
,0.574,,,Timing OFF,467,,,,a,,1.03,,,point,SELECT
,0.544,,,Timing OFF,469,,,,a,,8.927,,,point,SELECT
,3.199,,,Timing OFF,471,,,,a,,6.142,,,point,SELECT
,0.531,,,Timing OFF,473,,,,a,,3.803,,,point,SELECT
,0.59,,,Timing OFF,476,,,,a,,1.032,,,point,SELECT
,0.5,,,Timing OFF,478,,,,a,,2.063,,,point,SELECT
,0.572,,,Timing OFF,481,,,,a,,3.741,,,point,SELECT
,0.457,,,Timing OFF,484,,,,a,,1.161,,,point,SELECT
,0.58,,,Timing OFF,487,,,,a,,3.743,,,point,SELECT
,0.579,,,Timing OFF,498,,,,a,,3.704,,,point,SELECT
,1.515,,,Timing OFF,499,,,,a,,1.053,,,point,SELECT
,0.573,,,Timing OFF,500,,,,a,,1.732,,,point,SELECT
,0.585,,,Timing OFF,508,,,,a,,12.364,,,point,SELECT
,0.573,,,Timing OFF,509,,,,a,,1.021,,,point,SELECT
,0.522,,,Timing OFF,510,,,,a,,2.011,,,point,SELECT
,0.524,,,Timing OFF,518,,,,a,,2.702,,,point,SELECT
,0.573,,,Timing OFF,528,,,,a,,2.037,,,point,SELECT
,0.503,,,Timing OFF,532,,,,a,,1.105,,,point,SELECT
,0.535,,,Timing OFF,533,,,,a,,2.056,,,point,SELECT
,0.573,,,Timing OFF,534,,,,a,,3.803,,,point,SELECT
,0.493,,,Timing OFF,538,,,,a,,1.104,,,point,SELECT
,1.59,,,Timing OFF,539,,,,a,,2.904,,,point,SELECT
,1.588,,,Timing OFF,541,,,,a,,2.79,,,point,SELECT
,0.497,,,Timing OFF,544,,,,a,,2.023,,,point,SELECT
,0.514,,,Timing OFF,545,,,,a,,3.825,,,point,SELECT
,0.466,,,Timing OFF,550,,,,a,,3.94,,,point,SELECT
,0.626,,,Timing OFF,552,,,,a,,1.038,,,point,SELECT
,1.702,,,Timing OFF,554,,,,a,,1.038,,,point,SELECT
,0.573,,,Timing OFF,559,,,,a,,2.22,,,point,SELECT
,0.535,,,Timing OFF,560,,,,a,,3.698,,,point,SELECT
,0.584,,,Timing OFF,567,,,,a,,3.9,,,point,SELECT
,0.563,,,Timing OFF,571,,,,a,,2.189,,,point,SELECT
,0.558,,,Timing OFF,581,,,,a,,3.73,,,point,SELECT
,0.634,,,Timing OFF,584,,,,a,,2.034,,,point,SELECT
,0.573,,,Timing OFF,590,,,,a,,1.001,,,point,SELECT
,0.531,,,Timing OFF,594,,,,a,,1.132,,,point,SELECT
,0.488,,,Timing OFF,595,,,,a,,1.107,,,point,SELECT
,0.465,,,Timing OFF,599,,,,a,,2.657,,,point,SELECT
,0.563,,,Timing OFF,602,,,,a,,3.718,,,point,SELECT
,4.625,,,Timing OFF,604,,,,a,,1.086,,,point,SELECT
,0.636,,,Timing OFF,606,,,,a,,3.871,,,point,SELECT
,0.621,,,Timing OFF,612,,,,a,,2.037,,,point,SELECT
,0.553,,,Timing OFF,617,,,,a,,1.046,,,point,SELECT
,0.577,,,Timing OFF,618,,,,a,,3.626,,,point,SELECT
,1.568,,,Timing OFF,619,,,,a,,1.042,,,point,SELECT
,0.512,,,Timing OFF,622,,,,a,,0.989,,,point,SELECT
,0.563,,,Timing OFF,627,,,,a,,1.025,,,point,SELECT
,2.898,,,Timing OFF,631,,,,a,,7.427,,,point,SELECT
,0.495,,,Timing OFF,637,,,,a,,2.136,,,point,SELECT
,0.502,,,Timing OFF,641,,,,a,,3.843,,,point,SELECT
,0.571,,,Timing OFF,642,,,,a,,1.035,,,point,SELECT
,0.482,,,Timing OFF,652,,,,a,,1.103,,,point,SELECT
,0.489,,,Timing OFF,656,,,,a,,1.088,,,point,SELECT
,0.575,,,Timing OFF,658,,,,a,,1.019,,,point,SELECT
,0.57,,,Timing OFF,659,,,,a,,1.046,,,point,SELECT
,0.516,,,Timing OFF,664,,,,a,,3.857,,,point,SELECT
,0.462,,,Timing OFF,666,,,,a,,1.111,,,point,SELECT
,2.9,,,Timing OFF,667,,,,a,,1.337,,,point,SELECT
,0.5,,,Timing OFF,669,,,,a,,1.1,,,point,SELECT
,0.501,,,Timing OFF,672,,,,a,,3.968,,,point,SELECT
,0.548,,,Timing OFF,676,,,,a,,2.031,,,point,SELECT
,0.494,,,Timing OFF,677,,,,a,,4.127,,,point,SELECT
,0.561,,,Timing OFF,678,,,,a,,5.569,,,point,SELECT
,0.54,,,Timing OFF,682,,,,a,,3.808,,,point,SELECT
,0.584,,,Timing OFF,686,,,,a,,3.855,,,point,SELECT
,0.577,,,Timing OFF,687,,,,a,,1.101,,,point,SELECT
,0.572,,,Timing OFF,691,,,,a,,1.019,,,point,SELECT
,0.534,,,Timing OFF,694,,,,a,,2.078,,,point,SELECT
,0.587,,,Timing OFF,695,,,,a,,3.735,,,point,SELECT
,0.566,,,Timing OFF,697,,,,a,,8.471,,,point,SELECT
,0.549,,,Timing OFF,698,,,,a,,1.052,,,point,SELECT
,0.561,,,Timing OFF,699,,,,a,,2.82,,,point,SELECT
,0.618,,,Timing OFF,701,,,,a,,6.634,,,point,SELECT
,0.527,,,Timing OFF,703,,,,a,,3.646,,,point,SELECT
,0.54,,,Timing OFF,704,,,,a,,2.077,,,point,SELECT
,0.51,,,Timing OFF,706,,,,a,,3.831,,,point,SELECT
,0.632,,,Timing OFF,707,,,,a,,2.113,,,point,SELECT
,0.575,,,Timing OFF,708,,,,a,,3.614,,,point,SELECT
,0.529,,,Timing OFF,717,,,,a,,2.023,,,point,SELECT
,0.515,,,Timing OFF,718,,,,a,,3.35,,,point,SELECT
,0.542,,,Timing OFF,719,,,,a,,2.06,,,point,SELECT
,1.566,,,Timing OFF,721,,,,a,,1.018,,,point,SELECT
,0.466,,,Timing OFF,722,,,,a,,3.78,,,point,SELECT
,0.571,,,Timing OFF,724,,,,a,,1.033,,,point,SELECT
,0.556,,,Timing OFF,725,,,,a,,3.908,,,point,SELECT
,0.493,,,Timing OFF,731,,,,a,,1.096,,,point,SELECT
,0.567,,,Timing OFF,733,,,,a,,1.046,,,point,SELECT
,0.524,,,Timing OFF,735,,,,a,,2.028,,,point,SELECT
,0.551,,,Timing OFF,736,,,,a,,3.864,,,point,SELECT
,0.57,,,Timing OFF,743,,,,a,,4.564,,,point,SELECT
,0.551,,,Timing OFF,745,,,,a,,1.015,,,point,SELECT
,0.57,,,Timing OFF,746,,,,a,,1.042,,,point,SELECT
,0.585,,,Timing OFF,747,,,,a,,0.977,,,point,SELECT
,0.53,,,Timing OFF,748,,,,a,,1.037,,,point,SELECT
,0.452,,,Timing OFF,755,,,,a,,1.105,,,point,SELECT
,0.51,,,Timing OFF,756,,,,a,,3.948,,,point,SELECT
,0.529,,,Timing OFF,760,,,,a,,4.109,,,point,SELECT
,0.584,,,Timing OFF,762,,,,a,,1.041,,,point,SELECT
,0.505,,,Timing OFF,773,,,,a,,1.05,,,point,SELECT
,0.509,,,Timing OFF,774,,,,a,,3.831,,,point,SELECT
,0.558,,,Timing OFF,775,,,,a,,2.004,,,point,SELECT
,0.475,,,Timing OFF,780,,,,a,,3.806,,,point,SELECT
,0.503,,,Timing OFF,781,,,,a,,1.136,,,point,SELECT
,0.526,,,Timing OFF,784,,,,a,,3.649,,,point,SELECT
,0.505,,,Timing OFF,787,,,,a,,1.065,,,point,SELECT
,0.578,,,Timing OFF,790,,,,a,,3.691,,,point,SELECT
,0.582,,,Timing OFF,791,,,,a,,3.735,,,point,SELECT
,0.461,,,Timing OFF,792,,,,a,,1.077,,,point,SELECT
,0.582,,,Timing OFF,793,,,,a,,3.673,,,point,SELECT
,0.449,,,Timing OFF,794,,,,a,,1.104,,,point,SELECT
,0.494,,,Timing OFF,796,,,,a,,1.106,,,point,SELECT
,0.607,,,Timing OFF,802,,,,a,,2.056,,,point,SELECT
,0.48,,,Timing OFF,805,,,,a,,1.11,,,point,SELECT
,0.501,,,Timing OFF,807,,,,a,,1.113,,,point,SELECT
,0.492,,,Timing OFF,812,,,,a,,2.049,,,point,SELECT
,0.492,,,Timing OFF,813,,,,a,,3.924,,,point,SELECT
,0.578,,,Timing OFF,830,,,,a,,3.674,,,point,SELECT
,0.535,,,Timing OFF,835,,,,a,,1.032,,,point,SELECT
,0.575,,,Timing OFF,837,,,,a,,3.749,,,point,SELECT
,0.52,,,Timing OFF,838,,,,a,,3.441,,,point,SELECT
,0.453,,,Timing OFF,839,,,,a,,2.152,,,point,SELECT
,1.524,,,Timing OFF,840,,,,a,,1.029,,,point,SELECT
,0.544,,,Timing OFF,842,,,,a,,1.058,,,point,SELECT
,0.578,,,Timing OFF,844,,,,a,,3.858,,,point,SELECT
,0.515,,,Timing OFF,845,,,,a,,6.819,,,point,SELECT
,0.493,,,Timing OFF,847,,,,a,,1.093,,,point,SELECT
,0.54,,,Timing OFF,849,,,,a,,1.051,,,point,SELECT
,0.513,,,Timing OFF,852,,,,a,,1.06,,,point,SELECT
,0.565,,,Timing OFF,854,,,,a,,1.042,,,point,SELECT
,0.568,,,Timing OFF,861,,,,a,,7.936,,,point,SELECT
,0.539,,,Timing OFF,863,,,,a,,1.038,,,point,SELECT
,0.508,,,Timing OFF,868,,,,a,,3.816,,,point,SELECT
,0.507,,,Timing OFF,871,,,,a,,1.102,,,point,SELECT
,1.536,,,Timing OFF,872,,,,a,,2.991,,,point,SELECT
,0.524,,,Timing OFF,882,,,,a,,3.816,,,point,SELECT
,0.582,,,Timing OFF,889,,,,a,,4.22,,,point,SELECT
,0.58,,,Timing OFF,891,,,,a,,3.213,,,point,SELECT
,0.574,,,Timing OFF,898,,,,a,,5.626,,,point,SELECT
,0.504,,,Timing OFF,904,,,,a,,1.106,,,point,SELECT
,0.567,,,Timing OFF,906,,,,a,,1.038,,,point,SELECT
,0.487,,,Timing OFF,914,,,,a,,2.042,,,point,SELECT
,0.774,,,Timing OFF,915,,,,a,,1.967,,,point,SELECT
,1.532,,,Timing OFF,917,,,,a,,1.019,,,point,SELECT
,0.497,,,Timing OFF,925,,,,a,,3.988,,,point,SELECT
,0.661,,,Timing OFF,928,,,,a,,1.05,,,point,SELECT
,0.532,,,Timing OFF,929,,,,a,,1.044,,,point,SELECT
,0.494,,,Timing OFF,930,,,,a,,1.105,,,point,SELECT
,0.453,,,Timing OFF,932,,,,a,,1.109,,,point,SELECT
,0.567,,,Timing OFF,933,,,,a,,1.035,,,point,SELECT
,0.501,,,Timing OFF,934,,,,a,,3.844,,,point,SELECT
,0.524,,,Timing OFF,935,,,,a,,1.032,,,point,SELECT
,0.586,,,Timing OFF,939,,,,a,,3.713,,,point,SELECT
,0.518,,,Timing OFF,944,,,,a,,2.029,,,point,SELECT
,2.994,,,Timing OFF,955,,,,a,,1.204,,,point,SELECT
,1.495,,,Timing OFF,960,,,,a,,1.038,,,point,SELECT
,0.515,,,Timing OFF,962,,,,a,,1.067,,,point,SELECT
,1.541,,,Timing OFF,966,,,,a,,2.846,,,point,SELECT
,0.494,,,Timing OFF,968,,,,a,,2.099,,,point,SELECT
,0.562,,,Timing OFF,969,,,,a,,2.202,,,point,SELECT
,1.592,,,Timing OFF,972,,,,a,,4.682,,,point,SELECT
,0.532,,,Timing OFF,975,,,,a,,3.959,,,point,SELECT
,0.545,,,Timing OFF,977,,,,a,,1.049,,,point,SELECT
,0.515,,,Timing OFF,979,,,,a,,2.06,,,point,SELECT
,0.496,,,Timing OFF,981,,,,a,,2.119,,,point,SELECT
,0.576,,,Timing OFF,985,,,,a,,1.023,,,point,SELECT
,0.508,,,Timing OFF,995,,,,a,,3.91,,,point,SELECT
,0.558,,,Timing OFF,997,,,,a,,3.921,,,point,SELECT
,0.509,,,Timing OFF,1000,,,,a,,3.846,,,point,SELECT
,0.543,,,Timing OFF,1001,,,,a,,1.032,,,point,SELECT
,0.502,,,Timing OFF,1003,,,,a,,2.08,,,point,SELECT
,0.567,,,Timing OFF,1004,,,,a,,1.03,,,point,SELECT
,0.552,,,Timing OFF,1006,,,,a,,1.033,,,point,SELECT
,0.469,,,Timing OFF,1008,,,,a,,6.761,,,point,SELECT
,0.988,,,Timing OFF,1014,,,,a,,1.197,,,point,SELECT
,0.508,,,Timing OFF,1017,,,,a,,1.07,,,point,SELECT
,1.533,,,Timing OFF,1018,,,,a,,5.619,,,point,SELECT
,0.567,,,Timing OFF,1019,,,,a,,6.26,,,point,SELECT
,0.572,,,Timing OFF,1025,,,,a,,1.113,,,point,SELECT
,0.461,,,Timing OFF,1031,,,,a,,1.161,,,point,SELECT
,0.578,,,Timing OFF,1037,,,,a,,1.035,,,point,SELECT
,0.569,,,Timing OFF,1041,,,,a,,2.037,,,point,SELECT
,0.485,,,Timing OFF,1044,,,,a,,2.265,,,point,SELECT
,0.513,,,Timing OFF,1048,,,,a,,1.068,,,point,SELECT
,2.739,,,Timing OFF,1049,,,,a,,1.695,,,point,SELECT
,0.513,,,Timing OFF,1050,,,,a,,3.671,,,point,SELECT
,0.543,,,Timing OFF,1053,,,,a,,2.11,,,point,SELECT
,0.535,,,Timing OFF,1058,,,,a,,1.036,,,point,SELECT
,0.545,,,Timing OFF,1059,,,,a,,1.067,,,point,SELECT
,0.559,,,Timing OFF,1063,,,,a,,3.799,,,point,SELECT
,0.52,,,Timing OFF,1065,,,,a,,8.74,,,point,SELECT
,0.562,,,Timing OFF,1066,,,,a,,1.036,,,point,SELECT
,0.506,,,Timing OFF,1067,,,,a,,3.818,,,point,SELECT
,0.572,,,Timing OFF,1068,,,,a,,2.045,,,point,SELECT
,0.604,,,Timing OFF,1072,,,,a,,1.994,,,point,SELECT
,0.561,,,Timing OFF,1073,,,,a,,3.722,,,point,SELECT
,0.462,,,Timing OFF,1076,,,,a,,3.856,,,point,SELECT
,0.516,,,Timing OFF,1080,,,,a,,4.974,,,point,SELECT
,0.588,,,Timing OFF,1082,,,,a,,1.041,,,point,SELECT
,0.466,,,Timing OFF,1084,,,,a,,3.684,,,point,SELECT
,0.457,,,Timing OFF,1088,,,,a,,4.029,,,point,SELECT
,0.495,,,Timing OFF,1089,,,,a,,5.11,,,point,SELECT
,0.575,,,Timing OFF,1090,,,,a,,1.033,,,point,SELECT
,0.463,,,Timing OFF,1091,,,,a,,4.03,,,point,SELECT
,0.544,,,Timing OFF,1094,,,,a,,3.84,,,point,SELECT
,0.726,,,Timing OFF,1097,,,,a,,2.042,,,point,SELECT
,0.53,,,Timing OFF,1100,,,,a,,1.049,,,point,SELECT
,0.668,,,Timing OFF,1101,,,,a,,1.044,,,point,SELECT
,0.46,,,Timing OFF,1105,,,,a,,1.106,,,point,SELECT
,0.533,,,Timing OFF,1112,,,,a,,1.041,,,point,SELECT
,0.496,,,Timing OFF,1115,,,,a,,8.375,,,point,SELECT
,0.541,,,Timing OFF,1125,,,,a,,1.074,,,point,SELECT
,0.586,,,Timing OFF,1126,,,,a,,4.695,,,point,SELECT
,1.701,,,Timing OFF,1130,,,,a,,1.033,,,point,SELECT
,0.461,,,Timing OFF,1131,,,,a,,1.164,,,point,SELECT
,0.497,,,Timing OFF,1134,,,,a,,3.955,,,point,SELECT
,0.528,,,Timing OFF,1135,,,,a,,3.813,,,point,SELECT
,0.5,,,Timing OFF,1136,,,,a,,1.083,,,point,SELECT
,1.542,,,Timing OFF,1140,,,,a,,2.799,,,point,SELECT
,0.562,,,Timing OFF,1141,,,,a,,1.996,,,point,SELECT
,0.579,,,Timing OFF,1145,,,,a,,2.228,,,point,SELECT
,1.483,,,Timing OFF,1146,,,,a,,1.037,,,point,SELECT
,0.503,,,Timing OFF,1154,,,,a,,2.04,,,point,SELECT
,0.46,,,Timing OFF,1155,,,,a,,1.115,,,point,SELECT
,0.501,,,Timing OFF,1156,,,,a,,4.057,,,point,SELECT
,0.526,,,Timing OFF,1158,,,,a,,1.04,,,point,SELECT
,0.521,,,Timing OFF,1161,,,,a,,0.997,,,point,SELECT
,0.578,,,Timing OFF,1164,,,,a,,3.694,,,point,SELECT
,1.582,,,Timing OFF,1166,,,,a,,1.029,,,point,SELECT
,0.51,,,Timing OFF,1168,,,,a,,3.422,,,point,SELECT
,0.513,,,Timing OFF,1173,,,,a,,1.103,,,point,SELECT
,0.508,,,Timing OFF,1175,,,,a,,3.793,,,point,SELECT
,0.459,,,Timing OFF,1176,,,,a,,14.367,,,point,SELECT
,0.563,,,Timing OFF,1177,,,,a,,1.033,,,point,SELECT
,0.511,,,Timing OFF,1180,,,,a,,12.797,,,point,SELECT
,0.569,,,Timing OFF,1181,,,,a,,1.032,,,point,SELECT
,0.562,,,Timing OFF,1183,,,,a,,1.041,,,point,SELECT
,0.457,,,Timing OFF,1189,,,,a,,3.947,,,point,SELECT
,0.554,,,Timing OFF,1190,,,,a,,3.726,,,point,SELECT
,0.499,,,Timing OFF,1192,,,,a,,3.759,,,point,SELECT
,0.553,,,Timing OFF,1194,,,,a,,5.514,,,point,SELECT
,1.585,,,Timing OFF,1196,,,,a,,1.032,,,point,SELECT
,1.871,,,Timing OFF,1199,,,,a,,2.445,,,point,SELECT
,0.519,,,Timing OFF,1201,,,,a,,1.038,,,point,SELECT
,0.752,,,Timing OFF,1202,,,,a,,2.055,,,point,SELECT
,0.593,,,Timing OFF,1203,,,,a,,8.793,,,point,SELECT
,1.479,,,Timing OFF,1207,,,,a,,1.037,,,point,SELECT
,0.464,,,Timing OFF,1208,,,,a,,1.104,,,point,SELECT
,0.542,,,Timing OFF,1209,,,,a,,1.02,,,point,SELECT
,0.577,,,Timing OFF,1211,,,,a,,3.739,,,point,SELECT
,0.515,,,Timing OFF,1213,,,,a,,1.051,,,point,SELECT
,0.502,,,Timing OFF,1214,,,,a,,3.833,,,point,SELECT
,0.535,,,Timing OFF,1216,,,,a,,3.633,,,point,SELECT
,0.471,,,Timing OFF,1219,,,,a,,3.901,,,point,SELECT
,0.467,,,Timing OFF,1221,,,,a,,3.752,,,point,SELECT
,0.497,,,Timing OFF,1222,,,,a,,1.108,,,point,SELECT
,0.562,,,Timing OFF,1229,,,,a,,3.933,,,point,SELECT
,0.484,,,Timing OFF,1234,,,,a,,1.105,,,point,SELECT
,0.554,,,Timing OFF,1235,,,,a,,2.114,,,point,SELECT
,0.554,,,Timing OFF,1236,,,,a,,1.06,,,point,SELECT
,0.465,,,Timing OFF,1237,,,,a,,6.767,,,point,SELECT
,0.557,,,Timing OFF,1238,,,,a,,1.027,,,point,SELECT
,0.574,,,Timing OFF,1239,,,,a,,3.67,,,point,SELECT
,0.453,,,Timing OFF,1240,,,,a,,2.122,,,point,SELECT
,0.547,,,Timing OFF,1243,,,,a,,3.663,,,point,SELECT
,0.566,,,Timing OFF,1249,,,,a,,5.713,,,point,SELECT
,4.609,,,Timing OFF,1250,,,,a,,1.047,,,point,SELECT
,0.55,,,Timing OFF,1251,,,,a,,2.0,,,point,SELECT
,0.498,,,Timing OFF,1252,,,,a,,1.116,,,point,SELECT
,0.563,,,Timing OFF,1253,,,,a,,1.033,,,point,SELECT
,0.501,,,Timing OFF,1257,,,,a,,2.016,,,point,SELECT
,2.69,,,Timing OFF,1261,,,,a,,7.412,,,point,SELECT
,0.561,,,Timing OFF,1262,,,,a,,5.075,,,point,SELECT
,3.55,,,Timing OFF,1269,,,,a,,1.102,,,point,SELECT
,0.582,,,Timing OFF,1271,,,,a,,3.718,,,point,SELECT
,0.575,,,Timing OFF,1272,,,,a,,1.033,,,point,SELECT
,0.527,,,Timing OFF,1274,,,,a,,2.099,,,point,SELECT
,0.524,,,Timing OFF,1276,,,,a,,2.04,,,point,SELECT
,0.514,,,Timing OFF,1277,,,,a,,6.771,,,point,SELECT
,0.452,,,Timing OFF,1281,,,,a,,2.308,,,point,SELECT
,1.504,,,Timing OFF,1283,,,,a,,1.088,,,point,SELECT
,0.51,,,Timing OFF,1284,,,,a,,1.108,,,point,SELECT
,1.529,,,Timing OFF,1285,,,,a,,2.807,,,point,SELECT
,0.499,,,Timing OFF,1286,,,,a,,3.846,,,point,SELECT
,0.455,,,Timing OFF,1288,,,,a,,8.644,,,point,SELECT
,0.505,,,Timing OFF,1289,,,,a,,3.8,,,point,SELECT
,0.542,,,Timing OFF,1292,,,,a,,2.065,,,point,SELECT
,0.578,,,Timing OFF,1297,,,,a,,0.953,,,point,SELECT
,0.534,,,Timing OFF,1301,,,,a,,1.045,,,point,SELECT
,0.498,,,Timing OFF,1302,,,,a,,1.059,,,point,SELECT
,3.188,,,Timing OFF,1303,,,,a,,1.182,,,point,SELECT
,0.576,,,Timing OFF,1314,,,,a,,1.026,,,point,SELECT
,0.461,,,Timing OFF,1317,,,,a,,3.654,,,point,SELECT
,0.493,,,Timing OFF,1319,,,,a,,13.072,,,point,SELECT
,0.551,,,Timing OFF,1326,,,,a,,3.301,,,point,SELECT
,0.561,,,Timing OFF,1328,,,,a,,3.748,,,point,SELECT
,0.543,,,Timing OFF,1330,,,,a,,1.029,,,point,SELECT
,1.574,,,Timing OFF,1332,,,,a,,2.613,,,point,SELECT
,0.622,,,Timing OFF,1336,,,,a,,4.711,,,point,SELECT
,0.568,,,Timing OFF,1349,,,,a,,1.039,,,point,SELECT
,0.509,,,Timing OFF,1352,,,,a,,3.842,,,point,SELECT
,0.54,,,Timing OFF,1353,,,,a,,2.049,,,point,SELECT
,0.569,,,Timing OFF,1363,,,,a,,18.276,,,point,SELECT
,1.49,,,Timing OFF,1369,,,,a,,2.756,,,point,SELECT
,0.625,,,Timing OFF,1370,,,,a,,1.035,,,point,SELECT
,0.466,,,Timing OFF,1373,,,,a,,3.664,,,point,SELECT
,0.505,,,Timing OFF,1376,,,,a,,1.109,,,point,SELECT
,0.554,,,Timing OFF,1377,,,,a,,4.008,,,point,SELECT
,0.49,,,Timing OFF,1387,,,,a,,1.102,,,point,SELECT
,0.557,,,Timing OFF,1390,,,,a,,2.024,,,point,SELECT
,0.507,,,Timing OFF,1396,,,,a,,3.72,,,point,SELECT
,0.575,,,Timing OFF,1399,,,,a,,1.044,,,point,SELECT
,0.497,,,Timing OFF,1401,,,,a,,1.078,,,point,SELECT
,0.575,,,Timing OFF,1406,,,,a,,1.03,,,point,SELECT
,1.501,,,Timing OFF,1407,,,,a,,5.179,,,point,SELECT
,0.505,,,Timing OFF,1411,,,,a,,2.041,,,point,SELECT
,0.574,,,Timing OFF,1414,,,,a,,3.763,,,point,SELECT
,1.54,,,Timing OFF,1418,,,,a,,1.019,,,point,SELECT
,0.524,,,Timing OFF,1421,,,,a,,12.199,,,point,SELECT
,1.614,,,Timing OFF,1422,,,,a,,1.033,,,point,SELECT
,0.573,,,Timing OFF,1423,,,,a,,7.937,,,point,SELECT
,0.578,,,Timing OFF,1424,,,,a,,8.71,,,point,SELECT
,4.548,,,Timing OFF,1425,,,,a,,2.319,,,point,SELECT
,0.463,,,Timing OFF,1426,,,,a,,1.094,,,point,SELECT
,0.576,,,Timing OFF,1432,,,,a,,1.021,,,point,SELECT
,0.453,,,Timing OFF,1433,,,,a,,1.102,,,point,SELECT
,0.514,,,Timing OFF,1440,,,,a,,3.796,,,point,SELECT
,0.502,,,Timing OFF,1445,,,,a,,2.865,,,point,SELECT
,0.45,,,Timing OFF,1447,,,,a,,1.109,,,point,SELECT
,0.503,,,Timing OFF,1449,,,,a,,1.109,,,point,SELECT
,1.825,,,Timing OFF,1450,,,,a,,4.806,,,point,SELECT
,0.564,,,Timing OFF,1451,,,,a,,1.961,,,point,SELECT
,0.58,,,Timing OFF,1454,,,,a,,3.817,,,point,SELECT
,0.518,,,Timing OFF,1455,,,,a,,2.049,,,point,SELECT
,0.545,,,Timing OFF,1457,,,,a,,1.015,,,point,SELECT
,0.574,,,Timing OFF,1460,,,,a,,12.878,,,point,SELECT
,0.485,,,Timing OFF,1463,,,,a,,1.1,,,point,SELECT
,0.508,,,Timing OFF,1464,,,,a,,1.102,,,point,SELECT
,1.571,,,Timing OFF,1466,,,,a,,1.014,,,point,SELECT
,0.553,,,Timing OFF,1467,,,,a,,1.976,,,point,SELECT
,0.461,,,Timing OFF,1472,,,,a,,4.892,,,point,SELECT
,0.587,,,Timing OFF,1477,,,,a,,3.721,,,point,SELECT
,0.496,,,Timing OFF,1478,,,,a,,1.1,,,point,SELECT
,0.558,,,Timing OFF,1480,,,,a,,6.522,,,point,SELECT
,0.462,,,Timing OFF,1482,,,,a,,2.688,,,point,SELECT
,0.5,,,Timing OFF,1484,,,,a,,3.906,,,point,SELECT
,0.568,,,Timing OFF,1486,,,,a,,1.037,,,point,SELECT
,0.504,,,Timing OFF,1490,,,,a,,12.091,,,point,SELECT
,0.459,,,Timing OFF,1494,,,,a,,3.782,,,point,SELECT
,1.563,,,Timing OFF,1499,,,,a,,1.035,,,point,SELECT
,1.517,,,Timing OFF,1503,,,,a,,1.102,,,point,SELECT
,0.469,,,Timing OFF,1508,,,,a,,1.105,,,point,SELECT
,0.705,,,Timing OFF,1510,,,,a,,1.274,,,point,SELECT
,0.535,,,Timing OFF,1511,,,,a,,1.033,,,point,SELECT
,0.608,,,Timing OFF,1513,,,,a,,1.084,,,point,SELECT
,0.497,,,Timing OFF,1514,,,,a,,2.061,,,point,SELECT
,0.522,,,Timing OFF,1515,,,,a,,3.671,,,point,SELECT
,0.517,,,Timing OFF,1520,,,,a,,3.656,,,point,SELECT
,0.539,,,Timing OFF,1524,,,,a,,8.322,,,point,SELECT
,0.558,,,Timing OFF,1529,,,,a,,1.054,,,point,SELECT
,0.574,,,Timing OFF,1540,,,,a,,1.037,,,point,SELECT
,0.542,,,Timing OFF,1542,,,,a,,1.033,,,point,SELECT
,0.533,,,Timing OFF,1544,,,,a,,3.883,,,point,SELECT
,0.508,,,Timing OFF,1546,,,,a,,3.842,,,point,SELECT
,0.632,,,Timing OFF,1547,,,,a,,1.002,,,point,SELECT
,0.5,,,Timing OFF,1552,,,,a,,3.798,,,point,SELECT
,0.511,,,Timing OFF,1555,,,,a,,3.749,,,point,SELECT
,0.465,,,Timing OFF,1559,,,,a,,2.261,,,point,SELECT
,0.459,,,Timing OFF,1561,,,,a,,2.266,,,point,SELECT
,0.496,,,Timing OFF,1568,,,,a,,2.114,,,point,SELECT
,1.537,,,Timing OFF,1574,,,,a,,1.043,,,point,SELECT
,0.564,,,Timing OFF,1579,,,,a,,2.043,,,point,SELECT
,0.755,,,Timing OFF,1582,,,,a,,2.041,,,point,SELECT
,1.918,,,Timing OFF,1584,,,,a,,2.952,,,point,SELECT
,0.505,,,Timing OFF,1586,,,,a,,1.109,,,point,SELECT
,0.496,,,Timing OFF,1588,,,,a,,8.45,,,point,SELECT
,0.546,,,Timing OFF,1589,,,,a,,1.998,,,point,SELECT
,0.493,,,Timing OFF,1590,,,,a,,1.11,,,point,SELECT
,0.562,,,Timing OFF,1592,,,,a,,1.036,,,point,SELECT
,0.492,,,Timing OFF,1596,,,,a,,2.122,,,point,SELECT
,0.533,,,Timing OFF,1597,,,,a,,10.186,,,point,SELECT
,0.518,,,Timing OFF,1601,,,,a,,4.842,,,point,SELECT
,0.557,,,Timing OFF,1602,,,,a,,2.221,,,point,SELECT
,1.573,,,Timing OFF,1611,,,,a,,1.039,,,point,SELECT
,0.492,,,Timing OFF,1614,,,,a,,2.053,,,point,SELECT
,0.559,,,Timing OFF,1616,,,,a,,3.606,,,point,SELECT
,0.581,,,Timing OFF,1617,,,,a,,3.003,,,point,SELECT
,0.458,,,Timing OFF,1619,,,,a,,1.106,,,point,SELECT
,0.565,,,Timing OFF,1620,,,,a,,5.631,,,point,SELECT
,0.585,,,Timing OFF,1621,,,,a,,1.956,,,point,SELECT
,0.503,,,Timing OFF,1623,,,,a,,3.79,,,point,SELECT
,0.461,,,Timing OFF,1626,,,,a,,3.94,,,point,SELECT
,0.557,,,Timing OFF,1628,,,,a,,8.53,,,point,SELECT
,0.548,,,Timing OFF,1632,,,,a,,2.111,,,point,SELECT
,0.493,,,Timing OFF,1633,,,,a,,17.967,,,point,SELECT
,0.532,,,Timing OFF,1635,,,,a,,12.864,,,point,SELECT
,0.453,,,Timing OFF,1638,,,,a,,1.162,,,point,SELECT
,1.525,,,Timing OFF,1640,,,,a,,1.023,,,point,SELECT
,0.624,,,Timing OFF,1641,,,,a,,0.989,,,point,SELECT
,0.543,,,Timing OFF,1642,,,,a,,12.705,,,point,SELECT
,0.548,,,Timing OFF,1644,,,,a,,3.47,,,point,SELECT
,0.555,,,Timing OFF,1650,,,,a,,3.813,,,point,SELECT
,0.535,,,Timing OFF,1654,,,,a,,3.844,,,point,SELECT
,0.584,,,Timing OFF,1657,,,,a,,1.035,,,point,SELECT
,0.681,,,Timing OFF,1658,,,,a,,1.031,,,point,SELECT
,0.486,,,Timing OFF,1661,,,,a,,8.807,,,point,SELECT
,0.487,,,Timing OFF,1662,,,,a,,9.802,,,point,SELECT
,0.483,,,Timing OFF,1666,,,,a,,1.097,,,point,SELECT
,0.565,,,Timing OFF,1669,,,,a,,2.187,,,point,SELECT
,0.534,,,Timing OFF,1673,,,,a,,3.791,,,point,SELECT
,0.523,,,Timing OFF,1674,,,,a,,1.008,,,point,SELECT
,0.466,,,Timing OFF,1675,,,,a,,2.741,,,point,SELECT
,0.573,,,Timing OFF,1677,,,,a,,3.781,,,point,SELECT
,0.439,,,Timing OFF,1678,,,,a,,1.109,,,point,SELECT
,0.506,,,Timing OFF,1680,,,,a,,1.106,,,point,SELECT
,0.457,,,Timing OFF,1681,,,,a,,1.11,,,point,SELECT
,0.568,,,Timing OFF,1682,,,,a,,3.759,,,point,SELECT
,0.565,,,Timing OFF,1685,,,,a,,3.708,,,point,SELECT
,0.669,,,Timing OFF,1702,,,,a,,0.959,,,point,SELECT
,0.518,,,Timing OFF,1703,,,,a,,3.596,,,point,SELECT
,0.502,,,Timing OFF,1705,,,,a,,1.108,,,point,SELECT
,0.604,,,Timing OFF,1706,,,,a,,2.082,,,point,SELECT
,0.587,,,Timing OFF,1711,,,,a,,2.407,,,point,SELECT
,0.494,,,Timing OFF,1712,,,,a,,1.151,,,point,SELECT
,0.516,,,Timing OFF,1715,,,,a,,3.918,,,point,SELECT
,0.501,,,Timing OFF,1716,,,,a,,1.103,,,point,SELECT
,0.46,,,Timing OFF,1717,,,,a,,1.111,,,point,SELECT
,0.53,,,Timing OFF,1718,,,,a,,12.211,,,point,SELECT
,0.462,,,Timing OFF,1727,,,,a,,4.036,,,point,SELECT
,0.558,,,Timing OFF,1731,,,,a,,1.035,,,point,SELECT
,0.505,,,Timing OFF,1732,,,,a,,3.868,,,point,SELECT
,0.565,,,Timing OFF,1737,,,,a,,3.814,,,point,SELECT
,0.579,,,Timing OFF,1743,,,,a,,3.863,,,point,SELECT
,0.566,,,Timing OFF,1745,,,,a,,3.724,,,point,SELECT
,1.587,,,Timing OFF,1753,,,,a,,1.031,,,point,SELECT
,1.59,,,Timing OFF,1759,,,,a,,1.025,,,point,SELECT
,0.548,,,Timing OFF,1764,,,,a,,1.05,,,point,SELECT
,0.686,,,Timing OFF,1771,,,,a,,1.023,,,point,SELECT
,0.506,,,Timing OFF,1774,,,,a,,1.093,,,point,SELECT
,0.504,,,Timing OFF,1775,,,,a,,13.128,,,point,SELECT
,0.573,,,Timing OFF,1776,,,,a,,2.167,,,point,SELECT
,0.536,,,Timing OFF,1777,,,,a,,3.697,,,point,SELECT
,0.577,,,Timing OFF,1778,,,,a,,1.042,,,point,SELECT
,0.497,,,Timing OFF,1781,,,,a,,1.107,,,point,SELECT
,0.491,,,Timing OFF,1783,,,,a,,2.259,,,point,SELECT
,0.466,,,Timing OFF,1786,,,,a,,3.908,,,point,SELECT
,0.574,,,Timing OFF,1788,,,,a,,1.044,,,point,SELECT
,0.659,,,Timing OFF,1790,,,,a,,3.919,,,point,SELECT
,0.544,,,Timing OFF,1797,,,,a,,1.035,,,point,SELECT
,0.509,,,Timing OFF,1800,,,,a,,2.239,,,point,SELECT
,0.458,,,Timing OFF,1808,,,,a,,1.107,,,point,SELECT
,1.592,,,Timing OFF,1809,,,,a,,2.776,,,point,SELECT
,0.46,,,Timing OFF,1812,,,,a,,5.366,,,point,SELECT
,0.516,,,Timing OFF,1814,,,,a,,3.886,,,point,SELECT
,0.676,,,Timing OFF,1819,,,,a,,2.043,,,point,SELECT
,0.47,,,Timing OFF,1823,,,,a,,12.268,,,point,SELECT
,1.81,,,Timing OFF,1825,,,,a,,2.421,,,point,SELECT
,0.53,,,Timing OFF,1826,,,,a,,1.038,,,point,SELECT
,0.589,,,Timing OFF,1827,,,,a,,2.092,,,point,SELECT
,0.579,,,Timing OFF,1829,,,,a,,3.775,,,point,SELECT
,0.516,,,Timing OFF,1831,,,,a,,3.942,,,point,SELECT
,0.575,,,Timing OFF,1837,,,,a,,9.728,,,point,SELECT
,0.566,,,Timing OFF,1844,,,,a,,1.026,,,point,SELECT
,0.543,,,Timing OFF,1850,,,,a,,3.355,,,point,SELECT
,1.493,,,Timing OFF,1853,,,,a,,0.957,,,point,SELECT
,0.551,,,Timing OFF,1854,,,,a,,1.99,,,point,SELECT
,0.488,,,Timing OFF,1858,,,,a,,1.103,,,point,SELECT
,0.452,,,Timing OFF,1862,,,,a,,1.115,,,point,SELECT
,0.575,,,Timing OFF,1865,,,,a,,3.663,,,point,SELECT
,0.5,,,Timing OFF,1868,,,,a,,2.091,,,point,SELECT
,0.595,,,Timing OFF,1871,,,,a,,1.054,,,point,SELECT
,0.548,,,Timing OFF,1872,,,,a,,1.055,,,point,SELECT
,1.583,,,Timing OFF,1874,,,,a,,2.84,,,point,SELECT
,0.509,,,Timing OFF,1876,,,,a,,1.058,,,point,SELECT
,0.552,,,Timing OFF,1883,,,,a,,1.033,,,point,SELECT
,0.523,,,Timing OFF,1884,,,,a,,2.022,,,point,SELECT
,0.545,,,Timing OFF,1887,,,,a,,3.793,,,point,SELECT
,0.537,,,Timing OFF,1888,,,,a,,11.284,,,point,SELECT
,0.555,,,Timing OFF,1891,,,,a,,3.802,,,point,SELECT
,0.58,,,Timing OFF,1895,,,,a,,3.744,,,point,SELECT
,1.546,,,Timing OFF,1905,,,,a,,4.944,,,point,SELECT
,0.568,,,Timing OFF,1908,,,,a,,3.669,,,point,SELECT
,0.563,,,Timing OFF,1913,,,,a,,3.756,,,point,SELECT
,0.509,,,Timing OFF,1914,,,,a,,6.252,,,point,SELECT
,0.523,,,Timing OFF,1916,,,,a,,1.03,,,point,SELECT
,1.567,,,Timing OFF,1918,,,,a,,1.03,,,point,SELECT
,0.505,,,Timing OFF,1923,,,,a,,5.337,,,point,SELECT
,0.49,,,Timing OFF,1924,,,,a,,2.089,,,point,SELECT
,0.504,,,Timing OFF,1925,,,,a,,3.718,,,point,SELECT
,0.572,,,Timing OFF,1928,,,,a,,2.175,,,point,SELECT
,0.452,,,Timing OFF,1929,,,,a,,2.126,,,point,SELECT
,0.508,,,Timing OFF,1930,,,,a,,4.986,,,point,SELECT
,0.552,,,Timing OFF,1933,,,,a,,1.03,,,point,SELECT
,0.491,,,Timing OFF,1934,,,,a,,1.104,,,point,SELECT
,0.588,,,Timing OFF,1935,,,,a,,1.975,,,point,SELECT
,0.559,,,Timing OFF,1937,,,,a,,1.955,,,point,SELECT
,1.596,,,Timing OFF,1939,,,,a,,1.032,,,point,SELECT
,0.575,,,Timing OFF,1940,,,,a,,3.647,,,point,SELECT
,0.491,,,Timing OFF,1941,,,,a,,1.101,,,point,SELECT
,0.514,,,Timing OFF,1947,,,,a,,3.798,,,point,SELECT
,0.498,,,Timing OFF,1951,,,,a,,4.023,,,point,SELECT
,0.601,,,Timing OFF,1961,,,,a,,1.045,,,point,SELECT
,0.569,,,Timing OFF,1962,,,,a,,1.042,,,point,SELECT
,2.852,,,Timing OFF,1966,,,,a,,1.647,,,point,SELECT
,0.701,,,Timing OFF,1969,,,,a,,2.005,,,point,SELECT
,0.554,,,Timing OFF,1975,,,,a,,2.018,,,point,SELECT
,0.523,,,Timing OFF,1977,,,,a,,1.012,,,point,SELECT
,0.574,,,Timing OFF,1981,,,,a,,3.672,,,point,SELECT
,0.493,,,Timing OFF,1991,,,,a,,2.198,,,point,SELECT
,1.795,,,Timing OFF,1995,,,,a,,1.148,,,point,SELECT
,0.498,,,Timing OFF,1997,,,,a,,1.104,,,point,SELECT
,0.493,,,Timing OFF,1998,,,,a,,2.092,,,point,SELECT
,0.531,,,Timing OFF,2001,,,,a,,3.877,,,point,SELECT
,2.086,,,Timing OFF,2003,,,,a,,1.058,,,point,SELECT
,0.461,,,Timing OFF,2007,,,,a,,1.092,,,point,SELECT
,0.526,,,Timing OFF,2009,,,,a,,2.039,,,point,SELECT
,1.569,,,Timing OFF,2016,,,,a,,2.683,,,point,SELECT
,0.576,,,Timing OFF,2020,,,,a,,2.012,,,point,SELECT
,0.518,,,Timing OFF,2022,,,,a,,1.021,,,point,SELECT
,0.576,,,Timing OFF,2028,,,,a,,3.679,,,point,SELECT
,0.508,,,Timing OFF,2035,,,,a,,3.838,,,point,SELECT
,0.572,,,Timing OFF,2036,,,,a,,1.965,,,point,SELECT
,0.458,,,Timing OFF,2038,,,,a,,3.913,,,point,SELECT
,0.551,,,Timing OFF,2040,,,,a,,1.986,,,point,SELECT
,1.566,,,Timing OFF,2041,,,,a,,1.034,,,point,SELECT
,0.552,,,Timing OFF,2042,,,,a,,3.599,,,point,SELECT
,0.539,,,Timing OFF,2045,,,,a,,2.062,,,point,SELECT
,0.75,,,Timing OFF,2050,,,,a,,5.606,,,point,SELECT
,0.571,,,Timing OFF,2051,,,,a,,1.036,,,point,SELECT
,0.553,,,Timing OFF,2055,,,,a,,1.052,,,point,SELECT
,0.536,,,Timing OFF,2057,,,,a,,1.047,,,point,SELECT
,0.536,,,Timing OFF,2058,,,,a,,9.667,,,point,SELECT
,0.567,,,Timing OFF,2059,,,,a,,2.008,,,point,SELECT
,3.132,,,Timing OFF,2064,,,,a,,1.196,,,point,SELECT
,0.545,,,Timing OFF,2066,,,,a,,1.036,,,point,SELECT
,1.532,,,Timing OFF,2075,,,,a,,5.047,,,point,SELECT
,0.541,,,Timing OFF,2080,,,,a,,12.676,,,point,SELECT
,1.614,,,Timing OFF,2083,,,,a,,1.039,,,point,SELECT
,0.559,,,Timing OFF,2084,,,,a,,3.752,,,point,SELECT
,0.571,,,Timing OFF,2085,,,,a,,6.764,,,point,SELECT
,0.495,,,Timing OFF,2090,,,,a,,1.118,,,point,SELECT
,0.499,,,Timing OFF,2091,,,,a,,2.075,,,point,SELECT
,0.511,,,Timing OFF,2092,,,,a,,1.113,,,point,SELECT
,0.485,,,Timing OFF,2093,,,,a,,1.101,,,point,SELECT
,0.544,,,Timing OFF,2094,,,,a,,1.004,,,point,SELECT
,0.542,,,Timing OFF,2097,,,,a,,1.03,,,point,SELECT
,0.502,,,Timing OFF,2098,,,,a,,2.15,,,point,SELECT
,4.61,,,Timing OFF,2099,,,,a,,2.238,,,point,SELECT
,0.546,,,Timing OFF,2100,,,,a,,21.497,,,point,SELECT
,0.506,,,Timing OFF,2103,,,,a,,4.706,,,point,SELECT
,0.526,,,Timing OFF,2106,,,,a,,1.032,,,point,SELECT
,0.447,,,Timing OFF,2108,,,,a,,1.103,,,point,SELECT
,1.582,,,Timing OFF,2112,,,,a,,2.668,,,point,SELECT
,0.534,,,Timing OFF,2115,,,,a,,3.843,,,point,SELECT
,0.535,,,Timing OFF,2116,,,,a,,4.298,,,point,SELECT
,0.519,,,Timing OFF,2119,,,,a,,1.043,,,point,SELECT
,0.496,,,Timing OFF,2122,,,,a,,2.068,,,point,SELECT
,0.506,,,Timing OFF,2123,,,,a,,3.805,,,point,SELECT
,0.519,,,Timing OFF,2126,,,,a,,1.04,,,point,SELECT
,0.579,,,Timing OFF,2129,,,,a,,1.025,,,point,SELECT
,0.575,,,Timing OFF,2131,,,,a,,1.028,,,point,SELECT
,0.466,,,Timing OFF,2144,,,,a,,1.099,,,point,SELECT
,0.517,,,Timing OFF,2145,,,,a,,3.783,,,point,SELECT
,0.574,,,Timing OFF,2146,,,,a,,8.727,,,point,SELECT
,0.557,,,Timing OFF,2148,,,,a,,2.047,,,point,SELECT
,0.647,,,Timing OFF,2150,,,,a,,2.1,,,point,SELECT
,0.503,,,Timing OFF,2153,,,,a,,3.619,,,point,SELECT
,1.504,,,Timing OFF,2154,,,,a,,1.077,,,point,SELECT
,1.535,,,Timing OFF,2157,,,,a,,1.086,,,point,SELECT
,0.571,,,Timing OFF,2160,,,,a,,3.751,,,point,SELECT
,0.487,,,Timing OFF,2173,,,,a,,2.778,,,point,SELECT
,0.498,,,Timing OFF,2176,,,,a,,1.11,,,point,SELECT
,0.501,,,Timing OFF,2185,,,,a,,3.86,,,point,SELECT
,0.456,,,Timing OFF,2188,,,,a,,2.186,,,point,SELECT
,1.57,,,Timing OFF,2189,,,,a,,8.748,,,point,SELECT
,0.581,,,Timing OFF,2190,,,,a,,3.989,,,point,SELECT
,4.633,,,Timing OFF,2200,,,,a,,2.058,,,point,SELECT
,0.571,,,Timing OFF,2201,,,,a,,1.043,,,point,SELECT
,0.492,,,Timing OFF,2203,,,,a,,1.108,,,point,SELECT
,0.538,,,Timing OFF,2204,,,,a,,3.561,,,point,SELECT
,0.498,,,Timing OFF,2205,,,,a,,1.121,,,point,SELECT
,1.565,,,Timing OFF,2213,,,,a,,1.035,,,point,SELECT
,0.599,,,Timing OFF,2221,,,,a,,1.163,,,point,SELECT
,0.527,,,Timing OFF,2222,,,,a,,1.03,,,point,SELECT
,1.486,,,Timing OFF,2224,,,,a,,5.2,,,point,SELECT
,0.504,,,Timing OFF,2225,,,,a,,2.076,,,point,SELECT
,0.5,,,Timing OFF,2229,,,,a,,1.11,,,point,SELECT
,0.527,,,Timing OFF,2230,,,,a,,3.845,,,point,SELECT
,1.533,,,Timing OFF,2233,,,,a,,0.974,,,point,SELECT
,1.539,,,Timing OFF,2236,,,,a,,1.04,,,point,SELECT
,0.578,,,Timing OFF,2237,,,,a,,3.799,,,point,SELECT
,0.58,,,Timing OFF,2239,,,,a,,4.274,,,point,SELECT
,0.465,,,Timing OFF,2243,,,,a,,3.851,,,point,SELECT
,0.497,,,Timing OFF,2245,,,,a,,1.098,,,point,SELECT
,0.521,,,Timing OFF,2247,,,,a,,1.043,,,point,SELECT
,0.497,,,Timing OFF,2251,,,,a,,3.93,,,point,SELECT
,0.483,,,Timing OFF,2252,,,,a,,1.087,,,point,SELECT
,1.583,,,Timing OFF,2253,,,,a,,4.387,,,point,SELECT
,0.531,,,Timing OFF,2254,,,,a,,1.044,,,point,SELECT
,0.496,,,Timing OFF,2258,,,,a,,1.098,,,point,SELECT
,0.49,,,Timing OFF,2259,,,,a,,2.066,,,point,SELECT
,0.511,,,Timing OFF,2260,,,,a,,3.834,,,point,SELECT
,0.526,,,Timing OFF,2263,,,,a,,1.045,,,point,SELECT
,0.568,,,Timing OFF,2268,,,,a,,1.043,,,point,SELECT
,0.447,,,Timing OFF,2271,,,,a,,1.081,,,point,SELECT
,0.593,,,Timing OFF,2272,,,,a,,2.117,,,point,SELECT
,0.518,,,Timing OFF,2274,,,,a,,1.033,,,point,SELECT
,1.502,,,Timing OFF,2278,,,,a,,1.103,,,point,SELECT
,0.577,,,Timing OFF,2283,,,,a,,3.663,,,point,SELECT
,1.63,,,Timing OFF,2286,,,,a,,1.03,,,point,SELECT
,0.556,,,Timing OFF,2288,,,,a,,1.001,,,point,SELECT
,0.553,,,Timing OFF,2293,,,,a,,3.453,,,point,SELECT
,2.676,,,Timing OFF,2296,,,,a,,1.186,,,point,SELECT
,0.584,,,Timing OFF,2297,,,,a,,3.603,,,point,SELECT
,0.54,,,Timing OFF,2299,,,,a,,1.042,,,point,SELECT
,0.535,,,Timing OFF,2300,,,,a,,3.758,,,point,SELECT
,0.543,,,Timing OFF,2303,,,,a,,1.044,,,point,SELECT
,0.548,,,Timing OFF,2305,,,,a,,3.692,,,point,SELECT
,0.502,,,Timing OFF,2313,,,,a,,2.17,,,point,SELECT
,0.506,,,Timing OFF,2319,,,,a,,1.152,,,point,SELECT
,0.528,,,Timing OFF,2323,,,,a,,2.294,,,point,SELECT
,0.577,,,Timing OFF,2325,,,,a,,2.005,,,point,SELECT
,0.454,,,Timing OFF,2329,,,,a,,1.103,,,point,SELECT
,0.462,,,Timing OFF,2331,,,,a,,1.112,,,point,SELECT
,0.506,,,Timing OFF,2335,,,,a,,3.863,,,point,SELECT
,1.669,,,Timing OFF,2336,,,,a,,1.029,,,point,SELECT
,0.509,,,Timing OFF,2339,,,,a,,12.039,,,point,SELECT
,0.533,,,Timing OFF,2342,,,,a,,3.854,,,point,SELECT
,0.532,,,Timing OFF,2343,,,,a,,1.028,,,point,SELECT
,1.556,,,Timing OFF,2347,,,,a,,1.024,,,point,SELECT
,0.466,,,Timing OFF,2352,,,,a,,3.869,,,point,SELECT
,0.499,,,Timing OFF,2359,,,,a,,3.896,,,point,SELECT
,0.531,,,Timing OFF,2361,,,,a,,3.746,,,point,SELECT
,0.5,,,Timing OFF,2363,,,,a,,2.18,,,point,SELECT
,0.511,,,Timing OFF,2366,,,,a,,6.014,,,point,SELECT
,0.491,,,Timing OFF,2368,,,,a,,2.069,,,point,SELECT
,0.507,,,Timing OFF,2369,,,,a,,3.714,,,point,SELECT
,0.576,,,Timing OFF,2373,,,,a,,3.804,,,point,SELECT
,1.614,,,Timing OFF,2375,,,,a,,1.062,,,point,SELECT
,0.492,,,Timing OFF,2377,,,,a,,1.081,,,point,SELECT
,0.573,,,Timing OFF,2378,,,,a,,1.035,,,point,SELECT
,0.489,,,Timing OFF,2380,,,,a,,2.048,,,point,SELECT
,0.569,,,Timing OFF,2381,,,,a,,1.027,,,point,SELECT
,0.523,,,Timing OFF,2383,,,,a,,1.023,,,point,SELECT
,0.531,,,Timing OFF,2385,,,,a,,8.694,,,point,SELECT
,0.511,,,Timing OFF,2387,,,,a,,8.664,,,point,SELECT
,0.545,,,Timing OFF,2388,,,,a,,2.156,,,point,SELECT
,2.736,,,Timing OFF,2389,,,,a,,1.672,,,point,SELECT
,0.495,,,Timing OFF,2393,,,,a,,1.102,,,point,SELECT
,0.566,,,Timing OFF,2395,,,,a,,2.002,,,point,SELECT
,0.583,,,Timing OFF,2397,,,,a,,3.996,,,point,SELECT
,0.451,,,Timing OFF,2398,,,,a,,1.094,,,point,SELECT
,0.551,,,Timing OFF,2400,,,,a,,2.032,,,point,SELECT
,0.498,,,Timing OFF,2401,,,,a,,1.059,,,point,SELECT
,0.526,,,Timing OFF,2406,,,,a,,3.757,,,point,SELECT
,0.525,,,Timing OFF,2407,,,,a,,1.034,,,point,SELECT
,0.641,,,Timing OFF,2412,,,,a,,1.032,,,point,SELECT
,0.632,,,Timing OFF,2417,,,,a,,2.051,,,point,SELECT
,0.499,,,Timing OFF,2418,,,,a,,1.118,,,point,SELECT
,1.601,,,Timing OFF,2420,,,,a,,0.986,,,point,SELECT
,0.562,,,Timing OFF,2422,,,,a,,1.036,,,point,SELECT
,0.573,,,Timing OFF,2428,,,,a,,3.628,,,point,SELECT
,0.537,,,Timing OFF,2429,,,,a,,1.043,,,point,SELECT
,0.578,,,Timing OFF,2430,,,,a,,8.621,,,point,SELECT
,0.569,,,Timing OFF,2432,,,,a,,3.865,,,point,SELECT
,1.533,,,Timing OFF,2435,,,,a,,1.047,,,point,SELECT
,2.479,,,Timing OFF,2436,,,,a,,1.149,,,point,SELECT
,0.524,,,Timing OFF,2439,,,,a,,1.032,,,point,SELECT
,0.535,,,Timing OFF,2440,,,,a,,1.037,,,point,SELECT
,0.573,,,Timing OFF,2443,,,,a,,4.809,,,point,SELECT
,0.524,,,Timing OFF,2446,,,,a,,1.019,,,point,SELECT
,0.577,,,Timing OFF,2447,,,,a,,3.622,,,point,SELECT
,0.568,,,Timing OFF,2449,,,,a,,2.049,,,point,SELECT
,0.458,,,Timing OFF,2452,,,,a,,2.314,,,point,SELECT
,1.102,,,Timing OFF,2454,,,,a,,1.224,,,point,SELECT
,0.525,,,Timing OFF,2460,,,,a,,4.503,,,point,SELECT
,0.503,,,Timing OFF,2463,,,,a,,3.907,,,point,SELECT
,0.457,,,Timing OFF,2466,,,,a,,3.806,,,point,SELECT
,0.554,,,Timing OFF,2467,,,,a,,2.018,,,point,SELECT
,1.539,,,Timing OFF,2469,,,,a,,1.024,,,point,SELECT
,0.458,,,Timing OFF,2472,,,,a,,8.99,,,point,SELECT
,0.527,,,Timing OFF,2479,,,,a,,1.047,,,point,SELECT
,0.548,,,Timing OFF,2480,,,,a,,8.573,,,point,SELECT
,0.565,,,Timing OFF,2481,,,,a,,1.037,,,point,SELECT
,1.577,,,Timing OFF,2482,,,,a,,12.464,,,point,SELECT
,0.573,,,Timing OFF,2484,,,,a,,1.037,,,point,SELECT
,0.571,,,Timing OFF,2486,,,,a,,3.894,,,point,SELECT
,0.508,,,Timing OFF,2488,,,,a,,1.656,,,point,SELECT
,0.556,,,Timing OFF,2492,,,,a,,1.038,,,point,SELECT
,0.61,,,Timing OFF,2499,,,,a,,1.131,,,point,SELECT
,0.544,,,Timing OFF,2506,,,,a,,1.189,,,point,SELECT
,0.536,,,Timing OFF,2507,,,,a,,2.019,,,point,SELECT
,0.455,,,Timing OFF,2508,,,,a,,2.129,,,point,SELECT
,0.451,,,Timing OFF,2513,,,,a,,1.098,,,point,SELECT
,0.564,,,Timing OFF,2515,,,,a,,1.036,,,point,SELECT
,0.51,,,Timing OFF,2517,,,,a,,8.656,,,point,SELECT
,0.572,,,Timing OFF,2524,,,,a,,2.052,,,point,SELECT
,0.605,,,Timing OFF,2526,,,,a,,14.772,,,point,SELECT
,0.564,,,Timing OFF,2528,,,,a,,2.079,,,point,SELECT
,0.462,,,Timing OFF,2529,,,,a,,3.889,,,point,SELECT
,0.515,,,Timing OFF,2530,,,,a,,2.137,,,point,SELECT
,0.529,,,Timing OFF,2531,,,,a,,3.789,,,point,SELECT
,0.528,,,Timing OFF,2532,,,,a,,1.018,,,point,SELECT
,1.538,,,Timing OFF,2538,,,,a,,2.744,,,point,SELECT
,0.558,,,Timing OFF,2545,,,,a,,3.704,,,point,SELECT
,0.561,,,Timing OFF,2548,,,,a,,1.054,,,point,SELECT
,0.575,,,Timing OFF,2549,,,,a,,0.964,,,point,SELECT
,0.541,,,Timing OFF,2553,,,,a,,1.005,,,point,SELECT
,0.573,,,Timing OFF,2558,,,,a,,3.775,,,point,SELECT
,0.587,,,Timing OFF,2560,,,,a,,2.242,,,point,SELECT
,0.564,,,Timing OFF,2564,,,,a,,1.038,,,point,SELECT
,0.509,,,Timing OFF,2570,,,,a,,4.539,,,point,SELECT
,0.501,,,Timing OFF,2573,,,,a,,3.834,,,point,SELECT
,0.594,,,Timing OFF,2576,,,,a,,1.04,,,point,SELECT
,0.523,,,Timing OFF,2578,,,,a,,1.098,,,point,SELECT
,1.568,,,Timing OFF,2579,,,,a,,2.929,,,point,SELECT
,0.532,,,Timing OFF,2580,,,,a,,1.03,,,point,SELECT
,0.537,,,Timing OFF,2583,,,,a,,2.067,,,point,SELECT
,0.567,,,Timing OFF,2584,,,,a,,2.044,,,point,SELECT
,0.522,,,Timing OFF,2587,,,,a,,5.781,,,point,SELECT
,0.561,,,Timing OFF,2588,,,,a,,1.036,,,point,SELECT
,0.499,,,Timing OFF,2589,,,,a,,1.25,,,point,SELECT
,0.558,,,Timing OFF,2590,,,,a,,1.043,,,point,SELECT
,0.493,,,Timing OFF,2592,,,,a,,1.068,,,point,SELECT
,1.524,,,Timing OFF,2593,,,,a,,1.034,,,point,SELECT
,0.504,,,Timing OFF,2595,,,,a,,3.782,,,point,SELECT
,0.506,,,Timing OFF,2597,,,,a,,1.107,,,point,SELECT
,0.699,,,Timing OFF,2598,,,,a,,1.03,,,point,SELECT
,0.507,,,Timing OFF,2601,,,,a,,1.025,,,point,SELECT
,0.571,,,Timing OFF,2604,,,,a,,2.09,,,point,SELECT
,1.581,,,Timing OFF,2606,,,,a,,2.72,,,point,SELECT
,0.55,,,Timing OFF,2607,,,,a,,2.026,,,point,SELECT
,0.527,,,Timing OFF,2615,,,,a,,2.176,,,point,SELECT
,0.572,,,Timing OFF,2618,,,,a,,2.713,,,point,SELECT
,0.529,,,Timing OFF,2622,,,,a,,1.04,,,point,SELECT
,0.622,,,Timing OFF,2627,,,,a,,1.037,,,point,SELECT
,0.575,,,Timing OFF,2628,,,,a,,8.771,,,point,SELECT
,0.503,,,Timing OFF,2633,,,,a,,2.065,,,point,SELECT
,0.709,,,Timing OFF,2638,,,,a,,1.031,,,point,SELECT
0.551,,0.46,1.72015,Timing OFF,,900,2640,,,2.041,,1.02395,6.437,summary,SELECT
,0.446,,,Timing OFF,2,,,,a,,3.022,,,point,OPERATE
,1.324,,,Timing OFF,3,,,,a,,1.881,,,point,OPERATE
,0.528,,,Timing OFF,6,,,,a,,4.91,,,point,OPERATE
,1.267,,,Timing OFF,9,,,,a,,2.021,,,point,OPERATE
,0.501,,,Timing OFF,12,,,,a,,4.733,,,point,OPERATE
,1.071,,,Timing OFF,16,,,,a,,1.955,,,point,OPERATE
,1.2,,,Timing OFF,18,,,,a,,1.941,,,point,OPERATE
,1.286,,,Timing OFF,19,,,,a,,1.891,,,point,OPERATE
,0.563,,,Timing OFF,26,,,,a,,10.847,,,point,OPERATE
,1.268,,,Timing OFF,27,,,,a,,5.398,,,point,OPERATE
,0.486,,,Timing OFF,34,,,,a,,1.905,,,point,OPERATE
,0.448,,,Timing OFF,35,,,,a,,1.94,,,point,OPERATE
,0.46,,,Timing OFF,37,,,,a,,2.973,,,point,OPERATE
,0.587,,,Timing OFF,40,,,,a,,4.838,,,point,OPERATE
,1.471,,,Timing OFF,42,,,,a,,1.895,,,point,OPERATE
,0.508,,,Timing OFF,48,,,,a,,5.902,,,point,OPERATE
,0.507,,,Timing OFF,50,,,,a,,5.948,,,point,OPERATE
,0.454,,,Timing OFF,52,,,,a,,6.017,,,point,OPERATE
,0.496,,,Timing OFF,54,,,,a,,2.884,,,point,OPERATE
,0.486,,,Timing OFF,56,,,,a,,2.886,,,point,OPERATE
,0.46,,,Timing OFF,57,,,,a,,4.934,,,point,OPERATE
,1.392,,,Timing OFF,59,,,,a,,1.899,,,point,OPERATE
,0.485,,,Timing OFF,62,,,,a,,1.893,,,point,OPERATE
,1.199,,,Timing OFF,63,,,,a,,1.924,,,point,OPERATE
,1.49,,,Timing OFF,64,,,,a,,5.005,,,point,OPERATE
,1.525,,,Timing OFF,65,,,,a,,1.888,,,point,OPERATE
,1.355,,,Timing OFF,68,,,,a,,1.86,,,point,OPERATE
,0.563,,,Timing OFF,69,,,,a,,2.9,,,point,OPERATE
,0.517,,,Timing OFF,71,,,,a,,2.875,,,point,OPERATE
,0.496,,,Timing OFF,76,,,,a,,5.064,,,point,OPERATE
,0.52,,,Timing OFF,77,,,,a,,2.96,,,point,OPERATE
,0.491,,,Timing OFF,83,,,,a,,2.887,,,point,OPERATE
,0.559,,,Timing OFF,85,,,,a,,2.838,,,point,OPERATE
,0.569,,,Timing OFF,93,,,,a,,4.844,,,point,OPERATE
,0.446,,,Timing OFF,98,,,,a,,2.917,,,point,OPERATE
,0.571,,,Timing OFF,103,,,,a,,2.858,,,point,OPERATE
,1.259,,,Timing OFF,108,,,,a,,1.812,,,point,OPERATE
,0.574,,,Timing OFF,109,,,,a,,4.768,,,point,OPERATE
,1.222,,,Timing OFF,112,,,,a,,1.882,,,point,OPERATE
,0.492,,,Timing OFF,113,,,,a,,6.105,,,point,OPERATE
,0.571,,,Timing OFF,116,,,,a,,3.603,,,point,OPERATE
,0.572,,,Timing OFF,118,,,,a,,5.765,,,point,OPERATE
,0.56,,,Timing OFF,121,,,,a,,2.829,,,point,OPERATE
,0.539,,,Timing OFF,124,,,,a,,2.857,,,point,OPERATE
,0.525,,,Timing OFF,126,,,,a,,5.112,,,point,OPERATE
,0.493,,,Timing OFF,133,,,,a,,1.914,,,point,OPERATE
,1.531,,,Timing OFF,134,,,,a,,1.862,,,point,OPERATE
,1.331,,,Timing OFF,135,,,,a,,1.891,,,point,OPERATE
,0.592,,,Timing OFF,136,,,,a,,3.068,,,point,OPERATE
,0.568,,,Timing OFF,137,,,,a,,4.904,,,point,OPERATE
,0.514,,,Timing OFF,140,,,,a,,1.845,,,point,OPERATE
,0.574,,,Timing OFF,141,,,,a,,4.975,,,point,OPERATE
,0.524,,,Timing OFF,142,,,,a,,2.952,,,point,OPERATE
,0.575,,,Timing OFF,147,,,,a,,4.018,,,point,OPERATE
,0.48,,,Timing OFF,149,,,,a,,5.969,,,point,OPERATE
,0.485,,,Timing OFF,150,,,,a,,2.912,,,point,OPERATE
,0.573,,,Timing OFF,158,,,,a,,4.078,,,point,OPERATE
,1.534,,,Timing OFF,160,,,,a,,5.074,,,point,OPERATE
,0.498,,,Timing OFF,162,,,,a,,4.229,,,point,OPERATE
,0.486,,,Timing OFF,163,,,,a,,2.878,,,point,OPERATE
,1.539,,,Timing OFF,164,,,,a,,1.83,,,point,OPERATE
,0.481,,,Timing OFF,172,,,,a,,2.871,,,point,OPERATE
,1.387,,,Timing OFF,173,,,,a,,1.887,,,point,OPERATE
,1.157,,,Timing OFF,174,,,,a,,1.885,,,point,OPERATE
,0.537,,,Timing OFF,175,,,,a,,3.048,,,point,OPERATE
,0.559,,,Timing OFF,180,,,,a,,1.819,,,point,OPERATE
,0.498,,,Timing OFF,181,,,,a,,4.828,,,point,OPERATE
,1.092,,,Timing OFF,182,,,,a,,1.941,,,point,OPERATE
,0.581,,,Timing OFF,185,,,,a,,11.332,,,point,OPERATE
,1.469,,,Timing OFF,186,,,,a,,1.87,,,point,OPERATE
,0.483,,,Timing OFF,188,,,,a,,2.932,,,point,OPERATE
,0.442,,,Timing OFF,190,,,,a,,2.902,,,point,OPERATE
,1.488,,,Timing OFF,203,,,,a,,1.844,,,point,OPERATE
,1.365,,,Timing OFF,205,,,,a,,1.88,,,point,OPERATE
,1.291,,,Timing OFF,208,,,,a,,1.903,,,point,OPERATE
,0.561,,,Timing OFF,209,,,,a,,5.874,,,point,OPERATE
,0.565,,,Timing OFF,213,,,,a,,1.832,,,point,OPERATE
,0.502,,,Timing OFF,214,,,,a,,4.521,,,point,OPERATE
,1.125,,,Timing OFF,215,,,,a,,1.978,,,point,OPERATE
,1.536,,,Timing OFF,221,,,,a,,1.829,,,point,OPERATE
,0.574,,,Timing OFF,222,,,,a,,4.275,,,point,OPERATE
,1.18,,,Timing OFF,223,,,,a,,1.917,,,point,OPERATE
,0.503,,,Timing OFF,224,,,,a,,4.933,,,point,OPERATE
,0.446,,,Timing OFF,225,,,,a,,2.939,,,point,OPERATE
,0.484,,,Timing OFF,229,,,,a,,2.951,,,point,OPERATE
,0.574,,,Timing OFF,232,,,,a,,4.046,,,point,OPERATE
,1.582,,,Timing OFF,233,,,,a,,1.867,,,point,OPERATE
,0.488,,,Timing OFF,236,,,,a,,3.005,,,point,OPERATE
,0.498,,,Timing OFF,239,,,,a,,4.114,,,point,OPERATE
,0.505,,,Timing OFF,242,,,,a,,4.893,,,point,OPERATE
,0.568,,,Timing OFF,243,,,,a,,2.998,,,point,OPERATE
,1.173,,,Timing OFF,244,,,,a,,2.072,,,point,OPERATE
,1.496,,,Timing OFF,245,,,,a,,1.85,,,point,OPERATE
,0.535,,,Timing OFF,248,,,,a,,2.888,,,point,OPERATE
,0.569,,,Timing OFF,252,,,,a,,4.63,,,point,OPERATE
,1.711,,,Timing OFF,256,,,,a,,1.86,,,point,OPERATE
,1.69,,,Timing OFF,265,,,,a,,1.913,,,point,OPERATE
,0.486,,,Timing OFF,268,,,,a,,2.905,,,point,OPERATE
,0.495,,,Timing OFF,270,,,,a,,5.869,,,point,OPERATE
,0.556,,,Timing OFF,272,,,,a,,2.822,,,point,OPERATE
,0.474,,,Timing OFF,273,,,,a,,2.961,,,point,OPERATE
,0.513,,,Timing OFF,274,,,,a,,2.864,,,point,OPERATE
,0.486,,,Timing OFF,279,,,,a,,3.022,,,point,OPERATE
,0.734,,,Timing OFF,283,,,,a,,2.99,,,point,OPERATE
,1.57,,,Timing OFF,296,,,,a,,4.891,,,point,OPERATE
,1.554,,,Timing OFF,297,,,,a,,13.24,,,point,OPERATE
,0.562,,,Timing OFF,300,,,,a,,4.917,,,point,OPERATE
,0.496,,,Timing OFF,301,,,,a,,4.533,,,point,OPERATE
,1.272,,,Timing OFF,303,,,,a,,1.895,,,point,OPERATE
,0.502,,,Timing OFF,307,,,,a,,4.687,,,point,OPERATE
,1.207,,,Timing OFF,308,,,,a,,1.872,,,point,OPERATE
,0.555,,,Timing OFF,317,,,,a,,2.912,,,point,OPERATE
,1.128,,,Timing OFF,326,,,,a,,1.948,,,point,OPERATE
,1.542,,,Timing OFF,331,,,,a,,1.826,,,point,OPERATE
,1.567,,,Timing OFF,332,,,,a,,2.037,,,point,OPERATE
,1.377,,,Timing OFF,338,,,,a,,1.903,,,point,OPERATE
,0.528,,,Timing OFF,344,,,,a,,5.861,,,point,OPERATE
,0.447,,,Timing OFF,347,,,,a,,9.175,,,point,OPERATE
,0.564,,,Timing OFF,348,,,,a,,4.548,,,point,OPERATE
,1.244,,,Timing OFF,353,,,,a,,1.813,,,point,OPERATE
,0.457,,,Timing OFF,356,,,,a,,4.936,,,point,OPERATE
,0.504,,,Timing OFF,357,,,,a,,2.832,,,point,OPERATE
,0.569,,,Timing OFF,358,,,,a,,5.99,,,point,OPERATE
,1.531,,,Timing OFF,365,,,,a,,1.845,,,point,OPERATE
,0.517,,,Timing OFF,366,,,,a,,4.562,,,point,OPERATE
,0.444,,,Timing OFF,367,,,,a,,2.99,,,point,OPERATE
,0.454,,,Timing OFF,369,,,,a,,4.025,,,point,OPERATE
,1.57,,,Timing OFF,370,,,,a,,1.82,,,point,OPERATE
,0.554,,,Timing OFF,371,,,,a,,2.891,,,point,OPERATE
,0.487,,,Timing OFF,376,,,,a,,1.891,,,point,OPERATE
,0.594,,,Timing OFF,384,,,,a,,2.888,,,point,OPERATE
,1.673,,,Timing OFF,387,,,,a,,1.927,,,point,OPERATE
,1.567,,,Timing OFF,392,,,,a,,4.811,,,point,OPERATE
,1.171,,,Timing OFF,394,,,,a,,1.878,,,point,OPERATE
,0.481,,,Timing OFF,397,,,,a,,2.991,,,point,OPERATE
,0.571,,,Timing OFF,398,,,,a,,3.052,,,point,OPERATE
,1.289,,,Timing OFF,400,,,,a,,1.901,,,point,OPERATE
,0.488,,,Timing OFF,405,,,,a,,2.943,,,point,OPERATE
,0.458,,,Timing OFF,410,,,,a,,4.026,,,point,OPERATE
,0.447,,,Timing OFF,411,,,,a,,2.935,,,point,OPERATE
,0.495,,,Timing OFF,412,,,,a,,4.38,,,point,OPERATE
,0.445,,,Timing OFF,413,,,,a,,6.99,,,point,OPERATE
,0.497,,,Timing OFF,414,,,,a,,4.633,,,point,OPERATE
,0.482,,,Timing OFF,418,,,,a,,2.961,,,point,OPERATE
,0.498,,,Timing OFF,419,,,,a,,5.189,,,point,OPERATE
,0.455,,,Timing OFF,421,,,,a,,3.137,,,point,OPERATE
,0.568,,,Timing OFF,423,,,,a,,1.885,,,point,OPERATE
,1.391,,,Timing OFF,427,,,,a,,4.974,,,point,OPERATE
,1.614,,,Timing OFF,429,,,,a,,1.873,,,point,OPERATE
,0.438,,,Timing OFF,432,,,,a,,3.02,,,point,OPERATE
,1.538,,,Timing OFF,440,,,,a,,1.938,,,point,OPERATE
,0.483,,,Timing OFF,445,,,,a,,3.236,,,point,OPERATE
,0.573,,,Timing OFF,449,,,,a,,4.686,,,point,OPERATE
,1.686,,,Timing OFF,450,,,,a,,1.862,,,point,OPERATE
,1.582,,,Timing OFF,456,,,,a,,1.837,,,point,OPERATE
,0.488,,,Timing OFF,459,,,,a,,2.903,,,point,OPERATE
,1.584,,,Timing OFF,465,,,,a,,1.859,,,point,OPERATE
,0.572,,,Timing OFF,466,,,,a,,5.673,,,point,OPERATE
,0.566,,,Timing OFF,469,,,,a,,8.777,,,point,OPERATE
,0.551,,,Timing OFF,472,,,,a,,2.867,,,point,OPERATE
,0.526,,,Timing OFF,473,,,,a,,4.965,,,point,OPERATE
,0.565,,,Timing OFF,475,,,,a,,4.967,,,point,OPERATE
,1.135,,,Timing OFF,476,,,,a,,1.947,,,point,OPERATE
,0.492,,,Timing OFF,481,,,,a,,6.154,,,point,OPERATE
,1.43,,,Timing OFF,483,,,,a,,5.106,,,point,OPERATE
,1.576,,,Timing OFF,484,,,,a,,1.874,,,point,OPERATE
,0.498,,,Timing OFF,485,,,,a,,5.083,,,point,OPERATE
,0.493,,,Timing OFF,489,,,,a,,2.891,,,point,OPERATE
,1.574,,,Timing OFF,490,,,,a,,1.831,,,point,OPERATE
,0.534,,,Timing OFF,492,,,,a,,6.885,,,point,OPERATE
,0.573,,,Timing OFF,495,,,,a,,4.254,,,point,OPERATE
,0.574,,,Timing OFF,499,,,,a,,2.774,,,point,OPERATE
,1.263,,,Timing OFF,500,,,,a,,1.807,,,point,OPERATE
,1.495,,,Timing OFF,501,,,,a,,5.995,,,point,OPERATE
,0.44,,,Timing OFF,506,,,,a,,2.954,,,point,OPERATE
,0.483,,,Timing OFF,507,,,,a,,2.892,,,point,OPERATE
,0.493,,,Timing OFF,509,,,,a,,2.945,,,point,OPERATE
,0.491,,,Timing OFF,513,,,,a,,4.669,,,point,OPERATE
,0.486,,,Timing OFF,519,,,,a,,2.953,,,point,OPERATE
,0.487,,,Timing OFF,520,,,,a,,2.925,,,point,OPERATE
,1.257,,,Timing OFF,522,,,,a,,1.873,,,point,OPERATE
,0.491,,,Timing OFF,528,,,,a,,1.884,,,point,OPERATE
,1.186,,,Timing OFF,529,,,,a,,1.833,,,point,OPERATE
,0.561,,,Timing OFF,530,,,,a,,2.846,,,point,OPERATE
,0.497,,,Timing OFF,532,,,,a,,2.88,,,point,OPERATE
,0.556,,,Timing OFF,535,,,,a,,4.803,,,point,OPERATE
,1.575,,,Timing OFF,537,,,,a,,4.794,,,point,OPERATE
,1.138,,,Timing OFF,539,,,,a,,1.845,,,point,OPERATE
,1.145,,,Timing OFF,540,,,,a,,1.917,,,point,OPERATE
,1.401,,,Timing OFF,546,,,,a,,2.1,,,point,OPERATE
,0.565,,,Timing OFF,551,,,,a,,2.926,,,point,OPERATE
,1.567,,,Timing OFF,552,,,,a,,1.965,,,point,OPERATE
,0.628,,,Timing OFF,553,,,,a,,2.779,,,point,OPERATE
,0.488,,,Timing OFF,558,,,,a,,1.882,,,point,OPERATE
,0.579,,,Timing OFF,559,,,,a,,13.388,,,point,OPERATE
,1.367,,,Timing OFF,564,,,,a,,13.363,,,point,OPERATE
,1.132,,,Timing OFF,566,,,,a,,1.828,,,point,OPERATE
,1.532,,,Timing OFF,567,,,,a,,4.988,,,point,OPERATE
,1.526,,,Timing OFF,570,,,,a,,9.836,,,point,OPERATE
,0.537,,,Timing OFF,573,,,,a,,4.315,,,point,OPERATE
,0.5,,,Timing OFF,575,,,,a,,4.324,,,point,OPERATE
,0.498,,,Timing OFF,579,,,,a,,2.837,,,point,OPERATE
,0.492,,,Timing OFF,583,,,,a,,3.005,,,point,OPERATE
,0.567,,,Timing OFF,584,,,,a,,2.893,,,point,OPERATE
,1.413,,,Timing OFF,585,,,,a,,1.854,,,point,OPERATE
,0.563,,,Timing OFF,588,,,,a,,2.818,,,point,OPERATE
,0.494,,,Timing OFF,604,,,,a,,2.955,,,point,OPERATE
,0.492,,,Timing OFF,611,,,,a,,4.14,,,point,OPERATE
,1.519,,,Timing OFF,613,,,,a,,1.838,,,point,OPERATE
,0.507,,,Timing OFF,616,,,,a,,4.504,,,point,OPERATE
,0.485,,,Timing OFF,617,,,,a,,2.908,,,point,OPERATE
,0.515,,,Timing OFF,618,,,,a,,4.894,,,point,OPERATE
,0.442,,,Timing OFF,619,,,,a,,2.937,,,point,OPERATE
,0.483,,,Timing OFF,622,,,,a,,2.883,,,point,OPERATE
,1.574,,,Timing OFF,626,,,,a,,4.794,,,point,OPERATE
,0.527,,,Timing OFF,630,,,,a,,5.739,,,point,OPERATE
,0.535,,,Timing OFF,631,,,,a,,8.851,,,point,OPERATE
,1.457,,,Timing OFF,643,,,,a,,5.08,,,point,OPERATE
,0.544,,,Timing OFF,644,,,,a,,2.826,,,point,OPERATE
,0.542,,,Timing OFF,651,,,,a,,2.915,,,point,OPERATE
,1.66,,,Timing OFF,652,,,,a,,1.878,,,point,OPERATE
,0.535,,,Timing OFF,654,,,,a,,1.863,,,point,OPERATE
,0.576,,,Timing OFF,662,,,,a,,10.793,,,point,OPERATE
,1.333,,,Timing OFF,665,,,,a,,1.882,,,point,OPERATE
,0.485,,,Timing OFF,666,,,,a,,2.978,,,point,OPERATE
,1.31,,,Timing OFF,669,,,,a,,1.836,,,point,OPERATE
,0.573,,,Timing OFF,672,,,,a,,5.675,,,point,OPERATE
,0.496,,,Timing OFF,677,,,,a,,3.834,,,point,OPERATE
,0.579,,,Timing OFF,680,,,,a,,4.115,,,point,OPERATE
,1.611,,,Timing OFF,684,,,,a,,4.948,,,point,OPERATE
,1.584,,,Timing OFF,686,,,,a,,4.658,,,point,OPERATE
,0.567,,,Timing OFF,688,,,,a,,2.78,,,point,OPERATE
,0.554,,,Timing OFF,689,,,,a,,5.974,,,point,OPERATE
,0.545,,,Timing OFF,694,,,,a,,1.884,,,point,OPERATE
,1.55,,,Timing OFF,695,,,,a,,4.904,,,point,OPERATE
,0.482,,,Timing OFF,696,,,,a,,2.929,,,point,OPERATE
,1.562,,,Timing OFF,698,,,,a,,1.859,,,point,OPERATE
,0.546,,,Timing OFF,700,,,,a,,2.945,,,point,OPERATE
,0.511,,,Timing OFF,703,,,,a,,5.092,,,point,OPERATE
,0.522,,,Timing OFF,707,,,,a,,2.931,,,point,OPERATE
,0.51,,,Timing OFF,709,,,,a,,1.866,,,point,OPERATE
,0.494,,,Timing OFF,713,,,,a,,2.99,,,point,OPERATE
,0.544,,,Timing OFF,715,,,,a,,2.797,,,point,OPERATE
,0.568,,,Timing OFF,719,,,,a,,1.818,,,point,OPERATE
,0.442,,,Timing OFF,723,,,,a,,2.865,,,point,OPERATE
,1.429,,,Timing OFF,725,,,,a,,4.933,,,point,OPERATE
,1.162,,,Timing OFF,727,,,,a,,1.888,,,point,OPERATE
,0.489,,,Timing OFF,728,,,,a,,2.986,,,point,OPERATE
,0.506,,,Timing OFF,729,,,,a,,6.658,,,point,OPERATE
,1.194,,,Timing OFF,733,,,,a,,1.897,,,point,OPERATE
,0.56,,,Timing OFF,736,,,,a,,4.058,,,point,OPERATE
,0.52,,,Timing OFF,737,,,,a,,2.876,,,point,OPERATE
,0.562,,,Timing OFF,742,,,,a,,2.829,,,point,OPERATE
,0.552,,,Timing OFF,746,,,,a,,2.85,,,point,OPERATE
,1.57,,,Timing OFF,749,,,,a,,4.844,,,point,OPERATE
,0.447,,,Timing OFF,750,,,,a,,6.138,,,point,OPERATE
,1.452,,,Timing OFF,751,,,,a,,1.879,,,point,OPERATE
,0.497,,,Timing OFF,756,,,,a,,4.099,,,point,OPERATE
,0.482,,,Timing OFF,757,,,,a,,3.015,,,point,OPERATE
,0.498,,,Timing OFF,761,,,,a,,4.414,,,point,OPERATE
,0.536,,,Timing OFF,762,,,,a,,2.869,,,point,OPERATE
,0.489,,,Timing OFF,763,,,,a,,1.912,,,point,OPERATE
,0.485,,,Timing OFF,771,,,,a,,1.904,,,point,OPERATE
,0.562,,,Timing OFF,776,,,,a,,4.83,,,point,OPERATE
,0.577,,,Timing OFF,778,,,,a,,5.905,,,point,OPERATE
,0.494,,,Timing OFF,779,,,,a,,2.907,,,point,OPERATE
,1.621,,,Timing OFF,782,,,,a,,4.652,,,point,OPERATE
,0.479,,,Timing OFF,783,,,,a,,2.953,,,point,OPERATE
,0.567,,,Timing OFF,784,,,,a,,5.997,,,point,OPERATE
,0.481,,,Timing OFF,789,,,,a,,2.947,,,point,OPERATE
,0.495,,,Timing OFF,793,,,,a,,4.948,,,point,OPERATE
,0.446,,,Timing OFF,801,,,,a,,2.977,,,point,OPERATE
,0.484,,,Timing OFF,803,,,,a,,2.869,,,point,OPERATE
,0.486,,,Timing OFF,804,,,,a,,4.675,,,point,OPERATE
,1.228,,,Timing OFF,805,,,,a,,1.873,,,point,OPERATE
,0.49,,,Timing OFF,807,,,,a,,2.808,,,point,OPERATE
,0.646,,,Timing OFF,808,,,,a,,2.807,,,point,OPERATE
,1.544,,,Timing OFF,809,,,,a,,4.949,,,point,OPERATE
,0.555,,,Timing OFF,811,,,,a,,2.854,,,point,OPERATE
,0.521,,,Timing OFF,819,,,,a,,2.811,,,point,OPERATE
,1.372,,,Timing OFF,824,,,,a,,1.88,,,point,OPERATE
,0.496,,,Timing OFF,828,,,,a,,5.105,,,point,OPERATE
,0.48,,,Timing OFF,829,,,,a,,2.943,,,point,OPERATE
,0.502,,,Timing OFF,832,,,,a,,5.114,,,point,OPERATE
,0.492,,,Timing OFF,834,,,,a,,4.805,,,point,OPERATE
,1.614,,,Timing OFF,835,,,,a,,1.847,,,point,OPERATE
,0.504,,,Timing OFF,837,,,,a,,5.987,,,point,OPERATE
,0.482,,,Timing OFF,839,,,,a,,2.952,,,point,OPERATE
,0.506,,,Timing OFF,841,,,,a,,4.249,,,point,OPERATE
,0.494,,,Timing OFF,843,,,,a,,6.17,,,point,OPERATE
,0.444,,,Timing OFF,846,,,,a,,2.992,,,point,OPERATE
,0.57,,,Timing OFF,850,,,,a,,2.864,,,point,OPERATE
,0.577,,,Timing OFF,854,,,,a,,2.912,,,point,OPERATE
,0.573,,,Timing OFF,857,,,,a,,5.792,,,point,OPERATE
,0.572,,,Timing OFF,859,,,,a,,8.908,,,point,OPERATE
,0.573,,,Timing OFF,865,,,,a,,5.869,,,point,OPERATE
,1.565,,,Timing OFF,867,,,,a,,1.92,,,point,OPERATE
,1.58,,,Timing OFF,869,,,,a,,1.871,,,point,OPERATE
,0.548,,,Timing OFF,871,,,,a,,2.875,,,point,OPERATE
,0.526,,,Timing OFF,874,,,,a,,3.263,,,point,OPERATE
,0.448,,,Timing OFF,876,,,,a,,3.007,,,point,OPERATE
,0.551,,,Timing OFF,879,,,,a,,2.846,,,point,OPERATE
,0.566,,,Timing OFF,880,,,,a,,5.207,,,point,OPERATE
,0.503,,,Timing OFF,884,,,,a,,5.857,,,point,OPERATE
,0.624,,,Timing OFF,885,,,,a,,2.958,,,point,OPERATE
,1.55,,,Timing OFF,886,,,,a,,4.749,,,point,OPERATE
,0.573,,,Timing OFF,889,,,,a,,4.256,,,point,OPERATE
,1.484,,,Timing OFF,895,,,,a,,1.882,,,point,OPERATE
,0.455,,,Timing OFF,896,,,,a,,5.893,,,point,OPERATE
,1.488,,,Timing OFF,898,,,,a,,5.1,,,point,OPERATE
,0.442,,,Timing OFF,904,,,,a,,3.018,,,point,OPERATE
,0.483,,,Timing OFF,905,,,,a,,2.957,,,point,OPERATE
,0.571,,,Timing OFF,906,,,,a,,2.851,,,point,OPERATE
,0.569,,,Timing OFF,915,,,,a,,1.922,,,point,OPERATE
,1.574,,,Timing OFF,919,,,,a,,1.844,,,point,OPERATE
,0.495,,,Timing OFF,921,,,,a,,4.33,,,point,OPERATE
,0.56,,,Timing OFF,922,,,,a,,2.941,,,point,OPERATE
,0.522,,,Timing OFF,926,,,,a,,2.865,,,point,OPERATE
,0.626,,,Timing OFF,930,,,,a,,2.831,,,point,OPERATE
,0.555,,,Timing OFF,933,,,,a,,2.824,,,point,OPERATE
,0.503,,,Timing OFF,934,,,,a,,15.103,,,point,OPERATE
,0.502,,,Timing OFF,936,,,,a,,2.846,,,point,OPERATE
,0.569,,,Timing OFF,940,,,,a,,2.828,,,point,OPERATE
,0.487,,,Timing OFF,941,,,,a,,13.913,,,point,OPERATE
,1.269,,,Timing OFF,946,,,,a,,1.856,,,point,OPERATE
,0.565,,,Timing OFF,948,,,,a,,6.017,,,point,OPERATE
,0.5,,,Timing OFF,951,,,,a,,4.383,,,point,OPERATE
,1.39,,,Timing OFF,952,,,,a,,1.813,,,point,OPERATE
,0.51,,,Timing OFF,953,,,,a,,1.854,,,point,OPERATE
,1.58,,,Timing OFF,955,,,,a,,5.098,,,point,OPERATE
,5.114,,,Timing OFF,961,,,,a,,2.912,,,point,OPERATE
,1.298,,,Timing OFF,962,,,,a,,1.871,,,point,OPERATE
,0.446,,,Timing OFF,967,,,,a,,2.935,,,point,OPERATE
,0.516,,,Timing OFF,969,,,,a,,1.871,,,point,OPERATE
,1.609,,,Timing OFF,970,,,,a,,2.006,,,point,OPERATE
,0.5,,,Timing OFF,973,,,,a,,4.806,,,point,OPERATE
,0.489,,,Timing OFF,980,,,,a,,3.012,,,point,OPERATE
,0.49,,,Timing OFF,984,,,,a,,2.971,,,point,OPERATE
,1.62,,,Timing OFF,985,,,,a,,1.883,,,point,OPERATE
,1.273,,,Timing OFF,986,,,,a,,1.801,,,point,OPERATE
,0.485,,,Timing OFF,987,,,,a,,1.991,,,point,OPERATE
,0.55,,,Timing OFF,991,,,,a,,5.897,,,point,OPERATE
,0.494,,,Timing OFF,1004,,,,a,,7.034,,,point,OPERATE
,1.149,,,Timing OFF,1005,,,,a,,1.955,,,point,OPERATE
,1.519,,,Timing OFF,1013,,,,a,,5.018,,,point,OPERATE
,0.466,,,Timing OFF,1016,,,,a,,4.82,,,point,OPERATE
,0.499,,,Timing OFF,1018,,,,a,,12.612,,,point,OPERATE
,0.512,,,Timing OFF,1019,,,,a,,2.8,,,point,OPERATE
,1.485,,,Timing OFF,1020,,,,a,,1.864,,,point,OPERATE
,0.452,,,Timing OFF,1022,,,,a,,4.957,,,point,OPERATE
,0.448,,,Timing OFF,1026,,,,a,,4.517,,,point,OPERATE
,1.182,,,Timing OFF,1029,,,,a,,1.908,,,point,OPERATE
,0.441,,,Timing OFF,1030,,,,a,,2.974,,,point,OPERATE
,1.523,,,Timing OFF,1031,,,,a,,1.823,,,point,OPERATE
,0.463,,,Timing OFF,1042,,,,a,,4.958,,,point,OPERATE
,0.484,,,Timing OFF,1045,,,,a,,2.978,,,point,OPERATE
,0.554,,,Timing OFF,1048,,,,a,,2.859,,,point,OPERATE
,0.499,,,Timing OFF,1052,,,,a,,2.873,,,point,OPERATE
,0.487,,,Timing OFF,1053,,,,a,,1.912,,,point,OPERATE
,0.488,,,Timing OFF,1054,,,,a,,5.971,,,point,OPERATE
,4.657,,,Timing OFF,1058,,,,a,,3.033,,,point,OPERATE
,0.576,,,Timing OFF,1062,,,,a,,4.852,,,point,OPERATE
,1.502,,,Timing OFF,1065,,,,a,,10.123,,,point,OPERATE
,1.534,,,Timing OFF,1066,,,,a,,1.858,,,point,OPERATE
,0.492,,,Timing OFF,1068,,,,a,,2.999,,,point,OPERATE
,0.562,,,Timing OFF,1072,,,,a,,1.828,,,point,OPERATE
,0.506,,,Timing OFF,1076,,,,a,,4.873,,,point,OPERATE
,1.522,,,Timing OFF,1077,,,,a,,1.889,,,point,OPERATE
,0.575,,,Timing OFF,1078,,,,a,,4.484,,,point,OPERATE
,0.491,,,Timing OFF,1083,,,,a,,4.747,,,point,OPERATE
,0.484,,,Timing OFF,1085,,,,a,,2.946,,,point,OPERATE
,0.549,,,Timing OFF,1088,,,,a,,4.892,,,point,OPERATE
,0.57,,,Timing OFF,1090,,,,a,,2.862,,,point,OPERATE
,0.495,,,Timing OFF,1092,,,,a,,2.915,,,point,OPERATE
,1.518,,,Timing OFF,1100,,,,a,,1.839,,,point,OPERATE
,1.576,,,Timing OFF,1103,,,,a,,1.831,,,point,OPERATE
,1.252,,,Timing OFF,1107,,,,a,,1.938,,,point,OPERATE
,0.551,,,Timing OFF,1113,,,,a,,2.848,,,point,OPERATE
,0.541,,,Timing OFF,1122,,,,a,,2.939,,,point,OPERATE
,0.455,,,Timing OFF,1126,,,,a,,14.679,,,point,OPERATE
,0.493,,,Timing OFF,1127,,,,a,,4.08,,,point,OPERATE
,0.49,,,Timing OFF,1130,,,,a,,2.977,,,point,OPERATE
,1.535,,,Timing OFF,1131,,,,a,,1.869,,,point,OPERATE
,0.586,,,Timing OFF,1132,,,,a,,3.948,,,point,OPERATE
,0.54,,,Timing OFF,1137,,,,a,,3.048,,,point,OPERATE
,1.494,,,Timing OFF,1144,,,,a,,1.847,,,point,OPERATE
,0.497,,,Timing OFF,1145,,,,a,,2.882,,,point,OPERATE
,0.558,,,Timing OFF,1146,,,,a,,6.967,,,point,OPERATE
,0.564,,,Timing OFF,1148,,,,a,,2.903,,,point,OPERATE
,0.575,,,Timing OFF,1149,,,,a,,1.799,,,point,OPERATE
,1.156,,,Timing OFF,1150,,,,a,,1.898,,,point,OPERATE
,0.452,,,Timing OFF,1151,,,,a,,6.02,,,point,OPERATE
,0.487,,,Timing OFF,1154,,,,a,,2.951,,,point,OPERATE
,0.527,,,Timing OFF,1156,,,,a,,4.355,,,point,OPERATE
,0.57,,,Timing OFF,1159,,,,a,,2.888,,,point,OPERATE
,1.095,,,Timing OFF,1163,,,,a,,1.969,,,point,OPERATE
,1.568,,,Timing OFF,1165,,,,a,,4.863,,,point,OPERATE
,0.493,,,Timing OFF,1166,,,,a,,2.93,,,point,OPERATE
,0.516,,,Timing OFF,1167,,,,a,,4.593,,,point,OPERATE
,0.62,,,Timing OFF,1173,,,,a,,3.089,,,point,OPERATE
,1.097,,,Timing OFF,1174,,,,a,,1.922,,,point,OPERATE
,1.282,,,Timing OFF,1182,,,,a,,1.843,,,point,OPERATE
,0.493,,,Timing OFF,1188,,,,a,,2.903,,,point,OPERATE
,0.521,,,Timing OFF,1192,,,,a,,4.346,,,point,OPERATE
,0.516,,,Timing OFF,1196,,,,a,,2.985,,,point,OPERATE
,0.577,,,Timing OFF,1197,,,,a,,6.16,,,point,OPERATE
,0.519,,,Timing OFF,1198,,,,a,,2.857,,,point,OPERATE
,0.569,,,Timing OFF,1199,,,,a,,4.034,,,point,OPERATE
,1.152,,,Timing OFF,1203,,,,a,,1.927,,,point,OPERATE
,0.608,,,Timing OFF,1207,,,,a,,2.908,,,point,OPERATE
,0.579,,,Timing OFF,1229,,,,a,,5.826,,,point,OPERATE
,1.376,,,Timing OFF,1232,,,,a,,1.897,,,point,OPERATE
,0.482,,,Timing OFF,1236,,,,a,,2.983,,,point,OPERATE
,0.553,,,Timing OFF,1238,,,,a,,2.854,,,point,OPERATE
,1.528,,,Timing OFF,1242,,,,a,,1.886,,,point,OPERATE
,1.569,,,Timing OFF,1250,,,,a,,1.819,,,point,OPERATE
,0.545,,,Timing OFF,1251,,,,a,,1.843,,,point,OPERATE
,1.548,,,Timing OFF,1252,,,,a,,1.819,,,point,OPERATE
,0.444,,,Timing OFF,1253,,,,a,,3.026,,,point,OPERATE
,0.489,,,Timing OFF,1257,,,,a,,2.924,,,point,OPERATE
,0.522,,,Timing OFF,1259,,,,a,,2.821,,,point,OPERATE
,0.489,,,Timing OFF,1265,,,,a,,2.926,,,point,OPERATE
,0.492,,,Timing OFF,1270,,,,a,,4.975,,,point,OPERATE
,0.486,,,Timing OFF,1274,,,,a,,2.935,,,point,OPERATE
,0.49,,,Timing OFF,1281,,,,a,,2.87,,,point,OPERATE
,1.233,,,Timing OFF,1282,,,,a,,1.885,,,point,OPERATE
,0.542,,,Timing OFF,1283,,,,a,,2.865,,,point,OPERATE
,0.444,,,Timing OFF,1284,,,,a,,2.958,,,point,OPERATE
,1.605,,,Timing OFF,1287,,,,a,,5.498,,,point,OPERATE
,1.49,,,Timing OFF,1290,,,,a,,1.879,,,point,OPERATE
,0.522,,,Timing OFF,1291,,,,a,,1.878,,,point,OPERATE
,0.485,,,Timing OFF,1292,,,,a,,1.911,,,point,OPERATE
,0.443,,,Timing OFF,1295,,,,a,,3.044,,,point,OPERATE
,0.557,,,Timing OFF,1296,,,,a,,4.827,,,point,OPERATE
,0.486,,,Timing OFF,1300,,,,a,,2.973,,,point,OPERATE
,0.565,,,Timing OFF,1308,,,,a,,2.835,,,point,OPERATE
,0.446,,,Timing OFF,1310,,,,a,,2.97,,,point,OPERATE
,0.577,,,Timing OFF,1315,,,,a,,5.224,,,point,OPERATE
,0.565,,,Timing OFF,1316,,,,a,,2.807,,,point,OPERATE
,0.577,,,Timing OFF,1317,,,,a,,4.683,,,point,OPERATE
,1.379,,,Timing OFF,1319,,,,a,,5.633,,,point,OPERATE
,0.542,,,Timing OFF,1322,,,,a,,1.837,,,point,OPERATE
,0.479,,,Timing OFF,1323,,,,a,,2.927,,,point,OPERATE
,0.496,,,Timing OFF,1325,,,,a,,2.895,,,point,OPERATE
,0.565,,,Timing OFF,1326,,,,a,,4.949,,,point,OPERATE
,0.525,,,Timing OFF,1327,,,,a,,2.84,,,point,OPERATE
,0.55,,,Timing OFF,1328,,,,a,,4.133,,,point,OPERATE
,1.541,,,Timing OFF,1329,,,,a,,1.82,,,point,OPERATE
,1.421,,,Timing OFF,1332,,,,a,,1.873,,,point,OPERATE
,0.491,,,Timing OFF,1333,,,,a,,1.878,,,point,OPERATE
,0.503,,,Timing OFF,1336,,,,a,,9.121,,,point,OPERATE
,0.551,,,Timing OFF,1342,,,,a,,2.821,,,point,OPERATE
,0.549,,,Timing OFF,1343,,,,a,,2.813,,,point,OPERATE
,0.506,,,Timing OFF,1347,,,,a,,4.116,,,point,OPERATE
,1.57,,,Timing OFF,1351,,,,a,,4.795,,,point,OPERATE
,0.5,,,Timing OFF,1352,,,,a,,6.047,,,point,OPERATE
,0.571,,,Timing OFF,1353,,,,a,,2.81,,,point,OPERATE
,0.465,,,Timing OFF,1354,,,,a,,1.957,,,point,OPERATE
,0.441,,,Timing OFF,1356,,,,a,,2.922,,,point,OPERATE
,1.538,,,Timing OFF,1357,,,,a,,4.804,,,point,OPERATE
,0.497,,,Timing OFF,1360,,,,a,,4.775,,,point,OPERATE
,0.501,,,Timing OFF,1363,,,,a,,5.378,,,point,OPERATE
,0.451,,,Timing OFF,1366,,,,a,,4.187,,,point,OPERATE
,0.441,,,Timing OFF,1380,,,,a,,2.894,,,point,OPERATE
,0.492,,,Timing OFF,1381,,,,a,,6.048,,,point,OPERATE
,0.555,,,Timing OFF,1384,,,,a,,1.882,,,point,OPERATE
,1.061,,,Timing OFF,1386,,,,a,,2.011,,,point,OPERATE
,1.635,,,Timing OFF,1387,,,,a,,1.956,,,point,OPERATE
,0.708,,,Timing OFF,1390,,,,a,,2.922,,,point,OPERATE
,0.522,,,Timing OFF,1393,,,,a,,8.826,,,point,OPERATE
,0.485,,,Timing OFF,1394,,,,a,,2.984,,,point,OPERATE
,0.532,,,Timing OFF,1396,,,,a,,5.971,,,point,OPERATE
,0.498,,,Timing OFF,1398,,,,a,,6.049,,,point,OPERATE
,1.246,,,Timing OFF,1401,,,,a,,1.86,,,point,OPERATE
,0.503,,,Timing OFF,1405,,,,a,,4.242,,,point,OPERATE
,4.573,,,Timing OFF,1406,,,,a,,3.062,,,point,OPERATE
,0.439,,,Timing OFF,1408,,,,a,,1.949,,,point,OPERATE
,0.494,,,Timing OFF,1409,,,,a,,2.915,,,point,OPERATE
,0.561,,,Timing OFF,1413,,,,a,,1.818,,,point,OPERATE
,0.501,,,Timing OFF,1420,,,,a,,2.892,,,point,OPERATE
,0.526,,,Timing OFF,1421,,,,a,,5.68,,,point,OPERATE
,0.577,,,Timing OFF,1423,,,,a,,9.442,,,point,OPERATE
,1.569,,,Timing OFF,1426,,,,a,,1.82,,,point,OPERATE
,1.157,,,Timing OFF,1429,,,,a,,1.931,,,point,OPERATE
,0.501,,,Timing OFF,1430,,,,a,,2.76,,,point,OPERATE
,0.494,,,Timing OFF,1435,,,,a,,4.319,,,point,OPERATE
,0.501,,,Timing OFF,1436,,,,a,,10.393,,,point,OPERATE
,1.34,,,Timing OFF,1437,,,,a,,6.813,,,point,OPERATE
,1.558,,,Timing OFF,1444,,,,a,,1.878,,,point,OPERATE
,0.572,,,Timing OFF,1445,,,,a,,4.341,,,point,OPERATE
,0.554,,,Timing OFF,1451,,,,a,,1.882,,,point,OPERATE
,1.575,,,Timing OFF,1452,,,,a,,1.826,,,point,OPERATE
,1.535,,,Timing OFF,1453,,,,a,,1.847,,,point,OPERATE
,0.488,,,Timing OFF,1456,,,,a,,4.989,,,point,OPERATE
,1.161,,,Timing OFF,1457,,,,a,,1.987,,,point,OPERATE
,1.181,,,Timing OFF,1463,,,,a,,1.891,,,point,OPERATE
,0.44,,,Timing OFF,1464,,,,a,,2.947,,,point,OPERATE
,0.504,,,Timing OFF,1468,,,,a,,5.972,,,point,OPERATE
,0.573,,,Timing OFF,1474,,,,a,,4.866,,,point,OPERATE
,0.55,,,Timing OFF,1476,,,,a,,2.93,,,point,OPERATE
,0.524,,,Timing OFF,1477,,,,a,,4.879,,,point,OPERATE
,1.573,,,Timing OFF,1478,,,,a,,1.828,,,point,OPERATE
,1.134,,,Timing OFF,1482,,,,a,,1.925,,,point,OPERATE
,0.489,,,Timing OFF,1491,,,,a,,2.899,,,point,OPERATE
,0.567,,,Timing OFF,1492,,,,a,,4.817,,,point,OPERATE
,0.528,,,Timing OFF,1493,,,,a,,4.982,,,point,OPERATE
,0.525,,,Timing OFF,1499,,,,a,,2.894,,,point,OPERATE
,0.553,,,Timing OFF,1501,,,,a,,2.921,,,point,OPERATE
,0.446,,,Timing OFF,1503,,,,a,,2.971,,,point,OPERATE
,0.545,,,Timing OFF,1505,,,,a,,4.247,,,point,OPERATE
,0.506,,,Timing OFF,1508,,,,a,,2.956,,,point,OPERATE
,1.102,,,Timing OFF,1509,,,,a,,1.974,,,point,OPERATE
,0.556,,,Timing OFF,1511,,,,a,,2.833,,,point,OPERATE
,1.527,,,Timing OFF,1516,,,,a,,1.816,,,point,OPERATE
,0.568,,,Timing OFF,1517,,,,a,,4.896,,,point,OPERATE
,0.49,,,Timing OFF,1518,,,,a,,3.102,,,point,OPERATE
,0.555,,,Timing OFF,1519,,,,a,,2.841,,,point,OPERATE
,0.545,,,Timing OFF,1523,,,,a,,2.835,,,point,OPERATE
,4.677,,,Timing OFF,1526,,,,a,,3.035,,,point,OPERATE
,0.547,,,Timing OFF,1527,,,,a,,2.859,,,point,OPERATE
,0.489,,,Timing OFF,1538,,,,a,,4.23,,,point,OPERATE
,0.557,,,Timing OFF,1539,,,,a,,4.537,,,point,OPERATE
,1.577,,,Timing OFF,1541,,,,a,,1.751,,,point,OPERATE
,1.523,,,Timing OFF,1543,,,,a,,1.836,,,point,OPERATE
,0.518,,,Timing OFF,1549,,,,a,,2.843,,,point,OPERATE
,0.461,,,Timing OFF,1550,,,,a,,7.199,,,point,OPERATE
,0.568,,,Timing OFF,1551,,,,a,,4.05,,,point,OPERATE
,1.492,,,Timing OFF,1556,,,,a,,1.892,,,point,OPERATE
,0.491,,,Timing OFF,1559,,,,a,,2.901,,,point,OPERATE
,0.486,,,Timing OFF,1561,,,,a,,2.949,,,point,OPERATE
,0.536,,,Timing OFF,1564,,,,a,,2.962,,,point,OPERATE
,0.571,,,Timing OFF,1565,,,,a,,4.148,,,point,OPERATE
,1.151,,,Timing OFF,1569,,,,a,,2.01,,,point,OPERATE
,0.501,,,Timing OFF,1571,,,,a,,4.225,,,point,OPERATE
,0.572,,,Timing OFF,1573,,,,a,,5.821,,,point,OPERATE
,0.558,,,Timing OFF,1575,,,,a,,5.932,,,point,OPERATE
,0.522,,,Timing OFF,1576,,,,a,,2.89,,,point,OPERATE
,1.555,,,Timing OFF,1581,,,,a,,1.847,,,point,OPERATE
,1.083,,,Timing OFF,1585,,,,a,,2.009,,,point,OPERATE
,0.508,,,Timing OFF,1591,,,,a,,4.729,,,point,OPERATE
,0.486,,,Timing OFF,1594,,,,a,,2.967,,,point,OPERATE
,0.629,,,Timing OFF,1602,,,,a,,4.394,,,point,OPERATE
,0.495,,,Timing OFF,1603,,,,a,,4.103,,,point,OPERATE
,1.249,,,Timing OFF,1605,,,,a,,1.887,,,point,OPERATE
,1.564,,,Timing OFF,1607,,,,a,,1.796,,,point,OPERATE
,0.497,,,Timing OFF,1608,,,,a,,4.666,,,point,OPERATE
,0.497,,,Timing OFF,1609,,,,a,,4.384,,,point,OPERATE
,0.572,,,Timing OFF,1610,,,,a,,2.823,,,point,OPERATE
,0.497,,,Timing OFF,1611,,,,a,,2.818,,,point,OPERATE
,0.501,,,Timing OFF,1612,,,,a,,4.914,,,point,OPERATE
,0.54,,,Timing OFF,1613,,,,a,,6.963,,,point,OPERATE
,0.578,,,Timing OFF,1620,,,,a,,14.733,,,point,OPERATE
,1.102,,,Timing OFF,1622,,,,a,,1.943,,,point,OPERATE
,0.533,,,Timing OFF,1626,,,,a,,4.816,,,point,OPERATE
,1.569,,,Timing OFF,1636,,,,a,,5.965,,,point,OPERATE
,1.36,,,Timing OFF,1639,,,,a,,1.959,,,point,OPERATE
,1.409,,,Timing OFF,1641,,,,a,,1.811,,,point,OPERATE
,0.454,,,Timing OFF,1642,,,,a,,6.036,,,point,OPERATE
,0.562,,,Timing OFF,1643,,,,a,,1.81,,,point,OPERATE
,1.525,,,Timing OFF,1649,,,,a,,6.195,,,point,OPERATE
,0.516,,,Timing OFF,1650,,,,a,,5.859,,,point,OPERATE
,0.449,,,Timing OFF,1654,,,,a,,4.31,,,point,OPERATE
,0.506,,,Timing OFF,1662,,,,a,,9.106,,,point,OPERATE
,0.577,,,Timing OFF,1671,,,,a,,2.78,,,point,OPERATE
,0.494,,,Timing OFF,1676,,,,a,,7.034,,,point,OPERATE
,0.505,,,Timing OFF,1677,,,,a,,4.534,,,point,OPERATE
,0.498,,,Timing OFF,1682,,,,a,,4.368,,,point,OPERATE
,1.313,,,Timing OFF,1686,,,,a,,1.847,,,point,OPERATE
,1.347,,,Timing OFF,1688,,,,a,,2.526,,,point,OPERATE
,0.56,,,Timing OFF,1690,,,,a,,2.851,,,point,OPERATE
,1.585,,,Timing OFF,1693,,,,a,,1.894,,,point,OPERATE
,0.559,,,Timing OFF,1698,,,,a,,4.092,,,point,OPERATE
,0.511,,,Timing OFF,1700,,,,a,,2.939,,,point,OPERATE
,0.48,,,Timing OFF,1704,,,,a,,4.623,,,point,OPERATE
,0.441,,,Timing OFF,1706,,,,a,,2.91,,,point,OPERATE
,1.146,,,Timing OFF,1711,,,,a,,1.899,,,point,OPERATE
,0.495,,,Timing OFF,1713,,,,a,,5.672,,,point,OPERATE
,1.163,,,Timing OFF,1714,,,,a,,1.93,,,point,OPERATE
,1.352,,,Timing OFF,1716,,,,a,,1.867,,,point,OPERATE
,0.49,,,Timing OFF,1717,,,,a,,2.925,,,point,OPERATE
,1.156,,,Timing OFF,1721,,,,a,,1.905,,,point,OPERATE
,1.525,,,Timing OFF,1722,,,,a,,1.855,,,point,OPERATE
,1.128,,,Timing OFF,1726,,,,a,,1.985,,,point,OPERATE
,0.48,,,Timing OFF,1730,,,,a,,2.948,,,point,OPERATE
,1.308,,,Timing OFF,1731,,,,a,,1.833,,,point,OPERATE
,0.441,,,Timing OFF,1736,,,,a,,1.995,,,point,OPERATE
,0.495,,,Timing OFF,1737,,,,a,,3.409,,,point,OPERATE
,0.5,,,Timing OFF,1738,,,,a,,4.902,,,point,OPERATE
,0.565,,,Timing OFF,1742,,,,a,,2.801,,,point,OPERATE
,0.489,,,Timing OFF,1744,,,,a,,2.961,,,point,OPERATE
,0.445,,,Timing OFF,1747,,,,a,,1.945,,,point,OPERATE
,0.495,,,Timing OFF,1748,,,,a,,10.943,,,point,OPERATE
,0.574,,,Timing OFF,1750,,,,a,,4.779,,,point,OPERATE
,0.454,,,Timing OFF,1752,,,,a,,6.066,,,point,OPERATE
,0.602,,,Timing OFF,1753,,,,a,,2.827,,,point,OPERATE
,0.567,,,Timing OFF,1756,,,,a,,2.833,,,point,OPERATE
,0.48,,,Timing OFF,1757,,,,a,,2.898,,,point,OPERATE
,0.566,,,Timing OFF,1759,,,,a,,2.811,,,point,OPERATE
,0.461,,,Timing OFF,1761,,,,a,,4.506,,,point,OPERATE
,0.526,,,Timing OFF,1762,,,,a,,2.839,,,point,OPERATE
,1.469,,,Timing OFF,1765,,,,a,,4.909,,,point,OPERATE
,0.524,,,Timing OFF,1767,,,,a,,2.903,,,point,OPERATE
,0.493,,,Timing OFF,1768,,,,a,,4.826,,,point,OPERATE
,1.371,,,Timing OFF,1771,,,,a,,1.942,,,point,OPERATE
,0.454,,,Timing OFF,1773,,,,a,,4.492,,,point,OPERATE
,1.444,,,Timing OFF,1774,,,,a,,1.888,,,point,OPERATE
,0.534,,,Timing OFF,1775,,,,a,,6.18,,,point,OPERATE
,0.516,,,Timing OFF,1776,,,,a,,2.918,,,point,OPERATE
,0.502,,,Timing OFF,1777,,,,a,,5.093,,,point,OPERATE
,0.443,,,Timing OFF,1778,,,,a,,3.047,,,point,OPERATE
,0.5,,,Timing OFF,1782,,,,a,,4.753,,,point,OPERATE
,0.525,,,Timing OFF,1786,,,,a,,4.421,,,point,OPERATE
,0.529,,,Timing OFF,1788,,,,a,,2.831,,,point,OPERATE
,0.45,,,Timing OFF,1790,,,,a,,5.102,,,point,OPERATE
,0.523,,,Timing OFF,1798,,,,a,,2.926,,,point,OPERATE
,0.492,,,Timing OFF,1802,,,,a,,2.926,,,point,OPERATE
,0.574,,,Timing OFF,1804,,,,a,,3.982,,,point,OPERATE
,1.379,,,Timing OFF,1805,,,,a,,1.904,,,point,OPERATE
,1.096,,,Timing OFF,1809,,,,a,,1.945,,,point,OPERATE
,0.488,,,Timing OFF,1815,,,,a,,3.008,,,point,OPERATE
,0.477,,,Timing OFF,1820,,,,a,,2.965,,,point,OPERATE
,0.501,,,Timing OFF,1821,,,,a,,5.846,,,point,OPERATE
,1.545,,,Timing OFF,1822,,,,a,,1.866,,,point,OPERATE
,0.495,,,Timing OFF,1823,,,,a,,6.463,,,point,OPERATE
,0.458,,,Timing OFF,1824,,,,a,,5.532,,,point,OPERATE
,0.488,,,Timing OFF,1826,,,,a,,3.0,,,point,OPERATE
,0.493,,,Timing OFF,1830,,,,a,,3.027,,,point,OPERATE
,0.58,,,Timing OFF,1831,,,,a,,4.122,,,point,OPERATE
,0.443,,,Timing OFF,1832,,,,a,,2.957,,,point,OPERATE
,0.553,,,Timing OFF,1834,,,,a,,2.994,,,point,OPERATE
,0.575,,,Timing OFF,1837,,,,a,,9.18,,,point,OPERATE
,0.496,,,Timing OFF,1838,,,,a,,3.042,,,point,OPERATE
,1.267,,,Timing OFF,1846,,,,a,,1.849,,,point,OPERATE
,0.496,,,Timing OFF,1847,,,,a,,4.958,,,point,OPERATE
,0.454,,,Timing OFF,1855,,,,a,,5.836,,,point,OPERATE
,0.485,,,Timing OFF,1856,,,,a,,1.953,,,point,OPERATE
,0.502,,,Timing OFF,1860,,,,a,,2.862,,,point,OPERATE
,0.602,,,Timing OFF,1861,,,,a,,6.665,,,point,OPERATE
,0.455,,,Timing OFF,1865,,,,a,,4.925,,,point,OPERATE
,0.492,,,Timing OFF,1867,,,,a,,4.664,,,point,OPERATE
,0.496,,,Timing OFF,1869,,,,a,,19.554,,,point,OPERATE
,0.705,,,Timing OFF,1870,,,,a,,2.983,,,point,OPERATE
,1.18,,,Timing OFF,1872,,,,a,,1.879,,,point,OPERATE
,0.455,,,Timing OFF,1873,,,,a,,4.829,,,point,OPERATE
,0.443,,,Timing OFF,1883,,,,a,,3.078,,,point,OPERATE
,0.474,,,Timing OFF,1885,,,,a,,3.012,,,point,OPERATE
,0.552,,,Timing OFF,1888,,,,a,,5.86,,,point,OPERATE
,0.579,,,Timing OFF,1891,,,,a,,4.082,,,point,OPERATE
,1.568,,,Timing OFF,1893,,,,a,,1.868,,,point,OPERATE
,0.564,,,Timing OFF,1894,,,,a,,2.765,,,point,OPERATE
,1.122,,,Timing OFF,1897,,,,a,,1.978,,,point,OPERATE
,0.498,,,Timing OFF,1900,,,,a,,5.976,,,point,OPERATE
,1.394,,,Timing OFF,1904,,,,a,,5.026,,,point,OPERATE
,0.487,,,Timing OFF,1907,,,,a,,2.958,,,point,OPERATE
,1.568,,,Timing OFF,1909,,,,a,,1.874,,,point,OPERATE
,1.503,,,Timing OFF,1917,,,,a,,1.841,,,point,OPERATE
,0.448,,,Timing OFF,1923,,,,a,,14.378,,,point,OPERATE
,0.507,,,Timing OFF,1924,,,,a,,2.935,,,point,OPERATE
,0.53,,,Timing OFF,1925,,,,a,,5.865,,,point,OPERATE
,0.568,,,Timing OFF,1928,,,,a,,9.675,,,point,OPERATE
,1.536,,,Timing OFF,1932,,,,a,,4.883,,,point,OPERATE
,0.541,,,Timing OFF,1934,,,,a,,7.793,,,point,OPERATE
,1.379,,,Timing OFF,1938,,,,a,,1.878,,,point,OPERATE
,0.477,,,Timing OFF,1939,,,,a,,3.052,,,point,OPERATE
,0.444,,,Timing OFF,1943,,,,a,,3.076,,,point,OPERATE
,1.57,,,Timing OFF,1944,,,,a,,1.82,,,point,OPERATE
,0.53,,,Timing OFF,1946,,,,a,,2.922,,,point,OPERATE
,0.59,,,Timing OFF,1947,,,,a,,4.243,,,point,OPERATE
,0.562,,,Timing OFF,1948,,,,a,,2.885,,,point,OPERATE
,0.472,,,Timing OFF,1956,,,,a,,1.93,,,point,OPERATE
,0.599,,,Timing OFF,1962,,,,a,,2.796,,,point,OPERATE
,0.497,,,Timing OFF,1963,,,,a,,4.349,,,point,OPERATE
,0.486,,,Timing OFF,1964,,,,a,,2.932,,,point,OPERATE
,0.496,,,Timing OFF,1965,,,,a,,4.364,,,point,OPERATE
,1.511,,,Timing OFF,1967,,,,a,,5.012,,,point,OPERATE
,0.496,,,Timing OFF,1971,,,,a,,5.094,,,point,OPERATE
,0.561,,,Timing OFF,1972,,,,a,,2.903,,,point,OPERATE
,0.571,,,Timing OFF,1975,,,,a,,2.895,,,point,OPERATE
,0.57,,,Timing OFF,1976,,,,a,,9.285,,,point,OPERATE
,0.573,,,Timing OFF,1979,,,,a,,4.17,,,point,OPERATE
,1.622,,,Timing OFF,1988,,,,a,,2.15,,,point,OPERATE
,0.493,,,Timing OFF,1991,,,,a,,1.895,,,point,OPERATE
,1.536,,,Timing OFF,1992,,,,a,,9.837,,,point,OPERATE
,0.563,,,Timing OFF,1995,,,,a,,2.915,,,point,OPERATE
,0.482,,,Timing OFF,1996,,,,a,,2.898,,,point,OPERATE
,0.502,,,Timing OFF,2000,,,,a,,3.049,,,point,OPERATE
,1.499,,,Timing OFF,2004,,,,a,,4.984,,,point,OPERATE
,0.45,,,Timing OFF,2013,,,,a,,3.002,,,point,OPERATE
,0.503,,,Timing OFF,2021,,,,a,,5.886,,,point,OPERATE
,1.613,,,Timing OFF,2022,,,,a,,1.899,,,point,OPERATE
,0.576,,,Timing OFF,2024,,,,a,,2.812,,,point,OPERATE
,0.492,,,Timing OFF,2025,,,,a,,15.115,,,point,OPERATE
,0.521,,,Timing OFF,2026,,,,a,,2.85,,,point,OPERATE
,0.496,,,Timing OFF,2028,,,,a,,4.92,,,point,OPERATE
,0.556,,,Timing OFF,2036,,,,a,,2.87,,,point,OPERATE
,0.5,,,Timing OFF,2039,,,,a,,4.664,,,point,OPERATE
,0.519,,,Timing OFF,2041,,,,a,,2.917,,,point,OPERATE
,0.496,,,Timing OFF,2044,,,,a,,8.905,,,point,OPERATE
,0.493,,,Timing OFF,2049,,,,a,,2.904,,,point,OPERATE
,1.582,,,Timing OFF,2055,,,,a,,1.833,,,point,OPERATE
,0.446,,,Timing OFF,2056,,,,a,,2.977,,,point,OPERATE
,0.568,,,Timing OFF,2059,,,,a,,9.555,,,point,OPERATE
,0.562,,,Timing OFF,2063,,,,a,,2.898,,,point,OPERATE
,1.568,,,Timing OFF,2066,,,,a,,1.85,,,point,OPERATE
,0.49,,,Timing OFF,2069,,,,a,,5.875,,,point,OPERATE
,0.488,,,Timing OFF,2070,,,,a,,1.895,,,point,OPERATE
,0.494,,,Timing OFF,2074,,,,a,,4.76,,,point,OPERATE
,0.488,,,Timing OFF,2078,,,,a,,2.967,,,point,OPERATE
,0.552,,,Timing OFF,2081,,,,a,,2.926,,,point,OPERATE
,0.497,,,Timing OFF,2082,,,,a,,4.745,,,point,OPERATE
,0.444,,,Timing OFF,2083,,,,a,,2.946,,,point,OPERATE
,0.571,,,Timing OFF,2086,,,,a,,2.826,,,point,OPERATE
,0.563,,,Timing OFF,2088,,,,a,,2.825,,,point,OPERATE
,1.091,,,Timing OFF,2089,,,,a,,1.942,,,point,OPERATE
,1.229,,,Timing OFF,2090,,,,a,,1.819,,,point,OPERATE
,1.573,,,Timing OFF,2093,,,,a,,5.915,,,point,OPERATE
,1.549,,,Timing OFF,2094,,,,a,,1.833,,,point,OPERATE
,0.444,,,Timing OFF,2098,,,,a,,2.945,,,point,OPERATE
,0.618,,,Timing OFF,2100,,,,a,,3.676,,,point,OPERATE
,1.145,,,Timing OFF,2104,,,,a,,1.94,,,point,OPERATE
,0.489,,,Timing OFF,2109,,,,a,,2.91,,,point,OPERATE
,1.136,,,Timing OFF,2112,,,,a,,1.9,,,point,OPERATE
,0.49,,,Timing OFF,2114,,,,a,,2.967,,,point,OPERATE
,1.337,,,Timing OFF,2115,,,,a,,5.054,,,point,OPERATE
,0.57,,,Timing OFF,2117,,,,a,,2.853,,,point,OPERATE
,0.568,,,Timing OFF,2120,,,,a,,2.888,,,point,OPERATE
,0.515,,,Timing OFF,2129,,,,a,,2.922,,,point,OPERATE
,1.399,,,Timing OFF,2130,,,,a,,5.094,,,point,OPERATE
,0.539,,,Timing OFF,2133,,,,a,,3.046,,,point,OPERATE
,0.519,,,Timing OFF,2136,,,,a,,1.863,,,point,OPERATE
,0.571,,,Timing OFF,2139,,,,a,,2.766,,,point,OPERATE
,0.485,,,Timing OFF,2143,,,,a,,2.818,,,point,OPERATE
,0.529,,,Timing OFF,2145,,,,a,,4.887,,,point,OPERATE
,0.486,,,Timing OFF,2148,,,,a,,1.901,,,point,OPERATE
,0.485,,,Timing OFF,2154,,,,a,,2.932,,,point,OPERATE
,0.574,,,Timing OFF,2155,,,,a,,3.961,,,point,OPERATE
,0.494,,,Timing OFF,2160,,,,a,,4.136,,,point,OPERATE
,1.292,,,Timing OFF,2165,,,,a,,1.884,,,point,OPERATE
,0.625,,,Timing OFF,2168,,,,a,,2.816,,,point,OPERATE
,1.128,,,Timing OFF,2169,,,,a,,1.939,,,point,OPERATE
,0.582,,,Timing OFF,2171,,,,a,,2.909,,,point,OPERATE
,0.44,,,Timing OFF,2174,,,,a,,1.937,,,point,OPERATE
,0.504,,,Timing OFF,2177,,,,a,,4.397,,,point,OPERATE
,0.448,,,Timing OFF,2178,,,,a,,2.91,,,point,OPERATE
,1.176,,,Timing OFF,2180,,,,a,,1.908,,,point,OPERATE
,0.567,,,Timing OFF,2182,,,,a,,4.062,,,point,OPERATE
,0.491,,,Timing OFF,2183,,,,a,,2.975,,,point,OPERATE
,0.578,,,Timing OFF,2185,,,,a,,4.066,,,point,OPERATE
,1.304,,,Timing OFF,2186,,,,a,,1.942,,,point,OPERATE
,4.565,,,Timing OFF,2187,,,,a,,3.05,,,point,OPERATE
,0.486,,,Timing OFF,2188,,,,a,,2.921,,,point,OPERATE
,0.568,,,Timing OFF,2190,,,,a,,4.0,,,point,OPERATE
,1.519,,,Timing OFF,2191,,,,a,,1.891,,,point,OPERATE
,1.296,,,Timing OFF,2193,,,,a,,1.941,,,point,OPERATE
,0.528,,,Timing OFF,2195,,,,a,,2.969,,,point,OPERATE
,0.52,,,Timing OFF,2196,,,,a,,2.857,,,point,OPERATE
,0.485,,,Timing OFF,2197,,,,a,,2.946,,,point,OPERATE
,0.488,,,Timing OFF,2200,,,,a,,2.914,,,point,OPERATE
,1.376,,,Timing OFF,2207,,,,a,,1.854,,,point,OPERATE
,0.558,,,Timing OFF,2208,,,,a,,2.807,,,point,OPERATE
,1.556,,,Timing OFF,2212,,,,a,,1.991,,,point,OPERATE
,0.483,,,Timing OFF,2215,,,,a,,2.929,,,point,OPERATE
,0.558,,,Timing OFF,2217,,,,a,,1.828,,,point,OPERATE
,0.5,,,Timing OFF,2220,,,,a,,4.298,,,point,OPERATE
,0.448,,,Timing OFF,2226,,,,a,,4.487,,,point,OPERATE
,0.529,,,Timing OFF,2233,,,,a,,2.894,,,point,OPERATE
,0.496,,,Timing OFF,2234,,,,a,,5.951,,,point,OPERATE
,0.563,,,Timing OFF,2247,,,,a,,2.945,,,point,OPERATE
,0.528,,,Timing OFF,2248,,,,a,,4.431,,,point,OPERATE
,0.564,,,Timing OFF,2250,,,,a,,2.913,,,point,OPERATE
,1.575,,,Timing OFF,2252,,,,a,,1.83,,,point,OPERATE
,0.564,,,Timing OFF,2253,,,,a,,3.083,,,point,OPERATE
,1.195,,,Timing OFF,2255,,,,a,,1.942,,,point,OPERATE
,0.488,,,Timing OFF,2256,,,,a,,2.814,,,point,OPERATE
,1.38,,,Timing OFF,2258,,,,a,,1.876,,,point,OPERATE
,0.572,,,Timing OFF,2259,,,,a,,1.811,,,point,OPERATE
,1.527,,,Timing OFF,2263,,,,a,,1.878,,,point,OPERATE
,0.44,,,Timing OFF,2265,,,,a,,2.91,,,point,OPERATE
,0.507,,,Timing OFF,2268,,,,a,,2.883,,,point,OPERATE
,1.144,,,Timing OFF,2273,,,,a,,1.945,,,point,OPERATE
,0.491,,,Timing OFF,2276,,,,a,,4.258,,,point,OPERATE
,0.524,,,Timing OFF,2277,,,,a,,4.369,,,point,OPERATE
,0.525,,,Timing OFF,2279,,,,a,,11.112,,,point,OPERATE
,1.538,,,Timing OFF,2281,,,,a,,4.843,,,point,OPERATE
,5.632,,,Timing OFF,2282,,,,a,,1.863,,,point,OPERATE
,0.527,,,Timing OFF,2284,,,,a,,7.538,,,point,OPERATE
,1.378,,,Timing OFF,2285,,,,a,,1.907,,,point,OPERATE
,0.568,,,Timing OFF,2290,,,,a,,2.879,,,point,OPERATE
,0.492,,,Timing OFF,2298,,,,a,,4.826,,,point,OPERATE
,0.455,,,Timing OFF,2300,,,,a,,4.903,,,point,OPERATE
,1.719,,,Timing OFF,2303,,,,a,,1.865,,,point,OPERATE
,1.537,,,Timing OFF,2316,,,,a,,1.817,,,point,OPERATE
,0.495,,,Timing OFF,2317,,,,a,,4.192,,,point,OPERATE
,0.486,,,Timing OFF,2318,,,,a,,1.896,,,point,OPERATE
,0.489,,,Timing OFF,2319,,,,a,,2.869,,,point,OPERATE
,0.517,,,Timing OFF,2322,,,,a,,2.885,,,point,OPERATE
,0.576,,,Timing OFF,2323,,,,a,,4.313,,,point,OPERATE
,0.576,,,Timing OFF,2326,,,,a,,5.796,,,point,OPERATE
,0.489,,,Timing OFF,2327,,,,a,,2.931,,,point,OPERATE
,1.136,,,Timing OFF,2329,,,,a,,1.902,,,point,OPERATE
,1.082,,,Timing OFF,2330,,,,a,,1.879,,,point,OPERATE
,1.417,,,Timing OFF,2333,,,,a,,1.876,,,point,OPERATE
,0.559,,,Timing OFF,2335,,,,a,,5.858,,,point,OPERATE
,0.567,,,Timing OFF,2336,,,,a,,2.833,,,point,OPERATE
,1.519,,,Timing OFF,2337,,,,a,,1.827,,,point,OPERATE
,0.575,,,Timing OFF,2338,,,,a,,1.802,,,point,OPERATE
,0.497,,,Timing OFF,2341,,,,a,,2.916,,,point,OPERATE
,1.134,,,Timing OFF,2343,,,,a,,2.074,,,point,OPERATE
,1.199,,,Timing OFF,2348,,,,a,,1.894,,,point,OPERATE
,1.375,,,Timing OFF,2350,,,,a,,1.864,,,point,OPERATE
,0.535,,,Timing OFF,2357,,,,a,,2.852,,,point,OPERATE
,1.114,,,Timing OFF,2358,,,,a,,1.949,,,point,OPERATE
,1.477,,,Timing OFF,2362,,,,a,,1.857,,,point,OPERATE
,0.444,,,Timing OFF,2363,,,,a,,1.918,,,point,OPERATE
,0.447,,,Timing OFF,2364,,,,a,,1.93,,,point,OPERATE
,1.53,,,Timing OFF,2367,,,,a,,1.816,,,point,OPERATE
,0.482,,,Timing OFF,2371,,,,a,,2.979,,,point,OPERATE
,0.561,,,Timing OFF,2376,,,,a,,2.847,,,point,OPERATE
,1.527,,,Timing OFF,2379,,,,a,,1.809,,,point,OPERATE
,0.486,,,Timing OFF,2383,,,,a,,2.86,,,point,OPERATE
,0.527,,,Timing OFF,2387,,,,a,,10.913,,,point,OPERATE
,0.535,,,Timing OFF,2389,,,,a,,5.732,,,point,OPERATE
,1.128,,,Timing OFF,2398,,,,a,,1.962,,,point,OPERATE
,0.491,,,Timing OFF,2400,,,,a,,2.914,,,point,OPERATE
,1.055,,,Timing OFF,2401,,,,a,,2.005,,,point,OPERATE
,1.147,,,Timing OFF,2403,,,,a,,1.925,,,point,OPERATE
,0.485,,,Timing OFF,2404,,,,a,,4.582,,,point,OPERATE
,0.707,,,Timing OFF,2412,,,,a,,2.858,,,point,OPERATE
,0.513,,,Timing OFF,2414,,,,a,,1.904,,,point,OPERATE
,0.487,,,Timing OFF,2415,,,,a,,4.737,,,point,OPERATE
,1.152,,,Timing OFF,2429,,,,a,,1.884,,,point,OPERATE
,0.488,,,Timing OFF,2430,,,,a,,4.288,,,point,OPERATE
,0.561,,,Timing OFF,2438,,,,a,,1.81,,,point,OPERATE
,1.188,,,Timing OFF,2443,,,,a,,1.858,,,point,OPERATE
,0.523,,,Timing OFF,2444,,,,a,,4.431,,,point,OPERATE
,0.565,,,Timing OFF,2445,,,,a,,2.861,,,point,OPERATE
,0.566,,,Timing OFF,2446,,,,a,,2.814,,,point,OPERATE
,0.494,,,Timing OFF,2448,,,,a,,2.901,,,point,OPERATE
,0.521,,,Timing OFF,2449,,,,a,,1.865,,,point,OPERATE
,0.46,,,Timing OFF,2452,,,,a,,2.939,,,point,OPERATE
,1.526,,,Timing OFF,2454,,,,a,,1.872,,,point,OPERATE
,0.566,,,Timing OFF,2455,,,,a,,4.82,,,point,OPERATE
,0.512,,,Timing OFF,2457,,,,a,,2.928,,,point,OPERATE
,1.559,,,Timing OFF,2460,,,,a,,4.376,,,point,OPERATE
,0.478,,,Timing OFF,2461,,,,a,,2.989,,,point,OPERATE
,1.502,,,Timing OFF,2466,,,,a,,4.973,,,point,OPERATE
,0.688,,,Timing OFF,2469,,,,a,,2.85,,,point,OPERATE
,1.53,,,Timing OFF,2470,,,,a,,1.931,,,point,OPERATE
,0.584,,,Timing OFF,2480,,,,a,,7.59,,,point,OPERATE
,0.439,,,Timing OFF,2484,,,,a,,2.889,,,point,OPERATE
,0.558,,,Timing OFF,2485,,,,a,,2.887,,,point,OPERATE
,0.496,,,Timing OFF,2486,,,,a,,4.128,,,point,OPERATE
,0.56,,,Timing OFF,2489,,,,a,,10.784,,,point,OPERATE
,1.565,,,Timing OFF,2494,,,,a,,4.962,,,point,OPERATE
,1.249,,,Timing OFF,2495,,,,a,,1.812,,,point,OPERATE
,0.485,,,Timing OFF,2497,,,,a,,2.981,,,point,OPERATE
,0.506,,,Timing OFF,2502,,,,a,,4.591,,,point,OPERATE
,0.479,,,Timing OFF,2503,,,,a,,3.077,,,point,OPERATE
,0.484,,,Timing OFF,2504,,,,a,,2.893,,,point,OPERATE
,0.561,,,Timing OFF,2505,,,,a,,4.606,,,point,OPERATE
,1.255,,,Timing OFF,2506,,,,a,,1.932,,,point,OPERATE
,0.507,,,Timing OFF,2507,,,,a,,1.889,,,point,OPERATE
,0.558,,,Timing OFF,2508,,,,a,,1.83,,,point,OPERATE
,0.52,,,Timing OFF,2509,,,,a,,2.861,,,point,OPERATE
,1.556,,,Timing OFF,2510,,,,a,,1.834,,,point,OPERATE
,1.176,,,Timing OFF,2512,,,,a,,1.94,,,point,OPERATE
,1.264,,,Timing OFF,2514,,,,a,,1.836,,,point,OPERATE
,0.521,,,Timing OFF,2522,,,,a,,3.606,,,point,OPERATE
,0.483,,,Timing OFF,2523,,,,a,,2.97,,,point,OPERATE
,0.484,,,Timing OFF,2530,,,,a,,3.043,,,point,OPERATE
,0.487,,,Timing OFF,2533,,,,a,,2.884,,,point,OPERATE
,0.5,,,Timing OFF,2536,,,,a,,4.544,,,point,OPERATE
,0.558,,,Timing OFF,2537,,,,a,,4.383,,,point,OPERATE
,1.313,,,Timing OFF,2538,,,,a,,1.899,,,point,OPERATE
,1.451,,,Timing OFF,2540,,,,a,,1.849,,,point,OPERATE
,0.486,,,Timing OFF,2543,,,,a,,2.979,,,point,OPERATE
,0.494,,,Timing OFF,2550,,,,a,,5.004,,,point,OPERATE
,0.498,,,Timing OFF,2552,,,,a,,14.79,,,point,OPERATE
,0.489,,,Timing OFF,2557,,,,a,,2.949,,,point,OPERATE
,0.559,,,Timing OFF,2558,,,,a,,4.52,,,point,OPERATE
,1.265,,,Timing OFF,2560,,,,a,,1.925,,,point,OPERATE
,0.449,,,Timing OFF,2567,,,,a,,2.936,,,point,OPERATE
,0.503,,,Timing OFF,2570,,,,a,,4.346,,,point,OPERATE
,1.56,,,Timing OFF,2572,,,,a,,1.887,,,point,OPERATE
,1.118,,,Timing OFF,2579,,,,a,,1.94,,,point,OPERATE
,0.563,,,Timing OFF,2581,,,,a,,19.631,,,point,OPERATE
,1.588,,,Timing OFF,2586,,,,a,,1.823,,,point,OPERATE
,1.289,,,Timing OFF,2594,,,,a,,1.812,,,point,OPERATE
,5.658,,,Timing OFF,2596,,,,a,,2.015,,,point,OPERATE
,0.576,,,Timing OFF,2604,,,,a,,5.443,,,point,OPERATE
,0.502,,,Timing OFF,2605,,,,a,,2.915,,,point,OPERATE
,0.501,,,Timing OFF,2608,,,,a,,5.042,,,point,OPERATE
,0.569,,,Timing OFF,2614,,,,a,,2.836,,,point,OPERATE
,0.547,,,Timing OFF,2619,,,,a,,4.309,,,point,OPERATE
,1.575,,,Timing OFF,2620,,,,a,,5.941,,,point,OPERATE
,0.58,,,Timing OFF,2621,,,,a,,2.838,,,point,OPERATE
,0.557,,,Timing OFF,2625,,,,a,,2.866,,,point,OPERATE
,0.513,,,Timing OFF,2635,,,,a,,2.876,,,point,OPERATE
,1.513,,,Timing OFF,2638,,,,a,,1.873,,,point,OPERATE
,0.557,,,Timing OFF,2639,,,,a,,4.771,,,point,OPERATE
0.554,,0.45,1.57305,Timing OFF,,900,2640,,,2.929,,1.831,6.9632,summary,OPERATE
,20.092,,,Obfuscated,21,,,,b,,8.021,,,point,READ
,20.038,,,Obfuscated,131,,,,b,,8.005,,,point,READ
,20.113,,,Obfuscated,132,,,,b,,7.997,,,point,READ
,20.108,,,Obfuscated,154,,,,b,,8.0,,,point,READ
,20.107,,,Obfuscated,177,,,,b,,8.001,,,point,READ
,20.11,,,Obfuscated,194,,,,b,,7.99,,,point,READ
,20.112,,,Obfuscated,217,,,,b,,8.0,,,point,READ
,20.109,,,Obfuscated,225,,,,b,,7.998,,,point,READ
,20.127,,,Obfuscated,232,,,,b,,7.98,,,point,READ
,20.092,,,Obfuscated,233,,,,b,,8.024,,,point,READ
,20.088,,,Obfuscated,250,,,,b,,8.016,,,point,READ
,20.089,,,Obfuscated,254,,,,b,,8.017,,,point,READ
,20.088,,,Obfuscated,270,,,,b,,8.024,,,point,READ
,20.084,,,Obfuscated,275,,,,b,,8.028,,,point,READ
,20.105,,,Obfuscated,419,,,,b,,8.001,,,point,READ
,20.082,,,Obfuscated,532,,,,b,,8.026,,,point,READ
,20.106,,,Obfuscated,673,,,,b,,7.999,,,point,READ
,20.09,,,Obfuscated,684,,,,b,,8.006,,,point,READ
,20.081,,,Obfuscated,691,,,,b,,8.027,,,point,READ
,20.099,,,Obfuscated,696,,,,b,,8.002,,,point,READ
,20.088,,,Obfuscated,707,,,,b,,8.023,,,point,READ
,20.037,,,Obfuscated,720,,,,b,,8.07,,,point,READ
,20.117,,,Obfuscated,721,,,,b,,7.993,,,point,READ
,20.042,,,Obfuscated,722,,,,b,,8.074,,,point,READ
,20.102,,,Obfuscated,737,,,,b,,8.001,,,point,READ
,20.102,,,Obfuscated,778,,,,b,,8.004,,,point,READ
,20.073,,,Obfuscated,790,,,,b,,8.013,,,point,READ
,20.113,,,Obfuscated,796,,,,b,,8.0,,,point,READ
,20.106,,,Obfuscated,843,,,,b,,8.0,,,point,READ
,20.094,,,Obfuscated,910,,,,b,,8.022,,,point,READ
,20.115,,,Obfuscated,942,,,,b,,7.992,,,point,READ
,20.081,,,Obfuscated,977,,,,b,,8.023,,,point,READ
,20.041,,,Obfuscated,991,,,,b,,8.069,,,point,READ
,20.095,,,Obfuscated,1040,,,,b,,8.025,,,point,READ
,20.091,,,Obfuscated,1067,,,,b,,8.013,,,point,READ
,20.042,,,Obfuscated,1103,,,,b,,8.075,,,point,READ
,20.037,,,Obfuscated,1117,,,,b,,8.068,,,point,READ
,20.095,,,Obfuscated,1119,,,,b,,8.0,,,point,READ
,20.036,,,Obfuscated,1192,,,,b,,8.071,,,point,READ
,20.042,,,Obfuscated,1194,,,,b,,8.073,,,point,READ
,20.107,,,Obfuscated,1205,,,,b,,8.004,,,point,READ
,20.107,,,Obfuscated,1251,,,,b,,8.003,,,point,READ
,20.106,,,Obfuscated,1293,,,,b,,8.001,,,point,READ
,20.083,,,Obfuscated,1306,,,,b,,8.032,,,point,READ
,20.112,,,Obfuscated,1307,,,,b,,7.999,,,point,READ
,20.105,,,Obfuscated,1329,,,,b,,8.009,,,point,READ
,20.116,,,Obfuscated,1355,,,,b,,7.99,,,point,READ
,20.101,,,Obfuscated,1401,,,,b,,8.016,,,point,READ
,20.106,,,Obfuscated,1430,,,,b,,8.0,,,point,READ
,20.082,,,Obfuscated,1473,,,,b,,8.015,,,point,READ
,20.082,,,Obfuscated,1478,,,,b,,8.026,,,point,READ
,20.107,,,Obfuscated,1480,,,,b,,7.976,,,point,READ
,20.11,,,Obfuscated,1488,,,,b,,8.003,,,point,READ
,20.105,,,Obfuscated,1526,,,,b,,8.004,,,point,READ
,20.105,,,Obfuscated,1566,,,,b,,8.002,,,point,READ
,20.107,,,Obfuscated,1572,,,,b,,8.001,,,point,READ
,20.083,,,Obfuscated,1592,,,,b,,8.017,,,point,READ
,20.102,,,Obfuscated,1639,,,,b,,8.001,,,point,READ
,20.036,,,Obfuscated,1670,,,,b,,7.999,,,point,READ
,20.083,,,Obfuscated,1681,,,,b,,8.028,,,point,READ
,20.099,,,Obfuscated,1754,,,,b,,8.008,,,point,READ
,20.105,,,Obfuscated,1830,,,,b,,8.005,,,point,READ
,20.115,,,Obfuscated,1847,,,,b,,7.999,,,point,READ
,20.1,,,Obfuscated,1861,,,,b,,8.011,,,point,READ
,20.095,,,Obfuscated,1864,,,,b,,8.002,,,point,READ
,20.11,,,Obfuscated,1898,,,,b,,8.002,,,point,READ
,20.108,,,Obfuscated,1904,,,,b,,8.001,,,point,READ
,20.096,,,Obfuscated,1913,,,,b,,8.006,,,point,READ
,20.115,,,Obfuscated,1974,,,,b,,7.99,,,point,READ
,20.09,,,Obfuscated,2012,,,,b,,8.019,,,point,READ
,20.072,,,Obfuscated,2028,,,,b,,8.032,,,point,READ
,20.086,,,Obfuscated,2058,,,,b,,7.952,,,point,READ
,20.108,,,Obfuscated,2060,,,,b,,8.001,,,point,READ
,20.084,,,Obfuscated,2083,,,,b,,8.023,,,point,READ
,20.082,,,Obfuscated,2153,,,,b,,8.048,,,point,READ
,20.115,,,Obfuscated,2226,,,,b,,7.995,,,point,READ
,20.088,,,Obfuscated,2331,,,,b,,8.029,,,point,READ
,20.113,,,Obfuscated,2369,,,,b,,7.996,,,point,READ
,20.107,,,Obfuscated,2404,,,,b,,8.003,,,point,READ
,20.102,,,Obfuscated,2443,,,,b,,8.012,,,point,READ
,20.086,,,Obfuscated,2474,,,,b,,8.022,,,point,READ
,20.086,,,Obfuscated,2492,,,,b,,8.025,,,point,READ
,20.085,,,Obfuscated,2502,,,,b,,8.022,,,point,READ
,20.113,,,Obfuscated,2525,,,,b,,7.993,,,point,READ
,20.09,,,Obfuscated,2537,,,,b,,8.027,,,point,READ
,20.105,,,Obfuscated,2549,,,,b,,8.003,,,point,READ
,20.095,,,Obfuscated,2604,,,,b,,8.013,,,point,READ
,20.09,,,Obfuscated,2610,,,,b,,8.017,,,point,READ
,20.089,,,Obfuscated,2658,,,,b,,8.017,,,point,READ
,20.106,,,Obfuscated,2686,,,,b,,8.0,,,point,READ
,20.107,,,Obfuscated,2691,,,,b,,8.003,,,point,READ
,20.041,,,Obfuscated,2721,,,,b,,7.999,,,point,READ
,20.104,,,Obfuscated,2744,,,,b,,8.0,,,point,READ
,20.095,,,Obfuscated,2785,,,,b,,7.999,,,point,READ
,20.108,,,Obfuscated,2845,,,,b,,8.005,,,point,READ
,20.109,,,Obfuscated,2854,,,,b,,8.004,,,point,READ
,20.117,,,Obfuscated,2887,,,,b,,7.989,,,point,READ
,20.107,,,Obfuscated,2937,,,,b,,8.003,,,point,READ
,20.11,,,Obfuscated,2966,,,,b,,7.997,,,point,READ
,20.104,,,Obfuscated,2977,,,,b,,8.009,,,point,READ
,20.094,,,Obfuscated,3001,,,,b,,8.018,,,point,READ
,20.091,,,Obfuscated,3026,,,,b,,8.004,,,point,READ
,20.083,,,Obfuscated,3122,,,,b,,8.002,,,point,READ
,20.088,,,Obfuscated,3172,,,,b,,8.018,,,point,READ
,20.092,,,Obfuscated,3198,,,,b,,8.02,,,point,READ
,20.089,,,Obfuscated,3208,,,,b,,8.025,,,point,READ
,20.084,,,Obfuscated,3214,,,,b,,8.022,,,point,READ
,20.105,,,Obfuscated,3226,,,,b,,7.993,,,point,READ
,20.106,,,Obfuscated,3261,,,,b,,8.0,,,point,READ
,20.043,,,Obfuscated,3268,,,,b,,7.993,,,point,READ
,20.083,,,Obfuscated,3308,,,,b,,8.028,,,point,READ
,20.11,,,Obfuscated,3334,,,,b,,7.997,,,point,READ
,20.106,,,Obfuscated,3446,,,,b,,8.002,,,point,READ
,20.082,,,Obfuscated,3505,,,,b,,8.025,,,point,READ
,20.084,,,Obfuscated,3524,,,,b,,8.022,,,point,READ
,20.105,,,Obfuscated,3539,,,,b,,7.999,,,point,READ
,20.104,,,Obfuscated,3577,,,,b,,8.0,,,point,READ
,20.104,,,Obfuscated,3673,,,,b,,8.001,,,point,READ
,20.102,,,Obfuscated,3680,,,,b,,8.013,,,point,READ
,20.104,,,Obfuscated,3738,,,,b,,8.0,,,point,READ
,20.087,,,Obfuscated,3765,,,,b,,8.025,,,point,READ
,20.105,,,Obfuscated,3780,,,,b,,7.994,,,point,READ
,20.122,,,Obfuscated,3805,,,,b,,7.982,,,point,READ
,20.102,,,Obfuscated,3823,,,,b,,8.0,,,point,READ
,20.081,,,Obfuscated,3891,,,,b,,8.016,,,point,READ
,20.112,,,Obfuscated,3902,,,,b,,7.989,,,point,READ
,20.102,,,Obfuscated,3903,,,,b,,8.016,,,point,READ
,20.106,,,Obfuscated,3955,,,,b,,8.002,,,point,READ
,20.091,,,Obfuscated,3986,,,,b,,8.019,,,point,READ
,20.082,,,Obfuscated,4002,,,,b,,8.033,,,point,READ
,20.108,,,Obfuscated,4016,,,,b,,8.001,,,point,READ
,20.108,,,Obfuscated,4021,,,,b,,8.001,,,point,READ
,20.087,,,Obfuscated,4026,,,,b,,8.026,,,point,READ
,20.1,,,Obfuscated,4041,,,,b,,7.998,,,point,READ
,20.105,,,Obfuscated,4050,,,,b,,8.001,,,point,READ
,20.107,,,Obfuscated,4078,,,,b,,8.003,,,point,READ
,20.103,,,Obfuscated,4107,,,,b,,8.006,,,point,READ
,20.081,,,Obfuscated,4127,,,,b,,8.028,,,point,READ
,20.081,,,Obfuscated,4178,,,,b,,8.03,,,point,READ
,20.081,,,Obfuscated,4181,,,,b,,8.028,,,point,READ
,20.108,,,Obfuscated,4207,,,,b,,7.996,,,point,READ
,20.106,,,Obfuscated,4232,,,,b,,7.996,,,point,READ
,20.082,,,Obfuscated,4244,,,,b,,8.027,,,point,READ
,20.083,,,Obfuscated,4268,,,,b,,7.998,,,point,READ
,20.102,,,Obfuscated,4359,,,,b,,7.99,,,point,READ
,20.103,,,Obfuscated,4426,,,,b,,8.006,,,point,READ
,20.082,,,Obfuscated,4437,,,,b,,8.023,,,point,READ
,20.118,,,Obfuscated,4450,,,,b,,7.997,,,point,READ
,20.107,,,Obfuscated,4493,,,,b,,7.998,,,point,READ
,20.119,,,Obfuscated,4512,,,,b,,7.993,,,point,READ
,20.112,,,Obfuscated,4518,,,,b,,7.993,,,point,READ
,20.102,,,Obfuscated,4549,,,,b,,8.003,,,point,READ
,20.105,,,Obfuscated,4605,,,,b,,7.999,,,point,READ
,20.106,,,Obfuscated,4669,,,,b,,8.001,,,point,READ
,20.109,,,Obfuscated,4685,,,,b,,8.0,,,point,READ
,20.117,,,Obfuscated,4691,,,,b,,7.995,,,point,READ
,20.081,,,Obfuscated,4698,,,,b,,8.034,,,point,READ
,20.087,,,Obfuscated,4710,,,,b,,8.0,,,point,READ
,20.105,,,Obfuscated,4717,,,,b,,8.005,,,point,READ
,20.082,,,Obfuscated,4743,,,,b,,8.027,,,point,READ
,20.106,,,Obfuscated,4752,,,,b,,8.006,,,point,READ
,20.108,,,Obfuscated,4768,,,,b,,8.0,,,point,READ
,20.108,,,Obfuscated,4780,,,,b,,8.004,,,point,READ
,20.113,,,Obfuscated,4836,,,,b,,7.997,,,point,READ
,20.081,,,Obfuscated,4899,,,,b,,8.027,,,point,READ
,20.096,,,Obfuscated,4929,,,,b,,8.026,,,point,READ
,20.104,,,Obfuscated,4930,,,,b,,8.004,,,point,READ
,20.093,,,Obfuscated,4956,,,,b,,8.005,,,point,READ
,20.092,,,Obfuscated,4961,,,,b,,8.011,,,point,READ
,20.107,,,Obfuscated,4995,,,,b,,7.992,,,point,READ
,20.106,,,Obfuscated,5039,,,,b,,8.003,,,point,READ
,20.104,,,Obfuscated,5052,,,,b,,8.01,,,point,READ
,20.112,,,Obfuscated,5066,,,,b,,7.993,,,point,READ
,20.109,,,Obfuscated,5080,,,,b,,7.997,,,point,READ
,20.104,,,Obfuscated,5090,,,,b,,8.003,,,point,READ
,20.087,,,Obfuscated,5119,,,,b,,8.029,,,point,READ
,20.082,,,Obfuscated,5156,,,,b,,8.027,,,point,READ
,20.101,,,Obfuscated,5159,,,,b,,8.004,,,point,READ
,20.114,,,Obfuscated,5160,,,,b,,8.006,,,point,READ
,20.081,,,Obfuscated,5167,,,,b,,8.023,,,point,READ
,20.087,,,Obfuscated,5211,,,,b,,8.028,,,point,READ
,20.106,,,Obfuscated,5301,,,,b,,7.999,,,point,READ
,20.106,,,Obfuscated,5313,,,,b,,8.003,,,point,READ
,20.105,,,Obfuscated,5350,,,,b,,7.992,,,point,READ
,20.082,,,Obfuscated,5372,,,,b,,8.035,,,point,READ
,20.11,,,Obfuscated,5379,,,,b,,7.998,,,point,READ
,20.105,,,Obfuscated,5396,,,,b,,8.004,,,point,READ
,20.106,,,Obfuscated,5406,,,,b,,7.998,,,point,READ
,20.104,,,Obfuscated,5428,,,,b,,8.002,,,point,READ
,20.081,,,Obfuscated,5475,,,,b,,8.025,,,point,READ
,20.044,,,Obfuscated,5500,,,,b,,8.041,,,point,READ
,20.095,,,Obfuscated,5538,,,,b,,8.01,,,point,READ
,20.082,,,Obfuscated,5553,,,,b,,7.955,,,point,READ
,20.101,,,Obfuscated,5582,,,,b,,8.004,,,point,READ
,20.086,,,Obfuscated,5588,,,,b,,8.024,,,point,READ
,20.1,,,Obfuscated,5590,,,,b,,7.981,,,point,READ
,20.106,,,Obfuscated,5593,,,,b,,8.001,,,point,READ
,20.09,,,Obfuscated,5634,,,,b,,8.01,,,point,READ
,20.103,,,Obfuscated,5695,,,,b,,8.001,,,point,READ
,20.111,,,Obfuscated,5758,,,,b,,7.996,,,point,READ
,20.093,,,Obfuscated,5759,,,,b,,8.016,,,point,READ
,20.107,,,Obfuscated,5807,,,,b,,8.0,,,point,READ
,20.111,,,Obfuscated,5817,,,,b,,8.0,,,point,READ
,20.11,,,Obfuscated,5857,,,,b,,7.996,,,point,READ
,20.108,,,Obfuscated,5865,,,,b,,8.001,,,point,READ
,20.106,,,Obfuscated,5866,,,,b,,7.999,,,point,READ
,20.109,,,Obfuscated,5873,,,,b,,8.004,,,point,READ
,20.106,,,Obfuscated,5897,,,,b,,7.999,,,point,READ
,20.11,,,Obfuscated,5922,,,,b,,7.996,,,point,READ
,20.109,,,Obfuscated,6042,,,,b,,7.998,,,point,READ
,20.106,,,Obfuscated,6082,,,,b,,8.003,,,point,READ
,20.04,,,Obfuscated,6137,,,,b,,7.997,,,point,READ
,20.108,,,Obfuscated,6179,,,,b,,8.006,,,point,READ
,20.116,,,Obfuscated,6208,,,,b,,7.99,,,point,READ
,20.082,,,Obfuscated,6286,,,,b,,8.024,,,point,READ
,20.037,,,Obfuscated,6317,,,,b,,8.02,,,point,READ
,20.105,,,Obfuscated,6338,,,,b,,8.0,,,point,READ
,20.043,,,Obfuscated,6361,,,,b,,8.053,,,point,READ
,20.037,,,Obfuscated,6372,,,,b,,8.042,,,point,READ
,20.037,,,Obfuscated,6430,,,,b,,8.064,,,point,READ
,20.102,,,Obfuscated,6474,,,,b,,8.002,,,point,READ
,20.104,,,Obfuscated,6486,,,,b,,8.003,,,point,READ
,20.087,,,Obfuscated,6497,,,,b,,8.019,,,point,READ
,20.104,,,Obfuscated,6661,,,,b,,8.006,,,point,READ
,20.094,,,Obfuscated,6708,,,,b,,8.001,,,point,READ
,20.109,,,Obfuscated,6714,,,,b,,7.997,,,point,READ
,20.107,,,Obfuscated,6749,,,,b,,8.001,,,point,READ
,20.087,,,Obfuscated,6786,,,,b,,8.02,,,point,READ
,20.114,,,Obfuscated,6804,,,,b,,7.995,,,point,READ
,20.103,,,Obfuscated,6836,,,,b,,7.996,,,point,READ
,20.093,,,Obfuscated,6853,,,,b,,8.02,,,point,READ
,20.111,,,Obfuscated,6858,,,,b,,7.999,,,point,READ
,20.093,,,Obfuscated,6865,,,,b,,8.019,,,point,READ
,20.108,,,Obfuscated,6881,,,,b,,8.005,,,point,READ
,20.101,,,Obfuscated,6886,,,,b,,8.004,,,point,READ
,20.106,,,Obfuscated,6934,,,,b,,8.004,,,point,READ
,20.082,,,Obfuscated,6947,,,,b,,8.029,,,point,READ
,20.104,,,Obfuscated,6978,,,,b,,7.998,,,point,READ
,20.108,,,Obfuscated,7001,,,,b,,8.005,,,point,READ
,20.106,,,Obfuscated,7105,,,,b,,7.999,,,point,READ
,20.093,,,Obfuscated,7106,,,,b,,8.011,,,point,READ
,20.105,,,Obfuscated,7198,,,,b,,8.011,,,point,READ
,20.098,,,Obfuscated,7200,,,,b,,40.124,,,point,READ
,20.103,,,Obfuscated,7209,,,,b,,8.008,,,point,READ
,20.093,,,Obfuscated,7298,,,,b,,8.025,,,point,READ
,20.082,,,Obfuscated,7332,,,,b,,8.023,,,point,READ
,20.097,,,Obfuscated,7511,,,,b,,7.996,,,point,READ
,20.115,,,Obfuscated,7526,,,,b,,8.002,,,point,READ
,20.082,,,Obfuscated,7572,,,,b,,8.027,,,point,READ
,20.099,,,Obfuscated,7582,,,,b,,8.008,,,point,READ
,20.133,,,Obfuscated,7655,,,,b,,7.977,,,point,READ
,20.111,,,Obfuscated,7696,,,,b,,8.002,,,point,READ
,20.104,,,Obfuscated,7745,,,,b,,8.004,,,point,READ
,20.106,,,Obfuscated,7781,,,,b,,7.997,,,point,READ
,20.087,,,Obfuscated,7808,,,,b,,8.02,,,point,READ
,20.102,,,Obfuscated,7831,,,,b,,8.001,,,point,READ
,20.097,,,Obfuscated,7833,,,,b,,8.008,,,point,READ
,20.091,,,Obfuscated,7939,,,,b,,7.996,,,point,READ
,20.154,,,Obfuscated,7984,,,,b,,7.944,,,point,READ
,20.106,,,Obfuscated,8023,,,,b,,8.0,,,point,READ
,20.097,,,Obfuscated,8107,,,,b,,8.001,,,point,READ
,20.083,,,Obfuscated,8127,,,,b,,8.022,,,point,READ
,20.082,,,Obfuscated,8176,,,,b,,8.031,,,point,READ
,20.109,,,Obfuscated,8288,,,,b,,8.001,,,point,READ
,20.089,,,Obfuscated,8314,,,,b,,8.018,,,point,READ
,20.116,,,Obfuscated,8318,,,,b,,7.996,,,point,READ
,20.083,,,Obfuscated,8344,,,,b,,8.0,,,point,READ
,20.11,,,Obfuscated,8360,,,,b,,8.001,,,point,READ
,20.104,,,Obfuscated,8388,,,,b,,8.004,,,point,READ
,20.088,,,Obfuscated,8392,,,,b,,8.02,,,point,READ
,20.095,,,Obfuscated,8401,,,,b,,8.016,,,point,READ
,20.106,,,Obfuscated,8407,,,,b,,8.003,,,point,READ
,20.105,,,Obfuscated,8439,,,,b,,7.998,,,point,READ
,20.107,,,Obfuscated,8500,,,,b,,8.002,,,point,READ
,20.081,,,Obfuscated,8614,,,,b,,8.022,,,point,READ
,20.112,,,Obfuscated,8668,,,,b,,8.001,,,point,READ
,20.087,,,Obfuscated,8736,,,,b,,8.012,,,point,READ
,20.104,,,Obfuscated,8756,,,,b,,8.008,,,point,READ
,20.096,,,Obfuscated,8769,,,,b,,8.015,,,point,READ
,20.087,,,Obfuscated,8771,,,,b,,8.028,,,point,READ
,20.082,,,Obfuscated,8806,,,,b,,8.023,,,point,READ
,20.087,,,Obfuscated,8820,,,,b,,8.024,,,point,READ
,20.106,,,Obfuscated,8860,,,,b,,8.001,,,point,READ
,20.082,,,Obfuscated,8889,,,,b,,8.027,,,point,READ
,20.044,,,Obfuscated,8905,,,,b,,8.036,,,point,READ
,20.104,,,Obfuscated,8910,,,,b,,8.003,,,point,READ
,20.112,,,Obfuscated,8920,,,,b,,7.997,,,point,READ
,20.106,,,Obfuscated,8926,,,,b,,7.994,,,point,READ
,20.091,,,Obfuscated,8941,,,,b,,8.006,,,point,READ
,20.107,,,Obfuscated,8982,,,,b,,8.004,,,point,READ
,20.087,,,Obfuscated,9030,,,,b,,8.018,,,point,READ
,20.1,,,Obfuscated,9051,,,,b,,8.001,,,point,READ
,20.081,,,Obfuscated,9070,,,,b,,8.027,,,point,READ
,20.092,,,Obfuscated,9086,,,,b,,8.024,,,point,READ
,20.104,,,Obfuscated,9133,,,,b,,8.0,,,point,READ
,20.098,,,Obfuscated,9209,,,,b,,8.007,,,point,READ
,20.109,,,Obfuscated,9216,,,,b,,7.997,,,point,READ
,20.106,,,Obfuscated,9237,,,,b,,7.986,,,point,READ
,20.077,,,Obfuscated,9281,,,,b,,8.037,,,point,READ
,20.103,,,Obfuscated,9296,,,,b,,8.007,,,point,READ
,20.106,,,Obfuscated,9307,,,,b,,8.005,,,point,READ
,20.107,,,Obfuscated,9336,,,,b,,8.007,,,point,READ
,20.038,,,Obfuscated,9340,,,,b,,7.998,,,point,READ
,20.107,,,Obfuscated,9383,,,,b,,7.998,,,point,READ
,20.037,,,Obfuscated,9397,,,,b,,7.999,,,point,READ
,20.102,,,Obfuscated,9398,,,,b,,8.0,,,point,READ
,20.105,,,Obfuscated,9417,,,,b,,8.005,,,point,READ
,20.094,,,Obfuscated,9472,,,,b,,8.013,,,point,READ
,20.083,,,Obfuscated,9494,,,,b,,8.01,,,point,READ
,20.108,,,Obfuscated,9576,,,,b,,7.996,,,point,READ
,20.106,,,Obfuscated,9590,,,,b,,8.001,,,point,READ
,20.098,,,Obfuscated,9593,,,,b,,8.017,,,point,READ
,20.087,,,Obfuscated,9600,,,,b,,8.012,,,point,READ
,20.081,,,Obfuscated,9613,,,,b,,8.023,,,point,READ
,20.11,,,Obfuscated,9645,,,,b,,7.999,,,point,READ
,20.103,,,Obfuscated,9650,,,,b,,8.01,,,point,READ
,20.087,,,Obfuscated,9797,,,,b,,8.027,,,point,READ
,20.086,,,Obfuscated,9806,,,,b,,8.019,,,point,READ
,20.087,,,Obfuscated,9844,,,,b,,8.018,,,point,READ
,20.084,,,Obfuscated,9922,,,,b,,8.024,,,point,READ
,20.081,,,Obfuscated,9925,,,,b,,8.029,,,point,READ
,20.081,,,Obfuscated,9933,,,,b,,8.015,,,point,READ
,20.108,,,Obfuscated,9962,,,,b,,7.979,,,point,READ
,20.108,,,Obfuscated,9995,,,,b,,7.982,,,point,READ
,20.088,,,Obfuscated,10005,,,,b,,8.019,,,point,READ
,20.106,,,Obfuscated,10015,,,,b,,8.0,,,point,READ
,20.11,,,Obfuscated,10038,,,,b,,7.996,,,point,READ
,20.107,,,Obfuscated,10040,,,,b,,7.997,,,point,READ
,20.087,,,Obfuscated,10042,,,,b,,8.027,,,point,READ
,20.04,,,Obfuscated,10050,,,,b,,7.996,,,point,READ
,20.099,,,Obfuscated,10057,,,,b,,8.0,,,point,READ
,20.082,,,Obfuscated,10066,,,,b,,8.028,,,point,READ
,20.036,,,Obfuscated,10118,,,,b,,8.056,,,point,READ
,20.122,,,Obfuscated,10130,,,,b,,7.994,,,point,READ
,20.103,,,Obfuscated,10144,,,,b,,8.005,,,point,READ
,20.084,,,Obfuscated,10147,,,,b,,7.966,,,point,READ
,20.108,,,Obfuscated,10166,,,,b,,8.002,,,point,READ
,20.082,,,Obfuscated,10274,,,,b,,8.0,,,point,READ
,20.111,,,Obfuscated,10278,,,,b,,7.987,,,point,READ
,20.081,,,Obfuscated,10293,,,,b,,8.024,,,point,READ
,20.11,,,Obfuscated,10326,,,,b,,7.998,,,point,READ
,20.103,,,Obfuscated,10349,,,,b,,8.01,,,point,READ
,20.105,,,Obfuscated,10350,,,,b,,7.997,,,point,READ
,20.036,,,Obfuscated,10377,,,,b,,8.047,,,point,READ
,20.089,,,Obfuscated,10404,,,,b,,8.019,,,point,READ
,20.107,,,Obfuscated,10418,,,,b,,8.005,,,point,READ
,20.092,,,Obfuscated,10423,,,,b,,7.971,,,point,READ
,20.097,,,Obfuscated,10462,,,,b,,7.999,,,point,READ
,20.113,,,Obfuscated,10485,,,,b,,7.998,,,point,READ
,20.107,,,Obfuscated,10501,,,,b,,7.998,,,point,READ
,20.109,,,Obfuscated,10503,,,,b,,7.997,,,point,READ
,20.109,,,Obfuscated,10526,,,,b,,7.928,,,point,READ
,20.106,,,Obfuscated,10531,,,,b,,8.006,,,point,READ
,20.11,,,Obfuscated,10542,,,,b,,8.001,,,point,READ
,20.103,,,Obfuscated,10580,,,,b,,8.019,,,point,READ
,20.102,,,Obfuscated,10597,,,,b,,8.001,,,point,READ
,20.105,,,Obfuscated,10606,,,,b,,8.008,,,point,READ
,20.106,,,Obfuscated,10662,,,,b,,8.005,,,point,READ
,20.087,,,Obfuscated,10767,,,,b,,8.024,,,point,READ
,20.089,,,Obfuscated,10772,,,,b,,8.009,,,point,READ
,20.105,,,Obfuscated,10799,,,,b,,8.007,,,point,READ
,20.082,,,Obfuscated,10808,,,,b,,8.027,,,point,READ
,20.104,,,Obfuscated,10850,,,,b,,7.999,,,point,READ
,20.109,,,Obfuscated,10954,,,,b,,7.997,,,point,READ
,20.081,,,Obfuscated,10956,,,,b,,8.027,,,point,READ
,20.107,,,Obfuscated,10960,,,,b,,7.998,,,point,READ
,20.081,,,Obfuscated,10961,,,,b,,8.027,,,point,READ
,20.106,,,Obfuscated,11009,,,,b,,8.001,,,point,READ
,20.085,,,Obfuscated,11019,,,,b,,8.024,,,point,READ
,20.082,,,Obfuscated,11074,,,,b,,8.025,,,point,READ
,20.11,,,Obfuscated,11151,,,,b,,8.001,,,point,READ
,20.081,,,Obfuscated,11174,,,,b,,8.028,,,point,READ
,20.089,,,Obfuscated,11216,,,,b,,8.025,,,point,READ
,20.106,,,Obfuscated,11260,,,,b,,8.003,,,point,READ
,20.107,,,Obfuscated,11265,,,,b,,8.004,,,point,READ
,20.11,,,Obfuscated,11281,,,,b,,7.998,,,point,READ
,20.106,,,Obfuscated,11350,,,,b,,8.006,,,point,READ
,20.087,,,Obfuscated,11352,,,,b,,8.02,,,point,READ
,20.117,,,Obfuscated,11356,,,,b,,7.977,,,point,READ
,20.087,,,Obfuscated,11408,,,,b,,8.023,,,point,READ
,20.107,,,Obfuscated,11484,,,,b,,8.002,,,point,READ
,20.116,,,Obfuscated,11523,,,,b,,7.996,,,point,READ
,20.113,,,Obfuscated,11540,,,,b,,8.002,,,point,READ
,20.108,,,Obfuscated,11557,,,,b,,8.001,,,point,READ
,20.093,,,Obfuscated,11569,,,,b,,8.028,,,point,READ
,20.099,,,Obfuscated,11571,,,,b,,8.005,,,point,READ
,20.095,,,Obfuscated,11595,,,,b,,8.017,,,point,READ
,20.107,,,Obfuscated,11625,,,,b,,8.004,,,point,READ
,20.097,,,Obfuscated,11669,,,,b,,8.001,,,point,READ
,20.113,,,Obfuscated,11698,,,,b,,7.992,,,point,READ
,20.107,,,Obfuscated,11699,,,,b,,8.003,,,point,READ
,20.1,,,Obfuscated,11738,,,,b,,7.996,,,point,READ
,20.093,,,Obfuscated,11754,,,,b,,8.017,,,point,READ
,20.082,,,Obfuscated,11781,,,,b,,8.024,,,point,READ
,20.114,,,Obfuscated,11824,,,,b,,7.995,,,point,READ
,20.107,,,Obfuscated,11883,,,,b,,8.006,,,point,READ
,20.118,,,Obfuscated,11908,,,,b,,7.994,,,point,READ
,20.081,,,Obfuscated,11923,,,,b,,8.052,,,point,READ
,20.109,,,Obfuscated,11942,,,,b,,8.003,,,point,READ
,20.082,,,Obfuscated,11949,,,,b,,8.026,,,point,READ
,20.082,,,Obfuscated,11963,,,,b,,8.026,,,point,READ
,20.115,,,Obfuscated,11972,,,,b,,7.998,,,point,READ
,20.082,,,Obfuscated,11976,,,,b,,8.029,,,point,READ
,20.109,,,Obfuscated,11978,,,,b,,7.997,,,point,READ
,20.112,,,Obfuscated,12019,,,,b,,7.993,,,point,READ
,20.08,,,Obfuscated,12031,,,,b,,7.999,,,point,READ
,20.082,,,Obfuscated,12067,,,,b,,8.024,,,point,READ
,20.104,,,Obfuscated,12094,,,,b,,8.001,,,point,READ
,20.095,,,Obfuscated,12140,,,,b,,8.009,,,point,READ
,20.105,,,Obfuscated,12169,,,,b,,8.005,,,point,READ
,20.111,,,Obfuscated,12190,,,,b,,8.014,,,point,READ
,20.109,,,Obfuscated,12233,,,,b,,8.005,,,point,READ
,20.126,,,Obfuscated,12289,,,,b,,7.982,,,point,READ
,20.11,,,Obfuscated,12321,,,,b,,7.999,,,point,READ
,20.106,,,Obfuscated,12364,,,,b,,7.998,,,point,READ
,20.1,,,Obfuscated,12409,,,,b,,7.999,,,point,READ
,20.11,,,Obfuscated,12433,,,,b,,8.001,,,point,READ
,20.111,,,Obfuscated,12457,,,,b,,7.996,,,point,READ
,20.109,,,Obfuscated,12491,,,,b,,7.999,,,point,READ
,20.105,,,Obfuscated,12508,,,,b,,7.99,,,point,READ
,20.106,,,Obfuscated,12510,,,,b,,8.001,,,point,READ
,20.081,,,Obfuscated,12639,,,,b,,8.034,,,point,READ
,20.107,,,Obfuscated,12641,,,,b,,8.006,,,point,READ
,20.104,,,Obfuscated,12673,,,,b,,8.01,,,point,READ
,20.116,,,Obfuscated,12688,,,,b,,7.995,,,point,READ
,20.087,,,Obfuscated,12700,,,,b,,8.018,,,point,READ
,20.109,,,Obfuscated,12717,,,,b,,8.001,,,point,READ
,20.043,,,Obfuscated,12725,,,,b,,8.063,,,point,READ
,20.041,,,Obfuscated,12792,,,,b,,8.065,,,point,READ
,20.088,,,Obfuscated,12793,,,,b,,7.993,,,point,READ
,20.09,,,Obfuscated,12805,,,,b,,8.018,,,point,READ
,20.105,,,Obfuscated,12904,,,,b,,8.008,,,point,READ
,20.108,,,Obfuscated,12952,,,,b,,8.006,,,point,READ
,20.102,,,Obfuscated,12961,,,,b,,8.002,,,point,READ
,20.088,,,Obfuscated,13010,,,,b,,8.025,,,point,READ
,20.106,,,Obfuscated,13066,,,,b,,7.998,,,point,READ
,20.103,,,Obfuscated,13109,,,,b,,8.008,,,point,READ
,20.106,,,Obfuscated,13125,,,,b,,8.0,,,point,READ
,20.112,,,Obfuscated,13126,,,,b,,7.998,,,point,READ
,20.116,,,Obfuscated,13240,,,,b,,7.996,,,point,READ
,20.083,,,Obfuscated,13247,,,,b,,8.025,,,point,READ
,20.096,,,Obfuscated,13249,,,,b,,8.018,,,point,READ
,20.084,,,Obfuscated,13255,,,,b,,8.028,,,point,READ
,20.108,,,Obfuscated,13275,,,,b,,8.01,,,point,READ
,20.108,,,Obfuscated,13330,,,,b,,8.0,,,point,READ
,20.084,,,Obfuscated,13358,,,,b,,8.03,,,point,READ
,20.037,,,Obfuscated,13404,,,,b,,8.051,,,point,READ
,20.103,,,Obfuscated,13407,,,,b,,7.987,,,point,READ
,20.081,,,Obfuscated,13451,,,,b,,8.028,,,point,READ
,20.108,,,Obfuscated,13536,,,,b,,7.998,,,point,READ
,20.081,,,Obfuscated,13540,,,,b,,8.0,,,point,READ
,20.108,,,Obfuscated,13556,,,,b,,8.008,,,point,READ
,20.088,,,Obfuscated,13564,,,,b,,8.006,,,point,READ
,20.106,,,Obfuscated,13624,,,,b,,8.008,,,point,READ
,20.04,,,Obfuscated,13633,,,,b,,8.041,,,point,READ
,20.108,,,Obfuscated,13641,,,,b,,8.002,,,point,READ
,20.105,,,Obfuscated,13644,,,,b,,8.002,,,point,READ
,20.088,,,Obfuscated,13702,,,,b,,8.018,,,point,READ
,20.084,,,Obfuscated,13722,,,,b,,7.959,,,point,READ
,20.087,,,Obfuscated,13760,,,,b,,8.02,,,point,READ
,20.09,,,Obfuscated,13766,,,,b,,8.019,,,point,READ
,20.091,,,Obfuscated,13793,,,,b,,8.016,,,point,READ
,20.039,,,Obfuscated,13805,,,,b,,8.066,,,point,READ
,20.106,,,Obfuscated,13812,,,,b,,8.001,,,point,READ
,20.108,,,Obfuscated,13840,,,,b,,8.002,,,point,READ
,20.103,,,Obfuscated,13849,,,,b,,8.009,,,point,READ
,20.108,,,Obfuscated,13894,,,,b,,7.998,,,point,READ
,20.095,,,Obfuscated,13904,,,,b,,8.021,,,point,READ
,20.109,,,Obfuscated,13918,,,,b,,7.999,,,point,READ
,20.039,,,Obfuscated,13919,,,,b,,8.072,,,point,READ
,20.117,,,Obfuscated,13998,,,,b,,7.988,,,point,READ
,20.114,,,Obfuscated,14014,,,,b,,8.005,,,point,READ
,20.105,,,Obfuscated,14017,,,,b,,7.985,,,point,READ
,20.081,,,Obfuscated,14056,,,,b,,8.015,,,point,READ
,20.088,,,Obfuscated,14064,,,,b,,8.018,,,point,READ
,20.092,,,Obfuscated,14099,,,,b,,8.026,,,point,READ
,20.108,,,Obfuscated,14182,,,,b,,7.997,,,point,READ
,20.102,,,Obfuscated,14183,,,,b,,8.005,,,point,READ
,20.113,,,Obfuscated,14244,,,,b,,7.989,,,point,READ
,20.104,,,Obfuscated,14265,,,,b,,8.004,,,point,READ
,20.108,,,Obfuscated,14269,,,,b,,7.992,,,point,READ
,20.109,,,Obfuscated,14326,,,,b,,7.999,,,point,READ
,20.104,,,Obfuscated,14328,,,,b,,8.009,,,point,READ
,20.081,,,Obfuscated,14384,,,,b,,8.024,,,point,READ
,20.105,,,Obfuscated,14508,,,,b,,8.003,,,point,READ
,20.106,,,Obfuscated,14560,,,,b,,7.999,,,point,READ
,20.087,,,Obfuscated,14583,,,,b,,8.026,,,point,READ
,20.089,,,Obfuscated,14594,,,,b,,8.003,,,point,READ
,20.098,,,Obfuscated,14629,,,,b,,8.012,,,point,READ
,20.108,,,Obfuscated,14636,,,,b,,8.029,,,point,READ
,20.111,,,Obfuscated,14658,,,,b,,8.005,,,point,READ
,20.102,,,Obfuscated,14662,,,,b,,8.0,,,point,READ
,20.091,,,Obfuscated,14675,,,,b,,7.991,,,point,READ
,20.112,,,Obfuscated,14708,,,,b,,8.003,,,point,READ
,20.116,,,Obfuscated,14724,,,,b,,8.002,,,point,READ
,20.108,,,Obfuscated,14733,,,,b,,8.006,,,point,READ
,20.09,,,Obfuscated,14754,,,,b,,8.021,,,point,READ
,20.11,,,Obfuscated,14764,,,,b,,8.001,,,point,READ
,20.112,,,Obfuscated,14781,,,,b,,8.005,,,point,READ
,20.105,,,Obfuscated,14800,,,,b,,8.002,,,point,READ
,20.082,,,Obfuscated,14818,,,,b,,8.027,,,point,READ
,20.081,,,Obfuscated,14840,,,,b,,8.023,,,point,READ
,20.081,,,Obfuscated,14858,,,,b,,7.999,,,point,READ
,20.089,,,Obfuscated,14898,,,,b,,8.021,,,point,READ
,20.082,,,Obfuscated,14944,,,,b,,8.028,,,point,READ
,20.107,,,Obfuscated,14950,,,,b,,8.005,,,point,READ
,20.106,,,Obfuscated,14981,,,,b,,8.004,,,point,READ
,20.099,,,Obfuscated,15067,,,,b,,8.0,,,point,READ
,20.106,,,Obfuscated,15202,,,,b,,8.001,,,point,READ
,20.083,,,Obfuscated,15215,,,,b,,7.958,,,point,READ
,20.104,,,Obfuscated,15244,,,,b,,8.0,,,point,READ
,20.089,,,Obfuscated,15245,,,,b,,8.018,,,point,READ
,20.08,,,Obfuscated,15248,,,,b,,8.026,,,point,READ
,20.112,,,Obfuscated,15316,,,,b,,7.993,,,point,READ
,20.105,,,Obfuscated,15332,,,,b,,8.0,,,point,READ
,20.102,,,Obfuscated,15337,,,,b,,8.002,,,point,READ
,20.11,,,Obfuscated,15381,,,,b,,7.977,,,point,READ
,20.104,,,Obfuscated,15386,,,,b,,8.006,,,point,READ
,20.105,,,Obfuscated,15423,,,,b,,7.999,,,point,READ
,20.038,,,Obfuscated,15433,,,,b,,7.998,,,point,READ
,20.109,,,Obfuscated,15453,,,,b,,8.003,,,point,READ
,20.093,,,Obfuscated,15459,,,,b,,8.013,,,point,READ
,20.082,,,Obfuscated,15497,,,,b,,8.02,,,point,READ
,20.104,,,Obfuscated,15513,,,,b,,8.0,,,point,READ
,20.081,,,Obfuscated,15514,,,,b,,8.029,,,point,READ
,20.107,,,Obfuscated,15516,,,,b,,8.001,,,point,READ
,20.108,,,Obfuscated,15549,,,,b,,8.003,,,point,READ
,20.105,,,Obfuscated,15554,,,,b,,8.007,,,point,READ
,20.108,,,Obfuscated,15568,,,,b,,7.998,,,point,READ
,20.081,,,Obfuscated,15628,,,,b,,8.026,,,point,READ
,20.085,,,Obfuscated,15675,,,,b,,8.004,,,point,READ
,20.082,,,Obfuscated,15760,,,,b,,8.03,,,point,READ
,20.105,,,Obfuscated,15786,,,,b,,8.006,,,point,READ
,20.086,,,Obfuscated,15812,,,,b,,8.024,,,point,READ
,20.111,,,Obfuscated,15813,,,,b,,7.999,,,point,READ
,20.082,,,Obfuscated,15842,,,,b,,8.027,,,point,READ
,20.108,,,Obfuscated,15858,,,,b,,7.973,,,point,READ
,20.083,,,Obfuscated,15866,,,,b,,7.998,,,point,READ
,20.082,,,Obfuscated,15872,,,,b,,8.022,,,point,READ
,20.104,,,Obfuscated,15941,,,,b,,8.019,,,point,READ
,20.044,,,Obfuscated,15999,,,,b,,8.066,,,point,READ
,20.083,,,Obfuscated,16106,,,,b,,8.022,,,point,READ
,20.081,,,Obfuscated,16111,,,,b,,8.029,,,point,READ
,20.108,,,Obfuscated,16131,,,,b,,8.009,,,point,READ
,20.102,,,Obfuscated,16140,,,,b,,8.005,,,point,READ
,20.105,,,Obfuscated,16176,,,,b,,8.006,,,point,READ
,20.092,,,Obfuscated,16183,,,,b,,8.015,,,point,READ
,20.082,,,Obfuscated,16189,,,,b,,8.029,,,point,READ
,20.108,,,Obfuscated,16311,,,,b,,8.005,,,point,READ
,20.112,,,Obfuscated,16317,,,,b,,7.994,,,point,READ
,20.098,,,Obfuscated,16372,,,,b,,8.008,,,point,READ
,20.09,,,Obfuscated,16402,,,,b,,8.017,,,point,READ
,20.106,,,Obfuscated,16409,,,,b,,7.999,,,point,READ
,20.093,,,Obfuscated,16426,,,,b,,8.014,,,point,READ
,20.09,,,Obfuscated,16430,,,,b,,8.023,,,point,READ
,20.107,,,Obfuscated,16441,,,,b,,7.999,,,point,READ
,20.081,,,Obfuscated,16453,,,,b,,8.025,,,point,READ
,20.107,,,Obfuscated,16469,,,,b,,8.002,,,point,READ
,20.105,,,Obfuscated,16473,,,,b,,8.005,,,point,READ
,20.089,,,Obfuscated,16474,,,,b,,8.016,,,point,READ
,20.082,,,Obfuscated,16504,,,,b,,8.022,,,point,READ
,20.092,,,Obfuscated,16510,,,,b,,7.994,,,point,READ
,20.109,,,Obfuscated,16553,,,,b,,8.001,,,point,READ
,20.093,,,Obfuscated,16616,,,,b,,8.016,,,point,READ
,20.086,,,Obfuscated,16628,,,,b,,8.024,,,point,READ
,20.081,,,Obfuscated,16633,,,,b,,8.027,,,point,READ
,20.082,,,Obfuscated,16659,,,,b,,8.012,,,point,READ
,20.11,,,Obfuscated,16698,,,,b,,7.996,,,point,READ
,20.083,,,Obfuscated,16700,,,,b,,8.027,,,point,READ
,20.112,,,Obfuscated,16701,,,,b,,7.993,,,point,READ
,20.082,,,Obfuscated,16705,,,,b,,8.017,,,point,READ
,20.106,,,Obfuscated,16750,,,,b,,8.0,,,point,READ
,20.105,,,Obfuscated,16795,,,,b,,8.006,,,point,READ
,20.104,,,Obfuscated,16824,,,,b,,7.976,,,point,READ
,20.082,,,Obfuscated,16844,,,,b,,8.014,,,point,READ
,20.109,,,Obfuscated,16879,,,,b,,8.009,,,point,READ
,20.082,,,Obfuscated,16895,,,,b,,8.029,,,point,READ
,20.081,,,Obfuscated,16906,,,,b,,8.024,,,point,READ
,20.106,,,Obfuscated,16920,,,,b,,8.003,,,point,READ
,20.104,,,Obfuscated,16929,,,,b,,8.001,,,point,READ
,20.081,,,Obfuscated,16954,,,,b,,7.954,,,point,READ
,20.082,,,Obfuscated,16969,,,,b,,8.023,,,point,READ
,20.082,,,Obfuscated,16980,,,,b,,8.025,,,point,READ
,20.081,,,Obfuscated,16988,,,,b,,8.029,,,point,READ
,20.109,,,Obfuscated,17021,,,,b,,8.009,,,point,READ
,20.083,,,Obfuscated,17027,,,,b,,8.03,,,point,READ
,20.082,,,Obfuscated,17038,,,,b,,8.029,,,point,READ
,20.1,,,Obfuscated,17050,,,,b,,8.008,,,point,READ
,20.105,,,Obfuscated,17071,,,,b,,7.98,,,point,READ
,20.108,,,Obfuscated,17118,,,,b,,7.997,,,point,READ
,20.098,,,Obfuscated,17172,,,,b,,8.015,,,point,READ
,20.105,,,Obfuscated,17176,,,,b,,8.007,,,point,READ
,20.086,,,Obfuscated,17276,,,,b,,8.019,,,point,READ
,20.11,,,Obfuscated,17278,,,,b,,7.995,,,point,READ
,20.089,,,Obfuscated,17300,,,,b,,8.029,,,point,READ
,20.109,,,Obfuscated,17304,,,,b,,7.993,,,point,READ
,20.106,,,Obfuscated,17344,,,,b,,7.999,,,point,READ
,20.117,,,Obfuscated,17404,,,,b,,7.992,,,point,READ
,20.087,,,Obfuscated,17430,,,,b,,8.024,,,point,READ
,20.105,,,Obfuscated,17481,,,,b,,8.005,,,point,READ
,20.105,,,Obfuscated,17499,,,,b,,8.005,,,point,READ
,20.104,,,Obfuscated,17536,,,,b,,8.005,,,point,READ
,20.087,,,Obfuscated,17722,,,,b,,8.02,,,point,READ
,20.108,,,Obfuscated,17741,,,,b,,8.0,,,point,READ
,20.104,,,Obfuscated,17758,,,,b,,8.001,,,point,READ
,20.089,,,Obfuscated,17791,,,,b,,8.018,,,point,READ
,20.102,,,Obfuscated,17842,,,,b,,8.008,,,point,READ
,20.098,,,Obfuscated,17862,,,,b,,8.001,,,point,READ
,20.086,,,Obfuscated,17871,,,,b,,8.024,,,point,READ
,20.104,,,Obfuscated,17880,,,,b,,8.0,,,point,READ
,20.103,,,Obfuscated,17930,,,,b,,8.0,,,point,READ
,20.109,,,Obfuscated,17993,,,,b,,8.0,,,point,READ
,20.103,,,Obfuscated,18035,,,,b,,8.005,,,point,READ
,20.086,,,Obfuscated,18055,,,,b,,8.022,,,point,READ
,20.109,,,Obfuscated,18065,,,,b,,7.999,,,point,READ
,20.082,,,Obfuscated,18074,,,,b,,8.014,,,point,READ
,20.081,,,Obfuscated,18120,,,,b,,8.013,,,point,READ
,20.106,,,Obfuscated,18137,,,,b,,8.015,,,point,READ
,20.104,,,Obfuscated,18185,,,,b,,8.001,,,point,READ
,20.103,,,Obfuscated,18286,,,,b,,8.003,,,point,READ
,20.109,,,Obfuscated,18313,,,,b,,7.998,,,point,READ
,20.109,,,Obfuscated,18334,,,,b,,7.999,,,point,READ
,20.099,,,Obfuscated,18335,,,,b,,8.009,,,point,READ
,20.109,,,Obfuscated,18345,,,,b,,8.003,,,point,READ
,20.11,,,Obfuscated,18369,,,,b,,7.993,,,point,READ
,20.082,,,Obfuscated,18414,,,,b,,8.027,,,point,READ
,20.096,,,Obfuscated,18440,,,,b,,7.998,,,point,READ
,20.095,,,Obfuscated,18455,,,,b,,8.01,,,point,READ
,20.082,,,Obfuscated,18461,,,,b,,8.024,,,point,READ
,20.097,,,Obfuscated,18479,,,,b,,7.999,,,point,READ
,20.111,,,Obfuscated,18550,,,,b,,8.0,,,point,READ
,20.105,,,Obfuscated,18563,,,,b,,7.999,,,point,READ
,20.086,,,Obfuscated,18585,,,,b,,8.026,,,point,READ
,20.105,,,Obfuscated,18648,,,,b,,7.999,,,point,READ
,20.105,,,Obfuscated,18706,,,,b,,8.001,,,point,READ
,20.094,,,Obfuscated,18719,,,,b,,7.998,,,point,READ
,20.11,,,Obfuscated,18790,,,,b,,8.001,,,point,READ
,20.106,,,Obfuscated,18793,,,,b,,8.003,,,point,READ
,20.086,,,Obfuscated,18795,,,,b,,7.955,,,point,READ
,20.109,,,Obfuscated,18831,,,,b,,8.004,,,point,READ
,20.081,,,Obfuscated,18833,,,,b,,8.034,,,point,READ
,20.107,,,Obfuscated,18898,,,,b,,8.006,,,point,READ
,20.111,,,Obfuscated,18909,,,,b,,7.999,,,point,READ
,20.105,,,Obfuscated,18925,,,,b,,8.003,,,point,READ
,20.081,,,Obfuscated,18930,,,,b,,8.027,,,point,READ
,20.081,,,Obfuscated,18978,,,,b,,8.024,,,point,READ
,20.112,,,Obfuscated,19012,,,,b,,7.993,,,point,READ
,20.102,,,Obfuscated,19083,,,,b,,8.015,,,point,READ
,20.118,,,Obfuscated,19089,,,,b,,7.995,,,point,READ
,20.081,,,Obfuscated,19139,,,,b,,8.008,,,point,READ
,20.102,,,Obfuscated,19229,,,,b,,7.997,,,point,READ
,20.097,,,Obfuscated,19303,,,,b,,8.011,,,point,READ
,20.104,,,Obfuscated,19319,,,,b,,7.994,,,point,READ
,20.082,,,Obfuscated,19456,,,,b,,8.023,,,point,READ
,20.103,,,Obfuscated,19470,,,,b,,8.014,,,point,READ
,20.103,,,Obfuscated,19503,,,,b,,8.006,,,point,READ
,20.081,,,Obfuscated,19516,,,,b,,8.032,,,point,READ
,20.105,,,Obfuscated,19535,,,,b,,8.006,,,point,READ
,20.105,,,Obfuscated,19565,,,,b,,8.0,,,point,READ
,20.1,,,Obfuscated,19605,,,,b,,8.027,,,point,READ
,20.11,,,Obfuscated,19666,,,,b,,7.984,,,point,READ
,20.11,,,Obfuscated,19721,,,,b,,7.998,,,point,READ
,20.084,,,Obfuscated,19725,,,,b,,8.026,,,point,READ
,20.109,,,Obfuscated,19727,,,,b,,7.997,,,point,READ
,20.104,,,Obfuscated,19754,,,,b,,7.988,,,point,READ
,20.083,,,Obfuscated,19789,,,,b,,8.026,,,point,READ
,20.105,,,Obfuscated,19793,,,,b,,8.007,,,point,READ
,20.086,,,Obfuscated,19810,,,,b,,8.026,,,point,READ
,20.098,,,Obfuscated,19836,,,,b,,8.001,,,point,READ
,20.098,,,Obfuscated,19954,,,,b,,8.024,,,point,READ
,20.102,,,Obfuscated,20052,,,,b,,7.991,,,point,READ
,20.083,,,Obfuscated,20063,,,,b,,8.021,,,point,READ
,20.082,,,Obfuscated,20133,,,,b,,8.023,,,point,READ
,20.081,,,Obfuscated,20191,,,,b,,8.017,,,point,READ
,20.106,,,Obfuscated,20197,,,,b,,8.007,,,point,READ
,20.107,,,Obfuscated,20198,,,,b,,7.98,,,point,READ
,20.114,,,Obfuscated,20219,,,,b,,7.996,,,point,READ
,20.085,,,Obfuscated,20233,,,,b,,8.026,,,point,READ
,20.108,,,Obfuscated,20238,,,,b,,8.001,,,point,READ
,20.088,,,Obfuscated,20253,,,,b,,8.021,,,point,READ
,20.084,,,Obfuscated,20264,,,,b,,8.025,,,point,READ
,20.105,,,Obfuscated,20371,,,,b,,8.005,,,point,READ
,20.106,,,Obfuscated,20429,,,,b,,7.998,,,point,READ
,20.083,,,Obfuscated,20455,,,,b,,8.024,,,point,READ
,20.082,,,Obfuscated,20482,,,,b,,8.024,,,point,READ
,20.114,,,Obfuscated,20508,,,,b,,7.996,,,point,READ
,20.107,,,Obfuscated,20509,,,,b,,8.002,,,point,READ
,20.104,,,Obfuscated,20517,,,,b,,8.006,,,point,READ
,20.105,,,Obfuscated,20554,,,,b,,8.001,,,point,READ
,20.081,,,Obfuscated,20598,,,,b,,8.029,,,point,READ
,20.092,,,Obfuscated,20602,,,,b,,8.018,,,point,READ
,20.11,,,Obfuscated,20634,,,,b,,7.998,,,point,READ
,20.087,,,Obfuscated,20638,,,,b,,8.018,,,point,READ
,20.115,,,Obfuscated,20650,,,,b,,8.0,,,point,READ
,20.088,,,Obfuscated,20733,,,,b,,8.003,,,point,READ
,20.082,,,Obfuscated,20737,,,,b,,8.015,,,point,READ
,20.11,,,Obfuscated,20740,,,,b,,7.996,,,point,READ
,20.109,,,Obfuscated,20746,,,,b,,8.006,,,point,READ
,20.106,,,Obfuscated,20762,,,,b,,7.994,,,point,READ
,20.083,,,Obfuscated,20783,,,,b,,8.024,,,point,READ
,20.081,,,Obfuscated,20790,,,,b,,8.025,,,point,READ
,20.081,,,Obfuscated,20796,,,,b,,8.027,,,point,READ
,20.111,,,Obfuscated,20854,,,,b,,7.979,,,point,READ
,20.09,,,Obfuscated,20864,,,,b,,8.02,,,point,READ
,20.111,,,Obfuscated,20866,,,,b,,8.018,,,point,READ
,20.109,,,Obfuscated,20918,,,,b,,8.0,,,point,READ
,20.11,,,Obfuscated,20951,,,,b,,7.998,,,point,READ
,20.115,,,Obfuscated,20967,,,,b,,7.996,,,point,READ
,20.107,,,Obfuscated,20973,,,,b,,7.985,,,point,READ
,20.083,,,Obfuscated,20987,,,,b,,8.027,,,point,READ
,20.107,,,Obfuscated,20989,,,,b,,8.007,,,point,READ
,20.104,,,Obfuscated,21009,,,,b,,8.006,,,point,READ
,20.106,,,Obfuscated,21021,,,,b,,8.005,,,point,READ
,20.104,,,Obfuscated,21035,,,,b,,8.018,,,point,READ
,20.105,,,Obfuscated,21061,,,,b,,8.002,,,point,READ
,20.088,,,Obfuscated,21065,,,,b,,8.023,,,point,READ
,20.087,,,Obfuscated,21130,,,,b,,8.029,,,point,READ
,20.087,,,Obfuscated,21136,,,,b,,8.02,,,point,READ
,20.11,,,Obfuscated,21146,,,,b,,7.997,,,point,READ
,20.09,,,Obfuscated,21148,,,,b,,8.021,,,point,READ
,20.109,,,Obfuscated,21156,,,,b,,8.019,,,point,READ
,20.106,,,Obfuscated,21188,,,,b,,8.001,,,point,READ
,20.083,,,Obfuscated,21278,,,,b,,8.026,,,point,READ
,20.107,,,Obfuscated,21312,,,,b,,7.981,,,point,READ
,20.111,,,Obfuscated,21339,,,,b,,7.998,,,point,READ
,20.112,,,Obfuscated,21358,,,,b,,7.988,,,point,READ
,20.103,,,Obfuscated,21429,,,,b,,8.007,,,point,READ
,20.085,,,Obfuscated,21465,,,,b,,7.996,,,point,READ
,20.082,,,Obfuscated,21530,,,,b,,8.025,,,point,READ
,20.113,,,Obfuscated,21624,,,,b,,8.006,,,point,READ
,20.046,,,Obfuscated,21653,,,,b,,8.041,,,point,READ
,20.105,,,Obfuscated,21686,,,,b,,8.004,,,point,READ
,20.039,,,Obfuscated,21720,,,,b,,8.065,,,point,READ
,20.111,,,Obfuscated,21734,,,,b,,8.002,,,point,READ
,20.11,,,Obfuscated,21767,,,,b,,7.997,,,point,READ
,20.107,,,Obfuscated,21859,,,,b,,8.001,,,point,READ
,20.039,,,Obfuscated,21860,,,,b,,8.068,,,point,READ
,20.106,,,Obfuscated,21927,,,,b,,8.004,,,point,READ
,20.105,,,Obfuscated,21940,,,,b,,7.981,,,point,READ
,20.113,,,Obfuscated,22008,,,,b,,7.974,,,point,READ
,20.116,,,Obfuscated,22032,,,,b,,7.989,,,point,READ
,20.105,,,Obfuscated,22127,,,,b,,8.002,,,point,READ
,20.08,,,Obfuscated,22150,,,,b,,8.026,,,point,READ
,20.102,,,Obfuscated,22160,,,,b,,8.008,,,point,READ
,20.104,,,Obfuscated,22165,,,,b,,8.0,,,point,READ
,20.11,,,Obfuscated,22167,,,,b,,7.997,,,point,READ
,20.105,,,Obfuscated,22189,,,,b,,8.003,,,point,READ
,20.113,,,Obfuscated,22194,,,,b,,7.999,,,point,READ
,20.095,,,Obfuscated,22215,,,,b,,8.017,,,point,READ
,20.107,,,Obfuscated,22221,,,,b,,7.981,,,point,READ
,20.14,,,Obfuscated,22223,,,,b,,8.003,,,point,READ
,20.105,,,Obfuscated,22232,,,,b,,8.002,,,point,READ
,20.105,,,Obfuscated,22248,,,,b,,8.005,,,point,READ
,20.105,,,Obfuscated,22260,,,,b,,7.999,,,point,READ
,20.081,,,Obfuscated,22278,,,,b,,8.023,,,point,READ
,20.107,,,Obfuscated,22298,,,,b,,8.003,,,point,READ
,20.081,,,Obfuscated,22334,,,,b,,8.044,,,point,READ
,20.103,,,Obfuscated,22348,,,,b,,8.0,,,point,READ
,20.1,,,Obfuscated,22359,,,,b,,8.007,,,point,READ
,20.108,,,Obfuscated,22424,,,,b,,8.001,,,point,READ
,20.083,,,Obfuscated,22443,,,,b,,8.025,,,point,READ
,20.083,,,Obfuscated,22452,,,,b,,8.029,,,point,READ
,20.087,,,Obfuscated,22462,,,,b,,8.008,,,point,READ
,20.088,,,Obfuscated,22495,,,,b,,8.022,,,point,READ
,20.081,,,Obfuscated,22541,,,,b,,8.034,,,point,READ
,20.085,,,Obfuscated,22579,,,,b,,8.023,,,point,READ
,20.109,,,Obfuscated,22582,,,,b,,7.996,,,point,READ
,20.089,,,Obfuscated,22599,,,,b,,8.019,,,point,READ
,20.038,,,Obfuscated,22602,,,,b,,8.004,,,point,READ
,20.109,,,Obfuscated,22641,,,,b,,7.996,,,point,READ
,20.093,,,Obfuscated,22651,,,,b,,8.014,,,point,READ
,20.088,,,Obfuscated,22740,,,,b,,8.021,,,point,READ
,20.088,,,Obfuscated,22762,,,,b,,8.019,,,point,READ
,20.111,,,Obfuscated,22774,,,,b,,7.999,,,point,READ
,20.083,,,Obfuscated,22787,,,,b,,8.028,,,point,READ
,20.082,,,Obfuscated,22825,,,,b,,8.024,,,point,READ
,20.105,,,Obfuscated,22832,,,,b,,7.999,,,point,READ
,20.091,,,Obfuscated,22845,,,,b,,7.997,,,point,READ
,20.1,,,Obfuscated,22878,,,,b,,8.011,,,point,READ
,20.085,,,Obfuscated,22887,,,,b,,8.024,,,point,READ
,20.038,,,Obfuscated,22961,,,,b,,8.086,,,point,READ
,20.087,,,Obfuscated,23014,,,,b,,7.994,,,point,READ
,20.11,,,Obfuscated,23092,,,,b,,7.996,,,point,READ
,20.088,,,Obfuscated,23102,,,,b,,8.003,,,point,READ
,20.081,,,Obfuscated,23115,,,,b,,8.026,,,point,READ
,20.106,,,Obfuscated,23209,,,,b,,8.008,,,point,READ
,20.087,,,Obfuscated,23216,,,,b,,8.016,,,point,READ
,20.106,,,Obfuscated,23226,,,,b,,8.003,,,point,READ
,20.087,,,Obfuscated,23233,,,,b,,7.999,,,point,READ
,20.087,,,Obfuscated,23247,,,,b,,8.026,,,point,READ
,20.112,,,Obfuscated,23249,,,,b,,7.994,,,point,READ
,20.081,,,Obfuscated,23261,,,,b,,7.999,,,point,READ
,20.103,,,Obfuscated,23313,,,,b,,8.002,,,point,READ
,20.087,,,Obfuscated,23319,,,,b,,8.019,,,point,READ
,20.104,,,Obfuscated,23363,,,,b,,8.005,,,point,READ
,20.083,,,Obfuscated,23372,,,,b,,8.028,,,point,READ
,20.082,,,Obfuscated,23493,,,,b,,8.027,,,point,READ
,20.108,,,Obfuscated,23514,,,,b,,7.996,,,point,READ
,20.081,,,Obfuscated,23577,,,,b,,7.999,,,point,READ
,20.116,,,Obfuscated,23584,,,,b,,7.997,,,point,READ
,20.103,,,Obfuscated,23615,,,,b,,8.006,,,point,READ
,20.095,,,Obfuscated,23654,,,,b,,8.01,,,point,READ
,20.087,,,Obfuscated,23675,,,,b,,8.019,,,point,READ
,20.111,,,Obfuscated,23721,,,,b,,7.998,,,point,READ
,20.099,,,Obfuscated,23723,,,,b,,8.004,,,point,READ
,20.116,,,Obfuscated,23740,,,,b,,8.003,,,point,READ
,20.087,,,Obfuscated,23751,,,,b,,8.025,,,point,READ
,20.089,,,Obfuscated,23823,,,,b,,8.017,,,point,READ
,20.047,,,Obfuscated,23834,,,,b,,7.991,,,point,READ
,20.102,,,Obfuscated,23857,,,,b,,8.0,,,point,READ
,20.09,,,Obfuscated,23864,,,,b,,8.023,,,point,READ
,20.089,,,Obfuscated,23889,,,,b,,8.024,,,point,READ
,20.103,,,Obfuscated,23890,,,,b,,8.018,,,point,READ
,20.085,,,Obfuscated,23931,,,,b,,7.998,,,point,READ
,20.09,,,Obfuscated,23933,,,,b,,8.019,,,point,READ
,20.091,,,Obfuscated,23960,,,,b,,8.02,,,point,READ
,20.099,,,Obfuscated,24021,,,,b,,8.033,,,point,READ
,20.086,,,Obfuscated,24092,,,,b,,8.03,,,point,READ
,20.105,,,Obfuscated,24099,,,,b,,8.001,,,point,READ
,20.097,,,Obfuscated,24101,,,,b,,8.053,,,point,READ
,20.082,,,Obfuscated,24174,,,,b,,8.028,,,point,READ
,20.103,,,Obfuscated,24179,,,,b,,8.0,,,point,READ
,20.037,,,Obfuscated,24210,,,,b,,7.999,,,point,READ
,20.106,,,Obfuscated,24238,,,,b,,8.003,,,point,READ
,20.104,,,Obfuscated,24255,,,,b,,7.998,,,point,READ
,20.105,,,Obfuscated,24312,,,,b,,8.001,,,point,READ
,20.106,,,Obfuscated,24323,,,,b,,8.004,,,point,READ
,20.091,,,Obfuscated,24344,,,,b,,8.024,,,point,READ
,20.116,,,Obfuscated,24367,,,,b,,7.982,,,point,READ
,20.092,,,Obfuscated,24406,,,,b,,8.011,,,point,READ
,20.042,,,Obfuscated,24411,,,,b,,7.993,,,point,READ
,20.109,,,Obfuscated,24426,,,,b,,7.998,,,point,READ
,20.096,,,Obfuscated,24473,,,,b,,8.009,,,point,READ
,20.111,,,Obfuscated,24614,,,,b,,7.976,,,point,READ
,20.119,,,Obfuscated,24711,,,,b,,7.989,,,point,READ
,20.105,,,Obfuscated,24712,,,,b,,8.006,,,point,READ
,20.105,,,Obfuscated,24746,,,,b,,8.0,,,point,READ
,20.109,,,Obfuscated,24801,,,,b,,8.0,,,point,READ
,20.104,,,Obfuscated,24806,,,,b,,8.005,,,point,READ
,20.107,,,Obfuscated,24816,,,,b,,8.0,,,point,READ
,20.104,,,Obfuscated,24822,,,,b,,8.002,,,point,READ
,20.112,,,Obfuscated,24837,,,,b,,7.969,,,point,READ
,20.109,,,Obfuscated,24849,,,,b,,8.001,,,point,READ
,20.108,,,Obfuscated,24921,,,,b,,8.005,,,point,READ
,20.109,,,Obfuscated,24937,,,,b,,8.003,,,point,READ
,20.09,,,Obfuscated,24951,,,,b,,8.019,,,point,READ
,20.106,,,Obfuscated,24963,,,,b,,7.999,,,point,READ
,20.11,,,Obfuscated,24990,,,,b,,8.006,,,point,READ
,20.081,,,Obfuscated,24991,,,,b,,8.027,,,point,READ
,20.082,,,Obfuscated,25020,,,,b,,8.024,,,point,READ
,20.111,,,Obfuscated,25045,,,,b,,7.999,,,point,READ
,20.082,,,Obfuscated,25058,,,,b,,8.02,,,point,READ
,20.084,,,Obfuscated,25059,,,,b,,8.028,,,point,READ
,20.081,,,Obfuscated,25078,,,,b,,8.029,,,point,READ
,20.106,,,Obfuscated,25087,,,,b,,8.002,,,point,READ
,20.093,,,Obfuscated,25104,,,,b,,8.015,,,point,READ
,20.083,,,Obfuscated,25105,,,,b,,8.017,,,point,READ
,20.082,,,Obfuscated,25119,,,,b,,8.022,,,point,READ
,20.102,,,Obfuscated,25122,,,,b,,8.01,,,point,READ
,20.085,,,Obfuscated,25129,,,,b,,8.025,,,point,READ
,20.082,,,Obfuscated,25167,,,,b,,8.023,,,point,READ
,20.081,,,Obfuscated,25176,,,,b,,7.955,,,point,READ
,20.082,,,Obfuscated,25196,,,,b,,8.024,,,point,READ
,20.106,,,Obfuscated,25220,,,,b,,8.003,,,point,READ
,20.112,,,Obfuscated,25222,,,,b,,8.003,,,point,READ
,20.091,,,Obfuscated,25257,,,,b,,8.015,,,point,READ
,20.103,,,Obfuscated,25263,,,,b,,8.007,,,point,READ
,20.084,,,Obfuscated,25264,,,,b,,8.003,,,point,READ
,20.094,,,Obfuscated,25267,,,,b,,8.011,,,point,READ
,20.081,,,Obfuscated,25314,,,,b,,8.026,,,point,READ
,20.093,,,Obfuscated,25348,,,,b,,8.021,,,point,READ
,20.082,,,Obfuscated,25380,,,,b,,8.023,,,point,READ
,20.106,,,Obfuscated,25517,,,,b,,7.999,,,point,READ
,20.081,,,Obfuscated,25595,,,,b,,8.029,,,point,READ
,20.105,,,Obfuscated,25615,,,,b,,7.998,,,point,READ
,20.101,,,Obfuscated,25647,,,,b,,8.005,,,point,READ
,20.085,,,Obfuscated,25684,,,,b,,8.023,,,point,READ
,20.098,,,Obfuscated,25724,,,,b,,8.014,,,point,READ
,20.074,,,Obfuscated,25754,,,,b,,7.993,,,point,READ
,20.083,,,Obfuscated,25779,,,,b,,8.025,,,point,READ
,20.102,,,Obfuscated,25837,,,,b,,8.001,,,point,READ
,20.104,,,Obfuscated,25853,,,,b,,8.0,,,point,READ
,20.092,,,Obfuscated,25987,,,,b,,8.01,,,point,READ
,20.105,,,Obfuscated,26009,,,,b,,8.002,,,point,READ
,20.109,,,Obfuscated,26024,,,,b,,7.996,,,point,READ
,20.082,,,Obfuscated,26094,,,,b,,8.025,,,point,READ
,20.105,,,Obfuscated,26098,,,,b,,8.0,,,point,READ
,20.083,,,Obfuscated,26105,,,,b,,7.998,,,point,READ
,20.104,,,Obfuscated,26108,,,,b,,7.974,,,point,READ
,20.105,,,Obfuscated,26165,,,,b,,8.0,,,point,READ
,20.039,,,Obfuscated,26201,,,,b,,8.044,,,point,READ
,20.092,,,Obfuscated,26203,,,,b,,8.003,,,point,READ
,20.082,,,Obfuscated,26204,,,,b,,8.025,,,point,READ
,20.102,,,Obfuscated,26215,,,,b,,8.001,,,point,READ
,20.081,,,Obfuscated,26281,,,,b,,8.034,,,point,READ
,20.085,,,Obfuscated,26318,,,,b,,7.951,,,point,READ
,20.082,,,Obfuscated,26356,,,,b,,8.024,,,point,READ
,20.082,,,Obfuscated,26364,,,,b,,8.027,,,point,READ
,20.103,,,Obfuscated,26378,,,,b,,8.006,,,point,READ
,20.105,,,Obfuscated,26398,,,,b,,8.0,,,point,READ
20.101,,20.08,20.113,Obfuscated,,900,26400,,,8.005,,7.99,8.031,summary,READ
,20.087,,,Obfuscated,0,,,,b,,8.022,,,point,SELECT
,20.103,,,Obfuscated,1,,,,b,,8.001,,,point,SELECT
,20.102,,,Obfuscated,2,,,,b,,8.002,,,point,SELECT
,20.096,,,Obfuscated,8,,,,b,,8.014,,,point,SELECT
,20.104,,,Obfuscated,14,,,,b,,8.006,,,point,SELECT
,20.045,,,Obfuscated,18,,,,b,,7.995,,,point,SELECT
,20.105,,,Obfuscated,21,,,,b,,8.005,,,point,SELECT
,20.092,,,Obfuscated,25,,,,b,,7.997,,,point,SELECT
,20.109,,,Obfuscated,31,,,,b,,7.996,,,point,SELECT
,20.084,,,Obfuscated,36,,,,b,,8.026,,,point,SELECT
,20.105,,,Obfuscated,39,,,,b,,8.007,,,point,SELECT
,20.102,,,Obfuscated,42,,,,b,,8.008,,,point,SELECT
,20.083,,,Obfuscated,44,,,,b,,8.029,,,point,SELECT
,20.111,,,Obfuscated,45,,,,b,,7.998,,,point,SELECT
,20.088,,,Obfuscated,46,,,,b,,7.996,,,point,SELECT
,20.082,,,Obfuscated,47,,,,b,,8.027,,,point,SELECT
,20.108,,,Obfuscated,49,,,,b,,8.001,,,point,SELECT
,20.081,,,Obfuscated,50,,,,b,,8.024,,,point,SELECT
,20.11,,,Obfuscated,51,,,,b,,7.999,,,point,SELECT
,20.104,,,Obfuscated,53,,,,b,,8.001,,,point,SELECT
,20.037,,,Obfuscated,54,,,,b,,7.999,,,point,SELECT
,20.11,,,Obfuscated,55,,,,b,,7.998,,,point,SELECT
,20.106,,,Obfuscated,56,,,,b,,8.0,,,point,SELECT
,20.085,,,Obfuscated,58,,,,b,,8.021,,,point,SELECT
,20.082,,,Obfuscated,61,,,,b,,8.032,,,point,SELECT
,20.109,,,Obfuscated,64,,,,b,,7.996,,,point,SELECT
,20.102,,,Obfuscated,65,,,,b,,8.004,,,point,SELECT
,20.106,,,Obfuscated,66,,,,b,,8.005,,,point,SELECT
,20.092,,,Obfuscated,67,,,,b,,7.999,,,point,SELECT
,20.081,,,Obfuscated,71,,,,b,,8.028,,,point,SELECT
,20.103,,,Obfuscated,72,,,,b,,8.018,,,point,SELECT
,20.082,,,Obfuscated,77,,,,b,,8.026,,,point,SELECT
,20.102,,,Obfuscated,79,,,,b,,7.995,,,point,SELECT
,20.093,,,Obfuscated,81,,,,b,,8.005,,,point,SELECT
,20.095,,,Obfuscated,85,,,,b,,8.02,,,point,SELECT
,20.104,,,Obfuscated,87,,,,b,,8.004,,,point,SELECT
,20.088,,,Obfuscated,90,,,,b,,8.012,,,point,SELECT
,20.107,,,Obfuscated,91,,,,b,,7.999,,,point,SELECT
,20.114,,,Obfuscated,94,,,,b,,7.993,,,point,SELECT
,20.118,,,Obfuscated,97,,,,b,,7.993,,,point,SELECT
,20.103,,,Obfuscated,100,,,,b,,8.004,,,point,SELECT
,20.107,,,Obfuscated,101,,,,b,,7.998,,,point,SELECT
,20.108,,,Obfuscated,103,,,,b,,8.006,,,point,SELECT
,20.037,,,Obfuscated,104,,,,b,,8.001,,,point,SELECT
,20.107,,,Obfuscated,105,,,,b,,8.0,,,point,SELECT
,20.036,,,Obfuscated,107,,,,b,,8.05,,,point,SELECT
,20.121,,,Obfuscated,109,,,,b,,7.992,,,point,SELECT
,20.112,,,Obfuscated,110,,,,b,,7.993,,,point,SELECT
,20.104,,,Obfuscated,112,,,,b,,8.005,,,point,SELECT
,20.037,,,Obfuscated,117,,,,b,,8.072,,,point,SELECT
,20.111,,,Obfuscated,119,,,,b,,7.993,,,point,SELECT
,20.11,,,Obfuscated,122,,,,b,,8.001,,,point,SELECT
,20.087,,,Obfuscated,124,,,,b,,8.021,,,point,SELECT
,20.082,,,Obfuscated,131,,,,b,,8.031,,,point,SELECT
,20.089,,,Obfuscated,135,,,,b,,8.017,,,point,SELECT
,20.082,,,Obfuscated,137,,,,b,,8.024,,,point,SELECT
,20.082,,,Obfuscated,138,,,,b,,8.002,,,point,SELECT
,20.105,,,Obfuscated,148,,,,b,,8.002,,,point,SELECT
,20.082,,,Obfuscated,149,,,,b,,8.024,,,point,SELECT
,20.108,,,Obfuscated,155,,,,b,,8.004,,,point,SELECT
,20.088,,,Obfuscated,160,,,,b,,8.007,,,point,SELECT
,20.106,,,Obfuscated,164,,,,b,,8.001,,,point,SELECT
,20.105,,,Obfuscated,168,,,,b,,8.0,,,point,SELECT
,20.082,,,Obfuscated,173,,,,b,,8.026,,,point,SELECT
,20.081,,,Obfuscated,178,,,,b,,8.032,,,point,SELECT
,20.081,,,Obfuscated,179,,,,b,,8.027,,,point,SELECT
,20.081,,,Obfuscated,185,,,,b,,8.031,,,point,SELECT
,20.093,,,Obfuscated,187,,,,b,,8.002,,,point,SELECT
,20.106,,,Obfuscated,190,,,,b,,7.973,,,point,SELECT
,20.104,,,Obfuscated,191,,,,b,,8.007,,,point,SELECT
,20.082,,,Obfuscated,192,,,,b,,8.028,,,point,SELECT
,20.112,,,Obfuscated,205,,,,b,,7.998,,,point,SELECT
,20.083,,,Obfuscated,209,,,,b,,8.036,,,point,SELECT
,20.081,,,Obfuscated,211,,,,b,,8.027,,,point,SELECT
,20.102,,,Obfuscated,212,,,,b,,8.006,,,point,SELECT
,20.082,,,Obfuscated,216,,,,b,,7.957,,,point,SELECT
,20.083,,,Obfuscated,218,,,,b,,8.028,,,point,SELECT
,20.096,,,Obfuscated,222,,,,b,,8.014,,,point,SELECT
,20.11,,,Obfuscated,224,,,,b,,8.007,,,point,SELECT
,20.099,,,Obfuscated,225,,,,b,,8.014,,,point,SELECT
,20.087,,,Obfuscated,227,,,,b,,8.026,,,point,SELECT
,20.106,,,Obfuscated,233,,,,b,,8.0,,,point,SELECT
,20.107,,,Obfuscated,236,,,,b,,7.998,,,point,SELECT
,20.083,,,Obfuscated,237,,,,b,,8.033,,,point,SELECT
,20.095,,,Obfuscated,239,,,,b,,8.032,,,point,SELECT
,20.093,,,Obfuscated,240,,,,b,,8.012,,,point,SELECT
,20.084,,,Obfuscated,245,,,,b,,7.999,,,point,SELECT
,20.087,,,Obfuscated,247,,,,b,,8.02,,,point,SELECT
,20.096,,,Obfuscated,249,,,,b,,8.019,,,point,SELECT
,20.103,,,Obfuscated,254,,,,b,,7.987,,,point,SELECT
,20.102,,,Obfuscated,255,,,,b,,8.0,,,point,SELECT
,20.087,,,Obfuscated,256,,,,b,,8.022,,,point,SELECT
,20.111,,,Obfuscated,267,,,,b,,7.998,,,point,SELECT
,20.107,,,Obfuscated,277,,,,b,,7.999,,,point,SELECT
,20.109,,,Obfuscated,285,,,,b,,7.998,,,point,SELECT
,20.117,,,Obfuscated,286,,,,b,,7.999,,,point,SELECT
,20.109,,,Obfuscated,287,,,,b,,8.007,,,point,SELECT
,20.099,,,Obfuscated,290,,,,b,,8.006,,,point,SELECT
,20.106,,,Obfuscated,294,,,,b,,7.999,,,point,SELECT
,20.103,,,Obfuscated,296,,,,b,,8.009,,,point,SELECT
,20.091,,,Obfuscated,302,,,,b,,8.02,,,point,SELECT
,20.104,,,Obfuscated,305,,,,b,,8.001,,,point,SELECT
,20.096,,,Obfuscated,310,,,,b,,8.013,,,point,SELECT
,20.104,,,Obfuscated,311,,,,b,,8.005,,,point,SELECT
,20.113,,,Obfuscated,313,,,,b,,7.998,,,point,SELECT
,20.102,,,Obfuscated,316,,,,b,,7.998,,,point,SELECT
,20.11,,,Obfuscated,317,,,,b,,7.993,,,point,SELECT
,20.103,,,Obfuscated,319,,,,b,,8.001,,,point,SELECT
,20.105,,,Obfuscated,322,,,,b,,8.0,,,point,SELECT
,20.082,,,Obfuscated,325,,,,b,,8.027,,,point,SELECT
,20.104,,,Obfuscated,329,,,,b,,7.994,,,point,SELECT
,20.107,,,Obfuscated,335,,,,b,,7.999,,,point,SELECT
,20.084,,,Obfuscated,336,,,,b,,8.021,,,point,SELECT
,20.037,,,Obfuscated,343,,,,b,,8.045,,,point,SELECT
,20.091,,,Obfuscated,345,,,,b,,8.035,,,point,SELECT
,20.108,,,Obfuscated,347,,,,b,,7.997,,,point,SELECT
,20.101,,,Obfuscated,350,,,,b,,8.008,,,point,SELECT
,20.095,,,Obfuscated,353,,,,b,,8.0,,,point,SELECT
,20.082,,,Obfuscated,355,,,,b,,8.033,,,point,SELECT
,20.082,,,Obfuscated,357,,,,b,,8.024,,,point,SELECT
,20.096,,,Obfuscated,358,,,,b,,8.016,,,point,SELECT
,20.105,,,Obfuscated,360,,,,b,,8.0,,,point,SELECT
,20.105,,,Obfuscated,362,,,,b,,8.001,,,point,SELECT
,20.101,,,Obfuscated,363,,,,b,,8.003,,,point,SELECT
,20.096,,,Obfuscated,365,,,,b,,8.012,,,point,SELECT
,20.104,,,Obfuscated,368,,,,b,,7.997,,,point,SELECT
,20.104,,,Obfuscated,369,,,,b,,8.001,,,point,SELECT
,20.081,,,Obfuscated,374,,,,b,,8.029,,,point,SELECT
,20.113,,,Obfuscated,377,,,,b,,7.992,,,point,SELECT
,20.105,,,Obfuscated,380,,,,b,,8.0,,,point,SELECT
,20.098,,,Obfuscated,381,,,,b,,8.006,,,point,SELECT
,20.106,,,Obfuscated,386,,,,b,,7.984,,,point,SELECT
,20.086,,,Obfuscated,390,,,,b,,8.024,,,point,SELECT
,20.082,,,Obfuscated,392,,,,b,,8.028,,,point,SELECT
,20.108,,,Obfuscated,400,,,,b,,8.001,,,point,SELECT
,20.088,,,Obfuscated,401,,,,b,,8.025,,,point,SELECT
,20.088,,,Obfuscated,403,,,,b,,8.023,,,point,SELECT
,20.106,,,Obfuscated,407,,,,b,,8.0,,,point,SELECT
,20.113,,,Obfuscated,409,,,,b,,7.995,,,point,SELECT
,20.102,,,Obfuscated,410,,,,b,,8.003,,,point,SELECT
,20.092,,,Obfuscated,413,,,,b,,8.003,,,point,SELECT
,20.11,,,Obfuscated,414,,,,b,,7.994,,,point,SELECT
,20.104,,,Obfuscated,415,,,,b,,8.001,,,point,SELECT
,20.083,,,Obfuscated,416,,,,b,,8.03,,,point,SELECT
,20.105,,,Obfuscated,419,,,,b,,8.003,,,point,SELECT
,20.109,,,Obfuscated,424,,,,b,,7.988,,,point,SELECT
,20.112,,,Obfuscated,425,,,,b,,7.993,,,point,SELECT
,20.11,,,Obfuscated,426,,,,b,,7.998,,,point,SELECT
,20.082,,,Obfuscated,427,,,,b,,8.027,,,point,SELECT
,20.081,,,Obfuscated,434,,,,b,,8.032,,,point,SELECT
,20.088,,,Obfuscated,435,,,,b,,8.027,,,point,SELECT
,20.081,,,Obfuscated,439,,,,b,,8.008,,,point,SELECT
,20.102,,,Obfuscated,440,,,,b,,8.006,,,point,SELECT
,20.106,,,Obfuscated,443,,,,b,,7.975,,,point,SELECT
,20.105,,,Obfuscated,444,,,,b,,8.0,,,point,SELECT
,20.082,,,Obfuscated,447,,,,b,,8.022,,,point,SELECT
,20.113,,,Obfuscated,451,,,,b,,7.998,,,point,SELECT
,20.082,,,Obfuscated,453,,,,b,,8.023,,,point,SELECT
,20.106,,,Obfuscated,454,,,,b,,7.984,,,point,SELECT
,20.102,,,Obfuscated,459,,,,b,,8.006,,,point,SELECT
,20.108,,,Obfuscated,460,,,,b,,7.973,,,point,SELECT
,20.039,,,Obfuscated,462,,,,b,,7.999,,,point,SELECT
,20.113,,,Obfuscated,470,,,,b,,8.0,,,point,SELECT
,20.118,,,Obfuscated,479,,,,b,,7.994,,,point,SELECT
,20.092,,,Obfuscated,482,,,,b,,8.001,,,point,SELECT
,20.081,,,Obfuscated,483,,,,b,,8.028,,,point,SELECT
,20.101,,,Obfuscated,486,,,,b,,8.006,,,point,SELECT
,20.096,,,Obfuscated,488,,,,b,,7.942,,,point,SELECT
,20.082,,,Obfuscated,492,,,,b,,8.023,,,point,SELECT
,20.115,,,Obfuscated,493,,,,b,,8.001,,,point,SELECT
,20.089,,,Obfuscated,498,,,,b,,7.998,,,point,SELECT
,20.081,,,Obfuscated,499,,,,b,,8.027,,,point,SELECT
,20.082,,,Obfuscated,504,,,,b,,8.023,,,point,SELECT
,20.088,,,Obfuscated,508,,,,b,,8.005,,,point,SELECT
,20.102,,,Obfuscated,509,,,,b,,8.003,,,point,SELECT
,20.036,,,Obfuscated,510,,,,b,,8.049,,,point,SELECT
,20.11,,,Obfuscated,514,,,,b,,8.0,,,point,SELECT
,20.103,,,Obfuscated,516,,,,b,,8.002,,,point,SELECT
,20.104,,,Obfuscated,517,,,,b,,8.001,,,point,SELECT
,20.14,,,Obfuscated,518,,,,b,,7.94,,,point,SELECT
,20.099,,,Obfuscated,521,,,,b,,7.99,,,point,SELECT
,20.082,,,Obfuscated,524,,,,b,,8.025,,,point,SELECT
,20.111,,,Obfuscated,528,,,,b,,8.0,,,point,SELECT
,20.106,,,Obfuscated,533,,,,b,,8.0,,,point,SELECT
,20.104,,,Obfuscated,540,,,,b,,8.004,,,point,SELECT
,20.099,,,Obfuscated,542,,,,b,,8.012,,,point,SELECT
,20.096,,,Obfuscated,545,,,,b,,7.999,,,point,SELECT
,20.124,,,Obfuscated,546,,,,b,,7.988,,,point,SELECT
,20.081,,,Obfuscated,548,,,,b,,8.023,,,point,SELECT
,20.085,,,Obfuscated,549,,,,b,,8.025,,,point,SELECT
,20.098,,,Obfuscated,550,,,,b,,8.007,,,point,SELECT
,20.086,,,Obfuscated,551,,,,b,,8.021,,,point,SELECT
,20.095,,,Obfuscated,555,,,,b,,8.001,,,point,SELECT
,20.046,,,Obfuscated,561,,,,b,,8.037,,,point,SELECT
,20.089,,,Obfuscated,564,,,,b,,8.026,,,point,SELECT
,20.114,,,Obfuscated,569,,,,b,,7.997,,,point,SELECT
,20.109,,,Obfuscated,570,,,,b,,7.998,,,point,SELECT
,20.104,,,Obfuscated,571,,,,b,,8.007,,,point,SELECT
,20.116,,,Obfuscated,573,,,,b,,8.006,,,point,SELECT
,20.094,,,Obfuscated,574,,,,b,,8.017,,,point,SELECT
,20.09,,,Obfuscated,575,,,,b,,8.022,,,point,SELECT
,20.106,,,Obfuscated,576,,,,b,,8.005,,,point,SELECT
,20.113,,,Obfuscated,588,,,,b,,7.992,,,point,SELECT
,20.082,,,Obfuscated,590,,,,b,,8.026,,,point,SELECT
,20.087,,,Obfuscated,594,,,,b,,8.025,,,point,SELECT
,20.102,,,Obfuscated,598,,,,b,,8.04,,,point,SELECT
,20.108,,,Obfuscated,599,,,,b,,8.004,,,point,SELECT
,20.089,,,Obfuscated,601,,,,b,,8.018,,,point,SELECT
,20.088,,,Obfuscated,606,,,,b,,8.017,,,point,SELECT
,20.04,,,Obfuscated,608,,,,b,,7.999,,,point,SELECT
,20.096,,,Obfuscated,609,,,,b,,8.016,,,point,SELECT
,20.107,,,Obfuscated,613,,,,b,,7.975,,,point,SELECT
,20.09,,,Obfuscated,618,,,,b,,8.016,,,point,SELECT
,20.098,,,Obfuscated,621,,,,b,,8.023,,,point,SELECT
,20.108,,,Obfuscated,623,,,,b,,8.002,,,point,SELECT
,20.107,,,Obfuscated,624,,,,b,,7.999,,,point,SELECT
,20.081,,,Obfuscated,625,,,,b,,8.03,,,point,SELECT
,20.082,,,Obfuscated,628,,,,b,,8.019,,,point,SELECT
,20.097,,,Obfuscated,629,,,,b,,8.018,,,point,SELECT
,20.11,,,Obfuscated,632,,,,b,,7.999,,,point,SELECT
,20.082,,,Obfuscated,638,,,,b,,8.023,,,point,SELECT
,20.082,,,Obfuscated,641,,,,b,,8.037,,,point,SELECT
,20.103,,,Obfuscated,648,,,,b,,8.005,,,point,SELECT
,20.082,,,Obfuscated,650,,,,b,,8.023,,,point,SELECT
,20.081,,,Obfuscated,653,,,,b,,8.027,,,point,SELECT
,20.104,,,Obfuscated,654,,,,b,,8.01,,,point,SELECT
,20.086,,,Obfuscated,655,,,,b,,8.025,,,point,SELECT
,20.089,,,Obfuscated,661,,,,b,,8.023,,,point,SELECT
,20.105,,,Obfuscated,663,,,,b,,8.0,,,point,SELECT
,20.097,,,Obfuscated,665,,,,b,,8.0,,,point,SELECT
,20.083,,,Obfuscated,669,,,,b,,8.027,,,point,SELECT
,20.113,,,Obfuscated,680,,,,b,,8.003,,,point,SELECT
,20.095,,,Obfuscated,681,,,,b,,8.011,,,point,SELECT
,20.087,,,Obfuscated,684,,,,b,,8.019,,,point,SELECT
,20.093,,,Obfuscated,686,,,,b,,8.019,,,point,SELECT
,20.099,,,Obfuscated,687,,,,b,,7.996,,,point,SELECT
,20.105,,,Obfuscated,688,,,,b,,7.992,,,point,SELECT
,20.091,,,Obfuscated,689,,,,b,,8.02,,,point,SELECT
,20.082,,,Obfuscated,698,,,,b,,8.017,,,point,SELECT
,20.103,,,Obfuscated,699,,,,b,,8.002,,,point,SELECT
,20.083,,,Obfuscated,701,,,,b,,8.027,,,point,SELECT
,20.081,,,Obfuscated,702,,,,b,,8.028,,,point,SELECT
,20.107,,,Obfuscated,705,,,,b,,8.0,,,point,SELECT
,20.111,,,Obfuscated,706,,,,b,,7.997,,,point,SELECT
,20.09,,,Obfuscated,712,,,,b,,7.993,,,point,SELECT
,20.103,,,Obfuscated,713,,,,b,,8.0,,,point,SELECT
,20.104,,,Obfuscated,716,,,,b,,8.001,,,point,SELECT
,20.109,,,Obfuscated,718,,,,b,,8.004,,,point,SELECT
,20.089,,,Obfuscated,720,,,,b,,8.011,,,point,SELECT
,20.104,,,Obfuscated,722,,,,b,,8.006,,,point,SELECT
,20.089,,,Obfuscated,727,,,,b,,8.016,,,point,SELECT
,20.089,,,Obfuscated,728,,,,b,,8.02,,,point,SELECT
,20.089,,,Obfuscated,731,,,,b,,8.022,,,point,SELECT
,20.082,,,Obfuscated,734,,,,b,,8.001,,,point,SELECT
,20.082,,,Obfuscated,736,,,,b,,7.954,,,point,SELECT
,20.092,,,Obfuscated,737,,,,b,,8.018,,,point,SELECT
,20.084,,,Obfuscated,743,,,,b,,8.021,,,point,SELECT
,20.111,,,Obfuscated,746,,,,b,,7.992,,,point,SELECT
,20.109,,,Obfuscated,749,,,,b,,7.997,,,point,SELECT
,20.1,,,Obfuscated,750,,,,b,,8.002,,,point,SELECT
,20.087,,,Obfuscated,752,,,,b,,8.027,,,point,SELECT
,20.081,,,Obfuscated,754,,,,b,,8.024,,,point,SELECT
,20.093,,,Obfuscated,762,,,,b,,8.018,,,point,SELECT
,20.107,,,Obfuscated,766,,,,b,,8.022,,,point,SELECT
,20.125,,,Obfuscated,767,,,,b,,7.988,,,point,SELECT
,20.102,,,Obfuscated,773,,,,b,,7.994,,,point,SELECT
,20.091,,,Obfuscated,776,,,,b,,8.019,,,point,SELECT
,20.107,,,Obfuscated,784,,,,b,,8.0,,,point,SELECT
,20.107,,,Obfuscated,787,,,,b,,7.998,,,point,SELECT
,20.108,,,Obfuscated,792,,,,b,,7.991,,,point,SELECT
,20.106,,,Obfuscated,793,,,,b,,8.007,,,point,SELECT
,20.099,,,Obfuscated,794,,,,b,,7.991,,,point,SELECT
,20.105,,,Obfuscated,798,,,,b,,8.002,,,point,SELECT
,20.107,,,Obfuscated,806,,,,b,,8.013,,,point,SELECT
,20.084,,,Obfuscated,811,,,,b,,7.998,,,point,SELECT
,20.106,,,Obfuscated,815,,,,b,,8.011,,,point,SELECT
,20.082,,,Obfuscated,818,,,,b,,8.024,,,point,SELECT
,20.083,,,Obfuscated,819,,,,b,,8.031,,,point,SELECT
,20.107,,,Obfuscated,823,,,,b,,8.007,,,point,SELECT
,20.084,,,Obfuscated,827,,,,b,,8.027,,,point,SELECT
,20.106,,,Obfuscated,834,,,,b,,8.001,,,point,SELECT
,20.106,,,Obfuscated,839,,,,b,,7.999,,,point,SELECT
,20.087,,,Obfuscated,840,,,,b,,8.014,,,point,SELECT
,20.093,,,Obfuscated,841,,,,b,,8.001,,,point,SELECT
,20.09,,,Obfuscated,844,,,,b,,8.024,,,point,SELECT
,20.107,,,Obfuscated,849,,,,b,,7.998,,,point,SELECT
,20.088,,,Obfuscated,850,,,,b,,8.022,,,point,SELECT
,20.086,,,Obfuscated,851,,,,b,,8.029,,,point,SELECT
,20.106,,,Obfuscated,852,,,,b,,8.007,,,point,SELECT
,20.081,,,Obfuscated,857,,,,b,,8.026,,,point,SELECT
,20.105,,,Obfuscated,859,,,,b,,8.002,,,point,SELECT
,20.105,,,Obfuscated,861,,,,b,,8.005,,,point,SELECT
,20.087,,,Obfuscated,862,,,,b,,8.024,,,point,SELECT
,20.1,,,Obfuscated,868,,,,b,,8.007,,,point,SELECT
,20.108,,,Obfuscated,872,,,,b,,7.999,,,point,SELECT
,20.097,,,Obfuscated,875,,,,b,,8.02,,,point,SELECT
,20.082,,,Obfuscated,879,,,,b,,8.027,,,point,SELECT
,20.105,,,Obfuscated,882,,,,b,,7.996,,,point,SELECT
,20.113,,,Obfuscated,885,,,,b,,7.995,,,point,SELECT
,20.116,,,Obfuscated,887,,,,b,,7.995,,,point,SELECT
,20.036,,,Obfuscated,892,,,,b,,8.045,,,point,SELECT
,20.082,,,Obfuscated,893,,,,b,,8.026,,,point,SELECT
,20.089,,,Obfuscated,895,,,,b,,8.016,,,point,SELECT
,20.087,,,Obfuscated,897,,,,b,,8.024,,,point,SELECT
,20.111,,,Obfuscated,901,,,,b,,7.993,,,point,SELECT
,20.106,,,Obfuscated,905,,,,b,,8.004,,,point,SELECT
,20.102,,,Obfuscated,911,,,,b,,8.007,,,point,SELECT
,20.089,,,Obfuscated,915,,,,b,,8.025,,,point,SELECT
,20.091,,,Obfuscated,916,,,,b,,8.017,,,point,SELECT
,20.083,,,Obfuscated,920,,,,b,,8.025,,,point,SELECT
,20.109,,,Obfuscated,930,,,,b,,8.001,,,point,SELECT
,20.105,,,Obfuscated,932,,,,b,,8.007,,,point,SELECT
,20.11,,,Obfuscated,933,,,,b,,8.007,,,point,SELECT
,20.088,,,Obfuscated,935,,,,b,,8.037,,,point,SELECT
,20.082,,,Obfuscated,940,,,,b,,8.01,,,point,SELECT
,20.099,,,Obfuscated,942,,,,b,,8.007,,,point,SELECT
,20.082,,,Obfuscated,944,,,,b,,8.023,,,point,SELECT
,20.101,,,Obfuscated,947,,,,b,,8.011,,,point,SELECT
,20.081,,,Obfuscated,949,,,,b,,8.029,,,point,SELECT
,20.113,,,Obfuscated,953,,,,b,,7.992,,,point,SELECT
,20.112,,,Obfuscated,956,,,,b,,8.007,,,point,SELECT
,20.107,,,Obfuscated,958,,,,b,,8.004,,,point,SELECT
,20.112,,,Obfuscated,959,,,,b,,7.993,,,point,SELECT
,20.1,,,Obfuscated,962,,,,b,,8.007,,,point,SELECT
,20.082,,,Obfuscated,964,,,,b,,8.026,,,point,SELECT
,20.108,,,Obfuscated,965,,,,b,,7.999,,,point,SELECT
,20.109,,,Obfuscated,966,,,,b,,8.004,,,point,SELECT
,20.097,,,Obfuscated,969,,,,b,,8.001,,,point,SELECT
,20.106,,,Obfuscated,973,,,,b,,7.999,,,point,SELECT
,20.107,,,Obfuscated,976,,,,b,,8.011,,,point,SELECT
,20.047,,,Obfuscated,980,,,,b,,8.034,,,point,SELECT
,20.109,,,Obfuscated,984,,,,b,,8.001,,,point,SELECT
,20.102,,,Obfuscated,988,,,,b,,7.978,,,point,SELECT
,20.109,,,Obfuscated,998,,,,b,,8.007,,,point,SELECT
,20.096,,,Obfuscated,1000,,,,b,,8.01,,,point,SELECT
,20.103,,,Obfuscated,1001,,,,b,,8.01,,,point,SELECT
,20.106,,,Obfuscated,1002,,,,b,,7.999,,,point,SELECT
,20.087,,,Obfuscated,1003,,,,b,,8.023,,,point,SELECT
,20.087,,,Obfuscated,1005,,,,b,,8.028,,,point,SELECT
,20.084,,,Obfuscated,1006,,,,b,,8.029,,,point,SELECT
,20.114,,,Obfuscated,1009,,,,b,,7.991,,,point,SELECT
,20.113,,,Obfuscated,1010,,,,b,,7.996,,,point,SELECT
,20.036,,,Obfuscated,1011,,,,b,,8.05,,,point,SELECT
,20.107,,,Obfuscated,1014,,,,b,,7.999,,,point,SELECT
,20.096,,,Obfuscated,1018,,,,b,,8.01,,,point,SELECT
,20.084,,,Obfuscated,1022,,,,b,,8.024,,,point,SELECT
,20.083,,,Obfuscated,1025,,,,b,,8.026,,,point,SELECT
,20.108,,,Obfuscated,1026,,,,b,,7.997,,,point,SELECT
,20.082,,,Obfuscated,1027,,,,b,,8.027,,,point,SELECT
,20.106,,,Obfuscated,1028,,,,b,,8.0,,,point,SELECT
,20.093,,,Obfuscated,1031,,,,b,,8.013,,,point,SELECT
,20.112,,,Obfuscated,1035,,,,b,,7.995,,,point,SELECT
,20.081,,,Obfuscated,1038,,,,b,,8.028,,,point,SELECT
,20.109,,,Obfuscated,1039,,,,b,,8.008,,,point,SELECT
,20.11,,,Obfuscated,1040,,,,b,,7.998,,,point,SELECT
,20.092,,,Obfuscated,1044,,,,b,,8.02,,,point,SELECT
,20.043,,,Obfuscated,1048,,,,b,,8.047,,,point,SELECT
,20.106,,,Obfuscated,1060,,,,b,,8.002,,,point,SELECT
,20.11,,,Obfuscated,1062,,,,b,,8.003,,,point,SELECT
,20.105,,,Obfuscated,1064,,,,b,,8.005,,,point,SELECT
,20.04,,,Obfuscated,1069,,,,b,,7.997,,,point,SELECT
,20.038,,,Obfuscated,1077,,,,b,,8.001,,,point,SELECT
,20.088,,,Obfuscated,1080,,,,b,,8.034,,,point,SELECT
,20.106,,,Obfuscated,1087,,,,b,,8.004,,,point,SELECT
,20.081,,,Obfuscated,1091,,,,b,,8.004,,,point,SELECT
,20.107,,,Obfuscated,1100,,,,b,,7.999,,,point,SELECT
,20.11,,,Obfuscated,1102,,,,b,,8.001,,,point,SELECT
,20.104,,,Obfuscated,1103,,,,b,,8.002,,,point,SELECT
,20.108,,,Obfuscated,1105,,,,b,,7.996,,,point,SELECT
,20.105,,,Obfuscated,1108,,,,b,,8.005,,,point,SELECT
,20.082,,,Obfuscated,1110,,,,b,,8.028,,,point,SELECT
,20.106,,,Obfuscated,1119,,,,b,,8.0,,,point,SELECT
,20.089,,,Obfuscated,1125,,,,b,,8.021,,,point,SELECT
,20.091,,,Obfuscated,1126,,,,b,,8.015,,,point,SELECT
,20.109,,,Obfuscated,1127,,,,b,,8.002,,,point,SELECT
,20.107,,,Obfuscated,1128,,,,b,,8.0,,,point,SELECT
,20.09,,,Obfuscated,1132,,,,b,,8.021,,,point,SELECT
,20.093,,,Obfuscated,1135,,,,b,,8.016,,,point,SELECT
,20.092,,,Obfuscated,1139,,,,b,,8.016,,,point,SELECT
,20.095,,,Obfuscated,1141,,,,b,,8.014,,,point,SELECT
,20.112,,,Obfuscated,1144,,,,b,,8.001,,,point,SELECT
,20.089,,,Obfuscated,1146,,,,b,,8.007,,,point,SELECT
,20.113,,,Obfuscated,1147,,,,b,,7.999,,,point,SELECT
,20.108,,,Obfuscated,1148,,,,b,,8.003,,,point,SELECT
,20.094,,,Obfuscated,1154,,,,b,,8.009,,,point,SELECT
,20.103,,,Obfuscated,1155,,,,b,,8.024,,,point,SELECT
,20.093,,,Obfuscated,1158,,,,b,,8.008,,,point,SELECT
,20.102,,,Obfuscated,1164,,,,b,,7.997,,,point,SELECT
,20.109,,,Obfuscated,1165,,,,b,,7.998,,,point,SELECT
,20.11,,,Obfuscated,1168,,,,b,,7.997,,,point,SELECT
,20.086,,,Obfuscated,1171,,,,b,,8.029,,,point,SELECT
,20.083,,,Obfuscated,1173,,,,b,,8.022,,,point,SELECT
,20.114,,,Obfuscated,1177,,,,b,,7.989,,,point,SELECT
,20.082,,,Obfuscated,1178,,,,b,,8.027,,,point,SELECT
,20.092,,,Obfuscated,1180,,,,b,,7.995,,,point,SELECT
,20.112,,,Obfuscated,1183,,,,b,,8.003,,,point,SELECT
,20.101,,,Obfuscated,1184,,,,b,,7.998,,,point,SELECT
,20.109,,,Obfuscated,1187,,,,b,,8.0,,,point,SELECT
,20.082,,,Obfuscated,1191,,,,b,,8.029,,,point,SELECT
,20.109,,,Obfuscated,1192,,,,b,,8.003,,,point,SELECT
,20.084,,,Obfuscated,1193,,,,b,,8.032,,,point,SELECT
,20.109,,,Obfuscated,1198,,,,b,,7.988,,,point,SELECT
,20.102,,,Obfuscated,1200,,,,b,,8.002,,,point,SELECT
,20.087,,,Obfuscated,1201,,,,b,,8.015,,,point,SELECT
,20.101,,,Obfuscated,1203,,,,b,,8.01,,,point,SELECT
,20.102,,,Obfuscated,1205,,,,b,,8.004,,,point,SELECT
,20.102,,,Obfuscated,1208,,,,b,,8.0,,,point,SELECT
,20.117,,,Obfuscated,1209,,,,b,,7.993,,,point,SELECT
,20.104,,,Obfuscated,1211,,,,b,,8.005,,,point,SELECT
,20.1,,,Obfuscated,1216,,,,b,,8.002,,,point,SELECT
,20.081,,,Obfuscated,1219,,,,b,,8.024,,,point,SELECT
,20.083,,,Obfuscated,1222,,,,b,,8.013,,,point,SELECT
,20.105,,,Obfuscated,1226,,,,b,,8.002,,,point,SELECT
,20.096,,,Obfuscated,1227,,,,b,,8.011,,,point,SELECT
,20.091,,,Obfuscated,1232,,,,b,,8.021,,,point,SELECT
,20.101,,,Obfuscated,1233,,,,b,,8.0,,,point,SELECT
,20.108,,,Obfuscated,1240,,,,b,,7.998,,,point,SELECT
,20.037,,,Obfuscated,1241,,,,b,,8.055,,,point,SELECT
,20.112,,,Obfuscated,1242,,,,b,,7.992,,,point,SELECT
,20.115,,,Obfuscated,1246,,,,b,,8.004,,,point,SELECT
,20.106,,,Obfuscated,1249,,,,b,,7.999,,,point,SELECT
,20.088,,,Obfuscated,1253,,,,b,,8.019,,,point,SELECT
,20.084,,,Obfuscated,1254,,,,b,,8.0,,,point,SELECT
,20.106,,,Obfuscated,1255,,,,b,,8.008,,,point,SELECT
,20.11,,,Obfuscated,1256,,,,b,,8.011,,,point,SELECT
,20.109,,,Obfuscated,1258,,,,b,,8.008,,,point,SELECT
,20.082,,,Obfuscated,1262,,,,b,,8.028,,,point,SELECT
,20.114,,,Obfuscated,1263,,,,b,,7.996,,,point,SELECT
,20.081,,,Obfuscated,1267,,,,b,,8.005,,,point,SELECT
,20.036,,,Obfuscated,1272,,,,b,,8.077,,,point,SELECT
,20.037,,,Obfuscated,1274,,,,b,,8.069,,,point,SELECT
,20.104,,,Obfuscated,1278,,,,b,,8.0,,,point,SELECT
,20.041,,,Obfuscated,1281,,,,b,,7.996,,,point,SELECT
,20.111,,,Obfuscated,1283,,,,b,,7.999,,,point,SELECT
,20.107,,,Obfuscated,1285,,,,b,,8.007,,,point,SELECT
,20.114,,,Obfuscated,1287,,,,b,,8.029,,,point,SELECT
,20.113,,,Obfuscated,1296,,,,b,,8.0,,,point,SELECT
,20.109,,,Obfuscated,1297,,,,b,,8.0,,,point,SELECT
,20.107,,,Obfuscated,1298,,,,b,,8.005,,,point,SELECT
,20.101,,,Obfuscated,1300,,,,b,,8.005,,,point,SELECT
,20.096,,,Obfuscated,1305,,,,b,,8.013,,,point,SELECT
,20.105,,,Obfuscated,1309,,,,b,,8.001,,,point,SELECT
,20.082,,,Obfuscated,1314,,,,b,,8.027,,,point,SELECT
,20.119,,,Obfuscated,1315,,,,b,,7.991,,,point,SELECT
,20.089,,,Obfuscated,1316,,,,b,,8.028,,,point,SELECT
,20.037,,,Obfuscated,1317,,,,b,,8.002,,,point,SELECT
,20.099,,,Obfuscated,1318,,,,b,,8.006,,,point,SELECT
,20.09,,,Obfuscated,1320,,,,b,,7.995,,,point,SELECT
,20.082,,,Obfuscated,1326,,,,b,,8.029,,,point,SELECT
,20.083,,,Obfuscated,1327,,,,b,,8.031,,,point,SELECT
,20.109,,,Obfuscated,1329,,,,b,,7.998,,,point,SELECT
,20.113,,,Obfuscated,1333,,,,b,,8.007,,,point,SELECT
,20.084,,,Obfuscated,1343,,,,b,,7.955,,,point,SELECT
,20.108,,,Obfuscated,1346,,,,b,,7.998,,,point,SELECT
,20.09,,,Obfuscated,1347,,,,b,,8.017,,,point,SELECT
,20.083,,,Obfuscated,1348,,,,b,,7.955,,,point,SELECT
,20.112,,,Obfuscated,1351,,,,b,,7.994,,,point,SELECT
,20.11,,,Obfuscated,1352,,,,b,,7.999,,,point,SELECT
,20.083,,,Obfuscated,1357,,,,b,,8.03,,,point,SELECT
,20.109,,,Obfuscated,1358,,,,b,,7.995,,,point,SELECT
,20.091,,,Obfuscated,1359,,,,b,,8.014,,,point,SELECT
,20.11,,,Obfuscated,1364,,,,b,,8.002,,,point,SELECT
,20.09,,,Obfuscated,1367,,,,b,,8.017,,,point,SELECT
,20.114,,,Obfuscated,1368,,,,b,,8.0,,,point,SELECT
,20.086,,,Obfuscated,1369,,,,b,,8.027,,,point,SELECT
,20.107,,,Obfuscated,1372,,,,b,,8.0,,,point,SELECT
,20.108,,,Obfuscated,1376,,,,b,,7.998,,,point,SELECT
,20.037,,,Obfuscated,1382,,,,b,,8.076,,,point,SELECT
,20.11,,,Obfuscated,1383,,,,b,,7.99,,,point,SELECT
,20.037,,,Obfuscated,1386,,,,b,,8.075,,,point,SELECT
,20.111,,,Obfuscated,1391,,,,b,,8.008,,,point,SELECT
,20.105,,,Obfuscated,1394,,,,b,,7.983,,,point,SELECT
,20.109,,,Obfuscated,1396,,,,b,,7.997,,,point,SELECT
,20.087,,,Obfuscated,1398,,,,b,,8.0,,,point,SELECT
,20.091,,,Obfuscated,1399,,,,b,,8.016,,,point,SELECT
,20.091,,,Obfuscated,1401,,,,b,,8.014,,,point,SELECT
,20.082,,,Obfuscated,1402,,,,b,,8.026,,,point,SELECT
,20.081,,,Obfuscated,1403,,,,b,,8.015,,,point,SELECT
,20.086,,,Obfuscated,1404,,,,b,,8.005,,,point,SELECT
,20.115,,,Obfuscated,1412,,,,b,,7.997,,,point,SELECT
,20.111,,,Obfuscated,1413,,,,b,,7.999,,,point,SELECT
,20.095,,,Obfuscated,1414,,,,b,,8.01,,,point,SELECT
,20.106,,,Obfuscated,1416,,,,b,,8.008,,,point,SELECT
,20.105,,,Obfuscated,1418,,,,b,,7.996,,,point,SELECT
,20.081,,,Obfuscated,1419,,,,b,,8.009,,,point,SELECT
,20.11,,,Obfuscated,1420,,,,b,,8.0,,,point,SELECT
,20.105,,,Obfuscated,1424,,,,b,,8.0,,,point,SELECT
,20.118,,,Obfuscated,1426,,,,b,,7.992,,,point,SELECT
,20.109,,,Obfuscated,1427,,,,b,,8.017,,,point,SELECT
,20.107,,,Obfuscated,1437,,,,b,,8.001,,,point,SELECT
,20.105,,,Obfuscated,1439,,,,b,,8.005,,,point,SELECT
,20.087,,,Obfuscated,1442,,,,b,,8.025,,,point,SELECT
,20.109,,,Obfuscated,1444,,,,b,,8.0,,,point,SELECT
,20.093,,,Obfuscated,1447,,,,b,,8.014,,,point,SELECT
,20.112,,,Obfuscated,1448,,,,b,,7.975,,,point,SELECT
,20.112,,,Obfuscated,1452,,,,b,,7.991,,,point,SELECT
,20.103,,,Obfuscated,1456,,,,b,,8.003,,,point,SELECT
,20.09,,,Obfuscated,1459,,,,b,,8.018,,,point,SELECT
,20.09,,,Obfuscated,1472,,,,b,,8.027,,,point,SELECT
,20.106,,,Obfuscated,1476,,,,b,,8.0,,,point,SELECT
,20.098,,,Obfuscated,1478,,,,b,,8.014,,,point,SELECT
,20.088,,,Obfuscated,1479,,,,b,,8.023,,,point,SELECT
,20.081,,,Obfuscated,1481,,,,b,,8.024,,,point,SELECT
,20.083,,,Obfuscated,1482,,,,b,,7.955,,,point,SELECT
,20.081,,,Obfuscated,1486,,,,b,,8.029,,,point,SELECT
,20.109,,,Obfuscated,1488,,,,b,,7.997,,,point,SELECT
,20.106,,,Obfuscated,1489,,,,b,,7.998,,,point,SELECT
,20.105,,,Obfuscated,1493,,,,b,,8.003,,,point,SELECT
,20.081,,,Obfuscated,1494,,,,b,,8.003,,,point,SELECT
,20.082,,,Obfuscated,1499,,,,b,,8.022,,,point,SELECT
,20.102,,,Obfuscated,1500,,,,b,,8.006,,,point,SELECT
,20.04,,,Obfuscated,1502,,,,b,,8.044,,,point,SELECT
,20.082,,,Obfuscated,1505,,,,b,,8.024,,,point,SELECT
,20.121,,,Obfuscated,1506,,,,b,,7.982,,,point,SELECT
,20.103,,,Obfuscated,1509,,,,b,,8.007,,,point,SELECT
,20.114,,,Obfuscated,1512,,,,b,,7.996,,,point,SELECT
,20.111,,,Obfuscated,1515,,,,b,,7.998,,,point,SELECT
,20.101,,,Obfuscated,1518,,,,b,,8.006,,,point,SELECT
,20.115,,,Obfuscated,1521,,,,b,,7.971,,,point,SELECT
,20.105,,,Obfuscated,1523,,,,b,,8.005,,,point,SELECT
,20.11,,,Obfuscated,1524,,,,b,,8.001,,,point,SELECT
,20.113,,,Obfuscated,1530,,,,b,,7.996,,,point,SELECT
,20.105,,,Obfuscated,1532,,,,b,,8.0,,,point,SELECT
,20.102,,,Obfuscated,1540,,,,b,,8.002,,,point,SELECT
,20.104,,,Obfuscated,1541,,,,b,,8.003,,,point,SELECT
,20.09,,,Obfuscated,1551,,,,b,,7.997,,,point,SELECT
,20.08,,,Obfuscated,1555,,,,b,,8.027,,,point,SELECT
,20.103,,,Obfuscated,1561,,,,b,,8.009,,,point,SELECT
,20.106,,,Obfuscated,1564,,,,b,,8.002,,,point,SELECT
,20.091,,,Obfuscated,1565,,,,b,,7.947,,,point,SELECT
,20.113,,,Obfuscated,1569,,,,b,,7.998,,,point,SELECT
,20.106,,,Obfuscated,1571,,,,b,,8.002,,,point,SELECT
,20.081,,,Obfuscated,1573,,,,b,,8.026,,,point,SELECT
,20.081,,,Obfuscated,1578,,,,b,,8.031,,,point,SELECT
,20.103,,,Obfuscated,1579,,,,b,,8.002,,,point,SELECT
,20.111,,,Obfuscated,1582,,,,b,,7.998,,,point,SELECT
,20.082,,,Obfuscated,1591,,,,b,,8.02,,,point,SELECT
,20.102,,,Obfuscated,1592,,,,b,,7.978,,,point,SELECT
,20.082,,,Obfuscated,1594,,,,b,,8.018,,,point,SELECT
,20.083,,,Obfuscated,1598,,,,b,,8.018,,,point,SELECT
,20.081,,,Obfuscated,1604,,,,b,,8.025,,,point,SELECT
,20.097,,,Obfuscated,1608,,,,b,,8.016,,,point,SELECT
,20.098,,,Obfuscated,1609,,,,b,,7.999,,,point,SELECT
,20.104,,,Obfuscated,1610,,,,b,,8.016,,,point,SELECT
,20.085,,,Obfuscated,1613,,,,b,,7.95,,,point,SELECT
,20.103,,,Obfuscated,1620,,,,b,,8.001,,,point,SELECT
,20.11,,,Obfuscated,1623,,,,b,,7.987,,,point,SELECT
,20.12,,,Obfuscated,1624,,,,b,,7.994,,,point,SELECT
,20.102,,,Obfuscated,1627,,,,b,,8.004,,,point,SELECT
,20.094,,,Obfuscated,1633,,,,b,,8.004,,,point,SELECT
,20.102,,,Obfuscated,1634,,,,b,,8.014,,,point,SELECT
,20.089,,,Obfuscated,1641,,,,b,,8.017,,,point,SELECT
,20.038,,,Obfuscated,1643,,,,b,,8.068,,,point,SELECT
,20.097,,,Obfuscated,1645,,,,b,,8.007,,,point,SELECT
,20.101,,,Obfuscated,1646,,,,b,,8.01,,,point,SELECT
,20.037,,,Obfuscated,1647,,,,b,,8.044,,,point,SELECT
,20.102,,,Obfuscated,1649,,,,b,,8.011,,,point,SELECT
,20.108,,,Obfuscated,1650,,,,b,,8.003,,,point,SELECT
,20.104,,,Obfuscated,1651,,,,b,,8.006,,,point,SELECT
,20.113,,,Obfuscated,1652,,,,b,,8.002,,,point,SELECT
,20.091,,,Obfuscated,1653,,,,b,,8.019,,,point,SELECT
,20.105,,,Obfuscated,1656,,,,b,,8.006,,,point,SELECT
,20.101,,,Obfuscated,1659,,,,b,,8.006,,,point,SELECT
,20.107,,,Obfuscated,1660,,,,b,,8.006,,,point,SELECT
,20.108,,,Obfuscated,1664,,,,b,,8.002,,,point,SELECT
,20.097,,,Obfuscated,1666,,,,b,,8.018,,,point,SELECT
,20.043,,,Obfuscated,1668,,,,b,,7.99,,,point,SELECT
,20.107,,,Obfuscated,1670,,,,b,,7.981,,,point,SELECT
,20.11,,,Obfuscated,1673,,,,b,,7.994,,,point,SELECT
,20.114,,,Obfuscated,1674,,,,b,,7.995,,,point,SELECT
,20.081,,,Obfuscated,1675,,,,b,,8.021,,,point,SELECT
,20.103,,,Obfuscated,1679,,,,b,,8.006,,,point,SELECT
,20.081,,,Obfuscated,1682,,,,b,,7.96,,,point,SELECT
,20.082,,,Obfuscated,1684,,,,b,,8.032,,,point,SELECT
,20.082,,,Obfuscated,1689,,,,b,,8.029,,,point,SELECT
,20.084,,,Obfuscated,1692,,,,b,,8.022,,,point,SELECT
,20.086,,,Obfuscated,1693,,,,b,,8.003,,,point,SELECT
,20.085,,,Obfuscated,1695,,,,b,,7.96,,,point,SELECT
,20.095,,,Obfuscated,1698,,,,b,,8.011,,,point,SELECT
,20.104,,,Obfuscated,1699,,,,b,,8.001,,,point,SELECT
,20.114,,,Obfuscated,1707,,,,b,,7.996,,,point,SELECT
,20.105,,,Obfuscated,1710,,,,b,,8.001,,,point,SELECT
,20.1,,,Obfuscated,1714,,,,b,,8.0,,,point,SELECT
,20.096,,,Obfuscated,1717,,,,b,,8.002,,,point,SELECT
,20.1,,,Obfuscated,1718,,,,b,,8.013,,,point,SELECT
,20.087,,,Obfuscated,1722,,,,b,,8.019,,,point,SELECT
,20.087,,,Obfuscated,1726,,,,b,,8.025,,,point,SELECT
,20.104,,,Obfuscated,1729,,,,b,,8.001,,,point,SELECT
,20.082,,,Obfuscated,1733,,,,b,,8.028,,,point,SELECT
,20.114,,,Obfuscated,1736,,,,b,,8.031,,,point,SELECT
,20.108,,,Obfuscated,1740,,,,b,,7.992,,,point,SELECT
,20.103,,,Obfuscated,1747,,,,b,,8.009,,,point,SELECT
,20.109,,,Obfuscated,1748,,,,b,,8.002,,,point,SELECT
,20.081,,,Obfuscated,1749,,,,b,,8.027,,,point,SELECT
,20.108,,,Obfuscated,1756,,,,b,,8.0,,,point,SELECT
,20.082,,,Obfuscated,1757,,,,b,,8.023,,,point,SELECT
,20.107,,,Obfuscated,1758,,,,b,,8.006,,,point,SELECT
,20.095,,,Obfuscated,1761,,,,b,,8.01,,,point,SELECT
,20.085,,,Obfuscated,1764,,,,b,,8.021,,,point,SELECT
,20.087,,,Obfuscated,1767,,,,b,,8.022,,,point,SELECT
,20.082,,,Obfuscated,1771,,,,b,,8.023,,,point,SELECT
,20.112,,,Obfuscated,1773,,,,b,,7.998,,,point,SELECT
,20.105,,,Obfuscated,1774,,,,b,,8.008,,,point,SELECT
,20.093,,,Obfuscated,1780,,,,b,,8.014,,,point,SELECT
,20.11,,,Obfuscated,1782,,,,b,,7.994,,,point,SELECT
,20.102,,,Obfuscated,1783,,,,b,,8.0,,,point,SELECT
,20.109,,,Obfuscated,1784,,,,b,,7.997,,,point,SELECT
,20.098,,,Obfuscated,1785,,,,b,,8.006,,,point,SELECT
,20.099,,,Obfuscated,1788,,,,b,,8.006,,,point,SELECT
,20.082,,,Obfuscated,1789,,,,b,,8.026,,,point,SELECT
,20.084,,,Obfuscated,1796,,,,b,,8.028,,,point,SELECT
,20.082,,,Obfuscated,1797,,,,b,,8.028,,,point,SELECT
,20.087,,,Obfuscated,1799,,,,b,,8.023,,,point,SELECT
,20.081,,,Obfuscated,1800,,,,b,,8.032,,,point,SELECT
,20.081,,,Obfuscated,1801,,,,b,,8.027,,,point,SELECT
,20.088,,,Obfuscated,1803,,,,b,,7.999,,,point,SELECT
,20.108,,,Obfuscated,1804,,,,b,,8.003,,,point,SELECT
,20.112,,,Obfuscated,1808,,,,b,,7.995,,,point,SELECT
,20.097,,,Obfuscated,1809,,,,b,,8.013,,,point,SELECT
,20.108,,,Obfuscated,1811,,,,b,,8.0,,,point,SELECT
,20.11,,,Obfuscated,1812,,,,b,,7.998,,,point,SELECT
,20.104,,,Obfuscated,1816,,,,b,,8.001,,,point,SELECT
,20.091,,,Obfuscated,1822,,,,b,,8.01,,,point,SELECT
,20.1,,,Obfuscated,1823,,,,b,,8.004,,,point,SELECT
,20.108,,,Obfuscated,1824,,,,b,,8.009,,,point,SELECT
,20.104,,,Obfuscated,1829,,,,b,,8.002,,,point,SELECT
,20.081,,,Obfuscated,1830,,,,b,,8.028,,,point,SELECT
,20.039,,,Obfuscated,1831,,,,b,,8.043,,,point,SELECT
,20.09,,,Obfuscated,1834,,,,b,,7.99,,,point,SELECT
,20.108,,,Obfuscated,1835,,,,b,,8.002,,,point,SELECT
,20.105,,,Obfuscated,1839,,,,b,,8.009,,,point,SELECT
,20.099,,,Obfuscated,1842,,,,b,,8.005,,,point,SELECT
,20.082,,,Obfuscated,1849,,,,b,,8.027,,,point,SELECT
,20.087,,,Obfuscated,1850,,,,b,,8.013,,,point,SELECT
,20.044,,,Obfuscated,1852,,,,b,,7.992,,,point,SELECT
,20.109,,,Obfuscated,1857,,,,b,,8.0,,,point,SELECT
,20.098,,,Obfuscated,1863,,,,b,,8.004,,,point,SELECT
,20.102,,,Obfuscated,1872,,,,b,,8.002,,,point,SELECT
,20.103,,,Obfuscated,1874,,,,b,,8.005,,,point,SELECT
,20.1,,,Obfuscated,1875,,,,b,,7.997,,,point,SELECT
,20.097,,,Obfuscated,1882,,,,b,,8.013,,,point,SELECT
,20.112,,,Obfuscated,1884,,,,b,,8.0,,,point,SELECT
,20.082,,,Obfuscated,1885,,,,b,,8.023,,,point,SELECT
,20.105,,,Obfuscated,1889,,,,b,,8.002,,,point,SELECT
,20.089,,,Obfuscated,1890,,,,b,,8.016,,,point,SELECT
,20.109,,,Obfuscated,1892,,,,b,,8.0,,,point,SELECT
,20.107,,,Obfuscated,1894,,,,b,,8.004,,,point,SELECT
,20.105,,,Obfuscated,1896,,,,b,,8.003,,,point,SELECT
,20.108,,,Obfuscated,1897,,,,b,,7.998,,,point,SELECT
,20.103,,,Obfuscated,1904,,,,b,,7.999,,,point,SELECT
,20.11,,,Obfuscated,1905,,,,b,,7.973,,,point,SELECT
,20.105,,,Obfuscated,1908,,,,b,,8.003,,,point,SELECT
,20.101,,,Obfuscated,1909,,,,b,,8.005,,,point,SELECT
,20.087,,,Obfuscated,1910,,,,b,,8.019,,,point,SELECT
,20.112,,,Obfuscated,1913,,,,b,,7.993,,,point,SELECT
,20.095,,,Obfuscated,1917,,,,b,,8.018,,,point,SELECT
,20.101,,,Obfuscated,1919,,,,b,,8.011,,,point,SELECT
,20.086,,,Obfuscated,1920,,,,b,,8.027,,,point,SELECT
,20.109,,,Obfuscated,1923,,,,b,,7.989,,,point,SELECT
,20.107,,,Obfuscated,1928,,,,b,,8.001,,,point,SELECT
,20.097,,,Obfuscated,1932,,,,b,,8.011,,,point,SELECT
,20.109,,,Obfuscated,1935,,,,b,,8.003,,,point,SELECT
,20.105,,,Obfuscated,1937,,,,b,,8.0,,,point,SELECT
,20.096,,,Obfuscated,1938,,,,b,,8.022,,,point,SELECT
,20.081,,,Obfuscated,1940,,,,b,,8.034,,,point,SELECT
,20.082,,,Obfuscated,1947,,,,b,,8.024,,,point,SELECT
,20.082,,,Obfuscated,1955,,,,b,,8.019,,,point,SELECT
,20.038,,,Obfuscated,1962,,,,b,,7.999,,,point,SELECT
,20.038,,,Obfuscated,1963,,,,b,,8.066,,,point,SELECT
,20.106,,,Obfuscated,1964,,,,b,,8.0,,,point,SELECT
,20.106,,,Obfuscated,1965,,,,b,,8.01,,,point,SELECT
,20.108,,,Obfuscated,1973,,,,b,,8.007,,,point,SELECT
,20.107,,,Obfuscated,1974,,,,b,,8.003,,,point,SELECT
,20.105,,,Obfuscated,1978,,,,b,,8.004,,,point,SELECT
,20.112,,,Obfuscated,1980,,,,b,,7.999,,,point,SELECT
,20.089,,,Obfuscated,1982,,,,b,,8.002,,,point,SELECT
,20.109,,,Obfuscated,1984,,,,b,,7.999,,,point,SELECT
,20.11,,,Obfuscated,1985,,,,b,,7.998,,,point,SELECT
,20.102,,,Obfuscated,1986,,,,b,,8.003,,,point,SELECT
,20.115,,,Obfuscated,1992,,,,b,,7.992,,,point,SELECT
,20.082,,,Obfuscated,1997,,,,b,,7.954,,,point,SELECT
,20.081,,,Obfuscated,2002,,,,b,,8.003,,,point,SELECT
,20.102,,,Obfuscated,2006,,,,b,,7.995,,,point,SELECT
,20.082,,,Obfuscated,2007,,,,b,,8.033,,,point,SELECT
,20.101,,,Obfuscated,2009,,,,b,,8.004,,,point,SELECT
,20.096,,,Obfuscated,2011,,,,b,,8.016,,,point,SELECT
,20.082,,,Obfuscated,2012,,,,b,,8.027,,,point,SELECT
,20.084,,,Obfuscated,2021,,,,b,,8.012,,,point,SELECT
,20.103,,,Obfuscated,2025,,,,b,,8.002,,,point,SELECT
,20.082,,,Obfuscated,2030,,,,b,,7.959,,,point,SELECT
,20.107,,,Obfuscated,2033,,,,b,,7.997,,,point,SELECT
,20.107,,,Obfuscated,2034,,,,b,,7.997,,,point,SELECT
,20.106,,,Obfuscated,2035,,,,b,,7.999,,,point,SELECT
,20.111,,,Obfuscated,2039,,,,b,,7.995,,,point,SELECT
,20.093,,,Obfuscated,2041,,,,b,,8.012,,,point,SELECT
,20.109,,,Obfuscated,2042,,,,b,,7.998,,,point,SELECT
,20.111,,,Obfuscated,2043,,,,b,,7.997,,,point,SELECT
,20.105,,,Obfuscated,2049,,,,b,,7.997,,,point,SELECT
,20.082,,,Obfuscated,2051,,,,b,,8.028,,,point,SELECT
,20.097,,,Obfuscated,2053,,,,b,,8.03,,,point,SELECT
,20.086,,,Obfuscated,2056,,,,b,,7.995,,,point,SELECT
,20.102,,,Obfuscated,2057,,,,b,,8.006,,,point,SELECT
,20.11,,,Obfuscated,2058,,,,b,,7.998,,,point,SELECT
,20.099,,,Obfuscated,2063,,,,b,,8.002,,,point,SELECT
,20.081,,,Obfuscated,2064,,,,b,,8.031,,,point,SELECT
,20.106,,,Obfuscated,2065,,,,b,,8.002,,,point,SELECT
,20.084,,,Obfuscated,2066,,,,b,,7.998,,,point,SELECT
,20.109,,,Obfuscated,2067,,,,b,,7.999,,,point,SELECT
,20.104,,,Obfuscated,2068,,,,b,,8.005,,,point,SELECT
,20.083,,,Obfuscated,2069,,,,b,,8.03,,,point,SELECT
,20.082,,,Obfuscated,2070,,,,b,,8.024,,,point,SELECT
,20.082,,,Obfuscated,2079,,,,b,,8.033,,,point,SELECT
,20.089,,,Obfuscated,2081,,,,b,,8.021,,,point,SELECT
,20.089,,,Obfuscated,2083,,,,b,,7.998,,,point,SELECT
,20.107,,,Obfuscated,2087,,,,b,,8.002,,,point,SELECT
,20.114,,,Obfuscated,2089,,,,b,,7.999,,,point,SELECT
,20.104,,,Obfuscated,2096,,,,b,,7.999,,,point,SELECT
,20.085,,,Obfuscated,2097,,,,b,,8.004,,,point,SELECT
,20.091,,,Obfuscated,2100,,,,b,,8.016,,,point,SELECT
,20.093,,,Obfuscated,2102,,,,b,,8.016,,,point,SELECT
,20.09,,,Obfuscated,2108,,,,b,,8.017,,,point,SELECT
,20.116,,,Obfuscated,2110,,,,b,,7.993,,,point,SELECT
,20.041,,,Obfuscated,2111,,,,b,,8.041,,,point,SELECT
,20.115,,,Obfuscated,2112,,,,b,,8.006,,,point,SELECT
,20.112,,,Obfuscated,2113,,,,b,,8.003,,,point,SELECT
,20.095,,,Obfuscated,2117,,,,b,,8.016,,,point,SELECT
,20.087,,,Obfuscated,2118,,,,b,,8.042,,,point,SELECT
,20.09,,,Obfuscated,2119,,,,b,,8.023,,,point,SELECT
,20.105,,,Obfuscated,2121,,,,b,,8.007,,,point,SELECT
,20.104,,,Obfuscated,2124,,,,b,,8.006,,,point,SELECT
,20.082,,,Obfuscated,2127,,,,b,,8.01,,,point,SELECT
,20.037,,,Obfuscated,2136,,,,b,,8.024,,,point,SELECT
,20.104,,,Obfuscated,2139,,,,b,,8.004,,,point,SELECT
,20.081,,,Obfuscated,2143,,,,b,,8.024,,,point,SELECT
,20.099,,,Obfuscated,2144,,,,b,,8.004,,,point,SELECT
,20.105,,,Obfuscated,2145,,,,b,,8.001,,,point,SELECT
,20.086,,,Obfuscated,2154,,,,b,,8.025,,,point,SELECT
,20.105,,,Obfuscated,2159,,,,b,,8.0,,,point,SELECT
,20.106,,,Obfuscated,2160,,,,b,,8.007,,,point,SELECT
,20.094,,,Obfuscated,2164,,,,b,,8.024,,,point,SELECT
,20.092,,,Obfuscated,2165,,,,b,,8.0,,,point,SELECT
,20.102,,,Obfuscated,2166,,,,b,,8.025,,,point,SELECT
,20.108,,,Obfuscated,2170,,,,b,,7.979,,,point,SELECT
,20.105,,,Obfuscated,2173,,,,b,,7.999,,,point,SELECT
,20.1,,,Obfuscated,2174,,,,b,,8.005,,,point,SELECT
,20.115,,,Obfuscated,2179,,,,b,,7.998,,,point,SELECT
,20.11,,,Obfuscated,2182,,,,b,,7.996,,,point,SELECT
,20.102,,,Obfuscated,2187,,,,b,,8.007,,,point,SELECT
,20.114,,,Obfuscated,2189,,,,b,,7.968,,,point,SELECT
,20.106,,,Obfuscated,2193,,,,b,,8.003,,,point,SELECT
,20.044,,,Obfuscated,2194,,,,b,,8.038,,,point,SELECT
,20.109,,,Obfuscated,2195,,,,b,,8.0,,,point,SELECT
,20.082,,,Obfuscated,2201,,,,b,,8.031,,,point,SELECT
,20.105,,,Obfuscated,2202,,,,b,,8.008,,,point,SELECT
,20.12,,,Obfuscated,2204,,,,b,,7.994,,,point,SELECT
,20.106,,,Obfuscated,2206,,,,b,,8.002,,,point,SELECT
,20.083,,,Obfuscated,2209,,,,b,,7.955,,,point,SELECT
,20.093,,,Obfuscated,2215,,,,b,,8.012,,,point,SELECT
,20.108,,,Obfuscated,2216,,,,b,,7.997,,,point,SELECT
,20.097,,,Obfuscated,2217,,,,b,,8.011,,,point,SELECT
,20.117,,,Obfuscated,2218,,,,b,,7.996,,,point,SELECT
,20.087,,,Obfuscated,2229,,,,b,,7.949,,,point,SELECT
,20.037,,,Obfuscated,2232,,,,b,,7.999,,,point,SELECT
,20.081,,,Obfuscated,2236,,,,b,,8.031,,,point,SELECT
,20.038,,,Obfuscated,2240,,,,b,,8.073,,,point,SELECT
,20.084,,,Obfuscated,2242,,,,b,,7.999,,,point,SELECT
,20.037,,,Obfuscated,2252,,,,b,,8.045,,,point,SELECT
,20.105,,,Obfuscated,2254,,,,b,,8.003,,,point,SELECT
,20.11,,,Obfuscated,2256,,,,b,,8.005,,,point,SELECT
,20.108,,,Obfuscated,2263,,,,b,,8.005,,,point,SELECT
,20.082,,,Obfuscated,2264,,,,b,,8.023,,,point,SELECT
,20.114,,,Obfuscated,2270,,,,b,,8.001,,,point,SELECT
,20.082,,,Obfuscated,2276,,,,b,,8.016,,,point,SELECT
,20.103,,,Obfuscated,2278,,,,b,,8.008,,,point,SELECT
,20.094,,,Obfuscated,2279,,,,b,,8.02,,,point,SELECT
,20.082,,,Obfuscated,2281,,,,b,,8.023,,,point,SELECT
,20.102,,,Obfuscated,2282,,,,b,,7.996,,,point,SELECT
,20.082,,,Obfuscated,2283,,,,b,,8.029,,,point,SELECT
,20.082,,,Obfuscated,2286,,,,b,,8.026,,,point,SELECT
,20.102,,,Obfuscated,2287,,,,b,,7.995,,,point,SELECT
,20.087,,,Obfuscated,2289,,,,b,,8.023,,,point,SELECT
,20.109,,,Obfuscated,2290,,,,b,,7.996,,,point,SELECT
,20.107,,,Obfuscated,2292,,,,b,,7.998,,,point,SELECT
,20.084,,,Obfuscated,2293,,,,b,,8.026,,,point,SELECT
,20.095,,,Obfuscated,2298,,,,b,,8.016,,,point,SELECT
,20.097,,,Obfuscated,2299,,,,b,,8.022,,,point,SELECT
,20.081,,,Obfuscated,2301,,,,b,,8.003,,,point,SELECT
,20.101,,,Obfuscated,2302,,,,b,,8.004,,,point,SELECT
,20.096,,,Obfuscated,2304,,,,b,,8.009,,,point,SELECT
,20.081,,,Obfuscated,2306,,,,b,,8.024,,,point,SELECT
,20.11,,,Obfuscated,2307,,,,b,,7.999,,,point,SELECT
,20.102,,,Obfuscated,2308,,,,b,,8.007,,,point,SELECT
,20.039,,,Obfuscated,2309,,,,b,,7.997,,,point,SELECT
,20.102,,,Obfuscated,2310,,,,b,,8.006,,,point,SELECT
,20.098,,,Obfuscated,2311,,,,b,,8.008,,,point,SELECT
,20.105,,,Obfuscated,2314,,,,b,,8.0,,,point,SELECT
,20.111,,,Obfuscated,2317,,,,b,,8.002,,,point,SELECT
,20.098,,,Obfuscated,2319,,,,b,,8.001,,,point,SELECT
,20.086,,,Obfuscated,2324,,,,b,,8.008,,,point,SELECT
,20.083,,,Obfuscated,2327,,,,b,,8.023,,,point,SELECT
,20.108,,,Obfuscated,2329,,,,b,,7.982,,,point,SELECT
,20.109,,,Obfuscated,2333,,,,b,,7.999,,,point,SELECT
,20.04,,,Obfuscated,2334,,,,b,,8.043,,,point,SELECT
,20.109,,,Obfuscated,2335,,,,b,,8.009,,,point,SELECT
,20.083,,,Obfuscated,2339,,,,b,,8.023,,,point,SELECT
,20.116,,,Obfuscated,2341,,,,b,,7.992,,,point,SELECT
,20.081,,,Obfuscated,2346,,,,b,,8.025,,,point,SELECT
,20.083,,,Obfuscated,2347,,,,b,,7.999,,,point,SELECT
,20.082,,,Obfuscated,2348,,,,b,,7.998,,,point,SELECT
,20.112,,,Obfuscated,2352,,,,b,,8.007,,,point,SELECT
,20.11,,,Obfuscated,2354,,,,b,,7.992,,,point,SELECT
,20.106,,,Obfuscated,2362,,,,b,,8.0,,,point,SELECT
,20.108,,,Obfuscated,2364,,,,b,,8.001,,,point,SELECT
,20.106,,,Obfuscated,2371,,,,b,,8.029,,,point,SELECT
,20.106,,,Obfuscated,2372,,,,b,,7.999,,,point,SELECT
,20.091,,,Obfuscated,2373,,,,b,,8.025,,,point,SELECT
,20.093,,,Obfuscated,2374,,,,b,,8.019,,,point,SELECT
,20.044,,,Obfuscated,2377,,,,b,,8.037,,,point,SELECT
,20.099,,,Obfuscated,2385,,,,b,,7.997,,,point,SELECT
,20.09,,,Obfuscated,2388,,,,b,,8.024,,,point,SELECT
,20.094,,,Obfuscated,2392,,,,b,,7.998,,,point,SELECT
,20.107,,,Obfuscated,2394,,,,b,,8.004,,,point,SELECT
,20.106,,,Obfuscated,2398,,,,b,,8.005,,,point,SELECT
,20.104,,,Obfuscated,2402,,,,b,,8.003,,,point,SELECT
,20.082,,,Obfuscated,2403,,,,b,,8.024,,,point,SELECT
,20.112,,,Obfuscated,2405,,,,b,,7.999,,,point,SELECT
,20.115,,,Obfuscated,2412,,,,b,,8.003,,,point,SELECT
,20.094,,,Obfuscated,2413,,,,b,,8.015,,,point,SELECT
,20.105,,,Obfuscated,2415,,,,b,,8.005,,,point,SELECT
,20.081,,,Obfuscated,2420,,,,b,,8.024,,,point,SELECT
,20.103,,,Obfuscated,2425,,,,b,,8.002,,,point,SELECT
,20.119,,,Obfuscated,2426,,,,b,,7.992,,,point,SELECT
,20.083,,,Obfuscated,2428,,,,b,,8.023,,,point,SELECT
,20.087,,,Obfuscated,2432,,,,b,,8.023,,,point,SELECT
,20.084,,,Obfuscated,2433,,,,b,,8.028,,,point,SELECT
,20.096,,,Obfuscated,2435,,,,b,,8.01,,,point,SELECT
,20.082,,,Obfuscated,2437,,,,b,,8.029,,,point,SELECT
,20.096,,,Obfuscated,2439,,,,b,,8.002,,,point,SELECT
,20.036,,,Obfuscated,2440,,,,b,,7.999,,,point,SELECT
,20.108,,,Obfuscated,2441,,,,b,,7.998,,,point,SELECT
,20.08,,,Obfuscated,2444,,,,b,,8.025,,,point,SELECT
,20.106,,,Obfuscated,2448,,,,b,,8.0,,,point,SELECT
,20.087,,,Obfuscated,2449,,,,b,,7.995,,,point,SELECT
,20.1,,,Obfuscated,2459,,,,b,,8.008,,,point,SELECT
,20.037,,,Obfuscated,2462,,,,b,,8.005,,,point,SELECT
,20.107,,,Obfuscated,2463,,,,b,,7.997,,,point,SELECT
,20.11,,,Obfuscated,2465,,,,b,,7.997,,,point,SELECT
,20.109,,,Obfuscated,2466,,,,b,,8.007,,,point,SELECT
,20.121,,,Obfuscated,2467,,,,b,,7.99,,,point,SELECT
,20.099,,,Obfuscated,2469,,,,b,,8.007,,,point,SELECT
,20.085,,,Obfuscated,2472,,,,b,,8.027,,,point,SELECT
,20.105,,,Obfuscated,2473,,,,b,,7.999,,,point,SELECT
,20.097,,,Obfuscated,2475,,,,b,,8.002,,,point,SELECT
,20.082,,,Obfuscated,2478,,,,b,,7.999,,,point,SELECT
,20.096,,,Obfuscated,2485,,,,b,,8.001,,,point,SELECT
,20.107,,,Obfuscated,2489,,,,b,,7.995,,,point,SELECT
,20.083,,,Obfuscated,2492,,,,b,,7.952,,,point,SELECT
,20.082,,,Obfuscated,2497,,,,b,,8.025,,,point,SELECT
,20.081,,,Obfuscated,2500,,,,b,,8.007,,,point,SELECT
,20.108,,,Obfuscated,2507,,,,b,,7.997,,,point,SELECT
,20.115,,,Obfuscated,2509,,,,b,,7.921,,,point,SELECT
,20.105,,,Obfuscated,2512,,,,b,,8.001,,,point,SELECT
,20.106,,,Obfuscated,2514,,,,b,,8.004,,,point,SELECT
,20.082,,,Obfuscated,2515,,,,b,,8.031,,,point,SELECT
,20.119,,,Obfuscated,2520,,,,b,,7.995,,,point,SELECT
,20.088,,,Obfuscated,2522,,,,b,,8.026,,,point,SELECT
,20.108,,,Obfuscated,2525,,,,b,,8.0,,,point,SELECT
,20.08,,,Obfuscated,2528,,,,b,,8.027,,,point,SELECT
,20.082,,,Obfuscated,2530,,,,b,,8.028,,,point,SELECT
,20.102,,,Obfuscated,2534,,,,b,,8.008,,,point,SELECT
,20.1,,,Obfuscated,2537,,,,b,,8.012,,,point,SELECT
,20.11,,,Obfuscated,2539,,,,b,,8.003,,,point,SELECT
,20.05,,,Obfuscated,2540,,,,b,,8.063,,,point,SELECT
,20.083,,,Obfuscated,2542,,,,b,,8.027,,,point,SELECT
,20.104,,,Obfuscated,2543,,,,b,,8.011,,,point,SELECT
,20.111,,,Obfuscated,2544,,,,b,,8.0,,,point,SELECT
,20.083,,,Obfuscated,2547,,,,b,,8.026,,,point,SELECT
,20.083,,,Obfuscated,2552,,,,b,,8.027,,,point,SELECT
,20.104,,,Obfuscated,2553,,,,b,,8.002,,,point,SELECT
,20.081,,,Obfuscated,2557,,,,b,,8.03,,,point,SELECT
,20.111,,,Obfuscated,2561,,,,b,,7.97,,,point,SELECT
,20.087,,,Obfuscated,2563,,,,b,,8.0,,,point,SELECT
,20.082,,,Obfuscated,2567,,,,b,,7.998,,,point,SELECT
,20.105,,,Obfuscated,2570,,,,b,,8.001,,,point,SELECT
,20.081,,,Obfuscated,2575,,,,b,,8.012,,,point,SELECT
,20.105,,,Obfuscated,2579,,,,b,,8.001,,,point,SELECT
,20.083,,,Obfuscated,2584,,,,b,,8.006,,,point,SELECT
,20.1,,,Obfuscated,2587,,,,b,,8.009,,,point,SELECT
,20.102,,,Obfuscated,2597,,,,b,,8.003,,,point,SELECT
,20.094,,,Obfuscated,2599,,,,b,,8.013,,,point,SELECT
,20.107,,,Obfuscated,2600,,,,b,,8.005,,,point,SELECT
,20.081,,,Obfuscated,2605,,,,b,,8.025,,,point,SELECT
,20.035,,,Obfuscated,2609,,,,b,,8.002,,,point,SELECT
,20.116,,,Obfuscated,2612,,,,b,,8.008,,,point,SELECT
,20.081,,,Obfuscated,2615,,,,b,,8.03,,,point,SELECT
,20.057,,,Obfuscated,2619,,,,b,,7.983,,,point,SELECT
,20.083,,,Obfuscated,2620,,,,b,,8.023,,,point,SELECT
,20.102,,,Obfuscated,2622,,,,b,,8.0,,,point,SELECT
,20.108,,,Obfuscated,2636,,,,b,,8.004,,,point,SELECT
,20.086,,,Obfuscated,2637,,,,b,,8.021,,,point,SELECT
20.101,,20.08,20.113,Obfuscated,,900,2640,,,8.005,,7.989,8.031,summary,SELECT
,20.107,,,Obfuscated,1,,,,b,,8.002,,,point,OPERATE
,20.107,,,Obfuscated,2,,,,b,,8.0,,,point,OPERATE
,20.109,,,Obfuscated,5,,,,b,,8.002,,,point,OPERATE
,20.114,,,Obfuscated,6,,,,b,,8.005,,,point,OPERATE
,20.108,,,Obfuscated,8,,,,b,,8.0,,,point,OPERATE
,20.109,,,Obfuscated,13,,,,b,,8.01,,,point,OPERATE
,20.114,,,Obfuscated,14,,,,b,,7.994,,,point,OPERATE
,20.109,,,Obfuscated,15,,,,b,,8.002,,,point,OPERATE
,20.097,,,Obfuscated,17,,,,b,,8.007,,,point,OPERATE
,20.108,,,Obfuscated,23,,,,b,,7.999,,,point,OPERATE
,20.114,,,Obfuscated,26,,,,b,,7.997,,,point,OPERATE
,20.111,,,Obfuscated,28,,,,b,,7.999,,,point,OPERATE
,20.128,,,Obfuscated,33,,,,b,,7.993,,,point,OPERATE
,20.111,,,Obfuscated,36,,,,b,,7.999,,,point,OPERATE
,20.1,,,Obfuscated,38,,,,b,,8.012,,,point,OPERATE
,20.113,,,Obfuscated,40,,,,b,,8.004,,,point,OPERATE
,20.105,,,Obfuscated,42,,,,b,,7.999,,,point,OPERATE
,20.104,,,Obfuscated,46,,,,b,,8.006,,,point,OPERATE
,20.064,,,Obfuscated,49,,,,b,,7.976,,,point,OPERATE
,20.105,,,Obfuscated,54,,,,b,,8.001,,,point,OPERATE
,20.106,,,Obfuscated,59,,,,b,,8.001,,,point,OPERATE
,20.107,,,Obfuscated,65,,,,b,,8.003,,,point,OPERATE
,20.106,,,Obfuscated,66,,,,b,,8.0,,,point,OPERATE
,20.105,,,Obfuscated,71,,,,b,,7.994,,,point,OPERATE
,20.107,,,Obfuscated,74,,,,b,,8.0,,,point,OPERATE
,20.114,,,Obfuscated,82,,,,b,,7.994,,,point,OPERATE
,20.041,,,Obfuscated,87,,,,b,,8.001,,,point,OPERATE
,20.101,,,Obfuscated,89,,,,b,,8.007,,,point,OPERATE
,20.126,,,Obfuscated,92,,,,b,,7.999,,,point,OPERATE
,20.114,,,Obfuscated,98,,,,b,,8.002,,,point,OPERATE
,20.055,,,Obfuscated,100,,,,b,,8.026,,,point,OPERATE
,20.105,,,Obfuscated,103,,,,b,,7.998,,,point,OPERATE
,20.086,,,Obfuscated,104,,,,b,,8.025,,,point,OPERATE
,20.111,,,Obfuscated,108,,,,b,,7.993,,,point,OPERATE
,20.106,,,Obfuscated,112,,,,b,,7.997,,,point,OPERATE
,20.104,,,Obfuscated,116,,,,b,,8.0,,,point,OPERATE
,20.111,,,Obfuscated,120,,,,b,,7.99,,,point,OPERATE
,20.109,,,Obfuscated,121,,,,b,,7.976,,,point,OPERATE
,20.11,,,Obfuscated,122,,,,b,,8.0,,,point,OPERATE
,20.108,,,Obfuscated,125,,,,b,,7.999,,,point,OPERATE
,20.108,,,Obfuscated,126,,,,b,,7.999,,,point,OPERATE
,20.109,,,Obfuscated,128,,,,b,,7.995,,,point,OPERATE
,20.105,,,Obfuscated,132,,,,b,,8.007,,,point,OPERATE
,20.1,,,Obfuscated,138,,,,b,,8.008,,,point,OPERATE
,20.107,,,Obfuscated,139,,,,b,,8.007,,,point,OPERATE
,20.106,,,Obfuscated,142,,,,b,,8.003,,,point,OPERATE
,20.108,,,Obfuscated,147,,,,b,,7.995,,,point,OPERATE
,20.11,,,Obfuscated,148,,,,b,,7.99,,,point,OPERATE
,20.105,,,Obfuscated,150,,,,b,,8.001,,,point,OPERATE
,20.107,,,Obfuscated,153,,,,b,,7.992,,,point,OPERATE
,20.12,,,Obfuscated,154,,,,b,,7.992,,,point,OPERATE
,20.106,,,Obfuscated,161,,,,b,,8.001,,,point,OPERATE
,20.12,,,Obfuscated,166,,,,b,,7.999,,,point,OPERATE
,20.112,,,Obfuscated,167,,,,b,,7.995,,,point,OPERATE
,20.108,,,Obfuscated,168,,,,b,,7.997,,,point,OPERATE
,20.109,,,Obfuscated,170,,,,b,,8.001,,,point,OPERATE
,20.103,,,Obfuscated,175,,,,b,,8.004,,,point,OPERATE
,20.108,,,Obfuscated,176,,,,b,,8.001,,,point,OPERATE
,20.104,,,Obfuscated,177,,,,b,,8.003,,,point,OPERATE
,20.104,,,Obfuscated,180,,,,b,,8.012,,,point,OPERATE
,20.107,,,Obfuscated,185,,,,b,,7.997,,,point,OPERATE
,20.11,,,Obfuscated,186,,,,b,,7.995,,,point,OPERATE
,20.124,,,Obfuscated,188,,,,b,,7.99,,,point,OPERATE
,20.105,,,Obfuscated,189,,,,b,,8.002,,,point,OPERATE
,20.108,,,Obfuscated,191,,,,b,,8.004,,,point,OPERATE
,20.105,,,Obfuscated,199,,,,b,,8.001,,,point,OPERATE
,20.111,,,Obfuscated,201,,,,b,,7.996,,,point,OPERATE
,20.111,,,Obfuscated,204,,,,b,,8.001,,,point,OPERATE
,20.094,,,Obfuscated,206,,,,b,,8.012,,,point,OPERATE
,20.111,,,Obfuscated,207,,,,b,,7.999,,,point,OPERATE
,20.109,,,Obfuscated,208,,,,b,,8.007,,,point,OPERATE
,20.106,,,Obfuscated,210,,,,b,,8.003,,,point,OPERATE
,20.111,,,Obfuscated,211,,,,b,,8.0,,,point,OPERATE
,20.113,,,Obfuscated,216,,,,b,,7.999,,,point,OPERATE
,20.111,,,Obfuscated,219,,,,b,,7.996,,,point,OPERATE
,20.113,,,Obfuscated,221,,,,b,,8.003,,,point,OPERATE
,20.111,,,Obfuscated,223,,,,b,,7.996,,,point,OPERATE
,20.109,,,Obfuscated,224,,,,b,,7.995,,,point,OPERATE
,20.101,,,Obfuscated,228,,,,b,,8.007,,,point,OPERATE
,20.113,,,Obfuscated,231,,,,b,,8.005,,,point,OPERATE
,20.108,,,Obfuscated,232,,,,b,,7.997,,,point,OPERATE
,20.108,,,Obfuscated,236,,,,b,,7.996,,,point,OPERATE
,20.109,,,Obfuscated,240,,,,b,,7.996,,,point,OPERATE
,20.114,,,Obfuscated,247,,,,b,,8.003,,,point,OPERATE
,20.102,,,Obfuscated,253,,,,b,,8.001,,,point,OPERATE
,20.106,,,Obfuscated,254,,,,b,,8.008,,,point,OPERATE
,20.123,,,Obfuscated,259,,,,b,,7.99,,,point,OPERATE
,20.108,,,Obfuscated,266,,,,b,,7.999,,,point,OPERATE
,20.108,,,Obfuscated,268,,,,b,,8.002,,,point,OPERATE
,20.104,,,Obfuscated,269,,,,b,,8.006,,,point,OPERATE
,20.107,,,Obfuscated,270,,,,b,,8.003,,,point,OPERATE
,20.101,,,Obfuscated,272,,,,b,,8.004,,,point,OPERATE
,20.107,,,Obfuscated,281,,,,b,,7.993,,,point,OPERATE
,20.113,,,Obfuscated,282,,,,b,,7.999,,,point,OPERATE
,20.109,,,Obfuscated,284,,,,b,,7.983,,,point,OPERATE
,20.099,,,Obfuscated,292,,,,b,,8.01,,,point,OPERATE
,20.115,,,Obfuscated,294,,,,b,,7.998,,,point,OPERATE
,20.097,,,Obfuscated,295,,,,b,,8.0,,,point,OPERATE
,20.058,,,Obfuscated,296,,,,b,,8.024,,,point,OPERATE
,20.111,,,Obfuscated,297,,,,b,,8.006,,,point,OPERATE
,20.1,,,Obfuscated,303,,,,b,,8.006,,,point,OPERATE
,20.089,,,Obfuscated,305,,,,b,,8.016,,,point,OPERATE
,20.1,,,Obfuscated,306,,,,b,,8.007,,,point,OPERATE
,20.11,,,Obfuscated,311,,,,b,,7.973,,,point,OPERATE
,20.099,,,Obfuscated,314,,,,b,,8.007,,,point,OPERATE
,20.111,,,Obfuscated,319,,,,b,,8.0,,,point,OPERATE
,20.108,,,Obfuscated,321,,,,b,,8.004,,,point,OPERATE
,20.103,,,Obfuscated,330,,,,b,,7.995,,,point,OPERATE
,20.105,,,Obfuscated,333,,,,b,,8.0,,,point,OPERATE
,20.104,,,Obfuscated,334,,,,b,,7.998,,,point,OPERATE
,20.11,,,Obfuscated,338,,,,b,,7.997,,,point,OPERATE
,20.107,,,Obfuscated,340,,,,b,,7.998,,,point,OPERATE
,20.106,,,Obfuscated,341,,,,b,,8.0,,,point,OPERATE
,20.11,,,Obfuscated,350,,,,b,,8.004,,,point,OPERATE
,20.104,,,Obfuscated,351,,,,b,,8.007,,,point,OPERATE
,20.105,,,Obfuscated,352,,,,b,,8.004,,,point,OPERATE
,20.11,,,Obfuscated,359,,,,b,,7.991,,,point,OPERATE
,20.108,,,Obfuscated,363,,,,b,,7.985,,,point,OPERATE
,20.104,,,Obfuscated,365,,,,b,,8.005,,,point,OPERATE
,20.108,,,Obfuscated,369,,,,b,,8.001,,,point,OPERATE
,20.111,,,Obfuscated,371,,,,b,,7.994,,,point,OPERATE
,20.095,,,Obfuscated,372,,,,b,,7.996,,,point,OPERATE
,20.112,,,Obfuscated,375,,,,b,,7.992,,,point,OPERATE
,20.111,,,Obfuscated,381,,,,b,,7.997,,,point,OPERATE
,20.104,,,Obfuscated,384,,,,b,,7.993,,,point,OPERATE
,20.105,,,Obfuscated,386,,,,b,,8.001,,,point,OPERATE
,20.108,,,Obfuscated,389,,,,b,,7.99,,,point,OPERATE
,20.105,,,Obfuscated,391,,,,b,,8.005,,,point,OPERATE
,20.106,,,Obfuscated,393,,,,b,,8.0,,,point,OPERATE
,20.105,,,Obfuscated,394,,,,b,,8.006,,,point,OPERATE
,20.104,,,Obfuscated,396,,,,b,,8.0,,,point,OPERATE
,20.096,,,Obfuscated,399,,,,b,,7.999,,,point,OPERATE
,20.107,,,Obfuscated,405,,,,b,,7.998,,,point,OPERATE
,20.103,,,Obfuscated,408,,,,b,,7.998,,,point,OPERATE
,20.113,,,Obfuscated,410,,,,b,,7.994,,,point,OPERATE
,20.102,,,Obfuscated,411,,,,b,,8.0,,,point,OPERATE
,20.104,,,Obfuscated,413,,,,b,,8.01,,,point,OPERATE
,20.106,,,Obfuscated,414,,,,b,,8.0,,,point,OPERATE
,20.104,,,Obfuscated,415,,,,b,,8.003,,,point,OPERATE
,20.112,,,Obfuscated,420,,,,b,,7.998,,,point,OPERATE
,20.037,,,Obfuscated,423,,,,b,,8.045,,,point,OPERATE
,20.097,,,Obfuscated,428,,,,b,,8.012,,,point,OPERATE
,20.105,,,Obfuscated,432,,,,b,,7.992,,,point,OPERATE
,20.104,,,Obfuscated,436,,,,b,,7.998,,,point,OPERATE
,20.109,,,Obfuscated,437,,,,b,,8.003,,,point,OPERATE
,20.109,,,Obfuscated,438,,,,b,,8.006,,,point,OPERATE
,20.082,,,Obfuscated,441,,,,b,,7.999,,,point,OPERATE
,20.103,,,Obfuscated,443,,,,b,,8.007,,,point,OPERATE
,20.115,,,Obfuscated,446,,,,b,,7.996,,,point,OPERATE
,20.105,,,Obfuscated,455,,,,b,,7.999,,,point,OPERATE
,20.096,,,Obfuscated,460,,,,b,,7.997,,,point,OPERATE
,20.101,,,Obfuscated,464,,,,b,,7.999,,,point,OPERATE
,20.109,,,Obfuscated,470,,,,b,,8.002,,,point,OPERATE
,20.104,,,Obfuscated,480,,,,b,,8.007,,,point,OPERATE
,20.106,,,Obfuscated,483,,,,b,,7.997,,,point,OPERATE
,20.11,,,Obfuscated,488,,,,b,,8.008,,,point,OPERATE
,20.118,,,Obfuscated,490,,,,b,,7.997,,,point,OPERATE
,20.039,,,Obfuscated,494,,,,b,,7.999,,,point,OPERATE
,20.094,,,Obfuscated,499,,,,b,,8.012,,,point,OPERATE
,20.104,,,Obfuscated,501,,,,b,,8.002,,,point,OPERATE
,20.115,,,Obfuscated,502,,,,b,,8.0,,,point,OPERATE
,20.108,,,Obfuscated,504,,,,b,,8.0,,,point,OPERATE
,20.039,,,Obfuscated,507,,,,b,,7.999,,,point,OPERATE
,20.106,,,Obfuscated,508,,,,b,,8.006,,,point,OPERATE
,20.104,,,Obfuscated,514,,,,b,,8.001,,,point,OPERATE
,20.105,,,Obfuscated,519,,,,b,,8.0,,,point,OPERATE
,20.108,,,Obfuscated,520,,,,b,,7.993,,,point,OPERATE
,20.11,,,Obfuscated,523,,,,b,,7.999,,,point,OPERATE
,20.105,,,Obfuscated,525,,,,b,,7.995,,,point,OPERATE
,20.105,,,Obfuscated,528,,,,b,,8.004,,,point,OPERATE
,20.107,,,Obfuscated,533,,,,b,,8.002,,,point,OPERATE
,20.105,,,Obfuscated,534,,,,b,,8.0,,,point,OPERATE
,20.101,,,Obfuscated,535,,,,b,,8.007,,,point,OPERATE
,20.105,,,Obfuscated,537,,,,b,,8.0,,,point,OPERATE
,20.108,,,Obfuscated,538,,,,b,,8.002,,,point,OPERATE
,20.104,,,Obfuscated,542,,,,b,,8.003,,,point,OPERATE
,20.106,,,Obfuscated,545,,,,b,,8.001,,,point,OPERATE
,20.097,,,Obfuscated,550,,,,b,,8.005,,,point,OPERATE
,20.111,,,Obfuscated,552,,,,b,,8.0,,,point,OPERATE
,20.12,,,Obfuscated,558,,,,b,,7.99,,,point,OPERATE
,20.106,,,Obfuscated,560,,,,b,,8.003,,,point,OPERATE
,20.104,,,Obfuscated,562,,,,b,,8.004,,,point,OPERATE
,20.107,,,Obfuscated,564,,,,b,,8.004,,,point,OPERATE
,20.105,,,Obfuscated,567,,,,b,,8.006,,,point,OPERATE
,20.108,,,Obfuscated,568,,,,b,,8.003,,,point,OPERATE
,20.11,,,Obfuscated,569,,,,b,,8.001,,,point,OPERATE
,20.108,,,Obfuscated,572,,,,b,,7.999,,,point,OPERATE
,20.107,,,Obfuscated,576,,,,b,,8.007,,,point,OPERATE
,20.109,,,Obfuscated,580,,,,b,,7.996,,,point,OPERATE
,20.087,,,Obfuscated,582,,,,b,,7.998,,,point,OPERATE
,20.037,,,Obfuscated,584,,,,b,,7.999,,,point,OPERATE
,20.105,,,Obfuscated,591,,,,b,,8.006,,,point,OPERATE
,20.104,,,Obfuscated,592,,,,b,,8.004,,,point,OPERATE
,20.106,,,Obfuscated,598,,,,b,,8.02,,,point,OPERATE
,20.108,,,Obfuscated,600,,,,b,,8.007,,,point,OPERATE
,20.108,,,Obfuscated,608,,,,b,,7.999,,,point,OPERATE
,20.111,,,Obfuscated,609,,,,b,,7.997,,,point,OPERATE
,20.107,,,Obfuscated,613,,,,b,,8.0,,,point,OPERATE
,20.108,,,Obfuscated,620,,,,b,,8.0,,,point,OPERATE
,20.109,,,Obfuscated,621,,,,b,,7.999,,,point,OPERATE
,20.122,,,Obfuscated,623,,,,b,,8.005,,,point,OPERATE
,20.115,,,Obfuscated,624,,,,b,,7.992,,,point,OPERATE
,20.114,,,Obfuscated,626,,,,b,,7.997,,,point,OPERATE
,20.108,,,Obfuscated,632,,,,b,,7.989,,,point,OPERATE
,20.102,,,Obfuscated,634,,,,b,,8.006,,,point,OPERATE
,20.106,,,Obfuscated,640,,,,b,,8.007,,,point,OPERATE
,20.113,,,Obfuscated,645,,,,b,,7.997,,,point,OPERATE
,20.109,,,Obfuscated,647,,,,b,,8.0,,,point,OPERATE
,20.127,,,Obfuscated,653,,,,b,,7.978,,,point,OPERATE
,20.136,,,Obfuscated,654,,,,b,,8.005,,,point,OPERATE
,20.11,,,Obfuscated,657,,,,b,,7.997,,,point,OPERATE
,20.108,,,Obfuscated,661,,,,b,,7.983,,,point,OPERATE
,20.106,,,Obfuscated,663,,,,b,,8.004,,,point,OPERATE
,20.111,,,Obfuscated,665,,,,b,,8.007,,,point,OPERATE
,20.1,,,Obfuscated,670,,,,b,,8.008,,,point,OPERATE
,20.115,,,Obfuscated,671,,,,b,,7.998,,,point,OPERATE
,20.11,,,Obfuscated,672,,,,b,,7.998,,,point,OPERATE
,20.104,,,Obfuscated,674,,,,b,,8.001,,,point,OPERATE
,20.111,,,Obfuscated,676,,,,b,,8.0,,,point,OPERATE
,20.106,,,Obfuscated,677,,,,b,,8.003,,,point,OPERATE
,20.109,,,Obfuscated,681,,,,b,,7.941,,,point,OPERATE
,20.091,,,Obfuscated,685,,,,b,,8.015,,,point,OPERATE
,20.116,,,Obfuscated,687,,,,b,,8.019,,,point,OPERATE
,20.106,,,Obfuscated,692,,,,b,,8.001,,,point,OPERATE
,20.1,,,Obfuscated,694,,,,b,,8.006,,,point,OPERATE
,20.105,,,Obfuscated,697,,,,b,,8.007,,,point,OPERATE
,20.038,,,Obfuscated,699,,,,b,,8.044,,,point,OPERATE
,20.044,,,Obfuscated,703,,,,b,,8.0,,,point,OPERATE
,20.105,,,Obfuscated,704,,,,b,,8.009,,,point,OPERATE
,20.106,,,Obfuscated,705,,,,b,,8.0,,,point,OPERATE
,20.108,,,Obfuscated,713,,,,b,,8.005,,,point,OPERATE
,20.082,,,Obfuscated,716,,,,b,,8.002,,,point,OPERATE
,20.109,,,Obfuscated,720,,,,b,,7.998,,,point,OPERATE
,20.108,,,Obfuscated,721,,,,b,,8.0,,,point,OPERATE
,20.108,,,Obfuscated,722,,,,b,,8.003,,,point,OPERATE
,20.117,,,Obfuscated,728,,,,b,,7.994,,,point,OPERATE
,20.093,,,Obfuscated,730,,,,b,,8.0,,,point,OPERATE
,20.106,,,Obfuscated,732,,,,b,,8.0,,,point,OPERATE
,20.109,,,Obfuscated,737,,,,b,,7.997,,,point,OPERATE
,20.109,,,Obfuscated,741,,,,b,,8.003,,,point,OPERATE
,20.108,,,Obfuscated,742,,,,b,,7.999,,,point,OPERATE
,20.102,,,Obfuscated,743,,,,b,,8.013,,,point,OPERATE
,20.117,,,Obfuscated,744,,,,b,,7.995,,,point,OPERATE
,20.105,,,Obfuscated,746,,,,b,,8.002,,,point,OPERATE
,20.11,,,Obfuscated,748,,,,b,,7.996,,,point,OPERATE
,20.107,,,Obfuscated,751,,,,b,,8.006,,,point,OPERATE
,20.109,,,Obfuscated,752,,,,b,,8.002,,,point,OPERATE
,20.106,,,Obfuscated,754,,,,b,,7.999,,,point,OPERATE
,20.108,,,Obfuscated,760,,,,b,,7.998,,,point,OPERATE
,20.114,,,Obfuscated,771,,,,b,,8.004,,,point,OPERATE
,20.11,,,Obfuscated,775,,,,b,,8.0,,,point,OPERATE
,20.113,,,Obfuscated,776,,,,b,,7.996,,,point,OPERATE
,20.105,,,Obfuscated,783,,,,b,,8.006,,,point,OPERATE
,20.113,,,Obfuscated,784,,,,b,,8.004,,,point,OPERATE
,20.109,,,Obfuscated,785,,,,b,,7.998,,,point,OPERATE
,20.046,,,Obfuscated,786,,,,b,,8.046,,,point,OPERATE
,20.105,,,Obfuscated,790,,,,b,,8.003,,,point,OPERATE
,20.106,,,Obfuscated,794,,,,b,,8.002,,,point,OPERATE
,20.104,,,Obfuscated,796,,,,b,,8.001,,,point,OPERATE
,20.104,,,Obfuscated,797,,,,b,,7.993,,,point,OPERATE
,20.118,,,Obfuscated,799,,,,b,,7.995,,,point,OPERATE
,20.106,,,Obfuscated,802,,,,b,,8.0,,,point,OPERATE
,20.105,,,Obfuscated,805,,,,b,,8.001,,,point,OPERATE
,20.109,,,Obfuscated,808,,,,b,,7.996,,,point,OPERATE
,20.115,,,Obfuscated,815,,,,b,,8.0,,,point,OPERATE
,20.117,,,Obfuscated,819,,,,b,,7.995,,,point,OPERATE
,20.113,,,Obfuscated,820,,,,b,,8.003,,,point,OPERATE
,20.112,,,Obfuscated,821,,,,b,,7.998,,,point,OPERATE
,20.106,,,Obfuscated,822,,,,b,,8.003,,,point,OPERATE
,20.106,,,Obfuscated,824,,,,b,,8.008,,,point,OPERATE
,20.101,,,Obfuscated,829,,,,b,,8.007,,,point,OPERATE
,20.106,,,Obfuscated,831,,,,b,,8.005,,,point,OPERATE
,20.108,,,Obfuscated,834,,,,b,,8.0,,,point,OPERATE
,20.039,,,Obfuscated,836,,,,b,,7.998,,,point,OPERATE
,20.111,,,Obfuscated,840,,,,b,,7.997,,,point,OPERATE
,20.112,,,Obfuscated,841,,,,b,,7.998,,,point,OPERATE
,20.109,,,Obfuscated,843,,,,b,,7.996,,,point,OPERATE
,20.112,,,Obfuscated,845,,,,b,,7.993,,,point,OPERATE
,20.105,,,Obfuscated,859,,,,b,,8.001,,,point,OPERATE
,20.104,,,Obfuscated,860,,,,b,,8.003,,,point,OPERATE
,20.105,,,Obfuscated,862,,,,b,,8.0,,,point,OPERATE
,20.108,,,Obfuscated,863,,,,b,,8.001,,,point,OPERATE
,20.105,,,Obfuscated,864,,,,b,,8.002,,,point,OPERATE
,20.105,,,Obfuscated,865,,,,b,,8.005,,,point,OPERATE
,20.106,,,Obfuscated,869,,,,b,,8.0,,,point,OPERATE
,20.112,,,Obfuscated,871,,,,b,,8.001,,,point,OPERATE
,20.095,,,Obfuscated,873,,,,b,,8.003,,,point,OPERATE
,20.113,,,Obfuscated,874,,,,b,,7.991,,,point,OPERATE
,20.091,,,Obfuscated,875,,,,b,,8.011,,,point,OPERATE
,20.113,,,Obfuscated,881,,,,b,,7.996,,,point,OPERATE
,20.105,,,Obfuscated,885,,,,b,,8.0,,,point,OPERATE
,20.082,,,Obfuscated,887,,,,b,,7.956,,,point,OPERATE
,20.105,,,Obfuscated,890,,,,b,,8.004,,,point,OPERATE
,20.108,,,Obfuscated,894,,,,b,,7.998,,,point,OPERATE
,20.106,,,Obfuscated,895,,,,b,,8.003,,,point,OPERATE
,20.105,,,Obfuscated,896,,,,b,,8.005,,,point,OPERATE
,20.117,,,Obfuscated,898,,,,b,,7.983,,,point,OPERATE
,20.106,,,Obfuscated,899,,,,b,,8.002,,,point,OPERATE
,20.109,,,Obfuscated,901,,,,b,,8.002,,,point,OPERATE
,20.111,,,Obfuscated,904,,,,b,,7.998,,,point,OPERATE
,20.11,,,Obfuscated,905,,,,b,,7.998,,,point,OPERATE
,20.105,,,Obfuscated,907,,,,b,,8.004,,,point,OPERATE
,20.111,,,Obfuscated,909,,,,b,,7.999,,,point,OPERATE
,20.106,,,Obfuscated,913,,,,b,,8.0,,,point,OPERATE
,20.101,,,Obfuscated,914,,,,b,,8.007,,,point,OPERATE
,20.1,,,Obfuscated,915,,,,b,,7.988,,,point,OPERATE
,20.105,,,Obfuscated,916,,,,b,,8.007,,,point,OPERATE
,20.111,,,Obfuscated,917,,,,b,,8.002,,,point,OPERATE
,20.106,,,Obfuscated,927,,,,b,,8.001,,,point,OPERATE
,20.106,,,Obfuscated,932,,,,b,,8.007,,,point,OPERATE
,20.109,,,Obfuscated,933,,,,b,,7.995,,,point,OPERATE
,20.106,,,Obfuscated,942,,,,b,,8.007,,,point,OPERATE
,20.108,,,Obfuscated,945,,,,b,,7.993,,,point,OPERATE
,20.111,,,Obfuscated,946,,,,b,,7.987,,,point,OPERATE
,20.108,,,Obfuscated,947,,,,b,,7.992,,,point,OPERATE
,20.108,,,Obfuscated,948,,,,b,,7.994,,,point,OPERATE
,20.11,,,Obfuscated,954,,,,b,,8.002,,,point,OPERATE
,20.105,,,Obfuscated,958,,,,b,,8.002,,,point,OPERATE
,20.087,,,Obfuscated,964,,,,b,,8.017,,,point,OPERATE
,20.039,,,Obfuscated,967,,,,b,,7.996,,,point,OPERATE
,20.091,,,Obfuscated,972,,,,b,,8.001,,,point,OPERATE
,20.108,,,Obfuscated,977,,,,b,,8.001,,,point,OPERATE
,20.105,,,Obfuscated,980,,,,b,,7.999,,,point,OPERATE
,20.104,,,Obfuscated,983,,,,b,,8.006,,,point,OPERATE
,20.108,,,Obfuscated,986,,,,b,,8.0,,,point,OPERATE
,20.119,,,Obfuscated,988,,,,b,,8.006,,,point,OPERATE
,20.105,,,Obfuscated,991,,,,b,,8.002,,,point,OPERATE
,20.105,,,Obfuscated,992,,,,b,,8.012,,,point,OPERATE
,20.106,,,Obfuscated,994,,,,b,,8.002,,,point,OPERATE
,20.117,,,Obfuscated,996,,,,b,,8.002,,,point,OPERATE
,20.106,,,Obfuscated,998,,,,b,,8.006,,,point,OPERATE
,20.112,,,Obfuscated,1004,,,,b,,8.003,,,point,OPERATE
,20.105,,,Obfuscated,1007,,,,b,,8.003,,,point,OPERATE
,20.103,,,Obfuscated,1009,,,,b,,7.995,,,point,OPERATE
,20.14,,,Obfuscated,1010,,,,b,,7.987,,,point,OPERATE
,20.111,,,Obfuscated,1012,,,,b,,7.995,,,point,OPERATE
,20.105,,,Obfuscated,1014,,,,b,,8.007,,,point,OPERATE
,20.102,,,Obfuscated,1016,,,,b,,8.008,,,point,OPERATE
,20.114,,,Obfuscated,1020,,,,b,,7.995,,,point,OPERATE
,20.103,,,Obfuscated,1021,,,,b,,7.997,,,point,OPERATE
,20.105,,,Obfuscated,1024,,,,b,,8.01,,,point,OPERATE
,20.113,,,Obfuscated,1026,,,,b,,7.997,,,point,OPERATE
,20.108,,,Obfuscated,1031,,,,b,,7.998,,,point,OPERATE
,20.109,,,Obfuscated,1033,,,,b,,7.993,,,point,OPERATE
,20.111,,,Obfuscated,1036,,,,b,,8.0,,,point,OPERATE
,20.083,,,Obfuscated,1040,,,,b,,7.954,,,point,OPERATE
,20.115,,,Obfuscated,1044,,,,b,,7.996,,,point,OPERATE
,20.104,,,Obfuscated,1048,,,,b,,8.002,,,point,OPERATE
,20.109,,,Obfuscated,1051,,,,b,,8.001,,,point,OPERATE
,20.11,,,Obfuscated,1054,,,,b,,7.996,,,point,OPERATE
,20.11,,,Obfuscated,1056,,,,b,,7.997,,,point,OPERATE
,20.11,,,Obfuscated,1058,,,,b,,7.996,,,point,OPERATE
,20.115,,,Obfuscated,1061,,,,b,,7.991,,,point,OPERATE
,20.108,,,Obfuscated,1066,,,,b,,7.994,,,point,OPERATE
,20.099,,,Obfuscated,1067,,,,b,,8.003,,,point,OPERATE
,20.109,,,Obfuscated,1082,,,,b,,7.994,,,point,OPERATE
,20.113,,,Obfuscated,1086,,,,b,,7.997,,,point,OPERATE
,20.103,,,Obfuscated,1091,,,,b,,7.986,,,point,OPERATE
,20.125,,,Obfuscated,1092,,,,b,,7.982,,,point,OPERATE
,20.105,,,Obfuscated,1093,,,,b,,8.001,,,point,OPERATE
,20.107,,,Obfuscated,1098,,,,b,,8.0,,,point,OPERATE
,20.108,,,Obfuscated,1099,,,,b,,7.998,,,point,OPERATE
,20.099,,,Obfuscated,1100,,,,b,,7.983,,,point,OPERATE
,20.089,,,Obfuscated,1101,,,,b,,8.014,,,point,OPERATE
,20.107,,,Obfuscated,1102,,,,b,,7.999,,,point,OPERATE
,20.109,,,Obfuscated,1103,,,,b,,8.007,,,point,OPERATE
,20.112,,,Obfuscated,1104,,,,b,,7.994,,,point,OPERATE
,20.107,,,Obfuscated,1105,,,,b,,8.007,,,point,OPERATE
,20.111,,,Obfuscated,1108,,,,b,,7.991,,,point,OPERATE
,20.119,,,Obfuscated,1112,,,,b,,7.986,,,point,OPERATE
,20.113,,,Obfuscated,1117,,,,b,,7.974,,,point,OPERATE
,20.108,,,Obfuscated,1122,,,,b,,8.003,,,point,OPERATE
,20.09,,,Obfuscated,1123,,,,b,,8.019,,,point,OPERATE
,20.09,,,Obfuscated,1127,,,,b,,7.953,,,point,OPERATE
,20.101,,,Obfuscated,1128,,,,b,,8.006,,,point,OPERATE
,20.11,,,Obfuscated,1135,,,,b,,7.998,,,point,OPERATE
,20.107,,,Obfuscated,1136,,,,b,,7.999,,,point,OPERATE
,20.111,,,Obfuscated,1137,,,,b,,7.98,,,point,OPERATE
,20.103,,,Obfuscated,1138,,,,b,,8.005,,,point,OPERATE
,20.111,,,Obfuscated,1142,,,,b,,7.993,,,point,OPERATE
,20.114,,,Obfuscated,1144,,,,b,,7.993,,,point,OPERATE
,20.111,,,Obfuscated,1146,,,,b,,7.99,,,point,OPERATE
,20.115,,,Obfuscated,1150,,,,b,,8.001,,,point,OPERATE
,20.109,,,Obfuscated,1151,,,,b,,8.003,,,point,OPERATE
,20.039,,,Obfuscated,1152,,,,b,,7.999,,,point,OPERATE
,20.114,,,Obfuscated,1162,,,,b,,8.002,,,point,OPERATE
,20.105,,,Obfuscated,1167,,,,b,,7.998,,,point,OPERATE
,20.125,,,Obfuscated,1169,,,,b,,8.001,,,point,OPERATE
,20.108,,,Obfuscated,1170,,,,b,,8.002,,,point,OPERATE
,20.095,,,Obfuscated,1171,,,,b,,7.997,,,point,OPERATE
,20.092,,,Obfuscated,1173,,,,b,,8.002,,,point,OPERATE
,20.111,,,Obfuscated,1175,,,,b,,8.004,,,point,OPERATE
,20.108,,,Obfuscated,1183,,,,b,,8.003,,,point,OPERATE
,20.108,,,Obfuscated,1189,,,,b,,7.974,,,point,OPERATE
,20.114,,,Obfuscated,1190,,,,b,,7.994,,,point,OPERATE
,20.111,,,Obfuscated,1193,,,,b,,8.003,,,point,OPERATE
,20.04,,,Obfuscated,1194,,,,b,,8.007,,,point,OPERATE
,20.104,,,Obfuscated,1201,,,,b,,8.006,,,point,OPERATE
,20.111,,,Obfuscated,1203,,,,b,,7.997,,,point,OPERATE
,20.105,,,Obfuscated,1205,,,,b,,8.007,,,point,OPERATE
,20.11,,,Obfuscated,1209,,,,b,,7.985,,,point,OPERATE
,20.111,,,Obfuscated,1211,,,,b,,8.006,,,point,OPERATE
,20.037,,,Obfuscated,1213,,,,b,,8.05,,,point,OPERATE
,20.038,,,Obfuscated,1215,,,,b,,8.044,,,point,OPERATE
,20.106,,,Obfuscated,1218,,,,b,,7.999,,,point,OPERATE
,20.111,,,Obfuscated,1223,,,,b,,7.998,,,point,OPERATE
,20.106,,,Obfuscated,1224,,,,b,,8.006,,,point,OPERATE
,20.109,,,Obfuscated,1225,,,,b,,7.996,,,point,OPERATE
,20.107,,,Obfuscated,1226,,,,b,,7.998,,,point,OPERATE
,20.109,,,Obfuscated,1227,,,,b,,7.997,,,point,OPERATE
,20.104,,,Obfuscated,1236,,,,b,,8.006,,,point,OPERATE
,20.108,,,Obfuscated,1237,,,,b,,8.007,,,point,OPERATE
,20.106,,,Obfuscated,1240,,,,b,,8.0,,,point,OPERATE
,20.106,,,Obfuscated,1241,,,,b,,8.001,,,point,OPERATE
,20.106,,,Obfuscated,1247,,,,b,,8.003,,,point,OPERATE
,20.11,,,Obfuscated,1249,,,,b,,7.996,,,point,OPERATE
,20.11,,,Obfuscated,1250,,,,b,,7.994,,,point,OPERATE
,20.106,,,Obfuscated,1253,,,,b,,8.0,,,point,OPERATE
,20.107,,,Obfuscated,1256,,,,b,,8.007,,,point,OPERATE
,20.117,,,Obfuscated,1257,,,,b,,7.98,,,point,OPERATE
,20.109,,,Obfuscated,1260,,,,b,,7.993,,,point,OPERATE
,20.122,,,Obfuscated,1261,,,,b,,7.99,,,point,OPERATE
,20.106,,,Obfuscated,1262,,,,b,,8.001,,,point,OPERATE
,20.104,,,Obfuscated,1265,,,,b,,8.004,,,point,OPERATE
,20.11,,,Obfuscated,1267,,,,b,,7.995,,,point,OPERATE
,20.112,,,Obfuscated,1268,,,,b,,7.996,,,point,OPERATE
,20.116,,,Obfuscated,1269,,,,b,,7.998,,,point,OPERATE
,20.105,,,Obfuscated,1274,,,,b,,8.002,,,point,OPERATE
,20.113,,,Obfuscated,1276,,,,b,,7.995,,,point,OPERATE
,20.107,,,Obfuscated,1277,,,,b,,8.003,,,point,OPERATE
,20.104,,,Obfuscated,1280,,,,b,,8.003,,,point,OPERATE
,20.115,,,Obfuscated,1281,,,,b,,7.992,,,point,OPERATE
,20.111,,,Obfuscated,1282,,,,b,,8.002,,,point,OPERATE
,20.109,,,Obfuscated,1283,,,,b,,7.991,,,point,OPERATE
,20.111,,,Obfuscated,1284,,,,b,,7.999,,,point,OPERATE
,20.099,,,Obfuscated,1287,,,,b,,8.002,,,point,OPERATE
,20.128,,,Obfuscated,1289,,,,b,,7.977,,,point,OPERATE
,20.113,,,Obfuscated,1295,,,,b,,8.0,,,point,OPERATE
,20.04,,,Obfuscated,1297,,,,b,,7.999,,,point,OPERATE
,20.105,,,Obfuscated,1300,,,,b,,8.003,,,point,OPERATE
,20.109,,,Obfuscated,1303,,,,b,,8.002,,,point,OPERATE
,20.113,,,Obfuscated,1306,,,,b,,8.007,,,point,OPERATE
,20.106,,,Obfuscated,1308,,,,b,,8.001,,,point,OPERATE
,20.108,,,Obfuscated,1309,,,,b,,8.012,,,point,OPERATE
,20.105,,,Obfuscated,1310,,,,b,,8.006,,,point,OPERATE
,20.105,,,Obfuscated,1312,,,,b,,8.0,,,point,OPERATE
,20.117,,,Obfuscated,1314,,,,b,,7.992,,,point,OPERATE
,20.107,,,Obfuscated,1315,,,,b,,8.0,,,point,OPERATE
,20.106,,,Obfuscated,1320,,,,b,,8.005,,,point,OPERATE
,20.11,,,Obfuscated,1321,,,,b,,8.002,,,point,OPERATE
,20.111,,,Obfuscated,1325,,,,b,,8.006,,,point,OPERATE
,20.107,,,Obfuscated,1326,,,,b,,8.002,,,point,OPERATE
,20.105,,,Obfuscated,1330,,,,b,,8.002,,,point,OPERATE
,20.107,,,Obfuscated,1331,,,,b,,7.999,,,point,OPERATE
,20.109,,,Obfuscated,1333,,,,b,,7.997,,,point,OPERATE
,20.113,,,Obfuscated,1336,,,,b,,8.003,,,point,OPERATE
,20.111,,,Obfuscated,1340,,,,b,,7.995,,,point,OPERATE
,20.117,,,Obfuscated,1343,,,,b,,7.996,,,point,OPERATE
,20.106,,,Obfuscated,1346,,,,b,,8.001,,,point,OPERATE
,20.105,,,Obfuscated,1347,,,,b,,8.0,,,point,OPERATE
,20.106,,,Obfuscated,1349,,,,b,,7.999,,,point,OPERATE
,20.105,,,Obfuscated,1351,,,,b,,8.002,,,point,OPERATE
,20.11,,,Obfuscated,1353,,,,b,,8.004,,,point,OPERATE
,20.103,,,Obfuscated,1355,,,,b,,8.0,,,point,OPERATE
,20.12,,,Obfuscated,1361,,,,b,,8.01,,,point,OPERATE
,20.11,,,Obfuscated,1364,,,,b,,8.004,,,point,OPERATE
,20.113,,,Obfuscated,1366,,,,b,,7.994,,,point,OPERATE
,20.109,,,Obfuscated,1367,,,,b,,8.0,,,point,OPERATE
,20.089,,,Obfuscated,1372,,,,b,,8.017,,,point,OPERATE
,20.097,,,Obfuscated,1373,,,,b,,8.012,,,point,OPERATE
,20.112,,,Obfuscated,1374,,,,b,,8.006,,,point,OPERATE
,20.108,,,Obfuscated,1375,,,,b,,8.0,,,point,OPERATE
,20.107,,,Obfuscated,1376,,,,b,,8.005,,,point,OPERATE
,20.106,,,Obfuscated,1378,,,,b,,8.002,,,point,OPERATE
,20.111,,,Obfuscated,1379,,,,b,,7.992,,,point,OPERATE
,20.117,,,Obfuscated,1380,,,,b,,7.992,,,point,OPERATE
,20.109,,,Obfuscated,1384,,,,b,,8.003,,,point,OPERATE
,20.117,,,Obfuscated,1385,,,,b,,7.997,,,point,OPERATE
,20.106,,,Obfuscated,1386,,,,b,,8.006,,,point,OPERATE
,20.105,,,Obfuscated,1392,,,,b,,8.008,,,point,OPERATE
,20.112,,,Obfuscated,1393,,,,b,,8.0,,,point,OPERATE
,20.106,,,Obfuscated,1394,,,,b,,8.001,,,point,OPERATE
,20.109,,,Obfuscated,1397,,,,b,,7.998,,,point,OPERATE
,20.108,,,Obfuscated,1398,,,,b,,7.997,,,point,OPERATE
,20.113,,,Obfuscated,1400,,,,b,,8.002,,,point,OPERATE
,20.106,,,Obfuscated,1403,,,,b,,8.005,,,point,OPERATE
,20.11,,,Obfuscated,1407,,,,b,,8.004,,,point,OPERATE
,20.105,,,Obfuscated,1408,,,,b,,8.027,,,point,OPERATE
,20.106,,,Obfuscated,1410,,,,b,,8.005,,,point,OPERATE
,20.11,,,Obfuscated,1413,,,,b,,8.0,,,point,OPERATE
,20.108,,,Obfuscated,1419,,,,b,,8.0,,,point,OPERATE
,20.103,,,Obfuscated,1420,,,,b,,8.003,,,point,OPERATE
,20.105,,,Obfuscated,1421,,,,b,,8.01,,,point,OPERATE
,20.103,,,Obfuscated,1423,,,,b,,8.0,,,point,OPERATE
,20.039,,,Obfuscated,1426,,,,b,,7.996,,,point,OPERATE
,20.107,,,Obfuscated,1428,,,,b,,7.998,,,point,OPERATE
,20.105,,,Obfuscated,1430,,,,b,,7.997,,,point,OPERATE
,20.104,,,Obfuscated,1432,,,,b,,8.003,,,point,OPERATE
,20.108,,,Obfuscated,1433,,,,b,,8.0,,,point,OPERATE
,20.039,,,Obfuscated,1437,,,,b,,7.999,,,point,OPERATE
,20.106,,,Obfuscated,1438,,,,b,,7.983,,,point,OPERATE
,20.12,,,Obfuscated,1445,,,,b,,7.99,,,point,OPERATE
,20.109,,,Obfuscated,1447,,,,b,,7.997,,,point,OPERATE
,20.04,,,Obfuscated,1451,,,,b,,8.044,,,point,OPERATE
,20.083,,,Obfuscated,1462,,,,b,,8.004,,,point,OPERATE
,20.107,,,Obfuscated,1463,,,,b,,7.999,,,point,OPERATE
,20.11,,,Obfuscated,1467,,,,b,,8.003,,,point,OPERATE
,20.107,,,Obfuscated,1468,,,,b,,8.003,,,point,OPERATE
,20.103,,,Obfuscated,1471,,,,b,,7.995,,,point,OPERATE
,20.116,,,Obfuscated,1472,,,,b,,7.999,,,point,OPERATE
,20.107,,,Obfuscated,1474,,,,b,,8.006,,,point,OPERATE
,20.104,,,Obfuscated,1482,,,,b,,8.004,,,point,OPERATE
,20.11,,,Obfuscated,1495,,,,b,,8.003,,,point,OPERATE
,20.105,,,Obfuscated,1497,,,,b,,8.0,,,point,OPERATE
,20.109,,,Obfuscated,1506,,,,b,,8.0,,,point,OPERATE
,20.112,,,Obfuscated,1511,,,,b,,7.998,,,point,OPERATE
,20.118,,,Obfuscated,1515,,,,b,,7.998,,,point,OPERATE
,20.113,,,Obfuscated,1516,,,,b,,7.995,,,point,OPERATE
,20.106,,,Obfuscated,1518,,,,b,,8.0,,,point,OPERATE
,20.109,,,Obfuscated,1521,,,,b,,7.998,,,point,OPERATE
,20.109,,,Obfuscated,1522,,,,b,,7.997,,,point,OPERATE
,20.083,,,Obfuscated,1524,,,,b,,7.999,,,point,OPERATE
,20.106,,,Obfuscated,1525,,,,b,,7.998,,,point,OPERATE
,20.106,,,Obfuscated,1528,,,,b,,7.998,,,point,OPERATE
,20.104,,,Obfuscated,1530,,,,b,,8.002,,,point,OPERATE
,20.103,,,Obfuscated,1531,,,,b,,8.007,,,point,OPERATE
,20.105,,,Obfuscated,1536,,,,b,,8.006,,,point,OPERATE
,20.109,,,Obfuscated,1541,,,,b,,8.003,,,point,OPERATE
,20.105,,,Obfuscated,1542,,,,b,,8.001,,,point,OPERATE
,20.103,,,Obfuscated,1552,,,,b,,8.001,,,point,OPERATE
,20.11,,,Obfuscated,1555,,,,b,,8.001,,,point,OPERATE
,20.108,,,Obfuscated,1557,,,,b,,8.006,,,point,OPERATE
,20.104,,,Obfuscated,1558,,,,b,,8.009,,,point,OPERATE
,20.108,,,Obfuscated,1560,,,,b,,8.006,,,point,OPERATE
,20.115,,,Obfuscated,1561,,,,b,,7.996,,,point,OPERATE
,20.114,,,Obfuscated,1563,,,,b,,8.002,,,point,OPERATE
,20.123,,,Obfuscated,1571,,,,b,,8.001,,,point,OPERATE
,20.108,,,Obfuscated,1572,,,,b,,8.001,,,point,OPERATE
,20.105,,,Obfuscated,1573,,,,b,,7.999,,,point,OPERATE
,20.107,,,Obfuscated,1574,,,,b,,7.995,,,point,OPERATE
,20.111,,,Obfuscated,1575,,,,b,,7.996,,,point,OPERATE
,20.105,,,Obfuscated,1585,,,,b,,8.001,,,point,OPERATE
,20.119,,,Obfuscated,1595,,,,b,,7.991,,,point,OPERATE
,20.104,,,Obfuscated,1597,,,,b,,8.006,,,point,OPERATE
,20.091,,,Obfuscated,1598,,,,b,,8.018,,,point,OPERATE
,20.09,,,Obfuscated,1599,,,,b,,7.989,,,point,OPERATE
,20.104,,,Obfuscated,1604,,,,b,,8.001,,,point,OPERATE
,20.105,,,Obfuscated,1605,,,,b,,8.006,,,point,OPERATE
,20.104,,,Obfuscated,1606,,,,b,,8.001,,,point,OPERATE
,20.103,,,Obfuscated,1607,,,,b,,7.983,,,point,OPERATE
,20.083,,,Obfuscated,1609,,,,b,,7.953,,,point,OPERATE
,20.105,,,Obfuscated,1611,,,,b,,7.989,,,point,OPERATE
,20.106,,,Obfuscated,1612,,,,b,,8.001,,,point,OPERATE
,20.037,,,Obfuscated,1616,,,,b,,8.046,,,point,OPERATE
,20.104,,,Obfuscated,1617,,,,b,,8.007,,,point,OPERATE
,20.112,,,Obfuscated,1618,,,,b,,7.998,,,point,OPERATE
,20.105,,,Obfuscated,1620,,,,b,,8.0,,,point,OPERATE
,20.106,,,Obfuscated,1623,,,,b,,7.996,,,point,OPERATE
,20.104,,,Obfuscated,1624,,,,b,,8.003,,,point,OPERATE
,20.04,,,Obfuscated,1627,,,,b,,8.041,,,point,OPERATE
,20.114,,,Obfuscated,1628,,,,b,,7.995,,,point,OPERATE
,20.111,,,Obfuscated,1645,,,,b,,7.996,,,point,OPERATE
,20.112,,,Obfuscated,1647,,,,b,,7.994,,,point,OPERATE
,20.096,,,Obfuscated,1648,,,,b,,8.019,,,point,OPERATE
,20.105,,,Obfuscated,1650,,,,b,,7.977,,,point,OPERATE
,20.106,,,Obfuscated,1653,,,,b,,7.999,,,point,OPERATE
,20.105,,,Obfuscated,1656,,,,b,,8.0,,,point,OPERATE
,20.087,,,Obfuscated,1661,,,,b,,8.026,,,point,OPERATE
,20.105,,,Obfuscated,1665,,,,b,,7.98,,,point,OPERATE
,20.082,,,Obfuscated,1668,,,,b,,7.956,,,point,OPERATE
,20.105,,,Obfuscated,1669,,,,b,,8.0,,,point,OPERATE
,20.105,,,Obfuscated,1673,,,,b,,8.0,,,point,OPERATE
,20.109,,,Obfuscated,1679,,,,b,,8.0,,,point,OPERATE
,20.108,,,Obfuscated,1680,,,,b,,7.993,,,point,OPERATE
,20.106,,,Obfuscated,1683,,,,b,,7.997,,,point,OPERATE
,20.111,,,Obfuscated,1686,,,,b,,8.011,,,point,OPERATE
,20.105,,,Obfuscated,1687,,,,b,,7.995,,,point,OPERATE
,20.112,,,Obfuscated,1689,,,,b,,7.999,,,point,OPERATE
,20.105,,,Obfuscated,1694,,,,b,,8.002,,,point,OPERATE
,20.107,,,Obfuscated,1695,,,,b,,8.002,,,point,OPERATE
,20.107,,,Obfuscated,1698,,,,b,,7.999,,,point,OPERATE
,20.106,,,Obfuscated,1701,,,,b,,8.006,,,point,OPERATE
,20.08,,,Obfuscated,1702,,,,b,,8.026,,,point,OPERATE
,20.105,,,Obfuscated,1703,,,,b,,8.0,,,point,OPERATE
,20.082,,,Obfuscated,1706,,,,b,,8.002,,,point,OPERATE
,20.105,,,Obfuscated,1707,,,,b,,8.011,,,point,OPERATE
,20.107,,,Obfuscated,1710,,,,b,,7.997,,,point,OPERATE
,20.107,,,Obfuscated,1712,,,,b,,7.999,,,point,OPERATE
,20.103,,,Obfuscated,1714,,,,b,,8.0,,,point,OPERATE
,20.112,,,Obfuscated,1718,,,,b,,7.993,,,point,OPERATE
,20.115,,,Obfuscated,1720,,,,b,,7.996,,,point,OPERATE
,20.108,,,Obfuscated,1724,,,,b,,8.001,,,point,OPERATE
,20.109,,,Obfuscated,1726,,,,b,,7.999,,,point,OPERATE
,20.097,,,Obfuscated,1727,,,,b,,7.995,,,point,OPERATE
,20.082,,,Obfuscated,1729,,,,b,,7.999,,,point,OPERATE
,20.106,,,Obfuscated,1730,,,,b,,8.0,,,point,OPERATE
,20.099,,,Obfuscated,1734,,,,b,,8.004,,,point,OPERATE
,20.105,,,Obfuscated,1740,,,,b,,8.009,,,point,OPERATE
,20.108,,,Obfuscated,1741,,,,b,,7.993,,,point,OPERATE
,20.105,,,Obfuscated,1742,,,,b,,8.006,,,point,OPERATE
,20.117,,,Obfuscated,1744,,,,b,,7.997,,,point,OPERATE
,20.105,,,Obfuscated,1745,,,,b,,8.002,,,point,OPERATE
,20.106,,,Obfuscated,1757,,,,b,,8.001,,,point,OPERATE
,20.117,,,Obfuscated,1761,,,,b,,7.988,,,point,OPERATE
,20.109,,,Obfuscated,1767,,,,b,,7.999,,,point,OPERATE
,20.113,,,Obfuscated,1770,,,,b,,7.993,,,point,OPERATE
,20.104,,,Obfuscated,1771,,,,b,,8.004,,,point,OPERATE
,20.105,,,Obfuscated,1777,,,,b,,8.002,,,point,OPERATE
,20.11,,,Obfuscated,1779,,,,b,,8.005,,,point,OPERATE
,20.114,,,Obfuscated,1783,,,,b,,7.968,,,point,OPERATE
,20.11,,,Obfuscated,1788,,,,b,,7.995,,,point,OPERATE
,20.112,,,Obfuscated,1790,,,,b,,8.002,,,point,OPERATE
,20.105,,,Obfuscated,1792,,,,b,,8.011,,,point,OPERATE
,20.105,,,Obfuscated,1798,,,,b,,7.999,,,point,OPERATE
,20.105,,,Obfuscated,1801,,,,b,,8.0,,,point,OPERATE
,20.1,,,Obfuscated,1805,,,,b,,8.018,,,point,OPERATE
,20.109,,,Obfuscated,1809,,,,b,,8.006,,,point,OPERATE
,20.081,,,Obfuscated,1812,,,,b,,8.0,,,point,OPERATE
,20.11,,,Obfuscated,1813,,,,b,,8.002,,,point,OPERATE
,20.108,,,Obfuscated,1821,,,,b,,8.0,,,point,OPERATE
,20.091,,,Obfuscated,1822,,,,b,,8.012,,,point,OPERATE
,20.105,,,Obfuscated,1827,,,,b,,7.999,,,point,OPERATE
,20.109,,,Obfuscated,1828,,,,b,,8.001,,,point,OPERATE
,20.107,,,Obfuscated,1834,,,,b,,8.0,,,point,OPERATE
,20.116,,,Obfuscated,1836,,,,b,,7.99,,,point,OPERATE
,20.105,,,Obfuscated,1837,,,,b,,7.998,,,point,OPERATE
,20.105,,,Obfuscated,1841,,,,b,,7.999,,,point,OPERATE
,20.111,,,Obfuscated,1842,,,,b,,7.998,,,point,OPERATE
,20.118,,,Obfuscated,1844,,,,b,,7.99,,,point,OPERATE
,20.105,,,Obfuscated,1847,,,,b,,8.0,,,point,OPERATE
,20.109,,,Obfuscated,1848,,,,b,,8.006,,,point,OPERATE
,20.108,,,Obfuscated,1851,,,,b,,8.001,,,point,OPERATE
,20.108,,,Obfuscated,1855,,,,b,,7.996,,,point,OPERATE
,20.104,,,Obfuscated,1857,,,,b,,7.996,,,point,OPERATE
,20.096,,,Obfuscated,1858,,,,b,,8.008,,,point,OPERATE
,20.113,,,Obfuscated,1863,,,,b,,7.992,,,point,OPERATE
,20.104,,,Obfuscated,1864,,,,b,,8.001,,,point,OPERATE
,20.112,,,Obfuscated,1867,,,,b,,8.0,,,point,OPERATE
,20.114,,,Obfuscated,1868,,,,b,,8.0,,,point,OPERATE
,20.109,,,Obfuscated,1869,,,,b,,7.999,,,point,OPERATE
,20.112,,,Obfuscated,1875,,,,b,,7.996,,,point,OPERATE
,20.103,,,Obfuscated,1876,,,,b,,8.006,,,point,OPERATE
,20.109,,,Obfuscated,1879,,,,b,,8.0,,,point,OPERATE
,20.105,,,Obfuscated,1882,,,,b,,8.002,,,point,OPERATE
,20.106,,,Obfuscated,1883,,,,b,,8.004,,,point,OPERATE
,20.105,,,Obfuscated,1884,,,,b,,8.001,,,point,OPERATE
,20.105,,,Obfuscated,1885,,,,b,,8.0,,,point,OPERATE
,20.105,,,Obfuscated,1887,,,,b,,8.005,,,point,OPERATE
,20.104,,,Obfuscated,1889,,,,b,,8.002,,,point,OPERATE
,20.106,,,Obfuscated,1897,,,,b,,7.994,,,point,OPERATE
,20.107,,,Obfuscated,1898,,,,b,,7.999,,,point,OPERATE
,20.089,,,Obfuscated,1903,,,,b,,8.023,,,point,OPERATE
,20.107,,,Obfuscated,1914,,,,b,,8.0,,,point,OPERATE
,20.094,,,Obfuscated,1919,,,,b,,7.994,,,point,OPERATE
,20.107,,,Obfuscated,1920,,,,b,,8.0,,,point,OPERATE
,20.11,,,Obfuscated,1922,,,,b,,8.011,,,point,OPERATE
,20.105,,,Obfuscated,1931,,,,b,,8.0,,,point,OPERATE
,20.105,,,Obfuscated,1937,,,,b,,8.002,,,point,OPERATE
,20.111,,,Obfuscated,1941,,,,b,,8.002,,,point,OPERATE
,20.112,,,Obfuscated,1943,,,,b,,7.995,,,point,OPERATE
,20.107,,,Obfuscated,1946,,,,b,,8.001,,,point,OPERATE
,20.107,,,Obfuscated,1953,,,,b,,7.999,,,point,OPERATE
,20.106,,,Obfuscated,1955,,,,b,,7.999,,,point,OPERATE
,20.109,,,Obfuscated,1959,,,,b,,7.989,,,point,OPERATE
,20.109,,,Obfuscated,1961,,,,b,,8.005,,,point,OPERATE
,20.111,,,Obfuscated,1963,,,,b,,8.003,,,point,OPERATE
,20.102,,,Obfuscated,1964,,,,b,,8.012,,,point,OPERATE
,20.083,,,Obfuscated,1967,,,,b,,7.956,,,point,OPERATE
,20.129,,,Obfuscated,1971,,,,b,,7.982,,,point,OPERATE
,20.044,,,Obfuscated,1978,,,,b,,7.999,,,point,OPERATE
,20.104,,,Obfuscated,1979,,,,b,,7.997,,,point,OPERATE
,20.112,,,Obfuscated,1980,,,,b,,8.003,,,point,OPERATE
,20.108,,,Obfuscated,1982,,,,b,,7.999,,,point,OPERATE
,20.082,,,Obfuscated,1986,,,,b,,7.999,,,point,OPERATE
,20.11,,,Obfuscated,1988,,,,b,,8.001,,,point,OPERATE
,20.109,,,Obfuscated,1991,,,,b,,8.003,,,point,OPERATE
,20.107,,,Obfuscated,1996,,,,b,,8.0,,,point,OPERATE
,20.095,,,Obfuscated,1998,,,,b,,8.029,,,point,OPERATE
,20.106,,,Obfuscated,1999,,,,b,,8.001,,,point,OPERATE
,20.037,,,Obfuscated,2000,,,,b,,8.044,,,point,OPERATE
,20.083,,,Obfuscated,2001,,,,b,,8.026,,,point,OPERATE
,20.107,,,Obfuscated,2003,,,,b,,7.998,,,point,OPERATE
,20.112,,,Obfuscated,2010,,,,b,,7.998,,,point,OPERATE
,20.113,,,Obfuscated,2011,,,,b,,7.993,,,point,OPERATE
,20.083,,,Obfuscated,2016,,,,b,,7.999,,,point,OPERATE
,20.111,,,Obfuscated,2023,,,,b,,8.006,,,point,OPERATE
,20.112,,,Obfuscated,2027,,,,b,,7.998,,,point,OPERATE
,20.107,,,Obfuscated,2028,,,,b,,8.0,,,point,OPERATE
,20.106,,,Obfuscated,2030,,,,b,,8.0,,,point,OPERATE
,20.113,,,Obfuscated,2032,,,,b,,7.993,,,point,OPERATE
,20.11,,,Obfuscated,2034,,,,b,,7.993,,,point,OPERATE
,20.099,,,Obfuscated,2041,,,,b,,7.999,,,point,OPERATE
,20.106,,,Obfuscated,2043,,,,b,,8.0,,,point,OPERATE
,20.115,,,Obfuscated,2047,,,,b,,8.0,,,point,OPERATE
,20.105,,,Obfuscated,2049,,,,b,,8.003,,,point,OPERATE
,20.112,,,Obfuscated,2050,,,,b,,8.002,,,point,OPERATE
,20.109,,,Obfuscated,2058,,,,b,,8.005,,,point,OPERATE
,20.108,,,Obfuscated,2061,,,,b,,7.998,,,point,OPERATE
,20.104,,,Obfuscated,2064,,,,b,,8.003,,,point,OPERATE
,20.105,,,Obfuscated,2074,,,,b,,8.001,,,point,OPERATE
,20.109,,,Obfuscated,2075,,,,b,,8.0,,,point,OPERATE
,20.113,,,Obfuscated,2080,,,,b,,7.998,,,point,OPERATE
,20.111,,,Obfuscated,2082,,,,b,,7.999,,,point,OPERATE
,20.103,,,Obfuscated,2084,,,,b,,8.003,,,point,OPERATE
,20.114,,,Obfuscated,2088,,,,b,,7.996,,,point,OPERATE
,20.108,,,Obfuscated,2092,,,,b,,8.003,,,point,OPERATE
,20.1,,,Obfuscated,2093,,,,b,,8.012,,,point,OPERATE
,20.112,,,Obfuscated,2094,,,,b,,8.0,,,point,OPERATE
,20.115,,,Obfuscated,2100,,,,b,,7.998,,,point,OPERATE
,20.108,,,Obfuscated,2102,,,,b,,7.999,,,point,OPERATE
,20.109,,,Obfuscated,2107,,,,b,,7.997,,,point,OPERATE
,20.101,,,Obfuscated,2110,,,,b,,7.996,,,point,OPERATE
,20.11,,,Obfuscated,2117,,,,b,,7.991,,,point,OPERATE
,20.107,,,Obfuscated,2126,,,,b,,8.002,,,point,OPERATE
,20.104,,,Obfuscated,2127,,,,b,,8.002,,,point,OPERATE
,20.109,,,Obfuscated,2131,,,,b,,7.999,,,point,OPERATE
,20.116,,,Obfuscated,2132,,,,b,,7.998,,,point,OPERATE
,20.112,,,Obfuscated,2133,,,,b,,7.994,,,point,OPERATE
,20.111,,,Obfuscated,2138,,,,b,,7.998,,,point,OPERATE
,20.123,,,Obfuscated,2139,,,,b,,7.998,,,point,OPERATE
,20.094,,,Obfuscated,2141,,,,b,,7.997,,,point,OPERATE
,20.107,,,Obfuscated,2156,,,,b,,8.001,,,point,OPERATE
,20.124,,,Obfuscated,2159,,,,b,,8.003,,,point,OPERATE
,20.085,,,Obfuscated,2161,,,,b,,7.951,,,point,OPERATE
,20.106,,,Obfuscated,2163,,,,b,,7.99,,,point,OPERATE
,20.111,,,Obfuscated,2168,,,,b,,7.995,,,point,OPERATE
,20.114,,,Obfuscated,2169,,,,b,,8.0,,,point,OPERATE
,20.102,,,Obfuscated,2171,,,,b,,8.005,,,point,OPERATE
,20.105,,,Obfuscated,2172,,,,b,,8.001,,,point,OPERATE
,20.114,,,Obfuscated,2173,,,,b,,7.996,,,point,OPERATE
,20.105,,,Obfuscated,2174,,,,b,,8.0,,,point,OPERATE
,20.104,,,Obfuscated,2175,,,,b,,8.007,,,point,OPERATE
,20.109,,,Obfuscated,2180,,,,b,,7.99,,,point,OPERATE
,20.114,,,Obfuscated,2181,,,,b,,7.997,,,point,OPERATE
,20.107,,,Obfuscated,2189,,,,b,,7.998,,,point,OPERATE
,20.091,,,Obfuscated,2193,,,,b,,7.987,,,point,OPERATE
,20.107,,,Obfuscated,2195,,,,b,,8.003,,,point,OPERATE
,20.08,,,Obfuscated,2197,,,,b,,8.029,,,point,OPERATE
,20.105,,,Obfuscated,2199,,,,b,,8.0,,,point,OPERATE
,20.109,,,Obfuscated,2203,,,,b,,8.004,,,point,OPERATE
,20.105,,,Obfuscated,2204,,,,b,,8.002,,,point,OPERATE
,20.13,,,Obfuscated,2210,,,,b,,7.99,,,point,OPERATE
,20.105,,,Obfuscated,2213,,,,b,,8.002,,,point,OPERATE
,20.112,,,Obfuscated,2220,,,,b,,7.997,,,point,OPERATE
,20.109,,,Obfuscated,2221,,,,b,,8.001,,,point,OPERATE
,20.104,,,Obfuscated,2224,,,,b,,8.012,,,point,OPERATE
,20.105,,,Obfuscated,2225,,,,b,,8.006,,,point,OPERATE
,20.104,,,Obfuscated,2229,,,,b,,8.004,,,point,OPERATE
,20.105,,,Obfuscated,2231,,,,b,,7.99,,,point,OPERATE
,20.084,,,Obfuscated,2233,,,,b,,8.029,,,point,OPERATE
,20.111,,,Obfuscated,2234,,,,b,,7.999,,,point,OPERATE
,20.105,,,Obfuscated,2236,,,,b,,8.005,,,point,OPERATE
,20.114,,,Obfuscated,2237,,,,b,,8.003,,,point,OPERATE
,20.106,,,Obfuscated,2238,,,,b,,8.007,,,point,OPERATE
,20.114,,,Obfuscated,2242,,,,b,,8.001,,,point,OPERATE
,20.112,,,Obfuscated,2244,,,,b,,7.993,,,point,OPERATE
,20.105,,,Obfuscated,2246,,,,b,,8.0,,,point,OPERATE
,20.106,,,Obfuscated,2248,,,,b,,8.001,,,point,OPERATE
,20.116,,,Obfuscated,2249,,,,b,,7.997,,,point,OPERATE
,20.11,,,Obfuscated,2252,,,,b,,7.995,,,point,OPERATE
,20.113,,,Obfuscated,2257,,,,b,,7.992,,,point,OPERATE
,20.11,,,Obfuscated,2260,,,,b,,7.995,,,point,OPERATE
,20.106,,,Obfuscated,2262,,,,b,,8.0,,,point,OPERATE
,20.111,,,Obfuscated,2263,,,,b,,8.0,,,point,OPERATE
,20.11,,,Obfuscated,2271,,,,b,,7.997,,,point,OPERATE
,20.082,,,Obfuscated,2272,,,,b,,7.999,,,point,OPERATE
,20.107,,,Obfuscated,2277,,,,b,,8.002,,,point,OPERATE
,20.131,,,Obfuscated,2278,,,,b,,7.992,,,point,OPERATE
,20.105,,,Obfuscated,2284,,,,b,,8.004,,,point,OPERATE
,20.104,,,Obfuscated,2286,,,,b,,8.001,,,point,OPERATE
,20.11,,,Obfuscated,2287,,,,b,,8.003,,,point,OPERATE
,20.102,,,Obfuscated,2289,,,,b,,8.0,,,point,OPERATE
,20.102,,,Obfuscated,2294,,,,b,,7.996,,,point,OPERATE
,20.106,,,Obfuscated,2302,,,,b,,7.999,,,point,OPERATE
,20.104,,,Obfuscated,2303,,,,b,,8.002,,,point,OPERATE
,20.112,,,Obfuscated,2305,,,,b,,7.996,,,point,OPERATE
,20.109,,,Obfuscated,2310,,,,b,,8.002,,,point,OPERATE
,20.092,,,Obfuscated,2312,,,,b,,8.016,,,point,OPERATE
,20.043,,,Obfuscated,2315,,,,b,,7.993,,,point,OPERATE
,20.125,,,Obfuscated,2318,,,,b,,7.998,,,point,OPERATE
,20.115,,,Obfuscated,2320,,,,b,,8.0,,,point,OPERATE
,20.106,,,Obfuscated,2325,,,,b,,8.007,,,point,OPERATE
,20.088,,,Obfuscated,2326,,,,b,,7.999,,,point,OPERATE
,20.108,,,Obfuscated,2330,,,,b,,7.994,,,point,OPERATE
,20.107,,,Obfuscated,2331,,,,b,,8.001,,,point,OPERATE
,20.082,,,Obfuscated,2342,,,,b,,8.025,,,point,OPERATE
,20.111,,,Obfuscated,2343,,,,b,,7.998,,,point,OPERATE
,20.112,,,Obfuscated,2347,,,,b,,7.989,,,point,OPERATE
,20.105,,,Obfuscated,2348,,,,b,,8.0,,,point,OPERATE
,20.107,,,Obfuscated,2350,,,,b,,8.002,,,point,OPERATE
,20.109,,,Obfuscated,2352,,,,b,,7.994,,,point,OPERATE
,20.098,,,Obfuscated,2356,,,,b,,8.009,,,point,OPERATE
,20.105,,,Obfuscated,2357,,,,b,,8.001,,,point,OPERATE
,20.101,,,Obfuscated,2359,,,,b,,8.001,,,point,OPERATE
,20.097,,,Obfuscated,2360,,,,b,,7.998,,,point,OPERATE
,20.105,,,Obfuscated,2365,,,,b,,8.002,,,point,OPERATE
,20.111,,,Obfuscated,2366,,,,b,,7.994,,,point,OPERATE
,20.106,,,Obfuscated,2368,,,,b,,8.0,,,point,OPERATE
,20.107,,,Obfuscated,2370,,,,b,,8.006,,,point,OPERATE
,20.129,,,Obfuscated,2372,,,,b,,8.01,,,point,OPERATE
,20.109,,,Obfuscated,2373,,,,b,,8.002,,,point,OPERATE
,20.107,,,Obfuscated,2378,,,,b,,7.999,,,point,OPERATE
,20.112,,,Obfuscated,2380,,,,b,,7.993,,,point,OPERATE
,20.112,,,Obfuscated,2384,,,,b,,8.0,,,point,OPERATE
,20.108,,,Obfuscated,2387,,,,b,,8.0,,,point,OPERATE
,20.112,,,Obfuscated,2388,,,,b,,8.0,,,point,OPERATE
,20.102,,,Obfuscated,2389,,,,b,,8.01,,,point,OPERATE
,20.105,,,Obfuscated,2390,,,,b,,8.005,,,point,OPERATE
,20.108,,,Obfuscated,2392,,,,b,,8.002,,,point,OPERATE
,20.096,,,Obfuscated,2394,,,,b,,8.003,,,point,OPERATE
,20.109,,,Obfuscated,2396,,,,b,,8.0,,,point,OPERATE
,20.107,,,Obfuscated,2397,,,,b,,8.006,,,point,OPERATE
,20.102,,,Obfuscated,2398,,,,b,,8.007,,,point,OPERATE
,20.106,,,Obfuscated,2400,,,,b,,7.995,,,point,OPERATE
,20.11,,,Obfuscated,2404,,,,b,,7.994,,,point,OPERATE
,20.114,,,Obfuscated,2411,,,,b,,7.998,,,point,OPERATE
,20.043,,,Obfuscated,2412,,,,b,,7.994,,,point,OPERATE
,20.088,,,Obfuscated,2413,,,,b,,7.993,,,point,OPERATE
,20.091,,,Obfuscated,2415,,,,b,,8.012,,,point,OPERATE
,20.11,,,Obfuscated,2418,,,,b,,7.998,,,point,OPERATE
,20.107,,,Obfuscated,2421,,,,b,,8.001,,,point,OPERATE
,20.111,,,Obfuscated,2422,,,,b,,7.999,,,point,OPERATE
,20.092,,,Obfuscated,2426,,,,b,,8.016,,,point,OPERATE
,20.104,,,Obfuscated,2445,,,,b,,8.002,,,point,OPERATE
,20.114,,,Obfuscated,2453,,,,b,,7.995,,,point,OPERATE
,20.038,,,Obfuscated,2462,,,,b,,8.001,,,point,OPERATE
,20.082,,,Obfuscated,2464,,,,b,,7.956,,,point,OPERATE
,20.042,,,Obfuscated,2465,,,,b,,7.993,,,point,OPERATE
,20.109,,,Obfuscated,2466,,,,b,,8.001,,,point,OPERATE
,20.098,,,Obfuscated,2467,,,,b,,8.003,,,point,OPERATE
,20.104,,,Obfuscated,2469,,,,b,,8.0,,,point,OPERATE
,20.105,,,Obfuscated,2470,,,,b,,8.004,,,point,OPERATE
,20.111,,,Obfuscated,2472,,,,b,,7.999,,,point,OPERATE
,20.106,,,Obfuscated,2474,,,,b,,8.0,,,point,OPERATE
,20.1,,,Obfuscated,2478,,,,b,,8.0,,,point,OPERATE
,20.111,,,Obfuscated,2480,,,,b,,7.994,,,point,OPERATE
,20.107,,,Obfuscated,2483,,,,b,,8.0,,,point,OPERATE
,20.11,,,Obfuscated,2488,,,,b,,8.0,,,point,OPERATE
,20.106,,,Obfuscated,2489,,,,b,,8.0,,,point,OPERATE
,20.105,,,Obfuscated,2492,,,,b,,8.002,,,point,OPERATE
,20.108,,,Obfuscated,2494,,,,b,,8.005,,,point,OPERATE
,20.108,,,Obfuscated,2495,,,,b,,8.004,,,point,OPERATE
,20.107,,,Obfuscated,2496,,,,b,,8.001,,,point,OPERATE
,20.109,,,Obfuscated,2499,,,,b,,7.998,,,point,OPERATE
,20.11,,,Obfuscated,2500,,,,b,,8.003,,,point,OPERATE
,20.107,,,Obfuscated,2501,,,,b,,8.004,,,point,OPERATE
,20.106,,,Obfuscated,2504,,,,b,,8.005,,,point,OPERATE
,20.104,,,Obfuscated,2510,,,,b,,8.002,,,point,OPERATE
,20.108,,,Obfuscated,2511,,,,b,,8.003,,,point,OPERATE
,20.11,,,Obfuscated,2513,,,,b,,7.998,,,point,OPERATE
,20.106,,,Obfuscated,2516,,,,b,,7.999,,,point,OPERATE
,20.108,,,Obfuscated,2517,,,,b,,8.018,,,point,OPERATE
,20.112,,,Obfuscated,2521,,,,b,,8.006,,,point,OPERATE
,20.106,,,Obfuscated,2522,,,,b,,7.995,,,point,OPERATE
,20.111,,,Obfuscated,2525,,,,b,,8.003,,,point,OPERATE
,20.107,,,Obfuscated,2533,,,,b,,7.997,,,point,OPERATE
,20.106,,,Obfuscated,2534,,,,b,,8.011,,,point,OPERATE
,20.108,,,Obfuscated,2535,,,,b,,7.997,,,point,OPERATE
,20.111,,,Obfuscated,2537,,,,b,,8.002,,,point,OPERATE
,20.11,,,Obfuscated,2539,,,,b,,7.995,,,point,OPERATE
,20.106,,,Obfuscated,2542,,,,b,,8.003,,,point,OPERATE
,20.114,,,Obfuscated,2544,,,,b,,7.992,,,point,OPERATE
,20.109,,,Obfuscated,2545,,,,b,,7.998,,,point,OPERATE
,20.105,,,Obfuscated,2546,,,,b,,8.004,,,point,OPERATE
,20.099,,,Obfuscated,2547,,,,b,,8.002,,,point,OPERATE
,20.109,,,Obfuscated,2550,,,,b,,7.999,,,point,OPERATE
,20.106,,,Obfuscated,2551,,,,b,,8.0,,,point,OPERATE
,20.094,,,Obfuscated,2558,,,,b,,8.018,,,point,OPERATE
,20.104,,,Obfuscated,2560,,,,b,,8.003,,,point,OPERATE
,20.081,,,Obfuscated,2562,,,,b,,7.999,,,point,OPERATE
,20.105,,,Obfuscated,2566,,,,b,,8.003,,,point,OPERATE
,20.109,,,Obfuscated,2567,,,,b,,7.998,,,point,OPERATE
,20.091,,,Obfuscated,2569,,,,b,,8.001,,,point,OPERATE
,20.102,,,Obfuscated,2571,,,,b,,8.005,,,point,OPERATE
,20.102,,,Obfuscated,2575,,,,b,,8.004,,,point,OPERATE
,20.099,,,Obfuscated,2577,,,,b,,8.014,,,point,OPERATE
,20.105,,,Obfuscated,2580,,,,b,,8.004,,,point,OPERATE
,20.108,,,Obfuscated,2581,,,,b,,7.997,,,point,OPERATE
,20.104,,,Obfuscated,2582,,,,b,,8.004,,,point,OPERATE
,20.11,,,Obfuscated,2583,,,,b,,8.008,,,point,OPERATE
,20.104,,,Obfuscated,2584,,,,b,,8.006,,,point,OPERATE
,20.105,,,Obfuscated,2587,,,,b,,8.004,,,point,OPERATE
,20.103,,,Obfuscated,2595,,,,b,,8.002,,,point,OPERATE
,20.109,,,Obfuscated,2596,,,,b,,7.998,,,point,OPERATE
,20.105,,,Obfuscated,2601,,,,b,,8.003,,,point,OPERATE
,20.1,,,Obfuscated,2602,,,,b,,8.008,,,point,OPERATE
,20.114,,,Obfuscated,2604,,,,b,,7.996,,,point,OPERATE
,20.086,,,Obfuscated,2605,,,,b,,8.002,,,point,OPERATE
,20.112,,,Obfuscated,2606,,,,b,,7.998,,,point,OPERATE
,20.037,,,Obfuscated,2613,,,,b,,8.001,,,point,OPERATE
,20.097,,,Obfuscated,2617,,,,b,,8.0,,,point,OPERATE
,20.114,,,Obfuscated,2618,,,,b,,7.997,,,point,OPERATE
,20.114,,,Obfuscated,2621,,,,b,,7.998,,,point,OPERATE
,20.118,,,Obfuscated,2623,,,,b,,8.003,,,point,OPERATE
,20.111,,,Obfuscated,2626,,,,b,,8.0,,,point,OPERATE
,20.106,,,Obfuscated,2628,,,,b,,8.005,,,point,OPERATE
,20.098,,,Obfuscated,2633,,,,b,,8.012,,,point,OPERATE
,20.106,,,Obfuscated,2634,,,,b,,8.009,,,point,OPERATE
,20.099,,,Obfuscated,2636,,,,b,,8.007,,,point,OPERATE
,20.113,,,Obfuscated,2639,,,,b,,7.998,,,point,OPERATE
20.107,,20.083,20.116,Obfuscated,,900,2640,,,8.0,,7.989,8.01305,summary,OPERATE
,20.084,,,Obfuscated,,,,,c,,8.03,,,zoom_point,READ
,20.088,,,Obfuscated,,,,,c,,8.023,,,zoom_point,READ
,20.09,,,Obfuscated,,,,,c,,8.016,,,zoom_point,READ
,20.113,,,Obfuscated,,,,,c,,8.001,,,zoom_point,READ
,20.102,,,Obfuscated,,,,,c,,8.008,,,zoom_point,READ
,20.102,,,Obfuscated,,,,,c,,7.994,,,zoom_point,READ
,20.087,,,Obfuscated,,,,,c,,8.023,,,zoom_point,READ
,20.087,,,Obfuscated,,,,,c,,8.021,,,zoom_point,READ
,20.091,,,Obfuscated,,,,,c,,8.024,,,zoom_point,READ
,20.092,,,Obfuscated,,,,,c,,8.003,,,zoom_point,READ
,20.103,,,Obfuscated,,,,,c,,8.001,,,zoom_point,READ
,20.112,,,Obfuscated,,,,,c,,8.005,,,zoom_point,READ
,20.09,,,Obfuscated,,,,,c,,8.023,,,zoom_point,READ
,20.108,,,Obfuscated,,,,,c,,8.005,,,zoom_point,READ
,20.083,,,Obfuscated,,,,,c,,8.027,,,zoom_point,READ
,20.102,,,Obfuscated,,,,,c,,8.002,,,zoom_point,READ
,20.11,,,Obfuscated,,,,,c,,7.999,,,zoom_point,READ
,20.105,,,Obfuscated,,,,,c,,8.004,,,zoom_point,READ
,20.111,,,Obfuscated,,,,,c,,7.996,,,zoom_point,READ
,20.107,,,Obfuscated,,,,,c,,8.002,,,zoom_point,READ
,20.111,,,Obfuscated,,,,,c,,8.015,,,zoom_point,READ
,20.085,,,Obfuscated,,,,,c,,8.021,,,zoom_point,READ
,20.109,,,Obfuscated,,,,,c,,8.001,,,zoom_point,READ
,20.087,,,Obfuscated,,,,,c,,8.028,,,zoom_point,READ
,20.098,,,Obfuscated,,,,,c,,8.004,,,zoom_point,READ
,20.113,,,Obfuscated,,,,,c,,7.996,,,zoom_point,READ
,20.104,,,Obfuscated,,,,,c,,8.005,,,zoom_point,READ
,20.036,,,Obfuscated,,,,,c,,8.073,,,zoom_point,READ
,20.12,,,Obfuscated,,,,,c,,7.978,,,zoom_point,READ
,20.092,,,Obfuscated,,,,,c,,8.015,,,zoom_point,READ
,20.106,,,Obfuscated,,,,,c,,8.001,,,zoom_point,READ
,20.078,,,Obfuscated,,,,,c,,8.0,,,zoom_point,READ
,20.087,,,Obfuscated,,,,,c,,8.025,,,zoom_point,READ
,20.105,,,Obfuscated,,,,,c,,8.01,,,zoom_point,READ
,20.088,,,Obfuscated,,,,,c,,7.966,,,zoom_point,READ
,20.038,,,Obfuscated,,,,,c,,8.001,,,zoom_point,READ
,20.104,,,Obfuscated,,,,,c,,8.004,,,zoom_point,READ
,20.113,,,Obfuscated,,,,,c,,8.005,,,zoom_point,READ
,20.092,,,Obfuscated,,,,,c,,8.017,,,zoom_point,READ
,20.11,,,Obfuscated,,,,,c,,8.003,,,zoom_point,READ
,20.116,,,Obfuscated,,,,,c,,8.001,,,zoom_point,READ
,20.106,,,Obfuscated,,,,,c,,8.001,,,zoom_point,READ
,20.105,,,Obfuscated,,,,,c,,8.004,,,zoom_point,READ
,20.095,,,Obfuscated,,,,,c,,7.992,,,zoom_point,READ
,20.094,,,Obfuscated,,,,,c,,8.017,,,zoom_point,READ
,20.081,,,Obfuscated,,,,,c,,8.024,,,zoom_point,READ
,20.104,,,Obfuscated,,,,,c,,7.994,,,zoom_point,READ
,20.082,,,Obfuscated,,,,,c,,8.024,,,zoom_point,READ
,20.081,,,Obfuscated,,,,,c,,8.026,,,zoom_point,READ
,20.105,,,Obfuscated,,,,,c,,7.995,,,zoom_point,READ
,20.109,,,Obfuscated,,,,,c,,7.999,,,zoom_point,READ
,20.103,,,Obfuscated,,,,,c,,8.002,,,zoom_point,READ
,20.082,,,Obfuscated,,,,,c,,8.03,,,zoom_point,READ
,20.104,,,Obfuscated,,,,,c,,8.038,,,zoom_point,READ
,20.082,,,Obfuscated,,,,,c,,8.024,,,zoom_point,READ
,20.097,,,Obfuscated,,,,,c,,8.003,,,zoom_point,READ
,20.081,,,Obfuscated,,,,,c,,8.028,,,zoom_point,READ
,20.105,,,Obfuscated,,,,,c,,8.001,,,zoom_point,READ
,20.131,,,Obfuscated,,,,,c,,7.982,,,zoom_point,READ
,20.112,,,Obfuscated,,,,,c,,8.001,,,zoom_point,READ
,20.109,,,Obfuscated,,,,,c,,7.998,,,zoom_point,READ
,20.109,,,Obfuscated,,,,,c,,8.002,,,zoom_point,READ
,20.082,,,Obfuscated,,,,,c,,8.033,,,zoom_point,READ
,20.105,,,Obfuscated,,,,,c,,7.996,,,zoom_point,READ
,20.112,,,Obfuscated,,,,,c,,7.997,,,zoom_point,READ
,20.105,,,Obfuscated,,,,,c,,7.999,,,zoom_point,READ
,20.112,,,Obfuscated,,,,,c,,8.0,,,zoom_point,READ
,20.087,,,Obfuscated,,,,,c,,8.025,,,zoom_point,READ
,20.101,,,Obfuscated,,,,,c,,7.99,,,zoom_point,READ
,20.092,,,Obfuscated,,,,,c,,8.019,,,zoom_point,READ
,20.108,,,Obfuscated,,,,,c,,8.009,,,zoom_point,READ
,20.116,,,Obfuscated,,,,,c,,7.993,,,zoom_point,READ
,20.091,,,Obfuscated,,,,,c,,8.021,,,zoom_point,READ
,20.106,,,Obfuscated,,,,,c,,8.008,,,zoom_point,READ
,20.107,,,Obfuscated,,,,,c,,8.006,,,zoom_point,READ
,20.105,,,Obfuscated,,,,,c,,8.005,,,zoom_point,READ
,20.097,,,Obfuscated,,,,,c,,8.017,,,zoom_point,READ
,20.106,,,Obfuscated,,,,,c,,8.003,,,zoom_point,READ
,20.11,,,Obfuscated,,,,,c,,7.996,,,zoom_point,READ
,20.09,,,Obfuscated,,,,,c,,8.024,,,zoom_point,READ
,20.09,,,Obfuscated,,,,,c,,7.992,,,zoom_point,READ
,20.106,,,Obfuscated,,,,,c,,8.004,,,zoom_point,READ
,20.099,,,Obfuscated,,,,,c,,8.004,,,zoom_point,READ
,20.09,,,Obfuscated,,,,,c,,8.019,,,zoom_point,READ
,20.117,,,Obfuscated,,,,,c,,8.003,,,zoom_point,READ
,20.11,,,Obfuscated,,,,,c,,8.001,,,zoom_point,READ
,20.11,,,Obfuscated,,,,,c,,7.998,,,zoom_point,READ
,20.096,,,Obfuscated,,,,,c,,8.019,,,zoom_point,READ
,20.107,,,Obfuscated,,,,,c,,8.005,,,zoom_point,READ
,20.063,,,Obfuscated,,,,,c,,8.019,,,zoom_point,READ
,20.107,,,Obfuscated,,,,,c,,8.004,,,zoom_point,READ
,20.087,,,Obfuscated,,,,,c,,8.019,,,zoom_point,READ
,20.112,,,Obfuscated,,,,,c,,7.992,,,zoom_point,READ
,20.088,,,Obfuscated,,,,,c,,8.019,,,zoom_point,READ
,20.104,,,Obfuscated,,,,,c,,8.016,,,zoom_point,READ
,20.113,,,Obfuscated,,,,,c,,7.997,,,zoom_point,READ
,20.087,,,Obfuscated,,,,,c,,7.995,,,zoom_point,READ
,20.088,,,Obfuscated,,,,,c,,8.019,,,zoom_point,READ
,20.086,,,Obfuscated,,,,,c,,8.02,,,zoom_point,READ
,20.101,,,Obfuscated,,,,,c,,8.005,,,zoom_point,READ
,20.109,,,Obfuscated,,,,,c,,8.007,,,zoom_point,READ
,20.093,,,Obfuscated,,,,,c,,8.014,,,zoom_point,READ
,20.109,,,Obfuscated,,,,,c,,8.002,,,zoom_point,READ
,20.102,,,Obfuscated,,,,,c,,7.999,,,zoom_point,READ
,20.083,,,Obfuscated,,,,,c,,8.03,,,zoom_point,READ
,20.089,,,Obfuscated,,,,,c,,8.016,,,zoom_point,READ
,20.09,,,Obfuscated,,,,,c,,8.017,,,zoom_point,READ
,20.108,,,Obfuscated,,,,,c,,7.998,,,zoom_point,READ
,20.106,,,Obfuscated,,,,,c,,8.0,,,zoom_point,READ
,20.098,,,Obfuscated,,,,,c,,8.001,,,zoom_point,READ
,20.106,,,Obfuscated,,,,,c,,8.0,,,zoom_point,READ
,20.102,,,Obfuscated,,,,,c,,8.011,,,zoom_point,READ
,20.082,,,Obfuscated,,,,,c,,8.029,,,zoom_point,READ
,20.097,,,Obfuscated,,,,,c,,8.027,,,zoom_point,READ
,20.092,,,Obfuscated,,,,,c,,8.001,,,zoom_point,READ
,20.081,,,Obfuscated,,,,,c,,8.024,,,zoom_point,READ
,20.109,,,Obfuscated,,,,,c,,7.999,,,zoom_point,READ
,20.081,,,Obfuscated,,,,,c,,8.022,,,zoom_point,READ
,20.082,,,Obfuscated,,,,,c,,8.026,,,zoom_point,READ
,20.104,,,Obfuscated,,,,,c,,8.001,,,zoom_point,READ
,20.081,,,Obfuscated,,,,,c,,8.028,,,zoom_point,READ
,20.104,,,Obfuscated,,,,,c,,8.008,,,zoom_point,READ
,20.109,,,Obfuscated,,,,,c,,8.001,,,zoom_point,READ
,20.112,,,Obfuscated,,,,,c,,7.989,,,zoom_point,READ
,20.097,,,Obfuscated,,,,,c,,8.023,,,zoom_point,READ
,20.093,,,Obfuscated,,,,,c,,8.013,,,zoom_point,READ
,20.082,,,Obfuscated,,,,,c,,8.024,,,zoom_point,READ
,20.105,,,Obfuscated,,,,,c,,7.999,,,zoom_point,READ
,20.093,,,Obfuscated,,,,,c,,7.948,,,zoom_point,READ
,20.108,,,Obfuscated,,,,,c,,7.996,,,zoom_point,READ
,20.082,,,Obfuscated,,,,,c,,8.023,,,zoom_point,READ
,20.105,,,Obfuscated,,,,,c,,8.008,,,zoom_point,READ
,20.108,,,Obfuscated,,,,,c,,7.99,,,zoom_point,READ
,20.103,,,Obfuscated,,,,,c,,7.999,,,zoom_point,READ
,20.106,,,Obfuscated,,,,,c,,7.996,,,zoom_point,READ
,20.096,,,Obfuscated,,,,,c,,8.014,,,zoom_point,READ
,20.1,,,Obfuscated,,,,,c,,8.006,,,zoom_point,READ
,20.081,,,Obfuscated,,,,,c,,8.028,,,zoom_point,READ
,20.108,,,Obfuscated,,,,,c,,8.004,,,zoom_point,READ
,20.117,,,Obfuscated,,,,,c,,7.995,,,zoom_point,READ
,20.105,,,Obfuscated,,,,,c,,8.001,,,zoom_point,READ
,20.104,,,Obfuscated,,,,,c,,8.007,,,zoom_point,READ
,20.11,,,Obfuscated,,,,,c,,8.001,,,zoom_point,READ
,20.098,,,Obfuscated,,,,,c,,8.008,,,zoom_point,READ
,20.106,,,Obfuscated,,,,,c,,8.001,,,zoom_point,READ
,20.084,,,Obfuscated,,,,,c,,8.039,,,zoom_point,READ
,20.081,,,Obfuscated,,,,,c,,8.03,,,zoom_point,READ
,20.105,,,Obfuscated,,,,,c,,8.0,,,zoom_point,READ
,20.096,,,Obfuscated,,,,,c,,8.01,,,zoom_point,READ
,20.108,,,Obfuscated,,,,,c,,8.005,,,zoom_point,READ
,20.102,,,Obfuscated,,,,,c,,8.0,,,zoom_point,READ
,20.081,,,Obfuscated,,,,,c,,8.031,,,zoom_point,READ
,20.111,,,Obfuscated,,,,,c,,7.993,,,zoom_point,READ
,20.039,,,Obfuscated,,,,,c,,8.067,,,zoom_point,READ
,20.105,,,Obfuscated,,,,,c,,8.004,,,zoom_point,READ
,20.092,,,Obfuscated,,,,,c,,8.002,,,zoom_point,READ
,20.107,,,Obfuscated,,,,,c,,7.998,,,zoom_point,READ
,20.082,,,Obfuscated,,,,,c,,8.036,,,zoom_point,READ
,20.094,,,Obfuscated,,,,,c,,8.02,,,zoom_point,READ
,20.082,,,Obfuscated,,,,,c,,8.027,,,zoom_point,READ
,20.103,,,Obfuscated,,,,,c,,7.99,,,zoom_point,READ
,20.109,,,Obfuscated,,,,,c,,7.999,,,zoom_point,READ
,20.082,,,Obfuscated,,,,,c,,8.03,,,zoom_point,READ
,20.11,,,Obfuscated,,,,,c,,8.006,,,zoom_point,READ
,20.099,,,Obfuscated,,,,,c,,8.001,,,zoom_point,READ
,20.092,,,Obfuscated,,,,,c,,8.002,,,zoom_point,READ
,20.113,,,Obfuscated,,,,,c,,7.999,,,zoom_point,READ
,20.08,,,Obfuscated,,,,,c,,8.003,,,zoom_point,READ
,20.082,,,Obfuscated,,,,,c,,8.025,,,zoom_point,READ
,20.105,,,Obfuscated,,,,,c,,7.985,,,zoom_point,READ
,20.094,,,Obfuscated,,,,,c,,7.996,,,zoom_point,READ
,20.101,,,Obfuscated,,,,,c,,8.005,,,zoom_point,READ
,20.109,,,Obfuscated,,,,,c,,7.993,,,zoom_point,READ
,20.113,,,Obfuscated,,,,,c,,7.996,,,zoom_point,READ
,20.108,,,Obfuscated,,,,,c,,7.996,,,zoom_point,READ
,20.107,,,Obfuscated,,,,,c,,7.999,,,zoom_point,READ
,20.102,,,Obfuscated,,,,,c,,8.006,,,zoom_point,READ
,20.114,,,Obfuscated,,,,,c,,7.997,,,zoom_point,READ
,20.112,,,Obfuscated,,,,,c,,8.0,,,zoom_point,READ
,20.107,,,Obfuscated,,,,,c,,7.995,,,zoom_point,READ
,20.095,,,Obfuscated,,,,,c,,8.002,,,zoom_point,READ
,20.112,,,Obfuscated,,,,,c,,8.004,,,zoom_point,READ
,20.104,,,Obfuscated,,,,,c,,8.007,,,zoom_point,READ
,20.111,,,Obfuscated,,,,,c,,8.0,,,zoom_point,READ
,20.11,,,Obfuscated,,,,,c,,8.003,,,zoom_point,READ
,20.088,,,Obfuscated,,,,,c,,8.021,,,zoom_point,READ
,20.092,,,Obfuscated,,,,,c,,8.022,,,zoom_point,READ
,20.09,,,Obfuscated,,,,,c,,8.017,,,zoom_point,READ
,20.11,,,Obfuscated,,,,,c,,7.997,,,zoom_point,READ
,20.095,,,Obfuscated,,,,,c,,8.01,,,zoom_point,READ
,20.082,,,Obfuscated,,,,,c,,8.008,,,zoom_point,READ
,20.039,,,Obfuscated,,,,,c,,8.002,,,zoom_point,READ
,20.106,,,Obfuscated,,,,,c,,7.999,,,zoom_point,READ
,20.109,,,Obfuscated,,,,,c,,8.0,,,zoom_point,READ
,20.094,,,Obfuscated,,,,,c,,8.018,,,zoom_point,READ
,20.113,,,Obfuscated,,,,,c,,8.004,,,zoom_point,READ
,20.095,,,Obfuscated,,,,,c,,8.016,,,zoom_point,READ
,20.106,,,Obfuscated,,,,,c,,8.005,,,zoom_point,READ
,20.107,,,Obfuscated,,,,,c,,7.999,,,zoom_point,READ
,20.091,,,Obfuscated,,,,,c,,8.012,,,zoom_point,READ
,20.09,,,Obfuscated,,,,,c,,8.026,,,zoom_point,READ
,20.118,,,Obfuscated,,,,,c,,7.997,,,zoom_point,READ
,20.106,,,Obfuscated,,,,,c,,8.005,,,zoom_point,READ
,20.088,,,Obfuscated,,,,,c,,8.02,,,zoom_point,READ
,20.082,,,Obfuscated,,,,,c,,8.024,,,zoom_point,READ
,20.105,,,Obfuscated,,,,,c,,8.0,,,zoom_point,READ
,20.117,,,Obfuscated,,,,,c,,7.996,,,zoom_point,READ
,20.105,,,Obfuscated,,,,,c,,8.0,,,zoom_point,READ
,20.081,,,Obfuscated,,,,,c,,8.017,,,zoom_point,READ
,20.101,,,Obfuscated,,,,,c,,8.004,,,zoom_point,READ
,20.081,,,Obfuscated,,,,,c,,8.024,,,zoom_point,READ
,20.087,,,Obfuscated,,,,,c,,8.009,,,zoom_point,READ
,20.111,,,Obfuscated,,,,,c,,7.999,,,zoom_point,READ
,20.081,,,Obfuscated,,,,,c,,8.024,,,zoom_point,READ
,20.081,,,Obfuscated,,,,,c,,8.013,,,zoom_point,READ
,20.082,,,Obfuscated,,,,,c,,8.028,,,zoom_point,READ
,20.081,,,Obfuscated,,,,,c,,8.024,,,zoom_point,READ
,20.081,,,Obfuscated,,,,,c,,8.012,,,zoom_point,READ
,20.081,,,Obfuscated,,,,,c,,8.024,,,zoom_point,READ
,20.106,,,Obfuscated,,,,,c,,7.992,,,zoom_point,READ
,20.081,,,Obfuscated,,,,,c,,8.029,,,zoom_point,READ
,20.082,,,Obfuscated,,,,,c,,8.028,,,zoom_point,READ
,20.09,,,Obfuscated,,,,,c,,8.018,,,zoom_point,READ
,20.109,,,Obfuscated,,,,,c,,7.997,,,zoom_point,READ
,20.108,,,Obfuscated,,,,,c,,7.998,,,zoom_point,READ
,20.105,,,Obfuscated,,,,,c,,8.004,,,zoom_point,READ
,20.082,,,Obfuscated,,,,,c,,8.023,,,zoom_point,READ
,20.088,,,Obfuscated,,,,,c,,8.029,,,zoom_point,READ
,20.088,,,Obfuscated,,,,,c,,8.025,,,zoom_point,READ
,20.111,,,Obfuscated,,,,,c,,8.001,,,zoom_point,READ
,20.09,,,Obfuscated,,,,,c,,8.025,,,zoom_point,READ
,20.093,,,Obfuscated,,,,,c,,7.989,,,zoom_point,READ
,20.113,,,Obfuscated,,,,,c,,7.994,,,zoom_point,READ
,20.082,,,Obfuscated,,,,,c,,8.027,,,zoom_point,READ
,20.088,,,Obfuscated,,,,,c,,8.02,,,zoom_point,READ
,20.038,,,Obfuscated,,,,,c,,7.999,,,zoom_point,READ
,20.093,,,Obfuscated,,,,,c,,8.011,,,zoom_point,READ
,20.114,,,Obfuscated,,,,,c,,7.99,,,zoom_point,READ
,20.106,,,Obfuscated,,,,,c,,8.006,,,zoom_point,READ
,20.082,,,Obfuscated,,,,,c,,8.031,,,zoom_point,READ
,20.094,,,Obfuscated,,,,,c,,7.942,,,zoom_point,READ
,20.088,,,Obfuscated,,,,,c,,8.032,,,zoom_point,READ
,20.114,,,Obfuscated,,,,,c,,7.995,,,zoom_point,READ
,20.104,,,Obfuscated,,,,,c,,8.006,,,zoom_point,READ
,20.088,,,Obfuscated,,,,,c,,8.023,,,zoom_point,READ
,20.111,,,Obfuscated,,,,,c,,7.999,,,zoom_point,READ
,20.081,,,Obfuscated,,,,,c,,8.035,,,zoom_point,READ
,20.107,,,Obfuscated,,,,,c,,8.012,,,zoom_point,READ
,20.105,,,Obfuscated,,,,,c,,7.998,,,zoom_point,READ
,20.094,,,Obfuscated,,,,,c,,8.015,,,zoom_point,READ
,20.107,,,Obfuscated,,,,,c,,8.002,,,zoom_point,READ
,20.095,,,Obfuscated,,,,,c,,8.022,,,zoom_point,READ
,20.088,,,Obfuscated,,,,,c,,8.019,,,zoom_point,READ
,20.105,,,Obfuscated,,,,,c,,8.008,,,zoom_point,READ
,20.088,,,Obfuscated,,,,,c,,8.025,,,zoom_point,READ
,20.09,,,Obfuscated,,,,,c,,8.019,,,zoom_point,READ
,20.095,,,Obfuscated,,,,,c,,7.994,,,zoom_point,READ
,20.11,,,Obfuscated,,,,,c,,8.003,,,zoom_point,READ
,20.046,,,Obfuscated,,,,,c,,7.988,,,zoom_point,READ
,20.104,,,Obfuscated,,,,,c,,7.979,,,zoom_point,READ
,20.088,,,Obfuscated,,,,,c,,8.023,,,zoom_point,READ
,20.109,,,Obfuscated,,,,,c,,7.997,,,zoom_point,READ
,20.088,,,Obfuscated,,,,,c,,8.023,,,zoom_point,READ
,20.083,,,Obfuscated,,,,,c,,8.026,,,zoom_point,READ
,20.087,,,Obfuscated,,,,,c,,8.03,,,zoom_point,READ
,20.102,,,Obfuscated,,,,,c,,8.001,,,zoom_point,READ
,20.089,,,Obfuscated,,,,,c,,8.017,,,zoom_point,READ
,20.083,,,Obfuscated,,,,,c,,8.002,,,zoom_point,READ
,20.107,,,Obfuscated,,,,,c,,7.999,,,zoom_point,READ
,20.083,,,Obfuscated,,,,,c,,8.026,,,zoom_point,READ
,20.103,,,Obfuscated,,,,,c,,8.008,,,zoom_point,READ
,20.107,,,Obfuscated,,,,,c,,8.001,,,zoom_point,READ
,20.082,,,Obfuscated,,,,,c,,8.028,,,zoom_point,READ
,20.106,,,Obfuscated,,,,,c,,8.0,,,zoom_point,READ
,20.106,,,Obfuscated,,,,,c,,7.999,,,zoom_point,READ
,20.09,,,Obfuscated,,,,,c,,8.009,,,zoom_point,READ
,20.102,,,Obfuscated,,,,,c,,8.006,,,zoom_point,READ
,20.106,,,Obfuscated,,,,,c,,7.999,,,zoom_point,READ
,20.095,,,Obfuscated,,,,,c,,7.992,,,zoom_point,READ
,20.106,,,Obfuscated,,,,,c,,8.001,,,zoom_point,READ
,20.102,,,Obfuscated,,,,,c,,8.004,,,zoom_point,READ
,20.082,,,Obfuscated,,,,,c,,8.029,,,zoom_point,READ
,20.106,,,Obfuscated,,,,,c,,8.0,,,zoom_point,READ
,20.107,,,Obfuscated,,,,,c,,8.009,,,zoom_point,READ
,20.107,,,Obfuscated,,,,,c,,8.001,,,zoom_point,READ
,20.111,,,Obfuscated,,,,,c,,7.996,,,zoom_point,READ
,20.111,,,Obfuscated,,,,,c,,7.993,,,zoom_point,READ
,20.114,,,Obfuscated,,,,,c,,7.998,,,zoom_point,READ
,20.104,,,Obfuscated,,,,,c,,7.99,,,zoom_point,READ
,20.11,,,Obfuscated,,,,,c,,8.0,,,zoom_point,READ
,20.084,,,Obfuscated,,,,,c,,8.025,,,zoom_point,READ
,20.107,,,Obfuscated,,,,,c,,8.003,,,zoom_point,READ
,20.087,,,Obfuscated,,,,,c,,8.028,,,zoom_point,READ
,20.087,,,Obfuscated,,,,,c,,8.024,,,zoom_point,READ
,20.092,,,Obfuscated,,,,,c,,8.01,,,zoom_point,READ
,20.105,,,Obfuscated,,,,,c,,8.005,,,zoom_point,READ
,20.101,,,Obfuscated,,,,,c,,8.003,,,zoom_point,READ
,20.105,,,Obfuscated,,,,,c,,8.005,,,zoom_point,READ
,20.104,,,Obfuscated,,,,,c,,7.994,,,zoom_point,READ
,20.091,,,Obfuscated,,,,,c,,8.016,,,zoom_point,READ
,20.109,,,Obfuscated,,,,,c,,7.988,,,zoom_point,READ
,20.109,,,Obfuscated,,,,,c,,7.999,,,zoom_point,READ
,20.1,,,Obfuscated,,,,,c,,8.011,,,zoom_point,READ
,20.091,,,Obfuscated,,,,,c,,8.0,,,zoom_point,READ
,20.041,,,Obfuscated,,,,,c,,8.04,,,zoom_point,READ
,20.11,,,Obfuscated,,,,,c,,7.996,,,zoom_point,READ
,20.089,,,Obfuscated,,,,,c,,7.957,,,zoom_point,READ
,20.081,,,Obfuscated,,,,,c,,8.025,,,zoom_point,READ
,20.101,,,Obfuscated,,,,,c,,8.006,,,zoom_point,READ
,20.08,,,Obfuscated,,,,,c,,7.953,,,zoom_point,READ
,20.082,,,Obfuscated,,,,,c,,8.026,,,zoom_point,READ
,20.106,,,Obfuscated,,,,,c,,7.999,,,zoom_point,READ
,20.106,,,Obfuscated,,,,,c,,8.002,,,zoom_point,READ
,20.082,,,Obfuscated,,,,,c,,8.025,,,zoom_point,READ
,20.087,,,Obfuscated,,,,,c,,8.016,,,zoom_point,READ
,20.093,,,Obfuscated,,,,,c,,8.001,,,zoom_point,READ
,20.082,,,Obfuscated,,,,,c,,8.024,,,zoom_point,READ
,20.083,,,Obfuscated,,,,,c,,8.023,,,zoom_point,READ
,20.082,,,Obfuscated,,,,,c,,8.019,,,zoom_point,READ
,20.12,,,Obfuscated,,,,,c,,7.989,,,zoom_point,READ
,20.101,,,Obfuscated,,,,,c,,8.003,,,zoom_point,READ
,20.104,,,Obfuscated,,,,,c,,8.0,,,zoom_point,READ
,20.113,,,Obfuscated,,,,,c,,7.992,,,zoom_point,READ
,20.083,,,Obfuscated,,,,,c,,8.016,,,zoom_point,READ
,20.088,,,Obfuscated,,,,,c,,8.015,,,zoom_point,READ
,20.107,,,Obfuscated,,,,,c,,7.998,,,zoom_point,READ
,20.085,,,Obfuscated,,,,,c,,8.02,,,zoom_point,READ
,20.106,,,Obfuscated,,,,,c,,8.003,,,zoom_point,READ
,20.109,,,Obfuscated,,,,,c,,7.997,,,zoom_point,READ
,20.112,,,Obfuscated,,,,,c,,8.0,,,zoom_point,READ
,20.106,,,Obfuscated,,,,,c,,8.0,,,zoom_point,READ
,20.112,,,Obfuscated,,,,,c,,7.998,,,zoom_point,READ
,20.082,,,Obfuscated,,,,,c,,8.024,,,zoom_point,READ
,20.082,,,Obfuscated,,,,,c,,8.024,,,zoom_point,READ
,20.101,,,Obfuscated,,,,,c,,8.004,,,zoom_point,READ
,20.113,,,Obfuscated,,,,,c,,7.999,,,zoom_point,READ
,20.037,,,Obfuscated,,,,,c,,8.001,,,zoom_point,READ
,20.088,,,Obfuscated,,,,,c,,7.992,,,zoom_point,READ
,20.103,,,Obfuscated,,,,,c,,8.006,,,zoom_point,READ
,20.108,,,Obfuscated,,,,,c,,8.006,,,zoom_point,READ
,20.084,,,Obfuscated,,,,,c,,8.031,,,zoom_point,READ
,20.103,,,Obfuscated,,,,,c,,8.002,,,zoom_point,READ
,20.091,,,Obfuscated,,,,,c,,8.011,,,zoom_point,READ
,20.081,,,Obfuscated,,,,,c,,8.015,,,zoom_point,READ
,20.081,,,Obfuscated,,,,,c,,8.029,,,zoom_point,READ
,20.106,,,Obfuscated,,,,,c,,8.003,,,zoom_point,READ
,20.111,,,Obfuscated,,,,,c,,8.002,,,zoom_point,READ
,20.104,,,Obfuscated,,,,,c,,8.001,,,zoom_point,READ
,20.037,,,Obfuscated,,,,,c,,8.01,,,zoom_point,READ
,20.082,,,Obfuscated,,,,,c,,8.031,,,zoom_point,READ
,20.081,,,Obfuscated,,,,,c,,8.028,,,zoom_point,READ
,20.082,,,Obfuscated,,,,,c,,8.032,,,zoom_point,READ
,20.123,,,Obfuscated,,,,,c,,7.985,,,zoom_point,READ
,20.108,,,Obfuscated,,,,,c,,7.985,,,zoom_point,READ
,20.081,,,Obfuscated,,,,,c,,8.025,,,zoom_point,READ
,20.086,,,Obfuscated,,,,,c,,8.024,,,zoom_point,READ
,20.083,,,Obfuscated,,,,,c,,8.025,,,zoom_point,READ
,20.104,,,Obfuscated,,,,,c,,8.005,,,zoom_point,READ
,20.105,,,Obfuscated,,,,,c,,8.0,,,zoom_point,READ
,20.081,,,Obfuscated,,,,,c,,8.024,,,zoom_point,READ
,20.088,,,Obfuscated,,,,,c,,8.022,,,zoom_point,READ
,20.104,,,Obfuscated,,,,,c,,8.002,,,zoom_point,READ
,20.112,,,Obfuscated,,,,,c,,7.993,,,zoom_point,READ
,20.09,,,Obfuscated,,,,,c,,8.019,,,zoom_point,READ
,20.088,,,Obfuscated,,,,,c,,8.018,,,zoom_point,READ
,20.083,,,Obfuscated,,,,,c,,7.957,,,zoom_point,READ
,20.087,,,Obfuscated,,,,,c,,8.019,,,zoom_point,READ
,20.087,,,Obfuscated,,,,,c,,8.023,,,zoom_point,READ
,20.091,,,Obfuscated,,,,,c,,8.013,,,zoom_point,READ
,20.1,,,Obfuscated,,,,,c,,8.011,,,zoom_point,READ
,20.096,,,Obfuscated,,,,,c,,8.01,,,zoom_point,READ
,20.116,,,Obfuscated,,,,,c,,7.99,,,zoom_point,READ
,20.086,,,Obfuscated,,,,,c,,8.02,,,zoom_point,READ
,20.106,,,Obfuscated,,,,,c,,8.005,,,zoom_point,READ
,20.087,,,Obfuscated,,,,,c,,8.017,,,zoom_point,READ
,20.106,,,Obfuscated,,,,,c,,8.004,,,zoom_point,READ
,20.104,,,Obfuscated,,,,,c,,8.004,,,zoom_point,READ
,20.113,,,Obfuscated,,,,,c,,7.999,,,zoom_point,READ
,20.082,,,Obfuscated,,,,,c,,7.954,,,zoom_point,READ
,20.082,,,Obfuscated,,,,,c,,8.024,,,zoom_point,READ
,20.105,,,Obfuscated,,,,,c,,8.001,,,zoom_point,READ
,20.042,,,Obfuscated,,,,,c,,7.996,,,zoom_point,READ
,20.107,,,Obfuscated,,,,,c,,8.001,,,zoom_point,READ
,20.116,,,Obfuscated,,,,,c,,7.989,,,zoom_point,READ
,20.095,,,Obfuscated,,,,,c,,7.999,,,zoom_point,READ
,20.106,,,Obfuscated,,,,,c,,7.998,,,zoom_point,READ
,20.11,,,Obfuscated,,,,,c,,8.001,,,zoom_point,READ
,20.037,,,Obfuscated,,,,,c,,8.043,,,zoom_point,READ
,20.081,,,Obfuscated,,,,,c,,8.025,,,zoom_point,READ
,20.11,,,Obfuscated,,,,,c,,8.001,,,zoom_point,READ
,20.105,,,Obfuscated,,,,,c,,8.001,,,zoom_point,READ
,20.104,,,Obfuscated,,,,,c,,7.999,,,zoom_point,READ
,20.088,,,Obfuscated,,,,,c,,8.023,,,zoom_point,READ
,20.113,,,Obfuscated,,,,,c,,7.994,,,zoom_point,READ
,20.092,,,Obfuscated,,,,,c,,8.018,,,zoom_point,READ
,20.089,,,Obfuscated,,,,,c,,8.003,,,zoom_point,READ
,20.102,,,Obfuscated,,,,,c,,8.004,,,zoom_point,READ
,20.11,,,Obfuscated,,,,,c,,8.001,,,zoom_point,READ
,20.092,,,Obfuscated,,,,,c,,8.016,,,zoom_point,READ
,20.111,,,Obfuscated,,,,,c,,7.999,,,zoom_point,READ
,20.084,,,Obfuscated,,,,,c,,8.033,,,zoom_point,READ
,20.041,,,Obfuscated,,,,,c,,7.996,,,zoom_point,READ
,20.088,,,Obfuscated,,,,,c,,8.019,,,zoom_point,READ
,20.088,,,Obfuscated,,,,,c,,8.02,,,zoom_point,READ
,20.104,,,Obfuscated,,,,,c,,8.006,,,zoom_point,READ
,20.11,,,Obfuscated,,,,,c,,8.002,,,zoom_point,READ
,20.108,,,Obfuscated,,,,,c,,8.004,,,zoom_point,READ
,20.086,,,Obfuscated,,,,,c,,8.0,,,zoom_point,READ
,20.09,,,Obfuscated,,,,,c,,8.023,,,zoom_point,READ
,20.106,,,Obfuscated,,,,,c,,8.0,,,zoom_point,READ
,20.104,,,Obfuscated,,,,,c,,8.005,,,zoom_point,READ
,20.093,,,Obfuscated,,,,,c,,8.019,,,zoom_point,READ
,20.088,,,Obfuscated,,,,,c,,8.018,,,zoom_point,READ
,20.105,,,Obfuscated,,,,,c,,8.001,,,zoom_point,READ
,20.1,,,Obfuscated,,,,,c,,8.017,,,zoom_point,READ
,20.11,,,Obfuscated,,,,,c,,8.003,,,zoom_point,READ
,20.109,,,Obfuscated,,,,,c,,7.996,,,zoom_point,READ
,20.087,,,Obfuscated,,,,,c,,8.023,,,zoom_point,READ
,20.1,,,Obfuscated,,,,,c,,8.011,,,zoom_point,READ
,20.087,,,Obfuscated,,,,,c,,8.025,,,zoom_point,READ
,20.112,,,Obfuscated,,,,,c,,8.003,,,zoom_point,READ
,20.105,,,Obfuscated,,,,,c,,8.005,,,zoom_point,READ
,20.099,,,Obfuscated,,,,,c,,8.009,,,zoom_point,READ
,20.105,,,Obfuscated,,,,,c,,8.006,,,zoom_point,READ
,20.11,,,Obfuscated,,,,,c,,8.004,,,zoom_point,READ
,20.105,,,Obfuscated,,,,,c,,8.017,,,zoom_point,READ
,20.086,,,Obfuscated,,,,,c,,8.017,,,zoom_point,READ
,20.114,,,Obfuscated,,,,,c,,8.001,,,zoom_point,READ
,20.112,,,Obfuscated,,,,,c,,7.978,,,zoom_point,READ
,20.111,,,Obfuscated,,,,,c,,7.996,,,zoom_point,READ
,20.101,,,Obfuscated,,,,,c,,8.014,,,zoom_point,READ
,20.109,,,Obfuscated,,,,,c,,8.008,,,zoom_point,READ
,20.104,,,Obfuscated,,,,,c,,7.998,,,zoom_point,READ
,20.108,,,Obfuscated,,,,,c,,8.04,,,zoom_point,READ
,20.115,,,Obfuscated,,,,,c,,7.996,,,zoom_point,READ
,20.085,,,Obfuscated,,,,,c,,8.021,,,zoom_point,READ
,20.037,,,Obfuscated,,,,,c,,8.069,,,zoom_point,READ
,20.102,,,Obfuscated,,,,,c,,8.004,,,zoom_point,READ
,20.109,,,Obfuscated,,,,,c,,7.999,,,zoom_point,READ
,20.109,,,Obfuscated,,,,,c,,8.03,,,zoom_point,READ
,20.083,,,Obfuscated,,,,,c,,8.029,,,zoom_point,READ
,20.082,,,Obfuscated,,,,,c,,8.036,,,zoom_point,READ
,20.083,,,Obfuscated,,,,,c,,8.03,,,zoom_point,READ
,20.107,,,Obfuscated,,,,,c,,7.979,,,zoom_point,READ
,20.039,,,Obfuscated,,,,,c,,7.997,,,zoom_point,READ
,20.082,,,Obfuscated,,,,,c,,8.026,,,zoom_point,READ
,20.108,,,Obfuscated,,,,,c,,7.997,,,zoom_point,READ
,20.106,,,Obfuscated,,,,,c,,8.015,,,zoom_point,READ
,20.111,,,Obfuscated,,,,,c,,7.999,,,zoom_point,READ
,20.093,,,Obfuscated,,,,,c,,7.999,,,zoom_point,READ
,20.09,,,Obfuscated,,,,,c,,8.023,,,zoom_point,READ
,20.091,,,Obfuscated,,,,,c,,7.992,,,zoom_point,READ
,20.106,,,Obfuscated,,,,,c,,8.001,,,zoom_point,READ
,20.096,,,Obfuscated,,,,,c,,8.015,,,zoom_point,READ
,20.097,,,Obfuscated,,,,,c,,8.014,,,zoom_point,READ
,20.106,,,Obfuscated,,,,,c,,7.998,,,zoom_point,READ
,20.096,,,Obfuscated,,,,,c,,8.006,,,zoom_point,READ
,20.109,,,Obfuscated,,,,,c,,8.001,,,zoom_point,READ
,20.109,,,Obfuscated,,,,,c,,7.998,,,zoom_point,READ
,20.083,,,Obfuscated,,,,,c,,8.023,,,zoom_point,READ
,20.098,,,Obfuscated,,,,,c,,8.016,,,zoom_point,READ
,20.082,,,Obfuscated,,,,,c,,8.024,,,zoom_point,READ
,20.107,,,Obfuscated,,,,,c,,7.998,,,zoom_point,READ
,20.112,,,Obfuscated,,,,,c,,7.998,,,zoom_point,READ
,20.112,,,Obfuscated,,,,,c,,7.997,,,zoom_point,READ
,20.083,,,Obfuscated,,,,,c,,8.023,,,zoom_point,READ
,20.106,,,Obfuscated,,,,,c,,8.006,,,zoom_point,READ
,20.082,,,Obfuscated,,,,,c,,8.012,,,zoom_point,READ
,20.11,,,Obfuscated,,,,,c,,8.003,,,zoom_point,READ
,20.081,,,Obfuscated,,,,,c,,8.024,,,zoom_point,READ
,20.091,,,Obfuscated,,,,,c,,8.007,,,zoom_point,READ
,20.082,,,Obfuscated,,,,,c,,8.023,,,zoom_point,READ
,20.083,,,Obfuscated,,,,,c,,8.026,,,zoom_point,READ
,20.108,,,Obfuscated,,,,,c,,8.001,,,zoom_point,READ
,20.081,,,Obfuscated,,,,,c,,8.0,,,zoom_point,READ
,20.087,,,Obfuscated,,,,,c,,8.026,,,zoom_point,READ
,20.1,,,Obfuscated,,,,,c,,8.004,,,zoom_point,READ
,20.091,,,Obfuscated,,,,,c,,8.022,,,zoom_point,READ
,20.095,,,Obfuscated,,,,,c,,8.022,,,zoom_point,READ
,20.037,,,Obfuscated,,,,,c,,8.072,,,zoom_point,READ
,20.136,,,Obfuscated,,,,,c,,7.977,,,zoom_point,READ
,20.037,,,Obfuscated,,,,,c,,8.072,,,zoom_point,READ
,20.106,,,Obfuscated,,,,,c,,8.004,,,zoom_point,READ
,20.081,,,Obfuscated,,,,,c,,8.024,,,zoom_point,READ
,20.081,,,Obfuscated,,,,,c,,8.022,,,zoom_point,READ
,20.088,,,Obfuscated,,,,,c,,8.02,,,zoom_point,READ
,20.103,,,Obfuscated,,,,,c,,8.003,,,zoom_point,READ
,20.081,,,Obfuscated,,,,,c,,8.024,,,zoom_point,READ
,20.11,,,Obfuscated,,,,,c,,8.005,,,zoom_point,READ
,20.082,,,Obfuscated,,,,,c,,8.028,,,zoom_point,READ
,20.088,,,Obfuscated,,,,,c,,8.019,,,zoom_point,READ
,20.105,,,Obfuscated,,,,,c,,7.985,,,zoom_point,READ
,20.083,,,Obfuscated,,,,,c,,8.022,,,zoom_point,READ
,20.11,,,Obfuscated,,,,,c,,7.998,,,zoom_point,READ
,20.084,,,Obfuscated,,,,,c,,8.012,,,zoom_point,READ
,20.106,,,Obfuscated,,,,,c,,8.025,,,zoom_point,READ
,20.108,,,Obfuscated,,,,,c,,8.003,,,zoom_point,READ
,20.096,,,Obfuscated,,,,,c,,8.014,,,zoom_point,READ
,20.093,,,Obfuscated,,,,,c,,8.001,,,zoom_point,READ
,20.109,,,Obfuscated,,,,,c,,8.001,,,zoom_point,READ
,20.088,,,Obfuscated,,,,,c,,8.033,,,zoom_point,READ
,20.087,,,Obfuscated,,,,,c,,8.021,,,zoom_point,READ
,20.088,,,Obfuscated,,,,,c,,8.019,,,zoom_point,READ
,20.095,,,Obfuscated,,,,,c,,8.0,,,zoom_point,READ
,20.11,,,Obfuscated,,,,,c,,7.997,,,zoom_point,READ
,20.118,,,Obfuscated,,,,,c,,7.995,,,zoom_point,READ
,20.106,,,Obfuscated,,,,,c,,8.003,,,zoom_point,READ
,20.097,,,Obfuscated,,,,,c,,8.005,,,zoom_point,READ
,20.108,,,Obfuscated,,,,,c,,8.005,,,zoom_point,READ
,20.109,,,Obfuscated,,,,,c,,7.979,,,zoom_point,READ
,20.106,,,Obfuscated,,,,,c,,7.991,,,zoom_point,READ
,20.11,,,Obfuscated,,,,,c,,7.999,,,zoom_point,READ
,20.08,,,Obfuscated,,,,,c,,8.024,,,zoom_point,READ
,20.101,,,Obfuscated,,,,,c,,7.996,,,zoom_point,READ
,20.083,,,Obfuscated,,,,,c,,8.022,,,zoom_point,READ
,20.083,,,Obfuscated,,,,,c,,8.03,,,zoom_point,READ
,20.111,,,Obfuscated,,,,,c,,7.996,,,zoom_point,READ
,20.087,,,Obfuscated,,,,,c,,8.028,,,zoom_point,READ
,20.105,,,Obfuscated,,,,,c,,8.004,,,zoom_point,READ
,20.105,,,Obfuscated,,,,,c,,8.008,,,zoom_point,READ
,20.082,,,Obfuscated,,,,,c,,8.028,,,zoom_point,READ
,20.046,,,Obfuscated,,,,,c,,7.998,,,zoom_point,READ
,20.112,,,Obfuscated,,,,,c,,7.998,,,zoom_point,READ
,20.105,,,Obfuscated,,,,,c,,8.002,,,zoom_point,READ
,20.107,,,Obfuscated,,,,,c,,8.01,,,zoom_point,READ
,20.094,,,Obfuscated,,,,,c,,8.013,,,zoom_point,READ
,20.111,,,Obfuscated,,,,,c,,8.002,,,zoom_point,READ
,20.105,,,Obfuscated,,,,,c,,8.007,,,zoom_point,READ
,20.082,,,Obfuscated,,,,,c,,8.02,,,zoom_point,READ
,20.042,,,Obfuscated,,,,,c,,7.998,,,zoom_point,READ
,20.102,,,Obfuscated,,,,,c,,8.012,,,zoom_point,READ
,20.104,,,Obfuscated,,,,,c,,8.007,,,zoom_point,READ
,20.094,,,Obfuscated,,,,,c,,8.011,,,zoom_point,READ
,20.104,,,Obfuscated,,,,,c,,7.98,,,zoom_point,READ
,20.083,,,Obfuscated,,,,,c,,7.998,,,zoom_point,READ
,20.081,,,Obfuscated,,,,,c,,8.032,,,zoom_point,READ
,20.038,,,Obfuscated,,,,,c,,7.997,,,zoom_point,READ
,20.111,,,Obfuscated,,,,,c,,7.997,,,zoom_point,READ
,20.105,,,Obfuscated,,,,,c,,8.0,,,zoom_point,READ
,20.081,,,Obfuscated,,,,,c,,7.96,,,zoom_point,READ
,20.086,,,Obfuscated,,,,,c,,7.948,,,zoom_point,READ
,20.039,,,Obfuscated,,,,,c,,8.049,,,zoom_point,READ
,20.11,,,Obfuscated,,,,,c,,8.006,,,zoom_point,READ
,20.097,,,Obfuscated,,,,,c,,8.001,,,zoom_point,READ
,20.106,,,Obfuscated,,,,,c,,8.004,,,zoom_point,READ
,20.081,,,Obfuscated,,,,,c,,8.032,,,zoom_point,READ
,20.105,,,Obfuscated,,,,,c,,7.995,,,zoom_point,READ
,20.109,,,Obfuscated,,,,,c,,7.997,,,zoom_point,READ
,20.089,,,Obfuscated,,,,,c,,8.023,,,zoom_point,READ
,20.085,,,Obfuscated,,,,,c,,8.022,,,zoom_point,READ
,20.099,,,Obfuscated,,,,,c,,8.008,,,zoom_point,READ
,20.036,,,Obfuscated,,,,,c,,8.051,,,zoom_point,READ
,20.093,,,Obfuscated,,,,,c,,8.017,,,zoom_point,READ
,20.099,,,Obfuscated,,,,,c,,8.004,,,zoom_point,READ
,20.087,,,Obfuscated,,,,,c,,8.027,,,zoom_point,READ
,20.082,,,Obfuscated,,,,,c,,8.023,,,zoom_point,READ
,20.083,,,Obfuscated,,,,,c,,8.003,,,zoom_point,READ
,20.082,,,Obfuscated,,,,,c,,8.025,,,zoom_point,READ
,20.11,,,Obfuscated,,,,,c,,8.004,,,zoom_point,READ
,20.108,,,Obfuscated,,,,,c,,8.002,,,zoom_point,READ
,20.108,,,Obfuscated,,,,,c,,8.007,,,zoom_point,READ
,20.11,,,Obfuscated,,,,,c,,8.003,,,zoom_point,READ
,20.109,,,Obfuscated,,,,,c,,7.982,,,zoom_point,READ
,20.108,,,Obfuscated,,,,,c,,7.997,,,zoom_point,READ
,20.108,,,Obfuscated,,,,,c,,7.996,,,zoom_point,READ
,20.109,,,Obfuscated,,,,,c,,8.003,,,zoom_point,READ
,20.109,,,Obfuscated,,,,,c,,7.984,,,zoom_point,READ
,20.105,,,Obfuscated,,,,,c,,8.001,,,zoom_point,READ
,20.101,,,Obfuscated,,,,,c,,8.004,,,zoom_point,READ
,20.106,,,Obfuscated,,,,,c,,8.006,,,zoom_point,READ
,20.105,,,Obfuscated,,,,,c,,8.001,,,zoom_point,READ
,20.131,,,Obfuscated,,,,,c,,7.978,,,zoom_point,READ
,20.082,,,Obfuscated,,,,,c,,8.027,,,zoom_point,READ
,20.104,,,Obfuscated,,,,,c,,8.002,,,zoom_point,READ
,20.109,,,Obfuscated,,,,,c,,7.997,,,zoom_point,READ
,20.097,,,Obfuscated,,,,,c,,7.984,,,zoom_point,READ
,20.11,,,Obfuscated,,,,,c,,8.009,,,zoom_point,READ
,20.101,,,Obfuscated,,,,,c,,8.012,,,zoom_point,READ
,20.111,,,Obfuscated,,,,,c,,7.999,,,zoom_point,READ
,20.082,,,Obfuscated,,,,,c,,8.026,,,zoom_point,READ
,20.104,,,Obfuscated,,,,,c,,7.998,,,zoom_point,READ
,20.082,,,Obfuscated,,,,,c,,8.029,,,zoom_point,READ
,20.101,,,Obfuscated,,,,,c,,8.002,,,zoom_point,READ
,20.043,,,Obfuscated,,,,,c,,7.999,,,zoom_point,READ
,20.088,,,Obfuscated,,,,,c,,8.022,,,zoom_point,READ
,20.088,,,Obfuscated,,,,,c,,7.994,,,zoom_point,READ
,20.114,,,Obfuscated,,,,,c,,8.0,,,zoom_point,READ
,20.082,,,Obfuscated,,,,,c,,8.022,,,zoom_point,READ
,20.113,,,Obfuscated,,,,,c,,7.995,,,zoom_point,READ
,20.102,,,Obfuscated,,,,,c,,8.005,,,zoom_point,READ
,20.106,,,Obfuscated,,,,,c,,8.001,,,zoom_point,READ
,20.11,,,Obfuscated,,,,,c,,7.994,,,zoom_point,READ
,20.045,,,Obfuscated,,,,,c,,8.041,,,zoom_point,READ
,20.081,,,Obfuscated,,,,,c,,8.029,,,zoom_point,READ
,20.091,,,Obfuscated,,,,,c,,8.007,,,zoom_point,READ
,20.105,,,Obfuscated,,,,,c,,7.996,,,zoom_point,READ
,20.114,,,Obfuscated,,,,,c,,7.991,,,zoom_point,READ
,20.082,,,Obfuscated,,,,,c,,8.029,,,zoom_point,READ
,20.114,,,Obfuscated,,,,,c,,7.996,,,zoom_point,READ
,20.081,,,Obfuscated,,,,,c,,8.029,,,zoom_point,READ
,20.081,,,Obfuscated,,,,,c,,8.028,,,zoom_point,READ
,20.099,,,Obfuscated,,,,,c,,7.996,,,zoom_point,READ
,20.107,,,Obfuscated,,,,,c,,8.002,,,zoom_point,READ
,20.101,,,Obfuscated,,,,,c,,8.005,,,zoom_point,READ
,20.11,,,Obfuscated,,,,,c,,8.004,,,zoom_point,READ
,20.109,,,Obfuscated,,,,,c,,8.0,,,zoom_point,READ
,20.081,,,Obfuscated,,,,,c,,8.025,,,zoom_point,READ
,20.09,,,Obfuscated,,,,,c,,8.02,,,zoom_point,READ
,20.114,,,Obfuscated,,,,,c,,7.997,,,zoom_point,READ
,20.098,,,Obfuscated,,,,,c,,8.007,,,zoom_point,READ
,20.082,,,Obfuscated,,,,,c,,8.024,,,zoom_point,READ
,20.106,,,Obfuscated,,,,,c,,7.991,,,zoom_point,READ
,20.102,,,Obfuscated,,,,,c,,8.002,,,zoom_point,READ
,20.112,,,Obfuscated,,,,,c,,8.02,,,zoom_point,READ
,20.09,,,Obfuscated,,,,,c,,8.022,,,zoom_point,READ
,20.109,,,Obfuscated,,,,,c,,8.022,,,zoom_point,READ
,20.105,,,Obfuscated,,,,,c,,8.006,,,zoom_point,READ
,20.081,,,Obfuscated,,,,,c,,8.024,,,zoom_point,READ
,20.11,,,Obfuscated,,,,,c,,8.007,,,zoom_point,READ
,20.11,,,Obfuscated,,,,,c,,7.999,,,zoom_point,READ
,20.111,,,Obfuscated,,,,,c,,7.999,,,zoom_point,READ
,20.096,,,Obfuscated,,,,,c,,8.01,,,zoom_point,READ
,20.105,,,Obfuscated,,,,,c,,8.0,,,zoom_point,READ
,20.109,,,Obfuscated,,,,,c,,7.999,,,zoom_point,READ
,20.109,,,Obfuscated,,,,,c,,7.997,,,zoom_point,READ
,20.107,,,Obfuscated,,,,,c,,8.0,,,zoom_point,READ
,20.101,,,Obfuscated,,,,,c,,8.0,,,zoom_point,READ
,20.081,,,Obfuscated,,,,,c,,8.027,,,zoom_point,READ
,20.083,,,Obfuscated,,,,,c,,8.021,,,zoom_point,READ
,20.108,,,Obfuscated,,,,,c,,8.003,,,zoom_point,READ
,20.103,,,Obfuscated,,,,,c,,8.002,,,zoom_point,READ
,20.09,,,Obfuscated,,,,,c,,8.026,,,zoom_point,READ
,20.108,,,Obfuscated,,,,,c,,8.006,,,zoom_point,READ
,20.104,,,Obfuscated,,,,,c,,8.003,,,zoom_point,READ
,20.104,,,Obfuscated,,,,,c,,8.002,,,zoom_point,READ
,20.1,,,Obfuscated,,,,,c,,8.005,,,zoom_point,READ
,20.109,,,Obfuscated,,,,,c,,8.006,,,zoom_point,READ
,20.081,,,Obfuscated,,,,,c,,8.024,,,zoom_point,READ
,20.109,,,Obfuscated,,,,,c,,7.999,,,zoom_point,READ
,20.103,,,Obfuscated,,,,,c,,8.021,,,zoom_point,READ
,20.103,,,Obfuscated,,,,,c,,8.002,,,zoom_point,READ
,20.089,,,Obfuscated,,,,,c,,8.001,,,zoom_point,READ
,20.08,,,Obfuscated,,,,,c,,8.024,,,zoom_point,READ
,20.118,,,Obfuscated,,,,,c,,7.977,,,zoom_point,READ
,20.112,,,Obfuscated,,,,,c,,7.998,,,zoom_point,READ
,20.089,,,Obfuscated,,,,,c,,8.005,,,zoom_point,READ
,20.086,,,Obfuscated,,,,,c,,8.026,,,zoom_point,READ
,20.086,,,Obfuscated,,,,,c,,7.955,,,zoom_point,READ
,20.106,,,Obfuscated,,,,,c,,7.999,,,zoom_point,READ
,20.108,,,Obfuscated,,,,,c,,7.997,,,zoom_point,READ
,20.091,,,Obfuscated,,,,,c,,8.015,,,zoom_point,READ
,20.112,,,Obfuscated,,,,,c,,7.999,,,zoom_point,READ
,20.106,,,Obfuscated,,,,,c,,8.013,,,zoom_point,READ
,20.103,,,Obfuscated,,,,,c,,7.995,,,zoom_point,READ
,20.11,,,Obfuscated,,,,,c,,8.0,,,zoom_point,READ
,20.106,,,Obfuscated,,,,,c,,7.999,,,zoom_point,READ
,20.082,,,Obfuscated,,,,,c,,8.023,,,zoom_point,READ
,20.081,,,Obfuscated,,,,,c,,8.023,,,zoom_point,READ
,20.107,,,Obfuscated,,,,,c,,7.998,,,zoom_point,READ
,20.082,,,Obfuscated,,,,,c,,8.022,,,zoom_point,READ
,20.081,,,Obfuscated,,,,,c,,8.01,,,zoom_point,READ
,20.082,,,Obfuscated,,,,,c,,8.017,,,zoom_point,READ
,20.106,,,Obfuscated,,,,,c,,7.998,,,zoom_point,READ
,20.082,,,Obfuscated,,,,,c,,7.998,,,zoom_point,READ
,20.081,,,Obfuscated,,,,,c,,8.026,,,zoom_point,READ
,20.094,,,Obfuscated,,,,,c,,8.032,,,zoom_point,READ
,20.105,,,Obfuscated,,,,,c,,8.002,,,zoom_point,READ
,20.082,,,Obfuscated,,,,,c,,8.025,,,zoom_point,READ
,20.089,,,Obfuscated,,,,,c,,8.017,,,zoom_point,READ
,20.109,,,Obfuscated,,,,,c,,7.996,,,zoom_point,READ
,20.081,,,Obfuscated,,,,,c,,8.034,,,zoom_point,READ
,20.102,,,Obfuscated,,,,,c,,8.003,,,zoom_point,READ
,20.108,,,Obfuscated,,,,,c,,7.996,,,zoom_point,READ
,20.082,,,Obfuscated,,,,,c,,8.024,,,zoom_point,READ
,20.11,,,Obfuscated,,,,,c,,7.993,,,zoom_point,READ
,20.118,,,Obfuscated,,,,,c,,8.008,,,zoom_point,READ
,20.108,,,Obfuscated,,,,,c,,7.994,,,zoom_point,READ
,20.082,,,Obfuscated,,,,,c,,8.025,,,zoom_point,READ
,20.106,,,Obfuscated,,,,,c,,7.993,,,zoom_point,READ
,20.037,,,Obfuscated,,,,,c,,8.068,,,zoom_point,READ
,20.114,,,Obfuscated,,,,,c,,7.999,,,zoom_point,READ
,20.106,,,Obfuscated,,,,,c,,7.998,,,zoom_point,READ
,20.106,,,Obfuscated,,,,,c,,8.004,,,zoom_point,READ
,20.109,,,Obfuscated,,,,,c,,8.016,,,zoom_point,READ
,20.108,,,Obfuscated,,,,,c,,8.002,,,zoom_point,READ
,20.116,,,Obfuscated,,,,,c,,7.991,,,zoom_point,READ
,20.108,,,Obfuscated,,,,,c,,8.002,,,zoom_point,READ
,20.088,,,Obfuscated,,,,,c,,8.022,,,zoom_point,READ
,20.106,,,Obfuscated,,,,,c,,8.004,,,zoom_point,READ
,20.089,,,Obfuscated,,,,,c,,8.028,,,zoom_point,READ
,20.088,,,Obfuscated,,,,,c,,8.018,,,zoom_point,READ
,20.106,,,Obfuscated,,,,,c,,8.004,,,zoom_point,READ
,20.087,,,Obfuscated,,,,,c,,8.024,,,zoom_point,READ
,20.108,,,Obfuscated,,,,,c,,8.004,,,zoom_point,READ
,20.089,,,Obfuscated,,,,,c,,8.017,,,zoom_point,READ
,20.088,,,Obfuscated,,,,,c,,8.023,,,zoom_point,READ
,20.115,,,Obfuscated,,,,,c,,7.99,,,zoom_point,READ
,20.082,,,Obfuscated,,,,,c,,8.028,,,zoom_point,READ
,20.11,,,Obfuscated,,,,,c,,7.971,,,zoom_point,READ
,20.089,,,Obfuscated,,,,,c,,8.029,,,zoom_point,READ
,20.106,,,Obfuscated,,,,,c,,8.0,,,zoom_point,READ
,20.081,,,Obfuscated,,,,,c,,8.023,,,zoom_point,READ
,20.111,,,Obfuscated,,,,,c,,7.987,,,zoom_point,READ
,20.104,,,Obfuscated,,,,,c,,8.002,,,zoom_point,READ
,20.111,,,Obfuscated,,,,,c,,7.995,,,zoom_point,READ
,20.037,,,Obfuscated,,,,,c,,8.073,,,zoom_point,READ
,20.102,,,Obfuscated,,,,,c,,8.006,,,zoom_point,READ
,20.083,,,Obfuscated,,,,,c,,8.021,,,zoom_point,READ
,20.082,,,Obfuscated,,,,,c,,8.029,,,zoom_point,READ
,20.106,,,Obfuscated,,,,,c,,8.003,,,zoom_point,READ
,20.111,,,Obfuscated,,,,,c,,7.999,,,zoom_point,READ
,20.105,,,Obfuscated,,,,,c,,8.008,,,zoom_point,READ
,20.111,,,Obfuscated,,,,,c,,7.998,,,zoom_point,READ
,20.081,,,Obfuscated,,,,,c,,8.025,,,zoom_point,READ
,20.081,,,Obfuscated,,,,,c,,8.028,,,zoom_point,READ
,20.099,,,Obfuscated,,,,,c,,8.006,,,zoom_point,READ
,20.106,,,Obfuscated,,,,,c,,8.003,,,zoom_point,READ
,20.113,,,Obfuscated,,,,,c,,7.985,,,zoom_point,READ
,20.107,,,Obfuscated,,,,,c,,8.008,,,zoom_point,READ
,20.088,,,Obfuscated,,,,,c,,8.003,,,zoom_point,READ
,20.088,,,Obfuscated,,,,,c,,8.027,,,zoom_point,READ
,20.091,,,Obfuscated,,,,,c,,8.014,,,zoom_point,READ
,20.114,,,Obfuscated,,,,,c,,7.995,,,zoom_point,READ
,20.094,,,Obfuscated,,,,,c,,8.018,,,zoom_point,READ
,20.089,,,Obfuscated,,,,,c,,8.009,,,zoom_point,READ
,20.106,,,Obfuscated,,,,,c,,8.006,,,zoom_point,READ
,20.118,,,Obfuscated,,,,,c,,7.998,,,zoom_point,READ
,20.105,,,Obfuscated,,,,,c,,8.003,,,zoom_point,READ
,20.11,,,Obfuscated,,,,,c,,7.998,,,zoom_point,READ
,20.112,,,Obfuscated,,,,,c,,7.999,,,zoom_point,READ
,20.09,,,Obfuscated,,,,,c,,8.014,,,zoom_point,READ
,20.109,,,Obfuscated,,,,,c,,8.019,,,zoom_point,READ
,20.091,,,Obfuscated,,,,,c,,8.022,,,zoom_point,READ
,20.111,,,Obfuscated,,,,,c,,7.997,,,zoom_point,READ
,20.082,,,Obfuscated,,,,,c,,8.024,,,zoom_point,READ
,20.081,,,Obfuscated,,,,,c,,8.03,,,zoom_point,READ
,20.082,,,Obfuscated,,,,,c,,8.031,,,zoom_point,READ
,20.104,,,Obfuscated,,,,,c,,8.007,,,zoom_point,READ
,20.111,,,Obfuscated,,,,,c,,7.992,,,zoom_point,READ
,20.092,,,Obfuscated,,,,,c,,8.001,,,zoom_point,READ
,20.082,,,Obfuscated,,,,,c,,8.031,,,zoom_point,READ
,20.106,,,Obfuscated,,,,,c,,8.006,,,zoom_point,READ
,20.037,,,Obfuscated,,,,,c,,8.073,,,zoom_point,READ
,20.11,,,Obfuscated,,,,,c,,8.002,,,zoom_point,READ
,20.107,,,Obfuscated,,,,,c,,7.998,,,zoom_point,READ
,20.1,,,Obfuscated,,,,,c,,8.006,,,zoom_point,READ
,20.1,,,Obfuscated,,,,,c,,8.009,,,zoom_point,READ
,20.106,,,Obfuscated,,,,,c,,8.001,,,zoom_point,READ
,20.082,,,Obfuscated,,,,,c,,8.028,,,zoom_point,READ
,20.104,,,Obfuscated,,,,,c,,8.011,,,zoom_point,READ
,20.116,,,Obfuscated,,,,,c,,7.994,,,zoom_point,READ
,20.101,,,Obfuscated,,,,,c,,8.012,,,zoom_point,READ
,20.103,,,Obfuscated,,,,,c,,7.997,,,zoom_point,READ
,20.082,,,Obfuscated,,,,,c,,8.025,,,zoom_point,READ
,20.088,,,Obfuscated,,,,,c,,8.018,,,zoom_point,READ
,20.109,,,Obfuscated,,,,,c,,8.0,,,zoom_point,READ
,20.046,,,Obfuscated,,,,,c,,8.041,,,zoom_point,READ
,20.067,,,Obfuscated,,,,,c,,7.989,,,zoom_point,READ
,20.041,,,Obfuscated,,,,,c,,8.039,,,zoom_point,READ
,20.108,,,Obfuscated,,,,,c,,8.007,,,zoom_point,READ
,20.103,,,Obfuscated,,,,,c,,8.001,,,zoom_point,READ
,20.038,,,Obfuscated,,,,,c,,8.066,,,zoom_point,READ
,20.106,,,Obfuscated,,,,,c,,8.01,,,zoom_point,READ
,20.111,,,Obfuscated,,,,,c,,7.998,,,zoom_point,READ
,20.084,,,Obfuscated,,,,,c,,8.02,,,zoom_point,READ
,20.038,,,Obfuscated,,,,,c,,8.074,,,zoom_point,READ
,20.112,,,Obfuscated,,,,,c,,8.0,,,zoom_point,READ
,20.106,,,Obfuscated,,,,,c,,8.001,,,zoom_point,READ
,20.112,,,Obfuscated,,,,,c,,7.997,,,zoom_point,READ
,20.081,,,Obfuscated,,,,,c,,8.026,,,zoom_point,READ
,20.107,,,Obfuscated,,,,,c,,8.005,,,zoom_point,READ
,20.1,,,Obfuscated,,,,,c,,8.009,,,zoom_point,READ
,20.09,,,Obfuscated,,,,,c,,8.025,,,zoom_point,READ
,20.106,,,Obfuscated,,,,,c,,7.999,,,zoom_point,READ
,20.107,,,Obfuscated,,,,,c,,7.997,,,zoom_point,READ
,20.101,,,Obfuscated,,,,,c,,8.005,,,zoom_point,READ
,20.082,,,Obfuscated,,,,,c,,8.023,,,zoom_point,READ
,20.083,,,Obfuscated,,,,,c,,8.026,,,zoom_point,READ
,20.091,,,Obfuscated,,,,,c,,8.016,,,zoom_point,READ
,20.107,,,Obfuscated,,,,,c,,7.998,,,zoom_point,READ
,20.11,,,Obfuscated,,,,,c,,7.997,,,zoom_point,READ
,20.082,,,Obfuscated,,,,,c,,8.033,,,zoom_point,READ
,20.081,,,Obfuscated,,,,,c,,8.026,,,zoom_point,READ
,20.109,,,Obfuscated,,,,,c,,8.0,,,zoom_point,READ
,20.096,,,Obfuscated,,,,,c,,8.009,,,zoom_point,READ
,20.109,,,Obfuscated,,,,,c,,8.003,,,zoom_point,READ
,20.109,,,Obfuscated,,,,,c,,7.998,,,zoom_point,READ
,20.109,,,Obfuscated,,,,,c,,7.996,,,zoom_point,READ
,20.087,,,Obfuscated,,,,,c,,8.026,,,zoom_point,READ
,20.082,,,Obfuscated,,,,,c,,8.024,,,zoom_point,READ
,20.099,,,Obfuscated,,,,,c,,8.009,,,zoom_point,READ
,20.082,,,Obfuscated,,,,,c,,8.006,,,zoom_point,READ
,20.111,,,Obfuscated,,,,,c,,7.999,,,zoom_point,READ
,20.108,,,Obfuscated,,,,,c,,7.996,,,zoom_point,READ
,20.111,,,Obfuscated,,,,,c,,7.999,,,zoom_point,READ
,20.106,,,Obfuscated,,,,,c,,8.004,,,zoom_point,READ
,20.103,,,Obfuscated,,,,,c,,8.002,,,zoom_point,READ
,20.112,,,Obfuscated,,,,,c,,8.003,,,zoom_point,READ
,20.105,,,Obfuscated,,,,,c,,8.0,,,zoom_point,READ
,20.105,,,Obfuscated,,,,,c,,7.984,,,zoom_point,READ
,20.099,,,Obfuscated,,,,,c,,8.014,,,zoom_point,READ
,20.095,,,Obfuscated,,,,,c,,8.011,,,zoom_point,READ
,20.112,,,Obfuscated,,,,,c,,8.001,,,zoom_point,READ
,20.104,,,Obfuscated,,,,,c,,7.998,,,zoom_point,READ
,20.086,,,Obfuscated,,,,,c,,8.03,,,zoom_point,READ
,20.105,,,Obfuscated,,,,,c,,8.005,,,zoom_point,READ
,20.103,,,Obfuscated,,,,,c,,8.004,,,zoom_point,READ
,20.082,,,Obfuscated,,,,,c,,8.025,,,zoom_point,READ
,20.104,,,Obfuscated,,,,,c,,8.001,,,zoom_point,READ
,20.091,,,Obfuscated,,,,,c,,8.028,,,zoom_point,READ
,20.101,,,Obfuscated,,,,,c,,8.007,,,zoom_point,READ
,20.115,,,Obfuscated,,,,,c,,7.995,,,zoom_point,READ
,20.087,,,Obfuscated,,,,,c,,8.018,,,zoom_point,READ
,20.108,,,Obfuscated,,,,,c,,7.997,,,zoom_point,READ
,20.106,,,Obfuscated,,,,,c,,8.0,,,zoom_point,READ
,20.111,,,Obfuscated,,,,,c,,7.997,,,zoom_point,READ
,20.082,,,Obfuscated,,,,,c,,8.026,,,zoom_point,READ
,20.08,,,Obfuscated,,,,,c,,8.03,,,zoom_point,READ
,20.105,,,Obfuscated,,,,,c,,8.009,,,zoom_point,READ
,20.037,,,Obfuscated,,,,,c,,8.044,,,zoom_point,READ
,20.092,,,Obfuscated,,,,,c,,8.002,,,zoom_point,READ
,20.1,,,Obfuscated,,,,,c,,7.942,,,zoom_point,READ
,20.104,,,Obfuscated,,,,,c,,8.003,,,zoom_point,READ
,20.088,,,Obfuscated,,,,,c,,8.017,,,zoom_point,READ
,20.114,,,Obfuscated,,,,,c,,8.002,,,zoom_point,READ
,20.089,,,Obfuscated,,,,,c,,8.021,,,zoom_point,READ
,20.091,,,Obfuscated,,,,,c,,8.019,,,zoom_point,READ
,20.088,,,Obfuscated,,,,,c,,8.022,,,zoom_point,READ
,20.101,,,Obfuscated,,,,,c,,8.006,,,zoom_point,READ
,20.111,,,Obfuscated,,,,,c,,8.003,,,zoom_point,READ
,20.108,,,Obfuscated,,,,,c,,8.002,,,zoom_point,READ
,20.1,,,Obfuscated,,,,,c,,8.01,,,zoom_point,READ
,20.091,,,Obfuscated,,,,,c,,8.016,,,zoom_point,READ
,20.106,,,Obfuscated,,,,,c,,8.001,,,zoom_point,READ
,20.11,,,Obfuscated,,,,,c,,7.998,,,zoom_point,READ
,20.107,,,Obfuscated,,,,,c,,8.001,,,zoom_point,READ
,20.083,,,Obfuscated,,,,,c,,8.025,,,zoom_point,READ
,20.107,,,Obfuscated,,,,,c,,7.992,,,zoom_point,READ
,20.084,,,Obfuscated,,,,,c,,8.025,,,zoom_point,READ
,20.082,,,Obfuscated,,,,,c,,8.024,,,zoom_point,READ
,20.083,,,Obfuscated,,,,,c,,8.023,,,zoom_point,READ
,20.109,,,Obfuscated,,,,,c,,7.995,,,zoom_point,READ
,20.081,,,Obfuscated,,,,,c,,8.015,,,zoom_point,READ
,20.11,,,Obfuscated,,,,,c,,7.999,,,zoom_point,READ
,20.098,,,Obfuscated,,,,,c,,8.008,,,zoom_point,READ
,20.081,,,Obfuscated,,,,,c,,8.024,,,zoom_point,READ
,20.089,,,Obfuscated,,,,,c,,8.01,,,zoom_point,READ
,20.092,,,Obfuscated,,,,,c,,8.014,,,zoom_point,READ
,20.04,,,Obfuscated,,,,,c,,7.999,,,zoom_point,READ
,20.113,,,Obfuscated,,,,,c,,7.998,,,zoom_point,READ
,20.108,,,Obfuscated,,,,,c,,7.998,,,zoom_point,READ
,20.106,,,Obfuscated,,,,,c,,8.002,,,zoom_point,READ
,20.116,,,Obfuscated,,,,,c,,8.0,,,zoom_point,READ
,20.037,,,Obfuscated,,,,,c,,8.046,,,zoom_point,READ
,20.09,,,Obfuscated,,,,,c,,8.019,,,zoom_point,READ
,20.082,,,Obfuscated,,,,,c,,8.024,,,zoom_point,READ
,20.082,,,Obfuscated,,,,,c,,8.024,,,zoom_point,READ
,20.094,,,Obfuscated,,,,,c,,8.025,,,zoom_point,READ
,20.11,,,Obfuscated,,,,,c,,7.998,,,zoom_point,READ
,20.111,,,Obfuscated,,,,,c,,7.993,,,zoom_point,READ
,20.086,,,Obfuscated,,,,,c,,8.018,,,zoom_point,READ
,20.113,,,Obfuscated,,,,,c,,7.999,,,zoom_point,READ
,20.081,,,Obfuscated,,,,,c,,8.024,,,zoom_point,READ
,20.082,,,Obfuscated,,,,,c,,8.023,,,zoom_point,READ
,20.093,,,Obfuscated,,,,,c,,8.017,,,zoom_point,READ
,20.105,,,Obfuscated,,,,,c,,8.005,,,zoom_point,READ
,20.103,,,Obfuscated,,,,,c,,8.004,,,zoom_point,READ
,20.103,,,Obfuscated,,,,,c,,8.0,,,zoom_point,READ
,20.082,,,Obfuscated,,,,,c,,8.03,,,zoom_point,READ
,20.105,,,Obfuscated,,,,,c,,8.005,,,zoom_point,READ
,20.081,,,Obfuscated,,,,,c,,8.023,,,zoom_point,READ
,20.082,,,Obfuscated,,,,,c,,8.016,,,zoom_point,READ
,20.111,,,Obfuscated,,,,,c,,7.998,,,zoom_point,READ
,20.104,,,Obfuscated,,,,,c,,8.001,,,zoom_point,READ
,20.107,,,Obfuscated,,,,,c,,7.999,,,zoom_point,READ
,20.113,,,Obfuscated,,,,,c,,7.989,,,zoom_point,READ
,20.108,,,Obfuscated,,,,,c,,7.998,,,zoom_point,READ
,20.081,,,Obfuscated,,,,,c,,8.027,,,zoom_point,READ
,20.094,,,Obfuscated,,,,,c,,8.028,,,zoom_point,READ
,20.105,,,Obfuscated,,,,,c,,7.981,,,zoom_point,READ
,20.105,,,Obfuscated,,,,,c,,8.005,,,zoom_point,READ
,20.082,,,Obfuscated,,,,,c,,8.028,,,zoom_point,READ
,20.08,,,Obfuscated,,,,,c,,8.024,,,zoom_point,READ
,20.081,,,Obfuscated,,,,,c,,8.023,,,zoom_point,READ
,20.086,,,Obfuscated,,,,,c,,8.028,,,zoom_point,READ
,20.102,,,Obfuscated,,,,,c,,8.0,,,zoom_point,READ
,20.087,,,Obfuscated,,,,,c,,8.023,,,zoom_point,READ
,20.101,,,Obfuscated,,,,,c,,8.007,,,zoom_point,READ
,20.101,,,Obfuscated,,,,,c,,8.004,,,zoom_point,READ
,20.081,,,Obfuscated,,,,,c,,8.026,,,zoom_point,READ
,20.088,,,Obfuscated,,,,,c,,8.032,,,zoom_point,READ
,20.082,,,Obfuscated,,,,,c,,8.032,,,zoom_point,READ
,20.087,,,Obfuscated,,,,,c,,7.998,,,zoom_point,READ
,20.084,,,Obfuscated,,,,,c,,7.997,,,zoom_point,READ
,20.091,,,Obfuscated,,,,,c,,8.015,,,zoom_point,READ
,20.105,,,Obfuscated,,,,,c,,8.001,,,zoom_point,READ
,20.108,,,Obfuscated,,,,,c,,7.996,,,zoom_point,READ
,20.08,,,Obfuscated,,,,,c,,8.026,,,zoom_point,READ
,20.112,,,Obfuscated,,,,,c,,8.001,,,zoom_point,READ
,20.109,,,Obfuscated,,,,,c,,7.999,,,zoom_point,READ
,,,,Obfuscated,,900,26400,26347,c,,,,,zoom_coverage,READ
,20.11,,,Obfuscated,,,,,c,,7.999,,,zoom_point,SELECT
,20.107,,,Obfuscated,,,,,c,,7.98,,,zoom_point,SELECT
,20.088,,,Obfuscated,,,,,c,,8.022,,,zoom_point,SELECT
,20.104,,,Obfuscated,,,,,c,,7.982,,,zoom_point,SELECT
,20.108,,,Obfuscated,,,,,c,,7.992,,,zoom_point,SELECT
,20.045,,,Obfuscated,,,,,c,,7.995,,,zoom_point,SELECT
,20.107,,,Obfuscated,,,,,c,,8.003,,,zoom_point,SELECT
,20.092,,,Obfuscated,,,,,c,,8.015,,,zoom_point,SELECT
,20.092,,,Obfuscated,,,,,c,,7.997,,,zoom_point,SELECT
,20.091,,,Obfuscated,,,,,c,,8.015,,,zoom_point,SELECT
,20.115,,,Obfuscated,,,,,c,,7.999,,,zoom_point,SELECT
,20.105,,,Obfuscated,,,,,c,,8.007,,,zoom_point,SELECT
,20.102,,,Obfuscated,,,,,c,,8.008,,,zoom_point,SELECT
,20.093,,,Obfuscated,,,,,c,,8.014,,,zoom_point,SELECT
,20.088,,,Obfuscated,,,,,c,,7.996,,,zoom_point,SELECT
,20.111,,,Obfuscated,,,,,c,,7.999,,,zoom_point,SELECT
,20.11,,,Obfuscated,,,,,c,,7.999,,,zoom_point,SELECT
,20.086,,,Obfuscated,,,,,c,,8.026,,,zoom_point,SELECT
,20.082,,,Obfuscated,,,,,c,,8.023,,,zoom_point,SELECT
,20.082,,,Obfuscated,,,,,c,,8.032,,,zoom_point,SELECT
,20.103,,,Obfuscated,,,,,c,,8.0,,,zoom_point,SELECT
,20.109,,,Obfuscated,,,,,c,,7.996,,,zoom_point,SELECT
,20.102,,,Obfuscated,,,,,c,,8.004,,,zoom_point,SELECT
,20.106,,,Obfuscated,,,,,c,,8.005,,,zoom_point,SELECT
,20.09,,,Obfuscated,,,,,c,,8.024,,,zoom_point,SELECT
,20.102,,,Obfuscated,,,,,c,,8.003,,,zoom_point,SELECT
,20.093,,,Obfuscated,,,,,c,,8.005,,,zoom_point,SELECT
,20.117,,,Obfuscated,,,,,c,,7.988,,,zoom_point,SELECT
,20.097,,,Obfuscated,,,,,c,,8.014,,,zoom_point,SELECT
,20.088,,,Obfuscated,,,,,c,,8.024,,,zoom_point,SELECT
,20.102,,,Obfuscated,,,,,c,,8.022,,,zoom_point,SELECT
,20.095,,,Obfuscated,,,,,c,,8.02,,,zoom_point,SELECT
,20.088,,,Obfuscated,,,,,c,,8.012,,,zoom_point,SELECT
,20.117,,,Obfuscated,,,,,c,,7.992,,,zoom_point,SELECT
,20.083,,,Obfuscated,,,,,c,,8.023,,,zoom_point,SELECT
,20.107,,,Obfuscated,,,,,c,,8.0,,,zoom_point,SELECT
,20.107,,,Obfuscated,,,,,c,,8.006,,,zoom_point,SELECT
,20.107,,,Obfuscated,,,,,c,,7.997,,,zoom_point,SELECT
,20.121,,,Obfuscated,,,,,c,,7.992,,,zoom_point,SELECT
,20.037,,,Obfuscated,,,,,c,,8.072,,,zoom_point,SELECT
,20.111,,,Obfuscated,,,,,c,,7.993,,,zoom_point,SELECT
,20.089,,,Obfuscated,,,,,c,,8.017,,,zoom_point,SELECT
,20.106,,,Obfuscated,,,,,c,,8.002,,,zoom_point,SELECT
,20.083,,,Obfuscated,,,,,c,,8.023,,,zoom_point,SELECT
,20.11,,,Obfuscated,,,,,c,,8.001,,,zoom_point,SELECT
,20.106,,,Obfuscated,,,,,c,,8.007,,,zoom_point,SELECT
,20.082,,,Obfuscated,,,,,c,,8.002,,,zoom_point,SELECT
,20.108,,,Obfuscated,,,,,c,,7.998,,,zoom_point,SELECT
,20.113,,,Obfuscated,,,,,c,,7.998,,,zoom_point,SELECT
,20.083,,,Obfuscated,,,,,c,,8.028,,,zoom_point,SELECT
,20.105,,,Obfuscated,,,,,c,,8.002,,,zoom_point,SELECT
,20.105,,,Obfuscated,,,,,c,,8.005,,,zoom_point,SELECT
,20.108,,,Obfuscated,,,,,c,,8.003,,,zoom_point,SELECT
,20.109,,,Obfuscated,,,,,c,,8.001,,,zoom_point,SELECT
,20.088,,,Obfuscated,,,,,c,,8.007,,,zoom_point,SELECT
,20.082,,,Obfuscated,,,,,c,,8.026,,,zoom_point,SELECT
,20.092,,,Obfuscated,,,,,c,,8.015,,,zoom_point,SELECT
,20.102,,,Obfuscated,,,,,c,,8.01,,,zoom_point,SELECT
,20.082,,,Obfuscated,,,,,c,,8.026,,,zoom_point,SELECT
,20.101,,,Obfuscated,,,,,c,,8.01,,,zoom_point,SELECT
,20.111,,,Obfuscated,,,,,c,,8.0,,,zoom_point,SELECT
,20.081,,,Obfuscated,,,,,c,,8.032,,,zoom_point,SELECT
,20.081,,,Obfuscated,,,,,c,,8.027,,,zoom_point,SELECT
,20.095,,,Obfuscated,,,,,c,,8.004,,,zoom_point,SELECT
,20.081,,,Obfuscated,,,,,c,,8.028,,,zoom_point,SELECT
,20.081,,,Obfuscated,,,,,c,,8.031,,,zoom_point,SELECT
,20.093,,,Obfuscated,,,,,c,,8.002,,,zoom_point,SELECT
,20.106,,,Obfuscated,,,,,c,,7.973,,,zoom_point,SELECT
,20.081,,,Obfuscated,,,,,c,,7.955,,,zoom_point,SELECT
,20.09,,,Obfuscated,,,,,c,,8.021,,,zoom_point,SELECT
,20.111,,,Obfuscated,,,,,c,,8.002,,,zoom_point,SELECT
,20.107,,,Obfuscated,,,,,c,,7.998,,,zoom_point,SELECT
,20.082,,,Obfuscated,,,,,c,,7.96,,,zoom_point,SELECT
,20.096,,,Obfuscated,,,,,c,,8.012,,,zoom_point,SELECT
,20.12,,,Obfuscated,,,,,c,,7.999,,,zoom_point,SELECT
,20.112,,,Obfuscated,,,,,c,,7.98,,,zoom_point,SELECT
,20.094,,,Obfuscated,,,,,c,,8.017,,,zoom_point,SELECT
,20.109,,,Obfuscated,,,,,c,,8.002,,,zoom_point,SELECT
,20.106,,,Obfuscated,,,,,c,,8.0,,,zoom_point,SELECT
,20.106,,,Obfuscated,,,,,c,,8.003,,,zoom_point,SELECT
,20.108,,,Obfuscated,,,,,c,,8.005,,,zoom_point,SELECT
,20.107,,,Obfuscated,,,,,c,,7.998,,,zoom_point,SELECT
,20.095,,,Obfuscated,,,,,c,,8.032,,,zoom_point,SELECT
,20.096,,,Obfuscated,,,,,c,,8.019,,,zoom_point,SELECT
,20.111,,,Obfuscated,,,,,c,,7.997,,,zoom_point,SELECT
,20.099,,,Obfuscated,,,,,c,,8.007,,,zoom_point,SELECT
,20.088,,,Obfuscated,,,,,c,,7.959,,,zoom_point,SELECT
,20.097,,,Obfuscated,,,,,c,,8.002,,,zoom_point,SELECT
,20.101,,,Obfuscated,,,,,c,,8.005,,,zoom_point,SELECT
,20.101,,,Obfuscated,,,,,c,,8.008,,,zoom_point,SELECT
,20.103,,,Obfuscated,,,,,c,,8.018,,,zoom_point,SELECT
,20.092,,,Obfuscated,,,,,c,,8.014,,,zoom_point,SELECT
,20.097,,,Obfuscated,,,,,c,,7.988,,,zoom_point,SELECT
,20.109,,,Obfuscated,,,,,c,,8.007,,,zoom_point,SELECT
,20.093,,,Obfuscated,,,,,c,,8.021,,,zoom_point,SELECT
,20.087,,,Obfuscated,,,,,c,,8.004,,,zoom_point,SELECT
,20.103,,,Obfuscated,,,,,c,,8.009,,,zoom_point,SELECT
,20.105,,,Obfuscated,,,,,c,,8.003,,,zoom_point,SELECT
,20.087,,,Obfuscated,,,,,c,,8.033,,,zoom_point,SELECT
,20.092,,,Obfuscated,,,,,c,,8.02,,,zoom_point,SELECT
,20.087,,,Obfuscated,,,,,c,,8.021,,,zoom_point,SELECT
,20.088,,,Obfuscated,,,,,c,,8.016,,,zoom_point,SELECT
,20.088,,,Obfuscated,,,,,c,,8.02,,,zoom_point,SELECT
,20.103,,,Obfuscated,,,,,c,,8.001,,,zoom_point,SELECT
,20.083,,,Obfuscated,,,,,c,,7.955,,,zoom_point,SELECT
,20.108,,,Obfuscated,,,,,c,,7.997,,,zoom_point,SELECT
,20.108,,,Obfuscated,,,,,c,,7.992,,,zoom_point,SELECT
,20.107,,,Obfuscated,,,,,c,,7.999,,,zoom_point,SELECT
,20.084,,,Obfuscated,,,,,c,,8.021,,,zoom_point,SELECT
,20.11,,,Obfuscated,,,,,c,,7.997,,,zoom_point,SELECT
,20.088,,,Obfuscated,,,,,c,,8.025,,,zoom_point,SELECT
,20.108,,,Obfuscated,,,,,c,,7.997,,,zoom_point,SELECT
,20.109,,,Obfuscated,,,,,c,,7.996,,,zoom_point,SELECT
,20.105,,,Obfuscated,,,,,c,,8.0,,,zoom_point,SELECT
,20.095,,,Obfuscated,,,,,c,,8.0,,,zoom_point,SELECT
,20.083,,,Obfuscated,,,,,c,,8.03,,,zoom_point,SELECT
,20.082,,,Obfuscated,,,,,c,,8.033,,,zoom_point,SELECT
,20.091,,,Obfuscated,,,,,c,,8.014,,,zoom_point,SELECT
,20.082,,,Obfuscated,,,,,c,,8.024,,,zoom_point,SELECT
,20.096,,,Obfuscated,,,,,c,,8.016,,,zoom_point,SELECT
,20.087,,,Obfuscated,,,,,c,,8.024,,,zoom_point,SELECT
,20.082,,,Obfuscated,,,,,c,,8.03,,,zoom_point,SELECT
,20.082,,,Obfuscated,,,,,c,,8.024,,,zoom_point,SELECT
,20.104,,,Obfuscated,,,,,c,,7.997,,,zoom_point,SELECT
,20.104,,,Obfuscated,,,,,c,,8.001,,,zoom_point,SELECT
,20.108,,,Obfuscated,,,,,c,,8.0,,,zoom_point,SELECT
,20.042,,,Obfuscated,,,,,c,,8.039,,,zoom_point,SELECT
,20.11,,,Obfuscated,,,,,c,,7.994,,,zoom_point,SELECT
,20.083,,,Obfuscated,,,,,c,,8.01,,,zoom_point,SELECT
,20.105,,,Obfuscated,,,,,c,,7.986,,,zoom_point,SELECT
,20.106,,,Obfuscated,,,,,c,,7.984,,,zoom_point,SELECT
,20.108,,,Obfuscated,,,,,c,,7.997,,,zoom_point,SELECT
,20.128,,,Obfuscated,,,,,c,,7.993,,,zoom_point,SELECT
,20.103,,,Obfuscated,,,,,c,,8.006,,,zoom_point,SELECT
,20.101,,,Obfuscated,,,,,c,,8.0,,,zoom_point,SELECT
,20.108,,,Obfuscated,,,,,c,,8.001,,,zoom_point,SELECT
,20.082,,,Obfuscated,,,,,c,,8.028,,,zoom_point,SELECT
,20.107,,,Obfuscated,,,,,c,,8.007,,,zoom_point,SELECT
,20.113,,,Obfuscated,,,,,c,,7.995,,,zoom_point,SELECT
,20.102,,,Obfuscated,,,,,c,,8.003,,,zoom_point,SELECT
,20.082,,,Obfuscated,,,,,c,,8.025,,,zoom_point,SELECT
,20.083,,,Obfuscated,,,,,c,,8.023,,,zoom_point,SELECT
,20.11,,,Obfuscated,,,,,c,,7.974,,,zoom_point,SELECT
,20.103,,,Obfuscated,,,,,c,,7.982,,,zoom_point,SELECT
,20.093,,,Obfuscated,,,,,c,,8.003,,,zoom_point,SELECT
,20.111,,,Obfuscated,,,,,c,,7.998,,,zoom_point,SELECT
,20.109,,,Obfuscated,,,,,c,,7.988,,,zoom_point,SELECT
,20.112,,,Obfuscated,,,,,c,,7.993,,,zoom_point,SELECT
,20.096,,,Obfuscated,,,,,c,,8.003,,,zoom_point,SELECT
,20.102,,,Obfuscated,,,,,c,,7.996,,,zoom_point,SELECT
,20.037,,,Obfuscated,,,,,c,,7.999,,,zoom_point,SELECT
,20.087,,,Obfuscated,,,,,c,,8.007,,,zoom_point,SELECT
,20.081,,,Obfuscated,,,,,c,,8.032,,,zoom_point,SELECT
,20.081,,,Obfuscated,,,,,c,,8.013,,,zoom_point,SELECT
,20.105,,,Obfuscated,,,,,c,,8.001,,,zoom_point,SELECT
,20.102,,,Obfuscated,,,,,c,,8.006,,,zoom_point,SELECT
,20.109,,,Obfuscated,,,,,c,,8.001,,,zoom_point,SELECT
,20.105,,,Obfuscated,,,,,c,,8.0,,,zoom_point,SELECT
,20.099,,,Obfuscated,,,,,c,,8.011,,,zoom_point,SELECT
,20.115,,,Obfuscated,,,,,c,,8.001,,,zoom_point,SELECT
,20.106,,,Obfuscated,,,,,c,,8.003,,,zoom_point,SELECT
,20.108,,,Obfuscated,,,,,c,,7.973,,,zoom_point,SELECT
,20.102,,,Obfuscated,,,,,c,,8.004,,,zoom_point,SELECT
,20.082,,,Obfuscated,,,,,c,,8.03,,,zoom_point,SELECT
,20.087,,,Obfuscated,,,,,c,,8.022,,,zoom_point,SELECT
,20.111,,,Obfuscated,,,,,c,,8.001,,,zoom_point,SELECT
,20.099,,,Obfuscated,,,,,c,,8.011,,,zoom_point,SELECT
,20.105,,,Obfuscated,,,,,c,,8.003,,,zoom_point,SELECT
,20.092,,,Obfuscated,,,,,c,,8.001,,,zoom_point,SELECT
,20.101,,,Obfuscated,,,,,c,,8.006,,,zoom_point,SELECT
,20.081,,,Obfuscated,,,,,c,,8.023,,,zoom_point,SELECT
,20.096,,,Obfuscated,,,,,c,,7.942,,,zoom_point,SELECT
,20.108,,,Obfuscated,,,,,c,,7.997,,,zoom_point,SELECT
,20.115,,,Obfuscated,,,,,c,,8.001,,,zoom_point,SELECT
,20.081,,,Obfuscated,,,,,c,,7.999,,,zoom_point,SELECT
,20.104,,,Obfuscated,,,,,c,,8.0,,,zoom_point,SELECT
,20.082,,,Obfuscated,,,,,c,,8.023,,,zoom_point,SELECT
,20.104,,,Obfuscated,,,,,c,,8.001,,,zoom_point,SELECT
,20.102,,,Obfuscated,,,,,c,,8.003,,,zoom_point,SELECT
,20.108,,,Obfuscated,,,,,c,,8.001,,,zoom_point,SELECT
,20.086,,,Obfuscated,,,,,c,,8.026,,,zoom_point,SELECT
,20.104,,,Obfuscated,,,,,c,,8.001,,,zoom_point,SELECT
,20.14,,,Obfuscated,,,,,c,,7.94,,,zoom_point,SELECT
,20.094,,,Obfuscated,,,,,c,,8.016,,,zoom_point,SELECT
,20.099,,,Obfuscated,,,,,c,,7.99,,,zoom_point,SELECT
,20.097,,,Obfuscated,,,,,c,,8.004,,,zoom_point,SELECT
,20.106,,,Obfuscated,,,,,c,,8.0,,,zoom_point,SELECT
,20.082,,,Obfuscated,,,,,c,,8.028,,,zoom_point,SELECT
,20.102,,,Obfuscated,,,,,c,,8.002,,,zoom_point,SELECT
,20.103,,,Obfuscated,,,,,c,,8.005,,,zoom_point,SELECT
,20.087,,,Obfuscated,,,,,c,,8.018,,,zoom_point,SELECT
,20.104,,,Obfuscated,,,,,c,,8.004,,,zoom_point,SELECT
,20.1,,,Obfuscated,,,,,c,,7.996,,,zoom_point,SELECT
,20.102,,,Obfuscated,,,,,c,,8.003,,,zoom_point,SELECT
,20.124,,,Obfuscated,,,,,c,,7.988,,,zoom_point,SELECT
,20.085,,,Obfuscated,,,,,c,,8.025,,,zoom_point,SELECT
,20.109,,,Obfuscated,,,,,c,,7.992,,,zoom_point,SELECT
,20.095,,,Obfuscated,,,,,c,,8.001,,,zoom_point,SELECT
,20.1,,,Obfuscated,,,,,c,,7.99,,,zoom_point,SELECT
,20.046,,,Obfuscated,,,,,c,,8.037,,,zoom_point,SELECT
,20.114,,,Obfuscated,,,,,c,,7.993,,,zoom_point,SELECT
,20.111,,,Obfuscated,,,,,c,,8.004,,,zoom_point,SELECT
,20.109,,,Obfuscated,,,,,c,,7.998,,,zoom_point,SELECT
,20.104,,,Obfuscated,,,,,c,,8.007,,,zoom_point,SELECT
,20.088,,,Obfuscated,,,,,c,,8.007,,,zoom_point,SELECT
,20.108,,,Obfuscated,,,,,c,,7.997,,,zoom_point,SELECT
,20.11,,,Obfuscated,,,,,c,,8.0,,,zoom_point,SELECT
,20.082,,,Obfuscated,,,,,c,,8.028,,,zoom_point,SELECT
,20.047,,,Obfuscated,,,,,c,,8.062,,,zoom_point,SELECT
,20.113,,,Obfuscated,,,,,c,,7.992,,,zoom_point,SELECT
,20.11,,,Obfuscated,,,,,c,,8.0,,,zoom_point,SELECT
,20.082,,,Obfuscated,,,,,c,,8.029,,,zoom_point,SELECT
,20.105,,,Obfuscated,,,,,c,,8.001,,,zoom_point,SELECT
,20.089,,,Obfuscated,,,,,c,,8.018,,,zoom_point,SELECT
,20.108,,,Obfuscated,,,,,c,,8.003,,,zoom_point,SELECT
,20.108,,,Obfuscated,,,,,c,,7.999,,,zoom_point,SELECT
,20.04,,,Obfuscated,,,,,c,,7.999,,,zoom_point,SELECT
,20.094,,,Obfuscated,,,,,c,,8.02,,,zoom_point,SELECT
,20.09,,,Obfuscated,,,,,c,,8.016,,,zoom_point,SELECT
,20.087,,,Obfuscated,,,,,c,,8.029,,,zoom_point,SELECT
,20.107,,,Obfuscated,,,,,c,,7.999,,,zoom_point,SELECT
,20.107,,,Obfuscated,,,,,c,,7.998,,,zoom_point,SELECT
,20.106,,,Obfuscated,,,,,c,,8.008,,,zoom_point,SELECT
,20.082,,,Obfuscated,,,,,c,,8.023,,,zoom_point,SELECT
,20.082,,,Obfuscated,,,,,c,,8.037,,,zoom_point,SELECT
,20.088,,,Obfuscated,,,,,c,,8.03,,,zoom_point,SELECT
,20.082,,,Obfuscated,,,,,c,,8.023,,,zoom_point,SELECT
,20.092,,,Obfuscated,,,,,c,,8.019,,,zoom_point,SELECT
,20.081,,,Obfuscated,,,,,c,,8.027,,,zoom_point,SELECT
,20.104,,,Obfuscated,,,,,c,,8.01,,,zoom_point,SELECT
,20.081,,,Obfuscated,,,,,c,,8.023,,,zoom_point,SELECT
,20.105,,,Obfuscated,,,,,c,,8.0,,,zoom_point,SELECT
,20.097,,,Obfuscated,,,,,c,,8.0,,,zoom_point,SELECT
,20.094,,,Obfuscated,,,,,c,,8.008,,,zoom_point,SELECT
,20.084,,,Obfuscated,,,,,c,,8.011,,,zoom_point,SELECT
,20.083,,,Obfuscated,,,,,c,,8.027,,,zoom_point,SELECT
,20.105,,,Obfuscated,,,,,c,,8.0,,,zoom_point,SELECT
,20.111,,,Obfuscated,,,,,c,,7.997,,,zoom_point,SELECT
,20.081,,,Obfuscated,,,,,c,,8.025,,,zoom_point,SELECT
,20.093,,,Obfuscated,,,,,c,,8.019,,,zoom_point,SELECT
,20.088,,,Obfuscated,,,,,c,,8.023,,,zoom_point,SELECT
,20.083,,,Obfuscated,,,,,c,,8.027,,,zoom_point,SELECT
,20.113,,,Obfuscated,,,,,c,,7.996,,,zoom_point,SELECT
,20.107,,,Obfuscated,,,,,c,,8.0,,,zoom_point,SELECT
,20.085,,,Obfuscated,,,,,c,,8.017,,,zoom_point,SELECT
,20.09,,,Obfuscated,,,,,c,,7.993,,,zoom_point,SELECT
,20.082,,,Obfuscated,,,,,c,,8.027,,,zoom_point,SELECT
,20.082,,,Obfuscated,,,,,c,,8.03,,,zoom_point,SELECT
,20.106,,,Obfuscated,,,,,c,,8.01,,,zoom_point,SELECT
,20.089,,,Obfuscated,,,,,c,,8.011,,,zoom_point,SELECT
,20.115,,,Obfuscated,,,,,c,,7.997,,,zoom_point,SELECT
,20.089,,,Obfuscated,,,,,c,,8.022,,,zoom_point,SELECT
,20.105,,,Obfuscated,,,,,c,,8.002,,,zoom_point,SELECT
,20.108,,,Obfuscated,,,,,c,,8.001,,,zoom_point,SELECT
,20.084,,,Obfuscated,,,,,c,,8.021,,,zoom_point,SELECT
,20.103,,,Obfuscated,,,,,c,,8.002,,,zoom_point,SELECT
,20.081,,,Obfuscated,,,,,c,,8.024,,,zoom_point,SELECT
,20.081,,,Obfuscated,,,,,c,,8.025,,,zoom_point,SELECT
,20.115,,,Obfuscated,,,,,c,,7.994,,,zoom_point,SELECT
,20.125,,,Obfuscated,,,,,c,,7.988,,,zoom_point,SELECT
,20.088,,,Obfuscated,,,,,c,,8.019,,,zoom_point,SELECT
,20.091,,,Obfuscated,,,,,c,,7.999,,,zoom_point,SELECT
,20.101,,,Obfuscated,,,,,c,,8.003,,,zoom_point,SELECT
,20.088,,,Obfuscated,,,,,c,,8.024,,,zoom_point,SELECT
,20.108,,,Obfuscated,,,,,c,,7.991,,,zoom_point,SELECT
,20.094,,,Obfuscated,,,,,c,,8.012,,,zoom_point,SELECT
,20.104,,,Obfuscated,,,,,c,,7.979,,,zoom_point,SELECT
,20.11,,,Obfuscated,,,,,c,,8.002,,,zoom_point,SELECT
,20.088,,,Obfuscated,,,,,c,,7.954,,,zoom_point,SELECT
,20.114,,,Obfuscated,,,,,c,,8.002,,,zoom_point,SELECT
,20.105,,,Obfuscated,,,,,c,,8.005,,,zoom_point,SELECT
,20.082,,,Obfuscated,,,,,c,,8.024,,,zoom_point,SELECT
,20.083,,,Obfuscated,,,,,c,,8.027,,,zoom_point,SELECT
,20.084,,,Obfuscated,,,,,c,,8.027,,,zoom_point,SELECT
,20.106,,,Obfuscated,,,,,c,,8.003,,,zoom_point,SELECT
,20.088,,,Obfuscated,,,,,c,,8.028,,,zoom_point,SELECT
,20.087,,,Obfuscated,,,,,c,,8.014,,,zoom_point,SELECT
,20.111,,,Obfuscated,,,,,c,,7.997,,,zoom_point,SELECT
,20.111,,,Obfuscated,,,,,c,,8.002,,,zoom_point,SELECT
,20.107,,,Obfuscated,,,,,c,,7.998,,,zoom_point,SELECT
,20.105,,,Obfuscated,,,,,c,,7.989,,,zoom_point,SELECT
,20.107,,,Obfuscated,,,,,c,,7.999,,,zoom_point,SELECT
,20.083,,,Obfuscated,,,,,c,,8.03,,,zoom_point,SELECT
,20.103,,,Obfuscated,,,,,c,,8.0,,,zoom_point,SELECT
,20.106,,,Obfuscated,,,,,c,,8.008,,,zoom_point,SELECT
,20.108,,,Obfuscated,,,,,c,,7.999,,,zoom_point,SELECT
,20.111,,,Obfuscated,,,,,c,,7.995,,,zoom_point,SELECT
,20.084,,,Obfuscated,,,,,c,,8.022,,,zoom_point,SELECT
,20.081,,,Obfuscated,,,,,c,,8.026,,,zoom_point,SELECT
,20.082,,,Obfuscated,,,,,c,,8.024,,,zoom_point,SELECT
,20.091,,,Obfuscated,,,,,c,,8.021,,,zoom_point,SELECT
,20.104,,,Obfuscated,,,,,c,,8.0,,,zoom_point,SELECT
,20.036,,,Obfuscated,,,,,c,,8.045,,,zoom_point,SELECT
,20.106,,,Obfuscated,,,,,c,,8.004,,,zoom_point,SELECT
,20.081,,,Obfuscated,,,,,c,,8.024,,,zoom_point,SELECT
,20.106,,,Obfuscated,,,,,c,,8.004,,,zoom_point,SELECT
,20.108,,,Obfuscated,,,,,c,,7.997,,,zoom_point,SELECT
,20.102,,,Obfuscated,,,,,c,,8.007,,,zoom_point,SELECT
,20.1,,,Obfuscated,,,,,c,,8.007,,,zoom_point,SELECT
,20.108,,,Obfuscated,,,,,c,,8.001,,,zoom_point,SELECT
,20.102,,,Obfuscated,,,,,c,,8.007,,,zoom_point,SELECT
,20.097,,,Obfuscated,,,,,c,,8.009,,,zoom_point,SELECT
,20.082,,,Obfuscated,,,,,c,,8.027,,,zoom_point,SELECT
,20.082,,,Obfuscated,,,,,c,,8.016,,,zoom_point,SELECT
,20.105,,,Obfuscated,,,,,c,,8.007,,,zoom_point,SELECT
,20.088,,,Obfuscated,,,,,c,,8.037,,,zoom_point,SELECT
,20.037,,,Obfuscated,,,,,c,,8.043,,,zoom_point,SELECT
,20.115,,,Obfuscated,,,,,c,,8.0,,,zoom_point,SELECT
,20.099,,,Obfuscated,,,,,c,,8.007,,,zoom_point,SELECT
,20.082,,,Obfuscated,,,,,c,,8.023,,,zoom_point,SELECT
,20.082,,,Obfuscated,,,,,c,,8.026,,,zoom_point,SELECT
,20.105,,,Obfuscated,,,,,c,,8.0,,,zoom_point,SELECT
,20.105,,,Obfuscated,,,,,c,,8.0,,,zoom_point,SELECT
,20.09,,,Obfuscated,,,,,c,,8.019,,,zoom_point,SELECT
,20.107,,,Obfuscated,,,,,c,,8.004,,,zoom_point,SELECT
,20.112,,,Obfuscated,,,,,c,,7.993,,,zoom_point,SELECT
,20.1,,,Obfuscated,,,,,c,,8.007,,,zoom_point,SELECT
,20.108,,,Obfuscated,,,,,c,,7.999,,,zoom_point,SELECT
,20.109,,,Obfuscated,,,,,c,,8.0,,,zoom_point,SELECT
,20.087,,,Obfuscated,,,,,c,,8.023,,,zoom_point,SELECT
,20.101,,,Obfuscated,,,,,c,,8.023,,,zoom_point,SELECT
,20.083,,,Obfuscated,,,,,c,,8.026,,,zoom_point,SELECT
,20.108,,,Obfuscated,,,,,c,,7.997,,,zoom_point,SELECT
,20.102,,,Obfuscated,,,,,c,,8.001,,,zoom_point,SELECT
,20.081,,,Obfuscated,,,,,c,,8.025,,,zoom_point,SELECT
,20.106,,,Obfuscated,,,,,c,,8.018,,,zoom_point,SELECT
,20.091,,,Obfuscated,,,,,c,,8.014,,,zoom_point,SELECT
,20.104,,,Obfuscated,,,,,c,,8.001,,,zoom_point,SELECT
,20.09,,,Obfuscated,,,,,c,,8.0,,,zoom_point,SELECT
,20.094,,,Obfuscated,,,,,c,,8.015,,,zoom_point,SELECT
,20.087,,,Obfuscated,,,,,c,,8.023,,,zoom_point,SELECT
,20.084,,,Obfuscated,,,,,c,,8.029,,,zoom_point,SELECT
,20.04,,,Obfuscated,,,,,c,,8.04,,,zoom_point,SELECT
,20.113,,,Obfuscated,,,,,c,,7.996,,,zoom_point,SELECT
,20.09,,,Obfuscated,,,,,c,,8.011,,,zoom_point,SELECT
,20.104,,,Obfuscated,,,,,c,,7.999,,,zoom_point,SELECT
,20.087,,,Obfuscated,,,,,c,,8.019,,,zoom_point,SELECT
,20.105,,,Obfuscated,,,,,c,,8.006,,,zoom_point,SELECT
,20.081,,,Obfuscated,,,,,c,,8.027,,,zoom_point,SELECT
,20.101,,,Obfuscated,,,,,c,,7.977,,,zoom_point,SELECT
,20.084,,,Obfuscated,,,,,c,,8.024,,,zoom_point,SELECT
,20.082,,,Obfuscated,,,,,c,,8.028,,,zoom_point,SELECT
,20.083,,,Obfuscated,,,,,c,,8.026,,,zoom_point,SELECT
,20.108,,,Obfuscated,,,,,c,,7.997,,,zoom_point,SELECT
,20.082,,,Obfuscated,,,,,c,,8.027,,,zoom_point,SELECT
,20.095,,,Obfuscated,,,,,c,,8.012,,,zoom_point,SELECT
,20.083,,,Obfuscated,,,,,c,,7.953,,,zoom_point,SELECT
,20.116,,,Obfuscated,,,,,c,,8.002,,,zoom_point,SELECT
,20.092,,,Obfuscated,,,,,c,,8.02,,,zoom_point,SELECT
,20.116,,,Obfuscated,,,,,c,,7.999,,,zoom_point,SELECT
,20.11,,,Obfuscated,,,,,c,,7.983,,,zoom_point,SELECT
,20.043,,,Obfuscated,,,,,c,,8.038,,,zoom_point,SELECT
,20.111,,,Obfuscated,,,,,c,,8.004,,,zoom_point,SELECT
,20.09,,,Obfuscated,,,,,c,,8.017,,,zoom_point,SELECT
,20.106,,,Obfuscated,,,,,c,,8.002,,,zoom_point,SELECT
,20.092,,,Obfuscated,,,,,c,,8.006,,,zoom_point,SELECT
,20.11,,,Obfuscated,,,,,c,,8.003,,,zoom_point,SELECT
,20.111,,,Obfuscated,,,,,c,,8.006,,,zoom_point,SELECT
,20.04,,,Obfuscated,,,,,c,,7.997,,,zoom_point,SELECT
,20.106,,,Obfuscated,,,,,c,,8.0,,,zoom_point,SELECT
,20.092,,,Obfuscated,,,,,c,,8.02,,,zoom_point,SELECT
,20.106,,,Obfuscated,,,,,c,,8.0,,,zoom_point,SELECT
,20.106,,,Obfuscated,,,,,c,,8.0,,,zoom_point,SELECT
,20.106,,,Obfuscated,,,,,c,,8.004,,,zoom_point,SELECT
,20.082,,,Obfuscated,,,,,c,,8.025,,,zoom_point,SELECT
,20.049,,,Obfuscated,,,,,c,,7.989,,,zoom_point,SELECT
,20.106,,,Obfuscated,,,,,c,,8.005,,,zoom_point,SELECT
,20.104,,,Obfuscated,,,,,c,,8.002,,,zoom_point,SELECT
,20.104,,,Obfuscated,,,,,c,,7.999,,,zoom_point,SELECT
,20.103,,,Obfuscated,,,,,c,,8.001,,,zoom_point,SELECT
,20.104,,,Obfuscated,,,,,c,,8.007,,,zoom_point,SELECT
,20.104,,,Obfuscated,,,,,c,,8.006,,,zoom_point,SELECT
,20.108,,,Obfuscated,,,,,c,,7.999,,,zoom_point,SELECT
,20.097,,,Obfuscated,,,,,c,,8.014,,,zoom_point,SELECT
,20.091,,,Obfuscated,,,,,c,,8.015,,,zoom_point,SELECT
,20.104,,,Obfuscated,,,,,c,,8.002,,,zoom_point,SELECT
,20.089,,,Obfuscated,,,,,c,,8.004,,,zoom_point,SELECT
,20.094,,,Obfuscated,,,,,c,,8.013,,,zoom_point,SELECT
,20.109,,,Obfuscated,,,,,c,,7.996,,,zoom_point,SELECT
,20.092,,,Obfuscated,,,,,c,,8.016,,,zoom_point,SELECT
,20.106,,,Obfuscated,,,,,c,,8.0,,,zoom_point,SELECT
,20.102,,,Obfuscated,,,,,c,,7.996,,,zoom_point,SELECT
,20.089,,,Obfuscated,,,,,c,,8.007,,,zoom_point,SELECT
,20.113,,,Obfuscated,,,,,c,,7.999,,,zoom_point,SELECT
,20.108,,,Obfuscated,,,,,c,,8.003,,,zoom_point,SELECT
,20.134,,,Obfuscated,,,,,c,,7.975,,,zoom_point,SELECT
,20.12,,,Obfuscated,,,,,c,,7.993,,,zoom_point,SELECT
,20.09,,,Obfuscated,,,,,c,,8.017,,,zoom_point,SELECT
,20.093,,,Obfuscated,,,,,c,,8.008,,,zoom_point,SELECT
,20.112,,,Obfuscated,,,,,c,,7.999,,,zoom_point,SELECT
,20.102,,,Obfuscated,,,,,c,,7.997,,,zoom_point,SELECT
,20.109,,,Obfuscated,,,,,c,,7.998,,,zoom_point,SELECT
,20.106,,,Obfuscated,,,,,c,,8.005,,,zoom_point,SELECT
,20.103,,,Obfuscated,,,,,c,,8.011,,,zoom_point,SELECT
,20.09,,,Obfuscated,,,,,c,,8.02,,,zoom_point,SELECT
,20.103,,,Obfuscated,,,,,c,,8.002,,,zoom_point,SELECT
,20.114,,,Obfuscated,,,,,c,,7.989,,,zoom_point,SELECT
,20.092,,,Obfuscated,,,,,c,,7.995,,,zoom_point,SELECT
,20.082,,,Obfuscated,,,,,c,,8.023,,,zoom_point,SELECT
,20.101,,,Obfuscated,,,,,c,,8.029,,,zoom_point,SELECT
,20.082,,,Obfuscated,,,,,c,,8.026,,,zoom_point,SELECT
,20.108,,,Obfuscated,,,,,c,,7.996,,,zoom_point,SELECT
,20.091,,,Obfuscated,,,,,c,,8.015,,,zoom_point,SELECT
,20.104,,,Obfuscated,,,,,c,,8.021,,,zoom_point,SELECT
,20.087,,,Obfuscated,,,,,c,,8.015,,,zoom_point,SELECT
,20.106,,,Obfuscated,,,,,c,,8.006,,,zoom_point,SELECT
,20.102,,,Obfuscated,,,,,c,,8.004,,,zoom_point,SELECT
,20.1,,,Obfuscated,,,,,c,,8.002,,,zoom_point,SELECT
,20.081,,,Obfuscated,,,,,c,,8.022,,,zoom_point,SELECT
,20.081,,,Obfuscated,,,,,c,,8.024,,,zoom_point,SELECT
,20.099,,,Obfuscated,,,,,c,,8.013,,,zoom_point,SELECT
,20.087,,,Obfuscated,,,,,c,,8.014,,,zoom_point,SELECT
,20.082,,,Obfuscated,,,,,c,,8.012,,,zoom_point,SELECT
,20.105,,,Obfuscated,,,,,c,,8.002,,,zoom_point,SELECT
,20.096,,,Obfuscated,,,,,c,,8.011,,,zoom_point,SELECT
,20.08,,,Obfuscated,,,,,c,,8.029,,,zoom_point,SELECT
,20.091,,,Obfuscated,,,,,c,,8.021,,,zoom_point,SELECT
,20.084,,,Obfuscated,,,,,c,,8.021,,,zoom_point,SELECT
,20.089,,,Obfuscated,,,,,c,,8.017,,,zoom_point,SELECT
,20.037,,,Obfuscated,,,,,c,,8.055,,,zoom_point,SELECT
,20.115,,,Obfuscated,,,,,c,,8.004,,,zoom_point,SELECT
,20.095,,,Obfuscated,,,,,c,,8.015,,,zoom_point,SELECT
,20.082,,,Obfuscated,,,,,c,,8.029,,,zoom_point,SELECT
,20.088,,,Obfuscated,,,,,c,,8.019,,,zoom_point,SELECT
,20.084,,,Obfuscated,,,,,c,,8.0,,,zoom_point,SELECT
,20.106,,,Obfuscated,,,,,c,,8.008,,,zoom_point,SELECT
,20.105,,,Obfuscated,,,,,c,,8.001,,,zoom_point,SELECT
,20.114,,,Obfuscated,,,,,c,,7.996,,,zoom_point,SELECT
,20.105,,,Obfuscated,,,,,c,,8.005,,,zoom_point,SELECT
,20.081,,,Obfuscated,,,,,c,,8.005,,,zoom_point,SELECT
,20.126,,,Obfuscated,,,,,c,,7.989,,,zoom_point,SELECT
,20.037,,,Obfuscated,,,,,c,,8.074,,,zoom_point,SELECT
,20.113,,,Obfuscated,,,,,c,,8.001,,,zoom_point,SELECT
,20.099,,,Obfuscated,,,,,c,,7.996,,,zoom_point,SELECT
,20.089,,,Obfuscated,,,,,c,,7.994,,,zoom_point,SELECT
,20.111,,,Obfuscated,,,,,c,,7.999,,,zoom_point,SELECT
,20.096,,,Obfuscated,,,,,c,,8.023,,,zoom_point,SELECT
,20.098,,,Obfuscated,,,,,c,,8.011,,,zoom_point,SELECT
,20.109,,,Obfuscated,,,,,c,,7.997,,,zoom_point,SELECT
,20.096,,,Obfuscated,,,,,c,,8.013,,,zoom_point,SELECT
,20.083,,,Obfuscated,,,,,c,,8.025,,,zoom_point,SELECT
,20.082,,,Obfuscated,,,,,c,,8.025,,,zoom_point,SELECT
,20.108,,,Obfuscated,,,,,c,,7.992,,,zoom_point,SELECT
,20.096,,,Obfuscated,,,,,c,,8.017,,,zoom_point,SELECT
,20.082,,,Obfuscated,,,,,c,,8.026,,,zoom_point,SELECT
,20.109,,,Obfuscated,,,,,c,,7.998,,,zoom_point,SELECT
,20.082,,,Obfuscated,,,,,c,,8.028,,,zoom_point,SELECT
,20.082,,,Obfuscated,,,,,c,,7.954,,,zoom_point,SELECT
,20.093,,,Obfuscated,,,,,c,,8.016,,,zoom_point,SELECT
,20.103,,,Obfuscated,,,,,c,,8.003,,,zoom_point,SELECT
,20.11,,,Obfuscated,,,,,c,,8.003,,,zoom_point,SELECT
,20.083,,,Obfuscated,,,,,c,,7.955,,,zoom_point,SELECT
,20.112,,,Obfuscated,,,,,c,,7.994,,,zoom_point,SELECT
,20.082,,,Obfuscated,,,,,c,,8.027,,,zoom_point,SELECT
,20.087,,,Obfuscated,,,,,c,,8.026,,,zoom_point,SELECT
,20.09,,,Obfuscated,,,,,c,,8.021,,,zoom_point,SELECT
,20.11,,,Obfuscated,,,,,c,,8.002,,,zoom_point,SELECT
,20.086,,,Obfuscated,,,,,c,,8.027,,,zoom_point,SELECT
,20.089,,,Obfuscated,,,,,c,,8.003,,,zoom_point,SELECT
,20.108,,,Obfuscated,,,,,c,,7.998,,,zoom_point,SELECT
,20.108,,,Obfuscated,,,,,c,,8.001,,,zoom_point,SELECT
,20.057,,,Obfuscated,,,,,c,,8.051,,,zoom_point,SELECT
,20.107,,,Obfuscated,,,,,c,,8.003,,,zoom_point,SELECT
,20.107,,,Obfuscated,,,,,c,,8.009,,,zoom_point,SELECT
,20.116,,,Obfuscated,,,,,c,,7.995,,,zoom_point,SELECT
,20.046,,,Obfuscated,,,,,c,,8.066,,,zoom_point,SELECT
,20.121,,,Obfuscated,,,,,c,,7.992,,,zoom_point,SELECT
,20.084,,,Obfuscated,,,,,c,,7.952,,,zoom_point,SELECT
,20.085,,,Obfuscated,,,,,c,,7.996,,,zoom_point,SELECT
,20.081,,,Obfuscated,,,,,c,,8.015,,,zoom_point,SELECT
,20.107,,,Obfuscated,,,,,c,,8.0,,,zoom_point,SELECT
,20.081,,,Obfuscated,,,,,c,,8.027,,,zoom_point,SELECT
,20.115,,,Obfuscated,,,,,c,,7.997,,,zoom_point,SELECT
,20.095,,,Obfuscated,,,,,c,,8.01,,,zoom_point,SELECT
,20.104,,,Obfuscated,,,,,c,,8.001,,,zoom_point,SELECT
,20.105,,,Obfuscated,,,,,c,,8.0,,,zoom_point,SELECT
,20.118,,,Obfuscated,,,,,c,,7.992,,,zoom_point,SELECT
,20.109,,,Obfuscated,,,,,c,,8.017,,,zoom_point,SELECT
,20.107,,,Obfuscated,,,,,c,,8.002,,,zoom_point,SELECT
,20.092,,,Obfuscated,,,,,c,,8.016,,,zoom_point,SELECT
,20.087,,,Obfuscated,,,,,c,,7.995,,,zoom_point,SELECT
,20.085,,,Obfuscated,,,,,c,,8.032,,,zoom_point,SELECT
,20.105,,,Obfuscated,,,,,c,,8.005,,,zoom_point,SELECT
,20.11,,,Obfuscated,,,,,c,,7.991,,,zoom_point,SELECT
,20.112,,,Obfuscated,,,,,c,,7.975,,,zoom_point,SELECT
,20.116,,,Obfuscated,,,,,c,,8.003,,,zoom_point,SELECT
,20.098,,,Obfuscated,,,,,c,,8.002,,,zoom_point,SELECT
,20.106,,,Obfuscated,,,,,c,,8.011,,,zoom_point,SELECT
,20.105,,,Obfuscated,,,,,c,,8.002,,,zoom_point,SELECT
,20.097,,,Obfuscated,,,,,c,,8.016,,,zoom_point,SELECT
,20.113,,,Obfuscated,,,,,c,,7.968,,,zoom_point,SELECT
,20.106,,,Obfuscated,,,,,c,,8.003,,,zoom_point,SELECT
,20.096,,,Obfuscated,,,,,c,,8.0,,,zoom_point,SELECT
,20.101,,,Obfuscated,,,,,c,,8.001,,,zoom_point,SELECT
,20.103,,,Obfuscated,,,,,c,,8.01,,,zoom_point,SELECT
,20.081,,,Obfuscated,,,,,c,,8.024,,,zoom_point,SELECT
,20.108,,,Obfuscated,,,,,c,,8.0,,,zoom_point,SELECT
,20.108,,,Obfuscated,,,,,c,,7.996,,,zoom_point,SELECT
,20.081,,,Obfuscated,,,,,c,,8.029,,,zoom_point,SELECT
,20.08,,,Obfuscated,,,,,c,,8.025,,,zoom_point,SELECT
,20.081,,,Obfuscated,,,,,c,,8.027,,,zoom_point,SELECT
,20.112,,,Obfuscated,,,,,c,,7.994,,,zoom_point,SELECT
,20.106,,,Obfuscated,,,,,c,,8.0,,,zoom_point,SELECT
,20.103,,,Obfuscated,,,,,c,,8.007,,,zoom_point,SELECT
,20.087,,,Obfuscated,,,,,c,,8.023,,,zoom_point,SELECT
,20.111,,,Obfuscated,,,,,c,,7.998,,,zoom_point,SELECT
,20.082,,,Obfuscated,,,,,c,,7.999,,,zoom_point,SELECT
,20.101,,,Obfuscated,,,,,c,,8.006,,,zoom_point,SELECT
,20.105,,,Obfuscated,,,,,c,,8.005,,,zoom_point,SELECT
,20.081,,,Obfuscated,,,,,c,,7.954,,,zoom_point,SELECT
,20.118,,,Obfuscated,,,,,c,,8.004,,,zoom_point,SELECT
,20.111,,,Obfuscated,,,,,c,,7.995,,,zoom_point,SELECT
,20.106,,,Obfuscated,,,,,c,,8.003,,,zoom_point,SELECT
,20.081,,,Obfuscated,,,,,c,,8.027,,,zoom_point,SELECT
,20.105,,,Obfuscated,,,,,c,,8.004,,,zoom_point,SELECT
,20.08,,,Obfuscated,,,,,c,,8.027,,,zoom_point,SELECT
,20.105,,,Obfuscated,,,,,c,,8.005,,,zoom_point,SELECT
,20.11,,,Obfuscated,,,,,c,,8.002,,,zoom_point,SELECT
,20.103,,,Obfuscated,,,,,c,,8.009,,,zoom_point,SELECT
,20.091,,,Obfuscated,,,,,c,,7.947,,,zoom_point,SELECT
,20.113,,,Obfuscated,,,,,c,,7.998,,,zoom_point,SELECT
,20.106,,,Obfuscated,,,,,c,,8.002,,,zoom_point,SELECT
,20.091,,,Obfuscated,,,,,c,,8.026,,,zoom_point,SELECT
,20.107,,,Obfuscated,,,,,c,,8.002,,,zoom_point,SELECT
,20.045,,,Obfuscated,,,,,c,,8.075,,,zoom_point,SELECT
,20.108,,,Obfuscated,,,,,c,,8.001,,,zoom_point,SELECT
,20.102,,,Obfuscated,,,,,c,,8.004,,,zoom_point,SELECT
,20.104,,,Obfuscated,,,,,c,,8.003,,,zoom_point,SELECT
,20.107,,,Obfuscated,,,,,c,,7.997,,,zoom_point,SELECT
,20.082,,,Obfuscated,,,,,c,,8.02,,,zoom_point,SELECT
,20.081,,,Obfuscated,,,,,c,,8.016,,,zoom_point,SELECT
,20.082,,,Obfuscated,,,,,c,,8.018,,,zoom_point,SELECT
,20.101,,,Obfuscated,,,,,c,,8.008,,,zoom_point,SELECT
,20.105,,,Obfuscated,,,,,c,,7.996,,,zoom_point,SELECT
,20.04,,,Obfuscated,,,,,c,,8.003,,,zoom_point,SELECT
,20.082,,,Obfuscated,,,,,c,,8.01,,,zoom_point,SELECT
,20.104,,,Obfuscated,,,,,c,,8.0,,,zoom_point,SELECT
,20.081,,,Obfuscated,,,,,c,,8.025,,,zoom_point,SELECT
,20.096,,,Obfuscated,,,,,c,,8.012,,,zoom_point,SELECT
,20.085,,,Obfuscated,,,,,c,,7.95,,,zoom_point,SELECT
,20.113,,,Obfuscated,,,,,c,,7.998,,,zoom_point,SELECT
,20.102,,,Obfuscated,,,,,c,,8.004,,,zoom_point,SELECT
,20.113,,,Obfuscated,,,,,c,,7.992,,,zoom_point,SELECT
,20.086,,,Obfuscated,,,,,c,,8.023,,,zoom_point,SELECT
,20.082,,,Obfuscated,,,,,c,,8.023,,,zoom_point,SELECT
,20.105,,,Obfuscated,,,,,c,,8.004,,,zoom_point,SELECT
,20.083,,,Obfuscated,,,,,c,,7.998,,,zoom_point,SELECT
,20.105,,,Obfuscated,,,,,c,,8.005,,,zoom_point,SELECT
,20.089,,,Obfuscated,,,,,c,,8.017,,,zoom_point,SELECT
,20.088,,,Obfuscated,,,,,c,,8.026,,,zoom_point,SELECT
,20.109,,,Obfuscated,,,,,c,,8.008,,,zoom_point,SELECT
,20.097,,,Obfuscated,,,,,c,,8.007,,,zoom_point,SELECT
,20.101,,,Obfuscated,,,,,c,,8.01,,,zoom_point,SELECT
,20.037,,,Obfuscated,,,,,c,,8.044,,,zoom_point,SELECT
,20.102,,,Obfuscated,,,,,c,,7.934,,,zoom_point,SELECT
,20.108,,,Obfuscated,,,,,c,,8.003,,,zoom_point,SELECT
,20.043,,,Obfuscated,,,,,c,,8.043,,,zoom_point,SELECT
,20.082,,,Obfuscated,,,,,c,,8.024,,,zoom_point,SELECT
,20.109,,,Obfuscated,,,,,c,,8.0,,,zoom_point,SELECT
,20.083,,,Obfuscated,,,,,c,,8.022,,,zoom_point,SELECT
,20.108,,,Obfuscated,,,,,c,,8.002,,,zoom_point,SELECT
,20.083,,,Obfuscated,,,,,c,,8.031,,,zoom_point,SELECT
,20.097,,,Obfuscated,,,,,c,,8.018,,,zoom_point,SELECT
,20.107,,,Obfuscated,,,,,c,,7.981,,,zoom_point,SELECT
,20.11,,,Obfuscated,,,,,c,,7.994,,,zoom_point,SELECT
,20.108,,,Obfuscated,,,,,c,,7.997,,,zoom_point,SELECT
,20.113,,,Obfuscated,,,,,c,,7.998,,,zoom_point,SELECT
,20.103,,,Obfuscated,,,,,c,,8.006,,,zoom_point,SELECT
,20.107,,,Obfuscated,,,,,c,,8.006,,,zoom_point,SELECT
,20.082,,,Obfuscated,,,,,c,,8.032,,,zoom_point,SELECT
,20.082,,,Obfuscated,,,,,c,,8.045,,,zoom_point,SELECT
,20.104,,,Obfuscated,,,,,c,,7.99,,,zoom_point,SELECT
,20.11,,,Obfuscated,,,,,c,,8.002,,,zoom_point,SELECT
,20.082,,,Obfuscated,,,,,c,,8.029,,,zoom_point,SELECT
,20.083,,,Obfuscated,,,,,c,,7.953,,,zoom_point,SELECT
,20.102,,,Obfuscated,,,,,c,,8.008,,,zoom_point,SELECT
,20.104,,,Obfuscated,,,,,c,,8.001,,,zoom_point,SELECT
,20.08,,,Obfuscated,,,,,c,,8.036,,,zoom_point,SELECT
,20.08,,,Obfuscated,,,,,c,,7.954,,,zoom_point,SELECT
,20.082,,,Obfuscated,,,,,c,,8.031,,,zoom_point,SELECT
,20.084,,,Obfuscated,,,,,c,,8.027,,,zoom_point,SELECT
,20.1,,,Obfuscated,,,,,c,,8.004,,,zoom_point,SELECT
,20.037,,,Obfuscated,,,,,c,,8.043,,,zoom_point,SELECT
,20.039,,,Obfuscated,,,,,c,,8.011,,,zoom_point,SELECT
,20.082,,,Obfuscated,,,,,c,,8.024,,,zoom_point,SELECT
,20.082,,,Obfuscated,,,,,c,,7.998,,,zoom_point,SELECT
,20.087,,,Obfuscated,,,,,c,,8.025,,,zoom_point,SELECT
,20.086,,,Obfuscated,,,,,c,,7.999,,,zoom_point,SELECT
,20.108,,,Obfuscated,,,,,c,,8.003,,,zoom_point,SELECT
,20.082,,,Obfuscated,,,,,c,,8.027,,,zoom_point,SELECT
,20.114,,,Obfuscated,,,,,c,,8.031,,,zoom_point,SELECT
,20.081,,,Obfuscated,,,,,c,,8.026,,,zoom_point,SELECT
,20.081,,,Obfuscated,,,,,c,,8.025,,,zoom_point,SELECT
,20.109,,,Obfuscated,,,,,c,,8.002,,,zoom_point,SELECT
,20.108,,,Obfuscated,,,,,c,,8.0,,,zoom_point,SELECT
,20.082,,,Obfuscated,,,,,c,,8.023,,,zoom_point,SELECT
,20.107,,,Obfuscated,,,,,c,,8.006,,,zoom_point,SELECT
,20.084,,,Obfuscated,,,,,c,,8.025,,,zoom_point,SELECT
,20.085,,,Obfuscated,,,,,c,,8.021,,,zoom_point,SELECT
,20.082,,,Obfuscated,,,,,c,,8.024,,,zoom_point,SELECT
,20.087,,,Obfuscated,,,,,c,,8.022,,,zoom_point,SELECT
,20.082,,,Obfuscated,,,,,c,,8.023,,,zoom_point,SELECT
,20.1,,,Obfuscated,,,,,c,,8.004,,,zoom_point,SELECT
,20.097,,,Obfuscated,,,,,c,,8.005,,,zoom_point,SELECT
,20.106,,,Obfuscated,,,,,c,,8.004,,,zoom_point,SELECT
,20.093,,,Obfuscated,,,,,c,,8.009,,,zoom_point,SELECT
,20.094,,,Obfuscated,,,,,c,,8.015,,,zoom_point,SELECT
,20.108,,,Obfuscated,,,,,c,,7.996,,,zoom_point,SELECT
,20.102,,,Obfuscated,,,,,c,,8.0,,,zoom_point,SELECT
,20.105,,,Obfuscated,,,,,c,,7.999,,,zoom_point,SELECT
,20.082,,,Obfuscated,,,,,c,,8.028,,,zoom_point,SELECT
,20.106,,,Obfuscated,,,,,c,,8.002,,,zoom_point,SELECT
,20.081,,,Obfuscated,,,,,c,,8.032,,,zoom_point,SELECT
,20.088,,,Obfuscated,,,,,c,,7.999,,,zoom_point,SELECT
,20.107,,,Obfuscated,,,,,c,,7.98,,,zoom_point,SELECT
,20.105,,,Obfuscated,,,,,c,,8.001,,,zoom_point,SELECT
,20.105,,,Obfuscated,,,,,c,,8.005,,,zoom_point,SELECT
,20.083,,,Obfuscated,,,,,c,,8.03,,,zoom_point,SELECT
,20.104,,,Obfuscated,,,,,c,,8.002,,,zoom_point,SELECT
,20.039,,,Obfuscated,,,,,c,,8.043,,,zoom_point,SELECT
,20.104,,,Obfuscated,,,,,c,,7.999,,,zoom_point,SELECT
,20.094,,,Obfuscated,,,,,c,,8.014,,,zoom_point,SELECT
,20.108,,,Obfuscated,,,,,c,,7.971,,,zoom_point,SELECT
,20.081,,,Obfuscated,,,,,c,,8.024,,,zoom_point,SELECT
,20.082,,,Obfuscated,,,,,c,,8.027,,,zoom_point,SELECT
,20.087,,,Obfuscated,,,,,c,,8.013,,,zoom_point,SELECT
,20.108,,,Obfuscated,,,,,c,,7.998,,,zoom_point,SELECT
,20.044,,,Obfuscated,,,,,c,,7.992,,,zoom_point,SELECT
,20.08,,,Obfuscated,,,,,c,,8.028,,,zoom_point,SELECT
,20.101,,,Obfuscated,,,,,c,,8.003,,,zoom_point,SELECT
,20.106,,,Obfuscated,,,,,c,,8.004,,,zoom_point,SELECT
,20.08,,,Obfuscated,,,,,c,,8.024,,,zoom_point,SELECT
,20.112,,,Obfuscated,,,,,c,,8.01,,,zoom_point,SELECT
,20.087,,,Obfuscated,,,,,c,,8.025,,,zoom_point,SELECT
,20.102,,,Obfuscated,,,,,c,,8.002,,,zoom_point,SELECT
,20.103,,,Obfuscated,,,,,c,,8.005,,,zoom_point,SELECT
,20.1,,,Obfuscated,,,,,c,,7.997,,,zoom_point,SELECT
,20.109,,,Obfuscated,,,,,c,,7.998,,,zoom_point,SELECT
,20.083,,,Obfuscated,,,,,c,,8.025,,,zoom_point,SELECT
,20.097,,,Obfuscated,,,,,c,,8.013,,,zoom_point,SELECT
,20.103,,,Obfuscated,,,,,c,,8.0,,,zoom_point,SELECT
,20.11,,,Obfuscated,,,,,c,,7.997,,,zoom_point,SELECT
,20.089,,,Obfuscated,,,,,c,,8.016,,,zoom_point,SELECT
,20.105,,,Obfuscated,,,,,c,,8.0,,,zoom_point,SELECT
,20.091,,,Obfuscated,,,,,c,,8.016,,,zoom_point,SELECT
,20.082,,,Obfuscated,,,,,c,,8.014,,,zoom_point,SELECT
,20.088,,,Obfuscated,,,,,c,,8.021,,,zoom_point,SELECT
,20.105,,,Obfuscated,,,,,c,,7.992,,,zoom_point,SELECT
,20.101,,,Obfuscated,,,,,c,,8.005,,,zoom_point,SELECT
,20.087,,,Obfuscated,,,,,c,,8.012,,,zoom_point,SELECT
,20.11,,,Obfuscated,,,,,c,,7.995,,,zoom_point,SELECT
,20.101,,,Obfuscated,,,,,c,,8.011,,,zoom_point,SELECT
,20.086,,,Obfuscated,,,,,c,,8.027,,,zoom_point,SELECT
,20.109,,,Obfuscated,,,,,c,,7.989,,,zoom_point,SELECT
,20.113,,,Obfuscated,,,,,c,,7.995,,,zoom_point,SELECT
,20.097,,,Obfuscated,,,,,c,,8.011,,,zoom_point,SELECT
,20.105,,,Obfuscated,,,,,c,,8.005,,,zoom_point,SELECT
,20.109,,,Obfuscated,,,,,c,,8.003,,,zoom_point,SELECT
,20.105,,,Obfuscated,,,,,c,,8.0,,,zoom_point,SELECT
,20.083,,,Obfuscated,,,,,c,,8.027,,,zoom_point,SELECT
,20.082,,,Obfuscated,,,,,c,,8.024,,,zoom_point,SELECT
,20.037,,,Obfuscated,,,,,c,,8.07,,,zoom_point,SELECT
,20.082,,,Obfuscated,,,,,c,,8.028,,,zoom_point,SELECT
,20.106,,,Obfuscated,,,,,c,,7.991,,,zoom_point,SELECT
,20.08,,,Obfuscated,,,,,c,,8.026,,,zoom_point,SELECT
,20.088,,,Obfuscated,,,,,c,,8.021,,,zoom_point,SELECT
,20.082,,,Obfuscated,,,,,c,,8.019,,,zoom_point,SELECT
,20.103,,,Obfuscated,,,,,c,,8.001,,,zoom_point,SELECT
,20.04,,,Obfuscated,,,,,c,,8.044,,,zoom_point,SELECT
,20.109,,,Obfuscated,,,,,c,,8.0,,,zoom_point,SELECT
,20.083,,,Obfuscated,,,,,c,,8.023,,,zoom_point,SELECT
,20.083,,,Obfuscated,,,,,c,,8.029,,,zoom_point,SELECT
,20.106,,,Obfuscated,,,,,c,,8.01,,,zoom_point,SELECT
,20.106,,,Obfuscated,,,,,c,,8.001,,,zoom_point,SELECT
,20.111,,,Obfuscated,,,,,c,,8.001,,,zoom_point,SELECT
,20.107,,,Obfuscated,,,,,c,,8.003,,,zoom_point,SELECT
,20.089,,,Obfuscated,,,,,c,,8.019,,,zoom_point,SELECT
,20.088,,,Obfuscated,,,,,c,,8.026,,,zoom_point,SELECT
,20.112,,,Obfuscated,,,,,c,,7.999,,,zoom_point,SELECT
,20.088,,,Obfuscated,,,,,c,,8.007,,,zoom_point,SELECT
,20.11,,,Obfuscated,,,,,c,,7.998,,,zoom_point,SELECT
,20.102,,,Obfuscated,,,,,c,,8.003,,,zoom_point,SELECT
,20.082,,,Obfuscated,,,,,c,,8.026,,,zoom_point,SELECT
,20.115,,,Obfuscated,,,,,c,,7.992,,,zoom_point,SELECT
,20.108,,,Obfuscated,,,,,c,,7.974,,,zoom_point,SELECT
,20.081,,,Obfuscated,,,,,c,,8.003,,,zoom_point,SELECT
,20.114,,,Obfuscated,,,,,c,,7.998,,,zoom_point,SELECT
,20.106,,,Obfuscated,,,,,c,,8.001,,,zoom_point,SELECT
,20.102,,,Obfuscated,,,,,c,,7.995,,,zoom_point,SELECT
,20.081,,,Obfuscated,,,,,c,,8.027,,,zoom_point,SELECT
,20.082,,,Obfuscated,,,,,c,,8.027,,,zoom_point,SELECT
,20.108,,,Obfuscated,,,,,c,,7.972,,,zoom_point,SELECT
,20.105,,,Obfuscated,,,,,c,,7.993,,,zoom_point,SELECT
,20.116,,,Obfuscated,,,,,c,,7.995,,,zoom_point,SELECT
,20.103,,,Obfuscated,,,,,c,,8.002,,,zoom_point,SELECT
,20.107,,,Obfuscated,,,,,c,,7.999,,,zoom_point,SELECT
,20.082,,,Obfuscated,,,,,c,,8.028,,,zoom_point,SELECT
,20.107,,,Obfuscated,,,,,c,,7.997,,,zoom_point,SELECT
,20.111,,,Obfuscated,,,,,c,,7.997,,,zoom_point,SELECT
,20.099,,,Obfuscated,,,,,c,,8.013,,,zoom_point,SELECT
,20.099,,,Obfuscated,,,,,c,,8.019,,,zoom_point,SELECT
,20.105,,,Obfuscated,,,,,c,,8.002,,,zoom_point,SELECT
,20.082,,,Obfuscated,,,,,c,,8.028,,,zoom_point,SELECT
,20.087,,,Obfuscated,,,,,c,,8.024,,,zoom_point,SELECT
,20.037,,,Obfuscated,,,,,c,,8.069,,,zoom_point,SELECT
,20.082,,,Obfuscated,,,,,c,,8.025,,,zoom_point,SELECT
,20.084,,,Obfuscated,,,,,c,,7.998,,,zoom_point,SELECT
,20.083,,,Obfuscated,,,,,c,,8.03,,,zoom_point,SELECT
,20.082,,,Obfuscated,,,,,c,,8.024,,,zoom_point,SELECT
,20.081,,,Obfuscated,,,,,c,,8.028,,,zoom_point,SELECT
,20.104,,,Obfuscated,,,,,c,,8.001,,,zoom_point,SELECT
,20.082,,,Obfuscated,,,,,c,,8.028,,,zoom_point,SELECT
,20.106,,,Obfuscated,,,,,c,,8.006,,,zoom_point,SELECT
,20.087,,,Obfuscated,,,,,c,,8.012,,,zoom_point,SELECT
,20.114,,,Obfuscated,,,,,c,,7.999,,,zoom_point,SELECT
,20.089,,,Obfuscated,,,,,c,,8.019,,,zoom_point,SELECT
,20.11,,,Obfuscated,,,,,c,,8.0,,,zoom_point,SELECT
,20.109,,,Obfuscated,,,,,c,,7.998,,,zoom_point,SELECT
,20.108,,,Obfuscated,,,,,c,,7.999,,,zoom_point,SELECT
,20.088,,,Obfuscated,,,,,c,,8.015,,,zoom_point,SELECT
,20.116,,,Obfuscated,,,,,c,,7.993,,,zoom_point,SELECT
,20.093,,,Obfuscated,,,,,c,,8.021,,,zoom_point,SELECT
,20.09,,,Obfuscated,,,,,c,,8.023,,,zoom_point,SELECT
,20.091,,,Obfuscated,,,,,c,,8.015,,,zoom_point,SELECT
,20.082,,,Obfuscated,,,,,c,,8.01,,,zoom_point,SELECT
,20.11,,,Obfuscated,,,,,c,,7.997,,,zoom_point,SELECT
,20.106,,,Obfuscated,,,,,c,,8.0,,,zoom_point,SELECT
,20.107,,,Obfuscated,,,,,c,,8.004,,,zoom_point,SELECT
,20.037,,,Obfuscated,,,,,c,,8.069,,,zoom_point,SELECT
,20.11,,,Obfuscated,,,,,c,,8.003,,,zoom_point,SELECT
,20.109,,,Obfuscated,,,,,c,,8.037,,,zoom_point,SELECT
,20.102,,,Obfuscated,,,,,c,,8.008,,,zoom_point,SELECT
,20.082,,,Obfuscated,,,,,c,,8.027,,,zoom_point,SELECT
,20.112,,,Obfuscated,,,,,c,,8.005,,,zoom_point,SELECT
,20.086,,,Obfuscated,,,,,c,,8.025,,,zoom_point,SELECT
,20.108,,,Obfuscated,,,,,c,,7.997,,,zoom_point,SELECT
,20.089,,,Obfuscated,,,,,c,,8.017,,,zoom_point,SELECT
,20.102,,,Obfuscated,,,,,c,,8.004,,,zoom_point,SELECT
,20.102,,,Obfuscated,,,,,c,,8.025,,,zoom_point,SELECT
,20.105,,,Obfuscated,,,,,c,,7.999,,,zoom_point,SELECT
,20.1,,,Obfuscated,,,,,c,,8.005,,,zoom_point,SELECT
,20.082,,,Obfuscated,,,,,c,,8.024,,,zoom_point,SELECT
,20.115,,,Obfuscated,,,,,c,,7.998,,,zoom_point,SELECT
,20.092,,,Obfuscated,,,,,c,,7.994,,,zoom_point,SELECT
,20.115,,,Obfuscated,,,,,c,,7.992,,,zoom_point,SELECT
,20.038,,,Obfuscated,,,,,c,,8.043,,,zoom_point,SELECT
,20.102,,,Obfuscated,,,,,c,,8.007,,,zoom_point,SELECT
,20.09,,,Obfuscated,,,,,c,,7.989,,,zoom_point,SELECT
,20.114,,,Obfuscated,,,,,c,,7.968,,,zoom_point,SELECT
,20.104,,,Obfuscated,,,,,c,,7.998,,,zoom_point,SELECT
,20.104,,,Obfuscated,,,,,c,,8.005,,,zoom_point,SELECT
,20.109,,,Obfuscated,,,,,c,,8.0,,,zoom_point,SELECT
,20.099,,,Obfuscated,,,,,c,,8.005,,,zoom_point,SELECT
,20.039,,,Obfuscated,,,,,c,,8.055,,,zoom_point,SELECT
,20.105,,,Obfuscated,,,,,c,,8.008,,,zoom_point,SELECT
,20.12,,,Obfuscated,,,,,c,,7.994,,,zoom_point,SELECT
,20.106,,,Obfuscated,,,,,c,,8.002,,,zoom_point,SELECT
,20.103,,,Obfuscated,,,,,c,,8.011,,,zoom_point,SELECT
,20.104,,,Obfuscated,,,,,c,,8.004,,,zoom_point,SELECT
,20.117,,,Obfuscated,,,,,c,,7.996,,,zoom_point,SELECT
,20.095,,,Obfuscated,,,,,c,,8.009,,,zoom_point,SELECT
,20.096,,,Obfuscated,,,,,c,,8.001,,,zoom_point,SELECT
,20.037,,,Obfuscated,,,,,c,,7.999,,,zoom_point,SELECT
,20.13,,,Obfuscated,,,,,c,,7.968,,,zoom_point,SELECT
,20.082,,,Obfuscated,,,,,c,,8.034,,,zoom_point,SELECT
,20.111,,,Obfuscated,,,,,c,,7.986,,,zoom_point,SELECT
,20.082,,,Obfuscated,,,,,c,,8.02,,,zoom_point,SELECT
,20.082,,,Obfuscated,,,,,c,,7.953,,,zoom_point,SELECT
,20.086,,,Obfuscated,,,,,c,,8.024,,,zoom_point,SELECT
,20.037,,,Obfuscated,,,,,c,,8.045,,,zoom_point,SELECT
,20.105,,,Obfuscated,,,,,c,,8.003,,,zoom_point,SELECT
,20.11,,,Obfuscated,,,,,c,,8.001,,,zoom_point,SELECT
,20.11,,,Obfuscated,,,,,c,,8.005,,,zoom_point,SELECT
,20.082,,,Obfuscated,,,,,c,,8.022,,,zoom_point,SELECT
,20.106,,,Obfuscated,,,,,c,,7.985,,,zoom_point,SELECT
,20.108,,,Obfuscated,,,,,c,,8.005,,,zoom_point,SELECT
,20.082,,,Obfuscated,,,,,c,,8.023,,,zoom_point,SELECT
,20.088,,,Obfuscated,,,,,c,,8.021,,,zoom_point,SELECT
,20.103,,,Obfuscated,,,,,c,,8.008,,,zoom_point,SELECT
,20.082,,,Obfuscated,,,,,c,,8.023,,,zoom_point,SELECT
,20.102,,,Obfuscated,,,,,c,,7.996,,,zoom_point,SELECT
,20.102,,,Obfuscated,,,,,c,,7.995,,,zoom_point,SELECT
,20.082,,,Obfuscated,,,,,c,,8.026,,,zoom_point,SELECT
,20.102,,,Obfuscated,,,,,c,,7.995,,,zoom_point,SELECT
,20.087,,,Obfuscated,,,,,c,,8.023,,,zoom_point,SELECT
,20.107,,,Obfuscated,,,,,c,,7.998,,,zoom_point,SELECT
,20.102,,,Obfuscated,,,,,c,,8.008,,,zoom_point,SELECT
,20.095,,,Obfuscated,,,,,c,,8.011,,,zoom_point,SELECT
,20.097,,,Obfuscated,,,,,c,,8.022,,,zoom_point,SELECT
,20.081,,,Obfuscated,,,,,c,,8.003,,,zoom_point,SELECT
,20.101,,,Obfuscated,,,,,c,,8.004,,,zoom_point,SELECT
,20.039,,,Obfuscated,,,,,c,,7.997,,,zoom_point,SELECT
,20.102,,,Obfuscated,,,,,c,,8.006,,,zoom_point,SELECT
,20.078,,,Obfuscated,,,,,c,,7.999,,,zoom_point,SELECT
,20.107,,,Obfuscated,,,,,c,,8.002,,,zoom_point,SELECT
,20.102,,,Obfuscated,,,,,c,,8.003,,,zoom_point,SELECT
,20.105,,,Obfuscated,,,,,c,,8.001,,,zoom_point,SELECT
,20.106,,,Obfuscated,,,,,c,,8.005,,,zoom_point,SELECT
,20.11,,,Obfuscated,,,,,c,,7.992,,,zoom_point,SELECT
,20.106,,,Obfuscated,,,,,c,,7.999,,,zoom_point,SELECT
,20.091,,,Obfuscated,,,,,c,,8.018,,,zoom_point,SELECT
,20.106,,,Obfuscated,,,,,c,,8.0,,,zoom_point,SELECT
,20.088,,,Obfuscated,,,,,c,,8.019,,,zoom_point,SELECT
,20.084,,,Obfuscated,,,,,c,,8.02,,,zoom_point,SELECT
,20.106,,,Obfuscated,,,,,c,,7.992,,,zoom_point,SELECT
,20.106,,,Obfuscated,,,,,c,,8.029,,,zoom_point,SELECT
,20.106,,,Obfuscated,,,,,c,,7.999,,,zoom_point,SELECT
,20.091,,,Obfuscated,,,,,c,,8.025,,,zoom_point,SELECT
,20.09,,,Obfuscated,,,,,c,,8.023,,,zoom_point,SELECT
,20.086,,,Obfuscated,,,,,c,,8.022,,,zoom_point,SELECT
,20.09,,,Obfuscated,,,,,c,,8.019,,,zoom_point,SELECT
,20.089,,,Obfuscated,,,,,c,,7.999,,,zoom_point,SELECT
,20.09,,,Obfuscated,,,,,c,,8.019,,,zoom_point,SELECT
,20.041,,,Obfuscated,,,,,c,,8.05,,,zoom_point,SELECT
,20.107,,,Obfuscated,,,,,c,,8.004,,,zoom_point,SELECT
,20.106,,,Obfuscated,,,,,c,,8.005,,,zoom_point,SELECT
,20.106,,,Obfuscated,,,,,c,,8.007,,,zoom_point,SELECT
,20.105,,,Obfuscated,,,,,c,,8.001,,,zoom_point,SELECT
,20.109,,,Obfuscated,,,,,c,,7.997,,,zoom_point,SELECT
,20.106,,,Obfuscated,,,,,c,,8.005,,,zoom_point,SELECT
,20.103,,,Obfuscated,,,,,c,,8.008,,,zoom_point,SELECT
,20.081,,,Obfuscated,,,,,c,,8.024,,,zoom_point,SELECT
,20.082,,,Obfuscated,,,,,c,,8.03,,,zoom_point,SELECT
,20.08,,,Obfuscated,,,,,c,,8.028,,,zoom_point,SELECT
,20.105,,,Obfuscated,,,,,c,,7.999,,,zoom_point,SELECT
,20.087,,,Obfuscated,,,,,c,,7.995,,,zoom_point,SELECT
,20.096,,,Obfuscated,,,,,c,,8.011,,,zoom_point,SELECT
,20.105,,,Obfuscated,,,,,c,,8.003,,,zoom_point,SELECT
,20.08,,,Obfuscated,,,,,c,,8.024,,,zoom_point,SELECT
,20.1,,,Obfuscated,,,,,c,,8.008,,,zoom_point,SELECT
,20.095,,,Obfuscated,,,,,c,,8.013,,,zoom_point,SELECT
,20.105,,,Obfuscated,,,,,c,,8.0,,,zoom_point,SELECT
,20.113,,,Obfuscated,,,,,c,,8.009,,,zoom_point,SELECT
,20.099,,,Obfuscated,,,,,c,,8.007,,,zoom_point,SELECT
,20.085,,,Obfuscated,,,,,c,,8.027,,,zoom_point,SELECT
,20.103,,,Obfuscated,,,,,c,,8.007,,,zoom_point,SELECT
,20.106,,,Obfuscated,,,,,c,,7.999,,,zoom_point,SELECT
,20.103,,,Obfuscated,,,,,c,,8.005,,,zoom_point,SELECT
,20.037,,,Obfuscated,,,,,c,,8.047,,,zoom_point,SELECT
,20.084,,,Obfuscated,,,,,c,,8.023,,,zoom_point,SELECT
,20.108,,,Obfuscated,,,,,c,,7.994,,,zoom_point,SELECT
,20.082,,,Obfuscated,,,,,c,,8.023,,,zoom_point,SELECT
,20.102,,,Obfuscated,,,,,c,,8.004,,,zoom_point,SELECT
,20.082,,,Obfuscated,,,,,c,,8.0,,,zoom_point,SELECT
,20.081,,,Obfuscated,,,,,c,,8.007,,,zoom_point,SELECT
,20.092,,,Obfuscated,,,,,c,,8.0,,,zoom_point,SELECT
,20.089,,,Obfuscated,,,,,c,,7.992,,,zoom_point,SELECT
,20.085,,,Obfuscated,,,,,c,,8.026,,,zoom_point,SELECT
,20.108,,,Obfuscated,,,,,c,,7.997,,,zoom_point,SELECT
,20.115,,,Obfuscated,,,,,c,,7.921,,,zoom_point,SELECT
,20.105,,,Obfuscated,,,,,c,,8.003,,,zoom_point,SELECT
,20.106,,,Obfuscated,,,,,c,,8.004,,,zoom_point,SELECT
,20.094,,,Obfuscated,,,,,c,,8.018,,,zoom_point,SELECT
,20.082,,,Obfuscated,,,,,c,,8.0,,,zoom_point,SELECT
,20.119,,,Obfuscated,,,,,c,,7.995,,,zoom_point,SELECT
,20.088,,,Obfuscated,,,,,c,,8.026,,,zoom_point,SELECT
,20.108,,,Obfuscated,,,,,c,,7.99,,,zoom_point,SELECT
,20.112,,,Obfuscated,,,,,c,,8.005,,,zoom_point,SELECT
,20.105,,,Obfuscated,,,,,c,,8.005,,,zoom_point,SELECT
,20.111,,,Obfuscated,,,,,c,,8.0,,,zoom_point,SELECT
,20.081,,,Obfuscated,,,,,c,,8.024,,,zoom_point,SELECT
,20.102,,,Obfuscated,,,,,c,,8.008,,,zoom_point,SELECT
,20.1,,,Obfuscated,,,,,c,,8.012,,,zoom_point,SELECT
,20.108,,,Obfuscated,,,,,c,,8.002,,,zoom_point,SELECT
,20.104,,,Obfuscated,,,,,c,,8.0,,,zoom_point,SELECT
,20.104,,,Obfuscated,,,,,c,,8.011,,,zoom_point,SELECT
,20.111,,,Obfuscated,,,,,c,,8.0,,,zoom_point,SELECT
,20.08,,,Obfuscated,,,,,c,,8.024,,,zoom_point,SELECT
,20.1,,,Obfuscated,,,,,c,,7.999,,,zoom_point,SELECT
,20.083,,,Obfuscated,,,,,c,,8.026,,,zoom_point,SELECT
,20.105,,,Obfuscated,,,,,c,,8.004,,,zoom_point,SELECT
,20.082,,,Obfuscated,,,,,c,,8.002,,,zoom_point,SELECT
,20.081,,,Obfuscated,,,,,c,,8.027,,,zoom_point,SELECT
,20.081,,,Obfuscated,,,,,c,,8.03,,,zoom_point,SELECT
,20.109,,,Obfuscated,,,,,c,,8.003,,,zoom_point,SELECT
,20.103,,,Obfuscated,,,,,c,,7.991,,,zoom_point,SELECT
,20.101,,,Obfuscated,,,,,c,,8.009,,,zoom_point,SELECT
,20.081,,,Obfuscated,,,,,c,,8.025,,,zoom_point,SELECT
,20.082,,,Obfuscated,,,,,c,,8.008,,,zoom_point,SELECT
,20.105,,,Obfuscated,,,,,c,,7.985,,,zoom_point,SELECT
,20.105,,,Obfuscated,,,,,c,,8.001,,,zoom_point,SELECT
,20.085,,,Obfuscated,,,,,c,,8.026,,,zoom_point,SELECT
,20.106,,,Obfuscated,,,,,c,,7.999,,,zoom_point,SELECT
,20.09,,,Obfuscated,,,,,c,,8.015,,,zoom_point,SELECT
,20.081,,,Obfuscated,,,,,c,,8.033,,,zoom_point,SELECT
,20.081,,,Obfuscated,,,,,c,,8.028,,,zoom_point,SELECT
,20.101,,,Obfuscated,,,,,c,,8.004,,,zoom_point,SELECT
,20.1,,,Obfuscated,,,,,c,,8.002,,,zoom_point,SELECT
,20.102,,,Obfuscated,,,,,c,,8.003,,,zoom_point,SELECT
,20.095,,,Obfuscated,,,,,c,,8.019,,,zoom_point,SELECT
,20.107,,,Obfuscated,,,,,c,,8.005,,,zoom_point,SELECT
,20.096,,,Obfuscated,,,,,c,,8.017,,,zoom_point,SELECT
,20.081,,,Obfuscated,,,,,c,,8.025,,,zoom_point,SELECT
,20.083,,,Obfuscated,,,,,c,,8.024,,,zoom_point,SELECT
,20.106,,,Obfuscated,,,,,c,,7.99,,,zoom_point,SELECT
,20.107,,,Obfuscated,,,,,c,,8.003,,,zoom_point,SELECT
,20.103,,,Obfuscated,,,,,c,,8.005,,,zoom_point,SELECT
,20.086,,,Obfuscated,,,,,c,,8.023,,,zoom_point,SELECT
,20.086,,,Obfuscated,,,,,c,,8.021,,,zoom_point,SELECT
,20.109,,,Obfuscated,,,,,c,,8.001,,,zoom_point,SELECT
,,,,Obfuscated,,900,2640,2636,c,,,,,zoom_coverage,SELECT
,20.107,,,Obfuscated,,,,,c,,8.0,,,zoom_point,OPERATE
,20.109,,,Obfuscated,,,,,c,,8.002,,,zoom_point,OPERATE
,20.113,,,Obfuscated,,,,,c,,7.999,,,zoom_point,OPERATE
,20.108,,,Obfuscated,,,,,c,,8.0,,,zoom_point,OPERATE
,20.108,,,Obfuscated,,,,,c,,8.004,,,zoom_point,OPERATE
,20.113,,,Obfuscated,,,,,c,,7.996,,,zoom_point,OPERATE
,20.109,,,Obfuscated,,,,,c,,8.002,,,zoom_point,OPERATE
,20.097,,,Obfuscated,,,,,c,,8.007,,,zoom_point,OPERATE
,20.112,,,Obfuscated,,,,,c,,7.997,,,zoom_point,OPERATE
,20.101,,,Obfuscated,,,,,c,,8.003,,,zoom_point,OPERATE
,20.109,,,Obfuscated,,,,,c,,8.0,,,zoom_point,OPERATE
,20.113,,,Obfuscated,,,,,c,,8.0,,,zoom_point,OPERATE
,20.113,,,Obfuscated,,,,,c,,8.001,,,zoom_point,OPERATE
,20.107,,,Obfuscated,,,,,c,,8.003,,,zoom_point,OPERATE
,20.109,,,Obfuscated,,,,,c,,8.0,,,zoom_point,OPERATE
,20.105,,,Obfuscated,,,,,c,,7.999,,,zoom_point,OPERATE
,20.109,,,Obfuscated,,,,,c,,7.997,,,zoom_point,OPERATE
,20.105,,,Obfuscated,,,,,c,,8.003,,,zoom_point,OPERATE
,20.106,,,Obfuscated,,,,,c,,8.003,,,zoom_point,OPERATE
,20.064,,,Obfuscated,,,,,c,,7.976,,,zoom_point,OPERATE
,20.106,,,Obfuscated,,,,,c,,8.003,,,zoom_point,OPERATE
,20.12,,,Obfuscated,,,,,c,,7.989,,,zoom_point,OPERATE
,20.105,,,Obfuscated,,,,,c,,8.001,,,zoom_point,OPERATE
,20.109,,,Obfuscated,,,,,c,,7.997,,,zoom_point,OPERATE
,20.105,,,Obfuscated,,,,,c,,8.001,,,zoom_point,OPERATE
,20.113,,,Obfuscated,,,,,c,,7.998,,,zoom_point,OPERATE
,20.109,,,Obfuscated,,,,,c,,7.999,,,zoom_point,OPERATE
,20.105,,,Obfuscated,,,,,c,,7.994,,,zoom_point,OPERATE
,20.106,,,Obfuscated,,,,,c,,8.0,,,zoom_point,OPERATE
,20.114,,,Obfuscated,,,,,c,,8.002,,,zoom_point,OPERATE
,20.117,,,Obfuscated,,,,,c,,8.001,,,zoom_point,OPERATE
,20.114,,,Obfuscated,,,,,c,,7.994,,,zoom_point,OPERATE
,20.084,,,Obfuscated,,,,,c,,7.999,,,zoom_point,OPERATE
,20.1,,,Obfuscated,,,,,c,,8.005,,,zoom_point,OPERATE
,20.113,,,Obfuscated,,,,,c,,7.998,,,zoom_point,OPERATE
,20.105,,,Obfuscated,,,,,c,,7.999,,,zoom_point,OPERATE
,20.121,,,Obfuscated,,,,,c,,7.991,,,zoom_point,OPERATE
,20.055,,,Obfuscated,,,,,c,,8.026,,,zoom_point,OPERATE
,20.104,,,Obfuscated,,,,,c,,8.0,,,zoom_point,OPERATE
,20.109,,,Obfuscated,,,,,c,,8.002,,,zoom_point,OPERATE
,20.106,,,Obfuscated,,,,,c,,7.997,,,zoom_point,OPERATE
,20.107,,,Obfuscated,,,,,c,,8.0,,,zoom_point,OPERATE
,20.108,,,Obfuscated,,,,,c,,8.003,,,zoom_point,OPERATE
,20.114,,,Obfuscated,,,,,c,,8.002,,,zoom_point,OPERATE
,20.108,,,Obfuscated,,,,,c,,7.999,,,zoom_point,OPERATE
,20.115,,,Obfuscated,,,,,c,,8.004,,,zoom_point,OPERATE
,20.116,,,Obfuscated,,,,,c,,7.989,,,zoom_point,OPERATE
,20.1,,,Obfuscated,,,,,c,,8.008,,,zoom_point,OPERATE
,20.106,,,Obfuscated,,,,,c,,8.003,,,zoom_point,OPERATE
,20.108,,,Obfuscated,,,,,c,,8.002,,,zoom_point,OPERATE
,20.108,,,Obfuscated,,,,,c,,7.999,,,zoom_point,OPERATE
,20.107,,,Obfuscated,,,,,c,,7.999,,,zoom_point,OPERATE
,20.105,,,Obfuscated,,,,,c,,8.001,,,zoom_point,OPERATE
,20.037,,,Obfuscated,,,,,c,,8.0,,,zoom_point,OPERATE
,20.107,,,Obfuscated,,,,,c,,7.992,,,zoom_point,OPERATE
,20.107,,,Obfuscated,,,,,c,,7.998,,,zoom_point,OPERATE
,20.105,,,Obfuscated,,,,,c,,8.005,,,zoom_point,OPERATE
,20.107,,,Obfuscated,,,,,c,,7.998,,,zoom_point,OPERATE
,20.12,,,Obfuscated,,,,,c,,7.999,,,zoom_point,OPERATE
,20.109,,,Obfuscated,,,,,c,,8.001,,,zoom_point,OPERATE
,20.085,,,Obfuscated,,,,,c,,8.015,,,zoom_point,OPERATE
,20.103,,,Obfuscated,,,,,c,,8.004,,,zoom_point,OPERATE
,20.108,,,Obfuscated,,,,,c,,8.001,,,zoom_point,OPERATE
,20.104,,,Obfuscated,,,,,c,,8.003,,,zoom_point,OPERATE
,20.113,,,Obfuscated,,,,,c,,7.991,,,zoom_point,OPERATE
,20.104,,,Obfuscated,,,,,c,,8.012,,,zoom_point,OPERATE
,20.104,,,Obfuscated,,,,,c,,8.003,,,zoom_point,OPERATE
,20.106,,,Obfuscated,,,,,c,,7.997,,,zoom_point,OPERATE
,20.124,,,Obfuscated,,,,,c,,7.99,,,zoom_point,OPERATE
,20.108,,,Obfuscated,,,,,c,,8.004,,,zoom_point,OPERATE
,20.108,,,Obfuscated,,,,,c,,7.997,,,zoom_point,OPERATE
,20.108,,,Obfuscated,,,,,c,,8.002,,,zoom_point,OPERATE
,20.105,,,Obfuscated,,,,,c,,8.003,,,zoom_point,OPERATE
,20.108,,,Obfuscated,,,,,c,,7.999,,,zoom_point,OPERATE
,20.105,,,Obfuscated,,,,,c,,8.013,,,zoom_point,OPERATE
,20.105,,,Obfuscated,,,,,c,,8.026,,,zoom_point,OPERATE
,20.109,,,Obfuscated,,,,,c,,7.997,,,zoom_point,OPERATE
,20.094,,,Obfuscated,,,,,c,,8.012,,,zoom_point,OPERATE
,20.111,,,Obfuscated,,,,,c,,7.999,,,zoom_point,OPERATE
,20.109,,,Obfuscated,,,,,c,,8.007,,,zoom_point,OPERATE
,20.093,,,Obfuscated,,,,,c,,8.016,,,zoom_point,OPERATE
,20.106,,,Obfuscated,,,,,c,,8.003,,,zoom_point,OPERATE
,20.113,,,Obfuscated,,,,,c,,8.003,,,zoom_point,OPERATE
,20.084,,,Obfuscated,,,,,c,,8.03,,,zoom_point,OPERATE
,20.113,,,Obfuscated,,,,,c,,7.999,,,zoom_point,OPERATE
,20.103,,,Obfuscated,,,,,c,,8.0,,,zoom_point,OPERATE
,20.111,,,Obfuscated,,,,,c,,7.999,,,zoom_point,OPERATE
,20.105,,,Obfuscated,,,,,c,,8.004,,,zoom_point,OPERATE
,20.105,,,Obfuscated,,,,,c,,8.005,,,zoom_point,OPERATE
,20.101,,,Obfuscated,,,,,c,,8.007,,,zoom_point,OPERATE
,20.11,,,Obfuscated,,,,,c,,7.994,,,zoom_point,OPERATE
,20.037,,,Obfuscated,,,,,c,,8.045,,,zoom_point,OPERATE
,20.108,,,Obfuscated,,,,,c,,7.986,,,zoom_point,OPERATE
,20.111,,,Obfuscated,,,,,c,,7.995,,,zoom_point,OPERATE
,20.11,,,Obfuscated,,,,,c,,8.0,,,zoom_point,OPERATE
,20.083,,,Obfuscated,,,,,c,,8.025,,,zoom_point,OPERATE
,20.105,,,Obfuscated,,,,,c,,8.007,,,zoom_point,OPERATE
,20.114,,,Obfuscated,,,,,c,,8.003,,,zoom_point,OPERATE
,20.114,,,Obfuscated,,,,,c,,7.988,,,zoom_point,OPERATE
,20.111,,,Obfuscated,,,,,c,,7.994,,,zoom_point,OPERATE
,20.105,,,Obfuscated,,,,,c,,8.002,,,zoom_point,OPERATE
,20.1,,,Obfuscated,,,,,c,,8.0,,,zoom_point,OPERATE
,20.109,,,Obfuscated,,,,,c,,8.0,,,zoom_point,OPERATE
,20.109,,,Obfuscated,,,,,c,,7.997,,,zoom_point,OPERATE
,20.108,,,Obfuscated,,,,,c,,7.999,,,zoom_point,OPERATE
,20.104,,,Obfuscated,,,,,c,,8.006,,,zoom_point,OPERATE
,20.101,,,Obfuscated,,,,,c,,8.004,,,zoom_point,OPERATE
,20.093,,,Obfuscated,,,,,c,,8.002,,,zoom_point,OPERATE
,20.105,,,Obfuscated,,,,,c,,8.007,,,zoom_point,OPERATE
,20.111,,,Obfuscated,,,,,c,,7.989,,,zoom_point,OPERATE
,20.108,,,Obfuscated,,,,,c,,7.999,,,zoom_point,OPERATE
,20.111,,,Obfuscated,,,,,c,,7.973,,,zoom_point,OPERATE
,20.116,,,Obfuscated,,,,,c,,7.994,,,zoom_point,OPERATE
,20.099,,,Obfuscated,,,,,c,,8.01,,,zoom_point,OPERATE
,20.105,,,Obfuscated,,,,,c,,8.004,,,zoom_point,OPERATE
,20.058,,,Obfuscated,,,,,c,,8.024,,,zoom_point,OPERATE
,20.109,,,Obfuscated,,,,,c,,7.983,,,zoom_point,OPERATE
,20.106,,,Obfuscated,,,,,c,,8.005,,,zoom_point,OPERATE
,20.109,,,Obfuscated,,,,,c,,7.999,,,zoom_point,OPERATE
,20.109,,,Obfuscated,,,,,c,,8.003,,,zoom_point,OPERATE
,20.106,,,Obfuscated,,,,,c,,8.001,,,zoom_point,OPERATE
,20.108,,,Obfuscated,,,,,c,,8.005,,,zoom_point,OPERATE
,20.106,,,Obfuscated,,,,,c,,8.005,,,zoom_point,OPERATE
,20.112,,,Obfuscated,,,,,c,,7.997,,,zoom_point,OPERATE
,20.103,,,Obfuscated,,,,,c,,7.995,,,zoom_point,OPERATE
,20.113,,,Obfuscated,,,,,c,,8.006,,,zoom_point,OPERATE
,20.114,,,Obfuscated,,,,,c,,7.991,,,zoom_point,OPERATE
,20.11,,,Obfuscated,,,,,c,,7.997,,,zoom_point,OPERATE
,20.107,,,Obfuscated,,,,,c,,7.998,,,zoom_point,OPERATE
,20.112,,,Obfuscated,,,,,c,,7.993,,,zoom_point,OPERATE
,20.107,,,Obfuscated,,,,,c,,8.004,,,zoom_point,OPERATE
,20.11,,,Obfuscated,,,,,c,,8.004,,,zoom_point,OPERATE
,20.104,,,Obfuscated,,,,,c,,8.007,,,zoom_point,OPERATE
,20.112,,,Obfuscated,,,,,c,,7.997,,,zoom_point,OPERATE
,20.105,,,Obfuscated,,,,,c,,8.002,,,zoom_point,OPERATE
,20.11,,,Obfuscated,,,,,c,,7.998,,,zoom_point,OPERATE
,20.098,,,Obfuscated,,,,,c,,8.01,,,zoom_point,OPERATE
,20.106,,,Obfuscated,,,,,c,,8.002,,,zoom_point,OPERATE
,20.113,,,Obfuscated,,,,,c,,7.994,,,zoom_point,OPERATE
,20.109,,,Obfuscated,,,,,c,,7.996,,,zoom_point,OPERATE
,20.111,,,Obfuscated,,,,,c,,7.994,,,zoom_point,OPERATE
,20.108,,,Obfuscated,,,,,c,,7.99,,,zoom_point,OPERATE
,20.104,,,Obfuscated,,,,,c,,8.0,,,zoom_point,OPERATE
,20.101,,,Obfuscated,,,,,c,,8.008,,,zoom_point,OPERATE
,20.105,,,Obfuscated,,,,,c,,8.001,,,zoom_point,OPERATE
,20.105,,,Obfuscated,,,,,c,,8.005,,,zoom_point,OPERATE
,20.106,,,Obfuscated,,,,,c,,8.0,,,zoom_point,OPERATE
,20.108,,,Obfuscated,,,,,c,,8.002,,,zoom_point,OPERATE
,20.109,,,Obfuscated,,,,,c,,8.004,,,zoom_point,OPERATE
,20.108,,,Obfuscated,,,,,c,,8.0,,,zoom_point,OPERATE
,20.107,,,Obfuscated,,,,,c,,7.998,,,zoom_point,OPERATE
,20.105,,,Obfuscated,,,,,c,,8.0,,,zoom_point,OPERATE
,20.104,,,Obfuscated,,,,,c,,8.01,,,zoom_point,OPERATE
,20.104,,,Obfuscated,,,,,c,,8.003,,,zoom_point,OPERATE
,20.131,,,Obfuscated,,,,,c,,8.001,,,zoom_point,OPERATE
,20.106,,,Obfuscated,,,,,c,,8.002,,,zoom_point,OPERATE
,20.108,,,Obfuscated,,,,,c,,8.001,,,zoom_point,OPERATE
,20.127,,,Obfuscated,,,,,c,,8.006,,,zoom_point,OPERATE
,20.113,,,Obfuscated,,,,,c,,7.993,,,zoom_point,OPERATE
,20.104,,,Obfuscated,,,,,c,,7.998,,,zoom_point,OPERATE
,20.109,,,Obfuscated,,,,,c,,8.003,,,zoom_point,OPERATE
,20.111,,,Obfuscated,,,,,c,,7.999,,,zoom_point,OPERATE
,20.082,,,Obfuscated,,,,,c,,7.999,,,zoom_point,OPERATE
,20.109,,,Obfuscated,,,,,c,,7.999,,,zoom_point,OPERATE
,20.037,,,Obfuscated,,,,,c,,8.073,,,zoom_point,OPERATE
,20.082,,,Obfuscated,,,,,c,,8.048,,,zoom_point,OPERATE
,20.113,,,Obfuscated,,,,,c,,7.999,,,zoom_point,OPERATE
,20.109,,,Obfuscated,,,,,c,,8.003,,,zoom_point,OPERATE
,20.105,,,Obfuscated,,,,,c,,7.999,,,zoom_point,OPERATE
,20.105,,,Obfuscated,,,,,c,,8.0,,,zoom_point,OPERATE
,20.103,,,Obfuscated,,,,,c,,7.999,,,zoom_point,OPERATE
,20.102,,,Obfuscated,,,,,c,,8.0,,,zoom_point,OPERATE
,20.11,,,Obfuscated,,,,,c,,7.998,,,zoom_point,OPERATE
,20.108,,,Obfuscated,,,,,c,,7.994,,,zoom_point,OPERATE
,20.111,,,Obfuscated,,,,,c,,8.003,,,zoom_point,OPERATE
,20.041,,,Obfuscated,,,,,c,,8.039,,,zoom_point,OPERATE
,20.106,,,Obfuscated,,,,,c,,7.999,,,zoom_point,OPERATE
,20.118,,,Obfuscated,,,,,c,,7.997,,,zoom_point,OPERATE
,20.109,,,Obfuscated,,,,,c,,7.987,,,zoom_point,OPERATE
,20.111,,,Obfuscated,,,,,c,,7.999,,,zoom_point,OPERATE
,20.103,,,Obfuscated,,,,,c,,7.996,,,zoom_point,OPERATE
,20.107,,,Obfuscated,,,,,c,,8.0,,,zoom_point,OPERATE
,20.104,,,Obfuscated,,,,,c,,8.002,,,zoom_point,OPERATE
,20.111,,,Obfuscated,,,,,c,,7.998,,,zoom_point,OPERATE
,20.106,,,Obfuscated,,,,,c,,8.006,,,zoom_point,OPERATE
,20.108,,,Obfuscated,,,,,c,,7.993,,,zoom_point,OPERATE
,20.11,,,Obfuscated,,,,,c,,7.999,,,zoom_point,OPERATE
,20.103,,,Obfuscated,,,,,c,,8.006,,,zoom_point,OPERATE
,20.103,,,Obfuscated,,,,,c,,7.994,,,zoom_point,OPERATE
,20.105,,,Obfuscated,,,,,c,,8.0,,,zoom_point,OPERATE
,20.107,,,Obfuscated,,,,,c,,8.002,,,zoom_point,OPERATE
,20.105,,,Obfuscated,,,,,c,,8.0,,,zoom_point,OPERATE
,20.108,,,Obfuscated,,,,,c,,8.002,,,zoom_point,OPERATE
,20.111,,,Obfuscated,,,,,c,,8.001,,,zoom_point,OPERATE
,20.044,,,Obfuscated,,,,,c,,7.999,,,zoom_point,OPERATE
,20.106,,,Obfuscated,,,,,c,,8.001,,,zoom_point,OPERATE
,20.105,,,Obfuscated,,,,,c,,8.002,,,zoom_point,OPERATE
,20.111,,,Obfuscated,,,,,c,,8.0,,,zoom_point,OPERATE
,20.106,,,Obfuscated,,,,,c,,8.002,,,zoom_point,OPERATE
,20.105,,,Obfuscated,,,,,c,,8.002,,,zoom_point,OPERATE
,20.105,,,Obfuscated,,,,,c,,8.0,,,zoom_point,OPERATE
,20.112,,,Obfuscated,,,,,c,,8.017,,,zoom_point,OPERATE
,20.107,,,Obfuscated,,,,,c,,8.0,,,zoom_point,OPERATE
,20.105,,,Obfuscated,,,,,c,,8.006,,,zoom_point,OPERATE
,20.108,,,Obfuscated,,,,,c,,8.003,,,zoom_point,OPERATE
,20.039,,,Obfuscated,,,,,c,,8.041,,,zoom_point,OPERATE
,20.109,,,Obfuscated,,,,,c,,7.996,,,zoom_point,OPERATE
,20.11,,,Obfuscated,,,,,c,,7.998,,,zoom_point,OPERATE
,20.105,,,Obfuscated,,,,,c,,8.002,,,zoom_point,OPERATE
,20.11,,,Obfuscated,,,,,c,,8.003,,,zoom_point,OPERATE
,20.095,,,Obfuscated,,,,,c,,7.999,,,zoom_point,OPERATE
,20.109,,,Obfuscated,,,,,c,,8.003,,,zoom_point,OPERATE
,20.1,,,Obfuscated,,,,,c,,8.007,,,zoom_point,OPERATE
,20.109,,,Obfuscated,,,,,c,,7.999,,,zoom_point,OPERATE
,20.104,,,Obfuscated,,,,,c,,8.004,,,zoom_point,OPERATE
,20.091,,,Obfuscated,,,,,c,,8.0,,,zoom_point,OPERATE
,20.111,,,Obfuscated,,,,,c,,7.995,,,zoom_point,OPERATE
,20.089,,,Obfuscated,,,,,c,,8.009,,,zoom_point,OPERATE
,20.111,,,Obfuscated,,,,,c,,7.996,,,zoom_point,OPERATE
,20.108,,,Obfuscated,,,,,c,,7.997,,,zoom_point,OPERATE
,20.107,,,Obfuscated,,,,,c,,8.002,,,zoom_point,OPERATE
,20.108,,,Obfuscated,,,,,c,,7.999,,,zoom_point,OPERATE
,20.111,,,Obfuscated,,,,,c,,7.997,,,zoom_point,OPERATE
,20.107,,,Obfuscated,,,,,c,,8.0,,,zoom_point,OPERATE
,20.109,,,Obfuscated,,,,,c,,8.007,,,zoom_point,OPERATE
,20.109,,,Obfuscated,,,,,c,,8.006,,,zoom_point,OPERATE
,20.083,,,Obfuscated,,,,,c,,8.024,,,zoom_point,OPERATE
,20.12,,,Obfuscated,,,,,c,,7.992,,,zoom_point,OPERATE
,20.122,,,Obfuscated,,,,,c,,8.005,,,zoom_point,OPERATE
,20.115,,,Obfuscated,,,,,c,,7.992,,,zoom_point,OPERATE
,20.111,,,Obfuscated,,,,,c,,7.998,,,zoom_point,OPERATE
,20.102,,,Obfuscated,,,,,c,,8.006,,,zoom_point,OPERATE
,20.104,,,Obfuscated,,,,,c,,7.994,,,zoom_point,OPERATE
,20.106,,,Obfuscated,,,,,c,,8.007,,,zoom_point,OPERATE
,20.109,,,Obfuscated,,,,,c,,7.993,,,zoom_point,OPERATE
,20.105,,,Obfuscated,,,,,c,,8.0,,,zoom_point,OPERATE
,20.109,,,Obfuscated,,,,,c,,8.0,,,zoom_point,OPERATE
,20.105,,,Obfuscated,,,,,c,,8.001,,,zoom_point,OPERATE
,20.127,,,Obfuscated,,,,,c,,7.978,,,zoom_point,OPERATE
,20.11,,,Obfuscated,,,,,c,,7.996,,,zoom_point,OPERATE
,20.107,,,Obfuscated,,,,,c,,8.0,,,zoom_point,OPERATE
,20.106,,,Obfuscated,,,,,c,,8.004,,,zoom_point,OPERATE
,20.111,,,Obfuscated,,,,,c,,8.007,,,zoom_point,OPERATE
,20.106,,,Obfuscated,,,,,c,,8.002,,,zoom_point,OPERATE
,20.099,,,Obfuscated,,,,,c,,8.0,,,zoom_point,OPERATE
,20.108,,,Obfuscated,,,,,c,,8.001,,,zoom_point,OPERATE
,20.106,,,Obfuscated,,,,,c,,8.003,,,zoom_point,OPERATE
,20.108,,,Obfuscated,,,,,c,,8.007,,,zoom_point,OPERATE
,20.105,,,Obfuscated,,,,,c,,8.0,,,zoom_point,OPERATE
,20.109,,,Obfuscated,,,,,c,,7.941,,,zoom_point,OPERATE
,20.091,,,Obfuscated,,,,,c,,8.015,,,zoom_point,OPERATE
,20.083,,,Obfuscated,,,,,c,,7.955,,,zoom_point,OPERATE
,20.102,,,Obfuscated,,,,,c,,8.007,,,zoom_point,OPERATE
,20.109,,,Obfuscated,,,,,c,,8.007,,,zoom_point,OPERATE
,20.106,,,Obfuscated,,,,,c,,8.001,,,zoom_point,OPERATE
,20.09,,,Obfuscated,,,,,c,,8.002,,,zoom_point,OPERATE
,20.106,,,Obfuscated,,,,,c,,8.008,,,zoom_point,OPERATE
,20.108,,,Obfuscated,,,,,c,,8.006,,,zoom_point,OPERATE
,20.112,,,Obfuscated,,,,,c,,8.0,,,zoom_point,OPERATE
,20.111,,,Obfuscated,,,,,c,,8.0,,,zoom_point,OPERATE
,20.109,,,Obfuscated,,,,,c,,7.998,,,zoom_point,OPERATE
,20.106,,,Obfuscated,,,,,c,,8.0,,,zoom_point,OPERATE
,20.082,,,Obfuscated,,,,,c,,8.002,,,zoom_point,OPERATE
,20.109,,,Obfuscated,,,,,c,,7.998,,,zoom_point,OPERATE
,20.108,,,Obfuscated,,,,,c,,8.0,,,zoom_point,OPERATE
,20.119,,,Obfuscated,,,,,c,,7.997,,,zoom_point,OPERATE
,20.107,,,Obfuscated,,,,,c,,8.001,,,zoom_point,OPERATE
,20.11,,,Obfuscated,,,,,c,,7.997,,,zoom_point,OPERATE
,20.117,,,Obfuscated,,,,,c,,7.994,,,zoom_point,OPERATE
,20.106,,,Obfuscated,,,,,c,,8.0,,,zoom_point,OPERATE
,20.115,,,Obfuscated,,,,,c,,7.998,,,zoom_point,OPERATE
,20.108,,,Obfuscated,,,,,c,,7.996,,,zoom_point,OPERATE
,20.105,,,Obfuscated,,,,,c,,8.0,,,zoom_point,OPERATE
,20.109,,,Obfuscated,,,,,c,,8.003,,,zoom_point,OPERATE
,20.102,,,Obfuscated,,,,,c,,8.013,,,zoom_point,OPERATE
,20.117,,,Obfuscated,,,,,c,,7.995,,,zoom_point,OPERATE
,20.111,,,Obfuscated,,,,,c,,8.0,,,zoom_point,OPERATE
,20.116,,,Obfuscated,,,,,c,,7.988,,,zoom_point,OPERATE
,20.106,,,Obfuscated,,,,,c,,8.005,,,zoom_point,OPERATE
,20.106,,,Obfuscated,,,,,c,,7.997,,,zoom_point,OPERATE
,20.113,,,Obfuscated,,,,,c,,7.992,,,zoom_point,OPERATE
,20.089,,,Obfuscated,,,,,c,,8.003,,,zoom_point,OPERATE
,20.11,,,Obfuscated,,,,,c,,8.0,,,zoom_point,OPERATE
,20.105,,,Obfuscated,,,,,c,,8.006,,,zoom_point,OPERATE
,20.046,,,Obfuscated,,,,,c,,8.046,,,zoom_point,OPERATE
,20.105,,,Obfuscated,,,,,c,,7.999,,,zoom_point,OPERATE
,20.105,,,Obfuscated,,,,,c,,8.003,,,zoom_point,OPERATE
,20.113,,,Obfuscated,,,,,c,,7.992,,,zoom_point,OPERATE
,20.11,,,Obfuscated,,,,,c,,7.993,,,zoom_point,OPERATE
,20.118,,,Obfuscated,,,,,c,,7.995,,,zoom_point,OPERATE
,20.113,,,Obfuscated,,,,,c,,7.993,,,zoom_point,OPERATE
,20.114,,,Obfuscated,,,,,c,,7.996,,,zoom_point,OPERATE
,20.105,,,Obfuscated,,,,,c,,8.001,,,zoom_point,OPERATE
,20.109,,,Obfuscated,,,,,c,,7.999,,,zoom_point,OPERATE
,20.111,,,Obfuscated,,,,,c,,7.994,,,zoom_point,OPERATE
,20.109,,,Obfuscated,,,,,c,,8.006,,,zoom_point,OPERATE
,20.112,,,Obfuscated,,,,,c,,7.998,,,zoom_point,OPERATE
,20.106,,,Obfuscated,,,,,c,,8.003,,,zoom_point,OPERATE
,20.106,,,Obfuscated,,,,,c,,8.006,,,zoom_point,OPERATE
,20.106,,,Obfuscated,,,,,c,,8.008,,,zoom_point,OPERATE
,20.082,,,Obfuscated,,,,,c,,7.954,,,zoom_point,OPERATE
,20.105,,,Obfuscated,,,,,c,,8.002,,,zoom_point,OPERATE
,20.106,,,Obfuscated,,,,,c,,7.997,,,zoom_point,OPERATE
,20.039,,,Obfuscated,,,,,c,,7.998,,,zoom_point,OPERATE
,20.104,,,Obfuscated,,,,,c,,8.005,,,zoom_point,OPERATE
,20.107,,,Obfuscated,,,,,c,,7.997,,,zoom_point,OPERATE
,20.112,,,Obfuscated,,,,,c,,7.988,,,zoom_point,OPERATE
,20.109,,,Obfuscated,,,,,c,,7.996,,,zoom_point,OPERATE
,20.109,,,Obfuscated,,,,,c,,8.003,,,zoom_point,OPERATE
,20.107,,,Obfuscated,,,,,c,,7.999,,,zoom_point,OPERATE
,20.106,,,Obfuscated,,,,,c,,8.0,,,zoom_point,OPERATE
,20.106,,,Obfuscated,,,,,c,,8.001,,,zoom_point,OPERATE
,20.112,,,Obfuscated,,,,,c,,7.994,,,zoom_point,OPERATE
,20.095,,,Obfuscated,,,,,c,,7.996,,,zoom_point,OPERATE
,20.099,,,Obfuscated,,,,,c,,8.005,,,zoom_point,OPERATE
,20.108,,,Obfuscated,,,,,c,,7.998,,,zoom_point,OPERATE
,20.105,,,Obfuscated,,,,,c,,8.005,,,zoom_point,OPERATE
,20.104,,,Obfuscated,,,,,c,,8.003,,,zoom_point,OPERATE
,20.088,,,Obfuscated,,,,,c,,7.95,,,zoom_point,OPERATE
,20.105,,,Obfuscated,,,,,c,,8.006,,,zoom_point,OPERATE
,20.113,,,Obfuscated,,,,,c,,7.991,,,zoom_point,OPERATE
,20.091,,,Obfuscated,,,,,c,,8.011,,,zoom_point,OPERATE
,20.087,,,Obfuscated,,,,,c,,8.024,,,zoom_point,OPERATE
,20.105,,,Obfuscated,,,,,c,,8.0,,,zoom_point,OPERATE
,20.082,,,Obfuscated,,,,,c,,7.956,,,zoom_point,OPERATE
,20.117,,,Obfuscated,,,,,c,,7.983,,,zoom_point,OPERATE
,20.106,,,Obfuscated,,,,,c,,8.002,,,zoom_point,OPERATE
,20.109,,,Obfuscated,,,,,c,,8.002,,,zoom_point,OPERATE
,20.11,,,Obfuscated,,,,,c,,8.003,,,zoom_point,OPERATE
,20.106,,,Obfuscated,,,,,c,,8.003,,,zoom_point,OPERATE
,20.11,,,Obfuscated,,,,,c,,7.998,,,zoom_point,OPERATE
,20.105,,,Obfuscated,,,,,c,,8.006,,,zoom_point,OPERATE
,20.105,,,Obfuscated,,,,,c,,8.004,,,zoom_point,OPERATE
,20.111,,,Obfuscated,,,,,c,,7.999,,,zoom_point,OPERATE
,20.095,,,Obfuscated,,,,,c,,7.998,,,zoom_point,OPERATE
,20.105,,,Obfuscated,,,,,c,,8.007,,,zoom_point,OPERATE
,20.111,,,Obfuscated,,,,,c,,8.002,,,zoom_point,OPERATE
,20.11,,,Obfuscated,,,,,c,,7.999,,,zoom_point,OPERATE
,20.105,,,Obfuscated,,,,,c,,8.001,,,zoom_point,OPERATE
,20.105,,,Obfuscated,,,,,c,,8.007,,,zoom_point,OPERATE
,20.106,,,Obfuscated,,,,,c,,8.007,,,zoom_point,OPERATE
,20.109,,,Obfuscated,,,,,c,,7.995,,,zoom_point,OPERATE
,20.105,,,Obfuscated,,,,,c,,8.004,,,zoom_point,OPERATE
,20.111,,,Obfuscated,,,,,c,,7.987,,,zoom_point,OPERATE
,20.108,,,Obfuscated,,,,,c,,7.992,,,zoom_point,OPERATE
,20.108,,,Obfuscated,,,,,c,,7.994,,,zoom_point,OPERATE
,20.111,,,Obfuscated,,,,,c,,8.0,,,zoom_point,OPERATE
,20.107,,,Obfuscated,,,,,c,,8.002,,,zoom_point,OPERATE
,20.083,,,Obfuscated,,,,,c,,7.956,,,zoom_point,OPERATE
,20.105,,,Obfuscated,,,,,c,,8.005,,,zoom_point,OPERATE
,20.039,,,Obfuscated,,,,,c,,7.996,,,zoom_point,OPERATE
,20.113,,,Obfuscated,,,,,c,,7.997,,,zoom_point,OPERATE
,20.107,,,Obfuscated,,,,,c,,8.0,,,zoom_point,OPERATE
,20.105,,,Obfuscated,,,,,c,,8.0,,,zoom_point,OPERATE
,20.085,,,Obfuscated,,,,,c,,8.019,,,zoom_point,OPERATE
,20.105,,,Obfuscated,,,,,c,,8.002,,,zoom_point,OPERATE
,20.108,,,Obfuscated,,,,,c,,8.001,,,zoom_point,OPERATE
,20.093,,,Obfuscated,,,,,c,,8.012,,,zoom_point,OPERATE
,20.105,,,Obfuscated,,,,,c,,8.012,,,zoom_point,OPERATE
,20.108,,,Obfuscated,,,,,c,,7.997,,,zoom_point,OPERATE
,20.111,,,Obfuscated,,,,,c,,7.988,,,zoom_point,OPERATE
,20.119,,,Obfuscated,,,,,c,,8.006,,,zoom_point,OPERATE
,20.11,,,Obfuscated,,,,,c,,7.996,,,zoom_point,OPERATE
,20.125,,,Obfuscated,,,,,c,,7.984,,,zoom_point,OPERATE
,20.106,,,Obfuscated,,,,,c,,7.992,,,zoom_point,OPERATE
,20.111,,,Obfuscated,,,,,c,,7.995,,,zoom_point,OPERATE
,20.111,,,Obfuscated,,,,,c,,7.994,,,zoom_point,OPERATE
,20.112,,,Obfuscated,,,,,c,,7.996,,,zoom_point,OPERATE
,20.114,,,Obfuscated,,,,,c,,7.995,,,zoom_point,OPERATE
,20.114,,,Obfuscated,,,,,c,,7.991,,,zoom_point,OPERATE
,20.105,,,Obfuscated,,,,,c,,8.01,,,zoom_point,OPERATE
,20.106,,,Obfuscated,,,,,c,,7.992,,,zoom_point,OPERATE
,20.109,,,Obfuscated,,,,,c,,8.003,,,zoom_point,OPERATE
,20.11,,,Obfuscated,,,,,c,,7.989,,,zoom_point,OPERATE
,20.109,,,Obfuscated,,,,,c,,7.993,,,zoom_point,OPERATE
,20.111,,,Obfuscated,,,,,c,,7.998,,,zoom_point,OPERATE
,20.113,,,Obfuscated,,,,,c,,7.993,,,zoom_point,OPERATE
,20.11,,,Obfuscated,,,,,c,,7.998,,,zoom_point,OPERATE
,20.109,,,Obfuscated,,,,,c,,8.001,,,zoom_point,OPERATE
,20.11,,,Obfuscated,,,,,c,,7.996,,,zoom_point,OPERATE
,20.11,,,Obfuscated,,,,,c,,7.997,,,zoom_point,OPERATE
,20.11,,,Obfuscated,,,,,c,,7.996,,,zoom_point,OPERATE
,20.105,,,Obfuscated,,,,,c,,8.0,,,zoom_point,OPERATE
,20.09,,,Obfuscated,,,,,c,,8.015,,,zoom_point,OPERATE
,20.108,,,Obfuscated,,,,,c,,7.994,,,zoom_point,OPERATE
,20.099,,,Obfuscated,,,,,c,,8.003,,,zoom_point,OPERATE
,20.107,,,Obfuscated,,,,,c,,8.0,,,zoom_point,OPERATE
,20.108,,,Obfuscated,,,,,c,,7.998,,,zoom_point,OPERATE
,20.105,,,Obfuscated,,,,,c,,7.997,,,zoom_point,OPERATE
,20.106,,,Obfuscated,,,,,c,,7.999,,,zoom_point,OPERATE
,20.095,,,Obfuscated,,,,,c,,8.011,,,zoom_point,OPERATE
,20.103,,,Obfuscated,,,,,c,,7.986,,,zoom_point,OPERATE
,20.105,,,Obfuscated,,,,,c,,8.001,,,zoom_point,OPERATE
,20.111,,,Obfuscated,,,,,c,,8.006,,,zoom_point,OPERATE
,20.107,,,Obfuscated,,,,,c,,8.0,,,zoom_point,OPERATE
,20.108,,,Obfuscated,,,,,c,,7.998,,,zoom_point,OPERATE
,20.099,,,Obfuscated,,,,,c,,7.983,,,zoom_point,OPERATE
,20.089,,,Obfuscated,,,,,c,,8.014,,,zoom_point,OPERATE
,20.112,,,Obfuscated,,,,,c,,7.994,,,zoom_point,OPERATE
,20.108,,,Obfuscated,,,,,c,,8.002,,,zoom_point,OPERATE
,20.106,,,Obfuscated,,,,,c,,7.999,,,zoom_point,OPERATE
,20.114,,,Obfuscated,,,,,c,,7.995,,,zoom_point,OPERATE
,20.113,,,Obfuscated,,,,,c,,7.974,,,zoom_point,OPERATE
,20.111,,,Obfuscated,,,,,c,,7.994,,,zoom_point,OPERATE
,20.104,,,Obfuscated,,,,,c,,8.009,,,zoom_point,OPERATE
,20.108,,,Obfuscated,,,,,c,,8.003,,,zoom_point,OPERATE
,20.105,,,Obfuscated,,,,,c,,8.008,,,zoom_point,OPERATE
,20.107,,,Obfuscated,,,,,c,,8.002,,,zoom_point,OPERATE
,20.101,,,Obfuscated,,,,,c,,8.006,,,zoom_point,OPERATE
,20.107,,,Obfuscated,,,,,c,,8.002,,,zoom_point,OPERATE
,20.096,,,Obfuscated,,,,,c,,8.002,,,zoom_point,OPERATE
,20.111,,,Obfuscated,,,,,c,,7.98,,,zoom_point,OPERATE
,20.107,,,Obfuscated,,,,,c,,8.0,,,zoom_point,OPERATE
,20.115,,,Obfuscated,,,,,c,,8.001,,,zoom_point,OPERATE
,20.109,,,Obfuscated,,,,,c,,8.003,,,zoom_point,OPERATE
,20.039,,,Obfuscated,,,,,c,,7.999,,,zoom_point,OPERATE
,20.112,,,Obfuscated,,,,,c,,7.995,,,zoom_point,OPERATE
,20.108,,,Obfuscated,,,,,c,,7.997,,,zoom_point,OPERATE
,20.11,,,Obfuscated,,,,,c,,7.998,,,zoom_point,OPERATE
,20.111,,,Obfuscated,,,,,c,,8.0,,,zoom_point,OPERATE
,20.113,,,Obfuscated,,,,,c,,7.998,,,zoom_point,OPERATE
,20.089,,,Obfuscated,,,,,c,,7.995,,,zoom_point,OPERATE
,20.108,,,Obfuscated,,,,,c,,8.002,,,zoom_point,OPERATE
,20.095,,,Obfuscated,,,,,c,,7.997,,,zoom_point,OPERATE
,20.092,,,Obfuscated,,,,,c,,8.002,,,zoom_point,OPERATE
,20.11,,,Obfuscated,,,,,c,,7.998,,,zoom_point,OPERATE
,20.107,,,Obfuscated,,,,,c,,7.998,,,zoom_point,OPERATE
,20.113,,,Obfuscated,,,,,c,,7.999,,,zoom_point,OPERATE
,20.111,,,Obfuscated,,,,,c,,8.001,,,zoom_point,OPERATE
,20.096,,,Obfuscated,,,,,c,,8.008,,,zoom_point,OPERATE
,20.108,,,Obfuscated,,,,,c,,8.003,,,zoom_point,OPERATE
,20.106,,,Obfuscated,,,,,c,,8.005,,,zoom_point,OPERATE
,20.111,,,Obfuscated,,,,,c,,8.0,,,zoom_point,OPERATE
,20.04,,,Obfuscated,,,,,c,,8.007,,,zoom_point,OPERATE
,20.042,,,Obfuscated,,,,,c,,7.994,,,zoom_point,OPERATE
,20.108,,,Obfuscated,,,,,c,,7.998,,,zoom_point,OPERATE
,20.101,,,Obfuscated,,,,,c,,7.996,,,zoom_point,OPERATE
,20.104,,,Obfuscated,,,,,c,,8.007,,,zoom_point,OPERATE
,20.038,,,Obfuscated,,,,,c,,8.044,,,zoom_point,OPERATE
,20.105,,,Obfuscated,,,,,c,,8.01,,,zoom_point,OPERATE
,20.105,,,Obfuscated,,,,,c,,8.0,,,zoom_point,OPERATE
,20.109,,,Obfuscated,,,,,c,,8.005,,,zoom_point,OPERATE
,20.114,,,Obfuscated,,,,,c,,7.997,,,zoom_point,OPERATE
,20.108,,,Obfuscated,,,,,c,,7.986,,,zoom_point,OPERATE
,20.11,,,Obfuscated,,,,,c,,7.996,,,zoom_point,OPERATE
,20.11,,,Obfuscated,,,,,c,,7.994,,,zoom_point,OPERATE
,20.117,,,Obfuscated,,,,,c,,7.969,,,zoom_point,OPERATE
,20.113,,,Obfuscated,,,,,c,,7.993,,,zoom_point,OPERATE
,20.107,,,Obfuscated,,,,,c,,8.007,,,zoom_point,OPERATE
,20.117,,,Obfuscated,,,,,c,,7.98,,,zoom_point,OPERATE
,20.109,,,Obfuscated,,,,,c,,7.993,,,zoom_point,OPERATE
,20.122,,,Obfuscated,,,,,c,,7.99,,,zoom_point,OPERATE
,20.106,,,Obfuscated,,,,,c,,8.001,,,zoom_point,OPERATE
,20.105,,,Obfuscated,,,,,c,,8.003,,,zoom_point,OPERATE
,20.11,,,Obfuscated,,,,,c,,7.996,,,zoom_point,OPERATE
,20.091,,,Obfuscated,,,,,c,,7.995,,,zoom_point,OPERATE
,20.105,,,Obfuscated,,,,,c,,8.002,,,zoom_point,OPERATE
,20.113,,,Obfuscated,,,,,c,,7.995,,,zoom_point,OPERATE
,20.112,,,Obfuscated,,,,,c,,8.001,,,zoom_point,OPERATE
,20.109,,,Obfuscated,,,,,c,,7.991,,,zoom_point,OPERATE
,20.109,,,Obfuscated,,,,,c,,7.999,,,zoom_point,OPERATE
,20.105,,,Obfuscated,,,,,c,,8.008,,,zoom_point,OPERATE
,20.108,,,Obfuscated,,,,,c,,8.001,,,zoom_point,OPERATE
,20.113,,,Obfuscated,,,,,c,,7.995,,,zoom_point,OPERATE
,20.106,,,Obfuscated,,,,,c,,8.009,,,zoom_point,OPERATE
,20.115,,,Obfuscated,,,,,c,,7.988,,,zoom_point,OPERATE
,20.113,,,Obfuscated,,,,,c,,8.007,,,zoom_point,OPERATE
,20.105,,,Obfuscated,,,,,c,,8.006,,,zoom_point,OPERATE
,20.036,,,Obfuscated,,,,,c,,8.065,,,zoom_point,OPERATE
,20.094,,,Obfuscated,,,,,c,,8.01,,,zoom_point,OPERATE
,20.106,,,Obfuscated,,,,,c,,8.005,,,zoom_point,OPERATE
,20.11,,,Obfuscated,,,,,c,,7.998,,,zoom_point,OPERATE
,20.105,,,Obfuscated,,,,,c,,8.005,,,zoom_point,OPERATE
,20.116,,,Obfuscated,,,,,c,,7.992,,,zoom_point,OPERATE
,20.109,,,Obfuscated,,,,,c,,7.997,,,zoom_point,OPERATE
,20.113,,,Obfuscated,,,,,c,,8.003,,,zoom_point,OPERATE
,20.104,,,Obfuscated,,,,,c,,8.007,,,zoom_point,OPERATE
,20.106,,,Obfuscated,,,,,c,,8.001,,,zoom_point,OPERATE
,20.105,,,Obfuscated,,,,,c,,8.0,,,zoom_point,OPERATE
,20.082,,,Obfuscated,,,,,c,,8.024,,,zoom_point,OPERATE
,20.106,,,Obfuscated,,,,,c,,8.001,,,zoom_point,OPERATE
,20.105,,,Obfuscated,,,,,c,,8.002,,,zoom_point,OPERATE
,20.11,,,Obfuscated,,,,,c,,8.004,,,zoom_point,OPERATE
,20.084,,,Obfuscated,,,,,c,,7.998,,,zoom_point,OPERATE
,20.103,,,Obfuscated,,,,,c,,8.0,,,zoom_point,OPERATE
,20.113,,,Obfuscated,,,,,c,,7.993,,,zoom_point,OPERATE
,20.11,,,Obfuscated,,,,,c,,8.004,,,zoom_point,OPERATE
,20.103,,,Obfuscated,,,,,c,,8.0,,,zoom_point,OPERATE
,20.112,,,Obfuscated,,,,,c,,7.996,,,zoom_point,OPERATE
,20.111,,,Obfuscated,,,,,c,,7.992,,,zoom_point,OPERATE
,20.109,,,Obfuscated,,,,,c,,8.003,,,zoom_point,OPERATE
,20.106,,,Obfuscated,,,,,c,,8.006,,,zoom_point,OPERATE
,20.105,,,Obfuscated,,,,,c,,8.002,,,zoom_point,OPERATE
,20.108,,,Obfuscated,,,,,c,,8.0,,,zoom_point,OPERATE
,20.105,,,Obfuscated,,,,,c,,8.008,,,zoom_point,OPERATE
,20.106,,,Obfuscated,,,,,c,,8.001,,,zoom_point,OPERATE
,20.112,,,Obfuscated,,,,,c,,7.997,,,zoom_point,OPERATE
,20.106,,,Obfuscated,,,,,c,,8.005,,,zoom_point,OPERATE
,20.11,,,Obfuscated,,,,,c,,8.004,,,zoom_point,OPERATE
,20.108,,,Obfuscated,,,,,c,,8.005,,,zoom_point,OPERATE
,20.095,,,Obfuscated,,,,,c,,8.0,,,zoom_point,OPERATE
,20.103,,,Obfuscated,,,,,c,,8.003,,,zoom_point,OPERATE
,20.105,,,Obfuscated,,,,,c,,8.01,,,zoom_point,OPERATE
,20.11,,,Obfuscated,,,,,c,,7.985,,,zoom_point,OPERATE
,20.103,,,Obfuscated,,,,,c,,8.0,,,zoom_point,OPERATE
,20.107,,,Obfuscated,,,,,c,,7.998,,,zoom_point,OPERATE
,20.1,,,Obfuscated,,,,,c,,8.005,,,zoom_point,OPERATE
,20.039,,,Obfuscated,,,,,c,,7.999,,,zoom_point,OPERATE
,20.106,,,Obfuscated,,,,,c,,7.983,,,zoom_point,OPERATE
,20.093,,,Obfuscated,,,,,c,,8.014,,,zoom_point,OPERATE
,20.113,,,Obfuscated,,,,,c,,8.0,,,zoom_point,OPERATE
,20.108,,,Obfuscated,,,,,c,,7.998,,,zoom_point,OPERATE
,20.109,,,Obfuscated,,,,,c,,7.997,,,zoom_point,OPERATE
,20.112,,,Obfuscated,,,,,c,,8.0,,,zoom_point,OPERATE
,20.04,,,Obfuscated,,,,,c,,8.044,,,zoom_point,OPERATE
,20.111,,,Obfuscated,,,,,c,,8.0,,,zoom_point,OPERATE
,20.11,,,Obfuscated,,,,,c,,7.992,,,zoom_point,OPERATE
,20.106,,,Obfuscated,,,,,c,,8.003,,,zoom_point,OPERATE
,20.083,,,Obfuscated,,,,,c,,8.004,,,zoom_point,OPERATE
,20.112,,,Obfuscated,,,,,c,,8.005,,,zoom_point,OPERATE
,20.112,,,Obfuscated,,,,,c,,7.994,,,zoom_point,OPERATE
,20.107,,,Obfuscated,,,,,c,,8.006,,,zoom_point,OPERATE
,20.1,,,Obfuscated,,,,,c,,8.005,,,zoom_point,OPERATE
,20.105,,,Obfuscated,,,,,c,,7.999,,,zoom_point,OPERATE
,20.1,,,Obfuscated,,,,,c,,8.02,,,zoom_point,OPERATE
,20.037,,,Obfuscated,,,,,c,,8.05,,,zoom_point,OPERATE
,20.105,,,Obfuscated,,,,,c,,8.011,,,zoom_point,OPERATE
,20.109,,,Obfuscated,,,,,c,,8.003,,,zoom_point,OPERATE
,20.096,,,Obfuscated,,,,,c,,7.985,,,zoom_point,OPERATE
,20.11,,,Obfuscated,,,,,c,,8.003,,,zoom_point,OPERATE
,20.106,,,Obfuscated,,,,,c,,8.003,,,zoom_point,OPERATE
,20.102,,,Obfuscated,,,,,c,,8.014,,,zoom_point,OPERATE
,20.104,,,Obfuscated,,,,,c,,8.009,,,zoom_point,OPERATE
,20.089,,,Obfuscated,,,,,c,,8.023,,,zoom_point,OPERATE
,20.111,,,Obfuscated,,,,,c,,7.994,,,zoom_point,OPERATE
,20.098,,,Obfuscated,,,,,c,,8.009,,,zoom_point,OPERATE
,20.109,,,Obfuscated,,,,,c,,7.994,,,zoom_point,OPERATE
,20.106,,,Obfuscated,,,,,c,,8.0,,,zoom_point,OPERATE
,20.11,,,Obfuscated,,,,,c,,7.997,,,zoom_point,OPERATE
,20.109,,,Obfuscated,,,,,c,,7.998,,,zoom_point,OPERATE
,20.083,,,Obfuscated,,,,,c,,7.999,,,zoom_point,OPERATE
,20.105,,,Obfuscated,,,,,c,,8.006,,,zoom_point,OPERATE
,20.126,,,Obfuscated,,,,,c,,8.005,,,zoom_point,OPERATE
,20.106,,,Obfuscated,,,,,c,,8.003,,,zoom_point,OPERATE
,20.105,,,Obfuscated,,,,,c,,8.002,,,zoom_point,OPERATE
,20.108,,,Obfuscated,,,,,c,,8.005,,,zoom_point,OPERATE
,20.106,,,Obfuscated,,,,,c,,7.999,,,zoom_point,OPERATE
,20.08,,,Obfuscated,,,,,c,,8.028,,,zoom_point,OPERATE
,20.103,,,Obfuscated,,,,,c,,8.001,,,zoom_point,OPERATE
,20.094,,,Obfuscated,,,,,c,,8.0,,,zoom_point,OPERATE
,20.131,,,Obfuscated,,,,,c,,7.977,,,zoom_point,OPERATE
,20.11,,,Obfuscated,,,,,c,,8.001,,,zoom_point,OPERATE
,20.108,,,Obfuscated,,,,,c,,8.006,,,zoom_point,OPERATE
,20.114,,,Obfuscated,,,,,c,,8.002,,,zoom_point,OPERATE
,20.12,,,Obfuscated,,,,,c,,7.995,,,zoom_point,OPERATE
,20.105,,,Obfuscated,,,,,c,,8.004,,,zoom_point,OPERATE
,20.108,,,Obfuscated,,,,,c,,8.012,,,zoom_point,OPERATE
,20.097,,,Obfuscated,,,,,c,,7.998,,,zoom_point,OPERATE
,20.123,,,Obfuscated,,,,,c,,8.001,,,zoom_point,OPERATE
,20.108,,,Obfuscated,,,,,c,,8.001,,,zoom_point,OPERATE
,20.111,,,Obfuscated,,,,,c,,7.996,,,zoom_point,OPERATE
,20.109,,,Obfuscated,,,,,c,,7.997,,,zoom_point,OPERATE
,20.094,,,Obfuscated,,,,,c,,7.997,,,zoom_point,OPERATE
,20.104,,,Obfuscated,,,,,c,,8.002,,,zoom_point,OPERATE
,20.105,,,Obfuscated,,,,,c,,8.001,,,zoom_point,OPERATE
,20.105,,,Obfuscated,,,,,c,,8.002,,,zoom_point,OPERATE
,20.112,,,Obfuscated,,,,,c,,7.994,,,zoom_point,OPERATE
,20.109,,,Obfuscated,,,,,c,,7.996,,,zoom_point,OPERATE
,20.119,,,Obfuscated,,,,,c,,7.991,,,zoom_point,OPERATE
,20.108,,,Obfuscated,,,,,c,,8.001,,,zoom_point,OPERATE
,20.101,,,Obfuscated,,,,,c,,8.002,,,zoom_point,OPERATE
,20.106,,,Obfuscated,,,,,c,,8.001,,,zoom_point,OPERATE
,20.037,,,Obfuscated,,,,,c,,8.046,,,zoom_point,OPERATE
,20.105,,,Obfuscated,,,,,c,,8.003,,,zoom_point,OPERATE
,20.105,,,Obfuscated,,,,,c,,8.0,,,zoom_point,OPERATE
,20.114,,,Obfuscated,,,,,c,,7.996,,,zoom_point,OPERATE
,20.108,,,Obfuscated,,,,,c,,7.999,,,zoom_point,OPERATE
,20.104,,,Obfuscated,,,,,c,,8.009,,,zoom_point,OPERATE
,20.109,,,Obfuscated,,,,,c,,7.996,,,zoom_point,OPERATE
,20.093,,,Obfuscated,,,,,c,,8.017,,,zoom_point,OPERATE
,20.112,,,Obfuscated,,,,,c,,7.994,,,zoom_point,OPERATE
,20.096,,,Obfuscated,,,,,c,,7.999,,,zoom_point,OPERATE
,20.105,,,Obfuscated,,,,,c,,7.977,,,zoom_point,OPERATE
,20.113,,,Obfuscated,,,,,c,,8.0,,,zoom_point,OPERATE
,20.106,,,Obfuscated,,,,,c,,7.999,,,zoom_point,OPERATE
,20.105,,,Obfuscated,,,,,c,,7.999,,,zoom_point,OPERATE
,20.109,,,Obfuscated,,,,,c,,8.004,,,zoom_point,OPERATE
,20.102,,,Obfuscated,,,,,c,,8.017,,,zoom_point,OPERATE
,20.087,,,Obfuscated,,,,,c,,8.026,,,zoom_point,OPERATE
,20.109,,,Obfuscated,,,,,c,,7.999,,,zoom_point,OPERATE
,20.105,,,Obfuscated,,,,,c,,7.98,,,zoom_point,OPERATE
,20.094,,,Obfuscated,,,,,c,,7.999,,,zoom_point,OPERATE
,20.091,,,Obfuscated,,,,,c,,7.999,,,zoom_point,OPERATE
,20.109,,,Obfuscated,,,,,c,,8.009,,,zoom_point,OPERATE
,20.096,,,Obfuscated,,,,,c,,8.042,,,zoom_point,OPERATE
,20.108,,,Obfuscated,,,,,c,,7.993,,,zoom_point,OPERATE
,20.105,,,Obfuscated,,,,,c,,7.995,,,zoom_point,OPERATE
,20.116,,,Obfuscated,,,,,c,,7.987,,,zoom_point,OPERATE
,20.105,,,Obfuscated,,,,,c,,8.002,,,zoom_point,OPERATE
,20.107,,,Obfuscated,,,,,c,,7.999,,,zoom_point,OPERATE
,20.105,,,Obfuscated,,,,,c,,8.001,,,zoom_point,OPERATE
,20.106,,,Obfuscated,,,,,c,,8.0,,,zoom_point,OPERATE
,20.08,,,Obfuscated,,,,,c,,8.026,,,zoom_point,OPERATE
,20.105,,,Obfuscated,,,,,c,,8.0,,,zoom_point,OPERATE
,20.1,,,Obfuscated,,,,,c,,8.006,,,zoom_point,OPERATE
,20.109,,,Obfuscated,,,,,c,,7.996,,,zoom_point,OPERATE
,20.107,,,Obfuscated,,,,,c,,8.0,,,zoom_point,OPERATE
,20.089,,,Obfuscated,,,,,c,,8.004,,,zoom_point,OPERATE
,20.108,,,Obfuscated,,,,,c,,8.001,,,zoom_point,OPERATE
,20.082,,,Obfuscated,,,,,c,,7.999,,,zoom_point,OPERATE
,20.106,,,Obfuscated,,,,,c,,8.0,,,zoom_point,OPERATE
,20.114,,,Obfuscated,,,,,c,,8.004,,,zoom_point,OPERATE
,20.104,,,Obfuscated,,,,,c,,7.977,,,zoom_point,OPERATE
,20.104,,,Obfuscated,,,,,c,,8.007,,,zoom_point,OPERATE
,20.108,,,Obfuscated,,,,,c,,7.993,,,zoom_point,OPERATE
,20.105,,,Obfuscated,,,,,c,,8.002,,,zoom_point,OPERATE
,20.113,,,Obfuscated,,,,,c,,8.002,,,zoom_point,OPERATE
,20.109,,,Obfuscated,,,,,c,,7.973,,,zoom_point,OPERATE
,20.1,,,Obfuscated,,,,,c,,8.006,,,zoom_point,OPERATE
,20.111,,,Obfuscated,,,,,c,,7.997,,,zoom_point,OPERATE
,20.106,,,Obfuscated,,,,,c,,8.0,,,zoom_point,OPERATE
,20.106,,,Obfuscated,,,,,c,,8.006,,,zoom_point,OPERATE
,20.108,,,Obfuscated,,,,,c,,7.997,,,zoom_point,OPERATE
,20.113,,,Obfuscated,,,,,c,,7.993,,,zoom_point,OPERATE
,20.122,,,Obfuscated,,,,,c,,8.005,,,zoom_point,OPERATE
,20.105,,,Obfuscated,,,,,c,,8.002,,,zoom_point,OPERATE
,20.108,,,Obfuscated,,,,,c,,8.005,,,zoom_point,OPERATE
,20.112,,,Obfuscated,,,,,c,,8.002,,,zoom_point,OPERATE
,20.105,,,Obfuscated,,,,,c,,8.011,,,zoom_point,OPERATE
,20.107,,,Obfuscated,,,,,c,,8.002,,,zoom_point,OPERATE
,20.11,,,Obfuscated,,,,,c,,7.993,,,zoom_point,OPERATE
,20.104,,,Obfuscated,,,,,c,,8.005,,,zoom_point,OPERATE
,20.106,,,Obfuscated,,,,,c,,8.0,,,zoom_point,OPERATE
,20.104,,,Obfuscated,,,,,c,,8.002,,,zoom_point,OPERATE
,20.111,,,Obfuscated,,,,,c,,7.999,,,zoom_point,OPERATE
,20.109,,,Obfuscated,,,,,c,,7.999,,,zoom_point,OPERATE
,20.104,,,Obfuscated,,,,,c,,8.007,,,zoom_point,OPERATE
,20.097,,,Obfuscated,,,,,c,,8.001,,,zoom_point,OPERATE
,20.109,,,Obfuscated,,,,,c,,7.999,,,zoom_point,OPERATE
,20.096,,,Obfuscated,,,,,c,,8.011,,,zoom_point,OPERATE
,20.111,,,Obfuscated,,,,,c,,7.998,,,zoom_point,OPERATE
,20.106,,,Obfuscated,,,,,c,,7.995,,,zoom_point,OPERATE
,20.114,,,Obfuscated,,,,,c,,7.996,,,zoom_point,OPERATE
,20.105,,,Obfuscated,,,,,c,,7.998,,,zoom_point,OPERATE
,20.105,,,Obfuscated,,,,,c,,7.999,,,zoom_point,OPERATE
,20.104,,,Obfuscated,,,,,c,,8.006,,,zoom_point,OPERATE
,20.107,,,Obfuscated,,,,,c,,7.998,,,zoom_point,OPERATE
,20.105,,,Obfuscated,,,,,c,,8.0,,,zoom_point,OPERATE
,20.108,,,Obfuscated,,,,,c,,8.001,,,zoom_point,OPERATE
,20.104,,,Obfuscated,,,,,c,,8.0,,,zoom_point,OPERATE
,20.104,,,Obfuscated,,,,,c,,7.996,,,zoom_point,OPERATE
,20.102,,,Obfuscated,,,,,c,,8.004,,,zoom_point,OPERATE
,20.109,,,Obfuscated,,,,,c,,8.0,,,zoom_point,OPERATE
,20.103,,,Obfuscated,,,,,c,,8.006,,,zoom_point,OPERATE
,20.104,,,Obfuscated,,,,,c,,8.0,,,zoom_point,OPERATE
,20.102,,,Obfuscated,,,,,c,,8.002,,,zoom_point,OPERATE
,20.105,,,Obfuscated,,,,,c,,8.002,,,zoom_point,OPERATE
,20.105,,,Obfuscated,,,,,c,,8.005,,,zoom_point,OPERATE
,20.106,,,Obfuscated,,,,,c,,8.001,,,zoom_point,OPERATE
,20.106,,,Obfuscated,,,,,c,,7.994,,,zoom_point,OPERATE
,20.107,,,Obfuscated,,,,,c,,8.004,,,zoom_point,OPERATE
,20.105,,,Obfuscated,,,,,c,,8.012,,,zoom_point,OPERATE
,20.123,,,Obfuscated,,,,,c,,7.997,,,zoom_point,OPERATE
,20.108,,,Obfuscated,,,,,c,,7.996,,,zoom_point,OPERATE
,20.094,,,Obfuscated,,,,,c,,7.999,,,zoom_point,OPERATE
,20.082,,,Obfuscated,,,,,c,,7.954,,,zoom_point,OPERATE
,20.107,,,Obfuscated,,,,,c,,8.0,,,zoom_point,OPERATE
,20.105,,,Obfuscated,,,,,c,,8.0,,,zoom_point,OPERATE
,20.106,,,Obfuscated,,,,,c,,8.001,,,zoom_point,OPERATE
,20.105,,,Obfuscated,,,,,c,,8.0,,,zoom_point,OPERATE
,20.106,,,Obfuscated,,,,,c,,8.0,,,zoom_point,OPERATE
,20.113,,,Obfuscated,,,,,c,,7.997,,,zoom_point,OPERATE
,20.11,,,Obfuscated,,,,,c,,7.998,,,zoom_point,OPERATE
,20.096,,,Obfuscated,,,,,c,,8.0,,,zoom_point,OPERATE
,20.102,,,Obfuscated,,,,,c,,7.998,,,zoom_point,OPERATE
,20.111,,,Obfuscated,,,,,c,,8.002,,,zoom_point,OPERATE
,20.107,,,Obfuscated,,,,,c,,8.001,,,zoom_point,OPERATE
,20.107,,,Obfuscated,,,,,c,,7.999,,,zoom_point,OPERATE
,20.107,,,Obfuscated,,,,,c,,8.0,,,zoom_point,OPERATE
,20.104,,,Obfuscated,,,,,c,,7.986,,,zoom_point,OPERATE
,20.083,,,Obfuscated,,,,,c,,7.956,,,zoom_point,OPERATE
,20.106,,,Obfuscated,,,,,c,,8.004,,,zoom_point,OPERATE
,20.129,,,Obfuscated,,,,,c,,7.982,,,zoom_point,OPERATE
,20.044,,,Obfuscated,,,,,c,,7.999,,,zoom_point,OPERATE
,20.107,,,Obfuscated,,,,,c,,7.998,,,zoom_point,OPERATE
,20.112,,,Obfuscated,,,,,c,,7.991,,,zoom_point,OPERATE
,20.082,,,Obfuscated,,,,,c,,7.999,,,zoom_point,OPERATE
,20.107,,,Obfuscated,,,,,c,,8.0,,,zoom_point,OPERATE
,20.095,,,Obfuscated,,,,,c,,8.029,,,zoom_point,OPERATE
,20.106,,,Obfuscated,,,,,c,,8.001,,,zoom_point,OPERATE
,20.113,,,Obfuscated,,,,,c,,8.001,,,zoom_point,OPERATE
,20.105,,,Obfuscated,,,,,c,,8.003,,,zoom_point,OPERATE
,20.11,,,Obfuscated,,,,,c,,8.003,,,zoom_point,OPERATE
,20.083,,,Obfuscated,,,,,c,,7.999,,,zoom_point,OPERATE
,20.103,,,Obfuscated,,,,,c,,8.006,,,zoom_point,OPERATE
,20.112,,,Obfuscated,,,,,c,,7.998,,,zoom_point,OPERATE
,20.106,,,Obfuscated,,,,,c,,8.0,,,zoom_point,OPERATE
,20.106,,,Obfuscated,,,,,c,,7.998,,,zoom_point,OPERATE
,20.111,,,Obfuscated,,,,,c,,7.997,,,zoom_point,OPERATE
,20.106,,,Obfuscated,,,,,c,,7.999,,,zoom_point,OPERATE
,20.106,,,Obfuscated,,,,,c,,8.004,,,zoom_point,OPERATE
,20.112,,,Obfuscated,,,,,c,,8.002,,,zoom_point,OPERATE
,20.111,,,Obfuscated,,,,,c,,7.994,,,zoom_point,OPERATE
,20.109,,,Obfuscated,,,,,c,,8.005,,,zoom_point,OPERATE
,20.103,,,Obfuscated,,,,,c,,8.002,,,zoom_point,OPERATE
,20.104,,,Obfuscated,,,,,c,,8.003,,,zoom_point,OPERATE
,20.11,,,Obfuscated,,,,,c,,8.009,,,zoom_point,OPERATE
,20.103,,,Obfuscated,,,,,c,,8.006,,,zoom_point,OPERATE
,20.104,,,Obfuscated,,,,,c,,7.977,,,zoom_point,OPERATE
,20.105,,,Obfuscated,,,,,c,,8.0,,,zoom_point,OPERATE
,20.114,,,Obfuscated,,,,,c,,7.998,,,zoom_point,OPERATE
,20.104,,,Obfuscated,,,,,c,,8.01,,,zoom_point,OPERATE
,20.113,,,Obfuscated,,,,,c,,7.998,,,zoom_point,OPERATE
,20.107,,,Obfuscated,,,,,c,,8.0,,,zoom_point,OPERATE
,20.103,,,Obfuscated,,,,,c,,8.003,,,zoom_point,OPERATE
,20.109,,,Obfuscated,,,,,c,,8.008,,,zoom_point,OPERATE
,20.108,,,Obfuscated,,,,,c,,7.999,,,zoom_point,OPERATE
,20.112,,,Obfuscated,,,,,c,,8.0,,,zoom_point,OPERATE
,20.106,,,Obfuscated,,,,,c,,8.0,,,zoom_point,OPERATE
,20.101,,,Obfuscated,,,,,c,,8.011,,,zoom_point,OPERATE
,20.112,,,Obfuscated,,,,,c,,7.994,,,zoom_point,OPERATE
,20.109,,,Obfuscated,,,,,c,,8.002,,,zoom_point,OPERATE
,20.106,,,Obfuscated,,,,,c,,7.999,,,zoom_point,OPERATE
,20.11,,,Obfuscated,,,,,c,,8.0,,,zoom_point,OPERATE
,20.11,,,Obfuscated,,,,,c,,7.997,,,zoom_point,OPERATE
,20.095,,,Obfuscated,,,,,c,,7.986,,,zoom_point,OPERATE
,20.113,,,Obfuscated,,,,,c,,7.969,,,zoom_point,OPERATE
,20.113,,,Obfuscated,,,,,c,,7.994,,,zoom_point,OPERATE
,20.106,,,Obfuscated,,,,,c,,8.008,,,zoom_point,OPERATE
,20.108,,,Obfuscated,,,,,c,,8.001,,,zoom_point,OPERATE
,20.111,,,Obfuscated,,,,,c,,7.998,,,zoom_point,OPERATE
,20.123,,,Obfuscated,,,,,c,,7.998,,,zoom_point,OPERATE
,20.037,,,Obfuscated,,,,,c,,8.001,,,zoom_point,OPERATE
,20.039,,,Obfuscated,,,,,c,,7.997,,,zoom_point,OPERATE
,20.106,,,Obfuscated,,,,,c,,8.0,,,zoom_point,OPERATE
,20.11,,,Obfuscated,,,,,c,,8.0,,,zoom_point,OPERATE
,20.11,,,Obfuscated,,,,,c,,8.001,,,zoom_point,OPERATE
,20.109,,,Obfuscated,,,,,c,,8.0,,,zoom_point,OPERATE
,20.1,,,Obfuscated,,,,,c,,7.999,,,zoom_point,OPERATE
,20.114,,,Obfuscated,,,,,c,,7.992,,,zoom_point,OPERATE
,20.099,,,Obfuscated,,,,,c,,8.001,,,zoom_point,OPERATE
,20.109,,,Obfuscated,,,,,c,,8.002,,,zoom_point,OPERATE
,20.085,,,Obfuscated,,,,,c,,7.951,,,zoom_point,OPERATE
,20.106,,,Obfuscated,,,,,c,,7.99,,,zoom_point,OPERATE
,20.109,,,Obfuscated,,,,,c,,7.998,,,zoom_point,OPERATE
,20.087,,,Obfuscated,,,,,c,,7.99,,,zoom_point,OPERATE
,20.104,,,Obfuscated,,,,,c,,8.003,,,zoom_point,OPERATE
,20.114,,,Obfuscated,,,,,c,,7.996,,,zoom_point,OPERATE
,20.106,,,Obfuscated,,,,,c,,7.992,,,zoom_point,OPERATE
,20.109,,,Obfuscated,,,,,c,,7.99,,,zoom_point,OPERATE
,20.099,,,Obfuscated,,,,,c,,8.011,,,zoom_point,OPERATE
,20.11,,,Obfuscated,,,,,c,,8.0,,,zoom_point,OPERATE
,20.107,,,Obfuscated,,,,,c,,8.003,,,zoom_point,OPERATE
,20.104,,,Obfuscated,,,,,c,,8.005,,,zoom_point,OPERATE
,20.108,,,Obfuscated,,,,,c,,7.997,,,zoom_point,OPERATE
,20.083,,,Obfuscated,,,,,c,,8.021,,,zoom_point,OPERATE
,20.13,,,Obfuscated,,,,,c,,7.99,,,zoom_point,OPERATE
,20.108,,,Obfuscated,,,,,c,,8.003,,,zoom_point,OPERATE
,20.112,,,Obfuscated,,,,,c,,7.997,,,zoom_point,OPERATE
,20.101,,,Obfuscated,,,,,c,,8.003,,,zoom_point,OPERATE
,20.104,,,Obfuscated,,,,,c,,8.012,,,zoom_point,OPERATE
,20.105,,,Obfuscated,,,,,c,,8.003,,,zoom_point,OPERATE
,20.104,,,Obfuscated,,,,,c,,8.0,,,zoom_point,OPERATE
,20.104,,,Obfuscated,,,,,c,,8.004,,,zoom_point,OPERATE
,20.084,,,Obfuscated,,,,,c,,8.029,,,zoom_point,OPERATE
,20.111,,,Obfuscated,,,,,c,,7.999,,,zoom_point,OPERATE
,20.105,,,Obfuscated,,,,,c,,8.004,,,zoom_point,OPERATE
,20.114,,,Obfuscated,,,,,c,,8.003,,,zoom_point,OPERATE
,20.104,,,Obfuscated,,,,,c,,8.002,,,zoom_point,OPERATE
,20.114,,,Obfuscated,,,,,c,,7.997,,,zoom_point,OPERATE
,20.109,,,Obfuscated,,,,,c,,8.007,,,zoom_point,OPERATE
,20.105,,,Obfuscated,,,,,c,,8.0,,,zoom_point,OPERATE
,20.04,,,Obfuscated,,,,,c,,8.04,,,zoom_point,OPERATE
,20.113,,,Obfuscated,,,,,c,,7.992,,,zoom_point,OPERATE
,20.083,,,Obfuscated,,,,,c,,7.999,,,zoom_point,OPERATE
,20.105,,,Obfuscated,,,,,c,,8.001,,,zoom_point,OPERATE
,20.105,,,Obfuscated,,,,,c,,7.983,,,zoom_point,OPERATE
,20.104,,,Obfuscated,,,,,c,,8.001,,,zoom_point,OPERATE
,20.112,,,Obfuscated,,,,,c,,7.995,,,zoom_point,OPERATE
,20.082,,,Obfuscated,,,,,c,,7.999,,,zoom_point,OPERATE
,20.108,,,Obfuscated,,,,,c,,7.997,,,zoom_point,OPERATE
,20.105,,,Obfuscated,,,,,c,,8.005,,,zoom_point,OPERATE
,20.11,,,Obfuscated,,,,,c,,8.002,,,zoom_point,OPERATE
,20.102,,,Obfuscated,,,,,c,,7.996,,,zoom_point,OPERATE
,20.118,,,Obfuscated,,,,,c,,7.995,,,zoom_point,OPERATE
,20.106,,,Obfuscated,,,,,c,,8.001,,,zoom_point,OPERATE
,20.115,,,Obfuscated,,,,,c,,7.997,,,zoom_point,OPERATE
,20.114,,,Obfuscated,,,,,c,,8.002,,,zoom_point,OPERATE
,20.112,,,Obfuscated,,,,,c,,7.992,,,zoom_point,OPERATE
,20.102,,,Obfuscated,,,,,c,,7.979,,,zoom_point,OPERATE
,20.109,,,Obfuscated,,,,,c,,8.002,,,zoom_point,OPERATE
,20.092,,,Obfuscated,,,,,c,,8.016,,,zoom_point,OPERATE
,20.105,,,Obfuscated,,,,,c,,8.002,,,zoom_point,OPERATE
,20.109,,,Obfuscated,,,,,c,,7.998,,,zoom_point,OPERATE
,20.099,,,Obfuscated,,,,,c,,8.001,,,zoom_point,OPERATE
,20.105,,,Obfuscated,,,,,c,,8.006,,,zoom_point,OPERATE
,20.106,,,Obfuscated,,,,,c,,8.007,,,zoom_point,OPERATE
,20.102,,,Obfuscated,,,,,c,,8.006,,,zoom_point,OPERATE
,20.108,,,Obfuscated,,,,,c,,7.994,,,zoom_point,OPERATE
,20.098,,,Obfuscated,,,,,c,,7.998,,,zoom_point,OPERATE
,20.105,,,Obfuscated,,,,,c,,7.999,,,zoom_point,OPERATE
,20.105,,,Obfuscated,,,,,c,,7.999,,,zoom_point,OPERATE
,20.105,,,Obfuscated,,,,,c,,7.998,,,zoom_point,OPERATE
,20.082,,,Obfuscated,,,,,c,,8.025,,,zoom_point,OPERATE
,20.111,,,Obfuscated,,,,,c,,7.998,,,zoom_point,OPERATE
,20.112,,,Obfuscated,,,,,c,,7.989,,,zoom_point,OPERATE
,20.105,,,Obfuscated,,,,,c,,8.0,,,zoom_point,OPERATE
,20.107,,,Obfuscated,,,,,c,,7.999,,,zoom_point,OPERATE
,20.107,,,Obfuscated,,,,,c,,8.002,,,zoom_point,OPERATE
,20.082,,,Obfuscated,,,,,c,,8.001,,,zoom_point,OPERATE
,20.092,,,Obfuscated,,,,,c,,8.005,,,zoom_point,OPERATE
,20.11,,,Obfuscated,,,,,c,,8.0,,,zoom_point,OPERATE
,20.098,,,Obfuscated,,,,,c,,8.009,,,zoom_point,OPERATE
,20.105,,,Obfuscated,,,,,c,,8.001,,,zoom_point,OPERATE
,20.106,,,Obfuscated,,,,,c,,7.997,,,zoom_point,OPERATE
,20.105,,,Obfuscated,,,,,c,,8.004,,,zoom_point,OPERATE
,20.106,,,Obfuscated,,,,,c,,8.004,,,zoom_point,OPERATE
,20.107,,,Obfuscated,,,,,c,,8.006,,,zoom_point,OPERATE
,20.108,,,Obfuscated,,,,,c,,8.0,,,zoom_point,OPERATE
,20.106,,,Obfuscated,,,,,c,,8.001,,,zoom_point,OPERATE
,20.112,,,Obfuscated,,,,,c,,7.993,,,zoom_point,OPERATE
,20.114,,,Obfuscated,,,,,c,,7.992,,,zoom_point,OPERATE
,20.112,,,Obfuscated,,,,,c,,7.998,,,zoom_point,OPERATE
,20.112,,,Obfuscated,,,,,c,,8.0,,,zoom_point,OPERATE
,20.112,,,Obfuscated,,,,,c,,8.0,,,zoom_point,OPERATE
,20.102,,,Obfuscated,,,,,c,,8.01,,,zoom_point,OPERATE
,20.105,,,Obfuscated,,,,,c,,8.005,,,zoom_point,OPERATE
,20.108,,,Obfuscated,,,,,c,,8.002,,,zoom_point,OPERATE
,20.111,,,Obfuscated,,,,,c,,8.0,,,zoom_point,OPERATE
,20.11,,,Obfuscated,,,,,c,,7.994,,,zoom_point,OPERATE
,20.112,,,Obfuscated,,,,,c,,8.007,,,zoom_point,OPERATE
,20.111,,,Obfuscated,,,,,c,,7.97,,,zoom_point,OPERATE
,20.109,,,Obfuscated,,,,,c,,8.0,,,zoom_point,OPERATE
,20.114,,,Obfuscated,,,,,c,,7.998,,,zoom_point,OPERATE
,20.091,,,Obfuscated,,,,,c,,8.012,,,zoom_point,OPERATE
,20.107,,,Obfuscated,,,,,c,,8.001,,,zoom_point,OPERATE
,20.111,,,Obfuscated,,,,,c,,7.999,,,zoom_point,OPERATE
,20.105,,,Obfuscated,,,,,c,,8.001,,,zoom_point,OPERATE
,20.115,,,Obfuscated,,,,,c,,7.995,,,zoom_point,OPERATE
,20.118,,,Obfuscated,,,,,c,,7.986,,,zoom_point,OPERATE
,20.11,,,Obfuscated,,,,,c,,7.983,,,zoom_point,OPERATE
,20.099,,,Obfuscated,,,,,c,,7.995,,,zoom_point,OPERATE
,20.11,,,Obfuscated,,,,,c,,7.997,,,zoom_point,OPERATE
,20.104,,,Obfuscated,,,,,c,,8.026,,,zoom_point,OPERATE
,20.092,,,Obfuscated,,,,,c,,8.01,,,zoom_point,OPERATE
,20.038,,,Obfuscated,,,,,c,,8.001,,,zoom_point,OPERATE
,20.035,,,Obfuscated,,,,,c,,8.075,,,zoom_point,OPERATE
,20.042,,,Obfuscated,,,,,c,,7.993,,,zoom_point,OPERATE
,20.111,,,Obfuscated,,,,,c,,7.999,,,zoom_point,OPERATE
,20.037,,,Obfuscated,,,,,c,,8.047,,,zoom_point,OPERATE
,20.111,,,Obfuscated,,,,,c,,7.999,,,zoom_point,OPERATE
,20.111,,,Obfuscated,,,,,c,,7.994,,,zoom_point,OPERATE
,20.106,,,Obfuscated,,,,,c,,8.0,,,zoom_point,OPERATE
,20.109,,,Obfuscated,,,,,c,,8.004,,,zoom_point,OPERATE
,20.108,,,Obfuscated,,,,,c,,8.005,,,zoom_point,OPERATE
,20.11,,,Obfuscated,,,,,c,,8.003,,,zoom_point,OPERATE
,20.107,,,Obfuscated,,,,,c,,8.004,,,zoom_point,OPERATE
,20.106,,,Obfuscated,,,,,c,,8.005,,,zoom_point,OPERATE
,20.104,,,Obfuscated,,,,,c,,8.002,,,zoom_point,OPERATE
,20.11,,,Obfuscated,,,,,c,,7.998,,,zoom_point,OPERATE
,20.106,,,Obfuscated,,,,,c,,7.999,,,zoom_point,OPERATE
,20.108,,,Obfuscated,,,,,c,,8.018,,,zoom_point,OPERATE
,20.111,,,Obfuscated,,,,,c,,7.984,,,zoom_point,OPERATE
,20.112,,,Obfuscated,,,,,c,,7.992,,,zoom_point,OPERATE
,20.105,,,Obfuscated,,,,,c,,8.007,,,zoom_point,OPERATE
,20.039,,,Obfuscated,,,,,c,,8.043,,,zoom_point,OPERATE
,20.104,,,Obfuscated,,,,,c,,8.001,,,zoom_point,OPERATE
,20.106,,,Obfuscated,,,,,c,,8.003,,,zoom_point,OPERATE
,20.114,,,Obfuscated,,,,,c,,7.992,,,zoom_point,OPERATE
,20.109,,,Obfuscated,,,,,c,,7.998,,,zoom_point,OPERATE
,20.105,,,Obfuscated,,,,,c,,8.004,,,zoom_point,OPERATE
,20.099,,,Obfuscated,,,,,c,,8.002,,,zoom_point,OPERATE
,20.11,,,Obfuscated,,,,,c,,7.997,,,zoom_point,OPERATE
,20.112,,,Obfuscated,,,,,c,,8.001,,,zoom_point,OPERATE
,20.104,,,Obfuscated,,,,,c,,8.003,,,zoom_point,OPERATE
,20.118,,,Obfuscated,,,,,c,,8.0,,,zoom_point,OPERATE
,20.039,,,Obfuscated,,,,,c,,7.997,,,zoom_point,OPERATE
,20.091,,,Obfuscated,,,,,c,,8.001,,,zoom_point,OPERATE
,20.102,,,Obfuscated,,,,,c,,8.005,,,zoom_point,OPERATE
,20.107,,,Obfuscated,,,,,c,,8.001,,,zoom_point,OPERATE
,20.105,,,Obfuscated,,,,,c,,8.001,,,zoom_point,OPERATE
,20.104,,,Obfuscated,,,,,c,,8.006,,,zoom_point,OPERATE
,20.113,,,Obfuscated,,,,,c,,8.005,,,zoom_point,OPERATE
,20.111,,,Obfuscated,,,,,c,,8.001,,,zoom_point,OPERATE
,20.108,,,Obfuscated,,,,,c,,7.99,,,zoom_point,OPERATE
,20.103,,,Obfuscated,,,,,c,,8.002,,,zoom_point,OPERATE
,20.105,,,Obfuscated,,,,,c,,8.003,,,zoom_point,OPERATE
,20.1,,,Obfuscated,,,,,c,,8.008,,,zoom_point,OPERATE
,20.079,,,Obfuscated,,,,,c,,8.004,,,zoom_point,OPERATE
,20.105,,,Obfuscated,,,,,c,,8.0,,,zoom_point,OPERATE
,20.111,,,Obfuscated,,,,,c,,7.988,,,zoom_point,OPERATE
,20.111,,,Obfuscated,,,,,c,,8.0,,,zoom_point,OPERATE
,20.097,,,Obfuscated,,,,,c,,8.0,,,zoom_point,OPERATE
,20.114,,,Obfuscated,,,,,c,,7.997,,,zoom_point,OPERATE
,20.113,,,Obfuscated,,,,,c,,7.996,,,zoom_point,OPERATE
,20.114,,,Obfuscated,,,,,c,,7.998,,,zoom_point,OPERATE
,20.106,,,Obfuscated,,,,,c,,8.006,,,zoom_point,OPERATE
,20.111,,,Obfuscated,,,,,c,,8.0,,,zoom_point,OPERATE
,20.043,,,Obfuscated,,,,,c,,8.015,,,zoom_point,OPERATE
,20.088,,,Obfuscated,,,,,c,,8.021,,,zoom_point,OPERATE
,,,,Obfuscated,,900,2640,2638,c,,,,,zoom_coverage,OPERATE
