row_type,config,server_nodelay,client_quickack,requested_delay_ms,reps,req_to_resp_ms_mean,req_to_resp_ms_max,responses_ok,response_bytes_ok_all,resets,pure_ack_yes,pure_ack_no,pure_ack_unknown,pure_ack_frac,request_to_ack_ms_mean,ack_to_response_ms_mean,retransmissions_sum,capture_status,rep,request_to_response_ms,response_received,response_bytes_ok,reset,pure_ack_emitted,request_to_ack_ms,ack_to_response_ms,retransmissions
aggregate,baseline,default,default,25,30,25.662,25.744,30,True,0,0,0,30,,,,,undetermined-needs-privileged-capture,,,,,,,,,
aggregate,baseline,default,default,30,30,30.659,30.748,30,True,0,0,0,30,,,,,undetermined-needs-privileged-capture,,,,,,,,,
aggregate,baseline,default,default,35,30,35.666,35.728,30,True,0,0,0,30,,,,,undetermined-needs-privileged-capture,,,,,,,,,
aggregate,baseline,default,default,38,30,38.676,38.742,30,True,0,0,0,30,,,,,undetermined-needs-privileged-capture,,,,,,,,,
aggregate,baseline,default,default,40,30,40.656,40.742,30,True,0,0,0,30,,,,,undetermined-needs-privileged-capture,,,,,,,,,
aggregate,baseline,default,default,42,30,42.668,42.74,30,True,0,0,0,30,,,,,undetermined-needs-privileged-capture,,,,,,,,,
aggregate,baseline,default,default,45,30,45.676,45.745,30,True,0,0,0,30,,,,,undetermined-needs-privileged-capture,,,,,,,,,
aggregate,baseline,default,default,50,30,50.682,50.747,30,True,0,0,0,30,,,,,undetermined-needs-privileged-capture,,,,,,,,,
aggregate,server_nodelay_on,on,default,25,30,25.656,25.727,30,True,0,0,0,30,,,,,undetermined-needs-privileged-capture,,,,,,,,,
aggregate,server_nodelay_on,on,default,30,30,30.68,30.738,30,True,0,0,0,30,,,,,undetermined-needs-privileged-capture,,,,,,,,,
aggregate,server_nodelay_on,on,default,35,30,35.667,35.757,30,True,0,0,0,30,,,,,undetermined-needs-privileged-capture,,,,,,,,,
aggregate,server_nodelay_on,on,default,38,30,38.67,38.737,30,True,0,0,0,30,,,,,undetermined-needs-privileged-capture,,,,,,,,,
aggregate,server_nodelay_on,on,default,40,30,40.65,40.727,30,True,0,0,0,30,,,,,undetermined-needs-privileged-capture,,,,,,,,,
aggregate,server_nodelay_on,on,default,42,30,42.662,42.728,30,True,0,0,0,30,,,,,undetermined-needs-privileged-capture,,,,,,,,,
aggregate,server_nodelay_on,on,default,45,30,45.676,45.733,30,True,0,0,0,30,,,,,undetermined-needs-privileged-capture,,,,,,,,,
aggregate,server_nodelay_on,on,default,50,30,50.672,50.758,30,True,0,0,0,30,,,,,undetermined-needs-privileged-capture,,,,,,,,,
aggregate,server_nodelay_off,off,default,25,30,25.665,25.713,30,True,0,0,0,30,,,,,undetermined-needs-privileged-capture,,,,,,,,,
aggregate,server_nodelay_off,off,default,30,30,30.663,30.735,30,True,0,0,0,30,,,,,undetermined-needs-privileged-capture,,,,,,,,,
aggregate,server_nodelay_off,off,default,35,30,35.652,35.711,30,True,0,0,0,30,,,,,undetermined-needs-privileged-capture,,,,,,,,,
aggregate,server_nodelay_off,off,default,38,30,38.661,38.716,30,True,0,0,0,30,,,,,undetermined-needs-privileged-capture,,,,,,,,,
aggregate,server_nodelay_off,off,default,40,30,40.647,40.723,30,True,0,0,0,30,,,,,undetermined-needs-privileged-capture,,,,,,,,,
aggregate,server_nodelay_off,off,default,42,30,42.674,42.734,30,True,0,0,0,30,,,,,undetermined-needs-privileged-capture,,,,,,,,,
aggregate,server_nodelay_off,off,default,45,30,45.677,45.754,30,True,0,0,0,30,,,,,undetermined-needs-privileged-capture,,,,,,,,,
aggregate,server_nodelay_off,off,default,50,30,50.68,50.751,30,True,0,0,0,30,,,,,undetermined-needs-privileged-capture,,,,,,,,,
aggregate,client_quickack_on,default,on,25,30,25.662,25.728,30,True,0,0,0,30,,,,,undetermined-needs-privileged-capture,,,,,,,,,
aggregate,client_quickack_on,default,on,30,30,30.681,30.73,30,True,0,0,0,30,,,,,undetermined-needs-privileged-capture,,,,,,,,,
aggregate,client_quickack_on,default,on,35,30,35.656,35.735,30,True,0,0,0,30,,,,,undetermined-needs-privileged-capture,,,,,,,,,
aggregate,client_quickack_on,default,on,38,30,38.618,38.694,30,True,0,0,0,30,,,,,undetermined-needs-privileged-capture,,,,,,,,,
aggregate,client_quickack_on,default,on,40,30,40.612,40.694,30,True,0,0,0,30,,,,,undetermined-needs-privileged-capture,,,,,,,,,
aggregate,client_quickack_on,default,on,42,30,42.628,42.705,30,True,0,0,0,30,,,,,undetermined-needs-privileged-capture,,,,,,,,,
aggregate,client_quickack_on,default,on,45,30,45.619,45.698,30,True,0,0,0,30,,,,,undetermined-needs-privileged-capture,,,,,,,,,
aggregate,client_quickack_on,default,on,50,30,50.629,50.698,30,True,0,0,0,30,,,,,undetermined-needs-privileged-capture,,,,,,,,,
raw,baseline,default,default,25,,,,,,,,,,,,,,undetermined-needs-privileged-capture,0,25.63,True,True,False,unknown,,,
raw,baseline,default,default,25,,,,,,,,,,,,,,undetermined-needs-privileged-capture,1,25.638,True,True,False,unknown,,,
raw,baseline,default,default,25,,,,,,,,,,,,,,undetermined-needs-privileged-capture,2,25.706,True,True,False,unknown,,,
raw,baseline,default,default,25,,,,,,,,,,,,,,undetermined-needs-privileged-capture,3,25.658,True,True,False,unknown,,,
raw,baseline,default,default,25,,,,,,,,,,,,,,undetermined-needs-privileged-capture,4,25.68,True,True,False,unknown,,,
raw,baseline,default,default,25,,,,,,,,,,,,,,undetermined-needs-privileged-capture,5,25.723,True,True,False,unknown,,,
raw,baseline,default,default,25,,,,,,,,,,,,,,undetermined-needs-privileged-capture,6,25.681,True,True,False,unknown,,,
raw,baseline,default,default,25,,,,,,,,,,,,,,undetermined-needs-privileged-capture,7,25.672,True,True,False,unknown,,,
raw,baseline,default,default,25,,,,,,,,,,,,,,undetermined-needs-privileged-capture,8,25.724,True,True,False,unknown,,,
raw,baseline,default,default,25,,,,,,,,,,,,,,undetermined-needs-privileged-capture,9,25.621,True,True,False,unknown,,,
raw,baseline,default,default,25,,,,,,,,,,,,,,undetermined-needs-privileged-capture,10,25.721,True,True,False,unknown,,,
raw,baseline,default,default,25,,,,,,,,,,,,,,undetermined-needs-privileged-capture,11,25.654,True,True,False,unknown,,,
raw,baseline,default,default,25,,,,,,,,,,,,,,undetermined-needs-privileged-capture,12,25.698,True,True,False,unknown,,,
raw,baseline,default,default,25,,,,,,,,,,,,,,undetermined-needs-privileged-capture,13,25.638,True,True,False,unknown,,,
raw,baseline,default,default,25,,,,,,,,,,,,,,undetermined-needs-privileged-capture,14,25.557,True,True,False,unknown,,,
raw,baseline,default,default,25,,,,,,,,,,,,,,undetermined-needs-privileged-capture,15,25.686,True,True,False,unknown,,,
raw,baseline,default,default,25,,,,,,,,,,,,,,undetermined-needs-privileged-capture,16,25.692,True,True,False,unknown,,,
raw,baseline,default,default,25,,,,,,,,,,,,,,undetermined-needs-privileged-capture,17,25.607,True,True,False,unknown,,,
raw,baseline,default,default,25,,,,,,,,,,,,,,undetermined-needs-privileged-capture,18,25.588,True,True,False,unknown,,,
raw,baseline,default,default,25,,,,,,,,,,,,,,undetermined-needs-privileged-capture,19,25.616,True,True,False,unknown,,,
raw,baseline,default,default,25,,,,,,,,,,,,,,undetermined-needs-privileged-capture,20,25.657,True,True,False,unknown,,,
raw,baseline,default,default,25,,,,,,,,,,,,,,undetermined-needs-privileged-capture,21,25.608,True,True,False,unknown,,,
raw,baseline,default,default,25,,,,,,,,,,,,,,undetermined-needs-privileged-capture,22,25.635,True,True,False,unknown,,,
raw,baseline,default,default,25,,,,,,,,,,,,,,undetermined-needs-privileged-capture,23,25.696,True,True,False,unknown,,,
raw,baseline,default,default,25,,,,,,,,,,,,,,undetermined-needs-privileged-capture,24,25.727,True,True,False,unknown,,,
raw,baseline,default,default,25,,,,,,,,,,,,,,undetermined-needs-privileged-capture,25,25.622,True,True,False,unknown,,,
raw,baseline,default,default,25,,,,,,,,,,,,,,undetermined-needs-privileged-capture,26,25.744,True,True,False,unknown,,,
raw,baseline,default,default,25,,,,,,,,,,,,,,undetermined-needs-privileged-capture,27,25.646,True,True,False,unknown,,,
raw,baseline,default,default,25,,,,,,,,,,,,,,undetermined-needs-privileged-capture,28,25.642,True,True,False,unknown,,,
raw,baseline,default,default,25,,,,,,,,,,,,,,undetermined-needs-privileged-capture,29,25.692,True,True,False,unknown,,,
raw,baseline,default,default,30,,,,,,,,,,,,,,undetermined-needs-privileged-capture,0,30.718,True,True,False,unknown,,,
raw,baseline,default,default,30,,,,,,,,,,,,,,undetermined-needs-privileged-capture,1,30.652,True,True,False,unknown,,,
raw,baseline,default,default,30,,,,,,,,,,,,,,undetermined-needs-privileged-capture,2,30.613,True,True,False,unknown,,,
raw,baseline,default,default,30,,,,,,,,,,,,,,undetermined-needs-privileged-capture,3,30.713,True,True,False,unknown,,,
raw,baseline,default,default,30,,,,,,,,,,,,,,undetermined-needs-privileged-capture,4,30.642,True,True,False,unknown,,,
raw,baseline,default,default,30,,,,,,,,,,,,,,undetermined-needs-privileged-capture,5,30.693,True,True,False,unknown,,,
raw,baseline,default,default,30,,,,,,,,,,,,,,undetermined-needs-privileged-capture,6,30.641,True,True,False,unknown,,,
raw,baseline,default,default,30,,,,,,,,,,,,,,undetermined-needs-privileged-capture,7,30.688,True,True,False,unknown,,,
raw,baseline,default,default,30,,,,,,,,,,,,,,undetermined-needs-privileged-capture,8,30.64,True,True,False,unknown,,,
raw,baseline,default,default,30,,,,,,,,,,,,,,undetermined-needs-privileged-capture,9,30.64,True,True,False,unknown,,,
raw,baseline,default,default,30,,,,,,,,,,,,,,undetermined-needs-privileged-capture,10,30.624,True,True,False,unknown,,,
raw,baseline,default,default,30,,,,,,,,,,,,,,undetermined-needs-privileged-capture,11,30.64,True,True,False,unknown,,,
raw,baseline,default,default,30,,,,,,,,,,,,,,undetermined-needs-privileged-capture,12,30.701,True,True,False,unknown,,,
raw,baseline,default,default,30,,,,,,,,,,,,,,undetermined-needs-privileged-capture,13,30.748,True,True,False,unknown,,,
raw,baseline,default,default,30,,,,,,,,,,,,,,undetermined-needs-privileged-capture,14,30.69,True,True,False,unknown,,,
raw,baseline,default,default,30,,,,,,,,,,,,,,undetermined-needs-privileged-capture,15,30.64,True,True,False,unknown,,,
raw,baseline,default,default,30,,,,,,,,,,,,,,undetermined-needs-privileged-capture,16,30.63,True,True,False,unknown,,,
raw,baseline,default,default,30,,,,,,,,,,,,,,undetermined-needs-privileged-capture,17,30.594,True,True,False,unknown,,,
raw,baseline,default,default,30,,,,,,,,,,,,,,undetermined-needs-privileged-capture,18,30.693,True,True,False,unknown,,,
raw,baseline,default,default,30,,,,,,,,,,,,,,undetermined-needs-privileged-capture,19,30.592,True,True,False,unknown,,,
raw,baseline,default,default,30,,,,,,,,,,,,,,undetermined-needs-privileged-capture,20,30.617,True,True,False,unknown,,,
raw,baseline,default,default,30,,,,,,,,,,,,,,undetermined-needs-privileged-capture,21,30.715,True,True,False,unknown,,,
raw,baseline,default,default,30,,,,,,,,,,,,,,undetermined-needs-privileged-capture,22,30.64,True,True,False,unknown,,,
raw,baseline,default,default,30,,,,,,,,,,,,,,undetermined-needs-privileged-capture,23,30.709,True,True,False,unknown,,,
raw,baseline,default,default,30,,,,,,,,,,,,,,undetermined-needs-privileged-capture,24,30.64,True,True,False,unknown,,,
raw,baseline,default,default,30,,,,,,,,,,,,,,undetermined-needs-privileged-capture,25,30.594,True,True,False,unknown,,,
raw,baseline,default,default,30,,,,,,,,,,,,,,undetermined-needs-privileged-capture,26,30.612,True,True,False,unknown,,,
raw,baseline,default,default,30,,,,,,,,,,,,,,undetermined-needs-privileged-capture,27,30.667,True,True,False,unknown,,,
raw,baseline,default,default,30,,,,,,,,,,,,,,undetermined-needs-privileged-capture,28,30.684,True,True,False,unknown,,,
raw,baseline,default,default,30,,,,,,,,,,,,,,undetermined-needs-privileged-capture,29,30.706,True,True,False,unknown,,,
raw,baseline,default,default,35,,,,,,,,,,,,,,undetermined-needs-privileged-capture,0,35.649,True,True,False,unknown,,,
raw,baseline,default,default,35,,,,,,,,,,,,,,undetermined-needs-privileged-capture,1,35.628,True,True,False,unknown,,,
raw,baseline,default,default,35,,,,,,,,,,,,,,undetermined-needs-privileged-capture,2,35.694,True,True,False,unknown,,,
raw,baseline,default,default,35,,,,,,,,,,,,,,undetermined-needs-privileged-capture,3,35.706,True,True,False,unknown,,,
raw,baseline,default,default,35,,,,,,,,,,,,,,undetermined-needs-privileged-capture,4,35.681,True,True,False,unknown,,,
raw,baseline,default,default,35,,,,,,,,,,,,,,undetermined-needs-privileged-capture,5,35.628,True,True,False,unknown,,,
raw,baseline,default,default,35,,,,,,,,,,,,,,undetermined-needs-privileged-capture,6,35.71,True,True,False,unknown,,,
raw,baseline,default,default,35,,,,,,,,,,,,,,undetermined-needs-privileged-capture,7,35.71,True,True,False,unknown,,,
raw,baseline,default,default,35,,,,,,,,,,,,,,undetermined-needs-privileged-capture,8,35.64,True,True,False,unknown,,,
raw,baseline,default,default,35,,,,,,,,,,,,,,undetermined-needs-privileged-capture,9,35.709,True,True,False,unknown,,,
raw,baseline,default,default,35,,,,,,,,,,,,,,undetermined-needs-privileged-capture,10,35.656,True,True,False,unknown,,,
raw,baseline,default,default,35,,,,,,,,,,,,,,undetermined-needs-privileged-capture,11,35.638,True,True,False,unknown,,,
raw,baseline,default,default,35,,,,,,,,,,,,,,undetermined-needs-privileged-capture,12,35.628,True,True,False,unknown,,,
raw,baseline,default,default,35,,,,,,,,,,,,,,undetermined-needs-privileged-capture,13,35.694,True,True,False,unknown,,,
raw,baseline,default,default,35,,,,,,,,,,,,,,undetermined-needs-privileged-capture,14,35.696,True,True,False,unknown,,,
raw,baseline,default,default,35,,,,,,,,,,,,,,undetermined-needs-privileged-capture,15,35.728,True,True,False,unknown,,,
raw,baseline,default,default,35,,,,,,,,,,,,,,undetermined-needs-privileged-capture,16,35.7,True,True,False,unknown,,,
raw,baseline,default,default,35,,,,,,,,,,,,,,undetermined-needs-privileged-capture,17,35.702,True,True,False,unknown,,,
raw,baseline,default,default,35,,,,,,,,,,,,,,undetermined-needs-privileged-capture,18,35.657,True,True,False,unknown,,,
raw,baseline,default,default,35,,,,,,,,,,,,,,undetermined-needs-privileged-capture,19,35.637,True,True,False,unknown,,,
raw,baseline,default,default,35,,,,,,,,,,,,,,undetermined-needs-privileged-capture,20,35.629,True,True,False,unknown,,,
raw,baseline,default,default,35,,,,,,,,,,,,,,undetermined-needs-privileged-capture,21,35.705,True,True,False,unknown,,,
raw,baseline,default,default,35,,,,,,,,,,,,,,undetermined-needs-privileged-capture,22,35.64,True,True,False,unknown,,,
raw,baseline,default,default,35,,,,,,,,,,,,,,undetermined-needs-privileged-capture,23,35.54,True,True,False,unknown,,,
raw,baseline,default,default,35,,,,,,,,,,,,,,undetermined-needs-privileged-capture,24,35.646,True,True,False,unknown,,,
raw,baseline,default,default,35,,,,,,,,,,,,,,undetermined-needs-privileged-capture,25,35.711,True,True,False,unknown,,,
raw,baseline,default,default,35,,,,,,,,,,,,,,undetermined-needs-privileged-capture,26,35.623,True,True,False,unknown,,,
raw,baseline,default,default,35,,,,,,,,,,,,,,undetermined-needs-privileged-capture,27,35.698,True,True,False,unknown,,,
raw,baseline,default,default,35,,,,,,,,,,,,,,undetermined-needs-privileged-capture,28,35.665,True,True,False,unknown,,,
raw,baseline,default,default,35,,,,,,,,,,,,,,undetermined-needs-privileged-capture,29,35.619,True,True,False,unknown,,,
raw,baseline,default,default,38,,,,,,,,,,,,,,undetermined-needs-privileged-capture,0,38.723,True,True,False,unknown,,,
raw,baseline,default,default,38,,,,,,,,,,,,,,undetermined-needs-privileged-capture,1,38.698,True,True,False,unknown,,,
raw,baseline,default,default,38,,,,,,,,,,,,,,undetermined-needs-privileged-capture,2,38.639,True,True,False,unknown,,,
raw,baseline,default,default,38,,,,,,,,,,,,,,undetermined-needs-privileged-capture,3,38.683,True,True,False,unknown,,,
raw,baseline,default,default,38,,,,,,,,,,,,,,undetermined-needs-privileged-capture,4,38.661,True,True,False,unknown,,,
raw,baseline,default,default,38,,,,,,,,,,,,,,undetermined-needs-privileged-capture,5,38.651,True,True,False,unknown,,,
raw,baseline,default,default,38,,,,,,,,,,,,,,undetermined-needs-privileged-capture,6,38.623,True,True,False,unknown,,,
raw,baseline,default,default,38,,,,,,,,,,,,,,undetermined-needs-privileged-capture,7,38.643,True,True,False,unknown,,,
raw,baseline,default,default,38,,,,,,,,,,,,,,undetermined-needs-privileged-capture,8,38.699,True,True,False,unknown,,,
raw,baseline,default,default,38,,,,,,,,,,,,,,undetermined-needs-privileged-capture,9,38.63,True,True,False,unknown,,,
raw,baseline,default,default,38,,,,,,,,,,,,,,undetermined-needs-privileged-capture,10,38.726,True,True,False,unknown,,,
raw,baseline,default,default,38,,,,,,,,,,,,,,undetermined-needs-privileged-capture,11,38.689,True,True,False,unknown,,,
raw,baseline,default,default,38,,,,,,,,,,,,,,undetermined-needs-privileged-capture,12,38.691,True,True,False,unknown,,,
raw,baseline,default,default,38,,,,,,,,,,,,,,undetermined-needs-privileged-capture,13,38.74,True,True,False,unknown,,,
raw,baseline,default,default,38,,,,,,,,,,,,,,undetermined-needs-privileged-capture,14,38.717,True,True,False,unknown,,,
raw,baseline,default,default,38,,,,,,,,,,,,,,undetermined-needs-privileged-capture,15,38.61,True,True,False,unknown,,,
raw,baseline,default,default,38,,,,,,,,,,,,,,undetermined-needs-privileged-capture,16,38.742,True,True,False,unknown,,,
raw,baseline,default,default,38,,,,,,,,,,,,,,undetermined-needs-privileged-capture,17,38.648,True,True,False,unknown,,,
raw,baseline,default,default,38,,,,,,,,,,,,,,undetermined-needs-privileged-capture,18,38.738,True,True,False,unknown,,,
raw,baseline,default,default,38,,,,,,,,,,,,,,undetermined-needs-privileged-capture,19,38.683,True,True,False,unknown,,,
raw,baseline,default,default,38,,,,,,,,,,,,,,undetermined-needs-privileged-capture,20,38.69,True,True,False,unknown,,,
raw,baseline,default,default,38,,,,,,,,,,,,,,undetermined-needs-privileged-capture,21,38.627,True,True,False,unknown,,,
raw,baseline,default,default,38,,,,,,,,,,,,,,undetermined-needs-privileged-capture,22,38.626,True,True,False,unknown,,,
raw,baseline,default,default,38,,,,,,,,,,,,,,undetermined-needs-privileged-capture,23,38.725,True,True,False,unknown,,,
raw,baseline,default,default,38,,,,,,,,,,,,,,undetermined-needs-privileged-capture,24,38.641,True,True,False,unknown,,,
raw,baseline,default,default,38,,,,,,,,,,,,,,undetermined-needs-privileged-capture,25,38.697,True,True,False,unknown,,,
raw,baseline,default,default,38,,,,,,,,,,,,,,undetermined-needs-privileged-capture,26,38.648,True,True,False,unknown,,,
raw,baseline,default,default,38,,,,,,,,,,,,,,undetermined-needs-privileged-capture,27,38.65,True,True,False,unknown,,,
raw,baseline,default,default,38,,,,,,,,,,,,,,undetermined-needs-privileged-capture,28,38.647,True,True,False,unknown,,,
raw,baseline,default,default,38,,,,,,,,,,,,,,undetermined-needs-privileged-capture,29,38.698,True,True,False,unknown,,,
raw,baseline,default,default,40,,,,,,,,,,,,,,undetermined-needs-privileged-capture,0,40.585,True,True,False,unknown,,,
raw,baseline,default,default,40,,,,,,,,,,,,,,undetermined-needs-privileged-capture,1,40.718,True,True,False,unknown,,,
raw,baseline,default,default,40,,,,,,,,,,,,,,undetermined-needs-privileged-capture,2,40.657,True,True,False,unknown,,,
raw,baseline,default,default,40,,,,,,,,,,,,,,undetermined-needs-privileged-capture,3,40.578,True,True,False,unknown,,,
raw,baseline,default,default,40,,,,,,,,,,,,,,undetermined-needs-privileged-capture,4,40.715,True,True,False,unknown,,,
raw,baseline,default,default,40,,,,,,,,,,,,,,undetermined-needs-privileged-capture,5,40.641,True,True,False,unknown,,,
raw,baseline,default,default,40,,,,,,,,,,,,,,undetermined-needs-privileged-capture,6,40.637,True,True,False,unknown,,,
raw,baseline,default,default,40,,,,,,,,,,,,,,undetermined-needs-privileged-capture,7,40.631,True,True,False,unknown,,,
raw,baseline,default,default,40,,,,,,,,,,,,,,undetermined-needs-privileged-capture,8,40.667,True,True,False,unknown,,,
raw,baseline,default,default,40,,,,,,,,,,,,,,undetermined-needs-privileged-capture,9,40.611,True,True,False,unknown,,,
raw,baseline,default,default,40,,,,,,,,,,,,,,undetermined-needs-privileged-capture,10,40.661,True,True,False,unknown,,,
raw,baseline,default,default,40,,,,,,,,,,,,,,undetermined-needs-privileged-capture,11,40.652,True,True,False,unknown,,,
raw,baseline,default,default,40,,,,,,,,,,,,,,undetermined-needs-privileged-capture,12,40.64,True,True,False,unknown,,,
raw,baseline,default,default,40,,,,,,,,,,,,,,undetermined-needs-privileged-capture,13,40.653,True,True,False,unknown,,,
raw,baseline,default,default,40,,,,,,,,,,,,,,undetermined-needs-privileged-capture,14,40.713,True,True,False,unknown,,,
raw,baseline,default,default,40,,,,,,,,,,,,,,undetermined-needs-privileged-capture,15,40.643,True,True,False,unknown,,,
raw,baseline,default,default,40,,,,,,,,,,,,,,undetermined-needs-privileged-capture,16,40.606,True,True,False,unknown,,,
raw,baseline,default,default,40,,,,,,,,,,,,,,undetermined-needs-privileged-capture,17,40.704,True,True,False,unknown,,,
raw,baseline,default,default,40,,,,,,,,,,,,,,undetermined-needs-privileged-capture,18,40.742,True,True,False,unknown,,,
raw,baseline,default,default,40,,,,,,,,,,,,,,undetermined-needs-privileged-capture,19,40.646,True,True,False,unknown,,,
raw,baseline,default,default,40,,,,,,,,,,,,,,undetermined-needs-privileged-capture,20,40.647,True,True,False,unknown,,,
raw,baseline,default,default,40,,,,,,,,,,,,,,undetermined-needs-privileged-capture,21,40.708,True,True,False,unknown,,,
raw,baseline,default,default,40,,,,,,,,,,,,,,undetermined-needs-privileged-capture,22,40.654,True,True,False,unknown,,,
raw,baseline,default,default,40,,,,,,,,,,,,,,undetermined-needs-privileged-capture,23,40.618,True,True,False,unknown,,,
raw,baseline,default,default,40,,,,,,,,,,,,,,undetermined-needs-privileged-capture,24,40.637,True,True,False,unknown,,,
raw,baseline,default,default,40,,,,,,,,,,,,,,undetermined-needs-privileged-capture,25,40.609,True,True,False,unknown,,,
raw,baseline,default,default,40,,,,,,,,,,,,,,undetermined-needs-privileged-capture,26,40.661,True,True,False,unknown,,,
raw,baseline,default,default,40,,,,,,,,,,,,,,undetermined-needs-privileged-capture,27,40.712,True,True,False,unknown,,,
raw,baseline,default,default,40,,,,,,,,,,,,,,undetermined-needs-privileged-capture,28,40.678,True,True,False,unknown,,,
raw,baseline,default,default,40,,,,,,,,,,,,,,undetermined-needs-privileged-capture,29,40.644,True,True,False,unknown,,,
raw,baseline,default,default,42,,,,,,,,,,,,,,undetermined-needs-privileged-capture,0,42.656,True,True,False,unknown,,,
raw,baseline,default,default,42,,,,,,,,,,,,,,undetermined-needs-privileged-capture,1,42.652,True,True,False,unknown,,,
raw,baseline,default,default,42,,,,,,,,,,,,,,undetermined-needs-privileged-capture,2,42.711,True,True,False,unknown,,,
raw,baseline,default,default,42,,,,,,,,,,,,,,undetermined-needs-privileged-capture,3,42.74,True,True,False,unknown,,,
raw,baseline,default,default,42,,,,,,,,,,,,,,undetermined-needs-privileged-capture,4,42.652,True,True,False,unknown,,,
raw,baseline,default,default,42,,,,,,,,,,,,,,undetermined-needs-privileged-capture,5,42.69,True,True,False,unknown,,,
raw,baseline,default,default,42,,,,,,,,,,,,,,undetermined-needs-privileged-capture,6,42.645,True,True,False,unknown,,,
raw,baseline,default,default,42,,,,,,,,,,,,,,undetermined-needs-privileged-capture,7,42.685,True,True,False,unknown,,,
raw,baseline,default,default,42,,,,,,,,,,,,,,undetermined-needs-privileged-capture,8,42.66,True,True,False,unknown,,,
raw,baseline,default,default,42,,,,,,,,,,,,,,undetermined-needs-privileged-capture,9,42.645,True,True,False,unknown,,,
raw,baseline,default,default,42,,,,,,,,,,,,,,undetermined-needs-privileged-capture,10,42.633,True,True,False,unknown,,,
raw,baseline,default,default,42,,,,,,,,,,,,,,undetermined-needs-privileged-capture,11,42.695,True,True,False,unknown,,,
raw,baseline,default,default,42,,,,,,,,,,,,,,undetermined-needs-privileged-capture,12,42.653,True,True,False,unknown,,,
raw,baseline,default,default,42,,,,,,,,,,,,,,undetermined-needs-privileged-capture,13,42.638,True,True,False,unknown,,,
raw,baseline,default,default,42,,,,,,,,,,,,,,undetermined-needs-privileged-capture,14,42.665,True,True,False,unknown,,,
raw,baseline,default,default,42,,,,,,,,,,,,,,undetermined-needs-privileged-capture,15,42.621,True,True,False,unknown,,,
raw,baseline,default,default,42,,,,,,,,,,,,,,undetermined-needs-privileged-capture,16,42.685,True,True,False,unknown,,,
raw,baseline,default,default,42,,,,,,,,,,,,,,undetermined-needs-privileged-capture,17,42.648,True,True,False,unknown,,,
raw,baseline,default,default,42,,,,,,,,,,,,,,undetermined-needs-privileged-capture,18,42.736,True,True,False,unknown,,,
raw,baseline,default,default,42,,,,,,,,,,,,,,undetermined-needs-privileged-capture,19,42.699,True,True,False,unknown,,,
raw,baseline,default,default,42,,,,,,,,,,,,,,undetermined-needs-privileged-capture,20,42.631,True,True,False,unknown,,,
raw,baseline,default,default,42,,,,,,,,,,,,,,undetermined-needs-privileged-capture,21,42.642,True,True,False,unknown,,,
raw,baseline,default,default,42,,,,,,,,,,,,,,undetermined-needs-privileged-capture,22,42.689,True,True,False,unknown,,,
raw,baseline,default,default,42,,,,,,,,,,,,,,undetermined-needs-privileged-capture,23,42.628,True,True,False,unknown,,,
raw,baseline,default,default,42,,,,,,,,,,,,,,undetermined-needs-privileged-capture,24,42.721,True,True,False,unknown,,,
raw,baseline,default,default,42,,,,,,,,,,,,,,undetermined-needs-privileged-capture,25,42.622,True,True,False,unknown,,,
raw,baseline,default,default,42,,,,,,,,,,,,,,undetermined-needs-privileged-capture,26,42.695,True,True,False,unknown,,,
raw,baseline,default,default,42,,,,,,,,,,,,,,undetermined-needs-privileged-capture,27,42.673,True,True,False,unknown,,,
raw,baseline,default,default,42,,,,,,,,,,,,,,undetermined-needs-privileged-capture,28,42.683,True,True,False,unknown,,,
raw,baseline,default,default,42,,,,,,,,,,,,,,undetermined-needs-privileged-capture,29,42.635,True,True,False,unknown,,,
raw,baseline,default,default,45,,,,,,,,,,,,,,undetermined-needs-privileged-capture,0,45.651,True,True,False,unknown,,,
raw,baseline,default,default,45,,,,,,,,,,,,,,undetermined-needs-privileged-capture,1,45.633,True,True,False,unknown,,,
raw,baseline,default,default,45,,,,,,,,,,,,,,undetermined-needs-privileged-capture,2,45.65,True,True,False,unknown,,,
raw,baseline,default,default,45,,,,,,,,,,,,,,undetermined-needs-privileged-capture,3,45.702,True,True,False,unknown,,,
raw,baseline,default,default,45,,,,,,,,,,,,,,undetermined-needs-privileged-capture,4,45.634,True,True,False,unknown,,,
raw,baseline,default,default,45,,,,,,,,,,,,,,undetermined-needs-privileged-capture,5,45.711,True,True,False,unknown,,,
raw,baseline,default,default,45,,,,,,,,,,,,,,undetermined-needs-privileged-capture,6,45.648,True,True,False,unknown,,,
raw,baseline,default,default,45,,,,,,,,,,,,,,undetermined-needs-privileged-capture,7,45.635,True,True,False,unknown,,,
raw,baseline,default,default,45,,,,,,,,,,,,,,undetermined-needs-privileged-capture,8,45.713,True,True,False,unknown,,,
raw,baseline,default,default,45,,,,,,,,,,,,,,undetermined-needs-privileged-capture,9,45.646,True,True,False,unknown,,,
raw,baseline,default,default,45,,,,,,,,,,,,,,undetermined-needs-privileged-capture,10,45.645,True,True,False,unknown,,,
raw,baseline,default,default,45,,,,,,,,,,,,,,undetermined-needs-privileged-capture,11,45.648,True,True,False,unknown,,,
raw,baseline,default,default,45,,,,,,,,,,,,,,undetermined-needs-privileged-capture,12,45.646,True,True,False,unknown,,,
raw,baseline,default,default,45,,,,,,,,,,,,,,undetermined-needs-privileged-capture,13,45.741,True,True,False,unknown,,,
raw,baseline,default,default,45,,,,,,,,,,,,,,undetermined-needs-privileged-capture,14,45.734,True,True,False,unknown,,,
raw,baseline,default,default,45,,,,,,,,,,,,,,undetermined-needs-privileged-capture,15,45.648,True,True,False,unknown,,,
raw,baseline,default,default,45,,,,,,,,,,,,,,undetermined-needs-privileged-capture,16,45.709,True,True,False,unknown,,,
raw,baseline,default,default,45,,,,,,,,,,,,,,undetermined-needs-privileged-capture,17,45.659,True,True,False,unknown,,,
raw,baseline,default,default,45,,,,,,,,,,,,,,undetermined-needs-privileged-capture,18,45.678,True,True,False,unknown,,,
raw,baseline,default,default,45,,,,,,,,,,,,,,undetermined-needs-privileged-capture,19,45.685,True,True,False,unknown,,,
raw,baseline,default,default,45,,,,,,,,,,,,,,undetermined-needs-privileged-capture,20,45.646,True,True,False,unknown,,,
raw,baseline,default,default,45,,,,,,,,,,,,,,undetermined-needs-privileged-capture,21,45.725,True,True,False,unknown,,,
raw,baseline,default,default,45,,,,,,,,,,,,,,undetermined-needs-privileged-capture,22,45.715,True,True,False,unknown,,,
raw,baseline,default,default,45,,,,,,,,,,,,,,undetermined-needs-privileged-capture,23,45.64,True,True,False,unknown,,,
raw,baseline,default,default,45,,,,,,,,,,,,,,undetermined-needs-privileged-capture,24,45.745,True,True,False,unknown,,,
raw,baseline,default,default,45,,,,,,,,,,,,,,undetermined-needs-privileged-capture,25,45.714,True,True,False,unknown,,,
raw,baseline,default,default,45,,,,,,,,,,,,,,undetermined-needs-privileged-capture,26,45.632,True,True,False,unknown,,,
raw,baseline,default,default,45,,,,,,,,,,,,,,undetermined-needs-privileged-capture,27,45.702,True,True,False,unknown,,,
raw,baseline,default,default,45,,,,,,,,,,,,,,undetermined-needs-privileged-capture,28,45.72,True,True,False,unknown,,,
raw,baseline,default,default,45,,,,,,,,,,,,,,undetermined-needs-privileged-capture,29,45.639,True,True,False,unknown,,,
raw,baseline,default,default,50,,,,,,,,,,,,,,undetermined-needs-privileged-capture,0,50.747,True,True,False,unknown,,,
raw,baseline,default,default,50,,,,,,,,,,,,,,undetermined-needs-privileged-capture,1,50.637,True,True,False,unknown,,,
raw,baseline,default,default,50,,,,,,,,,,,,,,undetermined-needs-privileged-capture,2,50.696,True,True,False,unknown,,,
raw,baseline,default,default,50,,,,,,,,,,,,,,undetermined-needs-privileged-capture,3,50.65,True,True,False,unknown,,,
raw,baseline,default,default,50,,,,,,,,,,,,,,undetermined-needs-privileged-capture,4,50.721,True,True,False,unknown,,,
raw,baseline,default,default,50,,,,,,,,,,,,,,undetermined-needs-privileged-capture,5,50.686,True,True,False,unknown,,,
raw,baseline,default,default,50,,,,,,,,,,,,,,undetermined-needs-privileged-capture,6,50.602,True,True,False,unknown,,,
raw,baseline,default,default,50,,,,,,,,,,,,,,undetermined-needs-privileged-capture,7,50.663,True,True,False,unknown,,,
raw,baseline,default,default,50,,,,,,,,,,,,,,undetermined-needs-privileged-capture,8,50.656,True,True,False,unknown,,,
raw,baseline,default,default,50,,,,,,,,,,,,,,undetermined-needs-privileged-capture,9,50.621,True,True,False,unknown,,,
raw,baseline,default,default,50,,,,,,,,,,,,,,undetermined-needs-privileged-capture,10,50.69,True,True,False,unknown,,,
raw,baseline,default,default,50,,,,,,,,,,,,,,undetermined-needs-privileged-capture,11,50.636,True,True,False,unknown,,,
raw,baseline,default,default,50,,,,,,,,,,,,,,undetermined-needs-privileged-capture,12,50.696,True,True,False,unknown,,,
raw,baseline,default,default,50,,,,,,,,,,,,,,undetermined-needs-privileged-capture,13,50.727,True,True,False,unknown,,,
raw,baseline,default,default,50,,,,,,,,,,,,,,undetermined-needs-privileged-capture,14,50.669,True,True,False,unknown,,,
raw,baseline,default,default,50,,,,,,,,,,,,,,undetermined-needs-privileged-capture,15,50.637,True,True,False,unknown,,,
raw,baseline,default,default,50,,,,,,,,,,,,,,undetermined-needs-privileged-capture,16,50.727,True,True,False,unknown,,,
raw,baseline,default,default,50,,,,,,,,,,,,,,undetermined-needs-privileged-capture,17,50.714,True,True,False,unknown,,,
raw,baseline,default,default,50,,,,,,,,,,,,,,undetermined-needs-privileged-capture,18,50.639,True,True,False,unknown,,,
raw,baseline,default,default,50,,,,,,,,,,,,,,undetermined-needs-privileged-capture,19,50.727,True,True,False,unknown,,,
raw,baseline,default,default,50,,,,,,,,,,,,,,undetermined-needs-privileged-capture,20,50.697,True,True,False,unknown,,,
raw,baseline,default,default,50,,,,,,,,,,,,,,undetermined-needs-privileged-capture,21,50.716,True,True,False,unknown,,,
raw,baseline,default,default,50,,,,,,,,,,,,,,undetermined-needs-privileged-capture,22,50.652,True,True,False,unknown,,,
raw,baseline,default,default,50,,,,,,,,,,,,,,undetermined-needs-privileged-capture,23,50.649,True,True,False,unknown,,,
raw,baseline,default,default,50,,,,,,,,,,,,,,undetermined-needs-privileged-capture,24,50.689,True,True,False,unknown,,,
raw,baseline,default,default,50,,,,,,,,,,,,,,undetermined-needs-privileged-capture,25,50.646,True,True,False,unknown,,,
raw,baseline,default,default,50,,,,,,,,,,,,,,undetermined-needs-privileged-capture,26,50.709,True,True,False,unknown,,,
raw,baseline,default,default,50,,,,,,,,,,,,,,undetermined-needs-privileged-capture,27,50.697,True,True,False,unknown,,,
raw,baseline,default,default,50,,,,,,,,,,,,,,undetermined-needs-privileged-capture,28,50.746,True,True,False,unknown,,,
raw,baseline,default,default,50,,,,,,,,,,,,,,undetermined-needs-privileged-capture,29,50.723,True,True,False,unknown,,,
raw,server_nodelay_on,on,default,25,,,,,,,,,,,,,,undetermined-needs-privileged-capture,0,25.598,True,True,False,unknown,,,
raw,server_nodelay_on,on,default,25,,,,,,,,,,,,,,undetermined-needs-privileged-capture,1,25.609,True,True,False,unknown,,,
raw,server_nodelay_on,on,default,25,,,,,,,,,,,,,,undetermined-needs-privileged-capture,2,25.659,True,True,False,unknown,,,
raw,server_nodelay_on,on,default,25,,,,,,,,,,,,,,undetermined-needs-privileged-capture,3,25.634,True,True,False,unknown,,,
raw,server_nodelay_on,on,default,25,,,,,,,,,,,,,,undetermined-needs-privileged-capture,4,25.637,True,True,False,unknown,,,
raw,server_nodelay_on,on,default,25,,,,,,,,,,,,,,undetermined-needs-privileged-capture,5,25.628,True,True,False,unknown,,,
raw,server_nodelay_on,on,default,25,,,,,,,,,,,,,,undetermined-needs-privileged-capture,6,25.63,True,True,False,unknown,,,
raw,server_nodelay_on,on,default,25,,,,,,,,,,,,,,undetermined-needs-privileged-capture,7,25.682,True,True,False,unknown,,,
raw,server_nodelay_on,on,default,25,,,,,,,,,,,,,,undetermined-needs-privileged-capture,8,25.705,True,True,False,unknown,,,
raw,server_nodelay_on,on,default,25,,,,,,,,,,,,,,undetermined-needs-privileged-capture,9,25.65,True,True,False,unknown,,,
raw,server_nodelay_on,on,default,25,,,,,,,,,,,,,,undetermined-needs-privileged-capture,10,25.647,True,True,False,unknown,,,
raw,server_nodelay_on,on,default,25,,,,,,,,,,,,,,undetermined-needs-privileged-capture,11,25.645,True,True,False,unknown,,,
raw,server_nodelay_on,on,default,25,,,,,,,,,,,,,,undetermined-needs-privileged-capture,12,25.727,True,True,False,unknown,,,
raw,server_nodelay_on,on,default,25,,,,,,,,,,,,,,undetermined-needs-privileged-capture,13,25.713,True,True,False,unknown,,,
raw,server_nodelay_on,on,default,25,,,,,,,,,,,,,,undetermined-needs-privileged-capture,14,25.65,True,True,False,unknown,,,
raw,server_nodelay_on,on,default,25,,,,,,,,,,,,,,undetermined-needs-privileged-capture,15,25.642,True,True,False,unknown,,,
raw,server_nodelay_on,on,default,25,,,,,,,,,,,,,,undetermined-needs-privileged-capture,16,25.689,True,True,False,unknown,,,
raw,server_nodelay_on,on,default,25,,,,,,,,,,,,,,undetermined-needs-privileged-capture,17,25.6,True,True,False,unknown,,,
raw,server_nodelay_on,on,default,25,,,,,,,,,,,,,,undetermined-needs-privileged-capture,18,25.651,True,True,False,unknown,,,
raw,server_nodelay_on,on,default,25,,,,,,,,,,,,,,undetermined-needs-privileged-capture,19,25.693,True,True,False,unknown,,,
raw,server_nodelay_on,on,default,25,,,,,,,,,,,,,,undetermined-needs-privileged-capture,20,25.646,True,True,False,unknown,,,
raw,server_nodelay_on,on,default,25,,,,,,,,,,,,,,undetermined-needs-privileged-capture,21,25.7,True,True,False,unknown,,,
raw,server_nodelay_on,on,default,25,,,,,,,,,,,,,,undetermined-needs-privileged-capture,22,25.686,True,True,False,unknown,,,
raw,server_nodelay_on,on,default,25,,,,,,,,,,,,,,undetermined-needs-privileged-capture,23,25.668,True,True,False,unknown,,,
raw,server_nodelay_on,on,default,25,,,,,,,,,,,,,,undetermined-needs-privileged-capture,24,25.609,True,True,False,unknown,,,
raw,server_nodelay_on,on,default,25,,,,,,,,,,,,,,undetermined-needs-privileged-capture,25,25.628,True,True,False,unknown,,,
raw,server_nodelay_on,on,default,25,,,,,,,,,,,,,,undetermined-needs-privileged-capture,26,25.713,True,True,False,unknown,,,
raw,server_nodelay_on,on,default,25,,,,,,,,,,,,,,undetermined-needs-privileged-capture,27,25.626,True,True,False,unknown,,,
raw,server_nodelay_on,on,default,25,,,,,,,,,,,,,,undetermined-needs-privileged-capture,28,25.647,True,True,False,unknown,,,
raw,server_nodelay_on,on,default,25,,,,,,,,,,,,,,undetermined-needs-privileged-capture,29,25.68,True,True,False,unknown,,,
raw,server_nodelay_on,on,default,30,,,,,,,,,,,,,,undetermined-needs-privileged-capture,0,30.623,True,True,False,unknown,,,
raw,server_nodelay_on,on,default,30,,,,,,,,,,,,,,undetermined-needs-privileged-capture,1,30.699,True,True,False,unknown,,,
raw,server_nodelay_on,on,default,30,,,,,,,,,,,,,,undetermined-needs-privileged-capture,2,30.701,True,True,False,unknown,,,
raw,server_nodelay_on,on,default,30,,,,,,,,,,,,,,undetermined-needs-privileged-capture,3,30.714,True,True,False,unknown,,,
raw,server_nodelay_on,on,default,30,,,,,,,,,,,,,,undetermined-needs-privileged-capture,4,30.661,True,True,False,unknown,,,
raw,server_nodelay_on,on,default,30,,,,,,,,,,,,,,undetermined-needs-privileged-capture,5,30.689,True,True,False,unknown,,,
raw,server_nodelay_on,on,default,30,,,,,,,,,,,,,,undetermined-needs-privileged-capture,6,30.689,True,True,False,unknown,,,
raw,server_nodelay_on,on,default,30,,,,,,,,,,,,,,undetermined-needs-privileged-capture,7,30.646,True,True,False,unknown,,,
raw,server_nodelay_on,on,default,30,,,,,,,,,,,,,,undetermined-needs-privileged-capture,8,30.668,True,True,False,unknown,,,
raw,server_nodelay_on,on,default,30,,,,,,,,,,,,,,undetermined-needs-privileged-capture,9,30.636,True,True,False,unknown,,,
raw,server_nodelay_on,on,default,30,,,,,,,,,,,,,,undetermined-needs-privileged-capture,10,30.701,True,True,False,unknown,,,
raw,server_nodelay_on,on,default,30,,,,,,,,,,,,,,undetermined-needs-privileged-capture,11,30.688,True,True,False,unknown,,,
raw,server_nodelay_on,on,default,30,,,,,,,,,,,,,,undetermined-needs-privileged-capture,12,30.716,True,True,False,unknown,,,
raw,server_nodelay_on,on,default,30,,,,,,,,,,,,,,undetermined-needs-privileged-capture,13,30.669,True,True,False,unknown,,,
raw,server_nodelay_on,on,default,30,,,,,,,,,,,,,,undetermined-needs-privileged-capture,14,30.629,True,True,False,unknown,,,
raw,server_nodelay_on,on,default,30,,,,,,,,,,,,,,undetermined-needs-privileged-capture,15,30.711,True,True,False,unknown,,,
raw,server_nodelay_on,on,default,30,,,,,,,,,,,,,,undetermined-needs-privileged-capture,16,30.64,True,True,False,unknown,,,
raw,server_nodelay_on,on,default,30,,,,,,,,,,,,,,undetermined-needs-privileged-capture,17,30.694,True,True,False,unknown,,,
raw,server_nodelay_on,on,default,30,,,,,,,,,,,,,,undetermined-needs-privileged-capture,18,30.642,True,True,False,unknown,,,
raw,server_nodelay_on,on,default,30,,,,,,,,,,,,,,undetermined-needs-privileged-capture,19,30.701,True,True,False,unknown,,,
raw,server_nodelay_on,on,default,30,,,,,,,,,,,,,,undetermined-needs-privileged-capture,20,30.727,True,True,False,unknown,,,
raw,server_nodelay_on,on,default,30,,,,,,,,,,,,,,undetermined-needs-privileged-capture,21,30.697,True,True,False,unknown,,,
raw,server_nodelay_on,on,default,30,,,,,,,,,,,,,,undetermined-needs-privileged-capture,22,30.702,True,True,False,unknown,,,
raw,server_nodelay_on,on,default,30,,,,,,,,,,,,,,undetermined-needs-privileged-capture,23,30.682,True,True,False,unknown,,,
raw,server_nodelay_on,on,default,30,,,,,,,,,,,,,,undetermined-needs-privileged-capture,24,30.639,True,True,False,unknown,,,
raw,server_nodelay_on,on,default,30,,,,,,,,,,,,,,undetermined-needs-privileged-capture,25,30.738,True,True,False,unknown,,,
raw,server_nodelay_on,on,default,30,,,,,,,,,,,,,,undetermined-needs-privileged-capture,26,30.647,True,True,False,unknown,,,
raw,server_nodelay_on,on,default,30,,,,,,,,,,,,,,undetermined-needs-privileged-capture,27,30.645,True,True,False,unknown,,,
raw,server_nodelay_on,on,default,30,,,,,,,,,,,,,,undetermined-needs-privileged-capture,28,30.71,True,True,False,unknown,,,
raw,server_nodelay_on,on,default,30,,,,,,,,,,,,,,undetermined-needs-privileged-capture,29,30.709,True,True,False,unknown,,,
raw,server_nodelay_on,on,default,35,,,,,,,,,,,,,,undetermined-needs-privileged-capture,0,35.611,True,True,False,unknown,,,
raw,server_nodelay_on,on,default,35,,,,,,,,,,,,,,undetermined-needs-privileged-capture,1,35.664,True,True,False,unknown,,,
raw,server_nodelay_on,on,default,35,,,,,,,,,,,,,,undetermined-needs-privileged-capture,2,35.664,True,True,False,unknown,,,
raw,server_nodelay_on,on,default,35,,,,,,,,,,,,,,undetermined-needs-privileged-capture,3,35.63,True,True,False,unknown,,,
raw,server_nodelay_on,on,default,35,,,,,,,,,,,,,,undetermined-needs-privileged-capture,4,35.714,True,True,False,unknown,,,
raw,server_nodelay_on,on,default,35,,,,,,,,,,,,,,undetermined-needs-privileged-capture,5,35.623,True,True,False,unknown,,,
raw,server_nodelay_on,on,default,35,,,,,,,,,,,,,,undetermined-needs-privileged-capture,6,35.692,True,True,False,unknown,,,
raw,server_nodelay_on,on,default,35,,,,,,,,,,,,,,undetermined-needs-privileged-capture,7,35.702,True,True,False,unknown,,,
raw,server_nodelay_on,on,default,35,,,,,,,,,,,,,,undetermined-needs-privileged-capture,8,35.651,True,True,False,unknown,,,
raw,server_nodelay_on,on,default,35,,,,,,,,,,,,,,undetermined-needs-privileged-capture,9,35.642,True,True,False,unknown,,,
raw,server_nodelay_on,on,default,35,,,,,,,,,,,,,,undetermined-needs-privileged-capture,10,35.643,True,True,False,unknown,,,
raw,server_nodelay_on,on,default,35,,,,,,,,,,,,,,undetermined-needs-privileged-capture,11,35.624,True,True,False,unknown,,,
raw,server_nodelay_on,on,default,35,,,,,,,,,,,,,,undetermined-needs-privileged-capture,12,35.684,True,True,False,unknown,,,
raw,server_nodelay_on,on,default,35,,,,,,,,,,,,,,undetermined-needs-privileged-capture,13,35.692,True,True,False,unknown,,,
raw,server_nodelay_on,on,default,35,,,,,,,,,,,,,,undetermined-needs-privileged-capture,14,35.69,True,True,False,unknown,,,
raw,server_nodelay_on,on,default,35,,,,,,,,,,,,,,undetermined-needs-privileged-capture,15,35.619,True,True,False,unknown,,,
raw,server_nodelay_on,on,default,35,,,,,,,,,,,,,,undetermined-needs-privileged-capture,16,35.614,True,True,False,unknown,,,
raw,server_nodelay_on,on,default,35,,,,,,,,,,,,,,undetermined-needs-privileged-capture,17,35.634,True,True,False,unknown,,,
raw,server_nodelay_on,on,default,35,,,,,,,,,,,,,,undetermined-needs-privileged-capture,18,35.702,True,True,False,unknown,,,
raw,server_nodelay_on,on,default,35,,,,,,,,,,,,,,undetermined-needs-privileged-capture,19,35.684,True,True,False,unknown,,,
raw,server_nodelay_on,on,default,35,,,,,,,,,,,,,,undetermined-needs-privileged-capture,20,35.647,True,True,False,unknown,,,
raw,server_nodelay_on,on,default,35,,,,,,,,,,,,,,undetermined-needs-privileged-capture,21,35.757,True,True,False,unknown,,,
raw,server_nodelay_on,on,default,35,,,,,,,,,,,,,,undetermined-needs-privileged-capture,22,35.708,True,True,False,unknown,,,
raw,server_nodelay_on,on,default,35,,,,,,,,,,,,,,undetermined-needs-privileged-capture,23,35.725,True,True,False,unknown,,,
raw,server_nodelay_on,on,default,35,,,,,,,,,,,,,,undetermined-needs-privileged-capture,24,35.711,True,True,False,unknown,,,
raw,server_nodelay_on,on,default,35,,,,,,,,,,,,,,undetermined-needs-privileged-capture,25,35.735,True,True,False,unknown,,,
raw,server_nodelay_on,on,default,35,,,,,,,,,,,,,,undetermined-needs-privileged-capture,26,35.616,True,True,False,unknown,,,
raw,server_nodelay_on,on,default,35,,,,,,,,,,,,,,undetermined-needs-privileged-capture,27,35.638,True,True,False,unknown,,,
raw,server_nodelay_on,on,default,35,,,,,,,,,,,,,,undetermined-needs-privileged-capture,28,35.646,True,True,False,unknown,,,
raw,server_nodelay_on,on,default,35,,,,,,,,,,,,,,undetermined-needs-privileged-capture,29,35.649,True,True,False,unknown,,,
raw,server_nodelay_on,on,default,38,,,,,,,,,,,,,,undetermined-needs-privileged-capture,0,38.628,True,True,False,unknown,,,
raw,server_nodelay_on,on,default,38,,,,,,,,,,,,,,undetermined-needs-privileged-capture,1,38.685,True,True,False,unknown,,,
raw,server_nodelay_on,on,default,38,,,,,,,,,,,,,,undetermined-needs-privileged-capture,2,38.705,True,True,False,unknown,,,
raw,server_nodelay_on,on,default,38,,,,,,,,,,,,,,undetermined-needs-privileged-capture,3,38.637,True,True,False,unknown,,,
raw,server_nodelay_on,on,default,38,,,,,,,,,,,,,,undetermined-needs-privileged-capture,4,38.642,True,True,False,unknown,,,
raw,server_nodelay_on,on,default,38,,,,,,,,,,,,,,undetermined-needs-privileged-capture,5,38.632,True,True,False,unknown,,,
raw,server_nodelay_on,on,default,38,,,,,,,,,,,,,,undetermined-needs-privileged-capture,6,38.684,True,True,False,unknown,,,
raw,server_nodelay_on,on,default,38,,,,,,,,,,,,,,undetermined-needs-privileged-capture,7,38.705,True,True,False,unknown,,,
raw,server_nodelay_on,on,default,38,,,,,,,,,,,,,,undetermined-needs-privileged-capture,8,38.702,True,True,False,unknown,,,
raw,server_nodelay_on,on,default,38,,,,,,,,,,,,,,undetermined-needs-privileged-capture,9,38.623,True,True,False,unknown,,,
raw,server_nodelay_on,on,default,38,,,,,,,,,,,,,,undetermined-needs-privileged-capture,10,38.702,True,True,False,unknown,,,
raw,server_nodelay_on,on,default,38,,,,,,,,,,,,,,undetermined-needs-privileged-capture,11,38.628,True,True,False,unknown,,,
raw,server_nodelay_on,on,default,38,,,,,,,,,,,,,,undetermined-needs-privileged-capture,12,38.722,True,True,False,unknown,,,
raw,server_nodelay_on,on,default,38,,,,,,,,,,,,,,undetermined-needs-privileged-capture,13,38.652,True,True,False,unknown,,,
raw,server_nodelay_on,on,default,38,,,,,,,,,,,,,,undetermined-needs-privileged-capture,14,38.629,True,True,False,unknown,,,
raw,server_nodelay_on,on,default,38,,,,,,,,,,,,,,undetermined-needs-privileged-capture,15,38.712,True,True,False,unknown,,,
raw,server_nodelay_on,on,default,38,,,,,,,,,,,,,,undetermined-needs-privileged-capture,16,38.714,True,True,False,unknown,,,
raw,server_nodelay_on,on,default,38,,,,,,,,,,,,,,undetermined-needs-privileged-capture,17,38.642,True,True,False,unknown,,,
raw,server_nodelay_on,on,default,38,,,,,,,,,,,,,,undetermined-needs-privileged-capture,18,38.653,True,True,False,unknown,,,
raw,server_nodelay_on,on,default,38,,,,,,,,,,,,,,undetermined-needs-privileged-capture,19,38.628,True,True,False,unknown,,,
raw,server_nodelay_on,on,default,38,,,,,,,,,,,,,,undetermined-needs-privileged-capture,20,38.735,True,True,False,unknown,,,
raw,server_nodelay_on,on,default,38,,,,,,,,,,,,,,undetermined-needs-privileged-capture,21,38.706,True,True,False,unknown,,,
raw,server_nodelay_on,on,default,38,,,,,,,,,,,,,,undetermined-needs-privileged-capture,22,38.684,True,True,False,unknown,,,
raw,server_nodelay_on,on,default,38,,,,,,,,,,,,,,undetermined-needs-privileged-capture,23,38.703,True,True,False,unknown,,,
raw,server_nodelay_on,on,default,38,,,,,,,,,,,,,,undetermined-needs-privileged-capture,24,38.737,True,True,False,unknown,,,
raw,server_nodelay_on,on,default,38,,,,,,,,,,,,,,undetermined-needs-privileged-capture,25,38.619,True,True,False,unknown,,,
raw,server_nodelay_on,on,default,38,,,,,,,,,,,,,,undetermined-needs-privileged-capture,26,38.653,True,True,False,unknown,,,
raw,server_nodelay_on,on,default,38,,,,,,,,,,,,,,undetermined-needs-privileged-capture,27,38.675,True,True,False,unknown,,,
raw,server_nodelay_on,on,default,38,,,,,,,,,,,,,,undetermined-needs-privileged-capture,28,38.61,True,True,False,unknown,,,
raw,server_nodelay_on,on,default,38,,,,,,,,,,,,,,undetermined-needs-privileged-capture,29,38.644,True,True,False,unknown,,,
raw,server_nodelay_on,on,default,40,,,,,,,,,,,,,,undetermined-needs-privileged-capture,0,40.69,True,True,False,unknown,,,
raw,server_nodelay_on,on,default,40,,,,,,,,,,,,,,undetermined-needs-privileged-capture,1,40.628,True,True,False,unknown,,,
raw,server_nodelay_on,on,default,40,,,,,,,,,,,,,,undetermined-needs-privileged-capture,2,40.58,True,True,False,unknown,,,
raw,server_nodelay_on,on,default,40,,,,,,,,,,,,,,undetermined-needs-privileged-capture,3,40.654,True,True,False,unknown,,,
raw,server_nodelay_on,on,default,40,,,,,,,,,,,,,,undetermined-needs-privileged-capture,4,40.646,True,True,False,unknown,,,
raw,server_nodelay_on,on,default,40,,,,,,,,,,,,,,undetermined-needs-privileged-capture,5,40.645,True,True,False,unknown,,,
raw,server_nodelay_on,on,default,40,,,,,,,,,,,,,,undetermined-needs-privileged-capture,6,40.719,True,True,False,unknown,,,
raw,server_nodelay_on,on,default,40,,,,,,,,,,,,,,undetermined-needs-privileged-capture,7,40.672,True,True,False,unknown,,,
raw,server_nodelay_on,on,default,40,,,,,,,,,,,,,,undetermined-needs-privileged-capture,8,40.619,True,True,False,unknown,,,
raw,server_nodelay_on,on,default,40,,,,,,,,,,,,,,undetermined-needs-privileged-capture,9,40.638,True,True,False,unknown,,,
raw,server_nodelay_on,on,default,40,,,,,,,,,,,,,,undetermined-needs-privileged-capture,10,40.661,True,True,False,unknown,,,
raw,server_nodelay_on,on,default,40,,,,,,,,,,,,,,undetermined-needs-privileged-capture,11,40.631,True,True,False,unknown,,,
raw,server_nodelay_on,on,default,40,,,,,,,,,,,,,,undetermined-needs-privileged-capture,12,40.63,True,True,False,unknown,,,
raw,server_nodelay_on,on,default,40,,,,,,,,,,,,,,undetermined-needs-privileged-capture,13,40.617,True,True,False,unknown,,,
raw,server_nodelay_on,on,default,40,,,,,,,,,,,,,,undetermined-needs-privileged-capture,14,40.618,True,True,False,unknown,,,
raw,server_nodelay_on,on,default,40,,,,,,,,,,,,,,undetermined-needs-privileged-capture,15,40.671,True,True,False,unknown,,,
raw,server_nodelay_on,on,default,40,,,,,,,,,,,,,,undetermined-needs-privileged-capture,16,40.646,True,True,False,unknown,,,
raw,server_nodelay_on,on,default,40,,,,,,,,,,,,,,undetermined-needs-privileged-capture,17,40.612,True,True,False,unknown,,,
raw,server_nodelay_on,on,default,40,,,,,,,,,,,,,,undetermined-needs-privileged-capture,18,40.651,True,True,False,unknown,,,
raw,server_nodelay_on,on,default,40,,,,,,,,,,,,,,undetermined-needs-privileged-capture,19,40.727,True,True,False,unknown,,,
raw,server_nodelay_on,on,default,40,,,,,,,,,,,,,,undetermined-needs-privileged-capture,20,40.643,True,True,False,unknown,,,
raw,server_nodelay_on,on,default,40,,,,,,,,,,,,,,undetermined-needs-privileged-capture,21,40.547,True,True,False,unknown,,,
raw,server_nodelay_on,on,default,40,,,,,,,,,,,,,,undetermined-needs-privileged-capture,22,40.63,True,True,False,unknown,,,
raw,server_nodelay_on,on,default,40,,,,,,,,,,,,,,undetermined-needs-privileged-capture,23,40.647,True,True,False,unknown,,,
raw,server_nodelay_on,on,default,40,,,,,,,,,,,,,,undetermined-needs-privileged-capture,24,40.621,True,True,False,unknown,,,
raw,server_nodelay_on,on,default,40,,,,,,,,,,,,,,undetermined-needs-privileged-capture,25,40.716,True,True,False,unknown,,,
raw,server_nodelay_on,on,default,40,,,,,,,,,,,,,,undetermined-needs-privileged-capture,26,40.716,True,True,False,unknown,,,
raw,server_nodelay_on,on,default,40,,,,,,,,,,,,,,undetermined-needs-privileged-capture,27,40.642,True,True,False,unknown,,,
raw,server_nodelay_on,on,default,40,,,,,,,,,,,,,,undetermined-needs-privileged-capture,28,40.665,True,True,False,unknown,,,
raw,server_nodelay_on,on,default,40,,,,,,,,,,,,,,undetermined-needs-privileged-capture,29,40.716,True,True,False,unknown,,,
raw,server_nodelay_on,on,default,42,,,,,,,,,,,,,,undetermined-needs-privileged-capture,0,42.653,True,True,False,unknown,,,
raw,server_nodelay_on,on,default,42,,,,,,,,,,,,,,undetermined-needs-privileged-capture,1,42.724,True,True,False,unknown,,,
raw,server_nodelay_on,on,default,42,,,,,,,,,,,,,,undetermined-needs-privileged-capture,2,42.728,True,True,False,unknown,,,
raw,server_nodelay_on,on,default,42,,,,,,,,,,,,,,undetermined-needs-privileged-capture,3,42.603,True,True,False,unknown,,,
raw,server_nodelay_on,on,default,42,,,,,,,,,,,,,,undetermined-needs-privileged-capture,4,42.652,True,True,False,unknown,,,
raw,server_nodelay_on,on,default,42,,,,,,,,,,,,,,undetermined-needs-privileged-capture,5,42.653,True,True,False,unknown,,,
raw,server_nodelay_on,on,default,42,,,,,,,,,,,,,,undetermined-needs-privileged-capture,6,42.636,True,True,False,unknown,,,
raw,server_nodelay_on,on,default,42,,,,,,,,,,,,,,undetermined-needs-privileged-capture,7,42.611,True,True,False,unknown,,,
raw,server_nodelay_on,on,default,42,,,,,,,,,,,,,,undetermined-needs-privileged-capture,8,42.643,True,True,False,unknown,,,
raw,server_nodelay_on,on,default,42,,,,,,,,,,,,,,undetermined-needs-privileged-capture,9,42.72,True,True,False,unknown,,,
raw,server_nodelay_on,on,default,42,,,,,,,,,,,,,,undetermined-needs-privileged-capture,10,42.703,True,True,False,unknown,,,
raw,server_nodelay_on,on,default,42,,,,,,,,,,,,,,undetermined-needs-privileged-capture,11,42.716,True,True,False,unknown,,,
raw,server_nodelay_on,on,default,42,,,,,,,,,,,,,,undetermined-needs-privileged-capture,12,42.686,True,True,False,unknown,,,
raw,server_nodelay_on,on,default,42,,,,,,,,,,,,,,undetermined-needs-privileged-capture,13,42.648,True,True,False,unknown,,,
raw,server_nodelay_on,on,default,42,,,,,,,,,,,,,,undetermined-needs-privileged-capture,14,42.641,True,True,False,unknown,,,
raw,server_nodelay_on,on,default,42,,,,,,,,,,,,,,undetermined-needs-privileged-capture,15,42.641,True,True,False,unknown,,,
raw,server_nodelay_on,on,default,42,,,,,,,,,,,,,,undetermined-needs-privileged-capture,16,42.696,True,True,False,unknown,,,
raw,server_nodelay_on,on,default,42,,,,,,,,,,,,,,undetermined-needs-privileged-capture,17,42.63,True,True,False,unknown,,,
raw,server_nodelay_on,on,default,42,,,,,,,,,,,,,,undetermined-needs-privileged-capture,18,42.652,True,True,False,unknown,,,
raw,server_nodelay_on,on,default,42,,,,,,,,,,,,,,undetermined-needs-privileged-capture,19,42.71,True,True,False,unknown,,,
raw,server_nodelay_on,on,default,42,,,,,,,,,,,,,,undetermined-needs-privileged-capture,20,42.644,True,True,False,unknown,,,
raw,server_nodelay_on,on,default,42,,,,,,,,,,,,,,undetermined-needs-privileged-capture,21,42.629,True,True,False,unknown,,,
raw,server_nodelay_on,on,default,42,,,,,,,,,,,,,,undetermined-needs-privileged-capture,22,42.651,True,True,False,unknown,,,
raw,server_nodelay_on,on,default,42,,,,,,,,,,,,,,undetermined-needs-privileged-capture,23,42.61,True,True,False,unknown,,,
raw,server_nodelay_on,on,default,42,,,,,,,,,,,,,,undetermined-needs-privileged-capture,24,42.58,True,True,False,unknown,,,
raw,server_nodelay_on,on,default,42,,,,,,,,,,,,,,undetermined-needs-privileged-capture,25,42.71,True,True,False,unknown,,,
raw,server_nodelay_on,on,default,42,,,,,,,,,,,,,,undetermined-needs-privileged-capture,26,42.645,True,True,False,unknown,,,
raw,server_nodelay_on,on,default,42,,,,,,,,,,,,,,undetermined-needs-privileged-capture,27,42.632,True,True,False,unknown,,,
raw,server_nodelay_on,on,default,42,,,,,,,,,,,,,,undetermined-needs-privileged-capture,28,42.719,True,True,False,unknown,,,
raw,server_nodelay_on,on,default,42,,,,,,,,,,,,,,undetermined-needs-privileged-capture,29,42.705,True,True,False,unknown,,,
raw,server_nodelay_on,on,default,45,,,,,,,,,,,,,,undetermined-needs-privileged-capture,0,45.669,True,True,False,unknown,,,
raw,server_nodelay_on,on,default,45,,,,,,,,,,,,,,undetermined-needs-privileged-capture,1,45.719,True,True,False,unknown,,,
raw,server_nodelay_on,on,default,45,,,,,,,,,,,,,,undetermined-needs-privileged-capture,2,45.705,True,True,False,unknown,,,
raw,server_nodelay_on,on,default,45,,,,,,,,,,,,,,undetermined-needs-privileged-capture,3,45.716,True,True,False,unknown,,,
raw,server_nodelay_on,on,default,45,,,,,,,,,,,,,,undetermined-needs-privileged-capture,4,45.727,True,True,False,unknown,,,
raw,server_nodelay_on,on,default,45,,,,,,,,,,,,,,undetermined-needs-privileged-capture,5,45.724,True,True,False,unknown,,,
raw,server_nodelay_on,on,default,45,,,,,,,,,,,,,,undetermined-needs-privileged-capture,6,45.651,True,True,False,unknown,,,
raw,server_nodelay_on,on,default,45,,,,,,,,,,,,,,undetermined-needs-privileged-capture,7,45.704,True,True,False,unknown,,,
raw,server_nodelay_on,on,default,45,,,,,,,,,,,,,,undetermined-needs-privileged-capture,8,45.641,True,True,False,unknown,,,
raw,server_nodelay_on,on,default,45,,,,,,,,,,,,,,undetermined-needs-privileged-capture,9,45.683,True,True,False,unknown,,,
raw,server_nodelay_on,on,default,45,,,,,,,,,,,,,,undetermined-needs-privileged-capture,10,45.65,True,True,False,unknown,,,
raw,server_nodelay_on,on,default,45,,,,,,,,,,,,,,undetermined-needs-privileged-capture,11,45.629,True,True,False,unknown,,,
raw,server_nodelay_on,on,default,45,,,,,,,,,,,,,,undetermined-needs-privileged-capture,12,45.644,True,True,False,unknown,,,
raw,server_nodelay_on,on,default,45,,,,,,,,,,,,,,undetermined-needs-privileged-capture,13,45.666,True,True,False,unknown,,,
raw,server_nodelay_on,on,default,45,,,,,,,,,,,,,,undetermined-needs-privileged-capture,14,45.66,True,True,False,unknown,,,
raw,server_nodelay_on,on,default,45,,,,,,,,,,,,,,undetermined-needs-privileged-capture,15,45.637,True,True,False,unknown,,,
raw,server_nodelay_on,on,default,45,,,,,,,,,,,,,,undetermined-needs-privileged-capture,16,45.667,True,True,False,unknown,,,
raw,server_nodelay_on,on,default,45,,,,,,,,,,,,,,undetermined-needs-privileged-capture,17,45.708,True,True,False,unknown,,,
raw,server_nodelay_on,on,default,45,,,,,,,,,,,,,,undetermined-needs-privileged-capture,18,45.637,True,True,False,unknown,,,
raw,server_nodelay_on,on,default,45,,,,,,,,,,,,,,undetermined-needs-privileged-capture,19,45.697,True,True,False,unknown,,,
raw,server_nodelay_on,on,default,45,,,,,,,,,,,,,,undetermined-needs-privileged-capture,20,45.732,True,True,False,unknown,,,
raw,server_nodelay_on,on,default,45,,,,,,,,,,,,,,undetermined-needs-privileged-capture,21,45.647,True,True,False,unknown,,,
raw,server_nodelay_on,on,default,45,,,,,,,,,,,,,,undetermined-needs-privileged-capture,22,45.721,True,True,False,unknown,,,
raw,server_nodelay_on,on,default,45,,,,,,,,,,,,,,undetermined-needs-privileged-capture,23,45.733,True,True,False,unknown,,,
raw,server_nodelay_on,on,default,45,,,,,,,,,,,,,,undetermined-needs-privileged-capture,24,45.648,True,True,False,unknown,,,
raw,server_nodelay_on,on,default,45,,,,,,,,,,,,,,undetermined-needs-privileged-capture,25,45.68,True,True,False,unknown,,,
raw,server_nodelay_on,on,default,45,,,,,,,,,,,,,,undetermined-needs-privileged-capture,26,45.605,True,True,False,unknown,,,
raw,server_nodelay_on,on,default,45,,,,,,,,,,,,,,undetermined-needs-privileged-capture,27,45.658,True,True,False,unknown,,,
raw,server_nodelay_on,on,default,45,,,,,,,,,,,,,,undetermined-needs-privileged-capture,28,45.69,True,True,False,unknown,,,
raw,server_nodelay_on,on,default,45,,,,,,,,,,,,,,undetermined-needs-privileged-capture,29,45.634,True,True,False,unknown,,,
raw,server_nodelay_on,on,default,50,,,,,,,,,,,,,,undetermined-needs-privileged-capture,0,50.716,True,True,False,unknown,,,
raw,server_nodelay_on,on,default,50,,,,,,,,,,,,,,undetermined-needs-privileged-capture,1,50.713,True,True,False,unknown,,,
raw,server_nodelay_on,on,default,50,,,,,,,,,,,,,,undetermined-needs-privileged-capture,2,50.712,True,True,False,unknown,,,
raw,server_nodelay_on,on,default,50,,,,,,,,,,,,,,undetermined-needs-privileged-capture,3,50.721,True,True,False,unknown,,,
raw,server_nodelay_on,on,default,50,,,,,,,,,,,,,,undetermined-needs-privileged-capture,4,50.646,True,True,False,unknown,,,
raw,server_nodelay_on,on,default,50,,,,,,,,,,,,,,undetermined-needs-privileged-capture,5,50.646,True,True,False,unknown,,,
raw,server_nodelay_on,on,default,50,,,,,,,,,,,,,,undetermined-needs-privileged-capture,6,50.628,True,True,False,unknown,,,
raw,server_nodelay_on,on,default,50,,,,,,,,,,,,,,undetermined-needs-privileged-capture,7,50.692,True,True,False,unknown,,,
raw,server_nodelay_on,on,default,50,,,,,,,,,,,,,,undetermined-needs-privileged-capture,8,50.758,True,True,False,unknown,,,
raw,server_nodelay_on,on,default,50,,,,,,,,,,,,,,undetermined-needs-privileged-capture,9,50.644,True,True,False,unknown,,,
raw,server_nodelay_on,on,default,50,,,,,,,,,,,,,,undetermined-needs-privileged-capture,10,50.646,True,True,False,unknown,,,
raw,server_nodelay_on,on,default,50,,,,,,,,,,,,,,undetermined-needs-privileged-capture,11,50.704,True,True,False,unknown,,,
raw,server_nodelay_on,on,default,50,,,,,,,,,,,,,,undetermined-needs-privileged-capture,12,50.711,True,True,False,unknown,,,
raw,server_nodelay_on,on,default,50,,,,,,,,,,,,,,undetermined-needs-privileged-capture,13,50.667,True,True,False,unknown,,,
raw,server_nodelay_on,on,default,50,,,,,,,,,,,,,,undetermined-needs-privileged-capture,14,50.642,True,True,False,unknown,,,
raw,server_nodelay_on,on,default,50,,,,,,,,,,,,,,undetermined-needs-privileged-capture,15,50.72,True,True,False,unknown,,,
raw,server_nodelay_on,on,default,50,,,,,,,,,,,,,,undetermined-needs-privileged-capture,16,50.626,True,True,False,unknown,,,
raw,server_nodelay_on,on,default,50,,,,,,,,,,,,,,undetermined-needs-privileged-capture,17,50.622,True,True,False,unknown,,,
raw,server_nodelay_on,on,default,50,,,,,,,,,,,,,,undetermined-needs-privileged-capture,18,50.717,True,True,False,unknown,,,
raw,server_nodelay_on,on,default,50,,,,,,,,,,,,,,undetermined-needs-privileged-capture,19,50.602,True,True,False,unknown,,,
raw,server_nodelay_on,on,default,50,,,,,,,,,,,,,,undetermined-needs-privileged-capture,20,50.628,True,True,False,unknown,,,
raw,server_nodelay_on,on,default,50,,,,,,,,,,,,,,undetermined-needs-privileged-capture,21,50.648,True,True,False,unknown,,,
raw,server_nodelay_on,on,default,50,,,,,,,,,,,,,,undetermined-needs-privileged-capture,22,50.63,True,True,False,unknown,,,
raw,server_nodelay_on,on,default,50,,,,,,,,,,,,,,undetermined-needs-privileged-capture,23,50.642,True,True,False,unknown,,,
raw,server_nodelay_on,on,default,50,,,,,,,,,,,,,,undetermined-needs-privileged-capture,24,50.728,True,True,False,unknown,,,
raw,server_nodelay_on,on,default,50,,,,,,,,,,,,,,undetermined-needs-privileged-capture,25,50.685,True,True,False,unknown,,,
raw,server_nodelay_on,on,default,50,,,,,,,,,,,,,,undetermined-needs-privileged-capture,26,50.718,True,True,False,unknown,,,
raw,server_nodelay_on,on,default,50,,,,,,,,,,,,,,undetermined-needs-privileged-capture,27,50.615,True,True,False,unknown,,,
raw,server_nodelay_on,on,default,50,,,,,,,,,,,,,,undetermined-needs-privileged-capture,28,50.643,True,True,False,unknown,,,
raw,server_nodelay_on,on,default,50,,,,,,,,,,,,,,undetermined-needs-privileged-capture,29,50.705,True,True,False,unknown,,,
raw,server_nodelay_off,off,default,25,,,,,,,,,,,,,,undetermined-needs-privileged-capture,0,25.587,True,True,False,unknown,,,
raw,server_nodelay_off,off,default,25,,,,,,,,,,,,,,undetermined-needs-privileged-capture,1,25.713,True,True,False,unknown,,,
raw,server_nodelay_off,off,default,25,,,,,,,,,,,,,,undetermined-needs-privileged-capture,2,25.667,True,True,False,unknown,,,
raw,server_nodelay_off,off,default,25,,,,,,,,,,,,,,undetermined-needs-privileged-capture,3,25.623,True,True,False,unknown,,,
raw,server_nodelay_off,off,default,25,,,,,,,,,,,,,,undetermined-needs-privileged-capture,4,25.693,True,True,False,unknown,,,
raw,server_nodelay_off,off,default,25,,,,,,,,,,,,,,undetermined-needs-privileged-capture,5,25.707,True,True,False,unknown,,,
raw,server_nodelay_off,off,default,25,,,,,,,,,,,,,,undetermined-needs-privileged-capture,6,25.636,True,True,False,unknown,,,
raw,server_nodelay_off,off,default,25,,,,,,,,,,,,,,undetermined-needs-privileged-capture,7,25.638,True,True,False,unknown,,,
raw,server_nodelay_off,off,default,25,,,,,,,,,,,,,,undetermined-needs-privileged-capture,8,25.648,True,True,False,unknown,,,
raw,server_nodelay_off,off,default,25,,,,,,,,,,,,,,undetermined-needs-privileged-capture,9,25.694,True,True,False,unknown,,,
raw,server_nodelay_off,off,default,25,,,,,,,,,,,,,,undetermined-needs-privileged-capture,10,25.694,True,True,False,unknown,,,
raw,server_nodelay_off,off,default,25,,,,,,,,,,,,,,undetermined-needs-privileged-capture,11,25.694,True,True,False,unknown,,,
raw,server_nodelay_off,off,default,25,,,,,,,,,,,,,,undetermined-needs-privileged-capture,12,25.63,True,True,False,unknown,,,
raw,server_nodelay_off,off,default,25,,,,,,,,,,,,,,undetermined-needs-privileged-capture,13,25.703,True,True,False,unknown,,,
raw,server_nodelay_off,off,default,25,,,,,,,,,,,,,,undetermined-needs-privileged-capture,14,25.601,True,True,False,unknown,,,
raw,server_nodelay_off,off,default,25,,,,,,,,,,,,,,undetermined-needs-privileged-capture,15,25.642,True,True,False,unknown,,,
raw,server_nodelay_off,off,default,25,,,,,,,,,,,,,,undetermined-needs-privileged-capture,16,25.697,True,True,False,unknown,,,
raw,server_nodelay_off,off,default,25,,,,,,,,,,,,,,undetermined-needs-privileged-capture,17,25.666,True,True,False,unknown,,,
raw,server_nodelay_off,off,default,25,,,,,,,,,,,,,,undetermined-needs-privileged-capture,18,25.625,True,True,False,unknown,,,
raw,server_nodelay_off,off,default,25,,,,,,,,,,,,,,undetermined-needs-privileged-capture,19,25.634,True,True,False,unknown,,,
raw,server_nodelay_off,off,default,25,,,,,,,,,,,,,,undetermined-needs-privileged-capture,20,25.699,True,True,False,unknown,,,
raw,server_nodelay_off,off,default,25,,,,,,,,,,,,,,undetermined-needs-privileged-capture,21,25.697,True,True,False,unknown,,,
raw,server_nodelay_off,off,default,25,,,,,,,,,,,,,,undetermined-needs-privileged-capture,22,25.706,True,True,False,unknown,,,
raw,server_nodelay_off,off,default,25,,,,,,,,,,,,,,undetermined-needs-privileged-capture,23,25.641,True,True,False,unknown,,,
raw,server_nodelay_off,off,default,25,,,,,,,,,,,,,,undetermined-needs-privileged-capture,24,25.689,True,True,False,unknown,,,
raw,server_nodelay_off,off,default,25,,,,,,,,,,,,,,undetermined-needs-privileged-capture,25,25.706,True,True,False,unknown,,,
raw,server_nodelay_off,off,default,25,,,,,,,,,,,,,,undetermined-needs-privileged-capture,26,25.678,True,True,False,unknown,,,
raw,server_nodelay_off,off,default,25,,,,,,,,,,,,,,undetermined-needs-privileged-capture,27,25.685,True,True,False,unknown,,,
raw,server_nodelay_off,off,default,25,,,,,,,,,,,,,,undetermined-needs-privileged-capture,28,25.622,True,True,False,unknown,,,
raw,server_nodelay_off,off,default,25,,,,,,,,,,,,,,undetermined-needs-privileged-capture,29,25.632,True,True,False,unknown,,,
raw,server_nodelay_off,off,default,30,,,,,,,,,,,,,,undetermined-needs-privileged-capture,0,30.633,True,True,False,unknown,,,
raw,server_nodelay_off,off,default,30,,,,,,,,,,,,,,undetermined-needs-privileged-capture,1,30.711,True,True,False,unknown,,,
raw,server_nodelay_off,off,default,30,,,,,,,,,,,,,,undetermined-needs-privileged-capture,2,30.634,True,True,False,unknown,,,
raw,server_nodelay_off,off,default,30,,,,,,,,,,,,,,undetermined-needs-privileged-capture,3,30.685,True,True,False,unknown,,,
raw,server_nodelay_off,off,default,30,,,,,,,,,,,,,,undetermined-needs-privileged-capture,4,30.698,True,True,False,unknown,,,
raw,server_nodelay_off,off,default,30,,,,,,,,,,,,,,undetermined-needs-privileged-capture,5,30.717,True,True,False,unknown,,,
raw,server_nodelay_off,off,default,30,,,,,,,,,,,,,,undetermined-needs-privileged-capture,6,30.697,True,True,False,unknown,,,
raw,server_nodelay_off,off,default,30,,,,,,,,,,,,,,undetermined-needs-privileged-capture,7,30.623,True,True,False,unknown,,,
raw,server_nodelay_off,off,default,30,,,,,,,,,,,,,,undetermined-needs-privileged-capture,8,30.735,True,True,False,unknown,,,
raw,server_nodelay_off,off,default,30,,,,,,,,,,,,,,undetermined-needs-privileged-capture,9,30.645,True,True,False,unknown,,,
raw,server_nodelay_off,off,default,30,,,,,,,,,,,,,,undetermined-needs-privileged-capture,10,30.643,True,True,False,unknown,,,
raw,server_nodelay_off,off,default,30,,,,,,,,,,,,,,undetermined-needs-privileged-capture,11,30.699,True,True,False,unknown,,,
raw,server_nodelay_off,off,default,30,,,,,,,,,,,,,,undetermined-needs-privileged-capture,12,30.704,True,True,False,unknown,,,
raw,server_nodelay_off,off,default,30,,,,,,,,,,,,,,undetermined-needs-privileged-capture,13,30.62,True,True,False,unknown,,,
raw,server_nodelay_off,off,default,30,,,,,,,,,,,,,,undetermined-needs-privileged-capture,14,30.635,True,True,False,unknown,,,
raw,server_nodelay_off,off,default,30,,,,,,,,,,,,,,undetermined-needs-privileged-capture,15,30.646,True,True,False,unknown,,,
raw,server_nodelay_off,off,default,30,,,,,,,,,,,,,,undetermined-needs-privileged-capture,16,30.623,True,True,False,unknown,,,
raw,server_nodelay_off,off,default,30,,,,,,,,,,,,,,undetermined-needs-privileged-capture,17,30.712,True,True,False,unknown,,,
raw,server_nodelay_off,off,default,30,,,,,,,,,,,,,,undetermined-needs-privileged-capture,18,30.641,True,True,False,unknown,,,
raw,server_nodelay_off,off,default,30,,,,,,,,,,,,,,undetermined-needs-privileged-capture,19,30.718,True,True,False,unknown,,,
raw,server_nodelay_off,off,default,30,,,,,,,,,,,,,,undetermined-needs-privileged-capture,20,30.637,True,True,False,unknown,,,
raw,server_nodelay_off,off,default,30,,,,,,,,,,,,,,undetermined-needs-privileged-capture,21,30.634,True,True,False,unknown,,,
raw,server_nodelay_off,off,default,30,,,,,,,,,,,,,,undetermined-needs-privileged-capture,22,30.676,True,True,False,unknown,,,
raw,server_nodelay_off,off,default,30,,,,,,,,,,,,,,undetermined-needs-privileged-capture,23,30.643,True,True,False,unknown,,,
raw,server_nodelay_off,off,default,30,,,,,,,,,,,,,,undetermined-needs-privileged-capture,24,30.633,True,True,False,unknown,,,
raw,server_nodelay_off,off,default,30,,,,,,,,,,,,,,undetermined-needs-privileged-capture,25,30.664,True,True,False,unknown,,,
raw,server_nodelay_off,off,default,30,,,,,,,,,,,,,,undetermined-needs-privileged-capture,26,30.647,True,True,False,unknown,,,
raw,server_nodelay_off,off,default,30,,,,,,,,,,,,,,undetermined-needs-privileged-capture,27,30.627,True,True,False,unknown,,,
raw,server_nodelay_off,off,default,30,,,,,,,,,,,,,,undetermined-needs-privileged-capture,28,30.713,True,True,False,unknown,,,
raw,server_nodelay_off,off,default,30,,,,,,,,,,,,,,undetermined-needs-privileged-capture,29,30.598,True,True,False,unknown,,,
raw,server_nodelay_off,off,default,35,,,,,,,,,,,,,,undetermined-needs-privileged-capture,0,35.671,True,True,False,unknown,,,
raw,server_nodelay_off,off,default,35,,,,,,,,,,,,,,undetermined-needs-privileged-capture,1,35.643,True,True,False,unknown,,,
raw,server_nodelay_off,off,default,35,,,,,,,,,,,,,,undetermined-needs-privileged-capture,2,35.648,True,True,False,unknown,,,
raw,server_nodelay_off,off,default,35,,,,,,,,,,,,,,undetermined-needs-privileged-capture,3,35.648,True,True,False,unknown,,,
raw,server_nodelay_off,off,default,35,,,,,,,,,,,,,,undetermined-needs-privileged-capture,4,35.643,True,True,False,unknown,,,
raw,server_nodelay_off,off,default,35,,,,,,,,,,,,,,undetermined-needs-privileged-capture,5,35.69,True,True,False,unknown,,,
raw,server_nodelay_off,off,default,35,,,,,,,,,,,,,,undetermined-needs-privileged-capture,6,35.633,True,True,False,unknown,,,
raw,server_nodelay_off,off,default,35,,,,,,,,,,,,,,undetermined-needs-privileged-capture,7,35.641,True,True,False,unknown,,,
raw,server_nodelay_off,off,default,35,,,,,,,,,,,,,,undetermined-needs-privileged-capture,8,35.587,True,True,False,unknown,,,
raw,server_nodelay_off,off,default,35,,,,,,,,,,,,,,undetermined-needs-privileged-capture,9,35.621,True,True,False,unknown,,,
raw,server_nodelay_off,off,default,35,,,,,,,,,,,,,,undetermined-needs-privileged-capture,10,35.636,True,True,False,unknown,,,
raw,server_nodelay_off,off,default,35,,,,,,,,,,,,,,undetermined-needs-privileged-capture,11,35.62,True,True,False,unknown,,,
raw,server_nodelay_off,off,default,35,,,,,,,,,,,,,,undetermined-needs-privileged-capture,12,35.64,True,True,False,unknown,,,
raw,server_nodelay_off,off,default,35,,,,,,,,,,,,,,undetermined-needs-privileged-capture,13,35.644,True,True,False,unknown,,,
raw,server_nodelay_off,off,default,35,,,,,,,,,,,,,,undetermined-needs-privileged-capture,14,35.686,True,True,False,unknown,,,
raw,server_nodelay_off,off,default,35,,,,,,,,,,,,,,undetermined-needs-privileged-capture,15,35.689,True,True,False,unknown,,,
raw,server_nodelay_off,off,default,35,,,,,,,,,,,,,,undetermined-needs-privileged-capture,16,35.706,True,True,False,unknown,,,
raw,server_nodelay_off,off,default,35,,,,,,,,,,,,,,undetermined-needs-privileged-capture,17,35.613,True,True,False,unknown,,,
raw,server_nodelay_off,off,default,35,,,,,,,,,,,,,,undetermined-needs-privileged-capture,18,35.698,True,True,False,unknown,,,
raw,server_nodelay_off,off,default,35,,,,,,,,,,,,,,undetermined-needs-privileged-capture,19,35.634,True,True,False,unknown,,,
raw,server_nodelay_off,off,default,35,,,,,,,,,,,,,,undetermined-needs-privileged-capture,20,35.64,True,True,False,unknown,,,
raw,server_nodelay_off,off,default,35,,,,,,,,,,,,,,undetermined-needs-privileged-capture,21,35.6,True,True,False,unknown,,,
raw,server_nodelay_off,off,default,35,,,,,,,,,,,,,,undetermined-needs-privileged-capture,22,35.626,True,True,False,unknown,,,
raw,server_nodelay_off,off,default,35,,,,,,,,,,,,,,undetermined-needs-privileged-capture,23,35.711,True,True,False,unknown,,,
raw,server_nodelay_off,off,default,35,,,,,,,,,,,,,,undetermined-needs-privileged-capture,24,35.641,True,True,False,unknown,,,
raw,server_nodelay_off,off,default,35,,,,,,,,,,,,,,undetermined-needs-privileged-capture,25,35.646,True,True,False,unknown,,,
raw,server_nodelay_off,off,default,35,,,,,,,,,,,,,,undetermined-needs-privileged-capture,26,35.688,True,True,False,unknown,,,
raw,server_nodelay_off,off,default,35,,,,,,,,,,,,,,undetermined-needs-privileged-capture,27,35.67,True,True,False,unknown,,,
raw,server_nodelay_off,off,default,35,,,,,,,,,,,,,,undetermined-needs-privileged-capture,28,35.687,True,True,False,unknown,,,
raw,server_nodelay_off,off,default,35,,,,,,,,,,,,,,undetermined-needs-privileged-capture,29,35.647,True,True,False,unknown,,,
raw,server_nodelay_off,off,default,38,,,,,,,,,,,,,,undetermined-needs-privileged-capture,0,38.649,True,True,False,unknown,,,
raw,server_nodelay_off,off,default,38,,,,,,,,,,,,,,undetermined-needs-privileged-capture,1,38.691,True,True,False,unknown,,,
raw,server_nodelay_off,off,default,38,,,,,,,,,,,,,,undetermined-needs-privileged-capture,2,38.644,True,True,False,unknown,,,
raw,server_nodelay_off,off,default,38,,,,,,,,,,,,,,undetermined-needs-privileged-capture,3,38.611,True,True,False,unknown,,,
raw,server_nodelay_off,off,default,38,,,,,,,,,,,,,,undetermined-needs-privileged-capture,4,38.638,True,True,False,unknown,,,
raw,server_nodelay_off,off,default,38,,,,,,,,,,,,,,undetermined-needs-privileged-capture,5,38.693,True,True,False,unknown,,,
raw,server_nodelay_off,off,default,38,,,,,,,,,,,,,,undetermined-needs-privileged-capture,6,38.716,True,True,False,unknown,,,
raw,server_nodelay_off,off,default,38,,,,,,,,,,,,,,undetermined-needs-privileged-capture,7,38.635,True,True,False,unknown,,,
raw,server_nodelay_off,off,default,38,,,,,,,,,,,,,,undetermined-needs-privileged-capture,8,38.687,True,True,False,unknown,,,
raw,server_nodelay_off,off,default,38,,,,,,,,,,,,,,undetermined-needs-privileged-capture,9,38.647,True,True,False,unknown,,,
raw,server_nodelay_off,off,default,38,,,,,,,,,,,,,,undetermined-needs-privileged-capture,10,38.707,True,True,False,unknown,,,
raw,server_nodelay_off,off,default,38,,,,,,,,,,,,,,undetermined-needs-privileged-capture,11,38.712,True,True,False,unknown,,,
raw,server_nodelay_off,off,default,38,,,,,,,,,,,,,,undetermined-needs-privileged-capture,12,38.68,True,True,False,unknown,,,
raw,server_nodelay_off,off,default,38,,,,,,,,,,,,,,undetermined-needs-privileged-capture,13,38.646,True,True,False,unknown,,,
raw,server_nodelay_off,off,default,38,,,,,,,,,,,,,,undetermined-needs-privileged-capture,14,38.625,True,True,False,unknown,,,
raw,server_nodelay_off,off,default,38,,,,,,,,,,,,,,undetermined-needs-privileged-capture,15,38.636,True,True,False,unknown,,,
raw,server_nodelay_off,off,default,38,,,,,,,,,,,,,,undetermined-needs-privileged-capture,16,38.686,True,True,False,unknown,,,
raw,server_nodelay_off,off,default,38,,,,,,,,,,,,,,undetermined-needs-privileged-capture,17,38.654,True,True,False,unknown,,,
raw,server_nodelay_off,off,default,38,,,,,,,,,,,,,,undetermined-needs-privileged-capture,18,38.67,True,True,False,unknown,,,
raw,server_nodelay_off,off,default,38,,,,,,,,,,,,,,undetermined-needs-privileged-capture,19,38.636,True,True,False,unknown,,,
raw,server_nodelay_off,off,default,38,,,,,,,,,,,,,,undetermined-needs-privileged-capture,20,38.642,True,True,False,unknown,,,
raw,server_nodelay_off,off,default,38,,,,,,,,,,,,,,undetermined-needs-privileged-capture,21,38.707,True,True,False,unknown,,,
raw,server_nodelay_off,off,default,38,,,,,,,,,,,,,,undetermined-needs-privileged-capture,22,38.642,True,True,False,unknown,,,
raw,server_nodelay_off,off,default,38,,,,,,,,,,,,,,undetermined-needs-privileged-capture,23,38.61,True,True,False,unknown,,,
raw,server_nodelay_off,off,default,38,,,,,,,,,,,,,,undetermined-needs-privileged-capture,24,38.651,True,True,False,unknown,,,
raw,server_nodelay_off,off,default,38,,,,,,,,,,,,,,undetermined-needs-privileged-capture,25,38.654,True,True,False,unknown,,,
raw,server_nodelay_off,off,default,38,,,,,,,,,,,,,,undetermined-needs-privileged-capture,26,38.676,True,True,False,unknown,,,
raw,server_nodelay_off,off,default,38,,,,,,,,,,,,,,undetermined-needs-privileged-capture,27,38.638,True,True,False,unknown,,,
raw,server_nodelay_off,off,default,38,,,,,,,,,,,,,,undetermined-needs-privileged-capture,28,38.671,True,True,False,unknown,,,
raw,server_nodelay_off,off,default,38,,,,,,,,,,,,,,undetermined-needs-privileged-capture,29,38.684,True,True,False,unknown,,,
raw,server_nodelay_off,off,default,40,,,,,,,,,,,,,,undetermined-needs-privileged-capture,0,40.705,True,True,False,unknown,,,
raw,server_nodelay_off,off,default,40,,,,,,,,,,,,,,undetermined-needs-privileged-capture,1,40.69,True,True,False,unknown,,,
raw,server_nodelay_off,off,default,40,,,,,,,,,,,,,,undetermined-needs-privileged-capture,2,40.639,True,True,False,unknown,,,
raw,server_nodelay_off,off,default,40,,,,,,,,,,,,,,undetermined-needs-privileged-capture,3,40.608,True,True,False,unknown,,,
raw,server_nodelay_off,off,default,40,,,,,,,,,,,,,,undetermined-needs-privileged-capture,4,40.626,True,True,False,unknown,,,
raw,server_nodelay_off,off,default,40,,,,,,,,,,,,,,undetermined-needs-privileged-capture,5,40.648,True,True,False,unknown,,,
raw,server_nodelay_off,off,default,40,,,,,,,,,,,,,,undetermined-needs-privileged-capture,6,40.646,True,True,False,unknown,,,
raw,server_nodelay_off,off,default,40,,,,,,,,,,,,,,undetermined-needs-privileged-capture,7,40.715,True,True,False,unknown,,,
raw,server_nodelay_off,off,default,40,,,,,,,,,,,,,,undetermined-needs-privileged-capture,8,40.652,True,True,False,unknown,,,
raw,server_nodelay_off,off,default,40,,,,,,,,,,,,,,undetermined-needs-privileged-capture,9,40.606,True,True,False,unknown,,,
raw,server_nodelay_off,off,default,40,,,,,,,,,,,,,,undetermined-needs-privileged-capture,10,40.636,True,True,False,unknown,,,
raw,server_nodelay_off,off,default,40,,,,,,,,,,,,,,undetermined-needs-privileged-capture,11,40.656,True,True,False,unknown,,,
raw,server_nodelay_off,off,default,40,,,,,,,,,,,,,,undetermined-needs-privileged-capture,12,40.586,True,True,False,unknown,,,
raw,server_nodelay_off,off,default,40,,,,,,,,,,,,,,undetermined-needs-privileged-capture,13,40.695,True,True,False,unknown,,,
raw,server_nodelay_off,off,default,40,,,,,,,,,,,,,,undetermined-needs-privileged-capture,14,40.655,True,True,False,unknown,,,
raw,server_nodelay_off,off,default,40,,,,,,,,,,,,,,undetermined-needs-privileged-capture,15,40.654,True,True,False,unknown,,,
raw,server_nodelay_off,off,default,40,,,,,,,,,,,,,,undetermined-needs-privileged-capture,16,40.65,True,True,False,unknown,,,
raw,server_nodelay_off,off,default,40,,,,,,,,,,,,,,undetermined-needs-privileged-capture,17,40.705,True,True,False,unknown,,,
raw,server_nodelay_off,off,default,40,,,,,,,,,,,,,,undetermined-needs-privileged-capture,18,40.66,True,True,False,unknown,,,
raw,server_nodelay_off,off,default,40,,,,,,,,,,,,,,undetermined-needs-privileged-capture,19,40.641,True,True,False,unknown,,,
raw,server_nodelay_off,off,default,40,,,,,,,,,,,,,,undetermined-needs-privileged-capture,20,40.723,True,True,False,unknown,,,
raw,server_nodelay_off,off,default,40,,,,,,,,,,,,,,undetermined-needs-privileged-capture,21,40.627,True,True,False,unknown,,,
raw,server_nodelay_off,off,default,40,,,,,,,,,,,,,,undetermined-needs-privileged-capture,22,40.547,True,True,False,unknown,,,
raw,server_nodelay_off,off,default,40,,,,,,,,,,,,,,undetermined-needs-privileged-capture,23,40.64,True,True,False,unknown,,,
raw,server_nodelay_off,off,default,40,,,,,,,,,,,,,,undetermined-needs-privileged-capture,24,40.636,True,True,False,unknown,,,
raw,server_nodelay_off,off,default,40,,,,,,,,,,,,,,undetermined-needs-privileged-capture,25,40.614,True,True,False,unknown,,,
raw,server_nodelay_off,off,default,40,,,,,,,,,,,,,,undetermined-needs-privileged-capture,26,40.637,True,True,False,unknown,,,
raw,server_nodelay_off,off,default,40,,,,,,,,,,,,,,undetermined-needs-privileged-capture,27,40.635,True,True,False,unknown,,,
raw,server_nodelay_off,off,default,40,,,,,,,,,,,,,,undetermined-needs-privileged-capture,28,40.636,True,True,False,unknown,,,
raw,server_nodelay_off,off,default,40,,,,,,,,,,,,,,undetermined-needs-privileged-capture,29,40.638,True,True,False,unknown,,,
raw,server_nodelay_off,off,default,42,,,,,,,,,,,,,,undetermined-needs-privileged-capture,0,42.658,True,True,False,unknown,,,
raw,server_nodelay_off,off,default,42,,,,,,,,,,,,,,undetermined-needs-privileged-capture,1,42.691,True,True,False,unknown,,,
raw,server_nodelay_off,off,default,42,,,,,,,,,,,,,,undetermined-needs-privileged-capture,2,42.734,True,True,False,unknown,,,
raw,server_nodelay_off,off,default,42,,,,,,,,,,,,,,undetermined-needs-privileged-capture,3,42.62,True,True,False,unknown,,,
raw,server_nodelay_off,off,default,42,,,,,,,,,,,,,,undetermined-needs-privileged-capture,4,42.656,True,True,False,unknown,,,
raw,server_nodelay_off,off,default,42,,,,,,,,,,,,,,undetermined-needs-privileged-capture,5,42.649,True,True,False,unknown,,,
raw,server_nodelay_off,off,default,42,,,,,,,,,,,,,,undetermined-needs-privileged-capture,6,42.71,True,True,False,unknown,,,
raw,server_nodelay_off,off,default,42,,,,,,,,,,,,,,undetermined-needs-privileged-capture,7,42.645,True,True,False,unknown,,,
raw,server_nodelay_off,off,default,42,,,,,,,,,,,,,,undetermined-needs-privileged-capture,8,42.627,True,True,False,unknown,,,
raw,server_nodelay_off,off,default,42,,,,,,,,,,,,,,undetermined-needs-privileged-capture,9,42.719,True,True,False,unknown,,,
raw,server_nodelay_off,off,default,42,,,,,,,,,,,,,,undetermined-needs-privileged-capture,10,42.622,True,True,False,unknown,,,
raw,server_nodelay_off,off,default,42,,,,,,,,,,,,,,undetermined-needs-privileged-capture,11,42.643,True,True,False,unknown,,,
raw,server_nodelay_off,off,default,42,,,,,,,,,,,,,,undetermined-needs-privileged-capture,12,42.723,True,True,False,unknown,,,
raw,server_nodelay_off,off,default,42,,,,,,,,,,,,,,undetermined-needs-privileged-capture,13,42.658,True,True,False,unknown,,,
raw,server_nodelay_off,off,default,42,,,,,,,,,,,,,,undetermined-needs-privileged-capture,14,42.694,True,True,False,unknown,,,
raw,server_nodelay_off,off,default,42,,,,,,,,,,,,,,undetermined-needs-privileged-capture,15,42.653,True,True,False,unknown,,,
raw,server_nodelay_off,off,default,42,,,,,,,,,,,,,,undetermined-needs-privileged-capture,16,42.695,True,True,False,unknown,,,
raw,server_nodelay_off,off,default,42,,,,,,,,,,,,,,undetermined-needs-privileged-capture,17,42.62,True,True,False,unknown,,,
raw,server_nodelay_off,off,default,42,,,,,,,,,,,,,,undetermined-needs-privileged-capture,18,42.709,True,True,False,unknown,,,
raw,server_nodelay_off,off,default,42,,,,,,,,,,,,,,undetermined-needs-privileged-capture,19,42.695,True,True,False,unknown,,,
raw,server_nodelay_off,off,default,42,,,,,,,,,,,,,,undetermined-needs-privileged-capture,20,42.65,True,True,False,unknown,,,
raw,server_nodelay_off,off,default,42,,,,,,,,,,,,,,undetermined-needs-privileged-capture,21,42.718,True,True,False,unknown,,,
raw,server_nodelay_off,off,default,42,,,,,,,,,,,,,,undetermined-needs-privileged-capture,22,42.637,True,True,False,unknown,,,
raw,server_nodelay_off,off,default,42,,,,,,,,,,,,,,undetermined-needs-privileged-capture,23,42.731,True,True,False,unknown,,,
raw,server_nodelay_off,off,default,42,,,,,,,,,,,,,,undetermined-needs-privileged-capture,24,42.654,True,True,False,unknown,,,
raw,server_nodelay_off,off,default,42,,,,,,,,,,,,,,undetermined-needs-privileged-capture,25,42.702,True,True,False,unknown,,,
raw,server_nodelay_off,off,default,42,,,,,,,,,,,,,,undetermined-needs-privileged-capture,26,42.721,True,True,False,unknown,,,
raw,server_nodelay_off,off,default,42,,,,,,,,,,,,,,undetermined-needs-privileged-capture,27,42.644,True,True,False,unknown,,,
raw,server_nodelay_off,off,default,42,,,,,,,,,,,,,,undetermined-needs-privileged-capture,28,42.682,True,True,False,unknown,,,
raw,server_nodelay_off,off,default,42,,,,,,,,,,,,,,undetermined-needs-privileged-capture,29,42.651,True,True,False,unknown,,,
raw,server_nodelay_off,off,default,45,,,,,,,,,,,,,,undetermined-needs-privileged-capture,0,45.67,True,True,False,unknown,,,
raw,server_nodelay_off,off,default,45,,,,,,,,,,,,,,undetermined-needs-privileged-capture,1,45.636,True,True,False,unknown,,,
raw,server_nodelay_off,off,default,45,,,,,,,,,,,,,,undetermined-needs-privileged-capture,2,45.668,True,True,False,unknown,,,
raw,server_nodelay_off,off,default,45,,,,,,,,,,,,,,undetermined-needs-privileged-capture,3,45.63,True,True,False,unknown,,,
raw,server_nodelay_off,off,default,45,,,,,,,,,,,,,,undetermined-needs-privileged-capture,4,45.714,True,True,False,unknown,,,
raw,server_nodelay_off,off,default,45,,,,,,,,,,,,,,undetermined-needs-privileged-capture,5,45.64,True,True,False,unknown,,,
raw,server_nodelay_off,off,default,45,,,,,,,,,,,,,,undetermined-needs-privileged-capture,6,45.74,True,True,False,unknown,,,
raw,server_nodelay_off,off,default,45,,,,,,,,,,,,,,undetermined-needs-privileged-capture,7,45.722,True,True,False,unknown,,,
raw,server_nodelay_off,off,default,45,,,,,,,,,,,,,,undetermined-needs-privileged-capture,8,45.633,True,True,False,unknown,,,
raw,server_nodelay_off,off,default,45,,,,,,,,,,,,,,undetermined-needs-privileged-capture,9,45.691,True,True,False,unknown,,,
raw,server_nodelay_off,off,default,45,,,,,,,,,,,,,,undetermined-needs-privileged-capture,10,45.65,True,True,False,unknown,,,
raw,server_nodelay_off,off,default,45,,,,,,,,,,,,,,undetermined-needs-privileged-capture,11,45.702,True,True,False,unknown,,,
raw,server_nodelay_off,off,default,45,,,,,,,,,,,,,,undetermined-needs-privileged-capture,12,45.598,True,True,False,unknown,,,
raw,server_nodelay_off,off,default,45,,,,,,,,,,,,,,undetermined-needs-privileged-capture,13,45.741,True,True,False,unknown,,,
raw,server_nodelay_off,off,default,45,,,,,,,,,,,,,,undetermined-needs-privileged-capture,14,45.673,True,True,False,unknown,,,
raw,server_nodelay_off,off,default,45,,,,,,,,,,,,,,undetermined-needs-privileged-capture,15,45.716,True,True,False,unknown,,,
raw,server_nodelay_off,off,default,45,,,,,,,,,,,,,,undetermined-needs-privileged-capture,16,45.633,True,True,False,unknown,,,
raw,server_nodelay_off,off,default,45,,,,,,,,,,,,,,undetermined-needs-privileged-capture,17,45.638,True,True,False,unknown,,,
raw,server_nodelay_off,off,default,45,,,,,,,,,,,,,,undetermined-needs-privileged-capture,18,45.699,True,True,False,unknown,,,
raw,server_nodelay_off,off,default,45,,,,,,,,,,,,,,undetermined-needs-privileged-capture,19,45.638,True,True,False,unknown,,,
raw,server_nodelay_off,off,default,45,,,,,,,,,,,,,,undetermined-needs-privileged-capture,20,45.665,True,True,False,unknown,,,
raw,server_nodelay_off,off,default,45,,,,,,,,,,,,,,undetermined-needs-privileged-capture,21,45.754,True,True,False,unknown,,,
raw,server_nodelay_off,off,default,45,,,,,,,,,,,,,,undetermined-needs-privileged-capture,22,45.65,True,True,False,unknown,,,
raw,server_nodelay_off,off,default,45,,,,,,,,,,,,,,undetermined-needs-privileged-capture,23,45.702,True,True,False,unknown,,,
raw,server_nodelay_off,off,default,45,,,,,,,,,,,,,,undetermined-needs-privileged-capture,24,45.747,True,True,False,unknown,,,
raw,server_nodelay_off,off,default,45,,,,,,,,,,,,,,undetermined-needs-privileged-capture,25,45.636,True,True,False,unknown,,,
raw,server_nodelay_off,off,default,45,,,,,,,,,,,,,,undetermined-needs-privileged-capture,26,45.688,True,True,False,unknown,,,
raw,server_nodelay_off,off,default,45,,,,,,,,,,,,,,undetermined-needs-privileged-capture,27,45.609,True,True,False,unknown,,,
raw,server_nodelay_off,off,default,45,,,,,,,,,,,,,,undetermined-needs-privileged-capture,28,45.716,True,True,False,unknown,,,
raw,server_nodelay_off,off,default,45,,,,,,,,,,,,,,undetermined-needs-privileged-capture,29,45.717,True,True,False,unknown,,,
raw,server_nodelay_off,off,default,50,,,,,,,,,,,,,,undetermined-needs-privileged-capture,0,50.733,True,True,False,unknown,,,
raw,server_nodelay_off,off,default,50,,,,,,,,,,,,,,undetermined-needs-privileged-capture,1,50.608,True,True,False,unknown,,,
raw,server_nodelay_off,off,default,50,,,,,,,,,,,,,,undetermined-needs-privileged-capture,2,50.585,True,True,False,unknown,,,
raw,server_nodelay_off,off,default,50,,,,,,,,,,,,,,undetermined-needs-privileged-capture,3,50.651,True,True,False,unknown,,,
raw,server_nodelay_off,off,default,50,,,,,,,,,,,,,,undetermined-needs-privileged-capture,4,50.672,True,True,False,unknown,,,
raw,server_nodelay_off,off,default,50,,,,,,,,,,,,,,undetermined-needs-privileged-capture,5,50.713,True,True,False,unknown,,,
raw,server_nodelay_off,off,default,50,,,,,,,,,,,,,,undetermined-needs-privileged-capture,6,50.714,True,True,False,unknown,,,
raw,server_nodelay_off,off,default,50,,,,,,,,,,,,,,undetermined-needs-privileged-capture,7,50.627,True,True,False,unknown,,,
raw,server_nodelay_off,off,default,50,,,,,,,,,,,,,,undetermined-needs-privileged-capture,8,50.742,True,True,False,unknown,,,
raw,server_nodelay_off,off,default,50,,,,,,,,,,,,,,undetermined-needs-privileged-capture,9,50.751,True,True,False,unknown,,,
raw,server_nodelay_off,off,default,50,,,,,,,,,,,,,,undetermined-needs-privileged-capture,10,50.722,True,True,False,unknown,,,
raw,server_nodelay_off,off,default,50,,,,,,,,,,,,,,undetermined-needs-privileged-capture,11,50.712,True,True,False,unknown,,,
raw,server_nodelay_off,off,default,50,,,,,,,,,,,,,,undetermined-needs-privileged-capture,12,50.693,True,True,False,unknown,,,
raw,server_nodelay_off,off,default,50,,,,,,,,,,,,,,undetermined-needs-privileged-capture,13,50.717,True,True,False,unknown,,,
raw,server_nodelay_off,off,default,50,,,,,,,,,,,,,,undetermined-needs-privileged-capture,14,50.641,True,True,False,unknown,,,
raw,server_nodelay_off,off,default,50,,,,,,,,,,,,,,undetermined-needs-privileged-capture,15,50.65,True,True,False,unknown,,,
raw,server_nodelay_off,off,default,50,,,,,,,,,,,,,,undetermined-needs-privileged-capture,16,50.714,True,True,False,unknown,,,
raw,server_nodelay_off,off,default,50,,,,,,,,,,,,,,undetermined-needs-privileged-capture,17,50.641,True,True,False,unknown,,,
raw,server_nodelay_off,off,default,50,,,,,,,,,,,,,,undetermined-needs-privileged-capture,18,50.631,True,True,False,unknown,,,
raw,server_nodelay_off,off,default,50,,,,,,,,,,,,,,undetermined-needs-privileged-capture,19,50.719,True,True,False,unknown,,,
raw,server_nodelay_off,off,default,50,,,,,,,,,,,,,,undetermined-needs-privileged-capture,20,50.646,True,True,False,unknown,,,
raw,server_nodelay_off,off,default,50,,,,,,,,,,,,,,undetermined-needs-privileged-capture,21,50.695,True,True,False,unknown,,,
raw,server_nodelay_off,off,default,50,,,,,,,,,,,,,,undetermined-needs-privileged-capture,22,50.607,True,True,False,unknown,,,
raw,server_nodelay_off,off,default,50,,,,,,,,,,,,,,undetermined-needs-privileged-capture,23,50.639,True,True,False,unknown,,,
raw,server_nodelay_off,off,default,50,,,,,,,,,,,,,,undetermined-needs-privileged-capture,24,50.724,True,True,False,unknown,,,
raw,server_nodelay_off,off,default,50,,,,,,,,,,,,,,undetermined-needs-privileged-capture,25,50.692,True,True,False,unknown,,,
raw,server_nodelay_off,off,default,50,,,,,,,,,,,,,,undetermined-needs-privileged-capture,26,50.71,True,True,False,unknown,,,
raw,server_nodelay_off,off,default,50,,,,,,,,,,,,,,undetermined-needs-privileged-capture,27,50.692,True,True,False,unknown,,,
raw,server_nodelay_off,off,default,50,,,,,,,,,,,,,,undetermined-needs-privileged-capture,28,50.696,True,True,False,unknown,,,
raw,server_nodelay_off,off,default,50,,,,,,,,,,,,,,undetermined-needs-privileged-capture,29,50.651,True,True,False,unknown,,,
raw,client_quickack_on,default,on,25,,,,,,,,,,,,,,undetermined-needs-privileged-capture,0,25.625,True,True,False,unknown,,,
raw,client_quickack_on,default,on,25,,,,,,,,,,,,,,undetermined-needs-privileged-capture,1,25.725,True,True,False,unknown,,,
raw,client_quickack_on,default,on,25,,,,,,,,,,,,,,undetermined-needs-privileged-capture,2,25.678,True,True,False,unknown,,,
raw,client_quickack_on,default,on,25,,,,,,,,,,,,,,undetermined-needs-privileged-capture,3,25.675,True,True,False,unknown,,,
raw,client_quickack_on,default,on,25,,,,,,,,,,,,,,undetermined-needs-privileged-capture,4,25.695,True,True,False,unknown,,,
raw,client_quickack_on,default,on,25,,,,,,,,,,,,,,undetermined-needs-privileged-capture,5,25.648,True,True,False,unknown,,,
raw,client_quickack_on,default,on,25,,,,,,,,,,,,,,undetermined-needs-privileged-capture,6,25.599,True,True,False,unknown,,,
raw,client_quickack_on,default,on,25,,,,,,,,,,,,,,undetermined-needs-privileged-capture,7,25.623,True,True,False,unknown,,,
raw,client_quickack_on,default,on,25,,,,,,,,,,,,,,undetermined-needs-privileged-capture,8,25.704,True,True,False,unknown,,,
raw,client_quickack_on,default,on,25,,,,,,,,,,,,,,undetermined-needs-privileged-capture,9,25.636,True,True,False,unknown,,,
raw,client_quickack_on,default,on,25,,,,,,,,,,,,,,undetermined-needs-privileged-capture,10,25.63,True,True,False,unknown,,,
raw,client_quickack_on,default,on,25,,,,,,,,,,,,,,undetermined-needs-privileged-capture,11,25.644,True,True,False,unknown,,,
raw,client_quickack_on,default,on,25,,,,,,,,,,,,,,undetermined-needs-privileged-capture,12,25.695,True,True,False,unknown,,,
raw,client_quickack_on,default,on,25,,,,,,,,,,,,,,undetermined-needs-privileged-capture,13,25.689,True,True,False,unknown,,,
raw,client_quickack_on,default,on,25,,,,,,,,,,,,,,undetermined-needs-privileged-capture,14,25.62,True,True,False,unknown,,,
raw,client_quickack_on,default,on,25,,,,,,,,,,,,,,undetermined-needs-privileged-capture,15,25.728,True,True,False,unknown,,,
raw,client_quickack_on,default,on,25,,,,,,,,,,,,,,undetermined-needs-privileged-capture,16,25.685,True,True,False,unknown,,,
raw,client_quickack_on,default,on,25,,,,,,,,,,,,,,undetermined-needs-privileged-capture,17,25.645,True,True,False,unknown,,,
raw,client_quickack_on,default,on,25,,,,,,,,,,,,,,undetermined-needs-privileged-capture,18,25.711,True,True,False,unknown,,,
raw,client_quickack_on,default,on,25,,,,,,,,,,,,,,undetermined-needs-privileged-capture,19,25.629,True,True,False,unknown,,,
raw,client_quickack_on,default,on,25,,,,,,,,,,,,,,undetermined-needs-privileged-capture,20,25.65,True,True,False,unknown,,,
raw,client_quickack_on,default,on,25,,,,,,,,,,,,,,undetermined-needs-privileged-capture,21,25.604,True,True,False,unknown,,,
raw,client_quickack_on,default,on,25,,,,,,,,,,,,,,undetermined-needs-privileged-capture,22,25.661,True,True,False,unknown,,,
raw,client_quickack_on,default,on,25,,,,,,,,,,,,,,undetermined-needs-privileged-capture,23,25.701,True,True,False,unknown,,,
raw,client_quickack_on,default,on,25,,,,,,,,,,,,,,undetermined-needs-privileged-capture,24,25.7,True,True,False,unknown,,,
raw,client_quickack_on,default,on,25,,,,,,,,,,,,,,undetermined-needs-privileged-capture,25,25.649,True,True,False,unknown,,,
raw,client_quickack_on,default,on,25,,,,,,,,,,,,,,undetermined-needs-privileged-capture,26,25.691,True,True,False,unknown,,,
raw,client_quickack_on,default,on,25,,,,,,,,,,,,,,undetermined-needs-privileged-capture,27,25.632,True,True,False,unknown,,,
raw,client_quickack_on,default,on,25,,,,,,,,,,,,,,undetermined-needs-privileged-capture,28,25.654,True,True,False,unknown,,,
raw,client_quickack_on,default,on,25,,,,,,,,,,,,,,undetermined-needs-privileged-capture,29,25.627,True,True,False,unknown,,,
raw,client_quickack_on,default,on,30,,,,,,,,,,,,,,undetermined-needs-privileged-capture,0,30.634,True,True,False,unknown,,,
raw,client_quickack_on,default,on,30,,,,,,,,,,,,,,undetermined-needs-privileged-capture,1,30.691,True,True,False,unknown,,,
raw,client_quickack_on,default,on,30,,,,,,,,,,,,,,undetermined-needs-privileged-capture,2,30.642,True,True,False,unknown,,,
raw,client_quickack_on,default,on,30,,,,,,,,,,,,,,undetermined-needs-privileged-capture,3,30.645,True,True,False,unknown,,,
raw,client_quickack_on,default,on,30,,,,,,,,,,,,,,undetermined-needs-privileged-capture,4,30.635,True,True,False,unknown,,,
raw,client_quickack_on,default,on,30,,,,,,,,,,,,,,undetermined-needs-privileged-capture,5,30.699,True,True,False,unknown,,,
raw,client_quickack_on,default,on,30,,,,,,,,,,,,,,undetermined-needs-privileged-capture,6,30.613,True,True,False,unknown,,,
raw,client_quickack_on,default,on,30,,,,,,,,,,,,,,undetermined-needs-privileged-capture,7,30.712,True,True,False,unknown,,,
raw,client_quickack_on,default,on,30,,,,,,,,,,,,,,undetermined-needs-privileged-capture,8,30.701,True,True,False,unknown,,,
raw,client_quickack_on,default,on,30,,,,,,,,,,,,,,undetermined-needs-privileged-capture,9,30.722,True,True,False,unknown,,,
raw,client_quickack_on,default,on,30,,,,,,,,,,,,,,undetermined-needs-privileged-capture,10,30.634,True,True,False,unknown,,,
raw,client_quickack_on,default,on,30,,,,,,,,,,,,,,undetermined-needs-privileged-capture,11,30.691,True,True,False,unknown,,,
raw,client_quickack_on,default,on,30,,,,,,,,,,,,,,undetermined-needs-privileged-capture,12,30.692,True,True,False,unknown,,,
raw,client_quickack_on,default,on,30,,,,,,,,,,,,,,undetermined-needs-privileged-capture,13,30.639,True,True,False,unknown,,,
raw,client_quickack_on,default,on,30,,,,,,,,,,,,,,undetermined-needs-privileged-capture,14,30.696,True,True,False,unknown,,,
raw,client_quickack_on,default,on,30,,,,,,,,,,,,,,undetermined-needs-privileged-capture,15,30.728,True,True,False,unknown,,,
raw,client_quickack_on,default,on,30,,,,,,,,,,,,,,undetermined-needs-privileged-capture,16,30.707,True,True,False,unknown,,,
raw,client_quickack_on,default,on,30,,,,,,,,,,,,,,undetermined-needs-privileged-capture,17,30.686,True,True,False,unknown,,,
raw,client_quickack_on,default,on,30,,,,,,,,,,,,,,undetermined-needs-privileged-capture,18,30.702,True,True,False,unknown,,,
raw,client_quickack_on,default,on,30,,,,,,,,,,,,,,undetermined-needs-privileged-capture,19,30.637,True,True,False,unknown,,,
raw,client_quickack_on,default,on,30,,,,,,,,,,,,,,undetermined-needs-privileged-capture,20,30.697,True,True,False,unknown,,,
raw,client_quickack_on,default,on,30,,,,,,,,,,,,,,undetermined-needs-privileged-capture,21,30.697,True,True,False,unknown,,,
raw,client_quickack_on,default,on,30,,,,,,,,,,,,,,undetermined-needs-privileged-capture,22,30.695,True,True,False,unknown,,,
raw,client_quickack_on,default,on,30,,,,,,,,,,,,,,undetermined-needs-privileged-capture,23,30.638,True,True,False,unknown,,,
raw,client_quickack_on,default,on,30,,,,,,,,,,,,,,undetermined-needs-privileged-capture,24,30.701,True,True,False,unknown,,,
raw,client_quickack_on,default,on,30,,,,,,,,,,,,,,undetermined-needs-privileged-capture,25,30.73,True,True,False,unknown,,,
raw,client_quickack_on,default,on,30,,,,,,,,,,,,,,undetermined-needs-privileged-capture,26,30.682,True,True,False,unknown,,,
raw,client_quickack_on,default,on,30,,,,,,,,,,,,,,undetermined-needs-privileged-capture,27,30.661,True,True,False,unknown,,,
raw,client_quickack_on,default,on,30,,,,,,,,,,,,,,undetermined-needs-privileged-capture,28,30.721,True,True,False,unknown,,,
raw,client_quickack_on,default,on,30,,,,,,,,,,,,,,undetermined-needs-privileged-capture,29,30.711,True,True,False,unknown,,,
raw,client_quickack_on,default,on,35,,,,,,,,,,,,,,undetermined-needs-privileged-capture,0,35.697,True,True,False,unknown,,,
raw,client_quickack_on,default,on,35,,,,,,,,,,,,,,undetermined-needs-privileged-capture,1,35.644,True,True,False,unknown,,,
raw,client_quickack_on,default,on,35,,,,,,,,,,,,,,undetermined-needs-privileged-capture,2,35.677,True,True,False,unknown,,,
raw,client_quickack_on,default,on,35,,,,,,,,,,,,,,undetermined-needs-privileged-capture,3,35.623,True,True,False,unknown,,,
raw,client_quickack_on,default,on,35,,,,,,,,,,,,,,undetermined-needs-privileged-capture,4,35.642,True,True,False,unknown,,,
raw,client_quickack_on,default,on,35,,,,,,,,,,,,,,undetermined-needs-privileged-capture,5,35.633,True,True,False,unknown,,,
raw,client_quickack_on,default,on,35,,,,,,,,,,,,,,undetermined-needs-privileged-capture,6,35.735,True,True,False,unknown,,,
raw,client_quickack_on,default,on,35,,,,,,,,,,,,,,undetermined-needs-privileged-capture,7,35.7,True,True,False,unknown,,,
raw,client_quickack_on,default,on,35,,,,,,,,,,,,,,undetermined-needs-privileged-capture,8,35.713,True,True,False,unknown,,,
raw,client_quickack_on,default,on,35,,,,,,,,,,,,,,undetermined-needs-privileged-capture,9,35.643,True,True,False,unknown,,,
raw,client_quickack_on,default,on,35,,,,,,,,,,,,,,undetermined-needs-privileged-capture,10,35.693,True,True,False,unknown,,,
raw,client_quickack_on,default,on,35,,,,,,,,,,,,,,undetermined-needs-privileged-capture,11,35.695,True,True,False,unknown,,,
raw,client_quickack_on,default,on,35,,,,,,,,,,,,,,undetermined-needs-privileged-capture,12,35.699,True,True,False,unknown,,,
raw,client_quickack_on,default,on,35,,,,,,,,,,,,,,undetermined-needs-privileged-capture,13,35.634,True,True,False,unknown,,,
raw,client_quickack_on,default,on,35,,,,,,,,,,,,,,undetermined-needs-privileged-capture,14,35.631,True,True,False,unknown,,,
raw,client_quickack_on,default,on,35,,,,,,,,,,,,,,undetermined-needs-privileged-capture,15,35.69,True,True,False,unknown,,,
raw,client_quickack_on,default,on,35,,,,,,,,,,,,,,undetermined-needs-privileged-capture,16,35.687,True,True,False,unknown,,,
raw,client_quickack_on,default,on,35,,,,,,,,,,,,,,undetermined-needs-privileged-capture,17,35.725,True,True,False,unknown,,,
raw,client_quickack_on,default,on,35,,,,,,,,,,,,,,undetermined-needs-privileged-capture,18,35.684,True,True,False,unknown,,,
raw,client_quickack_on,default,on,35,,,,,,,,,,,,,,undetermined-needs-privileged-capture,19,35.682,True,True,False,unknown,,,
raw,client_quickack_on,default,on,35,,,,,,,,,,,,,,undetermined-needs-privileged-capture,20,35.621,True,True,False,unknown,,,
raw,client_quickack_on,default,on,35,,,,,,,,,,,,,,undetermined-needs-privileged-capture,21,35.638,True,True,False,unknown,,,
raw,client_quickack_on,default,on,35,,,,,,,,,,,,,,undetermined-needs-privileged-capture,22,35.73,True,True,False,unknown,,,
raw,client_quickack_on,default,on,35,,,,,,,,,,,,,,undetermined-needs-privileged-capture,23,35.566,True,True,False,unknown,,,
raw,client_quickack_on,default,on,35,,,,,,,,,,,,,,undetermined-needs-privileged-capture,24,35.558,True,True,False,unknown,,,
raw,client_quickack_on,default,on,35,,,,,,,,,,,,,,undetermined-needs-privileged-capture,25,35.63,True,True,False,unknown,,,
raw,client_quickack_on,default,on,35,,,,,,,,,,,,,,undetermined-needs-privileged-capture,26,35.593,True,True,False,unknown,,,
raw,client_quickack_on,default,on,35,,,,,,,,,,,,,,undetermined-needs-privileged-capture,27,35.645,True,True,False,unknown,,,
raw,client_quickack_on,default,on,35,,,,,,,,,,,,,,undetermined-needs-privileged-capture,28,35.562,True,True,False,unknown,,,
raw,client_quickack_on,default,on,35,,,,,,,,,,,,,,undetermined-needs-privileged-capture,29,35.599,True,True,False,unknown,,,
raw,client_quickack_on,default,on,38,,,,,,,,,,,,,,undetermined-needs-privileged-capture,0,38.579,True,True,False,unknown,,,
raw,client_quickack_on,default,on,38,,,,,,,,,,,,,,undetermined-needs-privileged-capture,1,38.654,True,True,False,unknown,,,
raw,client_quickack_on,default,on,38,,,,,,,,,,,,,,undetermined-needs-privileged-capture,2,38.59,True,True,False,unknown,,,
raw,client_quickack_on,default,on,38,,,,,,,,,,,,,,undetermined-needs-privileged-capture,3,38.602,True,True,False,unknown,,,
raw,client_quickack_on,default,on,38,,,,,,,,,,,,,,undetermined-needs-privileged-capture,4,38.579,True,True,False,unknown,,,
raw,client_quickack_on,default,on,38,,,,,,,,,,,,,,undetermined-needs-privileged-capture,5,38.657,True,True,False,unknown,,,
raw,client_quickack_on,default,on,38,,,,,,,,,,,,,,undetermined-needs-privileged-capture,6,38.67,True,True,False,unknown,,,
raw,client_quickack_on,default,on,38,,,,,,,,,,,,,,undetermined-needs-privileged-capture,7,38.608,True,True,False,unknown,,,
raw,client_quickack_on,default,on,38,,,,,,,,,,,,,,undetermined-needs-privileged-capture,8,38.618,True,True,False,unknown,,,
raw,client_quickack_on,default,on,38,,,,,,,,,,,,,,undetermined-needs-privileged-capture,9,38.602,True,True,False,unknown,,,
raw,client_quickack_on,default,on,38,,,,,,,,,,,,,,undetermined-needs-privileged-capture,10,38.572,True,True,False,unknown,,,
raw,client_quickack_on,default,on,38,,,,,,,,,,,,,,undetermined-needs-privileged-capture,11,38.694,True,True,False,unknown,,,
raw,client_quickack_on,default,on,38,,,,,,,,,,,,,,undetermined-needs-privileged-capture,12,38.589,True,True,False,unknown,,,
raw,client_quickack_on,default,on,38,,,,,,,,,,,,,,undetermined-needs-privileged-capture,13,38.645,True,True,False,unknown,,,
raw,client_quickack_on,default,on,38,,,,,,,,,,,,,,undetermined-needs-privileged-capture,14,38.662,True,True,False,unknown,,,
raw,client_quickack_on,default,on,38,,,,,,,,,,,,,,undetermined-needs-privileged-capture,15,38.595,True,True,False,unknown,,,
raw,client_quickack_on,default,on,38,,,,,,,,,,,,,,undetermined-needs-privileged-capture,16,38.594,True,True,False,unknown,,,
raw,client_quickack_on,default,on,38,,,,,,,,,,,,,,undetermined-needs-privileged-capture,17,38.632,True,True,False,unknown,,,
raw,client_quickack_on,default,on,38,,,,,,,,,,,,,,undetermined-needs-privileged-capture,18,38.656,True,True,False,unknown,,,
raw,client_quickack_on,default,on,38,,,,,,,,,,,,,,undetermined-needs-privileged-capture,19,38.691,True,True,False,unknown,,,
raw,client_quickack_on,default,on,38,,,,,,,,,,,,,,undetermined-needs-privileged-capture,20,38.587,True,True,False,unknown,,,
raw,client_quickack_on,default,on,38,,,,,,,,,,,,,,undetermined-needs-privileged-capture,21,38.68,True,True,False,unknown,,,
raw,client_quickack_on,default,on,38,,,,,,,,,,,,,,undetermined-needs-privileged-capture,22,38.599,True,True,False,unknown,,,
raw,client_quickack_on,default,on,38,,,,,,,,,,,,,,undetermined-needs-privileged-capture,23,38.547,True,True,False,unknown,,,
raw,client_quickack_on,default,on,38,,,,,,,,,,,,,,undetermined-needs-privileged-capture,24,38.65,True,True,False,unknown,,,
raw,client_quickack_on,default,on,38,,,,,,,,,,,,,,undetermined-needs-privileged-capture,25,38.653,True,True,False,unknown,,,
raw,client_quickack_on,default,on,38,,,,,,,,,,,,,,undetermined-needs-privileged-capture,26,38.574,True,True,False,unknown,,,
raw,client_quickack_on,default,on,38,,,,,,,,,,,,,,undetermined-needs-privileged-capture,27,38.591,True,True,False,unknown,,,
raw,client_quickack_on,default,on,38,,,,,,,,,,,,,,undetermined-needs-privileged-capture,28,38.598,True,True,False,unknown,,,
raw,client_quickack_on,default,on,38,,,,,,,,,,,,,,undetermined-needs-privileged-capture,29,38.581,True,True,False,unknown,,,
raw,client_quickack_on,default,on,40,,,,,,,,,,,,,,undetermined-needs-privileged-capture,0,40.689,True,True,False,unknown,,,
raw,client_quickack_on,default,on,40,,,,,,,,,,,,,,undetermined-needs-privileged-capture,1,40.691,True,True,False,unknown,,,
raw,client_quickack_on,default,on,40,,,,,,,,,,,,,,undetermined-needs-privileged-capture,2,40.595,True,True,False,unknown,,,
raw,client_quickack_on,default,on,40,,,,,,,,,,,,,,undetermined-needs-privileged-capture,3,40.531,True,True,False,unknown,,,
raw,client_quickack_on,default,on,40,,,,,,,,,,,,,,undetermined-needs-privileged-capture,4,40.599,True,True,False,unknown,,,
raw,client_quickack_on,default,on,40,,,,,,,,,,,,,,undetermined-needs-privileged-capture,5,40.599,True,True,False,unknown,,,
raw,client_quickack_on,default,on,40,,,,,,,,,,,,,,undetermined-needs-privileged-capture,6,40.57,True,True,False,unknown,,,
raw,client_quickack_on,default,on,40,,,,,,,,,,,,,,undetermined-needs-privileged-capture,7,40.618,True,True,False,unknown,,,
raw,client_quickack_on,default,on,40,,,,,,,,,,,,,,undetermined-needs-privileged-capture,8,40.516,True,True,False,unknown,,,
raw,client_quickack_on,default,on,40,,,,,,,,,,,,,,undetermined-needs-privileged-capture,9,40.674,True,True,False,unknown,,,
raw,client_quickack_on,default,on,40,,,,,,,,,,,,,,undetermined-needs-privileged-capture,10,40.615,True,True,False,unknown,,,
raw,client_quickack_on,default,on,40,,,,,,,,,,,,,,undetermined-needs-privileged-capture,11,40.558,True,True,False,unknown,,,
raw,client_quickack_on,default,on,40,,,,,,,,,,,,,,undetermined-needs-privileged-capture,12,40.685,True,True,False,unknown,,,
raw,client_quickack_on,default,on,40,,,,,,,,,,,,,,undetermined-needs-privileged-capture,13,40.585,True,True,False,unknown,,,
raw,client_quickack_on,default,on,40,,,,,,,,,,,,,,undetermined-needs-privileged-capture,14,40.606,True,True,False,unknown,,,
raw,client_quickack_on,default,on,40,,,,,,,,,,,,,,undetermined-needs-privileged-capture,15,40.604,True,True,False,unknown,,,
raw,client_quickack_on,default,on,40,,,,,,,,,,,,,,undetermined-needs-privileged-capture,16,40.609,True,True,False,unknown,,,
raw,client_quickack_on,default,on,40,,,,,,,,,,,,,,undetermined-needs-privileged-capture,17,40.608,True,True,False,unknown,,,
raw,client_quickack_on,default,on,40,,,,,,,,,,,,,,undetermined-needs-privileged-capture,18,40.669,True,True,False,unknown,,,
raw,client_quickack_on,default,on,40,,,,,,,,,,,,,,undetermined-needs-privileged-capture,19,40.622,True,True,False,unknown,,,
raw,client_quickack_on,default,on,40,,,,,,,,,,,,,,undetermined-needs-privileged-capture,20,40.583,True,True,False,unknown,,,
raw,client_quickack_on,default,on,40,,,,,,,,,,,,,,undetermined-needs-privileged-capture,21,40.694,True,True,False,unknown,,,
raw,client_quickack_on,default,on,40,,,,,,,,,,,,,,undetermined-needs-privileged-capture,22,40.658,True,True,False,unknown,,,
raw,client_quickack_on,default,on,40,,,,,,,,,,,,,,undetermined-needs-privileged-capture,23,40.583,True,True,False,unknown,,,
raw,client_quickack_on,default,on,40,,,,,,,,,,,,,,undetermined-needs-privileged-capture,24,40.59,True,True,False,unknown,,,
raw,client_quickack_on,default,on,40,,,,,,,,,,,,,,undetermined-needs-privileged-capture,25,40.588,True,True,False,unknown,,,
raw,client_quickack_on,default,on,40,,,,,,,,,,,,,,undetermined-needs-privileged-capture,26,40.573,True,True,False,unknown,,,
raw,client_quickack_on,default,on,40,,,,,,,,,,,,,,undetermined-needs-privileged-capture,27,40.631,True,True,False,unknown,,,
raw,client_quickack_on,default,on,40,,,,,,,,,,,,,,undetermined-needs-privileged-capture,28,40.6,True,True,False,unknown,,,
raw,client_quickack_on,default,on,40,,,,,,,,,,,,,,undetermined-needs-privileged-capture,29,40.615,True,True,False,unknown,,,
raw,client_quickack_on,default,on,42,,,,,,,,,,,,,,undetermined-needs-privileged-capture,0,42.669,True,True,False,unknown,,,
raw,client_quickack_on,default,on,42,,,,,,,,,,,,,,undetermined-needs-privileged-capture,1,42.682,True,True,False,unknown,,,
raw,client_quickack_on,default,on,42,,,,,,,,,,,,,,undetermined-needs-privileged-capture,2,42.667,True,True,False,unknown,,,
raw,client_quickack_on,default,on,42,,,,,,,,,,,,,,undetermined-needs-privileged-capture,3,42.606,True,True,False,unknown,,,
raw,client_quickack_on,default,on,42,,,,,,,,,,,,,,undetermined-needs-privileged-capture,4,42.602,True,True,False,unknown,,,
raw,client_quickack_on,default,on,42,,,,,,,,,,,,,,undetermined-needs-privileged-capture,5,42.655,True,True,False,unknown,,,
raw,client_quickack_on,default,on,42,,,,,,,,,,,,,,undetermined-needs-privileged-capture,6,42.615,True,True,False,unknown,,,
raw,client_quickack_on,default,on,42,,,,,,,,,,,,,,undetermined-needs-privileged-capture,7,42.621,True,True,False,unknown,,,
raw,client_quickack_on,default,on,42,,,,,,,,,,,,,,undetermined-needs-privileged-capture,8,42.571,True,True,False,unknown,,,
raw,client_quickack_on,default,on,42,,,,,,,,,,,,,,undetermined-needs-privileged-capture,9,42.694,True,True,False,unknown,,,
raw,client_quickack_on,default,on,42,,,,,,,,,,,,,,undetermined-needs-privileged-capture,10,42.546,True,True,False,unknown,,,
raw,client_quickack_on,default,on,42,,,,,,,,,,,,,,undetermined-needs-privileged-capture,11,42.596,True,True,False,unknown,,,
raw,client_quickack_on,default,on,42,,,,,,,,,,,,,,undetermined-needs-privileged-capture,12,42.705,True,True,False,unknown,,,
raw,client_quickack_on,default,on,42,,,,,,,,,,,,,,undetermined-needs-privileged-capture,13,42.598,True,True,False,unknown,,,
raw,client_quickack_on,default,on,42,,,,,,,,,,,,,,undetermined-needs-privileged-capture,14,42.608,True,True,False,unknown,,,
raw,client_quickack_on,default,on,42,,,,,,,,,,,,,,undetermined-needs-privileged-capture,15,42.652,True,True,False,unknown,,,
raw,client_quickack_on,default,on,42,,,,,,,,,,,,,,undetermined-needs-privileged-capture,16,42.67,True,True,False,unknown,,,
raw,client_quickack_on,default,on,42,,,,,,,,,,,,,,undetermined-needs-privileged-capture,17,42.593,True,True,False,unknown,,,
raw,client_quickack_on,default,on,42,,,,,,,,,,,,,,undetermined-needs-privileged-capture,18,42.621,True,True,False,unknown,,,
raw,client_quickack_on,default,on,42,,,,,,,,,,,,,,undetermined-needs-privileged-capture,19,42.679,True,True,False,unknown,,,
raw,client_quickack_on,default,on,42,,,,,,,,,,,,,,undetermined-needs-privileged-capture,20,42.572,True,True,False,unknown,,,
raw,client_quickack_on,default,on,42,,,,,,,,,,,,,,undetermined-needs-privileged-capture,21,42.619,True,True,False,unknown,,,
raw,client_quickack_on,default,on,42,,,,,,,,,,,,,,undetermined-needs-privileged-capture,22,42.602,True,True,False,unknown,,,
raw,client_quickack_on,default,on,42,,,,,,,,,,,,,,undetermined-needs-privileged-capture,23,42.599,True,True,False,unknown,,,
raw,client_quickack_on,default,on,42,,,,,,,,,,,,,,undetermined-needs-privileged-capture,24,42.666,True,True,False,unknown,,,
raw,client_quickack_on,default,on,42,,,,,,,,,,,,,,undetermined-needs-privileged-capture,25,42.605,True,True,False,unknown,,,
raw,client_quickack_on,default,on,42,,,,,,,,,,,,,,undetermined-needs-privileged-capture,26,42.654,True,True,False,unknown,,,
raw,client_quickack_on,default,on,42,,,,,,,,,,,,,,undetermined-needs-privileged-capture,27,42.672,True,True,False,unknown,,,
raw,client_quickack_on,default,on,42,,,,,,,,,,,,,,undetermined-needs-privileged-capture,28,42.606,True,True,False,unknown,,,
raw,client_quickack_on,default,on,42,,,,,,,,,,,,,,undetermined-needs-privileged-capture,29,42.605,True,True,False,unknown,,,
raw,client_quickack_on,default,on,45,,,,,,,,,,,,,,undetermined-needs-privileged-capture,0,45.596,True,True,False,unknown,,,
raw,client_quickack_on,default,on,45,,,,,,,,,,,,,,undetermined-needs-privileged-capture,1,45.625,True,True,False,unknown,,,
raw,client_quickack_on,default,on,45,,,,,,,,,,,,,,undetermined-needs-privileged-capture,2,45.568,True,True,False,unknown,,,
raw,client_quickack_on,default,on,45,,,,,,,,,,,,,,undetermined-needs-privileged-capture,3,45.675,True,True,False,unknown,,,
raw,client_quickack_on,default,on,45,,,,,,,,,,,,,,undetermined-needs-privileged-capture,4,45.671,True,True,False,unknown,,,
raw,client_quickack_on,default,on,45,,,,,,,,,,,,,,undetermined-needs-privileged-capture,5,45.557,True,True,False,unknown,,,
raw,client_quickack_on,default,on,45,,,,,,,,,,,,,,undetermined-needs-privileged-capture,6,45.552,True,True,False,unknown,,,
raw,client_quickack_on,default,on,45,,,,,,,,,,,,,,undetermined-needs-privileged-capture,7,45.566,True,True,False,unknown,,,
raw,client_quickack_on,default,on,45,,,,,,,,,,,,,,undetermined-needs-privileged-capture,8,45.674,True,True,False,unknown,,,
raw,client_quickack_on,default,on,45,,,,,,,,,,,,,,undetermined-needs-privileged-capture,9,45.628,True,True,False,unknown,,,
raw,client_quickack_on,default,on,45,,,,,,,,,,,,,,undetermined-needs-privileged-capture,10,45.597,True,True,False,unknown,,,
raw,client_quickack_on,default,on,45,,,,,,,,,,,,,,undetermined-needs-privileged-capture,11,45.596,True,True,False,unknown,,,
raw,client_quickack_on,default,on,45,,,,,,,,,,,,,,undetermined-needs-privileged-capture,12,45.683,True,True,False,unknown,,,
raw,client_quickack_on,default,on,45,,,,,,,,,,,,,,undetermined-needs-privileged-capture,13,45.6,True,True,False,unknown,,,
raw,client_quickack_on,default,on,45,,,,,,,,,,,,,,undetermined-needs-privileged-capture,14,45.597,True,True,False,unknown,,,
raw,client_quickack_on,default,on,45,,,,,,,,,,,,,,undetermined-needs-privileged-capture,15,45.652,True,True,False,unknown,,,
raw,client_quickack_on,default,on,45,,,,,,,,,,,,,,undetermined-needs-privileged-capture,16,45.58,True,True,False,unknown,,,
raw,client_quickack_on,default,on,45,,,,,,,,,,,,,,undetermined-needs-privileged-capture,17,45.63,True,True,False,unknown,,,
raw,client_quickack_on,default,on,45,,,,,,,,,,,,,,undetermined-needs-privileged-capture,18,45.628,True,True,False,unknown,,,
raw,client_quickack_on,default,on,45,,,,,,,,,,,,,,undetermined-needs-privileged-capture,19,45.679,True,True,False,unknown,,,
raw,client_quickack_on,default,on,45,,,,,,,,,,,,,,undetermined-needs-privileged-capture,20,45.602,True,True,False,unknown,,,
raw,client_quickack_on,default,on,45,,,,,,,,,,,,,,undetermined-needs-privileged-capture,21,45.659,True,True,False,unknown,,,
raw,client_quickack_on,default,on,45,,,,,,,,,,,,,,undetermined-needs-privileged-capture,22,45.576,True,True,False,unknown,,,
raw,client_quickack_on,default,on,45,,,,,,,,,,,,,,undetermined-needs-privileged-capture,23,45.586,True,True,False,unknown,,,
raw,client_quickack_on,default,on,45,,,,,,,,,,,,,,undetermined-needs-privileged-capture,24,45.611,True,True,False,unknown,,,
raw,client_quickack_on,default,on,45,,,,,,,,,,,,,,undetermined-needs-privileged-capture,25,45.698,True,True,False,unknown,,,
raw,client_quickack_on,default,on,45,,,,,,,,,,,,,,undetermined-needs-privileged-capture,26,45.571,True,True,False,unknown,,,
raw,client_quickack_on,default,on,45,,,,,,,,,,,,,,undetermined-needs-privileged-capture,27,45.581,True,True,False,unknown,,,
raw,client_quickack_on,default,on,45,,,,,,,,,,,,,,undetermined-needs-privileged-capture,28,45.662,True,True,False,unknown,,,
raw,client_quickack_on,default,on,45,,,,,,,,,,,,,,undetermined-needs-privileged-capture,29,45.662,True,True,False,unknown,,,
raw,client_quickack_on,default,on,50,,,,,,,,,,,,,,undetermined-needs-privileged-capture,0,50.658,True,True,False,unknown,,,
raw,client_quickack_on,default,on,50,,,,,,,,,,,,,,undetermined-needs-privileged-capture,1,50.591,True,True,False,unknown,,,
raw,client_quickack_on,default,on,50,,,,,,,,,,,,,,undetermined-needs-privileged-capture,2,50.667,True,True,False,unknown,,,
raw,client_quickack_on,default,on,50,,,,,,,,,,,,,,undetermined-needs-privileged-capture,3,50.584,True,True,False,unknown,,,
raw,client_quickack_on,default,on,50,,,,,,,,,,,,,,undetermined-needs-privileged-capture,4,50.597,True,True,False,unknown,,,
raw,client_quickack_on,default,on,50,,,,,,,,,,,,,,undetermined-needs-privileged-capture,5,50.607,True,True,False,unknown,,,
raw,client_quickack_on,default,on,50,,,,,,,,,,,,,,undetermined-needs-privileged-capture,6,50.599,True,True,False,unknown,,,
raw,client_quickack_on,default,on,50,,,,,,,,,,,,,,undetermined-needs-privileged-capture,7,50.653,True,True,False,unknown,,,
raw,client_quickack_on,default,on,50,,,,,,,,,,,,,,undetermined-needs-privileged-capture,8,50.608,True,True,False,unknown,,,
raw,client_quickack_on,default,on,50,,,,,,,,,,,,,,undetermined-needs-privileged-capture,9,50.597,True,True,False,unknown,,,
raw,client_quickack_on,default,on,50,,,,,,,,,,,,,,undetermined-needs-privileged-capture,10,50.67,True,True,False,unknown,,,
raw,client_quickack_on,default,on,50,,,,,,,,,,,,,,undetermined-needs-privileged-capture,11,50.698,True,True,False,unknown,,,
raw,client_quickack_on,default,on,50,,,,,,,,,,,,,,undetermined-needs-privileged-capture,12,50.63,True,True,False,unknown,,,
raw,client_quickack_on,default,on,50,,,,,,,,,,,,,,undetermined-needs-privileged-capture,13,50.665,True,True,False,unknown,,,
raw,client_quickack_on,default,on,50,,,,,,,,,,,,,,undetermined-needs-privileged-capture,14,50.641,True,True,False,unknown,,,
raw,client_quickack_on,default,on,50,,,,,,,,,,,,,,undetermined-needs-privileged-capture,15,50.606,True,True,False,unknown,,,
raw,client_quickack_on,default,on,50,,,,,,,,,,,,,,undetermined-needs-privileged-capture,16,50.692,True,True,False,unknown,,,
raw,client_quickack_on,default,on,50,,,,,,,,,,,,,,undetermined-needs-privileged-capture,17,50.601,True,True,False,unknown,,,
raw,client_quickack_on,default,on,50,,,,,,,,,,,,,,undetermined-needs-privileged-capture,18,50.621,True,True,False,unknown,,,
raw,client_quickack_on,default,on,50,,,,,,,,,,,,,,undetermined-needs-privileged-capture,19,50.623,True,True,False,unknown,,,
raw,client_quickack_on,default,on,50,,,,,,,,,,,,,,undetermined-needs-privileged-capture,20,50.612,True,True,False,unknown,,,
raw,client_quickack_on,default,on,50,,,,,,,,,,,,,,undetermined-needs-privileged-capture,21,50.584,True,True,False,unknown,,,
raw,client_quickack_on,default,on,50,,,,,,,,,,,,,,undetermined-needs-privileged-capture,22,50.584,True,True,False,unknown,,,
raw,client_quickack_on,default,on,50,,,,,,,,,,,,,,undetermined-needs-privileged-capture,23,50.691,True,True,False,unknown,,,
raw,client_quickack_on,default,on,50,,,,,,,,,,,,,,undetermined-needs-privileged-capture,24,50.612,True,True,False,unknown,,,
raw,client_quickack_on,default,on,50,,,,,,,,,,,,,,undetermined-needs-privileged-capture,25,50.61,True,True,False,unknown,,,
raw,client_quickack_on,default,on,50,,,,,,,,,,,,,,undetermined-needs-privileged-capture,26,50.603,True,True,False,unknown,,,
raw,client_quickack_on,default,on,50,,,,,,,,,,,,,,undetermined-needs-privileged-capture,27,50.686,True,True,False,unknown,,,
raw,client_quickack_on,default,on,50,,,,,,,,,,,,,,undetermined-needs-privileged-capture,28,50.602,True,True,False,unknown,,,
raw,client_quickack_on,default,on,50,,,,,,,,,,,,,,undetermined-needs-privileged-capture,29,50.664,True,True,False,unknown,,,
