class,mode,txn,req_func,t_req,t_ack,t_resp,clrt_ms,req_len,cold
ALL,native,1,1,1786665216.641551,1786665216.642113,1786665216.665644,23.531,20,1
ALL,native,2,1,1786665216.665998,1786665216.666551,1786665216.667712,1.161,20,0
ALL,native,3,1,1786665216.668056,1786665216.669878,1786665216.671042,1.165,20,0
ALL,native,4,1,1786665216.671395,1786665216.671901,1786665216.674217,2.316,20,0
ALL,native,5,1,1786665216.674553,1786665216.675073,1786665216.676336,1.263,20,0
ALL,native,6,1,1786665216.676611,1786665216.678295,1786665216.679496,1.201,20,0
ALL,native,7,1,1786665216.679827,1786665216.680348,1786665216.682627,2.279,20,0
ALL,native,8,1,1786665216.682959,1786665216.683593,1786665216.684842,1.249,20,0
ALL,native,9,1,1786665216.685174,1786665216.686739,1786665216.687977,1.238,20,0
ALL,native,10,1,1786665216.688255,1786665216.688820,1786665216.691074,2.254,20,0
ALL,native,11,1,1786665216.691427,1786665216.691981,1786665216.693268,1.287,20,0
ALL,native,12,1,1786665216.693553,1786665216.695105,1786665216.696268,1.164,20,0
ALL,native,13,1,1786665216.696600,1786665216.697167,1786665216.699568,2.401,20,0
ALL,native,14,1,1786665216.699902,1786665216.700549,1786665216.701688,1.139,20,0
ALL,native,15,1,1786665216.702035,1786665216.703692,1786665216.704836,1.144,20,0
ALL,native,16,1,1786665216.705165,1786665216.705783,1786665216.707975,2.192,20,0
ALL,native,17,1,1786665216.708340,1786665216.708953,1786665216.710118,1.164,20,0
ALL,native,18,1,1786665216.710484,1786665216.712013,1786665216.713185,1.173,20,0
ALL,native,19,1,1786665216.713513,1786665216.714136,1786665216.716372,2.236,20,0
ALL,native,20,1,1786665216.716656,1786665216.717204,1786665216.718487,1.283,20,0
ALL,native,21,1,1786665216.718827,1786665216.720335,1786665216.721467,1.132,20,0
ALL,native,22,1,1786665216.721801,1786665216.722431,1786665216.724723,2.291,20,0
ALL,native,23,1,1786665216.725059,1786665216.725574,1786665216.726847,1.273,20,0
ALL,native,24,1,1786665216.727181,1786665216.728822,1786665216.730048,1.225,20,0
ALL,native,25,1,1786665216.730405,1786665216.730905,1786665216.733249,2.344,20,0
ALL,native,26,1,1786665216.733586,1786665216.734112,1786665216.736310,2.198,20,0
ALL,native,27,1,1786665216.736663,1786665216.737170,1786665216.742714,5.544,20,0
ALL,native,28,1,1786665216.743000,1786665216.744633,1786665216.745854,1.221,20,0
ALL,native,29,1,1786665216.746194,1786665216.746825,1786665216.753248,6.423,20,0
ALL,native,30,1,1786665216.753583,1786665216.754211,1786665216.755383,1.172,20,0
ALL,native,31,1,1786665216.755715,1786665216.757380,1786665216.763602,6.222,20,0
ALL,native,32,1,1786665216.763939,1786665216.765584,1786665216.766738,1.154,20,0
ALL,native,33,1,1786665216.767071,1786665216.767692,1786665216.774665,6.973,20,0
ALL,native,34,1,1786665216.774946,1786665216.775615,1786665216.776799,1.184,20,0
ALL,native,35,1,1786665216.777128,1786665216.778698,1786665216.779868,1.170,20,0
ALL,native,36,1,1786665216.780194,1786665216.780817,1786665216.782999,2.182,20,0
ALL,native,37,1,1786665216.783349,1786665216.783961,1786665216.789442,5.481,20,0
ALL,native,38,1,1786665216.789773,1786665216.791316,1786665216.792558,1.242,20,0
ALL,native,39,1,1786665216.792888,1786665216.793491,1786665216.795666,2.175,20,0
ALL,native,40,1,1786665216.795995,1786665216.796600,1786665216.797786,1.186,20,0
ALL,native,41,1,1786665216.798125,1786665216.799653,1786665216.800901,1.248,20,0
ALL,native,42,1,1786665216.801239,1786665216.801763,1786665216.809046,7.283,20,0
ALL,native,43,1,1786665216.809419,1786665216.810015,1786665216.812145,2.130,20,0
ALL,native,44,1,1786665216.812485,1786665216.813056,1786665216.814283,1.227,20,0
ALL,native,45,1,1786665216.814617,1786665216.816236,1786665216.817432,1.196,20,0
ALL,native,46,1,1786665216.817713,1786665216.818540,1786665216.820625,2.085,20,0
ALL,native,47,1,1786665216.820948,1786665216.821482,1786665216.822751,1.268,20,0
ALL,native,48,1,1786665216.823030,1786665216.824691,1786665216.825925,1.234,20,0
ALL,native,49,1,1786665216.826279,1786665216.826855,1786665216.834092,7.237,20,0
ALL,native,50,1,1786665216.834445,1786665216.835042,1786665216.837172,2.131,20,0
ALL,native,51,1,1786665216.837505,1786665216.838185,1786665216.839389,1.204,20,0
ALL,native,52,1,1786665216.839672,1786665216.841236,1786665216.842417,1.181,20,0
ALL,native,53,1,1786665216.842750,1786665216.847538,1786665216.853939,6.401,20,0
ALL,native,54,1,1786665216.854292,1786665216.854849,1786665216.856066,1.216,20,0
ALL,native,55,1,1786665216.856421,1786665216.857919,1786665216.864298,6.379,20,0
ALL,native,56,1,1786665216.864564,1786665216.866212,1786665216.867353,1.141,20,0
ALL,native,57,1,1786665216.867698,1786665216.868322,1786665216.870458,2.135,20,0
ALL,native,58,1,1786665216.870789,1786665216.871435,1786665216.872567,1.132,20,0
ALL,native,59,1,1786665216.872896,1786665216.874554,1786665216.875669,1.115,20,0
ALL,native,60,1,1786665216.876000,1786665216.876574,1786665216.883940,7.366,20,0
ALL,native,61,1,1786665216.884297,1786665216.884856,1786665216.887005,2.149,20,0
ALL,native,62,1,1786665216.887360,1786665216.887970,1786665216.895159,7.188,20,0
ALL,native,63,1,1786665216.895493,1786665216.896010,1786665216.897347,1.337,20,0
ALL,native,64,1,1786665216.897578,1786665216.899288,1786665216.900534,1.246,20,0
ALL,native,65,1,1786665216.900871,1786665216.901389,1786665216.908762,7.373,20,0
ALL,native,66,1,1786665216.909037,1786665216.909670,1786665216.911864,2.194,20,0
ALL,native,67,1,1786665216.912199,1786665216.912784,1786665216.920050,7.267,20,0
ALL,native,68,1,1786665216.920405,1786665216.920933,1786665216.922181,1.248,20,0
ALL,native,69,1,1786665216.922519,1786665216.924155,1786665216.925368,1.212,20,0
ALL,native,70,1,1786665216.925702,1786665216.926267,1786665216.933514,7.247,20,0
ALL,native,71,1,1786665216.933847,1786665216.934469,1786665216.936577,2.107,20,0
ALL,native,72,1,1786665216.936911,1786665216.937536,1786665216.944711,7.175,20,0
ALL,native,73,1,1786665216.945040,1786665216.945624,1786665216.946901,1.277,20,0
ALL,native,74,1,1786665216.947233,1786665216.947817,1786665216.959097,11.280,20,0
ALL,native,75,1,1786665216.959445,1786665216.960049,1786665216.962188,2.139,20,0
ALL,native,76,1,1786665216.962516,1786665216.963220,1786665216.964378,1.158,20,0
ALL,native,77,1,1786665216.964703,1786665216.966302,1786665216.967523,1.220,20,0
ALL,native,78,1,1786665216.967808,1786665216.968555,1786665216.970711,2.156,20,0
ALL,native,79,1,1786665216.971039,1786665216.971631,1786665216.972837,1.206,20,0
ALL,native,80,1,1786665216.973166,1786665216.978920,1786665216.980157,1.236,20,0
ALL,native,81,1,1786665216.980493,1786665216.981012,1786665216.988363,7.351,20,0
ALL,native,82,1,1786665216.988646,1786665216.989279,1786665216.991435,2.155,20,0
ALL,native,83,1,1786665216.991769,1786665216.992405,1786665216.999522,7.117,20,0
ALL,native,84,1,1786665216.999800,1786665217.000428,1786665217.001671,1.243,20,0
ALL,native,85,1,1786665217.002006,1786665217.003687,1786665217.004837,1.150,20,0
ALL,native,86,1,1786665217.005172,1786665217.005799,1786665217.007950,2.151,20,0
ALL,native,87,1,1786665217.008307,1786665217.008920,1786665217.014247,5.327,20,0
ALL,native,88,1,1786665217.014580,1786665217.016219,1786665217.017362,1.143,20,0
ALL,native,89,1,1786665217.017698,1786665217.018382,1786665217.020561,2.179,20,0
ALL,native,90,1,1786665217.020841,1786665217.021467,1786665217.022644,1.177,20,0
ALL,native,91,1,1786665217.022980,1786665217.024671,1786665217.025863,1.192,20,0
ALL,native,92,1,1786665217.026147,1786665217.026745,1786665217.034102,7.357,20,0
ALL,native,93,1,1786665217.034465,1786665217.035068,1786665217.037227,2.159,20,0
ALL,native,94,1,1786665217.037564,1786665217.038240,1786665217.039407,1.167,20,0
ALL,native,95,1,1786665217.039733,1786665217.041318,1786665217.042497,1.179,20,0
ALL,native,96,1,1786665217.042826,1786665217.043506,1786665217.045630,2.125,20,0
ALL,native,97,1,1786665217.045960,1786665217.046561,1786665217.047719,1.158,20,0
ALL,native,98,1,1786665217.048045,1786665217.049658,1786665217.050840,1.182,20,0
ALL,native,99,1,1786665217.051194,1786665217.051768,1786665217.059264,7.496,20,0
ALL,native,100,1,1786665217.059551,1786665217.060065,1786665217.062282,2.217,20,0
ALL,native,101,1,1786665217.062623,1786665217.063306,1786665217.064465,1.159,20,0
ALL,native,102,1,1786665217.064799,1786665217.066319,1786665217.067545,1.227,20,0
ALL,native,103,1,1786665217.067880,1786665217.068424,1786665217.070661,2.238,20,0
ALL,native,104,1,1786665217.070996,1786665217.071528,1786665217.072755,1.227,20,0
ALL,native,105,1,1786665217.073090,1786665217.074658,1786665217.075870,1.212,20,0
ALL,native,106,1,1786665217.076203,1786665217.076734,1786665217.084243,7.509,20,0
ALL,native,107,1,1786665217.084577,1786665217.085260,1786665217.087510,2.250,20,0
ALL,native,108,1,1786665217.087793,1786665217.088575,1786665217.090768,2.193,20,0
ALL,native,109,1,1786665217.091103,1786665217.091675,1786665217.092875,1.201,20,0
ALL,native,110,1,1786665217.093213,1786665217.094824,1786665217.095997,1.173,20,0
ALL,native,111,1,1786665217.096351,1786665217.096961,1786665217.103391,6.430,20,0
ALL,native,112,1,1786665217.103727,1786665217.104343,1786665217.105510,1.167,20,0
ALL,native,113,1,1786665217.105844,1786665217.107497,1786665217.113707,6.210,20,0
ALL,native,114,1,1786665217.114039,1786665217.115690,1786665217.116830,1.140,20,0
ALL,native,115,1,1786665217.117157,1786665217.117797,1786665217.124860,7.063,20,0
ALL,native,116,1,1786665217.125187,1786665217.125787,1786665217.126988,1.201,20,0
ALL,native,117,1,1786665217.127334,1786665217.128817,1786665217.130055,1.238,20,0
ALL,native,118,1,1786665217.130406,1786665217.130973,1786665217.138205,7.232,20,0
ALL,native,119,1,1786665217.138533,1786665217.139160,1786665217.141329,2.169,20,0
ALL,native,120,1,1786665217.141659,1786665217.142230,1786665217.149390,7.159,20,0
ALL,native,121,1,1786665217.149666,1786665217.150300,1786665217.151541,1.242,20,0
ALL,native,122,1,1786665217.151879,1786665217.153465,1786665217.154657,1.192,20,0
ALL,native,123,1,1786665217.154990,1786665217.155576,1786665217.157776,2.200,20,0
ALL,native,124,1,1786665217.158113,1786665217.162809,1786665217.170074,7.266,20,0
ALL,native,125,1,1786665217.170438,1786665217.170973,1786665217.172242,1.269,20,0
ALL,native,126,1,1786665217.172525,1786665217.174192,1786665217.175335,1.143,20,0
ALL,native,127,1,1786665217.175669,1786665217.176298,1786665217.188382,12.084,20,0
ALL,native,128,1,1786665217.188718,1786665217.189272,1786665217.191520,2.248,20,0
ALL,native,129,1,1786665217.191853,1786665217.192398,1786665217.203739,11.342,20,0
ALL,native,130,1,1786665217.204078,1786665217.204659,1786665217.205862,1.202,20,0
ALL,native,131,1,1786665217.206195,1786665217.207806,1786665217.220081,12.275,20,0
ALL,native,132,1,1786665217.220387,1786665217.220958,1786665217.222113,1.155,20,0
ALL,native,133,1,1786665217.222462,1786665217.224147,1786665217.225299,1.151,20,0
ALL,native,134,1,1786665217.225631,1786665217.226247,1786665217.233375,7.128,20,0
ALL,native,135,1,1786665217.233705,1786665217.234287,1786665217.236508,2.222,20,0
ALL,native,136,1,1786665217.236790,1786665217.237392,1786665217.242171,4.779,20,0
ALL,native,137,1,1786665217.242500,1786665217.243129,1786665217.245328,2.199,20,0
ALL,native,138,1,1786665217.245656,1786665217.246236,1786665217.247485,1.250,20,0
ALL,native,139,1,1786665217.247813,1786665217.249487,1786665217.250668,1.181,20,0
ALL,native,140,1,1786665217.250997,1786665217.251576,1786665217.253895,2.319,20,0
ALL,native,141,1,1786665217.254230,1786665217.254857,1786665217.256015,1.158,20,0
ALL,native,142,1,1786665217.256415,1786665217.257996,1786665217.259133,1.137,20,0
ALL,native,143,1,1786665217.259483,1786665217.260042,1786665217.262266,2.224,20,0
ALL,native,144,1,1786665217.262549,1786665217.267386,1786665217.268713,1.327,20,0
ALL,native,145,1,1786665217.269049,1786665217.270555,1786665217.271808,1.253,20,0
ALL,native,146,1,1786665217.272143,1786665217.272722,1786665217.274951,2.229,20,0
ALL,native,147,1,1786665217.275320,1786665217.275811,1786665217.277082,1.271,20,0
ALL,native,148,1,1786665217.277436,1786665217.278917,1786665217.280190,1.273,20,0
ALL,native,149,1,1786665217.280526,1786665217.281050,1786665217.283377,2.327,20,0
ALL,native,150,1,1786665217.283717,1786665217.284286,1786665217.286467,2.181,20,0
ALL,native,151,1,1786665217.286803,1786665217.287374,1786665217.288635,1.261,20,0
ALL,native,152,1,1786665217.288968,1786665217.289546,1786665217.291747,2.200,20,0
ALL,native,153,1,1786665217.292080,1786665217.292684,1786665217.294825,2.141,20,0
ALL,native,154,1,1786665217.295158,1786665217.295746,1786665217.296998,1.252,20,0
ALL,native,155,1,1786665217.297354,1786665217.297913,1786665217.300288,2.375,20,0
ALL,native,156,1,1786665217.300617,1786665217.301233,1786665217.303413,2.181,20,0
ALL,native,157,1,1786665217.303742,1786665217.304368,1786665217.305593,1.225,20,0
ALL,native,158,1,1786665217.305875,1786665217.307505,1786665217.308671,1.166,20,0
ALL,native,159,1,1786665217.309011,1786665217.309627,1786665217.311753,2.126,20,0
ALL,native,160,1,1786665217.312084,1786665217.312724,1786665217.313865,1.141,20,0
ALL,native,161,1,1786665217.314203,1786665217.315849,1786665217.317083,1.234,20,0
ALL,native,162,1,1786665217.317385,1786665217.317931,1786665217.320102,2.171,20,0
ALL,native,163,1,1786665217.320452,1786665217.321076,1786665217.322227,1.151,20,0
ALL,native,164,1,1786665217.322561,1786665217.324262,1786665217.325417,1.155,20,0
ALL,native,165,1,1786665217.325754,1786665217.326292,1786665217.328614,2.322,20,0
ALL,native,166,1,1786665217.328972,1786665217.329470,1786665217.330755,1.285,20,0
ALL,native,167,1,1786665217.331091,1786665217.332625,1786665217.333998,1.373,20,0
ALL,native,168,1,1786665217.334357,1786665217.334845,1786665217.337026,2.181,20,0
ALL,native,169,1,1786665217.337381,1786665217.337884,1786665217.339349,1.465,20,0
ALL,native,170,1,1786665217.339578,1786665217.341284,1786665217.342407,1.122,20,0
ALL,native,171,1,1786665217.342738,1786665217.343456,1786665217.345659,2.203,20,0
ALL,native,172,1,1786665217.345942,1786665217.346539,1786665217.347708,1.168,20,0
ALL,native,173,1,1786665217.348038,1786665217.349687,1786665217.350816,1.130,20,0
ALL,native,174,1,1786665217.351151,1786665217.351789,1786665217.353920,2.132,20,0
ALL,native,175,1,1786665217.354249,1786665217.354869,1786665217.356028,1.159,20,0
ALL,native,176,1,1786665217.356377,1786665217.358006,1786665217.359306,1.300,20,0
ALL,native,177,1,1786665217.359638,1786665217.360221,1786665217.362390,2.169,20,0
ALL,native,178,1,1786665217.362717,1786665217.363418,1786665217.364582,1.164,20,0
ALL,native,179,1,1786665217.364909,1786665217.366425,1786665217.367738,1.313,20,0
ALL,native,180,1,1786665217.368019,1786665217.372694,1786665217.375193,2.499,20,0
ALL,native,181,1,1786665217.375525,1786665217.376153,1786665217.378337,2.184,20,0
ALL,native,182,1,1786665217.378671,1786665217.379310,1786665217.380463,1.153,20,0
ALL,native,183,1,1786665217.380796,1786665217.382439,1786665217.383658,1.220,20,0
ALL,native,184,1,1786665217.383994,1786665217.384621,1786665217.386697,2.076,20,0
ALL,native,185,1,1786665217.387048,1786665217.387680,1786665217.388991,1.311,20,0
ALL,native,186,1,1786665217.389353,1786665217.390939,1786665217.392122,1.183,20,0
ALL,native,187,1,1786665217.392470,1786665217.392981,1786665217.395252,2.271,20,0
ALL,native,188,1,1786665217.395536,1786665217.396167,1786665217.397338,1.172,20,0
ALL,native,189,1,1786665217.397687,1786665217.399339,1786665217.400528,1.189,20,0
ALL,native,190,1,1786665217.400862,1786665217.401429,1786665217.403682,2.253,20,0
ALL,native,191,1,1786665217.404012,1786665217.404617,1786665217.405862,1.245,20,0
ALL,native,192,1,1786665217.406196,1786665217.407806,1786665217.409034,1.229,20,0
ALL,native,193,1,1786665217.409389,1786665217.409939,1786665217.412067,2.128,20,0
ALL,native,194,1,1786665217.412419,1786665217.412964,1786665217.414248,1.284,20,0
ALL,native,195,1,1786665217.414576,1786665217.416187,1786665217.417372,1.186,20,0
ALL,native,196,1,1786665217.417702,1786665217.418520,1786665217.420641,2.121,20,0
ALL,native,197,1,1786665217.420920,1786665217.421588,1786665217.422766,1.178,20,0
ALL,native,198,1,1786665217.423095,1786665217.424799,1786665217.425905,1.106,20,0
ALL,native,199,1,1786665217.426229,1786665217.426852,1786665217.429060,2.207,20,0
ALL,native,200,1,1786665217.429410,1786665217.429962,1786665217.431185,1.223,20,0
ALL,native,201,1,1786665217.431553,1786665217.433162,1786665217.434325,1.163,20,0
ALL,native,202,1,1786665217.434661,1786665217.435265,1786665217.437417,2.152,20,0
ALL,native,203,1,1786665217.437750,1786665217.438440,1786665217.439581,1.140,20,0
ALL,native,204,1,1786665217.439914,1786665217.441443,1786665217.442639,1.196,20,0
ALL,native,205,1,1786665217.442916,1786665217.443637,1786665217.445844,2.207,20,0
ALL,native,206,1,1786665217.446127,1786665217.446647,1786665217.447881,1.234,20,0
ALL,native,207,1,1786665217.448216,1786665217.449914,1786665217.451127,1.214,20,0
ALL,native,208,1,1786665217.451474,1786665217.451986,1786665217.454392,2.406,20,0
ALL,native,209,1,1786665217.454729,1786665217.455358,1786665217.457497,2.139,20,0
ALL,native,210,1,1786665217.457822,1786665217.458465,1786665217.459654,1.188,20,0
ALL,native,211,1,1786665217.459987,1786665217.461546,1786665217.462784,1.237,20,0
ALL,native,212,1,1786665217.463068,1786665217.463758,1786665217.465910,2.152,20,0
ALL,native,213,1,1786665217.466241,1786665217.466873,1786665217.468041,1.168,20,0
ALL,native,214,1,1786665217.468392,1786665217.469999,1786665217.471231,1.231,20,0
ALL,native,215,1,1786665217.471565,1786665217.472177,1786665217.478689,6.513,20,0
ALL,native,216,1,1786665217.478974,1786665217.479529,1786665217.480761,1.233,20,0
ALL,native,217,1,1786665217.481089,1786665217.482717,1786665217.484149,1.432,20,0
ALL,native,218,1,1786665217.484480,1786665217.485104,1786665217.487247,2.144,20,0
ALL,native,219,1,1786665217.487576,1786665217.488215,1786665217.489412,1.197,20,0
ALL,native,220,1,1786665217.489739,1786665217.491397,1786665217.492483,1.086,20,0
ALL,native,221,1,1786665217.492819,1786665217.493450,1786665217.495584,2.134,20,0
ALL,native,222,1,1786665217.495917,1786665217.496544,1786665217.497704,1.160,20,0
ALL,native,223,1,1786665217.498036,1786665217.499700,1786665217.500887,1.187,20,0
ALL,native,224,1,1786665217.501171,1786665217.501805,1786665217.503975,2.170,20,0
ALL,native,225,1,1786665217.504344,1786665217.504874,1786665217.506086,1.213,20,0
ALL,native,226,1,1786665217.506440,1786665217.508063,1786665217.509378,1.315,20,0
ALL,native,227,1,1786665217.509714,1786665217.510237,1786665217.512466,2.229,20,0
ALL,native,228,1,1786665217.512801,1786665217.513364,1786665217.514579,1.216,20,0
ALL,native,229,1,1786665217.514905,1786665217.516479,1786665217.517664,1.185,20,0
ALL,native,230,1,1786665217.517987,1786665217.518615,1786665217.520765,2.150,20,0
ALL,native,231,1,1786665217.521042,1786665217.521710,1786665217.522892,1.182,20,0
ALL,native,232,1,1786665217.523226,1786665217.524847,1786665217.526023,1.176,20,0
ALL,native,233,1,1786665217.526378,1786665217.526928,1786665217.529128,2.200,20,0
ALL,native,234,1,1786665217.529479,1786665217.530051,1786665217.531245,1.194,20,0
ALL,native,235,1,1786665217.531573,1786665217.533189,1786665217.534363,1.173,20,0
ALL,native,236,1,1786665217.534703,1786665217.535266,1786665217.537457,2.190,20,0
ALL,native,237,1,1786665217.537785,1786665217.538570,1786665217.539782,1.212,20,0
ALL,native,238,1,1786665217.540064,1786665217.541604,1786665217.542844,1.240,20,0
ALL,native,239,1,1786665217.543173,1786665217.543813,1786665217.546033,2.219,20,0
ALL,native,240,1,1786665217.546383,1786665217.546896,1786665217.549206,2.311,20,0
ALL,native,241,1,1786665217.549542,1786665217.550171,1786665217.551378,1.207,20,0
ALL,native,242,1,1786665217.551666,1786665217.553238,1786665217.554424,1.186,20,0
ALL,native,243,1,1786665217.554763,1786665217.555378,1786665217.557560,2.182,20,0
ALL,native,244,1,1786665217.557913,1786665217.558542,1786665217.559686,1.144,20,0
ALL,native,245,1,1786665217.560019,1786665217.561593,1786665217.562764,1.172,20,0
ALL,native,246,1,1786665217.563102,1786665217.563816,1786665217.565948,2.132,20,0
ALL,native,247,1,1786665217.566300,1786665217.566858,1786665217.568075,1.217,20,0
ALL,native,248,1,1786665217.568456,1786665217.570166,1786665217.571398,1.232,20,0
ALL,native,249,1,1786665217.571736,1786665217.572247,1786665217.574596,2.350,20,0
ALL,native,250,1,1786665217.574880,1786665217.575472,1786665217.576670,1.198,20,0
ALL,native,251,1,1786665217.577003,1786665217.582681,1786665217.584017,1.336,20,0
ALL,native,252,1,1786665217.584323,1786665217.584850,1786665217.587052,2.202,20,0
ALL,native,253,1,1786665217.587409,1786665217.587959,1786665217.589287,1.328,20,0
ALL,native,254,1,1786665217.589620,1786665217.591241,1786665217.592410,1.168,20,0
ALL,native,255,1,1786665217.592739,1786665217.593327,1786665217.595468,2.141,20,0
ALL,native,256,1,1786665217.595798,1786665217.596372,1786665217.597629,1.257,20,0
ALL,native,257,1,1786665217.597957,1786665217.599803,1786665217.600926,1.124,20,0
ALL,native,258,1,1786665217.601256,1786665217.601897,1786665217.604228,2.332,20,0
ALL,native,259,1,1786665217.604555,1786665217.605138,1786665217.606409,1.271,20,0
ALL,native,260,1,1786665217.606643,1786665217.608173,1786665217.609442,1.268,20,0
ALL,native,261,1,1786665217.609776,1786665217.610301,1786665217.612517,2.216,20,0
ALL,native,262,1,1786665217.612852,1786665217.613485,1786665217.614683,1.198,20,0
ALL,native,263,1,1786665217.615021,1786665217.616537,1786665217.617786,1.249,20,0
ALL,native,264,1,1786665217.618116,1786665217.618663,1786665217.620906,2.243,20,0
ALL,native,265,1,1786665217.621239,1786665217.621761,1786665217.623037,1.276,20,0
ALL,native,266,1,1786665217.623392,1786665217.624916,1786665217.626156,1.240,20,0
ALL,native,267,1,1786665217.626494,1786665217.627017,1786665217.629754,2.737,20,0
ALL,native,268,1,1786665217.630040,1786665217.630565,1786665217.632854,2.289,20,0
ALL,native,269,1,1786665217.633187,1786665217.633815,1786665217.635015,1.199,20,0
ALL,native,270,1,1786665217.635369,1786665217.636920,1786665217.643245,6.324,20,0
ALL,native,271,1,1786665217.643576,1786665217.645219,1786665217.646407,1.188,20,0
ALL,native,272,1,1786665217.646739,1786665217.647310,1786665217.651381,4.071,20,0
ALL,native,273,1,1786665217.651712,1786665217.653404,1786665217.654639,1.235,20,0
ALL,native,274,1,1786665217.654970,1786665217.655596,1786665217.657751,2.155,20,0
ALL,native,275,1,1786665217.658083,1786665217.658862,1786665217.660006,1.144,20,0
ALL,native,276,1,1786665217.660357,1786665217.661932,1786665217.663105,1.173,20,0
ALL,native,277,1,1786665217.663452,1786665217.664084,1786665217.666404,2.320,20,0
ALL,native,278,1,1786665217.666732,1786665217.667311,1786665217.668606,1.296,20,0
ALL,native,279,1,1786665217.668935,1786665217.670547,1786665217.671678,1.131,20,0
ALL,native,280,1,1786665217.672005,1786665217.672578,1786665217.674820,2.242,20,0
ALL,native,281,1,1786665217.675155,1786665217.675792,1786665217.676939,1.147,20,0
ALL,native,282,1,1786665217.677312,1786665217.678894,1786665217.680024,1.130,20,0
ALL,native,283,1,1786665217.680382,1786665217.680991,1786665217.687113,6.122,20,0
ALL,native,284,1,1786665217.687467,1786665217.688045,1786665217.689448,1.403,20,0
ALL,native,285,1,1786665217.689782,1786665217.691457,1786665217.692636,1.180,20,0
ALL,native,286,1,1786665217.692934,1786665217.693593,1786665217.695731,2.138,20,0
ALL,native,287,1,1786665217.696064,1786665217.696709,1786665217.697860,1.151,20,0
ALL,native,288,1,1786665217.698194,1786665217.699877,1786665217.701021,1.145,20,0
ALL,native,289,1,1786665217.701377,1786665217.701937,1786665217.704190,2.253,20,0
ALL,native,290,1,1786665217.704524,1786665217.705105,1786665217.706307,1.202,20,0
ALL,native,291,1,1786665217.706640,1786665217.708246,1786665217.709487,1.240,20,0
ALL,native,292,1,1786665217.709767,1786665217.710337,1786665217.712525,2.188,20,0
ALL,native,293,1,1786665217.712856,1786665217.713467,1786665217.714654,1.187,20,0
ALL,native,294,1,1786665217.714984,1786665217.716548,1786665217.717781,1.233,20,0
ALL,native,295,1,1786665217.718111,1786665217.718862,1786665217.721069,2.207,20,0
ALL,native,296,1,1786665217.721390,1786665217.721922,1786665217.724433,2.511,20,0
ALL,native,297,1,1786665217.724762,1786665217.725395,1786665217.726547,1.152,20,0
ALL,native,298,1,1786665217.726874,1786665217.728514,1786665217.729652,1.137,20,0
ALL,native,299,1,1786665217.729982,1786665217.730601,1786665217.732767,2.165,20,0
ALL,native,300,1,1786665217.733096,1786665217.733672,1786665217.734879,1.207,20,0
ALL,native,301,1,1786665217.735215,1786665217.736830,1786665217.737966,1.136,20,0
ALL,native,302,1,1786665217.738320,1786665217.738851,1786665217.741107,2.257,20,0
ALL,native,303,1,1786665217.741462,1786665217.742004,1786665217.743328,1.324,20,0
ALL,native,304,1,1786665217.743611,1786665217.745191,1786665217.746370,1.178,20,0
ALL,native,305,1,1786665217.746709,1786665217.747338,1786665217.749646,2.308,20,0
ALL,native,306,1,1786665217.749979,1786665217.750502,1786665217.751774,1.272,20,0
ALL,native,307,1,1786665217.752109,1786665217.753694,1786665217.754885,1.191,20,0
ALL,native,308,1,1786665217.755218,1786665217.755726,1786665217.757972,2.246,20,0
ALL,native,309,1,1786665217.758328,1786665217.758825,1786665217.760188,1.364,20,0
ALL,native,310,1,1786665217.760561,1786665217.762095,1786665217.763368,1.273,20,0
ALL,native,311,1,1786665217.763701,1786665217.764328,1786665217.766488,2.160,20,0
ALL,native,312,1,1786665217.766823,1786665217.767451,1786665217.768698,1.247,20,0
ALL,native,313,1,1786665217.769029,1786665217.770627,1786665217.771736,1.108,20,0
ALL,native,314,1,1786665217.772068,1786665217.772683,1786665217.774912,2.228,20,0
ALL,native,315,1,1786665217.775240,1786665217.775862,1786665217.777024,1.161,20,0
ALL,native,316,1,1786665217.777375,1786665217.779149,1786665217.780288,1.139,20,0
ALL,native,317,1,1786665217.780617,1786665217.781204,1786665217.783553,2.350,20,0
ALL,native,318,1,1786665217.783837,1786665217.784395,1786665217.785621,1.226,20,0
ALL,native,319,1,1786665217.785947,1786665217.787446,1786665217.792883,5.437,20,0
ALL,native,320,1,1786665217.793213,1786665217.793782,1786665217.796057,2.274,20,0
ALL,native,321,1,1786665217.796410,1786665217.796913,1786665217.799292,2.379,20,0
ALL,native,322,1,1786665217.799574,1786665217.800172,1786665217.801365,1.193,20,0
ALL,native,323,1,1786665217.801702,1786665217.803298,1786665217.804506,1.207,20,0
ALL,native,324,1,1786665217.804841,1786665217.805458,1786665217.807646,2.188,20,0
ALL,native,325,1,1786665217.807980,1786665217.808765,1786665217.809910,1.145,20,0
ALL,native,326,1,1786665217.810247,1786665217.811878,1786665217.813026,1.148,20,0
ALL,native,327,1,1786665217.813391,1786665217.813987,1786665217.816154,2.166,20,0
ALL,native,328,1,1786665217.816514,1786665217.817056,1786665217.818294,1.238,20,0
ALL,native,329,1,1786665217.818589,1786665217.820225,1786665217.821459,1.234,20,0
ALL,native,330,1,1786665217.821743,1786665217.822356,1786665217.824606,2.249,20,0
ALL,native,331,1,1786665217.824938,1786665217.825521,1786665217.826793,1.273,20,0
ALL,native,332,1,1786665217.827076,1786665217.828689,1786665217.829886,1.197,20,0
ALL,native,333,1,1786665217.830218,1786665217.830786,1786665217.833004,2.218,20,0
ALL,native,334,1,1786665217.833371,1786665217.834021,1786665217.835365,1.343,20,0
ALL,native,335,1,1786665217.835696,1786665217.837298,1786665217.838580,1.283,20,0
ALL,native,336,1,1786665217.838909,1786665217.839529,1786665217.841702,2.174,20,0
ALL,native,337,1,1786665217.842031,1786665217.842661,1786665217.843895,1.234,20,0
ALL,native,338,1,1786665217.844225,1786665217.845701,1786665217.846939,1.238,20,0
ALL,native,339,1,1786665217.847288,1786665217.847863,1786665217.850129,2.267,20,0
ALL,native,340,1,1786665217.850436,1786665217.850945,1786665217.852199,1.254,20,0
ALL,native,341,1,1786665217.852567,1786665217.854072,1786665217.855271,1.199,20,0
ALL,native,342,1,1786665217.855605,1786665217.856164,1786665217.858448,2.284,20,0
ALL,native,343,1,1786665217.858787,1786665217.859307,1786665217.860573,1.266,20,0
ALL,native,344,1,1786665217.860909,1786665217.862366,1786665217.863680,1.314,20,0
ALL,native,345,1,1786665217.864015,1786665217.864536,1786665217.866822,2.287,20,0
ALL,native,346,1,1786665217.867158,1786665217.867683,1786665217.870142,2.460,20,0
ALL,native,347,1,1786665217.870481,1786665217.871050,1786665217.872293,1.243,20,0
ALL,native,348,1,1786665217.872577,1786665217.874176,1786665217.875406,1.230,20,0
ALL,native,349,1,1786665217.875741,1786665217.876371,1786665217.878505,2.135,20,0
ALL,native,350,1,1786665217.878839,1786665217.879467,1786665217.880622,1.155,20,0
ALL,native,351,1,1786665217.880955,1786665217.882601,1786665217.883826,1.225,20,0
ALL,native,352,1,1786665217.884159,1786665217.884778,1786665217.886901,2.124,20,0
ALL,native,353,1,1786665217.887236,1786665217.887854,1786665217.889048,1.194,20,0
ALL,native,354,1,1786665217.889401,1786665217.891048,1786665217.892186,1.138,20,0
ALL,native,355,1,1786665217.892514,1786665217.897208,1786665217.899557,2.349,20,0
ALL,native,356,1,1786665217.899884,1786665217.900496,1786665217.901669,1.173,20,0
ALL,native,357,1,1786665217.901997,1786665217.903644,1786665217.904825,1.181,20,0
ALL,native,358,1,1786665217.905154,1786665217.905732,1786665217.907957,2.225,20,0
ALL,native,359,1,1786665217.908302,1786665217.908856,1786665217.910102,1.246,20,0
ALL,native,360,1,1786665217.910471,1786665217.912024,1786665217.913240,1.217,20,0
ALL,native,361,1,1786665217.913575,1786665217.914094,1786665217.916366,2.271,20,0
ALL,native,362,1,1786665217.916698,1786665217.917211,1786665217.918561,1.350,20,0
ALL,native,363,1,1786665217.918896,1786665217.920475,1786665217.921533,1.059,20,0
ALL,native,364,1,1786665217.921868,1786665217.922382,1786665217.924831,2.449,20,0
ALL,native,365,1,1786665217.925165,1786665217.925685,1786665217.926968,1.283,20,0
ALL,native,366,1,1786665217.927308,1786665217.929042,1786665217.930210,1.168,20,0
ALL,native,367,1,1786665217.930543,1786665217.931179,1786665217.933374,2.195,20,0
ALL,native,368,1,1786665217.933711,1786665217.934328,1786665217.935484,1.155,20,0
ALL,native,369,1,1786665217.935822,1786665217.937403,1786665217.938617,1.213,20,0
ALL,native,370,1,1786665217.938949,1786665217.939577,1786665217.941737,2.160,20,0
ALL,native,371,1,1786665217.942072,1786665217.942675,1786665217.945063,2.388,20,0
ALL,native,372,1,1786665217.945377,1786665217.945910,1786665217.947134,1.225,20,0
ALL,native,373,1,1786665217.947477,1786665217.948047,1786665217.950315,2.268,20,0
ALL,native,374,1,1786665217.950650,1786665217.951231,1786665217.953456,2.225,20,0
ALL,native,375,1,1786665217.953784,1786665217.954374,1786665217.955569,1.195,20,0
ALL,native,376,1,1786665217.955854,1786665217.956416,1786665217.958864,2.448,20,0
ALL,native,377,1,1786665217.959190,1786665217.959819,1786665217.961940,2.121,20,0
ALL,native,378,1,1786665217.962287,1786665217.962892,1786665217.964149,1.257,20,0
ALL,native,379,1,1786665217.964478,1786665217.966133,1786665217.967273,1.140,20,0
ALL,native,380,1,1786665217.967657,1786665217.968177,1786665217.970311,2.134,20,0
ALL,native,381,1,1786665217.970635,1786665217.971275,1786665217.972457,1.182,20,0
ALL,native,382,1,1786665217.972790,1786665217.974525,1786665217.975663,1.137,20,0
ALL,native,383,1,1786665217.976001,1786665217.976516,1786665217.978909,2.394,20,0
ALL,native,384,1,1786665217.979190,1786665217.979706,1786665217.981007,1.301,20,0
ALL,native,385,1,1786665217.981359,1786665217.982956,1786665217.984470,1.515,20,0
ALL,native,386,1,1786665217.984802,1786665217.985360,1786665217.987543,2.183,20,0
ALL,native,387,1,1786665217.987875,1786665217.988639,1786665217.989842,1.203,20,0
ALL,native,388,1,1786665217.990176,1786665217.991712,1786665217.992956,1.244,20,0
ALL,native,389,1,1786665217.993313,1786665217.993885,1786665217.996079,2.194,20,0
ALL,native,390,1,1786665217.996435,1786665217.996988,1786665218.002334,5.345,20,0
ALL,native,391,1,1786665218.002667,1786665218.004249,1786665218.005539,1.290,20,0
ALL,native,392,1,1786665218.005873,1786665218.006452,1786665218.008659,2.208,20,0
ALL,native,393,1,1786665218.008987,1786665218.009568,1786665218.011732,2.164,20,0
ALL,native,394,1,1786665218.012064,1786665218.012649,1786665218.013961,1.312,20,0
ALL,native,395,1,1786665218.014305,1786665218.015903,1786665218.017089,1.186,20,0
ALL,native,396,1,1786665218.017440,1786665218.018042,1786665218.020344,2.302,20,0
ALL,native,397,1,1786665218.020672,1786665218.021297,1786665218.022512,1.214,20,0
ALL,native,398,1,1786665218.022795,1786665218.024487,1786665218.025669,1.183,20,0
ALL,native,399,1,1786665218.025997,1786665218.026580,1786665218.028771,2.191,20,0
ALL,native,400,1,1786665218.029100,1786665218.029643,1786665218.030876,1.232,20,0
ALL,native,401,1,1786665218.031210,1786665218.032829,1786665218.034094,1.264,20,0
ALL,native,402,1,1786665218.034398,1786665218.034960,1786665218.037115,2.155,20,0
ALL,native,403,1,1786665218.037466,1786665218.037982,1786665218.039250,1.268,20,0
ALL,native,404,1,1786665218.039583,1786665218.041207,1786665218.042398,1.190,20,0
ALL,native,405,1,1786665218.042730,1786665218.043362,1786665218.045516,2.154,20,0
ALL,native,406,1,1786665218.045843,1786665218.046367,1786665218.047643,1.275,20,0
ALL,native,407,1,1786665218.047966,1786665218.049830,1786665218.051041,1.211,20,0
ALL,native,408,1,1786665218.051411,1786665218.051935,1786665218.054267,2.332,20,0
ALL,native,409,1,1786665218.054600,1786665218.055226,1786665218.056414,1.188,20,0
ALL,native,410,1,1786665218.056693,1786665218.058312,1786665218.059492,1.180,20,0
ALL,native,411,1,1786665218.059828,1786665218.060459,1786665218.062631,2.172,20,0
ALL,native,412,1,1786665218.062914,1786665218.063608,1786665218.064773,1.165,20,0
ALL,native,413,1,1786665218.065105,1786665218.066649,1786665218.067860,1.212,20,0
ALL,native,414,1,1786665218.068191,1786665218.068815,1786665218.070955,2.140,20,0
ALL,native,415,1,1786665218.071299,1786665218.071906,1786665218.073071,1.165,20,0
ALL,native,416,1,1786665218.073423,1786665218.075003,1786665218.076254,1.251,20,0
ALL,native,417,1,1786665218.076582,1786665218.077172,1786665218.079552,2.380,20,0
ALL,native,418,1,1786665218.079882,1786665218.080474,1786665218.082689,2.215,20,0
ALL,native,419,1,1786665218.083017,1786665218.083730,1786665218.084909,1.179,20,0
ALL,native,420,1,1786665218.085191,1786665218.086761,1786665218.087957,1.195,20,0
ALL,native,421,1,1786665218.088308,1786665218.088932,1786665218.091110,2.178,20,0
ALL,native,422,1,1786665218.091461,1786665218.092020,1786665218.093259,1.239,20,0
ALL,native,423,1,1786665218.093562,1786665218.095202,1786665218.096332,1.129,20,0
ALL,native,424,1,1786665218.096668,1786665218.097309,1786665218.099476,2.167,20,0
ALL,native,425,1,1786665218.099809,1786665218.100437,1786665218.101584,1.147,20,0
ALL,native,426,1,1786665218.101922,1786665218.107698,1786665218.109015,1.316,20,0
ALL,native,427,1,1786665218.109372,1786665218.109953,1786665218.112150,2.197,20,0
ALL,native,428,1,1786665218.112450,1786665218.113060,1786665218.114274,1.214,20,0
ALL,native,429,1,1786665218.114609,1786665218.116228,1786665218.117417,1.189,20,0
ALL,native,430,1,1786665218.117748,1786665218.118328,1786665218.120518,2.190,20,0
ALL,native,431,1,1786665218.120850,1786665218.121442,1786665218.122629,1.187,20,0
ALL,native,432,1,1786665218.122959,1786665218.124624,1786665218.125816,1.193,20,0
ALL,native,433,1,1786665218.126148,1786665218.126714,1786665218.128918,2.204,20,0
ALL,native,434,1,1786665218.129253,1786665218.129819,1786665218.131032,1.213,20,0
ALL,native,435,1,1786665218.131406,1786665218.132971,1786665218.134247,1.276,20,0
ALL,native,436,1,1786665218.134573,1786665218.135152,1786665218.137249,2.097,20,0
ALL,native,437,1,1786665218.137573,1786665218.138339,1786665218.139591,1.252,20,0
ALL,native,438,1,1786665218.139919,1786665218.141589,1786665218.142686,1.097,20,0
ALL,native,439,1,1786665218.143013,1786665218.143698,1786665218.145861,2.163,20,0
ALL,native,440,1,1786665218.146189,1786665218.146763,1786665218.147985,1.223,20,0
ALL,native,441,1,1786665218.148336,1786665218.149960,1786665218.151129,1.169,20,0
ALL,native,442,1,1786665218.151478,1786665218.152037,1786665218.154248,2.211,20,0
ALL,native,443,1,1786665218.154579,1786665218.155208,1786665218.156394,1.186,20,0
ALL,native,444,1,1786665218.156728,1786665218.158389,1786665218.159530,1.141,20,0
ALL,native,445,1,1786665218.159864,1786665218.160491,1786665218.162656,2.165,20,0
ALL,native,446,1,1786665218.162937,1786665218.163661,1786665218.164812,1.150,20,0
ALL,native,447,1,1786665218.165144,1786665218.166665,1786665218.167907,1.242,20,0
ALL,native,448,1,1786665218.168241,1786665218.168945,1786665218.171110,2.164,20,0
ALL,native,449,1,1786665218.171459,1786665218.171961,1786665218.174621,2.660,20,0
ALL,native,450,1,1786665218.174953,1786665218.175667,1786665218.176836,1.169,20,0
ALL,native,451,1,1786665218.177163,1786665218.178792,1786665218.180069,1.277,20,0
ALL,native,452,1,1786665218.180372,1786665218.180905,1786665218.183289,2.384,20,0
ALL,native,453,1,1786665218.183621,1786665218.184294,1786665218.185448,1.154,20,0
ALL,native,454,1,1786665218.185783,1786665218.187386,1786665218.188686,1.300,20,0
ALL,native,455,1,1786665218.189015,1786665218.189726,1786665218.192029,2.303,20,0
ALL,native,456,1,1786665218.192330,1786665218.192895,1786665218.195123,2.228,20,0
ALL,native,457,1,1786665218.195468,1786665218.196066,1786665218.197296,1.230,20,0
ALL,native,458,1,1786665218.197624,1786665218.199414,1786665218.200562,1.148,20,0
ALL,native,459,1,1786665218.200891,1786665218.201521,1786665218.203729,2.208,20,0
ALL,native,460,1,1786665218.204057,1786665218.204712,1786665218.205855,1.143,20,0
ALL,native,461,1,1786665218.206190,1786665218.207847,1786665218.213023,5.176,20,0
ALL,native,462,1,1786665218.213380,1786665218.214002,1786665218.216202,2.200,20,0
ALL,native,463,1,1786665218.216537,1786665218.217153,1786665218.218411,1.258,20,0
ALL,native,464,1,1786665218.218696,1786665218.220297,1786665218.221428,1.132,20,0
ALL,native,465,1,1786665218.221753,1786665218.222380,1786665218.224615,2.235,20,0
ALL,native,466,1,1786665218.224956,1786665218.225559,1786665218.226737,1.178,20,0
ALL,native,467,1,1786665218.227064,1786665218.228884,1786665218.230057,1.173,20,0
ALL,native,468,1,1786665218.230414,1786665218.230906,1786665218.237945,7.039,20,0
ALL,native,469,1,1786665218.238297,1786665218.238811,1786665218.241107,2.296,20,0
ALL,native,470,1,1786665218.241456,1786665218.242059,1786665218.243307,1.249,20,0
ALL,native,471,1,1786665218.243639,1786665218.245249,1786665218.246398,1.149,20,0
ALL,native,472,1,1786665218.246729,1786665218.247375,1786665218.249545,2.170,20,0
ALL,native,473,1,1786665218.249875,1786665218.250497,1786665218.251633,1.136,20,0
ALL,native,474,1,1786665218.251917,1786665218.253569,1786665218.254740,1.170,20,0
ALL,native,475,1,1786665218.255068,1786665218.255686,1786665218.257843,2.157,20,0
ALL,native,476,1,1786665218.258172,1786665218.258997,1786665218.260128,1.131,20,0
ALL,native,477,1,1786665218.260469,1786665218.262033,1786665218.263561,1.529,20,0
ALL,native,478,1,1786665218.263846,1786665218.264400,1786665218.266637,2.237,20,0
ALL,native,479,1,1786665218.266965,1786665218.267594,1786665218.268837,1.243,20,0
ALL,native,480,1,1786665218.269166,1786665218.270776,1786665218.271901,1.125,20,0
ALL,native,481,1,1786665218.272235,1786665218.272861,1786665218.275127,2.266,20,0
ALL,native,482,1,1786665218.275433,1786665218.275978,1786665218.277207,1.230,20,0
ALL,native,483,1,1786665218.277544,1786665218.279193,1786665218.280343,1.150,20,0
ALL,native,484,1,1786665218.280676,1786665218.281304,1786665218.283671,2.367,20,0
ALL,native,485,1,1786665218.284011,1786665218.284528,1786665218.285796,1.269,20,0
ALL,native,486,1,1786665218.286133,1786665218.287619,1786665218.289067,1.448,20,0
ALL,native,487,1,1786665218.289423,1786665218.291053,1786665218.292201,1.148,20,0
ALL,native,488,1,1786665218.292536,1786665218.293186,1786665218.295291,2.105,20,0
ALL,native,489,1,1786665218.295626,1786665218.296199,1786665218.297476,1.277,20,0
ALL,native,490,1,1786665218.297758,1786665218.299422,1786665218.300578,1.157,20,0
ALL,native,491,1,1786665218.300913,1786665218.301533,1786665218.303770,2.237,20,0
ALL,native,492,1,1786665218.304054,1786665218.304652,1786665218.305835,1.183,20,0
ALL,native,493,1,1786665218.306167,1786665218.307813,1786665218.308975,1.162,20,0
ALL,native,494,1,1786665218.309328,1786665218.309923,1786665218.312038,2.115,20,0
ALL,native,495,1,1786665218.312388,1786665218.312995,1786665218.318445,5.450,20,0
ALL,native,496,1,1786665218.318775,1786665218.320418,1786665218.321577,1.158,20,0
ALL,native,497,1,1786665218.321906,1786665218.322501,1786665218.324759,2.258,20,0
ALL,native,498,1,1786665218.325086,1786665218.325673,1786665218.326884,1.211,20,0
ALL,native,499,1,1786665218.327211,1786665218.328802,1786665218.330057,1.256,20,0
ALL,native,500,1,1786665218.330357,1786665218.330853,1786665218.333189,2.336,20,0
ALL,native,501,1,1786665218.333526,1786665218.334032,1786665218.335361,1.328,20,0
ALL,native,502,1,1786665218.335696,1786665218.337292,1786665218.338481,1.189,20,0
ALL,native,503,1,1786665218.338822,1786665218.339340,1786665218.341618,2.278,20,0
ALL,native,504,1,1786665218.341955,1786665218.342546,1786665218.343794,1.248,20,0
ALL,native,505,1,1786665218.344131,1786665218.345706,1786665218.346913,1.207,20,0
ALL,native,506,1,1786665218.347248,1786665218.347823,1786665218.350204,2.380,20,0
ALL,native,507,1,1786665218.350538,1786665218.351162,1786665218.352377,1.215,20,0
ALL,native,508,1,1786665218.352659,1786665218.354239,1786665218.355410,1.171,20,0
ALL,native,509,1,1786665218.355743,1786665218.356368,1786665218.358582,2.215,20,0
ALL,native,510,1,1786665218.358922,1786665218.359525,1786665218.360711,1.186,20,0
ALL,native,511,1,1786665218.361042,1786665218.362544,1786665218.363858,1.315,20,0
ALL,native,512,1,1786665218.364196,1786665218.364766,1786665218.366994,2.228,20,0
ALL,native,513,1,1786665218.367348,1786665218.367905,1786665218.370149,2.244,20,0
ALL,native,514,1,1786665218.370485,1786665218.371058,1786665218.372280,1.221,20,0
ALL,native,515,1,1786665218.372613,1786665218.373202,1786665218.375409,2.208,20,0
ALL,native,516,1,1786665218.375745,1786665218.376320,1786665218.378692,2.371,20,0
ALL,native,517,1,1786665218.379019,1786665218.379637,1786665218.380795,1.158,20,0
ALL,native,518,1,1786665218.381124,1786665218.382778,1786665218.383995,1.217,20,0
ALL,native,519,1,1786665218.384360,1786665218.384942,1786665218.387058,2.116,20,0
ALL,native,520,1,1786665218.387410,1786665218.387958,1786665218.389221,1.263,20,0
ALL,native,521,1,1786665218.389557,1786665218.391211,1786665218.392339,1.129,20,0
ALL,native,522,1,1786665218.392663,1786665218.393343,1786665218.395475,2.132,20,0
ALL,native,523,1,1786665218.395809,1786665218.396446,1786665218.397600,1.155,20,0
ALL,native,524,1,1786665218.397933,1786665218.399606,1786665218.400747,1.141,20,0
ALL,native,525,1,1786665218.401085,1786665218.401644,1786665218.404067,2.423,20,0
ALL,native,526,1,1786665218.404368,1786665218.404862,1786665218.406142,1.279,20,0
ALL,native,527,1,1786665218.406489,1786665218.408087,1786665218.409494,1.407,20,0
ALL,native,528,1,1786665218.409829,1786665218.410457,1786665218.412578,2.121,20,0
ALL,native,529,1,1786665218.412912,1786665218.413554,1786665218.414695,1.140,20,0
ALL,native,530,1,1786665218.415029,1786665218.416671,1786665218.417832,1.161,20,0
ALL,native,531,1,1786665218.418164,1786665218.422908,1786665218.425250,2.342,20,0
ALL,native,532,1,1786665218.425560,1786665218.426139,1786665218.427315,1.176,20,0
ALL,native,533,1,1786665218.427647,1786665218.429233,1786665218.430372,1.139,20,0
ALL,native,534,1,1786665218.430704,1786665218.431327,1786665218.433562,2.235,20,0
ALL,native,535,1,1786665218.433887,1786665218.434539,1786665218.435731,1.192,20,0
ALL,native,536,1,1786665218.436014,1786665218.437570,1786665218.438893,1.323,20,0
ALL,native,537,1,1786665218.439219,1786665218.439811,1786665218.442031,2.220,20,0
ALL,native,538,1,1786665218.442380,1786665218.442940,1786665218.445170,2.230,20,0
ALL,native,539,1,1786665218.445499,1786665218.446082,1786665218.447293,1.211,20,0
ALL,native,540,1,1786665218.447621,1786665218.448164,1786665218.450406,2.242,20,0
ALL,native,541,1,1786665218.450685,1786665218.451324,1786665218.453537,2.213,20,0
ALL,native,542,1,1786665218.453873,1786665218.454400,1786665218.455702,1.302,20,0
ALL,native,543,1,1786665218.456033,1786665218.456560,1786665218.458905,2.345,20,0
ALL,native,544,1,1786665218.459185,1786665218.459702,1786665218.461876,2.173,20,0
ALL,native,545,1,1786665218.462210,1786665218.462738,1786665218.464138,1.400,20,0
ALL,native,546,1,1786665218.464487,1786665218.466122,1786665218.467276,1.154,20,0
ALL,native,547,1,1786665218.467608,1786665218.468410,1786665218.470501,2.090,20,0
ALL,native,548,1,1786665218.470834,1786665218.471460,1786665218.472597,1.137,20,0
ALL,native,549,1,1786665218.472877,1786665218.474643,1786665218.475805,1.163,20,0
ALL,native,550,1,1786665218.476139,1786665218.476717,1786665218.479002,2.285,20,0
ALL,native,551,1,1786665218.479356,1786665218.479912,1786665218.481107,1.195,20,0
ALL,native,552,1,1786665218.481457,1786665218.483054,1786665218.484441,1.386,20,0
ALL,native,553,1,1786665218.484771,1786665218.485399,1786665218.487505,2.106,20,0
ALL,native,554,1,1786665218.487838,1786665218.488427,1786665218.489641,1.214,20,0
ALL,native,555,1,1786665218.489969,1786665218.491635,1786665218.492763,1.128,20,0
ALL,native,556,1,1786665218.493095,1786665218.493785,1786665218.495912,2.126,20,0
ALL,native,557,1,1786665218.496240,1786665218.496859,1786665218.498100,1.240,20,0
ALL,native,558,1,1786665218.498401,1786665218.500054,1786665218.501371,1.317,20,0
ALL,native,559,1,1786665218.501700,1786665218.502285,1786665218.504523,2.237,20,0
ALL,native,560,1,1786665218.504852,1786665218.505430,1786665218.506621,1.191,20,0
ALL,native,561,1,1786665218.506899,1786665218.508522,1786665218.509837,1.315,20,0
ALL,native,562,1,1786665218.510122,1786665218.510637,1786665218.512874,2.237,20,0
ALL,native,563,1,1786665218.513212,1786665218.513835,1786665218.516051,2.216,20,0
ALL,native,564,1,1786665218.516408,1786665218.516913,1786665218.518379,1.467,20,0
ALL,native,565,1,1786665218.518715,1786665218.520329,1786665218.521454,1.125,20,0
ALL,native,566,1,1786665218.521789,1786665218.522418,1786665218.528935,6.517,20,0
ALL,native,567,1,1786665218.529311,1786665218.529819,1786665218.531067,1.248,20,0
ALL,native,568,1,1786665218.531422,1786665218.532989,1786665218.534236,1.247,20,0
ALL,native,569,1,1786665218.534570,1786665218.535088,1786665218.537375,2.286,20,0
ALL,native,570,1,1786665218.537658,1786665218.538230,1786665218.539459,1.228,20,0
ALL,native,571,1,1786665218.539833,1786665218.541408,1786665218.542661,1.253,20,0
ALL,native,572,1,1786665218.542945,1786665218.543576,1786665218.545742,2.166,20,0
ALL,native,573,1,1786665218.546075,1786665218.546659,1786665218.547913,1.253,20,0
ALL,native,574,1,1786665218.548245,1786665218.549869,1786665218.551055,1.186,20,0
ALL,native,575,1,1786665218.551408,1786665218.551971,1786665218.554113,2.142,20,0
ALL,native,576,1,1786665218.554460,1786665218.555008,1786665218.556274,1.266,20,0
ALL,native,577,1,1786665218.556602,1786665218.558418,1786665218.559560,1.142,20,0
ALL,native,578,1,1786665218.559887,1786665218.560534,1786665218.562640,2.106,20,0
ALL,native,579,1,1786665218.562969,1786665218.563678,1786665218.564884,1.206,20,0
ALL,native,580,1,1786665218.565167,1786665218.566792,1786665218.567943,1.150,20,0
ALL,native,581,1,1786665218.568299,1786665218.568918,1786665218.571081,2.163,20,0
ALL,native,582,1,1786665218.571437,1786665218.571979,1786665218.573224,1.244,20,0
ALL,native,583,1,1786665218.573556,1786665218.575147,1786665218.576304,1.157,20,0
ALL,native,584,1,1786665218.576639,1786665218.577266,1786665218.579404,2.138,20,0
ALL,native,585,1,1786665218.579738,1786665218.580365,1786665218.581528,1.163,20,0
ALL,native,586,1,1786665218.581863,1786665218.583557,1786665218.584684,1.127,20,0
ALL,native,587,1,1786665218.585020,1786665218.585565,1786665218.587784,2.219,20,0
ALL,native,588,1,1786665218.588065,1786665218.588858,1786665218.590028,1.170,20,0
ALL,native,589,1,1786665218.590382,1786665218.591902,1786665218.593172,1.270,20,0
ALL,native,590,1,1786665218.593505,1786665218.594083,1786665218.596262,2.179,20,0
ALL,native,591,1,1786665218.596594,1786665218.597179,1786665218.599501,2.321,20,0
ALL,native,592,1,1786665218.599832,1786665218.600422,1786665218.601614,1.192,20,0
ALL,native,593,1,1786665218.601948,1786665218.602527,1786665218.604782,2.255,20,0
ALL,native,594,1,1786665218.605121,1786665218.605740,1786665218.607913,2.172,20,0
ALL,native,595,1,1786665218.608242,1786665218.608865,1786665218.610032,1.167,20,0
ALL,native,596,1,1786665218.610400,1786665218.611989,1786665218.613190,1.201,20,0
ALL,native,597,1,1786665218.613518,1786665218.614144,1786665218.616313,2.170,20,0
ALL,native,598,1,1786665218.616641,1786665218.617262,1786665218.618577,1.316,20,0
ALL,native,599,1,1786665218.618905,1786665218.620494,1786665218.621650,1.156,20,0
ALL,native,600,1,1786665218.621977,1786665218.622547,1786665218.624870,2.323,20,0
ALL,native,601,1,1786665218.625204,1786665218.625716,1786665218.626990,1.273,20,0
ALL,native,602,1,1786665218.627343,1786665218.633033,1786665218.634426,1.392,20,0
ALL,native,603,1,1786665218.634762,1786665218.635283,1786665218.637464,2.180,20,0
ALL,native,604,1,1786665218.637799,1786665218.638321,1786665218.639642,1.321,20,0
ALL,native,605,1,1786665218.639975,1786665218.641585,1786665218.642817,1.232,20,0
ALL,native,606,1,1786665218.643098,1786665218.643789,1786665218.645883,2.095,20,0
ALL,native,607,1,1786665218.646216,1786665218.646737,1786665218.648011,1.273,20,0
ALL,native,608,1,1786665218.648366,1786665218.650054,1786665218.651276,1.222,20,0
ALL,native,609,1,1786665218.651611,1786665218.652238,1786665218.654418,2.180,20,0
ALL,native,610,1,1786665218.654752,1786665218.655375,1786665218.656518,1.143,20,0
ALL,native,611,1,1786665218.656801,1786665218.658555,1786665218.659780,1.224,20,0
ALL,native,612,1,1786665218.660061,1786665218.660646,1786665218.662809,2.162,20,0
ALL,native,613,1,1786665218.663140,1786665218.663826,1786665218.664996,1.170,20,0
ALL,native,614,1,1786665218.665350,1786665218.666827,1786665218.668079,1.252,20,0
ALL,native,615,1,1786665218.668426,1786665218.668989,1786665218.671311,2.322,20,0
ALL,native,616,1,1786665218.671594,1786665218.672160,1786665218.673424,1.263,20,0
ALL,native,617,1,1786665218.673751,1786665218.675286,1786665218.676536,1.250,20,0
ALL,native,618,1,1786665218.676863,1786665218.677453,1786665218.679836,2.383,20,0
ALL,native,619,1,1786665218.680162,1786665218.680798,1786665218.682942,2.144,20,0
ALL,native,620,1,1786665218.683287,1786665218.683888,1786665218.685105,1.217,20,0
ALL,native,621,1,1786665218.685459,1786665218.687051,1786665218.688218,1.167,20,0
ALL,native,622,1,1786665218.688550,1786665218.689178,1786665218.691340,2.162,20,0
ALL,native,623,1,1786665218.691674,1786665218.692305,1786665218.693556,1.251,20,0
ALL,native,624,1,1786665218.693840,1786665218.695458,1786665218.696614,1.156,20,0
ALL,native,625,1,1786665218.696953,1786665218.697583,1786665218.699991,2.408,20,0
ALL,native,626,1,1786665218.700345,1786665218.700959,1786665218.702213,1.254,20,0
ALL,native,627,1,1786665218.702581,1786665218.704210,1786665218.705366,1.156,20,0
ALL,native,628,1,1786665218.705703,1786665218.706330,1786665218.713629,7.299,20,0
ALL,native,629,1,1786665218.713904,1786665218.714535,1786665218.716779,2.244,20,0
ALL,native,630,1,1786665218.717113,1786665218.717736,1786665218.721978,4.242,20,0
ALL,native,631,1,1786665218.722342,1786665218.723042,1786665218.725306,2.264,20,0
ALL,native,632,1,1786665218.725638,1786665218.726254,1786665218.727417,1.163,20,0
ALL,native,633,1,1786665218.727748,1786665218.729340,1786665218.730471,1.131,20,0
ALL,native,634,1,1786665218.730803,1786665218.731431,1786665218.737753,6.321,20,0
ALL,native,635,1,1786665218.738077,1786665218.738868,1786665218.740071,1.202,20,0
ALL,native,636,1,1786665218.740423,1786665218.741936,1786665218.743388,1.452,20,0
ALL,native,637,1,1786665218.743716,1786665218.745291,1786665218.746536,1.246,20,0
ALL,native,638,1,1786665218.746819,1786665218.747431,1786665218.749678,2.247,20,0
ALL,native,639,1,1786665218.750005,1786665218.750642,1786665218.751801,1.159,20,0
ALL,native,640,1,1786665218.752128,1786665218.753752,1786665218.754898,1.146,20,0
ALL,native,641,1,1786665218.755235,1786665218.755797,1786665218.758059,2.262,20,0
ALL,native,642,1,1786665218.758366,1786665218.758975,1786665218.760211,1.236,20,0
ALL,native,643,1,1786665218.760580,1786665218.762166,1786665218.763376,1.210,20,0
ALL,native,644,1,1786665218.763711,1786665218.764273,1786665218.766469,2.196,20,0
ALL,native,645,1,1786665218.766808,1786665218.767435,1786665218.768828,1.393,20,0
ALL,native,646,1,1786665218.769163,1786665218.770743,1786665218.771885,1.143,20,0
ALL,native,647,1,1786665218.772222,1786665218.772731,1786665218.775087,2.357,20,0
ALL,native,648,1,1786665218.775441,1786665218.775937,1786665218.777194,1.257,20,0
ALL,native,649,1,1786665218.777528,1786665218.779114,1786665218.780343,1.229,20,0
ALL,native,650,1,1786665218.780626,1786665218.781195,1786665218.783487,2.292,20,0
ALL,native,651,1,1786665218.783818,1786665218.784432,1786665218.785663,1.231,20,0
ALL,native,652,1,1786665218.785946,1786665218.787501,1786665218.788717,1.215,20,0
ALL,native,653,1,1786665218.789049,1786665218.789673,1786665218.791844,2.171,20,0
ALL,native,654,1,1786665218.792176,1786665218.792805,1786665218.794014,1.209,20,0
ALL,native,655,1,1786665218.794385,1786665218.795964,1786665218.797094,1.130,20,0
ALL,native,656,1,1786665218.797443,1786665218.798045,1786665218.800344,2.300,20,0
ALL,native,657,1,1786665218.800678,1786665218.801306,1786665218.802481,1.175,20,0
ALL,native,658,1,1786665218.802809,1786665218.804396,1786665218.805558,1.162,20,0
ALL,native,659,1,1786665218.805888,1786665218.806517,1786665218.808777,2.260,20,0
ALL,native,660,1,1786665218.809059,1786665218.809657,1786665218.810871,1.214,20,0
ALL,native,661,1,1786665218.811205,1786665218.812704,1786665218.814000,1.296,20,0
ALL,native,662,1,1786665218.814360,1786665218.814859,1786665218.817128,2.269,20,0
ALL,native,663,1,1786665218.817477,1786665218.817989,1786665218.819297,1.308,20,0
ALL,native,664,1,1786665218.819633,1786665218.821125,1786665218.822363,1.239,20,0
ALL,native,665,1,1786665218.822696,1786665218.823327,1786665218.825542,2.215,20,0
ALL,native,666,1,1786665218.825876,1786665218.826456,1786665218.828843,2.387,20,0
ALL,native,667,1,1786665218.829179,1786665218.829822,1786665218.831033,1.210,20,0
ALL,native,668,1,1786665218.831350,1786665218.832961,1786665218.834112,1.151,20,0
ALL,native,669,1,1786665218.834466,1786665218.835008,1786665218.837180,2.171,20,0
ALL,native,670,1,1786665218.837512,1786665218.842307,1786665218.843516,1.208,20,0
ALL,native,671,1,1786665218.843848,1786665218.845509,1786665218.846655,1.146,20,0
ALL,native,672,1,1786665218.846992,1786665218.847607,1786665218.849819,2.212,20,0
ALL,native,673,1,1786665218.850150,1786665218.850769,1786665218.851929,1.159,20,0
ALL,native,674,1,1786665218.852276,1786665218.853901,1786665218.855039,1.137,20,0
ALL,native,675,1,1786665218.855388,1786665218.855995,1786665218.858489,2.494,20,0
ALL,native,676,1,1786665218.858816,1786665218.859451,1786665218.860614,1.162,20,0
ALL,native,677,1,1786665218.860942,1786665218.862518,1786665218.863780,1.262,20,0
ALL,native,678,1,1786665218.864108,1786665218.864755,1786665218.866903,2.148,20,0
ALL,native,679,1,1786665218.867231,1786665218.867850,1786665218.869092,1.242,20,0
ALL,native,680,1,1786665218.869440,1786665218.871022,1786665218.872131,1.109,20,0
ALL,native,681,1,1786665218.872485,1786665218.873029,1786665218.875313,2.284,20,0
ALL,native,682,1,1786665218.875644,1786665218.876278,1786665218.877403,1.125,20,0
ALL,native,683,1,1786665218.877680,1786665218.879370,1786665218.880515,1.145,20,0
ALL,native,684,1,1786665218.880849,1786665218.881476,1786665218.883707,2.231,20,0
ALL,native,685,1,1786665218.884041,1786665218.884669,1786665218.885882,1.214,20,0
ALL,native,686,1,1786665218.886165,1786665218.887710,1786665218.889045,1.335,20,0
ALL,native,687,1,1786665218.889405,1786665218.889910,1786665218.892173,2.263,20,0
ALL,native,688,1,1786665218.892508,1786665218.893097,1786665218.895320,2.223,20,0
ALL,native,689,1,1786665218.895653,1786665218.896257,1786665218.897453,1.195,20,0
ALL,native,690,1,1786665218.897786,1786665218.898370,1786665218.900584,2.214,20,0
ALL,native,691,1,1786665218.900917,1786665218.901527,1786665218.903826,2.299,20,0
ALL,native,692,1,1786665218.904110,1786665218.904678,1786665218.905920,1.241,20,0
ALL,native,693,1,1786665218.906253,1786665218.907861,1786665218.909073,1.212,20,0
ALL,native,694,1,1786665218.909422,1786665218.910026,1786665218.912142,2.116,20,0
ALL,native,695,1,1786665218.912482,1786665218.913054,1786665218.914336,1.282,20,0
ALL,native,696,1,1786665218.914620,1786665218.916253,1786665218.917414,1.161,20,0
ALL,native,697,1,1786665218.917743,1786665218.918596,1786665218.920684,2.088,20,0
ALL,native,698,1,1786665218.921013,1786665218.921638,1786665218.922807,1.169,20,0
ALL,native,699,1,1786665218.923132,1786665218.924845,1786665218.925999,1.153,20,0
ALL,native,700,1,1786665218.926349,1786665218.926851,1786665218.929131,2.280,20,0
ALL,native,701,1,1786665218.929479,1786665218.929983,1786665218.931264,1.281,20,0
ALL,native,702,1,1786665218.931597,1786665218.933220,1786665218.934413,1.193,20,0
ALL,native,703,1,1786665218.934747,1786665218.935345,1786665218.937554,2.209,20,0
ALL,native,704,1,1786665218.937838,1786665218.938360,1786665218.939637,1.277,20,0
ALL,native,705,1,1786665218.939971,1786665218.941577,1786665218.942773,1.196,20,0
ALL,native,706,1,1786665218.943104,1786665218.947788,1786665218.950269,2.481,20,0
ALL,native,707,1,1786665218.950605,1786665218.951232,1786665218.952365,1.132,20,0
ALL,native,708,1,1786665218.952700,1786665218.954318,1786665218.955465,1.146,20,0
ALL,native,709,1,1786665218.955799,1786665218.956427,1786665218.958612,2.184,20,0
ALL,native,710,1,1786665218.958946,1786665218.959574,1786665218.960734,1.160,20,0
ALL,native,711,1,1786665218.961066,1786665218.962684,1786665218.963894,1.209,20,0
ALL,native,712,1,1786665218.964230,1786665218.964838,1786665218.967018,2.180,20,0
ALL,native,713,1,1786665218.967370,1786665218.967980,1786665218.969358,1.378,20,0
ALL,native,714,1,1786665218.969689,1786665218.971175,1786665218.972427,1.252,20,0
ALL,native,715,1,1786665218.972754,1786665218.973395,1786665218.975609,2.214,20,0
ALL,native,716,1,1786665218.975949,1786665218.976539,1786665218.978899,2.360,20,0
ALL,native,717,1,1786665218.979226,1786665218.979857,1786665218.981062,1.204,20,0
ALL,native,718,1,1786665218.981363,1786665218.982977,1786665218.984204,1.227,20,0
ALL,native,719,1,1786665218.984543,1786665218.985155,1786665218.987278,2.123,20,0
ALL,native,720,1,1786665218.987607,1786665218.988198,1786665218.989393,1.195,20,0
ALL,native,721,1,1786665218.989714,1786665218.991375,1786665218.992570,1.195,20,0
ALL,native,722,1,1786665218.992849,1786665218.993478,1786665218.995641,2.164,20,0
ALL,native,723,1,1786665218.995974,1786665218.996602,1786665218.997755,1.153,20,0
ALL,native,724,1,1786665218.998091,1786665218.999758,1786665219.000913,1.155,20,0
ALL,native,725,1,1786665219.001249,1786665219.001810,1786665219.004040,2.230,20,0
ALL,native,726,1,1786665219.004397,1786665219.004936,1786665219.006156,1.220,20,0
ALL,native,727,1,1786665219.006488,1786665219.008261,1786665219.009478,1.218,20,0
ALL,native,728,1,1786665219.009813,1786665219.010327,1786665219.012556,2.229,20,0
ALL,native,729,1,1786665219.012891,1786665219.013426,1786665219.014734,1.309,20,0
ALL,native,730,1,1786665219.015016,1786665219.016592,1786665219.017866,1.273,20,0
ALL,native,731,1,1786665219.018199,1786665219.018804,1786665219.020974,2.170,20,0
ALL,native,732,1,1786665219.021257,1786665219.021815,1786665219.023089,1.275,20,0
ALL,native,733,1,1786665219.023444,1786665219.025026,1786665219.026338,1.312,20,0
ALL,native,734,1,1786665219.026670,1786665219.027288,1786665219.029420,2.132,20,0
ALL,native,735,1,1786665219.029749,1786665219.030371,1786665219.031538,1.168,20,0
ALL,native,736,1,1786665219.031868,1786665219.033507,1786665219.034669,1.162,20,0
ALL,native,737,1,1786665219.034997,1786665219.035619,1786665219.037773,2.154,20,0
ALL,native,738,1,1786665219.038103,1786665219.038914,1786665219.040069,1.155,20,0
ALL,native,739,1,1786665219.040414,1786665219.041981,1786665219.043283,1.302,20,0
ALL,native,740,1,1786665219.043565,1786665219.044154,1786665219.046312,2.158,20,0
ALL,native,741,1,1786665219.046649,1786665219.047191,1786665219.052601,5.410,20,0
ALL,native,742,1,1786665219.052936,1786665219.054514,1786665219.055741,1.227,20,0
ALL,native,743,1,1786665219.056075,1786665219.056609,1786665219.058926,2.316,20,0
ALL,native,744,1,1786665219.059279,1786665219.059783,1786665219.061045,1.262,20,0
ALL,native,745,1,1786665219.061403,1786665219.062877,1786665219.064257,1.380,20,0
ALL,native,746,1,1786665219.064592,1786665219.065190,1786665219.067384,2.194,20,0
ALL,native,747,1,1786665219.067718,1786665219.068557,1786665219.070703,2.146,20,0
ALL,native,748,1,1786665219.070986,1786665219.071615,1786665219.072769,1.154,20,0
ALL,native,749,1,1786665219.073103,1786665219.074799,1786665219.075921,1.122,20,0
ALL,native,750,1,1786665219.076254,1786665219.076870,1786665219.079195,2.325,20,0
ALL,native,751,1,1786665219.079525,1786665219.080097,1786665219.081335,1.238,20,0
ALL,native,752,1,1786665219.081670,1786665219.083330,1786665219.084563,1.233,20,0
ALL,native,753,1,1786665219.084895,1786665219.085464,1786665219.087600,2.136,20,0
ALL,native,754,1,1786665219.087932,1786665219.088518,1786665219.089774,1.256,20,0
ALL,native,755,1,1786665219.090100,1786665219.091719,1786665219.092903,1.184,20,0
ALL,native,756,1,1786665219.093235,1786665219.093822,1786665219.095933,2.111,20,0
ALL,native,757,1,1786665219.096276,1786665219.096839,1786665219.098106,1.268,20,0
ALL,native,758,1,1786665219.098474,1786665219.100119,1786665219.101388,1.269,20,0
ALL,native,759,1,1786665219.101716,1786665219.102364,1786665219.104542,2.178,20,0
ALL,native,760,1,1786665219.104872,1786665219.105521,1786665219.106676,1.155,20,0
ALL,native,761,1,1786665219.107012,1786665219.108655,1786665219.109713,1.058,20,0
ALL,native,762,1,1786665219.110101,1786665219.110602,1786665219.112879,2.277,20,0
ALL,native,763,1,1786665219.113212,1786665219.113842,1786665219.115020,1.178,20,0
ALL,native,764,1,1786665219.115373,1786665219.116989,1786665219.118121,1.132,20,0
ALL,native,765,1,1786665219.118469,1786665219.119028,1786665219.121295,2.267,20,0
ALL,native,766,1,1786665219.121577,1786665219.122139,1786665219.123435,1.296,20,0
ALL,native,767,1,1786665219.123769,1786665219.125331,1786665219.126513,1.182,20,0
ALL,native,768,1,1786665219.126847,1786665219.127403,1786665219.129750,2.347,20,0
ALL,native,769,1,1786665219.130084,1786665219.130609,1786665219.131873,1.264,20,0
ALL,native,770,1,1786665219.132206,1786665219.133726,1786665219.134989,1.264,20,0
ALL,native,771,1,1786665219.135339,1786665219.135899,1786665219.138144,2.246,20,0
ALL,native,772,1,1786665219.138446,1786665219.138993,1786665219.140232,1.239,20,0
ALL,native,773,1,1786665219.140565,1786665219.142104,1786665219.143459,1.355,20,0
ALL,native,774,1,1786665219.143791,1786665219.144372,1786665219.146556,2.185,20,0
ALL,native,775,1,1786665219.146884,1786665219.147469,1786665219.149760,2.291,20,0
ALL,native,776,1,1786665219.150041,1786665219.150614,1786665219.151835,1.221,20,0
ALL,native,777,1,1786665219.152163,1786665219.156837,1786665219.159237,2.401,20,0
ALL,native,778,1,1786665219.159570,1786665219.160192,1786665219.162318,2.126,20,0
ALL,native,779,1,1786665219.162648,1786665219.163354,1786665219.164510,1.156,20,0
ALL,native,780,1,1786665219.164838,1786665219.166498,1786665219.167646,1.147,20,0
ALL,native,781,1,1786665219.167979,1786665219.168564,1786665219.170710,2.146,20,0
ALL,native,782,1,1786665219.170986,1786665219.171659,1786665219.172841,1.182,20,0
ALL,native,783,1,1786665219.173173,1786665219.174841,1786665219.176038,1.197,20,0
ALL,native,784,1,1786665219.176350,1786665219.176935,1786665219.179128,2.193,20,0
ALL,native,785,1,1786665219.179477,1786665219.180020,1786665219.181266,1.245,20,0
ALL,native,786,1,1786665219.181562,1786665219.183285,1786665219.184440,1.156,20,0
ALL,native,787,1,1786665219.184763,1786665219.185352,1786665219.187561,2.209,20,0
ALL,native,788,1,1786665219.187895,1786665219.188639,1786665219.189871,1.231,20,0
ALL,native,789,1,1786665219.190206,1786665219.191820,1786665219.193006,1.186,20,0
ALL,native,790,1,1786665219.193362,1786665219.193974,1786665219.196262,2.288,20,0
ALL,native,791,1,1786665219.196598,1786665219.197207,1786665219.198407,1.200,20,0
ALL,native,792,1,1786665219.198740,1786665219.200348,1786665219.201454,1.106,20,0
ALL,native,793,1,1786665219.201784,1786665219.202401,1786665219.204654,2.253,20,0
ALL,native,794,1,1786665219.204988,1786665219.205600,1786665219.206764,1.165,20,0
ALL,native,795,1,1786665219.207091,1786665219.208700,1786665219.209864,1.164,20,0
ALL,native,796,1,1786665219.210193,1786665219.210811,1786665219.212948,2.137,20,0
ALL,native,797,1,1786665219.213294,1786665219.213933,1786665219.215144,1.211,20,0
ALL,native,798,1,1786665219.215466,1786665219.217029,1786665219.218319,1.291,20,0
ALL,native,799,1,1786665219.218644,1786665219.219231,1786665219.221415,2.184,20,0
ALL,native,800,1,1786665219.221747,1786665219.222275,1786665219.224607,2.332,20,0
ALL,native,801,1,1786665219.224941,1786665219.225528,1786665219.226763,1.234,20,0
ALL,native,802,1,1786665219.227047,1786665219.227570,1786665219.229860,2.290,20,0
ALL,native,803,1,1786665219.230195,1786665219.230719,1786665219.232977,2.258,20,0
ALL,native,804,1,1786665219.233334,1786665219.233850,1786665219.235192,1.342,20,0
ALL,native,805,1,1786665219.235526,1786665219.237090,1786665219.238419,1.328,20,0
ALL,native,806,1,1786665219.238752,1786665219.239484,1786665219.241677,2.193,20,0
ALL,native,807,1,1786665219.242012,1786665219.242545,1786665219.244006,1.461,20,0
ALL,native,808,1,1786665219.244365,1786665219.245913,1786665219.247103,1.190,20,0
ALL,native,809,1,1786665219.247456,1786665219.247954,1786665219.250406,2.452,20,0
ALL,native,810,1,1786665219.250685,1786665219.251312,1786665219.252496,1.184,20,0
ALL,native,811,1,1786665219.252829,1786665219.254455,1786665219.255638,1.183,20,0
ALL,native,812,1,1786665219.255922,1786665219.256526,1786665219.262949,6.423,20,0
ALL,native,813,1,1786665219.263296,1786665219.264083,1786665219.265281,1.199,20,0
ALL,native,814,1,1786665219.265611,1786665219.267187,1786665219.268553,1.366,20,0
ALL,native,815,1,1786665219.268877,1786665219.270458,1786665219.271675,1.217,20,0
ALL,native,816,1,1786665219.272007,1786665219.272630,1786665219.274848,2.218,20,0
ALL,native,817,1,1786665219.275176,1786665219.275820,1786665219.276956,1.136,20,0
ALL,native,818,1,1786665219.277301,1786665219.279052,1786665219.280194,1.142,20,0
ALL,native,819,1,1786665219.280522,1786665219.281144,1786665219.287887,6.742,20,0
ALL,native,820,1,1786665219.288166,1786665219.288739,1786665219.289968,1.229,20,0
ALL,native,821,1,1786665219.290325,1786665219.291967,1786665219.293075,1.108,20,0
ALL,native,822,1,1786665219.293430,1786665219.293974,1786665219.296237,2.263,20,0
ALL,native,823,1,1786665219.296569,1786665219.297215,1786665219.298393,1.178,20,0
ALL,native,824,1,1786665219.298718,1786665219.300377,1786665219.301540,1.163,20,0
ALL,native,825,1,1786665219.301875,1786665219.302519,1786665219.304817,2.299,20,0
ALL,native,826,1,1786665219.305162,1786665219.305685,1786665219.306964,1.279,20,0
ALL,native,827,1,1786665219.307319,1786665219.309001,1786665219.310331,1.330,20,0
ALL,native,828,1,1786665219.310613,1786665219.312218,1786665219.313401,1.182,20,0
ALL,native,829,1,1786665219.313736,1786665219.314364,1786665219.316514,2.149,20,0
ALL,native,830,1,1786665219.316848,1786665219.317488,1786665219.318660,1.171,20,0
ALL,native,831,1,1786665219.318991,1786665219.320613,1786665219.321726,1.113,20,0
ALL,native,832,1,1786665219.322055,1786665219.322713,1786665219.324932,2.219,20,0
ALL,native,833,1,1786665219.325278,1786665219.325879,1786665219.327050,1.171,20,0
ALL,native,834,1,1786665219.327405,1786665219.328998,1786665219.330136,1.137,20,0
ALL,native,835,1,1786665219.330477,1786665219.331107,1786665219.333261,2.155,20,0
ALL,native,836,1,1786665219.333591,1786665219.334208,1786665219.335377,1.169,20,0
ALL,native,837,1,1786665219.335705,1786665219.337333,1786665219.338625,1.292,20,0
ALL,native,838,1,1786665219.338954,1786665219.339536,1786665219.341768,2.232,20,0
ALL,native,839,1,1786665219.342097,1786665219.342672,1786665219.343930,1.257,20,0
ALL,native,840,1,1786665219.344260,1786665219.345835,1786665219.347024,1.189,20,0
ALL,native,841,1,1786665219.347382,1786665219.347957,1786665219.350204,2.247,20,0
ALL,native,842,1,1786665219.350537,1786665219.351048,1786665219.352373,1.325,20,0
ALL,native,843,1,1786665219.352705,1786665219.354294,1786665219.355393,1.099,20,0
ALL,native,844,1,1786665219.355727,1786665219.356242,1786665219.358612,2.370,20,0
ALL,native,845,1,1786665219.358948,1786665219.359468,1786665219.360786,1.318,20,0
ALL,native,846,1,1786665219.361067,1786665219.362637,1786665219.367976,5.339,20,0
ALL,native,847,1,1786665219.368329,1786665219.369067,1786665219.371294,2.228,20,0
ALL,native,848,1,1786665219.371632,1786665219.372190,1786665219.373430,1.240,20,0
ALL,native,849,1,1786665219.373764,1786665219.375390,1786665219.376498,1.107,20,0
ALL,native,850,1,1786665219.376820,1786665219.377450,1786665219.379625,2.176,20,0
ALL,native,851,1,1786665219.379962,1786665219.380576,1786665219.381839,1.263,20,0
ALL,native,852,1,1786665219.382122,1786665219.383812,1786665219.384959,1.147,20,0
ALL,native,853,1,1786665219.385323,1786665219.385880,1786665219.388051,2.171,20,0
ALL,native,854,1,1786665219.388406,1786665219.388983,1786665219.390187,1.204,20,0
ALL,native,855,1,1786665219.390546,1786665219.392084,1786665219.393383,1.299,20,0
ALL,native,856,1,1786665219.393664,1786665219.394235,1786665219.396415,2.180,20,0
ALL,native,857,1,1786665219.396740,1786665219.397336,1786665219.399683,2.347,20,0
ALL,native,858,1,1786665219.400012,1786665219.400605,1786665219.401856,1.251,20,0
ALL,native,859,1,1786665219.402186,1786665219.402778,1786665219.405012,2.234,20,0
ALL,native,860,1,1786665219.405361,1786665219.405872,1786665219.408134,2.262,20,0
ALL,native,861,1,1786665219.408481,1786665219.409043,1786665219.410313,1.270,20,0
ALL,native,862,1,1786665219.410651,1786665219.412251,1786665219.413554,1.303,20,0
ALL,native,863,1,1786665219.413885,1786665219.414513,1786665219.416721,2.208,20,0
ALL,native,864,1,1786665219.417003,1786665219.417631,1786665219.418821,1.190,20,0
ALL,native,865,1,1786665219.419153,1786665219.420744,1786665219.421912,1.168,20,0
ALL,native,866,1,1786665219.422245,1786665219.422820,1786665219.425115,2.295,20,0
ALL,native,867,1,1786665219.425463,1786665219.425974,1786665219.427249,1.276,20,0
ALL,native,868,1,1786665219.427582,1786665219.429305,1786665219.430546,1.241,20,0
ALL,native,869,1,1786665219.430877,1786665219.431406,1786665219.433715,2.309,20,0
ALL,native,870,1,1786665219.434047,1786665219.434670,1786665219.435825,1.155,20,0
ALL,native,871,1,1786665219.436157,1786665219.437737,1786665219.438943,1.205,20,0
ALL,native,872,1,1786665219.439296,1786665219.439894,1786665219.442060,2.167,20,0
ALL,native,873,1,1786665219.442414,1786665219.443012,1786665219.444246,1.234,20,0
ALL,native,874,1,1786665219.444582,1786665219.446182,1786665219.447325,1.143,20,0
ALL,native,875,1,1786665219.447653,1786665219.448290,1786665219.450453,2.163,20,0
ALL,native,876,1,1786665219.450781,1786665219.451405,1786665219.452575,1.171,20,0
ALL,native,877,1,1786665219.452902,1786665219.454547,1786665219.455738,1.191,20,0
ALL,native,878,1,1786665219.456028,1786665219.456624,1786665219.458935,2.311,20,0
ALL,native,879,1,1786665219.459257,1786665219.459853,1786665219.461073,1.220,20,0
ALL,native,880,1,1786665219.461421,1786665219.462901,1786665219.464193,1.292,20,0
ALL,native,881,1,1786665219.464526,1786665219.465118,1786665219.467371,2.254,20,0
ALL,native,882,1,1786665219.467652,1786665219.472357,1786665219.473644,1.287,20,0
ALL,native,883,1,1786665219.473983,1786665219.475545,1786665219.476824,1.279,20,0
ALL,native,884,1,1786665219.477154,1786665219.477686,1786665219.479931,2.244,20,0
ALL,native,885,1,1786665219.480279,1786665219.480787,1786665219.483050,2.263,20,0
ALL,native,886,1,1786665219.483395,1786665219.483908,1786665219.485249,1.341,20,0
ALL,native,887,1,1786665219.485570,1786665219.486155,1786665219.488495,2.340,20,0
ALL,native,888,1,1786665219.488817,1786665219.489394,1786665219.491642,2.248,20,0
ALL,native,889,1,1786665219.491976,1786665219.492604,1786665219.493864,1.261,20,0
ALL,native,890,1,1786665219.494146,1786665219.495770,1786665219.496913,1.143,20,0
ALL,native,891,1,1786665219.497246,1786665219.497864,1786665219.500123,2.259,20,0
ALL,native,892,1,1786665219.500427,1786665219.501010,1786665219.502175,1.165,20,0
ALL,native,893,1,1786665219.502507,1786665219.504164,1786665219.505312,1.148,20,0
ALL,native,894,1,1786665219.505641,1786665219.506226,1786665219.508470,2.244,20,0
ALL,native,895,1,1786665219.508744,1786665219.509373,1786665219.510574,1.201,20,0
ALL,native,896,1,1786665219.510899,1786665219.512490,1786665219.513701,1.211,20,0
ALL,native,897,1,1786665219.514030,1786665219.514598,1786665219.516831,2.233,20,0
ALL,native,898,1,1786665219.517159,1786665219.517739,1786665219.519152,1.413,20,0
ALL,native,899,1,1786665219.519512,1786665219.521061,1786665219.522320,1.259,20,0
ALL,native,900,1,1786665219.522604,1786665219.523283,1786665219.525440,2.157,20,0
ALL,native,901,1,1786665219.525779,1786665219.526406,1786665219.527557,1.151,20,0
ALL,native,902,1,1786665219.527892,1786665219.529507,1786665219.530572,1.065,20,0
ALL,native,903,1,1786665219.530906,1786665219.531418,1786665219.533972,2.554,20,0
ALL,native,904,1,1786665219.534327,1786665219.534832,1786665219.536085,1.253,20,0
ALL,native,905,1,1786665219.536438,1786665219.537938,1786665219.539229,1.291,20,0
ALL,native,906,1,1786665219.539563,1786665219.540092,1786665219.542369,2.277,20,0
ALL,native,907,1,1786665219.542703,1786665219.543360,1786665219.544599,1.239,20,0
ALL,native,908,1,1786665219.544881,1786665219.546373,1786665219.547620,1.246,20,0
ALL,native,909,1,1786665219.547955,1786665219.548712,1786665219.550941,2.230,20,0
ALL,native,910,1,1786665219.551299,1786665219.551895,1786665219.554033,2.138,20,0
ALL,native,911,1,1786665219.554387,1786665219.554996,1786665219.556166,1.170,20,0
ALL,native,912,1,1786665219.556499,1786665219.558164,1786665219.559304,1.140,20,0
ALL,native,913,1,1786665219.559637,1786665219.560280,1786665219.562380,2.099,20,0
ALL,native,914,1,1786665219.562714,1786665219.563424,1786665219.564564,1.139,20,0
ALL,native,915,1,1786665219.564842,1786665219.566543,1786665219.567706,1.164,20,0
ALL,native,916,1,1786665219.568038,1786665219.568665,1786665219.570787,2.122,20,0
ALL,native,917,1,1786665219.571116,1786665219.571741,1786665219.572904,1.163,20,0
ALL,native,918,1,1786665219.573233,1786665219.579114,1786665219.580245,1.131,20,0
ALL,native,919,1,1786665219.580572,1786665219.581198,1786665219.583477,2.278,20,0
ALL,native,920,1,1786665219.583806,1786665219.584333,1786665219.585592,1.259,20,0
ALL,native,921,1,1786665219.585929,1786665219.587498,1786665219.588753,1.255,20,0
ALL,native,922,1,1786665219.589087,1786665219.589602,1786665219.591874,2.272,20,0
ALL,native,923,1,1786665219.592210,1786665219.592780,1786665219.594106,1.326,20,0
ALL,native,924,1,1786665219.594454,1786665219.596010,1786665219.597149,1.139,20,0
ALL,native,925,1,1786665219.597484,1786665219.598047,1786665219.600329,2.281,20,0
ALL,native,926,1,1786665219.600610,1786665219.601197,1786665219.602429,1.232,20,0
ALL,native,927,1,1786665219.602705,1786665219.604370,1786665219.605596,1.226,20,0
ALL,native,928,1,1786665219.605929,1786665219.606453,1786665219.608904,2.451,20,0
ALL,native,929,1,1786665219.609240,1786665219.609867,1786665219.611026,1.159,20,0
ALL,native,930,1,1786665219.611383,1786665219.612945,1786665219.614135,1.190,20,0
ALL,native,931,1,1786665219.614481,1786665219.615084,1786665219.617328,2.244,20,0
ALL,native,932,1,1786665219.617615,1786665219.618231,1786665219.619404,1.173,20,0
ALL,native,933,1,1786665219.619737,1786665219.621290,1786665219.622464,1.174,20,0
ALL,native,934,1,1786665219.622800,1786665219.623477,1786665219.625644,2.167,20,0
ALL,native,935,1,1786665219.625978,1786665219.626580,1786665219.627822,1.243,20,0
ALL,native,936,1,1786665219.628103,1786665219.629635,1786665219.630817,1.182,20,0
ALL,native,937,1,1786665219.631144,1786665219.631763,1786665219.633975,2.212,20,0
ALL,native,938,1,1786665219.634330,1786665219.634920,1786665219.636082,1.163,20,0
ALL,native,939,1,1786665219.636451,1786665219.637975,1786665219.639290,1.315,20,0
ALL,native,940,1,1786665219.639618,1786665219.640146,1786665219.642416,2.270,20,0
ALL,native,941,1,1786665219.642749,1786665219.643395,1786665219.645557,2.162,20,0
ALL,native,942,1,1786665219.645892,1786665219.646420,1786665219.647616,1.196,20,0
ALL,native,943,1,1786665219.647952,1786665219.648490,1786665219.650929,2.439,20,0
ALL,native,944,1,1786665219.651211,1786665219.651729,1786665219.654121,2.393,20,0
ALL,native,945,1,1786665219.654470,1786665219.655028,1786665219.656239,1.210,20,0
ALL,native,946,1,1786665219.656571,1786665219.658220,1786665219.659368,1.148,20,0
ALL,native,947,1,1786665219.659704,1786665219.660325,1786665219.662444,2.119,20,0
ALL,native,948,1,1786665219.662776,1786665219.663507,1786665219.664654,1.147,20,0
ALL,native,949,1,1786665219.664987,1786665219.666640,1786665219.667786,1.146,20,0
ALL,native,950,1,1786665219.668120,1786665219.668901,1786665219.671009,2.108,20,0
ALL,native,951,1,1786665219.671360,1786665219.671903,1786665219.673118,1.215,20,0
ALL,native,952,1,1786665219.673465,1786665219.675076,1786665219.676341,1.265,20,0
ALL,native,953,1,1786665219.676731,1786665219.677239,1786665219.683639,6.400,20,0
ALL,native,954,1,1786665219.683971,1786665219.684579,1786665219.685820,1.240,20,0
ALL,native,955,1,1786665219.686150,1786665219.687737,1786665219.688962,1.225,20,0
ALL,native,956,1,1786665219.689308,1786665219.689872,1786665219.692091,2.219,20,0
ALL,native,957,1,1786665219.692439,1786665219.693051,1786665219.694285,1.234,20,0
ALL,native,958,1,1786665219.694557,1786665219.696135,1786665219.697320,1.185,20,0
ALL,native,959,1,1786665219.697651,1786665219.698462,1786665219.700617,2.155,20,0
ALL,native,960,1,1786665219.700943,1786665219.701515,1786665219.702728,1.212,20,0
ALL,native,961,1,1786665219.703062,1786665219.704695,1786665219.705885,1.190,20,0
ALL,native,962,1,1786665219.706168,1786665219.706775,1786665219.709033,2.258,20,0
ALL,native,963,1,1786665219.709403,1786665219.709894,1786665219.711158,1.264,20,0
ALL,native,964,1,1786665219.711495,1786665219.712991,1786665219.715113,2.122,20,0
ALL,native,965,1,1786665219.715466,1786665219.717095,1786665219.718272,1.177,20,0
ALL,native,966,1,1786665219.718606,1786665219.719233,1786665219.721340,2.107,20,0
ALL,native,967,1,1786665219.721675,1786665219.722241,1786665219.723532,1.291,20,0
ALL,native,968,1,1786665219.723869,1786665219.725491,1786665219.726629,1.138,20,0
ALL,native,969,1,1786665219.726963,1786665219.727589,1786665219.729910,2.321,20,0
ALL,native,970,1,1786665219.730189,1786665219.730789,1786665219.731997,1.207,20,0
ALL,native,971,1,1786665219.732350,1786665219.733878,1786665219.735151,1.274,20,0
ALL,native,972,1,1786665219.735451,1786665219.735994,1786665219.738205,2.211,20,0
ALL,native,973,1,1786665219.738537,1786665219.739120,1786665219.740309,1.189,20,0
ALL,native,974,1,1786665219.740592,1786665219.742210,1786665219.743474,1.264,20,0
ALL,native,975,1,1786665219.743802,1786665219.744397,1786665219.746567,2.171,20,0
ALL,native,976,1,1786665219.746897,1786665219.747475,1786665219.748744,1.269,20,0
ALL,native,977,1,1786665219.749071,1786665219.750621,1786665219.751853,1.232,20,0
ALL,native,978,1,1786665219.752181,1786665219.752798,1786665219.755012,2.214,20,0
ALL,native,979,1,1786665219.755362,1786665219.755925,1786665219.758199,2.274,20,0
ALL,native,980,1,1786665219.758482,1786665219.759249,1786665219.760420,1.171,20,0
ALL,native,981,1,1786665219.760749,1786665219.762339,1786665219.763798,1.459,20,0
ALL,native,982,1,1786665219.764135,1786665219.764728,1786665219.766943,2.215,20,0
ALL,native,983,1,1786665219.767297,1786665219.767783,1786665219.769207,1.425,20,0
ALL,native,984,1,1786665219.769542,1786665219.771110,1786665219.772290,1.179,20,0
ALL,native,985,1,1786665219.772625,1786665219.773295,1786665219.775455,2.160,20,0
ALL,native,986,1,1786665219.775793,1786665219.776308,1786665219.777564,1.256,20,0
ALL,native,987,1,1786665219.777900,1786665219.779474,1786665219.780710,1.237,20,0
ALL,native,988,1,1786665219.780994,1786665219.781507,1786665219.788049,6.542,20,0
ALL,native,989,1,1786665219.788403,1786665219.789153,1786665219.794312,5.159,20,0
ALL,native,990,1,1786665219.794649,1786665219.796289,1786665219.797420,1.131,20,0
ALL,native,991,1,1786665219.797756,1786665219.798387,1786665219.800550,2.162,20,0
ALL,native,992,1,1786665219.800883,1786665219.801528,1786665219.802674,1.145,20,0
ALL,native,993,1,1786665219.803006,1786665219.804665,1786665219.805806,1.141,20,0
ALL,native,994,1,1786665219.806139,1786665219.806756,1786665219.812862,6.106,20,0
ALL,native,995,1,1786665219.813193,1786665219.813805,1786665219.815068,1.262,20,0
ALL,native,996,1,1786665219.815427,1786665219.817007,1786665219.823242,6.235,20,0
ALL,native,997,1,1786665219.823564,1786665219.825205,1786665219.826400,1.195,20,0
ALL,native,998,1,1786665219.826729,1786665219.827308,1786665219.833771,6.463,20,0
ALL,native,999,1,1786665219.834101,1786665219.834690,1786665219.835903,1.213,20,0
ALL,native,1000,1,1786665219.836237,1786665219.837820,1786665219.844030,6.210,20,0
ALL,native,1001,3,1786665219.893110,1786665219.893639,1786665219.939434,45.794,45,1
ALL,native,1002,3,1786665219.945078,1786665219.945980,1786665219.954988,9.008,45,0
ALL,native,1003,3,1786665219.960567,1786665219.961053,1786665219.969232,8.179,45,0
ALL,native,1004,3,1786665219.974895,1786665219.975337,1786665219.984183,8.847,45,0
ALL,native,1005,3,1786665219.989805,1786665219.990316,1786665219.998146,7.830,45,0
ALL,native,1006,3,1786665220.003763,1786665220.004914,1786665220.006008,1.094,45,0
ALL,native,1007,3,1786665220.011635,1786665220.012658,1786665220.014138,1.480,45,0
ALL,native,1008,3,1786665220.019773,1786665220.021015,1786665220.025160,4.144,45,0
ALL,native,1009,3,1786665220.030792,1786665220.031278,1786665220.034161,2.883,45,0
ALL,native,1010,3,1786665220.039783,1786665220.040278,1786665220.044193,3.915,45,0
ALL,native,1011,3,1786665220.049787,1786665220.050239,1786665220.054959,4.719,45,0
ALL,native,1012,3,1786665220.060581,1786665220.061072,1786665220.064225,3.153,45,0
ALL,native,1013,3,1786665220.069858,1786665220.071026,1786665220.075152,4.126,45,0
ALL,native,1014,3,1786665220.080738,1786665220.081218,1786665220.084270,3.052,45,0
ALL,native,1015,3,1786665220.089839,1786665220.090309,1786665220.094155,3.846,45,0
ALL,native,1016,3,1786665220.099767,1786665220.102604,1786665220.105059,2.455,45,0
ALL,native,1017,3,1786665220.110689,1786665220.111178,1786665220.115300,4.122,45,0
ALL,native,1018,3,1786665220.120854,1786665220.121350,1786665220.125323,3.973,45,0
ALL,native,1019,3,1786665220.130949,1786665220.131429,1786665220.139130,7.701,45,0
ALL,native,1020,3,1786665220.144733,1786665220.146036,1786665220.147431,1.395,45,0
ALL,native,1021,3,1786665220.153058,1786665220.154361,1786665220.155421,1.059,45,0
ALL,native,1022,3,1786665220.161001,1786665220.162418,1786665220.163554,1.136,45,0
ALL,native,1023,3,1786665220.169182,1786665220.169637,1786665220.171618,1.981,45,0
ALL,native,1024,3,1786665220.177213,1786665220.177696,1786665220.179786,2.090,45,0
ALL,native,1025,3,1786665220.185421,1786665220.185802,1786665220.187856,2.054,45,0
ALL,native,1026,3,1786665220.193499,1786665220.193919,1786665220.195963,2.044,45,0
ALL,native,1027,3,1786665220.201573,1786665220.202012,1786665220.203030,1.018,45,0
ALL,native,1028,3,1786665220.208663,1786665220.209178,1786665220.210320,1.142,45,0
ALL,native,1029,3,1786665220.215930,1786665220.216923,1786665220.217988,1.065,45,0
ALL,native,1030,3,1786665220.223561,1786665220.225054,1786665220.226067,1.013,45,0
ALL,native,1031,3,1786665220.231703,1786665220.232136,1786665220.234224,2.088,45,0
ALL,native,1032,3,1786665220.239845,1786665220.240319,1786665220.242357,2.038,45,0
ALL,native,1033,3,1786665220.247983,1786665220.248511,1786665220.255325,6.814,45,0
ALL,native,1034,3,1786665220.260938,1786665220.261388,1786665220.264398,3.010,45,0
ALL,native,1035,3,1786665220.270020,1786665220.271092,1786665220.275403,4.310,45,0
ALL,native,1036,3,1786665220.280964,1786665220.281444,1786665220.289122,7.678,45,0
ALL,native,1037,3,1786665220.294763,1786665220.296086,1786665220.300249,4.163,45,0
ALL,native,1038,3,1786665220.305870,1786665220.306351,1786665220.318408,12.056,45,0
ALL,native,1039,3,1786665220.324014,1786665220.325310,1786665220.339085,13.775,45,0
ALL,native,1040,3,1786665220.344708,1786665220.346111,1786665220.364290,18.178,45,0
ALL,native,1041,3,1786665220.369883,1786665220.371117,1786665220.380085,8.967,45,0
ALL,native,1042,3,1786665220.385723,1786665220.386197,1786665220.394149,7.951,45,0
ALL,native,1043,3,1786665220.399765,1786665220.400321,1786665220.409261,8.940,45,0
ALL,native,1044,3,1786665220.414883,1786665220.417621,1786665220.425173,7.552,45,0
ALL,native,1045,3,1786665220.430768,1786665220.431147,1786665220.439083,7.936,45,0
ALL,native,1046,3,1786665220.444724,1786665220.446146,1786665220.455060,8.913,45,0
ALL,native,1047,3,1786665220.460710,1786665220.461200,1786665220.465103,3.903,45,0
ALL,native,1048,3,1786665220.470706,1786665220.471190,1786665220.475136,3.946,45,0
ALL,native,1049,3,1786665220.480778,1786665220.481157,1786665220.484355,3.198,45,0
ALL,native,1050,3,1786665220.489978,1786665220.490469,1786665220.497102,6.633,45,0
ALL,native,1051,3,1786665220.502729,1786665220.504202,1786665220.509500,5.298,45,0
ALL,native,1052,3,1786665220.515126,1786665220.515566,1786665220.523202,7.636,45,0
ALL,native,1053,3,1786665220.528739,1786665220.529516,1786665220.530653,1.137,45,0
ALL,native,1054,3,1786665220.536258,1786665220.537743,1786665220.539397,1.654,45,0
ALL,native,1055,3,1786665220.545002,1786665220.546187,1786665220.550090,3.903,45,0
ALL,native,1056,3,1786665220.555741,1786665220.556182,1786665220.559389,3.207,45,0
ALL,native,1057,3,1786665220.564966,1786665220.565452,1786665220.569334,3.882,45,0
ALL,native,1058,3,1786665220.574958,1786665220.575418,1786665220.578111,2.693,45,0
ALL,native,1059,3,1786665220.583736,1786665220.584208,1786665220.585237,1.029,45,0
ALL,native,1060,3,1786665220.590863,1786665220.592050,1786665220.593037,0.987,45,0
ALL,native,1061,3,1786665220.598635,1786665220.600093,1786665220.601099,1.007,45,0
ALL,native,1062,3,1786665220.606735,1786665220.607193,1786665220.609273,2.081,45,0
ALL,native,1063,3,1786665220.614882,1786665220.615367,1786665220.617421,2.053,45,0
ALL,native,1064,3,1786665220.623050,1786665220.627614,1786665220.629781,2.167,45,0
ALL,native,1065,3,1786665220.635431,1786665220.635816,1786665220.637909,2.094,45,0
ALL,native,1066,3,1786665220.643492,1786665220.643966,1786665220.645916,1.950,45,0
ALL,native,1067,3,1786665220.651538,1786665220.651987,1786665220.653016,1.029,45,0
ALL,native,1068,3,1786665220.658622,1786665220.659097,1786665220.660125,1.028,45,0
ALL,native,1069,3,1786665220.665775,1786665220.667071,1786665220.668081,1.010,45,0
ALL,native,1070,3,1786665220.673728,1786665220.675217,1786665220.676230,1.013,45,0
ALL,native,1071,3,1786665220.681858,1786665220.682295,1786665220.684365,2.070,45,0
ALL,native,1072,3,1786665220.689982,1786665220.690461,1786665220.692497,2.036,45,0
ALL,native,1073,3,1786665220.698106,1786665220.698553,1786665220.700590,2.037,45,0
ALL,native,1074,3,1786665220.706210,1786665220.706677,1786665220.708742,2.064,45,0
ALL,native,1075,3,1786665220.714365,1786665220.714868,1786665220.716880,2.012,45,0
ALL,native,1076,3,1786665220.722505,1786665220.722947,1786665220.724035,1.089,45,0
ALL,native,1077,3,1786665220.729646,1786665220.733621,1786665220.734724,1.103,45,0
ALL,native,1078,3,1786665220.740316,1786665220.741774,1786665220.742792,1.018,45,0
ALL,native,1079,3,1786665220.748438,1786665220.748919,1786665220.755220,6.301,45,0
ALL,native,1080,3,1786665220.760803,1786665220.761299,1786665220.764171,2.872,45,0
ALL,native,1081,3,1786665220.769783,1786665220.771234,1786665220.774100,2.866,45,0
ALL,native,1082,3,1786665220.779720,1786665220.780183,1786665220.784422,4.239,45,0
ALL,native,1083,3,1786665220.789993,1786665220.790490,1786665220.794184,3.695,45,0
ALL,native,1084,3,1786665220.799758,1786665220.800452,1786665220.805139,4.686,45,0
ALL,native,1085,3,1786665220.810753,1786665220.811251,1786665220.814166,2.914,45,0
ALL,native,1086,3,1786665220.819787,1786665220.821255,1786665220.825155,3.900,45,0
ALL,native,1087,3,1786665220.830778,1786665220.831236,1786665220.843566,12.331,45,0
ALL,native,1088,3,1786665220.849176,1786665220.850486,1786665220.855096,4.610,45,0
ALL,native,1089,3,1786665220.860723,1786665220.861212,1786665220.864370,3.158,45,0
ALL,native,1090,3,1786665220.869995,1786665220.871284,1786665220.874103,2.818,45,0
ALL,native,1091,3,1786665220.879759,1786665220.880203,1786665220.884704,4.501,45,0
ALL,native,1092,3,1786665220.890347,1786665220.890787,1786665220.894279,3.492,45,0
ALL,native,1093,3,1786665220.899891,1786665220.900554,1786665220.905149,4.595,45,0
ALL,native,1094,3,1786665220.910793,1786665220.911283,1786665220.914174,2.892,45,0
ALL,native,1095,3,1786665220.919799,1786665220.921257,1786665220.924153,2.896,45,0
ALL,native,1096,3,1786665220.929774,1786665220.930223,1786665220.934428,4.205,45,0
ALL,native,1097,3,1786665220.939997,1786665220.942597,1786665220.944185,1.587,45,0
ALL,native,1098,3,1786665220.949786,1786665220.950507,1786665220.955158,4.651,45,0
ALL,native,1099,3,1786665220.960719,1786665220.961201,1786665220.964208,3.007,45,0
ALL,native,1100,3,1786665220.969829,1786665220.971285,1786665220.973097,1.812,45,0
ALL,native,1101,3,1786665220.978742,1786665220.979630,1786665220.980680,1.050,45,0
ALL,native,1102,3,1786665220.986258,1786665220.987692,1786665220.988894,1.202,45,0
ALL,native,1103,3,1786665220.994511,1786665220.994897,1786665220.996967,2.069,45,0
ALL,native,1104,3,1786665221.002576,1786665221.003053,1786665221.005108,2.055,45,0
ALL,native,1105,3,1786665221.010741,1786665221.011246,1786665221.013190,1.944,45,0
ALL,native,1106,3,1786665221.018812,1786665221.019275,1786665221.021261,1.986,45,0
ALL,native,1107,3,1786665221.026894,1786665221.027378,1786665221.029343,1.965,45,0
ALL,native,1108,3,1786665221.034977,1786665221.035442,1786665221.036470,1.029,45,0
ALL,native,1109,3,1786665221.042084,1786665221.042567,1786665221.047725,5.158,45,0
ALL,native,1110,3,1786665221.053300,1786665221.054666,1786665221.055672,1.006,45,0
ALL,native,1111,3,1786665221.061315,1786665221.062728,1786665221.063921,1.193,45,0
ALL,native,1112,3,1786665221.069507,1786665221.069933,1786665221.071930,1.997,45,0
ALL,native,1113,3,1786665221.077552,1786665221.078036,1786665221.080198,2.162,45,0
ALL,native,1114,3,1786665221.085824,1786665221.086347,1786665221.088292,1.945,45,0
ALL,native,1115,3,1786665221.093900,1786665221.094342,1786665221.096343,2.001,45,0
ALL,native,1116,3,1786665221.101944,1786665221.102427,1786665221.104458,2.031,45,0
ALL,native,1117,3,1786665221.110072,1786665221.110506,1786665221.111539,1.033,45,0
ALL,native,1118,3,1786665221.117161,1786665221.117640,1786665221.118723,1.083,45,0
ALL,native,1119,3,1786665221.124366,1786665221.125557,1786665221.126623,1.066,45,0
ALL,native,1120,3,1786665221.132205,1786665221.133706,1786665221.134719,1.013,45,0
ALL,native,1121,3,1786665221.140352,1786665221.140790,1786665221.142826,2.036,45,0
ALL,native,1122,3,1786665221.148487,1786665221.152599,1786665221.154629,2.030,45,0
ALL,native,1123,3,1786665221.160238,1786665221.160686,1786665221.161702,1.016,45,0
ALL,native,1124,3,1786665221.167310,1786665221.167732,1786665221.168970,1.237,45,0
ALL,native,1125,3,1786665221.174592,1786665221.175584,1786665221.176566,0.982,45,0
ALL,native,1126,3,1786665221.182168,1786665221.183731,1786665221.184747,1.016,45,0
ALL,native,1127,3,1786665221.190400,1786665221.190843,1786665221.192930,2.087,45,0
ALL,native,1128,3,1786665221.198500,1786665221.198971,1786665221.200993,2.022,45,0
ALL,native,1129,3,1786665221.206604,1786665221.207065,1786665221.209097,2.032,45,0
ALL,native,1130,3,1786665221.214732,1786665221.215189,1786665221.217216,2.027,45,0
ALL,native,1131,3,1786665221.222834,1786665221.223390,1786665221.225399,2.009,45,0
ALL,native,1132,3,1786665221.231027,1786665221.231474,1786665221.232478,1.004,45,0
ALL,native,1133,3,1786665221.238104,1786665221.238583,1786665221.239615,1.032,45,0
ALL,native,1134,3,1786665221.245235,1786665221.246409,1786665221.249149,2.740,45,0
ALL,native,1135,3,1786665221.254775,1786665221.257600,1786665221.264214,6.614,45,0
ALL,native,1136,3,1786665221.269822,1786665221.271298,1786665221.274154,2.856,45,0
ALL,native,1137,3,1786665221.279776,1786665221.280269,1786665221.284622,4.353,45,0
ALL,native,1138,3,1786665221.290239,1786665221.290730,1786665221.294162,3.432,45,0
ALL,native,1139,3,1786665221.299767,1786665221.300629,1786665221.305165,4.535,45,0
ALL,native,1140,3,1786665221.310796,1786665221.311236,1786665221.314122,2.886,45,0
ALL,native,1141,3,1786665221.319769,1786665221.321234,1786665221.324186,2.952,45,0
ALL,native,1142,3,1786665221.329795,1786665221.330235,1786665221.339157,8.922,45,0
ALL,native,1143,3,1786665221.344795,1786665221.346260,1786665221.355134,8.874,45,0
ALL,native,1144,3,1786665221.360737,1786665221.363123,1786665221.374191,11.068,45,0
ALL,native,1145,3,1786665221.379820,1786665221.380305,1786665221.384675,4.370,45,0
ALL,native,1146,3,1786665221.390248,1786665221.390754,1786665221.394176,3.422,45,0
ALL,native,1147,3,1786665221.399793,1786665221.400665,1786665221.405182,4.517,45,0
ALL,native,1148,3,1786665221.410811,1786665221.411259,1786665221.419266,8.007,45,0
ALL,native,1149,3,1786665221.424875,1786665221.425682,1786665221.430232,4.550,45,0
ALL,native,1150,3,1786665221.435858,1786665221.436350,1786665221.439274,2.924,45,0
ALL,native,1151,3,1786665221.444897,1786665221.446376,1786665221.449140,2.764,45,0
ALL,native,1152,3,1786665221.454763,1786665221.455250,1786665221.459594,4.345,45,0
ALL,native,1153,3,1786665221.465213,1786665221.467702,1786665221.469398,1.696,45,0
ALL,native,1154,3,1786665221.474970,1786665221.475661,1786665221.480071,4.411,45,0
ALL,native,1155,3,1786665221.485676,1786665221.486125,1786665221.489152,3.027,45,0
ALL,native,1156,3,1786665221.494764,1786665221.496190,1786665221.499262,3.072,45,0
ALL,native,1157,3,1786665221.504852,1786665221.505345,1786665221.507282,1.937,45,0
ALL,native,1158,3,1786665221.512881,1786665221.513336,1786665221.514367,1.031,45,0
ALL,native,1159,3,1786665221.519979,1786665221.521402,1786665221.522436,1.034,45,0
ALL,native,1160,3,1786665221.528037,1786665221.529625,1786665221.530606,0.981,45,0
ALL,native,1161,3,1786665221.536235,1786665221.536674,1786665221.538620,1.946,45,0
ALL,native,1162,3,1786665221.544243,1786665221.544736,1786665221.546684,1.948,45,0
ALL,native,1163,3,1786665221.552328,1786665221.552791,1786665221.554855,2.064,45,0
ALL,native,1164,3,1786665221.560450,1786665221.560919,1786665221.562870,1.951,45,0
ALL,native,1165,3,1786665221.568500,1786665221.572525,1786665221.573563,1.038,45,0
ALL,native,1166,3,1786665221.579180,1786665221.579808,1786665221.580838,1.029,45,0
ALL,native,1167,3,1786665221.586482,1786665221.587907,1786665221.589116,1.209,45,0
ALL,native,1168,3,1786665221.594764,1786665221.596176,1786665221.597203,1.027,45,0
ALL,native,1169,3,1786665221.602814,1786665221.603364,1786665221.605400,2.035,45,0
ALL,native,1170,3,1786665221.611015,1786665221.611496,1786665221.613514,2.019,45,0
ALL,native,1171,3,1786665221.619097,1786665221.619519,1786665221.621516,1.997,45,0
ALL,native,1172,3,1786665221.627141,1786665221.627644,1786665221.629570,1.925,45,0
ALL,native,1173,3,1786665221.635189,1786665221.635641,1786665221.636675,1.034,45,0
ALL,native,1174,3,1786665221.642320,1786665221.642807,1786665221.643965,1.158,45,0
ALL,native,1175,3,1786665221.649544,1786665221.650728,1786665221.651744,1.015,45,0
ALL,native,1176,3,1786665221.657383,1786665221.658893,1786665221.659879,0.987,45,0
ALL,native,1177,3,1786665221.665516,1786665221.665946,1786665221.667993,2.047,45,0
ALL,native,1178,3,1786665221.673616,1786665221.677662,1786665221.679819,2.158,45,0
ALL,native,1179,3,1786665221.685442,1786665221.685914,1786665221.686914,0.999,45,0
ALL,native,1180,3,1786665221.692517,1786665221.692967,1786665221.694048,1.081,45,0
ALL,native,1181,3,1786665221.699684,1786665221.700743,1786665221.701795,1.051,45,0
ALL,native,1182,3,1786665221.707378,1786665221.709032,1786665221.710037,1.005,45,0
ALL,native,1183,3,1786665221.715668,1786665221.717124,1786665221.718139,1.015,45,0
ALL,native,1184,3,1786665221.723769,1786665221.724236,1786665221.726248,2.013,45,0
ALL,native,1185,3,1786665221.731862,1786665221.732352,1786665221.734365,2.012,45,0
ALL,native,1186,3,1786665221.739972,1786665221.740422,1786665221.742441,2.020,45,0
ALL,native,1187,3,1786665221.748067,1786665221.748549,1786665221.755116,6.567,45,0
ALL,native,1188,3,1786665221.760808,1786665221.761260,1786665221.764222,2.962,45,0
ALL,native,1189,3,1786665221.769870,1786665221.771308,1786665221.774219,2.911,45,0
ALL,native,1190,3,1786665221.779797,1786665221.782604,1786665221.784814,2.210,45,0
ALL,native,1191,3,1786665221.790446,1786665221.790945,1786665221.794170,3.225,45,0
ALL,native,1192,3,1786665221.799769,1786665221.800782,1786665221.805122,4.340,45,0
ALL,native,1193,3,1786665221.810733,1786665221.811204,1786665221.814172,2.968,45,0
ALL,native,1194,3,1786665221.819797,1786665221.820237,1786665221.824322,4.085,45,0
ALL,native,1195,3,1786665221.829943,1786665221.830437,1786665221.834852,4.415,45,0
ALL,native,1196,3,1786665221.840429,1786665221.840939,1786665221.844198,3.260,45,0
ALL,native,1197,3,1786665221.849798,1786665221.850814,1786665221.855114,4.300,45,0
ALL,native,1198,3,1786665221.860746,1786665221.861252,1786665221.864222,2.970,45,0
ALL,native,1199,3,1786665221.869843,1786665221.870289,1786665221.874168,3.879,45,0
ALL,native,1200,3,1786665221.879797,1786665221.880236,1786665221.893948,13.712,45,0
ALL,native,1201,3,1786665221.899575,1786665221.900838,1786665221.905131,4.292,45,0
ALL,native,1202,3,1786665221.910772,1786665221.911252,1786665221.914196,2.944,45,0
ALL,native,1203,3,1786665221.919817,1786665221.920268,1786665221.924202,3.934,45,0
ALL,native,1204,3,1786665221.929831,1786665221.930316,1786665221.934989,4.673,45,0
ALL,native,1205,3,1786665221.940621,1786665221.941068,1786665221.944344,3.276,45,0
ALL,native,1206,3,1786665221.949972,1786665221.950897,1786665221.955088,4.191,45,0
ALL,native,1207,3,1786665221.960711,1786665221.961195,1786665221.964272,3.077,45,0
ALL,native,1208,3,1786665221.969845,1786665221.970279,1786665221.972281,2.002,45,0
ALL,native,1209,3,1786665221.977905,1786665221.978543,1786665221.980529,1.986,45,0
ALL,native,1210,3,1786665221.986158,1786665221.986638,1786665221.992742,6.104,45,0
ALL,native,1211,3,1786665221.998369,1786665221.998808,1786665222.000835,2.027,45,0
ALL,native,1212,3,1786665222.006463,1786665222.006961,1786665222.009185,2.225,45,0
ALL,native,1213,3,1786665222.014771,1786665222.015248,1786665222.017239,1.991,45,0
ALL,native,1214,3,1786665222.022861,1786665222.023376,1786665222.024382,1.006,45,0
ALL,native,1215,3,1786665222.030005,1786665222.030506,1786665222.031514,1.008,45,0
ALL,native,1216,3,1786665222.037137,1786665222.038458,1786665222.039527,1.069,45,0
ALL,native,1217,3,1786665222.045070,1786665222.046533,1786665222.047545,1.012,45,0
ALL,native,1218,3,1786665222.053166,1786665222.053600,1786665222.055575,1.975,45,0
ALL,native,1219,3,1786665222.061198,1786665222.061702,1786665222.063770,2.068,45,0
ALL,native,1220,3,1786665222.069427,1786665222.069899,1786665222.071861,1.962,45,0
ALL,native,1221,3,1786665222.077509,1786665222.077972,1786665222.079977,2.005,45,0
ALL,native,1222,3,1786665222.085593,1786665222.086066,1786665222.087054,0.988,45,0
ALL,native,1223,3,1786665222.092683,1786665222.093121,1786665222.098333,5.212,45,0
ALL,native,1224,3,1786665222.103954,1786665222.105006,1786665222.106019,1.014,45,0
ALL,native,1225,3,1786665222.111633,1786665222.113053,1786665222.114166,1.113,45,0
ALL,native,1226,3,1786665222.119756,1786665222.120193,1786665222.122208,2.015,45,0
ALL,native,1227,3,1786665222.127845,1786665222.128472,1786665222.130462,1.990,45,0
ALL,native,1228,3,1786665222.136074,1786665222.136521,1786665222.138524,2.004,45,0
ALL,native,1229,3,1786665222.144135,1786665222.144598,1786665222.146515,1.916,45,0
ALL,native,1230,3,1786665222.152132,1786665222.152570,1786665222.153606,1.036,45,0
ALL,native,1231,3,1786665222.159231,1786665222.159701,1786665222.160733,1.032,45,0
ALL,native,1232,3,1786665222.166382,1786665222.167542,1786665222.168584,1.042,45,0
ALL,native,1233,3,1786665222.174207,1786665222.175686,1786665222.176721,1.034,45,0
ALL,native,1234,3,1786665222.182377,1786665222.182808,1786665222.184902,2.094,45,0
ALL,native,1235,3,1786665222.190522,1786665222.190993,1786665222.193036,2.043,45,0
ALL,native,1236,3,1786665222.198640,1786665222.202615,1786665222.203692,1.078,45,0
ALL,native,1237,3,1786665222.209291,1786665222.209763,1786665222.210858,1.096,45,0
ALL,native,1238,3,1786665222.216433,1786665222.217579,1786665222.218744,1.165,45,0
ALL,native,1239,3,1786665222.224387,1786665222.225876,1786665222.226890,1.015,45,0
ALL,native,1240,3,1786665222.232510,1786665222.234021,1786665222.234989,0.968,45,0
ALL,native,1241,3,1786665222.240612,1786665222.241051,1786665222.243110,2.058,45,0
ALL,native,1242,3,1786665222.248754,1786665222.249239,1786665222.255262,6.023,45,0
ALL,native,1243,3,1786665222.260876,1786665222.261362,1786665222.264248,2.886,45,0
ALL,native,1244,3,1786665222.269823,1786665222.270268,1786665222.274338,4.070,45,0
ALL,native,1245,3,1786665222.279969,1786665222.280408,1786665222.284931,4.523,45,0
ALL,native,1246,3,1786665222.290558,1786665222.291068,1786665222.294168,3.100,45,0
ALL,native,1247,3,1786665222.299788,1786665222.300964,1786665222.313458,12.494,45,0
ALL,native,1248,3,1786665222.319068,1786665222.319555,1786665222.324194,4.640,45,0
ALL,native,1249,3,1786665222.329878,1786665222.330322,1786665222.334948,4.626,45,0
ALL,native,1250,3,1786665222.340578,1786665222.341089,1786665222.354976,13.888,45,0
ALL,native,1251,3,1786665222.360605,1786665222.361053,1786665222.364365,3.312,45,0
ALL,native,1252,3,1786665222.369995,1786665222.370443,1786665222.374130,3.687,45,0
ALL,native,1253,3,1786665222.379781,1786665222.380222,1786665222.384944,4.721,45,0
ALL,native,1254,3,1786665222.390564,1786665222.391060,1786665222.394170,3.110,45,0
ALL,native,1255,3,1786665222.399775,1786665222.400995,1786665222.405182,4.187,45,0
ALL,native,1256,3,1786665222.410769,1786665222.413423,1786665222.419184,5.761,45,0
ALL,native,1257,3,1786665222.424768,1786665222.426003,1786665222.430267,4.264,45,0
ALL,native,1258,3,1786665222.435854,1786665222.436334,1786665222.439223,2.889,45,0
ALL,native,1259,3,1786665222.444800,1786665222.445300,1786665222.449241,3.940,45,0
ALL,native,1260,3,1786665222.454865,1786665222.455318,1786665222.460357,5.040,45,0
ALL,native,1261,3,1786665222.465927,1786665222.467434,1786665222.474298,6.864,45,0
ALL,native,1262,3,1786665222.479878,1786665222.480377,1786665222.482398,2.021,45,0
ALL,native,1263,3,1786665222.488020,1786665222.488678,1786665222.489711,1.034,45,0
ALL,native,1264,3,1786665222.495356,1786665222.496804,1786665222.497794,0.990,45,0
ALL,native,1265,3,1786665222.503418,1786665222.504844,1786665222.505865,1.020,45,0
ALL,native,1266,3,1786665222.511510,1786665222.511976,1786665222.518151,6.175,45,0
ALL,native,1267,3,1786665222.523783,1786665222.524265,1786665222.526265,2.000,45,0
ALL,native,1268,3,1786665222.531882,1786665222.532330,1786665222.534366,2.036,45,0
ALL,native,1269,3,1786665222.539992,1786665222.540473,1786665222.542491,2.018,45,0
ALL,native,1270,3,1786665222.548068,1786665222.548632,1786665222.549667,1.035,45,0
ALL,native,1271,3,1786665222.555289,1786665222.555747,1786665222.556844,1.097,45,0
ALL,native,1272,3,1786665222.562441,1786665222.563554,1786665222.564637,1.084,45,0
ALL,native,1273,3,1786665222.570281,1786665222.571712,1786665222.572745,1.033,45,0
ALL,native,1274,3,1786665222.578369,1786665222.578799,1786665222.580803,2.004,45,0
ALL,native,1275,3,1786665222.586424,1786665222.586895,1786665222.588934,2.039,45,0
ALL,native,1276,3,1786665222.594550,1786665222.594987,1786665222.596996,2.009,45,0
ALL,native,1277,3,1786665222.602615,1786665222.603092,1786665222.605148,2.056,45,0
ALL,native,1278,3,1786665222.610789,1786665222.611274,1786665222.613223,1.950,45,0
ALL,native,1279,3,1786665222.618811,1786665222.622601,1786665222.623773,1.172,45,0
ALL,native,1280,3,1786665222.629379,1786665222.630174,1786665222.631190,1.016,45,0
ALL,native,1281,3,1786665222.636818,1786665222.638437,1786665222.639439,1.002,45,0
ALL,native,1282,3,1786665222.645096,1786665222.645545,1786665222.647520,1.975,45,0
ALL,native,1283,3,1786665222.653148,1786665222.653638,1786665222.655552,1.914,45,0
ALL,native,1284,3,1786665222.661161,1786665222.661556,1786665222.663676,2.120,45,0
ALL,native,1285,3,1786665222.669307,1786665222.669770,1786665222.671760,1.990,45,0
ALL,native,1286,3,1786665222.677412,1786665222.677907,1786665222.678895,0.988,45,0
ALL,native,1287,3,1786665222.684527,1786665222.684975,1786665222.686045,1.069,45,0
ALL,native,1288,3,1786665222.691617,1786665222.692745,1786665222.693761,1.016,45,0
ALL,native,1289,3,1786665222.699401,1786665222.700891,1786665222.701888,0.998,45,0
ALL,native,1290,3,1786665222.707518,1786665222.707956,1786665222.710016,2.060,45,0
ALL,native,1291,3,1786665222.715641,1786665222.716125,1786665222.718168,2.043,45,0
ALL,native,1292,3,1786665222.723797,1786665222.727676,1786665222.728844,1.168,45,0
ALL,native,1293,3,1786665222.734506,1786665222.734971,1786665222.736004,1.033,45,0
ALL,native,1294,3,1786665222.741634,1786665222.742760,1786665222.743838,1.078,45,0
ALL,native,1295,3,1786665222.749478,1786665222.750983,1786665222.755181,4.197,45,0
ALL,native,1296,3,1786665222.760798,1786665222.761290,1786665222.764251,2.961,45,0
ALL,native,1297,3,1786665222.769870,1786665222.770378,1786665222.774233,3.855,45,0
ALL,native,1298,3,1786665222.779858,1786665222.780308,1786665222.785112,4.803,45,0
ALL,native,1299,3,1786665222.790752,1786665222.791241,1786665222.794222,2.981,45,0
ALL,native,1300,3,1786665222.799813,1786665222.801127,1786665222.805179,4.052,45,0
ALL,native,1301,3,1786665222.810770,1786665222.811161,1786665222.814232,3.071,45,0
ALL,native,1302,3,1786665222.819863,1786665222.820372,1786665222.824218,3.846,45,0
ALL,native,1303,3,1786665222.829845,1786665222.832563,1786665222.835123,2.560,45,0
ALL,native,1304,3,1786665222.840779,1786665222.841258,1786665222.844245,2.987,45,0
ALL,native,1305,3,1786665222.849876,1786665222.851145,1786665222.855188,4.043,45,0
ALL,native,1306,3,1786665222.860746,1786665222.861191,1786665222.864259,3.068,45,0
ALL,native,1307,3,1786665222.869873,1786665222.870376,1786665222.874211,3.835,45,0
ALL,native,1308,3,1786665222.879836,1786665222.880339,1786665222.885139,4.800,45,0
ALL,native,1309,3,1786665222.890822,1786665222.891296,1786665222.894187,2.892,45,0
ALL,native,1310,3,1786665222.899802,1786665222.901166,1786665222.905184,4.017,45,0
ALL,native,1311,3,1786665222.910776,1786665222.911222,1786665222.914271,3.049,45,0
ALL,native,1312,3,1786665222.919892,1786665222.920379,1786665222.924231,3.852,45,0
ALL,native,1313,3,1786665222.929855,1786665222.930354,1786665222.944168,13.814,45,0
ALL,native,1314,3,1786665222.949776,1786665222.951169,1786665222.955150,3.982,45,0
ALL,native,1315,3,1786665222.960777,1786665222.961228,1786665222.964313,3.085,45,0
ALL,native,1316,3,1786665222.969931,1786665222.970434,1786665222.972573,2.139,45,0
ALL,native,1317,3,1786665222.978196,1786665222.978695,1786665222.980667,1.972,45,0
ALL,native,1318,3,1786665222.986307,1786665222.986780,1786665222.988922,2.142,45,0
ALL,native,1319,3,1786665222.994542,1786665222.994991,1786665222.996961,1.970,45,0
ALL,native,1320,3,1786665223.002571,1786665223.003051,1786665223.005110,2.059,45,0
ALL,native,1321,3,1786665223.010720,1786665223.011103,1786665223.012195,1.092,45,0
ALL,native,1322,3,1786665223.017786,1786665223.018227,1786665223.019306,1.079,45,0
ALL,native,1323,3,1786665223.024925,1786665223.026191,1786665223.027237,1.046,45,0
ALL,native,1324,3,1786665223.032815,1786665223.034330,1786665223.035337,1.007,45,0
ALL,native,1325,3,1786665223.040962,1786665223.042785,1786665223.043794,1.009,45,0
ALL,native,1326,3,1786665223.049423,1786665223.050886,1786665223.051902,1.015,45,0
ALL,native,1327,3,1786665223.057531,1786665223.057990,1786665223.060180,2.190,45,0
ALL,native,1328,3,1786665223.065794,1786665223.066260,1786665223.068346,2.086,45,0
ALL,native,1329,3,1786665223.073970,1786665223.074452,1786665223.076446,1.994,45,0
ALL,native,1330,3,1786665223.082062,1786665223.082511,1786665223.084640,2.129,45,0
ALL,native,1331,3,1786665223.090201,1786665223.090667,1786665223.092682,2.015,45,0
ALL,native,1332,3,1786665223.098314,1786665223.098747,1786665223.099779,1.033,45,0
ALL,native,1333,3,1786665223.105408,1786665223.105880,1786665223.106919,1.038,45,0
ALL,native,1334,3,1786665223.112524,1786665223.113658,1786665223.114744,1.085,45,0
ALL,native,1335,3,1786665223.120324,1786665223.121716,1786665223.122763,1.047,45,0
ALL,native,1336,3,1786665223.128405,1786665223.128855,1786665223.130850,1.995,45,0
ALL,native,1337,3,1786665223.136491,1786665223.136971,1786665223.138943,1.973,45,0
ALL,native,1338,3,1786665223.144570,1786665223.147595,1786665223.148988,1.393,45,0
ALL,native,1339,3,1786665223.154600,1786665223.155358,1786665223.156374,1.015,45,0
ALL,native,1340,3,1786665223.162000,1786665223.163539,1786665223.164541,1.002,45,0
ALL,native,1341,3,1786665223.170169,1786665223.170608,1786665223.172589,1.981,45,0
ALL,native,1342,3,1786665223.178147,1786665223.178723,1786665223.180743,2.020,45,0
ALL,native,1343,3,1786665223.186401,1786665223.186787,1786665223.188852,2.065,45,0
ALL,native,1344,3,1786665223.194491,1786665223.194908,1786665223.196951,2.043,45,0
ALL,native,1345,3,1786665223.202556,1786665223.203001,1786665223.204083,1.082,45,0
ALL,native,1346,3,1786665223.209731,1786665223.210166,1786665223.211188,1.022,45,0
ALL,native,1347,3,1786665223.216774,1786665223.217908,1786665223.218932,1.024,45,0
ALL,native,1348,3,1786665223.224559,1786665223.226050,1786665223.227059,1.009,45,0
ALL,native,1349,3,1786665223.232706,1786665223.233150,1786665223.235298,2.149,45,0
ALL,native,1350,3,1786665223.240873,1786665223.241334,1786665223.243418,2.084,45,0
ALL,native,1351,3,1786665223.249026,1786665223.252736,1786665223.255226,2.490,45,0
ALL,native,1352,3,1786665223.260854,1786665223.261304,1786665223.264414,3.110,45,0
ALL,native,1353,3,1786665223.270040,1786665223.270557,1786665223.274194,3.636,45,0
ALL,native,1354,3,1786665223.279816,1786665223.280391,1786665223.285262,4.870,45,0
ALL,native,1355,3,1786665223.290866,1786665223.291371,1786665223.294262,2.891,45,0
ALL,native,1356,3,1786665223.299825,1786665223.301293,1786665223.305204,3.911,45,0
ALL,native,1357,3,1786665223.310787,1786665223.311228,1786665223.314350,3.122,45,0
ALL,native,1358,3,1786665223.319973,1786665223.320470,1786665223.324208,3.739,45,0
ALL,native,1359,3,1786665223.329824,1786665223.330435,1786665223.335300,4.865,45,0
ALL,native,1360,3,1786665223.340843,1786665223.341282,1786665223.344184,2.902,45,0
ALL,native,1361,3,1786665223.349809,1786665223.351305,1786665223.360403,9.097,45,0
ALL,native,1362,3,1786665223.366030,1786665223.366470,1786665223.369227,2.757,45,0
ALL,native,1363,3,1786665223.374838,1786665223.376332,1786665223.380117,3.786,45,0
ALL,native,1364,3,1786665223.385741,1786665223.386176,1786665223.389633,3.457,45,0
ALL,native,1365,3,1786665223.395247,1786665223.395726,1786665223.399180,3.454,45,0
ALL,native,1366,3,1786665223.404790,1786665223.405444,1786665223.410216,4.772,45,0
ALL,native,1367,3,1786665223.415860,1786665223.416353,1786665223.419396,3.043,45,0
ALL,native,1368,3,1786665223.424975,1786665223.426332,1786665223.429162,2.831,45,0
ALL,native,1369,3,1786665223.434780,1786665223.435165,1786665223.439438,4.273,45,0
ALL,native,1370,3,1786665223.445054,1786665223.445540,1786665223.449332,3.792,45,0
ALL,native,1371,3,1786665223.454935,1786665223.455441,1786665223.469022,13.580,45,0
ALL,native,1372,3,1786665223.474642,1786665223.476118,1786665223.480361,4.242,45,0
ALL,native,1373,3,1786665223.485898,1786665223.486333,1786665223.487349,1.016,45,0
ALL,native,1374,3,1786665223.492956,1786665223.493486,1786665223.498903,5.418,45,0
ALL,native,1375,3,1786665223.504524,1786665223.505476,1786665223.506464,0.989,45,0
ALL,native,1376,3,1786665223.512119,1786665223.513593,1786665223.514617,1.024,45,0
ALL,native,1377,3,1786665223.520182,1786665223.520641,1786665223.522651,2.010,45,0
ALL,native,1378,3,1786665223.528289,1786665223.528773,1786665223.530703,1.931,45,0
ALL,native,1379,3,1786665223.536331,1786665223.536799,1786665223.538930,2.131,45,0
ALL,native,1380,3,1786665223.544551,1786665223.545025,1786665223.547025,1.999,45,0
ALL,native,1381,3,1786665223.552644,1786665223.553029,1786665223.554160,1.131,45,0
ALL,native,1382,3,1786665223.559791,1786665223.560253,1786665223.561276,1.023,45,0
ALL,native,1383,3,1786665223.566903,1786665223.568063,1786665223.569267,1.204,45,0
ALL,native,1384,3,1786665223.574889,1786665223.576369,1786665223.577351,0.982,45,0
ALL,native,1385,3,1786665223.582951,1786665223.584505,1786665223.585496,0.992,45,0
ALL,native,1386,3,1786665223.591074,1786665223.591510,1786665223.593557,2.048,45,0
ALL,native,1387,3,1786665223.599167,1786665223.599640,1786665223.601664,2.024,45,0
ALL,native,1388,3,1786665223.607296,1786665223.607739,1786665223.609765,2.026,45,0
ALL,native,1389,3,1786665223.615410,1786665223.615882,1786665223.617910,2.028,45,0
ALL,native,1390,3,1786665223.623532,1786665223.623983,1786665223.625006,1.024,45,0
ALL,native,1391,3,1786665223.630629,1786665223.631097,1786665223.632124,1.028,45,0
ALL,native,1392,3,1786665223.637766,1786665223.638871,1786665223.639883,1.011,45,0
ALL,native,1393,3,1786665223.645515,1786665223.646926,1786665223.647937,1.010,45,0
ALL,native,1394,3,1786665223.653552,1786665223.654026,1786665223.656025,1.999,45,0
ALL,native,1395,3,1786665223.661644,1786665223.662153,1786665223.664200,2.047,45,0
ALL,native,1396,3,1786665223.669826,1786665223.672642,1786665223.673705,1.063,45,0
ALL,native,1397,3,1786665223.679351,1786665223.680513,1786665223.681619,1.105,45,0
ALL,native,1398,3,1786665223.687197,1786665223.688802,1786665223.689834,1.032,45,0
ALL,native,1399,3,1786665223.695455,1786665223.696888,1786665223.699183,2.295,45,0
ALL,native,1400,3,1786665223.704784,1786665223.705548,1786665223.710193,4.645,45,0
ALL,native,1401,3,1786665223.715806,1786665223.716295,1786665223.719326,3.031,45,0
ALL,native,1402,3,1786665223.724934,1786665223.726413,1786665223.729155,2.742,45,0
ALL,native,1403,3,1786665223.734781,1786665223.735208,1786665223.739546,4.338,45,0
ALL,native,1404,3,1786665223.745116,1786665223.745621,1786665223.754183,8.561,45,0
ALL,native,1405,3,1786665223.759810,1786665223.760300,1786665223.769339,9.039,45,0
ALL,native,1406,3,1786665223.774970,1786665223.777701,1786665223.785245,7.545,45,0
ALL,native,1407,3,1786665223.790855,1786665223.791343,1786665223.799211,7.868,45,0
ALL,native,1408,3,1786665223.804826,1786665223.805550,1786665223.814541,8.991,45,0
ALL,native,1409,3,1786665223.820172,1786665223.820657,1786665223.829203,8.546,45,0
ALL,native,1410,3,1786665223.834825,1786665223.835321,1786665223.844250,8.929,45,0
ALL,native,1411,3,1786665223.849871,1786665223.851349,1786665223.854253,2.904,45,0
ALL,native,1412,3,1786665223.859863,1786665223.860370,1786665223.864603,4.233,45,0
ALL,native,1413,3,1786665223.870210,1786665223.870719,1786665223.874244,3.525,45,0
ALL,native,1414,3,1786665223.879874,1786665223.882658,1786665223.885286,2.628,45,0
ALL,native,1415,3,1786665223.890907,1786665223.891422,1786665223.894218,2.796,45,0
ALL,native,1416,3,1786665223.899827,1786665223.901340,1786665223.904247,2.908,45,0
ALL,native,1417,3,1786665223.909853,1786665223.910338,1786665223.914572,4.235,45,0
ALL,native,1418,3,1786665223.920195,1786665223.920701,1786665223.924305,3.604,45,0
ALL,native,1419,3,1786665223.929871,1786665223.930627,1786665223.935252,4.625,45,0
ALL,native,1420,3,1786665223.940842,1786665223.941280,1786665223.944252,2.972,45,0
ALL,native,1421,3,1786665223.949866,1786665223.951346,1786665223.954262,2.916,45,0
ALL,native,1422,3,1786665223.959819,1786665223.960333,1786665223.964729,4.395,45,0
ALL,native,1423,3,1786665223.970387,1786665223.970778,1786665223.976409,5.631,45,0
ALL,native,1424,3,1786665223.982006,1786665223.982502,1786665223.998166,15.663,45,0
ALL,native,1425,3,1786665224.003780,1786665224.004217,1786665224.006162,1.945,45,0
ALL,native,1426,3,1786665224.011787,1786665224.012285,1786665224.015355,3.070,45,0
ALL,native,1427,3,1786665224.020985,1786665224.022354,1786665224.024845,2.491,45,0
ALL,native,1428,3,1786665224.030473,1786665224.030914,1786665224.035263,4.349,45,0
ALL,native,1429,3,1786665224.040879,1786665224.041388,1786665224.043474,2.086,45,0
ALL,native,1430,3,1786665224.049013,1786665224.049451,1786665224.051478,2.027,45,0
ALL,native,1431,3,1786665224.057103,1786665224.057578,1786665224.059600,2.022,45,0
ALL,native,1432,3,1786665224.065178,1786665224.065615,1786665224.066637,1.022,45,0
ALL,native,1433,3,1786665224.072287,1786665224.072779,1786665224.073827,1.048,45,0
ALL,native,1434,3,1786665224.079467,1786665224.080669,1786665224.081683,1.014,45,0
ALL,native,1435,3,1786665224.087328,1786665224.091806,1786665224.093941,2.134,45,0
ALL,native,1436,3,1786665224.099543,1786665224.099993,1786665224.102038,2.044,45,0
ALL,native,1437,3,1786665224.107655,1786665224.108154,1786665224.110317,2.164,45,0
ALL,native,1438,3,1786665224.115940,1786665224.116438,1786665224.118441,2.003,45,0
ALL,native,1439,3,1786665224.124061,1786665224.124507,1786665224.126582,2.074,45,0
ALL,native,1440,3,1786665224.132161,1786665224.132639,1786665224.134645,2.006,45,0
ALL,native,1441,3,1786665224.140281,1786665224.140717,1786665224.145883,5.166,45,0
ALL,native,1442,3,1786665224.151513,1786665224.151998,1786665224.154130,2.132,45,0
ALL,native,1443,3,1786665224.159760,1786665224.160249,1786665224.164698,4.449,45,0
ALL,native,1444,3,1786665224.170342,1786665224.170811,1786665224.172971,2.160,45,0
ALL,native,1445,3,1786665224.178582,1786665224.179064,1786665224.185283,6.219,45,0
ALL,native,1446,3,1786665224.190909,1786665224.191348,1786665224.203373,12.025,45,0
ALL,native,1447,3,1786665224.208984,1786665224.209923,1786665224.211585,1.662,45,0
ALL,native,1448,3,1786665224.217162,1786665224.218255,1786665224.220861,2.606,45,0
ALL,native,1449,3,1786665224.226517,1786665224.227004,1786665224.229201,2.198,45,0
ALL,native,1450,3,1786665224.234821,1786665224.235330,1786665224.236342,1.012,45,0
ALL,native,1451,3,1786665224.241955,1786665224.243247,1786665224.244316,1.070,45,0
ALL,native,1452,3,1786665224.249941,1786665224.251443,1786665224.254254,2.811,45,0
ALL,native,1453,3,1786665224.259844,1786665224.260336,1786665224.264715,4.379,45,0
ALL,native,1454,3,1786665224.270346,1786665224.270832,1786665224.274191,3.359,45,0
ALL,native,1455,3,1786665224.279808,1786665224.280745,1786665224.285286,4.541,45,0
ALL,native,1456,3,1786665224.290875,1786665224.291314,1786665224.294223,2.909,45,0
ALL,native,1457,3,1786665224.299822,1786665224.302694,1786665224.304242,1.548,45,0
ALL,native,1458,3,1786665224.309855,1786665224.310352,1786665224.314725,4.374,45,0
ALL,native,1459,3,1786665224.320369,1786665224.320861,1786665224.324193,3.333,45,0
ALL,native,1460,3,1786665224.329798,1786665224.330762,1786665224.335272,4.509,45,0
ALL,native,1461,3,1786665224.340893,1786665224.341336,1786665224.344265,2.930,45,0
ALL,native,1462,3,1786665224.349896,1786665224.351403,1786665224.354216,2.812,45,0
ALL,native,1463,3,1786665224.359850,1786665224.360318,1786665224.369202,8.884,45,0
ALL,native,1464,3,1786665224.374822,1786665224.375276,1786665224.385277,10.001,45,0
ALL,native,1465,3,1786665224.390917,1786665224.391365,1786665224.399241,7.876,45,0
ALL,native,1466,3,1786665224.404800,1786665224.407712,1786665224.414763,7.051,45,0
ALL,native,1467,3,1786665224.420430,1786665224.420869,1786665224.424244,3.376,45,0
ALL,native,1468,3,1786665224.429874,1786665224.430763,1786665224.435216,4.454,45,0
ALL,native,1469,3,1786665224.440808,1786665224.441226,1786665224.444268,3.042,45,0
ALL,native,1470,3,1786665224.449935,1786665224.451414,1786665224.454229,2.815,45,0
ALL,native,1471,3,1786665224.459860,1786665224.460351,1786665224.464793,4.442,45,0
ALL,native,1472,3,1786665224.470392,1786665224.470879,1786665224.474212,3.333,45,0
ALL,native,1473,3,1786665224.479821,1786665224.480806,1786665224.485285,4.479,45,0
ALL,native,1474,3,1786665224.490824,1786665224.491285,1786665224.494233,2.948,45,0
ALL,native,1475,3,1786665224.499837,1786665224.500274,1786665224.502312,2.038,45,0
ALL,native,1476,3,1786665224.507909,1786665224.512551,1786665224.514596,2.045,45,0
ALL,native,1477,3,1786665224.520219,1786665224.520717,1786665224.522661,1.944,45,0
ALL,native,1478,3,1786665224.528313,1786665224.528819,1786665224.532779,3.960,45,0
ALL,native,1479,3,1786665224.538402,1786665224.539180,1786665224.540227,1.047,45,0
ALL,native,1480,3,1786665224.545846,1786665224.547297,1786665224.548265,0.968,45,0
ALL,native,1481,3,1786665224.553899,1786665224.554345,1786665224.556351,2.006,45,0
ALL,native,1482,3,1786665224.561980,1786665224.562464,1786665224.564470,2.006,45,0
ALL,native,1483,3,1786665224.570099,1786665224.570538,1786665224.572587,2.049,45,0
ALL,native,1484,3,1786665224.578127,1786665224.578558,1786665224.580568,2.009,45,0
ALL,native,1485,3,1786665224.586178,1786665224.586625,1786665224.587657,1.031,45,0
ALL,native,1486,3,1786665224.593277,1786665224.593761,1786665224.594794,1.033,45,0
ALL,native,1487,3,1786665224.600448,1786665224.601705,1786665224.602712,1.008,45,0
ALL,native,1488,3,1786665224.608362,1786665224.609867,1786665224.610873,1.006,45,0
ALL,native,1489,3,1786665224.616517,1786665224.618452,1786665224.619451,1.000,45,0
