session,replicate,block,policy_name,arm,mode,txn_index,txn_class,func,t_req_ns,tcp_src_port,tcp_seq,ack_ms,clrt_ms,rt_ms,app_rtt_ms,request_gap_ms,selected_da_ms,selected_gap_ms,selected_r_ms,rand8,ack_minus_selected_ms,response_minus_selected_ms
replicate_00,0,random_screen_20260926T194531Z_r00_da5_gap1_joint_amp0p5,da5_gap1_joint_amp0p5,obfuscated,D4,0,READ,1,1790451971410317092,43403,1675014801,5.606835,21.698764,27.305599,27.721282094717026,,5.499904,0.49996799999999997,5.999872,206,0.10693100000000033,21.305727
replicate_00,0,random_screen_20260926T194531Z_r00_da5_gap1_joint_amp0p5,da5_gap1_joint_amp0p5,obfuscated,D4,1,READ,1,1790451971839386578,43403,1675014821,4.595238,0.512968,5.108206,5.489713978022337,429.069486,4.499968,0.49996799999999997,4.999936,5,0.09527000000000019,0.10827000000000009
replicate_00,0,random_screen_20260926T194531Z_r00_da5_gap1_joint_amp0p5,da5_gap1_joint_amp0p5,obfuscated,D4,2,READ,1,1790451972245927838,43403,1675014841,5.279768,1.499607,6.779375,7.142546121031046,406.54126,5.166592,1.4999040000000008,6.666496,177,0.11317600000000017,0.11287899999999951
replicate_00,0,random_screen_20260926T194531Z_r00_da5_gap1_joint_amp0p5,da5_gap1_joint_amp0p5,obfuscated,D4,3,READ,1,1790451972654082692,43403,1675014861,4.938998,0.814222,5.75322,6.1165750958025455,408.154854,4.83328,0.8332799999999994,5.66656,80,0.10571799999999953,0.08666000000000018
replicate_00,0,random_screen_20260926T194531Z_r00_da5_gap1_joint_amp0p5,da5_gap1_joint_amp0p5,obfuscated,D4,4,READ,1,1790451973061223090,43403,1675014881,4.941025,1.525234,6.466259,6.84765912592411,407.140398,4.83328,1.499904,6.333184,112,0.10774499999999954,0.13307499999999983
replicate_00,0,random_screen_20260926T194531Z_r00_da5_gap1_joint_amp0p5,da5_gap1_joint_amp0p5,obfuscated,D4,5,READ,1,1790451973469054657,43403,1675014901,5.272455,1.098154,6.370609,6.683357059955597,407.831567,5.166592,1.1665920000000005,6.333184,175,0.10586300000000026,0.03742499999999982
replicate_00,0,random_screen_20260926T194531Z_r00_da5_gap1_joint_amp0p5,da5_gap1_joint_amp0p5,obfuscated,D4,6,READ,1,1790451973876721005,43403,1675014921,5.274215,1.437237,6.711452,7.077150046825409,407.666348,5.166592,1.4999040000000008,6.666496,176,0.10762300000000025,0.044955999999999996
replicate_00,0,random_screen_20260926T194531Z_r00_da5_gap1_joint_amp0p5,da5_gap1_joint_amp0p5,obfuscated,D4,7,READ,1,1790451974284715906,43403,1675014941,5.257561,0.516686,5.774247,6.137203890830278,407.994901,5.166592,0.49996799999999997,5.66656,135,0.0909690000000003,0.10768700000000031
replicate_00,0,random_screen_20260926T194531Z_r00_da5_gap1_joint_amp0p5,da5_gap1_joint_amp0p5,obfuscated,D4,8,READ,1,1790451974691779966,43403,1675014961,4.615379,1.495106,6.110485,6.510477978736162,407.06406,4.499968,1.499904,5.999872,63,0.11541099999999993,0.11061299999999985
replicate_00,0,random_screen_20260926T194531Z_r00_da5_gap1_joint_amp0p5,da5_gap1_joint_amp0p5,obfuscated,D4,9,READ,1,1790451975099313882,43403,1675014981,5.276259,0.493222,5.769481,6.426563020795584,407.533916,5.166592,0.49996799999999997,5.66656,139,0.10966699999999996,0.10292100000000026
replicate_00,0,random_screen_20260926T194531Z_r00_da5_gap1_joint_amp0p5,da5_gap1_joint_amp0p5,obfuscated,D4,10,READ,1,1790451975506923304,43403,1675015001,5.580984,1.124363,6.705347,7.065962068736553,407.609422,5.499904,1.1665920000000005,6.666496,234,0.08108000000000004,0.0388509999999993
replicate_00,0,random_screen_20260926T194531Z_r00_da5_gap1_joint_amp0p5,da5_gap1_joint_amp0p5,obfuscated,D4,11,READ,1,1790451975915022495,43403,1675015021,5.605242,10.514752,16.119994,16.504880972206593,408.099191,5.499904,1.499904,6.999808,252,0.10533799999999971,9.120185999999999
replicate_00,0,random_screen_20260926T194531Z_r00_da5_gap1_joint_amp0p5,da5_gap1_joint_amp0p5,obfuscated,D4,12,READ,1,1790451976332622575,43403,1675015041,4.583768,1.174043,5.757811,6.121760234236717,417.60008,4.499968,1.1665919999999996,5.66656,41,0.0838000000000001,0.09125100000000064
replicate_00,0,random_screen_20260926T194531Z_r00_da5_gap1_joint_amp0p5,da5_gap1_joint_amp0p5,obfuscated,D4,13,READ,1,1790451976739735935,43403,1675015061,5.264199,0.841833,6.106032,6.467585917562246,407.11336,5.166592,0.8332800000000002,5.999872,153,0.097607,0.10616000000000003
replicate_00,0,random_screen_20260926T194531Z_r00_da5_gap1_joint_amp0p5,da5_gap1_joint_amp0p5,obfuscated,D4,14,READ,1,1790451977147259025,43403,1675015081,5.271547,0.833582,6.105129,6.502815987914801,407.52309,5.166592,0.8332800000000002,5.999872,148,0.10495500000000035,0.10525699999999993
replicate_00,0,random_screen_20260926T194531Z_r00_da5_gap1_joint_amp0p5,da5_gap1_joint_amp0p5,obfuscated,D4,15,READ,1,1790451977554817794,43403,1675015101,5.275364,0.428677,5.704041,6.055653095245361,407.558769,5.166592,0.49996799999999997,5.66656,134,0.10877200000000009,0.03748100000000054
replicate_00,0,random_screen_20260926T194531Z_r00_da5_gap1_joint_amp0p5,da5_gap1_joint_amp0p5,obfuscated,D4,16,READ,1,1790451977961889184,43403,1675015121,5.290545,1.153425,6.44397,6.806246004998684,407.07139,5.166592,1.1665920000000005,6.333184,173,0.1239530000000002,0.11078600000000005
replicate_00,0,random_screen_20260926T194531Z_r00_da5_gap1_joint_amp0p5,da5_gap1_joint_amp0p5,obfuscated,D4,17,READ,1,1790451978369710004,43403,1675015141,5.584132,0.855399,6.439531,6.802294868975878,407.82082,5.499904,0.8332800000000002,6.333184,221,0.08422800000000041,0.10634699999999953
replicate_00,0,random_screen_20260926T194531Z_r00_da5_gap1_joint_amp0p5,da5_gap1_joint_amp0p5,obfuscated,D4,18,READ,1,1790451978777510398,43403,1675015161,5.612072,1.162471,6.774543,7.134926039725542,407.800394,5.499904,1.1665920000000005,6.666496,231,0.11216800000000049,0.108047
replicate_00,0,random_screen_20260926T194531Z_r00_da5_gap1_joint_amp0p5,da5_gap1_joint_amp0p5,obfuscated,D4,19,READ,1,1790451979185822074,43403,1675015181,5.24796,1.190358,6.438318,6.798864807933569,408.311676,5.166592,1.1665920000000005,6.333184,167,0.08136800000000033,0.10513399999999962
replicate_00,0,random_screen_20260926T194531Z_r00_da5_gap1_joint_amp0p5,da5_gap1_joint_amp0p5,obfuscated,D4,20,READ,1,1790451979593611931,43403,1675015201,4.610368,1.851989,6.462357,6.860275287181139,407.789857,4.499968,1.1665919999999996,5.66656,43,0.11040000000000028,0.7957970000000003
replicate_00,0,random_screen_20260926T194531Z_r00_da5_gap1_joint_amp0p5,da5_gap1_joint_amp0p5,obfuscated,D4,21,READ,1,1790451980001443490,43403,1675015221,5.28066,1.494575,6.775235,7.135289721190929,407.831559,5.166592,1.4999040000000008,6.666496,190,0.1140680000000005,0.10873899999999992
replicate_00,0,random_screen_20260926T194531Z_r00_da5_gap1_joint_amp0p5,da5_gap1_joint_amp0p5,obfuscated,D4,22,READ,1,1790451980409541440,43403,1675015241,5.607687,0.503349,6.111036,6.470192223787308,408.09795,5.499904,0.49996799999999997,5.999872,204,0.1077830000000004,0.11116400000000048
replicate_00,0,random_screen_20260926T194531Z_r00_da5_gap1_joint_amp0p5,da5_gap1_joint_amp0p5,obfuscated,D4,23,READ,1,1790451980817037029,43403,1675015261,5.271867,0.831177,6.103044,6.467909552156925,407.495589,5.166592,0.8332800000000002,5.999872,156,0.10527500000000067,0.10317199999999982
replicate_00,0,random_screen_20260926T194531Z_r00_da5_gap1_joint_amp0p5,da5_gap1_joint_amp0p5,obfuscated,D4,24,READ,1,1790451981224669045,43403,1675015281,5.282186,1.489277,6.771463,7.132712751626968,407.632016,5.166592,1.4999040000000008,6.666496,176,0.11559400000000064,0.10496699999999937
replicate_00,0,random_screen_20260926T194531Z_r00_da5_gap1_joint_amp0p5,da5_gap1_joint_amp0p5,obfuscated,D4,25,READ,1,1790451981632802174,43403,1675015301,5.271782,1.500847,6.772629,7.132640108466148,408.133129,5.166592,1.4999040000000008,6.666496,186,0.10519000000000034,0.10613299999999981
replicate_00,0,random_screen_20260926T194531Z_r00_da5_gap1_joint_amp0p5,da5_gap1_joint_amp0p5,obfuscated,D4,26,READ,1,1790451982040938909,43403,1675015321,5.613426,1.485426,7.098852,7.494541350752115,408.136735,5.499904,1.499904,6.999808,242,0.11352199999999968,0.09904400000000013
replicate_00,0,random_screen_20260926T194531Z_r00_da5_gap1_joint_amp0p5,da5_gap1_joint_amp0p5,obfuscated,D4,27,READ,1,1790451982449432937,43403,1675015341,5.606467,0.845064,6.451531,6.834354717284441,408.494028,5.499904,0.8332800000000002,6.333184,218,0.10656300000000041,0.11834699999999998
replicate_00,0,random_screen_20260926T194531Z_r00_da5_gap1_joint_amp0p5,da5_gap1_joint_amp0p5,obfuscated,D4,28,READ,1,1790451982857434357,43403,1675015361,4.941049,1.16642,6.107469,6.470398046076298,408.00142,4.83328,1.1665919999999996,5.999872,106,0.10776899999999934,0.10759700000000016
replicate_00,0,random_screen_20260926T194531Z_r00_da5_gap1_joint_amp0p5,da5_gap1_joint_amp0p5,obfuscated,D4,29,READ,1,1790451983264914530,43403,1675015381,4.606148,0.496861,5.103009,5.50243491306901,407.480173,4.499968,0.49996799999999997,4.999936,12,0.10618000000000016,0.10307300000000019
replicate_00,0,random_screen_20260926T194531Z_r00_da5_gap1_joint_amp0p5,da5_gap1_joint_amp0p5,obfuscated,D4,30,READ,1,1790451983671417083,43403,1675015401,4.945262,0.822025,5.767287,6.131913047283888,406.502553,4.83328,0.8332799999999994,5.66656,94,0.11198199999999936,0.10072700000000001
replicate_00,0,random_screen_20260926T194531Z_r00_da5_gap1_joint_amp0p5,da5_gap1_joint_amp0p5,obfuscated,D4,31,READ,1,1790451984078554384,43403,1675015421,4.870803,0.568153,5.438956,5.830163136124611,407.137301,4.83328,0.49996799999999997,5.333248,76,0.037523000000000195,0.10570799999999991
replicate_00,0,random_screen_20260926T194531Z_r00_da5_gap1_joint_amp0p5,da5_gap1_joint_amp0p5,obfuscated,D4,32,READ,1,1790451984485371784,43403,1675015441,4.610924,0.840863,5.451787,5.813466850668192,406.8174,4.499968,0.8332800000000002,5.333248,16,0.11095599999999983,0.11853900000000017
replicate_00,0,random_screen_20260926T194531Z_r00_da5_gap1_joint_amp0p5,da5_gap1_joint_amp0p5,obfuscated,D4,33,READ,1,1790451984892143827,43403,1675015461,5.619391,0.82826,6.447651,6.825943943113089,406.772043,5.499904,0.8332800000000002,6.333184,219,0.11948700000000034,0.11446699999999943
replicate_00,0,random_screen_20260926T194531Z_r00_da5_gap1_joint_amp0p5,da5_gap1_joint_amp0p5,obfuscated,D4,34,READ,1,1790451985299974336,43403,1675015481,4.610456,2.258115,6.868571,7.232298143208027,407.830509,4.499968,0.8332800000000002,5.333248,18,0.11048800000000014,1.535323
replicate_00,0,random_screen_20260926T194531Z_r00_da5_gap1_joint_amp0p5,da5_gap1_joint_amp0p5,obfuscated,D4,35,READ,1,1790451985708258324,43403,1675015501,5.272525,1.166597,6.439122,6.837818771600723,408.283988,5.166592,1.1665920000000005,6.333184,166,0.10593300000000028,0.10593800000000009
replicate_00,0,random_screen_20260926T194531Z_r00_da5_gap1_joint_amp0p5,da5_gap1_joint_amp0p5,obfuscated,D4,36,READ,1,1790451986116025518,43403,1675015521,5.609741,1.494917,7.104658,7.476882077753544,407.767194,5.499904,1.499904,6.999808,255,0.10983699999999974,0.10484999999999989
replicate_00,0,random_screen_20260926T194531Z_r00_da5_gap1_joint_amp0p5,da5_gap1_joint_amp0p5,obfuscated,D4,37,READ,1,1790451986524648919,43403,1675015541,5.658123,1.146691,6.804814,7.17031117528677,408.623401,5.499904,1.1665920000000005,6.666496,228,0.1582189999999999,0.13831799999999994
replicate_00,0,random_screen_20260926T194531Z_r00_da5_gap1_joint_amp0p5,da5_gap1_joint_amp0p5,obfuscated,D4,38,READ,1,1790451986932856482,43403,1675015561,4.939297,1.166564,6.105861,6.509356200695038,408.207563,4.83328,1.1665919999999996,5.999872,102,0.10601699999999958,0.10598900000000011
replicate_00,0,random_screen_20260926T194531Z_r00_da5_gap1_joint_amp0p5,da5_gap1_joint_amp0p5,obfuscated,D4,39,READ,1,1790451987340293039,43403,1675015581,4.93533,2.558754,7.494084,7.873599883168936,407.436557,4.83328,0.8332799999999994,5.66656,84,0.1020500000000002,1.8275240000000004
replicate_00,0,random_screen_20260926T194531Z_r00_da5_gap1_joint_amp0p5,da5_gap1_joint_amp0p5,obfuscated,D4,40,READ,1,1790451987749167091,43403,1675015601,4.930208,1.175511,6.105719,6.464621983468533,408.874052,4.83328,1.1665919999999996,5.999872,100,0.09692800000000013,0.1058469999999998
replicate_00,0,random_screen_20260926T194531Z_r00_da5_gap1_joint_amp0p5,da5_gap1_joint_amp0p5,obfuscated,D4,41,READ,1,1790451988156681361,43403,1675015621,5.597788,1.487557,7.085345,7.44478078559041,407.51427,5.499904,1.499904,6.999808,255,0.09788400000000053,0.08553700000000042
replicate_00,0,random_screen_20260926T194531Z_r00_da5_gap1_joint_amp0p5,da5_gap1_joint_amp0p5,obfuscated,D4,42,READ,1,1790451988565118651,43403,1675015641,4.94497,0.420485,5.365455,5.713541992008686,408.43729,4.83328,0.49996799999999997,5.333248,76,0.1116899999999994,0.03220699999999965
replicate_00,0,random_screen_20260926T194531Z_r00_da5_gap1_joint_amp0p5,da5_gap1_joint_amp0p5,obfuscated,D4,43,READ,1,1790451988971758116,43403,1675015661,5.608632,1.168763,6.777395,7.1376110427081585,406.639465,5.499904,1.1665920000000005,6.666496,233,0.10872800000000016,0.11089899999999986
replicate_00,0,random_screen_20260926T194531Z_r00_da5_gap1_joint_amp0p5,da5_gap1_joint_amp0p5,obfuscated,D4,44,READ,1,1790451989379858535,43403,1675015681,4.942776,2.151806,7.094582,7.5420960783958435,408.100419,4.83328,1.1665919999999996,5.999872,103,0.10949600000000004,1.09471
replicate_00,0,random_screen_20260926T194531Z_r00_da5_gap1_joint_amp0p5,da5_gap1_joint_amp0p5,obfuscated,D4,45,READ,1,1790451989788410178,43403,1675015701,4.94422,1.172033,6.116253,6.476216018199921,408.551643,4.83328,1.1665919999999996,5.999872,104,0.11093999999999937,0.11638100000000051
replicate_00,0,random_screen_20260926T194531Z_r00_da5_gap1_joint_amp0p5,da5_gap1_joint_amp0p5,obfuscated,D4,46,READ,1,1790451990196019019,43403,1675015721,4.9492,1.500545,6.449745,6.810889113694429,407.608841,4.83328,1.499904,6.333184,122,0.11592000000000002,0.11656099999999991
replicate_00,0,random_screen_20260926T194531Z_r00_da5_gap1_joint_amp0p5,da5_gap1_joint_amp0p5,obfuscated,D4,47,READ,1,1790451990603757248,43403,1675015741,4.608153,1.168666,5.776819,6.139765959233046,407.738229,4.499968,1.1665919999999996,5.66656,36,0.10818499999999975,0.1102590000000001
replicate_00,0,random_screen_20260926T194531Z_r00_da5_gap1_joint_amp0p5,da5_gap1_joint_amp0p5,obfuscated,D4,48,READ,1,1790451991010947163,43403,1675015761,5.266824,0.850585,6.117409,6.509928964078426,407.189915,5.166592,0.8332800000000002,5.999872,157,0.1002320000000001,0.11753700000000045
replicate_00,0,random_screen_20260926T194531Z_r00_da5_gap1_joint_amp0p5,da5_gap1_joint_amp0p5,obfuscated,D4,49,READ,1,1790451991418436306,43403,1675015781,5.283428,1.488768,6.772196,7.134702987968922,407.489143,5.166592,1.4999040000000008,6.666496,185,0.11683600000000016,0.10569999999999968
replicate_00,0,random_screen_20260926T194531Z_r00_da5_gap1_joint_amp0p5,da5_gap1_joint_amp0p5,obfuscated,D4,50,READ,1,1790451991826545596,43403,1675015801,4.593559,1.881392,6.474951,6.871332880109549,408.10929,4.499968,1.1665919999999996,5.66656,46,0.09359099999999998,0.8083910000000003
replicate_00,0,random_screen_20260926T194531Z_r00_da5_gap1_joint_amp0p5,da5_gap1_joint_amp0p5,obfuscated,D4,51,READ,1,1790451992234440280,43403,1675015821,5.278519,1.491579,6.770098,7.130829151719809,407.894684,5.166592,1.4999040000000008,6.666496,188,0.11192700000000055,0.10360199999999953
replicate_00,0,random_screen_20260926T194531Z_r00_da5_gap1_joint_amp0p5,da5_gap1_joint_amp0p5,obfuscated,D4,52,READ,1,1790451992642552751,43403,1675015841,4.591959,1.517271,6.10923,6.474863737821579,408.112471,4.499968,1.499904,5.999872,53,0.09199100000000016,0.10935800000000029
replicate_00,0,random_screen_20260926T194531Z_r00_da5_gap1_joint_amp0p5,da5_gap1_joint_amp0p5,obfuscated,D4,53,READ,1,1790451993050058507,43403,1675015861,4.605485,0.838488,5.443973,5.807867739349604,407.505756,4.499968,0.8332800000000002,5.333248,18,0.10551699999999986,0.11072499999999952
replicate_00,0,random_screen_20260926T194531Z_r00_da5_gap1_joint_amp0p5,da5_gap1_joint_amp0p5,obfuscated,D4,54,READ,1,1790451993456891374,43403,1675015881,5.259856,0.846391,6.106247,6.502452772110701,406.832867,5.166592,0.8332800000000002,5.999872,156,0.09326400000000046,0.10637499999999989
replicate_00,0,random_screen_20260926T194531Z_r00_da5_gap1_joint_amp0p5,da5_gap1_joint_amp0p5,obfuscated,D4,55,READ,1,1790451993864597096,43403,1675015901,4.944744,2.58221,7.526954,7.892237044870853,407.705722,4.83328,0.49996799999999997,5.333248,69,0.11146399999999979,2.1937059999999997
replicate_00,0,random_screen_20260926T194531Z_r00_da5_gap1_joint_amp0p5,da5_gap1_joint_amp0p5,obfuscated,D4,56,READ,1,1790451994273485288,43403,1675015921,4.610728,0.830724,5.441452,5.8404020965099335,408.888192,4.499968,0.8332800000000002,5.333248,27,0.11075999999999997,0.10820399999999974
replicate_00,0,random_screen_20260926T194531Z_r00_da5_gap1_joint_amp0p5,da5_gap1_joint_amp0p5,obfuscated,D4,57,READ,1,1790451994680331397,43403,1675015941,5.609988,1.162018,6.772006,7.150567136704922,406.846109,5.499904,1.1665920000000005,6.666496,232,0.11008400000000051,0.10550999999999977
replicate_00,0,random_screen_20260926T194531Z_r00_da5_gap1_joint_amp0p5,da5_gap1_joint_amp0p5,obfuscated,D4,58,READ,1,1790451995088452375,43403,1675015961,4.947474,1.157755,6.105229,6.4650340937078,408.120978,4.83328,1.1665919999999996,5.999872,103,0.11419399999999946,0.1053569999999997
replicate_00,0,random_screen_20260926T194531Z_r00_da5_gap1_joint_amp0p5,da5_gap1_joint_amp0p5,obfuscated,D4,59,READ,1,1790451995495959188,43403,1675015981,4.945513,1.498074,6.443587,6.806029938161373,407.506813,4.83328,1.499904,6.333184,116,0.1122329999999998,0.1104029999999998
replicate_00,0,random_screen_20260926T194531Z_r00_da5_gap1_joint_amp0p5,da5_gap1_joint_amp0p5,obfuscated,D4,60,READ,1,1790451995903857963,43403,1675016001,4.606075,1.166056,5.772131,6.133341696113348,407.898775,4.499968,1.1665919999999996,5.66656,41,0.10610699999999973,0.1055710000000003
replicate_00,0,random_screen_20260926T194531Z_r00_da5_gap1_joint_amp0p5,da5_gap1_joint_amp0p5,obfuscated,D4,61,READ,1,1790451996310988060,43403,1675016021,4.935674,1.859719,6.795393,7.158814929425716,407.130097,4.83328,1.1665919999999996,5.999872,99,0.10239399999999943,0.7955209999999999
replicate_00,0,random_screen_20260926T194531Z_r00_da5_gap1_joint_amp0p5,da5_gap1_joint_amp0p5,obfuscated,D4,62,READ,1,1790451996719146656,43403,1675016041,5.273077,0.836723,6.1098,6.471442058682442,408.158596,5.166592,0.8332800000000002,5.999872,154,0.10648500000000016,0.10992800000000003
replicate_00,0,random_screen_20260926T194531Z_r00_da5_gap1_joint_amp0p5,da5_gap1_joint_amp0p5,obfuscated,D4,63,READ,1,1790451997126617865,43403,1675016061,4.919809,1.527006,6.446815,6.840154062956572,407.471209,4.83328,1.499904,6.333184,115,0.08652899999999963,0.11363099999999982
replicate_00,0,random_screen_20260926T194531Z_r00_da5_gap1_joint_amp0p5,da5_gap1_joint_amp0p5,obfuscated,D4,64,READ,1,1790451997534638418,43403,1675016081,4.914979,1.203184,6.118163,6.482412107288837,408.020553,4.83328,1.1665919999999996,5.999872,105,0.08169899999999952,0.11829100000000015
replicate_00,0,random_screen_20260926T194531Z_r00_da5_gap1_joint_amp0p5,da5_gap1_joint_amp0p5,obfuscated,D4,65,READ,1,1790451997942118037,43403,1675016101,4.587602,1.500295,6.087897,6.453720852732658,407.479619,4.499968,1.499904,5.999872,50,0.08763400000000043,0.08802500000000002
replicate_00,0,random_screen_20260926T194531Z_r00_da5_gap1_joint_amp0p5,da5_gap1_joint_amp0p5,obfuscated,D4,66,READ,1,1790451998349632497,43403,1675016121,4.938399,2.501642,7.440041,7.835559081286192,407.51446,4.83328,1.1665919999999996,5.999872,108,0.10511900000000018,1.440169
replicate_00,0,random_screen_20260926T194531Z_r00_da5_gap1_joint_amp0p5,da5_gap1_joint_amp0p5,obfuscated,D4,67,READ,1,1790451998758455025,43403,1675016141,4.608989,1.498532,6.107521,6.4675710164010525,408.822528,4.499968,1.499904,5.999872,55,0.10902100000000026,0.10764900000000033
replicate_00,0,random_screen_20260926T194531Z_r00_da5_gap1_joint_amp0p5,da5_gap1_joint_amp0p5,obfuscated,D4,68,READ,1,1790451999165913245,43403,1675016161,4.605598,0.501231,5.106829,5.521360784769058,407.45822,4.499968,0.49996799999999997,4.999936,6,0.10562999999999967,0.10689300000000035
replicate_00,0,random_screen_20260926T194531Z_r00_da5_gap1_joint_amp0p5,da5_gap1_joint_amp0p5,obfuscated,D4,69,READ,1,1790451999572421280,43403,1675016181,4.612848,1.492293,6.105141,6.46703178063035,406.508035,4.499968,1.499904,5.999872,50,0.11287999999999965,0.10526899999999983
replicate_00,0,random_screen_20260926T194531Z_r00_da5_gap1_joint_amp0p5,da5_gap1_joint_amp0p5,obfuscated,D4,70,READ,1,1790451999979822607,43403,1675016201,4.938914,0.83691,5.775824,6.1386339366436005,407.401327,4.83328,0.8332799999999994,5.66656,94,0.10563399999999934,0.10926400000000047
replicate_00,0,random_screen_20260926T194531Z_r00_da5_gap1_joint_amp0p5,da5_gap1_joint_amp0p5,obfuscated,D4,71,READ,1,1790452000386928230,43403,1675016221,5.610856,1.163869,6.774725,7.138560991734266,407.105623,5.499904,1.1665920000000005,6.666496,239,0.11095200000000016,0.10822899999999969
replicate_00,0,random_screen_20260926T194531Z_r00_da5_gap1_joint_amp0p5,da5_gap1_joint_amp0p5,obfuscated,D4,72,READ,1,1790452000795096419,43403,1675016241,5.609022,1.167353,6.776375,7.137730251997709,408.168189,5.499904,1.1665920000000005,6.666496,239,0.10911800000000049,0.1098789999999994
replicate_00,0,random_screen_20260926T194531Z_r00_da5_gap1_joint_amp0p5,da5_gap1_joint_amp0p5,obfuscated,D4,73,READ,1,1790452001203517855,43403,1675016261,4.613212,1.491771,6.104983,6.46809209138155,408.421436,4.499968,1.499904,5.999872,53,0.1132439999999999,0.10511099999999995
replicate_00,0,random_screen_20260926T194531Z_r00_da5_gap1_joint_amp0p5,da5_gap1_joint_amp0p5,obfuscated,D4,74,READ,1,1790452001610989393,43403,1675016281,5.258873,0.514826,5.773699,6.136687006801367,407.471538,5.166592,0.49996799999999997,5.66656,133,0.09228100000000072,0.1071390000000001
replicate_00,0,random_screen_20260926T194531Z_r00_da5_gap1_joint_amp0p5,da5_gap1_joint_amp0p5,obfuscated,D4,75,READ,1,1790452002018169657,43403,1675016301,5.608914,1.494634,7.103548,7.472878787666559,407.180264,5.499904,1.499904,6.999808,241,0.1090100000000005,0.10374000000000017
replicate_00,0,random_screen_20260926T194531Z_r00_da5_gap1_joint_amp0p5,da5_gap1_joint_amp0p5,obfuscated,D4,76,READ,1,1790452002426633461,43403,1675016321,5.598061,1.514074,7.112135,7.473976816982031,408.463804,5.499904,1.499904,6.999808,244,0.0981570000000005,0.11232700000000051
replicate_00,0,random_screen_20260926T194531Z_r00_da5_gap1_joint_amp0p5,da5_gap1_joint_amp0p5,obfuscated,D4,77,READ,1,1790452002835159041,43403,1675016341,4.607119,1.485527,6.092646,6.453061010688543,408.52558,4.499968,1.499904,5.999872,49,0.107151,0.09277400000000036
replicate_00,0,random_screen_20260926T194531Z_r00_da5_gap1_joint_amp0p5,da5_gap1_joint_amp0p5,obfuscated,D4,78,READ,1,1790452003242638761,43403,1675016361,4.600202,0.510745,5.110947,5.472124088555574,407.47972,4.499968,0.49996799999999997,4.999936,6,0.10023400000000038,0.11101100000000041
replicate_00,0,random_screen_20260926T194531Z_r00_da5_gap1_joint_amp0p5,da5_gap1_joint_amp0p5,obfuscated,D4,79,READ,1,1790452003649133098,43403,1675016381,5.608788,1.498737,7.107525,7.472386118024588,406.494337,5.499904,1.499904,6.999808,240,0.10888399999999976,0.10771700000000006
replicate_00,0,random_screen_20260926T194531Z_r00_da5_gap1_joint_amp0p5,da5_gap1_joint_amp0p5,obfuscated,D4,80,READ,1,1790452004057602891,43403,1675016401,5.605246,1.512111,7.117357,7.481677923351526,408.469793,5.499904,1.499904,6.999808,255,0.10534200000000027,0.11754900000000035
replicate_00,0,random_screen_20260926T194531Z_r00_da5_gap1_joint_amp0p5,da5_gap1_joint_amp0p5,obfuscated,D4,81,READ,1,1790452004466055237,43403,1675016421,4.610194,1.516491,6.126685,6.5085869282484055,408.452346,4.499968,1.499904,5.999872,52,0.11022599999999994,0.1268130000000003
replicate_00,0,random_screen_20260926T194531Z_r00_da5_gap1_joint_amp0p5,da5_gap1_joint_amp0p5,obfuscated,D4,82,READ,1,1790452004873839426,43403,1675016441,5.610517,0.494238,6.104755,6.505575962364674,407.784189,5.499904,0.49996799999999997,5.999872,201,0.11061299999999985,0.10488300000000006
replicate_00,0,random_screen_20260926T194531Z_r00_da5_gap1_joint_amp0p5,da5_gap1_joint_amp0p5,obfuscated,D4,83,READ,1,1790452005281377576,43403,1675016461,5.605301,1.147717,6.753018,7.116675842553377,407.53815,5.499904,1.1665920000000005,6.666496,237,0.10539699999999996,0.08652199999999954
replicate_00,0,random_screen_20260926T194531Z_r00_da5_gap1_joint_amp0p5,da5_gap1_joint_amp0p5,obfuscated,D4,84,READ,1,1790452005689479690,43403,1675016481,4.936481,1.174615,6.111096,6.473310757428408,408.102114,4.83328,1.1665919999999996,5.999872,102,0.10320099999999943,0.11122399999999999
replicate_00,0,random_screen_20260926T194531Z_r00_da5_gap1_joint_amp0p5,da5_gap1_joint_amp0p5,obfuscated,D4,85,READ,1,1790452006096981836,43403,1675016501,4.946453,1.498555,6.445008,6.807663012295961,407.502146,4.83328,1.499904,6.333184,117,0.11317299999999975,0.11182399999999948
replicate_00,0,random_screen_20260926T194531Z_r00_da5_gap1_joint_amp0p5,da5_gap1_joint_amp0p5,obfuscated,D4,86,READ,1,1790452006504828490,43403,1675016521,5.614433,1.162504,6.776937,7.147538010030985,407.846654,5.499904,1.1665920000000005,6.666496,231,0.1145290000000001,0.11044099999999979
replicate_00,0,random_screen_20260926T194531Z_r00_da5_gap1_joint_amp0p5,da5_gap1_joint_amp0p5,obfuscated,D4,87,READ,1,1790452006913090127,43403,1675016541,4.607106,0.503225,5.110331,5.4737660102546215,408.261637,4.499968,0.49996799999999997,4.999936,13,0.10713799999999996,0.11039500000000046
replicate_00,0,random_screen_20260926T194531Z_r00_da5_gap1_joint_amp0p5,da5_gap1_joint_amp0p5,obfuscated,D4,88,READ,1,1790452007319534880,43403,1675016561,5.60872,1.496076,7.104796,7.468007039278746,406.444753,5.499904,1.499904,6.999808,242,0.10881600000000002,0.10498800000000053
replicate_00,0,random_screen_20260926T194531Z_r00_da5_gap1_joint_amp0p5,da5_gap1_joint_amp0p5,obfuscated,D4,89,READ,1,1790452007728058190,43403,1675016581,4.93955,1.17048,6.11003,6.473449058830738,408.52331,4.83328,1.1665919999999996,5.999872,107,0.10626999999999942,0.1101580000000002
replicate_00,0,random_screen_20260926T194531Z_r00_da5_gap1_joint_amp0p5,da5_gap1_joint_amp0p5,obfuscated,D4,90,READ,1,1790452008135532547,43403,1675016601,4.628264,1.478307,6.106571,6.468983832746744,407.474357,4.499968,1.499904,5.999872,50,0.12829599999999974,0.10669899999999988
replicate_00,0,random_screen_20260926T194531Z_r00_da5_gap1_joint_amp0p5,da5_gap1_joint_amp0p5,obfuscated,D4,91,READ,1,1790452008543282421,43403,1675016621,5.606465,1.495172,7.101637,7.499133702367544,407.749874,5.499904,1.499904,6.999808,254,0.10656100000000013,0.10182900000000039
replicate_00,0,random_screen_20260926T194531Z_r00_da5_gap1_joint_amp0p5,da5_gap1_joint_amp0p5,obfuscated,D4,92,READ,1,1790452008951818146,43403,1675016641,4.943083,0.82934,5.772423,6.137264892458916,408.535725,4.83328,0.8332799999999994,5.66656,85,0.10980299999999943,0.10586300000000026
replicate_00,0,random_screen_20260926T194531Z_r00_da5_gap1_joint_amp0p5,da5_gap1_joint_amp0p5,obfuscated,D4,93,READ,1,1790452009358908562,43403,1675016661,4.945751,1.489981,6.435732,6.831048056483269,407.090416,4.83328,1.499904,6.333184,127,0.11247099999999932,0.10254799999999964
replicate_00,0,random_screen_20260926T194531Z_r00_da5_gap1_joint_amp0p5,da5_gap1_joint_amp0p5,obfuscated,D4,94,READ,1,1790452009766718799,43403,1675016681,4.878762,0.895316,5.774078,6.136998068541288,407.810237,4.83328,0.8332799999999994,5.66656,87,0.0454819999999998,0.10751800000000067
replicate_00,0,random_screen_20260926T194531Z_r00_da5_gap1_joint_amp0p5,da5_gap1_joint_amp0p5,obfuscated,D4,95,READ,1,1790452010173865524,43403,1675016701,4.606437,1.099242,5.705679,6.069356109946966,407.146725,4.499968,1.1665919999999996,5.66656,39,0.1064689999999997,0.03911900000000035
replicate_00,0,random_screen_20260926T194531Z_r00_da5_gap1_joint_amp0p5,da5_gap1_joint_amp0p5,obfuscated,D4,96,READ,1,1790452010580905937,43403,1675016721,4.943746,1.181561,6.125307,6.54329638928175,407.040413,4.83328,1.1665919999999996,5.999872,97,0.11046599999999973,0.1254350000000004
replicate_00,0,random_screen_20260926T194531Z_r00_da5_gap1_joint_amp0p5,da5_gap1_joint_amp0p5,obfuscated,D4,97,READ,1,1790452010988444192,43403,1675016741,5.611546,8.302077,13.913623,14.275695197284222,407.538255,5.499904,1.1665920000000005,6.666496,228,0.1116419999999998,7.247126999999999
replicate_00,0,random_screen_20260926T194531Z_r00_da5_gap1_joint_amp0p5,da5_gap1_joint_amp0p5,obfuscated,D4,98,READ,1,1790452011403645737,43403,1675016761,5.27511,0.489122,5.764232,6.125916726887226,415.201545,5.166592,0.49996799999999997,5.66656,133,0.10851800000000011,0.0976720000000002
replicate_00,0,random_screen_20260926T194531Z_r00_da5_gap1_joint_amp0p5,da5_gap1_joint_amp0p5,obfuscated,D4,99,READ,1,1790452011810809041,43403,1675016781,4.943842,0.495361,5.439203,5.803342908620834,407.163304,4.83328,0.49996799999999997,5.333248,64,0.11056199999999983,0.1059549999999998
replicate_00,0,random_screen_20260926T194531Z_r00_da5_gap1_joint_amp0p5,da5_gap1_joint_amp0p5,obfuscated,D4,100,SELECT,3,1790452012218111683,43403,1675016801,4.612968,0.492919,5.105887,5.489842966198921,407.302642,4.499968,0.49996799999999997,4.999936,5,0.11300000000000043,0.10595100000000013
replicate_00,0,random_screen_20260926T194531Z_r00_da5_gap1_joint_amp0p5,da5_gap1_joint_amp0p5,obfuscated,D4,101,OPERATE,4,1790452012223907958,43403,1675016846,4.869858,1.552108,6.421966,6.793422158807516,5.796275,4.83328,1.499904,6.333184,117,0.036577999999999555,0.08878200000000014
replicate_00,0,random_screen_20260926T194531Z_r00_da5_gap1_joint_amp0p5,da5_gap1_joint_amp0p5,obfuscated,D4,102,SELECT,3,1790452012632621077,43403,1675016891,4.605639,0.500497,5.106136,5.475016310811043,408.713119,4.499968,0.49996799999999997,4.999936,8,0.10567100000000007,0.1062000000000003
replicate_00,0,random_screen_20260926T194531Z_r00_da5_gap1_joint_amp0p5,da5_gap1_joint_amp0p5,obfuscated,D4,103,OPERATE,4,1790452012638421137,43403,1675016936,4.882711,1.562024,6.444735,6.8104020319879055,5.80006,4.83328,1.499904,6.333184,123,0.04943099999999934,0.11155099999999951
replicate_00,0,random_screen_20260926T194531Z_r00_da5_gap1_joint_amp0p5,da5_gap1_joint_amp0p5,obfuscated,D4,104,SELECT,3,1790452013046950876,43403,1675016981,5.267322,0.436208,5.70353,6.059827748686075,408.529739,5.166592,0.49996799999999997,5.66656,138,0.10073000000000043,0.03697000000000017
replicate_00,0,random_screen_20260926T194531Z_r00_da5_gap1_joint_amp0p5,da5_gap1_joint_amp0p5,obfuscated,D4,105,OPERATE,4,1790452013053332094,43403,1675017026,5.274143,0.764363,6.038506,6.354929879307747,6.381218,5.166592,0.8332800000000002,5.999872,144,0.10755099999999995,0.03863400000000006
replicate_00,0,random_screen_20260926T194531Z_r00_da5_gap1_joint_amp0p5,da5_gap1_joint_amp0p5,obfuscated,D4,106,SELECT,3,1790452013461406362,43403,1675017071,5.276545,1.667861,6.944406,7.311690133064985,408.074268,5.166592,1.4999040000000008,6.666496,184,0.10995299999999997,0.27790999999999944
replicate_00,0,random_screen_20260926T194531Z_r00_da5_gap1_joint_amp0p5,da5_gap1_joint_amp0p5,obfuscated,D4,107,OPERATE,4,1790452013469003408,43403,1675017116,5.272869,0.499977,5.772846,6.13427022472024,7.597046,5.166592,0.49996799999999997,5.66656,142,0.1062770000000004,0.10628600000000077
replicate_00,0,random_screen_20260926T194531Z_r00_da5_gap1_joint_amp0p5,da5_gap1_joint_amp0p5,obfuscated,D4,108,SELECT,3,1790452013876673589,43403,1675017161,5.273016,1.163229,6.436245,6.819135043770075,407.670181,5.166592,1.1665920000000005,6.333184,168,0.10642400000000052,0.10306100000000029
replicate_00,0,random_screen_20260926T194531Z_r00_da5_gap1_joint_amp0p5,da5_gap1_joint_amp0p5,obfuscated,D4,109,OPERATE,4,1790452013883774957,43403,1675017206,4.608156,0.506085,5.114241,5.512905772775412,7.101368,4.499968,0.49996799999999997,4.999936,13,0.10818800000000017,0.11430499999999988
replicate_00,0,random_screen_20260926T194531Z_r00_da5_gap1_joint_amp0p5,da5_gap1_joint_amp0p5,obfuscated,D4,110,SELECT,3,1790452014291107757,43403,1675017251,4.613866,0.482306,5.096172,5.4625836201012135,407.3328,4.499968,0.49996799999999997,4.999936,2,0.11389799999999983,0.09623600000000021
replicate_00,0,random_screen_20260926T194531Z_r00_da5_gap1_joint_amp0p5,da5_gap1_joint_amp0p5,obfuscated,D4,111,OPERATE,4,1790452014296856109,43403,1675017296,4.928679,1.908172,6.836851,7.200065068900585,5.748352,4.83328,1.1665919999999996,5.999872,110,0.09539899999999957,0.8369790000000004
replicate_00,0,random_screen_20260926T194531Z_r00_da5_gap1_joint_amp0p5,da5_gap1_joint_amp0p5,obfuscated,D4,112,SELECT,3,1790452014705629192,43403,1675017341,4.874165,0.492297,5.366462,5.767051596194506,408.773083,4.83328,0.49996799999999997,5.333248,69,0.040884999999999394,0.03321400000000008
replicate_00,0,random_screen_20260926T194531Z_r00_da5_gap1_joint_amp0p5,da5_gap1_joint_amp0p5,obfuscated,D4,113,OPERATE,4,1790452014711679716,43403,1675017386,5.532863,1.501519,7.034382,7.390855811536312,6.050524,5.499904,1.499904,6.999808,247,0.03295899999999996,0.034574000000000105
replicate_00,0,random_screen_20260926T194531Z_r00_da5_gap1_joint_amp0p5,da5_gap1_joint_amp0p5,obfuscated,D4,114,SELECT,3,1790452015120779099,43403,1675017431,5.275506,1.163882,6.439388,6.808470003306866,409.099383,5.166592,1.1665920000000005,6.333184,161,0.1089140000000004,0.10620399999999997
replicate_00,0,random_screen_20260926T194531Z_r00_da5_gap1_joint_amp0p5,da5_gap1_joint_amp0p5,obfuscated,D4,115,OPERATE,4,1790452015127872326,43403,1675017476,5.602369,1.507502,7.109871,7.507110014557838,7.093227,5.499904,1.499904,6.999808,249,0.10246500000000047,0.11006300000000024
replicate_00,0,random_screen_20260926T194531Z_r00_da5_gap1_joint_amp0p5,da5_gap1_joint_amp0p5,obfuscated,D4,116,SELECT,3,1790452015537114893,43403,1675017521,4.607379,0.497951,5.10533,5.472618155181408,409.242567,4.499968,0.49996799999999997,4.999936,2,0.10741099999999992,0.10539400000000043
replicate_00,0,random_screen_20260926T194531Z_r00_da5_gap1_joint_amp0p5,da5_gap1_joint_amp0p5,obfuscated,D4,117,OPERATE,4,1790452015542872999,43403,1675017566,5.268828,0.845973,6.114801,6.512847263365984,5.758106,5.166592,0.8332800000000002,5.999872,159,0.10223600000000044,0.11492900000000006
replicate_00,0,random_screen_20260926T194531Z_r00_da5_gap1_joint_amp0p5,da5_gap1_joint_amp0p5,obfuscated,D4,118,SELECT,3,1790452015951178432,43403,1675017611,5.621083,0.592875,6.213958,6.58161286264658,408.305433,5.499904,0.49996799999999997,5.999872,195,0.1211789999999997,0.214086
replicate_00,0,random_screen_20260926T194531Z_r00_da5_gap1_joint_amp0p5,da5_gap1_joint_amp0p5,obfuscated,D4,119,OPERATE,4,1790452015958044306,43403,1675017656,5.271378,1.504979,6.776357,7.140792906284332,6.865874,5.166592,1.4999040000000008,6.666496,179,0.10478600000000071,0.10986099999999954
replicate_00,0,random_screen_20260926T194531Z_r00_da5_gap1_joint_amp0p5,da5_gap1_joint_amp0p5,obfuscated,D4,120,SELECT,3,1790452016366965099,43403,1675017701,4.583698,1.865517,6.449215,6.824275013059378,408.920793,4.499968,1.1665919999999996,5.66656,36,0.08373000000000008,0.7826550000000001
replicate_00,0,random_screen_20260926T194531Z_r00_da5_gap1_joint_amp0p5,da5_gap1_joint_amp0p5,obfuscated,D4,121,OPERATE,4,1790452016374071589,43403,1675017746,4.604007,1.173504,5.777511,6.138318218290806,7.10649,4.499968,1.1665919999999996,5.66656,38,0.10403900000000021,0.11095100000000002
replicate_00,0,random_screen_20260926T194531Z_r00_da5_gap1_joint_amp0p5,da5_gap1_joint_amp0p5,obfuscated,D4,122,SELECT,3,1790452016781852976,43403,1675017791,4.608715,0.495965,5.10468,5.510970018804073,407.781387,4.499968,0.49996799999999997,4.999936,4,0.10874700000000015,0.10474400000000017
replicate_00,0,random_screen_20260926T194531Z_r00_da5_gap1_joint_amp0p5,da5_gap1_joint_amp0p5,obfuscated,D4,123,OPERATE,4,1790452016787649175,43403,1675017836,5.277534,0.421601,5.699135,6.052414886653423,5.796199,5.166592,0.49996799999999997,5.66656,136,0.11094200000000054,0.032575000000000465
replicate_00,0,random_screen_20260926T194531Z_r00_da5_gap1_joint_amp0p5,da5_gap1_joint_amp0p5,obfuscated,D4,124,SELECT,3,1790452017195308959,43403,1675017881,4.608891,0.829723,5.438614,5.80562511458993,407.659784,4.499968,0.8332800000000002,5.333248,18,0.10892299999999988,0.10536600000000007
replicate_00,0,random_screen_20260926T194531Z_r00_da5_gap1_joint_amp0p5,da5_gap1_joint_amp0p5,obfuscated,D4,125,OPERATE,4,1790452017201418899,43403,1675017926,5.269063,1.174019,6.443082,6.804114207625389,6.10994,5.166592,1.1665920000000005,6.333184,169,0.10247100000000042,0.10989800000000027
replicate_00,0,random_screen_20260926T194531Z_r00_da5_gap1_joint_amp0p5,da5_gap1_joint_amp0p5,obfuscated,D4,126,SELECT,3,1790452017610139567,43403,1675017971,4.940878,1.16421,6.105088,6.474901922047138,408.720668,4.83328,1.1665919999999996,5.999872,107,0.10759799999999942,0.10521600000000042
replicate_00,0,random_screen_20260926T194531Z_r00_da5_gap1_joint_amp0p5,da5_gap1_joint_amp0p5,obfuscated,D4,127,OPERATE,4,1790452017616896721,43403,1675018016,5.608754,0.830853,6.439607,6.800075061619282,6.757154,5.499904,0.8332800000000002,6.333184,220,0.10885000000000034,0.10642299999999949
replicate_00,0,random_screen_20260926T194531Z_r00_da5_gap1_joint_amp0p5,da5_gap1_joint_amp0p5,obfuscated,D4,128,SELECT,3,1790452018025454585,43403,1675018061,5.272494,6.251489,11.523983,11.914382223039865,408.557864,5.166592,1.4999040000000008,6.666496,178,0.10590200000000038,4.857486999999999
replicate_00,0,random_screen_20260926T194531Z_r00_da5_gap1_joint_amp0p5,da5_gap1_joint_amp0p5,obfuscated,D4,129,OPERATE,4,1790452018037652852,43403,1675018106,5.2714,1.489452,6.760852,7.125334814190865,12.198267,5.166592,1.4999040000000008,6.666496,189,0.10480800000000023,0.09435599999999944
replicate_00,0,random_screen_20260926T194531Z_r00_da5_gap1_joint_amp0p5,da5_gap1_joint_amp0p5,obfuscated,D4,130,SELECT,3,1790452018446397299,43403,1675018151,5.610829,1.394923,7.005752,7.373553235083818,408.744447,5.499904,0.49996799999999997,5.999872,206,0.11092499999999994,1.0058800000000003
replicate_00,0,random_screen_20260926T194531Z_r00_da5_gap1_joint_amp0p5,da5_gap1_joint_amp0p5,obfuscated,D4,131,OPERATE,4,1790452018454057915,43403,1675018196,4.941833,0.826327,5.76816,6.130922585725784,7.660616,4.83328,0.8332799999999994,5.66656,88,0.10855299999999968,0.10160000000000036
replicate_00,0,random_screen_20260926T194531Z_r00_da5_gap1_joint_amp0p5,da5_gap1_joint_amp0p5,obfuscated,D4,132,SELECT,3,1790452018861912806,43403,1675018241,5.27165,1.500395,6.772045,7.139474619179964,407.854891,5.166592,1.4999040000000008,6.666496,179,0.10505800000000054,0.10554899999999989
replicate_00,0,random_screen_20260926T194531Z_r00_da5_gap1_joint_amp0p5,da5_gap1_joint_amp0p5,obfuscated,D4,133,OPERATE,4,1790452018869368465,43403,1675018286,5.273244,0.756982,6.030226,6.382985040545464,7.455659,5.166592,0.8332800000000002,5.999872,152,0.10665200000000041,0.030353999999999992
replicate_00,0,random_screen_20260926T194531Z_r00_da5_gap1_joint_amp0p5,da5_gap1_joint_amp0p5,obfuscated,D4,134,SELECT,3,1790452019277571496,43403,1675018331,5.276454,1.496198,6.772652,7.138729095458984,408.203031,5.166592,1.4999040000000008,6.666496,177,0.10986200000000057,0.10615599999999947
replicate_00,0,random_screen_20260926T194531Z_r00_da5_gap1_joint_amp0p5,da5_gap1_joint_amp0p5,obfuscated,D4,135,OPERATE,4,1790452019284994485,43403,1675018376,5.602194,1.893638,7.495832,7.857176940888166,7.422989,5.499904,0.8332800000000002,6.333184,208,0.10228999999999999,1.162648
replicate_00,0,random_screen_20260926T194531Z_r00_da5_gap1_joint_amp0p5,da5_gap1_joint_amp0p5,obfuscated,D4,136,SELECT,3,1790452019694471973,43403,1675018421,4.9166,1.181417,6.098017,6.461205892264843,409.477488,4.83328,1.1665919999999996,5.999872,105,0.08331999999999962,0.0981449999999997
replicate_00,0,random_screen_20260926T194531Z_r00_da5_gap1_joint_amp0p5,da5_gap1_joint_amp0p5,obfuscated,D4,137,OPERATE,4,1790452019701234471,43403,1675018466,5.609677,0.471151,6.080828,6.465135142207146,6.762498,5.499904,0.49996799999999997,5.999872,194,0.10977299999999968,0.08095600000000047
replicate_00,0,random_screen_20260926T194531Z_r00_da5_gap1_joint_amp0p5,da5_gap1_joint_amp0p5,obfuscated,D4,138,SELECT,3,1790452020109292704,43403,1675018511,4.61067,1.475768,6.086438,6.4537059515714645,408.058233,4.499968,1.499904,5.999872,48,0.11070199999999986,0.08656600000000036
replicate_00,0,random_screen_20260926T194531Z_r00_da5_gap1_joint_amp0p5,da5_gap1_joint_amp0p5,obfuscated,D4,139,OPERATE,4,1790452020116032759,43403,1675018556,4.59844,0.838551,5.436991,5.797734949737787,6.740055,4.499968,0.8332800000000002,5.333248,21,0.09847200000000011,0.1037429999999997
replicate_00,0,random_screen_20260926T194531Z_r00_da5_gap1_joint_amp0p5,da5_gap1_joint_amp0p5,obfuscated,D4,140,SELECT,3,1790452020523568337,43403,1675018601,5.607581,0.497483,6.105064,6.470842752605677,407.535578,5.499904,0.49996799999999997,5.999872,207,0.1076769999999998,0.10519199999999973
replicate_00,0,random_screen_20260926T194531Z_r00_da5_gap1_joint_amp0p5,da5_gap1_joint_amp0p5,obfuscated,D4,141,OPERATE,4,1790452020530342187,43403,1675018646,4.599385,0.432493,5.031878,5.382828880101442,6.77385,4.499968,0.49996799999999997,4.999936,3,0.09941699999999987,0.031941999999999915
replicate_00,0,random_screen_20260926T194531Z_r00_da5_gap1_joint_amp0p5,da5_gap1_joint_amp0p5,obfuscated,D4,142,SELECT,3,1790452020937397004,43403,1675018691,4.943491,0.493122,5.436613,5.801066290587187,407.054817,4.83328,0.49996799999999997,5.333248,73,0.11021099999999961,0.10336500000000015
replicate_00,0,random_screen_20260926T194531Z_r00_da5_gap1_joint_amp0p5,da5_gap1_joint_amp0p5,obfuscated,D4,143,OPERATE,4,1790452020943503737,43403,1675018736,5.202504,0.901723,6.104227,6.46580895408988,6.106733,5.166592,0.8332800000000002,5.999872,144,0.03591200000000061,0.10435499999999998
replicate_00,0,random_screen_20260926T194531Z_r00_da5_gap1_joint_amp0p5,da5_gap1_joint_amp0p5,obfuscated,D4,144,SELECT,3,1790452021351748497,43403,1675018781,5.279917,0.494403,5.77432,6.1425757594406605,408.24476,5.166592,0.49996799999999997,5.66656,141,0.11332500000000056,0.10776000000000074
replicate_00,0,random_screen_20260926T194531Z_r00_da5_gap1_joint_amp0p5,da5_gap1_joint_amp0p5,obfuscated,D4,145,OPERATE,4,1790452021358173824,43403,1675018826,4.625643,0.421229,5.046872,5.397081840783358,6.425327,4.499968,0.49996799999999997,4.999936,2,0.1256750000000002,0.046935999999999645
replicate_00,0,random_screen_20260926T194531Z_r00_da5_gap1_joint_amp0p5,da5_gap1_joint_amp0p5,obfuscated,D4,146,SELECT,3,1790452021765164071,43403,1675018871,4.948968,0.824713,5.773681,6.160850170999765,406.990247,4.83328,0.8332799999999994,5.66656,83,0.11568799999999957,0.10712100000000024
replicate_00,0,random_screen_20260926T194531Z_r00_da5_gap1_joint_amp0p5,da5_gap1_joint_amp0p5,obfuscated,D4,147,OPERATE,4,1790452021771609590,43403,1675018916,4.607223,0.832266,5.439489,5.820839200168848,6.445519,4.499968,0.8332800000000002,5.333248,27,0.10725500000000032,0.10624099999999981
replicate_00,0,random_screen_20260926T194531Z_r00_da5_gap1_joint_amp0p5,da5_gap1_joint_amp0p5,obfuscated,D4,148,SELECT,3,1790452022179046553,43403,1675018961,5.611186,1.498426,7.109612,7.479425054043531,407.436963,5.499904,1.499904,6.999808,250,0.1112820000000001,0.10980400000000046
replicate_00,0,random_screen_20260926T194531Z_r00_da5_gap1_joint_amp0p5,da5_gap1_joint_amp0p5,obfuscated,D4,149,OPERATE,4,1790452022186812048,43403,1675019006,5.60416,0.840578,6.444738,6.805183831602335,7.765495,5.499904,0.8332800000000002,6.333184,211,0.10425600000000035,0.11155399999999993
replicate_00,0,random_screen_20260926T194531Z_r00_da5_gap1_joint_amp0p5,da5_gap1_joint_amp0p5,obfuscated,D4,150,SELECT,3,1790452022595357354,43403,1675019051,5.604833,1.484938,7.089771,7.459121290594339,408.545306,5.499904,1.499904,6.999808,246,0.10492900000000027,0.08996300000000002
replicate_00,0,random_screen_20260926T194531Z_r00_da5_gap1_joint_amp0p5,da5_gap1_joint_amp0p5,obfuscated,D4,151,OPERATE,4,1790452022603099701,43403,1675019096,5.609849,0.904259,6.514108,6.874983198940754,7.742347,5.499904,0.49996799999999997,5.999872,192,0.10994499999999974,0.5142360000000004
replicate_00,0,random_screen_20260926T194531Z_r00_da5_gap1_joint_amp0p5,da5_gap1_joint_amp0p5,obfuscated,D4,152,SELECT,3,1790452023011754965,43403,1675019141,4.938932,1.384533,6.323465,6.721836049109697,408.655264,4.83328,1.1665919999999996,5.999872,110,0.10565200000000008,0.3235929999999998
replicate_00,0,random_screen_20260926T194531Z_r00_da5_gap1_joint_amp0p5,da5_gap1_joint_amp0p5,obfuscated,D4,153,OPERATE,4,1790452023018757353,43403,1675019186,4.937649,1.16642,6.104069,6.507475860416889,7.002388,4.83328,1.1665919999999996,5.999872,101,0.10436900000000016,0.1041970000000001
replicate_00,0,random_screen_20260926T194531Z_r00_da5_gap1_joint_amp0p5,da5_gap1_joint_amp0p5,obfuscated,D4,154,SELECT,3,1790452023426817116,43403,1675019231,4.608294,1.159146,5.76744,6.134374998509884,408.059763,4.499968,1.1665919999999996,5.66656,40,0.10832599999999992,0.10088000000000008
replicate_00,0,random_screen_20260926T194531Z_r00_da5_gap1_joint_amp0p5,da5_gap1_joint_amp0p5,obfuscated,D4,155,OPERATE,4,1790452023433271011,43403,1675019276,4.942391,0.432174,5.374565,5.725729279220104,6.453895,4.83328,0.49996799999999997,5.333248,64,0.10911099999999951,0.04131699999999938
replicate_00,0,random_screen_20260926T194531Z_r00_da5_gap1_joint_amp0p5,da5_gap1_joint_amp0p5,obfuscated,D4,156,SELECT,3,1790452023840588368,43403,1675019321,5.282085,1.163298,6.445383,6.849725265055895,407.317357,5.166592,1.1665920000000005,6.333184,164,0.11549300000000073,0.1121989999999995
replicate_00,0,random_screen_20260926T194531Z_r00_da5_gap1_joint_amp0p5,da5_gap1_joint_amp0p5,obfuscated,D4,157,OPERATE,4,1790452023847723624,43403,1675019366,4.940447,0.825097,5.765544,6.12880103290081,7.135256,4.83328,0.8332799999999994,5.66656,86,0.10716699999999957,0.09898400000000063
replicate_00,0,random_screen_20260926T194531Z_r00_da5_gap1_joint_amp0p5,da5_gap1_joint_amp0p5,obfuscated,D4,158,SELECT,3,1790452024255759913,43403,1675019411,4.605909,1.499229,6.105138,6.474948953837156,408.036289,4.499968,1.499904,5.999872,52,0.10594099999999962,0.1052660000000003
replicate_00,0,random_screen_20260926T194531Z_r00_da5_gap1_joint_amp0p5,da5_gap1_joint_amp0p5,obfuscated,D4,159,OPERATE,4,1790452024262551329,43403,1675019456,4.609366,0.489803,5.099169,5.460158921778202,6.791416,4.499968,0.49996799999999997,4.999936,12,0.10939799999999966,0.0992329999999999
replicate_00,0,random_screen_20260926T194531Z_r00_da5_gap1_joint_amp0p5,da5_gap1_joint_amp0p5,obfuscated,D4,160,SELECT,3,1790452024669922340,43403,1675019501,5.277192,1.497117,6.774309,7.145409006625414,407.371011,5.166592,1.4999040000000008,6.666496,181,0.1106000000000007,0.10781299999999927
replicate_00,0,random_screen_20260926T194531Z_r00_da5_gap1_joint_amp0p5,da5_gap1_joint_amp0p5,obfuscated,D4,161,OPERATE,4,1790452024677384431,43403,1675019546,4.613684,0.822851,5.436535,5.797090940177441,7.462091,4.499968,0.8332800000000002,5.333248,23,0.11371600000000015,0.1032869999999999
replicate_00,0,random_screen_20260926T194531Z_r00_da5_gap1_joint_amp0p5,da5_gap1_joint_amp0p5,obfuscated,D4,162,SELECT,3,1790452025084723602,43403,1675019591,5.545284,0.485527,6.030811,6.389562971889973,407.339171,5.499904,0.49996799999999997,5.999872,199,0.045379999999999754,0.03093900000000005
replicate_00,0,random_screen_20260926T194531Z_r00_da5_gap1_joint_amp0p5,da5_gap1_joint_amp0p5,obfuscated,D4,163,OPERATE,4,1790452025091433619,43403,1675019636,5.203727,1.238802,6.442529,6.823399104177952,6.710017,5.166592,1.1665920000000005,6.333184,160,0.03713500000000014,0.10934500000000025
replicate_00,0,random_screen_20260926T194531Z_r00_da5_gap1_joint_amp0p5,da5_gap1_joint_amp0p5,obfuscated,D4,164,SELECT,3,1790452025499859227,43403,1675019681,4.602622,0.504045,5.106667,5.509260110557079,408.425608,4.499968,0.49996799999999997,4.999936,3,0.10265400000000025,0.10673099999999991
replicate_00,0,random_screen_20260926T194531Z_r00_da5_gap1_joint_amp0p5,da5_gap1_joint_amp0p5,obfuscated,D4,165,OPERATE,4,1790452025505655441,43403,1675019726,4.869268,0.900604,5.769872,6.131362169981003,5.796214,4.83328,0.8332799999999994,5.66656,88,0.03598799999999969,0.10331200000000074
replicate_00,0,random_screen_20260926T194531Z_r00_da5_gap1_joint_amp0p5,da5_gap1_joint_amp0p5,obfuscated,D4,166,SELECT,3,1790452025913550951,43403,1675019771,4.614083,1.491979,6.106062,6.474987603724003,407.89551,4.499968,1.499904,5.999872,52,0.11411499999999997,0.10618999999999978
replicate_00,0,random_screen_20260926T194531Z_r00_da5_gap1_joint_amp0p5,da5_gap1_joint_amp0p5,obfuscated,D4,167,OPERATE,4,1790452025920330770,43403,1675019816,5.271747,0.508477,5.780224,6.156277842819691,6.779819,5.166592,0.49996799999999997,5.66656,136,0.10515500000000078,0.11366399999999999
replicate_00,0,random_screen_20260926T194531Z_r00_da5_gap1_joint_amp0p5,da5_gap1_joint_amp0p5,obfuscated,D4,168,SELECT,3,1790452026328424627,43403,1675019861,5.272793,0.825998,6.098791,6.467489991337061,408.093857,5.166592,0.8332800000000002,5.999872,153,0.10620100000000043,0.09891900000000042
replicate_00,0,random_screen_20260926T194531Z_r00_da5_gap1_joint_amp0p5,da5_gap1_joint_amp0p5,obfuscated,D4,169,OPERATE,4,1790452026335174470,43403,1675019906,4.956244,1.165557,6.121801,6.483993958681822,6.749843,4.83328,1.1665919999999996,5.999872,105,0.12296399999999963,0.12192899999999973
replicate_00,0,random_screen_20260926T194531Z_r00_da5_gap1_joint_amp0p5,da5_gap1_joint_amp0p5,obfuscated,D4,170,SELECT,3,1790452026743387880,43403,1675019951,4.606275,0.839433,5.445708,5.812759045511484,408.21341,4.499968,0.8332800000000002,5.333248,19,0.10630700000000015,0.11245999999999956
replicate_00,0,random_screen_20260926T194531Z_r00_da5_gap1_joint_amp0p5,da5_gap1_joint_amp0p5,obfuscated,D4,171,OPERATE,4,1790452026749507768,43403,1675019996,5.603829,0.426188,6.030017,6.379419006407261,6.119888,5.499904,0.49996799999999997,5.999872,200,0.10392500000000027,0.03014500000000009
replicate_00,0,random_screen_20260926T194531Z_r00_da5_gap1_joint_amp0p5,da5_gap1_joint_amp0p5,obfuscated,D4,172,SELECT,3,1790452027157590617,43403,1675020041,4.585648,0.836612,5.42226,5.809993948787451,408.082849,4.499968,0.8332800000000002,5.333248,25,0.08567999999999998,0.08901199999999942
replicate_00,0,random_screen_20260926T194531Z_r00_da5_gap1_joint_amp0p5,da5_gap1_joint_amp0p5,obfuscated,D4,173,OPERATE,4,1790452027163682721,43403,1675020086,4.592371,1.492904,6.085275,6.447460036724806,6.092104,4.499968,1.499904,5.999872,63,0.09240300000000001,0.08540300000000034
replicate_00,0,random_screen_20260926T194531Z_r00_da5_gap1_joint_amp0p5,da5_gap1_joint_amp0p5,obfuscated,D4,174,SELECT,3,1790452027571808785,43403,1675020131,5.605073,0.497529,6.102602,6.506618112325668,408.126064,5.499904,0.49996799999999997,5.999872,207,0.10516900000000007,0.10273000000000021
replicate_00,0,random_screen_20260926T194531Z_r00_da5_gap1_joint_amp0p5,da5_gap1_joint_amp0p5,obfuscated,D4,175,OPERATE,4,1790452027578597115,43403,1675020176,5.609333,1.841676,7.451009,7.832896895706654,6.78833,5.499904,1.499904,6.999808,250,0.10942900000000044,0.4512010000000002
replicate_00,0,random_screen_20260926T194531Z_r00_da5_gap1_joint_amp0p5,da5_gap1_joint_amp0p5,obfuscated,D4,176,SELECT,3,1790452027988057300,43403,1675020221,5.272535,0.425114,5.697649,6.054969970136881,409.460185,5.166592,0.49996799999999997,5.66656,137,0.10594300000000079,0.03108900000000059
replicate_00,0,random_screen_20260926T194531Z_r00_da5_gap1_joint_amp0p5,da5_gap1_joint_amp0p5,obfuscated,D4,177,OPERATE,4,1790452027994431119,43403,1675020266,4.916007,0.85718,5.773187,6.133776623755693,6.373819,4.83328,0.8332799999999994,5.66656,87,0.08272699999999933,0.10662700000000047
replicate_00,0,random_screen_20260926T194531Z_r00_da5_gap1_joint_amp0p5,da5_gap1_joint_amp0p5,obfuscated,D4,178,SELECT,3,1790452028402469222,43403,1675020311,4.607855,5.497068,10.104923,10.469458065927029,408.038103,4.499968,1.499904,5.999872,63,0.10788699999999984,4.105051
replicate_00,0,random_screen_20260926T194531Z_r00_da5_gap1_joint_amp0p5,da5_gap1_joint_amp0p5,obfuscated,D4,179,OPERATE,4,1790452028413245902,43403,1675020356,5.582187,19.060479,24.642666,25.044135749340057,10.77668,5.499904,1.499904,6.999808,242,0.08228300000000033,17.642857999999997
replicate_00,0,random_screen_20260926T194531Z_r00_da5_gap1_joint_amp0p5,da5_gap1_joint_amp0p5,obfuscated,D4,180,SELECT,3,1790452028839836344,43403,1675020401,5.604668,1.16003,6.764698,7.13304802775383,426.590442,5.499904,1.1665920000000005,6.666496,225,0.1047640000000003,0.09820199999999968
replicate_00,0,random_screen_20260926T194531Z_r00_da5_gap1_joint_amp0p5,da5_gap1_joint_amp0p5,obfuscated,D4,181,OPERATE,4,1790452028847289108,43403,1675020446,4.93946,1.500279,6.439739,6.800440140068531,7.452764,4.83328,1.499904,6.333184,127,0.10618000000000016,0.10655500000000018
replicate_00,0,random_screen_20260926T194531Z_r00_da5_gap1_joint_amp0p5,da5_gap1_joint_amp0p5,obfuscated,D4,182,SELECT,3,1790452029255667264,43403,1675020491,5.282869,0.8285,6.111369,6.479473318904638,408.378156,5.166592,0.8332800000000002,5.999872,159,0.11627700000000019,0.11149699999999996
replicate_00,0,random_screen_20260926T194531Z_r00_da5_gap1_joint_amp0p5,da5_gap1_joint_amp0p5,obfuscated,D4,183,OPERATE,4,1790452029262463461,43403,1675020536,5.605155,1.332371,6.937526,7.29968398809433,6.796197,5.499904,0.8332800000000002,6.333184,220,0.10525099999999998,0.6043419999999999
replicate_00,0,random_screen_20260926T194531Z_r00_da5_gap1_joint_amp0p5,da5_gap1_joint_amp0p5,obfuscated,D4,184,SELECT,3,1790452029671507268,43403,1675020581,4.938217,1.505966,6.444183,6.833270192146301,409.043807,4.83328,1.499904,6.333184,113,0.10493699999999961,0.11099899999999963
replicate_00,0,random_screen_20260926T194531Z_r00_da5_gap1_joint_amp0p5,da5_gap1_joint_amp0p5,obfuscated,D4,185,OPERATE,4,1790452029678624335,43403,1675020626,5.271484,2.140941,7.412425,7.7939871698617935,7.117067,5.166592,1.4999040000000008,6.666496,184,0.10489200000000043,0.7459289999999994
replicate_00,0,random_screen_20260926T194531Z_r00_da5_gap1_joint_amp0p5,da5_gap1_joint_amp0p5,obfuscated,D4,186,SELECT,3,1790452030088336955,43403,1675020671,4.607086,1.500343,6.107429,6.473743822425604,409.71262,4.499968,1.499904,5.999872,56,0.10711799999999982,0.1075569999999999
replicate_00,0,random_screen_20260926T194531Z_r00_da5_gap1_joint_amp0p5,da5_gap1_joint_amp0p5,obfuscated,D4,187,OPERATE,4,1790452030095096828,43403,1675020716,5.272141,0.499566,5.771707,6.168471183627844,6.759873,5.166592,0.49996799999999997,5.66656,137,0.10554900000000078,0.10514700000000055
replicate_00,0,random_screen_20260926T194531Z_r00_da5_gap1_joint_amp0p5,da5_gap1_joint_amp0p5,obfuscated,D4,188,SELECT,3,1790452030502834818,43403,1675020761,4.587657,0.718451,5.306108,5.677979905158281,407.73799,4.499968,0.49996799999999997,4.999936,9,0.08768900000000013,0.3061720000000001
replicate_00,0,random_screen_20260926T194531Z_r00_da5_gap1_joint_amp0p5,da5_gap1_joint_amp0p5,obfuscated,D4,189,OPERATE,4,1790452030508794373,43403,1675020806,5.271568,0.832452,6.10402,6.497754715383053,5.959555,5.166592,0.8332800000000002,5.999872,149,0.10497600000000062,0.10414800000000035
replicate_00,0,random_screen_20260926T194531Z_r00_da5_gap1_joint_amp0p5,da5_gap1_joint_amp0p5,obfuscated,D4,190,SELECT,3,1790452030916945252,43403,1675020851,4.606746,1.256493,5.863239,6.227927282452583,408.150879,4.499968,0.49996799999999997,4.999936,6,0.10677800000000026,0.8633030000000002
replicate_00,0,random_screen_20260926T194531Z_r00_da5_gap1_joint_amp0p5,da5_gap1_joint_amp0p5,obfuscated,D4,191,OPERATE,4,1790452030923496563,43403,1675020896,4.603347,1.176329,5.779676,6.141488905996084,6.551311,4.499968,1.1665919999999996,5.66656,47,0.10337900000000033,0.11311600000000066
replicate_00,0,random_screen_20260926T194531Z_r00_da5_gap1_joint_amp0p5,da5_gap1_joint_amp0p5,obfuscated,D4,192,SELECT,3,1790452031331391788,43403,1675020941,4.607423,0.831757,5.43918,5.8139050379395485,407.895225,4.499968,0.8332800000000002,5.333248,22,0.10745499999999986,0.10593200000000014
replicate_00,0,random_screen_20260926T194531Z_r00_da5_gap1_joint_amp0p5,da5_gap1_joint_amp0p5,obfuscated,D4,193,OPERATE,4,1790452031337508923,43403,1675020986,5.603574,1.171407,6.774981,7.138468790799379,6.117135,5.499904,1.1665920000000005,6.666496,233,0.10367000000000015,0.10848499999999994
replicate_00,0,random_screen_20260926T194531Z_r00_da5_gap1_joint_amp0p5,da5_gap1_joint_amp0p5,obfuscated,D4,194,SELECT,3,1790452031746588892,43403,1675021031,4.936801,0.846036,5.782837,6.150458008050919,409.079969,4.83328,0.8332799999999994,5.66656,81,0.10352099999999975,0.11627700000000019
replicate_00,0,random_screen_20260926T194531Z_r00_da5_gap1_joint_amp0p5,da5_gap1_joint_amp0p5,obfuscated,D4,195,OPERATE,4,1790452031753028052,43403,1675021076,4.536357,1.23652,5.772877,6.134434137493372,6.43916,4.499968,1.1665919999999996,5.66656,32,0.03638899999999978,0.10631700000000066
replicate_00,0,random_screen_20260926T194531Z_r00_da5_gap1_joint_amp0p5,da5_gap1_joint_amp0p5,obfuscated,D4,196,SELECT,3,1790452032160921465,43403,1675021121,4.600812,0.838711,5.439523,5.807093810290098,407.893413,4.499968,0.8332800000000002,5.333248,30,0.10084400000000038,0.10627500000000012
replicate_00,0,random_screen_20260926T194531Z_r00_da5_gap1_joint_amp0p5,da5_gap1_joint_amp0p5,obfuscated,D4,197,OPERATE,4,1790452032167015156,43403,1675021166,5.260822,1.192101,6.452923,6.8166241981089115,6.093691,5.166592,1.1665920000000005,6.333184,172,0.09423000000000048,0.11973900000000004
replicate_00,0,random_screen_20260926T194531Z_r00_da5_gap1_joint_amp0p5,da5_gap1_joint_amp0p5,obfuscated,D4,198,SELECT,3,1790452032575568420,43403,1675021211,5.606573,1.165563,6.772136,7.137902081012726,408.553264,5.499904,1.1665920000000005,6.666496,225,0.10666900000000012,0.10563999999999929
replicate_00,0,random_screen_20260926T194531Z_r00_da5_gap1_joint_amp0p5,da5_gap1_joint_amp0p5,obfuscated,D4,199,OPERATE,4,1790452032582992212,43403,1675021256,5.271098,0.836322,6.10742,6.486350204795599,7.423792,5.166592,0.8332800000000002,5.999872,152,0.10450600000000065,0.10754800000000042
replicate_00,0,random_screen_20260926T194531Z_r00_da5_gap1_joint_amp0p5,da5_gap1_joint_amp0p5,obfuscated,D4,200,SELECT,3,1790452032991107388,43403,1675021301,4.942903,0.832604,5.775507,6.174690555781126,408.115176,4.83328,0.8332799999999994,5.66656,90,0.10962300000000003,0.10894700000000057
replicate_00,0,random_screen_20260926T194531Z_r00_da5_gap1_joint_amp0p5,da5_gap1_joint_amp0p5,obfuscated,D4,201,OPERATE,4,1790452032997565594,43403,1675021346,5.276985,1.69653,6.973515,7.335891015827656,6.458206,5.166592,0.8332800000000002,5.999872,150,0.11039300000000019,0.973643
replicate_00,0,random_screen_20260926T194531Z_r00_da5_gap1_joint_amp0p5,da5_gap1_joint_amp0p5,obfuscated,D4,202,SELECT,3,1790452033406773125,43403,1675021391,4.580774,1.95685,6.537624,6.902444642037153,409.207531,4.499968,0.49996799999999997,4.999936,14,0.08080599999999993,1.5376880000000002
replicate_00,0,random_screen_20260926T194531Z_r00_da5_gap1_joint_amp0p5,da5_gap1_joint_amp0p5,obfuscated,D4,203,OPERATE,4,1790452033413959544,43403,1675021436,5.582165,1.194127,6.776292,7.133903913199902,7.186419,5.499904,1.1665920000000005,6.666496,229,0.08226099999999992,0.10979599999999934
replicate_00,0,random_screen_20260926T194531Z_r00_da5_gap1_joint_amp0p5,da5_gap1_joint_amp0p5,obfuscated,D4,204,SELECT,3,1790452033822701589,43403,1675021481,5.613222,1.499073,7.112295,7.482283748686314,408.742045,5.499904,1.499904,6.999808,247,0.11331800000000047,0.11248699999999978
replicate_00,0,random_screen_20260926T194531Z_r00_da5_gap1_joint_amp0p5,da5_gap1_joint_amp0p5,obfuscated,D4,205,OPERATE,4,1790452033830501955,43403,1675021526,5.267946,0.504643,5.772589,6.135927047580481,7.800366,5.166592,0.49996799999999997,5.66656,136,0.10135400000000061,0.10602900000000037
replicate_00,0,random_screen_20260926T194531Z_r00_da5_gap1_joint_amp0p5,da5_gap1_joint_amp0p5,obfuscated,D4,206,SELECT,3,1790452034238400467,43403,1675021571,5.602835,1.510382,7.113217,7.480760104954243,407.898512,5.499904,1.499904,6.999808,254,0.10293099999999988,0.11340899999999987
replicate_00,0,random_screen_20260926T194531Z_r00_da5_gap1_joint_amp0p5,da5_gap1_joint_amp0p5,obfuscated,D4,207,OPERATE,4,1790452034246165572,43403,1675021616,5.249626,0.853859,6.103485,6.465882994234562,7.765105,5.166592,0.8332800000000002,5.999872,146,0.0830340000000005,0.10361300000000018
replicate_00,0,random_screen_20260926T194531Z_r00_da5_gap1_joint_amp0p5,da5_gap1_joint_amp0p5,obfuscated,D4,208,SELECT,3,1790452034654356052,43403,1675021661,5.602391,0.843868,6.446259,6.81818975135684,408.19048,5.499904,0.8332800000000002,6.333184,221,0.102487,0.11307500000000026
replicate_00,0,random_screen_20260926T194531Z_r00_da5_gap1_joint_amp0p5,da5_gap1_joint_amp0p5,obfuscated,D4,209,OPERATE,4,1790452034661477956,43403,1675021706,5.270418,1.171663,6.442081,6.826338823884726,7.121904,5.166592,1.1665920000000005,6.333184,172,0.10382600000000064,0.1088969999999998
replicate_00,0,random_screen_20260926T194531Z_r00_da5_gap1_joint_amp0p5,da5_gap1_joint_amp0p5,obfuscated,D4,210,SELECT,3,1790452035070023227,43403,1675021751,5.586035,1.186865,6.7729,7.142636924982071,408.545271,5.499904,1.1665920000000005,6.666496,235,0.08613099999999996,0.1064039999999995
replicate_00,0,random_screen_20260926T194531Z_r00_da5_gap1_joint_amp0p5,da5_gap1_joint_amp0p5,obfuscated,D4,211,OPERATE,4,1790452035077487316,43403,1675021796,5.608325,1.168221,6.776546,7.138989865779877,7.464089,5.499904,1.1665920000000005,6.666496,234,0.10842099999999988,0.11004999999999932
replicate_00,0,random_screen_20260926T194531Z_r00_da5_gap1_joint_amp0p5,da5_gap1_joint_amp0p5,obfuscated,D4,212,SELECT,3,1790452035486402596,43403,1675021841,5.272053,1.416771,6.688824,7.071969099342823,408.91528,5.166592,0.8332800000000002,5.999872,144,0.10546100000000003,0.6889520000000005
replicate_00,0,random_screen_20260926T194531Z_r00_da5_gap1_joint_amp0p5,da5_gap1_joint_amp0p5,obfuscated,D4,213,OPERATE,4,1790452035493762082,43403,1675021886,4.610659,0.493673,5.104332,5.46472892165184,7.359486,4.499968,0.49996799999999997,4.999936,6,0.1106910000000001,0.10439600000000038
replicate_00,0,random_screen_20260926T194531Z_r00_da5_gap1_joint_amp0p5,da5_gap1_joint_amp0p5,obfuscated,D4,214,SELECT,3,1790452035900774585,43403,1675021931,4.94258,1.495869,6.438449,6.806344725191593,407.012503,4.83328,1.499904,6.333184,116,0.10930000000000017,0.10526500000000016
replicate_00,0,random_screen_20260926T194531Z_r00_da5_gap1_joint_amp0p5,da5_gap1_joint_amp0p5,obfuscated,D4,215,OPERATE,4,1790452035907866029,43403,1675021976,4.60755,10.700168,15.307718,15.68756066262722,7.091444,4.499968,1.499904,5.999872,54,0.10758199999999984,9.307846
replicate_00,0,random_screen_20260926T194531Z_r00_da5_gap1_joint_amp0p5,da5_gap1_joint_amp0p5,obfuscated,D4,216,SELECT,3,1790452036325328197,43403,1675022021,4.941871,1.14732,6.089191,6.455313879996538,417.462168,4.83328,1.1665919999999996,5.999872,100,0.10859099999999966,0.0893189999999997
replicate_00,0,random_screen_20260926T194531Z_r00_da5_gap1_joint_amp0p5,da5_gap1_joint_amp0p5,obfuscated,D4,217,OPERATE,4,1790452036332069136,43403,1675022066,5.270209,0.500688,5.770897,6.131818983703852,6.740939,5.166592,0.49996799999999997,5.66656,138,0.10361700000000074,0.10433700000000012
replicate_00,0,random_screen_20260926T194531Z_r00_da5_gap1_joint_amp0p5,da5_gap1_joint_amp0p5,obfuscated,D4,218,SELECT,3,1790452036739767353,43403,1675022111,5.273425,0.832903,6.106328,6.5085990354418755,407.698217,5.166592,0.8332800000000002,5.999872,158,0.10683299999999996,0.10645600000000055
replicate_00,0,random_screen_20260926T194531Z_r00_da5_gap1_joint_amp0p5,da5_gap1_joint_amp0p5,obfuscated,D4,219,OPERATE,4,1790452036746561645,43403,1675022156,4.600914,1.507688,6.108602,6.46850885823369,6.794292,4.499968,1.499904,5.999872,59,0.10094600000000042,0.10873000000000044
replicate_00,0,random_screen_20260926T194531Z_r00_da5_gap1_joint_amp0p5,da5_gap1_joint_amp0p5,obfuscated,D4,220,SELECT,3,1790452037154865745,43403,1675022201,5.272118,0.833178,6.105296,6.512410938739777,408.3041,5.166592,0.8332800000000002,5.999872,152,0.10552600000000023,0.10542400000000018
replicate_00,0,random_screen_20260926T194531Z_r00_da5_gap1_joint_amp0p5,da5_gap1_joint_amp0p5,obfuscated,D4,221,OPERATE,4,1790452037161657354,43403,1675022246,5.268702,0.813858,6.08256,6.443947087973356,6.791609,5.166592,0.8332800000000002,5.999872,146,0.10211000000000059,0.0826880000000001
replicate_00,0,random_screen_20260926T194531Z_r00_da5_gap1_joint_amp0p5,da5_gap1_joint_amp0p5,obfuscated,D4,222,SELECT,3,1790452037569751394,43403,1675022291,4.609082,0.825971,5.435053,5.806845147162676,408.09404,4.499968,0.8332800000000002,5.333248,18,0.10911399999999993,0.1018049999999997
replicate_00,0,random_screen_20260926T194531Z_r00_da5_gap1_joint_amp0p5,da5_gap1_joint_amp0p5,obfuscated,D4,223,OPERATE,4,1790452037575843533,43403,1675022336,4.941491,0.482031,5.423522,5.787216126918793,6.092139,4.83328,0.49996799999999997,5.333248,72,0.10821099999999984,0.09027399999999997
replicate_00,0,random_screen_20260926T194531Z_r00_da5_gap1_joint_amp0p5,da5_gap1_joint_amp0p5,obfuscated,D4,224,SELECT,3,1790452037983432686,43403,1675022381,4.943486,1.497289,6.440775,6.825684104114771,407.589153,4.83328,1.499904,6.333184,120,0.1102059999999998,0.10759100000000021
replicate_00,0,random_screen_20260926T194531Z_r00_da5_gap1_joint_amp0p5,da5_gap1_joint_amp0p5,obfuscated,D4,225,OPERATE,4,1790452037990543845,43403,1675022426,4.942145,0.836248,5.778393,6.13845931366086,7.111159,4.83328,0.8332799999999994,5.66656,87,0.10886499999999977,0.11183300000000074
replicate_00,0,random_screen_20260926T194531Z_r00_da5_gap1_joint_amp0p5,da5_gap1_joint_amp0p5,obfuscated,D4,226,SELECT,3,1790452038398421479,43403,1675022471,4.61422,0.472575,5.086795,5.455159116536379,407.877634,4.499968,0.49996799999999997,4.999936,10,0.11425200000000046,0.08685900000000046
replicate_00,0,random_screen_20260926T194531Z_r00_da5_gap1_joint_amp0p5,da5_gap1_joint_amp0p5,obfuscated,D4,227,OPERATE,4,1790452038404163608,43403,1675022516,5.606224,1.166851,6.773075,7.153613958507776,5.742129,5.499904,1.1665920000000005,6.666496,225,0.10632000000000019,0.10657899999999998
replicate_00,0,random_screen_20260926T194531Z_r00_da5_gap1_joint_amp0p5,da5_gap1_joint_amp0p5,obfuscated,D4,228,SELECT,3,1790452038813177536,43403,1675022561,4.952637,3.111502,8.064139,8.435031864792109,409.013928,4.83328,0.8332799999999994,5.66656,92,0.11935699999999994,2.3975790000000012
replicate_00,0,random_screen_20260926T194531Z_r00_da5_gap1_joint_amp0p5,da5_gap1_joint_amp0p5,obfuscated,D4,229,OPERATE,4,1790452038821897991,43403,1675022606,4.936457,0.486359,5.422816,5.788082256913185,8.720455,4.83328,0.49996799999999997,5.333248,79,0.10317699999999963,0.08956799999999987
replicate_00,0,random_screen_20260926T194531Z_r00_da5_gap1_joint_amp0p5,da5_gap1_joint_amp0p5,obfuscated,D4,230,SELECT,3,1790452039229304973,43403,1675022651,5.275257,0.499553,5.77481,6.159231066703796,407.406982,5.166592,0.49996799999999997,5.66656,134,0.10866500000000023,0.10825000000000085
replicate_00,0,random_screen_20260926T194531Z_r00_da5_gap1_joint_amp0p5,da5_gap1_joint_amp0p5,obfuscated,D4,231,OPERATE,4,1790452039235747868,43403,1675022696,4.927523,1.551252,6.478775,6.840739864856005,6.442895,4.83328,0.49996799999999997,5.333248,78,0.09424299999999963,1.1455269999999995
replicate_00,0,random_screen_20260926T194531Z_r00_da5_gap1_joint_amp0p5,da5_gap1_joint_amp0p5,obfuscated,D4,232,SELECT,3,1790452039644254137,43403,1675022741,5.610969,0.82477,6.435739,6.833152379840612,408.506269,5.499904,0.8332800000000002,6.333184,210,0.11106499999999997,0.10255499999999973
replicate_00,0,random_screen_20260926T194531Z_r00_da5_gap1_joint_amp0p5,da5_gap1_joint_amp0p5,obfuscated,D4,233,OPERATE,4,1790452039651360104,43403,1675022786,4.944353,1.135933,6.080286,6.4422753639519215,7.105967,4.83328,1.1665919999999996,5.999872,109,0.1110730000000002,0.08041400000000021
replicate_00,0,random_screen_20260926T194531Z_r00_da5_gap1_joint_amp0p5,da5_gap1_joint_amp0p5,obfuscated,D4,234,SELECT,3,1790452040059427597,43403,1675022831,4.938151,0.843702,5.781853,6.148780696094036,408.067493,4.83328,0.8332799999999994,5.66656,85,0.10487100000000016,0.11529300000000031
replicate_00,0,random_screen_20260926T194531Z_r00_da5_gap1_joint_amp0p5,da5_gap1_joint_amp0p5,obfuscated,D4,235,OPERATE,4,1790452040065862757,43403,1675022876,5.268013,1.171472,6.439485,6.800839211791754,6.43516,5.166592,1.1665920000000005,6.333184,172,0.1014210000000002,0.1063010000000002
replicate_00,0,random_screen_20260926T194531Z_r00_da5_gap1_joint_amp0p5,da5_gap1_joint_amp0p5,obfuscated,D4,236,SELECT,3,1790452040474604292,43403,1675022921,5.607767,1.164517,6.772284,7.140540983527899,408.741535,5.499904,1.1665920000000005,6.666496,228,0.10786300000000004,0.10578799999999955
replicate_00,0,random_screen_20260926T194531Z_r00_da5_gap1_joint_amp0p5,da5_gap1_joint_amp0p5,obfuscated,D4,237,OPERATE,4,1790452040482028132,43403,1675022966,4.591315,3.097416,7.688731,8.049277123063803,7.42384,4.499968,1.1665919999999996,5.66656,36,0.09134699999999984,2.022171
replicate_00,0,random_screen_20260926T194531Z_r00_da5_gap1_joint_amp0p5,da5_gap1_joint_amp0p5,obfuscated,D4,238,SELECT,3,1790452040891929296,43403,1675023011,5.616537,0.486602,6.103139,6.505751051008701,409.901164,5.499904,0.49996799999999997,5.999872,203,0.11663300000000021,0.10326699999999978
replicate_00,0,random_screen_20260926T194531Z_r00_da5_gap1_joint_amp0p5,da5_gap1_joint_amp0p5,obfuscated,D4,239,OPERATE,4,1790452040898716683,43403,1675023056,5.275797,1.494991,6.770788,7.130477111786604,6.787387,5.166592,1.4999040000000008,6.666496,179,0.10920500000000022,0.10429199999999916
replicate_00,0,random_screen_20260926T194531Z_r00_da5_gap1_joint_amp0p5,da5_gap1_joint_amp0p5,obfuscated,D4,240,SELECT,3,1790452041307441201,43403,1675023101,4.60502,0.833634,5.438654,5.826008971780539,408.724518,4.499968,0.8332800000000002,5.333248,20,0.1050519999999997,0.10540599999999944
replicate_00,0,random_screen_20260926T194531Z_r00_da5_gap1_joint_amp0p5,da5_gap1_joint_amp0p5,obfuscated,D4,241,OPERATE,4,1790452041313550479,43403,1675023146,4.608943,0.82579,5.434733,5.815249402076006,6.109278,4.499968,0.8332800000000002,5.333248,29,0.10897500000000004,0.10148499999999938
replicate_00,0,random_screen_20260926T194531Z_r00_da5_gap1_joint_amp0p5,da5_gap1_joint_amp0p5,obfuscated,D4,242,SELECT,3,1790452041721041445,43403,1675023191,5.28045,1.496575,6.777025,7.143374998122454,407.490966,5.166592,1.4999040000000008,6.666496,180,0.11385800000000046,0.11052899999999966
replicate_00,0,random_screen_20260926T194531Z_r00_da5_gap1_joint_amp0p5,da5_gap1_joint_amp0p5,obfuscated,D4,243,OPERATE,4,1790452041728503216,43403,1675023236,4.606201,1.497638,6.103839,6.468734238296747,7.461771,4.499968,1.499904,5.999872,60,0.10623300000000047,0.10396699999999992
replicate_00,0,random_screen_20260926T194531Z_r00_da5_gap1_joint_amp0p5,da5_gap1_joint_amp0p5,obfuscated,D4,244,SELECT,3,1790452042136890270,43403,1675023281,4.606552,1.498612,6.105164,6.514136679470539,408.387054,4.499968,1.499904,5.999872,58,0.10658399999999979,0.10529200000000039
replicate_00,0,random_screen_20260926T194531Z_r00_da5_gap1_joint_amp0p5,da5_gap1_joint_amp0p5,obfuscated,D4,245,OPERATE,4,1790452042143687276,43403,1675023326,5.608115,1.496867,7.104982,7.467601913958788,6.797006,5.499904,1.499904,6.999808,241,0.10821099999999984,0.10517399999999988
replicate_00,0,random_screen_20260926T194531Z_r00_da5_gap1_joint_amp0p5,da5_gap1_joint_amp0p5,obfuscated,D4,246,SELECT,3,1790452042552775812,43403,1675023371,4.932749,0.839241,5.77199,6.13844720646739,409.088536,4.83328,0.8332799999999994,5.66656,88,0.09946900000000003,0.10543000000000013
replicate_00,0,random_screen_20260926T194531Z_r00_da5_gap1_joint_amp0p5,da5_gap1_joint_amp0p5,obfuscated,D4,247,OPERATE,4,1790452042559218944,43403,1675023416,5.270604,1.504088,6.774692,7.181260734796524,6.443132,5.166592,1.4999040000000008,6.666496,185,0.104012,0.10819599999999951
replicate_00,0,random_screen_20260926T194531Z_r00_da5_gap1_joint_amp0p5,da5_gap1_joint_amp0p5,obfuscated,D4,248,SELECT,3,1790452042967993139,43403,1675023461,4.921695,1.187364,6.109059,6.503396201878786,408.774195,4.83328,1.1665919999999996,5.999872,107,0.08841499999999947,0.10918700000000037
replicate_00,0,random_screen_20260926T194531Z_r00_da5_gap1_joint_amp0p5,da5_gap1_joint_amp0p5,obfuscated,D4,249,OPERATE,4,1790452042974776160,43403,1675023506,4.924057,0.849586,5.773643,6.132753100246191,6.783021,4.83328,0.8332799999999994,5.66656,85,0.09077700000000011,0.10708300000000026
replicate_00,0,random_screen_20260926T194531Z_r00_da5_gap1_joint_amp0p5,da5_gap1_joint_amp0p5,obfuscated,D4,250,SELECT,3,1790452043382599226,43403,1675023551,5.272322,0.504038,5.77636,6.143670063465834,407.823066,5.166592,0.49996799999999997,5.66656,138,0.10573000000000032,0.10980000000000079
replicate_00,0,random_screen_20260926T194531Z_r00_da5_gap1_joint_amp0p5,da5_gap1_joint_amp0p5,obfuscated,D4,251,OPERATE,4,1790452043389029575,43403,1675023596,4.935866,0.833954,5.76982,6.130381021648645,6.430349,4.83328,0.8332799999999994,5.66656,89,0.10258599999999962,0.10326000000000057
replicate_00,0,random_screen_20260926T194531Z_r00_da5_gap1_joint_amp0p5,da5_gap1_joint_amp0p5,obfuscated,D4,252,SELECT,3,1790452043796825950,43403,1675023641,5.279074,0.832701,6.111775,6.515414919704199,407.796375,5.166592,0.8332800000000002,5.999872,153,0.11248199999999997,0.11190299999999986
replicate_00,0,random_screen_20260926T194531Z_r00_da5_gap1_joint_amp0p5,da5_gap1_joint_amp0p5,obfuscated,D4,253,OPERATE,4,1790452043803624552,43403,1675023686,4.606239,0.48832,5.094559,5.455738864839077,6.798602,4.499968,0.49996799999999997,4.999936,6,0.10627100000000045,0.09462300000000035
replicate_00,0,random_screen_20260926T194531Z_r00_da5_gap1_joint_amp0p5,da5_gap1_joint_amp0p5,obfuscated,D4,254,SELECT,3,1790452044210948675,43403,1675023731,4.606308,1.160602,5.76691,6.133769638836384,407.324123,4.499968,1.1665919999999996,5.66656,33,0.10634000000000032,0.1003500000000006
replicate_00,0,random_screen_20260926T194531Z_r00_da5_gap1_joint_amp0p5,da5_gap1_joint_amp0p5,obfuscated,D4,255,OPERATE,4,1790452044217401996,43403,1675023776,5.607865,1.166863,6.774728,7.137517910450697,6.453321,5.499904,1.1665920000000005,6.666496,235,0.10796100000000042,0.10823199999999922
replicate_00,0,random_screen_20260926T194531Z_r00_da5_gap1_joint_amp0p5,da5_gap1_joint_amp0p5,obfuscated,D4,256,SELECT,3,1790452044626282722,43403,1675023821,4.610901,1.493961,6.104862,6.471934262663126,408.880726,4.499968,1.499904,5.999872,62,0.11093300000000017,0.10498999999999992
replicate_00,0,random_screen_20260926T194531Z_r00_da5_gap1_joint_amp0p5,da5_gap1_joint_amp0p5,obfuscated,D4,257,OPERATE,4,1790452044633038468,43403,1675023866,5.269921,0.835856,6.105777,6.469531916081905,6.755746,5.166592,0.8332800000000002,5.999872,153,0.10332900000000045,0.10590499999999992
replicate_00,0,random_screen_20260926T194531Z_r00_da5_gap1_joint_amp0p5,da5_gap1_joint_amp0p5,obfuscated,D4,258,SELECT,3,1790452045041256073,43403,1675023911,5.588626,0.830365,6.418991,6.820304784923792,408.217605,5.499904,0.8332800000000002,6.333184,219,0.08872199999999975,0.08580699999999997
replicate_00,0,random_screen_20260926T194531Z_r00_da5_gap1_joint_amp0p5,da5_gap1_joint_amp0p5,obfuscated,D4,259,OPERATE,4,1790452045048355678,43403,1675023956,4.937692,1.808005,6.745697,7.120627909898758,7.099605,4.83328,0.49996799999999997,5.333248,78,0.10441199999999995,1.4124489999999996
replicate_00,0,random_screen_20260926T194531Z_r00_da5_gap1_joint_amp0p5,da5_gap1_joint_amp0p5,obfuscated,D4,260,SELECT,3,1790452045457490314,43403,1675024001,4.610803,0.996112,5.606915,5.99045492708683,409.134636,4.499968,0.49996799999999997,4.999936,5,0.1108349999999998,0.6069789999999999
replicate_00,0,random_screen_20260926T194531Z_r00_da5_gap1_joint_amp0p5,da5_gap1_joint_amp0p5,obfuscated,D4,261,OPERATE,4,1790452045463765507,43403,1675024046,4.538947,1.568042,6.106989,6.491659674793482,6.275193,4.499968,1.499904,5.999872,55,0.03897900000000032,0.10711699999999968
replicate_00,0,random_screen_20260926T194531Z_r00_da5_gap1_joint_amp0p5,da5_gap1_joint_amp0p5,obfuscated,D4,262,SELECT,3,1790452045872054240,43403,1675024091,4.600251,2.37525,6.975501,7.376198191195726,408.288733,4.499968,0.8332800000000002,5.333248,22,0.10028300000000012,1.6422530000000002
replicate_00,0,random_screen_20260926T194531Z_r00_da5_gap1_joint_amp0p5,da5_gap1_joint_amp0p5,obfuscated,D4,263,OPERATE,4,1790452045879713623,43403,1675024136,4.938146,0.834257,5.772403,6.134726107120514,7.659383,4.83328,0.8332799999999994,5.66656,91,0.10486599999999946,0.10584300000000013
replicate_00,0,random_screen_20260926T194531Z_r00_da5_gap1_joint_amp0p5,da5_gap1_joint_amp0p5,obfuscated,D4,264,SELECT,3,1790452046287590824,43403,1675024181,5.280805,1.166194,6.446999,6.84821093454957,407.877201,5.166592,1.1665920000000005,6.333184,171,0.11421300000000034,0.11381499999999978
replicate_00,0,random_screen_20260926T194531Z_r00_da5_gap1_joint_amp0p5,da5_gap1_joint_amp0p5,obfuscated,D4,265,OPERATE,4,1790452046294721426,43403,1675024226,4.947955,0.517584,5.465539,5.82925183698535,7.130602,4.83328,0.49996799999999997,5.333248,73,0.11467500000000008,0.1322909999999995
replicate_00,0,random_screen_20260926T194531Z_r00_da5_gap1_joint_amp0p5,da5_gap1_joint_amp0p5,obfuscated,D4,266,SELECT,3,1790452046702181377,43403,1675024271,5.626161,1.494254,7.120415,7.4879019521176815,407.459951,5.499904,1.499904,6.999808,245,0.12625699999999984,0.12060700000000057
replicate_00,0,random_screen_20260926T194531Z_r00_da5_gap1_joint_amp0p5,da5_gap1_joint_amp0p5,obfuscated,D4,267,OPERATE,4,1790452046709955324,43403,1675024316,5.268178,0.493653,5.761831,6.122737657278776,7.773947,5.166592,0.49996799999999997,5.66656,128,0.10158600000000018,0.09527100000000033
replicate_00,0,random_screen_20260926T194531Z_r00_da5_gap1_joint_amp0p5,da5_gap1_joint_amp0p5,obfuscated,D4,268,SELECT,3,1790452047117872282,43403,1675024361,5.248767,1.119901,6.368668,6.733139976859093,407.916958,5.166592,1.1665920000000005,6.333184,167,0.08217500000000033,0.03548400000000029
replicate_00,0,random_screen_20260926T194531Z_r00_da5_gap1_joint_amp0p5,da5_gap1_joint_amp0p5,obfuscated,D4,269,OPERATE,4,1790452047124886953,43403,1675024406,5.58599,1.111298,6.697288,7.0480951108038425,7.014671,5.499904,1.1665920000000005,6.666496,228,0.08608599999999988,0.03079199999999993
replicate_00,0,random_screen_20260926T194531Z_r00_da5_gap1_joint_amp0p5,da5_gap1_joint_amp0p5,obfuscated,D4,270,SELECT,3,1790452047533990043,43403,1675024451,5.587442,0.521782,6.109224,6.510667968541384,409.10309,5.499904,0.49996799999999997,5.999872,192,0.08753800000000034,0.10935200000000034
replicate_00,0,random_screen_20260926T194531Z_r00_da5_gap1_joint_amp0p5,da5_gap1_joint_amp0p5,obfuscated,D4,271,OPERATE,4,1790452047540782166,43403,1675024496,5.604355,2.539957,8.144312,8.526678197085857,6.792123,5.499904,0.49996799999999997,5.999872,206,0.10445100000000007,2.1444399999999995
replicate_00,0,random_screen_20260926T194531Z_r00_da5_gap1_joint_amp0p5,da5_gap1_joint_amp0p5,obfuscated,D4,272,SELECT,3,1790452047950923246,43403,1675024541,4.587982,7.672839,12.260821,12.63481704518199,410.14108,4.499968,1.499904,5.999872,57,0.08801400000000026,6.260949
replicate_00,0,random_screen_20260926T194531Z_r00_da5_gap1_joint_amp0p5,da5_gap1_joint_amp0p5,obfuscated,D4,273,OPERATE,4,1790452047963839976,43403,1675024586,4.604587,0.549349,5.153936,5.550794769078493,12.91673,4.499968,0.49996799999999997,4.999936,4,0.10461900000000046,0.15399999999999991
replicate_00,0,random_screen_20260926T194531Z_r00_da5_gap1_joint_amp0p5,da5_gap1_joint_amp0p5,obfuscated,D4,274,SELECT,3,1790452048370967216,43403,1675024631,4.605009,1.280235,5.885244,6.253810133785009,407.12724,4.499968,0.49996799999999997,4.999936,9,0.10504099999999994,0.8853080000000002
replicate_00,0,random_screen_20260926T194531Z_r00_da5_gap1_joint_amp0p5,da5_gap1_joint_amp0p5,obfuscated,D4,275,OPERATE,4,1790452048377543000,43403,1675024676,5.272982,1.169819,6.442801,6.824146024882793,6.575784,5.166592,1.1665920000000005,6.333184,171,0.1063900000000002,0.10961700000000008
replicate_00,0,random_screen_20260926T194531Z_r00_da5_gap1_joint_amp0p5,da5_gap1_joint_amp0p5,obfuscated,D4,276,SELECT,3,1790452048786038104,43403,1675024721,5.272019,0.836214,6.108233,6.478626746684313,408.495104,5.166592,0.8332800000000002,5.999872,159,0.1054270000000006,0.10836100000000037
replicate_00,0,random_screen_20260926T194531Z_r00_da5_gap1_joint_amp0p5,da5_gap1_joint_amp0p5,obfuscated,D4,277,OPERATE,4,1790452048792802138,43403,1675024766,4.939787,1.497279,6.437066,6.79837865754962,6.764034,4.83328,1.499904,6.333184,113,0.10650699999999969,0.10388199999999959
replicate_00,0,random_screen_20260926T194531Z_r00_da5_gap1_joint_amp0p5,da5_gap1_joint_amp0p5,obfuscated,D4,278,SELECT,3,1790452049201550512,43403,1675024811,4.610809,0.827779,5.438588,5.825359839946032,408.748374,4.499968,0.8332800000000002,5.333248,30,0.11084099999999975,0.10533999999999999
replicate_00,0,random_screen_20260926T194531Z_r00_da5_gap1_joint_amp0p5,da5_gap1_joint_amp0p5,obfuscated,D4,279,OPERATE,4,1790452049207659976,43403,1675024856,5.613131,0.49066,6.103791,6.4655477181077,6.109464,5.499904,0.49996799999999997,5.999872,196,0.11322700000000019,0.10391900000000032
replicate_00,0,random_screen_20260926T194531Z_r00_da5_gap1_joint_amp0p5,da5_gap1_joint_amp0p5,obfuscated,D4,280,SELECT,3,1790452049615849712,43403,1675024901,5.275963,0.829476,6.105439,6.50807423517108,408.189736,5.166592,0.8332800000000002,5.999872,155,0.10937100000000033,0.10556699999999974
replicate_00,0,random_screen_20260926T194531Z_r00_da5_gap1_joint_amp0p5,da5_gap1_joint_amp0p5,obfuscated,D4,281,OPERATE,4,1790452049622639604,43403,1675024946,4.871806,1.226109,6.097915,6.458444986492395,6.789892,4.83328,1.1665919999999996,5.999872,106,0.03852600000000006,0.09804300000000055
replicate_00,0,random_screen_20260926T194531Z_r00_da5_gap1_joint_amp0p5,da5_gap1_joint_amp0p5,obfuscated,D4,282,SELECT,3,1790452050030694775,43403,1675024991,4.590092,1.518139,6.108231,6.477138958871365,408.055171,4.499968,1.499904,5.999872,61,0.09012400000000031,0.1083590000000001
replicate_00,0,random_screen_20260926T194531Z_r00_da5_gap1_joint_amp0p5,da5_gap1_joint_amp0p5,obfuscated,D4,283,OPERATE,4,1790452050037491371,43403,1675025036,5.269051,1.758645,7.027696,7.388581987470388,6.796596,5.166592,0.49996799999999997,5.66656,141,0.10245900000000052,1.3611360000000001
replicate_00,0,random_screen_20260926T194531Z_r00_da5_gap1_joint_amp0p5,da5_gap1_joint_amp0p5,obfuscated,D4,284,SELECT,3,1790452050446594741,43403,1675025081,5.277071,1.386712,6.663783,7.033540867269039,409.10337,5.166592,0.8332800000000002,5.999872,155,0.11047900000000066,0.6639109999999997
replicate_00,0,random_screen_20260926T194531Z_r00_da5_gap1_joint_amp0p5,da5_gap1_joint_amp0p5,obfuscated,D4,285,OPERATE,4,1790452050453912051,43403,1675025126,5.271407,1.165413,6.43682,6.7975628189742565,7.31731,5.166592,1.1665920000000005,6.333184,169,0.10481500000000032,0.10363599999999984
replicate_00,0,random_screen_20260926T194531Z_r00_da5_gap1_joint_amp0p5,da5_gap1_joint_amp0p5,obfuscated,D4,286,SELECT,3,1790452050862443409,43403,1675025171,4.607701,0.830506,5.438207,5.827299784868956,408.531358,4.499968,0.8332800000000002,5.333248,25,0.10773299999999963,0.10495900000000002
replicate_00,0,random_screen_20260926T194531Z_r00_da5_gap1_joint_amp0p5,da5_gap1_joint_amp0p5,obfuscated,D4,287,OPERATE,4,1790452050868554947,43403,1675025216,5.601414,0.812629,6.414043,6.813423242419958,6.111538,5.499904,0.8332800000000002,6.333184,222,0.10151000000000021,0.08085900000000024
replicate_00,0,random_screen_20260926T194531Z_r00_da5_gap1_joint_amp0p5,da5_gap1_joint_amp0p5,obfuscated,D4,288,SELECT,3,1790452051277147980,43403,1675025261,4.93823,1.151612,6.089842,6.457906682044268,408.593033,4.83328,1.1665919999999996,5.999872,109,0.10494999999999965,0.0899700000000001
replicate_00,0,random_screen_20260926T194531Z_r00_da5_gap1_joint_amp0p5,da5_gap1_joint_amp0p5,obfuscated,D4,289,OPERATE,4,1790452051283887274,43403,1675025306,5.267734,0.840065,6.107799,6.482924334704876,6.739294,5.166592,0.8332800000000002,5.999872,158,0.10114200000000029,0.1079270000000001
replicate_00,0,random_screen_20260926T194531Z_r00_da5_gap1_joint_amp0p5,da5_gap1_joint_amp0p5,obfuscated,D4,290,SELECT,3,1790452051691978426,43403,1675025351,5.609608,1.500616,7.110224,7.506947964429855,408.091152,5.499904,1.499904,6.999808,246,0.1097039999999998,0.11041599999999985
replicate_00,0,random_screen_20260926T194531Z_r00_da5_gap1_joint_amp0p5,da5_gap1_joint_amp0p5,obfuscated,D4,291,OPERATE,4,1790452051699769673,43403,1675025396,5.270284,0.504198,5.774482,6.136482115834951,7.791247,5.166592,0.49996799999999997,5.66656,133,0.10369200000000056,0.1079220000000003
replicate_00,0,random_screen_20260926T194531Z_r00_da5_gap1_joint_amp0p5,da5_gap1_joint_amp0p5,obfuscated,D4,292,SELECT,3,1790452052107625535,43403,1675025441,5.276962,0.426627,5.703589,6.058705039322376,407.855862,5.166592,0.49996799999999997,5.66656,143,0.11037000000000052,0.03702900000000042
replicate_00,0,random_screen_20260926T194531Z_r00_da5_gap1_joint_amp0p5,da5_gap1_joint_amp0p5,obfuscated,D4,293,OPERATE,4,1790452052113970181,43403,1675025486,4.53619,1.567649,6.103839,6.497131194919348,6.344646,4.499968,1.499904,5.999872,57,0.03622200000000042,0.10396699999999992
replicate_00,0,random_screen_20260926T194531Z_r00_da5_gap1_joint_amp0p5,da5_gap1_joint_amp0p5,obfuscated,D4,294,SELECT,3,1790452052522063231,43403,1675025531,5.276755,1.003173,6.279928,6.6508520394563675,408.09305,5.166592,0.8332800000000002,5.999872,149,0.11016300000000001,0.2800560000000001
replicate_00,0,random_screen_20260926T194531Z_r00_da5_gap1_joint_amp0p5,da5_gap1_joint_amp0p5,obfuscated,D4,295,OPERATE,4,1790452052528997619,43403,1675025576,4.607445,1.495921,6.103366,6.491637788712978,6.934388,4.499968,1.499904,5.999872,50,0.10747700000000027,0.10349400000000042
replicate_00,0,random_screen_20260926T194531Z_r00_da5_gap1_joint_amp0p5,da5_gap1_joint_amp0p5,obfuscated,D4,296,SELECT,3,1790452052937449719,43403,1675025621,4.613533,1.501809,6.115342,6.4815678633749485,408.4521,4.499968,1.499904,5.999872,54,0.11356500000000036,0.11547000000000018
replicate_00,0,random_screen_20260926T194531Z_r00_da5_gap1_joint_amp0p5,da5_gap1_joint_amp0p5,obfuscated,D4,297,OPERATE,4,1790452052944234856,43403,1675025666,5.601025,1.174117,6.775142,7.174469064921141,6.785137,5.499904,1.1665920000000005,6.666496,235,0.10112100000000002,0.10864599999999935
replicate_00,0,random_screen_20260926T194531Z_r00_da5_gap1_joint_amp0p5,da5_gap1_joint_amp0p5,obfuscated,D4,298,SELECT,3,1790452053353088358,43403,1675025711,5.606168,0.498621,6.104789,6.4831566996872425,408.853502,5.499904,0.49996799999999997,5.999872,207,0.10626400000000036,0.10491700000000037
replicate_00,0,random_screen_20260926T194531Z_r00_da5_gap1_joint_amp0p5,da5_gap1_joint_amp0p5,obfuscated,D4,299,OPERATE,4,1790452053359854759,43403,1675025756,5.271126,1.165533,6.436659,6.797695066779852,6.766401,5.166592,1.1665920000000005,6.333184,160,0.10453400000000013,0.10347499999999954
replicate_00,0,random_screen_20260926T194531Z_r00_off_ref_00,OFF,native,OFF,0,READ,1,1790452068605453285,43853,1391503640,0.445091,23.526381,23.971472,24.388386867940426,,,,,,,
replicate_00,0,random_screen_20260926T194531Z_r00_off_ref_00,OFF,native,OFF,1,READ,1,1790452069031165663,43853,1391503660,1.514421,6.066606,7.581027,7.963238283991814,425.712378,,,,,,
replicate_00,0,random_screen_20260926T194531Z_r00_off_ref_00,OFF,native,OFF,2,READ,1,1790452069440149296,43853,1391503680,0.959639,1.193795,2.153434,2.5245831348001957,408.983633,,,,,,
replicate_00,0,random_screen_20260926T194531Z_r00_off_ref_00,OFF,native,OFF,3,READ,1,1790452069843684955,43853,1391503700,1.463126,1.230822,2.693948,3.057129681110382,403.535659,,,,,,
replicate_00,0,random_screen_20260926T194531Z_r00_off_ref_00,OFF,native,OFF,4,READ,1,1790452070247741846,43853,1391503720,0.493787,2.168024,2.661811,3.029183018952608,404.056891,,,,,,
replicate_00,0,random_screen_20260926T194531Z_r00_off_ref_00,OFF,native,OFF,5,READ,1,1790452070651674784,43853,1391503740,0.406214,2.777637,3.183851,3.5491487942636013,403.932938,,,,,,
replicate_00,0,random_screen_20260926T194531Z_r00_off_ref_00,OFF,native,OFF,6,READ,1,1790452071056256506,43853,1391503760,1.953751,5.767134,7.720885,8.136739023029804,404.581722,,,,,,
replicate_00,0,random_screen_20260926T194531Z_r00_off_ref_00,OFF,native,OFF,7,READ,1,1790452071465351449,43853,1391503780,1.436411,2.013107,3.449518,3.8110348396003246,409.094943,,,,,,
replicate_00,0,random_screen_20260926T194531Z_r00_off_ref_00,OFF,native,OFF,8,READ,1,1790452071870094517,43853,1391503800,1.047207,2.752738,3.799945,4.19809902086854,404.743068,,,,,,
replicate_00,0,random_screen_20260926T194531Z_r00_off_ref_00,OFF,native,OFF,9,READ,1,1790452072275327476,43853,1391503820,0.441074,1.259382,1.700456,2.367952838540077,405.232959,,,,,,
replicate_00,0,random_screen_20260926T194531Z_r00_off_ref_00,OFF,native,OFF,10,READ,1,1790452072678867434,43853,1391503840,0.856184,1.194923,2.051107,2.444284036755562,403.539958,,,,,,
replicate_00,0,random_screen_20260926T194531Z_r00_off_ref_00,OFF,native,OFF,11,READ,1,1790452073082322926,43853,1391503860,1.515396,5.227935,6.743331,7.130697835236788,403.455492,,,,,,
replicate_00,0,random_screen_20260926T194531Z_r00_off_ref_00,OFF,native,OFF,12,READ,1,1790452073490419842,43853,1391503880,0.480928,2.31835,2.799278,3.162798937410116,408.096916,,,,,,
replicate_00,0,random_screen_20260926T194531Z_r00_off_ref_00,OFF,native,OFF,13,READ,1,1790452073894627295,43853,1391503900,0.518526,2.207516,2.726042,3.088833764195442,404.207453,,,,,,
replicate_00,0,random_screen_20260926T194531Z_r00_off_ref_00,OFF,native,OFF,14,READ,1,1790452074298729944,43853,1391503920,0.458707,2.215186,2.673893,3.0379127711057663,404.102649,,,,,,
replicate_00,0,random_screen_20260926T194531Z_r00_off_ref_00,OFF,native,OFF,15,READ,1,1790452074702723081,43853,1391503940,0.487239,2.207938,2.695177,3.057945054024458,403.993137,,,,,,
replicate_00,0,random_screen_20260926T194531Z_r00_off_ref_00,OFF,native,OFF,16,READ,1,1790452075106792323,43853,1391503960,0.455364,7.558394,8.013758,8.385913912206888,404.069242,,,,,,
replicate_00,0,random_screen_20260926T194531Z_r00_off_ref_00,OFF,native,OFF,17,READ,1,1790452075516294460,43853,1391503980,0.468432,7.080143,7.548575,7.9236989840865135,409.502137,,,,,,
replicate_00,0,random_screen_20260926T194531Z_r00_off_ref_00,OFF,native,OFF,18,READ,1,1790452075925251996,43853,1391504000,1.329799,1.237219,2.567018,2.961399033665657,408.957536,,,,,,
replicate_00,0,random_screen_20260926T194531Z_r00_off_ref_00,OFF,native,OFF,19,READ,1,1790452076329402246,43853,1391504020,1.498321,1.18614,2.684461,3.0642510391771793,404.15025,,,,,,
replicate_00,0,random_screen_20260926T194531Z_r00_off_ref_00,OFF,native,OFF,20,READ,1,1790452076733469269,43853,1391504040,1.403512,1.257709,2.661221,3.0293199233710766,404.067023,,,,,,
replicate_00,0,random_screen_20260926T194531Z_r00_off_ref_00,OFF,native,OFF,21,READ,1,1790452077137457875,43853,1391504060,0.459786,15.904765,16.364551,16.730097122490406,403.988606,,,,,,
replicate_00,0,random_screen_20260926T194531Z_r00_off_ref_00,OFF,native,OFF,22,READ,1,1790452077555187731,43853,1391504080,1.176675,2.545628,3.722303,4.1062310338020325,417.729856,,,,,,
replicate_00,0,random_screen_20260926T194531Z_r00_off_ref_00,OFF,native,OFF,23,READ,1,1790452077960300435,43853,1391504100,0.394021,1.287331,1.681352,2.0676273852586746,405.112704,,,,,,
replicate_00,0,random_screen_20260926T194531Z_r00_off_ref_00,OFF,native,OFF,24,READ,1,1790452078363359885,43853,1391504120,1.492192,1.167247,2.659439,2.9434789903461933,403.05945,,,,,,
replicate_00,0,random_screen_20260926T194531Z_r00_off_ref_00,OFF,native,OFF,25,READ,1,1790452078767325382,43853,1391504140,0.461337,2.254158,2.715495,3.0956920236349106,403.965497,,,,,,
replicate_00,0,random_screen_20260926T194531Z_r00_off_ref_00,OFF,native,OFF,26,READ,1,1790452079171507869,43853,1391504160,0.447993,2.406294,2.854287,3.222554922103882,404.182487,,,,,,
replicate_00,0,random_screen_20260926T194531Z_r00_off_ref_00,OFF,native,OFF,27,READ,1,1790452079575727822,43853,1391504180,0.449846,2.785947,3.235793,3.6379280500113964,404.219953,,,,,,
replicate_00,0,random_screen_20260926T194531Z_r00_off_ref_00,OFF,native,OFF,28,READ,1,1790452079980536369,43853,1391504200,1.744211,1.305089,3.0493,3.4143910743296146,404.808547,,,,,,
replicate_00,0,random_screen_20260926T194531Z_r00_off_ref_00,OFF,native,OFF,29,READ,1,1790452080384904256,43853,1391504220,1.435899,1.142185,2.578084,2.943522296845913,404.367887,,,,,,
replicate_00,0,random_screen_20260926T194531Z_r00_off_ref_00,OFF,native,OFF,30,READ,1,1790452080788887203,43853,1391504240,0.396347,2.309479,2.705826,3.067328128963709,403.982947,,,,,,
replicate_00,0,random_screen_20260926T194531Z_r00_off_ref_00,OFF,native,OFF,31,READ,1,1790452081192961790,43853,1391504260,0.508862,2.071445,2.580307,2.9013091698288918,404.074587,,,,,,
replicate_00,0,random_screen_20260926T194531Z_r00_off_ref_00,OFF,native,OFF,32,READ,1,1790452081596851977,43853,1391504280,0.463553,2.709115,3.172668,3.572572022676468,403.890187,,,,,,
replicate_00,0,random_screen_20260926T194531Z_r00_off_ref_00,OFF,native,OFF,33,READ,1,1790452082001426267,43853,1391504300,0.518516,2.199053,2.717569,3.085407894104719,404.57429,,,,,,
replicate_00,0,random_screen_20260926T194531Z_r00_off_ref_00,OFF,native,OFF,34,READ,1,1790452082405492911,43853,1391504320,0.445965,2.287694,2.733659,3.0947430059313774,404.066644,,,,,,
replicate_00,0,random_screen_20260926T194531Z_r00_off_ref_00,OFF,native,OFF,35,READ,1,1790452082809607410,43853,1391504340,0.495976,2.155969,2.651945,3.018513787537813,404.114499,,,,,,
replicate_00,0,random_screen_20260926T194531Z_r00_off_ref_00,OFF,native,OFF,36,READ,1,1790452083213598807,43853,1391504360,0.386784,2.269038,2.655822,3.018515184521675,403.991397,,,,,,
replicate_00,0,random_screen_20260926T194531Z_r00_off_ref_00,OFF,native,OFF,37,READ,1,1790452083617796472,43853,1391504380,0.502324,6.731688,7.234012,7.569362875074148,404.197665,,,,,,
replicate_00,0,random_screen_20260926T194531Z_r00_off_ref_00,OFF,native,OFF,38,READ,1,1790452084026400074,43853,1391504400,0.46163,3.258013,3.719643,4.082844126969576,408.603602,,,,,,
replicate_00,0,random_screen_20260926T194531Z_r00_off_ref_00,OFF,native,OFF,39,READ,1,1790452084431447515,43853,1391504420,0.518997,2.205097,2.724094,3.1111431308090687,405.047441,,,,,,
replicate_00,0,random_screen_20260926T194531Z_r00_off_ref_00,OFF,native,OFF,40,READ,1,1790452084835516394,43853,1391504440,0.396009,2.274393,2.670402,3.0378741212189198,404.068879,,,,,,
replicate_00,0,random_screen_20260926T194531Z_r00_off_ref_00,OFF,native,OFF,41,READ,1,1790452085239524997,43853,1391504460,0.506785,2.198949,2.705734,3.067899029701948,404.008603,,,,,,
replicate_00,0,random_screen_20260926T194531Z_r00_off_ref_00,OFF,native,OFF,42,READ,1,1790452085643530392,43853,1391504480,0.456869,14.969396,15.426265,15.827040653675795,404.005395,,,,,,
replicate_00,0,random_screen_20260926T194531Z_r00_off_ref_00,OFF,native,OFF,43,READ,1,1790452086060339140,43853,1391504500,0.45552,3.515234,3.970754,4.329509101808071,416.808748,,,,,,
replicate_00,0,random_screen_20260926T194531Z_r00_off_ref_00,OFF,native,OFF,44,READ,1,1790452086465650760,43853,1391504520,0.448261,2.316498,2.764759,3.128242213279009,405.31162,,,,,,
replicate_00,0,random_screen_20260926T194531Z_r00_off_ref_00,OFF,native,OFF,45,READ,1,1790452086869805671,43853,1391504540,0.433281,2.229858,2.663139,3.026144579052925,404.154911,,,,,,
replicate_00,0,random_screen_20260926T194531Z_r00_off_ref_00,OFF,native,OFF,46,READ,1,1790452087274028168,43853,1391504560,0.51551,2.226544,2.742054,3.105537034571171,404.222497,,,,,,
replicate_00,0,random_screen_20260926T194531Z_r00_off_ref_00,OFF,native,OFF,47,READ,1,1790452087678128309,43853,1391504580,0.46072,6.697813,7.158533,7.522068917751312,404.100141,,,,,,
replicate_00,0,random_screen_20260926T194531Z_r00_off_ref_00,OFF,native,OFF,48,READ,1,1790452088086598746,43853,1391504600,0.399816,2.792987,3.192803,3.5523311235010624,408.470437,,,,,,
replicate_00,0,random_screen_20260926T194531Z_r00_off_ref_00,OFF,native,OFF,49,READ,1,1790452088491243150,43853,1391504620,0.427586,2.463118,2.890704,3.278180956840515,404.644404,,,,,,
replicate_00,0,random_screen_20260926T194531Z_r00_off_ref_00,OFF,native,OFF,50,READ,1,1790452088895483731,43853,1391504640,0.438932,2.232568,2.6715,3.0349749140441418,404.240581,,,,,,
replicate_00,0,random_screen_20260926T194531Z_r00_off_ref_00,OFF,native,OFF,51,READ,1,1790452089299517804,43853,1391504660,0.396092,2.31206,2.708152,3.071512095630169,404.034073,,,,,,
replicate_00,0,random_screen_20260926T194531Z_r00_off_ref_00,OFF,native,OFF,52,READ,1,1790452089703615637,43853,1391504680,0.4872,2.15324,2.64044,3.0021509155631065,404.097833,,,,,,
replicate_00,0,random_screen_20260926T194531Z_r00_off_ref_00,OFF,native,OFF,53,READ,1,1790452090107636549,43853,1391504700,0.555081,7.068688,7.623769,7.99329299479723,404.020912,,,,,,
replicate_00,0,random_screen_20260926T194531Z_r00_off_ref_00,OFF,native,OFF,54,READ,1,1790452090516548024,43853,1391504720,0.394673,2.315483,2.710156,3.073004074394703,408.911475,,,,,,
replicate_00,0,random_screen_20260926T194531Z_r00_off_ref_00,OFF,native,OFF,55,READ,1,1790452090920802514,43853,1391504740,0.467915,2.341278,2.809193,3.1743491999804974,404.25449,,,,,,
replicate_00,0,random_screen_20260926T194531Z_r00_off_ref_00,OFF,native,OFF,56,READ,1,1790452091324991326,43853,1391504760,0.482248,2.206718,2.688966,3.0572600662708282,404.188812,,,,,,
replicate_00,0,random_screen_20260926T194531Z_r00_off_ref_00,OFF,native,OFF,57,READ,1,1790452091729089893,43853,1391504780,0.482838,2.139217,2.622055,2.990039996802807,404.098567,,,,,,
replicate_00,0,random_screen_20260926T194531Z_r00_off_ref_00,OFF,native,OFF,58,READ,1,1790452092133122433,43853,1391504800,0.481343,6.612666,7.094009,7.461569271981716,404.03254,,,,,,
replicate_00,0,random_screen_20260926T194531Z_r00_off_ref_00,OFF,native,OFF,59,READ,1,1790452092541552584,43853,1391504820,0.520732,3.380587,3.901319,4.263089038431644,408.430151,,,,,,
replicate_00,0,random_screen_20260926T194531Z_r00_off_ref_00,OFF,native,OFF,60,READ,1,1790452092946816893,43853,1391504840,0.434543,2.281463,2.716006,3.078809008002281,405.264309,,,,,,
replicate_00,0,random_screen_20260926T194531Z_r00_off_ref_00,OFF,native,OFF,61,READ,1,1790452093350913134,43853,1391504860,0.510439,2.347727,2.858166,3.2251919619739056,404.096241,,,,,,
replicate_00,0,random_screen_20260926T194531Z_r00_off_ref_00,OFF,native,OFF,62,READ,1,1790452093755131637,43853,1391504880,0.40336,2.272611,2.675971,3.041083924472332,404.218503,,,,,,
replicate_00,0,random_screen_20260926T194531Z_r00_off_ref_00,OFF,native,OFF,63,READ,1,1790452094159171098,43853,1391504900,0.442583,4.843715,5.286298,5.648250225931406,404.039461,,,,,,
replicate_00,0,random_screen_20260926T194531Z_r00_off_ref_00,OFF,native,OFF,64,READ,1,1790452094565982381,43853,1391504920,0.524354,3.911549,4.435903,4.798970650881529,406.811283,,,,,,
replicate_00,0,random_screen_20260926T194531Z_r00_off_ref_00,OFF,native,OFF,65,READ,1,1790452094971711846,43853,1391504940,0.457041,3.286574,3.743615,4.107598681002855,405.729465,,,,,,
replicate_00,0,random_screen_20260926T194531Z_r00_off_ref_00,OFF,native,OFF,66,READ,1,1790452095376822220,43853,1391504960,0.432085,2.251058,2.683143,2.9952628538012505,405.110374,,,,,,
replicate_00,0,random_screen_20260926T194531Z_r00_off_ref_00,OFF,native,OFF,67,READ,1,1790452095780818829,43853,1391504980,0.450596,2.353609,2.804205,3.1691561453044415,403.996609,,,,,,
replicate_00,0,random_screen_20260926T194531Z_r00_off_ref_00,OFF,native,OFF,68,READ,1,1790452096185007489,43853,1391505000,0.456828,3.990568,4.447396,4.80971485376358,404.18866,,,,,,
replicate_00,0,random_screen_20260926T194531Z_r00_off_ref_00,OFF,native,OFF,69,READ,1,1790452096590819906,43853,1391505020,0.958863,8.546555,9.505418,9.871515911072493,405.812417,,,,,,
replicate_00,0,random_screen_20260926T194531Z_r00_off_ref_00,OFF,native,OFF,70,READ,1,1790452097001711399,43853,1391505040,0.50726,3.049151,3.556411,3.920772112905979,410.891493,,,,,,
replicate_00,0,random_screen_20260926T194531Z_r00_off_ref_00,OFF,native,OFF,71,READ,1,1790452097406620699,43853,1391505060,0.48127,6.537731,7.019001,7.384250871837139,404.9093,,,,,,
replicate_00,0,random_screen_20260926T194531Z_r00_off_ref_00,OFF,native,OFF,72,READ,1,1790452097815018890,43853,1391505080,0.430527,2.241369,2.671896,3.036449197679758,408.398191,,,,,,
replicate_00,0,random_screen_20260926T194531Z_r00_off_ref_00,OFF,native,OFF,73,READ,1,1790452098219280116,43853,1391505100,0.501916,5.568117,6.070033,6.431221030652523,404.261226,,,,,,
replicate_00,0,random_screen_20260926T194531Z_r00_off_ref_00,OFF,native,OFF,74,READ,1,1790452098626622721,43853,1391505120,0.448705,3.408343,3.857048,4.220469854772091,407.342605,,,,,,
replicate_00,0,random_screen_20260926T194531Z_r00_off_ref_00,OFF,native,OFF,75,READ,1,1790452099031827978,43853,1391505140,0.405007,2.229976,2.634983,2.9998989775776863,405.205257,,,,,,
replicate_00,0,random_screen_20260926T194531Z_r00_off_ref_00,OFF,native,OFF,76,READ,1,1790452099435738211,43853,1391505160,0.43792,2.308722,2.746642,3.1023118644952774,403.910233,,,,,,
replicate_00,0,random_screen_20260926T194531Z_r00_off_ref_00,OFF,native,OFF,77,READ,1,1790452099839852262,43853,1391505180,0.448456,1.200898,1.649354,2.011028118431568,404.114051,,,,,,
replicate_00,0,random_screen_20260926T194531Z_r00_off_ref_00,OFF,native,OFF,78,READ,1,1790452100242987308,43853,1391505200,4.66626,7.949423,12.615683,12.977960985153913,403.135046,,,,,,
replicate_00,0,random_screen_20260926T194531Z_r00_off_ref_00,OFF,native,OFF,79,READ,1,1790452100656923967,43853,1391505220,0.46534,3.041265,3.506605,3.87026509270072,413.936659,,,,,,
replicate_00,0,random_screen_20260926T194531Z_r00_off_ref_00,OFF,native,OFF,80,READ,1,1790452101061888793,43853,1391505240,0.520175,2.375199,2.895374,3.2594180665910244,404.964826,,,,,,
replicate_00,0,random_screen_20260926T194531Z_r00_off_ref_00,OFF,native,OFF,81,READ,1,1790452101466173697,43853,1391505260,0.46927,2.970909,3.440179,3.8210591301321983,404.284904,,,,,,
replicate_00,0,random_screen_20260926T194531Z_r00_off_ref_00,OFF,native,OFF,82,READ,1,1790452101871177074,43853,1391505280,1.508144,1.390638,2.898782,3.2768193632364273,405.003377,,,,,,
replicate_00,0,random_screen_20260926T194531Z_r00_off_ref_00,OFF,native,OFF,83,READ,1,1790452102275459617,43853,1391505300,1.476336,1.184227,2.660563,3.0324747785925865,404.282543,,,,,,
replicate_00,0,random_screen_20260926T194531Z_r00_off_ref_00,OFF,native,OFF,84,READ,1,1790452102679492916,43853,1391505320,0.445673,5.70351,6.149183,6.512072868645191,404.033299,,,,,,
replicate_00,0,random_screen_20260926T194531Z_r00_off_ref_00,OFF,native,OFF,85,READ,1,1790452103087009151,43853,1391505340,0.519235,2.227494,2.746729,3.1090937554836273,407.516235,,,,,,
replicate_00,0,random_screen_20260926T194531Z_r00_off_ref_00,OFF,native,OFF,86,READ,1,1790452103491129264,43853,1391505360,0.474116,3.001259,3.475375,3.8405079394578934,404.120113,,,,,,
replicate_00,0,random_screen_20260926T194531Z_r00_off_ref_00,OFF,native,OFF,87,READ,1,1790452103895949461,43853,1391505380,0.388413,2.323592,2.712005,3.0773389153182507,404.820197,,,,,,
replicate_00,0,random_screen_20260926T194531Z_r00_off_ref_00,OFF,native,OFF,88,READ,1,1790452104299956717,43853,1391505400,0.451625,4.294582,4.746207,5.110690835863352,404.007256,,,,,,
replicate_00,0,random_screen_20260926T194531Z_r00_off_ref_00,OFF,native,OFF,89,READ,1,1790452104706071706,43853,1391505420,0.925228,2.595072,3.5203,3.8844961673021317,406.114989,,,,,,
replicate_00,0,random_screen_20260926T194531Z_r00_off_ref_00,OFF,native,OFF,90,READ,1,1790452105111065481,43853,1391505440,0.439128,1.221558,1.660686,2.03519593924284,404.993775,,,,,,
replicate_00,0,random_screen_20260926T194531Z_r00_off_ref_00,OFF,native,OFF,91,READ,1,1790452105514376984,43853,1391505460,1.142263,1.258985,2.401248,2.780499868094921,403.311503,,,,,,
replicate_00,0,random_screen_20260926T194531Z_r00_off_ref_00,OFF,native,OFF,92,READ,1,1790452105918313808,43853,1391505480,1.506795,1.184451,2.691246,3.074855078011751,403.936824,,,,,,
replicate_00,0,random_screen_20260926T194531Z_r00_off_ref_00,OFF,native,OFF,93,READ,1,1790452106322404181,43853,1391505500,1.506554,1.204752,2.711306,3.088966943323612,404.090373,,,,,,
replicate_00,0,random_screen_20260926T194531Z_r00_off_ref_00,OFF,native,OFF,94,READ,1,1790452106726495251,43853,1391505520,0.417769,2.724242,3.142011,3.5046390257775784,404.09107,,,,,,
replicate_00,0,random_screen_20260926T194531Z_r00_off_ref_00,OFF,native,OFF,95,READ,1,1790452107131023492,43853,1391505540,1.520885,2.108398,3.629283,3.9942990988492966,404.528241,,,,,,
replicate_00,0,random_screen_20260926T194531Z_r00_off_ref_00,OFF,native,OFF,96,READ,1,1790452107535999971,43853,1391505560,1.062771,2.60249,3.665261,4.027050919830799,404.976479,,,,,,
replicate_00,0,random_screen_20260926T194531Z_r00_off_ref_00,OFF,native,OFF,97,READ,1,1790452107941032276,43853,1391505580,0.461446,1.240417,1.701863,2.0694960840046406,405.032305,,,,,,
replicate_00,0,random_screen_20260926T194531Z_r00_off_ref_00,OFF,native,OFF,98,READ,1,1790452108344108189,43853,1391505600,1.470847,1.189324,2.660171,3.025710117071867,403.075913,,,,,,
replicate_00,0,random_screen_20260926T194531Z_r00_off_ref_00,OFF,native,OFF,99,READ,1,1790452108748054338,43853,1391505620,4.615841,2.342579,6.95842,7.380159106105566,403.946149,,,,,,
replicate_00,0,random_screen_20260926T194531Z_r00_off_ref_00,OFF,native,OFF,100,SELECT,3,1790452109156828202,43853,1391505640,1.504514,1.211885,2.716399,3.101628739386797,408.773864,,,,,,
replicate_00,0,random_screen_20260926T194531Z_r00_off_ref_00,OFF,native,OFF,101,OPERATE,4,1790452109160275136,43853,1391505685,0.443756,4.730931,5.174687,5.544939078390598,3.446934,,,,,,
replicate_00,0,random_screen_20260926T194531Z_r00_off_ref_00,OFF,native,OFF,102,SELECT,3,1790452109567663622,43853,1391505730,0.403603,1.231378,1.634981,2.005619928240776,407.388486,,,,,,
replicate_00,0,random_screen_20260926T194531Z_r00_off_ref_00,OFF,native,OFF,103,OPERATE,4,1790452109569958278,43853,1391505775,1.105502,1.86873,2.974232,3.370366059243679,2.294656,,,,,,
replicate_00,0,random_screen_20260926T194531Z_r00_off_ref_00,OFF,native,OFF,104,SELECT,3,1790452109974916794,43853,1391505820,0.439612,1.121906,1.561518,1.931705977767706,404.958516,,,,,,
replicate_00,0,random_screen_20260926T194531Z_r00_off_ref_00,OFF,native,OFF,105,OPERATE,4,1790452109977132151,43853,1391505865,0.437109,2.898562,3.335671,3.7027839571237564,2.215357,,,,,,
replicate_00,0,random_screen_20260926T194531Z_r00_off_ref_00,OFF,native,OFF,106,SELECT,3,1790452110382446240,43853,1391505910,1.423639,1.041974,2.465613,2.8518596664071083,405.314089,,,,,,
replicate_00,0,random_screen_20260926T194531Z_r00_off_ref_00,OFF,native,OFF,107,OPERATE,4,1790452110385583367,43853,1391505955,0.380556,2.972235,3.352791,3.7359632551670074,3.137127,,,,,,
replicate_00,0,random_screen_20260926T194531Z_r00_off_ref_00,OFF,native,OFF,108,SELECT,3,1790452110790933785,43853,1391506000,1.379482,1.052864,2.432346,2.8047864325344563,405.350418,,,,,,
replicate_00,0,random_screen_20260926T194531Z_r00_off_ref_00,OFF,native,OFF,109,OPERATE,4,1790452110794022874,43853,1391506045,0.389984,2.925046,3.31503,3.6816741339862347,3.089089,,,,,,
replicate_00,0,random_screen_20260926T194531Z_r00_off_ref_00,OFF,native,OFF,110,SELECT,3,1790452111199559947,43853,1391506090,1.233481,4.874729,6.10821,6.477342918515205,405.537073,,,,,,
replicate_00,0,random_screen_20260926T194531Z_r00_off_ref_00,OFF,native,OFF,111,OPERATE,4,1790452111206342112,43853,1391506135,0.438188,12.543109,12.981297,13.347633183002472,6.782165,,,,,,
replicate_00,0,random_screen_20260926T194531Z_r00_off_ref_00,OFF,native,OFF,112,SELECT,3,1790452111621320024,43853,1391506180,0.429896,1.114557,1.544453,1.914402935653925,414.977912,,,,,,
replicate_00,0,random_screen_20260926T194531Z_r00_off_ref_00,OFF,native,OFF,113,OPERATE,4,1790452111623540663,43853,1391506225,0.410033,2.955505,3.365538,3.7534539587795734,2.220639,,,,,,
replicate_00,0,random_screen_20260926T194531Z_r00_off_ref_00,OFF,native,OFF,114,SELECT,3,1790452112028914480,43853,1391506270,1.285558,1.042545,2.328103,2.697315067052841,405.373817,,,,,,
replicate_00,0,random_screen_20260926T194531Z_r00_off_ref_00,OFF,native,OFF,115,OPERATE,4,1790452112031897029,43853,1391506315,0.389711,2.978226,3.367937,3.689649049192667,2.982549,,,,,,
replicate_00,0,random_screen_20260926T194531Z_r00_off_ref_00,OFF,native,OFF,116,SELECT,3,1790452112437162807,43853,1391506360,1.436916,1.047465,2.484381,2.852930687367916,405.265778,,,,,,
replicate_00,0,random_screen_20260926T194531Z_r00_off_ref_00,OFF,native,OFF,117,OPERATE,4,1790452112440323264,43853,1391506405,0.421963,2.945231,3.367194,3.6793393082916737,3.160457,,,,,,
replicate_00,0,random_screen_20260926T194531Z_r00_off_ref_00,OFF,native,OFF,118,SELECT,3,1790452112845766207,43853,1391506450,2.24352,1.105957,3.349477,3.7287212908267975,405.442943,,,,,,
replicate_00,0,random_screen_20260926T194531Z_r00_off_ref_00,OFF,native,OFF,119,OPERATE,4,1790452112849778237,43853,1391506495,1.543549,1.861649,3.405198,3.7682000547647476,4.01203,,,,,,
replicate_00,0,random_screen_20260926T194531Z_r00_off_ref_00,OFF,native,OFF,120,SELECT,3,1790452113255314408,43853,1391506540,0.465783,4.678136,5.143919,5.52156800404191,405.536171,,,,,,
replicate_00,0,random_screen_20260926T194531Z_r00_off_ref_00,OFF,native,OFF,121,OPERATE,4,1790452113261118606,43853,1391506585,0.393919,13.319511,13.71343,14.076877851039171,5.804198,,,,,,
replicate_00,0,random_screen_20260926T194531Z_r00_off_ref_00,OFF,native,OFF,122,SELECT,3,1790452113676749450,43853,1391506630,0.406139,3.436569,3.842708,4.2124358005821705,415.630844,,,,,,
replicate_00,0,random_screen_20260926T194531Z_r00_off_ref_00,OFF,native,OFF,123,OPERATE,4,1790452113681278234,43853,1391506675,0.500249,13.745028,14.245277,14.610980171710253,4.528784,,,,,,
replicate_00,0,random_screen_20260926T194531Z_r00_off_ref_00,OFF,native,OFF,124,SELECT,3,1790452114097517590,43853,1391506720,0.442274,1.134387,1.576661,1.963282935321331,416.239356,,,,,,
replicate_00,0,random_screen_20260926T194531Z_r00_off_ref_00,OFF,native,OFF,125,OPERATE,4,1790452114099763376,43853,1391506765,0.393721,2.954852,3.348573,3.724165726453066,2.245786,,,,,,
replicate_00,0,random_screen_20260926T194531Z_r00_off_ref_00,OFF,native,OFF,126,SELECT,3,1790452114505402982,43853,1391506810,0.533367,1.114598,1.647965,2.0372821018099785,405.639606,,,,,,
replicate_00,0,random_screen_20260926T194531Z_r00_off_ref_00,OFF,native,OFF,127,OPERATE,4,1790452114507723135,43853,1391506855,0.377621,3.020547,3.398168,3.7619960494339466,2.320153,,,,,,
replicate_00,0,random_screen_20260926T194531Z_r00_off_ref_00,OFF,native,OFF,128,SELECT,3,1790452114913083629,43853,1391506900,1.406834,0.968302,2.375136,2.7478928677737713,405.360494,,,,,,
replicate_00,0,random_screen_20260926T194531Z_r00_off_ref_00,OFF,native,OFF,129,OPERATE,4,1790452114916113649,43853,1391506945,0.425047,2.981462,3.406509,3.768431954085827,3.03002,,,,,,
replicate_00,0,random_screen_20260926T194531Z_r00_off_ref_00,OFF,native,OFF,130,SELECT,3,1790452115321588638,43853,1391506990,1.359806,1.053496,2.413302,2.7995919808745384,405.474989,,,,,,
replicate_00,0,random_screen_20260926T194531Z_r00_off_ref_00,OFF,native,OFF,131,OPERATE,4,1790452115324673729,43853,1391507035,0.381413,2.969074,3.350487,3.7285233847796917,3.085091,,,,,,
replicate_00,0,random_screen_20260926T194531Z_r00_off_ref_00,OFF,native,OFF,132,SELECT,3,1790452115730084498,43853,1391507080,1.289305,4.449141,5.738446,6.108688190579414,405.410769,,,,,,
replicate_00,0,random_screen_20260926T194531Z_r00_off_ref_00,OFF,native,OFF,133,OPERATE,4,1790452115736509147,43853,1391507125,0.439425,4.766057,5.205482,5.586024839431047,6.424649,,,,,,
replicate_00,0,random_screen_20260926T194531Z_r00_off_ref_00,OFF,native,OFF,134,SELECT,3,1790452116143911441,43853,1391507170,0.456713,5.359253,5.815966,6.184198893606663,407.402294,,,,,,
replicate_00,0,random_screen_20260926T194531Z_r00_off_ref_00,OFF,native,OFF,135,OPERATE,4,1790452116150409829,43853,1391507215,0.428352,5.742927,6.171279,6.533842999488115,6.498388,,,,,,
replicate_00,0,random_screen_20260926T194531Z_r00_off_ref_00,OFF,native,OFF,136,SELECT,3,1790452116558540585,43853,1391507260,0.412377,2.125276,2.537653,2.921431791037321,408.130756,,,,,,
replicate_00,0,random_screen_20260926T194531Z_r00_off_ref_00,OFF,native,OFF,137,OPERATE,4,1790452116561744846,43853,1391507305,0.483672,2.862025,3.345697,3.724298905581236,3.204261,,,,,,
replicate_00,0,random_screen_20260926T194531Z_r00_off_ref_00,OFF,native,OFF,138,SELECT,3,1790452116967222824,43853,1391507350,0.508985,2.165438,2.674423,3.074199892580509,405.477978,,,,,,
replicate_00,0,random_screen_20260926T194531Z_r00_off_ref_00,OFF,native,OFF,139,OPERATE,4,1790452116970568185,43853,1391507395,0.435061,2.943573,3.378634,3.7607052363455296,3.345361,,,,,,
replicate_00,0,random_screen_20260926T194531Z_r00_off_ref_00,OFF,native,OFF,140,SELECT,3,1790452117375921612,43853,1391507440,0.399779,2.119183,2.518962,2.8871851973235607,405.353427,,,,,,
replicate_00,0,random_screen_20260926T194531Z_r00_off_ref_00,OFF,native,OFF,141,OPERATE,4,1790452117379093724,43853,1391507485,0.438429,2.8752,3.313629,3.677654080092907,3.172112,,,,,,
replicate_00,0,random_screen_20260926T194531Z_r00_off_ref_00,OFF,native,OFF,142,SELECT,3,1790452117784394492,43853,1391507530,0.407043,5.975083,6.382126,6.7496648989617825,405.300768,,,,,,
replicate_00,0,random_screen_20260926T194531Z_r00_off_ref_00,OFF,native,OFF,143,OPERATE,4,1790452117791445651,43853,1391507575,0.437612,4.213751,4.651363,5.02912187948823,7.051159,,,,,,
replicate_00,0,random_screen_20260926T194531Z_r00_off_ref_00,OFF,native,OFF,144,SELECT,3,1790452118198434605,43853,1391507620,4.646143,6.698207,11.34435,11.711465194821358,406.988954,,,,,,
replicate_00,0,random_screen_20260926T194531Z_r00_off_ref_00,OFF,native,OFF,145,OPERATE,4,1790452118210452948,43853,1391507665,1.05951,1.851173,2.910683,3.274692688137293,12.018343,,,,,,
replicate_00,0,random_screen_20260926T194531Z_r00_off_ref_00,OFF,native,OFF,146,SELECT,3,1790452118615309327,43853,1391507710,0.479907,13.891568,14.371475,14.739056583493948,404.856379,,,,,,
replicate_00,0,random_screen_20260926T194531Z_r00_off_ref_00,OFF,native,OFF,147,OPERATE,4,1790452118630357132,43853,1391507755,0.501448,5.550897,6.052345,6.414803210645914,15.047805,,,,,,
replicate_00,0,random_screen_20260926T194531Z_r00_off_ref_00,OFF,native,OFF,148,SELECT,3,1790452119038540359,43853,1391507800,4.573648,2.105974,6.679622,7.048422005027533,408.183227,,,,,,
replicate_00,0,random_screen_20260926T194531Z_r00_off_ref_00,OFF,native,OFF,149,OPERATE,4,1790452119045872064,43853,1391507845,0.433947,2.909684,3.343631,3.705854993313551,7.331705,,,,,,
replicate_00,0,random_screen_20260926T194531Z_r00_off_ref_00,OFF,native,OFF,150,SELECT,3,1790452119451343908,43853,1391507890,0.509292,2.224923,2.734215,3.118854947388172,405.471844,,,,,,
replicate_00,0,random_screen_20260926T194531Z_r00_off_ref_00,OFF,native,OFF,151,OPERATE,4,1790452119454744593,43853,1391507935,0.383188,2.927684,3.310872,3.6949319764971733,3.400685,,,,,,
replicate_00,0,random_screen_20260926T194531Z_r00_off_ref_00,OFF,native,OFF,152,SELECT,3,1790452119860224569,43853,1391507980,1.442028,1.11734,2.559368,2.9483861289918423,405.479976,,,,,,
replicate_00,0,random_screen_20260926T194531Z_r00_off_ref_00,OFF,native,OFF,153,OPERATE,4,1790452119863455812,43853,1391508025,0.478962,2.953699,3.432661,3.8320478051900864,3.231243,,,,,,
replicate_00,0,random_screen_20260926T194531Z_r00_off_ref_00,OFF,native,OFF,154,SELECT,3,1790452120268909435,43853,1391508070,1.50847,4.807735,6.316205,6.690278183668852,405.453623,,,,,,
replicate_00,0,random_screen_20260926T194531Z_r00_off_ref_00,OFF,native,OFF,155,OPERATE,4,1790452120275885117,43853,1391508115,0.397816,4.286719,4.684535,5.047316662967205,6.975682,,,,,,
replicate_00,0,random_screen_20260926T194531Z_r00_off_ref_00,OFF,native,OFF,156,SELECT,3,1790452120682530802,43853,1391508160,0.46593,1.960256,2.426186,2.8200489468872547,406.645685,,,,,,
replicate_00,0,random_screen_20260926T194531Z_r00_off_ref_00,OFF,native,OFF,157,OPERATE,4,1790452120685636638,43853,1391508205,1.517314,4.384162,5.901476,6.271769292652607,3.105836,,,,,,
replicate_00,0,random_screen_20260926T194531Z_r00_off_ref_00,OFF,native,OFF,158,SELECT,3,1790452121093515920,43853,1391508250,0.458843,2.143177,2.60202,2.97325337305665,407.879282,,,,,,
replicate_00,0,random_screen_20260926T194531Z_r00_off_ref_00,OFF,native,OFF,159,OPERATE,4,1790452121096774223,43853,1391508295,0.425844,2.917024,3.342868,3.7255478091537952,3.258303,,,,,,
replicate_00,0,random_screen_20260926T194531Z_r00_off_ref_00,OFF,native,OFF,160,SELECT,3,1790452121502430940,43853,1391508340,1.526139,1.041712,2.567851,2.9537719674408436,405.656717,,,,,,
replicate_00,0,random_screen_20260926T194531Z_r00_off_ref_00,OFF,native,OFF,161,OPERATE,4,1790452121505668942,43853,1391508385,0.424647,2.95284,3.377487,3.757957834750414,3.238002,,,,,,
replicate_00,0,random_screen_20260926T194531Z_r00_off_ref_00,OFF,native,OFF,162,SELECT,3,1790452121911120363,43853,1391508430,1.549654,1.140918,2.690572,3.063431940972805,405.451421,,,,,,
replicate_00,0,random_screen_20260926T194531Z_r00_off_ref_00,OFF,native,OFF,163,OPERATE,4,1790452121914499602,43853,1391508475,0.378337,2.926746,3.305083,3.6698770709335804,3.379239,,,,,,
replicate_00,0,random_screen_20260926T194531Z_r00_off_ref_00,OFF,native,OFF,164,SELECT,3,1790452122319843148,43853,1391508520,1.308655,4.667636,5.976291,6.345898378640413,405.343546,,,,,,
replicate_00,0,random_screen_20260926T194531Z_r00_off_ref_00,OFF,native,OFF,165,OPERATE,4,1790452122326501393,43853,1391508565,0.451251,4.016968,4.468219,4.885721951723099,6.658245,,,,,,
replicate_00,0,random_screen_20260926T194531Z_r00_off_ref_00,OFF,native,OFF,166,SELECT,3,1790452122732967112,43853,1391508610,0.792978,1.077722,1.8707,2.2434350103139877,406.465719,,,,,,
replicate_00,0,random_screen_20260926T194531Z_r00_off_ref_00,OFF,native,OFF,167,OPERATE,4,1790452122735526269,43853,1391508655,0.392434,4.740035,5.132469,5.496485158801079,2.559157,,,,,,
replicate_00,0,random_screen_20260926T194531Z_r00_off_ref_00,OFF,native,OFF,168,SELECT,3,1790452123142899644,43853,1391508700,0.463374,1.248844,1.712218,2.0858789794147015,407.373375,,,,,,
replicate_00,0,random_screen_20260926T194531Z_r00_off_ref_00,OFF,native,OFF,169,OPERATE,4,1790452123145304171,43853,1391508745,1.103276,1.853017,2.956293,3.320869989693165,2.404527,,,,,,
replicate_00,0,random_screen_20260926T194531Z_r00_off_ref_00,OFF,native,OFF,170,SELECT,3,1790452123550381732,43853,1391508790,0.404709,1.115402,1.520111,1.906604040414095,405.077561,,,,,,
replicate_00,0,random_screen_20260926T194531Z_r00_off_ref_00,OFF,native,OFF,171,OPERATE,4,1790452123552575778,43853,1391508835,0.432011,7.011272,7.443283,7.824962958693504,2.194046,,,,,,
replicate_00,0,random_screen_20260926T194531Z_r00_off_ref_00,OFF,native,OFF,172,SELECT,3,1790452123962096071,43853,1391508880,1.213686,1.156381,2.370067,2.7397829107940197,409.520293,,,,,,
replicate_00,0,random_screen_20260926T194531Z_r00_off_ref_00,OFF,native,OFF,173,OPERATE,4,1790452123965119605,43853,1391508925,0.388519,2.923126,3.311645,3.677182365208864,3.023534,,,,,,
replicate_00,0,random_screen_20260926T194531Z_r00_off_ref_00,OFF,native,OFF,174,SELECT,3,1790452124370532562,43853,1391508970,1.251374,1.064114,2.315488,2.682990860193968,405.412957,,,,,,
replicate_00,0,random_screen_20260926T194531Z_r00_off_ref_00,OFF,native,OFF,175,OPERATE,4,1790452124373517367,43853,1391509015,0.59949,2.819149,3.418639,3.799944184720516,2.984805,,,,,,
replicate_00,0,random_screen_20260926T194531Z_r00_off_ref_00,OFF,native,OFF,176,SELECT,3,1790452124778999123,43853,1391509060,1.305759,4.75976,6.065519,6.463342811912298,405.481756,,,,,,
replicate_00,0,random_screen_20260926T194531Z_r00_off_ref_00,OFF,native,OFF,177,OPERATE,4,1790452124785743258,43853,1391509105,0.395618,4.5656,4.961218,5.325562320649624,6.744135,,,,,,
replicate_00,0,random_screen_20260926T194531Z_r00_off_ref_00,OFF,native,OFF,178,SELECT,3,1790452125192847932,43853,1391509150,0.452994,1.595071,2.048065,2.484652679413557,407.104674,,,,,,
replicate_00,0,random_screen_20260926T194531Z_r00_off_ref_00,OFF,native,OFF,179,OPERATE,4,1790452125195625529,43853,1391509195,1.469669,4.60658,6.076249,6.439969874918461,2.777597,,,,,,
replicate_00,0,random_screen_20260926T194531Z_r00_off_ref_00,OFF,native,OFF,180,SELECT,3,1790452125603673235,43853,1391509240,1.682212,1.037678,2.71989,3.0894088558852673,408.047706,,,,,,
replicate_00,0,random_screen_20260926T194531Z_r00_off_ref_00,OFF,native,OFF,181,OPERATE,4,1790452125607048423,43853,1391509285,0.419688,2.947765,3.367453,3.730578813701868,3.375188,,,,,,
replicate_00,0,random_screen_20260926T194531Z_r00_off_ref_00,OFF,native,OFF,182,SELECT,3,1790452126012340347,43853,1391509330,1.447766,1.119011,2.566777,2.9543726705014706,405.291924,,,,,,
replicate_00,0,random_screen_20260926T194531Z_r00_off_ref_00,OFF,native,OFF,183,OPERATE,4,1790452126015580684,43853,1391509375,0.414984,2.910648,3.325632,3.7300321273505688,3.240337,,,,,,
replicate_00,0,random_screen_20260926T194531Z_r00_off_ref_00,OFF,native,OFF,184,SELECT,3,1790452126420919454,43853,1391509420,1.509179,1.023898,2.533077,2.9042200185358524,405.33877,,,,,,
replicate_00,0,random_screen_20260926T194531Z_r00_off_ref_00,OFF,native,OFF,185,OPERATE,4,1790452126424106175,43853,1391509465,0.424964,2.909351,3.334315,3.646290861070156,3.186721,,,,,,
replicate_00,0,random_screen_20260926T194531Z_r00_off_ref_00,OFF,native,OFF,186,SELECT,3,1790452126829649867,43853,1391509510,1.318923,1.048974,2.367897,2.7651009149849415,405.543692,,,,,,
replicate_00,0,random_screen_20260926T194531Z_r00_off_ref_00,OFF,native,OFF,187,OPERATE,4,1790452126832698732,43853,1391509555,0.377689,3.065344,3.443033,3.809901885688305,3.048865,,,,,,
replicate_00,0,random_screen_20260926T194531Z_r00_off_ref_00,OFF,native,OFF,188,SELECT,3,1790452127238144008,43853,1391509600,1.269369,5.527134,6.796503,7.195835001766682,405.445276,,,,,,
replicate_00,0,random_screen_20260926T194531Z_r00_off_ref_00,OFF,native,OFF,189,OPERATE,4,1790452127245622116,43853,1391509645,0.443101,5.69499,6.138091,6.500799208879471,7.478108,,,,,,
replicate_00,0,random_screen_20260926T194531Z_r00_off_ref_00,OFF,native,OFF,190,SELECT,3,1790452127653752278,43853,1391509690,0.413731,2.173034,2.586765,2.957358956336975,408.130162,,,,,,
replicate_00,0,random_screen_20260926T194531Z_r00_off_ref_00,OFF,native,OFF,191,OPERATE,4,1790452127656993756,43853,1391509735,0.38156,2.93958,3.32114,3.6857598461210728,3.241478,,,,,,
replicate_00,0,random_screen_20260926T194531Z_r00_off_ref_00,OFF,native,OFF,192,SELECT,3,1790452128062430893,43853,1391509780,0.521585,2.229264,2.750849,3.1211217865347862,405.437137,,,,,,
replicate_00,0,random_screen_20260926T194531Z_r00_off_ref_00,OFF,native,OFF,193,OPERATE,4,1790452128065835670,43853,1391509825,0.405062,7.064861,7.469923,7.8322491608560085,3.404777,,,,,,
replicate_00,0,random_screen_20260926T194531Z_r00_off_ref_00,OFF,native,OFF,194,SELECT,3,1790452128475576204,43853,1391509870,1.43879,1.047224,2.486014,2.8706700541079044,409.740534,,,,,,
replicate_00,0,random_screen_20260926T194531Z_r00_off_ref_00,OFF,native,OFF,195,OPERATE,4,1790452128478734870,43853,1391509915,0.474248,3.252673,3.726921,4.091168288141489,3.158666,,,,,,
replicate_00,0,random_screen_20260926T194531Z_r00_off_ref_00,OFF,native,OFF,196,SELECT,3,1790452128884590290,43853,1391509960,1.180247,1.041468,2.221715,2.5909668765962124,405.85542,,,,,,
replicate_00,0,random_screen_20260926T194531Z_r00_off_ref_00,OFF,native,OFF,197,OPERATE,4,1790452128887486099,43853,1391510005,0.443279,2.950845,3.394124,3.7788483314216137,2.895809,,,,,,
replicate_00,0,random_screen_20260926T194531Z_r00_off_ref_00,OFF,native,OFF,198,SELECT,3,1790452129292680393,43853,1391510050,1.644146,5.768014,7.41216,7.8094094060361385,405.194294,,,,,,
replicate_00,0,random_screen_20260926T194531Z_r00_off_ref_00,OFF,native,OFF,199,OPERATE,4,1790452129300772520,43853,1391510095,0.397279,10.659433,11.056712,11.421100702136755,8.092127,,,,,,
replicate_00,0,random_screen_20260926T194531Z_r00_off_ref_00,OFF,native,OFF,200,SELECT,3,1790452129713791855,43853,1391510140,1.571324,4.690774,6.262098,6.659340113401413,413.019335,,,,,,
replicate_00,0,random_screen_20260926T194531Z_r00_off_ref_00,OFF,native,OFF,201,OPERATE,4,1790452129720733953,43853,1391510185,0.436127,4.616885,5.053012,5.414532031863928,6.942098,,,,,,
replicate_00,0,random_screen_20260926T194531Z_r00_off_ref_00,OFF,native,OFF,202,SELECT,3,1790452130127928737,43853,1391510230,0.440442,1.355837,1.796279,2.1656532771885395,407.194784,,,,,,
replicate_00,0,random_screen_20260926T194531Z_r00_off_ref_00,OFF,native,OFF,203,OPERATE,4,1790452130130411411,43853,1391510275,1.489886,1.820101,3.309987,3.6738780327141285,2.482674,,,,,,
replicate_00,0,random_screen_20260926T194531Z_r00_off_ref_00,OFF,native,OFF,204,SELECT,3,1790452130535670588,43853,1391510320,0.576769,1.116038,1.692807,2.0645796321332455,405.259177,,,,,,
replicate_00,0,random_screen_20260926T194531Z_r00_off_ref_00,OFF,native,OFF,205,OPERATE,4,1790452130538017775,43853,1391510365,0.382397,2.974064,3.356461,3.719058819115162,2.347187,,,,,,
replicate_00,0,random_screen_20260926T194531Z_r00_off_ref_00,OFF,native,OFF,206,SELECT,3,1790452130943370976,43853,1391510410,1.521294,1.061436,2.58273,2.971573267132044,405.353201,,,,,,
replicate_00,0,random_screen_20260926T194531Z_r00_off_ref_00,OFF,native,OFF,207,OPERATE,4,1790452130946626875,43853,1391510455,0.383055,3.002266,3.385321,3.766917157918215,3.255899,,,,,,
replicate_00,0,random_screen_20260926T194531Z_r00_off_ref_00,OFF,native,OFF,208,SELECT,3,1790452131351956614,43853,1391510500,1.304401,1.113818,2.418219,2.788826823234558,405.329739,,,,,,
replicate_00,0,random_screen_20260926T194531Z_r00_off_ref_00,OFF,native,OFF,209,OPERATE,4,1790452131355030013,43853,1391510545,0.394743,2.957346,3.352089,3.7155011668801308,3.073399,,,,,,
replicate_00,0,random_screen_20260926T194531Z_r00_off_ref_00,OFF,native,OFF,210,SELECT,3,1790452131760771736,43853,1391510590,0.972211,4.583605,5.555816,5.92469796538353,405.741723,,,,,,
replicate_00,0,random_screen_20260926T194531Z_r00_off_ref_00,OFF,native,OFF,211,OPERATE,4,1790452131766985958,43853,1391510635,0.435101,4.131055,4.566156,4.950725007802248,6.214222,,,,,,
replicate_00,0,random_screen_20260926T194531Z_r00_off_ref_00,OFF,native,OFF,212,SELECT,3,1790452132173535527,43853,1391510680,0.951729,1.107514,2.059243,2.4157660081982613,406.549569,,,,,,
replicate_00,0,random_screen_20260926T194531Z_r00_off_ref_00,OFF,native,OFF,213,OPERATE,4,1790452132176256301,43853,1391510725,0.426364,2.842019,3.268383,3.620099276304245,2.720774,,,,,,
replicate_00,0,random_screen_20260926T194531Z_r00_off_ref_00,OFF,native,OFF,214,SELECT,3,1790452132581470477,43853,1391510770,1.393116,12.380173,13.773289,14.110033866018057,405.214176,,,,,,
replicate_00,0,random_screen_20260926T194531Z_r00_off_ref_00,OFF,native,OFF,215,OPERATE,4,1790452132595867196,43853,1391510815,0.472282,4.656591,5.128873,5.514137912541628,14.396719,,,,,,
replicate_00,0,random_screen_20260926T194531Z_r00_off_ref_00,OFF,native,OFF,216,SELECT,3,1790452133003026538,43853,1391510860,0.771825,5.628117,6.399942,6.771032232791185,407.159342,,,,,,
replicate_00,0,random_screen_20260926T194531Z_r00_off_ref_00,OFF,native,OFF,217,OPERATE,4,1790452133010081437,43853,1391510905,0.480465,7.305544,7.786009,8.187351748347282,7.054899,,,,,,
replicate_00,0,random_screen_20260926T194531Z_r00_off_ref_00,OFF,native,OFF,218,SELECT,3,1790452133419784105,43853,1391510950,0.792455,1.002453,1.794908,2.1567451767623425,409.702668,,,,,,
replicate_00,0,random_screen_20260926T194531Z_r00_off_ref_00,OFF,native,OFF,219,OPERATE,4,1790452133422259730,43853,1391510995,0.466309,7.136658,7.602967,8.00303602591157,2.475625,,,,,,
replicate_00,0,random_screen_20260926T194531Z_r00_off_ref_00,OFF,native,OFF,220,SELECT,3,1790452133832096136,43853,1391511040,1.197298,1.833546,3.030844,3.417602740228176,409.836406,,,,,,
replicate_00,0,random_screen_20260926T194531Z_r00_off_ref_00,OFF,native,OFF,221,OPERATE,4,1790452133835798069,43853,1391511085,1.486148,4.704672,6.19082,6.5855360589921474,3.701933,,,,,,
replicate_00,0,random_screen_20260926T194531Z_r00_off_ref_00,OFF,native,OFF,222,SELECT,3,1790452134244092371,43853,1391511130,1.426758,5.2246,6.651358,7.025343831628561,408.294302,,,,,,
replicate_00,0,random_screen_20260926T194531Z_r00_off_ref_00,OFF,native,OFF,223,OPERATE,4,1790452134251460624,43853,1391511175,0.504836,3.923575,4.428411,4.817227367311716,7.368253,,,,,,
replicate_00,0,random_screen_20260926T194531Z_r00_off_ref_00,OFF,native,OFF,224,SELECT,3,1790452134657849297,43853,1391511220,0.621146,1.105207,1.726353,2.1016057580709457,406.388673,,,,,,
replicate_00,0,random_screen_20260926T194531Z_r00_off_ref_00,OFF,native,OFF,225,OPERATE,4,1790452134660267121,43853,1391511265,0.380723,2.91045,3.291173,3.6601871252059937,2.417824,,,,,,
replicate_00,0,random_screen_20260926T194531Z_r00_off_ref_00,OFF,native,OFF,226,SELECT,3,1790452135065628627,43853,1391511310,1.388473,1.041593,2.430066,2.8349929489195347,405.361506,,,,,,
replicate_00,0,random_screen_20260926T194531Z_r00_off_ref_00,OFF,native,OFF,227,OPERATE,4,1790452135068752347,43853,1391511355,0.516401,2.826209,3.34261,3.722656983882189,3.12372,,,,,,
replicate_00,0,random_screen_20260926T194531Z_r00_off_ref_00,OFF,native,OFF,228,SELECT,3,1790452135474432747,43853,1391511400,1.103067,1.114252,2.217319,2.6104492135345936,405.6804,,,,,,
replicate_00,0,random_screen_20260926T194531Z_r00_off_ref_00,OFF,native,OFF,229,OPERATE,4,1790452135477349000,43853,1391511445,0.424239,2.853356,3.277595,3.6449148319661617,2.916253,,,,,,
replicate_00,0,random_screen_20260926T194531Z_r00_off_ref_00,OFF,native,OFF,230,SELECT,3,1790452135882783404,43853,1391511490,1.162532,1.064535,2.227067,2.638202626258135,405.434404,,,,,,
replicate_00,0,random_screen_20260926T194531Z_r00_off_ref_00,OFF,native,OFF,231,OPERATE,4,1790452135885704759,43853,1391511535,0.386486,2.907372,3.293858,3.678766079246998,2.921355,,,,,,
replicate_00,0,random_screen_20260926T194531Z_r00_off_ref_00,OFF,native,OFF,232,SELECT,3,1790452136291109486,43853,1391511580,1.318564,8.753185,10.071749,10.454055853188038,405.404727,,,,,,
replicate_00,0,random_screen_20260926T194531Z_r00_off_ref_00,OFF,native,OFF,233,OPERATE,4,1790452136301849403,43853,1391511625,0.430333,8.751568,9.181901,9.58371302112937,10.739917,,,,,,
replicate_00,0,random_screen_20260926T194531Z_r00_off_ref_00,OFF,native,OFF,234,SELECT,3,1790452136713158948,43853,1391511670,0.456826,1.545704,2.00253,2.3871161974966526,411.309545,,,,,,
replicate_00,0,random_screen_20260926T194531Z_r00_off_ref_00,OFF,native,OFF,235,OPERATE,4,1790452136715831699,43853,1391511715,1.509489,4.676866,6.186355,6.586163304746151,2.672751,,,,,,
replicate_00,0,random_screen_20260926T194531Z_r00_off_ref_00,OFF,native,OFF,236,SELECT,3,1790452137124329801,43853,1391511760,1.452979,1.114844,2.567823,2.958897966891527,408.498102,,,,,,
replicate_00,0,random_screen_20260926T194531Z_r00_off_ref_00,OFF,native,OFF,237,OPERATE,4,1790452137127573549,43853,1391511805,0.478549,2.897647,3.376196,3.7994571030139923,3.243748,,,,,,
replicate_00,0,random_screen_20260926T194531Z_r00_off_ref_00,OFF,native,OFF,238,SELECT,3,1790452137532953095,43853,1391511850,1.528636,1.044389,2.573025,2.9462669044733047,405.379546,,,,,,
replicate_00,0,random_screen_20260926T194531Z_r00_off_ref_00,OFF,native,OFF,239,OPERATE,4,1790452137536183816,43853,1391511895,0.393625,2.925598,3.319223,3.6359569057822227,3.230721,,,,,,
replicate_00,0,random_screen_20260926T194531Z_r00_off_ref_00,OFF,native,OFF,240,SELECT,3,1790452137941480261,43853,1391511940,2.153675,1.056648,3.210323,3.583114128559828,405.296445,,,,,,
replicate_00,0,random_screen_20260926T194531Z_r00_off_ref_00,OFF,native,OFF,241,OPERATE,4,1790452137945365198,43853,1391511985,1.469799,1.860349,3.330148,3.6960882134735584,3.884937,,,,,,
replicate_00,0,random_screen_20260926T194531Z_r00_off_ref_00,OFF,native,OFF,242,SELECT,3,1790452138350761758,43853,1391512030,0.614242,1.260457,1.874699,2.2473009303212166,405.39656,,,,,,
replicate_00,0,random_screen_20260926T194531Z_r00_off_ref_00,OFF,native,OFF,243,OPERATE,4,1790452138353329666,43853,1391512075,0.430579,3.017037,3.447616,3.8162306882441044,2.567908,,,,,,
replicate_00,0,random_screen_20260926T194531Z_r00_off_ref_00,OFF,native,OFF,244,SELECT,3,1790452138759214092,43853,1391512120,0.731031,5.351514,6.082545,6.471299100667238,405.884426,,,,,,
replicate_00,0,random_screen_20260926T194531Z_r00_off_ref_00,OFF,native,OFF,245,OPERATE,4,1790452138765956688,43853,1391512165,0.450767,5.660731,6.111498,6.494865752756596,6.742596,,,,,,
replicate_00,0,random_screen_20260926T194531Z_r00_off_ref_00,OFF,native,OFF,246,SELECT,3,1790452139174208128,43853,1391512210,0.456983,2.060915,2.517898,2.9038414359092712,408.25144,,,,,,
replicate_00,0,random_screen_20260926T194531Z_r00_off_ref_00,OFF,native,OFF,247,OPERATE,4,1790452139177403711,43853,1391512255,0.447934,2.851481,3.299415,3.6689722910523415,3.195583,,,,,,
replicate_00,0,random_screen_20260926T194531Z_r00_off_ref_00,OFF,native,OFF,248,SELECT,3,1790452139582647033,43853,1391512300,0.412071,2.267376,2.679447,3.05302906781435,405.243322,,,,,,
replicate_00,0,random_screen_20260926T194531Z_r00_off_ref_00,OFF,native,OFF,249,OPERATE,4,1790452139585982085,43853,1391512345,0.381619,2.892425,3.274044,3.6407229490578175,3.335052,,,,,,
replicate_00,0,random_screen_20260926T194531Z_r00_off_ref_00,OFF,native,OFF,250,SELECT,3,1790452139991414325,43853,1391512390,0.52334,2.057563,2.580903,2.972699236124754,405.43224,,,,,,
replicate_00,0,random_screen_20260926T194531Z_r00_off_ref_00,OFF,native,OFF,251,OPERATE,4,1790452139994674083,43853,1391512435,0.431311,2.88174,3.313051,3.6971275694668293,3.259758,,,,,,
replicate_00,0,random_screen_20260926T194531Z_r00_off_ref_00,OFF,native,OFF,252,SELECT,3,1790452140400070024,43853,1391512480,0.433988,2.118112,2.5521,2.930896822363138,405.395941,,,,,,
replicate_00,0,random_screen_20260926T194531Z_r00_off_ref_00,OFF,native,OFF,253,OPERATE,4,1790452140403321122,43853,1391512525,0.377941,2.959564,3.337505,3.705137874931097,3.251098,,,,,,
replicate_00,0,random_screen_20260926T194531Z_r00_off_ref_00,OFF,native,OFF,254,SELECT,3,1790452140809150845,43853,1391512570,1.475396,4.86984,6.345236,6.717765238136053,405.829723,,,,,,
replicate_00,0,random_screen_20260926T194531Z_r00_off_ref_00,OFF,native,OFF,255,OPERATE,4,1790452140816153920,43853,1391512615,0.440708,4.455195,4.895903,5.280721001327038,7.003075,,,,,,
replicate_00,0,random_screen_20260926T194531Z_r00_off_ref_00,OFF,native,OFF,256,SELECT,3,1790452141223178692,43853,1391512660,0.468085,1.662639,2.130724,2.5034951977431774,407.024772,,,,,,
replicate_00,0,random_screen_20260926T194531Z_r00_off_ref_00,OFF,native,OFF,257,OPERATE,4,1790452141225964100,43853,1391512705,1.415696,4.704092,6.119788,6.502878852188587,2.785408,,,,,,
replicate_00,0,random_screen_20260926T194531Z_r00_off_ref_00,OFF,native,OFF,258,SELECT,3,1790452141634158164,43853,1391512750,1.520595,1.053283,2.573878,2.9503582045435905,408.194064,,,,,,
replicate_00,0,random_screen_20260926T194531Z_r00_off_ref_00,OFF,native,OFF,259,OPERATE,4,1790452141637418951,43853,1391512795,0.474354,2.857967,3.332321,3.699219785630703,3.260787,,,,,,
replicate_00,0,random_screen_20260926T194531Z_r00_off_ref_00,OFF,native,OFF,260,SELECT,3,1790452142042725643,43853,1391512840,1.513609,1.109988,2.623597,3.0125840567052364,405.306692,,,,,,
replicate_00,0,random_screen_20260926T194531Z_r00_off_ref_00,OFF,native,OFF,261,OPERATE,4,1790452142046023264,43853,1391512885,0.435668,2.9336,3.369268,3.734888043254614,3.297621,,,,,,
replicate_00,0,random_screen_20260926T194531Z_r00_off_ref_00,OFF,native,OFF,262,SELECT,3,1790452142451686771,43853,1391512930,1.104928,1.017114,2.122042,2.50872690230608,405.663507,,,,,,
replicate_00,0,random_screen_20260926T194531Z_r00_off_ref_00,OFF,native,OFF,263,OPERATE,4,1790452142454515957,43853,1391512975,4.185854,2.91507,7.100924,7.468342315405607,2.829186,,,,,,
replicate_00,0,random_screen_20260926T194531Z_r00_off_ref_00,OFF,native,OFF,264,SELECT,3,1790452142863595622,43853,1391513020,0.451049,2.084506,2.535555,2.9130582697689533,409.079665,,,,,,
replicate_00,0,random_screen_20260926T194531Z_r00_off_ref_00,OFF,native,OFF,265,OPERATE,4,1790452142866789878,43853,1391513065,0.425623,2.963883,3.389506,3.755254205316305,3.194256,,,,,,
replicate_00,0,random_screen_20260926T194531Z_r00_off_ref_00,OFF,native,OFF,266,SELECT,3,1790452143272290642,43853,1391513110,1.481463,1.624572,3.106035,3.479135222733021,405.500764,,,,,,
replicate_00,0,random_screen_20260926T194531Z_r00_off_ref_00,OFF,native,OFF,267,OPERATE,4,1790452143276056613,43853,1391513155,0.426954,5.645709,6.072663,6.439014337956905,3.765971,,,,,,
replicate_00,0,random_screen_20260926T194531Z_r00_off_ref_00,OFF,native,OFF,268,SELECT,3,1790452143684136987,43853,1391513200,0.445143,2.406935,2.852078,3.2561877742409706,408.080374,,,,,,
replicate_00,0,random_screen_20260926T194531Z_r00_off_ref_00,OFF,native,OFF,269,OPERATE,4,1790452143687675618,43853,1391513245,0.397009,3.242753,3.639762,4.009452648460865,3.538631,,,,,,
replicate_00,0,random_screen_20260926T194531Z_r00_off_ref_00,OFF,native,OFF,270,SELECT,3,1790452144093606404,43853,1391513290,1.399325,1.040637,2.439962,2.8339028358459473,405.930786,,,,,,
replicate_00,0,random_screen_20260926T194531Z_r00_off_ref_00,OFF,native,OFF,271,OPERATE,4,1790452144096724208,43853,1391513335,0.381792,2.931235,3.313027,3.7018880248069763,3.117804,,,,,,
replicate_00,0,random_screen_20260926T194531Z_r00_off_ref_00,OFF,native,OFF,272,SELECT,3,1790452144502042206,43853,1391513380,1.426247,1.194684,2.620931,2.9941797256469727,405.317998,,,,,,
replicate_00,0,random_screen_20260926T194531Z_r00_off_ref_00,OFF,native,OFF,273,OPERATE,4,1790452144505354671,43853,1391513425,0.435241,2.836059,3.2713,3.6381729878485203,3.312465,,,,,,
replicate_00,0,random_screen_20260926T194531Z_r00_off_ref_00,OFF,native,OFF,274,SELECT,3,1790452144910705357,43853,1391513470,1.215386,1.043715,2.259101,2.662530168890953,405.350686,,,,,,
replicate_00,0,random_screen_20260926T194531Z_r00_off_ref_00,OFF,native,OFF,275,OPERATE,4,1790452144913655099,43853,1391513515,0.380435,2.925428,3.305863,3.688736353069544,2.949742,,,,,,
replicate_00,0,random_screen_20260926T194531Z_r00_off_ref_00,OFF,native,OFF,276,SELECT,3,1790452145319042069,43853,1391513560,1.418897,5.10759,6.526487,6.901264190673828,405.38697,,,,,,
replicate_00,0,random_screen_20260926T194531Z_r00_off_ref_00,OFF,native,OFF,277,OPERATE,4,1790452145326264659,43853,1391513605,0.39267,4.65732,5.04999,5.406512878835201,7.22259,,,,,,
replicate_00,0,random_screen_20260926T194531Z_r00_off_ref_00,OFF,native,OFF,278,SELECT,3,1790452145733612545,43853,1391513650,0.439754,1.460125,1.899879,2.2733639925718307,407.347886,,,,,,
replicate_00,0,random_screen_20260926T194531Z_r00_off_ref_00,OFF,native,OFF,279,OPERATE,4,1790452145736169148,43853,1391513695,1.105715,1.819607,2.925322,3.3116042613983154,2.556603,,,,,,
replicate_00,0,random_screen_20260926T194531Z_r00_off_ref_00,OFF,native,OFF,280,SELECT,3,1790452146141248429,43853,1391513740,0.407309,4.659212,5.066521,5.468815099447966,405.079281,,,,,,
replicate_00,0,random_screen_20260926T194531Z_r00_off_ref_00,OFF,native,OFF,281,OPERATE,4,1790452146146970462,43853,1391513785,0.398163,3.946949,4.345112,4.713803995400667,5.722033,,,,,,
replicate_00,0,random_screen_20260926T194531Z_r00_off_ref_00,OFF,native,OFF,282,SELECT,3,1790452146553322128,43853,1391513830,0.861539,1.095713,1.957252,2.288465853780508,406.351666,,,,,,
replicate_00,0,random_screen_20260926T194531Z_r00_off_ref_00,OFF,native,OFF,283,OPERATE,4,1790452146555897582,43853,1391513875,0.384124,2.923349,3.307473,3.68491280823946,2.575454,,,,,,
replicate_00,0,random_screen_20260926T194531Z_r00_off_ref_00,OFF,native,OFF,284,SELECT,3,1790452146961301841,43853,1391513920,1.239823,1.086913,2.326736,2.649064641445875,405.404259,,,,,,
replicate_00,0,random_screen_20260926T194531Z_r00_off_ref_00,OFF,native,OFF,285,OPERATE,4,1790452146964245614,43853,1391513965,0.565833,2.94268,3.508513,3.9042378775775433,2.943773,,,,,,
replicate_00,0,random_screen_20260926T194531Z_r00_off_ref_00,OFF,native,OFF,286,SELECT,3,1790452147369813358,43853,1391514010,1.28884,9.25695,10.54579,10.922027751803398,405.567744,,,,,,
replicate_00,0,random_screen_20260926T194531Z_r00_off_ref_00,OFF,native,OFF,287,OPERATE,4,1790452147381018487,43853,1391514055,0.422148,19.372725,19.794873,20.16409207135439,11.205129,,,,,,
replicate_00,0,random_screen_20260926T194531Z_r00_off_ref_00,OFF,native,OFF,288,SELECT,3,1790452147803075987,43853,1391514100,1.649594,14.926048,16.575642,16.94873534142971,422.0575,,,,,,
replicate_00,0,random_screen_20260926T194531Z_r00_off_ref_00,OFF,native,OFF,289,OPERATE,4,1790452147820344688,43853,1391514145,1.05801,1.853633,2.911643,3.2775518484413624,17.268701,,,,,,
replicate_00,0,random_screen_20260926T194531Z_r00_off_ref_00,OFF,native,OFF,290,SELECT,3,1790452148225381185,43853,1391514190,0.52655,13.805552,14.332102,14.709070790559053,405.036497,,,,,,
replicate_00,0,random_screen_20260926T194531Z_r00_off_ref_00,OFF,native,OFF,291,OPERATE,4,1790452148240401202,43853,1391514235,1.435756,5.445165,6.880921,7.247012574225664,15.020017,,,,,,
replicate_00,0,random_screen_20260926T194531Z_r00_off_ref_00,OFF,native,OFF,292,SELECT,3,1790452148649409545,43853,1391514280,5.412856,1.043681,6.456537,6.853173021227121,409.008343,,,,,,
replicate_00,0,random_screen_20260926T194531Z_r00_off_ref_00,OFF,native,OFF,293,OPERATE,4,1790452148656550708,43853,1391514325,0.383287,2.924057,3.307344,3.6760587245225906,7.141163,,,,,,
replicate_00,0,random_screen_20260926T194531Z_r00_off_ref_00,OFF,native,OFF,294,SELECT,3,1790452149061869286,43853,1391514370,1.439566,1.039036,2.478602,2.8528948314487934,405.318578,,,,,,
replicate_00,0,random_screen_20260926T194531Z_r00_off_ref_00,OFF,native,OFF,295,OPERATE,4,1790452149065005971,43853,1391514415,0.397129,2.94375,3.340879,3.7088505923748016,3.136685,,,,,,
replicate_00,0,random_screen_20260926T194531Z_r00_off_ref_00,OFF,native,OFF,296,SELECT,3,1790452149470686377,43853,1391514460,1.019334,1.117646,2.13698,2.5084102526307106,405.680406,,,,,,
replicate_00,0,random_screen_20260926T194531Z_r00_off_ref_00,OFF,native,OFF,297,OPERATE,4,1790452149473510123,43853,1391514505,0.387746,2.917466,3.305212,3.6729369312524796,2.823746,,,,,,
replicate_00,0,random_screen_20260926T194531Z_r00_off_ref_00,OFF,native,OFF,298,SELECT,3,1790452149878889651,43853,1391514550,1.386275,1.06164,2.447915,2.822421956807375,405.379528,,,,,,
replicate_00,0,random_screen_20260926T194531Z_r00_off_ref_00,OFF,native,OFF,299,OPERATE,4,1790452149881998054,43853,1391514595,0.38574,2.933945,3.319685,3.686049021780491,3.108403,,,,,,
