index,timestamp_us,interface,packet_type,packet_type_name,wire_len,dst_mac,src_mac,ethertype,direction,key_epoch,cell_counter,capture_epoch_index,relative_time_us
0,1786990911817357,l_left,3,otherhost,256,02:00:00:00:00:02,02:00:00:00:00:01,0x88b5,forward,1,0,0,0
1,1786990911817439,l_left,3,otherhost,256,02:00:00:00:00:02,02:00:00:00:00:01,0x88b5,forward,1,1,0,82
2,1786990911817462,l_left,3,otherhost,256,02:00:00:00:00:02,02:00:00:00:00:01,0x88b5,forward,1,2,0,105
3,1786990911817482,l_left,3,otherhost,256,02:00:00:00:00:02,02:00:00:00:00:01,0x88b5,forward,1,3,0,125
4,1786990911818220,l_left,4,outgoing,256,02:00:00:00:00:01,02:00:00:00:00:02,0x88b5,reverse,1,0,0,863
5,1786990911818258,l_left,4,outgoing,256,02:00:00:00:00:01,02:00:00:00:00:02,0x88b5,reverse,1,1,0,901
6,1786990912018141,l_left,4,outgoing,256,02:00:00:00:00:01,02:00:00:00:00:02,0x88b5,reverse,1,2,0,200784
7,1786990912018206,l_left,4,outgoing,256,02:00:00:00:00:01,02:00:00:00:00:02,0x88b5,reverse,1,3,0,200849
8,1786990912018228,l_left,4,outgoing,256,02:00:00:00:00:01,02:00:00:00:00:02,0x88b5,reverse,1,4,0,200871
9,1786990912018246,l_left,4,outgoing,256,02:00:00:00:00:01,02:00:00:00:00:02,0x88b5,reverse,1,5,0,200889
10,1786990912018261,l_left,4,outgoing,256,02:00:00:00:00:01,02:00:00:00:00:02,0x88b5,reverse,1,6,0,200904
11,1786990912018276,l_left,4,outgoing,256,02:00:00:00:00:01,02:00:00:00:00:02,0x88b5,reverse,1,7,0,200919
12,1786990912018307,l_left,4,outgoing,256,02:00:00:00:00:01,02:00:00:00:00:02,0x88b5,reverse,1,8,0,200950
13,1786990912018581,l_left,4,outgoing,256,02:00:00:00:00:01,02:00:00:00:00:02,0x88b5,reverse,1,9,0,201224
14,1786990912018834,l_left,4,outgoing,256,02:00:00:00:00:01,02:00:00:00:00:02,0x88b5,reverse,1,10,0,201477
15,1786990912019088,l_left,4,outgoing,256,02:00:00:00:00:01,02:00:00:00:00:02,0x88b5,reverse,1,11,0,201731
16,1786990912019328,l_left,4,outgoing,256,02:00:00:00:00:01,02:00:00:00:00:02,0x88b5,reverse,1,12,0,201971
17,1786990912019579,l_left,4,outgoing,256,02:00:00:00:00:01,02:00:00:00:00:02,0x88b5,reverse,1,13,0,202222
18,1786990912019831,l_left,4,outgoing,256,02:00:00:00:00:01,02:00:00:00:00:02,0x88b5,reverse,1,14,0,202474
19,1786990912020025,l_left,4,outgoing,256,02:00:00:00:00:01,02:00:00:00:00:02,0x88b5,reverse,1,15,0,202668
20,1786990912020531,l_left,3,otherhost,256,02:00:00:00:00:02,02:00:00:00:00:01,0x88b5,forward,1,4,0,203174
21,1786990912020569,l_left,3,otherhost,256,02:00:00:00:00:02,02:00:00:00:00:01,0x88b5,forward,1,5,0,203212
22,1786990912027028,l_left,3,otherhost,256,02:00:00:00:00:02,02:00:00:00:00:01,0x88b5,forward,1,6,1,0
23,1786990912027066,l_left,3,otherhost,256,02:00:00:00:00:02,02:00:00:00:00:01,0x88b5,forward,1,7,1,38
24,1786990912027236,l_left,3,otherhost,256,02:00:00:00:00:02,02:00:00:00:00:01,0x88b5,forward,1,8,1,208
25,1786990912027507,l_left,3,otherhost,256,02:00:00:00:00:02,02:00:00:00:00:01,0x88b5,forward,1,9,1,479
26,1786990912028112,l_left,4,outgoing,256,02:00:00:00:00:01,02:00:00:00:00:02,0x88b5,reverse,1,16,1,1084
27,1786990912028136,l_left,4,outgoing,256,02:00:00:00:00:01,02:00:00:00:00:02,0x88b5,reverse,1,17,1,1108
28,1786990912228214,l_left,4,outgoing,256,02:00:00:00:00:01,02:00:00:00:00:02,0x88b5,reverse,1,18,1,201186
29,1786990912228279,l_left,4,outgoing,256,02:00:00:00:00:01,02:00:00:00:00:02,0x88b5,reverse,1,19,1,201251
30,1786990912228302,l_left,4,outgoing,256,02:00:00:00:00:01,02:00:00:00:00:02,0x88b5,reverse,1,20,1,201274
31,1786990912228319,l_left,4,outgoing,256,02:00:00:00:00:01,02:00:00:00:00:02,0x88b5,reverse,1,21,1,201291
32,1786990912228335,l_left,4,outgoing,256,02:00:00:00:00:01,02:00:00:00:00:02,0x88b5,reverse,1,22,1,201307
33,1786990912228350,l_left,4,outgoing,256,02:00:00:00:00:01,02:00:00:00:00:02,0x88b5,reverse,1,23,1,201322
34,1786990912228365,l_left,4,outgoing,256,02:00:00:00:00:01,02:00:00:00:00:02,0x88b5,reverse,1,24,1,201337
35,1786990912228590,l_left,4,outgoing,256,02:00:00:00:00:01,02:00:00:00:00:02,0x88b5,reverse,1,25,1,201562
36,1786990912228836,l_left,4,outgoing,256,02:00:00:00:00:01,02:00:00:00:00:02,0x88b5,reverse,1,26,1,201808
37,1786990912229035,l_left,4,outgoing,256,02:00:00:00:00:01,02:00:00:00:00:02,0x88b5,reverse,1,27,1,202007
38,1786990912229329,l_left,4,outgoing,256,02:00:00:00:00:01,02:00:00:00:00:02,0x88b5,reverse,1,28,1,202301
39,1786990912229592,l_left,4,outgoing,256,02:00:00:00:00:01,02:00:00:00:00:02,0x88b5,reverse,1,29,1,202564
40,1786990912229822,l_left,4,outgoing,256,02:00:00:00:00:01,02:00:00:00:00:02,0x88b5,reverse,1,30,1,202794
41,1786990912230077,l_left,4,outgoing,256,02:00:00:00:00:01,02:00:00:00:00:02,0x88b5,reverse,1,31,1,203049
42,1786990912230407,l_left,3,otherhost,256,02:00:00:00:00:02,02:00:00:00:00:01,0x88b5,forward,1,10,1,203379
43,1786990912230445,l_left,3,otherhost,256,02:00:00:00:00:02,02:00:00:00:00:01,0x88b5,forward,1,11,1,203417
44,1786990912237778,l_left,3,otherhost,256,02:00:00:00:00:02,02:00:00:00:00:01,0x88b5,forward,1,12,2,0
45,1786990912237843,l_left,3,otherhost,256,02:00:00:00:00:02,02:00:00:00:00:01,0x88b5,forward,1,13,2,65
46,1786990912237868,l_left,3,otherhost,256,02:00:00:00:00:02,02:00:00:00:00:01,0x88b5,forward,1,14,2,90
47,1786990912237886,l_left,3,otherhost,256,02:00:00:00:00:02,02:00:00:00:00:01,0x88b5,forward,1,15,2,108
48,1786990912237997,l_left,4,outgoing,256,02:00:00:00:00:01,02:00:00:00:00:02,0x88b5,reverse,1,32,2,219
49,1786990912238022,l_left,4,outgoing,256,02:00:00:00:00:01,02:00:00:00:00:02,0x88b5,reverse,1,33,2,244
50,1786990912437875,l_left,4,outgoing,256,02:00:00:00:00:01,02:00:00:00:00:02,0x88b5,reverse,1,34,2,200097
51,1786990912437938,l_left,4,outgoing,256,02:00:00:00:00:01,02:00:00:00:00:02,0x88b5,reverse,1,35,2,200160
52,1786990912437973,l_left,4,outgoing,256,02:00:00:00:00:01,02:00:00:00:00:02,0x88b5,reverse,1,36,2,200195
53,1786990912437991,l_left,4,outgoing,256,02:00:00:00:00:01,02:00:00:00:00:02,0x88b5,reverse,1,37,2,200213
54,1786990912438008,l_left,4,outgoing,256,02:00:00:00:00:01,02:00:00:00:00:02,0x88b5,reverse,1,38,2,200230
55,1786990912438042,l_left,4,outgoing,256,02:00:00:00:00:01,02:00:00:00:00:02,0x88b5,reverse,1,39,2,200264
56,1786990912438323,l_left,4,outgoing,256,02:00:00:00:00:01,02:00:00:00:00:02,0x88b5,reverse,1,40,2,200545
57,1786990912438594,l_left,4,outgoing,256,02:00:00:00:00:01,02:00:00:00:00:02,0x88b5,reverse,1,41,2,200816
58,1786990912438832,l_left,4,outgoing,256,02:00:00:00:00:01,02:00:00:00:00:02,0x88b5,reverse,1,42,2,201054
59,1786990912439084,l_left,4,outgoing,256,02:00:00:00:00:01,02:00:00:00:00:02,0x88b5,reverse,1,43,2,201306
60,1786990912439322,l_left,4,outgoing,256,02:00:00:00:00:01,02:00:00:00:00:02,0x88b5,reverse,1,44,2,201544
61,1786990912439541,l_left,4,outgoing,256,02:00:00:00:00:01,02:00:00:00:00:02,0x88b5,reverse,1,45,2,201763
62,1786990912439778,l_left,4,outgoing,256,02:00:00:00:00:01,02:00:00:00:00:02,0x88b5,reverse,1,46,2,202000
63,1786990912439998,l_left,4,outgoing,256,02:00:00:00:00:01,02:00:00:00:00:02,0x88b5,reverse,1,47,2,202220
64,1786990912440557,l_left,3,otherhost,256,02:00:00:00:00:02,02:00:00:00:00:01,0x88b5,forward,1,16,2,202779
65,1786990912440596,l_left,3,otherhost,256,02:00:00:00:00:02,02:00:00:00:00:01,0x88b5,forward,1,17,2,202818
66,1786990912447022,l_left,3,otherhost,256,02:00:00:00:00:02,02:00:00:00:00:01,0x88b5,forward,1,18,3,0
67,1786990912447082,l_left,3,otherhost,256,02:00:00:00:00:02,02:00:00:00:00:01,0x88b5,forward,1,19,3,60
68,1786990912447245,l_left,3,otherhost,256,02:00:00:00:00:02,02:00:00:00:00:01,0x88b5,forward,1,20,3,223
69,1786990912447450,l_left,3,otherhost,256,02:00:00:00:00:02,02:00:00:00:00:01,0x88b5,forward,1,21,3,428
70,1786990912447974,l_left,4,outgoing,256,02:00:00:00:00:01,02:00:00:00:00:02,0x88b5,reverse,1,48,3,952
71,1786990912448007,l_left,4,outgoing,256,02:00:00:00:00:01,02:00:00:00:00:02,0x88b5,reverse,1,49,3,985
72,1786990912647849,l_left,4,outgoing,256,02:00:00:00:00:01,02:00:00:00:00:02,0x88b5,reverse,1,50,3,200827
73,1786990912647914,l_left,4,outgoing,256,02:00:00:00:00:01,02:00:00:00:00:02,0x88b5,reverse,1,51,3,200892
74,1786990912647954,l_left,4,outgoing,256,02:00:00:00:00:01,02:00:00:00:00:02,0x88b5,reverse,1,52,3,200932
75,1786990912647984,l_left,4,outgoing,256,02:00:00:00:00:01,02:00:00:00:00:02,0x88b5,reverse,1,53,3,200962
76,1786990912648002,l_left,4,outgoing,256,02:00:00:00:00:01,02:00:00:00:00:02,0x88b5,reverse,1,54,3,200980
77,1786990912648090,l_left,4,outgoing,256,02:00:00:00:00:01,02:00:00:00:00:02,0x88b5,reverse,1,55,3,201068
78,1786990912648332,l_left,4,outgoing,256,02:00:00:00:00:01,02:00:00:00:00:02,0x88b5,reverse,1,56,3,201310
79,1786990912648582,l_left,4,outgoing,256,02:00:00:00:00:01,02:00:00:00:00:02,0x88b5,reverse,1,57,3,201560
80,1786990912648829,l_left,4,outgoing,256,02:00:00:00:00:01,02:00:00:00:00:02,0x88b5,reverse,1,58,3,201807
81,1786990912649083,l_left,4,outgoing,256,02:00:00:00:00:01,02:00:00:00:00:02,0x88b5,reverse,1,59,3,202061
82,1786990912649328,l_left,4,outgoing,256,02:00:00:00:00:01,02:00:00:00:00:02,0x88b5,reverse,1,60,3,202306
83,1786990912649593,l_left,4,outgoing,256,02:00:00:00:00:01,02:00:00:00:00:02,0x88b5,reverse,1,61,3,202571
84,1786990912649819,l_left,4,outgoing,256,02:00:00:00:00:01,02:00:00:00:00:02,0x88b5,reverse,1,62,3,202797
85,1786990912650009,l_left,4,outgoing,256,02:00:00:00:00:01,02:00:00:00:00:02,0x88b5,reverse,1,63,3,202987
86,1786990912650450,l_left,3,otherhost,256,02:00:00:00:00:02,02:00:00:00:00:01,0x88b5,forward,1,22,3,203428
87,1786990912650470,l_left,3,otherhost,256,02:00:00:00:00:02,02:00:00:00:00:01,0x88b5,forward,1,23,3,203448
88,1786990912656912,l_left,3,otherhost,256,02:00:00:00:00:02,02:00:00:00:00:01,0x88b5,forward,1,24,4,0
89,1786990912656935,l_left,3,otherhost,256,02:00:00:00:00:02,02:00:00:00:00:01,0x88b5,forward,1,25,4,23
90,1786990912657189,l_left,3,otherhost,256,02:00:00:00:00:02,02:00:00:00:00:01,0x88b5,forward,1,26,4,277
91,1786990912657444,l_left,3,otherhost,256,02:00:00:00:00:02,02:00:00:00:00:01,0x88b5,forward,1,27,4,532
92,1786990912657910,l_left,4,outgoing,256,02:00:00:00:00:01,02:00:00:00:00:02,0x88b5,reverse,1,64,4,998
93,1786990912657942,l_left,4,outgoing,256,02:00:00:00:00:01,02:00:00:00:00:02,0x88b5,reverse,1,65,4,1030
94,1786990912858089,l_left,4,outgoing,256,02:00:00:00:00:01,02:00:00:00:00:02,0x88b5,reverse,1,66,4,201177
95,1786990912858152,l_left,4,outgoing,256,02:00:00:00:00:01,02:00:00:00:00:02,0x88b5,reverse,1,67,4,201240
96,1786990912858175,l_left,4,outgoing,256,02:00:00:00:00:01,02:00:00:00:00:02,0x88b5,reverse,1,68,4,201263
97,1786990912858192,l_left,4,outgoing,256,02:00:00:00:00:01,02:00:00:00:00:02,0x88b5,reverse,1,69,4,201280
98,1786990912858215,l_left,4,outgoing,256,02:00:00:00:00:01,02:00:00:00:00:02,0x88b5,reverse,1,70,4,201303
99,1786990912858234,l_left,4,outgoing,256,02:00:00:00:00:01,02:00:00:00:00:02,0x88b5,reverse,1,71,4,201322
100,1786990912858249,l_left,4,outgoing,256,02:00:00:00:00:01,02:00:00:00:00:02,0x88b5,reverse,1,72,4,201337
101,1786990912858567,l_left,4,outgoing,256,02:00:00:00:00:01,02:00:00:00:00:02,0x88b5,reverse,1,73,4,201655
102,1786990912858826,l_left,4,outgoing,256,02:00:00:00:00:01,02:00:00:00:00:02,0x88b5,reverse,1,74,4,201914
103,1786990912859073,l_left,4,outgoing,256,02:00:00:00:00:01,02:00:00:00:00:02,0x88b5,reverse,1,75,4,202161
104,1786990912859325,l_left,4,outgoing,256,02:00:00:00:00:01,02:00:00:00:00:02,0x88b5,reverse,1,76,4,202413
105,1786990912859580,l_left,4,outgoing,256,02:00:00:00:00:01,02:00:00:00:00:02,0x88b5,reverse,1,77,4,202668
106,1786990912859830,l_left,4,outgoing,256,02:00:00:00:00:01,02:00:00:00:00:02,0x88b5,reverse,1,78,4,202918
107,1786990912860068,l_left,4,outgoing,256,02:00:00:00:00:01,02:00:00:00:00:02,0x88b5,reverse,1,79,4,203156
108,1786990912860513,l_left,3,otherhost,256,02:00:00:00:00:02,02:00:00:00:00:01,0x88b5,forward,1,28,4,203601
109,1786990912860555,l_left,3,otherhost,256,02:00:00:00:00:02,02:00:00:00:00:01,0x88b5,forward,1,29,4,203643
110,1786990912866932,l_left,3,otherhost,256,02:00:00:00:00:02,02:00:00:00:00:01,0x88b5,forward,1,30,5,0
111,1786990912866978,l_left,3,otherhost,256,02:00:00:00:00:02,02:00:00:00:00:01,0x88b5,forward,1,31,5,46
112,1786990912867224,l_left,3,otherhost,256,02:00:00:00:00:02,02:00:00:00:00:01,0x88b5,forward,1,32,5,292
113,1786990912867447,l_left,3,otherhost,256,02:00:00:00:00:02,02:00:00:00:00:01,0x88b5,forward,1,33,5,515
114,1786990912867966,l_left,4,outgoing,256,02:00:00:00:00:01,02:00:00:00:00:02,0x88b5,reverse,1,80,5,1034
115,1786990912867991,l_left,4,outgoing,256,02:00:00:00:00:01,02:00:00:00:00:02,0x88b5,reverse,1,81,5,1059
116,1786990913067803,l_left,4,outgoing,256,02:00:00:00:00:01,02:00:00:00:00:02,0x88b5,reverse,1,82,5,200871
117,1786990913067879,l_left,4,outgoing,256,02:00:00:00:00:01,02:00:00:00:00:02,0x88b5,reverse,1,83,5,200947
118,1786990913067902,l_left,4,outgoing,256,02:00:00:00:00:01,02:00:00:00:00:02,0x88b5,reverse,1,84,5,200970
119,1786990913067919,l_left,4,outgoing,256,02:00:00:00:00:01,02:00:00:00:00:02,0x88b5,reverse,1,85,5,200987
120,1786990913067934,l_left,4,outgoing,256,02:00:00:00:00:01,02:00:00:00:00:02,0x88b5,reverse,1,86,5,201002
121,1786990913067960,l_left,4,outgoing,256,02:00:00:00:00:01,02:00:00:00:00:02,0x88b5,reverse,1,87,5,201028
122,1786990913068330,l_left,4,outgoing,256,02:00:00:00:00:01,02:00:00:00:00:02,0x88b5,reverse,1,88,5,201398
123,1786990913068594,l_left,4,outgoing,256,02:00:00:00:00:01,02:00:00:00:00:02,0x88b5,reverse,1,89,5,201662
124,1786990913068844,l_left,4,outgoing,256,02:00:00:00:00:01,02:00:00:00:00:02,0x88b5,reverse,1,90,5,201912
125,1786990913069086,l_left,4,outgoing,256,02:00:00:00:00:01,02:00:00:00:00:02,0x88b5,reverse,1,91,5,202154
126,1786990913069326,l_left,4,outgoing,256,02:00:00:00:00:01,02:00:00:00:00:02,0x88b5,reverse,1,92,5,202394
127,1786990913069580,l_left,4,outgoing,256,02:00:00:00:00:01,02:00:00:00:00:02,0x88b5,reverse,1,93,5,202648
128,1786990913069834,l_left,4,outgoing,256,02:00:00:00:00:01,02:00:00:00:00:02,0x88b5,reverse,1,94,5,202902
129,1786990913069996,l_left,4,outgoing,256,02:00:00:00:00:01,02:00:00:00:00:02,0x88b5,reverse,1,95,5,203064
130,1786990913070450,l_left,3,otherhost,256,02:00:00:00:00:02,02:00:00:00:00:01,0x88b5,forward,1,34,5,203518
131,1786990913070471,l_left,3,otherhost,256,02:00:00:00:00:02,02:00:00:00:00:01,0x88b5,forward,1,35,5,203539
132,1786990913077200,l_left,3,otherhost,256,02:00:00:00:00:02,02:00:00:00:00:01,0x88b5,forward,1,36,6,0
133,1786990913077239,l_left,3,otherhost,256,02:00:00:00:00:02,02:00:00:00:00:01,0x88b5,forward,1,37,6,39
134,1786990913077492,l_left,3,otherhost,256,02:00:00:00:00:02,02:00:00:00:00:01,0x88b5,forward,1,38,6,292
135,1786990913077512,l_left,3,otherhost,256,02:00:00:00:00:02,02:00:00:00:00:01,0x88b5,forward,1,39,6,312
136,1786990913077843,l_left,4,outgoing,256,02:00:00:00:00:01,02:00:00:00:00:02,0x88b5,reverse,1,96,6,643
137,1786990913077952,l_left,4,outgoing,256,02:00:00:00:00:01,02:00:00:00:00:02,0x88b5,reverse,1,97,6,752
138,1786990913278329,l_left,4,outgoing,256,02:00:00:00:00:01,02:00:00:00:00:02,0x88b5,reverse,1,98,6,201129
139,1786990913278394,l_left,4,outgoing,256,02:00:00:00:00:01,02:00:00:00:00:02,0x88b5,reverse,1,99,6,201194
140,1786990913278418,l_left,4,outgoing,256,02:00:00:00:00:01,02:00:00:00:00:02,0x88b5,reverse,1,100,6,201218
141,1786990913278435,l_left,4,outgoing,256,02:00:00:00:00:01,02:00:00:00:00:02,0x88b5,reverse,1,101,6,201235
142,1786990913278451,l_left,4,outgoing,256,02:00:00:00:00:01,02:00:00:00:00:02,0x88b5,reverse,1,102,6,201251
143,1786990913278466,l_left,4,outgoing,256,02:00:00:00:00:01,02:00:00:00:00:02,0x88b5,reverse,1,103,6,201266
144,1786990913278481,l_left,4,outgoing,256,02:00:00:00:00:01,02:00:00:00:00:02,0x88b5,reverse,1,104,6,201281
145,1786990913278514,l_left,4,outgoing,256,02:00:00:00:00:01,02:00:00:00:00:02,0x88b5,reverse,1,105,6,201314
146,1786990913278849,l_left,4,outgoing,256,02:00:00:00:00:01,02:00:00:00:00:02,0x88b5,reverse,1,106,6,201649
147,1786990913279081,l_left,4,outgoing,256,02:00:00:00:00:01,02:00:00:00:00:02,0x88b5,reverse,1,107,6,201881
148,1786990913279334,l_left,4,outgoing,256,02:00:00:00:00:01,02:00:00:00:00:02,0x88b5,reverse,1,108,6,202134
149,1786990913279585,l_left,4,outgoing,256,02:00:00:00:00:01,02:00:00:00:00:02,0x88b5,reverse,1,109,6,202385
150,1786990913279835,l_left,4,outgoing,256,02:00:00:00:00:01,02:00:00:00:00:02,0x88b5,reverse,1,110,6,202635
151,1786990913280078,l_left,4,outgoing,256,02:00:00:00:00:01,02:00:00:00:00:02,0x88b5,reverse,1,111,6,202878
152,1786990913280464,l_left,3,otherhost,256,02:00:00:00:00:02,02:00:00:00:00:01,0x88b5,forward,1,40,6,203264
153,1786990913280502,l_left,3,otherhost,256,02:00:00:00:00:02,02:00:00:00:00:01,0x88b5,forward,1,41,6,203302
154,1786990913287047,l_left,3,otherhost,256,02:00:00:00:00:02,02:00:00:00:00:01,0x88b5,forward,1,42,7,0
155,1786990913287096,l_left,3,otherhost,256,02:00:00:00:00:02,02:00:00:00:00:01,0x88b5,forward,1,43,7,49
156,1786990913287347,l_left,3,otherhost,256,02:00:00:00:00:02,02:00:00:00:00:01,0x88b5,forward,1,44,7,300
157,1786990913287448,l_left,3,otherhost,256,02:00:00:00:00:02,02:00:00:00:00:01,0x88b5,forward,1,45,7,401
158,1786990913288219,l_left,4,outgoing,256,02:00:00:00:00:01,02:00:00:00:00:02,0x88b5,reverse,1,112,7,1172
159,1786990913288256,l_left,4,outgoing,256,02:00:00:00:00:01,02:00:00:00:00:02,0x88b5,reverse,1,113,7,1209
160,1786990913488088,l_left,4,outgoing,256,02:00:00:00:00:01,02:00:00:00:00:02,0x88b5,reverse,1,114,7,201041
161,1786990913488152,l_left,4,outgoing,256,02:00:00:00:00:01,02:00:00:00:00:02,0x88b5,reverse,1,115,7,201105
162,1786990913488175,l_left,4,outgoing,256,02:00:00:00:00:01,02:00:00:00:00:02,0x88b5,reverse,1,116,7,201128
163,1786990913488193,l_left,4,outgoing,256,02:00:00:00:00:01,02:00:00:00:00:02,0x88b5,reverse,1,117,7,201146
164,1786990913488208,l_left,4,outgoing,256,02:00:00:00:00:01,02:00:00:00:00:02,0x88b5,reverse,1,118,7,201161
165,1786990913488223,l_left,4,outgoing,256,02:00:00:00:00:01,02:00:00:00:00:02,0x88b5,reverse,1,119,7,201176
166,1786990913488241,l_left,4,outgoing,256,02:00:00:00:00:01,02:00:00:00:00:02,0x88b5,reverse,1,120,7,201194
167,1786990913488580,l_left,4,outgoing,256,02:00:00:00:00:01,02:00:00:00:00:02,0x88b5,reverse,1,121,7,201533
168,1786990913488831,l_left,4,outgoing,256,02:00:00:00:00:01,02:00:00:00:00:02,0x88b5,reverse,1,122,7,201784
169,1786990913489094,l_left,4,outgoing,256,02:00:00:00:00:01,02:00:00:00:00:02,0x88b5,reverse,1,123,7,202047
170,1786990913489327,l_left,4,outgoing,256,02:00:00:00:00:01,02:00:00:00:00:02,0x88b5,reverse,1,124,7,202280
171,1786990913489582,l_left,4,outgoing,256,02:00:00:00:00:01,02:00:00:00:00:02,0x88b5,reverse,1,125,7,202535
172,1786990913489832,l_left,4,outgoing,256,02:00:00:00:00:01,02:00:00:00:00:02,0x88b5,reverse,1,126,7,202785
173,1786990913490075,l_left,4,outgoing,256,02:00:00:00:00:01,02:00:00:00:00:02,0x88b5,reverse,1,127,7,203028
174,1786990913490443,l_left,3,otherhost,256,02:00:00:00:00:02,02:00:00:00:00:01,0x88b5,forward,1,46,7,203396
175,1786990913490474,l_left,3,otherhost,256,02:00:00:00:00:02,02:00:00:00:00:01,0x88b5,forward,1,47,7,203427
176,1786990913497499,l_left,3,otherhost,256,02:00:00:00:00:02,02:00:00:00:00:01,0x88b5,forward,1,48,8,0
177,1786990913497567,l_left,3,otherhost,256,02:00:00:00:00:02,02:00:00:00:00:01,0x88b5,forward,1,49,8,68
178,1786990913497589,l_left,3,otherhost,256,02:00:00:00:00:02,02:00:00:00:00:01,0x88b5,forward,1,50,8,90
179,1786990913497605,l_left,3,otherhost,256,02:00:00:00:00:02,02:00:00:00:00:01,0x88b5,forward,1,51,8,106
180,1786990913498120,l_left,4,outgoing,256,02:00:00:00:00:01,02:00:00:00:00:02,0x88b5,reverse,1,128,8,621
181,1786990913498239,l_left,4,outgoing,256,02:00:00:00:00:01,02:00:00:00:00:02,0x88b5,reverse,1,129,8,740
182,1786990913697792,l_left,4,outgoing,256,02:00:00:00:00:01,02:00:00:00:00:02,0x88b5,reverse,1,130,8,200293
183,1786990913697857,l_left,4,outgoing,256,02:00:00:00:00:01,02:00:00:00:00:02,0x88b5,reverse,1,131,8,200358
184,1786990913697880,l_left,4,outgoing,256,02:00:00:00:00:01,02:00:00:00:00:02,0x88b5,reverse,1,132,8,200381
185,1786990913697902,l_left,4,outgoing,256,02:00:00:00:00:01,02:00:00:00:00:02,0x88b5,reverse,1,133,8,200403
186,1786990913697920,l_left,4,outgoing,256,02:00:00:00:00:01,02:00:00:00:00:02,0x88b5,reverse,1,134,8,200421
187,1786990913697974,l_left,4,outgoing,256,02:00:00:00:00:01,02:00:00:00:00:02,0x88b5,reverse,1,135,8,200475
188,1786990913698325,l_left,4,outgoing,256,02:00:00:00:00:01,02:00:00:00:00:02,0x88b5,reverse,1,136,8,200826
189,1786990913698573,l_left,4,outgoing,256,02:00:00:00:00:01,02:00:00:00:00:02,0x88b5,reverse,1,137,8,201074
190,1786990913698840,l_left,4,outgoing,256,02:00:00:00:00:01,02:00:00:00:00:02,0x88b5,reverse,1,138,8,201341
191,1786990913699090,l_left,4,outgoing,256,02:00:00:00:00:01,02:00:00:00:00:02,0x88b5,reverse,1,139,8,201591
192,1786990913699330,l_left,4,outgoing,256,02:00:00:00:00:01,02:00:00:00:00:02,0x88b5,reverse,1,140,8,201831
193,1786990913699583,l_left,4,outgoing,256,02:00:00:00:00:01,02:00:00:00:00:02,0x88b5,reverse,1,141,8,202084
194,1786990913699818,l_left,4,outgoing,256,02:00:00:00:00:01,02:00:00:00:00:02,0x88b5,reverse,1,142,8,202319
195,1786990913700041,l_left,4,outgoing,256,02:00:00:00:00:01,02:00:00:00:00:02,0x88b5,reverse,1,143,8,202542
196,1786990913700413,l_left,3,otherhost,256,02:00:00:00:00:02,02:00:00:00:00:01,0x88b5,forward,1,52,8,202914
197,1786990913700438,l_left,3,otherhost,256,02:00:00:00:00:02,02:00:00:00:00:01,0x88b5,forward,1,53,8,202939
198,1786990913707013,l_left,3,otherhost,256,02:00:00:00:00:02,02:00:00:00:00:01,0x88b5,forward,1,54,9,0
199,1786990913707049,l_left,3,otherhost,256,02:00:00:00:00:02,02:00:00:00:00:01,0x88b5,forward,1,55,9,36
200,1786990913707198,l_left,3,otherhost,256,02:00:00:00:00:02,02:00:00:00:00:01,0x88b5,forward,1,56,9,185
201,1786990913707445,l_left,3,otherhost,256,02:00:00:00:00:02,02:00:00:00:00:01,0x88b5,forward,1,57,9,432
202,1786990913707966,l_left,4,outgoing,256,02:00:00:00:00:01,02:00:00:00:00:02,0x88b5,reverse,1,144,9,953
203,1786990913707986,l_left,4,outgoing,256,02:00:00:00:00:01,02:00:00:00:00:02,0x88b5,reverse,1,145,9,973
204,1786990913908213,l_left,4,outgoing,256,02:00:00:00:00:01,02:00:00:00:00:02,0x88b5,reverse,1,146,9,201200
205,1786990913908277,l_left,4,outgoing,256,02:00:00:00:00:01,02:00:00:00:00:02,0x88b5,reverse,1,147,9,201264
206,1786990913908301,l_left,4,outgoing,256,02:00:00:00:00:01,02:00:00:00:00:02,0x88b5,reverse,1,148,9,201288
207,1786990913908340,l_left,4,outgoing,256,02:00:00:00:00:01,02:00:00:00:00:02,0x88b5,reverse,1,149,9,201327
208,1786990913908357,l_left,4,outgoing,256,02:00:00:00:00:01,02:00:00:00:00:02,0x88b5,reverse,1,150,9,201344
209,1786990913908371,l_left,4,outgoing,256,02:00:00:00:00:01,02:00:00:00:00:02,0x88b5,reverse,1,151,9,201358
210,1786990913908393,l_left,4,outgoing,256,02:00:00:00:00:01,02:00:00:00:00:02,0x88b5,reverse,1,152,9,201380
211,1786990913908503,l_left,4,outgoing,256,02:00:00:00:00:01,02:00:00:00:00:02,0x88b5,reverse,1,153,9,201490
212,1786990913908818,l_left,4,outgoing,256,02:00:00:00:00:01,02:00:00:00:00:02,0x88b5,reverse,1,154,9,201805
213,1786990913909078,l_left,4,outgoing,256,02:00:00:00:00:01,02:00:00:00:00:02,0x88b5,reverse,1,155,9,202065
214,1786990913909287,l_left,4,outgoing,256,02:00:00:00:00:01,02:00:00:00:00:02,0x88b5,reverse,1,156,9,202274
215,1786990913909572,l_left,4,outgoing,256,02:00:00:00:00:01,02:00:00:00:00:02,0x88b5,reverse,1,157,9,202559
216,1786990913909829,l_left,4,outgoing,256,02:00:00:00:00:01,02:00:00:00:00:02,0x88b5,reverse,1,158,9,202816
217,1786990913910087,l_left,4,outgoing,256,02:00:00:00:00:01,02:00:00:00:00:02,0x88b5,reverse,1,159,9,203074
218,1786990913910517,l_left,3,otherhost,256,02:00:00:00:00:02,02:00:00:00:00:01,0x88b5,forward,1,58,9,203504
219,1786990913910555,l_left,3,otherhost,256,02:00:00:00:00:02,02:00:00:00:00:01,0x88b5,forward,1,59,9,203542
220,1786990913917120,l_left,3,otherhost,256,02:00:00:00:00:02,02:00:00:00:00:01,0x88b5,forward,1,60,10,0
221,1786990913917166,l_left,3,otherhost,256,02:00:00:00:00:02,02:00:00:00:00:01,0x88b5,forward,1,61,10,46
222,1786990913917485,l_left,3,otherhost,256,02:00:00:00:00:02,02:00:00:00:00:01,0x88b5,forward,1,62,10,365
223,1786990913917521,l_left,3,otherhost,256,02:00:00:00:00:02,02:00:00:00:00:01,0x88b5,forward,1,63,10,401
224,1786990913917879,l_left,4,outgoing,256,02:00:00:00:00:01,02:00:00:00:00:02,0x88b5,reverse,1,160,10,759
225,1786990913918027,l_left,4,outgoing,256,02:00:00:00:00:01,02:00:00:00:00:02,0x88b5,reverse,1,161,10,907
226,1786990914117795,l_left,4,outgoing,256,02:00:00:00:00:01,02:00:00:00:00:02,0x88b5,reverse,1,162,10,200675
227,1786990914117860,l_left,4,outgoing,256,02:00:00:00:00:01,02:00:00:00:00:02,0x88b5,reverse,1,163,10,200740
228,1786990914117883,l_left,4,outgoing,256,02:00:00:00:00:01,02:00:00:00:00:02,0x88b5,reverse,1,164,10,200763
229,1786990914117900,l_left,4,outgoing,256,02:00:00:00:00:01,02:00:00:00:00:02,0x88b5,reverse,1,165,10,200780
230,1786990914117916,l_left,4,outgoing,256,02:00:00:00:00:01,02:00:00:00:00:02,0x88b5,reverse,1,166,10,200796
231,1786990914117961,l_left,4,outgoing,256,02:00:00:00:00:01,02:00:00:00:00:02,0x88b5,reverse,1,167,10,200841
232,1786990914118322,l_left,4,outgoing,256,02:00:00:00:00:01,02:00:00:00:00:02,0x88b5,reverse,1,168,10,201202
233,1786990914118577,l_left,4,outgoing,256,02:00:00:00:00:01,02:00:00:00:00:02,0x88b5,reverse,1,169,10,201457
234,1786990914118841,l_left,4,outgoing,256,02:00:00:00:00:01,02:00:00:00:00:02,0x88b5,reverse,1,170,10,201721
235,1786990914119083,l_left,4,outgoing,256,02:00:00:00:00:01,02:00:00:00:00:02,0x88b5,reverse,1,171,10,201963
236,1786990914119330,l_left,4,outgoing,256,02:00:00:00:00:01,02:00:00:00:00:02,0x88b5,reverse,1,172,10,202210
237,1786990914119546,l_left,4,outgoing,256,02:00:00:00:00:01,02:00:00:00:00:02,0x88b5,reverse,1,173,10,202426
238,1786990914119785,l_left,4,outgoing,256,02:00:00:00:00:01,02:00:00:00:00:02,0x88b5,reverse,1,174,10,202665
239,1786990914120003,l_left,4,outgoing,256,02:00:00:00:00:01,02:00:00:00:00:02,0x88b5,reverse,1,175,10,202883
240,1786990914120396,l_left,3,otherhost,256,02:00:00:00:00:02,02:00:00:00:00:01,0x88b5,forward,1,64,10,203276
241,1786990914120412,l_left,3,otherhost,256,02:00:00:00:00:02,02:00:00:00:00:01,0x88b5,forward,1,65,10,203292
242,1786990914126951,l_left,3,otherhost,256,02:00:00:00:00:02,02:00:00:00:00:01,0x88b5,forward,1,66,11,0
243,1786990914126971,l_left,3,otherhost,256,02:00:00:00:00:02,02:00:00:00:00:01,0x88b5,forward,1,67,11,20
244,1786990914127199,l_left,3,otherhost,256,02:00:00:00:00:02,02:00:00:00:00:01,0x88b5,forward,1,68,11,248
245,1786990914127444,l_left,3,otherhost,256,02:00:00:00:00:02,02:00:00:00:00:01,0x88b5,forward,1,69,11,493
246,1786990914127932,l_left,4,outgoing,256,02:00:00:00:00:01,02:00:00:00:00:02,0x88b5,reverse,1,176,11,981
247,1786990914127958,l_left,4,outgoing,256,02:00:00:00:00:01,02:00:00:00:00:02,0x88b5,reverse,1,177,11,1007
248,1786990914328022,l_left,4,outgoing,256,02:00:00:00:00:01,02:00:00:00:00:02,0x88b5,reverse,1,178,11,201071
249,1786990914328086,l_left,4,outgoing,256,02:00:00:00:00:01,02:00:00:00:00:02,0x88b5,reverse,1,179,11,201135
250,1786990914328109,l_left,4,outgoing,256,02:00:00:00:00:01,02:00:00:00:00:02,0x88b5,reverse,1,180,11,201158
251,1786990914328126,l_left,4,outgoing,256,02:00:00:00:00:01,02:00:00:00:00:02,0x88b5,reverse,1,181,11,201175
252,1786990914328142,l_left,4,outgoing,256,02:00:00:00:00:01,02:00:00:00:00:02,0x88b5,reverse,1,182,11,201191
253,1786990914328157,l_left,4,outgoing,256,02:00:00:00:00:01,02:00:00:00:00:02,0x88b5,reverse,1,183,11,201206
254,1786990914328206,l_left,4,outgoing,256,02:00:00:00:00:01,02:00:00:00:00:02,0x88b5,reverse,1,184,11,201255
255,1786990914328574,l_left,4,outgoing,256,02:00:00:00:00:01,02:00:00:00:00:02,0x88b5,reverse,1,185,11,201623
256,1786990914328828,l_left,4,outgoing,256,02:00:00:00:00:01,02:00:00:00:00:02,0x88b5,reverse,1,186,11,201877
257,1786990914329084,l_left,4,outgoing,256,02:00:00:00:00:01,02:00:00:00:00:02,0x88b5,reverse,1,187,11,202133
258,1786990914329324,l_left,4,outgoing,256,02:00:00:00:00:01,02:00:00:00:00:02,0x88b5,reverse,1,188,11,202373
259,1786990914329552,l_left,4,outgoing,256,02:00:00:00:00:01,02:00:00:00:00:02,0x88b5,reverse,1,189,11,202601
260,1786990914329792,l_left,4,outgoing,256,02:00:00:00:00:01,02:00:00:00:00:02,0x88b5,reverse,1,190,11,202841
261,1786990914330003,l_left,4,outgoing,256,02:00:00:00:00:01,02:00:00:00:00:02,0x88b5,reverse,1,191,11,203052
262,1786990914330402,l_left,3,otherhost,256,02:00:00:00:00:02,02:00:00:00:00:01,0x88b5,forward,1,70,11,203451
263,1786990914330423,l_left,3,otherhost,256,02:00:00:00:00:02,02:00:00:00:00:01,0x88b5,forward,1,71,11,203472
264,1786990914337111,l_left,3,otherhost,256,02:00:00:00:00:02,02:00:00:00:00:01,0x88b5,forward,1,72,12,0
265,1786990914337156,l_left,3,otherhost,256,02:00:00:00:00:02,02:00:00:00:00:01,0x88b5,forward,1,73,12,45
266,1786990914337316,l_left,3,otherhost,256,02:00:00:00:00:02,02:00:00:00:00:01,0x88b5,forward,1,74,12,205
267,1786990914337446,l_left,3,otherhost,256,02:00:00:00:00:02,02:00:00:00:00:01,0x88b5,forward,1,75,12,335
268,1786990914338002,l_left,4,outgoing,256,02:00:00:00:00:01,02:00:00:00:00:02,0x88b5,reverse,1,192,12,891
269,1786990914338027,l_left,4,outgoing,256,02:00:00:00:00:01,02:00:00:00:00:02,0x88b5,reverse,1,193,12,916
270,1786990914538220,l_left,4,outgoing,256,02:00:00:00:00:01,02:00:00:00:00:02,0x88b5,reverse,1,194,12,201109
271,1786990914538285,l_left,4,outgoing,256,02:00:00:00:00:01,02:00:00:00:00:02,0x88b5,reverse,1,195,12,201174
272,1786990914538308,l_left,4,outgoing,256,02:00:00:00:00:01,02:00:00:00:00:02,0x88b5,reverse,1,196,12,201197
273,1786990914538325,l_left,4,outgoing,256,02:00:00:00:00:01,02:00:00:00:00:02,0x88b5,reverse,1,197,12,201214
274,1786990914538341,l_left,4,outgoing,256,02:00:00:00:00:01,02:00:00:00:00:02,0x88b5,reverse,1,198,12,201230
275,1786990914538359,l_left,4,outgoing,256,02:00:00:00:00:01,02:00:00:00:00:02,0x88b5,reverse,1,199,12,201248
276,1786990914538378,l_left,4,outgoing,256,02:00:00:00:00:01,02:00:00:00:00:02,0x88b5,reverse,1,200,12,201267
277,1786990914538694,l_left,4,outgoing,256,02:00:00:00:00:01,02:00:00:00:00:02,0x88b5,reverse,1,201,12,201583
278,1786990914538748,l_left,4,outgoing,256,02:00:00:00:00:01,02:00:00:00:00:02,0x88b5,reverse,1,202,12,201637
279,1786990914539073,l_left,4,outgoing,256,02:00:00:00:00:01,02:00:00:00:00:02,0x88b5,reverse,1,203,12,201962
280,1786990914539325,l_left,4,outgoing,256,02:00:00:00:00:01,02:00:00:00:00:02,0x88b5,reverse,1,204,12,202214
281,1786990914539578,l_left,4,outgoing,256,02:00:00:00:00:01,02:00:00:00:00:02,0x88b5,reverse,1,205,12,202467
282,1786990914539832,l_left,4,outgoing,256,02:00:00:00:00:01,02:00:00:00:00:02,0x88b5,reverse,1,206,12,202721
283,1786990914540072,l_left,4,outgoing,256,02:00:00:00:00:01,02:00:00:00:00:02,0x88b5,reverse,1,207,12,202961
284,1786990914540551,l_left,3,otherhost,256,02:00:00:00:00:02,02:00:00:00:00:01,0x88b5,forward,1,76,12,203440
285,1786990914540589,l_left,3,otherhost,256,02:00:00:00:00:02,02:00:00:00:00:01,0x88b5,forward,1,77,12,203478
286,1786990914546950,l_left,3,otherhost,256,02:00:00:00:00:02,02:00:00:00:00:01,0x88b5,forward,1,78,13,0
287,1786990914546995,l_left,3,otherhost,256,02:00:00:00:00:02,02:00:00:00:00:01,0x88b5,forward,1,79,13,45
288,1786990914547225,l_left,3,otherhost,256,02:00:00:00:00:02,02:00:00:00:00:01,0x88b5,forward,1,80,13,275
289,1786990914547474,l_left,3,otherhost,256,02:00:00:00:00:02,02:00:00:00:00:01,0x88b5,forward,1,81,13,524
290,1786990914548195,l_left,4,outgoing,256,02:00:00:00:00:01,02:00:00:00:00:02,0x88b5,reverse,1,208,13,1245
291,1786990914548231,l_left,4,outgoing,256,02:00:00:00:00:01,02:00:00:00:00:02,0x88b5,reverse,1,209,13,1281
292,1786990914748079,l_left,4,outgoing,256,02:00:00:00:00:01,02:00:00:00:00:02,0x88b5,reverse,1,210,13,201129
293,1786990914748144,l_left,4,outgoing,256,02:00:00:00:00:01,02:00:00:00:00:02,0x88b5,reverse,1,211,13,201194
294,1786990914748167,l_left,4,outgoing,256,02:00:00:00:00:01,02:00:00:00:00:02,0x88b5,reverse,1,212,13,201217
295,1786990914748184,l_left,4,outgoing,256,02:00:00:00:00:01,02:00:00:00:00:02,0x88b5,reverse,1,213,13,201234
296,1786990914748200,l_left,4,outgoing,256,02:00:00:00:00:01,02:00:00:00:00:02,0x88b5,reverse,1,214,13,201250
297,1786990914748215,l_left,4,outgoing,256,02:00:00:00:00:01,02:00:00:00:00:02,0x88b5,reverse,1,215,13,201265
298,1786990914748229,l_left,4,outgoing,256,02:00:00:00:00:01,02:00:00:00:00:02,0x88b5,reverse,1,216,13,201279
299,1786990914748572,l_left,4,outgoing,256,02:00:00:00:00:01,02:00:00:00:00:02,0x88b5,reverse,1,217,13,201622
300,1786990914748826,l_left,4,outgoing,256,02:00:00:00:00:01,02:00:00:00:00:02,0x88b5,reverse,1,218,13,201876
301,1786990914749075,l_left,4,outgoing,256,02:00:00:00:00:01,02:00:00:00:00:02,0x88b5,reverse,1,219,13,202125
302,1786990914749323,l_left,4,outgoing,256,02:00:00:00:00:01,02:00:00:00:00:02,0x88b5,reverse,1,220,13,202373
303,1786990914749589,l_left,4,outgoing,256,02:00:00:00:00:01,02:00:00:00:00:02,0x88b5,reverse,1,221,13,202639
304,1786990914749846,l_left,4,outgoing,256,02:00:00:00:00:01,02:00:00:00:00:02,0x88b5,reverse,1,222,13,202896
305,1786990914750080,l_left,4,outgoing,256,02:00:00:00:00:01,02:00:00:00:00:02,0x88b5,reverse,1,223,13,203130
306,1786990914750430,l_left,3,otherhost,256,02:00:00:00:00:02,02:00:00:00:00:01,0x88b5,forward,1,82,13,203480
307,1786990914750468,l_left,3,otherhost,256,02:00:00:00:00:02,02:00:00:00:00:01,0x88b5,forward,1,83,13,203518
308,1786990914757792,l_left,3,otherhost,256,02:00:00:00:00:02,02:00:00:00:00:01,0x88b5,forward,1,84,14,0
309,1786990914757854,l_left,3,otherhost,256,02:00:00:00:00:02,02:00:00:00:00:01,0x88b5,forward,1,85,14,62
310,1786990914757890,l_left,3,otherhost,256,02:00:00:00:00:02,02:00:00:00:00:01,0x88b5,forward,1,86,14,98
311,1786990914757908,l_left,3,otherhost,256,02:00:00:00:00:02,02:00:00:00:00:01,0x88b5,forward,1,87,14,116
312,1786990914757999,l_left,4,outgoing,256,02:00:00:00:00:01,02:00:00:00:00:02,0x88b5,reverse,1,224,14,207
313,1786990914758025,l_left,4,outgoing,256,02:00:00:00:00:01,02:00:00:00:00:02,0x88b5,reverse,1,225,14,233
314,1786990914957828,l_left,4,outgoing,256,02:00:00:00:00:01,02:00:00:00:00:02,0x88b5,reverse,1,226,14,200036
315,1786990914957893,l_left,4,outgoing,256,02:00:00:00:00:01,02:00:00:00:00:02,0x88b5,reverse,1,227,14,200101
316,1786990914957916,l_left,4,outgoing,256,02:00:00:00:00:01,02:00:00:00:00:02,0x88b5,reverse,1,228,14,200124
317,1786990914957945,l_left,4,outgoing,256,02:00:00:00:00:01,02:00:00:00:00:02,0x88b5,reverse,1,229,14,200153
318,1786990914957961,l_left,4,outgoing,256,02:00:00:00:00:01,02:00:00:00:00:02,0x88b5,reverse,1,230,14,200169
319,1786990914957976,l_left,4,outgoing,256,02:00:00:00:00:01,02:00:00:00:00:02,0x88b5,reverse,1,231,14,200184
320,1786990914958323,l_left,4,outgoing,256,02:00:00:00:00:01,02:00:00:00:00:02,0x88b5,reverse,1,232,14,200531
321,1786990914958581,l_left,4,outgoing,256,02:00:00:00:00:01,02:00:00:00:00:02,0x88b5,reverse,1,233,14,200789
322,1786990914958840,l_left,4,outgoing,256,02:00:00:00:00:01,02:00:00:00:00:02,0x88b5,reverse,1,234,14,201048
323,1786990914959073,l_left,4,outgoing,256,02:00:00:00:00:01,02:00:00:00:00:02,0x88b5,reverse,1,235,14,201281
324,1786990914959321,l_left,4,outgoing,256,02:00:00:00:00:01,02:00:00:00:00:02,0x88b5,reverse,1,236,14,201529
325,1786990914959543,l_left,4,outgoing,256,02:00:00:00:00:01,02:00:00:00:00:02,0x88b5,reverse,1,237,14,201751
326,1786990914959782,l_left,4,outgoing,256,02:00:00:00:00:01,02:00:00:00:00:02,0x88b5,reverse,1,238,14,201990
327,1786990914959998,l_left,4,outgoing,256,02:00:00:00:00:01,02:00:00:00:00:02,0x88b5,reverse,1,239,14,202206
328,1786990914960456,l_left,3,otherhost,256,02:00:00:00:00:02,02:00:00:00:00:01,0x88b5,forward,1,88,14,202664
329,1786990914960495,l_left,3,otherhost,256,02:00:00:00:00:02,02:00:00:00:00:01,0x88b5,forward,1,89,14,202703
330,1786990914967038,l_left,3,otherhost,256,02:00:00:00:00:02,02:00:00:00:00:01,0x88b5,forward,1,90,15,0
331,1786990914967074,l_left,3,otherhost,256,02:00:00:00:00:02,02:00:00:00:00:01,0x88b5,forward,1,91,15,36
332,1786990914967430,l_left,3,otherhost,256,02:00:00:00:00:02,02:00:00:00:00:01,0x88b5,forward,1,92,15,392
333,1786990914967456,l_left,3,otherhost,256,02:00:00:00:00:02,02:00:00:00:00:01,0x88b5,forward,1,93,15,418
334,1786990914968092,l_left,4,outgoing,256,02:00:00:00:00:01,02:00:00:00:00:02,0x88b5,reverse,1,240,15,1054
335,1786990914968118,l_left,4,outgoing,256,02:00:00:00:00:01,02:00:00:00:00:02,0x88b5,reverse,1,241,15,1080
336,1786990915168257,l_left,4,outgoing,256,02:00:00:00:00:01,02:00:00:00:00:02,0x88b5,reverse,1,242,15,201219
337,1786990915168322,l_left,4,outgoing,256,02:00:00:00:00:01,02:00:00:00:00:02,0x88b5,reverse,1,243,15,201284
338,1786990915168345,l_left,4,outgoing,256,02:00:00:00:00:01,02:00:00:00:00:02,0x88b5,reverse,1,244,15,201307
339,1786990915168363,l_left,4,outgoing,256,02:00:00:00:00:01,02:00:00:00:00:02,0x88b5,reverse,1,245,15,201325
340,1786990915168378,l_left,4,outgoing,256,02:00:00:00:00:01,02:00:00:00:00:02,0x88b5,reverse,1,246,15,201340
341,1786990915168392,l_left,4,outgoing,256,02:00:00:00:00:01,02:00:00:00:00:02,0x88b5,reverse,1,247,15,201354
342,1786990915168407,l_left,4,outgoing,256,02:00:00:00:00:01,02:00:00:00:00:02,0x88b5,reverse,1,248,15,201369
343,1786990915168458,l_left,4,outgoing,256,02:00:00:00:00:01,02:00:00:00:00:02,0x88b5,reverse,1,249,15,201420
344,1786990915168821,l_left,4,outgoing,256,02:00:00:00:00:01,02:00:00:00:00:02,0x88b5,reverse,1,250,15,201783
345,1786990915169077,l_left,4,outgoing,256,02:00:00:00:00:01,02:00:00:00:00:02,0x88b5,reverse,1,251,15,202039
346,1786990915169329,l_left,4,outgoing,256,02:00:00:00:00:01,02:00:00:00:00:02,0x88b5,reverse,1,252,15,202291
347,1786990915169579,l_left,4,outgoing,256,02:00:00:00:00:01,02:00:00:00:00:02,0x88b5,reverse,1,253,15,202541
348,1786990915169838,l_left,4,outgoing,256,02:00:00:00:00:01,02:00:00:00:00:02,0x88b5,reverse,1,254,15,202800
349,1786990915170053,l_left,4,outgoing,256,02:00:00:00:00:01,02:00:00:00:00:02,0x88b5,reverse,1,255,15,203015
350,1786990915170422,l_left,3,otherhost,256,02:00:00:00:00:02,02:00:00:00:00:01,0x88b5,forward,1,94,15,203384
351,1786990915170460,l_left,3,otherhost,256,02:00:00:00:00:02,02:00:00:00:00:01,0x88b5,forward,1,95,15,203422
352,1786990915177111,l_left,3,otherhost,256,02:00:00:00:00:02,02:00:00:00:00:01,0x88b5,forward,1,96,16,0
353,1786990915177160,l_left,3,otherhost,256,02:00:00:00:00:02,02:00:00:00:00:01,0x88b5,forward,1,97,16,49
354,1786990915177443,l_left,3,otherhost,256,02:00:00:00:00:02,02:00:00:00:00:01,0x88b5,forward,1,98,16,332
355,1786990915177486,l_left,3,otherhost,256,02:00:00:00:00:02,02:00:00:00:00:01,0x88b5,forward,1,99,16,375
356,1786990915177859,l_left,4,outgoing,256,02:00:00:00:00:01,02:00:00:00:00:02,0x88b5,reverse,1,256,16,748
357,1786990915178001,l_left,4,outgoing,256,02:00:00:00:00:01,02:00:00:00:00:02,0x88b5,reverse,1,257,16,890
358,1786990915377809,l_left,4,outgoing,256,02:00:00:00:00:01,02:00:00:00:00:02,0x88b5,reverse,1,258,16,200698
359,1786990915377873,l_left,4,outgoing,256,02:00:00:00:00:01,02:00:00:00:00:02,0x88b5,reverse,1,259,16,200762
360,1786990915377896,l_left,4,outgoing,256,02:00:00:00:00:01,02:00:00:00:00:02,0x88b5,reverse,1,260,16,200785
361,1786990915377914,l_left,4,outgoing,256,02:00:00:00:00:01,02:00:00:00:00:02,0x88b5,reverse,1,261,16,200803
362,1786990915377929,l_left,4,outgoing,256,02:00:00:00:00:01,02:00:00:00:00:02,0x88b5,reverse,1,262,16,200818
363,1786990915377957,l_left,4,outgoing,256,02:00:00:00:00:01,02:00:00:00:00:02,0x88b5,reverse,1,263,16,200846
364,1786990915378330,l_left,4,outgoing,256,02:00:00:00:00:01,02:00:00:00:00:02,0x88b5,reverse,1,264,16,201219
365,1786990915378587,l_left,4,outgoing,256,02:00:00:00:00:01,02:00:00:00:00:02,0x88b5,reverse,1,265,16,201476
366,1786990915378827,l_left,4,outgoing,256,02:00:00:00:00:01,02:00:00:00:00:02,0x88b5,reverse,1,266,16,201716
367,1786990915379081,l_left,4,outgoing,256,02:00:00:00:00:01,02:00:00:00:00:02,0x88b5,reverse,1,267,16,201970
368,1786990915379331,l_left,4,outgoing,256,02:00:00:00:00:01,02:00:00:00:00:02,0x88b5,reverse,1,268,16,202220
369,1786990915379575,l_left,4,outgoing,256,02:00:00:00:00:01,02:00:00:00:00:02,0x88b5,reverse,1,269,16,202464
370,1786990915379760,l_left,4,outgoing,256,02:00:00:00:00:01,02:00:00:00:00:02,0x88b5,reverse,1,270,16,202649
371,1786990915380003,l_left,4,outgoing,256,02:00:00:00:00:01,02:00:00:00:00:02,0x88b5,reverse,1,271,16,202892
372,1786990915380402,l_left,3,otherhost,256,02:00:00:00:00:02,02:00:00:00:00:01,0x88b5,forward,1,100,16,203291
373,1786990915380420,l_left,3,otherhost,256,02:00:00:00:00:02,02:00:00:00:00:01,0x88b5,forward,1,101,16,203309
374,1786990915386915,l_left,3,otherhost,256,02:00:00:00:00:02,02:00:00:00:00:01,0x88b5,forward,1,102,17,0
375,1786990915386933,l_left,3,otherhost,256,02:00:00:00:00:02,02:00:00:00:00:01,0x88b5,forward,1,103,17,18
376,1786990915387195,l_left,3,otherhost,256,02:00:00:00:00:02,02:00:00:00:00:01,0x88b5,forward,1,104,17,280
377,1786990915387449,l_left,3,otherhost,256,02:00:00:00:00:02,02:00:00:00:00:01,0x88b5,forward,1,105,17,534
378,1786990915387984,l_left,4,outgoing,256,02:00:00:00:00:01,02:00:00:00:00:02,0x88b5,reverse,1,272,17,1069
379,1786990915388020,l_left,4,outgoing,256,02:00:00:00:00:01,02:00:00:00:00:02,0x88b5,reverse,1,273,17,1105
380,1786990915588238,l_left,4,outgoing,256,02:00:00:00:00:01,02:00:00:00:00:02,0x88b5,reverse,1,274,17,201323
381,1786990915588303,l_left,4,outgoing,256,02:00:00:00:00:01,02:00:00:00:00:02,0x88b5,reverse,1,275,17,201388
382,1786990915588329,l_left,4,outgoing,256,02:00:00:00:00:01,02:00:00:00:00:02,0x88b5,reverse,1,276,17,201414
383,1786990915588350,l_left,4,outgoing,256,02:00:00:00:00:01,02:00:00:00:00:02,0x88b5,reverse,1,277,17,201435
384,1786990915588366,l_left,4,outgoing,256,02:00:00:00:00:01,02:00:00:00:00:02,0x88b5,reverse,1,278,17,201451
385,1786990915588381,l_left,4,outgoing,256,02:00:00:00:00:01,02:00:00:00:00:02,0x88b5,reverse,1,279,17,201466
386,1786990915588395,l_left,4,outgoing,256,02:00:00:00:00:01,02:00:00:00:00:02,0x88b5,reverse,1,280,17,201480
387,1786990915588489,l_left,4,outgoing,256,02:00:00:00:00:01,02:00:00:00:00:02,0x88b5,reverse,1,281,17,201574
388,1786990915588824,l_left,4,outgoing,256,02:00:00:00:00:01,02:00:00:00:00:02,0x88b5,reverse,1,282,17,201909
389,1786990915589075,l_left,4,outgoing,256,02:00:00:00:00:01,02:00:00:00:00:02,0x88b5,reverse,1,283,17,202160
390,1786990915589330,l_left,4,outgoing,256,02:00:00:00:00:01,02:00:00:00:00:02,0x88b5,reverse,1,284,17,202415
391,1786990915589594,l_left,4,outgoing,256,02:00:00:00:00:01,02:00:00:00:00:02,0x88b5,reverse,1,285,17,202679
392,1786990915589843,l_left,4,outgoing,256,02:00:00:00:00:01,02:00:00:00:00:02,0x88b5,reverse,1,286,17,202928
393,1786990915590075,l_left,4,outgoing,256,02:00:00:00:00:01,02:00:00:00:00:02,0x88b5,reverse,1,287,17,203160
394,1786990915590598,l_left,3,otherhost,256,02:00:00:00:00:02,02:00:00:00:00:01,0x88b5,forward,1,106,17,203683
395,1786990915590636,l_left,3,otherhost,256,02:00:00:00:00:02,02:00:00:00:00:01,0x88b5,forward,1,107,17,203721
396,1786990915597093,l_left,3,otherhost,256,02:00:00:00:00:02,02:00:00:00:00:01,0x88b5,forward,1,108,18,0
397,1786990915597129,l_left,3,otherhost,256,02:00:00:00:00:02,02:00:00:00:00:01,0x88b5,forward,1,109,18,36
398,1786990915597323,l_left,3,otherhost,256,02:00:00:00:00:02,02:00:00:00:00:01,0x88b5,forward,1,110,18,230
399,1786990915597489,l_left,3,otherhost,256,02:00:00:00:00:02,02:00:00:00:00:01,0x88b5,forward,1,111,18,396
400,1786990915598153,l_left,4,outgoing,256,02:00:00:00:00:01,02:00:00:00:00:02,0x88b5,reverse,1,288,18,1060
401,1786990915598190,l_left,4,outgoing,256,02:00:00:00:00:01,02:00:00:00:00:02,0x88b5,reverse,1,289,18,1097
402,1786990915798219,l_left,4,outgoing,256,02:00:00:00:00:01,02:00:00:00:00:02,0x88b5,reverse,1,290,18,201126
403,1786990915798284,l_left,4,outgoing,256,02:00:00:00:00:01,02:00:00:00:00:02,0x88b5,reverse,1,291,18,201191
404,1786990915798325,l_left,4,outgoing,256,02:00:00:00:00:01,02:00:00:00:00:02,0x88b5,reverse,1,292,18,201232
405,1786990915798348,l_left,4,outgoing,256,02:00:00:00:00:01,02:00:00:00:00:02,0x88b5,reverse,1,293,18,201255
406,1786990915798368,l_left,4,outgoing,256,02:00:00:00:00:01,02:00:00:00:00:02,0x88b5,reverse,1,294,18,201275
407,1786990915798383,l_left,4,outgoing,256,02:00:00:00:00:01,02:00:00:00:00:02,0x88b5,reverse,1,295,18,201290
408,1786990915798397,l_left,4,outgoing,256,02:00:00:00:00:01,02:00:00:00:00:02,0x88b5,reverse,1,296,18,201304
409,1786990915798537,l_left,4,outgoing,256,02:00:00:00:00:01,02:00:00:00:00:02,0x88b5,reverse,1,297,18,201444
410,1786990915798824,l_left,4,outgoing,256,02:00:00:00:00:01,02:00:00:00:00:02,0x88b5,reverse,1,298,18,201731
411,1786990915799084,l_left,4,outgoing,256,02:00:00:00:00:01,02:00:00:00:00:02,0x88b5,reverse,1,299,18,201991
412,1786990915799327,l_left,4,outgoing,256,02:00:00:00:00:01,02:00:00:00:00:02,0x88b5,reverse,1,300,18,202234
413,1786990915799574,l_left,4,outgoing,256,02:00:00:00:00:01,02:00:00:00:00:02,0x88b5,reverse,1,301,18,202481
414,1786990915799829,l_left,4,outgoing,256,02:00:00:00:00:01,02:00:00:00:00:02,0x88b5,reverse,1,302,18,202736
415,1786990915800066,l_left,4,outgoing,256,02:00:00:00:00:01,02:00:00:00:00:02,0x88b5,reverse,1,303,18,202973
416,1786990915800604,l_left,3,otherhost,256,02:00:00:00:00:02,02:00:00:00:00:01,0x88b5,forward,1,112,18,203511
417,1786990915800648,l_left,3,otherhost,256,02:00:00:00:00:02,02:00:00:00:00:01,0x88b5,forward,1,113,18,203555
418,1786990915807024,l_left,3,otherhost,256,02:00:00:00:00:02,02:00:00:00:00:01,0x88b5,forward,1,114,19,0
419,1786990915807070,l_left,3,otherhost,256,02:00:00:00:00:02,02:00:00:00:00:01,0x88b5,forward,1,115,19,46
420,1786990915807223,l_left,3,otherhost,256,02:00:00:00:00:02,02:00:00:00:00:01,0x88b5,forward,1,116,19,199
421,1786990915807449,l_left,3,otherhost,256,02:00:00:00:00:02,02:00:00:00:00:01,0x88b5,forward,1,117,19,425
422,1786990915808123,l_left,4,outgoing,256,02:00:00:00:00:01,02:00:00:00:00:02,0x88b5,reverse,1,304,19,1099
423,1786990915808159,l_left,4,outgoing,256,02:00:00:00:00:01,02:00:00:00:00:02,0x88b5,reverse,1,305,19,1135
424,1786990916008087,l_left,4,outgoing,256,02:00:00:00:00:01,02:00:00:00:00:02,0x88b5,reverse,1,306,19,201063
425,1786990916008151,l_left,4,outgoing,256,02:00:00:00:00:01,02:00:00:00:00:02,0x88b5,reverse,1,307,19,201127
426,1786990916008174,l_left,4,outgoing,256,02:00:00:00:00:01,02:00:00:00:00:02,0x88b5,reverse,1,308,19,201150
427,1786990916008191,l_left,4,outgoing,256,02:00:00:00:00:01,02:00:00:00:00:02,0x88b5,reverse,1,309,19,201167
428,1786990916008207,l_left,4,outgoing,256,02:00:00:00:00:01,02:00:00:00:00:02,0x88b5,reverse,1,310,19,201183
429,1786990916008222,l_left,4,outgoing,256,02:00:00:00:00:01,02:00:00:00:00:02,0x88b5,reverse,1,311,19,201198
430,1786990916008239,l_left,4,outgoing,256,02:00:00:00:00:01,02:00:00:00:00:02,0x88b5,reverse,1,312,19,201215
431,1786990916008573,l_left,4,outgoing,256,02:00:00:00:00:01,02:00:00:00:00:02,0x88b5,reverse,1,313,19,201549
432,1786990916008759,l_left,4,outgoing,256,02:00:00:00:00:01,02:00:00:00:00:02,0x88b5,reverse,1,314,19,201735
433,1786990916009072,l_left,4,outgoing,256,02:00:00:00:00:01,02:00:00:00:00:02,0x88b5,reverse,1,315,19,202048
434,1786990916009333,l_left,4,outgoing,256,02:00:00:00:00:01,02:00:00:00:00:02,0x88b5,reverse,1,316,19,202309
435,1786990916009583,l_left,4,outgoing,256,02:00:00:00:00:01,02:00:00:00:00:02,0x88b5,reverse,1,317,19,202559
436,1786990916009830,l_left,4,outgoing,256,02:00:00:00:00:01,02:00:00:00:00:02,0x88b5,reverse,1,318,19,202806
437,1786990916010083,l_left,4,outgoing,256,02:00:00:00:00:01,02:00:00:00:00:02,0x88b5,reverse,1,319,19,203059
438,1786990916010474,l_left,3,otherhost,256,02:00:00:00:00:02,02:00:00:00:00:01,0x88b5,forward,1,118,19,203450
439,1786990916010512,l_left,3,otherhost,256,02:00:00:00:00:02,02:00:00:00:00:01,0x88b5,forward,1,119,19,203488
440,1786990916017560,l_left,3,otherhost,256,02:00:00:00:00:02,02:00:00:00:00:01,0x88b5,forward,1,120,20,0
441,1786990916017622,l_left,3,otherhost,256,02:00:00:00:00:02,02:00:00:00:00:01,0x88b5,forward,1,121,20,62
442,1786990916017644,l_left,3,otherhost,256,02:00:00:00:00:02,02:00:00:00:00:01,0x88b5,forward,1,122,20,84
443,1786990916017660,l_left,3,otherhost,256,02:00:00:00:00:02,02:00:00:00:00:01,0x88b5,forward,1,123,20,100
444,1786990916018152,l_left,4,outgoing,256,02:00:00:00:00:01,02:00:00:00:00:02,0x88b5,reverse,1,320,20,592
445,1786990916018189,l_left,4,outgoing,256,02:00:00:00:00:01,02:00:00:00:00:02,0x88b5,reverse,1,321,20,629
446,1786990916217972,l_left,4,outgoing,256,02:00:00:00:00:01,02:00:00:00:00:02,0x88b5,reverse,1,322,20,200412
447,1786990916218046,l_left,4,outgoing,256,02:00:00:00:00:01,02:00:00:00:00:02,0x88b5,reverse,1,323,20,200486
448,1786990916218069,l_left,4,outgoing,256,02:00:00:00:00:01,02:00:00:00:00:02,0x88b5,reverse,1,324,20,200509
449,1786990916218086,l_left,4,outgoing,256,02:00:00:00:00:01,02:00:00:00:00:02,0x88b5,reverse,1,325,20,200526
450,1786990916218101,l_left,4,outgoing,256,02:00:00:00:00:01,02:00:00:00:00:02,0x88b5,reverse,1,326,20,200541
451,1786990916218115,l_left,4,outgoing,256,02:00:00:00:00:01,02:00:00:00:00:02,0x88b5,reverse,1,327,20,200555
452,1786990916218354,l_left,4,outgoing,256,02:00:00:00:00:01,02:00:00:00:00:02,0x88b5,reverse,1,328,20,200794
453,1786990916218564,l_left,4,outgoing,256,02:00:00:00:00:01,02:00:00:00:00:02,0x88b5,reverse,1,329,20,201004
454,1786990916218827,l_left,4,outgoing,256,02:00:00:00:00:01,02:00:00:00:00:02,0x88b5,reverse,1,330,20,201267
455,1786990916219073,l_left,4,outgoing,256,02:00:00:00:00:01,02:00:00:00:00:02,0x88b5,reverse,1,331,20,201513
456,1786990916219291,l_left,4,outgoing,256,02:00:00:00:00:01,02:00:00:00:00:02,0x88b5,reverse,1,332,20,201731
457,1786990916219529,l_left,4,outgoing,256,02:00:00:00:00:01,02:00:00:00:00:02,0x88b5,reverse,1,333,20,201969
458,1786990916219777,l_left,4,outgoing,256,02:00:00:00:00:01,02:00:00:00:00:02,0x88b5,reverse,1,334,20,202217
459,1786990916220033,l_left,4,outgoing,256,02:00:00:00:00:01,02:00:00:00:00:02,0x88b5,reverse,1,335,20,202473
460,1786990916220456,l_left,3,otherhost,256,02:00:00:00:00:02,02:00:00:00:00:01,0x88b5,forward,1,124,20,202896
461,1786990916220495,l_left,3,otherhost,256,02:00:00:00:00:02,02:00:00:00:00:01,0x88b5,forward,1,125,20,202935
462,1786990916226947,l_left,3,otherhost,256,02:00:00:00:00:02,02:00:00:00:00:01,0x88b5,forward,1,126,21,0
463,1786990916226999,l_left,3,otherhost,256,02:00:00:00:00:02,02:00:00:00:00:01,0x88b5,forward,1,127,21,52
464,1786990916227198,l_left,3,otherhost,256,02:00:00:00:00:02,02:00:00:00:00:01,0x88b5,forward,1,128,21,251
465,1786990916227447,l_left,3,otherhost,256,02:00:00:00:00:02,02:00:00:00:00:01,0x88b5,forward,1,129,21,500
466,1786990916227998,l_left,4,outgoing,256,02:00:00:00:00:01,02:00:00:00:00:02,0x88b5,reverse,1,336,21,1051
467,1786990916228021,l_left,4,outgoing,256,02:00:00:00:00:01,02:00:00:00:00:02,0x88b5,reverse,1,337,21,1074
468,1786990916427847,l_left,4,outgoing,256,02:00:00:00:00:01,02:00:00:00:00:02,0x88b5,reverse,1,338,21,200900
469,1786990916427908,l_left,4,outgoing,256,02:00:00:00:00:01,02:00:00:00:00:02,0x88b5,reverse,1,339,21,200961
470,1786990916427930,l_left,4,outgoing,256,02:00:00:00:00:01,02:00:00:00:00:02,0x88b5,reverse,1,340,21,200983
471,1786990916427947,l_left,4,outgoing,256,02:00:00:00:00:01,02:00:00:00:00:02,0x88b5,reverse,1,341,21,201000
472,1786990916427970,l_left,4,outgoing,256,02:00:00:00:00:01,02:00:00:00:00:02,0x88b5,reverse,1,342,21,201023
473,1786990916427985,l_left,4,outgoing,256,02:00:00:00:00:01,02:00:00:00:00:02,0x88b5,reverse,1,343,21,201038
474,1786990916428296,l_left,4,outgoing,256,02:00:00:00:00:01,02:00:00:00:00:02,0x88b5,reverse,1,344,21,201349
475,1786990916428553,l_left,4,outgoing,256,02:00:00:00:00:01,02:00:00:00:00:02,0x88b5,reverse,1,345,21,201606
476,1786990916428791,l_left,4,outgoing,256,02:00:00:00:00:01,02:00:00:00:00:02,0x88b5,reverse,1,346,21,201844
477,1786990916429038,l_left,4,outgoing,256,02:00:00:00:00:01,02:00:00:00:00:02,0x88b5,reverse,1,347,21,202091
478,1786990916429278,l_left,4,outgoing,256,02:00:00:00:00:01,02:00:00:00:00:02,0x88b5,reverse,1,348,21,202331
479,1786990916429523,l_left,4,outgoing,256,02:00:00:00:00:01,02:00:00:00:00:02,0x88b5,reverse,1,349,21,202576
480,1786990916429773,l_left,4,outgoing,256,02:00:00:00:00:01,02:00:00:00:00:02,0x88b5,reverse,1,350,21,202826
481,1786990916430008,l_left,4,outgoing,256,02:00:00:00:00:01,02:00:00:00:00:02,0x88b5,reverse,1,351,21,203061
482,1786990916430273,l_left,3,otherhost,256,02:00:00:00:00:02,02:00:00:00:00:01,0x88b5,forward,1,130,21,203326
483,1786990916430432,l_left,3,otherhost,256,02:00:00:00:00:02,02:00:00:00:00:01,0x88b5,forward,1,131,21,203485
484,1786990916436884,l_left,3,otherhost,256,02:00:00:00:00:02,02:00:00:00:00:01,0x88b5,forward,1,132,22,0
485,1786990916436912,l_left,3,otherhost,256,02:00:00:00:00:02,02:00:00:00:00:01,0x88b5,forward,1,133,22,28
486,1786990916437207,l_left,3,otherhost,256,02:00:00:00:00:02,02:00:00:00:00:01,0x88b5,forward,1,134,22,323
487,1786990916437423,l_left,3,otherhost,256,02:00:00:00:00:02,02:00:00:00:00:01,0x88b5,forward,1,135,22,539
488,1786990916437964,l_left,4,outgoing,256,02:00:00:00:00:01,02:00:00:00:00:02,0x88b5,reverse,1,352,22,1080
489,1786990916438008,l_left,4,outgoing,256,02:00:00:00:00:01,02:00:00:00:00:02,0x88b5,reverse,1,353,22,1124
490,1786990916638164,l_left,4,outgoing,256,02:00:00:00:00:01,02:00:00:00:00:02,0x88b5,reverse,1,354,22,201280
491,1786990916638226,l_left,4,outgoing,256,02:00:00:00:00:01,02:00:00:00:00:02,0x88b5,reverse,1,355,22,201342
492,1786990916638249,l_left,4,outgoing,256,02:00:00:00:00:01,02:00:00:00:00:02,0x88b5,reverse,1,356,22,201365
493,1786990916638266,l_left,4,outgoing,256,02:00:00:00:00:01,02:00:00:00:00:02,0x88b5,reverse,1,357,22,201382
494,1786990916638303,l_left,4,outgoing,256,02:00:00:00:00:01,02:00:00:00:00:02,0x88b5,reverse,1,358,22,201419
495,1786990916638348,l_left,4,outgoing,256,02:00:00:00:00:01,02:00:00:00:00:02,0x88b5,reverse,1,359,22,201464
496,1786990916638388,l_left,4,outgoing,256,02:00:00:00:00:01,02:00:00:00:00:02,0x88b5,reverse,1,360,22,201504
497,1786990916638486,l_left,4,outgoing,256,02:00:00:00:00:01,02:00:00:00:00:02,0x88b5,reverse,1,361,22,201602
498,1786990916638785,l_left,4,outgoing,256,02:00:00:00:00:01,02:00:00:00:00:02,0x88b5,reverse,1,362,22,201901
499,1786990916639041,l_left,4,outgoing,256,02:00:00:00:00:01,02:00:00:00:00:02,0x88b5,reverse,1,363,22,202157
500,1786990916639285,l_left,4,outgoing,256,02:00:00:00:00:01,02:00:00:00:00:02,0x88b5,reverse,1,364,22,202401
501,1786990916639540,l_left,4,outgoing,256,02:00:00:00:00:01,02:00:00:00:00:02,0x88b5,reverse,1,365,22,202656
502,1786990916639763,l_left,4,outgoing,256,02:00:00:00:00:01,02:00:00:00:00:02,0x88b5,reverse,1,366,22,202879
503,1786990916639993,l_left,4,outgoing,256,02:00:00:00:00:01,02:00:00:00:00:02,0x88b5,reverse,1,367,22,203109
504,1786990916640546,l_left,3,otherhost,256,02:00:00:00:00:02,02:00:00:00:00:01,0x88b5,forward,1,136,22,203662
505,1786990916640563,l_left,3,otherhost,256,02:00:00:00:00:02,02:00:00:00:00:01,0x88b5,forward,1,137,22,203679
506,1786990916646860,l_left,3,otherhost,256,02:00:00:00:00:02,02:00:00:00:00:01,0x88b5,forward,1,138,23,0
507,1786990916646883,l_left,3,otherhost,256,02:00:00:00:00:02,02:00:00:00:00:01,0x88b5,forward,1,139,23,23
508,1786990916647176,l_left,3,otherhost,256,02:00:00:00:00:02,02:00:00:00:00:01,0x88b5,forward,1,140,23,316
509,1786990916647423,l_left,3,otherhost,256,02:00:00:00:00:02,02:00:00:00:00:01,0x88b5,forward,1,141,23,563
510,1786990916647984,l_left,4,outgoing,256,02:00:00:00:00:01,02:00:00:00:00:02,0x88b5,reverse,1,368,23,1124
511,1786990916648019,l_left,4,outgoing,256,02:00:00:00:00:01,02:00:00:00:00:02,0x88b5,reverse,1,369,23,1159
512,1786990916848219,l_left,4,outgoing,256,02:00:00:00:00:01,02:00:00:00:00:02,0x88b5,reverse,1,370,23,201359
513,1786990916848288,l_left,4,outgoing,256,02:00:00:00:00:01,02:00:00:00:00:02,0x88b5,reverse,1,371,23,201428
514,1786990916848311,l_left,4,outgoing,256,02:00:00:00:00:01,02:00:00:00:00:02,0x88b5,reverse,1,372,23,201451
515,1786990916848332,l_left,4,outgoing,256,02:00:00:00:00:01,02:00:00:00:00:02,0x88b5,reverse,1,373,23,201472
516,1786990916848350,l_left,4,outgoing,256,02:00:00:00:00:01,02:00:00:00:00:02,0x88b5,reverse,1,374,23,201490
517,1786990916848400,l_left,4,outgoing,256,02:00:00:00:00:01,02:00:00:00:00:02,0x88b5,reverse,1,375,23,201540
518,1786990916848436,l_left,4,outgoing,256,02:00:00:00:00:01,02:00:00:00:00:02,0x88b5,reverse,1,376,23,201576
519,1786990916848492,l_left,4,outgoing,256,02:00:00:00:00:01,02:00:00:00:00:02,0x88b5,reverse,1,377,23,201632
520,1786990916848789,l_left,4,outgoing,256,02:00:00:00:00:01,02:00:00:00:00:02,0x88b5,reverse,1,378,23,201929
521,1786990916849024,l_left,4,outgoing,256,02:00:00:00:00:01,02:00:00:00:00:02,0x88b5,reverse,1,379,23,202164
522,1786990916849283,l_left,4,outgoing,256,02:00:00:00:00:01,02:00:00:00:00:02,0x88b5,reverse,1,380,23,202423
523,1786990916849542,l_left,4,outgoing,256,02:00:00:00:00:01,02:00:00:00:00:02,0x88b5,reverse,1,381,23,202682
524,1786990916849776,l_left,4,outgoing,256,02:00:00:00:00:01,02:00:00:00:00:02,0x88b5,reverse,1,382,23,202916
525,1786990916850023,l_left,4,outgoing,256,02:00:00:00:00:01,02:00:00:00:00:02,0x88b5,reverse,1,383,23,203163
526,1786990916850380,l_left,3,otherhost,256,02:00:00:00:00:02,02:00:00:00:00:01,0x88b5,forward,1,142,23,203520
527,1786990916850740,l_left,3,otherhost,256,02:00:00:00:00:02,02:00:00:00:00:01,0x88b5,forward,1,143,23,203880
528,1786990916857117,l_left,3,otherhost,256,02:00:00:00:00:02,02:00:00:00:00:01,0x88b5,forward,1,144,24,0
529,1786990916857165,l_left,3,otherhost,256,02:00:00:00:00:02,02:00:00:00:00:01,0x88b5,forward,1,145,24,48
530,1786990916857296,l_left,3,otherhost,256,02:00:00:00:00:02,02:00:00:00:00:01,0x88b5,forward,1,146,24,179
531,1786990916857456,l_left,3,otherhost,256,02:00:00:00:00:02,02:00:00:00:00:01,0x88b5,forward,1,147,24,339
532,1786990916858036,l_left,4,outgoing,256,02:00:00:00:00:01,02:00:00:00:00:02,0x88b5,reverse,1,384,24,919
533,1786990916858075,l_left,4,outgoing,256,02:00:00:00:00:01,02:00:00:00:00:02,0x88b5,reverse,1,385,24,958
534,1786990917057798,l_left,4,outgoing,256,02:00:00:00:00:01,02:00:00:00:00:02,0x88b5,reverse,1,386,24,200681
535,1786990917057863,l_left,4,outgoing,256,02:00:00:00:00:01,02:00:00:00:00:02,0x88b5,reverse,1,387,24,200746
536,1786990917057886,l_left,4,outgoing,256,02:00:00:00:00:01,02:00:00:00:00:02,0x88b5,reverse,1,388,24,200769
537,1786990917057903,l_left,4,outgoing,256,02:00:00:00:00:01,02:00:00:00:00:02,0x88b5,reverse,1,389,24,200786
538,1786990917057958,l_left,4,outgoing,256,02:00:00:00:00:01,02:00:00:00:00:02,0x88b5,reverse,1,390,24,200841
539,1786990917057977,l_left,4,outgoing,256,02:00:00:00:00:01,02:00:00:00:00:02,0x88b5,reverse,1,391,24,200860
540,1786990917058309,l_left,4,outgoing,256,02:00:00:00:00:01,02:00:00:00:00:02,0x88b5,reverse,1,392,24,201192
541,1786990917058578,l_left,4,outgoing,256,02:00:00:00:00:01,02:00:00:00:00:02,0x88b5,reverse,1,393,24,201461
542,1786990917058814,l_left,4,outgoing,256,02:00:00:00:00:01,02:00:00:00:00:02,0x88b5,reverse,1,394,24,201697
543,1786990917058999,l_left,4,outgoing,256,02:00:00:00:00:01,02:00:00:00:00:02,0x88b5,reverse,1,395,24,201882
544,1786990917059243,l_left,4,outgoing,256,02:00:00:00:00:01,02:00:00:00:00:02,0x88b5,reverse,1,396,24,202126
545,1786990917059484,l_left,4,outgoing,256,02:00:00:00:00:01,02:00:00:00:00:02,0x88b5,reverse,1,397,24,202367
546,1786990917059732,l_left,4,outgoing,256,02:00:00:00:00:01,02:00:00:00:00:02,0x88b5,reverse,1,398,24,202615
547,1786990917059981,l_left,4,outgoing,256,02:00:00:00:00:01,02:00:00:00:00:02,0x88b5,reverse,1,399,24,202864
548,1786990917060473,l_left,3,otherhost,256,02:00:00:00:00:02,02:00:00:00:00:01,0x88b5,forward,1,148,24,203356
549,1786990917060511,l_left,3,otherhost,256,02:00:00:00:00:02,02:00:00:00:00:01,0x88b5,forward,1,149,24,203394
550,1786990917067131,l_left,3,otherhost,256,02:00:00:00:00:02,02:00:00:00:00:01,0x88b5,forward,1,150,25,0
551,1786990917067173,l_left,3,otherhost,256,02:00:00:00:00:02,02:00:00:00:00:01,0x88b5,forward,1,151,25,42
552,1786990917067409,l_left,3,otherhost,256,02:00:00:00:00:02,02:00:00:00:00:01,0x88b5,forward,1,152,25,278
553,1786990917067903,l_left,3,otherhost,256,02:00:00:00:00:02,02:00:00:00:00:01,0x88b5,forward,1,153,25,772
554,1786990917067940,l_left,4,outgoing,256,02:00:00:00:00:01,02:00:00:00:00:02,0x88b5,reverse,1,400,25,809
555,1786990917067962,l_left,4,outgoing,256,02:00:00:00:00:01,02:00:00:00:00:02,0x88b5,reverse,1,401,25,831
556,1786990917267783,l_left,4,outgoing,256,02:00:00:00:00:01,02:00:00:00:00:02,0x88b5,reverse,1,402,25,200652
557,1786990917267849,l_left,4,outgoing,256,02:00:00:00:00:01,02:00:00:00:00:02,0x88b5,reverse,1,403,25,200718
558,1786990917267872,l_left,4,outgoing,256,02:00:00:00:00:01,02:00:00:00:00:02,0x88b5,reverse,1,404,25,200741
559,1786990917267889,l_left,4,outgoing,256,02:00:00:00:00:01,02:00:00:00:00:02,0x88b5,reverse,1,405,25,200758
560,1786990917267906,l_left,4,outgoing,256,02:00:00:00:00:01,02:00:00:00:00:02,0x88b5,reverse,1,406,25,200775
561,1786990917267961,l_left,4,outgoing,256,02:00:00:00:00:01,02:00:00:00:00:02,0x88b5,reverse,1,407,25,200830
562,1786990917268321,l_left,4,outgoing,256,02:00:00:00:00:01,02:00:00:00:00:02,0x88b5,reverse,1,408,25,201190
563,1786990917268579,l_left,4,outgoing,256,02:00:00:00:00:01,02:00:00:00:00:02,0x88b5,reverse,1,409,25,201448
564,1786990917268844,l_left,4,outgoing,256,02:00:00:00:00:01,02:00:00:00:00:02,0x88b5,reverse,1,410,25,201713
565,1786990917269079,l_left,4,outgoing,256,02:00:00:00:00:01,02:00:00:00:00:02,0x88b5,reverse,1,411,25,201948
566,1786990917269289,l_left,4,outgoing,256,02:00:00:00:00:01,02:00:00:00:00:02,0x88b5,reverse,1,412,25,202158
567,1786990917269494,l_left,4,outgoing,256,02:00:00:00:00:01,02:00:00:00:00:02,0x88b5,reverse,1,413,25,202363
568,1786990917269737,l_left,4,outgoing,256,02:00:00:00:00:01,02:00:00:00:00:02,0x88b5,reverse,1,414,25,202606
569,1786990917269983,l_left,4,outgoing,256,02:00:00:00:00:01,02:00:00:00:00:02,0x88b5,reverse,1,415,25,202852
570,1786990917270412,l_left,3,otherhost,256,02:00:00:00:00:02,02:00:00:00:00:01,0x88b5,forward,1,154,25,203281
571,1786990917270451,l_left,3,otherhost,256,02:00:00:00:00:02,02:00:00:00:00:01,0x88b5,forward,1,155,25,203320
572,1786990917277180,l_left,3,otherhost,256,02:00:00:00:00:02,02:00:00:00:00:01,0x88b5,forward,1,156,26,0
573,1786990917277206,l_left,3,otherhost,256,02:00:00:00:00:02,02:00:00:00:00:01,0x88b5,forward,1,157,26,26
574,1786990917277223,l_left,3,otherhost,256,02:00:00:00:00:02,02:00:00:00:00:01,0x88b5,forward,1,158,26,43
575,1786990917277445,l_left,3,otherhost,256,02:00:00:00:00:02,02:00:00:00:00:01,0x88b5,forward,1,159,26,265
576,1786990917278022,l_left,4,outgoing,256,02:00:00:00:00:01,02:00:00:00:00:02,0x88b5,reverse,1,416,26,842
577,1786990917278045,l_left,4,outgoing,256,02:00:00:00:00:01,02:00:00:00:00:02,0x88b5,reverse,1,417,26,865
578,1786990917477908,l_left,4,outgoing,256,02:00:00:00:00:01,02:00:00:00:00:02,0x88b5,reverse,1,418,26,200728
579,1786990917477962,l_left,4,outgoing,256,02:00:00:00:00:01,02:00:00:00:00:02,0x88b5,reverse,1,419,26,200782
580,1786990917477984,l_left,4,outgoing,256,02:00:00:00:00:01,02:00:00:00:00:02,0x88b5,reverse,1,420,26,200804
581,1786990917477997,l_left,4,outgoing,256,02:00:00:00:00:01,02:00:00:00:00:02,0x88b5,reverse,1,421,26,200817
582,1786990917478009,l_left,4,outgoing,256,02:00:00:00:00:01,02:00:00:00:00:02,0x88b5,reverse,1,422,26,200829
583,1786990917478026,l_left,4,outgoing,256,02:00:00:00:00:01,02:00:00:00:00:02,0x88b5,reverse,1,423,26,200846
584,1786990917478279,l_left,4,outgoing,256,02:00:00:00:00:01,02:00:00:00:00:02,0x88b5,reverse,1,424,26,201099
585,1786990917478528,l_left,4,outgoing,256,02:00:00:00:00:01,02:00:00:00:00:02,0x88b5,reverse,1,425,26,201348
586,1786990917478778,l_left,4,outgoing,256,02:00:00:00:00:01,02:00:00:00:00:02,0x88b5,reverse,1,426,26,201598
587,1786990917479012,l_left,4,outgoing,256,02:00:00:00:00:01,02:00:00:00:00:02,0x88b5,reverse,1,427,26,201832
588,1786990917479246,l_left,4,outgoing,256,02:00:00:00:00:01,02:00:00:00:00:02,0x88b5,reverse,1,428,26,202066
589,1786990917479477,l_left,4,outgoing,256,02:00:00:00:00:01,02:00:00:00:00:02,0x88b5,reverse,1,429,26,202297
590,1786990917479697,l_left,4,outgoing,256,02:00:00:00:00:01,02:00:00:00:00:02,0x88b5,reverse,1,430,26,202517
591,1786990917479937,l_left,4,outgoing,256,02:00:00:00:00:01,02:00:00:00:00:02,0x88b5,reverse,1,431,26,202757
592,1786990917480613,l_left,3,otherhost,256,02:00:00:00:00:02,02:00:00:00:00:01,0x88b5,forward,1,160,26,203433
593,1786990917480624,l_left,3,otherhost,256,02:00:00:00:00:02,02:00:00:00:00:01,0x88b5,forward,1,161,26,203444
594,1786990917486848,l_left,3,otherhost,256,02:00:00:00:00:02,02:00:00:00:00:01,0x88b5,forward,1,162,27,0
595,1786990917486919,l_left,3,otherhost,256,02:00:00:00:00:02,02:00:00:00:00:01,0x88b5,forward,1,163,27,71
596,1786990917487165,l_left,3,otherhost,256,02:00:00:00:00:02,02:00:00:00:00:01,0x88b5,forward,1,164,27,317
597,1786990917487415,l_left,3,otherhost,256,02:00:00:00:00:02,02:00:00:00:00:01,0x88b5,forward,1,165,27,567
598,1786990917487831,l_left,4,outgoing,256,02:00:00:00:00:01,02:00:00:00:00:02,0x88b5,reverse,1,432,27,983
599,1786990917487960,l_left,4,outgoing,256,02:00:00:00:00:01,02:00:00:00:00:02,0x88b5,reverse,1,433,27,1112
600,1786990917688083,l_left,4,outgoing,256,02:00:00:00:00:01,02:00:00:00:00:02,0x88b5,reverse,1,434,27,201235
601,1786990917688141,l_left,4,outgoing,256,02:00:00:00:00:01,02:00:00:00:00:02,0x88b5,reverse,1,435,27,201293
602,1786990917688167,l_left,4,outgoing,256,02:00:00:00:00:01,02:00:00:00:00:02,0x88b5,reverse,1,436,27,201319
603,1786990917688184,l_left,4,outgoing,256,02:00:00:00:00:01,02:00:00:00:00:02,0x88b5,reverse,1,437,27,201336
604,1786990917688199,l_left,4,outgoing,256,02:00:00:00:00:01,02:00:00:00:00:02,0x88b5,reverse,1,438,27,201351
605,1786990917688213,l_left,4,outgoing,256,02:00:00:00:00:01,02:00:00:00:00:02,0x88b5,reverse,1,439,27,201365
606,1786990917688507,l_left,4,outgoing,256,02:00:00:00:00:01,02:00:00:00:00:02,0x88b5,reverse,1,440,27,201659
607,1786990917688545,l_left,4,outgoing,256,02:00:00:00:00:01,02:00:00:00:00:02,0x88b5,reverse,1,441,27,201697
608,1786990917688823,l_left,4,outgoing,256,02:00:00:00:00:01,02:00:00:00:00:02,0x88b5,reverse,1,442,27,201975
609,1786990917689076,l_left,4,outgoing,256,02:00:00:00:00:01,02:00:00:00:00:02,0x88b5,reverse,1,443,27,202228
610,1786990917689329,l_left,4,outgoing,256,02:00:00:00:00:01,02:00:00:00:00:02,0x88b5,reverse,1,444,27,202481
611,1786990917689584,l_left,4,outgoing,256,02:00:00:00:00:01,02:00:00:00:00:02,0x88b5,reverse,1,445,27,202736
612,1786990917689829,l_left,4,outgoing,256,02:00:00:00:00:01,02:00:00:00:00:02,0x88b5,reverse,1,446,27,202981
613,1786990917690084,l_left,4,outgoing,256,02:00:00:00:00:01,02:00:00:00:00:02,0x88b5,reverse,1,447,27,203236
614,1786990917690467,l_left,3,otherhost,256,02:00:00:00:00:02,02:00:00:00:00:01,0x88b5,forward,1,166,27,203619
615,1786990917690493,l_left,3,otherhost,256,02:00:00:00:00:02,02:00:00:00:00:01,0x88b5,forward,1,167,27,203645
616,1786990917697528,l_left,3,otherhost,256,02:00:00:00:00:02,02:00:00:00:00:01,0x88b5,forward,1,168,28,0
617,1786990917697604,l_left,3,otherhost,256,02:00:00:00:00:02,02:00:00:00:00:01,0x88b5,forward,1,169,28,76
618,1786990917697627,l_left,3,otherhost,256,02:00:00:00:00:02,02:00:00:00:00:01,0x88b5,forward,1,170,28,99
619,1786990917697644,l_left,3,otherhost,256,02:00:00:00:00:02,02:00:00:00:00:01,0x88b5,forward,1,171,28,116
620,1786990917698008,l_left,4,outgoing,256,02:00:00:00:00:01,02:00:00:00:00:02,0x88b5,reverse,1,448,28,480
621,1786990917698045,l_left,4,outgoing,256,02:00:00:00:00:01,02:00:00:00:00:02,0x88b5,reverse,1,449,28,517
622,1786990917897935,l_left,4,outgoing,256,02:00:00:00:00:01,02:00:00:00:00:02,0x88b5,reverse,1,450,28,200407
623,1786990917898027,l_left,4,outgoing,256,02:00:00:00:00:01,02:00:00:00:00:02,0x88b5,reverse,1,451,28,200499
624,1786990917898055,l_left,4,outgoing,256,02:00:00:00:00:01,02:00:00:00:00:02,0x88b5,reverse,1,452,28,200527
625,1786990917898076,l_left,4,outgoing,256,02:00:00:00:00:01,02:00:00:00:00:02,0x88b5,reverse,1,453,28,200548
626,1786990917898091,l_left,4,outgoing,256,02:00:00:00:00:01,02:00:00:00:00:02,0x88b5,reverse,1,454,28,200563
627,1786990917898111,l_left,4,outgoing,256,02:00:00:00:00:01,02:00:00:00:00:02,0x88b5,reverse,1,455,28,200583
628,1786990917898334,l_left,4,outgoing,256,02:00:00:00:00:01,02:00:00:00:00:02,0x88b5,reverse,1,456,28,200806
629,1786990917898589,l_left,4,outgoing,256,02:00:00:00:00:01,02:00:00:00:00:02,0x88b5,reverse,1,457,28,201061
630,1786990917898830,l_left,4,outgoing,256,02:00:00:00:00:01,02:00:00:00:00:02,0x88b5,reverse,1,458,28,201302
631,1786990917899085,l_left,4,outgoing,256,02:00:00:00:00:01,02:00:00:00:00:02,0x88b5,reverse,1,459,28,201557
632,1786990917899322,l_left,4,outgoing,256,02:00:00:00:00:01,02:00:00:00:00:02,0x88b5,reverse,1,460,28,201794
633,1786990917899544,l_left,4,outgoing,256,02:00:00:00:00:01,02:00:00:00:00:02,0x88b5,reverse,1,461,28,202016
634,1786990917899782,l_left,4,outgoing,256,02:00:00:00:00:01,02:00:00:00:00:02,0x88b5,reverse,1,462,28,202254
635,1786990917900029,l_left,4,outgoing,256,02:00:00:00:00:01,02:00:00:00:00:02,0x88b5,reverse,1,463,28,202501
636,1786990917900504,l_left,3,otherhost,256,02:00:00:00:00:02,02:00:00:00:00:01,0x88b5,forward,1,172,28,202976
637,1786990917900542,l_left,3,otherhost,256,02:00:00:00:00:02,02:00:00:00:00:01,0x88b5,forward,1,173,28,203014
638,1786990917907035,l_left,3,otherhost,256,02:00:00:00:00:02,02:00:00:00:00:01,0x88b5,forward,1,174,29,0
639,1786990917907072,l_left,3,otherhost,256,02:00:00:00:00:02,02:00:00:00:00:01,0x88b5,forward,1,175,29,37
640,1786990917907199,l_left,3,otherhost,256,02:00:00:00:00:02,02:00:00:00:00:01,0x88b5,forward,1,176,29,164
641,1786990917907451,l_left,3,otherhost,256,02:00:00:00:00:02,02:00:00:00:00:01,0x88b5,forward,1,177,29,416
642,1786990917908056,l_left,4,outgoing,256,02:00:00:00:00:01,02:00:00:00:00:02,0x88b5,reverse,1,464,29,1021
643,1786990917908087,l_left,4,outgoing,256,02:00:00:00:00:01,02:00:00:00:00:02,0x88b5,reverse,1,465,29,1052
644,1786990918107932,l_left,4,outgoing,256,02:00:00:00:00:01,02:00:00:00:00:02,0x88b5,reverse,1,466,29,200897
645,1786990918107998,l_left,4,outgoing,256,02:00:00:00:00:01,02:00:00:00:00:02,0x88b5,reverse,1,467,29,200963
646,1786990918108021,l_left,4,outgoing,256,02:00:00:00:00:01,02:00:00:00:00:02,0x88b5,reverse,1,468,29,200986
647,1786990918108039,l_left,4,outgoing,256,02:00:00:00:00:01,02:00:00:00:00:02,0x88b5,reverse,1,469,29,201004
648,1786990918108063,l_left,4,outgoing,256,02:00:00:00:00:01,02:00:00:00:00:02,0x88b5,reverse,1,470,29,201028
649,1786990918108088,l_left,4,outgoing,256,02:00:00:00:00:01,02:00:00:00:00:02,0x88b5,reverse,1,471,29,201053
650,1786990918108324,l_left,4,outgoing,256,02:00:00:00:00:01,02:00:00:00:00:02,0x88b5,reverse,1,472,29,201289
651,1786990918108582,l_left,4,outgoing,256,02:00:00:00:00:01,02:00:00:00:00:02,0x88b5,reverse,1,473,29,201547
652,1786990918108832,l_left,4,outgoing,256,02:00:00:00:00:01,02:00:00:00:00:02,0x88b5,reverse,1,474,29,201797
653,1786990918109046,l_left,4,outgoing,256,02:00:00:00:00:01,02:00:00:00:00:02,0x88b5,reverse,1,475,29,202011
654,1786990918109325,l_left,4,outgoing,256,02:00:00:00:00:01,02:00:00:00:00:02,0x88b5,reverse,1,476,29,202290
655,1786990918109546,l_left,4,outgoing,256,02:00:00:00:00:01,02:00:00:00:00:02,0x88b5,reverse,1,477,29,202511
656,1786990918109797,l_left,4,outgoing,256,02:00:00:00:00:01,02:00:00:00:00:02,0x88b5,reverse,1,478,29,202762
657,1786990918110039,l_left,4,outgoing,256,02:00:00:00:00:01,02:00:00:00:00:02,0x88b5,reverse,1,479,29,203004
658,1786990918110566,l_left,3,otherhost,256,02:00:00:00:00:02,02:00:00:00:00:01,0x88b5,forward,1,178,29,203531
659,1786990918110584,l_left,3,otherhost,256,02:00:00:00:00:02,02:00:00:00:00:01,0x88b5,forward,1,179,29,203549
660,1786990918116977,l_left,3,otherhost,256,02:00:00:00:00:02,02:00:00:00:00:01,0x88b5,forward,1,180,30,0
661,1786990918116997,l_left,3,otherhost,256,02:00:00:00:00:02,02:00:00:00:00:01,0x88b5,forward,1,181,30,20
662,1786990918117277,l_left,3,otherhost,256,02:00:00:00:00:02,02:00:00:00:00:01,0x88b5,forward,1,182,30,300
663,1786990918117452,l_left,3,otherhost,256,02:00:00:00:00:02,02:00:00:00:00:01,0x88b5,forward,1,183,30,475
664,1786990918118096,l_left,4,outgoing,256,02:00:00:00:00:01,02:00:00:00:00:02,0x88b5,reverse,1,480,30,1119
665,1786990918118122,l_left,4,outgoing,256,02:00:00:00:00:01,02:00:00:00:00:02,0x88b5,reverse,1,481,30,1145
666,1786990918318277,l_left,4,outgoing,256,02:00:00:00:00:01,02:00:00:00:00:02,0x88b5,reverse,1,482,30,201300
667,1786990918318352,l_left,4,outgoing,256,02:00:00:00:00:01,02:00:00:00:00:02,0x88b5,reverse,1,483,30,201375
668,1786990918318380,l_left,4,outgoing,256,02:00:00:00:00:01,02:00:00:00:00:02,0x88b5,reverse,1,484,30,201403
669,1786990918318408,l_left,4,outgoing,256,02:00:00:00:00:01,02:00:00:00:00:02,0x88b5,reverse,1,485,30,201431
670,1786990918318423,l_left,4,outgoing,256,02:00:00:00:00:01,02:00:00:00:00:02,0x88b5,reverse,1,486,30,201446
671,1786990918318438,l_left,4,outgoing,256,02:00:00:00:00:01,02:00:00:00:00:02,0x88b5,reverse,1,487,30,201461
672,1786990918318452,l_left,4,outgoing,256,02:00:00:00:00:01,02:00:00:00:00:02,0x88b5,reverse,1,488,30,201475
673,1786990918318466,l_left,4,outgoing,256,02:00:00:00:00:01,02:00:00:00:00:02,0x88b5,reverse,1,489,30,201489
674,1786990918318822,l_left,4,outgoing,256,02:00:00:00:00:01,02:00:00:00:00:02,0x88b5,reverse,1,490,30,201845
675,1786990918319078,l_left,4,outgoing,256,02:00:00:00:00:01,02:00:00:00:00:02,0x88b5,reverse,1,491,30,202101
676,1786990918319332,l_left,4,outgoing,256,02:00:00:00:00:01,02:00:00:00:00:02,0x88b5,reverse,1,492,30,202355
677,1786990918319577,l_left,4,outgoing,256,02:00:00:00:00:01,02:00:00:00:00:02,0x88b5,reverse,1,493,30,202600
678,1786990918319828,l_left,4,outgoing,256,02:00:00:00:00:01,02:00:00:00:00:02,0x88b5,reverse,1,494,30,202851
679,1786990918320080,l_left,4,outgoing,256,02:00:00:00:00:01,02:00:00:00:00:02,0x88b5,reverse,1,495,30,203103
680,1786990918320398,l_left,3,otherhost,256,02:00:00:00:00:02,02:00:00:00:00:01,0x88b5,forward,1,184,30,203421
681,1786990918320436,l_left,3,otherhost,256,02:00:00:00:00:02,02:00:00:00:00:01,0x88b5,forward,1,185,30,203459
682,1786990918326936,l_left,3,otherhost,256,02:00:00:00:00:02,02:00:00:00:00:01,0x88b5,forward,1,186,31,0
683,1786990918326981,l_left,3,otherhost,256,02:00:00:00:00:02,02:00:00:00:00:01,0x88b5,forward,1,187,31,45
684,1786990918327225,l_left,3,otherhost,256,02:00:00:00:00:02,02:00:00:00:00:01,0x88b5,forward,1,188,31,289
685,1786990918327475,l_left,3,otherhost,256,02:00:00:00:00:02,02:00:00:00:00:01,0x88b5,forward,1,189,31,539
686,1786990918328122,l_left,4,outgoing,256,02:00:00:00:00:01,02:00:00:00:00:02,0x88b5,reverse,1,496,31,1186
687,1786990918328161,l_left,4,outgoing,256,02:00:00:00:00:01,02:00:00:00:00:02,0x88b5,reverse,1,497,31,1225
688,1786990918528207,l_left,4,outgoing,256,02:00:00:00:00:01,02:00:00:00:00:02,0x88b5,reverse,1,498,31,201271
689,1786990918528272,l_left,4,outgoing,256,02:00:00:00:00:01,02:00:00:00:00:02,0x88b5,reverse,1,499,31,201336
690,1786990918528300,l_left,4,outgoing,256,02:00:00:00:00:01,02:00:00:00:00:02,0x88b5,reverse,1,500,31,201364
691,1786990918528322,l_left,4,outgoing,256,02:00:00:00:00:01,02:00:00:00:00:02,0x88b5,reverse,1,501,31,201386
692,1786990918528338,l_left,4,outgoing,256,02:00:00:00:00:01,02:00:00:00:00:02,0x88b5,reverse,1,502,31,201402
693,1786990918528353,l_left,4,outgoing,256,02:00:00:00:00:01,02:00:00:00:00:02,0x88b5,reverse,1,503,31,201417
694,1786990918528367,l_left,4,outgoing,256,02:00:00:00:00:01,02:00:00:00:00:02,0x88b5,reverse,1,504,31,201431
695,1786990918528582,l_left,4,outgoing,256,02:00:00:00:00:01,02:00:00:00:00:02,0x88b5,reverse,1,505,31,201646
696,1786990918528831,l_left,4,outgoing,256,02:00:00:00:00:01,02:00:00:00:00:02,0x88b5,reverse,1,506,31,201895
697,1786990918529077,l_left,4,outgoing,256,02:00:00:00:00:01,02:00:00:00:00:02,0x88b5,reverse,1,507,31,202141
698,1786990918529383,l_left,4,outgoing,256,02:00:00:00:00:01,02:00:00:00:00:02,0x88b5,reverse,1,508,31,202447
699,1786990918529518,l_left,4,outgoing,256,02:00:00:00:00:01,02:00:00:00:00:02,0x88b5,reverse,1,509,31,202582
700,1786990918529823,l_left,4,outgoing,256,02:00:00:00:00:01,02:00:00:00:00:02,0x88b5,reverse,1,510,31,202887
701,1786990918530043,l_left,4,outgoing,256,02:00:00:00:00:01,02:00:00:00:00:02,0x88b5,reverse,1,511,31,203107
702,1786990918530590,l_left,3,otherhost,256,02:00:00:00:00:02,02:00:00:00:00:01,0x88b5,forward,1,190,31,203654
703,1786990918530629,l_left,3,otherhost,256,02:00:00:00:00:02,02:00:00:00:00:01,0x88b5,forward,1,191,31,203693
704,1786990918537726,l_left,3,otherhost,256,02:00:00:00:00:02,02:00:00:00:00:01,0x88b5,forward,1,192,32,0
705,1786990918537786,l_left,3,otherhost,256,02:00:00:00:00:02,02:00:00:00:00:01,0x88b5,forward,1,193,32,60
706,1786990918537828,l_left,3,otherhost,256,02:00:00:00:00:02,02:00:00:00:00:01,0x88b5,forward,1,194,32,102
707,1786990918537850,l_left,3,otherhost,256,02:00:00:00:00:02,02:00:00:00:00:01,0x88b5,forward,1,195,32,124
708,1786990918537990,l_left,4,outgoing,256,02:00:00:00:00:01,02:00:00:00:00:02,0x88b5,reverse,1,512,32,264
709,1786990918538009,l_left,4,outgoing,256,02:00:00:00:00:01,02:00:00:00:00:02,0x88b5,reverse,1,513,32,283
710,1786990918738076,l_left,4,outgoing,256,02:00:00:00:00:01,02:00:00:00:00:02,0x88b5,reverse,1,514,32,200350
711,1786990918738151,l_left,4,outgoing,256,02:00:00:00:00:01,02:00:00:00:00:02,0x88b5,reverse,1,515,32,200425
712,1786990918738174,l_left,4,outgoing,256,02:00:00:00:00:01,02:00:00:00:00:02,0x88b5,reverse,1,516,32,200448
713,1786990918738191,l_left,4,outgoing,256,02:00:00:00:00:01,02:00:00:00:00:02,0x88b5,reverse,1,517,32,200465
714,1786990918738206,l_left,4,outgoing,256,02:00:00:00:00:01,02:00:00:00:00:02,0x88b5,reverse,1,518,32,200480
715,1786990918738231,l_left,4,outgoing,256,02:00:00:00:00:01,02:00:00:00:00:02,0x88b5,reverse,1,519,32,200505
716,1786990918738248,l_left,4,outgoing,256,02:00:00:00:00:01,02:00:00:00:00:02,0x88b5,reverse,1,520,32,200522
717,1786990918738573,l_left,4,outgoing,256,02:00:00:00:00:01,02:00:00:00:00:02,0x88b5,reverse,1,521,32,200847
718,1786990918738832,l_left,4,outgoing,256,02:00:00:00:00:01,02:00:00:00:00:02,0x88b5,reverse,1,522,32,201106
719,1786990918739082,l_left,4,outgoing,256,02:00:00:00:00:01,02:00:00:00:00:02,0x88b5,reverse,1,523,32,201356
720,1786990918739336,l_left,4,outgoing,256,02:00:00:00:00:01,02:00:00:00:00:02,0x88b5,reverse,1,524,32,201610
721,1786990918739585,l_left,4,outgoing,256,02:00:00:00:00:01,02:00:00:00:00:02,0x88b5,reverse,1,525,32,201859
722,1786990918739834,l_left,4,outgoing,256,02:00:00:00:00:01,02:00:00:00:00:02,0x88b5,reverse,1,526,32,202108
723,1786990918740068,l_left,4,outgoing,256,02:00:00:00:00:01,02:00:00:00:00:02,0x88b5,reverse,1,527,32,202342
724,1786990918740405,l_left,3,otherhost,256,02:00:00:00:00:02,02:00:00:00:00:01,0x88b5,forward,1,196,32,202679
725,1786990918740443,l_left,3,otherhost,256,02:00:00:00:00:02,02:00:00:00:00:01,0x88b5,forward,1,197,32,202717
726,1786990918746942,l_left,3,otherhost,256,02:00:00:00:00:02,02:00:00:00:00:01,0x88b5,forward,1,198,33,0
727,1786990918746986,l_left,3,otherhost,256,02:00:00:00:00:02,02:00:00:00:00:01,0x88b5,forward,1,199,33,44
728,1786990918747232,l_left,3,otherhost,256,02:00:00:00:00:02,02:00:00:00:00:01,0x88b5,forward,1,200,33,290
729,1786990918747451,l_left,3,otherhost,256,02:00:00:00:00:02,02:00:00:00:00:01,0x88b5,forward,1,201,33,509
730,1786990918748002,l_left,4,outgoing,256,02:00:00:00:00:01,02:00:00:00:00:02,0x88b5,reverse,1,528,33,1060
731,1786990918748021,l_left,4,outgoing,256,02:00:00:00:00:01,02:00:00:00:00:02,0x88b5,reverse,1,529,33,1079
732,1786990918947807,l_left,4,outgoing,256,02:00:00:00:00:01,02:00:00:00:00:02,0x88b5,reverse,1,530,33,200865
733,1786990918947865,l_left,4,outgoing,256,02:00:00:00:00:01,02:00:00:00:00:02,0x88b5,reverse,1,531,33,200923
734,1786990918947886,l_left,4,outgoing,256,02:00:00:00:00:01,02:00:00:00:00:02,0x88b5,reverse,1,532,33,200944
735,1786990918947907,l_left,4,outgoing,256,02:00:00:00:00:01,02:00:00:00:00:02,0x88b5,reverse,1,533,33,200965
736,1786990918947922,l_left,4,outgoing,256,02:00:00:00:00:01,02:00:00:00:00:02,0x88b5,reverse,1,534,33,200980
737,1786990918948172,l_left,4,outgoing,256,02:00:00:00:00:01,02:00:00:00:00:02,0x88b5,reverse,1,535,33,201230
738,1786990918948272,l_left,4,outgoing,256,02:00:00:00:00:01,02:00:00:00:00:02,0x88b5,reverse,1,536,33,201330
739,1786990918948575,l_left,4,outgoing,256,02:00:00:00:00:01,02:00:00:00:00:02,0x88b5,reverse,1,537,33,201633
740,1786990918948831,l_left,4,outgoing,256,02:00:00:00:00:01,02:00:00:00:00:02,0x88b5,reverse,1,538,33,201889
741,1786990918949084,l_left,4,outgoing,256,02:00:00:00:00:01,02:00:00:00:00:02,0x88b5,reverse,1,539,33,202142
742,1786990918949334,l_left,4,outgoing,256,02:00:00:00:00:01,02:00:00:00:00:02,0x88b5,reverse,1,540,33,202392
743,1786990918949585,l_left,4,outgoing,256,02:00:00:00:00:01,02:00:00:00:00:02,0x88b5,reverse,1,541,33,202643
744,1786990918949796,l_left,4,outgoing,256,02:00:00:00:00:01,02:00:00:00:00:02,0x88b5,reverse,1,542,33,202854
745,1786990918949994,l_left,4,outgoing,256,02:00:00:00:00:01,02:00:00:00:00:02,0x88b5,reverse,1,543,33,203052
746,1786990918950506,l_left,3,otherhost,256,02:00:00:00:00:02,02:00:00:00:00:01,0x88b5,forward,1,202,33,203564
747,1786990918950525,l_left,3,otherhost,256,02:00:00:00:00:02,02:00:00:00:00:01,0x88b5,forward,1,203,33,203583
748,1786990918956996,l_left,3,otherhost,256,02:00:00:00:00:02,02:00:00:00:00:01,0x88b5,forward,1,204,34,0
749,1786990918957017,l_left,3,otherhost,256,02:00:00:00:00:02,02:00:00:00:00:01,0x88b5,forward,1,205,34,21
750,1786990918957440,l_left,3,otherhost,256,02:00:00:00:00:02,02:00:00:00:00:01,0x88b5,forward,1,206,34,444
751,1786990918957456,l_left,3,otherhost,256,02:00:00:00:00:02,02:00:00:00:00:01,0x88b5,forward,1,207,34,460
752,1786990918958137,l_left,4,outgoing,256,02:00:00:00:00:01,02:00:00:00:00:02,0x88b5,reverse,1,544,34,1141
753,1786990918958160,l_left,4,outgoing,256,02:00:00:00:00:01,02:00:00:00:00:02,0x88b5,reverse,1,545,34,1164
754,1786990919157709,l_left,4,outgoing,256,02:00:00:00:00:01,02:00:00:00:00:02,0x88b5,reverse,1,546,34,200713
755,1786990919157783,l_left,4,outgoing,256,02:00:00:00:00:01,02:00:00:00:00:02,0x88b5,reverse,1,547,34,200787
756,1786990919157807,l_left,4,outgoing,256,02:00:00:00:00:01,02:00:00:00:00:02,0x88b5,reverse,1,548,34,200811
757,1786990919157824,l_left,4,outgoing,256,02:00:00:00:00:01,02:00:00:00:00:02,0x88b5,reverse,1,549,34,200828
758,1786990919157843,l_left,4,outgoing,256,02:00:00:00:00:01,02:00:00:00:00:02,0x88b5,reverse,1,550,34,200847
759,1786990919158148,l_left,4,outgoing,256,02:00:00:00:00:01,02:00:00:00:00:02,0x88b5,reverse,1,551,34,201152
760,1786990919158252,l_left,4,outgoing,256,02:00:00:00:00:01,02:00:00:00:00:02,0x88b5,reverse,1,552,34,201256
761,1786990919158572,l_left,4,outgoing,256,02:00:00:00:00:01,02:00:00:00:00:02,0x88b5,reverse,1,553,34,201576
762,1786990919158824,l_left,4,outgoing,256,02:00:00:00:00:01,02:00:00:00:00:02,0x88b5,reverse,1,554,34,201828
763,1786990919159071,l_left,4,outgoing,256,02:00:00:00:00:01,02:00:00:00:00:02,0x88b5,reverse,1,555,34,202075
764,1786990919159295,l_left,4,outgoing,256,02:00:00:00:00:01,02:00:00:00:00:02,0x88b5,reverse,1,556,34,202299
765,1786990919159530,l_left,4,outgoing,256,02:00:00:00:00:01,02:00:00:00:00:02,0x88b5,reverse,1,557,34,202534
766,1786990919159742,l_left,4,outgoing,256,02:00:00:00:00:01,02:00:00:00:00:02,0x88b5,reverse,1,558,34,202746
767,1786990919159985,l_left,4,outgoing,256,02:00:00:00:00:01,02:00:00:00:00:02,0x88b5,reverse,1,559,34,202989
768,1786990919160520,l_left,3,otherhost,256,02:00:00:00:00:02,02:00:00:00:00:01,0x88b5,forward,1,208,34,203524
769,1786990919160550,l_left,3,otherhost,256,02:00:00:00:00:02,02:00:00:00:00:01,0x88b5,forward,1,209,34,203554
770,1786990919166931,l_left,3,otherhost,256,02:00:00:00:00:02,02:00:00:00:00:01,0x88b5,forward,1,210,35,0
771,1786990919166967,l_left,3,otherhost,256,02:00:00:00:00:02,02:00:00:00:00:01,0x88b5,forward,1,211,35,36
772,1786990919167203,l_left,3,otherhost,256,02:00:00:00:00:02,02:00:00:00:00:01,0x88b5,forward,1,212,35,272
773,1786990919167450,l_left,3,otherhost,256,02:00:00:00:00:02,02:00:00:00:00:01,0x88b5,forward,1,213,35,519
774,1786990919167994,l_left,4,outgoing,256,02:00:00:00:00:01,02:00:00:00:00:02,0x88b5,reverse,1,560,35,1063
775,1786990919168019,l_left,4,outgoing,256,02:00:00:00:00:01,02:00:00:00:00:02,0x88b5,reverse,1,561,35,1088
776,1786990919368244,l_left,4,outgoing,256,02:00:00:00:00:01,02:00:00:00:00:02,0x88b5,reverse,1,562,35,201313
777,1786990919368309,l_left,4,outgoing,256,02:00:00:00:00:01,02:00:00:00:00:02,0x88b5,reverse,1,563,35,201378
778,1786990919368332,l_left,4,outgoing,256,02:00:00:00:00:01,02:00:00:00:00:02,0x88b5,reverse,1,564,35,201401
779,1786990919368350,l_left,4,outgoing,256,02:00:00:00:00:01,02:00:00:00:00:02,0x88b5,reverse,1,565,35,201419
780,1786990919368365,l_left,4,outgoing,256,02:00:00:00:00:01,02:00:00:00:00:02,0x88b5,reverse,1,566,35,201434
781,1786990919368379,l_left,4,outgoing,256,02:00:00:00:00:01,02:00:00:00:00:02,0x88b5,reverse,1,567,35,201448
782,1786990919368393,l_left,4,outgoing,256,02:00:00:00:00:01,02:00:00:00:00:02,0x88b5,reverse,1,568,35,201462
783,1786990919368457,l_left,4,outgoing,256,02:00:00:00:00:01,02:00:00:00:00:02,0x88b5,reverse,1,569,35,201526
784,1786990919368821,l_left,4,outgoing,256,02:00:00:00:00:01,02:00:00:00:00:02,0x88b5,reverse,1,570,35,201890
785,1786990919369081,l_left,4,outgoing,256,02:00:00:00:00:01,02:00:00:00:00:02,0x88b5,reverse,1,571,35,202150
786,1786990919369329,l_left,4,outgoing,256,02:00:00:00:00:01,02:00:00:00:00:02,0x88b5,reverse,1,572,35,202398
787,1786990919369588,l_left,4,outgoing,256,02:00:00:00:00:01,02:00:00:00:00:02,0x88b5,reverse,1,573,35,202657
788,1786990919369829,l_left,4,outgoing,256,02:00:00:00:00:01,02:00:00:00:00:02,0x88b5,reverse,1,574,35,202898
789,1786990919370030,l_left,4,outgoing,256,02:00:00:00:00:01,02:00:00:00:00:02,0x88b5,reverse,1,575,35,203099
790,1786990919370618,l_left,3,otherhost,256,02:00:00:00:00:02,02:00:00:00:00:01,0x88b5,forward,1,214,35,203687
791,1786990919370657,l_left,3,otherhost,256,02:00:00:00:00:02,02:00:00:00:00:01,0x88b5,forward,1,215,35,203726
792,1786990919377780,l_left,3,otherhost,256,02:00:00:00:00:02,02:00:00:00:00:01,0x88b5,forward,1,216,36,0
793,1786990919377842,l_left,3,otherhost,256,02:00:00:00:00:02,02:00:00:00:00:01,0x88b5,forward,1,217,36,62
794,1786990919377864,l_left,3,otherhost,256,02:00:00:00:00:02,02:00:00:00:00:01,0x88b5,forward,1,218,36,84
795,1786990919377881,l_left,3,otherhost,256,02:00:00:00:00:02,02:00:00:00:00:01,0x88b5,forward,1,219,36,101
796,1786990919377981,l_left,4,outgoing,256,02:00:00:00:00:01,02:00:00:00:00:02,0x88b5,reverse,1,576,36,201
797,1786990919377999,l_left,4,outgoing,256,02:00:00:00:00:01,02:00:00:00:00:02,0x88b5,reverse,1,577,36,219
798,1786990919577641,l_left,4,outgoing,256,02:00:00:00:00:01,02:00:00:00:00:02,0x88b5,reverse,1,578,36,199861
799,1786990919577702,l_left,4,outgoing,256,02:00:00:00:00:01,02:00:00:00:00:02,0x88b5,reverse,1,579,36,199922
800,1786990919577728,l_left,4,outgoing,256,02:00:00:00:00:01,02:00:00:00:00:02,0x88b5,reverse,1,580,36,199948
801,1786990919577745,l_left,4,outgoing,256,02:00:00:00:00:01,02:00:00:00:00:02,0x88b5,reverse,1,581,36,199965
802,1786990919578023,l_left,4,outgoing,256,02:00:00:00:00:01,02:00:00:00:00:02,0x88b5,reverse,1,582,36,200243
803,1786990919578062,l_left,4,outgoing,256,02:00:00:00:00:01,02:00:00:00:00:02,0x88b5,reverse,1,583,36,200282
804,1786990919578324,l_left,4,outgoing,256,02:00:00:00:00:01,02:00:00:00:00:02,0x88b5,reverse,1,584,36,200544
805,1786990919578580,l_left,4,outgoing,256,02:00:00:00:00:01,02:00:00:00:00:02,0x88b5,reverse,1,585,36,200800
806,1786990919578835,l_left,4,outgoing,256,02:00:00:00:00:01,02:00:00:00:00:02,0x88b5,reverse,1,586,36,201055
807,1786990919579077,l_left,4,outgoing,256,02:00:00:00:00:01,02:00:00:00:00:02,0x88b5,reverse,1,587,36,201297
808,1786990919579281,l_left,4,outgoing,256,02:00:00:00:00:01,02:00:00:00:00:02,0x88b5,reverse,1,588,36,201501
809,1786990919579488,l_left,4,outgoing,256,02:00:00:00:00:01,02:00:00:00:00:02,0x88b5,reverse,1,589,36,201708
810,1786990919579742,l_left,4,outgoing,256,02:00:00:00:00:01,02:00:00:00:00:02,0x88b5,reverse,1,590,36,201962
811,1786990919580034,l_left,4,outgoing,256,02:00:00:00:00:01,02:00:00:00:00:02,0x88b5,reverse,1,591,36,202254
812,1786990919581215,l_left,3,otherhost,256,02:00:00:00:00:02,02:00:00:00:00:01,0x88b5,forward,1,220,36,203435
813,1786990919581240,l_left,3,otherhost,256,02:00:00:00:00:02,02:00:00:00:00:01,0x88b5,forward,1,221,36,203460
814,1786990919586857,l_left,3,otherhost,256,02:00:00:00:00:02,02:00:00:00:00:01,0x88b5,forward,1,222,37,0
815,1786990919586922,l_left,3,otherhost,256,02:00:00:00:00:02,02:00:00:00:00:01,0x88b5,forward,1,223,37,65
816,1786990919587169,l_left,3,otherhost,256,02:00:00:00:00:02,02:00:00:00:00:01,0x88b5,forward,1,224,37,312
817,1786990919587418,l_left,3,otherhost,256,02:00:00:00:00:02,02:00:00:00:00:01,0x88b5,forward,1,225,37,561
818,1786990919587963,l_left,4,outgoing,256,02:00:00:00:00:01,02:00:00:00:00:02,0x88b5,reverse,1,592,37,1106
819,1786990919587986,l_left,4,outgoing,256,02:00:00:00:00:01,02:00:00:00:00:02,0x88b5,reverse,1,593,37,1129
820,1786990919788161,l_left,4,outgoing,256,02:00:00:00:00:01,02:00:00:00:00:02,0x88b5,reverse,1,594,37,201304
821,1786990919788219,l_left,4,outgoing,256,02:00:00:00:00:01,02:00:00:00:00:02,0x88b5,reverse,1,595,37,201362
822,1786990919788238,l_left,4,outgoing,256,02:00:00:00:00:01,02:00:00:00:00:02,0x88b5,reverse,1,596,37,201381
823,1786990919788254,l_left,4,outgoing,256,02:00:00:00:00:01,02:00:00:00:00:02,0x88b5,reverse,1,597,37,201397
824,1786990919788269,l_left,4,outgoing,256,02:00:00:00:00:01,02:00:00:00:00:02,0x88b5,reverse,1,598,37,201412
825,1786990919788283,l_left,4,outgoing,256,02:00:00:00:00:01,02:00:00:00:00:02,0x88b5,reverse,1,599,37,201426
826,1786990919788601,l_left,4,outgoing,256,02:00:00:00:00:01,02:00:00:00:00:02,0x88b5,reverse,1,600,37,201744
827,1786990919788646,l_left,4,outgoing,256,02:00:00:00:00:01,02:00:00:00:00:02,0x88b5,reverse,1,601,37,201789
828,1786990919788757,l_left,4,outgoing,256,02:00:00:00:00:01,02:00:00:00:00:02,0x88b5,reverse,1,602,37,201900
829,1786990919789073,l_left,4,outgoing,256,02:00:00:00:00:01,02:00:00:00:00:02,0x88b5,reverse,1,603,37,202216
830,1786990919789325,l_left,4,outgoing,256,02:00:00:00:00:01,02:00:00:00:00:02,0x88b5,reverse,1,604,37,202468
831,1786990919789586,l_left,4,outgoing,256,02:00:00:00:00:01,02:00:00:00:00:02,0x88b5,reverse,1,605,37,202729
832,1786990919789836,l_left,4,outgoing,256,02:00:00:00:00:01,02:00:00:00:00:02,0x88b5,reverse,1,606,37,202979
833,1786990919790084,l_left,4,outgoing,256,02:00:00:00:00:01,02:00:00:00:00:02,0x88b5,reverse,1,607,37,203227
834,1786990919790546,l_left,3,otherhost,256,02:00:00:00:00:02,02:00:00:00:00:01,0x88b5,forward,1,226,37,203689
835,1786990919790572,l_left,3,otherhost,256,02:00:00:00:00:02,02:00:00:00:00:01,0x88b5,forward,1,227,37,203715
836,1786990919797684,l_left,3,otherhost,256,02:00:00:00:00:02,02:00:00:00:00:01,0x88b5,forward,1,228,38,0
837,1786990919797758,l_left,3,otherhost,256,02:00:00:00:00:02,02:00:00:00:00:01,0x88b5,forward,1,229,38,74
838,1786990919797781,l_left,3,otherhost,256,02:00:00:00:00:02,02:00:00:00:00:01,0x88b5,forward,1,230,38,97
839,1786990919797798,l_left,3,otherhost,256,02:00:00:00:00:02,02:00:00:00:00:01,0x88b5,forward,1,231,38,114
840,1786990919798019,l_left,4,outgoing,256,02:00:00:00:00:01,02:00:00:00:00:02,0x88b5,reverse,1,608,38,335
841,1786990919798068,l_left,4,outgoing,256,02:00:00:00:00:01,02:00:00:00:00:02,0x88b5,reverse,1,609,38,384
842,1786990919997928,l_left,4,outgoing,256,02:00:00:00:00:01,02:00:00:00:00:02,0x88b5,reverse,1,610,38,200244
843,1786990919997995,l_left,4,outgoing,256,02:00:00:00:00:01,02:00:00:00:00:02,0x88b5,reverse,1,611,38,200311
844,1786990919998017,l_left,4,outgoing,256,02:00:00:00:00:01,02:00:00:00:00:02,0x88b5,reverse,1,612,38,200333
845,1786990919998035,l_left,4,outgoing,256,02:00:00:00:00:01,02:00:00:00:00:02,0x88b5,reverse,1,613,38,200351
846,1786990919998052,l_left,4,outgoing,256,02:00:00:00:00:01,02:00:00:00:00:02,0x88b5,reverse,1,614,38,200368
847,1786990919998072,l_left,4,outgoing,256,02:00:00:00:00:01,02:00:00:00:00:02,0x88b5,reverse,1,615,38,200388
848,1786990919998324,l_left,4,outgoing,256,02:00:00:00:00:01,02:00:00:00:00:02,0x88b5,reverse,1,616,38,200640
849,1786990919998573,l_left,4,outgoing,256,02:00:00:00:00:01,02:00:00:00:00:02,0x88b5,reverse,1,617,38,200889
850,1786990919998829,l_left,4,outgoing,256,02:00:00:00:00:01,02:00:00:00:00:02,0x88b5,reverse,1,618,38,201145
851,1786990919999074,l_left,4,outgoing,256,02:00:00:00:00:01,02:00:00:00:00:02,0x88b5,reverse,1,619,38,201390
852,1786990919999331,l_left,4,outgoing,256,02:00:00:00:00:01,02:00:00:00:00:02,0x88b5,reverse,1,620,38,201647
853,1786990919999581,l_left,4,outgoing,256,02:00:00:00:00:01,02:00:00:00:00:02,0x88b5,reverse,1,621,38,201897
854,1786990919999803,l_left,4,outgoing,256,02:00:00:00:00:01,02:00:00:00:00:02,0x88b5,reverse,1,622,38,202119
855,1786990920000033,l_left,4,outgoing,256,02:00:00:00:00:01,02:00:00:00:00:02,0x88b5,reverse,1,623,38,202349
856,1786990920000572,l_left,3,otherhost,256,02:00:00:00:00:02,02:00:00:00:00:01,0x88b5,forward,1,232,38,202888
857,1786990920000610,l_left,3,otherhost,256,02:00:00:00:00:02,02:00:00:00:00:01,0x88b5,forward,1,233,38,202926
858,1786990920006926,l_left,3,otherhost,256,02:00:00:00:00:02,02:00:00:00:00:01,0x88b5,forward,1,234,39,0
859,1786990920006962,l_left,3,otherhost,256,02:00:00:00:00:02,02:00:00:00:00:01,0x88b5,forward,1,235,39,36
860,1786990920007197,l_left,3,otherhost,256,02:00:00:00:00:02,02:00:00:00:00:01,0x88b5,forward,1,236,39,271
861,1786990920007447,l_left,3,otherhost,256,02:00:00:00:00:02,02:00:00:00:00:01,0x88b5,forward,1,237,39,521
862,1786990920007938,l_left,4,outgoing,256,02:00:00:00:00:01,02:00:00:00:00:02,0x88b5,reverse,1,624,39,1012
863,1786990920007963,l_left,4,outgoing,256,02:00:00:00:00:01,02:00:00:00:00:02,0x88b5,reverse,1,625,39,1037
864,1786990920208283,l_left,4,outgoing,256,02:00:00:00:00:01,02:00:00:00:00:02,0x88b5,reverse,1,626,39,201357
865,1786990920208348,l_left,4,outgoing,256,02:00:00:00:00:01,02:00:00:00:00:02,0x88b5,reverse,1,627,39,201422
866,1786990920208371,l_left,4,outgoing,256,02:00:00:00:00:01,02:00:00:00:00:02,0x88b5,reverse,1,628,39,201445
867,1786990920208411,l_left,4,outgoing,256,02:00:00:00:00:01,02:00:00:00:00:02,0x88b5,reverse,1,629,39,201485
868,1786990920208427,l_left,4,outgoing,256,02:00:00:00:00:01,02:00:00:00:00:02,0x88b5,reverse,1,630,39,201501
869,1786990920208441,l_left,4,outgoing,256,02:00:00:00:00:01,02:00:00:00:00:02,0x88b5,reverse,1,631,39,201515
870,1786990920208455,l_left,4,outgoing,256,02:00:00:00:00:01,02:00:00:00:00:02,0x88b5,reverse,1,632,39,201529
871,1786990920208469,l_left,4,outgoing,256,02:00:00:00:00:01,02:00:00:00:00:02,0x88b5,reverse,1,633,39,201543
872,1786990920208823,l_left,4,outgoing,256,02:00:00:00:00:01,02:00:00:00:00:02,0x88b5,reverse,1,634,39,201897
873,1786990920209089,l_left,4,outgoing,256,02:00:00:00:00:01,02:00:00:00:00:02,0x88b5,reverse,1,635,39,202163
874,1786990920209285,l_left,4,outgoing,256,02:00:00:00:00:01,02:00:00:00:00:02,0x88b5,reverse,1,636,39,202359
875,1786990920209585,l_left,4,outgoing,256,02:00:00:00:00:01,02:00:00:00:00:02,0x88b5,reverse,1,637,39,202659
876,1786990920209838,l_left,4,outgoing,256,02:00:00:00:00:01,02:00:00:00:00:02,0x88b5,reverse,1,638,39,202912
877,1786990920210078,l_left,4,outgoing,256,02:00:00:00:00:01,02:00:00:00:00:02,0x88b5,reverse,1,639,39,203152
878,1786990920210399,l_left,3,otherhost,256,02:00:00:00:00:02,02:00:00:00:00:01,0x88b5,forward,1,238,39,203473
879,1786990920210437,l_left,3,otherhost,256,02:00:00:00:00:02,02:00:00:00:00:01,0x88b5,forward,1,239,39,203511
880,1786990920217358,l_left,3,otherhost,256,02:00:00:00:00:02,02:00:00:00:00:01,0x88b5,forward,1,240,40,0
881,1786990920217400,l_left,3,otherhost,256,02:00:00:00:00:02,02:00:00:00:00:01,0x88b5,forward,1,241,40,42
882,1786990920217422,l_left,3,otherhost,256,02:00:00:00:00:02,02:00:00:00:00:01,0x88b5,forward,1,242,40,64
883,1786990920217439,l_left,3,otherhost,256,02:00:00:00:00:02,02:00:00:00:00:01,0x88b5,forward,1,243,40,81
884,1786990920218062,l_left,4,outgoing,256,02:00:00:00:00:01,02:00:00:00:00:02,0x88b5,reverse,1,640,40,704
885,1786990920218103,l_left,4,outgoing,256,02:00:00:00:00:01,02:00:00:00:00:02,0x88b5,reverse,1,641,40,745
886,1786990920417820,l_left,4,outgoing,256,02:00:00:00:00:01,02:00:00:00:00:02,0x88b5,reverse,1,642,40,200462
887,1786990920417885,l_left,4,outgoing,256,02:00:00:00:00:01,02:00:00:00:00:02,0x88b5,reverse,1,643,40,200527
888,1786990920417932,l_left,4,outgoing,256,02:00:00:00:00:01,02:00:00:00:00:02,0x88b5,reverse,1,644,40,200574
889,1786990920417951,l_left,4,outgoing,256,02:00:00:00:00:01,02:00:00:00:00:02,0x88b5,reverse,1,645,40,200593
890,1786990920417967,l_left,4,outgoing,256,02:00:00:00:00:01,02:00:00:00:00:02,0x88b5,reverse,1,646,40,200609
891,1786990920417982,l_left,4,outgoing,256,02:00:00:00:00:01,02:00:00:00:00:02,0x88b5,reverse,1,647,40,200624
892,1786990920418321,l_left,4,outgoing,256,02:00:00:00:00:01,02:00:00:00:00:02,0x88b5,reverse,1,648,40,200963
893,1786990920418565,l_left,4,outgoing,256,02:00:00:00:00:01,02:00:00:00:00:02,0x88b5,reverse,1,649,40,201207
894,1786990920418846,l_left,4,outgoing,256,02:00:00:00:00:01,02:00:00:00:00:02,0x88b5,reverse,1,650,40,201488
895,1786990920419056,l_left,4,outgoing,256,02:00:00:00:00:01,02:00:00:00:00:02,0x88b5,reverse,1,651,40,201698
896,1786990920419273,l_left,4,outgoing,256,02:00:00:00:00:01,02:00:00:00:00:02,0x88b5,reverse,1,652,40,201915
897,1786990920419487,l_left,4,outgoing,256,02:00:00:00:00:01,02:00:00:00:00:02,0x88b5,reverse,1,653,40,202129
898,1786990920419737,l_left,4,outgoing,256,02:00:00:00:00:01,02:00:00:00:00:02,0x88b5,reverse,1,654,40,202379
899,1786990920419983,l_left,4,outgoing,256,02:00:00:00:00:01,02:00:00:00:00:02,0x88b5,reverse,1,655,40,202625
900,1786990920420520,l_left,3,otherhost,256,02:00:00:00:00:02,02:00:00:00:00:01,0x88b5,forward,1,244,40,203162
901,1786990920420538,l_left,3,otherhost,256,02:00:00:00:00:02,02:00:00:00:00:01,0x88b5,forward,1,245,40,203180
902,1786990920426850,l_left,3,otherhost,256,02:00:00:00:00:02,02:00:00:00:00:01,0x88b5,forward,1,246,41,0
903,1786990920426915,l_left,3,otherhost,256,02:00:00:00:00:02,02:00:00:00:00:01,0x88b5,forward,1,247,41,65
904,1786990920427179,l_left,3,otherhost,256,02:00:00:00:00:02,02:00:00:00:00:01,0x88b5,forward,1,248,41,329
905,1786990920427429,l_left,3,otherhost,256,02:00:00:00:00:02,02:00:00:00:00:01,0x88b5,forward,1,249,41,579
906,1786990920427770,l_left,4,outgoing,256,02:00:00:00:00:01,02:00:00:00:00:02,0x88b5,reverse,1,656,41,920
907,1786990920427929,l_left,4,outgoing,256,02:00:00:00:00:01,02:00:00:00:00:02,0x88b5,reverse,1,657,41,1079
908,1786990920627819,l_left,4,outgoing,256,02:00:00:00:00:01,02:00:00:00:00:02,0x88b5,reverse,1,658,41,200969
909,1786990920627885,l_left,4,outgoing,256,02:00:00:00:00:01,02:00:00:00:00:02,0x88b5,reverse,1,659,41,201035
910,1786990920627908,l_left,4,outgoing,256,02:00:00:00:00:01,02:00:00:00:00:02,0x88b5,reverse,1,660,41,201058
911,1786990920627932,l_left,4,outgoing,256,02:00:00:00:00:01,02:00:00:00:00:02,0x88b5,reverse,1,661,41,201082
912,1786990920627948,l_left,4,outgoing,256,02:00:00:00:00:01,02:00:00:00:00:02,0x88b5,reverse,1,662,41,201098
913,1786990920627962,l_left,4,outgoing,256,02:00:00:00:00:01,02:00:00:00:00:02,0x88b5,reverse,1,663,41,201112
914,1786990920628262,l_left,4,outgoing,256,02:00:00:00:00:01,02:00:00:00:00:02,0x88b5,reverse,1,664,41,201412
915,1786990920628580,l_left,4,outgoing,256,02:00:00:00:00:01,02:00:00:00:00:02,0x88b5,reverse,1,665,41,201730
916,1786990920628830,l_left,4,outgoing,256,02:00:00:00:00:01,02:00:00:00:00:02,0x88b5,reverse,1,666,41,201980
917,1786990920629077,l_left,4,outgoing,256,02:00:00:00:00:01,02:00:00:00:00:02,0x88b5,reverse,1,667,41,202227
918,1786990920629311,l_left,4,outgoing,256,02:00:00:00:00:01,02:00:00:00:00:02,0x88b5,reverse,1,668,41,202461
919,1786990920629574,l_left,4,outgoing,256,02:00:00:00:00:01,02:00:00:00:00:02,0x88b5,reverse,1,669,41,202724
920,1786990920629796,l_left,4,outgoing,256,02:00:00:00:00:01,02:00:00:00:00:02,0x88b5,reverse,1,670,41,202946
921,1786990920630031,l_left,4,outgoing,256,02:00:00:00:00:01,02:00:00:00:00:02,0x88b5,reverse,1,671,41,203181
922,1786990920630403,l_left,3,otherhost,256,02:00:00:00:00:02,02:00:00:00:00:01,0x88b5,forward,1,250,41,203553
923,1786990920630423,l_left,3,otherhost,256,02:00:00:00:00:02,02:00:00:00:00:01,0x88b5,forward,1,251,41,203573
924,1786990920636915,l_left,3,otherhost,256,02:00:00:00:00:02,02:00:00:00:00:01,0x88b5,forward,1,252,42,0
925,1786990920636937,l_left,3,otherhost,256,02:00:00:00:00:02,02:00:00:00:00:01,0x88b5,forward,1,253,42,22
926,1786990920637193,l_left,3,otherhost,256,02:00:00:00:00:02,02:00:00:00:00:01,0x88b5,forward,1,254,42,278
927,1786990920637445,l_left,3,otherhost,256,02:00:00:00:00:02,02:00:00:00:00:01,0x88b5,forward,1,255,42,530
928,1786990920637925,l_left,4,outgoing,256,02:00:00:00:00:01,02:00:00:00:00:02,0x88b5,reverse,1,672,42,1010
929,1786990920637958,l_left,4,outgoing,256,02:00:00:00:00:01,02:00:00:00:00:02,0x88b5,reverse,1,673,42,1043
930,1786990920838199,l_left,4,outgoing,256,02:00:00:00:00:01,02:00:00:00:00:02,0x88b5,reverse,1,674,42,201284
931,1786990920838263,l_left,4,outgoing,256,02:00:00:00:00:01,02:00:00:00:00:02,0x88b5,reverse,1,675,42,201348
932,1786990920838286,l_left,4,outgoing,256,02:00:00:00:00:01,02:00:00:00:00:02,0x88b5,reverse,1,676,42,201371
933,1786990920838303,l_left,4,outgoing,256,02:00:00:00:00:01,02:00:00:00:00:02,0x88b5,reverse,1,677,42,201388
934,1786990920838318,l_left,4,outgoing,256,02:00:00:00:00:01,02:00:00:00:00:02,0x88b5,reverse,1,678,42,201403
935,1786990920838349,l_left,4,outgoing,256,02:00:00:00:00:01,02:00:00:00:00:02,0x88b5,reverse,1,679,42,201434
936,1786990920838366,l_left,4,outgoing,256,02:00:00:00:00:01,02:00:00:00:00:02,0x88b5,reverse,1,680,42,201451
937,1786990920838581,l_left,4,outgoing,256,02:00:00:00:00:01,02:00:00:00:00:02,0x88b5,reverse,1,681,42,201666
938,1786990920838833,l_left,4,outgoing,256,02:00:00:00:00:01,02:00:00:00:00:02,0x88b5,reverse,1,682,42,201918
939,1786990920839078,l_left,4,outgoing,256,02:00:00:00:00:01,02:00:00:00:00:02,0x88b5,reverse,1,683,42,202163
940,1786990920839326,l_left,4,outgoing,256,02:00:00:00:00:01,02:00:00:00:00:02,0x88b5,reverse,1,684,42,202411
941,1786990920839573,l_left,4,outgoing,256,02:00:00:00:00:01,02:00:00:00:00:02,0x88b5,reverse,1,685,42,202658
942,1786990920839826,l_left,4,outgoing,256,02:00:00:00:00:01,02:00:00:00:00:02,0x88b5,reverse,1,686,42,202911
943,1786990920840073,l_left,4,outgoing,256,02:00:00:00:00:01,02:00:00:00:00:02,0x88b5,reverse,1,687,42,203158
944,1786990920840576,l_left,3,otherhost,256,02:00:00:00:00:02,02:00:00:00:00:01,0x88b5,forward,1,256,42,203661
945,1786990920840614,l_left,3,otherhost,256,02:00:00:00:00:02,02:00:00:00:00:01,0x88b5,forward,1,257,42,203699
946,1786990920846935,l_left,3,otherhost,256,02:00:00:00:00:02,02:00:00:00:00:01,0x88b5,forward,1,258,43,0
947,1786990920846980,l_left,3,otherhost,256,02:00:00:00:00:02,02:00:00:00:00:01,0x88b5,forward,1,259,43,45
948,1786990920847224,l_left,3,otherhost,256,02:00:00:00:00:02,02:00:00:00:00:01,0x88b5,forward,1,260,43,289
949,1786990920847455,l_left,3,otherhost,256,02:00:00:00:00:02,02:00:00:00:00:01,0x88b5,forward,1,261,43,520
950,1786990920848033,l_left,4,outgoing,256,02:00:00:00:00:01,02:00:00:00:00:02,0x88b5,reverse,1,688,43,1098
951,1786990920848060,l_left,4,outgoing,256,02:00:00:00:00:01,02:00:00:00:00:02,0x88b5,reverse,1,689,43,1125
952,1786990921048043,l_left,4,outgoing,256,02:00:00:00:00:01,02:00:00:00:00:02,0x88b5,reverse,1,690,43,201108
953,1786990921048109,l_left,4,outgoing,256,02:00:00:00:00:01,02:00:00:00:00:02,0x88b5,reverse,1,691,43,201174
954,1786990921048132,l_left,4,outgoing,256,02:00:00:00:00:01,02:00:00:00:00:02,0x88b5,reverse,1,692,43,201197
955,1786990921048149,l_left,4,outgoing,256,02:00:00:00:00:01,02:00:00:00:00:02,0x88b5,reverse,1,693,43,201214
956,1786990921048165,l_left,4,outgoing,256,02:00:00:00:00:01,02:00:00:00:00:02,0x88b5,reverse,1,694,43,201230
957,1786990921048180,l_left,4,outgoing,256,02:00:00:00:00:01,02:00:00:00:00:02,0x88b5,reverse,1,695,43,201245
958,1786990921048205,l_left,4,outgoing,256,02:00:00:00:00:01,02:00:00:00:00:02,0x88b5,reverse,1,696,43,201270
959,1786990921048562,l_left,4,outgoing,256,02:00:00:00:00:01,02:00:00:00:00:02,0x88b5,reverse,1,697,43,201627
960,1786990921048833,l_left,4,outgoing,256,02:00:00:00:00:01,02:00:00:00:00:02,0x88b5,reverse,1,698,43,201898
961,1786990921049077,l_left,4,outgoing,256,02:00:00:00:00:01,02:00:00:00:00:02,0x88b5,reverse,1,699,43,202142
962,1786990921049339,l_left,4,outgoing,256,02:00:00:00:00:01,02:00:00:00:00:02,0x88b5,reverse,1,700,43,202404
963,1786990921049591,l_left,4,outgoing,256,02:00:00:00:00:01,02:00:00:00:00:02,0x88b5,reverse,1,701,43,202656
964,1786990921049844,l_left,4,outgoing,256,02:00:00:00:00:01,02:00:00:00:00:02,0x88b5,reverse,1,702,43,202909
965,1786990921050034,l_left,4,outgoing,256,02:00:00:00:00:01,02:00:00:00:00:02,0x88b5,reverse,1,703,43,203099
966,1786990921050434,l_left,3,otherhost,256,02:00:00:00:00:02,02:00:00:00:00:01,0x88b5,forward,1,262,43,203499
967,1786990921050461,l_left,3,otherhost,256,02:00:00:00:00:02,02:00:00:00:00:01,0x88b5,forward,1,263,43,203526
968,1786990921057252,l_left,3,otherhost,256,02:00:00:00:00:02,02:00:00:00:00:01,0x88b5,forward,1,264,44,0
969,1786990921057288,l_left,3,otherhost,256,02:00:00:00:00:02,02:00:00:00:00:01,0x88b5,forward,1,265,44,36
970,1786990921057309,l_left,3,otherhost,256,02:00:00:00:00:02,02:00:00:00:00:01,0x88b5,forward,1,266,44,57
971,1786990921057446,l_left,3,otherhost,256,02:00:00:00:00:02,02:00:00:00:00:01,0x88b5,forward,1,267,44,194
972,1786990921058070,l_left,4,outgoing,256,02:00:00:00:00:01,02:00:00:00:00:02,0x88b5,reverse,1,704,44,818
973,1786990921058113,l_left,4,outgoing,256,02:00:00:00:00:01,02:00:00:00:00:02,0x88b5,reverse,1,705,44,861
974,1786990921258257,l_left,4,outgoing,256,02:00:00:00:00:01,02:00:00:00:00:02,0x88b5,reverse,1,706,44,201005
975,1786990921258322,l_left,4,outgoing,256,02:00:00:00:00:01,02:00:00:00:00:02,0x88b5,reverse,1,707,44,201070
976,1786990921258355,l_left,4,outgoing,256,02:00:00:00:00:01,02:00:00:00:00:02,0x88b5,reverse,1,708,44,201103
977,1786990921258373,l_left,4,outgoing,256,02:00:00:00:00:01,02:00:00:00:00:02,0x88b5,reverse,1,709,44,201121
978,1786990921258389,l_left,4,outgoing,256,02:00:00:00:00:01,02:00:00:00:00:02,0x88b5,reverse,1,710,44,201137
979,1786990921258405,l_left,4,outgoing,256,02:00:00:00:00:01,02:00:00:00:00:02,0x88b5,reverse,1,711,44,201153
980,1786990921258419,l_left,4,outgoing,256,02:00:00:00:00:01,02:00:00:00:00:02,0x88b5,reverse,1,712,44,201167
981,1786990921258457,l_left,4,outgoing,256,02:00:00:00:00:01,02:00:00:00:00:02,0x88b5,reverse,1,713,44,201205
982,1786990921258822,l_left,4,outgoing,256,02:00:00:00:00:01,02:00:00:00:00:02,0x88b5,reverse,1,714,44,201570
983,1786990921259078,l_left,4,outgoing,256,02:00:00:00:00:01,02:00:00:00:00:02,0x88b5,reverse,1,715,44,201826
984,1786990921259323,l_left,4,outgoing,256,02:00:00:00:00:01,02:00:00:00:00:02,0x88b5,reverse,1,716,44,202071
985,1786990921259631,l_left,4,outgoing,256,02:00:00:00:00:01,02:00:00:00:00:02,0x88b5,reverse,1,717,44,202379
986,1786990921259829,l_left,4,outgoing,256,02:00:00:00:00:01,02:00:00:00:00:02,0x88b5,reverse,1,718,44,202577
987,1786990921260035,l_left,4,outgoing,256,02:00:00:00:00:01,02:00:00:00:00:02,0x88b5,reverse,1,719,44,202783
988,1786990921260360,l_left,3,otherhost,256,02:00:00:00:00:02,02:00:00:00:00:01,0x88b5,forward,1,268,44,203108
989,1786990921260386,l_left,3,otherhost,256,02:00:00:00:00:02,02:00:00:00:00:01,0x88b5,forward,1,269,44,203134
990,1786990921267080,l_left,3,otherhost,256,02:00:00:00:00:02,02:00:00:00:00:01,0x88b5,forward,1,270,45,0
991,1786990921267124,l_left,3,otherhost,256,02:00:00:00:00:02,02:00:00:00:00:01,0x88b5,forward,1,271,45,44
992,1786990921267211,l_left,3,otherhost,256,02:00:00:00:00:02,02:00:00:00:00:01,0x88b5,forward,1,272,45,131
993,1786990921267445,l_left,3,otherhost,256,02:00:00:00:00:02,02:00:00:00:00:01,0x88b5,forward,1,273,45,365
994,1786990921268041,l_left,4,outgoing,256,02:00:00:00:00:01,02:00:00:00:00:02,0x88b5,reverse,1,720,45,961
995,1786990921268082,l_left,4,outgoing,256,02:00:00:00:00:01,02:00:00:00:00:02,0x88b5,reverse,1,721,45,1002
996,1786990921467768,l_left,4,outgoing,256,02:00:00:00:00:01,02:00:00:00:00:02,0x88b5,reverse,1,722,45,200688
997,1786990921467831,l_left,4,outgoing,256,02:00:00:00:00:01,02:00:00:00:00:02,0x88b5,reverse,1,723,45,200751
998,1786990921467853,l_left,4,outgoing,256,02:00:00:00:00:01,02:00:00:00:00:02,0x88b5,reverse,1,724,45,200773
999,1786990921467870,l_left,4,outgoing,256,02:00:00:00:00:01,02:00:00:00:00:02,0x88b5,reverse,1,725,45,200790
1000,1786990921467911,l_left,4,outgoing,256,02:00:00:00:00:01,02:00:00:00:00:02,0x88b5,reverse,1,726,45,200831
1001,1786990921468126,l_left,4,outgoing,256,02:00:00:00:00:01,02:00:00:00:00:02,0x88b5,reverse,1,727,45,201046
1002,1786990921468284,l_left,4,outgoing,256,02:00:00:00:00:01,02:00:00:00:00:02,0x88b5,reverse,1,728,45,201204
1003,1786990921468563,l_left,4,outgoing,256,02:00:00:00:00:01,02:00:00:00:00:02,0x88b5,reverse,1,729,45,201483
1004,1786990921468813,l_left,4,outgoing,256,02:00:00:00:00:01,02:00:00:00:00:02,0x88b5,reverse,1,730,45,201733
1005,1786990921469063,l_left,4,outgoing,256,02:00:00:00:00:01,02:00:00:00:00:02,0x88b5,reverse,1,731,45,201983
1006,1786990921469321,l_left,4,outgoing,256,02:00:00:00:00:01,02:00:00:00:00:02,0x88b5,reverse,1,732,45,202241
1007,1786990921469565,l_left,4,outgoing,256,02:00:00:00:00:01,02:00:00:00:00:02,0x88b5,reverse,1,733,45,202485
1008,1786990921469810,l_left,4,outgoing,256,02:00:00:00:00:01,02:00:00:00:00:02,0x88b5,reverse,1,734,45,202730
1009,1786990921469966,l_left,4,outgoing,256,02:00:00:00:00:01,02:00:00:00:00:02,0x88b5,reverse,1,735,45,202886
1010,1786990921470352,l_left,3,otherhost,256,02:00:00:00:00:02,02:00:00:00:00:01,0x88b5,forward,1,274,45,203272
1011,1786990921470425,l_left,3,otherhost,256,02:00:00:00:00:02,02:00:00:00:00:01,0x88b5,forward,1,275,45,203345
1012,1786990921476914,l_left,3,otherhost,256,02:00:00:00:00:02,02:00:00:00:00:01,0x88b5,forward,1,276,46,0
1013,1786990921476940,l_left,3,otherhost,256,02:00:00:00:00:02,02:00:00:00:00:01,0x88b5,forward,1,277,46,26
1014,1786990921477190,l_left,3,otherhost,256,02:00:00:00:00:02,02:00:00:00:00:01,0x88b5,forward,1,278,46,276
1015,1786990921477445,l_left,3,otherhost,256,02:00:00:00:00:02,02:00:00:00:00:01,0x88b5,forward,1,279,46,531
1016,1786990921478026,l_left,4,outgoing,256,02:00:00:00:00:01,02:00:00:00:00:02,0x88b5,reverse,1,736,46,1112
1017,1786990921478047,l_left,4,outgoing,256,02:00:00:00:00:01,02:00:00:00:00:02,0x88b5,reverse,1,737,46,1133
1018,1786990921678351,l_left,4,outgoing,256,02:00:00:00:00:01,02:00:00:00:00:02,0x88b5,reverse,1,738,46,201437
1019,1786990921678417,l_left,4,outgoing,256,02:00:00:00:00:01,02:00:00:00:00:02,0x88b5,reverse,1,739,46,201503
1020,1786990921678440,l_left,4,outgoing,256,02:00:00:00:00:01,02:00:00:00:00:02,0x88b5,reverse,1,740,46,201526
1021,1786990921678457,l_left,4,outgoing,256,02:00:00:00:00:01,02:00:00:00:00:02,0x88b5,reverse,1,741,46,201543
1022,1786990921678472,l_left,4,outgoing,256,02:00:00:00:00:01,02:00:00:00:00:02,0x88b5,reverse,1,742,46,201558
1023,1786990921678489,l_left,4,outgoing,256,02:00:00:00:00:01,02:00:00:00:00:02,0x88b5,reverse,1,743,46,201575
1024,1786990921678507,l_left,4,outgoing,256,02:00:00:00:00:01,02:00:00:00:00:02,0x88b5,reverse,1,744,46,201593
1025,1786990921678524,l_left,4,outgoing,256,02:00:00:00:00:01,02:00:00:00:00:02,0x88b5,reverse,1,745,46,201610
1026,1786990921678822,l_left,4,outgoing,256,02:00:00:00:00:01,02:00:00:00:00:02,0x88b5,reverse,1,746,46,201908
1027,1786990921679084,l_left,4,outgoing,256,02:00:00:00:00:01,02:00:00:00:00:02,0x88b5,reverse,1,747,46,202170
1028,1786990921679337,l_left,4,outgoing,256,02:00:00:00:00:01,02:00:00:00:00:02,0x88b5,reverse,1,748,46,202423
1029,1786990921679581,l_left,4,outgoing,256,02:00:00:00:00:01,02:00:00:00:00:02,0x88b5,reverse,1,749,46,202667
1030,1786990921679824,l_left,4,outgoing,256,02:00:00:00:00:01,02:00:00:00:00:02,0x88b5,reverse,1,750,46,202910
1031,1786990921680077,l_left,4,outgoing,256,02:00:00:00:00:01,02:00:00:00:00:02,0x88b5,reverse,1,751,46,203163
1032,1786990921680436,l_left,3,otherhost,256,02:00:00:00:00:02,02:00:00:00:00:01,0x88b5,forward,1,280,46,203522
1033,1786990921680474,l_left,3,otherhost,256,02:00:00:00:00:02,02:00:00:00:00:01,0x88b5,forward,1,281,46,203560
1034,1786990921687022,l_left,3,otherhost,256,02:00:00:00:00:02,02:00:00:00:00:01,0x88b5,forward,1,282,47,0
1035,1786990921687058,l_left,3,otherhost,256,02:00:00:00:00:02,02:00:00:00:00:01,0x88b5,forward,1,283,47,36
1036,1786990921687198,l_left,3,otherhost,256,02:00:00:00:00:02,02:00:00:00:00:01,0x88b5,forward,1,284,47,176
1037,1786990921687446,l_left,3,otherhost,256,02:00:00:00:00:02,02:00:00:00:00:01,0x88b5,forward,1,285,47,424
1038,1786990921687925,l_left,4,outgoing,256,02:00:00:00:00:01,02:00:00:00:00:02,0x88b5,reverse,1,752,47,903
1039,1786990921687955,l_left,4,outgoing,256,02:00:00:00:00:01,02:00:00:00:00:02,0x88b5,reverse,1,753,47,933
1040,1786990921888227,l_left,4,outgoing,256,02:00:00:00:00:01,02:00:00:00:00:02,0x88b5,reverse,1,754,47,201205
1041,1786990921888290,l_left,4,outgoing,256,02:00:00:00:00:01,02:00:00:00:00:02,0x88b5,reverse,1,755,47,201268
1042,1786990921888317,l_left,4,outgoing,256,02:00:00:00:00:01,02:00:00:00:00:02,0x88b5,reverse,1,756,47,201295
1043,1786990921888336,l_left,4,outgoing,256,02:00:00:00:00:01,02:00:00:00:00:02,0x88b5,reverse,1,757,47,201314
1044,1786990921888352,l_left,4,outgoing,256,02:00:00:00:00:01,02:00:00:00:00:02,0x88b5,reverse,1,758,47,201330
1045,1786990921888369,l_left,4,outgoing,256,02:00:00:00:00:01,02:00:00:00:00:02,0x88b5,reverse,1,759,47,201347
1046,1786990921888390,l_left,4,outgoing,256,02:00:00:00:00:01,02:00:00:00:00:02,0x88b5,reverse,1,760,47,201368
1047,1786990921888654,l_left,4,outgoing,256,02:00:00:00:00:01,02:00:00:00:00:02,0x88b5,reverse,1,761,47,201632
1048,1786990921888820,l_left,4,outgoing,256,02:00:00:00:00:01,02:00:00:00:00:02,0x88b5,reverse,1,762,47,201798
1049,1786990921889076,l_left,4,outgoing,256,02:00:00:00:00:01,02:00:00:00:00:02,0x88b5,reverse,1,763,47,202054
1050,1786990921889334,l_left,4,outgoing,256,02:00:00:00:00:01,02:00:00:00:00:02,0x88b5,reverse,1,764,47,202312
1051,1786990921889580,l_left,4,outgoing,256,02:00:00:00:00:01,02:00:00:00:00:02,0x88b5,reverse,1,765,47,202558
1052,1786990921889827,l_left,4,outgoing,256,02:00:00:00:00:01,02:00:00:00:00:02,0x88b5,reverse,1,766,47,202805
1053,1786990921890078,l_left,4,outgoing,256,02:00:00:00:00:01,02:00:00:00:00:02,0x88b5,reverse,1,767,47,203056
1054,1786990921890585,l_left,3,otherhost,256,02:00:00:00:00:02,02:00:00:00:00:01,0x88b5,forward,1,286,47,203563
1055,1786990921890611,l_left,3,otherhost,256,02:00:00:00:00:02,02:00:00:00:00:01,0x88b5,forward,1,287,47,203589
1056,1786990921896937,l_left,3,otherhost,256,02:00:00:00:00:02,02:00:00:00:00:01,0x88b5,forward,1,288,48,0
1057,1786990921896959,l_left,3,otherhost,256,02:00:00:00:00:02,02:00:00:00:00:01,0x88b5,forward,1,289,48,22
1058,1786990921897466,l_left,3,otherhost,256,02:00:00:00:00:02,02:00:00:00:00:01,0x88b5,forward,1,290,48,529
1059,1786990921897503,l_left,3,otherhost,256,02:00:00:00:00:02,02:00:00:00:00:01,0x88b5,forward,1,291,48,566
1060,1786990921898093,l_left,4,outgoing,256,02:00:00:00:00:01,02:00:00:00:00:02,0x88b5,reverse,1,768,48,1156
1061,1786990921898129,l_left,4,outgoing,256,02:00:00:00:00:01,02:00:00:00:00:02,0x88b5,reverse,1,769,48,1192
1062,1786990922098056,l_left,4,outgoing,256,02:00:00:00:00:01,02:00:00:00:00:02,0x88b5,reverse,1,770,48,201119
1063,1786990922098112,l_left,4,outgoing,256,02:00:00:00:00:01,02:00:00:00:00:02,0x88b5,reverse,1,771,48,201175
1064,1786990922098133,l_left,4,outgoing,256,02:00:00:00:00:01,02:00:00:00:00:02,0x88b5,reverse,1,772,48,201196
1065,1786990922098149,l_left,4,outgoing,256,02:00:00:00:00:01,02:00:00:00:00:02,0x88b5,reverse,1,773,48,201212
1066,1786990922098192,l_left,4,outgoing,256,02:00:00:00:00:01,02:00:00:00:00:02,0x88b5,reverse,1,774,48,201255
1067,1786990922098212,l_left,4,outgoing,256,02:00:00:00:00:01,02:00:00:00:00:02,0x88b5,reverse,1,775,48,201275
1068,1786990922098252,l_left,4,outgoing,256,02:00:00:00:00:01,02:00:00:00:00:02,0x88b5,reverse,1,776,48,201315
1069,1786990922098583,l_left,4,outgoing,256,02:00:00:00:00:01,02:00:00:00:00:02,0x88b5,reverse,1,777,48,201646
1070,1786990922098828,l_left,4,outgoing,256,02:00:00:00:00:01,02:00:00:00:00:02,0x88b5,reverse,1,778,48,201891
1071,1786990922099082,l_left,4,outgoing,256,02:00:00:00:00:01,02:00:00:00:00:02,0x88b5,reverse,1,779,48,202145
1072,1786990922099332,l_left,4,outgoing,256,02:00:00:00:00:01,02:00:00:00:00:02,0x88b5,reverse,1,780,48,202395
1073,1786990922099583,l_left,4,outgoing,256,02:00:00:00:00:01,02:00:00:00:00:02,0x88b5,reverse,1,781,48,202646
1074,1786990922099795,l_left,4,outgoing,256,02:00:00:00:00:01,02:00:00:00:00:02,0x88b5,reverse,1,782,48,202858
1075,1786990922100042,l_left,4,outgoing,256,02:00:00:00:00:01,02:00:00:00:00:02,0x88b5,reverse,1,783,48,203105
1076,1786990922100403,l_left,3,otherhost,256,02:00:00:00:00:02,02:00:00:00:00:01,0x88b5,forward,1,292,48,203466
1077,1786990922100428,l_left,3,otherhost,256,02:00:00:00:00:02,02:00:00:00:00:01,0x88b5,forward,1,293,48,203491
1078,1786990922106914,l_left,3,otherhost,256,02:00:00:00:00:02,02:00:00:00:00:01,0x88b5,forward,1,294,49,0
1079,1786990922106933,l_left,3,otherhost,256,02:00:00:00:00:02,02:00:00:00:00:01,0x88b5,forward,1,295,49,19
1080,1786990922107195,l_left,3,otherhost,256,02:00:00:00:00:02,02:00:00:00:00:01,0x88b5,forward,1,296,49,281
1081,1786990922107449,l_left,3,otherhost,256,02:00:00:00:00:02,02:00:00:00:00:01,0x88b5,forward,1,297,49,535
1082,1786990922108027,l_left,4,outgoing,256,02:00:00:00:00:01,02:00:00:00:00:02,0x88b5,reverse,1,784,49,1113
1083,1786990922108061,l_left,4,outgoing,256,02:00:00:00:00:01,02:00:00:00:00:02,0x88b5,reverse,1,785,49,1147
1084,1786990922307773,l_left,4,outgoing,256,02:00:00:00:00:01,02:00:00:00:00:02,0x88b5,reverse,1,786,49,200859
1085,1786990922307836,l_left,4,outgoing,256,02:00:00:00:00:01,02:00:00:00:00:02,0x88b5,reverse,1,787,49,200922
1086,1786990922307857,l_left,4,outgoing,256,02:00:00:00:00:01,02:00:00:00:00:02,0x88b5,reverse,1,788,49,200943
1087,1786990922307874,l_left,4,outgoing,256,02:00:00:00:00:01,02:00:00:00:00:02,0x88b5,reverse,1,789,49,200960
1088,1786990922307889,l_left,4,outgoing,256,02:00:00:00:00:01,02:00:00:00:00:02,0x88b5,reverse,1,790,49,200975
1089,1786990922308131,l_left,4,outgoing,256,02:00:00:00:00:01,02:00:00:00:00:02,0x88b5,reverse,1,791,49,201217
1090,1786990922308334,l_left,4,outgoing,256,02:00:00:00:00:01,02:00:00:00:00:02,0x88b5,reverse,1,792,49,201420
1091,1786990922308580,l_left,4,outgoing,256,02:00:00:00:00:01,02:00:00:00:00:02,0x88b5,reverse,1,793,49,201666
1092,1786990922308825,l_left,4,outgoing,256,02:00:00:00:00:01,02:00:00:00:00:02,0x88b5,reverse,1,794,49,201911
1093,1786990922309084,l_left,4,outgoing,256,02:00:00:00:00:01,02:00:00:00:00:02,0x88b5,reverse,1,795,49,202170
1094,1786990922309335,l_left,4,outgoing,256,02:00:00:00:00:01,02:00:00:00:00:02,0x88b5,reverse,1,796,49,202421
1095,1786990922309567,l_left,4,outgoing,256,02:00:00:00:00:01,02:00:00:00:00:02,0x88b5,reverse,1,797,49,202653
1096,1786990922309762,l_left,4,outgoing,256,02:00:00:00:00:01,02:00:00:00:00:02,0x88b5,reverse,1,798,49,202848
1097,1786990922309961,l_left,4,outgoing,256,02:00:00:00:00:01,02:00:00:00:00:02,0x88b5,reverse,1,799,49,203047
1098,1786990922310498,l_left,3,otherhost,256,02:00:00:00:00:02,02:00:00:00:00:01,0x88b5,forward,1,298,49,203584
1099,1786990922310516,l_left,3,otherhost,256,02:00:00:00:00:02,02:00:00:00:00:01,0x88b5,forward,1,299,49,203602
1100,1786990922316914,l_left,3,otherhost,256,02:00:00:00:00:02,02:00:00:00:00:01,0x88b5,forward,1,300,50,0
1101,1786990922316932,l_left,3,otherhost,256,02:00:00:00:00:02,02:00:00:00:00:01,0x88b5,forward,1,301,50,18
1102,1786990922317218,l_left,3,otherhost,256,02:00:00:00:00:02,02:00:00:00:00:01,0x88b5,forward,1,302,50,304
1103,1786990922317445,l_left,3,otherhost,256,02:00:00:00:00:02,02:00:00:00:00:01,0x88b5,forward,1,303,50,531
1104,1786990922318024,l_left,4,outgoing,256,02:00:00:00:00:01,02:00:00:00:00:02,0x88b5,reverse,1,800,50,1110
1105,1786990922318053,l_left,4,outgoing,256,02:00:00:00:00:01,02:00:00:00:00:02,0x88b5,reverse,1,801,50,1139
1106,1786990922517863,l_left,4,outgoing,256,02:00:00:00:00:01,02:00:00:00:00:02,0x88b5,reverse,1,802,50,200949
1107,1786990922517939,l_left,4,outgoing,256,02:00:00:00:00:01,02:00:00:00:00:02,0x88b5,reverse,1,803,50,201025
1108,1786990922517968,l_left,4,outgoing,256,02:00:00:00:00:01,02:00:00:00:00:02,0x88b5,reverse,1,804,50,201054
1109,1786990922517986,l_left,4,outgoing,256,02:00:00:00:00:01,02:00:00:00:00:02,0x88b5,reverse,1,805,50,201072
1110,1786990922518001,l_left,4,outgoing,256,02:00:00:00:00:01,02:00:00:00:00:02,0x88b5,reverse,1,806,50,201087
1111,1786990922518019,l_left,4,outgoing,256,02:00:00:00:00:01,02:00:00:00:00:02,0x88b5,reverse,1,807,50,201105
1112,1786990922518321,l_left,4,outgoing,256,02:00:00:00:00:01,02:00:00:00:00:02,0x88b5,reverse,1,808,50,201407
1113,1786990922518547,l_left,4,outgoing,256,02:00:00:00:00:01,02:00:00:00:00:02,0x88b5,reverse,1,809,50,201633
1114,1786990922518754,l_left,4,outgoing,256,02:00:00:00:00:01,02:00:00:00:00:02,0x88b5,reverse,1,810,50,201840
1115,1786990922519056,l_left,4,outgoing,256,02:00:00:00:00:01,02:00:00:00:00:02,0x88b5,reverse,1,811,50,202142
1116,1786990922519313,l_left,4,outgoing,256,02:00:00:00:00:01,02:00:00:00:00:02,0x88b5,reverse,1,812,50,202399
1117,1786990922519508,l_left,4,outgoing,256,02:00:00:00:00:01,02:00:00:00:00:02,0x88b5,reverse,1,813,50,202594
1118,1786990922519751,l_left,4,outgoing,256,02:00:00:00:00:01,02:00:00:00:00:02,0x88b5,reverse,1,814,50,202837
1119,1786990922520007,l_left,4,outgoing,256,02:00:00:00:00:01,02:00:00:00:00:02,0x88b5,reverse,1,815,50,203093
1120,1786990922520495,l_left,3,otherhost,256,02:00:00:00:00:02,02:00:00:00:00:01,0x88b5,forward,1,304,50,203581
1121,1786990922520520,l_left,3,otherhost,256,02:00:00:00:00:02,02:00:00:00:00:01,0x88b5,forward,1,305,50,203606
1122,1786990922526924,l_left,3,otherhost,256,02:00:00:00:00:02,02:00:00:00:00:01,0x88b5,forward,1,306,51,0
1123,1786990922526944,l_left,3,otherhost,256,02:00:00:00:00:02,02:00:00:00:00:01,0x88b5,forward,1,307,51,20
1124,1786990922527197,l_left,3,otherhost,256,02:00:00:00:00:02,02:00:00:00:00:01,0x88b5,forward,1,308,51,273
1125,1786990922527447,l_left,3,otherhost,256,02:00:00:00:00:02,02:00:00:00:00:01,0x88b5,forward,1,309,51,523
1126,1786990922528103,l_left,4,outgoing,256,02:00:00:00:00:01,02:00:00:00:00:02,0x88b5,reverse,1,816,51,1179
1127,1786990922528133,l_left,4,outgoing,256,02:00:00:00:00:01,02:00:00:00:00:02,0x88b5,reverse,1,817,51,1209
1128,1786990922727779,l_left,4,outgoing,256,02:00:00:00:00:01,02:00:00:00:00:02,0x88b5,reverse,1,818,51,200855
1129,1786990922727837,l_left,4,outgoing,256,02:00:00:00:00:01,02:00:00:00:00:02,0x88b5,reverse,1,819,51,200913
1130,1786990922727857,l_left,4,outgoing,256,02:00:00:00:00:01,02:00:00:00:00:02,0x88b5,reverse,1,820,51,200933
1131,1786990922727872,l_left,4,outgoing,256,02:00:00:00:00:01,02:00:00:00:00:02,0x88b5,reverse,1,821,51,200948
1132,1786990922727887,l_left,4,outgoing,256,02:00:00:00:00:01,02:00:00:00:00:02,0x88b5,reverse,1,822,51,200963
1133,1786990922728099,l_left,4,outgoing,256,02:00:00:00:00:01,02:00:00:00:00:02,0x88b5,reverse,1,823,51,201175
1134,1786990922728347,l_left,4,outgoing,256,02:00:00:00:00:01,02:00:00:00:00:02,0x88b5,reverse,1,824,51,201423
1135,1786990922728597,l_left,4,outgoing,256,02:00:00:00:00:01,02:00:00:00:00:02,0x88b5,reverse,1,825,51,201673
1136,1786990922728822,l_left,4,outgoing,256,02:00:00:00:00:01,02:00:00:00:00:02,0x88b5,reverse,1,826,51,201898
1137,1786990922729074,l_left,4,outgoing,256,02:00:00:00:00:01,02:00:00:00:00:02,0x88b5,reverse,1,827,51,202150
1138,1786990922729308,l_left,4,outgoing,256,02:00:00:00:00:01,02:00:00:00:00:02,0x88b5,reverse,1,828,51,202384
1139,1786990922729572,l_left,4,outgoing,256,02:00:00:00:00:01,02:00:00:00:00:02,0x88b5,reverse,1,829,51,202648
1140,1786990922729820,l_left,4,outgoing,256,02:00:00:00:00:01,02:00:00:00:00:02,0x88b5,reverse,1,830,51,202896
1141,1786990922729994,l_left,4,outgoing,256,02:00:00:00:00:01,02:00:00:00:00:02,0x88b5,reverse,1,831,51,203070
1142,1786990922730408,l_left,3,otherhost,256,02:00:00:00:00:02,02:00:00:00:00:01,0x88b5,forward,1,310,51,203484
1143,1786990922730434,l_left,3,otherhost,256,02:00:00:00:00:02,02:00:00:00:00:01,0x88b5,forward,1,311,51,203510
1144,1786990922737038,l_left,3,otherhost,256,02:00:00:00:00:02,02:00:00:00:00:01,0x88b5,forward,1,312,52,0
1145,1786990922737074,l_left,3,otherhost,256,02:00:00:00:00:02,02:00:00:00:00:01,0x88b5,forward,1,313,52,36
1146,1786990922737240,l_left,3,otherhost,256,02:00:00:00:00:02,02:00:00:00:00:01,0x88b5,forward,1,314,52,202
1147,1786990922737475,l_left,3,otherhost,256,02:00:00:00:00:02,02:00:00:00:00:01,0x88b5,forward,1,315,52,437
1148,1786990922738023,l_left,4,outgoing,256,02:00:00:00:00:01,02:00:00:00:00:02,0x88b5,reverse,1,832,52,985
1149,1786990922738052,l_left,4,outgoing,256,02:00:00:00:00:01,02:00:00:00:00:02,0x88b5,reverse,1,833,52,1014
1150,1786990922937996,l_left,4,outgoing,256,02:00:00:00:00:01,02:00:00:00:00:02,0x88b5,reverse,1,834,52,200958
1151,1786990922938059,l_left,4,outgoing,256,02:00:00:00:00:01,02:00:00:00:00:02,0x88b5,reverse,1,835,52,201021
1152,1786990922938092,l_left,4,outgoing,256,02:00:00:00:00:01,02:00:00:00:00:02,0x88b5,reverse,1,836,52,201054
1153,1786990922938109,l_left,4,outgoing,256,02:00:00:00:00:01,02:00:00:00:00:02,0x88b5,reverse,1,837,52,201071
1154,1786990922938131,l_left,4,outgoing,256,02:00:00:00:00:01,02:00:00:00:00:02,0x88b5,reverse,1,838,52,201093
1155,1786990922938164,l_left,4,outgoing,256,02:00:00:00:00:01,02:00:00:00:00:02,0x88b5,reverse,1,839,52,201126
1156,1786990922938323,l_left,4,outgoing,256,02:00:00:00:00:01,02:00:00:00:00:02,0x88b5,reverse,1,840,52,201285
1157,1786990922938582,l_left,4,outgoing,256,02:00:00:00:00:01,02:00:00:00:00:02,0x88b5,reverse,1,841,52,201544
1158,1786990922938833,l_left,4,outgoing,256,02:00:00:00:00:01,02:00:00:00:00:02,0x88b5,reverse,1,842,52,201795
1159,1786990922939125,l_left,4,outgoing,256,02:00:00:00:00:01,02:00:00:00:00:02,0x88b5,reverse,1,843,52,202087
1160,1786990922939334,l_left,4,outgoing,256,02:00:00:00:00:01,02:00:00:00:00:02,0x88b5,reverse,1,844,52,202296
1161,1786990922939573,l_left,4,outgoing,256,02:00:00:00:00:01,02:00:00:00:00:02,0x88b5,reverse,1,845,52,202535
1162,1786990922939791,l_left,4,outgoing,256,02:00:00:00:00:01,02:00:00:00:00:02,0x88b5,reverse,1,846,52,202753
1163,1786990922940038,l_left,4,outgoing,256,02:00:00:00:00:01,02:00:00:00:00:02,0x88b5,reverse,1,847,52,203000
1164,1786990922940347,l_left,3,otherhost,256,02:00:00:00:00:02,02:00:00:00:00:01,0x88b5,forward,1,316,52,203309
1165,1786990922940433,l_left,3,otherhost,256,02:00:00:00:00:02,02:00:00:00:00:01,0x88b5,forward,1,317,52,203395
1166,1786990922946948,l_left,3,otherhost,256,02:00:00:00:00:02,02:00:00:00:00:01,0x88b5,forward,1,318,53,0
1167,1786990922946992,l_left,3,otherhost,256,02:00:00:00:00:02,02:00:00:00:00:01,0x88b5,forward,1,319,53,44
1168,1786990922947199,l_left,3,otherhost,256,02:00:00:00:00:02,02:00:00:00:00:01,0x88b5,forward,1,320,53,251
1169,1786990922947451,l_left,3,otherhost,256,02:00:00:00:00:02,02:00:00:00:00:01,0x88b5,forward,1,321,53,503
1170,1786990922948018,l_left,4,outgoing,256,02:00:00:00:00:01,02:00:00:00:00:02,0x88b5,reverse,1,848,53,1070
1171,1786990922948046,l_left,4,outgoing,256,02:00:00:00:00:01,02:00:00:00:00:02,0x88b5,reverse,1,849,53,1098
1172,1786990923147753,l_left,4,outgoing,256,02:00:00:00:00:01,02:00:00:00:00:02,0x88b5,reverse,1,850,53,200805
1173,1786990923147808,l_left,4,outgoing,256,02:00:00:00:00:01,02:00:00:00:00:02,0x88b5,reverse,1,851,53,200860
1174,1786990923147828,l_left,4,outgoing,256,02:00:00:00:00:01,02:00:00:00:00:02,0x88b5,reverse,1,852,53,200880
1175,1786990923147844,l_left,4,outgoing,256,02:00:00:00:00:01,02:00:00:00:00:02,0x88b5,reverse,1,853,53,200896
1176,1786990923147869,l_left,4,outgoing,256,02:00:00:00:00:01,02:00:00:00:00:02,0x88b5,reverse,1,854,53,200921
1177,1786990923147965,l_left,4,outgoing,256,02:00:00:00:00:01,02:00:00:00:00:02,0x88b5,reverse,1,855,53,201017
1178,1786990923148322,l_left,4,outgoing,256,02:00:00:00:00:01,02:00:00:00:00:02,0x88b5,reverse,1,856,53,201374
1179,1786990923148516,l_left,4,outgoing,256,02:00:00:00:00:01,02:00:00:00:00:02,0x88b5,reverse,1,857,53,201568
1180,1786990923148758,l_left,4,outgoing,256,02:00:00:00:00:01,02:00:00:00:00:02,0x88b5,reverse,1,858,53,201810
1181,1786990923149005,l_left,4,outgoing,256,02:00:00:00:00:01,02:00:00:00:00:02,0x88b5,reverse,1,859,53,202057
1182,1786990923149316,l_left,4,outgoing,256,02:00:00:00:00:01,02:00:00:00:00:02,0x88b5,reverse,1,860,53,202368
1183,1786990923149507,l_left,4,outgoing,256,02:00:00:00:00:01,02:00:00:00:00:02,0x88b5,reverse,1,861,53,202559
1184,1786990923149761,l_left,4,outgoing,256,02:00:00:00:00:01,02:00:00:00:00:02,0x88b5,reverse,1,862,53,202813
1185,1786990923149968,l_left,4,outgoing,256,02:00:00:00:00:01,02:00:00:00:00:02,0x88b5,reverse,1,863,53,203020
1186,1786990923150378,l_left,3,otherhost,256,02:00:00:00:00:02,02:00:00:00:00:01,0x88b5,forward,1,322,53,203430
1187,1786990923150402,l_left,3,otherhost,256,02:00:00:00:00:02,02:00:00:00:00:01,0x88b5,forward,1,323,53,203454
1188,1786990923156996,l_left,3,otherhost,256,02:00:00:00:00:02,02:00:00:00:00:01,0x88b5,forward,1,324,54,0
1189,1786990923157016,l_left,3,otherhost,256,02:00:00:00:00:02,02:00:00:00:00:01,0x88b5,forward,1,325,54,20
1190,1786990923157202,l_left,3,otherhost,256,02:00:00:00:00:02,02:00:00:00:00:01,0x88b5,forward,1,326,54,206
1191,1786990923157456,l_left,3,otherhost,256,02:00:00:00:00:02,02:00:00:00:00:01,0x88b5,forward,1,327,54,460
1192,1786990923158037,l_left,4,outgoing,256,02:00:00:00:00:01,02:00:00:00:00:02,0x88b5,reverse,1,864,54,1041
1193,1786990923158060,l_left,4,outgoing,256,02:00:00:00:00:01,02:00:00:00:00:02,0x88b5,reverse,1,865,54,1064
1194,1786990923357747,l_left,4,outgoing,256,02:00:00:00:00:01,02:00:00:00:00:02,0x88b5,reverse,1,866,54,200751
1195,1786990923357811,l_left,4,outgoing,256,02:00:00:00:00:01,02:00:00:00:00:02,0x88b5,reverse,1,867,54,200815
1196,1786990923357843,l_left,4,outgoing,256,02:00:00:00:00:01,02:00:00:00:00:02,0x88b5,reverse,1,868,54,200847
1197,1786990923357878,l_left,4,outgoing,256,02:00:00:00:00:01,02:00:00:00:00:02,0x88b5,reverse,1,869,54,200882
1198,1786990923357896,l_left,4,outgoing,256,02:00:00:00:00:01,02:00:00:00:00:02,0x88b5,reverse,1,870,54,200900
1199,1786990923358079,l_left,4,outgoing,256,02:00:00:00:00:01,02:00:00:00:00:02,0x88b5,reverse,1,871,54,201083
1200,1786990923358343,l_left,4,outgoing,256,02:00:00:00:00:01,02:00:00:00:00:02,0x88b5,reverse,1,872,54,201347
1201,1786990923358585,l_left,4,outgoing,256,02:00:00:00:00:01,02:00:00:00:00:02,0x88b5,reverse,1,873,54,201589
1202,1786990923358834,l_left,4,outgoing,256,02:00:00:00:00:01,02:00:00:00:00:02,0x88b5,reverse,1,874,54,201838
1203,1786990923359076,l_left,4,outgoing,256,02:00:00:00:00:01,02:00:00:00:00:02,0x88b5,reverse,1,875,54,202080
1204,1786990923359327,l_left,4,outgoing,256,02:00:00:00:00:01,02:00:00:00:00:02,0x88b5,reverse,1,876,54,202331
1205,1786990923359580,l_left,4,outgoing,256,02:00:00:00:00:01,02:00:00:00:00:02,0x88b5,reverse,1,877,54,202584
1206,1786990923359780,l_left,4,outgoing,256,02:00:00:00:00:01,02:00:00:00:00:02,0x88b5,reverse,1,878,54,202784
1207,1786990923359988,l_left,4,outgoing,256,02:00:00:00:00:01,02:00:00:00:00:02,0x88b5,reverse,1,879,54,202992
1208,1786990923360396,l_left,3,otherhost,256,02:00:00:00:00:02,02:00:00:00:00:01,0x88b5,forward,1,328,54,203400
1209,1786990923360421,l_left,3,otherhost,256,02:00:00:00:00:02,02:00:00:00:00:01,0x88b5,forward,1,329,54,203425
1210,1786990923366921,l_left,3,otherhost,256,02:00:00:00:00:02,02:00:00:00:00:01,0x88b5,forward,1,330,55,0
1211,1786990923366942,l_left,3,otherhost,256,02:00:00:00:00:02,02:00:00:00:00:01,0x88b5,forward,1,331,55,21
1212,1786990923367196,l_left,3,otherhost,256,02:00:00:00:00:02,02:00:00:00:00:01,0x88b5,forward,1,332,55,275
1213,1786990923367445,l_left,3,otherhost,256,02:00:00:00:00:02,02:00:00:00:00:01,0x88b5,forward,1,333,55,524
1214,1786990923368005,l_left,4,outgoing,256,02:00:00:00:00:01,02:00:00:00:00:02,0x88b5,reverse,1,880,55,1084
1215,1786990923368040,l_left,4,outgoing,256,02:00:00:00:00:01,02:00:00:00:00:02,0x88b5,reverse,1,881,55,1119
1216,1786990923567679,l_left,4,outgoing,256,02:00:00:00:00:01,02:00:00:00:00:02,0x88b5,reverse,1,882,55,200758
1217,1786990923567744,l_left,4,outgoing,256,02:00:00:00:00:01,02:00:00:00:00:02,0x88b5,reverse,1,883,55,200823
1218,1786990923567767,l_left,4,outgoing,256,02:00:00:00:00:01,02:00:00:00:00:02,0x88b5,reverse,1,884,55,200846
1219,1786990923567784,l_left,4,outgoing,256,02:00:00:00:00:01,02:00:00:00:00:02,0x88b5,reverse,1,885,55,200863
1220,1786990923567802,l_left,4,outgoing,256,02:00:00:00:00:01,02:00:00:00:00:02,0x88b5,reverse,1,886,55,200881
1221,1786990923568018,l_left,4,outgoing,256,02:00:00:00:00:01,02:00:00:00:00:02,0x88b5,reverse,1,887,55,201097
1222,1786990923568296,l_left,4,outgoing,256,02:00:00:00:00:01,02:00:00:00:00:02,0x88b5,reverse,1,888,55,201375
1223,1786990923568538,l_left,4,outgoing,256,02:00:00:00:00:01,02:00:00:00:00:02,0x88b5,reverse,1,889,55,201617
1224,1786990923568775,l_left,4,outgoing,256,02:00:00:00:00:01,02:00:00:00:00:02,0x88b5,reverse,1,890,55,201854
1225,1786990923569025,l_left,4,outgoing,256,02:00:00:00:00:01,02:00:00:00:00:02,0x88b5,reverse,1,891,55,202104
1226,1786990923569261,l_left,4,outgoing,256,02:00:00:00:00:01,02:00:00:00:00:02,0x88b5,reverse,1,892,55,202340
1227,1786990923569513,l_left,4,outgoing,256,02:00:00:00:00:01,02:00:00:00:00:02,0x88b5,reverse,1,893,55,202592
1228,1786990923569760,l_left,4,outgoing,256,02:00:00:00:00:01,02:00:00:00:00:02,0x88b5,reverse,1,894,55,202839
1229,1786990923569957,l_left,4,outgoing,256,02:00:00:00:00:01,02:00:00:00:00:02,0x88b5,reverse,1,895,55,203036
1230,1786990923570348,l_left,3,otherhost,256,02:00:00:00:00:02,02:00:00:00:00:01,0x88b5,forward,1,334,55,203427
1231,1786990923570427,l_left,3,otherhost,256,02:00:00:00:00:02,02:00:00:00:00:01,0x88b5,forward,1,335,55,203506
1232,1786990923577007,l_left,3,otherhost,256,02:00:00:00:00:02,02:00:00:00:00:01,0x88b5,forward,1,336,56,0
1233,1786990923577043,l_left,3,otherhost,256,02:00:00:00:00:02,02:00:00:00:00:01,0x88b5,forward,1,337,56,36
1234,1786990923577202,l_left,3,otherhost,256,02:00:00:00:00:02,02:00:00:00:00:01,0x88b5,forward,1,338,56,195
1235,1786990923577446,l_left,3,otherhost,256,02:00:00:00:00:02,02:00:00:00:00:01,0x88b5,forward,1,339,56,439
1236,1786990923578003,l_left,4,outgoing,256,02:00:00:00:00:01,02:00:00:00:00:02,0x88b5,reverse,1,896,56,996
1237,1786990923578030,l_left,4,outgoing,256,02:00:00:00:00:01,02:00:00:00:00:02,0x88b5,reverse,1,897,56,1023
1238,1786990923777787,l_left,4,outgoing,256,02:00:00:00:00:01,02:00:00:00:00:02,0x88b5,reverse,1,898,56,200780
1239,1786990923777859,l_left,4,outgoing,256,02:00:00:00:00:01,02:00:00:00:00:02,0x88b5,reverse,1,899,56,200852
1240,1786990923777882,l_left,4,outgoing,256,02:00:00:00:00:01,02:00:00:00:00:02,0x88b5,reverse,1,900,56,200875
1241,1786990923777899,l_left,4,outgoing,256,02:00:00:00:00:01,02:00:00:00:00:02,0x88b5,reverse,1,901,56,200892
1242,1786990923777915,l_left,4,outgoing,256,02:00:00:00:00:01,02:00:00:00:00:02,0x88b5,reverse,1,902,56,200908
1243,1786990923778162,l_left,4,outgoing,256,02:00:00:00:00:01,02:00:00:00:00:02,0x88b5,reverse,1,903,56,201155
1244,1786990923778272,l_left,4,outgoing,256,02:00:00:00:00:01,02:00:00:00:00:02,0x88b5,reverse,1,904,56,201265
1245,1786990923778580,l_left,4,outgoing,256,02:00:00:00:00:01,02:00:00:00:00:02,0x88b5,reverse,1,905,56,201573
1246,1786990923778833,l_left,4,outgoing,256,02:00:00:00:00:01,02:00:00:00:00:02,0x88b5,reverse,1,906,56,201826
1247,1786990923779081,l_left,4,outgoing,256,02:00:00:00:00:01,02:00:00:00:00:02,0x88b5,reverse,1,907,56,202074
1248,1786990923779299,l_left,4,outgoing,256,02:00:00:00:00:01,02:00:00:00:00:02,0x88b5,reverse,1,908,56,202292
1249,1786990923779514,l_left,4,outgoing,256,02:00:00:00:00:01,02:00:00:00:00:02,0x88b5,reverse,1,909,56,202507
1250,1786990923779759,l_left,4,outgoing,256,02:00:00:00:00:01,02:00:00:00:00:02,0x88b5,reverse,1,910,56,202752
1251,1786990923779973,l_left,4,outgoing,256,02:00:00:00:00:01,02:00:00:00:00:02,0x88b5,reverse,1,911,56,202966
1252,1786990923780538,l_left,3,otherhost,256,02:00:00:00:00:02,02:00:00:00:00:01,0x88b5,forward,1,340,56,203531
1253,1786990923780557,l_left,3,otherhost,256,02:00:00:00:00:02,02:00:00:00:00:01,0x88b5,forward,1,341,56,203550
1254,1786990923787399,l_left,3,otherhost,256,02:00:00:00:00:02,02:00:00:00:00:01,0x88b5,forward,1,342,57,0
1255,1786990923787417,l_left,3,otherhost,256,02:00:00:00:00:02,02:00:00:00:00:01,0x88b5,forward,1,343,57,18
1256,1786990923787432,l_left,3,otherhost,256,02:00:00:00:00:02,02:00:00:00:00:01,0x88b5,forward,1,344,57,33
1257,1786990923787445,l_left,3,otherhost,256,02:00:00:00:00:02,02:00:00:00:00:01,0x88b5,forward,1,345,57,46
1258,1786990923787794,l_left,4,outgoing,256,02:00:00:00:00:01,02:00:00:00:00:02,0x88b5,reverse,1,912,57,395
1259,1786990923787954,l_left,4,outgoing,256,02:00:00:00:00:01,02:00:00:00:00:02,0x88b5,reverse,1,913,57,555
1260,1786990923988180,l_left,4,outgoing,256,02:00:00:00:00:01,02:00:00:00:00:02,0x88b5,reverse,1,914,57,200781
1261,1786990923988243,l_left,4,outgoing,256,02:00:00:00:00:01,02:00:00:00:00:02,0x88b5,reverse,1,915,57,200844
1262,1786990923988266,l_left,4,outgoing,256,02:00:00:00:00:01,02:00:00:00:00:02,0x88b5,reverse,1,916,57,200867
1263,1786990923988291,l_left,4,outgoing,256,02:00:00:00:00:01,02:00:00:00:00:02,0x88b5,reverse,1,917,57,200892
1264,1786990923988308,l_left,4,outgoing,256,02:00:00:00:00:01,02:00:00:00:00:02,0x88b5,reverse,1,918,57,200909
1265,1786990923988324,l_left,4,outgoing,256,02:00:00:00:00:01,02:00:00:00:00:02,0x88b5,reverse,1,919,57,200925
1266,1786990923988346,l_left,4,outgoing,256,02:00:00:00:00:01,02:00:00:00:00:02,0x88b5,reverse,1,920,57,200947
1267,1786990923988544,l_left,4,outgoing,256,02:00:00:00:00:01,02:00:00:00:00:02,0x88b5,reverse,1,921,57,201145
1268,1786990923988819,l_left,4,outgoing,256,02:00:00:00:00:01,02:00:00:00:00:02,0x88b5,reverse,1,922,57,201420
1269,1786990923989073,l_left,4,outgoing,256,02:00:00:00:00:01,02:00:00:00:00:02,0x88b5,reverse,1,923,57,201674
1270,1786990923989329,l_left,4,outgoing,256,02:00:00:00:00:01,02:00:00:00:00:02,0x88b5,reverse,1,924,57,201930
1271,1786990923989581,l_left,4,outgoing,256,02:00:00:00:00:01,02:00:00:00:00:02,0x88b5,reverse,1,925,57,202182
1272,1786990923989837,l_left,4,outgoing,256,02:00:00:00:00:01,02:00:00:00:00:02,0x88b5,reverse,1,926,57,202438
1273,1786990923990045,l_left,4,outgoing,256,02:00:00:00:00:01,02:00:00:00:00:02,0x88b5,reverse,1,927,57,202646
1274,1786990923990373,l_left,3,otherhost,256,02:00:00:00:00:02,02:00:00:00:00:01,0x88b5,forward,1,346,57,202974
1275,1786990923990433,l_left,3,otherhost,256,02:00:00:00:00:02,02:00:00:00:00:01,0x88b5,forward,1,347,57,203034
1276,1786990923997037,l_left,3,otherhost,256,02:00:00:00:00:02,02:00:00:00:00:01,0x88b5,forward,1,348,58,0
1277,1786990923997073,l_left,3,otherhost,256,02:00:00:00:00:02,02:00:00:00:00:01,0x88b5,forward,1,349,58,36
1278,1786990923997519,l_left,3,otherhost,256,02:00:00:00:00:02,02:00:00:00:00:01,0x88b5,forward,1,350,58,482
1279,1786990923997567,l_left,3,otherhost,256,02:00:00:00:00:02,02:00:00:00:00:01,0x88b5,forward,1,351,58,530
1280,1786990923997864,l_left,4,outgoing,256,02:00:00:00:00:01,02:00:00:00:00:02,0x88b5,reverse,1,928,58,827
1281,1786990923997963,l_left,4,outgoing,256,02:00:00:00:00:01,02:00:00:00:00:02,0x88b5,reverse,1,929,58,926
1282,1786990924198092,l_left,4,outgoing,256,02:00:00:00:00:01,02:00:00:00:00:02,0x88b5,reverse,1,930,58,201055
1283,1786990924198156,l_left,4,outgoing,256,02:00:00:00:00:01,02:00:00:00:00:02,0x88b5,reverse,1,931,58,201119
1284,1786990924198178,l_left,4,outgoing,256,02:00:00:00:00:01,02:00:00:00:00:02,0x88b5,reverse,1,932,58,201141
1285,1786990924198195,l_left,4,outgoing,256,02:00:00:00:00:01,02:00:00:00:00:02,0x88b5,reverse,1,933,58,201158
1286,1786990924198211,l_left,4,outgoing,256,02:00:00:00:00:01,02:00:00:00:00:02,0x88b5,reverse,1,934,58,201174
1287,1786990924198226,l_left,4,outgoing,256,02:00:00:00:00:01,02:00:00:00:00:02,0x88b5,reverse,1,935,58,201189
1288,1786990924198240,l_left,4,outgoing,256,02:00:00:00:00:01,02:00:00:00:00:02,0x88b5,reverse,1,936,58,201203
1289,1786990924198571,l_left,4,outgoing,256,02:00:00:00:00:01,02:00:00:00:00:02,0x88b5,reverse,1,937,58,201534
1290,1786990924198824,l_left,4,outgoing,256,02:00:00:00:00:01,02:00:00:00:00:02,0x88b5,reverse,1,938,58,201787
1291,1786990924199076,l_left,4,outgoing,256,02:00:00:00:00:01,02:00:00:00:00:02,0x88b5,reverse,1,939,58,202039
1292,1786990924199332,l_left,4,outgoing,256,02:00:00:00:00:01,02:00:00:00:00:02,0x88b5,reverse,1,940,58,202295
1293,1786990924199598,l_left,4,outgoing,256,02:00:00:00:00:01,02:00:00:00:00:02,0x88b5,reverse,1,941,58,202561
1294,1786990924199839,l_left,4,outgoing,256,02:00:00:00:00:01,02:00:00:00:00:02,0x88b5,reverse,1,942,58,202802
1295,1786990924200072,l_left,4,outgoing,256,02:00:00:00:00:01,02:00:00:00:00:02,0x88b5,reverse,1,943,58,203035
1296,1786990924200429,l_left,3,otherhost,256,02:00:00:00:00:02,02:00:00:00:00:01,0x88b5,forward,1,352,58,203392
1297,1786990924200468,l_left,3,otherhost,256,02:00:00:00:00:02,02:00:00:00:00:01,0x88b5,forward,1,353,58,203431
1298,1786990924206942,l_left,3,otherhost,256,02:00:00:00:00:02,02:00:00:00:00:01,0x88b5,forward,1,354,59,0
1299,1786990924206982,l_left,3,otherhost,256,02:00:00:00:00:02,02:00:00:00:00:01,0x88b5,forward,1,355,59,40
1300,1786990924207225,l_left,3,otherhost,256,02:00:00:00:00:02,02:00:00:00:00:01,0x88b5,forward,1,356,59,283
1301,1786990924207475,l_left,3,otherhost,256,02:00:00:00:00:02,02:00:00:00:00:01,0x88b5,forward,1,357,59,533
1302,1786990924208024,l_left,4,outgoing,256,02:00:00:00:00:01,02:00:00:00:00:02,0x88b5,reverse,1,944,59,1082
1303,1786990924208051,l_left,4,outgoing,256,02:00:00:00:00:01,02:00:00:00:00:02,0x88b5,reverse,1,945,59,1109
1304,1786990924407778,l_left,4,outgoing,256,02:00:00:00:00:01,02:00:00:00:00:02,0x88b5,reverse,1,946,59,200836
1305,1786990924407840,l_left,4,outgoing,256,02:00:00:00:00:01,02:00:00:00:00:02,0x88b5,reverse,1,947,59,200898
1306,1786990924407871,l_left,4,outgoing,256,02:00:00:00:00:01,02:00:00:00:00:02,0x88b5,reverse,1,948,59,200929
1307,1786990924407890,l_left,4,outgoing,256,02:00:00:00:00:01,02:00:00:00:00:02,0x88b5,reverse,1,949,59,200948
1308,1786990924407905,l_left,4,outgoing,256,02:00:00:00:00:01,02:00:00:00:00:02,0x88b5,reverse,1,950,59,200963
1309,1786990924407955,l_left,4,outgoing,256,02:00:00:00:00:01,02:00:00:00:00:02,0x88b5,reverse,1,951,59,201013
1310,1786990924408321,l_left,4,outgoing,256,02:00:00:00:00:01,02:00:00:00:00:02,0x88b5,reverse,1,952,59,201379
1311,1786990924408575,l_left,4,outgoing,256,02:00:00:00:00:01,02:00:00:00:00:02,0x88b5,reverse,1,953,59,201633
1312,1786990924408822,l_left,4,outgoing,256,02:00:00:00:00:01,02:00:00:00:00:02,0x88b5,reverse,1,954,59,201880
1313,1786990924409069,l_left,4,outgoing,256,02:00:00:00:00:01,02:00:00:00:00:02,0x88b5,reverse,1,955,59,202127
1314,1786990924409323,l_left,4,outgoing,256,02:00:00:00:00:01,02:00:00:00:00:02,0x88b5,reverse,1,956,59,202381
1315,1786990924409580,l_left,4,outgoing,256,02:00:00:00:00:01,02:00:00:00:00:02,0x88b5,reverse,1,957,59,202638
1316,1786990924409816,l_left,4,outgoing,256,02:00:00:00:00:01,02:00:00:00:00:02,0x88b5,reverse,1,958,59,202874
1317,1786990924409970,l_left,4,outgoing,256,02:00:00:00:00:01,02:00:00:00:00:02,0x88b5,reverse,1,959,59,203028
1318,1786990924410504,l_left,3,otherhost,256,02:00:00:00:00:02,02:00:00:00:00:01,0x88b5,forward,1,358,59,203562
1319,1786990924410524,l_left,3,otherhost,256,02:00:00:00:00:02,02:00:00:00:00:01,0x88b5,forward,1,359,59,203582
1320,1786990924417111,l_left,3,otherhost,256,02:00:00:00:00:02,02:00:00:00:00:01,0x88b5,forward,1,360,60,0
1321,1786990924417156,l_left,3,otherhost,256,02:00:00:00:00:02,02:00:00:00:00:01,0x88b5,forward,1,361,60,45
1322,1786990924417266,l_left,3,otherhost,256,02:00:00:00:00:02,02:00:00:00:00:01,0x88b5,forward,1,362,60,155
1323,1786990924417446,l_left,3,otherhost,256,02:00:00:00:00:02,02:00:00:00:00:01,0x88b5,forward,1,363,60,335
1324,1786990924417993,l_left,4,outgoing,256,02:00:00:00:00:01,02:00:00:00:00:02,0x88b5,reverse,1,960,60,882
1325,1786990924418011,l_left,4,outgoing,256,02:00:00:00:00:01,02:00:00:00:00:02,0x88b5,reverse,1,961,60,900
1326,1786990924617791,l_left,4,outgoing,256,02:00:00:00:00:01,02:00:00:00:00:02,0x88b5,reverse,1,962,60,200680
1327,1786990924617856,l_left,4,outgoing,256,02:00:00:00:00:01,02:00:00:00:00:02,0x88b5,reverse,1,963,60,200745
1328,1786990924617878,l_left,4,outgoing,256,02:00:00:00:00:01,02:00:00:00:00:02,0x88b5,reverse,1,964,60,200767
1329,1786990924617904,l_left,4,outgoing,256,02:00:00:00:00:01,02:00:00:00:00:02,0x88b5,reverse,1,965,60,200793
1330,1786990924617920,l_left,4,outgoing,256,02:00:00:00:00:01,02:00:00:00:00:02,0x88b5,reverse,1,966,60,200809
1331,1786990924617961,l_left,4,outgoing,256,02:00:00:00:00:01,02:00:00:00:00:02,0x88b5,reverse,1,967,60,200850
1332,1786990924618324,l_left,4,outgoing,256,02:00:00:00:00:01,02:00:00:00:00:02,0x88b5,reverse,1,968,60,201213
1333,1786990924619359,l_left,4,outgoing,256,02:00:00:00:00:01,02:00:00:00:00:02,0x88b5,reverse,1,969,60,202248
1334,1786990924619397,l_left,4,outgoing,256,02:00:00:00:00:01,02:00:00:00:00:02,0x88b5,reverse,1,970,60,202286
1335,1786990924619420,l_left,4,outgoing,256,02:00:00:00:00:01,02:00:00:00:00:02,0x88b5,reverse,1,971,60,202309
1336,1786990924619442,l_left,4,outgoing,256,02:00:00:00:00:01,02:00:00:00:00:02,0x88b5,reverse,1,972,60,202331
1337,1786990924619488,l_left,4,outgoing,256,02:00:00:00:00:01,02:00:00:00:00:02,0x88b5,reverse,1,973,60,202377
1338,1786990924619783,l_left,4,outgoing,256,02:00:00:00:00:01,02:00:00:00:00:02,0x88b5,reverse,1,974,60,202672
1339,1786990924620029,l_left,4,outgoing,256,02:00:00:00:00:01,02:00:00:00:00:02,0x88b5,reverse,1,975,60,202918
1340,1786990924620556,l_left,3,otherhost,256,02:00:00:00:00:02,02:00:00:00:00:01,0x88b5,forward,1,364,60,203445
1341,1786990924620600,l_left,3,otherhost,256,02:00:00:00:00:02,02:00:00:00:00:01,0x88b5,forward,1,365,60,203489
1342,1786990924626946,l_left,3,otherhost,256,02:00:00:00:00:02,02:00:00:00:00:01,0x88b5,forward,1,366,61,0
1343,1786990924626991,l_left,3,otherhost,256,02:00:00:00:00:02,02:00:00:00:00:01,0x88b5,forward,1,367,61,45
1344,1786990924627225,l_left,3,otherhost,256,02:00:00:00:00:02,02:00:00:00:00:01,0x88b5,forward,1,368,61,279
1345,1786990924627475,l_left,3,otherhost,256,02:00:00:00:00:02,02:00:00:00:00:01,0x88b5,forward,1,369,61,529
1346,1786990924628133,l_left,4,outgoing,256,02:00:00:00:00:01,02:00:00:00:00:02,0x88b5,reverse,1,976,61,1187
1347,1786990924628175,l_left,4,outgoing,256,02:00:00:00:00:01,02:00:00:00:00:02,0x88b5,reverse,1,977,61,1229
1348,1786990924828220,l_left,4,outgoing,256,02:00:00:00:00:01,02:00:00:00:00:02,0x88b5,reverse,1,978,61,201274
1349,1786990924828284,l_left,4,outgoing,256,02:00:00:00:00:01,02:00:00:00:00:02,0x88b5,reverse,1,979,61,201338
1350,1786990924828306,l_left,4,outgoing,256,02:00:00:00:00:01,02:00:00:00:00:02,0x88b5,reverse,1,980,61,201360
1351,1786990924828323,l_left,4,outgoing,256,02:00:00:00:00:01,02:00:00:00:00:02,0x88b5,reverse,1,981,61,201377
1352,1786990924828339,l_left,4,outgoing,256,02:00:00:00:00:01,02:00:00:00:00:02,0x88b5,reverse,1,982,61,201393
1353,1786990924828356,l_left,4,outgoing,256,02:00:00:00:00:01,02:00:00:00:00:02,0x88b5,reverse,1,983,61,201410
1354,1786990924828372,l_left,4,outgoing,256,02:00:00:00:00:01,02:00:00:00:00:02,0x88b5,reverse,1,984,61,201426
1355,1786990924828524,l_left,4,outgoing,256,02:00:00:00:00:01,02:00:00:00:00:02,0x88b5,reverse,1,985,61,201578
1356,1786990924828821,l_left,4,outgoing,256,02:00:00:00:00:01,02:00:00:00:00:02,0x88b5,reverse,1,986,61,201875
1357,1786990924829077,l_left,4,outgoing,256,02:00:00:00:00:01,02:00:00:00:00:02,0x88b5,reverse,1,987,61,202131
1358,1786990924829305,l_left,4,outgoing,256,02:00:00:00:00:01,02:00:00:00:00:02,0x88b5,reverse,1,988,61,202359
1359,1786990924829570,l_left,4,outgoing,256,02:00:00:00:00:01,02:00:00:00:00:02,0x88b5,reverse,1,989,61,202624
1360,1786990924829837,l_left,4,outgoing,256,02:00:00:00:00:01,02:00:00:00:00:02,0x88b5,reverse,1,990,61,202891
1361,1786990924830085,l_left,4,outgoing,256,02:00:00:00:00:01,02:00:00:00:00:02,0x88b5,reverse,1,991,61,203139
1362,1786990924830396,l_left,3,otherhost,256,02:00:00:00:00:02,02:00:00:00:00:01,0x88b5,forward,1,370,61,203450
1363,1786990924830434,l_left,3,otherhost,256,02:00:00:00:00:02,02:00:00:00:00:01,0x88b5,forward,1,371,61,203488
1364,1786990924837121,l_left,3,otherhost,256,02:00:00:00:00:02,02:00:00:00:00:01,0x88b5,forward,1,372,62,0
1365,1786990924837182,l_left,3,otherhost,256,02:00:00:00:00:02,02:00:00:00:00:01,0x88b5,forward,1,373,62,61
1366,1786990924837223,l_left,3,otherhost,256,02:00:00:00:00:02,02:00:00:00:00:01,0x88b5,forward,1,374,62,102
1367,1786990924837606,l_left,3,otherhost,256,02:00:00:00:00:02,02:00:00:00:00:01,0x88b5,forward,1,375,62,485
1368,1786990924837914,l_left,4,outgoing,256,02:00:00:00:00:01,02:00:00:00:00:02,0x88b5,reverse,1,992,62,793
1369,1786990924837960,l_left,4,outgoing,256,02:00:00:00:00:01,02:00:00:00:00:02,0x88b5,reverse,1,993,62,839
1370,1786990925037919,l_left,4,outgoing,256,02:00:00:00:00:01,02:00:00:00:00:02,0x88b5,reverse,1,994,62,200798
1371,1786990925037982,l_left,4,outgoing,256,02:00:00:00:00:01,02:00:00:00:00:02,0x88b5,reverse,1,995,62,200861
1372,1786990925038004,l_left,4,outgoing,256,02:00:00:00:00:01,02:00:00:00:00:02,0x88b5,reverse,1,996,62,200883
1373,1786990925038022,l_left,4,outgoing,256,02:00:00:00:00:01,02:00:00:00:00:02,0x88b5,reverse,1,997,62,200901
1374,1786990925038046,l_left,4,outgoing,256,02:00:00:00:00:01,02:00:00:00:00:02,0x88b5,reverse,1,998,62,200925
1375,1786990925038061,l_left,4,outgoing,256,02:00:00:00:00:01,02:00:00:00:00:02,0x88b5,reverse,1,999,62,200940
1376,1786990925038322,l_left,4,outgoing,256,02:00:00:00:00:01,02:00:00:00:00:02,0x88b5,reverse,1,1000,62,201201
1377,1786990925038574,l_left,4,outgoing,256,02:00:00:00:00:01,02:00:00:00:00:02,0x88b5,reverse,1,1001,62,201453
1378,1786990925038826,l_left,4,outgoing,256,02:00:00:00:00:01,02:00:00:00:00:02,0x88b5,reverse,1,1002,62,201705
1379,1786990925039080,l_left,4,outgoing,256,02:00:00:00:00:01,02:00:00:00:00:02,0x88b5,reverse,1,1003,62,201959
1380,1786990925039315,l_left,4,outgoing,256,02:00:00:00:00:01,02:00:00:00:00:02,0x88b5,reverse,1,1004,62,202194
1381,1786990925039569,l_left,4,outgoing,256,02:00:00:00:00:01,02:00:00:00:00:02,0x88b5,reverse,1,1005,62,202448
1382,1786990925039791,l_left,4,outgoing,256,02:00:00:00:00:01,02:00:00:00:00:02,0x88b5,reverse,1,1006,62,202670
1383,1786990925040027,l_left,4,outgoing,256,02:00:00:00:00:01,02:00:00:00:00:02,0x88b5,reverse,1,1007,62,202906
1384,1786990925040520,l_left,3,otherhost,256,02:00:00:00:00:02,02:00:00:00:00:01,0x88b5,forward,1,376,62,203399
1385,1786990925040558,l_left,3,otherhost,256,02:00:00:00:00:02,02:00:00:00:00:01,0x88b5,forward,1,377,62,203437
1386,1786990925046942,l_left,3,otherhost,256,02:00:00:00:00:02,02:00:00:00:00:01,0x88b5,forward,1,378,63,0
1387,1786990925046984,l_left,3,otherhost,256,02:00:00:00:00:02,02:00:00:00:00:01,0x88b5,forward,1,379,63,42
1388,1786990925047224,l_left,3,otherhost,256,02:00:00:00:00:02,02:00:00:00:00:01,0x88b5,forward,1,380,63,282
1389,1786990925047449,l_left,3,otherhost,256,02:00:00:00:00:02,02:00:00:00:00:01,0x88b5,forward,1,381,63,507
1390,1786990925048012,l_left,4,outgoing,256,02:00:00:00:00:01,02:00:00:00:00:02,0x88b5,reverse,1,1008,63,1070
1391,1786990925048039,l_left,4,outgoing,256,02:00:00:00:00:01,02:00:00:00:00:02,0x88b5,reverse,1,1009,63,1097
1392,1786990925248104,l_left,4,outgoing,256,02:00:00:00:00:01,02:00:00:00:00:02,0x88b5,reverse,1,1010,63,201162
1393,1786990925248169,l_left,4,outgoing,256,02:00:00:00:00:01,02:00:00:00:00:02,0x88b5,reverse,1,1011,63,201227
1394,1786990925248192,l_left,4,outgoing,256,02:00:00:00:00:01,02:00:00:00:00:02,0x88b5,reverse,1,1012,63,201250
1395,1786990925248210,l_left,4,outgoing,256,02:00:00:00:00:01,02:00:00:00:00:02,0x88b5,reverse,1,1013,63,201268
1396,1786990925248226,l_left,4,outgoing,256,02:00:00:00:00:01,02:00:00:00:00:02,0x88b5,reverse,1,1014,63,201284
1397,1786990925248241,l_left,4,outgoing,256,02:00:00:00:00:01,02:00:00:00:00:02,0x88b5,reverse,1,1015,63,201299
1398,1786990925248255,l_left,4,outgoing,256,02:00:00:00:00:01,02:00:00:00:00:02,0x88b5,reverse,1,1016,63,201313
1399,1786990925248544,l_left,4,outgoing,256,02:00:00:00:00:01,02:00:00:00:00:02,0x88b5,reverse,1,1017,63,201602
1400,1786990925248798,l_left,4,outgoing,256,02:00:00:00:00:01,02:00:00:00:00:02,0x88b5,reverse,1,1018,63,201856
1401,1786990925249038,l_left,4,outgoing,256,02:00:00:00:00:01,02:00:00:00:00:02,0x88b5,reverse,1,1019,63,202096
1402,1786990925249394,l_left,4,outgoing,256,02:00:00:00:00:01,02:00:00:00:00:02,0x88b5,reverse,1,1020,63,202452
1403,1786990925249593,l_left,4,outgoing,256,02:00:00:00:00:01,02:00:00:00:00:02,0x88b5,reverse,1,1021,63,202651
1404,1786990925249762,l_left,4,outgoing,256,02:00:00:00:00:01,02:00:00:00:00:02,0x88b5,reverse,1,1022,63,202820
1405,1786990925250001,l_left,4,outgoing,256,02:00:00:00:00:01,02:00:00:00:00:02,0x88b5,reverse,1,1023,63,203059
1406,1786990925250396,l_left,3,otherhost,256,02:00:00:00:00:02,02:00:00:00:00:01,0x88b5,forward,1,382,63,203454
1407,1786990925250435,l_left,3,otherhost,256,02:00:00:00:00:02,02:00:00:00:00:01,0x88b5,forward,1,383,63,203493
1408,1786990925256967,l_left,3,otherhost,256,02:00:00:00:00:02,02:00:00:00:00:01,0x88b5,forward,1,384,64,0
1409,1786990925257005,l_left,3,otherhost,256,02:00:00:00:00:02,02:00:00:00:00:01,0x88b5,forward,1,385,64,38
1410,1786990925257567,l_left,3,otherhost,256,02:00:00:00:00:02,02:00:00:00:00:01,0x88b5,forward,1,386,64,600
1411,1786990925257603,l_left,3,otherhost,256,02:00:00:00:00:02,02:00:00:00:00:01,0x88b5,forward,1,387,64,636
1412,1786990925257951,l_left,4,outgoing,256,02:00:00:00:00:01,02:00:00:00:00:02,0x88b5,reverse,1,1024,64,984
1413,1786990925257987,l_left,4,outgoing,256,02:00:00:00:00:01,02:00:00:00:00:02,0x88b5,reverse,1,1025,64,1020
1414,1786990925457700,l_left,4,outgoing,256,02:00:00:00:00:01,02:00:00:00:00:02,0x88b5,reverse,1,1026,64,200733
1415,1786990925457762,l_left,4,outgoing,256,02:00:00:00:00:01,02:00:00:00:00:02,0x88b5,reverse,1,1027,64,200795
1416,1786990925457790,l_left,4,outgoing,256,02:00:00:00:00:01,02:00:00:00:00:02,0x88b5,reverse,1,1028,64,200823
1417,1786990925457807,l_left,4,outgoing,256,02:00:00:00:00:01,02:00:00:00:00:02,0x88b5,reverse,1,1029,64,200840
1418,1786990925457822,l_left,4,outgoing,256,02:00:00:00:00:01,02:00:00:00:00:02,0x88b5,reverse,1,1030,64,200855
1419,1786990925458024,l_left,4,outgoing,256,02:00:00:00:00:01,02:00:00:00:00:02,0x88b5,reverse,1,1031,64,201057
1420,1786990925458296,l_left,4,outgoing,256,02:00:00:00:00:01,02:00:00:00:00:02,0x88b5,reverse,1,1032,64,201329
1421,1786990925458545,l_left,4,outgoing,256,02:00:00:00:00:01,02:00:00:00:00:02,0x88b5,reverse,1,1033,64,201578
1422,1786990925458794,l_left,4,outgoing,256,02:00:00:00:00:01,02:00:00:00:00:02,0x88b5,reverse,1,1034,64,201827
1423,1786990925459047,l_left,4,outgoing,256,02:00:00:00:00:01,02:00:00:00:00:02,0x88b5,reverse,1,1035,64,202080
1424,1786990925459293,l_left,4,outgoing,256,02:00:00:00:00:01,02:00:00:00:00:02,0x88b5,reverse,1,1036,64,202326
1425,1786990925459540,l_left,4,outgoing,256,02:00:00:00:00:01,02:00:00:00:00:02,0x88b5,reverse,1,1037,64,202573
1426,1786990925459781,l_left,4,outgoing,256,02:00:00:00:00:01,02:00:00:00:00:02,0x88b5,reverse,1,1038,64,202814
1427,1786990925460035,l_left,4,outgoing,256,02:00:00:00:00:01,02:00:00:00:00:02,0x88b5,reverse,1,1039,64,203068
1428,1786990925460483,l_left,3,otherhost,256,02:00:00:00:00:02,02:00:00:00:00:01,0x88b5,forward,1,388,64,203516
1429,1786990925460508,l_left,3,otherhost,256,02:00:00:00:00:02,02:00:00:00:00:01,0x88b5,forward,1,389,64,203541
1430,1786990925466880,l_left,3,otherhost,256,02:00:00:00:00:02,02:00:00:00:00:01,0x88b5,forward,1,390,65,0
1431,1786990925466900,l_left,3,otherhost,256,02:00:00:00:00:02,02:00:00:00:00:01,0x88b5,forward,1,391,65,20
1432,1786990925467175,l_left,3,otherhost,256,02:00:00:00:00:02,02:00:00:00:00:01,0x88b5,forward,1,392,65,295
1433,1786990925467427,l_left,3,otherhost,256,02:00:00:00:00:02,02:00:00:00:00:01,0x88b5,forward,1,393,65,547
1434,1786990925467982,l_left,4,outgoing,256,02:00:00:00:00:01,02:00:00:00:00:02,0x88b5,reverse,1,1040,65,1102
1435,1786990925468018,l_left,4,outgoing,256,02:00:00:00:00:01,02:00:00:00:00:02,0x88b5,reverse,1,1041,65,1138
1436,1786990925667749,l_left,4,outgoing,256,02:00:00:00:00:01,02:00:00:00:00:02,0x88b5,reverse,1,1042,65,200869
1437,1786990925667811,l_left,4,outgoing,256,02:00:00:00:00:01,02:00:00:00:00:02,0x88b5,reverse,1,1043,65,200931
1438,1786990925667838,l_left,4,outgoing,256,02:00:00:00:00:01,02:00:00:00:00:02,0x88b5,reverse,1,1044,65,200958
1439,1786990925667864,l_left,4,outgoing,256,02:00:00:00:00:01,02:00:00:00:00:02,0x88b5,reverse,1,1045,65,200984
1440,1786990925667880,l_left,4,outgoing,256,02:00:00:00:00:01,02:00:00:00:00:02,0x88b5,reverse,1,1046,65,201000
1441,1786990925668059,l_left,4,outgoing,256,02:00:00:00:00:01,02:00:00:00:00:02,0x88b5,reverse,1,1047,65,201179
1442,1786990925668319,l_left,4,outgoing,256,02:00:00:00:00:01,02:00:00:00:00:02,0x88b5,reverse,1,1048,65,201439
1443,1786990925668572,l_left,4,outgoing,256,02:00:00:00:00:01,02:00:00:00:00:02,0x88b5,reverse,1,1049,65,201692
1444,1786990925668823,l_left,4,outgoing,256,02:00:00:00:00:01,02:00:00:00:00:02,0x88b5,reverse,1,1050,65,201943
1445,1786990925669077,l_left,4,outgoing,256,02:00:00:00:00:01,02:00:00:00:00:02,0x88b5,reverse,1,1051,65,202197
1446,1786990925669325,l_left,4,outgoing,256,02:00:00:00:00:01,02:00:00:00:00:02,0x88b5,reverse,1,1052,65,202445
1447,1786990925669535,l_left,4,outgoing,256,02:00:00:00:00:01,02:00:00:00:00:02,0x88b5,reverse,1,1053,65,202655
1448,1786990925669765,l_left,4,outgoing,256,02:00:00:00:00:01,02:00:00:00:00:02,0x88b5,reverse,1,1054,65,202885
1449,1786990925670014,l_left,4,outgoing,256,02:00:00:00:00:01,02:00:00:00:00:02,0x88b5,reverse,1,1055,65,203134
1450,1786990925670567,l_left,3,otherhost,256,02:00:00:00:00:02,02:00:00:00:00:01,0x88b5,forward,1,394,65,203687
1451,1786990925670591,l_left,3,otherhost,256,02:00:00:00:00:02,02:00:00:00:00:01,0x88b5,forward,1,395,65,203711
1452,1786990925677130,l_left,3,otherhost,256,02:00:00:00:00:02,02:00:00:00:00:01,0x88b5,forward,1,396,66,0
1453,1786990925677178,l_left,3,otherhost,256,02:00:00:00:00:02,02:00:00:00:00:01,0x88b5,forward,1,397,66,48
1454,1786990925677359,l_left,3,otherhost,256,02:00:00:00:00:02,02:00:00:00:00:01,0x88b5,forward,1,398,66,229
1455,1786990925677383,l_left,3,otherhost,256,02:00:00:00:00:02,02:00:00:00:00:01,0x88b5,forward,1,399,66,253
1456,1786990925678017,l_left,4,outgoing,256,02:00:00:00:00:01,02:00:00:00:00:02,0x88b5,reverse,1,1056,66,887
1457,1786990925678045,l_left,4,outgoing,256,02:00:00:00:00:01,02:00:00:00:00:02,0x88b5,reverse,1,1057,66,915
1458,1786990925877916,l_left,4,outgoing,256,02:00:00:00:00:01,02:00:00:00:00:02,0x88b5,reverse,1,1058,66,200786
1459,1786990925877972,l_left,4,outgoing,256,02:00:00:00:00:01,02:00:00:00:00:02,0x88b5,reverse,1,1059,66,200842
1460,1786990925877992,l_left,4,outgoing,256,02:00:00:00:00:01,02:00:00:00:00:02,0x88b5,reverse,1,1060,66,200862
1461,1786990925878008,l_left,4,outgoing,256,02:00:00:00:00:01,02:00:00:00:00:02,0x88b5,reverse,1,1061,66,200878
1462,1786990925878030,l_left,4,outgoing,256,02:00:00:00:00:01,02:00:00:00:00:02,0x88b5,reverse,1,1062,66,200900
1463,1786990925878046,l_left,4,outgoing,256,02:00:00:00:00:01,02:00:00:00:00:02,0x88b5,reverse,1,1063,66,200916
1464,1786990925878322,l_left,4,outgoing,256,02:00:00:00:00:01,02:00:00:00:00:02,0x88b5,reverse,1,1064,66,201192
1465,1786990925878501,l_left,4,outgoing,256,02:00:00:00:00:01,02:00:00:00:00:02,0x88b5,reverse,1,1065,66,201371
1466,1786990925878827,l_left,4,outgoing,256,02:00:00:00:00:01,02:00:00:00:00:02,0x88b5,reverse,1,1066,66,201697
1467,1786990925879088,l_left,4,outgoing,256,02:00:00:00:00:01,02:00:00:00:00:02,0x88b5,reverse,1,1067,66,201958
1468,1786990925879326,l_left,4,outgoing,256,02:00:00:00:00:01,02:00:00:00:00:02,0x88b5,reverse,1,1068,66,202196
1469,1786990925879579,l_left,4,outgoing,256,02:00:00:00:00:01,02:00:00:00:00:02,0x88b5,reverse,1,1069,66,202449
1470,1786990925879793,l_left,4,outgoing,256,02:00:00:00:00:01,02:00:00:00:00:02,0x88b5,reverse,1,1070,66,202663
1471,1786990925880036,l_left,4,outgoing,256,02:00:00:00:00:01,02:00:00:00:00:02,0x88b5,reverse,1,1071,66,202906
1472,1786990925880568,l_left,3,otherhost,256,02:00:00:00:00:02,02:00:00:00:00:01,0x88b5,forward,1,400,66,203438
1473,1786990925880588,l_left,3,otherhost,256,02:00:00:00:00:02,02:00:00:00:00:01,0x88b5,forward,1,401,66,203458
1474,1786990925886913,l_left,3,otherhost,256,02:00:00:00:00:02,02:00:00:00:00:01,0x88b5,forward,1,402,67,0
1475,1786990925886932,l_left,3,otherhost,256,02:00:00:00:00:02,02:00:00:00:00:01,0x88b5,forward,1,403,67,19
1476,1786990925887195,l_left,3,otherhost,256,02:00:00:00:00:02,02:00:00:00:00:01,0x88b5,forward,1,404,67,282
1477,1786990925887445,l_left,3,otherhost,256,02:00:00:00:00:02,02:00:00:00:00:01,0x88b5,forward,1,405,67,532
1478,1786990925887992,l_left,4,outgoing,256,02:00:00:00:00:01,02:00:00:00:00:02,0x88b5,reverse,1,1072,67,1079
1479,1786990925888022,l_left,4,outgoing,256,02:00:00:00:00:01,02:00:00:00:00:02,0x88b5,reverse,1,1073,67,1109
1480,1786990926087761,l_left,4,outgoing,256,02:00:00:00:00:01,02:00:00:00:00:02,0x88b5,reverse,1,1074,67,200848
1481,1786990926087825,l_left,4,outgoing,256,02:00:00:00:00:01,02:00:00:00:00:02,0x88b5,reverse,1,1075,67,200912
1482,1786990926087856,l_left,4,outgoing,256,02:00:00:00:00:01,02:00:00:00:00:02,0x88b5,reverse,1,1076,67,200943
1483,1786990926087873,l_left,4,outgoing,256,02:00:00:00:00:01,02:00:00:00:00:02,0x88b5,reverse,1,1077,67,200960
1484,1786990926087890,l_left,4,outgoing,256,02:00:00:00:00:01,02:00:00:00:00:02,0x88b5,reverse,1,1078,67,200977
1485,1786990926088155,l_left,4,outgoing,256,02:00:00:00:00:01,02:00:00:00:00:02,0x88b5,reverse,1,1079,67,201242
1486,1786990926088268,l_left,4,outgoing,256,02:00:00:00:00:01,02:00:00:00:00:02,0x88b5,reverse,1,1080,67,201355
1487,1786990926088572,l_left,4,outgoing,256,02:00:00:00:00:01,02:00:00:00:00:02,0x88b5,reverse,1,1081,67,201659
1488,1786990926088828,l_left,4,outgoing,256,02:00:00:00:00:01,02:00:00:00:00:02,0x88b5,reverse,1,1082,67,201915
1489,1786990926089082,l_left,4,outgoing,256,02:00:00:00:00:01,02:00:00:00:00:02,0x88b5,reverse,1,1083,67,202169
1490,1786990926089331,l_left,4,outgoing,256,02:00:00:00:00:01,02:00:00:00:00:02,0x88b5,reverse,1,1084,67,202418
1491,1786990926089572,l_left,4,outgoing,256,02:00:00:00:00:01,02:00:00:00:00:02,0x88b5,reverse,1,1085,67,202659
1492,1786990926089797,l_left,4,outgoing,256,02:00:00:00:00:01,02:00:00:00:00:02,0x88b5,reverse,1,1086,67,202884
1493,1786990926090011,l_left,4,outgoing,256,02:00:00:00:00:01,02:00:00:00:00:02,0x88b5,reverse,1,1087,67,203098
1494,1786990926090513,l_left,3,otherhost,256,02:00:00:00:00:02,02:00:00:00:00:01,0x88b5,forward,1,406,67,203600
1495,1786990926090533,l_left,3,otherhost,256,02:00:00:00:00:02,02:00:00:00:00:01,0x88b5,forward,1,407,67,203620
1496,1786990926096988,l_left,3,otherhost,256,02:00:00:00:00:02,02:00:00:00:00:01,0x88b5,forward,1,408,68,0
1497,1786990926097011,l_left,3,otherhost,256,02:00:00:00:00:02,02:00:00:00:00:01,0x88b5,forward,1,409,68,23
1498,1786990926097443,l_left,3,otherhost,256,02:00:00:00:00:02,02:00:00:00:00:01,0x88b5,forward,1,410,68,455
1499,1786990926097462,l_left,3,otherhost,256,02:00:00:00:00:02,02:00:00:00:00:01,0x88b5,forward,1,411,68,474
1500,1786990926098125,l_left,4,outgoing,256,02:00:00:00:00:01,02:00:00:00:00:02,0x88b5,reverse,1,1088,68,1137
1501,1786990926098153,l_left,4,outgoing,256,02:00:00:00:00:01,02:00:00:00:00:02,0x88b5,reverse,1,1089,68,1165
1502,1786990926298197,l_left,4,outgoing,256,02:00:00:00:00:01,02:00:00:00:00:02,0x88b5,reverse,1,1090,68,201209
1503,1786990926298259,l_left,4,outgoing,256,02:00:00:00:00:01,02:00:00:00:00:02,0x88b5,reverse,1,1091,68,201271
1504,1786990926298291,l_left,4,outgoing,256,02:00:00:00:00:01,02:00:00:00:00:02,0x88b5,reverse,1,1092,68,201303
1505,1786990926298309,l_left,4,outgoing,256,02:00:00:00:00:01,02:00:00:00:00:02,0x88b5,reverse,1,1093,68,201321
1506,1786990926298329,l_left,4,outgoing,256,02:00:00:00:00:01,02:00:00:00:00:02,0x88b5,reverse,1,1094,68,201341
1507,1786990926298352,l_left,4,outgoing,256,02:00:00:00:00:01,02:00:00:00:00:02,0x88b5,reverse,1,1095,68,201364
1508,1786990926298366,l_left,4,outgoing,256,02:00:00:00:00:01,02:00:00:00:00:02,0x88b5,reverse,1,1096,68,201378
1509,1786990926298485,l_left,4,outgoing,256,02:00:00:00:00:01,02:00:00:00:00:02,0x88b5,reverse,1,1097,68,201497
1510,1786990926298812,l_left,4,outgoing,256,02:00:00:00:00:01,02:00:00:00:00:02,0x88b5,reverse,1,1098,68,201824
1511,1786990926299055,l_left,4,outgoing,256,02:00:00:00:00:01,02:00:00:00:00:02,0x88b5,reverse,1,1099,68,202067
1512,1786990926299321,l_left,4,outgoing,256,02:00:00:00:00:01,02:00:00:00:00:02,0x88b5,reverse,1,1100,68,202333
1513,1786990926299583,l_left,4,outgoing,256,02:00:00:00:00:01,02:00:00:00:00:02,0x88b5,reverse,1,1101,68,202595
1514,1786990926299831,l_left,4,outgoing,256,02:00:00:00:00:01,02:00:00:00:00:02,0x88b5,reverse,1,1102,68,202843
1515,1786990926300072,l_left,4,outgoing,256,02:00:00:00:00:01,02:00:00:00:00:02,0x88b5,reverse,1,1103,68,203084
1516,1786990926300552,l_left,3,otherhost,256,02:00:00:00:00:02,02:00:00:00:00:01,0x88b5,forward,1,412,68,203564
1517,1786990926300590,l_left,3,otherhost,256,02:00:00:00:00:02,02:00:00:00:00:01,0x88b5,forward,1,413,68,203602
1518,1786990926306954,l_left,3,otherhost,256,02:00:00:00:00:02,02:00:00:00:00:01,0x88b5,forward,1,414,69,0
1519,1786990926306998,l_left,3,otherhost,256,02:00:00:00:00:02,02:00:00:00:00:01,0x88b5,forward,1,415,69,44
1520,1786990926307231,l_left,3,otherhost,256,02:00:00:00:00:02,02:00:00:00:00:01,0x88b5,forward,1,416,69,277
1521,1786990926307474,l_left,3,otherhost,256,02:00:00:00:00:02,02:00:00:00:00:01,0x88b5,forward,1,417,69,520
1522,1786990926308097,l_left,4,outgoing,256,02:00:00:00:00:01,02:00:00:00:00:02,0x88b5,reverse,1,1104,69,1143
1523,1786990926308137,l_left,4,outgoing,256,02:00:00:00:00:01,02:00:00:00:00:02,0x88b5,reverse,1,1105,69,1183
1524,1786990926508177,l_left,4,outgoing,256,02:00:00:00:00:01,02:00:00:00:00:02,0x88b5,reverse,1,1106,69,201223
1525,1786990926508240,l_left,4,outgoing,256,02:00:00:00:00:01,02:00:00:00:00:02,0x88b5,reverse,1,1107,69,201286
1526,1786990926508263,l_left,4,outgoing,256,02:00:00:00:00:01,02:00:00:00:00:02,0x88b5,reverse,1,1108,69,201309
1527,1786990926508281,l_left,4,outgoing,256,02:00:00:00:00:01,02:00:00:00:00:02,0x88b5,reverse,1,1109,69,201327
1528,1786990926508296,l_left,4,outgoing,256,02:00:00:00:00:01,02:00:00:00:00:02,0x88b5,reverse,1,1110,69,201342
1529,1786990926508311,l_left,4,outgoing,256,02:00:00:00:00:01,02:00:00:00:00:02,0x88b5,reverse,1,1111,69,201357
1530,1786990926508335,l_left,4,outgoing,256,02:00:00:00:00:01,02:00:00:00:00:02,0x88b5,reverse,1,1112,69,201381
1531,1786990926508574,l_left,4,outgoing,256,02:00:00:00:00:01,02:00:00:00:00:02,0x88b5,reverse,1,1113,69,201620
1532,1786990926508832,l_left,4,outgoing,256,02:00:00:00:00:01,02:00:00:00:00:02,0x88b5,reverse,1,1114,69,201878
1533,1786990926509077,l_left,4,outgoing,256,02:00:00:00:00:01,02:00:00:00:00:02,0x88b5,reverse,1,1115,69,202123
1534,1786990926509342,l_left,4,outgoing,256,02:00:00:00:00:01,02:00:00:00:00:02,0x88b5,reverse,1,1116,69,202388
1535,1786990926509582,l_left,4,outgoing,256,02:00:00:00:00:01,02:00:00:00:00:02,0x88b5,reverse,1,1117,69,202628
1536,1786990926509823,l_left,4,outgoing,256,02:00:00:00:00:01,02:00:00:00:00:02,0x88b5,reverse,1,1118,69,202869
1537,1786990926510046,l_left,4,outgoing,256,02:00:00:00:00:01,02:00:00:00:00:02,0x88b5,reverse,1,1119,69,203092
1538,1786990926510429,l_left,3,otherhost,256,02:00:00:00:00:02,02:00:00:00:00:01,0x88b5,forward,1,418,69,203475
1539,1786990926510467,l_left,3,otherhost,256,02:00:00:00:00:02,02:00:00:00:00:01,0x88b5,forward,1,419,69,203513
1540,1786990926517111,l_left,3,otherhost,256,02:00:00:00:00:02,02:00:00:00:00:01,0x88b5,forward,1,420,70,0
1541,1786990926517161,l_left,3,otherhost,256,02:00:00:00:00:02,02:00:00:00:00:01,0x88b5,forward,1,421,70,50
1542,1786990926517323,l_left,3,otherhost,256,02:00:00:00:00:02,02:00:00:00:00:01,0x88b5,forward,1,422,70,212
1543,1786990926517446,l_left,3,otherhost,256,02:00:00:00:00:02,02:00:00:00:00:01,0x88b5,forward,1,423,70,335
1544,1786990926518082,l_left,4,outgoing,256,02:00:00:00:00:01,02:00:00:00:00:02,0x88b5,reverse,1,1120,70,971
1545,1786990926518123,l_left,4,outgoing,256,02:00:00:00:00:01,02:00:00:00:00:02,0x88b5,reverse,1,1121,70,1012
1546,1786990926717804,l_left,4,outgoing,256,02:00:00:00:00:01,02:00:00:00:00:02,0x88b5,reverse,1,1122,70,200693
1547,1786990926717876,l_left,4,outgoing,256,02:00:00:00:00:01,02:00:00:00:00:02,0x88b5,reverse,1,1123,70,200765
1548,1786990926717898,l_left,4,outgoing,256,02:00:00:00:00:01,02:00:00:00:00:02,0x88b5,reverse,1,1124,70,200787
1549,1786990926717916,l_left,4,outgoing,256,02:00:00:00:00:01,02:00:00:00:00:02,0x88b5,reverse,1,1125,70,200805
1550,1786990926717931,l_left,4,outgoing,256,02:00:00:00:00:01,02:00:00:00:00:02,0x88b5,reverse,1,1126,70,200820
1551,1786990926718000,l_left,4,outgoing,256,02:00:00:00:00:01,02:00:00:00:00:02,0x88b5,reverse,1,1127,70,200889
1552,1786990926718297,l_left,4,outgoing,256,02:00:00:00:00:01,02:00:00:00:00:02,0x88b5,reverse,1,1128,70,201186
1553,1786990926718546,l_left,4,outgoing,256,02:00:00:00:00:01,02:00:00:00:00:02,0x88b5,reverse,1,1129,70,201435
1554,1786990926718792,l_left,4,outgoing,256,02:00:00:00:00:01,02:00:00:00:00:02,0x88b5,reverse,1,1130,70,201681
1555,1786990926719049,l_left,4,outgoing,256,02:00:00:00:00:01,02:00:00:00:00:02,0x88b5,reverse,1,1131,70,201938
1556,1786990926719280,l_left,4,outgoing,256,02:00:00:00:00:01,02:00:00:00:00:02,0x88b5,reverse,1,1132,70,202169
1557,1786990926719602,l_left,4,outgoing,256,02:00:00:00:00:01,02:00:00:00:00:02,0x88b5,reverse,1,1133,70,202491
1558,1786990926719766,l_left,4,outgoing,256,02:00:00:00:00:01,02:00:00:00:00:02,0x88b5,reverse,1,1134,70,202655
1559,1786990926719971,l_left,4,outgoing,256,02:00:00:00:00:01,02:00:00:00:00:02,0x88b5,reverse,1,1135,70,202860
1560,1786990926720511,l_left,3,otherhost,256,02:00:00:00:00:02,02:00:00:00:00:01,0x88b5,forward,1,424,70,203400
1561,1786990926720532,l_left,3,otherhost,256,02:00:00:00:00:02,02:00:00:00:00:01,0x88b5,forward,1,425,70,203421
1562,1786990926726893,l_left,3,otherhost,256,02:00:00:00:00:02,02:00:00:00:00:01,0x88b5,forward,1,426,71,0
1563,1786990926726929,l_left,3,otherhost,256,02:00:00:00:00:02,02:00:00:00:00:01,0x88b5,forward,1,427,71,36
1564,1786990926727176,l_left,3,otherhost,256,02:00:00:00:00:02,02:00:00:00:00:01,0x88b5,forward,1,428,71,283
1565,1786990926727422,l_left,3,otherhost,256,02:00:00:00:00:02,02:00:00:00:00:01,0x88b5,forward,1,429,71,529
1566,1786990926727961,l_left,4,outgoing,256,02:00:00:00:00:01,02:00:00:00:00:02,0x88b5,reverse,1,1136,71,1068
1567,1786990926727995,l_left,4,outgoing,256,02:00:00:00:00:01,02:00:00:00:00:02,0x88b5,reverse,1,1137,71,1102
1568,1786990926928182,l_left,4,outgoing,256,02:00:00:00:00:01,02:00:00:00:00:02,0x88b5,reverse,1,1138,71,201289
1569,1786990926928244,l_left,4,outgoing,256,02:00:00:00:00:01,02:00:00:00:00:02,0x88b5,reverse,1,1139,71,201351
1570,1786990926928267,l_left,4,outgoing,256,02:00:00:00:00:01,02:00:00:00:00:02,0x88b5,reverse,1,1140,71,201374
1571,1786990926928284,l_left,4,outgoing,256,02:00:00:00:00:01,02:00:00:00:00:02,0x88b5,reverse,1,1141,71,201391
1572,1786990926928300,l_left,4,outgoing,256,02:00:00:00:00:01,02:00:00:00:00:02,0x88b5,reverse,1,1142,71,201407
1573,1786990926928338,l_left,4,outgoing,256,02:00:00:00:00:01,02:00:00:00:00:02,0x88b5,reverse,1,1143,71,201445
1574,1786990926928820,l_left,4,outgoing,256,02:00:00:00:00:01,02:00:00:00:00:02,0x88b5,reverse,1,1144,71,201927
1575,1786990926928858,l_left,4,outgoing,256,02:00:00:00:00:01,02:00:00:00:00:02,0x88b5,reverse,1,1145,71,201965
1576,1786990926928899,l_left,4,outgoing,256,02:00:00:00:00:01,02:00:00:00:00:02,0x88b5,reverse,1,1146,71,202006
1577,1786990926929021,l_left,4,outgoing,256,02:00:00:00:00:01,02:00:00:00:00:02,0x88b5,reverse,1,1147,71,202128
1578,1786990926929294,l_left,4,outgoing,256,02:00:00:00:00:01,02:00:00:00:00:02,0x88b5,reverse,1,1148,71,202401
1579,1786990926929553,l_left,4,outgoing,256,02:00:00:00:00:01,02:00:00:00:00:02,0x88b5,reverse,1,1149,71,202660
1580,1786990926929794,l_left,4,outgoing,256,02:00:00:00:00:01,02:00:00:00:00:02,0x88b5,reverse,1,1150,71,202901
1581,1786990926930031,l_left,4,outgoing,256,02:00:00:00:00:01,02:00:00:00:00:02,0x88b5,reverse,1,1151,71,203138
1582,1786990926930396,l_left,3,otherhost,256,02:00:00:00:00:02,02:00:00:00:00:01,0x88b5,forward,1,430,71,203503
1583,1786990926930421,l_left,3,otherhost,256,02:00:00:00:00:02,02:00:00:00:00:01,0x88b5,forward,1,431,71,203528
1584,1786990926936972,l_left,3,otherhost,256,02:00:00:00:00:02,02:00:00:00:00:01,0x88b5,forward,1,432,72,0
1585,1786990926937010,l_left,3,otherhost,256,02:00:00:00:00:02,02:00:00:00:00:01,0x88b5,forward,1,433,72,38
1586,1786990926937577,l_left,3,otherhost,256,02:00:00:00:00:02,02:00:00:00:00:01,0x88b5,forward,1,434,72,605
1587,1786990926937625,l_left,3,otherhost,256,02:00:00:00:00:02,02:00:00:00:00:01,0x88b5,forward,1,435,72,653
1588,1786990926937996,l_left,4,outgoing,256,02:00:00:00:00:01,02:00:00:00:00:02,0x88b5,reverse,1,1152,72,1024
1589,1786990926938037,l_left,4,outgoing,256,02:00:00:00:00:01,02:00:00:00:00:02,0x88b5,reverse,1,1153,72,1065
1590,1786990927137861,l_left,4,outgoing,256,02:00:00:00:00:01,02:00:00:00:00:02,0x88b5,reverse,1,1154,72,200889
1591,1786990927137924,l_left,4,outgoing,256,02:00:00:00:00:01,02:00:00:00:00:02,0x88b5,reverse,1,1155,72,200952
1592,1786990927137946,l_left,4,outgoing,256,02:00:00:00:00:01,02:00:00:00:00:02,0x88b5,reverse,1,1156,72,200974
1593,1786990927137972,l_left,4,outgoing,256,02:00:00:00:00:01,02:00:00:00:00:02,0x88b5,reverse,1,1157,72,201000
1594,1786990927137989,l_left,4,outgoing,256,02:00:00:00:00:01,02:00:00:00:00:02,0x88b5,reverse,1,1158,72,201017
1595,1786990927138019,l_left,4,outgoing,256,02:00:00:00:00:01,02:00:00:00:00:02,0x88b5,reverse,1,1159,72,201047
1596,1786990927138296,l_left,4,outgoing,256,02:00:00:00:00:01,02:00:00:00:00:02,0x88b5,reverse,1,1160,72,201324
1597,1786990927138552,l_left,4,outgoing,256,02:00:00:00:00:01,02:00:00:00:00:02,0x88b5,reverse,1,1161,72,201580
1598,1786990927138796,l_left,4,outgoing,256,02:00:00:00:00:01,02:00:00:00:00:02,0x88b5,reverse,1,1162,72,201824
1599,1786990927139046,l_left,4,outgoing,256,02:00:00:00:00:01,02:00:00:00:00:02,0x88b5,reverse,1,1163,72,202074
1600,1786990927139309,l_left,4,outgoing,256,02:00:00:00:00:01,02:00:00:00:00:02,0x88b5,reverse,1,1164,72,202337
1601,1786990927139544,l_left,4,outgoing,256,02:00:00:00:00:01,02:00:00:00:00:02,0x88b5,reverse,1,1165,72,202572
1602,1786990927139783,l_left,4,outgoing,256,02:00:00:00:00:01,02:00:00:00:00:02,0x88b5,reverse,1,1166,72,202811
1603,1786990927140002,l_left,4,outgoing,256,02:00:00:00:00:01,02:00:00:00:00:02,0x88b5,reverse,1,1167,72,203030
1604,1786990927140418,l_left,3,otherhost,256,02:00:00:00:00:02,02:00:00:00:00:01,0x88b5,forward,1,436,72,203446
1605,1786990927140456,l_left,3,otherhost,256,02:00:00:00:00:02,02:00:00:00:00:01,0x88b5,forward,1,437,72,203484
1606,1786990927146892,l_left,3,otherhost,256,02:00:00:00:00:02,02:00:00:00:00:01,0x88b5,forward,1,438,73,0
1607,1786990927146929,l_left,3,otherhost,256,02:00:00:00:00:02,02:00:00:00:00:01,0x88b5,forward,1,439,73,37
1608,1786990927147203,l_left,3,otherhost,256,02:00:00:00:00:02,02:00:00:00:00:01,0x88b5,forward,1,440,73,311
1609,1786990927147427,l_left,3,otherhost,256,02:00:00:00:00:02,02:00:00:00:00:01,0x88b5,forward,1,441,73,535
1610,1786990927147965,l_left,4,outgoing,256,02:00:00:00:00:01,02:00:00:00:00:02,0x88b5,reverse,1,1168,73,1073
1611,1786990927147997,l_left,4,outgoing,256,02:00:00:00:00:01,02:00:00:00:00:02,0x88b5,reverse,1,1169,73,1105
1612,1786990927347932,l_left,4,outgoing,256,02:00:00:00:00:01,02:00:00:00:00:02,0x88b5,reverse,1,1170,73,201040
1613,1786990927348013,l_left,4,outgoing,256,02:00:00:00:00:01,02:00:00:00:00:02,0x88b5,reverse,1,1171,73,201121
1614,1786990927348041,l_left,4,outgoing,256,02:00:00:00:00:01,02:00:00:00:00:02,0x88b5,reverse,1,1172,73,201149
1615,1786990927348059,l_left,4,outgoing,256,02:00:00:00:00:01,02:00:00:00:00:02,0x88b5,reverse,1,1173,73,201167
1616,1786990927348077,l_left,4,outgoing,256,02:00:00:00:00:01,02:00:00:00:00:02,0x88b5,reverse,1,1174,73,201185
1617,1786990927348117,l_left,4,outgoing,256,02:00:00:00:00:01,02:00:00:00:00:02,0x88b5,reverse,1,1175,73,201225
1618,1786990927348267,l_left,4,outgoing,256,02:00:00:00:00:01,02:00:00:00:00:02,0x88b5,reverse,1,1176,73,201375
1619,1786990927348560,l_left,4,outgoing,256,02:00:00:00:00:01,02:00:00:00:00:02,0x88b5,reverse,1,1177,73,201668
1620,1786990927348872,l_left,4,outgoing,256,02:00:00:00:00:01,02:00:00:00:00:02,0x88b5,reverse,1,1178,73,201980
1621,1786990927349077,l_left,4,outgoing,256,02:00:00:00:00:01,02:00:00:00:00:02,0x88b5,reverse,1,1179,73,202185
1622,1786990927349302,l_left,4,outgoing,256,02:00:00:00:00:01,02:00:00:00:00:02,0x88b5,reverse,1,1180,73,202410
1623,1786990927349545,l_left,4,outgoing,256,02:00:00:00:00:01,02:00:00:00:00:02,0x88b5,reverse,1,1181,73,202653
1624,1786990927349782,l_left,4,outgoing,256,02:00:00:00:00:01,02:00:00:00:00:02,0x88b5,reverse,1,1182,73,202890
1625,1786990927349977,l_left,4,outgoing,256,02:00:00:00:00:01,02:00:00:00:00:02,0x88b5,reverse,1,1183,73,203085
1626,1786990927350443,l_left,3,otherhost,256,02:00:00:00:00:02,02:00:00:00:00:01,0x88b5,forward,1,442,73,203551
1627,1786990927350462,l_left,3,otherhost,256,02:00:00:00:00:02,02:00:00:00:00:01,0x88b5,forward,1,443,73,203570
1628,1786990927356957,l_left,3,otherhost,256,02:00:00:00:00:02,02:00:00:00:00:01,0x88b5,forward,1,444,74,0
1629,1786990927356995,l_left,3,otherhost,256,02:00:00:00:00:02,02:00:00:00:00:01,0x88b5,forward,1,445,74,38
1630,1786990927357297,l_left,3,otherhost,256,02:00:00:00:00:02,02:00:00:00:00:01,0x88b5,forward,1,446,74,340
1631,1786990927357430,l_left,3,otherhost,256,02:00:00:00:00:02,02:00:00:00:00:01,0x88b5,forward,1,447,74,473
1632,1786990927358055,l_left,4,outgoing,256,02:00:00:00:00:01,02:00:00:00:00:02,0x88b5,reverse,1,1184,74,1098
1633,1786990927358097,l_left,4,outgoing,256,02:00:00:00:00:01,02:00:00:00:00:02,0x88b5,reverse,1,1185,74,1140
1634,1786990927557824,l_left,4,outgoing,256,02:00:00:00:00:01,02:00:00:00:00:02,0x88b5,reverse,1,1186,74,200867
1635,1786990927557886,l_left,4,outgoing,256,02:00:00:00:00:01,02:00:00:00:00:02,0x88b5,reverse,1,1187,74,200929
1636,1786990927557914,l_left,4,outgoing,256,02:00:00:00:00:01,02:00:00:00:00:02,0x88b5,reverse,1,1188,74,200957
1637,1786990927557930,l_left,4,outgoing,256,02:00:00:00:00:01,02:00:00:00:00:02,0x88b5,reverse,1,1189,74,200973
1638,1786990927557946,l_left,4,outgoing,256,02:00:00:00:00:01,02:00:00:00:00:02,0x88b5,reverse,1,1190,74,200989
1639,1786990927557989,l_left,4,outgoing,256,02:00:00:00:00:01,02:00:00:00:00:02,0x88b5,reverse,1,1191,74,201032
1640,1786990927558298,l_left,4,outgoing,256,02:00:00:00:00:01,02:00:00:00:00:02,0x88b5,reverse,1,1192,74,201341
1641,1786990927558546,l_left,4,outgoing,256,02:00:00:00:00:01,02:00:00:00:00:02,0x88b5,reverse,1,1193,74,201589
1642,1786990927558806,l_left,4,outgoing,256,02:00:00:00:00:01,02:00:00:00:00:02,0x88b5,reverse,1,1194,74,201849
1643,1786990927559044,l_left,4,outgoing,256,02:00:00:00:00:01,02:00:00:00:00:02,0x88b5,reverse,1,1195,74,202087
1644,1786990927559281,l_left,4,outgoing,256,02:00:00:00:00:01,02:00:00:00:00:02,0x88b5,reverse,1,1196,74,202324
1645,1786990927559505,l_left,4,outgoing,256,02:00:00:00:00:01,02:00:00:00:00:02,0x88b5,reverse,1,1197,74,202548
1646,1786990927559748,l_left,4,outgoing,256,02:00:00:00:00:01,02:00:00:00:00:02,0x88b5,reverse,1,1198,74,202791
1647,1786990927560005,l_left,4,outgoing,256,02:00:00:00:00:01,02:00:00:00:00:02,0x88b5,reverse,1,1199,74,203048
1648,1786990927560548,l_left,3,otherhost,256,02:00:00:00:00:02,02:00:00:00:00:01,0x88b5,forward,1,448,74,203591
1649,1786990927560572,l_left,3,otherhost,256,02:00:00:00:00:02,02:00:00:00:00:01,0x88b5,forward,1,449,74,203615
1650,1786990927566877,l_left,3,otherhost,256,02:00:00:00:00:02,02:00:00:00:00:01,0x88b5,forward,1,450,75,0
1651,1786990927566905,l_left,3,otherhost,256,02:00:00:00:00:02,02:00:00:00:00:01,0x88b5,forward,1,451,75,28
1652,1786990927567174,l_left,3,otherhost,256,02:00:00:00:00:02,02:00:00:00:00:01,0x88b5,forward,1,452,75,297
1653,1786990927567421,l_left,3,otherhost,256,02:00:00:00:00:02,02:00:00:00:00:01,0x88b5,forward,1,453,75,544
1654,1786990927567952,l_left,4,outgoing,256,02:00:00:00:00:01,02:00:00:00:00:02,0x88b5,reverse,1,1200,75,1075
1655,1786990927567985,l_left,4,outgoing,256,02:00:00:00:00:01,02:00:00:00:00:02,0x88b5,reverse,1,1201,75,1108
1656,1786990927767915,l_left,4,outgoing,256,02:00:00:00:00:01,02:00:00:00:00:02,0x88b5,reverse,1,1202,75,201038
1657,1786990927767976,l_left,4,outgoing,256,02:00:00:00:00:01,02:00:00:00:00:02,0x88b5,reverse,1,1203,75,201099
1658,1786990927767999,l_left,4,outgoing,256,02:00:00:00:00:01,02:00:00:00:00:02,0x88b5,reverse,1,1204,75,201122
1659,1786990927768016,l_left,4,outgoing,256,02:00:00:00:00:01,02:00:00:00:00:02,0x88b5,reverse,1,1205,75,201139
1660,1786990927768038,l_left,4,outgoing,256,02:00:00:00:00:01,02:00:00:00:00:02,0x88b5,reverse,1,1206,75,201161
1661,1786990927768052,l_left,4,outgoing,256,02:00:00:00:00:01,02:00:00:00:00:02,0x88b5,reverse,1,1207,75,201175
1662,1786990927768323,l_left,4,outgoing,256,02:00:00:00:00:01,02:00:00:00:00:02,0x88b5,reverse,1,1208,75,201446
1663,1786990927768581,l_left,4,outgoing,256,02:00:00:00:00:01,02:00:00:00:00:02,0x88b5,reverse,1,1209,75,201704
1664,1786990927768823,l_left,4,outgoing,256,02:00:00:00:00:01,02:00:00:00:00:02,0x88b5,reverse,1,1210,75,201946
1665,1786990927769076,l_left,4,outgoing,256,02:00:00:00:00:01,02:00:00:00:00:02,0x88b5,reverse,1,1211,75,202199
1666,1786990927769328,l_left,4,outgoing,256,02:00:00:00:00:01,02:00:00:00:00:02,0x88b5,reverse,1,1212,75,202451
1667,1786990927769580,l_left,4,outgoing,256,02:00:00:00:00:01,02:00:00:00:00:02,0x88b5,reverse,1,1213,75,202703
1668,1786990927769812,l_left,4,outgoing,256,02:00:00:00:00:01,02:00:00:00:00:02,0x88b5,reverse,1,1214,75,202935
1669,1786990927769996,l_left,4,outgoing,256,02:00:00:00:00:01,02:00:00:00:00:02,0x88b5,reverse,1,1215,75,203119
1670,1786990927770593,l_left,3,otherhost,256,02:00:00:00:00:02,02:00:00:00:00:01,0x88b5,forward,1,454,75,203716
1671,1786990927770617,l_left,3,otherhost,256,02:00:00:00:00:02,02:00:00:00:00:01,0x88b5,forward,1,455,75,203740
1672,1786990927777037,l_left,3,otherhost,256,02:00:00:00:00:02,02:00:00:00:00:01,0x88b5,forward,1,456,76,0
1673,1786990927777075,l_left,3,otherhost,256,02:00:00:00:00:02,02:00:00:00:00:01,0x88b5,forward,1,457,76,38
1674,1786990927777209,l_left,3,otherhost,256,02:00:00:00:00:02,02:00:00:00:00:01,0x88b5,forward,1,458,76,172
1675,1786990927777447,l_left,3,otherhost,256,02:00:00:00:00:02,02:00:00:00:00:01,0x88b5,forward,1,459,76,410
1676,1786990927778000,l_left,4,outgoing,256,02:00:00:00:00:01,02:00:00:00:00:02,0x88b5,reverse,1,1216,76,963
1677,1786990927778024,l_left,4,outgoing,256,02:00:00:00:00:01,02:00:00:00:00:02,0x88b5,reverse,1,1217,76,987
1678,1786990927978259,l_left,4,outgoing,256,02:00:00:00:00:01,02:00:00:00:00:02,0x88b5,reverse,1,1218,76,201222
1679,1786990927978319,l_left,4,outgoing,256,02:00:00:00:00:01,02:00:00:00:00:02,0x88b5,reverse,1,1219,76,201282
1680,1786990927978342,l_left,4,outgoing,256,02:00:00:00:00:01,02:00:00:00:00:02,0x88b5,reverse,1,1220,76,201305
1681,1786990927978359,l_left,4,outgoing,256,02:00:00:00:00:01,02:00:00:00:00:02,0x88b5,reverse,1,1221,76,201322
1682,1786990927978375,l_left,4,outgoing,256,02:00:00:00:00:01,02:00:00:00:00:02,0x88b5,reverse,1,1222,76,201338
1683,1786990927978390,l_left,4,outgoing,256,02:00:00:00:00:01,02:00:00:00:00:02,0x88b5,reverse,1,1223,76,201353
1684,1786990927978403,l_left,4,outgoing,256,02:00:00:00:00:01,02:00:00:00:00:02,0x88b5,reverse,1,1224,76,201366
1685,1786990927978539,l_left,4,outgoing,256,02:00:00:00:00:01,02:00:00:00:00:02,0x88b5,reverse,1,1225,76,201502
1686,1786990927978821,l_left,4,outgoing,256,02:00:00:00:00:01,02:00:00:00:00:02,0x88b5,reverse,1,1226,76,201784
1687,1786990927979080,l_left,4,outgoing,256,02:00:00:00:00:01,02:00:00:00:00:02,0x88b5,reverse,1,1227,76,202043
1688,1786990927979338,l_left,4,outgoing,256,02:00:00:00:00:01,02:00:00:00:00:02,0x88b5,reverse,1,1228,76,202301
1689,1786990927979586,l_left,4,outgoing,256,02:00:00:00:00:01,02:00:00:00:00:02,0x88b5,reverse,1,1229,76,202549
1690,1786990927979827,l_left,4,outgoing,256,02:00:00:00:00:01,02:00:00:00:00:02,0x88b5,reverse,1,1230,76,202790
1691,1786990927980066,l_left,4,outgoing,256,02:00:00:00:00:01,02:00:00:00:00:02,0x88b5,reverse,1,1231,76,203029
1692,1786990927980585,l_left,3,otherhost,256,02:00:00:00:00:02,02:00:00:00:00:01,0x88b5,forward,1,460,76,203548
1693,1786990927980623,l_left,3,otherhost,256,02:00:00:00:00:02,02:00:00:00:00:01,0x88b5,forward,1,461,76,203586
1694,1786990927987029,l_left,3,otherhost,256,02:00:00:00:00:02,02:00:00:00:00:01,0x88b5,forward,1,462,77,0
1695,1786990927987065,l_left,3,otherhost,256,02:00:00:00:00:02,02:00:00:00:00:01,0x88b5,forward,1,463,77,36
1696,1786990927987197,l_left,3,otherhost,256,02:00:00:00:00:02,02:00:00:00:00:01,0x88b5,forward,1,464,77,168
1697,1786990927987444,l_left,3,otherhost,256,02:00:00:00:00:02,02:00:00:00:00:01,0x88b5,forward,1,465,77,415
1698,1786990927988090,l_left,4,outgoing,256,02:00:00:00:00:01,02:00:00:00:00:02,0x88b5,reverse,1,1232,77,1061
1699,1786990927988131,l_left,4,outgoing,256,02:00:00:00:00:01,02:00:00:00:00:02,0x88b5,reverse,1,1233,77,1102
1700,1786990928187639,l_left,4,outgoing,256,02:00:00:00:00:01,02:00:00:00:00:02,0x88b5,reverse,1,1234,77,200610
1701,1786990928187700,l_left,4,outgoing,256,02:00:00:00:00:01,02:00:00:00:00:02,0x88b5,reverse,1,1235,77,200671
1702,1786990928187722,l_left,4,outgoing,256,02:00:00:00:00:01,02:00:00:00:00:02,0x88b5,reverse,1,1236,77,200693
1703,1786990928187739,l_left,4,outgoing,256,02:00:00:00:00:01,02:00:00:00:00:02,0x88b5,reverse,1,1237,77,200710
1704,1786990928187759,l_left,4,outgoing,256,02:00:00:00:00:01,02:00:00:00:00:02,0x88b5,reverse,1,1238,77,200730
1705,1786990928188065,l_left,4,outgoing,256,02:00:00:00:00:01,02:00:00:00:00:02,0x88b5,reverse,1,1239,77,201036
1706,1786990928188324,l_left,4,outgoing,256,02:00:00:00:00:01,02:00:00:00:00:02,0x88b5,reverse,1,1240,77,201295
1707,1786990928188576,l_left,4,outgoing,256,02:00:00:00:00:01,02:00:00:00:00:02,0x88b5,reverse,1,1241,77,201547
1708,1786990928188828,l_left,4,outgoing,256,02:00:00:00:00:01,02:00:00:00:00:02,0x88b5,reverse,1,1242,77,201799
1709,1786990928189078,l_left,4,outgoing,256,02:00:00:00:00:01,02:00:00:00:00:02,0x88b5,reverse,1,1243,77,202049
1710,1786990928189322,l_left,4,outgoing,256,02:00:00:00:00:01,02:00:00:00:00:02,0x88b5,reverse,1,1244,77,202293
1711,1786990928189566,l_left,4,outgoing,256,02:00:00:00:00:01,02:00:00:00:00:02,0x88b5,reverse,1,1245,77,202537
1712,1786990928189755,l_left,4,outgoing,256,02:00:00:00:00:01,02:00:00:00:00:02,0x88b5,reverse,1,1246,77,202726
1713,1786990928189960,l_left,4,outgoing,256,02:00:00:00:00:01,02:00:00:00:00:02,0x88b5,reverse,1,1247,77,202931
1714,1786990928191197,l_left,3,otherhost,256,02:00:00:00:00:02,02:00:00:00:00:01,0x88b5,forward,1,466,77,204168
1715,1786990928191217,l_left,3,otherhost,256,02:00:00:00:00:02,02:00:00:00:00:01,0x88b5,forward,1,467,77,204188
1716,1786990928197275,l_left,3,otherhost,256,02:00:00:00:00:02,02:00:00:00:00:01,0x88b5,forward,1,468,78,0
1717,1786990928197301,l_left,3,otherhost,256,02:00:00:00:00:02,02:00:00:00:00:01,0x88b5,forward,1,469,78,26
1718,1786990928197318,l_left,3,otherhost,256,02:00:00:00:00:02,02:00:00:00:00:01,0x88b5,forward,1,470,78,43
1719,1786990928197447,l_left,3,otherhost,256,02:00:00:00:00:02,02:00:00:00:00:01,0x88b5,forward,1,471,78,172
1720,1786990928197789,l_left,4,outgoing,256,02:00:00:00:00:01,02:00:00:00:00:02,0x88b5,reverse,1,1248,78,514
1721,1786990928197959,l_left,4,outgoing,256,02:00:00:00:00:01,02:00:00:00:00:02,0x88b5,reverse,1,1249,78,684
1722,1786990928397748,l_left,4,outgoing,256,02:00:00:00:00:01,02:00:00:00:00:02,0x88b5,reverse,1,1250,78,200473
1723,1786990928397810,l_left,4,outgoing,256,02:00:00:00:00:01,02:00:00:00:00:02,0x88b5,reverse,1,1251,78,200535
1724,1786990928397833,l_left,4,outgoing,256,02:00:00:00:00:01,02:00:00:00:00:02,0x88b5,reverse,1,1252,78,200558
1725,1786990928397850,l_left,4,outgoing,256,02:00:00:00:00:01,02:00:00:00:00:02,0x88b5,reverse,1,1253,78,200575
1726,1786990928397865,l_left,4,outgoing,256,02:00:00:00:00:01,02:00:00:00:00:02,0x88b5,reverse,1,1254,78,200590
1727,1786990928397998,l_left,4,outgoing,256,02:00:00:00:00:01,02:00:00:00:00:02,0x88b5,reverse,1,1255,78,200723
1728,1786990928398321,l_left,4,outgoing,256,02:00:00:00:00:01,02:00:00:00:00:02,0x88b5,reverse,1,1256,78,201046
1729,1786990928398589,l_left,4,outgoing,256,02:00:00:00:00:01,02:00:00:00:00:02,0x88b5,reverse,1,1257,78,201314
1730,1786990928398832,l_left,4,outgoing,256,02:00:00:00:00:01,02:00:00:00:00:02,0x88b5,reverse,1,1258,78,201557
1731,1786990928399080,l_left,4,outgoing,256,02:00:00:00:00:01,02:00:00:00:00:02,0x88b5,reverse,1,1259,78,201805
1732,1786990928399286,l_left,4,outgoing,256,02:00:00:00:00:01,02:00:00:00:00:02,0x88b5,reverse,1,1260,78,202011
1733,1786990928399526,l_left,4,outgoing,256,02:00:00:00:00:01,02:00:00:00:00:02,0x88b5,reverse,1,1261,78,202251
1734,1786990928399763,l_left,4,outgoing,256,02:00:00:00:00:01,02:00:00:00:00:02,0x88b5,reverse,1,1262,78,202488
1735,1786990928399959,l_left,4,outgoing,256,02:00:00:00:00:01,02:00:00:00:00:02,0x88b5,reverse,1,1263,78,202684
1736,1786990928400375,l_left,3,otherhost,256,02:00:00:00:00:02,02:00:00:00:00:01,0x88b5,forward,1,472,78,203100
1737,1786990928400394,l_left,3,otherhost,256,02:00:00:00:00:02,02:00:00:00:00:01,0x88b5,forward,1,473,78,203119
1738,1786990928407126,l_left,3,otherhost,256,02:00:00:00:00:02,02:00:00:00:00:01,0x88b5,forward,1,474,79,0
1739,1786990928407145,l_left,3,otherhost,256,02:00:00:00:00:02,02:00:00:00:00:01,0x88b5,forward,1,475,79,19
1740,1786990928407159,l_left,3,otherhost,256,02:00:00:00:00:02,02:00:00:00:00:01,0x88b5,forward,1,476,79,33
1741,1786990928407451,l_left,3,otherhost,256,02:00:00:00:00:02,02:00:00:00:00:01,0x88b5,forward,1,477,79,325
1742,1786990928407987,l_left,4,outgoing,256,02:00:00:00:00:01,02:00:00:00:00:02,0x88b5,reverse,1,1264,79,861
1743,1786990928408012,l_left,4,outgoing,256,02:00:00:00:00:01,02:00:00:00:00:02,0x88b5,reverse,1,1265,79,886
1744,1786990928607769,l_left,4,outgoing,256,02:00:00:00:00:01,02:00:00:00:00:02,0x88b5,reverse,1,1266,79,200643
1745,1786990928607827,l_left,4,outgoing,256,02:00:00:00:00:01,02:00:00:00:00:02,0x88b5,reverse,1,1267,79,200701
1746,1786990928607856,l_left,4,outgoing,256,02:00:00:00:00:01,02:00:00:00:00:02,0x88b5,reverse,1,1268,79,200730
1747,1786990928607872,l_left,4,outgoing,256,02:00:00:00:00:01,02:00:00:00:00:02,0x88b5,reverse,1,1269,79,200746
1748,1786990928607886,l_left,4,outgoing,256,02:00:00:00:00:01,02:00:00:00:00:02,0x88b5,reverse,1,1270,79,200760
1749,1786990928608164,l_left,4,outgoing,256,02:00:00:00:00:01,02:00:00:00:00:02,0x88b5,reverse,1,1271,79,201038
1750,1786990928608242,l_left,4,outgoing,256,02:00:00:00:00:01,02:00:00:00:00:02,0x88b5,reverse,1,1272,79,201116
1751,1786990928608562,l_left,4,outgoing,256,02:00:00:00:00:01,02:00:00:00:00:02,0x88b5,reverse,1,1273,79,201436
1752,1786990928608816,l_left,4,outgoing,256,02:00:00:00:00:01,02:00:00:00:00:02,0x88b5,reverse,1,1274,79,201690
1753,1786990928609068,l_left,4,outgoing,256,02:00:00:00:00:01,02:00:00:00:00:02,0x88b5,reverse,1,1275,79,201942
1754,1786990928609329,l_left,4,outgoing,256,02:00:00:00:00:01,02:00:00:00:00:02,0x88b5,reverse,1,1276,79,202203
1755,1786990928609571,l_left,4,outgoing,256,02:00:00:00:00:01,02:00:00:00:00:02,0x88b5,reverse,1,1277,79,202445
1756,1786990928609815,l_left,4,outgoing,256,02:00:00:00:00:01,02:00:00:00:00:02,0x88b5,reverse,1,1278,79,202689
1757,1786990928610003,l_left,4,outgoing,256,02:00:00:00:00:01,02:00:00:00:00:02,0x88b5,reverse,1,1279,79,202877
1758,1786990928610888,l_left,3,otherhost,256,02:00:00:00:00:02,02:00:00:00:00:01,0x88b5,forward,1,478,79,203762
1759,1786990928610908,l_left,3,otherhost,256,02:00:00:00:00:02,02:00:00:00:00:01,0x88b5,forward,1,479,79,203782
1760,1786990928616876,l_left,3,otherhost,256,02:00:00:00:00:02,02:00:00:00:00:01,0x88b5,forward,1,480,80,0
1761,1786990928616894,l_left,3,otherhost,256,02:00:00:00:00:02,02:00:00:00:00:01,0x88b5,forward,1,481,80,18
1762,1786990928617165,l_left,3,otherhost,256,02:00:00:00:00:02,02:00:00:00:00:01,0x88b5,forward,1,482,80,289
1763,1786990928617421,l_left,3,otherhost,256,02:00:00:00:00:02,02:00:00:00:00:01,0x88b5,forward,1,483,80,545
1764,1786990928618022,l_left,4,outgoing,256,02:00:00:00:00:01,02:00:00:00:00:02,0x88b5,reverse,1,1280,80,1146
1765,1786990928618055,l_left,4,outgoing,256,02:00:00:00:00:01,02:00:00:00:00:02,0x88b5,reverse,1,1281,80,1179
1766,1786990928818208,l_left,4,outgoing,256,02:00:00:00:00:01,02:00:00:00:00:02,0x88b5,reverse,1,1282,80,201332
1767,1786990928818269,l_left,4,outgoing,256,02:00:00:00:00:01,02:00:00:00:00:02,0x88b5,reverse,1,1283,80,201393
1768,1786990928818303,l_left,4,outgoing,256,02:00:00:00:00:01,02:00:00:00:00:02,0x88b5,reverse,1,1284,80,201427
1769,1786990928818321,l_left,4,outgoing,256,02:00:00:00:00:01,02:00:00:00:00:02,0x88b5,reverse,1,1285,80,201445
1770,1786990928818336,l_left,4,outgoing,256,02:00:00:00:00:01,02:00:00:00:00:02,0x88b5,reverse,1,1286,80,201460
1771,1786990928818350,l_left,4,outgoing,256,02:00:00:00:00:01,02:00:00:00:00:02,0x88b5,reverse,1,1287,80,201474
1772,1786990928818366,l_left,4,outgoing,256,02:00:00:00:00:01,02:00:00:00:00:02,0x88b5,reverse,1,1288,80,201490
1773,1786990928818641,l_left,4,outgoing,256,02:00:00:00:00:01,02:00:00:00:00:02,0x88b5,reverse,1,1289,80,201765
1774,1786990928818749,l_left,4,outgoing,256,02:00:00:00:00:01,02:00:00:00:00:02,0x88b5,reverse,1,1290,80,201873
1775,1786990928819072,l_left,4,outgoing,256,02:00:00:00:00:01,02:00:00:00:00:02,0x88b5,reverse,1,1291,80,202196
1776,1786990928819325,l_left,4,outgoing,256,02:00:00:00:00:01,02:00:00:00:00:02,0x88b5,reverse,1,1292,80,202449
1777,1786990928819579,l_left,4,outgoing,256,02:00:00:00:00:01,02:00:00:00:00:02,0x88b5,reverse,1,1293,80,202703
1778,1786990928819831,l_left,4,outgoing,256,02:00:00:00:00:01,02:00:00:00:00:02,0x88b5,reverse,1,1294,80,202955
1779,1786990928820071,l_left,4,outgoing,256,02:00:00:00:00:01,02:00:00:00:00:02,0x88b5,reverse,1,1295,80,203195
1780,1786990928820557,l_left,3,otherhost,256,02:00:00:00:00:02,02:00:00:00:00:01,0x88b5,forward,1,484,80,203681
1781,1786990928820601,l_left,3,otherhost,256,02:00:00:00:00:02,02:00:00:00:00:01,0x88b5,forward,1,485,80,203725
1782,1786990928826938,l_left,3,otherhost,256,02:00:00:00:00:02,02:00:00:00:00:01,0x88b5,forward,1,486,81,0
1783,1786990928826982,l_left,3,otherhost,256,02:00:00:00:00:02,02:00:00:00:00:01,0x88b5,forward,1,487,81,44
1784,1786990928827226,l_left,3,otherhost,256,02:00:00:00:00:02,02:00:00:00:00:01,0x88b5,forward,1,488,81,288
1785,1786990928827474,l_left,3,otherhost,256,02:00:00:00:00:02,02:00:00:00:00:01,0x88b5,forward,1,489,81,536
1786,1786990928828062,l_left,4,outgoing,256,02:00:00:00:00:01,02:00:00:00:00:02,0x88b5,reverse,1,1296,81,1124
1787,1786990928828098,l_left,4,outgoing,256,02:00:00:00:00:01,02:00:00:00:00:02,0x88b5,reverse,1,1297,81,1160
1788,1786990929027770,l_left,4,outgoing,256,02:00:00:00:00:01,02:00:00:00:00:02,0x88b5,reverse,1,1298,81,200832
1789,1786990929027831,l_left,4,outgoing,256,02:00:00:00:00:01,02:00:00:00:00:02,0x88b5,reverse,1,1299,81,200893
1790,1786990929027853,l_left,4,outgoing,256,02:00:00:00:00:01,02:00:00:00:00:02,0x88b5,reverse,1,1300,81,200915
1791,1786990929027869,l_left,4,outgoing,256,02:00:00:00:00:01,02:00:00:00:00:02,0x88b5,reverse,1,1301,81,200931
1792,1786990929027887,l_left,4,outgoing,256,02:00:00:00:00:01,02:00:00:00:00:02,0x88b5,reverse,1,1302,81,200949
1793,1786990929028126,l_left,4,outgoing,256,02:00:00:00:00:01,02:00:00:00:00:02,0x88b5,reverse,1,1303,81,201188
1794,1786990929028307,l_left,4,outgoing,256,02:00:00:00:00:01,02:00:00:00:00:02,0x88b5,reverse,1,1304,81,201369
1795,1786990929028584,l_left,4,outgoing,256,02:00:00:00:00:01,02:00:00:00:00:02,0x88b5,reverse,1,1305,81,201646
1796,1786990929028837,l_left,4,outgoing,256,02:00:00:00:00:01,02:00:00:00:00:02,0x88b5,reverse,1,1306,81,201899
1797,1786990929029081,l_left,4,outgoing,256,02:00:00:00:00:01,02:00:00:00:00:02,0x88b5,reverse,1,1307,81,202143
1798,1786990929029318,l_left,4,outgoing,256,02:00:00:00:00:01,02:00:00:00:00:02,0x88b5,reverse,1,1308,81,202380
1799,1786990929029544,l_left,4,outgoing,256,02:00:00:00:00:01,02:00:00:00:00:02,0x88b5,reverse,1,1309,81,202606
1800,1786990929029753,l_left,4,outgoing,256,02:00:00:00:00:01,02:00:00:00:00:02,0x88b5,reverse,1,1310,81,202815
1801,1786990929029999,l_left,4,outgoing,256,02:00:00:00:00:01,02:00:00:00:00:02,0x88b5,reverse,1,1311,81,203061
1802,1786990929030366,l_left,3,otherhost,256,02:00:00:00:00:02,02:00:00:00:00:01,0x88b5,forward,1,490,81,203428
1803,1786990929030385,l_left,3,otherhost,256,02:00:00:00:00:02,02:00:00:00:00:01,0x88b5,forward,1,491,81,203447
1804,1786990929036993,l_left,3,otherhost,256,02:00:00:00:00:02,02:00:00:00:00:01,0x88b5,forward,1,492,82,0
1805,1786990929037012,l_left,3,otherhost,256,02:00:00:00:00:02,02:00:00:00:00:01,0x88b5,forward,1,493,82,19
1806,1786990929037188,l_left,3,otherhost,256,02:00:00:00:00:02,02:00:00:00:00:01,0x88b5,forward,1,494,82,195
1807,1786990929037460,l_left,3,otherhost,256,02:00:00:00:00:02,02:00:00:00:00:01,0x88b5,forward,1,495,82,467
1808,1786990929038145,l_left,4,outgoing,256,02:00:00:00:00:01,02:00:00:00:00:02,0x88b5,reverse,1,1312,82,1152
1809,1786990929038189,l_left,4,outgoing,256,02:00:00:00:00:01,02:00:00:00:00:02,0x88b5,reverse,1,1313,82,1196
1810,1786990929237364,l_left,4,outgoing,256,02:00:00:00:00:01,02:00:00:00:00:02,0x88b5,reverse,1,1314,82,200371
1811,1786990929237413,l_left,4,outgoing,256,02:00:00:00:00:01,02:00:00:00:00:02,0x88b5,reverse,1,1315,82,200420
1812,1786990929237430,l_left,4,outgoing,256,02:00:00:00:00:01,02:00:00:00:00:02,0x88b5,reverse,1,1316,82,200437
1813,1786990929237444,l_left,4,outgoing,256,02:00:00:00:00:01,02:00:00:00:00:02,0x88b5,reverse,1,1317,82,200451
1814,1786990929237744,l_left,4,outgoing,256,02:00:00:00:00:01,02:00:00:00:00:02,0x88b5,reverse,1,1318,82,200751
1815,1786990929237998,l_left,4,outgoing,256,02:00:00:00:00:01,02:00:00:00:00:02,0x88b5,reverse,1,1319,82,201005
1816,1786990929238225,l_left,4,outgoing,256,02:00:00:00:00:01,02:00:00:00:00:02,0x88b5,reverse,1,1320,82,201232
1817,1786990929238468,l_left,4,outgoing,256,02:00:00:00:00:01,02:00:00:00:00:02,0x88b5,reverse,1,1321,82,201475
1818,1786990929238725,l_left,4,outgoing,256,02:00:00:00:00:01,02:00:00:00:00:02,0x88b5,reverse,1,1322,82,201732
1819,1786990929238991,l_left,4,outgoing,256,02:00:00:00:00:01,02:00:00:00:00:02,0x88b5,reverse,1,1323,82,201998
1820,1786990929239244,l_left,4,outgoing,256,02:00:00:00:00:01,02:00:00:00:00:02,0x88b5,reverse,1,1324,82,202251
1821,1786990929239493,l_left,4,outgoing,256,02:00:00:00:00:01,02:00:00:00:00:02,0x88b5,reverse,1,1325,82,202500
1822,1786990929239754,l_left,4,outgoing,256,02:00:00:00:00:01,02:00:00:00:00:02,0x88b5,reverse,1,1326,82,202761
1823,1786990929239950,l_left,4,outgoing,256,02:00:00:00:00:01,02:00:00:00:00:02,0x88b5,reverse,1,1327,82,202957
1824,1786990929240889,l_left,3,otherhost,256,02:00:00:00:00:02,02:00:00:00:00:01,0x88b5,forward,1,496,82,203896
1825,1786990929240904,l_left,3,otherhost,256,02:00:00:00:00:02,02:00:00:00:00:01,0x88b5,forward,1,497,82,203911
1826,1786990929246914,l_left,3,otherhost,256,02:00:00:00:00:02,02:00:00:00:00:01,0x88b5,forward,1,498,83,0
1827,1786990929246930,l_left,3,otherhost,256,02:00:00:00:00:02,02:00:00:00:00:01,0x88b5,forward,1,499,83,16
1828,1786990929247184,l_left,3,otherhost,256,02:00:00:00:00:02,02:00:00:00:00:01,0x88b5,forward,1,500,83,270
1829,1786990929247426,l_left,3,otherhost,256,02:00:00:00:00:02,02:00:00:00:00:01,0x88b5,forward,1,501,83,512
1830,1786990929247785,l_left,4,outgoing,256,02:00:00:00:00:01,02:00:00:00:00:02,0x88b5,reverse,1,1328,83,871
1831,1786990929247941,l_left,4,outgoing,256,02:00:00:00:00:01,02:00:00:00:00:02,0x88b5,reverse,1,1329,83,1027
1832,1786990929447657,l_left,4,outgoing,256,02:00:00:00:00:01,02:00:00:00:00:02,0x88b5,reverse,1,1330,83,200743
1833,1786990929447725,l_left,4,outgoing,256,02:00:00:00:00:01,02:00:00:00:00:02,0x88b5,reverse,1,1331,83,200811
1834,1786990929447748,l_left,4,outgoing,256,02:00:00:00:00:01,02:00:00:00:00:02,0x88b5,reverse,1,1332,83,200834
1835,1786990929447768,l_left,4,outgoing,256,02:00:00:00:00:01,02:00:00:00:00:02,0x88b5,reverse,1,1333,83,200854
1836,1786990929447784,l_left,4,outgoing,256,02:00:00:00:00:01,02:00:00:00:00:02,0x88b5,reverse,1,1334,83,200870
1837,1786990929448020,l_left,4,outgoing,256,02:00:00:00:00:01,02:00:00:00:00:02,0x88b5,reverse,1,1335,83,201106
1838,1786990929448279,l_left,4,outgoing,256,02:00:00:00:00:01,02:00:00:00:00:02,0x88b5,reverse,1,1336,83,201365
1839,1786990929448529,l_left,4,outgoing,256,02:00:00:00:00:01,02:00:00:00:00:02,0x88b5,reverse,1,1337,83,201615
1840,1786990929448778,l_left,4,outgoing,256,02:00:00:00:00:01,02:00:00:00:00:02,0x88b5,reverse,1,1338,83,201864
1841,1786990929449030,l_left,4,outgoing,256,02:00:00:00:00:01,02:00:00:00:00:02,0x88b5,reverse,1,1339,83,202116
1842,1786990929449274,l_left,4,outgoing,256,02:00:00:00:00:01,02:00:00:00:00:02,0x88b5,reverse,1,1340,83,202360
1843,1786990929449525,l_left,4,outgoing,256,02:00:00:00:00:01,02:00:00:00:00:02,0x88b5,reverse,1,1341,83,202611
1844,1786990929449776,l_left,4,outgoing,256,02:00:00:00:00:01,02:00:00:00:00:02,0x88b5,reverse,1,1342,83,202862
1845,1786990929449991,l_left,4,outgoing,256,02:00:00:00:00:01,02:00:00:00:00:02,0x88b5,reverse,1,1343,83,203077
1846,1786990929450482,l_left,3,otherhost,256,02:00:00:00:00:02,02:00:00:00:00:01,0x88b5,forward,1,502,83,203568
1847,1786990929450507,l_left,3,otherhost,256,02:00:00:00:00:02,02:00:00:00:00:01,0x88b5,forward,1,503,83,203593
1848,1786990929457075,l_left,3,otherhost,256,02:00:00:00:00:02,02:00:00:00:00:01,0x88b5,forward,1,504,84,0
1849,1786990929457112,l_left,3,otherhost,256,02:00:00:00:00:02,02:00:00:00:00:01,0x88b5,forward,1,505,84,37
1850,1786990929457191,l_left,3,otherhost,256,02:00:00:00:00:02,02:00:00:00:00:01,0x88b5,forward,1,506,84,116
1851,1786990929457447,l_left,3,otherhost,256,02:00:00:00:00:02,02:00:00:00:00:01,0x88b5,forward,1,507,84,372
1852,1786990929457934,l_left,4,outgoing,256,02:00:00:00:00:01,02:00:00:00:00:02,0x88b5,reverse,1,1344,84,859
1853,1786990929457959,l_left,4,outgoing,256,02:00:00:00:00:01,02:00:00:00:00:02,0x88b5,reverse,1,1345,84,884
1854,1786990929658221,l_left,4,outgoing,256,02:00:00:00:00:01,02:00:00:00:00:02,0x88b5,reverse,1,1346,84,201146
1855,1786990929658282,l_left,4,outgoing,256,02:00:00:00:00:01,02:00:00:00:00:02,0x88b5,reverse,1,1347,84,201207
1856,1786990929658305,l_left,4,outgoing,256,02:00:00:00:00:01,02:00:00:00:00:02,0x88b5,reverse,1,1348,84,201230
1857,1786990929658323,l_left,4,outgoing,256,02:00:00:00:00:01,02:00:00:00:00:02,0x88b5,reverse,1,1349,84,201248
1858,1786990929658339,l_left,4,outgoing,256,02:00:00:00:00:01,02:00:00:00:00:02,0x88b5,reverse,1,1350,84,201264
1859,1786990929658353,l_left,4,outgoing,256,02:00:00:00:00:01,02:00:00:00:00:02,0x88b5,reverse,1,1351,84,201278
1860,1786990929658367,l_left,4,outgoing,256,02:00:00:00:00:01,02:00:00:00:00:02,0x88b5,reverse,1,1352,84,201292
1861,1786990929658457,l_left,4,outgoing,256,02:00:00:00:00:01,02:00:00:00:00:02,0x88b5,reverse,1,1353,84,201382
1862,1786990929658830,l_left,4,outgoing,256,02:00:00:00:00:01,02:00:00:00:00:02,0x88b5,reverse,1,1354,84,201755
1863,1786990929659067,l_left,4,outgoing,256,02:00:00:00:00:01,02:00:00:00:00:02,0x88b5,reverse,1,1355,84,201992
1864,1786990929659330,l_left,4,outgoing,256,02:00:00:00:00:01,02:00:00:00:00:02,0x88b5,reverse,1,1356,84,202255
1865,1786990929659567,l_left,4,outgoing,256,02:00:00:00:00:01,02:00:00:00:00:02,0x88b5,reverse,1,1357,84,202492
1866,1786990929659798,l_left,4,outgoing,256,02:00:00:00:00:01,02:00:00:00:00:02,0x88b5,reverse,1,1358,84,202723
1867,1786990929660013,l_left,4,outgoing,256,02:00:00:00:00:01,02:00:00:00:00:02,0x88b5,reverse,1,1359,84,202938
1868,1786990929660530,l_left,3,otherhost,256,02:00:00:00:00:02,02:00:00:00:00:01,0x88b5,forward,1,508,84,203455
1869,1786990929660554,l_left,3,otherhost,256,02:00:00:00:00:02,02:00:00:00:00:01,0x88b5,forward,1,509,84,203479
1870,1786990929667023,l_left,3,otherhost,256,02:00:00:00:00:02,02:00:00:00:00:01,0x88b5,forward,1,510,85,0
1871,1786990929667059,l_left,3,otherhost,256,02:00:00:00:00:02,02:00:00:00:00:01,0x88b5,forward,1,511,85,36
1872,1786990929667198,l_left,3,otherhost,256,02:00:00:00:00:02,02:00:00:00:00:01,0x88b5,forward,1,512,85,175
1873,1786990929667445,l_left,3,otherhost,256,02:00:00:00:00:02,02:00:00:00:00:01,0x88b5,forward,1,513,85,422
1874,1786990929668132,l_left,4,outgoing,256,02:00:00:00:00:01,02:00:00:00:00:02,0x88b5,reverse,1,1360,85,1109
1875,1786990929668177,l_left,4,outgoing,256,02:00:00:00:00:01,02:00:00:00:00:02,0x88b5,reverse,1,1361,85,1154
1876,1786990929867717,l_left,4,outgoing,256,02:00:00:00:00:01,02:00:00:00:00:02,0x88b5,reverse,1,1362,85,200694
1877,1786990929867779,l_left,4,outgoing,256,02:00:00:00:00:01,02:00:00:00:00:02,0x88b5,reverse,1,1363,85,200756
1878,1786990929867802,l_left,4,outgoing,256,02:00:00:00:00:01,02:00:00:00:00:02,0x88b5,reverse,1,1364,85,200779
1879,1786990929867820,l_left,4,outgoing,256,02:00:00:00:00:01,02:00:00:00:00:02,0x88b5,reverse,1,1365,85,200797
1880,1786990929868062,l_left,4,outgoing,256,02:00:00:00:00:01,02:00:00:00:00:02,0x88b5,reverse,1,1366,85,201039
1881,1786990929868100,l_left,4,outgoing,256,02:00:00:00:00:01,02:00:00:00:00:02,0x88b5,reverse,1,1367,85,201077
1882,1786990929868242,l_left,4,outgoing,256,02:00:00:00:00:01,02:00:00:00:00:02,0x88b5,reverse,1,1368,85,201219
1883,1786990929868574,l_left,4,outgoing,256,02:00:00:00:00:01,02:00:00:00:00:02,0x88b5,reverse,1,1369,85,201551
1884,1786990929868822,l_left,4,outgoing,256,02:00:00:00:00:01,02:00:00:00:00:02,0x88b5,reverse,1,1370,85,201799
1885,1786990929869074,l_left,4,outgoing,256,02:00:00:00:00:01,02:00:00:00:00:02,0x88b5,reverse,1,1371,85,202051
1886,1786990929869322,l_left,4,outgoing,256,02:00:00:00:00:01,02:00:00:00:00:02,0x88b5,reverse,1,1372,85,202299
1887,1786990929869575,l_left,4,outgoing,256,02:00:00:00:00:01,02:00:00:00:00:02,0x88b5,reverse,1,1373,85,202552
1888,1786990929869817,l_left,4,outgoing,256,02:00:00:00:00:01,02:00:00:00:00:02,0x88b5,reverse,1,1374,85,202794
1889,1786990929870003,l_left,4,outgoing,256,02:00:00:00:00:01,02:00:00:00:00:02,0x88b5,reverse,1,1375,85,202980
1890,1786990929871240,l_left,3,otherhost,256,02:00:00:00:00:02,02:00:00:00:00:01,0x88b5,forward,1,514,85,204217
1891,1786990929871266,l_left,3,otherhost,256,02:00:00:00:00:02,02:00:00:00:00:01,0x88b5,forward,1,515,85,204243
1892,1786990929877047,l_left,3,otherhost,256,02:00:00:00:00:02,02:00:00:00:00:01,0x88b5,forward,1,516,86,0
1893,1786990929877083,l_left,3,otherhost,256,02:00:00:00:00:02,02:00:00:00:00:01,0x88b5,forward,1,517,86,36
1894,1786990929877209,l_left,3,otherhost,256,02:00:00:00:00:02,02:00:00:00:00:01,0x88b5,forward,1,518,86,162
1895,1786990929877449,l_left,3,otherhost,256,02:00:00:00:00:02,02:00:00:00:00:01,0x88b5,forward,1,519,86,402
1896,1786990929878043,l_left,4,outgoing,256,02:00:00:00:00:01,02:00:00:00:00:02,0x88b5,reverse,1,1376,86,996
1897,1786990929878062,l_left,4,outgoing,256,02:00:00:00:00:01,02:00:00:00:00:02,0x88b5,reverse,1,1377,86,1015
1898,1786990930077767,l_left,4,outgoing,256,02:00:00:00:00:01,02:00:00:00:00:02,0x88b5,reverse,1,1378,86,200720
1899,1786990930077828,l_left,4,outgoing,256,02:00:00:00:00:01,02:00:00:00:00:02,0x88b5,reverse,1,1379,86,200781
1900,1786990930077851,l_left,4,outgoing,256,02:00:00:00:00:01,02:00:00:00:00:02,0x88b5,reverse,1,1380,86,200804
1901,1786990930077873,l_left,4,outgoing,256,02:00:00:00:00:01,02:00:00:00:00:02,0x88b5,reverse,1,1381,86,200826
1902,1786990930077896,l_left,4,outgoing,256,02:00:00:00:00:01,02:00:00:00:00:02,0x88b5,reverse,1,1382,86,200849
1903,1786990930078017,l_left,4,outgoing,256,02:00:00:00:00:01,02:00:00:00:00:02,0x88b5,reverse,1,1383,86,200970
1904,1786990930078321,l_left,4,outgoing,256,02:00:00:00:00:01,02:00:00:00:00:02,0x88b5,reverse,1,1384,86,201274
1905,1786990930078577,l_left,4,outgoing,256,02:00:00:00:00:01,02:00:00:00:00:02,0x88b5,reverse,1,1385,86,201530
1906,1786990930078830,l_left,4,outgoing,256,02:00:00:00:00:01,02:00:00:00:00:02,0x88b5,reverse,1,1386,86,201783
1907,1786990930079082,l_left,4,outgoing,256,02:00:00:00:00:01,02:00:00:00:00:02,0x88b5,reverse,1,1387,86,202035
1908,1786990930079285,l_left,4,outgoing,256,02:00:00:00:00:01,02:00:00:00:00:02,0x88b5,reverse,1,1388,86,202238
1909,1786990930079519,l_left,4,outgoing,256,02:00:00:00:00:01,02:00:00:00:00:02,0x88b5,reverse,1,1389,86,202472
1910,1786990930079761,l_left,4,outgoing,256,02:00:00:00:00:01,02:00:00:00:00:02,0x88b5,reverse,1,1390,86,202714
1911,1786990930080009,l_left,4,outgoing,256,02:00:00:00:00:01,02:00:00:00:00:02,0x88b5,reverse,1,1391,86,202962
1912,1786990930080553,l_left,3,otherhost,256,02:00:00:00:00:02,02:00:00:00:00:01,0x88b5,forward,1,520,86,203506
1913,1786990930080577,l_left,3,otherhost,256,02:00:00:00:00:02,02:00:00:00:00:01,0x88b5,forward,1,521,86,203530
1914,1786990930087148,l_left,3,otherhost,256,02:00:00:00:00:02,02:00:00:00:00:01,0x88b5,forward,1,522,87,0
1915,1786990930087168,l_left,3,otherhost,256,02:00:00:00:00:02,02:00:00:00:00:01,0x88b5,forward,1,523,87,20
1916,1786990930087194,l_left,3,otherhost,256,02:00:00:00:00:02,02:00:00:00:00:01,0x88b5,forward,1,524,87,46
1917,1786990930087447,l_left,3,otherhost,256,02:00:00:00:00:02,02:00:00:00:00:01,0x88b5,forward,1,525,87,299
1918,1786990930088003,l_left,4,outgoing,256,02:00:00:00:00:01,02:00:00:00:00:02,0x88b5,reverse,1,1392,87,855
1919,1786990930088027,l_left,4,outgoing,256,02:00:00:00:00:01,02:00:00:00:00:02,0x88b5,reverse,1,1393,87,879
1920,1786990930287882,l_left,4,outgoing,256,02:00:00:00:00:01,02:00:00:00:00:02,0x88b5,reverse,1,1394,87,200734
1921,1786990930287943,l_left,4,outgoing,256,02:00:00:00:00:01,02:00:00:00:00:02,0x88b5,reverse,1,1395,87,200795
1922,1786990930287966,l_left,4,outgoing,256,02:00:00:00:00:01,02:00:00:00:00:02,0x88b5,reverse,1,1396,87,200818
1923,1786990930287983,l_left,4,outgoing,256,02:00:00:00:00:01,02:00:00:00:00:02,0x88b5,reverse,1,1397,87,200835
1924,1786990930288007,l_left,4,outgoing,256,02:00:00:00:00:01,02:00:00:00:00:02,0x88b5,reverse,1,1398,87,200859
1925,1786990930288067,l_left,4,outgoing,256,02:00:00:00:00:01,02:00:00:00:00:02,0x88b5,reverse,1,1399,87,200919
1926,1786990930288321,l_left,4,outgoing,256,02:00:00:00:00:01,02:00:00:00:00:02,0x88b5,reverse,1,1400,87,201173
1927,1786990930288576,l_left,4,outgoing,256,02:00:00:00:00:01,02:00:00:00:00:02,0x88b5,reverse,1,1401,87,201428
1928,1786990930288826,l_left,4,outgoing,256,02:00:00:00:00:01,02:00:00:00:00:02,0x88b5,reverse,1,1402,87,201678
1929,1786990930289083,l_left,4,outgoing,256,02:00:00:00:00:01,02:00:00:00:00:02,0x88b5,reverse,1,1403,87,201935
1930,1786990930289319,l_left,4,outgoing,256,02:00:00:00:00:01,02:00:00:00:00:02,0x88b5,reverse,1,1404,87,202171
1931,1786990930289582,l_left,4,outgoing,256,02:00:00:00:00:01,02:00:00:00:00:02,0x88b5,reverse,1,1405,87,202434
1932,1786990930289787,l_left,4,outgoing,256,02:00:00:00:00:01,02:00:00:00:00:02,0x88b5,reverse,1,1406,87,202639
1933,1786990930289972,l_left,4,outgoing,256,02:00:00:00:00:01,02:00:00:00:00:02,0x88b5,reverse,1,1407,87,202824
1934,1786990930290489,l_left,3,otherhost,256,02:00:00:00:00:02,02:00:00:00:00:01,0x88b5,forward,1,526,87,203341
1935,1786990930290506,l_left,3,otherhost,256,02:00:00:00:00:02,02:00:00:00:00:01,0x88b5,forward,1,527,87,203358
1936,1786990930296992,l_left,3,otherhost,256,02:00:00:00:00:02,02:00:00:00:00:01,0x88b5,forward,1,528,88,0
1937,1786990930297010,l_left,3,otherhost,256,02:00:00:00:00:02,02:00:00:00:00:01,0x88b5,forward,1,529,88,18
1938,1786990930297195,l_left,3,otherhost,256,02:00:00:00:00:02,02:00:00:00:00:01,0x88b5,forward,1,530,88,203
1939,1786990930297445,l_left,3,otherhost,256,02:00:00:00:00:02,02:00:00:00:00:01,0x88b5,forward,1,531,88,453
1940,1786990930298013,l_left,4,outgoing,256,02:00:00:00:00:01,02:00:00:00:00:02,0x88b5,reverse,1,1408,88,1021
1941,1786990930298049,l_left,4,outgoing,256,02:00:00:00:00:01,02:00:00:00:00:02,0x88b5,reverse,1,1409,88,1057
1942,1786990930497944,l_left,4,outgoing,256,02:00:00:00:00:01,02:00:00:00:00:02,0x88b5,reverse,1,1410,88,200952
1943,1786990930497996,l_left,4,outgoing,256,02:00:00:00:00:01,02:00:00:00:00:02,0x88b5,reverse,1,1411,88,201004
1944,1786990930498010,l_left,4,outgoing,256,02:00:00:00:00:01,02:00:00:00:00:02,0x88b5,reverse,1,1412,88,201018
1945,1786990930498020,l_left,4,outgoing,256,02:00:00:00:00:01,02:00:00:00:00:02,0x88b5,reverse,1,1413,88,201028
1946,1786990930498029,l_left,4,outgoing,256,02:00:00:00:00:01,02:00:00:00:00:02,0x88b5,reverse,1,1414,88,201037
1947,1786990930498039,l_left,4,outgoing,256,02:00:00:00:00:01,02:00:00:00:00:02,0x88b5,reverse,1,1415,88,201047
1948,1786990930498264,l_left,4,outgoing,256,02:00:00:00:00:01,02:00:00:00:00:02,0x88b5,reverse,1,1416,88,201272
1949,1786990930498522,l_left,4,outgoing,256,02:00:00:00:00:01,02:00:00:00:00:02,0x88b5,reverse,1,1417,88,201530
1950,1786990930498773,l_left,4,outgoing,256,02:00:00:00:00:01,02:00:00:00:00:02,0x88b5,reverse,1,1418,88,201781
1951,1786990930499022,l_left,4,outgoing,256,02:00:00:00:00:01,02:00:00:00:00:02,0x88b5,reverse,1,1419,88,202030
1952,1786990930499279,l_left,4,outgoing,256,02:00:00:00:00:01,02:00:00:00:00:02,0x88b5,reverse,1,1420,88,202287
1953,1786990930499544,l_left,4,outgoing,256,02:00:00:00:00:01,02:00:00:00:00:02,0x88b5,reverse,1,1421,88,202552
1954,1786990930499738,l_left,4,outgoing,256,02:00:00:00:00:01,02:00:00:00:00:02,0x88b5,reverse,1,1422,88,202746
1955,1786990930499974,l_left,4,outgoing,256,02:00:00:00:00:01,02:00:00:00:00:02,0x88b5,reverse,1,1423,88,202982
1956,1786990930500663,l_left,3,otherhost,256,02:00:00:00:00:02,02:00:00:00:00:01,0x88b5,forward,1,532,88,203671
1957,1786990930500680,l_left,3,otherhost,256,02:00:00:00:00:02,02:00:00:00:00:01,0x88b5,forward,1,533,88,203688
1958,1786990930506921,l_left,3,otherhost,256,02:00:00:00:00:02,02:00:00:00:00:01,0x88b5,forward,1,534,89,0
1959,1786990930506949,l_left,3,otherhost,256,02:00:00:00:00:02,02:00:00:00:00:01,0x88b5,forward,1,535,89,28
1960,1786990930507227,l_left,3,otherhost,256,02:00:00:00:00:02,02:00:00:00:00:01,0x88b5,forward,1,536,89,306
1961,1786990930507486,l_left,3,otherhost,256,02:00:00:00:00:02,02:00:00:00:00:01,0x88b5,forward,1,537,89,565
1962,1786990930508162,l_left,4,outgoing,256,02:00:00:00:00:01,02:00:00:00:00:02,0x88b5,reverse,1,1424,89,1241
1963,1786990930508200,l_left,4,outgoing,256,02:00:00:00:00:01,02:00:00:00:00:02,0x88b5,reverse,1,1425,89,1279
1964,1786990930708060,l_left,4,outgoing,256,02:00:00:00:00:01,02:00:00:00:00:02,0x88b5,reverse,1,1426,89,201139
1965,1786990930708122,l_left,4,outgoing,256,02:00:00:00:00:01,02:00:00:00:00:02,0x88b5,reverse,1,1427,89,201201
1966,1786990930708155,l_left,4,outgoing,256,02:00:00:00:00:01,02:00:00:00:00:02,0x88b5,reverse,1,1428,89,201234
1967,1786990930708178,l_left,4,outgoing,256,02:00:00:00:00:01,02:00:00:00:00:02,0x88b5,reverse,1,1429,89,201257
1968,1786990930708194,l_left,4,outgoing,256,02:00:00:00:00:01,02:00:00:00:00:02,0x88b5,reverse,1,1430,89,201273
1969,1786990930708210,l_left,4,outgoing,256,02:00:00:00:00:01,02:00:00:00:00:02,0x88b5,reverse,1,1431,89,201289
1970,1786990930708228,l_left,4,outgoing,256,02:00:00:00:00:01,02:00:00:00:00:02,0x88b5,reverse,1,1432,89,201307
1971,1786990930708579,l_left,4,outgoing,256,02:00:00:00:00:01,02:00:00:00:00:02,0x88b5,reverse,1,1433,89,201658
1972,1786990930708833,l_left,4,outgoing,256,02:00:00:00:00:01,02:00:00:00:00:02,0x88b5,reverse,1,1434,89,201912
1973,1786990930709074,l_left,4,outgoing,256,02:00:00:00:00:01,02:00:00:00:00:02,0x88b5,reverse,1,1435,89,202153
1974,1786990930709346,l_left,4,outgoing,256,02:00:00:00:00:01,02:00:00:00:00:02,0x88b5,reverse,1,1436,89,202425
1975,1786990930709582,l_left,4,outgoing,256,02:00:00:00:00:01,02:00:00:00:00:02,0x88b5,reverse,1,1437,89,202661
1976,1786990930709825,l_left,4,outgoing,256,02:00:00:00:00:01,02:00:00:00:00:02,0x88b5,reverse,1,1438,89,202904
1977,1786990930710079,l_left,4,outgoing,256,02:00:00:00:00:01,02:00:00:00:00:02,0x88b5,reverse,1,1439,89,203158
1978,1786990930710424,l_left,3,otherhost,256,02:00:00:00:00:02,02:00:00:00:00:01,0x88b5,forward,1,538,89,203503
1979,1786990930710448,l_left,3,otherhost,256,02:00:00:00:00:02,02:00:00:00:00:01,0x88b5,forward,1,539,89,203527
1980,1786990930716941,l_left,3,otherhost,256,02:00:00:00:00:02,02:00:00:00:00:01,0x88b5,forward,1,540,90,0
1981,1786990930716967,l_left,3,otherhost,256,02:00:00:00:00:02,02:00:00:00:00:01,0x88b5,forward,1,541,90,26
1982,1786990930717192,l_left,3,otherhost,256,02:00:00:00:00:02,02:00:00:00:00:01,0x88b5,forward,1,542,90,251
1983,1786990930717451,l_left,3,otherhost,256,02:00:00:00:00:02,02:00:00:00:00:01,0x88b5,forward,1,543,90,510
1984,1786990930718041,l_left,4,outgoing,256,02:00:00:00:00:01,02:00:00:00:00:02,0x88b5,reverse,1,1440,90,1100
1985,1786990930718069,l_left,4,outgoing,256,02:00:00:00:00:01,02:00:00:00:00:02,0x88b5,reverse,1,1441,90,1128
1986,1786990930918173,l_left,4,outgoing,256,02:00:00:00:00:01,02:00:00:00:00:02,0x88b5,reverse,1,1442,90,201232
1987,1786990930918235,l_left,4,outgoing,256,02:00:00:00:00:01,02:00:00:00:00:02,0x88b5,reverse,1,1443,90,201294
1988,1786990930918257,l_left,4,outgoing,256,02:00:00:00:00:01,02:00:00:00:00:02,0x88b5,reverse,1,1444,90,201316
1989,1786990930918275,l_left,4,outgoing,256,02:00:00:00:00:01,02:00:00:00:00:02,0x88b5,reverse,1,1445,90,201334
1990,1786990930918290,l_left,4,outgoing,256,02:00:00:00:00:01,02:00:00:00:00:02,0x88b5,reverse,1,1446,90,201349
1991,1786990930918305,l_left,4,outgoing,256,02:00:00:00:00:01,02:00:00:00:00:02,0x88b5,reverse,1,1447,90,201364
1992,1786990930918318,l_left,4,outgoing,256,02:00:00:00:00:01,02:00:00:00:00:02,0x88b5,reverse,1,1448,90,201377
1993,1786990930918571,l_left,4,outgoing,256,02:00:00:00:00:01,02:00:00:00:00:02,0x88b5,reverse,1,1449,90,201630
1994,1786990930918827,l_left,4,outgoing,256,02:00:00:00:00:01,02:00:00:00:00:02,0x88b5,reverse,1,1450,90,201886
1995,1786990930919093,l_left,4,outgoing,256,02:00:00:00:00:01,02:00:00:00:00:02,0x88b5,reverse,1,1451,90,202152
1996,1786990930919349,l_left,4,outgoing,256,02:00:00:00:00:01,02:00:00:00:00:02,0x88b5,reverse,1,1452,90,202408
1997,1786990930919583,l_left,4,outgoing,256,02:00:00:00:00:01,02:00:00:00:00:02,0x88b5,reverse,1,1453,90,202642
1998,1786990930919837,l_left,4,outgoing,256,02:00:00:00:00:01,02:00:00:00:00:02,0x88b5,reverse,1,1454,90,202896
1999,1786990930920075,l_left,4,outgoing,256,02:00:00:00:00:01,02:00:00:00:00:02,0x88b5,reverse,1,1455,90,203134
2000,1786990930920463,l_left,3,otherhost,256,02:00:00:00:00:02,02:00:00:00:00:01,0x88b5,forward,1,544,90,203522
2001,1786990930920488,l_left,3,otherhost,256,02:00:00:00:00:02,02:00:00:00:00:01,0x88b5,forward,1,545,90,203547
2002,1786990930926920,l_left,3,otherhost,256,02:00:00:00:00:02,02:00:00:00:00:01,0x88b5,forward,1,546,91,0
2003,1786990930926956,l_left,3,otherhost,256,02:00:00:00:00:02,02:00:00:00:00:01,0x88b5,forward,1,547,91,36
2004,1786990930927197,l_left,3,otherhost,256,02:00:00:00:00:02,02:00:00:00:00:01,0x88b5,forward,1,548,91,277
2005,1786990930927446,l_left,3,otherhost,256,02:00:00:00:00:02,02:00:00:00:00:01,0x88b5,forward,1,549,91,526
2006,1786990930928096,l_left,4,outgoing,256,02:00:00:00:00:01,02:00:00:00:00:02,0x88b5,reverse,1,1456,91,1176
2007,1786990930928125,l_left,4,outgoing,256,02:00:00:00:00:01,02:00:00:00:00:02,0x88b5,reverse,1,1457,91,1205
2008,1786990931127740,l_left,4,outgoing,256,02:00:00:00:00:01,02:00:00:00:00:02,0x88b5,reverse,1,1458,91,200820
2009,1786990931127810,l_left,4,outgoing,256,02:00:00:00:00:01,02:00:00:00:00:02,0x88b5,reverse,1,1459,91,200890
2010,1786990931127838,l_left,4,outgoing,256,02:00:00:00:00:01,02:00:00:00:00:02,0x88b5,reverse,1,1460,91,200918
2011,1786990931127856,l_left,4,outgoing,256,02:00:00:00:00:01,02:00:00:00:00:02,0x88b5,reverse,1,1461,91,200936
2012,1786990931127871,l_left,4,outgoing,256,02:00:00:00:00:01,02:00:00:00:00:02,0x88b5,reverse,1,1462,91,200951
2013,1786990931128001,l_left,4,outgoing,256,02:00:00:00:00:01,02:00:00:00:00:02,0x88b5,reverse,1,1463,91,201081
2014,1786990931128321,l_left,4,outgoing,256,02:00:00:00:00:01,02:00:00:00:00:02,0x88b5,reverse,1,1464,91,201401
2015,1786990931128571,l_left,4,outgoing,256,02:00:00:00:00:01,02:00:00:00:00:02,0x88b5,reverse,1,1465,91,201651
2016,1786990931128833,l_left,4,outgoing,256,02:00:00:00:00:01,02:00:00:00:00:02,0x88b5,reverse,1,1466,91,201913
2017,1786990931129089,l_left,4,outgoing,256,02:00:00:00:00:01,02:00:00:00:00:02,0x88b5,reverse,1,1467,91,202169
2018,1786990931129321,l_left,4,outgoing,256,02:00:00:00:00:01,02:00:00:00:00:02,0x88b5,reverse,1,1468,91,202401
2019,1786990931129567,l_left,4,outgoing,256,02:00:00:00:00:01,02:00:00:00:00:02,0x88b5,reverse,1,1469,91,202647
2020,1786990931129768,l_left,4,outgoing,256,02:00:00:00:00:01,02:00:00:00:00:02,0x88b5,reverse,1,1470,91,202848
2021,1786990931129964,l_left,4,outgoing,256,02:00:00:00:00:01,02:00:00:00:00:02,0x88b5,reverse,1,1471,91,203044
2022,1786990931130331,l_left,3,otherhost,256,02:00:00:00:00:02,02:00:00:00:00:01,0x88b5,forward,1,550,91,203411
2023,1786990931130446,l_left,3,otherhost,256,02:00:00:00:00:02,02:00:00:00:00:01,0x88b5,forward,1,551,91,203526
2024,1786990931137236,l_left,3,otherhost,256,02:00:00:00:00:02,02:00:00:00:00:01,0x88b5,forward,1,552,92,0
2025,1786990931137255,l_left,3,otherhost,256,02:00:00:00:00:02,02:00:00:00:00:01,0x88b5,forward,1,553,92,19
2026,1786990931137269,l_left,3,otherhost,256,02:00:00:00:00:02,02:00:00:00:00:01,0x88b5,forward,1,554,92,33
2027,1786990931137455,l_left,3,otherhost,256,02:00:00:00:00:02,02:00:00:00:00:01,0x88b5,forward,1,555,92,219
2028,1786990931137801,l_left,4,outgoing,256,02:00:00:00:00:01,02:00:00:00:00:02,0x88b5,reverse,1,1472,92,565
2029,1786990931137950,l_left,4,outgoing,256,02:00:00:00:00:01,02:00:00:00:00:02,0x88b5,reverse,1,1473,92,714
2030,1786990931338274,l_left,4,outgoing,256,02:00:00:00:00:01,02:00:00:00:00:02,0x88b5,reverse,1,1474,92,201038
2031,1786990931338335,l_left,4,outgoing,256,02:00:00:00:00:01,02:00:00:00:00:02,0x88b5,reverse,1,1475,92,201099
2032,1786990931338358,l_left,4,outgoing,256,02:00:00:00:00:01,02:00:00:00:00:02,0x88b5,reverse,1,1476,92,201122
2033,1786990931338378,l_left,4,outgoing,256,02:00:00:00:00:01,02:00:00:00:00:02,0x88b5,reverse,1,1477,92,201142
2034,1786990931338406,l_left,4,outgoing,256,02:00:00:00:00:01,02:00:00:00:00:02,0x88b5,reverse,1,1478,92,201170
2035,1786990931338421,l_left,4,outgoing,256,02:00:00:00:00:01,02:00:00:00:00:02,0x88b5,reverse,1,1479,92,201185
2036,1786990931338435,l_left,4,outgoing,256,02:00:00:00:00:01,02:00:00:00:00:02,0x88b5,reverse,1,1480,92,201199
2037,1786990931338499,l_left,4,outgoing,256,02:00:00:00:00:01,02:00:00:00:00:02,0x88b5,reverse,1,1481,92,201263
2038,1786990931338832,l_left,4,outgoing,256,02:00:00:00:00:01,02:00:00:00:00:02,0x88b5,reverse,1,1482,92,201596
2039,1786990931339076,l_left,4,outgoing,256,02:00:00:00:00:01,02:00:00:00:00:02,0x88b5,reverse,1,1483,92,201840
2040,1786990931339327,l_left,4,outgoing,256,02:00:00:00:00:01,02:00:00:00:00:02,0x88b5,reverse,1,1484,92,202091
2041,1786990931339581,l_left,4,outgoing,256,02:00:00:00:00:01,02:00:00:00:00:02,0x88b5,reverse,1,1485,92,202345
2042,1786990931339831,l_left,4,outgoing,256,02:00:00:00:00:01,02:00:00:00:00:02,0x88b5,reverse,1,1486,92,202595
2043,1786990931340078,l_left,4,outgoing,256,02:00:00:00:00:01,02:00:00:00:00:02,0x88b5,reverse,1,1487,92,202842
2044,1786990931340386,l_left,3,otherhost,256,02:00:00:00:00:02,02:00:00:00:00:01,0x88b5,forward,1,556,92,203150
2045,1786990931340425,l_left,3,otherhost,256,02:00:00:00:00:02,02:00:00:00:00:01,0x88b5,forward,1,557,92,203189
2046,1786990931347589,l_left,3,otherhost,256,02:00:00:00:00:02,02:00:00:00:00:01,0x88b5,forward,1,558,93,0
2047,1786990931347653,l_left,3,otherhost,256,02:00:00:00:00:02,02:00:00:00:00:01,0x88b5,forward,1,559,93,64
2048,1786990931347675,l_left,3,otherhost,256,02:00:00:00:00:02,02:00:00:00:00:01,0x88b5,forward,1,560,93,86
2049,1786990931347692,l_left,3,otherhost,256,02:00:00:00:00:02,02:00:00:00:00:01,0x88b5,forward,1,561,93,103
2050,1786990931348173,l_left,4,outgoing,256,02:00:00:00:00:01,02:00:00:00:00:02,0x88b5,reverse,1,1488,93,584
2051,1786990931348210,l_left,4,outgoing,256,02:00:00:00:00:01,02:00:00:00:00:02,0x88b5,reverse,1,1489,93,621
2052,1786990931547753,l_left,4,outgoing,256,02:00:00:00:00:01,02:00:00:00:00:02,0x88b5,reverse,1,1490,93,200164
2053,1786990931547815,l_left,4,outgoing,256,02:00:00:00:00:01,02:00:00:00:00:02,0x88b5,reverse,1,1491,93,200226
2054,1786990931547837,l_left,4,outgoing,256,02:00:00:00:00:01,02:00:00:00:00:02,0x88b5,reverse,1,1492,93,200248
2055,1786990931547854,l_left,4,outgoing,256,02:00:00:00:00:01,02:00:00:00:00:02,0x88b5,reverse,1,1493,93,200265
2056,1786990931547873,l_left,4,outgoing,256,02:00:00:00:00:01,02:00:00:00:00:02,0x88b5,reverse,1,1494,93,200284
2057,1786990931548014,l_left,4,outgoing,256,02:00:00:00:00:01,02:00:00:00:00:02,0x88b5,reverse,1,1495,93,200425
2058,1786990931548325,l_left,4,outgoing,256,02:00:00:00:00:01,02:00:00:00:00:02,0x88b5,reverse,1,1496,93,200736
2059,1786990931548582,l_left,4,outgoing,256,02:00:00:00:00:01,02:00:00:00:00:02,0x88b5,reverse,1,1497,93,200993
2060,1786990931548832,l_left,4,outgoing,256,02:00:00:00:00:01,02:00:00:00:00:02,0x88b5,reverse,1,1498,93,201243
2061,1786990931549082,l_left,4,outgoing,256,02:00:00:00:00:01,02:00:00:00:00:02,0x88b5,reverse,1,1499,93,201493
2062,1786990931549332,l_left,4,outgoing,256,02:00:00:00:00:01,02:00:00:00:00:02,0x88b5,reverse,1,1500,93,201743
2063,1786990931549520,l_left,4,outgoing,256,02:00:00:00:00:01,02:00:00:00:00:02,0x88b5,reverse,1,1501,93,201931
2064,1786990931549711,l_left,4,outgoing,256,02:00:00:00:00:01,02:00:00:00:00:02,0x88b5,reverse,1,1502,93,202122
2065,1786990931549951,l_left,4,outgoing,256,02:00:00:00:00:01,02:00:00:00:00:02,0x88b5,reverse,1,1503,93,202362
2066,1786990931550587,l_left,3,otherhost,256,02:00:00:00:00:02,02:00:00:00:00:01,0x88b5,forward,1,562,93,202998
2067,1786990931550604,l_left,3,otherhost,256,02:00:00:00:00:02,02:00:00:00:00:01,0x88b5,forward,1,563,93,203015
2068,1786990931557227,l_left,3,otherhost,256,02:00:00:00:00:02,02:00:00:00:00:01,0x88b5,forward,1,564,94,0
2069,1786990931557244,l_left,3,otherhost,256,02:00:00:00:00:02,02:00:00:00:00:01,0x88b5,forward,1,565,94,17
2070,1786990931557262,l_left,3,otherhost,256,02:00:00:00:00:02,02:00:00:00:00:01,0x88b5,forward,1,566,94,35
2071,1786990931557446,l_left,3,otherhost,256,02:00:00:00:00:02,02:00:00:00:00:01,0x88b5,forward,1,567,94,219
2072,1786990931558087,l_left,4,outgoing,256,02:00:00:00:00:01,02:00:00:00:00:02,0x88b5,reverse,1,1504,94,860
2073,1786990931558110,l_left,4,outgoing,256,02:00:00:00:00:01,02:00:00:00:00:02,0x88b5,reverse,1,1505,94,883
2074,1786990931758029,l_left,4,outgoing,256,02:00:00:00:00:01,02:00:00:00:00:02,0x88b5,reverse,1,1506,94,200802
2075,1786990931758090,l_left,4,outgoing,256,02:00:00:00:00:01,02:00:00:00:00:02,0x88b5,reverse,1,1507,94,200863
2076,1786990931758118,l_left,4,outgoing,256,02:00:00:00:00:01,02:00:00:00:00:02,0x88b5,reverse,1,1508,94,200891
2077,1786990931758138,l_left,4,outgoing,256,02:00:00:00:00:01,02:00:00:00:00:02,0x88b5,reverse,1,1509,94,200911
2078,1786990931758154,l_left,4,outgoing,256,02:00:00:00:00:01,02:00:00:00:00:02,0x88b5,reverse,1,1510,94,200927
2079,1786990931758169,l_left,4,outgoing,256,02:00:00:00:00:01,02:00:00:00:00:02,0x88b5,reverse,1,1511,94,200942
2080,1786990931758246,l_left,4,outgoing,256,02:00:00:00:00:01,02:00:00:00:00:02,0x88b5,reverse,1,1512,94,201019
2081,1786990931758572,l_left,4,outgoing,256,02:00:00:00:00:01,02:00:00:00:00:02,0x88b5,reverse,1,1513,94,201345
2082,1786990931758829,l_left,4,outgoing,256,02:00:00:00:00:01,02:00:00:00:00:02,0x88b5,reverse,1,1514,94,201602
2083,1786990931759090,l_left,4,outgoing,256,02:00:00:00:00:01,02:00:00:00:00:02,0x88b5,reverse,1,1515,94,201863
2084,1786990931759333,l_left,4,outgoing,256,02:00:00:00:00:01,02:00:00:00:00:02,0x88b5,reverse,1,1516,94,202106
2085,1786990931759517,l_left,4,outgoing,256,02:00:00:00:00:01,02:00:00:00:00:02,0x88b5,reverse,1,1517,94,202290
2086,1786990931759820,l_left,4,outgoing,256,02:00:00:00:00:01,02:00:00:00:00:02,0x88b5,reverse,1,1518,94,202593
2087,1786990931760016,l_left,4,outgoing,256,02:00:00:00:00:01,02:00:00:00:00:02,0x88b5,reverse,1,1519,94,202789
2088,1786990931760379,l_left,3,otherhost,256,02:00:00:00:00:02,02:00:00:00:00:01,0x88b5,forward,1,568,94,203152
2089,1786990931760398,l_left,3,otherhost,256,02:00:00:00:00:02,02:00:00:00:00:01,0x88b5,forward,1,569,94,203171
2090,1786990931767898,l_left,3,otherhost,256,02:00:00:00:00:02,02:00:00:00:00:01,0x88b5,forward,1,570,95,0
2091,1786990931767958,l_left,3,otherhost,256,02:00:00:00:00:02,02:00:00:00:00:01,0x88b5,forward,1,571,95,60
2092,1786990931767992,l_left,3,otherhost,256,02:00:00:00:00:02,02:00:00:00:00:01,0x88b5,forward,1,572,95,94
2093,1786990931768010,l_left,3,otherhost,256,02:00:00:00:00:02,02:00:00:00:00:01,0x88b5,forward,1,573,95,112
2094,1786990931768036,l_left,4,outgoing,256,02:00:00:00:00:01,02:00:00:00:00:02,0x88b5,reverse,1,1520,95,138
2095,1786990931768081,l_left,4,outgoing,256,02:00:00:00:00:01,02:00:00:00:00:02,0x88b5,reverse,1,1521,95,183
2096,1786990931967848,l_left,4,outgoing,256,02:00:00:00:00:01,02:00:00:00:00:02,0x88b5,reverse,1,1522,95,199950
2097,1786990931967922,l_left,4,outgoing,256,02:00:00:00:00:01,02:00:00:00:00:02,0x88b5,reverse,1,1523,95,200024
2098,1786990931967946,l_left,4,outgoing,256,02:00:00:00:00:01,02:00:00:00:00:02,0x88b5,reverse,1,1524,95,200048
2099,1786990931967964,l_left,4,outgoing,256,02:00:00:00:00:01,02:00:00:00:00:02,0x88b5,reverse,1,1525,95,200066
2100,1786990931967980,l_left,4,outgoing,256,02:00:00:00:00:01,02:00:00:00:00:02,0x88b5,reverse,1,1526,95,200082
2101,1786990931967995,l_left,4,outgoing,256,02:00:00:00:00:01,02:00:00:00:00:02,0x88b5,reverse,1,1527,95,200097
2102,1786990931968321,l_left,4,outgoing,256,02:00:00:00:00:01,02:00:00:00:00:02,0x88b5,reverse,1,1528,95,200423
2103,1786990931968575,l_left,4,outgoing,256,02:00:00:00:00:01,02:00:00:00:00:02,0x88b5,reverse,1,1529,95,200677
2104,1786990931968838,l_left,4,outgoing,256,02:00:00:00:00:01,02:00:00:00:00:02,0x88b5,reverse,1,1530,95,200940
2105,1786990931969083,l_left,4,outgoing,256,02:00:00:00:00:01,02:00:00:00:00:02,0x88b5,reverse,1,1531,95,201185
2106,1786990931969288,l_left,4,outgoing,256,02:00:00:00:00:01,02:00:00:00:00:02,0x88b5,reverse,1,1532,95,201390
2107,1786990931969571,l_left,4,outgoing,256,02:00:00:00:00:01,02:00:00:00:00:02,0x88b5,reverse,1,1533,95,201673
2108,1786990931969817,l_left,4,outgoing,256,02:00:00:00:00:01,02:00:00:00:00:02,0x88b5,reverse,1,1534,95,201919
2109,1786990931969994,l_left,4,outgoing,256,02:00:00:00:00:01,02:00:00:00:00:02,0x88b5,reverse,1,1535,95,202096
2110,1786990931970465,l_left,3,otherhost,256,02:00:00:00:00:02,02:00:00:00:00:01,0x88b5,forward,1,574,95,202567
2111,1786990931970504,l_left,3,otherhost,256,02:00:00:00:00:02,02:00:00:00:00:01,0x88b5,forward,1,575,95,202606
2112,1786990931977121,l_left,3,otherhost,256,02:00:00:00:00:02,02:00:00:00:00:01,0x88b5,forward,1,576,96,0
2113,1786990931977173,l_left,3,otherhost,256,02:00:00:00:00:02,02:00:00:00:00:01,0x88b5,forward,1,577,96,52
2114,1786990931977282,l_left,3,otherhost,256,02:00:00:00:00:02,02:00:00:00:00:01,0x88b5,forward,1,578,96,161
2115,1786990931977445,l_left,3,otherhost,256,02:00:00:00:00:02,02:00:00:00:00:01,0x88b5,forward,1,579,96,324
2116,1786990931977998,l_left,4,outgoing,256,02:00:00:00:00:01,02:00:00:00:00:02,0x88b5,reverse,1,1536,96,877
2117,1786990931978016,l_left,4,outgoing,256,02:00:00:00:00:01,02:00:00:00:00:02,0x88b5,reverse,1,1537,96,895
2118,1786990932178232,l_left,4,outgoing,256,02:00:00:00:00:01,02:00:00:00:00:02,0x88b5,reverse,1,1538,96,201111
2119,1786990932178294,l_left,4,outgoing,256,02:00:00:00:00:01,02:00:00:00:00:02,0x88b5,reverse,1,1539,96,201173
2120,1786990932178317,l_left,4,outgoing,256,02:00:00:00:00:01,02:00:00:00:00:02,0x88b5,reverse,1,1540,96,201196
2121,1786990932178334,l_left,4,outgoing,256,02:00:00:00:00:01,02:00:00:00:00:02,0x88b5,reverse,1,1541,96,201213
2122,1786990932178349,l_left,4,outgoing,256,02:00:00:00:00:01,02:00:00:00:00:02,0x88b5,reverse,1,1542,96,201228
2123,1786990932178363,l_left,4,outgoing,256,02:00:00:00:00:01,02:00:00:00:00:02,0x88b5,reverse,1,1543,96,201242
2124,1786990932178385,l_left,4,outgoing,256,02:00:00:00:00:01,02:00:00:00:00:02,0x88b5,reverse,1,1544,96,201264
2125,1786990932178472,l_left,4,outgoing,256,02:00:00:00:00:01,02:00:00:00:00:02,0x88b5,reverse,1,1545,96,201351
2126,1786990932178821,l_left,4,outgoing,256,02:00:00:00:00:01,02:00:00:00:00:02,0x88b5,reverse,1,1546,96,201700
2127,1786990932179078,l_left,4,outgoing,256,02:00:00:00:00:01,02:00:00:00:00:02,0x88b5,reverse,1,1547,96,201957
2128,1786990932179331,l_left,4,outgoing,256,02:00:00:00:00:01,02:00:00:00:00:02,0x88b5,reverse,1,1548,96,202210
2129,1786990932179572,l_left,4,outgoing,256,02:00:00:00:00:01,02:00:00:00:00:02,0x88b5,reverse,1,1549,96,202451
2130,1786990932179833,l_left,4,outgoing,256,02:00:00:00:00:01,02:00:00:00:00:02,0x88b5,reverse,1,1550,96,202712
2131,1786990932180083,l_left,4,outgoing,256,02:00:00:00:00:01,02:00:00:00:00:02,0x88b5,reverse,1,1551,96,202962
2132,1786990932180396,l_left,3,otherhost,256,02:00:00:00:00:02,02:00:00:00:00:01,0x88b5,forward,1,580,96,203275
2133,1786990932180434,l_left,3,otherhost,256,02:00:00:00:00:02,02:00:00:00:00:01,0x88b5,forward,1,581,96,203313
2134,1786990932187112,l_left,3,otherhost,256,02:00:00:00:00:02,02:00:00:00:00:01,0x88b5,forward,1,582,97,0
2135,1786990932187149,l_left,3,otherhost,256,02:00:00:00:00:02,02:00:00:00:00:01,0x88b5,forward,1,583,97,37
2136,1786990932187245,l_left,3,otherhost,256,02:00:00:00:00:02,02:00:00:00:00:01,0x88b5,forward,1,584,97,133
2137,1786990932187478,l_left,3,otherhost,256,02:00:00:00:00:02,02:00:00:00:00:01,0x88b5,forward,1,585,97,366
2138,1786990932188142,l_left,4,outgoing,256,02:00:00:00:00:01,02:00:00:00:00:02,0x88b5,reverse,1,1552,97,1030
2139,1786990932188178,l_left,4,outgoing,256,02:00:00:00:00:01,02:00:00:00:00:02,0x88b5,reverse,1,1553,97,1066
2140,1786990932387834,l_left,4,outgoing,256,02:00:00:00:00:01,02:00:00:00:00:02,0x88b5,reverse,1,1554,97,200722
2141,1786990932387887,l_left,4,outgoing,256,02:00:00:00:00:01,02:00:00:00:00:02,0x88b5,reverse,1,1555,97,200775
2142,1786990932387905,l_left,4,outgoing,256,02:00:00:00:00:01,02:00:00:00:00:02,0x88b5,reverse,1,1556,97,200793
2143,1786990932387918,l_left,4,outgoing,256,02:00:00:00:00:01,02:00:00:00:00:02,0x88b5,reverse,1,1557,97,200806
2144,1786990932387930,l_left,4,outgoing,256,02:00:00:00:00:01,02:00:00:00:00:02,0x88b5,reverse,1,1558,97,200818
2145,1786990932387940,l_left,4,outgoing,256,02:00:00:00:00:01,02:00:00:00:00:02,0x88b5,reverse,1,1559,97,200828
2146,1786990932388274,l_left,4,outgoing,256,02:00:00:00:00:01,02:00:00:00:00:02,0x88b5,reverse,1,1560,97,201162
2147,1786990932388513,l_left,4,outgoing,256,02:00:00:00:00:01,02:00:00:00:00:02,0x88b5,reverse,1,1561,97,201401
2148,1786990932388760,l_left,4,outgoing,256,02:00:00:00:00:01,02:00:00:00:00:02,0x88b5,reverse,1,1562,97,201648
2149,1786990932389027,l_left,4,outgoing,256,02:00:00:00:00:01,02:00:00:00:00:02,0x88b5,reverse,1,1563,97,201915
2150,1786990932389220,l_left,4,outgoing,256,02:00:00:00:00:01,02:00:00:00:00:02,0x88b5,reverse,1,1564,97,202108
2151,1786990932389469,l_left,4,outgoing,256,02:00:00:00:00:01,02:00:00:00:00:02,0x88b5,reverse,1,1565,97,202357
2152,1786990932389715,l_left,4,outgoing,256,02:00:00:00:00:01,02:00:00:00:00:02,0x88b5,reverse,1,1566,97,202603
2153,1786990932389947,l_left,4,outgoing,256,02:00:00:00:00:01,02:00:00:00:00:02,0x88b5,reverse,1,1567,97,202835
2154,1786990932390670,l_left,3,otherhost,256,02:00:00:00:00:02,02:00:00:00:00:01,0x88b5,forward,1,586,97,203558
2155,1786990932390681,l_left,3,otherhost,256,02:00:00:00:00:02,02:00:00:00:00:01,0x88b5,forward,1,587,97,203569
2156,1786990932397023,l_left,3,otherhost,256,02:00:00:00:00:02,02:00:00:00:00:01,0x88b5,forward,1,588,98,0
2157,1786990932397052,l_left,3,otherhost,256,02:00:00:00:00:02,02:00:00:00:00:01,0x88b5,forward,1,589,98,29
2158,1786990932397225,l_left,3,otherhost,256,02:00:00:00:00:02,02:00:00:00:00:01,0x88b5,forward,1,590,98,202
2159,1786990932397441,l_left,3,otherhost,256,02:00:00:00:00:02,02:00:00:00:00:01,0x88b5,forward,1,591,98,418
2160,1786990932397897,l_left,4,outgoing,256,02:00:00:00:00:01,02:00:00:00:00:02,0x88b5,reverse,1,1568,98,874
2161,1786990932397950,l_left,4,outgoing,256,02:00:00:00:00:01,02:00:00:00:00:02,0x88b5,reverse,1,1569,98,927
2162,1786990932597602,l_left,4,outgoing,256,02:00:00:00:00:01,02:00:00:00:00:02,0x88b5,reverse,1,1570,98,200579
2163,1786990932597654,l_left,4,outgoing,256,02:00:00:00:00:01,02:00:00:00:00:02,0x88b5,reverse,1,1571,98,200631
2164,1786990932597677,l_left,4,outgoing,256,02:00:00:00:00:01,02:00:00:00:00:02,0x88b5,reverse,1,1572,98,200654
2165,1786990932597691,l_left,4,outgoing,256,02:00:00:00:00:01,02:00:00:00:00:02,0x88b5,reverse,1,1573,98,200668
2166,1786990932597753,l_left,4,outgoing,256,02:00:00:00:00:01,02:00:00:00:00:02,0x88b5,reverse,1,1574,98,200730
2167,1786990932598035,l_left,4,outgoing,256,02:00:00:00:00:01,02:00:00:00:00:02,0x88b5,reverse,1,1575,98,201012
2168,1786990932598279,l_left,4,outgoing,256,02:00:00:00:00:01,02:00:00:00:00:02,0x88b5,reverse,1,1576,98,201256
2169,1786990932598528,l_left,4,outgoing,256,02:00:00:00:00:01,02:00:00:00:00:02,0x88b5,reverse,1,1577,98,201505
2170,1786990932598779,l_left,4,outgoing,256,02:00:00:00:00:01,02:00:00:00:00:02,0x88b5,reverse,1,1578,98,201756
2171,1786990932599020,l_left,4,outgoing,256,02:00:00:00:00:01,02:00:00:00:00:02,0x88b5,reverse,1,1579,98,201997
2172,1786990932599248,l_left,4,outgoing,256,02:00:00:00:00:01,02:00:00:00:00:02,0x88b5,reverse,1,1580,98,202225
2173,1786990932599495,l_left,4,outgoing,256,02:00:00:00:00:01,02:00:00:00:00:02,0x88b5,reverse,1,1581,98,202472
2174,1786990932599725,l_left,4,outgoing,256,02:00:00:00:00:01,02:00:00:00:00:02,0x88b5,reverse,1,1582,98,202702
2175,1786990932599946,l_left,4,outgoing,256,02:00:00:00:00:01,02:00:00:00:00:02,0x88b5,reverse,1,1583,98,202923
2176,1786990932600810,l_left,3,otherhost,256,02:00:00:00:00:02,02:00:00:00:00:01,0x88b5,forward,1,592,98,203787
2177,1786990932600826,l_left,3,otherhost,256,02:00:00:00:00:02,02:00:00:00:00:01,0x88b5,forward,1,593,98,203803
2178,1786990932606850,l_left,3,otherhost,256,02:00:00:00:00:02,02:00:00:00:00:01,0x88b5,forward,1,594,99,0
2179,1786990932606920,l_left,3,otherhost,256,02:00:00:00:00:02,02:00:00:00:00:01,0x88b5,forward,1,595,99,70
2180,1786990932607168,l_left,3,otherhost,256,02:00:00:00:00:02,02:00:00:00:00:01,0x88b5,forward,1,596,99,318
2181,1786990932607415,l_left,3,otherhost,256,02:00:00:00:00:02,02:00:00:00:00:01,0x88b5,forward,1,597,99,565
2182,1786990932607850,l_left,4,outgoing,256,02:00:00:00:00:01,02:00:00:00:00:02,0x88b5,reverse,1,1584,99,1000
2183,1786990932607938,l_left,4,outgoing,256,02:00:00:00:00:01,02:00:00:00:00:02,0x88b5,reverse,1,1585,99,1088
2184,1786990932807576,l_left,4,outgoing,256,02:00:00:00:00:01,02:00:00:00:00:02,0x88b5,reverse,1,1586,99,200726
2185,1786990932807629,l_left,4,outgoing,256,02:00:00:00:00:01,02:00:00:00:00:02,0x88b5,reverse,1,1587,99,200779
2186,1786990932807646,l_left,4,outgoing,256,02:00:00:00:00:01,02:00:00:00:00:02,0x88b5,reverse,1,1588,99,200796
2187,1786990932807659,l_left,4,outgoing,256,02:00:00:00:00:01,02:00:00:00:00:02,0x88b5,reverse,1,1589,99,200809
2188,1786990932807821,l_left,4,outgoing,256,02:00:00:00:00:01,02:00:00:00:00:02,0x88b5,reverse,1,1590,99,200971
2189,1786990932808011,l_left,4,outgoing,256,02:00:00:00:00:01,02:00:00:00:00:02,0x88b5,reverse,1,1591,99,201161
2190,1786990932808263,l_left,4,outgoing,256,02:00:00:00:00:01,02:00:00:00:00:02,0x88b5,reverse,1,1592,99,201413
2191,1786990932808526,l_left,4,outgoing,256,02:00:00:00:00:01,02:00:00:00:00:02,0x88b5,reverse,1,1593,99,201676
2192,1786990932808761,l_left,4,outgoing,256,02:00:00:00:00:01,02:00:00:00:00:02,0x88b5,reverse,1,1594,99,201911
2193,1786990932808993,l_left,4,outgoing,256,02:00:00:00:00:01,02:00:00:00:00:02,0x88b5,reverse,1,1595,99,202143
2194,1786990932809227,l_left,4,outgoing,256,02:00:00:00:00:01,02:00:00:00:00:02,0x88b5,reverse,1,1596,99,202377
2195,1786990932809467,l_left,4,outgoing,256,02:00:00:00:00:01,02:00:00:00:00:02,0x88b5,reverse,1,1597,99,202617
2196,1786990932809722,l_left,4,outgoing,256,02:00:00:00:00:01,02:00:00:00:00:02,0x88b5,reverse,1,1598,99,202872
2197,1786990932809951,l_left,4,outgoing,256,02:00:00:00:00:01,02:00:00:00:00:02,0x88b5,reverse,1,1599,99,203101
2198,1786990932810693,l_left,3,otherhost,256,02:00:00:00:00:02,02:00:00:00:00:01,0x88b5,forward,1,598,99,203843
2199,1786990932810708,l_left,3,otherhost,256,02:00:00:00:00:02,02:00:00:00:00:01,0x88b5,forward,1,599,99,203858
2200,1786990932817092,l_left,3,otherhost,256,02:00:00:00:00:02,02:00:00:00:00:01,0x88b5,forward,1,600,100,0
2201,1786990932817120,l_left,3,otherhost,256,02:00:00:00:00:02,02:00:00:00:00:01,0x88b5,forward,1,601,100,28
2202,1786990932817163,l_left,3,otherhost,256,02:00:00:00:00:02,02:00:00:00:00:01,0x88b5,forward,1,602,100,71
2203,1786990932817416,l_left,3,otherhost,256,02:00:00:00:00:02,02:00:00:00:00:01,0x88b5,forward,1,603,100,324
2204,1786990932817872,l_left,4,outgoing,256,02:00:00:00:00:01,02:00:00:00:00:02,0x88b5,reverse,1,1600,100,780
2205,1786990932817940,l_left,4,outgoing,256,02:00:00:00:00:01,02:00:00:00:00:02,0x88b5,reverse,1,1601,100,848
2206,1786990933017626,l_left,4,outgoing,256,02:00:00:00:00:01,02:00:00:00:00:02,0x88b5,reverse,1,1602,100,200534
2207,1786990933017678,l_left,4,outgoing,256,02:00:00:00:00:01,02:00:00:00:00:02,0x88b5,reverse,1,1603,100,200586
2208,1786990933017695,l_left,4,outgoing,256,02:00:00:00:00:01,02:00:00:00:00:02,0x88b5,reverse,1,1604,100,200603
2209,1786990933017708,l_left,4,outgoing,256,02:00:00:00:00:01,02:00:00:00:00:02,0x88b5,reverse,1,1605,100,200616
2210,1786990933017735,l_left,4,outgoing,256,02:00:00:00:00:01,02:00:00:00:00:02,0x88b5,reverse,1,1606,100,200643
2211,1786990933018028,l_left,4,outgoing,256,02:00:00:00:00:01,02:00:00:00:00:02,0x88b5,reverse,1,1607,100,200936
2212,1786990933018272,l_left,4,outgoing,256,02:00:00:00:00:01,02:00:00:00:00:02,0x88b5,reverse,1,1608,100,201180
2213,1786990933018532,l_left,4,outgoing,256,02:00:00:00:00:01,02:00:00:00:00:02,0x88b5,reverse,1,1609,100,201440
2214,1786990933018779,l_left,4,outgoing,256,02:00:00:00:00:01,02:00:00:00:00:02,0x88b5,reverse,1,1610,100,201687
2215,1786990933019035,l_left,4,outgoing,256,02:00:00:00:00:01,02:00:00:00:00:02,0x88b5,reverse,1,1611,100,201943
2216,1786990933019277,l_left,4,outgoing,256,02:00:00:00:00:01,02:00:00:00:00:02,0x88b5,reverse,1,1612,100,202185
2217,1786990933019502,l_left,4,outgoing,256,02:00:00:00:00:01,02:00:00:00:00:02,0x88b5,reverse,1,1613,100,202410
2218,1786990933019739,l_left,4,outgoing,256,02:00:00:00:00:01,02:00:00:00:00:02,0x88b5,reverse,1,1614,100,202647
2219,1786990933019956,l_left,4,outgoing,256,02:00:00:00:00:01,02:00:00:00:00:02,0x88b5,reverse,1,1615,100,202864
2220,1786990933020874,l_left,3,otherhost,256,02:00:00:00:00:02,02:00:00:00:00:01,0x88b5,forward,1,604,100,203782
2221,1786990933020889,l_left,3,otherhost,256,02:00:00:00:00:02,02:00:00:00:00:01,0x88b5,forward,1,605,100,203797
2222,1786990933026853,l_left,3,otherhost,256,02:00:00:00:00:02,02:00:00:00:00:01,0x88b5,forward,1,606,101,0
2223,1786990933026919,l_left,3,otherhost,256,02:00:00:00:00:02,02:00:00:00:00:01,0x88b5,forward,1,607,101,66
2224,1786990933027165,l_left,3,otherhost,256,02:00:00:00:00:02,02:00:00:00:00:01,0x88b5,forward,1,608,101,312
2225,1786990933027415,l_left,3,otherhost,256,02:00:00:00:00:02,02:00:00:00:00:01,0x88b5,forward,1,609,101,562
2226,1786990933027821,l_left,4,outgoing,256,02:00:00:00:00:01,02:00:00:00:00:02,0x88b5,reverse,1,1616,101,968
2227,1786990933027941,l_left,4,outgoing,256,02:00:00:00:00:01,02:00:00:00:00:02,0x88b5,reverse,1,1617,101,1088
2228,1786990933227669,l_left,4,outgoing,256,02:00:00:00:00:01,02:00:00:00:00:02,0x88b5,reverse,1,1618,101,200816
2229,1786990933227722,l_left,4,outgoing,256,02:00:00:00:00:01,02:00:00:00:00:02,0x88b5,reverse,1,1619,101,200869
2230,1786990933227738,l_left,4,outgoing,256,02:00:00:00:00:01,02:00:00:00:00:02,0x88b5,reverse,1,1620,101,200885
2231,1786990933227762,l_left,4,outgoing,256,02:00:00:00:00:01,02:00:00:00:00:02,0x88b5,reverse,1,1621,101,200909
2232,1786990933227777,l_left,4,outgoing,256,02:00:00:00:00:01,02:00:00:00:00:02,0x88b5,reverse,1,1622,101,200924
2233,1786990933228015,l_left,4,outgoing,256,02:00:00:00:00:01,02:00:00:00:00:02,0x88b5,reverse,1,1623,101,201162
2234,1786990933228263,l_left,4,outgoing,256,02:00:00:00:00:01,02:00:00:00:00:02,0x88b5,reverse,1,1624,101,201410
2235,1786990933228524,l_left,4,outgoing,256,02:00:00:00:00:01,02:00:00:00:00:02,0x88b5,reverse,1,1625,101,201671
2236,1786990933228736,l_left,4,outgoing,256,02:00:00:00:00:01,02:00:00:00:00:02,0x88b5,reverse,1,1626,101,201883
2237,1786990933229078,l_left,4,outgoing,256,02:00:00:00:00:01,02:00:00:00:00:02,0x88b5,reverse,1,1627,101,202225
2238,1786990933229227,l_left,4,outgoing,256,02:00:00:00:00:01,02:00:00:00:00:02,0x88b5,reverse,1,1628,101,202374
2239,1786990933229496,l_left,4,outgoing,256,02:00:00:00:00:01,02:00:00:00:00:02,0x88b5,reverse,1,1629,101,202643
2240,1786990933229733,l_left,4,outgoing,256,02:00:00:00:00:01,02:00:00:00:00:02,0x88b5,reverse,1,1630,101,202880
2241,1786990933229968,l_left,4,outgoing,256,02:00:00:00:00:01,02:00:00:00:00:02,0x88b5,reverse,1,1631,101,203115
2242,1786990933230658,l_left,3,otherhost,256,02:00:00:00:00:02,02:00:00:00:00:01,0x88b5,forward,1,610,101,203805
2243,1786990933230680,l_left,3,otherhost,256,02:00:00:00:00:02,02:00:00:00:00:01,0x88b5,forward,1,611,101,203827
2244,1786990933237001,l_left,3,otherhost,256,02:00:00:00:00:02,02:00:00:00:00:01,0x88b5,forward,1,612,102,0
2245,1786990933237039,l_left,3,otherhost,256,02:00:00:00:00:02,02:00:00:00:00:01,0x88b5,forward,1,613,102,38
2246,1786990933237210,l_left,3,otherhost,256,02:00:00:00:00:02,02:00:00:00:00:01,0x88b5,forward,1,614,102,209
2247,1786990933237464,l_left,3,otherhost,256,02:00:00:00:00:02,02:00:00:00:00:01,0x88b5,forward,1,615,102,463
2248,1786990933237948,l_left,4,outgoing,256,02:00:00:00:00:01,02:00:00:00:00:02,0x88b5,reverse,1,1632,102,947
2249,1786990933237979,l_left,4,outgoing,256,02:00:00:00:00:01,02:00:00:00:00:02,0x88b5,reverse,1,1633,102,978
2250,1786990933437534,l_left,4,outgoing,256,02:00:00:00:00:01,02:00:00:00:00:02,0x88b5,reverse,1,1634,102,200533
2251,1786990933437588,l_left,4,outgoing,256,02:00:00:00:00:01,02:00:00:00:00:02,0x88b5,reverse,1,1635,102,200587
2252,1786990933437606,l_left,4,outgoing,256,02:00:00:00:00:01,02:00:00:00:00:02,0x88b5,reverse,1,1636,102,200605
2253,1786990933437622,l_left,4,outgoing,256,02:00:00:00:00:01,02:00:00:00:00:02,0x88b5,reverse,1,1637,102,200621
2254,1786990933437729,l_left,4,outgoing,256,02:00:00:00:00:01,02:00:00:00:00:02,0x88b5,reverse,1,1638,102,200728
2255,1786990933438029,l_left,4,outgoing,256,02:00:00:00:00:01,02:00:00:00:00:02,0x88b5,reverse,1,1639,102,201028
2256,1786990933438290,l_left,4,outgoing,256,02:00:00:00:00:01,02:00:00:00:00:02,0x88b5,reverse,1,1640,102,201289
2257,1786990933438520,l_left,4,outgoing,256,02:00:00:00:00:01,02:00:00:00:00:02,0x88b5,reverse,1,1641,102,201519
2258,1786990933438792,l_left,4,outgoing,256,02:00:00:00:00:01,02:00:00:00:00:02,0x88b5,reverse,1,1642,102,201791
2259,1786990933439037,l_left,4,outgoing,256,02:00:00:00:00:01,02:00:00:00:00:02,0x88b5,reverse,1,1643,102,202036
2260,1786990933439293,l_left,4,outgoing,256,02:00:00:00:00:01,02:00:00:00:00:02,0x88b5,reverse,1,1644,102,202292
2261,1786990933439519,l_left,4,outgoing,256,02:00:00:00:00:01,02:00:00:00:00:02,0x88b5,reverse,1,1645,102,202518
2262,1786990933439750,l_left,4,outgoing,256,02:00:00:00:00:01,02:00:00:00:00:02,0x88b5,reverse,1,1646,102,202749
2263,1786990933439948,l_left,4,outgoing,256,02:00:00:00:00:01,02:00:00:00:00:02,0x88b5,reverse,1,1647,102,202947
2264,1786990933440811,l_left,3,otherhost,256,02:00:00:00:00:02,02:00:00:00:00:01,0x88b5,forward,1,616,102,203810
2265,1786990933440826,l_left,3,otherhost,256,02:00:00:00:00:02,02:00:00:00:00:01,0x88b5,forward,1,617,102,203825
2266,1786990933446902,l_left,3,otherhost,256,02:00:00:00:00:02,02:00:00:00:00:01,0x88b5,forward,1,618,103,0
2267,1786990933446918,l_left,3,otherhost,256,02:00:00:00:00:02,02:00:00:00:00:01,0x88b5,forward,1,619,103,16
2268,1786990933447193,l_left,3,otherhost,256,02:00:00:00:00:02,02:00:00:00:00:01,0x88b5,forward,1,620,103,291
2269,1786990933447441,l_left,3,otherhost,256,02:00:00:00:00:02,02:00:00:00:00:01,0x88b5,forward,1,621,103,539
2270,1786990933447868,l_left,4,outgoing,256,02:00:00:00:00:01,02:00:00:00:00:02,0x88b5,reverse,1,1648,103,966
2271,1786990933447940,l_left,4,outgoing,256,02:00:00:00:00:01,02:00:00:00:00:02,0x88b5,reverse,1,1649,103,1038
2272,1786990933647618,l_left,4,outgoing,256,02:00:00:00:00:01,02:00:00:00:00:02,0x88b5,reverse,1,1650,103,200716
2273,1786990933647671,l_left,4,outgoing,256,02:00:00:00:00:01,02:00:00:00:00:02,0x88b5,reverse,1,1651,103,200769
2274,1786990933647688,l_left,4,outgoing,256,02:00:00:00:00:01,02:00:00:00:00:02,0x88b5,reverse,1,1652,103,200786
2275,1786990933647701,l_left,4,outgoing,256,02:00:00:00:00:01,02:00:00:00:00:02,0x88b5,reverse,1,1653,103,200799
2276,1786990933647712,l_left,4,outgoing,256,02:00:00:00:00:01,02:00:00:00:00:02,0x88b5,reverse,1,1654,103,200810
2277,1786990933648019,l_left,4,outgoing,256,02:00:00:00:00:01,02:00:00:00:00:02,0x88b5,reverse,1,1655,103,201117
2278,1786990933648278,l_left,4,outgoing,256,02:00:00:00:00:01,02:00:00:00:00:02,0x88b5,reverse,1,1656,103,201376
2279,1786990933648531,l_left,4,outgoing,256,02:00:00:00:00:01,02:00:00:00:00:02,0x88b5,reverse,1,1657,103,201629
2280,1786990933648787,l_left,4,outgoing,256,02:00:00:00:00:01,02:00:00:00:00:02,0x88b5,reverse,1,1658,103,201885
2281,1786990933649026,l_left,4,outgoing,256,02:00:00:00:00:01,02:00:00:00:00:02,0x88b5,reverse,1,1659,103,202124
2282,1786990933649273,l_left,4,outgoing,256,02:00:00:00:00:01,02:00:00:00:00:02,0x88b5,reverse,1,1660,103,202371
2283,1786990933649530,l_left,4,outgoing,256,02:00:00:00:00:01,02:00:00:00:00:02,0x88b5,reverse,1,1661,103,202628
2284,1786990933649768,l_left,4,outgoing,256,02:00:00:00:00:01,02:00:00:00:00:02,0x88b5,reverse,1,1662,103,202866
2285,1786990933649950,l_left,4,outgoing,256,02:00:00:00:00:01,02:00:00:00:00:02,0x88b5,reverse,1,1663,103,203048
2286,1786990933650900,l_left,3,otherhost,256,02:00:00:00:00:02,02:00:00:00:00:01,0x88b5,forward,1,622,103,203998
2287,1786990933650916,l_left,3,otherhost,256,02:00:00:00:00:02,02:00:00:00:00:01,0x88b5,forward,1,623,103,204014
2288,1786990933657165,l_left,3,otherhost,256,02:00:00:00:00:02,02:00:00:00:00:01,0x88b5,forward,1,624,104,0
2289,1786990933657193,l_left,3,otherhost,256,02:00:00:00:00:02,02:00:00:00:00:01,0x88b5,forward,1,625,104,28
2290,1786990933657210,l_left,3,otherhost,256,02:00:00:00:00:02,02:00:00:00:00:01,0x88b5,forward,1,626,104,45
2291,1786990933657450,l_left,3,otherhost,256,02:00:00:00:00:02,02:00:00:00:00:01,0x88b5,forward,1,627,104,285
2292,1786990933657898,l_left,4,outgoing,256,02:00:00:00:00:01,02:00:00:00:00:02,0x88b5,reverse,1,1664,104,733
2293,1786990933657922,l_left,4,outgoing,256,02:00:00:00:00:01,02:00:00:00:00:02,0x88b5,reverse,1,1665,104,757
2294,1786990933857855,l_left,4,outgoing,256,02:00:00:00:00:01,02:00:00:00:00:02,0x88b5,reverse,1,1666,104,200690
2295,1786990933857909,l_left,4,outgoing,256,02:00:00:00:00:01,02:00:00:00:00:02,0x88b5,reverse,1,1667,104,200744
2296,1786990933857926,l_left,4,outgoing,256,02:00:00:00:00:01,02:00:00:00:00:02,0x88b5,reverse,1,1668,104,200761
2297,1786990933857939,l_left,4,outgoing,256,02:00:00:00:00:01,02:00:00:00:00:02,0x88b5,reverse,1,1669,104,200774
2298,1786990933857950,l_left,4,outgoing,256,02:00:00:00:00:01,02:00:00:00:00:02,0x88b5,reverse,1,1670,104,200785
2299,1786990933857967,l_left,4,outgoing,256,02:00:00:00:00:01,02:00:00:00:00:02,0x88b5,reverse,1,1671,104,200802
2300,1786990933858276,l_left,4,outgoing,256,02:00:00:00:00:01,02:00:00:00:00:02,0x88b5,reverse,1,1672,104,201111
2301,1786990933858528,l_left,4,outgoing,256,02:00:00:00:00:01,02:00:00:00:00:02,0x88b5,reverse,1,1673,104,201363
2302,1786990933858778,l_left,4,outgoing,256,02:00:00:00:00:01,02:00:00:00:00:02,0x88b5,reverse,1,1674,104,201613
2303,1786990933859035,l_left,4,outgoing,256,02:00:00:00:00:01,02:00:00:00:00:02,0x88b5,reverse,1,1675,104,201870
2304,1786990933859279,l_left,4,outgoing,256,02:00:00:00:00:01,02:00:00:00:00:02,0x88b5,reverse,1,1676,104,202114
2305,1786990933859527,l_left,4,outgoing,256,02:00:00:00:00:01,02:00:00:00:00:02,0x88b5,reverse,1,1677,104,202362
2306,1786990933859770,l_left,4,outgoing,256,02:00:00:00:00:01,02:00:00:00:00:02,0x88b5,reverse,1,1678,104,202605
2307,1786990933859970,l_left,4,outgoing,256,02:00:00:00:00:01,02:00:00:00:00:02,0x88b5,reverse,1,1679,104,202805
2308,1786990933860886,l_left,3,otherhost,256,02:00:00:00:00:02,02:00:00:00:00:01,0x88b5,forward,1,628,104,203721
2309,1786990933860915,l_left,3,otherhost,256,02:00:00:00:00:02,02:00:00:00:00:01,0x88b5,forward,1,629,104,203750
2310,1786990933867024,l_left,3,otherhost,256,02:00:00:00:00:02,02:00:00:00:00:01,0x88b5,forward,1,630,105,0
2311,1786990933867053,l_left,3,otherhost,256,02:00:00:00:00:02,02:00:00:00:00:01,0x88b5,forward,1,631,105,29
2312,1786990933867218,l_left,3,otherhost,256,02:00:00:00:00:02,02:00:00:00:00:01,0x88b5,forward,1,632,105,194
2313,1786990933867443,l_left,3,otherhost,256,02:00:00:00:00:02,02:00:00:00:00:01,0x88b5,forward,1,633,105,419
2314,1786990933867861,l_left,4,outgoing,256,02:00:00:00:00:01,02:00:00:00:00:02,0x88b5,reverse,1,1680,105,837
2315,1786990933867941,l_left,4,outgoing,256,02:00:00:00:00:01,02:00:00:00:00:02,0x88b5,reverse,1,1681,105,917
2316,1786990934068184,l_left,4,outgoing,256,02:00:00:00:00:01,02:00:00:00:00:02,0x88b5,reverse,1,1682,105,201160
2317,1786990934068249,l_left,4,outgoing,256,02:00:00:00:00:01,02:00:00:00:00:02,0x88b5,reverse,1,1683,105,201225
2318,1786990934068271,l_left,4,outgoing,256,02:00:00:00:00:01,02:00:00:00:00:02,0x88b5,reverse,1,1684,105,201247
2319,1786990934068292,l_left,4,outgoing,256,02:00:00:00:00:01,02:00:00:00:00:02,0x88b5,reverse,1,1685,105,201268
2320,1786990934068307,l_left,4,outgoing,256,02:00:00:00:00:01,02:00:00:00:00:02,0x88b5,reverse,1,1686,105,201283
2321,1786990934068320,l_left,4,outgoing,256,02:00:00:00:00:01,02:00:00:00:00:02,0x88b5,reverse,1,1687,105,201296
2322,1786990934068334,l_left,4,outgoing,256,02:00:00:00:00:01,02:00:00:00:00:02,0x88b5,reverse,1,1688,105,201310
2323,1786990934068617,l_left,4,outgoing,256,02:00:00:00:00:01,02:00:00:00:00:02,0x88b5,reverse,1,1689,105,201593
2324,1786990934068807,l_left,4,outgoing,256,02:00:00:00:00:01,02:00:00:00:00:02,0x88b5,reverse,1,1690,105,201783
2325,1786990934069079,l_left,4,outgoing,256,02:00:00:00:00:01,02:00:00:00:00:02,0x88b5,reverse,1,1691,105,202055
2326,1786990934069341,l_left,4,outgoing,256,02:00:00:00:00:01,02:00:00:00:00:02,0x88b5,reverse,1,1692,105,202317
2327,1786990934069605,l_left,4,outgoing,256,02:00:00:00:00:01,02:00:00:00:00:02,0x88b5,reverse,1,1693,105,202581
2328,1786990934069832,l_left,4,outgoing,256,02:00:00:00:00:01,02:00:00:00:00:02,0x88b5,reverse,1,1694,105,202808
2329,1786990934070083,l_left,4,outgoing,256,02:00:00:00:00:01,02:00:00:00:00:02,0x88b5,reverse,1,1695,105,203059
2330,1786990934070522,l_left,3,otherhost,256,02:00:00:00:00:02,02:00:00:00:00:01,0x88b5,forward,1,634,105,203498
2331,1786990934070560,l_left,3,otherhost,256,02:00:00:00:00:02,02:00:00:00:00:01,0x88b5,forward,1,635,105,203536
2332,1786990934077519,l_left,3,otherhost,256,02:00:00:00:00:02,02:00:00:00:00:01,0x88b5,forward,1,636,106,0
2333,1786990934077555,l_left,3,otherhost,256,02:00:00:00:00:02,02:00:00:00:00:01,0x88b5,forward,1,637,106,36
2334,1786990934077576,l_left,3,otherhost,256,02:00:00:00:00:02,02:00:00:00:00:01,0x88b5,forward,1,638,106,57
2335,1786990934077593,l_left,3,otherhost,256,02:00:00:00:00:02,02:00:00:00:00:01,0x88b5,forward,1,639,106,74
2336,1786990934077987,l_left,4,outgoing,256,02:00:00:00:00:01,02:00:00:00:00:02,0x88b5,reverse,1,1696,106,468
2337,1786990934078031,l_left,4,outgoing,256,02:00:00:00:00:01,02:00:00:00:00:02,0x88b5,reverse,1,1697,106,512
2338,1786990934277773,l_left,4,outgoing,256,02:00:00:00:00:01,02:00:00:00:00:02,0x88b5,reverse,1,1698,106,200254
2339,1786990934277836,l_left,4,outgoing,256,02:00:00:00:00:01,02:00:00:00:00:02,0x88b5,reverse,1,1699,106,200317
2340,1786990934277859,l_left,4,outgoing,256,02:00:00:00:00:01,02:00:00:00:00:02,0x88b5,reverse,1,1700,106,200340
2341,1786990934277876,l_left,4,outgoing,256,02:00:00:00:00:01,02:00:00:00:00:02,0x88b5,reverse,1,1701,106,200357
2342,1786990934277893,l_left,4,outgoing,256,02:00:00:00:00:01,02:00:00:00:00:02,0x88b5,reverse,1,1702,106,200374
2343,1786990934277963,l_left,4,outgoing,256,02:00:00:00:00:01,02:00:00:00:00:02,0x88b5,reverse,1,1703,106,200444
2344,1786990934278321,l_left,4,outgoing,256,02:00:00:00:00:01,02:00:00:00:00:02,0x88b5,reverse,1,1704,106,200802
2345,1786990934278577,l_left,4,outgoing,256,02:00:00:00:00:01,02:00:00:00:00:02,0x88b5,reverse,1,1705,106,201058
2346,1786990934278827,l_left,4,outgoing,256,02:00:00:00:00:01,02:00:00:00:00:02,0x88b5,reverse,1,1706,106,201308
2347,1786990934279078,l_left,4,outgoing,256,02:00:00:00:00:01,02:00:00:00:00:02,0x88b5,reverse,1,1707,106,201559
2348,1786990934279322,l_left,4,outgoing,256,02:00:00:00:00:01,02:00:00:00:00:02,0x88b5,reverse,1,1708,106,201803
2349,1786990934279507,l_left,4,outgoing,256,02:00:00:00:00:01,02:00:00:00:00:02,0x88b5,reverse,1,1709,106,201988
2350,1786990934279715,l_left,4,outgoing,256,02:00:00:00:00:01,02:00:00:00:00:02,0x88b5,reverse,1,1710,106,202196
2351,1786990934279958,l_left,4,outgoing,256,02:00:00:00:00:01,02:00:00:00:00:02,0x88b5,reverse,1,1711,106,202439
2352,1786990934280362,l_left,3,otherhost,256,02:00:00:00:00:02,02:00:00:00:00:01,0x88b5,forward,1,640,106,202843
2353,1786990934280381,l_left,3,otherhost,256,02:00:00:00:00:02,02:00:00:00:00:01,0x88b5,forward,1,641,106,202862
2354,1786990934287237,l_left,3,otherhost,256,02:00:00:00:00:02,02:00:00:00:00:01,0x88b5,forward,1,642,107,0
2355,1786990934287256,l_left,3,otherhost,256,02:00:00:00:00:02,02:00:00:00:00:01,0x88b5,forward,1,643,107,19
2356,1786990934287270,l_left,3,otherhost,256,02:00:00:00:00:02,02:00:00:00:00:01,0x88b5,forward,1,644,107,33
2357,1786990934287456,l_left,3,otherhost,256,02:00:00:00:00:02,02:00:00:00:00:01,0x88b5,forward,1,645,107,219
2358,1786990934288152,l_left,4,outgoing,256,02:00:00:00:00:01,02:00:00:00:00:02,0x88b5,reverse,1,1712,107,915
2359,1786990934288175,l_left,4,outgoing,256,02:00:00:00:00:01,02:00:00:00:00:02,0x88b5,reverse,1,1713,107,938
2360,1786990934488102,l_left,4,outgoing,256,02:00:00:00:00:01,02:00:00:00:00:02,0x88b5,reverse,1,1714,107,200865
2361,1786990934488165,l_left,4,outgoing,256,02:00:00:00:00:01,02:00:00:00:00:02,0x88b5,reverse,1,1715,107,200928
2362,1786990934488195,l_left,4,outgoing,256,02:00:00:00:00:01,02:00:00:00:00:02,0x88b5,reverse,1,1716,107,200958
2363,1786990934488213,l_left,4,outgoing,256,02:00:00:00:00:01,02:00:00:00:00:02,0x88b5,reverse,1,1717,107,200976
2364,1786990934488228,l_left,4,outgoing,256,02:00:00:00:00:01,02:00:00:00:00:02,0x88b5,reverse,1,1718,107,200991
2365,1786990934488255,l_left,4,outgoing,256,02:00:00:00:00:01,02:00:00:00:00:02,0x88b5,reverse,1,1719,107,201018
2366,1786990934488275,l_left,4,outgoing,256,02:00:00:00:00:01,02:00:00:00:00:02,0x88b5,reverse,1,1720,107,201038
2367,1786990934488574,l_left,4,outgoing,256,02:00:00:00:00:01,02:00:00:00:00:02,0x88b5,reverse,1,1721,107,201337
2368,1786990934488830,l_left,4,outgoing,256,02:00:00:00:00:01,02:00:00:00:00:02,0x88b5,reverse,1,1722,107,201593
2369,1786990934489083,l_left,4,outgoing,256,02:00:00:00:00:01,02:00:00:00:00:02,0x88b5,reverse,1,1723,107,201846
2370,1786990934489329,l_left,4,outgoing,256,02:00:00:00:00:01,02:00:00:00:00:02,0x88b5,reverse,1,1724,107,202092
2371,1786990934489538,l_left,4,outgoing,256,02:00:00:00:00:01,02:00:00:00:00:02,0x88b5,reverse,1,1725,107,202301
2372,1786990934489822,l_left,4,outgoing,256,02:00:00:00:00:01,02:00:00:00:00:02,0x88b5,reverse,1,1726,107,202585
2373,1786990934490046,l_left,4,outgoing,256,02:00:00:00:00:01,02:00:00:00:00:02,0x88b5,reverse,1,1727,107,202809
2374,1786990934490503,l_left,3,otherhost,256,02:00:00:00:00:02,02:00:00:00:00:01,0x88b5,forward,1,646,107,203266
2375,1786990934490523,l_left,3,otherhost,256,02:00:00:00:00:02,02:00:00:00:00:01,0x88b5,forward,1,647,107,203286
2376,1786990934497029,l_left,3,otherhost,256,02:00:00:00:00:02,02:00:00:00:00:01,0x88b5,forward,1,648,108,0
2377,1786990934497066,l_left,3,otherhost,256,02:00:00:00:00:02,02:00:00:00:00:01,0x88b5,forward,1,649,108,37
2378,1786990934497197,l_left,3,otherhost,256,02:00:00:00:00:02,02:00:00:00:00:01,0x88b5,forward,1,650,108,168
2379,1786990934497447,l_left,3,otherhost,256,02:00:00:00:00:02,02:00:00:00:00:01,0x88b5,forward,1,651,108,418
2380,1786990934498052,l_left,4,outgoing,256,02:00:00:00:00:01,02:00:00:00:00:02,0x88b5,reverse,1,1728,108,1023
2381,1786990934498133,l_left,4,outgoing,256,02:00:00:00:00:01,02:00:00:00:00:02,0x88b5,reverse,1,1729,108,1104
2382,1786990934698042,l_left,4,outgoing,256,02:00:00:00:00:01,02:00:00:00:00:02,0x88b5,reverse,1,1730,108,201013
2383,1786990934698105,l_left,4,outgoing,256,02:00:00:00:00:01,02:00:00:00:00:02,0x88b5,reverse,1,1731,108,201076
2384,1786990934698128,l_left,4,outgoing,256,02:00:00:00:00:01,02:00:00:00:00:02,0x88b5,reverse,1,1732,108,201099
2385,1786990934698145,l_left,4,outgoing,256,02:00:00:00:00:01,02:00:00:00:00:02,0x88b5,reverse,1,1733,108,201116
2386,1786990934698169,l_left,4,outgoing,256,02:00:00:00:00:01,02:00:00:00:00:02,0x88b5,reverse,1,1734,108,201140
2387,1786990934698185,l_left,4,outgoing,256,02:00:00:00:00:01,02:00:00:00:00:02,0x88b5,reverse,1,1735,108,201156
2388,1786990934698223,l_left,4,outgoing,256,02:00:00:00:00:01,02:00:00:00:00:02,0x88b5,reverse,1,1736,108,201194
2389,1786990934698572,l_left,4,outgoing,256,02:00:00:00:00:01,02:00:00:00:00:02,0x88b5,reverse,1,1737,108,201543
2390,1786990934698830,l_left,4,outgoing,256,02:00:00:00:00:01,02:00:00:00:00:02,0x88b5,reverse,1,1738,108,201801
2391,1786990934699083,l_left,4,outgoing,256,02:00:00:00:00:01,02:00:00:00:00:02,0x88b5,reverse,1,1739,108,202054
2392,1786990934699341,l_left,4,outgoing,256,02:00:00:00:00:01,02:00:00:00:00:02,0x88b5,reverse,1,1740,108,202312
2393,1786990934699585,l_left,4,outgoing,256,02:00:00:00:00:01,02:00:00:00:00:02,0x88b5,reverse,1,1741,108,202556
2394,1786990934699831,l_left,4,outgoing,256,02:00:00:00:00:01,02:00:00:00:00:02,0x88b5,reverse,1,1742,108,202802
2395,1786990934700077,l_left,4,outgoing,256,02:00:00:00:00:01,02:00:00:00:00:02,0x88b5,reverse,1,1743,108,203048
2396,1786990934700407,l_left,3,otherhost,256,02:00:00:00:00:02,02:00:00:00:00:01,0x88b5,forward,1,652,108,203378
2397,1786990934700446,l_left,3,otherhost,256,02:00:00:00:00:02,02:00:00:00:00:01,0x88b5,forward,1,653,108,203417
2398,1786990934706933,l_left,3,otherhost,256,02:00:00:00:00:02,02:00:00:00:00:01,0x88b5,forward,1,654,109,0
2399,1786990934706976,l_left,3,otherhost,256,02:00:00:00:00:02,02:00:00:00:00:01,0x88b5,forward,1,655,109,43
2400,1786990934707226,l_left,3,otherhost,256,02:00:00:00:00:02,02:00:00:00:00:01,0x88b5,forward,1,656,109,293
2401,1786990934707449,l_left,3,otherhost,256,02:00:00:00:00:02,02:00:00:00:00:01,0x88b5,forward,1,657,109,516
2402,1786990934707950,l_left,4,outgoing,256,02:00:00:00:00:01,02:00:00:00:00:02,0x88b5,reverse,1,1744,109,1017
2403,1786990934707969,l_left,4,outgoing,256,02:00:00:00:00:01,02:00:00:00:00:02,0x88b5,reverse,1,1745,109,1036
2404,1786990934907741,l_left,4,outgoing,256,02:00:00:00:00:01,02:00:00:00:00:02,0x88b5,reverse,1,1746,109,200808
2405,1786990934907812,l_left,4,outgoing,256,02:00:00:00:00:01,02:00:00:00:00:02,0x88b5,reverse,1,1747,109,200879
2406,1786990934907835,l_left,4,outgoing,256,02:00:00:00:00:01,02:00:00:00:00:02,0x88b5,reverse,1,1748,109,200902
2407,1786990934907853,l_left,4,outgoing,256,02:00:00:00:00:01,02:00:00:00:00:02,0x88b5,reverse,1,1749,109,200920
2408,1786990934907871,l_left,4,outgoing,256,02:00:00:00:00:01,02:00:00:00:00:02,0x88b5,reverse,1,1750,109,200938
2409,1786990934908155,l_left,4,outgoing,256,02:00:00:00:00:01,02:00:00:00:00:02,0x88b5,reverse,1,1751,109,201222
2410,1786990934908247,l_left,4,outgoing,256,02:00:00:00:00:01,02:00:00:00:00:02,0x88b5,reverse,1,1752,109,201314
2411,1786990934908572,l_left,4,outgoing,256,02:00:00:00:00:01,02:00:00:00:00:02,0x88b5,reverse,1,1753,109,201639
2412,1786990934908833,l_left,4,outgoing,256,02:00:00:00:00:01,02:00:00:00:00:02,0x88b5,reverse,1,1754,109,201900
2413,1786990934909073,l_left,4,outgoing,256,02:00:00:00:00:01,02:00:00:00:00:02,0x88b5,reverse,1,1755,109,202140
2414,1786990934909281,l_left,4,outgoing,256,02:00:00:00:00:01,02:00:00:00:00:02,0x88b5,reverse,1,1756,109,202348
2415,1786990934909544,l_left,4,outgoing,256,02:00:00:00:00:01,02:00:00:00:00:02,0x88b5,reverse,1,1757,109,202611
2416,1786990934909761,l_left,4,outgoing,256,02:00:00:00:00:01,02:00:00:00:00:02,0x88b5,reverse,1,1758,109,202828
2417,1786990934910011,l_left,4,outgoing,256,02:00:00:00:00:01,02:00:00:00:00:02,0x88b5,reverse,1,1759,109,203078
2418,1786990934910601,l_left,3,otherhost,256,02:00:00:00:00:02,02:00:00:00:00:01,0x88b5,forward,1,658,109,203668
2419,1786990934910623,l_left,3,otherhost,256,02:00:00:00:00:02,02:00:00:00:00:01,0x88b5,forward,1,659,109,203690
2420,1786990934916976,l_left,3,otherhost,256,02:00:00:00:00:02,02:00:00:00:00:01,0x88b5,forward,1,660,110,0
2421,1786990934916993,l_left,3,otherhost,256,02:00:00:00:00:02,02:00:00:00:00:01,0x88b5,forward,1,661,110,17
2422,1786990934917293,l_left,3,otherhost,256,02:00:00:00:00:02,02:00:00:00:00:01,0x88b5,forward,1,662,110,317
2423,1786990934917449,l_left,3,otherhost,256,02:00:00:00:00:02,02:00:00:00:00:01,0x88b5,forward,1,663,110,473
2424,1786990934917959,l_left,4,outgoing,256,02:00:00:00:00:01,02:00:00:00:00:02,0x88b5,reverse,1,1760,110,983
2425,1786990934917985,l_left,4,outgoing,256,02:00:00:00:00:01,02:00:00:00:00:02,0x88b5,reverse,1,1761,110,1009
2426,1786990935117772,l_left,4,outgoing,256,02:00:00:00:00:01,02:00:00:00:00:02,0x88b5,reverse,1,1762,110,200796
2427,1786990935117834,l_left,4,outgoing,256,02:00:00:00:00:01,02:00:00:00:00:02,0x88b5,reverse,1,1763,110,200858
2428,1786990935117865,l_left,4,outgoing,256,02:00:00:00:00:01,02:00:00:00:00:02,0x88b5,reverse,1,1764,110,200889
2429,1786990935117896,l_left,4,outgoing,256,02:00:00:00:00:01,02:00:00:00:00:02,0x88b5,reverse,1,1765,110,200920
2430,1786990935117913,l_left,4,outgoing,256,02:00:00:00:00:01,02:00:00:00:00:02,0x88b5,reverse,1,1766,110,200937
2431,1786990935118063,l_left,4,outgoing,256,02:00:00:00:00:01,02:00:00:00:00:02,0x88b5,reverse,1,1767,110,201087
2432,1786990935118327,l_left,4,outgoing,256,02:00:00:00:00:01,02:00:00:00:00:02,0x88b5,reverse,1,1768,110,201351
2433,1786990935118584,l_left,4,outgoing,256,02:00:00:00:00:01,02:00:00:00:00:02,0x88b5,reverse,1,1769,110,201608
2434,1786990935118827,l_left,4,outgoing,256,02:00:00:00:00:01,02:00:00:00:00:02,0x88b5,reverse,1,1770,110,201851
2435,1786990935119080,l_left,4,outgoing,256,02:00:00:00:00:01,02:00:00:00:00:02,0x88b5,reverse,1,1771,110,202104
2436,1786990935119331,l_left,4,outgoing,256,02:00:00:00:00:01,02:00:00:00:00:02,0x88b5,reverse,1,1772,110,202355
2437,1786990935119539,l_left,4,outgoing,256,02:00:00:00:00:01,02:00:00:00:00:02,0x88b5,reverse,1,1773,110,202563
2438,1786990935119755,l_left,4,outgoing,256,02:00:00:00:00:01,02:00:00:00:00:02,0x88b5,reverse,1,1774,110,202779
2439,1786990935119985,l_left,4,outgoing,256,02:00:00:00:00:01,02:00:00:00:00:02,0x88b5,reverse,1,1775,110,203009
2440,1786990935120631,l_left,3,otherhost,256,02:00:00:00:00:02,02:00:00:00:00:01,0x88b5,forward,1,664,110,203655
2441,1786990935120670,l_left,3,otherhost,256,02:00:00:00:00:02,02:00:00:00:00:01,0x88b5,forward,1,665,110,203694
2442,1786990935126934,l_left,3,otherhost,256,02:00:00:00:00:02,02:00:00:00:00:01,0x88b5,forward,1,666,111,0
2443,1786990935126980,l_left,3,otherhost,256,02:00:00:00:00:02,02:00:00:00:00:01,0x88b5,forward,1,667,111,46
2444,1786990935127198,l_left,3,otherhost,256,02:00:00:00:00:02,02:00:00:00:00:01,0x88b5,forward,1,668,111,264
2445,1786990935127446,l_left,3,otherhost,256,02:00:00:00:00:02,02:00:00:00:00:01,0x88b5,forward,1,669,111,512
2446,1786990935127963,l_left,4,outgoing,256,02:00:00:00:00:01,02:00:00:00:00:02,0x88b5,reverse,1,1776,111,1029
2447,1786990935127981,l_left,4,outgoing,256,02:00:00:00:00:01,02:00:00:00:00:02,0x88b5,reverse,1,1777,111,1047
2448,1786990935327730,l_left,4,outgoing,256,02:00:00:00:00:01,02:00:00:00:00:02,0x88b5,reverse,1,1778,111,200796
2449,1786990935327793,l_left,4,outgoing,256,02:00:00:00:00:01,02:00:00:00:00:02,0x88b5,reverse,1,1779,111,200859
2450,1786990935327815,l_left,4,outgoing,256,02:00:00:00:00:01,02:00:00:00:00:02,0x88b5,reverse,1,1780,111,200881
2451,1786990935327832,l_left,4,outgoing,256,02:00:00:00:00:01,02:00:00:00:00:02,0x88b5,reverse,1,1781,111,200898
2452,1786990935327850,l_left,4,outgoing,256,02:00:00:00:00:01,02:00:00:00:00:02,0x88b5,reverse,1,1782,111,200916
2453,1786990935328024,l_left,4,outgoing,256,02:00:00:00:00:01,02:00:00:00:00:02,0x88b5,reverse,1,1783,111,201090
2454,1786990935328323,l_left,4,outgoing,256,02:00:00:00:00:01,02:00:00:00:00:02,0x88b5,reverse,1,1784,111,201389
2455,1786990935328579,l_left,4,outgoing,256,02:00:00:00:00:01,02:00:00:00:00:02,0x88b5,reverse,1,1785,111,201645
2456,1786990935328831,l_left,4,outgoing,256,02:00:00:00:00:01,02:00:00:00:00:02,0x88b5,reverse,1,1786,111,201897
2457,1786990935329081,l_left,4,outgoing,256,02:00:00:00:00:01,02:00:00:00:00:02,0x88b5,reverse,1,1787,111,202147
2458,1786990935329335,l_left,4,outgoing,256,02:00:00:00:00:01,02:00:00:00:00:02,0x88b5,reverse,1,1788,111,202401
2459,1786990935329584,l_left,4,outgoing,256,02:00:00:00:00:01,02:00:00:00:00:02,0x88b5,reverse,1,1789,111,202650
2460,1786990935329818,l_left,4,outgoing,256,02:00:00:00:00:01,02:00:00:00:00:02,0x88b5,reverse,1,1790,111,202884
2461,1786990935330004,l_left,4,outgoing,256,02:00:00:00:00:01,02:00:00:00:00:02,0x88b5,reverse,1,1791,111,203070
2462,1786990935330371,l_left,3,otherhost,256,02:00:00:00:00:02,02:00:00:00:00:01,0x88b5,forward,1,670,111,203437
2463,1786990935330404,l_left,3,otherhost,256,02:00:00:00:00:02,02:00:00:00:00:01,0x88b5,forward,1,671,111,203470
2464,1786990935337272,l_left,3,otherhost,256,02:00:00:00:00:02,02:00:00:00:00:01,0x88b5,forward,1,672,112,0
2465,1786990935337310,l_left,3,otherhost,256,02:00:00:00:00:02,02:00:00:00:00:01,0x88b5,forward,1,673,112,38
2466,1786990935337341,l_left,3,otherhost,256,02:00:00:00:00:02,02:00:00:00:00:01,0x88b5,forward,1,674,112,69
2467,1786990935337429,l_left,3,otherhost,256,02:00:00:00:00:02,02:00:00:00:00:01,0x88b5,forward,1,675,112,157
2468,1786990935338071,l_left,4,outgoing,256,02:00:00:00:00:01,02:00:00:00:00:02,0x88b5,reverse,1,1792,112,799
2469,1786990935338107,l_left,4,outgoing,256,02:00:00:00:00:01,02:00:00:00:00:02,0x88b5,reverse,1,1793,112,835
2470,1786990935537755,l_left,4,outgoing,256,02:00:00:00:00:01,02:00:00:00:00:02,0x88b5,reverse,1,1794,112,200483
2471,1786990935537820,l_left,4,outgoing,256,02:00:00:00:00:01,02:00:00:00:00:02,0x88b5,reverse,1,1795,112,200548
2472,1786990935537851,l_left,4,outgoing,256,02:00:00:00:00:01,02:00:00:00:00:02,0x88b5,reverse,1,1796,112,200579
2473,1786990935537872,l_left,4,outgoing,256,02:00:00:00:00:01,02:00:00:00:00:02,0x88b5,reverse,1,1797,112,200600
2474,1786990935537892,l_left,4,outgoing,256,02:00:00:00:00:01,02:00:00:00:00:02,0x88b5,reverse,1,1798,112,200620
2475,1786990935537990,l_left,4,outgoing,256,02:00:00:00:00:01,02:00:00:00:00:02,0x88b5,reverse,1,1799,112,200718
2476,1786990935538321,l_left,4,outgoing,256,02:00:00:00:00:01,02:00:00:00:00:02,0x88b5,reverse,1,1800,112,201049
2477,1786990935538577,l_left,4,outgoing,256,02:00:00:00:00:01,02:00:00:00:00:02,0x88b5,reverse,1,1801,112,201305
2478,1786990935538819,l_left,4,outgoing,256,02:00:00:00:00:01,02:00:00:00:00:02,0x88b5,reverse,1,1802,112,201547
2479,1786990935539088,l_left,4,outgoing,256,02:00:00:00:00:01,02:00:00:00:00:02,0x88b5,reverse,1,1803,112,201816
2480,1786990935539327,l_left,4,outgoing,256,02:00:00:00:00:01,02:00:00:00:00:02,0x88b5,reverse,1,1804,112,202055
2481,1786990935539497,l_left,4,outgoing,256,02:00:00:00:00:01,02:00:00:00:00:02,0x88b5,reverse,1,1805,112,202225
2482,1786990935539743,l_left,4,outgoing,256,02:00:00:00:00:01,02:00:00:00:00:02,0x88b5,reverse,1,1806,112,202471
2483,1786990935539956,l_left,4,outgoing,256,02:00:00:00:00:01,02:00:00:00:00:02,0x88b5,reverse,1,1807,112,202684
2484,1786990935540379,l_left,3,otherhost,256,02:00:00:00:00:02,02:00:00:00:00:01,0x88b5,forward,1,676,112,203107
2485,1786990935540402,l_left,3,otherhost,256,02:00:00:00:00:02,02:00:00:00:00:01,0x88b5,forward,1,677,112,203130
2486,1786990935546911,l_left,3,otherhost,256,02:00:00:00:00:02,02:00:00:00:00:01,0x88b5,forward,1,678,113,0
2487,1786990935546932,l_left,3,otherhost,256,02:00:00:00:00:02,02:00:00:00:00:01,0x88b5,forward,1,679,113,21
2488,1786990935547196,l_left,3,otherhost,256,02:00:00:00:00:02,02:00:00:00:00:01,0x88b5,forward,1,680,113,285
2489,1786990935547446,l_left,3,otherhost,256,02:00:00:00:00:02,02:00:00:00:00:01,0x88b5,forward,1,681,113,535
2490,1786990935547952,l_left,4,outgoing,256,02:00:00:00:00:01,02:00:00:00:00:02,0x88b5,reverse,1,1808,113,1041
2491,1786990935547976,l_left,4,outgoing,256,02:00:00:00:00:01,02:00:00:00:00:02,0x88b5,reverse,1,1809,113,1065
2492,1786990935748064,l_left,4,outgoing,256,02:00:00:00:00:01,02:00:00:00:00:02,0x88b5,reverse,1,1810,113,201153
2493,1786990935748129,l_left,4,outgoing,256,02:00:00:00:00:01,02:00:00:00:00:02,0x88b5,reverse,1,1811,113,201218
2494,1786990935748152,l_left,4,outgoing,256,02:00:00:00:00:01,02:00:00:00:00:02,0x88b5,reverse,1,1812,113,201241
2495,1786990935748169,l_left,4,outgoing,256,02:00:00:00:00:01,02:00:00:00:00:02,0x88b5,reverse,1,1813,113,201258
2496,1786990935748184,l_left,4,outgoing,256,02:00:00:00:00:01,02:00:00:00:00:02,0x88b5,reverse,1,1814,113,201273
2497,1786990935748198,l_left,4,outgoing,256,02:00:00:00:00:01,02:00:00:00:00:02,0x88b5,reverse,1,1815,113,201287
2498,1786990935748213,l_left,4,outgoing,256,02:00:00:00:00:01,02:00:00:00:00:02,0x88b5,reverse,1,1816,113,201302
2499,1786990935748581,l_left,4,outgoing,256,02:00:00:00:00:01,02:00:00:00:00:02,0x88b5,reverse,1,1817,113,201670
2500,1786990935748844,l_left,4,outgoing,256,02:00:00:00:00:01,02:00:00:00:00:02,0x88b5,reverse,1,1818,113,201933
2501,1786990935749023,l_left,4,outgoing,256,02:00:00:00:00:01,02:00:00:00:00:02,0x88b5,reverse,1,1819,113,202112
2502,1786990935749310,l_left,4,outgoing,256,02:00:00:00:00:01,02:00:00:00:00:02,0x88b5,reverse,1,1820,113,202399
2503,1786990935749582,l_left,4,outgoing,256,02:00:00:00:00:01,02:00:00:00:00:02,0x88b5,reverse,1,1821,113,202671
2504,1786990935749833,l_left,4,outgoing,256,02:00:00:00:00:01,02:00:00:00:00:02,0x88b5,reverse,1,1822,113,202922
2505,1786990935750072,l_left,4,outgoing,256,02:00:00:00:00:01,02:00:00:00:00:02,0x88b5,reverse,1,1823,113,203161
2506,1786990935750462,l_left,3,otherhost,256,02:00:00:00:00:02,02:00:00:00:00:01,0x88b5,forward,1,682,113,203551
2507,1786990935750501,l_left,3,otherhost,256,02:00:00:00:00:02,02:00:00:00:00:01,0x88b5,forward,1,683,113,203590
2508,1786990935757528,l_left,3,otherhost,256,02:00:00:00:00:02,02:00:00:00:00:01,0x88b5,forward,1,684,114,0
2509,1786990935757595,l_left,3,otherhost,256,02:00:00:00:00:02,02:00:00:00:00:01,0x88b5,forward,1,685,114,67
2510,1786990935757617,l_left,3,otherhost,256,02:00:00:00:00:02,02:00:00:00:00:01,0x88b5,forward,1,686,114,89
2511,1786990935757633,l_left,3,otherhost,256,02:00:00:00:00:02,02:00:00:00:00:01,0x88b5,forward,1,687,114,105
2512,1786990935758130,l_left,4,outgoing,256,02:00:00:00:00:01,02:00:00:00:00:02,0x88b5,reverse,1,1824,114,602
2513,1786990935758171,l_left,4,outgoing,256,02:00:00:00:00:01,02:00:00:00:00:02,0x88b5,reverse,1,1825,114,643
2514,1786990935958281,l_left,4,outgoing,256,02:00:00:00:00:01,02:00:00:00:00:02,0x88b5,reverse,1,1826,114,200753
2515,1786990935958346,l_left,4,outgoing,256,02:00:00:00:00:01,02:00:00:00:00:02,0x88b5,reverse,1,1827,114,200818
2516,1786990935958376,l_left,4,outgoing,256,02:00:00:00:00:01,02:00:00:00:00:02,0x88b5,reverse,1,1828,114,200848
2517,1786990935958395,l_left,4,outgoing,256,02:00:00:00:00:01,02:00:00:00:00:02,0x88b5,reverse,1,1829,114,200867
2518,1786990935958412,l_left,4,outgoing,256,02:00:00:00:00:01,02:00:00:00:00:02,0x88b5,reverse,1,1830,114,200884
2519,1786990935958427,l_left,4,outgoing,256,02:00:00:00:00:01,02:00:00:00:00:02,0x88b5,reverse,1,1831,114,200899
2520,1786990935958442,l_left,4,outgoing,256,02:00:00:00:00:01,02:00:00:00:00:02,0x88b5,reverse,1,1832,114,200914
2521,1786990935958456,l_left,4,outgoing,256,02:00:00:00:00:01,02:00:00:00:00:02,0x88b5,reverse,1,1833,114,200928
2522,1786990935958822,l_left,4,outgoing,256,02:00:00:00:00:01,02:00:00:00:00:02,0x88b5,reverse,1,1834,114,201294
2523,1786990935959079,l_left,4,outgoing,256,02:00:00:00:00:01,02:00:00:00:00:02,0x88b5,reverse,1,1835,114,201551
2524,1786990935959341,l_left,4,outgoing,256,02:00:00:00:00:01,02:00:00:00:00:02,0x88b5,reverse,1,1836,114,201813
2525,1786990935959583,l_left,4,outgoing,256,02:00:00:00:00:01,02:00:00:00:00:02,0x88b5,reverse,1,1837,114,202055
2526,1786990935959836,l_left,4,outgoing,256,02:00:00:00:00:01,02:00:00:00:00:02,0x88b5,reverse,1,1838,114,202308
2527,1786990935960072,l_left,4,outgoing,256,02:00:00:00:00:01,02:00:00:00:00:02,0x88b5,reverse,1,1839,114,202544
2528,1786990935960422,l_left,3,otherhost,256,02:00:00:00:00:02,02:00:00:00:00:01,0x88b5,forward,1,688,114,202894
2529,1786990935960461,l_left,3,otherhost,256,02:00:00:00:00:02,02:00:00:00:00:01,0x88b5,forward,1,689,114,202933
2530,1786990935967124,l_left,3,otherhost,256,02:00:00:00:00:02,02:00:00:00:00:01,0x88b5,forward,1,690,115,0
2531,1786990935967161,l_left,3,otherhost,256,02:00:00:00:00:02,02:00:00:00:00:01,0x88b5,forward,1,691,115,37
2532,1786990935967324,l_left,3,otherhost,256,02:00:00:00:00:02,02:00:00:00:00:01,0x88b5,forward,1,692,115,200
2533,1786990935967485,l_left,3,otherhost,256,02:00:00:00:00:02,02:00:00:00:00:01,0x88b5,forward,1,693,115,361
2534,1786990935968077,l_left,4,outgoing,256,02:00:00:00:00:01,02:00:00:00:00:02,0x88b5,reverse,1,1840,115,953
2535,1786990935968113,l_left,4,outgoing,256,02:00:00:00:00:01,02:00:00:00:00:02,0x88b5,reverse,1,1841,115,989
2536,1786990936168175,l_left,4,outgoing,256,02:00:00:00:00:01,02:00:00:00:00:02,0x88b5,reverse,1,1842,115,201051
2537,1786990936168238,l_left,4,outgoing,256,02:00:00:00:00:01,02:00:00:00:00:02,0x88b5,reverse,1,1843,115,201114
2538,1786990936168307,l_left,4,outgoing,256,02:00:00:00:00:01,02:00:00:00:00:02,0x88b5,reverse,1,1844,115,201183
2539,1786990936168327,l_left,4,outgoing,256,02:00:00:00:00:01,02:00:00:00:00:02,0x88b5,reverse,1,1845,115,201203
2540,1786990936168354,l_left,4,outgoing,256,02:00:00:00:00:01,02:00:00:00:00:02,0x88b5,reverse,1,1846,115,201230
2541,1786990936168373,l_left,4,outgoing,256,02:00:00:00:00:01,02:00:00:00:00:02,0x88b5,reverse,1,1847,115,201249
2542,1786990936168387,l_left,4,outgoing,256,02:00:00:00:00:01,02:00:00:00:00:02,0x88b5,reverse,1,1848,115,201263
2543,1786990936168581,l_left,4,outgoing,256,02:00:00:00:00:01,02:00:00:00:00:02,0x88b5,reverse,1,1849,115,201457
2544,1786990936168833,l_left,4,outgoing,256,02:00:00:00:00:01,02:00:00:00:00:02,0x88b5,reverse,1,1850,115,201709
2545,1786990936169090,l_left,4,outgoing,256,02:00:00:00:00:01,02:00:00:00:00:02,0x88b5,reverse,1,1851,115,201966
2546,1786990936169289,l_left,4,outgoing,256,02:00:00:00:00:01,02:00:00:00:00:02,0x88b5,reverse,1,1852,115,202165
2547,1786990936169573,l_left,4,outgoing,256,02:00:00:00:00:01,02:00:00:00:00:02,0x88b5,reverse,1,1853,115,202449
2548,1786990936169826,l_left,4,outgoing,256,02:00:00:00:00:01,02:00:00:00:00:02,0x88b5,reverse,1,1854,115,202702
2549,1786990936170082,l_left,4,outgoing,256,02:00:00:00:00:01,02:00:00:00:00:02,0x88b5,reverse,1,1855,115,202958
2550,1786990936170539,l_left,3,otherhost,256,02:00:00:00:00:02,02:00:00:00:00:01,0x88b5,forward,1,694,115,203415
2551,1786990936170564,l_left,3,otherhost,256,02:00:00:00:00:02,02:00:00:00:00:01,0x88b5,forward,1,695,115,203440
2552,1786990936177112,l_left,3,otherhost,256,02:00:00:00:00:02,02:00:00:00:00:01,0x88b5,forward,1,696,116,0
2553,1786990936177163,l_left,3,otherhost,256,02:00:00:00:00:02,02:00:00:00:00:01,0x88b5,forward,1,697,116,51
2554,1786990936177509,l_left,3,otherhost,256,02:00:00:00:00:02,02:00:00:00:00:01,0x88b5,forward,1,698,116,397
2555,1786990936177549,l_left,3,otherhost,256,02:00:00:00:00:02,02:00:00:00:00:01,0x88b5,forward,1,699,116,437
2556,1786990936177891,l_left,4,outgoing,256,02:00:00:00:00:01,02:00:00:00:00:02,0x88b5,reverse,1,1856,116,779
2557,1786990936177963,l_left,4,outgoing,256,02:00:00:00:00:01,02:00:00:00:00:02,0x88b5,reverse,1,1857,116,851
2558,1786990936378157,l_left,4,outgoing,256,02:00:00:00:00:01,02:00:00:00:00:02,0x88b5,reverse,1,1858,116,201045
2559,1786990936378220,l_left,4,outgoing,256,02:00:00:00:00:01,02:00:00:00:00:02,0x88b5,reverse,1,1859,116,201108
2560,1786990936378243,l_left,4,outgoing,256,02:00:00:00:00:01,02:00:00:00:00:02,0x88b5,reverse,1,1860,116,201131
2561,1786990936378260,l_left,4,outgoing,256,02:00:00:00:00:01,02:00:00:00:00:02,0x88b5,reverse,1,1861,116,201148
2562,1786990936378275,l_left,4,outgoing,256,02:00:00:00:00:01,02:00:00:00:00:02,0x88b5,reverse,1,1862,116,201163
2563,1786990936378289,l_left,4,outgoing,256,02:00:00:00:00:01,02:00:00:00:00:02,0x88b5,reverse,1,1863,116,201177
2564,1786990936378304,l_left,4,outgoing,256,02:00:00:00:00:01,02:00:00:00:00:02,0x88b5,reverse,1,1864,116,201192
2565,1786990936378573,l_left,4,outgoing,256,02:00:00:00:00:01,02:00:00:00:00:02,0x88b5,reverse,1,1865,116,201461
2566,1786990936378835,l_left,4,outgoing,256,02:00:00:00:00:01,02:00:00:00:00:02,0x88b5,reverse,1,1866,116,201723
2567,1786990936379085,l_left,4,outgoing,256,02:00:00:00:00:01,02:00:00:00:00:02,0x88b5,reverse,1,1867,116,201973
2568,1786990936379341,l_left,4,outgoing,256,02:00:00:00:00:01,02:00:00:00:00:02,0x88b5,reverse,1,1868,116,202229
2569,1786990936379576,l_left,4,outgoing,256,02:00:00:00:00:01,02:00:00:00:00:02,0x88b5,reverse,1,1869,116,202464
2570,1786990936379829,l_left,4,outgoing,256,02:00:00:00:00:01,02:00:00:00:00:02,0x88b5,reverse,1,1870,116,202717
2571,1786990936380074,l_left,4,outgoing,256,02:00:00:00:00:01,02:00:00:00:00:02,0x88b5,reverse,1,1871,116,202962
2572,1786990936380515,l_left,3,otherhost,256,02:00:00:00:00:02,02:00:00:00:00:01,0x88b5,forward,1,700,116,203403
2573,1786990936380553,l_left,3,otherhost,256,02:00:00:00:00:02,02:00:00:00:00:01,0x88b5,forward,1,701,116,203441
2574,1786990936387022,l_left,3,otherhost,256,02:00:00:00:00:02,02:00:00:00:00:01,0x88b5,forward,1,702,117,0
2575,1786990936387059,l_left,3,otherhost,256,02:00:00:00:00:02,02:00:00:00:00:01,0x88b5,forward,1,703,117,37
2576,1786990936387226,l_left,3,otherhost,256,02:00:00:00:00:02,02:00:00:00:00:01,0x88b5,forward,1,704,117,204
2577,1786990936387451,l_left,3,otherhost,256,02:00:00:00:00:02,02:00:00:00:00:01,0x88b5,forward,1,705,117,429
2578,1786990936387955,l_left,4,outgoing,256,02:00:00:00:00:01,02:00:00:00:00:02,0x88b5,reverse,1,1872,117,933
2579,1786990936387984,l_left,4,outgoing,256,02:00:00:00:00:01,02:00:00:00:00:02,0x88b5,reverse,1,1873,117,962
2580,1786990936587572,l_left,4,outgoing,256,02:00:00:00:00:01,02:00:00:00:00:02,0x88b5,reverse,1,1874,117,200550
2581,1786990936587632,l_left,4,outgoing,256,02:00:00:00:00:01,02:00:00:00:00:02,0x88b5,reverse,1,1875,117,200610
2582,1786990936587654,l_left,4,outgoing,256,02:00:00:00:00:01,02:00:00:00:00:02,0x88b5,reverse,1,1876,117,200632
2583,1786990936587670,l_left,4,outgoing,256,02:00:00:00:00:01,02:00:00:00:00:02,0x88b5,reverse,1,1877,117,200648
2584,1786990936587780,l_left,4,outgoing,256,02:00:00:00:00:01,02:00:00:00:00:02,0x88b5,reverse,1,1878,117,200758
2585,1786990936588054,l_left,4,outgoing,256,02:00:00:00:00:01,02:00:00:00:00:02,0x88b5,reverse,1,1879,117,201032
2586,1786990936588305,l_left,4,outgoing,256,02:00:00:00:00:01,02:00:00:00:00:02,0x88b5,reverse,1,1880,117,201283
2587,1786990936588569,l_left,4,outgoing,256,02:00:00:00:00:01,02:00:00:00:00:02,0x88b5,reverse,1,1881,117,201547
2588,1786990936588809,l_left,4,outgoing,256,02:00:00:00:00:01,02:00:00:00:00:02,0x88b5,reverse,1,1882,117,201787
2589,1786990936589056,l_left,4,outgoing,256,02:00:00:00:00:01,02:00:00:00:00:02,0x88b5,reverse,1,1883,117,202034
2590,1786990936589320,l_left,4,outgoing,256,02:00:00:00:00:01,02:00:00:00:00:02,0x88b5,reverse,1,1884,117,202298
2591,1786990936589494,l_left,4,outgoing,256,02:00:00:00:00:01,02:00:00:00:00:02,0x88b5,reverse,1,1885,117,202472
2592,1786990936589713,l_left,4,outgoing,256,02:00:00:00:00:01,02:00:00:00:00:02,0x88b5,reverse,1,1886,117,202691
2593,1786990936589953,l_left,4,outgoing,256,02:00:00:00:00:01,02:00:00:00:00:02,0x88b5,reverse,1,1887,117,202931
2594,1786990936591133,l_left,3,otherhost,256,02:00:00:00:00:02,02:00:00:00:00:01,0x88b5,forward,1,706,117,204111
2595,1786990936591152,l_left,3,otherhost,256,02:00:00:00:00:02,02:00:00:00:00:01,0x88b5,forward,1,707,117,204130
2596,1786990936597046,l_left,3,otherhost,256,02:00:00:00:00:02,02:00:00:00:00:01,0x88b5,forward,1,708,118,0
2597,1786990936597083,l_left,3,otherhost,256,02:00:00:00:00:02,02:00:00:00:00:01,0x88b5,forward,1,709,118,37
2598,1786990936597192,l_left,3,otherhost,256,02:00:00:00:00:02,02:00:00:00:00:01,0x88b5,forward,1,710,118,146
2599,1786990936597445,l_left,3,otherhost,256,02:00:00:00:00:02,02:00:00:00:00:01,0x88b5,forward,1,711,118,399
2600,1786990936597935,l_left,4,outgoing,256,02:00:00:00:00:01,02:00:00:00:00:02,0x88b5,reverse,1,1888,118,889
2601,1786990936597958,l_left,4,outgoing,256,02:00:00:00:00:01,02:00:00:00:00:02,0x88b5,reverse,1,1889,118,912
2602,1786990936798140,l_left,4,outgoing,256,02:00:00:00:00:01,02:00:00:00:00:02,0x88b5,reverse,1,1890,118,201094
2603,1786990936798216,l_left,4,outgoing,256,02:00:00:00:00:01,02:00:00:00:00:02,0x88b5,reverse,1,1891,118,201170
2604,1786990936798247,l_left,4,outgoing,256,02:00:00:00:00:01,02:00:00:00:00:02,0x88b5,reverse,1,1892,118,201201
2605,1786990936798273,l_left,4,outgoing,256,02:00:00:00:00:01,02:00:00:00:00:02,0x88b5,reverse,1,1893,118,201227
2606,1786990936798299,l_left,4,outgoing,256,02:00:00:00:00:01,02:00:00:00:00:02,0x88b5,reverse,1,1894,118,201253
2607,1786990936798348,l_left,4,outgoing,256,02:00:00:00:00:01,02:00:00:00:00:02,0x88b5,reverse,1,1895,118,201302
2608,1786990936798371,l_left,4,outgoing,256,02:00:00:00:00:01,02:00:00:00:00:02,0x88b5,reverse,1,1896,118,201325
2609,1786990936798562,l_left,4,outgoing,256,02:00:00:00:00:01,02:00:00:00:00:02,0x88b5,reverse,1,1897,118,201516
2610,1786990936798808,l_left,4,outgoing,256,02:00:00:00:00:01,02:00:00:00:00:02,0x88b5,reverse,1,1898,118,201762
2611,1786990936799076,l_left,4,outgoing,256,02:00:00:00:00:01,02:00:00:00:00:02,0x88b5,reverse,1,1899,118,202030
2612,1786990936799331,l_left,4,outgoing,256,02:00:00:00:00:01,02:00:00:00:00:02,0x88b5,reverse,1,1900,118,202285
2613,1786990936799536,l_left,4,outgoing,256,02:00:00:00:00:01,02:00:00:00:00:02,0x88b5,reverse,1,1901,118,202490
2614,1786990936799821,l_left,4,outgoing,256,02:00:00:00:00:01,02:00:00:00:00:02,0x88b5,reverse,1,1902,118,202775
2615,1786990936800065,l_left,4,outgoing,256,02:00:00:00:00:01,02:00:00:00:00:02,0x88b5,reverse,1,1903,118,203019
2616,1786990936800538,l_left,3,otherhost,256,02:00:00:00:00:02,02:00:00:00:00:01,0x88b5,forward,1,712,118,203492
2617,1786990936800576,l_left,3,otherhost,256,02:00:00:00:00:02,02:00:00:00:00:01,0x88b5,forward,1,713,118,203530
2618,1786990936807028,l_left,3,otherhost,256,02:00:00:00:00:02,02:00:00:00:00:01,0x88b5,forward,1,714,119,0
2619,1786990936807065,l_left,3,otherhost,256,02:00:00:00:00:02,02:00:00:00:00:01,0x88b5,forward,1,715,119,37
2620,1786990936807226,l_left,3,otherhost,256,02:00:00:00:00:02,02:00:00:00:00:01,0x88b5,forward,1,716,119,198
2621,1786990936807480,l_left,3,otherhost,256,02:00:00:00:00:02,02:00:00:00:00:01,0x88b5,forward,1,717,119,452
2622,1786990936808016,l_left,4,outgoing,256,02:00:00:00:00:01,02:00:00:00:00:02,0x88b5,reverse,1,1904,119,988
2623,1786990936808041,l_left,4,outgoing,256,02:00:00:00:00:01,02:00:00:00:00:02,0x88b5,reverse,1,1905,119,1013
2624,1786990937007765,l_left,4,outgoing,256,02:00:00:00:00:01,02:00:00:00:00:02,0x88b5,reverse,1,1906,119,200737
2625,1786990937007826,l_left,4,outgoing,256,02:00:00:00:00:01,02:00:00:00:00:02,0x88b5,reverse,1,1907,119,200798
2626,1786990937007852,l_left,4,outgoing,256,02:00:00:00:00:01,02:00:00:00:00:02,0x88b5,reverse,1,1908,119,200824
2627,1786990937007872,l_left,4,outgoing,256,02:00:00:00:00:01,02:00:00:00:00:02,0x88b5,reverse,1,1909,119,200844
2628,1786990937007888,l_left,4,outgoing,256,02:00:00:00:00:01,02:00:00:00:00:02,0x88b5,reverse,1,1910,119,200860
2629,1786990937008056,l_left,4,outgoing,256,02:00:00:00:00:01,02:00:00:00:00:02,0x88b5,reverse,1,1911,119,201028
2630,1786990937008323,l_left,4,outgoing,256,02:00:00:00:00:01,02:00:00:00:00:02,0x88b5,reverse,1,1912,119,201295
2631,1786990937008578,l_left,4,outgoing,256,02:00:00:00:00:01,02:00:00:00:00:02,0x88b5,reverse,1,1913,119,201550
2632,1786990937008829,l_left,4,outgoing,256,02:00:00:00:00:01,02:00:00:00:00:02,0x88b5,reverse,1,1914,119,201801
2633,1786990937009070,l_left,4,outgoing,256,02:00:00:00:00:01,02:00:00:00:00:02,0x88b5,reverse,1,1915,119,202042
2634,1786990937009304,l_left,4,outgoing,256,02:00:00:00:00:01,02:00:00:00:00:02,0x88b5,reverse,1,1916,119,202276
2635,1786990937009533,l_left,4,outgoing,256,02:00:00:00:00:01,02:00:00:00:00:02,0x88b5,reverse,1,1917,119,202505
2636,1786990937009739,l_left,4,outgoing,256,02:00:00:00:00:01,02:00:00:00:00:02,0x88b5,reverse,1,1918,119,202711
2637,1786990937009960,l_left,4,outgoing,256,02:00:00:00:00:01,02:00:00:00:00:02,0x88b5,reverse,1,1919,119,202932
2638,1786990937010544,l_left,3,otherhost,256,02:00:00:00:00:02,02:00:00:00:00:01,0x88b5,forward,1,718,119,203516
2639,1786990937010568,l_left,3,otherhost,256,02:00:00:00:00:02,02:00:00:00:00:01,0x88b5,forward,1,719,119,203540
2640,1786990937017106,l_left,3,otherhost,256,02:00:00:00:00:02,02:00:00:00:00:01,0x88b5,forward,1,720,120,0
2641,1786990937017154,l_left,3,otherhost,256,02:00:00:00:00:02,02:00:00:00:00:01,0x88b5,forward,1,721,120,48
2642,1786990937017303,l_left,3,otherhost,256,02:00:00:00:00:02,02:00:00:00:00:01,0x88b5,forward,1,722,120,197
2643,1786990937017445,l_left,3,otherhost,256,02:00:00:00:00:02,02:00:00:00:00:01,0x88b5,forward,1,723,120,339
2644,1786990937017943,l_left,4,outgoing,256,02:00:00:00:00:01,02:00:00:00:00:02,0x88b5,reverse,1,1920,120,837
2645,1786990937017961,l_left,4,outgoing,256,02:00:00:00:00:01,02:00:00:00:00:02,0x88b5,reverse,1,1921,120,855
