index,timestamp_us,interface,packet_type,packet_type_name,wire_len,dst_mac,src_mac,ethertype,direction,key_epoch,cell_counter,capture_epoch_index,relative_time_us
0,1786990943084462,l_left,3,otherhost,256,02:00:00:00:00:02,02:00:00:00:00:01,0x88b5,forward,1,0,0,0
1,1786990943084534,l_left,3,otherhost,256,02:00:00:00:00:02,02:00:00:00:00:01,0x88b5,forward,1,1,0,72
2,1786990943084562,l_left,3,otherhost,256,02:00:00:00:00:02,02:00:00:00:00:01,0x88b5,forward,1,2,0,100
3,1786990943084582,l_left,3,otherhost,256,02:00:00:00:00:02,02:00:00:00:00:01,0x88b5,forward,1,3,0,120
4,1786990943085164,l_left,4,outgoing,256,02:00:00:00:00:01,02:00:00:00:00:02,0x88b5,reverse,1,0,0,702
5,1786990943085204,l_left,4,outgoing,256,02:00:00:00:00:01,02:00:00:00:00:02,0x88b5,reverse,1,1,0,742
6,1786990943285405,l_left,4,outgoing,256,02:00:00:00:00:01,02:00:00:00:00:02,0x88b5,reverse,1,2,0,200943
7,1786990943285469,l_left,4,outgoing,256,02:00:00:00:00:01,02:00:00:00:00:02,0x88b5,reverse,1,3,0,201007
8,1786990943285492,l_left,4,outgoing,256,02:00:00:00:00:01,02:00:00:00:00:02,0x88b5,reverse,1,4,0,201030
9,1786990943285510,l_left,4,outgoing,256,02:00:00:00:00:01,02:00:00:00:00:02,0x88b5,reverse,1,5,0,201048
10,1786990943285526,l_left,4,outgoing,256,02:00:00:00:00:01,02:00:00:00:00:02,0x88b5,reverse,1,6,0,201064
11,1786990943285540,l_left,4,outgoing,256,02:00:00:00:00:01,02:00:00:00:00:02,0x88b5,reverse,1,7,0,201078
12,1786990943285555,l_left,4,outgoing,256,02:00:00:00:00:01,02:00:00:00:00:02,0x88b5,reverse,1,8,0,201093
13,1786990943285609,l_left,4,outgoing,256,02:00:00:00:00:01,02:00:00:00:00:02,0x88b5,reverse,1,9,0,201147
14,1786990943285812,l_left,4,outgoing,256,02:00:00:00:00:01,02:00:00:00:00:02,0x88b5,reverse,1,10,0,201350
15,1786990943286125,l_left,4,outgoing,256,02:00:00:00:00:01,02:00:00:00:00:02,0x88b5,reverse,1,11,0,201663
16,1786990943286383,l_left,4,outgoing,256,02:00:00:00:00:01,02:00:00:00:00:02,0x88b5,reverse,1,12,0,201921
17,1786990943286626,l_left,4,outgoing,256,02:00:00:00:00:01,02:00:00:00:00:02,0x88b5,reverse,1,13,0,202164
18,1786990943286865,l_left,4,outgoing,256,02:00:00:00:00:01,02:00:00:00:00:02,0x88b5,reverse,1,14,0,202403
19,1786990943287111,l_left,4,outgoing,256,02:00:00:00:00:01,02:00:00:00:00:02,0x88b5,reverse,1,15,0,202649
20,1786990943287460,l_left,3,otherhost,256,02:00:00:00:00:02,02:00:00:00:00:01,0x88b5,forward,1,4,0,202998
21,1786990943287499,l_left,3,otherhost,256,02:00:00:00:00:02,02:00:00:00:00:01,0x88b5,forward,1,5,0,203037
22,1786990943294047,l_left,3,otherhost,256,02:00:00:00:00:02,02:00:00:00:00:01,0x88b5,forward,1,6,1,0
23,1786990943294103,l_left,3,otherhost,256,02:00:00:00:00:02,02:00:00:00:00:01,0x88b5,forward,1,7,1,56
24,1786990943294364,l_left,3,otherhost,256,02:00:00:00:00:02,02:00:00:00:00:01,0x88b5,forward,1,8,1,317
25,1786990943294515,l_left,3,otherhost,256,02:00:00:00:00:02,02:00:00:00:00:01,0x88b5,forward,1,9,1,468
26,1786990943295150,l_left,4,outgoing,256,02:00:00:00:00:01,02:00:00:00:00:02,0x88b5,reverse,1,16,1,1103
27,1786990943295186,l_left,4,outgoing,256,02:00:00:00:00:01,02:00:00:00:00:02,0x88b5,reverse,1,17,1,1139
28,1786990943494836,l_left,4,outgoing,256,02:00:00:00:00:01,02:00:00:00:00:02,0x88b5,reverse,1,18,1,200789
29,1786990943494905,l_left,4,outgoing,256,02:00:00:00:00:01,02:00:00:00:00:02,0x88b5,reverse,1,19,1,200858
30,1786990943494928,l_left,4,outgoing,256,02:00:00:00:00:01,02:00:00:00:00:02,0x88b5,reverse,1,20,1,200881
31,1786990943494946,l_left,4,outgoing,256,02:00:00:00:00:01,02:00:00:00:00:02,0x88b5,reverse,1,21,1,200899
32,1786990943494962,l_left,4,outgoing,256,02:00:00:00:00:01,02:00:00:00:00:02,0x88b5,reverse,1,22,1,200915
33,1786990943495005,l_left,4,outgoing,256,02:00:00:00:00:01,02:00:00:00:00:02,0x88b5,reverse,1,23,1,200958
34,1786990943495363,l_left,4,outgoing,256,02:00:00:00:00:01,02:00:00:00:00:02,0x88b5,reverse,1,24,1,201316
35,1786990943495636,l_left,4,outgoing,256,02:00:00:00:00:01,02:00:00:00:00:02,0x88b5,reverse,1,25,1,201589
36,1786990943495878,l_left,4,outgoing,256,02:00:00:00:00:01,02:00:00:00:00:02,0x88b5,reverse,1,26,1,201831
37,1786990943496125,l_left,4,outgoing,256,02:00:00:00:00:01,02:00:00:00:00:02,0x88b5,reverse,1,27,1,202078
38,1786990943496376,l_left,4,outgoing,256,02:00:00:00:00:01,02:00:00:00:00:02,0x88b5,reverse,1,28,1,202329
39,1786990943496579,l_left,4,outgoing,256,02:00:00:00:00:01,02:00:00:00:00:02,0x88b5,reverse,1,29,1,202532
40,1786990943496801,l_left,4,outgoing,256,02:00:00:00:00:01,02:00:00:00:00:02,0x88b5,reverse,1,30,1,202754
41,1786990943497049,l_left,4,outgoing,256,02:00:00:00:00:01,02:00:00:00:00:02,0x88b5,reverse,1,31,1,203002
42,1786990943497522,l_left,3,otherhost,256,02:00:00:00:00:02,02:00:00:00:00:01,0x88b5,forward,1,10,1,203475
43,1786990943497546,l_left,3,otherhost,256,02:00:00:00:00:02,02:00:00:00:00:01,0x88b5,forward,1,11,1,203499
44,1786990943504178,l_left,3,otherhost,256,02:00:00:00:00:02,02:00:00:00:00:01,0x88b5,forward,1,12,2,0
45,1786990943504196,l_left,3,otherhost,256,02:00:00:00:00:02,02:00:00:00:00:01,0x88b5,forward,1,13,2,18
46,1786990943504211,l_left,3,otherhost,256,02:00:00:00:00:02,02:00:00:00:00:01,0x88b5,forward,1,14,2,33
47,1786990943504488,l_left,3,otherhost,256,02:00:00:00:00:02,02:00:00:00:00:01,0x88b5,forward,1,15,2,310
48,1786990943505215,l_left,4,outgoing,256,02:00:00:00:00:01,02:00:00:00:00:02,0x88b5,reverse,1,32,2,1037
49,1786990943505257,l_left,4,outgoing,256,02:00:00:00:00:01,02:00:00:00:00:02,0x88b5,reverse,1,33,2,1079
50,1786990943705101,l_left,4,outgoing,256,02:00:00:00:00:01,02:00:00:00:00:02,0x88b5,reverse,1,34,2,200923
51,1786990943705181,l_left,4,outgoing,256,02:00:00:00:00:01,02:00:00:00:00:02,0x88b5,reverse,1,35,2,201003
52,1786990943705205,l_left,4,outgoing,256,02:00:00:00:00:01,02:00:00:00:00:02,0x88b5,reverse,1,36,2,201027
53,1786990943705222,l_left,4,outgoing,256,02:00:00:00:00:01,02:00:00:00:00:02,0x88b5,reverse,1,37,2,201044
54,1786990943705238,l_left,4,outgoing,256,02:00:00:00:00:01,02:00:00:00:00:02,0x88b5,reverse,1,38,2,201060
55,1786990943705260,l_left,4,outgoing,256,02:00:00:00:00:01,02:00:00:00:00:02,0x88b5,reverse,1,39,2,201082
56,1786990943705278,l_left,4,outgoing,256,02:00:00:00:00:01,02:00:00:00:00:02,0x88b5,reverse,1,40,2,201100
57,1786990943705617,l_left,4,outgoing,256,02:00:00:00:00:01,02:00:00:00:00:02,0x88b5,reverse,1,41,2,201439
58,1786990943705873,l_left,4,outgoing,256,02:00:00:00:00:01,02:00:00:00:00:02,0x88b5,reverse,1,42,2,201695
59,1786990943706125,l_left,4,outgoing,256,02:00:00:00:00:01,02:00:00:00:00:02,0x88b5,reverse,1,43,2,201947
60,1786990943706375,l_left,4,outgoing,256,02:00:00:00:00:01,02:00:00:00:00:02,0x88b5,reverse,1,44,2,202197
61,1786990943706619,l_left,4,outgoing,256,02:00:00:00:00:01,02:00:00:00:00:02,0x88b5,reverse,1,45,2,202441
62,1786990943706870,l_left,4,outgoing,256,02:00:00:00:00:01,02:00:00:00:00:02,0x88b5,reverse,1,46,2,202692
63,1786990943707116,l_left,4,outgoing,256,02:00:00:00:00:01,02:00:00:00:00:02,0x88b5,reverse,1,47,2,202938
64,1786990943707408,l_left,3,otherhost,256,02:00:00:00:00:02,02:00:00:00:00:01,0x88b5,forward,1,16,2,203230
65,1786990943707440,l_left,3,otherhost,256,02:00:00:00:00:02,02:00:00:00:00:01,0x88b5,forward,1,17,2,203262
66,1786990943714810,l_left,3,otherhost,256,02:00:00:00:00:02,02:00:00:00:00:01,0x88b5,forward,1,18,3,0
67,1786990943714881,l_left,3,otherhost,256,02:00:00:00:00:02,02:00:00:00:00:01,0x88b5,forward,1,19,3,71
68,1786990943714911,l_left,3,otherhost,256,02:00:00:00:00:02,02:00:00:00:00:01,0x88b5,forward,1,20,3,101
69,1786990943714928,l_left,3,otherhost,256,02:00:00:00:00:02,02:00:00:00:00:01,0x88b5,forward,1,21,3,118
70,1786990943715042,l_left,4,outgoing,256,02:00:00:00:00:01,02:00:00:00:00:02,0x88b5,reverse,1,48,3,232
71,1786990943715062,l_left,4,outgoing,256,02:00:00:00:00:01,02:00:00:00:00:02,0x88b5,reverse,1,49,3,252
72,1786990943914752,l_left,4,outgoing,256,02:00:00:00:00:01,02:00:00:00:00:02,0x88b5,reverse,1,50,3,199942
73,1786990943914819,l_left,4,outgoing,256,02:00:00:00:00:01,02:00:00:00:00:02,0x88b5,reverse,1,51,3,200009
74,1786990943914842,l_left,4,outgoing,256,02:00:00:00:00:01,02:00:00:00:00:02,0x88b5,reverse,1,52,3,200032
75,1786990943914863,l_left,4,outgoing,256,02:00:00:00:00:01,02:00:00:00:00:02,0x88b5,reverse,1,53,3,200053
76,1786990943914883,l_left,4,outgoing,256,02:00:00:00:00:01,02:00:00:00:00:02,0x88b5,reverse,1,54,3,200073
77,1786990943915140,l_left,4,outgoing,256,02:00:00:00:00:01,02:00:00:00:00:02,0x88b5,reverse,1,55,3,200330
78,1786990943915390,l_left,4,outgoing,256,02:00:00:00:00:01,02:00:00:00:00:02,0x88b5,reverse,1,56,3,200580
79,1786990943915633,l_left,4,outgoing,256,02:00:00:00:00:01,02:00:00:00:00:02,0x88b5,reverse,1,57,3,200823
80,1786990943915871,l_left,4,outgoing,256,02:00:00:00:00:01,02:00:00:00:00:02,0x88b5,reverse,1,58,3,201061
81,1786990943916120,l_left,4,outgoing,256,02:00:00:00:00:01,02:00:00:00:00:02,0x88b5,reverse,1,59,3,201310
82,1786990943916376,l_left,4,outgoing,256,02:00:00:00:00:01,02:00:00:00:00:02,0x88b5,reverse,1,60,3,201566
83,1786990943916612,l_left,4,outgoing,256,02:00:00:00:00:01,02:00:00:00:00:02,0x88b5,reverse,1,61,3,201802
84,1786990943916833,l_left,4,outgoing,256,02:00:00:00:00:01,02:00:00:00:00:02,0x88b5,reverse,1,62,3,202023
85,1786990943917057,l_left,4,outgoing,256,02:00:00:00:00:01,02:00:00:00:00:02,0x88b5,reverse,1,63,3,202247
86,1786990943917395,l_left,3,otherhost,256,02:00:00:00:00:02,02:00:00:00:00:01,0x88b5,forward,1,22,3,202585
87,1786990943917470,l_left,3,otherhost,256,02:00:00:00:00:02,02:00:00:00:00:01,0x88b5,forward,1,23,3,202660
88,1786990943924326,l_left,3,otherhost,256,02:00:00:00:00:02,02:00:00:00:00:01,0x88b5,forward,1,24,4,0
89,1786990943924357,l_left,3,otherhost,256,02:00:00:00:00:02,02:00:00:00:00:01,0x88b5,forward,1,25,4,31
90,1786990943924374,l_left,3,otherhost,256,02:00:00:00:00:02,02:00:00:00:00:01,0x88b5,forward,1,26,4,48
91,1786990943924497,l_left,3,otherhost,256,02:00:00:00:00:02,02:00:00:00:00:01,0x88b5,forward,1,27,4,171
92,1786990943924923,l_left,4,outgoing,256,02:00:00:00:00:01,02:00:00:00:00:02,0x88b5,reverse,1,64,4,597
93,1786990943925000,l_left,4,outgoing,256,02:00:00:00:00:01,02:00:00:00:00:02,0x88b5,reverse,1,65,4,674
94,1786990944124829,l_left,4,outgoing,256,02:00:00:00:00:01,02:00:00:00:00:02,0x88b5,reverse,1,66,4,200503
95,1786990944124894,l_left,4,outgoing,256,02:00:00:00:00:01,02:00:00:00:00:02,0x88b5,reverse,1,67,4,200568
96,1786990944124917,l_left,4,outgoing,256,02:00:00:00:00:01,02:00:00:00:00:02,0x88b5,reverse,1,68,4,200591
97,1786990944124934,l_left,4,outgoing,256,02:00:00:00:00:01,02:00:00:00:00:02,0x88b5,reverse,1,69,4,200608
98,1786990944124949,l_left,4,outgoing,256,02:00:00:00:00:01,02:00:00:00:00:02,0x88b5,reverse,1,70,4,200623
99,1786990944125004,l_left,4,outgoing,256,02:00:00:00:00:01,02:00:00:00:00:02,0x88b5,reverse,1,71,4,200678
100,1786990944125296,l_left,4,outgoing,256,02:00:00:00:00:01,02:00:00:00:00:02,0x88b5,reverse,1,72,4,200970
101,1786990944125622,l_left,4,outgoing,256,02:00:00:00:00:01,02:00:00:00:00:02,0x88b5,reverse,1,73,4,201296
102,1786990944125875,l_left,4,outgoing,256,02:00:00:00:00:01,02:00:00:00:00:02,0x88b5,reverse,1,74,4,201549
103,1786990944126133,l_left,4,outgoing,256,02:00:00:00:00:01,02:00:00:00:00:02,0x88b5,reverse,1,75,4,201807
104,1786990944126332,l_left,4,outgoing,256,02:00:00:00:00:01,02:00:00:00:00:02,0x88b5,reverse,1,76,4,202006
105,1786990944126563,l_left,4,outgoing,256,02:00:00:00:00:01,02:00:00:00:00:02,0x88b5,reverse,1,77,4,202237
106,1786990944126809,l_left,4,outgoing,256,02:00:00:00:00:01,02:00:00:00:00:02,0x88b5,reverse,1,78,4,202483
107,1786990944127004,l_left,4,outgoing,256,02:00:00:00:00:01,02:00:00:00:00:02,0x88b5,reverse,1,79,4,202678
108,1786990944127462,l_left,3,otherhost,256,02:00:00:00:00:02,02:00:00:00:00:01,0x88b5,forward,1,28,4,203136
109,1786990944127483,l_left,3,otherhost,256,02:00:00:00:00:02,02:00:00:00:00:01,0x88b5,forward,1,29,4,203157
110,1786990944134142,l_left,3,otherhost,256,02:00:00:00:00:02,02:00:00:00:00:01,0x88b5,forward,1,30,5,0
111,1786990944134178,l_left,3,otherhost,256,02:00:00:00:00:02,02:00:00:00:00:01,0x88b5,forward,1,31,5,36
112,1786990944134475,l_left,3,otherhost,256,02:00:00:00:00:02,02:00:00:00:00:01,0x88b5,forward,1,32,5,333
113,1786990944134516,l_left,3,otherhost,256,02:00:00:00:00:02,02:00:00:00:00:01,0x88b5,forward,1,33,5,374
114,1786990944135121,l_left,4,outgoing,256,02:00:00:00:00:01,02:00:00:00:00:02,0x88b5,reverse,1,80,5,979
115,1786990944135142,l_left,4,outgoing,256,02:00:00:00:00:01,02:00:00:00:00:02,0x88b5,reverse,1,81,5,1000
116,1786990944335000,l_left,4,outgoing,256,02:00:00:00:00:01,02:00:00:00:00:02,0x88b5,reverse,1,82,5,200858
117,1786990944335064,l_left,4,outgoing,256,02:00:00:00:00:01,02:00:00:00:00:02,0x88b5,reverse,1,83,5,200922
118,1786990944335096,l_left,4,outgoing,256,02:00:00:00:00:01,02:00:00:00:00:02,0x88b5,reverse,1,84,5,200954
119,1786990944335116,l_left,4,outgoing,256,02:00:00:00:00:01,02:00:00:00:00:02,0x88b5,reverse,1,85,5,200974
120,1786990944335139,l_left,4,outgoing,256,02:00:00:00:00:01,02:00:00:00:00:02,0x88b5,reverse,1,86,5,200997
121,1786990944335159,l_left,4,outgoing,256,02:00:00:00:00:01,02:00:00:00:00:02,0x88b5,reverse,1,87,5,201017
122,1786990944335384,l_left,4,outgoing,256,02:00:00:00:00:01,02:00:00:00:00:02,0x88b5,reverse,1,88,5,201242
123,1786990944335627,l_left,4,outgoing,256,02:00:00:00:00:01,02:00:00:00:00:02,0x88b5,reverse,1,89,5,201485
124,1786990944335883,l_left,4,outgoing,256,02:00:00:00:00:01,02:00:00:00:00:02,0x88b5,reverse,1,90,5,201741
125,1786990944336127,l_left,4,outgoing,256,02:00:00:00:00:01,02:00:00:00:00:02,0x88b5,reverse,1,91,5,201985
126,1786990944336392,l_left,4,outgoing,256,02:00:00:00:00:01,02:00:00:00:00:02,0x88b5,reverse,1,92,5,202250
127,1786990944336625,l_left,4,outgoing,256,02:00:00:00:00:01,02:00:00:00:00:02,0x88b5,reverse,1,93,5,202483
128,1786990944336863,l_left,4,outgoing,256,02:00:00:00:00:01,02:00:00:00:00:02,0x88b5,reverse,1,94,5,202721
129,1786990944337085,l_left,4,outgoing,256,02:00:00:00:00:01,02:00:00:00:00:02,0x88b5,reverse,1,95,5,202943
130,1786990944337563,l_left,3,otherhost,256,02:00:00:00:00:02,02:00:00:00:00:01,0x88b5,forward,1,34,5,203421
131,1786990944337589,l_left,3,otherhost,256,02:00:00:00:00:02,02:00:00:00:00:01,0x88b5,forward,1,35,5,203447
132,1786990944343989,l_left,3,otherhost,256,02:00:00:00:00:02,02:00:00:00:00:01,0x88b5,forward,1,36,6,0
133,1786990944344034,l_left,3,otherhost,256,02:00:00:00:00:02,02:00:00:00:00:01,0x88b5,forward,1,37,6,45
134,1786990944344240,l_left,3,otherhost,256,02:00:00:00:00:02,02:00:00:00:00:01,0x88b5,forward,1,38,6,251
135,1786990944344487,l_left,3,otherhost,256,02:00:00:00:00:02,02:00:00:00:00:01,0x88b5,forward,1,39,6,498
136,1786990944345009,l_left,4,outgoing,256,02:00:00:00:00:01,02:00:00:00:00:02,0x88b5,reverse,1,96,6,1020
137,1786990944345028,l_left,4,outgoing,256,02:00:00:00:00:01,02:00:00:00:00:02,0x88b5,reverse,1,97,6,1039
138,1786990944544806,l_left,4,outgoing,256,02:00:00:00:00:01,02:00:00:00:00:02,0x88b5,reverse,1,98,6,200817
139,1786990944544880,l_left,4,outgoing,256,02:00:00:00:00:01,02:00:00:00:00:02,0x88b5,reverse,1,99,6,200891
140,1786990944544903,l_left,4,outgoing,256,02:00:00:00:00:01,02:00:00:00:00:02,0x88b5,reverse,1,100,6,200914
141,1786990944544921,l_left,4,outgoing,256,02:00:00:00:00:01,02:00:00:00:00:02,0x88b5,reverse,1,101,6,200932
142,1786990944544937,l_left,4,outgoing,256,02:00:00:00:00:01,02:00:00:00:00:02,0x88b5,reverse,1,102,6,200948
143,1786990944545202,l_left,4,outgoing,256,02:00:00:00:00:01,02:00:00:00:00:02,0x88b5,reverse,1,103,6,201213
144,1786990944545277,l_left,4,outgoing,256,02:00:00:00:00:01,02:00:00:00:00:02,0x88b5,reverse,1,104,6,201288
145,1786990944545624,l_left,4,outgoing,256,02:00:00:00:00:01,02:00:00:00:00:02,0x88b5,reverse,1,105,6,201635
146,1786990944545886,l_left,4,outgoing,256,02:00:00:00:00:01,02:00:00:00:00:02,0x88b5,reverse,1,106,6,201897
147,1786990944546128,l_left,4,outgoing,256,02:00:00:00:00:01,02:00:00:00:00:02,0x88b5,reverse,1,107,6,202139
148,1786990944546376,l_left,4,outgoing,256,02:00:00:00:00:01,02:00:00:00:00:02,0x88b5,reverse,1,108,6,202387
149,1786990944546603,l_left,4,outgoing,256,02:00:00:00:00:01,02:00:00:00:00:02,0x88b5,reverse,1,109,6,202614
150,1786990944546828,l_left,4,outgoing,256,02:00:00:00:00:01,02:00:00:00:00:02,0x88b5,reverse,1,110,6,202839
151,1786990944547035,l_left,4,outgoing,256,02:00:00:00:00:01,02:00:00:00:00:02,0x88b5,reverse,1,111,6,203046
152,1786990944547556,l_left,3,otherhost,256,02:00:00:00:00:02,02:00:00:00:00:01,0x88b5,forward,1,40,6,203567
153,1786990944547582,l_left,3,otherhost,256,02:00:00:00:00:02,02:00:00:00:00:01,0x88b5,forward,1,41,6,203593
154,1786990944553990,l_left,3,otherhost,256,02:00:00:00:00:02,02:00:00:00:00:01,0x88b5,forward,1,42,7,0
155,1786990944554012,l_left,3,otherhost,256,02:00:00:00:00:02,02:00:00:00:00:01,0x88b5,forward,1,43,7,22
156,1786990944554238,l_left,3,otherhost,256,02:00:00:00:00:02,02:00:00:00:00:01,0x88b5,forward,1,44,7,248
157,1786990944554493,l_left,3,otherhost,256,02:00:00:00:00:02,02:00:00:00:00:01,0x88b5,forward,1,45,7,503
158,1786990944555085,l_left,4,outgoing,256,02:00:00:00:00:01,02:00:00:00:00:02,0x88b5,reverse,1,112,7,1095
159,1786990944555127,l_left,4,outgoing,256,02:00:00:00:00:01,02:00:00:00:00:02,0x88b5,reverse,1,113,7,1137
160,1786990944755199,l_left,4,outgoing,256,02:00:00:00:00:01,02:00:00:00:00:02,0x88b5,reverse,1,114,7,201209
161,1786990944755264,l_left,4,outgoing,256,02:00:00:00:00:01,02:00:00:00:00:02,0x88b5,reverse,1,115,7,201274
162,1786990944755287,l_left,4,outgoing,256,02:00:00:00:00:01,02:00:00:00:00:02,0x88b5,reverse,1,116,7,201297
163,1786990944755306,l_left,4,outgoing,256,02:00:00:00:00:01,02:00:00:00:00:02,0x88b5,reverse,1,117,7,201316
164,1786990944755322,l_left,4,outgoing,256,02:00:00:00:00:01,02:00:00:00:00:02,0x88b5,reverse,1,118,7,201332
165,1786990944755337,l_left,4,outgoing,256,02:00:00:00:00:01,02:00:00:00:00:02,0x88b5,reverse,1,119,7,201347
166,1786990944755353,l_left,4,outgoing,256,02:00:00:00:00:01,02:00:00:00:00:02,0x88b5,reverse,1,120,7,201363
167,1786990944755615,l_left,4,outgoing,256,02:00:00:00:00:01,02:00:00:00:00:02,0x88b5,reverse,1,121,7,201625
168,1786990944755870,l_left,4,outgoing,256,02:00:00:00:00:01,02:00:00:00:00:02,0x88b5,reverse,1,122,7,201880
169,1786990944756127,l_left,4,outgoing,256,02:00:00:00:00:01,02:00:00:00:00:02,0x88b5,reverse,1,123,7,202137
170,1786990944756381,l_left,4,outgoing,256,02:00:00:00:00:01,02:00:00:00:00:02,0x88b5,reverse,1,124,7,202391
171,1786990944756637,l_left,4,outgoing,256,02:00:00:00:00:01,02:00:00:00:00:02,0x88b5,reverse,1,125,7,202647
172,1786990944756883,l_left,4,outgoing,256,02:00:00:00:00:01,02:00:00:00:00:02,0x88b5,reverse,1,126,7,202893
173,1786990944757130,l_left,4,outgoing,256,02:00:00:00:00:01,02:00:00:00:00:02,0x88b5,reverse,1,127,7,203140
174,1786990944757554,l_left,3,otherhost,256,02:00:00:00:00:02,02:00:00:00:00:01,0x88b5,forward,1,46,7,203564
175,1786990944757592,l_left,3,otherhost,256,02:00:00:00:00:02,02:00:00:00:00:01,0x88b5,forward,1,47,7,203602
176,1786990944763973,l_left,3,otherhost,256,02:00:00:00:00:02,02:00:00:00:00:01,0x88b5,forward,1,48,8,0
177,1786990944764018,l_left,3,otherhost,256,02:00:00:00:00:02,02:00:00:00:00:01,0x88b5,forward,1,49,8,45
178,1786990944764266,l_left,3,otherhost,256,02:00:00:00:00:02,02:00:00:00:00:01,0x88b5,forward,1,50,8,293
179,1786990944764517,l_left,3,otherhost,256,02:00:00:00:00:02,02:00:00:00:00:01,0x88b5,forward,1,51,8,544
180,1786990944765095,l_left,4,outgoing,256,02:00:00:00:00:01,02:00:00:00:00:02,0x88b5,reverse,1,128,8,1122
181,1786990944765203,l_left,4,outgoing,256,02:00:00:00:00:01,02:00:00:00:00:02,0x88b5,reverse,1,129,8,1230
182,1786990944964754,l_left,4,outgoing,256,02:00:00:00:00:01,02:00:00:00:00:02,0x88b5,reverse,1,130,8,200781
183,1786990944964817,l_left,4,outgoing,256,02:00:00:00:00:01,02:00:00:00:00:02,0x88b5,reverse,1,131,8,200844
184,1786990944964840,l_left,4,outgoing,256,02:00:00:00:00:01,02:00:00:00:00:02,0x88b5,reverse,1,132,8,200867
185,1786990944964867,l_left,4,outgoing,256,02:00:00:00:00:01,02:00:00:00:00:02,0x88b5,reverse,1,133,8,200894
186,1786990944964884,l_left,4,outgoing,256,02:00:00:00:00:01,02:00:00:00:00:02,0x88b5,reverse,1,134,8,200911
187,1786990944965125,l_left,4,outgoing,256,02:00:00:00:00:01,02:00:00:00:00:02,0x88b5,reverse,1,135,8,201152
188,1786990944965246,l_left,4,outgoing,256,02:00:00:00:00:01,02:00:00:00:00:02,0x88b5,reverse,1,136,8,201273
189,1786990944965615,l_left,4,outgoing,256,02:00:00:00:00:01,02:00:00:00:00:02,0x88b5,reverse,1,137,8,201642
190,1786990944965874,l_left,4,outgoing,256,02:00:00:00:00:01,02:00:00:00:00:02,0x88b5,reverse,1,138,8,201901
191,1786990944966116,l_left,4,outgoing,256,02:00:00:00:00:01,02:00:00:00:00:02,0x88b5,reverse,1,139,8,202143
192,1786990944966375,l_left,4,outgoing,256,02:00:00:00:00:01,02:00:00:00:00:02,0x88b5,reverse,1,140,8,202402
193,1786990944966629,l_left,4,outgoing,256,02:00:00:00:00:01,02:00:00:00:00:02,0x88b5,reverse,1,141,8,202656
194,1786990944966839,l_left,4,outgoing,256,02:00:00:00:00:01,02:00:00:00:00:02,0x88b5,reverse,1,142,8,202866
195,1786990944967010,l_left,4,outgoing,256,02:00:00:00:00:01,02:00:00:00:00:02,0x88b5,reverse,1,143,8,203037
196,1786990944968234,l_left,3,otherhost,256,02:00:00:00:00:02,02:00:00:00:00:01,0x88b5,forward,1,52,8,204261
197,1786990944968253,l_left,3,otherhost,256,02:00:00:00:00:02,02:00:00:00:00:01,0x88b5,forward,1,53,8,204280
198,1786990944974055,l_left,3,otherhost,256,02:00:00:00:00:02,02:00:00:00:00:01,0x88b5,forward,1,54,9,0
199,1786990944974093,l_left,3,otherhost,256,02:00:00:00:00:02,02:00:00:00:00:01,0x88b5,forward,1,55,9,38
200,1786990944974278,l_left,3,otherhost,256,02:00:00:00:00:02,02:00:00:00:00:01,0x88b5,forward,1,56,9,223
201,1786990944974501,l_left,3,otherhost,256,02:00:00:00:00:02,02:00:00:00:00:01,0x88b5,forward,1,57,9,446
202,1786990944975155,l_left,4,outgoing,256,02:00:00:00:00:01,02:00:00:00:00:02,0x88b5,reverse,1,144,9,1100
203,1786990944975186,l_left,4,outgoing,256,02:00:00:00:00:01,02:00:00:00:00:02,0x88b5,reverse,1,145,9,1131
204,1786990945174855,l_left,4,outgoing,256,02:00:00:00:00:01,02:00:00:00:00:02,0x88b5,reverse,1,146,9,200800
205,1786990945174920,l_left,4,outgoing,256,02:00:00:00:00:01,02:00:00:00:00:02,0x88b5,reverse,1,147,9,200865
206,1786990945174951,l_left,4,outgoing,256,02:00:00:00:00:01,02:00:00:00:00:02,0x88b5,reverse,1,148,9,200896
207,1786990945174970,l_left,4,outgoing,256,02:00:00:00:00:01,02:00:00:00:00:02,0x88b5,reverse,1,149,9,200915
208,1786990945174987,l_left,4,outgoing,256,02:00:00:00:00:01,02:00:00:00:00:02,0x88b5,reverse,1,150,9,200932
209,1786990945175004,l_left,4,outgoing,256,02:00:00:00:00:01,02:00:00:00:00:02,0x88b5,reverse,1,151,9,200949
210,1786990945175364,l_left,4,outgoing,256,02:00:00:00:00:01,02:00:00:00:00:02,0x88b5,reverse,1,152,9,201309
211,1786990945175617,l_left,4,outgoing,256,02:00:00:00:00:01,02:00:00:00:00:02,0x88b5,reverse,1,153,9,201562
212,1786990945175869,l_left,4,outgoing,256,02:00:00:00:00:01,02:00:00:00:00:02,0x88b5,reverse,1,154,9,201814
213,1786990945176130,l_left,4,outgoing,256,02:00:00:00:00:01,02:00:00:00:00:02,0x88b5,reverse,1,155,9,202075
214,1786990945176379,l_left,4,outgoing,256,02:00:00:00:00:01,02:00:00:00:00:02,0x88b5,reverse,1,156,9,202324
215,1786990945176623,l_left,4,outgoing,256,02:00:00:00:00:01,02:00:00:00:00:02,0x88b5,reverse,1,157,9,202568
216,1786990945176797,l_left,4,outgoing,256,02:00:00:00:00:01,02:00:00:00:00:02,0x88b5,reverse,1,158,9,202742
217,1786990945177029,l_left,4,outgoing,256,02:00:00:00:00:01,02:00:00:00:00:02,0x88b5,reverse,1,159,9,202974
218,1786990945178321,l_left,3,otherhost,256,02:00:00:00:00:02,02:00:00:00:00:01,0x88b5,forward,1,58,9,204266
219,1786990945178360,l_left,3,otherhost,256,02:00:00:00:00:02,02:00:00:00:00:01,0x88b5,forward,1,59,9,204305
220,1786990945184086,l_left,3,otherhost,256,02:00:00:00:00:02,02:00:00:00:00:01,0x88b5,forward,1,60,10,0
221,1786990945184123,l_left,3,otherhost,256,02:00:00:00:00:02,02:00:00:00:00:01,0x88b5,forward,1,61,10,37
222,1786990945184248,l_left,3,otherhost,256,02:00:00:00:00:02,02:00:00:00:00:01,0x88b5,forward,1,62,10,162
223,1786990945184516,l_left,3,otherhost,256,02:00:00:00:00:02,02:00:00:00:00:01,0x88b5,forward,1,63,10,430
224,1786990945185129,l_left,4,outgoing,256,02:00:00:00:00:01,02:00:00:00:00:02,0x88b5,reverse,1,160,10,1043
225,1786990945185177,l_left,4,outgoing,256,02:00:00:00:00:01,02:00:00:00:00:02,0x88b5,reverse,1,161,10,1091
226,1786990945385102,l_left,4,outgoing,256,02:00:00:00:00:01,02:00:00:00:00:02,0x88b5,reverse,1,162,10,201016
227,1786990945385182,l_left,4,outgoing,256,02:00:00:00:00:01,02:00:00:00:00:02,0x88b5,reverse,1,163,10,201096
228,1786990945385212,l_left,4,outgoing,256,02:00:00:00:00:01,02:00:00:00:00:02,0x88b5,reverse,1,164,10,201126
229,1786990945385231,l_left,4,outgoing,256,02:00:00:00:00:01,02:00:00:00:00:02,0x88b5,reverse,1,165,10,201145
230,1786990945385248,l_left,4,outgoing,256,02:00:00:00:00:01,02:00:00:00:00:02,0x88b5,reverse,1,166,10,201162
231,1786990945385263,l_left,4,outgoing,256,02:00:00:00:00:01,02:00:00:00:00:02,0x88b5,reverse,1,167,10,201177
232,1786990945385277,l_left,4,outgoing,256,02:00:00:00:00:01,02:00:00:00:00:02,0x88b5,reverse,1,168,10,201191
233,1786990945385606,l_left,4,outgoing,256,02:00:00:00:00:01,02:00:00:00:00:02,0x88b5,reverse,1,169,10,201520
234,1786990945385887,l_left,4,outgoing,256,02:00:00:00:00:01,02:00:00:00:00:02,0x88b5,reverse,1,170,10,201801
235,1786990945386116,l_left,4,outgoing,256,02:00:00:00:00:01,02:00:00:00:00:02,0x88b5,reverse,1,171,10,202030
236,1786990945386386,l_left,4,outgoing,256,02:00:00:00:00:01,02:00:00:00:00:02,0x88b5,reverse,1,172,10,202300
237,1786990945386622,l_left,4,outgoing,256,02:00:00:00:00:01,02:00:00:00:00:02,0x88b5,reverse,1,173,10,202536
238,1786990945386873,l_left,4,outgoing,256,02:00:00:00:00:01,02:00:00:00:00:02,0x88b5,reverse,1,174,10,202787
239,1786990945387116,l_left,4,outgoing,256,02:00:00:00:00:01,02:00:00:00:00:02,0x88b5,reverse,1,175,10,203030
240,1786990945387417,l_left,3,otherhost,256,02:00:00:00:00:02,02:00:00:00:00:01,0x88b5,forward,1,64,10,203331
241,1786990945387443,l_left,3,otherhost,256,02:00:00:00:00:02,02:00:00:00:00:01,0x88b5,forward,1,65,10,203357
242,1786990945394009,l_left,3,otherhost,256,02:00:00:00:00:02,02:00:00:00:00:01,0x88b5,forward,1,66,11,0
243,1786990945394054,l_left,3,otherhost,256,02:00:00:00:00:02,02:00:00:00:00:01,0x88b5,forward,1,67,11,45
244,1786990945394240,l_left,3,otherhost,256,02:00:00:00:00:02,02:00:00:00:00:01,0x88b5,forward,1,68,11,231
245,1786990945394489,l_left,3,otherhost,256,02:00:00:00:00:02,02:00:00:00:00:01,0x88b5,forward,1,69,11,480
246,1786990945395035,l_left,4,outgoing,256,02:00:00:00:00:01,02:00:00:00:00:02,0x88b5,reverse,1,176,11,1026
247,1786990945395073,l_left,4,outgoing,256,02:00:00:00:00:01,02:00:00:00:00:02,0x88b5,reverse,1,177,11,1064
248,1786990945594929,l_left,4,outgoing,256,02:00:00:00:00:01,02:00:00:00:00:02,0x88b5,reverse,1,178,11,200920
249,1786990945594991,l_left,4,outgoing,256,02:00:00:00:00:01,02:00:00:00:00:02,0x88b5,reverse,1,179,11,200982
250,1786990945595013,l_left,4,outgoing,256,02:00:00:00:00:01,02:00:00:00:00:02,0x88b5,reverse,1,180,11,201004
251,1786990945595030,l_left,4,outgoing,256,02:00:00:00:00:01,02:00:00:00:00:02,0x88b5,reverse,1,181,11,201021
252,1786990945595050,l_left,4,outgoing,256,02:00:00:00:00:01,02:00:00:00:00:02,0x88b5,reverse,1,182,11,201041
253,1786990945595069,l_left,4,outgoing,256,02:00:00:00:00:01,02:00:00:00:00:02,0x88b5,reverse,1,183,11,201060
254,1786990945595408,l_left,4,outgoing,256,02:00:00:00:00:01,02:00:00:00:00:02,0x88b5,reverse,1,184,11,201399
255,1786990945595630,l_left,4,outgoing,256,02:00:00:00:00:01,02:00:00:00:00:02,0x88b5,reverse,1,185,11,201621
256,1786990945595879,l_left,4,outgoing,256,02:00:00:00:00:01,02:00:00:00:00:02,0x88b5,reverse,1,186,11,201870
257,1786990945596134,l_left,4,outgoing,256,02:00:00:00:00:01,02:00:00:00:00:02,0x88b5,reverse,1,187,11,202125
258,1786990945596369,l_left,4,outgoing,256,02:00:00:00:00:01,02:00:00:00:00:02,0x88b5,reverse,1,188,11,202360
259,1786990945596612,l_left,4,outgoing,256,02:00:00:00:00:01,02:00:00:00:00:02,0x88b5,reverse,1,189,11,202603
260,1786990945596841,l_left,4,outgoing,256,02:00:00:00:00:01,02:00:00:00:00:02,0x88b5,reverse,1,190,11,202832
261,1786990945597103,l_left,4,outgoing,256,02:00:00:00:00:01,02:00:00:00:00:02,0x88b5,reverse,1,191,11,203094
262,1786990945597535,l_left,3,otherhost,256,02:00:00:00:00:02,02:00:00:00:00:01,0x88b5,forward,1,70,11,203526
263,1786990945597573,l_left,3,otherhost,256,02:00:00:00:00:02,02:00:00:00:00:01,0x88b5,forward,1,71,11,203564
264,1786990945604295,l_left,3,otherhost,256,02:00:00:00:00:02,02:00:00:00:00:01,0x88b5,forward,1,72,12,0
265,1786990945604333,l_left,3,otherhost,256,02:00:00:00:00:02,02:00:00:00:00:01,0x88b5,forward,1,73,12,38
266,1786990945604355,l_left,3,otherhost,256,02:00:00:00:00:02,02:00:00:00:00:01,0x88b5,forward,1,74,12,60
267,1786990945604528,l_left,3,otherhost,256,02:00:00:00:00:02,02:00:00:00:00:01,0x88b5,forward,1,75,12,233
268,1786990945605168,l_left,4,outgoing,256,02:00:00:00:00:01,02:00:00:00:00:02,0x88b5,reverse,1,192,12,873
269,1786990945605213,l_left,4,outgoing,256,02:00:00:00:00:01,02:00:00:00:00:02,0x88b5,reverse,1,193,12,918
270,1786990945804931,l_left,4,outgoing,256,02:00:00:00:00:01,02:00:00:00:00:02,0x88b5,reverse,1,194,12,200636
271,1786990945804996,l_left,4,outgoing,256,02:00:00:00:00:01,02:00:00:00:00:02,0x88b5,reverse,1,195,12,200701
272,1786990945805019,l_left,4,outgoing,256,02:00:00:00:00:01,02:00:00:00:00:02,0x88b5,reverse,1,196,12,200724
273,1786990945805037,l_left,4,outgoing,256,02:00:00:00:00:01,02:00:00:00:00:02,0x88b5,reverse,1,197,12,200742
274,1786990945805052,l_left,4,outgoing,256,02:00:00:00:00:01,02:00:00:00:00:02,0x88b5,reverse,1,198,12,200757
275,1786990945805072,l_left,4,outgoing,256,02:00:00:00:00:01,02:00:00:00:00:02,0x88b5,reverse,1,199,12,200777
276,1786990945805319,l_left,4,outgoing,256,02:00:00:00:00:01,02:00:00:00:00:02,0x88b5,reverse,1,200,12,201024
277,1786990945805617,l_left,4,outgoing,256,02:00:00:00:00:01,02:00:00:00:00:02,0x88b5,reverse,1,201,12,201322
278,1786990945805874,l_left,4,outgoing,256,02:00:00:00:00:01,02:00:00:00:00:02,0x88b5,reverse,1,202,12,201579
279,1786990945806133,l_left,4,outgoing,256,02:00:00:00:00:01,02:00:00:00:00:02,0x88b5,reverse,1,203,12,201838
280,1786990945806383,l_left,4,outgoing,256,02:00:00:00:00:01,02:00:00:00:00:02,0x88b5,reverse,1,204,12,202088
281,1786990945806622,l_left,4,outgoing,256,02:00:00:00:00:01,02:00:00:00:00:02,0x88b5,reverse,1,205,12,202327
282,1786990945806872,l_left,4,outgoing,256,02:00:00:00:00:01,02:00:00:00:00:02,0x88b5,reverse,1,206,12,202577
283,1786990945807111,l_left,4,outgoing,256,02:00:00:00:00:01,02:00:00:00:00:02,0x88b5,reverse,1,207,12,202816
284,1786990945807538,l_left,3,otherhost,256,02:00:00:00:00:02,02:00:00:00:00:01,0x88b5,forward,1,76,12,203243
285,1786990945807577,l_left,3,otherhost,256,02:00:00:00:00:02,02:00:00:00:00:01,0x88b5,forward,1,77,12,203282
286,1786990945814034,l_left,3,otherhost,256,02:00:00:00:00:02,02:00:00:00:00:01,0x88b5,forward,1,78,13,0
287,1786990945814073,l_left,3,otherhost,256,02:00:00:00:00:02,02:00:00:00:00:01,0x88b5,forward,1,79,13,39
288,1786990945814230,l_left,3,otherhost,256,02:00:00:00:00:02,02:00:00:00:00:01,0x88b5,forward,1,80,13,196
289,1786990945814468,l_left,3,otherhost,256,02:00:00:00:00:02,02:00:00:00:00:01,0x88b5,forward,1,81,13,434
290,1786990945815052,l_left,4,outgoing,256,02:00:00:00:00:01,02:00:00:00:00:02,0x88b5,reverse,1,208,13,1018
291,1786990945815094,l_left,4,outgoing,256,02:00:00:00:00:01,02:00:00:00:00:02,0x88b5,reverse,1,209,13,1060
292,1786990946014820,l_left,4,outgoing,256,02:00:00:00:00:01,02:00:00:00:00:02,0x88b5,reverse,1,210,13,200786
293,1786990946014889,l_left,4,outgoing,256,02:00:00:00:00:01,02:00:00:00:00:02,0x88b5,reverse,1,211,13,200855
294,1786990946014912,l_left,4,outgoing,256,02:00:00:00:00:01,02:00:00:00:00:02,0x88b5,reverse,1,212,13,200878
295,1786990946014938,l_left,4,outgoing,256,02:00:00:00:00:01,02:00:00:00:00:02,0x88b5,reverse,1,213,13,200904
296,1786990946014958,l_left,4,outgoing,256,02:00:00:00:00:01,02:00:00:00:00:02,0x88b5,reverse,1,214,13,200924
297,1786990946015097,l_left,4,outgoing,256,02:00:00:00:00:01,02:00:00:00:00:02,0x88b5,reverse,1,215,13,201063
298,1786990946015357,l_left,4,outgoing,256,02:00:00:00:00:01,02:00:00:00:00:02,0x88b5,reverse,1,216,13,201323
299,1786990946015609,l_left,4,outgoing,256,02:00:00:00:00:01,02:00:00:00:00:02,0x88b5,reverse,1,217,13,201575
300,1786990946015860,l_left,4,outgoing,256,02:00:00:00:00:01,02:00:00:00:00:02,0x88b5,reverse,1,218,13,201826
301,1786990946016109,l_left,4,outgoing,256,02:00:00:00:00:01,02:00:00:00:00:02,0x88b5,reverse,1,219,13,202075
302,1786990946016347,l_left,4,outgoing,256,02:00:00:00:00:01,02:00:00:00:00:02,0x88b5,reverse,1,220,13,202313
303,1786990946016571,l_left,4,outgoing,256,02:00:00:00:00:01,02:00:00:00:00:02,0x88b5,reverse,1,221,13,202537
304,1786990946016816,l_left,4,outgoing,256,02:00:00:00:00:01,02:00:00:00:00:02,0x88b5,reverse,1,222,13,202782
305,1786990946017072,l_left,4,outgoing,256,02:00:00:00:00:01,02:00:00:00:00:02,0x88b5,reverse,1,223,13,203038
306,1786990946017540,l_left,3,otherhost,256,02:00:00:00:00:02,02:00:00:00:00:01,0x88b5,forward,1,82,13,203506
307,1786990946017571,l_left,3,otherhost,256,02:00:00:00:00:02,02:00:00:00:00:01,0x88b5,forward,1,83,13,203537
308,1786990946023978,l_left,3,otherhost,256,02:00:00:00:00:02,02:00:00:00:00:01,0x88b5,forward,1,84,14,0
309,1786990946024024,l_left,3,otherhost,256,02:00:00:00:00:02,02:00:00:00:00:01,0x88b5,forward,1,85,14,46
310,1786990946024241,l_left,3,otherhost,256,02:00:00:00:00:02,02:00:00:00:00:01,0x88b5,forward,1,86,14,263
311,1786990946024493,l_left,3,otherhost,256,02:00:00:00:00:02,02:00:00:00:00:01,0x88b5,forward,1,87,14,515
312,1786990946025054,l_left,4,outgoing,256,02:00:00:00:00:01,02:00:00:00:00:02,0x88b5,reverse,1,224,14,1076
313,1786990946025083,l_left,4,outgoing,256,02:00:00:00:00:01,02:00:00:00:00:02,0x88b5,reverse,1,225,14,1105
314,1786990946225010,l_left,4,outgoing,256,02:00:00:00:00:01,02:00:00:00:00:02,0x88b5,reverse,1,226,14,201032
315,1786990946225083,l_left,4,outgoing,256,02:00:00:00:00:01,02:00:00:00:00:02,0x88b5,reverse,1,227,14,201105
316,1786990946225106,l_left,4,outgoing,256,02:00:00:00:00:01,02:00:00:00:00:02,0x88b5,reverse,1,228,14,201128
317,1786990946225125,l_left,4,outgoing,256,02:00:00:00:00:01,02:00:00:00:00:02,0x88b5,reverse,1,229,14,201147
318,1786990946225174,l_left,4,outgoing,256,02:00:00:00:00:01,02:00:00:00:00:02,0x88b5,reverse,1,230,14,201196
319,1786990946225189,l_left,4,outgoing,256,02:00:00:00:00:01,02:00:00:00:00:02,0x88b5,reverse,1,231,14,201211
320,1786990946225280,l_left,4,outgoing,256,02:00:00:00:00:01,02:00:00:00:00:02,0x88b5,reverse,1,232,14,201302
321,1786990946225620,l_left,4,outgoing,256,02:00:00:00:00:01,02:00:00:00:00:02,0x88b5,reverse,1,233,14,201642
322,1786990946225870,l_left,4,outgoing,256,02:00:00:00:00:01,02:00:00:00:00:02,0x88b5,reverse,1,234,14,201892
323,1786990946226130,l_left,4,outgoing,256,02:00:00:00:00:01,02:00:00:00:00:02,0x88b5,reverse,1,235,14,202152
324,1786990946226376,l_left,4,outgoing,256,02:00:00:00:00:01,02:00:00:00:00:02,0x88b5,reverse,1,236,14,202398
325,1786990946226612,l_left,4,outgoing,256,02:00:00:00:00:01,02:00:00:00:00:02,0x88b5,reverse,1,237,14,202634
326,1786990946226840,l_left,4,outgoing,256,02:00:00:00:00:01,02:00:00:00:00:02,0x88b5,reverse,1,238,14,202862
327,1786990946227071,l_left,4,outgoing,256,02:00:00:00:00:01,02:00:00:00:00:02,0x88b5,reverse,1,239,14,203093
328,1786990946227595,l_left,3,otherhost,256,02:00:00:00:00:02,02:00:00:00:00:01,0x88b5,forward,1,88,14,203617
329,1786990946227634,l_left,3,otherhost,256,02:00:00:00:00:02,02:00:00:00:00:01,0x88b5,forward,1,89,14,203656
330,1786990946234298,l_left,3,otherhost,256,02:00:00:00:00:02,02:00:00:00:00:01,0x88b5,forward,1,90,15,0
331,1786990946234335,l_left,3,otherhost,256,02:00:00:00:00:02,02:00:00:00:00:01,0x88b5,forward,1,91,15,37
332,1786990946234364,l_left,3,otherhost,256,02:00:00:00:00:02,02:00:00:00:00:01,0x88b5,forward,1,92,15,66
333,1786990946234472,l_left,3,otherhost,256,02:00:00:00:00:02,02:00:00:00:00:01,0x88b5,forward,1,93,15,174
334,1786990946235130,l_left,4,outgoing,256,02:00:00:00:00:01,02:00:00:00:00:02,0x88b5,reverse,1,240,15,832
335,1786990946235152,l_left,4,outgoing,256,02:00:00:00:00:01,02:00:00:00:00:02,0x88b5,reverse,1,241,15,854
336,1786990946434683,l_left,4,outgoing,256,02:00:00:00:00:01,02:00:00:00:00:02,0x88b5,reverse,1,242,15,200385
337,1786990946434746,l_left,4,outgoing,256,02:00:00:00:00:01,02:00:00:00:00:02,0x88b5,reverse,1,243,15,200448
338,1786990946434775,l_left,4,outgoing,256,02:00:00:00:00:01,02:00:00:00:00:02,0x88b5,reverse,1,244,15,200477
339,1786990946434793,l_left,4,outgoing,256,02:00:00:00:00:01,02:00:00:00:00:02,0x88b5,reverse,1,245,15,200495
340,1786990946435026,l_left,4,outgoing,256,02:00:00:00:00:01,02:00:00:00:00:02,0x88b5,reverse,1,246,15,200728
341,1786990946435062,l_left,4,outgoing,256,02:00:00:00:00:01,02:00:00:00:00:02,0x88b5,reverse,1,247,15,200764
342,1786990946435356,l_left,4,outgoing,256,02:00:00:00:00:01,02:00:00:00:00:02,0x88b5,reverse,1,248,15,201058
343,1786990946435608,l_left,4,outgoing,256,02:00:00:00:00:01,02:00:00:00:00:02,0x88b5,reverse,1,249,15,201310
344,1786990946435812,l_left,4,outgoing,256,02:00:00:00:00:01,02:00:00:00:00:02,0x88b5,reverse,1,250,15,201514
345,1786990946436066,l_left,4,outgoing,256,02:00:00:00:00:01,02:00:00:00:00:02,0x88b5,reverse,1,251,15,201768
346,1786990946436302,l_left,4,outgoing,256,02:00:00:00:00:01,02:00:00:00:00:02,0x88b5,reverse,1,252,15,202004
347,1786990946436556,l_left,4,outgoing,256,02:00:00:00:00:01,02:00:00:00:00:02,0x88b5,reverse,1,253,15,202258
348,1786990946436799,l_left,4,outgoing,256,02:00:00:00:00:01,02:00:00:00:00:02,0x88b5,reverse,1,254,15,202501
349,1786990946437051,l_left,4,outgoing,256,02:00:00:00:00:01,02:00:00:00:00:02,0x88b5,reverse,1,255,15,202753
350,1786990946437428,l_left,3,otherhost,256,02:00:00:00:00:02,02:00:00:00:00:01,0x88b5,forward,1,94,15,203130
351,1786990946437458,l_left,3,otherhost,256,02:00:00:00:00:02,02:00:00:00:00:01,0x88b5,forward,1,95,15,203160
352,1786990946444021,l_left,3,otherhost,256,02:00:00:00:00:02,02:00:00:00:00:01,0x88b5,forward,1,96,16,0
353,1786990946444040,l_left,3,otherhost,256,02:00:00:00:00:02,02:00:00:00:00:01,0x88b5,forward,1,97,16,19
354,1786990946444245,l_left,3,otherhost,256,02:00:00:00:00:02,02:00:00:00:00:01,0x88b5,forward,1,98,16,224
355,1786990946444492,l_left,3,otherhost,256,02:00:00:00:00:02,02:00:00:00:00:01,0x88b5,forward,1,99,16,471
356,1786990946445018,l_left,4,outgoing,256,02:00:00:00:00:01,02:00:00:00:00:02,0x88b5,reverse,1,256,16,997
357,1786990946445041,l_left,4,outgoing,256,02:00:00:00:00:01,02:00:00:00:00:02,0x88b5,reverse,1,257,16,1020
358,1786990946645260,l_left,4,outgoing,256,02:00:00:00:00:01,02:00:00:00:00:02,0x88b5,reverse,1,258,16,201239
359,1786990946645318,l_left,4,outgoing,256,02:00:00:00:00:01,02:00:00:00:00:02,0x88b5,reverse,1,259,16,201297
360,1786990946645338,l_left,4,outgoing,256,02:00:00:00:00:01,02:00:00:00:00:02,0x88b5,reverse,1,260,16,201317
361,1786990946645354,l_left,4,outgoing,256,02:00:00:00:00:01,02:00:00:00:00:02,0x88b5,reverse,1,261,16,201333
362,1786990946645369,l_left,4,outgoing,256,02:00:00:00:00:01,02:00:00:00:00:02,0x88b5,reverse,1,262,16,201348
363,1786990946645383,l_left,4,outgoing,256,02:00:00:00:00:01,02:00:00:00:00:02,0x88b5,reverse,1,263,16,201362
364,1786990946645398,l_left,4,outgoing,256,02:00:00:00:00:01,02:00:00:00:00:02,0x88b5,reverse,1,264,16,201377
365,1786990946645505,l_left,4,outgoing,256,02:00:00:00:00:01,02:00:00:00:00:02,0x88b5,reverse,1,265,16,201484
366,1786990946645867,l_left,4,outgoing,256,02:00:00:00:00:01,02:00:00:00:00:02,0x88b5,reverse,1,266,16,201846
367,1786990946646073,l_left,4,outgoing,256,02:00:00:00:00:01,02:00:00:00:00:02,0x88b5,reverse,1,267,16,202052
368,1786990946646343,l_left,4,outgoing,256,02:00:00:00:00:01,02:00:00:00:00:02,0x88b5,reverse,1,268,16,202322
369,1786990946646557,l_left,4,outgoing,256,02:00:00:00:00:01,02:00:00:00:00:02,0x88b5,reverse,1,269,16,202536
370,1786990946646804,l_left,4,outgoing,256,02:00:00:00:00:01,02:00:00:00:00:02,0x88b5,reverse,1,270,16,202783
371,1786990946647050,l_left,4,outgoing,256,02:00:00:00:00:01,02:00:00:00:00:02,0x88b5,reverse,1,271,16,203029
372,1786990946647545,l_left,3,otherhost,256,02:00:00:00:00:02,02:00:00:00:00:01,0x88b5,forward,1,100,16,203524
373,1786990946647569,l_left,3,otherhost,256,02:00:00:00:00:02,02:00:00:00:00:01,0x88b5,forward,1,101,16,203548
374,1786990946653999,l_left,3,otherhost,256,02:00:00:00:00:02,02:00:00:00:00:01,0x88b5,forward,1,102,17,0
375,1786990946654019,l_left,3,otherhost,256,02:00:00:00:00:02,02:00:00:00:00:01,0x88b5,forward,1,103,17,20
376,1786990946654238,l_left,3,otherhost,256,02:00:00:00:00:02,02:00:00:00:00:01,0x88b5,forward,1,104,17,239
377,1786990946654487,l_left,3,otherhost,256,02:00:00:00:00:02,02:00:00:00:00:01,0x88b5,forward,1,105,17,488
378,1786990946655077,l_left,4,outgoing,256,02:00:00:00:00:01,02:00:00:00:00:02,0x88b5,reverse,1,272,17,1078
379,1786990946655102,l_left,4,outgoing,256,02:00:00:00:00:01,02:00:00:00:00:02,0x88b5,reverse,1,273,17,1103
380,1786990946854876,l_left,4,outgoing,256,02:00:00:00:00:01,02:00:00:00:00:02,0x88b5,reverse,1,274,17,200877
381,1786990946854947,l_left,4,outgoing,256,02:00:00:00:00:01,02:00:00:00:00:02,0x88b5,reverse,1,275,17,200948
382,1786990946854971,l_left,4,outgoing,256,02:00:00:00:00:01,02:00:00:00:00:02,0x88b5,reverse,1,276,17,200972
383,1786990946854988,l_left,4,outgoing,256,02:00:00:00:00:01,02:00:00:00:00:02,0x88b5,reverse,1,277,17,200989
384,1786990946855004,l_left,4,outgoing,256,02:00:00:00:00:01,02:00:00:00:00:02,0x88b5,reverse,1,278,17,201005
385,1786990946855019,l_left,4,outgoing,256,02:00:00:00:00:01,02:00:00:00:00:02,0x88b5,reverse,1,279,17,201020
386,1786990946855367,l_left,4,outgoing,256,02:00:00:00:00:01,02:00:00:00:00:02,0x88b5,reverse,1,280,17,201368
387,1786990946855620,l_left,4,outgoing,256,02:00:00:00:00:01,02:00:00:00:00:02,0x88b5,reverse,1,281,17,201621
388,1786990946855876,l_left,4,outgoing,256,02:00:00:00:00:01,02:00:00:00:00:02,0x88b5,reverse,1,282,17,201877
389,1786990946856135,l_left,4,outgoing,256,02:00:00:00:00:01,02:00:00:00:00:02,0x88b5,reverse,1,283,17,202136
390,1786990946856375,l_left,4,outgoing,256,02:00:00:00:00:01,02:00:00:00:00:02,0x88b5,reverse,1,284,17,202376
391,1786990946856628,l_left,4,outgoing,256,02:00:00:00:00:01,02:00:00:00:00:02,0x88b5,reverse,1,285,17,202629
392,1786990946856876,l_left,4,outgoing,256,02:00:00:00:00:01,02:00:00:00:00:02,0x88b5,reverse,1,286,17,202877
393,1786990946857114,l_left,4,outgoing,256,02:00:00:00:00:01,02:00:00:00:00:02,0x88b5,reverse,1,287,17,203115
394,1786990946857478,l_left,3,otherhost,256,02:00:00:00:00:02,02:00:00:00:00:01,0x88b5,forward,1,106,17,203479
395,1786990946857510,l_left,3,otherhost,256,02:00:00:00:00:02,02:00:00:00:00:01,0x88b5,forward,1,107,17,203511
396,1786990946864056,l_left,3,otherhost,256,02:00:00:00:00:02,02:00:00:00:00:01,0x88b5,forward,1,108,18,0
397,1786990946864092,l_left,3,otherhost,256,02:00:00:00:00:02,02:00:00:00:00:01,0x88b5,forward,1,109,18,36
398,1786990946864308,l_left,3,otherhost,256,02:00:00:00:00:02,02:00:00:00:00:01,0x88b5,forward,1,110,18,252
399,1786990946864488,l_left,3,otherhost,256,02:00:00:00:00:02,02:00:00:00:00:01,0x88b5,forward,1,111,18,432
400,1786990946865044,l_left,4,outgoing,256,02:00:00:00:00:01,02:00:00:00:00:02,0x88b5,reverse,1,288,18,988
401,1786990946865065,l_left,4,outgoing,256,02:00:00:00:00:01,02:00:00:00:00:02,0x88b5,reverse,1,289,18,1009
402,1786990947064949,l_left,4,outgoing,256,02:00:00:00:00:01,02:00:00:00:00:02,0x88b5,reverse,1,290,18,200893
403,1786990947065013,l_left,4,outgoing,256,02:00:00:00:00:01,02:00:00:00:00:02,0x88b5,reverse,1,291,18,200957
404,1786990947065036,l_left,4,outgoing,256,02:00:00:00:00:01,02:00:00:00:00:02,0x88b5,reverse,1,292,18,200980
405,1786990947065054,l_left,4,outgoing,256,02:00:00:00:00:01,02:00:00:00:00:02,0x88b5,reverse,1,293,18,200998
406,1786990947065077,l_left,4,outgoing,256,02:00:00:00:00:01,02:00:00:00:00:02,0x88b5,reverse,1,294,18,201021
407,1786990947065092,l_left,4,outgoing,256,02:00:00:00:00:01,02:00:00:00:00:02,0x88b5,reverse,1,295,18,201036
408,1786990947065285,l_left,4,outgoing,256,02:00:00:00:00:01,02:00:00:00:00:02,0x88b5,reverse,1,296,18,201229
409,1786990947065623,l_left,4,outgoing,256,02:00:00:00:00:01,02:00:00:00:00:02,0x88b5,reverse,1,297,18,201567
410,1786990947065883,l_left,4,outgoing,256,02:00:00:00:00:01,02:00:00:00:00:02,0x88b5,reverse,1,298,18,201827
411,1786990947066119,l_left,4,outgoing,256,02:00:00:00:00:01,02:00:00:00:00:02,0x88b5,reverse,1,299,18,202063
412,1786990947066376,l_left,4,outgoing,256,02:00:00:00:00:01,02:00:00:00:00:02,0x88b5,reverse,1,300,18,202320
413,1786990947066625,l_left,4,outgoing,256,02:00:00:00:00:01,02:00:00:00:00:02,0x88b5,reverse,1,301,18,202569
414,1786990947066865,l_left,4,outgoing,256,02:00:00:00:00:01,02:00:00:00:00:02,0x88b5,reverse,1,302,18,202809
415,1786990947067041,l_left,4,outgoing,256,02:00:00:00:00:01,02:00:00:00:00:02,0x88b5,reverse,1,303,18,202985
416,1786990947067505,l_left,3,otherhost,256,02:00:00:00:00:02,02:00:00:00:00:01,0x88b5,forward,1,112,18,203449
417,1786990947067543,l_left,3,otherhost,256,02:00:00:00:00:02,02:00:00:00:00:01,0x88b5,forward,1,113,18,203487
418,1786990947073993,l_left,3,otherhost,256,02:00:00:00:00:02,02:00:00:00:00:01,0x88b5,forward,1,114,19,0
419,1786990947074038,l_left,3,otherhost,256,02:00:00:00:00:02,02:00:00:00:00:01,0x88b5,forward,1,115,19,45
420,1786990947074267,l_left,3,otherhost,256,02:00:00:00:00:02,02:00:00:00:00:01,0x88b5,forward,1,116,19,274
421,1786990947074516,l_left,3,otherhost,256,02:00:00:00:00:02,02:00:00:00:00:01,0x88b5,forward,1,117,19,523
422,1786990947075090,l_left,4,outgoing,256,02:00:00:00:00:01,02:00:00:00:00:02,0x88b5,reverse,1,304,19,1097
423,1786990947075132,l_left,4,outgoing,256,02:00:00:00:00:01,02:00:00:00:00:02,0x88b5,reverse,1,305,19,1139
424,1786990947275114,l_left,4,outgoing,256,02:00:00:00:00:01,02:00:00:00:00:02,0x88b5,reverse,1,306,19,201121
425,1786990947275180,l_left,4,outgoing,256,02:00:00:00:00:01,02:00:00:00:00:02,0x88b5,reverse,1,307,19,201187
426,1786990947275202,l_left,4,outgoing,256,02:00:00:00:00:01,02:00:00:00:00:02,0x88b5,reverse,1,308,19,201209
427,1786990947275219,l_left,4,outgoing,256,02:00:00:00:00:01,02:00:00:00:00:02,0x88b5,reverse,1,309,19,201226
428,1786990947275236,l_left,4,outgoing,256,02:00:00:00:00:01,02:00:00:00:00:02,0x88b5,reverse,1,310,19,201243
429,1786990947275253,l_left,4,outgoing,256,02:00:00:00:00:01,02:00:00:00:00:02,0x88b5,reverse,1,311,19,201260
430,1786990947275268,l_left,4,outgoing,256,02:00:00:00:00:01,02:00:00:00:00:02,0x88b5,reverse,1,312,19,201275
431,1786990947275600,l_left,4,outgoing,256,02:00:00:00:00:01,02:00:00:00:00:02,0x88b5,reverse,1,313,19,201607
432,1786990947275845,l_left,4,outgoing,256,02:00:00:00:00:01,02:00:00:00:00:02,0x88b5,reverse,1,314,19,201852
433,1786990947276086,l_left,4,outgoing,256,02:00:00:00:00:01,02:00:00:00:00:02,0x88b5,reverse,1,315,19,202093
434,1786990947276336,l_left,4,outgoing,256,02:00:00:00:00:01,02:00:00:00:00:02,0x88b5,reverse,1,316,19,202343
435,1786990947276594,l_left,4,outgoing,256,02:00:00:00:00:01,02:00:00:00:00:02,0x88b5,reverse,1,317,19,202601
436,1786990947276836,l_left,4,outgoing,256,02:00:00:00:00:01,02:00:00:00:00:02,0x88b5,reverse,1,318,19,202843
437,1786990947277043,l_left,4,outgoing,256,02:00:00:00:00:01,02:00:00:00:00:02,0x88b5,reverse,1,319,19,203050
438,1786990947277422,l_left,3,otherhost,256,02:00:00:00:00:02,02:00:00:00:00:01,0x88b5,forward,1,118,19,203429
439,1786990947277447,l_left,3,otherhost,256,02:00:00:00:00:02,02:00:00:00:00:01,0x88b5,forward,1,119,19,203454
440,1786990947284064,l_left,3,otherhost,256,02:00:00:00:00:02,02:00:00:00:00:01,0x88b5,forward,1,120,20,0
441,1786990947284113,l_left,3,otherhost,256,02:00:00:00:00:02,02:00:00:00:00:01,0x88b5,forward,1,121,20,49
442,1786990947284356,l_left,3,otherhost,256,02:00:00:00:00:02,02:00:00:00:00:01,0x88b5,forward,1,122,20,292
443,1786990947284517,l_left,3,otherhost,256,02:00:00:00:00:02,02:00:00:00:00:01,0x88b5,forward,1,123,20,453
444,1786990947285024,l_left,4,outgoing,256,02:00:00:00:00:01,02:00:00:00:00:02,0x88b5,reverse,1,320,20,960
445,1786990947285047,l_left,4,outgoing,256,02:00:00:00:00:01,02:00:00:00:00:02,0x88b5,reverse,1,321,20,983
446,1786990947484887,l_left,4,outgoing,256,02:00:00:00:00:01,02:00:00:00:00:02,0x88b5,reverse,1,322,20,200823
447,1786990947484952,l_left,4,outgoing,256,02:00:00:00:00:01,02:00:00:00:00:02,0x88b5,reverse,1,323,20,200888
448,1786990947484975,l_left,4,outgoing,256,02:00:00:00:00:01,02:00:00:00:00:02,0x88b5,reverse,1,324,20,200911
449,1786990947484992,l_left,4,outgoing,256,02:00:00:00:00:01,02:00:00:00:00:02,0x88b5,reverse,1,325,20,200928
450,1786990947485015,l_left,4,outgoing,256,02:00:00:00:00:01,02:00:00:00:00:02,0x88b5,reverse,1,326,20,200951
451,1786990947485031,l_left,4,outgoing,256,02:00:00:00:00:01,02:00:00:00:00:02,0x88b5,reverse,1,327,20,200967
452,1786990947485345,l_left,4,outgoing,256,02:00:00:00:00:01,02:00:00:00:00:02,0x88b5,reverse,1,328,20,201281
453,1786990947485593,l_left,4,outgoing,256,02:00:00:00:00:01,02:00:00:00:00:02,0x88b5,reverse,1,329,20,201529
454,1786990947485841,l_left,4,outgoing,256,02:00:00:00:00:01,02:00:00:00:00:02,0x88b5,reverse,1,330,20,201777
455,1786990947486085,l_left,4,outgoing,256,02:00:00:00:00:01,02:00:00:00:00:02,0x88b5,reverse,1,331,20,202021
456,1786990947486335,l_left,4,outgoing,256,02:00:00:00:00:01,02:00:00:00:00:02,0x88b5,reverse,1,332,20,202271
457,1786990947486651,l_left,4,outgoing,256,02:00:00:00:00:01,02:00:00:00:00:02,0x88b5,reverse,1,333,20,202587
458,1786990947486846,l_left,4,outgoing,256,02:00:00:00:00:01,02:00:00:00:00:02,0x88b5,reverse,1,334,20,202782
459,1786990947487085,l_left,4,outgoing,256,02:00:00:00:00:01,02:00:00:00:00:02,0x88b5,reverse,1,335,20,203021
460,1786990947487695,l_left,3,otherhost,256,02:00:00:00:00:02,02:00:00:00:00:01,0x88b5,forward,1,124,20,203631
461,1786990947487733,l_left,3,otherhost,256,02:00:00:00:00:02,02:00:00:00:00:01,0x88b5,forward,1,125,20,203669
462,1786990947493938,l_left,3,otherhost,256,02:00:00:00:00:02,02:00:00:00:00:01,0x88b5,forward,1,126,21,0
463,1786990947493982,l_left,3,otherhost,256,02:00:00:00:00:02,02:00:00:00:00:01,0x88b5,forward,1,127,21,44
464,1786990947494250,l_left,3,otherhost,256,02:00:00:00:00:02,02:00:00:00:00:01,0x88b5,forward,1,128,21,312
465,1786990947494497,l_left,3,otherhost,256,02:00:00:00:00:02,02:00:00:00:00:01,0x88b5,forward,1,129,21,559
466,1786990947495007,l_left,4,outgoing,256,02:00:00:00:00:01,02:00:00:00:00:02,0x88b5,reverse,1,336,21,1069
467,1786990947495044,l_left,4,outgoing,256,02:00:00:00:00:01,02:00:00:00:00:02,0x88b5,reverse,1,337,21,1106
468,1786990947695399,l_left,4,outgoing,256,02:00:00:00:00:01,02:00:00:00:00:02,0x88b5,reverse,1,338,21,201461
469,1786990947695464,l_left,4,outgoing,256,02:00:00:00:00:01,02:00:00:00:00:02,0x88b5,reverse,1,339,21,201526
470,1786990947695487,l_left,4,outgoing,256,02:00:00:00:00:01,02:00:00:00:00:02,0x88b5,reverse,1,340,21,201549
471,1786990947695505,l_left,4,outgoing,256,02:00:00:00:00:01,02:00:00:00:00:02,0x88b5,reverse,1,341,21,201567
472,1786990947695522,l_left,4,outgoing,256,02:00:00:00:00:01,02:00:00:00:00:02,0x88b5,reverse,1,342,21,201584
473,1786990947695537,l_left,4,outgoing,256,02:00:00:00:00:01,02:00:00:00:00:02,0x88b5,reverse,1,343,21,201599
474,1786990947695551,l_left,4,outgoing,256,02:00:00:00:00:01,02:00:00:00:00:02,0x88b5,reverse,1,344,21,201613
475,1786990947695585,l_left,4,outgoing,256,02:00:00:00:00:01,02:00:00:00:00:02,0x88b5,reverse,1,345,21,201647
476,1786990947695872,l_left,4,outgoing,256,02:00:00:00:00:01,02:00:00:00:00:02,0x88b5,reverse,1,346,21,201934
477,1786990947696138,l_left,4,outgoing,256,02:00:00:00:00:01,02:00:00:00:00:02,0x88b5,reverse,1,347,21,202200
478,1786990947696388,l_left,4,outgoing,256,02:00:00:00:00:01,02:00:00:00:00:02,0x88b5,reverse,1,348,21,202450
479,1786990947696625,l_left,4,outgoing,256,02:00:00:00:00:01,02:00:00:00:00:02,0x88b5,reverse,1,349,21,202687
480,1786990947696871,l_left,4,outgoing,256,02:00:00:00:00:01,02:00:00:00:00:02,0x88b5,reverse,1,350,21,202933
481,1786990947697132,l_left,4,outgoing,256,02:00:00:00:00:01,02:00:00:00:00:02,0x88b5,reverse,1,351,21,203194
482,1786990947697598,l_left,3,otherhost,256,02:00:00:00:00:02,02:00:00:00:00:01,0x88b5,forward,1,130,21,203660
483,1786990947697636,l_left,3,otherhost,256,02:00:00:00:00:02,02:00:00:00:00:01,0x88b5,forward,1,131,21,203698
484,1786990947704073,l_left,3,otherhost,256,02:00:00:00:00:02,02:00:00:00:00:01,0x88b5,forward,1,132,22,0
485,1786990947704118,l_left,3,otherhost,256,02:00:00:00:00:02,02:00:00:00:00:01,0x88b5,forward,1,133,22,45
486,1786990947704299,l_left,3,otherhost,256,02:00:00:00:00:02,02:00:00:00:00:01,0x88b5,forward,1,134,22,226
487,1786990947704519,l_left,3,otherhost,256,02:00:00:00:00:02,02:00:00:00:00:01,0x88b5,forward,1,135,22,446
488,1786990947705130,l_left,4,outgoing,256,02:00:00:00:00:01,02:00:00:00:00:02,0x88b5,reverse,1,352,22,1057
489,1786990947705170,l_left,4,outgoing,256,02:00:00:00:00:01,02:00:00:00:00:02,0x88b5,reverse,1,353,22,1097
490,1786990947904815,l_left,4,outgoing,256,02:00:00:00:00:01,02:00:00:00:00:02,0x88b5,reverse,1,354,22,200742
491,1786990947904880,l_left,4,outgoing,256,02:00:00:00:00:01,02:00:00:00:00:02,0x88b5,reverse,1,355,22,200807
492,1786990947904903,l_left,4,outgoing,256,02:00:00:00:00:01,02:00:00:00:00:02,0x88b5,reverse,1,356,22,200830
493,1786990947904921,l_left,4,outgoing,256,02:00:00:00:00:01,02:00:00:00:00:02,0x88b5,reverse,1,357,22,200848
494,1786990947904938,l_left,4,outgoing,256,02:00:00:00:00:01,02:00:00:00:00:02,0x88b5,reverse,1,358,22,200865
495,1786990947905017,l_left,4,outgoing,256,02:00:00:00:00:01,02:00:00:00:00:02,0x88b5,reverse,1,359,22,200944
496,1786990947905336,l_left,4,outgoing,256,02:00:00:00:00:01,02:00:00:00:00:02,0x88b5,reverse,1,360,22,201263
497,1786990947905585,l_left,4,outgoing,256,02:00:00:00:00:01,02:00:00:00:00:02,0x88b5,reverse,1,361,22,201512
498,1786990947905835,l_left,4,outgoing,256,02:00:00:00:00:01,02:00:00:00:00:02,0x88b5,reverse,1,362,22,201762
499,1786990947906087,l_left,4,outgoing,256,02:00:00:00:00:01,02:00:00:00:00:02,0x88b5,reverse,1,363,22,202014
500,1786990947906333,l_left,4,outgoing,256,02:00:00:00:00:01,02:00:00:00:00:02,0x88b5,reverse,1,364,22,202260
501,1786990947906584,l_left,4,outgoing,256,02:00:00:00:00:01,02:00:00:00:00:02,0x88b5,reverse,1,365,22,202511
502,1786990947906806,l_left,4,outgoing,256,02:00:00:00:00:01,02:00:00:00:00:02,0x88b5,reverse,1,366,22,202733
503,1786990947907057,l_left,4,outgoing,256,02:00:00:00:00:01,02:00:00:00:00:02,0x88b5,reverse,1,367,22,202984
504,1786990947907391,l_left,3,otherhost,256,02:00:00:00:00:02,02:00:00:00:00:01,0x88b5,forward,1,136,22,203318
505,1786990947907474,l_left,3,otherhost,256,02:00:00:00:00:02,02:00:00:00:00:01,0x88b5,forward,1,137,22,203401
506,1786990947913977,l_left,3,otherhost,256,02:00:00:00:00:02,02:00:00:00:00:01,0x88b5,forward,1,138,23,0
507,1786990947914015,l_left,3,otherhost,256,02:00:00:00:00:02,02:00:00:00:00:01,0x88b5,forward,1,139,23,38
508,1786990947914224,l_left,3,otherhost,256,02:00:00:00:00:02,02:00:00:00:00:01,0x88b5,forward,1,140,23,247
509,1786990947914472,l_left,3,otherhost,256,02:00:00:00:00:02,02:00:00:00:00:01,0x88b5,forward,1,141,23,495
510,1786990947914935,l_left,4,outgoing,256,02:00:00:00:00:01,02:00:00:00:00:02,0x88b5,reverse,1,368,23,958
511,1786990947914953,l_left,4,outgoing,256,02:00:00:00:00:01,02:00:00:00:00:02,0x88b5,reverse,1,369,23,976
512,1786990948114690,l_left,4,outgoing,256,02:00:00:00:00:01,02:00:00:00:00:02,0x88b5,reverse,1,370,23,200713
513,1786990948114753,l_left,4,outgoing,256,02:00:00:00:00:01,02:00:00:00:00:02,0x88b5,reverse,1,371,23,200776
514,1786990948114775,l_left,4,outgoing,256,02:00:00:00:00:01,02:00:00:00:00:02,0x88b5,reverse,1,372,23,200798
515,1786990948114792,l_left,4,outgoing,256,02:00:00:00:00:01,02:00:00:00:00:02,0x88b5,reverse,1,373,23,200815
516,1786990948114809,l_left,4,outgoing,256,02:00:00:00:00:01,02:00:00:00:00:02,0x88b5,reverse,1,374,23,200832
517,1786990948115082,l_left,4,outgoing,256,02:00:00:00:00:01,02:00:00:00:00:02,0x88b5,reverse,1,375,23,201105
518,1786990948115324,l_left,4,outgoing,256,02:00:00:00:00:01,02:00:00:00:00:02,0x88b5,reverse,1,376,23,201347
519,1786990948115574,l_left,4,outgoing,256,02:00:00:00:00:01,02:00:00:00:00:02,0x88b5,reverse,1,377,23,201597
520,1786990948115847,l_left,4,outgoing,256,02:00:00:00:00:01,02:00:00:00:00:02,0x88b5,reverse,1,378,23,201870
521,1786990948116094,l_left,4,outgoing,256,02:00:00:00:00:01,02:00:00:00:00:02,0x88b5,reverse,1,379,23,202117
522,1786990948116335,l_left,4,outgoing,256,02:00:00:00:00:01,02:00:00:00:00:02,0x88b5,reverse,1,380,23,202358
523,1786990948116586,l_left,4,outgoing,256,02:00:00:00:00:01,02:00:00:00:00:02,0x88b5,reverse,1,381,23,202609
524,1786990948116833,l_left,4,outgoing,256,02:00:00:00:00:01,02:00:00:00:00:02,0x88b5,reverse,1,382,23,202856
525,1786990948117078,l_left,4,outgoing,256,02:00:00:00:00:01,02:00:00:00:00:02,0x88b5,reverse,1,383,23,203101
526,1786990948117548,l_left,3,otherhost,256,02:00:00:00:00:02,02:00:00:00:00:01,0x88b5,forward,1,142,23,203571
527,1786990948117582,l_left,3,otherhost,256,02:00:00:00:00:02,02:00:00:00:00:01,0x88b5,forward,1,143,23,203605
528,1786990948123985,l_left,3,otherhost,256,02:00:00:00:00:02,02:00:00:00:00:01,0x88b5,forward,1,144,24,0
529,1786990948124007,l_left,3,otherhost,256,02:00:00:00:00:02,02:00:00:00:00:01,0x88b5,forward,1,145,24,22
530,1786990948124230,l_left,3,otherhost,256,02:00:00:00:00:02,02:00:00:00:00:01,0x88b5,forward,1,146,24,245
531,1786990948124475,l_left,3,otherhost,256,02:00:00:00:00:02,02:00:00:00:00:01,0x88b5,forward,1,147,24,490
532,1786990948124996,l_left,4,outgoing,256,02:00:00:00:00:01,02:00:00:00:00:02,0x88b5,reverse,1,384,24,1011
533,1786990948125022,l_left,4,outgoing,256,02:00:00:00:00:01,02:00:00:00:00:02,0x88b5,reverse,1,385,24,1037
534,1786990948324845,l_left,4,outgoing,256,02:00:00:00:00:01,02:00:00:00:00:02,0x88b5,reverse,1,386,24,200860
535,1786990948324910,l_left,4,outgoing,256,02:00:00:00:00:01,02:00:00:00:00:02,0x88b5,reverse,1,387,24,200925
536,1786990948324933,l_left,4,outgoing,256,02:00:00:00:00:01,02:00:00:00:00:02,0x88b5,reverse,1,388,24,200948
537,1786990948324952,l_left,4,outgoing,256,02:00:00:00:00:01,02:00:00:00:00:02,0x88b5,reverse,1,389,24,200967
538,1786990948324999,l_left,4,outgoing,256,02:00:00:00:00:01,02:00:00:00:00:02,0x88b5,reverse,1,390,24,201014
539,1786990948325017,l_left,4,outgoing,256,02:00:00:00:00:01,02:00:00:00:00:02,0x88b5,reverse,1,391,24,201032
540,1786990948325344,l_left,4,outgoing,256,02:00:00:00:00:01,02:00:00:00:00:02,0x88b5,reverse,1,392,24,201359
541,1786990948325593,l_left,4,outgoing,256,02:00:00:00:00:01,02:00:00:00:00:02,0x88b5,reverse,1,393,24,201608
542,1786990948325841,l_left,4,outgoing,256,02:00:00:00:00:01,02:00:00:00:00:02,0x88b5,reverse,1,394,24,201856
543,1786990948326088,l_left,4,outgoing,256,02:00:00:00:00:01,02:00:00:00:00:02,0x88b5,reverse,1,395,24,202103
544,1786990948326341,l_left,4,outgoing,256,02:00:00:00:00:01,02:00:00:00:00:02,0x88b5,reverse,1,396,24,202356
545,1786990948326587,l_left,4,outgoing,256,02:00:00:00:00:01,02:00:00:00:00:02,0x88b5,reverse,1,397,24,202602
546,1786990948326833,l_left,4,outgoing,256,02:00:00:00:00:01,02:00:00:00:00:02,0x88b5,reverse,1,398,24,202848
547,1786990948327055,l_left,4,outgoing,256,02:00:00:00:00:01,02:00:00:00:00:02,0x88b5,reverse,1,399,24,203070
548,1786990948327406,l_left,3,otherhost,256,02:00:00:00:00:02,02:00:00:00:00:01,0x88b5,forward,1,148,24,203421
549,1786990948327426,l_left,3,otherhost,256,02:00:00:00:00:02,02:00:00:00:00:01,0x88b5,forward,1,149,24,203441
550,1786990948333963,l_left,3,otherhost,256,02:00:00:00:00:02,02:00:00:00:00:01,0x88b5,forward,1,150,25,0
551,1786990948334002,l_left,3,otherhost,256,02:00:00:00:00:02,02:00:00:00:00:01,0x88b5,forward,1,151,25,39
552,1786990948334220,l_left,3,otherhost,256,02:00:00:00:00:02,02:00:00:00:00:01,0x88b5,forward,1,152,25,257
553,1786990948334469,l_left,3,otherhost,256,02:00:00:00:00:02,02:00:00:00:00:01,0x88b5,forward,1,153,25,506
554,1786990948334923,l_left,4,outgoing,256,02:00:00:00:00:01,02:00:00:00:00:02,0x88b5,reverse,1,400,25,960
555,1786990948335002,l_left,4,outgoing,256,02:00:00:00:00:01,02:00:00:00:00:02,0x88b5,reverse,1,401,25,1039
556,1786990948535206,l_left,4,outgoing,256,02:00:00:00:00:01,02:00:00:00:00:02,0x88b5,reverse,1,402,25,201243
557,1786990948535270,l_left,4,outgoing,256,02:00:00:00:00:01,02:00:00:00:00:02,0x88b5,reverse,1,403,25,201307
558,1786990948535293,l_left,4,outgoing,256,02:00:00:00:00:01,02:00:00:00:00:02,0x88b5,reverse,1,404,25,201330
559,1786990948535310,l_left,4,outgoing,256,02:00:00:00:00:01,02:00:00:00:00:02,0x88b5,reverse,1,405,25,201347
560,1786990948535326,l_left,4,outgoing,256,02:00:00:00:00:01,02:00:00:00:00:02,0x88b5,reverse,1,406,25,201363
561,1786990948535341,l_left,4,outgoing,256,02:00:00:00:00:01,02:00:00:00:00:02,0x88b5,reverse,1,407,25,201378
562,1786990948535356,l_left,4,outgoing,256,02:00:00:00:00:01,02:00:00:00:00:02,0x88b5,reverse,1,408,25,201393
563,1786990948535606,l_left,4,outgoing,256,02:00:00:00:00:01,02:00:00:00:00:02,0x88b5,reverse,1,409,25,201643
564,1786990948535873,l_left,4,outgoing,256,02:00:00:00:00:01,02:00:00:00:00:02,0x88b5,reverse,1,410,25,201910
565,1786990948536134,l_left,4,outgoing,256,02:00:00:00:00:01,02:00:00:00:00:02,0x88b5,reverse,1,411,25,202171
566,1786990948536372,l_left,4,outgoing,256,02:00:00:00:00:01,02:00:00:00:00:02,0x88b5,reverse,1,412,25,202409
567,1786990948536641,l_left,4,outgoing,256,02:00:00:00:00:01,02:00:00:00:00:02,0x88b5,reverse,1,413,25,202678
568,1786990948536800,l_left,4,outgoing,256,02:00:00:00:00:01,02:00:00:00:00:02,0x88b5,reverse,1,414,25,202837
569,1786990948537082,l_left,4,outgoing,256,02:00:00:00:00:01,02:00:00:00:00:02,0x88b5,reverse,1,415,25,203119
570,1786990948537713,l_left,3,otherhost,256,02:00:00:00:00:02,02:00:00:00:00:01,0x88b5,forward,1,154,25,203750
571,1786990948537750,l_left,3,otherhost,256,02:00:00:00:00:02,02:00:00:00:00:01,0x88b5,forward,1,155,25,203787
572,1786990948544175,l_left,3,otherhost,256,02:00:00:00:00:02,02:00:00:00:00:01,0x88b5,forward,1,156,26,0
573,1786990948544212,l_left,3,otherhost,256,02:00:00:00:00:02,02:00:00:00:00:01,0x88b5,forward,1,157,26,37
574,1786990948544234,l_left,3,otherhost,256,02:00:00:00:00:02,02:00:00:00:00:01,0x88b5,forward,1,158,26,59
575,1786990948544492,l_left,3,otherhost,256,02:00:00:00:00:02,02:00:00:00:00:01,0x88b5,forward,1,159,26,317
576,1786990948544992,l_left,4,outgoing,256,02:00:00:00:00:01,02:00:00:00:00:02,0x88b5,reverse,1,416,26,817
577,1786990948545029,l_left,4,outgoing,256,02:00:00:00:00:01,02:00:00:00:00:02,0x88b5,reverse,1,417,26,854
578,1786990948744809,l_left,4,outgoing,256,02:00:00:00:00:01,02:00:00:00:00:02,0x88b5,reverse,1,418,26,200634
579,1786990948744874,l_left,4,outgoing,256,02:00:00:00:00:01,02:00:00:00:00:02,0x88b5,reverse,1,419,26,200699
580,1786990948744911,l_left,4,outgoing,256,02:00:00:00:00:01,02:00:00:00:00:02,0x88b5,reverse,1,420,26,200736
581,1786990948744935,l_left,4,outgoing,256,02:00:00:00:00:01,02:00:00:00:00:02,0x88b5,reverse,1,421,26,200760
582,1786990948744961,l_left,4,outgoing,256,02:00:00:00:00:01,02:00:00:00:00:02,0x88b5,reverse,1,422,26,200786
583,1786990948745178,l_left,4,outgoing,256,02:00:00:00:00:01,02:00:00:00:00:02,0x88b5,reverse,1,423,26,201003
584,1786990948745245,l_left,4,outgoing,256,02:00:00:00:00:01,02:00:00:00:00:02,0x88b5,reverse,1,424,26,201070
585,1786990948745616,l_left,4,outgoing,256,02:00:00:00:00:01,02:00:00:00:00:02,0x88b5,reverse,1,425,26,201441
586,1786990948745881,l_left,4,outgoing,256,02:00:00:00:00:01,02:00:00:00:00:02,0x88b5,reverse,1,426,26,201706
587,1786990948746120,l_left,4,outgoing,256,02:00:00:00:00:01,02:00:00:00:00:02,0x88b5,reverse,1,427,26,201945
588,1786990948746373,l_left,4,outgoing,256,02:00:00:00:00:01,02:00:00:00:00:02,0x88b5,reverse,1,428,26,202198
589,1786990948746568,l_left,4,outgoing,256,02:00:00:00:00:01,02:00:00:00:00:02,0x88b5,reverse,1,429,26,202393
590,1786990948746782,l_left,4,outgoing,256,02:00:00:00:00:01,02:00:00:00:00:02,0x88b5,reverse,1,430,26,202607
591,1786990948747001,l_left,4,outgoing,256,02:00:00:00:00:01,02:00:00:00:00:02,0x88b5,reverse,1,431,26,202826
592,1786990948747405,l_left,3,otherhost,256,02:00:00:00:00:02,02:00:00:00:00:01,0x88b5,forward,1,160,26,203230
593,1786990948747424,l_left,3,otherhost,256,02:00:00:00:00:02,02:00:00:00:00:01,0x88b5,forward,1,161,26,203249
594,1786990948754332,l_left,3,otherhost,256,02:00:00:00:00:02,02:00:00:00:00:01,0x88b5,forward,1,162,27,0
595,1786990948754375,l_left,3,otherhost,256,02:00:00:00:00:02,02:00:00:00:00:01,0x88b5,forward,1,163,27,43
596,1786990948754397,l_left,3,otherhost,256,02:00:00:00:00:02,02:00:00:00:00:01,0x88b5,forward,1,164,27,65
597,1786990948754468,l_left,3,otherhost,256,02:00:00:00:00:02,02:00:00:00:00:01,0x88b5,forward,1,165,27,136
598,1786990948754829,l_left,4,outgoing,256,02:00:00:00:00:01,02:00:00:00:00:02,0x88b5,reverse,1,432,27,497
599,1786990948755007,l_left,4,outgoing,256,02:00:00:00:00:01,02:00:00:00:00:02,0x88b5,reverse,1,433,27,675
600,1786990948954846,l_left,4,outgoing,256,02:00:00:00:00:01,02:00:00:00:00:02,0x88b5,reverse,1,434,27,200514
601,1786990948954911,l_left,4,outgoing,256,02:00:00:00:00:01,02:00:00:00:00:02,0x88b5,reverse,1,435,27,200579
602,1786990948954933,l_left,4,outgoing,256,02:00:00:00:00:01,02:00:00:00:00:02,0x88b5,reverse,1,436,27,200601
603,1786990948954951,l_left,4,outgoing,256,02:00:00:00:00:01,02:00:00:00:00:02,0x88b5,reverse,1,437,27,200619
604,1786990948954974,l_left,4,outgoing,256,02:00:00:00:00:01,02:00:00:00:00:02,0x88b5,reverse,1,438,27,200642
605,1786990948955015,l_left,4,outgoing,256,02:00:00:00:00:01,02:00:00:00:00:02,0x88b5,reverse,1,439,27,200683
606,1786990948955335,l_left,4,outgoing,256,02:00:00:00:00:01,02:00:00:00:00:02,0x88b5,reverse,1,440,27,201003
607,1786990948955593,l_left,4,outgoing,256,02:00:00:00:00:01,02:00:00:00:00:02,0x88b5,reverse,1,441,27,201261
608,1786990948955836,l_left,4,outgoing,256,02:00:00:00:00:01,02:00:00:00:00:02,0x88b5,reverse,1,442,27,201504
609,1786990948956085,l_left,4,outgoing,256,02:00:00:00:00:01,02:00:00:00:00:02,0x88b5,reverse,1,443,27,201753
610,1786990948956338,l_left,4,outgoing,256,02:00:00:00:00:01,02:00:00:00:00:02,0x88b5,reverse,1,444,27,202006
611,1786990948956584,l_left,4,outgoing,256,02:00:00:00:00:01,02:00:00:00:00:02,0x88b5,reverse,1,445,27,202252
612,1786990948956834,l_left,4,outgoing,256,02:00:00:00:00:01,02:00:00:00:00:02,0x88b5,reverse,1,446,27,202502
613,1786990948957056,l_left,4,outgoing,256,02:00:00:00:00:01,02:00:00:00:00:02,0x88b5,reverse,1,447,27,202724
614,1786990948957625,l_left,3,otherhost,256,02:00:00:00:00:02,02:00:00:00:00:01,0x88b5,forward,1,166,27,203293
615,1786990948957646,l_left,3,otherhost,256,02:00:00:00:00:02,02:00:00:00:00:01,0x88b5,forward,1,167,27,203314
616,1786990948963923,l_left,3,otherhost,256,02:00:00:00:00:02,02:00:00:00:00:01,0x88b5,forward,1,168,28,0
617,1786990948963943,l_left,3,otherhost,256,02:00:00:00:00:02,02:00:00:00:00:01,0x88b5,forward,1,169,28,20
618,1786990948964223,l_left,3,otherhost,256,02:00:00:00:00:02,02:00:00:00:00:01,0x88b5,forward,1,170,28,300
619,1786990948964469,l_left,3,otherhost,256,02:00:00:00:00:02,02:00:00:00:00:01,0x88b5,forward,1,171,28,546
620,1786990948964957,l_left,4,outgoing,256,02:00:00:00:00:01,02:00:00:00:00:02,0x88b5,reverse,1,448,28,1034
621,1786990948964983,l_left,4,outgoing,256,02:00:00:00:00:01,02:00:00:00:00:02,0x88b5,reverse,1,449,28,1060
622,1786990949165177,l_left,4,outgoing,256,02:00:00:00:00:01,02:00:00:00:00:02,0x88b5,reverse,1,450,28,201254
623,1786990949165242,l_left,4,outgoing,256,02:00:00:00:00:01,02:00:00:00:00:02,0x88b5,reverse,1,451,28,201319
624,1786990949165266,l_left,4,outgoing,256,02:00:00:00:00:01,02:00:00:00:00:02,0x88b5,reverse,1,452,28,201343
625,1786990949165284,l_left,4,outgoing,256,02:00:00:00:00:01,02:00:00:00:00:02,0x88b5,reverse,1,453,28,201361
626,1786990949165301,l_left,4,outgoing,256,02:00:00:00:00:01,02:00:00:00:00:02,0x88b5,reverse,1,454,28,201378
627,1786990949165320,l_left,4,outgoing,256,02:00:00:00:00:01,02:00:00:00:00:02,0x88b5,reverse,1,455,28,201397
628,1786990949165337,l_left,4,outgoing,256,02:00:00:00:00:01,02:00:00:00:00:02,0x88b5,reverse,1,456,28,201414
629,1786990949165534,l_left,4,outgoing,256,02:00:00:00:00:01,02:00:00:00:00:02,0x88b5,reverse,1,457,28,201611
630,1786990949165880,l_left,4,outgoing,256,02:00:00:00:00:01,02:00:00:00:00:02,0x88b5,reverse,1,458,28,201957
631,1786990949166130,l_left,4,outgoing,256,02:00:00:00:00:01,02:00:00:00:00:02,0x88b5,reverse,1,459,28,202207
632,1786990949166371,l_left,4,outgoing,256,02:00:00:00:00:01,02:00:00:00:00:02,0x88b5,reverse,1,460,28,202448
633,1786990949166623,l_left,4,outgoing,256,02:00:00:00:00:01,02:00:00:00:00:02,0x88b5,reverse,1,461,28,202700
634,1786990949166879,l_left,4,outgoing,256,02:00:00:00:00:01,02:00:00:00:00:02,0x88b5,reverse,1,462,28,202956
635,1786990949167115,l_left,4,outgoing,256,02:00:00:00:00:01,02:00:00:00:00:02,0x88b5,reverse,1,463,28,203192
636,1786990949167531,l_left,3,otherhost,256,02:00:00:00:00:02,02:00:00:00:00:01,0x88b5,forward,1,172,28,203608
637,1786990949167569,l_left,3,otherhost,256,02:00:00:00:00:02,02:00:00:00:00:01,0x88b5,forward,1,173,28,203646
638,1786990949173987,l_left,3,otherhost,256,02:00:00:00:00:02,02:00:00:00:00:01,0x88b5,forward,1,174,29,0
639,1786990949174024,l_left,3,otherhost,256,02:00:00:00:00:02,02:00:00:00:00:01,0x88b5,forward,1,175,29,37
640,1786990949174267,l_left,3,otherhost,256,02:00:00:00:00:02,02:00:00:00:00:01,0x88b5,forward,1,176,29,280
641,1786990949174491,l_left,3,otherhost,256,02:00:00:00:00:02,02:00:00:00:00:01,0x88b5,forward,1,177,29,504
642,1786990949175046,l_left,4,outgoing,256,02:00:00:00:00:01,02:00:00:00:00:02,0x88b5,reverse,1,464,29,1059
643,1786990949175066,l_left,4,outgoing,256,02:00:00:00:00:01,02:00:00:00:00:02,0x88b5,reverse,1,465,29,1079
644,1786990949375234,l_left,4,outgoing,256,02:00:00:00:00:01,02:00:00:00:00:02,0x88b5,reverse,1,466,29,201247
645,1786990949375307,l_left,4,outgoing,256,02:00:00:00:00:01,02:00:00:00:00:02,0x88b5,reverse,1,467,29,201320
646,1786990949375338,l_left,4,outgoing,256,02:00:00:00:00:01,02:00:00:00:00:02,0x88b5,reverse,1,468,29,201351
647,1786990949375361,l_left,4,outgoing,256,02:00:00:00:00:01,02:00:00:00:00:02,0x88b5,reverse,1,469,29,201374
648,1786990949375378,l_left,4,outgoing,256,02:00:00:00:00:01,02:00:00:00:00:02,0x88b5,reverse,1,470,29,201391
649,1786990949375393,l_left,4,outgoing,256,02:00:00:00:00:01,02:00:00:00:00:02,0x88b5,reverse,1,471,29,201406
650,1786990949375408,l_left,4,outgoing,256,02:00:00:00:00:01,02:00:00:00:00:02,0x88b5,reverse,1,472,29,201421
651,1786990949375532,l_left,4,outgoing,256,02:00:00:00:00:01,02:00:00:00:00:02,0x88b5,reverse,1,473,29,201545
652,1786990949375866,l_left,4,outgoing,256,02:00:00:00:00:01,02:00:00:00:00:02,0x88b5,reverse,1,474,29,201879
653,1786990949376123,l_left,4,outgoing,256,02:00:00:00:00:01,02:00:00:00:00:02,0x88b5,reverse,1,475,29,202136
654,1786990949376376,l_left,4,outgoing,256,02:00:00:00:00:01,02:00:00:00:00:02,0x88b5,reverse,1,476,29,202389
655,1786990949376621,l_left,4,outgoing,256,02:00:00:00:00:01,02:00:00:00:00:02,0x88b5,reverse,1,477,29,202634
656,1786990949376872,l_left,4,outgoing,256,02:00:00:00:00:01,02:00:00:00:00:02,0x88b5,reverse,1,478,29,202885
657,1786990949377131,l_left,4,outgoing,256,02:00:00:00:00:01,02:00:00:00:00:02,0x88b5,reverse,1,479,29,203144
658,1786990949377525,l_left,3,otherhost,256,02:00:00:00:00:02,02:00:00:00:00:01,0x88b5,forward,1,178,29,203538
659,1786990949377557,l_left,3,otherhost,256,02:00:00:00:00:02,02:00:00:00:00:01,0x88b5,forward,1,179,29,203570
660,1786990949384204,l_left,3,otherhost,256,02:00:00:00:00:02,02:00:00:00:00:01,0x88b5,forward,1,180,30,0
661,1786990949384241,l_left,3,otherhost,256,02:00:00:00:00:02,02:00:00:00:00:01,0x88b5,forward,1,181,30,37
662,1786990949384386,l_left,3,otherhost,256,02:00:00:00:00:02,02:00:00:00:00:01,0x88b5,forward,1,182,30,182
663,1786990949384468,l_left,3,otherhost,256,02:00:00:00:00:02,02:00:00:00:00:01,0x88b5,forward,1,183,30,264
664,1786990949385058,l_left,4,outgoing,256,02:00:00:00:00:01,02:00:00:00:00:02,0x88b5,reverse,1,480,30,854
665,1786990949385077,l_left,4,outgoing,256,02:00:00:00:00:01,02:00:00:00:00:02,0x88b5,reverse,1,481,30,873
666,1786990949584855,l_left,4,outgoing,256,02:00:00:00:00:01,02:00:00:00:00:02,0x88b5,reverse,1,482,30,200651
667,1786990949584918,l_left,4,outgoing,256,02:00:00:00:00:01,02:00:00:00:00:02,0x88b5,reverse,1,483,30,200714
668,1786990949584948,l_left,4,outgoing,256,02:00:00:00:00:01,02:00:00:00:00:02,0x88b5,reverse,1,484,30,200744
669,1786990949584966,l_left,4,outgoing,256,02:00:00:00:00:01,02:00:00:00:00:02,0x88b5,reverse,1,485,30,200762
670,1786990949584982,l_left,4,outgoing,256,02:00:00:00:00:01,02:00:00:00:00:02,0x88b5,reverse,1,486,30,200778
671,1786990949585037,l_left,4,outgoing,256,02:00:00:00:00:01,02:00:00:00:00:02,0x88b5,reverse,1,487,30,200833
672,1786990949585280,l_left,4,outgoing,256,02:00:00:00:00:01,02:00:00:00:00:02,0x88b5,reverse,1,488,30,201076
673,1786990949585577,l_left,4,outgoing,256,02:00:00:00:00:01,02:00:00:00:00:02,0x88b5,reverse,1,489,30,201373
674,1786990949585844,l_left,4,outgoing,256,02:00:00:00:00:01,02:00:00:00:00:02,0x88b5,reverse,1,490,30,201640
675,1786990949586077,l_left,4,outgoing,256,02:00:00:00:00:01,02:00:00:00:00:02,0x88b5,reverse,1,491,30,201873
676,1786990949586326,l_left,4,outgoing,256,02:00:00:00:00:01,02:00:00:00:00:02,0x88b5,reverse,1,492,30,202122
677,1786990949586574,l_left,4,outgoing,256,02:00:00:00:00:01,02:00:00:00:00:02,0x88b5,reverse,1,493,30,202370
678,1786990949586815,l_left,4,outgoing,256,02:00:00:00:00:01,02:00:00:00:00:02,0x88b5,reverse,1,494,30,202611
679,1786990949587042,l_left,4,outgoing,256,02:00:00:00:00:01,02:00:00:00:00:02,0x88b5,reverse,1,495,30,202838
680,1786990949587987,l_left,3,otherhost,256,02:00:00:00:00:02,02:00:00:00:00:01,0x88b5,forward,1,184,30,203783
681,1786990949588004,l_left,3,otherhost,256,02:00:00:00:00:02,02:00:00:00:00:01,0x88b5,forward,1,185,30,203800
682,1786990949593898,l_left,3,otherhost,256,02:00:00:00:00:02,02:00:00:00:00:01,0x88b5,forward,1,186,31,0
683,1786990949593977,l_left,3,otherhost,256,02:00:00:00:00:02,02:00:00:00:00:01,0x88b5,forward,1,187,31,79
684,1786990949594224,l_left,3,otherhost,256,02:00:00:00:00:02,02:00:00:00:00:01,0x88b5,forward,1,188,31,326
685,1786990949594470,l_left,3,otherhost,256,02:00:00:00:00:02,02:00:00:00:00:01,0x88b5,forward,1,189,31,572
686,1786990949594918,l_left,4,outgoing,256,02:00:00:00:00:01,02:00:00:00:00:02,0x88b5,reverse,1,496,31,1020
687,1786990949594998,l_left,4,outgoing,256,02:00:00:00:00:01,02:00:00:00:00:02,0x88b5,reverse,1,497,31,1100
688,1786990949794975,l_left,4,outgoing,256,02:00:00:00:00:01,02:00:00:00:00:02,0x88b5,reverse,1,498,31,201077
689,1786990949795041,l_left,4,outgoing,256,02:00:00:00:00:01,02:00:00:00:00:02,0x88b5,reverse,1,499,31,201143
690,1786990949795063,l_left,4,outgoing,256,02:00:00:00:00:01,02:00:00:00:00:02,0x88b5,reverse,1,500,31,201165
691,1786990949795082,l_left,4,outgoing,256,02:00:00:00:00:01,02:00:00:00:00:02,0x88b5,reverse,1,501,31,201184
692,1786990949795109,l_left,4,outgoing,256,02:00:00:00:00:01,02:00:00:00:00:02,0x88b5,reverse,1,502,31,201211
693,1786990949795124,l_left,4,outgoing,256,02:00:00:00:00:01,02:00:00:00:00:02,0x88b5,reverse,1,503,31,201226
694,1786990949795333,l_left,4,outgoing,256,02:00:00:00:00:01,02:00:00:00:00:02,0x88b5,reverse,1,504,31,201435
695,1786990949795617,l_left,4,outgoing,256,02:00:00:00:00:01,02:00:00:00:00:02,0x88b5,reverse,1,505,31,201719
696,1786990949795870,l_left,4,outgoing,256,02:00:00:00:00:01,02:00:00:00:00:02,0x88b5,reverse,1,506,31,201972
697,1786990949796123,l_left,4,outgoing,256,02:00:00:00:00:01,02:00:00:00:00:02,0x88b5,reverse,1,507,31,202225
698,1786990949796373,l_left,4,outgoing,256,02:00:00:00:00:01,02:00:00:00:00:02,0x88b5,reverse,1,508,31,202475
699,1786990949796627,l_left,4,outgoing,256,02:00:00:00:00:01,02:00:00:00:00:02,0x88b5,reverse,1,509,31,202729
700,1786990949796861,l_left,4,outgoing,256,02:00:00:00:00:01,02:00:00:00:00:02,0x88b5,reverse,1,510,31,202963
701,1786990949797082,l_left,4,outgoing,256,02:00:00:00:00:01,02:00:00:00:00:02,0x88b5,reverse,1,511,31,203184
702,1786990949797543,l_left,3,otherhost,256,02:00:00:00:00:02,02:00:00:00:00:01,0x88b5,forward,1,190,31,203645
703,1786990949797582,l_left,3,otherhost,256,02:00:00:00:00:02,02:00:00:00:00:01,0x88b5,forward,1,191,31,203684
704,1786990949804062,l_left,3,otherhost,256,02:00:00:00:00:02,02:00:00:00:00:01,0x88b5,forward,1,192,32,0
705,1786990949804119,l_left,3,otherhost,256,02:00:00:00:00:02,02:00:00:00:00:01,0x88b5,forward,1,193,32,57
706,1786990949804353,l_left,3,otherhost,256,02:00:00:00:00:02,02:00:00:00:00:01,0x88b5,forward,1,194,32,291
707,1786990949804491,l_left,3,otherhost,256,02:00:00:00:00:02,02:00:00:00:00:01,0x88b5,forward,1,195,32,429
708,1786990949805064,l_left,4,outgoing,256,02:00:00:00:00:01,02:00:00:00:00:02,0x88b5,reverse,1,512,32,1002
709,1786990949805091,l_left,4,outgoing,256,02:00:00:00:00:01,02:00:00:00:00:02,0x88b5,reverse,1,513,32,1029
710,1786990950004824,l_left,4,outgoing,256,02:00:00:00:00:01,02:00:00:00:00:02,0x88b5,reverse,1,514,32,200762
711,1786990950004889,l_left,4,outgoing,256,02:00:00:00:00:01,02:00:00:00:00:02,0x88b5,reverse,1,515,32,200827
712,1786990950004912,l_left,4,outgoing,256,02:00:00:00:00:01,02:00:00:00:00:02,0x88b5,reverse,1,516,32,200850
713,1786990950004933,l_left,4,outgoing,256,02:00:00:00:00:01,02:00:00:00:00:02,0x88b5,reverse,1,517,32,200871
714,1786990950004953,l_left,4,outgoing,256,02:00:00:00:00:01,02:00:00:00:00:02,0x88b5,reverse,1,518,32,200891
715,1786990950005010,l_left,4,outgoing,256,02:00:00:00:00:01,02:00:00:00:00:02,0x88b5,reverse,1,519,32,200948
716,1786990950005332,l_left,4,outgoing,256,02:00:00:00:00:01,02:00:00:00:00:02,0x88b5,reverse,1,520,32,201270
717,1786990950005617,l_left,4,outgoing,256,02:00:00:00:00:01,02:00:00:00:00:02,0x88b5,reverse,1,521,32,201555
718,1786990950005880,l_left,4,outgoing,256,02:00:00:00:00:01,02:00:00:00:00:02,0x88b5,reverse,1,522,32,201818
719,1786990950006132,l_left,4,outgoing,256,02:00:00:00:00:01,02:00:00:00:00:02,0x88b5,reverse,1,523,32,202070
720,1786990950006390,l_left,4,outgoing,256,02:00:00:00:00:01,02:00:00:00:00:02,0x88b5,reverse,1,524,32,202328
721,1786990950006557,l_left,4,outgoing,256,02:00:00:00:00:01,02:00:00:00:00:02,0x88b5,reverse,1,525,32,202495
722,1786990950006813,l_left,4,outgoing,256,02:00:00:00:00:01,02:00:00:00:00:02,0x88b5,reverse,1,526,32,202751
723,1786990950007030,l_left,4,outgoing,256,02:00:00:00:00:01,02:00:00:00:00:02,0x88b5,reverse,1,527,32,202968
724,1786990950007389,l_left,3,otherhost,256,02:00:00:00:00:02,02:00:00:00:00:01,0x88b5,forward,1,196,32,203327
725,1786990950007470,l_left,3,otherhost,256,02:00:00:00:00:02,02:00:00:00:00:01,0x88b5,forward,1,197,32,203408
726,1786990950013947,l_left,3,otherhost,256,02:00:00:00:00:02,02:00:00:00:00:01,0x88b5,forward,1,198,33,0
727,1786990950013984,l_left,3,otherhost,256,02:00:00:00:00:02,02:00:00:00:00:01,0x88b5,forward,1,199,33,37
728,1786990950014239,l_left,3,otherhost,256,02:00:00:00:00:02,02:00:00:00:00:01,0x88b5,forward,1,200,33,292
729,1786990950014489,l_left,3,otherhost,256,02:00:00:00:00:02,02:00:00:00:00:01,0x88b5,forward,1,201,33,542
730,1786990950015007,l_left,4,outgoing,256,02:00:00:00:00:01,02:00:00:00:00:02,0x88b5,reverse,1,528,33,1060
731,1786990950015025,l_left,4,outgoing,256,02:00:00:00:00:01,02:00:00:00:00:02,0x88b5,reverse,1,529,33,1078
732,1786990950214887,l_left,4,outgoing,256,02:00:00:00:00:01,02:00:00:00:00:02,0x88b5,reverse,1,530,33,200940
733,1786990950214962,l_left,4,outgoing,256,02:00:00:00:00:01,02:00:00:00:00:02,0x88b5,reverse,1,531,33,201015
734,1786990950214986,l_left,4,outgoing,256,02:00:00:00:00:01,02:00:00:00:00:02,0x88b5,reverse,1,532,33,201039
735,1786990950215004,l_left,4,outgoing,256,02:00:00:00:00:01,02:00:00:00:00:02,0x88b5,reverse,1,533,33,201057
736,1786990950215020,l_left,4,outgoing,256,02:00:00:00:00:01,02:00:00:00:00:02,0x88b5,reverse,1,534,33,201073
737,1786990950215064,l_left,4,outgoing,256,02:00:00:00:00:01,02:00:00:00:00:02,0x88b5,reverse,1,535,33,201117
738,1786990950215341,l_left,4,outgoing,256,02:00:00:00:00:01,02:00:00:00:00:02,0x88b5,reverse,1,536,33,201394
739,1786990950215579,l_left,4,outgoing,256,02:00:00:00:00:01,02:00:00:00:00:02,0x88b5,reverse,1,537,33,201632
740,1786990950215837,l_left,4,outgoing,256,02:00:00:00:00:01,02:00:00:00:00:02,0x88b5,reverse,1,538,33,201890
741,1786990950216088,l_left,4,outgoing,256,02:00:00:00:00:01,02:00:00:00:00:02,0x88b5,reverse,1,539,33,202141
742,1786990950216328,l_left,4,outgoing,256,02:00:00:00:00:01,02:00:00:00:00:02,0x88b5,reverse,1,540,33,202381
743,1786990950216574,l_left,4,outgoing,256,02:00:00:00:00:01,02:00:00:00:00:02,0x88b5,reverse,1,541,33,202627
744,1786990950216891,l_left,4,outgoing,256,02:00:00:00:00:01,02:00:00:00:00:02,0x88b5,reverse,1,542,33,202944
745,1786990950217046,l_left,4,outgoing,256,02:00:00:00:00:01,02:00:00:00:00:02,0x88b5,reverse,1,543,33,203099
746,1786990950217606,l_left,3,otherhost,256,02:00:00:00:00:02,02:00:00:00:00:01,0x88b5,forward,1,202,33,203659
747,1786990950217629,l_left,3,otherhost,256,02:00:00:00:00:02,02:00:00:00:00:01,0x88b5,forward,1,203,33,203682
748,1786990950224174,l_left,3,otherhost,256,02:00:00:00:00:02,02:00:00:00:00:01,0x88b5,forward,1,204,34,0
749,1786990950224211,l_left,3,otherhost,256,02:00:00:00:00:02,02:00:00:00:00:01,0x88b5,forward,1,205,34,37
750,1786990950224234,l_left,3,otherhost,256,02:00:00:00:00:02,02:00:00:00:00:01,0x88b5,forward,1,206,34,60
751,1786990950224497,l_left,3,otherhost,256,02:00:00:00:00:02,02:00:00:00:00:01,0x88b5,forward,1,207,34,323
752,1786990950225005,l_left,4,outgoing,256,02:00:00:00:00:01,02:00:00:00:00:02,0x88b5,reverse,1,544,34,831
753,1786990950225023,l_left,4,outgoing,256,02:00:00:00:00:01,02:00:00:00:00:02,0x88b5,reverse,1,545,34,849
754,1786990950424842,l_left,4,outgoing,256,02:00:00:00:00:01,02:00:00:00:00:02,0x88b5,reverse,1,546,34,200668
755,1786990950424907,l_left,4,outgoing,256,02:00:00:00:00:01,02:00:00:00:00:02,0x88b5,reverse,1,547,34,200733
756,1786990950424929,l_left,4,outgoing,256,02:00:00:00:00:01,02:00:00:00:00:02,0x88b5,reverse,1,548,34,200755
757,1786990950424947,l_left,4,outgoing,256,02:00:00:00:00:01,02:00:00:00:00:02,0x88b5,reverse,1,549,34,200773
758,1786990950424962,l_left,4,outgoing,256,02:00:00:00:00:01,02:00:00:00:00:02,0x88b5,reverse,1,550,34,200788
759,1786990950425011,l_left,4,outgoing,256,02:00:00:00:00:01,02:00:00:00:00:02,0x88b5,reverse,1,551,34,200837
760,1786990950425296,l_left,4,outgoing,256,02:00:00:00:00:01,02:00:00:00:00:02,0x88b5,reverse,1,552,34,201122
761,1786990950425614,l_left,4,outgoing,256,02:00:00:00:00:01,02:00:00:00:00:02,0x88b5,reverse,1,553,34,201440
762,1786990950425872,l_left,4,outgoing,256,02:00:00:00:00:01,02:00:00:00:00:02,0x88b5,reverse,1,554,34,201698
763,1786990950426124,l_left,4,outgoing,256,02:00:00:00:00:01,02:00:00:00:00:02,0x88b5,reverse,1,555,34,201950
764,1786990950426333,l_left,4,outgoing,256,02:00:00:00:00:01,02:00:00:00:00:02,0x88b5,reverse,1,556,34,202159
765,1786990950426569,l_left,4,outgoing,256,02:00:00:00:00:01,02:00:00:00:00:02,0x88b5,reverse,1,557,34,202395
766,1786990950426837,l_left,4,outgoing,256,02:00:00:00:00:01,02:00:00:00:00:02,0x88b5,reverse,1,558,34,202663
767,1786990950427062,l_left,4,outgoing,256,02:00:00:00:00:01,02:00:00:00:00:02,0x88b5,reverse,1,559,34,202888
768,1786990950427453,l_left,3,otherhost,256,02:00:00:00:00:02,02:00:00:00:00:01,0x88b5,forward,1,208,34,203279
769,1786990950427492,l_left,3,otherhost,256,02:00:00:00:00:02,02:00:00:00:00:01,0x88b5,forward,1,209,34,203318
770,1786990950434032,l_left,3,otherhost,256,02:00:00:00:00:02,02:00:00:00:00:01,0x88b5,forward,1,210,35,0
771,1786990950434068,l_left,3,otherhost,256,02:00:00:00:00:02,02:00:00:00:00:01,0x88b5,forward,1,211,35,36
772,1786990950434273,l_left,3,otherhost,256,02:00:00:00:00:02,02:00:00:00:00:01,0x88b5,forward,1,212,35,241
773,1786990950434522,l_left,3,otherhost,256,02:00:00:00:00:02,02:00:00:00:00:01,0x88b5,forward,1,213,35,490
774,1786990950435118,l_left,4,outgoing,256,02:00:00:00:00:01,02:00:00:00:00:02,0x88b5,reverse,1,560,35,1086
775,1786990950435155,l_left,4,outgoing,256,02:00:00:00:00:01,02:00:00:00:00:02,0x88b5,reverse,1,561,35,1123
776,1786990950634875,l_left,4,outgoing,256,02:00:00:00:00:01,02:00:00:00:00:02,0x88b5,reverse,1,562,35,200843
777,1786990950634940,l_left,4,outgoing,256,02:00:00:00:00:01,02:00:00:00:00:02,0x88b5,reverse,1,563,35,200908
778,1786990950634962,l_left,4,outgoing,256,02:00:00:00:00:01,02:00:00:00:00:02,0x88b5,reverse,1,564,35,200930
779,1786990950634980,l_left,4,outgoing,256,02:00:00:00:00:01,02:00:00:00:00:02,0x88b5,reverse,1,565,35,200948
780,1786990950634997,l_left,4,outgoing,256,02:00:00:00:00:01,02:00:00:00:00:02,0x88b5,reverse,1,566,35,200965
781,1786990950635012,l_left,4,outgoing,256,02:00:00:00:00:01,02:00:00:00:00:02,0x88b5,reverse,1,567,35,200980
782,1786990950635355,l_left,4,outgoing,256,02:00:00:00:00:01,02:00:00:00:00:02,0x88b5,reverse,1,568,35,201323
783,1786990950635633,l_left,4,outgoing,256,02:00:00:00:00:01,02:00:00:00:00:02,0x88b5,reverse,1,569,35,201601
784,1786990950635876,l_left,4,outgoing,256,02:00:00:00:00:01,02:00:00:00:00:02,0x88b5,reverse,1,570,35,201844
785,1786990950636095,l_left,4,outgoing,256,02:00:00:00:00:01,02:00:00:00:00:02,0x88b5,reverse,1,571,35,202063
786,1786990950636338,l_left,4,outgoing,256,02:00:00:00:00:01,02:00:00:00:00:02,0x88b5,reverse,1,572,35,202306
787,1786990950636587,l_left,4,outgoing,256,02:00:00:00:00:01,02:00:00:00:00:02,0x88b5,reverse,1,573,35,202555
788,1786990950636845,l_left,4,outgoing,256,02:00:00:00:00:01,02:00:00:00:00:02,0x88b5,reverse,1,574,35,202813
789,1786990950637042,l_left,4,outgoing,256,02:00:00:00:00:01,02:00:00:00:00:02,0x88b5,reverse,1,575,35,203010
790,1786990950637424,l_left,3,otherhost,256,02:00:00:00:00:02,02:00:00:00:00:01,0x88b5,forward,1,214,35,203392
791,1786990950637445,l_left,3,otherhost,256,02:00:00:00:00:02,02:00:00:00:00:01,0x88b5,forward,1,215,35,203413
792,1786990950644203,l_left,3,otherhost,256,02:00:00:00:00:02,02:00:00:00:00:01,0x88b5,forward,1,216,36,0
793,1786990950644223,l_left,3,otherhost,256,02:00:00:00:00:02,02:00:00:00:00:01,0x88b5,forward,1,217,36,20
794,1786990950644239,l_left,3,otherhost,256,02:00:00:00:00:02,02:00:00:00:00:01,0x88b5,forward,1,218,36,36
795,1786990950644488,l_left,3,otherhost,256,02:00:00:00:00:02,02:00:00:00:00:01,0x88b5,forward,1,219,36,285
796,1786990950645025,l_left,4,outgoing,256,02:00:00:00:00:01,02:00:00:00:00:02,0x88b5,reverse,1,576,36,822
797,1786990950645049,l_left,4,outgoing,256,02:00:00:00:00:01,02:00:00:00:00:02,0x88b5,reverse,1,577,36,846
798,1786990950845102,l_left,4,outgoing,256,02:00:00:00:00:01,02:00:00:00:00:02,0x88b5,reverse,1,578,36,200899
799,1786990950845181,l_left,4,outgoing,256,02:00:00:00:00:01,02:00:00:00:00:02,0x88b5,reverse,1,579,36,200978
800,1786990950845205,l_left,4,outgoing,256,02:00:00:00:00:01,02:00:00:00:00:02,0x88b5,reverse,1,580,36,201002
801,1786990950845223,l_left,4,outgoing,256,02:00:00:00:00:01,02:00:00:00:00:02,0x88b5,reverse,1,581,36,201020
802,1786990950845238,l_left,4,outgoing,256,02:00:00:00:00:01,02:00:00:00:00:02,0x88b5,reverse,1,582,36,201035
803,1786990950845262,l_left,4,outgoing,256,02:00:00:00:00:01,02:00:00:00:00:02,0x88b5,reverse,1,583,36,201059
804,1786990950845278,l_left,4,outgoing,256,02:00:00:00:00:01,02:00:00:00:00:02,0x88b5,reverse,1,584,36,201075
805,1786990950845616,l_left,4,outgoing,256,02:00:00:00:00:01,02:00:00:00:00:02,0x88b5,reverse,1,585,36,201413
806,1786990950845865,l_left,4,outgoing,256,02:00:00:00:00:01,02:00:00:00:00:02,0x88b5,reverse,1,586,36,201662
807,1786990950846120,l_left,4,outgoing,256,02:00:00:00:00:01,02:00:00:00:00:02,0x88b5,reverse,1,587,36,201917
808,1786990950846376,l_left,4,outgoing,256,02:00:00:00:00:01,02:00:00:00:00:02,0x88b5,reverse,1,588,36,202173
809,1786990950846632,l_left,4,outgoing,256,02:00:00:00:00:01,02:00:00:00:00:02,0x88b5,reverse,1,589,36,202429
810,1786990950846874,l_left,4,outgoing,256,02:00:00:00:00:01,02:00:00:00:00:02,0x88b5,reverse,1,590,36,202671
811,1786990950847155,l_left,4,outgoing,256,02:00:00:00:00:01,02:00:00:00:00:02,0x88b5,reverse,1,591,36,202952
812,1786990950847603,l_left,3,otherhost,256,02:00:00:00:00:02,02:00:00:00:00:01,0x88b5,forward,1,220,36,203400
813,1786990950847628,l_left,3,otherhost,256,02:00:00:00:00:02,02:00:00:00:00:01,0x88b5,forward,1,221,36,203425
814,1786990950853961,l_left,3,otherhost,256,02:00:00:00:00:02,02:00:00:00:00:01,0x88b5,forward,1,222,37,0
815,1786990950854007,l_left,3,otherhost,256,02:00:00:00:00:02,02:00:00:00:00:01,0x88b5,forward,1,223,37,46
816,1786990950854239,l_left,3,otherhost,256,02:00:00:00:00:02,02:00:00:00:00:01,0x88b5,forward,1,224,37,278
817,1786990950854493,l_left,3,otherhost,256,02:00:00:00:00:02,02:00:00:00:00:01,0x88b5,forward,1,225,37,532
818,1786990950855016,l_left,4,outgoing,256,02:00:00:00:00:01,02:00:00:00:00:02,0x88b5,reverse,1,592,37,1055
819,1786990950855041,l_left,4,outgoing,256,02:00:00:00:00:01,02:00:00:00:00:02,0x88b5,reverse,1,593,37,1080
820,1786990951054918,l_left,4,outgoing,256,02:00:00:00:00:01,02:00:00:00:00:02,0x88b5,reverse,1,594,37,200957
821,1786990951054982,l_left,4,outgoing,256,02:00:00:00:00:01,02:00:00:00:00:02,0x88b5,reverse,1,595,37,201021
822,1786990951055005,l_left,4,outgoing,256,02:00:00:00:00:01,02:00:00:00:00:02,0x88b5,reverse,1,596,37,201044
823,1786990951055024,l_left,4,outgoing,256,02:00:00:00:00:01,02:00:00:00:00:02,0x88b5,reverse,1,597,37,201063
824,1786990951055044,l_left,4,outgoing,256,02:00:00:00:00:01,02:00:00:00:00:02,0x88b5,reverse,1,598,37,201083
825,1786990951055060,l_left,4,outgoing,256,02:00:00:00:00:01,02:00:00:00:00:02,0x88b5,reverse,1,599,37,201099
826,1786990951055356,l_left,4,outgoing,256,02:00:00:00:00:01,02:00:00:00:00:02,0x88b5,reverse,1,600,37,201395
827,1786990951055532,l_left,4,outgoing,256,02:00:00:00:00:01,02:00:00:00:00:02,0x88b5,reverse,1,601,37,201571
828,1786990951055871,l_left,4,outgoing,256,02:00:00:00:00:01,02:00:00:00:00:02,0x88b5,reverse,1,602,37,201910
829,1786990951056130,l_left,4,outgoing,256,02:00:00:00:00:01,02:00:00:00:00:02,0x88b5,reverse,1,603,37,202169
830,1786990951056306,l_left,4,outgoing,256,02:00:00:00:00:01,02:00:00:00:00:02,0x88b5,reverse,1,604,37,202345
831,1786990951056616,l_left,4,outgoing,256,02:00:00:00:00:01,02:00:00:00:00:02,0x88b5,reverse,1,605,37,202655
832,1786990951056878,l_left,4,outgoing,256,02:00:00:00:00:01,02:00:00:00:00:02,0x88b5,reverse,1,606,37,202917
833,1786990951057080,l_left,4,outgoing,256,02:00:00:00:00:01,02:00:00:00:00:02,0x88b5,reverse,1,607,37,203119
834,1786990951057534,l_left,3,otherhost,256,02:00:00:00:00:02,02:00:00:00:00:01,0x88b5,forward,1,226,37,203573
835,1786990951057554,l_left,3,otherhost,256,02:00:00:00:00:02,02:00:00:00:00:01,0x88b5,forward,1,227,37,203593
836,1786990951063984,l_left,3,otherhost,256,02:00:00:00:00:02,02:00:00:00:00:01,0x88b5,forward,1,228,38,0
837,1786990951064028,l_left,3,otherhost,256,02:00:00:00:00:02,02:00:00:00:00:01,0x88b5,forward,1,229,38,44
838,1786990951064267,l_left,3,otherhost,256,02:00:00:00:00:02,02:00:00:00:00:01,0x88b5,forward,1,230,38,283
839,1786990951064492,l_left,3,otherhost,256,02:00:00:00:00:02,02:00:00:00:00:01,0x88b5,forward,1,231,38,508
840,1786990951065129,l_left,4,outgoing,256,02:00:00:00:00:01,02:00:00:00:00:02,0x88b5,reverse,1,608,38,1145
841,1786990951065182,l_left,4,outgoing,256,02:00:00:00:00:01,02:00:00:00:00:02,0x88b5,reverse,1,609,38,1198
842,1786990951265119,l_left,4,outgoing,256,02:00:00:00:00:01,02:00:00:00:00:02,0x88b5,reverse,1,610,38,201135
843,1786990951265199,l_left,4,outgoing,256,02:00:00:00:00:01,02:00:00:00:00:02,0x88b5,reverse,1,611,38,201215
844,1786990951265230,l_left,4,outgoing,256,02:00:00:00:00:01,02:00:00:00:00:02,0x88b5,reverse,1,612,38,201246
845,1786990951265249,l_left,4,outgoing,256,02:00:00:00:00:01,02:00:00:00:00:02,0x88b5,reverse,1,613,38,201265
846,1786990951265265,l_left,4,outgoing,256,02:00:00:00:00:01,02:00:00:00:00:02,0x88b5,reverse,1,614,38,201281
847,1786990951265281,l_left,4,outgoing,256,02:00:00:00:00:01,02:00:00:00:00:02,0x88b5,reverse,1,615,38,201297
848,1786990951265296,l_left,4,outgoing,256,02:00:00:00:00:01,02:00:00:00:00:02,0x88b5,reverse,1,616,38,201312
849,1786990951265616,l_left,4,outgoing,256,02:00:00:00:00:01,02:00:00:00:00:02,0x88b5,reverse,1,617,38,201632
850,1786990951265870,l_left,4,outgoing,256,02:00:00:00:00:01,02:00:00:00:00:02,0x88b5,reverse,1,618,38,201886
851,1786990951266131,l_left,4,outgoing,256,02:00:00:00:00:01,02:00:00:00:00:02,0x88b5,reverse,1,619,38,202147
852,1786990951266378,l_left,4,outgoing,256,02:00:00:00:00:01,02:00:00:00:00:02,0x88b5,reverse,1,620,38,202394
853,1786990951266628,l_left,4,outgoing,256,02:00:00:00:00:01,02:00:00:00:00:02,0x88b5,reverse,1,621,38,202644
854,1786990951266879,l_left,4,outgoing,256,02:00:00:00:00:01,02:00:00:00:00:02,0x88b5,reverse,1,622,38,202895
855,1786990951267121,l_left,4,outgoing,256,02:00:00:00:00:01,02:00:00:00:00:02,0x88b5,reverse,1,623,38,203137
856,1786990951267411,l_left,3,otherhost,256,02:00:00:00:00:02,02:00:00:00:00:01,0x88b5,forward,1,232,38,203427
857,1786990951267481,l_left,3,otherhost,256,02:00:00:00:00:02,02:00:00:00:00:01,0x88b5,forward,1,233,38,203497
858,1786990951274042,l_left,3,otherhost,256,02:00:00:00:00:02,02:00:00:00:00:01,0x88b5,forward,1,234,39,0
859,1786990951274081,l_left,3,otherhost,256,02:00:00:00:00:02,02:00:00:00:00:01,0x88b5,forward,1,235,39,39
860,1786990951274398,l_left,3,otherhost,256,02:00:00:00:00:02,02:00:00:00:00:01,0x88b5,forward,1,236,39,356
861,1786990951274687,l_left,3,otherhost,256,02:00:00:00:00:02,02:00:00:00:00:01,0x88b5,forward,1,237,39,645
862,1786990951274894,l_left,4,outgoing,256,02:00:00:00:00:01,02:00:00:00:00:02,0x88b5,reverse,1,624,39,852
863,1786990951274998,l_left,4,outgoing,256,02:00:00:00:00:01,02:00:00:00:00:02,0x88b5,reverse,1,625,39,956
864,1786990951474798,l_left,4,outgoing,256,02:00:00:00:00:01,02:00:00:00:00:02,0x88b5,reverse,1,626,39,200756
865,1786990951474861,l_left,4,outgoing,256,02:00:00:00:00:01,02:00:00:00:00:02,0x88b5,reverse,1,627,39,200819
866,1786990951474885,l_left,4,outgoing,256,02:00:00:00:00:01,02:00:00:00:00:02,0x88b5,reverse,1,628,39,200843
867,1786990951474903,l_left,4,outgoing,256,02:00:00:00:00:01,02:00:00:00:00:02,0x88b5,reverse,1,629,39,200861
868,1786990951474927,l_left,4,outgoing,256,02:00:00:00:00:01,02:00:00:00:00:02,0x88b5,reverse,1,630,39,200885
869,1786990951475176,l_left,4,outgoing,256,02:00:00:00:00:01,02:00:00:00:00:02,0x88b5,reverse,1,631,39,201134
870,1786990951475314,l_left,4,outgoing,256,02:00:00:00:00:01,02:00:00:00:00:02,0x88b5,reverse,1,632,39,201272
871,1786990951475622,l_left,4,outgoing,256,02:00:00:00:00:01,02:00:00:00:00:02,0x88b5,reverse,1,633,39,201580
872,1786990951475883,l_left,4,outgoing,256,02:00:00:00:00:01,02:00:00:00:00:02,0x88b5,reverse,1,634,39,201841
873,1786990951476121,l_left,4,outgoing,256,02:00:00:00:00:01,02:00:00:00:00:02,0x88b5,reverse,1,635,39,202079
874,1786990951476381,l_left,4,outgoing,256,02:00:00:00:00:01,02:00:00:00:00:02,0x88b5,reverse,1,636,39,202339
875,1786990951476622,l_left,4,outgoing,256,02:00:00:00:00:01,02:00:00:00:00:02,0x88b5,reverse,1,637,39,202580
876,1786990951476838,l_left,4,outgoing,256,02:00:00:00:00:01,02:00:00:00:00:02,0x88b5,reverse,1,638,39,202796
877,1786990951477074,l_left,4,outgoing,256,02:00:00:00:00:01,02:00:00:00:00:02,0x88b5,reverse,1,639,39,203032
878,1786990951477439,l_left,3,otherhost,256,02:00:00:00:00:02,02:00:00:00:00:01,0x88b5,forward,1,238,39,203397
879,1786990951477465,l_left,3,otherhost,256,02:00:00:00:00:02,02:00:00:00:00:01,0x88b5,forward,1,239,39,203423
880,1786990951483970,l_left,3,otherhost,256,02:00:00:00:00:02,02:00:00:00:00:01,0x88b5,forward,1,240,40,0
881,1786990951484015,l_left,3,otherhost,256,02:00:00:00:00:02,02:00:00:00:00:01,0x88b5,forward,1,241,40,45
882,1786990951484268,l_left,3,otherhost,256,02:00:00:00:00:02,02:00:00:00:00:01,0x88b5,forward,1,242,40,298
883,1786990951484491,l_left,3,otherhost,256,02:00:00:00:00:02,02:00:00:00:00:01,0x88b5,forward,1,243,40,521
884,1786990951485021,l_left,4,outgoing,256,02:00:00:00:00:01,02:00:00:00:00:02,0x88b5,reverse,1,640,40,1051
885,1786990951485055,l_left,4,outgoing,256,02:00:00:00:00:01,02:00:00:00:00:02,0x88b5,reverse,1,641,40,1085
886,1786990951684738,l_left,4,outgoing,256,02:00:00:00:00:01,02:00:00:00:00:02,0x88b5,reverse,1,642,40,200768
887,1786990951684800,l_left,4,outgoing,256,02:00:00:00:00:01,02:00:00:00:00:02,0x88b5,reverse,1,643,40,200830
888,1786990951684852,l_left,4,outgoing,256,02:00:00:00:00:01,02:00:00:00:00:02,0x88b5,reverse,1,644,40,200882
889,1786990951684871,l_left,4,outgoing,256,02:00:00:00:00:01,02:00:00:00:00:02,0x88b5,reverse,1,645,40,200901
890,1786990951684887,l_left,4,outgoing,256,02:00:00:00:00:01,02:00:00:00:00:02,0x88b5,reverse,1,646,40,200917
891,1786990951685118,l_left,4,outgoing,256,02:00:00:00:00:01,02:00:00:00:00:02,0x88b5,reverse,1,647,40,201148
892,1786990951685254,l_left,4,outgoing,256,02:00:00:00:00:01,02:00:00:00:00:02,0x88b5,reverse,1,648,40,201284
893,1786990951685624,l_left,4,outgoing,256,02:00:00:00:00:01,02:00:00:00:00:02,0x88b5,reverse,1,649,40,201654
894,1786990951685876,l_left,4,outgoing,256,02:00:00:00:00:01,02:00:00:00:00:02,0x88b5,reverse,1,650,40,201906
895,1786990951686127,l_left,4,outgoing,256,02:00:00:00:00:01,02:00:00:00:00:02,0x88b5,reverse,1,651,40,202157
896,1786990951686366,l_left,4,outgoing,256,02:00:00:00:00:01,02:00:00:00:00:02,0x88b5,reverse,1,652,40,202396
897,1786990951686544,l_left,4,outgoing,256,02:00:00:00:00:01,02:00:00:00:00:02,0x88b5,reverse,1,653,40,202574
898,1786990951686767,l_left,4,outgoing,256,02:00:00:00:00:01,02:00:00:00:00:02,0x88b5,reverse,1,654,40,202797
899,1786990951686997,l_left,4,outgoing,256,02:00:00:00:00:01,02:00:00:00:00:02,0x88b5,reverse,1,655,40,203027
900,1786990951688131,l_left,3,otherhost,256,02:00:00:00:00:02,02:00:00:00:00:01,0x88b5,forward,1,244,40,204161
901,1786990951688151,l_left,3,otherhost,256,02:00:00:00:00:02,02:00:00:00:00:01,0x88b5,forward,1,245,40,204181
902,1786990951694029,l_left,3,otherhost,256,02:00:00:00:00:02,02:00:00:00:00:01,0x88b5,forward,1,246,41,0
903,1786990951694062,l_left,3,otherhost,256,02:00:00:00:00:02,02:00:00:00:00:01,0x88b5,forward,1,247,41,33
904,1786990951694296,l_left,3,otherhost,256,02:00:00:00:00:02,02:00:00:00:00:01,0x88b5,forward,1,248,41,267
905,1786990951694518,l_left,3,otherhost,256,02:00:00:00:00:02,02:00:00:00:00:01,0x88b5,forward,1,249,41,489
906,1786990951695022,l_left,4,outgoing,256,02:00:00:00:00:01,02:00:00:00:00:02,0x88b5,reverse,1,656,41,993
907,1786990951695059,l_left,4,outgoing,256,02:00:00:00:00:01,02:00:00:00:00:02,0x88b5,reverse,1,657,41,1030
908,1786990951894872,l_left,4,outgoing,256,02:00:00:00:00:01,02:00:00:00:00:02,0x88b5,reverse,1,658,41,200843
909,1786990951894936,l_left,4,outgoing,256,02:00:00:00:00:01,02:00:00:00:00:02,0x88b5,reverse,1,659,41,200907
910,1786990951894959,l_left,4,outgoing,256,02:00:00:00:00:01,02:00:00:00:00:02,0x88b5,reverse,1,660,41,200930
911,1786990951894978,l_left,4,outgoing,256,02:00:00:00:00:01,02:00:00:00:00:02,0x88b5,reverse,1,661,41,200949
912,1786990951895002,l_left,4,outgoing,256,02:00:00:00:00:01,02:00:00:00:00:02,0x88b5,reverse,1,662,41,200973
913,1786990951895018,l_left,4,outgoing,256,02:00:00:00:00:01,02:00:00:00:00:02,0x88b5,reverse,1,663,41,200989
914,1786990951895373,l_left,4,outgoing,256,02:00:00:00:00:01,02:00:00:00:00:02,0x88b5,reverse,1,664,41,201344
915,1786990951895625,l_left,4,outgoing,256,02:00:00:00:00:01,02:00:00:00:00:02,0x88b5,reverse,1,665,41,201596
916,1786990951895877,l_left,4,outgoing,256,02:00:00:00:00:01,02:00:00:00:00:02,0x88b5,reverse,1,666,41,201848
917,1786990951896126,l_left,4,outgoing,256,02:00:00:00:00:01,02:00:00:00:00:02,0x88b5,reverse,1,667,41,202097
918,1786990951896371,l_left,4,outgoing,256,02:00:00:00:00:01,02:00:00:00:00:02,0x88b5,reverse,1,668,41,202342
919,1786990951896624,l_left,4,outgoing,256,02:00:00:00:00:01,02:00:00:00:00:02,0x88b5,reverse,1,669,41,202595
920,1786990951896821,l_left,4,outgoing,256,02:00:00:00:00:01,02:00:00:00:00:02,0x88b5,reverse,1,670,41,202792
921,1786990951897036,l_left,4,outgoing,256,02:00:00:00:00:01,02:00:00:00:00:02,0x88b5,reverse,1,671,41,203007
922,1786990951897597,l_left,3,otherhost,256,02:00:00:00:00:02,02:00:00:00:00:01,0x88b5,forward,1,250,41,203568
923,1786990951897623,l_left,3,otherhost,256,02:00:00:00:00:02,02:00:00:00:00:01,0x88b5,forward,1,251,41,203594
924,1786990951904056,l_left,3,otherhost,256,02:00:00:00:00:02,02:00:00:00:00:01,0x88b5,forward,1,252,42,0
925,1786990951904118,l_left,3,otherhost,256,02:00:00:00:00:02,02:00:00:00:00:01,0x88b5,forward,1,253,42,62
926,1786990951904342,l_left,3,otherhost,256,02:00:00:00:00:02,02:00:00:00:00:01,0x88b5,forward,1,254,42,286
927,1786990951904488,l_left,3,otherhost,256,02:00:00:00:00:02,02:00:00:00:00:01,0x88b5,forward,1,255,42,432
928,1786990951904981,l_left,4,outgoing,256,02:00:00:00:00:01,02:00:00:00:00:02,0x88b5,reverse,1,672,42,925
929,1786990951905012,l_left,4,outgoing,256,02:00:00:00:00:01,02:00:00:00:00:02,0x88b5,reverse,1,673,42,956
930,1786990952104854,l_left,4,outgoing,256,02:00:00:00:00:01,02:00:00:00:00:02,0x88b5,reverse,1,674,42,200798
931,1786990952104918,l_left,4,outgoing,256,02:00:00:00:00:01,02:00:00:00:00:02,0x88b5,reverse,1,675,42,200862
932,1786990952104941,l_left,4,outgoing,256,02:00:00:00:00:01,02:00:00:00:00:02,0x88b5,reverse,1,676,42,200885
933,1786990952104958,l_left,4,outgoing,256,02:00:00:00:00:01,02:00:00:00:00:02,0x88b5,reverse,1,677,42,200902
934,1786990952104974,l_left,4,outgoing,256,02:00:00:00:00:01,02:00:00:00:00:02,0x88b5,reverse,1,678,42,200918
935,1786990952105021,l_left,4,outgoing,256,02:00:00:00:00:01,02:00:00:00:00:02,0x88b5,reverse,1,679,42,200965
936,1786990952105319,l_left,4,outgoing,256,02:00:00:00:00:01,02:00:00:00:00:02,0x88b5,reverse,1,680,42,201263
937,1786990952105624,l_left,4,outgoing,256,02:00:00:00:00:01,02:00:00:00:00:02,0x88b5,reverse,1,681,42,201568
938,1786990952105887,l_left,4,outgoing,256,02:00:00:00:00:01,02:00:00:00:00:02,0x88b5,reverse,1,682,42,201831
939,1786990952106134,l_left,4,outgoing,256,02:00:00:00:00:01,02:00:00:00:00:02,0x88b5,reverse,1,683,42,202078
940,1786990952106378,l_left,4,outgoing,256,02:00:00:00:00:01,02:00:00:00:00:02,0x88b5,reverse,1,684,42,202322
941,1786990952106629,l_left,4,outgoing,256,02:00:00:00:00:01,02:00:00:00:00:02,0x88b5,reverse,1,685,42,202573
942,1786990952106860,l_left,4,outgoing,256,02:00:00:00:00:01,02:00:00:00:00:02,0x88b5,reverse,1,686,42,202804
943,1786990952107091,l_left,4,outgoing,256,02:00:00:00:00:01,02:00:00:00:00:02,0x88b5,reverse,1,687,42,203035
944,1786990952107382,l_left,3,otherhost,256,02:00:00:00:00:02,02:00:00:00:00:01,0x88b5,forward,1,256,42,203326
945,1786990952107471,l_left,3,otherhost,256,02:00:00:00:00:02,02:00:00:00:00:01,0x88b5,forward,1,257,42,203415
946,1786990952113979,l_left,3,otherhost,256,02:00:00:00:00:02,02:00:00:00:00:01,0x88b5,forward,1,258,43,0
947,1786990952114025,l_left,3,otherhost,256,02:00:00:00:00:02,02:00:00:00:00:01,0x88b5,forward,1,259,43,46
948,1786990952114322,l_left,3,otherhost,256,02:00:00:00:00:02,02:00:00:00:00:01,0x88b5,forward,1,260,43,343
949,1786990952114491,l_left,3,otherhost,256,02:00:00:00:00:02,02:00:00:00:00:01,0x88b5,forward,1,261,43,512
950,1786990952115002,l_left,4,outgoing,256,02:00:00:00:00:01,02:00:00:00:00:02,0x88b5,reverse,1,688,43,1023
951,1786990952115032,l_left,4,outgoing,256,02:00:00:00:00:01,02:00:00:00:00:02,0x88b5,reverse,1,689,43,1053
952,1786990952314731,l_left,4,outgoing,256,02:00:00:00:00:01,02:00:00:00:00:02,0x88b5,reverse,1,690,43,200752
953,1786990952314796,l_left,4,outgoing,256,02:00:00:00:00:01,02:00:00:00:00:02,0x88b5,reverse,1,691,43,200817
954,1786990952314821,l_left,4,outgoing,256,02:00:00:00:00:01,02:00:00:00:00:02,0x88b5,reverse,1,692,43,200842
955,1786990952314844,l_left,4,outgoing,256,02:00:00:00:00:01,02:00:00:00:00:02,0x88b5,reverse,1,693,43,200865
956,1786990952314861,l_left,4,outgoing,256,02:00:00:00:00:01,02:00:00:00:00:02,0x88b5,reverse,1,694,43,200882
957,1786990952315126,l_left,4,outgoing,256,02:00:00:00:00:01,02:00:00:00:00:02,0x88b5,reverse,1,695,43,201147
958,1786990952315379,l_left,4,outgoing,256,02:00:00:00:00:01,02:00:00:00:00:02,0x88b5,reverse,1,696,43,201400
959,1786990952315616,l_left,4,outgoing,256,02:00:00:00:00:01,02:00:00:00:00:02,0x88b5,reverse,1,697,43,201637
960,1786990952315876,l_left,4,outgoing,256,02:00:00:00:00:01,02:00:00:00:00:02,0x88b5,reverse,1,698,43,201897
961,1786990952316126,l_left,4,outgoing,256,02:00:00:00:00:01,02:00:00:00:00:02,0x88b5,reverse,1,699,43,202147
962,1786990952316370,l_left,4,outgoing,256,02:00:00:00:00:01,02:00:00:00:00:02,0x88b5,reverse,1,700,43,202391
963,1786990952316543,l_left,4,outgoing,256,02:00:00:00:00:01,02:00:00:00:00:02,0x88b5,reverse,1,701,43,202564
964,1786990952316784,l_left,4,outgoing,256,02:00:00:00:00:01,02:00:00:00:00:02,0x88b5,reverse,1,702,43,202805
965,1786990952317003,l_left,4,outgoing,256,02:00:00:00:00:01,02:00:00:00:00:02,0x88b5,reverse,1,703,43,203024
966,1786990952317539,l_left,3,otherhost,256,02:00:00:00:00:02,02:00:00:00:00:01,0x88b5,forward,1,262,43,203560
967,1786990952317563,l_left,3,otherhost,256,02:00:00:00:00:02,02:00:00:00:00:01,0x88b5,forward,1,263,43,203584
968,1786990952324049,l_left,3,otherhost,256,02:00:00:00:00:02,02:00:00:00:00:01,0x88b5,forward,1,264,44,0
969,1786990952324082,l_left,3,otherhost,256,02:00:00:00:00:02,02:00:00:00:00:01,0x88b5,forward,1,265,44,33
970,1786990952324282,l_left,3,otherhost,256,02:00:00:00:00:02,02:00:00:00:00:01,0x88b5,forward,1,266,44,233
971,1786990952324528,l_left,3,otherhost,256,02:00:00:00:00:02,02:00:00:00:00:01,0x88b5,forward,1,267,44,479
972,1786990952325053,l_left,4,outgoing,256,02:00:00:00:00:01,02:00:00:00:00:02,0x88b5,reverse,1,704,44,1004
973,1786990952325091,l_left,4,outgoing,256,02:00:00:00:00:01,02:00:00:00:00:02,0x88b5,reverse,1,705,44,1042
974,1786990952525082,l_left,4,outgoing,256,02:00:00:00:00:01,02:00:00:00:00:02,0x88b5,reverse,1,706,44,201033
975,1786990952525170,l_left,4,outgoing,256,02:00:00:00:00:01,02:00:00:00:00:02,0x88b5,reverse,1,707,44,201121
976,1786990952525193,l_left,4,outgoing,256,02:00:00:00:00:01,02:00:00:00:00:02,0x88b5,reverse,1,708,44,201144
977,1786990952525211,l_left,4,outgoing,256,02:00:00:00:00:01,02:00:00:00:00:02,0x88b5,reverse,1,709,44,201162
978,1786990952525228,l_left,4,outgoing,256,02:00:00:00:00:01,02:00:00:00:00:02,0x88b5,reverse,1,710,44,201179
979,1786990952525250,l_left,4,outgoing,256,02:00:00:00:00:01,02:00:00:00:00:02,0x88b5,reverse,1,711,44,201201
980,1786990952525267,l_left,4,outgoing,256,02:00:00:00:00:01,02:00:00:00:00:02,0x88b5,reverse,1,712,44,201218
981,1786990952525614,l_left,4,outgoing,256,02:00:00:00:00:01,02:00:00:00:00:02,0x88b5,reverse,1,713,44,201565
982,1786990952525866,l_left,4,outgoing,256,02:00:00:00:00:01,02:00:00:00:00:02,0x88b5,reverse,1,714,44,201817
983,1786990952526122,l_left,4,outgoing,256,02:00:00:00:00:01,02:00:00:00:00:02,0x88b5,reverse,1,715,44,202073
984,1786990952526371,l_left,4,outgoing,256,02:00:00:00:00:01,02:00:00:00:00:02,0x88b5,reverse,1,716,44,202322
985,1786990952526659,l_left,4,outgoing,256,02:00:00:00:00:01,02:00:00:00:00:02,0x88b5,reverse,1,717,44,202610
986,1786990952526780,l_left,4,outgoing,256,02:00:00:00:00:01,02:00:00:00:00:02,0x88b5,reverse,1,718,44,202731
987,1786990952527030,l_left,4,outgoing,256,02:00:00:00:00:01,02:00:00:00:00:02,0x88b5,reverse,1,719,44,202981
988,1786990952527616,l_left,3,otherhost,256,02:00:00:00:00:02,02:00:00:00:00:01,0x88b5,forward,1,268,44,203567
989,1786990952527642,l_left,3,otherhost,256,02:00:00:00:00:02,02:00:00:00:00:01,0x88b5,forward,1,269,44,203593
990,1786990952534210,l_left,3,otherhost,256,02:00:00:00:00:02,02:00:00:00:00:01,0x88b5,forward,1,270,45,0
991,1786990952534270,l_left,3,otherhost,256,02:00:00:00:00:02,02:00:00:00:00:01,0x88b5,forward,1,271,45,60
992,1786990952534294,l_left,3,otherhost,256,02:00:00:00:00:02,02:00:00:00:00:01,0x88b5,forward,1,272,45,84
993,1786990952534491,l_left,3,otherhost,256,02:00:00:00:00:02,02:00:00:00:00:01,0x88b5,forward,1,273,45,281
994,1786990952535016,l_left,4,outgoing,256,02:00:00:00:00:01,02:00:00:00:00:02,0x88b5,reverse,1,720,45,806
995,1786990952535034,l_left,4,outgoing,256,02:00:00:00:00:01,02:00:00:00:00:02,0x88b5,reverse,1,721,45,824
