Stage advance for pipe pipe INITIAL not ignoring container conflicts
Stage 0
  exact ixbar groups                  ternary ixbar groups
  B0D0H0E0C0A0G0G1..F1............  I0J1I2I3J0 I1 J2J3K0K1K2
  ................................  K3........ .. ..........
  ................................  .......... .. ..........
  ................................  .......... .. ..........
  ................................  .......... .. ..........
  ................................  .......... .. ..........
  ................................
  ................................
     A B14 (tbl_defense4_rrc_stagerecovery_probe2449$gw)
     B B3 (tbl_build_exp_ack_0)
     C B7 (tbl_defense4_rrc_stagerecovery_probe2463$gw, tbl_defense4_rrc_stagerecovery_probe2469$gw, tbl_defense4_rrc_stagerecovery_probe2480$gw)
     D B8 (tbl_build_exp_ack_0$gw)
     E B9 (cond-74$gw)
     F H23 (tbl_defense4_rrc_stagerecovery_probe3175$gw, tbl_defense4_rrc_stagerecovery_probe3186$gw)
     G H24 (cond-133$gw, cond-135$gw, tbl_defense4_rrc_stagerecovery_probe3195$gw)
     H H9 (tbl_session_0$gw)
     I W10 (tbl_session_0)
     J W13 (tbl_session_0)
     K W14 (tbl_session_0)
  hash select bits  Groups  hd  /- hash dist bits --- (Groups: -1 -1)
  A... ............  A0001  ... ................................................
  .... ............  .0000  ... ................................................
  .... ............  .0000  ... ................................................
  .... ............  .0000  ... ................................................
  .... ............  .0000  ... ................................................
  .... ............  .0000  ... ................................................
  .... ............  .0000  ... ................................................
  .... ............  .0000  ... ................................................
  .... ............         ... ................................................
  .... ............         ... ................................................
  .... ............         ... ................................................
  .... ............         ... ................................................
  .... ............         ... ................................................
  .... ............         ... ................................................
  .... ............         ... ................................................
  .... ............         ... ................................................
     A tbl_build_exp_ack_0
  
  tc  sb  rb  tib ab  st  srams       mapram  ov  gw pay 2p
  c.  ..  ..  eT  ..  ..  e.........  ......  ..  VB  ..  .
  c.  ..  ..  ZX  ..  ..  ..........  ......  ..  QA  ..  .
  c.  ..  ..  WR  ..  ..  ..........  ......  ..  HN  ..  .
  ..  ..  ..  IO  ..  ..  ..........  ......  ..  LJ  ..  .
  ..  ..  ..  MK  ..  ..  ....FF....  FF....  ..  Cd  ..  .
  ..  ..  ..  bG  ..  ..  ..........  ......  ..  E.  ..  .
  ..  ..  ..  ..  ..  ..  ....SSa...  SS....  ..  ..  ..  .
  ..  D.  ..  ..  ..  ..  DP..U.....  ......  ..  Y.  ..  .
  ..                                                      
  ..                                                      
  ..                                                      
  ..                                                      
     A cond-133$gw
     B cond-135$gw
     C cond-74$gw
     D tbl_build_exp_ack_0
     E tbl_build_exp_ack_0$gw
     F tbl_defense4_rrc_stagerecovery_probe2394$stats.Ingress.ctr_fresh
     G tbl_defense4_rrc_stagerecovery_probe2394$tind
     H tbl_defense4_rrc_stagerecovery_probe2449$gw
     I tbl_defense4_rrc_stagerecovery_probe2449$tind
     J tbl_defense4_rrc_stagerecovery_probe2463$gw
     K tbl_defense4_rrc_stagerecovery_probe2463$tind
     L tbl_defense4_rrc_stagerecovery_probe2469$gw
     M tbl_defense4_rrc_stagerecovery_probe2469$tind
     N tbl_defense4_rrc_stagerecovery_probe2480$gw
     O tbl_defense4_rrc_stagerecovery_probe2480$tind
     P tbl_defense4_rrc_stagerecovery_probe3175$action_data
     Q tbl_defense4_rrc_stagerecovery_probe3175$gw
     R tbl_defense4_rrc_stagerecovery_probe3175$tind
     S tbl_defense4_rrc_stagerecovery_probe3181$stats.Egress.ctr_rrc
     T tbl_defense4_rrc_stagerecovery_probe3181$tind
     U tbl_defense4_rrc_stagerecovery_probe3186$action_data
     V tbl_defense4_rrc_stagerecovery_probe3186$gw
     W tbl_defense4_rrc_stagerecovery_probe3186$tind
     X tbl_defense4_rrc_stagerecovery_probe3192$tind
     Y tbl_defense4_rrc_stagerecovery_probe3195$gw
     Z tbl_defense4_rrc_stagerecovery_probe3195$tind
     a tbl_params_0$action_data
     b tbl_params_0$tind
     c tbl_session_0
     d tbl_session_0$gw
     e tbl_session_0$tind
  
can't place tbl_defense4_rrc_stagerecovery_probe2451 in stage 0 : dependency on table tbl_session_0
can't place tbl_defense4_rrc_stagerecovery_probe3200 in stage 0 : dependency on table tbl_defense4_rrc_stagerecovery_probe3186
can't place egress_reset_invalidated_checksum_fields_0 in stage 0 : dependency on table tbl_defense4_rrc_stagerecovery_probe3175
can't place egress_reset_invalidated_checksum_fields_1 in stage 0 : dependency on table tbl_defense4_rrc_stagerecovery_probe3175
can't place egress_reset_invalidated_checksum_fields_2 in stage 0 : dependency on table tbl_defense4_rrc_stagerecovery_probe3186
can't place egress_reset_invalidated_checksum_fields_3 in stage 0 : dependency on table tbl_defense4_rrc_stagerecovery_probe3186
Stage 1
  exact ixbar groups                  ternary ixbar groups
  C0A0E0..H0H1....I0I1............  .......... .. ..........
  D0F1B0D1........G0G1G2G3J0J1J2J3  .......... .. ..........
  ................................  .......... .. ..........
  ................................  .......... .. ..........
  ................................  .......... .. ..........
  ................................  .......... .. ..........
  ................................
  ................................
     A B11 (tbl_defense4_rrc_stagerecovery_probe2451$gw, tbl_defense4_rrc_stagerecovery_probe2454$gw, tbl_defense4_rrc_stagerecovery_probe2457$gw, tbl_defense4_rrc_stagerecovery_probe2514$gw)
     B B16 (egress_reset_invalidated_checksum_fields_2$gw)
     C B7 (tbl_defense4_rrc_stagerecovery_probe2451$gw, tbl_defense4_rrc_stagerecovery_probe2454$gw, tbl_defense4_rrc_stagerecovery_probe2457$gw)
     D H23 (egress_reset_invalidated_checksum_fields_0$gw, egress_reset_invalidated_checksum_fields_1$gw, egress_reset_invalidated_checksum_fields_2$gw, egress_reset_invalidated_checksum_fields_3$gw, egresshdr.ipv4.hdr_checksum_encode_update_condition_2, tbl_defense4_rrc_stagerecovery_probe3200$gw)
     E H6 (tbl_defense4_rrc_stagerecovery_probe2454$gw, tbl_defense4_rrc_stagerecovery_probe2457$gw)
     F H7 (tbl_defense4_rrc_stagerecovery_probe2407$gw)
     G W0 (tbl_defense4_rrc_stagerecovery_probe2404$gw, tbl_defense4_rrc_stagerecovery_probe2515$salu)
     H W11 (tbl_defense4_rrc_stagerecovery_probe2516$salu)
     I W12 (tbl_defense4_rrc_stagerecovery_probe2516$salu)
     J W36 (tbl_defense4_rrc_stagerecovery_probe2515$salu)
  hash select bits  Groups  hd  /- hash dist bits --- (Groups: -1 -1)
  BBBB ............  B0003  ... ................................................
  BBBB ............  A0004  ... ................................................
  A... ............  .0000  ... ................................................
  .... ............  .0000  ... ................................................
  .... ............  .0000  ... ................................................
  .... ............  .0000  ... ................................................
  .... ............  .0000  ... ................................................
  .... ............  .0000  ... ................................................
  .... ............         ... ................................................
  .... ............         ... ................................................
  .... ............         ... ................................................
  .... ............         ... ................................................
  .... ............         ... ................................................
  .... ............         ... ................................................
  .... ............         ... ................................................
  .... ............         ... ................................................
     A egresshdr.ipv4.hdr_checksum_encode_update_condition_2
     B tbl_defense4_rrc_stagerecovery_probe2516$salu
  
  tc  sb  rb  tib ab  st  srams       mapram  ov  gw pay 2p
  ..  ..  ..  cB  ..  ..  ..........  ......  ..  AC  ..  .
  ..  ..  ..  DF  ..  ..  ..........  ......  ..  EG  ..  .
  ..  ..  ..  HO  ..  ..  ..........  ......  ..  NL  ..  .
  ..  ..  ..  JM  ..  ..  ..........  ......  ..  VT  ..  .
  ..  ..  ..  YW  ..  ..  ..........  ......  ..  RP  ..  .
  ..  ..  ..  Ka  ..  ..  ....ZZ....  ZZ....  ..  ..  ..  .
  ..  ..  ..  US  ..  ..  ..........  ......  ..  ..  ..  .
  ..  I.  ..  Q.  ..  ..  I...XX....  XX....  ..  b.  ..  .
  ..                                                      
  ..                                                      
  ..                                                      
  ..                                                      
     A egress_reset_invalidated_checksum_fields_0$gw
     B egress_reset_invalidated_checksum_fields_0$tind
     C egress_reset_invalidated_checksum_fields_1$gw
     D egress_reset_invalidated_checksum_fields_1$tind
     E egress_reset_invalidated_checksum_fields_2$gw
     F egress_reset_invalidated_checksum_fields_2$tind
     G egress_reset_invalidated_checksum_fields_3$gw
     H egress_reset_invalidated_checksum_fields_3$tind
     I egresshdr.ipv4.hdr_checksum_encode_update_condition_2
     J tbl_build_do_shape_0$tind
     K tbl_defense4_rrc_stagerecovery_probe2398$tind
     L tbl_defense4_rrc_stagerecovery_probe2404$gw
     M tbl_defense4_rrc_stagerecovery_probe2404$tind
     N tbl_defense4_rrc_stagerecovery_probe2407$gw
     O tbl_defense4_rrc_stagerecovery_probe2407$tind
     P tbl_defense4_rrc_stagerecovery_probe2451$gw
     Q tbl_defense4_rrc_stagerecovery_probe2451$tind
     R tbl_defense4_rrc_stagerecovery_probe2454$gw
     S tbl_defense4_rrc_stagerecovery_probe2454$tind
     T tbl_defense4_rrc_stagerecovery_probe2457$gw
     U tbl_defense4_rrc_stagerecovery_probe2457$tind
     V tbl_defense4_rrc_stagerecovery_probe2514$gw
     W tbl_defense4_rrc_stagerecovery_probe2514$tind
     X tbl_defense4_rrc_stagerecovery_probe2515$salu.Ingress.reg_exp_relay_seq
     Y tbl_defense4_rrc_stagerecovery_probe2515$tind
     Z tbl_defense4_rrc_stagerecovery_probe2516$salu.Ingress.reg_session_port
     a tbl_defense4_rrc_stagerecovery_probe2516$tind
     b tbl_defense4_rrc_stagerecovery_probe3200$gw
     c tbl_defense4_rrc_stagerecovery_probe3200$tind
  
can't place egresshdr.tcp.checksum_encode_update_condition_3 in stage 1 : container conflict with table egresshdr.ipv4.hdr_checksum_encode_update_condition_2
can't place tbl_build_now_0 in stage 1 : dependency on table tbl_defense4_rrc_stagerecovery_probe2398
can't place cond-82 in stage 1 : dependency on table tbl_defense4_rrc_stagerecovery_probe2457
can't place tbl_defense4_rrc_stagerecovery_probe2520 in stage 1 : dependency on table tbl_defense4_rrc_stagerecovery_probe2457
can't place tbl_defense4_rrc_stagerecovery_probe2518 in stage 1 : dependency on table tbl_defense4_rrc_stagerecovery_probe2457
Stage 2
  exact ixbar groups                  ternary ixbar groups
  A0B1B0..........D0D1D2D3C0C1C2C3  .......... .. ..........
  ................................  .......... .. ..........
  ................................  .......... .. ..........
  ................................  .......... .. ..........
  ................................  .......... .. ..........
  ................................  .......... .. ..........
  ................................
  ................................
     A B12 (cond-82$gw, tbl_defense4_rrc_stagerecovery_probe2518$gw)
     B H23 (egresshdr.tcp.checksum_encode_update_condition_3)
     C W2 (tbl_defense4_rrc_stagerecovery_probe2520$salu)
     D W32 (tbl_defense4_rrc_stagerecovery_probe2520$salu)
  hash select bits  Groups  hd  /- hash dist bits --- (Groups: -1 -1)
  A... ............  A0001  ... ................................................
  .... ............  .0000  ... ................................................
  .... ............  .0000  ... ................................................
  .... ............  .0000  ... ................................................
  .... ............  .0000  ... ................................................
  .... ............  .0000  ... ................................................
  .... ............  .0000  ... ................................................
  .... ............  .0000  ... ................................................
  .... ............         ... ................................................
  .... ............         ... ................................................
  .... ............         ... ................................................
  .... ............         ... ................................................
  .... ............         ... ................................................
  .... ............         ... ................................................
  .... ............         ... ................................................
  .... ............         ... ................................................
     A egresshdr.tcp.checksum_encode_update_condition_3
  
  tc  sb  rb  tib ab  st  srams       mapram  ov  gw pay 2p
  ..  ..  ..  GE  ..  ..  ..........  ......  ..  D.  ..  .
  ..  ..  ..  C.  ..  ..  ..........  ......  ..  ..  ..  .
  ..  ..  ..  ..  ..  ..  ..........  ......  ..  ..  ..  .
  ..  ..  ..  ..  ..  ..  ..........  ......  ..  ..  ..  .
  ..  ..  ..  ..  ..  ..  ..........  ......  ..  ..  ..  .
  ..  ..  ..  ..  ..  ..  ..........  ......  ..  ..  ..  .
  ..  ..  ..  ..  ..  ..  ..........  ......  ..  ..  ..  .
  ..  B.  ..  ..  ..  ..  B...FF....  FF....  ..  A.  ..  .
  ..                                                      
  ..                                                      
  ..                                                      
  ..                                                      
     A cond-82$gw
     B egresshdr.tcp.checksum_encode_update_condition_3
     C tbl_build_now_0$tind
     D tbl_defense4_rrc_stagerecovery_probe2518$gw
     E tbl_defense4_rrc_stagerecovery_probe2518$tind
     F tbl_defense4_rrc_stagerecovery_probe2520$salu.Ingress.reg_exp_ack
     G tbl_defense4_rrc_stagerecovery_probe2520$tind
  
can't place tbl_defense4_rrc_stagerecovery_probe2495 in stage 2 : container conflict with table tbl_defense4_rrc_stagerecovery_probe2520
can't place tbl_defense4_rrc_stagerecovery_probe2493 in stage 2 : container conflict with table tbl_defense4_rrc_stagerecovery_probe2520
can't place tbl_defense4_rrc_stagerecovery_probe2498 in stage 2 : shared table tbl_defense4_rrc_stagerecovery_probe2495 container conflict with table tbl_defense4_rrc_stagerecovery_probe2520
Stage 3
  exact ixbar groups                  ternary ixbar groups
  C0A0B0..........D0..............  .......... .. ..........
  ................................  .......... .. ..........
  ................................  .......... .. ..........
  ................................  .......... .. ..........
  ................................  .......... .. ..........
  ................................  .......... .. ..........
  ................................
  ................................
     A B10 (tbl_defense4_rrc_stagerecovery_probe2498$gw)
     B B12 (tbl_defense4_rrc_stagerecovery_probe2498$gw)
     C B15 (tbl_defense4_rrc_stagerecovery_probe2493$gw)
     D B4 (tbl_defense4_rrc_stagerecovery_probe2498$salu)
  hash select bits  Groups  hd  /- hash dist bits --- (Groups: -1 -1)
  .... ............  .0000  ... ................................................
  .... ............  .0000  ... ................................................
  .... ............  .0000  ... ................................................
  .... ............  .0000  ... ................................................
  .... ............  .0000  ... ................................................
  .... ............  .0000  ... ................................................
  .... ............  .0000  ... ................................................
  .... ............  .0000  ... ................................................
  .... ............         ... ................................................
  .... ............         ... ................................................
  .... ............         ... ................................................
  .... ............         ... ................................................
  .... ............         ... ................................................
  .... ............         ... ................................................
  .... ............         ... ................................................
  .... ............         ... ................................................
  
  tc  sb  rb  tib ab  st  srams       mapram  ov  gw pay 2p
  ..  ..  ..  AH  ..  ..  ..........  ......  ..  FC  ..  .
  ..  ..  ..  ED  ..  ..  ..........  ......  ..  ..  ..  .
  ..  ..  ..  B.  ..  ..  ..........  ......  ..  ..  ..  .
  ..  ..  ..  ..  ..  ..  ..........  ......  ..  ..  ..  .
  ..  ..  ..  ..  ..  ..  ..........  ......  ..  ..  ..  .
  ..  ..  ..  ..  ..  ..  ..........  ......  ..  ..  ..  .
  ..  ..  ..  ..  ..  ..  ..........  ......  ..  ..  ..  .
  ..  ..  ..  ..  ..  ..  ....GG....  GG....  ..  ..  ..  .
  ..                                                      
  ..                                                      
  ..                                                      
  ..                                                      
     A tbl_build_cand_0$tind
     B tbl_build_cand_resp_0$tind
     C tbl_defense4_rrc_stagerecovery_probe2493$gw
     D tbl_defense4_rrc_stagerecovery_probe2493$tind
     E tbl_defense4_rrc_stagerecovery_probe2495$tind
     F tbl_defense4_rrc_stagerecovery_probe2498$gw
     G tbl_defense4_rrc_stagerecovery_probe2498$salu.Ingress.reg_failopen
     H tbl_defense4_rrc_stagerecovery_probe2498$tind
  
can't place tbl_resp_authorise_0 in stage 3 : container conflict with table tbl_build_cand_resp_0
Stage 4
  exact ixbar groups                  ternary ixbar groups
  ................................  .......... .. F2G3B0D1G2
  ................................  E1C0B1A0C1 .. ..........
  ................................  .......... F3 ..........
  ................................  .......... .. ..........
  ................................  .......... .. ..........
  ................................  .......... .. ..........
  ................................
  ................................
     A B12 (tbl_resp_authorise_0)
     B H10 (tbl_resp_authorise_0)
     C H15 (tbl_resp_authorise_0)
     D H6 (tbl_resp_authorise_0)
     E H8 (tbl_resp_authorise_0)
     F W11 (tbl_resp_authorise_0)
     G W12 (tbl_resp_authorise_0)
  hash select bits  Groups  hd  /- hash dist bits --- (Groups: -1 -1)
  .... ............  .0000  ... ................................................
  .... ............  .0000  ... ................................................
  .... ............  .0000  ... ................................................
  .... ............  .0000  ... ................................................
  .... ............  .0000  ... ................................................
  .... ............  .0000  ... ................................................
  .... ............  .0000  ... ................................................
  .... ............  .0000  ... ................................................
  .... ............         ... ................................................
  .... ............         ... ................................................
  .... ............         ... ................................................
  .... ............         ... ................................................
  .... ............         ... ................................................
  .... ............         ... ................................................
  .... ............         ... ................................................
  .... ............         ... ................................................
  
  tc  sb  rb  tib ab  st  srams       mapram  ov  gw pay 2p
  A.  ..  ..  B.  ..  ..  B.........  ......  ..  ..  ..  .
  A.  ..  ..  ..  ..  ..  ..........  ......  ..  ..  ..  .
  A.  ..  ..  ..  ..  ..  ..........  ......  ..  ..  ..  .
  ..  ..  ..  ..  ..  ..  ..........  ......  ..  ..  ..  .
  ..  ..  ..  ..  ..  ..  ..........  ......  ..  ..  ..  .
  ..  ..  ..  ..  ..  ..  ..........  ......  ..  ..  ..  .
  ..  ..  ..  ..  ..  ..  ..........  ......  ..  ..  ..  .
  ..  ..  ..  ..  ..  ..  ..........  ......  ..  ..  ..  .
  ..                                                      
  ..                                                      
  ..                                                      
  ..                                                      
     A tbl_resp_authorise_0
     B tbl_resp_authorise_0$tind
  
can't place tbl_defense4_rrc_stagerecovery_probe2537 in stage 4 : dependency on table tbl_resp_authorise_0
Stage 5
  exact ixbar groups                  ternary ixbar groups
  E0D0A0C0B0......................  .......... .. ..........
  ................................  .......... .. ..........
  ................................  .......... .. ..........
  ................................  .......... .. ..........
  ................................  .......... .. ..........
  ................................  .......... .. ..........
  ................................
  ................................
     A B12 (tbl_defense4_rrc_stagerecovery_probe2537$gw, tbl_defense4_rrc_stagerecovery_probe2541$gw, tbl_defense4_rrc_stagerecovery_probe2547$gw, tbl_defense4_rrc_stagerecovery_probe2563$gw)
     B B14 (tbl_defense4_rrc_stagerecovery_probe2547$gw)
     C B15 (tbl_defense4_rrc_stagerecovery_probe2537$gw, tbl_defense4_rrc_stagerecovery_probe2558$gw)
     D B4 (tbl_defense4_rrc_stagerecovery_probe2560$salu)
     E H8 (tbl_defense4_rrc_stagerecovery_probe2560$salu)
  hash select bits  Groups  hd  /- hash dist bits --- (Groups: -1 -1)
  AA.. ............  A0001  ... ................................................
  .... ............  .0000  ... ................................................
  .... ............  .0000  ... ................................................
  .... ............  .0000  ... ................................................
  .... ............  .0000  ... ................................................
  .... ............  .0000  ... ................................................
  .... ............  .0000  ... ................................................
  .... ............  .0000  ... ................................................
  .... ............         ... ................................................
  .... ............         ... ................................................
  .... ............         ... ................................................
  .... ............         ... ................................................
  .... ............         ... ................................................
  .... ............         ... ................................................
  .... ............         ... ................................................
  .... ............         ... ................................................
     A tbl_defense4_rrc_stagerecovery_probe2560$salu
  
  tc  sb  rb  tib ab  st  srams       mapram  ov  gw pay 2p
  ..  ..  ..  IL  ..  ..  ..........  ......  ..  GK  ..  .
  ..  ..  ..  FD  ..  ..  ..........  ......  ..  EC  ..  .
  ..  ..  ..  BJ  ..  ..  ..........  ......  ..  A.  ..  .
  ..  ..  ..  ..  ..  ..  ..........  ......  ..  ..  ..  .
  ..  ..  ..  ..  ..  ..  ..........  ......  ..  ..  ..  .
  ..  ..  ..  ..  ..  ..  ..........  ......  ..  ..  ..  .
  ..  ..  ..  ..  ..  ..  ..........  ......  ..  ..  ..  .
  ..  ..  ..  ..  ..  ..  ....HH....  HH....  ..  ..  ..  .
  ..                                                      
  ..                                                      
  ..                                                      
  ..                                                      
     A tbl_defense4_rrc_stagerecovery_probe2537$gw
     B tbl_defense4_rrc_stagerecovery_probe2537$tind
     C tbl_defense4_rrc_stagerecovery_probe2541$gw
     D tbl_defense4_rrc_stagerecovery_probe2541$tind
     E tbl_defense4_rrc_stagerecovery_probe2547$gw
     F tbl_defense4_rrc_stagerecovery_probe2547$tind
     G tbl_defense4_rrc_stagerecovery_probe2558$gw
     H tbl_defense4_rrc_stagerecovery_probe2558$salu.Ingress.reg_tag
     I tbl_defense4_rrc_stagerecovery_probe2558$tind
     J tbl_defense4_rrc_stagerecovery_probe2560$tind
     K tbl_defense4_rrc_stagerecovery_probe2563$gw
     L tbl_defense4_rrc_stagerecovery_probe2563$tind
  
can't place tbl_state_decode_0 in stage 5 : dependency on table tbl_defense4_rrc_stagerecovery_probe2560
can't place tbl_txn_active_0 in stage 5 : dependency on table tbl_defense4_rrc_stagerecovery_probe2560
Stage 6
  exact ixbar groups                  ternary ixbar groups
  ................................  B0..E0.... .. G2H3C0E1H2
  ................................  F1D0C1A0D1 .. ..........
  ................................  .......... G3 ..........
  ................................  .......... .. ..........
  ................................  .......... .. ..........
  ................................  .......... .. ..........
  ................................
  ................................
     A B11 (tbl_state_decode_0)
     B B12 (tbl_state_decode_0)
     C H10 (tbl_state_decode_0)
     D H15 (tbl_state_decode_0)
     E H6 (tbl_state_decode_0, tbl_txn_active_0)
     F H8 (tbl_state_decode_0)
     G W11 (tbl_state_decode_0)
     H W12 (tbl_state_decode_0)
  hash select bits  Groups  hd  /- hash dist bits --- (Groups: -1 -1)
  .... ............  .0000  ... ................................................
  .... ............  .0000  ... ................................................
  .... ............  .0000  ... ................................................
  .... ............  .0000  ... ................................................
  .... ............  .0000  ... ................................................
  .... ............  .0000  ... ................................................
  .... ............  .0000  ... ................................................
  .... ............  .0000  ... ................................................
  .... ............         ... ................................................
  .... ............         ... ................................................
  .... ............         ... ................................................
  .... ............         ... ................................................
  .... ............         ... ................................................
  .... ............         ... ................................................
  .... ............         ... ................................................
  .... ............         ... ................................................
  
  tc  sb  rb  tib ab  st  srams       mapram  ov  gw pay 2p
  A.  ..  ..  B.  ..  ..  B.........  ......  ..  ..  ..  .
  A.  ..  ..  D.  ..  ..  D.........  ......  ..  ..  ..  .
  A.  ..  ..  ..  ..  ..  ..........  ......  ..  ..  ..  .
  C.  ..  ..  ..  ..  ..  ..........  ......  ..  ..  ..  .
  ..  ..  ..  ..  ..  ..  ..........  ......  ..  ..  ..  .
  ..  ..  ..  ..  ..  ..  ..........  ......  ..  ..  ..  .
  ..  ..  ..  ..  ..  ..  ..........  ......  ..  ..  ..  .
  ..  ..  ..  ..  ..  ..  ..........  ......  ..  ..  ..  .
  ..                                                      
  ..                                                      
  ..                                                      
  ..                                                      
     A tbl_state_decode_0
     B tbl_state_decode_0$tind
     C tbl_txn_active_0
     D tbl_txn_active_0$tind
  
can't place tbl_defense4_rrc_stagerecovery_probe2584 in stage 6 : dependency on table tbl_txn_active_0
can't place tbl_defense4_rrc_stagerecovery_probe2582 in stage 6 : dependency on table tbl_txn_active_0
can't place tbl_defense4_rrc_stagerecovery_probe2593 in stage 6 : dependency on table tbl_txn_active_0
can't place tbl_defense4_rrc_stagerecovery_probe2591 in stage 6 : shared table tbl_defense4_rrc_stagerecovery_probe2593 depends on table tbl_txn_active_0
can't place tbl_defense4_rrc_stagerecovery_probe2603 in stage 6 : dependency on table tbl_state_decode_0
Stage 7
  exact ixbar groups                  ternary ixbar groups
  B0A0C0..D0......F0F1F2F3G0G1G2G3  .......... .. ..........
  ................E0E1E2E3G0G1G2G3  .......... .. ..........
  ................................  .......... .. ..........
  ................................  .......... .. ..........
  ................................  .......... .. ..........
  ................................  .......... .. ..........
  ................................
  ................................
     A B12 (tbl_defense4_rrc_stagerecovery_probe2603$gw, tbl_defense4_rrc_stagerecovery_probe2609$gw)
     B H12 (tbl_defense4_rrc_stagerecovery_probe2584$gw, tbl_defense4_rrc_stagerecovery_probe2591$gw)
     C H6 (tbl_defense4_rrc_stagerecovery_probe2609$salu)
     D H8 (tbl_defense4_rrc_stagerecovery_probe2609$salu)
     E W2 (tbl_defense4_rrc_stagerecovery_probe2582$salu)
     F W4 (tbl_defense4_rrc_stagerecovery_probe2593$salu)
     G W7 (tbl_defense4_rrc_stagerecovery_probe2582$salu, tbl_defense4_rrc_stagerecovery_probe2593$salu)
  hash select bits  Groups  hd  /- hash dist bits --- (Groups: -1 -1)
  AA.. ............  A0001  ... ................................................
  .... ............  .0000  ... ................................................
  .... ............  .0000  ... ................................................
  .... ............  .0000  ... ................................................
  .... ............  .0000  ... ................................................
  .... ............  .0000  ... ................................................
  .... ............  .0000  ... ................................................
  .... ............  .0000  ... ................................................
  .... ............         ... ................................................
  .... ............         ... ................................................
  .... ............         ... ................................................
  .... ............         ... ................................................
  .... ............         ... ................................................
  .... ............         ... ................................................
  .... ............         ... ................................................
  .... ............         ... ................................................
     A tbl_defense4_rrc_stagerecovery_probe2609$salu
  
  tc  sb  rb  tib ab  st  srams       mapram  ov  gw pay 2p
  ..  ..  ..  KB  ..  ..  ..........  ......  ..  IC  ..  .
  ..  ..  ..  DH  ..  ..  ..........  ......  ..  EL  ..  .
  ..  ..  ..  FM  ..  ..  ..........  ......  ..  ..  ..  .
  ..  ..  ..  ..  ..  ..  ....GG....  GG....  ..  ..  ..  .
  ..  ..  ..  ..  ..  ..  ..........  ......  ..  ..  ..  .
  ..  ..  ..  ..  ..  ..  ....AA....  AA....  ..  ..  ..  .
  ..  ..  ..  ..  ..  ..  ..........  ......  ..  ..  ..  .
  ..  ..  ..  ..  ..  ..  ....JJ....  JJ....  ..  ..  ..  .
  ..                                                      
  ..                                                      
  ..                                                      
  ..                                                      
     A tbl_defense4_rrc_stagerecovery_probe2582$salu.Ingress.reg_deadline
     B tbl_defense4_rrc_stagerecovery_probe2582$tind
     C tbl_defense4_rrc_stagerecovery_probe2584$gw
     D tbl_defense4_rrc_stagerecovery_probe2584$tind
     E tbl_defense4_rrc_stagerecovery_probe2591$gw
     F tbl_defense4_rrc_stagerecovery_probe2591$tind
     G tbl_defense4_rrc_stagerecovery_probe2593$salu.Ingress.reg_tresp
     H tbl_defense4_rrc_stagerecovery_probe2593$tind
     I tbl_defense4_rrc_stagerecovery_probe2603$gw
     J tbl_defense4_rrc_stagerecovery_probe2603$salu.Ingress.reg_ack_rel
     K tbl_defense4_rrc_stagerecovery_probe2603$tind
     L tbl_defense4_rrc_stagerecovery_probe2609$gw
     M tbl_defense4_rrc_stagerecovery_probe2609$tind
  
can't place tbl_deadline_expiry_0 in stage 7 : dependency on table tbl_defense4_rrc_stagerecovery_probe2584
can't place tbl_tresp_expiry_0 in stage 7 : dependency on table tbl_defense4_rrc_stagerecovery_probe2593
Stage 8
  exact ixbar groups                  ternary ixbar groups
  F0F1F2F3G0G1G2G3D0C0A0B0E0......  .......... .. ..........
  ................................  .......... .. ..........
  ................................  .......... .. ..........
  ................................  .......... .. ..........
  ................................  .......... .. ..........
  ................................  .......... .. ..........
  ................................
  ................................
     A B12 (cond-103$gw, cond-109$gw, tbl_defense4_rrc_stagerecovery_probe2827$gw)
     B B15 (tbl_defense4_rrc_stagerecovery_probe2797$gw, tbl_defense4_rrc_stagerecovery_probe2833$gw)
     C B7 (cond-98$gw, tbl_defense4_rrc_stagerecovery_probe2624$gw, tbl_defense4_rrc_stagerecovery_probe2850$gw)
     D B9 (cond-96$gw)
     E H12 (tbl_defense4_rrc_stagerecovery_probe2797$gw, tbl_defense4_rrc_stagerecovery_probe2833$gw, tbl_defense4_rrc_stagerecovery_probe2835$gw, tbl_to_hold$gw)
     F W36 (tbl_tresp_expiry_0$gw)
     G W5 (tbl_deadline_expiry_0$gw)
  hash select bits  Groups  hd  /- hash dist bits --- (Groups: -1 -1)
  .... ............  .0000  ... ................................................
  .... ............  .0000  ... ................................................
  .... ............  .0000  ... ................................................
  .... ............  .0000  ... ................................................
  .... ............  .0000  ... ................................................
  .... ............  .0000  ... ................................................
  .... ............  .0000  ... ................................................
  .... ............  .0000  ... ................................................
  .... ............         ... ................................................
  .... ............         ... ................................................
  .... ............         ... ................................................
  .... ............         ... ................................................
  .... ............         ... ................................................
  .... ............         ... ................................................
  .... ............         ... ................................................
  .... ............         ... ................................................
  
  tc  sb  rb  tib ab  st  srams       mapram  ov  gw pay 2p
  ..  FY  ..  ..  ..  ..  ..........  ......  ..  GZ  GZ  .
  ..  ..  ..  LS  ..  ..  ..........  ......  ..  JQ  ..  .
  ..  ..  ..  RE  ..  ..  ..........  ......  ..  OT  ..  .
  ..  ..  ..  PV  ..  ..  ..........  ......  ..  MB  ..  .
  ..  ..  ..  UN  ..  ..  ..........  ......  ..  AD  ..  .
  ..  ..  ..  IX  ..  ..  ..........  ......  ..  HC  ..  .
  ..  ..  ..  ..  ..  ..  ....KK....  KK....  ..  W.  ..  .
  ..  ..  ..  ..  ..  ..  ..........  ......  ..  ..  ..  .
  ..                                                      
  ..                                                      
  ..                                                      
  ..                                                      
     A cond-103$gw
     B cond-109$gw
     C cond-96$gw
     D cond-98$gw
     E tbl_arm_clone$tind
     F tbl_deadline_expiry_0
     G tbl_deadline_expiry_0$gw
     H tbl_defense4_rrc_stagerecovery_probe2624$gw
     I tbl_defense4_rrc_stagerecovery_probe2624$tind
     J tbl_defense4_rrc_stagerecovery_probe2797$gw
     K tbl_defense4_rrc_stagerecovery_probe2797$stats.Ingress.ctr_fresh
     L tbl_defense4_rrc_stagerecovery_probe2797$tind
     M tbl_defense4_rrc_stagerecovery_probe2827$gw
     N tbl_defense4_rrc_stagerecovery_probe2827$tind
     O tbl_defense4_rrc_stagerecovery_probe2833$gw
     P tbl_defense4_rrc_stagerecovery_probe2833$tind
     Q tbl_defense4_rrc_stagerecovery_probe2835$gw
     R tbl_defense4_rrc_stagerecovery_probe2835$tind
     S tbl_defense4_rrc_stagerecovery_probe2843$tind
     T tbl_defense4_rrc_stagerecovery_probe2850$gw
     U tbl_defense4_rrc_stagerecovery_probe2850$tind
     V tbl_defense4_rrc_stagerecovery_probe2854$tind
     W tbl_to_hold$gw
     X tbl_to_hold$tind
     Y tbl_tresp_expiry_0
     Z tbl_tresp_expiry_0$gw
  
can't place cond-117 in stage 8 : ran out of memories: too many tables total
can't place tbl_defense4_rrc_stagerecovery_probe2691 in stage 8 : ran out of memories: too many tables total
can't place tbl_defense4_rrc_stagerecovery_probe2728 in stage 8 : ran out of memories: too many tables total
can't place tbl_defense4_rrc_stagerecovery_probe2812 in stage 8 : ran out of memories: too many tables total
can't place tbl_defense4_rrc_stagerecovery_probe2803 in stage 8 : ran out of memories: too many tables total
can't place tbl_defense4_rrc_stagerecovery_probe2819 in stage 8 : ran out of memories: too many tables total
Stage 9
  exact ixbar groups                  ternary ixbar groups
  H0H1H2H3E0C0F0G1G0A0B0D1D0......  .......... .. ..........
  ................................  .......... .. ..........
  ................................  .......... .. ..........
  ................................  .......... .. ..........
  ................................  .......... .. ..........
  ................................  .......... .. ..........
  ................................
  ................................
     A B11 (tbl_defense4_rrc_stagerecovery_probe2743$gw)
     B B14 (tbl_defense4_rrc_stagerecovery_probe2691$gw)
     C B15 (tbl_defense4_rrc_stagerecovery_probe2728$gw)
     D H11 (tbl_defense4_rrc_stagerecovery_probe2639$gw, tbl_defense4_rrc_stagerecovery_probe2648$gw)
     E H12 (tbl_defense4_rrc_stagerecovery_probe2728$gw, tbl_defense4_rrc_stagerecovery_probe2778$gw, tbl_to_resp_hold$gw)
     F H13 (tbl_defense4_rrc_stagerecovery_probe2639$gw, tbl_defense4_rrc_stagerecovery_probe2648$gw, tbl_defense4_rrc_stagerecovery_probe2728$gw, tbl_defense4_rrc_stagerecovery_probe2778$gw, tbl_to_resp_hold$gw)
     G H14 (tbl_defense4_rrc_stagerecovery_probe2788$gw)
     H W6 (tbl_defense4_rrc_stagerecovery_probe2803$gw)
  hash select bits  Groups  hd  /- hash dist bits --- (Groups: -1 -1)
  .... ............  .0000  ... ................................................
  .... ............  .0000  ... ................................................
  .... ............  .0000  ... ................................................
  .... ............  .0000  ... ................................................
  .... ............  .0000  ... ................................................
  .... ............  .0000  ... ................................................
  .... ............  .0000  ... ................................................
  .... ............  .0000  ... ................................................
  .... ............         ... ................................................
  .... ............         ... ................................................
  .... ............         ... ................................................
  .... ............         ... ................................................
  .... ............         ... ................................................
  .... ............         ... ................................................
  .... ............         ... ................................................
  .... ............         ... ................................................
  
  tc  sb  rb  tib ab  st  srams       mapram  ov  gw pay 2p
  ..  ..  ..  XF  ..  ..  ..........  ......  ..  DA  ..  .
  ..  ..  ..  BH  ..  ..  ..........  ......  ..  GK  ..  .
  ..  ..  ..  ML  ..  ..  ..........  ......  ..  PN  ..  .
  ..  ..  ..  RQ  ..  ..  ..........  ......  ..  YI  ..  .
  ..  ..  ..  SO  ..  ..  ..........  ......  ..  T.  ..  .
  ..  ..  ..  ZJ  ..  ..  ..........  ......  ..  ..  ..  .
  ..  ..  ..  VU  ..  ..  ....EE....  EE....  ..  ..  ..  .
  ..  ..  ..  WC  ..  ..  ..........  ......  ..  ..  ..  .
  ..                                                      
  ..                                                      
  ..                                                      
  ..                                                      
     A tbl_defense4_rrc_stagerecovery_probe2639$gw
     B tbl_defense4_rrc_stagerecovery_probe2639$tind
     C tbl_defense4_rrc_stagerecovery_probe2643$tind
     D tbl_defense4_rrc_stagerecovery_probe2648$gw
     E tbl_defense4_rrc_stagerecovery_probe2648$stats.Ingress.ctr_fresh
     F tbl_defense4_rrc_stagerecovery_probe2648$tind
     G tbl_defense4_rrc_stagerecovery_probe2691$gw
     H tbl_defense4_rrc_stagerecovery_probe2691$tind
     I tbl_defense4_rrc_stagerecovery_probe2728$gw
     J tbl_defense4_rrc_stagerecovery_probe2728$tind
     K tbl_defense4_rrc_stagerecovery_probe2743$gw
     L tbl_defense4_rrc_stagerecovery_probe2743$tind
     M tbl_defense4_rrc_stagerecovery_probe2744$tind
     N tbl_defense4_rrc_stagerecovery_probe2778$gw
     O tbl_defense4_rrc_stagerecovery_probe2778$tind
     P tbl_defense4_rrc_stagerecovery_probe2788$gw
     Q tbl_defense4_rrc_stagerecovery_probe2788$tind
     R tbl_defense4_rrc_stagerecovery_probe2788_0$tind
     S tbl_defense4_rrc_stagerecovery_probe2789$tind
     T tbl_defense4_rrc_stagerecovery_probe2803$gw
     U tbl_defense4_rrc_stagerecovery_probe2803$tind
     V tbl_defense4_rrc_stagerecovery_probe2812$tind
     W tbl_defense4_rrc_stagerecovery_probe2819$tind
     X tbl_to_block$tind
     Y tbl_to_resp_hold$gw
     Z tbl_to_resp_hold$tind
  
can't place cond-117 in stage 9 : ran out of memories: too many tables total
can't place tbl_defense4_rrc_stagerecovery_probe2660 in stage 9 : ran out of memories: too many tables total
can't place tbl_defense4_rrc_stagerecovery_probe2652 in stage 9 : ran out of memories: too many tables total
can't place tbl_to_resp_block in stage 9 : ran out of memories: too many tables total
can't place tbl_defense4_rrc_stagerecovery_probe2657 in stage 9 : ran out of memories: too many tables total
Stage 10
  exact ixbar groups                  ternary ixbar groups
  E0C0A0E1F0F1B0..D0..............  .......... .. ..........
  ................................  .......... .. ..........
  ................................  .......... .. ..........
  ................................  .......... .. ..........
  ................................  .......... .. ..........
  ................................  .......... .. ..........
  ................................
  ................................
     A B13 (cond-117$gw)
     B B15 (cond-123$gw, tbl_defense4_rrc_stagerecovery_probe2962$gw)
     C B7 (cond-117$gw, cond-121$gw, tbl_defense4_rrc_stagerecovery_probe2952$gw, tbl_defense4_rrc_stagerecovery_probe2986$gw)
     D H12 (tbl_defense4_rrc_stagerecovery_probe2904$gw)
     E H13 (tbl_defense4_rrc_stagerecovery_probe2657$gw, tbl_defense4_rrc_stagerecovery_probe2962$gw, tbl_defense4_rrc_stagerecovery_probe2982$gw)
     F H14 (tbl_defense4_rrc_stagerecovery_probe2979$gw)
  hash select bits  Groups  hd  /- hash dist bits --- (Groups: -1 -1)
  .... ............  .0000  ... ................................................
  .... ............  .0000  ... ................................................
  .... ............  .0000  ... ................................................
  .... ............  .0000  ... ................................................
  .... ............  .0000  ... ................................................
  .... ............  .0000  ... ................................................
  .... ............  .0000  ... ................................................
  .... ............  .0000  ... ................................................
  .... ............         ... ................................................
  .... ............         ... ................................................
  .... ............         ... ................................................
  .... ............         ... ................................................
  .... ............         ... ................................................
  .... ............         ... ................................................
  .... ............         ... ................................................
  .... ............         ... ................................................
  
  tc  sb  rb  tib ab  st  srams       mapram  ov  gw pay 2p
  ..  ..  ..  KP  ..  ..  ..........  ......  ..  IN  ..  .
  ..  ..  ..  OS  ..  ..  ..........  ......  ..  QT  ..  .
  ..  ..  ..  RV  ..  ..  ..........  ......  ..  WL  ..  .
  ..  ..  ..  UX  ..  ..  ..........  ......  ..  BA  ..  .
  ..  ..  ..  MD  ..  ..  ....GG....  GG....  ..  EC  ..  .
  ..  ..  ..  YH  ..  ..  ..........  ......  ..  ..  ..  .
  ..  ..  ..  F.  ..  ..  ....JJ....  JJ....  ..  ..  ..  .
  ..  ..  ..  ..  ..  ..  ..........  ......  ..  ..  ..  .
  ..                                                      
  ..                                                      
  ..                                                      
  ..                                                      
     A cond-117$gw
     B cond-121$gw
     C cond-123$gw
     D tbl_defense4_rrc_stagerecovery_probe2652$tind
     E tbl_defense4_rrc_stagerecovery_probe2657$gw
     F tbl_defense4_rrc_stagerecovery_probe2657$tind
     G tbl_defense4_rrc_stagerecovery_probe2660$stats.Ingress.ctr_fresh
     H tbl_defense4_rrc_stagerecovery_probe2660$tind
     I tbl_defense4_rrc_stagerecovery_probe2904$gw
     J tbl_defense4_rrc_stagerecovery_probe2904$stats.Ingress.ctr_deq
     K tbl_defense4_rrc_stagerecovery_probe2904$tind
     L tbl_defense4_rrc_stagerecovery_probe2952$gw
     M tbl_defense4_rrc_stagerecovery_probe2952$tind
     N tbl_defense4_rrc_stagerecovery_probe2962$gw
     O tbl_defense4_rrc_stagerecovery_probe2962$tind
     P tbl_defense4_rrc_stagerecovery_probe2964$tind
     Q tbl_defense4_rrc_stagerecovery_probe2979$gw
     R tbl_defense4_rrc_stagerecovery_probe2979$tind
     S tbl_defense4_rrc_stagerecovery_probe2979_0$tind
     T tbl_defense4_rrc_stagerecovery_probe2982$gw
     U tbl_defense4_rrc_stagerecovery_probe2982$tind
     V tbl_defense4_rrc_stagerecovery_probe2983$tind
     W tbl_defense4_rrc_stagerecovery_probe2986$gw
     X tbl_defense4_rrc_stagerecovery_probe2986$tind
     Y tbl_to_resp_block$tind
  
can't place tbl_defense4_rrc_stagerecovery_probe2872 in stage 10 : ran out of memories: too many tables total
can't place tbl_defense4_rrc_stagerecovery_probe2910 in stage 10 : ran out of memories: too many tables total
can't place tbl_defense4_rrc_stagerecovery_probe2923 in stage 10 : ran out of memories: too many tables total
Stage 11
  exact ixbar groups                  ternary ixbar groups
  A0B1B0C1........................  .......... .. ..........
  ................................  .......... .. ..........
  ................................  .......... .. ..........
  ................................  .......... .. ..........
  ................................  .......... .. ..........
  ................................  .......... .. ..........
  ................................
  ................................
     A B10 (tbl_defense4_rrc_stagerecovery_probe2885$gw, tbl_defense4_rrc_stagerecovery_probe2914$gw, tbl_defense4_rrc_stagerecovery_probe2927$gw)
     B H12 (tbl_defense4_rrc_stagerecovery_probe2872$gw, tbl_defense4_rrc_stagerecovery_probe2881$gw, tbl_defense4_rrc_stagerecovery_probe2910$gw, tbl_defense4_rrc_stagerecovery_probe2923$gw)
     C H13 (tbl_defense4_rrc_stagerecovery_probe2881$gw)
  hash select bits  Groups  hd  /- hash dist bits --- (Groups: -1 -1)
  .... ............  .0000  ... ................................................
  .... ............  .0000  ... ................................................
  .... ............  .0000  ... ................................................
  .... ............  .0000  ... ................................................
  .... ............  .0000  ... ................................................
  .... ............  .0000  ... ................................................
  .... ............  .0000  ... ................................................
  .... ............  .0000  ... ................................................
  .... ............         ... ................................................
  .... ............         ... ................................................
  .... ............         ... ................................................
  .... ............         ... ................................................
  .... ............         ... ................................................
  .... ............         ... ................................................
  .... ............         ... ................................................
  .... ............         ... ................................................
  
  tc  sb  rb  tib ab  st  srams       mapram  ov  gw pay 2p
  ..  ..  ..  XI  ..  ..  ..........  ......  ..  EC  ..  .
  ..  ..  ..  FD  ..  ..  ..........  ......  ..  AL  ..  .
  ..  ..  ..  BN  ..  ..  ..........  ......  ..  JR  ..  .
  ..  ..  ..  VO  ..  ..  ..........  ......  ..  P.  ..  .
  ..  ..  ..  MK  ..  ..  ..........  ......  ..  ..  ..  .
  ..  ..  ..  TW  ..  ..  ..........  ......  ..  ..  ..  .
  ..  ..  ..  US  ..  ..  ....HH....  HH....  ..  ..  ..  .
  ..  ..  ..  QG  ..  ..  ..........  ......  ..  ..  ..  .
  ..                                                      
  ..                                                      
  ..                                                      
  ..                                                      
     A tbl_defense4_rrc_stagerecovery_probe2872$gw
     B tbl_defense4_rrc_stagerecovery_probe2872$tind
     C tbl_defense4_rrc_stagerecovery_probe2881$gw
     D tbl_defense4_rrc_stagerecovery_probe2881$tind
     E tbl_defense4_rrc_stagerecovery_probe2885$gw
     F tbl_defense4_rrc_stagerecovery_probe2885$tind
     G tbl_defense4_rrc_stagerecovery_probe2889$tind
     H tbl_defense4_rrc_stagerecovery_probe2891$stats.Ingress.ctr_deq
     I tbl_defense4_rrc_stagerecovery_probe2891$tind
     J tbl_defense4_rrc_stagerecovery_probe2910$gw
     K tbl_defense4_rrc_stagerecovery_probe2910$tind
     L tbl_defense4_rrc_stagerecovery_probe2914$gw
     M tbl_defense4_rrc_stagerecovery_probe2914$tind
     N tbl_defense4_rrc_stagerecovery_probe2918$tind
     O tbl_defense4_rrc_stagerecovery_probe2920$tind
     P tbl_defense4_rrc_stagerecovery_probe2923$gw
     Q tbl_defense4_rrc_stagerecovery_probe2923$tind
     R tbl_defense4_rrc_stagerecovery_probe2927$gw
     S tbl_defense4_rrc_stagerecovery_probe2927$tind
     T tbl_defense4_rrc_stagerecovery_probe2932$tind
     U tbl_defense4_rrc_stagerecovery_probe2934$tind
     V tbl_to_block_0$tind
     W tbl_to_block_1$tind
     X tbl_to_resp_block_0$tind
  
Table tbl_defense4_rrc_stagerecovery_probe2398 delayed to stage 1 from stage 0
  stage 0: dependency (CONTROL_COND_FALSE) on tbl_build_exp_ack_0 in stage 0
  - preferred cond-74(longer downward prop control-included dependence tail chain) over 1 of tbl_defense4_rrc_stagerecovery_probe2398 in stage 0
  - preferred tbl_params_0(longer downward prop control-included dependence tail chain) over 1 of tbl_defense4_rrc_stagerecovery_probe2398 in stage 0
  - preferred tbl_defense4_rrc_stagerecovery_probe2643(direct control dependency difference) over 1 of tbl_defense4_rrc_stagerecovery_probe2660 in stage 9
  - preferred tbl_to_block(direct control dependency difference) over 1 of tbl_defense4_rrc_stagerecovery_probe2660 in stage 9
  - preferred tbl_defense4_rrc_stagerecovery_probe2643(direct control dependency difference) over 1 of tbl_defense4_rrc_stagerecovery_probe2652 in stage 9
  - preferred tbl_to_block(direct control dependency difference) over 1 of tbl_defense4_rrc_stagerecovery_probe2652 in stage 9
  - preferred tbl_defense4_rrc_stagerecovery_probe2643(direct control dependency difference) over 1 of tbl_to_resp_block in stage 9
  - preferred tbl_to_block(direct control dependency difference) over 1 of tbl_to_resp_block in stage 9
Table tbl_defense4_rrc_stagerecovery_probe2819 delayed to stage 9 from stage 8
  stage 8: dependency (CONTROL_COND_FALSE) on tbl_to_hold in stage 8
  - preferred tbl_to_hold(default choice) over 1 of tbl_defense4_rrc_stagerecovery_probe2819 in stage 8
Table cond-117 delayed to stage 10 from stage 8
  stage 8: dependency (CONTROL_COND_FALSE) on cond-96 in stage 8
  stage 2: dependency (ACTION_READ) on tbl_defense4_rrc_stagerecovery_probe2407 in stage 1
  - preferred cond-98(control dom set is placeable in this stage) over 0 of cond-117 in stage 8
  - preferred tbl_defense4_rrc_stagerecovery_probe2624(control dom set is placeable in this stage) over 0 of cond-117 in stage 8
  - preferred tbl_defense4_rrc_stagerecovery_probe2639(default choice) over 0 of cond-117 in stage 9
  - preferred tbl_defense4_rrc_stagerecovery_probe2643(direct control dependency difference) over 0 of cond-117 in stage 9
  - preferred tbl_defense4_rrc_stagerecovery_probe2691(default choice) over 0 of cond-117 in stage 9
Table egresshdr.tcp.checksum_encode_update_condition_3 delayed to stage 2 from stage 1
  stage 1: dependency (IXBAR_READ) on tbl_defense4_rrc_stagerecovery_probe3175 in stage 0
  stage 1: dependency (IXBAR_READ) on tbl_defense4_rrc_stagerecovery_probe3186 in stage 0
  stage 1: dependency (CONTROL_EXIT) on egresshdr.ipv4.hdr_checksum_encode_update_condition_2 in stage 1
Stage advance for pipe pipe NOCC_TRY1 ignoring container conflicts
Stage 0
  exact ixbar groups                  ternary ixbar groups
  B0D0H0E0C0A0G0G1..F1............  I0J1I2I3J0 I1 J2J3K0K1K2
  ................................  K3........ .. ..........
  ................................  .......... .. ..........
  ................................  .......... .. ..........
  ................................  .......... .. ..........
  ................................  .......... .. ..........
  ................................
  ................................
     A B14 (tbl_defense4_rrc_stagerecovery_probe2449$gw)
     B B3 (tbl_build_exp_ack_0)
     C B7 (tbl_defense4_rrc_stagerecovery_probe2463$gw, tbl_defense4_rrc_stagerecovery_probe2469$gw, tbl_defense4_rrc_stagerecovery_probe2480$gw)
     D B8 (tbl_build_exp_ack_0$gw)
     E B9 (cond-74$gw)
     F H23 (tbl_defense4_rrc_stagerecovery_probe3175$gw, tbl_defense4_rrc_stagerecovery_probe3186$gw)
     G H24 (cond-133$gw, cond-135$gw, tbl_defense4_rrc_stagerecovery_probe3195$gw)
     H H9 (tbl_session_0$gw)
     I W10 (tbl_session_0)
     J W13 (tbl_session_0)
     K W14 (tbl_session_0)
  hash select bits  Groups  hd  /- hash dist bits --- (Groups: -1 -1)
  A... ............  A0001  ... ................................................
  .... ............  .0000  ... ................................................
  .... ............  .0000  ... ................................................
  .... ............  .0000  ... ................................................
  .... ............  .0000  ... ................................................
  .... ............  .0000  ... ................................................
  .... ............  .0000  ... ................................................
  .... ............  .0000  ... ................................................
  .... ............         ... ................................................
  .... ............         ... ................................................
  .... ............         ... ................................................
  .... ............         ... ................................................
  .... ............         ... ................................................
  .... ............         ... ................................................
  .... ............         ... ................................................
  .... ............         ... ................................................
     A tbl_build_exp_ack_0
  
  tc  sb  rb  tib ab  st  srams       mapram  ov  gw pay 2p
  c.  ..  ..  eT  ..  ..  e.........  ......  ..  VB  ..  .
  c.  ..  ..  ZX  ..  ..  ..........  ......  ..  QA  ..  .
  c.  ..  ..  WR  ..  ..  ..........  ......  ..  HN  ..  .
  ..  ..  ..  IO  ..  ..  ..........  ......  ..  LJ  ..  .
  ..  ..  ..  MK  ..  ..  ....FF....  FF....  ..  Cd  ..  .
  ..  ..  ..  bG  ..  ..  ..........  ......  ..  E.  ..  .
  ..  ..  ..  ..  ..  ..  ....SSa...  SS....  ..  ..  ..  .
  ..  D.  ..  ..  ..  ..  DP..U.....  ......  ..  Y.  ..  .
  ..                                                      
  ..                                                      
  ..                                                      
  ..                                                      
     A cond-133$gw
     B cond-135$gw
     C cond-74$gw
     D tbl_build_exp_ack_0
     E tbl_build_exp_ack_0$gw
     F tbl_defense4_rrc_stagerecovery_probe2394$stats.Ingress.ctr_fresh
     G tbl_defense4_rrc_stagerecovery_probe2394$tind
     H tbl_defense4_rrc_stagerecovery_probe2449$gw
     I tbl_defense4_rrc_stagerecovery_probe2449$tind
     J tbl_defense4_rrc_stagerecovery_probe2463$gw
     K tbl_defense4_rrc_stagerecovery_probe2463$tind
     L tbl_defense4_rrc_stagerecovery_probe2469$gw
     M tbl_defense4_rrc_stagerecovery_probe2469$tind
     N tbl_defense4_rrc_stagerecovery_probe2480$gw
     O tbl_defense4_rrc_stagerecovery_probe2480$tind
     P tbl_defense4_rrc_stagerecovery_probe3175$action_data
     Q tbl_defense4_rrc_stagerecovery_probe3175$gw
     R tbl_defense4_rrc_stagerecovery_probe3175$tind
     S tbl_defense4_rrc_stagerecovery_probe3181$stats.Egress.ctr_rrc
     T tbl_defense4_rrc_stagerecovery_probe3181$tind
     U tbl_defense4_rrc_stagerecovery_probe3186$action_data
     V tbl_defense4_rrc_stagerecovery_probe3186$gw
     W tbl_defense4_rrc_stagerecovery_probe3186$tind
     X tbl_defense4_rrc_stagerecovery_probe3192$tind
     Y tbl_defense4_rrc_stagerecovery_probe3195$gw
     Z tbl_defense4_rrc_stagerecovery_probe3195$tind
     a tbl_params_0$action_data
     b tbl_params_0$tind
     c tbl_session_0
     d tbl_session_0$gw
     e tbl_session_0$tind
  
can't place tbl_defense4_rrc_stagerecovery_probe2451 in stage 0 : dependency on table tbl_session_0
can't place tbl_defense4_rrc_stagerecovery_probe3200 in stage 0 : dependency on table tbl_defense4_rrc_stagerecovery_probe3186
can't place egress_reset_invalidated_checksum_fields_0 in stage 0 : dependency on table tbl_defense4_rrc_stagerecovery_probe3175
can't place egress_reset_invalidated_checksum_fields_1 in stage 0 : dependency on table tbl_defense4_rrc_stagerecovery_probe3175
can't place egress_reset_invalidated_checksum_fields_2 in stage 0 : dependency on table tbl_defense4_rrc_stagerecovery_probe3186
can't place egress_reset_invalidated_checksum_fields_3 in stage 0 : dependency on table tbl_defense4_rrc_stagerecovery_probe3186
Stage 1
  exact ixbar groups                  ternary ixbar groups
  C0A0E0..H0H1....I0I1............  .......... .. ..........
  D0F1B0D1........G0G1G2G3J0J1J2J3  .......... .. ..........
  ................................  .......... .. ..........
  ................................  .......... .. ..........
  ................................  .......... .. ..........
  ................................  .......... .. ..........
  ................................
  ................................
     A B11 (tbl_defense4_rrc_stagerecovery_probe2451$gw, tbl_defense4_rrc_stagerecovery_probe2454$gw, tbl_defense4_rrc_stagerecovery_probe2457$gw, tbl_defense4_rrc_stagerecovery_probe2514$gw)
     B B16 (egress_reset_invalidated_checksum_fields_2$gw)
     C B7 (tbl_defense4_rrc_stagerecovery_probe2451$gw, tbl_defense4_rrc_stagerecovery_probe2454$gw, tbl_defense4_rrc_stagerecovery_probe2457$gw)
     D H23 (egress_reset_invalidated_checksum_fields_0$gw, egress_reset_invalidated_checksum_fields_1$gw, egress_reset_invalidated_checksum_fields_2$gw, egress_reset_invalidated_checksum_fields_3$gw, egresshdr.ipv4.hdr_checksum_encode_update_condition_2, tbl_defense4_rrc_stagerecovery_probe3200$gw)
     E H6 (tbl_defense4_rrc_stagerecovery_probe2454$gw, tbl_defense4_rrc_stagerecovery_probe2457$gw)
     F H7 (tbl_defense4_rrc_stagerecovery_probe2407$gw)
     G W0 (tbl_defense4_rrc_stagerecovery_probe2404$gw, tbl_defense4_rrc_stagerecovery_probe2515$salu)
     H W11 (tbl_defense4_rrc_stagerecovery_probe2516$salu)
     I W12 (tbl_defense4_rrc_stagerecovery_probe2516$salu)
     J W36 (tbl_defense4_rrc_stagerecovery_probe2515$salu)
  hash select bits  Groups  hd  /- hash dist bits --- (Groups: -1 -1)
  BBBB ............  B0003  ... ................................................
  BBBB ............  A0004  ... ................................................
  A... ............  .0000  ... ................................................
  .... ............  .0000  ... ................................................
  .... ............  .0000  ... ................................................
  .... ............  .0000  ... ................................................
  .... ............  .0000  ... ................................................
  .... ............  .0000  ... ................................................
  .... ............         ... ................................................
  .... ............         ... ................................................
  .... ............         ... ................................................
  .... ............         ... ................................................
  .... ............         ... ................................................
  .... ............         ... ................................................
  .... ............         ... ................................................
  .... ............         ... ................................................
     A egresshdr.ipv4.hdr_checksum_encode_update_condition_2
     B tbl_defense4_rrc_stagerecovery_probe2516$salu
  
  tc  sb  rb  tib ab  st  srams       mapram  ov  gw pay 2p
  ..  ..  ..  cB  ..  ..  ..........  ......  ..  AC  ..  .
  ..  ..  ..  DF  ..  ..  ..........  ......  ..  EG  ..  .
  ..  ..  ..  HO  ..  ..  ..........  ......  ..  NL  ..  .
  ..  ..  ..  JM  ..  ..  ..........  ......  ..  VT  ..  .
  ..  ..  ..  YW  ..  ..  ..........  ......  ..  RP  ..  .
  ..  ..  ..  Ka  ..  ..  ....ZZ....  ZZ....  ..  ..  ..  .
  ..  ..  ..  US  ..  ..  ..........  ......  ..  ..  ..  .
  ..  I.  ..  Q.  ..  ..  I...XX....  XX....  ..  b.  ..  .
  ..                                                      
  ..                                                      
  ..                                                      
  ..                                                      
     A egress_reset_invalidated_checksum_fields_0$gw
     B egress_reset_invalidated_checksum_fields_0$tind
     C egress_reset_invalidated_checksum_fields_1$gw
     D egress_reset_invalidated_checksum_fields_1$tind
     E egress_reset_invalidated_checksum_fields_2$gw
     F egress_reset_invalidated_checksum_fields_2$tind
     G egress_reset_invalidated_checksum_fields_3$gw
     H egress_reset_invalidated_checksum_fields_3$tind
     I egresshdr.ipv4.hdr_checksum_encode_update_condition_2
     J tbl_build_do_shape_0$tind
     K tbl_defense4_rrc_stagerecovery_probe2398$tind
     L tbl_defense4_rrc_stagerecovery_probe2404$gw
     M tbl_defense4_rrc_stagerecovery_probe2404$tind
     N tbl_defense4_rrc_stagerecovery_probe2407$gw
     O tbl_defense4_rrc_stagerecovery_probe2407$tind
     P tbl_defense4_rrc_stagerecovery_probe2451$gw
     Q tbl_defense4_rrc_stagerecovery_probe2451$tind
     R tbl_defense4_rrc_stagerecovery_probe2454$gw
     S tbl_defense4_rrc_stagerecovery_probe2454$tind
     T tbl_defense4_rrc_stagerecovery_probe2457$gw
     U tbl_defense4_rrc_stagerecovery_probe2457$tind
     V tbl_defense4_rrc_stagerecovery_probe2514$gw
     W tbl_defense4_rrc_stagerecovery_probe2514$tind
     X tbl_defense4_rrc_stagerecovery_probe2515$salu.Ingress.reg_exp_relay_seq
     Y tbl_defense4_rrc_stagerecovery_probe2515$tind
     Z tbl_defense4_rrc_stagerecovery_probe2516$salu.Ingress.reg_session_port
     a tbl_defense4_rrc_stagerecovery_probe2516$tind
     b tbl_defense4_rrc_stagerecovery_probe3200$gw
     c tbl_defense4_rrc_stagerecovery_probe3200$tind
  
can't place egresshdr.tcp.checksum_encode_update_condition_3 in stage 1 : ran out of memories: too many tables total
can't place tbl_build_now_0 in stage 1 : dependency on table tbl_defense4_rrc_stagerecovery_probe2398
can't place cond-82 in stage 1 : dependency on table tbl_defense4_rrc_stagerecovery_probe2457
can't place tbl_defense4_rrc_stagerecovery_probe2520 in stage 1 : dependency on table tbl_defense4_rrc_stagerecovery_probe2457
can't place tbl_defense4_rrc_stagerecovery_probe2518 in stage 1 : dependency on table tbl_defense4_rrc_stagerecovery_probe2457
Stage 2
  exact ixbar groups                  ternary ixbar groups
  B0C0A0E1E0......G0G1G2G3F0F1F2F3  .......... .. ..........
  ................D0..............  .......... .. ..........
  ................................  .......... .. ..........
  ................................  .......... .. ..........
  ................................  .......... .. ..........
  ................................  .......... .. ..........
  ................................
  ................................
     A B10 (tbl_defense4_rrc_stagerecovery_probe2498$gw)
     B B12 (cond-82$gw, tbl_defense4_rrc_stagerecovery_probe2498$gw, tbl_defense4_rrc_stagerecovery_probe2518$gw)
     C B15 (tbl_defense4_rrc_stagerecovery_probe2493$gw)
     D B4 (tbl_defense4_rrc_stagerecovery_probe2498$salu)
     E H23 (egresshdr.tcp.checksum_encode_update_condition_3)
     F W2 (tbl_defense4_rrc_stagerecovery_probe2520$salu)
     G W32 (tbl_defense4_rrc_stagerecovery_probe2520$salu)
  hash select bits  Groups  hd  /- hash dist bits --- (Groups: -1 -1)
  A... ............  A0001  ... ................................................
  .... ............  .0000  ... ................................................
  .... ............  .0000  ... ................................................
  .... ............  .0000  ... ................................................
  .... ............  .0000  ... ................................................
  .... ............  .0000  ... ................................................
  .... ............  .0000  ... ................................................
  .... ............  .0000  ... ................................................
  .... ............         ... ................................................
  .... ............         ... ................................................
  .... ............         ... ................................................
  .... ............         ... ................................................
  .... ............         ... ................................................
  .... ............         ... ................................................
  .... ............         ... ................................................
  .... ............         ... ................................................
     A egresshdr.tcp.checksum_encode_update_condition_3
  
  tc  sb  rb  tib ab  st  srams       mapram  ov  gw pay 2p
  ..  ..  ..  CI  ..  ..  ..........  ......  ..  DA  ..  .
  ..  ..  ..  FE  ..  ..  ..........  ......  ..  J.  ..  .
  ..  ..  ..  MK  ..  ..  ..........  ......  ..  ..  ..  .
  ..  ..  ..  ..  ..  ..  ..........  ......  ..  ..  ..  .
  ..  ..  ..  ..  ..  ..  ..........  ......  ..  ..  ..  .
  ..  ..  ..  ..  ..  ..  ....LL....  LL....  ..  ..  ..  .
  ..  ..  ..  ..  ..  ..  ..........  ......  ..  ..  ..  .
  ..  B.  ..  ..  ..  ..  B...HH....  HH....  ..  G.  ..  .
  ..                                                      
  ..                                                      
  ..                                                      
  ..                                                      
     A cond-82$gw
     B egresshdr.tcp.checksum_encode_update_condition_3
     C tbl_build_now_0$tind
     D tbl_defense4_rrc_stagerecovery_probe2493$gw
     E tbl_defense4_rrc_stagerecovery_probe2493$tind
     F tbl_defense4_rrc_stagerecovery_probe2495$tind
     G tbl_defense4_rrc_stagerecovery_probe2498$gw
     H tbl_defense4_rrc_stagerecovery_probe2498$salu.Ingress.reg_failopen
     I tbl_defense4_rrc_stagerecovery_probe2498$tind
     J tbl_defense4_rrc_stagerecovery_probe2518$gw
     K tbl_defense4_rrc_stagerecovery_probe2518$tind
     L tbl_defense4_rrc_stagerecovery_probe2520$salu.Ingress.reg_exp_ack
     M tbl_defense4_rrc_stagerecovery_probe2520$tind
  
can't place tbl_resp_authorise_0 in stage 2 : dependency on table tbl_defense4_rrc_stagerecovery_probe2495
can't place tbl_build_cand_0 in stage 2 : dependency on table tbl_build_now_0
Stage 3
  exact ixbar groups                  ternary ixbar groups
  ................................  .......... .. F2G3B0D1G2
  ................................  E1C0B1A0C1 .. ..........
  ................................  .......... F3 ..........
  ................................  .......... .. ..........
  ................................  .......... .. ..........
  ................................  .......... .. ..........
  ................................
  ................................
     A B12 (tbl_resp_authorise_0)
     B H10 (tbl_resp_authorise_0)
     C H15 (tbl_resp_authorise_0)
     D H6 (tbl_resp_authorise_0)
     E H8 (tbl_resp_authorise_0)
     F W11 (tbl_resp_authorise_0)
     G W12 (tbl_resp_authorise_0)
  hash select bits  Groups  hd  /- hash dist bits --- (Groups: -1 -1)
  .... ............  .0000  ... ................................................
  .... ............  .0000  ... ................................................
  .... ............  .0000  ... ................................................
  .... ............  .0000  ... ................................................
  .... ............  .0000  ... ................................................
  .... ............  .0000  ... ................................................
  .... ............  .0000  ... ................................................
  .... ............  .0000  ... ................................................
  .... ............         ... ................................................
  .... ............         ... ................................................
  .... ............         ... ................................................
  .... ............         ... ................................................
  .... ............         ... ................................................
  .... ............         ... ................................................
  .... ............         ... ................................................
  .... ............         ... ................................................
  
  tc  sb  rb  tib ab  st  srams       mapram  ov  gw pay 2p
  C.  ..  ..  DA  ..  ..  D.........  ......  ..  ..  ..  .
  C.  ..  ..  B.  ..  ..  ..........  ......  ..  ..  ..  .
  C.  ..  ..  ..  ..  ..  ..........  ......  ..  ..  ..  .
  ..  ..  ..  ..  ..  ..  ..........  ......  ..  ..  ..  .
  ..  ..  ..  ..  ..  ..  ..........  ......  ..  ..  ..  .
  ..  ..  ..  ..  ..  ..  ..........  ......  ..  ..  ..  .
  ..  ..  ..  ..  ..  ..  ..........  ......  ..  ..  ..  .
  ..  ..  ..  ..  ..  ..  ..........  ......  ..  ..  ..  .
  ..                                                      
  ..                                                      
  ..                                                      
  ..                                                      
     A tbl_build_cand_0$tind
     B tbl_build_cand_resp_0$tind
     C tbl_resp_authorise_0
     D tbl_resp_authorise_0$tind
  
can't place tbl_defense4_rrc_stagerecovery_probe2537 in stage 3 : dependency on table tbl_resp_authorise_0
Stage 4
  exact ixbar groups                  ternary ixbar groups
  E0D0A0C0B0......................  .......... .. ..........
  ................................  .......... .. ..........
  ................................  .......... .. ..........
  ................................  .......... .. ..........
  ................................  .......... .. ..........
  ................................  .......... .. ..........
  ................................
  ................................
     A B12 (tbl_defense4_rrc_stagerecovery_probe2537$gw, tbl_defense4_rrc_stagerecovery_probe2541$gw, tbl_defense4_rrc_stagerecovery_probe2547$gw, tbl_defense4_rrc_stagerecovery_probe2563$gw)
     B B14 (tbl_defense4_rrc_stagerecovery_probe2547$gw)
     C B15 (tbl_defense4_rrc_stagerecovery_probe2537$gw, tbl_defense4_rrc_stagerecovery_probe2558$gw)
     D B4 (tbl_defense4_rrc_stagerecovery_probe2560$salu)
     E H8 (tbl_defense4_rrc_stagerecovery_probe2560$salu)
  hash select bits  Groups  hd  /- hash dist bits --- (Groups: -1 -1)
  AA.. ............  A0001  ... ................................................
  .... ............  .0000  ... ................................................
  .... ............  .0000  ... ................................................
  .... ............  .0000  ... ................................................
  .... ............  .0000  ... ................................................
  .... ............  .0000  ... ................................................
  .... ............  .0000  ... ................................................
  .... ............  .0000  ... ................................................
  .... ............         ... ................................................
  .... ............         ... ................................................
  .... ............         ... ................................................
  .... ............         ... ................................................
  .... ............         ... ................................................
  .... ............         ... ................................................
  .... ............         ... ................................................
  .... ............         ... ................................................
     A tbl_defense4_rrc_stagerecovery_probe2560$salu
  
  tc  sb  rb  tib ab  st  srams       mapram  ov  gw pay 2p
  ..  ..  ..  IL  ..  ..  ..........  ......  ..  GK  ..  .
  ..  ..  ..  FD  ..  ..  ..........  ......  ..  EC  ..  .
  ..  ..  ..  BJ  ..  ..  ..........  ......  ..  A.  ..  .
  ..  ..  ..  ..  ..  ..  ..........  ......  ..  ..  ..  .
  ..  ..  ..  ..  ..  ..  ..........  ......  ..  ..  ..  .
  ..  ..  ..  ..  ..  ..  ..........  ......  ..  ..  ..  .
  ..  ..  ..  ..  ..  ..  ..........  ......  ..  ..  ..  .
  ..  ..  ..  ..  ..  ..  ....HH....  HH....  ..  ..  ..  .
  ..                                                      
  ..                                                      
  ..                                                      
  ..                                                      
     A tbl_defense4_rrc_stagerecovery_probe2537$gw
     B tbl_defense4_rrc_stagerecovery_probe2537$tind
     C tbl_defense4_rrc_stagerecovery_probe2541$gw
     D tbl_defense4_rrc_stagerecovery_probe2541$tind
     E tbl_defense4_rrc_stagerecovery_probe2547$gw
     F tbl_defense4_rrc_stagerecovery_probe2547$tind
     G tbl_defense4_rrc_stagerecovery_probe2558$gw
     H tbl_defense4_rrc_stagerecovery_probe2558$salu.Ingress.reg_tag
     I tbl_defense4_rrc_stagerecovery_probe2558$tind
     J tbl_defense4_rrc_stagerecovery_probe2560$tind
     K tbl_defense4_rrc_stagerecovery_probe2563$gw
     L tbl_defense4_rrc_stagerecovery_probe2563$tind
  
can't place tbl_state_decode_0 in stage 4 : dependency on table tbl_defense4_rrc_stagerecovery_probe2560
can't place tbl_txn_active_0 in stage 4 : dependency on table tbl_defense4_rrc_stagerecovery_probe2560
Stage 5
  exact ixbar groups                  ternary ixbar groups
  ................................  B0..E0.... .. G2H3C0E1H2
  ................................  F1D0C1A0D1 .. ..........
  ................................  .......... G3 ..........
  ................................  .......... .. ..........
  ................................  .......... .. ..........
  ................................  .......... .. ..........
  ................................
  ................................
     A B11 (tbl_state_decode_0)
     B B12 (tbl_state_decode_0)
     C H10 (tbl_state_decode_0)
     D H15 (tbl_state_decode_0)
     E H6 (tbl_state_decode_0, tbl_txn_active_0)
     F H8 (tbl_state_decode_0)
     G W11 (tbl_state_decode_0)
     H W12 (tbl_state_decode_0)
  hash select bits  Groups  hd  /- hash dist bits --- (Groups: -1 -1)
  .... ............  .0000  ... ................................................
  .... ............  .0000  ... ................................................
  .... ............  .0000  ... ................................................
  .... ............  .0000  ... ................................................
  .... ............  .0000  ... ................................................
  .... ............  .0000  ... ................................................
  .... ............  .0000  ... ................................................
  .... ............  .0000  ... ................................................
  .... ............         ... ................................................
  .... ............         ... ................................................
  .... ............         ... ................................................
  .... ............         ... ................................................
  .... ............         ... ................................................
  .... ............         ... ................................................
  .... ............         ... ................................................
  .... ............         ... ................................................
  
  tc  sb  rb  tib ab  st  srams       mapram  ov  gw pay 2p
  A.  ..  ..  B.  ..  ..  B.........  ......  ..  ..  ..  .
  A.  ..  ..  D.  ..  ..  D.........  ......  ..  ..  ..  .
  A.  ..  ..  ..  ..  ..  ..........  ......  ..  ..  ..  .
  C.  ..  ..  ..  ..  ..  ..........  ......  ..  ..  ..  .
  ..  ..  ..  ..  ..  ..  ..........  ......  ..  ..  ..  .
  ..  ..  ..  ..  ..  ..  ..........  ......  ..  ..  ..  .
  ..  ..  ..  ..  ..  ..  ..........  ......  ..  ..  ..  .
  ..  ..  ..  ..  ..  ..  ..........  ......  ..  ..  ..  .
  ..                                                      
  ..                                                      
  ..                                                      
  ..                                                      
     A tbl_state_decode_0
     B tbl_state_decode_0$tind
     C tbl_txn_active_0
     D tbl_txn_active_0$tind
  
can't place tbl_defense4_rrc_stagerecovery_probe2584 in stage 5 : dependency on table tbl_txn_active_0
can't place tbl_defense4_rrc_stagerecovery_probe2582 in stage 5 : dependency on table tbl_txn_active_0
can't place tbl_defense4_rrc_stagerecovery_probe2593 in stage 5 : dependency on table tbl_txn_active_0
can't place tbl_defense4_rrc_stagerecovery_probe2591 in stage 5 : shared table tbl_defense4_rrc_stagerecovery_probe2593 depends on table tbl_txn_active_0
can't place tbl_defense4_rrc_stagerecovery_probe2603 in stage 5 : dependency on table tbl_state_decode_0
Stage 6
  exact ixbar groups                  ternary ixbar groups
  B0A0C0..D0......F0F1F2F3G0G1G2G3  .......... .. ..........
  ................E0E1E2E3G0G1G2G3  .......... .. ..........
  ................................  .......... .. ..........
  ................................  .......... .. ..........
  ................................  .......... .. ..........
  ................................  .......... .. ..........
  ................................
  ................................
     A B12 (tbl_defense4_rrc_stagerecovery_probe2603$gw, tbl_defense4_rrc_stagerecovery_probe2609$gw)
     B H12 (tbl_defense4_rrc_stagerecovery_probe2584$gw, tbl_defense4_rrc_stagerecovery_probe2591$gw)
     C H6 (tbl_defense4_rrc_stagerecovery_probe2609$salu)
     D H8 (tbl_defense4_rrc_stagerecovery_probe2609$salu)
     E W2 (tbl_defense4_rrc_stagerecovery_probe2582$salu)
     F W4 (tbl_defense4_rrc_stagerecovery_probe2593$salu)
     G W7 (tbl_defense4_rrc_stagerecovery_probe2582$salu, tbl_defense4_rrc_stagerecovery_probe2593$salu)
  hash select bits  Groups  hd  /- hash dist bits --- (Groups: -1 -1)
  AA.. ............  A0001  ... ................................................
  .... ............  .0000  ... ................................................
  .... ............  .0000  ... ................................................
  .... ............  .0000  ... ................................................
  .... ............  .0000  ... ................................................
  .... ............  .0000  ... ................................................
  .... ............  .0000  ... ................................................
  .... ............  .0000  ... ................................................
  .... ............         ... ................................................
  .... ............         ... ................................................
  .... ............         ... ................................................
  .... ............         ... ................................................
  .... ............         ... ................................................
  .... ............         ... ................................................
  .... ............         ... ................................................
  .... ............         ... ................................................
     A tbl_defense4_rrc_stagerecovery_probe2609$salu
  
  tc  sb  rb  tib ab  st  srams       mapram  ov  gw pay 2p
  ..  ..  ..  KB  ..  ..  ..........  ......  ..  IC  ..  .
  ..  ..  ..  DH  ..  ..  ..........  ......  ..  EL  ..  .
  ..  ..  ..  FM  ..  ..  ..........  ......  ..  ..  ..  .
  ..  ..  ..  ..  ..  ..  ....GG....  GG....  ..  ..  ..  .
  ..  ..  ..  ..  ..  ..  ..........  ......  ..  ..  ..  .
  ..  ..  ..  ..  ..  ..  ....AA....  AA....  ..  ..  ..  .
  ..  ..  ..  ..  ..  ..  ..........  ......  ..  ..  ..  .
  ..  ..  ..  ..  ..  ..  ....JJ....  JJ....  ..  ..  ..  .
  ..                                                      
  ..                                                      
  ..                                                      
  ..                                                      
     A tbl_defense4_rrc_stagerecovery_probe2582$salu.Ingress.reg_deadline
     B tbl_defense4_rrc_stagerecovery_probe2582$tind
     C tbl_defense4_rrc_stagerecovery_probe2584$gw
     D tbl_defense4_rrc_stagerecovery_probe2584$tind
     E tbl_defense4_rrc_stagerecovery_probe2591$gw
     F tbl_defense4_rrc_stagerecovery_probe2591$tind
     G tbl_defense4_rrc_stagerecovery_probe2593$salu.Ingress.reg_tresp
     H tbl_defense4_rrc_stagerecovery_probe2593$tind
     I tbl_defense4_rrc_stagerecovery_probe2603$gw
     J tbl_defense4_rrc_stagerecovery_probe2603$salu.Ingress.reg_ack_rel
     K tbl_defense4_rrc_stagerecovery_probe2603$tind
     L tbl_defense4_rrc_stagerecovery_probe2609$gw
     M tbl_defense4_rrc_stagerecovery_probe2609$tind
  
can't place tbl_deadline_expiry_0 in stage 6 : dependency on table tbl_defense4_rrc_stagerecovery_probe2584
can't place tbl_tresp_expiry_0 in stage 6 : dependency on table tbl_defense4_rrc_stagerecovery_probe2593
Stage 7
  exact ixbar groups                  ternary ixbar groups
  F0F1F2F3G0G1G2G3D0C0A0B0E0......  .......... .. ..........
  ................................  .......... .. ..........
  ................................  .......... .. ..........
  ................................  .......... .. ..........
  ................................  .......... .. ..........
  ................................  .......... .. ..........
  ................................
  ................................
     A B12 (cond-103$gw, cond-109$gw, tbl_defense4_rrc_stagerecovery_probe2827$gw)
     B B15 (tbl_defense4_rrc_stagerecovery_probe2797$gw, tbl_defense4_rrc_stagerecovery_probe2833$gw)
     C B7 (cond-98$gw, tbl_defense4_rrc_stagerecovery_probe2624$gw, tbl_defense4_rrc_stagerecovery_probe2850$gw)
     D B9 (cond-96$gw)
     E H12 (tbl_defense4_rrc_stagerecovery_probe2797$gw, tbl_defense4_rrc_stagerecovery_probe2833$gw, tbl_defense4_rrc_stagerecovery_probe2835$gw, tbl_to_hold$gw)
     F W36 (tbl_tresp_expiry_0$gw)
     G W5 (tbl_deadline_expiry_0$gw)
  hash select bits  Groups  hd  /- hash dist bits --- (Groups: -1 -1)
  .... ............  .0000  ... ................................................
  .... ............  .0000  ... ................................................
  .... ............  .0000  ... ................................................
  .... ............  .0000  ... ................................................
  .... ............  .0000  ... ................................................
  .... ............  .0000  ... ................................................
  .... ............  .0000  ... ................................................
  .... ............  .0000  ... ................................................
  .... ............         ... ................................................
  .... ............         ... ................................................
  .... ............         ... ................................................
  .... ............         ... ................................................
  .... ............         ... ................................................
  .... ............         ... ................................................
  .... ............         ... ................................................
  .... ............         ... ................................................
  
  tc  sb  rb  tib ab  st  srams       mapram  ov  gw pay 2p
  ..  FY  ..  ..  ..  ..  ..........  ......  ..  GZ  GZ  .
  ..  ..  ..  LS  ..  ..  ..........  ......  ..  JQ  ..  .
  ..  ..  ..  RE  ..  ..  ..........  ......  ..  OT  ..  .
  ..  ..  ..  PV  ..  ..  ..........  ......  ..  MB  ..  .
  ..  ..  ..  UN  ..  ..  ..........  ......  ..  AD  ..  .
  ..  ..  ..  IX  ..  ..  ..........  ......  ..  HC  ..  .
  ..  ..  ..  ..  ..  ..  ....KK....  KK....  ..  W.  ..  .
  ..  ..  ..  ..  ..  ..  ..........  ......  ..  ..  ..  .
  ..                                                      
  ..                                                      
  ..                                                      
  ..                                                      
     A cond-103$gw
     B cond-109$gw
     C cond-96$gw
     D cond-98$gw
     E tbl_arm_clone$tind
     F tbl_deadline_expiry_0
     G tbl_deadline_expiry_0$gw
     H tbl_defense4_rrc_stagerecovery_probe2624$gw
     I tbl_defense4_rrc_stagerecovery_probe2624$tind
     J tbl_defense4_rrc_stagerecovery_probe2797$gw
     K tbl_defense4_rrc_stagerecovery_probe2797$stats.Ingress.ctr_fresh
     L tbl_defense4_rrc_stagerecovery_probe2797$tind
     M tbl_defense4_rrc_stagerecovery_probe2827$gw
     N tbl_defense4_rrc_stagerecovery_probe2827$tind
     O tbl_defense4_rrc_stagerecovery_probe2833$gw
     P tbl_defense4_rrc_stagerecovery_probe2833$tind
     Q tbl_defense4_rrc_stagerecovery_probe2835$gw
     R tbl_defense4_rrc_stagerecovery_probe2835$tind
     S tbl_defense4_rrc_stagerecovery_probe2843$tind
     T tbl_defense4_rrc_stagerecovery_probe2850$gw
     U tbl_defense4_rrc_stagerecovery_probe2850$tind
     V tbl_defense4_rrc_stagerecovery_probe2854$tind
     W tbl_to_hold$gw
     X tbl_to_hold$tind
     Y tbl_tresp_expiry_0
     Z tbl_tresp_expiry_0$gw
  
can't place cond-117 in stage 7 : ran out of memories: too many tables total
can't place tbl_defense4_rrc_stagerecovery_probe2691 in stage 7 : ran out of memories: too many tables total
can't place tbl_defense4_rrc_stagerecovery_probe2728 in stage 7 : ran out of memories: too many tables total
can't place tbl_defense4_rrc_stagerecovery_probe2812 in stage 7 : ran out of memories: too many tables total
can't place tbl_defense4_rrc_stagerecovery_probe2803 in stage 7 : ran out of memories: too many tables total
can't place tbl_defense4_rrc_stagerecovery_probe2819 in stage 7 : ran out of memories: too many tables total
Stage 8
  exact ixbar groups                  ternary ixbar groups
  H0H1H2H3E0C0F0G1G0A0B0D1D0......  .......... .. ..........
  ................................  .......... .. ..........
  ................................  .......... .. ..........
  ................................  .......... .. ..........
  ................................  .......... .. ..........
  ................................  .......... .. ..........
  ................................
  ................................
     A B11 (tbl_defense4_rrc_stagerecovery_probe2743$gw)
     B B14 (tbl_defense4_rrc_stagerecovery_probe2691$gw)
     C B15 (tbl_defense4_rrc_stagerecovery_probe2728$gw)
     D H11 (tbl_defense4_rrc_stagerecovery_probe2639$gw, tbl_defense4_rrc_stagerecovery_probe2648$gw)
     E H12 (tbl_defense4_rrc_stagerecovery_probe2728$gw, tbl_defense4_rrc_stagerecovery_probe2778$gw, tbl_to_resp_hold$gw)
     F H13 (tbl_defense4_rrc_stagerecovery_probe2639$gw, tbl_defense4_rrc_stagerecovery_probe2648$gw, tbl_defense4_rrc_stagerecovery_probe2728$gw, tbl_defense4_rrc_stagerecovery_probe2778$gw, tbl_to_resp_hold$gw)
     G H14 (tbl_defense4_rrc_stagerecovery_probe2788$gw)
     H W6 (tbl_defense4_rrc_stagerecovery_probe2803$gw)
  hash select bits  Groups  hd  /- hash dist bits --- (Groups: -1 -1)
  .... ............  .0000  ... ................................................
  .... ............  .0000  ... ................................................
  .... ............  .0000  ... ................................................
  .... ............  .0000  ... ................................................
  .... ............  .0000  ... ................................................
  .... ............  .0000  ... ................................................
  .... ............  .0000  ... ................................................
  .... ............  .0000  ... ................................................
  .... ............         ... ................................................
  .... ............         ... ................................................
  .... ............         ... ................................................
  .... ............         ... ................................................
  .... ............         ... ................................................
  .... ............         ... ................................................
  .... ............         ... ................................................
  .... ............         ... ................................................
  
  tc  sb  rb  tib ab  st  srams       mapram  ov  gw pay 2p
  ..  ..  ..  XF  ..  ..  ..........  ......  ..  DA  ..  .
  ..  ..  ..  BH  ..  ..  ..........  ......  ..  GK  ..  .
  ..  ..  ..  ML  ..  ..  ..........  ......  ..  PN  ..  .
  ..  ..  ..  RQ  ..  ..  ..........  ......  ..  YI  ..  .
  ..  ..  ..  SO  ..  ..  ..........  ......  ..  T.  ..  .
  ..  ..  ..  ZJ  ..  ..  ..........  ......  ..  ..  ..  .
  ..  ..  ..  VU  ..  ..  ....EE....  EE....  ..  ..  ..  .
  ..  ..  ..  WC  ..  ..  ..........  ......  ..  ..  ..  .
  ..                                                      
  ..                                                      
  ..                                                      
  ..                                                      
     A tbl_defense4_rrc_stagerecovery_probe2639$gw
     B tbl_defense4_rrc_stagerecovery_probe2639$tind
     C tbl_defense4_rrc_stagerecovery_probe2643$tind
     D tbl_defense4_rrc_stagerecovery_probe2648$gw
     E tbl_defense4_rrc_stagerecovery_probe2648$stats.Ingress.ctr_fresh
     F tbl_defense4_rrc_stagerecovery_probe2648$tind
     G tbl_defense4_rrc_stagerecovery_probe2691$gw
     H tbl_defense4_rrc_stagerecovery_probe2691$tind
     I tbl_defense4_rrc_stagerecovery_probe2728$gw
     J tbl_defense4_rrc_stagerecovery_probe2728$tind
     K tbl_defense4_rrc_stagerecovery_probe2743$gw
     L tbl_defense4_rrc_stagerecovery_probe2743$tind
     M tbl_defense4_rrc_stagerecovery_probe2744$tind
     N tbl_defense4_rrc_stagerecovery_probe2778$gw
     O tbl_defense4_rrc_stagerecovery_probe2778$tind
     P tbl_defense4_rrc_stagerecovery_probe2788$gw
     Q tbl_defense4_rrc_stagerecovery_probe2788$tind
     R tbl_defense4_rrc_stagerecovery_probe2788_0$tind
     S tbl_defense4_rrc_stagerecovery_probe2789$tind
     T tbl_defense4_rrc_stagerecovery_probe2803$gw
     U tbl_defense4_rrc_stagerecovery_probe2803$tind
     V tbl_defense4_rrc_stagerecovery_probe2812$tind
     W tbl_defense4_rrc_stagerecovery_probe2819$tind
     X tbl_to_block$tind
     Y tbl_to_resp_hold$gw
     Z tbl_to_resp_hold$tind
  
can't place cond-117 in stage 8 : ran out of memories: too many tables total
can't place tbl_defense4_rrc_stagerecovery_probe2660 in stage 8 : ran out of memories: too many tables total
can't place tbl_defense4_rrc_stagerecovery_probe2652 in stage 8 : ran out of memories: too many tables total
can't place tbl_to_resp_block in stage 8 : ran out of memories: too many tables total
can't place tbl_defense4_rrc_stagerecovery_probe2657 in stage 8 : ran out of memories: too many tables total
Stage 9
  exact ixbar groups                  ternary ixbar groups
  E0C0A0E1F0F1B0..D0..............  .......... .. ..........
  ................................  .......... .. ..........
  ................................  .......... .. ..........
  ................................  .......... .. ..........
  ................................  .......... .. ..........
  ................................  .......... .. ..........
  ................................
  ................................
     A B13 (cond-117$gw)
     B B15 (cond-123$gw, tbl_defense4_rrc_stagerecovery_probe2962$gw)
     C B7 (cond-117$gw, cond-121$gw, tbl_defense4_rrc_stagerecovery_probe2952$gw, tbl_defense4_rrc_stagerecovery_probe2986$gw)
     D H12 (tbl_defense4_rrc_stagerecovery_probe2904$gw)
     E H13 (tbl_defense4_rrc_stagerecovery_probe2657$gw, tbl_defense4_rrc_stagerecovery_probe2962$gw, tbl_defense4_rrc_stagerecovery_probe2982$gw)
     F H14 (tbl_defense4_rrc_stagerecovery_probe2979$gw)
  hash select bits  Groups  hd  /- hash dist bits --- (Groups: -1 -1)
  .... ............  .0000  ... ................................................
  .... ............  .0000  ... ................................................
  .... ............  .0000  ... ................................................
  .... ............  .0000  ... ................................................
  .... ............  .0000  ... ................................................
  .... ............  .0000  ... ................................................
  .... ............  .0000  ... ................................................
  .... ............  .0000  ... ................................................
  .... ............         ... ................................................
  .... ............         ... ................................................
  .... ............         ... ................................................
  .... ............         ... ................................................
  .... ............         ... ................................................
  .... ............         ... ................................................
  .... ............         ... ................................................
  .... ............         ... ................................................
  
  tc  sb  rb  tib ab  st  srams       mapram  ov  gw pay 2p
  ..  ..  ..  KP  ..  ..  ..........  ......  ..  IN  ..  .
  ..  ..  ..  OS  ..  ..  ..........  ......  ..  QT  ..  .
  ..  ..  ..  RV  ..  ..  ..........  ......  ..  WL  ..  .
  ..  ..  ..  UX  ..  ..  ..........  ......  ..  BA  ..  .
  ..  ..  ..  MD  ..  ..  ....GG....  GG....  ..  EC  ..  .
  ..  ..  ..  YH  ..  ..  ..........  ......  ..  ..  ..  .
  ..  ..  ..  F.  ..  ..  ....JJ....  JJ....  ..  ..  ..  .
  ..  ..  ..  ..  ..  ..  ..........  ......  ..  ..  ..  .
  ..                                                      
  ..                                                      
  ..                                                      
  ..                                                      
     A cond-117$gw
     B cond-121$gw
     C cond-123$gw
     D tbl_defense4_rrc_stagerecovery_probe2652$tind
     E tbl_defense4_rrc_stagerecovery_probe2657$gw
     F tbl_defense4_rrc_stagerecovery_probe2657$tind
     G tbl_defense4_rrc_stagerecovery_probe2660$stats.Ingress.ctr_fresh
     H tbl_defense4_rrc_stagerecovery_probe2660$tind
     I tbl_defense4_rrc_stagerecovery_probe2904$gw
     J tbl_defense4_rrc_stagerecovery_probe2904$stats.Ingress.ctr_deq
     K tbl_defense4_rrc_stagerecovery_probe2904$tind
     L tbl_defense4_rrc_stagerecovery_probe2952$gw
     M tbl_defense4_rrc_stagerecovery_probe2952$tind
     N tbl_defense4_rrc_stagerecovery_probe2962$gw
     O tbl_defense4_rrc_stagerecovery_probe2962$tind
     P tbl_defense4_rrc_stagerecovery_probe2964$tind
     Q tbl_defense4_rrc_stagerecovery_probe2979$gw
     R tbl_defense4_rrc_stagerecovery_probe2979$tind
     S tbl_defense4_rrc_stagerecovery_probe2979_0$tind
     T tbl_defense4_rrc_stagerecovery_probe2982$gw
     U tbl_defense4_rrc_stagerecovery_probe2982$tind
     V tbl_defense4_rrc_stagerecovery_probe2983$tind
     W tbl_defense4_rrc_stagerecovery_probe2986$gw
     X tbl_defense4_rrc_stagerecovery_probe2986$tind
     Y tbl_to_resp_block$tind
  
can't place tbl_defense4_rrc_stagerecovery_probe2872 in stage 9 : ran out of memories: too many tables total
can't place tbl_defense4_rrc_stagerecovery_probe2910 in stage 9 : ran out of memories: too many tables total
can't place tbl_defense4_rrc_stagerecovery_probe2923 in stage 9 : ran out of memories: too many tables total
Stage 10
  exact ixbar groups                  ternary ixbar groups
  A0B1B0C1........................  .......... .. ..........
  ................................  .......... .. ..........
  ................................  .......... .. ..........
  ................................  .......... .. ..........
  ................................  .......... .. ..........
  ................................  .......... .. ..........
  ................................
  ................................
     A B10 (tbl_defense4_rrc_stagerecovery_probe2885$gw, tbl_defense4_rrc_stagerecovery_probe2914$gw, tbl_defense4_rrc_stagerecovery_probe2927$gw)
     B H12 (tbl_defense4_rrc_stagerecovery_probe2872$gw, tbl_defense4_rrc_stagerecovery_probe2881$gw, tbl_defense4_rrc_stagerecovery_probe2910$gw, tbl_defense4_rrc_stagerecovery_probe2923$gw)
     C H13 (tbl_defense4_rrc_stagerecovery_probe2881$gw)
  hash select bits  Groups  hd  /- hash dist bits --- (Groups: -1 -1)
  .... ............  .0000  ... ................................................
  .... ............  .0000  ... ................................................
  .... ............  .0000  ... ................................................
  .... ............  .0000  ... ................................................
  .... ............  .0000  ... ................................................
  .... ............  .0000  ... ................................................
  .... ............  .0000  ... ................................................
  .... ............  .0000  ... ................................................
  .... ............         ... ................................................
  .... ............         ... ................................................
  .... ............         ... ................................................
  .... ............         ... ................................................
  .... ............         ... ................................................
  .... ............         ... ................................................
  .... ............         ... ................................................
  .... ............         ... ................................................
  
  tc  sb  rb  tib ab  st  srams       mapram  ov  gw pay 2p
  ..  ..  ..  XI  ..  ..  ..........  ......  ..  EC  ..  .
  ..  ..  ..  FD  ..  ..  ..........  ......  ..  AL  ..  .
  ..  ..  ..  BN  ..  ..  ..........  ......  ..  JR  ..  .
  ..  ..  ..  VO  ..  ..  ..........  ......  ..  P.  ..  .
  ..  ..  ..  MK  ..  ..  ..........  ......  ..  ..  ..  .
  ..  ..  ..  TW  ..  ..  ..........  ......  ..  ..  ..  .
  ..  ..  ..  US  ..  ..  ....HH....  HH....  ..  ..  ..  .
  ..  ..  ..  QG  ..  ..  ..........  ......  ..  ..  ..  .
  ..                                                      
  ..                                                      
  ..                                                      
  ..                                                      
     A tbl_defense4_rrc_stagerecovery_probe2872$gw
     B tbl_defense4_rrc_stagerecovery_probe2872$tind
     C tbl_defense4_rrc_stagerecovery_probe2881$gw
     D tbl_defense4_rrc_stagerecovery_probe2881$tind
     E tbl_defense4_rrc_stagerecovery_probe2885$gw
     F tbl_defense4_rrc_stagerecovery_probe2885$tind
     G tbl_defense4_rrc_stagerecovery_probe2889$tind
     H tbl_defense4_rrc_stagerecovery_probe2891$stats.Ingress.ctr_deq
     I tbl_defense4_rrc_stagerecovery_probe2891$tind
     J tbl_defense4_rrc_stagerecovery_probe2910$gw
     K tbl_defense4_rrc_stagerecovery_probe2910$tind
     L tbl_defense4_rrc_stagerecovery_probe2914$gw
     M tbl_defense4_rrc_stagerecovery_probe2914$tind
     N tbl_defense4_rrc_stagerecovery_probe2918$tind
     O tbl_defense4_rrc_stagerecovery_probe2920$tind
     P tbl_defense4_rrc_stagerecovery_probe2923$gw
     Q tbl_defense4_rrc_stagerecovery_probe2923$tind
     R tbl_defense4_rrc_stagerecovery_probe2927$gw
     S tbl_defense4_rrc_stagerecovery_probe2927$tind
     T tbl_defense4_rrc_stagerecovery_probe2932$tind
     U tbl_defense4_rrc_stagerecovery_probe2934$tind
     V tbl_to_block_0$tind
     W tbl_to_block_1$tind
     X tbl_to_resp_block_0$tind
  
Table tbl_defense4_rrc_stagerecovery_probe2398 delayed to stage 1 from stage 0
  stage 0: dependency (CONTROL_COND_FALSE) on tbl_build_exp_ack_0 in stage 0
  - preferred cond-74(longer downward prop control-included dependence tail chain) over 1 of tbl_defense4_rrc_stagerecovery_probe2398 in stage 0
  - preferred tbl_params_0(longer downward prop control-included dependence tail chain) over 1 of tbl_defense4_rrc_stagerecovery_probe2398 in stage 0
  - preferred tbl_defense4_rrc_stagerecovery_probe2643(direct control dependency difference) over 1 of tbl_defense4_rrc_stagerecovery_probe2660 in stage 8
  - preferred tbl_to_block(direct control dependency difference) over 1 of tbl_defense4_rrc_stagerecovery_probe2660 in stage 8
  - preferred tbl_defense4_rrc_stagerecovery_probe2643(direct control dependency difference) over 1 of tbl_defense4_rrc_stagerecovery_probe2652 in stage 8
  - preferred tbl_to_block(direct control dependency difference) over 1 of tbl_defense4_rrc_stagerecovery_probe2652 in stage 8
  - preferred tbl_defense4_rrc_stagerecovery_probe2643(direct control dependency difference) over 1 of tbl_to_resp_block in stage 8
  - preferred tbl_to_block(direct control dependency difference) over 1 of tbl_to_resp_block in stage 8
Table tbl_defense4_rrc_stagerecovery_probe2819 delayed to stage 8 from stage 7
  stage 7: dependency (CONTROL_COND_FALSE) on tbl_to_hold in stage 7
  - preferred tbl_to_hold(default choice) over 1 of tbl_defense4_rrc_stagerecovery_probe2819 in stage 7
Table cond-117 delayed to stage 9 from stage 7
  stage 7: dependency (CONTROL_COND_FALSE) on cond-96 in stage 7
  stage 2: dependency (ACTION_READ) on tbl_defense4_rrc_stagerecovery_probe2407 in stage 1
  - preferred cond-98(control dom set is placeable in this stage) over 0 of cond-117 in stage 7
  - preferred tbl_defense4_rrc_stagerecovery_probe2624(control dom set is placeable in this stage) over 0 of cond-117 in stage 7
  - preferred tbl_defense4_rrc_stagerecovery_probe2639(default choice) over 0 of cond-117 in stage 8
  - preferred tbl_defense4_rrc_stagerecovery_probe2643(direct control dependency difference) over 0 of cond-117 in stage 8
  - preferred tbl_defense4_rrc_stagerecovery_probe2691(default choice) over 0 of cond-117 in stage 8
Table egresshdr.tcp.checksum_encode_update_condition_3 delayed to stage 2 from stage 1
  stage 1: dependency (IXBAR_READ) on tbl_defense4_rrc_stagerecovery_probe3175 in stage 0
  stage 1: dependency (IXBAR_READ) on tbl_defense4_rrc_stagerecovery_probe3186 in stage 0
  stage 1: dependency (CONTROL_EXIT) on egresshdr.ipv4.hdr_checksum_encode_update_condition_2 in stage 1
Stage advance for pipe pipe REDO_PHV1 not ignoring container conflicts
Stage 0
  exact ixbar groups                  ternary ixbar groups
  B0D0H0E0C0A0G0G1..F1............  I0J1I2I3J0 I1 J2J3K0K1K2
  ................................  K3........ .. ..........
  ................................  .......... .. ..........
  ................................  .......... .. ..........
  ................................  .......... .. ..........
  ................................  .......... .. ..........
  ................................
  ................................
     A B14 (tbl_defense4_rrc_stagerecovery_probe2449$gw)
     B B3 (tbl_build_exp_ack_0)
     C B7 (tbl_defense4_rrc_stagerecovery_probe2463$gw, tbl_defense4_rrc_stagerecovery_probe2469$gw, tbl_defense4_rrc_stagerecovery_probe2480$gw)
     D B8 (tbl_build_exp_ack_0$gw)
     E B9 (cond-74$gw)
     F H23 (tbl_defense4_rrc_stagerecovery_probe3175$gw, tbl_defense4_rrc_stagerecovery_probe3186$gw)
     G H24 (cond-133$gw, cond-135$gw, tbl_defense4_rrc_stagerecovery_probe3195$gw)
     H H9 (tbl_session_0$gw)
     I W10 (tbl_session_0)
     J W13 (tbl_session_0)
     K W14 (tbl_session_0)
  hash select bits  Groups  hd  /- hash dist bits --- (Groups: -1 -1)
  A... ............  A0001  ... ................................................
  .... ............  .0000  ... ................................................
  .... ............  .0000  ... ................................................
  .... ............  .0000  ... ................................................
  .... ............  .0000  ... ................................................
  .... ............  .0000  ... ................................................
  .... ............  .0000  ... ................................................
  .... ............  .0000  ... ................................................
  .... ............         ... ................................................
  .... ............         ... ................................................
  .... ............         ... ................................................
  .... ............         ... ................................................
  .... ............         ... ................................................
  .... ............         ... ................................................
  .... ............         ... ................................................
  .... ............         ... ................................................
     A tbl_build_exp_ack_0
  
  tc  sb  rb  tib ab  st  srams       mapram  ov  gw pay 2p
  c.  ..  ..  eT  ..  ..  e.........  ......  ..  VB  ..  .
  c.  ..  ..  ZX  ..  ..  ..........  ......  ..  QA  ..  .
  c.  ..  ..  WR  ..  ..  ..........  ......  ..  HN  ..  .
  ..  ..  ..  IO  ..  ..  ..........  ......  ..  LJ  ..  .
  ..  ..  ..  MK  ..  ..  ....FF....  FF....  ..  Cd  ..  .
  ..  ..  ..  bG  ..  ..  ..........  ......  ..  E.  ..  .
  ..  ..  ..  ..  ..  ..  ....SSa...  SS....  ..  ..  ..  .
  ..  D.  ..  ..  ..  ..  DP..U.....  ......  ..  Y.  ..  .
  ..                                                      
  ..                                                      
  ..                                                      
  ..                                                      
     A cond-133$gw
     B cond-135$gw
     C cond-74$gw
     D tbl_build_exp_ack_0
     E tbl_build_exp_ack_0$gw
     F tbl_defense4_rrc_stagerecovery_probe2394$stats.Ingress.ctr_fresh
     G tbl_defense4_rrc_stagerecovery_probe2394$tind
     H tbl_defense4_rrc_stagerecovery_probe2449$gw
     I tbl_defense4_rrc_stagerecovery_probe2449$tind
     J tbl_defense4_rrc_stagerecovery_probe2463$gw
     K tbl_defense4_rrc_stagerecovery_probe2463$tind
     L tbl_defense4_rrc_stagerecovery_probe2469$gw
     M tbl_defense4_rrc_stagerecovery_probe2469$tind
     N tbl_defense4_rrc_stagerecovery_probe2480$gw
     O tbl_defense4_rrc_stagerecovery_probe2480$tind
     P tbl_defense4_rrc_stagerecovery_probe3175$action_data
     Q tbl_defense4_rrc_stagerecovery_probe3175$gw
     R tbl_defense4_rrc_stagerecovery_probe3175$tind
     S tbl_defense4_rrc_stagerecovery_probe3181$stats.Egress.ctr_rrc
     T tbl_defense4_rrc_stagerecovery_probe3181$tind
     U tbl_defense4_rrc_stagerecovery_probe3186$action_data
     V tbl_defense4_rrc_stagerecovery_probe3186$gw
     W tbl_defense4_rrc_stagerecovery_probe3186$tind
     X tbl_defense4_rrc_stagerecovery_probe3192$tind
     Y tbl_defense4_rrc_stagerecovery_probe3195$gw
     Z tbl_defense4_rrc_stagerecovery_probe3195$tind
     a tbl_params_0$action_data
     b tbl_params_0$tind
     c tbl_session_0
     d tbl_session_0$gw
     e tbl_session_0$tind
  
can't place tbl_defense4_rrc_stagerecovery_probe2451 in stage 0 : dependency on table tbl_session_0
can't place tbl_defense4_rrc_stagerecovery_probe3200 in stage 0 : dependency on table tbl_defense4_rrc_stagerecovery_probe3186
can't place egress_reset_invalidated_checksum_fields_0 in stage 0 : dependency on table tbl_defense4_rrc_stagerecovery_probe3175
can't place egress_reset_invalidated_checksum_fields_1 in stage 0 : dependency on table tbl_defense4_rrc_stagerecovery_probe3175
can't place egress_reset_invalidated_checksum_fields_2 in stage 0 : dependency on table tbl_defense4_rrc_stagerecovery_probe3186
can't place egress_reset_invalidated_checksum_fields_3 in stage 0 : dependency on table tbl_defense4_rrc_stagerecovery_probe3186
Stage 1
  exact ixbar groups                  ternary ixbar groups
  C0A0E0..H0H1....I0I1............  .......... .. ..........
  D0F1B0D1........G0G1G2G3J0J1J2J3  .......... .. ..........
  ................................  .......... .. ..........
  ................................  .......... .. ..........
  ................................  .......... .. ..........
  ................................  .......... .. ..........
  ................................
  ................................
     A B11 (tbl_defense4_rrc_stagerecovery_probe2451$gw, tbl_defense4_rrc_stagerecovery_probe2454$gw, tbl_defense4_rrc_stagerecovery_probe2457$gw, tbl_defense4_rrc_stagerecovery_probe2514$gw)
     B B16 (egress_reset_invalidated_checksum_fields_2$gw)
     C B7 (tbl_defense4_rrc_stagerecovery_probe2451$gw, tbl_defense4_rrc_stagerecovery_probe2454$gw, tbl_defense4_rrc_stagerecovery_probe2457$gw)
     D H23 (egress_reset_invalidated_checksum_fields_0$gw, egress_reset_invalidated_checksum_fields_1$gw, egress_reset_invalidated_checksum_fields_2$gw, egress_reset_invalidated_checksum_fields_3$gw, egresshdr.ipv4.hdr_checksum_encode_update_condition_2, tbl_defense4_rrc_stagerecovery_probe3200$gw)
     E H6 (tbl_defense4_rrc_stagerecovery_probe2454$gw, tbl_defense4_rrc_stagerecovery_probe2457$gw)
     F H7 (tbl_defense4_rrc_stagerecovery_probe2407$gw)
     G W0 (tbl_defense4_rrc_stagerecovery_probe2404$gw, tbl_defense4_rrc_stagerecovery_probe2515$salu)
     H W11 (tbl_defense4_rrc_stagerecovery_probe2516$salu)
     I W12 (tbl_defense4_rrc_stagerecovery_probe2516$salu)
     J W36 (tbl_defense4_rrc_stagerecovery_probe2515$salu)
  hash select bits  Groups  hd  /- hash dist bits --- (Groups: -1 -1)
  BBBB ............  B0003  ... ................................................
  BBBB ............  A0004  ... ................................................
  A... ............  .0000  ... ................................................
  .... ............  .0000  ... ................................................
  .... ............  .0000  ... ................................................
  .... ............  .0000  ... ................................................
  .... ............  .0000  ... ................................................
  .... ............  .0000  ... ................................................
  .... ............         ... ................................................
  .... ............         ... ................................................
  .... ............         ... ................................................
  .... ............         ... ................................................
  .... ............         ... ................................................
  .... ............         ... ................................................
  .... ............         ... ................................................
  .... ............         ... ................................................
     A egresshdr.ipv4.hdr_checksum_encode_update_condition_2
     B tbl_defense4_rrc_stagerecovery_probe2516$salu
  
  tc  sb  rb  tib ab  st  srams       mapram  ov  gw pay 2p
  ..  ..  ..  cB  ..  ..  ..........  ......  ..  AC  ..  .
  ..  ..  ..  DF  ..  ..  ..........  ......  ..  EG  ..  .
  ..  ..  ..  HO  ..  ..  ..........  ......  ..  NL  ..  .
  ..  ..  ..  JM  ..  ..  ..........  ......  ..  VT  ..  .
  ..  ..  ..  YW  ..  ..  ..........  ......  ..  RP  ..  .
  ..  ..  ..  Ka  ..  ..  ....ZZ....  ZZ....  ..  ..  ..  .
  ..  ..  ..  US  ..  ..  ..........  ......  ..  ..  ..  .
  ..  I.  ..  Q.  ..  ..  I...XX....  XX....  ..  b.  ..  .
  ..                                                      
  ..                                                      
  ..                                                      
  ..                                                      
     A egress_reset_invalidated_checksum_fields_0$gw
     B egress_reset_invalidated_checksum_fields_0$tind
     C egress_reset_invalidated_checksum_fields_1$gw
     D egress_reset_invalidated_checksum_fields_1$tind
     E egress_reset_invalidated_checksum_fields_2$gw
     F egress_reset_invalidated_checksum_fields_2$tind
     G egress_reset_invalidated_checksum_fields_3$gw
     H egress_reset_invalidated_checksum_fields_3$tind
     I egresshdr.ipv4.hdr_checksum_encode_update_condition_2
     J tbl_build_do_shape_0$tind
     K tbl_defense4_rrc_stagerecovery_probe2398$tind
     L tbl_defense4_rrc_stagerecovery_probe2404$gw
     M tbl_defense4_rrc_stagerecovery_probe2404$tind
     N tbl_defense4_rrc_stagerecovery_probe2407$gw
     O tbl_defense4_rrc_stagerecovery_probe2407$tind
     P tbl_defense4_rrc_stagerecovery_probe2451$gw
     Q tbl_defense4_rrc_stagerecovery_probe2451$tind
     R tbl_defense4_rrc_stagerecovery_probe2454$gw
     S tbl_defense4_rrc_stagerecovery_probe2454$tind
     T tbl_defense4_rrc_stagerecovery_probe2457$gw
     U tbl_defense4_rrc_stagerecovery_probe2457$tind
     V tbl_defense4_rrc_stagerecovery_probe2514$gw
     W tbl_defense4_rrc_stagerecovery_probe2514$tind
     X tbl_defense4_rrc_stagerecovery_probe2515$salu.Ingress.reg_exp_relay_seq
     Y tbl_defense4_rrc_stagerecovery_probe2515$tind
     Z tbl_defense4_rrc_stagerecovery_probe2516$salu.Ingress.reg_session_port
     a tbl_defense4_rrc_stagerecovery_probe2516$tind
     b tbl_defense4_rrc_stagerecovery_probe3200$gw
     c tbl_defense4_rrc_stagerecovery_probe3200$tind
  
can't place egresshdr.tcp.checksum_encode_update_condition_3 in stage 1 : container conflict with table egresshdr.ipv4.hdr_checksum_encode_update_condition_2
can't place tbl_build_now_0 in stage 1 : dependency on table tbl_defense4_rrc_stagerecovery_probe2398
can't place cond-82 in stage 1 : dependency on table tbl_defense4_rrc_stagerecovery_probe2457
can't place tbl_defense4_rrc_stagerecovery_probe2520 in stage 1 : dependency on table tbl_defense4_rrc_stagerecovery_probe2457
can't place tbl_defense4_rrc_stagerecovery_probe2518 in stage 1 : dependency on table tbl_defense4_rrc_stagerecovery_probe2457
Stage 2
  exact ixbar groups                  ternary ixbar groups
  A0B1B0..........D0D1D2D3C0C1C2C3  .......... .. ..........
  ................................  .......... .. ..........
  ................................  .......... .. ..........
  ................................  .......... .. ..........
  ................................  .......... .. ..........
  ................................  .......... .. ..........
  ................................
  ................................
     A B12 (cond-82$gw, tbl_defense4_rrc_stagerecovery_probe2518$gw)
     B H23 (egresshdr.tcp.checksum_encode_update_condition_3)
     C W2 (tbl_defense4_rrc_stagerecovery_probe2520$salu)
     D W32 (tbl_defense4_rrc_stagerecovery_probe2520$salu)
  hash select bits  Groups  hd  /- hash dist bits --- (Groups: -1 -1)
  A... ............  A0001  ... ................................................
  .... ............  .0000  ... ................................................
  .... ............  .0000  ... ................................................
  .... ............  .0000  ... ................................................
  .... ............  .0000  ... ................................................
  .... ............  .0000  ... ................................................
  .... ............  .0000  ... ................................................
  .... ............  .0000  ... ................................................
  .... ............         ... ................................................
  .... ............         ... ................................................
  .... ............         ... ................................................
  .... ............         ... ................................................
  .... ............         ... ................................................
  .... ............         ... ................................................
  .... ............         ... ................................................
  .... ............         ... ................................................
     A egresshdr.tcp.checksum_encode_update_condition_3
  
  tc  sb  rb  tib ab  st  srams       mapram  ov  gw pay 2p
  ..  ..  ..  GE  ..  ..  ..........  ......  ..  D.  ..  .
  ..  ..  ..  C.  ..  ..  ..........  ......  ..  ..  ..  .
  ..  ..  ..  ..  ..  ..  ..........  ......  ..  ..  ..  .
  ..  ..  ..  ..  ..  ..  ..........  ......  ..  ..  ..  .
  ..  ..  ..  ..  ..  ..  ..........  ......  ..  ..  ..  .
  ..  ..  ..  ..  ..  ..  ..........  ......  ..  ..  ..  .
  ..  ..  ..  ..  ..  ..  ..........  ......  ..  ..  ..  .
  ..  B.  ..  ..  ..  ..  B...FF....  FF....  ..  A.  ..  .
  ..                                                      
  ..                                                      
  ..                                                      
  ..                                                      
     A cond-82$gw
     B egresshdr.tcp.checksum_encode_update_condition_3
     C tbl_build_now_0$tind
     D tbl_defense4_rrc_stagerecovery_probe2518$gw
     E tbl_defense4_rrc_stagerecovery_probe2518$tind
     F tbl_defense4_rrc_stagerecovery_probe2520$salu.Ingress.reg_exp_ack
     G tbl_defense4_rrc_stagerecovery_probe2520$tind
  
can't place tbl_defense4_rrc_stagerecovery_probe2495 in stage 2 : container conflict with table tbl_defense4_rrc_stagerecovery_probe2520
can't place tbl_defense4_rrc_stagerecovery_probe2493 in stage 2 : container conflict with table tbl_defense4_rrc_stagerecovery_probe2520
can't place tbl_defense4_rrc_stagerecovery_probe2498 in stage 2 : shared table tbl_defense4_rrc_stagerecovery_probe2495 container conflict with table tbl_defense4_rrc_stagerecovery_probe2520
Stage 3
  exact ixbar groups                  ternary ixbar groups
  C0A0B0..........D0..............  .......... .. ..........
  ................................  .......... .. ..........
  ................................  .......... .. ..........
  ................................  .......... .. ..........
  ................................  .......... .. ..........
  ................................  .......... .. ..........
  ................................
  ................................
     A B10 (tbl_defense4_rrc_stagerecovery_probe2498$gw)
     B B12 (tbl_defense4_rrc_stagerecovery_probe2498$gw)
     C B15 (tbl_defense4_rrc_stagerecovery_probe2493$gw)
     D B4 (tbl_defense4_rrc_stagerecovery_probe2498$salu)
  hash select bits  Groups  hd  /- hash dist bits --- (Groups: -1 -1)
  .... ............  .0000  ... ................................................
  .... ............  .0000  ... ................................................
  .... ............  .0000  ... ................................................
  .... ............  .0000  ... ................................................
  .... ............  .0000  ... ................................................
  .... ............  .0000  ... ................................................
  .... ............  .0000  ... ................................................
  .... ............  .0000  ... ................................................
  .... ............         ... ................................................
  .... ............         ... ................................................
  .... ............         ... ................................................
  .... ............         ... ................................................
  .... ............         ... ................................................
  .... ............         ... ................................................
  .... ............         ... ................................................
  .... ............         ... ................................................
  
  tc  sb  rb  tib ab  st  srams       mapram  ov  gw pay 2p
  ..  ..  ..  AH  ..  ..  ..........  ......  ..  FC  ..  .
  ..  ..  ..  ED  ..  ..  ..........  ......  ..  ..  ..  .
  ..  ..  ..  B.  ..  ..  ..........  ......  ..  ..  ..  .
  ..  ..  ..  ..  ..  ..  ..........  ......  ..  ..  ..  .
  ..  ..  ..  ..  ..  ..  ..........  ......  ..  ..  ..  .
  ..  ..  ..  ..  ..  ..  ..........  ......  ..  ..  ..  .
  ..  ..  ..  ..  ..  ..  ..........  ......  ..  ..  ..  .
  ..  ..  ..  ..  ..  ..  ....GG....  GG....  ..  ..  ..  .
  ..                                                      
  ..                                                      
  ..                                                      
  ..                                                      
     A tbl_build_cand_0$tind
     B tbl_build_cand_resp_0$tind
     C tbl_defense4_rrc_stagerecovery_probe2493$gw
     D tbl_defense4_rrc_stagerecovery_probe2493$tind
     E tbl_defense4_rrc_stagerecovery_probe2495$tind
     F tbl_defense4_rrc_stagerecovery_probe2498$gw
     G tbl_defense4_rrc_stagerecovery_probe2498$salu.Ingress.reg_failopen
     H tbl_defense4_rrc_stagerecovery_probe2498$tind
  
can't place tbl_resp_authorise_0 in stage 3 : container conflict with table tbl_build_cand_resp_0
Stage 4
  exact ixbar groups                  ternary ixbar groups
  ................................  .......... .. F2G3B0D1G2
  ................................  E1C0B1A0C1 .. ..........
  ................................  .......... F3 ..........
  ................................  .......... .. ..........
  ................................  .......... .. ..........
  ................................  .......... .. ..........
  ................................
  ................................
     A B12 (tbl_resp_authorise_0)
     B H10 (tbl_resp_authorise_0)
     C H15 (tbl_resp_authorise_0)
     D H6 (tbl_resp_authorise_0)
     E H8 (tbl_resp_authorise_0)
     F W11 (tbl_resp_authorise_0)
     G W12 (tbl_resp_authorise_0)
  hash select bits  Groups  hd  /- hash dist bits --- (Groups: -1 -1)
  .... ............  .0000  ... ................................................
  .... ............  .0000  ... ................................................
  .... ............  .0000  ... ................................................
  .... ............  .0000  ... ................................................
  .... ............  .0000  ... ................................................
  .... ............  .0000  ... ................................................
  .... ............  .0000  ... ................................................
  .... ............  .0000  ... ................................................
  .... ............         ... ................................................
  .... ............         ... ................................................
  .... ............         ... ................................................
  .... ............         ... ................................................
  .... ............         ... ................................................
  .... ............         ... ................................................
  .... ............         ... ................................................
  .... ............         ... ................................................
  
  tc  sb  rb  tib ab  st  srams       mapram  ov  gw pay 2p
  A.  ..  ..  B.  ..  ..  B.........  ......  ..  ..  ..  .
  A.  ..  ..  ..  ..  ..  ..........  ......  ..  ..  ..  .
  A.  ..  ..  ..  ..  ..  ..........  ......  ..  ..  ..  .
  ..  ..  ..  ..  ..  ..  ..........  ......  ..  ..  ..  .
  ..  ..  ..  ..  ..  ..  ..........  ......  ..  ..  ..  .
  ..  ..  ..  ..  ..  ..  ..........  ......  ..  ..  ..  .
  ..  ..  ..  ..  ..  ..  ..........  ......  ..  ..  ..  .
  ..  ..  ..  ..  ..  ..  ..........  ......  ..  ..  ..  .
  ..                                                      
  ..                                                      
  ..                                                      
  ..                                                      
     A tbl_resp_authorise_0
     B tbl_resp_authorise_0$tind
  
can't place tbl_defense4_rrc_stagerecovery_probe2537 in stage 4 : dependency on table tbl_resp_authorise_0
Stage 5
  exact ixbar groups                  ternary ixbar groups
  E0D0A0C0B0......................  .......... .. ..........
  ................................  .......... .. ..........
  ................................  .......... .. ..........
  ................................  .......... .. ..........
  ................................  .......... .. ..........
  ................................  .......... .. ..........
  ................................
  ................................
     A B12 (tbl_defense4_rrc_stagerecovery_probe2537$gw, tbl_defense4_rrc_stagerecovery_probe2541$gw, tbl_defense4_rrc_stagerecovery_probe2547$gw, tbl_defense4_rrc_stagerecovery_probe2563$gw)
     B B14 (tbl_defense4_rrc_stagerecovery_probe2547$gw)
     C B15 (tbl_defense4_rrc_stagerecovery_probe2537$gw, tbl_defense4_rrc_stagerecovery_probe2558$gw)
     D B4 (tbl_defense4_rrc_stagerecovery_probe2560$salu)
     E H8 (tbl_defense4_rrc_stagerecovery_probe2560$salu)
  hash select bits  Groups  hd  /- hash dist bits --- (Groups: -1 -1)
  AA.. ............  A0001  ... ................................................
  .... ............  .0000  ... ................................................
  .... ............  .0000  ... ................................................
  .... ............  .0000  ... ................................................
  .... ............  .0000  ... ................................................
  .... ............  .0000  ... ................................................
  .... ............  .0000  ... ................................................
  .... ............  .0000  ... ................................................
  .... ............         ... ................................................
  .... ............         ... ................................................
  .... ............         ... ................................................
  .... ............         ... ................................................
  .... ............         ... ................................................
  .... ............         ... ................................................
  .... ............         ... ................................................
  .... ............         ... ................................................
     A tbl_defense4_rrc_stagerecovery_probe2560$salu
  
  tc  sb  rb  tib ab  st  srams       mapram  ov  gw pay 2p
  ..  ..  ..  IL  ..  ..  ..........  ......  ..  GK  ..  .
  ..  ..  ..  FD  ..  ..  ..........  ......  ..  EC  ..  .
  ..  ..  ..  BJ  ..  ..  ..........  ......  ..  A.  ..  .
  ..  ..  ..  ..  ..  ..  ..........  ......  ..  ..  ..  .
  ..  ..  ..  ..  ..  ..  ..........  ......  ..  ..  ..  .
  ..  ..  ..  ..  ..  ..  ..........  ......  ..  ..  ..  .
  ..  ..  ..  ..  ..  ..  ..........  ......  ..  ..  ..  .
  ..  ..  ..  ..  ..  ..  ....HH....  HH....  ..  ..  ..  .
  ..                                                      
  ..                                                      
  ..                                                      
  ..                                                      
     A tbl_defense4_rrc_stagerecovery_probe2537$gw
     B tbl_defense4_rrc_stagerecovery_probe2537$tind
     C tbl_defense4_rrc_stagerecovery_probe2541$gw
     D tbl_defense4_rrc_stagerecovery_probe2541$tind
     E tbl_defense4_rrc_stagerecovery_probe2547$gw
     F tbl_defense4_rrc_stagerecovery_probe2547$tind
     G tbl_defense4_rrc_stagerecovery_probe2558$gw
     H tbl_defense4_rrc_stagerecovery_probe2558$salu.Ingress.reg_tag
     I tbl_defense4_rrc_stagerecovery_probe2558$tind
     J tbl_defense4_rrc_stagerecovery_probe2560$tind
     K tbl_defense4_rrc_stagerecovery_probe2563$gw
     L tbl_defense4_rrc_stagerecovery_probe2563$tind
  
can't place tbl_state_decode_0 in stage 5 : dependency on table tbl_defense4_rrc_stagerecovery_probe2560
can't place tbl_txn_active_0 in stage 5 : dependency on table tbl_defense4_rrc_stagerecovery_probe2560
Stage 6
  exact ixbar groups                  ternary ixbar groups
  ................................  B0..E0.... .. G2H3C0E1H2
  ................................  F1D0C1A0D1 .. ..........
  ................................  .......... G3 ..........
  ................................  .......... .. ..........
  ................................  .......... .. ..........
  ................................  .......... .. ..........
  ................................
  ................................
     A B11 (tbl_state_decode_0)
     B B12 (tbl_state_decode_0)
     C H10 (tbl_state_decode_0)
     D H15 (tbl_state_decode_0)
     E H6 (tbl_state_decode_0, tbl_txn_active_0)
     F H8 (tbl_state_decode_0)
     G W11 (tbl_state_decode_0)
     H W12 (tbl_state_decode_0)
  hash select bits  Groups  hd  /- hash dist bits --- (Groups: -1 -1)
  .... ............  .0000  ... ................................................
  .... ............  .0000  ... ................................................
  .... ............  .0000  ... ................................................
  .... ............  .0000  ... ................................................
  .... ............  .0000  ... ................................................
  .... ............  .0000  ... ................................................
  .... ............  .0000  ... ................................................
  .... ............  .0000  ... ................................................
  .... ............         ... ................................................
  .... ............         ... ................................................
  .... ............         ... ................................................
  .... ............         ... ................................................
  .... ............         ... ................................................
  .... ............         ... ................................................
  .... ............         ... ................................................
  .... ............         ... ................................................
  
  tc  sb  rb  tib ab  st  srams       mapram  ov  gw pay 2p
  A.  ..  ..  B.  ..  ..  B.........  ......  ..  ..  ..  .
  A.  ..  ..  D.  ..  ..  D.........  ......  ..  ..  ..  .
  A.  ..  ..  ..  ..  ..  ..........  ......  ..  ..  ..  .
  C.  ..  ..  ..  ..  ..  ..........  ......  ..  ..  ..  .
  ..  ..  ..  ..  ..  ..  ..........  ......  ..  ..  ..  .
  ..  ..  ..  ..  ..  ..  ..........  ......  ..  ..  ..  .
  ..  ..  ..  ..  ..  ..  ..........  ......  ..  ..  ..  .
  ..  ..  ..  ..  ..  ..  ..........  ......  ..  ..  ..  .
  ..                                                      
  ..                                                      
  ..                                                      
  ..                                                      
     A tbl_state_decode_0
     B tbl_state_decode_0$tind
     C tbl_txn_active_0
     D tbl_txn_active_0$tind
  
can't place tbl_defense4_rrc_stagerecovery_probe2584 in stage 6 : dependency on table tbl_txn_active_0
can't place tbl_defense4_rrc_stagerecovery_probe2582 in stage 6 : dependency on table tbl_txn_active_0
can't place tbl_defense4_rrc_stagerecovery_probe2593 in stage 6 : dependency on table tbl_txn_active_0
can't place tbl_defense4_rrc_stagerecovery_probe2591 in stage 6 : shared table tbl_defense4_rrc_stagerecovery_probe2593 depends on table tbl_txn_active_0
can't place tbl_defense4_rrc_stagerecovery_probe2603 in stage 6 : dependency on table tbl_state_decode_0
Stage 7
  exact ixbar groups                  ternary ixbar groups
  B0A0C0..D0......F0F1F2F3G0G1G2G3  .......... .. ..........
  ................E0E1E2E3G0G1G2G3  .......... .. ..........
  ................................  .......... .. ..........
  ................................  .......... .. ..........
  ................................  .......... .. ..........
  ................................  .......... .. ..........
  ................................
  ................................
     A B12 (tbl_defense4_rrc_stagerecovery_probe2603$gw, tbl_defense4_rrc_stagerecovery_probe2609$gw)
     B H12 (tbl_defense4_rrc_stagerecovery_probe2584$gw, tbl_defense4_rrc_stagerecovery_probe2591$gw)
     C H6 (tbl_defense4_rrc_stagerecovery_probe2609$salu)
     D H8 (tbl_defense4_rrc_stagerecovery_probe2609$salu)
     E W2 (tbl_defense4_rrc_stagerecovery_probe2582$salu)
     F W4 (tbl_defense4_rrc_stagerecovery_probe2593$salu)
     G W7 (tbl_defense4_rrc_stagerecovery_probe2582$salu, tbl_defense4_rrc_stagerecovery_probe2593$salu)
  hash select bits  Groups  hd  /- hash dist bits --- (Groups: -1 -1)
  AA.. ............  A0001  ... ................................................
  .... ............  .0000  ... ................................................
  .... ............  .0000  ... ................................................
  .... ............  .0000  ... ................................................
  .... ............  .0000  ... ................................................
  .... ............  .0000  ... ................................................
  .... ............  .0000  ... ................................................
  .... ............  .0000  ... ................................................
  .... ............         ... ................................................
  .... ............         ... ................................................
  .... ............         ... ................................................
  .... ............         ... ................................................
  .... ............         ... ................................................
  .... ............         ... ................................................
  .... ............         ... ................................................
  .... ............         ... ................................................
     A tbl_defense4_rrc_stagerecovery_probe2609$salu
  
  tc  sb  rb  tib ab  st  srams       mapram  ov  gw pay 2p
  ..  ..  ..  KB  ..  ..  ..........  ......  ..  IC  ..  .
  ..  ..  ..  DH  ..  ..  ..........  ......  ..  EL  ..  .
  ..  ..  ..  FM  ..  ..  ..........  ......  ..  ..  ..  .
  ..  ..  ..  ..  ..  ..  ....GG....  GG....  ..  ..  ..  .
  ..  ..  ..  ..  ..  ..  ..........  ......  ..  ..  ..  .
  ..  ..  ..  ..  ..  ..  ....AA....  AA....  ..  ..  ..  .
  ..  ..  ..  ..  ..  ..  ..........  ......  ..  ..  ..  .
  ..  ..  ..  ..  ..  ..  ....JJ....  JJ....  ..  ..  ..  .
  ..                                                      
  ..                                                      
  ..                                                      
  ..                                                      
     A tbl_defense4_rrc_stagerecovery_probe2582$salu.Ingress.reg_deadline
     B tbl_defense4_rrc_stagerecovery_probe2582$tind
     C tbl_defense4_rrc_stagerecovery_probe2584$gw
     D tbl_defense4_rrc_stagerecovery_probe2584$tind
     E tbl_defense4_rrc_stagerecovery_probe2591$gw
     F tbl_defense4_rrc_stagerecovery_probe2591$tind
     G tbl_defense4_rrc_stagerecovery_probe2593$salu.Ingress.reg_tresp
     H tbl_defense4_rrc_stagerecovery_probe2593$tind
     I tbl_defense4_rrc_stagerecovery_probe2603$gw
     J tbl_defense4_rrc_stagerecovery_probe2603$salu.Ingress.reg_ack_rel
     K tbl_defense4_rrc_stagerecovery_probe2603$tind
     L tbl_defense4_rrc_stagerecovery_probe2609$gw
     M tbl_defense4_rrc_stagerecovery_probe2609$tind
  
can't place tbl_deadline_expiry_0 in stage 7 : dependency on table tbl_defense4_rrc_stagerecovery_probe2584
can't place tbl_tresp_expiry_0 in stage 7 : dependency on table tbl_defense4_rrc_stagerecovery_probe2593
Stage 8
  exact ixbar groups                  ternary ixbar groups
  F0F1F2F3G0G1G2G3D0C0A0B0E0......  .......... .. ..........
  ................................  .......... .. ..........
  ................................  .......... .. ..........
  ................................  .......... .. ..........
  ................................  .......... .. ..........
  ................................  .......... .. ..........
  ................................
  ................................
     A B12 (cond-103$gw, cond-109$gw, tbl_defense4_rrc_stagerecovery_probe2827$gw)
     B B15 (tbl_defense4_rrc_stagerecovery_probe2797$gw, tbl_defense4_rrc_stagerecovery_probe2833$gw)
     C B7 (cond-98$gw, tbl_defense4_rrc_stagerecovery_probe2624$gw, tbl_defense4_rrc_stagerecovery_probe2850$gw)
     D B9 (cond-96$gw)
     E H12 (tbl_defense4_rrc_stagerecovery_probe2797$gw, tbl_defense4_rrc_stagerecovery_probe2833$gw, tbl_defense4_rrc_stagerecovery_probe2835$gw, tbl_to_hold$gw)
     F W36 (tbl_tresp_expiry_0$gw)
     G W5 (tbl_deadline_expiry_0$gw)
  hash select bits  Groups  hd  /- hash dist bits --- (Groups: -1 -1)
  .... ............  .0000  ... ................................................
  .... ............  .0000  ... ................................................
  .... ............  .0000  ... ................................................
  .... ............  .0000  ... ................................................
  .... ............  .0000  ... ................................................
  .... ............  .0000  ... ................................................
  .... ............  .0000  ... ................................................
  .... ............  .0000  ... ................................................
  .... ............         ... ................................................
  .... ............         ... ................................................
  .... ............         ... ................................................
  .... ............         ... ................................................
  .... ............         ... ................................................
  .... ............         ... ................................................
  .... ............         ... ................................................
  .... ............         ... ................................................
  
  tc  sb  rb  tib ab  st  srams       mapram  ov  gw pay 2p
  ..  FY  ..  ..  ..  ..  ..........  ......  ..  GZ  GZ  .
  ..  ..  ..  LS  ..  ..  ..........  ......  ..  JQ  ..  .
  ..  ..  ..  RE  ..  ..  ..........  ......  ..  OT  ..  .
  ..  ..  ..  PV  ..  ..  ..........  ......  ..  MB  ..  .
  ..  ..  ..  UN  ..  ..  ..........  ......  ..  AD  ..  .
  ..  ..  ..  IX  ..  ..  ..........  ......  ..  HC  ..  .
  ..  ..  ..  ..  ..  ..  ....KK....  KK....  ..  W.  ..  .
  ..  ..  ..  ..  ..  ..  ..........  ......  ..  ..  ..  .
  ..                                                      
  ..                                                      
  ..                                                      
  ..                                                      
     A cond-103$gw
     B cond-109$gw
     C cond-96$gw
     D cond-98$gw
     E tbl_arm_clone$tind
     F tbl_deadline_expiry_0
     G tbl_deadline_expiry_0$gw
     H tbl_defense4_rrc_stagerecovery_probe2624$gw
     I tbl_defense4_rrc_stagerecovery_probe2624$tind
     J tbl_defense4_rrc_stagerecovery_probe2797$gw
     K tbl_defense4_rrc_stagerecovery_probe2797$stats.Ingress.ctr_fresh
     L tbl_defense4_rrc_stagerecovery_probe2797$tind
     M tbl_defense4_rrc_stagerecovery_probe2827$gw
     N tbl_defense4_rrc_stagerecovery_probe2827$tind
     O tbl_defense4_rrc_stagerecovery_probe2833$gw
     P tbl_defense4_rrc_stagerecovery_probe2833$tind
     Q tbl_defense4_rrc_stagerecovery_probe2835$gw
     R tbl_defense4_rrc_stagerecovery_probe2835$tind
     S tbl_defense4_rrc_stagerecovery_probe2843$tind
     T tbl_defense4_rrc_stagerecovery_probe2850$gw
     U tbl_defense4_rrc_stagerecovery_probe2850$tind
     V tbl_defense4_rrc_stagerecovery_probe2854$tind
     W tbl_to_hold$gw
     X tbl_to_hold$tind
     Y tbl_tresp_expiry_0
     Z tbl_tresp_expiry_0$gw
  
can't place cond-117 in stage 8 : ran out of memories: too many tables total
can't place tbl_defense4_rrc_stagerecovery_probe2691 in stage 8 : ran out of memories: too many tables total
can't place tbl_defense4_rrc_stagerecovery_probe2728 in stage 8 : ran out of memories: too many tables total
can't place tbl_defense4_rrc_stagerecovery_probe2812 in stage 8 : ran out of memories: too many tables total
can't place tbl_defense4_rrc_stagerecovery_probe2803 in stage 8 : ran out of memories: too many tables total
can't place tbl_defense4_rrc_stagerecovery_probe2819 in stage 8 : ran out of memories: too many tables total
Stage 9
  exact ixbar groups                  ternary ixbar groups
  H0H1H2H3E0C0F0G1G0A0B0D1D0......  .......... .. ..........
  ................................  .......... .. ..........
  ................................  .......... .. ..........
  ................................  .......... .. ..........
  ................................  .......... .. ..........
  ................................  .......... .. ..........
  ................................
  ................................
     A B11 (tbl_defense4_rrc_stagerecovery_probe2743$gw)
     B B14 (tbl_defense4_rrc_stagerecovery_probe2691$gw)
     C B15 (tbl_defense4_rrc_stagerecovery_probe2728$gw)
     D H11 (tbl_defense4_rrc_stagerecovery_probe2639$gw, tbl_defense4_rrc_stagerecovery_probe2648$gw)
     E H12 (tbl_defense4_rrc_stagerecovery_probe2728$gw, tbl_defense4_rrc_stagerecovery_probe2778$gw, tbl_to_resp_hold$gw)
     F H13 (tbl_defense4_rrc_stagerecovery_probe2639$gw, tbl_defense4_rrc_stagerecovery_probe2648$gw, tbl_defense4_rrc_stagerecovery_probe2728$gw, tbl_defense4_rrc_stagerecovery_probe2778$gw, tbl_to_resp_hold$gw)
     G H14 (tbl_defense4_rrc_stagerecovery_probe2788$gw)
     H W6 (tbl_defense4_rrc_stagerecovery_probe2803$gw)
  hash select bits  Groups  hd  /- hash dist bits --- (Groups: -1 -1)
  .... ............  .0000  ... ................................................
  .... ............  .0000  ... ................................................
  .... ............  .0000  ... ................................................
  .... ............  .0000  ... ................................................
  .... ............  .0000  ... ................................................
  .... ............  .0000  ... ................................................
  .... ............  .0000  ... ................................................
  .... ............  .0000  ... ................................................
  .... ............         ... ................................................
  .... ............         ... ................................................
  .... ............         ... ................................................
  .... ............         ... ................................................
  .... ............         ... ................................................
  .... ............         ... ................................................
  .... ............         ... ................................................
  .... ............         ... ................................................
  
  tc  sb  rb  tib ab  st  srams       mapram  ov  gw pay 2p
  ..  ..  ..  XF  ..  ..  ..........  ......  ..  DA  ..  .
  ..  ..  ..  BH  ..  ..  ..........  ......  ..  GK  ..  .
  ..  ..  ..  ML  ..  ..  ..........  ......  ..  PN  ..  .
  ..  ..  ..  RQ  ..  ..  ..........  ......  ..  YI  ..  .
  ..  ..  ..  SO  ..  ..  ..........  ......  ..  T.  ..  .
  ..  ..  ..  ZJ  ..  ..  ..........  ......  ..  ..  ..  .
  ..  ..  ..  VU  ..  ..  ....EE....  EE....  ..  ..  ..  .
  ..  ..  ..  WC  ..  ..  ..........  ......  ..  ..  ..  .
  ..                                                      
  ..                                                      
  ..                                                      
  ..                                                      
     A tbl_defense4_rrc_stagerecovery_probe2639$gw
     B tbl_defense4_rrc_stagerecovery_probe2639$tind
     C tbl_defense4_rrc_stagerecovery_probe2643$tind
     D tbl_defense4_rrc_stagerecovery_probe2648$gw
     E tbl_defense4_rrc_stagerecovery_probe2648$stats.Ingress.ctr_fresh
     F tbl_defense4_rrc_stagerecovery_probe2648$tind
     G tbl_defense4_rrc_stagerecovery_probe2691$gw
     H tbl_defense4_rrc_stagerecovery_probe2691$tind
     I tbl_defense4_rrc_stagerecovery_probe2728$gw
     J tbl_defense4_rrc_stagerecovery_probe2728$tind
     K tbl_defense4_rrc_stagerecovery_probe2743$gw
     L tbl_defense4_rrc_stagerecovery_probe2743$tind
     M tbl_defense4_rrc_stagerecovery_probe2744$tind
     N tbl_defense4_rrc_stagerecovery_probe2778$gw
     O tbl_defense4_rrc_stagerecovery_probe2778$tind
     P tbl_defense4_rrc_stagerecovery_probe2788$gw
     Q tbl_defense4_rrc_stagerecovery_probe2788$tind
     R tbl_defense4_rrc_stagerecovery_probe2788_0$tind
     S tbl_defense4_rrc_stagerecovery_probe2789$tind
     T tbl_defense4_rrc_stagerecovery_probe2803$gw
     U tbl_defense4_rrc_stagerecovery_probe2803$tind
     V tbl_defense4_rrc_stagerecovery_probe2812$tind
     W tbl_defense4_rrc_stagerecovery_probe2819$tind
     X tbl_to_block$tind
     Y tbl_to_resp_hold$gw
     Z tbl_to_resp_hold$tind
  
can't place cond-117 in stage 9 : ran out of memories: too many tables total
can't place tbl_defense4_rrc_stagerecovery_probe2660 in stage 9 : ran out of memories: too many tables total
can't place tbl_defense4_rrc_stagerecovery_probe2652 in stage 9 : ran out of memories: too many tables total
can't place tbl_to_resp_block in stage 9 : ran out of memories: too many tables total
can't place tbl_defense4_rrc_stagerecovery_probe2657 in stage 9 : ran out of memories: too many tables total
Stage 10
  exact ixbar groups                  ternary ixbar groups
  E0C0A0E1F0F1B0..D0..............  .......... .. ..........
  ................................  .......... .. ..........
  ................................  .......... .. ..........
  ................................  .......... .. ..........
  ................................  .......... .. ..........
  ................................  .......... .. ..........
  ................................
  ................................
     A B13 (cond-117$gw)
     B B15 (cond-123$gw, tbl_defense4_rrc_stagerecovery_probe2962$gw)
     C B7 (cond-117$gw, cond-121$gw, tbl_defense4_rrc_stagerecovery_probe2952$gw, tbl_defense4_rrc_stagerecovery_probe2986$gw)
     D H12 (tbl_defense4_rrc_stagerecovery_probe2904$gw)
     E H13 (tbl_defense4_rrc_stagerecovery_probe2657$gw, tbl_defense4_rrc_stagerecovery_probe2962$gw, tbl_defense4_rrc_stagerecovery_probe2982$gw)
     F H14 (tbl_defense4_rrc_stagerecovery_probe2979$gw)
  hash select bits  Groups  hd  /- hash dist bits --- (Groups: -1 -1)
  .... ............  .0000  ... ................................................
  .... ............  .0000  ... ................................................
  .... ............  .0000  ... ................................................
  .... ............  .0000  ... ................................................
  .... ............  .0000  ... ................................................
  .... ............  .0000  ... ................................................
  .... ............  .0000  ... ................................................
  .... ............  .0000  ... ................................................
  .... ............         ... ................................................
  .... ............         ... ................................................
  .... ............         ... ................................................
  .... ............         ... ................................................
  .... ............         ... ................................................
  .... ............         ... ................................................
  .... ............         ... ................................................
  .... ............         ... ................................................
  
  tc  sb  rb  tib ab  st  srams       mapram  ov  gw pay 2p
  ..  ..  ..  KP  ..  ..  ..........  ......  ..  IN  ..  .
  ..  ..  ..  OS  ..  ..  ..........  ......  ..  QT  ..  .
  ..  ..  ..  RV  ..  ..  ..........  ......  ..  WL  ..  .
  ..  ..  ..  UX  ..  ..  ..........  ......  ..  BA  ..  .
  ..  ..  ..  MD  ..  ..  ....GG....  GG....  ..  EC  ..  .
  ..  ..  ..  YH  ..  ..  ..........  ......  ..  ..  ..  .
  ..  ..  ..  F.  ..  ..  ....JJ....  JJ....  ..  ..  ..  .
  ..  ..  ..  ..  ..  ..  ..........  ......  ..  ..  ..  .
  ..                                                      
  ..                                                      
  ..                                                      
  ..                                                      
     A cond-117$gw
     B cond-121$gw
     C cond-123$gw
     D tbl_defense4_rrc_stagerecovery_probe2652$tind
     E tbl_defense4_rrc_stagerecovery_probe2657$gw
     F tbl_defense4_rrc_stagerecovery_probe2657$tind
     G tbl_defense4_rrc_stagerecovery_probe2660$stats.Ingress.ctr_fresh
     H tbl_defense4_rrc_stagerecovery_probe2660$tind
     I tbl_defense4_rrc_stagerecovery_probe2904$gw
     J tbl_defense4_rrc_stagerecovery_probe2904$stats.Ingress.ctr_deq
     K tbl_defense4_rrc_stagerecovery_probe2904$tind
     L tbl_defense4_rrc_stagerecovery_probe2952$gw
     M tbl_defense4_rrc_stagerecovery_probe2952$tind
     N tbl_defense4_rrc_stagerecovery_probe2962$gw
     O tbl_defense4_rrc_stagerecovery_probe2962$tind
     P tbl_defense4_rrc_stagerecovery_probe2964$tind
     Q tbl_defense4_rrc_stagerecovery_probe2979$gw
     R tbl_defense4_rrc_stagerecovery_probe2979$tind
     S tbl_defense4_rrc_stagerecovery_probe2979_0$tind
     T tbl_defense4_rrc_stagerecovery_probe2982$gw
     U tbl_defense4_rrc_stagerecovery_probe2982$tind
     V tbl_defense4_rrc_stagerecovery_probe2983$tind
     W tbl_defense4_rrc_stagerecovery_probe2986$gw
     X tbl_defense4_rrc_stagerecovery_probe2986$tind
     Y tbl_to_resp_block$tind
  
can't place tbl_defense4_rrc_stagerecovery_probe2872 in stage 10 : ran out of memories: too many tables total
can't place tbl_defense4_rrc_stagerecovery_probe2910 in stage 10 : ran out of memories: too many tables total
can't place tbl_defense4_rrc_stagerecovery_probe2923 in stage 10 : ran out of memories: too many tables total
Stage 11
  exact ixbar groups                  ternary ixbar groups
  A0B1B0C1........................  .......... .. ..........
  ................................  .......... .. ..........
  ................................  .......... .. ..........
  ................................  .......... .. ..........
  ................................  .......... .. ..........
  ................................  .......... .. ..........
  ................................
  ................................
     A B10 (tbl_defense4_rrc_stagerecovery_probe2885$gw, tbl_defense4_rrc_stagerecovery_probe2914$gw, tbl_defense4_rrc_stagerecovery_probe2927$gw)
     B H12 (tbl_defense4_rrc_stagerecovery_probe2872$gw, tbl_defense4_rrc_stagerecovery_probe2881$gw, tbl_defense4_rrc_stagerecovery_probe2910$gw, tbl_defense4_rrc_stagerecovery_probe2923$gw)
     C H13 (tbl_defense4_rrc_stagerecovery_probe2881$gw)
  hash select bits  Groups  hd  /- hash dist bits --- (Groups: -1 -1)
  .... ............  .0000  ... ................................................
  .... ............  .0000  ... ................................................
  .... ............  .0000  ... ................................................
  .... ............  .0000  ... ................................................
  .... ............  .0000  ... ................................................
  .... ............  .0000  ... ................................................
  .... ............  .0000  ... ................................................
  .... ............  .0000  ... ................................................
  .... ............         ... ................................................
  .... ............         ... ................................................
  .... ............         ... ................................................
  .... ............         ... ................................................
  .... ............         ... ................................................
  .... ............         ... ................................................
  .... ............         ... ................................................
  .... ............         ... ................................................
  
  tc  sb  rb  tib ab  st  srams       mapram  ov  gw pay 2p
  ..  ..  ..  XI  ..  ..  ..........  ......  ..  EC  ..  .
  ..  ..  ..  FD  ..  ..  ..........  ......  ..  AL  ..  .
  ..  ..  ..  BN  ..  ..  ..........  ......  ..  JR  ..  .
  ..  ..  ..  VO  ..  ..  ..........  ......  ..  P.  ..  .
  ..  ..  ..  MK  ..  ..  ..........  ......  ..  ..  ..  .
  ..  ..  ..  TW  ..  ..  ..........  ......  ..  ..  ..  .
  ..  ..  ..  US  ..  ..  ....HH....  HH....  ..  ..  ..  .
  ..  ..  ..  QG  ..  ..  ..........  ......  ..  ..  ..  .
  ..                                                      
  ..                                                      
  ..                                                      
  ..                                                      
     A tbl_defense4_rrc_stagerecovery_probe2872$gw
     B tbl_defense4_rrc_stagerecovery_probe2872$tind
     C tbl_defense4_rrc_stagerecovery_probe2881$gw
     D tbl_defense4_rrc_stagerecovery_probe2881$tind
     E tbl_defense4_rrc_stagerecovery_probe2885$gw
     F tbl_defense4_rrc_stagerecovery_probe2885$tind
     G tbl_defense4_rrc_stagerecovery_probe2889$tind
     H tbl_defense4_rrc_stagerecovery_probe2891$stats.Ingress.ctr_deq
     I tbl_defense4_rrc_stagerecovery_probe2891$tind
     J tbl_defense4_rrc_stagerecovery_probe2910$gw
     K tbl_defense4_rrc_stagerecovery_probe2910$tind
     L tbl_defense4_rrc_stagerecovery_probe2914$gw
     M tbl_defense4_rrc_stagerecovery_probe2914$tind
     N tbl_defense4_rrc_stagerecovery_probe2918$tind
     O tbl_defense4_rrc_stagerecovery_probe2920$tind
     P tbl_defense4_rrc_stagerecovery_probe2923$gw
     Q tbl_defense4_rrc_stagerecovery_probe2923$tind
     R tbl_defense4_rrc_stagerecovery_probe2927$gw
     S tbl_defense4_rrc_stagerecovery_probe2927$tind
     T tbl_defense4_rrc_stagerecovery_probe2932$tind
     U tbl_defense4_rrc_stagerecovery_probe2934$tind
     V tbl_to_block_0$tind
     W tbl_to_block_1$tind
     X tbl_to_resp_block_0$tind
  
Table tbl_defense4_rrc_stagerecovery_probe2398 delayed to stage 1 from stage 0
  stage 0: dependency (CONTROL_COND_FALSE) on tbl_build_exp_ack_0 in stage 0
  - preferred cond-74(longer downward prop control-included dependence tail chain) over 1 of tbl_defense4_rrc_stagerecovery_probe2398 in stage 0
  - preferred tbl_params_0(longer downward prop control-included dependence tail chain) over 1 of tbl_defense4_rrc_stagerecovery_probe2398 in stage 0
  - preferred tbl_defense4_rrc_stagerecovery_probe2643(direct control dependency difference) over 1 of tbl_defense4_rrc_stagerecovery_probe2660 in stage 9
  - preferred tbl_to_block(direct control dependency difference) over 1 of tbl_defense4_rrc_stagerecovery_probe2660 in stage 9
  - preferred tbl_defense4_rrc_stagerecovery_probe2643(direct control dependency difference) over 1 of tbl_defense4_rrc_stagerecovery_probe2652 in stage 9
  - preferred tbl_to_block(direct control dependency difference) over 1 of tbl_defense4_rrc_stagerecovery_probe2652 in stage 9
  - preferred tbl_defense4_rrc_stagerecovery_probe2643(direct control dependency difference) over 1 of tbl_to_resp_block in stage 9
  - preferred tbl_to_block(direct control dependency difference) over 1 of tbl_to_resp_block in stage 9
Table tbl_defense4_rrc_stagerecovery_probe2819 delayed to stage 9 from stage 8
  stage 8: dependency (CONTROL_COND_FALSE) on tbl_to_hold in stage 8
  - preferred tbl_to_hold(default choice) over 1 of tbl_defense4_rrc_stagerecovery_probe2819 in stage 8
Table cond-117 delayed to stage 10 from stage 8
  stage 8: dependency (CONTROL_COND_FALSE) on cond-96 in stage 8
  stage 2: dependency (ACTION_READ) on tbl_defense4_rrc_stagerecovery_probe2407 in stage 1
  - preferred cond-98(control dom set is placeable in this stage) over 0 of cond-117 in stage 8
  - preferred tbl_defense4_rrc_stagerecovery_probe2624(control dom set is placeable in this stage) over 0 of cond-117 in stage 8
  - preferred tbl_defense4_rrc_stagerecovery_probe2639(default choice) over 0 of cond-117 in stage 9
  - preferred tbl_defense4_rrc_stagerecovery_probe2643(direct control dependency difference) over 0 of cond-117 in stage 9
  - preferred tbl_defense4_rrc_stagerecovery_probe2691(default choice) over 0 of cond-117 in stage 9
Table egresshdr.tcp.checksum_encode_update_condition_3 delayed to stage 2 from stage 1
  stage 1: dependency (IXBAR_READ) on tbl_defense4_rrc_stagerecovery_probe3175 in stage 0
  stage 1: dependency (IXBAR_READ) on tbl_defense4_rrc_stagerecovery_probe3186 in stage 0
  stage 1: dependency (CONTROL_EXIT) on egresshdr.ipv4.hdr_checksum_encode_update_condition_2 in stage 1
