2026-08-05 10:08:04,581	__main__	INFO	Writing outstation log to /home/philip/Projects/DNP3/dnp3_multicrob_harness/logs/outstation/experiment_outstation_1785938884.log
2026-08-05 10:08:04,582	__main__	WARNING	CONTROL-TEST ENABLED; outstation runs the software-only multi-CROB Select-Before-Operate experiment (N=32 simulated points, indexes 0..31, select-timeout=5.0s, no physical device).
2026-08-05 10:08:04,582	__main__	INFO	Starting outstation on 127.0.0.1:20000 (db_size=300 analog=200 binary=50 counter=50) -- settings from lab_config.py.
2026-08-05 10:08:04,582	__main__	DEBUG	Configuring the DNP3 stack (db_size=300, analog=200, binary=50, counter=50, unsolicited=False).
2026-08-05 10:08:04,582	__main__	DEBUG	Configuring the outstation database.
2026-08-05 10:08:04,582	__main__	DEBUG	Creating a DNP3Manager.
2026-08-05 10:08:04,583	__main__	DEBUG	Creating the DNP3 channel, a TCP server on 127.0.0.1:20000.
ms(1785938884583) INFO    manager - Starting thread (0)
2026-08-05 10:08:04,583	__main__	DEBUG	Adding the outstation to the channel (allow_controls=False, control_test=True).
2026-08-05 10:08:04,583	__main__	DEBUG	Enabling the outstation. Traffic will now start to flow.
2026-08-05 10:08:04,583	__main__	DEBUG	In OutstationChannelListener.OnStateChange: state=ChannelState.OPENING
ms(1785938884583) INFO    server - Listening on: 127.0.0.1:20000
2026-08-05 10:08:04,583	__main__	INFO	CONTROL-TEST mode ENABLED: 32 SOFTWARE-ONLY simulated binary output point(s) (no physical device is operated).
2026-08-05 10:08:04,583	__main__	INFO	CONTROL-TEST configured control indexes: [0, 1, 2, 3, 4, 5, 6, 7, 8, 9, 10, 11, 12, 13, 14, 15, 16, 17, 18, 19, 20, 21, 22, 23, 24, 25, 26, 27, 28, 29, 30, 31] (codes ['LATCH_ON', 'LATCH_OFF']).
2026-08-05 10:08:04,583	__main__	INFO	CONTROL-TEST command-status source: control-point backend: 32 configured binary-output point(s), indexes 0..31, codes ['LATCH_ON', 'LATCH_OFF']; command status decided by the outstation application (OpenDNP3 does not validate control indexes natively). OpenDNP3 does NOT validate a CROB index natively; the returned CommandStatus (incl. OUT_OF_RANGE for a nonexistent index) is decided by the outstation application backend, not by the DNP3 stack and not assumed by the test code.
2026-08-05 10:08:04,583	__main__	INFO	Simulated CROB Output State (32 point(s))
  Index 0: False
  Index 1: False
  Index 2: False
  Index 3: False
  Index 4: False
  Index 5: False
  Index 6: False
  Index 7: False
  Index 8: False
  Index 9: False
  Index 10: False
  Index 11: False
  Index 12: False
  Index 13: False
  Index 14: False
  Index 15: False
  ... (16 more; full state in the JSON evidence)
2026-08-05 10:08:04,584	__main__	INFO	Applying initial values (analog=200, binary=50, counter=50).
2026-08-05 10:08:04,584	__main__	DEBUG	Recording Analog measurement, index=0, value=100.0
2026-08-05 10:08:04,584	__main__	DEBUG	Recording Analog measurement, index=1, value=101.0
2026-08-05 10:08:04,584	__main__	DEBUG	Recording Analog measurement, index=2, value=102.0
2026-08-05 10:08:04,584	__main__	DEBUG	Recording Analog measurement, index=3, value=103.0
2026-08-05 10:08:04,584	__main__	DEBUG	Recording Analog measurement, index=4, value=104.0
2026-08-05 10:08:04,584	__main__	DEBUG	Recording Analog measurement, index=5, value=105.0
2026-08-05 10:08:04,584	__main__	DEBUG	Recording Analog measurement, index=6, value=106.0
2026-08-05 10:08:04,584	__main__	DEBUG	Recording Analog measurement, index=7, value=107.0
2026-08-05 10:08:04,584	__main__	DEBUG	Recording Analog measurement, index=8, value=108.0
2026-08-05 10:08:04,584	__main__	DEBUG	Recording Analog measurement, index=9, value=109.0
2026-08-05 10:08:04,584	__main__	DEBUG	Recording Analog measurement, index=10, value=110.0
2026-08-05 10:08:04,584	__main__	DEBUG	Recording Analog measurement, index=11, value=111.0
2026-08-05 10:08:04,584	__main__	DEBUG	Recording Analog measurement, index=12, value=112.0
2026-08-05 10:08:04,584	__main__	DEBUG	Recording Analog measurement, index=13, value=113.0
2026-08-05 10:08:04,584	__main__	DEBUG	Recording Analog measurement, index=14, value=114.0
2026-08-05 10:08:04,584	__main__	DEBUG	Recording Analog measurement, index=15, value=115.0
2026-08-05 10:08:04,584	__main__	DEBUG	Recording Analog measurement, index=16, value=116.0
2026-08-05 10:08:04,584	__main__	DEBUG	Recording Analog measurement, index=17, value=117.0
2026-08-05 10:08:04,584	__main__	DEBUG	Recording Analog measurement, index=18, value=118.0
2026-08-05 10:08:04,584	__main__	DEBUG	Recording Analog measurement, index=19, value=119.0
2026-08-05 10:08:04,584	__main__	DEBUG	Recording Analog measurement, index=20, value=120.0
2026-08-05 10:08:04,584	__main__	DEBUG	Recording Analog measurement, index=21, value=121.0
2026-08-05 10:08:04,584	__main__	DEBUG	Recording Analog measurement, index=22, value=122.0
2026-08-05 10:08:04,584	__main__	DEBUG	Recording Analog measurement, index=23, value=123.0
2026-08-05 10:08:04,584	__main__	DEBUG	Recording Analog measurement, index=24, value=124.0
2026-08-05 10:08:04,584	__main__	DEBUG	Recording Analog measurement, index=25, value=125.0
2026-08-05 10:08:04,584	__main__	DEBUG	Recording Analog measurement, index=26, value=126.0
2026-08-05 10:08:04,584	__main__	DEBUG	Recording Analog measurement, index=27, value=127.0
2026-08-05 10:08:04,584	__main__	DEBUG	Recording Analog measurement, index=28, value=128.0
2026-08-05 10:08:04,584	__main__	DEBUG	Recording Analog measurement, index=29, value=129.0
2026-08-05 10:08:04,584	__main__	DEBUG	Recording Analog measurement, index=30, value=130.0
2026-08-05 10:08:04,584	__main__	DEBUG	Recording Analog measurement, index=31, value=131.0
2026-08-05 10:08:04,584	__main__	DEBUG	Recording Analog measurement, index=32, value=132.0
2026-08-05 10:08:04,585	__main__	DEBUG	Recording Analog measurement, index=33, value=133.0
2026-08-05 10:08:04,585	__main__	DEBUG	Recording Analog measurement, index=34, value=134.0
2026-08-05 10:08:04,585	__main__	DEBUG	Recording Analog measurement, index=35, value=135.0
2026-08-05 10:08:04,585	__main__	DEBUG	Recording Analog measurement, index=36, value=136.0
2026-08-05 10:08:04,585	__main__	DEBUG	Recording Analog measurement, index=37, value=137.0
2026-08-05 10:08:04,585	__main__	DEBUG	Recording Analog measurement, index=38, value=138.0
2026-08-05 10:08:04,585	__main__	DEBUG	Recording Analog measurement, index=39, value=139.0
2026-08-05 10:08:04,585	__main__	DEBUG	Recording Analog measurement, index=40, value=140.0
2026-08-05 10:08:04,585	__main__	DEBUG	Recording Analog measurement, index=41, value=141.0
2026-08-05 10:08:04,585	__main__	DEBUG	Recording Analog measurement, index=42, value=142.0
2026-08-05 10:08:04,585	__main__	DEBUG	Recording Analog measurement, index=43, value=143.0
2026-08-05 10:08:04,585	__main__	DEBUG	Recording Analog measurement, index=44, value=144.0
2026-08-05 10:08:04,585	__main__	DEBUG	Recording Analog measurement, index=45, value=145.0
2026-08-05 10:08:04,585	__main__	DEBUG	Recording Analog measurement, index=46, value=146.0
2026-08-05 10:08:04,585	__main__	DEBUG	Recording Analog measurement, index=47, value=147.0
2026-08-05 10:08:04,585	__main__	DEBUG	Recording Analog measurement, index=48, value=148.0
2026-08-05 10:08:04,585	__main__	DEBUG	Recording Analog measurement, index=49, value=149.0
2026-08-05 10:08:04,585	__main__	DEBUG	Recording Analog measurement, index=50, value=150.0
2026-08-05 10:08:04,585	__main__	DEBUG	Recording Analog measurement, index=51, value=151.0
2026-08-05 10:08:04,585	__main__	DEBUG	Recording Analog measurement, index=52, value=152.0
2026-08-05 10:08:04,585	__main__	DEBUG	Recording Analog measurement, index=53, value=153.0
2026-08-05 10:08:04,585	__main__	DEBUG	Recording Analog measurement, index=54, value=154.0
2026-08-05 10:08:04,585	__main__	DEBUG	Recording Analog measurement, index=55, value=155.0
2026-08-05 10:08:04,585	__main__	DEBUG	Recording Analog measurement, index=56, value=156.0
2026-08-05 10:08:04,585	__main__	DEBUG	Recording Analog measurement, index=57, value=157.0
2026-08-05 10:08:04,585	__main__	DEBUG	Recording Analog measurement, index=58, value=158.0
2026-08-05 10:08:04,585	__main__	DEBUG	Recording Analog measurement, index=59, value=159.0
2026-08-05 10:08:04,585	__main__	DEBUG	Recording Analog measurement, index=60, value=160.0
2026-08-05 10:08:04,585	__main__	DEBUG	Recording Analog measurement, index=61, value=161.0
2026-08-05 10:08:04,585	__main__	DEBUG	Recording Analog measurement, index=62, value=162.0
2026-08-05 10:08:04,585	__main__	DEBUG	Recording Analog measurement, index=63, value=163.0
2026-08-05 10:08:04,585	__main__	DEBUG	Recording Analog measurement, index=64, value=164.0
2026-08-05 10:08:04,585	__main__	DEBUG	Recording Analog measurement, index=65, value=165.0
2026-08-05 10:08:04,585	__main__	DEBUG	Recording Analog measurement, index=66, value=166.0
2026-08-05 10:08:04,585	__main__	DEBUG	Recording Analog measurement, index=67, value=167.0
2026-08-05 10:08:04,586	__main__	DEBUG	Recording Analog measurement, index=68, value=168.0
2026-08-05 10:08:04,586	__main__	DEBUG	Recording Analog measurement, index=69, value=169.0
2026-08-05 10:08:04,586	__main__	DEBUG	Recording Analog measurement, index=70, value=170.0
2026-08-05 10:08:04,586	__main__	DEBUG	Recording Analog measurement, index=71, value=171.0
2026-08-05 10:08:04,586	__main__	DEBUG	Recording Analog measurement, index=72, value=172.0
2026-08-05 10:08:04,586	__main__	DEBUG	Recording Analog measurement, index=73, value=173.0
2026-08-05 10:08:04,586	__main__	DEBUG	Recording Analog measurement, index=74, value=174.0
2026-08-05 10:08:04,586	__main__	DEBUG	Recording Analog measurement, index=75, value=175.0
2026-08-05 10:08:04,586	__main__	DEBUG	Recording Analog measurement, index=76, value=176.0
2026-08-05 10:08:04,586	__main__	DEBUG	Recording Analog measurement, index=77, value=177.0
2026-08-05 10:08:04,586	__main__	DEBUG	Recording Analog measurement, index=78, value=178.0
2026-08-05 10:08:04,586	__main__	DEBUG	Recording Analog measurement, index=79, value=179.0
2026-08-05 10:08:04,586	__main__	DEBUG	Recording Analog measurement, index=80, value=180.0
2026-08-05 10:08:04,586	__main__	DEBUG	Recording Analog measurement, index=81, value=181.0
2026-08-05 10:08:04,586	__main__	DEBUG	Recording Analog measurement, index=82, value=182.0
2026-08-05 10:08:04,586	__main__	DEBUG	Recording Analog measurement, index=83, value=183.0
2026-08-05 10:08:04,586	__main__	DEBUG	Recording Analog measurement, index=84, value=184.0
2026-08-05 10:08:04,586	__main__	DEBUG	Recording Analog measurement, index=85, value=185.0
2026-08-05 10:08:04,586	__main__	DEBUG	Recording Analog measurement, index=86, value=186.0
2026-08-05 10:08:04,586	__main__	DEBUG	Recording Analog measurement, index=87, value=187.0
2026-08-05 10:08:04,586	__main__	DEBUG	Recording Analog measurement, index=88, value=188.0
2026-08-05 10:08:04,586	__main__	DEBUG	Recording Analog measurement, index=89, value=189.0
2026-08-05 10:08:04,586	__main__	DEBUG	Recording Analog measurement, index=90, value=190.0
2026-08-05 10:08:04,586	__main__	DEBUG	Recording Analog measurement, index=91, value=191.0
2026-08-05 10:08:04,586	__main__	DEBUG	Recording Analog measurement, index=92, value=192.0
2026-08-05 10:08:04,586	__main__	DEBUG	Recording Analog measurement, index=93, value=193.0
2026-08-05 10:08:04,586	__main__	DEBUG	Recording Analog measurement, index=94, value=194.0
2026-08-05 10:08:04,586	__main__	DEBUG	Recording Analog measurement, index=95, value=195.0
2026-08-05 10:08:04,586	__main__	DEBUG	Recording Analog measurement, index=96, value=196.0
2026-08-05 10:08:04,586	__main__	DEBUG	Recording Analog measurement, index=97, value=197.0
2026-08-05 10:08:04,586	__main__	DEBUG	Recording Analog measurement, index=98, value=198.0
2026-08-05 10:08:04,586	__main__	DEBUG	Recording Analog measurement, index=99, value=199.0
2026-08-05 10:08:04,586	__main__	DEBUG	Recording Analog measurement, index=100, value=200.0
2026-08-05 10:08:04,586	__main__	DEBUG	Recording Analog measurement, index=101, value=201.0
2026-08-05 10:08:04,586	__main__	DEBUG	Recording Analog measurement, index=102, value=202.0
2026-08-05 10:08:04,586	__main__	DEBUG	Recording Analog measurement, index=103, value=203.0
2026-08-05 10:08:04,586	__main__	DEBUG	Recording Analog measurement, index=104, value=204.0
2026-08-05 10:08:04,587	__main__	DEBUG	Recording Analog measurement, index=105, value=205.0
2026-08-05 10:08:04,587	__main__	DEBUG	Recording Analog measurement, index=106, value=206.0
2026-08-05 10:08:04,587	__main__	DEBUG	Recording Analog measurement, index=107, value=207.0
2026-08-05 10:08:04,587	__main__	DEBUG	Recording Analog measurement, index=108, value=208.0
2026-08-05 10:08:04,587	__main__	DEBUG	Recording Analog measurement, index=109, value=209.0
2026-08-05 10:08:04,587	__main__	DEBUG	Recording Analog measurement, index=110, value=210.0
2026-08-05 10:08:04,587	__main__	DEBUG	Recording Analog measurement, index=111, value=211.0
2026-08-05 10:08:04,587	__main__	DEBUG	Recording Analog measurement, index=112, value=212.0
2026-08-05 10:08:04,587	__main__	DEBUG	Recording Analog measurement, index=113, value=213.0
2026-08-05 10:08:04,587	__main__	DEBUG	Recording Analog measurement, index=114, value=214.0
2026-08-05 10:08:04,587	__main__	DEBUG	Recording Analog measurement, index=115, value=215.0
2026-08-05 10:08:04,587	__main__	DEBUG	Recording Analog measurement, index=116, value=216.0
2026-08-05 10:08:04,587	__main__	DEBUG	Recording Analog measurement, index=117, value=217.0
2026-08-05 10:08:04,587	__main__	DEBUG	Recording Analog measurement, index=118, value=218.0
2026-08-05 10:08:04,587	__main__	DEBUG	Recording Analog measurement, index=119, value=219.0
2026-08-05 10:08:04,587	__main__	DEBUG	Recording Analog measurement, index=120, value=220.0
2026-08-05 10:08:04,587	__main__	DEBUG	Recording Analog measurement, index=121, value=221.0
2026-08-05 10:08:04,587	__main__	DEBUG	Recording Analog measurement, index=122, value=222.0
2026-08-05 10:08:04,587	__main__	DEBUG	Recording Analog measurement, index=123, value=223.0
2026-08-05 10:08:04,587	__main__	DEBUG	Recording Analog measurement, index=124, value=224.0
2026-08-05 10:08:04,587	__main__	DEBUG	Recording Analog measurement, index=125, value=225.0
2026-08-05 10:08:04,587	__main__	DEBUG	Recording Analog measurement, index=126, value=226.0
2026-08-05 10:08:04,587	__main__	DEBUG	Recording Analog measurement, index=127, value=227.0
2026-08-05 10:08:04,587	__main__	DEBUG	Recording Analog measurement, index=128, value=228.0
2026-08-05 10:08:04,587	__main__	DEBUG	Recording Analog measurement, index=129, value=229.0
2026-08-05 10:08:04,587	__main__	DEBUG	Recording Analog measurement, index=130, value=230.0
2026-08-05 10:08:04,587	__main__	DEBUG	Recording Analog measurement, index=131, value=231.0
2026-08-05 10:08:04,587	__main__	DEBUG	Recording Analog measurement, index=132, value=232.0
2026-08-05 10:08:04,587	__main__	DEBUG	Recording Analog measurement, index=133, value=233.0
2026-08-05 10:08:04,587	__main__	DEBUG	Recording Analog measurement, index=134, value=234.0
2026-08-05 10:08:04,587	__main__	DEBUG	Recording Analog measurement, index=135, value=235.0
2026-08-05 10:08:04,587	__main__	DEBUG	Recording Analog measurement, index=136, value=236.0
2026-08-05 10:08:04,587	__main__	DEBUG	Recording Analog measurement, index=137, value=237.0
2026-08-05 10:08:04,587	__main__	DEBUG	Recording Analog measurement, index=138, value=238.0
2026-08-05 10:08:04,587	__main__	DEBUG	Recording Analog measurement, index=139, value=239.0
2026-08-05 10:08:04,587	__main__	DEBUG	Recording Analog measurement, index=140, value=240.0
2026-08-05 10:08:04,587	__main__	DEBUG	Recording Analog measurement, index=141, value=241.0
2026-08-05 10:08:04,588	__main__	DEBUG	Recording Analog measurement, index=142, value=242.0
2026-08-05 10:08:04,588	__main__	DEBUG	Recording Analog measurement, index=143, value=243.0
2026-08-05 10:08:04,588	__main__	DEBUG	Recording Analog measurement, index=144, value=244.0
2026-08-05 10:08:04,588	__main__	DEBUG	Recording Analog measurement, index=145, value=245.0
2026-08-05 10:08:04,588	__main__	DEBUG	Recording Analog measurement, index=146, value=246.0
2026-08-05 10:08:04,588	__main__	DEBUG	Recording Analog measurement, index=147, value=247.0
2026-08-05 10:08:04,588	__main__	DEBUG	Recording Analog measurement, index=148, value=248.0
2026-08-05 10:08:04,588	__main__	DEBUG	Recording Analog measurement, index=149, value=249.0
2026-08-05 10:08:04,588	__main__	DEBUG	Recording Analog measurement, index=150, value=250.0
2026-08-05 10:08:04,588	__main__	DEBUG	Recording Analog measurement, index=151, value=251.0
2026-08-05 10:08:04,588	__main__	DEBUG	Recording Analog measurement, index=152, value=252.0
2026-08-05 10:08:04,588	__main__	DEBUG	Recording Analog measurement, index=153, value=253.0
2026-08-05 10:08:04,588	__main__	DEBUG	Recording Analog measurement, index=154, value=254.0
2026-08-05 10:08:04,588	__main__	DEBUG	Recording Analog measurement, index=155, value=255.0
2026-08-05 10:08:04,588	__main__	DEBUG	Recording Analog measurement, index=156, value=256.0
2026-08-05 10:08:04,588	__main__	DEBUG	Recording Analog measurement, index=157, value=257.0
2026-08-05 10:08:04,588	__main__	DEBUG	Recording Analog measurement, index=158, value=258.0
2026-08-05 10:08:04,588	__main__	DEBUG	Recording Analog measurement, index=159, value=259.0
2026-08-05 10:08:04,588	__main__	DEBUG	Recording Analog measurement, index=160, value=260.0
2026-08-05 10:08:04,588	__main__	DEBUG	Recording Analog measurement, index=161, value=261.0
2026-08-05 10:08:04,588	__main__	DEBUG	Recording Analog measurement, index=162, value=262.0
2026-08-05 10:08:04,588	__main__	DEBUG	Recording Analog measurement, index=163, value=263.0
2026-08-05 10:08:04,588	__main__	DEBUG	Recording Analog measurement, index=164, value=264.0
2026-08-05 10:08:04,588	__main__	DEBUG	Recording Analog measurement, index=165, value=265.0
2026-08-05 10:08:04,588	__main__	DEBUG	Recording Analog measurement, index=166, value=266.0
2026-08-05 10:08:04,588	__main__	DEBUG	Recording Analog measurement, index=167, value=267.0
2026-08-05 10:08:04,588	__main__	DEBUG	Recording Analog measurement, index=168, value=268.0
2026-08-05 10:08:04,588	__main__	DEBUG	Recording Analog measurement, index=169, value=269.0
2026-08-05 10:08:04,588	__main__	DEBUG	Recording Analog measurement, index=170, value=270.0
2026-08-05 10:08:04,588	__main__	DEBUG	Recording Analog measurement, index=171, value=271.0
2026-08-05 10:08:04,588	__main__	DEBUG	Recording Analog measurement, index=172, value=272.0
2026-08-05 10:08:04,588	__main__	DEBUG	Recording Analog measurement, index=173, value=273.0
2026-08-05 10:08:04,588	__main__	DEBUG	Recording Analog measurement, index=174, value=274.0
2026-08-05 10:08:04,588	__main__	DEBUG	Recording Analog measurement, index=175, value=275.0
2026-08-05 10:08:04,588	__main__	DEBUG	Recording Analog measurement, index=176, value=276.0
2026-08-05 10:08:04,588	__main__	DEBUG	Recording Analog measurement, index=177, value=277.0
2026-08-05 10:08:04,589	__main__	DEBUG	Recording Analog measurement, index=178, value=278.0
2026-08-05 10:08:04,589	__main__	DEBUG	Recording Analog measurement, index=179, value=279.0
2026-08-05 10:08:04,589	__main__	DEBUG	Recording Analog measurement, index=180, value=280.0
2026-08-05 10:08:04,589	__main__	DEBUG	Recording Analog measurement, index=181, value=281.0
2026-08-05 10:08:04,589	__main__	DEBUG	Recording Analog measurement, index=182, value=282.0
2026-08-05 10:08:04,589	__main__	DEBUG	Recording Analog measurement, index=183, value=283.0
2026-08-05 10:08:04,589	__main__	DEBUG	Recording Analog measurement, index=184, value=284.0
2026-08-05 10:08:04,589	__main__	DEBUG	Recording Analog measurement, index=185, value=285.0
2026-08-05 10:08:04,589	__main__	DEBUG	Recording Analog measurement, index=186, value=286.0
2026-08-05 10:08:04,589	__main__	DEBUG	Recording Analog measurement, index=187, value=287.0
2026-08-05 10:08:04,589	__main__	DEBUG	Recording Analog measurement, index=188, value=288.0
2026-08-05 10:08:04,589	__main__	DEBUG	Recording Analog measurement, index=189, value=289.0
2026-08-05 10:08:04,589	__main__	DEBUG	Recording Analog measurement, index=190, value=290.0
2026-08-05 10:08:04,589	__main__	DEBUG	Recording Analog measurement, index=191, value=291.0
2026-08-05 10:08:04,589	__main__	DEBUG	Recording Analog measurement, index=192, value=292.0
2026-08-05 10:08:04,589	__main__	DEBUG	Recording Analog measurement, index=193, value=293.0
2026-08-05 10:08:04,589	__main__	DEBUG	Recording Analog measurement, index=194, value=294.0
2026-08-05 10:08:04,589	__main__	DEBUG	Recording Analog measurement, index=195, value=295.0
2026-08-05 10:08:04,589	__main__	DEBUG	Recording Analog measurement, index=196, value=296.0
2026-08-05 10:08:04,589	__main__	DEBUG	Recording Analog measurement, index=197, value=297.0
2026-08-05 10:08:04,589	__main__	DEBUG	Recording Analog measurement, index=198, value=298.0
2026-08-05 10:08:04,589	__main__	DEBUG	Recording Analog measurement, index=199, value=299.0
2026-08-05 10:08:04,589	__main__	DEBUG	Recording Binary measurement, index=0, value=True
2026-08-05 10:08:04,589	__main__	DEBUG	Recording Binary measurement, index=1, value=False
2026-08-05 10:08:04,589	__main__	DEBUG	Recording Binary measurement, index=2, value=True
2026-08-05 10:08:04,589	__main__	DEBUG	Recording Binary measurement, index=3, value=False
2026-08-05 10:08:04,589	__main__	DEBUG	Recording Binary measurement, index=4, value=True
2026-08-05 10:08:04,589	__main__	DEBUG	Recording Binary measurement, index=5, value=False
2026-08-05 10:08:04,589	__main__	DEBUG	Recording Binary measurement, index=6, value=True
2026-08-05 10:08:04,589	__main__	DEBUG	Recording Binary measurement, index=7, value=False
2026-08-05 10:08:04,589	__main__	DEBUG	Recording Binary measurement, index=8, value=True
2026-08-05 10:08:04,589	__main__	DEBUG	Recording Binary measurement, index=9, value=False
2026-08-05 10:08:04,589	__main__	DEBUG	Recording Binary measurement, index=10, value=True
2026-08-05 10:08:04,589	__main__	DEBUG	Recording Binary measurement, index=11, value=False
2026-08-05 10:08:04,589	__main__	DEBUG	Recording Binary measurement, index=12, value=True
2026-08-05 10:08:04,589	__main__	DEBUG	Recording Binary measurement, index=13, value=False
2026-08-05 10:08:04,589	__main__	DEBUG	Recording Binary measurement, index=14, value=True
2026-08-05 10:08:04,590	__main__	DEBUG	Recording Binary measurement, index=15, value=False
2026-08-05 10:08:04,590	__main__	DEBUG	Recording Binary measurement, index=16, value=True
2026-08-05 10:08:04,590	__main__	DEBUG	Recording Binary measurement, index=17, value=False
2026-08-05 10:08:04,590	__main__	DEBUG	Recording Binary measurement, index=18, value=True
2026-08-05 10:08:04,590	__main__	DEBUG	Recording Binary measurement, index=19, value=False
2026-08-05 10:08:04,590	__main__	DEBUG	Recording Binary measurement, index=20, value=True
2026-08-05 10:08:04,590	__main__	DEBUG	Recording Binary measurement, index=21, value=False
2026-08-05 10:08:04,590	__main__	DEBUG	Recording Binary measurement, index=22, value=True
2026-08-05 10:08:04,590	__main__	DEBUG	Recording Binary measurement, index=23, value=False
2026-08-05 10:08:04,590	__main__	DEBUG	Recording Binary measurement, index=24, value=True
2026-08-05 10:08:04,590	__main__	DEBUG	Recording Binary measurement, index=25, value=False
2026-08-05 10:08:04,590	__main__	DEBUG	Recording Binary measurement, index=26, value=True
2026-08-05 10:08:04,590	__main__	DEBUG	Recording Binary measurement, index=27, value=False
2026-08-05 10:08:04,590	__main__	DEBUG	Recording Binary measurement, index=28, value=True
2026-08-05 10:08:04,590	__main__	DEBUG	Recording Binary measurement, index=29, value=False
2026-08-05 10:08:04,590	__main__	DEBUG	Recording Binary measurement, index=30, value=True
2026-08-05 10:08:04,590	__main__	DEBUG	Recording Binary measurement, index=31, value=False
2026-08-05 10:08:04,590	__main__	DEBUG	Recording Binary measurement, index=32, value=True
2026-08-05 10:08:04,590	__main__	DEBUG	Recording Binary measurement, index=33, value=False
2026-08-05 10:08:04,590	__main__	DEBUG	Recording Binary measurement, index=34, value=True
2026-08-05 10:08:04,590	__main__	DEBUG	Recording Binary measurement, index=35, value=False
2026-08-05 10:08:04,590	__main__	DEBUG	Recording Binary measurement, index=36, value=True
2026-08-05 10:08:04,590	__main__	DEBUG	Recording Binary measurement, index=37, value=False
2026-08-05 10:08:04,590	__main__	DEBUG	Recording Binary measurement, index=38, value=True
2026-08-05 10:08:04,590	__main__	DEBUG	Recording Binary measurement, index=39, value=False
2026-08-05 10:08:04,590	__main__	DEBUG	Recording Binary measurement, index=40, value=True
2026-08-05 10:08:04,590	__main__	DEBUG	Recording Binary measurement, index=41, value=False
2026-08-05 10:08:04,590	__main__	DEBUG	Recording Binary measurement, index=42, value=True
2026-08-05 10:08:04,590	__main__	DEBUG	Recording Binary measurement, index=43, value=False
2026-08-05 10:08:04,590	__main__	DEBUG	Recording Binary measurement, index=44, value=True
2026-08-05 10:08:04,590	__main__	DEBUG	Recording Binary measurement, index=45, value=False
2026-08-05 10:08:04,590	__main__	DEBUG	Recording Binary measurement, index=46, value=True
2026-08-05 10:08:04,590	__main__	DEBUG	Recording Binary measurement, index=47, value=False
2026-08-05 10:08:04,590	__main__	DEBUG	Recording Binary measurement, index=48, value=True
2026-08-05 10:08:04,590	__main__	DEBUG	Recording Binary measurement, index=49, value=False
2026-08-05 10:08:04,590	__main__	DEBUG	Recording Counter measurement, index=0, value=0
2026-08-05 10:08:04,590	__main__	DEBUG	Recording Counter measurement, index=1, value=1
2026-08-05 10:08:04,590	__main__	DEBUG	Recording Counter measurement, index=2, value=2
2026-08-05 10:08:04,590	__main__	DEBUG	Recording Counter measurement, index=3, value=3
2026-08-05 10:08:04,591	__main__	DEBUG	Recording Counter measurement, index=4, value=4
2026-08-05 10:08:04,591	__main__	DEBUG	Recording Counter measurement, index=5, value=5
2026-08-05 10:08:04,591	__main__	DEBUG	Recording Counter measurement, index=6, value=6
2026-08-05 10:08:04,591	__main__	DEBUG	Recording Counter measurement, index=7, value=7
2026-08-05 10:08:04,591	__main__	DEBUG	Recording Counter measurement, index=8, value=8
2026-08-05 10:08:04,591	__main__	DEBUG	Recording Counter measurement, index=9, value=9
2026-08-05 10:08:04,591	__main__	DEBUG	Recording Counter measurement, index=10, value=10
2026-08-05 10:08:04,591	__main__	DEBUG	Recording Counter measurement, index=11, value=11
2026-08-05 10:08:04,591	__main__	DEBUG	Recording Counter measurement, index=12, value=12
2026-08-05 10:08:04,591	__main__	DEBUG	Recording Counter measurement, index=13, value=13
2026-08-05 10:08:04,591	__main__	DEBUG	Recording Counter measurement, index=14, value=14
2026-08-05 10:08:04,591	__main__	DEBUG	Recording Counter measurement, index=15, value=15
2026-08-05 10:08:04,591	__main__	DEBUG	Recording Counter measurement, index=16, value=16
2026-08-05 10:08:04,591	__main__	DEBUG	Recording Counter measurement, index=17, value=17
2026-08-05 10:08:04,591	__main__	DEBUG	Recording Counter measurement, index=18, value=18
2026-08-05 10:08:04,591	__main__	DEBUG	Recording Counter measurement, index=19, value=19
2026-08-05 10:08:04,591	__main__	DEBUG	Recording Counter measurement, index=20, value=20
2026-08-05 10:08:04,591	__main__	DEBUG	Recording Counter measurement, index=21, value=21
2026-08-05 10:08:04,591	__main__	DEBUG	Recording Counter measurement, index=22, value=22
2026-08-05 10:08:04,591	__main__	DEBUG	Recording Counter measurement, index=23, value=23
2026-08-05 10:08:04,591	__main__	DEBUG	Recording Counter measurement, index=24, value=24
2026-08-05 10:08:04,591	__main__	DEBUG	Recording Counter measurement, index=25, value=25
2026-08-05 10:08:04,591	__main__	DEBUG	Recording Counter measurement, index=26, value=26
2026-08-05 10:08:04,591	__main__	DEBUG	Recording Counter measurement, index=27, value=27
2026-08-05 10:08:04,591	__main__	DEBUG	Recording Counter measurement, index=28, value=28
2026-08-05 10:08:04,591	__main__	DEBUG	Recording Counter measurement, index=29, value=29
2026-08-05 10:08:04,591	__main__	DEBUG	Recording Counter measurement, index=30, value=30
2026-08-05 10:08:04,591	__main__	DEBUG	Recording Counter measurement, index=31, value=31
2026-08-05 10:08:04,591	__main__	DEBUG	Recording Counter measurement, index=32, value=32
2026-08-05 10:08:04,591	__main__	DEBUG	Recording Counter measurement, index=33, value=33
2026-08-05 10:08:04,591	__main__	DEBUG	Recording Counter measurement, index=34, value=34
2026-08-05 10:08:04,591	__main__	DEBUG	Recording Counter measurement, index=35, value=35
2026-08-05 10:08:04,591	__main__	DEBUG	Recording Counter measurement, index=36, value=36
2026-08-05 10:08:04,591	__main__	DEBUG	Recording Counter measurement, index=37, value=37
2026-08-05 10:08:04,591	__main__	DEBUG	Recording Counter measurement, index=38, value=38
2026-08-05 10:08:04,591	__main__	DEBUG	Recording Counter measurement, index=39, value=39
2026-08-05 10:08:04,591	__main__	DEBUG	Recording Counter measurement, index=40, value=40
2026-08-05 10:08:04,592	__main__	DEBUG	Recording Counter measurement, index=41, value=41
2026-08-05 10:08:04,592	__main__	DEBUG	Recording Counter measurement, index=42, value=42
2026-08-05 10:08:04,592	__main__	DEBUG	Recording Counter measurement, index=43, value=43
2026-08-05 10:08:04,592	__main__	DEBUG	Recording Counter measurement, index=44, value=44
2026-08-05 10:08:04,592	__main__	DEBUG	Recording Counter measurement, index=45, value=45
2026-08-05 10:08:04,592	__main__	DEBUG	Recording Counter measurement, index=46, value=46
2026-08-05 10:08:04,592	__main__	DEBUG	Recording Counter measurement, index=47, value=47
2026-08-05 10:08:04,592	__main__	DEBUG	Recording Counter measurement, index=48, value=48
2026-08-05 10:08:04,592	__main__	DEBUG	Recording Counter measurement, index=49, value=49
2026-08-05 10:08:04,592	__main__	INFO	Outstation running. Press Ctrl+C to shut down.
ms(1785938886565) INFO    server - Accepted connection from: 127.0.0.1
2026-08-05 10:08:06,565	__main__	DEBUG	In OutstationChannelListener.OnStateChange: state=ChannelState.OPEN
ms(1785938886566) <-LL--  server - Function: PRI_UNCONFIRMED_USER_DATA Dest: 10 Source: 1 Length: 65
ms(1785938886566) <-TL--  outstation - FIR: 1 FIN: 1 SEQ: 0 LEN: 59
ms(1785938886566) <-AL--  outstation - C0 03 0C 01 28 04 00 00 00 03 01 64 00 00 00 64 00 00 
ms(1785938886566) <-AL--  outstation - 00 00 01 00 03 01 64 00 00 00 64 00 00 00 00 10 00 03 
ms(1785938886566) <-AL--  outstation - 01 64 00 00 00 64 00 00 00 00 11 00 03 01 64 00 00 00 
ms(1785938886566) <-AL--  outstation - 64 00 00 00 00 
ms(1785938886566) <-AL--  outstation - FIR: 1 FIN: 1 CON: 0 UNS: 0 SEQ: 0 FUNC: SELECT
ms(1785938886566) <-AL--  outstation - 012,001 Binary Command - CROB, 16-bit count and prefix [4]
2026-08-05 10:08:06,566	__main__	DEBUG	In ControlTestCommandHandler.Start (batch begin)
2026-08-05 10:08:06,566	__main__	INFO	CONTROL-TEST SELECT  index=0 code=LATCH_ON count=1 on=100ms off=100ms -> SUCCESS (status source: application control-point backend)
2026-08-05 10:08:06,567	__main__	INFO	CONTROL-TEST SELECT  index=1 code=LATCH_ON count=1 on=100ms off=100ms -> SUCCESS (status source: application control-point backend)
2026-08-05 10:08:06,567	__main__	INFO	CONTROL-TEST SELECT  index=16 code=LATCH_ON count=1 on=100ms off=100ms -> SUCCESS (status source: application control-point backend)
2026-08-05 10:08:06,567	__main__	INFO	CONTROL-TEST SELECT  index=17 code=LATCH_ON count=1 on=100ms off=100ms -> SUCCESS (status source: application control-point backend)
2026-08-05 10:08:06,567	__main__	INFO	CONTROL-TEST batch END kind=SELECT (select_indexes=[0, 1, 16, 17] any_fail=False)
2026-08-05 10:08:06,567	__main__	INFO	Simulated CROB Output State (32 point(s))
  Index 0: False
  Index 1: False
  Index 2: False
  Index 3: False
  Index 4: False
  Index 5: False
  Index 6: False
  Index 7: False
  Index 8: False
  Index 9: False
  Index 10: False
  Index 11: False
  Index 12: False
  Index 13: False
  Index 14: False
  Index 15: False
  ... (16 more; full state in the JSON evidence)
2026-08-05 10:08:06,568	__main__	INFO	Wrote outstation multi-CROB evidence -> /home/philip/Projects/DNP3/dnp3_multicrob_harness/../defense4/evidence/fixed_k_emulator/smoke_20260805T140802Z/outstation_summary.json
ms(1785938886568) --AL->  outstation - C0 81 82 00 0C 01 28 04 00 00 00 03 01 64 00 00 00 64 
ms(1785938886568) --AL->  outstation - 00 00 00 00 01 00 03 01 64 00 00 00 64 00 00 00 00 10 
ms(1785938886568) --AL->  outstation - 00 03 01 64 00 00 00 64 00 00 00 00 11 00 03 01 64 00 
ms(1785938886568) --AL->  outstation - 00 00 64 00 00 00 00 
ms(1785938886568) --AL->  outstation - FIR: 1 FIN: 1 CON: 0 UNS: 0 SEQ: 0 FUNC: RESPONSE IIN: [0x82, 0x00]
ms(1785938886568) --AL->  outstation - 012,001 Binary Command - CROB, 16-bit count and prefix [4]
ms(1785938886568) --TL->  outstation - FIR: 1 FIN: 1 SEQ: 0 LEN: 61
ms(1785938886568) --LL->  outstation - Function: PRI_UNCONFIRMED_USER_DATA Dest: 1 Source: 10 Length: 62
ms(1785938886568) <-LL--  server - Function: PRI_UNCONFIRMED_USER_DATA Dest: 10 Source: 1 Length: 65
ms(1785938886568) <-TL--  outstation - FIR: 1 FIN: 1 SEQ: 1 LEN: 59
ms(1785938886568) <-AL--  outstation - C1 04 0C 01 28 04 00 00 00 03 01 64 00 00 00 64 00 00 
ms(1785938886568) <-AL--  outstation - 00 00 01 00 03 01 64 00 00 00 64 00 00 00 00 10 00 03 
ms(1785938886568) <-AL--  outstation - 01 64 00 00 00 64 00 00 00 00 11 00 03 01 64 00 00 00 
ms(1785938886568) <-AL--  outstation - 64 00 00 00 00 
ms(1785938886568) <-AL--  outstation - FIR: 1 FIN: 1 CON: 0 UNS: 0 SEQ: 1 FUNC: OPERATE
ms(1785938886568) <-AL--  outstation - 012,001 Binary Command - CROB, 16-bit count and prefix [4]
2026-08-05 10:08:06,568	__main__	DEBUG	In ControlTestCommandHandler.Start (batch begin)
2026-08-05 10:08:06,568	__main__	INFO	CONTROL-TEST OPERATE index=0 code=LATCH_ON prev=False -> new=True SUCCESS (op_type=OperateType.SELECT_BEFORE_OPERATE)
2026-08-05 10:08:06,568	__main__	INFO	CONTROL-TEST OPERATE index=1 code=LATCH_ON prev=False -> new=True SUCCESS (op_type=OperateType.SELECT_BEFORE_OPERATE)
2026-08-05 10:08:06,569	__main__	INFO	CONTROL-TEST OPERATE index=16 code=LATCH_ON prev=False -> new=False SUCCESS (op_type=OperateType.SELECT_BEFORE_OPERATE)
2026-08-05 10:08:06,569	__main__	INFO	CONTROL-TEST OPERATE index=17 code=LATCH_ON prev=False -> new=False SUCCESS (op_type=OperateType.SELECT_BEFORE_OPERATE)
2026-08-05 10:08:06,569	__main__	INFO	CONTROL-TEST batch END kind=OPERATE (select_indexes=[] any_fail=False)
2026-08-05 10:08:06,569	__main__	INFO	Simulated CROB Output State (32 point(s))
  Index 0: True
  Index 1: True
  Index 2: False
  Index 3: False
  Index 4: False
  Index 5: False
  Index 6: False
  Index 7: False
  Index 8: False
  Index 9: False
  Index 10: False
  Index 11: False
  Index 12: False
  Index 13: False
  Index 14: False
  Index 15: False
  ... (16 more; full state in the JSON evidence)
2026-08-05 10:08:06,569	__main__	INFO	Wrote outstation multi-CROB evidence -> /home/philip/Projects/DNP3/dnp3_multicrob_harness/../defense4/evidence/fixed_k_emulator/smoke_20260805T140802Z/outstation_summary.json
ms(1785938886570) --AL->  outstation - C1 81 82 00 0C 01 28 04 00 00 00 03 01 64 00 00 00 64 
ms(1785938886570) --AL->  outstation - 00 00 00 00 01 00 03 01 64 00 00 00 64 00 00 00 00 10 
ms(1785938886570) --AL->  outstation - 00 03 01 64 00 00 00 64 00 00 00 00 11 00 03 01 64 00 
ms(1785938886570) --AL->  outstation - 00 00 64 00 00 00 00 
ms(1785938886570) --AL->  outstation - FIR: 1 FIN: 1 CON: 0 UNS: 0 SEQ: 1 FUNC: RESPONSE IIN: [0x82, 0x00]
ms(1785938886570) --AL->  outstation - 012,001 Binary Command - CROB, 16-bit count and prefix [4]
ms(1785938886570) --TL->  outstation - FIR: 1 FIN: 1 SEQ: 1 LEN: 61
ms(1785938886570) --LL->  outstation - Function: PRI_UNCONFIRMED_USER_DATA Dest: 1 Source: 10 Length: 62
ms(1785938886570) <-LL--  server - Function: PRI_UNCONFIRMED_USER_DATA Dest: 10 Source: 1 Length: 14
ms(1785938886570) <-TL--  outstation - FIR: 1 FIN: 1 SEQ: 2 LEN: 8
ms(1785938886570) <-AL--  outstation - C2 02 50 01 00 07 07 00 
ms(1785938886570) <-AL--  outstation - FIR: 1 FIN: 1 CON: 0 UNS: 0 SEQ: 2 FUNC: WRITE
ms(1785938886570) <-AL--  outstation - 080,001 Internal Indications - Packed Format, 8-bit start stop [7, 7]
ms(1785938886570) --AL->  outstation - C2 81 02 00 
ms(1785938886570) --AL->  outstation - FIR: 1 FIN: 1 CON: 0 UNS: 0 SEQ: 2 FUNC: RESPONSE IIN: [0x02, 0x00]
ms(1785938886570) --TL->  outstation - FIR: 1 FIN: 1 SEQ: 2 LEN: 4
ms(1785938886570) --LL->  outstation - Function: PRI_UNCONFIRMED_USER_DATA Dest: 1 Source: 10 Length: 5
ms(1785938886570) <-LL--  server - Function: PRI_UNCONFIRMED_USER_DATA Dest: 10 Source: 1 Length: 65
ms(1785938886570) <-TL--  outstation - FIR: 1 FIN: 1 SEQ: 3 LEN: 59
ms(1785938886570) <-AL--  outstation - C3 03 0C 01 28 04 00 00 00 04 01 64 00 00 00 64 00 00 
ms(1785938886570) <-AL--  outstation - 00 00 01 00 04 01 64 00 00 00 64 00 00 00 00 10 00 04 
ms(1785938886570) <-AL--  outstation - 01 64 00 00 00 64 00 00 00 00 11 00 04 01 64 00 00 00 
ms(1785938886570) <-AL--  outstation - 64 00 00 00 00 
ms(1785938886570) <-AL--  outstation - FIR: 1 FIN: 1 CON: 0 UNS: 0 SEQ: 3 FUNC: SELECT
ms(1785938886570) <-AL--  outstation - 012,001 Binary Command - CROB, 16-bit count and prefix [4]
2026-08-05 10:08:06,570	__main__	DEBUG	In ControlTestCommandHandler.Start (batch begin)
2026-08-05 10:08:06,571	__main__	INFO	CONTROL-TEST SELECT  index=0 code=LATCH_OFF count=1 on=100ms off=100ms -> SUCCESS (status source: application control-point backend)
2026-08-05 10:08:06,571	__main__	INFO	CONTROL-TEST SELECT  index=1 code=LATCH_OFF count=1 on=100ms off=100ms -> SUCCESS (status source: application control-point backend)
2026-08-05 10:08:06,571	__main__	INFO	CONTROL-TEST SELECT  index=16 code=LATCH_OFF count=1 on=100ms off=100ms -> SUCCESS (status source: application control-point backend)
2026-08-05 10:08:06,571	__main__	INFO	CONTROL-TEST SELECT  index=17 code=LATCH_OFF count=1 on=100ms off=100ms -> SUCCESS (status source: application control-point backend)
2026-08-05 10:08:06,571	__main__	INFO	CONTROL-TEST batch END kind=SELECT (select_indexes=[0, 1, 16, 17] any_fail=False)
2026-08-05 10:08:06,571	__main__	INFO	Simulated CROB Output State (32 point(s))
  Index 0: True
  Index 1: True
  Index 2: False
  Index 3: False
  Index 4: False
  Index 5: False
  Index 6: False
  Index 7: False
  Index 8: False
  Index 9: False
  Index 10: False
  Index 11: False
  Index 12: False
  Index 13: False
  Index 14: False
  Index 15: False
  ... (16 more; full state in the JSON evidence)
2026-08-05 10:08:06,571	__main__	INFO	Wrote outstation multi-CROB evidence -> /home/philip/Projects/DNP3/dnp3_multicrob_harness/../defense4/evidence/fixed_k_emulator/smoke_20260805T140802Z/outstation_summary.json
ms(1785938886571) --AL->  outstation - C3 81 02 00 0C 01 28 04 00 00 00 04 01 64 00 00 00 64 
ms(1785938886571) --AL->  outstation - 00 00 00 00 01 00 04 01 64 00 00 00 64 00 00 00 00 10 
ms(1785938886571) --AL->  outstation - 00 04 01 64 00 00 00 64 00 00 00 00 11 00 04 01 64 00 
ms(1785938886571) --AL->  outstation - 00 00 64 00 00 00 00 
ms(1785938886571) --AL->  outstation - FIR: 1 FIN: 1 CON: 0 UNS: 0 SEQ: 3 FUNC: RESPONSE IIN: [0x02, 0x00]
ms(1785938886571) --AL->  outstation - 012,001 Binary Command - CROB, 16-bit count and prefix [4]
ms(1785938886571) --TL->  outstation - FIR: 1 FIN: 1 SEQ: 3 LEN: 61
ms(1785938886571) --LL->  outstation - Function: PRI_UNCONFIRMED_USER_DATA Dest: 1 Source: 10 Length: 62
ms(1785938886572) <-LL--  server - Function: PRI_UNCONFIRMED_USER_DATA Dest: 10 Source: 1 Length: 65
ms(1785938886572) <-TL--  outstation - FIR: 1 FIN: 1 SEQ: 4 LEN: 59
ms(1785938886572) <-AL--  outstation - C4 04 0C 01 28 04 00 00 00 04 01 64 00 00 00 64 00 00 
ms(1785938886572) <-AL--  outstation - 00 00 01 00 04 01 64 00 00 00 64 00 00 00 00 10 00 04 
ms(1785938886572) <-AL--  outstation - 01 64 00 00 00 64 00 00 00 00 11 00 04 01 64 00 00 00 
ms(1785938886572) <-AL--  outstation - 64 00 00 00 00 
ms(1785938886572) <-AL--  outstation - FIR: 1 FIN: 1 CON: 0 UNS: 0 SEQ: 4 FUNC: OPERATE
ms(1785938886572) <-AL--  outstation - 012,001 Binary Command - CROB, 16-bit count and prefix [4]
2026-08-05 10:08:06,572	__main__	DEBUG	In ControlTestCommandHandler.Start (batch begin)
2026-08-05 10:08:06,572	__main__	INFO	CONTROL-TEST OPERATE index=0 code=LATCH_OFF prev=True -> new=False SUCCESS (op_type=OperateType.SELECT_BEFORE_OPERATE)
2026-08-05 10:08:06,572	__main__	INFO	CONTROL-TEST OPERATE index=1 code=LATCH_OFF prev=True -> new=False SUCCESS (op_type=OperateType.SELECT_BEFORE_OPERATE)
2026-08-05 10:08:06,572	__main__	INFO	CONTROL-TEST OPERATE index=16 code=LATCH_OFF prev=False -> new=False SUCCESS (op_type=OperateType.SELECT_BEFORE_OPERATE)
2026-08-05 10:08:06,572	__main__	INFO	CONTROL-TEST OPERATE index=17 code=LATCH_OFF prev=False -> new=False SUCCESS (op_type=OperateType.SELECT_BEFORE_OPERATE)
2026-08-05 10:08:06,572	__main__	INFO	CONTROL-TEST batch END kind=OPERATE (select_indexes=[] any_fail=False)
2026-08-05 10:08:06,572	__main__	INFO	Simulated CROB Output State (32 point(s))
  Index 0: False
  Index 1: False
  Index 2: False
  Index 3: False
  Index 4: False
  Index 5: False
  Index 6: False
  Index 7: False
  Index 8: False
  Index 9: False
  Index 10: False
  Index 11: False
  Index 12: False
  Index 13: False
  Index 14: False
  Index 15: False
  ... (16 more; full state in the JSON evidence)
2026-08-05 10:08:06,573	__main__	INFO	Wrote outstation multi-CROB evidence -> /home/philip/Projects/DNP3/dnp3_multicrob_harness/../defense4/evidence/fixed_k_emulator/smoke_20260805T140802Z/outstation_summary.json
ms(1785938886573) --AL->  outstation - C4 81 02 00 0C 01 28 04 00 00 00 04 01 64 00 00 00 64 
ms(1785938886573) --AL->  outstation - 00 00 00 00 01 00 04 01 64 00 00 00 64 00 00 00 00 10 
ms(1785938886573) --AL->  outstation - 00 04 01 64 00 00 00 64 00 00 00 00 11 00 04 01 64 00 
ms(1785938886573) --AL->  outstation - 00 00 64 00 00 00 00 
ms(1785938886573) --AL->  outstation - FIR: 1 FIN: 1 CON: 0 UNS: 0 SEQ: 4 FUNC: RESPONSE IIN: [0x02, 0x00]
ms(1785938886573) --AL->  outstation - 012,001 Binary Command - CROB, 16-bit count and prefix [4]
ms(1785938886573) --TL->  outstation - FIR: 1 FIN: 1 SEQ: 4 LEN: 61
ms(1785938886573) --LL->  outstation - Function: PRI_UNCONFIRMED_USER_DATA Dest: 1 Source: 10 Length: 62
ms(1785938886573) <-LL--  server - Function: PRI_UNCONFIRMED_USER_DATA Dest: 10 Source: 1 Length: 17
ms(1785938886573) <-TL--  outstation - FIR: 1 FIN: 1 SEQ: 5 LEN: 11
ms(1785938886573) <-AL--  outstation - C5 15 3C 02 06 3C 03 06 3C 04 06 
ms(1785938886573) <-AL--  outstation - FIR: 1 FIN: 1 CON: 0 UNS: 0 SEQ: 5 FUNC: DISABLE_UNSOLICITED
ms(1785938886573) --AL->  outstation - C5 81 02 01 
ms(1785938886573) --AL->  outstation - FIR: 1 FIN: 1 CON: 0 UNS: 0 SEQ: 5 FUNC: RESPONSE IIN: [0x02, 0x01]
ms(1785938886573) --TL->  outstation - FIR: 1 FIN: 1 SEQ: 5 LEN: 4
ms(1785938886573) --LL->  outstation - Function: PRI_UNCONFIRMED_USER_DATA Dest: 1 Source: 10 Length: 5
ms(1785938886573) <-LL--  server - Function: PRI_UNCONFIRMED_USER_DATA Dest: 10 Source: 1 Length: 65
ms(1785938886573) <-TL--  outstation - FIR: 1 FIN: 1 SEQ: 6 LEN: 59
ms(1785938886573) <-AL--  outstation - C6 03 0C 01 28 04 00 00 00 03 01 64 00 00 00 64 00 00 
ms(1785938886573) <-AL--  outstation - 00 00 01 00 03 01 64 00 00 00 64 00 00 00 00 10 00 03 
ms(1785938886573) <-AL--  outstation - 01 64 00 00 00 64 00 00 00 00 11 00 03 01 64 00 00 00 
ms(1785938886573) <-AL--  outstation - 64 00 00 00 00 
ms(1785938886573) <-AL--  outstation - FIR: 1 FIN: 1 CON: 0 UNS: 0 SEQ: 6 FUNC: SELECT
ms(1785938886573) <-AL--  outstation - 012,001 Binary Command - CROB, 16-bit count and prefix [4]
2026-08-05 10:08:06,573	__main__	DEBUG	In ControlTestCommandHandler.Start (batch begin)
2026-08-05 10:08:06,573	__main__	INFO	CONTROL-TEST SELECT  index=0 code=LATCH_ON count=1 on=100ms off=100ms -> SUCCESS (status source: application control-point backend)
2026-08-05 10:08:06,573	__main__	INFO	CONTROL-TEST SELECT  index=1 code=LATCH_ON count=1 on=100ms off=100ms -> SUCCESS (status source: application control-point backend)
2026-08-05 10:08:06,574	__main__	INFO	CONTROL-TEST SELECT  index=16 code=LATCH_ON count=1 on=100ms off=100ms -> SUCCESS (status source: application control-point backend)
2026-08-05 10:08:06,574	__main__	INFO	CONTROL-TEST SELECT  index=17 code=LATCH_ON count=1 on=100ms off=100ms -> SUCCESS (status source: application control-point backend)
2026-08-05 10:08:06,574	__main__	INFO	CONTROL-TEST batch END kind=SELECT (select_indexes=[0, 1, 16, 17] any_fail=False)
2026-08-05 10:08:06,574	__main__	INFO	Simulated CROB Output State (32 point(s))
  Index 0: False
  Index 1: False
  Index 2: False
  Index 3: False
  Index 4: False
  Index 5: False
  Index 6: False
  Index 7: False
  Index 8: False
  Index 9: False
  Index 10: False
  Index 11: False
  Index 12: False
  Index 13: False
  Index 14: False
  Index 15: False
  ... (16 more; full state in the JSON evidence)
2026-08-05 10:08:06,574	__main__	INFO	Wrote outstation multi-CROB evidence -> /home/philip/Projects/DNP3/dnp3_multicrob_harness/../defense4/evidence/fixed_k_emulator/smoke_20260805T140802Z/outstation_summary.json
ms(1785938886574) --AL->  outstation - C6 81 02 00 0C 01 28 04 00 00 00 03 01 64 00 00 00 64 
ms(1785938886574) --AL->  outstation - 00 00 00 00 01 00 03 01 64 00 00 00 64 00 00 00 00 10 
ms(1785938886574) --AL->  outstation - 00 03 01 64 00 00 00 64 00 00 00 00 11 00 03 01 64 00 
ms(1785938886574) --AL->  outstation - 00 00 64 00 00 00 00 
ms(1785938886574) --AL->  outstation - FIR: 1 FIN: 1 CON: 0 UNS: 0 SEQ: 6 FUNC: RESPONSE IIN: [0x02, 0x00]
ms(1785938886574) --AL->  outstation - 012,001 Binary Command - CROB, 16-bit count and prefix [4]
ms(1785938886574) --TL->  outstation - FIR: 1 FIN: 1 SEQ: 6 LEN: 61
ms(1785938886574) --LL->  outstation - Function: PRI_UNCONFIRMED_USER_DATA Dest: 1 Source: 10 Length: 62
ms(1785938886574) <-LL--  server - Function: PRI_UNCONFIRMED_USER_DATA Dest: 10 Source: 1 Length: 65
ms(1785938886574) <-TL--  outstation - FIR: 1 FIN: 1 SEQ: 7 LEN: 59
ms(1785938886574) <-AL--  outstation - C7 04 0C 01 28 04 00 00 00 03 01 64 00 00 00 64 00 00 
ms(1785938886574) <-AL--  outstation - 00 00 01 00 03 01 64 00 00 00 64 00 00 00 00 10 00 03 
ms(1785938886574) <-AL--  outstation - 01 64 00 00 00 64 00 00 00 00 11 00 03 01 64 00 00 00 
ms(1785938886574) <-AL--  outstation - 64 00 00 00 00 
ms(1785938886574) <-AL--  outstation - FIR: 1 FIN: 1 CON: 0 UNS: 0 SEQ: 7 FUNC: OPERATE
ms(1785938886574) <-AL--  outstation - 012,001 Binary Command - CROB, 16-bit count and prefix [4]
2026-08-05 10:08:06,574	__main__	DEBUG	In ControlTestCommandHandler.Start (batch begin)
2026-08-05 10:08:06,574	__main__	INFO	CONTROL-TEST OPERATE index=0 code=LATCH_ON prev=False -> new=True SUCCESS (op_type=OperateType.SELECT_BEFORE_OPERATE)
2026-08-05 10:08:06,575	__main__	INFO	CONTROL-TEST OPERATE index=1 code=LATCH_ON prev=False -> new=True SUCCESS (op_type=OperateType.SELECT_BEFORE_OPERATE)
2026-08-05 10:08:06,575	__main__	INFO	CONTROL-TEST OPERATE index=16 code=LATCH_ON prev=False -> new=False SUCCESS (op_type=OperateType.SELECT_BEFORE_OPERATE)
2026-08-05 10:08:06,575	__main__	INFO	CONTROL-TEST OPERATE index=17 code=LATCH_ON prev=False -> new=False SUCCESS (op_type=OperateType.SELECT_BEFORE_OPERATE)
2026-08-05 10:08:06,575	__main__	INFO	CONTROL-TEST batch END kind=OPERATE (select_indexes=[] any_fail=False)
2026-08-05 10:08:06,575	__main__	INFO	Simulated CROB Output State (32 point(s))
  Index 0: True
  Index 1: True
  Index 2: False
  Index 3: False
  Index 4: False
  Index 5: False
  Index 6: False
  Index 7: False
  Index 8: False
  Index 9: False
  Index 10: False
  Index 11: False
  Index 12: False
  Index 13: False
  Index 14: False
  Index 15: False
  ... (16 more; full state in the JSON evidence)
2026-08-05 10:08:06,575	__main__	INFO	Wrote outstation multi-CROB evidence -> /home/philip/Projects/DNP3/dnp3_multicrob_harness/../defense4/evidence/fixed_k_emulator/smoke_20260805T140802Z/outstation_summary.json
ms(1785938886575) --AL->  outstation - C7 81 02 00 0C 01 28 04 00 00 00 03 01 64 00 00 00 64 
ms(1785938886575) --AL->  outstation - 00 00 00 00 01 00 03 01 64 00 00 00 64 00 00 00 00 10 
ms(1785938886575) --AL->  outstation - 00 03 01 64 00 00 00 64 00 00 00 00 11 00 03 01 64 00 
ms(1785938886575) --AL->  outstation - 00 00 64 00 00 00 00 
ms(1785938886575) --AL->  outstation - FIR: 1 FIN: 1 CON: 0 UNS: 0 SEQ: 7 FUNC: RESPONSE IIN: [0x02, 0x00]
ms(1785938886575) --AL->  outstation - 012,001 Binary Command - CROB, 16-bit count and prefix [4]
ms(1785938886575) --TL->  outstation - FIR: 1 FIN: 1 SEQ: 7 LEN: 61
ms(1785938886575) --LL->  outstation - Function: PRI_UNCONFIRMED_USER_DATA Dest: 1 Source: 10 Length: 62
ms(1785938886576) <-LL--  server - Function: PRI_UNCONFIRMED_USER_DATA Dest: 10 Source: 1 Length: 20
ms(1785938886576) <-TL--  outstation - FIR: 1 FIN: 1 SEQ: 8 LEN: 14
ms(1785938886576) <-AL--  outstation - C8 01 3C 02 06 3C 03 06 3C 04 06 3C 01 06 
ms(1785938886576) <-AL--  outstation - FIR: 1 FIN: 1 CON: 0 UNS: 0 SEQ: 8 FUNC: READ
ms(1785938886576) <-AL--  outstation - 060,002 - Class Data - Class 1 - all objects
ms(1785938886576) <-AL--  outstation - 060,003 - Class Data - Class 2 - all objects
ms(1785938886576) <-AL--  outstation - 060,004 - Class Data - Class 3 - all objects
ms(1785938886576) <-AL--  outstation - 060,001 - Class Data - Class 0 - all objects
ms(1785938886576) --AL->  outstation - A8 81 00 00 20 01 28 C8 00 00 00 01 64 00 00 00 01 00 
ms(1785938886576) --AL->  outstation - 01 65 00 00 00 02 00 01 66 00 00 00 03 00 01 67 00 00 
ms(1785938886576) --AL->  outstation - 00 04 00 01 68 00 00 00 05 00 01 69 00 00 00 06 00 01 
ms(1785938886576) --AL->  outstation - 6A 00 00 00 07 00 01 6B 00 00 00 08 00 01 6C 00 00 00 
ms(1785938886576) --AL->  outstation - 09 00 01 6D 00 00 00 0A 00 01 6E 00 00 00 0B 00 01 6F 
ms(1785938886576) --AL->  outstation - 00 00 00 0C 00 01 70 00 00 00 0D 00 01 71 00 00 00 0E 
ms(1785938886576) --AL->  outstation - 00 01 72 00 00 00 0F 00 01 73 00 00 00 10 00 01 74 00 
ms(1785938886576) --AL->  outstation - 00 00 11 00 01 75 00 00 00 12 00 01 76 00 00 00 13 00 
ms(1785938886576) --AL->  outstation - 01 77 00 00 00 14 00 01 78 00 00 00 15 00 01 79 00 00 
ms(1785938886576) --AL->  outstation - 00 16 00 01 7A 00 00 00 17 00 01 7B 00 00 00 18 00 01 
ms(1785938886576) --AL->  outstation - 7C 00 00 00 19 00 01 7D 00 00 00 1A 00 01 7E 00 00 00 
ms(1785938886576) --AL->  outstation - 1B 00 01 7F 00 00 00 1C 00 01 80 00 00 00 1D 00 01 81 
ms(1785938886576) --AL->  outstation - 00 00 00 1E 00 01 82 00 00 00 1F 00 01 83 00 00 00 20 
ms(1785938886576) --AL->  outstation - 00 01 84 00 00 00 21 00 01 85 00 00 00 22 00 01 86 00 
ms(1785938886576) --AL->  outstation - 00 00 23 00 01 87 00 00 00 24 00 01 88 00 00 00 25 00 
ms(1785938886576) --AL->  outstation - 01 89 00 00 00 26 00 01 8A 00 00 00 27 00 01 8B 00 00 
ms(1785938886576) --AL->  outstation - 00 28 00 01 8C 00 00 00 29 00 01 8D 00 00 00 2A 00 01 
ms(1785938886576) --AL->  outstation - 8E 00 00 00 2B 00 01 8F 00 00 00 2C 00 01 90 00 00 00 
ms(1785938886576) --AL->  outstation - 2D 00 01 91 00 00 00 2E 00 01 92 00 00 00 2F 00 01 93 
ms(1785938886576) --AL->  outstation - 00 00 00 30 00 01 94 00 00 00 31 00 01 95 00 00 00 32 
ms(1785938886576) --AL->  outstation - 00 01 96 00 00 00 33 00 01 97 00 00 00 34 00 01 98 00 
ms(1785938886576) --AL->  outstation - 00 00 35 00 01 99 00 00 00 36 00 01 9A 00 00 00 37 00 
ms(1785938886576) --AL->  outstation - 01 9B 00 00 00 38 00 01 9C 00 00 00 39 00 01 9D 00 00 
ms(1785938886576) --AL->  outstation - 00 3A 00 01 9E 00 00 00 3B 00 01 9F 00 00 00 3C 00 01 
ms(1785938886576) --AL->  outstation - A0 00 00 00 3D 00 01 A1 00 00 00 3E 00 01 A2 00 00 00 
ms(1785938886576) --AL->  outstation - 3F 00 01 A3 00 00 00 40 00 01 A4 00 00 00 41 00 01 A5 
ms(1785938886576) --AL->  outstation - 00 00 00 42 00 01 A6 00 00 00 43 00 01 A7 00 00 00 44 
ms(1785938886576) --AL->  outstation - 00 01 A8 00 00 00 45 00 01 A9 00 00 00 46 00 01 AA 00 
ms(1785938886576) --AL->  outstation - 00 00 47 00 01 AB 00 00 00 48 00 01 AC 00 00 00 49 00 
ms(1785938886576) --AL->  outstation - 01 AD 00 00 00 4A 00 01 AE 00 00 00 4B 00 01 AF 00 00 
ms(1785938886576) --AL->  outstation - 00 4C 00 01 B0 00 00 00 4D 00 01 B1 00 00 00 4E 00 01 
ms(1785938886576) --AL->  outstation - B2 00 00 00 4F 00 01 B3 00 00 00 50 00 01 B4 00 00 00 
ms(1785938886576) --AL->  outstation - 51 00 01 B5 00 00 00 52 00 01 B6 00 00 00 53 00 01 B7 
ms(1785938886576) --AL->  outstation - 00 00 00 54 00 01 B8 00 00 00 55 00 01 B9 00 00 00 56 
ms(1785938886576) --AL->  outstation - 00 01 BA 00 00 00 57 00 01 BB 00 00 00 58 00 01 BC 00 
ms(1785938886576) --AL->  outstation - 00 00 59 00 01 BD 00 00 00 5A 00 01 BE 00 00 00 5B 00 
ms(1785938886576) --AL->  outstation - 01 BF 00 00 00 5C 00 01 C0 00 00 00 5D 00 01 C1 00 00 
ms(1785938886576) --AL->  outstation - 00 5E 00 01 C2 00 00 00 5F 00 01 C3 00 00 00 60 00 01 
ms(1785938886576) --AL->  outstation - C4 00 00 00 61 00 01 C5 00 00 00 62 00 01 C6 00 00 00 
ms(1785938886576) --AL->  outstation - 63 00 01 C7 00 00 00 64 00 01 C8 00 00 00 65 00 01 C9 
ms(1785938886576) --AL->  outstation - 00 00 00 66 00 01 CA 00 00 00 67 00 01 CB 00 00 00 68 
ms(1785938886576) --AL->  outstation - 00 01 CC 00 00 00 69 00 01 CD 00 00 00 6A 00 01 CE 00 
ms(1785938886576) --AL->  outstation - 00 00 6B 00 01 CF 00 00 00 6C 00 01 D0 00 00 00 6D 00 
ms(1785938886576) --AL->  outstation - 01 D1 00 00 00 6E 00 01 D2 00 00 00 6F 00 01 D3 00 00 
ms(1785938886576) --AL->  outstation - 00 70 00 01 D4 00 00 00 71 00 01 D5 00 00 00 72 00 01 
ms(1785938886576) --AL->  outstation - D6 00 00 00 73 00 01 D7 00 00 00 74 00 01 D8 00 00 00 
ms(1785938886576) --AL->  outstation - 75 00 01 D9 00 00 00 76 00 01 DA 00 00 00 77 00 01 DB 
ms(1785938886576) --AL->  outstation - 00 00 00 78 00 01 DC 00 00 00 79 00 01 DD 00 00 00 7A 
ms(1785938886576) --AL->  outstation - 00 01 DE 00 00 00 7B 00 01 DF 00 00 00 7C 00 01 E0 00 
ms(1785938886576) --AL->  outstation - 00 00 7D 00 01 E1 00 00 00 7E 00 01 E2 00 00 00 7F 00 
ms(1785938886576) --AL->  outstation - 01 E3 00 00 00 80 00 01 E4 00 00 00 81 00 01 E5 00 00 
ms(1785938886576) --AL->  outstation - 00 82 00 01 E6 00 00 00 83 00 01 E7 00 00 00 84 00 01 
ms(1785938886576) --AL->  outstation - E8 00 00 00 85 00 01 E9 00 00 00 86 00 01 EA 00 00 00 
ms(1785938886576) --AL->  outstation - 87 00 01 EB 00 00 00 88 00 01 EC 00 00 00 89 00 01 ED 
ms(1785938886576) --AL->  outstation - 00 00 00 8A 00 01 EE 00 00 00 8B 00 01 EF 00 00 00 8C 
ms(1785938886576) --AL->  outstation - 00 01 F0 00 00 00 8D 00 01 F1 00 00 00 8E 00 01 F2 00 
ms(1785938886576) --AL->  outstation - 00 00 8F 00 01 F3 00 00 00 90 00 01 F4 00 00 00 91 00 
ms(1785938886576) --AL->  outstation - 01 F5 00 00 00 92 00 01 F6 00 00 00 93 00 01 F7 00 00 
ms(1785938886576) --AL->  outstation - 00 94 00 01 F8 00 00 00 95 00 01 F9 00 00 00 96 00 01 
ms(1785938886576) --AL->  outstation - FA 00 00 00 97 00 01 FB 00 00 00 98 00 01 FC 00 00 00 
ms(1785938886576) --AL->  outstation - 99 00 01 FD 00 00 00 9A 00 01 FE 00 00 00 9B 00 01 FF 
ms(1785938886576) --AL->  outstation - 00 00 00 9C 00 01 00 01 00 00 9D 00 01 01 01 00 00 9E 
ms(1785938886576) --AL->  outstation - 00 01 02 01 00 00 9F 00 01 03 01 00 00 A0 00 01 04 01 
ms(1785938886576) --AL->  outstation - 00 00 A1 00 01 05 01 00 00 A2 00 01 06 01 00 00 A3 00 
ms(1785938886576) --AL->  outstation - 01 07 01 00 00 A4 00 01 08 01 00 00 A5 00 01 09 01 00 
ms(1785938886576) --AL->  outstation - 00 A6 00 01 0A 01 00 00 A7 00 01 0B 01 00 00 A8 00 01 
ms(1785938886576) --AL->  outstation - 0C 01 00 00 A9 00 01 0D 01 00 00 AA 00 01 0E 01 00 00 
ms(1785938886576) --AL->  outstation - AB 00 01 0F 01 00 00 AC 00 01 10 01 00 00 AD 00 01 11 
ms(1785938886576) --AL->  outstation - 01 00 00 AE 00 01 12 01 00 00 AF 00 01 13 01 00 00 B0 
ms(1785938886576) --AL->  outstation - 00 01 14 01 00 00 B1 00 01 15 01 00 00 B2 00 01 16 01 
ms(1785938886576) --AL->  outstation - 00 00 B3 00 01 17 01 00 00 B4 00 01 18 01 00 00 B5 00 
ms(1785938886576) --AL->  outstation - 01 19 01 00 00 B6 00 01 1A 01 00 00 B7 00 01 1B 01 00 
ms(1785938886576) --AL->  outstation - 00 B8 00 01 1C 01 00 00 B9 00 01 1D 01 00 00 BA 00 01 
ms(1785938886576) --AL->  outstation - 1E 01 00 00 BB 00 01 1F 01 00 00 BC 00 01 20 01 00 00 
ms(1785938886576) --AL->  outstation - BD 00 01 21 01 00 00 BE 00 01 22 01 00 00 BF 00 01 23 
ms(1785938886576) --AL->  outstation - 01 00 00 C0 00 01 24 01 00 00 C1 00 01 25 01 00 00 C2 
ms(1785938886576) --AL->  outstation - 00 01 26 01 00 00 C3 00 01 27 01 00 00 C4 00 01 28 01 
ms(1785938886576) --AL->  outstation - 00 00 C5 00 01 29 01 00 00 C6 00 01 2A 01 00 00 C7 00 
ms(1785938886576) --AL->  outstation - 01 2B 01 00 00 02 01 28 32 00 00 00 81 01 00 01 02 00 
ms(1785938886576) --AL->  outstation - 81 03 00 01 04 00 81 05 00 01 06 00 81 07 00 01 08 00 
ms(1785938886576) --AL->  outstation - 81 09 00 01 0A 00 81 0B 00 01 0C 00 81 0D 00 01 0E 00 
ms(1785938886576) --AL->  outstation - 81 0F 00 01 10 00 81 11 00 01 12 00 81 13 00 01 14 00 
ms(1785938886576) --AL->  outstation - 81 15 00 01 16 00 81 17 00 01 18 00 81 19 00 01 1A 00 
ms(1785938886576) --AL->  outstation - 81 1B 00 01 1C 00 81 1D 00 01 1E 00 81 1F 00 01 20 00 
ms(1785938886576) --AL->  outstation - 81 21 00 01 22 00 81 23 00 01 24 00 81 25 00 01 26 00 
ms(1785938886576) --AL->  outstation - 81 27 00 01 28 00 81 29 00 01 2A 00 81 2B 00 01 2C 00 
ms(1785938886576) --AL->  outstation - 81 2D 00 01 2E 00 81 2F 00 01 30 00 81 31 00 01 16 01 
ms(1785938886576) --AL->  outstation - 28 32 00 00 00 01 00 00 00 00 01 00 01 01 00 00 00 02 
ms(1785938886576) --AL->  outstation - 00 01 02 00 00 00 03 00 01 03 00 00 00 04 00 01 04 00 
ms(1785938886576) --AL->  outstation - 00 00 05 00 01 05 00 00 00 06 00 01 06 00 00 00 07 00 
ms(1785938886576) --AL->  outstation - 01 07 00 00 00 08 00 01 08 00 00 00 09 00 01 09 00 00 
ms(1785938886576) --AL->  outstation - 00 0A 00 01 0A 00 00 00 0B 00 01 0B 00 00 00 0C 00 01 
ms(1785938886576) --AL->  outstation - 0C 00 00 00 0D 00 01 0D 00 00 00 0E 00 01 0E 00 00 00 
ms(1785938886576) --AL->  outstation - 0F 00 01 0F 00 00 00 10 00 01 10 00 00 00 11 00 01 11 
ms(1785938886576) --AL->  outstation - 00 00 00 12 00 01 12 00 00 00 13 00 01 13 00 00 00 14 
ms(1785938886576) --AL->  outstation - 00 01 14 00 00 00 15 00 01 15 00 00 00 16 00 01 16 00 
ms(1785938886576) --AL->  outstation - 00 00 17 00 01 17 00 00 00 18 00 01 18 00 00 00 19 00 
ms(1785938886576) --AL->  outstation - 01 19 00 00 00 1A 00 01 1A 00 00 00 1B 00 01 1B 00 00 
ms(1785938886576) --AL->  outstation - 00 1C 00 01 1C 00 00 00 1D 00 01 1D 00 00 00 1E 00 01 
ms(1785938886576) --AL->  outstation - 1E 00 00 00 1F 00 01 1F 00 00 00 20 00 01 20 00 00 00 
ms(1785938886576) --AL->  outstation - 21 00 01 21 00 00 00 22 00 01 22 00 00 00 23 00 01 23 
ms(1785938886576) --AL->  outstation - 00 00 00 24 00 01 24 00 00 00 25 00 01 25 00 00 00 26 
ms(1785938886576) --AL->  outstation - 00 01 26 00 00 00 27 00 01 27 00 00 00 28 00 01 28 00 
ms(1785938886576) --AL->  outstation - 00 00 29 00 01 29 00 00 00 2A 00 01 2A 00 00 00 2B 00 
ms(1785938886576) --AL->  outstation - 01 2B 00 00 00 2C 00 01 2C 00 00 00 2D 00 01 2D 00 00 
ms(1785938886576) --AL->  outstation - 00 2E 00 01 2E 00 00 00 2F 00 01 2F 00 00 00 30 00 01 
ms(1785938886576) --AL->  outstation - 30 00 00 00 31 00 01 31 00 00 00 01 02 01 00 00 79 00 
ms(1785938886576) --AL->  outstation - 81 01 81 01 81 01 81 01 81 01 81 01 81 01 81 01 81 01 
ms(1785938886576) --AL->  outstation - 81 01 81 01 81 01 81 01 81 01 81 01 81 01 81 01 81 01 
ms(1785938886576) --AL->  outstation - 81 01 81 01 81 01 81 01 81 01 81 01 81 01 02 02 02 02 
ms(1785938886576) --AL->  outstation - 02 02 02 02 02 02 02 02 02 02 02 02 02 02 02 02 02 02 
ms(1785938886576) --AL->  outstation - 02 02 02 02 02 02 02 02 02 02 02 02 02 02 02 02 02 02 
ms(1785938886576) --AL->  outstation - 02 02 02 02 02 02 02 02 02 02 02 02 02 02 02 02 02 02 
ms(1785938886576) --AL->  outstation - 02 02 02 02 02 02 02 02 02 02 02 02 02 02 
ms(1785938886576) --AL->  outstation - FIR: 1 FIN: 0 CON: 1 UNS: 0 SEQ: 8 FUNC: RESPONSE IIN: [0x00, 0x00]
ms(1785938886576) --AL->  outstation - 032,001 Analog Input Event - 32-bit With Flag, 16-bit count and prefix [200]
ms(1785938886576) --AL->  outstation - 002,001 Binary Input Event - Without Time, 16-bit count and prefix [50]
ms(1785938886576) --AL->  outstation - 022,001 Counter Event - 32-bit With Flag, 16-bit count and prefix [50]
ms(1785938886576) --AL->  outstation - 001,002 Binary Input - With Flags, 16-bit start stop [0, 121]
ms(1785938886576) --TL->  outstation - FIR: 1 FIN: 0 SEQ: 8 LEN: 249
ms(1785938886576) --LL->  outstation - Function: PRI_UNCONFIRMED_USER_DATA Dest: 1 Source: 10 Length: 250
ms(1785938886576) --TL->  outstation - FIR: 0 FIN: 0 SEQ: 9 LEN: 249
ms(1785938886576) --LL->  outstation - Function: PRI_UNCONFIRMED_USER_DATA Dest: 1 Source: 10 Length: 250
ms(1785938886576) --TL->  outstation - FIR: 0 FIN: 0 SEQ: 10 LEN: 249
ms(1785938886576) --LL->  outstation - Function: PRI_UNCONFIRMED_USER_DATA Dest: 1 Source: 10 Length: 250
ms(1785938886576) --TL->  outstation - FIR: 0 FIN: 0 SEQ: 11 LEN: 249
ms(1785938886576) --LL->  outstation - Function: PRI_UNCONFIRMED_USER_DATA Dest: 1 Source: 10 Length: 250
ms(1785938886576) --TL->  outstation - FIR: 0 FIN: 0 SEQ: 12 LEN: 249
ms(1785938886576) --LL->  outstation - Function: PRI_UNCONFIRMED_USER_DATA Dest: 1 Source: 10 Length: 250
ms(1785938886576) --TL->  outstation - FIR: 0 FIN: 0 SEQ: 13 LEN: 249
ms(1785938886576) --LL->  outstation - Function: PRI_UNCONFIRMED_USER_DATA Dest: 1 Source: 10 Length: 250
ms(1785938886576) --TL->  outstation - FIR: 0 FIN: 0 SEQ: 14 LEN: 249
ms(1785938886576) --LL->  outstation - Function: PRI_UNCONFIRMED_USER_DATA Dest: 1 Source: 10 Length: 250
ms(1785938886576) --TL->  outstation - FIR: 0 FIN: 0 SEQ: 15 LEN: 249
ms(1785938886576) --LL->  outstation - Function: PRI_UNCONFIRMED_USER_DATA Dest: 1 Source: 10 Length: 250
ms(1785938886576) --TL->  outstation - FIR: 0 FIN: 1 SEQ: 16 LEN: 56
ms(1785938886576) --LL->  outstation - Function: PRI_UNCONFIRMED_USER_DATA Dest: 1 Source: 10 Length: 57
ms(1785938886619) <-LL--  server - Function: PRI_UNCONFIRMED_USER_DATA Dest: 10 Source: 1 Length: 8
ms(1785938886619) <-TL--  outstation - FIR: 1 FIN: 1 SEQ: 9 LEN: 2
ms(1785938886619) <-AL--  outstation - C8 00 
ms(1785938886619) <-AL--  outstation - FIR: 1 FIN: 1 CON: 0 UNS: 0 SEQ: 8 FUNC: CONFIRM
ms(1785938886619) --AL->  outstation - 29 81 00 00 01 02 01 7A 00 2B 01 02 02 02 02 02 02 02 
ms(1785938886619) --AL->  outstation - 02 02 02 02 02 02 02 02 02 02 02 02 02 02 02 02 02 02 
ms(1785938886619) --AL->  outstation - 02 02 02 02 02 02 02 02 02 02 02 02 02 02 02 02 02 02 
ms(1785938886619) --AL->  outstation - 02 02 02 02 02 02 02 02 02 02 02 02 02 02 02 02 02 02 
ms(1785938886619) --AL->  outstation - 02 02 02 02 02 02 02 02 02 02 02 02 02 02 02 02 02 02 
ms(1785938886619) --AL->  outstation - 02 02 02 02 02 02 02 02 02 02 02 02 02 02 02 02 02 02 
ms(1785938886619) --AL->  outstation - 02 02 02 02 02 02 02 02 02 02 02 02 02 02 02 02 02 02 
ms(1785938886619) --AL->  outstation - 02 02 02 02 02 02 02 02 02 02 02 02 02 02 02 02 02 02 
ms(1785938886619) --AL->  outstation - 02 02 02 02 02 02 02 02 02 02 02 02 02 02 02 02 02 02 
ms(1785938886619) --AL->  outstation - 02 02 02 02 02 02 02 02 02 02 02 02 02 02 02 02 02 02 
ms(1785938886619) --AL->  outstation - 02 02 02 02 02 02 02 02 02 03 02 01 00 00 2B 01 02 02 
ms(1785938886619) --AL->  outstation - 02 02 02 02 02 02 02 02 02 02 02 02 02 02 02 02 02 02 
ms(1785938886619) --AL->  outstation - 02 02 02 02 02 02 02 02 02 02 02 02 02 02 02 02 02 02 
ms(1785938886619) --AL->  outstation - 02 02 02 02 02 02 02 02 02 02 02 02 02 02 02 02 02 02 
ms(1785938886619) --AL->  outstation - 02 02 02 02 02 02 02 02 02 02 02 02 02 02 02 02 02 02 
ms(1785938886619) --AL->  outstation - 02 02 02 02 02 02 02 02 02 02 02 02 02 02 02 02 02 02 
ms(1785938886619) --AL->  outstation - 02 02 02 02 02 02 02 02 02 02 02 02 02 02 02 02 02 02 
ms(1785938886619) --AL->  outstation - 02 02 02 02 02 02 02 02 02 02 02 02 02 02 02 02 02 02 
ms(1785938886619) --AL->  outstation - 02 02 02 02 02 02 02 02 02 02 02 02 02 02 02 02 02 02 
ms(1785938886619) --AL->  outstation - 02 02 02 02 02 02 02 02 02 02 02 02 02 02 02 02 02 02 
ms(1785938886619) --AL->  outstation - 02 02 02 02 02 02 02 02 02 02 02 02 02 02 02 02 02 02 
ms(1785938886619) --AL->  outstation - 02 02 02 02 02 02 02 02 02 02 02 02 02 02 02 02 02 02 
ms(1785938886619) --AL->  outstation - 02 02 02 02 02 02 02 02 02 02 02 02 02 02 02 02 02 02 
ms(1785938886619) --AL->  outstation - 02 02 02 02 02 02 02 02 02 02 02 02 02 02 02 02 02 02 
ms(1785938886619) --AL->  outstation - 02 02 02 02 02 02 02 02 02 02 02 02 02 02 02 02 02 02 
ms(1785938886619) --AL->  outstation - 02 02 02 02 02 02 02 02 02 02 02 02 02 02 02 02 02 02 
ms(1785938886619) --AL->  outstation - 02 02 02 02 02 02 02 02 02 02 02 02 02 02 02 02 02 02 
ms(1785938886619) --AL->  outstation - 02 02 02 02 02 02 02 02 02 02 14 01 01 00 00 2B 01 01 
ms(1785938886619) --AL->  outstation - 00 00 00 00 01 01 00 00 00 01 02 00 00 00 01 03 00 00 
ms(1785938886619) --AL->  outstation - 00 01 04 00 00 00 01 05 00 00 00 01 06 00 00 00 01 07 
ms(1785938886620) --AL->  outstation - 00 00 00 01 08 00 00 00 01 09 00 00 00 01 0A 00 00 00 
ms(1785938886620) --AL->  outstation - 01 0B 00 00 00 01 0C 00 00 00 01 0D 00 00 00 01 0E 00 
ms(1785938886620) --AL->  outstation - 00 00 01 0F 00 00 00 01 10 00 00 00 01 11 00 00 00 01 
ms(1785938886620) --AL->  outstation - 12 00 00 00 01 13 00 00 00 01 14 00 00 00 01 15 00 00 
ms(1785938886620) --AL->  outstation - 00 01 16 00 00 00 01 17 00 00 00 01 18 00 00 00 01 19 
ms(1785938886620) --AL->  outstation - 00 00 00 01 1A 00 00 00 01 1B 00 00 00 01 1C 00 00 00 
ms(1785938886620) --AL->  outstation - 01 1D 00 00 00 01 1E 00 00 00 01 1F 00 00 00 01 20 00 
ms(1785938886620) --AL->  outstation - 00 00 01 21 00 00 00 01 22 00 00 00 01 23 00 00 00 01 
ms(1785938886620) --AL->  outstation - 24 00 00 00 01 25 00 00 00 01 26 00 00 00 01 27 00 00 
ms(1785938886620) --AL->  outstation - 00 01 28 00 00 00 01 29 00 00 00 01 2A 00 00 00 01 2B 
ms(1785938886620) --AL->  outstation - 00 00 00 01 2C 00 00 00 01 2D 00 00 00 01 2E 00 00 00 
ms(1785938886620) --AL->  outstation - 01 2F 00 00 00 01 30 00 00 00 01 31 00 00 00 02 00 00 
ms(1785938886620) --AL->  outstation - 00 00 02 00 00 00 00 02 00 00 00 00 02 00 00 00 00 02 
ms(1785938886620) --AL->  outstation - 00 00 00 00 02 00 00 00 00 02 00 00 00 00 02 00 00 00 
ms(1785938886620) --AL->  outstation - 00 02 00 00 00 00 02 00 00 00 00 02 00 00 00 00 02 00 
ms(1785938886620) --AL->  outstation - 00 00 00 02 00 00 00 00 02 00 00 00 00 02 00 00 00 00 
ms(1785938886620) --AL->  outstation - 02 00 00 00 00 02 00 00 00 00 02 00 00 00 00 02 00 00 
ms(1785938886620) --AL->  outstation - 00 00 02 00 00 00 00 02 00 00 00 00 02 00 00 00 00 02 
ms(1785938886620) --AL->  outstation - 00 00 00 00 02 00 00 00 00 02 00 00 00 00 02 00 00 00 
ms(1785938886620) --AL->  outstation - 00 02 00 00 00 00 02 00 00 00 00 02 00 00 00 00 02 00 
ms(1785938886620) --AL->  outstation - 00 00 00 02 00 00 00 00 02 00 00 00 00 02 00 00 00 00 
ms(1785938886620) --AL->  outstation - 02 00 00 00 00 02 00 00 00 00 02 00 00 00 00 02 00 00 
ms(1785938886620) --AL->  outstation - 00 00 02 00 00 00 00 02 00 00 00 00 02 00 00 00 00 02 
ms(1785938886620) --AL->  outstation - 00 00 00 00 02 00 00 00 00 02 00 00 00 00 02 00 00 00 
ms(1785938886620) --AL->  outstation - 00 02 00 00 00 00 02 00 00 00 00 02 00 00 00 00 02 00 
ms(1785938886620) --AL->  outstation - 00 00 00 02 00 00 00 00 02 00 00 00 00 02 00 00 00 00 
ms(1785938886620) --AL->  outstation - 02 00 00 00 00 02 00 00 00 00 02 00 00 00 00 02 00 00 
ms(1785938886620) --AL->  outstation - 00 00 02 00 00 00 00 02 00 00 00 00 02 00 00 00 00 02 
ms(1785938886620) --AL->  outstation - 00 00 00 00 02 00 00 00 00 02 00 00 00 00 02 00 00 00 
ms(1785938886620) --AL->  outstation - 00 02 00 00 00 00 02 00 00 00 00 02 00 00 00 00 02 00 
ms(1785938886620) --AL->  outstation - 00 00 00 02 00 00 00 00 02 00 00 00 00 02 00 00 00 00 
ms(1785938886620) --AL->  outstation - 02 00 00 00 00 02 00 00 00 00 02 00 00 00 00 02 00 00 
ms(1785938886620) --AL->  outstation - 00 00 02 00 00 00 00 02 00 00 00 00 02 00 00 00 00 02 
ms(1785938886620) --AL->  outstation - 00 00 00 00 02 00 00 00 00 02 00 00 00 00 02 00 00 00 
ms(1785938886620) --AL->  outstation - 00 02 00 00 00 00 02 00 00 00 00 02 00 00 00 00 02 00 
ms(1785938886620) --AL->  outstation - 00 00 00 02 00 00 00 00 02 00 00 00 00 02 00 00 00 00 
ms(1785938886620) --AL->  outstation - 02 00 00 00 00 02 00 00 00 00 02 00 00 00 00 02 00 00 
ms(1785938886620) --AL->  outstation - 00 00 02 00 00 00 00 02 00 00 00 00 02 00 00 00 00 02 
ms(1785938886620) --AL->  outstation - 00 00 00 00 02 00 00 00 00 02 00 00 00 00 02 00 00 00 
ms(1785938886620) --AL->  outstation - 00 02 00 00 00 00 02 00 00 00 00 02 00 00 00 00 02 00 
ms(1785938886620) --AL->  outstation - 00 00 00 02 00 00 00 00 02 00 00 00 00 02 00 00 00 00 
ms(1785938886620) --AL->  outstation - 02 00 00 00 00 02 00 00 00 00 02 00 00 00 00 02 00 00 
ms(1785938886620) --AL->  outstation - 00 00 02 00 00 00 00 02 00 00 00 00 02 00 00 00 00 02 
ms(1785938886620) --AL->  outstation - 00 00 00 00 02 00 00 00 00 02 00 00 00 00 02 00 00 00 
ms(1785938886620) --AL->  outstation - 00 02 00 00 00 00 02 00 00 00 00 02 00 00 00 00 02 00 
ms(1785938886620) --AL->  outstation - 00 00 00 02 00 00 00 00 02 00 00 00 00 02 00 00 00 00 
ms(1785938886620) --AL->  outstation - 02 00 00 00 00 02 00 00 00 00 02 00 00 00 00 02 00 00 
ms(1785938886620) --AL->  outstation - 00 00 02 00 00 00 00 02 00 00 00 00 02 00 00 00 00 02 
ms(1785938886620) --AL->  outstation - 00 00 00 00 02 00 00 00 00 02 00 00 00 00 02 00 00 00 
ms(1785938886620) --AL->  outstation - 00 02 00 00 00 00 02 00 00 00 00 02 00 00 00 00 02 00 
ms(1785938886620) --AL->  outstation - 00 00 00 02 00 00 00 00 02 00 00 00 00 02 00 00 00 00 
ms(1785938886620) --AL->  outstation - 02 00 00 00 00 02 00 00 00 00 02 00 00 00 00 02 00 00 
ms(1785938886620) --AL->  outstation - 00 00 02 00 00 00 00 02 00 00 00 00 02 00 00 00 00 02 
ms(1785938886620) --AL->  outstation - 00 00 00 00 02 00 00 00 00 02 00 00 00 00 02 00 00 00 
ms(1785938886620) --AL->  outstation - 00 02 00 00 00 00 02 00 00 00 00 02 00 00 00 00 02 00 
ms(1785938886620) --AL->  outstation - 00 00 00 02 00 00 00 00 02 00 00 00 00 02 00 00 00 00 
ms(1785938886620) --AL->  outstation - 02 00 00 00 00 02 00 00 00 00 02 00 00 00 00 02 00 00 
ms(1785938886620) --AL->  outstation - 00 00 02 00 00 00 00 02 00 00 00 00 02 00 00 00 00 02 
ms(1785938886620) --AL->  outstation - 00 00 00 00 02 00 00 00 00 02 00 00 00 00 02 00 00 00 
ms(1785938886620) --AL->  outstation - 00 02 00 00 00 00 02 00 00 00 00 02 00 00 00 00 02 00 
ms(1785938886620) --AL->  outstation - 00 00 00 02 00 00 00 00 02 00 00 00 00 02 00 00 00 00 
ms(1785938886620) --AL->  outstation - 02 00 00 00 00 02 00 00 00 00 02 00 00 00 00 02 00 00 
ms(1785938886620) --AL->  outstation - 00 00 02 00 00 00 00 02 00 00 00 00 02 00 00 00 00 02 
ms(1785938886620) --AL->  outstation - 00 00 00 00 02 00 00 00 00 02 00 00 00 00 02 00 00 00 
ms(1785938886620) --AL->  outstation - 00 02 00 00 00 00 02 00 00 00 00 02 00 00 00 00 02 00 
ms(1785938886620) --AL->  outstation - 00 00 00 02 00 00 00 00 02 00 00 00 00 02 00 00 00 00 
ms(1785938886620) --AL->  outstation - 02 00 00 00 00 02 00 00 00 00 02 00 00 00 00 02 00 00 
ms(1785938886620) --AL->  outstation - 00 00 02 00 00 00 00 02 00 00 00 00 02 00 00 00 00 02 
ms(1785938886620) --AL->  outstation - 00 00 00 00 02 00 00 00 00 02 00 00 00 00 02 00 00 00 
ms(1785938886620) --AL->  outstation - 00 02 00 00 00 00 02 00 00 00 00 02 00 00 00 00 02 00 
ms(1785938886620) --AL->  outstation - 00 00 00 02 00 00 00 00 02 00 00 00 00 02 00 00 00 00 
ms(1785938886620) --AL->  outstation - 02 00 00 00 00 02 00 00 00 00 02 00 00 00 00 02 00 00 
ms(1785938886620) --AL->  outstation - 00 00 02 00 00 00 00 02 00 00 00 00 02 00 00 00 00 02 
ms(1785938886620) --AL->  outstation - 00 00 00 00 02 00 00 00 00 02 00 00 00 00 02 00 00 00 
ms(1785938886620) --AL->  outstation - 00 02 00 00 00 00 02 00 00 00 00 02 00 00 00 00 02 00 
ms(1785938886620) --AL->  outstation - 00 00 00 02 00 00 00 00 02 00 00 00 00 02 00 00 00 00 
ms(1785938886620) --AL->  outstation - 02 00 00 00 00 02 00 00 00 00 02 00 00 00 00 02 00 00 
ms(1785938886620) --AL->  outstation - 00 00 02 00 00 00 00 02 00 00 00 00 02 00 00 00 00 02 
ms(1785938886620) --AL->  outstation - 00 00 00 00 02 00 00 00 00 02 00 00 00 00 02 00 00 00 
ms(1785938886620) --AL->  outstation - 00 02 00 00 00 00 02 00 00 00 00 02 00 00 00 00 02 00 
ms(1785938886620) --AL->  outstation - 00 00 00 02 00 00 00 00 02 00 00 00 00 02 00 00 00 00 
ms(1785938886620) --AL->  outstation - 02 00 00 00 00 15 01 01 00 00 06 00 02 00 00 00 00 02 
ms(1785938886620) --AL->  outstation - 00 00 00 00 02 00 00 00 00 02 00 00 00 00 02 00 00 00 
ms(1785938886620) --AL->  outstation - 00 02 00 00 00 00 02 00 00 00 00 
ms(1785938886620) --AL->  outstation - FIR: 0 FIN: 0 CON: 1 UNS: 0 SEQ: 9 FUNC: RESPONSE IIN: [0x00, 0x00]
ms(1785938886620) --AL->  outstation - 001,002 Binary Input - With Flags, 16-bit start stop [122, 299]
ms(1785938886620) --AL->  outstation - 003,002 Double-bit Binary Input - With Flags, 16-bit start stop [0, 299]
ms(1785938886620) --AL->  outstation - 020,001 Counter - 32-bit With Flag, 16-bit start stop [0, 299]
ms(1785938886620) --AL->  outstation - 021,001 Frozen Counter - 32-bit With Flag, 16-bit start stop [0, 6]
ms(1785938886620) --TL->  outstation - FIR: 1 FIN: 0 SEQ: 17 LEN: 249
ms(1785938886620) --LL->  outstation - Function: PRI_UNCONFIRMED_USER_DATA Dest: 1 Source: 10 Length: 250
ms(1785938886620) --TL->  outstation - FIR: 0 FIN: 0 SEQ: 18 LEN: 249
ms(1785938886620) --LL->  outstation - Function: PRI_UNCONFIRMED_USER_DATA Dest: 1 Source: 10 Length: 250
ms(1785938886620) --TL->  outstation - FIR: 0 FIN: 0 SEQ: 19 LEN: 249
ms(1785938886620) --LL->  outstation - Function: PRI_UNCONFIRMED_USER_DATA Dest: 1 Source: 10 Length: 250
ms(1785938886620) --TL->  outstation - FIR: 0 FIN: 0 SEQ: 20 LEN: 249
ms(1785938886620) --LL->  outstation - Function: PRI_UNCONFIRMED_USER_DATA Dest: 1 Source: 10 Length: 250
ms(1785938886620) --TL->  outstation - FIR: 0 FIN: 0 SEQ: 21 LEN: 249
ms(1785938886620) --LL->  outstation - Function: PRI_UNCONFIRMED_USER_DATA Dest: 1 Source: 10 Length: 250
ms(1785938886620) --TL->  outstation - FIR: 0 FIN: 0 SEQ: 22 LEN: 249
ms(1785938886620) --LL->  outstation - Function: PRI_UNCONFIRMED_USER_DATA Dest: 1 Source: 10 Length: 250
ms(1785938886620) --TL->  outstation - FIR: 0 FIN: 0 SEQ: 23 LEN: 249
ms(1785938886620) --LL->  outstation - Function: PRI_UNCONFIRMED_USER_DATA Dest: 1 Source: 10 Length: 250
ms(1785938886620) --TL->  outstation - FIR: 0 FIN: 0 SEQ: 24 LEN: 249
ms(1785938886620) --LL->  outstation - Function: PRI_UNCONFIRMED_USER_DATA Dest: 1 Source: 10 Length: 250
ms(1785938886620) --TL->  outstation - FIR: 0 FIN: 1 SEQ: 25 LEN: 53
ms(1785938886620) --LL->  outstation - Function: PRI_UNCONFIRMED_USER_DATA Dest: 1 Source: 10 Length: 54
ms(1785938886665) <-LL--  server - Function: PRI_UNCONFIRMED_USER_DATA Dest: 10 Source: 1 Length: 8
ms(1785938886665) <-TL--  outstation - FIR: 1 FIN: 1 SEQ: 10 LEN: 2
ms(1785938886665) <-AL--  outstation - C9 00 
ms(1785938886665) <-AL--  outstation - FIR: 1 FIN: 1 CON: 0 UNS: 0 SEQ: 9 FUNC: CONFIRM
ms(1785938886665) --AL->  outstation - 2A 81 00 00 15 01 01 07 00 2B 01 02 00 00 00 00 02 00 
ms(1785938886665) --AL->  outstation - 00 00 00 02 00 00 00 00 02 00 00 00 00 02 00 00 00 00 
ms(1785938886665) --AL->  outstation - 02 00 00 00 00 02 00 00 00 00 02 00 00 00 00 02 00 00 
ms(1785938886665) --AL->  outstation - 00 00 02 00 00 00 00 02 00 00 00 00 02 00 00 00 00 02 
ms(1785938886665) --AL->  outstation - 00 00 00 00 02 00 00 00 00 02 00 00 00 00 02 00 00 00 
ms(1785938886665) --AL->  outstation - 00 02 00 00 00 00 02 00 00 00 00 02 00 00 00 00 02 00 
ms(1785938886665) --AL->  outstation - 00 00 00 02 00 00 00 00 02 00 00 00 00 02 00 00 00 00 
ms(1785938886665) --AL->  outstation - 02 00 00 00 00 02 00 00 00 00 02 00 00 00 00 02 00 00 
ms(1785938886665) --AL->  outstation - 00 00 02 00 00 00 00 02 00 00 00 00 02 00 00 00 00 02 
ms(1785938886665) --AL->  outstation - 00 00 00 00 02 00 00 00 00 02 00 00 00 00 02 00 00 00 
ms(1785938886665) --AL->  outstation - 00 02 00 00 00 00 02 00 00 00 00 02 00 00 00 00 02 00 
ms(1785938886665) --AL->  outstation - 00 00 00 02 00 00 00 00 02 00 00 00 00 02 00 00 00 00 
ms(1785938886665) --AL->  outstation - 02 00 00 00 00 02 00 00 00 00 02 00 00 00 00 02 00 00 
ms(1785938886665) --AL->  outstation - 00 00 02 00 00 00 00 02 00 00 00 00 02 00 00 00 00 02 
ms(1785938886665) --AL->  outstation - 00 00 00 00 02 00 00 00 00 02 00 00 00 00 02 00 00 00 
ms(1785938886665) --AL->  outstation - 00 02 00 00 00 00 02 00 00 00 00 02 00 00 00 00 02 00 
ms(1785938886665) --AL->  outstation - 00 00 00 02 00 00 00 00 02 00 00 00 00 02 00 00 00 00 
ms(1785938886665) --AL->  outstation - 02 00 00 00 00 02 00 00 00 00 02 00 00 00 00 02 00 00 
ms(1785938886665) --AL->  outstation - 00 00 02 00 00 00 00 02 00 00 00 00 02 00 00 00 00 02 
ms(1785938886665) --AL->  outstation - 00 00 00 00 02 00 00 00 00 02 00 00 00 00 02 00 00 00 
ms(1785938886665) --AL->  outstation - 00 02 00 00 00 00 02 00 00 00 00 02 00 00 00 00 02 00 
ms(1785938886665) --AL->  outstation - 00 00 00 02 00 00 00 00 02 00 00 00 00 02 00 00 00 00 
ms(1785938886665) --AL->  outstation - 02 00 00 00 00 02 00 00 00 00 02 00 00 00 00 02 00 00 
ms(1785938886665) --AL->  outstation - 00 00 02 00 00 00 00 02 00 00 00 00 02 00 00 00 00 02 
ms(1785938886665) --AL->  outstation - 00 00 00 00 02 00 00 00 00 02 00 00 00 00 02 00 00 00 
ms(1785938886665) --AL->  outstation - 00 02 00 00 00 00 02 00 00 00 00 02 00 00 00 00 02 00 
ms(1785938886665) --AL->  outstation - 00 00 00 02 00 00 00 00 02 00 00 00 00 02 00 00 00 00 
ms(1785938886665) --AL->  outstation - 02 00 00 00 00 02 00 00 00 00 02 00 00 00 00 02 00 00 
ms(1785938886665) --AL->  outstation - 00 00 02 00 00 00 00 02 00 00 00 00 02 00 00 00 00 02 
ms(1785938886665) --AL->  outstation - 00 00 00 00 02 00 00 00 00 02 00 00 00 00 02 00 00 00 
ms(1785938886665) --AL->  outstation - 00 02 00 00 00 00 02 00 00 00 00 02 00 00 00 00 02 00 
ms(1785938886665) --AL->  outstation - 00 00 00 02 00 00 00 00 02 00 00 00 00 02 00 00 00 00 
ms(1785938886665) --AL->  outstation - 02 00 00 00 00 02 00 00 00 00 02 00 00 00 00 02 00 00 
ms(1785938886665) --AL->  outstation - 00 00 02 00 00 00 00 02 00 00 00 00 02 00 00 00 00 02 
ms(1785938886665) --AL->  outstation - 00 00 00 00 02 00 00 00 00 02 00 00 00 00 02 00 00 00 
ms(1785938886665) --AL->  outstation - 00 02 00 00 00 00 02 00 00 00 00 02 00 00 00 00 02 00 
ms(1785938886665) --AL->  outstation - 00 00 00 02 00 00 00 00 02 00 00 00 00 02 00 00 00 00 
ms(1785938886665) --AL->  outstation - 02 00 00 00 00 02 00 00 00 00 02 00 00 00 00 02 00 00 
ms(1785938886665) --AL->  outstation - 00 00 02 00 00 00 00 02 00 00 00 00 02 00 00 00 00 02 
ms(1785938886665) --AL->  outstation - 00 00 00 00 02 00 00 00 00 02 00 00 00 00 02 00 00 00 
ms(1785938886665) --AL->  outstation - 00 02 00 00 00 00 02 00 00 00 00 02 00 00 00 00 02 00 
ms(1785938886665) --AL->  outstation - 00 00 00 02 00 00 00 00 02 00 00 00 00 02 00 00 00 00 
ms(1785938886665) --AL->  outstation - 02 00 00 00 00 02 00 00 00 00 02 00 00 00 00 02 00 00 
ms(1785938886665) --AL->  outstation - 00 00 02 00 00 00 00 02 00 00 00 00 02 00 00 00 00 02 
ms(1785938886665) --AL->  outstation - 00 00 00 00 02 00 00 00 00 02 00 00 00 00 02 00 00 00 
ms(1785938886665) --AL->  outstation - 00 02 00 00 00 00 02 00 00 00 00 02 00 00 00 00 02 00 
ms(1785938886665) --AL->  outstation - 00 00 00 02 00 00 00 00 02 00 00 00 00 02 00 00 00 00 
ms(1785938886665) --AL->  outstation - 02 00 00 00 00 02 00 00 00 00 02 00 00 00 00 02 00 00 
ms(1785938886665) --AL->  outstation - 00 00 02 00 00 00 00 02 00 00 00 00 02 00 00 00 00 02 
ms(1785938886665) --AL->  outstation - 00 00 00 00 02 00 00 00 00 02 00 00 00 00 02 00 00 00 
ms(1785938886665) --AL->  outstation - 00 02 00 00 00 00 02 00 00 00 00 02 00 00 00 00 02 00 
ms(1785938886665) --AL->  outstation - 00 00 00 02 00 00 00 00 02 00 00 00 00 02 00 00 00 00 
ms(1785938886665) --AL->  outstation - 02 00 00 00 00 02 00 00 00 00 02 00 00 00 00 02 00 00 
ms(1785938886665) --AL->  outstation - 00 00 02 00 00 00 00 02 00 00 00 00 02 00 00 00 00 02 
ms(1785938886665) --AL->  outstation - 00 00 00 00 02 00 00 00 00 02 00 00 00 00 02 00 00 00 
ms(1785938886665) --AL->  outstation - 00 02 00 00 00 00 02 00 00 00 00 02 00 00 00 00 02 00 
ms(1785938886665) --AL->  outstation - 00 00 00 02 00 00 00 00 02 00 00 00 00 02 00 00 00 00 
ms(1785938886665) --AL->  outstation - 02 00 00 00 00 02 00 00 00 00 02 00 00 00 00 02 00 00 
ms(1785938886665) --AL->  outstation - 00 00 02 00 00 00 00 02 00 00 00 00 02 00 00 00 00 02 
ms(1785938886665) --AL->  outstation - 00 00 00 00 02 00 00 00 00 02 00 00 00 00 02 00 00 00 
ms(1785938886665) --AL->  outstation - 00 02 00 00 00 00 02 00 00 00 00 02 00 00 00 00 02 00 
ms(1785938886665) --AL->  outstation - 00 00 00 02 00 00 00 00 02 00 00 00 00 02 00 00 00 00 
ms(1785938886665) --AL->  outstation - 02 00 00 00 00 02 00 00 00 00 02 00 00 00 00 02 00 00 
ms(1785938886665) --AL->  outstation - 00 00 02 00 00 00 00 02 00 00 00 00 02 00 00 00 00 02 
ms(1785938886665) --AL->  outstation - 00 00 00 00 02 00 00 00 00 02 00 00 00 00 02 00 00 00 
ms(1785938886665) --AL->  outstation - 00 02 00 00 00 00 02 00 00 00 00 02 00 00 00 00 02 00 
ms(1785938886665) --AL->  outstation - 00 00 00 02 00 00 00 00 02 00 00 00 00 02 00 00 00 00 
ms(1785938886665) --AL->  outstation - 02 00 00 00 00 02 00 00 00 00 02 00 00 00 00 02 00 00 
ms(1785938886665) --AL->  outstation - 00 00 02 00 00 00 00 02 00 00 00 00 02 00 00 00 00 02 
ms(1785938886665) --AL->  outstation - 00 00 00 00 02 00 00 00 00 02 00 00 00 00 02 00 00 00 
ms(1785938886665) --AL->  outstation - 00 02 00 00 00 00 02 00 00 00 00 02 00 00 00 00 02 00 
ms(1785938886665) --AL->  outstation - 00 00 00 02 00 00 00 00 02 00 00 00 00 02 00 00 00 00 
ms(1785938886665) --AL->  outstation - 02 00 00 00 00 02 00 00 00 00 02 00 00 00 00 02 00 00 
ms(1785938886665) --AL->  outstation - 00 00 02 00 00 00 00 02 00 00 00 00 02 00 00 00 00 02 
ms(1785938886665) --AL->  outstation - 00 00 00 00 02 00 00 00 00 02 00 00 00 00 02 00 00 00 
ms(1785938886665) --AL->  outstation - 00 02 00 00 00 00 02 00 00 00 00 02 00 00 00 00 02 00 
ms(1785938886665) --AL->  outstation - 00 00 00 02 00 00 00 00 02 00 00 00 00 02 00 00 00 00 
ms(1785938886665) --AL->  outstation - 02 00 00 00 00 02 00 00 00 00 02 00 00 00 00 02 00 00 
ms(1785938886665) --AL->  outstation - 00 00 02 00 00 00 00 02 00 00 00 00 02 00 00 00 00 02 
ms(1785938886665) --AL->  outstation - 00 00 00 00 02 00 00 00 00 02 00 00 00 00 02 00 00 00 
ms(1785938886665) --AL->  outstation - 00 02 00 00 00 00 02 00 00 00 00 02 00 00 00 00 02 00 
ms(1785938886665) --AL->  outstation - 00 00 00 02 00 00 00 00 02 00 00 00 00 02 00 00 00 00 
ms(1785938886665) --AL->  outstation - 1E 01 01 00 00 70 00 01 64 00 00 00 01 65 00 00 00 01 
ms(1785938886665) --AL->  outstation - 66 00 00 00 01 67 00 00 00 01 68 00 00 00 01 69 00 00 
ms(1785938886665) --AL->  outstation - 00 01 6A 00 00 00 01 6B 00 00 00 01 6C 00 00 00 01 6D 
ms(1785938886665) --AL->  outstation - 00 00 00 01 6E 00 00 00 01 6F 00 00 00 01 70 00 00 00 
ms(1785938886665) --AL->  outstation - 01 71 00 00 00 01 72 00 00 00 01 73 00 00 00 01 74 00 
ms(1785938886665) --AL->  outstation - 00 00 01 75 00 00 00 01 76 00 00 00 01 77 00 00 00 01 
ms(1785938886665) --AL->  outstation - 78 00 00 00 01 79 00 00 00 01 7A 00 00 00 01 7B 00 00 
ms(1785938886665) --AL->  outstation - 00 01 7C 00 00 00 01 7D 00 00 00 01 7E 00 00 00 01 7F 
ms(1785938886665) --AL->  outstation - 00 00 00 01 80 00 00 00 01 81 00 00 00 01 82 00 00 00 
ms(1785938886665) --AL->  outstation - 01 83 00 00 00 01 84 00 00 00 01 85 00 00 00 01 86 00 
ms(1785938886665) --AL->  outstation - 00 00 01 87 00 00 00 01 88 00 00 00 01 89 00 00 00 01 
ms(1785938886665) --AL->  outstation - 8A 00 00 00 01 8B 00 00 00 01 8C 00 00 00 01 8D 00 00 
ms(1785938886665) --AL->  outstation - 00 01 8E 00 00 00 01 8F 00 00 00 01 90 00 00 00 01 91 
ms(1785938886665) --AL->  outstation - 00 00 00 01 92 00 00 00 01 93 00 00 00 01 94 00 00 00 
ms(1785938886665) --AL->  outstation - 01 95 00 00 00 01 96 00 00 00 01 97 00 00 00 01 98 00 
ms(1785938886665) --AL->  outstation - 00 00 01 99 00 00 00 01 9A 00 00 00 01 9B 00 00 00 01 
ms(1785938886665) --AL->  outstation - 9C 00 00 00 01 9D 00 00 00 01 9E 00 00 00 01 9F 00 00 
ms(1785938886665) --AL->  outstation - 00 01 A0 00 00 00 01 A1 00 00 00 01 A2 00 00 00 01 A3 
ms(1785938886665) --AL->  outstation - 00 00 00 01 A4 00 00 00 01 A5 00 00 00 01 A6 00 00 00 
ms(1785938886665) --AL->  outstation - 01 A7 00 00 00 01 A8 00 00 00 01 A9 00 00 00 01 AA 00 
ms(1785938886665) --AL->  outstation - 00 00 01 AB 00 00 00 01 AC 00 00 00 01 AD 00 00 00 01 
ms(1785938886665) --AL->  outstation - AE 00 00 00 01 AF 00 00 00 01 B0 00 00 00 01 B1 00 00 
ms(1785938886665) --AL->  outstation - 00 01 B2 00 00 00 01 B3 00 00 00 01 B4 00 00 00 01 B5 
ms(1785938886665) --AL->  outstation - 00 00 00 01 B6 00 00 00 01 B7 00 00 00 01 B8 00 00 00 
ms(1785938886665) --AL->  outstation - 01 B9 00 00 00 01 BA 00 00 00 01 BB 00 00 00 01 BC 00 
ms(1785938886665) --AL->  outstation - 00 00 01 BD 00 00 00 01 BE 00 00 00 01 BF 00 00 00 01 
ms(1785938886665) --AL->  outstation - C0 00 00 00 01 C1 00 00 00 01 C2 00 00 00 01 C3 00 00 
ms(1785938886665) --AL->  outstation - 00 01 C4 00 00 00 01 C5 00 00 00 01 C6 00 00 00 01 C7 
ms(1785938886665) --AL->  outstation - 00 00 00 01 C8 00 00 00 01 C9 00 00 00 01 CA 00 00 00 
ms(1785938886665) --AL->  outstation - 01 CB 00 00 00 01 CC 00 00 00 01 CD 00 00 00 01 CE 00 
ms(1785938886665) --AL->  outstation - 00 00 01 CF 00 00 00 01 D0 00 00 00 01 D1 00 00 00 01 
ms(1785938886665) --AL->  outstation - D2 00 00 00 01 D3 00 00 00 01 D4 00 00 00 
ms(1785938886665) --AL->  outstation - FIR: 0 FIN: 0 CON: 1 UNS: 0 SEQ: 10 FUNC: RESPONSE IIN: [0x00, 0x00]
ms(1785938886665) --AL->  outstation - 021,001 Frozen Counter - 32-bit With Flag, 16-bit start stop [7, 299]
ms(1785938886665) --AL->  outstation - 030,001 Analog Input - 32-bit With Flag, 16-bit start stop [0, 112]
ms(1785938886665) --TL->  outstation - FIR: 1 FIN: 0 SEQ: 26 LEN: 249
ms(1785938886665) --LL->  outstation - Function: PRI_UNCONFIRMED_USER_DATA Dest: 1 Source: 10 Length: 250
ms(1785938886665) --TL->  outstation - FIR: 0 FIN: 0 SEQ: 27 LEN: 249
ms(1785938886665) --LL->  outstation - Function: PRI_UNCONFIRMED_USER_DATA Dest: 1 Source: 10 Length: 250
ms(1785938886665) --TL->  outstation - FIR: 0 FIN: 0 SEQ: 28 LEN: 249
ms(1785938886665) --LL->  outstation - Function: PRI_UNCONFIRMED_USER_DATA Dest: 1 Source: 10 Length: 250
ms(1785938886665) --TL->  outstation - FIR: 0 FIN: 0 SEQ: 29 LEN: 249
ms(1785938886665) --LL->  outstation - Function: PRI_UNCONFIRMED_USER_DATA Dest: 1 Source: 10 Length: 250
ms(1785938886665) --TL->  outstation - FIR: 0 FIN: 0 SEQ: 30 LEN: 249
ms(1785938886665) --LL->  outstation - Function: PRI_UNCONFIRMED_USER_DATA Dest: 1 Source: 10 Length: 250
ms(1785938886665) --TL->  outstation - FIR: 0 FIN: 0 SEQ: 31 LEN: 249
ms(1785938886665) --LL->  outstation - Function: PRI_UNCONFIRMED_USER_DATA Dest: 1 Source: 10 Length: 250
ms(1785938886665) --TL->  outstation - FIR: 0 FIN: 0 SEQ: 32 LEN: 249
ms(1785938886665) --LL->  outstation - Function: PRI_UNCONFIRMED_USER_DATA Dest: 1 Source: 10 Length: 250
ms(1785938886665) --TL->  outstation - FIR: 0 FIN: 0 SEQ: 33 LEN: 249
ms(1785938886665) --LL->  outstation - Function: PRI_UNCONFIRMED_USER_DATA Dest: 1 Source: 10 Length: 250
ms(1785938886665) --TL->  outstation - FIR: 0 FIN: 1 SEQ: 34 LEN: 56
ms(1785938886665) --LL->  outstation - Function: PRI_UNCONFIRMED_USER_DATA Dest: 1 Source: 10 Length: 57
ms(1785938886711) <-LL--  server - Function: PRI_UNCONFIRMED_USER_DATA Dest: 10 Source: 1 Length: 8
ms(1785938886711) <-TL--  outstation - FIR: 1 FIN: 1 SEQ: 11 LEN: 2
ms(1785938886711) <-AL--  outstation - CA 00 
ms(1785938886711) <-AL--  outstation - FIR: 1 FIN: 1 CON: 0 UNS: 0 SEQ: 10 FUNC: CONFIRM
ms(1785938886711) --AL->  outstation - 2B 81 00 00 1E 01 01 71 00 2B 01 01 D5 00 00 00 01 D6 
ms(1785938886711) --AL->  outstation - 00 00 00 01 D7 00 00 00 01 D8 00 00 00 01 D9 00 00 00 
ms(1785938886711) --AL->  outstation - 01 DA 00 00 00 01 DB 00 00 00 01 DC 00 00 00 01 DD 00 
ms(1785938886711) --AL->  outstation - 00 00 01 DE 00 00 00 01 DF 00 00 00 01 E0 00 00 00 01 
ms(1785938886711) --AL->  outstation - E1 00 00 00 01 E2 00 00 00 01 E3 00 00 00 01 E4 00 00 
ms(1785938886711) --AL->  outstation - 00 01 E5 00 00 00 01 E6 00 00 00 01 E7 00 00 00 01 E8 
ms(1785938886711) --AL->  outstation - 00 00 00 01 E9 00 00 00 01 EA 00 00 00 01 EB 00 00 00 
ms(1785938886711) --AL->  outstation - 01 EC 00 00 00 01 ED 00 00 00 01 EE 00 00 00 01 EF 00 
ms(1785938886711) --AL->  outstation - 00 00 01 F0 00 00 00 01 F1 00 00 00 01 F2 00 00 00 01 
ms(1785938886711) --AL->  outstation - F3 00 00 00 01 F4 00 00 00 01 F5 00 00 00 01 F6 00 00 
ms(1785938886711) --AL->  outstation - 00 01 F7 00 00 00 01 F8 00 00 00 01 F9 00 00 00 01 FA 
ms(1785938886711) --AL->  outstation - 00 00 00 01 FB 00 00 00 01 FC 00 00 00 01 FD 00 00 00 
ms(1785938886711) --AL->  outstation - 01 FE 00 00 00 01 FF 00 00 00 01 00 01 00 00 01 01 01 
ms(1785938886711) --AL->  outstation - 00 00 01 02 01 00 00 01 03 01 00 00 01 04 01 00 00 01 
ms(1785938886711) --AL->  outstation - 05 01 00 00 01 06 01 00 00 01 07 01 00 00 01 08 01 00 
ms(1785938886711) --AL->  outstation - 00 01 09 01 00 00 01 0A 01 00 00 01 0B 01 00 00 01 0C 
ms(1785938886711) --AL->  outstation - 01 00 00 01 0D 01 00 00 01 0E 01 00 00 01 0F 01 00 00 
ms(1785938886711) --AL->  outstation - 01 10 01 00 00 01 11 01 00 00 01 12 01 00 00 01 13 01 
ms(1785938886711) --AL->  outstation - 00 00 01 14 01 00 00 01 15 01 00 00 01 16 01 00 00 01 
ms(1785938886711) --AL->  outstation - 17 01 00 00 01 18 01 00 00 01 19 01 00 00 01 1A 01 00 
ms(1785938886711) --AL->  outstation - 00 01 1B 01 00 00 01 1C 01 00 00 01 1D 01 00 00 01 1E 
ms(1785938886711) --AL->  outstation - 01 00 00 01 1F 01 00 00 01 20 01 00 00 01 21 01 00 00 
ms(1785938886711) --AL->  outstation - 01 22 01 00 00 01 23 01 00 00 01 24 01 00 00 01 25 01 
ms(1785938886711) --AL->  outstation - 00 00 01 26 01 00 00 01 27 01 00 00 01 28 01 00 00 01 
ms(1785938886711) --AL->  outstation - 29 01 00 00 01 2A 01 00 00 01 2B 01 00 00 02 00 00 00 
ms(1785938886711) --AL->  outstation - 00 02 00 00 00 00 02 00 00 00 00 02 00 00 00 00 02 00 
ms(1785938886711) --AL->  outstation - 00 00 00 02 00 00 00 00 02 00 00 00 00 02 00 00 00 00 
ms(1785938886711) --AL->  outstation - 02 00 00 00 00 02 00 00 00 00 02 00 00 00 00 02 00 00 
ms(1785938886711) --AL->  outstation - 00 00 02 00 00 00 00 02 00 00 00 00 02 00 00 00 00 02 
ms(1785938886711) --AL->  outstation - 00 00 00 00 02 00 00 00 00 02 00 00 00 00 02 00 00 00 
ms(1785938886711) --AL->  outstation - 00 02 00 00 00 00 02 00 00 00 00 02 00 00 00 00 02 00 
ms(1785938886711) --AL->  outstation - 00 00 00 02 00 00 00 00 02 00 00 00 00 02 00 00 00 00 
ms(1785938886711) --AL->  outstation - 02 00 00 00 00 02 00 00 00 00 02 00 00 00 00 02 00 00 
ms(1785938886711) --AL->  outstation - 00 00 02 00 00 00 00 02 00 00 00 00 02 00 00 00 00 02 
ms(1785938886711) --AL->  outstation - 00 00 00 00 02 00 00 00 00 02 00 00 00 00 02 00 00 00 
ms(1785938886711) --AL->  outstation - 00 02 00 00 00 00 02 00 00 00 00 02 00 00 00 00 02 00 
ms(1785938886711) --AL->  outstation - 00 00 00 02 00 00 00 00 02 00 00 00 00 02 00 00 00 00 
ms(1785938886711) --AL->  outstation - 02 00 00 00 00 02 00 00 00 00 02 00 00 00 00 02 00 00 
ms(1785938886711) --AL->  outstation - 00 00 02 00 00 00 00 02 00 00 00 00 02 00 00 00 00 02 
ms(1785938886711) --AL->  outstation - 00 00 00 00 02 00 00 00 00 02 00 00 00 00 02 00 00 00 
ms(1785938886711) --AL->  outstation - 00 02 00 00 00 00 02 00 00 00 00 02 00 00 00 00 02 00 
ms(1785938886711) --AL->  outstation - 00 00 00 02 00 00 00 00 02 00 00 00 00 02 00 00 00 00 
ms(1785938886711) --AL->  outstation - 02 00 00 00 00 02 00 00 00 00 02 00 00 00 00 02 00 00 
ms(1785938886711) --AL->  outstation - 00 00 02 00 00 00 00 02 00 00 00 00 02 00 00 00 00 02 
ms(1785938886711) --AL->  outstation - 00 00 00 00 02 00 00 00 00 02 00 00 00 00 02 00 00 00 
ms(1785938886711) --AL->  outstation - 00 02 00 00 00 00 02 00 00 00 00 02 00 00 00 00 02 00 
ms(1785938886711) --AL->  outstation - 00 00 00 02 00 00 00 00 02 00 00 00 00 02 00 00 00 00 
ms(1785938886711) --AL->  outstation - 02 00 00 00 00 02 00 00 00 00 02 00 00 00 00 02 00 00 
ms(1785938886711) --AL->  outstation - 00 00 02 00 00 00 00 02 00 00 00 00 02 00 00 00 00 02 
ms(1785938886711) --AL->  outstation - 00 00 00 00 02 00 00 00 00 02 00 00 00 00 02 00 00 00 
ms(1785938886711) --AL->  outstation - 00 02 00 00 00 00 02 00 00 00 00 02 00 00 00 00 02 00 
ms(1785938886711) --AL->  outstation - 00 00 00 02 00 00 00 00 02 00 00 00 00 02 00 00 00 00 
ms(1785938886711) --AL->  outstation - 02 00 00 00 00 02 00 00 00 00 0A 02 01 00 00 2B 01 02 
ms(1785938886711) --AL->  outstation - 02 02 02 02 02 02 02 02 02 02 02 02 02 02 02 02 02 02 
ms(1785938886711) --AL->  outstation - 02 02 02 02 02 02 02 02 02 02 02 02 02 02 02 02 02 02 
ms(1785938886711) --AL->  outstation - 02 02 02 02 02 02 02 02 02 02 02 02 02 02 02 02 02 02 
ms(1785938886711) --AL->  outstation - 02 02 02 02 02 02 02 02 02 02 02 02 02 02 02 02 02 02 
ms(1785938886711) --AL->  outstation - 02 02 02 02 02 02 02 02 02 02 02 02 02 02 02 02 02 02 
ms(1785938886711) --AL->  outstation - 02 02 02 02 02 02 02 02 02 02 02 02 02 02 02 02 02 02 
ms(1785938886711) --AL->  outstation - 02 02 02 02 02 02 02 02 02 02 02 02 02 02 02 02 02 02 
ms(1785938886711) --AL->  outstation - 02 02 02 02 02 02 02 02 02 02 02 02 02 02 02 02 02 02 
ms(1785938886711) --AL->  outstation - 02 02 02 02 02 02 02 02 02 02 02 02 02 02 02 02 02 02 
ms(1785938886711) --AL->  outstation - 02 02 02 02 02 02 02 02 02 02 02 02 02 02 02 02 02 02 
ms(1785938886711) --AL->  outstation - 02 02 02 02 02 02 02 02 02 02 02 02 02 02 02 02 02 02 
ms(1785938886711) --AL->  outstation - 02 02 02 02 02 02 02 02 02 02 02 02 02 02 02 02 02 02 
ms(1785938886711) --AL->  outstation - 02 02 02 02 02 02 02 02 02 02 02 02 02 02 02 02 02 02 
ms(1785938886711) --AL->  outstation - 02 02 02 02 02 02 02 02 02 02 02 02 02 02 02 02 02 02 
ms(1785938886711) --AL->  outstation - 02 02 02 02 02 02 02 02 02 02 02 02 02 02 02 02 02 02 
ms(1785938886711) --AL->  outstation - 02 02 02 02 02 02 02 02 02 02 02 02 02 02 02 02 02 02 
ms(1785938886711) --AL->  outstation - 02 02 02 02 02 02 02 02 02 02 02 28 01 01 00 00 9C 00 
ms(1785938886711) --AL->  outstation - 02 00 00 00 00 02 00 00 00 00 02 00 00 00 00 02 00 00 
ms(1785938886711) --AL->  outstation - 00 00 02 00 00 00 00 02 00 00 00 00 02 00 00 00 00 02 
ms(1785938886711) --AL->  outstation - 00 00 00 00 02 00 00 00 00 02 00 00 00 00 02 00 00 00 
ms(1785938886711) --AL->  outstation - 00 02 00 00 00 00 02 00 00 00 00 02 00 00 00 00 02 00 
ms(1785938886711) --AL->  outstation - 00 00 00 02 00 00 00 00 02 00 00 00 00 02 00 00 00 00 
ms(1785938886711) --AL->  outstation - 02 00 00 00 00 02 00 00 00 00 02 00 00 00 00 02 00 00 
ms(1785938886711) --AL->  outstation - 00 00 02 00 00 00 00 02 00 00 00 00 02 00 00 00 00 02 
ms(1785938886711) --AL->  outstation - 00 00 00 00 02 00 00 00 00 02 00 00 00 00 02 00 00 00 
ms(1785938886711) --AL->  outstation - 00 02 00 00 00 00 02 00 00 00 00 02 00 00 00 00 02 00 
ms(1785938886711) --AL->  outstation - 00 00 00 02 00 00 00 00 02 00 00 00 00 02 00 00 00 00 
ms(1785938886711) --AL->  outstation - 02 00 00 00 00 02 00 00 00 00 02 00 00 00 00 02 00 00 
ms(1785938886711) --AL->  outstation - 00 00 02 00 00 00 00 02 00 00 00 00 02 00 00 00 00 02 
ms(1785938886711) --AL->  outstation - 00 00 00 00 02 00 00 00 00 02 00 00 00 00 02 00 00 00 
ms(1785938886711) --AL->  outstation - 00 02 00 00 00 00 02 00 00 00 00 02 00 00 00 00 02 00 
ms(1785938886711) --AL->  outstation - 00 00 00 02 00 00 00 00 02 00 00 00 00 02 00 00 00 00 
ms(1785938886711) --AL->  outstation - 02 00 00 00 00 02 00 00 00 00 02 00 00 00 00 02 00 00 
ms(1785938886711) --AL->  outstation - 00 00 02 00 00 00 00 02 00 00 00 00 02 00 00 00 00 02 
ms(1785938886711) --AL->  outstation - 00 00 00 00 02 00 00 00 00 02 00 00 00 00 02 00 00 00 
ms(1785938886711) --AL->  outstation - 00 02 00 00 00 00 02 00 00 00 00 02 00 00 00 00 02 00 
ms(1785938886711) --AL->  outstation - 00 00 00 02 00 00 00 00 02 00 00 00 00 02 00 00 00 00 
ms(1785938886712) --AL->  outstation - 02 00 00 00 00 02 00 00 00 00 02 00 00 00 00 02 00 00 
ms(1785938886712) --AL->  outstation - 00 00 02 00 00 00 00 02 00 00 00 00 02 00 00 00 00 02 
ms(1785938886712) --AL->  outstation - 00 00 00 00 02 00 00 00 00 02 00 00 00 00 02 00 00 00 
ms(1785938886712) --AL->  outstation - 00 02 00 00 00 00 02 00 00 00 00 02 00 00 00 00 02 00 
ms(1785938886712) --AL->  outstation - 00 00 00 02 00 00 00 00 02 00 00 00 00 02 00 00 00 00 
ms(1785938886712) --AL->  outstation - 02 00 00 00 00 02 00 00 00 00 02 00 00 00 00 02 00 00 
ms(1785938886712) --AL->  outstation - 00 00 02 00 00 00 00 02 00 00 00 00 02 00 00 00 00 02 
ms(1785938886712) --AL->  outstation - 00 00 00 00 02 00 00 00 00 02 00 00 00 00 02 00 00 00 
ms(1785938886712) --AL->  outstation - 00 02 00 00 00 00 02 00 00 00 00 02 00 00 00 00 02 00 
ms(1785938886712) --AL->  outstation - 00 00 00 02 00 00 00 00 02 00 00 00 00 02 00 00 00 00 
ms(1785938886712) --AL->  outstation - 02 00 00 00 00 02 00 00 00 00 02 00 00 00 00 02 00 00 
ms(1785938886712) --AL->  outstation - 00 00 02 00 00 00 00 02 00 00 00 00 02 00 00 00 00 02 
ms(1785938886712) --AL->  outstation - 00 00 00 00 02 00 00 00 00 02 00 00 00 00 02 00 00 00 
ms(1785938886712) --AL->  outstation - 00 02 00 00 00 00 02 00 00 00 00 02 00 00 00 00 02 00 
ms(1785938886712) --AL->  outstation - 00 00 00 02 00 00 00 00 02 00 00 00 00 02 00 00 00 00 
ms(1785938886712) --AL->  outstation - 02 00 00 00 00 02 00 00 00 00 02 00 00 00 00 02 00 00 
ms(1785938886712) --AL->  outstation - 00 00 02 00 00 00 00 02 00 00 00 00 02 00 00 00 00 02 
ms(1785938886712) --AL->  outstation - 00 00 00 00 02 00 00 00 00 02 00 00 00 00 02 00 00 00 
ms(1785938886712) --AL->  outstation - 00 02 00 00 00 00 02 00 00 00 00 02 00 00 00 00 02 00 
ms(1785938886712) --AL->  outstation - 00 00 00 02 00 00 00 00 02 00 00 00 00 02 00 00 00 00 
ms(1785938886712) --AL->  outstation - 02 00 00 00 00 02 00 00 00 00 02 00 00 00 00 02 00 00 
ms(1785938886712) --AL->  outstation - 00 00 02 00 00 00 00 02 00 00 00 00 02 00 00 00 00 02 
ms(1785938886712) --AL->  outstation - 00 00 00 00 02 00 00 00 00 02 00 00 00 00 02 00 00 00 
ms(1785938886712) --AL->  outstation - 00 02 00 00 00 00 02 00 00 00 00 
ms(1785938886712) --AL->  outstation - FIR: 0 FIN: 0 CON: 1 UNS: 0 SEQ: 11 FUNC: RESPONSE IIN: [0x00, 0x00]
ms(1785938886712) --AL->  outstation - 030,001 Analog Input - 32-bit With Flag, 16-bit start stop [113, 299]
ms(1785938886712) --AL->  outstation - 010,002 Binary Output - Output Status With Flags, 16-bit start stop [0, 299]
ms(1785938886712) --AL->  outstation - 040,001 Analog Output Status - 32-bit With Flag, 16-bit start stop [0, 156]
ms(1785938886712) --TL->  outstation - FIR: 1 FIN: 0 SEQ: 35 LEN: 249
ms(1785938886712) --LL->  outstation - Function: PRI_UNCONFIRMED_USER_DATA Dest: 1 Source: 10 Length: 250
ms(1785938886712) --TL->  outstation - FIR: 0 FIN: 0 SEQ: 36 LEN: 249
ms(1785938886712) --LL->  outstation - Function: PRI_UNCONFIRMED_USER_DATA Dest: 1 Source: 10 Length: 250
ms(1785938886712) --TL->  outstation - FIR: 0 FIN: 0 SEQ: 37 LEN: 249
ms(1785938886712) --LL->  outstation - Function: PRI_UNCONFIRMED_USER_DATA Dest: 1 Source: 10 Length: 250
ms(1785938886712) --TL->  outstation - FIR: 0 FIN: 0 SEQ: 38 LEN: 249
ms(1785938886712) --LL->  outstation - Function: PRI_UNCONFIRMED_USER_DATA Dest: 1 Source: 10 Length: 250
ms(1785938886712) --TL->  outstation - FIR: 0 FIN: 0 SEQ: 39 LEN: 249
ms(1785938886712) --LL->  outstation - Function: PRI_UNCONFIRMED_USER_DATA Dest: 1 Source: 10 Length: 250
ms(1785938886712) --TL->  outstation - FIR: 0 FIN: 0 SEQ: 40 LEN: 249
ms(1785938886712) --LL->  outstation - Function: PRI_UNCONFIRMED_USER_DATA Dest: 1 Source: 10 Length: 250
ms(1785938886712) --TL->  outstation - FIR: 0 FIN: 0 SEQ: 41 LEN: 249
ms(1785938886712) --LL->  outstation - Function: PRI_UNCONFIRMED_USER_DATA Dest: 1 Source: 10 Length: 250
ms(1785938886712) --TL->  outstation - FIR: 0 FIN: 0 SEQ: 42 LEN: 249
ms(1785938886712) --LL->  outstation - Function: PRI_UNCONFIRMED_USER_DATA Dest: 1 Source: 10 Length: 250
ms(1785938886712) --TL->  outstation - FIR: 0 FIN: 1 SEQ: 43 LEN: 53
ms(1785938886712) --LL->  outstation - Function: PRI_UNCONFIRMED_USER_DATA Dest: 1 Source: 10 Length: 54
ms(1785938886757) <-LL--  server - Function: PRI_UNCONFIRMED_USER_DATA Dest: 10 Source: 1 Length: 8
ms(1785938886757) <-TL--  outstation - FIR: 1 FIN: 1 SEQ: 12 LEN: 2
ms(1785938886757) <-AL--  outstation - CB 00 
ms(1785938886757) <-AL--  outstation - FIR: 1 FIN: 1 CON: 0 UNS: 0 SEQ: 11 FUNC: CONFIRM
ms(1785938886757) --AL->  outstation - 2C 81 00 00 28 01 01 9D 00 2B 01 02 00 00 00 00 02 00 
ms(1785938886757) --AL->  outstation - 00 00 00 02 00 00 00 00 02 00 00 00 00 02 00 00 00 00 
ms(1785938886757) --AL->  outstation - 02 00 00 00 00 02 00 00 00 00 02 00 00 00 00 02 00 00 
ms(1785938886757) --AL->  outstation - 00 00 02 00 00 00 00 02 00 00 00 00 02 00 00 00 00 02 
ms(1785938886757) --AL->  outstation - 00 00 00 00 02 00 00 00 00 02 00 00 00 00 02 00 00 00 
ms(1785938886757) --AL->  outstation - 00 02 00 00 00 00 02 00 00 00 00 02 00 00 00 00 02 00 
ms(1785938886757) --AL->  outstation - 00 00 00 02 00 00 00 00 02 00 00 00 00 02 00 00 00 00 
ms(1785938886757) --AL->  outstation - 02 00 00 00 00 02 00 00 00 00 02 00 00 00 00 02 00 00 
ms(1785938886757) --AL->  outstation - 00 00 02 00 00 00 00 02 00 00 00 00 02 00 00 00 00 02 
ms(1785938886757) --AL->  outstation - 00 00 00 00 02 00 00 00 00 02 00 00 00 00 02 00 00 00 
ms(1785938886757) --AL->  outstation - 00 02 00 00 00 00 02 00 00 00 00 02 00 00 00 00 02 00 
ms(1785938886757) --AL->  outstation - 00 00 00 02 00 00 00 00 02 00 00 00 00 02 00 00 00 00 
ms(1785938886757) --AL->  outstation - 02 00 00 00 00 02 00 00 00 00 02 00 00 00 00 02 00 00 
ms(1785938886757) --AL->  outstation - 00 00 02 00 00 00 00 02 00 00 00 00 02 00 00 00 00 02 
ms(1785938886757) --AL->  outstation - 00 00 00 00 02 00 00 00 00 02 00 00 00 00 02 00 00 00 
ms(1785938886757) --AL->  outstation - 00 02 00 00 00 00 02 00 00 00 00 02 00 00 00 00 02 00 
ms(1785938886757) --AL->  outstation - 00 00 00 02 00 00 00 00 02 00 00 00 00 02 00 00 00 00 
ms(1785938886757) --AL->  outstation - 02 00 00 00 00 02 00 00 00 00 02 00 00 00 00 02 00 00 
ms(1785938886757) --AL->  outstation - 00 00 02 00 00 00 00 02 00 00 00 00 02 00 00 00 00 02 
ms(1785938886757) --AL->  outstation - 00 00 00 00 02 00 00 00 00 02 00 00 00 00 02 00 00 00 
ms(1785938886757) --AL->  outstation - 00 02 00 00 00 00 02 00 00 00 00 02 00 00 00 00 02 00 
ms(1785938886757) --AL->  outstation - 00 00 00 02 00 00 00 00 02 00 00 00 00 02 00 00 00 00 
ms(1785938886757) --AL->  outstation - 02 00 00 00 00 02 00 00 00 00 02 00 00 00 00 02 00 00 
ms(1785938886757) --AL->  outstation - 00 00 02 00 00 00 00 02 00 00 00 00 02 00 00 00 00 02 
ms(1785938886757) --AL->  outstation - 00 00 00 00 02 00 00 00 00 02 00 00 00 00 02 00 00 00 
ms(1785938886757) --AL->  outstation - 00 02 00 00 00 00 02 00 00 00 00 02 00 00 00 00 02 00 
ms(1785938886757) --AL->  outstation - 00 00 00 02 00 00 00 00 02 00 00 00 00 02 00 00 00 00 
ms(1785938886757) --AL->  outstation - 02 00 00 00 00 02 00 00 00 00 02 00 00 00 00 02 00 00 
ms(1785938886757) --AL->  outstation - 00 00 02 00 00 00 00 02 00 00 00 00 02 00 00 00 00 02 
ms(1785938886757) --AL->  outstation - 00 00 00 00 02 00 00 00 00 02 00 00 00 00 02 00 00 00 
ms(1785938886757) --AL->  outstation - 00 02 00 00 00 00 02 00 00 00 00 02 00 00 00 00 02 00 
ms(1785938886757) --AL->  outstation - 00 00 00 02 00 00 00 00 02 00 00 00 00 02 00 00 00 00 
ms(1785938886757) --AL->  outstation - 02 00 00 00 00 02 00 00 00 00 02 00 00 00 00 02 00 00 
ms(1785938886757) --AL->  outstation - 00 00 02 00 00 00 00 02 00 00 00 00 02 00 00 00 00 02 
ms(1785938886757) --AL->  outstation - 00 00 00 00 02 00 00 00 00 02 00 00 00 00 02 00 00 00 
ms(1785938886757) --AL->  outstation - 00 02 00 00 00 00 02 00 00 00 00 02 00 00 00 00 02 00 
ms(1785938886757) --AL->  outstation - 00 00 00 02 00 00 00 00 02 00 00 00 00 02 00 00 00 00 
ms(1785938886757) --AL->  outstation - 02 00 00 00 00 02 00 00 00 00 02 00 00 00 00 02 00 00 
ms(1785938886757) --AL->  outstation - 00 00 02 00 00 00 00 02 00 00 00 00 02 00 00 00 00 02 
ms(1785938886757) --AL->  outstation - 00 00 00 00 02 00 00 00 00 02 00 00 00 00 02 00 00 00 
ms(1785938886757) --AL->  outstation - 00 02 00 00 00 00 32 04 01 00 00 76 00 00 00 00 00 00 
ms(1785938886757) --AL->  outstation - 00 00 00 00 00 00 00 00 00 00 00 00 00 00 00 00 00 00 
ms(1785938886757) --AL->  outstation - 00 00 00 00 00 00 00 00 00 00 00 00 00 00 00 00 00 00 
ms(1785938886757) --AL->  outstation - 00 00 00 00 00 00 00 00 00 00 00 00 00 00 00 00 00 00 
ms(1785938886757) --AL->  outstation - 00 00 00 00 00 00 00 00 00 00 00 00 00 00 00 00 00 00 
ms(1785938886757) --AL->  outstation - 00 00 00 00 00 00 00 00 00 00 00 00 00 00 00 00 00 00 
ms(1785938886757) --AL->  outstation - 00 00 00 00 00 00 00 00 00 00 00 00 00 00 00 00 00 00 
ms(1785938886757) --AL->  outstation - 00 00 00 00 00 00 00 00 00 00 00 00 00 00 00 00 00 00 
ms(1785938886757) --AL->  outstation - 00 00 00 00 00 00 00 00 00 00 00 00 00 00 00 00 00 00 
ms(1785938886757) --AL->  outstation - 00 00 00 00 00 00 00 00 00 00 00 00 00 00 00 00 00 00 
ms(1785938886757) --AL->  outstation - 00 00 00 00 00 00 00 00 00 00 00 00 00 00 00 00 00 00 
ms(1785938886757) --AL->  outstation - 00 00 00 00 00 00 00 00 00 00 00 00 00 00 00 00 00 00 
ms(1785938886757) --AL->  outstation - 00 00 00 00 00 00 00 00 00 00 00 00 00 00 00 00 00 00 
ms(1785938886757) --AL->  outstation - 00 00 00 00 00 00 00 00 00 00 00 00 00 00 00 00 00 00 
ms(1785938886757) --AL->  outstation - 00 00 00 00 00 00 00 00 00 00 00 00 00 00 00 00 00 00 
ms(1785938886757) --AL->  outstation - 00 00 00 00 00 00 00 00 00 00 00 00 00 00 00 00 00 00 
ms(1785938886757) --AL->  outstation - 00 00 00 00 00 00 00 00 00 00 00 00 00 00 00 00 00 00 
ms(1785938886757) --AL->  outstation - 00 00 00 00 00 00 00 00 00 00 00 00 00 00 00 00 00 00 
ms(1785938886757) --AL->  outstation - 00 00 00 00 00 00 00 00 00 00 00 00 00 00 00 00 00 00 
ms(1785938886757) --AL->  outstation - 00 00 00 00 00 00 00 00 00 00 00 00 00 00 00 00 00 00 
ms(1785938886757) --AL->  outstation - 00 00 00 00 00 00 00 00 00 00 00 00 00 00 00 00 00 00 
ms(1785938886757) --AL->  outstation - 00 00 00 00 00 00 00 00 00 00 00 00 00 00 00 00 00 00 
ms(1785938886757) --AL->  outstation - 00 00 00 00 00 00 00 00 00 00 00 00 00 00 00 00 00 00 
ms(1785938886757) --AL->  outstation - 00 00 00 00 00 00 00 00 00 00 00 00 00 00 00 00 00 00 
ms(1785938886757) --AL->  outstation - 00 00 00 00 00 00 00 00 00 00 00 00 00 00 00 00 00 00 
ms(1785938886757) --AL->  outstation - 00 00 00 00 00 00 00 00 00 00 00 00 00 00 00 00 00 00 
ms(1785938886757) --AL->  outstation - 00 00 00 00 00 00 00 00 00 00 00 00 00 00 00 00 00 00 
ms(1785938886757) --AL->  outstation - 00 00 00 00 00 00 00 00 00 00 00 00 00 00 00 00 00 00 
ms(1785938886757) --AL->  outstation - 00 00 00 00 00 00 00 00 00 00 00 00 00 00 00 00 00 00 
ms(1785938886757) --AL->  outstation - 00 00 00 00 00 00 00 00 00 00 00 00 00 00 00 00 00 00 
ms(1785938886757) --AL->  outstation - 00 00 00 00 00 00 00 00 00 00 00 00 00 00 00 00 00 00 
ms(1785938886757) --AL->  outstation - 00 00 00 00 00 00 00 00 00 00 00 00 00 00 00 00 00 00 
ms(1785938886757) --AL->  outstation - 00 00 00 00 00 00 00 00 00 00 00 00 00 00 00 00 00 00 
ms(1785938886757) --AL->  outstation - 00 00 00 00 00 00 00 00 00 00 00 00 00 00 00 00 00 00 
ms(1785938886758) --AL->  outstation - 00 00 00 00 00 00 00 00 00 00 00 00 00 00 00 00 00 00 
ms(1785938886758) --AL->  outstation - 00 00 00 00 00 00 00 00 00 00 00 00 00 00 00 00 00 00 
ms(1785938886758) --AL->  outstation - 00 00 00 00 00 00 00 00 00 00 00 00 00 00 00 00 00 00 
ms(1785938886758) --AL->  outstation - 00 00 00 00 00 00 00 00 00 00 00 00 00 00 00 00 00 00 
ms(1785938886758) --AL->  outstation - 00 00 00 00 00 00 00 00 00 00 00 00 00 00 00 00 00 00 
ms(1785938886758) --AL->  outstation - 00 00 00 00 00 00 00 00 00 00 00 00 00 00 00 00 00 00 
ms(1785938886758) --AL->  outstation - 00 00 00 00 00 00 00 00 00 00 00 00 00 00 00 00 00 00 
ms(1785938886758) --AL->  outstation - 00 00 00 00 00 00 00 00 00 00 00 00 00 00 00 00 00 00 
ms(1785938886758) --AL->  outstation - 00 00 00 00 00 00 00 00 00 00 00 00 00 00 00 00 00 00 
ms(1785938886758) --AL->  outstation - 00 00 00 00 00 00 00 00 00 00 00 00 00 00 00 00 00 00 
ms(1785938886758) --AL->  outstation - 00 00 00 00 00 00 00 00 00 00 00 00 00 00 00 00 00 00 
ms(1785938886758) --AL->  outstation - 00 00 00 00 00 00 00 00 00 00 00 00 00 00 00 00 00 00 
ms(1785938886758) --AL->  outstation - 00 00 00 00 00 00 00 00 00 00 00 00 00 00 00 00 00 00 
ms(1785938886758) --AL->  outstation - 00 00 00 00 00 00 00 00 00 00 00 00 00 00 00 00 00 00 
ms(1785938886758) --AL->  outstation - 00 00 00 00 00 00 00 00 00 00 00 00 00 00 00 00 00 00 
ms(1785938886758) --AL->  outstation - 00 00 00 00 00 00 00 00 00 00 00 00 00 00 00 00 00 00 
ms(1785938886758) --AL->  outstation - 00 00 00 00 00 00 00 00 00 00 00 00 00 00 00 00 00 00 
ms(1785938886758) --AL->  outstation - 00 00 00 00 00 00 00 00 00 00 00 00 00 00 00 00 00 00 
ms(1785938886758) --AL->  outstation - 00 00 00 00 00 00 00 00 00 00 00 00 00 00 00 00 00 00 
ms(1785938886758) --AL->  outstation - 00 00 00 00 00 00 00 00 00 00 00 00 00 00 00 00 00 00 
ms(1785938886758) --AL->  outstation - 00 00 00 00 00 00 00 00 00 00 00 00 00 00 00 00 00 00 
ms(1785938886758) --AL->  outstation - 00 00 00 00 00 00 00 00 00 00 00 00 00 00 00 00 00 00 
ms(1785938886758) --AL->  outstation - 00 00 00 00 00 00 00 00 00 00 00 00 00 00 00 00 00 00 
ms(1785938886758) --AL->  outstation - 00 00 00 00 00 00 00 00 00 00 00 00 00 00 00 00 00 00 
ms(1785938886758) --AL->  outstation - 00 00 00 00 00 00 00 00 00 00 00 00 00 00 00 00 00 00 
ms(1785938886758) --AL->  outstation - 00 00 00 00 00 00 00 00 00 00 00 00 00 00 00 00 00 00 
ms(1785938886758) --AL->  outstation - 00 00 00 00 00 00 00 00 00 00 00 00 00 00 00 00 00 00 
ms(1785938886758) --AL->  outstation - 00 00 00 00 00 00 00 00 00 00 00 00 00 00 00 00 00 00 
ms(1785938886758) --AL->  outstation - 00 00 00 00 00 00 00 00 00 00 00 00 00 00 00 00 00 00 
ms(1785938886758) --AL->  outstation - 00 00 00 00 00 00 00 00 00 00 00 00 00 00 00 00 00 00 
ms(1785938886758) --AL->  outstation - 00 00 00 00 00 00 00 00 00 00 00 00 00 00 00 00 00 00 
ms(1785938886758) --AL->  outstation - 00 00 00 00 00 00 00 00 00 00 00 00 00 00 00 00 00 00 
ms(1785938886758) --AL->  outstation - 00 00 00 00 00 00 00 00 00 00 00 00 00 00 00 00 00 00 
ms(1785938886758) --AL->  outstation - 00 00 00 00 00 00 00 00 00 00 00 00 00 00 00 00 00 00 
ms(1785938886758) --AL->  outstation - 00 00 00 00 00 00 00 00 00 00 00 00 00 00 00 00 00 00 
ms(1785938886758) --AL->  outstation - 00 00 00 00 00 00 00 00 00 00 00 00 00 00 00 00 00 00 
ms(1785938886758) --AL->  outstation - 00 00 00 00 00 00 00 00 00 00 00 00 00 00 00 00 00 00 
ms(1785938886758) --AL->  outstation - 00 00 00 00 00 00 00 00 00 00 00 00 00 00 00 00 00 00 
ms(1785938886758) --AL->  outstation - 00 00 00 00 00 00 00 00 00 00 00 00 00 00 00 00 00 00 
ms(1785938886758) --AL->  outstation - 00 00 00 00 00 00 00 00 
ms(1785938886758) --AL->  outstation - FIR: 0 FIN: 0 CON: 1 UNS: 0 SEQ: 12 FUNC: RESPONSE IIN: [0x00, 0x00]
ms(1785938886758) --AL->  outstation - 040,001 Analog Output Status - 32-bit With Flag, 16-bit start stop [157, 299]
ms(1785938886758) --AL->  outstation - 050,004 Time and Date - Indexed absolute time and long interval, 16-bit start stop [0, 118]
ms(1785938886758) --TL->  outstation - FIR: 1 FIN: 0 SEQ: 44 LEN: 249
ms(1785938886758) --LL->  outstation - Function: PRI_UNCONFIRMED_USER_DATA Dest: 1 Source: 10 Length: 250
ms(1785938886758) --TL->  outstation - FIR: 0 FIN: 0 SEQ: 45 LEN: 249
ms(1785938886758) --LL->  outstation - Function: PRI_UNCONFIRMED_USER_DATA Dest: 1 Source: 10 Length: 250
ms(1785938886758) --TL->  outstation - FIR: 0 FIN: 0 SEQ: 46 LEN: 249
ms(1785938886758) --LL->  outstation - Function: PRI_UNCONFIRMED_USER_DATA Dest: 1 Source: 10 Length: 250
ms(1785938886758) --TL->  outstation - FIR: 0 FIN: 0 SEQ: 47 LEN: 249
ms(1785938886758) --LL->  outstation - Function: PRI_UNCONFIRMED_USER_DATA Dest: 1 Source: 10 Length: 250
ms(1785938886758) --TL->  outstation - FIR: 0 FIN: 0 SEQ: 48 LEN: 249
ms(1785938886758) --LL->  outstation - Function: PRI_UNCONFIRMED_USER_DATA Dest: 1 Source: 10 Length: 250
ms(1785938886758) --TL->  outstation - FIR: 0 FIN: 0 SEQ: 49 LEN: 249
ms(1785938886758) --LL->  outstation - Function: PRI_UNCONFIRMED_USER_DATA Dest: 1 Source: 10 Length: 250
ms(1785938886758) --TL->  outstation - FIR: 0 FIN: 0 SEQ: 50 LEN: 249
ms(1785938886758) --LL->  outstation - Function: PRI_UNCONFIRMED_USER_DATA Dest: 1 Source: 10 Length: 250
ms(1785938886758) --TL->  outstation - FIR: 0 FIN: 0 SEQ: 51 LEN: 249
ms(1785938886758) --LL->  outstation - Function: PRI_UNCONFIRMED_USER_DATA Dest: 1 Source: 10 Length: 250
ms(1785938886758) --TL->  outstation - FIR: 0 FIN: 1 SEQ: 52 LEN: 50
ms(1785938886758) --LL->  outstation - Function: PRI_UNCONFIRMED_USER_DATA Dest: 1 Source: 10 Length: 51
ms(1785938886803) <-LL--  server - Function: PRI_UNCONFIRMED_USER_DATA Dest: 10 Source: 1 Length: 8
ms(1785938886803) <-TL--  outstation - FIR: 1 FIN: 1 SEQ: 13 LEN: 2
ms(1785938886803) <-AL--  outstation - CC 00 
ms(1785938886803) <-AL--  outstation - FIR: 1 FIN: 1 CON: 0 UNS: 0 SEQ: 12 FUNC: CONFIRM
ms(1785938886803) --AL->  outstation - 4D 81 00 00 32 04 01 77 00 2B 01 00 00 00 00 00 00 00 
ms(1785938886803) --AL->  outstation - 00 00 00 00 00 00 00 00 00 00 00 00 00 00 00 00 00 00 
ms(1785938886803) --AL->  outstation - 00 00 00 00 00 00 00 00 00 00 00 00 00 00 00 00 00 00 
ms(1785938886803) --AL->  outstation - 00 00 00 00 00 00 00 00 00 00 00 00 00 00 00 00 00 00 
ms(1785938886803) --AL->  outstation - 00 00 00 00 00 00 00 00 00 00 00 00 00 00 00 00 00 00 
ms(1785938886803) --AL->  outstation - 00 00 00 00 00 00 00 00 00 00 00 00 00 00 00 00 00 00 
ms(1785938886803) --AL->  outstation - 00 00 00 00 00 00 00 00 00 00 00 00 00 00 00 00 00 00 
ms(1785938886803) --AL->  outstation - 00 00 00 00 00 00 00 00 00 00 00 00 00 00 00 00 00 00 
ms(1785938886803) --AL->  outstation - 00 00 00 00 00 00 00 00 00 00 00 00 00 00 00 00 00 00 
ms(1785938886803) --AL->  outstation - 00 00 00 00 00 00 00 00 00 00 00 00 00 00 00 00 00 00 
ms(1785938886803) --AL->  outstation - 00 00 00 00 00 00 00 00 00 00 00 00 00 00 00 00 00 00 
ms(1785938886803) --AL->  outstation - 00 00 00 00 00 00 00 00 00 00 00 00 00 00 00 00 00 00 
ms(1785938886803) --AL->  outstation - 00 00 00 00 00 00 00 00 00 00 00 00 00 00 00 00 00 00 
ms(1785938886803) --AL->  outstation - 00 00 00 00 00 00 00 00 00 00 00 00 00 00 00 00 00 00 
ms(1785938886803) --AL->  outstation - 00 00 00 00 00 00 00 00 00 00 00 00 00 00 00 00 00 00 
ms(1785938886803) --AL->  outstation - 00 00 00 00 00 00 00 00 00 00 00 00 00 00 00 00 00 00 
ms(1785938886803) --AL->  outstation - 00 00 00 00 00 00 00 00 00 00 00 00 00 00 00 00 00 00 
ms(1785938886803) --AL->  outstation - 00 00 00 00 00 00 00 00 00 00 00 00 00 00 00 00 00 00 
ms(1785938886803) --AL->  outstation - 00 00 00 00 00 00 00 00 00 00 00 00 00 00 00 00 00 00 
ms(1785938886803) --AL->  outstation - 00 00 00 00 00 00 00 00 00 00 00 00 00 00 00 00 00 00 
ms(1785938886803) --AL->  outstation - 00 00 00 00 00 00 00 00 00 00 00 00 00 00 00 00 00 00 
ms(1785938886803) --AL->  outstation - 00 00 00 00 00 00 00 00 00 00 00 00 00 00 00 00 00 00 
ms(1785938886803) --AL->  outstation - 00 00 00 00 00 00 00 00 00 00 00 00 00 00 00 00 00 00 
ms(1785938886803) --AL->  outstation - 00 00 00 00 00 00 00 00 00 00 00 00 00 00 00 00 00 00 
ms(1785938886803) --AL->  outstation - 00 00 00 00 00 00 00 00 00 00 00 00 00 00 00 00 00 00 
ms(1785938886803) --AL->  outstation - 00 00 00 00 00 00 00 00 00 00 00 00 00 00 00 00 00 00 
ms(1785938886803) --AL->  outstation - 00 00 00 00 00 00 00 00 00 00 00 00 00 00 00 00 00 00 
ms(1785938886803) --AL->  outstation - 00 00 00 00 00 00 00 00 00 00 00 00 00 00 00 00 00 00 
ms(1785938886803) --AL->  outstation - 00 00 00 00 00 00 00 00 00 00 00 00 00 00 00 00 00 00 
ms(1785938886803) --AL->  outstation - 00 00 00 00 00 00 00 00 00 00 00 00 00 00 00 00 00 00 
ms(1785938886803) --AL->  outstation - 00 00 00 00 00 00 00 00 00 00 00 00 00 00 00 00 00 00 
ms(1785938886803) --AL->  outstation - 00 00 00 00 00 00 00 00 00 00 00 00 00 00 00 00 00 00 
ms(1785938886803) --AL->  outstation - 00 00 00 00 00 00 00 00 00 00 00 00 00 00 00 00 00 00 
ms(1785938886803) --AL->  outstation - 00 00 00 00 00 00 00 00 00 00 00 00 00 00 00 00 00 00 
ms(1785938886803) --AL->  outstation - 00 00 00 00 00 00 00 00 00 00 00 00 00 00 00 00 00 00 
ms(1785938886803) --AL->  outstation - 00 00 00 00 00 00 00 00 00 00 00 00 00 00 00 00 00 00 
ms(1785938886803) --AL->  outstation - 00 00 00 00 00 00 00 00 00 00 00 00 00 00 00 00 00 00 
ms(1785938886803) --AL->  outstation - 00 00 00 00 00 00 00 00 00 00 00 00 00 00 00 00 00 00 
ms(1785938886803) --AL->  outstation - 00 00 00 00 00 00 00 00 00 00 00 00 00 00 00 00 00 00 
ms(1785938886803) --AL->  outstation - 00 00 00 00 00 00 00 00 00 00 00 00 00 00 00 00 00 00 
ms(1785938886803) --AL->  outstation - 00 00 00 00 00 00 00 00 00 00 00 00 00 00 00 00 00 00 
ms(1785938886803) --AL->  outstation - 00 00 00 00 00 00 00 00 00 00 00 00 00 00 00 00 00 00 
ms(1785938886803) --AL->  outstation - 00 00 00 00 00 00 00 00 00 00 00 00 00 00 00 00 00 00 
ms(1785938886803) --AL->  outstation - 00 00 00 00 00 00 00 00 00 00 00 00 00 00 00 00 00 00 
ms(1785938886803) --AL->  outstation - 00 00 00 00 00 00 00 00 00 00 00 00 00 00 00 00 00 00 
ms(1785938886803) --AL->  outstation - 00 00 00 00 00 00 00 00 00 00 00 00 00 00 00 00 00 00 
ms(1785938886803) --AL->  outstation - 00 00 00 00 00 00 00 00 00 00 00 00 00 00 00 00 00 00 
ms(1785938886803) --AL->  outstation - 00 00 00 00 00 00 00 00 00 00 00 00 00 00 00 00 00 00 
ms(1785938886803) --AL->  outstation - 00 00 00 00 00 00 00 00 00 00 00 00 00 00 00 00 00 00 
ms(1785938886803) --AL->  outstation - 00 00 00 00 00 00 00 00 00 00 00 00 00 00 00 00 00 00 
ms(1785938886803) --AL->  outstation - 00 00 00 00 00 00 00 00 00 00 00 00 00 00 00 00 00 00 
ms(1785938886804) --AL->  outstation - 00 00 00 00 00 00 00 00 00 00 00 00 00 00 00 00 00 00 
ms(1785938886804) --AL->  outstation - 00 00 00 00 00 00 00 00 00 00 00 00 00 00 00 00 00 00 
ms(1785938886804) --AL->  outstation - 00 00 00 00 00 00 00 00 00 00 00 00 00 00 00 00 00 00 
ms(1785938886804) --AL->  outstation - 00 00 00 00 00 00 00 00 00 00 00 00 00 00 00 00 00 00 
ms(1785938886804) --AL->  outstation - 00 00 00 00 00 00 00 00 00 00 00 00 00 00 00 00 00 00 
ms(1785938886804) --AL->  outstation - 00 00 00 00 00 00 00 00 00 00 00 00 00 00 00 00 00 00 
ms(1785938886804) --AL->  outstation - 00 00 00 00 00 00 00 00 00 00 00 00 00 00 00 00 00 00 
ms(1785938886804) --AL->  outstation - 00 00 00 00 00 00 00 00 00 00 00 00 00 00 00 00 00 00 
ms(1785938886804) --AL->  outstation - 00 00 00 00 00 00 00 00 00 00 00 00 00 00 00 00 00 00 
ms(1785938886804) --AL->  outstation - 00 00 00 00 00 00 00 00 00 00 00 00 00 00 00 00 00 00 
ms(1785938886804) --AL->  outstation - 00 00 00 00 00 00 00 00 00 00 00 00 00 00 00 00 00 00 
ms(1785938886804) --AL->  outstation - 00 00 00 00 00 00 00 00 00 00 00 00 00 00 00 00 00 00 
ms(1785938886804) --AL->  outstation - 00 00 00 00 00 00 00 00 00 00 00 00 00 00 00 00 00 00 
ms(1785938886804) --AL->  outstation - 00 00 00 00 00 00 00 00 00 00 00 00 00 00 00 00 00 00 
ms(1785938886804) --AL->  outstation - 00 00 00 00 00 00 00 00 00 00 00 00 00 00 00 00 00 00 
ms(1785938886804) --AL->  outstation - 00 00 00 00 00 00 00 00 00 00 00 00 00 00 00 00 00 00 
ms(1785938886804) --AL->  outstation - 00 00 00 00 00 00 00 00 00 00 00 00 00 00 00 00 00 00 
ms(1785938886804) --AL->  outstation - 00 00 00 00 00 00 00 00 00 00 00 00 00 00 00 00 00 00 
ms(1785938886804) --AL->  outstation - 00 00 00 00 00 00 00 00 00 00 00 00 00 00 00 00 00 00 
ms(1785938886804) --AL->  outstation - 00 00 00 00 00 00 00 00 00 00 00 00 00 00 00 00 00 00 
ms(1785938886804) --AL->  outstation - 00 00 00 00 00 00 00 00 00 00 00 00 00 00 00 00 00 00 
ms(1785938886804) --AL->  outstation - 00 00 00 00 00 00 00 00 00 00 00 00 00 00 00 00 00 00 
ms(1785938886804) --AL->  outstation - 00 00 00 00 00 00 00 00 00 00 00 00 00 00 00 00 00 00 
ms(1785938886804) --AL->  outstation - 00 00 00 00 00 00 00 00 00 00 00 00 00 00 00 00 00 00 
ms(1785938886804) --AL->  outstation - 00 00 00 00 00 00 00 00 00 00 00 00 00 00 00 00 00 00 
ms(1785938886804) --AL->  outstation - 00 00 00 00 00 00 00 00 00 00 00 00 00 00 00 00 00 00 
ms(1785938886804) --AL->  outstation - 00 00 00 00 00 00 00 00 00 00 00 00 00 00 00 00 00 00 
ms(1785938886804) --AL->  outstation - 00 00 00 00 00 00 00 00 00 00 00 00 00 00 00 00 00 00 
ms(1785938886804) --AL->  outstation - 00 00 00 00 00 00 00 00 00 00 00 00 00 00 00 00 00 00 
ms(1785938886804) --AL->  outstation - 00 00 00 00 00 00 00 00 00 00 00 00 00 00 00 00 00 00 
ms(1785938886804) --AL->  outstation - 00 00 00 00 00 00 00 00 00 00 00 00 00 00 00 00 00 00 
ms(1785938886804) --AL->  outstation - 00 00 00 00 00 00 00 00 00 00 00 00 00 00 00 00 00 00 
ms(1785938886804) --AL->  outstation - 00 00 00 00 00 00 00 00 00 00 00 00 00 00 00 00 00 00 
ms(1785938886804) --AL->  outstation - 00 00 00 00 00 00 00 00 00 00 00 00 00 00 00 00 00 00 
ms(1785938886804) --AL->  outstation - 00 00 00 00 00 00 00 00 00 00 00 00 00 00 00 00 00 00 
ms(1785938886804) --AL->  outstation - 00 00 00 00 00 00 00 00 00 00 00 00 00 00 00 00 00 00 
ms(1785938886804) --AL->  outstation - 00 00 00 00 00 00 00 00 00 00 00 00 00 00 00 00 00 00 
ms(1785938886804) --AL->  outstation - 00 00 00 00 00 00 00 00 00 00 00 00 00 00 00 00 00 00 
ms(1785938886804) --AL->  outstation - 00 00 00 00 00 00 00 00 00 00 00 00 00 00 00 00 00 00 
ms(1785938886804) --AL->  outstation - 00 00 00 00 00 00 00 00 00 00 00 00 00 00 00 00 00 00 
ms(1785938886804) --AL->  outstation - 00 00 00 00 00 00 00 00 00 00 00 00 00 00 00 00 00 00 
ms(1785938886804) --AL->  outstation - 00 00 00 00 00 00 00 00 00 00 00 00 00 00 00 00 00 00 
ms(1785938886804) --AL->  outstation - 00 00 00 00 00 00 00 00 00 00 00 00 00 00 00 00 00 00 
ms(1785938886804) --AL->  outstation - 00 00 00 00 00 00 00 00 00 00 00 00 00 00 00 00 00 00 
ms(1785938886804) --AL->  outstation - 00 00 00 00 00 00 00 00 00 00 00 00 00 00 00 00 00 00 
ms(1785938886804) --AL->  outstation - 00 00 00 00 00 00 00 00 00 00 00 00 00 00 00 00 00 00 
ms(1785938886804) --AL->  outstation - 00 00 00 00 00 00 00 00 00 00 00 00 00 00 00 00 00 00 
ms(1785938886804) --AL->  outstation - 00 00 00 00 00 00 00 00 00 00 00 00 00 00 00 00 00 00 
ms(1785938886804) --AL->  outstation - 00 00 00 00 00 00 00 00 00 00 00 00 00 00 00 00 00 00 
ms(1785938886804) --AL->  outstation - 00 00 00 00 00 00 00 00 00 00 00 00 00 00 00 00 00 00 
ms(1785938886804) --AL->  outstation - 00 00 00 00 00 00 00 00 00 00 00 00 00 00 00 00 00 00 
ms(1785938886804) --AL->  outstation - 00 00 00 00 00 00 00 00 00 00 00 00 00 00 00 00 00 00 
ms(1785938886804) --AL->  outstation - 00 00 00 00 00 00 00 00 00 00 00 00 00 00 00 00 00 00 
ms(1785938886804) --AL->  outstation - 00 00 00 00 00 00 00 00 00 00 00 00 00 00 00 00 00 00 
ms(1785938886804) --AL->  outstation - 00 00 00 00 00 00 00 00 00 00 00 00 00 00 00 00 00 00 
ms(1785938886804) --AL->  outstation - 00 00 00 00 00 00 00 00 00 00 00 00 00 00 00 00 00 00 
ms(1785938886804) --AL->  outstation - 00 00 00 00 00 00 00 00 00 00 00 00 00 00 00 00 00 00 
ms(1785938886804) --AL->  outstation - 00 00 00 00 00 00 00 00 00 00 00 00 00 00 00 00 00 00 
ms(1785938886804) --AL->  outstation - 00 00 00 00 00 00 00 00 00 00 00 00 00 00 00 00 00 00 
ms(1785938886804) --AL->  outstation - 00 00 00 00 00 00 00 00 00 00 00 00 00 00 00 00 00 00 
ms(1785938886804) --AL->  outstation - 00 00 00 00 
ms(1785938886804) --AL->  outstation - FIR: 0 FIN: 1 CON: 0 UNS: 0 SEQ: 13 FUNC: RESPONSE IIN: [0x00, 0x00]
ms(1785938886804) --AL->  outstation - 050,004 Time and Date - Indexed absolute time and long interval, 16-bit start stop [119, 299]
ms(1785938886804) --TL->  outstation - FIR: 1 FIN: 0 SEQ: 53 LEN: 249
ms(1785938886804) --LL->  outstation - Function: PRI_UNCONFIRMED_USER_DATA Dest: 1 Source: 10 Length: 250
ms(1785938886804) --TL->  outstation - FIR: 0 FIN: 0 SEQ: 54 LEN: 249
ms(1785938886804) --LL->  outstation - Function: PRI_UNCONFIRMED_USER_DATA Dest: 1 Source: 10 Length: 250
ms(1785938886804) --TL->  outstation - FIR: 0 FIN: 0 SEQ: 55 LEN: 249
ms(1785938886804) --LL->  outstation - Function: PRI_UNCONFIRMED_USER_DATA Dest: 1 Source: 10 Length: 250
ms(1785938886804) --TL->  outstation - FIR: 0 FIN: 0 SEQ: 56 LEN: 249
ms(1785938886804) --LL->  outstation - Function: PRI_UNCONFIRMED_USER_DATA Dest: 1 Source: 10 Length: 250
ms(1785938886804) --TL->  outstation - FIR: 0 FIN: 0 SEQ: 57 LEN: 249
ms(1785938886804) --LL->  outstation - Function: PRI_UNCONFIRMED_USER_DATA Dest: 1 Source: 10 Length: 250
ms(1785938886804) --TL->  outstation - FIR: 0 FIN: 0 SEQ: 58 LEN: 249
ms(1785938886804) --LL->  outstation - Function: PRI_UNCONFIRMED_USER_DATA Dest: 1 Source: 10 Length: 250
ms(1785938886804) --TL->  outstation - FIR: 0 FIN: 0 SEQ: 59 LEN: 249
ms(1785938886804) --LL->  outstation - Function: PRI_UNCONFIRMED_USER_DATA Dest: 1 Source: 10 Length: 250
ms(1785938886804) --TL->  outstation - FIR: 0 FIN: 0 SEQ: 60 LEN: 249
ms(1785938886804) --LL->  outstation - Function: PRI_UNCONFIRMED_USER_DATA Dest: 1 Source: 10 Length: 250
ms(1785938886804) --TL->  outstation - FIR: 0 FIN: 1 SEQ: 61 LEN: 10
ms(1785938886804) --LL->  outstation - Function: PRI_UNCONFIRMED_USER_DATA Dest: 1 Source: 10 Length: 11
ms(1785938886847) <-LL--  server - Function: PRI_UNCONFIRMED_USER_DATA Dest: 10 Source: 1 Length: 65
ms(1785938886847) <-TL--  outstation - FIR: 1 FIN: 1 SEQ: 14 LEN: 59
ms(1785938886847) <-AL--  outstation - CE 03 0C 01 28 04 00 00 00 04 01 64 00 00 00 64 00 00 
ms(1785938886847) <-AL--  outstation - 00 00 01 00 04 01 64 00 00 00 64 00 00 00 00 10 00 04 
ms(1785938886847) <-AL--  outstation - 01 64 00 00 00 64 00 00 00 00 11 00 04 01 64 00 00 00 
ms(1785938886847) <-AL--  outstation - 64 00 00 00 00 
ms(1785938886847) <-AL--  outstation - FIR: 1 FIN: 1 CON: 0 UNS: 0 SEQ: 14 FUNC: SELECT
ms(1785938886847) <-AL--  outstation - 012,001 Binary Command - CROB, 16-bit count and prefix [4]
2026-08-05 10:08:06,847	__main__	DEBUG	In ControlTestCommandHandler.Start (batch begin)
2026-08-05 10:08:06,847	__main__	INFO	CONTROL-TEST SELECT  index=0 code=LATCH_OFF count=1 on=100ms off=100ms -> SUCCESS (status source: application control-point backend)
2026-08-05 10:08:06,847	__main__	INFO	CONTROL-TEST SELECT  index=1 code=LATCH_OFF count=1 on=100ms off=100ms -> SUCCESS (status source: application control-point backend)
2026-08-05 10:08:06,847	__main__	INFO	CONTROL-TEST SELECT  index=16 code=LATCH_OFF count=1 on=100ms off=100ms -> SUCCESS (status source: application control-point backend)
2026-08-05 10:08:06,848	__main__	INFO	CONTROL-TEST SELECT  index=17 code=LATCH_OFF count=1 on=100ms off=100ms -> SUCCESS (status source: application control-point backend)
2026-08-05 10:08:06,848	__main__	INFO	CONTROL-TEST batch END kind=SELECT (select_indexes=[0, 1, 16, 17] any_fail=False)
2026-08-05 10:08:06,848	__main__	INFO	Simulated CROB Output State (32 point(s))
  Index 0: True
  Index 1: True
  Index 2: False
  Index 3: False
  Index 4: False
  Index 5: False
  Index 6: False
  Index 7: False
  Index 8: False
  Index 9: False
  Index 10: False
  Index 11: False
  Index 12: False
  Index 13: False
  Index 14: False
  Index 15: False
  ... (16 more; full state in the JSON evidence)
2026-08-05 10:08:06,848	__main__	INFO	Wrote outstation multi-CROB evidence -> /home/philip/Projects/DNP3/dnp3_multicrob_harness/../defense4/evidence/fixed_k_emulator/smoke_20260805T140802Z/outstation_summary.json
ms(1785938886848) --AL->  outstation - CE 81 00 00 0C 01 28 04 00 00 00 04 01 64 00 00 00 64 
ms(1785938886848) --AL->  outstation - 00 00 00 00 01 00 04 01 64 00 00 00 64 00 00 00 00 10 
ms(1785938886848) --AL->  outstation - 00 04 01 64 00 00 00 64 00 00 00 00 11 00 04 01 64 00 
ms(1785938886848) --AL->  outstation - 00 00 64 00 00 00 00 
ms(1785938886848) --AL->  outstation - FIR: 1 FIN: 1 CON: 0 UNS: 0 SEQ: 14 FUNC: RESPONSE IIN: [0x00, 0x00]
ms(1785938886848) --AL->  outstation - 012,001 Binary Command - CROB, 16-bit count and prefix [4]
ms(1785938886848) --TL->  outstation - FIR: 1 FIN: 1 SEQ: 62 LEN: 61
ms(1785938886848) --LL->  outstation - Function: PRI_UNCONFIRMED_USER_DATA Dest: 1 Source: 10 Length: 62
ms(1785938886849) <-LL--  server - Function: PRI_UNCONFIRMED_USER_DATA Dest: 10 Source: 1 Length: 65
ms(1785938886849) <-TL--  outstation - FIR: 1 FIN: 1 SEQ: 15 LEN: 59
ms(1785938886849) <-AL--  outstation - CF 04 0C 01 28 04 00 00 00 04 01 64 00 00 00 64 00 00 
ms(1785938886849) <-AL--  outstation - 00 00 01 00 04 01 64 00 00 00 64 00 00 00 00 10 00 04 
ms(1785938886849) <-AL--  outstation - 01 64 00 00 00 64 00 00 00 00 11 00 04 01 64 00 00 00 
ms(1785938886849) <-AL--  outstation - 64 00 00 00 00 
ms(1785938886849) <-AL--  outstation - FIR: 1 FIN: 1 CON: 0 UNS: 0 SEQ: 15 FUNC: OPERATE
ms(1785938886849) <-AL--  outstation - 012,001 Binary Command - CROB, 16-bit count and prefix [4]
2026-08-05 10:08:06,849	__main__	DEBUG	In ControlTestCommandHandler.Start (batch begin)
2026-08-05 10:08:06,849	__main__	INFO	CONTROL-TEST OPERATE index=0 code=LATCH_OFF prev=True -> new=False SUCCESS (op_type=OperateType.SELECT_BEFORE_OPERATE)
2026-08-05 10:08:06,849	__main__	INFO	CONTROL-TEST OPERATE index=1 code=LATCH_OFF prev=True -> new=False SUCCESS (op_type=OperateType.SELECT_BEFORE_OPERATE)
2026-08-05 10:08:06,849	__main__	INFO	CONTROL-TEST OPERATE index=16 code=LATCH_OFF prev=False -> new=False SUCCESS (op_type=OperateType.SELECT_BEFORE_OPERATE)
2026-08-05 10:08:06,849	__main__	INFO	CONTROL-TEST OPERATE index=17 code=LATCH_OFF prev=False -> new=False SUCCESS (op_type=OperateType.SELECT_BEFORE_OPERATE)
2026-08-05 10:08:06,850	__main__	INFO	CONTROL-TEST batch END kind=OPERATE (select_indexes=[] any_fail=False)
2026-08-05 10:08:06,850	__main__	INFO	Simulated CROB Output State (32 point(s))
  Index 0: False
  Index 1: False
  Index 2: False
  Index 3: False
  Index 4: False
  Index 5: False
  Index 6: False
  Index 7: False
  Index 8: False
  Index 9: False
  Index 10: False
  Index 11: False
  Index 12: False
  Index 13: False
  Index 14: False
  Index 15: False
  ... (16 more; full state in the JSON evidence)
2026-08-05 10:08:06,850	__main__	INFO	Wrote outstation multi-CROB evidence -> /home/philip/Projects/DNP3/dnp3_multicrob_harness/../defense4/evidence/fixed_k_emulator/smoke_20260805T140802Z/outstation_summary.json
ms(1785938886850) --AL->  outstation - CF 81 00 00 0C 01 28 04 00 00 00 04 01 64 00 00 00 64 
ms(1785938886850) --AL->  outstation - 00 00 00 00 01 00 04 01 64 00 00 00 64 00 00 00 00 10 
ms(1785938886850) --AL->  outstation - 00 04 01 64 00 00 00 64 00 00 00 00 11 00 04 01 64 00 
ms(1785938886850) --AL->  outstation - 00 00 64 00 00 00 00 
ms(1785938886850) --AL->  outstation - FIR: 1 FIN: 1 CON: 0 UNS: 0 SEQ: 15 FUNC: RESPONSE IIN: [0x00, 0x00]
ms(1785938886850) --AL->  outstation - 012,001 Binary Command - CROB, 16-bit count and prefix [4]
ms(1785938886850) --TL->  outstation - FIR: 1 FIN: 1 SEQ: 63 LEN: 61
ms(1785938886850) --LL->  outstation - Function: PRI_UNCONFIRMED_USER_DATA Dest: 1 Source: 10 Length: 62
ms(1785938886851) <-LL--  server - Function: PRI_UNCONFIRMED_USER_DATA Dest: 10 Source: 1 Length: 17
ms(1785938886851) <-TL--  outstation - FIR: 1 FIN: 1 SEQ: 16 LEN: 11
ms(1785938886851) <-AL--  outstation - C0 14 3C 02 06 3C 03 06 3C 04 06 
ms(1785938886851) <-AL--  outstation - FIR: 1 FIN: 1 CON: 0 UNS: 0 SEQ: 0 FUNC: ENABLE_UNSOLICITED
ms(1785938886851) --AL->  outstation - C0 81 00 01 
ms(1785938886851) --AL->  outstation - FIR: 1 FIN: 1 CON: 0 UNS: 0 SEQ: 0 FUNC: RESPONSE IIN: [0x00, 0x01]
ms(1785938886851) --TL->  outstation - FIR: 1 FIN: 1 SEQ: 0 LEN: 4
ms(1785938886851) --LL->  outstation - Function: PRI_UNCONFIRMED_USER_DATA Dest: 1 Source: 10 Length: 5
ms(1785938886851) <-LL--  server - Function: PRI_UNCONFIRMED_USER_DATA Dest: 10 Source: 1 Length: 65
ms(1785938886851) <-TL--  outstation - FIR: 1 FIN: 1 SEQ: 17 LEN: 59
ms(1785938886851) <-AL--  outstation - C1 03 0C 01 28 04 00 00 00 03 01 64 00 00 00 64 00 00 
ms(1785938886851) <-AL--  outstation - 00 00 01 00 03 01 64 00 00 00 64 00 00 00 00 10 00 03 
ms(1785938886851) <-AL--  outstation - 01 64 00 00 00 64 00 00 00 00 11 00 03 01 64 00 00 00 
ms(1785938886851) <-AL--  outstation - 64 00 00 00 00 
ms(1785938886851) <-AL--  outstation - FIR: 1 FIN: 1 CON: 0 UNS: 0 SEQ: 1 FUNC: SELECT
ms(1785938886851) <-AL--  outstation - 012,001 Binary Command - CROB, 16-bit count and prefix [4]
2026-08-05 10:08:06,851	__main__	DEBUG	In ControlTestCommandHandler.Start (batch begin)
2026-08-05 10:08:06,851	__main__	INFO	CONTROL-TEST SELECT  index=0 code=LATCH_ON count=1 on=100ms off=100ms -> SUCCESS (status source: application control-point backend)
2026-08-05 10:08:06,851	__main__	INFO	CONTROL-TEST SELECT  index=1 code=LATCH_ON count=1 on=100ms off=100ms -> SUCCESS (status source: application control-point backend)
2026-08-05 10:08:06,851	__main__	INFO	CONTROL-TEST SELECT  index=16 code=LATCH_ON count=1 on=100ms off=100ms -> SUCCESS (status source: application control-point backend)
2026-08-05 10:08:06,851	__main__	INFO	CONTROL-TEST SELECT  index=17 code=LATCH_ON count=1 on=100ms off=100ms -> SUCCESS (status source: application control-point backend)
2026-08-05 10:08:06,852	__main__	INFO	CONTROL-TEST batch END kind=SELECT (select_indexes=[0, 1, 16, 17] any_fail=False)
2026-08-05 10:08:06,852	__main__	INFO	Simulated CROB Output State (32 point(s))
  Index 0: False
  Index 1: False
  Index 2: False
  Index 3: False
  Index 4: False
  Index 5: False
  Index 6: False
  Index 7: False
  Index 8: False
  Index 9: False
  Index 10: False
  Index 11: False
  Index 12: False
  Index 13: False
  Index 14: False
  Index 15: False
  ... (16 more; full state in the JSON evidence)
2026-08-05 10:08:06,852	__main__	INFO	Wrote outstation multi-CROB evidence -> /home/philip/Projects/DNP3/dnp3_multicrob_harness/../defense4/evidence/fixed_k_emulator/smoke_20260805T140802Z/outstation_summary.json
ms(1785938886852) --AL->  outstation - C1 81 00 00 0C 01 28 04 00 00 00 03 01 64 00 00 00 64 
ms(1785938886852) --AL->  outstation - 00 00 00 00 01 00 03 01 64 00 00 00 64 00 00 00 00 10 
ms(1785938886852) --AL->  outstation - 00 03 01 64 00 00 00 64 00 00 00 00 11 00 03 01 64 00 
ms(1785938886852) --AL->  outstation - 00 00 64 00 00 00 00 
ms(1785938886852) --AL->  outstation - FIR: 1 FIN: 1 CON: 0 UNS: 0 SEQ: 1 FUNC: RESPONSE IIN: [0x00, 0x00]
ms(1785938886852) --AL->  outstation - 012,001 Binary Command - CROB, 16-bit count and prefix [4]
ms(1785938886852) --TL->  outstation - FIR: 1 FIN: 1 SEQ: 1 LEN: 61
ms(1785938886852) --LL->  outstation - Function: PRI_UNCONFIRMED_USER_DATA Dest: 1 Source: 10 Length: 62
ms(1785938886852) <-LL--  server - Function: PRI_UNCONFIRMED_USER_DATA Dest: 10 Source: 1 Length: 65
ms(1785938886853) <-TL--  outstation - FIR: 1 FIN: 1 SEQ: 18 LEN: 59
ms(1785938886853) <-AL--  outstation - C2 04 0C 01 28 04 00 00 00 03 01 64 00 00 00 64 00 00 
ms(1785938886853) <-AL--  outstation - 00 00 01 00 03 01 64 00 00 00 64 00 00 00 00 10 00 03 
ms(1785938886853) <-AL--  outstation - 01 64 00 00 00 64 00 00 00 00 11 00 03 01 64 00 00 00 
ms(1785938886853) <-AL--  outstation - 64 00 00 00 00 
ms(1785938886853) <-AL--  outstation - FIR: 1 FIN: 1 CON: 0 UNS: 0 SEQ: 2 FUNC: OPERATE
ms(1785938886853) <-AL--  outstation - 012,001 Binary Command - CROB, 16-bit count and prefix [4]
2026-08-05 10:08:06,853	__main__	DEBUG	In ControlTestCommandHandler.Start (batch begin)
2026-08-05 10:08:06,853	__main__	INFO	CONTROL-TEST OPERATE index=0 code=LATCH_ON prev=False -> new=True SUCCESS (op_type=OperateType.SELECT_BEFORE_OPERATE)
2026-08-05 10:08:06,853	__main__	INFO	CONTROL-TEST OPERATE index=1 code=LATCH_ON prev=False -> new=True SUCCESS (op_type=OperateType.SELECT_BEFORE_OPERATE)
2026-08-05 10:08:06,853	__main__	INFO	CONTROL-TEST OPERATE index=16 code=LATCH_ON prev=False -> new=False SUCCESS (op_type=OperateType.SELECT_BEFORE_OPERATE)
2026-08-05 10:08:06,853	__main__	INFO	CONTROL-TEST OPERATE index=17 code=LATCH_ON prev=False -> new=False SUCCESS (op_type=OperateType.SELECT_BEFORE_OPERATE)
2026-08-05 10:08:06,853	__main__	INFO	CONTROL-TEST batch END kind=OPERATE (select_indexes=[] any_fail=False)
2026-08-05 10:08:06,853	__main__	INFO	Simulated CROB Output State (32 point(s))
  Index 0: True
  Index 1: True
  Index 2: False
  Index 3: False
  Index 4: False
  Index 5: False
  Index 6: False
  Index 7: False
  Index 8: False
  Index 9: False
  Index 10: False
  Index 11: False
  Index 12: False
  Index 13: False
  Index 14: False
  Index 15: False
  ... (16 more; full state in the JSON evidence)
2026-08-05 10:08:06,854	__main__	INFO	Wrote outstation multi-CROB evidence -> /home/philip/Projects/DNP3/dnp3_multicrob_harness/../defense4/evidence/fixed_k_emulator/smoke_20260805T140802Z/outstation_summary.json
ms(1785938886854) --AL->  outstation - C2 81 00 00 0C 01 28 04 00 00 00 03 01 64 00 00 00 64 
ms(1785938886854) --AL->  outstation - 00 00 00 00 01 00 03 01 64 00 00 00 64 00 00 00 00 10 
ms(1785938886854) --AL->  outstation - 00 03 01 64 00 00 00 64 00 00 00 00 11 00 03 01 64 00 
ms(1785938886854) --AL->  outstation - 00 00 64 00 00 00 00 
ms(1785938886854) --AL->  outstation - FIR: 1 FIN: 1 CON: 0 UNS: 0 SEQ: 2 FUNC: RESPONSE IIN: [0x00, 0x00]
ms(1785938886854) --AL->  outstation - 012,001 Binary Command - CROB, 16-bit count and prefix [4]
ms(1785938886854) --TL->  outstation - FIR: 1 FIN: 1 SEQ: 2 LEN: 61
ms(1785938886854) --LL->  outstation - Function: PRI_UNCONFIRMED_USER_DATA Dest: 1 Source: 10 Length: 62
ms(1785938886854) <-LL--  server - Function: PRI_UNCONFIRMED_USER_DATA Dest: 10 Source: 1 Length: 65
ms(1785938886854) <-TL--  outstation - FIR: 1 FIN: 1 SEQ: 19 LEN: 59
ms(1785938886854) <-AL--  outstation - C3 03 0C 01 28 04 00 00 00 04 01 64 00 00 00 64 00 00 
ms(1785938886854) <-AL--  outstation - 00 00 01 00 04 01 64 00 00 00 64 00 00 00 00 10 00 04 
ms(1785938886854) <-AL--  outstation - 01 64 00 00 00 64 00 00 00 00 11 00 04 01 64 00 00 00 
ms(1785938886854) <-AL--  outstation - 64 00 00 00 00 
ms(1785938886854) <-AL--  outstation - FIR: 1 FIN: 1 CON: 0 UNS: 0 SEQ: 3 FUNC: SELECT
ms(1785938886854) <-AL--  outstation - 012,001 Binary Command - CROB, 16-bit count and prefix [4]
2026-08-05 10:08:06,854	__main__	DEBUG	In ControlTestCommandHandler.Start (batch begin)
2026-08-05 10:08:06,854	__main__	INFO	CONTROL-TEST SELECT  index=0 code=LATCH_OFF count=1 on=100ms off=100ms -> SUCCESS (status source: application control-point backend)
2026-08-05 10:08:06,855	__main__	INFO	CONTROL-TEST SELECT  index=1 code=LATCH_OFF count=1 on=100ms off=100ms -> SUCCESS (status source: application control-point backend)
2026-08-05 10:08:06,855	__main__	INFO	CONTROL-TEST SELECT  index=16 code=LATCH_OFF count=1 on=100ms off=100ms -> SUCCESS (status source: application control-point backend)
2026-08-05 10:08:06,855	__main__	INFO	CONTROL-TEST SELECT  index=17 code=LATCH_OFF count=1 on=100ms off=100ms -> SUCCESS (status source: application control-point backend)
2026-08-05 10:08:06,855	__main__	INFO	CONTROL-TEST batch END kind=SELECT (select_indexes=[0, 1, 16, 17] any_fail=False)
2026-08-05 10:08:06,855	__main__	INFO	Simulated CROB Output State (32 point(s))
  Index 0: True
  Index 1: True
  Index 2: False
  Index 3: False
  Index 4: False
  Index 5: False
  Index 6: False
  Index 7: False
  Index 8: False
  Index 9: False
  Index 10: False
  Index 11: False
  Index 12: False
  Index 13: False
  Index 14: False
  Index 15: False
  ... (16 more; full state in the JSON evidence)
2026-08-05 10:08:06,855	__main__	INFO	Wrote outstation multi-CROB evidence -> /home/philip/Projects/DNP3/dnp3_multicrob_harness/../defense4/evidence/fixed_k_emulator/smoke_20260805T140802Z/outstation_summary.json
ms(1785938886856) --AL->  outstation - C3 81 00 00 0C 01 28 04 00 00 00 04 01 64 00 00 00 64 
ms(1785938886856) --AL->  outstation - 00 00 00 00 01 00 04 01 64 00 00 00 64 00 00 00 00 10 
ms(1785938886856) --AL->  outstation - 00 04 01 64 00 00 00 64 00 00 00 00 11 00 04 01 64 00 
ms(1785938886856) --AL->  outstation - 00 00 64 00 00 00 00 
ms(1785938886856) --AL->  outstation - FIR: 1 FIN: 1 CON: 0 UNS: 0 SEQ: 3 FUNC: RESPONSE IIN: [0x00, 0x00]
ms(1785938886856) --AL->  outstation - 012,001 Binary Command - CROB, 16-bit count and prefix [4]
ms(1785938886856) --TL->  outstation - FIR: 1 FIN: 1 SEQ: 3 LEN: 61
ms(1785938886856) --LL->  outstation - Function: PRI_UNCONFIRMED_USER_DATA Dest: 1 Source: 10 Length: 62
ms(1785938886856) <-LL--  server - Function: PRI_UNCONFIRMED_USER_DATA Dest: 10 Source: 1 Length: 65
ms(1785938886856) <-TL--  outstation - FIR: 1 FIN: 1 SEQ: 20 LEN: 59
ms(1785938886856) <-AL--  outstation - C4 04 0C 01 28 04 00 00 00 04 01 64 00 00 00 64 00 00 
ms(1785938886856) <-AL--  outstation - 00 00 01 00 04 01 64 00 00 00 64 00 00 00 00 10 00 04 
ms(1785938886856) <-AL--  outstation - 01 64 00 00 00 64 00 00 00 00 11 00 04 01 64 00 00 00 
ms(1785938886856) <-AL--  outstation - 64 00 00 00 00 
ms(1785938886856) <-AL--  outstation - FIR: 1 FIN: 1 CON: 0 UNS: 0 SEQ: 4 FUNC: OPERATE
ms(1785938886856) <-AL--  outstation - 012,001 Binary Command - CROB, 16-bit count and prefix [4]
2026-08-05 10:08:06,856	__main__	DEBUG	In ControlTestCommandHandler.Start (batch begin)
2026-08-05 10:08:06,856	__main__	INFO	CONTROL-TEST OPERATE index=0 code=LATCH_OFF prev=True -> new=False SUCCESS (op_type=OperateType.SELECT_BEFORE_OPERATE)
2026-08-05 10:08:06,856	__main__	INFO	CONTROL-TEST OPERATE index=1 code=LATCH_OFF prev=True -> new=False SUCCESS (op_type=OperateType.SELECT_BEFORE_OPERATE)
2026-08-05 10:08:06,856	__main__	INFO	CONTROL-TEST OPERATE index=16 code=LATCH_OFF prev=False -> new=False SUCCESS (op_type=OperateType.SELECT_BEFORE_OPERATE)
2026-08-05 10:08:06,856	__main__	INFO	CONTROL-TEST OPERATE index=17 code=LATCH_OFF prev=False -> new=False SUCCESS (op_type=OperateType.SELECT_BEFORE_OPERATE)
2026-08-05 10:08:06,856	__main__	INFO	CONTROL-TEST batch END kind=OPERATE (select_indexes=[] any_fail=False)
2026-08-05 10:08:06,856	__main__	INFO	Simulated CROB Output State (32 point(s))
  Index 0: False
  Index 1: False
  Index 2: False
  Index 3: False
  Index 4: False
  Index 5: False
  Index 6: False
  Index 7: False
  Index 8: False
  Index 9: False
  Index 10: False
  Index 11: False
  Index 12: False
  Index 13: False
  Index 14: False
  Index 15: False
  ... (16 more; full state in the JSON evidence)
2026-08-05 10:08:06,857	__main__	INFO	Wrote outstation multi-CROB evidence -> /home/philip/Projects/DNP3/dnp3_multicrob_harness/../defense4/evidence/fixed_k_emulator/smoke_20260805T140802Z/outstation_summary.json
ms(1785938886857) --AL->  outstation - C4 81 00 00 0C 01 28 04 00 00 00 04 01 64 00 00 00 64 
ms(1785938886857) --AL->  outstation - 00 00 00 00 01 00 04 01 64 00 00 00 64 00 00 00 00 10 
ms(1785938886857) --AL->  outstation - 00 04 01 64 00 00 00 64 00 00 00 00 11 00 04 01 64 00 
ms(1785938886857) --AL->  outstation - 00 00 64 00 00 00 00 
ms(1785938886857) --AL->  outstation - FIR: 1 FIN: 1 CON: 0 UNS: 0 SEQ: 4 FUNC: RESPONSE IIN: [0x00, 0x00]
ms(1785938886857) --AL->  outstation - 012,001 Binary Command - CROB, 16-bit count and prefix [4]
ms(1785938886857) --TL->  outstation - FIR: 1 FIN: 1 SEQ: 4 LEN: 61
ms(1785938886857) --LL->  outstation - Function: PRI_UNCONFIRMED_USER_DATA Dest: 1 Source: 10 Length: 62
ms(1785938886857) <-LL--  server - Function: PRI_UNCONFIRMED_USER_DATA Dest: 10 Source: 1 Length: 65
ms(1785938886857) <-TL--  outstation - FIR: 1 FIN: 1 SEQ: 21 LEN: 59
ms(1785938886857) <-AL--  outstation - C5 03 0C 01 28 04 00 00 00 03 01 64 00 00 00 64 00 00 
ms(1785938886857) <-AL--  outstation - 00 00 01 00 03 01 64 00 00 00 64 00 00 00 00 10 00 03 
ms(1785938886857) <-AL--  outstation - 01 64 00 00 00 64 00 00 00 00 11 00 03 01 64 00 00 00 
ms(1785938886857) <-AL--  outstation - 64 00 00 00 00 
ms(1785938886857) <-AL--  outstation - FIR: 1 FIN: 1 CON: 0 UNS: 0 SEQ: 5 FUNC: SELECT
ms(1785938886857) <-AL--  outstation - 012,001 Binary Command - CROB, 16-bit count and prefix [4]
2026-08-05 10:08:06,857	__main__	DEBUG	In ControlTestCommandHandler.Start (batch begin)
2026-08-05 10:08:06,857	__main__	INFO	CONTROL-TEST SELECT  index=0 code=LATCH_ON count=1 on=100ms off=100ms -> SUCCESS (status source: application control-point backend)
2026-08-05 10:08:06,857	__main__	INFO	CONTROL-TEST SELECT  index=1 code=LATCH_ON count=1 on=100ms off=100ms -> SUCCESS (status source: application control-point backend)
2026-08-05 10:08:06,857	__main__	INFO	CONTROL-TEST SELECT  index=16 code=LATCH_ON count=1 on=100ms off=100ms -> SUCCESS (status source: application control-point backend)
2026-08-05 10:08:06,858	__main__	INFO	CONTROL-TEST SELECT  index=17 code=LATCH_ON count=1 on=100ms off=100ms -> SUCCESS (status source: application control-point backend)
2026-08-05 10:08:06,858	__main__	INFO	CONTROL-TEST batch END kind=SELECT (select_indexes=[0, 1, 16, 17] any_fail=False)
2026-08-05 10:08:06,858	__main__	INFO	Simulated CROB Output State (32 point(s))
  Index 0: False
  Index 1: False
  Index 2: False
  Index 3: False
  Index 4: False
  Index 5: False
  Index 6: False
  Index 7: False
  Index 8: False
  Index 9: False
  Index 10: False
  Index 11: False
  Index 12: False
  Index 13: False
  Index 14: False
  Index 15: False
  ... (16 more; full state in the JSON evidence)
2026-08-05 10:08:06,858	__main__	INFO	Wrote outstation multi-CROB evidence -> /home/philip/Projects/DNP3/dnp3_multicrob_harness/../defense4/evidence/fixed_k_emulator/smoke_20260805T140802Z/outstation_summary.json
ms(1785938886858) --AL->  outstation - C5 81 00 00 0C 01 28 04 00 00 00 03 01 64 00 00 00 64 
ms(1785938886858) --AL->  outstation - 00 00 00 00 01 00 03 01 64 00 00 00 64 00 00 00 00 10 
ms(1785938886858) --AL->  outstation - 00 03 01 64 00 00 00 64 00 00 00 00 11 00 03 01 64 00 
ms(1785938886858) --AL->  outstation - 00 00 64 00 00 00 00 
ms(1785938886858) --AL->  outstation - FIR: 1 FIN: 1 CON: 0 UNS: 0 SEQ: 5 FUNC: RESPONSE IIN: [0x00, 0x00]
ms(1785938886858) --AL->  outstation - 012,001 Binary Command - CROB, 16-bit count and prefix [4]
ms(1785938886858) --TL->  outstation - FIR: 1 FIN: 1 SEQ: 5 LEN: 61
ms(1785938886858) --LL->  outstation - Function: PRI_UNCONFIRMED_USER_DATA Dest: 1 Source: 10 Length: 62
ms(1785938886858) <-LL--  server - Function: PRI_UNCONFIRMED_USER_DATA Dest: 10 Source: 1 Length: 65
ms(1785938886858) <-TL--  outstation - FIR: 1 FIN: 1 SEQ: 22 LEN: 59
ms(1785938886858) <-AL--  outstation - C6 04 0C 01 28 04 00 00 00 03 01 64 00 00 00 64 00 00 
ms(1785938886858) <-AL--  outstation - 00 00 01 00 03 01 64 00 00 00 64 00 00 00 00 10 00 03 
ms(1785938886858) <-AL--  outstation - 01 64 00 00 00 64 00 00 00 00 11 00 03 01 64 00 00 00 
ms(1785938886858) <-AL--  outstation - 64 00 00 00 00 
ms(1785938886858) <-AL--  outstation - FIR: 1 FIN: 1 CON: 0 UNS: 0 SEQ: 6 FUNC: OPERATE
ms(1785938886858) <-AL--  outstation - 012,001 Binary Command - CROB, 16-bit count and prefix [4]
2026-08-05 10:08:06,858	__main__	DEBUG	In ControlTestCommandHandler.Start (batch begin)
2026-08-05 10:08:06,858	__main__	INFO	CONTROL-TEST OPERATE index=0 code=LATCH_ON prev=False -> new=True SUCCESS (op_type=OperateType.SELECT_BEFORE_OPERATE)
2026-08-05 10:08:06,859	__main__	INFO	CONTROL-TEST OPERATE index=1 code=LATCH_ON prev=False -> new=True SUCCESS (op_type=OperateType.SELECT_BEFORE_OPERATE)
2026-08-05 10:08:06,859	__main__	INFO	CONTROL-TEST OPERATE index=16 code=LATCH_ON prev=False -> new=False SUCCESS (op_type=OperateType.SELECT_BEFORE_OPERATE)
2026-08-05 10:08:06,859	__main__	INFO	CONTROL-TEST OPERATE index=17 code=LATCH_ON prev=False -> new=False SUCCESS (op_type=OperateType.SELECT_BEFORE_OPERATE)
2026-08-05 10:08:06,859	__main__	INFO	CONTROL-TEST batch END kind=OPERATE (select_indexes=[] any_fail=False)
2026-08-05 10:08:06,859	__main__	INFO	Simulated CROB Output State (32 point(s))
  Index 0: True
  Index 1: True
  Index 2: False
  Index 3: False
  Index 4: False
  Index 5: False
  Index 6: False
  Index 7: False
  Index 8: False
  Index 9: False
  Index 10: False
  Index 11: False
  Index 12: False
  Index 13: False
  Index 14: False
  Index 15: False
  ... (16 more; full state in the JSON evidence)
2026-08-05 10:08:06,859	__main__	INFO	Wrote outstation multi-CROB evidence -> /home/philip/Projects/DNP3/dnp3_multicrob_harness/../defense4/evidence/fixed_k_emulator/smoke_20260805T140802Z/outstation_summary.json
ms(1785938886859) --AL->  outstation - C6 81 00 00 0C 01 28 04 00 00 00 03 01 64 00 00 00 64 
ms(1785938886859) --AL->  outstation - 00 00 00 00 01 00 03 01 64 00 00 00 64 00 00 00 00 10 
ms(1785938886859) --AL->  outstation - 00 03 01 64 00 00 00 64 00 00 00 00 11 00 03 01 64 00 
ms(1785938886859) --AL->  outstation - 00 00 64 00 00 00 00 
ms(1785938886859) --AL->  outstation - FIR: 1 FIN: 1 CON: 0 UNS: 0 SEQ: 6 FUNC: RESPONSE IIN: [0x00, 0x00]
ms(1785938886859) --AL->  outstation - 012,001 Binary Command - CROB, 16-bit count and prefix [4]
ms(1785938886859) --TL->  outstation - FIR: 1 FIN: 1 SEQ: 6 LEN: 61
ms(1785938886859) --LL->  outstation - Function: PRI_UNCONFIRMED_USER_DATA Dest: 1 Source: 10 Length: 62
ms(1785938886860) WARN    server - End of file
2026-08-05 10:08:06,860	__main__	DEBUG	In OutstationChannelListener.OnStateChange: state=ChannelState.CLOSED
2026-08-05 10:08:06,860	__main__	DEBUG	In OutstationChannelListener.OnStateChange: state=ChannelState.OPENING
