policy,task,pool,scenario,model,representation,feature,accuracy,n_test_signatures,class_order,class_recall,confusion_json,rounds_json
da5_gap1_joint_amp0p5,three_class,1,adaptive_on_offset_residuals,logistic,levels,ack_clrt,0.3765,18000,READ|SELECT|OPERATE,0.084166667|0.726000000|0.319333333,"[[505,4359,1136],[496,4356,1148],[572,3512,1916]]","[0.48333333333333334,0.3566666666666667,0.3866666666666667,0.3466666666666667,0.37000000000000005,0.36000000000000004,0.38999999999999996,0.44999999999999996,0.33,0.41,0.38000000000000006,0.3566666666666667,0.36999999999999994,0.41,0.36000000000000004,0.3499999999999999,0.34,0.3566666666666667,0.35666666666666663,0.4033333333333333,0.35666666666666663,0.3333333333333333,0.3566666666666667,0.42333333333333334,0.3566666666666667,0.3833333333333333,0.3666666666666667,0.35666666666666663,0.37666666666666665,0.33666666666666667,0.35000000000000003,0.3433333333333333,0.3666666666666667,0.3833333333333333,0.3933333333333333,0.37666666666666665,0.3666666666666667,0.39333333333333337,0.41,0.36666666666666664,0.3833333333333333,0.37333333333333335,0.4066666666666667,0.3666666666666667,0.37666666666666665,0.4033333333333333,0.37333333333333335,0.33666666666666667,0.37000000000000005,0.3466666666666667,0.35000000000000003,0.3499999999999999,0.38000000000000006,0.3333333333333333,0.45,0.39999999999999997,0.4466666666666666,0.4066666666666667,0.36999999999999994,0.4033333333333333]"
da5_gap1_joint_amp0p5,three_class,1,adaptive_on_offset_residuals,logistic,levels,clrt,0.3350555555555555,18000,READ|SELECT|OPERATE,0.091500000|0.910500000|0.003166667,"[[549,5436,15],[518,5463,19],[723,5258,19]]","[0.3333333333333333,0.33,0.3466666666666667,0.32666666666666666,0.3333333333333333,0.3333333333333333,0.3466666666666667,0.32666666666666666,0.3133333333333333,0.35333333333333333,0.34,0.33,0.33,0.34,0.35666666666666663,0.3333333333333333,0.30666666666666664,0.33666666666666667,0.3233333333333333,0.32,0.32,0.33,0.33,0.3433333333333333,0.34,0.3333333333333333,0.3233333333333333,0.34,0.34,0.3233333333333333,0.3466666666666667,0.3333333333333333,0.35333333333333333,0.33666666666666667,0.3433333333333333,0.32666666666666666,0.32333333333333336,0.3433333333333333,0.35333333333333333,0.32666666666666666,0.33666666666666667,0.3333333333333333,0.34,0.3433333333333333,0.3466666666666667,0.3466666666666667,0.30333333333333334,0.32,0.3333333333333333,0.34,0.3466666666666667,0.33666666666666667,0.3333333333333333,0.3333333333333333,0.3433333333333333,0.35666666666666663,0.31,0.3633333333333333,0.3233333333333333,0.3433333333333333]"
da5_gap1_joint_amp0p5,three_class,1,adaptive_on_obfuscated,logistic,raw,clrt,0.32994444444444443,18000,READ|SELECT|OPERATE,0.326166667|0.658500000|0.005166667,"[[1957,4007,36],[2007,3951,42],[2211,3758,31]]","[0.33,0.3466666666666667,0.34,0.31,0.3233333333333333,0.38000000000000006,0.33666666666666667,0.3333333333333333,0.3133333333333333,0.33,0.3333333333333333,0.31666666666666665,0.3233333333333333,0.33666666666666667,0.35000000000000003,0.31333333333333335,0.3466666666666667,0.32,0.29333333333333333,0.32666666666666666,0.3333333333333333,0.3433333333333333,0.3233333333333333,0.30666666666666664,0.36333333333333334,0.3133333333333333,0.3233333333333333,0.3133333333333333,0.3166666666666667,0.3466666666666667,0.3033333333333333,0.33,0.3433333333333333,0.3433333333333333,0.3233333333333333,0.35000000000000003,0.34,0.32666666666666666,0.35000000000000003,0.31333333333333335,0.31333333333333335,0.29666666666666663,0.35333333333333333,0.3033333333333333,0.3333333333333333,0.35333333333333333,0.3466666666666667,0.30666666666666664,0.32,0.32666666666666666,0.3333333333333333,0.3333333333333333,0.3566666666666667,0.37333333333333335,0.32666666666666666,0.36000000000000004,0.29666666666666663,0.34,0.31666666666666665,0.2966666666666667]"
da5_gap1_joint_amp0p5,three_class,1,adaptive_on_obfuscated,logistic,raw,ack_clrt,0.3312777777777778,18000,READ|SELECT|OPERATE,0.150166667|0.410333333|0.433333333,"[[901,2442,2657],[891,2462,2647],[1029,2371,2600]]","[0.32666666666666666,0.3333333333333333,0.2966666666666667,0.32666666666666666,0.3666666666666667,0.34333333333333327,0.36999999999999994,0.32,0.31,0.3333333333333333,0.36333333333333334,0.3433333333333333,0.35000000000000003,0.3333333333333333,0.3233333333333333,0.32666666666666666,0.36000000000000004,0.35000000000000003,0.3133333333333333,0.3333333333333333,0.33666666666666667,0.34,0.36000000000000004,0.32666666666666666,0.3433333333333333,0.33,0.33,0.32666666666666666,0.32,0.3633333333333333,0.3466666666666667,0.3266666666666667,0.31666666666666665,0.33,0.29000000000000004,0.35000000000000003,0.31,0.35000000000000003,0.35000000000000003,0.3566666666666667,0.3133333333333333,0.33666666666666667,0.32666666666666666,0.2866666666666667,0.3066666666666667,0.36999999999999994,0.32,0.33,0.3266666666666667,0.3333333333333333,0.31333333333333335,0.3,0.3466666666666667,0.29000000000000004,0.3,0.35000000000000003,0.32,0.32666666666666666,0.31666666666666665,0.33666666666666667]"
da5_gap1_joint_amp0p5,three_class,1,adaptive_on_offset_residuals,rbf_svm,levels,ack_clrt,0.37544444444444447,18000,READ|SELECT|OPERATE,0.769500000|0.035333333|0.321500000,"[[4617,193,1190],[4588,212,1200],[3922,149,1929]]","[0.4366666666666667,0.33666666666666667,0.3733333333333333,0.3766666666666667,0.3766666666666667,0.38333333333333336,0.3966666666666667,0.44,0.38000000000000006,0.31,0.36333333333333334,0.31666666666666665,0.38333333333333336,0.39000000000000007,0.3433333333333333,0.36000000000000004,0.3866666666666667,0.35000000000000003,0.4033333333333334,0.39333333333333337,0.38999999999999996,0.37000000000000005,0.3766666666666667,0.3666666666666667,0.3666666666666667,0.37666666666666665,0.3766666666666667,0.37333333333333335,0.36666666666666664,0.38999999999999996,0.3333333333333333,0.3466666666666667,0.35333333333333333,0.3433333333333333,0.3333333333333333,0.41333333333333333,0.4033333333333333,0.37333333333333335,0.4000000000000001,0.39666666666666667,0.38000000000000006,0.4033333333333333,0.42333333333333334,0.3666666666666667,0.3466666666666667,0.3733333333333333,0.42,0.3466666666666667,0.37000000000000005,0.3566666666666667,0.36000000000000004,0.3733333333333333,0.39999999999999997,0.3666666666666667,0.41,0.3566666666666667,0.3833333333333333,0.36000000000000004,0.39999999999999997,0.38000000000000006]"
da5_gap1_joint_amp0p5,three_class,1,adaptive_on_offset_residuals,rbf_svm,levels,clrt,0.34722222222222227,18000,READ|SELECT|OPERATE,0.919666667|0.030000000|0.092000000,"[[5518,166,316],[5529,180,291],[5311,137,552]]","[0.36333333333333334,0.33666666666666667,0.34,0.3466666666666667,0.3766666666666667,0.35999999999999993,0.33666666666666667,0.3666666666666667,0.35333333333333333,0.3333333333333333,0.3333333333333333,0.33,0.35000000000000003,0.32666666666666666,0.35333333333333333,0.3566666666666667,0.35333333333333333,0.3266666666666667,0.36333333333333334,0.33,0.34,0.34,0.36333333333333334,0.34,0.36000000000000004,0.35333333333333333,0.36000000000000004,0.3333333333333333,0.3466666666666667,0.36999999999999994,0.3466666666666667,0.3466666666666667,0.3433333333333333,0.3433333333333333,0.33666666666666667,0.37000000000000005,0.37000000000000005,0.36000000000000004,0.33666666666666667,0.3466666666666667,0.36333333333333334,0.33,0.34,0.32666666666666666,0.34,0.33,0.35000000000000003,0.33666666666666667,0.3666666666666667,0.35333333333333333,0.3466666666666667,0.3333333333333333,0.35000000000000003,0.35000000000000003,0.3566666666666667,0.3166666666666667,0.37000000000000005,0.34,0.33666666666666667,0.35333333333333333]"
da5_gap1_joint_amp0p5,three_class,1,adaptive_on_obfuscated,rbf_svm,raw,ack_clrt,0.35494444444444445,18000,READ|SELECT|OPERATE,0.506166667|0.371500000|0.187166667,"[[3037,2205,758],[3051,2229,720],[2734,2143,1123]]","[0.33,0.29333333333333333,0.35999999999999993,0.37666666666666665,0.3766666666666667,0.36000000000000004,0.32666666666666666,0.3466666666666667,0.32666666666666666,0.36000000000000004,0.35333333333333333,0.3233333333333333,0.32,0.3466666666666667,0.36000000000000004,0.38999999999999996,0.3433333333333333,0.38999999999999996,0.38999999999999996,0.3233333333333333,0.30666666666666664,0.35000000000000003,0.3466666666666667,0.39666666666666667,0.37999999999999995,0.35666666666666663,0.37999999999999995,0.36000000000000004,0.32,0.3466666666666667,0.3466666666666667,0.3499999999999999,0.39666666666666667,0.37666666666666665,0.3666666666666667,0.3933333333333333,0.33,0.38000000000000006,0.3566666666666667,0.35333333333333333,0.3333333333333333,0.34333333333333327,0.33,0.3466666666666667,0.31333333333333335,0.37000000000000005,0.3866666666666667,0.36000000000000004,0.38666666666666666,0.37666666666666665,0.36333333333333334,0.3433333333333333,0.33,0.34,0.4366666666666667,0.3333333333333333,0.3933333333333333,0.3233333333333333,0.3466666666666667,0.35000000000000003]"
da5_gap1_joint_amp0p5,three_class,1,adaptive_on_offset_residuals,rf,levels,ack_clrt,0.42111111111111105,18000,READ|SELECT|OPERATE,0.404166667|0.382166667|0.477000000,"[[2425,2193,1382],[2276,2293,1431],[1563,1575,2862]]","[0.4833333333333332,0.39333333333333337,0.45,0.3866666666666667,0.45,0.4033333333333333,0.4533333333333333,0.48666666666666675,0.4466666666666666,0.38000000000000006,0.40666666666666673,0.4666666666666666,0.41,0.43999999999999995,0.3466666666666667,0.4566666666666667,0.4033333333333333,0.37666666666666665,0.47,0.45,0.44333333333333336,0.4466666666666667,0.3833333333333333,0.48,0.41333333333333333,0.4166666666666667,0.3766666666666667,0.35666666666666663,0.45,0.3933333333333333,0.39333333333333337,0.43,0.40666666666666673,0.41333333333333333,0.37333333333333335,0.4066666666666667,0.47333333333333333,0.4633333333333334,0.43,0.3833333333333333,0.3866666666666667,0.39666666666666667,0.4733333333333334,0.38333333333333336,0.3866666666666667,0.43,0.36000000000000004,0.39999999999999997,0.42333333333333334,0.41,0.4066666666666667,0.41333333333333333,0.45999999999999996,0.36999999999999994,0.48333333333333334,0.44333333333333336,0.4466666666666667,0.41333333333333333,0.47,0.4166666666666667]"
da5_gap1_joint_amp0p5,three_class,1,adaptive_on_offset_residuals,rf,levels,clrt,0.3576111111111111,18000,READ|SELECT|OPERATE,0.347166667|0.346166667|0.379500000,"[[2083,1992,1925],[2030,2077,1893],[1883,1840,2277]]","[0.36999999999999994,0.3566666666666667,0.33,0.3433333333333333,0.3833333333333333,0.36333333333333334,0.36999999999999994,0.3966666666666667,0.34,0.41,0.35000000000000003,0.41,0.29666666666666663,0.35333333333333333,0.3499999999999999,0.31666666666666665,0.38000000000000006,0.33,0.3666666666666667,0.3933333333333333,0.31,0.38666666666666666,0.3633333333333333,0.3633333333333333,0.3333333333333333,0.33666666666666667,0.3333333333333333,0.37666666666666665,0.35000000000000003,0.33,0.39666666666666667,0.35333333333333333,0.3633333333333333,0.35333333333333333,0.3466666666666667,0.3466666666666667,0.37333333333333335,0.3666666666666667,0.3566666666666667,0.4033333333333333,0.3366666666666666,0.34,0.3866666666666667,0.36000000000000004,0.35666666666666663,0.33,0.37000000000000005,0.3066666666666667,0.31666666666666665,0.4066666666666667,0.35333333333333333,0.3433333333333333,0.35333333333333333,0.37333333333333335,0.3766666666666667,0.3466666666666667,0.37666666666666665,0.33,0.37333333333333335,0.3666666666666667]"
da5_gap1_joint_amp0p5,three_class,1,adaptive_on_obfuscated,rf,raw,ack_clrt,0.4147222222222222,18000,READ|SELECT|OPERATE,0.419166667|0.354833333|0.470166667,"[[2515,2035,1450],[2415,2129,1456],[1683,1496,2821]]","[0.49666666666666676,0.42333333333333334,0.43,0.4366666666666667,0.41333333333333333,0.4333333333333333,0.4066666666666667,0.4666666666666666,0.4566666666666667,0.4033333333333333,0.39333333333333337,0.4066666666666667,0.38000000000000006,0.43,0.3833333333333333,0.4633333333333334,0.39666666666666667,0.42,0.37666666666666665,0.43,0.3866666666666667,0.42,0.38000000000000006,0.45,0.38000000000000006,0.44,0.44333333333333336,0.38999999999999996,0.4366666666666667,0.37000000000000005,0.39666666666666667,0.43,0.42,0.4066666666666667,0.37333333333333335,0.4366666666666667,0.44333333333333336,0.3833333333333333,0.41333333333333333,0.4033333333333333,0.37333333333333335,0.4066666666666667,0.4566666666666667,0.38999999999999996,0.44,0.43333333333333335,0.42333333333333334,0.37333333333333335,0.39333333333333337,0.4166666666666667,0.4033333333333333,0.3666666666666667,0.4266666666666667,0.3866666666666667,0.4533333333333333,0.3666666666666667,0.49000000000000005,0.44,0.4166666666666667,0.3766666666666667]"
da5_gap1_joint_amp0p5,three_class,20,adaptive_on_offset_residuals,logistic,levels,ack_clrt,0.5411111111111111,900,READ|SELECT|OPERATE,0.546666667|0.383333333|0.693333333,"[[164,92,44],[140,115,45],[39,53,208]]","[0.6666666666666666,0.3333333333333333,0.5333333333333333,0.8000000000000002,0.6666666666666666,0.46666666666666673,0.6,0.5333333333333333,0.4666666666666666,0.39999999999999997,0.4000000000000001,0.26666666666666666,0.5333333333333333,0.7999999999999999,0.4666666666666666,0.5333333333333333,0.4666666666666666,0.6,0.5333333333333333,0.8000000000000002,0.7333333333333334,0.46666666666666673,0.5333333333333333,0.6,0.26666666666666666,0.6666666666666666,0.7333333333333334,0.3333333333333333,0.4666666666666666,0.3333333333333333,0.6,0.4000000000000001,0.5333333333333333,0.5333333333333333,0.4666666666666666,0.4000000000000001,0.4666666666666666,0.6,0.6,0.6666666666666666,0.6000000000000001,0.6666666666666666,0.7333333333333334,0.6,0.4000000000000001,0.6,0.5333333333333333,0.6666666666666666,0.5333333333333333,0.3333333333333333,0.4666666666666666,0.5333333333333333,0.7333333333333334,0.4666666666666666,0.6666666666666666,0.5333333333333333,0.6000000000000001,0.5333333333333333,0.5333333333333333,0.4666666666666666]"
da5_gap1_joint_amp0p5,three_class,20,adaptive_on_offset_residuals,logistic,levels,clrt,0.45444444444444443,900,READ|SELECT|OPERATE,0.376666667|0.340000000|0.646666667,"[[113,75,112],[82,102,116],[49,57,194]]","[0.6,0.26666666666666666,0.39999999999999997,0.4666666666666666,0.6666666666666666,0.5333333333333333,0.3333333333333333,0.4666666666666666,0.39999999999999997,0.6666666666666666,0.4000000000000001,0.4666666666666666,0.5333333333333333,0.3333333333333333,0.6666666666666666,0.6,0.39999999999999997,0.3333333333333333,0.39999999999999997,0.5333333333333333,0.6666666666666666,0.20000000000000004,0.6666666666666666,0.6666666666666666,0.26666666666666666,0.5333333333333333,0.5333333333333333,0.3333333333333333,0.3333333333333333,0.3333333333333333,0.4666666666666666,0.20000000000000004,0.5333333333333333,0.5333333333333333,0.4000000000000001,0.3333333333333333,0.5333333333333333,0.5333333333333333,0.4666666666666666,0.8666666666666667,0.46666666666666673,0.4000000000000001,0.3333333333333333,0.39999999999999997,0.20000000000000004,0.5333333333333333,0.3333333333333333,0.4000000000000001,0.5333333333333333,0.39999999999999997,0.4666666666666666,0.5333333333333333,0.4666666666666666,0.4000000000000001,0.4666666666666666,0.5333333333333333,0.6,0.19999999999999998,0.3333333333333333,0.4000000000000001]"
da5_gap1_joint_amp0p5,three_class,1,adaptive_on_obfuscated,rf,raw,clrt,0.3557777777777778,18000,READ|SELECT|OPERATE,0.348500000|0.353833333|0.365000000,"[[2091,2066,1843],[2090,2123,1787],[1939,1871,2190]]","[0.33,0.3466666666666667,0.32333333333333336,0.37666666666666665,0.37666666666666665,0.37666666666666665,0.39333333333333337,0.4033333333333333,0.2866666666666667,0.35333333333333333,0.3633333333333333,0.3633333333333333,0.32,0.30333333333333334,0.34333333333333327,0.34,0.34333333333333327,0.3233333333333333,0.36000000000000004,0.42,0.2966666666666667,0.3833333333333333,0.36666666666666664,0.3566666666666667,0.33666666666666667,0.33666666666666667,0.3433333333333333,0.3333333333333333,0.3133333333333333,0.38000000000000006,0.3833333333333333,0.38000000000000006,0.3466666666666667,0.3333333333333333,0.39333333333333337,0.36999999999999994,0.35333333333333333,0.3499999999999999,0.36999999999999994,0.3766666666666667,0.3666666666666667,0.37000000000000005,0.3566666666666667,0.30666666666666664,0.38999999999999996,0.3566666666666667,0.3866666666666667,0.32666666666666666,0.34,0.3833333333333333,0.38000000000000006,0.32,0.3233333333333333,0.3833333333333333,0.3666666666666667,0.30333333333333334,0.43,0.37333333333333335,0.3733333333333333,0.36000000000000004]"
da5_gap1_joint_amp0p5,three_class,20,adaptive_on_obfuscated,logistic,raw,ack_clrt,0.4688888888888889,900,READ|SELECT|OPERATE,0.423333333|0.366666667|0.616666667,"[[127,115,58],[115,110,75],[56,59,185]]","[0.6,0.26666666666666666,0.4666666666666666,0.6666666666666666,0.5333333333333333,0.39999999999999997,0.3333333333333333,0.4666666666666666,0.20000000000000004,0.4666666666666666,0.6,0.5333333333333333,0.4000000000000001,0.4000000000000001,0.4000000000000001,0.4666666666666666,0.39999999999999997,0.5333333333333333,0.4000000000000001,0.6,0.46666666666666673,0.4000000000000001,0.3333333333333333,0.5333333333333333,0.13333333333333333,0.6,0.6,0.3333333333333333,0.39999999999999997,0.5333333333333333,0.6000000000000001,0.3333333333333333,0.5333333333333333,0.5333333333333333,0.4000000000000001,0.5333333333333333,0.4000000000000001,0.4000000000000001,0.39999999999999997,0.6,0.5333333333333333,0.6666666666666666,0.3333333333333333,0.4000000000000001,0.4000000000000001,0.6666666666666666,0.5333333333333333,0.3333333333333333,0.3333333333333333,0.6,0.4666666666666666,0.39999999999999997,0.46666666666666673,0.4666666666666666,0.6666666666666666,0.5333333333333333,0.8666666666666667,0.3333333333333333,0.46666666666666673,0.46666666666666673]"
da5_gap1_joint_amp0p5,three_class,20,adaptive_on_obfuscated,logistic,raw,clrt,0.39666666666666667,900,READ|SELECT|OPERATE,0.340000000|0.263333333|0.586666667,"[[102,78,120],[76,79,145],[51,73,176]]","[0.6666666666666666,0.39999999999999997,0.4000000000000001,0.5333333333333333,0.5333333333333333,0.4666666666666666,0.39999999999999997,0.39999999999999997,0.4000000000000001,0.6,0.4000000000000001,0.5333333333333333,0.4666666666666666,0.3333333333333333,0.39999999999999997,0.3333333333333333,0.46666666666666673,0.3333333333333333,0.20000000000000004,0.4666666666666666,0.4000000000000001,0.20000000000000004,0.6666666666666666,0.5333333333333333,0.26666666666666666,0.4666666666666666,0.46666666666666673,0.20000000000000004,0.3333333333333333,0.39999999999999997,0.26666666666666666,0.26666666666666666,0.5333333333333333,0.26666666666666666,0.39999999999999997,0.4666666666666666,0.3333333333333333,0.6,0.4000000000000001,0.39999999999999997,0.6,0.26666666666666666,0.26666666666666666,0.3333333333333333,0.20000000000000004,0.39999999999999997,0.3333333333333333,0.13333333333333333,0.4000000000000001,0.26666666666666666,0.4666666666666666,0.4666666666666666,0.4000000000000001,0.26666666666666666,0.46666666666666673,0.26666666666666666,0.4666666666666666,0.3333333333333333,0.4666666666666666,0.39999999999999997]"
da5_gap1_joint_amp0p5,three_class,20,adaptive_on_offset_residuals,rbf_svm,levels,ack_clrt,0.5277777777777778,900,READ|SELECT|OPERATE,0.453333333|0.436666667|0.693333333,"[[136,124,40],[126,131,43],[46,46,208]]","[0.6666666666666666,0.3333333333333333,0.5333333333333333,0.6666666666666666,0.7999999999999999,0.6000000000000001,0.5333333333333333,0.4666666666666666,0.4666666666666666,0.3333333333333333,0.4000000000000001,0.3333333333333333,0.26666666666666666,0.4666666666666666,0.5333333333333333,0.4000000000000001,0.4666666666666666,0.6,0.6,0.8000000000000002,0.6666666666666666,0.6666666666666666,0.4666666666666666,0.6666666666666666,0.5333333333333333,0.39999999999999997,0.4666666666666666,0.39999999999999997,0.4000000000000001,0.6,0.4666666666666666,0.39999999999999997,0.4666666666666666,0.6,0.6,0.7333333333333334,0.4666666666666666,0.6,0.6,0.6000000000000001,0.4666666666666666,0.6666666666666666,0.6666666666666666,0.46666666666666673,0.39999999999999997,0.6666666666666666,0.4666666666666666,0.6666666666666666,0.6,0.5333333333333333,0.5333333333333333,0.26666666666666666,0.39999999999999997,0.4666666666666666,0.6,0.6000000000000001,0.5333333333333333,0.6,0.6,0.4000000000000001]"
da5_gap1_joint_amp0p5,three_class,1,adaptive_on_obfuscated,rbf_svm,raw,clrt,0.34777777777777774,18000,READ|SELECT|OPERATE,0.910833333|0.035166667|0.097333333,"[[5465,196,339],[5450,211,339],[5248,168,584]]","[0.3666666666666667,0.34,0.3333333333333333,0.3466666666666667,0.38666666666666666,0.3566666666666667,0.3333333333333333,0.35333333333333333,0.3566666666666667,0.33,0.33666666666666667,0.3333333333333333,0.34,0.32666666666666666,0.35333333333333333,0.3666666666666667,0.3566666666666667,0.33666666666666667,0.36000000000000004,0.33666666666666667,0.3466666666666667,0.3433333333333333,0.36333333333333334,0.3466666666666667,0.36000000000000004,0.3566666666666667,0.35333333333333333,0.33666666666666667,0.3466666666666667,0.3666666666666667,0.3466666666666667,0.3433333333333333,0.3466666666666667,0.3466666666666667,0.33666666666666667,0.3666666666666667,0.36333333333333334,0.3566666666666667,0.3333333333333333,0.35000000000000003,0.36333333333333334,0.33,0.3433333333333333,0.32666666666666666,0.3333333333333333,0.3266666666666667,0.36333333333333334,0.33666666666666667,0.37000000000000005,0.35333333333333333,0.3466666666666667,0.33666666666666667,0.3466666666666667,0.35000000000000003,0.36333333333333334,0.3233333333333333,0.37000000000000005,0.33666666666666667,0.3333333333333333,0.35333333333333333]"
da5_gap1_joint_amp0p5,three_class,20,adaptive_on_offset_residuals,rbf_svm,levels,clrt,0.4144444444444444,900,READ|SELECT|OPERATE,0.363333333|0.380000000|0.500000000,"[[109,121,70],[102,114,84],[77,73,150]]","[0.5333333333333333,0.4666666666666666,0.4000000000000001,0.4666666666666666,0.6666666666666666,0.5333333333333333,0.4000000000000001,0.4666666666666666,0.4666666666666666,0.4000000000000001,0.39999999999999997,0.26666666666666666,0.3333333333333333,0.26666666666666666,0.6000000000000001,0.4000000000000001,0.26666666666666666,0.26666666666666666,0.26666666666666666,0.4666666666666666,0.4000000000000001,0.7333333333333334,0.6,0.4666666666666666,0.46666666666666673,0.39999999999999997,0.39999999999999997,0.20000000000000004,0.20000000000000004,0.5333333333333333,0.4000000000000001,0.3333333333333333,0.3333333333333333,0.39999999999999997,0.4666666666666666,0.6666666666666666,0.46666666666666673,0.39999999999999997,0.5333333333333333,0.6666666666666666,0.3333333333333333,0.26666666666666666,0.39999999999999997,0.20000000000000004,0.26666666666666666,0.4000000000000001,0.4666666666666666,0.26666666666666666,0.39999999999999997,0.6,0.5333333333333333,0.20000000000000004,0.20000000000000004,0.4666666666666666,0.4666666666666666,0.4000000000000001,0.4000000000000001,0.3333333333333333,0.5333333333333333,0.3333333333333333]"
da5_gap1_joint_amp0p5,three_class,20,adaptive_on_obfuscated,rbf_svm,raw,ack_clrt,0.48333333333333334,900,READ|SELECT|OPERATE,0.186666667|0.786666667|0.476666667,"[[56,210,34],[27,236,37],[20,137,143]]","[0.3333333333333333,0.3333333333333333,0.4000000000000001,0.5333333333333333,0.5333333333333333,0.5333333333333333,0.4666666666666666,0.4000000000000001,0.3333333333333333,0.39999999999999997,0.6,0.4666666666666666,0.5333333333333333,0.4666666666666666,0.4666666666666666,0.3333333333333333,0.4666666666666666,0.46666666666666673,0.4666666666666666,0.6,0.5333333333333333,0.4666666666666666,0.4666666666666666,0.6666666666666666,0.3333333333333333,0.6,0.5333333333333333,0.46666666666666673,0.5333333333333333,0.7333333333333334,0.4666666666666666,0.6666666666666666,0.6,0.4666666666666666,0.4666666666666666,0.6666666666666666,0.5333333333333333,0.46666666666666673,0.4000000000000001,0.4666666666666666,0.4666666666666666,0.7333333333333334,0.4666666666666666,0.4666666666666666,0.4000000000000001,0.5333333333333333,0.6,0.3333333333333333,0.39999999999999997,0.6666666666666666,0.46666666666666673,0.4000000000000001,0.26666666666666666,0.3333333333333333,0.6,0.4666666666666666,0.7999999999999999,0.3333333333333333,0.3333333333333333,0.26666666666666666]"
da5_gap1_joint_amp0p5,three_class,20,adaptive_on_obfuscated,rbf_svm,raw,clrt,0.3844444444444444,900,READ|SELECT|OPERATE,0.446666667|0.270000000|0.436666667,"[[134,87,79],[123,81,96],[119,50,131]]","[0.6000000000000001,0.26666666666666666,0.6,0.3333333333333333,0.5333333333333333,0.4000000000000001,0.26666666666666666,0.4666666666666666,0.6,0.3333333333333333,0.46666666666666673,0.26666666666666666,0.20000000000000004,0.3333333333333333,0.6666666666666666,0.13333333333333333,0.4666666666666666,0.3333333333333333,0.13333333333333333,0.6,0.3333333333333333,0.5333333333333333,0.4666666666666666,0.3333333333333333,0.4666666666666666,0.4000000000000001,0.6,0.20000000000000004,0.20000000000000004,0.4666666666666666,0.20000000000000004,0.26666666666666666,0.20000000000000004,0.6,0.4000000000000001,0.5333333333333333,0.39999999999999997,0.4666666666666666,0.3333333333333333,0.39999999999999997,0.3333333333333333,0.3333333333333333,0.5333333333333333,0.20000000000000004,0.26666666666666666,0.5333333333333333,0.4666666666666666,0.20000000000000004,0.46666666666666673,0.6000000000000001,0.5333333333333333,0.3333333333333333,0.26666666666666666,0.20000000000000004,0.3333333333333333,0.20000000000000004,0.4000000000000001,0.3333333333333333,0.4666666666666666,0.26666666666666666]"
da5_gap1_joint_amp0p5,three_class,20,adaptive_on_offset_residuals,rf,levels,ack_clrt,0.5533333333333333,900,READ|SELECT|OPERATE,0.466666667|0.516666667|0.676666667,"[[140,120,40],[102,155,43],[30,67,203]]","[0.6,0.4000000000000001,0.6,0.6666666666666666,0.6,0.6,0.6,0.8000000000000002,0.6000000000000001,0.39999999999999997,0.5333333333333333,0.3333333333333333,0.6,0.6,0.4666666666666666,0.5333333333333333,0.5333333333333333,0.5333333333333333,0.6,0.6666666666666666,0.7333333333333334,0.6,0.5333333333333333,0.8000000000000002,0.4000000000000001,0.6666666666666666,0.5333333333333333,0.3333333333333333,0.4666666666666666,0.6666666666666666,0.5333333333333333,0.6,0.6,0.5333333333333333,0.4666666666666666,0.5333333333333333,0.5333333333333333,0.4666666666666666,0.6,0.6666666666666666,0.6,0.7333333333333334,0.6,0.6666666666666666,0.4666666666666666,0.4666666666666666,0.3333333333333333,0.46666666666666673,0.3333333333333333,0.5333333333333333,0.6,0.26666666666666666,0.5333333333333333,0.5333333333333333,0.6666666666666666,0.7333333333333334,0.4666666666666666,0.6,0.6,0.4666666666666666]"
da5_gap1_joint_amp0p5,three_class,20,adaptive_on_offset_residuals,rf,levels,clrt,0.4444444444444444,900,READ|SELECT|OPERATE,0.366666667|0.423333333|0.543333333,"[[110,114,76],[76,127,97],[62,75,163]]","[0.5333333333333333,0.4000000000000001,0.4666666666666666,0.5333333333333333,0.5333333333333333,0.5333333333333333,0.4666666666666666,0.6666666666666666,0.4000000000000001,0.5333333333333333,0.20000000000000004,0.3333333333333333,0.39999999999999997,0.13333333333333333,0.6,0.6,0.3333333333333333,0.26666666666666666,0.5333333333333333,0.5333333333333333,0.6,0.6,0.5333333333333333,0.5333333333333333,0.3333333333333333,0.4666666666666666,0.6,0.4000000000000001,0.3333333333333333,0.4666666666666666,0.4666666666666666,0.20000000000000004,0.3333333333333333,0.39999999999999997,0.4000000000000001,0.6,0.3333333333333333,0.6666666666666666,0.5333333333333333,0.7333333333333334,0.5333333333333333,0.39999999999999997,0.26666666666666666,0.4666666666666666,0.20000000000000004,0.4000000000000001,0.4666666666666666,0.39999999999999997,0.5333333333333333,0.6666666666666666,0.46666666666666673,0.13333333333333333,0.26666666666666666,0.6,0.4666666666666666,0.26666666666666666,0.3333333333333333,0.3333333333333333,0.5333333333333333,0.39999999999999997]"
da5_gap1_joint_amp0p5,three_class,20,adaptive_on_obfuscated,rf,raw,ack_clrt,0.4988888888888889,900,READ|SELECT|OPERATE,0.436666667|0.430000000|0.630000000,"[[131,115,54],[109,129,62],[52,59,189]]","[0.5333333333333333,0.5333333333333333,0.6666666666666666,0.39999999999999997,0.6000000000000001,0.46666666666666673,0.39999999999999997,0.6000000000000001,0.6,0.3333333333333333,0.5333333333333333,0.6000000000000001,0.4666666666666666,0.13333333333333333,0.5333333333333333,0.3333333333333333,0.39999999999999997,0.4000000000000001,0.4666666666666666,0.3333333333333333,0.6666666666666666,0.6666666666666666,0.4666666666666666,0.6666666666666666,0.4000000000000001,0.6,0.6666666666666666,0.6,0.4000000000000001,0.6666666666666666,0.3333333333333333,0.5333333333333333,0.5333333333333333,0.4000000000000001,0.3333333333333333,0.6,0.4000000000000001,0.4666666666666666,0.4000000000000001,0.4666666666666666,0.4666666666666666,0.7333333333333334,0.6666666666666666,0.3333333333333333,0.3333333333333333,0.6,0.6,0.4000000000000001,0.46666666666666673,0.7333333333333334,0.4666666666666666,0.4666666666666666,0.4000000000000001,0.4666666666666666,0.4666666666666666,0.5333333333333333,0.8000000000000002,0.4666666666666666,0.6,0.3333333333333333]"
da5_gap1_joint_amp0p5,three_class,20,adaptive_on_obfuscated,rf,raw,clrt,0.42333333333333334,900,READ|SELECT|OPERATE,0.396666667|0.336666667|0.536666667,"[[119,97,84],[99,101,100],[68,71,161]]","[0.6,0.4666666666666666,0.6000000000000001,0.4000000000000001,0.6,0.3333333333333333,0.3333333333333333,0.7333333333333334,0.4666666666666666,0.4666666666666666,0.39999999999999997,0.4666666666666666,0.4000000000000001,0.26666666666666666,0.7333333333333334,0.26666666666666666,0.4666666666666666,0.46666666666666673,0.5333333333333333,0.6,0.5333333333333333,0.6666666666666666,0.6,0.4666666666666666,0.46666666666666673,0.3333333333333333,0.3333333333333333,0.4000000000000001,0.20000000000000004,0.4666666666666666,0.26666666666666666,0.26666666666666666,0.4666666666666666,0.3333333333333333,0.3333333333333333,0.5333333333333333,0.3333333333333333,0.6666666666666666,0.46666666666666673,0.46666666666666673,0.39999999999999997,0.26666666666666666,0.3333333333333333,0.3333333333333333,0.26666666666666666,0.46666666666666673,0.4000000000000001,0.20000000000000004,0.4666666666666666,0.7333333333333334,0.3333333333333333,0.06666666666666667,0.26666666666666666,0.4000000000000001,0.3333333333333333,0.20000000000000004,0.4000000000000001,0.5333333333333333,0.4000000000000001,0.39999999999999997]"
da5_gap1_joint_amp0p5,three_class,5,adaptive_on_offset_residuals,logistic,levels,ack_clrt,0.45388888888888895,3600,READ|SELECT|OPERATE,0.555000000|0.287500000|0.519166667,"[[666,301,233],[605,345,250],[354,223,623]]","[0.6,0.45,0.4666666666666666,0.45,0.55,0.43333333333333335,0.5499999999999999,0.4166666666666667,0.46666666666666673,0.3833333333333333,0.4333333333333333,0.3,0.4666666666666666,0.4666666666666666,0.36666666666666664,0.45,0.45,0.46666666666666673,0.48333333333333334,0.6,0.55,0.4166666666666667,0.43333333333333335,0.46666666666666673,0.39999999999999997,0.3666666666666667,0.4833333333333334,0.4000000000000001,0.43333333333333335,0.39999999999999997,0.39999999999999997,0.3166666666666667,0.4000000000000001,0.4166666666666667,0.3833333333333333,0.55,0.4166666666666667,0.4666666666666666,0.4833333333333332,0.5333333333333333,0.4666666666666666,0.43333333333333335,0.6166666666666667,0.5,0.2833333333333333,0.39999999999999997,0.46666666666666673,0.4000000000000001,0.48333333333333334,0.4166666666666667,0.4166666666666667,0.38333333333333336,0.5666666666666667,0.4333333333333333,0.5833333333333334,0.43333333333333335,0.55,0.46666666666666673,0.5166666666666667,0.45]"
da5_gap1_joint_amp0p5,three_class,5,adaptive_on_offset_residuals,logistic,levels,clrt,0.37166666666666665,3600,READ|SELECT|OPERATE,0.591666667|0.310833333|0.212500000,"[[710,354,136],[636,373,191],[607,338,255]]","[0.4666666666666666,0.3333333333333333,0.3666666666666667,0.35000000000000003,0.4333333333333333,0.45,0.3833333333333333,0.26666666666666666,0.3833333333333333,0.3833333333333333,0.36666666666666664,0.31666666666666665,0.3499999999999999,0.4000000000000001,0.4166666666666667,0.4000000000000001,0.3,0.4166666666666667,0.4000000000000001,0.45,0.39999999999999997,0.39999999999999997,0.3333333333333333,0.35000000000000003,0.26666666666666666,0.25,0.3666666666666667,0.3333333333333333,0.2833333333333334,0.3833333333333333,0.4666666666666666,0.25000000000000006,0.4333333333333333,0.38333333333333336,0.35000000000000003,0.45,0.3666666666666667,0.3833333333333333,0.35000000000000003,0.45,0.39999999999999997,0.3,0.5,0.3166666666666667,0.2833333333333334,0.3,0.43333333333333335,0.3333333333333333,0.35000000000000003,0.39999999999999997,0.43333333333333335,0.31666666666666665,0.3833333333333333,0.3666666666666667,0.35000000000000003,0.3666666666666667,0.43333333333333335,0.4166666666666667,0.3333333333333333,0.4000000000000001]"
da5_gap1_joint_amp0p5,three_class,5,adaptive_on_obfuscated,logistic,raw,ack_clrt,0.35805555555555557,3600,READ|SELECT|OPERATE,0.353333333|0.283333333|0.437500000,"[[424,380,396],[368,340,492],[350,325,525]]","[0.4166666666666667,0.3666666666666667,0.26666666666666666,0.4166666666666667,0.3833333333333333,0.31666666666666665,0.3666666666666667,0.31666666666666665,0.3,0.46666666666666673,0.3833333333333333,0.43333333333333335,0.5166666666666666,0.31666666666666665,0.3499999999999999,0.3833333333333333,0.3499999999999999,0.31666666666666665,0.26666666666666666,0.31666666666666665,0.3833333333333333,0.2833333333333334,0.3833333333333333,0.3666666666666667,0.26666666666666666,0.36666666666666664,0.3,0.21666666666666667,0.3,0.2833333333333333,0.4000000000000001,0.4000000000000001,0.4000000000000001,0.36666666666666664,0.4000000000000001,0.3666666666666667,0.19999999999999998,0.3833333333333333,0.35000000000000003,0.43333333333333335,0.3,0.35000000000000003,0.31666666666666665,0.35000000000000003,0.3333333333333333,0.3666666666666667,0.43333333333333335,0.35000000000000003,0.3833333333333333,0.3333333333333333,0.43333333333333335,0.3,0.3833333333333333,0.3833333333333333,0.3833333333333333,0.3333333333333333,0.5166666666666667,0.3833333333333333,0.31666666666666665,0.43333333333333335]"
da5_gap1_joint_amp0p5,three_class,5,adaptive_on_obfuscated,logistic,raw,clrt,0.3705555555555555,3600,READ|SELECT|OPERATE,0.465000000|0.131666667|0.515000000,"[[558,155,487],[493,158,549],[454,128,618]]","[0.39999999999999997,0.3166666666666667,0.3,0.4333333333333334,0.39999999999999997,0.35000000000000003,0.4166666666666667,0.35000000000000003,0.43333333333333335,0.4333333333333333,0.3,0.3833333333333333,0.48333333333333334,0.39999999999999997,0.3833333333333333,0.43333333333333335,0.4166666666666667,0.2833333333333334,0.2833333333333333,0.35000000000000003,0.2833333333333334,0.23333333333333336,0.4666666666666666,0.4166666666666667,0.3666666666666667,0.38333333333333336,0.39999999999999997,0.3333333333333333,0.35000000000000003,0.2833333333333334,0.3666666666666667,0.3166666666666667,0.4666666666666666,0.31666666666666665,0.3333333333333333,0.3833333333333333,0.2833333333333333,0.5166666666666666,0.38333333333333336,0.36666666666666664,0.39999999999999997,0.2833333333333334,0.36666666666666664,0.3666666666666667,0.4333333333333333,0.2833333333333334,0.3666666666666667,0.36666666666666664,0.3833333333333333,0.38333333333333336,0.3166666666666667,0.3833333333333333,0.31666666666666665,0.3166666666666667,0.4333333333333333,0.3333333333333333,0.4666666666666666,0.3666666666666667,0.3666666666666667,0.5]"
da5_gap1_joint_amp0p5,three_class,5,adaptive_on_offset_residuals,rbf_svm,levels,ack_clrt,0.4605555555555556,3600,READ|SELECT|OPERATE,0.477500000|0.354166667|0.550000000,"[[573,383,244],[508,425,267],[258,282,660]]","[0.5666666666666667,0.4166666666666667,0.5666666666666667,0.5,0.4666666666666666,0.4666666666666666,0.5333333333333333,0.4666666666666666,0.4000000000000001,0.2833333333333333,0.4666666666666666,0.4833333333333334,0.39999999999999997,0.5166666666666666,0.4000000000000001,0.3833333333333333,0.4166666666666667,0.43333333333333335,0.4666666666666666,0.4000000000000001,0.4833333333333334,0.48333333333333334,0.4000000000000001,0.5499999999999999,0.4166666666666667,0.4666666666666666,0.4666666666666666,0.3499999999999999,0.46666666666666673,0.5333333333333333,0.3833333333333333,0.4000000000000001,0.4000000000000001,0.4666666666666666,0.45,0.55,0.4666666666666666,0.46666666666666673,0.5499999999999999,0.5,0.5499999999999999,0.5333333333333333,0.55,0.5166666666666667,0.4000000000000001,0.45,0.5333333333333333,0.39999999999999997,0.31666666666666665,0.4166666666666667,0.4000000000000001,0.5,0.4833333333333334,0.4833333333333334,0.6,0.45,0.4833333333333334,0.45,0.4833333333333334,0.3499999999999999]"
da5_gap1_joint_amp0p5,three_class,5,adaptive_on_offset_residuals,rbf_svm,levels,clrt,0.3869444444444445,3600,READ|SELECT|OPERATE,0.543333333|0.312500000|0.305000000,"[[652,335,213],[631,375,194],[536,298,366]]","[0.5,0.3333333333333333,0.4166666666666667,0.3833333333333333,0.45,0.45,0.3833333333333333,0.3166666666666667,0.3833333333333333,0.4000000000000001,0.3333333333333333,0.25000000000000006,0.4166666666666667,0.3666666666666667,0.45,0.5166666666666667,0.35000000000000003,0.3833333333333333,0.39999999999999997,0.45,0.3666666666666667,0.4333333333333333,0.4166666666666667,0.45,0.3,0.35000000000000003,0.4833333333333334,0.3833333333333333,0.3333333333333333,0.39999999999999997,0.43333333333333335,0.3,0.3833333333333333,0.3333333333333333,0.3,0.4666666666666666,0.4833333333333334,0.3499999999999999,0.43333333333333335,0.4166666666666667,0.46666666666666673,0.3333333333333333,0.3833333333333333,0.3499999999999999,0.3333333333333333,0.25,0.35000000000000003,0.26666666666666666,0.3833333333333333,0.39999999999999997,0.39999999999999997,0.3166666666666667,0.4166666666666667,0.5,0.4000000000000001,0.2833333333333334,0.38333333333333336,0.3666666666666667,0.4666666666666666,0.4166666666666667]"
da5_gap1_joint_amp0p5,three_class,5,adaptive_on_obfuscated,rbf_svm,raw,ack_clrt,0.39055555555555554,3600,READ|SELECT|OPERATE,0.537500000|0.275833333|0.358333333,"[[645,328,227],[644,331,225],[499,271,430]]","[0.5166666666666666,0.3,0.45,0.4166666666666667,0.5,0.35000000000000003,0.4166666666666667,0.31666666666666665,0.3166666666666667,0.3333333333333333,0.35000000000000003,0.43333333333333335,0.4166666666666667,0.3666666666666667,0.3833333333333333,0.39999999999999997,0.3333333333333333,0.43333333333333335,0.43333333333333335,0.3666666666666667,0.35000000000000003,0.4000000000000001,0.4166666666666667,0.4000000000000001,0.25,0.2833333333333334,0.46666666666666673,0.45,0.3333333333333333,0.35000000000000003,0.4166666666666667,0.4166666666666667,0.4166666666666667,0.4166666666666667,0.3833333333333333,0.4833333333333334,0.3166666666666667,0.35000000000000003,0.39999999999999997,0.39999999999999997,0.48333333333333334,0.3666666666666667,0.4166666666666667,0.2833333333333333,0.45,0.3333333333333333,0.3499999999999999,0.38333333333333336,0.3333333333333333,0.43333333333333335,0.3833333333333333,0.39999999999999997,0.43333333333333335,0.3833333333333333,0.39999999999999997,0.3333333333333333,0.5833333333333334,0.4166666666666667,0.36666666666666664,0.3666666666666667]"
da5_gap1_joint_amp0p5,three_class,5,adaptive_on_obfuscated,rbf_svm,raw,clrt,0.38027777777777777,3600,READ|SELECT|OPERATE,0.420833333|0.347500000|0.372500000,"[[505,400,295],[478,417,305],[412,341,447]]","[0.5166666666666667,0.39999999999999997,0.4166666666666667,0.3,0.4166666666666667,0.4666666666666666,0.43333333333333335,0.3833333333333333,0.43333333333333335,0.3499999999999999,0.3499999999999999,0.3833333333333333,0.39999999999999997,0.3833333333333333,0.3833333333333333,0.4666666666666666,0.4166666666666667,0.45,0.38333333333333336,0.44999999999999996,0.31666666666666665,0.38333333333333336,0.3333333333333333,0.3666666666666667,0.3333333333333333,0.3333333333333333,0.39999999999999997,0.4000000000000001,0.3833333333333333,0.3499999999999999,0.23333333333333336,0.3333333333333333,0.3666666666666667,0.3333333333333333,0.4166666666666667,0.43333333333333335,0.3333333333333333,0.3333333333333333,0.3,0.3333333333333333,0.4000000000000001,0.4166666666666667,0.43333333333333335,0.3833333333333333,0.3833333333333333,0.31666666666666665,0.45,0.3,0.3833333333333333,0.4833333333333334,0.43333333333333335,0.36666666666666664,0.31666666666666665,0.4166666666666667,0.3,0.24999999999999997,0.35000000000000003,0.43333333333333335,0.3833333333333333,0.4166666666666667]"
da5_gap1_joint_amp0p5,three_class,5,adaptive_on_offset_residuals,rf,levels,ack_clrt,0.4677777777777778,3600,READ|SELECT|OPERATE,0.460000000|0.362500000|0.580833333,"[[552,406,242],[493,435,272],[236,267,697]]","[0.6,0.4166666666666667,0.5666666666666667,0.4000000000000001,0.5,0.4666666666666666,0.5333333333333333,0.5333333333333333,0.4833333333333334,0.3,0.3833333333333333,0.3333333333333333,0.43333333333333335,0.5666666666666665,0.3333333333333333,0.48333333333333334,0.5166666666666666,0.5,0.45,0.5166666666666667,0.45,0.5,0.38333333333333336,0.4666666666666666,0.4666666666666666,0.45,0.4666666666666666,0.4166666666666667,0.48333333333333334,0.4666666666666666,0.4666666666666666,0.5,0.39999999999999997,0.5166666666666666,0.39999999999999997,0.45,0.5166666666666667,0.5666666666666668,0.45,0.3833333333333333,0.45,0.5166666666666667,0.45,0.5333333333333333,0.39999999999999997,0.5666666666666667,0.4166666666666667,0.3833333333333333,0.45,0.5,0.5,0.4166666666666667,0.5666666666666667,0.3833333333333333,0.48333333333333334,0.5166666666666667,0.5666666666666667,0.4666666666666666,0.5833333333333334,0.4000000000000001]"
da5_gap1_joint_amp0p5,three_class,5,adaptive_on_offset_residuals,rf,levels,clrt,0.3972222222222222,3600,READ|SELECT|OPERATE,0.315000000|0.385000000|0.491666667,"[[378,434,388],[389,462,349],[285,325,590]]","[0.4166666666666667,0.31666666666666665,0.3666666666666667,0.4000000000000001,0.4666666666666666,0.39999999999999997,0.3499999999999999,0.3666666666666667,0.45,0.3666666666666667,0.39999999999999997,0.3499999999999999,0.35000000000000003,0.43333333333333335,0.43333333333333335,0.5499999999999999,0.45,0.3833333333333333,0.3833333333333333,0.35000000000000003,0.3499999999999999,0.39999999999999997,0.4166666666666667,0.43333333333333335,0.3666666666666667,0.4333333333333333,0.48333333333333334,0.46666666666666673,0.3499999999999999,0.5166666666666667,0.45,0.3499999999999999,0.35000000000000003,0.4000000000000001,0.35000000000000003,0.45,0.3666666666666667,0.4333333333333333,0.3833333333333333,0.4166666666666667,0.4166666666666667,0.3333333333333333,0.35000000000000003,0.35000000000000003,0.3166666666666667,0.4166666666666667,0.4000000000000001,0.31666666666666665,0.45,0.4666666666666666,0.36666666666666664,0.3833333333333333,0.35000000000000003,0.39999999999999997,0.2833333333333333,0.3333333333333333,0.48333333333333334,0.4166666666666667,0.4666666666666666,0.3833333333333333]"
da5_gap1_joint_amp0p5,three_class,5,adaptive_on_obfuscated,rf,raw,ack_clrt,0.4375,3600,READ|SELECT|OPERATE,0.420833333|0.368333333|0.523333333,"[[505,421,274],[503,442,255],[285,287,628]]","[0.5666666666666668,0.4166666666666667,0.38333333333333336,0.5499999999999999,0.45,0.4833333333333334,0.4000000000000001,0.45,0.4166666666666667,0.3333333333333333,0.43333333333333335,0.39999999999999997,0.5333333333333333,0.4333333333333333,0.43333333333333335,0.4833333333333334,0.48333333333333334,0.45,0.39999999999999997,0.4000000000000001,0.43333333333333335,0.48333333333333334,0.3833333333333333,0.45,0.3333333333333333,0.43333333333333335,0.4166666666666667,0.5166666666666667,0.39999999999999997,0.43333333333333335,0.43333333333333335,0.49999999999999994,0.3666666666666667,0.5499999999999999,0.4666666666666666,0.5,0.4166666666666667,0.4166666666666667,0.3833333333333333,0.4166666666666667,0.43333333333333335,0.4833333333333334,0.4000000000000001,0.3166666666666667,0.5,0.31666666666666665,0.3666666666666667,0.4166666666666667,0.49999999999999994,0.4833333333333332,0.43333333333333335,0.38333333333333336,0.45,0.3499999999999999,0.48333333333333334,0.39999999999999997,0.5833333333333334,0.43333333333333335,0.5,0.3833333333333333]"
da5_gap1_joint_amp0p5,three_class,5,adaptive_on_obfuscated,rf,raw,clrt,0.3819444444444444,3600,READ|SELECT|OPERATE,0.351666667|0.381666667|0.412500000,"[[422,413,365],[404,458,338],[347,358,495]]","[0.48333333333333334,0.26666666666666666,0.3833333333333333,0.39999999999999997,0.3833333333333333,0.39999999999999997,0.3333333333333333,0.4000000000000001,0.39999999999999997,0.35000000000000003,0.4166666666666667,0.4666666666666666,0.35000000000000003,0.3833333333333333,0.4666666666666666,0.4666666666666666,0.3,0.45,0.3,0.4166666666666667,0.39999999999999997,0.48333333333333334,0.4166666666666667,0.39999999999999997,0.31666666666666665,0.4166666666666667,0.36666666666666664,0.3,0.3833333333333333,0.3499999999999999,0.4166666666666667,0.3666666666666667,0.43333333333333335,0.3833333333333333,0.3833333333333333,0.4166666666666667,0.3833333333333333,0.3666666666666667,0.38333333333333336,0.31666666666666665,0.45,0.3333333333333333,0.3833333333333333,0.35000000000000003,0.4166666666666667,0.3333333333333333,0.39999999999999997,0.35000000000000003,0.38333333333333336,0.3833333333333333,0.4166666666666667,0.3166666666666667,0.35000000000000003,0.31666666666666665,0.31666666666666665,0.3,0.3,0.4666666666666666,0.5,0.35000000000000003]"
da5_gap1_joint_amp0p5,read_select,1,adaptive_on_offset_residuals,logistic,levels,ack_clrt,0.5076666666666667,12000,READ|SELECT,0.624333333|0.391000000,"[[3746,2254],[3654,2346]]","[0.485,0.5,0.545,0.575,0.485,0.54,0.51,0.5449999999999999,0.465,0.385,0.485,0.47,0.51,0.51,0.5,0.555,0.54,0.5,0.525,0.42000000000000004,0.555,0.505,0.47500000000000003,0.5,0.465,0.5449999999999999,0.51,0.45,0.5800000000000001,0.525,0.485,0.515,0.445,0.515,0.54,0.43000000000000005,0.515,0.5249999999999999,0.565,0.44,0.505,0.585,0.605,0.53,0.48,0.5700000000000001,0.485,0.49,0.515,0.485,0.47,0.505,0.615,0.545,0.4,0.49,0.42,0.585,0.6,0.445]"
da5_gap1_joint_amp0p5,read_select,1,adaptive_on_offset_residuals,logistic,levels,clrt,0.5026666666666666,12000,READ|SELECT,0.091666667|0.913666667,"[[550,5450],[518,5482]]","[0.5,0.5,0.52,0.49,0.495,0.5,0.52,0.49,0.475,0.53,0.51,0.505,0.495,0.515,0.5349999999999999,0.495,0.45999999999999996,0.505,0.485,0.485,0.48,0.495,0.495,0.515,0.505,0.5,0.49,0.505,0.505,0.485,0.52,0.5,0.5349999999999999,0.505,0.515,0.49,0.49000000000000005,0.515,0.53,0.485,0.495,0.5,0.505,0.515,0.525,0.525,0.47000000000000003,0.48,0.49,0.5,0.515,0.505,0.495,0.505,0.515,0.53,0.475,0.5449999999999999,0.485,0.515]"
da5_gap1_joint_amp0p5,read_select,1,adaptive_on_obfuscated,logistic,raw,ack_clrt,0.496,12000,READ|SELECT,0.280666667|0.711333333,"[[1684,4316],[1732,4268]]","[0.5,0.535,0.525,0.47,0.505,0.575,0.51,0.5,0.485,0.475,0.5,0.49,0.515,0.51,0.505,0.485,0.525,0.465,0.48,0.47500000000000003,0.505,0.535,0.51,0.445,0.51,0.48,0.465,0.5,0.49,0.505,0.47500000000000003,0.49,0.505,0.525,0.47,0.53,0.515,0.49,0.535,0.475,0.46499999999999997,0.47,0.52,0.44,0.51,0.525,0.49,0.46,0.495,0.48,0.485,0.465,0.525,0.53,0.49,0.54,0.445,0.52,0.45499999999999996,0.46499999999999997]"
da5_gap1_joint_amp0p5,read_select,1,adaptive_on_obfuscated,logistic,raw,clrt,0.49575,12000,READ|SELECT,0.331166667|0.660333333,"[[1987,4013],[2038,3962]]","[0.495,0.515,0.51,0.47,0.485,0.575,0.51,0.51,0.46499999999999997,0.49,0.495,0.475,0.49,0.515,0.525,0.465,0.515,0.47,0.45,0.485,0.52,0.52,0.49,0.45499999999999996,0.55,0.46499999999999997,0.495,0.47,0.47500000000000003,0.515,0.44999999999999996,0.495,0.515,0.515,0.485,0.52,0.515,0.49,0.52,0.48000000000000004,0.465,0.45999999999999996,0.525,0.45499999999999996,0.495,0.5349999999999999,0.51,0.45999999999999996,0.48,0.495,0.505,0.5,0.535,0.56,0.495,0.54,0.44499999999999995,0.505,0.48,0.45]"
da5_gap1_joint_amp0p5,read_select,1,adaptive_on_offset_residuals,rbf_svm,levels,ack_clrt,0.5028333333333334,12000,READ|SELECT,0.767833333|0.237833333,"[[4607,1393],[4573,1427]]","[0.51,0.45499999999999996,0.5349999999999999,0.535,0.48,0.54,0.5,0.545,0.505,0.41,0.515,0.505,0.51,0.495,0.5,0.48,0.505,0.475,0.52,0.515,0.525,0.58,0.47,0.505,0.49,0.5,0.49,0.525,0.55,0.55,0.505,0.5,0.47,0.49,0.515,0.505,0.5549999999999999,0.485,0.475,0.5,0.485,0.56,0.52,0.515,0.49,0.48,0.52,0.48,0.515,0.445,0.47000000000000003,0.525,0.495,0.5549999999999999,0.47,0.51,0.45499999999999996,0.51,0.53,0.42]"
da5_gap1_joint_amp0p5,read_select,1,adaptive_on_offset_residuals,rbf_svm,levels,clrt,0.501,12000,READ|SELECT,0.972000000|0.030000000,"[[5832,168],[5820,180]]","[0.495,0.49,0.5,0.505,0.505,0.5,0.485,0.515,0.505,0.505,0.5,0.49,0.5,0.485,0.495,0.495,0.5,0.5,0.51,0.5,0.5,0.51,0.51,0.51,0.52,0.5,0.51,0.5,0.505,0.505,0.49,0.505,0.49,0.505,0.5,0.52,0.51,0.505,0.5,0.5,0.495,0.5,0.485,0.485,0.495,0.5,0.505,0.51,0.51,0.51,0.495,0.51,0.505,0.505,0.485,0.5,0.505,0.495,0.505,0.485]"
da5_gap1_joint_amp0p5,read_select,1,adaptive_on_obfuscated,rbf_svm,raw,ack_clrt,0.49975,12000,READ|SELECT,0.489833333|0.509666667,"[[2939,3061],[2942,3058]]","[0.46499999999999997,0.43,0.49,0.5,0.485,0.485,0.445,0.485,0.45999999999999996,0.525,0.495,0.515,0.45,0.49,0.515,0.515,0.49,0.565,0.5249999999999999,0.48,0.5,0.52,0.47,0.5700000000000001,0.535,0.45499999999999996,0.5349999999999999,0.55,0.46499999999999997,0.485,0.475,0.52,0.54,0.5,0.505,0.5,0.4,0.47,0.45999999999999996,0.48,0.46499999999999997,0.535,0.485,0.525,0.475,0.55,0.53,0.56,0.45999999999999996,0.51,0.525,0.5549999999999999,0.47,0.49,0.5549999999999999,0.515,0.5449999999999999,0.475,0.52,0.495]"
da5_gap1_joint_amp0p5,read_select,1,adaptive_on_offset_residuals,rf,levels,ack_clrt,0.51025,12000,READ|SELECT,0.509333333|0.511166667,"[[3056,2944],[2933,3067]]","[0.475,0.525,0.545,0.46,0.575,0.45499999999999996,0.48000000000000004,0.525,0.49,0.475,0.505,0.555,0.49,0.495,0.475,0.54,0.54,0.53,0.585,0.51,0.535,0.5700000000000001,0.5,0.525,0.52,0.515,0.49,0.53,0.485,0.545,0.46499999999999997,0.5449999999999999,0.51,0.45499999999999996,0.47,0.49,0.515,0.575,0.565,0.46499999999999997,0.475,0.55,0.5449999999999999,0.505,0.525,0.505,0.47,0.44,0.47,0.55,0.5,0.515,0.575,0.45999999999999996,0.515,0.505,0.485,0.51,0.515,0.5]"
da5_gap1_joint_amp0p5,read_select,1,adaptive_on_offset_residuals,rf,levels,clrt,0.5073333333333334,12000,READ|SELECT,0.505666667|0.509000000,"[[3034,2966],[2946,3054]]","[0.505,0.46499999999999997,0.485,0.455,0.5449999999999999,0.505,0.54,0.475,0.44999999999999996,0.5549999999999999,0.515,0.52,0.495,0.485,0.435,0.515,0.48,0.505,0.55,0.515,0.53,0.5700000000000001,0.49,0.505,0.495,0.51,0.435,0.56,0.48,0.525,0.505,0.505,0.56,0.515,0.5449999999999999,0.5800000000000001,0.55,0.47,0.485,0.55,0.47,0.515,0.48,0.44999999999999996,0.49,0.505,0.51,0.48,0.46499999999999997,0.485,0.515,0.565,0.52,0.5,0.46,0.56,0.5349999999999999,0.525,0.49,0.56]"
da5_gap1_joint_amp0p5,read_select,1,adaptive_on_obfuscated,rf,raw,ack_clrt,0.512,12000,READ|SELECT,0.530166667|0.493833333,"[[3181,2819],[3037,2963]]","[0.505,0.525,0.51,0.5700000000000001,0.505,0.53,0.51,0.5449999999999999,0.475,0.455,0.5,0.52,0.495,0.5,0.53,0.495,0.495,0.525,0.505,0.45499999999999996,0.53,0.535,0.46499999999999997,0.505,0.51,0.54,0.56,0.56,0.53,0.49,0.485,0.565,0.51,0.475,0.51,0.52,0.485,0.455,0.515,0.55,0.475,0.5449999999999999,0.52,0.53,0.5549999999999999,0.515,0.5700000000000001,0.515,0.46,0.47,0.51,0.51,0.56,0.515,0.5,0.46499999999999997,0.51,0.5,0.52,0.53]"
da5_gap1_joint_amp0p5,read_select,20,adaptive_on_offset_residuals,logistic,levels,ack_clrt,0.535,600,READ|SELECT,0.583333333|0.486666667,"[[175,125],[154,146]]","[0.5,0.5,0.7,0.8,0.7,0.5,0.5,0.5,0.2,0.4,0.5,0.4,0.4,0.7,0.4,0.6,0.7,0.6000000000000001,0.5,0.9,0.7,0.5,0.6,0.5,0.2,0.5,0.7,0.4,0.6,0.4,0.5,0.30000000000000004,0.2,0.5,0.5,0.4,0.5,0.30000000000000004,0.8,0.7,0.5,0.6,0.7,0.5,0.5,0.7,0.7,0.6000000000000001,0.30000000000000004,0.4,0.5,0.7,0.8,0.6000000000000001,0.30000000000000004,0.6000000000000001,0.7,0.7,0.6000000000000001,0.30000000000000004]"
da5_gap1_joint_amp0p5,read_select,20,adaptive_on_offset_residuals,logistic,levels,clrt,0.5583333333333333,600,READ|SELECT,0.466666667|0.650000000,"[[140,160],[105,195]]","[0.6000000000000001,0.5,0.6000000000000001,0.6000000000000001,0.7,0.7,0.4,0.5,0.5,0.7,0.5,0.5,0.7,0.7,0.6000000000000001,0.8,0.6000000000000001,0.4,0.4,1.0,0.8,0.30000000000000004,0.7,0.5,0.2,0.8,0.6000000000000001,0.6000000000000001,0.6000000000000001,0.30000000000000004,0.7,0.4,0.4,0.7,0.6000000000000001,0.5,0.7,0.5,0.6000000000000001,0.8,0.6000000000000001,0.6,0.7,0.6,0.5,0.6,0.6000000000000001,0.6000000000000001,0.6,0.30000000000000004,0.4,0.5,0.7,0.5,0.30000000000000004,0.4,0.7,0.30000000000000004,0.30000000000000004,0.4]"
da5_gap1_joint_amp0p5,read_select,1,adaptive_on_obfuscated,rbf_svm,raw,clrt,0.5015833333333334,12000,READ|SELECT,0.963333333|0.039833333,"[[5780,220],[5761,239]]","[0.495,0.5,0.505,0.5,0.505,0.5,0.48000000000000004,0.51,0.505,0.505,0.5,0.49,0.495,0.49,0.49000000000000005,0.49,0.505,0.49000000000000005,0.51,0.51,0.5,0.515,0.51,0.515,0.525,0.505,0.5,0.505,0.5,0.495,0.495,0.51,0.49,0.505,0.5,0.515,0.515,0.5,0.5,0.5,0.49,0.505,0.49,0.495,0.48,0.505,0.515,0.53,0.52,0.51,0.5,0.5,0.495,0.505,0.48500000000000004,0.5,0.515,0.495,0.5,0.485]"
da5_gap1_joint_amp0p5,read_select,20,adaptive_on_obfuscated,logistic,raw,ack_clrt,0.5183333333333333,600,READ|SELECT,0.486666667|0.550000000,"[[146,154],[135,165]]","[0.30000000000000004,0.30000000000000004,0.5,0.7,0.5,0.30000000000000004,0.3,0.5,0.2,0.6,0.6,0.7,0.5,0.5,0.6,0.5,0.6,0.7,0.5,0.4,0.6000000000000001,0.4,0.30000000000000004,0.6000000000000001,0.2,0.6,0.6,0.7,0.3,0.7,0.6000000000000001,0.5,0.6,0.5,0.6,0.6000000000000001,0.30000000000000004,0.4,0.30000000000000004,0.6000000000000001,0.5,0.7,0.5,0.6000000000000001,0.6,0.6,0.6000000000000001,0.6,0.2,0.5,0.5,0.8,0.5,0.5,0.6,0.6000000000000001,1.0,0.30000000000000004,0.5,0.6]"
da5_gap1_joint_amp0p5,read_select,1,adaptive_on_obfuscated,rf,raw,clrt,0.5014166666666666,12000,READ|SELECT,0.486666667|0.516166667,"[[2920,3080],[2903,3097]]","[0.46499999999999997,0.485,0.38,0.55,0.54,0.5449999999999999,0.515,0.5,0.495,0.54,0.46499999999999997,0.525,0.49,0.48,0.48,0.505,0.5349999999999999,0.52,0.5449999999999999,0.495,0.53,0.5449999999999999,0.52,0.51,0.475,0.475,0.475,0.6,0.48,0.515,0.505,0.495,0.515,0.46499999999999997,0.495,0.5449999999999999,0.5,0.475,0.485,0.495,0.515,0.49,0.435,0.45499999999999996,0.575,0.44,0.48,0.5,0.49,0.515,0.505,0.495,0.48,0.55,0.47,0.5349999999999999,0.54,0.525,0.51,0.425]"
da5_gap1_joint_amp0p5,read_select,20,adaptive_on_obfuscated,logistic,raw,clrt,0.55,600,READ|SELECT,0.400000000|0.700000000,"[[120,180],[90,210]]","[0.6,0.8,0.5,0.7,0.7,0.30000000000000004,0.4,0.30000000000000004,0.5,0.9,0.5,0.5,0.6000000000000001,0.7,0.30000000000000004,0.5,0.4,0.5,0.6,0.7,0.5,0.2,0.7,0.6,0.4,0.6000000000000001,0.4,0.4,0.5,0.5,0.6,0.5,0.5,0.7,0.4,0.5,0.5,0.7,0.7,0.8,1.0,0.7,0.4,0.5,0.5,0.4,0.7,0.6,0.5,0.5,0.5,0.7,0.4,0.3,0.5,0.6,0.8,0.4,0.6,0.7]"
da5_gap1_joint_amp0p5,read_select,20,adaptive_on_offset_residuals,rbf_svm,levels,ack_clrt,0.53,600,READ|SELECT,0.520000000|0.540000000,"[[156,144],[138,162]]","[0.30000000000000004,0.6,0.6000000000000001,0.6,0.9,0.7,0.7,0.5,0.4,0.30000000000000004,0.4,0.5,0.30000000000000004,0.4,0.7,0.4,0.5,0.30000000000000004,0.7,0.7,0.8,0.9,0.4,0.5,0.6000000000000001,0.30000000000000004,0.4,0.5,0.4,0.7,0.6,0.6,0.2,0.7,0.7,0.8,0.7,0.30000000000000004,0.8,0.6000000000000001,0.30000000000000004,0.7,0.5,0.4,0.30000000000000004,0.7,0.30000000000000004,0.6000000000000001,0.4,0.6,0.6,0.6,0.4,0.5,0.3,0.5,0.5,0.6000000000000001,0.6000000000000001,0.4]"
da5_gap1_joint_amp0p5,read_select,20,adaptive_on_offset_residuals,rbf_svm,levels,clrt,0.5166666666666666,600,READ|SELECT,0.476666667|0.556666667,"[[143,157],[133,167]]","[0.4,0.5,0.6000000000000001,0.7,0.8,0.6,0.4,0.5,0.4,0.5,0.5,0.6,0.30000000000000004,0.2,0.7,0.5,0.30000000000000004,0.4,0.5,0.9,0.6000000000000001,0.8,0.6000000000000001,0.6000000000000001,0.8,0.5,0.4,0.4,0.5,0.6,0.6,0.5,0.2,0.5,0.6,0.7,0.6000000000000001,0.30000000000000004,0.7,0.7,0.2,0.6000000000000001,0.4,0.4,0.30000000000000004,0.7,0.4,0.8,0.5,0.7,0.6,0.4,0.2,0.4,0.4,0.6000000000000001,0.6000000000000001,0.5,0.5,0.30000000000000004]"
da5_gap1_joint_amp0p5,read_select,20,adaptive_on_obfuscated,rbf_svm,raw,ack_clrt,0.5,600,READ|SELECT,0.566666667|0.433333333,"[[170,130],[170,130]]","[0.4,0.5,0.4,0.30000000000000004,0.5,0.6000000000000001,0.30000000000000004,0.6,0.5,0.4,0.30000000000000004,0.6000000000000001,0.30000000000000004,0.4,0.8,0.4,0.5,0.7,0.5,0.4,0.5,0.8,0.4,0.30000000000000004,0.7,0.6,0.5,0.8,0.7,0.7,0.5,0.4,0.5,0.7,0.5,0.6,0.6000000000000001,0.30000000000000004,0.5,0.4,0.5,0.5,0.3,0.4,0.30000000000000004,0.6000000000000001,0.2,0.4,0.5,0.6,0.6000000000000001,0.7,0.30000000000000004,0.6,0.5,0.4,0.6,0.5,0.7,0.4]"
da5_gap1_joint_amp0p5,read_select,20,adaptive_on_obfuscated,rbf_svm,raw,clrt,0.525,600,READ|SELECT,0.593333333|0.456666667,"[[178,122],[163,137]]","[0.5,0.5,0.6000000000000001,0.6,0.6,0.6000000000000001,0.4,0.5,0.6000000000000001,0.4,0.5,0.5,0.4,0.30000000000000004,0.7,0.30000000000000004,0.5,0.5,0.5,0.8,0.6000000000000001,0.9,0.6,0.5,0.8,0.5,0.7,0.5,0.5,0.7,0.4,0.4,0.30000000000000004,0.6,0.5,0.5,0.7,0.4,0.6,0.5,0.2,0.6000000000000001,0.6,0.4,0.5,0.8,0.6,0.6,0.4,0.8,0.5,0.5,0.4,0.4,0.3,0.5,0.5,0.5,0.6000000000000001,0.30000000000000004]"
da5_gap1_joint_amp0p5,read_select,20,adaptive_on_offset_residuals,rf,levels,ack_clrt,0.5616666666666666,600,READ|SELECT,0.533333333|0.590000000,"[[160,140],[123,177]]","[0.4,0.5,0.6000000000000001,0.5,0.6,0.6,0.5,0.8,0.5,0.4,0.7,0.6,0.4,0.6,0.6,0.5,0.6000000000000001,0.4,0.6000000000000001,0.6,0.6,0.9,0.5,0.8,0.5,0.5,0.4,0.4,0.6,0.7,0.6,0.6,0.5,0.4,0.6000000000000001,0.7,0.5,0.4,0.8,0.7,0.5,0.7,0.4,0.5,0.4,0.6,0.30000000000000004,0.5,0.6,0.6,0.7,0.5,0.5,0.6000000000000001,0.6000000000000001,0.8,0.30000000000000004,0.7,0.6000000000000001,0.6000000000000001]"
da5_gap1_joint_amp0p5,read_select,20,adaptive_on_offset_residuals,rf,levels,clrt,0.525,600,READ|SELECT,0.496666667|0.553333333,"[[149,151],[134,166]]","[0.5,0.5,0.6,0.6,0.6000000000000001,0.7,0.5,0.4,0.6,0.7,0.5,0.5,0.5,0.30000000000000004,0.7,0.6,0.2,0.4,0.6,0.9,0.7,0.7,0.5,0.7,0.6000000000000001,0.5,0.6,0.5,0.5,0.4,0.5,0.4,0.30000000000000004,0.5,0.6,0.8,0.6,0.6,0.8,0.8,0.5,0.4,0.5,0.5,0.30000000000000004,0.5,0.2,0.7,0.6000000000000001,0.7,0.4,0.4,0.5,0.5,0.2,0.5,0.5,0.30000000000000004,0.6,0.2]"
da5_gap1_joint_amp0p5,read_select,20,adaptive_on_obfuscated,rf,raw,ack_clrt,0.5366666666666666,600,READ|SELECT,0.506666667|0.566666667,"[[152,148],[130,170]]","[0.4,0.5,0.5,0.7,0.4,0.5,0.5,0.7,0.5,0.4,0.5,0.6,0.3,0.1,0.8,0.5,0.4,0.5,0.7,0.4,0.6,0.8,0.5,0.7,0.5,0.4,0.8,0.9,0.6,0.6,0.4,0.5,0.6000000000000001,0.5,0.5,0.8,0.6,0.4,0.7,0.4,0.5,0.7,0.6,0.4,0.30000000000000004,0.7,0.7,0.6000000000000001,0.5,0.6,0.5,0.5,0.4,0.6,0.4,0.5,0.6000000000000001,0.30000000000000004,0.7,0.4]"
da5_gap1_joint_amp0p5,read_select,20,adaptive_on_obfuscated,rf,raw,clrt,0.5416666666666667,600,READ|SELECT,0.550000000|0.533333333,"[[165,135],[140,160]]","[0.6000000000000001,0.5,0.6,0.6000000000000001,0.4,0.5,0.30000000000000004,0.7,0.7,0.4,0.8,0.4,0.4,0.2,0.6,0.5,0.6,0.6000000000000001,0.7,0.8,0.6000000000000001,0.8,0.5,0.5,0.7,0.5,0.7,0.6000000000000001,0.5,0.6000000000000001,0.2,0.4,0.6,0.30000000000000004,0.7,0.8,0.6,0.6,0.7,0.8,0.30000000000000004,0.4,0.6000000000000001,0.30000000000000004,0.5,0.8,0.7,0.4,0.4,0.9,0.4,0.6000000000000001,0.4,0.5,0.3,0.4,0.6000000000000001,0.5,0.6,0.3]"
da5_gap1_joint_amp0p5,read_select,5,adaptive_on_offset_residuals,logistic,levels,ack_clrt,0.53,2400,READ|SELECT,0.585833333|0.474166667,"[[703,497],[631,569]]","[0.575,0.525,0.55,0.525,0.55,0.55,0.525,0.4,0.55,0.45,0.5,0.35,0.5,0.575,0.5249999999999999,0.6000000000000001,0.55,0.55,0.575,0.675,0.65,0.575,0.5,0.475,0.375,0.45,0.55,0.525,0.525,0.47500000000000003,0.6000000000000001,0.42500000000000004,0.475,0.575,0.47500000000000003,0.7,0.55,0.55,0.6,0.625,0.55,0.5,0.625,0.55,0.375,0.475,0.525,0.5,0.5,0.475,0.55,0.525,0.6,0.6499999999999999,0.475,0.47500000000000003,0.45,0.55,0.6499999999999999,0.525]"
da5_gap1_joint_amp0p5,read_select,5,adaptive_on_offset_residuals,logistic,levels,clrt,0.5208333333333333,2400,READ|SELECT,0.648333333|0.393333333,"[[778,422],[728,472]]","[0.65,0.45,0.5,0.475,0.5249999999999999,0.575,0.5,0.4,0.5249999999999999,0.575,0.475,0.425,0.5,0.575,0.525,0.6,0.55,0.6000000000000001,0.475,0.75,0.55,0.575,0.45,0.5,0.4,0.475,0.55,0.525,0.475,0.55,0.575,0.45,0.525,0.475,0.5,0.675,0.575,0.45,0.55,0.575,0.55,0.45,0.675,0.5,0.42500000000000004,0.425,0.55,0.45,0.525,0.475,0.55,0.5,0.55,0.625,0.45,0.45,0.55,0.4,0.575,0.525]"
da5_gap1_joint_amp0p5,read_select,5,adaptive_on_obfuscated,logistic,raw,ack_clrt,0.50125,2400,READ|SELECT,0.569166667|0.433333333,"[[683,517],[680,520]]","[0.5,0.47500000000000003,0.55,0.575,0.575,0.4,0.55,0.4,0.35,0.525,0.5,0.625,0.575,0.4,0.475,0.55,0.45,0.5,0.55,0.4,0.5,0.525,0.475,0.6000000000000001,0.35,0.425,0.425,0.55,0.42500000000000004,0.375,0.575,0.625,0.575,0.475,0.525,0.575,0.4,0.575,0.35,0.525,0.425,0.6499999999999999,0.45,0.475,0.525,0.47500000000000003,0.55,0.65,0.475,0.42500000000000004,0.525,0.525,0.525,0.5,0.4,0.4,0.8,0.475,0.5,0.55]"
da5_gap1_joint_amp0p5,read_select,5,adaptive_on_obfuscated,logistic,raw,clrt,0.5304166666666666,2400,READ|SELECT,0.484166667|0.576666667,"[[581,619],[508,692]]","[0.5,0.5,0.5,0.65,0.625,0.525,0.575,0.45,0.525,0.6499999999999999,0.525,0.55,0.6000000000000001,0.525,0.475,0.525,0.525,0.45,0.525,0.47500000000000003,0.5,0.325,0.47500000000000003,0.55,0.475,0.6,0.5,0.625,0.575,0.375,0.575,0.5,0.55,0.5,0.6,0.525,0.4,0.675,0.55,0.55,0.625,0.525,0.42500000000000004,0.55,0.675,0.45,0.5,0.55,0.425,0.425,0.525,0.6000000000000001,0.5,0.5,0.6000000000000001,0.5249999999999999,0.7,0.5,0.475,0.6499999999999999]"
da5_gap1_joint_amp0p5,read_select,5,adaptive_on_offset_residuals,rbf_svm,levels,ack_clrt,0.5395833333333333,2400,READ|SELECT,0.630000000|0.449166667,"[[756,444],[661,539]]","[0.6,0.525,0.6000000000000001,0.525,0.45,0.5249999999999999,0.575,0.475,0.375,0.35000000000000003,0.575,0.575,0.55,0.575,0.575,0.575,0.65,0.475,0.675,0.4,0.575,0.6,0.475,0.525,0.55,0.6499999999999999,0.625,0.525,0.575,0.7,0.55,0.55,0.42500000000000004,0.5,0.47500000000000003,0.65,0.625,0.5,0.5,0.625,0.575,0.575,0.525,0.45,0.375,0.625,0.55,0.475,0.4,0.375,0.4,0.675,0.575,0.7,0.47500000000000003,0.575,0.5,0.6,0.675,0.45]"
da5_gap1_joint_amp0p5,read_select,5,adaptive_on_offset_residuals,rbf_svm,levels,clrt,0.5183333333333333,2400,READ|SELECT,0.659166667|0.377500000,"[[791,409],[747,453]]","[0.65,0.475,0.55,0.55,0.475,0.525,0.475,0.325,0.55,0.55,0.525,0.42500000000000004,0.525,0.55,0.575,0.65,0.5,0.7,0.525,0.675,0.525,0.6000000000000001,0.45,0.575,0.42500000000000004,0.475,0.5249999999999999,0.575,0.47500000000000003,0.55,0.575,0.425,0.525,0.475,0.5,0.65,0.6,0.425,0.55,0.575,0.525,0.42500000000000004,0.65,0.4,0.375,0.375,0.575,0.42500000000000004,0.5,0.55,0.5249999999999999,0.5,0.55,0.625,0.47500000000000003,0.425,0.5,0.4,0.55,0.5]"
da5_gap1_joint_amp0p5,read_select,5,adaptive_on_obfuscated,rbf_svm,raw,ack_clrt,0.50125,2400,READ|SELECT,0.642500000|0.360000000,"[[771,429],[768,432]]","[0.5,0.375,0.525,0.525,0.65,0.375,0.47500000000000003,0.45,0.325,0.47500000000000003,0.45,0.55,0.475,0.525,0.5,0.5,0.5,0.625,0.575,0.425,0.525,0.525,0.45,0.55,0.375,0.42500000000000004,0.475,0.625,0.45,0.42500000000000004,0.5,0.55,0.575,0.525,0.5,0.525,0.4,0.55,0.4,0.4,0.575,0.55,0.475,0.475,0.575,0.45,0.525,0.675,0.475,0.475,0.525,0.625,0.5,0.5,0.55,0.42500000000000004,0.675,0.475,0.525,0.475]"
da5_gap1_joint_amp0p5,read_select,5,adaptive_on_obfuscated,rbf_svm,raw,clrt,0.5083333333333333,2400,READ|SELECT,0.865000000|0.151666667,"[[1038,162],[1018,182]]","[0.525,0.475,0.47500000000000003,0.475,0.525,0.47500000000000003,0.5,0.5,0.575,0.47500000000000003,0.42500000000000004,0.42500000000000004,0.5,0.47500000000000003,0.55,0.42500000000000004,0.5,0.575,0.475,0.5,0.5,0.55,0.5,0.55,0.5,0.525,0.55,0.575,0.525,0.475,0.45,0.45,0.47500000000000003,0.525,0.5,0.55,0.525,0.475,0.42500000000000004,0.5,0.47500000000000003,0.6,0.525,0.525,0.5,0.5,0.575,0.55,0.525,0.5,0.525,0.575,0.47500000000000003,0.475,0.47500000000000003,0.525,0.6,0.5,0.575,0.525]"
da5_gap1_joint_amp0p5,read_select,5,adaptive_on_offset_residuals,rf,levels,ack_clrt,0.5229166666666667,2400,READ|SELECT,0.550000000|0.495833333,"[[660,540],[605,595]]","[0.6,0.6,0.475,0.375,0.55,0.45,0.625,0.55,0.3,0.375,0.525,0.35,0.525,0.5,0.475,0.65,0.7,0.525,0.525,0.5,0.525,0.525,0.35,0.525,0.575,0.575,0.45,0.575,0.4,0.575,0.5,0.625,0.475,0.575,0.45,0.65,0.675,0.675,0.4,0.45,0.625,0.55,0.4,0.675,0.525,0.625,0.6,0.55,0.45,0.525,0.525,0.5,0.525,0.575,0.45,0.42500000000000004,0.575,0.55,0.55,0.45]"
da5_gap1_joint_amp0p5,read_select,5,adaptive_on_offset_residuals,rf,levels,clrt,0.5254166666666666,2400,READ|SELECT,0.510833333|0.540000000,"[[613,587],[552,648]]","[0.4,0.5,0.5,0.575,0.525,0.5,0.6000000000000001,0.47500000000000003,0.575,0.45,0.55,0.5,0.4,0.55,0.47500000000000003,0.6499999999999999,0.6499999999999999,0.75,0.525,0.525,0.47500000000000003,0.44999999999999996,0.5,0.475,0.575,0.525,0.6499999999999999,0.65,0.45,0.6499999999999999,0.525,0.47500000000000003,0.525,0.5249999999999999,0.47500000000000003,0.525,0.45,0.55,0.675,0.575,0.5,0.55,0.45,0.45,0.475,0.4,0.55,0.55,0.375,0.625,0.6000000000000001,0.6,0.525,0.575,0.4,0.575,0.525,0.4,0.55,0.475]"
da5_gap1_joint_amp0p5,read_select,5,adaptive_on_obfuscated,rf,raw,ack_clrt,0.52125,2400,READ|SELECT,0.553333333|0.489166667,"[[664,536],[613,587]]","[0.5,0.47500000000000003,0.45,0.6000000000000001,0.475,0.625,0.45,0.475,0.575,0.35,0.525,0.5,0.45,0.45,0.65,0.525,0.475,0.6000000000000001,0.625,0.47500000000000003,0.55,0.625,0.47500000000000003,0.625,0.475,0.4,0.55,0.575,0.525,0.45,0.475,0.5,0.475,0.65,0.575,0.6000000000000001,0.575,0.55,0.42500000000000004,0.5,0.44999999999999996,0.65,0.525,0.55,0.625,0.5,0.5,0.625,0.5,0.475,0.65,0.42500000000000004,0.575,0.4,0.425,0.475,0.525,0.65,0.6000000000000001,0.325]"
da5_gap1_joint_amp0p5,read_select,5,adaptive_on_obfuscated,rf,raw,clrt,0.5058333333333334,2400,READ|SELECT,0.508333333|0.503333333,"[[610,590],[596,604]]","[0.525,0.47500000000000003,0.3,0.55,0.42500000000000004,0.55,0.5,0.35,0.575,0.4,0.42500000000000004,0.55,0.425,0.525,0.575,0.625,0.325,0.625,0.525,0.5249999999999999,0.7250000000000001,0.6000000000000001,0.375,0.42500000000000004,0.4,0.45,0.675,0.47500000000000003,0.5,0.55,0.45,0.4,0.55,0.575,0.55,0.625,0.525,0.575,0.5,0.475,0.475,0.575,0.525,0.45,0.6499999999999999,0.525,0.65,0.525,0.525,0.5,0.6,0.44999999999999996,0.5,0.325,0.375,0.5,0.45,0.5,0.575,0.5]"
da10_gap1_joint_amp0p5,three_class,1,adaptive_on_offset_residuals,logistic,levels,ack_clrt,0.38911111111111113,18000,READ|SELECT|OPERATE,0.582666667|0.195333333|0.389333333,"[[3496,1068,1436],[3447,1172,1381],[2431,1233,2336]]","[0.41,0.37333333333333335,0.38666666666666666,0.3466666666666667,0.41333333333333333,0.38666666666666666,0.4566666666666667,0.3933333333333333,0.43,0.3733333333333333,0.38999999999999996,0.36000000000000004,0.43,0.35333333333333333,0.3866666666666667,0.3766666666666667,0.37666666666666665,0.3766666666666667,0.3866666666666667,0.3466666666666667,0.37333333333333335,0.3466666666666667,0.37999999999999995,0.42999999999999994,0.3866666666666667,0.3866666666666667,0.43333333333333335,0.3833333333333333,0.39666666666666667,0.38666666666666666,0.3733333333333333,0.42,0.37999999999999995,0.4266666666666667,0.41999999999999993,0.36999999999999994,0.4033333333333333,0.37333333333333335,0.38666666666666666,0.4166666666666667,0.42333333333333334,0.41,0.41,0.4333333333333333,0.37000000000000005,0.38999999999999996,0.38000000000000006,0.36666666666666664,0.3333333333333333,0.37333333333333335,0.38666666666666666,0.38666666666666666,0.35999999999999993,0.38999999999999996,0.38333333333333336,0.37666666666666665,0.36999999999999994,0.3666666666666667,0.4266666666666666,0.3833333333333333]"
da10_gap1_joint_amp0p5,three_class,1,adaptive_on_offset_residuals,logistic,levels,clrt,0.3214444444444444,18000,READ|SELECT|OPERATE,0.026000000|0.913500000|0.024833333,"[[156,5462,382],[102,5481,417],[162,5689,149]]","[0.30333333333333334,0.31,0.3166666666666667,0.33,0.3333333333333333,0.3433333333333333,0.3333333333333333,0.32,0.31,0.3233333333333333,0.3166666666666667,0.3166666666666667,0.33,0.3166666666666667,0.29333333333333333,0.30333333333333334,0.31333333333333335,0.3166666666666667,0.34,0.31,0.3133333333333333,0.31,0.32,0.3233333333333333,0.33,0.3333333333333333,0.3233333333333333,0.31333333333333335,0.32,0.31666666666666665,0.31333333333333335,0.37333333333333335,0.33666666666666667,0.34,0.3166666666666667,0.30333333333333334,0.32666666666666666,0.3,0.32666666666666666,0.31333333333333335,0.32666666666666666,0.34,0.31333333333333335,0.2966666666666667,0.33,0.3333333333333333,0.3166666666666667,0.33,0.2966666666666667,0.31,0.3233333333333333,0.32,0.32666666666666666,0.33,0.3166666666666667,0.33,0.33,0.3166666666666667,0.33,0.33666666666666667]"
da10_gap1_joint_amp0p5,three_class,1,adaptive_on_obfuscated,logistic,raw,ack_clrt,0.32661111111111113,18000,READ|SELECT|OPERATE,0.379333333|0.538000000|0.062500000,"[[2276,3230,494],[2314,3228,458],[2394,3231,375]]","[0.35666666666666663,0.29,0.3233333333333333,0.35666666666666663,0.31,0.3166666666666667,0.3033333333333333,0.31,0.28,0.36000000000000004,0.3466666666666667,0.33,0.3433333333333333,0.32666666666666666,0.37333333333333335,0.32,0.3233333333333333,0.31666666666666665,0.33666666666666667,0.33666666666666667,0.3033333333333333,0.29333333333333333,0.3033333333333333,0.31,0.35333333333333333,0.3766666666666667,0.31,0.27666666666666667,0.34,0.3466666666666667,0.37333333333333335,0.32666666666666666,0.2866666666666667,0.35000000000000003,0.34,0.3233333333333333,0.31666666666666665,0.3433333333333333,0.3233333333333333,0.34,0.3033333333333333,0.27999999999999997,0.3233333333333333,0.34,0.30666666666666664,0.27666666666666667,0.3466666666666667,0.3333333333333333,0.3333333333333333,0.31333333333333335,0.33,0.3233333333333333,0.34,0.3333333333333333,0.3333333333333333,0.30333333333333334,0.3666666666666667,0.38666666666666666,0.33666666666666667,0.29]"
da10_gap1_joint_amp0p5,three_class,1,adaptive_on_obfuscated,logistic,raw,clrt,0.31755555555555554,18000,READ|SELECT|OPERATE,0.455000000|0.484000000|0.013666667,"[[2730,2941,329],[2765,2904,331],[3029,2889,82]]","[0.3466666666666667,0.2833333333333333,0.2966666666666667,0.33666666666666667,0.2733333333333334,0.3133333333333333,0.3,0.2866666666666667,0.29333333333333333,0.33666666666666667,0.3233333333333333,0.32,0.33666666666666667,0.31666666666666665,0.32666666666666666,0.33,0.3033333333333333,0.3133333333333333,0.32666666666666666,0.35333333333333333,0.3,0.28,0.2966666666666667,0.31,0.36333333333333334,0.36999999999999994,0.32,0.2733333333333334,0.32,0.35333333333333333,0.3466666666666667,0.3333333333333333,0.2833333333333333,0.33666666666666667,0.33,0.32666666666666666,0.30333333333333334,0.33,0.33,0.33,0.3,0.2833333333333334,0.32666666666666666,0.3433333333333333,0.3033333333333333,0.2833333333333333,0.32666666666666666,0.33666666666666667,0.30333333333333334,0.31,0.3433333333333333,0.29,0.30666666666666664,0.31333333333333335,0.3,0.29333333333333333,0.37666666666666665,0.36333333333333334,0.31666666666666665,0.28]"
da10_gap1_joint_amp0p5,three_class,1,adaptive_on_offset_residuals,rbf_svm,levels,clrt,0.38633333333333336,18000,READ|SELECT|OPERATE,0.008333333|0.285166667|0.865500000,"[[50,1745,4205],[17,1711,4272],[39,768,5193]]","[0.38000000000000006,0.3666666666666667,0.4066666666666667,0.4066666666666667,0.39333333333333337,0.4166666666666667,0.4066666666666667,0.3433333333333333,0.39666666666666667,0.4166666666666667,0.39999999999999997,0.3666666666666667,0.41333333333333333,0.3866666666666667,0.36999999999999994,0.3566666666666667,0.39333333333333337,0.38000000000000006,0.41333333333333333,0.3833333333333333,0.39333333333333337,0.41,0.37333333333333335,0.36999999999999994,0.3666666666666667,0.4166666666666667,0.37333333333333335,0.39999999999999997,0.39333333333333337,0.42,0.3866666666666667,0.3633333333333333,0.3866666666666667,0.39999999999999997,0.4033333333333333,0.41333333333333333,0.37333333333333335,0.38999999999999996,0.3666666666666667,0.41333333333333333,0.38333333333333336,0.3866666666666667,0.39999999999999997,0.4033333333333333,0.35333333333333333,0.4266666666666667,0.36000000000000004,0.3666666666666667,0.37666666666666665,0.3633333333333333,0.33666666666666667,0.3566666666666667,0.39666666666666667,0.3566666666666667,0.3666666666666667,0.4066666666666667,0.42,0.35666666666666663,0.37999999999999995,0.37333333333333335]"
da10_gap1_joint_amp0p5,three_class,1,adaptive_on_offset_residuals,rbf_svm,levels,ack_clrt,0.4357222222222222,18000,READ|SELECT|OPERATE,0.448166667|0.347333333|0.511666667,"[[2689,1936,1375],[2585,2084,1331],[1684,1246,3070]]","[0.47333333333333333,0.42,0.44,0.39000000000000007,0.49666666666666676,0.4266666666666667,0.52,0.49,0.45999999999999996,0.4166666666666667,0.4633333333333334,0.42,0.49333333333333335,0.4266666666666667,0.4366666666666667,0.45,0.41,0.45,0.43333333333333335,0.37000000000000005,0.42333333333333334,0.4066666666666667,0.42,0.4266666666666667,0.4000000000000001,0.39666666666666667,0.47333333333333333,0.4366666666666667,0.43999999999999995,0.4366666666666667,0.39999999999999997,0.4166666666666667,0.4066666666666667,0.49666666666666676,0.5333333333333333,0.4166666666666667,0.4266666666666666,0.42333333333333334,0.4466666666666666,0.44333333333333336,0.4166666666666667,0.4633333333333334,0.45,0.5266666666666667,0.38333333333333336,0.42333333333333334,0.41333333333333333,0.4266666666666667,0.37333333333333335,0.41333333333333333,0.49666666666666665,0.42333333333333334,0.4033333333333333,0.43,0.4566666666666666,0.3933333333333333,0.4466666666666667,0.3966666666666667,0.4833333333333334,0.36666666666666664]"
da10_gap1_joint_amp0p5,three_class,1,adaptive_on_offset_residuals,rf,levels,ack_clrt,0.44672222222222224,18000,READ|SELECT|OPERATE,0.385666667|0.366000000|0.588500000,"[[2314,2098,1588],[2173,2196,1631],[1175,1294,3531]]","[0.4466666666666667,0.4033333333333333,0.43999999999999995,0.47000000000000003,0.49666666666666676,0.45,0.5,0.4033333333333333,0.42333333333333334,0.44333333333333336,0.47000000000000003,0.4466666666666667,0.5033333333333333,0.4266666666666667,0.44,0.4666666666666666,0.4566666666666666,0.49000000000000005,0.45999999999999996,0.44,0.4833333333333334,0.49,0.43999999999999995,0.44333333333333336,0.3833333333333333,0.47333333333333333,0.4333333333333333,0.40666666666666673,0.4466666666666667,0.4366666666666666,0.4566666666666667,0.41,0.41,0.5066666666666667,0.4533333333333333,0.47666666666666674,0.49333333333333335,0.4466666666666666,0.47000000000000003,0.4766666666666666,0.4166666666666667,0.52,0.39666666666666667,0.49,0.3866666666666667,0.42333333333333334,0.42333333333333334,0.4366666666666667,0.38999999999999996,0.45,0.4533333333333333,0.41333333333333333,0.37666666666666665,0.49666666666666676,0.47000000000000003,0.37333333333333335,0.4266666666666667,0.4566666666666667,0.4633333333333334,0.4266666666666667]"
da10_gap1_joint_amp0p5,three_class,1,adaptive_on_offset_residuals,rf,levels,clrt,0.39961111111111114,18000,READ|SELECT|OPERATE,0.339666667|0.359000000|0.500166667,"[[2038,2079,1883],[2037,2154,1809],[1507,1492,3001]]","[0.45,0.41,0.41333333333333333,0.4366666666666666,0.41333333333333333,0.4533333333333333,0.37666666666666665,0.35000000000000003,0.41,0.38666666666666666,0.3866666666666667,0.40666666666666673,0.43333333333333335,0.4066666666666667,0.43999999999999995,0.3733333333333333,0.40666666666666673,0.4266666666666667,0.43,0.37000000000000005,0.3833333333333333,0.35666666666666663,0.4033333333333333,0.4000000000000001,0.3633333333333333,0.4166666666666667,0.36999999999999994,0.41,0.38999999999999996,0.41333333333333333,0.4466666666666666,0.32,0.3133333333333333,0.4466666666666666,0.41333333333333333,0.41,0.4466666666666666,0.4166666666666667,0.3666666666666667,0.43,0.3,0.3766666666666667,0.39666666666666667,0.3833333333333333,0.3666666666666667,0.39999999999999997,0.39666666666666667,0.4000000000000001,0.4066666666666667,0.41333333333333333,0.37333333333333335,0.39999999999999997,0.36000000000000004,0.4033333333333333,0.43,0.3766666666666667,0.4266666666666667,0.43,0.42333333333333334,0.4166666666666667]"
da10_gap1_joint_amp0p5,three_class,1,adaptive_on_obfuscated,rbf_svm,raw,ack_clrt,0.3389444444444445,18000,READ|SELECT|OPERATE,0.367500000|0.378000000|0.271333333,"[[2205,2263,1532],[2097,2268,1635],[2136,2236,1628]]","[0.35333333333333333,0.32666666666666666,0.3233333333333333,0.3633333333333333,0.34,0.38999999999999996,0.33666666666666667,0.27666666666666667,0.36333333333333334,0.3466666666666667,0.3633333333333333,0.32333333333333336,0.3066666666666667,0.32666666666666666,0.3133333333333333,0.35999999999999993,0.32666666666666666,0.35000000000000003,0.41,0.3499999999999999,0.3466666666666667,0.3233333333333333,0.33666666666666667,0.3,0.37000000000000005,0.39999999999999997,0.31,0.33,0.35666666666666663,0.4066666666666667,0.34,0.3233333333333333,0.3466666666666667,0.3233333333333333,0.36000000000000004,0.33,0.3233333333333333,0.3933333333333333,0.34,0.36666666666666664,0.31,0.32,0.3466666666666667,0.33,0.31666666666666665,0.32666666666666666,0.31333333333333335,0.35666666666666663,0.36333333333333334,0.29000000000000004,0.34,0.32666666666666666,0.32,0.2966666666666667,0.2733333333333334,0.3333333333333333,0.38999999999999996,0.3666666666666667,0.33666666666666667,0.30333333333333334]"
da10_gap1_joint_amp0p5,three_class,1,adaptive_on_obfuscated,rf,raw,ack_clrt,0.4560555555555556,18000,READ|SELECT|OPERATE,0.384833333|0.369833333|0.613500000,"[[2309,2093,1598],[2156,2219,1625],[1128,1191,3681]]","[0.4466666666666667,0.45999999999999996,0.4466666666666666,0.47666666666666674,0.5,0.4566666666666667,0.49333333333333335,0.44333333333333336,0.46,0.45,0.5,0.44999999999999996,0.49666666666666676,0.4466666666666666,0.49999999999999994,0.4766666666666666,0.4633333333333333,0.4666666666666666,0.4533333333333333,0.4633333333333334,0.4566666666666667,0.45,0.4166666666666667,0.4666666666666666,0.4333333333333333,0.45999999999999996,0.4266666666666667,0.49666666666666676,0.52,0.44999999999999996,0.4266666666666667,0.38999999999999996,0.4266666666666667,0.5100000000000001,0.46,0.48,0.45333333333333337,0.49,0.45,0.47333333333333333,0.38000000000000006,0.41333333333333333,0.43333333333333335,0.5033333333333333,0.4266666666666667,0.4666666666666666,0.4166666666666667,0.47666666666666674,0.38000000000000006,0.4566666666666667,0.4033333333333333,0.4833333333333334,0.4466666666666667,0.45333333333333337,0.44333333333333336,0.43,0.4666666666666666,0.45999999999999996,0.48,0.4566666666666666]"
da10_gap1_joint_amp0p5,three_class,20,adaptive_on_offset_residuals,logistic,levels,ack_clrt,0.6122222222222222,900,READ|SELECT|OPERATE,0.373333333|0.596666667|0.866666667,"[[112,148,40],[87,179,34],[11,29,260]]","[0.5333333333333333,0.7333333333333334,0.6666666666666666,0.6666666666666666,0.6666666666666666,0.5333333333333333,0.7999999999999999,0.6,0.5333333333333333,0.6,0.7333333333333334,0.5333333333333333,0.9333333333333332,0.6,0.5333333333333333,0.6,0.6666666666666666,0.4666666666666666,0.7333333333333334,0.4666666666666666,0.39999999999999997,0.7333333333333334,0.6666666666666666,0.6,0.5333333333333333,0.6666666666666666,0.6,0.4000000000000001,0.7333333333333334,0.4666666666666666,0.5333333333333333,0.6,0.5333333333333333,0.6666666666666666,0.6666666666666666,0.6666666666666666,0.6000000000000001,0.6666666666666666,0.8666666666666667,0.6666666666666666,0.7999999999999999,0.8000000000000002,0.7333333333333334,0.5333333333333333,0.6666666666666666,0.5333333333333333,0.6666666666666666,0.7333333333333334,0.4666666666666666,0.6,0.4000000000000001,0.4000000000000001,0.6,0.6666666666666666,0.6000000000000001,0.7333333333333334,0.4666666666666666,0.6,0.6,0.26666666666666666]"
da10_gap1_joint_amp0p5,three_class,20,adaptive_on_offset_residuals,logistic,levels,clrt,0.5266666666666666,900,READ|SELECT|OPERATE,0.290000000|0.720000000|0.570000000,"[[87,179,34],[64,216,20],[50,79,171]]","[0.4666666666666666,0.6000000000000001,0.6666666666666666,0.7999999999999999,0.5333333333333333,0.46666666666666673,0.6,0.5333333333333333,0.4666666666666666,0.5333333333333333,0.4666666666666666,0.5333333333333333,0.7333333333333334,0.4000000000000001,0.3333333333333333,0.6,0.5333333333333333,0.46666666666666673,0.7333333333333334,0.46666666666666673,0.4666666666666666,0.7999999999999999,0.7333333333333334,0.5333333333333333,0.3333333333333333,0.6666666666666666,0.6,0.26666666666666666,0.5333333333333333,0.4666666666666666,0.46666666666666673,0.5333333333333333,0.5333333333333333,0.6,0.5333333333333333,0.5333333333333333,0.5333333333333333,0.5333333333333333,0.46666666666666673,0.4000000000000001,0.4666666666666666,0.8666666666666667,0.5333333333333333,0.4666666666666666,0.6,0.6000000000000001,0.4666666666666666,0.5333333333333333,0.26666666666666666,0.5333333333333333,0.26666666666666666,0.3333333333333333,0.5333333333333333,0.46666666666666673,0.4666666666666666,0.6,0.7333333333333334,0.6,0.3333333333333333,0.4666666666666666]"
da10_gap1_joint_amp0p5,three_class,1,adaptive_on_obfuscated,rf,raw,clrt,0.40572222222222226,18000,READ|SELECT|OPERATE,0.358666667|0.362166667|0.496333333,"[[2152,2086,1762],[2102,2173,1725],[1512,1510,2978]]","[0.44333333333333336,0.4366666666666667,0.4166666666666667,0.39333333333333337,0.38333333333333336,0.39333333333333337,0.3666666666666667,0.36999999999999994,0.42333333333333334,0.3499999999999999,0.4666666666666666,0.44,0.3666666666666667,0.4033333333333333,0.4566666666666666,0.43,0.47333333333333333,0.39666666666666667,0.4566666666666666,0.41,0.4466666666666666,0.39333333333333337,0.37333333333333335,0.4166666666666667,0.33,0.4066666666666667,0.42666666666666675,0.4133333333333333,0.4066666666666667,0.41333333333333333,0.43,0.34,0.4166666666666667,0.4533333333333333,0.4033333333333333,0.4366666666666667,0.3766666666666667,0.4566666666666667,0.3766666666666667,0.43,0.33,0.4066666666666667,0.3766666666666667,0.4333333333333333,0.4066666666666667,0.37000000000000005,0.39999999999999997,0.42,0.41,0.4366666666666667,0.32,0.41333333333333333,0.43,0.37000000000000005,0.35333333333333333,0.3499999999999999,0.42,0.4633333333333334,0.3833333333333333,0.4266666666666667]"
da10_gap1_joint_amp0p5,three_class,20,adaptive_on_obfuscated,logistic,raw,ack_clrt,0.48,900,READ|SELECT|OPERATE,0.326666667|0.570000000|0.543333333,"[[98,142,60],[68,171,61],[49,88,163]]","[0.4666666666666666,0.3333333333333333,0.4666666666666666,0.7333333333333334,0.3333333333333333,0.5333333333333333,0.3333333333333333,0.4666666666666666,0.4000000000000001,0.5333333333333333,0.4000000000000001,0.4666666666666666,0.7333333333333334,0.4666666666666666,0.4666666666666666,0.6,0.3333333333333333,0.6,0.7999999999999999,0.5333333333333333,0.26666666666666666,0.7333333333333334,0.6,0.4666666666666666,0.3333333333333333,0.7999999999999999,0.4666666666666666,0.26666666666666666,0.4000000000000001,0.3333333333333333,0.6,0.6,0.3333333333333333,0.6,0.5333333333333333,0.4000000000000001,0.5333333333333333,0.4666666666666666,0.5333333333333333,0.6,0.46666666666666673,0.6666666666666666,0.6000000000000001,0.3333333333333333,0.39999999999999997,0.6,0.5333333333333333,0.4666666666666666,0.20000000000000004,0.4000000000000001,0.3333333333333333,0.26666666666666666,0.5333333333333333,0.46666666666666673,0.39999999999999997,0.4666666666666666,0.5333333333333333,0.5333333333333333,0.39999999999999997,0.3333333333333333]"
da10_gap1_joint_amp0p5,three_class,20,adaptive_on_obfuscated,logistic,raw,clrt,0.46444444444444444,900,READ|SELECT|OPERATE,0.266666667|0.626666667|0.500000000,"[[80,171,49],[57,188,55],[53,97,150]]","[0.39999999999999997,0.4000000000000001,0.7333333333333334,0.5333333333333333,0.4000000000000001,0.5333333333333333,0.3333333333333333,0.3333333333333333,0.3333333333333333,0.6,0.39999999999999997,0.4666666666666666,0.7999999999999999,0.4000000000000001,0.3333333333333333,0.5333333333333333,0.39999999999999997,0.4666666666666666,0.7999999999999999,0.5333333333333333,0.4000000000000001,0.6666666666666666,0.6,0.5333333333333333,0.4000000000000001,0.7333333333333334,0.5333333333333333,0.13333333333333333,0.4000000000000001,0.3333333333333333,0.6,0.5333333333333333,0.5333333333333333,0.6,0.5333333333333333,0.4000000000000001,0.4000000000000001,0.3333333333333333,0.3333333333333333,0.46666666666666673,0.5333333333333333,0.6000000000000001,0.4000000000000001,0.46666666666666673,0.3333333333333333,0.5333333333333333,0.4000000000000001,0.4666666666666666,0.26666666666666666,0.3333333333333333,0.39999999999999997,0.20000000000000004,0.5333333333333333,0.46666666666666673,0.26666666666666666,0.5333333333333333,0.7333333333333334,0.4666666666666666,0.4000000000000001,0.3333333333333333]"
da10_gap1_joint_amp0p5,three_class,20,adaptive_on_offset_residuals,rbf_svm,levels,ack_clrt,0.6422222222222221,900,READ|SELECT|OPERATE,0.366666667|0.690000000|0.870000000,"[[110,163,27],[76,207,17],[15,24,261]]","[0.6666666666666666,0.6666666666666666,0.6666666666666666,0.6666666666666666,0.7333333333333334,0.5333333333333333,0.6666666666666666,0.6666666666666666,0.6666666666666666,0.7333333333333334,0.7333333333333334,0.6,0.9333333333333332,0.7333333333333334,0.6,0.6,0.7333333333333334,0.5333333333333333,0.6666666666666666,0.5333333333333333,0.5333333333333333,0.6666666666666666,0.7333333333333334,0.5333333333333333,0.8666666666666667,0.6666666666666666,0.6,0.3333333333333333,0.6666666666666666,0.5333333333333333,0.8000000000000002,0.7333333333333334,0.5333333333333333,0.6,0.5333333333333333,0.6666666666666666,0.6666666666666666,0.7333333333333334,0.7999999999999999,0.6,0.6666666666666666,0.8666666666666667,0.7333333333333334,0.6,0.7333333333333334,0.6,0.5333333333333333,0.6666666666666666,0.5333333333333333,0.6,0.5333333333333333,0.39999999999999997,0.5333333333333333,0.6666666666666666,0.6000000000000001,0.7333333333333334,0.7333333333333334,0.6,0.6666666666666666,0.39999999999999997]"
da10_gap1_joint_amp0p5,three_class,1,adaptive_on_obfuscated,rbf_svm,raw,clrt,0.3521111111111111,18000,READ|SELECT|OPERATE,0.176500000|0.378333333|0.501500000,"[[1059,2252,2689],[998,2270,2732],[957,2034,3009]]","[0.3466666666666667,0.3333333333333333,0.35000000000000003,0.36333333333333334,0.3566666666666667,0.3833333333333333,0.34,0.2833333333333334,0.38666666666666666,0.3666666666666667,0.36000000000000004,0.3566666666666667,0.30333333333333334,0.34,0.36000000000000004,0.32333333333333336,0.37666666666666665,0.35333333333333333,0.42,0.36000000000000004,0.3333333333333333,0.38999999999999996,0.35666666666666663,0.3233333333333333,0.36000000000000004,0.35000000000000003,0.3333333333333333,0.3466666666666667,0.3633333333333333,0.3866666666666667,0.3433333333333333,0.33,0.32,0.37333333333333335,0.3433333333333333,0.3566666666666667,0.34,0.36999999999999994,0.36333333333333334,0.3833333333333333,0.3433333333333333,0.34,0.3333333333333333,0.35333333333333333,0.32666666666666666,0.37333333333333335,0.32,0.3666666666666667,0.36999999999999994,0.33,0.3566666666666667,0.3466666666666667,0.3433333333333333,0.38000000000000006,0.3433333333333333,0.33666666666666667,0.35666666666666663,0.37999999999999995,0.35666666666666663,0.34]"
da10_gap1_joint_amp0p5,three_class,20,adaptive_on_offset_residuals,rbf_svm,levels,clrt,0.5299999999999999,900,READ|SELECT|OPERATE,0.300000000|0.706666667|0.583333333,"[[90,176,34],[71,212,17],[46,79,175]]","[0.4000000000000001,0.6666666666666666,0.6666666666666666,0.7333333333333334,0.39999999999999997,0.46666666666666673,0.6,0.5333333333333333,0.5333333333333333,0.6,0.4666666666666666,0.6,0.7999999999999999,0.4000000000000001,0.3333333333333333,0.6666666666666666,0.6,0.6666666666666666,0.7999999999999999,0.46666666666666673,0.4666666666666666,0.7999999999999999,0.7333333333333334,0.5333333333333333,0.4000000000000001,0.6666666666666666,0.46666666666666673,0.26666666666666666,0.4000000000000001,0.3333333333333333,0.4000000000000001,0.46666666666666673,0.4666666666666666,0.6666666666666666,0.6,0.5333333333333333,0.46666666666666673,0.4000000000000001,0.3333333333333333,0.46666666666666673,0.4666666666666666,0.8666666666666667,0.6,0.5333333333333333,0.5333333333333333,0.6000000000000001,0.5333333333333333,0.6666666666666666,0.3333333333333333,0.4666666666666666,0.4000000000000001,0.4000000000000001,0.6,0.46666666666666673,0.4000000000000001,0.6666666666666666,0.6666666666666666,0.5333333333333333,0.3333333333333333,0.4666666666666666]"
da10_gap1_joint_amp0p5,three_class,20,adaptive_on_obfuscated,rbf_svm,raw,ack_clrt,0.49333333333333335,900,READ|SELECT|OPERATE,0.246666667|0.646666667|0.586666667,"[[74,177,49],[45,194,61],[27,97,176]]","[0.4666666666666666,0.3333333333333333,0.6,0.6,0.39999999999999997,0.39999999999999997,0.3333333333333333,0.4000000000000001,0.5333333333333333,0.6666666666666666,0.4000000000000001,0.5333333333333333,0.6,0.4000000000000001,0.6,0.5333333333333333,0.39999999999999997,0.46666666666666673,0.6666666666666666,0.6,0.26666666666666666,0.6,0.5333333333333333,0.6666666666666666,0.3333333333333333,0.6,0.6,0.3333333333333333,0.5333333333333333,0.39999999999999997,0.6,0.4000000000000001,0.26666666666666666,0.6,0.6,0.46666666666666673,0.6,0.4000000000000001,0.4000000000000001,0.3333333333333333,0.4666666666666666,0.7333333333333334,0.6000000000000001,0.6,0.6666666666666666,0.5333333333333333,0.6666666666666666,0.3333333333333333,0.4000000000000001,0.4666666666666666,0.26666666666666666,0.26666666666666666,0.5333333333333333,0.6666666666666666,0.39999999999999997,0.4666666666666666,0.5333333333333333,0.6,0.4666666666666666,0.4666666666666666]"
da10_gap1_joint_amp0p5,three_class,20,adaptive_on_obfuscated,rbf_svm,raw,clrt,0.48999999999999994,900,READ|SELECT|OPERATE,0.290000000|0.646666667|0.533333333,"[[87,168,45],[48,194,58],[46,94,160]]","[0.26666666666666666,0.4000000000000001,0.6666666666666666,0.6666666666666666,0.4000000000000001,0.6,0.5333333333333333,0.4000000000000001,0.46666666666666673,0.5333333333333333,0.39999999999999997,0.5333333333333333,0.7333333333333334,0.4666666666666666,0.26666666666666666,0.5333333333333333,0.5333333333333333,0.4666666666666666,0.7999999999999999,0.46666666666666673,0.4000000000000001,0.7333333333333334,0.6666666666666666,0.5333333333333333,0.4000000000000001,0.7333333333333334,0.4666666666666666,0.20000000000000004,0.4000000000000001,0.4000000000000001,0.5333333333333333,0.46666666666666673,0.4666666666666666,0.46666666666666673,0.6,0.4000000000000001,0.4666666666666666,0.26666666666666666,0.4000000000000001,0.5333333333333333,0.6,0.7333333333333334,0.5333333333333333,0.6666666666666666,0.4000000000000001,0.6,0.4666666666666666,0.6,0.3333333333333333,0.3333333333333333,0.4666666666666666,0.20000000000000004,0.6,0.46666666666666673,0.3333333333333333,0.5333333333333333,0.6666666666666666,0.4666666666666666,0.4000000000000001,0.3333333333333333]"
da10_gap1_joint_amp0p5,three_class,20,adaptive_on_offset_residuals,rf,levels,ack_clrt,0.6544444444444445,900,READ|SELECT|OPERATE,0.463333333|0.600000000|0.900000000,"[[139,134,27],[99,180,21],[16,14,270]]","[0.4666666666666666,0.7333333333333334,0.7999999999999999,0.6666666666666666,0.6666666666666666,0.6666666666666666,0.9333333333333332,0.7333333333333334,0.6,0.6000000000000001,0.6,0.7333333333333334,0.6666666666666666,0.6,0.39999999999999997,0.6000000000000001,0.6,0.7333333333333334,0.6666666666666666,0.4666666666666666,0.6,0.6666666666666666,0.8000000000000002,0.6,0.6,0.8666666666666667,0.7999999999999999,0.39999999999999997,0.4666666666666666,0.7333333333333334,0.6666666666666666,0.5333333333333333,0.6666666666666666,0.6,0.6,0.7333333333333334,0.8666666666666667,0.7333333333333334,0.7333333333333334,0.8000000000000002,0.6,0.8000000000000002,0.7333333333333334,0.7333333333333334,0.6000000000000001,0.7999999999999999,0.6,0.7333333333333334,0.4666666666666666,0.6666666666666666,0.4666666666666666,0.5333333333333333,0.6,0.7999999999999999,0.7333333333333334,0.7999999999999999,0.8000000000000002,0.5333333333333333,0.4666666666666666,0.39999999999999997]"
da10_gap1_joint_amp0p5,three_class,20,adaptive_on_offset_residuals,rf,levels,clrt,0.5566666666666668,900,READ|SELECT|OPERATE,0.416666667|0.550000000|0.703333333,"[[125,135,40],[102,165,33],[38,51,211]]","[0.39999999999999997,0.6666666666666666,0.7333333333333334,0.7999999999999999,0.4000000000000001,0.5333333333333333,0.6,0.5333333333333333,0.6666666666666666,0.39999999999999997,0.4666666666666666,0.6666666666666666,0.6666666666666666,0.6000000000000001,0.3333333333333333,0.6666666666666666,0.6000000000000001,0.6666666666666666,0.7333333333333334,0.6,0.39999999999999997,0.5333333333333333,0.7999999999999999,0.6,0.5333333333333333,0.8666666666666667,0.5333333333333333,0.39999999999999997,0.20000000000000004,0.5333333333333333,0.5333333333333333,0.3333333333333333,0.39999999999999997,0.5333333333333333,0.6000000000000001,0.6,0.5333333333333333,0.6,0.4666666666666666,0.6666666666666666,0.20000000000000004,0.8000000000000002,0.7333333333333334,0.5333333333333333,0.6666666666666666,0.8000000000000002,0.5333333333333333,0.6,0.26666666666666666,0.5333333333333333,0.26666666666666666,0.5333333333333333,0.6666666666666666,0.7333333333333334,0.5333333333333333,0.6666666666666666,0.7333333333333334,0.4666666666666666,0.26666666666666666,0.46666666666666673]"
da10_gap1_joint_amp0p5,three_class,20,adaptive_on_obfuscated,rf,raw,ack_clrt,0.5155555555555555,900,READ|SELECT|OPERATE,0.393333333|0.463333333|0.690000000,"[[118,127,55],[92,139,69],[35,58,207]]","[0.3333333333333333,0.5333333333333333,0.6000000000000001,0.6666666666666666,0.46666666666666673,0.6666666666666666,0.39999999999999997,0.26666666666666666,0.3333333333333333,0.6666666666666666,0.3333333333333333,0.4666666666666666,0.6666666666666666,0.5333333333333333,0.6,0.6,0.5333333333333333,0.4666666666666666,0.7333333333333334,0.5333333333333333,0.3333333333333333,0.4666666666666666,0.6,0.6,0.6666666666666666,0.7333333333333334,0.4000000000000001,0.4666666666666666,0.6000000000000001,0.46666666666666673,0.4000000000000001,0.4000000000000001,0.5333333333333333,0.6666666666666666,0.5333333333333333,0.6,0.5333333333333333,0.5333333333333333,0.4666666666666666,0.6,0.5333333333333333,0.7333333333333334,0.4666666666666666,0.6666666666666666,0.5333333333333333,0.4666666666666666,0.4666666666666666,0.5333333333333333,0.26666666666666666,0.4666666666666666,0.39999999999999997,0.4000000000000001,0.46666666666666673,0.6,0.3333333333333333,0.5333333333333333,0.6000000000000001,0.4666666666666666,0.5333333333333333,0.4666666666666666]"
da10_gap1_joint_amp0p5,three_class,20,adaptive_on_obfuscated,rf,raw,clrt,0.5055555555555556,900,READ|SELECT|OPERATE,0.426666667|0.426666667|0.663333333,"[[128,105,67],[103,128,69],[51,50,199]]","[0.26666666666666666,0.6,0.6000000000000001,0.5333333333333333,0.4666666666666666,0.5333333333333333,0.5333333333333333,0.26666666666666666,0.3333333333333333,0.6000000000000001,0.5333333333333333,0.5333333333333333,0.6000000000000001,0.5333333333333333,0.39999999999999997,0.39999999999999997,0.46666666666666673,0.5333333333333333,0.6666666666666666,0.4666666666666666,0.4000000000000001,0.5333333333333333,0.6666666666666666,0.5333333333333333,0.6,0.7999999999999999,0.4000000000000001,0.4666666666666666,0.4000000000000001,0.5333333333333333,0.4000000000000001,0.4666666666666666,0.6000000000000001,0.5333333333333333,0.4666666666666666,0.8000000000000002,0.4666666666666666,0.4000000000000001,0.4666666666666666,0.5333333333333333,0.6,0.6666666666666666,0.39999999999999997,0.6,0.39999999999999997,0.6,0.4000000000000001,0.5333333333333333,0.3333333333333333,0.4666666666666666,0.5333333333333333,0.39999999999999997,0.6,0.4000000000000001,0.4666666666666666,0.5333333333333333,0.6666666666666666,0.5333333333333333,0.39999999999999997,0.4666666666666666]"
da10_gap1_joint_amp0p5,three_class,5,adaptive_on_offset_residuals,logistic,levels,ack_clrt,0.515,3600,READ|SELECT|OPERATE,0.424166667|0.365000000|0.755833333,"[[509,432,259],[508,438,254],[129,164,907]]","[0.5499999999999999,0.5833333333333334,0.5166666666666666,0.5,0.5666666666666667,0.6333333333333334,0.5666666666666667,0.4833333333333334,0.45,0.6833333333333332,0.5,0.5833333333333334,0.6166666666666666,0.4166666666666667,0.46666666666666673,0.5833333333333334,0.44999999999999996,0.45,0.6333333333333333,0.44999999999999996,0.4666666666666666,0.5166666666666667,0.43333333333333335,0.5833333333333334,0.4833333333333334,0.5166666666666666,0.5,0.5166666666666667,0.5666666666666667,0.5666666666666668,0.43333333333333335,0.45,0.39999999999999997,0.6,0.45,0.5333333333333333,0.4666666666666666,0.5,0.4833333333333334,0.5666666666666668,0.5499999999999999,0.6333333333333333,0.43333333333333335,0.6666666666666666,0.4166666666666667,0.5499999999999999,0.48333333333333334,0.5,0.46666666666666673,0.5,0.3833333333333333,0.44999999999999996,0.5833333333333334,0.4333333333333333,0.5166666666666666,0.5833333333333334,0.5499999999999999,0.48333333333333334,0.5333333333333333,0.46666666666666673]"
da10_gap1_joint_amp0p5,three_class,5,adaptive_on_offset_residuals,logistic,levels,clrt,0.47222222222222227,3600,READ|SELECT|OPERATE,0.106666667|0.668333333|0.641666667,"[[128,786,286],[91,802,307],[66,364,770]]","[0.4166666666666667,0.5166666666666666,0.5333333333333333,0.6,0.5,0.5,0.5166666666666667,0.3833333333333333,0.43333333333333335,0.5499999999999999,0.5,0.45,0.5666666666666667,0.45,0.3333333333333333,0.45,0.4833333333333334,0.5,0.5166666666666667,0.4666666666666666,0.48333333333333334,0.5333333333333333,0.4666666666666666,0.5,0.43333333333333335,0.5666666666666668,0.4166666666666667,0.4166666666666667,0.4666666666666666,0.45,0.5,0.39999999999999997,0.5499999999999999,0.4666666666666666,0.4166666666666667,0.5166666666666667,0.43333333333333335,0.45,0.45,0.5333333333333333,0.45,0.5666666666666668,0.4666666666666666,0.45,0.4833333333333334,0.5166666666666666,0.4333333333333333,0.5166666666666667,0.3833333333333333,0.3333333333333333,0.35000000000000003,0.3666666666666667,0.48333333333333334,0.4000000000000001,0.4666666666666666,0.6,0.5833333333333334,0.43333333333333335,0.45,0.48333333333333334]"
da10_gap1_joint_amp0p5,three_class,5,adaptive_on_obfuscated,logistic,raw,ack_clrt,0.35027777777777774,3600,READ|SELECT|OPERATE,0.185833333|0.561666667|0.303333333,"[[223,667,310],[167,674,359],[202,634,364]]","[0.5,0.2833333333333333,0.4333333333333333,0.4333333333333333,0.26666666666666666,0.39999999999999997,0.2833333333333333,0.3833333333333333,0.31666666666666665,0.3499999999999999,0.3666666666666667,0.31666666666666665,0.3666666666666667,0.3166666666666667,0.4166666666666667,0.35000000000000003,0.3,0.35000000000000003,0.44999999999999996,0.3333333333333333,0.3666666666666667,0.39999999999999997,0.31666666666666665,0.31666666666666665,0.35000000000000003,0.4000000000000001,0.2833333333333333,0.3,0.3666666666666667,0.43333333333333335,0.4166666666666667,0.35000000000000003,0.3333333333333333,0.3666666666666667,0.4333333333333333,0.26666666666666666,0.3666666666666667,0.3,0.3666666666666667,0.3833333333333333,0.39999999999999997,0.31666666666666665,0.3333333333333333,0.2833333333333333,0.35000000000000003,0.35000000000000003,0.3,0.4000000000000001,0.3333333333333333,0.26666666666666666,0.2833333333333333,0.25,0.3833333333333333,0.35000000000000003,0.3,0.35000000000000003,0.4666666666666666,0.3833333333333333,0.25,0.3333333333333333]"
da10_gap1_joint_amp0p5,three_class,5,adaptive_on_obfuscated,logistic,raw,clrt,0.3433333333333333,3600,READ|SELECT|OPERATE,0.149166667|0.607500000|0.273333333,"[[179,745,276],[144,729,327],[174,698,328]]","[0.4333333333333333,0.3166666666666667,0.3499999999999999,0.3333333333333333,0.3166666666666667,0.3666666666666667,0.2833333333333333,0.3666666666666667,0.3166666666666667,0.3499999999999999,0.31666666666666665,0.3,0.35000000000000003,0.3333333333333333,0.39999999999999997,0.3833333333333333,0.3333333333333333,0.31666666666666665,0.4166666666666667,0.3,0.3166666666666667,0.43333333333333335,0.3,0.31666666666666665,0.3333333333333333,0.3833333333333333,0.31666666666666665,0.2333333333333333,0.3333333333333333,0.3666666666666667,0.35000000000000003,0.4166666666666667,0.35000000000000003,0.3166666666666667,0.45,0.26666666666666666,0.3833333333333333,0.3,0.3833333333333333,0.3166666666666667,0.3833333333333333,0.3666666666666667,0.3333333333333333,0.3,0.3666666666666667,0.3166666666666667,0.31666666666666665,0.39999999999999997,0.2833333333333333,0.2833333333333333,0.31666666666666665,0.23333333333333336,0.35000000000000003,0.3666666666666667,0.3666666666666667,0.3833333333333333,0.45,0.3333333333333333,0.3333333333333333,0.3666666666666667]"
da10_gap1_joint_amp0p5,three_class,5,adaptive_on_offset_residuals,rbf_svm,levels,ack_clrt,0.5438888888888889,3600,READ|SELECT|OPERATE,0.407500000|0.454166667|0.770000000,"[[489,457,254],[453,545,202],[133,143,924]]","[0.5666666666666667,0.6166666666666667,0.5333333333333333,0.43333333333333335,0.65,0.6,0.6333333333333333,0.5333333333333333,0.4833333333333334,0.7333333333333334,0.43333333333333335,0.5333333333333333,0.6333333333333333,0.4666666666666666,0.6,0.5333333333333333,0.5333333333333333,0.5166666666666667,0.5666666666666668,0.5333333333333333,0.5333333333333333,0.5166666666666666,0.4666666666666666,0.55,0.4166666666666667,0.5,0.5833333333333334,0.5666666666666665,0.5833333333333334,0.6333333333333333,0.5,0.39999999999999997,0.48333333333333334,0.6333333333333334,0.5833333333333334,0.6166666666666667,0.5333333333333333,0.65,0.5666666666666667,0.5333333333333333,0.43333333333333335,0.6166666666666667,0.5499999999999999,0.65,0.48333333333333334,0.6833333333333332,0.55,0.5333333333333333,0.5,0.5166666666666666,0.4833333333333334,0.39999999999999997,0.6333333333333333,0.5499999999999999,0.43333333333333335,0.5499999999999999,0.5833333333333334,0.4666666666666666,0.48333333333333334,0.55]"
da10_gap1_joint_amp0p5,three_class,5,adaptive_on_offset_residuals,rbf_svm,levels,clrt,0.4813888888888889,3600,READ|SELECT|OPERATE,0.077500000|0.680000000|0.686666667,"[[93,795,312],[49,816,335],[38,338,824]]","[0.45,0.5499999999999999,0.5,0.6,0.4833333333333334,0.5166666666666667,0.45,0.39999999999999997,0.5,0.5166666666666667,0.5166666666666667,0.4666666666666666,0.5666666666666667,0.3833333333333333,0.4166666666666667,0.46666666666666673,0.5,0.48333333333333334,0.5,0.4666666666666666,0.4833333333333334,0.5666666666666667,0.43333333333333335,0.4833333333333334,0.45,0.5333333333333333,0.4666666666666666,0.4166666666666667,0.5166666666666667,0.5166666666666667,0.4666666666666666,0.43333333333333335,0.5,0.5,0.5166666666666666,0.5499999999999999,0.45,0.4666666666666666,0.39999999999999997,0.5666666666666668,0.5,0.5499999999999999,0.5,0.5,0.4666666666666666,0.5,0.4666666666666666,0.5666666666666667,0.35000000000000003,0.3833333333333333,0.3833333333333333,0.3666666666666667,0.5166666666666666,0.43333333333333335,0.45,0.5833333333333334,0.6,0.43333333333333335,0.39999999999999997,0.48333333333333334]"
da10_gap1_joint_amp0p5,three_class,5,adaptive_on_obfuscated,rbf_svm,raw,ack_clrt,0.36527777777777776,3600,READ|SELECT|OPERATE,0.181666667|0.575833333|0.338333333,"[[218,628,354],[154,691,355],[167,627,406]]","[0.4333333333333333,0.35000000000000003,0.4833333333333334,0.4000000000000001,0.3666666666666667,0.3666666666666667,0.3333333333333333,0.35000000000000003,0.3,0.3,0.3333333333333333,0.31666666666666665,0.45,0.2833333333333333,0.3833333333333333,0.4166666666666667,0.30000000000000004,0.3833333333333333,0.3666666666666667,0.4000000000000001,0.3,0.39999999999999997,0.4166666666666667,0.3,0.35000000000000003,0.5166666666666667,0.31666666666666665,0.3,0.43333333333333335,0.4166666666666667,0.4000000000000001,0.35000000000000003,0.3333333333333333,0.4666666666666666,0.3833333333333333,0.3,0.3666666666666667,0.35000000000000003,0.3333333333333333,0.3833333333333333,0.45,0.3,0.43333333333333335,0.31666666666666665,0.31666666666666665,0.39999999999999997,0.3833333333333333,0.39999999999999997,0.3666666666666667,0.43333333333333335,0.3333333333333333,0.2833333333333333,0.3333333333333333,0.26666666666666666,0.3499999999999999,0.35000000000000003,0.31666666666666665,0.4666666666666666,0.3,0.3833333333333333]"
da10_gap1_joint_amp0p5,three_class,5,adaptive_on_obfuscated,rbf_svm,raw,clrt,0.40277777777777773,3600,READ|SELECT|OPERATE,0.335833333|0.247500000|0.625000000,"[[403,303,494],[375,297,528],[252,198,750]]","[0.2833333333333333,0.3666666666666667,0.39999999999999997,0.5166666666666666,0.3666666666666667,0.4833333333333334,0.2833333333333334,0.21666666666666667,0.35000000000000003,0.5333333333333333,0.35000000000000003,0.39999999999999997,0.4666666666666666,0.4166666666666667,0.2833333333333333,0.3833333333333333,0.39999999999999997,0.39999999999999997,0.5,0.43333333333333335,0.3666666666666667,0.45,0.43333333333333335,0.48333333333333334,0.4333333333333333,0.5,0.3,0.3833333333333333,0.3833333333333333,0.48333333333333334,0.4166666666666667,0.4333333333333333,0.3833333333333333,0.4333333333333333,0.45,0.45,0.3833333333333333,0.4166666666666667,0.35000000000000003,0.3666666666666667,0.3666666666666667,0.3333333333333333,0.4166666666666667,0.45,0.35000000000000003,0.44999999999999996,0.45,0.3,0.35000000000000003,0.3666666666666667,0.39999999999999997,0.43333333333333335,0.4166666666666667,0.4166666666666667,0.3333333333333333,0.46666666666666673,0.4666666666666666,0.4666666666666666,0.43333333333333335,0.3666666666666667]"
da10_gap1_joint_amp0p5,three_class,5,adaptive_on_offset_residuals,rf,levels,ack_clrt,0.5511111111111111,3600,READ|SELECT|OPERATE,0.443333333|0.436666667|0.773333333,"[[532,432,236],[469,524,207],[148,124,928]]","[0.6333333333333333,0.6166666666666667,0.5833333333333334,0.5833333333333334,0.5333333333333333,0.5499999999999999,0.6333333333333333,0.48333333333333334,0.55,0.6333333333333333,0.5499999999999999,0.5499999999999999,0.65,0.6333333333333333,0.5666666666666667,0.5833333333333334,0.5333333333333333,0.5333333333333333,0.6,0.5166666666666666,0.5666666666666668,0.5333333333333333,0.5333333333333333,0.48333333333333334,0.55,0.6,0.5833333333333334,0.44999999999999996,0.55,0.6333333333333333,0.5499999999999999,0.4666666666666666,0.5166666666666666,0.5666666666666668,0.48333333333333334,0.65,0.5,0.6333333333333333,0.5666666666666667,0.5833333333333334,0.45,0.6666666666666666,0.5166666666666666,0.6166666666666667,0.4833333333333334,0.6333333333333333,0.5166666666666666,0.5166666666666667,0.5333333333333333,0.5,0.4166666666666667,0.43333333333333335,0.5,0.5333333333333333,0.5000000000000001,0.5666666666666668,0.5499999999999999,0.5166666666666667,0.5666666666666667,0.5333333333333333]"
da10_gap1_joint_amp0p5,three_class,5,adaptive_on_offset_residuals,rf,levels,clrt,0.5016666666666667,3600,READ|SELECT|OPERATE,0.370833333|0.416666667|0.717500000,"[[445,479,276],[443,500,257],[169,170,861]]","[0.5833333333333334,0.5333333333333333,0.4666666666666666,0.5666666666666668,0.4166666666666667,0.5,0.48333333333333334,0.4666666666666666,0.5833333333333334,0.48333333333333334,0.5333333333333333,0.45,0.5666666666666668,0.4666666666666666,0.4166666666666666,0.5166666666666666,0.5833333333333334,0.5666666666666667,0.5499999999999999,0.5333333333333333,0.5499999999999999,0.5,0.5499999999999999,0.4833333333333332,0.4666666666666666,0.6833333333333332,0.48333333333333334,0.4833333333333334,0.5833333333333334,0.5333333333333333,0.5000000000000001,0.35000000000000003,0.4166666666666667,0.5,0.5,0.65,0.4666666666666666,0.48333333333333334,0.3666666666666667,0.55,0.43333333333333335,0.5833333333333334,0.39999999999999997,0.5166666666666666,0.4666666666666666,0.5,0.4666666666666666,0.43333333333333335,0.5333333333333333,0.44999999999999996,0.43333333333333335,0.4166666666666667,0.5666666666666667,0.35000000000000003,0.5,0.6,0.5833333333333334,0.44999999999999996,0.4666666666666666,0.5833333333333334]"
da10_gap1_joint_amp0p5,three_class,5,adaptive_on_obfuscated,rf,raw,ack_clrt,0.4883333333333333,3600,READ|SELECT|OPERATE,0.381666667|0.380000000|0.703333333,"[[458,419,323],[422,456,322],[172,184,844]]","[0.44999999999999996,0.5166666666666667,0.4666666666666666,0.4666666666666666,0.44999999999999996,0.65,0.5666666666666667,0.45,0.45,0.5,0.44999999999999996,0.45,0.5166666666666667,0.43333333333333335,0.5,0.43333333333333335,0.4666666666666666,0.4833333333333334,0.45,0.5,0.44999999999999996,0.5333333333333333,0.5833333333333334,0.4166666666666666,0.4166666666666667,0.55,0.4666666666666666,0.4333333333333333,0.5499999999999999,0.5333333333333333,0.45,0.43333333333333335,0.45,0.5,0.5,0.5333333333333333,0.6,0.5,0.45,0.5499999999999999,0.45,0.5499999999999999,0.5333333333333333,0.4666666666666666,0.46666666666666673,0.5166666666666667,0.5333333333333333,0.3833333333333333,0.4833333333333334,0.48333333333333334,0.5166666666666666,0.39999999999999997,0.45,0.5166666666666666,0.4166666666666667,0.55,0.55,0.49999999999999994,0.6,0.3833333333333333]"
da10_gap1_joint_amp0p5,three_class,5,adaptive_on_obfuscated,rf,raw,clrt,0.45388888888888884,3600,READ|SELECT|OPERATE,0.386666667|0.365000000|0.610000000,"[[464,414,322],[444,438,318],[221,247,732]]","[0.4166666666666667,0.5499999999999999,0.38333333333333336,0.3833333333333333,0.43333333333333335,0.5666666666666667,0.4666666666666666,0.2833333333333333,0.44999999999999996,0.5,0.46666666666666673,0.5,0.4833333333333332,0.4666666666666666,0.46666666666666673,0.5666666666666667,0.5666666666666667,0.4166666666666667,0.5333333333333333,0.5,0.43333333333333335,0.31666666666666665,0.43333333333333335,0.45,0.45,0.6166666666666667,0.4000000000000001,0.46666666666666673,0.43333333333333335,0.4833333333333334,0.3666666666666667,0.3666666666666667,0.46666666666666673,0.5,0.5,0.4833333333333334,0.4666666666666666,0.49999999999999994,0.5333333333333333,0.45,0.44999999999999996,0.4166666666666667,0.45,0.5333333333333333,0.3833333333333333,0.5333333333333333,0.3833333333333333,0.4666666666666666,0.3833333333333333,0.4000000000000001,0.43333333333333335,0.3833333333333333,0.4666666666666666,0.46666666666666673,0.3833333333333333,0.43333333333333335,0.4833333333333334,0.3666666666666667,0.4666666666666666,0.43333333333333335]"
da10_gap1_joint_amp0p5,read_select,1,adaptive_on_offset_residuals,logistic,levels,ack_clrt,0.50425,12000,READ|SELECT,0.596166667|0.412333333,"[[3577,2423],[3526,2474]]","[0.475,0.475,0.475,0.43000000000000005,0.565,0.495,0.55,0.505,0.555,0.535,0.55,0.485,0.53,0.44,0.465,0.495,0.45999999999999996,0.485,0.495,0.47500000000000003,0.5449999999999999,0.46499999999999997,0.5,0.58,0.51,0.48,0.5700000000000001,0.515,0.51,0.495,0.48,0.515,0.45999999999999996,0.595,0.505,0.515,0.495,0.505,0.525,0.56,0.575,0.495,0.5499999999999999,0.56,0.51,0.51,0.465,0.51,0.48,0.49,0.51,0.475,0.515,0.47,0.515,0.465,0.48,0.43000000000000005,0.51,0.475]"
da10_gap1_joint_amp0p5,read_select,1,adaptive_on_offset_residuals,logistic,levels,clrt,0.5019166666666667,12000,READ|SELECT,0.068500000|0.935333333,"[[411,5589],[388,5612]]","[0.48,0.515,0.51,0.5449999999999999,0.53,0.52,0.505,0.485,0.47500000000000003,0.485,0.495,0.5,0.5,0.5,0.455,0.515,0.48500000000000004,0.515,0.53,0.505,0.49,0.49000000000000005,0.49,0.505,0.47000000000000003,0.515,0.49,0.48000000000000004,0.515,0.48,0.5,0.49000000000000005,0.51,0.53,0.5,0.49,0.505,0.47500000000000003,0.495,0.52,0.485,0.53,0.48500000000000004,0.49,0.53,0.5349999999999999,0.505,0.5,0.485,0.5,0.48000000000000004,0.49000000000000005,0.5,0.525,0.505,0.525,0.51,0.505,0.53,0.51]"
da10_gap1_joint_amp0p5,read_select,1,adaptive_on_obfuscated,logistic,raw,ack_clrt,0.5001666666666666,12000,READ|SELECT,0.453333333|0.547000000,"[[2720,3280],[2718,3282]]","[0.5700000000000001,0.44,0.495,0.53,0.46499999999999997,0.48000000000000004,0.45999999999999996,0.47500000000000003,0.44500000000000006,0.5449999999999999,0.51,0.505,0.505,0.46499999999999997,0.585,0.51,0.5,0.515,0.525,0.515,0.47,0.47,0.48,0.45999999999999996,0.55,0.5700000000000001,0.48,0.435,0.505,0.5449999999999999,0.5449999999999999,0.535,0.405,0.53,0.515,0.5,0.48,0.51,0.5449999999999999,0.54,0.46,0.44999999999999996,0.5,0.5549999999999999,0.47,0.47,0.52,0.52,0.5,0.47000000000000003,0.515,0.46499999999999997,0.475,0.495,0.495,0.45000000000000007,0.5549999999999999,0.575,0.505,0.455]"
da10_gap1_joint_amp0p5,read_select,1,adaptive_on_obfuscated,logistic,raw,clrt,0.49683333333333335,12000,READ|SELECT,0.509333333|0.484333333,"[[3056,2944],[3094,2906]]","[0.565,0.44499999999999995,0.44999999999999996,0.52,0.445,0.49,0.45999999999999996,0.44999999999999996,0.475,0.54,0.49,0.505,0.52,0.46499999999999997,0.5249999999999999,0.495,0.485,0.51,0.535,0.535,0.45999999999999996,0.46499999999999997,0.48,0.47,0.56,0.56,0.495,0.43999999999999995,0.51,0.55,0.53,0.525,0.42000000000000004,0.52,0.505,0.52,0.485,0.515,0.525,0.53,0.47,0.455,0.51,0.5349999999999999,0.46499999999999997,0.46499999999999997,0.505,0.515,0.485,0.485,0.53,0.46499999999999997,0.48,0.51,0.465,0.43999999999999995,0.56,0.565,0.49,0.445]"
da10_gap1_joint_amp0p5,read_select,1,adaptive_on_offset_residuals,rbf_svm,levels,ack_clrt,0.5058333333333334,12000,READ|SELECT,0.590833333|0.420833333,"[[3545,2455],[3475,2525]]","[0.49,0.5,0.475,0.425,0.58,0.505,0.585,0.5700000000000001,0.5599999999999999,0.53,0.485,0.51,0.53,0.45,0.51,0.475,0.44999999999999996,0.515,0.505,0.475,0.56,0.43,0.5249999999999999,0.54,0.45,0.495,0.5449999999999999,0.535,0.49,0.48,0.48,0.495,0.47,0.635,0.53,0.5,0.5,0.5449999999999999,0.525,0.49,0.52,0.48,0.53,0.575,0.485,0.515,0.475,0.47,0.51,0.525,0.49,0.505,0.52,0.495,0.54,0.495,0.48,0.44500000000000006,0.5,0.45]"
da10_gap1_joint_amp0p5,read_select,1,adaptive_on_offset_residuals,rbf_svm,levels,clrt,0.504,12000,READ|SELECT,0.020166667|0.987833333,"[[121,5879],[73,5927]]","[0.505,0.505,0.515,0.505,0.495,0.505,0.515,0.5,0.5,0.51,0.5,0.505,0.51,0.505,0.485,0.51,0.495,0.5,0.51,0.5,0.505,0.51,0.51,0.5,0.5,0.51,0.505,0.485,0.505,0.485,0.505,0.505,0.515,0.515,0.51,0.5,0.52,0.495,0.51,0.5,0.505,0.515,0.5,0.505,0.505,0.51,0.495,0.515,0.5,0.495,0.5,0.49,0.52,0.505,0.49,0.51,0.505,0.5,0.495,0.515]"
da10_gap1_joint_amp0p5,read_select,1,adaptive_on_obfuscated,rbf_svm,raw,ack_clrt,0.5101666666666667,12000,READ|SELECT,0.337500000|0.682833333,"[[2025,3975],[1903,4097]]","[0.55,0.47,0.47,0.5,0.485,0.54,0.49,0.46499999999999997,0.525,0.45999999999999996,0.5249999999999999,0.52,0.505,0.51,0.42500000000000004,0.515,0.465,0.5449999999999999,0.5700000000000001,0.525,0.45999999999999996,0.44499999999999995,0.515,0.515,0.49,0.635,0.51,0.51,0.54,0.5,0.56,0.525,0.5449999999999999,0.48000000000000004,0.5499999999999999,0.505,0.57,0.52,0.485,0.56,0.505,0.5,0.54,0.48,0.53,0.535,0.485,0.48,0.525,0.47000000000000003,0.54,0.505,0.495,0.47000000000000003,0.47,0.515,0.55,0.53,0.545,0.46]"
da10_gap1_joint_amp0p5,read_select,1,adaptive_on_offset_residuals,rf,levels,ack_clrt,0.5059166666666667,12000,READ|SELECT,0.499166667|0.512666667,"[[2995,3005],[2924,3076]]","[0.49,0.505,0.49,0.52,0.5700000000000001,0.52,0.5549999999999999,0.5549999999999999,0.495,0.45999999999999996,0.48,0.48,0.54,0.54,0.445,0.45,0.55,0.53,0.53,0.505,0.6,0.565,0.515,0.475,0.435,0.535,0.52,0.49,0.435,0.5349999999999999,0.475,0.5449999999999999,0.43,0.485,0.49,0.48,0.585,0.505,0.5349999999999999,0.475,0.51,0.48,0.48,0.535,0.485,0.485,0.52,0.51,0.52,0.485,0.54,0.475,0.445,0.505,0.53,0.435,0.485,0.495,0.5549999999999999,0.56]"
da10_gap1_joint_amp0p5,read_select,1,adaptive_on_offset_residuals,rf,levels,clrt,0.5048333333333334,12000,READ|SELECT,0.512000000|0.497666667,"[[3072,2928],[3014,2986]]","[0.515,0.48,0.51,0.52,0.505,0.505,0.47,0.48,0.45999999999999996,0.46499999999999997,0.5549999999999999,0.53,0.48,0.47500000000000003,0.54,0.51,0.505,0.505,0.53,0.47,0.51,0.5700000000000001,0.48,0.5,0.485,0.49,0.44,0.5700000000000001,0.53,0.54,0.5,0.495,0.45499999999999996,0.495,0.51,0.475,0.5800000000000001,0.505,0.525,0.54,0.445,0.505,0.49,0.485,0.495,0.5,0.455,0.55,0.5700000000000001,0.485,0.55,0.49,0.505,0.585,0.44,0.54,0.47,0.54,0.49,0.495]"
da10_gap1_joint_amp0p5,read_select,1,adaptive_on_obfuscated,rf,raw,ack_clrt,0.517,12000,READ|SELECT,0.506166667|0.527833333,"[[3037,2963],[2833,3167]]","[0.51,0.55,0.495,0.515,0.55,0.5449999999999999,0.53,0.5349999999999999,0.52,0.515,0.54,0.565,0.515,0.55,0.5700000000000001,0.5549999999999999,0.53,0.56,0.49,0.56,0.53,0.49,0.51,0.51,0.45999999999999996,0.505,0.505,0.495,0.55,0.505,0.555,0.435,0.475,0.58,0.485,0.52,0.53,0.575,0.51,0.51,0.385,0.485,0.52,0.56,0.44,0.54,0.45999999999999996,0.515,0.49,0.515,0.51,0.5449999999999999,0.535,0.495,0.475,0.475,0.5549999999999999,0.47,0.555,0.56]"
da10_gap1_joint_amp0p5,read_select,1,adaptive_on_obfuscated,rbf_svm,raw,clrt,0.49316666666666664,12000,READ|SELECT,0.740000000|0.246333333,"[[4440,1560],[4522,1478]]","[0.5349999999999999,0.41500000000000004,0.485,0.49,0.51,0.515,0.43500000000000005,0.43500000000000005,0.51,0.55,0.505,0.545,0.49,0.47,0.505,0.49,0.49,0.505,0.515,0.51,0.46,0.505,0.46499999999999997,0.44499999999999995,0.58,0.51,0.48,0.45999999999999996,0.52,0.485,0.5,0.53,0.45499999999999996,0.46499999999999997,0.51,0.47,0.515,0.5,0.495,0.48,0.48,0.415,0.495,0.535,0.475,0.49,0.495,0.475,0.515,0.485,0.53,0.49,0.5,0.49,0.48,0.47,0.5549999999999999,0.53,0.5,0.45]"
da10_gap1_joint_amp0p5,read_select,20,adaptive_on_offset_residuals,logistic,levels,ack_clrt,0.56,600,READ|SELECT,0.406666667|0.713333333,"[[122,178],[86,214]]","[0.5,0.8,0.6000000000000001,0.5,0.6,0.4,0.7,0.6,0.5,0.5,0.6,0.5,0.9,0.5,0.3,0.5,0.6000000000000001,0.5,0.7,0.4,0.7,0.6,0.7,0.6,0.4,0.6000000000000001,0.6000000000000001,0.30000000000000004,0.7,0.2,0.5,0.6,0.4,0.8,0.5,0.5,0.6000000000000001,0.7,0.8,0.6000000000000001,0.9,0.8,0.5,0.30000000000000004,0.8,0.4,0.5,0.7,0.7,0.4,0.5,0.30000000000000004,0.7,0.8,0.5,0.6,0.3,0.4,0.4,0.5]"
da10_gap1_joint_amp0p5,read_select,20,adaptive_on_offset_residuals,logistic,levels,clrt,0.5483333333333333,600,READ|SELECT,0.320000000|0.776666667,"[[96,204],[67,233]]","[0.6000000000000001,0.6000000000000001,0.7,0.7,0.5,0.5,0.7,0.6,0.4,0.5,0.5,0.6,0.8,0.5,0.2,0.6,0.5,0.6,0.7,0.5,0.6,0.7,0.7,0.6,0.4,0.7,0.6000000000000001,0.2,0.6,0.2,0.6000000000000001,0.7,0.7,0.8,0.5,0.5,0.6000000000000001,0.7,0.7,0.4,0.6,0.8,0.4,0.2,0.6,0.5,0.4,0.7,0.5,0.4,0.3,0.4,0.7,0.6000000000000001,0.5,0.6,0.6000000000000001,0.5,0.3,0.5]"
da10_gap1_joint_amp0p5,read_select,1,adaptive_on_obfuscated,rf,raw,clrt,0.5078333333333334,12000,READ|SELECT,0.519833333|0.495833333,"[[3119,2881],[3025,2975]]","[0.435,0.49,0.48,0.515,0.45,0.52,0.5,0.475,0.5349999999999999,0.515,0.535,0.555,0.44999999999999996,0.46499999999999997,0.5,0.53,0.46499999999999997,0.5,0.525,0.505,0.485,0.505,0.505,0.56,0.44999999999999996,0.5,0.5,0.52,0.525,0.56,0.545,0.52,0.51,0.52,0.495,0.485,0.585,0.54,0.52,0.5449999999999999,0.475,0.475,0.52,0.52,0.48,0.49,0.45499999999999996,0.53,0.565,0.505,0.475,0.515,0.515,0.525,0.45499999999999996,0.53,0.53,0.52,0.51,0.56]"
da10_gap1_joint_amp0p5,read_select,20,adaptive_on_obfuscated,logistic,raw,ack_clrt,0.5333333333333333,600,READ|SELECT,0.456666667|0.610000000,"[[137,163],[117,183]]","[0.7,0.30000000000000004,0.5,0.7,0.3,0.5,0.30000000000000004,0.5,0.4,0.6000000000000001,0.4,0.5,0.6000000000000001,0.4,0.6000000000000001,0.8,0.30000000000000004,0.6000000000000001,0.8,0.5,0.4,0.7,0.5,0.6,0.8,0.9,0.6,0.1,0.6000000000000001,0.4,0.8,0.8,0.30000000000000004,0.8,0.8,0.5,0.6000000000000001,0.5,0.7,0.5,0.5,0.30000000000000004,0.6,0.1,0.5,0.4,0.7,0.7,0.6,0.4,0.5,0.30000000000000004,0.6000000000000001,0.7,0.4,0.5,0.6,0.6000000000000001,0.4,0.4]"
da10_gap1_joint_amp0p5,read_select,20,adaptive_on_obfuscated,logistic,raw,clrt,0.54,600,READ|SELECT,0.403333333|0.676666667,"[[121,179],[97,203]]","[0.8,0.30000000000000004,0.7,0.5,0.30000000000000004,0.4,0.6000000000000001,0.5,0.3,0.6000000000000001,0.5,0.6000000000000001,0.8,0.4,0.30000000000000004,0.7,0.4,0.5,0.7,0.5,0.5,0.7,0.6000000000000001,0.6000000000000001,0.6,0.7,0.7,0.1,0.5,0.4,0.7,0.8,0.5,0.7,0.7,0.4,0.7,0.5,0.6000000000000001,0.5,0.6000000000000001,0.6000000000000001,0.6000000000000001,0.30000000000000004,0.5,0.5,0.5,0.6,0.4,0.4,0.5,0.5,0.7,0.6000000000000001,0.3,0.6,0.7,0.7,0.5,0.4]"
da10_gap1_joint_amp0p5,read_select,20,adaptive_on_offset_residuals,rbf_svm,levels,ack_clrt,0.5883333333333334,600,READ|SELECT,0.383333333|0.793333333,"[[115,185],[62,238]]","[0.7,0.7,0.7,0.6,0.7,0.30000000000000004,0.6,0.8,0.7,0.7,0.6000000000000001,0.6,1.0,0.5,0.6,0.6,0.8,0.6,0.4,0.5,0.7,0.5,0.6000000000000001,0.5,0.8,0.7,0.6000000000000001,0.4,0.5,0.30000000000000004,0.5,0.6,0.30000000000000004,0.6,0.4,0.6000000000000001,0.8,0.6,0.9,0.4,0.7,0.6000000000000001,0.6,0.6,0.7,0.4,0.5,0.4,0.7,0.5,0.6000000000000001,0.6000000000000001,0.7,0.7,0.6000000000000001,0.7,0.6000000000000001,0.3,0.4,0.4]"
da10_gap1_joint_amp0p5,read_select,20,adaptive_on_offset_residuals,rbf_svm,levels,clrt,0.5416666666666666,600,READ|SELECT,0.330000000|0.753333333,"[[99,201],[74,226]]","[0.4,0.7,0.7,0.6000000000000001,0.5,0.5,0.7,0.6,0.4,0.6,0.5,0.6,0.8,0.4,0.2,0.7,0.5,0.6000000000000001,0.7,0.5,0.5,0.7,0.7,0.6,0.4,0.7,0.6000000000000001,0.30000000000000004,0.6,0.2,0.6000000000000001,0.7,0.5,0.6000000000000001,0.5,0.5,0.7,0.4,0.5,0.5,0.6,0.7,0.5,0.2,0.6,0.5,0.4,0.8,0.5,0.4,0.4,0.5,0.7,0.6000000000000001,0.4,0.6,0.7,0.5,0.3,0.6000000000000001]"
da10_gap1_joint_amp0p5,read_select,20,adaptive_on_obfuscated,rbf_svm,raw,ack_clrt,0.5483333333333333,600,READ|SELECT,0.420000000|0.676666667,"[[126,174],[97,203]]","[0.6000000000000001,0.30000000000000004,0.5,0.5,0.5,0.5,0.5,0.7,0.6,0.7,0.7,0.5,0.8,0.5,0.5,0.6000000000000001,0.4,0.5,0.7,0.8,0.4,0.5,0.4,0.6,0.3,0.6,0.8,0.4,0.6,0.8,0.5,0.4,0.4,0.7,0.5,0.6,0.7,0.3,0.6000000000000001,0.4,0.6,0.7,0.7,0.5,0.7,0.5,0.5,0.30000000000000004,0.7,0.6,0.4,0.5,0.6000000000000001,0.5,0.5,0.4,0.4,0.7,0.5,0.7]"
da10_gap1_joint_amp0p5,read_select,20,adaptive_on_obfuscated,rbf_svm,raw,clrt,0.5783333333333334,600,READ|SELECT,0.383333333|0.773333333,"[[115,185],[68,232]]","[0.6,0.4,0.6000000000000001,0.6000000000000001,0.5,0.6000000000000001,0.7,0.7,0.5,0.5,0.5,0.7,0.9,0.4,0.3,0.6000000000000001,0.6000000000000001,0.7,0.7,0.5,0.6000000000000001,0.8,0.5,0.6000000000000001,0.8,0.7,0.6,0.4,0.5,0.4,0.5,0.7,0.7,0.6000000000000001,0.6000000000000001,0.4,0.7,0.4,0.6000000000000001,0.5,0.7,0.8,0.6,0.4,0.7,0.7,0.4,0.7,0.5,0.4,0.6000000000000001,0.6000000000000001,0.7,0.6,0.30000000000000004,0.6,0.6,0.5,0.6000000000000001,0.5]"
da10_gap1_joint_amp0p5,read_select,20,adaptive_on_offset_residuals,rf,levels,ack_clrt,0.575,600,READ|SELECT,0.500000000|0.650000000,"[[150,150],[105,195]]","[0.4,0.7,0.8,0.6,0.8,0.5,0.7,0.9,0.4,0.4,0.5,0.7,0.6000000000000001,0.4,0.30000000000000004,0.6000000000000001,0.6,0.6000000000000001,0.6000000000000001,0.5,0.5,0.5,0.8,0.5,0.4,0.7,0.6000000000000001,0.2,0.4,0.5,0.5,0.5,0.4,0.6000000000000001,0.4,0.6000000000000001,0.8,0.6000000000000001,0.8,0.8,0.7,0.5,0.7,0.4,0.7,0.6000000000000001,0.6,0.7,0.5,0.6,0.5,0.30000000000000004,0.6000000000000001,0.8,0.9,0.6,0.8,0.3,0.6000000000000001,0.4]"
da10_gap1_joint_amp0p5,read_select,20,adaptive_on_offset_residuals,rf,levels,clrt,0.5333333333333333,600,READ|SELECT,0.436666667|0.630000000,"[[131,169],[111,189]]","[0.4,0.6000000000000001,0.8,0.7,0.4,0.5,0.6000000000000001,0.5,0.6,0.2,0.6000000000000001,0.6000000000000001,0.6000000000000001,0.5,0.2,0.8,0.4,0.5,0.6000000000000001,0.4,0.4,0.5,0.9,0.5,0.7,0.7,0.6000000000000001,0.4,0.4,0.30000000000000004,0.5,0.5,0.4,0.6,0.5,0.5,0.6,0.30000000000000004,0.5,0.4,0.2,0.7,0.7,0.4,0.7,0.8,0.5,0.8,0.5,0.6000000000000001,0.4,0.5,0.6000000000000001,0.7,0.4,0.7,0.6,0.4,0.4,0.7]"
da10_gap1_joint_amp0p5,read_select,20,adaptive_on_obfuscated,rf,raw,ack_clrt,0.5383333333333333,600,READ|SELECT,0.533333333|0.543333333,"[[160,140],[137,163]]","[0.5,0.5,0.5,0.6000000000000001,0.30000000000000004,0.7,0.5,0.5,0.4,0.5,0.4,0.4,0.8,0.5,0.2,0.4,0.6,0.8,0.7,0.7,0.4,0.4,0.4,0.8,0.7,0.7,0.5,0.4,0.5,0.30000000000000004,0.4,0.4,0.8,0.7,0.6000000000000001,0.6000000000000001,0.8,0.6,0.7,0.7,0.6,0.8,0.30000000000000004,0.5,0.6,0.5,0.4,0.5,0.5,0.4,0.6,0.4,0.6000000000000001,0.6,0.4,0.5,0.7,0.4,0.5,0.6]"
da10_gap1_joint_amp0p5,read_select,20,adaptive_on_obfuscated,rf,raw,clrt,0.5566666666666666,600,READ|SELECT,0.560000000|0.553333333,"[[168,132],[134,166]]","[0.5,0.4,0.9,0.6,0.6000000000000001,0.5,0.6,0.7,0.6000000000000001,0.4,0.8,0.8,0.7,0.6,0.5,0.6,0.7,0.5,0.6000000000000001,0.5,0.6000000000000001,0.5,0.5,0.4,0.7,0.8,0.5,0.30000000000000004,0.4,0.30000000000000004,0.30000000000000004,0.7,0.6000000000000001,0.6000000000000001,0.4,0.7,0.7,0.5,0.6000000000000001,0.6000000000000001,0.5,0.5,0.30000000000000004,0.8,0.6000000000000001,0.6000000000000001,0.30000000000000004,0.5,0.4,0.5,0.4,0.4,0.7,0.4,0.6,0.5,0.7,0.5,0.6000000000000001,0.8]"
da10_gap1_joint_amp0p5,read_select,5,adaptive_on_offset_residuals,logistic,levels,ack_clrt,0.51625,2400,READ|SELECT,0.497500000|0.535000000,"[[597,603],[558,642]]","[0.45,0.55,0.6,0.35,0.6,0.6000000000000001,0.55,0.6,0.475,0.6,0.5,0.475,0.675,0.45,0.47500000000000003,0.525,0.4,0.42500000000000004,0.65,0.5,0.575,0.425,0.44999999999999996,0.6,0.5,0.5,0.425,0.55,0.45,0.575,0.425,0.55,0.42500000000000004,0.65,0.55,0.475,0.5,0.5,0.575,0.625,0.525,0.55,0.525,0.55,0.5,0.6,0.4,0.65,0.475,0.575,0.375,0.42500000000000004,0.5,0.525,0.525,0.55,0.5,0.42500000000000004,0.55,0.475]"
da10_gap1_joint_amp0p5,read_select,5,adaptive_on_offset_residuals,logistic,levels,clrt,0.5154166666666666,2400,READ|SELECT,0.158333333|0.872500000,"[[190,1010],[153,1047]]","[0.45,0.6,0.5499999999999999,0.575,0.525,0.525,0.6499999999999999,0.525,0.425,0.6,0.425,0.525,0.55,0.5,0.4,0.5,0.5,0.525,0.575,0.525,0.55,0.45,0.5499999999999999,0.575,0.45,0.5499999999999999,0.5,0.425,0.575,0.4,0.575,0.5,0.675,0.55,0.47500000000000003,0.425,0.575,0.45,0.6,0.47500000000000003,0.525,0.625,0.425,0.4,0.575,0.55,0.475,0.575,0.42500000000000004,0.425,0.45,0.475,0.5499999999999999,0.525,0.5,0.5499999999999999,0.525,0.47500000000000003,0.525,0.575]"
da10_gap1_joint_amp0p5,read_select,5,adaptive_on_obfuscated,logistic,raw,ack_clrt,0.51625,2400,READ|SELECT,0.414166667|0.618333333,"[[497,703],[458,742]]","[0.675,0.32499999999999996,0.675,0.65,0.35,0.525,0.475,0.5,0.45,0.5,0.55,0.525,0.55,0.55,0.625,0.525,0.4,0.4,0.675,0.5,0.47500000000000003,0.42500000000000004,0.44999999999999996,0.47500000000000003,0.6,0.625,0.5,0.275,0.55,0.65,0.625,0.525,0.4,0.55,0.575,0.55,0.575,0.5,0.525,0.65,0.55,0.4,0.6,0.47500000000000003,0.5,0.55,0.525,0.525,0.525,0.39999999999999997,0.5,0.42500000000000004,0.5,0.575,0.35000000000000003,0.5,0.55,0.65,0.5,0.45]"
da10_gap1_joint_amp0p5,read_select,5,adaptive_on_obfuscated,logistic,raw,clrt,0.5120833333333333,2400,READ|SELECT,0.376666667|0.647500000,"[[452,748],[423,777]]","[0.675,0.325,0.47500000000000003,0.55,0.35,0.45,0.525,0.475,0.425,0.625,0.525,0.525,0.625,0.525,0.55,0.44999999999999996,0.425,0.4,0.55,0.44999999999999996,0.44999999999999996,0.55,0.475,0.47500000000000003,0.625,0.625,0.5,0.25,0.475,0.575,0.55,0.6000000000000001,0.425,0.525,0.525,0.5249999999999999,0.575,0.475,0.55,0.5249999999999999,0.5249999999999999,0.55,0.575,0.55,0.55,0.425,0.625,0.6,0.475,0.5,0.45,0.45,0.55,0.525,0.42500000000000004,0.5,0.65,0.6,0.525,0.5]"
da10_gap1_joint_amp0p5,read_select,5,adaptive_on_offset_residuals,rbf_svm,levels,ack_clrt,0.525,2400,READ|SELECT,0.493333333|0.556666667,"[[592,608],[532,668]]","[0.5,0.55,0.55,0.30000000000000004,0.6499999999999999,0.475,0.6499999999999999,0.6,0.4,0.6499999999999999,0.375,0.5,0.625,0.45,0.575,0.55,0.475,0.5,0.525,0.55,0.575,0.42500000000000004,0.525,0.525,0.44999999999999996,0.5,0.675,0.6000000000000001,0.55,0.525,0.45,0.475,0.55,0.6000000000000001,0.575,0.525,0.6000000000000001,0.625,0.55,0.42500000000000004,0.4,0.55,0.55,0.7250000000000001,0.4,0.675,0.425,0.42500000000000004,0.575,0.575,0.6,0.42500000000000004,0.6499999999999999,0.525,0.42500000000000004,0.5,0.55,0.3,0.525,0.525]"
da10_gap1_joint_amp0p5,read_select,5,adaptive_on_offset_residuals,rbf_svm,levels,clrt,0.5166666666666666,2400,READ|SELECT,0.086666667|0.946666667,"[[104,1096],[64,1136]]","[0.525,0.575,0.575,0.55,0.525,0.5,0.55,0.5,0.47500000000000003,0.525,0.5,0.525,0.575,0.5,0.45,0.525,0.5,0.55,0.55,0.5,0.55,0.55,0.55,0.525,0.47500000000000003,0.55,0.575,0.42500000000000004,0.525,0.42500000000000004,0.525,0.525,0.525,0.575,0.5,0.5,0.5499999999999999,0.55,0.5499999999999999,0.475,0.525,0.575,0.47500000000000003,0.42500000000000004,0.55,0.5,0.47500000000000003,0.525,0.5,0.475,0.45,0.47500000000000003,0.55,0.575,0.5,0.525,0.5,0.5,0.45,0.55]"
da10_gap1_joint_amp0p5,read_select,5,adaptive_on_obfuscated,rbf_svm,raw,ack_clrt,0.5058333333333334,2400,READ|SELECT,0.316666667|0.695000000,"[[380,820],[366,834]]","[0.65,0.4,0.6000000000000001,0.45,0.525,0.575,0.42500000000000004,0.5,0.475,0.5249999999999999,0.525,0.575,0.625,0.5,0.475,0.475,0.35,0.55,0.7,0.525,0.42500000000000004,0.5,0.475,0.425,0.7,0.6000000000000001,0.6,0.375,0.425,0.4,0.575,0.55,0.4,0.475,0.55,0.42500000000000004,0.5249999999999999,0.5,0.625,0.625,0.55,0.375,0.575,0.4,0.5,0.45,0.475,0.45,0.5,0.475,0.375,0.525,0.5,0.525,0.42500000000000004,0.525,0.575,0.575,0.5,0.475]"
da10_gap1_joint_amp0p5,read_select,5,adaptive_on_obfuscated,rbf_svm,raw,clrt,0.4904166666666667,2400,READ|SELECT,0.286666667|0.694166667,"[[344,856],[367,833]]","[0.575,0.375,0.55,0.4,0.5249999999999999,0.525,0.425,0.475,0.4,0.625,0.475,0.675,0.625,0.35,0.4,0.525,0.42500000000000004,0.45,0.625,0.5,0.45,0.475,0.42500000000000004,0.42500000000000004,0.725,0.525,0.5,0.375,0.425,0.375,0.475,0.55,0.44999999999999996,0.45,0.625,0.45,0.5249999999999999,0.5,0.6,0.42500000000000004,0.525,0.44999999999999996,0.45,0.45,0.5,0.4,0.5,0.55,0.5249999999999999,0.42500000000000004,0.525,0.575,0.5,0.525,0.39999999999999997,0.42500000000000004,0.525,0.575,0.475,0.45]"
da10_gap1_joint_amp0p5,read_select,5,adaptive_on_offset_residuals,rf,levels,ack_clrt,0.5375000000000001,2400,READ|SELECT,0.544166667|0.530833333,"[[653,547],[563,637]]","[0.525,0.55,0.575,0.5,0.625,0.47500000000000003,0.575,0.525,0.45,0.6499999999999999,0.6,0.6,0.675,0.625,0.5,0.625,0.55,0.6000000000000001,0.625,0.625,0.55,0.55,0.525,0.5,0.575,0.625,0.55,0.45,0.45,0.4,0.5,0.5,0.55,0.5,0.425,0.6,0.6,0.575,0.6,0.45,0.45,0.575,0.5249999999999999,0.575,0.5249999999999999,0.7,0.55,0.47500000000000003,0.5,0.475,0.5,0.3,0.55,0.55,0.6,0.45,0.475,0.425,0.5249999999999999,0.575]"
da10_gap1_joint_amp0p5,read_select,5,adaptive_on_offset_residuals,rf,levels,clrt,0.51875,2400,READ|SELECT,0.534166667|0.503333333,"[[641,559],[596,604]]","[0.625,0.5,0.5,0.55,0.375,0.525,0.475,0.525,0.55,0.525,0.575,0.42500000000000004,0.625,0.47500000000000003,0.375,0.6000000000000001,0.575,0.55,0.525,0.525,0.55,0.575,0.6,0.475,0.625,0.6,0.5,0.35,0.575,0.47500000000000003,0.5,0.5,0.45,0.475,0.425,0.65,0.625,0.5,0.45,0.42500000000000004,0.47500000000000003,0.45,0.42500000000000004,0.4,0.6000000000000001,0.6499999999999999,0.475,0.42500000000000004,0.575,0.525,0.55,0.55,0.6499999999999999,0.4,0.45,0.6,0.55,0.475,0.575,0.6000000000000001]"
da10_gap1_joint_amp0p5,read_select,5,adaptive_on_obfuscated,rf,raw,ack_clrt,0.5320833333333334,2400,READ|SELECT,0.535000000|0.529166667,"[[642,558],[565,635]]","[0.5,0.6499999999999999,0.42500000000000004,0.4,0.575,0.675,0.575,0.575,0.475,0.45,0.55,0.475,0.575,0.4,0.55,0.5,0.55,0.47500000000000003,0.6000000000000001,0.65,0.5,0.525,0.575,0.42500000000000004,0.525,0.475,0.525,0.55,0.45,0.525,0.525,0.475,0.475,0.55,0.45,0.475,0.6499999999999999,0.675,0.525,0.575,0.35,0.55,0.55,0.375,0.5,0.725,0.625,0.525,0.6000000000000001,0.575,0.55,0.475,0.575,0.525,0.375,0.525,0.6499999999999999,0.5,0.675,0.625]"
da10_gap1_joint_amp0p5,read_select,5,adaptive_on_obfuscated,rf,raw,clrt,0.5075000000000001,2400,READ|SELECT,0.533333333|0.481666667,"[[640,560],[622,578]]","[0.42500000000000004,0.575,0.47500000000000003,0.4,0.475,0.475,0.55,0.42500000000000004,0.575,0.6,0.47500000000000003,0.525,0.525,0.475,0.5,0.625,0.575,0.525,0.55,0.6,0.375,0.525,0.525,0.425,0.25,0.45,0.45,0.525,0.42500000000000004,0.475,0.42500000000000004,0.55,0.5,0.575,0.475,0.525,0.6000000000000001,0.575,0.55,0.5,0.44999999999999996,0.375,0.55,0.475,0.45,0.75,0.475,0.55,0.5,0.55,0.525,0.5,0.45,0.575,0.525,0.525,0.675,0.45,0.55,0.5]"
da15_gap1_joint_amp0p5,three_class,1,adaptive_on_offset_residuals,logistic,levels,ack_clrt,0.36261111111111105,18000,READ|SELECT|OPERATE,0.587666667|0.218166667|0.282000000,"[[3526,1147,1327],[3282,1309,1409],[2918,1390,1692]]","[0.37333333333333335,0.32,0.35333333333333333,0.39666666666666667,0.35333333333333333,0.39666666666666667,0.3466666666666667,0.38999999999999996,0.37000000000000005,0.37999999999999995,0.32,0.34,0.39666666666666667,0.3633333333333333,0.36999999999999994,0.36666666666666664,0.4033333333333333,0.34,0.31,0.36333333333333334,0.37666666666666665,0.4066666666666667,0.4266666666666667,0.34,0.4033333333333333,0.31,0.38666666666666666,0.4366666666666667,0.3333333333333333,0.42333333333333334,0.38666666666666666,0.3933333333333333,0.3333333333333333,0.4166666666666667,0.30333333333333334,0.34,0.39666666666666667,0.41333333333333333,0.33,0.38666666666666666,0.3466666666666667,0.39999999999999997,0.35333333333333333,0.34,0.3,0.31,0.3066666666666667,0.35000000000000003,0.4166666666666667,0.33,0.3666666666666667,0.3333333333333333,0.32,0.37666666666666665,0.35999999999999993,0.38333333333333336,0.33,0.33,0.3633333333333333,0.3433333333333333]"
da15_gap1_joint_amp0p5,three_class,1,adaptive_on_offset_residuals,logistic,levels,clrt,0.3432777777777778,18000,READ|SELECT|OPERATE,0.038166667|0.833500000|0.158166667,"[[229,4844,927],[170,5001,829],[215,4836,949]]","[0.35000000000000003,0.29333333333333333,0.32333333333333336,0.35333333333333333,0.3666666666666667,0.33666666666666667,0.3166666666666667,0.32666666666666666,0.37666666666666665,0.33,0.3333333333333333,0.33666666666666667,0.3466666666666667,0.35000000000000003,0.3433333333333333,0.35333333333333333,0.3666666666666667,0.3566666666666667,0.3466666666666667,0.3233333333333333,0.3566666666666667,0.34,0.3466666666666667,0.33666666666666667,0.37666666666666665,0.3433333333333333,0.3566666666666667,0.3233333333333333,0.3166666666666667,0.3433333333333333,0.31333333333333335,0.35000000000000003,0.3566666666666667,0.33,0.38000000000000006,0.30333333333333334,0.3566666666666667,0.3566666666666667,0.32,0.3633333333333333,0.35000000000000003,0.35333333333333333,0.3466666666666667,0.3433333333333333,0.34,0.33,0.34,0.36999999999999994,0.3466666666666667,0.37333333333333335,0.32,0.3466666666666667,0.30666666666666664,0.36333333333333334,0.31333333333333335,0.3433333333333333,0.34,0.3633333333333333,0.3633333333333333,0.3433333333333333]"
da15_gap1_joint_amp0p5,three_class,1,adaptive_on_obfuscated,logistic,raw,ack_clrt,0.3348333333333333,18000,READ|SELECT|OPERATE,0.313500000|0.311833333|0.379166667,"[[1881,1861,2258],[1865,1871,2264],[1865,1860,2275]]","[0.3033333333333333,0.2966666666666667,0.3333333333333333,0.39666666666666667,0.33666666666666667,0.3233333333333333,0.3433333333333333,0.28,0.33666666666666667,0.34,0.35333333333333333,0.34,0.3233333333333333,0.33666666666666667,0.3466666666666667,0.30666666666666664,0.33,0.33,0.33,0.3466666666666667,0.3866666666666667,0.37666666666666665,0.38999999999999996,0.3233333333333333,0.32666666666666666,0.32666666666666666,0.3833333333333333,0.3233333333333333,0.34,0.3133333333333333,0.33666666666666667,0.32,0.33666666666666667,0.32,0.3566666666666667,0.33666666666666667,0.32666666666666666,0.33,0.33,0.3833333333333333,0.3433333333333333,0.35333333333333333,0.32666666666666666,0.3133333333333333,0.33,0.32,0.33,0.3233333333333333,0.29,0.33,0.33,0.35000000000000003,0.3333333333333333,0.3066666666666667,0.36000000000000004,0.32666666666666666,0.34,0.36999999999999994,0.33666666666666667,0.27666666666666667]"
da15_gap1_joint_amp0p5,three_class,1,adaptive_on_obfuscated,logistic,raw,clrt,0.3303888888888889,18000,READ|SELECT|OPERATE,0.492500000|0.498666667|0.000000000,"[[2955,3045,0],[3008,2992,0],[3017,2983,0]]","[0.3433333333333333,0.33666666666666667,0.30333333333333334,0.31666666666666665,0.36999999999999994,0.30666666666666664,0.35333333333333333,0.32,0.34,0.33,0.35333333333333333,0.37333333333333335,0.33666666666666667,0.30666666666666664,0.2966666666666667,0.33,0.31,0.35333333333333333,0.33,0.32,0.38000000000000006,0.37666666666666665,0.3833333333333333,0.29666666666666663,0.3466666666666667,0.3566666666666667,0.36000000000000004,0.3133333333333333,0.35000000000000003,0.35666666666666663,0.34,0.31666666666666665,0.32666666666666666,0.3133333333333333,0.3133333333333333,0.32,0.30666666666666664,0.2866666666666667,0.35000000000000003,0.3433333333333333,0.35000000000000003,0.31666666666666665,0.3033333333333333,0.33666666666666667,0.32,0.31666666666666665,0.2833333333333333,0.2833333333333334,0.2733333333333334,0.32666666666666666,0.3433333333333333,0.32,0.36000000000000004,0.2966666666666667,0.32,0.27999999999999997,0.37666666666666665,0.3666666666666667,0.3499999999999999,0.3333333333333333]"
da15_gap1_joint_amp0p5,three_class,1,adaptive_on_offset_residuals,rbf_svm,levels,clrt,0.337,18000,READ|SELECT|OPERATE,0.005833333|0.978500000|0.026666667,"[[35,5819,146],[6,5871,123],[11,5829,160]]","[0.34,0.32666666666666666,0.3433333333333333,0.34,0.34,0.34,0.33666666666666667,0.3333333333333333,0.3466666666666667,0.32666666666666666,0.3333333333333333,0.3333333333333333,0.34,0.34,0.32666666666666666,0.35000000000000003,0.34,0.32666666666666666,0.3233333333333333,0.33,0.3433333333333333,0.3466666666666667,0.3333333333333333,0.3333333333333333,0.33,0.33666666666666667,0.3466666666666667,0.33,0.33666666666666667,0.34,0.3333333333333333,0.3466666666666667,0.34,0.3466666666666667,0.33666666666666667,0.33,0.34,0.33666666666666667,0.33666666666666667,0.3233333333333333,0.34,0.33666666666666667,0.35333333333333333,0.34,0.33666666666666667,0.3333333333333333,0.34,0.3333333333333333,0.3433333333333333,0.34,0.33,0.32,0.33666666666666667,0.34,0.3333333333333333,0.3433333333333333,0.3466666666666667,0.3333333333333333,0.33666666666666667,0.34]"
da15_gap1_joint_amp0p5,three_class,1,adaptive_on_offset_residuals,rbf_svm,levels,ack_clrt,0.3604444444444445,18000,READ|SELECT|OPERATE,0.462000000|0.072000000|0.547333333,"[[2772,516,2712],[2572,432,2996],[2249,467,3284]]","[0.37000000000000005,0.32666666666666666,0.3233333333333333,0.3666666666666667,0.3433333333333333,0.36000000000000004,0.3666666666666667,0.39000000000000007,0.37999999999999995,0.38333333333333336,0.37000000000000005,0.36333333333333334,0.32333333333333336,0.41,0.35333333333333333,0.3433333333333333,0.36666666666666664,0.38666666666666666,0.2966666666666667,0.3499999999999999,0.35333333333333333,0.34,0.37333333333333335,0.3166666666666667,0.36000000000000004,0.3133333333333333,0.36333333333333334,0.41,0.31333333333333335,0.3766666666666667,0.38333333333333336,0.3866666666666667,0.32666666666666666,0.38666666666666666,0.31000000000000005,0.3233333333333333,0.3666666666666667,0.4266666666666667,0.3466666666666667,0.38333333333333336,0.38333333333333336,0.4033333333333333,0.32666666666666666,0.3333333333333333,0.3033333333333333,0.39666666666666667,0.39333333333333337,0.3866666666666667,0.43,0.3433333333333333,0.3566666666666667,0.36000000000000004,0.37333333333333335,0.38000000000000006,0.37000000000000005,0.39333333333333337,0.3033333333333334,0.35333333333333333,0.37333333333333335,0.33]"
da15_gap1_joint_amp0p5,three_class,1,adaptive_on_obfuscated,rbf_svm,raw,ack_clrt,0.33761111111111114,18000,READ|SELECT|OPERATE,0.373833333|0.387000000|0.252000000,"[[2243,2275,1482],[2226,2322,1452],[2223,2265,1512]]","[0.33666666666666667,0.3,0.3133333333333333,0.3133333333333333,0.36000000000000004,0.32666666666666666,0.3333333333333333,0.3233333333333333,0.33666666666666667,0.3433333333333333,0.30333333333333334,0.3466666666666667,0.32,0.35000000000000003,0.3633333333333333,0.35333333333333333,0.36999999999999994,0.31333333333333335,0.3566666666666667,0.33,0.32,0.30333333333333334,0.31333333333333335,0.3566666666666667,0.33,0.3466666666666667,0.3166666666666667,0.3433333333333333,0.30666666666666664,0.3133333333333333,0.33666666666666667,0.35333333333333333,0.3466666666666667,0.3466666666666667,0.32,0.37666666666666665,0.37999999999999995,0.3933333333333333,0.3066666666666667,0.3133333333333333,0.3066666666666667,0.33,0.35333333333333333,0.33666666666666667,0.3633333333333333,0.2866666666666667,0.35666666666666663,0.38000000000000006,0.37333333333333335,0.37666666666666665,0.32666666666666666,0.3733333333333333,0.3033333333333333,0.3466666666666667,0.34333333333333327,0.38000000000000006,0.35000000000000003,0.29333333333333333,0.3,0.36000000000000004]"
da15_gap1_joint_amp0p5,three_class,1,adaptive_on_offset_residuals,rf,levels,ack_clrt,0.36627777777777776,18000,READ|SELECT|OPERATE,0.376833333|0.352500000|0.369500000,"[[2261,2008,1731],[2074,2115,1811],[1888,1895,2217]]","[0.3,0.3433333333333333,0.4266666666666667,0.33,0.41,0.36333333333333334,0.31333333333333335,0.37000000000000005,0.34,0.37000000000000005,0.30666666666666664,0.38666666666666666,0.3833333333333333,0.36333333333333334,0.3633333333333333,0.33,0.37333333333333335,0.36999999999999994,0.33666666666666667,0.34,0.3466666666666667,0.3433333333333333,0.36333333333333334,0.38999999999999996,0.37333333333333335,0.35666666666666663,0.3466666666666667,0.4266666666666666,0.3666666666666667,0.38000000000000006,0.39666666666666667,0.42333333333333334,0.37666666666666665,0.39999999999999997,0.3333333333333333,0.3333333333333333,0.37666666666666665,0.42,0.37333333333333335,0.35333333333333333,0.38999999999999996,0.44999999999999996,0.35333333333333333,0.34,0.36999999999999994,0.3633333333333333,0.35666666666666663,0.38000000000000006,0.43,0.33,0.3833333333333333,0.31666666666666665,0.3466666666666667,0.4166666666666667,0.35333333333333333,0.38000000000000006,0.35333333333333333,0.3466666666666667,0.33,0.38666666666666666]"
da15_gap1_joint_amp0p5,three_class,1,adaptive_on_offset_residuals,rf,levels,clrt,0.34288888888888885,18000,READ|SELECT|OPERATE,0.349666667|0.337166667|0.341833333,"[[2098,1955,1947],[2033,2023,1944],[2036,1913,2051]]","[0.3333333333333333,0.35333333333333333,0.33666666666666667,0.35666666666666663,0.35333333333333333,0.33666666666666667,0.2833333333333334,0.3566666666666667,0.3466666666666667,0.4133333333333334,0.31,0.3333333333333333,0.2933333333333334,0.35000000000000003,0.35000000000000003,0.35333333333333333,0.37333333333333335,0.38999999999999996,0.32,0.30666666666666664,0.32666666666666666,0.36333333333333334,0.3366666666666666,0.3466666666666667,0.34,0.30666666666666664,0.35333333333333333,0.33,0.33,0.3133333333333333,0.3466666666666667,0.3,0.34,0.2866666666666667,0.3133333333333333,0.32666666666666666,0.33666666666666667,0.33,0.35666666666666663,0.3666666666666667,0.3133333333333333,0.33666666666666667,0.3133333333333333,0.33666666666666667,0.4033333333333333,0.33666666666666667,0.32,0.35333333333333333,0.30666666666666664,0.3666666666666667,0.30000000000000004,0.39666666666666667,0.3933333333333333,0.38999999999999996,0.33,0.39999999999999997,0.38000000000000006,0.36000000000000004,0.36999999999999994,0.3666666666666667]"
da15_gap1_joint_amp0p5,three_class,20,adaptive_on_offset_residuals,logistic,levels,ack_clrt,0.41111111111111115,900,READ|SELECT|OPERATE,0.433333333|0.263333333|0.536666667,"[[130,86,84],[116,79,105],[71,68,161]]","[0.3333333333333333,0.13333333333333333,0.3333333333333333,0.13333333333333333,0.3333333333333333,0.4000000000000001,0.39999999999999997,0.3333333333333333,0.4666666666666666,0.6,0.4666666666666666,0.3333333333333333,0.3333333333333333,0.4666666666666666,0.3333333333333333,0.6,0.4000000000000001,0.6,0.26666666666666666,0.4000000000000001,0.46666666666666673,0.3333333333333333,0.3333333333333333,0.26666666666666666,0.3333333333333333,0.20000000000000004,0.5333333333333333,0.5333333333333333,0.3333333333333333,0.5333333333333333,0.4666666666666666,0.6,0.39999999999999997,0.4666666666666666,0.5333333333333333,0.20000000000000004,0.6666666666666666,0.6,0.3333333333333333,0.20000000000000004,0.5333333333333333,0.5333333333333333,0.6,0.4666666666666666,0.20000000000000004,0.39999999999999997,0.5333333333333333,0.39999999999999997,0.4000000000000001,0.39999999999999997,0.13333333333333333,0.5333333333333333,0.4666666666666666,0.5333333333333333,0.4000000000000001,0.4666666666666666,0.39999999999999997,0.13333333333333333,0.6,0.5333333333333333]"
da15_gap1_joint_amp0p5,three_class,1,adaptive_on_obfuscated,rf,raw,ack_clrt,0.35333333333333333,18000,READ|SELECT|OPERATE,0.382333333|0.318333333|0.359333333,"[[2294,1944,1762],[2136,1910,1954],[1864,1980,2156]]","[0.36333333333333334,0.37666666666666665,0.35000000000000003,0.31666666666666665,0.35999999999999993,0.38000000000000006,0.33666666666666667,0.35000000000000003,0.3666666666666667,0.33666666666666667,0.3666666666666667,0.3233333333333333,0.3466666666666667,0.29,0.3333333333333333,0.36999999999999994,0.38999999999999996,0.33,0.3233333333333333,0.35000000000000003,0.35333333333333333,0.35666666666666663,0.3766666666666667,0.36000000000000004,0.36333333333333334,0.3499999999999999,0.3133333333333333,0.41333333333333333,0.2966666666666667,0.35666666666666663,0.36333333333333334,0.36333333333333334,0.36333333333333334,0.41333333333333333,0.3133333333333333,0.3333333333333333,0.3233333333333333,0.38999999999999996,0.3433333333333333,0.3666666666666667,0.38000000000000006,0.4066666666666667,0.32,0.2966666666666667,0.35000000000000003,0.3466666666666667,0.3933333333333333,0.3433333333333333,0.4466666666666667,0.35000000000000003,0.38000000000000006,0.36999999999999994,0.3833333333333333,0.36999999999999994,0.34,0.37666666666666665,0.32,0.32,0.32,0.3133333333333333]"
da15_gap1_joint_amp0p5,three_class,1,adaptive_on_obfuscated,rf,raw,clrt,0.3387222222222222,18000,READ|SELECT|OPERATE,0.352333333|0.352166667|0.311666667,"[[2114,1996,1890],[2030,2113,1857],[2046,2084,1870]]","[0.34,0.3066666666666667,0.3566666666666667,0.3,0.3066666666666667,0.33666666666666667,0.2833333333333334,0.35333333333333333,0.33666666666666667,0.3333333333333333,0.3166666666666667,0.3233333333333333,0.33,0.3233333333333333,0.35333333333333333,0.3233333333333333,0.34,0.3566666666666667,0.31,0.3333333333333333,0.35666666666666663,0.35333333333333333,0.30333333333333334,0.3499999999999999,0.36666666666666664,0.27999999999999997,0.32,0.32666666666666666,0.26333333333333336,0.32333333333333336,0.3666666666666667,0.34,0.33666666666666667,0.32666666666666666,0.3033333333333334,0.35333333333333333,0.35333333333333333,0.37666666666666665,0.3499999999999999,0.3566666666666667,0.28,0.36000000000000004,0.4266666666666667,0.32,0.34333333333333327,0.37333333333333335,0.3233333333333333,0.36000000000000004,0.3266666666666667,0.33,0.4066666666666667,0.37333333333333335,0.3566666666666667,0.37666666666666665,0.35333333333333333,0.3433333333333333,0.39999999999999997,0.3066666666666667,0.36999999999999994,0.3233333333333333]"
da15_gap1_joint_amp0p5,three_class,20,adaptive_on_offset_residuals,logistic,levels,clrt,0.3933333333333333,900,READ|SELECT|OPERATE,0.140000000|0.700000000|0.340000000,"[[42,175,83],[11,210,79],[23,175,102]]","[0.6,0.26666666666666666,0.4666666666666666,0.19999999999999998,0.39999999999999997,0.26666666666666666,0.4000000000000001,0.3333333333333333,0.26666666666666666,0.4000000000000001,0.26666666666666666,0.4000000000000001,0.4000000000000001,0.4666666666666666,0.4000000000000001,0.3333333333333333,0.6,0.5333333333333333,0.3333333333333333,0.26666666666666666,0.6666666666666666,0.4666666666666666,0.26666666666666666,0.39999999999999997,0.4000000000000001,0.20000000000000004,0.46666666666666673,0.5333333333333333,0.3333333333333333,0.3333333333333333,0.3333333333333333,0.5333333333333333,0.4666666666666666,0.5333333333333333,0.5333333333333333,0.3333333333333333,0.3333333333333333,0.46666666666666673,0.3333333333333333,0.4000000000000001,0.13333333333333333,0.4666666666666666,0.39999999999999997,0.4666666666666666,0.5333333333333333,0.3333333333333333,0.3333333333333333,0.4666666666666666,0.3333333333333333,0.5333333333333333,0.39999999999999997,0.26666666666666666,0.26666666666666666,0.4666666666666666,0.3333333333333333,0.6,0.4000000000000001,0.3333333333333333,0.3333333333333333,0.26666666666666666]"
da15_gap1_joint_amp0p5,three_class,20,adaptive_on_obfuscated,logistic,raw,ack_clrt,0.3622222222222222,900,READ|SELECT|OPERATE,0.140000000|0.510000000|0.436666667,"[[42,145,113],[9,153,138],[24,145,131]]","[0.20000000000000004,0.26666666666666666,0.20000000000000004,0.4000000000000001,0.3333333333333333,0.20000000000000004,0.4000000000000001,0.06666666666666667,0.3333333333333333,0.26666666666666666,0.3333333333333333,0.20000000000000004,0.46666666666666673,0.4000000000000001,0.5333333333333333,0.26666666666666666,0.3333333333333333,0.4000000000000001,0.3333333333333333,0.26666666666666666,0.4666666666666666,0.3333333333333333,0.4666666666666666,0.46666666666666673,0.4000000000000001,0.6,0.4000000000000001,0.26666666666666666,0.5333333333333333,0.26666666666666666,0.3333333333333333,0.3333333333333333,0.39999999999999997,0.06666666666666667,0.26666666666666666,0.26666666666666666,0.4666666666666666,0.3333333333333333,0.19999999999999998,0.3333333333333333,0.5333333333333333,0.5333333333333333,0.4000000000000001,0.4000000000000001,0.5333333333333333,0.26666666666666666,0.6666666666666666,0.5333333333333333,0.13333333333333333,0.26666666666666666,0.3333333333333333,0.6,0.3333333333333333,0.6,0.4666666666666666,0.5333333333333333,0.3333333333333333,0.3333333333333333,0.3333333333333333,0.20000000000000004]"
da15_gap1_joint_amp0p5,three_class,1,adaptive_on_obfuscated,rbf_svm,raw,clrt,0.3367777777777778,18000,READ|SELECT|OPERATE,0.560333333|0.000166667|0.449833333,"[[3362,4,2634],[3262,1,2737],[3295,6,2699]]","[0.33,0.32666666666666666,0.3333333333333333,0.3499999999999999,0.3233333333333333,0.3466666666666667,0.35333333333333333,0.3499999999999999,0.34,0.31,0.2866666666666667,0.3433333333333333,0.3333333333333333,0.35000000000000003,0.32666666666666666,0.31333333333333335,0.37999999999999995,0.32,0.35333333333333333,0.3333333333333333,0.3333333333333333,0.32,0.3133333333333333,0.33666666666666667,0.3233333333333333,0.3566666666666667,0.29666666666666663,0.3433333333333333,0.3133333333333333,0.2966666666666667,0.2833333333333333,0.34,0.37333333333333335,0.3333333333333333,0.3466666666666667,0.33666666666666667,0.35000000000000003,0.33,0.3433333333333333,0.33666666666666667,0.33666666666666667,0.3566666666666667,0.3866666666666667,0.3333333333333333,0.37333333333333335,0.3233333333333333,0.3566666666666667,0.37999999999999995,0.3733333333333333,0.32666666666666666,0.37666666666666665,0.34,0.3233333333333333,0.3233333333333333,0.3466666666666667,0.4066666666666667,0.3133333333333333,0.2966666666666667,0.2966666666666667,0.32666666666666666]"
da15_gap1_joint_amp0p5,three_class,20,adaptive_on_obfuscated,logistic,raw,clrt,0.3688888888888889,900,READ|SELECT|OPERATE,0.126666667|0.610000000|0.370000000,"[[38,161,101],[7,183,110],[16,173,111]]","[0.26666666666666666,0.39999999999999997,0.26666666666666666,0.20000000000000004,0.3333333333333333,0.4000000000000001,0.5333333333333333,0.26666666666666666,0.5333333333333333,0.3333333333333333,0.3333333333333333,0.39999999999999997,0.5333333333333333,0.3333333333333333,0.4666666666666666,0.5333333333333333,0.39999999999999997,0.46666666666666673,0.26666666666666666,0.4000000000000001,0.4000000000000001,0.4666666666666666,0.39999999999999997,0.4000000000000001,0.4000000000000001,0.4666666666666666,0.20000000000000004,0.3333333333333333,0.4000000000000001,0.26666666666666666,0.26666666666666666,0.4000000000000001,0.4666666666666666,0.26666666666666666,0.26666666666666666,0.26666666666666666,0.4666666666666666,0.06666666666666667,0.26666666666666666,0.26666666666666666,0.3333333333333333,0.4000000000000001,0.39999999999999997,0.3333333333333333,0.4000000000000001,0.20000000000000004,0.4666666666666666,0.3333333333333333,0.26666666666666666,0.4000000000000001,0.4666666666666666,0.3333333333333333,0.4000000000000001,0.26666666666666666,0.4666666666666666,0.4666666666666666,0.46666666666666673,0.4000000000000001,0.5333333333333333,0.4000000000000001]"
da15_gap1_joint_amp0p5,three_class,20,adaptive_on_offset_residuals,rbf_svm,levels,ack_clrt,0.4188888888888889,900,READ|SELECT|OPERATE,0.383333333|0.423333333|0.450000000,"[[115,107,78],[96,127,77],[67,98,135]]","[0.3333333333333333,0.3333333333333333,0.3333333333333333,0.4666666666666666,0.4000000000000001,0.4666666666666666,0.26666666666666666,0.4000000000000001,0.39999999999999997,0.6000000000000001,0.3333333333333333,0.5333333333333333,0.4666666666666666,0.5333333333333333,0.5333333333333333,0.26666666666666666,0.3333333333333333,0.26666666666666666,0.26666666666666666,0.4666666666666666,0.5333333333333333,0.5333333333333333,0.5333333333333333,0.26666666666666666,0.26666666666666666,0.26666666666666666,0.6,0.5333333333333333,0.26666666666666666,0.4666666666666666,0.3333333333333333,0.5333333333333333,0.3333333333333333,0.6,0.6666666666666666,0.26666666666666666,0.4000000000000001,0.4666666666666666,0.6,0.26666666666666666,0.7333333333333334,0.26666666666666666,0.3333333333333333,0.3333333333333333,0.26666666666666666,0.3333333333333333,0.5333333333333333,0.26666666666666666,0.6000000000000001,0.3333333333333333,0.20000000000000004,0.26666666666666666,0.4666666666666666,0.4000000000000001,0.4666666666666666,0.46666666666666673,0.5333333333333333,0.46666666666666673,0.5333333333333333,0.6]"
da15_gap1_joint_amp0p5,three_class,20,adaptive_on_offset_residuals,rbf_svm,levels,clrt,0.38999999999999996,900,READ|SELECT|OPERATE,0.126666667|0.770000000|0.273333333,"[[38,200,62],[6,231,63],[8,210,82]]","[0.6,0.26666666666666666,0.4666666666666666,0.3333333333333333,0.4666666666666666,0.26666666666666666,0.3333333333333333,0.3333333333333333,0.26666666666666666,0.4000000000000001,0.26666666666666666,0.3333333333333333,0.4000000000000001,0.4000000000000001,0.4000000000000001,0.3333333333333333,0.46666666666666673,0.4000000000000001,0.3333333333333333,0.26666666666666666,0.6,0.4666666666666666,0.26666666666666666,0.39999999999999997,0.3333333333333333,0.26666666666666666,0.6,0.4000000000000001,0.3333333333333333,0.4000000000000001,0.3333333333333333,0.4666666666666666,0.4666666666666666,0.4000000000000001,0.4666666666666666,0.4666666666666666,0.39999999999999997,0.46666666666666673,0.3333333333333333,0.3333333333333333,0.3333333333333333,0.4666666666666666,0.39999999999999997,0.39999999999999997,0.6,0.3333333333333333,0.3333333333333333,0.4666666666666666,0.39999999999999997,0.4666666666666666,0.3333333333333333,0.3333333333333333,0.20000000000000004,0.4000000000000001,0.4000000000000001,0.6,0.4666666666666666,0.3333333333333333,0.3333333333333333,0.26666666666666666]"
da15_gap1_joint_amp0p5,three_class,20,adaptive_on_obfuscated,rbf_svm,raw,ack_clrt,0.3822222222222222,900,READ|SELECT|OPERATE,0.146666667|0.676666667|0.323333333,"[[44,178,78],[7,203,90],[10,193,97]]","[0.3333333333333333,0.26666666666666666,0.26666666666666666,0.4666666666666666,0.3333333333333333,0.3333333333333333,0.4000000000000001,0.0,0.4000000000000001,0.20000000000000004,0.4000000000000001,0.26666666666666666,0.4666666666666666,0.3333333333333333,0.5333333333333333,0.3333333333333333,0.4666666666666666,0.46666666666666673,0.39999999999999997,0.26666666666666666,0.46666666666666673,0.46666666666666673,0.4666666666666666,0.5333333333333333,0.46666666666666673,0.4666666666666666,0.4000000000000001,0.3333333333333333,0.46666666666666673,0.26666666666666666,0.4666666666666666,0.3333333333333333,0.39999999999999997,0.06666666666666667,0.3333333333333333,0.26666666666666666,0.46666666666666673,0.4000000000000001,0.26666666666666666,0.4000000000000001,0.3333333333333333,0.46666666666666673,0.4666666666666666,0.4000000000000001,0.4666666666666666,0.3333333333333333,0.6666666666666666,0.26666666666666666,0.26666666666666666,0.4000000000000001,0.5333333333333333,0.5333333333333333,0.3333333333333333,0.5333333333333333,0.4666666666666666,0.6,0.3333333333333333,0.4000000000000001,0.26666666666666666,0.20000000000000004]"
da15_gap1_joint_amp0p5,three_class,20,adaptive_on_obfuscated,rbf_svm,raw,clrt,0.3655555555555556,900,READ|SELECT|OPERATE,0.133333333|0.580000000|0.383333333,"[[40,162,98],[6,174,120],[7,178,115]]","[0.4666666666666666,0.4000000000000001,0.3333333333333333,0.3333333333333333,0.26666666666666666,0.4000000000000001,0.4000000000000001,0.26666666666666666,0.5333333333333333,0.3333333333333333,0.4666666666666666,0.3333333333333333,0.46666666666666673,0.3333333333333333,0.3333333333333333,0.5333333333333333,0.3333333333333333,0.4000000000000001,0.3333333333333333,0.4000000000000001,0.4000000000000001,0.4666666666666666,0.39999999999999997,0.3333333333333333,0.4000000000000001,0.6,0.20000000000000004,0.3333333333333333,0.26666666666666666,0.3333333333333333,0.46666666666666673,0.4000000000000001,0.3333333333333333,0.19999999999999998,0.20000000000000004,0.3333333333333333,0.4000000000000001,0.13333333333333333,0.3333333333333333,0.19999999999999998,0.3333333333333333,0.5333333333333333,0.4000000000000001,0.3333333333333333,0.3333333333333333,0.3333333333333333,0.4666666666666666,0.3333333333333333,0.26666666666666666,0.26666666666666666,0.4666666666666666,0.3333333333333333,0.4000000000000001,0.3333333333333333,0.4666666666666666,0.3333333333333333,0.5333333333333333,0.20000000000000004,0.4000000000000001,0.46666666666666673]"
da15_gap1_joint_amp0p5,three_class,20,adaptive_on_offset_residuals,rf,levels,ack_clrt,0.42333333333333334,900,READ|SELECT|OPERATE,0.376666667|0.410000000|0.483333333,"[[113,111,76],[93,123,84],[56,99,145]]","[0.5333333333333333,0.20000000000000004,0.3333333333333333,0.39999999999999997,0.4666666666666666,0.3333333333333333,0.4000000000000001,0.4000000000000001,0.4000000000000001,0.5333333333333333,0.4666666666666666,0.6,0.4666666666666666,0.4000000000000001,0.4666666666666666,0.5333333333333333,0.5333333333333333,0.4666666666666666,0.4000000000000001,0.3333333333333333,0.5333333333333333,0.3333333333333333,0.3333333333333333,0.39999999999999997,0.5333333333333333,0.3333333333333333,0.5333333333333333,0.5333333333333333,0.3333333333333333,0.4000000000000001,0.4000000000000001,0.4000000000000001,0.26666666666666666,0.4666666666666666,0.4666666666666666,0.26666666666666666,0.4666666666666666,0.4666666666666666,0.3333333333333333,0.3333333333333333,0.4000000000000001,0.5333333333333333,0.5333333333333333,0.3333333333333333,0.39999999999999997,0.3333333333333333,0.4666666666666666,0.39999999999999997,0.5333333333333333,0.4666666666666666,0.26666666666666666,0.4666666666666666,0.3333333333333333,0.5333333333333333,0.39999999999999997,0.4666666666666666,0.4000000000000001,0.3333333333333333,0.4666666666666666,0.5333333333333333]"
da15_gap1_joint_amp0p5,three_class,20,adaptive_on_offset_residuals,rf,levels,clrt,0.3711111111111111,900,READ|SELECT|OPERATE,0.303333333|0.430000000|0.380000000,"[[91,107,102],[63,129,108],[68,118,114]]","[0.4666666666666666,0.4000000000000001,0.46666666666666673,0.26666666666666666,0.13333333333333333,0.26666666666666666,0.20000000000000004,0.39999999999999997,0.4666666666666666,0.46666666666666673,0.4000000000000001,0.5333333333333333,0.39999999999999997,0.39999999999999997,0.4666666666666666,0.4000000000000001,0.4666666666666666,0.4666666666666666,0.4000000000000001,0.26666666666666666,0.3333333333333333,0.20000000000000004,0.20000000000000004,0.4000000000000001,0.5333333333333333,0.3333333333333333,0.6666666666666666,0.3333333333333333,0.0,0.26666666666666666,0.26666666666666666,0.3333333333333333,0.26666666666666666,0.26666666666666666,0.3333333333333333,0.4666666666666666,0.20000000000000004,0.26666666666666666,0.39999999999999997,0.20000000000000004,0.3333333333333333,0.5333333333333333,0.3333333333333333,0.4000000000000001,0.6,0.46666666666666673,0.5333333333333333,0.26666666666666666,0.26666666666666666,0.6,0.26666666666666666,0.4666666666666666,0.26666666666666666,0.5333333333333333,0.3333333333333333,0.4666666666666666,0.4000000000000001,0.26666666666666666,0.5333333333333333,0.4000000000000001]"
da15_gap1_joint_amp0p5,three_class,20,adaptive_on_obfuscated,rf,raw,ack_clrt,0.3755555555555556,900,READ|SELECT|OPERATE,0.353333333|0.403333333|0.370000000,"[[106,118,76],[82,121,97],[81,108,111]]","[0.4666666666666666,0.3333333333333333,0.39999999999999997,0.5333333333333333,0.20000000000000004,0.39999999999999997,0.26666666666666666,0.6000000000000001,0.5333333333333333,0.46666666666666673,0.3333333333333333,0.3333333333333333,0.4000000000000001,0.5333333333333333,0.4000000000000001,0.6,0.4000000000000001,0.4000000000000001,0.3333333333333333,0.4000000000000001,0.4666666666666666,0.39999999999999997,0.13333333333333333,0.4666666666666666,0.6,0.4000000000000001,0.5333333333333333,0.4000000000000001,0.13333333333333333,0.3333333333333333,0.3333333333333333,0.20000000000000004,0.4666666666666666,0.26666666666666666,0.26666666666666666,0.26666666666666666,0.39999999999999997,0.3333333333333333,0.26666666666666666,0.26666666666666666,0.4000000000000001,0.46666666666666673,0.4000000000000001,0.5333333333333333,0.26666666666666666,0.3333333333333333,0.5333333333333333,0.4000000000000001,0.3333333333333333,0.20000000000000004,0.26666666666666666,0.39999999999999997,0.13333333333333333,0.6000000000000001,0.39999999999999997,0.20000000000000004,0.39999999999999997,0.46666666666666673,0.3333333333333333,0.20000000000000004]"
da15_gap1_joint_amp0p5,three_class,20,adaptive_on_obfuscated,rf,raw,clrt,0.3755555555555556,900,READ|SELECT|OPERATE,0.363333333|0.406666667|0.356666667,"[[109,113,78],[87,122,91],[89,104,107]]","[0.4666666666666666,0.3333333333333333,0.4000000000000001,0.4666666666666666,0.26666666666666666,0.4666666666666666,0.4000000000000001,0.4000000000000001,0.20000000000000004,0.26666666666666666,0.3333333333333333,0.26666666666666666,0.4666666666666666,0.26666666666666666,0.3333333333333333,0.6666666666666666,0.6,0.3333333333333333,0.4000000000000001,0.6,0.06666666666666667,0.3333333333333333,0.26666666666666666,0.3333333333333333,0.4000000000000001,0.4666666666666666,0.4666666666666666,0.4000000000000001,0.26666666666666666,0.3333333333333333,0.3333333333333333,0.4000000000000001,0.4000000000000001,0.4000000000000001,0.13333333333333333,0.39999999999999997,0.4000000000000001,0.3333333333333333,0.6666666666666666,0.26666666666666666,0.5333333333333333,0.39999999999999997,0.4666666666666666,0.3333333333333333,0.4666666666666666,0.4000000000000001,0.6,0.13333333333333333,0.06666666666666667,0.6,0.4000000000000001,0.13333333333333333,0.4000000000000001,0.5333333333333333,0.4000000000000001,0.3333333333333333,0.39999999999999997,0.20000000000000004,0.5333333333333333,0.20000000000000004]"
da15_gap1_joint_amp0p5,three_class,5,adaptive_on_offset_residuals,logistic,levels,ack_clrt,0.3927777777777777,3600,READ|SELECT|OPERATE,0.476666667|0.192500000|0.509166667,"[[572,214,414],[485,231,484],[393,196,611]]","[0.3499999999999999,0.23333333333333336,0.39999999999999997,0.3666666666666667,0.43333333333333335,0.35000000000000003,0.3833333333333333,0.3666666666666667,0.38333333333333336,0.35000000000000003,0.35000000000000003,0.35000000000000003,0.3666666666666667,0.46666666666666673,0.39999999999999997,0.4333333333333333,0.45,0.45,0.2333333333333333,0.39999999999999997,0.35000000000000003,0.3166666666666667,0.39999999999999997,0.3,0.4166666666666667,0.31666666666666665,0.3833333333333333,0.5000000000000001,0.2833333333333334,0.45,0.4666666666666666,0.4666666666666666,0.30000000000000004,0.46666666666666673,0.4166666666666667,0.2833333333333333,0.4166666666666667,0.5166666666666666,0.43333333333333335,0.5,0.48333333333333334,0.45,0.35000000000000003,0.3666666666666667,0.2833333333333333,0.39999999999999997,0.45,0.4666666666666666,0.45,0.36666666666666664,0.35000000000000003,0.45,0.39999999999999997,0.43333333333333335,0.48333333333333334,0.43333333333333335,0.39999999999999997,0.3,0.3833333333333333,0.3666666666666667]"
da15_gap1_joint_amp0p5,three_class,5,adaptive_on_offset_residuals,logistic,levels,clrt,0.34527777777777774,3600,READ|SELECT|OPERATE,0.285000000|0.115833333|0.635000000,"[[342,128,730],[317,139,744],[326,112,762]]","[0.36666666666666664,0.2833333333333333,0.31666666666666665,0.2833333333333333,0.4166666666666667,0.23333333333333336,0.35000000000000003,0.3833333333333333,0.43333333333333335,0.3166666666666667,0.21666666666666667,0.3,0.3166666666666667,0.3333333333333333,0.31666666666666665,0.39999999999999997,0.38333333333333336,0.44999999999999996,0.3166666666666667,0.31666666666666665,0.3666666666666667,0.2833333333333334,0.3,0.25,0.2833333333333333,0.3,0.3833333333333333,0.4333333333333334,0.3333333333333333,0.3833333333333333,0.4166666666666667,0.44999999999999996,0.39999999999999997,0.3833333333333333,0.39999999999999997,0.26666666666666666,0.3166666666666667,0.41666666666666674,0.2833333333333334,0.3666666666666667,0.3166666666666667,0.4166666666666667,0.26666666666666666,0.35000000000000003,0.36666666666666664,0.2833333333333333,0.36666666666666664,0.45,0.3166666666666667,0.4166666666666667,0.3166666666666667,0.3666666666666667,0.35000000000000003,0.3666666666666667,0.26666666666666666,0.43333333333333335,0.3333333333333333,0.3333333333333333,0.3333333333333333,0.31666666666666665]"
da15_gap1_joint_amp0p5,three_class,5,adaptive_on_obfuscated,logistic,raw,ack_clrt,0.3313888888888889,3600,READ|SELECT|OPERATE,0.245833333|0.334166667|0.414166667,"[[295,440,465],[282,401,517],[285,418,497]]","[0.3333333333333333,0.2833333333333334,0.3333333333333333,0.35000000000000003,0.35000000000000003,0.4000000000000001,0.21666666666666665,0.15,0.3333333333333333,0.31666666666666665,0.2333333333333333,0.3833333333333333,0.4166666666666667,0.2833333333333334,0.4166666666666667,0.3333333333333333,0.3833333333333333,0.31666666666666665,0.4166666666666667,0.3,0.38333333333333336,0.3833333333333333,0.3166666666666667,0.3499999999999999,0.3333333333333333,0.3833333333333333,0.2833333333333334,0.3333333333333333,0.2833333333333333,0.3,0.2333333333333333,0.3166666666666667,0.2833333333333333,0.28333333333333327,0.2833333333333333,0.45,0.46666666666666673,0.3,0.35000000000000003,0.3166666666666667,0.26666666666666666,0.38333333333333336,0.3666666666666667,0.26666666666666666,0.3333333333333333,0.3499999999999999,0.3333333333333333,0.3333333333333333,0.35000000000000003,0.31666666666666665,0.3666666666666667,0.3833333333333333,0.35000000000000003,0.39999999999999997,0.3833333333333333,0.3833333333333333,0.26666666666666666,0.3333333333333333,0.3,0.23333333333333336]"
da15_gap1_joint_amp0p5,three_class,5,adaptive_on_obfuscated,logistic,raw,clrt,0.34416666666666673,3600,READ|SELECT|OPERATE,0.251666667|0.361666667|0.419166667,"[[302,442,456],[283,434,483],[273,424,503]]","[0.35000000000000003,0.26666666666666666,0.19999999999999998,0.3166666666666667,0.3499999999999999,0.3666666666666667,0.3333333333333333,0.35000000000000003,0.3833333333333333,0.3499999999999999,0.26666666666666666,0.3333333333333333,0.45,0.46666666666666673,0.3666666666666667,0.35000000000000003,0.3333333333333333,0.26666666666666666,0.43333333333333335,0.30000000000000004,0.39999999999999997,0.35000000000000003,0.2833333333333333,0.4166666666666667,0.4166666666666667,0.4166666666666667,0.2833333333333333,0.3333333333333333,0.3666666666666667,0.25,0.3333333333333333,0.4166666666666667,0.3666666666666667,0.3,0.3,0.4166666666666667,0.4000000000000001,0.26666666666666666,0.21666666666666667,0.3333333333333333,0.2833333333333333,0.4166666666666667,0.45,0.3,0.3166666666666667,0.25,0.3,0.43333333333333335,0.3,0.39999999999999997,0.35000000000000003,0.35000000000000003,0.3833333333333333,0.26666666666666666,0.2333333333333333,0.43333333333333335,0.39999999999999997,0.3666666666666667,0.3666666666666667,0.35000000000000003]"
da15_gap1_joint_amp0p5,three_class,5,adaptive_on_offset_residuals,rbf_svm,levels,ack_clrt,0.3908333333333333,3600,READ|SELECT|OPERATE,0.415000000|0.323333333|0.434166667,"[[498,378,324],[426,388,386],[324,355,521]]","[0.2833333333333333,0.3,0.3,0.35000000000000003,0.36666666666666664,0.3666666666666667,0.35000000000000003,0.38333333333333336,0.4166666666666667,0.36666666666666664,0.38333333333333336,0.4000000000000001,0.39999999999999997,0.35000000000000003,0.46666666666666673,0.4000000000000001,0.43333333333333335,0.43333333333333335,0.3,0.2833333333333334,0.4166666666666667,0.31666666666666665,0.4000000000000001,0.3666666666666667,0.4666666666666666,0.2333333333333333,0.4166666666666667,0.48333333333333334,0.3666666666666667,0.46666666666666673,0.4166666666666667,0.5333333333333333,0.3499999999999999,0.4333333333333333,0.39999999999999997,0.31666666666666665,0.4666666666666666,0.5333333333333333,0.3333333333333333,0.43333333333333335,0.4333333333333333,0.45,0.43333333333333335,0.35000000000000003,0.3333333333333333,0.39999999999999997,0.43333333333333335,0.43333333333333335,0.5166666666666666,0.4000000000000001,0.31666666666666665,0.4000000000000001,0.3833333333333333,0.35000000000000003,0.48333333333333334,0.43333333333333335,0.3833333333333333,0.25,0.4166666666666667,0.36666666666666664]"
da15_gap1_joint_amp0p5,three_class,5,adaptive_on_offset_residuals,rbf_svm,levels,clrt,0.3469444444444445,3600,READ|SELECT|OPERATE,0.302500000|0.221666667|0.516666667,"[[363,253,584],[332,266,602],[322,258,620]]","[0.31666666666666665,0.26666666666666666,0.2833333333333333,0.26666666666666666,0.39999999999999997,0.21666666666666667,0.3,0.35000000000000003,0.5,0.24999999999999997,0.3,0.3,0.35000000000000003,0.4166666666666667,0.36666666666666664,0.3833333333333333,0.35000000000000003,0.39999999999999997,0.2833333333333333,0.26666666666666666,0.35000000000000003,0.26666666666666666,0.2833333333333333,0.25,0.3,0.2833333333333333,0.39999999999999997,0.5,0.3333333333333333,0.3666666666666667,0.39999999999999997,0.3833333333333333,0.30000000000000004,0.4166666666666667,0.3333333333333333,0.2833333333333334,0.35000000000000003,0.45,0.3,0.35000000000000003,0.35000000000000003,0.3833333333333333,0.2833333333333334,0.43333333333333335,0.3833333333333333,0.35000000000000003,0.3833333333333333,0.4833333333333334,0.35000000000000003,0.4000000000000001,0.25,0.4166666666666667,0.35000000000000003,0.3166666666666667,0.4000000000000001,0.44999999999999996,0.3833333333333333,0.31666666666666665,0.3,0.3666666666666667]"
da15_gap1_joint_amp0p5,three_class,5,adaptive_on_obfuscated,rbf_svm,raw,ack_clrt,0.33805555555555555,3600,READ|SELECT|OPERATE,0.165833333|0.349166667|0.499166667,"[[199,446,555],[186,419,595],[185,416,599]]","[0.35000000000000003,0.3,0.3,0.26666666666666666,0.3,0.4166666666666667,0.25,0.2833333333333333,0.35000000000000003,0.26666666666666666,0.2833333333333334,0.45,0.3,0.31666666666666665,0.43333333333333335,0.4000000000000001,0.3333333333333333,0.4000000000000001,0.4000000000000001,0.3333333333333333,0.39999999999999997,0.31666666666666665,0.3666666666666667,0.3833333333333333,0.3,0.3333333333333333,0.35000000000000003,0.35000000000000003,0.2333333333333333,0.21666666666666667,0.3333333333333333,0.3,0.3,0.35000000000000003,0.3,0.31666666666666665,0.3833333333333333,0.3333333333333333,0.2833333333333333,0.31666666666666665,0.3166666666666667,0.31666666666666665,0.4166666666666667,0.3333333333333333,0.3333333333333333,0.3,0.3833333333333333,0.3833333333333333,0.3166666666666667,0.3833333333333333,0.4666666666666666,0.4000000000000001,0.31666666666666665,0.4166666666666667,0.39999999999999997,0.4166666666666667,0.35000000000000003,0.3,0.2833333333333333,0.25]"
da15_gap1_joint_amp0p5,three_class,5,adaptive_on_obfuscated,rbf_svm,raw,clrt,0.3452777777777778,3600,READ|SELECT|OPERATE,0.064166667|0.450000000|0.521666667,"[[77,543,580],[44,540,616],[38,536,626]]","[0.3666666666666667,0.35000000000000003,0.2833333333333333,0.26666666666666666,0.3833333333333333,0.2833333333333333,0.3166666666666667,0.43333333333333335,0.5,0.31666666666666665,0.3666666666666667,0.43333333333333335,0.2833333333333333,0.3833333333333333,0.4166666666666667,0.3833333333333333,0.3,0.39999999999999997,0.3666666666666667,0.4166666666666667,0.3666666666666667,0.4000000000000001,0.4333333333333333,0.3666666666666667,0.3,0.5166666666666666,0.3,0.35000000000000003,0.3166666666666667,0.3166666666666667,0.31666666666666665,0.25,0.3,0.25,0.2833333333333334,0.3333333333333333,0.30000000000000004,0.35000000000000003,0.3166666666666667,0.4000000000000001,0.2833333333333333,0.3333333333333333,0.4000000000000001,0.3333333333333333,0.2333333333333333,0.31666666666666665,0.3333333333333333,0.31666666666666665,0.4000000000000001,0.3833333333333333,0.3666666666666667,0.31666666666666665,0.3666666666666667,0.21666666666666667,0.39999999999999997,0.3666666666666667,0.35000000000000003,0.3666666666666667,0.35000000000000003,0.26666666666666666]"
da15_gap1_joint_amp0p5,three_class,5,adaptive_on_offset_residuals,rf,levels,ack_clrt,0.40138888888888896,3600,READ|SELECT|OPERATE,0.433333333|0.354166667|0.416666667,"[[520,377,303],[416,425,359],[323,377,500]]","[0.43333333333333335,0.3666666666666667,0.4166666666666667,0.3666666666666667,0.4000000000000001,0.3833333333333333,0.3499999999999999,0.45,0.3666666666666667,0.3333333333333333,0.4166666666666667,0.39999999999999997,0.31666666666666665,0.38333333333333336,0.38333333333333336,0.45,0.45,0.4000000000000001,0.21666666666666667,0.25000000000000006,0.3666666666666667,0.4000000000000001,0.5166666666666667,0.45,0.4166666666666667,0.3,0.39999999999999997,0.5,0.39999999999999997,0.45,0.3666666666666667,0.5166666666666667,0.3666666666666667,0.39999999999999997,0.4166666666666667,0.2833333333333334,0.45,0.5333333333333333,0.45,0.35000000000000003,0.46666666666666673,0.5,0.3333333333333333,0.2833333333333334,0.39999999999999997,0.45,0.4166666666666667,0.4166666666666667,0.5166666666666666,0.3833333333333333,0.44999999999999996,0.4166666666666667,0.46666666666666673,0.4166666666666667,0.45,0.43333333333333335,0.3333333333333333,0.3,0.43333333333333335,0.35000000000000003]"
da15_gap1_joint_amp0p5,three_class,5,adaptive_on_offset_residuals,rf,levels,clrt,0.3444444444444444,3600,READ|SELECT|OPERATE,0.356666667|0.330833333|0.345833333,"[[428,368,404],[391,397,412],[407,378,415]]","[0.3,0.3333333333333333,0.4166666666666667,0.4166666666666667,0.31666666666666665,0.3,0.3499999999999999,0.4666666666666666,0.3833333333333333,0.19999999999999998,0.3499999999999999,0.39999999999999997,0.3833333333333333,0.25,0.43333333333333335,0.38333333333333336,0.26666666666666666,0.3333333333333333,0.4000000000000001,0.25,0.39999999999999997,0.35000000000000003,0.3,0.2833333333333334,0.31666666666666665,0.3499999999999999,0.35000000000000003,0.3,0.31666666666666665,0.2833333333333333,0.31666666666666665,0.2833333333333334,0.3833333333333333,0.31666666666666665,0.45,0.3666666666666667,0.3666666666666667,0.4166666666666667,0.43333333333333335,0.26666666666666666,0.31666666666666665,0.2833333333333334,0.4666666666666666,0.21666666666666667,0.3666666666666667,0.35000000000000003,0.3833333333333333,0.43333333333333335,0.3333333333333333,0.4666666666666666,0.35000000000000003,0.31666666666666665,0.3666666666666667,0.26666666666666666,0.3333333333333333,0.3,0.35000000000000003,0.35000000000000003,0.3333333333333333,0.3]"
da15_gap1_joint_amp0p5,three_class,5,adaptive_on_obfuscated,rf,raw,ack_clrt,0.3627777777777778,3600,READ|SELECT|OPERATE,0.398333333|0.284166667|0.405833333,"[[478,360,362],[447,341,412],[396,317,487]]","[0.3666666666666667,0.31666666666666665,0.2833333333333334,0.3,0.2833333333333334,0.4166666666666667,0.3333333333333333,0.3833333333333333,0.39999999999999997,0.3833333333333333,0.38333333333333336,0.31666666666666665,0.3333333333333333,0.43333333333333335,0.39999999999999997,0.3833333333333333,0.43333333333333335,0.39999999999999997,0.3,0.3833333333333333,0.24999999999999997,0.3666666666666667,0.44999999999999996,0.3333333333333333,0.3333333333333333,0.3333333333333333,0.3666666666666667,0.5333333333333333,0.30000000000000004,0.35000000000000003,0.4166666666666667,0.3333333333333333,0.2333333333333333,0.3333333333333333,0.3,0.43333333333333335,0.3,0.3,0.2833333333333333,0.3666666666666667,0.3666666666666667,0.4833333333333334,0.5,0.43333333333333335,0.26666666666666666,0.3333333333333333,0.4000000000000001,0.45,0.4000000000000001,0.36666666666666664,0.39999999999999997,0.3499999999999999,0.2833333333333333,0.38333333333333336,0.4666666666666666,0.4166666666666667,0.3666666666666667,0.3666666666666667,0.3333333333333333,0.25]"
da15_gap1_joint_amp0p5,three_class,5,adaptive_on_obfuscated,rf,raw,clrt,0.3527777777777778,3600,READ|SELECT|OPERATE,0.363333333|0.350833333|0.344166667,"[[436,371,393],[407,421,372],[406,381,413]]","[0.38333333333333336,0.2833333333333334,0.45,0.4166666666666667,0.4666666666666666,0.3833333333333333,0.3666666666666667,0.3666666666666667,0.38333333333333336,0.3,0.4666666666666666,0.2833333333333333,0.3833333333333333,0.48333333333333334,0.5,0.3,0.38333333333333336,0.2833333333333334,0.3666666666666667,0.2833333333333333,0.2833333333333333,0.3166666666666667,0.3333333333333333,0.3666666666666667,0.4166666666666667,0.4166666666666667,0.4166666666666667,0.26666666666666666,0.31666666666666665,0.26666666666666666,0.3666666666666667,0.46666666666666673,0.3833333333333333,0.2833333333333333,0.35000000000000003,0.36666666666666664,0.3333333333333333,0.18333333333333335,0.3666666666666667,0.3666666666666667,0.38333333333333336,0.3333333333333333,0.45,0.2333333333333333,0.2833333333333333,0.25,0.3,0.2833333333333333,0.3666666666666667,0.3333333333333333,0.4000000000000001,0.3499999999999999,0.3499999999999999,0.3166666666666667,0.4666666666666666,0.25,0.26666666666666666,0.4166666666666667,0.3666666666666667,0.3666666666666667]"
da15_gap1_joint_amp0p5,read_select,1,adaptive_on_offset_residuals,logistic,levels,ack_clrt,0.52175,12000,READ|SELECT,0.580166667|0.463333333,"[[3481,2519],[3220,2780]]","[0.56,0.49,0.46499999999999997,0.56,0.48,0.55,0.5549999999999999,0.55,0.45499999999999996,0.5900000000000001,0.475,0.47,0.5449999999999999,0.495,0.57,0.51,0.545,0.49,0.475,0.53,0.515,0.53,0.585,0.485,0.555,0.475,0.5900000000000001,0.635,0.48,0.5700000000000001,0.585,0.565,0.5,0.585,0.445,0.5499999999999999,0.53,0.605,0.475,0.595,0.475,0.585,0.515,0.485,0.45,0.46499999999999997,0.49,0.505,0.56,0.475,0.55,0.54,0.49,0.515,0.5599999999999999,0.51,0.455,0.475,0.505,0.485]"
da15_gap1_joint_amp0p5,read_select,1,adaptive_on_offset_residuals,logistic,levels,clrt,0.50675,12000,READ|SELECT,0.065833333|0.947666667,"[[395,5605],[314,5686]]","[0.525,0.47500000000000003,0.52,0.52,0.51,0.5,0.51,0.515,0.525,0.49000000000000005,0.5,0.52,0.53,0.515,0.48500000000000004,0.52,0.52,0.5,0.49,0.505,0.515,0.525,0.52,0.505,0.51,0.51,0.52,0.495,0.48000000000000004,0.49,0.505,0.51,0.515,0.515,0.53,0.495,0.495,0.51,0.505,0.48000000000000004,0.5,0.515,0.505,0.49,0.5,0.52,0.52,0.51,0.51,0.505,0.52,0.465,0.49,0.515,0.485,0.49,0.52,0.49,0.53,0.52]"
da15_gap1_joint_amp0p5,read_select,1,adaptive_on_obfuscated,logistic,raw,ack_clrt,0.4960833333333333,12000,READ|SELECT,0.437000000|0.555166667,"[[2622,3378],[2669,3331]]","[0.475,0.5,0.47500000000000003,0.475,0.54,0.46499999999999997,0.515,0.5,0.515,0.515,0.5449999999999999,0.5449999999999999,0.52,0.5,0.43,0.485,0.445,0.51,0.5,0.475,0.56,0.565,0.5800000000000001,0.45999999999999996,0.505,0.515,0.53,0.47,0.53,0.51,0.525,0.485,0.49,0.49,0.48,0.475,0.45499999999999996,0.425,0.53,0.51,0.52,0.46499999999999997,0.47500000000000003,0.495,0.475,0.49,0.44,0.45499999999999996,0.43000000000000005,0.49,0.515,0.47000000000000003,0.525,0.435,0.51,0.42000000000000004,0.5549999999999999,0.54,0.54,0.5]"
da15_gap1_joint_amp0p5,read_select,1,adaptive_on_obfuscated,logistic,raw,clrt,0.4955833333333333,12000,READ|SELECT,0.492500000|0.498666667,"[[2955,3045],[3008,2992]]","[0.515,0.505,0.455,0.475,0.5549999999999999,0.45999999999999996,0.53,0.48,0.51,0.495,0.53,0.56,0.505,0.45999999999999996,0.445,0.495,0.46499999999999997,0.53,0.495,0.48,0.5700000000000001,0.565,0.575,0.44499999999999995,0.52,0.535,0.54,0.47,0.525,0.5349999999999999,0.51,0.475,0.49,0.47,0.47,0.48,0.45999999999999996,0.43,0.525,0.515,0.525,0.475,0.45499999999999996,0.505,0.48,0.475,0.425,0.42500000000000004,0.41000000000000003,0.49,0.515,0.48,0.54,0.445,0.48,0.42,0.565,0.55,0.5249999999999999,0.5]"
da15_gap1_joint_amp0p5,read_select,1,adaptive_on_offset_residuals,rbf_svm,levels,ack_clrt,0.5185833333333334,12000,READ|SELECT,0.540000000|0.497166667,"[[3240,2760],[3017,2983]]","[0.58,0.46,0.45999999999999996,0.5700000000000001,0.46499999999999997,0.51,0.545,0.53,0.495,0.5700000000000001,0.53,0.47,0.535,0.49,0.565,0.515,0.5449999999999999,0.515,0.435,0.54,0.515,0.55,0.57,0.49,0.51,0.455,0.575,0.5800000000000001,0.49,0.585,0.615,0.525,0.51,0.555,0.48,0.51,0.49,0.605,0.47,0.5900000000000001,0.505,0.575,0.48,0.47500000000000003,0.42000000000000004,0.55,0.505,0.485,0.525,0.47000000000000003,0.54,0.51,0.52,0.51,0.565,0.515,0.445,0.485,0.48,0.56]"
da15_gap1_joint_amp0p5,read_select,1,adaptive_on_offset_residuals,rbf_svm,levels,clrt,0.5026666666666667,12000,READ|SELECT,0.006500000|0.998833333,"[[39,5961],[7,5993]]","[0.505,0.5,0.5,0.5,0.5,0.5,0.505,0.5,0.505,0.5,0.505,0.5,0.505,0.505,0.505,0.505,0.505,0.5,0.5,0.5,0.505,0.505,0.5,0.505,0.51,0.505,0.51,0.5,0.5,0.5,0.505,0.505,0.5,0.5,0.5,0.5,0.505,0.5,0.5,0.5,0.495,0.505,0.5,0.5,0.505,0.505,0.515,0.505,0.5,0.505,0.5,0.5,0.505,0.51,0.505,0.505,0.5,0.5,0.5,0.5]"
da15_gap1_joint_amp0p5,read_select,1,adaptive_on_obfuscated,rbf_svm,raw,ack_clrt,0.50175,12000,READ|SELECT,0.394500000|0.609000000,"[[2367,3633],[2346,3654]]","[0.505,0.52,0.46,0.46499999999999997,0.505,0.48,0.495,0.48,0.505,0.54,0.49,0.51,0.52,0.52,0.47000000000000003,0.495,0.5,0.5,0.525,0.495,0.485,0.48000000000000004,0.46499999999999997,0.54,0.525,0.505,0.47,0.49,0.48,0.5449999999999999,0.53,0.555,0.505,0.53,0.43000000000000005,0.535,0.525,0.5499999999999999,0.45999999999999996,0.48,0.455,0.475,0.505,0.52,0.48,0.505,0.5,0.52,0.58,0.535,0.495,0.505,0.49,0.48000000000000004,0.455,0.51,0.5650000000000001,0.46499999999999997,0.455,0.5449999999999999]"
da15_gap1_joint_amp0p5,read_select,1,adaptive_on_offset_residuals,rf,levels,ack_clrt,0.5073333333333334,12000,READ|SELECT,0.498833333|0.515833333,"[[2993,3007],[2905,3095]]","[0.5,0.44000000000000006,0.53,0.45,0.535,0.505,0.505,0.485,0.455,0.54,0.43,0.5549999999999999,0.52,0.52,0.52,0.49,0.54,0.525,0.49,0.515,0.44999999999999996,0.5549999999999999,0.475,0.51,0.525,0.495,0.47000000000000003,0.56,0.45999999999999996,0.505,0.535,0.585,0.48,0.44499999999999995,0.485,0.505,0.5900000000000001,0.535,0.515,0.5,0.5700000000000001,0.62,0.5,0.435,0.505,0.515,0.51,0.52,0.49,0.48,0.525,0.53,0.52,0.575,0.52,0.49,0.435,0.45499999999999996,0.48,0.5349999999999999]"
da15_gap1_joint_amp0p5,read_select,1,adaptive_on_offset_residuals,rf,levels,clrt,0.5015833333333333,12000,READ|SELECT,0.497166667|0.506000000,"[[2983,3017],[2964,3036]]","[0.51,0.51,0.47,0.485,0.475,0.475,0.45499999999999996,0.535,0.525,0.525,0.505,0.52,0.52,0.495,0.48,0.55,0.56,0.525,0.45999999999999996,0.52,0.45499999999999996,0.495,0.48,0.47,0.505,0.495,0.52,0.505,0.535,0.475,0.475,0.51,0.51,0.49,0.495,0.47,0.575,0.49,0.5,0.45,0.485,0.5349999999999999,0.505,0.47,0.49,0.52,0.43999999999999995,0.525,0.505,0.645,0.495,0.52,0.5,0.5449999999999999,0.5,0.505,0.515,0.495,0.44499999999999995,0.455]"
da15_gap1_joint_amp0p5,read_select,1,adaptive_on_obfuscated,rf,raw,ack_clrt,0.5054166666666666,12000,READ|SELECT,0.497666667|0.513166667,"[[2986,3014],[2921,3079]]","[0.515,0.495,0.475,0.505,0.48,0.53,0.53,0.47,0.45,0.515,0.535,0.505,0.495,0.48,0.545,0.545,0.54,0.53,0.5,0.575,0.5,0.5449999999999999,0.49,0.48,0.525,0.495,0.45999999999999996,0.62,0.405,0.535,0.48,0.56,0.525,0.52,0.45999999999999996,0.49,0.475,0.53,0.49,0.575,0.49,0.565,0.485,0.385,0.45499999999999996,0.55,0.47,0.48,0.485,0.48,0.5700000000000001,0.51,0.51,0.575,0.525,0.535,0.47,0.46499999999999997,0.46499999999999997,0.48]"
da15_gap1_joint_amp0p5,read_select,20,adaptive_on_offset_residuals,logistic,levels,ack_clrt,0.5183333333333333,600,READ|SELECT,0.463333333|0.573333333,"[[139,161],[128,172]]","[0.5,0.5,0.1,0.2,0.6000000000000001,0.4,0.7,0.30000000000000004,0.6,0.7,0.7,0.30000000000000004,0.4,0.6,0.6,0.8,0.30000000000000004,0.7,0.4,0.6000000000000001,0.5,0.4,0.30000000000000004,0.4,0.30000000000000004,0.4,0.8,0.7,0.5,0.5,0.9,0.7,0.4,0.6000000000000001,0.5,0.5,0.6,0.6000000000000001,0.4,0.6,0.5,0.7,0.6000000000000001,0.5,0.2,0.6,0.7,0.4,0.4,0.5,0.30000000000000004,0.6000000000000001,0.8,0.7,0.6,0.6000000000000001,0.4,0.30000000000000004,0.5,0.6000000000000001]"
da15_gap1_joint_amp0p5,read_select,1,adaptive_on_obfuscated,rbf_svm,raw,clrt,0.5040833333333333,12000,READ|SELECT,0.743000000|0.265166667,"[[4458,1542],[4409,1591]]","[0.49,0.525,0.49,0.505,0.505,0.54,0.44,0.52,0.475,0.53,0.46,0.47000000000000003,0.55,0.575,0.53,0.5,0.535,0.47,0.57,0.54,0.445,0.455,0.44,0.525,0.45,0.5,0.46,0.515,0.46,0.435,0.52,0.56,0.49,0.51,0.475,0.54,0.55,0.535,0.45999999999999996,0.525,0.485,0.535,0.54,0.5,0.485,0.515,0.5,0.565,0.52,0.5,0.475,0.485,0.445,0.53,0.49,0.55,0.52,0.515,0.53,0.49]"
da15_gap1_joint_amp0p5,read_select,20,adaptive_on_offset_residuals,logistic,levels,clrt,0.5533333333333333,600,READ|SELECT,0.140000000|0.966666667,"[[42,258],[10,290]]","[0.7,0.5,0.5,0.5,0.5,0.5,0.6,0.6,0.6,0.5,0.5,0.5,0.6,0.6,0.6,0.6,0.6,0.6000000000000001,0.5,0.4,0.6,0.6,0.5,0.6,0.6,0.5,0.7,0.5,0.5,0.5,0.6,0.6,0.5,0.5,0.5,0.5,0.6,0.5,0.6,0.5,0.4,0.6,0.5,0.5,0.6,0.6,0.8,0.6,0.5,0.6,0.5,0.5,0.6,0.7,0.6,0.6,0.5,0.5,0.5,0.5]"
da15_gap1_joint_amp0p5,read_select,1,adaptive_on_obfuscated,rf,raw,clrt,0.512,12000,READ|SELECT,0.519833333|0.504166667,"[[3119,2881],[2975,3025]]","[0.5800000000000001,0.45499999999999996,0.47,0.47,0.515,0.5449999999999999,0.5,0.54,0.44999999999999996,0.585,0.455,0.54,0.475,0.47,0.52,0.525,0.525,0.52,0.47,0.52,0.5,0.485,0.445,0.51,0.5700000000000001,0.5,0.45,0.56,0.45499999999999996,0.46499999999999997,0.505,0.5449999999999999,0.49,0.555,0.545,0.54,0.505,0.55,0.5349999999999999,0.475,0.46499999999999997,0.55,0.505,0.485,0.545,0.5449999999999999,0.46499999999999997,0.54,0.5,0.49,0.5700000000000001,0.53,0.51,0.55,0.535,0.55,0.5700000000000001,0.485,0.525,0.49]"
da15_gap1_joint_amp0p5,read_select,20,adaptive_on_obfuscated,logistic,raw,ack_clrt,0.55,600,READ|SELECT,0.163333333|0.936666667,"[[49,251],[19,281]]","[0.6,0.5,0.5,0.4,0.6,0.4,0.6,0.5,0.6,0.5,0.6,0.6,0.6,0.6,0.5,0.6,0.6,0.5,0.5,0.5,0.5,0.6,0.5,0.6,0.6,0.7,0.7,0.4,0.5,0.5,0.6,0.7,0.5,0.4,0.4,0.5,0.5,0.4,0.5,0.4,0.5,0.6,0.4,0.5,0.6,0.6,0.8,0.6,0.5,0.6,0.6,0.5,0.7,0.7,0.6,0.7,0.5,0.5,0.6000000000000001,0.6]"
da15_gap1_joint_amp0p5,read_select,20,adaptive_on_obfuscated,logistic,raw,clrt,0.5516666666666666,600,READ|SELECT,0.126666667|0.976666667,"[[38,262],[7,293]]","[0.6,0.5,0.5,0.5,0.5,0.5,0.6,0.5,0.6,0.5,0.6,0.5,0.6,0.6,0.6,0.6,0.6,0.5,0.5,0.5,0.6,0.6,0.5,0.6,0.6,0.6,0.7,0.5,0.5,0.5,0.6,0.6,0.5,0.5,0.5,0.5,0.6,0.5,0.5,0.5,0.4,0.6,0.5,0.5,0.6,0.6,0.8,0.6,0.5,0.6,0.5,0.5,0.6,0.7,0.6,0.6,0.5,0.5,0.5,0.5]"
da15_gap1_joint_amp0p5,read_select,20,adaptive_on_offset_residuals,rbf_svm,levels,ack_clrt,0.5083333333333333,600,READ|SELECT,0.310000000|0.706666667,"[[93,207],[88,212]]","[0.6000000000000001,0.7,0.3,0.2,0.7,0.6000000000000001,0.5,0.30000000000000004,0.4,0.6000000000000001,0.8,0.5,0.4,0.5,0.6000000000000001,0.6000000000000001,0.4,0.6000000000000001,0.6000000000000001,0.4,0.6,0.30000000000000004,0.30000000000000004,0.5,0.6000000000000001,0.5,0.9,0.5,0.6000000000000001,0.4,0.6,0.5,0.2,0.6000000000000001,0.3,0.4,0.6,0.6,0.4,0.6,0.4,0.4,0.30000000000000004,0.4,0.4,0.30000000000000004,0.8,0.6,0.4,0.6000000000000001,0.3,0.6000000000000001,0.7,0.7,0.7,0.6000000000000001,0.5,0.5,0.6,0.4]"
da15_gap1_joint_amp0p5,read_select,20,adaptive_on_offset_residuals,rbf_svm,levels,clrt,0.5516666666666666,600,READ|SELECT,0.126666667|0.976666667,"[[38,262],[7,293]]","[0.6,0.5,0.5,0.5,0.5,0.6,0.6,0.5,0.6,0.5,0.6,0.5,0.6,0.6,0.6,0.6,0.6,0.5,0.5,0.4,0.6,0.6,0.5,0.6,0.6,0.6,0.7,0.5,0.5,0.5,0.6,0.6,0.5,0.5,0.5,0.5,0.6,0.5,0.5,0.5,0.4,0.6,0.5,0.5,0.6,0.6,0.8,0.6,0.5,0.6,0.5,0.5,0.6,0.7,0.6,0.6,0.5,0.5,0.5,0.5]"
da15_gap1_joint_amp0p5,read_select,20,adaptive_on_obfuscated,rbf_svm,raw,ack_clrt,0.5616666666666666,600,READ|SELECT,0.140000000|0.983333333,"[[42,258],[5,295]]","[0.6,0.5,0.5,0.5,0.5,0.6,0.6,0.5,0.6,0.5,0.6,0.5,0.6,0.6,0.6,0.6,0.6,0.5,0.5,0.5,0.6,0.6,0.5,0.6,0.6,0.6,0.7,0.5,0.5,0.5,0.6,0.6,0.5,0.5,0.5,0.5,0.6,0.5,0.5,0.4,0.5,0.6,0.5,0.5,0.6,0.6,0.8,0.6,0.5,0.5,0.7,0.5,0.7,0.7,0.6,0.7,0.5,0.5,0.6,0.6]"
da15_gap1_joint_amp0p5,read_select,20,adaptive_on_obfuscated,rbf_svm,raw,clrt,0.5566666666666666,600,READ|SELECT,0.133333333|0.980000000,"[[40,260],[6,294]]","[0.6,0.5,0.5,0.5,0.5,0.6,0.6,0.5,0.6,0.5,0.6,0.5,0.6,0.6,0.6,0.6,0.6,0.5,0.5,0.5,0.6,0.6,0.5,0.6,0.6,0.6,0.7,0.5,0.6,0.5,0.6,0.6,0.5,0.5,0.5,0.5,0.6,0.5,0.5,0.5,0.5,0.6,0.5,0.5,0.6,0.6,0.8,0.6,0.5,0.6,0.5,0.5,0.6,0.7,0.5,0.6,0.5,0.5,0.5,0.6]"
da15_gap1_joint_amp0p5,read_select,20,adaptive_on_offset_residuals,rf,levels,ack_clrt,0.535,600,READ|SELECT,0.486666667|0.583333333,"[[146,154],[125,175]]","[0.6,0.6,0.4,0.30000000000000004,0.30000000000000004,0.4,0.6,0.6000000000000001,0.7,0.8,0.6000000000000001,0.6,0.30000000000000004,0.5,0.7,0.8,0.30000000000000004,0.7,0.6,0.7,0.8,0.5,0.4,0.30000000000000004,0.5,0.6,0.7,0.6000000000000001,0.5,0.6,0.6000000000000001,0.5,0.4,0.30000000000000004,0.4,0.5,0.6000000000000001,0.4,0.5,0.4,0.7,0.5,0.6000000000000001,0.5,0.4,0.8,0.7,0.5,0.6000000000000001,0.4,0.3,0.4,0.8,0.7,0.4,0.4,0.5,0.5,0.5,0.7]"
da15_gap1_joint_amp0p5,read_select,20,adaptive_on_offset_residuals,rf,levels,clrt,0.5416666666666666,600,READ|SELECT,0.526666667|0.556666667,"[[158,142],[133,167]]","[0.6,0.7,0.7,0.6,0.30000000000000004,0.5,0.6000000000000001,0.3,0.6,0.6,0.4,0.7,0.5,0.6,0.6,0.8,0.5,0.4,0.6,0.6,0.4,0.3,0.4,0.4,0.7,0.7,0.9,0.9,0.5,0.4,0.30000000000000004,0.6,0.30000000000000004,0.4,0.4,0.6000000000000001,0.4,0.4,0.9,0.30000000000000004,0.4,0.7,0.30000000000000004,0.6,0.6,0.7,0.7,0.4,0.6,0.6000000000000001,0.6000000000000001,0.4,0.6000000000000001,0.9,0.30000000000000004,0.5,0.6000000000000001,0.30000000000000004,0.6,0.7]"
da15_gap1_joint_amp0p5,read_select,20,adaptive_on_obfuscated,rf,raw,ack_clrt,0.5133333333333333,600,READ|SELECT,0.380000000|0.646666667,"[[114,186],[106,194]]","[0.7,0.6000000000000001,0.5,0.6,0.4,0.30000000000000004,0.5,0.6,0.7,0.6,0.5,0.5,0.4,0.5,0.6000000000000001,0.6,0.5,0.6,0.8,0.6,0.6000000000000001,0.5,0.6000000000000001,0.4,0.6000000000000001,0.6000000000000001,0.4,0.6000000000000001,0.30000000000000004,0.3,0.5,0.6000000000000001,0.6000000000000001,0.3,0.30000000000000004,0.6000000000000001,0.4,0.5,0.3,0.4,0.30000000000000004,0.8,0.5,0.5,0.6000000000000001,0.6000000000000001,0.8,0.4,0.4,0.7,0.2,0.4,0.4,0.4,0.4,0.6,0.5,0.8,0.7,0.30000000000000004]"
da15_gap1_joint_amp0p5,read_select,20,adaptive_on_obfuscated,rf,raw,clrt,0.525,600,READ|SELECT,0.466666667|0.583333333,"[[140,160],[125,175]]","[0.8,0.4,0.6,0.4,0.2,0.5,0.6,0.4,0.6000000000000001,0.5,0.6000000000000001,0.4,0.7,0.30000000000000004,0.5,0.6000000000000001,0.8,0.5,0.5,0.4,0.5,0.4,0.5,0.7,0.9,0.6,0.6,0.4,0.5,0.6,0.6,0.6000000000000001,0.6,0.4,0.5,0.4,0.4,0.4,0.6000000000000001,0.30000000000000004,0.6,0.5,0.5,0.4,0.7,0.5,0.7,0.6000000000000001,0.2,0.6000000000000001,0.6000000000000001,0.30000000000000004,0.5,0.8,0.5,0.5,0.6,0.5,0.7,0.4]"
da15_gap1_joint_amp0p5,read_select,5,adaptive_on_offset_residuals,logistic,levels,ack_clrt,0.5341666666666667,2400,READ|SELECT,0.555833333|0.512500000,"[[667,533],[585,615]]","[0.44999999999999996,0.45,0.45,0.45,0.475,0.525,0.65,0.475,0.575,0.525,0.525,0.475,0.475,0.525,0.625,0.6499999999999999,0.45,0.5,0.45,0.6,0.5,0.5,0.625,0.375,0.45,0.47500000000000003,0.625,0.55,0.5,0.575,0.7250000000000001,0.475,0.375,0.7,0.425,0.675,0.55,0.625,0.525,0.625,0.55,0.575,0.6,0.5,0.45,0.625,0.7,0.55,0.6000000000000001,0.4,0.42500000000000004,0.6000000000000001,0.625,0.6000000000000001,0.6000000000000001,0.6000000000000001,0.475,0.5,0.44999999999999996,0.45]"
da15_gap1_joint_amp0p5,read_select,5,adaptive_on_offset_residuals,logistic,levels,clrt,0.5083333333333333,2400,READ|SELECT,0.321666667|0.695000000,"[[386,814],[366,834]]","[0.42500000000000004,0.375,0.5249999999999999,0.475,0.45,0.375,0.5,0.5249999999999999,0.7,0.42500000000000004,0.44999999999999996,0.475,0.5,0.65,0.525,0.55,0.45,0.575,0.55,0.5,0.35,0.575,0.5,0.35000000000000003,0.525,0.55,0.47500000000000003,0.575,0.475,0.55,0.625,0.44999999999999996,0.44999999999999996,0.55,0.525,0.525,0.42500000000000004,0.55,0.475,0.55,0.525,0.6000000000000001,0.375,0.525,0.32499999999999996,0.55,0.625,0.525,0.5249999999999999,0.575,0.42500000000000004,0.6000000000000001,0.6,0.575,0.6000000000000001,0.5249999999999999,0.45,0.475,0.525,0.525]"
da15_gap1_joint_amp0p5,read_select,5,adaptive_on_obfuscated,logistic,raw,ack_clrt,0.5054166666666666,2400,READ|SELECT,0.397500000|0.613333333,"[[477,723],[464,736]]","[0.55,0.475,0.525,0.5,0.42500000000000004,0.7,0.275,0.5249999999999999,0.6,0.525,0.44999999999999996,0.475,0.55,0.6,0.55,0.5249999999999999,0.475,0.4,0.625,0.45,0.525,0.47500000000000003,0.4,0.5,0.5,0.625,0.525,0.5,0.5,0.5249999999999999,0.42500000000000004,0.55,0.4,0.55,0.5,0.65,0.525,0.45,0.42500000000000004,0.375,0.45,0.5,0.55,0.42500000000000004,0.42500000000000004,0.475,0.575,0.45,0.7,0.4,0.5,0.44999999999999996,0.45,0.7,0.525,0.55,0.375,0.5,0.575,0.625]"
da15_gap1_joint_amp0p5,read_select,5,adaptive_on_obfuscated,logistic,raw,clrt,0.5104166666666667,2400,READ|SELECT,0.313333333|0.707500000,"[[376,824],[351,849]]","[0.375,0.4,0.42500000000000004,0.6,0.4,0.55,0.425,0.475,0.55,0.65,0.5,0.44999999999999996,0.55,0.625,0.575,0.44999999999999996,0.475,0.425,0.6,0.5,0.55,0.6000000000000001,0.475,0.625,0.55,0.55,0.5,0.475,0.5249999999999999,0.4,0.5249999999999999,0.675,0.42500000000000004,0.5,0.47500000000000003,0.55,0.55,0.5,0.4,0.42500000000000004,0.525,0.675,0.65,0.4,0.475,0.55,0.55,0.5,0.5249999999999999,0.45,0.525,0.475,0.45,0.625,0.35,0.5249999999999999,0.475,0.475,0.6,0.55]"
da15_gap1_joint_amp0p5,read_select,5,adaptive_on_offset_residuals,rbf_svm,levels,ack_clrt,0.5254166666666666,2400,READ|SELECT,0.506666667|0.544166667,"[[608,592],[547,653]]","[0.5,0.575,0.4,0.42500000000000004,0.45,0.425,0.55,0.425,0.575,0.6499999999999999,0.5,0.55,0.4,0.425,0.625,0.575,0.5,0.575,0.5,0.575,0.55,0.575,0.575,0.47500000000000003,0.6000000000000001,0.35,0.475,0.55,0.475,0.575,0.6000000000000001,0.55,0.525,0.725,0.45,0.575,0.575,0.6,0.475,0.55,0.525,0.575,0.525,0.425,0.5,0.65,0.525,0.525,0.575,0.45,0.45,0.475,0.625,0.45,0.575,0.6499999999999999,0.5,0.4,0.525,0.575]"
da15_gap1_joint_amp0p5,read_select,5,adaptive_on_offset_residuals,rbf_svm,levels,clrt,0.5125,2400,READ|SELECT,0.302500000|0.722500000,"[[363,837],[333,867]]","[0.42500000000000004,0.375,0.5249999999999999,0.475,0.5249999999999999,0.4,0.5,0.55,0.625,0.42500000000000004,0.5,0.475,0.5,0.65,0.55,0.575,0.45,0.55,0.525,0.525,0.375,0.55,0.475,0.35000000000000003,0.525,0.55,0.55,0.575,0.45,0.55,0.65,0.475,0.425,0.575,0.475,0.525,0.42500000000000004,0.55,0.525,0.55,0.55,0.575,0.4,0.525,0.325,0.55,0.625,0.525,0.55,0.55,0.425,0.575,0.575,0.575,0.625,0.5249999999999999,0.475,0.5,0.525,0.525]"
da15_gap1_joint_amp0p5,read_select,5,adaptive_on_obfuscated,rbf_svm,raw,ack_clrt,0.5070833333333333,2400,READ|SELECT,0.229166667|0.785000000,"[[275,925],[258,942]]","[0.475,0.525,0.425,0.42500000000000004,0.39999999999999997,0.55,0.45,0.5,0.6,0.5,0.5,0.55,0.45,0.625,0.55,0.55,0.5,0.475,0.525,0.47500000000000003,0.625,0.5,0.525,0.525,0.5249999999999999,0.5,0.5,0.475,0.4,0.47500000000000003,0.675,0.45,0.45,0.525,0.4,0.45,0.475,0.42500000000000004,0.575,0.475,0.475,0.44999999999999996,0.55,0.45,0.55,0.4,0.55,0.575,0.525,0.5249999999999999,0.6,0.45,0.55,0.575,0.575,0.575,0.55,0.525,0.525,0.45]"
da15_gap1_joint_amp0p5,read_select,5,adaptive_on_obfuscated,rbf_svm,raw,clrt,0.5125,2400,READ|SELECT,0.062500000|0.962500000,"[[75,1125],[45,1155]]","[0.525,0.5,0.45,0.5,0.5,0.47500000000000003,0.525,0.525,0.575,0.5,0.5,0.525,0.525,0.525,0.525,0.525,0.5,0.525,0.5,0.475,0.525,0.6,0.5,0.525,0.525,0.55,0.5499999999999999,0.5,0.5,0.525,0.525,0.525,0.5,0.475,0.475,0.475,0.5,0.475,0.5,0.47500000000000003,0.5,0.55,0.5,0.5,0.575,0.5,0.5499999999999999,0.525,0.5,0.45,0.525,0.525,0.55,0.525,0.47500000000000003,0.47500000000000003,0.575,0.5499999999999999,0.5,0.47500000000000003]"
da15_gap1_joint_amp0p5,read_select,5,adaptive_on_offset_residuals,rf,levels,ack_clrt,0.5483333333333333,2400,READ|SELECT,0.560833333|0.535833333,"[[673,527],[557,643]]","[0.55,0.525,0.47500000000000003,0.55,0.575,0.5249999999999999,0.475,0.55,0.575,0.525,0.475,0.5,0.55,0.45,0.6499999999999999,0.575,0.525,0.5,0.5,0.35,0.575,0.5,0.525,0.55,0.7,0.475,0.6,0.55,0.65,0.5,0.475,0.625,0.625,0.6,0.575,0.5249999999999999,0.525,0.675,0.7,0.525,0.575,0.675,0.6000000000000001,0.475,0.55,0.55,0.625,0.45,0.5,0.55,0.7,0.55,0.6,0.6000000000000001,0.525,0.55,0.375,0.42500000000000004,0.525,0.625]"
da15_gap1_joint_amp0p5,read_select,5,adaptive_on_offset_residuals,rf,levels,clrt,0.5170833333333333,2400,READ|SELECT,0.542500000|0.491666667,"[[651,549],[610,590]]","[0.4,0.55,0.525,0.42500000000000004,0.5,0.425,0.4,0.575,0.575,0.6000000000000001,0.5,0.675,0.5,0.475,0.6499999999999999,0.45,0.5,0.5,0.47500000000000003,0.4,0.47500000000000003,0.55,0.47500000000000003,0.45,0.575,0.575,0.45,0.475,0.55,0.5,0.44999999999999996,0.575,0.675,0.525,0.65,0.375,0.45,0.55,0.625,0.42500000000000004,0.525,0.675,0.575,0.42500000000000004,0.575,0.6000000000000001,0.375,0.575,0.5,0.55,0.625,0.5,0.525,0.6,0.42500000000000004,0.5,0.42500000000000004,0.45,0.55,0.575]"
da15_gap1_joint_amp0p5,read_select,5,adaptive_on_obfuscated,rf,raw,ack_clrt,0.5020833333333333,2400,READ|SELECT,0.519166667|0.485000000,"[[623,577],[618,582]]","[0.5,0.4,0.35,0.47500000000000003,0.525,0.55,0.47500000000000003,0.42500000000000004,0.575,0.575,0.6000000000000001,0.42500000000000004,0.45,0.47500000000000003,0.525,0.55,0.675,0.45,0.55,0.575,0.425,0.47500000000000003,0.5,0.525,0.525,0.47500000000000003,0.4,0.65,0.42500000000000004,0.42500000000000004,0.675,0.45,0.4,0.475,0.425,0.55,0.55,0.47500000000000003,0.275,0.5,0.475,0.55,0.55,0.525,0.5,0.55,0.5,0.575,0.525,0.44999999999999996,0.45,0.625,0.375,0.6000000000000001,0.6,0.625,0.45,0.55,0.475,0.45]"
da15_gap1_joint_amp0p5,read_select,5,adaptive_on_obfuscated,rf,raw,clrt,0.5066666666666666,2400,READ|SELECT,0.491666667|0.521666667,"[[590,610],[574,626]]","[0.45,0.525,0.525,0.45,0.5,0.65,0.42500000000000004,0.525,0.47500000000000003,0.47500000000000003,0.575,0.425,0.6000000000000001,0.55,0.575,0.5,0.5,0.475,0.575,0.55,0.42500000000000004,0.45,0.375,0.6499999999999999,0.65,0.55,0.6000000000000001,0.5,0.475,0.45,0.55,0.55,0.4,0.5,0.475,0.5,0.47500000000000003,0.425,0.45,0.35,0.45,0.5,0.575,0.5,0.525,0.4,0.625,0.45,0.625,0.42500000000000004,0.475,0.45,0.4,0.55,0.6499999999999999,0.575,0.4,0.55,0.6000000000000001,0.55]"
da20_gap1_joint_amp0p5,three_class,1,adaptive_on_offset_residuals,logistic,levels,ack_clrt,0.3632222222222223,18000,READ|SELECT|OPERATE,0.586500000|0.221500000|0.281666667,"[[3519,1206,1275],[3290,1329,1381],[2843,1467,1690]]","[0.32666666666666666,0.3566666666666667,0.3133333333333333,0.39666666666666667,0.35333333333333333,0.3333333333333333,0.37999999999999995,0.3233333333333333,0.36999999999999994,0.36999999999999994,0.46,0.3066666666666667,0.35000000000000003,0.3866666666666667,0.39999999999999997,0.3266666666666667,0.4066666666666667,0.4366666666666667,0.35000000000000003,0.37666666666666665,0.3466666666666667,0.33666666666666667,0.33666666666666667,0.44,0.38333333333333336,0.36000000000000004,0.36000000000000004,0.31666666666666665,0.3466666666666667,0.3,0.37333333333333335,0.3433333333333333,0.35333333333333333,0.38999999999999996,0.3333333333333333,0.3833333333333333,0.3566666666666667,0.41333333333333333,0.45999999999999996,0.3066666666666667,0.33666666666666667,0.31333333333333335,0.35333333333333333,0.3333333333333333,0.38000000000000006,0.3433333333333333,0.4066666666666667,0.4166666666666667,0.38666666666666666,0.35000000000000003,0.36999999999999994,0.3733333333333333,0.37999999999999995,0.38666666666666666,0.3133333333333333,0.35999999999999993,0.3833333333333333,0.27999999999999997,0.3566666666666667,0.4066666666666667]"
da20_gap1_joint_amp0p5,three_class,1,adaptive_on_offset_residuals,logistic,levels,clrt,0.33594444444444443,18000,READ|SELECT|OPERATE,0.212666667|0.370833333|0.424333333,"[[1276,2163,2561],[1129,2225,2646],[1278,2176,2546]]","[0.30666666666666664,0.35666666666666663,0.31,0.3433333333333333,0.3166666666666667,0.3733333333333333,0.33666666666666667,0.30333333333333334,0.3499999999999999,0.27,0.3466666666666667,0.36000000000000004,0.37666666666666665,0.29666666666666663,0.34,0.2866666666666667,0.32,0.3666666666666667,0.3333333333333333,0.3133333333333333,0.37333333333333335,0.3466666666666667,0.33666666666666667,0.3433333333333333,0.33,0.3133333333333333,0.35333333333333333,0.3833333333333333,0.2866666666666667,0.3466666666666667,0.37333333333333335,0.32666666666666666,0.34333333333333327,0.31,0.2966666666666667,0.2866666666666667,0.36000000000000004,0.32333333333333336,0.33666666666666667,0.3766666666666667,0.38666666666666666,0.3633333333333333,0.27,0.32,0.31666666666666665,0.3133333333333333,0.36000000000000004,0.35333333333333333,0.35666666666666663,0.3466666666666667,0.39666666666666667,0.35666666666666663,0.3,0.31,0.3133333333333333,0.36000000000000004,0.34333333333333327,0.3433333333333333,0.3433333333333333,0.35000000000000003]"
da20_gap1_joint_amp0p5,three_class,1,adaptive_on_obfuscated,logistic,raw,ack_clrt,0.3358888888888889,18000,READ|SELECT|OPERATE,0.441666667|0.242833333|0.323166667,"[[2650,1440,1910],[2622,1457,1921],[2521,1540,1939]]","[0.35333333333333333,0.31,0.32666666666666666,0.35000000000000003,0.35000000000000003,0.34,0.32,0.33666666666666667,0.32666666666666666,0.33,0.32666666666666666,0.37000000000000005,0.3333333333333333,0.33,0.38000000000000006,0.32666666666666666,0.38999999999999996,0.32666666666666666,0.31666666666666665,0.33666666666666667,0.3133333333333333,0.31666666666666665,0.34,0.33,0.33,0.35666666666666663,0.2933333333333333,0.33666666666666667,0.3433333333333333,0.33,0.3833333333333333,0.33,0.32,0.33,0.2933333333333333,0.35000000000000003,0.33,0.38000000000000006,0.35333333333333333,0.30333333333333334,0.34,0.33666666666666667,0.36333333333333334,0.3333333333333333,0.33666666666666667,0.3333333333333333,0.3666666666666667,0.3333333333333333,0.31,0.37333333333333335,0.34,0.33,0.32,0.3133333333333333,0.3466666666666667,0.31,0.30666666666666664,0.3433333333333333,0.37000000000000005,0.3033333333333333]"
da20_gap1_joint_amp0p5,three_class,1,adaptive_on_obfuscated,logistic,raw,clrt,0.3401666666666667,18000,READ|SELECT|OPERATE,0.504166667|0.000000000|0.516333333,"[[3025,0,2975],[2981,0,3019],[2902,0,3098]]","[0.3466666666666667,0.34,0.3333333333333333,0.37666666666666665,0.3433333333333333,0.3566666666666667,0.3233333333333333,0.35333333333333333,0.33,0.33,0.3333333333333333,0.3666666666666667,0.31666666666666665,0.32,0.38000000000000006,0.3433333333333333,0.3433333333333333,0.32666666666666666,0.3433333333333333,0.36999999999999994,0.33,0.33666666666666667,0.33666666666666667,0.3233333333333333,0.3466666666666667,0.3333333333333333,0.33,0.33666666666666667,0.32,0.3466666666666667,0.3633333333333333,0.36999999999999994,0.32,0.36000000000000004,0.3133333333333333,0.37333333333333335,0.3333333333333333,0.35000000000000003,0.35333333333333333,0.3166666666666667,0.3433333333333333,0.3433333333333333,0.3466666666666667,0.3666666666666667,0.35666666666666663,0.33666666666666667,0.38999999999999996,0.3466666666666667,0.26666666666666666,0.38000000000000006,0.33666666666666667,0.31,0.33,0.3333333333333333,0.3433333333333333,0.31666666666666665,0.3233333333333333,0.32,0.35000000000000003,0.3]"
da20_gap1_joint_amp0p5,three_class,1,adaptive_on_offset_residuals,rbf_svm,levels,ack_clrt,0.36822222222222223,18000,READ|SELECT|OPERATE,0.468833333|0.099833333|0.536000000,"[[2813,701,2486],[2635,599,2766],[2178,606,3216]]","[0.37333333333333335,0.38999999999999996,0.37333333333333335,0.3,0.3666666666666667,0.36000000000000004,0.3166666666666667,0.36000000000000004,0.35000000000000003,0.3566666666666667,0.4033333333333333,0.34,0.3466666666666667,0.31666666666666665,0.36000000000000004,0.3633333333333333,0.37666666666666665,0.42,0.33,0.4166666666666667,0.34,0.3633333333333333,0.36000000000000004,0.39333333333333337,0.4066666666666667,0.35333333333333333,0.32666666666666666,0.31,0.3733333333333333,0.3499999999999999,0.4466666666666666,0.35333333333333333,0.38333333333333336,0.38000000000000006,0.33666666666666667,0.35000000000000003,0.35333333333333333,0.4033333333333334,0.44,0.3266666666666667,0.36000000000000004,0.34333333333333327,0.4166666666666667,0.39666666666666667,0.3866666666666667,0.41,0.37333333333333335,0.37333333333333335,0.3866666666666667,0.36000000000000004,0.37333333333333335,0.35000000000000003,0.36000000000000004,0.44333333333333336,0.37000000000000005,0.38000000000000006,0.4033333333333333,0.33,0.3766666666666667,0.33]"
da20_gap1_joint_amp0p5,three_class,1,adaptive_on_offset_residuals,rbf_svm,levels,clrt,0.3364444444444445,18000,READ|SELECT|OPERATE,0.005666667|0.151333333|0.852333333,"[[34,887,5079],[4,908,5088],[7,879,5114]]","[0.3433333333333333,0.36333333333333334,0.32666666666666666,0.35333333333333333,0.32,0.33666666666666667,0.3333333333333333,0.32,0.37000000000000005,0.30666666666666664,0.32333333333333336,0.35000000000000003,0.3466666666666667,0.3433333333333333,0.3666666666666667,0.3066666666666667,0.3466666666666667,0.3566666666666667,0.31666666666666665,0.3433333333333333,0.3333333333333333,0.32,0.3433333333333333,0.34,0.36000000000000004,0.3433333333333333,0.34,0.33666666666666667,0.3,0.33,0.35000000000000003,0.32666666666666666,0.3433333333333333,0.3333333333333333,0.3333333333333333,0.3333333333333333,0.36999999999999994,0.35000000000000003,0.31333333333333335,0.32,0.33,0.31666666666666665,0.3233333333333333,0.29333333333333333,0.31,0.31666666666666665,0.3566666666666667,0.37000000000000005,0.34,0.3233333333333333,0.3433333333333333,0.36000000000000004,0.34,0.33,0.31333333333333335,0.3566666666666667,0.3466666666666667,0.3466666666666667,0.34,0.33666666666666667]"
da20_gap1_joint_amp0p5,three_class,1,adaptive_on_offset_residuals,rf,levels,ack_clrt,0.37633333333333335,18000,READ|SELECT|OPERATE,0.403166667|0.330666667|0.395166667,"[[2419,1965,1616],[2247,1984,1769],[1904,1725,2371]]","[0.41333333333333333,0.39333333333333337,0.3833333333333333,0.33,0.3566666666666667,0.32,0.3566666666666667,0.39999999999999997,0.33666666666666667,0.4066666666666667,0.4133333333333334,0.3566666666666667,0.36333333333333334,0.42,0.36999999999999994,0.33666666666666667,0.3766666666666667,0.4266666666666666,0.39999999999999997,0.3866666666666667,0.36000000000000004,0.3666666666666667,0.42,0.4366666666666667,0.3633333333333333,0.38999999999999996,0.34,0.32333333333333336,0.37333333333333335,0.32,0.39666666666666667,0.39999999999999997,0.3833333333333333,0.3866666666666667,0.32,0.36000000000000004,0.4266666666666667,0.4533333333333333,0.4366666666666667,0.30666666666666664,0.3466666666666667,0.33,0.4366666666666667,0.4033333333333333,0.39333333333333337,0.33666666666666667,0.3866666666666667,0.3666666666666667,0.3866666666666667,0.36999999999999994,0.42,0.37999999999999995,0.3233333333333333,0.39666666666666667,0.37333333333333335,0.3666666666666667,0.4366666666666667,0.33,0.35000000000000003,0.33666666666666667]"
da20_gap1_joint_amp0p5,three_class,1,adaptive_on_obfuscated,rbf_svm,raw,ack_clrt,0.33033333333333337,18000,READ|SELECT|OPERATE,0.252500000|0.366333333|0.372166667,"[[1515,2247,2238],[1536,2198,2266],[1566,2201,2233]]","[0.42,0.35333333333333333,0.37666666666666665,0.26333333333333336,0.3333333333333333,0.35333333333333333,0.33666666666666667,0.3366666666666666,0.35333333333333333,0.2966666666666667,0.33,0.31,0.35333333333333333,0.33,0.27666666666666667,0.3066666666666667,0.27666666666666667,0.36999999999999994,0.30666666666666664,0.2966666666666667,0.34,0.3133333333333333,0.34,0.3499999999999999,0.31,0.3233333333333333,0.36999999999999994,0.2833333333333334,0.34,0.35666666666666663,0.3333333333333333,0.34,0.30666666666666664,0.3433333333333333,0.37333333333333335,0.3833333333333333,0.41,0.26666666666666666,0.3333333333333333,0.2866666666666667,0.33666666666666667,0.2833333333333334,0.3233333333333333,0.3466666666666667,0.29000000000000004,0.32666666666666666,0.3166666666666667,0.2966666666666667,0.3499999999999999,0.31666666666666665,0.33666666666666667,0.3933333333333333,0.3466666666666667,0.36000000000000004,0.3666666666666667,0.2833333333333333,0.31666666666666665,0.35666666666666663,0.29333333333333333,0.2966666666666667]"
da20_gap1_joint_amp0p5,three_class,1,adaptive_on_offset_residuals,rf,levels,clrt,0.3318888888888889,18000,READ|SELECT|OPERATE,0.322166667|0.336500000|0.337000000,"[[1933,1999,2068],[1991,2019,1990],[1961,2017,2022]]","[0.36333333333333334,0.3,0.3466666666666667,0.3,0.3066666666666667,0.35666666666666663,0.3166666666666667,0.36000000000000004,0.3333333333333333,0.3133333333333333,0.31000000000000005,0.3,0.3333333333333333,0.37666666666666665,0.3066666666666667,0.36999999999999994,0.3433333333333333,0.3333333333333333,0.3333333333333333,0.3333333333333333,0.34,0.36000000000000004,0.37666666666666665,0.3166666666666667,0.33666666666666667,0.29,0.30000000000000004,0.32,0.2966666666666667,0.3466666666666667,0.3433333333333333,0.32,0.3466666666666667,0.30000000000000004,0.35333333333333333,0.36000000000000004,0.36000000000000004,0.3466666666666667,0.3433333333333333,0.32666666666666666,0.3433333333333333,0.29000000000000004,0.32666666666666666,0.3333333333333333,0.3666666666666667,0.3766666666666667,0.3233333333333333,0.33666666666666667,0.29333333333333333,0.32,0.26666666666666666,0.35000000000000003,0.3333333333333333,0.33666666666666667,0.31666666666666665,0.3666666666666667,0.2933333333333334,0.34,0.34,0.34]"
da20_gap1_joint_amp0p5,three_class,1,adaptive_on_obfuscated,rf,raw,ack_clrt,0.37366666666666665,18000,READ|SELECT|OPERATE,0.384833333|0.344500000|0.391666667,"[[2309,2037,1654],[2107,2067,1826],[1855,1795,2350]]","[0.38333333333333336,0.3633333333333333,0.41333333333333333,0.34,0.4000000000000001,0.3499999999999999,0.37333333333333335,0.40666666666666673,0.31,0.42333333333333334,0.42333333333333334,0.3566666666666667,0.3833333333333333,0.38999999999999996,0.35333333333333333,0.31666666666666665,0.36999999999999994,0.41,0.32666666666666666,0.36000000000000004,0.3933333333333333,0.3466666666666667,0.37333333333333335,0.4633333333333334,0.36333333333333334,0.36333333333333334,0.32666666666666666,0.35333333333333333,0.3866666666666667,0.35000000000000003,0.41333333333333333,0.36000000000000004,0.38000000000000006,0.38333333333333336,0.4033333333333333,0.36000000000000004,0.3333333333333333,0.4333333333333333,0.4166666666666667,0.33666666666666667,0.33666666666666667,0.35000000000000003,0.41333333333333333,0.40666666666666673,0.38000000000000006,0.36000000000000004,0.4033333333333333,0.33666666666666667,0.3766666666666667,0.39666666666666667,0.36999999999999994,0.32666666666666666,0.36333333333333334,0.4466666666666666,0.36000000000000004,0.3666666666666667,0.39666666666666667,0.36666666666666664,0.3,0.37000000000000005]"
da20_gap1_joint_amp0p5,three_class,20,adaptive_on_offset_residuals,logistic,levels,ack_clrt,0.4288888888888889,900,READ|SELECT|OPERATE,0.520000000|0.226666667|0.540000000,"[[156,76,68],[138,68,94],[75,63,162]]","[0.7333333333333334,0.4666666666666666,0.3333333333333333,0.26666666666666666,0.4666666666666666,0.26666666666666666,0.3333333333333333,0.3333333333333333,0.3333333333333333,0.5333333333333333,0.3333333333333333,0.4000000000000001,0.39999999999999997,0.3333333333333333,0.5333333333333333,0.39999999999999997,0.6,0.7333333333333334,0.46666666666666673,0.6,0.5333333333333333,0.4000000000000001,0.4666666666666666,0.6,0.3333333333333333,0.4000000000000001,0.26666666666666666,0.13333333333333333,0.5333333333333333,0.3333333333333333,0.46666666666666673,0.5333333333333333,0.39999999999999997,0.4666666666666666,0.26666666666666666,0.39999999999999997,0.3333333333333333,0.5333333333333333,0.5333333333333333,0.3333333333333333,0.20000000000000004,0.39999999999999997,0.6,0.3333333333333333,0.4666666666666666,0.6666666666666666,0.7333333333333334,0.39999999999999997,0.46666666666666673,0.26666666666666666,0.6,0.3333333333333333,0.20000000000000004,0.6,0.46666666666666673,0.39999999999999997,0.4666666666666666,0.26666666666666666,0.3333333333333333,0.4000000000000001]"
da20_gap1_joint_amp0p5,three_class,1,adaptive_on_obfuscated,rf,raw,clrt,0.33894444444444444,18000,READ|SELECT|OPERATE,0.358500000|0.311833333|0.346500000,"[[2151,1893,1956],[2189,1871,1940],[2094,1827,2079]]","[0.3366666666666666,0.32666666666666666,0.37333333333333335,0.3566666666666667,0.3499999999999999,0.3333333333333333,0.3233333333333333,0.3466666666666667,0.3466666666666667,0.33,0.3333333333333333,0.3333333333333333,0.37000000000000005,0.3433333333333333,0.2966666666666667,0.35333333333333333,0.36000000000000004,0.34,0.3133333333333333,0.3133333333333333,0.37666666666666665,0.30333333333333334,0.3866666666666667,0.37000000000000005,0.3566666666666667,0.31666666666666665,0.36999999999999994,0.30666666666666664,0.35000000000000003,0.3466666666666667,0.33,0.3233333333333333,0.2833333333333333,0.35000000000000003,0.3666666666666667,0.38999999999999996,0.3466666666666667,0.33666666666666667,0.29000000000000004,0.3466666666666667,0.31,0.35000000000000003,0.3833333333333333,0.37333333333333335,0.3133333333333333,0.3133333333333333,0.3933333333333333,0.2933333333333334,0.2733333333333334,0.36999999999999994,0.36000000000000004,0.3233333333333333,0.31666666666666665,0.34,0.38999999999999996,0.3033333333333333,0.32666666666666666,0.34,0.3333333333333333,0.3033333333333334]"
da20_gap1_joint_amp0p5,three_class,20,adaptive_on_offset_residuals,logistic,levels,clrt,0.3744444444444444,900,READ|SELECT|OPERATE,0.253333333|0.500000000|0.370000000,"[[76,130,94],[60,150,90],[57,132,111]]","[0.3333333333333333,0.3333333333333333,0.26666666666666666,0.39999999999999997,0.20000000000000004,0.20000000000000004,0.3333333333333333,0.46666666666666673,0.3333333333333333,0.26666666666666666,0.4000000000000001,0.5333333333333333,0.26666666666666666,0.39999999999999997,0.4666666666666666,0.4000000000000001,0.3333333333333333,0.26666666666666666,0.3333333333333333,0.5333333333333333,0.4666666666666666,0.13333333333333333,0.3333333333333333,0.26666666666666666,0.46666666666666673,0.4000000000000001,0.3333333333333333,0.26666666666666666,0.26666666666666666,0.4000000000000001,0.26666666666666666,0.26666666666666666,0.26666666666666666,0.5333333333333333,0.3333333333333333,0.3333333333333333,0.4000000000000001,0.39999999999999997,0.26666666666666666,0.6,0.3333333333333333,0.3333333333333333,0.4666666666666666,0.26666666666666666,0.5333333333333333,0.3333333333333333,0.5333333333333333,0.6,0.3333333333333333,0.3333333333333333,0.4000000000000001,0.5333333333333333,0.26666666666666666,0.20000000000000004,0.5333333333333333,0.5333333333333333,0.5333333333333333,0.4666666666666666,0.4000000000000001,0.4666666666666666]"
da20_gap1_joint_amp0p5,three_class,1,adaptive_on_obfuscated,rbf_svm,raw,clrt,0.3393888888888889,18000,READ|SELECT|OPERATE,0.005666667|0.495333333|0.517166667,"[[34,2983,2983],[4,2972,3024],[6,2891,3103]]","[0.35333333333333333,0.36000000000000004,0.34,0.35333333333333333,0.31666666666666665,0.3766666666666667,0.33,0.36999999999999994,0.33666666666666667,0.3333333333333333,0.35333333333333333,0.32,0.3333333333333333,0.35333333333333333,0.3233333333333333,0.34,0.33,0.3233333333333333,0.31666666666666665,0.3566666666666667,0.34,0.3633333333333333,0.32,0.3466666666666667,0.3333333333333333,0.2966666666666667,0.3633333333333333,0.3066666666666667,0.2966666666666667,0.3433333333333333,0.36999999999999994,0.3633333333333333,0.35333333333333333,0.3433333333333333,0.35333333333333333,0.3433333333333333,0.3666666666666667,0.3066666666666667,0.34,0.36000000000000004,0.35000000000000003,0.3233333333333333,0.3466666666666667,0.33666666666666667,0.3466666666666667,0.33,0.38000000000000006,0.3333333333333333,0.33666666666666667,0.35000000000000003,0.3133333333333333,0.3133333333333333,0.32,0.37666666666666665,0.3666666666666667,0.3,0.34,0.34,0.3333333333333333,0.2966666666666667]"
da20_gap1_joint_amp0p5,three_class,20,adaptive_on_obfuscated,logistic,raw,ack_clrt,0.39222222222222225,900,READ|SELECT|OPERATE,0.310000000|0.346666667|0.520000000,"[[93,86,121],[73,104,123],[76,68,156]]","[0.5333333333333333,0.39999999999999997,0.4666666666666666,0.39999999999999997,0.13333333333333333,0.3333333333333333,0.3333333333333333,0.4000000000000001,0.3333333333333333,0.4000000000000001,0.5333333333333333,0.26666666666666666,0.26666666666666666,0.5333333333333333,0.39999999999999997,0.7333333333333334,0.39999999999999997,0.26666666666666666,0.26666666666666666,0.5333333333333333,0.39999999999999997,0.26666666666666666,0.3333333333333333,0.4000000000000001,0.4666666666666666,0.3333333333333333,0.3333333333333333,0.4000000000000001,0.39999999999999997,0.26666666666666666,0.3333333333333333,0.26666666666666666,0.4666666666666666,0.5333333333333333,0.4666666666666666,0.39999999999999997,0.39999999999999997,0.4666666666666666,0.26666666666666666,0.4666666666666666,0.26666666666666666,0.26666666666666666,0.39999999999999997,0.26666666666666666,0.6000000000000001,0.39999999999999997,0.26666666666666666,0.3333333333333333,0.6666666666666666,0.3333333333333333,0.4000000000000001,0.5333333333333333,0.4000000000000001,0.4666666666666666,0.4666666666666666,0.3333333333333333,0.3333333333333333,0.3333333333333333,0.4666666666666666,0.4000000000000001]"
da20_gap1_joint_amp0p5,three_class,20,adaptive_on_obfuscated,logistic,raw,clrt,0.3988888888888889,900,READ|SELECT|OPERATE,0.116666667|0.526666667|0.553333333,"[[35,137,128],[5,158,137],[7,127,166]]","[0.4666666666666666,0.4666666666666666,0.46666666666666673,0.39999999999999997,0.13333333333333333,0.46666666666666673,0.19999999999999998,0.3333333333333333,0.3333333333333333,0.26666666666666666,0.3333333333333333,0.4000000000000001,0.5333333333333333,0.6,0.4666666666666666,0.5333333333333333,0.4000000000000001,0.46666666666666673,0.19999999999999998,0.4666666666666666,0.4666666666666666,0.3333333333333333,0.3333333333333333,0.3333333333333333,0.4666666666666666,0.26666666666666666,0.26666666666666666,0.3333333333333333,0.3333333333333333,0.13333333333333333,0.4666666666666666,0.4666666666666666,0.3333333333333333,0.4666666666666666,0.4000000000000001,0.3333333333333333,0.4666666666666666,0.4666666666666666,0.3333333333333333,0.5333333333333333,0.39999999999999997,0.39999999999999997,0.3333333333333333,0.26666666666666666,0.6,0.4000000000000001,0.4666666666666666,0.6,0.4000000000000001,0.3333333333333333,0.3333333333333333,0.4666666666666666,0.4000000000000001,0.5333333333333333,0.5333333333333333,0.26666666666666666,0.4666666666666666,0.26666666666666666,0.5333333333333333,0.46666666666666673]"
da20_gap1_joint_amp0p5,three_class,20,adaptive_on_offset_residuals,rbf_svm,levels,ack_clrt,0.4122222222222222,900,READ|SELECT|OPERATE,0.386666667|0.383333333|0.466666667,"[[116,111,73],[108,115,77],[47,113,140]]","[0.5333333333333333,0.6,0.3333333333333333,0.4000000000000001,0.46666666666666673,0.26666666666666666,0.4666666666666666,0.26666666666666666,0.4000000000000001,0.6,0.39999999999999997,0.4000000000000001,0.3333333333333333,0.39999999999999997,0.3333333333333333,0.4666666666666666,0.5333333333333333,0.46666666666666673,0.26666666666666666,0.46666666666666673,0.6000000000000001,0.3333333333333333,0.3333333333333333,0.4666666666666666,0.6000000000000001,0.4666666666666666,0.4000000000000001,0.20000000000000004,0.39999999999999997,0.20000000000000004,0.5333333333333333,0.4000000000000001,0.20000000000000004,0.4666666666666666,0.4000000000000001,0.3333333333333333,0.4000000000000001,0.5333333333333333,0.39999999999999997,0.26666666666666666,0.4000000000000001,0.4666666666666666,0.5333333333333333,0.4666666666666666,0.4000000000000001,0.5333333333333333,0.6,0.3333333333333333,0.46666666666666673,0.46666666666666673,0.6,0.26666666666666666,0.26666666666666666,0.6,0.4666666666666666,0.26666666666666666,0.4666666666666666,0.4000000000000001,0.19999999999999998,0.20000000000000004]"
da20_gap1_joint_amp0p5,three_class,20,adaptive_on_offset_residuals,rbf_svm,levels,clrt,0.3877777777777778,900,READ|SELECT|OPERATE,0.133333333|0.750000000|0.280000000,"[[40,193,67],[13,225,62],[16,200,84]]","[0.39999999999999997,0.3333333333333333,0.4666666666666666,0.4666666666666666,0.20000000000000004,0.26666666666666666,0.3333333333333333,0.4000000000000001,0.4000000000000001,0.26666666666666666,0.3333333333333333,0.5333333333333333,0.26666666666666666,0.4666666666666666,0.5333333333333333,0.39999999999999997,0.3333333333333333,0.39999999999999997,0.3333333333333333,0.4666666666666666,0.5333333333333333,0.3333333333333333,0.3333333333333333,0.3333333333333333,0.46666666666666673,0.4000000000000001,0.26666666666666666,0.3333333333333333,0.26666666666666666,0.3333333333333333,0.4000000000000001,0.39999999999999997,0.26666666666666666,0.5333333333333333,0.4000000000000001,0.3333333333333333,0.3333333333333333,0.39999999999999997,0.26666666666666666,0.4666666666666666,0.4000000000000001,0.3333333333333333,0.4666666666666666,0.3333333333333333,0.39999999999999997,0.4000000000000001,0.46666666666666673,0.4666666666666666,0.4000000000000001,0.4666666666666666,0.3333333333333333,0.4666666666666666,0.4000000000000001,0.26666666666666666,0.4666666666666666,0.4000000000000001,0.4666666666666666,0.4000000000000001,0.4666666666666666,0.4666666666666666]"
da20_gap1_joint_amp0p5,three_class,20,adaptive_on_obfuscated,rbf_svm,raw,ack_clrt,0.39444444444444443,900,READ|SELECT|OPERATE,0.216666667|0.480000000|0.486666667,"[[65,118,117],[34,144,122],[34,120,146]]","[0.5333333333333333,0.4666666666666666,0.26666666666666666,0.26666666666666666,0.20000000000000004,0.4666666666666666,0.26666666666666666,0.3333333333333333,0.4666666666666666,0.20000000000000004,0.6,0.4666666666666666,0.20000000000000004,0.39999999999999997,0.39999999999999997,0.6,0.4000000000000001,0.26666666666666666,0.13333333333333333,0.5333333333333333,0.3333333333333333,0.26666666666666666,0.4666666666666666,0.4000000000000001,0.4000000000000001,0.4000000000000001,0.3333333333333333,0.26666666666666666,0.26666666666666666,0.3333333333333333,0.3333333333333333,0.4666666666666666,0.5333333333333333,0.4000000000000001,0.6,0.5333333333333333,0.6,0.4000000000000001,0.4666666666666666,0.4000000000000001,0.26666666666666666,0.20000000000000004,0.3333333333333333,0.20000000000000004,0.5333333333333333,0.4666666666666666,0.3333333333333333,0.4000000000000001,0.3333333333333333,0.4666666666666666,0.3333333333333333,0.4666666666666666,0.5333333333333333,0.39999999999999997,0.4666666666666666,0.4000000000000001,0.4000000000000001,0.3333333333333333,0.5333333333333333,0.6]"
da20_gap1_joint_amp0p5,three_class,20,adaptive_on_obfuscated,rbf_svm,raw,clrt,0.3811111111111112,900,READ|SELECT|OPERATE,0.110000000|0.516666667|0.516666667,"[[33,125,142],[6,155,139],[13,132,155]]","[0.4000000000000001,0.4000000000000001,0.3333333333333333,0.39999999999999997,0.13333333333333333,0.46666666666666673,0.26666666666666666,0.26666666666666666,0.3333333333333333,0.26666666666666666,0.39999999999999997,0.4666666666666666,0.26666666666666666,0.4666666666666666,0.4000000000000001,0.6,0.4000000000000001,0.3333333333333333,0.13333333333333333,0.4666666666666666,0.5333333333333333,0.26666666666666666,0.3333333333333333,0.26666666666666666,0.4666666666666666,0.26666666666666666,0.26666666666666666,0.3333333333333333,0.3333333333333333,0.20000000000000004,0.4666666666666666,0.5333333333333333,0.3333333333333333,0.4666666666666666,0.4000000000000001,0.3333333333333333,0.4666666666666666,0.4666666666666666,0.3333333333333333,0.4666666666666666,0.4666666666666666,0.3333333333333333,0.3333333333333333,0.20000000000000004,0.3333333333333333,0.4000000000000001,0.5333333333333333,0.5333333333333333,0.4000000000000001,0.26666666666666666,0.26666666666666666,0.4666666666666666,0.3333333333333333,0.4666666666666666,0.5333333333333333,0.4000000000000001,0.4666666666666666,0.3333333333333333,0.5333333333333333,0.5333333333333333]"
da20_gap1_joint_amp0p5,three_class,20,adaptive_on_offset_residuals,rf,levels,ack_clrt,0.4155555555555555,900,READ|SELECT|OPERATE,0.406666667|0.390000000|0.450000000,"[[122,101,77],[106,117,77],[49,116,135]]","[0.6,0.5333333333333333,0.3333333333333333,0.46666666666666673,0.3333333333333333,0.26666666666666666,0.5333333333333333,0.3333333333333333,0.3333333333333333,0.3333333333333333,0.6,0.4666666666666666,0.26666666666666666,0.3333333333333333,0.4666666666666666,0.39999999999999997,0.3333333333333333,0.46666666666666673,0.4000000000000001,0.4000000000000001,0.5333333333333333,0.4000000000000001,0.6000000000000001,0.6,0.6666666666666666,0.4000000000000001,0.3333333333333333,0.06666666666666667,0.4666666666666666,0.4666666666666666,0.7333333333333334,0.4000000000000001,0.13333333333333333,0.39999999999999997,0.26666666666666666,0.39999999999999997,0.3333333333333333,0.46666666666666673,0.39999999999999997,0.26666666666666666,0.26666666666666666,0.4666666666666666,0.6,0.6666666666666666,0.4666666666666666,0.26666666666666666,0.6000000000000001,0.3333333333333333,0.4666666666666666,0.6666666666666666,0.6666666666666666,0.20000000000000004,0.26666666666666666,0.5333333333333333,0.4000000000000001,0.3333333333333333,0.5333333333333333,0.26666666666666666,0.13333333333333333,0.26666666666666666]"
da20_gap1_joint_amp0p5,three_class,20,adaptive_on_offset_residuals,rf,levels,clrt,0.3755555555555556,900,READ|SELECT|OPERATE,0.330000000|0.420000000|0.376666667,"[[99,105,96],[88,126,86],[63,124,113]]","[0.4666666666666666,0.5333333333333333,0.3333333333333333,0.4000000000000001,0.39999999999999997,0.20000000000000004,0.4666666666666666,0.3333333333333333,0.4000000000000001,0.13333333333333333,0.4000000000000001,0.3333333333333333,0.3333333333333333,0.4666666666666666,0.4666666666666666,0.6,0.3333333333333333,0.5333333333333333,0.4000000000000001,0.4666666666666666,0.4000000000000001,0.4000000000000001,0.4000000000000001,0.6000000000000001,0.4000000000000001,0.13333333333333333,0.13333333333333333,0.26666666666666666,0.3333333333333333,0.3333333333333333,0.4666666666666666,0.3333333333333333,0.26666666666666666,0.5333333333333333,0.4000000000000001,0.39999999999999997,0.26666666666666666,0.4666666666666666,0.3333333333333333,0.4000000000000001,0.5333333333333333,0.3333333333333333,0.20000000000000004,0.3333333333333333,0.20000000000000004,0.13333333333333333,0.5333333333333333,0.4666666666666666,0.39999999999999997,0.3333333333333333,0.4666666666666666,0.26666666666666666,0.26666666666666666,0.20000000000000004,0.3333333333333333,0.4000000000000001,0.4666666666666666,0.4666666666666666,0.4666666666666666,0.4666666666666666]"
da20_gap1_joint_amp0p5,three_class,20,adaptive_on_obfuscated,rf,raw,ack_clrt,0.42444444444444446,900,READ|SELECT|OPERATE,0.440000000|0.350000000|0.483333333,"[[132,100,68],[77,105,118],[66,89,145]]","[0.5333333333333333,0.4000000000000001,0.4666666666666666,0.4666666666666666,0.4000000000000001,0.39999999999999997,0.4666666666666666,0.13333333333333333,0.26666666666666666,0.5333333333333333,0.6,0.4666666666666666,0.6,0.5333333333333333,0.4666666666666666,0.5333333333333333,0.4000000000000001,0.13333333333333333,0.4000000000000001,0.4666666666666666,0.5333333333333333,0.13333333333333333,0.4666666666666666,0.6,0.3333333333333333,0.4666666666666666,0.5333333333333333,0.26666666666666666,0.26666666666666666,0.4666666666666666,0.6,0.3333333333333333,0.26666666666666666,0.46666666666666673,0.5333333333333333,0.5333333333333333,0.26666666666666666,0.26666666666666666,0.4000000000000001,0.46666666666666673,0.5333333333333333,0.39999999999999997,0.4666666666666666,0.26666666666666666,0.39999999999999997,0.4666666666666666,0.39999999999999997,0.6000000000000001,0.6,0.20000000000000004,0.3333333333333333,0.5333333333333333,0.46666666666666673,0.46666666666666673,0.26666666666666666,0.4666666666666666,0.5333333333333333,0.4666666666666666,0.4000000000000001,0.3333333333333333]"
da20_gap1_joint_amp0p5,three_class,20,adaptive_on_obfuscated,rf,raw,clrt,0.38999999999999996,900,READ|SELECT|OPERATE,0.353333333|0.410000000|0.406666667,"[[106,98,96],[86,123,91],[80,98,122]]","[0.26666666666666666,0.20000000000000004,0.4666666666666666,0.4666666666666666,0.4666666666666666,0.4666666666666666,0.4000000000000001,0.4000000000000001,0.13333333333333333,0.6000000000000001,0.3333333333333333,0.39999999999999997,0.4666666666666666,0.4666666666666666,0.4000000000000001,0.4000000000000001,0.39999999999999997,0.26666666666666666,0.4000000000000001,0.4000000000000001,0.6000000000000001,0.13333333333333333,0.3333333333333333,0.6,0.5333333333333333,0.20000000000000004,0.4000000000000001,0.26666666666666666,0.26666666666666666,0.4666666666666666,0.6000000000000001,0.3333333333333333,0.13333333333333333,0.4666666666666666,0.39999999999999997,0.39999999999999997,0.3333333333333333,0.5333333333333333,0.4000000000000001,0.3333333333333333,0.6,0.4666666666666666,0.3333333333333333,0.5333333333333333,0.3333333333333333,0.26666666666666666,0.4000000000000001,0.5333333333333333,0.26666666666666666,0.13333333333333333,0.3333333333333333,0.20000000000000004,0.46666666666666673,0.3333333333333333,0.20000000000000004,0.3333333333333333,0.6666666666666666,0.5333333333333333,0.5333333333333333,0.4000000000000001]"
da20_gap1_joint_amp0p5,three_class,5,adaptive_on_offset_residuals,logistic,levels,ack_clrt,0.3941666666666667,3600,READ|SELECT|OPERATE,0.466666667|0.205000000|0.510833333,"[[560,253,387],[506,246,448],[384,203,613]]","[0.4166666666666667,0.39999999999999997,0.3833333333333333,0.3666666666666667,0.5000000000000001,0.3833333333333333,0.3,0.3333333333333333,0.36666666666666664,0.5,0.5333333333333333,0.3333333333333333,0.35000000000000003,0.3333333333333333,0.3833333333333333,0.3666666666666667,0.35000000000000003,0.5,0.4000000000000001,0.45,0.4333333333333333,0.5,0.39999999999999997,0.4666666666666666,0.44999999999999996,0.2833333333333333,0.3666666666666667,0.2333333333333333,0.4166666666666667,0.26666666666666666,0.3666666666666667,0.35000000000000003,0.3333333333333333,0.5,0.3333333333333333,0.4166666666666667,0.4333333333333333,0.44999999999999996,0.44999999999999996,0.3833333333333333,0.2333333333333333,0.3333333333333333,0.45,0.5,0.4166666666666667,0.43333333333333335,0.5333333333333333,0.3666666666666667,0.3333333333333333,0.3833333333333333,0.48333333333333334,0.38333333333333336,0.26666666666666666,0.5166666666666667,0.3666666666666667,0.39999999999999997,0.43333333333333335,0.3666666666666667,0.38333333333333336,0.2833333333333334]"
da20_gap1_joint_amp0p5,three_class,5,adaptive_on_offset_residuals,logistic,levels,clrt,0.34944444444444445,3600,READ|SELECT|OPERATE,0.327500000|0.183333333|0.537500000,"[[393,187,620],[384,220,596],[320,235,645]]","[0.3833333333333333,0.39999999999999997,0.26666666666666666,0.4166666666666667,0.39999999999999997,0.3,0.3166666666666667,0.3833333333333333,0.4333333333333333,0.3833333333333333,0.48333333333333334,0.31666666666666665,0.31666666666666665,0.45,0.3666666666666667,0.3333333333333333,0.3166666666666667,0.43333333333333335,0.35000000000000003,0.3666666666666667,0.45,0.38333333333333336,0.3,0.39999999999999997,0.39999999999999997,0.35000000000000003,0.3499999999999999,0.36666666666666664,0.31666666666666665,0.3666666666666667,0.2833333333333334,0.3333333333333333,0.31666666666666665,0.3666666666666667,0.38333333333333336,0.36666666666666664,0.2833333333333334,0.36666666666666664,0.19999999999999998,0.3,0.3166666666666667,0.30000000000000004,0.3166666666666667,0.30000000000000004,0.25,0.35000000000000003,0.43333333333333335,0.3833333333333333,0.35000000000000003,0.26666666666666666,0.45,0.3,0.25,0.23333333333333336,0.35000000000000003,0.4166666666666667,0.48333333333333334,0.3666666666666667,0.25,0.3]"
da20_gap1_joint_amp0p5,three_class,5,adaptive_on_obfuscated,logistic,raw,ack_clrt,0.3302777777777778,3600,READ|SELECT|OPERATE,0.336666667|0.385000000|0.269166667,"[[404,468,328],[439,462,299],[405,472,323]]","[0.3499999999999999,0.2833333333333333,0.26666666666666666,0.3499999999999999,0.3,0.31666666666666665,0.3333333333333333,0.4666666666666666,0.3,0.2833333333333333,0.31666666666666665,0.4333333333333333,0.39999999999999997,0.4166666666666667,0.3833333333333333,0.3666666666666667,0.31666666666666665,0.3,0.21666666666666665,0.2833333333333333,0.2833333333333334,0.26666666666666666,0.3833333333333333,0.3666666666666667,0.3499999999999999,0.3,0.26666666666666666,0.3499999999999999,0.3833333333333333,0.4000000000000001,0.4666666666666666,0.4333333333333333,0.3333333333333333,0.2833333333333334,0.43333333333333335,0.3333333333333333,0.35000000000000003,0.19999999999999998,0.3333333333333333,0.3333333333333333,0.3833333333333333,0.26666666666666666,0.2833333333333333,0.28333333333333327,0.3333333333333333,0.31666666666666665,0.3,0.3333333333333333,0.39999999999999997,0.3833333333333333,0.21666666666666667,0.35000000000000003,0.3833333333333333,0.3666666666666667,0.19999999999999998,0.21666666666666667,0.2833333333333334,0.25,0.3333333333333333,0.39999999999999997]"
da20_gap1_joint_amp0p5,three_class,5,adaptive_on_obfuscated,logistic,raw,clrt,0.32666666666666666,3600,READ|SELECT|OPERATE,0.373333333|0.380833333|0.225833333,"[[448,500,252],[494,457,249],[472,457,271]]","[0.39999999999999997,0.3333333333333333,0.35000000000000003,0.2833333333333333,0.2833333333333333,0.35000000000000003,0.43333333333333335,0.4000000000000001,0.31666666666666665,0.2833333333333334,0.45,0.38333333333333336,0.4166666666666667,0.3666666666666667,0.25,0.2833333333333333,0.25,0.43333333333333335,0.2333333333333333,0.25,0.3,0.3,0.3166666666666667,0.3333333333333333,0.25,0.21666666666666667,0.25,0.2833333333333334,0.2833333333333333,0.3333333333333333,0.48333333333333334,0.43333333333333335,0.3,0.3333333333333333,0.3666666666666667,0.3333333333333333,0.4000000000000001,0.2833333333333334,0.3666666666666667,0.31666666666666665,0.3666666666666667,0.25,0.35000000000000003,0.3666666666666667,0.39999999999999997,0.25,0.2833333333333333,0.31666666666666665,0.31666666666666665,0.3333333333333333,0.16666666666666666,0.3,0.35000000000000003,0.4666666666666666,0.3499999999999999,0.21666666666666665,0.4000000000000001,0.23333333333333336,0.3666666666666667,0.2833333333333333]"
da20_gap1_joint_amp0p5,three_class,5,adaptive_on_offset_residuals,rbf_svm,levels,ack_clrt,0.38277777777777783,3600,READ|SELECT|OPERATE,0.307500000|0.372500000|0.468333333,"[[369,484,347],[354,447,399],[258,380,562]]","[0.45,0.3833333333333333,0.3333333333333333,0.3333333333333333,0.4666666666666666,0.31666666666666665,0.3333333333333333,0.4166666666666667,0.3666666666666667,0.48333333333333334,0.5166666666666666,0.3333333333333333,0.35000000000000003,0.35000000000000003,0.3666666666666667,0.3833333333333333,0.3666666666666667,0.4666666666666666,0.43333333333333335,0.4166666666666667,0.4833333333333334,0.3833333333333333,0.3666666666666667,0.46666666666666673,0.5,0.3,0.3,0.30000000000000004,0.4166666666666667,0.35000000000000003,0.4166666666666667,0.35000000000000003,0.2833333333333334,0.4166666666666667,0.35000000000000003,0.4166666666666667,0.3,0.4833333333333332,0.45,0.3666666666666667,0.26666666666666666,0.31666666666666665,0.45,0.4000000000000001,0.4000000000000001,0.39999999999999997,0.4166666666666667,0.39999999999999997,0.4166666666666667,0.3,0.5333333333333333,0.3166666666666667,0.3333333333333333,0.45,0.3166666666666667,0.3333333333333333,0.44999999999999996,0.3666666666666667,0.25,0.2833333333333333]"
da20_gap1_joint_amp0p5,three_class,5,adaptive_on_offset_residuals,rbf_svm,levels,clrt,0.34833333333333333,3600,READ|SELECT|OPERATE,0.330000000|0.005833333|0.709166667,"[[396,5,799],[401,7,792],[341,8,851]]","[0.4166666666666667,0.35000000000000003,0.3499999999999999,0.46666666666666673,0.4166666666666667,0.2833333333333333,0.3333333333333333,0.3833333333333333,0.3666666666666667,0.3666666666666667,0.43333333333333335,0.3333333333333333,0.2833333333333334,0.3833333333333333,0.43333333333333335,0.35000000000000003,0.31666666666666665,0.3833333333333333,0.3833333333333333,0.3666666666666667,0.4000000000000001,0.3,0.3166666666666667,0.3333333333333333,0.35000000000000003,0.35000000000000003,0.3,0.3,0.3666666666666667,0.35000000000000003,0.2833333333333333,0.3833333333333333,0.26666666666666666,0.3833333333333333,0.3833333333333333,0.3666666666666667,0.3,0.39999999999999997,0.2333333333333333,0.3666666666666667,0.3166666666666667,0.31666666666666665,0.3666666666666667,0.3166666666666667,0.3,0.3833333333333333,0.3499999999999999,0.3666666666666667,0.35000000000000003,0.3,0.43333333333333335,0.3666666666666667,0.3,0.3,0.3333333333333333,0.3333333333333333,0.4666666666666666,0.3166666666666667,0.26666666666666666,0.2833333333333334]"
da20_gap1_joint_amp0p5,three_class,5,adaptive_on_obfuscated,rbf_svm,raw,ack_clrt,0.3383333333333333,3600,READ|SELECT|OPERATE,0.355000000|0.367500000|0.292500000,"[[426,444,330],[423,441,336],[420,429,351]]","[0.39999999999999997,0.3833333333333333,0.3,0.2333333333333333,0.3,0.4166666666666667,0.2833333333333333,0.3833333333333333,0.3,0.3833333333333333,0.25,0.3,0.3499999999999999,0.4666666666666666,0.46666666666666673,0.3666666666666667,0.4166666666666667,0.3833333333333333,0.26666666666666666,0.3,0.46666666666666673,0.38333333333333336,0.31666666666666665,0.31666666666666665,0.2833333333333333,0.3666666666666667,0.25,0.2833333333333334,0.3,0.43333333333333335,0.35000000000000003,0.3833333333333333,0.3833333333333333,0.3666666666666667,0.31666666666666665,0.35000000000000003,0.45,0.2833333333333333,0.36666666666666664,0.39999999999999997,0.31666666666666665,0.3666666666666667,0.2333333333333333,0.2833333333333333,0.4166666666666667,0.26666666666666666,0.26666666666666666,0.3,0.3,0.2833333333333334,0.35000000000000003,0.3833333333333333,0.4166666666666667,0.3166666666666667,0.25,0.25,0.3333333333333333,0.3833333333333333,0.2833333333333334,0.3]"
da20_gap1_joint_amp0p5,three_class,5,adaptive_on_obfuscated,rbf_svm,raw,clrt,0.33888888888888885,3600,READ|SELECT|OPERATE,0.215833333|0.421666667|0.379166667,"[[259,537,404],[281,506,413],[218,527,455]]","[0.3666666666666667,0.43333333333333335,0.31666666666666665,0.39999999999999997,0.3333333333333333,0.4166666666666667,0.3333333333333333,0.3333333333333333,0.2833333333333334,0.3,0.39999999999999997,0.3333333333333333,0.35000000000000003,0.3333333333333333,0.4333333333333333,0.26666666666666666,0.35000000000000003,0.3,0.26666666666666666,0.26666666666666666,0.4333333333333333,0.31666666666666665,0.26666666666666666,0.35000000000000003,0.2833333333333333,0.26666666666666666,0.3,0.15,0.3,0.3833333333333333,0.4166666666666667,0.48333333333333334,0.3333333333333333,0.4000000000000001,0.3666666666666667,0.39999999999999997,0.3333333333333333,0.43333333333333335,0.35000000000000003,0.4666666666666666,0.3,0.3333333333333333,0.25,0.3666666666666667,0.35000000000000003,0.3,0.3666666666666667,0.3,0.3,0.31666666666666665,0.35000000000000003,0.3,0.3333333333333333,0.3833333333333333,0.3333333333333333,0.2833333333333334,0.39999999999999997,0.2833333333333333,0.31666666666666665,0.31666666666666665]"
da20_gap1_joint_amp0p5,three_class,5,adaptive_on_offset_residuals,rf,levels,ack_clrt,0.40750000000000003,3600,READ|SELECT|OPERATE,0.444166667|0.350000000|0.428333333,"[[533,357,310],[423,420,357],[361,325,514]]","[0.45,0.3666666666666667,0.39999999999999997,0.43333333333333335,0.4000000000000001,0.39999999999999997,0.26666666666666666,0.3833333333333333,0.35000000000000003,0.4666666666666666,0.4833333333333334,0.3666666666666667,0.2833333333333334,0.3833333333333333,0.39999999999999997,0.31666666666666665,0.45,0.4000000000000001,0.4666666666666666,0.4666666666666666,0.35000000000000003,0.4333333333333333,0.3,0.4166666666666667,0.5333333333333333,0.3499999999999999,0.4666666666666666,0.43333333333333335,0.3333333333333333,0.35000000000000003,0.5166666666666667,0.4333333333333333,0.35000000000000003,0.48333333333333334,0.25,0.4666666666666666,0.3833333333333333,0.6166666666666667,0.4666666666666666,0.3666666666666667,0.3666666666666667,0.3666666666666667,0.4666666666666666,0.38333333333333336,0.5166666666666667,0.4166666666666667,0.4166666666666667,0.39999999999999997,0.4333333333333333,0.3666666666666667,0.5,0.4166666666666667,0.2833333333333334,0.5333333333333333,0.3833333333333333,0.45,0.4666666666666666,0.3833333333333333,0.3,0.3666666666666667]"
da20_gap1_joint_amp0p5,three_class,5,adaptive_on_offset_residuals,rf,levels,clrt,0.3438888888888889,3600,READ|SELECT|OPERATE,0.341666667|0.310833333|0.379166667,"[[410,338,452],[413,373,414],[402,343,455]]","[0.3666666666666667,0.3833333333333333,0.3,0.35000000000000003,0.2333333333333333,0.3,0.26666666666666666,0.3333333333333333,0.4166666666666667,0.45,0.35000000000000003,0.3666666666666667,0.3666666666666667,0.3666666666666667,0.3,0.39999999999999997,0.3,0.4666666666666666,0.3,0.3666666666666667,0.3333333333333333,0.3333333333333333,0.3499999999999999,0.3666666666666667,0.3666666666666667,0.26666666666666666,0.26666666666666666,0.35000000000000003,0.31666666666666665,0.3333333333333333,0.4833333333333334,0.39999999999999997,0.2833333333333333,0.39999999999999997,0.31666666666666665,0.3333333333333333,0.36666666666666664,0.4666666666666666,0.31666666666666665,0.39999999999999997,0.3833333333333333,0.3,0.4000000000000001,0.3,0.35000000000000003,0.3333333333333333,0.35000000000000003,0.31666666666666665,0.35000000000000003,0.25,0.26666666666666666,0.31666666666666665,0.43333333333333335,0.25,0.31666666666666665,0.3666666666666667,0.31666666666666665,0.25,0.4166666666666667,0.3333333333333333]"
da20_gap1_joint_amp0p5,three_class,5,adaptive_on_obfuscated,rf,raw,ack_clrt,0.3613888888888888,3600,READ|SELECT|OPERATE,0.348333333|0.347500000|0.388333333,"[[418,411,371],[380,417,403],[336,398,466]]","[0.4166666666666667,0.4666666666666666,0.39999999999999997,0.3666666666666667,0.3666666666666667,0.43333333333333335,0.2833333333333334,0.35000000000000003,0.35000000000000003,0.35000000000000003,0.5,0.2833333333333333,0.5,0.4833333333333332,0.35000000000000003,0.3,0.39999999999999997,0.4666666666666666,0.2333333333333333,0.4000000000000001,0.35000000000000003,0.25,0.3666666666666667,0.31666666666666665,0.3666666666666667,0.3166666666666667,0.2833333333333333,0.3,0.21666666666666667,0.4000000000000001,0.39999999999999997,0.3833333333333333,0.3,0.43333333333333335,0.45,0.3666666666666667,0.39999999999999997,0.4166666666666667,0.4666666666666666,0.35000000000000003,0.3,0.2833333333333334,0.4666666666666666,0.4000000000000001,0.3666666666666667,0.4000000000000001,0.4000000000000001,0.21666666666666665,0.3333333333333333,0.2333333333333333,0.36666666666666664,0.3333333333333333,0.3333333333333333,0.4166666666666667,0.23333333333333336,0.3833333333333333,0.3833333333333333,0.31666666666666665,0.43333333333333335,0.25]"
da20_gap1_joint_amp0p5,three_class,5,adaptive_on_obfuscated,rf,raw,clrt,0.3333333333333333,3600,READ|SELECT|OPERATE,0.316666667|0.335000000|0.348333333,"[[380,415,405],[372,402,426],[356,426,418]]","[0.2833333333333334,0.3166666666666667,0.4166666666666667,0.35000000000000003,0.3833333333333333,0.3,0.39999999999999997,0.3666666666666667,0.2833333333333334,0.35000000000000003,0.3666666666666667,0.31666666666666665,0.39999999999999997,0.35000000000000003,0.26666666666666666,0.31666666666666665,0.25,0.4166666666666667,0.3,0.3833333333333333,0.3666666666666667,0.3,0.45,0.3499999999999999,0.2833333333333334,0.3499999999999999,0.3666666666666667,0.25,0.2833333333333333,0.43333333333333335,0.3666666666666667,0.28333333333333327,0.3,0.31666666666666665,0.35000000000000003,0.3166666666666667,0.43333333333333335,0.39999999999999997,0.4000000000000001,0.2833333333333334,0.3666666666666667,0.3833333333333333,0.3666666666666667,0.48333333333333334,0.2833333333333334,0.2833333333333333,0.3,0.3,0.3333333333333333,0.3166666666666667,0.3,0.20000000000000004,0.2333333333333333,0.2333333333333333,0.3,0.35000000000000003,0.39999999999999997,0.35000000000000003,0.31666666666666665,0.20000000000000004]"
da20_gap1_joint_amp0p5,read_select,1,adaptive_on_offset_residuals,logistic,levels,ack_clrt,0.5248333333333333,12000,READ|SELECT,0.588000000|0.461666667,"[[3528,2472],[3230,2770]]","[0.42,0.525,0.51,0.5549999999999999,0.48000000000000004,0.52,0.52,0.5,0.495,0.515,0.505,0.485,0.55,0.55,0.54,0.47500000000000003,0.55,0.63,0.525,0.5700000000000001,0.5,0.495,0.455,0.57,0.52,0.52,0.5549999999999999,0.485,0.5700000000000001,0.475,0.535,0.47,0.52,0.5650000000000001,0.455,0.53,0.565,0.5650000000000001,0.47,0.475,0.505,0.52,0.54,0.54,0.515,0.48,0.59,0.54,0.585,0.5700000000000001,0.5800000000000001,0.54,0.525,0.56,0.485,0.5700000000000001,0.5800000000000001,0.445,0.5449999999999999,0.56]"
da20_gap1_joint_amp0p5,read_select,1,adaptive_on_offset_residuals,logistic,levels,clrt,0.5053333333333333,12000,READ|SELECT,0.331000000|0.679666667,"[[1986,4014],[1922,4078]]","[0.455,0.5,0.505,0.5449999999999999,0.465,0.5449999999999999,0.51,0.47,0.565,0.525,0.475,0.54,0.555,0.495,0.47,0.46499999999999997,0.455,0.525,0.535,0.435,0.5700000000000001,0.49,0.495,0.55,0.51,0.505,0.565,0.56,0.43999999999999995,0.54,0.535,0.48,0.475,0.505,0.48,0.51,0.485,0.525,0.47500000000000003,0.52,0.5599999999999999,0.49,0.485,0.5,0.495,0.445,0.505,0.555,0.52,0.55,0.495,0.45999999999999996,0.505,0.44,0.47000000000000003,0.53,0.51,0.525,0.5,0.53]"
da20_gap1_joint_amp0p5,read_select,1,adaptive_on_obfuscated,logistic,raw,clrt,0.5036666666666667,12000,READ|SELECT,0.504166667|0.503166667,"[[3025,2975],[2981,3019]]","[0.49,0.47,0.495,0.535,0.535,0.48,0.49,0.48,0.49,0.49,0.47,0.575,0.48,0.45499999999999996,0.5800000000000001,0.51,0.52,0.51,0.54,0.52,0.49,0.45999999999999996,0.525,0.47,0.52,0.5549999999999999,0.44999999999999996,0.54,0.54,0.51,0.49,0.51,0.455,0.53,0.44999999999999996,0.55,0.45499999999999996,0.565,0.525,0.44,0.49,0.53,0.495,0.55,0.515,0.515,0.52,0.525,0.405,0.55,0.535,0.495,0.52,0.43,0.47,0.53,0.48,0.475,0.535,0.51]"
da20_gap1_joint_amp0p5,read_select,1,adaptive_on_obfuscated,logistic,raw,ack_clrt,0.5011666666666666,12000,READ|SELECT,0.508333333|0.494000000,"[[3050,2950],[3036,2964]]","[0.48,0.46,0.51,0.51,0.525,0.52,0.49,0.475,0.44,0.485,0.475,0.545,0.505,0.49,0.56,0.495,0.54,0.485,0.49,0.485,0.475,0.49,0.545,0.48,0.52,0.5449999999999999,0.44,0.52,0.525,0.475,0.52,0.49,0.41500000000000004,0.52,0.445,0.56,0.515,0.5549999999999999,0.53,0.48,0.49,0.51,0.5249999999999999,0.5549999999999999,0.505,0.505,0.515,0.525,0.435,0.525,0.55,0.525,0.495,0.41000000000000003,0.47,0.495,0.48,0.5,0.5449999999999999,0.5]"
da20_gap1_joint_amp0p5,read_select,1,adaptive_on_offset_residuals,rbf_svm,levels,ack_clrt,0.5190833333333333,12000,READ|SELECT,0.534666667|0.503500000,"[[3208,2792],[2979,3021]]","[0.545,0.585,0.54,0.44499999999999995,0.49,0.43999999999999995,0.44,0.515,0.45499999999999996,0.55,0.525,0.45,0.53,0.495,0.5549999999999999,0.52,0.52,0.63,0.495,0.61,0.515,0.5349999999999999,0.475,0.515,0.515,0.515,0.475,0.425,0.59,0.505,0.535,0.5,0.5700000000000001,0.53,0.48,0.555,0.57,0.495,0.51,0.49,0.435,0.5,0.5800000000000001,0.57,0.53,0.52,0.55,0.5,0.54,0.52,0.5700000000000001,0.525,0.49,0.575,0.55,0.5449999999999999,0.5549999999999999,0.445,0.51,0.5]"
da20_gap1_joint_amp0p5,read_select,1,adaptive_on_offset_residuals,rbf_svm,levels,clrt,0.5025,12000,READ|SELECT,0.005666667|0.999333333,"[[34,5966],[4,5996]]","[0.5,0.5,0.505,0.5,0.495,0.505,0.5,0.505,0.5,0.5,0.5,0.505,0.505,0.505,0.5,0.505,0.5,0.505,0.5,0.5,0.505,0.5,0.5,0.505,0.5,0.5,0.5,0.495,0.505,0.505,0.505,0.5,0.5,0.505,0.505,0.505,0.5,0.5,0.505,0.505,0.5,0.5,0.495,0.505,0.5,0.505,0.505,0.505,0.51,0.505,0.5,0.5,0.505,0.495,0.505,0.505,0.505,0.51,0.51,0.505]"
da20_gap1_joint_amp0p5,read_select,1,adaptive_on_obfuscated,rbf_svm,raw,ack_clrt,0.5005,12000,READ|SELECT,0.386166667|0.614833333,"[[2317,3683],[2311,3689]]","[0.51,0.51,0.5,0.44499999999999995,0.475,0.515,0.525,0.525,0.495,0.53,0.5700000000000001,0.44500000000000006,0.49,0.515,0.49,0.45499999999999996,0.5,0.515,0.49,0.525,0.5349999999999999,0.5549999999999999,0.42500000000000004,0.54,0.51,0.44499999999999995,0.485,0.48000000000000004,0.43000000000000005,0.51,0.54,0.46499999999999997,0.575,0.435,0.54,0.445,0.49,0.495,0.505,0.54,0.495,0.5,0.48,0.43,0.505,0.5,0.47,0.5,0.59,0.46499999999999997,0.51,0.525,0.49,0.5349999999999999,0.54,0.465,0.525,0.525,0.535,0.475]"
da20_gap1_joint_amp0p5,read_select,1,adaptive_on_offset_residuals,rf,levels,ack_clrt,0.5005833333333334,12000,READ|SELECT,0.513500000|0.487666667,"[[3081,2919],[3074,2926]]","[0.435,0.515,0.495,0.495,0.49,0.52,0.44,0.525,0.45499999999999996,0.53,0.48,0.45,0.535,0.53,0.45999999999999996,0.495,0.51,0.5700000000000001,0.48,0.515,0.46,0.51,0.52,0.515,0.48,0.5,0.485,0.47,0.49,0.495,0.495,0.5,0.47,0.535,0.43999999999999995,0.5349999999999999,0.5800000000000001,0.525,0.45499999999999996,0.505,0.475,0.495,0.5349999999999999,0.55,0.54,0.425,0.525,0.505,0.52,0.5,0.5349999999999999,0.495,0.465,0.495,0.49,0.505,0.5549999999999999,0.46499999999999997,0.5700000000000001,0.5]"
da20_gap1_joint_amp0p5,read_select,1,adaptive_on_offset_residuals,rf,levels,clrt,0.4989166666666667,12000,READ|SELECT,0.506833333|0.491000000,"[[3041,2959],[3054,2946]]","[0.51,0.435,0.44999999999999996,0.485,0.54,0.535,0.425,0.52,0.495,0.495,0.47,0.42,0.47,0.5700000000000001,0.485,0.52,0.485,0.485,0.49,0.52,0.495,0.53,0.53,0.52,0.515,0.48,0.45999999999999996,0.495,0.435,0.565,0.475,0.515,0.505,0.5549999999999999,0.5349999999999999,0.485,0.535,0.525,0.48,0.425,0.465,0.46499999999999997,0.46499999999999997,0.565,0.61,0.525,0.5,0.53,0.505,0.505,0.47,0.52,0.5,0.45999999999999996,0.48,0.53,0.44999999999999996,0.5549999999999999,0.525,0.44499999999999995]"
da20_gap1_joint_amp0p5,read_select,20,adaptive_on_offset_residuals,logistic,levels,ack_clrt,0.5483333333333333,600,READ|SELECT,0.543333333|0.553333333,"[[163,137],[134,166]]","[0.7,0.7,0.4,0.2,0.6,0.4,0.4,0.6,0.5,0.5,0.6000000000000001,0.30000000000000004,0.8,0.5,0.4,0.4,0.6,0.8,0.7,0.7,0.8,0.8,0.5,0.4,0.5,0.5,0.4,0.1,0.7,0.6,0.5,0.6000000000000001,0.6,0.6,0.4,0.6,0.7,0.5,0.7,0.5,0.2,0.7,0.6000000000000001,0.5,0.5,1.0,0.8,0.4,0.6000000000000001,0.5,0.6,0.4,0.2,0.8,0.6000000000000001,0.6,0.5,0.7,0.5,0.4]"
da20_gap1_joint_amp0p5,read_select,1,adaptive_on_obfuscated,rf,raw,clrt,0.4960833333333333,12000,READ|SELECT,0.518500000|0.473666667,"[[3111,2889],[3158,2842]]","[0.54,0.48,0.53,0.5,0.53,0.475,0.46499999999999997,0.485,0.51,0.51,0.51,0.485,0.47,0.515,0.44999999999999996,0.52,0.5,0.505,0.45999999999999996,0.575,0.46499999999999997,0.44999999999999996,0.55,0.49,0.51,0.475,0.51,0.485,0.53,0.48,0.515,0.44,0.48,0.525,0.505,0.48,0.5,0.485,0.45999999999999996,0.515,0.425,0.45,0.5900000000000001,0.5449999999999999,0.48,0.42500000000000004,0.52,0.445,0.475,0.5700000000000001,0.54,0.485,0.49,0.48,0.5700000000000001,0.46499999999999997,0.46499999999999997,0.49,0.52,0.47]"
da20_gap1_joint_amp0p5,read_select,1,adaptive_on_obfuscated,rbf_svm,raw,clrt,0.4988333333333333,12000,READ|SELECT,0.501500000|0.496166667,"[[3009,2991],[3023,2977]]","[0.51,0.53,0.51,0.46499999999999997,0.45999999999999996,0.525,0.51,0.525,0.51,0.51,0.53,0.43,0.5249999999999999,0.55,0.42000000000000004,0.495,0.48,0.495,0.45999999999999996,0.48,0.515,0.54,0.475,0.535,0.48,0.445,0.55,0.455,0.46499999999999997,0.495,0.515,0.49,0.545,0.475,0.5549999999999999,0.45499999999999996,0.5449999999999999,0.435,0.48,0.565,0.51,0.47,0.5,0.455,0.485,0.49,0.485,0.48,0.605,0.45499999999999996,0.46499999999999997,0.505,0.485,0.565,0.5349999999999999,0.475,0.525,0.535,0.475,0.495]"
da20_gap1_joint_amp0p5,read_select,20,adaptive_on_offset_residuals,logistic,levels,clrt,0.5233333333333334,600,READ|SELECT,0.280000000|0.766666667,"[[84,216],[70,230]]","[0.6000000000000001,0.6000000000000001,0.4,0.5,0.4,0.4,0.3,0.7,0.5,0.5,0.7,0.6,0.7,0.5,0.2,0.6000000000000001,0.5,0.5,0.5,0.5,0.6000000000000001,0.5,0.5,0.30000000000000004,0.7,0.4,0.6,0.2,0.5,0.8,0.30000000000000004,0.3,0.4,0.5,0.7,0.6,0.6000000000000001,0.4,0.6,0.6,0.6,0.30000000000000004,0.3,0.7,0.6000000000000001,0.5,0.8,0.6000000000000001,0.4,0.5,0.6,0.5,0.4,0.4,0.7,0.7,0.6000000000000001,0.7,0.5,0.7]"
da20_gap1_joint_amp0p5,read_select,1,adaptive_on_obfuscated,rf,raw,ack_clrt,0.5039166666666667,12000,READ|SELECT,0.518000000|0.489833333,"[[3108,2892],[3061,2939]]","[0.465,0.47,0.55,0.47,0.505,0.48,0.495,0.5700000000000001,0.45,0.5900000000000001,0.5900000000000001,0.46499999999999997,0.5549999999999999,0.5449999999999999,0.49,0.46499999999999997,0.48,0.585,0.49,0.565,0.49,0.495,0.45999999999999996,0.505,0.445,0.535,0.51,0.51,0.46499999999999997,0.5800000000000001,0.49,0.48,0.52,0.51,0.48,0.565,0.48,0.485,0.475,0.46499999999999997,0.455,0.47,0.54,0.5700000000000001,0.525,0.475,0.495,0.45999999999999996,0.5,0.46499999999999997,0.505,0.49,0.47,0.53,0.5349999999999999,0.505,0.45999999999999996,0.53,0.5,0.5349999999999999]"
da20_gap1_joint_amp0p5,read_select,20,adaptive_on_obfuscated,logistic,raw,ack_clrt,0.54,600,READ|SELECT,0.406666667|0.673333333,"[[122,178],[98,202]]","[0.5,0.6000000000000001,0.9,0.3,0.2,0.5,0.7,0.5,0.5,0.5,0.5,0.4,0.8,0.5,0.4,0.7,0.6,0.5,0.5,0.6,0.9,0.7,0.4,0.4,0.7,0.5,0.4,0.2,0.4,0.6,0.6000000000000001,0.6,0.6,0.5,0.8,0.5,0.5,0.30000000000000004,0.6,0.5,0.4,0.4,0.30000000000000004,0.3,0.5,0.9,0.30000000000000004,0.7,0.8,0.5,0.4,0.7,0.8,0.5,0.6,0.4,0.5,0.8,0.8,0.4]"
da20_gap1_joint_amp0p5,read_select,20,adaptive_on_obfuscated,logistic,raw,clrt,0.5466666666666666,600,READ|SELECT,0.220000000|0.873333333,"[[66,234],[38,262]]","[0.6,0.5,0.7,0.5,0.4,0.6000000000000001,0.5,0.6,0.5,0.6,0.5,0.4,0.7,0.6,0.3,0.6,0.4,0.6,0.5,0.5,0.7,0.7,0.4,0.5,0.5,0.2,0.4,0.4,0.5,0.6,0.7,0.6,0.6,0.7,0.7,0.7,0.6,0.4,0.5,0.7,0.5,0.5,0.4,0.5,0.5,0.6000000000000001,0.6,0.6,0.7,0.5,0.4,0.4,0.6,0.5,0.7,0.5,0.6000000000000001,0.8,0.6000000000000001,0.6]"
da20_gap1_joint_amp0p5,read_select,20,adaptive_on_offset_residuals,rbf_svm,levels,ack_clrt,0.5133333333333334,600,READ|SELECT,0.550000000|0.476666667,"[[165,135],[157,143]]","[0.7,0.7,0.4,0.2,0.6000000000000001,0.30000000000000004,0.4,0.4,0.4,0.5,0.5,0.2,0.6,0.5,0.30000000000000004,0.6000000000000001,0.5,0.8,0.4,0.7,0.7,0.5,0.4,0.5,0.7,0.5,0.4,0.1,0.9,0.6,0.7,0.5,0.4,0.5,0.30000000000000004,0.6000000000000001,0.6000000000000001,0.4,0.30000000000000004,0.30000000000000004,0.5,0.5,0.6000000000000001,0.7,0.4,0.7,0.8,0.4,0.5,0.6000000000000001,0.6,0.3,0.4,0.8,0.8,0.5,0.6000000000000001,0.6,0.4,0.5]"
da20_gap1_joint_amp0p5,read_select,20,adaptive_on_offset_residuals,rbf_svm,levels,clrt,0.5533333333333333,600,READ|SELECT,0.146666667|0.960000000,"[[44,256],[12,288]]","[0.5,0.5,0.6,0.5,0.4,0.5,0.5,0.6,0.5,0.5,0.6,0.6,0.5,0.6,0.4,0.6,0.5,0.7,0.5,0.6,0.6,0.5,0.5,0.6,0.6,0.5,0.5,0.4,0.5,0.6,0.5,0.5,0.5,0.6,0.6,0.6,0.5,0.5,0.6,0.6,0.6,0.5,0.4,0.6,0.6,0.6,0.7,0.6,0.6000000000000001,0.6,0.5,0.5,0.6,0.4,0.6,0.6,0.6,0.7,0.7,0.7]"
da20_gap1_joint_amp0p5,read_select,20,adaptive_on_obfuscated,rbf_svm,raw,ack_clrt,0.5483333333333333,600,READ|SELECT,0.456666667|0.640000000,"[[137,163],[108,192]]","[0.6,0.4,0.2,0.5,0.2,0.7,0.5,0.30000000000000004,0.6,0.30000000000000004,0.6,0.6,0.8,0.5,0.4,0.7,0.8,0.4,0.7,0.8,0.5,0.5,0.5,0.6000000000000001,0.4,0.3,0.3,0.2,0.6000000000000001,0.5,0.5,0.6,0.5,0.7,0.9,0.7,0.6000000000000001,0.6000000000000001,0.8,0.6000000000000001,0.5,0.4,0.4,0.6,0.4,0.6,0.6,0.7,0.5,0.7,0.5,0.7,0.6000000000000001,0.6000000000000001,0.6,0.4,0.5,0.8,0.7,0.6000000000000001]"
da20_gap1_joint_amp0p5,read_select,20,adaptive_on_obfuscated,rbf_svm,raw,clrt,0.5333333333333333,600,READ|SELECT,0.243333333|0.823333333,"[[73,227],[53,247]]","[0.6,0.3,0.5,0.5,0.4,0.7,0.4,0.6,0.4,0.6,0.5,0.4,0.6,0.6,0.4,0.6,0.5,0.5,0.5,0.5,0.6000000000000001,0.6,0.4,0.5,0.6,0.2,0.3,0.4,0.4,0.6,0.6,0.7,0.6,0.7,0.6000000000000001,0.7,0.6,0.5,0.5,0.7,0.5,0.4,0.4,0.6000000000000001,0.4,0.5,0.6,0.6,0.7,0.5,0.5,0.6,0.6000000000000001,0.5,0.6000000000000001,0.6000000000000001,0.6000000000000001,0.7,0.6,0.6000000000000001]"
da20_gap1_joint_amp0p5,read_select,20,adaptive_on_offset_residuals,rf,levels,ack_clrt,0.5333333333333333,600,READ|SELECT,0.556666667|0.510000000,"[[167,133],[147,153]]","[0.5,0.6000000000000001,0.5,0.3,0.5,0.30000000000000004,0.4,0.5,0.5,0.6,0.5,0.6000000000000001,0.5,0.4,0.4,0.5,0.6,0.8,0.7,0.6,0.8,0.5,0.5,0.7,0.7,0.6000000000000001,0.5,0.30000000000000004,0.6000000000000001,0.7,0.7,0.6000000000000001,0.30000000000000004,0.30000000000000004,0.6,0.5,0.5,0.30000000000000004,0.6,0.30000000000000004,0.4,0.7,0.5,0.6,0.4,0.4,0.7,0.4,0.6000000000000001,0.7,0.7,0.7,0.2,0.6,0.7,0.5,0.6000000000000001,0.8,0.4,0.5]"
da20_gap1_joint_amp0p5,read_select,20,adaptive_on_offset_residuals,rf,levels,clrt,0.5216666666666667,600,READ|SELECT,0.493333333|0.550000000,"[[148,152],[135,165]]","[0.5,0.7,0.30000000000000004,0.30000000000000004,0.5,0.4,0.5,0.5,0.4,0.5,0.4,0.6,0.4,0.5,0.30000000000000004,0.8,0.4,0.8,0.8,0.6,0.7,0.6000000000000001,0.4,0.4,0.8,0.30000000000000004,0.3,0.5,0.7,0.5,0.6,0.6,0.2,0.5,0.6000000000000001,0.5,0.5,0.5,0.6,0.6,0.6,0.8,0.4,0.7,0.4,0.5,0.5,0.5,0.5,0.7,0.5,0.4,0.6,0.4,0.7,0.5,0.5,0.6,0.5,0.4]"
da20_gap1_joint_amp0p5,read_select,20,adaptive_on_obfuscated,rf,raw,ack_clrt,0.555,600,READ|SELECT,0.593333333|0.516666667,"[[178,122],[145,155]]","[0.6000000000000001,0.5,0.4,0.6000000000000001,0.4,0.7,0.5,0.5,0.5,0.7,0.6000000000000001,0.8,0.8,0.5,0.6,0.9,0.7,0.5,0.7,0.6,0.7,0.2,0.4,0.6,0.4,0.5,0.4,0.5,0.4,0.7,0.5,0.6,0.2,0.6000000000000001,0.7,0.7,0.1,0.5,0.6000000000000001,0.4,0.8,0.5,0.4,0.5,0.5,0.4,0.30000000000000004,0.8,0.6000000000000001,0.7,0.5,0.7,0.6000000000000001,0.5,0.5,0.4,0.5,1.0,0.6,0.7]"
da20_gap1_joint_amp0p5,read_select,20,adaptive_on_obfuscated,rf,raw,clrt,0.55,600,READ|SELECT,0.483333333|0.616666667,"[[145,155],[115,185]]","[0.5,0.7,0.6,0.5,0.6,0.7,0.4,0.8,0.30000000000000004,0.7,0.5,0.6,0.8,0.4,0.30000000000000004,0.7,0.5,0.6,0.6000000000000001,0.4,0.8,0.1,0.5,0.5,0.6000000000000001,0.2,0.6,0.6,0.4,0.7,0.8,0.6,0.4,0.7,0.7,0.7,0.4,0.7,0.5,0.6,0.9,0.4,0.5,0.7,0.5,0.4,0.6,0.4,0.4,0.5,0.6,0.5,0.6000000000000001,0.5,0.30000000000000004,0.6000000000000001,0.6000000000000001,0.7,0.5,0.5]"
da20_gap1_joint_amp0p5,read_select,5,adaptive_on_offset_residuals,logistic,levels,ack_clrt,0.5154166666666666,2400,READ|SELECT,0.495000000|0.535833333,"[[594,606],[557,643]]","[0.575,0.575,0.5,0.425,0.55,0.45,0.44999999999999996,0.525,0.4,0.625,0.6,0.4,0.55,0.475,0.475,0.47500000000000003,0.575,0.55,0.55,0.7,0.55,0.575,0.45,0.525,0.5,0.375,0.5,0.275,0.675,0.5,0.45,0.5,0.475,0.65,0.4,0.625,0.6,0.575,0.425,0.5,0.325,0.55,0.5,0.575,0.45,0.6,0.675,0.42500000000000004,0.5,0.575,0.575,0.45,0.375,0.7,0.575,0.575,0.6000000000000001,0.45,0.5,0.4]"
da20_gap1_joint_amp0p5,read_select,5,adaptive_on_offset_residuals,logistic,levels,clrt,0.49166666666666664,2400,READ|SELECT,0.350000000|0.633333333,"[[420,780],[440,760]]","[0.625,0.475,0.5,0.525,0.575,0.42500000000000004,0.475,0.525,0.45,0.65,0.55,0.375,0.42500000000000004,0.475,0.45,0.6,0.475,0.55,0.5249999999999999,0.525,0.65,0.525,0.375,0.5249999999999999,0.44999999999999996,0.475,0.45,0.425,0.575,0.625,0.5,0.525,0.4,0.5,0.5,0.575,0.32499999999999996,0.475,0.44999999999999996,0.475,0.4,0.5,0.475,0.575,0.425,0.6000000000000001,0.5,0.4,0.525,0.425,0.575,0.375,0.425,0.475,0.5249999999999999,0.44999999999999996,0.65,0.45,0.35,0.42500000000000004]"
da20_gap1_joint_amp0p5,read_select,5,adaptive_on_obfuscated,logistic,raw,ack_clrt,0.48625,2400,READ|SELECT,0.395000000|0.577500000,"[[474,726],[507,693]]","[0.5,0.42500000000000004,0.42500000000000004,0.325,0.45,0.375,0.5,0.45,0.5,0.45,0.45,0.575,0.575,0.5,0.575,0.55,0.5,0.525,0.375,0.42500000000000004,0.6000000000000001,0.4,0.55,0.475,0.5,0.5,0.35,0.45,0.575,0.55,0.625,0.6,0.5,0.425,0.55,0.575,0.625,0.375,0.55,0.35,0.475,0.375,0.45,0.47500000000000003,0.55,0.45,0.375,0.55,0.625,0.55,0.375,0.55,0.525,0.42500000000000004,0.4,0.35,0.4,0.575,0.575,0.55]"
da20_gap1_joint_amp0p5,read_select,5,adaptive_on_obfuscated,logistic,raw,clrt,0.47750000000000004,2400,READ|SELECT,0.400000000|0.555000000,"[[480,720],[534,666]]","[0.5,0.44999999999999996,0.6,0.5,0.4,0.375,0.55,0.475,0.5,0.45,0.625,0.625,0.6,0.525,0.4,0.42500000000000004,0.375,0.625,0.4,0.375,0.42500000000000004,0.35,0.575,0.575,0.4,0.4,0.45,0.375,0.525,0.575,0.7,0.5,0.35,0.45,0.6,0.45,0.55,0.47500000000000003,0.5249999999999999,0.4,0.45,0.32499999999999996,0.5,0.525,0.625,0.4,0.375,0.47500000000000003,0.55,0.5249999999999999,0.325,0.325,0.5,0.6000000000000001,0.47500000000000003,0.275,0.55,0.42500000000000004,0.6000000000000001,0.4]"
da20_gap1_joint_amp0p5,read_select,5,adaptive_on_offset_residuals,rbf_svm,levels,ack_clrt,0.49833333333333335,2400,READ|SELECT,0.379166667|0.617500000,"[[455,745],[459,741]]","[0.6,0.525,0.425,0.5,0.6,0.5,0.375,0.55,0.425,0.575,0.575,0.4,0.42500000000000004,0.44999999999999996,0.45,0.55,0.5,0.625,0.6,0.575,0.65,0.55,0.42500000000000004,0.5,0.575,0.45,0.475,0.32499999999999996,0.625,0.55,0.575,0.55,0.42500000000000004,0.575,0.5,0.5,0.325,0.5,0.45,0.5,0.375,0.475,0.55,0.475,0.5,0.6,0.5,0.4,0.575,0.475,0.55,0.475,0.45,0.575,0.6,0.475,0.55,0.4,0.32499999999999996,0.325]"
da20_gap1_joint_amp0p5,read_select,5,adaptive_on_offset_residuals,rbf_svm,levels,clrt,0.4983333333333333,2400,READ|SELECT,0.330000000|0.666666667,"[[396,804],[400,800]]","[0.625,0.475,0.475,0.55,0.6000000000000001,0.475,0.475,0.625,0.5,0.625,0.6000000000000001,0.35,0.4,0.5,0.45,0.575,0.475,0.5,0.55,0.55,0.6000000000000001,0.475,0.4,0.525,0.44999999999999996,0.5,0.475,0.35,0.6000000000000001,0.625,0.45,0.525,0.42500000000000004,0.525,0.575,0.575,0.3,0.5,0.475,0.5,0.375,0.475,0.5,0.575,0.45,0.575,0.5,0.42500000000000004,0.5,0.425,0.6000000000000001,0.425,0.42500000000000004,0.47500000000000003,0.5249999999999999,0.44999999999999996,0.65,0.47500000000000003,0.425,0.42500000000000004]"
da20_gap1_joint_amp0p5,read_select,5,adaptive_on_obfuscated,rbf_svm,raw,ack_clrt,0.49249999999999994,2400,READ|SELECT,0.448333333|0.536666667,"[[538,662],[556,644]]","[0.55,0.45,0.4,0.35,0.475,0.42500000000000004,0.475,0.47500000000000003,0.475,0.475,0.4,0.6,0.55,0.4,0.625,0.65,0.575,0.47500000000000003,0.4,0.525,0.575,0.45,0.525,0.44999999999999996,0.42500000000000004,0.575,0.35000000000000003,0.5,0.625,0.625,0.475,0.525,0.575,0.5,0.6000000000000001,0.6000000000000001,0.55,0.32499999999999996,0.575,0.42500000000000004,0.55,0.5,0.4,0.5,0.475,0.525,0.3,0.475,0.5,0.45,0.47500000000000003,0.55,0.575,0.4,0.45,0.42500000000000004,0.425,0.625,0.5,0.45]"
da20_gap1_joint_amp0p5,read_select,5,adaptive_on_obfuscated,rbf_svm,raw,clrt,0.4945833333333333,2400,READ|SELECT,0.374166667|0.615000000,"[[449,751],[462,738]]","[0.475,0.575,0.47500000000000003,0.525,0.6,0.55,0.42500000000000004,0.5,0.475,0.44999999999999996,0.6000000000000001,0.475,0.5,0.45,0.525,0.475,0.55,0.55,0.45,0.375,0.6000000000000001,0.525,0.275,0.375,0.3,0.35,0.5,0.4,0.525,0.525,0.525,0.675,0.55,0.575,0.5249999999999999,0.55,0.5249999999999999,0.6000000000000001,0.575,0.6,0.5,0.5,0.375,0.5,0.45,0.55,0.375,0.425,0.475,0.425,0.44999999999999996,0.6,0.425,0.5,0.425,0.5,0.6,0.525,0.5,0.5]"
da20_gap1_joint_amp0p5,read_select,5,adaptive_on_offset_residuals,rf,levels,ack_clrt,0.5354166666666667,2400,READ|SELECT,0.535833333|0.535000000,"[[643,557],[558,642]]","[0.45,0.575,0.525,0.475,0.42500000000000004,0.525,0.35000000000000003,0.525,0.5,0.725,0.425,0.575,0.45,0.47500000000000003,0.475,0.575,0.55,0.625,0.625,0.575,0.6000000000000001,0.5,0.35,0.45,0.625,0.44999999999999996,0.575,0.45,0.625,0.525,0.5249999999999999,0.525,0.45,0.575,0.475,0.575,0.7250000000000001,0.575,0.5,0.525,0.475,0.525,0.5,0.475,0.575,0.55,0.575,0.45,0.625,0.65,0.525,0.55,0.45,0.575,0.65,0.7,0.6499999999999999,0.575,0.5,0.5249999999999999]"
da20_gap1_joint_amp0p5,read_select,5,adaptive_on_offset_residuals,rf,levels,clrt,0.505,2400,READ|SELECT,0.499166667|0.510833333,"[[599,601],[587,613]]","[0.525,0.525,0.42500000000000004,0.42500000000000004,0.475,0.6000000000000001,0.47500000000000003,0.525,0.55,0.55,0.5,0.525,0.475,0.55,0.42500000000000004,0.55,0.475,0.55,0.55,0.55,0.5,0.6,0.45,0.4,0.55,0.525,0.475,0.525,0.625,0.6000000000000001,0.55,0.625,0.35,0.525,0.5,0.575,0.525,0.5,0.35,0.55,0.525,0.525,0.42500000000000004,0.5,0.5,0.5,0.525,0.525,0.525,0.45,0.44999999999999996,0.475,0.525,0.35,0.475,0.575,0.475,0.475,0.42500000000000004,0.55]"
da20_gap1_joint_amp0p5,read_select,5,adaptive_on_obfuscated,rf,raw,ack_clrt,0.5075000000000001,2400,READ|SELECT,0.495833333|0.519166667,"[[595,605],[577,623]]","[0.45,0.525,0.6,0.475,0.45,0.5,0.575,0.525,0.525,0.525,0.625,0.6,0.625,0.5,0.45,0.625,0.55,0.575,0.525,0.55,0.5,0.325,0.5,0.4,0.5,0.5,0.425,0.375,0.5,0.5,0.55,0.6,0.45,0.5,0.6499999999999999,0.55,0.6,0.475,0.575,0.575,0.575,0.475,0.55,0.475,0.42500000000000004,0.525,0.475,0.45,0.42500000000000004,0.42500000000000004,0.5,0.47500000000000003,0.6,0.5,0.475,0.45,0.47500000000000003,0.575,0.44999999999999996,0.325]"
da20_gap1_joint_amp0p5,read_select,5,adaptive_on_obfuscated,rf,raw,clrt,0.47750000000000004,2400,READ|SELECT,0.435000000|0.520000000,"[[522,678],[576,624]]","[0.47500000000000003,0.45,0.55,0.575,0.475,0.55,0.475,0.55,0.47500000000000003,0.425,0.5,0.5,0.55,0.47500000000000003,0.42500000000000004,0.575,0.45,0.475,0.525,0.42500000000000004,0.625,0.4,0.475,0.47500000000000003,0.4,0.5,0.42500000000000004,0.35,0.5,0.55,0.5,0.525,0.42500000000000004,0.35,0.65,0.425,0.47500000000000003,0.55,0.45,0.45,0.45,0.47500000000000003,0.55,0.55,0.475,0.325,0.425,0.35,0.5,0.55,0.625,0.475,0.4,0.45,0.375,0.45,0.47500000000000003,0.525,0.425,0.4]"
