policy,da_ms,task,pool,model,representation,feature_set,feature,actual,predicted,correct,n,mean,sd,variance,p10,p25,median,p75,p90,p95,p99,minimum,maximum
da5_gap1_joint_amp0p5,5.0,three_class,1,rf,levels,ack_clrt,ack_ms,READ,READ,True,2425,0.10801172371134027,0.009874844517567798,9.75125542461388e-05,0.10046860000000013,0.10672199999999954,0.10924900000000015,0.11227100000000068,0.1148527999999999,0.11673539999999978,0.1211561199999999,0.037062999999999846,0.13770400000000027
da5_gap1_joint_amp0p5,5.0,three_class,1,rf,levels,ack_clrt,ack_ms,READ,OPERATE,False,1382,0.09510682850940669,0.023870813279635614,0.0005698157266312279,0.08011259999999965,0.09139775000000006,0.10315649999999987,0.1066562499999999,0.1090195999999998,0.11066405000000001,0.12373822000000038,-0.1581140000000003,0.1403970000000001
da5_gap1_joint_amp0p5,5.0,three_class,1,rf,levels,ack_clrt,ack_ms,READ,SELECT,False,2193,0.10687709986320118,0.012386281914108921,0.00015341997965578178,0.09183280000000008,0.105607,0.10822800000000043,0.11156100000000002,0.11585660000000057,0.1188828000000001,0.13090544000000012,-0.09744499999999956,0.16452500000000025
da5_gap1_joint_amp0p5,5.0,three_class,1,rf,levels,ack_clrt,ack_ms,SELECT,SELECT,True,2293,0.10669718752725695,0.016022434605348534,0.00025671841068267023,0.09208899999999964,0.10543899999999962,0.10812400000000011,0.11167899999999964,0.11608299999999971,0.12079599999999983,0.14004876000000047,-0.11697799999999958,0.24358500000000038
da5_gap1_joint_amp0p5,5.0,three_class,1,rf,levels,ack_clrt,ack_ms,OPERATE,OPERATE,True,2862,0.0913506194968554,0.024499087543816946,0.0006002052904796065,0.039592100000000754,0.08792574999999991,0.10249350000000002,0.10425700000000049,0.1073029000000008,0.10864895000000079,0.11216770000000026,-0.1526259999999997,0.21720000000000006
da5_gap1_joint_amp0p5,5.0,three_class,1,rf,levels,ack_clrt,ack_ms,OPERATE,READ,False,1563,0.10575964235444667,0.011870760881187091,0.00014091496389832174,0.09471699999999998,0.10534899999999991,0.10802099999999992,0.11119150000000033,0.1137400000000003,0.11632759999999942,0.12462668000000027,0.037047999999999526,0.1377480000000002
da5_gap1_joint_amp0p5,5.0,three_class,1,rf,levels,ack_clrt,ack_ms,SELECT,READ,False,2276,0.1084206564147628,0.008673215086029066,7.522465992852216e-05,0.10135200000000033,0.1065974999999999,0.10930300000000015,0.11223974999999986,0.1149420000000001,0.11749675000000015,0.12508524999999993,0.036864999999999704,0.14084300000000027
da5_gap1_joint_amp0p5,5.0,three_class,1,rf,levels,ack_clrt,ack_ms,OPERATE,SELECT,False,1575,0.10478089523809533,0.014904049953092038,0.0002221307050042628,0.08814939999999982,0.10444699999999996,0.1066060000000002,0.1102265,0.11522339999999966,0.12060249999999967,0.13797915999999988,-0.16065899999999989,0.17512400000000028
da5_gap1_joint_amp0p5,5.0,three_class,1,rf,levels,ack_clrt,ack_ms,SELECT,OPERATE,False,1431,0.0944676652690427,0.024771054450851135,0.0006136051386070318,0.058710000000000484,0.09116800000000014,0.10350000000000037,0.10627699999999995,0.10864999999999991,0.11001400000000006,0.11800790000000015,-0.16636499999999987,0.14765899999999998
da5_gap1_joint_amp0p5,5.0,three_class,1,rf,levels,ack_clrt,clrt_ms,READ,READ,True,2425,0.31034031381443294,2.4459654771514088,5.982747115416519,-0.015915400000000034,-0.005195999999999978,-0.0006120000000000569,0.005856000000000083,0.02115580000000001,0.07732420000000009,15.514224199999921,-0.12469099999999989,52.443976
da5_gap1_joint_amp0p5,5.0,three_class,1,rf,levels,ack_clrt,clrt_ms,READ,OPERATE,False,1382,0.3940690723589001,1.2966479389337815,1.6812958775412237,-0.047712300000000034,-0.0035690000000000444,0.005392499999999939,0.04276150000000001,1.0781266000000005,2.08033415,7.611191420000008,-0.16577600000000015,10.121766000000001
da5_gap1_joint_amp0p5,5.0,three_class,1,rf,levels,ack_clrt,clrt_ms,READ,SELECT,False,2193,0.40285597948016416,1.5634232445288734,2.4442922415331894,-0.027673600000000048,-0.007299999999999862,-0.0009360000000000479,0.0045560000000000045,0.2965643999999988,4.055713000000002,8.78609468,-0.165041,13.590526
da5_gap1_joint_amp0p5,5.0,three_class,1,rf,levels,ack_clrt,clrt_ms,SELECT,SELECT,True,2293,0.4025293467073703,1.5724119142538104,2.4724792280873324,-0.028532200000000073,-0.007984000000000047,-0.0007860000000001754,0.00634800000000002,0.31160060000000417,3.990092200000002,8.817056039999992,-0.16549400000000003,10.664299
da5_gap1_joint_amp0p5,5.0,three_class,1,rf,levels,ack_clrt,clrt_ms,OPERATE,OPERATE,True,2862,0.34821847064989525,1.118704922884079,1.2515007044850732,-0.0237068,-0.0030504999999999838,0.004372499999999946,0.06553850000000006,1.1288728000000012,1.7495051999999993,5.665633539999989,-0.14992699999999992,15.049453
da5_gap1_joint_amp0p5,5.0,three_class,1,rf,levels,ack_clrt,clrt_ms,OPERATE,READ,False,1563,0.20804156621880995,1.454456067166921,2.1154424513186676,-0.014217399999999991,-0.004567500000000058,0.000124000000000013,0.009338999999999986,0.0424315999999999,0.4561615999999999,6.398178739999993,-0.12154500000000001,20.937126
da5_gap1_joint_amp0p5,5.0,three_class,1,rf,levels,ack_clrt,clrt_ms,SELECT,READ,False,2276,0.11781690289982423,0.9958919491664048,0.9918007744144609,-0.01784100000000005,-0.00636800000000004,-0.0008080000000000032,0.0043760000000000465,0.021461499999999967,0.09060050000000014,4.1035195,-0.12505699999999997,19.025882
da5_gap1_joint_amp0p5,5.0,three_class,1,rf,levels,ack_clrt,clrt_ms,OPERATE,SELECT,False,1575,0.3778451187301587,1.5812278849332329,2.500281624090425,-0.03693040000000003,-0.008832000000000062,-0.0008559999999999679,0.009857000000000005,0.3034870000000006,3.0893018999999957,9.16343156,-0.16100399999999992,13.651095000000002
da5_gap1_joint_amp0p5,5.0,three_class,1,rf,levels,ack_clrt,clrt_ms,SELECT,OPERATE,False,1431,0.3843063032844165,1.3083575339428652,1.7117994366250555,-0.029740999999999795,-0.0046060000000000545,0.004010999999999987,0.0353024999999999,0.9847070000000002,2.614289,7.753318400000003,-0.138606,10.070163999999998
da5_gap1_joint_amp0p5,5.0,three_class,5,rf,levels,ack_clrt,ack_ms_mean,OPERATE,OPERATE,True,697,0.09518771936872317,0.009846857164899019,9.696059602592315e-05,0.0829531600000001,0.08975339999999984,0.09738600000000001,0.10263800000000031,0.10529400000000014,0.10611104000000036,0.1082693200000004,0.04731600000000018,0.1158894
da5_gap1_joint_amp0p5,5.0,three_class,5,rf,levels,ack_clrt,ack_ms_mean,OPERATE,READ,False,236,0.10360404830508484,0.006810908778149711,4.638847838427679e-05,0.09356670000000006,0.10160455000000006,0.10572949999999999,0.10786260000000011,0.10940370000000002,0.11040080000000008,0.11371554000000006,0.0785128000000002,0.11735639999999989
da5_gap1_joint_amp0p5,5.0,three_class,5,rf,levels,ack_clrt,ack_ms_mean,READ,SELECT,False,406,0.10527996305418724,0.006563587881902902,4.308068588346262e-05,0.09988740000000025,0.1032129000000002,0.10611379999999997,0.10913845000000007,0.1109090000000002,0.11222615000000005,0.1160513300000002,0.06066299999999956,0.12292760000000005
da5_gap1_joint_amp0p5,5.0,three_class,5,rf,levels,ack_clrt,ack_ms_mean,READ,READ,True,552,0.1071163485507247,0.004995638306805783,2.4956402092425355e-05,0.10278244000000011,0.10581210000000021,0.10818070000000013,0.10982535000000007,0.11174284000000007,0.11253015000000005,0.11448221400000003,0.08081200000000006,0.11627160000000032
da5_gap1_joint_amp0p5,5.0,three_class,5,rf,levels,ack_clrt,ack_ms_mean,READ,OPERATE,False,242,0.09784140495867777,0.00921357873028441,8.489003301914926e-05,0.08721759999999998,0.09280830000000004,0.10025539999999981,0.10436025000000004,0.10639134000000032,0.10873170999999995,0.11247161000000018,0.04836280000000013,0.11474780000000032
da5_gap1_joint_amp0p5,5.0,three_class,5,rf,levels,ack_clrt,ack_ms_mean,SELECT,SELECT,True,435,0.10534654988505755,0.008336682439853369,6.950027410295951e-05,0.09834484000000018,0.10252889999999981,0.1061010000000003,0.10976029999999995,0.11228344000000004,0.11503927999999998,0.12136242400000014,0.051218600000000156,0.1325146
da5_gap1_joint_amp0p5,5.0,three_class,5,rf,levels,ack_clrt,ack_ms_mean,SELECT,READ,False,493,0.10713230182555787,0.0044173248929637015,1.9512759209996776e-05,0.10284640000000014,0.10541919999999987,0.10787499999999994,0.10970340000000008,0.11145624000000016,0.11259764000000022,0.11393760000000003,0.08090620000000008,0.11632820000000006
da5_gap1_joint_amp0p5,5.0,three_class,5,rf,levels,ack_clrt,ack_ms_mean,SELECT,OPERATE,False,272,0.09808487058823538,0.009306238082820304,8.660606725413494e-05,0.0873608200000003,0.09416040000000007,0.10021890000000004,0.10446249999999999,0.1069709400000002,0.10874483000000028,0.11281750200000015,0.041483800000000313,0.11458280000000017
da5_gap1_joint_amp0p5,5.0,three_class,5,rf,levels,ack_clrt,ack_ms_mean,OPERATE,SELECT,False,267,0.10321777153558061,0.0062078887401053676,3.8537882609527e-05,0.09560344000000011,0.10023110000000007,0.10358819999999991,0.10686430000000008,0.10947756000000015,0.11159317999999993,0.1180602719999999,0.07944019999999999,0.13407800000000022
da5_gap1_joint_amp0p5,5.0,three_class,5,rf,levels,ack_clrt,ack_ms_std,OPERATE,OPERATE,True,697,0.016790971584731737,0.012831699544656888,0.00016465251320434777,0.002891337371502845,0.005879586958282115,0.011775908651140492,0.027425971949231027,0.030549833998628338,0.03269627315312053,0.050148200981681816,0.000817417151765289,0.10465020287796874
da5_gap1_joint_amp0p5,5.0,three_class,5,rf,levels,ack_clrt,ack_ms_std,OPERATE,READ,False,236,0.010389425476219733,0.009391378753771372,8.819799489678835e-05,0.002311071154046769,0.0035455066552438075,0.0070048126890666276,0.011777460716579426,0.027538164384899144,0.029001051223453693,0.03554034112915983,0.0007519605308794873,0.04355769749653906
da5_gap1_joint_amp0p5,5.0,three_class,5,rf,levels,ack_clrt,ack_ms_std,READ,SELECT,False,406,0.009578106653452942,0.010597760624569307,0.00011231253025567162,0.0027515123582071144,0.004328085762599836,0.00827327549923639,0.01102877637803656,0.013528361946397394,0.025687586615442067,0.07203830294111958,0.0008894417575085113,0.10516779891468672
da5_gap1_joint_amp0p5,5.0,three_class,5,rf,levels,ack_clrt,ack_ms_std,READ,READ,True,552,0.007094464877211454,0.006511978301455082,4.2405861398621816e-05,0.0021467162896239857,0.002954791915890621,0.004751289008643418,0.009436878575749156,0.012361452659592586,0.02563762830733329,0.029710240174892596,0.0005736786556950065,0.038973520800666364
da5_gap1_joint_amp0p5,5.0,three_class,5,rf,levels,ack_clrt,ack_ms_std,READ,OPERATE,False,242,0.015910666680432117,0.01333975578831772,0.0001779490844919561,0.0034972292461743406,0.006717936252269442,0.010976744197402334,0.026029909589589423,0.02905461396549838,0.033776266325953486,0.06741494447618177,0.0008749181447423448,0.10362439780939643
da5_gap1_joint_amp0p5,5.0,three_class,5,rf,levels,ack_clrt,ack_ms_std,SELECT,SELECT,True,435,0.011118523945266178,0.01249217380137595,0.00015605440628378367,0.0027397526006731425,0.0048294993160106475,0.008784584898559336,0.011988461065642414,0.021700341458664594,0.028325472437132033,0.08430948814173636,0.0007610704041016145,0.11020917822214267
da5_gap1_joint_amp0p5,5.0,three_class,5,rf,levels,ack_clrt,ack_ms_std,SELECT,READ,False,493,0.007162027220817892,0.006437251573083034,4.143820781515999e-05,0.0019435799940423436,0.0029126738918044057,0.005157691165628183,0.009409665384061103,0.011950556271354246,0.02563314850117899,0.030643072888628844,0.0007802892796904831,0.042197126022514804
da5_gap1_joint_amp0p5,5.0,three_class,5,rf,levels,ack_clrt,ack_ms_std,SELECT,OPERATE,False,272,0.016228988050722565,0.013319739378327304,0.00017741545710656304,0.0035698851871607505,0.006304745946402535,0.010298507062126896,0.027182492739380948,0.0301466668479853,0.03640677180901492,0.06322351919819802,0.0007969342758347491,0.08902827640564531
da5_gap1_joint_amp0p5,5.0,three_class,5,rf,levels,ack_clrt,ack_ms_std,OPERATE,SELECT,False,267,0.01101032871810841,0.008038290110429088,6.461410789942208e-05,0.0026600544297327978,0.006002899846986364,0.009265378645257888,0.012571802831156283,0.02593505885889448,0.028590794645097683,0.03455680568878038,0.0005558911404224276,0.042003145767906425
da5_gap1_joint_amp0p5,5.0,three_class,5,rf,levels,ack_clrt,ack_ms_min,OPERATE,OPERATE,True,697,0.06593569583931135,0.032248705219690775,0.0010399789883465112,0.03578720000000004,0.036712999999999774,0.08049399999999984,0.09308199999999989,0.10098920000000007,0.10271500000000007,0.10371331999999996,-0.16065899999999989,0.1043459999999996
da5_gap1_joint_amp0p5,5.0,three_class,5,rf,levels,ack_clrt,ack_ms_min,OPERATE,READ,False,236,0.08625568220338989,0.023089758163098224,0.000533136932030361,0.039479000000000486,0.08176125000000023,0.0950865000000003,0.10352424999999976,0.10553699999999955,0.10637675000000013,0.10847500000000015,0.036913000000000196,0.11225899999999989
da5_gap1_joint_amp0p5,5.0,three_class,5,rf,levels,ack_clrt,ack_ms_min,READ,SELECT,False,406,0.08952977586206902,0.02691260750815844,0.000724288442888186,0.08148950000000044,0.08346425000000046,0.09254899999999999,0.10419199999999962,0.10597350000000016,0.10713974999999998,0.10932605000000009,-0.14935199999999949,0.11067699999999991
da5_gap1_joint_amp0p5,5.0,three_class,5,rf,levels,ack_clrt,ack_ms_min,READ,READ,True,552,0.09555362500000007,0.016662312269041225,0.0002776326501510417,0.08205690000000017,0.09001250000000005,0.102055,0.10612725000000056,0.10744569999999962,0.1082985000000003,0.10976895999999957,0.037036999999999765,0.11099800000000037
da5_gap1_joint_amp0p5,5.0,three_class,5,rf,levels,ack_clrt,ack_ms_min,READ,OPERATE,False,242,0.07007126033057857,0.033809411524586476,0.0011430763076388406,0.03706670000000027,0.041139250000000294,0.08204300000000009,0.09295600000000026,0.10178080000000031,0.10336090000000006,0.1055583000000004,-0.1581140000000003,0.10802900000000015
da5_gap1_joint_amp0p5,5.0,three_class,5,rf,levels,ack_clrt,ack_ms_min,SELECT,SELECT,True,435,0.08794720000000009,0.030370783530349593,0.000922384492247354,0.08030560000000068,0.08309450000000007,0.09310600000000058,0.10462150000000037,0.10607739999999985,0.10683110000000004,0.10944512000000023,-0.16636499999999987,0.11163600000000073
da5_gap1_joint_amp0p5,5.0,three_class,5,rf,levels,ack_clrt,ack_ms_min,SELECT,READ,False,493,0.09561842393509133,0.01569327895766201,0.00024627900444299726,0.0821165999999998,0.0902580000000004,0.1014090000000003,0.10573799999999967,0.10720779999999977,0.10794580000000024,0.10997739999999982,0.036885999999999974,0.1125960000000008
da5_gap1_joint_amp0p5,5.0,three_class,5,rf,levels,ack_clrt,ack_ms_min,SELECT,OPERATE,False,272,0.06920636397058831,0.034113219364786215,0.0011637117354300253,0.03644710000000071,0.040467249999999844,0.08284999999999965,0.09471000000000007,0.10174610000000009,0.10296839999999988,0.1041675299999999,-0.12903099999999945,0.10583300000000051
da5_gap1_joint_amp0p5,5.0,three_class,5,rf,levels,ack_clrt,ack_ms_min,OPERATE,SELECT,False,267,0.0857673408239701,0.019222087639312945,0.00036948865321342753,0.04362940000000002,0.08169449999999978,0.08788799999999952,0.1015085,0.10444459999999989,0.10521920000000015,0.1069059200000002,0.03238099999999999,0.10754000000000019
da5_gap1_joint_amp0p5,5.0,three_class,5,rf,levels,ack_clrt,ack_ms_max,OPERATE,OPERATE,True,697,0.11035526972740323,0.006064121476253043,3.677356927875338e-05,0.10509839999999962,0.10689100000000007,0.10919400000000046,0.1119399999999997,0.11621380000000005,0.12146299999999943,0.13612075999999998,0.08939299999999939,0.15041899999999941
da5_gap1_joint_amp0p5,5.0,three_class,5,rf,levels,ack_clrt,ack_ms_max,OPERATE,READ,False,236,0.11498180508474583,0.007321724520461921,5.360764995353334e-05,0.11017849999999996,0.11154774999999995,0.11309400000000025,0.11578374999999985,0.12280699999999989,0.12727400000000033,0.13619505000000015,0.10123199999999954,0.17512400000000028
da5_gap1_joint_amp0p5,5.0,three_class,5,rf,levels,ack_clrt,ack_ms_max,READ,SELECT,False,406,0.11566450000000009,0.0071893330359103095,5.168650950123135e-05,0.10985750000000039,0.11152074999999972,0.1141040000000002,0.11725025000000011,0.12245699999999982,0.12800650000000013,0.1458893,0.10443600000000064,0.16452500000000025
da5_gap1_joint_amp0p5,5.0,three_class,5,rf,levels,ack_clrt,ack_ms_max,READ,READ,True,552,0.11518882065217399,0.00506749798038835,2.5679535781240008e-05,0.11059260000000029,0.11199650000000028,0.11398300000000017,0.1168465000000003,0.12115840000000047,0.12438350000000023,0.13392999000000022,0.10665600000000008,0.14897599999999933
da5_gap1_joint_amp0p5,5.0,three_class,5,rf,levels,ack_clrt,ack_ms_max,READ,OPERATE,False,242,0.11223131818181828,0.007851911268749413,6.165251057231401e-05,0.10656720000000001,0.10852600000000034,0.11051600000000006,0.11285975000000015,0.1185514000000003,0.12522035000000006,0.14863530000000003,0.09231200000000062,0.1623380000000001
da5_gap1_joint_amp0p5,5.0,three_class,5,rf,levels,ack_clrt,ack_ms_max,SELECT,SELECT,True,435,0.11809555402298856,0.014658456493792776,0.0002148703467804156,0.1098355999999999,0.11166800000000032,0.11456799999999934,0.11865450000000033,0.12769080000000008,0.13756909999999975,0.18550163999999963,0.10600400000000043,0.24358500000000038
da5_gap1_joint_amp0p5,5.0,three_class,5,rf,levels,ack_clrt,ack_ms_max,SELECT,READ,False,493,0.1155305192697769,0.0062711902547354734,3.932782721108917e-05,0.11026160000000029,0.11190100000000047,0.11403500000000033,0.11705399999999955,0.12208339999999965,0.12733519999999973,0.1393460400000004,0.10780299999999965,0.17923899999999993
da5_gap1_joint_amp0p5,5.0,three_class,5,rf,levels,ack_clrt,ack_ms_max,SELECT,OPERATE,False,272,0.11212582720588243,0.006001833863396963,3.602200972381851e-05,0.10661010000000015,0.10883750000000014,0.11086050000000025,0.11340150000000038,0.11779970000000031,0.12208094999999979,0.13720717999999982,0.10316300000000034,0.15058799999999994
da5_gap1_joint_amp0p5,5.0,three_class,5,rf,levels,ack_clrt,ack_ms_max,OPERATE,SELECT,False,267,0.11601871910112369,0.01044438767950267,0.00010908523399974718,0.10872519999999977,0.11027150000000008,0.11325200000000013,0.1179055,0.1259610000000002,0.1358278000000001,0.14875876000000007,0.10548700000000011,0.21720000000000006
da5_gap1_joint_amp0p5,5.0,three_class,5,rf,levels,ack_clrt,clrt_ms_mean,OPERATE,OPERATE,True,697,0.30141686398852224,0.5694231286650181,0.3242426994586578,-0.004482519999999974,0.006982799999999978,0.10798580000000002,0.3289096000000001,0.79930952,1.1377396399999995,2.9405552159999937,-0.048678200000000026,4.5203462000000005
da5_gap1_joint_amp0p5,5.0,three_class,5,rf,levels,ack_clrt,clrt_ms_mean,OPERATE,READ,False,236,0.3153473516949153,0.7836773125033972,0.6141501301325473,-0.014773199999999981,-0.00013960000000003692,0.007927299999999993,0.24581070000000005,0.8566399,1.4354114,4.05423607,-0.04157339999999996,5.1317794
da5_gap1_joint_amp0p5,5.0,three_class,5,rf,levels,ack_clrt,clrt_ms_mean,READ,SELECT,False,406,0.2867802975369458,0.5808161865023961,0.33734744250318616,-0.019042000000000024,-0.0066374500000000005,0.002891699999999997,0.11175680000000002,1.1796656,1.7769192499999997,2.0305629599999997,-0.044656200000000035,3.1035177999999997
da5_gap1_joint_amp0p5,5.0,three_class,5,rf,levels,ack_clrt,clrt_ms_mean,READ,READ,True,552,0.44837207282608693,1.0830207400402343,1.1729339233572968,-0.01475698000000002,-0.0014570999999999723,0.01353249999999997,0.3784216,1.25673976,2.025465289999993,4.839657380000002,-0.057920599999999954,10.793497599999998
da5_gap1_joint_amp0p5,5.0,three_class,5,rf,levels,ack_clrt,clrt_ms_mean,READ,OPERATE,False,242,0.29832310495867764,0.49389593743051646,0.24393319701036864,-0.0066178599999999555,0.00351220000000001,0.1317526,0.29069315000000007,0.89830646,1.3153058299999996,1.980432654,-0.031691000000000004,3.446096
da5_gap1_joint_amp0p5,5.0,three_class,5,rf,levels,ack_clrt,clrt_ms_mean,SELECT,SELECT,True,435,0.3247817820689655,0.7159708555448142,0.5126142659895732,-0.019954000000000013,-0.008500499999999987,0.0015657999999999727,0.09650590000000006,1.5509299200000022,1.9408747999999996,3.042488051999998,-0.04647980000000007,3.815532
da5_gap1_joint_amp0p5,5.0,three_class,5,rf,levels,ack_clrt,clrt_ms_mean,SELECT,READ,False,493,0.19123658580121702,0.46556239354076895,0.21674834227940984,-0.01527060000000003,-0.003617199999999976,0.006635200000000019,0.10398840000000002,0.7736284400000003,1.2415354799999998,1.9595805919999993,-0.06493320000000002,3.7939225999999997
da5_gap1_joint_amp0p5,5.0,three_class,5,rf,levels,ack_clrt,clrt_ms_mean,SELECT,OPERATE,False,272,0.4141873698529412,0.7194193485234583,0.5175641990299172,-0.011898840000000046,0.0018733999999999472,0.09125330000000004,0.4227487,1.38076324,2.1158997599999996,3.005805480000002,-0.04231879999999992,3.9206124000000004
da5_gap1_joint_amp0p5,5.0,three_class,5,rf,levels,ack_clrt,clrt_ms_mean,OPERATE,SELECT,False,267,0.37028363071161047,0.7816467036223956,0.6109715692837572,-0.016938160000000046,-0.0064844999999999434,0.007893799999999984,0.1931285000000001,1.5042716400000007,2.1912046199999984,3.2226144079999934,-0.066165,4.8666236000000005
da5_gap1_joint_amp0p5,5.0,three_class,5,rf,levels,ack_clrt,clrt_ms_std,OPERATE,OPERATE,True,697,0.5047948105854129,0.8289453335020219,0.6871503659347784,0.010727698136923047,0.029204610642841976,0.20694704308880568,0.5944592758877938,1.3872763274119682,2.0453170057542716,4.031926003680835,0.0011335726531634582,5.937858958771163
da5_gap1_joint_amp0p5,5.0,three_class,5,rf,levels,ack_clrt,clrt_ms_std,OPERATE,READ,False,236,0.578115962495207,1.3395221837248568,1.794319680691009,0.005863495229864948,0.011387060472143185,0.03602671309928372,0.4659977676325607,1.6980359991893295,2.748010237799133,7.058817052588721,0.000828645786811167,8.032084629837128
da5_gap1_joint_amp0p5,5.0,three_class,5,rf,levels,ack_clrt,clrt_ms_std,READ,SELECT,False,406,0.5837626748657443,1.1248212558793034,1.2652228576778932,0.0053215837276738565,0.01472935396862102,0.03332872213211949,0.23498079195446347,2.2255993778370193,3.5421370775383405,3.9506248435853175,0.0014047863325074663,6.244163758945512
da5_gap1_joint_amp0p5,5.0,three_class,5,rf,levels,ack_clrt,clrt_ms_std,READ,READ,True,552,0.8616046309374639,2.008145629888333,4.032648870839608,0.006084126677799069,0.012043585101187167,0.047135435506900976,0.6171173045022011,2.3831740542732143,3.943265625877693,8.557621044925607,0.0017939234543313028,20.83368399895754
da5_gap1_joint_amp0p5,5.0,three_class,5,rf,levels,ack_clrt,clrt_ms_std,READ,OPERATE,False,242,0.5822516136297922,0.9534277051146738,0.9090243888802333,0.00992136809504777,0.025106623818936843,0.25184194009737937,0.5732097500018747,1.699037285387402,2.632641315851479,3.8747446212093264,0.002078842889686552,6.866340188104606
da5_gap1_joint_amp0p5,5.0,three_class,5,rf,levels,ack_clrt,clrt_ms_std,SELECT,SELECT,True,435,0.5726483354149335,1.148196812187213,1.318355919516878,0.005079519314543601,0.012433946957059398,0.03279095972002039,0.2126751798666095,2.6093426849471557,3.483477220922014,4.154580987042953,0.0016305998405494967,6.291470708419156
da5_gap1_joint_amp0p5,5.0,three_class,5,rf,levels,ack_clrt,clrt_ms_std,SELECT,READ,False,493,0.38648204379374107,0.8978053585586373,0.8060544618566033,0.00564261226199647,0.011466106355690245,0.0378113339357394,0.20415239031311885,1.5045070293668514,2.342579248232912,3.766813306122311,0.0020008726696119175,7.616045282835353
da5_gap1_joint_amp0p5,5.0,three_class,5,rf,levels,ack_clrt,clrt_ms_std,SELECT,OPERATE,False,272,0.6912432000005375,1.0499256897958222,1.102343954093233,0.01041644923515761,0.03015638230625832,0.1965755534150758,0.8255737705945057,2.4553573243247766,3.3914219741117764,3.9030897354303544,0.002571165836736316,4.262732724820809
da5_gap1_joint_amp0p5,5.0,three_class,5,rf,levels,ack_clrt,clrt_ms_std,OPERATE,SELECT,False,267,0.6272613801497224,1.1799456783713729,1.3922718039072792,0.0068923586352151,0.018305142116342453,0.04145150695740745,0.3788658532154624,2.5558207893437914,3.5452984736421986,4.328115127891753,0.0017013797459709142,5.920602213788851
da5_gap1_joint_amp0p5,5.0,three_class,5,rf,levels,ack_clrt,clrt_ms_min,OPERATE,OPERATE,True,697,-0.028731695839311334,0.036391325997532795,0.0013243286078587061,-0.07490180000000003,-0.05642400000000003,-0.01373000000000002,-0.004412000000000027,-0.0004329999999999508,0.00122600000000007,0.009475599999999878,-0.15913999999999984,0.3493140000000001
da5_gap1_joint_amp0p5,5.0,three_class,5,rf,levels,ack_clrt,clrt_ms_min,OPERATE,READ,False,236,-0.025004038135593227,0.028836416267254437,0.0008315389031383763,-0.07514000000000001,-0.03926299999999991,-0.00950899999999999,-0.0045700000000000185,-0.0013280000000001069,-0.0006685000000000163,0.0010931000000000174,-0.111178,0.0023180000000000422
da5_gap1_joint_amp0p5,5.0,three_class,5,rf,levels,ack_clrt,clrt_ms_min,READ,SELECT,False,406,-0.037352298029556655,0.03507624434411452,0.0012303429172880259,-0.07812350000000004,-0.06874975,-0.023929000000000034,-0.007615999999999942,-0.003951500000000108,-0.0013592500000000063,0.002448500000000114,-0.165041,0.00762400000000002
da5_gap1_joint_amp0p5,5.0,three_class,5,rf,levels,ack_clrt,clrt_ms_min,READ,READ,True,552,-0.02823081702898551,0.0320450448701387,0.0010268849007292026,-0.07724880000000003,-0.053278249999999985,-0.012331000000000009,-0.005690750000000036,-0.0031209999999999407,-0.0011976500000000778,0.0011129900000000194,-0.16577600000000015,0.01930900000000002
da5_gap1_joint_amp0p5,5.0,three_class,5,rf,levels,ack_clrt,clrt_ms_min,READ,OPERATE,False,242,-0.029469685950413233,0.032440761657487355,0.0010524030169179017,-0.07657790000000002,-0.05489425000000002,-0.015151999999999999,-0.004583249999999997,-0.0005818999999998019,0.000740900000000019,0.007592840000000042,-0.15609499999999987,0.009576000000000029
da5_gap1_joint_amp0p5,5.0,three_class,5,rf,levels,ack_clrt,clrt_ms_min,SELECT,SELECT,True,435,-0.03956721609195404,0.037765371921411016,0.0014262233163624997,-0.08293900000000003,-0.06940250000000003,-0.02422599999999997,-0.007582500000000103,-0.0035505999999999797,-0.0022653000000001167,0.0009264200000000062,-0.16549400000000003,0.004421000000000008
da5_gap1_joint_amp0p5,5.0,three_class,5,rf,levels,ack_clrt,clrt_ms_min,SELECT,READ,False,493,-0.029337468559837727,0.03389619569117166,0.0011489520823342043,-0.0775276,-0.046262000000000025,-0.013077000000000005,-0.0063509999999999955,-0.0032995999999999802,-0.0019451999999999365,-0.00040908000000001673,-0.16473300000000002,0.0036800000000000166
da5_gap1_joint_amp0p5,5.0,three_class,5,rf,levels,ack_clrt,clrt_ms_min,SELECT,OPERATE,False,272,-0.03179527573529413,0.033501565365881204,0.0011223548819644111,-0.07488000000000004,-0.0638150000000001,-0.015306000000000042,-0.00636875000000009,-0.0015236999999998207,-0.00012024999999992798,0.005008319999999978,-0.16531499999999988,0.010457999999999856
da5_gap1_joint_amp0p5,5.0,three_class,5,rf,levels,ack_clrt,clrt_ms_min,OPERATE,SELECT,False,267,-0.03642679775280899,0.04207537261653804,0.0017703369808205196,-0.07824100000000003,-0.06787250000000003,-0.023293000000000008,-0.007721499999999992,-0.002303399999999965,-0.000716200000000051,0.002030299999999892,-0.16100399999999992,0.3086460000000002
da5_gap1_joint_amp0p5,5.0,three_class,5,rf,levels,ack_clrt,clrt_ms_max,OPERATE,OPERATE,True,697,1.250778556671449,2.086231179953534,4.352360536210315,0.010048000000000059,0.05660199999999982,0.485835,1.4763220000000001,3.448974799999997,5.123337599999998,10.212881719999995,-0.0041039999999998855,15.049453
da5_gap1_joint_amp0p5,5.0,three_class,5,rf,levels,ack_clrt,clrt_ms_max,OPERATE,READ,False,236,1.447520279661017,3.4136688995449203,11.653135355720227,0.005396000000000067,0.013377,0.060300999999999966,1.0848672500000003,4.23016,6.90276025,17.762900750000004,-0.007517999999999914,20.937126
da5_gap1_joint_amp0p5,5.0,three_class,5,rf,levels,ack_clrt,clrt_ms_max,READ,SELECT,False,406,1.4373580492610838,2.8256687010142265,7.984403607891426,0.0017164999999999542,0.006266249999999973,0.027638499999999983,0.561535,5.6221555,8.858035999999998,9.888346449999997,-0.00375800000000015,15.591742999999997
da5_gap1_joint_amp0p5,5.0,three_class,5,rf,levels,ack_clrt,clrt_ms_max,READ,READ,True,552,2.1463972445652173,5.059355789278899,25.597081002509913,0.004218800000000034,0.010853750000000162,0.08066800000000007,1.54091325,6.034507300000003,9.907298949999994,21.4886392,-0.005743999999999971,52.443976
da5_gap1_joint_amp0p5,5.0,three_class,5,rf,levels,ack_clrt,clrt_ms_max,READ,OPERATE,False,242,1.4479938925619835,2.397428565887903,5.7476637285353265,0.00891989999999997,0.02622825000000012,0.622967,1.432128,4.2315757000000005,6.580582499999997,9.686379820000003,-0.00424100000000005,17.178763
da5_gap1_joint_amp0p5,5.0,three_class,5,rf,levels,ack_clrt,clrt_ms_max,SELECT,SELECT,True,435,1.3861555448275862,2.8362469855907295,8.044296963272501,0.0008834000000000236,0.004340499999999969,0.02473999999999993,0.4990325,6.089379400000001,8.7651537,9.767252379999997,-0.008055000000000034,15.737171999999997
da5_gap1_joint_amp0p5,5.0,three_class,5,rf,levels,ack_clrt,clrt_ms_max,SELECT,READ,False,493,0.9485003123732252,2.2532358620122674,5.077071849858166,0.0033927999999999853,0.009196000000000204,0.054741999999999846,0.50772,3.756636200000001,5.676910599999997,9.430763079999997,-0.004242000000000079,19.025882
da5_gap1_joint_amp0p5,5.0,three_class,5,rf,levels,ack_clrt,clrt_ms_max,SELECT,OPERATE,False,272,1.7128238860294118,2.639627825458319,6.967635056933814,0.007466600000000001,0.025620000000000087,0.4926345000000001,2.03444875,5.834850200000002,8.3477114,10.072279259999998,-0.001818999999999793,10.664299
da5_gap1_joint_amp0p5,5.0,three_class,5,rf,levels,ack_clrt,clrt_ms_max,OPERATE,SELECT,False,267,1.5486490749063673,2.9620424936317806,8.773695734080377,0.0032245999999999334,0.01041599999999998,0.06087500000000001,0.941414,6.261721000000001,8.995152699999998,10.822334819999991,-0.01031700000000002,14.140691
da5_gap1_joint_amp0p5,5.0,three_class,20,rf,levels,ack_clrt,ack_ms_mean,OPERATE,OPERATE,True,203,0.0964574098522168,0.004267869486952665,1.8214709957661605e-05,0.09124538,0.09385392500000006,0.09692404999999997,0.09952440000000007,0.10136842000000001,0.10221412500000003,0.10373807800000007,0.08165279999999994,0.10568075000000024
da5_gap1_joint_amp0p5,5.0,three_class,20,rf,levels,ack_clrt,ack_ms_mean,READ,READ,True,140,0.10616559357142864,0.0029661666616361115,8.798144664601515e-06,0.1025680650000001,0.10424233750000013,0.10657830000000004,0.10813203750000011,0.10975955000000007,0.11018190999999988,0.11195061650000006,0.09387070000000008,0.11208269999999998
da5_gap1_joint_amp0p5,5.0,three_class,20,rf,levels,ack_clrt,ack_ms_mean,READ,SELECT,False,120,0.10476630666666674,0.0030250264137822963,9.15078480408058e-06,0.10125586000000009,0.1034596000000001,0.10485947500000008,0.10660843750000008,0.10843333500000009,0.10905973000000016,0.1103879510000001,0.09097325,0.11190985000000012
da5_gap1_joint_amp0p5,5.0,three_class,20,rf,levels,ack_clrt,ack_ms_mean,READ,OPERATE,False,40,0.09880593625000006,0.0037475652017674842,1.4044244941498565e-05,0.0940867500000001,0.09663635000000007,0.0996597000000001,0.101005325,0.10258928500000011,0.103829415,0.10547608500000011,0.08748224999999996,0.10588305000000013
da5_gap1_joint_amp0p5,5.0,three_class,20,rf,levels,ack_clrt,ack_ms_mean,SELECT,READ,False,102,0.10615460637254909,0.0028695505112390986,8.234320136552573e-06,0.10280645000000016,0.10437971250000012,0.10593590000000006,0.10804946250000012,0.11000669000000002,0.11066733500000023,0.11240792250000001,0.09888115000000006,0.11347870000000007
da5_gap1_joint_amp0p5,5.0,three_class,20,rf,levels,ack_clrt,ack_ms_mean,SELECT,SELECT,True,155,0.10449805225806459,0.004031864457936589,1.625593100717231e-05,0.10078485000000012,0.10300285000000009,0.10477690000000006,0.10667345000000014,0.10849641000000008,0.10986429500000004,0.11226975400000011,0.08928300000000004,0.11511350000000023
da5_gap1_joint_amp0p5,5.0,three_class,20,rf,levels,ack_clrt,ack_ms_mean,OPERATE,SELECT,False,67,0.10279738134328364,0.0031900914684733768,1.0176683577226627e-05,0.10036267000000004,0.10120605000000002,0.1031794000000001,0.10454610000000002,0.10631427000000014,0.10720562000000014,0.10794263900000006,0.08885345000000018,0.10853059999999996
da5_gap1_joint_amp0p5,5.0,three_class,20,rf,levels,ack_clrt,ack_ms_mean,OPERATE,READ,False,30,0.10402021500000005,0.0030885791313361244,9.53932105052501e-06,0.1000510250000001,0.1022310000000001,0.10412160000000019,0.10581646250000007,0.107707825,0.10873120250000001,0.10962126650000005,0.09763504999999997,0.10986230000000008
da5_gap1_joint_amp0p5,5.0,three_class,20,rf,levels,ack_clrt,ack_ms_mean,SELECT,OPERATE,False,43,0.10012318023255819,0.0028503888323725187,8.124716495713971e-06,0.09608649999999998,0.09880077500000009,0.10032360000000003,0.10218322500000007,0.10356977000000003,0.10394622500000009,0.10594982100000007,0.09333695000000004,0.10691685
da5_gap1_joint_amp0p5,5.0,three_class,20,rf,levels,ack_clrt,ack_ms_std,OPERATE,OPERATE,True,203,0.02067627847564689,0.0067905008093884205,4.6110901242304795e-05,0.01385451555614646,0.01675107200850033,0.021019078913870136,0.0244316568255855,0.02720544198131344,0.029374269990278586,0.04187569477312996,0.004866702079180539,0.059705192043301346
da5_gap1_joint_amp0p5,5.0,three_class,20,rf,levels,ack_clrt,ack_ms_std,READ,READ,True,140,0.010559429045072436,0.005252134660729652,2.7584918494437773e-05,0.005019432412965864,0.00684804832262399,0.008150669042847244,0.01610849211650069,0.01682777124966621,0.018202244001365105,0.021701254138118027,0.0023869164019714143,0.02746497954140868
da5_gap1_joint_amp0p5,5.0,three_class,20,rf,levels,ack_clrt,ack_ms_std,READ,SELECT,False,120,0.013739928631642284,0.008293080882986227,6.877519053175161e-05,0.008087084944454388,0.008967999088089386,0.010969023039102854,0.016451845139077406,0.02017705169565207,0.0219466119372817,0.053365325600119945,0.004869411171794766,0.056843835313844654
da5_gap1_joint_amp0p5,5.0,three_class,20,rf,levels,ack_clrt,ack_ms_std,READ,OPERATE,False,40,0.020530287869904768,0.010496822670552677,0.00011018328617702863,0.009233374901420342,0.015981931967309525,0.017813517127060384,0.02267462177368138,0.029530028924615436,0.0436211729884793,0.054274090281503415,0.0057304013077183686,0.05808286803180439
da5_gap1_joint_amp0p5,5.0,three_class,20,rf,levels,ack_clrt,ack_ms_std,SELECT,READ,False,102,0.010921133348054748,0.005734039140412777,3.287920486378569e-05,0.005478710584208046,0.006687459856802923,0.008235321065532993,0.016294485569998657,0.020692878408375262,0.021604747306047355,0.02408735979573267,0.003683789755130012,0.026558314662785024
da5_gap1_joint_amp0p5,5.0,three_class,20,rf,levels,ack_clrt,ack_ms_std,SELECT,SELECT,True,155,0.015079132801624179,0.010289014941679806,0.00010586382847011029,0.007920704241400974,0.009168753745968008,0.01109424165445757,0.017321236386892105,0.024181782340353196,0.036563811388454964,0.05518487871569138,0.004792596555887069,0.06015745502977997
da5_gap1_joint_amp0p5,5.0,three_class,20,rf,levels,ack_clrt,ack_ms_std,OPERATE,SELECT,False,67,0.014669038447763395,0.008451482779592477,7.142756117374817e-05,0.007961661469758996,0.009647532754534609,0.013577581785428422,0.01701435221737456,0.019176022114971495,0.02420186647673906,0.05337012268378072,0.004935014067609156,0.058562963752251306
da5_gap1_joint_amp0p5,5.0,three_class,20,rf,levels,ack_clrt,ack_ms_std,OPERATE,READ,False,30,0.012753415773559379,0.005897320245527724,3.477838607831118e-05,0.005660016138756289,0.007107476948395035,0.013850931069608625,0.01724766052508962,0.02063725601672889,0.02102506011144543,0.023051001324532343,0.003910799333576233,0.023789865988010438
da5_gap1_joint_amp0p5,5.0,three_class,20,rf,levels,ack_clrt,ack_ms_std,SELECT,OPERATE,False,43,0.02018592687142172,0.006639442013237101,4.408219024713793e-05,0.013870008521347418,0.016144426676591543,0.019128047755782536,0.02254743078004013,0.029176249171046057,0.03341034788949227,0.037363985944422654,0.005592787689515837,0.03832972157409302
da5_gap1_joint_amp0p5,5.0,three_class,20,rf,levels,ack_clrt,ack_ms_min,OPERATE,OPERATE,True,203,0.03758357142857144,0.02389258507580339,0.0005708556216045028,0.03302299999999949,0.035727500000000134,0.03645799999999966,0.038293500000000424,0.04667480000000045,0.08031269999999946,0.08432254000000038,-0.1526259999999997,0.08956300000000006
da5_gap1_joint_amp0p5,5.0,three_class,20,rf,levels,ack_clrt,ack_ms_min,READ,READ,True,140,0.07201650000000007,0.02370112642274922,0.0005617433937071412,0.03884259999999955,0.04137349999999995,0.08285650000000011,0.08937175000000042,0.0972752999999994,0.1000675999999995,0.10445538999999948,0.036598000000000575,0.10772899999999996
da5_gap1_joint_amp0p5,5.0,three_class,20,rf,levels,ack_clrt,ack_ms_min,READ,SELECT,False,120,0.06119643333333338,0.04054618526872237,0.0016439931398455586,0.037041199999999906,0.04129699999999992,0.0811440000000001,0.0826015,0.08577500000000048,0.08868775000000033,0.09963726999999972,-0.14935199999999949,0.10571700000000028
da5_gap1_joint_amp0p5,5.0,three_class,20,rf,levels,ack_clrt,ack_ms_min,READ,OPERATE,False,40,0.029236600000000012,0.050555508358535985,0.0025558594253900016,-0.026359899999999374,0.03648750000000023,0.03758050000000024,0.041803000000000035,0.08069500000000004,0.08118500000000015,0.08524865999999985,-0.1581140000000003,0.08704499999999982
da5_gap1_joint_amp0p5,5.0,three_class,20,rf,levels,ack_clrt,ack_ms_min,SELECT,READ,False,102,0.07272423529411773,0.023779984170320963,0.0005654876471407155,0.03850039999999968,0.04089025000000035,0.08286500000000041,0.0898287499999999,0.09657899999999967,0.1005468999999995,0.10454373000000025,0.03617299999999979,0.10559300000000071
da5_gap1_joint_amp0p5,5.0,three_class,20,rf,levels,ack_clrt,ack_ms_min,SELECT,SELECT,True,155,0.058172961290322706,0.04862291395401086,0.002364187761379144,0.03521480000000014,0.04102500000000031,0.08115300000000047,0.08380849999999995,0.08758840000000045,0.09082070000000017,0.09964022000000033,-0.16636499999999987,0.10203000000000007
da5_gap1_joint_amp0p5,5.0,three_class,20,rf,levels,ack_clrt,ack_ms_min,OPERATE,SELECT,False,67,0.055875925373134384,0.040117137972243026,0.0016093847590839835,0.03615999999999975,0.03866100000000028,0.06029600000000013,0.08159800000000006,0.08369659999999968,0.08633770000000007,0.08934583999999995,-0.16065899999999989,0.0924649999999998
da5_gap1_joint_amp0p5,5.0,three_class,20,rf,levels,ack_clrt,ack_ms_min,OPERATE,READ,False,30,0.06204906666666664,0.024096624452307806,0.0005806473099955584,0.037400099999999804,0.0377504999999998,0.052604500000000165,0.08527399999999985,0.08974340000000006,0.09271820000000014,0.09865416999999953,0.03622600000000009,0.10016999999999943
da5_gap1_joint_amp0p5,5.0,three_class,20,rf,levels,ack_clrt,ack_ms_min,SELECT,OPERATE,False,43,0.034832441860465156,0.026967156625776735,0.0007272275364791741,0.00952840000000013,0.03617550000000014,0.03796300000000041,0.041022000000000336,0.05214220000000016,0.08023719999999991,0.08419381999999985,-0.06527899999999942,0.08613800000000005
da5_gap1_joint_amp0p5,5.0,three_class,20,rf,levels,ack_clrt,ack_ms_max,OPERATE,OPERATE,True,203,0.11834994088669952,0.00971903278076321,9.445959819354984e-05,0.11078799999999997,0.11262300000000014,0.11525699999999972,0.1203685000000001,0.12984500000000007,0.13821829999999985,0.15036373999999997,0.10433800000000026,0.17512400000000028
da5_gap1_joint_amp0p5,5.0,three_class,20,rf,levels,ack_clrt,ack_ms_max,READ,READ,True,140,0.12065412142857151,0.006523252531705115,4.255282359239719e-05,0.1149651000000003,0.11623674999999989,0.1189849999999999,0.12238149999999992,0.12826270000000023,0.1314342499999997,0.14327380999999947,0.11236500000000049,0.1623380000000001
da5_gap1_joint_amp0p5,5.0,three_class,20,rf,levels,ack_clrt,ack_ms_max,READ,SELECT,False,120,0.12367042500000007,0.010741503808175139,0.00011537990406104102,0.11403430000000041,0.11633799999999961,0.11978299999999997,0.12728675000000012,0.13611720000000008,0.14632005000000003,0.16158477000000007,0.11192699999999967,0.16452500000000025
da5_gap1_joint_amp0p5,5.0,three_class,20,rf,levels,ack_clrt,ack_ms_max,READ,OPERATE,False,40,0.11698592500000012,0.008081299147994377,6.530739591937465e-05,0.11192329999999968,0.11260124999999976,0.1134890000000004,0.11703474999999974,0.12552830000000012,0.13612805000000003,0.14492145000000017,0.1080880000000004,0.14759100000000025
da5_gap1_joint_amp0p5,5.0,three_class,20,rf,levels,ack_clrt,ack_ms_max,SELECT,READ,False,102,0.12102684313725494,0.006292717550587558,3.959829417147267e-05,0.1148664000000001,0.11654024999999968,0.11977550000000026,0.12341650000000004,0.12915349999999978,0.13410254999999976,0.1403116500000003,0.11231999999999953,0.14084300000000027
da5_gap1_joint_amp0p5,5.0,three_class,20,rf,levels,ack_clrt,ack_ms_max,SELECT,SELECT,True,155,0.1269194838709678,0.020076836713423835,0.0004030793724174831,0.11393120000000057,0.11586449999999981,0.12038300000000035,0.12893,0.14741620000000014,0.1637529000000005,0.21961850000000036,0.11244099999999957,0.24358500000000038
da5_gap1_joint_amp0p5,5.0,three_class,20,rf,levels,ack_clrt,ack_ms_max,OPERATE,SELECT,False,67,0.1248165970149254,0.014935301245216399,0.00022306322328536255,0.11326159999999988,0.11596250000000019,0.12261200000000017,0.12786950000000008,0.13607119999999975,0.14144549999999975,0.1823381399999998,0.11141699999999943,0.21720000000000006
da5_gap1_joint_amp0p5,5.0,three_class,20,rf,levels,ack_clrt,ack_ms_max,OPERATE,READ,False,30,0.1205366000000002,0.007923441548552838,6.278092597333339e-05,0.11304569999999999,0.11477925000000022,0.11790150000000033,0.12565025000000007,0.13182090000000013,0.13625650000000006,0.14166849000000054,0.11029900000000037,0.14263100000000062
da5_gap1_joint_amp0p5,5.0,three_class,20,rf,levels,ack_clrt,ack_ms_max,SELECT,OPERATE,False,43,0.12320060465116284,0.018829719853835684,0.00035455834977393376,0.11219459999999995,0.11372949999999982,0.11867500000000053,0.12389699999999992,0.13324979999999959,0.14731320000000014,0.19650257999999987,0.10953800000000058,0.22890600000000028
da5_gap1_joint_amp0p5,5.0,three_class,20,rf,levels,ack_clrt,clrt_ms_mean,OPERATE,OPERATE,True,203,0.30313436133004923,0.2944935715563503,0.08672646368801522,0.04394421000000001,0.09754967499999997,0.20576670000000002,0.40612965,0.7778833000000002,0.9322263749999993,1.0936986649999998,-0.005278700000000014,1.7095376000000002
da5_gap1_joint_amp0p5,5.0,three_class,20,rf,levels,ack_clrt,clrt_ms_mean,READ,READ,True,140,0.44820285214285716,0.5359139729957582,0.28720378645209826,0.01774047499999998,0.0717459875,0.2684316500000001,0.57392285,1.3099535400000002,1.6332500924999998,2.0381015429999993,-0.008245249999999996,2.7009166999999996
da5_gap1_joint_amp0p5,5.0,three_class,20,rf,levels,ack_clrt,clrt_ms_mean,READ,SELECT,False,120,0.2892744929166666,0.21768142378098257,0.04738520225931572,0.011250364999999983,0.11235596249999999,0.26361572499999997,0.452732275,0.5618539150000004,0.6738903149999997,0.7822366565000001,-0.022346900000000017,0.92575275
da5_gap1_joint_amp0p5,5.0,three_class,20,rf,levels,ack_clrt,clrt_ms_mean,READ,OPERATE,False,40,0.28926889125,0.27950079436748454,0.07812069405205486,0.041609290000000014,0.0769496,0.184574075,0.42085921250000013,0.6325298050000004,0.8889579224999999,1.0807800505,-0.003631300000000018,1.1641550500000002
da5_gap1_joint_amp0p5,5.0,three_class,20,rf,levels,ack_clrt,clrt_ms_mean,SELECT,READ,False,102,0.19606802058823525,0.2507064854941476,0.06285374186882722,-0.0002062350000000171,0.023506612500000013,0.077070575,0.31589065,0.5361591050000002,0.6023669874999996,1.1664140254999986,-0.017651650000000012,1.2870498
da5_gap1_joint_amp0p5,5.0,three_class,20,rf,levels,ack_clrt,clrt_ms_mean,SELECT,SELECT,True,155,0.3471149041935484,0.2661264019947207,0.07082326183865567,0.013788920000000003,0.130545625,0.29251734999999995,0.5251895499999999,0.7260664,0.820548795,0.9705777790000001,-0.013866000000000007,1.0997649499999995
da5_gap1_joint_amp0p5,5.0,three_class,20,rf,levels,ack_clrt,clrt_ms_mean,OPERATE,SELECT,False,67,0.34772829552238804,0.27744763118161997,0.07697718804829223,0.011360120000000005,0.14566504999999996,0.27618865000000004,0.537125825,0.67272285,0.9350049449999999,1.0544540320000002,-0.009584400000000015,1.07398
da5_gap1_joint_amp0p5,5.0,three_class,20,rf,levels,ack_clrt,clrt_ms_mean,OPERATE,READ,False,30,0.36699145000000005,0.4415132610562374,0.1949339596885132,0.018300814999999984,0.04323007500000001,0.178483975,0.43879859999999987,1.1590821650000003,1.2667625224999999,1.3764370000000001,-0.0024155500000000107,1.4156899500000002
da5_gap1_joint_amp0p5,5.0,three_class,20,rf,levels,ack_clrt,clrt_ms_mean,SELECT,OPERATE,False,43,0.30820746279069766,0.2936892102928673,0.08625335224244805,0.021156359999999957,0.08384932499999997,0.22627984999999998,0.47009677500000013,0.7073771700000001,0.78833355,1.1557656549999993,-0.0004644500000000218,1.31638195
da5_gap1_joint_amp0p5,5.0,three_class,20,rf,levels,ack_clrt,clrt_ms_std,OPERATE,OPERATE,True,203,0.8679589738197497,0.7910387126700543,0.6257422449426968,0.1396410855280893,0.309037620493693,0.5707931925170885,1.1706306591064317,2.123171159017403,2.4645235348362586,3.264129450773964,0.0211033324142776,3.797203955763278
da5_gap1_joint_amp0p5,5.0,three_class,20,rf,levels,ack_clrt,clrt_ms_std,READ,READ,True,140,1.5342671467936464,1.8311849670925877,3.3532383837058815,0.08070558613288335,0.26666505330692164,0.970836570079556,1.7922762832264736,4.21015645191094,4.816345642474874,7.6308851578020205,0.018642831974984377,11.41676784710317
da5_gap1_joint_amp0p5,5.0,three_class,20,rf,levels,ack_clrt,clrt_ms_std,READ,SELECT,False,120,1.0538146707120977,0.746722613647414,0.5575946617324251,0.057239612407735035,0.42563035336863264,0.9890562128177864,1.8236629769662955,2.037745681519405,2.2200022782871507,2.3716719561252244,0.0078668234839419,3.546082755035532
da5_gap1_joint_amp0p5,5.0,three_class,20,rf,levels,ack_clrt,clrt_ms_std,READ,OPERATE,False,40,0.9225336482218335,0.8069489366090298,0.6511665862944439,0.14688786492961675,0.2742099808995456,0.6564380761293694,1.4088848356314267,2.00845347967251,2.2709164399481336,3.2103811590519986,0.032336205886127116,3.442989869987356
da5_gap1_joint_amp0p5,5.0,three_class,20,rf,levels,ack_clrt,clrt_ms_std,SELECT,READ,False,102,0.6968780562821703,0.8487211685467995,0.7203276219394448,0.043895824193366725,0.11323577946987601,0.27710969927043017,1.0771263389319645,1.8826165152341385,2.1890455280167957,3.787496153246279,0.01946602901845931,4.2072103693105785
da5_gap1_joint_amp0p5,5.0,three_class,20,rf,levels,ack_clrt,clrt_ms_std,SELECT,SELECT,True,155,1.1729511930802332,0.7906413831261323,0.6251137967116035,0.1018477777700382,0.5087778897266602,1.089006649458004,1.8190962220160365,2.1824797854931206,2.28601380561998,2.9914173325147884,0.018810079876159486,3.4292462701747497
da5_gap1_joint_amp0p5,5.0,three_class,20,rf,levels,ack_clrt,clrt_ms_std,OPERATE,SELECT,False,67,1.089270877195074,0.8020910889392776,0.6433501149557961,0.06444860436572888,0.48127229718862674,1.0075407790800466,1.5857087348209686,2.1428029835212943,2.398353835152867,3.0717440042683624,0.020530390165800556,3.5647754656328274
da5_gap1_joint_amp0p5,5.0,three_class,20,rf,levels,ack_clrt,clrt_ms_std,OPERATE,READ,False,30,1.2587698966936975,1.4581642548677274,2.1262429941739547,0.05587236931797778,0.18441177854485602,0.5540949386305727,1.612061158181115,3.9177228618344824,4.05336422074294,4.419351588493602,0.03275340067760141,4.56825262993233
da5_gap1_joint_amp0p5,5.0,three_class,20,rf,levels,ack_clrt,clrt_ms_std,SELECT,OPERATE,False,43,0.9779520471339558,0.7994648787686799,0.63914409238462,0.09277821253309668,0.27908928701416125,0.8256227183394725,1.5461666771817815,2.0919922925825243,2.361078628703467,2.6316655529092285,0.03482775153304474,2.7467035734521565
da5_gap1_joint_amp0p5,5.0,three_class,20,rf,levels,ack_clrt,clrt_ms_min,OPERATE,OPERATE,True,203,-0.06426650738916258,0.03270340980630774,0.001069513012959305,-0.10686819999999998,-0.07600850000000006,-0.06994900000000004,-0.048449500000000006,-0.014992400000000027,-0.0109286,-0.006950900000000009,-0.15532800000000002,-0.005357999999999974
da5_gap1_joint_amp0p5,5.0,three_class,20,rf,levels,ack_clrt,clrt_ms_min,READ,READ,True,140,-0.06632112142857144,0.02925123594054686,0.0008556348040495404,-0.09274829999999998,-0.07867325000000006,-0.07316449999999991,-0.052128499999999994,-0.023267000000000024,-0.014679450000000134,-0.011980279999999992,-0.16577600000000015,-0.0073190000000000754
da5_gap1_joint_amp0p5,5.0,three_class,20,rf,levels,ack_clrt,clrt_ms_min,READ,SELECT,False,120,-0.06970929166666667,0.03354998416129676,0.0011256014372232634,-0.10839209999999999,-0.07947900000000002,-0.07468350000000004,-0.05063825000000001,-0.020495099999999905,-0.014346450000000004,-0.00787708,-0.16352999999999995,-0.007603000000000026
da5_gap1_joint_amp0p5,5.0,three_class,20,rf,levels,ack_clrt,clrt_ms_min,READ,OPERATE,False,40,-0.06367900000000001,0.0451627961473822,0.0020396781558500005,-0.1362948,-0.08035450000000015,-0.06401650000000003,-0.019452750000000074,-0.008828799999999836,-0.007889749999999958,-0.006122110000000032,-0.16439000000000004,-0.005323000000000022
da5_gap1_joint_amp0p5,5.0,three_class,20,rf,levels,ack_clrt,clrt_ms_min,SELECT,READ,False,102,-0.06570150980392157,0.02871359266036889,0.0008244704034655903,-0.09612400000000013,-0.07781675000000003,-0.07242000000000001,-0.05101550000000013,-0.023974999999999923,-0.017472699999999994,-0.01211675999999996,-0.15249000000000001,-0.010815000000000019
da5_gap1_joint_amp0p5,5.0,three_class,20,rf,levels,ack_clrt,clrt_ms_min,SELECT,SELECT,True,155,-0.08233391612903226,0.038782270375729566,0.001504064495496191,-0.13679020000000014,-0.11263250000000002,-0.07646900000000001,-0.06578100000000003,-0.02524320000000007,-0.016925400000000094,-0.009948980000000086,-0.16549400000000003,-0.008442000000000005
da5_gap1_joint_amp0p5,5.0,three_class,20,rf,levels,ack_clrt,clrt_ms_min,OPERATE,SELECT,False,67,-0.0773591194029851,0.036942855008307726,0.0013647745361648471,-0.13763339999999996,-0.08890700000000007,-0.07532000000000005,-0.05639949999999999,-0.02526780000000001,-0.019685900000000013,-0.014212279999999956,-0.16100399999999992,-0.008828000000000058
da5_gap1_joint_amp0p5,5.0,three_class,20,rf,levels,ack_clrt,clrt_ms_min,OPERATE,READ,False,30,-0.05274140000000002,0.025172936996703428,0.0006336767570400001,-0.07825589999999999,-0.07612950000000006,-0.06532350000000006,-0.02724550000000006,-0.022694900000000018,-0.017860000000000018,-0.012035820000000029,-0.09014999999999995,-0.01033700000000004
da5_gap1_joint_amp0p5,5.0,three_class,20,rf,levels,ack_clrt,clrt_ms_min,SELECT,OPERATE,False,43,-0.07045193023255815,0.032927449081201716,0.0010842169029951318,-0.11916319999999997,-0.0806420000000001,-0.06797799999999987,-0.05355250000000003,-0.032434000000000025,-0.016398000000000083,-0.01187474000000001,-0.15939199999999998,-0.011309000000000013
da5_gap1_joint_amp0p5,5.0,three_class,20,rf,levels,ack_clrt,clrt_ms_max,OPERATE,OPERATE,True,203,3.591269842364532,3.360655733319122,11.294006957890685,0.5950922000000002,1.1856119999999999,2.16838,5.0217615,8.987713600000005,10.200335299999997,13.643590019999998,0.06269599999999986,17.492309
da5_gap1_joint_amp0p5,5.0,three_class,20,rf,levels,ack_clrt,clrt_ms_max,READ,READ,True,140,6.719832328571428,8.190962913492793,67.09187345021435,0.3487512000000002,1.0777299999999999,4.3596385,7.80855725,18.489566500000006,21.270538999999996,35.05990037999985,0.01939600000000019,52.443976
da5_gap1_joint_amp0p5,5.0,three_class,20,rf,levels,ack_clrt,clrt_ms_max,READ,SELECT,False,120,4.643437766666667,3.3436344313745052,11.17989121067311,0.1708939000000001,1.835164,4.342465499999999,7.3160425,9.158267400000002,9.4784605,10.726986990000002,0.008325999999999834,16.332922
da5_gap1_joint_amp0p5,5.0,three_class,20,rf,levels,ack_clrt,clrt_ms_max,READ,OPERATE,False,40,3.9236473500000004,3.340068369075411,11.156056710098078,0.6009651000000003,1.0948620000000002,2.7414605,5.7718245,8.6585765,9.8731339,12.625456709999998,0.08261699999999994,14.226177
da5_gap1_joint_amp0p5,5.0,three_class,20,rf,levels,ack_clrt,clrt_ms_max,SELECT,READ,False,102,2.9863945098039215,3.7275654311144377,13.894744043239363,0.13498279999999988,0.50697375,1.1820620000000002,4.5260675,8.113331800000001,9.699371649999996,17.369092639999987,0.013089999999999935,19.025882
da5_gap1_joint_amp0p5,5.0,three_class,20,rf,levels,ack_clrt,clrt_ms_max,SELECT,SELECT,True,155,4.978400219354838,3.303931429046593,10.91596288784186,0.4143614000000001,2.3117550000000002,4.914958,7.900734999999999,9.032618600000001,9.6025153,11.653962540000022,0.0007909999999999862,15.737171999999997
da5_gap1_joint_amp0p5,5.0,three_class,20,rf,levels,ack_clrt,clrt_ms_max,OPERATE,SELECT,False,67,4.6932642835820895,3.5479463291674818,12.587923154653009,0.22899200000000014,1.94561,4.471391,6.779473,9.2458966,10.8573151,13.767492940000015,0.042246000000000006,16.415803
da5_gap1_joint_amp0p5,5.0,three_class,20,rf,levels,ack_clrt,clrt_ms_max,OPERATE,READ,False,30,5.552877800000001,6.510162616513155,42.382217293445414,0.24367780000000008,0.8123977500000001,2.392916,7.160176249999999,17.2635227,18.339508649999996,20.28605889,0.07151799999999997,20.937126
da5_gap1_joint_amp0p5,5.0,three_class,20,rf,levels,ack_clrt,clrt_ms_max,SELECT,OPERATE,False,43,4.1322661162790695,3.3654312647703044,11.326127597893452,0.34909500000000016,1.049393,3.7916160000000003,6.576307,9.267079,9.627686899999999,10.429986459999999,0.09500900000000012,10.664299
da5_gap1_joint_amp0p5,5.0,read_select,1,rf,raw,ack_clrt,ack_ms,READ,READ,True,3181,5.1004310902232,0.38694218254958956,0.1497242526362399,4.60673,4.613881,4.947955,5.587613,5.610012,5.612754,5.6162604,4.535779,5.626344
da5_gap1_joint_amp0p5,5.0,read_select,1,rf,raw,ack_clrt,ack_ms,READ,SELECT,False,2819,5.10803800248315,0.35771435322079254,0.12795955850016993,4.605763,4.917044,5.249374,5.279386499999999,5.608001600000001,5.6114377,5.62334056,4.529876,5.664429
da5_gap1_joint_amp0p5,5.0,read_select,1,rf,raw,ack_clrt,ack_ms,SELECT,READ,False,3037,5.100856481396115,0.3893938063320123,0.1516275364097327,4.6066894,4.613374,4.949335,5.592779,5.6097876,5.6121922,5.61622396,4.534834,5.62706
da5_gap1_joint_amp0p5,5.0,read_select,1,rf,raw,ack_clrt,ack_ms,SELECT,SELECT,True,2963,5.105384402294971,0.3583512698570564,0.12841563260816485,4.6055508,4.9161565,5.229061,5.2800665,5.6078592,5.611708999999999,5.6258475400000005,4.536134,5.743489
da5_gap1_joint_amp0p5,5.0,read_select,1,rf,raw,ack_clrt,clrt_ms,READ,READ,True,3181,1.419356825526564,2.3242239337674717,5.40201689429754,0.497612,0.828066,1.163935,1.497086,1.534181,2.653104,9.29389019999999,0.410003,53.94388
da5_gap1_joint_amp0p5,5.0,read_select,1,rf,raw,ack_clrt,clrt_ms,READ,SELECT,False,2819,1.4468218162468962,1.6617993351740652,2.7615770303849647,0.4955258,0.825539,1.162758,1.496955,1.9194434,5.132109599999997,10.464235220000004,0.410947,15.726081
da5_gap1_joint_amp0p5,5.0,read_select,1,rf,raw,ack_clrt,clrt_ms,SELECT,READ,False,3037,1.2577537629239381,1.1713173214015873,1.3719842674153893,0.4974026,0.826429,1.163019,1.495907,1.5238850000000002,2.397921399999999,7.623756999999999,0.413069,20.525786
da5_gap1_joint_amp0p5,5.0,read_select,1,rf,raw,ack_clrt,clrt_ms,SELECT,SELECT,True,2963,1.4851661063111714,1.7020222892630557,2.896879873148253,0.49654360000000003,0.8270150000000001,1.163592,1.4994869999999998,1.8835196000000003,5.499992700000003,10.424519480000004,0.41456,14.680608
da5_gap1_joint_amp0p5,5.0,read_select,5,rbf_svm,levels,ack_clrt,ack_ms_mean,READ,READ,True,756,0.10605614867724876,0.0074410362330879515,5.536902022212773e-05,0.09544340000000018,0.10576679999999983,0.10806720000000017,0.10992225000000015,0.11160950000000006,0.11248764999999997,0.11473389000000013,0.04836280000000013,0.11627160000000032
da5_gap1_joint_amp0p5,5.0,read_select,5,rbf_svm,levels,ack_clrt,ack_ms_mean,READ,SELECT,False,444,0.1021870743243244,0.0067949781434307275,4.617172796970129e-05,0.09448270000000002,0.10014784999999987,0.1032254,0.10556450000000014,0.10804906000000011,0.11052143999999975,0.11588713799999999,0.05081319999999998,0.12292760000000005
da5_gap1_joint_amp0p5,5.0,read_select,5,rbf_svm,levels,ack_clrt,ack_ms_mean,SELECT,SELECT,True,539,0.1022003684601114,0.008813228708229986,7.767300026356918e-05,0.09477291999999977,0.09966290000000004,0.10319880000000001,0.10574969999999988,0.11023932000000002,0.11351992000000002,0.12064154000000021,0.041483800000000313,0.1325146
da5_gap1_joint_amp0p5,5.0,read_select,5,rbf_svm,levels,ack_clrt,ack_ms_mean,SELECT,READ,False,661,0.10625576429652049,0.006911702402729671,4.777163010389911e-05,0.09677200000000016,0.105335,0.10813340000000035,0.10985740000000029,0.11135060000000027,0.11256780000000025,0.1142747600000002,0.05401200000000017,0.11733660000000032
da5_gap1_joint_amp0p5,5.0,read_select,5,rbf_svm,levels,ack_clrt,ack_ms_std,READ,READ,True,756,0.007761154077470987,0.009789250659544125,9.582942847538509e-05,0.0019694561347761617,0.002868069197144275,0.004446837301101173,0.007693444026711143,0.025238130611049264,0.02827945932431138,0.03597044735653607,0.0005736786556950065,0.10516779891468672
da5_gap1_joint_amp0p5,5.0,read_select,5,rbf_svm,levels,ack_clrt,ack_ms_std,READ,SELECT,False,444,0.013035596323466493,0.01005946231564667,0.00010119278207991545,0.006419137564645497,0.008725914876127248,0.010732975400888897,0.01289660712211238,0.02588864031904375,0.02758433762992986,0.06523002073169495,0.0015421881337890438,0.10188790536467017
da5_gap1_joint_amp0p5,5.0,read_select,5,rbf_svm,levels,ack_clrt,ack_ms_std,SELECT,SELECT,True,539,0.014395357839367894,0.01238298855742809,0.00015333840561339502,0.005807473585928039,0.00845597043722133,0.01070542518539104,0.014682333288719623,0.02771739017415958,0.03214770773634124,0.07605754041791467,0.0009804718455927728,0.09961204157610647
da5_gap1_joint_amp0p5,5.0,read_select,5,rbf_svm,levels,ack_clrt,ack_ms_std,SELECT,READ,False,661,0.00759852376767209,0.009102193465303166,8.284992587980764e-05,0.001896601001792705,0.0027944866147468586,0.004634292412008837,0.007583024657747175,0.02507967652901443,0.028854651206348107,0.03496730385389666,0.0007610704041016145,0.11020917822214267
da5_gap1_joint_amp0p5,5.0,read_select,5,rbf_svm,levels,ack_clrt,ack_ms_min,READ,READ,True,756,0.09352495238095246,0.025026901771826926,0.0006263458122966738,0.042771999999999366,0.09360950000000057,0.10284000000000004,0.10583975000000034,0.10734149999999998,0.10819024999999982,0.10989339999999972,-0.1581140000000003,0.11099800000000037
da5_gap1_joint_amp0p5,5.0,read_select,5,rbf_svm,levels,ack_clrt,ack_ms_min,READ,SELECT,False,444,0.07961052027027034,0.026266492468303204,0.0006899286265874289,0.04337029999999986,0.0815304999999995,0.08421500000000037,0.08875875000000022,0.09847130000000029,0.1024331500000001,0.10744140999999961,-0.1430990000000003,0.1085560000000001
da5_gap1_joint_amp0p5,5.0,read_select,5,rbf_svm,levels,ack_clrt,ack_ms_min,SELECT,SELECT,True,539,0.07812606307977743,0.031285257503035985,0.0009787673370312694,0.04089840000000002,0.08116449999999986,0.08448300000000053,0.09186999999999967,0.10206940000000006,0.10469210000000029,0.10716610000000044,-0.14013199999999948,0.10975599999999996
da5_gap1_joint_amp0p5,5.0,read_select,5,rbf_svm,levels,ack_clrt,ack_ms_min,SELECT,READ,False,661,0.09396535249621792,0.023345103913984137,0.0005449938767547175,0.0435989999999995,0.09415200000000024,0.10325600000000001,0.1057269999999999,0.1070909999999996,0.10788400000000031,0.10997900000000005,-0.16636499999999987,0.1125960000000008
da5_gap1_joint_amp0p5,5.0,read_select,5,rbf_svm,levels,ack_clrt,ack_ms_max,READ,READ,True,756,0.11457824470899479,0.005651983102099094,3.19449129864137e-05,0.10943050000000021,0.1114597500000003,0.11361949999999998,0.11655649999999973,0.12038200000000021,0.12361475000000022,0.13135894999999975,0.09231200000000062,0.1623380000000001
da5_gap1_joint_amp0p5,5.0,read_select,5,rbf_svm,levels,ack_clrt,ack_ms_max,READ,SELECT,False,444,0.11505144594594605,0.007919607100447361,6.272017662545625e-05,0.10886620000000029,0.11058325000000013,0.11288300000000007,0.11648774999999967,0.1247308000000003,0.132044,0.14383198000000003,0.10451799999999967,0.16452500000000025
da5_gap1_joint_amp0p5,5.0,read_select,5,rbf_svm,levels,ack_clrt,ack_ms_max,SELECT,SELECT,True,539,0.11703326159554733,0.014285866826855419,0.00020408599099464809,0.10868900000000074,0.11071900000000001,0.11306599999999989,0.11679650000000041,0.12929579999999988,0.13884779999999972,0.17780564000000007,0.10316300000000034,0.24358500000000038
da5_gap1_joint_amp0p5,5.0,read_select,5,rbf_svm,levels,ack_clrt,ack_ms_max,SELECT,READ,False,661,0.11459214674735255,0.00505172559466171,2.5519931483760205e-05,0.10935199999999945,0.11122199999999971,0.11370699999999978,0.11651999999999951,0.12116599999999966,0.1244310000000004,0.13057879999999997,0.10387500000000038,0.1470520000000004
da5_gap1_joint_amp0p5,5.0,read_select,5,rbf_svm,levels,ack_clrt,clrt_ms_mean,READ,READ,True,756,0.4153931626984127,0.8700725893663391,0.7570263107666462,-0.011782500000000007,-0.001495600000000008,0.020499900000000043,0.42517015,1.2703637,1.8726960500000003,4.426398430000003,-0.057920599999999954,6.598516399999999
da5_gap1_joint_amp0p5,5.0,read_select,5,rbf_svm,levels,ack_clrt,clrt_ms_mean,READ,SELECT,False,444,0.27498005720720725,0.7841640964702757,0.614913330193044,-0.018130679999999993,-0.006646049999999959,0.007888300000000004,0.19613835000000004,0.9003576999999999,1.5673796299999996,2.125656147999999,-0.04385019999999997,10.793497599999998
da5_gap1_joint_amp0p5,5.0,read_select,5,rbf_svm,levels,ack_clrt,clrt_ms_mean,SELECT,SELECT,True,539,0.347208320593692,0.7326376394244319,0.5367579107014039,-0.018238520000000008,-0.0061277999999999775,0.009174000000000005,0.21888490000000005,1.4095367199999997,2.1260123599999985,3.1296472719999997,-0.06493320000000002,3.9206124000000004
da5_gap1_joint_amp0p5,5.0,read_select,5,rbf_svm,levels,ack_clrt,clrt_ms_mean,SELECT,READ,False,661,0.24368137942511345,0.5328212966139725,0.2838985341253949,-0.015663000000000003,-0.0038206000000000186,0.009300999999999993,0.14978000000000002,0.9364231999999999,1.559145,2.14672116,-0.037336000000000036,3.7939225999999997
da5_gap1_joint_amp0p5,5.0,read_select,5,rbf_svm,levels,ack_clrt,clrt_ms_std,READ,READ,True,756,0.8056294065912034,1.6103444215744271,2.5932091560958765,0.005240903557111776,0.011307316327035797,0.05158909391299888,0.7160638342244416,2.466100132748015,3.6592478766475613,8.052481361603288,0.0014047863325074663,11.282189321319203
da5_gap1_joint_amp0p5,5.0,read_select,5,rbf_svm,levels,ack_clrt,clrt_ms_std,READ,SELECT,False,444,0.5505911292532256,1.5038469631200875,2.26155568848551,0.010558883551164605,0.019472123208302924,0.03531127766019905,0.3870873830643772,1.8005130207464621,3.09666197532822,3.901884154799982,0.0027769833704939947,20.83368399895754
da5_gap1_joint_amp0p5,5.0,read_select,5,rbf_svm,levels,ack_clrt,clrt_ms_std,SELECT,SELECT,True,539,0.5679705204407063,1.0508703117301308,1.1043284120757824,0.00945436531518506,0.019233832116031663,0.04171563203692349,0.39561307143285807,2.3772849176348676,3.2898037119724566,3.8673333369362917,0.002198452492095253,6.291470708419156
da5_gap1_joint_amp0p5,5.0,read_select,5,rbf_svm,levels,ack_clrt,clrt_ms_std,SELECT,READ,False,661,0.48641408983118883,1.02278057286191,1.0460801002237368,0.005045512406089216,0.010383483550331276,0.039739581440171236,0.2850764897534696,1.8090976314919438,2.986743189688555,4.014246852815715,0.0016305998405494967,7.616045282835353
da5_gap1_joint_amp0p5,5.0,read_select,5,rbf_svm,levels,ack_clrt,clrt_ms_min,READ,READ,True,756,-0.026368085978835984,0.03118946690561357,0.0009727828458563642,-0.076539,-0.030599750000000037,-0.01165550000000004,-0.005458000000000018,-0.0021935000000000426,-0.0004890000000000588,0.0025230000000000677,-0.15609499999999987,0.01930900000000002
da5_gap1_joint_amp0p5,5.0,read_select,5,rbf_svm,levels,ack_clrt,clrt_ms_min,READ,SELECT,False,444,-0.04041854729729731,0.035233881957404345,0.0012414264377883036,-0.07812530000000004,-0.06883025000000001,-0.030910999999999994,-0.007619000000000015,-0.0034890999999999455,-0.0015675500000000132,0.002412219999999956,-0.16577600000000015,0.007870000000000044
da5_gap1_joint_amp0p5,5.0,read_select,5,rbf_svm,levels,ack_clrt,clrt_ms_min,SELECT,SELECT,True,539,-0.041156135435992586,0.03900436802172117,0.001521340724773865,-0.08059940000000003,-0.06864800000000001,-0.02704200000000001,-0.007641999999999927,-0.0031791999999999172,-0.00168890000000005,0.0016961000000001044,-0.16549400000000003,0.007187999999999972
da5_gap1_joint_amp0p5,5.0,read_select,5,rbf_svm,levels,ack_clrt,clrt_ms_min,SELECT,READ,False,661,-0.027443674735249626,0.03115586258518177,0.0009706877734267294,-0.07713300000000001,-0.03223600000000004,-0.013051000000000035,-0.006184999999999996,-0.0033130000000000104,-0.0016179999999998973,0.002437400000000007,-0.14906799999999998,0.010457999999999856
da5_gap1_joint_amp0p5,5.0,read_select,5,rbf_svm,levels,ack_clrt,clrt_ms_max,READ,READ,True,756,2.0057484087301587,4.05468105851389,16.44043848627132,0.0036245000000000305,0.009279499999999996,0.11072850000000001,1.8267505,6.1732405,9.1751215,20.40677210000006,-0.005743999999999971,29.02056
da5_gap1_joint_amp0p5,5.0,read_select,5,rbf_svm,levels,ack_clrt,clrt_ms_max,READ,SELECT,False,444,1.3568634504504506,3.7858323259067674,14.332526399880646,0.003789600000000005,0.014133999999999952,0.03797099999999992,0.9623950000000001,4.4920992,7.74855875,9.798428289999999,-0.0025340000000000362,52.443976
da5_gap1_joint_amp0p5,5.0,read_select,5,rbf_svm,levels,ack_clrt,clrt_ms_max,SELECT,SELECT,True,539,1.376287244897959,2.593422575133331,6.725840653211198,0.0037631999999999445,0.01382699999999995,0.06570099999999995,0.9929545000000002,5.498290199999999,8.1989161,9.39561772,-0.008055000000000034,15.737171999999997
da5_gap1_joint_amp0p5,5.0,read_select,5,rbf_svm,levels,ack_clrt,clrt_ms_max,SELECT,READ,False,661,1.2022051255673223,2.5721865507580897,6.616143651900799,0.0018499999999999628,0.006608999999999976,0.06856299999999999,0.7145420000000002,4.542728,7.474278000000001,10.073081599999998,-0.005095000000000072,19.025882
da5_gap1_joint_amp0p5,5.0,read_select,20,rf,levels,ack_clrt,ack_ms_mean,READ,READ,True,160,0.10549695187500005,0.003456133186117683,1.1944856600183968e-05,0.10092452500000013,0.1035119875000001,0.10589560000000003,0.10789452500000012,0.10941990000000001,0.11016301000000003,0.11194708650000008,0.09387070000000008,0.11208269999999998
da5_gap1_joint_amp0p5,5.0,read_select,20,rf,levels,ack_clrt,ack_ms_mean,READ,SELECT,False,140,0.10362760750000007,0.0041478432700446325,1.7204603792854548e-05,0.09881587500000001,0.10130356250000003,0.10408532500000012,0.10630572500000011,0.10835364000000015,0.10893027999999998,0.110294774,0.08748224999999996,0.11190985000000012
da5_gap1_joint_amp0p5,5.0,read_select,20,rf,levels,ack_clrt,ack_ms_mean,SELECT,READ,False,123,0.10558284227642283,0.0031975680897104713,1.0224441688334672e-05,0.10094383000000016,0.103943025,0.10560880000000017,0.1079134750000001,0.10983667999999999,0.11063593500000023,0.11221939500000003,0.09849380000000023,0.11347870000000007
da5_gap1_joint_amp0p5,5.0,read_select,20,rf,levels,ack_clrt,ack_ms_mean,SELECT,SELECT,True,177,0.10363601751412435,0.004303433551634943,1.8519540333337342e-05,0.09917042000000001,0.1016432,0.10414195000000018,0.1062259500000002,0.10834288000000006,0.10953631000000003,0.1121669260000001,0.08928300000000004,0.11511350000000023
da5_gap1_joint_amp0p5,5.0,read_select,20,rf,levels,ack_clrt,ack_ms_std,READ,READ,True,160,0.010998530162518113,0.0056485494840316595,3.1906111273554325e-05,0.005072853940639182,0.00666922186061968,0.008404258028049214,0.016193781125567405,0.017736083227639383,0.020750854650658533,0.02508166996758016,0.0023869164019714143,0.02746497954140868
da5_gap1_joint_amp0p5,5.0,read_select,20,rf,levels,ack_clrt,ack_ms_std,READ,SELECT,False,140,0.015632558506432203,0.009626554018479635,9.267054227070643e-05,0.00856027684994321,0.00931333309195945,0.013676184144927463,0.017486922271024684,0.02262007719068642,0.040395391896246746,0.056220902704881524,0.0056621655918914614,0.05808286803180439
da5_gap1_joint_amp0p5,5.0,read_select,20,rf,levels,ack_clrt,ack_ms_std,SELECT,READ,False,123,0.011327835663455212,0.006004828053311892,3.605795994984148e-05,0.005670230276626058,0.006728722286882281,0.008262284120629246,0.016340886168124805,0.021250258394597668,0.02187661903446647,0.02519254223766848,0.003683789755130012,0.026558314662785024
da5_gap1_joint_amp0p5,5.0,read_select,20,rf,levels,ack_clrt,ack_ms_std,SELECT,SELECT,True,177,0.016530464715364266,0.010085552776769102,0.00010171837481299492,0.00885560761994548,0.009677124563112776,0.013567509524964423,0.01971867611802316,0.026595181064333645,0.03649022513662563,0.055077574342379525,0.004792596555887069,0.06015745502977997
da5_gap1_joint_amp0p5,5.0,read_select,20,rf,levels,ack_clrt,ack_ms_min,READ,READ,True,160,0.07043630000000006,0.02418264928874623,0.0005848005266224984,0.03779489999999948,0.040415500000000604,0.0824170000000004,0.08831074999999955,0.09612920000000037,0.1000675999999995,0.10511047999999987,0.035810999999999815,0.10772899999999996
da5_gap1_joint_amp0p5,5.0,read_select,20,rf,levels,ack_clrt,ack_ms_min,READ,SELECT,False,140,0.05232527142857146,0.047596476973442825,0.002265424620283473,0.03589080000000022,0.03901899999999969,0.06964649999999972,0.08230574999999951,0.08437680000000017,0.08707145000000047,0.09380311999999984,-0.1581140000000003,0.10118899999999975
da5_gap1_joint_amp0p5,5.0,read_select,20,rf,levels,ack_clrt,ack_ms_min,SELECT,READ,False,123,0.0709103252032521,0.024328635164835574,0.000591882488983674,0.03797140000000034,0.03996300000000019,0.08288800000000052,0.0893934999999999,0.09600360000000023,0.09818050000000039,0.10432806000000014,0.03617299999999979,0.10559300000000071
da5_gap1_joint_amp0p5,5.0,read_select,20,rf,levels,ack_clrt,ack_ms_min,SELECT,SELECT,True,177,0.052036757062147,0.047597707748571035,0.0022655417829183793,0.014144200000000141,0.037808000000000064,0.07168699999999983,0.08256500000000067,0.08607699999999988,0.08921159999999996,0.09962768000000054,-0.16636499999999987,0.10203000000000007
da5_gap1_joint_amp0p5,5.0,read_select,20,rf,levels,ack_clrt,ack_ms_max,READ,READ,True,160,0.1201161250000001,0.0069093117789960955,4.7738589259374194e-05,0.11410240000000069,0.11583300000000074,0.11838300000000013,0.12208475000000019,0.12811580000000006,0.1314342499999997,0.14815884999999987,0.11192699999999967,0.1623380000000001
da5_gap1_joint_amp0p5,5.0,read_select,20,rf,levels,ack_clrt,ack_ms_max,READ,SELECT,False,140,0.12280632142857148,0.010593905563555883,0.0001122308350895403,0.11321540000000008,0.11566025000000035,0.11924500000000027,0.1269807500000002,0.13590730000000004,0.14101669999999994,0.16152137000000008,0.1080880000000004,0.16452500000000025
da5_gap1_joint_amp0p5,5.0,read_select,20,rf,levels,ack_clrt,ack_ms_max,SELECT,READ,False,123,0.12013558536585371,0.0061292961570578695,3.756827138092437e-05,0.1138752000000002,0.11568100000000037,0.11906600000000012,0.12266800000000044,0.1275553999999996,0.1336357000000002,0.1400943000000003,0.11011499999999952,0.14084300000000027
da5_gap1_joint_amp0p5,5.0,read_select,20,rf,levels,ack_clrt,ack_ms_max,SELECT,SELECT,True,177,0.1273345028248588,0.020665044187940698,0.0004270440512895417,0.11377759999999988,0.11587499999999995,0.12066399999999966,0.13095300000000076,0.14776100000000003,0.16369960000000053,0.23053584000000027,0.10953800000000058,0.24358500000000038
da5_gap1_joint_amp0p5,5.0,read_select,20,rf,levels,ack_clrt,clrt_ms_mean,READ,READ,True,160,0.401093961875,0.5218034033828112,0.2722787917818848,0.012889679999999988,0.05222639999999999,0.161327775,0.4937119875,1.2153498249999997,1.5947070024999994,2.027461283,-0.009619400000000037,2.7009166999999996
da5_gap1_joint_amp0p5,5.0,read_select,20,rf,levels,ack_clrt,clrt_ms_mean,READ,SELECT,False,140,0.3204075728571429,0.2212763967871159,0.04896324377508915,0.02372822000000003,0.17085696250000001,0.28291865000000005,0.4696186374999999,0.6102356700000001,0.7285173224999998,0.9101421419999994,-0.022346900000000017,0.9503729999999999
da5_gap1_joint_amp0p5,5.0,read_select,20,rf,levels,ack_clrt,clrt_ms_mean,SELECT,READ,False,123,0.17542452926829263,0.21794609099782802,0.047500498581233536,0.003711070000000009,0.04083042499999999,0.09374285000000002,0.256992775,0.4614548599999998,0.5547885750000001,1.1017125110000003,-0.017651650000000012,1.2870498
da5_gap1_joint_amp0p5,5.0,read_select,20,rf,levels,ack_clrt,clrt_ms_mean,SELECT,SELECT,True,177,0.3699291076271186,0.2805300686840837,0.0786971194358967,0.007275049999999999,0.15348745000000003,0.32344285,0.5661135499999999,0.7627448800000001,0.8331823999999997,1.0026112240000011,-0.013866000000000007,1.31638195
da5_gap1_joint_amp0p5,5.0,read_select,20,rf,levels,ack_clrt,clrt_ms_std,READ,READ,True,160,1.3622211256918002,1.7770489815979873,3.157903082998444,0.06938565329489374,0.21459850605832456,0.5917038202567763,1.6899250564001527,3.989847226716067,4.7520382788340045,7.19931965869173,0.0078668234839419,11.41676784710317
da5_gap1_joint_amp0p5,5.0,read_select,20,rf,levels,ack_clrt,clrt_ms_std,READ,SELECT,False,140,1.1442937632481964,0.7259904619593057,0.5270621508558861,0.08561722477976214,0.6807849884176478,1.0814626707745072,1.8410866121537919,2.0909130751752825,2.2393285324446044,2.664108325953032,0.011372644761004342,3.546082755035532
da5_gap1_joint_amp0p5,5.0,read_select,20,rf,levels,ack_clrt,clrt_ms_std,SELECT,READ,False,123,0.6097429226727583,0.7160283174224303,0.5126965513507966,0.045680333756087314,0.132933537633713,0.301219849807458,0.935153947352372,1.5312109657812927,1.6504269203253004,3.6219794379371426,0.018810079876159486,4.2072103693105785
da5_gap1_joint_amp0p5,5.0,read_select,20,rf,levels,ack_clrt,clrt_ms_std,SELECT,SELECT,True,177,1.2426133062498774,0.8222385952853377,0.6760763075768054,0.055653871959328846,0.5908128828486457,1.170388803046509,1.95639782234879,2.230668767736742,2.386376517805241,3.322868879924806,0.023107898857317163,3.4292462701747497
da5_gap1_joint_amp0p5,5.0,read_select,20,rf,levels,ack_clrt,clrt_ms_min,READ,READ,True,160,-0.06562376875,0.03261928503895775,0.001064017756452773,-0.09371830000000014,-0.07874450000000002,-0.07316449999999991,-0.04763074999999989,-0.016692600000000064,-0.012082300000000042,-0.0077882599999999835,-0.16577600000000015,-0.0073190000000000754
da5_gap1_joint_amp0p5,5.0,read_select,20,rf,levels,ack_clrt,clrt_ms_min,READ,SELECT,False,140,-0.06926734999999999,0.03449317543844724,0.0011897791518274998,-0.11353919999999998,-0.0798245,-0.07369750000000003,-0.05028475000000002,-0.018749499999999943,-0.013248250000000012,-0.007477690000000036,-0.16439000000000004,-0.005323000000000022
da5_gap1_joint_amp0p5,5.0,read_select,20,rf,levels,ack_clrt,clrt_ms_min,SELECT,READ,False,123,-0.0640608943089431,0.031003194216188683,0.0009611980516067155,-0.0927758,-0.07789050000000003,-0.07114900000000002,-0.043786500000000006,-0.0199688000000001,-0.012806200000000002,-0.010152780000000113,-0.16192600000000001,-0.009929000000000021
da5_gap1_joint_amp0p5,5.0,read_select,20,rf,levels,ack_clrt,clrt_ms_min,SELECT,SELECT,True,177,-0.0825607570621469,0.036733003959981705,0.0013493135799240317,-0.13429799999999992,-0.110622,-0.07635100000000006,-0.06546600000000002,-0.03416200000000011,-0.0221998000000001,-0.011288120000000013,-0.16549400000000003,-0.008442000000000005
da5_gap1_joint_amp0p5,5.0,read_select,20,rf,levels,ack_clrt,clrt_ms_max,READ,READ,True,160,5.9452465,7.936244109981199,62.983970573211266,0.3114047000000001,0.9230635,2.7017245,7.35738675,17.876597999999998,21.174710799999996,33.079788779999966,0.008325999999999834,52.443976
da5_gap1_joint_amp0p5,5.0,read_select,20,rf,levels,ack_clrt,clrt_ms_max,READ,SELECT,False,140,5.0263965142857145,3.202558301749668,10.25637967610572,0.37555250000000007,2.78254375,4.8164015000000004,8.2193085,9.2998891,9.741023449999998,10.609792229999988,0.016251999999999933,16.332922
da5_gap1_joint_amp0p5,5.0,read_select,20,rf,levels,ack_clrt,clrt_ms_max,SELECT,READ,False,123,2.5823885040650407,3.091901881625518,9.559857245599419,0.15329000000000004,0.54924,1.2332930000000002,4.0399910000000006,6.305540199999999,7.311044499999998,15.700694020000007,0.01834199999999997,19.025882
da5_gap1_joint_amp0p5,5.0,read_select,20,rf,levels,ack_clrt,clrt_ms_max,SELECT,SELECT,True,177,5.289931813559322,3.4711271665598256,12.048723806429642,0.2161594000000001,2.6845040000000004,5.135445,8.306749,9.2976534,10.055684799999998,13.708522800000019,0.0007909999999999862,15.737171999999997
da10_gap1_joint_amp0p5,10.0,three_class,1,rf,raw,ack_clrt,ack_ms,READ,SELECT,False,2093,10.1344434180602,0.36851196191566205,0.13580106607493037,9.607507,9.929893,10.232754,10.537581,10.6091206,10.6173832,10.63834332,9.536203,10.651534
da10_gap1_joint_amp0p5,10.0,three_class,1,rf,raw,ack_clrt,ack_ms,READ,READ,True,2309,10.084971584668688,0.373343595038522,0.13938543995628788,9.607362,9.61591,9.949775,10.308634,10.608957,10.6135178,10.64065072,9.536347,10.674136
da10_gap1_joint_amp0p5,10.0,three_class,1,rf,raw,ack_clrt,ack_ms,READ,OPERATE,False,1598,10.06500623341677,0.37503070125548743,0.14064802688418268,9.6002413,9.61010525,9.9442605,10.27470775,10.5947452,10.6025952,10.60579175,9.535894,10.617424
da10_gap1_joint_amp0p5,10.0,three_class,1,rf,raw,ack_clrt,ack_ms,SELECT,READ,False,2156,10.097176878014842,0.3624764666067582,0.13138918884372028,9.607629,9.920395,9.952549999999999,10.2942485,10.60869,10.6137835,10.63971235,9.535597,10.658782
da10_gap1_joint_amp0p5,10.0,three_class,1,rf,raw,ack_clrt,ack_ms,OPERATE,OPERATE,True,3681,10.098885834555828,0.36861145249319244,0.13587440290914105,9.603345,9.869812,10.247026,10.277591,10.594626,10.602672,10.6061072,9.529846,10.620133
da10_gap1_joint_amp0p5,10.0,three_class,1,rf,raw,ack_clrt,ack_ms,SELECT,OPERATE,False,1625,10.054127596307692,0.37184310463944303,0.1382672944678998,9.599556,9.608418,9.943633,10.272142,10.5963852,10.603313,10.60734848,9.52976,10.61239
da10_gap1_joint_amp0p5,10.0,three_class,1,rf,raw,ack_clrt,ack_ms,OPERATE,SELECT,False,1191,10.117037887489504,0.3628484906261959,0.13165902714970856,9.606734,9.924116999999999,9.949049,10.5375905,10.606887,10.611844,10.6233887,9.535521,10.648843
da10_gap1_joint_amp0p5,10.0,three_class,1,rf,raw,ack_clrt,ack_ms,SELECT,SELECT,True,2219,10.134627972059487,0.3638489018066231,0.13238602334588565,9.6084404,9.933292999999999,10.248886,10.537293,10.608619599999999,10.6169415,10.63678482,9.538523,10.668756
da10_gap1_joint_amp0p5,10.0,three_class,1,rf,raw,ack_clrt,ack_ms,OPERATE,READ,False,1128,10.099213534574467,0.37900871999007923,0.1436476098285183,9.607221200000001,9.61504025,10.256450000000001,10.31653225,10.6095559,10.61236495,10.622739900000001,9.528624,10.662254
da10_gap1_joint_amp0p5,10.0,three_class,1,rf,raw,ack_clrt,clrt_ms,READ,SELECT,False,2093,0.9263885891065456,0.4389987385718978,0.19271989246771745,0.4321568,0.497674,0.828656,1.207517,1.4976205999999999,1.5054218000000001,1.572381,0.412081,7.500867
da10_gap1_joint_amp0p5,10.0,three_class,1,rf,raw,ack_clrt,clrt_ms,READ,READ,True,2309,1.3221816851450845,3.2968182138346216,10.869010335071705,0.4325424,0.759769,1.097687,1.425166,1.4963292000000001,1.5450743999999998,12.037399200000046,0.380995,78.145047
da10_gap1_joint_amp0p5,10.0,three_class,1,rf,raw,ack_clrt,clrt_ms,READ,OPERATE,False,1598,1.374667664580726,3.4558400068794968,11.942830153148881,0.4953683,0.8286024999999999,1.1626375,1.4993915,1.5190487,1.5363825499999995,5.52066230999998,0.427957,89.387093
da10_gap1_joint_amp0p5,10.0,three_class,1,rf,raw,ack_clrt,clrt_ms,SELECT,READ,False,2156,1.0852311887755102,0.7456937216771469,0.5560591265487143,0.43151700000000004,0.761323,1.0989365,1.42565075,1.4969830000000002,1.51118025,4.991785749999976,0.388564,12.454177
da10_gap1_joint_amp0p5,10.0,three_class,1,rf,raw,ack_clrt,clrt_ms,OPERATE,OPERATE,True,3681,1.1289913523499049,0.8343935267537329,0.6962125574885324,0.493193,0.811132,1.151471,1.496368,1.520217,1.526896,4.987210799999987,0.422036,17.468244
da10_gap1_joint_amp0p5,10.0,three_class,1,rf,raw,ack_clrt,clrt_ms,SELECT,OPERATE,False,1625,1.145809184,0.6570201883613351,0.4316755279143643,0.4972682,0.826561,1.162723,1.497763,1.5131456,1.5237458,4.75893592,0.425664,6.656133
da10_gap1_joint_amp0p5,10.0,three_class,1,rf,raw,ack_clrt,clrt_ms,OPERATE,SELECT,False,1191,0.9181099093198993,0.4184058961183001,0.1750634939065577,0.439878,0.4965125,0.828123,1.1823445000000001,1.500485,1.506278,1.5698816,0.417341,3.392215
da10_gap1_joint_amp0p5,10.0,three_class,1,rf,raw,ack_clrt,clrt_ms,SELECT,SELECT,True,2219,0.9341103731410544,0.4094390369702561,0.1676403249951307,0.4350628,0.5006165,0.830516,1.2249305000000001,1.4975758,1.5049343,1.57066922,0.403564,5.29324
da10_gap1_joint_amp0p5,10.0,three_class,1,rf,raw,ack_clrt,clrt_ms,OPERATE,READ,False,1128,1.1556050177304966,0.8890874057761996,0.7904764151098526,0.4739972,0.82356875,1.151935,1.4211417499999999,1.4992675,1.5323368499999983,6.119462370000001,0.403253,11.503852
da10_gap1_joint_amp0p5,10.0,three_class,5,rf,levels,ack_clrt,ack_ms_mean,OPERATE,OPERATE,True,928,0.09651170732758589,0.0073029496732447945,5.333307392994625e-05,0.08737766000000004,0.093008299999999,0.09750039999999932,0.10151135,0.10440389999999973,0.10601382999999981,0.10822351399999974,0.048596599999999414,0.1114779999999996
da10_gap1_joint_amp0p5,10.0,three_class,5,rf,levels,ack_clrt,ack_ms_mean,OPERATE,SELECT,False,124,0.09744956935483838,0.009569631673771027,9.157785037164168e-05,0.08690429999999981,0.09081294999999995,0.09916939999999991,0.10555634999999947,0.1078089999999996,0.10959206999999951,0.11385292999999998,0.06896999999999984,0.11536719999999931
da10_gap1_joint_amp0p5,10.0,three_class,5,rf,levels,ack_clrt,ack_ms_mean,OPERATE,READ,False,148,0.10338833108108073,0.0071122284019473365,5.058379284146637e-05,0.09007287999999936,0.1009116499999994,0.10485219999999967,0.10857204999999999,0.11048782,0.11155734999999954,0.11284576999999987,0.08014639999999992,0.1133597999999992
da10_gap1_joint_amp0p5,10.0,three_class,5,rf,levels,ack_clrt,ack_ms_mean,READ,SELECT,False,432,0.09896112453703668,0.010507288678956003,0.00011040311538291697,0.08514916000000003,0.0925612499999997,0.0998539999999993,0.10737314999999992,0.11144852000000029,0.11385350999999957,0.11720262999999946,0.06507019999999955,0.12123279999999959
da10_gap1_joint_amp0p5,10.0,three_class,5,rf,levels,ack_clrt,ack_ms_mean,READ,OPERATE,False,236,0.09743730593220307,0.01229474914433673,0.00015116085652216877,0.08578929999999971,0.09577994999999967,0.1005176999999998,0.10404249999999937,0.10686539999999915,0.10794304999999955,0.10975104999999982,0.02456159999999983,0.1131777999999997
da10_gap1_joint_amp0p5,10.0,three_class,5,rf,levels,ack_clrt,ack_ms_mean,READ,READ,True,532,0.10294639323308237,0.009510708162225516,9.045356974702306e-05,0.08996215999999922,0.09738855000000024,0.10531559999999979,0.10961154999999961,0.11231951999999962,0.11484630999999978,0.11996970799999998,0.06638039999999953,0.12316139999999969
da10_gap1_joint_amp0p5,10.0,three_class,5,rf,levels,ack_clrt,ack_ms_mean,SELECT,READ,False,469,0.10314086950959456,0.009417194556474147,8.86835533144863e-05,0.09133095999999959,0.0974457999999995,0.10548959999999959,0.1100239999999996,0.11205159999999992,0.11372255999999964,0.11850727999999983,0.06629719999999999,0.1231778000000002
da10_gap1_joint_amp0p5,10.0,three_class,5,rf,levels,ack_clrt,ack_ms_mean,SELECT,SELECT,True,524,0.09906905610686993,0.01031735745607715,0.00010644786487647075,0.08586865999999979,0.09207199999999967,0.0990822999999997,0.10764804999999962,0.11202537999999934,0.11441030999999931,0.1171377759999996,0.06341019999999986,0.122044
da10_gap1_joint_amp0p5,10.0,three_class,5,rf,levels,ack_clrt,ack_ms_mean,SELECT,OPERATE,False,207,0.09682924154589345,0.009972954761532283,9.945982667556944e-05,0.08477343999999917,0.09123349999999988,0.0993332000000006,0.10379899999999953,0.10665199999999991,0.10788205999999992,0.11007290400000015,0.06045259999999928,0.11340159999999991
da10_gap1_joint_amp0p5,10.0,three_class,5,rf,levels,ack_clrt,ack_ms_std,OPERATE,OPERATE,True,928,0.012257751564225894,0.006222349364316771,3.8717631611613314e-05,0.00696069913979281,0.009118993813035043,0.01082843053215513,0.012891450754762758,0.02324685199974061,0.02648020059641259,0.03136111442762822,0.0005779685112526218,0.04431044963707806
da10_gap1_joint_amp0p5,10.0,three_class,5,rf,levels,ack_clrt,ack_ms_std,OPERATE,SELECT,False,124,0.017100519446232424,0.010225025427399326,0.00010455114499096277,0.005631111444135677,0.009016297040839921,0.012173806169427365,0.027228278052566654,0.03010396001265122,0.032572059521463366,0.03440221751133994,0.0012835182897023057,0.03744265357797211
da10_gap1_joint_amp0p5,10.0,three_class,5,rf,levels,ack_clrt,ack_ms_std,OPERATE,READ,False,148,0.012270716580953573,0.008502221521916913,7.228777080774715e-05,0.0031896809669942727,0.005446481354537798,0.010174801642137183,0.017908223963389445,0.026496870559119,0.02777025275302917,0.03118874952687741,0.0016627025470602234,0.03629310797052231
da10_gap1_joint_amp0p5,10.0,three_class,5,rf,levels,ack_clrt,ack_ms_std,READ,SELECT,False,432,0.019534826963957422,0.01113619549198249,0.00012401485003565112,0.005270857447929484,0.008932308183854012,0.020831343597230247,0.028699101555543373,0.03347481620815433,0.03527302110110413,0.03816462191567638,0.0011055016236983229,0.04358867005541662
da10_gap1_joint_amp0p5,10.0,three_class,5,rf,levels,ack_clrt,ack_ms_std,READ,OPERATE,False,236,0.015480196235070517,0.01497888644868814,0.00022436703924269324,0.006059061602031607,0.008931128010783378,0.011393092174248168,0.016804869297663276,0.026963614755142654,0.030809376454222836,0.09932553479019862,0.00040983538158624686,0.10944960247821804
da10_gap1_joint_amp0p5,10.0,three_class,5,rf,levels,ack_clrt,ack_ms_std,READ,READ,True,532,0.015209859321387499,0.011037122476319938,0.00012181807255728676,0.0029400308899826554,0.004964586994497686,0.011110233731100254,0.026692825955369127,0.029653444190830554,0.03424116431530931,0.037158193180772875,0.000842682526221992,0.0425092693214077
da10_gap1_joint_amp0p5,10.0,three_class,5,rf,levels,ack_clrt,ack_ms_std,SELECT,READ,False,469,0.014458030344053066,0.010347147173907447,0.00010706345463850088,0.0033362662110386658,0.005575460181904388,0.010330991530342348,0.026063983092381997,0.02913075128095704,0.031752367228023895,0.0355023365337541,0.0014018716631703522,0.04027906098210406
da10_gap1_joint_amp0p5,10.0,three_class,5,rf,levels,ack_clrt,ack_ms_std,SELECT,SELECT,True,524,0.019484224473156144,0.011088694683626582,0.00012295914978668844,0.004351816670633698,0.009173387686411238,0.023886565913436915,0.028723643070613668,0.03260591724788892,0.03448875911846304,0.03831552305917176,0.0005939389194184149,0.04213609109540253
da10_gap1_joint_amp0p5,10.0,three_class,5,rf,levels,ack_clrt,ack_ms_std,SELECT,OPERATE,False,207,0.015378048988643617,0.008489678776058416,7.207464572065671e-05,0.006528473247091599,0.009292505507375433,0.012668735652779194,0.02377359465598209,0.0278432397565965,0.03013732847394378,0.03588102225093424,0.0007960896934389621,0.03703069610255828
da10_gap1_joint_amp0p5,10.0,three_class,5,rf,levels,ack_clrt,ack_ms_min,OPERATE,OPERATE,True,928,0.07824014762931007,0.016659957579166575,0.0002775541865396298,0.0408818999999994,0.08052424999999941,0.08177450000000075,0.08521074999999989,0.09044649999999894,0.09639925000000095,0.1039379300000002,0.028719999999999857,0.10764299999999949
da10_gap1_joint_amp0p5,10.0,three_class,5,rf,levels,ack_clrt,ack_ms_min,OPERATE,SELECT,False,124,0.06893924193548355,0.026300505713085655,0.0006917166007640511,0.036955299999999094,0.03850050000000005,0.08110250000000008,0.08985349999999848,0.10300330000000049,0.10409104999999963,0.10624985999999975,0.035178999999999405,0.10892500000000105
da10_gap1_joint_amp0p5,10.0,three_class,5,rf,levels,ack_clrt,ack_ms_min,OPERATE,READ,False,148,0.08401048648648625,0.021563230903706716,0.00046497292700657244,0.04009000000000036,0.08119599999999938,0.08873100000000012,0.10035599999999967,0.10465309999999946,0.1054534999999996,0.10741425999999933,0.03525199999999984,0.109591
da10_gap1_joint_amp0p5,10.0,three_class,5,rf,levels,ack_clrt,ack_ms_min,READ,SELECT,False,432,0.0667958518518514,0.02823132794524782,0.0007970078775521305,0.03732909999999965,0.03844275000000019,0.0587390000000001,0.09483149999999974,0.1049151999999987,0.1059553000000002,0.10949595999999975,0.03584999999999994,0.1121389999999991
da10_gap1_joint_amp0p5,10.0,three_class,5,rf,levels,ack_clrt,ack_ms_min,READ,OPERATE,False,236,0.07196668644067758,0.03945951988048378,0.0015570537091982948,0.037744,0.07734925000000104,0.08306049999999932,0.08688974999999965,0.09578599999999948,0.09974699999999981,0.10577149999999964,-0.1666280000000011,0.10672199999999954
da10_gap1_joint_amp0p5,10.0,three_class,5,rf,levels,ack_clrt,ack_ms_min,READ,READ,True,532,0.07827281954887186,0.027658465101926953,0.0007649906917945111,0.037783099999999334,0.043429999999999414,0.08807649999999967,0.10430699999999904,0.10672779999999875,0.10762045000000046,0.1094293900000001,0.035660000000000025,0.1105249999999991
da10_gap1_joint_amp0p5,10.0,three_class,5,rf,levels,ack_clrt,ack_ms_min,SELECT,READ,False,469,0.07932125373134297,0.02701310500498321,0.0007297078420102491,0.03787319999999994,0.043669999999998765,0.08860800000000069,0.10340099999999985,0.10597620000000027,0.10706659999999991,0.10861276000000018,0.03544199999999975,0.11051500000000125
da10_gap1_joint_amp0p5,10.0,three_class,5,rf,levels,ack_clrt,ack_ms_min,SELECT,SELECT,True,524,0.06630382633587747,0.029032025279845955,0.0008428584918496147,0.03719659999999987,0.03776249999999948,0.049734999999999197,0.09640974999999985,0.10522939999999928,0.106196,0.10914138999999952,0.03197699999999948,0.11209000000000024
da10_gap1_joint_amp0p5,10.0,three_class,5,rf,levels,ack_clrt,ack_ms_min,SELECT,OPERATE,False,207,0.07203198067632818,0.02200901056472734,0.00048439654603827964,0.037225799999999865,0.04380699999999926,0.08193799999999918,0.08643800000000024,0.09133820000000022,0.09920330000000063,0.10393419999999928,0.029855999999998772,0.10561400000000098
da10_gap1_joint_amp0p5,10.0,three_class,5,rf,levels,ack_clrt,ack_ms_max,OPERATE,OPERATE,True,928,0.11060614116379273,0.005951884825750166,3.5424932978995084e-05,0.1049332999999999,0.10709549999999934,0.10997150000000033,0.11286174999999998,0.11655269999999955,0.1201451999999996,0.1308121500000002,0.08139199999999924,0.15582799999999963
da10_gap1_joint_amp0p5,10.0,three_class,5,rf,levels,ack_clrt,ack_ms_max,OPERATE,SELECT,False,124,0.11553599193548351,0.008372436275387116,7.00976891854181e-05,0.10864489999999982,0.1101012499999996,0.11298399999999909,0.11719525000000042,0.1261510999999988,0.13401894999999964,0.1446582099999993,0.10310999999999915,0.15017699999999934
da10_gap1_joint_amp0p5,10.0,three_class,5,rf,levels,ack_clrt,ack_ms_max,OPERATE,READ,False,148,0.11831733783783745,0.0112916569808134,0.000127501517372352,0.10877169999999996,0.11191924999999969,0.11492599999999964,0.1205554999999996,0.1307522999999997,0.14686370000000004,0.15908029000000037,0.10573299999999897,0.16476500000000094
da10_gap1_joint_amp0p5,10.0,three_class,5,rf,levels,ack_clrt,ack_ms_max,READ,SELECT,False,432,0.1192462407407404,0.011467389004517627,0.0001315010105809318,0.10934530000000002,0.11110749999999925,0.11458999999999975,0.12421099999999985,0.1384307,0.1424219999999999,0.15160285999999903,0.10095999999999883,0.1598569999999988
da10_gap1_joint_amp0p5,10.0,three_class,5,rf,levels,ack_clrt,ack_ms_max,READ,OPERATE,False,236,0.1130619661016946,0.007013851065572856,4.919410677003748e-05,0.10681799999999964,0.10838424999999985,0.11153449999999943,0.1142427499999994,0.12187900000000074,0.1288917499999993,0.13845364999999996,0.10002099999999992,0.1405309999999993
da10_gap1_joint_amp0p5,10.0,three_class,5,rf,levels,ack_clrt,ack_ms_max,READ,READ,True,532,0.11920640037593955,0.011603823864795108,0.00013464872828518847,0.11020009999999925,0.11248025000000039,0.11527599999999971,0.12024974999999971,0.13727650000000083,0.1484096499999997,0.16141577000000076,0.10567400000000049,0.174296
da10_gap1_joint_amp0p5,10.0,three_class,5,rf,levels,ack_clrt,ack_ms_max,SELECT,READ,False,469,0.11844861833688666,0.009711769051856264,9.431845811659312e-05,0.11011239999999844,0.11226099999999839,0.11525699999999972,0.12123699999999893,0.1320157999999999,0.14005919999999925,0.15192223999999985,0.10615899999999989,0.1689159999999994
da10_gap1_joint_amp0p5,10.0,three_class,5,rf,levels,ack_clrt,ack_ms_max,SELECT,SELECT,True,524,0.11876352290076309,0.010807209427249803,0.00011679577560443701,0.10942239999999917,0.11092175000000015,0.11418499999999909,0.12445699999999871,0.13701229999999906,0.14092209999999863,0.14689079000000033,0.10466100000000012,0.15653999999999968
da10_gap1_joint_amp0p5,10.0,three_class,5,rf,levels,ack_clrt,ack_ms_max,SELECT,OPERATE,False,207,0.1128065217391302,0.007382347311937402,5.449905183406939e-05,0.10604820000000074,0.1083829999999999,0.11109300000000033,0.11470999999999965,0.12245039999999997,0.12969210000000117,0.13868837999999958,0.09450000000000003,0.14458100000000051
da10_gap1_joint_amp0p5,10.0,three_class,5,rf,levels,ack_clrt,clrt_ms_mean,OPERATE,OPERATE,True,928,0.08714438900862068,0.28797669307782203,0.08293057575603811,-0.01137856000000001,-0.0052682999999999845,0.002387999999999996,0.01127599999999998,0.3068418200000007,0.6778108499999997,1.202560998000001,-0.03345780000000004,3.2056435999999997
da10_gap1_joint_amp0p5,10.0,three_class,5,rf,levels,ack_clrt,clrt_ms_mean,OPERATE,SELECT,False,124,0.018974690322580638,0.13303374477398547,0.017697977248589906,-0.03338534000000003,-0.027617999999999983,-0.009350100000000023,0.010277200000000004,0.019179079999999998,0.14777826999999968,0.7753125439999988,-0.05053880000000003,0.8475526
da10_gap1_joint_amp0p5,10.0,three_class,5,rf,levels,ack_clrt,clrt_ms_mean,OPERATE,READ,False,148,0.07353632567567565,0.24174432406529442,0.05844031821778609,-0.02604284000000001,-0.021904749999999952,-0.014361400000000007,0.0015100999999999754,0.31815082000000006,0.7225387400000006,0.9857008740000002,-0.044233800000000004,1.1708988
da10_gap1_joint_amp0p5,10.0,three_class,5,rf,levels,ack_clrt,clrt_ms_mean,READ,SELECT,False,432,-0.003077717129629636,0.09276449332001026,0.008605251220918228,-0.037889580000000006,-0.028850600000000032,-0.015134800000000009,-0.00252909999999999,0.011073,0.020469340000000003,0.5782490459999997,-0.064808,0.9202304000000001
da10_gap1_joint_amp0p5,10.0,three_class,5,rf,levels,ack_clrt,clrt_ms_mean,READ,OPERATE,False,236,0.19265979067796613,0.9001935873893184,0.8103484947768504,-0.016587899999999982,-0.009292699999999907,-0.001807400000000009,0.007259150000000022,0.44611990000000007,0.9910073500000001,2.74997159,-0.029261199999999998,11.683334599999998
da10_gap1_joint_amp0p5,10.0,three_class,5,rf,levels,ack_clrt,clrt_ms_mean,READ,READ,True,532,0.34132766917293234,1.6576742988826818,2.7478840811761907,-0.03518114000000005,-0.026424499999999997,-0.015789000000000008,8.220000000001003e-05,0.48845164000000046,2.0497427699999986,7.919562311999887,-0.06882879999999997,17.5845284
da10_gap1_joint_amp0p5,10.0,three_class,5,rf,levels,ack_clrt,clrt_ms_mean,SELECT,READ,False,469,0.04721452196162047,0.23033446753745118,0.05305396693576116,-0.03683324000000003,-0.026746000000000002,-0.01689160000000005,-0.004946000000000006,0.05129703999999987,0.6172881999999982,1.001821216,-0.06896800000000002,2.187047
da10_gap1_joint_amp0p5,10.0,three_class,5,rf,levels,ack_clrt,clrt_ms_mean,SELECT,SELECT,True,524,0.0002359370229007573,0.1280200107559683,0.016389123153958244,-0.03864909999999996,-0.028733300000000007,-0.013055000000000016,3.919999999999202e-05,0.011539259999999997,0.018382079999999915,0.6895832719999958,-0.07151159999999997,2.0413447999999996
da10_gap1_joint_amp0p5,10.0,three_class,5,rf,levels,ack_clrt,clrt_ms_mean,SELECT,OPERATE,False,207,0.08007301642512077,0.2242134009445671,0.050271649163129206,-0.014149919999999991,-0.009302400000000079,-0.0010323999999999778,0.011590500000000031,0.3527435200000001,0.6755031199999995,1.019954056,-0.04361560000000002,1.1166026
da10_gap1_joint_amp0p5,10.0,three_class,5,rf,levels,ack_clrt,clrt_ms_std,OPERATE,OPERATE,True,928,0.19077924512203098,0.5697348828337739,0.32459783671761416,0.009452996418673311,0.012699355590480264,0.01977077423620619,0.032396070791754286,0.6065072389560431,1.3584269283906871,2.415418430081269,0.0017443514554125882,6.381350867095856
da10_gap1_joint_amp0p5,10.0,three_class,5,rf,levels,ack_clrt,clrt_ms_std,OPERATE,SELECT,False,124,0.0898470965275911,0.26152486773697153,0.06839525644484044,0.02280015445983629,0.027169334164406738,0.03152205861592987,0.037997594793747744,0.04687430282682243,0.3322793299223537,1.5833216210895396,0.001644238741789122,1.7415364361988641
da10_gap1_joint_amp0p5,10.0,three_class,5,rf,levels,ack_clrt,clrt_ms_std,OPERATE,READ,False,148,0.20199115891766234,0.4723658254898115,0.22312947309067105,0.018706196306750543,0.027437411849888148,0.031535208999757675,0.041675357299482775,0.6431101189415714,1.4855093157529908,2.0059993381123955,0.009286313684126777,2.3631101410552495
da10_gap1_joint_amp0p5,10.0,three_class,5,rf,levels,ack_clrt,clrt_ms_std,READ,SELECT,False,432,0.06130543543752503,0.18003983749295568,0.03241434308448989,0.023638434365696098,0.02809174694002227,0.036804372262329,0.04575890367331985,0.054742125490957104,0.06000459086319007,1.2152638957605824,0.0029602010337137453,1.8932267318081686
da10_gap1_joint_amp0p5,10.0,three_class,5,rf,levels,ack_clrt,clrt_ms_std,READ,OPERATE,False,236,0.40104711288169237,1.7650039252210532,3.115238856045725,0.008514834873715436,0.013107824452864052,0.024098313756912737,0.039594492960443685,0.8978673780238706,1.9694056413671677,5.372415396048631,0.002464912120137308,23.27836892172381
da10_gap1_joint_amp0p5,10.0,three_class,5,rf,levels,ack_clrt,clrt_ms_std,READ,READ,True,532,0.7422666588300896,3.296643251790069,10.867856729572999,0.023845100441921323,0.02949251719226093,0.035029924308805145,0.051797957396391744,1.0065747810905408,4.0958914578961405,15.87605701626007,0.002903344526576206,35.151342576637056
da10_gap1_joint_amp0p5,10.0,three_class,5,rf,levels,ack_clrt,clrt_ms_std,SELECT,READ,False,469,0.16270226659753165,0.45134248410323613,0.20371003795647996,0.02276204521276669,0.02908513041676105,0.033171978527667005,0.04791209961752877,0.17674224038695155,1.2762715908341287,2.0189290893850376,0.007355981865121743,4.383813950463181
da10_gap1_joint_amp0p5,10.0,three_class,5,rf,levels,ack_clrt,clrt_ms_std,SELECT,SELECT,True,524,0.06432238081528464,0.25221688839049317,0.0636133587893825,0.023924368024964345,0.02807151241772655,0.033439304326070944,0.043641070298653405,0.05116538849573186,0.0548403966183485,1.4291886050291918,0.0042223740241716864,4.142120700645282
da10_gap1_joint_amp0p5,10.0,three_class,5,rf,levels,ack_clrt,clrt_ms_std,SELECT,OPERATE,False,207,0.1842105654459065,0.43815875773487506,0.19198309697976895,0.008314841898483506,0.014406859650514543,0.026093722609087478,0.036587521998635464,0.7240791208705918,1.3431613787396568,2.04617365683979,0.0007124014037043956,2.2022176672644873
da10_gap1_joint_amp0p5,10.0,three_class,5,rf,levels,ack_clrt,clrt_ms_min,OPERATE,OPERATE,True,928,-0.02898186314655174,0.023922967009786106,0.0005723083505513143,-0.06863170000000003,-0.048758500000000024,-0.02321200000000001,-0.01002950000000008,-0.003157099999999998,-0.000653249999999895,0.004169530000000012,-0.1536719999999998,0.00965499999999997
da10_gap1_joint_amp0p5,10.0,three_class,5,rf,levels,ack_clrt,clrt_ms_min,OPERATE,SELECT,False,124,-0.053013750000000005,0.028252586539775432,0.0007982086461875,-0.0793147,-0.07462400000000004,-0.06513899999999995,-0.02639625000000001,-0.010173900000000001,-0.007548700000000054,-0.0050845100000000325,-0.149119,0.0014640000000001319
da10_gap1_joint_amp0p5,10.0,three_class,5,rf,levels,ack_clrt,clrt_ms_min,OPERATE,READ,False,148,-0.05958201351351353,0.023037456898520044,0.0005307244203511688,-0.0784627,-0.07465575000000003,-0.06853550000000005,-0.04942400000000001,-0.023006600000000006,-0.01581855000000011,-0.00419950000000002,-0.1198490000000001,-0.00174300000000005
da10_gap1_joint_amp0p5,10.0,three_class,5,rf,levels,ack_clrt,clrt_ms_min,READ,SELECT,False,432,-0.06423220833333335,0.022551066500158264,0.0005085506002945603,-0.08003620000000003,-0.07607600000000006,-0.0721385000000001,-0.0639555,-0.023526199999999997,-0.00940200000000004,-0.0036578599999999707,-0.1637360000000001,5.000000000032756e-06
da10_gap1_joint_amp0p5,10.0,three_class,5,rf,levels,ack_clrt,clrt_ms_min,READ,OPERATE,False,236,-0.034874707627118647,0.024991257480589665,0.0006245629504611288,-0.07253000000000004,-0.05625950000000006,-0.026403999999999928,-0.01393750000000002,-0.005321999999999938,-0.0020889999999999798,0.0007520999999999579,-0.08216600000000007,0.0024560000000000137
da10_gap1_joint_amp0p5,10.0,three_class,5,rf,levels,ack_clrt,clrt_ms_min,READ,READ,True,532,-0.06580249436090227,0.02068795910237153,0.00042799165182139706,-0.07958540000000003,-0.07668125000000002,-0.07205500000000004,-0.06438900000000006,-0.03246579999999988,-0.012969700000000023,-0.0038448000000001342,-0.15071199999999996,-8.099999999999774e-05
da10_gap1_joint_amp0p5,10.0,three_class,5,rf,levels,ack_clrt,clrt_ms_min,SELECT,READ,False,469,-0.06646711087420044,0.020512594822974066,0.00042076654637150245,-0.0804504,-0.07674700000000012,-0.07311300000000004,-0.065936,-0.027993200000000055,-0.020649800000000006,-0.003734920000000071,-0.15442200000000006,-0.0011879999999999669
da10_gap1_joint_amp0p5,10.0,three_class,5,rf,levels,ack_clrt,clrt_ms_min,SELECT,SELECT,True,524,-0.06196356488549621,0.022756768075413443,0.0005178704932381564,-0.07939160000000002,-0.07600275000000008,-0.07225900000000007,-0.058360000000000065,-0.01844919999999999,-0.010075000000000028,-0.004053730000000017,-0.111404,-0.001218999999999859
da10_gap1_joint_amp0p5,10.0,three_class,5,rf,levels,ack_clrt,clrt_ms_min,SELECT,OPERATE,False,207,-0.035157835748792284,0.025398228953853172,0.0006450700339923456,-0.07409460000000001,-0.05619550000000004,-0.027841999999999922,-0.012681999999999916,-0.005341200000000012,-0.003207900000000036,-0.0002297600000001473,-0.08543200000000001,0.004155000000000131
da10_gap1_joint_amp0p5,10.0,three_class,5,rf,levels,ack_clrt,clrt_ms_max,OPERATE,OPERATE,True,928,0.45599646659482757,1.4308830554805854,2.047426318461456,0.008700899999999878,0.01911025000000005,0.02456349999999996,0.03837149999999995,1.5208214000000064,3.3943998499999983,6.033126800000005,-0.005505000000000093,15.968339999999998
da10_gap1_joint_amp0p5,10.0,three_class,5,rf,levels,ack_clrt,clrt_ms_max,OPERATE,SELECT,False,124,0.18121941935483873,0.6588649530164405,0.43410302631335645,0.0006497999999999674,0.007871749999999997,0.025881500000000057,0.0673572499999999,0.07372189999999998,0.8094071499999989,3.941446749999994,-0.007063999999999959,4.330097
da10_gap1_joint_amp0p5,10.0,three_class,5,rf,levels,ack_clrt,clrt_ms_max,OPERATE,READ,False,148,0.4576618243243244,1.1931905738792443,1.4237037455942803,0.0015263999999999833,0.007294999999999954,0.02084549999999985,0.06500925000000013,1.6031434000000002,3.692796800000002,4.990091860000001,-0.006834000000000007,5.89696
da10_gap1_joint_amp0p5,10.0,three_class,5,rf,levels,ack_clrt,clrt_ms_max,READ,SELECT,False,432,0.09763706249999998,0.4542834939663771,0.20637349289029938,-0.0012718000000000007,0.0042859999999999565,0.04112450000000001,0.06747700000000001,0.07277559999999998,0.07916124999999999,3.0076366799999987,-0.054194000000000075,4.706146
da10_gap1_joint_amp0p5,10.0,three_class,5,rf,levels,ack_clrt,clrt_ms_max,READ,OPERATE,False,236,0.9797558432203389,4.426946914110435,19.597858980351905,0.004365999999999953,0.012905749999999883,0.024287500000000045,0.06075374999999998,2.2414810000000003,4.929675,13.436719300000004,-0.007697000000000065,58.239959
da10_gap1_joint_amp0p5,10.0,three_class,5,rf,levels,ack_clrt,clrt_ms_max,READ,READ,True,532,1.8049813515037594,8.253718550841334,68.12386991650239,-0.0003965000000000218,0.004057249999999943,0.02378050000000001,0.07093674999999998,2.499093000000004,10.241123749999993,39.67160719999943,-0.0544659999999999,87.88718899999999
da10_gap1_joint_amp0p5,10.0,three_class,5,rf,levels,ack_clrt,clrt_ms_max,SELECT,READ,False,469,0.3500874093816631,1.138725356776188,1.2966954381650566,-0.0006438000000000275,0.003498999999999919,0.016519000000000172,0.06846599999999992,0.3990235999999998,3.168621599999991,5.0453994,-0.055844000000000005,10.954273
da10_gap1_joint_amp0p5,10.0,three_class,5,rf,levels,ack_clrt,clrt_ms_max,SELECT,SELECT,True,524,0.10786233587786259,0.6338176950908792,0.4017248706103146,-0.0024979000000000078,0.0026622499999999494,0.027079499999999923,0.06732725000000012,0.07169400000000008,0.0747014,3.5474832399999805,-0.05852199999999996,10.325413999999999
da10_gap1_joint_amp0p5,10.0,three_class,5,rf,levels,ack_clrt,clrt_ms_max,SELECT,OPERATE,False,207,0.43550257487922706,1.1046872999632298,1.220334030700051,0.006790800000000054,0.013579499999999967,0.023998999999999993,0.06524450000000007,1.8149828000000001,3.3616227999999975,5.1308444999999985,-0.0025040000000000062,5.520612
da10_gap1_joint_amp0p5,10.0,three_class,20,rf,levels,ack_clrt,ack_ms_mean,OPERATE,OPERATE,True,270,0.09720839833333302,0.004301591399510186,1.850368856834e-05,0.09264196999999975,0.09474583749999965,0.09768649999999965,0.10022041249999977,0.10205733999999986,0.10295547999999967,0.10461788549999979,0.0729013499999998,0.10621874999999976
da10_gap1_joint_amp0p5,10.0,three_class,20,rf,levels,ack_clrt,ack_ms_mean,READ,SELECT,False,134,0.09961794141791012,0.005510315592241694,3.0363577926101934e-05,0.09268701499999969,0.09590641249999962,0.09967457499999983,0.10435204999999964,0.10632640499999978,0.1070331699999998,0.11042062449999968,0.08606419999999977,0.11400809999999968
da10_gap1_joint_amp0p5,10.0,three_class,20,rf,levels,ack_clrt,ack_ms_mean,READ,READ,True,139,0.10218280251798527,0.004488379502724734,2.014555056047953e-05,0.09592047999999971,0.09909909999999962,0.10243024999999947,0.10531367499999966,0.10782258999999986,0.10895940999999919,0.11067149999999971,0.08909434999999961,0.11201529999999993
da10_gap1_joint_amp0p5,10.0,three_class,20,rf,levels,ack_clrt,ack_ms_mean,SELECT,READ,False,99,0.10187839999999969,0.004579593202171324,2.0972673897373802e-05,0.0964477099999997,0.09949199999999978,0.10198944999999959,0.10493597499999993,0.1080631399999999,0.1094569849999997,0.1104546809999995,0.0877615999999998,0.11059339999999969
da10_gap1_joint_amp0p5,10.0,three_class,20,rf,levels,ack_clrt,ack_ms_mean,SELECT,OPERATE,False,21,0.09771859047619018,0.004491789665458446,2.0176174398719297e-05,0.09218274999999965,0.09502119999999961,0.0985849499999997,0.10085979999999939,0.1020431999999997,0.10241249999999961,0.10556625999999991,0.08734714999999982,0.10635469999999998
da10_gap1_joint_amp0p5,10.0,three_class,20,rf,levels,ack_clrt,ack_ms_mean,READ,OPERATE,False,27,0.09541700370370333,0.0073015260076858155,5.331228204091236e-05,0.08599375999999953,0.08847724999999965,0.09764449999999965,0.1014328999999996,0.10223218999999961,0.10346800999999986,0.10444862999999976,0.07907014999999955,0.10461684999999968
da10_gap1_joint_amp0p5,10.0,three_class,20,rf,levels,ack_clrt,ack_ms_mean,SELECT,SELECT,True,180,0.0996898586111108,0.0048977374451935375,2.3987832082050918e-05,0.09329960999999948,0.09660626249999951,0.10012337499999982,0.10269927499999983,0.10594259999999968,0.10723208499999981,0.11038701649999969,0.08352304999999971,0.11092489999999966
da10_gap1_joint_amp0p5,10.0,three_class,20,rf,levels,ack_clrt,ack_ms_mean,OPERATE,SELECT,False,14,0.0975392142857139,0.0040486904126708235,1.6391894057652642e-05,0.09271690999999964,0.09459554999999972,0.09776422499999962,0.09990033749999955,0.10192284999999954,0.10380164749999955,0.10536884949999958,0.08976024999999979,0.1057606499999996
da10_gap1_joint_amp0p5,10.0,three_class,20,rf,levels,ack_clrt,ack_ms_mean,OPERATE,READ,False,16,0.10157527812499968,0.0028890304185059416,8.346496759052615e-06,0.0985847749999996,0.09934272499999952,0.10209054999999986,0.1039770624999996,0.10475849999999957,0.10503881249999947,0.10535792249999966,0.09507649999999979,0.1054376999999997
da10_gap1_joint_amp0p5,10.0,three_class,20,rf,levels,ack_clrt,ack_ms_std,OPERATE,OPERATE,True,270,0.015056012700551383,0.004966763638196823,2.4668741037714147e-05,0.009934096349233357,0.01122756103716817,0.013869049884929414,0.01769589261378633,0.02099952362945684,0.022593549254117117,0.032802697671878704,0.006970503048381668,0.035267508612425356
da10_gap1_joint_amp0p5,10.0,three_class,20,rf,levels,ack_clrt,ack_ms_std,READ,SELECT,False,134,0.022218881306354264,0.005510689590355486,3.036769976125231e-05,0.016123424513430396,0.018536876051500333,0.022647470172012574,0.02570410140907603,0.029125517744402765,0.030351350455432812,0.03252983186415604,0.004752443092505013,0.03346664156051545
da10_gap1_joint_amp0p5,10.0,three_class,20,rf,levels,ack_clrt,ack_ms_std,READ,READ,True,139,0.01912021266184789,0.006456161561175784,4.168202210400374e-05,0.00935609251491524,0.014522346373819047,0.019760733593353796,0.023348373330506857,0.027188696497132542,0.028599292752528028,0.030805507153897457,0.005319834702319102,0.03346477160877537
da10_gap1_joint_amp0p5,10.0,three_class,20,rf,levels,ack_clrt,ack_ms_std,SELECT,READ,False,99,0.019552317336203693,0.006118744125098697,3.743902966842982e-05,0.010222151982828472,0.016045518712909004,0.020686688008475267,0.023308078258911794,0.02737714639820517,0.02875987088617515,0.03103766451838353,0.003921746287051112,0.032707877189256995
da10_gap1_joint_amp0p5,10.0,three_class,20,rf,levels,ack_clrt,ack_ms_std,SELECT,OPERATE,False,21,0.021660865272538552,0.004955158189049793,2.4553592678507217e-05,0.016415382683552925,0.01802232434204864,0.02153446977632611,0.025481299014375604,0.027183686912374657,0.02891988145597278,0.029706428326418805,0.009616345522598204,0.02990306504403031
da10_gap1_joint_amp0p5,10.0,three_class,20,rf,levels,ack_clrt,ack_ms_std,READ,OPERATE,False,27,0.026505239063661104,0.01734941519209278,0.0003010022075076197,0.011152981752676058,0.015437841627016741,0.01851562534529945,0.026661623980606307,0.06018504335647976,0.061950465682187934,0.06448116054717586,0.011099917910844989,0.06528866900856552
da10_gap1_joint_amp0p5,10.0,three_class,20,rf,levels,ack_clrt,ack_ms_std,SELECT,SELECT,True,180,0.02182929492489735,0.005354886537814472,2.867480983286667e-05,0.01633505502290541,0.018758942703342565,0.02262033361568777,0.025586333580128837,0.028160784812047417,0.029683583690440336,0.03275822400396523,0.005444521309536663,0.03415191727249727
da10_gap1_joint_amp0p5,10.0,three_class,20,rf,levels,ack_clrt,ack_ms_std,OPERATE,SELECT,False,14,0.018088928682017138,0.004204135366912451,1.7674754183324093e-05,0.012546029795166218,0.014275800183139968,0.019549538876568278,0.021334129117088135,0.02183670980532298,0.022670597293820354,0.023710845116247922,0.009753967573633664,0.023970907071854817
da10_gap1_joint_amp0p5,10.0,three_class,20,rf,levels,ack_clrt,ack_ms_std,OPERATE,READ,False,16,0.01648093284173028,0.004325457377762837,1.8709581526842956e-05,0.011352016919969846,0.01305507088853458,0.017077345650885815,0.018598773532422057,0.022027851688504164,0.022856662131933426,0.024522962250498655,0.009181380807237165,0.024939537280139965
da10_gap1_joint_amp0p5,10.0,three_class,20,rf,levels,ack_clrt,ack_ms_min,OPERATE,OPERATE,True,270,0.060623825925925606,0.02139530059830714,0.00045775888769192176,0.03565750000000012,0.0374150000000002,0.07537800000000061,0.08083574999999898,0.08176439999999871,0.08297669999999994,0.08658542999999938,0.028719999999999857,0.08859299999999948
da10_gap1_joint_amp0p5,10.0,three_class,20,rf,levels,ack_clrt,ack_ms_min,READ,SELECT,False,134,0.041958425373133774,0.01238831968920909,0.0001534704647220456,0.03677349999999961,0.03722974999999984,0.037656999999999385,0.03912849999999901,0.04672269999999994,0.08181094999999966,0.08994913999999966,0.03584999999999994,0.09454200000000057
da10_gap1_joint_amp0p5,10.0,three_class,20,rf,levels,ack_clrt,ack_ms_min,READ,READ,True,139,0.05022910791366868,0.019653796378356157,0.00038627171208188563,0.03709299999999978,0.037749499999999436,0.03926499999999855,0.04917000000000016,0.0849374000000001,0.0884641000000002,0.09531280000000006,0.035660000000000025,0.09828800000000015
da10_gap1_joint_amp0p5,10.0,three_class,20,rf,levels,ack_clrt,ack_ms_min,SELECT,READ,False,99,0.047976363636363296,0.017959618614460108,0.000322547900776862,0.03660140000000069,0.03737250000000003,0.038692999999998534,0.04508249999999947,0.08314280000000025,0.08561019999999997,0.09586845999999996,0.03569299999999842,0.09941899999999926
da10_gap1_joint_amp0p5,10.0,three_class,20,rf,levels,ack_clrt,ack_ms_min,SELECT,OPERATE,False,21,0.039377333333332744,0.010312710369956648,0.00010635199517461138,0.033913999999999334,0.036559999999999704,0.037491999999998527,0.03844099999999884,0.04240400000000122,0.04511699999999941,0.07578900000000072,0.029855999999998772,0.083457000000001
da10_gap1_joint_amp0p5,10.0,three_class,20,rf,levels,ack_clrt,ack_ms_min,READ,OPERATE,False,27,0.009469333333333026,0.08272441948667533,0.0068433295794074304,-0.16401420000000044,0.03638150000000007,0.03803499999999893,0.043362999999999374,0.08099659999999922,0.08215839999999944,0.08230783999999997,-0.1666280000000011,0.08233800000000002
da10_gap1_joint_amp0p5,10.0,three_class,20,rf,levels,ack_clrt,ack_ms_min,SELECT,SELECT,True,180,0.04190761111111068,0.012718374527251297,0.00016175705061543467,0.03667069999999999,0.037114499999999495,0.03754999999999953,0.03887574999999943,0.04826009999999934,0.08188249999999994,0.09240604000000043,0.03544199999999975,0.10043899999999972
da10_gap1_joint_amp0p5,10.0,three_class,20,rf,levels,ack_clrt,ack_ms_min,OPERATE,SELECT,False,14,0.05030214285714241,0.019428075894941214,0.0003774501329795959,0.0368977000000001,0.03725574999999859,0.038574999999999804,0.07044925000000068,0.0804736999999994,0.08126479999999985,0.08238175999999987,0.036524,0.08266099999999987
da10_gap1_joint_amp0p5,10.0,three_class,20,rf,levels,ack_clrt,ack_ms_min,OPERATE,READ,False,16,0.05876368749999994,0.02036445361935449,0.0004147109712148402,0.03690049999999978,0.0406439999999999,0.046947000000000294,0.08124075000000008,0.08192100000000035,0.0821765000000001,0.08274649999999983,0.03600099999999884,0.08288899999999977
da10_gap1_joint_amp0p5,10.0,three_class,20,rf,levels,ack_clrt,ack_ms_max,OPERATE,OPERATE,True,270,0.11876784074074033,0.009219155946371982,8.499283636352588e-05,0.1113294999999999,0.11292899999999939,0.11583800000000011,0.12124149999999956,0.12963469999999902,0.13820409999999925,0.15478417999999922,0.10849999999999937,0.16476500000000094
da10_gap1_joint_amp0p5,10.0,three_class,20,rf,levels,ack_clrt,ack_ms_max,READ,SELECT,False,134,0.12986109701492513,0.01322777141340211,0.00017497393656521805,0.1139694999999998,0.11631050000000043,0.1294739999999992,0.13974125000000015,0.14659889999999898,0.15118814999999994,0.16274498000000093,0.1101700000000001,0.174296
da10_gap1_joint_amp0p5,10.0,three_class,20,rf,levels,ack_clrt,ack_ms_max,READ,READ,True,139,0.13048146762589896,0.014456383237397442,0.00020898701630650576,0.11592559999999885,0.11862999999999957,0.12500900000000037,0.1401414999999986,0.15335800000000077,0.15694779999999894,0.16383303999999904,0.11093499999999956,0.1723239999999997
da10_gap1_joint_amp0p5,10.0,three_class,20,rf,levels,ack_clrt,ack_ms_max,SELECT,READ,False,99,0.12901474747474714,0.012045512160927797,0.00014509436321905942,0.1158856,0.11805000000000021,0.12846000000000046,0.1377239999999995,0.14415339999999938,0.14956070000000063,0.1590218399999997,0.11236299999999844,0.1629339999999999
da10_gap1_joint_amp0p5,10.0,three_class,20,rf,levels,ack_clrt,ack_ms_max,SELECT,OPERATE,False,21,0.12032514285714252,0.008034076130166405,6.454637926530959e-05,0.11275499999999994,0.1142139999999987,0.11767899999999898,0.12517999999999851,0.13137099999999968,0.1317149999999998,0.1390270000000001,0.11045200000000044,0.14085500000000017
da10_gap1_joint_amp0p5,10.0,three_class,20,rf,levels,ack_clrt,ack_ms_max,READ,OPERATE,False,27,0.1208433333333328,0.006438598639800968,4.145555244444687e-05,0.11344460000000005,0.11601399999999895,0.12118699999999905,0.12398800000000065,0.1275193999999992,0.13062000000000004,0.13811403999999952,0.11043299999999867,0.1405309999999993
da10_gap1_joint_amp0p5,10.0,three_class,20,rf,levels,ack_clrt,ack_ms_max,SELECT,SELECT,True,180,0.12902617777777745,0.011229278224136276,0.00012609668943506117,0.11459880000000008,0.11900874999999944,0.12822200000000006,0.1379785000000009,0.14324490000000073,0.14705545000000067,0.1509762799999995,0.10996199999999945,0.1689159999999994
da10_gap1_joint_amp0p5,10.0,three_class,20,rf,levels,ack_clrt,ack_ms_max,OPERATE,SELECT,False,14,0.12377899999999949,0.008567471047097432,7.340156014285277e-05,0.11544500000000042,0.1167464999999992,0.1214309999999994,0.13092374999999867,0.13637319999999864,0.1370677999999991,0.13803916000000002,0.11193899999999957,0.13828200000000024
da10_gap1_joint_amp0p5,10.0,three_class,20,rf,levels,ack_clrt,ack_ms_max,OPERATE,READ,False,16,0.13077962499999973,0.01365366832519265,0.00018642265873436905,0.11785200000000007,0.1194674999999994,0.12614649999999905,0.14024424999999896,0.1495224999999989,0.15544949999999913,0.16102109999999986,0.11697900000000061,0.16241400000000006
da10_gap1_joint_amp0p5,10.0,three_class,20,rf,levels,ack_clrt,clrt_ms_mean,OPERATE,OPERATE,True,270,0.07810718648148147,0.12823388416382145,0.01644392904774038,-0.006811105000000024,-0.002513275000000014,0.005538249999999984,0.1251824875,0.249068235,0.31350028249999995,0.5163019340000002,-0.026026550000000016,0.8115379499999997
da10_gap1_joint_amp0p5,10.0,three_class,20,rf,levels,ack_clrt,clrt_ms_mean,READ,SELECT,False,134,0.01362536753731343,0.06623341437422342,0.004386865179667586,-0.024263560000000003,-0.01799210000000002,-0.012478400000000018,-0.0009172250000000187,0.13080971000000002,0.16830983999999996,0.25397471049999953,-0.031040350000000015,0.2894183
da10_gap1_joint_amp0p5,10.0,three_class,20,rf,levels,ack_clrt,clrt_ms_mean,READ,READ,True,139,0.3542879607913669,0.7856712992312719,0.6172793904357547,-0.02341937,-0.014669350000000005,0.06378215000000001,0.266943775,0.8565961099999999,1.6370429999999976,3.815960677,-0.032556450000000015,4.38292985
da10_gap1_joint_amp0p5,10.0,three_class,20,rf,levels,ack_clrt,clrt_ms_mean,SELECT,READ,False,99,0.06422029696969697,0.1044298156046077,0.010905586387212366,-0.023091810000000032,-0.015618375000000004,0.006838599999999978,0.1494628,0.20887996,0.22976825500000003,0.35048946399999925,-0.034552599999999996,0.5293132
da10_gap1_joint_amp0p5,10.0,three_class,20,rf,levels,ack_clrt,clrt_ms_mean,SELECT,OPERATE,False,21,0.04193062380952381,0.06747852448891146,0.004553351267200624,-0.014655449999999995,-0.004993549999999997,0.006985349999999976,0.08495190000000001,0.14931769999999994,0.18275329999999995,0.20391550000000006,-0.01828530000000001,0.20920605000000006
da10_gap1_joint_amp0p5,10.0,three_class,20,rf,levels,ack_clrt,clrt_ms_mean,READ,OPERATE,False,27,0.1984921629629629,0.4556257662253236,0.20759483884841323,-0.013356990000000022,-0.007531925000000007,0.012375649999999969,0.10295085,0.7277947000000003,0.91551977,1.823059523999998,-0.01795570000000002,2.1304289499999998
da10_gap1_joint_amp0p5,10.0,three_class,20,rf,levels,ack_clrt,clrt_ms_mean,SELECT,SELECT,True,180,0.013734647499999994,0.07325485908347237,0.005366274379339396,-0.02388388999999998,-0.018404150000000005,-0.011148924999999983,-0.0024379875000000244,0.12052429000000003,0.17388511249999994,0.2851242425000001,-0.034021349999999985,0.5019289999999998
da10_gap1_joint_amp0p5,10.0,three_class,20,rf,levels,ack_clrt,clrt_ms_mean,OPERATE,SELECT,False,14,0.053890492857142855,0.09094342610484722,0.008270706751687807,-0.017883230000000003,-0.012715549999999999,0.009629874999999984,0.07335639999999999,0.18235161500000002,0.22146305999999996,0.26950461199999987,-0.019640850000000033,0.28151499999999996
da10_gap1_joint_amp0p5,10.0,three_class,20,rf,levels,ack_clrt,clrt_ms_mean,OPERATE,READ,False,16,0.10519690312499999,0.0819400555188507,0.006714172698432335,-0.005598175000000013,0.046002262500000016,0.10122667499999996,0.16665415,0.22023917500000006,0.2380699625,0.23942227249999998,-0.017911249999999993,0.23976034999999998
da10_gap1_joint_amp0p5,10.0,three_class,20,rf,levels,ack_clrt,clrt_ms_std,OPERATE,OPERATE,True,270,0.3459796698738626,0.5175483342409011,0.26785627827553143,0.01947412098856916,0.023873006338037024,0.03487481748370043,0.5380942854194606,1.0387531418205314,1.2163324729127318,2.260576306992485,0.01155241878179628,3.4777112808553046
da10_gap1_joint_amp0p5,10.0,three_class,20,rf,levels,ack_clrt,clrt_ms_std,READ,SELECT,False,134,0.1480333672468933,0.26041848280203733,0.06781778618491502,0.03260104648243969,0.03579359883010008,0.041274760203756276,0.04894069323792647,0.6227094531075442,0.7604880089047343,1.0408057141428453,0.02764171528555163,1.3059780499374827
da10_gap1_joint_amp0p5,10.0,three_class,20,rf,levels,ack_clrt,clrt_ms_std,READ,READ,True,139,1.5670354705259038,3.3578088243167006,11.274880100659102,0.03392415475620617,0.04119854387821263,0.3279103274961427,1.170690859361561,3.5734003010073008,6.721219363798535,16.628975326019805,0.024260373901487987,19.15721753127238
da10_gap1_joint_amp0p5,10.0,three_class,20,rf,levels,ack_clrt,clrt_ms_std,SELECT,READ,False,99,0.37016205161526183,0.44114541001782714,0.1946092727797968,0.0314449776408527,0.03683141751544824,0.10141660376264826,0.7537038714592947,0.9903745064971039,1.0510815642987796,1.6102386322677935,0.02158793298459812,2.3919123019161175
da10_gap1_joint_amp0p5,10.0,three_class,20,rf,levels,ack_clrt,clrt_ms_std,SELECT,OPERATE,False,21,0.22767330418650272,0.2825111950923631,0.07981257535251524,0.02423894882188585,0.02681853950623526,0.03643761166744468,0.4026518632372884,0.5733180380298617,0.8293316778735212,0.9538791259155508,0.02314966571875283,0.985015987926058
da10_gap1_joint_amp0p5,10.0,three_class,20,rf,levels,ack_clrt,clrt_ms_std,READ,OPERATE,False,27,0.8498150935405646,1.8973855791424354,3.600072035937675,0.026090788164960556,0.029412563761430865,0.07652561795194798,0.4791801599363549,2.739558350377064,3.391280781557222,7.801811733578582,0.022092621678911257,9.296628794434783
da10_gap1_joint_amp0p5,10.0,three_class,20,rf,levels,ack_clrt,clrt_ms_std,SELECT,SELECT,True,180,0.1502961540560377,0.3058266852466758,0.0935299614089693,0.03201013155845977,0.03659474302117126,0.03966406178960699,0.04561500019632243,0.5817710234233668,0.8078887084657611,1.2501142233530682,0.020630928261896015,2.2541802994718942
da10_gap1_joint_amp0p5,10.0,three_class,20,rf,levels,ack_clrt,clrt_ms_std,OPERATE,SELECT,False,14,0.29395185550537123,0.37389044277277095,0.1397940631968187,0.03257026908522015,0.033962069645402077,0.07953350473336461,0.3433156605499965,0.794904603509209,0.9929217874631747,1.229635910438616,0.029015800486071375,1.288814441182477
da10_gap1_joint_amp0p5,10.0,three_class,20,rf,levels,ack_clrt,clrt_ms_std,OPERATE,READ,False,16,0.48492879301182323,0.3271580192577169,0.10703236956463266,0.05473928582698247,0.18673160669024436,0.48195945153895664,0.7512511368155432,0.9070570715957793,0.9501291418773427,1.004785695858417,0.0336290259342655,1.0184498343536856
da10_gap1_joint_amp0p5,10.0,three_class,20,rf,levels,ack_clrt,clrt_ms_min,OPERATE,OPERATE,True,270,-0.06086244814814816,0.021213003840654145,0.0004499915319436075,-0.0793225,-0.07503675,-0.06837400000000005,-0.04990500000000003,-0.026321500000000015,-0.023506950000000044,-0.018415190000000074,-0.149119,-0.01043599999999989
da10_gap1_joint_amp0p5,10.0,three_class,20,rf,levels,ack_clrt,clrt_ms_min,READ,SELECT,False,134,-0.07952161940298508,0.009702474411119528,9.413800969842925e-05,-0.08781290000000005,-0.08074424999999999,-0.07787749999999999,-0.07500974999999999,-0.07208670000000003,-0.07075190000000005,-0.06753562000000002,-0.15071199999999996,-0.06162400000000001
da10_gap1_joint_amp0p5,10.0,three_class,20,rf,levels,ack_clrt,clrt_ms_min,READ,READ,True,139,-0.08034212949640292,0.011580172792186646,0.00013410040189689985,-0.0844226,-0.08113249999999994,-0.078372,-0.07560850000000002,-0.07296580000000001,-0.07040140000000003,-0.06734445999999994,-0.1637360000000001,-0.065946
da10_gap1_joint_amp0p5,10.0,three_class,20,rf,levels,ack_clrt,clrt_ms_min,SELECT,READ,False,99,-0.08101812121212122,0.01235554775428997,0.00015265956030853994,-0.08658459999999986,-0.08049150000000005,-0.07823400000000003,-0.07590950000000002,-0.07335580000000001,-0.07272259999999998,-0.07016540000000002,-0.15442200000000006,-0.06945000000000001
da10_gap1_joint_amp0p5,10.0,three_class,20,rf,levels,ack_clrt,clrt_ms_min,SELECT,OPERATE,False,21,-0.06981476190476191,0.009540253001061521,9.101642732426336e-05,-0.08051200000000003,-0.07539700000000005,-0.07187300000000008,-0.06439399999999984,-0.053578000000000015,-0.052800999999999876,-0.050574599999999977,-0.08543200000000001,-0.05001800000000001
da10_gap1_joint_amp0p5,10.0,three_class,20,rf,levels,ack_clrt,clrt_ms_min,READ,OPERATE,False,27,-0.06702103703703706,0.013394407388717307,0.0001794101492949248,-0.07960420000000004,-0.07678800000000002,-0.07187500000000002,-0.06073650000000008,-0.049934800000000036,-0.046177400000000035,-0.02956561999999997,-0.08216600000000007,-0.0242389999999999
da10_gap1_joint_amp0p5,10.0,three_class,20,rf,levels,ack_clrt,clrt_ms_min,SELECT,SELECT,True,180,-0.0785773277777778,0.00623777820473369,3.8909876931450656e-05,-0.08368840000000001,-0.08104150000000002,-0.07765349999999999,-0.07517000000000001,-0.07311750000000002,-0.07180745000000001,-0.06853208000000006,-0.11950000000000016,-0.06020700000000001
da10_gap1_joint_amp0p5,10.0,three_class,20,rf,levels,ack_clrt,clrt_ms_min,OPERATE,SELECT,False,14,-0.08641585714285713,0.022674188751772763,0.0005141188355510185,-0.1135259,-0.08320000000000001,-0.07845700000000003,-0.07493799999999999,-0.07237470000000004,-0.07136870000000001,-0.07000733999999995,-0.1536719999999998,-0.06966699999999992
da10_gap1_joint_amp0p5,10.0,three_class,20,rf,levels,ack_clrt,clrt_ms_min,OPERATE,READ,False,16,-0.08090750000000003,0.014596103092949193,0.000213046225500001,-0.09812350000000009,-0.07760475,-0.07635050000000004,-0.07476624999999998,-0.0733925,-0.07160250000000003,-0.06920370000000009,-0.1198490000000001,-0.06860400000000011
da10_gap1_joint_amp0p5,10.0,three_class,20,rf,levels,ack_clrt,clrt_ms_max,OPERATE,OPERATE,True,270,1.517579688888889,2.3583825783648495,5.561968385934836,0.025260999999999957,0.03280575000000002,0.07241700000000006,2.4700535,4.6230375,5.475746399999999,10.369458150000003,0.008124999999999993,15.968339999999998
da10_gap1_joint_amp0p5,10.0,three_class,20,rf,levels,ack_clrt,clrt_ms_max,READ,SELECT,False,134,0.5795399179104478,1.222613532715482,1.494783850379031,0.04222430000000001,0.062605,0.06975299999999995,0.0836575,2.846525,3.448755149999999,4.7550891199999965,0.008577000000000057,5.978656
da10_gap1_joint_amp0p5,10.0,three_class,20,rf,levels,ack_clrt,clrt_ms_max,READ,READ,True,139,7.086596122302157,15.411462461072258,237.51317518903937,0.030068200000000028,0.07174599999999998,1.4838210000000003,5.0661235,16.0420684,30.828462799999983,76.29938138,0.003589000000000009,87.88718899999999
da10_gap1_joint_amp0p5,10.0,three_class,20,rf,levels,ack_clrt,clrt_ms_max,SELECT,READ,False,99,1.6286128585858586,2.0572503245190257,4.232278897733637,0.027486400000000046,0.0686325000000001,0.412906,3.3555880000000005,4.5226644,4.8089705999999985,7.367019259999985,0.0034079999999998556,10.954273
da10_gap1_joint_amp0p5,10.0,three_class,20,rf,levels,ack_clrt,clrt_ms_max,SELECT,OPERATE,False,21,0.9819101428571432,1.3194751803966924,1.7410147516828842,0.025975999999999944,0.052348000000000006,0.072272,1.823897,2.5072989999999997,3.794713,4.3600482000000005,0.01623800000000003,4.501382
da10_gap1_joint_amp0p5,10.0,three_class,20,rf,levels,ack_clrt,clrt_ms_max,READ,OPERATE,False,27,3.83997574074074,8.704522932943021,75.76871949013099,0.04098759999999988,0.06422150000000001,0.32153600000000004,2.192506,12.417544400000004,15.415906299999998,35.76751271999996,0.01926400000000017,42.653242999999996
da10_gap1_joint_amp0p5,10.0,three_class,20,rf,levels,ack_clrt,clrt_ms_max,SELECT,SELECT,True,180,0.595351838888889,1.4309470092524008,2.0476093432883906,0.05174949999999995,0.06594849999999997,0.07062199999999996,0.07579150000000007,2.6484533000000003,3.6891575999999984,5.730907680000008,0.01102499999999984,10.325413999999999
da10_gap1_joint_amp0p5,10.0,three_class,20,rf,levels,ack_clrt,clrt_ms_max,OPERATE,SELECT,False,14,1.2848059285714284,1.7527336867290833,3.072075376594924,0.025947900000000114,0.030874000000000068,0.31416200000000005,1.562471,3.6452967000000007,4.5475807999999995,5.627084159999998,0.022969999999999935,5.89696
da10_gap1_joint_amp0p5,10.0,three_class,20,rf,levels,ack_clrt,clrt_ms_max,OPERATE,READ,False,16,2.191540625,1.5303793085612336,2.342060828072359,0.1667820000000001,0.7811760000000002,2.195911,3.4285472500000003,4.1529555,4.34783175,4.60907595,0.02438800000000002,4.674387
da10_gap1_joint_amp0p5,10.0,read_select,1,rf,raw,ack_clrt,ack_ms,READ,SELECT,False,2963,10.11798102632467,0.3709058864659071,0.13757117661506038,9.6058568,9.9147365,10.210361,10.537433499999999,10.606516000000001,10.6146005,10.6385617,9.53601,10.658271
da10_gap1_joint_amp0p5,10.0,read_select,1,rf,raw,ack_clrt,ack_ms,READ,READ,True,3037,10.076355496542641,0.3743110352934286,0.14010875114243831,9.6066498,9.614837,9.948537,10.294163,10.6063558,10.6113746,10.627858640000001,9.535894,10.674136
da10_gap1_joint_amp0p5,10.0,read_select,1,rf,raw,ack_clrt,ack_ms,SELECT,READ,False,2833,10.079006379809389,0.3639138209767171,0.1324332690978741,9.606599,9.616887,9.949237,10.281241,10.606241,10.6118506,10.6284556,9.535597,10.650088
da10_gap1_joint_amp0p5,10.0,read_select,1,rf,raw,ack_clrt,ack_ms,SELECT,SELECT,True,3167,10.117582914114305,0.36865259922709764,0.13590473891689506,9.605888400000001,9.914226,10.216265,10.537142500000002,10.606207,10.6132818,10.63673634,9.52976,10.668756
da10_gap1_joint_amp0p5,10.0,read_select,1,rf,raw,ack_clrt,clrt_ms,READ,SELECT,False,2963,0.989043770165373,0.48448886978832756,0.234729464948771,0.444693,0.50512,0.878782,1.4384885,1.5029934,1.5155756,1.57336542,0.412081,7.500867
da10_gap1_joint_amp0p5,10.0,read_select,1,rf,raw,ack_clrt,clrt_ms,READ,READ,True,3037,1.402051717155087,3.8008158102052594,14.446200823106263,0.455978,0.774282,1.102263,1.43105,1.5035172,1.569041,12.999615799999967,0.380995,89.387093
da10_gap1_joint_amp0p5,10.0,read_select,1,rf,raw,ack_clrt,clrt_ms,SELECT,READ,False,2833,1.1037497691493117,0.7371554893966253,0.5433982155475782,0.4518284,0.776496,1.115598,1.429052,1.500674,1.5437956000000002,4.799718399999995,0.388564,12.454177
da10_gap1_joint_amp0p5,10.0,read_select,1,rf,raw,ack_clrt,clrt_ms,SELECT,SELECT,True,3167,0.9938636529838965,0.4905526386255299,0.2406418912624697,0.468636,0.5098005,0.893474,1.4346230000000002,1.50197,1.5144448,1.5729514,0.403564,6.57828
da10_gap1_joint_amp0p5,10.0,read_select,5,rf,levels,ack_clrt,ack_ms_mean,READ,SELECT,False,547,0.09827033820840916,0.009780426704601393,9.565674652408007e-05,0.08521731999999922,0.09260779999999987,0.09899719999999981,0.10548549999999964,0.10938975999999932,0.11329477999999958,0.11729513999999962,0.06507739999999948,0.12316139999999969
da10_gap1_joint_amp0p5,10.0,read_select,5,rf,levels,ack_clrt,ack_ms_mean,READ,READ,True,653,0.1022358594180701,0.011130498599802571,0.000123887999080207,0.08863143999999942,0.09798739999999953,0.10498059999999967,0.10917939999999966,0.1116476799999998,0.11369015999999973,0.11959742399999959,0.02456159999999983,0.12161700000000017
da10_gap1_joint_amp0p5,10.0,read_select,5,rf,levels,ack_clrt,ack_ms_mean,SELECT,READ,False,563,0.10254980319715776,0.009933998335818615,9.868432293604701e-05,0.08805375999999938,0.09739840000000016,0.1051993999999997,0.10970689999999958,0.11182527999999983,0.11322785999999951,0.11800582399999995,0.06045259999999928,0.1231778000000002
da10_gap1_joint_amp0p5,10.0,read_select,5,rf,levels,ack_clrt,ack_ms_mean,SELECT,SELECT,True,637,0.0982627425431708,0.010021898213059805,0.00010043844379293133,0.08589751999999982,0.09190520000000042,0.0986079999999994,0.10624519999999968,0.11045587999999981,0.11408967999999958,0.11702011999999958,0.063138,0.122044
da10_gap1_joint_amp0p5,10.0,read_select,5,rf,levels,ack_clrt,ack_ms_std,READ,SELECT,False,547,0.018720737852119897,0.010549471522590835,0.00011129134940595499,0.005926373002127705,0.00971815524210584,0.016232633348905044,0.028090691876052964,0.03265500123289859,0.03494823117915095,0.0379395669658615,0.00040983538158624686,0.04358867005541662
da10_gap1_joint_amp0p5,10.0,read_select,5,rf,levels,ack_clrt,ack_ms_std,READ,READ,True,653,0.015227830189547953,0.013085369352764251,0.00017122689109826193,0.0029847752979033984,0.005436410455438588,0.010769017429644907,0.026220872614007528,0.029816169625359254,0.033935254261191115,0.04106537766340785,0.0010121840939274246,0.10944960247821804
da10_gap1_joint_amp0p5,10.0,read_select,5,rf,levels,ack_clrt,ack_ms_std,SELECT,READ,False,563,0.014027914236100572,0.010050904936108798,0.00010102069003469618,0.003337718453008154,0.005672034779499324,0.010198823489010944,0.02541251679361259,0.028585433176659115,0.0312190462220531,0.03582276472551726,0.0014741706821122219,0.041930269040873464
da10_gap1_joint_amp0p5,10.0,read_select,5,rf,levels,ack_clrt,ack_ms_std,SELECT,SELECT,True,637,0.019271727285744607,0.01057502705252022,0.00011183119716153449,0.005216183120843744,0.009753293236645508,0.020736639752862558,0.028435736968821842,0.031790859204057706,0.034321171468101534,0.03795886105107272,0.0005939389194184149,0.04213609109540253
da10_gap1_joint_amp0p5,10.0,read_select,5,rf,levels,ack_clrt,ack_ms_min,READ,SELECT,False,547,0.0673891371115169,0.026368941757750106,0.0006953210894236173,0.03730979999999917,0.03850900000000035,0.08032099999999964,0.08954349999999955,0.10332620000000006,0.10543609999999966,0.10927409999999955,0.036305000000000476,0.1113679999999988
da10_gap1_joint_amp0p5,10.0,read_select,5,rf,levels,ack_clrt,ack_ms_min,READ,READ,True,653,0.07751796018376692,0.03365276781025473,0.001132508781290917,0.038438400000000074,0.04383300000000112,0.08733400000000024,0.1023309999999995,0.1065206000000007,0.10735999999999883,0.10942288000000013,-0.1666280000000011,0.1121389999999991
da10_gap1_joint_amp0p5,10.0,read_select,5,rf,levels,ack_clrt,ack_ms_min,SELECT,READ,False,563,0.07976064298401388,0.026380260916921063,0.000695918166044833,0.03803419999999953,0.04459199999999974,0.08785499999999935,0.10281699999999905,0.10595540000000021,0.10698779999999904,0.10915727999999905,0.029855999999998772,0.11051500000000125
da10_gap1_joint_amp0p5,10.0,read_select,5,rf,levels,ack_clrt,ack_ms_min,SELECT,SELECT,True,637,0.06585596703296667,0.02735158415010198,0.00074810915552011,0.03720279999999967,0.03781200000000062,0.055941999999999936,0.09036399999999922,0.10423519999999975,0.10563120000000019,0.10751195999999957,0.03649699999999889,0.11209000000000024
da10_gap1_joint_amp0p5,10.0,read_select,5,rf,levels,ack_clrt,ack_ms_max,READ,SELECT,False,547,0.11734563436928669,0.011249680658386465,0.00012655531491567452,0.10796639999999869,0.11012249999999923,0.11283700000000074,0.11968200000000007,0.13633859999999984,0.14213389999999962,0.15131719999999954,0.10002099999999992,0.1598569999999988
da10_gap1_joint_amp0p5,10.0,read_select,5,rf,levels,ack_clrt,ack_ms_max,READ,READ,True,653,0.11857081623277149,0.010899689359268779,0.00011880322812855703,0.10988579999999856,0.11220299999999916,0.1151920000000004,0.120749,0.13200819999999924,0.14220939999999976,0.1595546799999991,0.10482000000000014,0.174296
da10_gap1_joint_amp0p5,10.0,read_select,5,rf,levels,ack_clrt,ack_ms_max,SELECT,READ,False,563,0.11752802309058583,0.009181325386265857,8.429673584848988e-05,0.10949159999999906,0.11184300000000036,0.11470599999999997,0.1203094999999994,0.1294378000000009,0.1355749999999997,0.14943205999999906,0.09450000000000003,0.1689159999999994
da10_gap1_joint_amp0p5,10.0,read_select,5,rf,levels,ack_clrt,ack_ms_max,SELECT,SELECT,True,637,0.11768785086342202,0.010854700130126283,0.00011782451491496356,0.10823619999999998,0.11032499999999956,0.11323300000000103,0.12191799999999908,0.1367115999999992,0.1407759999999989,0.14729676000000033,0.10417400000000043,0.15653999999999968
da10_gap1_joint_amp0p5,10.0,read_select,5,rf,levels,ack_clrt,clrt_ms_mean,READ,SELECT,False,547,0.005407531992687383,0.10820429709875311,0.01170816991063523,-0.036398480000000004,-0.024928999999999996,-0.011094000000000026,0.00039790000000005103,0.01430740000000005,0.025940739999999976,0.6337410679999989,-0.064808,0.9794852000000001
da10_gap1_joint_amp0p5,10.0,read_select,5,rf,levels,ack_clrt,clrt_ms_mean,READ,READ,True,653,0.341143241653905,1.5872591442925092,2.519391591140189,-0.033014000000000036,-0.02331240000000002,-0.013350200000000034,0.0032970000000000386,0.5422191200000007,2.2643239599999996,7.5170669040000355,-0.06882879999999997,17.5845284
da10_gap1_joint_amp0p5,10.0,read_select,5,rf,levels,ack_clrt,clrt_ms_mean,SELECT,READ,False,563,0.06084259964476021,0.25125883814567646,0.06313100374631524,-0.03298492000000001,-0.024024900000000023,-0.014287800000000028,-0.0009209999999999941,0.2397094800000001,0.67120854,1.04760498,-0.06170540000000001,2.187047
da10_gap1_joint_amp0p5,10.0,read_select,5,rf,levels,ack_clrt,clrt_ms_mean,SELECT,SELECT,True,637,0.007202468759811612,0.11612033891917754,0.013483933110704659,-0.03785856000000001,-0.026951000000000003,-0.009783600000000003,0.002020000000000033,0.013708359999999954,0.026267199999999904,0.7545827759999998,-0.07151159999999997,0.9323623999999999
da10_gap1_joint_amp0p5,10.0,read_select,5,rf,levels,ack_clrt,clrt_ms_std,READ,SELECT,False,547,0.06939300459047401,0.2090228329520995,0.0436905446953213,0.011765046127804367,0.02561559466328691,0.034689298952847156,0.04538911462763513,0.054387384464146475,0.06298586153860503,1.3239252444815202,0.002464912120137308,1.953544648614144
da10_gap1_joint_amp0p5,10.0,read_select,5,rf,levels,ack_clrt,clrt_ms_std,READ,READ,True,653,0.7320964100087421,3.1518664901515763,9.934262371740417,0.01924804298277154,0.02823157471059663,0.033701545748526136,0.05240891693061404,1.1213845573647072,4.3452581606534375,15.06740329987933,0.007607543351174545,35.151342576637056
da10_gap1_joint_amp0p5,10.0,read_select,5,rf,levels,ack_clrt,clrt_ms_std,SELECT,READ,False,563,0.18122777388091266,0.4919518403862055,0.24201661325937462,0.01730876127488425,0.026737057685491297,0.03215304524053673,0.04639294245494318,0.47741884875496143,1.3864270135559007,2.084006114371037,0.00469600293867026,4.383813950463181
da10_gap1_joint_amp0p5,10.0,read_select,5,rf,levels,ack_clrt,clrt_ms_std,SELECT,SELECT,True,637,0.07239033113626422,0.22461254166707675,0.050450793874144285,0.017323281482326973,0.02722083249718857,0.0334760367152386,0.0440369485028198,0.05274888916505728,0.061805049920498054,1.524615874203019,0.0007124014037043956,1.8975941299266925
da10_gap1_joint_amp0p5,10.0,read_select,5,rf,levels,ack_clrt,clrt_ms_min,READ,SELECT,False,547,-0.05702626691042049,0.02740077253741623,0.0007508023356472234,-0.07964720000000004,-0.07493200000000003,-0.06876000000000015,-0.041261500000000007,-0.009271200000000058,-0.004893000000000117,-0.0018258400000000067,-0.1637360000000001,0.0004830000000000112
da10_gap1_joint_amp0p5,10.0,read_select,5,rf,levels,ack_clrt,clrt_ms_min,READ,READ,True,653,-0.060937678407350704,0.023260753747814934,0.0005410626649164865,-0.07924960000000003,-0.07603500000000007,-0.07028400000000001,-0.05411200000000005,-0.021288800000000038,-0.010885600000000028,-0.0007548000000000316,-0.11897300000000005,0.0024560000000000137
da10_gap1_joint_amp0p5,10.0,read_select,5,rf,levels,ack_clrt,clrt_ms_min,SELECT,READ,False,563,-0.06081985612788634,0.022996462523983043,0.0005288372886169565,-0.07895960000000003,-0.07595199999999999,-0.07106400000000002,-0.05185600000000004,-0.021577199999999887,-0.011087299999999958,-0.0035225400000000436,-0.11950000000000016,-0.0011470000000000091
da10_gap1_joint_amp0p5,10.0,read_select,5,rf,levels,ack_clrt,clrt_ms_min,SELECT,SELECT,True,637,-0.057579397174254324,0.026572050537164632,0.0007060738697496312,-0.07946660000000001,-0.07565900000000014,-0.069635,-0.04086999999999996,-0.010951600000000106,-0.006082199999999972,-0.0018510799999999971,-0.15442200000000006,0.004155000000000131
da10_gap1_joint_amp0p5,10.0,read_select,5,rf,levels,ack_clrt,clrt_ms_max,READ,SELECT,False,547,0.12457093967093236,0.5279808253279572,0.2787637519139909,-0.0009370000000000655,0.006171499999999885,0.028286000000000033,0.0669305,0.07187619999999997,0.09165939999999986,3.28712034,-0.054194000000000075,4.886468
da10_gap1_joint_amp0p5,10.0,read_select,5,rf,levels,ack_clrt,clrt_ms_max,READ,READ,True,653,1.7848566079632466,7.892733912530016,62.29524861400137,0.0002965999999999802,0.005373000000000072,0.024014999999999953,0.07054999999999989,2.7844020000000085,10.864138399999984,37.651789400000176,-0.0544659999999999,87.88718899999999
da10_gap1_joint_amp0p5,10.0,read_select,5,rf,levels,ack_clrt,clrt_ms_max,SELECT,READ,False,563,0.4020720195381883,1.2409438042382261,1.539941525277241,-0.0004478000000000315,0.00382299999999991,0.017981999999999942,0.06631049999999994,1.1934132000000004,3.4476904,5.203129699999999,-0.019179000000000057,10.954273
da10_gap1_joint_amp0p5,10.0,read_select,5,rf,levels,ack_clrt,clrt_ms_max,SELECT,SELECT,True,637,0.13264261381475667,0.5671414539196677,0.3216494287541146,-0.0017435999999999118,0.004369000000000067,0.02928200000000003,0.06756399999999996,0.07308579999999995,0.08967339999999961,3.80165572,-0.05852199999999996,4.727158
da10_gap1_joint_amp0p5,10.0,read_select,20,rbf_svm,levels,ack_clrt,ack_ms_mean,READ,SELECT,False,185,0.09899530675675641,0.004692644149686789,2.202090911558965e-05,0.09302598999999957,0.09592354999999975,0.09931989999999953,0.10231339999999944,0.10513673999999959,0.10552705999999962,0.1068211339999994,0.0858999499999995,0.1069192499999998
da10_gap1_joint_amp0p5,10.0,read_select,20,rbf_svm,levels,ack_clrt,ack_ms_mean,READ,READ,True,115,0.10273340043478227,0.006211840650730284,3.858696427006524e-05,0.0954023099999996,0.10046544999999946,0.10436809999999967,0.10665784999999972,0.10860522999999983,0.10990779499999959,0.11193976299999991,0.07907014999999955,0.11400809999999968
da10_gap1_joint_amp0p5,10.0,read_select,20,rbf_svm,levels,ack_clrt,ack_ms_mean,SELECT,SELECT,True,238,0.0988348626050417,0.004228784214226648,1.788261593049249e-05,0.0930965899999996,0.09644977499999956,0.09957609999999968,0.10175502499999965,0.10348585999999965,0.1049064524999999,0.10636089399999958,0.08352304999999971,0.10785394999999962
da10_gap1_joint_amp0p5,10.0,read_select,20,rbf_svm,levels,ack_clrt,ack_ms_mean,SELECT,READ,False,62,0.10579885887096746,0.0031869489531465124,1.0156643629961652e-05,0.10204928499999971,0.10351096249999973,0.1058435249999996,0.10811357499999971,0.10987363999999979,0.1104499424999995,0.11081299549999986,0.09646614999999974,0.11092489999999966
da10_gap1_joint_amp0p5,10.0,read_select,20,rbf_svm,levels,ack_clrt,ack_ms_std,READ,SELECT,False,185,0.022740244046621595,0.004276436248746564,1.8287906989593584e-05,0.017546594550849854,0.01890542410367972,0.022593165370084857,0.025682547329801575,0.028615626952526327,0.0294395784789652,0.032306901574635026,0.014188925179871657,0.03346664156051545
da10_gap1_joint_amp0p5,10.0,read_select,20,rbf_svm,levels,ack_clrt,ack_ms_std,READ,READ,True,115,0.01864118227080159,0.011388514924381582,0.00012969827218286203,0.008630596521505399,0.011062627994554179,0.017524891506368948,0.022298699837797614,0.027923830957754428,0.03216881325657977,0.06207441317648233,0.004752443092505013,0.06528866900856552
da10_gap1_joint_amp0p5,10.0,read_select,20,rbf_svm,levels,ack_clrt,ack_ms_std,SELECT,SELECT,True,238,0.022683944984728074,0.004240729989556995,1.798379084432807e-05,0.016852494697828544,0.019112667612882963,0.022688053824587558,0.025679253879880612,0.028384182059459154,0.029687418386994225,0.032600173860002885,0.012663258531969295,0.03415191727249727
da10_gap1_joint_amp0p5,10.0,read_select,20,rbf_svm,levels,ack_clrt,ack_ms_std,SELECT,READ,False,62,0.014855673663285765,0.006258283261167895,3.916610937701427e-05,0.007456722975205239,0.009646006442152643,0.014057645793598257,0.019208621136255693,0.023435192061190484,0.025814905740294065,0.028619278937038594,0.003921746287051112,0.03100357854550857
da10_gap1_joint_amp0p5,10.0,read_select,20,rbf_svm,levels,ack_clrt,ack_ms_min,READ,SELECT,False,185,0.038559243243242704,0.0025495688814725697,6.500301481373291e-06,0.03664119999999933,0.037221999999999866,0.037684999999999746,0.03906799999999855,0.04168520000000022,0.04366099999999946,0.047994759999999276,0.031201000000001144,0.05042100000000005
da10_gap1_joint_amp0p5,10.0,read_select,20,rbf_svm,levels,ack_clrt,ack_ms_min,READ,READ,True,115,0.04979553913043446,0.049924380512807676,0.0024924437695876107,0.037096599999999924,0.038089499999999,0.04378700000000002,0.08269099999999963,0.0861188000000002,0.08994840000000028,0.09550240000000013,-0.1666280000000011,0.09828800000000015
da10_gap1_joint_amp0p5,10.0,read_select,20,rbf_svm,levels,ack_clrt,ack_ms_min,SELECT,SELECT,True,238,0.038435361344537365,0.003091064233613053,9.554678096321851e-06,0.03647719999999932,0.03703724999999958,0.037519999999999776,0.03861049999999944,0.042391400000000704,0.04352100000000076,0.05291805000000063,0.029855999999998772,0.055941999999999936
da10_gap1_joint_amp0p5,10.0,read_select,20,rbf_svm,levels,ack_clrt,ack_ms_min,SELECT,READ,False,62,0.06406996774193524,0.022528293896119416,0.0005075240258699313,0.03729789999999866,0.03922799999999915,0.07201350000000062,0.08344175000000087,0.0900966999999996,0.09486954999999976,0.09981679999999944,0.033913999999999334,0.10043899999999972
da10_gap1_joint_amp0p5,10.0,read_select,20,rbf_svm,levels,ack_clrt,ack_ms_max,READ,SELECT,False,185,0.1282339621621619,0.012184481826362076,0.00014846159737694773,0.11397699999999986,0.11726799999999926,0.12640899999999888,0.1377999999999986,0.14516560000000034,0.15074399999999988,0.1570514799999993,0.1101700000000001,0.1598569999999988
da10_gap1_joint_amp0p5,10.0,read_select,20,rbf_svm,levels,ack_clrt,ack_ms_max,READ,READ,True,115,0.13111128695652136,0.015528151762561372,0.00024112349716113782,0.11497060000000019,0.11908349999999945,0.12435499999999955,0.14102949999999925,0.15346800000000016,0.1610519000000002,0.17130507999999953,0.11119599999999963,0.174296
da10_gap1_joint_amp0p5,10.0,read_select,20,rbf_svm,levels,ack_clrt,ack_ms_max,SELECT,SELECT,True,238,0.12718848739495767,0.010769860695919216,0.00011598989940950554,0.11415169999999879,0.11728625000000026,0.12646850000000054,0.13566450000000074,0.14134169999999974,0.14494655000000015,0.1501799199999992,0.10996199999999945,0.15653999999999968
da10_gap1_joint_amp0p5,10.0,read_select,20,rbf_svm,levels,ack_clrt,ack_ms_max,SELECT,READ,False,62,0.13311516129032216,0.013051465819535372,0.00017034076003850013,0.11659169999999985,0.12097799999999959,0.1341284999999992,0.1408147500000001,0.14794709999999914,0.15814394999999973,0.1652669799999997,0.11385700000000121,0.1689159999999994
da10_gap1_joint_amp0p5,10.0,read_select,20,rbf_svm,levels,ack_clrt,clrt_ms_mean,READ,SELECT,False,185,0.019323027567567562,0.06723717835154751,0.004520838152677808,-0.02270212999999999,-0.016870400000000018,-0.009415549999999981,0.02311840000000002,0.11280930999999998,0.16689269999999998,0.24135534799999978,-0.02977670000000001,0.3897144
da10_gap1_joint_amp0p5,10.0,read_select,20,rbf_svm,levels,ack_clrt,clrt_ms_mean,READ,READ,True,115,0.4596204704347826,0.8614011413475235,0.7420119263148162,-0.02591741000000001,-0.016861225000000014,0.10519219999999999,0.633537925,1.2546247400000015,2.3584610499999976,3.828329281,-0.032556450000000015,4.38292985
da10_gap1_joint_amp0p5,10.0,read_select,20,rbf_svm,levels,ack_clrt,clrt_ms_mean,SELECT,SELECT,True,238,0.018636183823529405,0.06440789222898076,0.00414837658138,-0.022899240000000022,-0.016608862500000023,-0.009252650000000013,0.009123625000000022,0.12150654999999998,0.1793769724999999,0.2263584535,-0.03251680000000001,0.24801034999999994
da10_gap1_joint_amp0p5,10.0,read_select,20,rbf_svm,levels,ack_clrt,clrt_ms_mean,SELECT,READ,False,62,0.08508350483870968,0.133294295765956,0.017767369283742153,-0.02550067499999999,-0.01954695000000002,-0.0067464999999999956,0.17607907499999997,0.23015039499999995,0.2948805874999999,0.5126088379999999,-0.034552599999999996,0.5293132
da10_gap1_joint_amp0p5,10.0,read_select,20,rbf_svm,levels,ack_clrt,clrt_ms_std,READ,SELECT,False,185,0.16489684377414715,0.2557290182256474,0.06539733076265351,0.0331587174737396,0.03679731701968909,0.04292440430000164,0.1515180389940089,0.5192620341099439,0.7379169514855954,1.0944564710138518,0.024393534519212248,1.3059780499374827
da10_gap1_joint_amp0p5,10.0,read_select,20,rbf_svm,levels,ack_clrt,clrt_ms_std,READ,READ,True,115,2.0008129829701073,3.6828142300085065,13.563120652753149,0.02952307706161252,0.03720400944233562,0.5249806049406468,2.6003913287986076,4.788056793081345,10.303661569772569,16.676171714521008,0.022092621678911257,19.15721753127238
da10_gap1_joint_amp0p5,10.0,read_select,20,rbf_svm,levels,ack_clrt,clrt_ms_std,SELECT,SELECT,True,238,0.16420947911806227,0.26104478228861067,0.06814437836010814,0.03173002957652826,0.0366018295189878,0.04097858893813605,0.08853148514160245,0.5716772706420348,0.8294579486471707,1.0342372497127588,0.021680362091302776,1.1266362324320693
da10_gap1_joint_amp0p5,10.0,read_select,20,rbf_svm,levels,ack_clrt,clrt_ms_std,SELECT,READ,False,62,0.4741715193196039,0.5668436553526177,0.3213117296135173,0.02904418752202426,0.03325459992168072,0.050236209091488675,0.8324345687638747,1.1282767203667998,1.4177138304350694,2.307895780425141,0.020630928261896015,2.3919123019161175
da10_gap1_joint_amp0p5,10.0,read_select,20,rbf_svm,levels,ack_clrt,clrt_ms_min,READ,SELECT,False,185,-0.07786892432432435,0.005969410336645164,3.563385976724613e-05,-0.08375939999999997,-0.08030000000000004,-0.07778799999999997,-0.07492200000000004,-0.07157400000000007,-0.06938520000000013,-0.0626317600000001,-0.100692,-0.05325200000000002
da10_gap1_joint_amp0p5,10.0,read_select,20,rbf_svm,levels,ack_clrt,clrt_ms_min,READ,READ,True,115,-0.08023713043478262,0.017005062680181444,0.00028917215675689975,-0.09675820000000009,-0.08113249999999994,-0.07803199999999999,-0.07467950000000001,-0.0699134,-0.06120850000000006,-0.04540332000000004,-0.1637360000000001,-0.0242389999999999
da10_gap1_joint_amp0p5,10.0,read_select,20,rbf_svm,levels,ack_clrt,clrt_ms_min,SELECT,SELECT,True,238,-0.07737020168067228,0.005535147625550368,3.063785923663588e-05,-0.08294290000000001,-0.08034624999999995,-0.07747949999999998,-0.07494050000000001,-0.07307760000000006,-0.07068639999999989,-0.05603073000000004,-0.09648799999999991,-0.05001800000000001
da10_gap1_joint_amp0p5,10.0,read_select,20,rbf_svm,levels,ack_clrt,clrt_ms_min,SELECT,READ,False,62,-0.08414056451612906,0.016398836728630767,0.0002689218460522894,-0.10239740000000001,-0.08541275,-0.07846300000000003,-0.0757335000000001,-0.07188740000000005,-0.07135110000000006,-0.06933378000000005,-0.15442200000000006,-0.0691520000000001
da10_gap1_joint_amp0p5,10.0,read_select,20,rbf_svm,levels,ack_clrt,clrt_ms_max,READ,SELECT,False,185,0.6620595675675677,1.179668852017753,1.3916186004208833,0.05857599999999995,0.06753999999999993,0.07200799999999996,0.6558220000000001,2.365167,3.318581599999998,4.85833724,0.011487000000000025,5.978656
da10_gap1_joint_amp0p5,10.0,read_select,20,rbf_svm,levels,ack_clrt,clrt_ms_max,READ,READ,True,115,9.077335086956523,16.90633220995886,285.8240687934925,0.02410680000000002,0.05505299999999999,2.381746,11.9198425,21.95465440000003,47.270849599999956,76.51775714,0.003589000000000009,87.88718899999999
da10_gap1_joint_amp0p5,10.0,read_select,20,rbf_svm,levels,ack_clrt,clrt_ms_max,SELECT,SELECT,True,238,0.6663474663865545,1.2279383502468393,1.5078325920069295,0.05934099999999998,0.06729724999999992,0.07156999999999997,0.36647775000000016,2.591518,3.79354255,4.73093548,0.01102499999999984,5.156229
da10_gap1_joint_amp0p5,10.0,read_select,20,rbf_svm,levels,ack_clrt,clrt_ms_max,SELECT,READ,False,62,2.1036358064516123,2.6391926355242945,6.9653377674056705,0.01644829999999993,0.037265749999999875,0.09152749999999998,3.80197525,5.145888299999999,6.471949599999996,10.57066901,0.0034079999999998556,10.954273
da15_gap1_joint_amp0p5,15.0,three_class,1,rf,levels,ack_clrt,ack_ms,READ,READ,True,2261,0.10780443210968572,0.01095325539533074,0.00011997380375534198,0.09404799999999902,0.10698099999999933,0.11011300000000013,0.11303099999999944,0.11587600000000009,0.11813699999999905,0.1223393999999999,0.03747300000000031,0.15730999999999895
da15_gap1_joint_amp0p5,15.0,three_class,1,rf,levels,ack_clrt,ack_ms,READ,OPERATE,False,1731,0.10329053321779291,0.013111040756807054,0.0001718993897266557,0.09032499999999999,0.10326150000000034,0.10622299999999996,0.10904399999999992,0.112089000000001,0.11553649999999926,0.12667269999999958,0.035919999999999064,0.13991899999999902
da15_gap1_joint_amp0p5,15.0,three_class,1,rf,levels,ack_clrt,ack_ms,READ,SELECT,False,2008,0.10499466135458142,0.015319590724851374,0.00023468985997695228,0.08989619999999991,0.10507899999999948,0.10757999999999956,0.11132650000000055,0.11481720000000077,0.11811544999999901,0.13570771000000043,0.037338999999999345,0.1581349999999997
da15_gap1_joint_amp0p5,15.0,three_class,1,rf,levels,ack_clrt,ack_ms,SELECT,SELECT,True,2115,0.10488846666666643,0.014375686385346424,0.00020666035904983455,0.0903297999999996,0.10502599999999962,0.10708200000000012,0.11058549999999912,0.11389019999999982,0.11688979999999968,0.13465632000000008,0.037256000000001066,0.15864499999999992
da15_gap1_joint_amp0p5,15.0,three_class,1,rf,levels,ack_clrt,ack_ms,OPERATE,READ,False,1888,0.10733448146186415,0.010687243274133158,0.00011421716880050444,0.09332750000000019,0.10626899999999884,0.10923849999999913,0.11216574999999995,0.1153568000000007,0.11831124999999947,0.12291342999999881,0.03708099999999881,0.17644699999999958
da15_gap1_joint_amp0p5,15.0,three_class,1,rf,levels,ack_clrt,ack_ms,SELECT,OPERATE,False,1811,0.1031865212589727,0.01213257078249875,0.00014719927379234235,0.09032499999999999,0.10338950000000047,0.10574499999999887,0.10870599999999975,0.11130899999999855,0.1142714999999992,0.1251491999999998,0.03560300000000005,0.13051799999999858
da15_gap1_joint_amp0p5,15.0,three_class,1,rf,levels,ack_clrt,ack_ms,OPERATE,OPERATE,True,2217,0.10121325484889462,0.014366799338657954,0.00020640492323726264,0.08568620000000031,0.10121000000000002,0.10489499999999907,0.10764099999999921,0.11022800000000003,0.11246599999999986,0.11940555999999958,0.03390800000000027,0.1305209999999999
da15_gap1_joint_amp0p5,15.0,three_class,1,rf,levels,ack_clrt,ack_ms,SELECT,READ,False,2074,0.10761893876566994,0.010801932173523404,0.00011668173868140004,0.09360199999999956,0.1067102499999999,0.1099344999999996,0.11282999999999976,0.11594809999999942,0.11846134999999966,0.12256997000000026,0.03742599999999996,0.13130499999999934
da15_gap1_joint_amp0p5,15.0,three_class,1,rf,levels,ack_clrt,ack_ms,OPERATE,SELECT,False,1895,0.10432197361477545,0.014722182019620252,0.00021674264341882982,0.08999059999999978,0.10475949999999923,0.10667199999999966,0.11037799999999987,0.11320300000000039,0.1163028999999991,0.13350972000000022,0.03722999999999921,0.14936299999999925
da15_gap1_joint_amp0p5,15.0,three_class,1,rf,levels,ack_clrt,clrt_ms,READ,READ,True,2261,0.37837386112339666,4.605844488599663,21.213803453163894,-0.025182000000000038,-0.007562000000000069,-0.0013129999999998976,0.004010999999999987,0.015608999999999984,0.02522499999999983,8.784240400000034,-0.12059600000000015,85.174815
da15_gap1_joint_amp0p5,15.0,three_class,1,rf,levels,ack_clrt,clrt_ms,READ,OPERATE,False,1731,-0.002961945118428659,0.03585833534627297,0.0012858202138057693,-0.022361000000000075,-0.008323500000000011,-0.0011369999999999436,0.00393249999999995,0.013931000000000138,0.024170499999999984,0.06437680000000007,-0.15564699999999987,0.8629860000000003
da15_gap1_joint_amp0p5,15.0,three_class,1,rf,levels,ack_clrt,clrt_ms,READ,SELECT,False,2008,-0.003987787848605582,0.0230374311327679,0.0005307232331970237,-0.02277170000000011,-0.0071832499999999605,-0.001712999999999909,0.003539249999999869,0.009464300000000076,0.01795465000000001,0.06959708999999999,-0.10191400000000006,0.07362000000000002
da15_gap1_joint_amp0p5,15.0,three_class,1,rf,levels,ack_clrt,clrt_ms,SELECT,SELECT,True,2115,-0.004928549881796697,0.022826178670666608,0.0005210344327051952,-0.02644860000000002,-0.006684500000000038,-0.0012849999999999806,0.0034339999999998816,0.007121600000000063,0.015633699999999938,0.06783557999999999,-0.10107900000000003,0.07379199999999986
da15_gap1_joint_amp0p5,15.0,three_class,1,rf,levels,ack_clrt,clrt_ms,OPERATE,READ,False,1888,0.02629083580508474,0.4925711425932666,0.24262633051563617,-0.0270101,-0.00761725000000002,-0.0012565000000001048,0.0037900000000000156,0.013069399999999919,0.02140924999999991,0.06149156999999918,-0.12266100000000013,10.905325000000001
da15_gap1_joint_amp0p5,15.0,three_class,1,rf,levels,ack_clrt,clrt_ms,SELECT,OPERATE,False,1811,-0.0018476294864715683,0.0641369776943456,0.004113551907764986,-0.020140999999999964,-0.006855000000000028,-0.0009179999999999744,0.0035145000000000037,0.012500999999999984,0.02296899999999996,0.055372900000000266,-0.16629400000000005,2.5199560000000005
da15_gap1_joint_amp0p5,15.0,three_class,1,rf,levels,ack_clrt,clrt_ms,OPERATE,OPERATE,True,2217,0.006872725304465487,0.13066587595784246,0.01707357113983027,-0.02004459999999987,-0.006377999999999995,-0.0006960000000000299,0.0042919999999999625,0.016842799999999915,0.02717539999999984,0.09432584000000153,-0.139953,3.020563
da15_gap1_joint_amp0p5,15.0,three_class,1,rf,levels,ack_clrt,clrt_ms,SELECT,READ,False,2074,0.011115368370298931,0.3280031527972831,0.10758606824495785,-0.02750029999999999,-0.007425749999999842,-0.0012994999999999535,0.0026985000000001036,0.01027839999999998,0.021405549999999995,0.04963410999999998,-0.08611400000000002,8.305503000000002
da15_gap1_joint_amp0p5,15.0,three_class,1,rf,levels,ack_clrt,clrt_ms,OPERATE,SELECT,False,1895,-0.004268668073878634,0.023234694107003556,0.0005398510102460258,-0.022985800000000056,-0.006966500000000014,-0.0015240000000000808,0.003396999999999928,0.00827899999999993,0.019071200000000104,0.07006190000000018,-0.09953100000000004,0.07421600000000006
da15_gap1_joint_amp0p5,15.0,three_class,5,rf,levels,ack_clrt,ack_ms_mean,OPERATE,OPERATE,True,500,0.1018264787999997,0.0054017105082251994,2.917847641467054e-05,0.09416195999999967,0.09928129999999973,0.1029306999999994,0.1056770999999996,0.10745771999999945,0.1083699900000002,0.1120806659999994,0.07443219999999968,0.11334959999999938
da15_gap1_joint_amp0p5,15.0,three_class,5,rf,levels,ack_clrt,ack_ms_mean,OPERATE,SELECT,False,377,0.10490584933686976,0.006612250902953843,4.3721862003613905e-05,0.09322635999999954,0.10287079999999946,0.10678419999999988,0.10899099999999998,0.11106883999999972,0.11243875999999986,0.11527405599999996,0.0801473999999999,0.11966239999999964
da15_gap1_joint_amp0p5,15.0,three_class,5,rf,levels,ack_clrt,ack_ms_mean,OPERATE,READ,False,323,0.1067577114551081,0.004653887728734392,2.165867099166456e-05,0.10111915999999943,0.10485159999999977,0.10775559999999977,0.10970469999999963,0.11099595999999998,0.11310175999999986,0.11523129599999936,0.08784879999999973,0.12539639999999963
da15_gap1_joint_amp0p5,15.0,three_class,5,rf,levels,ack_clrt,ack_ms_mean,READ,READ,True,520,0.10731534076923051,0.004893968561594581,2.3950928281876134e-05,0.10078639999999954,0.10519065000000004,0.10832539999999985,0.11031729999999981,0.11220445999999942,0.11327586,0.11700797599999962,0.08792979999999986,0.1180562000000002
da15_gap1_joint_amp0p5,15.0,three_class,5,rf,levels,ack_clrt,ack_ms_mean,READ,OPERATE,False,303,0.10209219141914168,0.005447502682050688,2.967528547094944e-05,0.09453611999999985,0.09949549999999974,0.1031991999999999,0.10585559999999941,0.10778008,0.10894583999999977,0.11072145200000032,0.07450579999999966,0.11396579999999971
da15_gap1_joint_amp0p5,15.0,three_class,5,rf,levels,ack_clrt,ack_ms_mean,READ,SELECT,False,377,0.10593180795755942,0.005915027278544995,3.4987547705931406e-05,0.0959205599999995,0.1038091999999999,0.10733419999999931,0.10958599999999982,0.11231699999999954,0.11402900000000009,0.1167509119999995,0.08786999999999985,0.11925659999999957
da15_gap1_joint_amp0p5,15.0,three_class,5,rf,levels,ack_clrt,ack_ms_mean,SELECT,READ,False,416,0.10713471730769206,0.004324969026332913,1.8705357078739066e-05,0.10168869999999988,0.10530874999999967,0.10786929999999995,0.10996849999999991,0.11179799999999993,0.11276359999999953,0.11420505999999973,0.09004799999999982,0.11594539999999967
da15_gap1_joint_amp0p5,15.0,three_class,5,rf,levels,ack_clrt,ack_ms_mean,SELECT,SELECT,True,425,0.10634053882352919,0.0055954243805051785,3.1308773997951755e-05,0.09850871999999967,0.10472519999999932,0.10715859999999963,0.1093110000000003,0.11174355999999953,0.11367463999999948,0.11744621599999996,0.08070639999999969,0.1250479999999996
da15_gap1_joint_amp0p5,15.0,three_class,5,rf,levels,ack_clrt,ack_ms_mean,SELECT,OPERATE,False,359,0.10200430027855126,0.0053580867502031095,2.8709093622702123e-05,0.09426255999999988,0.09942989999999946,0.10289039999999935,0.1056810999999998,0.1076949599999996,0.10918387999999947,0.11095924399999987,0.0801799999999993,0.11291339999999969
da15_gap1_joint_amp0p5,15.0,three_class,5,rf,levels,ack_clrt,ack_ms_std,OPERATE,OPERATE,True,500,0.009970221344064625,0.008243639862320434,6.795759817963847e-05,0.002153492283768592,0.003755432815072137,0.00797098335678707,0.011446705140009294,0.026691380883760638,0.02849291303363826,0.03023576908016429,0.0005501592496724816,0.030926932515204387
da15_gap1_joint_amp0p5,15.0,three_class,5,rf,levels,ack_clrt,ack_ms_std,OPERATE,SELECT,False,377,0.010406046715858342,0.008139055940021648,6.624423159480168e-05,0.003195281958622988,0.004484465301460675,0.007497609688427397,0.012484834368144558,0.026682258960884414,0.027405043625185223,0.028492496548824423,0.0014642084004681552,0.0326706112131377
da15_gap1_joint_amp0p5,15.0,three_class,5,rf,levels,ack_clrt,ack_ms_std,OPERATE,READ,False,323,0.00765694172629182,0.006310492910407854,3.982232077230779e-05,0.0019888003784964995,0.0030250597576110825,0.00612929618798066,0.010182310499010905,0.012413227198271756,0.026080321619688745,0.029282935863107214,0.0005500055999713399,0.031945837917325366
da15_gap1_joint_amp0p5,15.0,three_class,5,rf,levels,ack_clrt,ack_ms_std,READ,READ,True,520,0.007853089775493259,0.0065204034557837555,4.2515661226196744e-05,0.002159233665188207,0.003333440486905111,0.006259722015100456,0.009974729487358152,0.01242316958024345,0.026524497522977787,0.02879875209312093,0.0006714216558910557,0.030864859924515726
da15_gap1_joint_amp0p5,15.0,three_class,5,rf,levels,ack_clrt,ack_ms_std,READ,OPERATE,False,303,0.010504713168026907,0.008276793923586732,6.850531765352226e-05,0.0021632273934337164,0.004111490206603112,0.008481069493878729,0.011601530088500716,0.026360476884233847,0.028108600546497952,0.029259354019836866,0.0006013313229827983,0.03388405007315392
da15_gap1_joint_amp0p5,15.0,three_class,5,rf,levels,ack_clrt,ack_ms_std,READ,SELECT,False,377,0.010332331377538338,0.00792080867389166,6.273921004839733e-05,0.0032995147626451674,0.004609194029328968,0.007526678959541063,0.012147260853377403,0.026830052427979565,0.027796361217676237,0.028503849345386648,0.0009826182168058526,0.03063817581123288
da15_gap1_joint_amp0p5,15.0,three_class,5,rf,levels,ack_clrt,ack_ms_std,SELECT,READ,False,416,0.007381906505271448,0.005638950082251392,3.179775803012298e-05,0.0022127294259380818,0.0031905398326112842,0.006140088409784722,0.010135169912741639,0.012074032879275765,0.017693200781163067,0.028358861126087757,0.001022825693849919,0.029708853721407698
da15_gap1_joint_amp0p5,15.0,three_class,5,rf,levels,ack_clrt,ack_ms_std,SELECT,SELECT,True,425,0.008904838875748918,0.006911187681805394,4.776451517313862e-05,0.0030873925483192984,0.004146413920485617,0.006601208780215795,0.010599681968813737,0.02194173235854337,0.02665567729299392,0.027792910003506473,0.0007403900053351214,0.03394340154197875
da15_gap1_joint_amp0p5,15.0,three_class,5,rf,levels,ack_clrt,ack_ms_std,SELECT,OPERATE,False,359,0.010458388161978333,0.008629536026390616,7.446889203077353e-05,0.0021462654346507343,0.004248387202879849,0.008171267416992768,0.011355981718831187,0.027141215440647445,0.02913266347934774,0.031211133857603116,0.00048141067707269656,0.036330270502708845
da15_gap1_joint_amp0p5,15.0,three_class,5,rf,levels,ack_clrt,ack_ms_min,OPERATE,OPERATE,True,500,0.08405703199999977,0.020999815346878132,0.00044099224460297836,0.03915439999999961,0.08152874999999904,0.0877719999999993,0.10061299999999918,0.10421199999999953,0.10491919999999863,0.10623145999999929,0.035054999999999836,0.10689299999999946
da15_gap1_joint_amp0p5,15.0,three_class,5,rf,levels,ack_clrt,ack_ms_min,OPERATE,SELECT,False,377,0.08772140848806335,0.02221540156544054,0.000493524066713778,0.04097879999999954,0.08438400000000001,0.09591399999999872,0.1036090000000005,0.10541380000000053,0.1058489999999992,0.10697607999999931,0.034365999999998564,0.10797900000000027
da15_gap1_joint_amp0p5,15.0,three_class,5,rf,levels,ack_clrt,ack_ms_min,OPERATE,READ,False,323,0.0940206315789471,0.01630008280603082,0.00026569269948346154,0.08297279999999958,0.08573349999999991,0.10009999999999941,0.1056979999999994,0.10711259999999996,0.10768690000000003,0.11003449999999967,0.03390800000000027,0.11293199999999892
da15_gap1_joint_amp0p5,15.0,three_class,5,rf,levels,ack_clrt,ack_ms_min,READ,READ,True,520,0.0941514865384613,0.01726254852585527,0.00029799558160750804,0.08331989999999881,0.08777625000000011,0.09977699999999956,0.10619049999999985,0.10771889999999917,0.10853225000000029,0.11069634999999911,0.0362360000000006,0.11352199999999968
da15_gap1_joint_amp0p5,15.0,three_class,5,rf,levels,ack_clrt,ack_ms_min,READ,OPERATE,False,303,0.0832342673267324,0.02092682994946484,0.00043793221173381866,0.04082219999999914,0.08172649999999937,0.08605000000000018,0.10084150000000047,0.10435440000000007,0.10537660000000101,0.10675684000000055,0.035919999999999064,0.10748399999999947
da15_gap1_joint_amp0p5,15.0,three_class,5,rf,levels,ack_clrt,ack_ms_min,READ,SELECT,False,377,0.0890216445623339,0.021308292148289266,0.000454043314276846,0.042660800000000165,0.08512200000000014,0.0974459999999997,0.10420199999999902,0.10566440000000057,0.1063048000000002,0.10798424000000012,0.0368239999999993,0.11092499999999994
da15_gap1_joint_amp0p5,15.0,three_class,5,rf,levels,ack_clrt,ack_ms_min,SELECT,READ,False,416,0.09501736298076903,0.014996684187534552,0.00022490053662064887,0.08333299999999966,0.0867537499999993,0.09952499999999986,0.10606949999999982,0.1075399999999993,0.10816324999999871,0.10977784999999987,0.03742100000000015,0.11033799999999871
da15_gap1_joint_amp0p5,15.0,three_class,5,rf,levels,ack_clrt,ack_ms_min,SELECT,SELECT,True,425,0.0922303694117645,0.01821247731322439,0.000331694329884713,0.08186659999999932,0.0877769999999991,0.09928099999999951,0.10464799999999919,0.10557219999999887,0.10608819999999923,0.10801404000000055,0.03742599999999996,0.11038399999999982
da15_gap1_joint_amp0p5,15.0,three_class,5,rf,levels,ack_clrt,ack_ms_min,SELECT,OPERATE,False,359,0.08342217548746488,0.021415097169775642,0.0004586063867909327,0.03921800000000068,0.08222899999999989,0.08795100000000033,0.09948800000000091,0.10430279999999925,0.10531070000000042,0.10675151999999972,0.03560300000000005,0.10688500000000012
da15_gap1_joint_amp0p5,15.0,three_class,5,rf,levels,ack_clrt,ack_ms_max,OPERATE,OPERATE,True,500,0.11103761599999971,0.004341480007617718,1.8848448656544343e-05,0.10689599999999988,0.10836700000000032,0.10995999999999917,0.11242574999999944,0.11697070000000008,0.11993339999999932,0.1271759099999994,0.10318799999999939,0.13096200000000024
da15_gap1_joint_amp0p5,15.0,three_class,5,rf,levels,ack_clrt,ack_ms_max,OPERATE,SELECT,False,377,0.11636333421750637,0.00777092565380377,6.038728551694555e-05,0.11056359999999969,0.11164100000000055,0.11389100000000063,0.11758099999999949,0.12668579999999993,0.13356740000000009,0.14632255999999977,0.10513100000000009,0.14936299999999925
da15_gap1_joint_amp0p5,15.0,three_class,5,rf,levels,ack_clrt,ack_ms_max,OPERATE,READ,False,323,0.11516056346749207,0.00564383114325067,3.185282997352617e-05,0.11058059999999906,0.11203699999999905,0.11406200000000055,0.11653949999999913,0.12076819999999913,0.12285109999999992,0.13250609999999932,0.10572299999999935,0.17644699999999958
da15_gap1_joint_amp0p5,15.0,three_class,5,rf,levels,ack_clrt,ack_ms_max,READ,READ,True,520,0.11566502307692283,0.005090949096893417,2.59177627071599e-05,0.11080459999999856,0.11246049999999963,0.11467699999999947,0.1176377500000001,0.12071659999999884,0.1252199,0.1326438400000003,0.1064879999999988,0.15730999999999895
da15_gap1_joint_amp0p5,15.0,three_class,5,rf,levels,ack_clrt,ack_ms_max,READ,OPERATE,False,303,0.11149621782178196,0.0039826320648253515,1.5861358163775042e-05,0.10731619999999928,0.1088009999999997,0.11080699999999943,0.11324099999999948,0.11724360000000011,0.11923710000000066,0.1253398800000005,0.10469600000000057,0.1277690000000007
da15_gap1_joint_amp0p5,15.0,three_class,5,rf,levels,ack_clrt,ack_ms_max,READ,SELECT,False,377,0.11746796286472122,0.008347440972164251,6.967977078376647e-05,0.11075099999999978,0.11210899999999846,0.11465700000000112,0.1194879999999987,0.12898879999999976,0.13578960000000037,0.1466886799999999,0.10553799999999924,0.1581349999999997
da15_gap1_joint_amp0p5,15.0,three_class,5,rf,levels,ack_clrt,ack_ms_max,SELECT,READ,False,416,0.1153960312499997,0.004285301102593489,1.8363805539888974e-05,0.11085449999999941,0.11240349999999966,0.11465749999999986,0.11768174999999914,0.12045799999999929,0.12350124999999901,0.12874999999999925,0.10811499999999974,0.14151500000000006
da15_gap1_joint_amp0p5,15.0,three_class,5,rf,levels,ack_clrt,ack_ms_max,SELECT,SELECT,True,425,0.11688257176470562,0.007655808058332315,5.8611397026026007e-05,0.11094259999999885,0.11197099999999871,0.11429299999999998,0.11855100000000007,0.1260603999999997,0.13436899999999988,0.14542547999999889,0.10642999999999958,0.15864499999999992
da15_gap1_joint_amp0p5,15.0,three_class,5,rf,levels,ack_clrt,ack_ms_max,SELECT,OPERATE,False,359,0.11161927855153171,0.004696391184344932,2.2056090156392792e-05,0.10716119999999876,0.1087505000000002,0.11032499999999956,0.11362149999999982,0.11719679999999925,0.11894880000000096,0.12959051999999993,0.10462099999999985,0.1455099999999998
da15_gap1_joint_amp0p5,15.0,three_class,5,rf,levels,ack_clrt,clrt_ms_mean,OPERATE,OPERATE,True,500,0.004411737199999994,0.04809615292222837,0.0023132399259183766,-0.016718219999999964,-0.008030299999999973,-0.0004822999999999633,0.005014750000000031,0.011354340000000029,0.018492189999999912,0.23559292199999987,-0.038763600000000065,0.6041238
da15_gap1_joint_amp0p5,15.0,three_class,5,rf,levels,ack_clrt,clrt_ms_mean,OPERATE,SELECT,False,377,-0.005020600000000005,0.010902843977196392,0.00011887200679108765,-0.017127600000000017,-0.012190600000000051,-0.005232600000000054,0.0002979999999999317,0.012437039999999976,0.014536319999999997,0.017760440000000016,-0.04163740000000003,0.025791799999999955
da15_gap1_joint_amp0p5,15.0,three_class,5,rf,levels,ack_clrt,clrt_ms_mean,OPERATE,READ,False,323,0.0341915120743034,0.23703398287938293,0.056185109039663596,-0.017615800000000046,-0.0089364,-0.0023312,0.0010089999999999988,0.005469679999999981,0.0077685000000000315,1.4727949599999965,-0.03723020000000003,2.1775966
da15_gap1_joint_amp0p5,15.0,three_class,5,rf,levels,ack_clrt,clrt_ms_mean,READ,READ,True,520,0.32775643153846157,1.8989132681328755,3.6058715998910778,-0.018678260000000037,-0.012803549999999995,-0.002615099999999937,0.0013569000000000747,0.007188479999999938,1.6145938799999964,14.189275171999952,-0.047887799999999994,17.0378018
da15_gap1_joint_amp0p5,15.0,three_class,5,rf,levels,ack_clrt,clrt_ms_mean,READ,OPERATE,False,303,-0.001145702310231027,0.013082747792138354,0.000171158289792701,-0.016245119999999995,-0.006492500000000029,-9.959999999998858e-05,0.00484910000000004,0.010068599999999997,0.01273529999999995,0.024763156000000095,-0.0408972,0.1393828
da15_gap1_joint_amp0p5,15.0,three_class,5,rf,levels,ack_clrt,clrt_ms_mean,READ,SELECT,False,377,-0.004277075862068969,0.010321773972767866,0.00010653901794490811,-0.016014720000000007,-0.010791799999999973,-0.003592200000000001,0.0012958000000000357,0.010272240000000057,0.013278880000000002,0.01680637600000002,-0.03724500000000005,0.026830800000000023
da15_gap1_joint_amp0p5,15.0,three_class,5,rf,levels,ack_clrt,clrt_ms_mean,SELECT,READ,False,416,0.010912715865384608,0.14572139104080647,0.021234723806867636,-0.019112499999999984,-0.01361875000000003,-0.0038994000000000086,0.0011506499999999781,0.004392400000000013,0.006252049999999971,0.8793941300000004,-0.039789000000000005,1.6540538000000005
da15_gap1_joint_amp0p5,15.0,three_class,5,rf,levels,ack_clrt,clrt_ms_mean,SELECT,SELECT,True,425,-0.005743370352941183,0.01014030912267488,0.00010282586910340343,-0.017025760000000008,-0.011693600000000016,-0.004496800000000012,0.00011559999999999349,0.003459600000000022,0.012352719999999996,0.018253799999999955,-0.04551119999999996,0.022941999999999973
da15_gap1_joint_amp0p5,15.0,three_class,5,rf,levels,ack_clrt,clrt_ms_mean,SELECT,OPERATE,False,359,-0.0006743470752089175,0.028203712651455833,0.0007954494073258899,-0.015695600000000014,-0.008305299999999982,-0.0005302000000000473,0.0038450000000000094,0.009102560000000044,0.011530440000000008,0.01866803600000002,-0.04047940000000002,0.4879316
da15_gap1_joint_amp0p5,15.0,three_class,5,rf,levels,ack_clrt,clrt_ms_std,OPERATE,OPERATE,True,500,0.02958795848017936,0.09232141491128991,0.008523243651222543,0.003941208292879222,0.006266639830689022,0.0130698087359935,0.028379156117515316,0.03310709432061005,0.041048870584052356,0.4739949749053384,0.0014749136110295423,1.2082262368181549
da15_gap1_joint_amp0p5,15.0,three_class,5,rf,levels,ack_clrt,clrt_ms_std,OPERATE,SELECT,False,377,0.017367265424121855,0.010642896338934766,0.00011327124248131104,0.004714773132541222,0.007666298387096577,0.014001631167831865,0.027917980583129533,0.030618705870095422,0.03193259652730115,0.03736469312427352,0.0013729533713859067,0.04887089792668024
da15_gap1_joint_amp0p5,15.0,three_class,5,rf,levels,ack_clrt,clrt_ms_std,OPERATE,READ,False,323,0.09523844435156414,0.4726187653437506,0.22336849735505118,0.0054673370601924015,0.008116549610435876,0.012410401653451806,0.02798135299321524,0.037179450047474104,0.046276296524044705,2.97445768406269,0.0018303848119999315,4.363865977770381
da15_gap1_joint_amp0p5,15.0,three_class,5,rf,levels,ack_clrt,clrt_ms_std,READ,READ,True,520,0.6844319208377708,3.7935491688854586,14.391015296751554,0.005679515610796604,0.008644413388668514,0.014467876305738911,0.031134584717341082,0.04591526547015391,3.193735385138446,28.392121223275506,0.0013004403254283025,34.068507223196505
da15_gap1_joint_amp0p5,15.0,three_class,5,rf,levels,ack_clrt,clrt_ms_std,READ,OPERATE,False,303,0.017513570721110417,0.01976964379971195,0.00039083881596748907,0.0040706194093581985,0.007142096788255022,0.01283639627621393,0.025280492605938183,0.03173780597011316,0.03423103638767525,0.05644422506481924,0.0006412059263606755,0.281866478204415
da15_gap1_joint_amp0p5,15.0,three_class,5,rf,levels,ack_clrt,clrt_ms_std,READ,SELECT,False,377,0.01638921774630561,0.010732546033700833,0.00011518754436550748,0.004385408566962518,0.006947190839468853,0.011810807518539995,0.027304185134151088,0.031727584058951375,0.03362672900120325,0.03744085309276632,0.0016156075761149507,0.040394986710729296
da15_gap1_joint_amp0p5,15.0,three_class,5,rf,levels,ack_clrt,clrt_ms_std,SELECT,READ,False,416,0.05131482411145191,0.28886856047609133,0.08344504523152924,0.004838465234955128,0.007811728335037606,0.012603464300186731,0.028705871227141074,0.034570552567818755,0.04224163117765741,1.7725433043548813,0.0008315259707309647,3.3257348310564634
da15_gap1_joint_amp0p5,15.0,three_class,5,rf,levels,ack_clrt,clrt_ms_std,SELECT,SELECT,True,425,0.015565057330891292,0.010656165921528704,0.0001135538721471497,0.0038522951993742905,0.006040779505990936,0.011257904192166508,0.026367695436651212,0.031201934889381236,0.033367382792087355,0.03639112052335524,0.0012423103316000104,0.03831216650412765
da15_gap1_joint_amp0p5,15.0,three_class,5,rf,levels,ack_clrt,clrt_ms_std,SELECT,OPERATE,False,359,0.019231492901939526,0.05486361831869426,0.0030100166150193643,0.0031044951491850156,0.006538236386611645,0.01251560949215022,0.026557352406865048,0.031653456100195224,0.03354746733417846,0.040046379785517255,0.0007824886964040013,1.0163165834822536
da15_gap1_joint_amp0p5,15.0,three_class,5,rf,levels,ack_clrt,clrt_ms_min,OPERATE,OPERATE,True,500,-0.026518038000000004,0.028102217485041214,0.0007897346275765561,-0.07241940000000002,-0.05255050000000003,-0.012672499999999975,-0.005278500000000061,-0.0023319000000000074,-0.0008235499999998243,0.002704580000000024,-0.139953,0.006022000000000194
da15_gap1_joint_amp0p5,15.0,three_class,5,rf,levels,ack_clrt,clrt_ms_min,OPERATE,SELECT,False,377,-0.03115633156498674,0.026269426996017316,0.0006900827946990833,-0.07283240000000002,-0.056103000000000014,-0.021693000000000184,-0.009289000000000103,-0.004754000000000007,-0.003008199999999928,-0.0006402000000000214,-0.11462500000000003,0.00023100000000009224
da15_gap1_joint_amp0p5,15.0,three_class,5,rf,levels,ack_clrt,clrt_ms_min,OPERATE,READ,False,323,-0.032405736842105286,0.028992635356131332,0.0008405729048935966,-0.07834240000000003,-0.0654395000000001,-0.019812000000000163,-0.008708000000000105,-0.005572400000000009,-0.0033760000000000712,-0.00044618000000005206,-0.12266100000000013,0.0009500000000000064
da15_gap1_joint_amp0p5,15.0,three_class,5,rf,levels,ack_clrt,clrt_ms_min,READ,READ,True,520,-0.03531026153846154,0.030430969672561654,0.0009260439152123671,-0.07779729999999999,-0.06984999999999987,-0.0227165,-0.008836249999999934,-0.004214200000000001,-0.0025897500000000686,-0.00032024999999996374,-0.15564699999999987,0.002499000000000029
da15_gap1_joint_amp0p5,15.0,three_class,5,rf,levels,ack_clrt,clrt_ms_min,READ,OPERATE,False,303,-0.025251244224422452,0.025814180302427374,0.0006663719046862294,-0.0715676,-0.04708000000000004,-0.013918000000000041,-0.00600500000000001,-0.00261659999999999,-0.0010254999999999605,0.0016985600000000347,-0.08657099999999995,0.0033290000000000264
da15_gap1_joint_amp0p5,15.0,three_class,5,rf,levels,ack_clrt,clrt_ms_min,READ,SELECT,False,377,-0.028077055702917773,0.02520030673489326,0.0006350554595327065,-0.07108140000000003,-0.0458019999999999,-0.01675800000000005,-0.008596000000000048,-0.00489199999999994,-0.0035958000000000383,-0.0014150799999999935,-0.10191400000000006,0.002568999999999988
da15_gap1_joint_amp0p5,15.0,three_class,5,rf,levels,ack_clrt,clrt_ms_min,SELECT,READ,False,416,-0.03420275000000001,0.030469734217792012,0.0009284047033028853,-0.07806050000000006,-0.06917124999999985,-0.02261200000000002,-0.007749750000000069,-0.0043679999999999275,-0.0022845000000000226,4.174999999994488e-05,-0.16629400000000005,0.0024920000000001608
da15_gap1_joint_amp0p5,15.0,three_class,5,rf,levels,ack_clrt,clrt_ms_min,SELECT,SELECT,True,425,-0.029993531764705893,0.026159300022917113,0.0006843089776889912,-0.07339560000000002,-0.052956,-0.018935000000000146,-0.0085869999999999,-0.005036399999999938,-0.0033714000000000244,-0.0017872400000000198,-0.08589100000000005,0.0026339999999999697
da15_gap1_joint_amp0p5,15.0,three_class,5,rf,levels,ack_clrt,clrt_ms_min,SELECT,OPERATE,False,359,-0.025769203342618393,0.02652824363550734,0.0007037477103848357,-0.07216960000000003,-0.050077500000000025,-0.014365999999999879,-0.00448599999999999,-0.001962600000000081,-0.0008336999999998281,0.0009157599999999815,-0.08186500000000008,0.00224700000000011
da15_gap1_joint_amp0p5,15.0,three_class,5,rf,levels,ack_clrt,clrt_ms_max,OPERATE,OPERATE,True,500,0.052070403999999994,0.23273023429318498,0.05416336195416078,0.0017444999999999935,0.004455250000000022,0.01155600000000001,0.024976749999999853,0.06737450000000003,0.08060064999999986,1.18354699,-0.005544000000000049,3.020563
da15_gap1_joint_amp0p5,15.0,three_class,5,rf,levels,ack_clrt,clrt_ms_max,OPERATE,SELECT,False,377,0.016073400530503976,0.02238225033028478,0.0005009651298475333,0.00032060000000000427,0.002847000000000044,0.006819999999999993,0.015807000000000015,0.06539660000000001,0.06915340000000003,0.07345024000000015,-0.004108999999999918,0.07754300000000014
da15_gap1_joint_amp0p5,15.0,three_class,5,rf,levels,ack_clrt,clrt_ms_max,OPERATE,READ,False,323,0.21175369349845202,1.1840173501083189,1.4018970853575254,0.0021517999999999485,0.006425500000000001,0.011958999999999831,0.02240350000000005,0.03169980000000005,0.06722309999999988,7.421600219999983,-0.010800000000000032,10.905325000000001
da15_gap1_joint_amp0p5,15.0,three_class,5,rf,levels,ack_clrt,clrt_ms_max,READ,READ,True,520,1.6827047942307694,9.488322464453274,90.02826318944865,0.0016530999999999582,0.0055312500000000014,0.01203649999999995,0.023425750000000023,0.06810010000000001,7.999342549999998,70.97351384999978,-0.006558000000000064,85.174815
da15_gap1_joint_amp0p5,15.0,three_class,5,rf,levels,ack_clrt,clrt_ms_max,READ,OPERATE,False,303,0.022774079207920794,0.04704496463110841,0.0022132286971422413,0.002302399999999994,0.005800499999999986,0.011542000000000163,0.026036999999999977,0.05665380000000002,0.06596120000000008,0.13679114000000112,-0.009357999999999977,0.702359
da15_gap1_joint_amp0p5,15.0,three_class,5,rf,levels,ack_clrt,clrt_ms_max,READ,SELECT,False,377,0.016506679045092832,0.021968602547960365,0.0004826194979102507,0.0010821999999999221,0.003475000000000117,0.007302999999999948,0.01771300000000009,0.066493,0.06921800000000003,0.0724776,-0.006911999999999807,0.07639700000000005
da15_gap1_joint_amp0p5,15.0,three_class,5,rf,levels,ack_clrt,clrt_ms_max,SELECT,READ,False,416,0.09871680528846152,0.7245184494233899,0.5249269835548732,1.499999999995949e-05,0.004132250000000018,0.009096500000000174,0.020490000000000008,0.02802250000000006,0.056309249999999963,4.4243609500000005,-0.007133999999999974,8.305503000000002
da15_gap1_joint_amp0p5,15.0,three_class,5,rf,levels,ack_clrt,clrt_ms_max,SELECT,SELECT,True,425,0.012460950588235292,0.018143435397634772,0.0003291842480281464,0.00025299999999999227,0.00255099999999997,0.006244999999999945,0.013388000000000178,0.025534600000000126,0.06570759999999987,0.07077327999999994,-0.00675199999999998,0.07561899999999988
da15_gap1_joint_amp0p5,15.0,three_class,5,rf,levels,ack_clrt,clrt_ms_max,SELECT,OPERATE,False,359,0.0262816991643454,0.1360247078707561,0.01850272115132454,0.0019222000000000525,0.004626499999999978,0.010779000000000094,0.024148999999999976,0.04983000000000004,0.06750999999999992,0.07409660000000008,-0.006494,2.5199560000000005
da15_gap1_joint_amp0p5,15.0,three_class,20,rf,levels,ack_clrt,ack_ms_mean,OPERATE,OPERATE,True,145,0.10254604620689628,0.002621558549893574,6.872569230520101e-06,0.09936829999999974,0.10096524999999987,0.10267189999999973,0.10454994999999964,0.10550736999999978,0.10586721999999998,0.10696435799999968,0.09385649999999979,0.10944429999999974
da15_gap1_joint_amp0p5,15.0,three_class,20,rf,levels,ack_clrt,ack_ms_mean,OPERATE,READ,False,56,0.10636943392857115,0.0020566809017484255,4.229936331616717e-06,0.10318322499999968,0.10546211249999955,0.10686607499999981,0.10767922499999978,0.10865267499999959,0.10921198749999982,0.10959518749999977,0.10015584999999998,0.10992009999999963
da15_gap1_joint_amp0p5,15.0,three_class,20,rf,levels,ack_clrt,ack_ms_mean,OPERATE,SELECT,False,99,0.10515662979797952,0.002976890283576212,8.86187576045046e-06,0.1012598599999997,0.10286069999999974,0.10575999999999955,0.10685917499999986,0.10887423999999969,0.10995330999999967,0.11149894099999978,0.09801894999999972,0.11150094999999993
da15_gap1_joint_amp0p5,15.0,three_class,20,rf,levels,ack_clrt,ack_ms_mean,READ,READ,True,113,0.10701487920353958,0.002321408395206025,5.388936937333013e-06,0.10385283999999968,0.10552275000000008,0.10732569999999982,0.10848254999999973,0.10947590999999969,0.1106567799999997,0.11176175200000002,0.09913299999999978,0.11217939999999951
da15_gap1_joint_amp0p5,15.0,three_class,20,rf,levels,ack_clrt,ack_ms_mean,READ,SELECT,False,111,0.10562958468468442,0.003251570195137964,1.0572708733909539e-05,0.10091514999999998,0.1032296999999998,0.10641664999999971,0.10820349999999973,0.10926109999999997,0.10990992499999969,0.11138761499999986,0.09831749999999966,0.11187914999999968
da15_gap1_joint_amp0p5,15.0,three_class,20,rf,levels,ack_clrt,ack_ms_mean,SELECT,READ,False,93,0.10710669892473094,0.0017723718071692425,3.1413018228483665e-06,0.10474680999999963,0.10624915000000001,0.10725569999999988,0.1082371499999999,0.10897680999999992,0.1092295599999996,0.11122614999999973,0.1018271999999997,0.11171489999999987
da15_gap1_joint_amp0p5,15.0,three_class,20,rf,levels,ack_clrt,ack_ms_mean,SELECT,SELECT,True,123,0.10545264634146316,0.003056229398714685,9.340538137567926e-06,0.10164922999999981,0.10376147499999985,0.10543669999999983,0.10758819999999991,0.10926811999999961,0.11034587499999966,0.11169688099999965,0.09759464999999964,0.11195095000000004
da15_gap1_joint_amp0p5,15.0,three_class,20,rf,levels,ack_clrt,ack_ms_mean,READ,OPERATE,False,76,0.1033024401315787,0.002452797594692127,6.016216040527485e-06,0.10086522499999977,0.1019048374999999,0.10353549999999964,0.10506734999999988,0.10583182499999957,0.10666646249999945,0.10753494999999973,0.09430439999999995,0.10758414999999974
da15_gap1_joint_amp0p5,15.0,three_class,20,rf,levels,ack_clrt,ack_ms_mean,SELECT,OPERATE,False,84,0.10314262261904739,0.0027172182295042654,7.383274906750294e-06,0.09994632499999967,0.10184727499999993,0.10341497499999978,0.10498344999999962,0.10590414499999984,0.1064955299999998,0.10732853899999963,0.09058554999999986,0.10801884999999975
da15_gap1_joint_amp0p5,15.0,three_class,20,rf,levels,ack_clrt,ack_ms_std,OPERATE,OPERATE,True,145,0.013367535042063467,0.004856576428854932,2.3586334609309327e-05,0.007295525829283353,0.009160287045720694,0.014111028850778253,0.01665118746666441,0.020522814449140295,0.021838139676451544,0.024883190014980384,0.005974645565010392,0.026178850458146923
da15_gap1_joint_amp0p5,15.0,three_class,20,rf,levels,ack_clrt,ack_ms_std,OPERATE,READ,False,56,0.009291101385096267,0.004367595143884227,1.907588734088108e-05,0.004740628897448093,0.005875492769483326,0.007653162090077112,0.01171778159926232,0.01659121849859754,0.017060762806067185,0.017727955042154377,0.003041944589814271,0.01800346051256525
da15_gap1_joint_amp0p5,15.0,three_class,20,rf,levels,ack_clrt,ack_ms_std,OPERATE,SELECT,False,99,0.012356176271790233,0.005418989959935139,2.9365452185877844e-05,0.005490256825783266,0.0077290482923023235,0.011860914090406478,0.01661796422034928,0.019651957725329353,0.02125343238773998,0.023238681042410676,0.002883802702596072,0.023465004137012083
da15_gap1_joint_amp0p5,15.0,three_class,20,rf,levels,ack_clrt,ack_ms_std,READ,READ,True,113,0.009879968516683919,0.004394014745784408,1.930736558617082e-05,0.005127198013599178,0.006856558356056028,0.00832423385348472,0.012721245404735047,0.016480441536532397,0.01694876034316596,0.020888583580888614,0.003380010031050407,0.02096615942894642
da15_gap1_joint_amp0p5,15.0,three_class,20,rf,levels,ack_clrt,ack_ms_std,READ,SELECT,False,111,0.013313339407826343,0.005201434187204505,2.7054917603819787e-05,0.006718882907708551,0.008535344034958283,0.015010657650482939,0.01717329259889821,0.02035053944463127,0.02165372430146882,0.023411600515361133,0.004297719687229735,0.02478607690599695
da15_gap1_joint_amp0p5,15.0,three_class,20,rf,levels,ack_clrt,ack_ms_std,SELECT,READ,False,93,0.00791020307348697,0.00341716604964915,1.1677023810874777e-05,0.004487074863836244,0.005778868154535205,0.007257154588921135,0.008926632421439692,0.010490969055662972,0.01637354943451266,0.020318582055366487,0.002944047000303929,0.020672319647054842
da15_gap1_joint_amp0p5,15.0,three_class,20,rf,levels,ack_clrt,ack_ms_std,SELECT,SELECT,True,123,0.012521803742394692,0.005101418172055509,2.6024467366178172e-05,0.006359320525234077,0.008693182624492504,0.010518995332730431,0.016462303892089372,0.018902277896082786,0.021931820206847,0.024919231874990403,0.004971503246252446,0.025419422004197962
da15_gap1_joint_amp0p5,15.0,three_class,20,rf,levels,ack_clrt,ack_ms_std,READ,OPERATE,False,76,0.012944071912868541,0.00453237322049383,2.0542407009849608e-05,0.008176432829062354,0.009672989345711706,0.012931813914807772,0.016065714410524463,0.017992841814430484,0.021736187225448712,0.02506325301568126,0.004967203602380102,0.025315438349750256
da15_gap1_joint_amp0p5,15.0,three_class,20,rf,levels,ack_clrt,ack_ms_std,SELECT,OPERATE,False,84,0.013004610685636495,0.004764076650572386,2.2696426332529e-05,0.007677898523262889,0.008788303549115188,0.012841731656220556,0.01645422192951591,0.019100826858371122,0.021102412572328026,0.024368127329244656,0.0056004550732510205,0.026626893939164405
da15_gap1_joint_amp0p5,15.0,three_class,20,rf,levels,ack_clrt,ack_ms_min,OPERATE,OPERATE,True,145,0.06014001379310307,0.02144366811454398,0.00045983090220671027,0.03662040000000033,0.03790499999999852,0.04886199999999974,0.08208700000000135,0.08334819999999965,0.08395939999999946,0.08804672000000004,0.034365999999998564,0.0904019999999992
da15_gap1_joint_amp0p5,15.0,three_class,20,rf,levels,ack_clrt,ack_ms_min,OPERATE,READ,False,56,0.07756998214285675,0.021393925755499532,0.00045770005923182616,0.03859949999999923,0.08160149999999966,0.08485500000000101,0.09032150000000039,0.09401850000000067,0.10136199999999995,0.10340614999999911,0.03390800000000027,0.1044439999999991
da15_gap1_joint_amp0p5,15.0,three_class,20,rf,levels,ack_clrt,ack_ms_min,OPERATE,SELECT,False,99,0.06654696969696944,0.023988072611303094,0.0005754276276051497,0.03847039999999957,0.04018950000000032,0.08133699999999955,0.08739699999999928,0.0928291999999999,0.09887749999999915,0.10501663999999934,0.037166999999998396,0.10622400000000098
da15_gap1_joint_amp0p5,15.0,three_class,20,rf,levels,ack_clrt,ack_ms_min,READ,READ,True,113,0.07535846017699091,0.021121592115772202,0.0004461216535050505,0.039218199999998406,0.05538000000000132,0.08406999999999876,0.0886610000000001,0.09431520000000085,0.09934619999999937,0.10362992000000083,0.03670699999999982,0.10545099999999863
da15_gap1_joint_amp0p5,15.0,three_class,20,rf,levels,ack_clrt,ack_ms_min,READ,SELECT,False,111,0.06402836936936906,0.02399374244959372,0.0005756996767374356,0.03853200000000001,0.04014849999999992,0.050499999999999545,0.08762850000000011,0.09314900000000037,0.09694800000000026,0.10140699999999861,0.03714899999999943,0.10255499999999884
da15_gap1_joint_amp0p5,15.0,three_class,20,rf,levels,ack_clrt,ack_ms_min,SELECT,READ,False,93,0.08411634408602121,0.01465147515894639,0.00021466572433322313,0.08229739999999879,0.08335399999999993,0.08545200000000008,0.09013599999999933,0.09709059999999994,0.10075800000000007,0.10458067999999997,0.03729300000000002,0.10469200000000001
da15_gap1_joint_amp0p5,15.0,three_class,20,rf,levels,ack_clrt,ack_ms_min,SELECT,SELECT,True,123,0.0675357804878046,0.02306854583769069,0.0005321578070656366,0.03821859999999901,0.04045349999999992,0.0827069999999992,0.08660599999999974,0.09143780000000064,0.09372369999999977,0.09998271999999979,0.03720199999999885,0.10081500000000077
da15_gap1_joint_amp0p5,15.0,three_class,20,rf,levels,ack_clrt,ack_ms_min,READ,OPERATE,False,76,0.06314080263157869,0.020084323626977114,0.00040338005555315106,0.0378475000000007,0.04098774999999932,0.06583450000000024,0.08282649999999858,0.08453099999999925,0.08723199999999931,0.08870699999999987,0.035919999999999064,0.0891990000000007
da15_gap1_joint_amp0p5,15.0,three_class,20,rf,levels,ack_clrt,ack_ms_min,SELECT,OPERATE,False,84,0.06179634523809495,0.02144257133961829,0.00045978386565461967,0.037679699999998914,0.039768000000000026,0.05468250000000019,0.08254824999999988,0.08541930000000023,0.08804349999999932,0.08968143000000005,0.03560300000000005,0.08991299999999924
da15_gap1_joint_amp0p5,15.0,three_class,20,rf,levels,ack_clrt,ack_ms_max,OPERATE,OPERATE,True,145,0.11745597241379299,0.005689275620752967,3.2367857088894056e-05,0.11150580000000047,0.11319100000000049,0.11607200000000084,0.12096000000000018,0.1251621999999994,0.1275589999999994,0.13407587999999998,0.10989799999999939,0.13717899999999972
da15_gap1_joint_amp0p5,15.0,three_class,20,rf,levels,ack_clrt,ack_ms_max,OPERATE,READ,False,56,0.1194898571428569,0.005531261020743222,3.059484847959335e-05,0.11471399999999932,0.11581500000000045,0.11792849999999966,0.12079299999999904,0.12896850000000093,0.12970450000000033,0.1350893499999999,0.11343399999999981,0.13995300000000022
da15_gap1_joint_amp0p5,15.0,three_class,20,rf,levels,ack_clrt,ack_ms_max,OPERATE,SELECT,False,99,0.12404629292929267,0.01124363037120532,0.00012641922392429066,0.11442000000000015,0.11577949999999948,0.11992899999999906,0.1301509999999988,0.1424839999999989,0.1463163999999999,0.14990467999999915,0.11273200000000116,0.17644699999999958
da15_gap1_joint_amp0p5,15.0,three_class,20,rf,levels,ack_clrt,ack_ms_max,READ,READ,True,113,0.12012082300884938,0.005466008092223292,2.9877244464250515e-05,0.1151606000000001,0.11720299999999995,0.1186759999999989,0.12118699999999905,0.12726819999999997,0.13123220000000016,0.13978219999999927,0.11177199999999843,0.14474000000000053
da15_gap1_joint_amp0p5,15.0,three_class,20,rf,levels,ack_clrt,ack_ms_max,READ,SELECT,False,111,0.12649414414414392,0.010309016242548603,0.00010627581588913091,0.11528999999999989,0.11807800000000057,0.12382599999999933,0.132409,0.13987200000000044,0.14651199999999953,0.15672849999999916,0.11302599999999963,0.1581349999999997
da15_gap1_joint_amp0p5,15.0,three_class,20,rf,levels,ack_clrt,ack_ms_max,SELECT,READ,False,93,0.11917155913978457,0.00415904398511947,1.729764687015844e-05,0.1142993999999998,0.11673499999999848,0.11855100000000007,0.1208670000000005,0.12440780000000018,0.1279685999999991,0.1315509999999994,0.11118899999999954,0.13438000000000017
da15_gap1_joint_amp0p5,15.0,three_class,20,rf,levels,ack_clrt,ack_ms_max,SELECT,SELECT,True,123,0.12464061788617867,0.009109370018752155,8.298062213854063e-05,0.11561920000000007,0.11778249999999968,0.12185500000000005,0.1294114999999998,0.13789359999999995,0.14380759999999987,0.1490481399999989,0.11285999999999952,0.15864499999999992
da15_gap1_joint_amp0p5,15.0,three_class,20,rf,levels,ack_clrt,ack_ms_max,READ,OPERATE,False,76,0.11773761842105233,0.005440744078773868,2.9601696130712905e-05,0.11244399999999999,0.11381799999999975,0.11591600000000035,0.12035774999999882,0.12708600000000025,0.12813574999999977,0.1320329999999994,0.11057399999999973,0.13342799999999855
da15_gap1_joint_amp0p5,15.0,three_class,20,rf,levels,ack_clrt,ack_ms_max,SELECT,OPERATE,False,84,0.1184635476190472,0.006979049306597724,4.870712922392217e-05,0.11232969999999938,0.11364474999999974,0.11655249999999917,0.12182749999999976,0.1252691999999996,0.1292131499999999,0.14617112999999968,0.10995799999999889,0.14939899999999895
da15_gap1_joint_amp0p5,15.0,three_class,20,rf,levels,ack_clrt,clrt_ms_mean,OPERATE,OPERATE,True,145,0.0045426334482758565,0.024630004806603517,0.0006066371367733123,-0.008204110000000028,-0.004871150000000035,-0.0015078499999999968,0.002313600000000024,0.011342249999999995,0.053938259999999814,0.13017494000000004,-0.015297500000000014,0.14590325
da15_gap1_joint_amp0p5,15.0,three_class,20,rf,levels,ack_clrt,clrt_ms_mean,OPERATE,READ,False,56,0.04813823392857143,0.14311372354427618,0.02048153786670751,-0.01115630000000002,-0.0077878374999999864,-0.003679850000000008,-0.0005871624999999824,0.24959512500000003,0.39778410000000003,0.5632785575000001,-0.01596335000000003,0.60324835
da15_gap1_joint_amp0p5,15.0,three_class,20,rf,levels,ack_clrt,clrt_ms_mean,OPERATE,SELECT,False,99,-0.005203866161616171,0.00501527338332481,2.5152967109486284e-05,-0.01172948000000002,-0.008661750000000036,-0.004736300000000004,-0.0015285000000000118,0.00012657999999998005,0.0007918699999999682,0.008530699999999947,-0.01819065000000002,0.009910049999999998
da15_gap1_joint_amp0p5,15.0,three_class,20,rf,levels,ack_clrt,clrt_ms_mean,READ,READ,True,113,0.3761567663716814,0.9601571340430064,0.9219017220536797,-0.011442080000000006,-0.007311150000000005,-0.0015726499999999949,0.37940745,0.5580553,3.4551898199999975,4.151916636,-0.020520700000000024,4.253447599999999
da15_gap1_joint_amp0p5,15.0,three_class,20,rf,levels,ack_clrt,clrt_ms_mean,READ,SELECT,False,111,-0.004421528378378383,0.00443517410304853,1.9670769324352327e-05,-0.009403749999999989,-0.007149824999999985,-0.0046350500000000155,-0.0015848000000000084,0.001850049999999981,0.0027054000000000023,0.003473429999999982,-0.020530900000000036,0.0038441499999999824
da15_gap1_joint_amp0p5,15.0,three_class,20,rf,levels,ack_clrt,clrt_ms_mean,SELECT,READ,False,93,0.013169104301075261,0.07574507447306948,0.005737316306930842,-0.012537070000000015,-0.008852900000000025,-0.00613530000000001,-0.0026930999999999956,0.00046551000000000003,0.21703874999999995,0.3312668099999998,-0.015550650000000008,0.41075665000000006
da15_gap1_joint_amp0p5,15.0,three_class,20,rf,levels,ack_clrt,clrt_ms_mean,SELECT,SELECT,True,123,-0.005289366666666674,0.005075713061955288,2.5762863087303522e-05,-0.012691400000000002,-0.008502300000000018,-0.004990450000000013,-0.0024821750000000196,0.0014037699999999882,0.0023379649999999957,0.004767036999999992,-0.017645150000000016,0.007681700000000016
da15_gap1_joint_amp0p5,15.0,three_class,20,rf,levels,ack_clrt,clrt_ms_mean,READ,OPERATE,False,76,0.0013619710526315738,0.02676312634931426,0.0007162649319893593,-0.007384400000000009,-0.004518175000000027,-0.0016215250000000277,0.0010211125000000056,0.0032769750000000014,0.006598975000000004,0.08351707500000001,-0.01976169999999997,0.22638659999999997
da15_gap1_joint_amp0p5,15.0,three_class,20,rf,levels,ack_clrt,clrt_ms_mean,SELECT,OPERATE,False,84,-0.0013091416666666741,0.013247015233660129,0.0001754834126008235,-0.008958904999999984,-0.006369800000000029,-0.002682075000000024,0.0008109499999999839,0.0043462799999999914,0.005608444999999989,0.02623957800000017,-0.012953850000000003,0.11091900000000003
da15_gap1_joint_amp0p5,15.0,three_class,20,rf,levels,ack_clrt,clrt_ms_std,OPERATE,OPERATE,True,145,0.04903819278586148,0.1022971962420266,0.0104647163589797,0.013065530250179555,0.018239672873368633,0.02270172160453916,0.028289169124375124,0.04740570690780707,0.23015752513783455,0.5964949777496855,0.007380944576407522,0.680938118830006
da15_gap1_joint_amp0p5,15.0,three_class,20,rf,levels,ack_clrt,clrt_ms_std,OPERATE,READ,False,56,0.2382227654230201,0.5740693449575398,0.3295556128199788,0.010097883919545999,0.017589142016171497,0.022965063575675265,0.028609737140185464,1.0881559050514025,1.7357244618160514,2.1405276009713394,0.004932541230440959,2.3811994108308743
da15_gap1_joint_amp0p5,15.0,three_class,20,rf,levels,ack_clrt,clrt_ms_std,OPERATE,SELECT,False,99,0.0209223852604756,0.006746892834309937,4.552056291766277e-05,0.01013838970877734,0.017157866944211946,0.022292845837846745,0.026261750026875145,0.028499950746346498,0.029597887824886093,0.031371294934854285,0.005581559329389967,0.03194652932679075
da15_gap1_joint_amp0p5,15.0,three_class,20,rf,levels,ack_clrt,clrt_ms_std,READ,READ,True,113,1.6797051363726305,4.180064139530231,17.47293621058661,0.013977810988628186,0.019613511514450944,0.026054633630651955,1.7053628298692183,2.4963775496692624,15.098978988045607,18.090672362829356,0.0067469450070013065,18.56464063515958
da15_gap1_joint_amp0p5,15.0,three_class,20,rf,levels,ack_clrt,clrt_ms_std,READ,SELECT,False,111,0.021598264403933875,0.0067146498259498056,4.508652228512775e-05,0.012126513696339101,0.01759067852461477,0.022233590949900576,0.026322405477849663,0.02987652227736688,0.031196549189959722,0.03266001276096732,0.005609547069728527,0.03860421568413869
da15_gap1_joint_amp0p5,15.0,three_class,20,rf,levels,ack_clrt,clrt_ms_std,SELECT,READ,False,93,0.1038949941414374,0.32164878298597777,0.10345793959636061,0.013015968401839117,0.017633407630049853,0.021168181019161774,0.025570656152316507,0.030320887043485137,0.9614604060410211,1.4554829736993977,0.004343949342188503,1.8112490689760006
da15_gap1_joint_amp0p5,15.0,three_class,20,rf,levels,ack_clrt,clrt_ms_std,SELECT,SELECT,True,123,0.021014958893463186,0.006661126667176839,4.437060847617442e-05,0.011504325484322264,0.017420053726355196,0.02177357342577234,0.02552357079225477,0.0288509976559599,0.03027538895719991,0.03533989334253591,0.005602334997793318,0.04060135980801629
da15_gap1_joint_amp0p5,15.0,three_class,20,rf,levels,ack_clrt,clrt_ms_std,READ,OPERATE,False,76,0.03475930876544862,0.11122047039447612,0.012369993034768538,0.011780445765259212,0.013226761755381884,0.020515200596194126,0.02549450161295288,0.03311429256326359,0.03646298833987089,0.3615413408422284,0.006335814520643713,0.9866300979527435
da15_gap1_joint_amp0p5,15.0,three_class,20,rf,levels,ack_clrt,clrt_ms_std,SELECT,OPERATE,False,84,0.02690442774898599,0.05801539320889133,0.003365785849182275,0.013701190037207664,0.017473401638309575,0.020865554875791212,0.02461907009933704,0.027583725236850543,0.029627078433996194,0.12016743170602265,0.008230708219071993,0.5533432751381372
da15_gap1_joint_amp0p5,15.0,three_class,20,rf,levels,ack_clrt,clrt_ms_min,OPERATE,OPERATE,True,145,-0.054093006896551735,0.02568667780440942,0.0006598054166275395,-0.07891640000000004,-0.07566700000000004,-0.06704699999999997,-0.02653300000000003,-0.014526199999999989,-0.010678999999999928,-0.008086480000000036,-0.11174200000000001,-0.006983999999999879
da15_gap1_joint_amp0p5,15.0,three_class,20,rf,levels,ack_clrt,clrt_ms_min,OPERATE,READ,False,56,-0.06505573214285716,0.022902093967342104,0.0005245059080889676,-0.08038100000000001,-0.07900575000000004,-0.07179250000000001,-0.059073250000000035,-0.02412599999999998,-0.02223425000000004,-0.014339049999999867,-0.139953,-0.012704999999999966
da15_gap1_joint_amp0p5,15.0,three_class,20,rf,levels,ack_clrt,clrt_ms_min,OPERATE,SELECT,False,99,-0.06336076767676771,0.02346520804989408,0.000550615988824814,-0.08143260000000005,-0.07664550000000006,-0.07250000000000001,-0.051397000000000026,-0.024378599999999927,-0.017458499999999995,-0.009205900000000017,-0.12266100000000013,-0.005967000000000056
da15_gap1_joint_amp0p5,15.0,three_class,20,rf,levels,ack_clrt,clrt_ms_min,READ,READ,True,113,-0.06625676106194692,0.02259117886987129,0.000510361362730519,-0.08180220000000002,-0.07896500000000001,-0.07341800000000004,-0.06428900000000004,-0.0237215999999999,-0.019320399999999984,-0.010452800000000187,-0.15564699999999987,-0.007911000000000001
da15_gap1_joint_amp0p5,15.0,three_class,20,rf,levels,ack_clrt,clrt_ms_min,READ,SELECT,False,111,-0.06189850450450453,0.02319865465766615,0.0005381775779256553,-0.081036,-0.0771405,-0.07058999999999993,-0.051562000000000024,-0.023542000000000174,-0.01702950000000003,-0.013134100000000004,-0.12059600000000015,-0.010328000000000115
da15_gap1_joint_amp0p5,15.0,three_class,20,rf,levels,ack_clrt,clrt_ms_min,SELECT,READ,False,93,-0.06751107526881724,0.01848270198049277,0.00034161027249971144,-0.080598,-0.07889200000000002,-0.07481500000000008,-0.063886,-0.03191360000000005,-0.025899600000000026,-0.01150799999999984,-0.08895700000000001,-0.0085869999999999
da15_gap1_joint_amp0p5,15.0,three_class,20,rf,levels,ack_clrt,clrt_ms_min,SELECT,SELECT,True,123,-0.06173143902439026,0.024369353261347818,0.0005938653783763636,-0.08082820000000003,-0.07765050000000001,-0.06944800000000001,-0.04456750000000001,-0.02573619999999992,-0.016976400000000058,-0.010380860000000037,-0.16629400000000005,-0.008496999999999977
da15_gap1_joint_amp0p5,15.0,three_class,20,rf,levels,ack_clrt,clrt_ms_min,READ,OPERATE,False,76,-0.05246418421052633,0.024440337893214314,0.0005973301163344876,-0.07926350000000001,-0.07459575000000004,-0.0598805,-0.027802750000000043,-0.01704750000000005,-0.012734250000000003,-0.007756500000000041,-0.08657099999999995,-0.00548700000000002
da15_gap1_joint_amp0p5,15.0,three_class,20,rf,levels,ack_clrt,clrt_ms_min,SELECT,OPERATE,False,84,-0.056256690476190474,0.023785813586081395,0.0005657649279518142,-0.07811310000000002,-0.07353350000000004,-0.06909450000000006,-0.03417800000000008,-0.018540600000000025,-0.013005199999999903,-0.005474449999999985,-0.08186500000000008,-0.005213000000000023
da15_gap1_joint_amp0p5,15.0,three_class,20,rf,levels,ack_clrt,clrt_ms_max,OPERATE,OPERATE,True,145,0.1767234344827586,0.4801680626541418,0.23056136839303187,0.020576000000000018,0.024774999999999936,0.05053400000000002,0.07263300000000017,0.19286399999999973,1.0556877999999992,2.7335017200000014,0.006952999999999987,3.104576
da15_gap1_joint_amp0p5,15.0,three_class,20,rf,levels,ack_clrt,clrt_ms_max,OPERATE,READ,False,56,1.0079665714285715,2.57602728105097,6.635916552718854,0.01411049999999997,0.02017350000000004,0.023376000000000036,0.07032350000000015,4.991224,7.6107415000000005,9.804680400000006,0.006478000000000206,10.905325000000001
da15_gap1_joint_amp0p5,15.0,three_class,20,rf,levels,ack_clrt,clrt_ms_max,OPERATE,SELECT,False,99,0.03545979797979797,0.025536047872152894,0.0006520897409288843,0.009423200000000066,0.012770999999999977,0.024424999999999975,0.06560550000000004,0.06888879999999997,0.07132559999999992,0.07323457999999994,0.001599000000000017,0.07350800000000013
da15_gap1_joint_amp0p5,15.0,three_class,20,rf,levels,ack_clrt,clrt_ms_max,READ,READ,True,113,7.661137,19.194906035245605,368.4444177019081,0.01799500000000012,0.02267199999999997,0.04658200000000012,7.812318,11.450107,69.27005199999996,83.00730843999999,0.004637000000000002,85.174815
da15_gap1_joint_amp0p5,15.0,three_class,20,rf,levels,ack_clrt,clrt_ms_max,READ,SELECT,False,111,0.04049937837837836,0.025593325387987174,0.0006550183044153888,0.010815999999999937,0.01551799999999992,0.024602000000000013,0.06723750000000006,0.07001599999999986,0.07132450000000007,0.07342299999999997,0.005696000000000145,0.07362000000000002
da15_gap1_joint_amp0p5,15.0,three_class,20,rf,levels,ack_clrt,clrt_ms_max,SELECT,READ,False,93,0.4127495913978494,1.4911799338969847,2.2236175952570156,0.009675200000000028,0.018477999999999994,0.023840000000000028,0.030744000000000105,0.06852980000000013,4.406825799999999,6.674975959999997,0.00525500000000001,8.305503000000002
da15_gap1_joint_amp0p5,15.0,three_class,20,rf,levels,ack_clrt,clrt_ms_max,SELECT,SELECT,True,123,0.03353678861788617,0.02506261852126208,0.0006281348471423091,0.008458600000000071,0.013237500000000013,0.021423000000000192,0.06517699999999998,0.06860219999999996,0.06983989999999994,0.07320574000000007,0.005053999999999892,0.07379199999999986
da15_gap1_joint_amp0p5,15.0,three_class,20,rf,levels,ack_clrt,clrt_ms_max,READ,OPERATE,False,76,0.11097906578947371,0.5159268906783804,0.26618055652506145,0.02107450000000005,0.026267249999999964,0.03459100000000004,0.061061250000000136,0.07085050000000004,0.0929660000000001,1.6582065,0.005408999999999997,4.525749
da15_gap1_joint_amp0p5,15.0,three_class,20,rf,levels,ack_clrt,clrt_ms_max,SELECT,OPERATE,False,84,0.06986288095238095,0.26956290801629246,0.07266416137820016,0.019645099999999905,0.023903000000000063,0.042057999999999984,0.05511099999999999,0.06814490000000004,0.07336294999999995,0.4977415100000042,0.009265999999999996,2.5199560000000005
da15_gap1_joint_amp0p5,15.0,read_select,1,logistic,levels,ack_clrt,ack_ms,READ,READ,True,3481,0.11186070784257374,0.005070926983581694,2.571430047281694e-05,0.1073839999999997,0.10863799999999912,0.11082999999999998,0.11361300000000085,0.11704999999999899,0.12020500000000034,0.13207119999999892,0.08548499999999848,0.1581349999999997
da15_gap1_joint_amp0p5,15.0,read_select,1,logistic,levels,ack_clrt,ack_ms,READ,SELECT,False,2519,0.09685743946010295,0.01597119358304372,0.00025507902446705687,0.08322019999999952,0.09281800000000029,0.10409899999999972,0.10585999999999895,0.10670099999999963,0.10774839999999983,0.11076574000000061,0.035919999999999064,0.11216899999999974
da15_gap1_joint_amp0p5,15.0,read_select,1,logistic,levels,ack_clrt,ack_ms,SELECT,READ,False,3220,0.11177883167701837,0.004900065379357495,2.4010640721977914e-05,0.10740499999999997,0.10865824999999996,0.11068649999999991,0.11328274999999977,0.11707720000000066,0.1198345999999998,0.13246826999999894,0.09635899999999964,0.15864499999999992
da15_gap1_joint_amp0p5,15.0,read_select,1,logistic,levels,ack_clrt,ack_ms,SELECT,SELECT,True,2780,0.09783587697841703,0.014665402515281539,0.0002150740309352261,0.08353409999999943,0.09386424999999976,0.10441150000000032,0.10584524999999889,0.10663919999999952,0.10737744999999962,0.11058923999999896,0.03560300000000005,0.11204200000000064
da15_gap1_joint_amp0p5,15.0,read_select,1,logistic,levels,ack_clrt,clrt_ms,READ,READ,True,3481,0.24398963717322605,3.7165380374278922,13.81265498364837,-0.016820999999999975,-0.007638000000000034,-0.0029160000000000297,0.0011129999999999196,0.005173000000000094,0.008843000000000156,5.5592613999999,-0.12059600000000015,85.174815
da15_gap1_joint_amp0p5,15.0,read_select,1,logistic,levels,ack_clrt,clrt_ms,READ,SELECT,False,2519,-0.00276269630805876,0.030542421891316476,0.0009328395349871679,-0.056767800000000035,-0.007669499999999996,0.0014250000000000096,0.009551999999999977,0.023167999999999977,0.04217810000000014,0.07044308000000019,-0.15564699999999987,0.17040100000000002
da15_gap1_joint_amp0p5,15.0,read_select,1,logistic,levels,ack_clrt,clrt_ms,SELECT,READ,False,3220,0.005779506211180117,0.26705682930028235,0.07131935007592015,-0.01854839999999984,-0.0075347500000000345,-0.0030810000000000004,0.00039550000000000696,0.004160699999999944,0.006168100000000026,0.016445669999999878,-0.10107900000000003,8.305503000000002
da15_gap1_joint_amp0p5,15.0,read_select,1,logistic,levels,ack_clrt,clrt_ms,SELECT,SELECT,True,2780,-0.0033549194244604378,0.02820648583768445,0.0007956058433114935,-0.0528525,-0.004806750000000054,0.0010989999999999889,0.007219999999999949,0.020494600000000095,0.028580849999999842,0.06851193999999994,-0.16629400000000005,0.08355299999999999
da15_gap1_joint_amp0p5,15.0,read_select,5,rf,levels,ack_clrt,ack_ms_mean,READ,READ,True,673,0.10613814086181253,0.005322671768612433,2.8330834756383806e-05,0.09841287999999998,0.10343640000000001,0.10714160000000028,0.10976719999999993,0.11168799999999941,0.11317512000000002,0.11696048799999977,0.08424219999999885,0.1180562000000002
da15_gap1_joint_amp0p5,15.0,read_select,5,rf,levels,ack_clrt,ack_ms_mean,READ,SELECT,False,527,0.10482587096774168,0.00621544160550736,3.8631714351471906e-05,0.09537279999999954,0.10176599999999994,0.10606399999999958,0.10899029999999979,0.11110431999999967,0.11308253999999994,0.1155145999999999,0.07450579999999966,0.11925659999999957
da15_gap1_joint_amp0p5,15.0,read_select,5,rf,levels,ack_clrt,ack_ms_mean,SELECT,SELECT,True,643,0.10505472877138386,0.005852747402915122,3.4254652162329715e-05,0.0964319999999995,0.10281429999999964,0.10604939999999949,0.10876799999999971,0.11068012000000003,0.11252403999999998,0.115333016,0.0801799999999993,0.1250479999999996
da15_gap1_joint_amp0p5,15.0,read_select,5,rf,levels,ack_clrt,ack_ms_mean,SELECT,READ,False,557,0.10562320394973046,0.005194844939461362,2.6986413945047323e-05,0.09826171999999928,0.10272819999999996,0.10669659999999936,0.10935379999999953,0.11122459999999962,0.11244848000000011,0.11430822399999961,0.08271159999999966,0.1176521999999995
da15_gap1_joint_amp0p5,15.0,read_select,5,rf,levels,ack_clrt,ack_ms_std,READ,READ,True,673,0.008551880678956951,0.00688135979089551,4.735311257175349e-05,0.002249551149170764,0.0037165690307053804,0.007333926735385686,0.010295395728188404,0.017398621369454095,0.027060095497607763,0.028916273604868134,0.0006013313229827983,0.03388405007315392
da15_gap1_joint_amp0p5,15.0,read_select,5,rf,levels,ack_clrt,ack_ms_std,READ,SELECT,False,527,0.010258838720232585,0.008232656886643918,6.777663941320551e-05,0.0028200215445069684,0.004222998358298898,0.0076397205865132685,0.012019354171540389,0.02682760860287036,0.027975491151232063,0.02921995410537847,0.0007496488244501769,0.032432578882352486
da15_gap1_joint_amp0p5,15.0,read_select,5,rf,levels,ack_clrt,ack_ms_std,SELECT,SELECT,True,643,0.009301400792507948,0.00757741949492968,5.7417286202140366e-05,0.002828998650047997,0.0040815847549028755,0.007248298100933689,0.010687613318297515,0.02539765583762086,0.027462228706542895,0.029736910255743074,0.00048141067707269656,0.036330270502708845
da15_gap1_joint_amp0p5,15.0,read_select,5,rf,levels,ack_clrt,ack_ms_std,SELECT,READ,False,557,0.008310934055572395,0.0066829330803408775,4.466159455631441e-05,0.002208141668686852,0.0034990255443483466,0.006813967226219971,0.010483062464757258,0.014138651370811578,0.026659954440728162,0.029458664083095932,0.0006508798967553246,0.036183469046513504
da15_gap1_joint_amp0p5,15.0,read_select,5,rf,levels,ack_clrt,ack_ms_min,READ,READ,True,673,0.09155192273402649,0.01822626771063415,0.00033219683465970506,0.07095279999999952,0.08489099999999894,0.09585000000000043,0.10506899999999852,0.10709999999999979,0.10800859999999979,0.11051879999999925,0.0362360000000006,0.11352199999999968
da15_gap1_joint_amp0p5,15.0,read_select,5,rf,levels,ack_clrt,ack_ms_min,READ,SELECT,False,527,0.08752461480075871,0.0219365895426872,0.0004812139607643334,0.04144199999999998,0.08364249999999984,0.09522799999999876,0.10389849999999967,0.10592619999999933,0.1069602999999999,0.10865695999999972,0.035919999999999064,0.10980600000000074
da15_gap1_joint_amp0p5,15.0,read_select,5,rf,levels,ack_clrt,ack_ms_min,SELECT,SELECT,True,643,0.08950283670295461,0.01994234721837709,0.00039769721257831245,0.04434699999999907,0.0847004999999994,0.09562899999999885,0.10407799999999856,0.10560280000000014,0.10630709999999866,0.10864737999999918,0.03560300000000005,0.11038399999999982
da15_gap1_joint_amp0p5,15.0,read_select,5,rf,levels,ack_clrt,ack_ms_min,SELECT,READ,False,557,0.09178342369838402,0.017451561211277503,0.0003045569887109655,0.0812389999999997,0.08406599999999997,0.0952370000000009,0.10521299999999911,0.10692899999999916,0.10769879999999929,0.10972247999999986,0.03600699999999968,0.11033799999999871
da15_gap1_joint_amp0p5,15.0,read_select,5,rf,levels,ack_clrt,ack_ms_max,READ,READ,True,673,0.11489167904903393,0.0054841942754545615,3.007638685092858e-05,0.10965779999999903,0.11151100000000014,0.11401299999999992,0.11715199999999903,0.12038799999999945,0.12533919999999982,0.13414495999999934,0.10518300000000025,0.15730999999999895
da15_gap1_joint_amp0p5,15.0,read_select,5,rf,levels,ack_clrt,ack_ms_max,READ,SELECT,False,527,0.11554551802656521,0.007594110761456173,5.767051825726446e-05,0.10925340000000006,0.11103599999999947,0.11350499999999997,0.11724199999999918,0.1251991999999998,0.1315667999999995,0.146083539999999,0.10469600000000057,0.1581349999999997
da15_gap1_joint_amp0p5,15.0,read_select,5,rf,levels,ack_clrt,ack_ms_max,SELECT,SELECT,True,643,0.1150195972006218,0.006949891512257865,4.830099203215392e-05,0.10902799999999893,0.11094449999999956,0.1131859999999989,0.11685249999999936,0.12284760000000042,0.12901579999999982,0.14258143999999978,0.10462099999999985,0.15864499999999992
da15_gap1_joint_amp0p5,15.0,read_select,5,rf,levels,ack_clrt,ack_ms_max,SELECT,READ,False,557,0.11453063195691174,0.005182732103153174,2.6860712053054523e-05,0.10927959999999856,0.11110299999999995,0.11369000000000007,0.1168219999999991,0.12040179999999978,0.12301979999999943,0.13102551999999867,0.10543199999999864,0.14564699999999853
da15_gap1_joint_amp0p5,15.0,read_select,5,rf,levels,ack_clrt,clrt_ms_mean,READ,READ,True,673,0.25386105973254086,1.6747258219841943,2.804706578820635,-0.01700527999999998,-0.009284599999999987,-0.0019851999999999648,0.0025966000000000266,0.00961847999999998,1.2130889199999997,12.74500611199997,-0.047887799999999994,17.0378018
da15_gap1_joint_amp0p5,15.0,read_select,5,rf,levels,ack_clrt,clrt_ms_mean,READ,SELECT,False,527,-0.004506174952561674,0.010948307080361793,0.00011986542792590016,-0.018784040000000033,-0.012023999999999969,-0.002971000000000068,0.002105099999999971,0.009480039999999995,0.012720279999999994,0.016647388000000006,-0.0408972,0.026830800000000023
da15_gap1_joint_amp0p5,15.0,read_select,5,rf,levels,ack_clrt,clrt_ms_mean,SELECT,SELECT,True,643,-0.0051777113530326645,0.010529008453478279,0.00011086001901341707,-0.018533240000000003,-0.01131979999999998,-0.003289400000000042,0.00115489999999997,0.006201879999999985,0.012041679999999923,0.017943763999999987,-0.04551119999999996,0.022941999999999973
da15_gap1_joint_amp0p5,15.0,read_select,5,rf,levels,ack_clrt,clrt_ms_mean,SELECT,READ,False,557,0.009310476122082578,0.1277468793209057,0.016319265176230044,-0.017537599999999993,-0.010131800000000024,-0.0025674000000000417,0.0018955999999999752,0.0063535599999999725,0.009121280000000013,0.6540692639999777,-0.04047940000000002,1.6540538000000005
da15_gap1_joint_amp0p5,15.0,read_select,5,rf,levels,ack_clrt,clrt_ms_std,READ,READ,True,673,0.5324401376702679,3.346343844942039,11.198017128581471,0.005262899137522195,0.00813397824929473,0.013238240139837326,0.028869170328223833,0.04231663470662459,2.435002864870186,25.489298957868513,0.0013004403254283025,34.068507223196505
da15_gap1_joint_amp0p5,15.0,read_select,5,rf,levels,ack_clrt,clrt_ms_std,READ,SELECT,False,527,0.017187349530178832,0.011090121802235096,0.00012299080158841022,0.004360997731462306,0.007389397750470243,0.012680288678101927,0.027942342815958695,0.03270781084098803,0.034593497754571524,0.03910525308198187,0.0006412059263606755,0.04657329914704352
da15_gap1_joint_amp0p5,15.0,read_select,5,rf,levels,ack_clrt,clrt_ms_std,SELECT,SELECT,True,643,0.01584081450205886,0.01102652711498172,0.00012158430021742708,0.003625189286842595,0.006046095562662989,0.011348411684460524,0.0268593104530733,0.031638038131663215,0.03389428323100528,0.037435219431907946,0.0012423103316000104,0.04003555701823066
da15_gap1_joint_amp0p5,15.0,read_select,5,rf,levels,ack_clrt,clrt_ms_std,SELECT,READ,False,557,0.04430983558880652,0.2536626935837087,0.0643447621161425,0.004674374212968667,0.007779301089429602,0.01264506222365073,0.027473489567945326,0.03351737311099281,0.040578911181933394,1.3448544490583632,0.0007824886964040013,3.3257348310564634
da15_gap1_joint_amp0p5,15.0,read_select,5,rf,levels,ack_clrt,clrt_ms_min,READ,READ,True,673,-0.031015968796433882,0.028623267702272148,0.0008192914539559359,-0.07571000000000014,-0.06179200000000007,-0.018517000000000006,-0.008084000000000036,-0.003933200000000014,-0.002043200000000025,0.0007875599999999513,-0.15564699999999987,0.0033290000000000264
da15_gap1_joint_amp0p5,15.0,read_select,5,rf,levels,ack_clrt,clrt_ms_min,READ,SELECT,False,527,-0.029836368121442133,0.027331259699266284,0.0007469977567487372,-0.07467220000000002,-0.05649550000000003,-0.017079000000000066,-0.007395000000000013,-0.004176600000000016,-0.002812699999999991,-0.00016825999999996226,-0.10191400000000006,0.002568999999999988
da15_gap1_joint_amp0p5,15.0,read_select,5,rf,levels,ack_clrt,clrt_ms_min,SELECT,SELECT,True,643,-0.02942628771384137,0.027011310424847116,0.0007296108908674545,-0.07499160000000002,-0.05299350000000003,-0.017133000000000065,-0.007237999999999967,-0.0037949999999999915,-0.0024881000000000174,8.880000000002617e-05,-0.08866300000000005,0.0026339999999999697
da15_gap1_joint_amp0p5,15.0,read_select,5,rf,levels,ack_clrt,clrt_ms_min,SELECT,READ,False,557,-0.03106936445242371,0.029155638383561274,0.0008500512495529914,-0.07617040000000004,-0.063886,-0.019015000000000004,-0.0070269999999998944,-0.003424600000000022,-0.001396399999999898,4.24399999999162e-05,-0.16629400000000005,0.0024920000000001608
da15_gap1_joint_amp0p5,15.0,read_select,5,rf,levels,ack_clrt,clrt_ms_max,READ,READ,True,673,1.3064330416047547,8.369188136715813,70.04331006774471,0.0016735999999999641,0.006109999999999949,0.012368999999999852,0.023972999999999967,0.06722360000000024,6.082924999999996,63.72359903999985,-0.009357999999999977,85.174815
da15_gap1_joint_amp0p5,15.0,read_select,5,rf,levels,ack_clrt,clrt_ms_max,READ,SELECT,False,527,0.016889222011385194,0.021095349975981795,0.0004450137906091551,0.001283000000000012,0.003606499999999957,0.008135999999999921,0.02052149999999997,0.06533639999999995,0.0690073999999999,0.07164662,-0.006911999999999807,0.07362000000000002
da15_gap1_joint_amp0p5,15.0,read_select,5,rf,levels,ack_clrt,clrt_ms_max,SELECT,SELECT,True,643,0.013513480559875576,0.018588029185452482,0.0003455148289992333,0.0005879999999998998,0.003113999999999978,0.006788000000000016,0.014524000000000009,0.04257780000000004,0.06663900000000005,0.07243130000000012,-0.007133999999999974,0.0745490000000002
da15_gap1_joint_amp0p5,15.0,read_select,5,rf,levels,ack_clrt,clrt_ms_max,SELECT,READ,False,557,0.08457460861759425,0.635847388851332,0.4043019019090569,0.0005275999999999947,0.0050280000000000324,0.010502000000000011,0.022651999999999894,0.03998360000000008,0.05592459999999991,3.3433205199998897,-0.0066950000000000065,8.305503000000002
da15_gap1_joint_amp0p5,15.0,read_select,20,rbf_svm,raw,ack_clrt,ack_ms_mean,READ,READ,True,42,15.103228104761905,0.08445184413715531,0.007132113978166375,14.991723095000001,15.033235424999997,15.120466075,15.1632322875,15.1934768,15.207507185000003,15.252062448,14.887452150000005,15.2740906
da15_gap1_joint_amp0p5,15.0,read_select,20,rbf_svm,raw,ack_clrt,ack_ms_mean,READ,SELECT,False,258,15.105007940697673,0.07813025570149074,0.006104336855980327,15.007947065,15.056337762500002,15.105092500000001,15.1527863875,15.213107755,15.239569607500002,15.281728562,14.88767325,15.320690150000004
da15_gap1_joint_amp0p5,15.0,read_select,20,rbf_svm,raw,ack_clrt,ack_ms_mean,SELECT,SELECT,True,295,15.105916458813558,0.08211652497012055,0.006743123673168431,15.004660600000001,15.052499,15.107038600000001,15.166841025,15.207086579999999,15.243671490000002,15.275232568999998,14.899176950000001,15.37547305
da15_gap1_joint_amp0p5,15.0,read_select,20,rbf_svm,raw,ack_clrt,ack_ms_mean,SELECT,READ,False,5,15.041859090000003,0.1103776391172924,0.012183223217107237,14.961388750000003,14.972931100000002,15.006573350000002,15.018378149999998,15.16198266,15.209850829999999,15.248145366,14.953693850000002,15.257719
da15_gap1_joint_amp0p5,15.0,read_select,20,rbf_svm,raw,ack_clrt,ack_ms_std,READ,READ,True,42,0.3544040067890212,0.037688010211605096,0.00142038611371005,0.29690256462448605,0.32067001244101656,0.3655071490298395,0.3854311482333156,0.39151663847621526,0.39274518258378044,0.41346975444465894,0.26988391526467453,0.4222317415716043
da15_gap1_joint_amp0p5,15.0,read_select,20,rbf_svm,raw,ack_clrt,ack_ms_std,READ,SELECT,False,258,0.36481228645852654,0.032558043260703405,0.0010600261809658343,0.32313355308537256,0.34408707865247135,0.3660471661777229,0.38619453589581576,0.40750853777230805,0.4146096214839453,0.4296253811334111,0.2685548081220063,0.4384753850958455
da15_gap1_joint_amp0p5,15.0,read_select,20,rbf_svm,raw,ack_clrt,ack_ms_std,SELECT,SELECT,True,295,0.3625735968151901,0.03694752092537587,0.001365119302531088,0.3110766370116472,0.33979403943935416,0.3667309105160621,0.3869554568924327,0.40384168796516995,0.41639833034460805,0.4385889447743477,0.24512906324752678,0.47429422585320385
da15_gap1_joint_amp0p5,15.0,read_select,20,rbf_svm,raw,ack_clrt,ack_ms_std,SELECT,READ,False,5,0.32403345501961434,0.05154173339562837,0.002656550281426033,0.26978393191533895,0.29269353512885704,0.3061929701435028,0.37618473006488445,0.3848249980186542,0.38770508733657744,0.3900091587909161,0.2545108631063269,0.3905851766545007
da15_gap1_joint_amp0p5,15.0,read_select,20,rbf_svm,raw,ack_clrt,ack_ms_min,READ,READ,True,42,14.602415690476189,0.05293228581764038,0.002801826881880373,14.582462399999999,14.5890425,14.598959,14.60527475,14.608193400000001,14.6092751,14.797174779999999,14.537179,14.925809
da15_gap1_joint_amp0p5,15.0,read_select,20,rbf_svm,raw,ack_clrt,ack_ms_min,READ,SELECT,False,258,14.593033065891474,0.017419337360446683,0.00030343331407705357,14.5818991,14.586244,14.5978605,14.605034,14.6067987,14.6085168,14.61158985,14.536209,14.61455
da15_gap1_joint_amp0p5,15.0,read_select,20,rbf_svm,raw,ack_clrt,ack_ms_min,SELECT,SELECT,True,295,14.591656725423729,0.01951658655820555,0.0003808971508839296,14.561566,14.585003,14.597896,14.6050985,14.6072608,14.609276399999999,14.61157616,14.535847,14.624575
da15_gap1_joint_amp0p5,15.0,read_select,20,rbf_svm,raw,ack_clrt,ack_ms_min,SELECT,READ,False,5,14.5958662,0.010256441768957097,0.0001051945977600078,14.5851674,14.588543,14.593433,14.602693,14.6081242,14.6099346,14.61138292,14.582917,14.611745
da15_gap1_joint_amp0p5,15.0,read_select,20,rbf_svm,raw,ack_clrt,ack_ms_max,READ,READ,True,42,15.588809714285714,0.08588747672620585,0.007376658658394551,15.6056562,15.60994325,15.612261,15.6153745,15.617879199999999,15.6198675,15.62197869,15.278025,15.622754
da15_gap1_joint_amp0p5,15.0,read_select,20,rbf_svm,raw,ack_clrt,ack_ms_max,READ,SELECT,False,258,15.614868697674417,0.0071912507635499305,5.171408754425746e-05,15.608516,15.61087,15.613516,15.61681475,15.620667899999999,15.6292232,15.64308282,15.601047,15.657086
da15_gap1_joint_amp0p5,15.0,read_select,20,rbf_svm,raw,ack_clrt,ack_ms_max,SELECT,SELECT,True,295,15.614295837288136,0.007121312834161976,5.071309648200008e-05,15.6084036,15.610519499999999,15.612904,15.616655999999999,15.620961,15.6251281,15.64373188,15.590081,15.658421
da15_gap1_joint_amp0p5,15.0,read_select,20,rbf_svm,raw,ack_clrt,ack_ms_max,SELECT,READ,False,5,15.5471956,0.13309117949375923,0.017713262059040037,15.412782199999999,15.610289,15.610515,15.613786,15.6176806,15.618978799999999,15.62001736,15.281111,15.620277
da15_gap1_joint_amp0p5,15.0,read_select,20,rbf_svm,raw,ack_clrt,clrt_ms_mean,READ,READ,True,42,2.0262087011904764,1.3521340888534388,1.8282665942395189,1.170313235,1.3005668375,1.486189225,1.6758340500000002,4.74106338,4.979264629999999,5.237642699499999,0.8577455999999998,5.2867147999999995
da15_gap1_joint_amp0p5,15.0,read_select,20,rbf_svm,raw,ack_clrt,clrt_ms_mean,READ,SELECT,False,258,0.9921131864341085,0.08752641790764208,0.007660873831743209,0.8894163299999999,0.9299267125,0.9964497500000001,1.0445533,1.1109223,1.1491663875,1.185543907,0.6953523500000001,1.2181045
da15_gap1_joint_amp0p5,15.0,read_select,20,rbf_svm,raw,ack_clrt,clrt_ms_mean,SELECT,SELECT,True,295,0.9940829084745763,0.08665266683141826,0.007508684668996774,0.8929362200000001,0.93030105,0.9871268499999999,1.0512657500000002,1.1039181699999998,1.1486838999999998,1.1967847059999999,0.7266479,1.3016617500000003
da15_gap1_joint_amp0p5,15.0,read_select,20,rbf_svm,raw,ack_clrt,clrt_ms_mean,SELECT,READ,False,5,1.2814451,0.1824733534411641,0.033296524716063994,1.0809277400000001,1.25762825,1.28466935,1.39111425,1.46285745,1.48677185,1.50590337,0.9631274000000001,1.51068625
da15_gap1_joint_amp0p5,15.0,read_select,20,rbf_svm,raw,ack_clrt,clrt_ms_std,READ,READ,True,42,4.636964664638391,5.851557494643907,34.240725113123275,0.4326812517614772,1.640953599716821,2.135041574742954,2.6657985548982266,16.210340405213316,17.765613203648446,18.506365212897123,0.2734926290535816,18.674856879443425
da15_gap1_joint_amp0p5,15.0,read_select,20,rbf_svm,raw,ack_clrt,clrt_ms_std,READ,SELECT,False,258,0.36785342683785155,0.07288831482788789,0.005312706438449302,0.3193303058006973,0.3411867821490951,0.36597057551661594,0.389831024352281,0.40922416856257104,0.4200197968635854,0.4518300575383518,0.2429352104703227,1.3742433372144787
da15_gap1_joint_amp0p5,15.0,read_select,20,rbf_svm,raw,ack_clrt,clrt_ms_std,SELECT,SELECT,True,295,0.3722687529916614,0.07583686334844875,0.00575122984253129,0.318113316421844,0.3409620696411505,0.3674631923406581,0.3911783616008737,0.4125602676677164,0.42907341297451757,0.48866789432053,0.2575363870879026,1.136552448482967
da15_gap1_joint_amp0p5,15.0,read_select,20,rbf_svm,raw,ack_clrt,clrt_ms_std,SELECT,READ,False,5,1.3703441250394377,0.5052781052389498,0.25530596363386326,0.8184320098170241,1.4013889030476114,1.4981654918859024,1.5753386995763123,1.7983555496449632,1.872694499667847,1.9321656596861538,0.42979408099663263,1.9470334496907307
da15_gap1_joint_amp0p5,15.0,read_select,20,rbf_svm,raw,ack_clrt,clrt_ms_min,READ,READ,True,42,0.4561113095238095,0.06411571628647694,0.004110825074928005,0.4184427,0.4230395,0.436588,0.479784,0.4933734,0.49475995,0.6902157899999988,0.413141,0.823991
da15_gap1_joint_amp0p5,15.0,read_select,20,rbf_svm,raw,ack_clrt,clrt_ms_min,READ,SELECT,False,258,0.4556743837209302,0.03835434261370546,0.0014710555973295025,0.4198662,0.42510000000000003,0.44340650000000004,0.489045,0.4952204,0.4982871,0.50176104,0.402632,0.810729
da15_gap1_joint_amp0p5,15.0,read_select,20,rbf_svm,raw,ack_clrt,clrt_ms_min,SELECT,SELECT,True,295,0.45290287457627115,0.03794902000906843,0.0014401281196486757,0.4202384,0.4236045,0.437285,0.486767,0.496223,0.49836430000000004,0.50639274,0.398889,0.823411
da15_gap1_joint_amp0p5,15.0,read_select,20,rbf_svm,raw,ack_clrt,clrt_ms_min,SELECT,READ,False,5,0.439508,0.027710699088980065,0.0007678828440000005,0.4170906,0.425769,0.427332,0.441641,0.47155220000000003,0.4815226,0.48949892,0.411305,0.491493
da15_gap1_joint_amp0p5,15.0,read_select,20,rbf_svm,raw,ack_clrt,clrt_ms_max,READ,READ,True,42,22.024238523809522,26.976488218881947,727.7309166234764,1.9642167000000024,8.378694249999999,10.5702775,13.083032,75.3896152,82.40264884999998,85.89120694999998,1.496871,86.674719
da15_gap1_joint_amp0p5,15.0,read_select,20,rbf_svm,raw,ack_clrt,clrt_ms_max,READ,SELECT,False,258,1.5397783449612403,0.34313382025129674,0.11774081860024921,1.5002392,1.5040095,1.5104215,1.52414675,1.5659487,1.5697548499999998,1.7151703400000007,1.164666,6.949012
da15_gap1_joint_amp0p5,15.0,read_select,20,rbf_svm,raw,ack_clrt,clrt_ms_max,SELECT,SELECT,True,295,1.553685159322034,0.3903944473454782,0.15240782451818136,1.5013294,1.5041695000000002,1.509261,1.520405,1.5419212000000002,1.5660761,2.1628289000000045,1.171714,5.93011
da15_gap1_joint_amp0p5,15.0,read_select,20,rbf_svm,raw,ack_clrt,clrt_ms_max,SELECT,READ,False,5,6.862666999999999,2.8128467671791153,7.91210693563,3.8343968000000004,7.328888,7.641209,8.033095,9.0964822,9.4509446,9.734514520000001,1.504736,9.805407
da20_gap1_joint_amp0p5,20.0,three_class,1,rf,levels,ack_clrt,ack_ms,READ,SELECT,False,1965,0.106772103816794,0.013495673422023175,0.0001821332011139027,0.08963380000000001,0.10602899999999948,0.10831600000000208,0.11240300000000047,0.11766140000000007,0.12161500000000132,0.13403544000000106,0.03758600000000101,0.16239700000000212
da20_gap1_joint_amp0p5,20.0,three_class,1,rf,levels,ack_clrt,ack_ms,READ,OPERATE,False,1616,0.10340848762376248,0.012584170749165489,0.00015836135344415232,0.09088150000000006,0.10250199999999943,0.10563050000000018,0.10905249999999977,0.1110199999999999,0.1121679999999996,0.124134849999999,-0.16393899999999917,0.13420199999999838
da20_gap1_joint_amp0p5,20.0,three_class,1,rf,levels,ack_clrt,ack_ms,READ,READ,True,2419,0.10689164572137264,0.014211044821806806,0.000201953794927402,0.09346380000000139,0.10735350000000032,0.10973100000000002,0.11299349999999997,0.11568680000000028,0.11733240000000152,0.12591632000000033,-0.028052999999999884,0.138853000000001
da20_gap1_joint_amp0p5,20.0,three_class,1,rf,levels,ack_clrt,ack_ms,SELECT,OPERATE,False,1769,0.10216548106274742,0.013002458184070413,0.00016906391882849964,0.08790079999999918,0.10071100000000044,0.1053449999999998,0.10813900000000132,0.11071919999999977,0.11200819999999893,0.11621392,-0.16152800000000056,0.13278000000000034
da20_gap1_joint_amp0p5,20.0,three_class,1,rf,levels,ack_clrt,ack_ms,OPERATE,READ,False,1904,0.1058265309873951,0.015054081701558232,0.0002266253758771904,0.09107740000000106,0.10679850000000002,0.1093814999999978,0.1126067500000012,0.1147401999999996,0.11699674999999968,0.12570055000000155,0.0366490000000006,0.1384280000000011
da20_gap1_joint_amp0p5,20.0,three_class,1,rf,levels,ack_clrt,ack_ms,SELECT,READ,False,2247,0.10599817846016926,0.01551955416533051,0.00024085656149062755,0.08998920000000013,0.10691950000000183,0.10981200000000158,0.11281750000000024,0.11550599999999918,0.1173695999999996,0.12406659999999994,0.03334899999999763,0.13800799999999924
da20_gap1_joint_amp0p5,20.0,three_class,1,rf,levels,ack_clrt,ack_ms,OPERATE,OPERATE,True,2371,0.10175458667229034,0.011743275952248293,0.00013790453009065304,0.08652000000000015,0.10049450000000171,0.1049439999999997,0.10730449999999969,0.11019500000000093,0.1113035,0.11849870000000141,0.031615999999999644,0.13828200000000024
da20_gap1_joint_amp0p5,20.0,three_class,1,rf,levels,ack_clrt,ack_ms,SELECT,SELECT,True,1984,0.10662445564516139,0.012945732897915159,0.00016759200026416281,0.09362999999999992,0.1059220000000014,0.10780499999999904,0.11202800000000046,0.11716739999999995,0.12090670000000116,0.13273765000000126,0.03750399999999843,0.15735499999999902
da20_gap1_joint_amp0p5,20.0,three_class,1,rf,levels,ack_clrt,ack_ms,OPERATE,SELECT,False,1725,0.10565526202898563,0.013239652593882625,0.0001752884008067029,0.08970480000000051,0.10558400000000034,0.10741300000000109,0.11138199999999898,0.11564720000000009,0.11964320000000014,0.13010111999999963,0.03748000000000218,0.15612400000000193
da20_gap1_joint_amp0p5,20.0,three_class,1,rf,levels,ack_clrt,clrt_ms,READ,SELECT,False,1965,-0.005612585241730285,0.021616274232582375,0.0004672633116982048,-0.02296539999999998,-0.007689999999999975,-0.0016740000000001753,0.0017279999999999518,0.007961000000000024,0.019199000000000032,0.06324872000000002,-0.09079400000000004,0.07337099999999985
da20_gap1_joint_amp0p5,20.0,three_class,1,rf,levels,ack_clrt,clrt_ms,READ,OPERATE,False,1616,-0.0017013595297029759,0.018532679735257518,0.0003434602181696247,-0.014640999999999904,-0.00562800000000005,-0.00025100000000005673,0.006061000000000011,0.015960000000000057,0.021563249999999992,0.03324249999999993,-0.1245480000000001,0.07433899999999993
da20_gap1_joint_amp0p5,20.0,three_class,1,rf,levels,ack_clrt,clrt_ms,READ,READ,True,2419,0.15055872964034725,2.3138464700551187,5.353885486986534,-0.029538600000000016,-0.007616500000000026,-0.0009970000000001367,0.00426749999999998,0.012535200000000035,0.02815090000000002,2.953414060000029,-0.09873700000000002,61.250854
da20_gap1_joint_amp0p5,20.0,three_class,1,rf,levels,ack_clrt,clrt_ms,SELECT,OPERATE,False,1769,-0.0015847015262860453,0.018721962911563503,0.0003505118952619593,-0.015469999999999914,-0.005583000000000116,-9.900000000007125e-05,0.005685999999999858,0.015258600000000034,0.02254580000000001,0.045615439999999605,-0.08063100000000001,0.07600800000000008
da20_gap1_joint_amp0p5,20.0,three_class,1,rf,levels,ack_clrt,clrt_ms,OPERATE,READ,False,1904,0.004478185399159659,0.18284631457335868,0.033432774753059634,-0.03090009999999998,-0.008326749999999994,-0.0015850000000000308,0.00396399999999994,0.012070099999999967,0.026358349999999937,0.0704247100000001,-0.10025500000000004,4.047823
da20_gap1_joint_amp0p5,20.0,three_class,1,rf,levels,ack_clrt,clrt_ms,SELECT,READ,False,2247,-0.0013528491321762404,0.1330002613105802,0.017689069508682622,-0.05106780000000002,-0.008057000000000092,-0.0017970000000000486,0.0029399999999999427,0.010469399999999986,0.027878499999999966,0.06984526000000002,-0.10083800000000004,4.411891
da20_gap1_joint_amp0p5,20.0,three_class,1,rf,levels,ack_clrt,clrt_ms,OPERATE,OPERATE,True,2371,-0.0016707094053142171,0.01812653122353293,0.0003285711341977142,-0.016545000000000032,-0.006133500000000014,-0.0005879999999998109,0.005201500000000053,0.015014000000000083,0.02312599999999998,0.04559960000000001,-0.07945600000000003,0.073855
da20_gap1_joint_amp0p5,20.0,three_class,1,rf,levels,ack_clrt,clrt_ms,SELECT,SELECT,True,1984,-0.0054160347782258094,0.021358077613966433,0.000456167479364214,-0.0223039999999999,-0.007609999999999978,-0.0018125000000000502,0.0018434999999998591,0.007579499999999964,0.017752650000000012,0.06604693999999998,-0.08684200000000003,0.07517099999999999
da20_gap1_joint_amp0p5,20.0,three_class,1,rf,levels,ack_clrt,clrt_ms,OPERATE,SELECT,False,1725,-0.004487371014492759,0.020220855666904125,0.0004088830039017687,-0.021651999999999914,-0.007418999999999842,-0.001695000000000002,0.0018690000000001206,0.008833799999999937,0.018780399999999964,0.06529203999999995,-0.10972000000000004,0.07321900000000003
da20_gap1_joint_amp0p5,20.0,three_class,5,rf,levels,ack_clrt,ack_ms_mean,OPERATE,SELECT,False,325,0.10607792615384631,0.006322192544330848,3.997011856759256e-05,0.09777724000000035,0.10504240000000067,0.10768219999999928,0.1091079999999998,0.11106840000000062,0.11325276000000088,0.11731574399999928,0.07670520000000067,0.11896320000000031
da20_gap1_joint_amp0p5,20.0,three_class,5,rf,levels,ack_clrt,ack_ms_mean,OPERATE,OPERATE,True,514,0.10217408715953319,0.004777646399106243,2.2825905114892848e-05,0.09475856000000057,0.10028810000000005,0.10315100000000008,0.10553480000000057,0.10722374000000023,0.10781654000000003,0.1099844300000007,0.07746260000000049,0.11237060000000057
da20_gap1_joint_amp0p5,20.0,three_class,5,rf,levels,ack_clrt,ack_ms_mean,OPERATE,READ,False,361,0.10528816232687,0.006207682801131822,3.853532575946783e-05,0.09483660000000001,0.10186980000000005,0.10725480000000047,0.10949919999999977,0.11147220000000076,0.1124678000000003,0.11521388000000016,0.08187019999999948,0.11751599999999982
da20_gap1_joint_amp0p5,20.0,three_class,5,rf,levels,ack_clrt,ack_ms_mean,READ,READ,True,533,0.10663713621013148,0.005970420592736114,3.5645922054167456e-05,0.09718404000000064,0.10329500000000066,0.10843659999999958,0.11042319999999961,0.11303295999999974,0.11412999999999983,0.1171134000000002,0.08358899999999991,0.12105940000000075
da20_gap1_joint_amp0p5,20.0,three_class,5,rf,levels,ack_clrt,ack_ms_mean,READ,OPERATE,False,310,0.10327813225806466,0.0046580786146281335,2.169769638005595e-05,0.09591948000000017,0.10121095000000029,0.1045899999999996,0.10659309999999955,0.10764432000000014,0.1081374999999998,0.1114937059999997,0.08355439999999988,0.1129402000000006
da20_gap1_joint_amp0p5,20.0,three_class,5,rf,levels,ack_clrt,ack_ms_mean,READ,SELECT,False,357,0.10712443585434184,0.005656920075328848,3.2000744738658545e-05,0.10267263999999983,0.10534859999999995,0.10812400000000011,0.11031460000000023,0.1120144000000002,0.11294371999999996,0.11615819199999992,0.05652880000000025,0.11693059999999988
da20_gap1_joint_amp0p5,20.0,three_class,5,rf,levels,ack_clrt,ack_ms_mean,SELECT,READ,False,423,0.10548580378250606,0.006220212906102482,3.8691048597243884e-05,0.09560696000000064,0.10095950000000009,0.10711240000000047,0.10989620000000003,0.11224083999999948,0.11340729999999986,0.11705001200000062,0.08608680000000035,0.1202534000000007
da20_gap1_joint_amp0p5,20.0,three_class,5,rf,levels,ack_clrt,ack_ms_mean,SELECT,SELECT,True,420,0.10665439333333344,0.006215901997415882,3.863743764147875e-05,0.10172578000000017,0.10537730000000067,0.10810699999999934,0.10991155000000052,0.11156175999999952,0.11261525000000094,0.11701691200000053,0.0761018,0.11996419999999901
da20_gap1_joint_amp0p5,20.0,three_class,5,rf,levels,ack_clrt,ack_ms_mean,SELECT,OPERATE,False,357,0.1027310151260505,0.005282556678632458,2.790540506296439e-05,0.09536227999999909,0.10061000000000035,0.10359499999999996,0.10628739999999937,0.10771056000000016,0.10832516000000027,0.11044645600000004,0.05303260000000023,0.11469060000000084
da20_gap1_joint_amp0p5,20.0,three_class,5,rf,levels,ack_clrt,ack_ms_std,OPERATE,SELECT,False,325,0.009225587274988727,0.006843294661720754,4.683068182713577e-05,0.002519304995700707,0.0037760499255173876,0.007935808934192403,0.011558606324294073,0.019710960589569095,0.025690985636874303,0.028321961567823312,0.0007137822076794975,0.033666003924434175
da20_gap1_joint_amp0p5,20.0,three_class,5,rf,levels,ack_clrt,ack_ms_std,OPERATE,OPERATE,True,514,0.009145265092063266,0.006944151452859207,4.822123940024663e-05,0.002484711154897147,0.0041728604631871,0.008193642571905607,0.010569662061036038,0.021995783952679374,0.027318954769391855,0.029607824047257272,0.00023777602906932082,0.03239193648795991
da20_gap1_joint_amp0p5,20.0,three_class,5,rf,levels,ack_clrt,ack_ms_std,OPERATE,READ,False,361,0.01003565463929706,0.00871377226302969,7.592982705194558e-05,0.0023059019580191926,0.003867066360952078,0.007021661757731601,0.011363781289694435,0.02741390041566546,0.028435403717197553,0.032463581336895087,0.0005601619051659277,0.03711265235145543
da20_gap1_joint_amp0p5,20.0,three_class,5,rf,levels,ack_clrt,ack_ms_std,READ,READ,True,533,0.009593996251766197,0.008680547277922472,7.535190104424722e-05,0.002072603916541731,0.0036647518879179223,0.006461599752383595,0.011458199317519267,0.027144260944415376,0.02825733324108984,0.03061014324570764,0.0005885614326474263,0.05741958395669568
da20_gap1_joint_amp0p5,20.0,three_class,5,rf,levels,ack_clrt,ack_ms_std,READ,OPERATE,False,310,0.008839339203507717,0.006799084788271546,4.6227553958105525e-05,0.002295941854461906,0.0038315014239358983,0.007904183326253904,0.010261928995948898,0.021310902630455028,0.02616523221977042,0.028723453095186514,0.0008465926056841208,0.029876821178967748
da20_gap1_joint_amp0p5,20.0,three_class,5,rf,levels,ack_clrt,ack_ms_std,READ,SELECT,False,357,0.009307627583331382,0.008273881773078641,6.845711959488297e-05,0.002817400620152529,0.004194244980923249,0.007882865174542257,0.011159128525114378,0.01584226548514111,0.026063808413840452,0.03054658162417272,0.001386582503856003,0.11031694792623628
da20_gap1_joint_amp0p5,20.0,three_class,5,rf,levels,ack_clrt,ack_ms_std,SELECT,READ,False,423,0.010931829460912652,0.009064293087534162,8.21614091767196e-05,0.002612356654619556,0.0042650298525602915,0.007895193844359329,0.012079363022761289,0.0279889491220998,0.028642326763881957,0.02974131436197296,0.0003349284102607951,0.03474685591186617
da20_gap1_joint_amp0p5,20.0,three_class,5,rf,levels,ack_clrt,ack_ms_std,SELECT,SELECT,True,420,0.008705734454024526,0.006755784199224138,4.564062014648653e-05,0.0027294317581619443,0.003680324507964468,0.007195902029350913,0.010943960221850874,0.01668477191358551,0.025660500829718033,0.03009434383689479,0.0009310296665526533,0.036409687922859334
da20_gap1_joint_amp0p5,20.0,three_class,5,rf,levels,ack_clrt,ack_ms_std,SELECT,OPERATE,False,357,0.009248675265503178,0.008600607320279256,7.397044627764113e-05,0.0026232896171918055,0.00399401415120238,0.007729947254670767,0.010392983067435973,0.022644467349087306,0.02715463887718875,0.02902198172732973,0.0007769623929123264,0.10738544113165471
da20_gap1_joint_amp0p5,20.0,three_class,5,rf,levels,ack_clrt,ack_ms_min,OPERATE,SELECT,False,325,0.09175047076923089,0.018043462974032965,0.00032556655609529856,0.07882899999999964,0.08687799999999868,0.0971250000000019,0.10471700000000084,0.10582119999999903,0.10620460000000023,0.10715428000000017,0.03752899999999926,0.10809499999999872
da20_gap1_joint_amp0p5,20.0,three_class,5,rf,levels,ack_clrt,ack_ms_min,OPERATE,OPERATE,True,514,0.0860501031128406,0.017886539880424962,0.0003199283088940326,0.05187129999999982,0.08231200000000172,0.08764350000000043,0.09925349999999966,0.1038490000000003,0.1047588500000007,0.10514732000000017,0.031615999999999644,0.10704000000000136
da20_gap1_joint_amp0p5,20.0,three_class,5,rf,levels,ack_clrt,ack_ms_min,OPERATE,READ,False,361,0.08838963711911373,0.02280344163528878,0.0005199969504140218,0.040288000000000324,0.08341400000000121,0.09674499999999853,0.10561799999999977,0.10734000000000066,0.10833900000000085,0.10919699999999963,0.03634299999999868,0.1109650000000002
da20_gap1_joint_amp0p5,20.0,three_class,5,rf,levels,ack_clrt,ack_ms_min,READ,READ,True,533,0.09036853846153865,0.022879619066403883,0.0005234769686237521,0.04209060000000022,0.08433799999999891,0.10018000000000171,0.10679599999999922,0.10798340000000124,0.10878800000000055,0.11065156000000041,-0.028052999999999884,0.11270899999999884
da20_gap1_joint_amp0p5,20.0,three_class,5,rf,levels,ack_clrt,ack_ms_min,READ,OPERATE,False,310,0.08770728387096788,0.01775140019547924,0.0003151122089000605,0.053956600000000784,0.08415400000000073,0.0897705000000002,0.10116024999999862,0.10402360000000037,0.10488254999999942,0.10569242000000031,0.032270000000000465,0.10661599999999893
da20_gap1_joint_amp0p5,20.0,three_class,5,rf,levels,ack_clrt,ack_ms_min,READ,SELECT,False,357,0.09267232492997202,0.020751040441959315,0.000430605679423831,0.08345259999999968,0.0877010000000027,0.097213,0.1049679999999995,0.10630280000000028,0.10702320000000114,0.10802995999999951,-0.16393899999999917,0.10888900000000135
da20_gap1_joint_amp0p5,20.0,three_class,5,rf,levels,ack_clrt,ack_ms_min,SELECT,READ,False,423,0.08623082978723415,0.024288100906509586,0.0005899118456447919,0.04029140000000027,0.08299150000000033,0.09506100000000117,0.10578350000000114,0.10732039999999828,0.10825219999999973,0.11016614000000088,0.03753999999999991,0.1118130000000015
da20_gap1_joint_amp0p5,20.0,three_class,5,rf,levels,ack_clrt,ack_ms_min,SELECT,SELECT,True,420,0.09314391428571445,0.017073339819515553,0.0002914989325926554,0.08261499999999806,0.08704650000000136,0.09917150000000241,0.10538200000000053,0.10614500000000149,0.10680849999999982,0.10752135000000024,0.03750399999999843,0.10845600000000033
da20_gap1_joint_amp0p5,20.0,three_class,5,rf,levels,ack_clrt,ack_ms_min,SELECT,OPERATE,False,357,0.0865469131652661,0.021981275912220325,0.0004831764907291575,0.057585399999999266,0.08270100000000014,0.08980400000000088,0.10046700000000186,0.10421460000000096,0.10492119999999971,0.1054429199999987,-0.16152800000000056,0.1060610000000004
da20_gap1_joint_amp0p5,20.0,three_class,5,rf,levels,ack_clrt,ack_ms_max,OPERATE,SELECT,False,325,0.1175021446153848,0.008079065088372816,6.527129270216446e-05,0.11125179999999872,0.11282500000000084,0.11499799999999993,0.12000300000000053,0.1283272000000004,0.1329634000000006,0.14950440000000081,0.10275100000000137,0.15612400000000193
da20_gap1_joint_amp0p5,20.0,three_class,5,rf,levels,ack_clrt,ack_ms_max,OPERATE,OPERATE,True,514,0.11075642412451371,0.003743317110188979,1.4012422987433568e-05,0.10673560000000108,0.10870100000000171,0.1103834999999993,0.11210649999999944,0.11454330000000076,0.11608590000000056,0.12374603999999981,0.09830700000000192,0.1355789999999999
da20_gap1_joint_amp0p5,20.0,three_class,5,rf,levels,ack_clrt,ack_ms_max,OPERATE,READ,False,361,0.11550451523545723,0.005270729394447282,2.7780588349490612e-05,0.11086299999999838,0.11244800000000055,0.11433700000000258,0.11668299999999832,0.12189300000000003,0.12665700000000157,0.1362228000000009,0.10699200000000175,0.14798899999999904
da20_gap1_joint_amp0p5,20.0,three_class,5,rf,levels,ack_clrt,ack_ms_max,READ,READ,True,533,0.11639519136960617,0.006077898473531802,3.6940849854560215e-05,0.1110675999999998,0.11294499999999985,0.11496199999999845,0.11788300000000262,0.12286360000000088,0.12822479999999886,0.1396245200000003,0.1069020000000016,0.16239700000000212
da20_gap1_joint_amp0p5,20.0,three_class,5,rf,levels,ack_clrt,ack_ms_max,READ,OPERATE,False,310,0.11143608387096779,0.0034080275365290396,1.1614651689740194e-05,0.10825190000000048,0.1096742500000003,0.11106299999999969,0.11242225000000072,0.1145697000000002,0.11664975000000002,0.12453021999999997,0.1003709999999991,0.136177
da20_gap1_joint_amp0p5,20.0,three_class,5,rf,levels,ack_clrt,ack_ms_max,READ,SELECT,False,357,0.11876450140056038,0.007496913737968088,5.620371559453464e-05,0.11229420000000019,0.11370600000000053,0.11637800000000098,0.12174800000000019,0.1283601999999988,0.13446360000000013,0.14690823999999864,0.10815200000000047,0.1546909999999997
da20_gap1_joint_amp0p5,20.0,three_class,5,rf,levels,ack_clrt,ack_ms_max,SELECT,READ,False,423,0.11582674940898359,0.005285232147194067,2.793367884973361e-05,0.11117259999999973,0.11276150000000129,0.11468400000000045,0.11748799999999981,0.12044340000000063,0.12486289999999939,0.1364451599999997,0.10634500000000102,0.15025900000000192
da20_gap1_joint_amp0p5,20.0,three_class,5,rf,levels,ack_clrt,ack_ms_max,SELECT,SELECT,True,420,0.11743420000000006,0.007130197177731747,5.083971179333377e-05,0.11141520000000042,0.11303400000000163,0.11556250000000112,0.11984199999999934,0.12505109999999817,0.12956874999999884,0.14738734000000087,0.10538400000000081,0.15735499999999902
da20_gap1_joint_amp0p5,20.0,three_class,5,rf,levels,ack_clrt,ack_ms_max,SELECT,OPERATE,False,357,0.11129681792717097,0.0036248045600421152,1.3139208098502112e-05,0.10778960000000168,0.10949000000000098,0.1109669999999987,0.11236299999999844,0.11488840000000025,0.11676620000000071,0.12098036000000036,0.10510999999999981,0.14296699999999873
da20_gap1_joint_amp0p5,20.0,three_class,5,rf,levels,ack_clrt,clrt_ms_mean,OPERATE,SELECT,False,325,-0.005043862153846159,0.010574655993384077,0.00011182334937841378,-0.018981439999999978,-0.010128800000000004,-0.004001199999999971,0.0007071999999999524,0.005742119999999989,0.01173644000000002,0.019946567999999994,-0.06080260000000002,0.02712519999999996
da20_gap1_joint_amp0p5,20.0,three_class,5,rf,levels,ack_clrt,clrt_ms_mean,OPERATE,OPERATE,True,514,-0.0020627933852140103,0.008582261464362409,7.365521184268001e-05,-0.013736139999999985,-0.0056575500000000025,-0.0006493000000000026,0.0029900500000000136,0.0070469000000000365,0.009792009999999959,0.015131181999999965,-0.043554400000000014,0.03303659999999999
da20_gap1_joint_amp0p5,20.0,three_class,5,rf,levels,ack_clrt,clrt_ms_mean,OPERATE,READ,False,361,0.0057186443213296315,0.08362289115455841,0.0069927879250471225,-0.01709940000000002,-0.0117788,-0.003607799999999983,0.0016234000000000192,0.009216199999999985,0.011702400000000047,0.5911711599999985,-0.03548779999999998,0.8137926
da20_gap1_joint_amp0p5,20.0,three_class,5,rf,levels,ack_clrt,clrt_ms_mean,READ,READ,True,533,0.13611290168855533,0.9776183287926589,0.9557375967913513,-0.018414280000000022,-0.012507999999999898,-0.003370199999999923,0.0016212000000000448,0.012763960000000045,0.5152339599999998,4.191336567999964,-0.049822400000000044,12.226890000000001
da20_gap1_joint_amp0p5,20.0,three_class,5,rf,levels,ack_clrt,clrt_ms_mean,READ,OPERATE,False,310,-0.0014701283870967767,0.007909113319523571,6.255407350106516e-05,-0.013640620000000006,-0.004739749999999976,0.0006532000000000315,0.0030736500000000055,0.006271759999999962,0.009728479999999992,0.013972871999999983,-0.03204179999999999,0.0164254
da20_gap1_joint_amp0p5,20.0,three_class,5,rf,levels,ack_clrt,clrt_ms_mean,READ,SELECT,False,357,-0.0056239462184873995,0.009300763985102265,8.650421070657538e-05,-0.01740684000000005,-0.010193800000000041,-0.0043550000000000645,0.0004960000000000075,0.004649360000000024,0.006130760000000029,0.012739303999999988,-0.04304680000000003,0.018510200000000053
da20_gap1_joint_amp0p5,20.0,three_class,5,rf,levels,ack_clrt,clrt_ms_mean,SELECT,READ,False,423,0.00017620094562647193,0.060733154733488,0.003688516083881796,-0.01838376,-0.013436300000000017,-0.003592000000000006,0.0012693999999999928,0.010719440000000005,0.012955720000000014,0.019533223999999953,-0.04406380000000006,0.8641428
da20_gap1_joint_amp0p5,20.0,three_class,5,rf,levels,ack_clrt,clrt_ms_mean,SELECT,SELECT,True,420,-0.006169548571428578,0.010560382037156065,0.00011152166877068848,-0.01985415999999997,-0.011308800000000023,-0.004804700000000033,-0.00024429999999996956,0.004594940000000016,0.010433139999999992,0.021540851999999985,-0.04659160000000003,0.02514539999999992
da20_gap1_joint_amp0p5,20.0,three_class,5,rf,levels,ack_clrt,clrt_ms_mean,SELECT,OPERATE,False,357,-0.002243817927170873,0.008510797028636491,7.243366606264773e-05,-0.014141439999999963,-0.007332599999999978,-0.0009572000000000024,0.0031187999999999993,0.00750068000000001,0.010642239999999994,0.015403599999999976,-0.02924600000000003,0.018365999999999993
da20_gap1_joint_amp0p5,20.0,three_class,5,rf,levels,ack_clrt,clrt_ms_std,OPERATE,SELECT,False,325,0.014260971907045058,0.010609942883170166,0.00011257088798413327,0.0037184454378842487,0.005914469024350325,0.010019805535039075,0.02256489043979606,0.029750691444723757,0.0347337111756076,0.042105471788216636,0.0009981283684977868,0.04779696349936889
da20_gap1_joint_amp0p5,20.0,three_class,5,rf,levels,ack_clrt,clrt_ms_std,OPERATE,OPERATE,True,514,0.014064550013176363,0.009665228267581084,9.341663746444843e-05,0.004407315076271075,0.006830582154140726,0.010501073985331535,0.02068536678371595,0.029392767133257978,0.03269629501070301,0.037405298002960996,0.0011069822040123403,0.04412148337941503
da20_gap1_joint_amp0p5,20.0,three_class,5,rf,levels,ack_clrt,clrt_ms_std,OPERATE,READ,False,361,0.041031667839561595,0.16275816532060255,0.02649022037852859,0.005272006350527364,0.010515504488135603,0.019833332968515395,0.03044195810784846,0.03487020213075912,0.04147058968184562,1.1746282515624191,0.0012236461253156438,1.617016564638297
da20_gap1_joint_amp0p5,20.0,three_class,5,rf,levels,ack_clrt,clrt_ms_std,READ,READ,True,533,0.3027610645195962,1.9530501667955582,3.814404954020158,0.005585657570066493,0.011012580195394816,0.022722618690635146,0.031598377941913426,0.04003413004863761,1.0616637266661841,8.372645858570378,0.0015015627858999893,24.51199998355076
da20_gap1_joint_amp0p5,20.0,three_class,5,rf,levels,ack_clrt,clrt_ms_std,READ,OPERATE,False,310,0.0140812205451858,0.009731071152107862,9.469374576738583e-05,0.003696095622071321,0.006635705656185116,0.010884662708051667,0.021534760156222278,0.029594841850913114,0.03206466376234036,0.035891042111108065,0.0012105175752544746,0.04099102503524399
da20_gap1_joint_amp0p5,20.0,three_class,5,rf,levels,ack_clrt,clrt_ms_std,READ,SELECT,False,357,0.014119470233340103,0.010910528399714256,0.00011903962996097132,0.0032305011416151764,0.00586152736409202,0.009821605701717006,0.022560188141059475,0.030479001119698253,0.03475795774139639,0.04179680785655217,0.0010102909283963867,0.04860765659687783
da20_gap1_joint_amp0p5,20.0,three_class,5,rf,levels,ack_clrt,clrt_ms_std,SELECT,READ,False,423,0.03190859622885153,0.11837251575281131,0.014012052485649561,0.005069109543283028,0.010080337909108351,0.02182947179388456,0.030600873785410498,0.036606286091301496,0.04402358396239146,0.05257016267856056,0.0014571759811360491,1.7740730980248136
da20_gap1_joint_amp0p5,20.0,three_class,5,rf,levels,ack_clrt,clrt_ms_std,SELECT,SELECT,True,420,0.014927421696952948,0.010928384141012298,0.00011942957993352911,0.0036214103166516314,0.005870087777976484,0.010150467104590239,0.026083905251870022,0.030528040549694123,0.03344667473474938,0.0405744774394928,0.001463753312549642,0.04615043739164346
da20_gap1_joint_amp0p5,20.0,three_class,5,rf,levels,ack_clrt,clrt_ms_std,SELECT,OPERATE,False,357,0.014949244103465126,0.010012543314047908,0.00010025102361568547,0.0045558303929950405,0.0072113453002890324,0.011131497771638828,0.024645530504332835,0.029839369256194584,0.032240303195341574,0.039159243507483205,0.0015069896615438204,0.04826142082864948
da20_gap1_joint_amp0p5,20.0,three_class,5,rf,levels,ack_clrt,clrt_ms_min,OPERATE,SELECT,False,325,-0.02746245230769232,0.026505784941086158,0.0007025566353431097,-0.07168440000000001,-0.046624,-0.017919000000000018,-0.006203999999999987,-0.0032450000000000534,-0.0012919999999998464,0.0027581199999999555,-0.10972000000000004,0.005091000000000179
da20_gap1_joint_amp0p5,20.0,three_class,5,rf,levels,ack_clrt,clrt_ms_min,OPERATE,OPERATE,True,514,-0.02336448638132296,0.023949064130696134,0.0005735576727361961,-0.06870270000000003,-0.027315499999999854,-0.012649500000000036,-0.006344249999999996,-0.003575700000000093,-0.0017587500000000496,0.00042615000000001814,-0.081878,0.0031570000000000764
da20_gap1_joint_amp0p5,20.0,three_class,5,rf,levels,ack_clrt,clrt_ms_min,OPERATE,READ,False,361,-0.03570856509695293,0.02812162811209774,0.0007908259676751259,-0.07695800000000003,-0.06814900000000002,-0.02555099999999999,-0.010223000000000038,-0.005190000000000028,-0.003390000000000004,-0.0001759999999999993,-0.09568700000000002,0.0043199999999999905
da20_gap1_joint_amp0p5,20.0,three_class,5,rf,levels,ack_clrt,clrt_ms_min,READ,READ,True,533,-0.0370793058161351,0.029432001522163943,0.0008662427136006607,-0.07761440000000006,-0.07183900000000004,-0.02607900000000002,-0.00985999999999998,-0.005138200000000003,-0.003256000000000083,8.960000000025745e-06,-0.09873700000000002,0.0024139999999999717
da20_gap1_joint_amp0p5,20.0,three_class,5,rf,levels,ack_clrt,clrt_ms_min,READ,OPERATE,False,310,-0.022864016129032265,0.02451784943253617,0.0006011249407965142,-0.06938969999999997,-0.02722825000000001,-0.010899499999999951,-0.0065642499999999104,-0.0029321999999999174,-0.0015909500000001668,-0.00031785000000004646,-0.07804900000000004,0.00034199999999984243
da20_gap1_joint_amp0p5,20.0,three_class,5,rf,levels,ack_clrt,clrt_ms_min,READ,SELECT,False,357,-0.027971380952380966,0.02675230700762507,0.0007156859302302254,-0.07240440000000001,-0.050369,-0.018218000000000067,-0.006592000000000042,-0.003374200000000105,-0.00223880000000003,-0.0009480800000000446,-0.1245480000000001,0.0014199999999999768
da20_gap1_joint_amp0p5,20.0,three_class,5,rf,levels,ack_clrt,clrt_ms_min,SELECT,READ,False,423,-0.037436645390070925,0.030054754270058347,0.0009032882542335905,-0.07862240000000001,-0.07194549999999994,-0.026215000000000044,-0.009485500000000036,-0.004915600000000063,-0.003554300000000028,-0.0010746400000000251,-0.10083800000000004,-0.0008310000000000262
da20_gap1_joint_amp0p5,20.0,three_class,5,rf,levels,ack_clrt,clrt_ms_min,SELECT,SELECT,True,420,-0.03034271904761906,0.027139182857950177,0.0007365352461972568,-0.07444880000000001,-0.05512500000000001,-0.02066750000000006,-0.007623999999999881,-0.004447200000000049,-0.0026802500000000216,-0.000499050000000035,-0.091449,0.0017819999999999503
da20_gap1_joint_amp0p5,20.0,three_class,5,rf,levels,ack_clrt,clrt_ms_min,SELECT,OPERATE,False,357,-0.025337336134453787,0.025547994750127846,0.00065270003575256,-0.06982240000000006,-0.050815000000000055,-0.01176200000000005,-0.006417999999999813,-0.002798999999999946,-0.0013092000000000346,0.001761639999999928,-0.07981900000000003,0.0032059999999999866
da20_gap1_joint_amp0p5,20.0,three_class,5,rf,levels,ack_clrt,clrt_ms_max,OPERATE,SELECT,False,325,0.01170151076923077,0.01758891481405371,0.00030936992433603803,-0.0003694000000000086,0.0022800000000000598,0.005241000000000051,0.01244400000000001,0.027514999999999998,0.06199480000000014,0.07175244000000011,-0.009272000000000169,0.07544200000000001
da20_gap1_joint_amp0p5,20.0,three_class,5,rf,levels,ack_clrt,clrt_ms_max,OPERATE,OPERATE,True,514,0.015820287937743194,0.016144169733137252,0.00026063421637234494,0.0008499000000000202,0.005175499999999944,0.01165549999999993,0.021561999999999998,0.028683699999999975,0.062122050000000054,0.07053073000000004,-0.0073160000000001,0.073855
da20_gap1_joint_amp0p5,20.0,three_class,5,rf,levels,ack_clrt,clrt_ms_max,OPERATE,READ,False,361,0.0727675623268698,0.4101836411434894,0.16825061946173087,0.003191000000000166,0.007047999999999943,0.012425999999999993,0.02623000000000003,0.06531099999999995,0.07038299999999986,2.9402387999999906,-0.011661000000000032,4.047823
da20_gap1_joint_amp0p5,20.0,three_class,5,rf,levels,ack_clrt,clrt_ms_max,READ,READ,True,533,0.7263135103189493,4.88584015109836,23.871433982084845,0.002150799999999986,0.005718000000000001,0.011660000000000004,0.02669399999999994,0.07081740000000014,2.638190399999999,20.93661587999982,-0.005725000000000036,61.250854
da20_gap1_joint_amp0p5,20.0,three_class,5,rf,levels,ack_clrt,clrt_ms_max,READ,OPERATE,False,310,0.01641345161290323,0.015067998464249534,0.00022704457771862633,0.002489400000000019,0.006391499999999994,0.013135999999999981,0.0220240000000001,0.027685799999999983,0.05159204999999996,0.06909539000000005,-0.0031440000000000357,0.07467999999999986
da20_gap1_joint_amp0p5,20.0,three_class,5,rf,levels,ack_clrt,clrt_ms_max,READ,SELECT,False,357,0.010539882352941173,0.014620838317696071,0.0002137689131122097,-9.619999999999068e-05,0.0023020000000000262,0.005693999999999977,0.013367000000000018,0.024581000000000023,0.052677800000000115,0.06692007999999997,-0.00514900000000007,0.07218000000000013
da20_gap1_joint_amp0p5,20.0,three_class,5,rf,levels,ack_clrt,clrt_ms_max,SELECT,READ,False,423,0.048210262411347515,0.29752332257861264,0.08852012747821718,0.0017607999999998737,0.005333500000000074,0.011262000000000105,0.028058499999999986,0.06685760000000004,0.0715132999999999,0.07877246000000009,-0.005555999999999894,4.411891
da20_gap1_joint_amp0p5,20.0,three_class,5,rf,levels,ack_clrt,clrt_ms_max,SELECT,SELECT,True,420,0.010237609523809527,0.016208918206754044,0.0002627290294332427,-0.0004811000000000342,0.0018950000000000078,0.004796499999999981,0.010428500000000007,0.02464289999999999,0.06009159999999995,0.06929915999999985,-0.007747000000000059,0.07524300000000017
da20_gap1_joint_amp0p5,20.0,three_class,5,rf,levels,ack_clrt,clrt_ms_max,SELECT,OPERATE,False,357,0.016074725490196076,0.016301076257803943,0.00026572508716273934,0.0020698000000000773,0.005670999999999982,0.011033999999999988,0.02175499999999997,0.028359399999999927,0.06282799999999994,0.07279003999999999,-0.0029330000000000744,0.08083099999999988
da20_gap1_joint_amp0p5,20.0,three_class,20,logistic,levels,ack_clrt,ack_ms_mean,OPERATE,OPERATE,True,162,0.10281919691358035,0.0030801228509784993,9.48715677711992e-06,0.09846539000000012,0.10096516250000041,0.10339255000000022,0.10521038749999999,0.10635848500000021,0.106726045,0.10847147499999989,0.09401635000000023,0.10872840000000003
da20_gap1_joint_amp0p5,20.0,three_class,20,logistic,levels,ack_clrt,ack_ms_mean,OPERATE,SELECT,False,63,0.10647783809523828,0.0021634833865656813,4.680660363945708e-06,0.10374364000000028,0.10483527500000003,0.1063622500000001,0.10788382500000013,0.10956635000000031,0.10996420500000031,0.11103350900000016,0.10048810000000027,0.11106794999999998
da20_gap1_joint_amp0p5,20.0,three_class,20,logistic,levels,ack_clrt,ack_ms_mean,READ,READ,True,156,0.10606501217948733,0.0030139722222379656,9.08402855642206e-06,0.10239217500000031,0.10405102499999996,0.1060507000000003,0.1081291625000004,0.10983302500000018,0.1103269625000002,0.1112609550000001,0.09397935000000021,0.11162209999999995
da20_gap1_joint_amp0p5,20.0,three_class,20,logistic,levels,ack_clrt,ack_ms_mean,READ,SELECT,False,76,0.10724848289473697,0.002205568573990828,4.864532734575935e-06,0.10436662499999985,0.10609913750000008,0.10734370000000001,0.10862362500000025,0.10995532500000049,0.11042103750000018,0.11152568750000022,0.10120895,0.11171705000000003
da20_gap1_joint_amp0p5,20.0,three_class,20,logistic,levels,ack_clrt,ack_ms_mean,SELECT,SELECT,True,68,0.1071178676470589,0.001672061847948485,2.7957908233649025e-06,0.10523991000000023,0.10596848750000021,0.10702930000000004,0.10840622499999988,0.10920875499999963,0.10973121250000036,0.11073364650000003,0.1029220000000004,0.11122679999999985
da20_gap1_joint_amp0p5,20.0,three_class,20,logistic,levels,ack_clrt,ack_ms_mean,SELECT,READ,False,138,0.10545798659420302,0.0031239820395201306,9.759263783244355e-06,0.10162702499999991,0.10346505000000032,0.10541455000000015,0.10772379999999987,0.10946052500000027,0.11011752500000015,0.1112806205000002,0.09214314999999988,0.11247120000000024
da20_gap1_joint_amp0p5,20.0,three_class,20,logistic,levels,ack_clrt,ack_ms_mean,OPERATE,READ,False,75,0.10514192866666686,0.003156706363159525,9.964795063211836e-06,0.10154686000000013,0.10304170000000051,0.10547865000000041,0.1072588500000001,0.10892395000000014,0.10988654999999997,0.11152377300000056,0.09710795000000019,0.11324505000000062
da20_gap1_joint_amp0p5,20.0,three_class,20,logistic,levels,ack_clrt,ack_ms_mean,SELECT,OPERATE,False,94,0.10303575531914909,0.0026580515102798664,7.065237831301078e-06,0.09969444500000042,0.10150333750000025,0.1033569500000004,0.10512902499999983,0.1062294050000002,0.10651250499999998,0.10730615250000002,0.09588140000000038,0.10759515000000039
da20_gap1_joint_amp0p5,20.0,three_class,20,logistic,levels,ack_clrt,ack_ms_mean,READ,OPERATE,False,68,0.10407769044117657,0.0023833819331845816,5.680509439430674e-06,0.10075648000000025,0.10261870000000006,0.10460474999999986,0.10584579999999959,0.1065237150000003,0.10714693750000014,0.10819124899999992,0.09682980000000044,0.10895859999999953
da20_gap1_joint_amp0p5,20.0,three_class,20,logistic,levels,ack_clrt,ack_ms_std,OPERATE,OPERATE,True,162,0.011656599746139043,0.005222515728791771,2.7274670537477445e-05,0.006042580734923641,0.007726295279621056,0.009610842128249569,0.01657121263876784,0.01914175187813074,0.021313049510798533,0.023192608464579895,0.003011356579267316,0.025497814395355735
da20_gap1_joint_amp0p5,20.0,three_class,20,logistic,levels,ack_clrt,ack_ms_std,OPERATE,SELECT,False,63,0.011322188002483866,0.004087719998475249,1.6709454785934486e-05,0.0068060391561421615,0.007995095916112705,0.010189439039883064,0.015116261367374184,0.01745636924901481,0.018134252580870782,0.019060669222184166,0.00557902186677921,0.020074917780404537
da20_gap1_joint_amp0p5,20.0,three_class,20,logistic,levels,ack_clrt,ack_ms_std,READ,READ,True,156,0.013041283214420107,0.006593386424753474,4.3472744546123404e-05,0.0063453924559388995,0.007862725777853314,0.013443444523910407,0.016448879496228946,0.019391998643122046,0.021300030286148373,0.0298924459264546,0.003440076141598998,0.05956338793443066
da20_gap1_joint_amp0p5,20.0,three_class,20,logistic,levels,ack_clrt,ack_ms_std,READ,SELECT,False,76,0.01076832782766352,0.004653603328468305,2.1656023938731288e-05,0.006063156125085125,0.00721693020123681,0.009476406269111674,0.012904796716176826,0.01819026555104305,0.019542785208087533,0.02210098600112344,0.00333994504595552,0.02277462624825007
da20_gap1_joint_amp0p5,20.0,three_class,20,logistic,levels,ack_clrt,ack_ms_std,SELECT,SELECT,True,68,0.009945989339848364,0.004043740550730697,1.6351837641623798e-05,0.005562856006474818,0.007391876173166043,0.009070373632702036,0.011515071838536122,0.016425029998953976,0.018369769174578457,0.020771031749211397,0.002797978464891971,0.02263106460266528
da20_gap1_joint_amp0p5,20.0,three_class,20,logistic,levels,ack_clrt,ack_ms_std,SELECT,READ,False,138,0.013775625334916369,0.00676991617771577,4.58317650532977e-05,0.006410705461474938,0.008439910735414839,0.015257728313881358,0.016861102914145033,0.021407695094557543,0.022317063178241444,0.02479687171650932,0.004163499332292503,0.06091537972735232
da20_gap1_joint_amp0p5,20.0,three_class,20,logistic,levels,ack_clrt,ack_ms_std,OPERATE,READ,False,75,0.013291885270418635,0.0052841021194768665,2.7921735209059915e-05,0.007102856366126096,0.008521112064323478,0.013948555455315198,0.0164669676445275,0.02074253934576173,0.022290457161754783,0.025112862007228957,0.004547470006498359,0.025170183317965895
da20_gap1_joint_amp0p5,20.0,three_class,20,logistic,levels,ack_clrt,ack_ms_std,SELECT,OPERATE,False,94,0.012400311320295962,0.004635889780950764,2.1491474061123718e-05,0.00688287633672652,0.008711885581395601,0.010547356481534119,0.016690323733448947,0.018662759457474674,0.020120870373560473,0.02093895456811653,0.00481421218347271,0.021794593537389256
da20_gap1_joint_amp0p5,20.0,three_class,20,logistic,levels,ack_clrt,ack_ms_std,READ,OPERATE,False,68,0.01094772046211556,0.00445297475029834,1.9828984126794563e-05,0.006882669857668239,0.007672935746514243,0.0086995336415381,0.015418914277931923,0.016687777214224722,0.01731028292480328,0.02169821582291806,0.0036826273012619485,0.023814541901115885
da20_gap1_joint_amp0p5,20.0,three_class,20,logistic,levels,ack_clrt,ack_ms_min,OPERATE,OPERATE,True,162,0.06840687037037056,0.021901209226196077,0.00047966296556961624,0.03725690000000057,0.03963425000000065,0.08163749999999936,0.08376950000000072,0.08844139999999925,0.0919745499999994,0.0990033100000006,0.03261200000000031,0.10295200000000193
da20_gap1_joint_amp0p5,20.0,three_class,20,logistic,levels,ack_clrt,ack_ms_min,OPERATE,SELECT,False,63,0.07422277777777804,0.0205164565897293,0.00042092499099824677,0.0384988000000007,0.05340800000000101,0.08311300000000088,0.08742000000000161,0.09144200000000141,0.09268030000000067,0.10080687999999911,0.03657300000000063,0.10482199999999864
da20_gap1_joint_amp0p5,20.0,three_class,20,logistic,levels,ack_clrt,ack_ms_min,READ,READ,True,156,0.06294073717948735,0.030022401404257264,0.0009013445860783486,0.03901899999999969,0.04070900000000144,0.05625850000000021,0.08561399999999875,0.09065999999999974,0.09347224999999781,0.1032630999999993,-0.16393899999999917,0.10498199999999969
da20_gap1_joint_amp0p5,20.0,three_class,20,logistic,levels,ack_clrt,ack_ms_min,READ,SELECT,False,76,0.07784289473684212,0.01966522346185523,0.0003867210138047014,0.04120149999999967,0.08197700000000108,0.08460599999999907,0.08851724999999977,0.09352950000000071,0.099661000000002,0.10330624999999927,0.03758600000000101,0.10463599999999929
da20_gap1_joint_amp0p5,20.0,three_class,20,logistic,levels,ack_clrt,ack_ms_min,SELECT,SELECT,True,68,0.0815159411764706,0.016336445586733743,0.0002668794544083124,0.04569369999999893,0.08239500000000088,0.08443649999999892,0.08968899999999902,0.09392139999999964,0.10100229999999949,0.10504461000000055,0.03700500000000062,0.1060610000000004
da20_gap1_joint_amp0p5,20.0,three_class,20,logistic,levels,ack_clrt,ack_ms_min,SELECT,READ,False,138,0.05964688405797103,0.029886522684079382,0.0008932042381459915,0.03787499999999859,0.03964625000000055,0.04551400000000072,0.08409400000000122,0.09080589999999979,0.09379605000000134,0.09801099000000082,-0.16152800000000056,0.10272300000000101
da20_gap1_joint_amp0p5,20.0,three_class,20,logistic,levels,ack_clrt,ack_ms_min,OPERATE,READ,False,75,0.061489720000000435,0.02336052985447029,0.0005457143550815978,0.03754780000000011,0.039047000000000054,0.0485199999999999,0.08372750000000018,0.08826659999999933,0.09045370000000012,0.10492048000000104,0.031615999999999644,0.1050670000000018
da20_gap1_joint_amp0p5,20.0,three_class,20,logistic,levels,ack_clrt,ack_ms_min,SELECT,OPERATE,False,94,0.06531444680851047,0.021512850203668128,0.0004628027238854638,0.03841860000000032,0.040181249999999835,0.08183599999999913,0.08299299999999832,0.08617580000000018,0.0889497500000008,0.0907674299999994,0.036227999999997706,0.09537000000000262
da20_gap1_joint_amp0p5,20.0,three_class,20,logistic,levels,ack_clrt,ack_ms_min,READ,OPERATE,False,68,0.07069782352941205,0.020799574588368397,0.0004326223030571004,0.03999159999999904,0.0452735000000013,0.08304000000000045,0.08501000000000136,0.08816690000000023,0.08992285000000014,0.09744469000000136,0.032270000000000465,0.10393900000000045
da20_gap1_joint_amp0p5,20.0,three_class,20,logistic,levels,ack_clrt,ack_ms_max,OPERATE,OPERATE,True,162,0.11820059259259269,0.006135555255297418,3.764503829080776e-05,0.11288809999999963,0.11421925000000144,0.11677350000000075,0.12055700000000069,0.1256056000000001,0.13000950000000114,0.1394712799999986,0.10812699999999964,0.1466239999999992
da20_gap1_joint_amp0p5,20.0,three_class,20,logistic,levels,ack_clrt,ack_ms_max,OPERATE,SELECT,False,63,0.1283064761904765,0.01003839445655069,0.00010076936326530762,0.11717160000000107,0.12108249999999998,0.12716899999999853,0.13254500000000036,0.1423954000000002,0.15017150000000115,0.15477612000000185,0.11264200000000102,0.15612400000000193
da20_gap1_joint_amp0p5,20.0,three_class,20,logistic,levels,ack_clrt,ack_ms_max,READ,READ,True,156,0.12087139102564119,0.006346076749450777,4.0272690109919734e-05,0.11437850000000083,0.11633324999999939,0.11985750000000017,0.12429375000000142,0.1295730000000006,0.13127825000000026,0.13910380000000033,0.11057399999999973,0.14974600000000038
da20_gap1_joint_amp0p5,20.0,three_class,20,logistic,levels,ack_clrt,ack_ms_max,READ,SELECT,False,76,0.12970448684210548,0.010822994426455542,0.00011713720835508771,0.11774800000000063,0.12083375000000007,0.12725000000000009,0.13546999999999976,0.14538899999999977,0.15061525000000042,0.1566175000000003,0.11474499999999921,0.16239700000000212
da20_gap1_joint_amp0p5,20.0,three_class,20,logistic,levels,ack_clrt,ack_ms_max,SELECT,SELECT,True,68,0.12877376470588248,0.010973195846775613,0.00012041102709169355,0.11735220000000161,0.11892750000000163,0.12603799999999943,0.1360902500000014,0.14375509999999886,0.14966750000000192,0.15529675999999934,0.11453799999999958,0.15735499999999902
da20_gap1_joint_amp0p5,20.0,three_class,20,logistic,levels,ack_clrt,ack_ms_max,SELECT,READ,False,138,0.11957907971014489,0.0052350816807182525,2.7406080203791845e-05,0.11468220000000073,0.1159662499999996,0.11838900000000052,0.12131274999999953,0.12605760000000038,0.13057550000000012,0.13486769000000126,0.11232899999999901,0.14780800000000127
da20_gap1_joint_amp0p5,20.0,three_class,20,logistic,levels,ack_clrt,ack_ms_max,OPERATE,READ,False,75,0.11913105333333353,0.00573725206440247,3.291606125049041e-05,0.11412180000000091,0.11513300000000015,0.11698399999999864,0.12145700000000126,0.12726780000000062,0.13059200000000074,0.13678076000000092,0.1114840000000008,0.1384280000000011
da20_gap1_joint_amp0p5,20.0,three_class,20,logistic,levels,ack_clrt,ack_ms_max,SELECT,OPERATE,False,94,0.11844288297872375,0.005090018667892942,2.5908290039498644e-05,0.11321659999999908,0.11455050000000089,0.11715749999999936,0.12124625000000044,0.12505769999999855,0.12889700000000026,0.13287205000000046,0.11102599999999896,0.13409500000000207
da20_gap1_joint_amp0p5,20.0,three_class,20,logistic,levels,ack_clrt,ack_ms_max,READ,OPERATE,False,68,0.11800241176470602,0.004691331371405407,2.200859003633254e-05,0.11354379999999971,0.11491625000000028,0.11674950000000095,0.11996025000000099,0.12469429999999981,0.12620890000000032,0.1340180300000011,0.11192099999999883,0.1370269999999998
da20_gap1_joint_amp0p5,20.0,three_class,20,logistic,levels,ack_clrt,clrt_ms_mean,OPERATE,OPERATE,True,162,-0.0025264765432098796,0.005024319041082027,2.5243781826579414e-05,-0.00933188999999996,-0.0052764999999999895,-0.0026538500000000244,0.0009891124999999745,0.003281884999999986,0.0053091349999999995,0.00909170199999999,-0.015095600000000004,0.012584500000000016
da20_gap1_joint_amp0p5,20.0,three_class,20,logistic,levels,ack_clrt,clrt_ms_mean,OPERATE,SELECT,False,63,-0.0062047507936508015,0.00430455971473709,1.8529234337737462e-05,-0.012301220000000003,-0.0083371,-0.006209749999999986,-0.003232650000000006,-0.0005482499999999884,0.0004566999999999792,0.0024669719999999757,-0.01727475000000003,0.002551849999999978
da20_gap1_joint_amp0p5,20.0,three_class,20,logistic,levels,ack_clrt,clrt_ms_mean,READ,READ,True,156,0.11473075352564102,0.43971410061191835,0.19334849027694823,-0.011073124999999996,-0.007024050000000004,-0.0030635500000000147,0.0030932749999999934,0.19838377499999998,0.3543713625,2.5125554299999946,-0.019747450000000007,3.0535071
da20_gap1_joint_amp0p5,20.0,three_class,20,logistic,levels,ack_clrt,clrt_ms_mean,READ,SELECT,False,76,-0.006134134210526321,0.005573912959487983,3.106850567994809e-05,-0.013006075,-0.008714237500000012,-0.005487000000000021,-0.0028597625000000093,-0.0007452750000000189,0.0011663749999999932,0.004581375000000025,-0.030262150000000026,0.0048040499999999955
da20_gap1_joint_amp0p5,20.0,three_class,20,logistic,levels,ack_clrt,clrt_ms_mean,SELECT,SELECT,True,68,-0.006741061764705887,0.005109362264741228,2.6105582752361613e-05,-0.013129900000000017,-0.010507275000000005,-0.005596325000000003,-0.0028848250000000197,-0.0007193399999999978,-0.00018347499999999344,0.0008708284999999934,-0.01919559999999999,0.0010996000000000118
da20_gap1_joint_amp0p5,20.0,three_class,20,logistic,levels,ack_clrt,clrt_ms_mean,SELECT,READ,False,138,-0.0008993695652173976,0.02630118850244281,0.0006917525166410299,-0.011186710000000025,-0.008263037500000011,-0.004665724999999997,-0.002059412500000003,0.0016419249999999879,0.0033587649999999923,0.14382457549999972,-0.021276949999999985,0.20817394999999994
da20_gap1_joint_amp0p5,20.0,three_class,20,logistic,levels,ack_clrt,clrt_ms_mean,OPERATE,READ,False,75,0.008552178666666662,0.04470235439096035,0.001998300488095012,-0.00871904999999999,-0.0070378000000000055,-0.0035221000000000393,-0.00032492500000001203,0.0038627999999999814,0.13998645499999993,0.1776656200000002,-0.016834800000000035,0.20716165000000003
da20_gap1_joint_amp0p5,20.0,three_class,20,logistic,levels,ack_clrt,clrt_ms_mean,SELECT,OPERATE,False,94,-0.002626860638297876,0.004436791917422301,1.968512251850386e-05,-0.008608415000000015,-0.005469699999999992,-0.002016424999999997,-0.00012693750000000725,0.002516530000000004,0.004119517499999983,0.0081866355,-0.013919449999999972,0.008342549999999966
da20_gap1_joint_amp0p5,20.0,three_class,20,logistic,levels,ack_clrt,clrt_ms_mean,READ,OPERATE,False,68,0.0013142448529411726,0.018580552964372405,0.0003452369484618482,-0.007713764999999983,-0.003277237500000003,-0.0012896250000000275,0.0013801750000000182,0.0035807249999999877,0.006275304999999999,0.0943651044999999,-0.015997350000000025,0.12318759999999992
da20_gap1_joint_amp0p5,20.0,three_class,20,logistic,levels,ack_clrt,clrt_ms_std,OPERATE,OPERATE,True,162,0.018883606456097764,0.006357791172761097,4.042150859643893e-05,0.009498206151724633,0.013912755751174833,0.019042834192877108,0.02349251069919811,0.026869189786217024,0.0290145164664926,0.03182818773342012,0.005707975082943161,0.03627154907692805
da20_gap1_joint_amp0p5,20.0,three_class,20,logistic,levels,ack_clrt,clrt_ms_std,OPERATE,SELECT,False,63,0.020530740223447405,0.005428057455862489,2.9463807744144356e-05,0.013646140244969117,0.01619323030100389,0.020130658468800744,0.023931446901621974,0.02877710299043363,0.029673474534544168,0.031024349546563263,0.008256723068354668,0.03221648286188299
da20_gap1_joint_amp0p5,20.0,three_class,20,logistic,levels,ack_clrt,clrt_ms_std,READ,READ,True,156,0.5400732620524905,1.9151429406125922,3.667772482978247,0.017330367392489682,0.0194019685282286,0.024275455306720185,0.03198550469095639,0.8868511216872195,1.5641046765435198,11.002026785643165,0.008577964286472617,13.35142251104118
da20_gap1_joint_amp0p5,20.0,three_class,20,logistic,levels,ack_clrt,clrt_ms_std,READ,SELECT,False,76,0.02034286981933243,0.007060659623646814,4.985291432099637e-05,0.011348006865653334,0.01617636287959506,0.01911800477437506,0.02501112123105595,0.029864992916394092,0.03253927961028302,0.03619092905332954,0.007233499574203303,0.044057070401100205
da20_gap1_joint_amp0p5,20.0,three_class,20,logistic,levels,ack_clrt,clrt_ms_std,SELECT,SELECT,True,68,0.021342584960556413,0.005917217800594019,3.501346649966672e-05,0.012621679422453153,0.0171781133021927,0.02209631615232911,0.02612764552718142,0.029314490777931163,0.03017804794450846,0.030992171034985447,0.0069588387328634385,0.03166341379617019
da20_gap1_joint_amp0p5,20.0,three_class,20,logistic,levels,ack_clrt,clrt_ms_std,SELECT,READ,False,138,0.04097339515920457,0.1096547463189829,0.012024163390280495,0.017760497563587163,0.01928690432801248,0.023527724973730804,0.027374073120028042,0.031666289120260475,0.03515945258985165,0.6328286844588511,0.006956711411291947,0.9647239468766945
da20_gap1_joint_amp0p5,20.0,three_class,20,logistic,levels,ack_clrt,clrt_ms_std,OPERATE,READ,False,75,0.07611214098841207,0.18510228410396187,0.03426285558050381,0.01681123435026972,0.019200758002723493,0.022490470301663325,0.02685279278693133,0.03691753164478605,0.633389388048372,0.7746340647304661,0.008166359063866849,0.8812752965777081
da20_gap1_joint_amp0p5,20.0,three_class,20,logistic,levels,ack_clrt,clrt_ms_std,SELECT,OPERATE,False,94,0.01957217240526291,0.006227901599553278,3.878675833371828e-05,0.011143703162284609,0.015014349969244764,0.018919526374134757,0.023133521085988054,0.028519427083134503,0.030880518963422296,0.03336591445307219,0.008555663524823778,0.03506514411416984
da20_gap1_joint_amp0p5,20.0,three_class,20,logistic,levels,ack_clrt,clrt_ms_std,READ,OPERATE,False,68,0.030610197986276295,0.07205889263484143,0.005192484007759605,0.01008841164313482,0.012728958154579362,0.016888575244040187,0.022915726763612768,0.027134170836892076,0.030209466576086058,0.40466652073253684,0.005959907654485921,0.5147869292826304
da20_gap1_joint_amp0p5,20.0,three_class,20,logistic,levels,ack_clrt,clrt_ms_min,OPERATE,OPERATE,True,162,-0.05158310493827162,0.02482758150629962,0.0006164088034519511,-0.07697060000000004,-0.07303875000000004,-0.06215250000000003,-0.025118249999999953,-0.013870199999999992,-0.012413700000000154,-0.008885030000000049,-0.09568700000000002,-0.0071370000000000045
da20_gap1_joint_amp0p5,20.0,three_class,20,logistic,levels,ack_clrt,clrt_ms_min,OPERATE,SELECT,False,63,-0.06480409523809526,0.020628672750597588,0.00042554213945124753,-0.08252880000000004,-0.07753750000000004,-0.071021,-0.05153550000000004,-0.0328652,-0.02581440000000004,-0.019565360000000045,-0.10972000000000004,-0.018804000000000043
da20_gap1_joint_amp0p5,20.0,three_class,20,logistic,levels,ack_clrt,clrt_ms_min,READ,READ,True,156,-0.06577892307692308,0.021135223757114897,0.00044669768326331395,-0.08224050000000005,-0.07822700000000003,-0.07401300000000002,-0.05920924999999999,-0.028274500000000036,-0.02107099999999995,-0.009810850000000067,-0.1245480000000001,-0.007033999999999985
da20_gap1_joint_amp0p5,20.0,three_class,20,logistic,levels,ack_clrt,clrt_ms_min,READ,SELECT,False,76,-0.06099603947368422,0.02242945487314253,0.0005030804459063372,-0.08200400000000005,-0.07632775000000001,-0.07100250000000002,-0.051761749999999995,-0.022391999999999967,-0.015607750000000031,-0.010849750000000033,-0.09079400000000004,-0.007918000000000036
da20_gap1_joint_amp0p5,20.0,three_class,20,logistic,levels,ack_clrt,clrt_ms_min,SELECT,SELECT,True,68,-0.06649883823529414,0.01883429519255508,0.0003547306754003034,-0.08068470000000003,-0.07707950000000004,-0.07293200000000005,-0.06506050000000002,-0.02989340000000001,-0.027429799999999928,-0.020269869999999895,-0.10083800000000004,-0.018955999999999973
da20_gap1_joint_amp0p5,20.0,three_class,20,logistic,levels,ack_clrt,clrt_ms_min,SELECT,READ,False,138,-0.06865703623188409,0.01783705871534401,0.0003181606636146296,-0.08141050000000004,-0.07872775000000001,-0.07509800000000003,-0.06898650000000005,-0.031405899999999966,-0.023430249999999982,-0.01687454000000003,-0.09326699999999999,-0.013108999999999815
da20_gap1_joint_amp0p5,20.0,three_class,20,logistic,levels,ack_clrt,clrt_ms_min,OPERATE,READ,False,75,-0.0642293466666667,0.021470152325181326,0.00046096744086648916,-0.08204600000000002,-0.07847750000000003,-0.0738700000000001,-0.057230499999999934,-0.028031999999999994,-0.019361800000000148,-0.014166079999999828,-0.09508700000000003,-0.008770000000000056
da20_gap1_joint_amp0p5,20.0,three_class,20,logistic,levels,ack_clrt,clrt_ms_min,SELECT,OPERATE,False,94,-0.05140895744680851,0.022530154184396023,0.0005076078475726575,-0.07786410000000003,-0.07257725000000004,-0.05370850000000002,-0.028836500000000043,-0.02070829999999999,-0.014650349999999956,-0.011609400000000162,-0.08388900000000005,-0.010604999999999976
da20_gap1_joint_amp0p5,20.0,three_class,20,logistic,levels,ack_clrt,clrt_ms_min,READ,OPERATE,False,68,-0.04527023529411766,0.02321026560098281,0.0005387164292681659,-0.0753816,-0.07091925000000002,-0.04639400000000002,-0.025664000000000006,-0.018125900000000018,-0.01149699999999996,-0.008356620000000002,-0.079291,-0.008299000000000056
da20_gap1_joint_amp0p5,20.0,three_class,20,logistic,levels,ack_clrt,clrt_ms_max,OPERATE,OPERATE,True,162,0.03508971604938271,0.021392377009796005,0.00045763379412924873,0.012886300000000106,0.01935724999999988,0.0263805,0.057417500000000066,0.06861259999999995,0.0709535,0.08092490999999993,0.003952999999999984,0.08408099999999996
da20_gap1_joint_amp0p5,20.0,three_class,20,logistic,levels,ack_clrt,clrt_ms_max,OPERATE,SELECT,False,63,0.027656999999999998,0.01965235572373101,0.000386215085492063,0.01038439999999996,0.013264499999999874,0.022137000000000018,0.029639499999999985,0.066775,0.06925119999999994,0.07089105999999992,0.004713000000000189,0.07172
da20_gap1_joint_amp0p5,20.0,three_class,20,logistic,levels,ack_clrt,clrt_ms_max,READ,READ,True,156,2.4254612307692307,8.799211854094636,77.42612925323958,0.015451499999999951,0.02299275000000002,0.04977849999999995,0.07318650000000013,4.0625865,7.171761,50.46906614999991,0.0023409999999999265,61.250854
da20_gap1_joint_amp0p5,20.0,three_class,20,logistic,levels,ack_clrt,clrt_ms_max,READ,SELECT,False,76,0.026506013157894734,0.018199793329142806,0.000331232477223511,0.009714,0.015498749999999992,0.02184549999999999,0.02631525,0.06172449999999993,0.06866875000000011,0.07248674999999999,0.0033279999999999976,0.07337099999999985
da20_gap1_joint_amp0p5,20.0,three_class,20,logistic,levels,ack_clrt,clrt_ms_max,SELECT,SELECT,True,68,0.024251499999999985,0.01781487835184896,0.00031736989069117665,0.008277799999999964,0.010804249999999904,0.02007049999999999,0.02704724999999991,0.059951599999999945,0.06627229999999996,0.07121146999999997,0.005308999999999953,0.07600800000000008
da20_gap1_joint_amp0p5,20.0,three_class,20,logistic,levels,ack_clrt,clrt_ms_max,SELECT,READ,False,138,0.12533584782608695,0.5120327370693291,0.2621775238307087,0.010100700000000018,0.020077250000000033,0.044221500000000025,0.0681985,0.07316889999999994,0.07526580000000016,2.901347599999994,0.0043439999999999035,4.411891
da20_gap1_joint_amp0p5,20.0,three_class,20,logistic,levels,ack_clrt,clrt_ms_max,OPERATE,READ,False,75,0.2929782,0.8646513942310393,0.7476220335456802,0.014873199999999897,0.02213049999999997,0.044379999999999864,0.06750650000000005,0.07455280000000004,2.8989375999999987,3.5525417400000037,0.00781199999999993,4.047823
da20_gap1_joint_amp0p5,20.0,three_class,20,logistic,levels,ack_clrt,clrt_ms_max,SELECT,OPERATE,False,94,0.03786578723404253,0.02179268472464836,0.00047492110750792195,0.013506000000000008,0.02116625000000011,0.027060499999999987,0.06311449999999998,0.06924019999999986,0.072509,0.07663858999999996,0.006516000000000022,0.077324
da20_gap1_joint_amp0p5,20.0,three_class,20,logistic,levels,ack_clrt,clrt_ms_max,READ,OPERATE,False,68,0.0957004411764706,0.3385556990548832,0.11461996136254063,0.015392800000000007,0.02036975000000002,0.025237999999999983,0.05438325000000013,0.067253,0.07592744999999995,1.8574444699999986,0.008982999999999963,2.366282
da20_gap1_joint_amp0p5,20.0,read_select,1,logistic,levels,ack_clrt,ack_ms,READ,SELECT,False,2472,0.09891920550161827,0.01779330592409903,0.0003166017357085776,0.08394119999999852,0.09247899999999998,0.105518,0.1085072500000015,0.11205870000000218,0.11429015000000095,0.11983036000000083,-0.16393899999999917,0.1373110000000004
da20_gap1_joint_amp0p5,20.0,read_select,1,logistic,levels,ack_clrt,ack_ms,READ,READ,True,3528,0.11081573554421782,0.0060205330788834065,3.6246818553929314e-05,0.10576680000000102,0.10750525000000088,0.1100134999999991,0.11320874999999919,0.11691409999999962,0.1206378499999996,0.1323386300000013,0.08342700000000036,0.16239700000000212
da20_gap1_joint_amp0p5,20.0,read_select,1,logistic,levels,ack_clrt,ack_ms,SELECT,SELECT,True,2770,0.09857904693140809,0.017755533240895866,0.00031525896066855806,0.08305130000000141,0.09269000000000105,0.10539699999999996,0.10792875000000013,0.11144439999999846,0.11386040000000061,0.11916080000000008,-0.16152800000000056,0.13674699999999973
da20_gap1_joint_amp0p5,20.0,read_select,1,logistic,levels,ack_clrt,ack_ms,SELECT,READ,False,3230,0.11064631671826636,0.005674959964152695,3.220517059473595e-05,0.10562070000000041,0.10720424999999967,0.11009250000000037,0.1129800000000003,0.11660389999999801,0.11926504999999991,0.1305923000000015,0.08190600000000003,0.15735499999999902
da20_gap1_joint_amp0p5,20.0,read_select,1,logistic,levels,ack_clrt,clrt_ms,READ,SELECT,False,2472,-0.01116210275080907,0.03264587631934127,0.0010657532406577273,-0.06999890000000003,-0.022460000000000008,-0.004128500000000007,0.004235999999999934,0.021249300000000124,0.028292199999999924,0.07008765999999989,-0.1245480000000001,0.11059600000000003
da20_gap1_joint_amp0p5,20.0,read_select,1,logistic,levels,ack_clrt,clrt_ms,READ,READ,True,3528,0.10714743707482993,1.9169237111381652,3.6745965143237154,-0.007670599999999977,-0.0038960000000000106,-0.00014900000000006575,0.003621249999999923,0.008750999999999875,0.013907949999999912,0.04828470000000014,-0.06468800000000002,61.250854
da20_gap1_joint_amp0p5,20.0,read_select,1,logistic,levels,ack_clrt,clrt_ms,SELECT,SELECT,True,2770,-0.009728543682310476,0.03227629627527818,0.0010417593012495361,-0.06848979999999999,-0.020195500000000144,-0.003340999999999983,0.004402500000000101,0.021032099999999897,0.04055189999999956,0.07047568999999995,-0.10083800000000004,0.08083099999999988
da20_gap1_joint_amp0p5,20.0,read_select,1,logistic,levels,ack_clrt,clrt_ms,SELECT,READ,False,3230,0.003207264396284825,0.108690658283858,0.011813659198178391,-0.007615500000000036,-0.004243749999999935,-0.00043999999999999595,0.0030565000000000314,0.0067534999999999,0.00993165000000003,0.02528868999999997,-0.07114100000000012,4.411891
da20_gap1_joint_amp0p5,20.0,read_select,5,rf,levels,ack_clrt,ack_ms_mean,READ,READ,True,643,0.10583725598755848,0.006056908899252843,3.668614541384828e-05,0.09593980000000016,0.10209630000000053,0.10755799999999952,0.1100442000000001,0.11232892000000064,0.11379574000000013,0.11686014800000054,0.08537280000000039,0.12105940000000075
da20_gap1_joint_amp0p5,20.0,read_select,5,rf,levels,ack_clrt,ack_ms_mean,READ,SELECT,False,557,0.10600337989228016,0.005444018574614232,2.963733824074478e-05,0.10087811999999986,0.10439900000000009,0.10674679999999981,0.10892300000000006,0.11121532000000002,0.11254960000000097,0.11594608799999971,0.05652880000000025,0.11806739999999963
da20_gap1_joint_amp0p5,20.0,read_select,5,rf,levels,ack_clrt,ack_ms_mean,SELECT,READ,False,558,0.10472131362007182,0.006027013856000683,3.632489602042422e-05,0.0954580000000005,0.10031924999999955,0.10588760000000014,0.10934189999999991,0.11176340000000039,0.11311397000000088,0.11637443600000015,0.08997020000000049,0.1202534000000007
da20_gap1_joint_amp0p5,20.0,read_select,5,rf,levels,ack_clrt,ack_ms_mean,SELECT,SELECT,True,642,0.10538289657320882,0.006269745347461316,3.930970672201282e-05,0.09927374000000014,0.10373515000000086,0.1066043000000004,0.1088693500000005,0.11083435999999922,0.1119885800000003,0.11550269800000024,0.05303260000000023,0.11996419999999901
da20_gap1_joint_amp0p5,20.0,read_select,5,rf,levels,ack_clrt,ack_ms_std,READ,READ,True,643,0.009972238909492758,0.00875739887009166,7.669203496988269e-05,0.00221229582992422,0.003826539677450054,0.006777426786030892,0.011494974276446829,0.026928399857994237,0.028185894720417076,0.030441941569706463,0.0005885614326474263,0.05741958395669568
da20_gap1_joint_amp0p5,20.0,read_select,5,rf,levels,ack_clrt,ack_ms_std,READ,SELECT,False,557,0.008553803561443871,0.007231796322816892,5.229887805470792e-05,0.0026149699380566614,0.003975074308740021,0.0077767231813921055,0.01023413978016698,0.014369706266405985,0.02265306893212133,0.029841583599009538,0.0008907770989414263,0.11031694792623628
da20_gap1_joint_amp0p5,20.0,read_select,5,rf,levels,ack_clrt,ack_ms_std,SELECT,READ,False,558,0.010720058426614203,0.008699395705545492,7.567948564166335e-05,0.0026826151906008083,0.004318205827840557,0.008066847467590933,0.011728819667035595,0.027846265892213045,0.028574586156744887,0.029685033764299474,0.0003349284102607951,0.03474685591186617
da20_gap1_joint_amp0p5,20.0,read_select,5,rf,levels,ack_clrt,ack_ms_std,SELECT,SELECT,True,642,0.008723608723349319,0.007697428099838606,5.925039935218498e-05,0.002637074196607762,0.003604225843724384,0.007246807448372906,0.010284123030854056,0.01656720411082355,0.025970689974445207,0.029737526641409,0.0007769623929123264,0.10738544113165471
da20_gap1_joint_amp0p5,20.0,read_select,5,rf,levels,ack_clrt,ack_ms_min,READ,READ,True,643,0.08852722550544347,0.02328148233445252,0.0005420274196894248,0.04209060000000022,0.08378500000000066,0.09762800000000027,0.1065694999999991,0.10777460000000047,0.10856749999999842,0.10993343999999887,-0.028052999999999884,0.11270899999999884
da20_gap1_joint_amp0p5,20.0,read_select,5,rf,levels,ack_clrt,ack_ms_min,READ,SELECT,False,557,0.09248959245960504,0.01804169046099292,0.0003255025946902829,0.08352960000000068,0.08734600000000015,0.09415500000000065,0.10384200000000021,0.10567799999999963,0.10627080000000148,0.10758688000000063,-0.16393899999999917,0.1113199999999992
da20_gap1_joint_amp0p5,20.0,read_select,5,rf,levels,ack_clrt,ack_ms_min,SELECT,READ,False,558,0.08581410035842306,0.023260009606779954,0.0005410280469074958,0.04045630000000031,0.0824127499999987,0.09217700000000129,0.1045347500000009,0.10711889999999968,0.10780290000000062,0.11000765000000061,0.03334899999999763,0.1118130000000015
da20_gap1_joint_amp0p5,20.0,read_select,5,rf,levels,ack_clrt,ack_ms_min,SELECT,SELECT,True,642,0.09129137850467296,0.019580189614137676,0.00038338382532558495,0.08228200000000144,0.08555500000000205,0.09522350000000124,0.10444524999999949,0.10586760000000126,0.10616475000000065,0.1071638799999997,-0.16152800000000056,0.10845600000000033
da20_gap1_joint_amp0p5,20.0,read_select,5,rf,levels,ack_clrt,ack_ms_max,READ,READ,True,643,0.11547632192846055,0.00574300859675453,3.298214774239644e-05,0.11052700000000115,0.11201249999999874,0.11447199999999924,0.11712149999999966,0.1210542000000011,0.12554129999999972,0.1376406400000001,0.10613700000000037,0.16239700000000212
da20_gap1_joint_amp0p5,20.0,read_select,5,rf,levels,ack_clrt,ack_ms_max,READ,SELECT,False,557,0.11621449730700188,0.007485947737239351,5.603941352467896e-05,0.1096412000000008,0.11134799999999956,0.11403999999999925,0.11870700000000056,0.12572480000000041,0.13162399999999927,0.14481244000000157,0.1003709999999991,0.1546909999999997
da20_gap1_joint_amp0p5,20.0,read_select,5,rf,levels,ack_clrt,ack_ms_max,SELECT,READ,False,558,0.11468529928315428,0.004849275681608118,2.3515474636235877e-05,0.11013719999999978,0.1117265000000005,0.114039,0.11680399999999924,0.1190243000000006,0.12202030000000245,0.13347745999999922,0.10510999999999981,0.15025900000000192
da20_gap1_joint_amp0p5,20.0,read_select,5,rf,levels,ack_clrt,ack_ms_max,SELECT,SELECT,True,642,0.11535147352024926,0.007090494459649551,5.0275111682320986e-05,0.1091664999999999,0.11113825000000066,0.11327950000000087,0.11772124999999978,0.12314800000000012,0.1286924999999998,0.14281283999999905,0.10538400000000081,0.15735499999999902
da20_gap1_joint_amp0p5,20.0,read_select,5,rf,levels,ack_clrt,clrt_ms_mean,READ,READ,True,643,0.11278030202177293,0.8915646531424974,0.7948875307331017,-0.017638560000000015,-0.011544600000000033,-0.002435199999999993,0.0031904000000000377,0.01187975999999999,0.3151476199999966,2.9631780880000727,-0.049822400000000044,12.226890000000001
da20_gap1_joint_amp0p5,20.0,read_select,5,rf,levels,ack_clrt,clrt_ms_mean,READ,SELECT,False,557,-0.0043681260323159814,0.008810296070652448,7.762131685255395e-05,-0.016466760000000025,-0.009033200000000042,-0.0023969999999999825,0.0018336000000001463,0.004408680000000001,0.006289159999999979,0.012173975999999928,-0.04304680000000003,0.018510200000000053
da20_gap1_joint_amp0p5,20.0,read_select,5,rf,levels,ack_clrt,clrt_ms_mean,SELECT,READ,False,558,-7.755949820789095e-05,0.05300816064711954,0.002809865095190832,-0.017784440000000026,-0.011489350000000014,-0.002761500000000022,0.0021382500000000524,0.010150919999999996,0.012944620000000028,0.018656335999999975,-0.04406380000000006,0.8641428
da20_gap1_joint_amp0p5,20.0,read_select,5,rf,levels,ack_clrt,clrt_ms_mean,SELECT,SELECT,True,642,-0.005100377258566983,0.010149074103927992,0.00010300370516702178,-0.019008720000000017,-0.011162300000000031,-0.003819500000000009,0.0011696000000000289,0.005634540000000018,0.010374560000000012,0.017370931999999988,-0.04659160000000003,0.02514539999999992
da20_gap1_joint_amp0p5,20.0,read_select,5,rf,levels,ack_clrt,clrt_ms_std,READ,READ,True,643,0.25407665619878184,1.781395293546499,3.173369191869617,0.005336495534439314,0.010421496395103272,0.020506437863266242,0.030934585857673773,0.03780692328205353,0.6088907741123198,5.931087784033427,0.0013880670588988487,24.51199998355076
da20_gap1_joint_amp0p5,20.0,read_select,5,rf,levels,ack_clrt,clrt_ms_std,READ,SELECT,False,557,0.013296564982833162,0.00999861096934597,9.997222131632556e-05,0.0034890361300340894,0.006059523096746185,0.009684928146351936,0.02051148495453218,0.028959893038363386,0.03266482897580162,0.038904109901989066,0.0010102909283963867,0.05131709023863298
da20_gap1_joint_amp0p5,20.0,read_select,5,rf,levels,ack_clrt,clrt_ms_std,SELECT,READ,False,558,0.028100557961951524,0.10341415266623202,0.010694486971674744,0.004774693020577935,0.009307513187538762,0.01891790323309544,0.030116368009736837,0.0350570702196389,0.04135616045127365,0.05022394916241672,0.0014571759811360491,1.7740730980248136
da20_gap1_joint_amp0p5,20.0,read_select,5,rf,levels,ack_clrt,clrt_ms_std,SELECT,SELECT,True,642,0.014678539127246948,0.010488885048363978,0.00011001670955779339,0.0038327737240280197,0.00621092698412988,0.010071879730583079,0.024366887460746854,0.029901546075056476,0.03286711189073815,0.039976731699831874,0.001463753312549642,0.04932949588795735
da20_gap1_joint_amp0p5,20.0,read_select,5,rf,levels,ack_clrt,clrt_ms_min,READ,READ,True,643,-0.03508866251944013,0.029418100153113406,0.000865424616618611,-0.0770274,-0.07024549999999999,-0.024397000000000002,-0.008570999999999995,-0.004689199999999989,-0.00293669999999992,-1.07399999999677e-05,-0.09873700000000002,0.0024139999999999717
da20_gap1_joint_amp0p5,20.0,read_select,5,rf,levels,ack_clrt,clrt_ms_min,READ,SELECT,False,557,-0.025628165170556563,0.025555202316719816,0.0006530683654484818,-0.07027200000000002,-0.04514400000000002,-0.014208999999999916,-0.006517999999999802,-0.0032758000000000283,-0.0020246000000000153,-0.00044204000000006255,-0.1245480000000001,0.0005630000000000912
da20_gap1_joint_amp0p5,20.0,read_select,5,rf,levels,ack_clrt,clrt_ms_min,SELECT,READ,False,558,-0.03438384229390682,0.02942142395922994,0.0008656201877887495,-0.07737970000000002,-0.06904700000000014,-0.02283449999999998,-0.00843574999999988,-0.00451349999999987,-0.0025437499999998907,0.00042067999999993505,-0.09408300000000014,0.0021950000000000025
da20_gap1_joint_amp0p5,20.0,read_select,5,rf,levels,ack_clrt,clrt_ms_min,SELECT,SELECT,True,642,-0.028721009345794402,0.02679284303201567,0.0007178564377382307,-0.07385570000000001,-0.051831750000000024,-0.017289000000000054,-0.007421249999999963,-0.003598900000000063,-0.0022348000000000185,-0.0004633000000000133,-0.10083800000000004,0.0032059999999999866
da20_gap1_joint_amp0p5,20.0,read_select,5,rf,levels,ack_clrt,clrt_ms_max,READ,READ,True,643,0.6064609486780715,4.456158639406449,19.857349819556738,0.0024834000000000024,0.006093999999999933,0.013943999999999956,0.026841000000000004,0.06854020000000004,1.532833099999983,14.82533668000036,-0.005725000000000036,61.250854
da20_gap1_joint_amp0p5,20.0,read_select,5,rf,levels,ack_clrt,clrt_ms_max,READ,SELECT,False,557,0.010810806104129263,0.012370276903375069,0.0001530237506661747,0.00031440000000002597,0.0027079999999999327,0.007402999999999826,0.015579999999999927,0.023550000000000078,0.027625999999999946,0.06692007999999987,-0.00514900000000007,0.07467999999999986
da20_gap1_joint_amp0p5,20.0,read_select,5,rf,levels,ack_clrt,clrt_ms_max,SELECT,READ,False,558,0.04148017204301074,0.2594617230093233,0.06732038570696681,0.0028181000000001566,0.006303499999999962,0.011768500000000043,0.025890750000000073,0.0661581,0.0703621500000001,0.07812250999999998,-0.005555999999999894,4.411891
da20_gap1_joint_amp0p5,20.0,read_select,5,rf,levels,ack_clrt,clrt_ms_max,SELECT,SELECT,True,642,0.011348096573208726,0.01584048988236838,0.000250921119713415,1.0399999999977385e-05,0.0021979999999999916,0.005524000000000084,0.014070249999999965,0.026014299999999945,0.058799449999999975,0.06942931999999992,-0.007747000000000059,0.07524300000000017
da20_gap1_joint_amp0p5,20.0,read_select,20,rf,raw,ack_clrt,ack_ms_mean,READ,SELECT,False,122,20.112670136065574,0.07899661063765448,0.006240464492237184,20.00773217,20.069826812499997,20.119718825,20.172759399999997,20.207264530000003,20.2218656275,20.271177894,19.869900100000002,20.290807749999995
da20_gap1_joint_amp0p5,20.0,read_select,20,rf,raw,ack_clrt,ack_ms_mean,READ,READ,True,178,20.088705991853935,0.08700264445737403,0.007569460142576236,19.988445730000002,20.022938725,20.089312174999996,20.148342312500002,20.206084595,20.236667394999998,20.2901493505,19.88819665,20.29306875
da20_gap1_joint_amp0p5,20.0,read_select,20,rf,raw,ack_clrt,ack_ms_mean,SELECT,SELECT,True,155,20.10258138548387,0.08137182553988768,0.006621373991693917,19.9979693,20.056235325,20.106655949999997,20.166877475,20.19546682,20.224097999999998,20.255130012000002,19.83009395,20.275409100000005
da20_gap1_joint_amp0p5,20.0,read_select,20,rf,raw,ack_clrt,ack_ms_mean,SELECT,READ,False,145,20.08574463586207,0.0889946349227612,0.007920045045035549,19.98478985,20.021033249999995,20.072991100000003,20.1514838,20.20312848,20.24142782,20.287461614,19.874927,20.2989819
da20_gap1_joint_amp0p5,20.0,read_select,20,rf,raw,ack_clrt,ack_ms_std,READ,SELECT,False,122,0.36957317934205125,0.03797713527550845,0.0014422628037342685,0.3243316103037762,0.34178947304910323,0.3642314117544886,0.39808850664340334,0.42205474324981,0.42786063668679614,0.4398583557620709,0.27700357059287145,0.46447782854222464
da20_gap1_joint_amp0p5,20.0,read_select,20,rf,raw,ack_clrt,ack_ms_std,READ,READ,True,178,0.35598523931987636,0.03410875914889742,0.0011634074506774934,0.30817946893513426,0.33441194606532715,0.35869243489047986,0.37933521116595986,0.39830198115520005,0.40481721025192746,0.4292208657863226,0.26501210547359433,0.4370797957754969
da20_gap1_joint_amp0p5,20.0,read_select,20,rf,raw,ack_clrt,ack_ms_std,SELECT,SELECT,True,155,0.36909295152521737,0.03491604873966176,0.0012191304595904355,0.3265224798151421,0.34764729337554223,0.3694270732966254,0.3929395689574017,0.4166310945472853,0.42489998114058414,0.4424636611159789,0.2427831430454915,0.4513598094578649
da20_gap1_joint_amp0p5,20.0,read_select,20,rf,raw,ack_clrt,ack_ms_std,SELECT,READ,False,145,0.3565574711921408,0.034542260397169205,0.001193167753345844,0.3059459420338496,0.33097387137468687,0.3608779482227892,0.38599637959589717,0.3978231577193754,0.40401220878410515,0.4184360932153983,0.2705921303604884,0.4316696388552796
da20_gap1_joint_amp0p5,20.0,read_select,20,rf,raw,ack_clrt,ack_ms_min,READ,SELECT,False,122,19.590908319672135,0.02008818554106468,0.00040353519833224007,19.5505654,19.585521,19.597886000000003,19.60542425,19.607015099999998,19.60788595,19.61095439,19.537278,19.612834
da20_gap1_joint_amp0p5,20.0,read_select,20,rf,raw,ack_clrt,ack_ms_min,READ,READ,True,178,19.59284959550562,0.017301246537684292,0.0002993331317577327,19.582347,19.585108249999998,19.596725499999998,19.605798999999998,19.6078493,19.60930435,19.61223475,19.53609,19.613324
da20_gap1_joint_amp0p5,20.0,read_select,20,rf,raw,ack_clrt,ack_ms_min,SELECT,SELECT,True,155,19.584423296774197,0.024709053622736937,0.0006105373309312894,19.538913,19.5824495,19.590004,19.6045225,19.6061032,19.6079224,19.610164140000002,19.533125,19.612128
da20_gap1_joint_amp0p5,20.0,read_select,20,rf,raw,ack_clrt,ack_ms_min,SELECT,READ,False,145,19.595374131034482,0.04262411445200143,0.0018168151328173169,19.5785344,19.583746,19.595891,19.604913,19.607905,19.6099568,19.78152296,19.536004,19.925386
da20_gap1_joint_amp0p5,20.0,read_select,20,rf,raw,ack_clrt,ack_ms_max,READ,SELECT,False,122,20.616268836065576,0.008125780105158437,6.602830231738865e-05,20.6102977,20.61156725,20.6143175,20.61784325,20.6237341,20.6298948,20.65252435,20.604611,20.662365
da20_gap1_joint_amp0p5,20.0,read_select,20,rf,raw,ack_clrt,ack_ms_max,READ,READ,True,178,20.611066196629213,0.03578171549342412,0.0012803311636523478,20.6082297,20.61121225,20.613854,20.61726375,20.6226915,20.626009149999998,20.637171549999998,20.27947,20.649714
da20_gap1_joint_amp0p5,20.0,read_select,20,rf,raw,ack_clrt,ack_ms_max,SELECT,SELECT,True,155,20.613276574193545,0.027820264259301963,0.0007739671034573942,20.609576,20.6113275,20.613982,20.617150000000002,20.621813799999998,20.628488700000002,20.6445194,20.278849,20.650227
da20_gap1_joint_amp0p5,20.0,read_select,20,rf,raw,ack_clrt,ack_ms_max,SELECT,READ,False,145,20.611617944827586,0.028242791098463435,0.0007976552490314454,20.6072452,20.610256,20.613391,20.61681,20.6210826,20.627581799999998,20.6321044,20.280941,20.632748
da20_gap1_joint_amp0p5,20.0,read_select,20,rf,raw,ack_clrt,clrt_ms_mean,READ,SELECT,False,122,0.9958740364754098,0.07393811388362537,0.005466844684667954,0.883366345,0.9595736875,1.00006235,1.0464047875,1.0895018200000002,1.1059430875,1.134708024,0.8131667,1.16485595
da20_gap1_joint_amp0p5,20.0,read_select,20,rf,raw,ack_clrt,clrt_ms_mean,READ,READ,True,178,1.1078947345505616,0.43167900456498676,0.18634676298221786,0.8951634600000001,0.9313570625,1.022788925,1.1263862875,1.2309136950000001,1.3953082625000002,3.367998897999994,0.73395465,4.1534367
da20_gap1_joint_amp0p5,20.0,read_select,20,rf,raw,ack_clrt,clrt_ms_mean,SELECT,SELECT,True,155,0.9951902841935484,0.07535231168308293,0.005677970875984476,0.8974940900000001,0.954597325,0.9910228499999999,1.04744215,1.09676067,1.11350955,1.1386015600000001,0.77080425,1.1438792
da20_gap1_joint_amp0p5,20.0,read_select,20,rf,raw,ack_clrt,clrt_ms_mean,SELECT,READ,False,145,0.9937719106896552,0.0965867753509581,0.009329005172696447,0.8727150499999999,0.91736615,1.0015576000000002,1.0620445,1.10814189,1.1478160099999999,1.213619734,0.7470572499999999,1.2494527999999998
da20_gap1_joint_amp0p5,20.0,read_select,20,rf,raw,ack_clrt,clrt_ms_std,READ,SELECT,False,122,0.36105777724621574,0.03516550405942136,0.0012366126757531798,0.31062499385092623,0.3427488251361246,0.36149283092765294,0.38146854629604815,0.40276403366890157,0.4183462485478452,0.437413694439699,0.27935734219543973,0.4401007372911797
da20_gap1_joint_amp0p5,20.0,read_select,20,rf,raw,ack_clrt,clrt_ms_std,READ,READ,True,178,0.7922940373433344,1.7549904557646827,3.0799914998251285,0.3267151258391344,0.35108473183381356,0.37889488531913473,0.4084909437003001,0.9453987450954718,1.4294654008934502,10.75628364500446,0.2756004057593348,13.448809681073069
da20_gap1_joint_amp0p5,20.0,read_select,20,rf,raw,ack_clrt,clrt_ms_std,SELECT,SELECT,True,155,0.3659338768795987,0.0388717150593336,0.0015110102316540225,0.31010615988321427,0.33673139466640173,0.36815492488419527,0.393466216181042,0.41437084701474414,0.4226874459479679,0.438946231887207,0.2690719500719603,0.4612417434288093
da20_gap1_joint_amp0p5,20.0,read_select,20,rf,raw,ack_clrt,clrt_ms_std,SELECT,READ,False,145,0.37922676722657267,0.090332772945147,0.00816000986795948,0.32453338445480806,0.3447475751233466,0.3726350266684682,0.3936699052890981,0.41582298586188965,0.42624507801091976,0.7901628530588125,0.2032365720444711,1.1394178288379675
da20_gap1_joint_amp0p5,20.0,read_select,20,rf,raw,ack_clrt,clrt_ms_min,READ,SELECT,False,122,0.45656913114754094,0.03026407317643648,0.000915914125228702,0.42133390000000004,0.4260465,0.4485725,0.48803525000000003,0.4947325,0.4967291,0.5045546900000001,0.403179,0.507474
da20_gap1_joint_amp0p5,20.0,read_select,20,rf,raw,ack_clrt,clrt_ms_min,READ,READ,True,178,0.4545081910112359,0.03296886494175655,0.0010869460555477841,0.4181541,0.42349925,0.44193150000000003,0.49234625,0.4952022,0.49898875000000004,0.5064896099999999,0.401231,0.522657
da20_gap1_joint_amp0p5,20.0,read_select,20,rf,raw,ack_clrt,clrt_ms_min,SELECT,SELECT,True,155,0.4562801677419354,0.03880911891974232,0.0015061477113267015,0.4212898,0.425931,0.446572,0.486075,0.4944328,0.4963502,0.50106062,0.413672,0.766558
da20_gap1_joint_amp0p5,20.0,read_select,20,rf,raw,ack_clrt,clrt_ms_min,SELECT,READ,False,145,0.44898905517241383,0.04385097598643014,0.0019229080949624729,0.4191264,0.422274,0.428415,0.480288,0.4942762,0.49626739999999997,0.4986968,0.39913,0.830564
da20_gap1_joint_amp0p5,20.0,read_select,20,rf,raw,ack_clrt,clrt_ms_max,READ,SELECT,False,122,1.5063778524590161,0.04495197444261718,0.002020680006289708,1.4989839999999999,1.501482,1.5076315,1.5189059999999999,1.5270895,1.5379766,1.5688541200000001,1.175948,1.570537
da20_gap1_joint_amp0p5,20.0,read_select,20,rf,raw,ack_clrt,clrt_ms_max,READ,READ,True,178,3.6370827415730336,8.275909866084081,68.49068411154784,1.5044822,1.50726475,1.51566,1.56873,5.0325355000000025,7.322707300000004,50.22936700999992,1.492262,62.750758
da20_gap1_joint_amp0p5,20.0,read_select,20,rf,raw,ack_clrt,clrt_ms_max,SELECT,SELECT,True,155,1.5142990258064517,0.020563009198620703,0.00042283734730255967,1.4995098,1.5023315,1.506104,1.5171815,1.5482384,1.5678355,1.5752169200000001,1.477889,1.579085
da20_gap1_joint_amp0p5,20.0,read_select,20,rf,raw,ack_clrt,clrt_ms_max,SELECT,READ,False,145,1.5907542482758619,0.506016144279069,0.2560523382710556,1.5021976,1.505604,1.510705,1.52202,1.5565436,1.5708058,4.309438200000002,1.16543,5.911795
