run,block,anchor_arm,arm,txn_class,idx,ack_ms,clrt_ms,rt_ms,idle_before_ms
r01,r01_A1,A1,obfuscated,READ,0,20.1,75.245,95.345,
r01,r01_A1,A1,obfuscated,READ,1,20.105,4.009,24.114,20.524
r01,r01_A1,A1,obfuscated,READ,2,20.082,4.016,24.098,20.519
r01,r01_A1,A1,obfuscated,READ,3,20.107,3.999,24.106,20.501
r01,r01_A1,A1,obfuscated,READ,4,20.105,4.003,24.108,20.53
r01,r01_A1,A1,obfuscated,READ,5,20.088,4.022,24.11,20.525
r01,r01_A1,A1,obfuscated,SELECT,6,20.113,3.996,24.109,20.606
r01,r01_A1,A1,obfuscated,OPERATE,7,20.112,3.995,24.107,0.404
r01,r01_A1,A1,obfuscated,READ,8,20.111,3.999,24.11,20.565
r01,r01_A1,A1,obfuscated,READ,9,20.108,4.003,24.111,20.504
r01,r01_A1,A1,obfuscated,READ,10,20.095,4.002,24.097,20.505
r01,r01_A1,A1,obfuscated,READ,11,20.107,3.998,24.105,20.499
r01,r01_A1,A1,obfuscated,READ,12,20.084,3.952,24.036,20.449
r01,r01_A1,A1,obfuscated,SELECT,13,20.081,4.026,24.107,20.657
r01,r01_A1,A1,obfuscated,OPERATE,14,20.107,3.999,24.106,0.361
r01,r01_A1,A1,obfuscated,READ,15,20.082,4.018,24.1,20.552
r01,r01_A1,A1,obfuscated,READ,16,20.105,4.001,24.106,20.505
r01,r01_A1,A1,obfuscated,READ,17,20.103,4.003,24.106,20.527
r01,r01_A1,A1,obfuscated,READ,18,20.084,3.998,24.082,20.533
r01,r01_A1,A1,obfuscated,READ,19,20.108,3.997,24.105,20.498
r01,r01_A1,A1,obfuscated,READ,20,20.082,4.015,24.097,20.502
r01,r01_A1,A1,obfuscated,READ,21,20.106,4.001,24.107,20.506
r01,r01_A1,A1,obfuscated,READ,22,20.103,4.002,24.105,20.496
r01,r01_A1,A1,obfuscated,READ,23,20.082,4.023,24.105,20.525
r01,r01_A1,A1,obfuscated,SELECT,24,20.109,3.998,24.107,20.622
r01,r01_A1,A1,obfuscated,OPERATE,25,20.082,4.023,24.105,0.372
r01,r01_A1,A1,obfuscated,READ,26,20.082,4.023,24.105,20.661
r01,r01_A1,A1,obfuscated,READ,27,20.109,4.003,24.112,20.503
r01,r01_A1,A1,obfuscated,READ,28,20.082,4.01,24.092,20.497
r01,r01_A1,A1,obfuscated,READ,29,20.112,3.999,24.111,20.507
r01,r01_A1,A1,obfuscated,READ,30,20.104,4.001,24.105,20.496
r01,r01_A1,A1,obfuscated,SELECT,31,20.082,3.954,24.036,20.641
r01,r01_A1,A1,obfuscated,OPERATE,32,20.104,3.999,24.103,0.301
r01,r01_A1,A1,obfuscated,READ,33,20.082,4.019,24.101,20.545
r01,r01_A1,A1,obfuscated,READ,34,20.105,4.0,24.105,20.512
r01,r01_A1,A1,obfuscated,READ,35,20.106,3.998,24.104,20.518
r01,r01_A1,A1,obfuscated,READ,36,20.082,4.022,24.104,20.521
r01,r01_A1,A1,obfuscated,READ,37,20.11,3.986,24.096,20.504
r01,r01_A1,A1,obfuscated,SELECT,38,20.117,3.992,24.109,20.615
r01,r01_A1,A1,obfuscated,OPERATE,39,20.101,4.011,24.112,0.354
r01,r01_A1,A1,obfuscated,READ,40,20.111,4.005,24.116,20.552
r01,r01_A1,A1,obfuscated,READ,41,20.081,4.025,24.106,20.533
r01,r01_A1,A1,obfuscated,READ,42,20.105,3.999,24.104,20.497
r01,r01_A1,A1,obfuscated,READ,43,20.088,4.017,24.105,20.514
r01,r01_A1,A1,obfuscated,READ,44,20.105,3.999,24.104,20.506
r01,r01_A1,A1,obfuscated,READ,45,20.105,4.001,24.106,20.42
r01,r01_A1,A1,obfuscated,READ,46,20.081,4.024,24.105,20.518
r01,r01_A1,A1,obfuscated,SELECT,47,20.103,4.004,24.107,20.621
r01,r01_A1,A1,obfuscated,OPERATE,48,20.106,4.01,24.116,0.353
r01,r01_A1,A1,obfuscated,READ,49,20.103,4.008,24.111,20.55
r01,r01_A1,A1,obfuscated,READ,50,20.105,4.002,24.107,20.564
r01,r01_A1,A1,obfuscated,READ,51,20.081,3.955,24.036,20.49
r01,r01_A1,A1,obfuscated,READ,52,20.107,4.004,24.111,20.45
r01,r01_A1,A1,obfuscated,READ,53,20.096,4.015,24.111,20.525
r01,r01_A1,A1,obfuscated,SELECT,54,20.08,4.008,24.088,20.625
r01,r01_A1,A1,obfuscated,OPERATE,55,20.094,4.013,24.107,0.353
r01,r01_A1,A1,obfuscated,READ,56,20.082,4.016,24.098,20.547
r01,r01_A1,A1,obfuscated,READ,57,20.108,3.997,24.105,20.504
r01,r01_A1,A1,obfuscated,READ,58,20.105,4.005,24.11,20.561
r01,r01_A1,A1,obfuscated,READ,59,20.083,4.006,24.089,20.529
r01,r01_A1,A1,obfuscated,READ,60,20.105,4.001,24.106,20.479
r01,r01_A1,A1,obfuscated,READ,61,20.087,4.024,24.111,20.534
r01,r01_A1,A1,obfuscated,SELECT,62,20.082,4.026,24.108,20.635
r01,r01_A1,A1,obfuscated,OPERATE,63,20.106,4.001,24.107,0.355
r01,r01_A1,A1,obfuscated,READ,64,20.04,4.064,24.104,20.552
r01,r01_A1,A1,obfuscated,READ,65,20.11,3.993,24.103,20.423
r01,r01_A1,A1,obfuscated,READ,66,20.083,4.026,24.109,20.523
r01,r01_A1,A1,obfuscated,READ,67,20.092,4.017,24.109,20.498
r01,r01_A1,A1,obfuscated,READ,68,20.106,4.0,24.106,20.504
r01,r01_A1,A1,obfuscated,READ,69,20.088,4.019,24.107,20.497
r01,r01_A1,A1,obfuscated,READ,70,20.085,4.001,24.086,20.494
r01,r01_A1,A1,obfuscated,READ,71,20.114,3.996,24.11,20.533
r01,r01_A1,A1,obfuscated,READ,72,20.112,3.998,24.11,20.42
r01,r01_A1,A1,obfuscated,SELECT,73,20.113,3.993,24.106,20.597
r01,r01_A1,A1,obfuscated,OPERATE,74,20.099,3.992,24.091,0.385
r01,r01_A1,A1,obfuscated,READ,75,20.111,4.0,24.111,20.614
r01,r01_A1,A1,obfuscated,READ,76,20.093,4.017,24.11,20.499
r01,r01_A1,A1,obfuscated,READ,77,20.037,4.067,24.104,20.553
r01,r01_A1,A1,obfuscated,READ,78,20.112,3.989,24.101,20.51
r01,r01_A1,A1,obfuscated,READ,79,20.081,4.029,24.11,20.528
r01,r01_A1,A1,obfuscated,READ,80,20.096,4.016,24.112,20.502
r01,r01_A1,A1,obfuscated,READ,81,20.111,3.993,24.104,20.505
r01,r01_A1,A1,obfuscated,READ,82,20.082,4.025,24.107,20.503
r01,r01_A1,A1,obfuscated,READ,83,20.107,3.997,24.104,20.502
r01,r01_A1,A1,obfuscated,SELECT,84,20.083,4.027,24.11,20.643
r01,r01_A1,A1,obfuscated,OPERATE,85,20.129,3.995,24.124,0.352
r01,r01_A1,A1,obfuscated,READ,86,20.111,3.999,24.11,20.553
r01,r01_A1,A1,obfuscated,READ,87,20.082,4.026,24.108,20.536
r01,r01_A1,A1,obfuscated,READ,88,20.095,4.011,24.106,20.512
r01,r01_A1,A1,obfuscated,READ,89,20.104,4.0,24.104,20.489
r01,r01_A1,A1,obfuscated,READ,90,20.037,4.075,24.112,20.522
r01,r01_A1,A1,obfuscated,READ,91,20.108,3.982,24.09,20.423
r01,r01_A1,A1,obfuscated,READ,92,20.081,4.026,24.107,20.522
r01,r01_A1,A1,obfuscated,READ,93,20.106,4.007,24.113,20.503
r01,r01_A1,A1,obfuscated,READ,94,20.105,4.004,24.109,20.5
r01,r01_A1,A1,obfuscated,SELECT,95,20.082,4.026,24.108,20.62
r01,r01_A1,A1,obfuscated,OPERATE,96,20.112,4.007,24.119,0.353
r01,r01_A1,A1,obfuscated,READ,97,20.102,3.934,24.036,20.503
r01,r01_A1,A1,obfuscated,READ,98,20.096,4.008,24.104,20.506
r01,r01_A1,A1,obfuscated,READ,99,20.108,4.0,24.108,20.494
r01,r01_A1,A1,obfuscated,READ,100,20.082,4.008,24.09,20.565
r01,r01_A1,A1,obfuscated,READ,101,20.11,4.005,24.115,20.503
r01,r01_A1,A1,obfuscated,READ,102,20.091,4.021,24.112,20.526
r01,r01_A1,A1,obfuscated,READ,103,20.089,4.016,24.105,20.514
r01,r01_A1,A1,obfuscated,READ,104,20.108,3.994,24.102,20.42
r01,r01_A1,A1,obfuscated,SELECT,105,20.087,4.014,24.101,20.628
r01,r01_A1,A1,obfuscated,OPERATE,106,20.113,3.994,24.107,0.357
r01,r01_A1,A1,obfuscated,READ,107,20.089,4.02,24.109,20.563
r01,r01_A1,A1,obfuscated,READ,108,20.088,4.021,24.109,20.512
r01,r01_A1,A1,obfuscated,READ,109,20.106,4.001,24.107,20.501
r01,r01_A1,A1,obfuscated,READ,110,20.082,4.0,24.082,20.517
r01,r01_A1,A1,obfuscated,READ,111,20.101,4.002,24.103,20.43
r01,r01_A1,A1,obfuscated,READ,112,20.108,3.997,24.105,20.524
r01,r01_A1,A1,obfuscated,READ,113,20.106,4.012,24.118,20.5
r01,r01_A1,A1,obfuscated,READ,114,20.112,3.999,24.111,20.505
r01,r01_A1,A1,obfuscated,READ,115,20.081,4.015,24.096,20.499
r01,r01_A1,A1,obfuscated,SELECT,116,20.097,4.011,24.108,20.612
r01,r01_A1,A1,obfuscated,OPERATE,117,20.127,3.98,24.107,0.356
r01,r01_A1,A1,obfuscated,READ,118,20.112,3.993,24.105,20.466
r01,r01_A1,A1,obfuscated,READ,119,20.104,4.002,24.106,20.506
r01,r01_A1,A1,obfuscated,READ,120,20.082,4.019,24.101,20.502
r01,r01_A1,A1,obfuscated,READ,121,20.111,3.998,24.109,20.502
r01,r01_A1,A1,obfuscated,READ,122,20.105,4.003,24.108,20.521
r01,r01_A1,A1,obfuscated,READ,123,20.082,3.998,24.08,20.516
r01,r01_A1,A1,obfuscated,READ,124,20.105,4.003,24.108,20.459
r01,r01_A1,A1,obfuscated,SELECT,125,20.082,4.029,24.111,20.637
r01,r01_A1,A1,obfuscated,OPERATE,126,20.108,3.999,24.107,0.356
r01,r01_A1,A1,obfuscated,READ,127,20.112,4.004,24.116,20.57
r01,r01_A1,A1,obfuscated,READ,128,20.087,4.023,24.11,20.52
r01,r01_A1,A1,obfuscated,READ,129,20.11,3.998,24.108,20.512
r01,r01_A1,A1,obfuscated,READ,130,20.097,4.014,24.111,20.535
r01,r01_A1,A1,obfuscated,READ,131,20.112,3.996,24.108,20.424
r01,r01_A1,A1,obfuscated,SELECT,132,20.11,4.0,24.11,20.606
r01,r01_A1,A1,obfuscated,OPERATE,133,20.11,3.999,24.109,0.383
r01,r01_A1,A1,obfuscated,READ,134,20.104,3.977,24.081,20.522
r01,r01_A1,A1,obfuscated,READ,135,20.082,4.025,24.107,20.517
r01,r01_A1,A1,obfuscated,READ,136,20.094,4.013,24.107,20.499
r01,r01_A1,A1,obfuscated,READ,137,20.109,3.973,24.082,20.422
r01,r01_A1,A1,obfuscated,READ,138,20.094,4.019,24.113,20.468
r01,r01_A1,A1,obfuscated,SELECT,139,20.109,4.003,24.112,20.606
r01,r01_A1,A1,obfuscated,OPERATE,140,20.098,4.011,24.109,0.372
r01,r01_A1,A1,obfuscated,READ,141,20.107,3.998,24.105,20.543
r01,r01_A1,A1,obfuscated,READ,142,20.108,3.996,24.104,20.494
r01,r01_A1,A1,obfuscated,READ,143,20.082,3.954,24.036,20.531
r01,r01_A1,A1,obfuscated,READ,144,20.102,4.012,24.114,20.456
r01,r01_A1,A1,obfuscated,READ,145,20.081,4.027,24.108,20.496
r01,r01_A1,A1,obfuscated,READ,146,20.111,4.001,24.112,20.502
r01,r01_A1,A1,obfuscated,READ,147,20.109,4.005,24.114,20.498
r01,r01_A1,A1,obfuscated,SELECT,148,20.082,4.015,24.097,20.633
r01,r01_A1,A1,obfuscated,OPERATE,149,20.106,3.998,24.104,0.352
r01,r01_A1,A1,obfuscated,READ,150,20.096,4.009,24.105,20.628
r01,r01_A1,A1,obfuscated,READ,151,20.11,3.992,24.102,20.419
r01,r01_A1,A1,obfuscated,READ,152,20.102,4.015,24.117,20.498
r01,r01_A1,A1,obfuscated,READ,153,20.081,4.025,24.106,20.523
r01,r01_A1,A1,obfuscated,READ,154,20.114,3.998,24.112,20.499
r01,r01_A1,A1,obfuscated,READ,155,20.1,4.007,24.107,20.521
r01,r01_A1,A1,obfuscated,READ,156,20.11,4.026,24.136,20.51
r01,r01_A1,A1,obfuscated,SELECT,157,20.106,3.974,24.08,20.548
r01,r01_A1,A1,obfuscated,OPERATE,158,20.108,4.0,24.108,0.374
r01,r01_A1,A1,obfuscated,READ,159,20.109,4.0,24.109,20.552
r01,r01_A1,A1,obfuscated,READ,160,20.103,4.005,24.108,20.524
r01,r01_A1,A1,obfuscated,READ,161,20.082,4.031,24.113,20.52
r01,r01_A1,A1,obfuscated,READ,162,20.106,3.999,24.105,20.504
r01,r01_A1,A1,obfuscated,READ,163,20.083,4.023,24.106,20.52
r01,r01_A1,A1,obfuscated,READ,164,20.105,3.996,24.101,20.419
r01,r01_A1,A1,obfuscated,READ,165,20.105,4.002,24.107,20.512
r01,r01_A1,A1,obfuscated,SELECT,166,20.082,4.02,24.102,20.655
r01,r01_A1,A1,obfuscated,OPERATE,167,20.107,4.005,24.112,0.353
r01,r01_A1,A1,obfuscated,READ,168,20.098,4.01,24.108,20.57
r01,r01_A1,A1,obfuscated,READ,169,20.101,4.009,24.11,20.509
r01,r01_A1,A1,obfuscated,READ,170,20.108,3.996,24.104,20.475
r01,r01_A1,A1,obfuscated,READ,171,20.082,4.024,24.106,20.506
r01,r01_A1,A1,obfuscated,READ,172,20.11,3.995,24.105,20.498
r01,r01_A1,A1,obfuscated,READ,173,20.088,4.02,24.108,20.532
r01,r01_A1,A1,obfuscated,READ,174,20.104,4.017,24.121,20.5
r01,r01_A1,A1,obfuscated,READ,175,20.106,3.998,24.104,20.568
r01,r01_A1,A1,obfuscated,SELECT,176,20.089,4.02,24.109,20.637
r01,r01_A1,A1,obfuscated,OPERATE,177,20.108,3.997,24.105,0.356
r01,r01_A1,A1,obfuscated,READ,178,20.105,4.0,24.105,20.544
r01,r01_A1,A1,obfuscated,READ,179,20.081,4.044,24.125,20.506
r01,r01_A1,A1,obfuscated,READ,180,20.108,4.002,24.11,20.504
r01,r01_A1,A1,obfuscated,READ,181,20.106,4.005,24.111,20.526
r01,r01_A1,A1,obfuscated,READ,182,20.093,4.024,24.117,20.508
r01,r01_A1,A1,obfuscated,READ,183,20.104,4.004,24.108,20.519
r01,r01_A1,A1,obfuscated,READ,184,20.081,4.025,24.106,20.506
r01,r01_A1,A1,obfuscated,READ,185,20.11,3.999,24.109,20.498
r01,r01_A1,A1,obfuscated,READ,186,20.107,3.975,24.082,20.497
r01,r01_A1,A1,obfuscated,SELECT,187,20.081,4.018,24.099,20.643
r01,r01_A1,A1,obfuscated,OPERATE,188,20.116,3.993,24.109,0.354
r01,r01_A1,A1,obfuscated,READ,189,20.081,4.001,24.082,20.466
r01,r01_A1,A1,obfuscated,READ,190,20.104,4.007,24.111,20.494
r01,r01_A1,A1,obfuscated,READ,191,20.102,4.005,24.107,20.512
r01,r01_A1,A1,obfuscated,READ,192,20.081,4.029,24.11,20.522
r01,r01_A1,A1,obfuscated,READ,193,20.105,4.0,24.105,20.501
r01,r01_A1,A1,obfuscated,SELECT,194,20.106,3.999,24.105,20.63
r01,r01_A1,A1,obfuscated,OPERATE,195,20.11,4.0,24.11,0.353
r01,r01_A1,A1,obfuscated,READ,196,20.111,4.001,24.112,20.59
r01,r01_A1,A1,obfuscated,READ,197,20.08,4.011,24.091,20.501
r01,r01_A1,A1,obfuscated,READ,198,20.104,4.0,24.104,20.506
r01,r01_A1,A1,obfuscated,READ,199,20.102,4.007,24.109,20.519
r01,r01_A1,A1,obfuscated,READ,200,20.082,4.025,24.107,20.576
r01,r01_A1,A1,obfuscated,READ,201,20.105,4.002,24.107,20.5
r01,r01_A1,A1,obfuscated,SELECT,202,20.101,3.999,24.1,20.614
r01,r01_A1,A1,obfuscated,OPERATE,203,20.105,3.997,24.102,0.352
r01,r01_A1,A1,obfuscated,READ,204,20.081,4.024,24.105,20.54
r01,r01_A1,A1,obfuscated,READ,205,20.082,4.024,24.106,20.528
r01,r01_A1,A1,obfuscated,READ,206,20.106,4.004,24.11,20.502
r01,r01_A1,A1,obfuscated,READ,207,20.109,4.007,24.116,20.517
r01,r01_A1,A1,obfuscated,READ,208,20.085,3.988,24.073,20.525
r01,r01_A1,A1,obfuscated,READ,209,20.107,4.004,24.111,20.459
r01,r01_A1,A1,obfuscated,SELECT,210,20.087,4.009,24.096,20.607
r01,r01_A1,A1,obfuscated,OPERATE,211,20.105,4.0,24.105,0.353
r01,r01_A1,A1,obfuscated,READ,212,20.105,4.0,24.105,20.58
r01,r01_A1,A1,obfuscated,READ,213,20.114,4.004,24.118,20.477
r01,r01_A1,A1,obfuscated,READ,214,20.104,4.007,24.111,20.518
r01,r01_A1,A1,obfuscated,READ,215,20.084,4.01,24.094,20.505
r01,r01_A1,A1,obfuscated,READ,216,20.108,3.994,24.102,20.418
r01,r01_A1,A1,obfuscated,READ,217,20.108,3.999,24.107,20.53
r01,r01_A1,A1,obfuscated,SELECT,218,20.082,4.026,24.108,20.601
r01,r01_A1,A1,obfuscated,OPERATE,219,20.112,3.997,24.109,0.35
r01,r01_A1,A1,obfuscated,READ,220,20.081,4.016,24.097,20.552
r01,r01_A1,A1,obfuscated,READ,221,20.112,3.992,24.104,20.498
r01,r01_A1,A1,obfuscated,READ,222,20.105,3.992,24.097,20.498
r01,r01_A1,A1,obfuscated,READ,223,20.091,4.013,24.104,20.506
r01,r01_A1,A1,obfuscated,READ,224,20.111,3.999,24.11,20.508
r01,r01_A1,A1,obfuscated,READ,225,20.081,4.033,24.114,20.586
r01,r01_A1,A1,obfuscated,SELECT,226,20.088,4.026,24.114,20.622
r01,r01_A1,A1,obfuscated,OPERATE,227,20.107,4.002,24.109,0.353
r01,r01_A1,A1,obfuscated,READ,228,20.082,3.955,24.037,20.54
r01,r01_A1,A1,obfuscated,READ,229,20.103,3.984,24.087,20.449
r01,r01_A1,A1,obfuscated,READ,230,20.082,4.025,24.107,20.498
r01,r01_A1,A1,obfuscated,READ,231,20.111,4.002,24.113,20.511
r01,r01_A1,A1,obfuscated,READ,232,20.1,4.01,24.11,20.497
r01,r01_A1,A1,obfuscated,SELECT,233,20.085,4.026,24.111,20.643
r01,r01_A1,A1,obfuscated,OPERATE,234,20.104,4.002,24.106,0.353
r01,r01_A1,A1,obfuscated,READ,235,20.094,4.014,24.108,20.568
r01,r01_A1,A1,obfuscated,READ,236,20.105,4.003,24.108,20.421
r01,r01_A1,A1,obfuscated,READ,237,20.111,4.004,24.115,20.501
r01,r01_A1,A1,obfuscated,READ,238,20.083,4.023,24.106,20.529
r01,r01_A1,A1,obfuscated,READ,239,20.111,3.998,24.109,20.497
r01,r01_A1,A1,obfuscated,SELECT,240,20.106,4.005,24.111,20.625
r01,r01_A1,A1,obfuscated,OPERATE,241,20.127,3.99,24.117,0.354
r01,r01_A1,A1,obfuscated,READ,242,20.106,3.997,24.103,20.533
r01,r01_A1,A1,obfuscated,READ,243,20.081,4.013,24.094,20.5
r01,r01_A1,A1,obfuscated,READ,244,20.105,4.003,24.108,20.494
r01,r01_A1,A1,obfuscated,READ,245,20.102,4.005,24.107,20.521
r01,r01_A1,A1,obfuscated,READ,246,20.081,4.023,24.104,20.508
r01,r01_A1,A1,obfuscated,READ,247,20.108,3.999,24.107,20.501
r01,r01_A1,A1,obfuscated,SELECT,248,20.122,3.982,24.104,20.621
r01,r01_A1,A1,obfuscated,OPERATE,249,20.102,4.003,24.105,0.352
r01,r01_A1,A1,obfuscated,READ,250,20.102,4.015,24.117,20.621
r01,r01_A1,A1,obfuscated,READ,251,20.086,4.025,24.111,20.491
r01,r01_A1,A1,obfuscated,READ,252,20.104,4.001,24.105,20.495
r01,r01_A1,A1,obfuscated,READ,253,20.103,4.001,24.104,20.523
r01,r01_A1,A1,obfuscated,READ,254,20.094,4.025,24.119,20.495
r01,r01_A1,A1,obfuscated,READ,255,20.105,3.999,24.104,20.506
r01,r01_A1,A1,obfuscated,SELECT,256,20.082,4.019,24.101,20.607
r01,r01_A1,A1,obfuscated,OPERATE,257,20.11,3.999,24.109,0.357
r01,r01_A1,A1,obfuscated,READ,258,20.11,4.002,24.112,20.569
r01,r01_A1,A1,obfuscated,READ,259,20.087,4.025,24.112,20.512
r01,r01_A1,A1,obfuscated,READ,260,20.112,3.998,24.11,20.503
r01,r01_A1,A1,obfuscated,READ,261,20.081,3.954,24.035,20.511
r01,r01_A1,A1,obfuscated,READ,262,20.105,4.004,24.109,20.498
r01,r01_A1,A1,obfuscated,SELECT,263,20.101,4.003,24.104,20.533
r01,r01_A1,A1,obfuscated,OPERATE,264,20.038,4.067,24.105,0.357
r01,r01_A1,A1,obfuscated,READ,265,20.107,3.997,24.104,20.534
r01,r01_A1,A1,obfuscated,READ,266,20.082,4.015,24.097,20.508
r01,r01_A1,A1,obfuscated,READ,267,20.105,3.999,24.104,20.495
r01,r01_A1,A1,obfuscated,READ,268,20.091,4.015,24.106,20.531
r01,r01_A1,A1,obfuscated,READ,269,20.081,4.027,24.108,20.519
r01,r01_A1,A1,obfuscated,SELECT,270,20.107,4.001,24.108,20.61
r01,r01_A1,A1,obfuscated,OPERATE,271,20.116,3.986,24.102,0.385
r01,r01_A1,A1,obfuscated,READ,272,20.102,4.01,24.112,20.563
r01,r01_A1,A1,obfuscated,READ,273,20.109,3.995,24.104,20.494
r01,r01_A1,A1,obfuscated,READ,274,20.039,4.069,24.108,20.503
r01,r01_A1,A1,obfuscated,READ,275,20.105,3.997,24.102,20.558
r01,r01_A1,A1,obfuscated,READ,276,20.102,4.006,24.108,20.52
r01,r01_A1,A1,obfuscated,SELECT,277,20.087,4.025,24.112,20.635
r01,r01_A1,A1,obfuscated,OPERATE,278,20.108,4.012,24.12,0.353
r01,r01_A1,A1,obfuscated,READ,279,20.096,4.006,24.102,20.576
r01,r01_A1,A1,obfuscated,READ,280,20.098,4.011,24.109,20.498
r01,r01_A1,A1,obfuscated,READ,281,20.109,3.992,24.101,20.477
r01,r01_A1,A1,obfuscated,READ,282,20.082,4.032,24.114,20.533
r01,r01_A1,A1,obfuscated,READ,283,20.105,3.999,24.104,20.497
r01,r01_A1,A1,obfuscated,READ,284,20.091,4.015,24.106,20.514
r01,r01_A1,A1,obfuscated,READ,285,20.106,4.013,24.119,20.501
r01,r01_A1,A1,obfuscated,READ,286,20.115,3.99,24.105,20.494
r01,r01_A1,A1,obfuscated,READ,287,20.039,4.055,24.094,20.502
r01,r01_A1,A1,obfuscated,SELECT,288,20.112,3.996,24.108,20.613
r01,r01_A1,A1,obfuscated,OPERATE,289,20.104,4.001,24.105,0.353
r01,r01_A1,A1,obfuscated,READ,290,20.081,4.03,24.111,20.571
r01,r01_A1,A1,obfuscated,READ,291,20.107,4.006,24.113,20.516
r01,r01_A1,A1,obfuscated,READ,292,20.081,4.026,24.107,20.528
r01,r01_A1,A1,obfuscated,READ,293,20.101,4.01,24.111,20.498
r01,r01_A1,A1,obfuscated,READ,294,20.097,4.011,24.108,20.477
r01,r01_A1,A1,obfuscated,READ,295,20.082,4.029,24.111,20.521
r01,r01_A1,A1,obfuscated,READ,296,20.105,4.0,24.105,20.509
r01,r01_A1,A1,obfuscated,SELECT,297,20.105,4.009,24.114,20.643
r01,r01_A1,A1,obfuscated,OPERATE,298,20.109,3.998,24.107,0.354
r01,r01_A1,A1,obfuscated,READ,299,20.107,4.002,24.109,20.534
r01,r01_A1,A1,obfuscated,READ,300,20.082,3.953,24.035,20.516
r01,r01_A1,A1,obfuscated,READ,301,20.108,4.0,24.108,20.499
r01,r01_A1,A1,obfuscated,READ,302,20.107,3.999,24.106,20.535
r01,r01_A1,A1,obfuscated,READ,303,20.087,4.024,24.111,20.512
r01,r01_A1,A1,obfuscated,READ,304,20.106,4.008,24.114,20.507
r01,r01_A1,A1,obfuscated,SELECT,305,20.039,3.999,24.038,20.617
r01,r01_A1,A1,obfuscated,OPERATE,306,20.082,3.998,24.08,0.365
r01,r01_A1,A1,obfuscated,READ,307,20.039,4.062,24.101,20.548
r01,r01_A1,A1,obfuscated,READ,308,20.087,3.998,24.085,20.498
r01,r01_A1,A1,obfuscated,READ,309,20.114,3.994,24.108,20.501
r01,r01_A1,A1,obfuscated,READ,310,20.081,4.011,24.092,20.496
r01,r01_A1,A1,obfuscated,READ,311,20.112,3.996,24.108,20.502
r01,r01_A1,A1,obfuscated,SELECT,312,20.104,4.001,24.105,20.628
r01,r01_A1,A1,obfuscated,OPERATE,313,20.091,4.024,24.115,0.368
r01,r01_A1,A1,obfuscated,READ,314,20.103,4.004,24.107,20.545
r01,r01_A1,A1,obfuscated,READ,315,20.081,4.025,24.106,20.516
r01,r01_A1,A1,obfuscated,READ,316,20.105,4.001,24.106,20.5
r01,r01_A1,A1,obfuscated,READ,317,20.111,3.996,24.107,20.495
r01,r01_A1,A1,obfuscated,READ,318,20.081,4.024,24.105,20.527
r01,r01_A1,A1,obfuscated,SELECT,319,20.106,4.002,24.108,20.61
r01,r01_A1,A1,obfuscated,OPERATE,320,20.105,3.931,24.036,0.364
r01,r01_A1,A1,obfuscated,READ,321,20.098,4.011,24.109,20.578
r01,r01_A1,A1,obfuscated,READ,322,20.105,4.0,24.105,20.497
r01,r01_A1,A1,obfuscated,READ,323,20.082,4.03,24.112,20.508
r01,r01_A1,A1,obfuscated,READ,324,20.106,4.0,24.106,20.502
r01,r01_A1,A1,obfuscated,READ,325,20.101,5.676,25.777,20.591
r01,r01_A1,A1,obfuscated,READ,326,20.104,3.998,24.102,20.508
r01,r01_A1,A1,obfuscated,READ,327,20.106,4.003,24.109,20.528
r01,r01_A1,A1,obfuscated,SELECT,328,20.088,4.022,24.11,20.642
r01,r01_A1,A1,obfuscated,OPERATE,329,20.116,3.998,24.114,0.353
r01,r01_A1,A1,obfuscated,READ,330,20.081,4.019,24.1,20.542
r01,r01_A1,A1,obfuscated,READ,331,20.11,3.999,24.109,20.421
r01,r01_A1,A1,obfuscated,READ,332,20.081,3.999,24.08,20.531
r01,r01_A1,A1,obfuscated,READ,333,20.107,4.014,24.121,20.499
r01,r01_A1,A1,obfuscated,READ,334,20.091,4.017,24.108,20.51
r01,r01_A1,A1,obfuscated,READ,335,20.081,4.012,24.093,20.501
r01,r01_A1,A1,obfuscated,READ,336,20.11,4.0,24.11,20.504
r01,r01_A1,A1,obfuscated,SELECT,337,20.104,4.001,24.105,20.626
r01,r01_A1,A1,obfuscated,OPERATE,338,20.105,4.003,24.108,0.381
r01,r01_A1,A1,obfuscated,READ,339,20.106,4.005,24.111,20.567
r01,r01_A1,A1,obfuscated,READ,340,20.089,4.013,24.102,20.524
r01,r01_A1,A1,obfuscated,READ,341,20.102,4.003,24.105,20.513
r01,r01_A1,A1,obfuscated,READ,342,20.105,4.001,24.106,20.495
r01,r01_A1,A1,obfuscated,READ,343,20.083,4.029,24.112,20.509
r01,r01_A1,A1,obfuscated,READ,344,20.106,3.995,24.101,20.418
r01,r01_A1,A1,obfuscated,SELECT,345,20.107,4.002,24.109,20.643
r01,r01_A1,A1,obfuscated,OPERATE,346,20.109,3.997,24.106,0.357
r01,r01_A1,A1,obfuscated,READ,347,20.104,4.003,24.107,20.547
r01,r01_A1,A1,obfuscated,READ,348,20.081,4.026,24.107,20.511
r01,r01_A1,A1,obfuscated,READ,349,20.106,4.005,24.111,20.508
r01,r01_A1,A1,obfuscated,READ,350,20.102,4.0,24.102,20.534
r01,r01_A1,A1,obfuscated,READ,351,20.088,4.02,24.108,20.54
r01,r01_A1,A1,obfuscated,SELECT,352,20.112,3.994,24.106,20.603
r01,r01_A1,A1,obfuscated,OPERATE,353,20.105,3.998,24.103,0.367
r01,r01_A1,A1,obfuscated,READ,354,20.096,4.014,24.11,20.543
r01,r01_A1,A1,obfuscated,READ,355,20.106,3.998,24.104,20.497
r01,r01_A1,A1,obfuscated,READ,356,20.082,3.954,24.036,20.501
r01,r01_A1,A1,obfuscated,READ,357,20.088,4.017,24.105,20.452
r01,r01_A1,A1,obfuscated,READ,358,20.082,4.016,24.098,20.491
r01,r01_A1,A1,obfuscated,READ,359,20.109,4.002,24.111,20.504
r01,r01_A1,A1,obfuscated,READ,360,20.105,4.004,24.109,20.487
r01,r01_A1,A1,obfuscated,SELECT,361,20.093,4.015,24.108,20.647
r01,r01_A1,A1,obfuscated,OPERATE,362,20.105,4.001,24.106,0.355
r01,r01_A1,A1,obfuscated,READ,363,20.081,4.024,24.105,20.569
r01,r01_A1,A1,obfuscated,READ,364,20.105,4.003,24.108,20.417
r01,r01_A1,A1,obfuscated,READ,365,20.082,4.028,24.11,20.514
r01,r01_A1,A1,obfuscated,READ,366,20.081,4.024,24.105,20.534
r01,r01_A1,A1,obfuscated,READ,367,20.108,3.983,24.091,20.518
r01,r01_A1,A1,obfuscated,READ,368,20.082,4.023,24.105,20.513
r01,r01_A1,A1,obfuscated,READ,369,20.09,4.003,24.093,20.495
r01,r01_A1,A1,obfuscated,READ,370,20.081,4.024,24.105,20.478
r01,r01_A1,A1,obfuscated,SELECT,371,20.081,4.016,24.097,20.645
r01,r01_A1,A1,obfuscated,OPERATE,372,20.112,3.998,24.11,0.354
r01,r01_A1,A1,obfuscated,READ,373,20.088,4.016,24.104,20.561
r01,r01_A1,A1,obfuscated,READ,374,20.11,4.012,24.122,20.503
r01,r01_A1,A1,obfuscated,READ,375,20.104,4.004,24.108,20.582
r01,r01_A1,A1,obfuscated,READ,376,20.045,4.069,24.114,20.512
r01,r01_A1,A1,obfuscated,READ,377,20.104,4.001,24.105,20.494
r01,r01_A1,A1,obfuscated,READ,378,20.105,4.004,24.109,20.492
r01,r01_A1,A1,obfuscated,READ,379,20.087,4.022,24.109,20.521
r01,r01_A1,A1,obfuscated,SELECT,380,20.108,3.996,24.104,20.61
r01,r01_A1,A1,obfuscated,OPERATE,381,20.105,3.996,24.101,0.356
r01,r01_A1,A1,obfuscated,READ,382,20.138,3.98,24.118,20.554
r01,r01_A1,A1,obfuscated,READ,383,20.107,3.995,24.102,20.506
r01,r01_A1,A1,obfuscated,READ,384,20.087,4.024,24.111,20.504
r01,r01_A1,A1,obfuscated,READ,385,20.104,4.001,24.105,20.496
r01,r01_A1,A1,obfuscated,READ,386,20.108,3.997,24.105,20.519
r01,r01_A1,A1,obfuscated,READ,387,20.081,4.023,24.104,20.533
r01,r01_A1,A1,obfuscated,READ,388,20.097,4.006,24.103,20.495
r01,r01_A1,A1,obfuscated,READ,389,20.037,4.062,24.099,20.517
r01,r01_A1,A1,obfuscated,SELECT,390,20.082,4.025,24.107,20.635
r01,r01_A1,A1,obfuscated,OPERATE,391,20.105,4.002,24.107,0.354
r01,r01_A1,A1,obfuscated,READ,392,20.082,4.027,24.109,20.547
r01,r01_A1,A1,obfuscated,READ,393,20.099,4.005,24.104,20.514
r01,r01_A1,A1,obfuscated,READ,394,20.081,4.013,24.094,20.546
r01,r01_A1,A1,obfuscated,READ,395,20.082,4.026,24.108,20.535
r01,r01_A1,A1,obfuscated,READ,396,20.106,3.998,24.104,20.418
r01,r01_A1,A1,obfuscated,READ,397,20.082,4.023,24.105,20.501
r01,r01_A1,A1,obfuscated,READ,398,20.104,4.011,24.115,20.505
r01,r01_A1,A1,obfuscated,READ,399,20.104,3.999,24.103,20.52
r01,r01_A1,A1,obfuscated,SELECT,400,20.089,4.016,24.105,20.687
r01,r01_A1,A1,obfuscated,OPERATE,401,20.111,4.001,24.112,0.354
r01,r01_A1,A1,obfuscated,READ,402,20.099,4.01,24.109,20.558
r01,r01_A1,A1,obfuscated,READ,403,20.096,4.012,24.108,20.492
r01,r01_A1,A1,obfuscated,READ,404,20.109,3.995,24.104,20.502
r01,r01_A1,A1,obfuscated,READ,405,20.082,4.026,24.108,20.496
r01,r01_A1,A1,obfuscated,READ,406,20.113,3.993,24.106,20.497
r01,r01_A1,A1,obfuscated,SELECT,407,20.105,4.003,24.108,20.634
r01,r01_A1,A1,obfuscated,OPERATE,408,20.107,4.03,24.137,0.353
r01,r01_A1,A1,obfuscated,READ,409,20.036,4.073,24.109,20.474
r01,r01_A1,A1,obfuscated,READ,410,20.08,4.033,24.113,20.498
r01,r01_A1,A1,obfuscated,READ,411,20.116,3.993,24.109,20.493
r01,r01_A1,A1,obfuscated,READ,412,20.101,4.005,24.106,20.518
r01,r01_A1,A1,obfuscated,READ,413,20.082,4.002,24.084,20.51
r01,r01_A1,A1,obfuscated,READ,414,20.114,3.996,24.11,20.492
r01,r01_A1,A1,obfuscated,SELECT,415,20.091,3.947,24.038,20.612
r01,r01_A1,A1,obfuscated,OPERATE,416,20.115,3.969,24.084,0.403
r01,r01_A1,A1,obfuscated,READ,417,20.105,4.005,24.11,20.59
r01,r01_A1,A1,obfuscated,READ,418,20.083,4.022,24.105,20.512
r01,r01_A1,A1,obfuscated,READ,419,20.11,4.007,24.117,20.495
r01,r01_A1,A1,obfuscated,READ,420,20.087,4.018,24.105,20.529
r01,r01_A1,A1,obfuscated,READ,421,20.105,4.042,24.147,20.505
r01,r01_A1,A1,obfuscated,READ,422,20.102,4.008,24.11,20.492
r01,r01_A1,A1,obfuscated,READ,423,20.081,4.026,24.107,20.505
r01,r01_A1,A1,obfuscated,READ,424,20.109,4.008,24.117,20.511
r01,r01_A1,A1,obfuscated,SELECT,425,20.101,4.006,24.107,20.693
r01,r01_A1,A1,obfuscated,OPERATE,426,20.105,4.004,24.109,0.373
r01,r01_A1,A1,obfuscated,READ,427,20.109,3.995,24.104,20.55
r01,r01_A1,A1,obfuscated,READ,428,20.089,4.013,24.102,20.544
r01,r01_A1,A1,obfuscated,READ,429,20.1,4.023,24.123,20.496
r01,r01_A1,A1,obfuscated,READ,430,20.117,3.994,24.111,20.495
r01,r01_A1,A1,obfuscated,READ,431,20.081,4.023,24.104,20.5
r01,r01_A1,A1,obfuscated,READ,432,20.109,3.997,24.106,20.501
r01,r01_A1,A1,obfuscated,SELECT,433,20.107,3.999,24.106,20.617
r01,r01_A1,A1,obfuscated,OPERATE,434,20.063,4.047,24.11,0.369
r01,r01_A1,A1,obfuscated,READ,435,20.104,4.021,24.125,20.539
r01,r01_A1,A1,obfuscated,READ,436,20.082,4.019,24.101,20.524
r01,r01_A1,A1,obfuscated,READ,437,20.106,3.999,24.105,20.501
r01,r01_A1,A1,obfuscated,READ,438,20.109,3.996,24.105,20.494
r01,r01_A1,A1,obfuscated,READ,439,20.081,4.024,24.105,20.519
r01,r01_A1,A1,obfuscated,READ,440,20.111,3.998,24.109,20.496
r01,r01_A1,A1,obfuscated,READ,441,20.088,4.012,24.1,20.535
r01,r01_A1,A1,obfuscated,READ,442,20.083,4.026,24.109,20.524
r01,r01_A1,A1,obfuscated,READ,443,20.113,3.996,24.109,20.494
r01,r01_A1,A1,obfuscated,SELECT,444,20.089,4.013,24.102,20.616
r01,r01_A1,A1,obfuscated,OPERATE,445,20.104,4.0,24.104,0.354
r01,r01_A1,A1,obfuscated,READ,446,20.102,4.008,24.11,20.57
r01,r01_A1,A1,obfuscated,READ,447,20.041,4.064,24.105,20.516
r01,r01_A1,A1,obfuscated,READ,448,20.107,3.996,24.103,20.517
r01,r01_A1,A1,obfuscated,READ,449,20.081,4.024,24.105,20.529
r01,r01_A1,A1,obfuscated,READ,450,20.081,4.027,24.108,20.583
r01,r01_A1,A1,obfuscated,READ,451,20.107,4.001,24.108,20.517
r01,r01_A1,A1,obfuscated,READ,452,20.081,4.026,24.107,20.539
r01,r01_A1,A1,obfuscated,READ,453,20.107,4.001,24.108,20.496
r01,r01_A1,A1,obfuscated,READ,454,20.105,3.988,24.093,20.497
r01,r01_A1,A1,obfuscated,SELECT,455,20.082,4.028,24.11,20.641
r01,r01_A1,A1,obfuscated,OPERATE,456,20.108,4.002,24.11,0.353
r01,r01_A1,A1,obfuscated,READ,457,20.088,4.015,24.103,20.487
r01,r01_A1,A1,obfuscated,READ,458,20.108,4.013,24.121,20.504
r01,r01_A1,A1,obfuscated,READ,459,20.113,4.0,24.113,20.499
r01,r01_A1,A1,obfuscated,READ,460,20.044,4.06,24.104,20.505
r01,r01_A1,A1,obfuscated,READ,461,20.109,4.0,24.109,20.495
r01,r01_A1,A1,obfuscated,READ,462,20.098,3.999,24.097,20.529
r01,r01_A1,A1,obfuscated,SELECT,463,20.081,4.025,24.106,20.641
r01,r01_A1,A1,obfuscated,OPERATE,464,20.105,3.999,24.104,0.352
r01,r01_A1,A1,obfuscated,READ,465,20.081,4.026,24.107,20.553
r01,r01_A1,A1,obfuscated,READ,466,20.111,3.993,24.104,20.497
r01,r01_A1,A1,obfuscated,READ,467,20.105,3.985,24.09,20.43
r01,r01_A1,A1,obfuscated,READ,468,20.093,4.011,24.104,20.505
r01,r01_A1,A1,obfuscated,READ,469,20.109,4.0,24.109,20.495
r01,r01_A1,A1,obfuscated,SELECT,470,20.081,4.008,24.089,20.614
r01,r01_A1,A1,obfuscated,OPERATE,471,20.096,4.019,24.115,0.352
r01,r01_A1,A1,obfuscated,READ,472,20.1,4.004,24.104,20.578
r01,r01_A1,A1,obfuscated,READ,473,20.082,3.956,24.038,20.551
r01,r01_A1,A1,obfuscated,READ,474,20.102,4.004,24.106,20.5
r01,r01_A1,A1,obfuscated,READ,475,20.081,4.005,24.086,20.565
r01,r01_A1,A1,obfuscated,READ,476,20.107,3.997,24.104,20.502
r01,r01_A1,A1,obfuscated,SELECT,477,20.108,3.998,24.106,20.61
r01,r01_A1,A1,obfuscated,OPERATE,478,20.105,3.994,24.099,0.386
r01,r01_A1,A1,obfuscated,READ,479,20.11,3.998,24.108,20.553
r01,r01_A1,A1,obfuscated,READ,480,20.105,3.998,24.103,20.53
r01,r01_A1,A1,obfuscated,READ,481,20.087,4.025,24.112,20.537
r01,r01_A1,A1,obfuscated,READ,482,20.104,4.004,24.108,20.494
r01,r01_A1,A1,obfuscated,READ,483,20.081,4.03,24.111,20.497
r01,r01_A1,A1,obfuscated,READ,484,20.118,3.993,24.111,20.507
r01,r01_A1,A1,obfuscated,READ,485,20.107,4.002,24.109,20.497
r01,r01_A1,A1,obfuscated,SELECT,486,20.083,3.955,24.038,20.64
r01,r01_A1,A1,obfuscated,OPERATE,487,20.109,3.972,24.081,0.307
r01,r01_A1,A1,obfuscated,READ,488,20.08,4.024,24.104,20.504
r01,r01_A1,A1,obfuscated,READ,489,20.105,4.002,24.107,20.508
r01,r01_A1,A1,obfuscated,READ,490,20.098,4.001,24.099,20.529
r01,r01_A1,A1,obfuscated,READ,491,20.101,4.021,24.122,20.505
r01,r01_A1,A1,obfuscated,READ,492,20.106,4.002,24.108,20.496
r01,r01_A1,A1,obfuscated,SELECT,493,20.036,4.066,24.102,20.613
r01,r01_A1,A1,obfuscated,OPERATE,494,20.104,3.976,24.08,0.36
r01,r01_A1,A1,obfuscated,READ,495,20.104,4.004,24.108,20.576
r01,r01_A1,A1,obfuscated,READ,496,20.082,4.022,24.104,20.523
r01,r01_A1,A1,obfuscated,READ,497,20.097,4.011,24.108,20.499
r01,r01_A1,A1,obfuscated,READ,498,20.081,4.02,24.101,20.532
r01,r01_A1,A1,obfuscated,READ,499,20.107,3.999,24.106,20.499
r01,r01_A1,A1,obfuscated,READ,500,20.112,3.997,24.109,20.479
r01,r01_A1,A1,obfuscated,SELECT,501,20.083,4.024,24.107,20.646
r01,r01_A1,A1,obfuscated,OPERATE,502,20.111,3.996,24.107,0.355
r01,r01_A1,A1,obfuscated,READ,503,20.107,3.997,24.104,20.568
r01,r01_A1,A1,obfuscated,READ,504,20.103,4.002,24.105,20.487
r01,r01_A1,A1,obfuscated,READ,505,20.109,4.0,24.109,20.495
r01,r01_A1,A1,obfuscated,READ,506,20.083,3.958,24.041,20.5
r01,r01_A1,A1,obfuscated,READ,507,20.101,4.005,24.106,20.466
r01,r01_A1,A1,obfuscated,READ,508,20.096,4.002,24.098,20.53
r01,r01_A1,A1,obfuscated,READ,509,20.096,4.008,24.104,20.513
r01,r01_A1,A1,obfuscated,SELECT,510,20.111,4.001,24.112,20.61
r01,r01_A1,A1,obfuscated,OPERATE,511,20.106,4.003,24.109,0.391
r01,r01_A1,A1,obfuscated,READ,512,20.107,4.004,24.111,20.537
r01,r01_A1,A1,obfuscated,READ,513,20.101,4.002,24.103,20.571
r01,r01_A1,A1,obfuscated,READ,514,20.081,4.028,24.109,20.539
r01,r01_A1,A1,obfuscated,READ,515,20.111,3.993,24.104,20.501
r01,r01_A1,A1,obfuscated,READ,516,20.081,4.014,24.095,20.446
r01,r01_A1,A1,obfuscated,READ,517,20.112,3.992,24.104,20.51
r01,r01_A1,A1,obfuscated,READ,518,20.109,3.998,24.107,20.498
r01,r01_A1,A1,obfuscated,SELECT,519,20.081,3.999,24.08,20.643
r01,r01_A1,A1,obfuscated,OPERATE,520,20.106,3.994,24.1,0.305
r01,r01_A1,A1,obfuscated,READ,521,20.094,4.01,24.104,20.59
r01,r01_A1,A1,obfuscated,READ,522,20.097,4.017,24.114,20.495
r01,r01_A1,A1,obfuscated,READ,523,20.103,4.001,24.104,20.479
r01,r01_A1,A1,obfuscated,READ,524,20.082,4.027,24.109,20.52
r01,r01_A1,A1,obfuscated,READ,525,20.114,3.998,24.112,20.561
r01,r01_A1,A1,obfuscated,READ,526,20.096,4.013,24.109,20.511
r01,r01_A1,A1,obfuscated,READ,527,20.087,4.017,24.104,20.525
r01,r01_A1,A1,obfuscated,READ,528,20.11,3.995,24.105,20.511
r01,r01_A1,A1,obfuscated,SELECT,529,20.103,3.998,24.101,20.632
r01,r01_A1,A1,obfuscated,OPERATE,530,20.112,3.994,24.106,0.356
r01,r01_A1,A1,obfuscated,READ,531,20.103,4.001,24.104,20.549
r01,r01_A1,A1,obfuscated,READ,532,20.037,4.075,24.112,20.509
r01,r01_A1,A1,obfuscated,READ,533,20.112,3.995,24.107,20.503
r01,r01_A1,A1,obfuscated,READ,534,20.101,4.008,24.109,20.538
r01,r01_A1,A1,obfuscated,READ,535,20.081,4.029,24.11,20.528
r01,r01_A1,A1,obfuscated,READ,536,20.109,3.998,24.107,20.491
r01,r01_A1,A1,obfuscated,READ,537,20.082,4.027,24.109,20.504
r01,r01_A1,A1,obfuscated,READ,538,20.113,3.998,24.111,20.503
r01,r01_A1,A1,obfuscated,READ,539,20.102,4.004,24.106,20.52
r01,r01_A1,A1,obfuscated,SELECT,540,20.081,4.028,24.109,20.633
r01,r01_A1,A1,obfuscated,OPERATE,541,20.113,4.0,24.113,0.353
r01,r01_A1,A1,obfuscated,READ,542,20.106,3.996,24.102,20.56
r01,r01_A1,A1,obfuscated,READ,543,20.095,4.014,24.109,20.498
r01,r01_A1,A1,obfuscated,READ,544,20.099,4.013,24.112,20.491
r01,r01_A1,A1,obfuscated,READ,545,20.037,4.067,24.104,20.504
r01,r01_A1,A1,obfuscated,READ,546,20.105,3.997,24.102,20.418
r01,r01_A1,A1,obfuscated,READ,547,20.092,4.012,24.104,20.529
r01,r01_A1,A1,obfuscated,SELECT,548,20.081,4.029,24.11,20.628
r01,r01_A1,A1,obfuscated,OPERATE,549,20.108,4.006,24.114,0.353
r01,r01_A1,A1,obfuscated,READ,550,20.086,4.018,24.104,20.621
r01,r01_A1,A1,obfuscated,READ,551,20.112,3.996,24.108,20.51
r01,r01_A1,A1,obfuscated,READ,552,20.108,3.998,24.106,20.423
r01,r01_A1,A1,obfuscated,READ,553,20.081,4.027,24.108,20.534
r01,r01_A1,A1,obfuscated,READ,554,20.104,4.003,24.107,20.493
r01,r01_A1,A1,obfuscated,SELECT,555,20.105,4.001,24.106,20.634
r01,r01_A1,A1,obfuscated,OPERATE,556,20.109,3.997,24.106,0.354
r01,r01_A1,A1,obfuscated,READ,557,20.105,4.004,24.109,20.549
r01,r01_A1,A1,obfuscated,READ,558,20.087,3.994,24.081,20.521
r01,r01_A1,A1,obfuscated,READ,559,20.103,4.001,24.104,20.448
r01,r01_A1,A1,obfuscated,READ,560,20.098,3.993,24.091,20.541
r01,r01_A1,A1,obfuscated,READ,561,20.108,4.002,24.11,20.476
r01,r01_A1,A1,obfuscated,READ,562,20.086,4.024,24.11,20.496
r01,r01_A1,A1,obfuscated,READ,563,20.087,4.051,24.138,20.534
r01,r01_A1,A1,obfuscated,READ,564,20.109,3.995,24.104,20.499
r01,r01_A1,A1,obfuscated,READ,565,20.081,4.001,24.082,20.437
r01,r01_A1,A1,obfuscated,SELECT,566,20.082,4.024,24.106,20.631
r01,r01_A1,A1,obfuscated,OPERATE,567,20.107,4.004,24.111,0.355
r01,r01_A1,A1,obfuscated,READ,568,20.081,4.024,24.105,20.539
r01,r01_A1,A1,obfuscated,READ,569,20.11,3.993,24.103,20.494
r01,r01_A1,A1,obfuscated,READ,570,20.094,4.006,24.1,20.533
r01,r01_A1,A1,obfuscated,READ,571,20.106,4.031,24.137,20.505
r01,r01_A1,A1,obfuscated,READ,572,20.111,3.993,24.104,20.44
r01,r01_A1,A1,obfuscated,READ,573,20.086,4.027,24.113,20.51
r01,r01_A1,A1,obfuscated,READ,574,20.109,3.994,24.103,20.495
r01,r01_A1,A1,obfuscated,SELECT,575,20.103,4.01,24.113,20.706
r01,r01_A1,A1,obfuscated,OPERATE,576,20.109,3.997,24.106,0.37
r01,r01_A1,A1,obfuscated,READ,577,20.111,3.996,24.107,20.542
r01,r01_A1,A1,obfuscated,READ,578,20.087,4.018,24.105,20.536
r01,r01_A1,A1,obfuscated,READ,579,20.105,4.004,24.109,20.421
r01,r01_A1,A1,obfuscated,READ,580,20.11,3.993,24.103,20.502
r01,r01_A1,A1,obfuscated,READ,581,20.081,4.03,24.111,20.531
r01,r01_A1,A1,obfuscated,READ,582,20.106,3.998,24.104,20.489
r01,r01_A1,A1,obfuscated,READ,583,20.091,4.017,24.108,20.522
r01,r01_A1,A1,obfuscated,SELECT,584,20.082,3.954,24.036,20.637
r01,r01_A1,A1,obfuscated,OPERATE,585,20.104,3.986,24.09,0.301
r01,r01_A1,A1,obfuscated,READ,586,20.082,4.032,24.114,20.565
r01,r01_A1,A1,obfuscated,READ,587,20.102,4.012,24.114,20.523
r01,r01_A1,A1,obfuscated,READ,588,20.099,4.009,24.108,20.53
r01,r01_A1,A1,obfuscated,READ,589,20.095,4.023,24.118,20.504
r01,r01_A1,A1,obfuscated,READ,590,20.108,3.999,24.107,20.496
r01,r01_A1,A1,obfuscated,SELECT,591,20.127,3.964,24.091,20.614
r01,r01_A1,A1,obfuscated,OPERATE,592,20.109,4.006,24.115,0.354
r01,r01_A1,A1,obfuscated,READ,593,20.097,4.009,24.106,20.576
r01,r01_A1,A1,obfuscated,READ,594,20.081,4.027,24.108,20.52
r01,r01_A1,A1,obfuscated,READ,595,20.105,4.0,24.105,20.492
r01,r01_A1,A1,obfuscated,READ,596,20.093,3.997,24.09,20.538
r01,r01_A1,A1,obfuscated,READ,597,20.107,4.0,24.107,20.5
r01,r01_A1,A1,obfuscated,SELECT,598,20.107,3.996,24.103,20.588
r01,r01_A1,A1,obfuscated,OPERATE,599,20.109,3.996,24.105,0.386
r01,r01_A1,A1,obfuscated,READ,600,20.105,4.003,24.108,20.607
r01,r01_A1,A1,obfuscated,READ,601,20.095,4.008,24.103,20.506
r01,r01_A1,A1,obfuscated,READ,602,20.081,4.03,24.111,20.548
r01,r01_A1,A1,obfuscated,READ,603,20.106,3.999,24.105,20.492
r01,r01_A1,A1,obfuscated,READ,604,20.082,3.959,24.041,20.497
r01,r01_A1,A1,obfuscated,READ,605,20.106,4.003,24.109,20.447
r01,r01_A1,A1,obfuscated,READ,606,20.086,4.009,24.095,20.452
r01,r01_A1,A1,obfuscated,READ,607,20.087,4.019,24.106,20.505
r01,r01_A1,A1,obfuscated,SELECT,608,20.107,4.0,24.107,20.593
r01,r01_A1,A1,obfuscated,OPERATE,609,20.107,4.006,24.113,0.386
r01,r01_A1,A1,obfuscated,READ,610,20.104,4.004,24.108,20.553
r01,r01_A1,A1,obfuscated,READ,611,20.083,3.954,24.037,20.515
r01,r01_A1,A1,obfuscated,READ,612,20.108,4.0,24.108,20.417
r01,r01_A1,A1,obfuscated,READ,613,20.105,4.003,24.108,20.5
r01,r01_A1,A1,obfuscated,READ,614,20.083,4.026,24.109,20.524
r01,r01_A1,A1,obfuscated,READ,615,20.108,3.997,24.105,20.512
r01,r01_A1,A1,obfuscated,READ,616,20.091,4.003,24.094,20.523
r01,r01_A1,A1,obfuscated,READ,617,20.093,4.011,24.104,20.497
r01,r01_A1,A1,obfuscated,READ,618,20.104,4.007,24.111,20.511
r01,r01_A1,A1,obfuscated,SELECT,619,20.081,4.03,24.111,20.627
r01,r01_A1,A1,obfuscated,OPERATE,620,20.106,3.999,24.105,0.354
r01,r01_A1,A1,obfuscated,READ,621,20.101,4.008,24.109,20.582
r01,r01_A1,A1,obfuscated,READ,622,20.081,4.027,24.108,20.521
r01,r01_A1,A1,obfuscated,READ,623,20.105,3.999,24.104,20.491
r01,r01_A1,A1,obfuscated,READ,624,20.039,4.067,24.106,20.532
r01,r01_A1,A1,obfuscated,READ,625,20.104,4.022,24.126,20.554
r01,r01_A1,A1,obfuscated,READ,626,20.106,3.999,24.105,20.499
r01,r01_A1,A1,obfuscated,READ,627,20.088,4.017,24.105,20.501
r01,r01_A1,A1,obfuscated,READ,628,20.109,3.996,24.105,20.509
r01,r01_A1,A1,obfuscated,READ,629,20.107,3.994,24.101,20.5
r01,r01_A1,A1,obfuscated,SELECT,630,20.088,3.998,24.086,20.635
r01,r01_A1,A1,obfuscated,OPERATE,631,20.081,4.023,24.104,0.353
r01,r01_A1,A1,obfuscated,READ,632,20.086,3.952,24.038,20.549
r01,r01_A1,A1,obfuscated,READ,633,20.119,3.998,24.117,20.497
r01,r01_A1,A1,obfuscated,READ,634,20.103,3.999,24.102,20.529
r01,r01_A1,A1,obfuscated,READ,635,20.081,4.028,24.109,20.51
r01,r01_A1,A1,obfuscated,READ,636,20.104,3.982,24.086,20.494
r01,r01_A1,A1,obfuscated,READ,637,20.037,4.048,24.085,20.496
r01,r01_A1,A1,obfuscated,SELECT,638,20.109,3.999,24.108,20.599
r01,r01_A1,A1,obfuscated,OPERATE,639,20.111,3.991,24.102,0.354
r01,r01_A1,A1,obfuscated,READ,640,20.081,4.024,24.105,20.578
r01,r01_A1,A1,obfuscated,READ,641,20.115,3.973,24.088,20.497
r01,r01_A1,A1,obfuscated,READ,642,20.082,4.026,24.108,20.508
r01,r01_A1,A1,obfuscated,READ,643,20.109,4.0,24.109,20.5
r01,r01_A1,A1,obfuscated,READ,644,20.11,3.972,24.082,20.419
r01,r01_A1,A1,obfuscated,SELECT,645,20.08,4.031,24.111,20.655
r01,r01_A1,A1,obfuscated,OPERATE,646,20.107,3.997,24.104,0.359
r01,r01_A1,A1,obfuscated,READ,647,20.083,4.027,24.11,20.543
r01,r01_A1,A1,obfuscated,READ,648,20.116,3.996,24.112,20.503
r01,r01_A1,A1,obfuscated,READ,649,20.111,3.99,24.101,20.502
r01,r01_A1,A1,obfuscated,READ,650,20.081,4.003,24.084,20.561
r01,r01_A1,A1,obfuscated,READ,651,20.102,4.002,24.104,20.494
r01,r01_A1,A1,obfuscated,SELECT,652,20.105,3.999,24.104,20.645
r01,r01_A1,A1,obfuscated,OPERATE,653,20.109,4.001,24.11,0.353
r01,r01_A1,A1,obfuscated,READ,654,20.081,4.027,24.108,20.548
r01,r01_A1,A1,obfuscated,READ,655,20.081,4.019,24.1,20.516
r01,r01_A1,A1,obfuscated,READ,656,20.107,4.005,24.112,20.507
r01,r01_A1,A1,obfuscated,READ,657,20.098,4.006,24.104,20.527
r01,r01_A1,A1,obfuscated,READ,658,20.082,4.027,24.109,20.525
r01,r01_A1,A1,obfuscated,READ,659,20.106,3.987,24.093,20.495
r01,r01_A1,A1,obfuscated,READ,660,20.08,4.024,24.104,20.526
r01,r01_A1,A1,obfuscated,READ,661,20.112,3.997,24.109,20.508
r01,r01_A1,A1,obfuscated,SELECT,662,20.106,3.998,24.104,20.605
r01,r01_A1,A1,obfuscated,OPERATE,663,20.082,4.03,24.112,0.385
r01,r01_A1,A1,obfuscated,READ,664,20.106,3.996,24.102,20.467
r01,r01_A1,A1,obfuscated,READ,665,20.086,4.02,24.106,20.534
r01,r01_A1,A1,obfuscated,READ,666,20.096,4.022,24.118,20.498
r01,r01_A1,A1,obfuscated,READ,667,20.108,4.006,24.114,20.51
r01,r01_A1,A1,obfuscated,READ,668,20.087,4.024,24.111,20.497
r01,r01_A1,A1,obfuscated,SELECT,669,20.107,4.042,24.149,20.624
r01,r01_A1,A1,obfuscated,OPERATE,670,20.098,3.99,24.088,0.355
r01,r01_A1,A1,obfuscated,READ,671,20.088,4.029,24.117,20.584
r01,r01_A1,A1,obfuscated,READ,672,20.109,4.001,24.11,20.502
r01,r01_A1,A1,obfuscated,READ,673,20.087,4.018,24.105,20.529
r01,r01_A1,A1,obfuscated,READ,674,20.096,4.014,24.11,20.501
r01,r01_A1,A1,obfuscated,READ,675,20.108,3.996,24.104,20.558
r01,r01_A1,A1,obfuscated,SELECT,676,20.036,4.073,24.109,20.609
r01,r01_A1,A1,obfuscated,OPERATE,677,20.102,3.986,24.088,0.353
r01,r01_A1,A1,obfuscated,READ,678,20.081,4.021,24.102,20.578
r01,r01_A1,A1,obfuscated,READ,679,20.087,4.024,24.111,20.52
r01,r01_A1,A1,obfuscated,READ,680,20.107,4.003,24.11,20.497
r01,r01_A1,A1,obfuscated,READ,681,20.09,4.022,24.112,20.529
r01,r01_A1,A1,obfuscated,READ,682,20.112,4.0,24.112,20.515
r01,r01_A1,A1,obfuscated,SELECT,683,20.107,3.995,24.102,20.587
r01,r01_A1,A1,obfuscated,OPERATE,684,20.108,4.005,24.113,0.387
r01,r01_A1,A1,obfuscated,READ,685,20.105,3.999,24.104,20.532
r01,r01_A1,A1,obfuscated,READ,686,20.103,4.001,24.104,20.518
r01,r01_A1,A1,obfuscated,READ,687,20.081,4.023,24.104,20.514
r01,r01_A1,A1,obfuscated,READ,688,20.107,3.998,24.105,20.499
r01,r01_A1,A1,obfuscated,READ,689,20.081,3.954,24.035,20.501
r01,r01_A1,A1,obfuscated,SELECT,690,20.109,3.929,24.038,20.603
r01,r01_A1,A1,obfuscated,OPERATE,691,20.104,4.022,24.126,0.369
r01,r01_A1,A1,obfuscated,READ,692,20.113,3.991,24.104,20.551
r01,r01_A1,A1,obfuscated,READ,693,20.107,3.996,24.103,20.5
r01,r01_A1,A1,obfuscated,READ,694,20.082,4.023,24.105,20.51
r01,r01_A1,A1,obfuscated,READ,695,20.037,4.066,24.103,20.489
r01,r01_A1,A1,obfuscated,READ,696,20.089,4.019,24.108,20.534
r01,r01_A1,A1,obfuscated,READ,697,20.082,4.024,24.106,20.511
r01,r01_A1,A1,obfuscated,READ,698,20.111,4.003,24.114,20.492
r01,r01_A1,A1,obfuscated,SELECT,699,20.096,4.009,24.105,20.61
r01,r01_A1,A1,obfuscated,OPERATE,700,20.111,3.994,24.105,0.353
r01,r01_A1,A1,obfuscated,READ,701,20.105,4.002,24.107,20.638
r01,r01_A1,A1,obfuscated,READ,702,20.045,4.061,24.106,20.503
r01,r01_A1,A1,obfuscated,READ,703,20.116,3.99,24.106,20.497
r01,r01_A1,A1,obfuscated,READ,704,20.096,4.004,24.1,20.534
r01,r01_A1,A1,obfuscated,READ,705,20.083,4.033,24.116,20.51
r01,r01_A1,A1,obfuscated,READ,706,20.109,3.996,24.105,20.498
r01,r01_A1,A1,obfuscated,READ,707,20.082,4.022,24.104,20.497
r01,r01_A1,A1,obfuscated,READ,708,20.107,4.005,24.112,20.517
r01,r01_A1,A1,obfuscated,READ,709,20.107,3.999,24.106,20.498
r01,r01_A1,A1,obfuscated,SELECT,710,20.082,4.026,24.108,20.647
r01,r01_A1,A1,obfuscated,OPERATE,711,20.105,4.002,24.107,0.354
r01,r01_A1,A1,obfuscated,READ,712,20.084,4.021,24.105,20.563
r01,r01_A1,A1,obfuscated,READ,713,20.081,4.031,24.112,20.51
r01,r01_A1,A1,obfuscated,READ,714,20.11,4.006,24.116,20.498
r01,r01_A1,A1,obfuscated,READ,715,20.038,4.065,24.103,20.502
r01,r01_A1,A1,obfuscated,READ,716,20.106,3.999,24.105,20.491
r01,r01_A1,A1,obfuscated,SELECT,717,20.105,3.996,24.101,20.637
r01,r01_A1,A1,obfuscated,OPERATE,718,20.123,3.995,24.118,0.355
r01,r01_A1,A1,obfuscated,READ,719,20.104,4.009,24.113,20.548
r01,r01_A1,A1,obfuscated,READ,720,20.082,4.025,24.107,20.499
r01,r01_A1,A1,obfuscated,READ,721,20.111,4.001,24.112,20.507
r01,r01_A1,A1,obfuscated,READ,722,20.097,3.997,24.094,20.477
r01,r01_A1,A1,obfuscated,READ,723,20.082,4.027,24.109,20.531
r01,r01_A1,A1,obfuscated,READ,724,20.104,4.001,24.105,20.484
r01,r01_A1,A1,obfuscated,SELECT,725,20.096,4.008,24.104,20.693
r01,r01_A1,A1,obfuscated,OPERATE,726,20.111,3.995,24.106,0.354
r01,r01_A1,A1,obfuscated,READ,727,20.109,3.98,24.089,20.551
r01,r01_A1,A1,obfuscated,READ,728,20.082,3.954,24.036,20.508
r01,r01_A1,A1,obfuscated,READ,729,20.107,4.01,24.117,20.504
r01,r01_A1,A1,obfuscated,READ,730,20.101,3.998,24.099,20.529
r01,r01_A1,A1,obfuscated,READ,731,20.097,4.008,24.105,20.504
r01,r01_A1,A1,obfuscated,SELECT,732,20.11,3.971,24.081,20.617
r01,r01_A1,A1,obfuscated,OPERATE,733,20.111,3.978,24.089,0.387
r01,r01_A1,A1,obfuscated,READ,734,20.108,3.996,24.104,20.522
r01,r01_A1,A1,obfuscated,READ,735,20.089,4.004,24.093,20.512
r01,r01_A1,A1,obfuscated,READ,736,20.085,4.02,24.105,20.523
r01,r01_A1,A1,obfuscated,READ,737,20.105,4.002,24.107,20.502
r01,r01_A1,A1,obfuscated,READ,738,20.082,4.027,24.109,20.495
r01,r01_A1,A1,obfuscated,READ,739,20.105,4.0,24.105,20.509
r01,r01_A1,A1,obfuscated,SELECT,740,20.105,4.005,24.11,20.607
r01,r01_A1,A1,obfuscated,OPERATE,741,20.082,4.015,24.097,0.365
r01,r01_A1,A1,obfuscated,READ,742,20.107,3.997,24.104,20.53
r01,r01_A1,A1,obfuscated,READ,743,20.081,4.027,24.108,20.512
r01,r01_A1,A1,obfuscated,READ,744,20.112,3.995,24.107,20.502
r01,r01_A1,A1,obfuscated,READ,745,20.106,4.003,24.109,20.499
r01,r01_A1,A1,obfuscated,READ,746,20.087,4.027,24.114,20.526
r01,r01_A1,A1,obfuscated,READ,747,20.104,4.002,24.106,20.493
r01,r01_A1,A1,obfuscated,SELECT,748,20.1,4.004,24.104,20.636
r01,r01_A1,A1,obfuscated,OPERATE,749,20.11,4.008,24.118,0.353
r01,r01_A1,A1,obfuscated,READ,750,20.113,3.997,24.11,20.607
r01,r01_A1,A1,obfuscated,READ,751,20.081,4.004,24.085,20.502
r01,r01_A1,A1,obfuscated,READ,752,20.111,4.001,24.112,20.523
r01,r01_A1,A1,obfuscated,READ,753,20.095,4.016,24.111,20.516
r01,r01_A1,A1,obfuscated,READ,754,20.037,4.076,24.113,20.536
r01,r01_A1,A1,obfuscated,READ,755,20.104,3.998,24.102,20.428
r01,r01_A1,A1,obfuscated,READ,756,20.098,4.01,24.108,20.528
r01,r01_A1,A1,obfuscated,READ,757,20.09,4.015,24.105,20.511
r01,r01_A1,A1,obfuscated,READ,758,20.102,4.005,24.107,20.503
r01,r01_A1,A1,obfuscated,SELECT,759,20.08,4.024,24.104,20.607
r01,r01_A1,A1,obfuscated,OPERATE,760,20.111,4.002,24.113,0.355
r01,r01_A1,A1,obfuscated,READ,761,20.08,3.957,24.037,20.495
r01,r01_A1,A1,obfuscated,READ,762,20.106,4.001,24.107,20.527
r01,r01_A1,A1,obfuscated,READ,763,20.101,4.006,24.107,20.506
r01,r01_A1,A1,obfuscated,READ,764,20.081,4.023,24.104,20.542
r01,r01_A1,A1,obfuscated,READ,765,20.105,3.999,24.104,20.496
r01,r01_A1,A1,obfuscated,READ,766,20.092,4.016,24.108,20.523
r01,r01_A1,A1,obfuscated,READ,767,20.109,4.016,24.125,20.499
r01,r01_A1,A1,obfuscated,READ,768,20.104,3.996,24.1,20.42
r01,r01_A1,A1,obfuscated,SELECT,769,20.081,3.999,24.08,20.617
r01,r01_A1,A1,obfuscated,OPERATE,770,20.107,4.002,24.109,0.355
r01,r01_A1,A1,obfuscated,READ,771,20.095,4.009,24.104,20.581
r01,r01_A1,A1,obfuscated,READ,772,20.105,4.012,24.117,20.506
r01,r01_A1,A1,obfuscated,READ,773,20.104,4.004,24.108,20.51
r01,r01_A1,A1,obfuscated,READ,774,20.083,3.955,24.038,20.516
r01,r01_A1,A1,obfuscated,READ,775,20.103,4.0,24.103,20.529
r01,r01_A1,A1,obfuscated,READ,776,20.107,3.992,24.099,20.525
r01,r01_A1,A1,obfuscated,READ,777,20.081,4.027,24.108,20.511
r01,r01_A1,A1,obfuscated,READ,778,20.106,4.002,24.108,20.501
r01,r01_A1,A1,obfuscated,READ,779,20.082,4.021,24.103,20.498
r01,r01_OFF,OFF,native,READ,0,0.468,24.412,24.88,
r01,r01_OFF,OFF,native,READ,1,0.506,3.754,4.26,20.529
r01,r01_OFF,OFF,native,READ,2,0.489,1.161,1.65,20.495
r01,r01_OFF,OFF,native,READ,3,0.489,2.184,2.673,20.483
r01,r01_OFF,OFF,native,READ,4,0.456,1.199,1.655,20.411
r01,r01_OFF,OFF,native,READ,5,4.618,1.29,5.908,20.526
r01,r01_OFF,OFF,native,SELECT,6,1.522,1.033,2.555,20.618
r01,r01_OFF,OFF,native,OPERATE,7,0.55,2.871,3.421,0.359
r01,r01_OFF,OFF,native,READ,8,0.572,1.135,1.707,20.572
r01,r01_OFF,OFF,native,READ,9,0.55,2.068,2.618,20.494
r01,r01_OFF,OFF,native,READ,10,0.508,1.209,1.717,20.512
r01,r01_OFF,OFF,native,READ,11,0.529,2.106,2.635,20.58
r01,r01_OFF,OFF,native,READ,12,0.668,1.12,1.788,20.506
r01,r01_OFF,OFF,native,SELECT,13,0.507,1.109,1.616,20.609
r01,r01_OFF,OFF,native,OPERATE,14,1.321,1.884,3.205,0.359
r01,r01_OFF,OFF,native,READ,15,0.458,2.144,2.602,20.59
r01,r01_OFF,OFF,native,READ,16,0.497,1.222,1.719,20.519
r01,r01_OFF,OFF,native,READ,17,0.45,1.165,1.615,20.505
r01,r01_OFF,OFF,native,READ,18,1.588,5.031,6.619,20.498
r01,r01_OFF,OFF,native,READ,19,0.566,3.945,4.511,20.493
r01,r01_OFF,OFF,native,READ,20,0.568,13.058,13.626,20.494
r01,r01_OFF,OFF,native,READ,21,0.534,4.476,5.01,20.512
r01,r01_OFF,OFF,native,READ,22,0.471,4.096,4.567,20.5
r01,r01_OFF,OFF,native,READ,23,0.518,3.912,4.43,20.497
r01,r01_OFF,OFF,native,SELECT,24,2.893,1.599,4.492,20.608
r01,r01_OFF,OFF,native,OPERATE,25,1.571,4.842,6.413,0.354
r01,r01_OFF,OFF,native,READ,26,0.562,1.239,1.801,20.649
r01,r01_OFF,OFF,native,READ,27,0.515,2.05,2.565,20.512
r01,r01_OFF,OFF,native,READ,28,0.495,1.228,1.723,20.521
r01,r01_OFF,OFF,native,READ,29,0.519,13.411,13.93,20.493
r01,r01_OFF,OFF,native,READ,30,1.515,4.962,6.477,20.495
r01,r01_OFF,OFF,native,SELECT,31,0.533,3.8,4.333,20.597
r01,r01_OFF,OFF,native,OPERATE,32,0.52,4.381,4.901,0.353
r01,r01_OFF,OFF,native,READ,33,0.52,1.101,1.621,20.542
r01,r01_OFF,OFF,native,READ,34,1.658,1.102,2.76,20.51
r01,r01_OFF,OFF,native,READ,35,0.528,1.138,1.666,20.509
r01,r01_OFF,OFF,native,READ,36,0.557,2.097,2.654,20.497
r01,r01_OFF,OFF,native,READ,37,0.451,1.374,1.825,20.5
r01,r01_OFF,OFF,native,SELECT,38,0.502,2.012,2.514,20.551
r01,r01_OFF,OFF,native,OPERATE,39,0.488,2.973,3.461,0.354
r01,r01_OFF,OFF,native,READ,40,0.591,1.078,1.669,20.547
r01,r01_OFF,OFF,native,READ,41,0.567,5.633,6.2,20.55
r01,r01_OFF,OFF,native,READ,42,1.532,2.944,4.476,20.418
r01,r01_OFF,OFF,native,READ,43,1.489,4.275,5.764,20.495
r01,r01_OFF,OFF,native,READ,44,0.583,5.637,6.22,20.499
r01,r01_OFF,OFF,native,READ,45,0.509,11.659,12.168,20.494
r01,r01_OFF,OFF,native,READ,46,0.53,8.275,8.805,20.529
r01,r01_OFF,OFF,native,SELECT,47,0.513,8.82,9.333,20.606
r01,r01_OFF,OFF,native,OPERATE,48,0.501,6.968,7.469,0.365
r01,r01_OFF,OFF,native,READ,49,0.506,4.288,4.794,20.562
r01,r01_OFF,OFF,native,READ,50,0.509,6.871,7.38,20.496
r01,r01_OFF,OFF,native,READ,51,0.485,1.168,1.653,20.549
r01,r01_OFF,OFF,native,READ,52,0.708,2.133,2.841,20.51
r01,r01_OFF,OFF,native,READ,53,0.52,1.097,1.617,20.498
r01,r01_OFF,OFF,native,SELECT,54,0.575,1.035,1.61,20.649
r01,r01_OFF,OFF,native,OPERATE,55,1.155,1.918,3.073,0.352
r01,r01_OFF,OFF,native,READ,56,0.521,2.054,2.575,20.556
r01,r01_OFF,OFF,native,READ,57,0.548,1.125,1.673,20.497
r01,r01_OFF,OFF,native,READ,58,0.557,1.101,1.658,20.517
r01,r01_OFF,OFF,native,READ,59,1.483,1.207,2.69,20.479
r01,r01_OFF,OFF,native,READ,60,0.485,1.165,1.65,20.48
r01,r01_OFF,OFF,native,READ,61,0.492,2.159,2.651,20.477
r01,r01_OFF,OFF,native,SELECT,62,2.584,2.418,5.002,20.534
r01,r01_OFF,OFF,native,OPERATE,63,0.446,4.169,4.615,0.356
r01,r01_OFF,OFF,native,READ,64,0.535,3.44,3.975,20.57
r01,r01_OFF,OFF,native,READ,65,0.505,3.68,4.185,20.509
r01,r01_OFF,OFF,native,READ,66,0.492,4.097,4.589,20.445
r01,r01_OFF,OFF,native,READ,67,3.683,5.883,9.566,20.49
r01,r01_OFF,OFF,native,READ,68,0.504,3.973,4.477,20.501
r01,r01_OFF,OFF,native,READ,69,0.496,3.978,4.474,20.495
r01,r01_OFF,OFF,native,READ,70,0.482,2.108,2.59,20.492
r01,r01_OFF,OFF,native,READ,71,4.776,1.28,6.056,20.451
r01,r01_OFF,OFF,native,READ,72,0.563,1.083,1.646,20.502
r01,r01_OFF,OFF,native,SELECT,73,1.496,1.063,2.559,20.639
r01,r01_OFF,OFF,native,OPERATE,74,0.561,2.915,3.476,0.31
r01,r01_OFF,OFF,native,READ,75,0.548,1.112,1.66,20.538
r01,r01_OFF,OFF,native,READ,76,0.479,2.147,2.626,20.552
r01,r01_OFF,OFF,native,READ,77,0.54,1.098,1.638,20.509
r01,r01_OFF,OFF,native,READ,78,0.57,1.087,1.657,20.501
r01,r01_OFF,OFF,native,READ,79,0.45,2.139,2.589,20.522
r01,r01_OFF,OFF,native,READ,80,0.561,1.101,1.662,20.499
r01,r01_OFF,OFF,native,READ,81,4.268,2.3,6.568,20.519
r01,r01_OFF,OFF,native,READ,82,0.561,1.105,1.666,20.494
r01,r01_OFF,OFF,native,READ,83,0.569,1.114,1.683,20.431
r01,r01_OFF,OFF,native,SELECT,84,0.461,2.074,2.535,20.605
r01,r01_OFF,OFF,native,OPERATE,85,0.616,2.916,3.532,0.351
r01,r01_OFF,OFF,native,READ,86,0.505,2.03,2.535,20.532
r01,r01_OFF,OFF,native,READ,87,0.534,3.953,4.487,20.514
r01,r01_OFF,OFF,native,READ,88,0.53,3.972,4.502,20.51
r01,r01_OFF,OFF,native,READ,89,0.543,3.853,4.396,20.497
r01,r01_OFF,OFF,native,READ,90,0.5,4.08,4.58,20.495
r01,r01_OFF,OFF,native,READ,91,0.586,3.834,4.42,20.491
r01,r01_OFF,OFF,native,READ,92,0.498,4.027,4.525,20.502
r01,r01_OFF,OFF,native,READ,93,0.568,2.052,2.62,20.493
r01,r01_OFF,OFF,native,READ,94,0.508,1.261,1.769,20.488
r01,r01_OFF,OFF,native,SELECT,95,2.5,1.102,3.602,20.634
r01,r01_OFF,OFF,native,OPERATE,96,0.554,2.815,3.369,0.375
r01,r01_OFF,OFF,native,READ,97,0.556,1.099,1.655,20.563
r01,r01_OFF,OFF,native,READ,98,0.513,2.116,2.629,20.512
r01,r01_OFF,OFF,native,READ,99,0.562,1.098,1.66,20.497
r01,r01_OFF,OFF,native,READ,100,0.442,1.17,1.612,20.503
r01,r01_OFF,OFF,native,READ,101,1.582,1.102,2.684,20.499
r01,r01_OFF,OFF,native,READ,102,0.45,1.21,1.66,20.564
r01,r01_OFF,OFF,native,READ,103,0.558,2.069,2.627,20.523
r01,r01_OFF,OFF,native,READ,104,0.521,1.131,1.652,20.498
r01,r01_OFF,OFF,native,SELECT,105,4.146,2.476,6.622,20.614
r01,r01_OFF,OFF,native,OPERATE,106,0.505,4.873,5.378,0.352
r01,r01_OFF,OFF,native,READ,107,0.522,1.101,1.623,20.571
r01,r01_OFF,OFF,native,READ,108,1.533,1.093,2.626,20.494
r01,r01_OFF,OFF,native,READ,109,0.49,3.125,3.615,20.492
r01,r01_OFF,OFF,native,READ,110,0.45,12.224,12.674,20.497
r01,r01_OFF,OFF,native,READ,111,0.601,4.889,5.49,20.497
r01,r01_OFF,OFF,native,READ,112,0.552,3.788,4.34,20.509
r01,r01_OFF,OFF,native,READ,113,0.496,4.021,4.517,20.496
r01,r01_OFF,OFF,native,READ,114,3.861,5.56,9.421,20.493
r01,r01_OFF,OFF,native,READ,115,0.484,1.175,1.659,20.493
r01,r01_OFF,OFF,native,SELECT,116,1.579,1.162,2.741,20.612
r01,r01_OFF,OFF,native,OPERATE,117,0.483,3.043,3.526,0.375
r01,r01_OFF,OFF,native,READ,118,0.527,1.117,1.644,20.54
r01,r01_OFF,OFF,native,READ,119,0.561,6.235,6.796,20.516
r01,r01_OFF,OFF,native,READ,120,0.503,1.164,1.667,20.49
r01,r01_OFF,OFF,native,READ,121,0.455,2.353,2.808,20.5
r01,r01_OFF,OFF,native,READ,122,0.518,1.085,1.603,20.543
r01,r01_OFF,OFF,native,READ,123,0.617,1.128,1.745,20.493
r01,r01_OFF,OFF,native,READ,124,0.507,2.086,2.593,20.503
r01,r01_OFF,OFF,native,SELECT,125,0.562,1.089,1.651,20.605
r01,r01_OFF,OFF,native,OPERATE,126,1.527,1.813,3.34,0.354
r01,r01_OFF,OFF,native,READ,127,0.524,2.1,2.624,20.607
r01,r01_OFF,OFF,native,READ,128,0.571,1.099,1.67,20.496
r01,r01_OFF,OFF,native,READ,129,4.76,1.256,6.016,20.416
r01,r01_OFF,OFF,native,READ,130,0.522,2.15,2.672,20.533
r01,r01_OFF,OFF,native,READ,131,0.492,7.224,7.716,20.494
r01,r01_OFF,OFF,native,SELECT,132,0.465,2.759,3.224,20.581
r01,r01_OFF,OFF,native,OPERATE,133,1.129,1.951,3.08,0.35
r01,r01_OFF,OFF,native,READ,134,4.564,2.669,7.233,20.558
r01,r01_OFF,OFF,native,READ,135,0.576,3.855,4.431,20.492
r01,r01_OFF,OFF,native,READ,136,0.499,4.039,4.538,20.497
r01,r01_OFF,OFF,native,READ,137,0.495,4.1,4.595,20.496
r01,r01_OFF,OFF,native,READ,138,0.5,12.84,13.34,20.417
r01,r01_OFF,OFF,native,SELECT,139,0.508,1.1,1.608,20.606
r01,r01_OFF,OFF,native,OPERATE,140,1.401,2.015,3.416,0.351
r01,r01_OFF,OFF,native,READ,141,0.453,2.275,2.728,20.499
r01,r01_OFF,OFF,native,READ,142,0.485,1.175,1.66,20.502
r01,r01_OFF,OFF,native,READ,143,0.498,6.32,6.818,20.502
r01,r01_OFF,OFF,native,READ,144,0.494,1.172,1.666,20.535
r01,r01_OFF,OFF,native,READ,145,0.497,1.149,1.646,20.503
r01,r01_OFF,OFF,native,READ,146,0.593,6.103,6.696,20.496
r01,r01_OFF,OFF,native,READ,147,0.528,1.086,1.614,20.532
r01,r01_OFF,OFF,native,SELECT,148,0.571,2.06,2.631,20.639
r01,r01_OFF,OFF,native,OPERATE,149,0.554,1.811,2.365,0.371
r01,r01_OFF,OFF,native,READ,150,1.565,1.098,2.663,20.561
r01,r01_OFF,OFF,native,READ,151,0.532,3.553,4.085,20.496
r01,r01_OFF,OFF,native,READ,152,0.532,1.14,1.672,20.501
r01,r01_OFF,OFF,native,READ,153,0.595,2.106,2.701,20.498
r01,r01_OFF,OFF,native,READ,154,0.576,2.509,3.085,20.477
r01,r01_OFF,OFF,native,READ,155,1.585,2.914,4.499,20.495
r01,r01_OFF,OFF,native,READ,156,1.566,4.006,5.572,20.493
r01,r01_OFF,OFF,native,SELECT,157,0.569,12.332,12.901,20.603
r01,r01_OFF,OFF,native,OPERATE,158,0.498,5.357,5.855,0.386
r01,r01_OFF,OFF,native,READ,159,0.494,3.129,3.623,20.535
r01,r01_OFF,OFF,native,READ,160,0.453,4.271,4.724,20.444
r01,r01_OFF,OFF,native,READ,161,0.492,1.168,1.66,20.489
r01,r01_OFF,OFF,native,READ,162,1.713,1.103,2.816,20.526
r01,r01_OFF,OFF,native,READ,163,0.48,1.166,1.646,20.542
r01,r01_OFF,OFF,native,READ,164,0.569,2.238,2.807,20.494
r01,r01_OFF,OFF,native,READ,165,0.46,1.162,1.622,20.514
r01,r01_OFF,OFF,native,SELECT,166,0.568,2.006,2.574,20.621
r01,r01_OFF,OFF,native,OPERATE,167,0.484,1.918,2.402,0.363
r01,r01_OFF,OFF,native,READ,168,1.529,1.09,2.619,20.539
r01,r01_OFF,OFF,native,READ,169,0.545,1.151,1.696,20.543
r01,r01_OFF,OFF,native,READ,170,0.565,2.122,2.687,20.522
r01,r01_OFF,OFF,native,READ,171,0.448,1.186,1.634,20.504
r01,r01_OFF,OFF,native,READ,172,3.044,1.227,4.271,20.502
r01,r01_OFF,OFF,native,READ,173,0.519,2.061,2.58,20.505
r01,r01_OFF,OFF,native,READ,174,0.894,1.133,2.027,20.52
r01,r01_OFF,OFF,native,READ,175,0.557,1.096,1.653,20.526
r01,r01_OFF,OFF,native,SELECT,176,1.576,5.286,6.862,20.596
r01,r01_OFF,OFF,native,OPERATE,177,0.497,15.182,15.679,0.355
r01,r01_OFF,OFF,native,READ,178,0.489,3.969,4.458,20.604
r01,r01_OFF,OFF,native,READ,179,0.503,4.017,4.52,20.448
r01,r01_OFF,OFF,native,READ,180,0.504,4.124,4.628,20.495
r01,r01_OFF,OFF,native,READ,181,1.835,2.557,4.392,20.503
r01,r01_OFF,OFF,native,READ,182,0.501,3.894,4.395,20.495
r01,r01_OFF,OFF,native,READ,183,0.577,4.011,4.588,20.497
r01,r01_OFF,OFF,native,READ,184,0.492,1.162,1.654,20.492
r01,r01_OFF,OFF,native,READ,185,0.535,2.043,2.578,20.481
r01,r01_OFF,OFF,native,READ,186,0.745,1.1,1.845,20.501
r01,r01_OFF,OFF,native,SELECT,187,0.568,1.032,1.6,20.631
r01,r01_OFF,OFF,native,OPERATE,188,1.326,1.905,3.231,0.351
r01,r01_OFF,OFF,native,READ,189,0.519,2.095,2.614,20.545
r01,r01_OFF,OFF,native,READ,190,0.565,1.178,1.743,20.523
r01,r01_OFF,OFF,native,READ,191,0.499,1.126,1.625,20.516
r01,r01_OFF,OFF,native,READ,192,1.617,1.096,2.713,20.495
r01,r01_OFF,OFF,native,READ,193,0.498,1.117,1.615,20.497
r01,r01_OFF,OFF,native,SELECT,194,0.569,2.136,2.705,20.634
r01,r01_OFF,OFF,native,OPERATE,195,0.565,4.318,4.883,0.366
r01,r01_OFF,OFF,native,READ,196,0.558,16.603,17.161,20.542
r01,r01_OFF,OFF,native,READ,197,0.547,6.395,6.942,20.52
r01,r01_OFF,OFF,native,READ,198,0.541,1.123,1.664,20.496
r01,r01_OFF,OFF,native,READ,199,0.514,6.812,7.326,20.517
r01,r01_OFF,OFF,native,READ,200,0.56,3.94,4.5,20.485
r01,r01_OFF,OFF,native,READ,201,0.585,4.027,4.612,20.422
r01,r01_OFF,OFF,native,SELECT,202,0.543,3.697,4.24,20.655
r01,r01_OFF,OFF,native,OPERATE,203,0.567,4.74,5.307,0.347
r01,r01_OFF,OFF,native,READ,204,0.568,3.211,3.779,20.55
r01,r01_OFF,OFF,native,READ,205,0.581,4.424,5.005,20.487
r01,r01_OFF,OFF,native,READ,206,0.574,3.408,3.982,20.502
r01,r01_OFF,OFF,native,READ,207,0.543,3.214,3.757,20.49
r01,r01_OFF,OFF,native,READ,208,0.572,1.075,1.647,20.495
r01,r01_OFF,OFF,native,READ,209,0.562,5.235,5.797,20.518
r01,r01_OFF,OFF,native,SELECT,210,1.58,1.133,2.713,20.624
r01,r01_OFF,OFF,native,OPERATE,211,0.556,3.18,3.736,0.354
r01,r01_OFF,OFF,native,READ,212,0.531,3.634,4.165,20.558
r01,r01_OFF,OFF,native,READ,213,0.507,4.179,4.686,20.5
r01,r01_OFF,OFF,native,READ,214,0.495,1.161,1.656,20.422
r01,r01_OFF,OFF,native,READ,215,0.55,2.196,2.746,20.485
r01,r01_OFF,OFF,native,READ,216,0.57,1.108,1.678,20.49
r01,r01_OFF,OFF,native,READ,217,0.604,2.057,2.661,20.495
r01,r01_OFF,OFF,native,SELECT,218,0.573,1.045,1.618,20.618
r01,r01_OFF,OFF,native,OPERATE,219,0.557,2.825,3.382,0.349
r01,r01_OFF,OFF,native,READ,220,0.559,1.166,1.725,20.554
r01,r01_OFF,OFF,native,READ,221,0.563,2.116,2.679,20.493
r01,r01_OFF,OFF,native,READ,222,0.553,6.033,6.586,20.493
r01,r01_OFF,OFF,native,READ,223,0.576,3.898,4.474,20.518
r01,r01_OFF,OFF,native,READ,224,2.889,1.754,4.643,20.476
r01,r01_OFF,OFF,native,READ,225,0.557,3.856,4.413,20.49
r01,r01_OFF,OFF,native,SELECT,226,0.563,3.684,4.247,20.615
r01,r01_OFF,OFF,native,OPERATE,227,1.544,4.967,6.511,0.35
r01,r01_OFF,OFF,native,READ,228,0.498,3.142,3.64,20.533
r01,r01_OFF,OFF,native,READ,229,2.08,2.727,4.807,20.448
r01,r01_OFF,OFF,native,READ,230,0.561,1.102,1.663,20.494
r01,r01_OFF,OFF,native,READ,231,0.605,2.074,2.679,20.507
r01,r01_OFF,OFF,native,READ,232,0.64,1.171,1.811,20.509
r01,r01_OFF,OFF,native,SELECT,233,0.5,1.107,1.607,20.603
r01,r01_OFF,OFF,native,OPERATE,234,1.369,1.875,3.244,0.351
r01,r01_OFF,OFF,native,READ,235,0.471,2.18,2.651,20.539
r01,r01_OFF,OFF,native,READ,236,0.495,1.155,1.65,20.499
r01,r01_OFF,OFF,native,READ,237,0.483,1.17,1.653,20.446
r01,r01_OFF,OFF,native,READ,238,0.446,2.252,2.698,20.426
r01,r01_OFF,OFF,native,READ,239,3.791,1.315,5.106,20.536
r01,r01_OFF,OFF,native,SELECT,240,0.455,1.109,1.564,20.604
r01,r01_OFF,OFF,native,OPERATE,241,1.167,1.942,3.109,0.35
r01,r01_OFF,OFF,native,READ,242,0.441,2.262,2.703,20.551
r01,r01_OFF,OFF,native,READ,243,0.497,1.138,1.635,20.491
r01,r01_OFF,OFF,native,READ,244,0.53,2.067,2.597,20.504
r01,r01_OFF,OFF,native,READ,245,0.717,1.125,1.842,20.473
r01,r01_OFF,OFF,native,READ,246,0.567,2.548,3.115,20.602
r01,r01_OFF,OFF,native,READ,247,0.489,4.123,4.612,20.489
r01,r01_OFF,OFF,native,SELECT,248,0.463,3.86,4.323,20.529
r01,r01_OFF,OFF,native,OPERATE,249,0.449,5.053,5.502,0.349
r01,r01_OFF,OFF,native,READ,250,0.464,3.14,3.604,20.538
r01,r01_OFF,OFF,native,READ,251,0.496,4.017,4.513,20.486
r01,r01_OFF,OFF,native,READ,252,0.574,3.909,4.483,20.553
r01,r01_OFF,OFF,native,READ,253,0.494,3.986,4.48,20.486
r01,r01_OFF,OFF,native,READ,254,0.495,1.184,1.679,20.486
r01,r01_OFF,OFF,native,READ,255,0.499,2.166,2.665,20.414
r01,r01_OFF,OFF,native,SELECT,256,0.579,1.044,1.623,20.644
r01,r01_OFF,OFF,native,OPERATE,257,0.485,2.897,3.382,0.386
r01,r01_OFF,OFF,native,READ,258,0.515,1.214,1.729,20.561
r01,r01_OFF,OFF,native,READ,259,0.558,2.069,2.627,20.49
r01,r01_OFF,OFF,native,READ,260,0.56,1.25,1.81,20.497
r01,r01_OFF,OFF,native,READ,261,0.515,2.047,2.562,20.49
r01,r01_OFF,OFF,native,READ,262,0.618,1.091,1.709,20.492
r01,r01_OFF,OFF,native,SELECT,263,0.529,2.227,2.756,20.633
r01,r01_OFF,OFF,native,OPERATE,264,0.598,1.844,2.442,0.366
r01,r01_OFF,OFF,native,READ,265,1.457,1.232,2.689,20.55
r01,r01_OFF,OFF,native,READ,266,0.55,1.104,1.654,20.52
r01,r01_OFF,OFF,native,READ,267,0.508,2.179,2.687,20.493
r01,r01_OFF,OFF,native,READ,268,0.492,1.16,1.652,20.491
r01,r01_OFF,OFF,native,READ,269,0.543,2.113,2.656,20.495
r01,r01_OFF,OFF,native,SELECT,270,0.529,4.575,5.104,20.64
r01,r01_OFF,OFF,native,OPERATE,271,0.503,4.269,4.772,0.351
r01,r01_OFF,OFF,native,READ,272,0.533,3.291,3.824,20.542
r01,r01_OFF,OFF,native,READ,273,0.566,3.761,4.327,20.511
r01,r01_OFF,OFF,native,READ,274,0.56,4.055,4.615,20.491
r01,r01_OFF,OFF,native,READ,275,0.568,4.073,4.641,20.48
r01,r01_OFF,OFF,native,READ,276,0.524,3.712,4.236,20.54
r01,r01_OFF,OFF,native,SELECT,277,0.571,3.732,4.303,20.662
r01,r01_OFF,OFF,native,OPERATE,278,0.497,4.597,5.094,0.347
r01,r01_OFF,OFF,native,READ,279,0.479,2.138,2.617,20.525
r01,r01_OFF,OFF,native,READ,280,0.502,1.178,1.68,20.49
r01,r01_OFF,OFF,native,READ,281,0.487,1.172,1.659,20.488
r01,r01_OFF,OFF,native,READ,282,1.496,1.142,2.638,20.512
r01,r01_OFF,OFF,native,READ,283,0.557,1.099,1.656,20.5
r01,r01_OFF,OFF,native,READ,284,4.582,2.238,6.82,20.4
r01,r01_OFF,OFF,native,READ,285,0.503,1.169,1.672,20.468
r01,r01_OFF,OFF,native,READ,286,0.522,1.153,1.675,20.504
r01,r01_OFF,OFF,native,READ,287,1.54,1.726,3.266,20.497
r01,r01_OFF,OFF,native,SELECT,288,0.485,2.038,2.523,20.603
r01,r01_OFF,OFF,native,OPERATE,289,0.497,1.995,2.492,0.353
r01,r01_OFF,OFF,native,READ,290,0.463,2.141,2.604,20.547
r01,r01_OFF,OFF,native,READ,291,0.514,1.166,1.68,20.489
r01,r01_OFF,OFF,native,READ,292,0.504,2.122,2.626,20.502
r01,r01_OFF,OFF,native,READ,293,0.614,5.688,6.302,20.523
r01,r01_OFF,OFF,native,READ,294,0.502,3.939,4.441,20.489
r01,r01_OFF,OFF,native,READ,295,0.575,4.075,4.65,20.485
r01,r01_OFF,OFF,native,READ,296,0.461,3.849,4.31,20.518
r01,r01_OFF,OFF,native,SELECT,297,0.502,3.836,4.338,20.594
r01,r01_OFF,OFF,native,OPERATE,298,0.574,5.982,6.556,0.347
r01,r01_OFF,OFF,native,READ,299,0.573,2.07,2.643,20.558
r01,r01_OFF,OFF,native,READ,300,1.487,2.986,4.473,20.493
r01,r01_OFF,OFF,native,READ,301,0.517,2.065,2.582,20.488
r01,r01_OFF,OFF,native,READ,302,0.692,1.096,1.788,20.569
r01,r01_OFF,OFF,native,READ,303,0.563,2.113,2.676,20.493
r01,r01_OFF,OFF,native,READ,304,0.491,1.176,1.667,20.451
r01,r01_OFF,OFF,native,SELECT,305,0.496,2.082,2.578,20.605
r01,r01_OFF,OFF,native,OPERATE,306,0.522,1.862,2.384,0.349
r01,r01_OFF,OFF,native,READ,307,0.515,2.312,2.827,20.564
r01,r01_OFF,OFF,native,READ,308,0.471,1.167,1.638,20.487
r01,r01_OFF,OFF,native,READ,309,0.499,2.22,2.719,20.501
r01,r01_OFF,OFF,native,READ,310,0.515,1.105,1.62,20.523
r01,r01_OFF,OFF,native,READ,311,0.606,2.152,2.758,20.493
r01,r01_OFF,OFF,native,SELECT,312,0.502,1.1,1.602,20.604
r01,r01_OFF,OFF,native,OPERATE,313,0.44,3.039,3.479,0.35
r01,r01_OFF,OFF,native,READ,314,0.451,1.173,1.624,20.536
r01,r01_OFF,OFF,native,READ,315,0.495,2.184,2.679,20.488
r01,r01_OFF,OFF,native,READ,316,0.522,1.172,1.694,20.488
r01,r01_OFF,OFF,native,READ,317,0.559,4.662,5.221,20.52
r01,r01_OFF,OFF,native,READ,318,0.453,4.185,4.638,20.492
r01,r01_OFF,OFF,native,SELECT,319,1.538,2.613,4.151,20.626
r01,r01_OFF,OFF,native,OPERATE,320,1.504,5.084,6.588,0.298
r01,r01_OFF,OFF,native,READ,321,0.507,3.143,3.65,20.545
r01,r01_OFF,OFF,native,READ,322,0.571,3.887,4.458,20.5
r01,r01_OFF,OFF,native,READ,323,0.575,4.034,4.609,20.448
r01,r01_OFF,OFF,native,READ,324,0.508,3.99,4.498,20.485
r01,r01_OFF,OFF,native,READ,325,0.54,1.099,1.639,20.489
r01,r01_OFF,OFF,native,READ,326,0.599,1.092,1.691,20.495
r01,r01_OFF,OFF,native,READ,327,1.516,1.108,2.624,20.532
r01,r01_OFF,OFF,native,SELECT,328,4.367,1.094,5.461,20.607
r01,r01_OFF,OFF,native,OPERATE,329,1.6,1.814,3.414,0.399
r01,r01_OFF,OFF,native,READ,330,0.561,2.099,2.66,20.538
r01,r01_OFF,OFF,native,READ,331,0.492,1.172,1.664,20.514
r01,r01_OFF,OFF,native,READ,332,0.569,1.088,1.657,20.486
r01,r01_OFF,OFF,native,READ,333,0.482,2.196,2.678,20.497
r01,r01_OFF,OFF,native,READ,334,0.571,1.088,1.659,20.487
r01,r01_OFF,OFF,native,READ,335,0.571,2.938,3.509,20.49
r01,r01_OFF,OFF,native,READ,336,0.545,1.098,1.643,20.495
r01,r01_OFF,OFF,native,SELECT,337,0.575,2.257,2.832,20.612
r01,r01_OFF,OFF,native,OPERATE,338,0.575,4.083,4.658,0.351
r01,r01_OFF,OFF,native,READ,339,0.53,1.1,1.63,20.535
r01,r01_OFF,OFF,native,READ,340,1.623,5.129,6.752,20.492
r01,r01_OFF,OFF,native,READ,341,0.494,3.841,4.335,20.498
r01,r01_OFF,OFF,native,READ,342,0.568,3.948,4.516,20.488
r01,r01_OFF,OFF,native,READ,343,4.021,5.469,9.49,20.486
r01,r01_OFF,OFF,native,READ,344,0.573,4.165,4.738,20.44
r01,r01_OFF,OFF,native,SELECT,345,0.567,3.587,4.154,20.632
r01,r01_OFF,OFF,native,OPERATE,346,0.501,6.008,6.509,0.351
r01,r01_OFF,OFF,native,READ,347,0.453,2.17,2.623,20.539
r01,r01_OFF,OFF,native,READ,348,0.5,2.162,2.662,20.437
r01,r01_OFF,OFF,native,READ,349,0.533,1.187,1.72,20.488
r01,r01_OFF,OFF,native,READ,350,0.541,2.098,2.639,20.521
r01,r01_OFF,OFF,native,READ,351,0.53,1.089,1.619,20.501
r01,r01_OFF,OFF,native,SELECT,352,0.501,1.101,1.602,20.687
r01,r01_OFF,OFF,native,OPERATE,353,1.193,1.844,3.037,0.351
r01,r01_OFF,OFF,native,READ,354,0.541,2.139,2.68,20.562
r01,r01_OFF,OFF,native,READ,355,0.569,1.103,1.672,20.493
r01,r01_OFF,OFF,native,READ,356,0.548,1.081,1.629,20.497
r01,r01_OFF,OFF,native,READ,357,1.487,1.139,2.626,20.466
r01,r01_OFF,OFF,native,READ,358,1.211,1.107,2.318,20.464
r01,r01_OFF,OFF,native,READ,359,1.564,1.103,2.667,20.479
r01,r01_OFF,OFF,native,READ,360,0.555,1.265,1.82,20.382
r01,r01_OFF,OFF,native,SELECT,361,0.506,2.08,2.586,20.562
r01,r01_OFF,OFF,native,OPERATE,362,0.445,2.995,3.44,0.308
r01,r01_OFF,OFF,native,READ,363,0.525,1.189,1.714,20.502
r01,r01_OFF,OFF,native,READ,364,0.58,10.829,11.409,20.461
r01,r01_OFF,OFF,native,READ,365,0.658,9.121,9.779,20.379
r01,r01_OFF,OFF,native,READ,366,0.572,7.962,8.534,20.447
r01,r01_OFF,OFF,native,READ,367,3.994,10.509,14.503,20.468
r01,r01_OFF,OFF,native,READ,368,0.506,9.953,10.459,20.452
r01,r01_OFF,OFF,native,READ,369,0.684,3.924,4.608,20.377
r01,r01_OFF,OFF,native,READ,370,0.576,4.031,4.607,20.456
r01,r01_OFF,OFF,native,SELECT,371,0.467,3.859,4.326,20.566
r01,r01_OFF,OFF,native,OPERATE,372,0.57,4.986,5.556,0.308
r01,r01_OFF,OFF,native,READ,373,0.482,3.232,3.714,20.515
r01,r01_OFF,OFF,native,READ,374,0.494,1.703,2.197,20.459
r01,r01_OFF,OFF,native,READ,375,0.554,2.061,2.615,20.473
r01,r01_OFF,OFF,native,READ,376,0.525,1.143,1.668,20.456
r01,r01_OFF,OFF,native,READ,377,0.476,2.187,2.663,20.566
r01,r01_OFF,OFF,native,READ,378,0.495,1.222,1.717,20.511
r01,r01_OFF,OFF,native,READ,379,0.538,2.169,2.707,20.504
r01,r01_OFF,OFF,native,SELECT,380,0.531,16.286,16.817,20.645
r01,r01_OFF,OFF,native,OPERATE,381,0.51,7.939,8.449,0.305
r01,r01_OFF,OFF,native,READ,382,0.508,2.571,3.079,20.547
r01,r01_OFF,OFF,native,READ,383,1.682,1.106,2.788,20.508
r01,r01_OFF,OFF,native,READ,384,0.507,3.606,4.113,20.495
r01,r01_OFF,OFF,native,READ,385,0.565,3.874,4.439,20.526
r01,r01_OFF,OFF,native,READ,386,0.565,3.953,4.518,20.515
r01,r01_OFF,OFF,native,READ,387,0.557,3.935,4.492,20.52
r01,r01_OFF,OFF,native,READ,388,0.56,4.044,4.604,20.515
r01,r01_OFF,OFF,native,READ,389,3.768,5.362,9.13,20.477
r01,r01_OFF,OFF,native,SELECT,390,0.583,3.911,4.494,20.606
r01,r01_OFF,OFF,native,OPERATE,391,0.453,4.834,5.287,0.366
r01,r01_OFF,OFF,native,READ,392,1.526,1.064,2.59,20.569
r01,r01_OFF,OFF,native,READ,393,0.484,1.174,1.658,20.447
r01,r01_OFF,OFF,native,READ,394,2.297,1.117,3.414,20.51
r01,r01_OFF,OFF,native,READ,395,0.498,1.168,1.666,20.497
r01,r01_OFF,OFF,native,READ,396,0.48,2.302,2.782,20.505
r01,r01_OFF,OFF,native,READ,397,0.564,1.094,1.658,20.497
r01,r01_OFF,OFF,native,READ,398,0.517,2.223,2.74,20.523
r01,r01_OFF,OFF,native,READ,399,0.502,1.167,1.669,20.42
r01,r01_OFF,OFF,native,SELECT,400,0.709,2.002,2.711,20.608
r01,r01_OFF,OFF,native,OPERATE,401,0.441,1.934,2.375,0.357
r01,r01_OFF,OFF,native,READ,402,1.477,1.105,2.582,20.628
r01,r01_OFF,OFF,native,READ,403,0.557,1.108,1.665,20.46
r01,r01_OFF,OFF,native,READ,404,3.653,1.199,4.852,20.501
r01,r01_OFF,OFF,native,READ,405,0.559,2.116,2.675,20.503
r01,r01_OFF,OFF,native,READ,406,0.49,1.303,1.793,20.501
r01,r01_OFF,OFF,native,SELECT,407,0.511,3.699,4.21,20.624
r01,r01_OFF,OFF,native,OPERATE,408,0.457,6.054,6.511,0.355
r01,r01_OFF,OFF,native,READ,409,0.456,11.738,12.194,20.544
r01,r01_OFF,OFF,native,READ,410,0.579,4.93,5.509,20.532
r01,r01_OFF,OFF,native,READ,411,0.568,3.878,4.446,20.537
r01,r01_OFF,OFF,native,READ,412,0.496,3.897,4.393,20.504
r01,r01_OFF,OFF,native,READ,413,3.515,5.5,9.015,20.519
r01,r01_OFF,OFF,native,READ,414,0.515,1.149,1.664,20.492
r01,r01_OFF,OFF,native,SELECT,415,0.529,2.058,2.587,20.647
r01,r01_OFF,OFF,native,OPERATE,416,0.495,2.98,3.475,0.371
r01,r01_OFF,OFF,native,READ,417,0.56,1.096,1.656,20.551
r01,r01_OFF,OFF,native,READ,418,0.563,6.281,6.844,20.528
r01,r01_OFF,OFF,native,READ,419,0.564,1.039,1.603,20.511
r01,r01_OFF,OFF,native,READ,420,0.495,1.159,1.654,20.497
r01,r01_OFF,OFF,native,READ,421,0.616,2.094,2.71,20.491
r01,r01_OFF,OFF,native,READ,422,0.552,1.109,1.661,20.506
r01,r01_OFF,OFF,native,READ,423,0.56,2.059,2.619,20.435
r01,r01_OFF,OFF,native,READ,424,0.498,1.162,1.66,20.516
r01,r01_OFF,OFF,native,SELECT,425,0.487,1.112,1.599,20.608
r01,r01_OFF,OFF,native,OPERATE,426,1.189,1.893,3.082,0.353
r01,r01_OFF,OFF,native,READ,427,0.507,2.114,2.621,20.613
r01,r01_OFF,OFF,native,READ,428,0.621,5.612,6.233,20.441
r01,r01_OFF,OFF,native,READ,429,0.543,2.114,2.657,20.534
r01,r01_OFF,OFF,native,READ,430,0.573,1.586,2.159,20.505
r01,r01_OFF,OFF,native,READ,431,0.491,3.998,4.489,20.496
r01,r01_OFF,OFF,native,READ,432,0.546,3.953,4.499,20.52
r01,r01_OFF,OFF,native,SELECT,433,0.498,3.908,4.406,20.63
r01,r01_OFF,OFF,native,OPERATE,434,0.463,5.804,6.267,0.357
r01,r01_OFF,OFF,native,READ,435,0.512,2.302,2.814,20.56
r01,r01_OFF,OFF,native,READ,436,1.585,2.835,4.42,20.508
r01,r01_OFF,OFF,native,READ,437,0.456,4.077,4.533,20.424
r01,r01_OFF,OFF,native,READ,438,0.525,2.114,2.639,20.496
r01,r01_OFF,OFF,native,READ,439,0.558,1.1,1.658,20.521
r01,r01_OFF,OFF,native,READ,440,0.519,2.077,2.596,20.507
r01,r01_OFF,OFF,native,READ,441,0.563,1.141,1.704,20.521
r01,r01_OFF,OFF,native,READ,442,3.053,1.077,4.13,20.509
r01,r01_OFF,OFF,native,READ,443,0.556,1.099,1.655,20.504
r01,r01_OFF,OFF,native,SELECT,444,0.527,2.241,2.768,20.644
r01,r01_OFF,OFF,native,OPERATE,445,0.513,2.949,3.462,0.357
r01,r01_OFF,OFF,native,READ,446,0.52,1.12,1.64,20.547
r01,r01_OFF,OFF,native,READ,447,0.492,2.172,2.664,20.454
r01,r01_OFF,OFF,native,READ,448,0.528,1.099,1.627,20.503
r01,r01_OFF,OFF,native,READ,449,0.493,1.219,1.712,20.507
r01,r01_OFF,OFF,native,READ,450,0.509,2.088,2.597,20.499
r01,r01_OFF,OFF,native,READ,451,0.558,1.157,1.715,20.521
r01,r01_OFF,OFF,native,READ,452,3.289,1.154,4.443,20.569
r01,r01_OFF,OFF,native,READ,453,0.529,4.318,4.847,20.494
r01,r01_OFF,OFF,native,READ,454,0.497,4.022,4.519,20.523
r01,r01_OFF,OFF,native,SELECT,455,0.459,3.952,4.411,20.622
r01,r01_OFF,OFF,native,OPERATE,456,1.336,4.977,6.313,0.355
r01,r01_OFF,OFF,native,READ,457,1.279,2.741,4.02,20.469
r01,r01_OFF,OFF,native,READ,458,0.504,3.791,4.295,20.518
r01,r01_OFF,OFF,native,READ,459,0.572,3.87,4.442,20.52
r01,r01_OFF,OFF,native,READ,460,0.579,3.91,4.489,20.521
r01,r01_OFF,OFF,native,READ,461,0.569,1.092,1.661,20.505
r01,r01_OFF,OFF,native,READ,462,0.774,2.073,2.847,20.538
r01,r01_OFF,OFF,native,SELECT,463,0.481,1.102,1.583,20.617
r01,r01_OFF,OFF,native,OPERATE,464,0.56,2.795,3.355,0.353
r01,r01_OFF,OFF,native,READ,465,0.563,1.11,1.673,20.572
r01,r01_OFF,OFF,native,READ,466,0.517,2.093,2.61,20.429
r01,r01_OFF,OFF,native,READ,467,0.504,1.197,1.701,20.502
r01,r01_OFF,OFF,native,READ,468,0.446,1.149,1.595,20.501
r01,r01_OFF,OFF,native,READ,469,1.627,1.092,2.719,20.516
r01,r01_OFF,OFF,native,SELECT,470,0.506,1.059,1.565,20.608
r01,r01_OFF,OFF,native,OPERATE,471,1.582,1.854,3.436,0.386
r01,r01_OFF,OFF,native,READ,472,0.512,6.269,6.781,20.56
r01,r01_OFF,OFF,native,READ,473,0.568,1.104,1.672,20.43
r01,r01_OFF,OFF,native,READ,474,0.51,3.56,4.07,20.419
r01,r01_OFF,OFF,native,READ,475,0.57,3.551,4.121,20.558
r01,r01_OFF,OFF,native,READ,476,0.456,4.295,4.751,20.431
r01,r01_OFF,OFF,native,SELECT,477,0.503,3.726,4.229,20.714
r01,r01_OFF,OFF,native,OPERATE,478,0.549,4.818,5.367,0.354
r01,r01_OFF,OFF,native,READ,479,0.507,3.328,3.835,20.47
r01,r01_OFF,OFF,native,READ,480,0.556,3.916,4.472,20.486
r01,r01_OFF,OFF,native,READ,481,0.565,3.915,4.48,20.518
r01,r01_OFF,OFF,native,READ,482,0.577,4.045,4.622,20.517
r01,r01_OFF,OFF,native,READ,483,0.529,3.796,4.325,20.519
r01,r01_OFF,OFF,native,READ,484,0.553,1.092,1.645,20.555
r01,r01_OFF,OFF,native,READ,485,1.581,1.088,2.669,20.513
r01,r01_OFF,OFF,native,SELECT,486,0.531,1.039,1.57,20.612
r01,r01_OFF,OFF,native,OPERATE,487,1.581,1.856,3.437,0.356
r01,r01_OFF,OFF,native,READ,488,0.544,2.307,2.851,20.556
r01,r01_OFF,OFF,native,READ,489,0.491,1.177,1.668,20.507
r01,r01_OFF,OFF,native,READ,490,0.49,2.201,2.691,20.5
r01,r01_OFF,OFF,native,READ,491,0.592,1.106,1.698,20.491
r01,r01_OFF,OFF,native,READ,492,0.566,1.262,1.828,20.518
r01,r01_OFF,OFF,native,SELECT,493,1.526,0.968,2.494,20.62
r01,r01_OFF,OFF,native,OPERATE,494,0.566,2.899,3.465,0.309
r01,r01_OFF,OFF,native,READ,495,0.491,1.183,1.674,20.493
r01,r01_OFF,OFF,native,READ,496,0.565,2.058,2.623,20.499
r01,r01_OFF,OFF,native,READ,497,0.57,1.16,1.73,20.503
r01,r01_OFF,OFF,native,READ,498,0.493,1.155,1.648,20.518
r01,r01_OFF,OFF,native,READ,499,0.552,2.254,2.806,20.541
r01,r01_OFF,OFF,native,READ,500,0.574,4.388,4.962,20.502
r01,r01_OFF,OFF,native,SELECT,501,0.559,12.773,13.332,20.616
r01,r01_OFF,OFF,native,OPERATE,502,1.53,5.803,7.333,0.388
r01,r01_OFF,OFF,native,READ,503,0.501,3.167,3.668,20.573
r01,r01_OFF,OFF,native,READ,504,0.453,4.247,4.7,20.45
r01,r01_OFF,OFF,native,READ,505,0.569,3.858,4.427,20.5
r01,r01_OFF,OFF,native,READ,506,0.575,3.877,4.452,20.506
r01,r01_OFF,OFF,native,READ,507,0.489,4.15,4.639,20.504
r01,r01_OFF,OFF,native,READ,508,0.503,1.159,1.662,20.49
r01,r01_OFF,OFF,native,READ,509,0.565,2.115,2.68,20.496
r01,r01_OFF,OFF,native,SELECT,510,0.566,1.048,1.614,20.637
r01,r01_OFF,OFF,native,OPERATE,511,4.455,3.068,7.523,0.364
r01,r01_OFF,OFF,native,READ,512,0.565,1.097,1.662,20.547
r01,r01_OFF,OFF,native,READ,513,0.448,2.175,2.623,20.518
r01,r01_OFF,OFF,native,READ,514,0.494,1.225,1.719,20.507
r01,r01_OFF,OFF,native,READ,515,0.52,2.072,2.592,20.539
r01,r01_OFF,OFF,native,READ,516,0.573,1.112,1.685,20.507
r01,r01_OFF,OFF,native,READ,517,0.515,1.099,1.614,20.518
r01,r01_OFF,OFF,native,READ,518,1.532,1.103,2.635,20.514
r01,r01_OFF,OFF,native,SELECT,519,0.455,1.103,1.558,20.609
r01,r01_OFF,OFF,native,OPERATE,520,1.523,1.918,3.441,0.355
r01,r01_OFF,OFF,native,READ,521,2.548,1.222,3.77,20.506
r01,r01_OFF,OFF,native,READ,522,0.583,1.088,1.671,20.513
r01,r01_OFF,OFF,native,READ,523,0.527,2.291,2.818,20.551
r01,r01_OFF,OFF,native,READ,524,0.56,3.81,4.37,20.509
r01,r01_OFF,OFF,native,READ,525,0.562,3.88,4.442,20.531
r01,r01_OFF,OFF,native,READ,526,0.582,3.948,4.53,20.516
r01,r01_OFF,OFF,native,READ,527,0.568,3.863,4.431,20.584
r01,r01_OFF,OFF,native,READ,528,0.571,3.852,4.423,20.543
r01,r01_OFF,OFF,native,SELECT,529,0.55,8.323,8.873,20.63
r01,r01_OFF,OFF,native,OPERATE,530,0.503,11.107,11.61,0.356
r01,r01_OFF,OFF,native,READ,531,0.454,8.134,8.588,20.548
r01,r01_OFF,OFF,native,READ,532,0.456,4.013,4.469,20.497
r01,r01_OFF,OFF,native,READ,533,0.48,3.998,4.478,20.509
r01,r01_OFF,OFF,native,READ,534,2.018,2.259,4.277,20.5
r01,r01_OFF,OFF,native,READ,535,0.571,1.098,1.669,20.487
r01,r01_OFF,OFF,native,READ,536,0.513,1.175,1.688,20.497
r01,r01_OFF,OFF,native,READ,537,1.518,1.085,2.603,20.511
r01,r01_OFF,OFF,native,READ,538,0.754,1.309,2.063,20.52
r01,r01_OFF,OFF,native,READ,539,1.536,1.135,2.671,20.502
r01,r01_OFF,OFF,native,SELECT,540,0.475,1.027,1.502,20.612
r01,r01_OFF,OFF,native,OPERATE,541,1.569,1.848,3.417,0.346
r01,r01_OFF,OFF,native,READ,542,0.492,2.173,2.665,20.55
r01,r01_OFF,OFF,native,READ,543,0.582,1.093,1.675,20.515
r01,r01_OFF,OFF,native,READ,544,3.434,1.371,4.805,20.501
r01,r01_OFF,OFF,native,READ,545,0.516,3.805,4.321,20.517
r01,r01_OFF,OFF,native,READ,546,0.577,5.293,5.87,20.522
r01,r01_OFF,OFF,native,READ,547,1.543,2.867,4.41,20.507
r01,r01_OFF,OFF,native,SELECT,548,1.476,6.224,7.7,20.555
r01,r01_OFF,OFF,native,OPERATE,549,0.507,6.931,7.438,0.356
r01,r01_OFF,OFF,native,READ,550,0.578,4.293,4.871,20.551
r01,r01_OFF,OFF,native,READ,551,0.582,6.734,7.316,20.538
r01,r01_OFF,OFF,native,READ,552,0.578,3.856,4.434,20.559
r01,r01_OFF,OFF,native,READ,553,0.514,4.138,4.652,20.427
r01,r01_OFF,OFF,native,READ,554,0.491,4.032,4.523,20.528
r01,r01_OFF,OFF,native,SELECT,555,0.459,1.104,1.563,20.646
r01,r01_OFF,OFF,native,OPERATE,556,0.529,2.888,3.417,0.374
r01,r01_OFF,OFF,native,READ,557,0.533,1.12,1.653,20.559
r01,r01_OFF,OFF,native,READ,558,3.674,2.223,5.897,20.523
r01,r01_OFF,OFF,native,READ,559,0.45,1.217,1.667,20.503
r01,r01_OFF,OFF,native,READ,560,0.711,1.068,1.779,20.496
r01,r01_OFF,OFF,native,READ,561,1.462,1.165,2.627,20.52
r01,r01_OFF,OFF,native,READ,562,0.538,1.102,1.64,20.528
r01,r01_OFF,OFF,native,READ,563,0.569,2.124,2.693,20.51
r01,r01_OFF,OFF,native,READ,564,0.453,1.087,1.54,20.509
r01,r01_OFF,OFF,native,READ,565,0.567,2.052,2.619,20.508
r01,r01_OFF,OFF,native,SELECT,566,0.495,1.106,1.601,20.608
r01,r01_OFF,OFF,native,OPERATE,567,0.479,2.917,3.396,0.357
r01,r01_OFF,OFF,native,READ,568,3.799,5.838,9.637,20.529
r01,r01_OFF,OFF,native,READ,569,0.491,7.557,8.048,20.497
r01,r01_OFF,OFF,native,READ,570,0.528,5.467,5.995,20.481
r01,r01_OFF,OFF,native,READ,571,0.456,4.057,4.513,20.507
r01,r01_OFF,OFF,native,READ,572,0.456,4.009,4.465,20.522
r01,r01_OFF,OFF,native,READ,573,0.462,4.117,4.579,20.507
r01,r01_OFF,OFF,native,READ,574,0.452,3.905,4.357,20.524
r01,r01_OFF,OFF,native,SELECT,575,0.52,2.006,2.526,20.644
r01,r01_OFF,OFF,native,OPERATE,576,0.555,3.015,3.57,0.354
r01,r01_OFF,OFF,native,READ,577,0.688,1.182,1.87,20.628
r01,r01_OFF,OFF,native,READ,578,0.538,2.069,2.607,20.422
r01,r01_OFF,OFF,native,READ,579,0.552,1.268,1.82,20.508
r01,r01_OFF,OFF,native,READ,580,0.522,1.093,1.615,20.494
r01,r01_OFF,OFF,native,READ,581,1.545,1.098,2.643,20.522
r01,r01_OFF,OFF,native,READ,582,0.529,1.1,1.629,20.505
r01,r01_OFF,OFF,native,READ,583,0.564,2.27,2.834,20.52
r01,r01_OFF,OFF,native,SELECT,584,0.498,1.109,1.607,20.592
r01,r01_OFF,OFF,native,OPERATE,585,1.612,1.823,3.435,0.354
r01,r01_OFF,OFF,native,READ,586,0.492,2.194,2.686,20.558
r01,r01_OFF,OFF,native,READ,587,3.05,2.138,5.188,20.502
r01,r01_OFF,OFF,native,READ,588,0.524,1.138,1.662,20.502
r01,r01_OFF,OFF,native,READ,589,0.491,2.289,2.78,20.513
r01,r01_OFF,OFF,native,READ,590,0.565,3.877,4.442,20.532
r01,r01_OFF,OFF,native,SELECT,591,0.506,3.692,4.198,20.639
r01,r01_OFF,OFF,native,OPERATE,592,0.5,13.975,14.475,0.355
r01,r01_OFF,OFF,native,READ,593,0.576,3.531,4.107,20.547
r01,r01_OFF,OFF,native,READ,594,0.564,3.523,4.087,20.534
r01,r01_OFF,OFF,native,READ,595,0.454,4.051,4.505,20.497
r01,r01_OFF,OFF,native,READ,596,2.985,1.512,4.497,20.52
r01,r01_OFF,OFF,native,READ,597,0.574,3.98,4.554,20.423
r01,r01_OFF,OFF,native,SELECT,598,0.513,1.021,1.534,20.619
r01,r01_OFF,OFF,native,OPERATE,599,1.178,1.977,3.155,0.357
r01,r01_OFF,OFF,native,READ,600,0.492,2.162,2.654,20.547
r01,r01_OFF,OFF,native,READ,601,0.491,1.092,1.583,20.497
r01,r01_OFF,OFF,native,READ,602,0.57,2.32,2.89,20.505
r01,r01_OFF,OFF,native,READ,603,0.518,1.146,1.664,20.543
r01,r01_OFF,OFF,native,READ,604,0.567,1.098,1.665,20.502
r01,r01_OFF,OFF,native,READ,605,1.482,1.109,2.591,20.5
r01,r01_OFF,OFF,native,READ,606,1.187,1.119,2.306,20.508
r01,r01_OFF,OFF,native,READ,607,1.533,1.127,2.66,20.512
r01,r01_OFF,OFF,native,SELECT,608,0.458,1.34,1.798,20.613
r01,r01_OFF,OFF,native,OPERATE,609,1.427,1.851,3.278,0.375
r01,r01_OFF,OFF,native,READ,610,0.534,2.113,2.647,20.546
r01,r01_OFF,OFF,native,READ,611,0.504,1.168,1.672,20.538
r01,r01_OFF,OFF,native,READ,612,0.524,1.107,1.631,20.502
r01,r01_OFF,OFF,native,READ,613,1.562,1.108,2.67,20.515
r01,r01_OFF,OFF,native,READ,614,0.545,4.529,5.074,20.492
r01,r01_OFF,OFF,native,READ,615,0.512,3.843,4.355,20.529
r01,r01_OFF,OFF,native,READ,616,0.51,3.987,4.497,20.499
r01,r01_OFF,OFF,native,READ,617,0.502,9.205,9.707,20.478
r01,r01_OFF,OFF,native,READ,618,0.57,3.954,4.524,20.503
r01,r01_OFF,OFF,native,SELECT,619,0.556,3.56,4.116,20.607
r01,r01_OFF,OFF,native,OPERATE,620,1.589,4.766,6.355,0.354
r01,r01_OFF,OFF,native,READ,621,0.575,3.262,3.837,20.419
r01,r01_OFF,OFF,native,READ,622,0.523,1.173,1.696,20.555
r01,r01_OFF,OFF,native,READ,623,0.618,1.099,1.717,20.521
r01,r01_OFF,OFF,native,READ,624,0.518,2.076,2.594,20.515
r01,r01_OFF,OFF,native,READ,625,4.455,1.111,5.566,20.48
r01,r01_OFF,OFF,native,READ,626,0.491,2.112,2.603,20.506
r01,r01_OFF,OFF,native,READ,627,0.489,1.37,1.859,20.568
r01,r01_OFF,OFF,native,READ,628,0.542,1.12,1.662,20.539
r01,r01_OFF,OFF,native,READ,629,1.582,1.091,2.673,20.504
r01,r01_OFF,OFF,native,SELECT,630,0.53,1.047,1.577,20.618
r01,r01_OFF,OFF,native,OPERATE,631,1.536,1.898,3.434,0.354
r01,r01_OFF,OFF,native,READ,632,0.544,2.124,2.668,20.559
r01,r01_OFF,OFF,native,READ,633,0.497,1.101,1.598,20.488
r01,r01_OFF,OFF,native,READ,634,0.563,1.101,1.664,20.45
r01,r01_OFF,OFF,native,READ,635,4.071,2.205,6.276,20.491
r01,r01_OFF,OFF,native,READ,636,0.581,4.306,4.887,20.5
r01,r01_OFF,OFF,native,READ,637,0.575,3.907,4.482,20.503
r01,r01_OFF,OFF,native,SELECT,638,0.563,3.879,4.442,20.633
r01,r01_OFF,OFF,native,OPERATE,639,0.494,4.15,4.644,0.358
r01,r01_OFF,OFF,native,READ,640,3.056,5.326,8.382,20.584
r01,r01_OFF,OFF,native,READ,641,0.571,4.142,4.713,20.515
r01,r01_OFF,OFF,native,READ,642,0.557,3.705,4.262,20.498
r01,r01_OFF,OFF,native,READ,643,0.503,4.048,4.551,20.419
r01,r01_OFF,OFF,native,READ,644,3.321,1.108,4.429,20.503
r01,r01_OFF,OFF,native,SELECT,645,0.497,1.099,1.596,20.628
r01,r01_OFF,OFF,native,OPERATE,646,1.363,1.888,3.251,0.378
r01,r01_OFF,OFF,native,READ,647,0.473,2.156,2.629,20.469
r01,r01_OFF,OFF,native,READ,648,0.453,1.202,1.655,20.499
r01,r01_OFF,OFF,native,READ,649,0.487,1.172,1.659,20.519
r01,r01_OFF,OFF,native,READ,650,1.579,1.105,2.684,20.501
r01,r01_OFF,OFF,native,READ,651,0.551,1.106,1.657,20.535
r01,r01_OFF,OFF,native,SELECT,652,0.572,2.004,2.576,20.67
r01,r01_OFF,OFF,native,OPERATE,653,0.571,3.052,3.623,0.355
r01,r01_OFF,OFF,native,READ,654,0.574,1.097,1.671,20.495
r01,r01_OFF,OFF,native,READ,655,0.597,2.119,2.716,20.501
r01,r01_OFF,OFF,native,READ,656,0.511,1.176,1.687,20.508
r01,r01_OFF,OFF,native,READ,657,0.679,1.096,1.775,20.448
r01,r01_OFF,OFF,native,READ,658,0.537,3.368,3.905,20.514
r01,r01_OFF,OFF,native,READ,659,0.55,2.059,2.609,20.512
r01,r01_OFF,OFF,native,READ,660,0.472,6.0,6.472,20.448
r01,r01_OFF,OFF,native,READ,661,0.523,3.872,4.395,20.535
r01,r01_OFF,OFF,native,SELECT,662,0.514,3.727,4.241,20.629
r01,r01_OFF,OFF,native,OPERATE,663,0.573,5.935,6.508,0.353
r01,r01_OFF,OFF,native,READ,664,0.491,2.34,2.831,20.548
r01,r01_OFF,OFF,native,READ,665,1.573,3.937,5.51,20.524
r01,r01_OFF,OFF,native,READ,666,0.723,2.7,3.423,20.511
r01,r01_OFF,OFF,native,READ,667,1.566,2.836,4.402,20.529
r01,r01_OFF,OFF,native,READ,668,1.548,1.102,2.65,20.53
r01,r01_OFF,OFF,native,SELECT,669,0.505,1.087,1.592,20.593
r01,r01_OFF,OFF,native,OPERATE,670,1.554,1.92,3.474,0.384
r01,r01_OFF,OFF,native,READ,671,0.472,2.177,2.649,20.527
r01,r01_OFF,OFF,native,READ,672,0.569,1.105,1.674,20.516
r01,r01_OFF,OFF,native,READ,673,0.552,1.103,1.655,20.498
r01,r01_OFF,OFF,native,READ,674,1.566,5.402,6.968,20.482
r01,r01_OFF,OFF,native,READ,675,0.512,1.103,1.615,20.508
r01,r01_OFF,OFF,native,SELECT,676,0.563,2.201,2.764,20.647
r01,r01_OFF,OFF,native,OPERATE,677,0.574,2.875,3.449,0.356
r01,r01_OFF,OFF,native,READ,678,0.499,1.122,1.621,20.619
r01,r01_OFF,OFF,native,READ,679,0.49,2.163,2.653,20.502
r01,r01_OFF,OFF,native,READ,680,0.469,1.098,1.567,20.529
r01,r01_OFF,OFF,native,READ,681,0.566,1.09,1.656,20.515
r01,r01_OFF,OFF,native,READ,682,0.609,2.106,2.715,20.505
r01,r01_OFF,OFF,native,SELECT,683,0.561,1.002,1.563,20.616
r01,r01_OFF,OFF,native,OPERATE,684,1.562,5.979,7.541,0.331
r01,r01_OFF,OFF,native,READ,685,0.525,3.117,3.642,20.515
r01,r01_OFF,OFF,native,READ,686,0.542,3.953,4.495,20.512
r01,r01_OFF,OFF,native,READ,687,0.543,3.937,4.48,20.495
r01,r01_OFF,OFF,native,READ,688,0.575,3.9,4.475,20.518
r01,r01_OFF,OFF,native,READ,689,2.443,2.322,4.765,20.494
r01,r01_OFF,OFF,native,SELECT,690,0.508,3.864,4.372,20.604
r01,r01_OFF,OFF,native,OPERATE,691,0.535,4.302,4.837,0.352
r01,r01_OFF,OFF,native,READ,692,0.53,2.919,3.449,20.579
r01,r01_OFF,OFF,native,READ,693,0.538,1.1,1.638,20.524
r01,r01_OFF,OFF,native,READ,694,0.572,7.225,7.797,20.496
r01,r01_OFF,OFF,native,READ,695,0.562,1.097,1.659,20.515
r01,r01_OFF,OFF,native,READ,696,1.674,1.094,2.768,20.498
r01,r01_OFF,OFF,native,READ,697,0.523,1.075,1.598,20.508
r01,r01_OFF,OFF,native,READ,698,0.612,2.117,2.729,20.524
r01,r01_OFF,OFF,native,SELECT,699,0.572,3.437,4.009,20.605
r01,r01_OFF,OFF,native,OPERATE,700,0.487,4.733,5.22,0.356
r01,r01_OFF,OFF,native,READ,701,0.535,3.113,3.648,20.548
r01,r01_OFF,OFF,native,READ,702,0.491,3.929,4.42,20.565
r01,r01_OFF,OFF,native,READ,703,0.492,1.171,1.663,20.497
r01,r01_OFF,OFF,native,READ,704,0.483,2.193,2.676,20.496
r01,r01_OFF,OFF,native,READ,705,0.501,2.468,2.969,20.483
r01,r01_OFF,OFF,native,READ,706,1.478,1.105,2.583,20.429
r01,r01_OFF,OFF,native,READ,707,0.5,1.66,2.16,20.518
r01,r01_OFF,OFF,native,READ,708,0.524,15.06,15.584,20.504
r01,r01_OFF,OFF,native,READ,709,0.586,4.119,4.705,20.498
r01,r01_OFF,OFF,native,SELECT,710,0.576,3.11,3.686,20.605
r01,r01_OFF,OFF,native,OPERATE,711,0.497,4.347,4.844,0.353
r01,r01_OFF,OFF,native,READ,712,0.502,3.202,3.704,20.463
r01,r01_OFF,OFF,native,READ,713,0.504,3.975,4.479,20.533
r01,r01_OFF,OFF,native,READ,714,0.571,8.877,9.448,20.513
r01,r01_OFF,OFF,native,READ,715,0.555,3.916,4.471,20.521
r01,r01_OFF,OFF,native,READ,716,0.521,8.52,9.041,20.504
r01,r01_OFF,OFF,native,SELECT,717,0.472,4.231,4.703,20.611
r01,r01_OFF,OFF,native,OPERATE,718,1.533,2.045,3.578,0.351
r01,r01_OFF,OFF,native,READ,719,0.517,2.079,2.596,20.538
r01,r01_OFF,OFF,native,READ,720,0.494,1.32,1.814,20.505
r01,r01_OFF,OFF,native,READ,721,0.527,1.1,1.627,20.425
r01,r01_OFF,OFF,native,READ,722,1.701,1.166,2.867,20.515
r01,r01_OFF,OFF,native,READ,723,0.493,1.092,1.585,20.504
r01,r01_OFF,OFF,native,READ,724,0.489,2.336,2.825,20.451
r01,r01_OFF,OFF,native,SELECT,725,0.556,1.043,1.599,20.636
r01,r01_OFF,OFF,native,OPERATE,726,1.615,1.834,3.449,0.371
r01,r01_OFF,OFF,native,READ,727,0.554,2.109,2.663,20.591
r01,r01_OFF,OFF,native,READ,728,0.524,1.149,1.673,20.515
r01,r01_OFF,OFF,native,READ,729,0.575,3.215,3.79,20.508
r01,r01_OFF,OFF,native,READ,730,0.495,4.209,4.704,20.494
r01,r01_OFF,OFF,native,READ,731,0.495,3.847,4.342,20.534
r01,r01_OFF,OFF,native,SELECT,732,0.566,3.842,4.408,20.622
r01,r01_OFF,OFF,native,OPERATE,733,0.575,4.008,4.583,0.348
r01,r01_OFF,OFF,native,READ,734,0.524,3.169,3.693,20.535
r01,r01_OFF,OFF,native,READ,735,0.574,4.004,4.578,20.508
r01,r01_OFF,OFF,native,READ,736,0.495,3.92,4.415,20.497
r01,r01_OFF,OFF,native,READ,737,0.57,3.75,4.32,20.494
r01,r01_OFF,OFF,native,READ,738,0.511,4.347,4.858,20.482
r01,r01_OFF,OFF,native,READ,739,0.583,1.076,1.659,20.51
r01,r01_OFF,OFF,native,SELECT,740,0.574,2.078,2.652,20.608
r01,r01_OFF,OFF,native,OPERATE,741,0.565,2.827,3.392,0.35
r01,r01_OFF,OFF,native,READ,742,4.545,1.104,5.649,20.55
r01,r01_OFF,OFF,native,READ,743,0.496,1.176,1.672,20.503
r01,r01_OFF,OFF,native,READ,744,0.552,2.254,2.806,20.488
r01,r01_OFF,OFF,native,READ,745,0.546,1.104,1.65,20.508
r01,r01_OFF,OFF,native,READ,746,0.536,2.169,2.705,20.519
r01,r01_OFF,OFF,native,READ,747,0.563,1.028,1.591,20.496
r01,r01_OFF,OFF,native,SELECT,748,0.488,2.021,2.509,20.559
r01,r01_OFF,OFF,native,OPERATE,749,0.508,1.934,2.442,0.351
r01,r01_OFF,OFF,native,READ,750,0.548,2.07,2.618,20.549
r01,r01_OFF,OFF,native,READ,751,0.564,1.103,1.667,20.491
r01,r01_OFF,OFF,native,READ,752,3.124,1.268,4.392,20.55
r01,r01_OFF,OFF,native,READ,753,0.558,4.238,4.796,20.494
r01,r01_OFF,OFF,native,READ,754,0.57,3.901,4.471,20.536
r01,r01_OFF,OFF,native,READ,755,0.567,4.039,4.606,20.509
r01,r01_OFF,OFF,native,READ,756,0.566,14.052,14.618,20.493
r01,r01_OFF,OFF,native,READ,757,0.573,4.795,5.368,20.501
r01,r01_OFF,OFF,native,READ,758,0.555,3.832,4.387,20.521
r01,r01_OFF,OFF,native,SELECT,759,0.561,1.035,1.596,20.622
r01,r01_OFF,OFF,native,OPERATE,760,1.493,1.835,3.328,0.37
r01,r01_OFF,OFF,native,READ,761,1.029,2.234,3.263,20.534
r01,r01_OFF,OFF,native,READ,762,0.496,1.17,1.666,20.501
r01,r01_OFF,OFF,native,READ,763,0.526,2.296,2.822,20.489
r01,r01_OFF,OFF,native,READ,764,0.532,1.104,1.636,20.494
r01,r01_OFF,OFF,native,READ,765,0.572,1.093,1.665,20.526
r01,r01_OFF,OFF,native,READ,766,0.521,2.109,2.63,20.507
r01,r01_OFF,OFF,native,READ,767,0.553,1.093,1.646,20.498
r01,r01_OFF,OFF,native,READ,768,0.458,2.143,2.601,20.502
r01,r01_OFF,OFF,native,SELECT,769,0.495,1.095,1.59,20.637
r01,r01_OFF,OFF,native,OPERATE,770,0.485,2.932,3.417,0.366
r01,r01_OFF,OFF,native,READ,771,3.35,1.16,4.51,20.582
r01,r01_OFF,OFF,native,READ,772,0.564,1.102,1.666,20.51
r01,r01_OFF,OFF,native,READ,773,0.53,2.305,2.835,20.505
r01,r01_OFF,OFF,native,READ,774,0.564,1.023,1.587,20.495
r01,r01_OFF,OFF,native,READ,775,0.51,2.436,2.946,20.436
r01,r01_OFF,OFF,native,READ,776,0.53,3.976,4.506,20.52
r01,r01_OFF,OFF,native,READ,777,0.528,3.906,4.434,20.574
r01,r01_OFF,OFF,native,READ,778,0.529,4.036,4.565,20.518
r01,r01_OFF,OFF,native,READ,779,0.517,3.876,4.393,20.505
r02,r02_A1,A1,obfuscated,READ,0,20.102,3.995,24.097,
r02,r02_A1,A1,obfuscated,READ,1,20.081,4.026,24.107,20.525
r02,r02_A1,A1,obfuscated,READ,2,20.093,4.0,24.093,20.505
r02,r02_A1,A1,obfuscated,READ,3,20.117,3.971,24.088,20.474
r02,r02_A1,A1,obfuscated,READ,4,20.091,4.021,24.112,20.536
r02,r02_A1,A1,obfuscated,READ,5,20.112,3.998,24.11,20.504
r02,r02_A1,A1,obfuscated,READ,6,20.107,4.003,24.11,20.527
r02,r02_A1,A1,obfuscated,READ,7,20.107,4.017,24.124,20.495
r02,r02_A1,A1,obfuscated,SELECT,8,20.102,3.979,24.081,20.609
r02,r02_A1,A1,obfuscated,OPERATE,9,20.102,3.934,24.036,0.398
r02,r02_A1,A1,obfuscated,READ,10,20.101,4.003,24.104,20.51
r02,r02_A1,A1,obfuscated,READ,11,20.107,4.003,24.11,20.534
r02,r02_A1,A1,obfuscated,READ,12,20.099,4.019,24.118,20.502
r02,r02_A1,A1,obfuscated,READ,13,20.112,3.999,24.111,20.518
r02,r02_A1,A1,obfuscated,READ,14,20.09,4.017,24.107,20.503
r02,r02_A1,A1,obfuscated,READ,15,20.108,3.997,24.105,20.495
r02,r02_A1,A1,obfuscated,READ,16,20.102,3.994,24.096,20.481
r02,r02_A1,A1,obfuscated,READ,17,20.1,4.014,24.114,20.527
r02,r02_A1,A1,obfuscated,SELECT,18,20.106,4.008,24.114,20.612
r02,r02_A1,A1,obfuscated,OPERATE,19,20.095,4.011,24.106,0.381
r02,r02_A1,A1,obfuscated,READ,20,20.1,3.995,24.095,20.553
r02,r02_A1,A1,obfuscated,READ,21,20.106,4.0,24.106,20.504
r02,r02_A1,A1,obfuscated,READ,22,20.091,3.95,24.041,20.501
r02,r02_A1,A1,obfuscated,READ,23,20.092,4.022,24.114,20.495
r02,r02_A1,A1,obfuscated,READ,24,20.089,4.019,24.108,20.43
r02,r02_A1,A1,obfuscated,READ,25,20.082,4.026,24.108,20.579
r02,r02_A1,A1,obfuscated,READ,26,20.106,4.008,24.114,20.508
r02,r02_A1,A1,obfuscated,READ,27,20.088,4.022,24.11,20.5
r02,r02_A1,A1,obfuscated,READ,28,20.106,3.989,24.095,20.499
r02,r02_A1,A1,obfuscated,SELECT,29,20.106,3.93,24.036,20.618
r02,r02_A1,A1,obfuscated,OPERATE,30,20.11,3.998,24.108,0.354
r02,r02_A1,A1,obfuscated,READ,31,20.085,4.02,24.105,20.551
r02,r02_A1,A1,obfuscated,READ,32,20.086,4.029,24.115,20.537
r02,r02_A1,A1,obfuscated,READ,33,20.11,4.006,24.116,20.5
r02,r02_A1,A1,obfuscated,READ,34,20.108,3.999,24.107,20.513
r02,r02_A1,A1,obfuscated,READ,35,20.088,4.001,24.089,20.507
r02,r02_A1,A1,obfuscated,READ,36,20.088,4.018,24.106,20.497
r02,r02_A1,A1,obfuscated,READ,37,20.091,4.018,24.109,20.488
r02,r02_A1,A1,obfuscated,READ,38,20.112,3.997,24.109,20.507
r02,r02_A1,A1,obfuscated,READ,39,20.097,4.009,24.106,20.526
r02,r02_A1,A1,obfuscated,SELECT,40,20.09,4.023,24.113,20.657
r02,r02_A1,A1,obfuscated,OPERATE,41,20.118,3.988,24.106,0.366
r02,r02_A1,A1,obfuscated,READ,42,20.105,4.001,24.106,20.603
r02,r02_A1,A1,obfuscated,READ,43,20.098,4.011,24.109,20.434
r02,r02_A1,A1,obfuscated,READ,44,20.112,3.993,24.105,20.508
r02,r02_A1,A1,obfuscated,READ,45,20.091,4.019,24.11,20.513
r02,r02_A1,A1,obfuscated,READ,46,20.108,4.002,24.11,20.507
r02,r02_A1,A1,obfuscated,READ,47,20.117,3.977,24.094,20.541
r02,r02_A1,A1,obfuscated,READ,48,20.088,3.999,24.087,20.523
r02,r02_A1,A1,obfuscated,READ,49,20.044,4.065,24.109,20.448
r02,r02_A1,A1,obfuscated,SELECT,50,20.092,4.013,24.105,20.632
r02,r02_A1,A1,obfuscated,OPERATE,51,20.113,3.997,24.11,0.364
r02,r02_A1,A1,obfuscated,READ,52,20.088,4.024,24.112,20.569
r02,r02_A1,A1,obfuscated,READ,53,20.096,4.019,24.115,20.542
r02,r02_A1,A1,obfuscated,READ,54,20.108,4.004,24.112,20.517
r02,r02_A1,A1,obfuscated,READ,55,20.093,4.013,24.106,20.529
r02,r02_A1,A1,obfuscated,READ,56,20.09,4.012,24.102,20.518
r02,r02_A1,A1,obfuscated,SELECT,57,20.106,4.001,24.107,20.619
r02,r02_A1,A1,obfuscated,OPERATE,58,20.114,3.998,24.112,0.383
r02,r02_A1,A1,obfuscated,READ,59,20.094,4.013,24.107,20.54
r02,r02_A1,A1,obfuscated,READ,60,20.105,4.014,24.119,20.507
r02,r02_A1,A1,obfuscated,READ,61,20.039,4.068,24.107,20.534
r02,r02_A1,A1,obfuscated,READ,62,20.106,3.997,24.103,20.486
r02,r02_A1,A1,obfuscated,READ,63,20.09,3.992,24.082,20.523
r02,r02_A1,A1,obfuscated,READ,64,20.098,3.994,24.092,20.503
r02,r02_A1,A1,obfuscated,READ,65,20.109,3.999,24.108,20.514
r02,r02_A1,A1,obfuscated,READ,66,20.095,4.019,24.114,20.507
r02,r02_A1,A1,obfuscated,SELECT,67,20.112,4.002,24.114,20.625
r02,r02_A1,A1,obfuscated,OPERATE,68,20.107,3.977,24.084,0.351
r02,r02_A1,A1,obfuscated,READ,69,20.09,4.009,24.099,20.572
r02,r02_A1,A1,obfuscated,READ,70,20.11,4.0,24.11,20.511
r02,r02_A1,A1,obfuscated,READ,71,20.089,4.018,24.107,20.504
r02,r02_A1,A1,obfuscated,READ,72,20.112,3.978,24.09,20.495
r02,r02_A1,A1,obfuscated,READ,73,20.093,4.024,24.117,20.512
r02,r02_A1,A1,obfuscated,READ,74,20.038,4.054,24.092,20.543
r02,r02_A1,A1,obfuscated,SELECT,75,20.108,3.996,24.104,20.591
r02,r02_A1,A1,obfuscated,OPERATE,76,20.11,4.006,24.116,0.379
r02,r02_A1,A1,obfuscated,READ,77,20.085,4.007,24.092,20.553
r02,r02_A1,A1,obfuscated,READ,78,20.111,4.001,24.112,20.509
r02,r02_A1,A1,obfuscated,READ,79,20.089,4.019,24.108,20.511
r02,r02_A1,A1,obfuscated,READ,80,20.112,4.004,24.116,20.507
r02,r02_A1,A1,obfuscated,READ,81,20.097,4.023,24.12,20.449
r02,r02_A1,A1,obfuscated,READ,82,20.092,4.009,24.101,20.524
r02,r02_A1,A1,obfuscated,READ,83,20.108,4.006,24.114,20.512
r02,r02_A1,A1,obfuscated,SELECT,84,20.092,4.019,24.111,20.616
r02,r02_A1,A1,obfuscated,OPERATE,85,20.109,3.999,24.108,0.361
r02,r02_A1,A1,obfuscated,READ,86,20.108,4.001,24.109,20.557
r02,r02_A1,A1,obfuscated,READ,87,20.087,4.0,24.087,20.536
r02,r02_A1,A1,obfuscated,READ,88,20.098,4.013,24.111,20.457
r02,r02_A1,A1,obfuscated,READ,89,20.087,4.019,24.106,20.527
r02,r02_A1,A1,obfuscated,READ,90,20.103,3.999,24.102,20.533
r02,r02_A1,A1,obfuscated,SELECT,91,20.107,4.002,24.109,20.613
r02,r02_A1,A1,obfuscated,OPERATE,92,20.118,3.965,24.083,0.4
r02,r02_A1,A1,obfuscated,READ,93,20.108,3.999,24.107,20.553
r02,r02_A1,A1,obfuscated,READ,94,20.109,3.998,24.107,20.522
r02,r02_A1,A1,obfuscated,READ,95,20.09,4.022,24.112,20.536
r02,r02_A1,A1,obfuscated,READ,96,20.107,4.003,24.11,20.516
r02,r02_A1,A1,obfuscated,READ,97,20.102,4.012,24.114,20.551
r02,r02_A1,A1,obfuscated,READ,98,20.1,4.005,24.105,20.532
r02,r02_A1,A1,obfuscated,SELECT,99,20.107,4.003,24.11,20.618
r02,r02_A1,A1,obfuscated,OPERATE,100,20.041,4.076,24.117,0.387
r02,r02_A1,A1,obfuscated,READ,101,20.101,4.019,24.12,20.631
r02,r02_A1,A1,obfuscated,READ,102,20.11,4.006,24.116,20.518
r02,r02_A1,A1,obfuscated,READ,103,20.084,4.004,24.088,20.502
r02,r02_A1,A1,obfuscated,READ,104,20.103,4.004,24.107,20.505
r02,r02_A1,A1,obfuscated,READ,105,20.105,4.002,24.107,20.512
r02,r02_A1,A1,obfuscated,READ,106,20.089,3.949,24.038,20.546
r02,r02_A1,A1,obfuscated,READ,107,20.087,4.024,24.111,20.503
r02,r02_A1,A1,obfuscated,READ,108,20.089,4.02,24.109,20.529
r02,r02_A1,A1,obfuscated,SELECT,109,20.091,4.01,24.101,20.636
r02,r02_A1,A1,obfuscated,OPERATE,110,20.109,4.0,24.109,0.368
r02,r02_A1,A1,obfuscated,READ,111,20.087,4.021,24.108,20.568
r02,r02_A1,A1,obfuscated,READ,112,20.113,3.996,24.109,20.513
r02,r02_A1,A1,obfuscated,READ,113,20.088,4.026,24.114,20.534
r02,r02_A1,A1,obfuscated,READ,114,20.097,4.018,24.115,20.544
r02,r02_A1,A1,obfuscated,READ,115,20.112,4.001,24.113,20.51
r02,r02_A1,A1,obfuscated,READ,116,20.108,4.004,24.112,20.544
r02,r02_A1,A1,obfuscated,SELECT,117,20.087,4.025,24.112,20.645
r02,r02_A1,A1,obfuscated,OPERATE,118,20.108,4.012,24.12,0.366
r02,r02_A1,A1,obfuscated,READ,119,20.038,4.068,24.106,20.582
r02,r02_A1,A1,obfuscated,READ,120,20.096,4.011,24.107,20.515
r02,r02_A1,A1,obfuscated,READ,121,20.107,3.975,24.082,20.511
r02,r02_A1,A1,obfuscated,READ,122,20.097,4.02,24.117,20.508
r02,r02_A1,A1,obfuscated,READ,123,20.118,3.999,24.117,20.511
r02,r02_A1,A1,obfuscated,READ,124,20.107,4.007,24.114,20.544
r02,r02_A1,A1,obfuscated,READ,125,20.091,3.949,24.04,20.598
r02,r02_A1,A1,obfuscated,READ,126,20.103,4.01,24.113,20.447
r02,r02_A1,A1,obfuscated,SELECT,127,20.094,4.0,24.094,20.615
r02,r02_A1,A1,obfuscated,OPERATE,128,20.085,3.998,24.083,0.364
r02,r02_A1,A1,obfuscated,READ,129,20.082,4.003,24.085,20.557
r02,r02_A1,A1,obfuscated,READ,130,20.081,4.022,24.103,20.503
r02,r02_A1,A1,obfuscated,READ,131,20.11,3.999,24.109,20.514
r02,r02_A1,A1,obfuscated,READ,132,20.084,4.023,24.107,20.527
r02,r02_A1,A1,obfuscated,READ,133,20.109,3.995,24.104,20.43
r02,r02_A1,A1,obfuscated,READ,134,20.041,4.003,24.044,20.512
r02,r02_A1,A1,obfuscated,READ,135,20.088,4.013,24.101,20.528
r02,r02_A1,A1,obfuscated,READ,136,20.109,3.999,24.108,20.516
r02,r02_A1,A1,obfuscated,SELECT,137,20.095,4.023,24.118,20.616
r02,r02_A1,A1,obfuscated,OPERATE,138,20.107,4.003,24.11,0.364
r02,r02_A1,A1,obfuscated,READ,139,20.108,3.931,24.039,20.54
r02,r02_A1,A1,obfuscated,READ,140,20.087,4.012,24.099,20.545
r02,r02_A1,A1,obfuscated,READ,141,20.112,3.998,24.11,20.512
r02,r02_A1,A1,obfuscated,READ,142,20.088,4.023,24.111,20.533
r02,r02_A1,A1,obfuscated,READ,143,20.106,4.005,24.111,20.513
r02,r02_A1,A1,obfuscated,READ,144,20.107,4.003,24.11,20.508
r02,r02_A1,A1,obfuscated,READ,145,20.04,4.065,24.105,20.513
r02,r02_A1,A1,obfuscated,READ,146,20.108,3.997,24.105,20.5
r02,r02_A1,A1,obfuscated,READ,147,20.095,4.023,24.118,20.517
r02,r02_A1,A1,obfuscated,SELECT,148,20.088,4.025,24.113,20.647
r02,r02_A1,A1,obfuscated,OPERATE,149,20.109,3.999,24.108,0.36
r02,r02_A1,A1,obfuscated,READ,150,20.106,4.007,24.113,20.625
r02,r02_A1,A1,obfuscated,READ,151,20.087,4.013,24.1,20.546
r02,r02_A1,A1,obfuscated,READ,152,20.107,3.997,24.104,20.434
r02,r02_A1,A1,obfuscated,READ,153,20.089,4.024,24.113,20.523
r02,r02_A1,A1,obfuscated,READ,154,20.112,3.996,24.108,20.507
r02,r02_A1,A1,obfuscated,READ,155,20.09,4.022,24.112,20.511
r02,r02_A1,A1,obfuscated,READ,156,20.089,4.01,24.099,20.534
r02,r02_A1,A1,obfuscated,SELECT,157,20.109,3.999,24.108,20.614
r02,r02_A1,A1,obfuscated,OPERATE,158,20.115,3.929,24.044,0.36
r02,r02_A1,A1,obfuscated,READ,159,20.104,4.003,24.107,20.555
r02,r02_A1,A1,obfuscated,READ,160,20.104,4.002,24.106,20.512
r02,r02_A1,A1,obfuscated,READ,161,20.089,4.024,24.113,20.543
r02,r02_A1,A1,obfuscated,READ,162,20.119,4.0,24.119,20.511
r02,r02_A1,A1,obfuscated,READ,163,20.104,4.007,24.111,20.524
r02,r02_A1,A1,obfuscated,READ,164,20.043,4.067,24.11,20.554
r02,r02_A1,A1,obfuscated,READ,165,20.106,3.999,24.105,20.529
r02,r02_A1,A1,obfuscated,READ,166,20.09,4.031,24.121,20.528
r02,r02_A1,A1,obfuscated,READ,167,20.088,4.004,24.092,20.521
r02,r02_A1,A1,obfuscated,SELECT,168,20.112,3.975,24.087,20.612
r02,r02_A1,A1,obfuscated,OPERATE,169,20.108,4.001,24.109,0.382
r02,r02_A1,A1,obfuscated,READ,170,20.109,4.0,24.109,20.559
r02,r02_A1,A1,obfuscated,READ,171,20.109,3.975,24.084,20.438
r02,r02_A1,A1,obfuscated,READ,172,20.105,4.005,24.11,20.511
r02,r02_A1,A1,obfuscated,READ,173,20.108,3.999,24.107,20.512
r02,r02_A1,A1,obfuscated,READ,174,20.091,4.019,24.11,20.512
r02,r02_A1,A1,obfuscated,SELECT,175,20.09,4.012,24.102,20.694
r02,r02_A1,A1,obfuscated,OPERATE,176,20.107,3.999,24.106,0.365
r02,r02_A1,A1,obfuscated,READ,177,20.088,3.952,24.04,20.565
r02,r02_A1,A1,obfuscated,READ,178,20.105,4.006,24.111,20.521
r02,r02_A1,A1,obfuscated,READ,179,20.087,4.021,24.108,20.467
r02,r02_A1,A1,obfuscated,READ,180,20.095,4.015,24.11,20.514
r02,r02_A1,A1,obfuscated,READ,181,20.083,4.032,24.115,20.522
r02,r02_A1,A1,obfuscated,READ,182,20.093,4.019,24.112,20.507
r02,r02_A1,A1,obfuscated,READ,183,20.114,4.013,24.127,20.509
r02,r02_A1,A1,obfuscated,READ,184,20.104,4.0,24.104,20.499
r02,r02_A1,A1,obfuscated,SELECT,185,20.091,4.019,24.11,20.651
r02,r02_A1,A1,obfuscated,OPERATE,186,20.116,3.998,24.114,0.372
r02,r02_A1,A1,obfuscated,READ,187,20.091,4.02,24.111,20.578
r02,r02_A1,A1,obfuscated,READ,188,20.104,4.009,24.113,20.508
r02,r02_A1,A1,obfuscated,READ,189,20.114,4.003,24.117,20.51
r02,r02_A1,A1,obfuscated,READ,190,20.088,3.995,24.083,20.516
r02,r02_A1,A1,obfuscated,READ,191,20.109,4.008,24.117,20.454
r02,r02_A1,A1,obfuscated,READ,192,20.106,4.0,24.106,20.525
r02,r02_A1,A1,obfuscated,SELECT,193,20.095,4.016,24.111,20.633
r02,r02_A1,A1,obfuscated,OPERATE,194,20.107,3.999,24.106,0.363
r02,r02_A1,A1,obfuscated,READ,195,20.09,4.021,24.111,20.595
r02,r02_A1,A1,obfuscated,READ,196,20.101,4.033,24.134,20.504
r02,r02_A1,A1,obfuscated,READ,197,20.107,4.005,24.112,20.59
r02,r02_A1,A1,obfuscated,READ,198,20.083,4.03,24.113,20.424
r02,r02_A1,A1,obfuscated,READ,199,20.109,4.0,24.109,20.497
r02,r02_A1,A1,obfuscated,READ,200,20.11,4.004,24.114,20.562
r02,r02_A1,A1,obfuscated,SELECT,201,20.084,4.021,24.105,20.63
r02,r02_A1,A1,obfuscated,OPERATE,202,20.107,3.998,24.105,0.348
r02,r02_A1,A1,obfuscated,READ,203,20.086,4.024,24.11,20.563
r02,r02_A1,A1,obfuscated,READ,204,20.09,4.022,24.112,20.477
r02,r02_A1,A1,obfuscated,READ,205,20.11,3.995,24.105,20.489
r02,r02_A1,A1,obfuscated,READ,206,20.084,4.019,24.103,20.492
r02,r02_A1,A1,obfuscated,READ,207,20.107,4.0,24.107,20.487
r02,r02_A1,A1,obfuscated,SELECT,208,20.107,4.006,24.113,20.619
r02,r02_A1,A1,obfuscated,OPERATE,209,20.111,3.994,24.105,0.35
r02,r02_A1,A1,obfuscated,READ,210,20.11,3.977,24.087,20.517
r02,r02_A1,A1,obfuscated,READ,211,20.088,4.015,24.103,20.516
r02,r02_A1,A1,obfuscated,READ,212,20.112,3.997,24.109,20.491
r02,r02_A1,A1,obfuscated,READ,213,20.083,4.022,24.105,20.502
r02,r02_A1,A1,obfuscated,READ,214,20.092,4.019,24.111,20.492
r02,r02_A1,A1,obfuscated,READ,215,20.116,3.995,24.111,20.503
r02,r02_A1,A1,obfuscated,READ,216,20.042,4.066,24.108,20.469
r02,r02_A1,A1,obfuscated,READ,217,20.113,4.001,24.114,20.502
r02,r02_A1,A1,obfuscated,SELECT,218,20.087,4.03,24.117,20.623
r02,r02_A1,A1,obfuscated,OPERATE,219,20.112,3.995,24.107,0.345
r02,r02_A1,A1,obfuscated,READ,220,20.109,4.001,24.11,20.531
r02,r02_A1,A1,obfuscated,READ,221,20.082,4.025,24.107,20.494
r02,r02_A1,A1,obfuscated,READ,222,20.11,4.0,24.11,20.505
r02,r02_A1,A1,obfuscated,READ,223,20.092,3.947,24.039,20.425
r02,r02_A1,A1,obfuscated,READ,224,20.112,3.994,24.106,20.505
r02,r02_A1,A1,obfuscated,READ,225,20.104,4.006,24.11,20.526
r02,r02_A1,A1,obfuscated,SELECT,226,20.082,4.026,24.108,20.62
r02,r02_A1,A1,obfuscated,OPERATE,227,20.108,4.007,24.115,0.348
r02,r02_A1,A1,obfuscated,READ,228,20.093,4.022,24.115,20.551
r02,r02_A1,A1,obfuscated,READ,229,20.097,4.001,24.098,20.496
r02,r02_A1,A1,obfuscated,READ,230,20.09,4.026,24.116,20.492
r02,r02_A1,A1,obfuscated,READ,231,20.088,4.023,24.111,20.49
r02,r02_A1,A1,obfuscated,READ,232,20.115,3.994,24.109,20.5
r02,r02_A1,A1,obfuscated,SELECT,233,20.103,4.003,24.106,20.62
r02,r02_A1,A1,obfuscated,OPERATE,234,20.083,4.031,24.114,0.348
r02,r02_A1,A1,obfuscated,READ,235,20.11,3.996,24.106,20.539
r02,r02_A1,A1,obfuscated,READ,236,20.042,4.069,24.111,20.487
r02,r02_A1,A1,obfuscated,READ,237,20.115,3.997,24.112,20.49
r02,r02_A1,A1,obfuscated,READ,238,20.115,4.003,24.118,20.487
r02,r02_A1,A1,obfuscated,READ,239,20.083,3.999,24.082,20.517
r02,r02_A1,A1,obfuscated,READ,240,20.109,4.004,24.113,20.491
r02,r02_A1,A1,obfuscated,SELECT,241,20.082,4.035,24.117,20.606
r02,r02_A1,A1,obfuscated,OPERATE,242,20.115,3.995,24.11,0.351
r02,r02_A1,A1,obfuscated,READ,243,20.106,3.933,24.039,20.471
r02,r02_A1,A1,obfuscated,READ,244,20.109,3.999,24.108,20.492
r02,r02_A1,A1,obfuscated,READ,245,20.105,4.008,24.113,20.506
r02,r02_A1,A1,obfuscated,READ,246,20.087,4.025,24.112,20.507
r02,r02_A1,A1,obfuscated,READ,247,20.111,3.999,24.11,20.492
r02,r02_A1,A1,obfuscated,READ,248,20.101,4.009,24.11,20.523
r02,r02_A1,A1,obfuscated,READ,249,20.103,4.025,24.128,20.492
r02,r02_A1,A1,obfuscated,READ,250,20.118,3.984,24.102,20.466
r02,r02_A1,A1,obfuscated,SELECT,251,20.082,4.026,24.108,20.607
r02,r02_A1,A1,obfuscated,OPERATE,252,20.115,3.999,24.114,0.348
r02,r02_A1,A1,obfuscated,READ,253,20.11,4.003,24.113,20.572
r02,r02_A1,A1,obfuscated,READ,254,20.082,4.012,24.094,20.502
r02,r02_A1,A1,obfuscated,READ,255,20.109,4.002,24.111,20.487
r02,r02_A1,A1,obfuscated,READ,256,20.083,3.999,24.082,20.495
r02,r02_A1,A1,obfuscated,READ,257,20.109,4.003,24.112,20.5
r02,r02_A1,A1,obfuscated,READ,258,20.118,4.004,24.122,20.507
r02,r02_A1,A1,obfuscated,READ,259,20.093,4.026,24.119,20.529
r02,r02_A1,A1,obfuscated,SELECT,260,20.119,3.987,24.106,20.606
r02,r02_A1,A1,obfuscated,OPERATE,261,20.111,4.006,24.117,0.361
r02,r02_A1,A1,obfuscated,READ,262,20.098,3.999,24.097,20.536
r02,r02_A1,A1,obfuscated,READ,263,20.109,3.996,24.105,20.463
r02,r02_A1,A1,obfuscated,READ,264,20.083,4.026,24.109,20.522
r02,r02_A1,A1,obfuscated,READ,265,20.111,3.998,24.109,20.499
r02,r02_A1,A1,obfuscated,READ,266,20.096,4.013,24.109,20.503
r02,r02_A1,A1,obfuscated,SELECT,267,20.083,4.008,24.091,20.598
r02,r02_A1,A1,obfuscated,OPERATE,268,20.108,4.002,24.11,0.349
r02,r02_A1,A1,obfuscated,READ,269,20.082,4.022,24.104,20.538
r02,r02_A1,A1,obfuscated,READ,270,20.113,3.996,24.109,20.412
r02,r02_A1,A1,obfuscated,READ,271,20.083,4.026,24.109,20.492
r02,r02_A1,A1,obfuscated,READ,272,20.11,4.0,24.11,20.494
r02,r02_A1,A1,obfuscated,READ,273,20.103,4.002,24.105,20.483
r02,r02_A1,A1,obfuscated,READ,274,20.083,4.03,24.113,20.523
r02,r02_A1,A1,obfuscated,READ,275,20.105,4.0,24.105,20.548
r02,r02_A1,A1,obfuscated,READ,276,20.105,4.003,24.108,20.505
r02,r02_A1,A1,obfuscated,READ,277,20.108,3.994,24.102,20.416
r02,r02_A1,A1,obfuscated,SELECT,278,20.102,4.006,24.108,20.616
r02,r02_A1,A1,obfuscated,OPERATE,279,20.103,4.0,24.103,0.382
r02,r02_A1,A1,obfuscated,READ,280,20.116,4.0,24.116,20.541
r02,r02_A1,A1,obfuscated,READ,281,20.094,4.015,24.109,20.514
r02,r02_A1,A1,obfuscated,READ,282,20.101,4.008,24.109,20.47
r02,r02_A1,A1,obfuscated,READ,283,20.107,3.999,24.106,20.472
r02,r02_A1,A1,obfuscated,READ,284,20.082,4.03,24.112,20.515
r02,r02_A1,A1,obfuscated,READ,285,20.107,4.005,24.112,20.489
r02,r02_A1,A1,obfuscated,SELECT,286,20.105,4.002,24.107,20.615
r02,r02_A1,A1,obfuscated,OPERATE,287,20.106,4.002,24.108,0.35
r02,r02_A1,A1,obfuscated,READ,288,20.109,4.001,24.11,20.545
r02,r02_A1,A1,obfuscated,READ,289,20.087,3.997,24.084,20.488
r02,r02_A1,A1,obfuscated,READ,290,20.101,4.013,24.114,20.444
r02,r02_A1,A1,obfuscated,READ,291,20.095,4.015,24.11,20.526
r02,r02_A1,A1,obfuscated,READ,292,20.083,4.027,24.11,20.492
r02,r02_A1,A1,obfuscated,READ,293,20.107,4.001,24.108,20.488
r02,r02_A1,A1,obfuscated,READ,294,20.084,4.03,24.114,20.489
r02,r02_A1,A1,obfuscated,READ,295,20.105,4.0,24.105,20.499
r02,r02_A1,A1,obfuscated,SELECT,296,20.103,4.003,24.106,20.608
r02,r02_A1,A1,obfuscated,OPERATE,297,20.106,4.01,24.116,0.348
r02,r02_A1,A1,obfuscated,READ,298,20.11,4.0,24.11,20.546
r02,r02_A1,A1,obfuscated,READ,299,20.082,4.023,24.105,20.487
r02,r02_A1,A1,obfuscated,READ,300,20.112,3.994,24.106,20.566
r02,r02_A1,A1,obfuscated,READ,301,20.104,4.006,24.11,20.494
r02,r02_A1,A1,obfuscated,READ,302,20.084,3.956,24.04,20.525
r02,r02_A1,A1,obfuscated,SELECT,303,20.11,3.995,24.105,20.604
r02,r02_A1,A1,obfuscated,OPERATE,304,20.114,3.993,24.107,0.363
r02,r02_A1,A1,obfuscated,READ,305,20.115,3.991,24.106,20.539
r02,r02_A1,A1,obfuscated,READ,306,20.113,4.003,24.116,20.503
r02,r02_A1,A1,obfuscated,READ,307,20.081,4.008,24.089,20.515
r02,r02_A1,A1,obfuscated,READ,308,20.109,3.996,24.105,20.501
r02,r02_A1,A1,obfuscated,READ,309,20.039,4.067,24.106,20.508
r02,r02_A1,A1,obfuscated,SELECT,310,20.101,4.025,24.126,20.6
r02,r02_A1,A1,obfuscated,OPERATE,311,20.111,4.0,24.111,0.348
r02,r02_A1,A1,obfuscated,READ,312,20.082,4.021,24.103,20.535
r02,r02_A1,A1,obfuscated,READ,313,20.106,4.0,24.106,20.488
r02,r02_A1,A1,obfuscated,READ,314,20.106,4.004,24.11,20.519
r02,r02_A1,A1,obfuscated,READ,315,20.102,4.003,24.105,20.49
r02,r02_A1,A1,obfuscated,READ,316,20.108,3.994,24.102,20.469
r02,r02_A1,A1,obfuscated,READ,317,20.081,4.022,24.103,20.514
r02,r02_A1,A1,obfuscated,SELECT,318,20.105,3.999,24.104,20.606
r02,r02_A1,A1,obfuscated,OPERATE,319,20.108,4.002,24.11,0.349
r02,r02_A1,A1,obfuscated,READ,320,20.093,4.012,24.105,20.549
r02,r02_A1,A1,obfuscated,READ,321,20.106,4.001,24.107,20.493
r02,r02_A1,A1,obfuscated,READ,322,20.083,3.955,24.038,20.515
r02,r02_A1,A1,obfuscated,READ,323,20.103,4.001,24.104,20.498
r02,r02_A1,A1,obfuscated,READ,324,20.082,4.032,24.114,20.428
r02,r02_A1,A1,obfuscated,SELECT,325,20.084,4.024,24.108,20.669
r02,r02_A1,A1,obfuscated,OPERATE,326,20.106,3.989,24.095,0.347
r02,r02_A1,A1,obfuscated,READ,327,20.082,4.024,24.106,20.551
r02,r02_A1,A1,obfuscated,READ,328,20.083,4.022,24.105,20.499
r02,r02_A1,A1,obfuscated,READ,329,20.04,4.069,24.109,20.51
r02,r02_A1,A1,obfuscated,READ,330,20.093,4.015,24.108,20.498
r02,r02_A1,A1,obfuscated,READ,331,20.105,4.0,24.105,20.498
r02,r02_A1,A1,obfuscated,READ,332,20.087,3.999,24.086,20.493
r02,r02_A1,A1,obfuscated,SELECT,333,20.101,4.005,24.106,20.592
r02,r02_A1,A1,obfuscated,OPERATE,334,20.106,4.001,24.107,0.359
r02,r02_A1,A1,obfuscated,READ,335,20.101,4.006,24.107,20.536
r02,r02_A1,A1,obfuscated,READ,336,20.105,4.001,24.106,20.477
r02,r02_A1,A1,obfuscated,READ,337,20.089,4.025,24.114,20.513
r02,r02_A1,A1,obfuscated,READ,338,20.106,4.002,24.108,20.488
r02,r02_A1,A1,obfuscated,READ,339,20.087,4.02,24.107,20.498
r02,r02_A1,A1,obfuscated,READ,340,20.096,4.015,24.111,20.504
r02,r02_A1,A1,obfuscated,READ,341,20.107,3.994,24.101,20.5
r02,r02_A1,A1,obfuscated,READ,342,20.039,4.071,24.11,20.492
r02,r02_A1,A1,obfuscated,SELECT,343,20.115,4.022,24.137,20.592
r02,r02_A1,A1,obfuscated,OPERATE,344,20.112,3.998,24.11,0.354
r02,r02_A1,A1,obfuscated,READ,345,20.098,4.01,24.108,20.553
r02,r02_A1,A1,obfuscated,READ,346,20.113,3.998,24.111,20.493
r02,r02_A1,A1,obfuscated,READ,347,20.089,4.019,24.108,20.499
r02,r02_A1,A1,obfuscated,READ,348,20.116,4.0,24.116,20.489
r02,r02_A1,A1,obfuscated,READ,349,20.084,3.961,24.045,20.412
r02,r02_A1,A1,obfuscated,READ,350,20.107,4.001,24.108,20.578
r02,r02_A1,A1,obfuscated,READ,351,20.107,4.001,24.108,20.491
r02,r02_A1,A1,obfuscated,SELECT,352,20.082,4.026,24.108,20.604
r02,r02_A1,A1,obfuscated,OPERATE,353,20.106,3.999,24.105,0.349
r02,r02_A1,A1,obfuscated,READ,354,20.103,4.005,24.108,20.565
r02,r02_A1,A1,obfuscated,READ,355,20.082,4.0,24.082,20.516
r02,r02_A1,A1,obfuscated,READ,356,20.102,3.98,24.082,20.493
r02,r02_A1,A1,obfuscated,READ,357,20.082,4.027,24.109,20.488
r02,r02_A1,A1,obfuscated,READ,358,20.102,4.007,24.109,20.49
r02,r02_A1,A1,obfuscated,READ,359,20.113,3.973,24.086,20.513
r02,r02_A1,A1,obfuscated,READ,360,20.106,4.017,24.123,20.502
r02,r02_A1,A1,obfuscated,SELECT,361,20.09,4.021,24.111,20.597
r02,r02_A1,A1,obfuscated,OPERATE,362,20.04,4.071,24.111,0.382
r02,r02_A1,A1,obfuscated,READ,363,20.109,3.998,24.107,20.535
r02,r02_A1,A1,obfuscated,READ,364,20.082,4.031,24.113,20.508
r02,r02_A1,A1,obfuscated,READ,365,20.083,4.013,24.096,20.512
r02,r02_A1,A1,obfuscated,READ,366,20.105,4.004,24.109,20.49
r02,r02_A1,A1,obfuscated,READ,367,20.083,4.028,24.111,20.508
r02,r02_A1,A1,obfuscated,READ,368,20.105,4.001,24.106,20.493
r02,r02_A1,A1,obfuscated,READ,369,20.108,4.002,24.11,20.486
r02,r02_A1,A1,obfuscated,READ,370,20.083,4.024,24.107,20.52
r02,r02_A1,A1,obfuscated,READ,371,20.115,4.005,24.12,20.5
r02,r02_A1,A1,obfuscated,SELECT,372,20.106,4.001,24.107,20.613
r02,r02_A1,A1,obfuscated,OPERATE,373,20.113,4.0,24.113,0.347
r02,r02_A1,A1,obfuscated,READ,374,20.115,3.992,24.107,20.539
r02,r02_A1,A1,obfuscated,READ,375,20.037,4.073,24.11,20.557
r02,r02_A1,A1,obfuscated,READ,376,20.107,3.996,24.103,20.412
r02,r02_A1,A1,obfuscated,READ,377,20.082,4.026,24.108,20.526
r02,r02_A1,A1,obfuscated,READ,378,20.1,4.01,24.11,20.49
r02,r02_A1,A1,obfuscated,SELECT,379,20.115,3.999,24.114,20.579
r02,r02_A1,A1,obfuscated,OPERATE,380,20.1,4.008,24.108,0.381
r02,r02_A1,A1,obfuscated,READ,381,20.113,3.994,24.107,20.544
r02,r02_A1,A1,obfuscated,READ,382,20.108,3.973,24.081,20.478
r02,r02_A1,A1,obfuscated,READ,383,20.118,3.989,24.107,20.49
r02,r02_A1,A1,obfuscated,READ,384,20.105,4.001,24.106,20.498
r02,r02_A1,A1,obfuscated,READ,385,20.082,4.027,24.109,20.493
r02,r02_A1,A1,obfuscated,READ,386,20.087,4.027,24.114,20.509
r02,r02_A1,A1,obfuscated,READ,387,20.106,4.0,24.106,20.512
r02,r02_A1,A1,obfuscated,SELECT,388,20.037,4.066,24.103,20.615
r02,r02_A1,A1,obfuscated,OPERATE,389,20.107,4.002,24.109,0.351
r02,r02_A1,A1,obfuscated,READ,390,20.089,4.023,24.112,20.538
r02,r02_A1,A1,obfuscated,READ,391,20.11,4.002,24.112,20.486
r02,r02_A1,A1,obfuscated,READ,392,20.102,4.008,24.11,20.491
r02,r02_A1,A1,obfuscated,READ,393,20.081,4.001,24.082,20.527
r02,r02_A1,A1,obfuscated,READ,394,20.088,3.994,24.082,20.482
r02,r02_A1,A1,obfuscated,SELECT,395,20.094,3.941,24.035,20.607
r02,r02_A1,A1,obfuscated,OPERATE,396,20.086,4.004,24.09,0.368
r02,r02_A1,A1,obfuscated,READ,397,20.088,4.0,24.088,20.552
r02,r02_A1,A1,obfuscated,READ,398,20.093,4.025,24.118,20.486
r02,r02_A1,A1,obfuscated,READ,399,20.106,3.999,24.105,20.493
r02,r02_A1,A1,obfuscated,READ,400,20.083,4.026,24.109,20.55
r02,r02_A1,A1,obfuscated,READ,401,20.119,3.985,24.104,20.496
r02,r02_A1,A1,obfuscated,READ,402,20.097,4.018,24.115,20.498
r02,r02_A1,A1,obfuscated,READ,403,20.083,4.027,24.11,20.509
r02,r02_A1,A1,obfuscated,READ,404,20.11,3.998,24.108,20.488
r02,r02_A1,A1,obfuscated,SELECT,405,20.091,4.024,24.115,20.605
r02,r02_A1,A1,obfuscated,OPERATE,406,20.108,3.998,24.106,0.349
r02,r02_A1,A1,obfuscated,READ,407,20.104,4.001,24.105,20.559
r02,r02_A1,A1,obfuscated,READ,408,20.037,4.054,24.091,20.528
r02,r02_A1,A1,obfuscated,READ,409,20.094,4.016,24.11,20.47
r02,r02_A1,A1,obfuscated,READ,410,20.081,4.026,24.107,20.513
r02,r02_A1,A1,obfuscated,READ,411,20.108,3.999,24.107,20.514
r02,r02_A1,A1,obfuscated,SELECT,412,20.109,3.996,24.105,20.589
r02,r02_A1,A1,obfuscated,OPERATE,413,20.099,4.001,24.1,0.376
r02,r02_A1,A1,obfuscated,READ,414,20.108,4.001,24.109,20.537
r02,r02_A1,A1,obfuscated,READ,415,20.083,3.961,24.044,20.428
r02,r02_A1,A1,obfuscated,READ,416,20.109,3.997,24.106,20.445
r02,r02_A1,A1,obfuscated,READ,417,20.1,4.008,24.108,20.513
r02,r02_A1,A1,obfuscated,READ,418,20.103,4.018,24.121,20.476
r02,r02_A1,A1,obfuscated,SELECT,419,20.105,4.005,24.11,20.593
r02,r02_A1,A1,obfuscated,OPERATE,420,20.105,4.002,24.107,0.375
r02,r02_A1,A1,obfuscated,READ,421,20.11,3.998,24.108,20.547
r02,r02_A1,A1,obfuscated,READ,422,20.087,4.018,24.105,20.497
r02,r02_A1,A1,obfuscated,READ,423,20.083,4.026,24.109,20.508
r02,r02_A1,A1,obfuscated,READ,424,20.105,4.003,24.108,20.492
r02,r02_A1,A1,obfuscated,READ,425,20.082,4.033,24.115,20.569
r02,r02_A1,A1,obfuscated,READ,426,20.106,4.0,24.106,20.49
r02,r02_A1,A1,obfuscated,READ,427,20.112,3.995,24.107,20.483
r02,r02_A1,A1,obfuscated,READ,428,20.081,3.957,24.038,20.551
r02,r02_A1,A1,obfuscated,SELECT,429,20.104,4.005,24.109,20.606
r02,r02_A1,A1,obfuscated,OPERATE,430,20.106,4.002,24.108,0.36
r02,r02_A1,A1,obfuscated,READ,431,20.112,3.993,24.105,20.539
r02,r02_A1,A1,obfuscated,READ,432,20.081,4.035,24.116,20.503
r02,r02_A1,A1,obfuscated,READ,433,20.087,4.026,24.113,20.5
r02,r02_A1,A1,obfuscated,READ,434,20.105,4.003,24.108,20.486
r02,r02_A1,A1,obfuscated,READ,435,20.126,3.986,24.112,20.521
r02,r02_A1,A1,obfuscated,READ,436,20.103,4.003,24.106,20.486
r02,r02_A1,A1,obfuscated,READ,437,20.114,3.991,24.105,20.501
r02,r02_A1,A1,obfuscated,SELECT,438,20.084,4.025,24.109,20.593
r02,r02_A1,A1,obfuscated,OPERATE,439,20.119,3.993,24.112,0.348
r02,r02_A1,A1,obfuscated,READ,440,20.102,4.003,24.105,20.561
r02,r02_A1,A1,obfuscated,READ,441,20.088,4.017,24.105,20.507
r02,r02_A1,A1,obfuscated,READ,442,20.106,4.005,24.111,20.418
r02,r02_A1,A1,obfuscated,READ,443,20.083,4.02,24.103,20.492
r02,r02_A1,A1,obfuscated,READ,444,20.113,3.992,24.105,20.487
r02,r02_A1,A1,obfuscated,SELECT,445,20.103,4.006,24.109,20.621
r02,r02_A1,A1,obfuscated,OPERATE,446,20.106,3.999,24.105,0.348
r02,r02_A1,A1,obfuscated,READ,447,20.105,4.002,24.107,20.533
r02,r02_A1,A1,obfuscated,READ,448,20.082,3.956,24.038,20.509
r02,r02_A1,A1,obfuscated,READ,449,20.108,4.004,24.112,20.502
r02,r02_A1,A1,obfuscated,READ,450,20.095,4.016,24.111,20.504
r02,r02_A1,A1,obfuscated,READ,451,20.1,4.005,24.105,20.488
r02,r02_A1,A1,obfuscated,SELECT,452,20.105,4.003,24.108,20.587
r02,r02_A1,A1,obfuscated,OPERATE,453,20.102,3.994,24.096,0.382
r02,r02_A1,A1,obfuscated,READ,454,20.107,3.999,24.106,20.541
r02,r02_A1,A1,obfuscated,READ,455,20.043,4.068,24.111,20.513
r02,r02_A1,A1,obfuscated,READ,456,20.116,3.99,24.106,20.486
r02,r02_A1,A1,obfuscated,READ,457,20.108,3.997,24.105,20.495
r02,r02_A1,A1,obfuscated,READ,458,20.082,4.024,24.106,20.497
r02,r02_A1,A1,obfuscated,SELECT,459,20.105,4.005,24.11,20.602
r02,r02_A1,A1,obfuscated,OPERATE,460,20.113,3.996,24.109,0.348
r02,r02_A1,A1,obfuscated,READ,461,20.109,3.999,24.108,20.545
r02,r02_A1,A1,obfuscated,READ,462,20.107,3.996,24.103,20.411
r02,r02_A1,A1,obfuscated,READ,463,20.082,4.012,24.094,20.512
r02,r02_A1,A1,obfuscated,READ,464,20.107,3.999,24.106,20.49
r02,r02_A1,A1,obfuscated,READ,465,20.087,4.019,24.106,20.525
r02,r02_A1,A1,obfuscated,SELECT,466,20.083,4.024,24.107,20.611
r02,r02_A1,A1,obfuscated,OPERATE,467,20.106,4.003,24.109,0.349
r02,r02_A1,A1,obfuscated,READ,468,20.088,3.955,24.043,20.554
r02,r02_A1,A1,obfuscated,READ,469,20.111,3.994,24.105,20.5
r02,r02_A1,A1,obfuscated,READ,470,20.084,4.03,24.114,20.446
r02,r02_A1,A1,obfuscated,READ,471,20.107,4.019,24.126,20.482
r02,r02_A1,A1,obfuscated,READ,472,20.108,4.0,24.108,20.49
r02,r02_A1,A1,obfuscated,SELECT,473,20.082,4.019,24.101,20.635
r02,r02_A1,A1,obfuscated,OPERATE,474,20.11,3.997,24.107,0.349
r02,r02_A1,A1,obfuscated,READ,475,20.1,4.006,24.106,20.619
r02,r02_A1,A1,obfuscated,READ,476,20.108,4.018,24.126,20.487
r02,r02_A1,A1,obfuscated,READ,477,20.111,3.998,24.109,20.499
r02,r02_A1,A1,obfuscated,READ,478,20.082,4.021,24.103,20.5
r02,r02_A1,A1,obfuscated,READ,479,20.11,3.998,24.108,20.497
r02,r02_A1,A1,obfuscated,SELECT,480,20.094,4.004,24.098,20.592
r02,r02_A1,A1,obfuscated,OPERATE,481,20.114,3.999,24.113,0.353
r02,r02_A1,A1,obfuscated,READ,482,20.089,3.958,24.047,20.461
r02,r02_A1,A1,obfuscated,READ,483,20.094,4.006,24.1,20.527
r02,r02_A1,A1,obfuscated,READ,484,20.105,4.002,24.107,20.484
r02,r02_A1,A1,obfuscated,READ,485,20.088,4.019,24.107,20.521
r02,r02_A1,A1,obfuscated,READ,486,20.101,4.006,24.107,20.487
r02,r02_A1,A1,obfuscated,SELECT,487,20.108,4.003,24.111,20.604
r02,r02_A1,A1,obfuscated,OPERATE,488,20.103,3.935,24.038,0.423
r02,r02_A1,A1,obfuscated,READ,489,20.104,4.002,24.106,20.543
r02,r02_A1,A1,obfuscated,READ,490,20.081,4.026,24.107,20.43
r02,r02_A1,A1,obfuscated,READ,491,20.11,4.005,24.115,20.5
r02,r02_A1,A1,obfuscated,READ,492,20.105,4.001,24.106,20.486
r02,r02_A1,A1,obfuscated,READ,493,20.081,4.034,24.115,20.504
r02,r02_A1,A1,obfuscated,SELECT,494,20.117,3.964,24.081,20.601
r02,r02_A1,A1,obfuscated,OPERATE,495,20.037,4.078,24.115,0.362
r02,r02_A1,A1,obfuscated,READ,496,20.109,4.004,24.113,20.542
r02,r02_A1,A1,obfuscated,READ,497,20.114,3.992,24.106,20.488
r02,r02_A1,A1,obfuscated,READ,498,20.086,4.013,24.099,20.51
r02,r02_A1,A1,obfuscated,READ,499,20.113,3.991,24.104,20.487
r02,r02_A1,A1,obfuscated,READ,500,20.111,3.999,24.11,20.556
r02,r02_A1,A1,obfuscated,SELECT,501,20.082,3.954,24.036,20.64
r02,r02_A1,A1,obfuscated,OPERATE,502,20.106,3.982,24.088,0.296
r02,r02_A1,A1,obfuscated,READ,503,20.088,4.023,24.111,20.559
r02,r02_A1,A1,obfuscated,READ,504,20.106,4.005,24.111,20.492
r02,r02_A1,A1,obfuscated,READ,505,20.087,4.017,24.104,20.526
r02,r02_A1,A1,obfuscated,READ,506,20.094,4.016,24.11,20.5
r02,r02_A1,A1,obfuscated,READ,507,20.11,3.995,24.105,20.508
r02,r02_A1,A1,obfuscated,SELECT,508,20.04,4.063,24.103,20.595
r02,r02_A1,A1,obfuscated,OPERATE,509,20.102,4.003,24.105,0.354
r02,r02_A1,A1,obfuscated,READ,510,20.085,4.022,24.107,20.495
r02,r02_A1,A1,obfuscated,READ,511,20.096,4.011,24.107,20.491
r02,r02_A1,A1,obfuscated,READ,512,20.115,3.995,24.11,20.489
r02,r02_A1,A1,obfuscated,READ,513,20.082,4.014,24.096,20.499
r02,r02_A1,A1,obfuscated,READ,514,20.109,4.002,24.111,20.489
r02,r02_A1,A1,obfuscated,SELECT,515,20.115,3.981,24.096,20.563
r02,r02_A1,A1,obfuscated,OPERATE,516,20.118,3.987,24.105,0.348
r02,r02_A1,A1,obfuscated,READ,517,20.081,4.029,24.11,20.544
r02,r02_A1,A1,obfuscated,READ,518,20.082,4.03,24.112,20.528
r02,r02_A1,A1,obfuscated,READ,519,20.105,4.003,24.108,20.498
r02,r02_A1,A1,obfuscated,READ,520,20.103,4.013,24.116,20.503
r02,r02_A1,A1,obfuscated,READ,521,20.087,4.047,24.134,20.488
r02,r02_A1,A1,obfuscated,SELECT,522,20.107,4.002,24.109,20.556
r02,r02_A1,A1,obfuscated,OPERATE,523,20.105,3.997,24.102,0.38
r02,r02_A1,A1,obfuscated,READ,524,20.111,4.001,24.112,20.551
r02,r02_A1,A1,obfuscated,READ,525,20.102,4.003,24.105,20.552
r02,r02_A1,A1,obfuscated,READ,526,20.082,4.028,24.11,20.519
r02,r02_A1,A1,obfuscated,READ,527,20.106,3.999,24.105,20.489
r02,r02_A1,A1,obfuscated,READ,528,20.038,4.063,24.101,20.513
r02,r02_A1,A1,obfuscated,READ,529,20.111,3.991,24.102,20.411
r02,r02_A1,A1,obfuscated,SELECT,530,20.114,3.993,24.107,20.628
r02,r02_A1,A1,obfuscated,OPERATE,531,20.122,3.978,24.1,0.346
r02,r02_A1,A1,obfuscated,READ,532,20.105,4.005,24.11,20.554
r02,r02_A1,A1,obfuscated,READ,533,20.082,4.018,24.1,20.494
r02,r02_A1,A1,obfuscated,READ,534,20.112,4.002,24.114,20.486
r02,r02_A1,A1,obfuscated,READ,535,20.089,4.003,24.092,20.422
r02,r02_A1,A1,obfuscated,READ,536,20.096,4.013,24.109,20.49
r02,r02_A1,A1,obfuscated,READ,537,20.106,4.001,24.107,20.498
r02,r02_A1,A1,obfuscated,SELECT,538,20.084,4.019,24.103,20.601
r02,r02_A1,A1,obfuscated,OPERATE,539,20.109,3.995,24.104,0.347
r02,r02_A1,A1,obfuscated,READ,540,20.107,4.001,24.108,20.564
r02,r02_A1,A1,obfuscated,READ,541,20.114,4.021,24.135,20.5
r02,r02_A1,A1,obfuscated,READ,542,20.11,4.013,24.123,20.428
r02,r02_A1,A1,obfuscated,READ,543,20.083,4.012,24.095,20.497
r02,r02_A1,A1,obfuscated,READ,544,20.11,3.996,24.106,20.488
r02,r02_A1,A1,obfuscated,SELECT,545,20.111,3.999,24.11,20.613
r02,r02_A1,A1,obfuscated,OPERATE,546,20.109,3.999,24.108,0.349
r02,r02_A1,A1,obfuscated,READ,547,20.109,4.0,24.109,20.526
r02,r02_A1,A1,obfuscated,READ,548,20.039,4.054,24.093,20.492
r02,r02_A1,A1,obfuscated,READ,549,20.116,3.995,24.111,20.412
r02,r02_A1,A1,obfuscated,READ,550,20.094,4.022,24.116,20.582
r02,r02_A1,A1,obfuscated,READ,551,20.097,3.992,24.089,20.498
r02,r02_A1,A1,obfuscated,SELECT,552,20.116,3.992,24.108,20.592
r02,r02_A1,A1,obfuscated,OPERATE,553,20.1,3.995,24.095,0.383
r02,r02_A1,A1,obfuscated,READ,554,20.115,4.005,24.12,20.533
r02,r02_A1,A1,obfuscated,READ,555,20.095,3.95,24.045,20.435
r02,r02_A1,A1,obfuscated,READ,556,20.107,4.005,24.112,20.506
r02,r02_A1,A1,obfuscated,READ,557,20.109,4.001,24.11,20.494
r02,r02_A1,A1,obfuscated,READ,558,20.082,4.027,24.109,20.534
r02,r02_A1,A1,obfuscated,SELECT,559,20.106,4.002,24.108,20.605
r02,r02_A1,A1,obfuscated,OPERATE,560,20.104,4.004,24.108,0.346
r02,r02_A1,A1,obfuscated,READ,561,20.092,4.037,24.129,20.54
r02,r02_A1,A1,obfuscated,READ,562,20.105,4.01,24.115,20.432
r02,r02_A1,A1,obfuscated,READ,563,20.09,4.015,24.105,20.515
r02,r02_A1,A1,obfuscated,READ,564,20.113,3.992,24.105,20.49
r02,r02_A1,A1,obfuscated,READ,565,20.082,4.029,24.111,20.514
r02,r02_A1,A1,obfuscated,SELECT,566,20.083,4.028,24.111,20.63
r02,r02_A1,A1,obfuscated,OPERATE,567,20.105,4.0,24.105,0.351
r02,r02_A1,A1,obfuscated,READ,568,20.041,4.063,24.104,20.544
r02,r02_A1,A1,obfuscated,READ,569,20.107,3.995,24.102,20.415
r02,r02_A1,A1,obfuscated,READ,570,20.082,4.025,24.107,20.522
r02,r02_A1,A1,obfuscated,READ,571,20.091,4.017,24.108,20.494
r02,r02_A1,A1,obfuscated,READ,572,20.112,3.998,24.11,20.499
r02,r02_A1,A1,obfuscated,SELECT,573,20.081,4.021,24.102,20.595
r02,r02_A1,A1,obfuscated,OPERATE,574,20.111,3.999,24.11,0.346
r02,r02_A1,A1,obfuscated,READ,575,20.108,3.992,24.1,20.56
r02,r02_A1,A1,obfuscated,READ,576,20.109,4.005,24.114,20.489
r02,r02_A1,A1,obfuscated,READ,577,20.082,3.999,24.081,20.492
r02,r02_A1,A1,obfuscated,READ,578,20.083,4.029,24.112,20.452
r02,r02_A1,A1,obfuscated,READ,579,20.105,4.005,24.11,20.49
r02,r02_A1,A1,obfuscated,READ,580,20.096,4.014,24.11,20.527
r02,r02_A1,A1,obfuscated,READ,581,20.111,4.002,24.113,20.511
r02,r02_A1,A1,obfuscated,SELECT,582,20.113,4.007,24.12,20.529
r02,r02_A1,A1,obfuscated,OPERATE,583,20.112,3.997,24.109,0.365
r02,r02_A1,A1,obfuscated,READ,584,20.118,3.999,24.117,20.537
r02,r02_A1,A1,obfuscated,READ,585,20.097,4.01,24.107,20.53
r02,r02_A1,A1,obfuscated,READ,586,20.091,4.013,24.104,20.512
r02,r02_A1,A1,obfuscated,READ,587,20.106,4.0,24.106,20.499
r02,r02_A1,A1,obfuscated,READ,588,20.083,3.953,24.036,20.502
r02,r02_A1,A1,obfuscated,READ,589,20.108,3.998,24.106,20.437
r02,r02_A1,A1,obfuscated,READ,590,20.082,4.023,24.105,20.518
r02,r02_A1,A1,obfuscated,SELECT,591,20.081,4.024,24.105,20.612
r02,r02_A1,A1,obfuscated,OPERATE,592,20.112,3.996,24.108,0.345
r02,r02_A1,A1,obfuscated,READ,593,20.082,4.024,24.106,20.564
r02,r02_A1,A1,obfuscated,READ,594,20.106,4.006,24.112,20.507
r02,r02_A1,A1,obfuscated,READ,595,20.089,4.022,24.111,20.524
r02,r02_A1,A1,obfuscated,READ,596,20.09,4.023,24.113,20.499
r02,r02_A1,A1,obfuscated,READ,597,20.111,4.0,24.111,20.51
r02,r02_A1,A1,obfuscated,SELECT,598,20.096,4.018,24.114,20.601
r02,r02_A1,A1,obfuscated,OPERATE,599,20.106,4.021,24.127,0.349
r02,r02_A1,A1,obfuscated,READ,600,20.107,4.004,24.111,20.6
r02,r02_A1,A1,obfuscated,READ,601,20.082,4.026,24.108,20.489
r02,r02_A1,A1,obfuscated,READ,602,20.11,3.996,24.106,20.42
r02,r02_A1,A1,obfuscated,READ,603,20.081,4.017,24.098,20.494
r02,r02_A1,A1,obfuscated,READ,604,20.106,4.009,24.115,20.489
r02,r02_A1,A1,obfuscated,READ,605,20.105,4.0,24.105,20.488
r02,r02_A1,A1,obfuscated,SELECT,606,20.086,4.017,24.103,20.637
r02,r02_A1,A1,obfuscated,OPERATE,607,20.107,3.998,24.105,0.349
r02,r02_A1,A1,obfuscated,READ,608,20.082,3.954,24.036,20.535
r02,r02_A1,A1,obfuscated,READ,609,20.101,4.009,24.11,20.436
r02,r02_A1,A1,obfuscated,READ,610,20.107,4.003,24.11,20.52
r02,r02_A1,A1,obfuscated,READ,611,20.098,4.02,24.118,20.489
r02,r02_A1,A1,obfuscated,READ,612,20.109,4.003,24.112,20.484
r02,r02_A1,A1,obfuscated,SELECT,613,20.083,4.015,24.098,20.601
r02,r02_A1,A1,obfuscated,OPERATE,614,20.109,3.999,24.108,0.347
r02,r02_A1,A1,obfuscated,READ,615,20.099,4.006,24.105,20.587
r02,r02_A1,A1,obfuscated,READ,616,20.088,4.019,24.107,20.503
r02,r02_A1,A1,obfuscated,READ,617,20.106,4.0,24.106,20.499
r02,r02_A1,A1,obfuscated,READ,618,20.081,4.021,24.102,20.499
r02,r02_A1,A1,obfuscated,READ,619,20.106,4.002,24.108,20.487
r02,r02_A1,A1,obfuscated,READ,620,20.103,4.003,24.106,20.494
r02,r02_A1,A1,obfuscated,SELECT,621,20.087,3.948,24.035,20.627
r02,r02_A1,A1,obfuscated,OPERATE,622,20.115,3.99,24.105,0.303
r02,r02_A1,A1,obfuscated,READ,623,20.082,4.014,24.096,20.545
r02,r02_A1,A1,obfuscated,READ,624,20.105,4.009,24.114,20.493
r02,r02_A1,A1,obfuscated,READ,625,20.081,4.025,24.106,20.57
r02,r02_A1,A1,obfuscated,READ,626,20.082,4.027,24.109,20.495
r02,r02_A1,A1,obfuscated,READ,627,20.104,4.004,24.108,20.488
r02,r02_A1,A1,obfuscated,SELECT,628,20.115,3.999,24.114,20.599
r02,r02_A1,A1,obfuscated,OPERATE,629,20.109,4.002,24.111,0.348
r02,r02_A1,A1,obfuscated,READ,630,20.105,3.976,24.081,20.538
r02,r02_A1,A1,obfuscated,READ,631,20.081,4.03,24.111,20.521
r02,r02_A1,A1,obfuscated,READ,632,20.106,4.001,24.107,20.494
r02,r02_A1,A1,obfuscated,READ,633,20.087,4.019,24.106,20.501
r02,r02_A1,A1,obfuscated,READ,634,20.151,3.961,24.112,20.513
r02,r02_A1,A1,obfuscated,SELECT,635,20.106,4.0,24.106,20.575
r02,r02_A1,A1,obfuscated,OPERATE,636,20.109,4.003,24.112,0.381
r02,r02_A1,A1,obfuscated,READ,637,20.109,3.999,24.108,20.545
r02,r02_A1,A1,obfuscated,READ,638,20.099,4.0,24.099,20.514
r02,r02_A1,A1,obfuscated,READ,639,20.092,4.016,24.108,20.492
r02,r02_A1,A1,obfuscated,READ,640,20.105,4.007,24.112,20.488
r02,r02_A1,A1,obfuscated,READ,641,20.082,3.954,24.036,20.488
r02,r02_A1,A1,obfuscated,READ,642,20.109,4.0,24.109,20.458
r02,r02_A1,A1,obfuscated,SELECT,643,20.102,3.998,24.1,20.58
r02,r02_A1,A1,obfuscated,OPERATE,644,20.107,4.004,24.111,0.347
r02,r02_A1,A1,obfuscated,READ,645,20.108,3.992,24.1,20.569
r02,r02_A1,A1,obfuscated,READ,646,20.083,4.023,24.106,20.514
r02,r02_A1,A1,obfuscated,READ,647,20.106,3.999,24.105,20.488
r02,r02_A1,A1,obfuscated,READ,648,20.088,4.02,24.108,20.497
r02,r02_A1,A1,obfuscated,READ,649,20.109,4.0,24.109,20.42
r02,r02_A1,A1,obfuscated,SELECT,650,20.094,4.011,24.105,20.688
r02,r02_A1,A1,obfuscated,OPERATE,651,20.106,3.998,24.104,0.366
r02,r02_A1,A1,obfuscated,READ,652,20.108,3.999,24.107,20.557
r02,r02_A1,A1,obfuscated,READ,653,20.096,4.01,24.106,20.519
r02,r02_A1,A1,obfuscated,READ,654,20.142,3.963,24.105,20.485
r02,r02_A1,A1,obfuscated,READ,655,20.107,3.994,24.101,20.47
r02,r02_A1,A1,obfuscated,READ,656,20.082,4.025,24.107,20.521
r02,r02_A1,A1,obfuscated,READ,657,20.106,4.0,24.106,20.492
r02,r02_A1,A1,obfuscated,READ,658,20.082,4.033,24.115,20.507
r02,r02_A1,A1,obfuscated,SELECT,659,20.082,4.023,24.105,20.634
r02,r02_A1,A1,obfuscated,OPERATE,660,20.106,4.002,24.108,0.348
r02,r02_A1,A1,obfuscated,READ,661,20.082,3.954,24.036,20.535
r02,r02_A1,A1,obfuscated,READ,662,20.107,4.003,24.11,20.448
r02,r02_A1,A1,obfuscated,READ,663,20.083,4.009,24.092,20.434
r02,r02_A1,A1,obfuscated,READ,664,20.113,3.992,24.105,20.498
r02,r02_A1,A1,obfuscated,READ,665,20.102,4.006,24.108,20.495
r02,r02_A1,A1,obfuscated,SELECT,666,20.083,4.028,24.111,20.629
r02,r02_A1,A1,obfuscated,OPERATE,667,20.109,3.999,24.108,0.347
r02,r02_A1,A1,obfuscated,READ,668,20.09,4.014,24.104,20.548
r02,r02_A1,A1,obfuscated,READ,669,20.109,3.993,24.102,20.485
r02,r02_A1,A1,obfuscated,READ,670,20.082,4.026,24.108,20.493
r02,r02_A1,A1,obfuscated,READ,671,20.087,4.026,24.113,20.525
r02,r02_A1,A1,obfuscated,READ,672,20.086,4.001,24.087,20.5
r02,r02_A1,A1,obfuscated,READ,673,20.082,4.016,24.098,20.486
r02,r02_A1,A1,obfuscated,READ,674,20.105,4.003,24.108,20.499
r02,r02_A1,A1,obfuscated,SELECT,675,20.104,4.003,24.107,20.652
r02,r02_A1,A1,obfuscated,OPERATE,676,20.106,4.0,24.106,0.376
r02,r02_A1,A1,obfuscated,READ,677,20.092,4.015,24.107,20.538
r02,r02_A1,A1,obfuscated,READ,678,20.091,4.012,24.103,20.514
r02,r02_A1,A1,obfuscated,READ,679,20.119,3.992,24.111,20.491
r02,r02_A1,A1,obfuscated,READ,680,20.105,4.004,24.109,20.494
r02,r02_A1,A1,obfuscated,READ,681,20.037,4.069,24.106,20.487
r02,r02_A1,A1,obfuscated,READ,682,20.104,4.0,24.104,20.5
r02,r02_A1,A1,obfuscated,READ,683,20.089,4.022,24.111,20.521
r02,r02_A1,A1,obfuscated,SELECT,684,20.084,4.022,24.106,20.62
r02,r02_A1,A1,obfuscated,OPERATE,685,20.114,4.005,24.119,0.347
r02,r02_A1,A1,obfuscated,READ,686,20.082,4.008,24.09,20.531
r02,r02_A1,A1,obfuscated,READ,687,20.113,4.001,24.114,20.488
r02,r02_A1,A1,obfuscated,READ,688,20.113,3.986,24.099,20.486
r02,r02_A1,A1,obfuscated,READ,689,20.085,4.028,24.113,20.505
r02,r02_A1,A1,obfuscated,READ,690,20.106,4.001,24.107,20.494
r02,r02_A1,A1,obfuscated,READ,691,20.082,4.011,24.093,20.49
r02,r02_A1,A1,obfuscated,READ,692,20.108,4.002,24.11,20.5
r02,r02_A1,A1,obfuscated,READ,693,20.106,3.999,24.105,20.497
r02,r02_A1,A1,obfuscated,SELECT,694,20.083,4.023,24.106,20.632
r02,r02_A1,A1,obfuscated,OPERATE,695,20.104,4.005,24.109,0.347
r02,r02_A1,A1,obfuscated,READ,696,20.083,4.016,24.099,20.535
r02,r02_A1,A1,obfuscated,READ,697,20.109,3.984,24.093,20.49
r02,r02_A1,A1,obfuscated,READ,698,20.102,4.007,24.109,20.495
r02,r02_A1,A1,obfuscated,READ,699,20.084,4.016,24.1,20.506
r02,r02_A1,A1,obfuscated,READ,700,20.105,4.0,24.105,20.543
r02,r02_A1,A1,obfuscated,READ,701,20.085,3.953,24.038,20.449
r02,r02_A1,A1,obfuscated,SELECT,702,20.105,4.001,24.106,20.604
r02,r02_A1,A1,obfuscated,OPERATE,703,20.102,3.999,24.101,0.351
r02,r02_A1,A1,obfuscated,READ,704,20.104,4.023,24.127,20.559
r02,r02_A1,A1,obfuscated,READ,705,20.111,3.999,24.11,20.493
r02,r02_A1,A1,obfuscated,READ,706,20.083,4.019,24.102,20.489
r02,r02_A1,A1,obfuscated,READ,707,20.113,3.994,24.107,20.492
r02,r02_A1,A1,obfuscated,READ,708,20.092,4.014,24.106,20.517
r02,r02_A1,A1,obfuscated,SELECT,709,20.083,4.026,24.109,20.613
r02,r02_A1,A1,obfuscated,OPERATE,710,20.111,4.003,24.114,0.349
r02,r02_A1,A1,obfuscated,READ,711,20.083,4.019,24.102,20.544
r02,r02_A1,A1,obfuscated,READ,712,20.11,3.996,24.106,20.485
r02,r02_A1,A1,obfuscated,READ,713,20.105,4.002,24.107,20.492
r02,r02_A1,A1,obfuscated,READ,714,20.083,4.026,24.109,20.528
r02,r02_A1,A1,obfuscated,READ,715,20.112,3.997,24.109,20.474
r02,r02_A1,A1,obfuscated,READ,716,20.084,4.014,24.098,20.514
r02,r02_A1,A1,obfuscated,SELECT,717,20.111,4.001,24.112,20.578
r02,r02_A1,A1,obfuscated,OPERATE,718,20.107,3.998,24.105,0.348
r02,r02_A1,A1,obfuscated,READ,719,20.083,4.026,24.109,20.559
r02,r02_A1,A1,obfuscated,READ,720,20.105,4.002,24.107,20.491
r02,r02_A1,A1,obfuscated,READ,721,20.083,3.955,24.038,20.459
r02,r02_A1,A1,obfuscated,READ,722,20.105,4.002,24.107,20.499
r02,r02_A1,A1,obfuscated,READ,723,20.102,4.008,24.11,20.505
r02,r02_A1,A1,obfuscated,READ,724,20.084,4.028,24.112,20.507
r02,r02_A1,A1,obfuscated,READ,725,20.107,4.001,24.108,20.562
r02,r02_A1,A1,obfuscated,SELECT,726,20.105,4.005,24.11,20.61
r02,r02_A1,A1,obfuscated,OPERATE,727,20.11,4.019,24.129,0.352
r02,r02_A1,A1,obfuscated,READ,728,20.101,4.011,24.112,20.534
r02,r02_A1,A1,obfuscated,READ,729,20.082,4.028,24.11,20.491
r02,r02_A1,A1,obfuscated,READ,730,20.109,3.996,24.105,20.491
r02,r02_A1,A1,obfuscated,READ,731,20.093,4.016,24.109,20.527
r02,r02_A1,A1,obfuscated,READ,732,20.104,4.001,24.105,20.486
r02,r02_A1,A1,obfuscated,SELECT,733,20.111,3.999,24.11,20.596
r02,r02_A1,A1,obfuscated,OPERATE,734,20.087,4.022,24.109,0.378
r02,r02_A1,A1,obfuscated,READ,735,20.11,3.998,24.108,20.534
r02,r02_A1,A1,obfuscated,READ,736,20.082,4.025,24.107,20.509
r02,r02_A1,A1,obfuscated,READ,737,20.092,4.02,24.112,20.481
r02,r02_A1,A1,obfuscated,READ,738,20.107,4.0,24.107,20.503
r02,r02_A1,A1,obfuscated,READ,739,20.082,4.025,24.107,20.484
r02,r02_A1,A1,obfuscated,READ,740,20.108,3.998,24.106,20.495
r02,r02_A1,A1,obfuscated,SELECT,741,20.106,3.999,24.105,20.614
r02,r02_A1,A1,obfuscated,OPERATE,742,20.119,4.0,24.119,0.347
r02,r02_A1,A1,obfuscated,READ,743,20.107,4.004,24.111,20.531
r02,r02_A1,A1,obfuscated,READ,744,20.082,4.008,24.09,20.49
r02,r02_A1,A1,obfuscated,READ,745,20.11,3.996,24.106,20.492
r02,r02_A1,A1,obfuscated,READ,746,20.101,4.003,24.104,20.499
r02,r02_A1,A1,obfuscated,READ,747,20.061,4.052,24.113,20.496
r02,r02_A1,A1,obfuscated,SELECT,748,20.106,3.997,24.103,20.535
r02,r02_A1,A1,obfuscated,OPERATE,749,20.113,3.983,24.096,0.366
r02,r02_A1,A1,obfuscated,READ,750,20.113,3.997,24.11,20.595
r02,r02_A1,A1,obfuscated,READ,751,20.103,4.006,24.109,20.501
r02,r02_A1,A1,obfuscated,READ,752,20.084,4.021,24.105,20.517
r02,r02_A1,A1,obfuscated,READ,753,20.106,3.999,24.105,20.501
r02,r02_A1,A1,obfuscated,READ,754,20.082,4.007,24.089,20.459
r02,r02_A1,A1,obfuscated,READ,755,20.103,4.009,24.112,20.498
r02,r02_A1,A1,obfuscated,READ,756,20.103,3.984,24.087,20.487
r02,r02_A1,A1,obfuscated,SELECT,757,20.082,4.024,24.106,20.633
r02,r02_A1,A1,obfuscated,OPERATE,758,20.106,3.998,24.104,0.349
r02,r02_A1,A1,obfuscated,READ,759,20.083,4.012,24.095,20.541
r02,r02_A1,A1,obfuscated,READ,760,20.113,3.997,24.11,20.507
r02,r02_A1,A1,obfuscated,READ,761,20.086,4.02,24.106,20.505
r02,r02_A1,A1,obfuscated,READ,762,20.082,4.023,24.105,20.511
r02,r02_A1,A1,obfuscated,READ,763,20.11,4.0,24.11,20.5
r02,r02_A1,A1,obfuscated,READ,764,20.082,4.025,24.107,20.507
r02,r02_A1,A1,obfuscated,READ,765,20.107,3.999,24.106,20.498
r02,r02_A1,A1,obfuscated,READ,766,20.108,3.997,24.105,20.486
r02,r02_A1,A1,obfuscated,READ,767,20.081,3.955,24.036,20.528
r02,r02_A1,A1,obfuscated,SELECT,768,20.104,4.01,24.114,20.547
r02,r02_A1,A1,obfuscated,OPERATE,769,20.105,4.009,24.114,0.367
r02,r02_A1,A1,obfuscated,READ,770,20.111,3.997,24.108,20.553
r02,r02_A1,A1,obfuscated,READ,771,20.102,4.003,24.105,20.498
r02,r02_A1,A1,obfuscated,READ,772,20.081,4.025,24.106,20.527
r02,r02_A1,A1,obfuscated,READ,773,20.105,4.0,24.105,20.496
r02,r02_A1,A1,obfuscated,READ,774,20.04,4.064,24.104,20.509
r02,r02_A1,A1,obfuscated,READ,775,20.103,3.988,24.091,20.548
r02,r02_A1,A1,obfuscated,SELECT,776,20.106,4.002,24.108,20.599
r02,r02_A1,A1,obfuscated,OPERATE,777,20.106,4.003,24.109,0.365
r02,r02_A1,A1,obfuscated,READ,778,20.107,3.998,24.105,20.54
r02,r02_A1,A1,obfuscated,READ,779,20.116,3.994,24.11,20.533
r02,r02_A1,A1,obfuscated,READ,780,20.083,4.03,24.113,20.497
r02,r02_A1,A1,obfuscated,READ,781,20.107,4.001,24.108,20.411
r02,r02_A1,A1,obfuscated,READ,782,20.082,4.023,24.105,20.494
r02,r02_A1,A1,obfuscated,SELECT,783,20.107,4.003,24.11,20.602
r02,r02_A1,A1,obfuscated,OPERATE,784,20.102,3.979,24.081,0.349
r02,r02_A1,A1,obfuscated,READ,785,20.094,4.014,24.108,20.545
r02,r02_A1,A1,obfuscated,READ,786,20.089,3.996,24.085,20.483
r02,r02_A1,A1,obfuscated,READ,787,20.083,3.953,24.036,20.525
r02,r02_A1,A1,obfuscated,READ,788,20.104,4.007,24.111,20.435
r02,r02_A1,A1,obfuscated,READ,789,20.087,4.024,24.111,20.499
r02,r02_OFF,OFF,native,READ,0,0.428,22.138,22.566,
r02,r02_OFF,OFF,native,READ,1,0.437,3.832,4.269,20.509
r02,r02_OFF,OFF,native,READ,2,0.567,3.94,4.507,20.496
r02,r02_OFF,OFF,native,READ,3,0.492,9.035,9.527,20.485
r02,r02_OFF,OFF,native,READ,4,0.522,3.946,4.468,20.493
r02,r02_OFF,OFF,native,READ,5,0.526,3.988,4.514,20.512
r02,r02_OFF,OFF,native,READ,6,0.53,4.068,4.598,20.502
r02,r02_OFF,OFF,native,READ,7,0.459,2.185,2.644,20.421
r02,r02_OFF,OFF,native,SELECT,8,0.521,1.111,1.632,20.623
r02,r02_OFF,OFF,native,OPERATE,9,1.573,1.843,3.416,0.38
r02,r02_OFF,OFF,native,READ,10,0.573,2.091,2.664,20.579
r02,r02_OFF,OFF,native,READ,11,0.54,1.119,1.659,20.423
r02,r02_OFF,OFF,native,READ,12,0.579,1.137,1.716,20.5
r02,r02_OFF,OFF,native,READ,13,0.523,2.096,2.619,20.501
r02,r02_OFF,OFF,native,READ,14,0.565,1.101,1.666,20.529
r02,r02_OFF,OFF,native,READ,15,0.512,2.136,2.648,20.527
r02,r02_OFF,OFF,native,READ,16,0.626,4.489,5.115,20.5
r02,r02_OFF,OFF,native,READ,17,0.555,12.464,13.019,20.517
r02,r02_OFF,OFF,native,SELECT,18,0.555,9.305,9.86,20.614
r02,r02_OFF,OFF,native,OPERATE,19,1.488,5.036,6.524,0.398
r02,r02_OFF,OFF,native,READ,20,0.53,7.844,8.374,20.584
r02,r02_OFF,OFF,native,READ,21,0.576,3.918,4.494,20.501
r02,r02_OFF,OFF,native,READ,22,0.55,4.157,4.707,20.497
r02,r02_OFF,OFF,native,READ,23,0.569,3.862,4.431,20.528
r02,r02_OFF,OFF,native,READ,24,0.567,3.775,4.342,20.524
r02,r02_OFF,OFF,native,READ,25,0.581,3.922,4.503,20.503
r02,r02_OFF,OFF,native,READ,26,0.571,3.864,4.435,20.606
r02,r02_OFF,OFF,native,READ,27,0.562,1.1,1.662,20.528
r02,r02_OFF,OFF,native,READ,28,0.507,2.187,2.694,20.498
r02,r02_OFF,OFF,native,SELECT,29,0.558,1.053,1.611,20.609
r02,r02_OFF,OFF,native,OPERATE,30,0.492,2.875,3.367,0.358
r02,r02_OFF,OFF,native,READ,31,0.76,1.095,1.855,20.492
r02,r02_OFF,OFF,native,READ,32,1.493,1.139,2.632,20.5
r02,r02_OFF,OFF,native,READ,33,0.562,1.252,1.814,20.54
r02,r02_OFF,OFF,native,READ,34,0.568,2.127,2.695,20.431
r02,r02_OFF,OFF,native,READ,35,0.571,1.121,1.692,20.495
r02,r02_OFF,OFF,native,READ,36,0.566,1.982,2.548,20.51
r02,r02_OFF,OFF,native,READ,37,0.689,1.116,1.805,20.487
r02,r02_OFF,OFF,native,READ,38,0.57,1.098,1.668,20.527
r02,r02_OFF,OFF,native,READ,39,1.505,1.107,2.612,20.514
r02,r02_OFF,OFF,native,SELECT,40,0.583,12.639,13.222,20.601
r02,r02_OFF,OFF,native,OPERATE,41,0.571,6.003,6.574,0.38
r02,r02_OFF,OFF,native,READ,42,0.567,2.136,2.703,20.543
r02,r02_OFF,OFF,native,READ,43,0.58,4.04,4.62,20.424
r02,r02_OFF,OFF,native,READ,44,0.591,3.864,4.455,20.498
r02,r02_OFF,OFF,native,READ,45,0.563,4.012,4.575,20.501
r02,r02_OFF,OFF,native,READ,46,0.506,4.076,4.582,20.5
r02,r02_OFF,OFF,native,READ,47,0.571,3.783,4.354,20.501
r02,r02_OFF,OFF,native,READ,48,0.544,2.098,2.642,20.508
r02,r02_OFF,OFF,native,READ,49,4.745,1.194,5.939,20.445
r02,r02_OFF,OFF,native,SELECT,50,0.557,2.044,2.601,20.634
r02,r02_OFF,OFF,native,OPERATE,51,0.561,1.84,2.401,0.375
r02,r02_OFF,OFF,native,READ,52,1.56,1.095,2.655,20.627
r02,r02_OFF,OFF,native,READ,53,0.495,1.122,1.617,20.465
r02,r02_OFF,OFF,native,READ,54,0.565,2.107,2.672,20.525
r02,r02_OFF,OFF,native,READ,55,0.519,1.129,1.648,20.496
r02,r02_OFF,OFF,native,READ,56,0.484,2.177,2.661,20.498
r02,r02_OFF,OFF,native,SELECT,57,0.519,1.034,1.553,20.611
r02,r02_OFF,OFF,native,OPERATE,58,0.479,3.101,3.58,0.358
r02,r02_OFF,OFF,native,READ,59,0.511,1.163,1.674,20.566
r02,r02_OFF,OFF,native,READ,60,0.569,2.163,2.732,20.498
r02,r02_OFF,OFF,native,READ,61,0.558,1.102,1.66,20.499
r02,r02_OFF,OFF,native,READ,62,0.712,2.105,2.817,20.487
r02,r02_OFF,OFF,native,READ,63,0.561,1.101,1.662,20.5
r02,r02_OFF,OFF,native,READ,64,0.509,6.476,6.985,20.527
r02,r02_OFF,OFF,native,READ,65,0.552,3.883,4.435,20.496
r02,r02_OFF,OFF,native,READ,66,0.496,3.976,4.472,20.5
r02,r02_OFF,OFF,native,SELECT,67,0.551,3.752,4.303,20.604
r02,r02_OFF,OFF,native,OPERATE,68,0.524,4.943,5.467,0.445
r02,r02_OFF,OFF,native,READ,69,0.549,3.163,3.712,20.521
r02,r02_OFF,OFF,native,READ,70,0.561,3.98,4.541,20.499
r02,r02_OFF,OFF,native,READ,71,0.556,3.796,4.352,20.503
r02,r02_OFF,OFF,native,READ,72,0.521,1.137,1.658,20.519
r02,r02_OFF,OFF,native,READ,73,0.596,2.193,2.789,20.499
r02,r02_OFF,OFF,native,READ,74,0.572,1.107,1.679,20.501
r02,r02_OFF,OFF,native,SELECT,75,0.569,1.96,2.529,20.64
r02,r02_OFF,OFF,native,OPERATE,76,0.491,2.143,2.634,0.379
r02,r02_OFF,OFF,native,READ,77,1.528,1.1,2.628,20.627
r02,r02_OFF,OFF,native,READ,78,0.582,1.109,1.691,20.513
r02,r02_OFF,OFF,native,READ,79,0.497,2.186,2.683,20.497
r02,r02_OFF,OFF,native,READ,80,0.572,1.036,1.608,20.501
r02,r02_OFF,OFF,native,READ,81,0.583,2.062,2.645,20.494
r02,r02_OFF,OFF,native,READ,82,0.589,1.109,1.698,20.511
r02,r02_OFF,OFF,native,READ,83,0.568,1.08,1.648,20.524
r02,r02_OFF,OFF,native,SELECT,84,1.733,1.04,2.773,20.592
r02,r02_OFF,OFF,native,OPERATE,85,0.46,2.994,3.454,0.356
r02,r02_OFF,OFF,native,READ,86,0.555,1.132,1.687,20.543
r02,r02_OFF,OFF,native,READ,87,0.555,2.472,3.027,20.503
r02,r02_OFF,OFF,native,READ,88,0.561,4.221,4.782,20.427
r02,r02_OFF,OFF,native,READ,89,0.548,12.607,13.155,20.496
r02,r02_OFF,OFF,native,READ,90,0.458,4.179,4.637,20.552
r02,r02_OFF,OFF,native,SELECT,91,0.567,3.72,4.287,20.609
r02,r02_OFF,OFF,native,OPERATE,92,0.569,4.872,5.441,0.373
r02,r02_OFF,OFF,native,READ,93,1.573,2.15,3.723,20.544
r02,r02_OFF,OFF,native,READ,94,0.495,4.02,4.515,20.508
r02,r02_OFF,OFF,native,READ,95,0.532,2.087,2.619,20.509
r02,r02_OFF,OFF,native,READ,96,0.611,1.167,1.778,20.479
r02,r02_OFF,OFF,native,READ,97,0.529,1.102,1.631,20.505
r02,r02_OFF,OFF,native,READ,98,1.588,1.106,2.694,20.519
r02,r02_OFF,OFF,native,SELECT,99,0.582,1.039,1.621,20.618
r02,r02_OFF,OFF,native,OPERATE,100,1.639,1.85,3.489,0.356
r02,r02_OFF,OFF,native,READ,101,0.576,2.133,2.709,20.637
r02,r02_OFF,OFF,native,READ,102,0.545,1.125,1.67,20.494
r02,r02_OFF,OFF,native,READ,103,0.492,2.14,2.632,20.499
r02,r02_OFF,OFF,native,READ,104,0.612,1.095,1.707,20.502
r02,r02_OFF,OFF,native,READ,105,0.569,1.118,1.687,20.503
r02,r02_OFF,OFF,native,READ,106,0.53,2.064,2.594,20.536
r02,r02_OFF,OFF,native,READ,107,0.558,1.11,1.668,20.478
r02,r02_OFF,OFF,native,READ,108,0.523,2.138,2.661,20.494
r02,r02_OFF,OFF,native,SELECT,109,0.567,1.042,1.609,20.602
r02,r02_OFF,OFF,native,OPERATE,110,0.492,3.047,3.539,0.36
r02,r02_OFF,OFF,native,READ,111,0.502,4.531,5.033,20.532
r02,r02_OFF,OFF,native,READ,112,0.495,4.123,4.618,20.506
r02,r02_OFF,OFF,native,READ,113,0.497,3.924,4.421,20.543
r02,r02_OFF,OFF,native,READ,114,0.57,3.886,4.456,20.474
r02,r02_OFF,OFF,native,READ,115,0.571,3.973,4.544,20.458
r02,r02_OFF,OFF,native,READ,116,0.566,4.133,4.699,20.46
r02,r02_OFF,OFF,native,SELECT,117,0.534,3.731,4.265,20.554
r02,r02_OFF,OFF,native,OPERATE,118,0.572,6.155,6.727,0.336
r02,r02_OFF,OFF,native,READ,119,0.54,1.147,1.687,20.426
r02,r02_OFF,OFF,native,READ,120,0.492,2.143,2.635,20.456
r02,r02_OFF,OFF,native,READ,121,0.577,1.105,1.682,20.506
r02,r02_OFF,OFF,native,READ,122,0.548,1.101,1.649,20.505
r02,r02_OFF,OFF,native,READ,123,0.519,6.212,6.731,20.565
r02,r02_OFF,OFF,native,READ,124,0.564,1.094,1.658,20.554
r02,r02_OFF,OFF,native,READ,125,0.455,2.133,2.588,20.527
r02,r02_OFF,OFF,native,READ,126,0.498,1.164,1.662,20.568
r02,r02_OFF,OFF,native,SELECT,127,0.457,1.08,1.537,20.525
r02,r02_OFF,OFF,native,OPERATE,128,1.328,1.889,3.217,0.355
r02,r02_OFF,OFF,native,READ,129,0.502,2.225,2.727,20.543
r02,r02_OFF,OFF,native,READ,130,0.484,1.16,1.644,20.509
r02,r02_OFF,OFF,native,READ,131,0.549,2.088,2.637,20.496
r02,r02_OFF,OFF,native,READ,132,0.58,4.208,4.788,20.548
r02,r02_OFF,OFF,native,READ,133,2.072,2.671,4.743,20.48
r02,r02_OFF,OFF,native,READ,134,0.522,3.867,4.389,20.492
r02,r02_OFF,OFF,native,READ,135,0.573,3.833,4.406,20.5
r02,r02_OFF,OFF,native,READ,136,0.581,3.954,4.535,20.494
r02,r02_OFF,OFF,native,SELECT,137,0.504,12.107,12.611,20.643
r02,r02_OFF,OFF,native,OPERATE,138,0.575,5.593,6.168,0.353
r02,r02_OFF,OFF,native,READ,139,0.569,3.05,3.619,20.607
r02,r02_OFF,OFF,native,READ,140,0.495,4.048,4.543,20.51
r02,r02_OFF,OFF,native,READ,141,0.489,2.158,2.647,20.503
r02,r02_OFF,OFF,native,READ,142,0.923,1.16,2.083,20.441
r02,r02_OFF,OFF,native,READ,143,0.521,1.108,1.629,20.508
r02,r02_OFF,OFF,native,READ,144,1.584,1.104,2.688,20.551
r02,r02_OFF,OFF,native,READ,145,0.532,1.093,1.625,20.48
r02,r02_OFF,OFF,native,READ,146,0.69,2.091,2.781,20.491
r02,r02_OFF,OFF,native,READ,147,0.53,1.142,1.672,20.501
r02,r02_OFF,OFF,native,SELECT,148,0.523,2.048,2.571,20.641
r02,r02_OFF,OFF,native,OPERATE,149,0.551,2.798,3.349,0.391
r02,r02_OFF,OFF,native,READ,150,0.677,1.096,1.773,20.577
r02,r02_OFF,OFF,native,READ,151,0.544,1.167,1.711,20.559
r02,r02_OFF,OFF,native,READ,152,2.665,1.309,3.974,20.495
r02,r02_OFF,OFF,native,READ,153,0.521,2.073,2.594,20.504
r02,r02_OFF,OFF,native,READ,154,0.569,1.154,1.723,20.521
r02,r02_OFF,OFF,native,READ,155,0.524,1.1,1.624,20.498
r02,r02_OFF,OFF,native,READ,156,1.686,5.71,7.396,20.494
r02,r02_OFF,OFF,native,SELECT,157,0.503,3.906,4.409,20.601
r02,r02_OFF,OFF,native,OPERATE,158,0.569,5.852,6.421,0.323
r02,r02_OFF,OFF,native,READ,159,0.459,2.337,2.796,20.592
r02,r02_OFF,OFF,native,READ,160,0.499,3.824,4.323,20.499
r02,r02_OFF,OFF,native,READ,161,0.508,4.103,4.611,20.501
r02,r02_OFF,OFF,native,READ,162,0.509,3.965,4.474,20.505
r02,r02_OFF,OFF,native,READ,163,0.501,3.946,4.447,20.495
r02,r02_OFF,OFF,native,READ,164,0.488,2.151,2.639,20.501
r02,r02_OFF,OFF,native,READ,165,0.508,1.168,1.676,20.492
r02,r02_OFF,OFF,native,READ,166,0.565,2.078,2.643,20.493
r02,r02_OFF,OFF,native,READ,167,0.56,1.09,1.65,20.499
r02,r02_OFF,OFF,native,SELECT,168,0.556,3.257,3.813,20.626
r02,r02_OFF,OFF,native,OPERATE,169,0.561,4.735,5.296,0.353
r02,r02_OFF,OFF,native,READ,170,0.558,3.164,3.722,20.548
r02,r02_OFF,OFF,native,READ,171,3.126,1.526,4.652,20.497
r02,r02_OFF,OFF,native,READ,172,0.458,3.96,4.418,20.49
r02,r02_OFF,OFF,native,READ,173,0.552,1.096,1.648,20.499
r02,r02_OFF,OFF,native,READ,174,1.487,1.13,2.617,20.497
r02,r02_OFF,OFF,native,SELECT,175,0.471,1.025,1.496,20.603
r02,r02_OFF,OFF,native,OPERATE,176,1.506,1.838,3.344,0.344
r02,r02_OFF,OFF,native,READ,177,0.499,2.302,2.801,20.529
r02,r02_OFF,OFF,native,READ,178,0.502,2.213,2.715,20.5
r02,r02_OFF,OFF,native,READ,179,0.574,2.292,2.866,20.529
r02,r02_OFF,OFF,native,READ,180,0.498,3.973,4.471,20.453
r02,r02_OFF,OFF,native,READ,181,0.493,4.119,4.612,20.461
r02,r02_OFF,OFF,native,READ,182,0.497,4.217,4.714,20.424
r02,r02_OFF,OFF,native,READ,183,0.505,4.25,4.755,20.353
r02,r02_OFF,OFF,native,READ,184,0.541,7.944,8.485,20.432
r02,r02_OFF,OFF,native,SELECT,185,0.507,4.942,5.449,20.527
r02,r02_OFF,OFF,native,OPERATE,186,0.562,3.805,4.367,0.349
r02,r02_OFF,OFF,native,READ,187,0.502,6.341,6.843,20.603
r02,r02_OFF,OFF,native,READ,188,0.537,8.827,9.364,20.517
r02,r02_OFF,OFF,native,READ,189,0.549,3.565,4.114,20.499
r02,r02_OFF,OFF,native,READ,190,0.563,1.12,1.683,20.465
r02,r02_OFF,OFF,native,READ,191,0.507,2.073,2.58,20.501
r02,r02_OFF,OFF,native,READ,192,0.547,1.159,1.706,20.498
r02,r02_OFF,OFF,native,SELECT,193,0.457,1.108,1.565,20.609
r02,r02_OFF,OFF,native,OPERATE,194,1.164,1.944,3.108,0.353
r02,r02_OFF,OFF,native,READ,195,2.31,1.16,3.47,20.586
r02,r02_OFF,OFF,native,READ,196,0.569,1.091,1.66,20.503
r02,r02_OFF,OFF,native,READ,197,0.477,2.293,2.77,20.498
r02,r02_OFF,OFF,native,READ,198,0.558,1.095,1.653,20.502
r02,r02_OFF,OFF,native,READ,199,0.512,2.126,2.638,20.503
r02,r02_OFF,OFF,native,READ,200,0.568,1.115,1.683,20.529
r02,r02_OFF,OFF,native,SELECT,201,0.715,6.708,7.423,20.709
r02,r02_OFF,OFF,native,OPERATE,202,0.575,4.165,4.74,0.356
r02,r02_OFF,OFF,native,READ,203,0.47,8.036,8.506,20.542
r02,r02_OFF,OFF,native,READ,204,0.505,3.961,4.466,20.469
r02,r02_OFF,OFF,native,READ,205,0.512,4.103,4.615,20.505
r02,r02_OFF,OFF,native,READ,206,0.586,3.74,4.326,20.493
r02,r02_OFF,OFF,native,READ,207,0.51,3.992,4.502,20.503
r02,r02_OFF,OFF,native,SELECT,208,0.508,3.863,4.371,20.592
r02,r02_OFF,OFF,native,OPERATE,209,0.568,4.854,5.422,0.355
r02,r02_OFF,OFF,native,READ,210,1.538,2.11,3.648,20.605
r02,r02_OFF,OFF,native,READ,211,0.553,2.064,2.617,20.495
r02,r02_OFF,OFF,native,READ,212,0.719,1.027,1.746,20.492
r02,r02_OFF,OFF,native,READ,213,0.463,1.155,1.618,20.502
r02,r02_OFF,OFF,native,READ,214,1.639,1.107,2.746,20.524
r02,r02_OFF,OFF,native,READ,215,0.528,1.096,1.624,20.494
r02,r02_OFF,OFF,native,READ,216,0.578,2.237,2.815,20.459
r02,r02_OFF,OFF,native,READ,217,0.451,1.214,1.665,20.496
r02,r02_OFF,OFF,native,SELECT,218,0.526,2.006,2.532,20.624
r02,r02_OFF,OFF,native,OPERATE,219,0.491,1.939,2.43,0.352
r02,r02_OFF,OFF,native,READ,220,1.537,1.098,2.635,20.541
r02,r02_OFF,OFF,native,READ,221,0.518,1.133,1.651,20.501
r02,r02_OFF,OFF,native,READ,222,0.558,2.103,2.661,20.576
r02,r02_OFF,OFF,native,READ,223,0.523,1.201,1.724,20.535
r02,r02_OFF,OFF,native,READ,224,2.931,1.161,4.092,20.501
r02,r02_OFF,OFF,native,READ,225,0.519,4.484,5.003,20.5
r02,r02_OFF,OFF,native,SELECT,226,0.582,3.549,4.131,20.658
r02,r02_OFF,OFF,native,OPERATE,227,0.572,5.929,6.501,0.356
r02,r02_OFF,OFF,native,READ,228,0.567,2.068,2.635,20.603
r02,r02_OFF,OFF,native,READ,229,2.897,1.673,4.57,20.505
r02,r02_OFF,OFF,native,READ,230,1.579,2.956,4.535,20.444
r02,r02_OFF,OFF,native,READ,231,1.581,2.837,4.418,20.501
r02,r02_OFF,OFF,native,READ,232,1.539,2.993,4.532,20.493
r02,r02_OFF,OFF,native,SELECT,233,1.575,1.032,2.607,20.606
r02,r02_OFF,OFF,native,OPERATE,234,4.67,2.913,7.583,0.352
r02,r02_OFF,OFF,native,READ,235,0.451,1.188,1.639,20.539
r02,r02_OFF,OFF,native,READ,236,0.64,2.049,2.689,20.502
r02,r02_OFF,OFF,native,READ,237,0.455,1.221,1.676,20.536
r02,r02_OFF,OFF,native,READ,238,0.536,1.098,1.634,20.503
r02,r02_OFF,OFF,native,READ,239,1.495,1.11,2.605,20.482
r02,r02_OFF,OFF,native,READ,240,0.493,1.17,1.663,20.5
r02,r02_OFF,OFF,native,SELECT,241,0.503,2.095,2.598,20.604
r02,r02_OFF,OFF,native,OPERATE,242,0.448,2.91,3.358,0.371
r02,r02_OFF,OFF,native,READ,243,0.542,1.169,1.711,20.524
r02,r02_OFF,OFF,native,READ,244,3.309,1.098,4.407,20.493
r02,r02_OFF,OFF,native,READ,245,0.493,1.17,1.663,20.494
r02,r02_OFF,OFF,native,READ,246,0.566,2.207,2.773,20.501
r02,r02_OFF,OFF,native,READ,247,0.555,1.101,1.656,20.498
r02,r02_OFF,OFF,native,READ,248,0.523,6.796,7.319,20.543
r02,r02_OFF,OFF,native,READ,249,0.58,3.898,4.478,20.5
r02,r02_OFF,OFF,native,READ,250,0.57,3.886,4.456,20.553
r02,r02_OFF,OFF,native,SELECT,251,0.498,8.153,8.651,20.658
r02,r02_OFF,OFF,native,OPERATE,252,0.535,10.844,11.379,0.354
r02,r02_OFF,OFF,native,READ,253,1.33,1.559,2.889,20.545
r02,r02_OFF,OFF,native,READ,254,0.455,3.937,4.392,20.495
r02,r02_OFF,OFF,native,READ,255,0.568,3.947,4.515,20.5
r02,r02_OFF,OFF,native,READ,256,0.468,2.18,2.648,20.501
r02,r02_OFF,OFF,native,READ,257,0.641,1.21,1.851,20.492
r02,r02_OFF,OFF,native,READ,258,0.569,2.075,2.644,20.536
r02,r02_OFF,OFF,native,READ,259,0.558,1.095,1.653,20.521
r02,r02_OFF,OFF,native,SELECT,260,0.486,2.267,2.753,20.648
r02,r02_OFF,OFF,native,OPERATE,261,0.49,1.89,2.38,0.352
r02,r02_OFF,OFF,native,READ,262,1.601,1.075,2.676,20.468
r02,r02_OFF,OFF,native,READ,263,0.483,1.183,1.666,20.493
r02,r02_OFF,OFF,native,READ,264,0.556,2.078,2.634,20.509
r02,r02_OFF,OFF,native,READ,265,0.54,1.113,1.653,20.498
r02,r02_OFF,OFF,native,READ,266,0.563,2.154,2.717,20.527
r02,r02_OFF,OFF,native,SELECT,267,0.503,1.11,1.613,20.64
r02,r02_OFF,OFF,native,OPERATE,268,0.446,2.956,3.402,0.356
r02,r02_OFF,OFF,native,READ,269,0.528,1.188,1.716,20.594
r02,r02_OFF,OFF,native,READ,270,0.505,2.129,2.634,20.498
r02,r02_OFF,OFF,native,READ,271,0.526,1.299,1.825,20.491
r02,r02_OFF,OFF,native,READ,272,0.525,4.469,4.994,20.527
r02,r02_OFF,OFF,native,READ,273,0.498,3.901,4.399,20.493
r02,r02_OFF,OFF,native,READ,274,0.576,3.915,4.491,20.504
r02,r02_OFF,OFF,native,READ,275,0.502,4.028,4.53,20.495
r02,r02_OFF,OFF,native,READ,276,0.555,3.992,4.547,20.538
r02,r02_OFF,OFF,native,READ,277,2.945,1.615,4.56,20.448
r02,r02_OFF,OFF,native,SELECT,278,0.475,3.761,4.236,20.555
r02,r02_OFF,OFF,native,OPERATE,279,1.527,5.166,6.693,0.304
r02,r02_OFF,OFF,native,READ,280,0.55,1.129,1.679,20.51
r02,r02_OFF,OFF,native,READ,281,0.504,2.131,2.635,20.448
r02,r02_OFF,OFF,native,READ,282,0.497,5.288,5.785,20.443
r02,r02_OFF,OFF,native,READ,283,0.544,1.102,1.646,20.453
r02,r02_OFF,OFF,native,READ,284,1.567,1.101,2.668,20.432
r02,r02_OFF,OFF,native,READ,285,0.551,1.093,1.644,20.466
r02,r02_OFF,OFF,native,SELECT,286,0.575,2.009,2.584,20.556
r02,r02_OFF,OFF,native,OPERATE,287,0.524,2.875,3.399,0.319
r02,r02_OFF,OFF,native,READ,288,0.56,1.117,1.677,20.514
r02,r02_OFF,OFF,native,READ,289,0.54,1.109,1.649,20.433
r02,r02_OFF,OFF,native,READ,290,0.567,2.105,2.672,20.447
r02,r02_OFF,OFF,native,READ,291,0.493,1.12,1.613,20.452
r02,r02_OFF,OFF,native,READ,292,0.563,6.254,6.817,20.447
r02,r02_OFF,OFF,native,READ,293,0.504,1.165,1.669,20.46
r02,r02_OFF,OFF,native,READ,294,0.5,3.775,4.275,20.455
r02,r02_OFF,OFF,native,READ,295,0.495,3.818,4.313,20.49
r02,r02_OFF,OFF,native,SELECT,296,0.506,3.843,4.349,20.583
r02,r02_OFF,OFF,native,OPERATE,297,0.571,13.307,13.878,0.354
r02,r02_OFF,OFF,native,READ,298,0.507,4.038,4.545,20.534
r02,r02_OFF,OFF,native,READ,299,0.506,4.335,4.841,20.486
r02,r02_OFF,OFF,native,READ,300,1.576,2.402,3.978,20.52
r02,r02_OFF,OFF,native,READ,301,2.882,1.574,4.456,20.548
r02,r02_OFF,OFF,native,READ,302,0.5,2.19,2.69,20.503
r02,r02_OFF,OFF,native,SELECT,303,0.724,1.151,1.875,20.593
r02,r02_OFF,OFF,native,OPERATE,304,1.567,1.855,3.422,0.368
r02,r02_OFF,OFF,native,READ,305,0.548,2.113,2.661,20.555
r02,r02_OFF,OFF,native,READ,306,0.565,1.103,1.668,20.491
r02,r02_OFF,OFF,native,READ,307,0.58,1.092,1.672,20.518
r02,r02_OFF,OFF,native,READ,308,0.471,2.203,2.674,20.474
r02,r02_OFF,OFF,native,READ,309,0.483,1.166,1.649,20.495
r02,r02_OFF,OFF,native,SELECT,310,0.534,2.009,2.543,20.6
r02,r02_OFF,OFF,native,OPERATE,311,0.489,1.899,2.388,0.35
r02,r02_OFF,OFF,native,READ,312,1.618,1.081,2.699,20.549
r02,r02_OFF,OFF,native,READ,313,0.517,1.164,1.681,20.509
r02,r02_OFF,OFF,native,READ,314,0.548,2.106,2.654,20.488
r02,r02_OFF,OFF,native,READ,315,0.523,1.135,1.658,20.509
r02,r02_OFF,OFF,native,READ,316,0.498,6.064,6.562,20.499
r02,r02_OFF,OFF,native,READ,317,0.557,3.998,4.555,20.497
r02,r02_OFF,OFF,native,SELECT,318,0.472,3.79,4.262,20.61
r02,r02_OFF,OFF,native,OPERATE,319,0.564,4.904,5.468,0.352
r02,r02_OFF,OFF,native,READ,320,0.568,3.09,3.658,20.572
r02,r02_OFF,OFF,native,READ,321,0.461,4.069,4.53,20.508
r02,r02_OFF,OFF,native,READ,322,0.502,4.099,4.601,20.496
r02,r02_OFF,OFF,native,READ,323,0.492,3.867,4.359,20.498
r02,r02_OFF,OFF,native,READ,324,0.566,4.376,4.942,20.412
r02,r02_OFF,OFF,native,SELECT,325,0.522,1.034,1.556,20.623
r02,r02_OFF,OFF,native,OPERATE,326,1.535,1.828,3.363,0.35
r02,r02_OFF,OFF,native,READ,327,0.566,2.062,2.628,20.601
r02,r02_OFF,OFF,native,READ,328,0.524,1.096,1.62,20.506
r02,r02_OFF,OFF,native,READ,329,0.573,1.107,1.68,20.497
r02,r02_OFF,OFF,native,READ,330,0.494,2.091,2.585,20.512
r02,r02_OFF,OFF,native,READ,331,0.488,5.26,5.748,20.483
r02,r02_OFF,OFF,native,READ,332,0.491,2.401,2.892,20.417
r02,r02_OFF,OFF,native,SELECT,333,0.496,1.276,1.772,20.636
r02,r02_OFF,OFF,native,OPERATE,334,0.573,2.841,3.414,0.364
r02,r02_OFF,OFF,native,READ,335,0.558,1.106,1.664,20.542
r02,r02_OFF,OFF,native,READ,336,1.561,1.091,2.652,20.488
r02,r02_OFF,OFF,native,READ,337,0.478,1.174,1.652,20.493
r02,r02_OFF,OFF,native,READ,338,0.49,3.008,3.498,20.492
r02,r02_OFF,OFF,native,READ,339,0.498,4.119,4.617,20.497
r02,r02_OFF,OFF,native,READ,340,0.498,3.894,4.392,20.487
r02,r02_OFF,OFF,native,READ,341,0.508,5.044,5.552,20.491
r02,r02_OFF,OFF,native,READ,342,0.504,2.976,3.48,20.492
r02,r02_OFF,OFF,native,SELECT,343,0.512,3.76,4.272,20.617
r02,r02_OFF,OFF,native,OPERATE,344,0.565,4.869,5.434,0.351
r02,r02_OFF,OFF,native,READ,345,1.579,2.142,3.721,20.556
r02,r02_OFF,OFF,native,READ,346,0.503,7.653,8.156,20.474
r02,r02_OFF,OFF,native,READ,347,0.56,5.319,5.879,20.5
r02,r02_OFF,OFF,native,READ,348,1.538,8.971,10.509,20.496
r02,r02_OFF,OFF,native,READ,349,0.574,4.044,4.618,20.484
r02,r02_OFF,OFF,native,READ,350,0.459,1.181,1.64,20.488
r02,r02_OFF,OFF,native,READ,351,0.495,2.151,2.646,20.573
r02,r02_OFF,OFF,native,SELECT,352,0.574,1.035,1.609,20.629
r02,r02_OFF,OFF,native,OPERATE,353,0.44,2.922,3.362,0.37
r02,r02_OFF,OFF,native,READ,354,0.512,1.212,1.724,20.563
r02,r02_OFF,OFF,native,READ,355,3.203,1.707,4.91,20.497
r02,r02_OFF,OFF,native,READ,356,1.507,2.908,4.415,20.489
r02,r02_OFF,OFF,native,READ,357,1.473,5.501,6.974,20.504
r02,r02_OFF,OFF,native,READ,358,0.514,1.211,1.725,20.518
r02,r02_OFF,OFF,native,READ,359,0.559,2.068,2.627,20.511
r02,r02_OFF,OFF,native,READ,360,0.542,1.29,1.832,20.416
r02,r02_OFF,OFF,native,SELECT,361,0.464,2.111,2.575,20.599
r02,r02_OFF,OFF,native,OPERATE,362,0.555,7.733,8.288,0.351
r02,r02_OFF,OFF,native,READ,363,0.467,1.215,1.682,20.547
r02,r02_OFF,OFF,native,READ,364,0.492,4.899,5.391,20.439
r02,r02_OFF,OFF,native,READ,365,0.534,3.971,4.505,20.503
r02,r02_OFF,OFF,native,READ,366,0.505,3.997,4.502,20.491
r02,r02_OFF,OFF,native,READ,367,0.527,4.046,4.573,20.482
r02,r02_OFF,OFF,native,READ,368,0.455,4.262,4.717,20.491
r02,r02_OFF,OFF,native,READ,369,1.558,2.696,4.254,20.492
r02,r02_OFF,OFF,native,READ,370,0.456,4.033,4.489,20.493
r02,r02_OFF,OFF,native,READ,371,0.574,2.142,2.716,20.481
r02,r02_OFF,OFF,native,SELECT,372,0.634,1.082,1.716,20.594
r02,r02_OFF,OFF,native,OPERATE,373,1.524,1.838,3.362,0.348
r02,r02_OFF,OFF,native,READ,374,0.553,2.089,2.642,20.531
r02,r02_OFF,OFF,native,READ,375,0.557,1.102,1.659,20.488
r02,r02_OFF,OFF,native,READ,376,0.498,1.164,1.662,20.542
r02,r02_OFF,OFF,native,READ,377,0.554,2.134,2.688,20.4
r02,r02_OFF,OFF,native,READ,378,0.555,1.09,1.645,20.488
r02,r02_OFF,OFF,native,SELECT,379,0.463,2.17,2.633,20.611
r02,r02_OFF,OFF,native,OPERATE,380,0.481,2.913,3.394,0.35
r02,r02_OFF,OFF,native,READ,381,0.603,1.11,1.713,20.54
r02,r02_OFF,OFF,native,READ,382,0.493,1.175,1.668,20.487
r02,r02_OFF,OFF,native,READ,383,0.476,2.115,2.591,20.491
r02,r02_OFF,OFF,native,READ,384,1.523,2.293,3.816,20.534
r02,r02_OFF,OFF,native,READ,385,0.536,1.104,1.64,20.511
r02,r02_OFF,OFF,native,READ,386,0.629,1.088,1.717,20.491
r02,r02_OFF,OFF,native,READ,387,0.452,3.935,4.387,20.488
r02,r02_OFF,OFF,native,SELECT,388,0.464,4.036,4.5,20.595
r02,r02_OFF,OFF,native,OPERATE,389,1.347,1.882,3.229,0.347
r02,r02_OFF,OFF,native,READ,390,0.532,6.231,6.763,20.582
r02,r02_OFF,OFF,native,READ,391,0.575,3.995,4.57,20.509
r02,r02_OFF,OFF,native,READ,392,0.586,3.817,4.403,20.49
r02,r02_OFF,OFF,native,READ,393,0.509,4.012,4.521,20.492
r02,r02_OFF,OFF,native,READ,394,0.51,4.005,4.515,20.492
r02,r02_OFF,OFF,native,SELECT,395,0.517,2.073,2.59,20.599
r02,r02_OFF,OFF,native,OPERATE,396,1.483,1.857,3.34,0.353
r02,r02_OFF,OFF,native,READ,397,0.556,2.091,2.647,20.467
r02,r02_OFF,OFF,native,READ,398,0.453,1.238,1.691,20.477
r02,r02_OFF,OFF,native,READ,399,0.54,2.353,2.893,20.49
r02,r02_OFF,OFF,native,READ,400,0.606,1.109,1.715,20.49
r02,r02_OFF,OFF,native,READ,401,0.563,1.1,1.663,20.579
r02,r02_OFF,OFF,native,READ,402,0.456,2.378,2.834,20.498
r02,r02_OFF,OFF,native,READ,403,0.556,1.067,1.623,20.496
r02,r02_OFF,OFF,native,READ,404,0.565,2.034,2.599,20.507
r02,r02_OFF,OFF,native,SELECT,405,0.568,1.033,1.601,20.606
r02,r02_OFF,OFF,native,OPERATE,406,0.56,2.866,3.426,0.383
r02,r02_OFF,OFF,native,READ,407,0.553,1.106,1.659,20.531
r02,r02_OFF,OFF,native,READ,408,0.522,2.147,2.669,20.505
r02,r02_OFF,OFF,native,READ,409,0.57,1.033,1.603,20.497
r02,r02_OFF,OFF,native,READ,410,0.604,2.058,2.662,20.438
r02,r02_OFF,OFF,native,READ,411,0.501,3.872,4.373,20.491
r02,r02_OFF,OFF,native,SELECT,412,0.506,3.925,4.431,20.604
r02,r02_OFF,OFF,native,OPERATE,413,0.575,4.768,5.343,0.353
r02,r02_OFF,OFF,native,READ,414,1.206,2.642,3.848,20.563
r02,r02_OFF,OFF,native,READ,415,0.572,3.728,4.3,20.489
r02,r02_OFF,OFF,native,READ,416,0.568,3.969,4.537,20.497
r02,r02_OFF,OFF,native,READ,417,0.49,4.04,4.53,20.504
r02,r02_OFF,OFF,native,READ,418,0.501,1.811,2.312,20.497
r02,r02_OFF,OFF,native,SELECT,419,1.581,1.071,2.652,20.628
r02,r02_OFF,OFF,native,OPERATE,420,0.621,3.107,3.728,0.3
r02,r02_OFF,OFF,native,READ,421,0.489,1.168,1.657,20.466
r02,r02_OFF,OFF,native,READ,422,0.533,2.063,2.596,20.481
r02,r02_OFF,OFF,native,READ,423,0.566,1.091,1.657,20.498
r02,r02_OFF,OFF,native,READ,424,0.497,1.125,1.622,20.52
r02,r02_OFF,OFF,native,READ,425,1.518,1.097,2.615,20.494
r02,r02_OFF,OFF,native,READ,426,0.522,1.095,1.617,20.572
r02,r02_OFF,OFF,native,READ,427,0.508,2.232,2.74,20.498
r02,r02_OFF,OFF,native,READ,428,0.451,1.097,1.548,20.492
r02,r02_OFF,OFF,native,SELECT,429,0.491,2.235,2.726,20.601
r02,r02_OFF,OFF,native,OPERATE,430,0.489,1.892,2.381,0.349
r02,r02_OFF,OFF,native,READ,431,1.501,1.174,2.675,20.546
r02,r02_OFF,OFF,native,READ,432,0.515,1.117,1.632,20.506
r02,r02_OFF,OFF,native,READ,433,0.576,2.117,2.693,20.492
r02,r02_OFF,OFF,native,READ,434,0.561,4.175,4.736,20.507
r02,r02_OFF,OFF,native,READ,435,0.493,4.173,4.666,20.501
r02,r02_OFF,OFF,native,READ,436,0.56,3.812,4.372,20.501
r02,r02_OFF,OFF,native,READ,437,0.49,3.992,4.482,20.491
r02,r02_OFF,OFF,native,SELECT,438,1.762,2.62,4.382,20.609
r02,r02_OFF,OFF,native,OPERATE,439,0.505,4.165,4.67,0.351
r02,r02_OFF,OFF,native,READ,440,0.459,3.24,3.699,20.534
r02,r02_OFF,OFF,native,READ,441,0.563,3.907,4.47,20.499
r02,r02_OFF,OFF,native,READ,442,0.491,1.14,1.631,20.479
r02,r02_OFF,OFF,native,READ,443,0.55,6.653,7.203,20.498
r02,r02_OFF,OFF,native,READ,444,0.464,1.18,1.644,20.475
r02,r02_OFF,OFF,native,SELECT,445,0.49,2.14,2.63,20.6
r02,r02_OFF,OFF,native,OPERATE,446,0.489,1.875,2.364,0.351
r02,r02_OFF,OFF,native,READ,447,1.575,1.096,2.671,20.533
r02,r02_OFF,OFF,native,READ,448,0.481,1.16,1.641,20.498
r02,r02_OFF,OFF,native,READ,449,0.576,2.06,2.636,20.527
r02,r02_OFF,OFF,native,READ,450,0.56,1.098,1.658,20.495
r02,r02_OFF,OFF,native,READ,451,0.559,2.095,2.654,20.565
r02,r02_OFF,OFF,native,SELECT,452,0.46,1.161,1.621,20.602
r02,r02_OFF,OFF,native,OPERATE,453,0.485,2.932,3.417,0.348
r02,r02_OFF,OFF,native,READ,454,0.716,1.151,1.867,20.537
r02,r02_OFF,OFF,native,READ,455,0.557,2.055,2.612,20.502
r02,r02_OFF,OFF,native,READ,456,0.524,5.416,5.94,20.509
r02,r02_OFF,OFF,native,READ,457,0.565,2.056,2.621,20.446
r02,r02_OFF,OFF,native,READ,458,0.565,15.108,15.673,20.492
r02,r02_OFF,OFF,native,SELECT,459,1.537,4.681,6.218,20.601
r02,r02_OFF,OFF,native,OPERATE,460,0.58,4.219,4.799,0.35
r02,r02_OFF,OFF,native,READ,461,0.499,3.182,3.681,20.559
r02,r02_OFF,OFF,native,READ,462,0.552,3.973,4.525,20.505
r02,r02_OFF,OFF,native,READ,463,0.565,3.929,4.494,20.51
r02,r02_OFF,OFF,native,READ,464,0.559,4.203,4.762,20.512
r02,r02_OFF,OFF,native,READ,465,0.516,1.105,1.621,20.506
r02,r02_OFF,OFF,native,SELECT,466,0.514,2.103,2.617,20.602
r02,r02_OFF,OFF,native,OPERATE,467,0.565,2.825,3.39,0.35
r02,r02_OFF,OFF,native,READ,468,4.181,1.141,5.322,20.577
r02,r02_OFF,OFF,native,READ,469,0.541,1.1,1.641,20.518
r02,r02_OFF,OFF,native,READ,470,0.569,2.243,2.812,20.522
r02,r02_OFF,OFF,native,READ,471,0.456,1.203,1.659,20.499
r02,r02_OFF,OFF,native,READ,472,0.571,2.059,2.63,20.502
r02,r02_OFF,OFF,native,SELECT,473,0.58,1.036,1.616,20.616
r02,r02_OFF,OFF,native,OPERATE,474,0.513,2.83,3.343,0.368
r02,r02_OFF,OFF,native,READ,475,0.512,1.189,1.701,20.563
r02,r02_OFF,OFF,native,READ,476,0.558,2.107,2.665,20.569
r02,r02_OFF,OFF,native,READ,477,0.45,1.222,1.672,20.474
r02,r02_OFF,OFF,native,READ,478,2.918,1.131,4.049,20.496
r02,r02_OFF,OFF,native,READ,479,0.533,1.114,1.647,20.497
r02,r02_OFF,OFF,native,SELECT,480,1.567,1.141,2.708,20.64
r02,r02_OFF,OFF,native,OPERATE,481,0.559,2.814,3.373,0.3
r02,r02_OFF,OFF,native,READ,482,0.563,5.299,5.862,20.532
r02,r02_OFF,OFF,native,READ,483,0.573,12.939,13.512,20.485
r02,r02_OFF,OFF,native,READ,484,0.52,6.063,6.583,20.441
r02,r02_OFF,OFF,native,READ,485,0.502,3.868,4.37,20.488
r02,r02_OFF,OFF,native,READ,486,0.505,4.028,4.533,20.477
r02,r02_OFF,OFF,native,SELECT,487,1.85,2.557,4.407,20.6
r02,r02_OFF,OFF,native,OPERATE,488,0.532,4.396,4.928,0.35
r02,r02_OFF,OFF,native,READ,489,0.503,1.121,1.624,20.56
r02,r02_OFF,OFF,native,READ,490,1.564,1.069,2.633,20.5
r02,r02_OFF,OFF,native,READ,491,0.612,1.445,2.057,20.514
r02,r02_OFF,OFF,native,READ,492,0.528,2.059,2.587,20.497
r02,r02_OFF,OFF,native,READ,493,0.493,1.22,1.713,20.494
r02,r02_OFF,OFF,native,SELECT,494,0.563,2.002,2.565,20.609
r02,r02_OFF,OFF,native,OPERATE,495,0.528,2.83,3.358,0.381
r02,r02_OFF,OFF,native,READ,496,0.548,1.091,1.639,20.564
r02,r02_OFF,OFF,native,READ,497,0.558,1.106,1.664,20.503
r02,r02_OFF,OFF,native,READ,498,0.567,2.069,2.636,20.424
r02,r02_OFF,OFF,native,READ,499,0.443,1.203,1.646,20.495
r02,r02_OFF,OFF,native,READ,500,0.479,2.203,2.682,20.508
r02,r02_OFF,OFF,native,SELECT,501,0.495,1.089,1.584,20.663
r02,r02_OFF,OFF,native,OPERATE,502,0.444,3.119,3.563,0.351
r02,r02_OFF,OFF,native,READ,503,0.559,1.077,1.636,20.549
r02,r02_OFF,OFF,native,READ,504,0.532,2.106,2.638,20.521
r02,r02_OFF,OFF,native,READ,505,0.574,4.121,4.695,20.514
r02,r02_OFF,OFF,native,READ,506,0.491,3.857,4.348,20.492
r02,r02_OFF,OFF,native,READ,507,0.568,8.241,8.809,20.521
r02,r02_OFF,OFF,native,SELECT,508,0.468,8.882,9.35,20.602
r02,r02_OFF,OFF,native,OPERATE,509,0.527,10.898,11.425,0.353
r02,r02_OFF,OFF,native,READ,510,0.541,7.869,8.41,20.548
r02,r02_OFF,OFF,native,READ,511,0.566,8.223,8.789,20.532
r02,r02_OFF,OFF,native,READ,512,0.541,8.989,9.53,20.487
r02,r02_OFF,OFF,native,READ,513,0.569,3.957,4.526,20.489
r02,r02_OFF,OFF,native,READ,514,0.498,4.184,4.682,20.49
r02,r02_OFF,OFF,native,SELECT,515,0.526,1.998,2.524,20.622
r02,r02_OFF,OFF,native,OPERATE,516,0.738,2.883,3.621,0.35
r02,r02_OFF,OFF,native,READ,517,0.562,1.14,1.702,20.559
r02,r02_OFF,OFF,native,READ,518,0.566,1.104,1.67,20.521
r02,r02_OFF,OFF,native,READ,519,0.447,2.238,2.685,20.503
r02,r02_OFF,OFF,native,READ,520,0.479,1.096,1.575,20.491
r02,r02_OFF,OFF,native,READ,521,0.477,6.426,6.903,20.491
r02,r02_OFF,OFF,native,SELECT,522,0.566,1.03,1.596,20.627
r02,r02_OFF,OFF,native,OPERATE,523,0.558,2.904,3.462,0.377
r02,r02_OFF,OFF,native,READ,524,0.566,3.372,3.938,20.546
r02,r02_OFF,OFF,native,READ,525,0.497,4.089,4.586,20.501
r02,r02_OFF,OFF,native,READ,526,0.486,1.464,1.95,20.547
r02,r02_OFF,OFF,native,READ,527,0.576,2.359,2.935,20.49
r02,r02_OFF,OFF,native,READ,528,0.562,3.786,4.348,20.491
r02,r02_OFF,OFF,native,READ,529,0.57,3.908,4.478,20.495
r02,r02_OFF,OFF,native,SELECT,530,0.575,3.783,4.358,20.599
r02,r02_OFF,OFF,native,OPERATE,531,0.497,4.192,4.689,0.35
r02,r02_OFF,OFF,native,READ,532,0.463,3.364,3.827,20.544
r02,r02_OFF,OFF,native,READ,533,0.575,3.797,4.372,20.494
r02,r02_OFF,OFF,native,READ,534,0.499,4.175,4.674,20.485
r02,r02_OFF,OFF,native,READ,535,0.562,1.09,1.652,20.484
r02,r02_OFF,OFF,native,READ,536,0.568,2.144,2.712,20.512
r02,r02_OFF,OFF,native,READ,537,0.558,1.103,1.661,20.496
r02,r02_OFF,OFF,native,SELECT,538,0.519,4.954,5.473,20.611
r02,r02_OFF,OFF,native,OPERATE,539,1.097,1.929,3.026,0.349
r02,r02_OFF,OFF,native,READ,540,0.526,2.106,2.632,20.564
r02,r02_OFF,OFF,native,READ,541,2.621,2.271,4.892,20.507
r02,r02_OFF,OFF,native,READ,542,0.519,1.138,1.657,20.513
r02,r02_OFF,OFF,native,READ,543,0.538,2.178,2.716,20.504
r02,r02_OFF,OFF,native,READ,544,0.573,1.09,1.663,20.491
r02,r02_OFF,OFF,native,SELECT,545,0.544,1.04,1.584,20.638
r02,r02_OFF,OFF,native,OPERATE,546,1.088,1.893,2.981,0.372
r02,r02_OFF,OFF,native,READ,547,0.505,2.096,2.601,20.546
r02,r02_OFF,OFF,native,READ,548,0.577,1.08,1.657,20.489
r02,r02_OFF,OFF,native,READ,549,0.569,4.795,5.364,20.508
r02,r02_OFF,OFF,native,READ,550,0.499,2.189,2.688,20.487
r02,r02_OFF,OFF,native,READ,551,0.688,5.534,6.222,20.554
r02,r02_OFF,OFF,native,SELECT,552,0.505,3.902,4.407,20.597
r02,r02_OFF,OFF,native,OPERATE,553,1.54,4.96,6.5,0.298
r02,r02_OFF,OFF,native,READ,554,0.493,3.304,3.797,20.538
r02,r02_OFF,OFF,native,READ,555,0.461,3.923,4.384,20.492
r02,r02_OFF,OFF,native,READ,556,0.498,4.047,4.545,20.491
r02,r02_OFF,OFF,native,READ,557,0.49,4.011,4.501,20.493
r02,r02_OFF,OFF,native,READ,558,0.491,3.989,4.48,20.486
r02,r02_OFF,OFF,native,SELECT,559,0.454,1.103,1.557,20.6
r02,r02_OFF,OFF,native,OPERATE,560,0.497,2.922,3.419,0.348
r02,r02_OFF,OFF,native,READ,561,0.977,1.244,2.221,20.545
r02,r02_OFF,OFF,native,READ,562,1.479,1.105,2.584,20.504
r02,r02_OFF,OFF,native,READ,563,0.486,1.221,1.707,20.496
r02,r02_OFF,OFF,native,READ,564,0.449,2.107,2.556,20.49
r02,r02_OFF,OFF,native,READ,565,0.706,1.105,1.811,20.486
r02,r02_OFF,OFF,native,SELECT,566,0.569,2.003,2.572,20.63
r02,r02_OFF,OFF,native,OPERATE,567,0.516,1.854,2.37,0.369
r02,r02_OFF,OFF,native,READ,568,0.448,2.161,2.609,20.563
r02,r02_OFF,OFF,native,READ,569,0.56,1.096,1.656,20.495
r02,r02_OFF,OFF,native,READ,570,0.526,2.158,2.684,20.523
r02,r02_OFF,OFF,native,READ,571,4.38,1.098,5.478,20.497
r02,r02_OFF,OFF,native,READ,572,0.569,1.091,1.66,20.496
r02,r02_OFF,OFF,native,SELECT,573,1.544,1.033,2.577,20.619
r02,r02_OFF,OFF,native,OPERATE,574,0.488,2.967,3.455,0.352
r02,r02_OFF,OFF,native,READ,575,0.501,4.495,4.996,20.544
r02,r02_OFF,OFF,native,READ,576,0.553,12.866,13.419,20.55
r02,r02_OFF,OFF,native,READ,577,0.525,4.572,5.097,20.515
r02,r02_OFF,OFF,native,READ,578,0.45,4.019,4.469,20.49
r02,r02_OFF,OFF,native,READ,579,0.522,4.017,4.539,20.491
r02,r02_OFF,OFF,native,READ,580,2.943,1.648,4.591,20.484
r02,r02_OFF,OFF,native,READ,581,0.463,4.032,4.495,20.441
r02,r02_OFF,OFF,native,SELECT,582,0.501,2.047,2.548,20.601
r02,r02_OFF,OFF,native,OPERATE,583,0.5,2.915,3.415,0.357
r02,r02_OFF,OFF,native,READ,584,0.568,1.185,1.753,20.459
r02,r02_OFF,OFF,native,READ,585,0.57,1.099,1.669,20.502
r02,r02_OFF,OFF,native,READ,586,0.56,2.859,3.419,20.518
r02,r02_OFF,OFF,native,READ,587,0.546,1.098,1.644,20.529
r02,r02_OFF,OFF,native,READ,588,1.617,1.087,2.704,20.488
r02,r02_OFF,OFF,native,READ,589,0.529,1.096,1.625,20.507
r02,r02_OFF,OFF,native,READ,590,0.569,2.273,2.842,20.415
r02,r02_OFF,OFF,native,SELECT,591,0.496,1.104,1.6,20.596
r02,r02_OFF,OFF,native,OPERATE,592,0.46,2.921,3.381,0.349
r02,r02_OFF,OFF,native,READ,593,0.476,1.233,1.709,20.535
r02,r02_OFF,OFF,native,READ,594,1.569,1.08,2.649,20.497
r02,r02_OFF,OFF,native,READ,595,0.511,1.148,1.659,20.521
r02,r02_OFF,OFF,native,READ,596,0.571,2.086,2.657,20.5
r02,r02_OFF,OFF,native,READ,597,0.527,1.139,1.666,20.509
r02,r02_OFF,OFF,native,SELECT,598,0.5,3.982,4.482,20.61
r02,r02_OFF,OFF,native,OPERATE,599,0.454,6.067,6.521,0.352
r02,r02_OFF,OFF,native,READ,600,0.563,3.275,3.838,20.538
r02,r02_OFF,OFF,native,READ,601,0.554,2.672,3.226,20.591
r02,r02_OFF,OFF,native,READ,602,1.531,2.978,4.509,20.493
r02,r02_OFF,OFF,native,READ,603,1.489,4.144,5.633,20.494
r02,r02_OFF,OFF,native,READ,604,0.621,2.769,3.39,20.51
r02,r02_OFF,OFF,native,READ,605,1.566,2.896,4.462,20.492
r02,r02_OFF,OFF,native,SELECT,606,1.509,1.06,2.569,20.606
r02,r02_OFF,OFF,native,OPERATE,607,0.459,2.948,3.407,0.352
r02,r02_OFF,OFF,native,READ,608,0.525,1.104,1.629,20.546
r02,r02_OFF,OFF,native,READ,609,0.483,2.116,2.599,20.494
r02,r02_OFF,OFF,native,READ,610,0.482,5.267,5.749,20.51
r02,r02_OFF,OFF,native,READ,611,0.572,1.097,1.669,20.502
r02,r02_OFF,OFF,native,READ,612,0.56,2.102,2.662,20.525
r02,r02_OFF,OFF,native,SELECT,613,0.562,0.964,1.526,20.6
r02,r02_OFF,OFF,native,OPERATE,614,0.519,2.9,3.419,0.3
r02,r02_OFF,OFF,native,READ,615,0.511,1.106,1.617,20.538
r02,r02_OFF,OFF,native,READ,616,1.552,1.141,2.693,20.488
r02,r02_OFF,OFF,native,READ,617,0.467,1.157,1.624,20.497
r02,r02_OFF,OFF,native,READ,618,0.572,2.114,2.686,20.486
r02,r02_OFF,OFF,native,READ,619,0.549,1.097,1.646,20.508
r02,r02_OFF,OFF,native,READ,620,0.55,6.401,6.951,20.491
r02,r02_OFF,OFF,native,SELECT,621,0.465,4.771,5.236,20.554
r02,r02_OFF,OFF,native,OPERATE,622,0.569,4.274,4.843,0.363
r02,r02_OFF,OFF,native,READ,623,0.491,3.111,3.602,20.548
r02,r02_OFF,OFF,native,READ,624,0.492,3.982,4.474,20.473
r02,r02_OFF,OFF,native,READ,625,3.67,5.951,9.621,20.422
r02,r02_OFF,OFF,native,READ,626,0.578,3.892,4.47,20.55
r02,r02_OFF,OFF,native,READ,627,0.499,3.919,4.418,20.484
r02,r02_OFF,OFF,native,SELECT,628,0.494,3.954,4.448,20.603
r02,r02_OFF,OFF,native,OPERATE,629,0.57,5.83,6.4,0.349
r02,r02_OFF,OFF,native,READ,630,0.576,1.096,1.672,20.538
r02,r02_OFF,OFF,native,READ,631,0.553,1.107,1.66,20.49
r02,r02_OFF,OFF,native,READ,632,1.565,1.113,2.678,20.488
r02,r02_OFF,OFF,native,READ,633,0.539,1.098,1.637,20.496
r02,r02_OFF,OFF,native,READ,634,0.565,2.574,3.139,20.51
r02,r02_OFF,OFF,native,SELECT,635,0.454,1.111,1.565,20.602
r02,r02_OFF,OFF,native,OPERATE,636,1.67,1.866,3.536,0.35
r02,r02_OFF,OFF,native,READ,637,0.52,2.149,2.669,20.55
r02,r02_OFF,OFF,native,READ,638,0.558,1.095,1.653,20.509
r02,r02_OFF,OFF,native,READ,639,0.553,1.096,1.649,20.497
r02,r02_OFF,OFF,native,READ,640,1.566,1.16,2.726,20.527
r02,r02_OFF,OFF,native,READ,641,0.46,1.262,1.722,20.498
r02,r02_OFF,OFF,native,READ,642,0.559,2.1,2.659,20.485
r02,r02_OFF,OFF,native,SELECT,643,0.562,1.054,1.616,20.621
r02,r02_OFF,OFF,native,OPERATE,644,0.444,2.965,3.409,0.372
r02,r02_OFF,OFF,native,READ,645,0.592,14.986,15.578,20.567
r02,r02_OFF,OFF,native,READ,646,0.572,4.532,5.104,20.503
r02,r02_OFF,OFF,native,READ,647,0.503,4.015,4.518,20.49
r02,r02_OFF,OFF,native,READ,648,0.567,4.086,4.653,20.417
r02,r02_OFF,OFF,native,READ,649,3.812,5.66,9.472,20.493
r02,r02_OFF,OFF,native,SELECT,650,0.504,3.926,4.43,20.598
r02,r02_OFF,OFF,native,OPERATE,651,0.574,5.744,6.318,0.35
r02,r02_OFF,OFF,native,READ,652,0.502,2.281,2.783,20.613
r02,r02_OFF,OFF,native,READ,653,0.532,2.084,2.616,20.487
r02,r02_OFF,OFF,native,READ,654,0.578,1.12,1.698,20.489
r02,r02_OFF,OFF,native,READ,655,0.541,2.112,2.653,20.502
r02,r02_OFF,OFF,native,READ,656,0.56,1.073,1.633,20.518
r02,r02_OFF,OFF,native,READ,657,0.558,1.095,1.653,20.506
r02,r02_OFF,OFF,native,READ,658,1.613,1.091,2.704,20.497
r02,r02_OFF,OFF,native,SELECT,659,0.461,1.026,1.487,20.596
r02,r02_OFF,OFF,native,OPERATE,660,1.613,2.027,3.64,0.29
r02,r02_OFF,OFF,native,READ,661,0.48,2.187,2.667,20.544
r02,r02_OFF,OFF,native,READ,662,0.555,1.111,1.666,20.534
r02,r02_OFF,OFF,native,READ,663,0.525,1.159,1.684,20.498
r02,r02_OFF,OFF,native,READ,664,3.261,1.167,4.428,20.495
r02,r02_OFF,OFF,native,READ,665,1.564,1.105,2.669,20.513
r02,r02_OFF,OFF,native,SELECT,666,0.462,1.319,1.781,20.597
r02,r02_OFF,OFF,native,OPERATE,667,1.368,1.949,3.317,0.349
r02,r02_OFF,OFF,native,READ,668,0.552,6.206,6.758,20.542
r02,r02_OFF,OFF,native,READ,669,0.504,12.142,12.646,20.503
r02,r02_OFF,OFF,native,READ,670,0.482,4.948,5.43,20.524
r02,r02_OFF,OFF,native,READ,671,0.579,3.803,4.382,20.504
r02,r02_OFF,OFF,native,READ,672,0.566,3.897,4.463,20.507
r02,r02_OFF,OFF,native,READ,673,3.916,10.548,14.464,20.485
r02,r02_OFF,OFF,native,READ,674,0.58,9.824,10.404,20.489
r02,r02_OFF,OFF,native,SELECT,675,0.471,8.963,9.434,20.597
r02,r02_OFF,OFF,native,OPERATE,676,0.495,8.917,9.412,0.35
r02,r02_OFF,OFF,native,READ,677,2.319,1.509,3.828,20.579
r02,r02_OFF,OFF,native,READ,678,0.534,2.958,3.492,20.496
r02,r02_OFF,OFF,native,READ,679,0.584,4.825,5.409,20.487
r02,r02_OFF,OFF,native,READ,680,0.494,1.173,1.667,20.489
r02,r02_OFF,OFF,native,READ,681,0.446,2.148,2.594,20.414
r02,r02_OFF,OFF,native,READ,682,0.558,1.089,1.647,20.505
r02,r02_OFF,OFF,native,READ,683,0.515,2.16,2.675,20.52
r02,r02_OFF,OFF,native,SELECT,684,0.569,1.037,1.606,20.616
r02,r02_OFF,OFF,native,OPERATE,685,0.568,2.908,3.476,0.35
r02,r02_OFF,OFF,native,READ,686,0.537,1.12,1.657,20.563
r02,r02_OFF,OFF,native,READ,687,0.518,2.03,2.548,20.494
r02,r02_OFF,OFF,native,READ,688,0.574,3.355,3.929,20.442
r02,r02_OFF,OFF,native,READ,689,0.454,3.855,4.309,20.509
r02,r02_OFF,OFF,native,READ,690,0.537,8.995,9.532,20.488
r02,r02_OFF,OFF,native,READ,691,1.931,2.532,4.463,20.487
r02,r02_OFF,OFF,native,READ,692,0.456,4.101,4.557,20.439
r02,r02_OFF,OFF,native,READ,693,0.507,4.128,4.635,20.486
r02,r02_OFF,OFF,native,SELECT,694,0.496,3.886,4.382,20.603
r02,r02_OFF,OFF,native,OPERATE,695,0.495,8.841,9.336,0.349
r02,r02_OFF,OFF,native,READ,696,0.565,3.29,3.855,20.466
r02,r02_OFF,OFF,native,READ,697,0.575,4.015,4.59,20.492
r02,r02_OFF,OFF,native,READ,698,0.492,3.857,4.349,20.481
r02,r02_OFF,OFF,native,READ,699,0.5,3.998,4.498,20.488
r02,r02_OFF,OFF,native,READ,700,3.361,1.166,4.527,20.434
r02,r02_OFF,OFF,native,READ,701,0.492,1.168,1.66,20.545
r02,r02_OFF,OFF,native,SELECT,702,0.534,2.224,2.758,20.607
r02,r02_OFF,OFF,native,OPERATE,703,0.513,2.914,3.427,0.374
r02,r02_OFF,OFF,native,READ,704,0.451,1.184,1.635,20.55
r02,r02_OFF,OFF,native,READ,705,0.558,2.067,2.625,20.509
r02,r02_OFF,OFF,native,READ,706,0.527,1.111,1.638,20.504
r02,r02_OFF,OFF,native,READ,707,0.562,1.097,1.659,20.501
r02,r02_OFF,OFF,native,READ,708,0.52,2.066,2.586,20.477
r02,r02_OFF,OFF,native,SELECT,709,0.492,1.16,1.652,20.596
r02,r02_OFF,OFF,native,OPERATE,710,1.522,1.821,3.343,0.349
r02,r02_OFF,OFF,native,READ,711,0.622,2.102,2.724,20.533
r02,r02_OFF,OFF,native,READ,712,0.57,1.085,1.655,20.491
r02,r02_OFF,OFF,native,READ,713,0.662,6.663,7.325,20.517
r02,r02_OFF,OFF,native,READ,714,0.601,3.863,4.464,20.494
r02,r02_OFF,OFF,native,READ,715,0.671,12.307,12.978,20.484
r02,r02_OFF,OFF,native,READ,716,0.557,4.894,5.451,20.512
r02,r02_OFF,OFF,native,SELECT,717,0.542,3.728,4.27,20.628
r02,r02_OFF,OFF,native,OPERATE,718,0.463,4.549,5.012,0.419
r02,r02_OFF,OFF,native,READ,719,0.459,3.146,3.605,20.548
r02,r02_OFF,OFF,native,READ,720,0.5,1.165,1.665,20.49
r02,r02_OFF,OFF,native,READ,721,0.56,2.064,2.624,20.496
r02,r02_OFF,OFF,native,READ,722,0.522,1.136,1.658,20.506
r02,r02_OFF,OFF,native,READ,723,0.556,2.101,2.657,20.495
r02,r02_OFF,OFF,native,READ,724,0.519,1.16,1.679,20.494
r02,r02_OFF,OFF,native,READ,725,0.582,2.239,2.821,20.493
r02,r02_OFF,OFF,native,SELECT,726,0.52,1.096,1.616,20.655
r02,r02_OFF,OFF,native,OPERATE,727,0.531,2.911,3.442,0.364
r02,r02_OFF,OFF,native,READ,728,0.486,1.327,1.813,20.57
r02,r02_OFF,OFF,native,READ,729,0.569,2.123,2.692,20.516
r02,r02_OFF,OFF,native,READ,730,0.457,1.183,1.64,20.497
r02,r02_OFF,OFF,native,READ,731,0.491,2.117,2.608,20.501
r02,r02_OFF,OFF,native,READ,732,0.717,1.135,1.852,20.486
r02,r02_OFF,OFF,native,SELECT,733,0.531,1.038,1.569,20.598
r02,r02_OFF,OFF,native,OPERATE,734,1.232,1.884,3.116,0.377
r02,r02_OFF,OFF,native,READ,735,0.545,2.934,3.479,20.534
r02,r02_OFF,OFF,native,READ,736,0.472,4.006,4.478,20.494
r02,r02_OFF,OFF,native,READ,737,0.459,3.981,4.44,20.486
r02,r02_OFF,OFF,native,READ,738,0.563,4.151,4.714,20.447
r02,r02_OFF,OFF,native,READ,739,0.454,4.099,4.553,20.49
r02,r02_OFF,OFF,native,READ,740,0.583,3.809,4.392,20.485
r02,r02_OFF,OFF,native,SELECT,741,0.459,3.878,4.337,20.595
r02,r02_OFF,OFF,native,OPERATE,742,0.529,4.987,5.516,0.349
r02,r02_OFF,OFF,native,READ,743,0.455,3.359,3.814,20.538
r02,r02_OFF,OFF,native,READ,744,0.479,2.142,2.621,20.514
r02,r02_OFF,OFF,native,READ,745,0.571,1.095,1.666,20.517
r02,r02_OFF,OFF,native,READ,746,0.481,1.171,1.652,20.504
r02,r02_OFF,OFF,native,READ,747,1.492,1.107,2.599,20.491
r02,r02_OFF,OFF,native,SELECT,748,0.557,1.032,1.589,20.528
r02,r02_OFF,OFF,native,OPERATE,749,1.577,1.826,3.403,0.35
r02,r02_OFF,OFF,native,READ,750,0.573,11.209,11.782,20.55
r02,r02_OFF,OFF,native,READ,751,0.568,1.091,1.659,20.543
r02,r02_OFF,OFF,native,READ,752,0.441,2.229,2.67,20.504
r02,r02_OFF,OFF,native,READ,753,0.556,1.104,1.66,20.514
r02,r02_OFF,OFF,native,READ,754,0.514,1.107,1.621,20.495
r02,r02_OFF,OFF,native,READ,755,1.572,1.108,2.68,20.519
r02,r02_OFF,OFF,native,READ,756,0.452,1.177,1.629,20.5
r02,r02_OFF,OFF,native,SELECT,757,0.499,2.073,2.572,20.598
r02,r02_OFF,OFF,native,OPERATE,758,0.493,3.071,3.564,0.349
r02,r02_OFF,OFF,native,READ,759,0.496,1.167,1.663,20.534
r02,r02_OFF,OFF,native,READ,760,0.592,6.728,7.32,20.495
r02,r02_OFF,OFF,native,READ,761,0.503,4.04,4.543,20.489
r02,r02_OFF,OFF,native,READ,762,0.51,4.052,4.562,20.412
r02,r02_OFF,OFF,native,READ,763,0.504,4.144,4.648,20.492
r02,r02_OFF,OFF,native,READ,764,1.729,2.834,4.563,20.507
r02,r02_OFF,OFF,native,READ,765,0.558,3.651,4.209,20.518
r02,r02_OFF,OFF,native,READ,766,0.573,3.964,4.537,20.49
r02,r02_OFF,OFF,native,READ,767,0.579,1.084,1.663,20.487
r02,r02_OFF,OFF,native,SELECT,768,0.591,2.05,2.641,20.625
r02,r02_OFF,OFF,native,OPERATE,769,0.549,6.049,6.598,0.37
r02,r02_OFF,OFF,native,READ,770,0.545,2.129,2.674,20.538
r02,r02_OFF,OFF,native,READ,771,0.563,1.098,1.661,20.522
r02,r02_OFF,OFF,native,READ,772,0.515,2.084,2.599,20.49
r02,r02_OFF,OFF,native,READ,773,0.543,1.286,1.829,20.491
r02,r02_OFF,OFF,native,READ,774,0.45,1.176,1.626,20.461
r02,r02_OFF,OFF,native,READ,775,1.516,1.256,2.772,20.521
r02,r02_OFF,OFF,native,SELECT,776,0.569,1.036,1.605,20.671
r02,r02_OFF,OFF,native,OPERATE,777,1.319,1.922,3.241,0.349
r02,r02_OFF,OFF,native,READ,778,0.534,2.074,2.608,20.54
r02,r02_OFF,OFF,native,READ,779,4.41,1.157,5.567,20.512
r02,r02_OFF,OFF,native,READ,780,0.574,1.087,1.661,20.498
r02,r02_OFF,OFF,native,READ,781,0.548,2.298,2.846,20.503
r02,r02_OFF,OFF,native,READ,782,0.551,3.882,4.433,20.514
r02,r02_OFF,OFF,native,SELECT,783,0.573,3.671,4.244,20.63
r02,r02_OFF,OFF,native,OPERATE,784,0.578,15.044,15.622,0.35
r02,r02_OFF,OFF,native,READ,785,0.526,4.154,4.68,20.541
r02,r02_OFF,OFF,native,READ,786,0.502,3.984,4.486,20.499
r02,r02_OFF,OFF,native,READ,787,0.503,3.989,4.492,20.514
r03,r03_A1,A1,obfuscated,READ,0,20.103,6.264,26.367,
r03,r03_A1,A1,obfuscated,READ,1,20.112,3.97,24.082,20.507
r03,r03_A1,A1,obfuscated,READ,2,20.103,3.999,24.102,20.5
r03,r03_A1,A1,obfuscated,READ,3,20.082,4.025,24.107,20.446
r03,r03_A1,A1,obfuscated,READ,4,20.107,3.998,24.105,20.503
r03,r03_A1,A1,obfuscated,READ,5,20.096,4.011,24.107,20.494
r03,r03_A1,A1,obfuscated,SELECT,6,20.082,4.027,24.109,20.645
r03,r03_A1,A1,obfuscated,OPERATE,7,20.11,3.995,24.105,0.375
r03,r03_A1,A1,obfuscated,READ,8,20.106,4.005,24.111,20.57
r03,r03_A1,A1,obfuscated,READ,9,20.089,4.022,24.111,20.511
r03,r03_A1,A1,obfuscated,READ,10,20.099,4.001,24.1,20.503
r03,r03_A1,A1,obfuscated,READ,11,20.082,4.026,24.108,20.494
r03,r03_A1,A1,obfuscated,READ,12,20.11,3.996,24.106,20.489
r03,r03_A1,A1,obfuscated,READ,13,20.112,4.001,24.113,20.517
r03,r03_A1,A1,obfuscated,READ,14,20.083,3.955,24.038,20.527
r03,r03_A1,A1,obfuscated,SELECT,15,20.105,4.005,24.11,20.605
r03,r03_A1,A1,obfuscated,OPERATE,16,20.107,3.999,24.106,0.372
r03,r03_A1,A1,obfuscated,READ,17,20.109,4.002,24.111,20.544
r03,r03_A1,A1,obfuscated,READ,18,20.082,4.022,24.104,20.509
r03,r03_A1,A1,obfuscated,READ,19,20.083,4.024,24.107,20.528
r03,r03_A1,A1,obfuscated,READ,20,20.099,3.998,24.097,20.499
r03,r03_A1,A1,obfuscated,READ,21,20.085,4.025,24.11,20.512
r03,r03_A1,A1,obfuscated,SELECT,22,20.082,4.026,24.108,20.638
r03,r03_A1,A1,obfuscated,OPERATE,23,20.112,3.998,24.11,0.35
r03,r03_A1,A1,obfuscated,READ,24,20.083,4.023,24.106,20.556
r03,r03_A1,A1,obfuscated,READ,25,20.105,3.977,24.082,20.575
r03,r03_A1,A1,obfuscated,READ,26,20.107,3.998,24.105,20.497
r03,r03_A1,A1,obfuscated,READ,27,20.037,4.069,24.106,20.526
r03,r03_A1,A1,obfuscated,READ,28,20.1,4.002,24.102,20.486
r03,r03_A1,A1,obfuscated,READ,29,20.094,4.018,24.112,20.514
r03,r03_A1,A1,obfuscated,READ,30,20.098,4.011,24.109,20.489
r03,r03_A1,A1,obfuscated,SELECT,31,20.091,3.991,24.082,20.586
r03,r03_A1,A1,obfuscated,OPERATE,32,20.082,4.026,24.108,0.382
r03,r03_A1,A1,obfuscated,READ,33,20.106,4.002,24.108,20.546
r03,r03_A1,A1,obfuscated,READ,34,20.082,3.956,24.038,20.433
r03,r03_A1,A1,obfuscated,READ,35,20.103,4.007,24.11,20.498
r03,r03_A1,A1,obfuscated,READ,36,20.082,4.029,24.111,20.521
r03,r03_A1,A1,obfuscated,READ,37,20.082,4.023,24.105,20.534
r03,r03_A1,A1,obfuscated,READ,38,20.105,3.998,24.103,20.503
r03,r03_A1,A1,obfuscated,READ,39,20.1,4.009,24.109,20.519
r03,r03_A1,A1,obfuscated,SELECT,40,20.082,4.026,24.108,20.622
r03,r03_A1,A1,obfuscated,OPERATE,41,20.106,4.001,24.107,0.35
r03,r03_A1,A1,obfuscated,READ,42,20.082,4.029,24.111,20.545
r03,r03_A1,A1,obfuscated,READ,43,20.109,3.995,24.104,20.501
r03,r03_A1,A1,obfuscated,READ,44,20.107,4.002,24.109,20.519
r03,r03_A1,A1,obfuscated,READ,45,20.082,4.012,24.094,20.516
r03,r03_A1,A1,obfuscated,READ,46,20.105,4.0,24.105,20.485
r03,r03_A1,A1,obfuscated,READ,47,20.083,3.998,24.081,20.515
r03,r03_A1,A1,obfuscated,READ,48,20.103,4.003,24.106,20.494
r03,r03_A1,A1,obfuscated,SELECT,49,20.103,4.005,24.108,20.624
r03,r03_A1,A1,obfuscated,OPERATE,50,20.105,4.0,24.105,0.364
r03,r03_A1,A1,obfuscated,READ,51,20.113,3.986,24.099,20.609
r03,r03_A1,A1,obfuscated,READ,52,20.091,4.024,24.115,20.521
r03,r03_A1,A1,obfuscated,READ,53,20.092,3.999,24.091,20.492
r03,r03_A1,A1,obfuscated,READ,54,20.097,4.014,24.111,20.456
r03,r03_A1,A1,obfuscated,READ,55,20.085,4.024,24.109,20.527
r03,r03_A1,A1,obfuscated,READ,56,20.104,3.997,24.101,20.493
r03,r03_A1,A1,obfuscated,SELECT,57,20.106,4.001,24.107,20.622
r03,r03_A1,A1,obfuscated,OPERATE,58,20.116,3.996,24.112,0.352
r03,r03_A1,A1,obfuscated,READ,59,20.107,3.998,24.105,20.522
r03,r03_A1,A1,obfuscated,READ,60,20.083,4.026,24.109,20.496
r03,r03_A1,A1,obfuscated,READ,61,20.104,3.991,24.095,20.414
r03,r03_A1,A1,obfuscated,READ,62,20.088,4.017,24.105,20.503
r03,r03_A1,A1,obfuscated,READ,63,20.105,4.004,24.109,20.5
r03,r03_A1,A1,obfuscated,SELECT,64,20.109,4.001,24.11,20.603
r03,r03_A1,A1,obfuscated,OPERATE,65,20.105,4.002,24.107,0.381
r03,r03_A1,A1,obfuscated,READ,66,20.105,3.994,24.099,20.538
r03,r03_A1,A1,obfuscated,READ,67,20.088,3.999,24.087,20.449
r03,r03_A1,A1,obfuscated,READ,68,20.11,4.01,24.12,20.506
r03,r03_A1,A1,obfuscated,READ,69,20.105,4.004,24.109,20.497
r03,r03_A1,A1,obfuscated,READ,70,20.083,4.026,24.109,20.515
r03,r03_A1,A1,obfuscated,SELECT,71,20.111,3.998,24.109,20.602
r03,r03_A1,A1,obfuscated,OPERATE,72,20.106,4.006,24.112,0.352
r03,r03_A1,A1,obfuscated,READ,73,20.104,3.996,24.1,20.536
r03,r03_A1,A1,obfuscated,READ,74,20.115,3.989,24.104,20.461
r03,r03_A1,A1,obfuscated,READ,75,20.082,4.026,24.108,20.554
r03,r03_A1,A1,obfuscated,READ,76,20.109,4.003,24.112,20.49
r03,r03_A1,A1,obfuscated,READ,77,20.109,3.996,24.105,20.523
r03,r03_A1,A1,obfuscated,SELECT,78,20.083,4.026,24.109,20.612
r03,r03_A1,A1,obfuscated,OPERATE,79,20.105,4.002,24.107,0.35
r03,r03_A1,A1,obfuscated,READ,80,20.089,4.027,24.116,20.544
r03,r03_A1,A1,obfuscated,READ,81,20.101,3.997,24.098,20.416
r03,r03_A1,A1,obfuscated,READ,82,20.093,4.016,24.109,20.524
r03,r03_A1,A1,obfuscated,READ,83,20.109,3.995,24.104,20.494
r03,r03_A1,A1,obfuscated,READ,84,20.115,4.0,24.115,20.489
r03,r03_A1,A1,obfuscated,READ,85,20.082,4.022,24.104,20.5
r03,r03_A1,A1,obfuscated,READ,86,20.104,3.998,24.102,20.495
r03,r03_A1,A1,obfuscated,READ,87,20.083,4.028,24.111,20.535
r03,r03_A1,A1,obfuscated,SELECT,88,20.082,4.022,24.104,20.608
r03,r03_A1,A1,obfuscated,OPERATE,89,20.111,4.001,24.112,0.349
r03,r03_A1,A1,obfuscated,READ,90,20.082,4.028,24.11,20.548
r03,r03_A1,A1,obfuscated,READ,91,20.111,4.006,24.117,20.501
r03,r03_A1,A1,obfuscated,READ,92,20.107,4.003,24.11,20.492
r03,r03_A1,A1,obfuscated,READ,93,20.037,4.072,24.109,20.545
r03,r03_A1,A1,obfuscated,READ,94,20.093,4.0,24.093,20.425
r03,r03_A1,A1,obfuscated,SELECT,95,20.085,4.022,24.107,20.599
r03,r03_A1,A1,obfuscated,OPERATE,96,20.108,4.006,24.114,0.351
r03,r03_A1,A1,obfuscated,READ,97,20.109,3.988,24.097,20.571
r03,r03_A1,A1,obfuscated,READ,98,20.082,4.023,24.105,20.537
r03,r03_A1,A1,obfuscated,READ,99,20.115,3.982,24.097,20.499
r03,r03_A1,A1,obfuscated,READ,100,20.095,4.01,24.105,20.549
r03,r03_A1,A1,obfuscated,READ,101,20.105,4.006,24.111,20.49
r03,r03_A1,A1,obfuscated,SELECT,102,20.099,3.999,24.098,20.609
r03,r03_A1,A1,obfuscated,OPERATE,103,20.11,3.997,24.107,0.375
r03,r03_A1,A1,obfuscated,READ,104,20.106,4.0,24.106,20.545
r03,r03_A1,A1,obfuscated,READ,105,20.102,4.006,24.108,20.51
r03,r03_A1,A1,obfuscated,READ,106,20.082,3.977,24.059,20.523
r03,r03_A1,A1,obfuscated,READ,107,20.104,4.004,24.108,20.451
r03,r03_A1,A1,obfuscated,READ,108,20.081,4.029,24.11,20.503
r03,r03_A1,A1,obfuscated,SELECT,109,20.109,3.998,24.107,20.605
r03,r03_A1,A1,obfuscated,OPERATE,110,20.111,3.996,24.107,0.353
r03,r03_A1,A1,obfuscated,READ,111,20.09,4.017,24.107,20.552
r03,r03_A1,A1,obfuscated,READ,112,20.105,4.002,24.107,20.501
r03,r03_A1,A1,obfuscated,READ,113,20.037,4.072,24.109,20.492
r03,r03_A1,A1,obfuscated,READ,114,20.11,3.991,24.101,20.476
r03,r03_A1,A1,obfuscated,READ,115,20.102,4.006,24.108,20.517
r03,r03_A1,A1,obfuscated,READ,116,20.084,4.021,24.105,20.504
r03,r03_A1,A1,obfuscated,SELECT,117,20.103,3.998,24.101,20.603
r03,r03_A1,A1,obfuscated,OPERATE,118,20.107,4.002,24.109,0.382
r03,r03_A1,A1,obfuscated,READ,119,20.106,4.0,24.106,20.538
r03,r03_A1,A1,obfuscated,READ,120,20.115,3.997,24.112,20.48
r03,r03_A1,A1,obfuscated,READ,121,20.082,4.025,24.107,20.509
r03,r03_A1,A1,obfuscated,READ,122,20.092,3.998,24.09,20.491
r03,r03_A1,A1,obfuscated,READ,123,20.082,4.032,24.114,20.491
r03,r03_A1,A1,obfuscated,READ,124,20.111,4.0,24.111,20.493
r03,r03_A1,A1,obfuscated,SELECT,125,20.106,4.003,24.109,20.655
r03,r03_A1,A1,obfuscated,OPERATE,126,20.11,3.926,24.036,0.379
r03,r03_A1,A1,obfuscated,READ,127,20.124,3.98,24.104,20.493
r03,r03_A1,A1,obfuscated,READ,128,20.083,4.023,24.106,20.471
r03,r03_A1,A1,obfuscated,READ,129,20.111,3.996,24.107,20.495
r03,r03_A1,A1,obfuscated,READ,130,20.104,4.001,24.105,20.506
r03,r03_A1,A1,obfuscated,READ,131,20.083,4.029,24.112,20.521
r03,r03_A1,A1,obfuscated,SELECT,132,20.103,3.995,24.098,20.606
r03,r03_A1,A1,obfuscated,OPERATE,133,20.038,4.074,24.112,0.366
r03,r03_A1,A1,obfuscated,READ,134,20.105,4.002,24.107,20.545
r03,r03_A1,A1,obfuscated,READ,135,20.107,3.998,24.105,20.494
r03,r03_A1,A1,obfuscated,READ,136,20.082,4.023,24.105,20.53
r03,r03_A1,A1,obfuscated,READ,137,20.103,3.997,24.1,20.493
r03,r03_A1,A1,obfuscated,READ,138,20.09,4.019,24.109,20.511
r03,r03_A1,A1,obfuscated,SELECT,139,20.085,3.999,24.084,20.665
r03,r03_A1,A1,obfuscated,OPERATE,140,20.105,3.979,24.084,0.35
r03,r03_A1,A1,obfuscated,READ,141,20.082,4.027,24.109,20.546
r03,r03_A1,A1,obfuscated,READ,142,20.103,3.995,24.098,20.501
r03,r03_A1,A1,obfuscated,READ,143,20.106,4.005,24.111,20.515
r03,r03_A1,A1,obfuscated,READ,144,20.082,4.027,24.109,20.505
r03,r03_A1,A1,obfuscated,READ,145,20.11,4.005,24.115,20.495
r03,r03_A1,A1,obfuscated,SELECT,146,20.037,4.073,24.11,20.604
r03,r03_A1,A1,obfuscated,OPERATE,147,20.109,3.993,24.102,0.348
r03,r03_A1,A1,obfuscated,READ,148,20.11,3.997,24.107,20.568
r03,r03_A1,A1,obfuscated,READ,149,20.083,4.03,24.113,20.519
r03,r03_A1,A1,obfuscated,READ,150,20.105,3.996,24.101,20.553
r03,r03_A1,A1,obfuscated,READ,151,20.106,3.933,24.039,20.525
r03,r03_A1,A1,obfuscated,READ,152,20.111,4.002,24.113,20.493
r03,r03_A1,A1,obfuscated,SELECT,153,20.096,4.026,24.122,20.585
r03,r03_A1,A1,obfuscated,OPERATE,154,20.108,3.997,24.105,0.393
r03,r03_A1,A1,obfuscated,READ,155,20.108,3.997,24.105,20.545
r03,r03_A1,A1,obfuscated,READ,156,20.083,4.025,24.108,20.504
r03,r03_A1,A1,obfuscated,READ,157,20.059,4.046,24.105,20.515
r03,r03_A1,A1,obfuscated,READ,158,20.112,3.999,24.111,20.49
r03,r03_A1,A1,obfuscated,READ,159,20.083,3.998,24.081,20.516
r03,r03_A1,A1,obfuscated,READ,160,20.11,3.999,24.109,20.499
r03,r03_A1,A1,obfuscated,SELECT,161,20.04,4.044,24.084,20.614
r03,r03_A1,A1,obfuscated,OPERATE,162,20.106,4.001,24.107,0.306
r03,r03_A1,A1,obfuscated,READ,163,20.108,4.001,24.109,20.545
r03,r03_A1,A1,obfuscated,READ,164,20.082,4.031,24.113,20.491
r03,r03_A1,A1,obfuscated,READ,165,20.104,3.997,24.101,20.502
r03,r03_A1,A1,obfuscated,READ,166,20.093,4.016,24.109,20.523
r03,r03_A1,A1,obfuscated,READ,167,20.051,3.99,24.041,20.497
r03,r03_A1,A1,obfuscated,READ,168,20.083,3.956,24.039,20.501
r03,r03_A1,A1,obfuscated,READ,169,20.088,3.951,24.039,20.518
r03,r03_A1,A1,obfuscated,SELECT,170,20.08,4.014,24.094,20.584
r03,r03_A1,A1,obfuscated,OPERATE,171,20.114,3.996,24.11,0.358
r03,r03_A1,A1,obfuscated,READ,172,20.104,4.001,24.105,20.538
r03,r03_A1,A1,obfuscated,READ,173,20.107,3.989,24.096,20.479
r03,r03_A1,A1,obfuscated,READ,174,20.082,4.022,24.104,20.517
r03,r03_A1,A1,obfuscated,READ,175,20.116,3.993,24.109,20.572
r03,r03_A1,A1,obfuscated,READ,176,20.095,4.016,24.111,20.509
r03,r03_A1,A1,obfuscated,SELECT,177,20.083,4.028,24.111,20.63
r03,r03_A1,A1,obfuscated,OPERATE,178,20.105,4.0,24.105,0.364
r03,r03_A1,A1,obfuscated,READ,179,20.1,3.992,24.092,20.575
r03,r03_A1,A1,obfuscated,READ,180,20.096,4.004,24.1,20.489
r03,r03_A1,A1,obfuscated,READ,181,20.102,4.005,24.107,20.515
r03,r03_A1,A1,obfuscated,READ,182,20.082,4.022,24.104,20.518
r03,r03_A1,A1,obfuscated,READ,183,20.11,3.995,24.105,20.5
r03,r03_A1,A1,obfuscated,READ,184,20.088,4.019,24.107,20.51
r03,r03_A1,A1,obfuscated,READ,185,20.106,4.0,24.106,20.499
r03,r03_A1,A1,obfuscated,SELECT,186,20.107,3.98,24.087,20.526
r03,r03_A1,A1,obfuscated,OPERATE,187,20.107,4.002,24.109,0.351
r03,r03_A1,A1,obfuscated,READ,188,20.109,3.996,24.105,20.541
r03,r03_A1,A1,obfuscated,READ,189,20.082,4.027,24.109,20.5
r03,r03_A1,A1,obfuscated,READ,190,20.1,3.997,24.097,20.497
r03,r03_A1,A1,obfuscated,READ,191,20.102,4.004,24.106,20.514
r03,r03_A1,A1,obfuscated,READ,192,20.082,3.974,24.056,20.516
r03,r03_A1,A1,obfuscated,READ,193,20.112,4.003,24.115,20.5
r03,r03_A1,A1,obfuscated,READ,194,20.088,4.023,24.111,20.499
r03,r03_A1,A1,obfuscated,READ,195,20.113,3.988,24.101,20.5
r03,r03_A1,A1,obfuscated,READ,196,20.106,3.999,24.105,20.508
r03,r03_A1,A1,obfuscated,SELECT,197,20.083,4.03,24.113,20.63
r03,r03_A1,A1,obfuscated,OPERATE,198,20.107,4.001,24.108,0.353
r03,r03_A1,A1,obfuscated,READ,199,20.04,4.068,24.108,20.59
r03,r03_A1,A1,obfuscated,READ,200,20.092,4.02,24.112,20.562
r03,r03_A1,A1,obfuscated,READ,201,20.107,3.999,24.106,20.494
r03,r03_A1,A1,obfuscated,READ,202,20.083,4.027,24.11,20.495
r03,r03_A1,A1,obfuscated,READ,203,20.107,3.99,24.097,20.493
r03,r03_A1,A1,obfuscated,READ,204,20.108,3.973,24.081,20.499
r03,r03_A1,A1,obfuscated,READ,205,20.104,4.017,24.121,20.492
r03,r03_A1,A1,obfuscated,READ,206,20.107,3.987,24.094,20.44
r03,r03_A1,A1,obfuscated,READ,207,20.081,4.023,24.104,20.493
r03,r03_A1,A1,obfuscated,SELECT,208,20.114,3.995,24.109,20.601
r03,r03_A1,A1,obfuscated,OPERATE,209,20.112,4.001,24.113,0.35
r03,r03_A1,A1,obfuscated,READ,210,20.096,4.012,24.108,20.525
r03,r03_A1,A1,obfuscated,READ,211,20.112,3.974,24.086,20.498
r03,r03_A1,A1,obfuscated,READ,212,20.085,4.02,24.105,20.507
r03,r03_A1,A1,obfuscated,READ,213,20.107,3.999,24.106,20.419
r03,r03_A1,A1,obfuscated,READ,214,20.082,4.024,24.106,20.489
r03,r03_A1,A1,obfuscated,READ,215,20.106,3.997,24.103,20.497
r03,r03_A1,A1,obfuscated,READ,216,20.083,4.022,24.105,20.496
r03,r03_A1,A1,obfuscated,READ,217,20.083,4.024,24.107,20.512
r03,r03_A1,A1,obfuscated,SELECT,218,20.096,4.005,24.101,20.606
r03,r03_A1,A1,obfuscated,OPERATE,219,20.105,3.931,24.036,0.367
r03,r03_A1,A1,obfuscated,READ,220,20.103,4.001,24.104,20.538
r03,r03_A1,A1,obfuscated,READ,221,20.105,4.002,24.107,20.514
r03,r03_A1,A1,obfuscated,READ,222,20.082,4.022,24.104,20.516
r03,r03_A1,A1,obfuscated,READ,223,20.105,4.001,24.106,20.501
r03,r03_A1,A1,obfuscated,READ,224,20.082,4.022,24.104,20.506
r03,r03_A1,A1,obfuscated,READ,225,20.126,3.988,24.114,20.55
r03,r03_A1,A1,obfuscated,SELECT,226,20.115,3.991,24.106,20.581
r03,r03_A1,A1,obfuscated,OPERATE,227,20.106,8.026,28.132,0.382
r03,r03_A1,A1,obfuscated,READ,228,20.101,3.997,24.098,20.54
r03,r03_A1,A1,obfuscated,READ,229,20.106,4.0,24.106,20.508
r03,r03_A1,A1,obfuscated,READ,230,20.09,4.026,24.116,20.503
r03,r03_A1,A1,obfuscated,READ,231,20.107,4.0,24.107,20.494
r03,r03_A1,A1,obfuscated,READ,232,20.042,4.076,24.118,20.49
r03,r03_A1,A1,obfuscated,SELECT,233,20.093,4.011,24.104,20.599
r03,r03_A1,A1,obfuscated,OPERATE,234,20.107,4.013,24.12,0.348
r03,r03_A1,A1,obfuscated,READ,235,20.084,4.028,24.112,20.578
r03,r03_A1,A1,obfuscated,READ,236,20.111,3.995,24.106,20.497
r03,r03_A1,A1,obfuscated,READ,237,20.083,4.022,24.105,20.513
r03,r03_A1,A1,obfuscated,READ,238,20.113,3.997,24.11,20.487
r03,r03_A1,A1,obfuscated,READ,239,20.105,4.0,24.105,20.491
r03,r03_A1,A1,obfuscated,READ,240,20.082,4.028,24.11,20.521
r03,r03_A1,A1,obfuscated,SELECT,241,20.099,4.004,24.103,20.603
r03,r03_A1,A1,obfuscated,OPERATE,242,20.096,4.014,24.11,0.354
r03,r03_A1,A1,obfuscated,READ,243,20.102,4.008,24.11,20.537
r03,r03_A1,A1,obfuscated,READ,244,20.114,3.996,24.11,20.492
r03,r03_A1,A1,obfuscated,READ,245,20.082,3.998,24.08,20.509
r03,r03_A1,A1,obfuscated,READ,246,20.097,4.006,24.103,20.503
r03,r03_A1,A1,obfuscated,READ,247,20.104,4.001,24.105,20.521
r03,r03_A1,A1,obfuscated,READ,248,20.098,4.007,24.105,20.49
r03,r03_A1,A1,obfuscated,READ,249,20.114,3.999,24.113,20.501
r03,r03_A1,A1,obfuscated,READ,250,20.087,4.023,24.11,20.554
r03,r03_A1,A1,obfuscated,SELECT,251,20.114,3.994,24.108,20.605
r03,r03_A1,A1,obfuscated,OPERATE,252,20.104,4.009,24.113,0.36
r03,r03_A1,A1,obfuscated,READ,253,20.087,4.025,24.112,20.556
r03,r03_A1,A1,obfuscated,READ,254,20.098,3.996,24.094,20.499
r03,r03_A1,A1,obfuscated,READ,255,20.115,3.991,24.106,20.53
r03,r03_A1,A1,obfuscated,READ,256,20.105,4.0,24.105,20.49
r03,r03_A1,A1,obfuscated,READ,257,20.106,4.002,24.108,20.491
r03,r03_A1,A1,obfuscated,READ,258,20.083,3.954,24.037,20.5
r03,r03_A1,A1,obfuscated,SELECT,259,20.096,4.008,24.104,20.598
r03,r03_A1,A1,obfuscated,OPERATE,260,20.105,4.014,24.119,0.364
r03,r03_A1,A1,obfuscated,READ,261,20.109,4.0,24.109,20.549
r03,r03_A1,A1,obfuscated,READ,262,20.107,3.998,24.105,20.498
r03,r03_A1,A1,obfuscated,READ,263,20.085,4.025,24.11,20.515
r03,r03_A1,A1,obfuscated,READ,264,20.091,3.999,24.09,20.492
r03,r03_A1,A1,obfuscated,READ,265,20.141,3.97,24.111,20.54
r03,r03_A1,A1,obfuscated,SELECT,266,20.093,4.018,24.111,20.62
r03,r03_A1,A1,obfuscated,OPERATE,267,20.111,3.996,24.107,0.35
r03,r03_A1,A1,obfuscated,READ,268,20.087,4.018,24.105,20.549
r03,r03_A1,A1,obfuscated,READ,269,20.101,4.009,24.11,20.493
r03,r03_A1,A1,obfuscated,READ,270,20.106,4.002,24.108,20.51
r03,r03_A1,A1,obfuscated,READ,271,20.087,4.021,24.108,20.512
r03,r03_A1,A1,obfuscated,READ,272,20.112,3.994,24.106,20.417
r03,r03_A1,A1,obfuscated,SELECT,273,20.083,4.032,24.115,20.607
r03,r03_A1,A1,obfuscated,OPERATE,274,20.103,3.999,24.102,0.349
r03,r03_A1,A1,obfuscated,READ,275,20.106,4.007,24.113,20.634
r03,r03_A1,A1,obfuscated,READ,276,20.083,4.021,24.104,20.506
r03,r03_A1,A1,obfuscated,READ,277,20.11,3.999,24.109,20.492
r03,r03_A1,A1,obfuscated,READ,278,20.083,3.953,24.036,20.506
r03,r03_A1,A1,obfuscated,READ,279,20.121,3.991,24.112,20.503
r03,r03_A1,A1,obfuscated,READ,280,20.107,4.004,24.111,20.502
r03,r03_A1,A1,obfuscated,SELECT,281,20.082,4.034,24.116,20.624
r03,r03_A1,A1,obfuscated,OPERATE,282,20.105,4.007,24.112,0.352
r03,r03_A1,A1,obfuscated,READ,283,20.093,4.026,24.119,20.553
r03,r03_A1,A1,obfuscated,READ,284,20.095,4.028,24.123,20.497
r03,r03_A1,A1,obfuscated,READ,285,20.045,4.07,24.115,20.453
r03,r03_A1,A1,obfuscated,READ,286,20.082,4.027,24.109,20.494
r03,r03_A1,A1,obfuscated,READ,287,20.096,4.004,24.1,20.489
r03,r03_A1,A1,obfuscated,SELECT,288,20.102,4.01,24.112,20.616
r03,r03_A1,A1,obfuscated,OPERATE,289,20.108,4.004,24.112,0.35
r03,r03_A1,A1,obfuscated,READ,290,20.115,3.976,24.091,20.542
r03,r03_A1,A1,obfuscated,READ,291,20.084,4.024,24.108,20.513
r03,r03_A1,A1,obfuscated,READ,292,20.106,3.996,24.102,20.416
r03,r03_A1,A1,obfuscated,READ,293,20.085,4.024,24.109,20.525
r03,r03_A1,A1,obfuscated,READ,294,20.103,4.0,24.103,20.49
r03,r03_A1,A1,obfuscated,READ,295,20.108,4.01,24.118,20.499
r03,r03_A1,A1,obfuscated,SELECT,296,20.088,4.023,24.111,20.601
r03,r03_A1,A1,obfuscated,OPERATE,297,20.109,4.001,24.11,0.348
r03,r03_A1,A1,obfuscated,READ,298,20.09,3.946,24.036,20.552
r03,r03_A1,A1,obfuscated,READ,299,20.116,3.993,24.109,20.498
r03,r03_A1,A1,obfuscated,READ,300,20.105,4.006,24.111,20.554
r03,r03_A1,A1,obfuscated,READ,301,20.087,4.025,24.112,20.482
r03,r03_A1,A1,obfuscated,READ,302,20.105,3.985,24.09,20.488
r03,r03_A1,A1,obfuscated,READ,303,20.1,4.012,24.112,20.531
r03,r03_A1,A1,obfuscated,READ,304,20.141,3.964,24.105,20.491
r03,r03_A1,A1,obfuscated,READ,305,20.109,3.999,24.108,20.478
r03,r03_A1,A1,obfuscated,SELECT,306,20.083,4.021,24.104,20.613
r03,r03_A1,A1,obfuscated,OPERATE,307,20.094,6.269,26.363,0.35
r03,r03_A1,A1,obfuscated,READ,308,20.118,3.986,24.104,20.533
r03,r03_A1,A1,obfuscated,READ,309,20.084,4.03,24.114,20.483
r03,r03_A1,A1,obfuscated,READ,310,20.096,4.008,24.104,20.494
r03,r03_A1,A1,obfuscated,READ,311,20.111,4.006,24.117,20.5
r03,r03_A1,A1,obfuscated,READ,312,20.042,4.064,24.106,20.518
r03,r03_A1,A1,obfuscated,READ,313,20.108,3.983,24.091,20.497
r03,r03_A1,A1,obfuscated,READ,314,20.086,3.994,24.08,20.477
r03,r03_A1,A1,obfuscated,SELECT,315,20.102,4.001,24.103,20.608
r03,r03_A1,A1,obfuscated,OPERATE,316,20.112,3.999,24.111,0.349
r03,r03_A1,A1,obfuscated,READ,317,20.082,4.027,24.109,20.567
r03,r03_A1,A1,obfuscated,READ,318,20.112,3.997,24.109,20.498
r03,r03_A1,A1,obfuscated,READ,319,20.082,4.023,24.105,20.513
r03,r03_A1,A1,obfuscated,READ,320,20.109,3.996,24.105,20.5
r03,r03_A1,A1,obfuscated,READ,321,20.087,4.031,24.118,20.498
r03,r03_A1,A1,obfuscated,READ,322,20.083,4.022,24.105,20.518
r03,r03_A1,A1,obfuscated,READ,323,20.105,4.0,24.105,20.49
r03,r03_A1,A1,obfuscated,SELECT,324,20.109,4.005,24.114,20.614
r03,r03_A1,A1,obfuscated,OPERATE,325,20.106,4.001,24.107,0.352
r03,r03_A1,A1,obfuscated,READ,326,20.112,3.997,24.109,20.606
r03,r03_A1,A1,obfuscated,READ,327,20.082,4.024,24.106,20.496
r03,r03_A1,A1,obfuscated,READ,328,20.103,4.005,24.108,20.476
r03,r03_A1,A1,obfuscated,READ,329,20.083,4.032,24.115,20.504
r03,r03_A1,A1,obfuscated,READ,330,20.082,4.028,24.11,20.496
r03,r03_A1,A1,obfuscated,READ,331,20.112,3.994,24.106,20.491
r03,r03_A1,A1,obfuscated,SELECT,332,20.097,4.008,24.105,20.591
r03,r03_A1,A1,obfuscated,OPERATE,333,20.103,4.002,24.105,0.35
r03,r03_A1,A1,obfuscated,READ,334,20.106,3.984,24.09,20.549
r03,r03_A1,A1,obfuscated,READ,335,20.082,4.025,24.107,20.501
r03,r03_A1,A1,obfuscated,READ,336,20.109,4.003,24.112,20.5
r03,r03_A1,A1,obfuscated,READ,337,20.081,4.026,24.107,20.494
r03,r03_A1,A1,obfuscated,READ,338,20.111,4.005,24.116,20.489
r03,r03_A1,A1,obfuscated,SELECT,339,20.108,4.002,24.11,20.596
r03,r03_A1,A1,obfuscated,OPERATE,340,20.109,3.951,24.06,0.368
r03,r03_A1,A1,obfuscated,READ,341,20.104,4.003,24.107,20.544
r03,r03_A1,A1,obfuscated,READ,342,20.081,4.031,24.112,20.493
r03,r03_A1,A1,obfuscated,READ,343,20.096,4.005,24.101,20.482
r03,r03_A1,A1,obfuscated,READ,344,20.112,3.998,24.11,20.491
r03,r03_A1,A1,obfuscated,READ,345,20.082,4.024,24.106,20.502
r03,r03_A1,A1,obfuscated,READ,346,20.109,4.006,24.115,20.491
r03,r03_A1,A1,obfuscated,READ,347,20.081,3.957,24.038,20.492
r03,r03_A1,A1,obfuscated,READ,348,20.093,3.998,24.091,20.492
r03,r03_A1,A1,obfuscated,READ,349,20.106,4.004,24.11,20.522
r03,r03_A1,A1,obfuscated,SELECT,350,20.083,4.027,24.11,20.672
r03,r03_A1,A1,obfuscated,OPERATE,351,20.105,4.007,24.112,0.35
r03,r03_A1,A1,obfuscated,READ,352,20.082,4.022,24.104,20.579
r03,r03_A1,A1,obfuscated,READ,353,20.116,3.989,24.105,20.488
r03,r03_A1,A1,obfuscated,READ,354,20.083,4.024,24.107,20.489
r03,r03_A1,A1,obfuscated,READ,355,20.087,4.018,24.105,20.521
r03,r03_A1,A1,obfuscated,READ,356,20.107,3.998,24.105,20.496
r03,r03_A1,A1,obfuscated,READ,357,20.082,4.029,24.111,20.513
r03,r03_A1,A1,obfuscated,READ,358,20.126,3.987,24.113,20.496
r03,r03_A1,A1,obfuscated,READ,359,20.117,3.989,24.106,20.483
r03,r03_A1,A1,obfuscated,SELECT,360,20.081,3.999,24.08,20.672
r03,r03_A1,A1,obfuscated,OPERATE,361,20.098,3.994,24.092,0.349
r03,r03_A1,A1,obfuscated,READ,362,20.084,4.023,24.107,20.581
r03,r03_A1,A1,obfuscated,READ,363,20.081,4.025,24.106,20.496
r03,r03_A1,A1,obfuscated,READ,364,20.109,4.005,24.114,20.502
r03,r03_A1,A1,obfuscated,READ,365,20.088,4.022,24.11,20.495
r03,r03_A1,A1,obfuscated,READ,366,20.102,4.003,24.105,20.498
r03,r03_A1,A1,obfuscated,READ,367,20.105,3.985,24.09,20.521
r03,r03_A1,A1,obfuscated,SELECT,368,20.082,4.023,24.105,20.625
r03,r03_A1,A1,obfuscated,OPERATE,369,20.105,4.002,24.107,0.352
r03,r03_A1,A1,obfuscated,READ,370,20.099,4.011,24.11,20.566
r03,r03_A1,A1,obfuscated,READ,371,20.093,4.017,24.11,20.499
r03,r03_A1,A1,obfuscated,READ,372,20.107,3.998,24.105,20.488
r03,r03_A1,A1,obfuscated,READ,373,20.09,4.024,24.114,20.51
r03,r03_A1,A1,obfuscated,READ,374,20.103,3.999,24.102,20.414
r03,r03_A1,A1,obfuscated,READ,375,20.09,4.016,24.106,20.58
r03,r03_A1,A1,obfuscated,SELECT,376,20.082,4.023,24.105,20.641
r03,r03_A1,A1,obfuscated,OPERATE,377,20.112,4.0,24.112,0.349
r03,r03_A1,A1,obfuscated,READ,378,20.088,4.022,24.11,20.553
r03,r03_A1,A1,obfuscated,READ,379,20.103,3.995,24.098,20.497
r03,r03_A1,A1,obfuscated,READ,380,20.092,4.008,24.1,20.425
r03,r03_A1,A1,obfuscated,READ,381,20.092,4.014,24.106,20.494
r03,r03_A1,A1,obfuscated,READ,382,20.109,4.006,24.115,20.497
r03,r03_A1,A1,obfuscated,READ,383,20.102,4.003,24.105,20.496
r03,r03_A1,A1,obfuscated,READ,384,20.103,3.996,24.099,20.491
r03,r03_A1,A1,obfuscated,READ,385,20.104,4.003,24.107,20.526
r03,r03_A1,A1,obfuscated,READ,386,20.13,3.987,24.117,20.501
r03,r03_A1,A1,obfuscated,SELECT,387,20.11,3.998,24.108,20.529
r03,r03_A1,A1,obfuscated,OPERATE,388,20.109,3.996,24.105,0.379
r03,r03_A1,A1,obfuscated,READ,389,20.1,3.991,24.091,20.542
r03,r03_A1,A1,obfuscated,READ,390,20.094,4.011,24.105,20.508
r03,r03_A1,A1,obfuscated,READ,391,20.11,3.998,24.108,20.49
r03,r03_A1,A1,obfuscated,READ,392,20.117,3.988,24.105,20.497
r03,r03_A1,A1,obfuscated,READ,393,20.081,4.0,24.081,20.494
r03,r03_A1,A1,obfuscated,READ,394,20.085,4.028,24.113,20.439
r03,r03_A1,A1,obfuscated,SELECT,395,20.083,4.025,24.108,20.631
r03,r03_A1,A1,obfuscated,OPERATE,396,20.098,4.006,24.104,0.357
r03,r03_A1,A1,obfuscated,READ,397,20.111,3.999,24.11,20.547
r03,r03_A1,A1,obfuscated,READ,398,20.082,4.028,24.11,20.493
r03,r03_A1,A1,obfuscated,READ,399,20.105,4.004,24.109,20.492
r03,r03_A1,A1,obfuscated,READ,400,20.112,4.001,24.113,20.594
r03,r03_A1,A1,obfuscated,READ,401,20.082,4.033,24.115,20.496
r03,r03_A1,A1,obfuscated,READ,402,20.109,3.998,24.107,20.501
r03,r03_A1,A1,obfuscated,READ,403,20.082,4.002,24.084,20.531
r03,r03_A1,A1,obfuscated,SELECT,404,20.085,4.024,24.109,20.621
r03,r03_A1,A1,obfuscated,OPERATE,405,20.11,4.0,24.11,0.349
r03,r03_A1,A1,obfuscated,READ,406,20.037,4.072,24.109,20.556
r03,r03_A1,A1,obfuscated,READ,407,20.122,3.992,24.114,20.423
r03,r03_A1,A1,obfuscated,READ,408,20.081,4.024,24.105,20.515
r03,r03_A1,A1,obfuscated,READ,409,20.104,4.015,24.119,20.504
r03,r03_A1,A1,obfuscated,READ,410,20.112,3.998,24.11,20.499
r03,r03_A1,A1,obfuscated,READ,411,20.082,4.033,24.115,20.488
r03,r03_A1,A1,obfuscated,READ,412,20.111,3.999,24.11,20.491
r03,r03_A1,A1,obfuscated,READ,413,20.113,3.997,24.11,20.526
r03,r03_A1,A1,obfuscated,SELECT,414,20.081,4.023,24.104,20.616
r03,r03_A1,A1,obfuscated,OPERATE,415,20.109,4.0,24.109,0.352
r03,r03_A1,A1,obfuscated,READ,416,20.087,4.023,24.11,20.528
r03,r03_A1,A1,obfuscated,READ,417,20.091,4.005,24.096,20.49
r03,r03_A1,A1,obfuscated,READ,418,20.107,3.997,24.104,20.538
r03,r03_A1,A1,obfuscated,READ,419,20.074,4.039,24.113,20.507
r03,r03_A1,A1,obfuscated,READ,420,20.106,3.999,24.105,20.471
r03,r03_A1,A1,obfuscated,READ,421,20.083,4.029,24.112,20.506
r03,r03_A1,A1,obfuscated,READ,422,20.104,4.008,24.112,20.504
r03,r03_A1,A1,obfuscated,READ,423,20.103,4.007,24.11,20.498
r03,r03_A1,A1,obfuscated,SELECT,424,20.082,4.025,24.107,20.623
r03,r03_A1,A1,obfuscated,OPERATE,425,20.105,4.0,24.105,0.349
r03,r03_A1,A1,obfuscated,READ,426,20.098,4.014,24.112,20.605
r03,r03_A1,A1,obfuscated,READ,427,20.112,3.993,24.105,20.5
r03,r03_A1,A1,obfuscated,READ,428,20.11,4.001,24.111,20.421
r03,r03_A1,A1,obfuscated,READ,429,20.087,4.023,24.11,20.51
r03,r03_A1,A1,obfuscated,READ,430,20.106,3.999,24.105,20.489
r03,r03_A1,A1,obfuscated,READ,431,20.095,4.013,24.108,20.529
r03,r03_A1,A1,obfuscated,READ,432,20.099,4.01,24.109,20.499
r03,r03_A1,A1,obfuscated,READ,433,20.105,4.004,24.109,20.474
r03,r03_A1,A1,obfuscated,READ,434,20.087,4.023,24.11,20.486
r03,r03_A1,A1,obfuscated,SELECT,435,20.104,4.005,24.109,20.604
r03,r03_A1,A1,obfuscated,OPERATE,436,20.108,3.998,24.106,0.351
r03,r03_A1,A1,obfuscated,READ,437,20.095,4.008,24.103,20.549
r03,r03_A1,A1,obfuscated,READ,438,20.106,3.999,24.105,20.49
r03,r03_A1,A1,obfuscated,READ,439,20.082,3.999,24.081,20.492
r03,r03_A1,A1,obfuscated,READ,440,20.109,4.009,24.118,20.489
r03,r03_A1,A1,obfuscated,READ,441,20.09,4.016,24.106,20.531
r03,r03_A1,A1,obfuscated,SELECT,442,20.083,4.029,24.112,20.615
r03,r03_A1,A1,obfuscated,OPERATE,443,20.106,3.999,24.105,0.348
r03,r03_A1,A1,obfuscated,READ,444,20.082,4.023,24.105,20.532
r03,r03_A1,A1,obfuscated,READ,445,20.102,3.991,24.093,20.492
r03,r03_A1,A1,obfuscated,READ,446,20.088,4.017,24.105,20.52
r03,r03_A1,A1,obfuscated,READ,447,20.081,4.024,24.105,20.512
r03,r03_A1,A1,obfuscated,READ,448,20.111,4.001,24.112,20.493
r03,r03_A1,A1,obfuscated,SELECT,449,20.095,4.018,24.113,20.62
r03,r03_A1,A1,obfuscated,OPERATE,450,20.095,4.0,24.095,0.35
r03,r03_A1,A1,obfuscated,READ,451,20.101,4.01,24.111,20.63
r03,r03_A1,A1,obfuscated,READ,452,20.039,4.074,24.113,20.491
r03,r03_A1,A1,obfuscated,READ,453,20.106,3.995,24.101,20.498
r03,r03_A1,A1,obfuscated,READ,454,20.11,3.999,24.109,20.525
r03,r03_A1,A1,obfuscated,READ,455,20.099,4.007,24.106,20.493
r03,r03_A1,A1,obfuscated,SELECT,456,20.113,3.999,24.112,20.599
r03,r03_A1,A1,obfuscated,OPERATE,457,20.106,4.006,24.112,0.379
r03,r03_A1,A1,obfuscated,READ,458,20.108,4.009,24.117,20.536
r03,r03_A1,A1,obfuscated,READ,459,20.099,3.988,24.087,20.418
r03,r03_A1,A1,obfuscated,READ,460,20.109,4.0,24.109,20.49
r03,r03_A1,A1,obfuscated,READ,461,20.105,4.001,24.106,20.496
r03,r03_A1,A1,obfuscated,READ,462,20.084,4.023,24.107,20.487
r03,r03_A1,A1,obfuscated,READ,463,20.105,4.006,24.111,20.488
r03,r03_A1,A1,obfuscated,READ,464,20.095,4.013,24.108,20.52
r03,r03_A1,A1,obfuscated,READ,465,20.11,4.003,24.113,20.505
r03,r03_A1,A1,obfuscated,READ,466,20.11,3.972,24.082,20.415
r03,r03_A1,A1,obfuscated,SELECT,467,20.088,4.02,24.108,20.625
r03,r03_A1,A1,obfuscated,OPERATE,468,20.112,3.992,24.104,0.35
r03,r03_A1,A1,obfuscated,READ,469,20.083,4.029,24.112,20.564
r03,r03_A1,A1,obfuscated,READ,470,20.103,4.002,24.105,20.492
r03,r03_A1,A1,obfuscated,READ,471,20.097,4.01,24.107,20.488
r03,r03_A1,A1,obfuscated,READ,472,20.088,3.947,24.035,20.519
r03,r03_A1,A1,obfuscated,READ,473,20.09,4.018,24.108,20.505
r03,r03_A1,A1,obfuscated,SELECT,474,20.114,4.004,24.118,20.634
r03,r03_A1,A1,obfuscated,OPERATE,475,20.105,4.0,24.105,0.348
r03,r03_A1,A1,obfuscated,READ,476,20.099,4.013,24.112,20.602
r03,r03_A1,A1,obfuscated,READ,477,20.083,4.025,24.108,20.494
r03,r03_A1,A1,obfuscated,READ,478,20.101,4.005,24.106,20.475
r03,r03_A1,A1,obfuscated,READ,479,20.039,4.067,24.106,20.533
r03,r03_A1,A1,obfuscated,READ,480,20.082,4.026,24.108,20.514
r03,r03_A1,A1,obfuscated,READ,481,20.108,4.0,24.108,20.508
r03,r03_A1,A1,obfuscated,READ,482,20.099,4.009,24.108,20.527
r03,r03_A1,A1,obfuscated,SELECT,483,20.088,4.022,24.11,20.616
r03,r03_A1,A1,obfuscated,OPERATE,484,20.105,4.004,24.109,0.349
r03,r03_A1,A1,obfuscated,READ,485,20.081,4.025,24.106,20.539
r03,r03_A1,A1,obfuscated,READ,486,20.113,3.976,24.089,20.416
r03,r03_A1,A1,obfuscated,READ,487,20.082,4.023,24.105,20.496
r03,r03_A1,A1,obfuscated,READ,488,20.101,4.007,24.108,20.498
r03,r03_A1,A1,obfuscated,READ,489,20.107,4.003,24.11,20.489
r03,r03_A1,A1,obfuscated,SELECT,490,20.082,4.025,24.107,20.63
r03,r03_A1,A1,obfuscated,OPERATE,491,20.114,3.991,24.105,0.348
r03,r03_A1,A1,obfuscated,READ,492,20.088,3.953,24.041,20.538
r03,r03_A1,A1,obfuscated,READ,493,20.097,4.002,24.099,20.492
r03,r03_A1,A1,obfuscated,READ,494,20.106,4.002,24.108,20.5
r03,r03_A1,A1,obfuscated,READ,495,20.081,4.03,24.111,20.508
r03,r03_A1,A1,obfuscated,READ,496,20.106,4.004,24.11,20.496
r03,r03_A1,A1,obfuscated,SELECT,497,20.096,3.997,24.093,20.618
r03,r03_A1,A1,obfuscated,OPERATE,498,20.097,3.992,24.089,0.357
r03,r03_A1,A1,obfuscated,READ,499,20.039,4.066,24.105,20.582
r03,r03_A1,A1,obfuscated,READ,500,20.082,4.024,24.106,20.549
r03,r03_A1,A1,obfuscated,READ,501,20.105,3.999,24.104,20.492
r03,r03_A1,A1,obfuscated,READ,502,20.113,3.999,24.112,20.525
r03,r03_A1,A1,obfuscated,READ,503,20.1,4.016,24.116,20.497
r03,r03_A1,A1,obfuscated,READ,504,20.086,4.021,24.107,20.501
r03,r03_A1,A1,obfuscated,READ,505,20.083,3.953,24.036,20.535
r03,r03_A1,A1,obfuscated,READ,506,20.106,4.006,24.112,20.447
r03,r03_A1,A1,obfuscated,SELECT,507,20.087,4.023,24.11,20.631
r03,r03_A1,A1,obfuscated,OPERATE,508,20.099,4.01,24.109,0.353
r03,r03_A1,A1,obfuscated,READ,509,20.109,3.995,24.104,20.54
r03,r03_A1,A1,obfuscated,READ,510,20.083,4.027,24.11,20.498
r03,r03_A1,A1,obfuscated,READ,511,20.125,3.979,24.104,20.499
r03,r03_A1,A1,obfuscated,READ,512,20.099,4.007,24.106,20.518
r03,r03_A1,A1,obfuscated,READ,513,20.086,4.025,24.111,20.502
r03,r03_A1,A1,obfuscated,SELECT,514,20.109,3.998,24.107,20.611
r03,r03_A1,A1,obfuscated,OPERATE,515,20.113,3.998,24.111,0.378
r03,r03_A1,A1,obfuscated,READ,516,20.101,3.997,24.098,20.546
r03,r03_A1,A1,obfuscated,READ,517,20.112,3.993,24.105,20.494
r03,r03_A1,A1,obfuscated,READ,518,20.035,4.07,24.105,20.516
r03,r03_A1,A1,obfuscated,READ,519,20.111,3.993,24.104,20.472
r03,r03_A1,A1,obfuscated,READ,520,20.087,4.029,24.116,20.522
r03,r03_A1,A1,obfuscated,READ,521,20.103,3.998,24.101,20.491
r03,r03_A1,A1,obfuscated,READ,522,20.109,3.997,24.106,20.51
r03,r03_A1,A1,obfuscated,READ,523,20.083,3.96,24.043,20.512
r03,r03_A1,A1,obfuscated,READ,524,20.092,4.021,24.113,20.51
r03,r03_A1,A1,obfuscated,SELECT,525,20.036,4.076,24.112,20.705
r03,r03_A1,A1,obfuscated,OPERATE,526,20.109,3.998,24.107,0.349
r03,r03_A1,A1,obfuscated,READ,527,20.095,4.014,24.109,20.55
r03,r03_A1,A1,obfuscated,READ,528,20.087,4.017,24.104,20.489
r03,r03_A1,A1,obfuscated,READ,529,20.096,4.004,24.1,20.495
r03,r03_A1,A1,obfuscated,READ,530,20.082,4.028,24.11,20.503
r03,r03_A1,A1,obfuscated,READ,531,20.087,4.027,24.114,20.52
r03,r03_A1,A1,obfuscated,READ,532,20.105,3.998,24.103,20.422
r03,r03_A1,A1,obfuscated,SELECT,533,20.081,4.031,24.112,20.593
r03,r03_A1,A1,obfuscated,OPERATE,534,20.104,4.006,24.11,0.353
r03,r03_A1,A1,obfuscated,READ,535,20.107,4.006,24.113,20.571
r03,r03_A1,A1,obfuscated,READ,536,20.085,4.019,24.104,20.514
r03,r03_A1,A1,obfuscated,READ,537,20.109,4.0,24.109,20.494
r03,r03_A1,A1,obfuscated,READ,538,20.094,3.945,24.039,20.459
r03,r03_A1,A1,obfuscated,READ,539,20.106,3.985,24.091,20.499
r03,r03_A1,A1,obfuscated,READ,540,20.082,4.024,24.106,20.452
r03,r03_A1,A1,obfuscated,READ,541,20.102,3.996,24.098,20.484
r03,r03_A1,A1,obfuscated,SELECT,542,20.109,3.997,24.106,20.609
r03,r03_A1,A1,obfuscated,OPERATE,543,20.105,4.01,24.115,0.385
r03,r03_A1,A1,obfuscated,READ,544,20.105,4.002,24.107,20.537
r03,r03_A1,A1,obfuscated,READ,545,20.128,3.983,24.111,20.525
r03,r03_A1,A1,obfuscated,READ,546,20.094,4.006,24.1,20.48
r03,r03_A1,A1,obfuscated,READ,547,20.109,4.005,24.114,20.502
r03,r03_A1,A1,obfuscated,READ,548,20.081,4.024,24.105,20.487
r03,r03_A1,A1,obfuscated,SELECT,549,20.106,3.994,24.1,20.604
r03,r03_A1,A1,obfuscated,OPERATE,550,20.112,4.002,24.114,0.356
r03,r03_A1,A1,obfuscated,READ,551,20.082,4.034,24.116,20.633
r03,r03_A1,A1,obfuscated,READ,552,20.107,3.995,24.102,20.427
r03,r03_A1,A1,obfuscated,READ,553,20.083,4.026,24.109,20.48
r03,r03_A1,A1,obfuscated,READ,554,20.108,3.999,24.107,20.492
r03,r03_A1,A1,obfuscated,READ,555,20.106,4.003,24.109,20.502
r03,r03_A1,A1,obfuscated,READ,556,20.089,4.016,24.105,20.503
r03,r03_A1,A1,obfuscated,READ,557,20.112,3.999,24.111,20.482
r03,r03_A1,A1,obfuscated,SELECT,558,20.088,4.023,24.111,20.621
r03,r03_A1,A1,obfuscated,OPERATE,559,20.106,4.0,24.106,0.352
r03,r03_A1,A1,obfuscated,READ,560,20.103,4.002,24.105,20.555
r03,r03_A1,A1,obfuscated,READ,561,20.083,4.024,24.107,20.518
r03,r03_A1,A1,obfuscated,READ,562,20.107,3.998,24.105,20.491
r03,r03_A1,A1,obfuscated,READ,563,20.081,4.027,24.108,20.514
r03,r03_A1,A1,obfuscated,READ,564,20.1,3.998,24.098,20.519
r03,r03_A1,A1,obfuscated,READ,565,20.115,3.928,24.043,20.414
r03,r03_A1,A1,obfuscated,SELECT,566,20.089,4.016,24.105,20.638
r03,r03_A1,A1,obfuscated,OPERATE,567,20.121,3.995,24.116,0.351
r03,r03_A1,A1,obfuscated,READ,568,20.081,4.025,24.106,20.538
r03,r03_A1,A1,obfuscated,READ,569,20.092,4.004,24.096,20.507
r03,r03_A1,A1,obfuscated,READ,570,20.105,4.0,24.105,20.488
r03,r03_A1,A1,obfuscated,READ,571,20.082,4.0,24.082,20.528
r03,r03_A1,A1,obfuscated,READ,572,20.108,4.002,24.11,20.446
r03,r03_A1,A1,obfuscated,READ,573,20.087,4.026,24.113,20.474
r03,r03_A1,A1,obfuscated,SELECT,574,20.107,3.991,24.098,20.6
r03,r03_A1,A1,obfuscated,OPERATE,575,20.109,3.996,24.105,0.352
r03,r03_A1,A1,obfuscated,READ,576,20.082,4.024,24.106,20.635
r03,r03_A1,A1,obfuscated,READ,577,20.112,4.002,24.114,20.492
r03,r03_A1,A1,obfuscated,READ,578,20.087,4.025,24.112,20.519
r03,r03_A1,A1,obfuscated,READ,579,20.106,3.992,24.098,20.497
r03,r03_A1,A1,obfuscated,READ,580,20.107,3.983,24.09,20.49
r03,r03_A1,A1,obfuscated,SELECT,581,20.082,4.024,24.106,20.623
r03,r03_A1,A1,obfuscated,OPERATE,582,20.105,4.0,24.105,0.349
r03,r03_A1,A1,obfuscated,READ,583,20.105,4.004,24.109,20.575
r03,r03_A1,A1,obfuscated,READ,584,20.113,3.991,24.104,20.492
r03,r03_A1,A1,obfuscated,READ,585,20.107,3.999,24.106,20.412
r03,r03_A1,A1,obfuscated,READ,586,20.082,4.024,24.106,20.509
r03,r03_A1,A1,obfuscated,READ,587,20.089,4.017,24.106,20.497
r03,r03_A1,A1,obfuscated,READ,588,20.088,4.024,24.112,20.527
r03,r03_A1,A1,obfuscated,READ,589,20.107,4.003,24.11,20.494
r03,r03_A1,A1,obfuscated,READ,590,20.089,4.022,24.111,20.489
r03,r03_A1,A1,obfuscated,SELECT,591,20.082,4.03,24.112,20.597
r03,r03_A1,A1,obfuscated,OPERATE,592,20.101,4.001,24.102,0.349
r03,r03_A1,A1,obfuscated,READ,593,20.106,4.003,24.109,20.581
r03,r03_A1,A1,obfuscated,READ,594,20.105,4.017,24.122,20.493
r03,r03_A1,A1,obfuscated,READ,595,20.105,4.006,24.111,20.496
r03,r03_A1,A1,obfuscated,READ,596,20.088,4.015,24.103,20.49
r03,r03_A1,A1,obfuscated,READ,597,20.105,4.001,24.106,20.501
r03,r03_A1,A1,obfuscated,SELECT,598,20.106,4.004,24.11,20.534
r03,r03_A1,A1,obfuscated,OPERATE,599,20.107,3.979,24.086,0.351
r03,r03_A1,A1,obfuscated,READ,600,20.103,3.984,24.087,20.605
r03,r03_A1,A1,obfuscated,READ,601,20.083,4.024,24.107,20.494
r03,r03_A1,A1,obfuscated,READ,602,20.106,3.998,24.104,20.498
r03,r03_A1,A1,obfuscated,READ,603,20.104,4.007,24.111,20.526
r03,r03_A1,A1,obfuscated,READ,604,20.082,3.983,24.065,20.512
r03,r03_A1,A1,obfuscated,READ,605,20.081,4.023,24.104,20.447
r03,r03_A1,A1,obfuscated,READ,606,20.082,4.028,24.11,20.487
r03,r03_A1,A1,obfuscated,SELECT,607,20.095,4.009,24.104,20.603
r03,r03_A1,A1,obfuscated,OPERATE,608,20.105,4.002,24.107,0.352
r03,r03_A1,A1,obfuscated,READ,609,20.098,4.003,24.101,20.545
r03,r03_A1,A1,obfuscated,READ,610,20.108,4.002,24.11,20.496
r03,r03_A1,A1,obfuscated,READ,611,20.084,4.023,24.107,20.492
r03,r03_A1,A1,obfuscated,READ,612,20.117,3.973,24.09,20.414
r03,r03_A1,A1,obfuscated,READ,613,20.084,4.006,24.09,20.535
r03,r03_A1,A1,obfuscated,READ,614,20.099,3.998,24.097,20.492
r03,r03_A1,A1,obfuscated,READ,615,20.101,4.003,24.104,20.493
r03,r03_A1,A1,obfuscated,SELECT,616,20.082,4.029,24.111,20.631
r03,r03_A1,A1,obfuscated,OPERATE,617,20.106,4.007,24.113,0.351
r03,r03_A1,A1,obfuscated,READ,618,20.082,3.999,24.081,20.486
r03,r03_A1,A1,obfuscated,READ,619,20.108,4.005,24.113,20.451
r03,r03_A1,A1,obfuscated,READ,620,20.104,3.986,24.09,20.492
r03,r03_A1,A1,obfuscated,READ,621,20.083,4.017,24.1,20.509
r03,r03_A1,A1,obfuscated,READ,622,20.107,3.998,24.105,20.492
r03,r03_A1,A1,obfuscated,SELECT,623,20.088,4.021,24.109,20.607
r03,r03_A1,A1,obfuscated,OPERATE,624,20.105,4.0,24.105,0.349
r03,r03_A1,A1,obfuscated,READ,625,20.082,4.032,24.114,20.64
r03,r03_A1,A1,obfuscated,READ,626,20.083,4.025,24.108,20.507
r03,r03_A1,A1,obfuscated,READ,627,20.109,4.0,24.109,20.492
r03,r03_A1,A1,obfuscated,READ,628,20.096,4.012,24.108,20.519
r03,r03_A1,A1,obfuscated,READ,629,20.098,3.998,24.096,20.491
r03,r03_A1,A1,obfuscated,SELECT,630,20.113,3.992,24.105,20.599
r03,r03_A1,A1,obfuscated,OPERATE,631,20.083,4.029,24.112,0.379
r03,r03_A1,A1,obfuscated,READ,632,20.111,3.982,24.093,20.463
r03,r03_A1,A1,obfuscated,READ,633,20.082,4.024,24.106,20.523
r03,r03_A1,A1,obfuscated,READ,634,20.099,3.998,24.097,20.492
r03,r03_A1,A1,obfuscated,READ,635,20.105,4.005,24.11,20.503
r03,r03_A1,A1,obfuscated,READ,636,20.087,4.033,24.12,20.488
r03,r03_A1,A1,obfuscated,READ,637,20.107,4.0,24.107,20.5
r03,r03_A1,A1,obfuscated,READ,638,20.087,4.024,24.111,20.525
r03,r03_A1,A1,obfuscated,SELECT,639,20.104,4.002,24.106,20.539
r03,r03_A1,A1,obfuscated,OPERATE,640,20.109,3.992,24.101,0.348
r03,r03_A1,A1,obfuscated,READ,641,20.083,4.032,24.115,20.548
r03,r03_A1,A1,obfuscated,READ,642,20.109,3.996,24.105,20.493
r03,r03_A1,A1,obfuscated,READ,643,20.112,4.001,24.113,20.527
r03,r03_A1,A1,obfuscated,READ,644,20.102,4.012,24.114,20.49
r03,r03_A1,A1,obfuscated,READ,645,20.108,3.974,24.082,20.417
r03,r03_A1,A1,obfuscated,SELECT,646,20.082,4.023,24.105,20.64
r03,r03_A1,A1,obfuscated,OPERATE,647,20.105,4.004,24.109,0.348
r03,r03_A1,A1,obfuscated,READ,648,20.099,4.011,24.11,20.574
r03,r03_A1,A1,obfuscated,READ,649,20.099,4.018,24.117,20.503
r03,r03_A1,A1,obfuscated,READ,650,20.105,4.0,24.105,20.544
r03,r03_A1,A1,obfuscated,READ,651,20.082,3.954,24.036,20.477
r03,r03_A1,A1,obfuscated,READ,652,20.102,4.005,24.107,20.439
r03,r03_A1,A1,obfuscated,READ,653,20.092,4.02,24.112,20.537
r03,r03_A1,A1,obfuscated,READ,654,20.099,4.004,24.103,20.49
r03,r03_A1,A1,obfuscated,SELECT,655,20.109,3.997,24.106,20.595
r03,r03_A1,A1,obfuscated,OPERATE,656,20.106,4.002,24.108,0.378
r03,r03_A1,A1,obfuscated,READ,657,20.102,4.005,24.107,20.526
r03,r03_A1,A1,obfuscated,READ,658,20.082,4.026,24.108,20.514
r03,r03_A1,A1,obfuscated,READ,659,20.101,3.998,24.099,20.415
r03,r03_A1,A1,obfuscated,READ,660,20.109,3.995,24.104,20.492
r03,r03_A1,A1,obfuscated,READ,661,20.083,4.024,24.107,20.525
r03,r03_A1,A1,obfuscated,SELECT,662,20.093,4.014,24.107,20.601
r03,r03_A1,A1,obfuscated,OPERATE,663,20.108,3.997,24.105,0.352
r03,r03_A1,A1,obfuscated,READ,664,20.098,3.999,24.097,20.541
r03,r03_A1,A1,obfuscated,READ,665,20.111,3.969,24.08,20.413
r03,r03_A1,A1,obfuscated,READ,666,20.105,4.011,24.116,20.447
r03,r03_A1,A1,obfuscated,READ,667,20.107,3.987,24.094,20.494
r03,r03_A1,A1,obfuscated,READ,668,20.083,4.023,24.106,20.487
r03,r03_A1,A1,obfuscated,SELECT,669,20.1,3.999,24.099,20.597
r03,r03_A1,A1,obfuscated,OPERATE,670,20.107,4.005,24.112,0.35
r03,r03_A1,A1,obfuscated,READ,671,20.102,4.016,24.118,20.551
r03,r03_A1,A1,obfuscated,READ,672,20.087,4.017,24.104,20.444
r03,r03_A1,A1,obfuscated,READ,673,20.088,3.959,24.047,20.494
r03,r03_A1,A1,obfuscated,READ,674,20.104,4.001,24.105,20.488
r03,r03_A1,A1,obfuscated,READ,675,20.086,4.018,24.104,20.588
r03,r03_A1,A1,obfuscated,READ,676,20.097,4.002,24.099,20.488
r03,r03_A1,A1,obfuscated,SELECT,677,20.105,4.0,24.105,20.599
r03,r03_A1,A1,obfuscated,OPERATE,678,20.081,4.025,24.106,0.377
r03,r03_A1,A1,obfuscated,READ,679,20.115,3.996,24.111,20.462
r03,r03_A1,A1,obfuscated,READ,680,20.081,4.023,24.104,20.509
r03,r03_A1,A1,obfuscated,READ,681,20.109,3.999,24.108,20.494
r03,r03_A1,A1,obfuscated,READ,682,20.109,3.997,24.106,20.498
r03,r03_A1,A1,obfuscated,READ,683,20.082,4.029,24.111,20.492
r03,r03_A1,A1,obfuscated,SELECT,684,20.109,3.996,24.105,20.602
r03,r03_A1,A1,obfuscated,OPERATE,685,20.109,3.976,24.085,0.375
r03,r03_A1,A1,obfuscated,READ,686,20.088,4.01,24.098,20.538
r03,r03_A1,A1,obfuscated,READ,687,20.107,4.003,24.11,20.492
r03,r03_A1,A1,obfuscated,READ,688,20.08,4.028,24.108,20.488
r03,r03_A1,A1,obfuscated,READ,689,20.108,4.007,24.115,20.49
r03,r03_A1,A1,obfuscated,READ,690,20.082,4.025,24.107,20.526
r03,r03_A1,A1,obfuscated,READ,691,20.11,4.011,24.121,20.496
r03,r03_A1,A1,obfuscated,READ,692,20.082,4.004,24.086,20.415
r03,r03_A1,A1,obfuscated,READ,693,20.081,4.027,24.108,20.518
r03,r03_A1,A1,obfuscated,READ,694,20.106,4.0,24.106,20.473
r03,r03_A1,A1,obfuscated,SELECT,695,20.081,4.028,24.109,20.629
r03,r03_A1,A1,obfuscated,OPERATE,696,20.092,3.997,24.089,0.35
r03,r03_A1,A1,obfuscated,READ,697,20.089,4.02,24.109,20.523
r03,r03_A1,A1,obfuscated,READ,698,20.081,3.954,24.035,20.526
r03,r03_A1,A1,obfuscated,READ,699,20.09,4.018,24.108,20.439
r03,r03_A1,A1,obfuscated,READ,700,20.081,4.023,24.104,20.567
r03,r03_A1,A1,obfuscated,READ,701,20.097,4.001,24.098,20.496
r03,r03_A1,A1,obfuscated,READ,702,20.106,3.999,24.105,20.507
r03,r03_A1,A1,obfuscated,SELECT,703,20.082,4.031,24.113,20.624
r03,r03_A1,A1,obfuscated,OPERATE,704,20.105,4.001,24.106,0.348
r03,r03_A1,A1,obfuscated,READ,705,20.102,4.007,24.109,20.575
r03,r03_A1,A1,obfuscated,READ,706,20.094,3.997,24.091,20.413
r03,r03_A1,A1,obfuscated,READ,707,20.082,4.03,24.112,20.497
r03,r03_A1,A1,obfuscated,READ,708,20.088,4.017,24.105,20.519
r03,r03_A1,A1,obfuscated,READ,709,20.117,3.987,24.104,20.49
r03,r03_A1,A1,obfuscated,SELECT,710,20.102,4.003,24.105,20.612
r03,r03_A1,A1,obfuscated,OPERATE,711,20.108,4.003,24.111,0.354
r03,r03_A1,A1,obfuscated,READ,712,20.104,3.998,24.102,20.461
r03,r03_A1,A1,obfuscated,READ,713,20.088,4.02,24.108,20.521
r03,r03_A1,A1,obfuscated,READ,714,20.104,4.0,24.104,20.501
r03,r03_A1,A1,obfuscated,READ,715,20.082,4.025,24.107,20.505
r03,r03_A1,A1,obfuscated,READ,716,20.091,4.003,24.094,20.502
r03,r03_A1,A1,obfuscated,READ,717,20.108,4.0,24.108,20.49
r03,r03_A1,A1,obfuscated,READ,718,20.087,4.021,24.108,20.528
r03,r03_A1,A1,obfuscated,SELECT,719,20.11,3.999,24.109,20.519
r03,r03_A1,A1,obfuscated,OPERATE,720,20.111,4.0,24.111,0.371
r03,r03_A1,A1,obfuscated,READ,721,20.11,4.003,24.113,20.546
r03,r03_A1,A1,obfuscated,READ,722,20.083,4.018,24.101,20.491
r03,r03_A1,A1,obfuscated,READ,723,20.082,4.026,24.108,20.522
r03,r03_A1,A1,obfuscated,READ,724,20.105,4.001,24.106,20.495
r03,r03_A1,A1,obfuscated,READ,725,20.093,3.943,24.036,20.504
r03,r03_A1,A1,obfuscated,READ,726,20.087,4.008,24.095,20.547
r03,r03_A1,A1,obfuscated,SELECT,727,20.107,4.005,24.112,20.601
r03,r03_A1,A1,obfuscated,OPERATE,728,20.116,3.994,24.11,0.379
r03,r03_A1,A1,obfuscated,READ,729,20.107,3.997,24.104,20.537
r03,r03_A1,A1,obfuscated,READ,730,20.11,3.997,24.107,20.52
r03,r03_A1,A1,obfuscated,READ,731,20.087,4.005,24.092,20.501
r03,r03_A1,A1,obfuscated,READ,732,20.082,4.027,24.109,20.47
r03,r03_A1,A1,obfuscated,READ,733,20.037,4.069,24.106,20.509
r03,r03_A1,A1,obfuscated,SELECT,734,20.113,3.991,24.104,20.565
r03,r03_A1,A1,obfuscated,OPERATE,735,20.104,4.008,24.112,0.358
r03,r03_A1,A1,obfuscated,READ,736,20.111,3.993,24.104,20.55
r03,r03_A1,A1,obfuscated,READ,737,20.105,4.004,24.109,20.508
r03,r03_A1,A1,obfuscated,READ,738,20.084,4.026,24.11,20.499
r03,r03_A1,A1,obfuscated,READ,739,20.111,3.997,24.108,20.483
r03,r03_A1,A1,obfuscated,READ,740,20.107,3.997,24.104,20.545
r03,r03_A1,A1,obfuscated,READ,741,20.082,4.0,24.082,20.534
r03,r03_A1,A1,obfuscated,READ,742,20.108,3.997,24.105,20.455
r03,r03_A1,A1,obfuscated,SELECT,743,20.081,4.027,24.108,20.603
r03,r03_A1,A1,obfuscated,OPERATE,744,20.105,3.981,24.086,0.354
r03,r03_A1,A1,obfuscated,READ,745,20.083,4.004,24.087,20.581
r03,r03_A1,A1,obfuscated,READ,746,20.085,4.028,24.113,20.519
r03,r03_A1,A1,obfuscated,READ,747,20.108,3.999,24.107,20.435
r03,r03_A1,A1,obfuscated,READ,748,20.081,4.022,24.103,20.493
r03,r03_A1,A1,obfuscated,READ,749,20.109,4.001,24.11,20.506
r03,r03_A1,A1,obfuscated,READ,750,20.081,4.023,24.104,20.6
r03,r03_A1,A1,obfuscated,SELECT,751,20.037,4.071,24.108,20.648
r03,r03_A1,A1,obfuscated,OPERATE,752,20.107,3.999,24.106,0.354
r03,r03_A1,A1,obfuscated,READ,753,20.103,4.002,24.105,20.601
r03,r03_A1,A1,obfuscated,READ,754,20.092,4.016,24.108,20.522
r03,r03_A1,A1,obfuscated,READ,755,20.104,4.0,24.104,20.502
r03,r03_A1,A1,obfuscated,READ,756,20.082,4.028,24.11,20.547
r03,r03_A1,A1,obfuscated,READ,757,20.093,4.0,24.093,20.503
r03,r03_A1,A1,obfuscated,READ,758,20.117,3.919,24.036,20.48
r03,r03_A1,A1,obfuscated,READ,759,20.084,4.02,24.104,20.532
r03,r03_A1,A1,obfuscated,SELECT,760,20.112,3.995,24.107,20.612
r03,r03_A1,A1,obfuscated,OPERATE,761,20.111,3.995,24.106,0.381
r03,r03_A1,A1,obfuscated,READ,762,20.101,3.999,24.1,20.554
r03,r03_A1,A1,obfuscated,READ,763,20.106,3.999,24.105,20.5
r03,r03_A1,A1,obfuscated,READ,764,20.083,3.953,24.036,20.536
r03,r03_A1,A1,obfuscated,READ,765,20.107,3.997,24.104,20.508
r03,r03_A1,A1,obfuscated,READ,766,20.108,4.004,24.112,20.557
r03,r03_A1,A1,obfuscated,READ,767,20.098,4.015,24.113,20.519
r03,r03_A1,A1,obfuscated,SELECT,768,20.11,3.998,24.108,20.599
r03,r03_A1,A1,obfuscated,OPERATE,769,20.105,4.002,24.107,0.413
r03,r03_A1,A1,obfuscated,READ,770,20.114,3.997,24.111,20.554
r03,r03_A1,A1,obfuscated,READ,771,20.037,4.067,24.104,20.503
r03,r03_A1,A1,obfuscated,READ,772,20.087,4.023,24.11,20.555
r03,r03_A1,A1,obfuscated,READ,773,20.109,3.999,24.108,20.503
r03,r03_A1,A1,obfuscated,READ,774,20.102,4.004,24.106,20.53
r03,r03_A1,A1,obfuscated,SELECT,775,20.083,4.025,24.108,20.723
r03,r03_A1,A1,obfuscated,OPERATE,776,20.109,3.997,24.106,0.354
r03,r03_A1,A1,obfuscated,READ,777,20.116,4.006,24.122,20.6
r03,r03_A1,A1,obfuscated,READ,778,20.082,4.024,24.106,20.565
r03,r03_A1,A1,obfuscated,READ,779,20.111,4.0,24.111,20.504
r03,r03_A1,A1,obfuscated,READ,780,20.106,3.999,24.105,20.54
r03,r03_A1,A1,obfuscated,READ,781,20.1,4.019,24.119,20.508
r03,r03_A1,A1,obfuscated,SELECT,782,20.107,4.004,24.111,20.609
r03,r03_A1,A1,obfuscated,OPERATE,783,20.039,4.072,24.111,0.419
r03,r03_A1,A1,obfuscated,READ,784,20.105,4.002,24.107,20.533
r03,r03_A1,A1,obfuscated,READ,785,20.082,4.024,24.106,20.511
r03,r03_A1,A1,obfuscated,READ,786,20.082,4.025,24.107,20.554
r03,r03_A1,A1,obfuscated,READ,787,20.109,3.973,24.082,20.504
r03,r03_A1,A1,obfuscated,READ,788,20.082,4.026,24.108,20.535
r03,r03_A1,A1,obfuscated,READ,789,20.084,3.999,24.083,20.534
r03,r03_OFF,OFF,native,READ,0,0.47,7.75,8.22,
r03,r03_OFF,OFF,native,READ,1,2.638,1.252,3.89,20.534
r03,r03_OFF,OFF,native,READ,2,0.443,2.126,2.569,20.494
r03,r03_OFF,OFF,native,READ,3,0.775,1.098,1.873,20.49
r03,r03_OFF,OFF,native,READ,4,0.557,1.105,1.662,20.511
r03,r03_OFF,OFF,native,READ,5,0.455,2.319,2.774,20.527
r03,r03_OFF,OFF,native,SELECT,6,0.566,3.657,4.223,20.629
r03,r03_OFF,OFF,native,OPERATE,7,0.501,3.381,3.882,0.368
r03,r03_OFF,OFF,native,READ,8,0.552,1.133,1.685,20.582
r03,r03_OFF,OFF,native,READ,9,0.572,2.056,2.628,20.534
r03,r03_OFF,OFF,native,READ,10,0.505,4.375,4.88,20.505
r03,r03_OFF,OFF,native,READ,11,0.571,3.977,4.548,20.511
r03,r03_OFF,OFF,native,READ,12,0.55,4.093,4.643,20.511
r03,r03_OFF,OFF,native,READ,13,0.496,3.865,4.361,20.448
r03,r03_OFF,OFF,native,READ,14,0.554,3.983,4.537,20.506
r03,r03_OFF,OFF,native,SELECT,15,2.339,6.464,8.803,20.619
r03,r03_OFF,OFF,native,OPERATE,16,0.578,4.835,5.413,0.368
r03,r03_OFF,OFF,native,READ,17,0.526,3.157,3.683,20.56
r03,r03_OFF,OFF,native,READ,18,0.56,2.052,2.612,20.543
r03,r03_OFF,OFF,native,READ,19,0.556,1.163,1.719,20.51
r03,r03_OFF,OFF,native,READ,20,3.332,1.099,4.431,20.511
r03,r03_OFF,OFF,native,READ,21,0.541,1.116,1.657,20.522
r03,r03_OFF,OFF,native,SELECT,22,1.531,1.004,2.535,20.622
r03,r03_OFF,OFF,native,OPERATE,23,0.483,3.029,3.512,0.364
r03,r03_OFF,OFF,native,READ,24,0.52,1.159,1.679,20.577
r03,r03_OFF,OFF,native,READ,25,0.561,2.104,2.665,20.506
r03,r03_OFF,OFF,native,READ,26,0.577,1.099,1.676,20.629
r03,r03_OFF,OFF,native,READ,27,0.512,2.159,2.671,20.532
r03,r03_OFF,OFF,native,READ,28,0.71,1.115,1.825,20.428
r03,r03_OFF,OFF,native,READ,29,0.571,1.069,1.64,20.508
r03,r03_OFF,OFF,native,READ,30,3.144,1.255,4.399,20.507
r03,r03_OFF,OFF,native,SELECT,31,0.566,2.021,2.587,20.613
r03,r03_OFF,OFF,native,OPERATE,32,0.499,2.91,3.409,0.305
r03,r03_OFF,OFF,native,READ,33,0.522,1.154,1.676,20.473
r03,r03_OFF,OFF,native,READ,34,0.57,5.164,5.734,20.502
r03,r03_OFF,OFF,native,READ,35,0.454,13.817,14.271,20.519
r03,r03_OFF,OFF,native,READ,36,0.559,4.774,5.333,20.508
r03,r03_OFF,OFF,native,READ,37,0.568,3.91,4.478,20.502
r03,r03_OFF,OFF,native,READ,38,0.57,3.97,4.54,20.505
r03,r03_OFF,OFF,native,READ,39,2.291,2.38,4.671,20.5
r03,r03_OFF,OFF,native,SELECT,40,0.498,1.112,1.61,20.535
r03,r03_OFF,OFF,native,OPERATE,41,1.535,1.822,3.357,0.361
r03,r03_OFF,OFF,native,READ,42,0.56,2.068,2.628,20.551
r03,r03_OFF,OFF,native,READ,43,0.532,1.095,1.627,20.522
r03,r03_OFF,OFF,native,READ,44,0.569,1.157,1.726,20.5
r03,r03_OFF,OFF,native,READ,45,0.508,2.081,2.589,20.52
r03,r03_OFF,OFF,native,READ,46,0.488,1.217,1.705,20.518
r03,r03_OFF,OFF,native,READ,47,0.518,2.099,2.617,20.507
r03,r03_OFF,OFF,native,READ,48,0.566,1.113,1.679,20.512
r03,r03_OFF,OFF,native,SELECT,49,2.889,1.185,4.074,20.649
r03,r03_OFF,OFF,native,OPERATE,50,0.547,2.901,3.448,0.36
r03,r03_OFF,OFF,native,READ,51,0.5,1.115,1.615,20.611
r03,r03_OFF,OFF,native,READ,52,0.57,2.083,2.653,20.507
r03,r03_OFF,OFF,native,READ,53,0.541,5.109,5.65,20.51
r03,r03_OFF,OFF,native,READ,54,0.492,2.092,2.584,20.542
r03,r03_OFF,OFF,native,READ,55,0.887,1.107,1.994,20.522
r03,r03_OFF,OFF,native,READ,56,0.568,3.367,3.935,20.506
r03,r03_OFF,OFF,native,SELECT,57,0.553,3.687,4.24,20.617
r03,r03_OFF,OFF,native,OPERATE,58,0.561,4.863,5.424,0.362
r03,r03_OFF,OFF,native,READ,59,0.574,3.157,3.731,20.551
r03,r03_OFF,OFF,native,READ,60,0.516,4.001,4.517,20.537
r03,r03_OFF,OFF,native,READ,61,0.495,3.939,4.434,20.508
r03,r03_OFF,OFF,native,READ,62,0.521,3.92,4.441,20.519
r03,r03_OFF,OFF,native,READ,63,0.524,4.108,4.632,20.54
r03,r03_OFF,OFF,native,SELECT,64,0.551,2.028,2.579,20.61
r03,r03_OFF,OFF,native,OPERATE,65,0.544,1.886,2.43,0.365
r03,r03_OFF,OFF,native,READ,66,1.483,1.151,2.634,20.553
r03,r03_OFF,OFF,native,READ,67,0.482,1.163,1.645,20.533
r03,r03_OFF,OFF,native,READ,68,0.493,2.114,2.607,20.488
r03,r03_OFF,OFF,native,READ,69,4.43,1.168,5.598,20.511
r03,r03_OFF,OFF,native,READ,70,0.587,3.343,3.93,20.508
r03,r03_OFF,OFF,native,SELECT,71,0.538,1.052,1.59,20.612
r03,r03_OFF,OFF,native,OPERATE,72,1.611,1.83,3.441,0.362
r03,r03_OFF,OFF,native,READ,73,0.545,2.128,2.673,20.492
r03,r03_OFF,OFF,native,READ,74,0.481,1.262,1.743,20.496
r03,r03_OFF,OFF,native,READ,75,0.564,1.082,1.646,20.514
r03,r03_OFF,OFF,native,READ,76,0.517,2.116,2.633,20.45
r03,r03_OFF,OFF,native,READ,77,0.57,1.16,1.73,20.568
r03,r03_OFF,OFF,native,SELECT,78,0.555,2.038,2.593,20.621
r03,r03_OFF,OFF,native,OPERATE,79,0.497,2.82,3.317,0.394
r03,r03_OFF,OFF,native,READ,80,0.536,3.924,4.46,20.555
r03,r03_OFF,OFF,native,READ,81,0.51,4.092,4.602,20.527
r03,r03_OFF,OFF,native,READ,82,0.557,3.915,4.472,20.501
r03,r03_OFF,OFF,native,READ,83,0.516,3.863,4.379,20.517
r03,r03_OFF,OFF,native,READ,84,1.96,2.56,4.52,20.525
r03,r03_OFF,OFF,native,READ,85,0.525,3.924,4.449,20.51
r03,r03_OFF,OFF,native,READ,86,0.537,4.043,4.58,20.523
r03,r03_OFF,OFF,native,READ,87,0.53,1.101,1.631,20.504
r03,r03_OFF,OFF,native,SELECT,88,0.555,1.048,1.603,20.632
r03,r03_OFF,OFF,native,OPERATE,89,1.18,1.857,3.037,0.361
r03,r03_OFF,OFF,native,READ,90,0.556,2.074,2.63,20.585
r03,r03_OFF,OFF,native,READ,91,0.556,1.162,1.718,20.503
r03,r03_OFF,OFF,native,READ,92,0.455,1.169,1.624,20.491
r03,r03_OFF,OFF,native,READ,93,1.527,1.157,2.684,20.525
r03,r03_OFF,OFF,native,READ,94,0.502,1.101,1.603,20.502
r03,r03_OFF,OFF,native,SELECT,95,0.599,2.079,2.678,20.614
r03,r03_OFF,OFF,native,OPERATE,96,0.494,2.855,3.349,0.38
r03,r03_OFF,OFF,native,READ,97,0.552,1.114,1.666,20.556
r03,r03_OFF,OFF,native,READ,98,0.46,1.165,1.625,20.53
r03,r03_OFF,OFF,native,READ,99,1.542,1.091,2.633,20.51
r03,r03_OFF,OFF,native,READ,100,0.573,3.63,4.203,20.52
r03,r03_OFF,OFF,native,READ,101,0.567,1.094,1.661,20.536
r03,r03_OFF,OFF,native,SELECT,102,0.601,2.061,2.662,20.716
r03,r03_OFF,OFF,native,OPERATE,103,0.449,2.899,3.348,0.363
r03,r03_OFF,OFF,native,READ,104,0.529,4.733,5.262,20.567
r03,r03_OFF,OFF,native,READ,105,0.553,3.842,4.395,20.508
r03,r03_OFF,OFF,native,READ,106,0.571,3.872,4.443,20.524
r03,r03_OFF,OFF,native,READ,107,0.505,3.963,4.468,20.537
r03,r03_OFF,OFF,native,READ,108,0.498,3.964,4.462,20.522
r03,r03_OFF,OFF,native,SELECT,109,0.512,3.979,4.491,20.63
r03,r03_OFF,OFF,native,OPERATE,110,0.578,4.051,4.629,0.39
r03,r03_OFF,OFF,native,READ,111,0.53,3.204,3.734,20.487
r03,r03_OFF,OFF,native,READ,112,0.562,1.1,1.662,20.516
r03,r03_OFF,OFF,native,READ,113,0.458,2.139,2.597,20.507
r03,r03_OFF,OFF,native,READ,114,2.381,2.157,4.538,20.507
r03,r03_OFF,OFF,native,READ,115,0.497,1.161,1.658,20.512
r03,r03_OFF,OFF,native,READ,116,0.525,2.269,2.794,20.508
r03,r03_OFF,OFF,native,SELECT,117,0.515,2.632,3.147,20.632
r03,r03_OFF,OFF,native,OPERATE,118,1.143,1.934,3.077,0.36
r03,r03_OFF,OFF,native,READ,119,0.485,11.338,11.823,20.474
r03,r03_OFF,OFF,native,READ,120,0.474,3.782,4.256,20.498
r03,r03_OFF,OFF,native,READ,121,0.557,3.927,4.484,20.53
r03,r03_OFF,OFF,native,READ,122,0.57,1.078,1.648,20.509
r03,r03_OFF,OFF,native,READ,123,0.483,2.198,2.681,20.43
r03,r03_OFF,OFF,native,READ,124,0.552,1.131,1.683,20.529
r03,r03_OFF,OFF,native,SELECT,125,0.582,1.99,2.572,20.647
r03,r03_OFF,OFF,native,OPERATE,126,0.467,1.938,2.405,0.38
r03,r03_OFF,OFF,native,READ,127,0.459,6.036,6.495,20.631
r03,r03_OFF,OFF,native,READ,128,0.534,4.637,5.171,20.505
r03,r03_OFF,OFF,native,READ,129,0.534,3.775,4.309,20.453
r03,r03_OFF,OFF,native,READ,130,0.552,4.028,4.58,20.509
r03,r03_OFF,OFF,native,READ,131,0.541,3.506,4.047,20.511
r03,r03_OFF,OFF,native,SELECT,132,0.499,3.765,4.264,20.612
r03,r03_OFF,OFF,native,OPERATE,133,0.51,4.543,5.053,0.359
r03,r03_OFF,OFF,native,READ,134,0.57,2.985,3.555,20.564
r03,r03_OFF,OFF,native,READ,135,0.574,3.911,4.485,20.504
r03,r03_OFF,OFF,native,READ,136,0.562,1.185,1.747,20.506
r03,r03_OFF,OFF,native,READ,137,0.574,6.609,7.183,20.57
r03,r03_OFF,OFF,native,READ,138,0.554,1.274,1.828,20.441
r03,r03_OFF,OFF,native,SELECT,139,0.587,2.02,2.607,20.631
r03,r03_OFF,OFF,native,OPERATE,140,0.517,3.012,3.529,0.377
r03,r03_OFF,OFF,native,READ,141,0.558,1.123,1.681,20.577
r03,r03_OFF,OFF,native,READ,142,0.458,2.185,2.643,20.51
r03,r03_OFF,OFF,native,READ,143,0.729,1.323,2.052,20.5
r03,r03_OFF,OFF,native,READ,144,0.682,2.208,2.89,20.524
r03,r03_OFF,OFF,native,READ,145,0.55,1.115,1.665,20.542
r03,r03_OFF,OFF,native,SELECT,146,0.572,1.037,1.609,20.617
r03,r03_OFF,OFF,native,OPERATE,147,1.316,1.88,3.196,0.364
r03,r03_OFF,OFF,native,READ,148,0.525,2.113,2.638,20.556
r03,r03_OFF,OFF,native,READ,149,0.561,1.174,1.735,20.475
r03,r03_OFF,OFF,native,READ,150,0.53,1.102,1.632,20.506
r03,r03_OFF,OFF,native,READ,151,1.524,1.141,2.665,20.507
r03,r03_OFF,OFF,native,READ,152,0.457,3.998,4.455,20.569
r03,r03_OFF,OFF,native,SELECT,153,0.512,12.915,13.427,20.617
r03,r03_OFF,OFF,native,OPERATE,154,0.586,6.672,7.258,0.385
r03,r03_OFF,OFF,native,READ,155,0.528,3.152,3.68,20.554
r03,r03_OFF,OFF,native,READ,156,0.583,3.911,4.494,20.538
r03,r03_OFF,OFF,native,READ,157,0.508,3.913,4.421,20.533
r03,r03_OFF,OFF,native,READ,158,0.571,1.098,1.669,20.471
r03,r03_OFF,OFF,native,READ,159,0.581,2.295,2.876,20.504
r03,r03_OFF,OFF,native,READ,160,0.561,1.107,1.668,20.515
r03,r03_OFF,OFF,native,SELECT,161,0.497,1.103,1.6,20.607
r03,r03_OFF,OFF,native,OPERATE,162,1.319,1.927,3.246,0.364
r03,r03_OFF,OFF,native,READ,163,0.519,2.059,2.578,20.552
r03,r03_OFF,OFF,native,READ,164,0.572,1.266,1.838,20.51
r03,r03_OFF,OFF,native,READ,165,0.563,2.109,2.672,20.621
r03,r03_OFF,OFF,native,READ,166,0.573,1.114,1.687,20.524
r03,r03_OFF,OFF,native,READ,167,0.575,3.584,4.159,20.518
r03,r03_OFF,OFF,native,READ,168,0.54,1.106,1.646,20.505
r03,r03_OFF,OFF,native,READ,169,0.55,2.185,2.735,20.534
r03,r03_OFF,OFF,native,SELECT,170,0.572,1.017,1.589,20.616
r03,r03_OFF,OFF,native,OPERATE,171,0.447,2.956,3.403,0.359
r03,r03_OFF,OFF,native,READ,172,0.519,1.117,1.636,20.552
r03,r03_OFF,OFF,native,READ,173,1.53,1.103,2.633,20.514
r03,r03_OFF,OFF,native,READ,174,0.554,3.286,3.84,20.511
r03,r03_OFF,OFF,native,READ,175,0.552,3.778,4.33,20.524
r03,r03_OFF,OFF,native,READ,176,0.559,3.861,4.42,20.513
r03,r03_OFF,OFF,native,SELECT,177,0.561,3.767,4.328,20.672
r03,r03_OFF,OFF,native,OPERATE,178,0.567,4.67,5.237,0.362
r03,r03_OFF,OFF,native,READ,179,0.533,3.196,3.729,20.556
r03,r03_OFF,OFF,native,READ,180,0.583,3.811,4.394,20.502
r03,r03_OFF,OFF,native,READ,181,0.576,4.017,4.593,20.509
r03,r03_OFF,OFF,native,READ,182,0.571,1.105,1.676,20.504
r03,r03_OFF,OFF,native,READ,183,0.551,2.068,2.619,20.513
r03,r03_OFF,OFF,native,READ,184,0.548,1.112,1.66,20.522
r03,r03_OFF,OFF,native,READ,185,0.563,2.103,2.666,20.498
r03,r03_OFF,OFF,native,SELECT,186,0.501,1.103,1.604,20.61
r03,r03_OFF,OFF,native,OPERATE,187,0.556,2.852,3.408,0.359
r03,r03_OFF,OFF,native,READ,188,0.553,5.235,5.788,20.554
r03,r03_OFF,OFF,native,READ,189,0.506,2.123,2.629,20.514
r03,r03_OFF,OFF,native,READ,190,0.569,1.158,1.727,20.523
r03,r03_OFF,OFF,native,READ,191,0.599,2.04,2.639,20.534
r03,r03_OFF,OFF,native,READ,192,0.665,1.314,1.979,20.505
r03,r03_OFF,OFF,native,READ,193,0.493,1.173,1.666,20.52
r03,r03_OFF,OFF,native,READ,194,1.508,1.142,2.65,20.507
r03,r03_OFF,OFF,native,READ,195,0.558,1.103,1.661,20.539
r03,r03_OFF,OFF,native,READ,196,0.567,2.257,2.824,20.518
r03,r03_OFF,OFF,native,SELECT,197,0.573,12.996,13.569,20.632
r03,r03_OFF,OFF,native,OPERATE,198,0.454,6.023,6.477,0.358
r03,r03_OFF,OFF,native,READ,199,0.508,2.35,2.858,20.536
r03,r03_OFF,OFF,native,READ,200,0.549,3.943,4.492,20.524
r03,r03_OFF,OFF,native,READ,201,0.551,3.755,4.306,20.529
r03,r03_OFF,OFF,native,READ,202,0.58,3.866,4.446,20.563
r03,r03_OFF,OFF,native,READ,203,0.571,4.066,4.637,20.507
r03,r03_OFF,OFF,native,READ,204,0.548,3.72,4.268,20.541
r03,r03_OFF,OFF,native,READ,205,0.567,2.072,2.639,20.534
r03,r03_OFF,OFF,native,READ,206,4.617,1.249,5.866,20.521
r03,r03_OFF,OFF,native,READ,207,0.535,2.081,2.616,20.509
r03,r03_OFF,OFF,native,SELECT,208,0.464,1.169,1.633,20.534
r03,r03_OFF,OFF,native,OPERATE,209,0.562,2.848,3.41,0.365
r03,r03_OFF,OFF,native,READ,210,0.564,1.099,1.663,20.551
r03,r03_OFF,OFF,native,READ,211,0.446,2.176,2.622,20.428
r03,r03_OFF,OFF,native,READ,212,0.57,1.09,1.66,20.545
r03,r03_OFF,OFF,native,READ,213,0.507,2.089,2.596,20.506
r03,r03_OFF,OFF,native,READ,214,0.731,1.118,1.849,20.527
r03,r03_OFF,OFF,native,READ,215,0.568,1.096,1.664,20.503
r03,r03_OFF,OFF,native,READ,216,4.23,2.379,6.609,20.507
r03,r03_OFF,OFF,native,READ,217,0.523,1.124,1.647,20.536
r03,r03_OFF,OFF,native,SELECT,218,0.583,2.148,2.731,20.615
r03,r03_OFF,OFF,native,OPERATE,219,0.485,2.974,3.459,0.362
r03,r03_OFF,OFF,native,READ,220,0.56,4.753,5.313,20.572
r03,r03_OFF,OFF,native,READ,221,0.569,12.819,13.388,20.517
r03,r03_OFF,OFF,native,READ,222,0.58,4.013,4.593,20.507
r03,r03_OFF,OFF,native,READ,223,0.598,3.813,4.411,20.517
r03,r03_OFF,OFF,native,READ,224,0.583,3.909,4.492,20.51
r03,r03_OFF,OFF,native,READ,225,3.176,1.515,4.691,20.508
r03,r03_OFF,OFF,native,SELECT,226,0.558,3.604,4.162,20.645
r03,r03_OFF,OFF,native,OPERATE,227,0.562,4.535,5.097,0.378
r03,r03_OFF,OFF,native,READ,228,1.48,1.143,2.623,20.617
r03,r03_OFF,OFF,native,READ,229,0.562,1.093,1.655,20.505
r03,r03_OFF,OFF,native,READ,230,0.57,6.173,6.743,20.534
r03,r03_OFF,OFF,native,READ,231,0.622,1.102,1.724,20.542
r03,r03_OFF,OFF,native,READ,232,0.564,2.086,2.65,20.502
r03,r03_OFF,OFF,native,SELECT,233,0.548,1.032,1.58,20.618
r03,r03_OFF,OFF,native,OPERATE,234,0.538,2.957,3.495,0.361
r03,r03_OFF,OFF,native,READ,235,0.562,1.102,1.664,20.494
r03,r03_OFF,OFF,native,READ,236,0.576,2.114,2.69,20.51
r03,r03_OFF,OFF,native,READ,237,0.604,1.148,1.752,20.513
r03,r03_OFF,OFF,native,READ,238,0.487,2.239,2.726,20.498
r03,r03_OFF,OFF,native,READ,239,0.459,4.591,5.05,20.511
r03,r03_OFF,OFF,native,READ,240,1.946,2.168,4.114,20.513
r03,r03_OFF,OFF,native,SELECT,241,0.57,1.025,1.595,20.628
r03,r03_OFF,OFF,native,OPERATE,242,0.547,2.877,3.424,0.377
r03,r03_OFF,OFF,native,READ,243,0.577,3.302,3.879,20.548
r03,r03_OFF,OFF,native,READ,244,0.565,3.975,4.54,20.525
r03,r03_OFF,OFF,native,READ,245,0.549,12.597,13.146,20.529
r03,r03_OFF,OFF,native,READ,246,0.53,4.242,4.772,20.538
r03,r03_OFF,OFF,native,READ,247,0.506,3.889,4.395,20.508
r03,r03_OFF,OFF,native,READ,248,0.56,3.944,4.504,20.513
r03,r03_OFF,OFF,native,READ,249,3.327,4.614,7.941,20.521
r03,r03_OFF,OFF,native,READ,250,0.523,1.033,1.556,20.511
r03,r03_OFF,OFF,native,SELECT,251,0.553,2.043,2.596,20.612
r03,r03_OFF,OFF,native,OPERATE,252,0.548,1.825,2.373,0.361
r03,r03_OFF,OFF,native,READ,253,1.494,1.343,2.837,20.625
r03,r03_OFF,OFF,native,READ,254,0.57,1.096,1.666,20.503
r03,r03_OFF,OFF,native,READ,255,0.562,2.141,2.703,20.543
r03,r03_OFF,OFF,native,READ,256,0.495,1.156,1.651,20.493
r03,r03_OFF,OFF,native,READ,257,0.551,2.321,2.872,20.51
r03,r03_OFF,OFF,native,READ,258,0.488,1.164,1.652,20.517
r03,r03_OFF,OFF,native,SELECT,259,0.568,2.048,2.616,20.636
r03,r03_OFF,OFF,native,OPERATE,260,0.491,1.909,2.4,0.359
r03,r03_OFF,OFF,native,READ,261,1.532,1.103,2.635,20.59
r03,r03_OFF,OFF,native,READ,262,0.49,1.235,1.725,20.5
r03,r03_OFF,OFF,native,READ,263,0.573,2.117,2.69,20.505
r03,r03_OFF,OFF,native,READ,264,0.523,1.109,1.632,20.503
r03,r03_OFF,OFF,native,READ,265,0.574,4.026,4.6,20.534
r03,r03_OFF,OFF,native,SELECT,266,0.571,3.717,4.288,20.607
r03,r03_OFF,OFF,native,OPERATE,267,0.572,5.937,6.509,0.364
r03,r03_OFF,OFF,native,READ,268,0.571,2.072,2.643,20.582
r03,r03_OFF,OFF,native,READ,269,1.575,2.914,4.489,20.512
r03,r03_OFF,OFF,native,READ,270,1.536,3.099,4.635,20.503
r03,r03_OFF,OFF,native,READ,271,1.571,2.793,4.364,20.538
r03,r03_OFF,OFF,native,READ,272,1.565,2.922,4.487,20.507
r03,r03_OFF,OFF,native,SELECT,273,1.573,1.035,2.608,20.595
r03,r03_OFF,OFF,native,OPERATE,274,0.603,2.87,3.473,0.367
r03,r03_OFF,OFF,native,READ,275,0.556,1.129,1.685,20.578
r03,r03_OFF,OFF,native,READ,276,0.546,2.09,2.636,20.501
r03,r03_OFF,OFF,native,READ,277,0.498,1.234,1.732,20.569
r03,r03_OFF,OFF,native,READ,278,0.517,2.057,2.574,20.516
r03,r03_OFF,OFF,native,READ,279,4.797,1.111,5.908,20.523
r03,r03_OFF,OFF,native,READ,280,0.515,1.154,1.669,20.487
r03,r03_OFF,OFF,native,SELECT,281,0.561,2.212,2.773,20.614
r03,r03_OFF,OFF,native,OPERATE,282,0.561,2.868,3.429,0.364
r03,r03_OFF,OFF,native,READ,283,0.523,1.123,1.646,20.551
r03,r03_OFF,OFF,native,READ,284,0.559,2.109,2.668,20.534
r03,r03_OFF,OFF,native,READ,285,0.535,1.115,1.65,20.508
r03,r03_OFF,OFF,native,READ,286,0.563,7.772,8.335,20.531
r03,r03_OFF,OFF,native,READ,287,0.54,8.902,9.442,20.53
r03,r03_OFF,OFF,native,SELECT,288,0.489,22.887,23.376,20.611
r03,r03_OFF,OFF,native,OPERATE,289,0.55,11.762,12.312,0.424
r03,r03_OFF,OFF,native,READ,290,0.502,8.194,8.696,20.559
r03,r03_OFF,OFF,native,READ,291,0.561,4.121,4.682,20.509
r03,r03_OFF,OFF,native,READ,292,0.563,12.191,12.754,20.514
r03,r03_OFF,OFF,native,READ,293,0.505,4.736,5.241,20.432
r03,r03_OFF,OFF,native,READ,294,0.51,3.861,4.371,20.543
r03,r03_OFF,OFF,native,READ,295,0.549,4.001,4.55,20.529
r03,r03_OFF,OFF,native,SELECT,296,3.428,2.794,6.222,20.679
r03,r03_OFF,OFF,native,OPERATE,297,1.092,2.452,3.544,0.378
r03,r03_OFF,OFF,native,READ,298,0.441,2.242,2.683,20.552
r03,r03_OFF,OFF,native,READ,299,0.536,1.108,1.644,20.534
r03,r03_OFF,OFF,native,READ,300,0.506,2.316,2.822,20.428
r03,r03_OFF,OFF,native,READ,301,0.54,1.125,1.665,20.507
r03,r03_OFF,OFF,native,READ,302,0.568,4.278,4.846,20.587
r03,r03_OFF,OFF,native,READ,303,0.501,2.531,3.032,20.509
r03,r03_OFF,OFF,native,READ,304,0.564,1.359,1.923,20.513
r03,r03_OFF,OFF,native,READ,305,0.632,5.861,6.493,20.52
r03,r03_OFF,OFF,native,SELECT,306,0.513,1.113,1.626,20.544
r03,r03_OFF,OFF,native,OPERATE,307,0.441,2.976,3.417,0.36
r03,r03_OFF,OFF,native,READ,308,0.57,1.106,1.676,20.566
r03,r03_OFF,OFF,native,READ,309,0.498,2.159,2.657,20.429
r03,r03_OFF,OFF,native,READ,310,0.504,3.587,4.091,20.505
r03,r03_OFF,OFF,native,READ,311,1.962,2.708,4.67,20.451
r03,r03_OFF,OFF,native,READ,312,0.555,3.807,4.362,20.447
r03,r03_OFF,OFF,native,READ,313,0.553,3.931,4.484,20.516
r03,r03_OFF,OFF,native,READ,314,0.507,4.066,4.573,20.508
r03,r03_OFF,OFF,native,SELECT,315,0.569,11.978,12.547,20.688
r03,r03_OFF,OFF,native,OPERATE,316,0.494,5.725,6.219,0.362
r03,r03_OFF,OFF,native,READ,317,0.563,3.047,3.61,20.554
r03,r03_OFF,OFF,native,READ,318,0.501,2.1,2.601,20.527
r03,r03_OFF,OFF,native,READ,319,0.694,1.113,1.807,20.526
r03,r03_OFF,OFF,native,READ,320,3.631,1.174,4.805,20.506
r03,r03_OFF,OFF,native,READ,321,0.521,1.111,1.632,20.534
r03,r03_OFF,OFF,native,READ,322,1.582,1.108,2.69,20.503
r03,r03_OFF,OFF,native,READ,323,0.478,1.173,1.651,20.44
r03,r03_OFF,OFF,native,SELECT,324,0.633,2.042,2.675,20.606
r03,r03_OFF,OFF,native,OPERATE,325,0.552,2.852,3.404,0.361
r03,r03_OFF,OFF,native,READ,326,0.573,1.091,1.664,20.551
r03,r03_OFF,OFF,native,READ,327,0.453,1.156,1.609,20.572
r03,r03_OFF,OFF,native,READ,328,1.535,1.076,2.611,20.506
r03,r03_OFF,OFF,native,READ,329,0.537,1.143,1.68,20.534
r03,r03_OFF,OFF,native,READ,330,2.916,1.3,4.216,20.51
r03,r03_OFF,OFF,native,READ,331,0.521,2.11,2.631,20.524
r03,r03_OFF,OFF,native,SELECT,332,0.599,5.805,6.404,20.614
r03,r03_OFF,OFF,native,OPERATE,333,1.536,4.917,6.453,0.383
r03,r03_OFF,OFF,native,READ,334,0.562,3.068,3.63,20.593
r03,r03_OFF,OFF,native,READ,335,1.923,2.636,4.559,20.516
r03,r03_OFF,OFF,native,READ,336,0.506,3.898,4.404,20.526
r03,r03_OFF,OFF,native,READ,337,0.562,3.96,4.522,20.514
r03,r03_OFF,OFF,native,READ,338,0.544,4.09,4.634,20.464
r03,r03_OFF,OFF,native,SELECT,339,0.565,12.161,12.726,20.57
r03,r03_OFF,OFF,native,OPERATE,340,0.507,5.407,5.914,0.361
r03,r03_OFF,OFF,native,READ,341,0.444,2.141,2.585,20.562
r03,r03_OFF,OFF,native,READ,342,0.567,1.097,1.664,20.524
r03,r03_OFF,OFF,native,READ,343,0.505,2.226,2.731,20.523
r03,r03_OFF,OFF,native,READ,344,4.728,1.101,5.829,20.512
r03,r03_OFF,OFF,native,READ,345,0.56,1.107,1.667,20.528
r03,r03_OFF,OFF,native,READ,346,0.558,2.297,2.855,20.533
r03,r03_OFF,OFF,native,READ,347,0.545,1.103,1.648,20.511
r03,r03_OFF,OFF,native,READ,348,0.563,2.099,2.662,20.505
r03,r03_OFF,OFF,native,READ,349,0.567,1.109,1.676,20.505
r03,r03_OFF,OFF,native,SELECT,350,0.489,2.061,2.55,20.617
r03,r03_OFF,OFF,native,OPERATE,351,0.525,1.923,2.448,0.383
r03,r03_OFF,OFF,native,READ,352,1.537,1.099,2.636,20.644
r03,r03_OFF,OFF,native,READ,353,0.526,1.121,1.647,20.524
r03,r03_OFF,OFF,native,READ,354,2.891,1.123,4.014,20.439
r03,r03_OFF,OFF,native,READ,355,0.494,2.176,2.67,20.508
r03,r03_OFF,OFF,native,READ,356,0.527,6.151,6.678,20.568
r03,r03_OFF,OFF,native,READ,357,0.512,4.03,4.542,20.545
r03,r03_OFF,OFF,native,READ,358,0.577,13.898,14.475,20.524
r03,r03_OFF,OFF,native,READ,359,0.663,4.787,5.45,20.525
r03,r03_OFF,OFF,native,SELECT,360,0.555,3.635,4.19,20.631
r03,r03_OFF,OFF,native,OPERATE,361,0.577,4.353,4.93,0.393
r03,r03_OFF,OFF,native,READ,362,0.559,3.047,3.606,20.55
r03,r03_OFF,OFF,native,READ,363,0.501,1.168,1.669,20.511
r03,r03_OFF,OFF,native,READ,364,0.519,2.02,2.539,20.509
r03,r03_OFF,OFF,native,READ,365,0.578,1.094,1.672,20.52
r03,r03_OFF,OFF,native,READ,366,0.449,1.185,1.634,20.541
r03,r03_OFF,OFF,native,READ,367,1.527,1.103,2.63,20.47
r03,r03_OFF,OFF,native,SELECT,368,0.503,1.287,1.79,20.552
r03,r03_OFF,OFF,native,OPERATE,369,1.422,1.91,3.332,0.363
r03,r03_OFF,OFF,native,READ,370,0.503,2.093,2.596,20.569
r03,r03_OFF,OFF,native,READ,371,0.572,1.246,1.818,20.514
r03,r03_OFF,OFF,native,READ,372,0.503,2.114,2.617,20.512
r03,r03_OFF,OFF,native,READ,373,0.678,1.096,1.774,20.542
r03,r03_OFF,OFF,native,READ,374,0.549,1.116,1.665,20.533
r03,r03_OFF,OFF,native,READ,375,0.534,2.76,3.294,20.525
r03,r03_OFF,OFF,native,SELECT,376,0.538,1.034,1.572,20.633
r03,r03_OFF,OFF,native,OPERATE,377,1.207,1.87,3.077,0.361
r03,r03_OFF,OFF,native,READ,378,0.52,2.161,2.681,20.631
r03,r03_OFF,OFF,native,READ,379,0.563,4.503,5.066,20.547
r03,r03_OFF,OFF,native,READ,380,0.562,3.844,4.406,20.509
r03,r03_OFF,OFF,native,READ,381,0.563,3.874,4.437,20.507
r03,r03_OFF,OFF,native,READ,382,0.543,4.087,4.63,20.509
r03,r03_OFF,OFF,native,READ,383,0.507,3.922,4.429,20.43
r03,r03_OFF,OFF,native,READ,384,0.575,3.995,4.57,20.516
r03,r03_OFF,OFF,native,READ,385,0.555,3.884,4.439,20.51
r03,r03_OFF,OFF,native,READ,386,0.56,1.103,1.663,20.506
r03,r03_OFF,OFF,native,SELECT,387,0.513,2.295,2.808,20.661
r03,r03_OFF,OFF,native,OPERATE,388,0.549,2.868,3.417,0.36
r03,r03_OFF,OFF,native,READ,389,0.55,1.126,1.676,20.569
r03,r03_OFF,OFF,native,READ,390,0.528,2.065,2.593,20.505
r03,r03_OFF,OFF,native,READ,391,0.761,1.089,1.85,20.503
r03,r03_OFF,OFF,native,READ,392,0.454,1.279,1.733,20.434
r03,r03_OFF,OFF,native,READ,393,0.543,2.069,2.612,20.537
r03,r03_OFF,OFF,native,READ,394,0.513,1.165,1.678,20.493
r03,r03_OFF,OFF,native,SELECT,395,0.531,2.043,2.574,20.645
r03,r03_OFF,OFF,native,OPERATE,396,0.496,2.924,3.42,0.362
r03,r03_OFF,OFF,native,READ,397,0.547,1.129,1.676,20.561
r03,r03_OFF,OFF,native,READ,398,0.553,1.11,1.663,20.509
r03,r03_OFF,OFF,native,READ,399,0.546,2.134,2.68,20.509
r03,r03_OFF,OFF,native,READ,400,0.57,1.093,1.663,20.531
r03,r03_OFF,OFF,native,READ,401,0.53,2.122,2.652,20.501
r03,r03_OFF,OFF,native,READ,402,0.505,4.508,5.013,20.556
r03,r03_OFF,OFF,native,READ,403,0.581,4.077,4.658,20.509
r03,r03_OFF,OFF,native,SELECT,404,0.537,3.643,4.18,20.629
r03,r03_OFF,OFF,native,OPERATE,405,0.497,4.386,4.883,0.359
r03,r03_OFF,OFF,native,READ,406,0.498,3.129,3.627,20.554
r03,r03_OFF,OFF,native,READ,407,0.528,3.899,4.427,20.539
r03,r03_OFF,OFF,native,READ,408,0.565,4.015,4.58,20.527
r03,r03_OFF,OFF,native,READ,409,0.533,3.843,4.376,20.514
r03,r03_OFF,OFF,native,READ,410,0.52,1.128,1.648,20.531
r03,r03_OFF,OFF,native,READ,411,0.572,2.129,2.701,20.506
r03,r03_OFF,OFF,native,READ,412,0.542,1.115,1.657,20.502
r03,r03_OFF,OFF,native,READ,413,0.54,2.148,2.688,20.509
r03,r03_OFF,OFF,native,SELECT,414,0.574,1.017,1.591,20.645
r03,r03_OFF,OFF,native,OPERATE,415,0.444,2.962,3.406,0.383
r03,r03_OFF,OFF,native,READ,416,0.507,1.115,1.622,20.569
r03,r03_OFF,OFF,native,READ,417,0.576,2.121,2.697,20.509
r03,r03_OFF,OFF,native,READ,418,0.509,1.109,1.618,20.513
r03,r03_OFF,OFF,native,READ,419,0.563,2.055,2.618,20.499
r03,r03_OFF,OFF,native,READ,420,0.486,1.352,1.838,20.507
r03,r03_OFF,OFF,native,READ,421,0.557,1.098,1.655,20.531
r03,r03_OFF,OFF,native,READ,422,1.854,5.986,7.84,20.518
r03,r03_OFF,OFF,native,READ,423,0.566,2.094,2.66,20.507
r03,r03_OFF,OFF,native,SELECT,424,0.581,1.036,1.617,20.614
r03,r03_OFF,OFF,native,OPERATE,425,0.566,2.879,3.445,0.363
r03,r03_OFF,OFF,native,READ,426,0.502,4.498,5.0,20.546
r03,r03_OFF,OFF,native,READ,427,2.863,1.644,4.507,20.588
r03,r03_OFF,OFF,native,READ,428,0.554,3.825,4.379,20.487
r03,r03_OFF,OFF,native,READ,429,0.453,4.124,4.577,20.425
r03,r03_OFF,OFF,native,READ,430,0.551,3.962,4.513,20.523
r03,r03_OFF,OFF,native,READ,431,0.568,12.931,13.499,20.539
r03,r03_OFF,OFF,native,READ,432,0.555,2.99,3.545,20.525
r03,r03_OFF,OFF,native,READ,433,0.588,1.123,1.711,20.509
r03,r03_OFF,OFF,native,READ,434,1.522,1.101,2.623,20.512
r03,r03_OFF,OFF,native,SELECT,435,0.529,1.037,1.566,20.616
r03,r03_OFF,OFF,native,OPERATE,436,1.532,6.013,7.545,0.362
r03,r03_OFF,OFF,native,READ,437,0.54,2.132,2.672,20.554
r03,r03_OFF,OFF,native,READ,438,0.566,1.156,1.722,20.544
r03,r03_OFF,OFF,native,READ,439,0.531,1.119,1.65,20.501
r03,r03_OFF,OFF,native,READ,440,1.56,1.253,2.813,20.487
r03,r03_OFF,OFF,native,READ,441,0.529,1.16,1.689,20.507
r03,r03_OFF,OFF,native,SELECT,442,0.525,2.018,2.543,20.632
r03,r03_OFF,OFF,native,OPERATE,443,0.563,2.845,3.408,0.383
r03,r03_OFF,OFF,native,READ,444,0.564,1.102,1.666,20.584
r03,r03_OFF,OFF,native,READ,445,0.5,2.188,2.688,20.507
r03,r03_OFF,OFF,native,READ,446,4.938,5.546,10.484,20.5
r03,r03_OFF,OFF,native,READ,447,0.502,1.121,1.623,20.433
r03,r03_OFF,OFF,native,READ,448,1.555,5.801,7.356,20.504
r03,r03_OFF,OFF,native,SELECT,449,0.562,3.698,4.26,20.645
r03,r03_OFF,OFF,native,OPERATE,450,0.584,5.827,6.411,0.415
r03,r03_OFF,OFF,native,READ,451,0.533,8.134,8.667,20.573
r03,r03_OFF,OFF,native,READ,452,0.454,8.943,9.397,20.579
r03,r03_OFF,OFF,native,READ,453,0.561,8.05,8.611,20.525
r03,r03_OFF,OFF,native,READ,454,0.543,23.816,24.359,20.509
r03,r03_OFF,OFF,native,READ,455,0.639,8.966,9.605,20.523
r03,r03_OFF,OFF,native,SELECT,456,0.543,8.741,9.284,20.623
r03,r03_OFF,OFF,native,OPERATE,457,0.568,5.794,6.362,0.408
r03,r03_OFF,OFF,native,READ,458,0.563,5.24,5.803,20.548
r03,r03_OFF,OFF,native,READ,459,0.626,1.093,1.719,20.503
r03,r03_OFF,OFF,native,READ,460,0.526,2.068,2.594,20.503
r03,r03_OFF,OFF,native,READ,461,0.563,4.666,5.229,20.51
r03,r03_OFF,OFF,native,READ,462,0.561,1.099,1.66,20.522
r03,r03_OFF,OFF,native,READ,463,1.579,1.107,2.686,20.509
r03,r03_OFF,OFF,native,READ,464,0.534,1.097,1.631,20.507
r03,r03_OFF,OFF,native,READ,465,0.561,2.155,2.716,20.537
r03,r03_OFF,OFF,native,READ,466,0.503,1.251,1.754,20.526
r03,r03_OFF,OFF,native,SELECT,467,0.548,11.396,11.944,20.603
r03,r03_OFF,OFF,native,OPERATE,468,0.568,3.107,3.675,0.365
r03,r03_OFF,OFF,native,READ,469,0.532,5.097,5.629,20.557
r03,r03_OFF,OFF,native,READ,470,0.547,10.026,10.573,20.523
r03,r03_OFF,OFF,native,READ,471,0.547,5.803,6.35,20.506
r03,r03_OFF,OFF,native,READ,472,0.564,6.981,7.545,20.544
r03,r03_OFF,OFF,native,READ,473,0.501,3.985,4.486,20.523
r03,r03_OFF,OFF,native,SELECT,474,0.557,3.751,4.308,20.627
r03,r03_OFF,OFF,native,OPERATE,475,0.58,4.158,4.738,0.415
r03,r03_OFF,OFF,native,READ,476,0.51,3.164,3.674,20.481
r03,r03_OFF,OFF,native,READ,477,0.559,3.98,4.539,20.575
r03,r03_OFF,OFF,native,READ,478,0.539,1.118,1.657,20.508
r03,r03_OFF,OFF,native,READ,479,0.476,2.246,2.722,20.431
r03,r03_OFF,OFF,native,READ,480,0.564,1.102,1.666,20.54
r03,r03_OFF,OFF,native,READ,481,0.703,2.106,2.809,20.511
r03,r03_OFF,OFF,native,READ,482,0.526,1.098,1.624,20.501
r03,r03_OFF,OFF,native,SELECT,483,0.569,1.031,1.6,20.615
r03,r03_OFF,OFF,native,OPERATE,484,1.262,2.001,3.263,0.363
r03,r03_OFF,OFF,native,READ,485,0.519,2.076,2.595,20.552
r03,r03_OFF,OFF,native,READ,486,0.576,1.151,1.727,20.455
r03,r03_OFF,OFF,native,READ,487,0.529,2.062,2.591,20.51
r03,r03_OFF,OFF,native,READ,488,0.745,1.141,1.886,20.502
r03,r03_OFF,OFF,native,READ,489,0.574,1.095,1.669,20.445
r03,r03_OFF,OFF,native,SELECT,490,0.582,2.182,2.764,20.611
r03,r03_OFF,OFF,native,OPERATE,491,0.451,2.985,3.436,0.361
r03,r03_OFF,OFF,native,READ,492,0.53,4.661,5.191,20.551
r03,r03_OFF,OFF,native,READ,493,0.553,4.003,4.556,20.521
r03,r03_OFF,OFF,native,READ,494,0.584,3.776,4.36,20.535
r03,r03_OFF,OFF,native,READ,495,0.557,3.884,4.441,20.533
r03,r03_OFF,OFF,native,READ,496,3.332,1.173,4.505,20.529
r03,r03_OFF,OFF,native,SELECT,497,0.517,3.794,4.311,20.626
r03,r03_OFF,OFF,native,OPERATE,498,0.568,4.834,5.402,0.388
r03,r03_OFF,OFF,native,READ,499,1.533,2.169,3.702,20.566
r03,r03_OFF,OFF,native,READ,500,0.503,2.086,2.589,20.532
r03,r03_OFF,OFF,native,READ,501,4.641,1.275,5.916,20.513
r03,r03_OFF,OFF,native,READ,502,0.45,2.136,2.586,20.606
r03,r03_OFF,OFF,native,READ,503,0.689,1.093,1.782,20.532
r03,r03_OFF,OFF,native,READ,504,0.557,1.115,1.672,20.516
r03,r03_OFF,OFF,native,READ,505,0.552,2.202,2.754,20.503
r03,r03_OFF,OFF,native,READ,506,0.566,1.101,1.667,20.513
r03,r03_OFF,OFF,native,SELECT,507,0.501,2.188,2.689,20.647
r03,r03_OFF,OFF,native,OPERATE,508,0.545,2.818,3.363,0.38
r03,r03_OFF,OFF,native,READ,509,0.569,1.108,1.677,20.563
r03,r03_OFF,OFF,native,READ,510,0.482,1.186,1.668,20.522
r03,r03_OFF,OFF,native,READ,511,3.749,2.311,6.06,20.489
r03,r03_OFF,OFF,native,READ,512,0.573,1.11,1.683,20.52
r03,r03_OFF,OFF,native,READ,513,0.504,2.135,2.639,20.543
r03,r03_OFF,OFF,native,SELECT,514,0.698,1.024,1.722,20.544
r03,r03_OFF,OFF,native,OPERATE,515,0.533,7.537,8.07,0.359
r03,r03_OFF,OFF,native,READ,516,0.504,11.724,12.228,20.553
r03,r03_OFF,OFF,native,READ,517,0.555,4.333,4.888,20.502
r03,r03_OFF,OFF,native,READ,518,0.563,3.99,4.553,20.448
r03,r03_OFF,OFF,native,READ,519,0.51,4.0,4.51,20.532
r03,r03_OFF,OFF,native,READ,520,3.666,5.775,9.441,20.517
r03,r03_OFF,OFF,native,READ,521,0.559,4.136,4.695,20.451
r03,r03_OFF,OFF,native,READ,522,0.559,2.058,2.617,20.502
r03,r03_OFF,OFF,native,READ,523,0.607,1.102,1.709,20.505
r03,r03_OFF,OFF,native,READ,524,0.485,1.18,1.665,20.499
r03,r03_OFF,OFF,native,SELECT,525,1.689,1.039,2.728,20.652
r03,r03_OFF,OFF,native,OPERATE,526,0.487,3.001,3.488,0.383
r03,r03_OFF,OFF,native,READ,527,0.513,1.114,1.627,20.634
r03,r03_OFF,OFF,native,READ,528,0.504,2.199,2.703,20.511
r03,r03_OFF,OFF,native,READ,529,0.519,1.034,1.553,20.504
r03,r03_OFF,OFF,native,READ,530,0.563,2.162,2.725,20.499
r03,r03_OFF,OFF,native,READ,531,0.556,1.101,1.657,20.519
r03,r03_OFF,OFF,native,READ,532,0.567,1.112,1.679,20.509
r03,r03_OFF,OFF,native,SELECT,533,1.537,1.039,2.576,20.614
r03,r03_OFF,OFF,native,OPERATE,534,0.502,2.93,3.432,0.361
r03,r03_OFF,OFF,native,READ,535,0.514,5.226,5.74,20.572
r03,r03_OFF,OFF,native,READ,536,0.577,2.045,2.622,20.512
r03,r03_OFF,OFF,native,READ,537,0.721,1.271,1.992,20.457
r03,r03_OFF,OFF,native,READ,538,0.569,5.039,5.608,20.503
r03,r03_OFF,OFF,native,READ,539,0.513,3.95,4.463,20.538
r03,r03_OFF,OFF,native,READ,540,0.52,3.997,4.517,20.531
r03,r03_OFF,OFF,native,READ,541,0.509,3.948,4.457,20.522
r03,r03_OFF,OFF,native,SELECT,542,0.461,3.893,4.354,20.559
r03,r03_OFF,OFF,native,OPERATE,543,1.389,5.095,6.484,0.398
r03,r03_OFF,OFF,native,READ,544,0.527,3.341,3.868,20.541
r03,r03_OFF,OFF,native,READ,545,0.505,3.956,4.461,20.483
r03,r03_OFF,OFF,native,READ,546,0.555,1.119,1.674,20.52
r03,r03_OFF,OFF,native,READ,547,0.493,2.123,2.616,20.51
r03,r03_OFF,OFF,native,READ,548,0.622,1.085,1.707,20.505
r03,r03_OFF,OFF,native,SELECT,549,0.565,1.036,1.601,20.638
r03,r03_OFF,OFF,native,OPERATE,550,1.29,1.977,3.267,0.385
r03,r03_OFF,OFF,native,READ,551,0.527,2.091,2.618,20.569
r03,r03_OFF,OFF,native,READ,552,0.566,1.146,1.712,20.565
r03,r03_OFF,OFF,native,READ,553,0.567,2.071,2.638,20.536
r03,r03_OFF,OFF,native,READ,554,0.619,1.274,1.893,20.506
r03,r03_OFF,OFF,native,READ,555,0.563,1.101,1.664,20.519
r03,r03_OFF,OFF,native,READ,556,1.494,1.143,2.637,20.508
r03,r03_OFF,OFF,native,READ,557,0.481,1.173,1.654,20.523
r03,r03_OFF,OFF,native,SELECT,558,0.623,1.987,2.61,20.616
r03,r03_OFF,OFF,native,OPERATE,559,0.498,2.856,3.354,0.357
r03,r03_OFF,OFF,native,READ,560,0.47,1.176,1.646,20.474
r03,r03_OFF,OFF,native,READ,561,0.608,1.218,1.826,20.5
r03,r03_OFF,OFF,native,READ,562,1.542,4.494,6.036,20.525
r03,r03_OFF,OFF,native,READ,563,0.502,3.951,4.453,20.505
r03,r03_OFF,OFF,native,READ,564,0.504,12.397,12.901,20.518
r03,r03_OFF,OFF,native,READ,565,0.573,4.556,5.129,20.514
r03,r03_OFF,OFF,native,SELECT,566,0.562,3.755,4.317,20.612
r03,r03_OFF,OFF,native,OPERATE,567,0.502,4.833,5.335,0.39
r03,r03_OFF,OFF,native,READ,568,0.571,3.126,3.697,20.553
r03,r03_OFF,OFF,native,READ,569,0.445,1.187,1.632,20.537
r03,r03_OFF,OFF,native,READ,570,1.629,1.097,2.726,20.438
r03,r03_OFF,OFF,native,READ,571,0.515,1.117,1.632,20.486
r03,r03_OFF,OFF,native,READ,572,0.575,2.089,2.664,20.511
r03,r03_OFF,OFF,native,READ,573,0.565,1.11,1.675,20.501
r03,r03_OFF,OFF,native,SELECT,574,0.58,2.028,2.608,20.614
r03,r03_OFF,OFF,native,OPERATE,575,0.487,1.897,2.384,0.376
r03,r03_OFF,OFF,native,READ,576,1.566,1.098,2.664,20.549
r03,r03_OFF,OFF,native,READ,577,0.519,1.344,1.863,20.589
r03,r03_OFF,OFF,native,READ,578,0.499,2.087,2.586,20.51
r03,r03_OFF,OFF,native,READ,579,0.563,1.261,1.824,20.512
r03,r03_OFF,OFF,native,READ,580,0.528,2.106,2.634,20.484
r03,r03_OFF,OFF,native,SELECT,581,0.6,1.078,1.678,20.642
r03,r03_OFF,OFF,native,OPERATE,582,0.489,2.977,3.466,0.363
r03,r03_OFF,OFF,native,READ,583,0.493,1.175,1.668,20.543
r03,r03_OFF,OFF,native,READ,584,1.509,1.171,2.68,20.513
r03,r03_OFF,OFF,native,READ,585,0.575,8.249,8.824,20.509
r03,r03_OFF,OFF,native,READ,586,0.554,5.27,5.824,20.51
r03,r03_OFF,OFF,native,READ,587,0.582,3.741,4.323,20.513
r03,r03_OFF,OFF,native,READ,588,0.512,3.975,4.487,20.509
r03,r03_OFF,OFF,native,READ,589,0.513,4.025,4.538,20.441
r03,r03_OFF,OFF,native,READ,590,0.56,3.996,4.556,20.457
r03,r03_OFF,OFF,native,SELECT,591,0.561,3.765,4.326,20.623
r03,r03_OFF,OFF,native,OPERATE,592,1.515,4.877,6.392,0.38
r03,r03_OFF,OFF,native,READ,593,0.563,1.103,1.666,20.549
r03,r03_OFF,OFF,native,READ,594,0.487,2.126,2.613,20.445
r03,r03_OFF,OFF,native,READ,595,0.507,1.173,1.68,20.537
r03,r03_OFF,OFF,native,READ,596,0.549,1.113,1.662,20.509
r03,r03_OFF,OFF,native,READ,597,1.462,1.215,2.677,20.51
r03,r03_OFF,OFF,native,SELECT,598,3.494,1.185,4.679,20.635
r03,r03_OFF,OFF,native,OPERATE,599,0.565,2.898,3.463,0.388
r03,r03_OFF,OFF,native,READ,600,0.551,1.103,1.654,20.554
r03,r03_OFF,OFF,native,READ,601,0.548,2.112,2.66,20.541
r03,r03_OFF,OFF,native,READ,602,0.524,1.098,1.622,20.572
r03,r03_OFF,OFF,native,READ,603,0.489,2.226,2.715,20.505
r03,r03_OFF,OFF,native,READ,604,0.528,1.149,1.677,20.511
r03,r03_OFF,OFF,native,READ,605,0.555,2.247,2.802,20.513
r03,r03_OFF,OFF,native,READ,606,0.774,1.092,1.866,20.487
r03,r03_OFF,OFF,native,SELECT,607,0.592,0.989,1.581,20.628
r03,r03_OFF,OFF,native,OPERATE,608,1.407,1.893,3.3,0.353
r03,r03_OFF,OFF,native,READ,609,0.632,6.921,7.553,20.557
r03,r03_OFF,OFF,native,READ,610,0.564,3.74,4.304,20.449
r03,r03_OFF,OFF,native,READ,611,0.561,3.747,4.308,20.505
r03,r03_OFF,OFF,native,READ,612,0.452,4.005,4.457,20.541
r03,r03_OFF,OFF,native,READ,613,1.983,2.63,4.613,20.536
r03,r03_OFF,OFF,native,READ,614,0.55,3.836,4.386,20.488
r03,r03_OFF,OFF,native,READ,615,0.512,3.955,4.467,20.519
r03,r03_OFF,OFF,native,SELECT,616,0.563,1.047,1.61,20.646
r03,r03_OFF,OFF,native,OPERATE,617,1.618,1.873,3.491,0.362
r03,r03_OFF,OFF,native,READ,618,0.567,6.427,6.994,20.582
r03,r03_OFF,OFF,native,READ,619,0.524,1.149,1.673,20.533
r03,r03_OFF,OFF,native,READ,620,0.569,3.047,3.616,20.502
r03,r03_OFF,OFF,native,READ,621,0.507,3.951,4.458,20.539
r03,r03_OFF,OFF,native,READ,622,0.512,4.053,4.565,20.529
r03,r03_OFF,OFF,native,SELECT,623,0.557,1.018,1.575,20.544
r03,r03_OFF,OFF,native,OPERATE,624,1.677,1.858,3.535,0.362
r03,r03_OFF,OFF,native,READ,625,0.508,2.095,2.603,20.553
r03,r03_OFF,OFF,native,READ,626,0.717,1.105,1.822,20.502
r03,r03_OFF,OFF,native,READ,627,0.564,1.158,1.722,20.592
r03,r03_OFF,OFF,native,READ,628,1.522,2.363,3.885,20.546
r03,r03_OFF,OFF,native,READ,629,0.498,2.06,2.558,20.449
r03,r03_OFF,OFF,native,SELECT,630,0.551,0.997,1.548,20.599
r03,r03_OFF,OFF,native,OPERATE,631,0.444,2.882,3.326,0.346
r03,r03_OFF,OFF,native,READ,632,0.556,5.811,6.367,20.523
r03,r03_OFF,OFF,native,READ,633,2.872,1.652,4.524,20.5
r03,r03_OFF,OFF,native,READ,634,1.527,6.604,8.131,20.487
r03,r03_OFF,OFF,native,READ,635,0.573,10.759,11.332,20.535
r03,r03_OFF,OFF,native,READ,636,0.554,8.409,8.963,20.511
r03,r03_OFF,OFF,native,READ,637,0.526,9.01,9.536,20.517
r03,r03_OFF,OFF,native,READ,638,0.556,8.885,9.441,20.507
r03,r03_OFF,OFF,native,SELECT,639,1.557,5.55,7.107,20.627
r03,r03_OFF,OFF,native,OPERATE,640,0.539,4.859,5.398,0.376
r03,r03_OFF,OFF,native,READ,641,4.371,6.585,10.956,20.556
r03,r03_OFF,OFF,native,READ,642,0.507,1.114,1.621,20.502
r03,r03_OFF,OFF,native,READ,643,0.547,2.187,2.734,20.485
r03,r03_OFF,OFF,native,READ,644,0.454,1.161,1.615,20.514
r03,r03_OFF,OFF,native,READ,645,0.56,2.039,2.599,20.508
r03,r03_OFF,OFF,native,SELECT,646,0.541,1.037,1.578,20.638
r03,r03_OFF,OFF,native,OPERATE,647,0.549,2.866,3.415,0.377
r03,r03_OFF,OFF,native,READ,648,0.535,1.023,1.558,20.566
r03,r03_OFF,OFF,native,READ,649,0.561,2.107,2.668,20.541
r03,r03_OFF,OFF,native,READ,650,0.493,2.081,2.574,20.523
r03,r03_OFF,OFF,native,READ,651,0.511,2.18,2.691,20.507
r03,r03_OFF,OFF,native,READ,652,0.588,1.278,1.866,20.571
r03,r03_OFF,OFF,native,READ,653,0.503,3.316,3.819,20.527
r03,r03_OFF,OFF,native,READ,654,0.562,4.091,4.653,20.503
r03,r03_OFF,OFF,native,SELECT,655,0.547,12.774,13.321,20.599
r03,r03_OFF,OFF,native,OPERATE,656,1.367,5.612,6.979,0.378
r03,r03_OFF,OFF,native,READ,657,0.531,3.18,3.711,20.553
r03,r03_OFF,OFF,native,READ,658,0.567,4.023,4.59,20.53
r03,r03_OFF,OFF,native,READ,659,0.545,3.853,4.398,20.503
r03,r03_OFF,OFF,native,READ,660,0.579,3.895,4.474,20.508
r03,r03_OFF,OFF,native,READ,661,0.564,1.095,1.659,20.522
r03,r03_OFF,OFF,native,SELECT,662,0.611,2.042,2.653,20.639
r03,r03_OFF,OFF,native,OPERATE,663,0.51,2.898,3.408,0.307
r03,r03_OFF,OFF,native,READ,664,0.479,1.171,1.65,20.504
r03,r03_OFF,OFF,native,READ,665,0.558,5.221,5.779,20.503
r03,r03_OFF,OFF,native,READ,666,0.554,2.084,2.638,20.421
r03,r03_OFF,OFF,native,READ,667,0.452,1.208,1.66,20.515
r03,r03_OFF,OFF,native,READ,668,0.575,2.093,2.668,20.501
r03,r03_OFF,OFF,native,SELECT,669,0.571,1.034,1.605,20.611
r03,r03_OFF,OFF,native,OPERATE,670,0.523,2.881,3.404,0.372
r03,r03_OFF,OFF,native,READ,671,0.531,1.162,1.693,20.546
r03,r03_OFF,OFF,native,READ,672,0.557,2.069,2.626,20.521
r03,r03_OFF,OFF,native,READ,673,0.517,1.16,1.677,20.474
r03,r03_OFF,OFF,native,READ,674,0.55,2.097,2.647,20.508
r03,r03_OFF,OFF,native,READ,675,4.573,1.306,5.879,20.507
r03,r03_OFF,OFF,native,READ,676,0.556,4.165,4.721,20.497
r03,r03_OFF,OFF,native,SELECT,677,0.561,3.691,4.252,20.683
r03,r03_OFF,OFF,native,OPERATE,678,0.503,5.904,6.407,0.393
r03,r03_OFF,OFF,native,READ,679,0.528,2.178,2.706,20.551
r03,r03_OFF,OFF,native,READ,680,2.982,1.522,4.504,20.53
r03,r03_OFF,OFF,native,READ,681,0.565,7.171,7.736,20.504
r03,r03_OFF,OFF,native,READ,682,0.579,6.61,7.189,20.485
r03,r03_OFF,OFF,native,READ,683,0.556,3.901,4.457,20.545
r03,r03_OFF,OFF,native,SELECT,684,1.88,2.267,4.147,20.629
r03,r03_OFF,OFF,native,OPERATE,685,0.519,1.874,2.393,0.375
r03,r03_OFF,OFF,native,READ,686,0.502,2.088,2.59,20.551
r03,r03_OFF,OFF,native,READ,687,0.538,1.124,1.662,20.519
r03,r03_OFF,OFF,native,READ,688,0.506,2.127,2.633,20.502
r03,r03_OFF,OFF,native,READ,689,0.549,1.108,1.657,20.534
r03,r03_OFF,OFF,native,READ,690,0.545,1.122,1.667,20.46
r03,r03_OFF,OFF,native,READ,691,1.561,1.112,2.673,20.504
r03,r03_OFF,OFF,native,READ,692,0.543,1.102,1.645,20.507
r03,r03_OFF,OFF,native,READ,693,0.562,2.129,2.691,20.538
r03,r03_OFF,OFF,native,READ,694,4.222,1.145,5.367,20.504
r03,r03_OFF,OFF,native,SELECT,695,0.481,1.109,1.59,20.62
r03,r03_OFF,OFF,native,OPERATE,696,1.172,1.873,3.045,0.38
r03,r03_OFF,OFF,native,READ,697,0.526,2.088,2.614,20.565
r03,r03_OFF,OFF,native,READ,698,0.568,1.101,1.669,20.501
r03,r03_OFF,OFF,native,READ,699,0.527,3.229,3.756,20.547
r03,r03_OFF,OFF,native,READ,700,0.506,4.202,4.708,20.439
r03,r03_OFF,OFF,native,READ,701,0.569,3.783,4.352,20.512
r03,r03_OFF,OFF,native,READ,702,0.551,3.858,4.409,20.559
r03,r03_OFF,OFF,native,SELECT,703,0.555,3.807,4.362,20.624
r03,r03_OFF,OFF,native,OPERATE,704,0.497,4.007,4.504,0.408
r03,r03_OFF,OFF,native,READ,705,0.551,8.218,8.769,20.497
r03,r03_OFF,OFF,native,READ,706,0.532,3.895,4.427,20.506
r03,r03_OFF,OFF,native,READ,707,0.543,3.966,4.509,20.503
r03,r03_OFF,OFF,native,READ,708,0.531,1.12,1.651,20.436
r03,r03_OFF,OFF,native,READ,709,1.484,1.17,2.654,20.496
r03,r03_OFF,OFF,native,SELECT,710,0.543,1.042,1.585,20.613
r03,r03_OFF,OFF,native,OPERATE,711,1.539,1.832,3.371,0.36
r03,r03_OFF,OFF,native,READ,712,0.538,2.127,2.665,20.557
r03,r03_OFF,OFF,native,READ,713,0.53,1.018,1.548,20.507
r03,r03_OFF,OFF,native,READ,714,1.457,2.341,3.798,20.498
r03,r03_OFF,OFF,native,READ,715,0.528,1.1,1.628,20.498
r03,r03_OFF,OFF,native,READ,716,0.5,2.133,2.633,20.543
r03,r03_OFF,OFF,native,READ,717,0.534,1.127,1.661,20.481
r03,r03_OFF,OFF,native,READ,718,0.733,1.159,1.892,20.43
r03,r03_OFF,OFF,native,SELECT,719,1.507,1.059,2.566,20.628
r03,r03_OFF,OFF,native,OPERATE,720,0.527,2.879,3.406,0.378
r03,r03_OFF,OFF,native,READ,721,0.567,1.153,1.72,20.584
r03,r03_OFF,OFF,native,READ,722,0.526,2.089,2.615,20.505
r03,r03_OFF,OFF,native,READ,723,0.515,6.057,6.572,20.513
r03,r03_OFF,OFF,native,READ,724,0.582,3.914,4.496,20.503
r03,r03_OFF,OFF,native,READ,725,0.554,4.023,4.577,20.505
r03,r03_OFF,OFF,native,READ,726,0.554,3.974,4.528,20.502
r03,r03_OFF,OFF,native,SELECT,727,0.591,3.562,4.153,20.677
r03,r03_OFF,OFF,native,OPERATE,728,1.586,4.86,6.446,0.363
r03,r03_OFF,OFF,native,READ,729,0.572,3.011,3.583,20.584
r03,r03_OFF,OFF,native,READ,730,0.692,3.76,4.452,20.518
r03,r03_OFF,OFF,native,READ,731,0.717,1.076,1.793,20.519
r03,r03_OFF,OFF,native,READ,732,0.761,1.172,1.933,20.504
r03,r03_OFF,OFF,native,READ,733,1.53,1.102,2.632,20.507
r03,r03_OFF,OFF,native,SELECT,734,0.518,1.054,1.572,20.639
r03,r03_OFF,OFF,native,OPERATE,735,1.534,1.885,3.419,0.36
r03,r03_OFF,OFF,native,READ,736,0.547,2.058,2.605,20.614
r03,r03_OFF,OFF,native,READ,737,0.568,1.115,1.683,20.501
r03,r03_OFF,OFF,native,READ,738,0.561,1.098,1.659,20.511
r03,r03_OFF,OFF,native,READ,739,1.541,1.101,2.642,20.499
r03,r03_OFF,OFF,native,READ,740,0.571,1.024,1.595,20.507
r03,r03_OFF,OFF,native,READ,741,0.558,2.182,2.74,20.546
r03,r03_OFF,OFF,native,READ,742,0.532,1.112,1.644,20.522
r03,r03_OFF,OFF,native,SELECT,743,0.618,1.982,2.6,20.607
r03,r03_OFF,OFF,native,OPERATE,744,0.488,6.066,6.554,0.361
r03,r03_OFF,OFF,native,READ,745,1.543,1.131,2.674,20.478
r03,r03_OFF,OFF,native,READ,746,0.505,3.703,4.208,20.5
r03,r03_OFF,OFF,native,READ,747,0.528,4.017,4.545,20.423
r03,r03_OFF,OFF,native,READ,748,0.506,3.993,4.499,20.5
r03,r03_OFF,OFF,native,READ,749,0.469,4.157,4.626,20.484
r03,r03_OFF,OFF,native,READ,750,0.508,3.931,4.439,20.483
r03,r03_OFF,OFF,native,SELECT,751,0.554,3.854,4.408,20.608
r03,r03_OFF,OFF,native,OPERATE,752,0.496,4.265,4.761,0.356
r03,r03_OFF,OFF,native,READ,753,0.452,3.174,3.626,20.597
r03,r03_OFF,OFF,native,READ,754,0.556,12.179,12.735,20.484
r03,r03_OFF,OFF,native,READ,755,0.452,1.162,1.614,20.446
r03,r03_OFF,OFF,native,READ,756,0.486,2.15,2.636,20.5
r03,r03_OFF,OFF,native,READ,757,0.588,1.146,1.734,20.456
r03,r03_OFF,OFF,native,READ,758,0.5,1.204,1.704,20.515
r03,r03_OFF,OFF,native,READ,759,0.505,2.198,2.703,20.49
r03,r03_OFF,OFF,native,SELECT,760,0.497,1.031,1.528,20.609
r03,r03_OFF,OFF,native,OPERATE,761,1.537,1.835,3.372,0.337
r03,r03_OFF,OFF,native,READ,762,0.488,2.344,2.832,20.521
r03,r03_OFF,OFF,native,READ,763,2.325,2.29,4.615,20.484
r03,r03_OFF,OFF,native,READ,764,0.453,1.137,1.59,20.464
r03,r03_OFF,OFF,native,READ,765,0.494,1.204,1.698,20.455
r03,r03_OFF,OFF,native,READ,766,0.44,2.154,2.594,20.473
r03,r03_OFF,OFF,native,READ,767,0.643,1.13,1.773,20.459
r03,r03_OFF,OFF,native,SELECT,768,0.508,2.012,2.52,20.571
r03,r03_OFF,OFF,native,OPERATE,769,0.503,2.901,3.404,0.342
r03,r03_OFF,OFF,native,READ,770,0.632,1.866,2.498,20.526
r03,r03_OFF,OFF,native,READ,771,0.491,4.02,4.511,20.465
r03,r03_OFF,OFF,native,READ,772,0.493,3.973,4.466,20.469
r03,r03_OFF,OFF,native,READ,773,0.503,3.959,4.462,20.491
r03,r03_OFF,OFF,native,READ,774,0.502,4.245,4.747,20.474
r03,r03_OFF,OFF,native,SELECT,775,0.5,3.832,4.332,20.484
r03,r03_OFF,OFF,native,OPERATE,776,0.493,6.06,6.553,0.348
r03,r03_OFF,OFF,native,READ,777,0.489,2.061,2.55,20.595
r03,r03_OFF,OFF,native,READ,778,0.541,2.306,2.847,20.464
r03,r03_OFF,OFF,native,READ,779,0.533,1.26,1.793,20.473
r03,r03_OFF,OFF,native,READ,780,0.557,2.061,2.618,20.553
r03,r03_OFF,OFF,native,READ,781,0.499,1.096,1.595,20.497
r03,r03_OFF,OFF,native,SELECT,782,0.493,2.103,2.596,20.629
r03,r03_OFF,OFF,native,OPERATE,783,0.485,1.817,2.302,0.356
r03,r03_OFF,OFF,native,READ,784,1.557,1.067,2.624,20.599
r03,r03_OFF,OFF,native,READ,785,0.488,1.151,1.639,20.383
r04,r04_A1,A1,obfuscated,READ,0,20.106,68.438,88.544,
r04,r04_A1,A1,obfuscated,READ,1,20.109,3.995,24.104,20.509
r04,r04_A1,A1,obfuscated,READ,2,20.1,4.012,24.112,20.547
r04,r04_A1,A1,obfuscated,READ,3,20.094,4.01,24.104,20.492
r04,r04_A1,A1,obfuscated,READ,4,20.102,3.998,24.1,20.489
r04,r04_A1,A1,obfuscated,READ,5,20.081,4.0,24.081,20.55
r04,r04_A1,A1,obfuscated,READ,6,20.108,4.0,24.108,20.506
r04,r04_A1,A1,obfuscated,SELECT,7,20.108,3.992,24.1,20.633
r04,r04_A1,A1,obfuscated,OPERATE,8,20.105,4.007,24.112,0.354
r04,r04_A1,A1,obfuscated,READ,9,20.105,3.998,24.103,20.555
r04,r04_A1,A1,obfuscated,READ,10,20.081,4.027,24.108,20.49
r04,r04_A1,A1,obfuscated,READ,11,20.103,4.008,24.111,20.487
r04,r04_A1,A1,obfuscated,READ,12,20.109,3.991,24.1,20.496
r04,r04_A1,A1,obfuscated,READ,13,20.082,4.022,24.104,20.515
r04,r04_A1,A1,obfuscated,SELECT,14,20.105,3.997,24.102,20.62
r04,r04_A1,A1,obfuscated,OPERATE,15,20.104,3.999,24.103,0.377
r04,r04_A1,A1,obfuscated,READ,16,20.109,4.0,24.109,20.549
r04,r04_A1,A1,obfuscated,READ,17,20.097,4.0,24.097,20.49
r04,r04_A1,A1,obfuscated,READ,18,20.083,4.029,24.112,20.519
r04,r04_A1,A1,obfuscated,READ,19,20.11,3.997,24.107,20.481
r04,r04_A1,A1,obfuscated,READ,20,20.081,4.026,24.107,20.521
r04,r04_A1,A1,obfuscated,SELECT,21,20.08,4.023,24.103,20.625
r04,r04_A1,A1,obfuscated,OPERATE,22,20.102,4.001,24.103,0.349
r04,r04_A1,A1,obfuscated,READ,23,20.081,4.023,24.104,20.555
r04,r04_A1,A1,obfuscated,READ,24,20.085,4.022,24.107,20.49
r04,r04_A1,A1,obfuscated,READ,25,20.105,3.977,24.082,20.52
r04,r04_A1,A1,obfuscated,READ,26,20.097,4.01,24.107,20.498
r04,r04_A1,A1,obfuscated,READ,27,20.109,3.987,24.096,20.49
r04,r04_A1,A1,obfuscated,SELECT,28,20.081,4.022,24.103,20.598
r04,r04_A1,A1,obfuscated,OPERATE,29,20.106,4.0,24.106,0.348
r04,r04_A1,A1,obfuscated,READ,30,20.109,3.998,24.107,20.58
r04,r04_A1,A1,obfuscated,READ,31,20.092,4.013,24.105,20.504
r04,r04_A1,A1,obfuscated,READ,32,20.103,4.005,24.108,20.496
r04,r04_A1,A1,obfuscated,READ,33,20.081,4.023,24.104,20.498
r04,r04_A1,A1,obfuscated,READ,34,20.106,4.0,24.106,20.504
r04,r04_A1,A1,obfuscated,SELECT,35,20.107,3.999,24.106,20.602
r04,r04_A1,A1,obfuscated,OPERATE,36,20.111,4.014,24.125,0.346
r04,r04_A1,A1,obfuscated,READ,37,20.104,4.006,24.11,20.539
r04,r04_A1,A1,obfuscated,READ,38,20.082,4.022,24.104,20.499
r04,r04_A1,A1,obfuscated,READ,39,20.105,4.001,24.106,20.509
r04,r04_A1,A1,obfuscated,READ,40,20.1,4.006,24.106,20.493
r04,r04_A1,A1,obfuscated,READ,41,20.082,3.998,24.08,20.516
r04,r04_A1,A1,obfuscated,READ,42,20.082,4.024,24.106,20.49
r04,r04_A1,A1,obfuscated,SELECT,43,20.102,4.005,24.107,20.603
r04,r04_A1,A1,obfuscated,OPERATE,44,20.107,3.997,24.104,0.35
r04,r04_A1,A1,obfuscated,READ,45,20.101,3.993,24.094,20.479
r04,r04_A1,A1,obfuscated,READ,46,20.089,4.014,24.103,20.502
r04,r04_A1,A1,obfuscated,READ,47,20.104,3.994,24.098,20.492
r04,r04_A1,A1,obfuscated,READ,48,20.081,4.022,24.103,20.49
r04,r04_A1,A1,obfuscated,READ,49,20.107,3.997,24.104,20.484
r04,r04_A1,A1,obfuscated,SELECT,50,20.109,3.99,24.099,20.684
r04,r04_A1,A1,obfuscated,OPERATE,51,20.107,3.981,24.088,0.371
r04,r04_A1,A1,obfuscated,READ,52,20.1,4.011,24.111,20.536
r04,r04_A1,A1,obfuscated,READ,53,20.08,4.024,24.104,20.51
r04,r04_A1,A1,obfuscated,READ,54,20.105,3.999,24.104,20.515
r04,r04_A1,A1,obfuscated,READ,55,20.104,3.994,24.098,20.489
r04,r04_A1,A1,obfuscated,READ,56,20.087,4.018,24.105,20.526
r04,r04_A1,A1,obfuscated,READ,57,20.106,3.997,24.103,20.487
r04,r04_A1,A1,obfuscated,READ,58,20.082,3.953,24.035,20.452
r04,r04_A1,A1,obfuscated,SELECT,59,20.101,4.002,24.103,20.594
r04,r04_A1,A1,obfuscated,OPERATE,60,20.105,3.998,24.103,0.347
r04,r04_A1,A1,obfuscated,READ,61,20.106,4.014,24.12,20.538
r04,r04_A1,A1,obfuscated,READ,62,20.109,3.994,24.103,20.513
r04,r04_A1,A1,obfuscated,READ,63,20.08,4.024,24.104,20.488
r04,r04_A1,A1,obfuscated,READ,64,20.11,4.001,24.111,20.489
r04,r04_A1,A1,obfuscated,READ,65,20.085,4.012,24.097,20.533
r04,r04_A1,A1,obfuscated,SELECT,66,20.083,4.025,24.108,20.623
r04,r04_A1,A1,obfuscated,OPERATE,67,20.103,4.001,24.104,0.347
r04,r04_A1,A1,obfuscated,READ,68,20.086,4.021,24.107,20.546
r04,r04_A1,A1,obfuscated,READ,69,20.104,4.004,24.108,20.49
r04,r04_A1,A1,obfuscated,READ,70,20.096,4.002,24.098,20.495
r04,r04_A1,A1,obfuscated,READ,71,20.083,4.02,24.103,20.517
r04,r04_A1,A1,obfuscated,READ,72,20.103,4.001,24.104,20.411
r04,r04_A1,A1,obfuscated,READ,73,20.08,4.024,24.104,20.468
r04,r04_A1,A1,obfuscated,READ,74,20.108,3.996,24.104,20.493
r04,r04_A1,A1,obfuscated,SELECT,75,20.112,4.007,24.119,20.698
r04,r04_A1,A1,obfuscated,OPERATE,76,20.106,3.998,24.104,0.366
r04,r04_A1,A1,obfuscated,READ,77,20.115,3.997,24.112,20.536
r04,r04_A1,A1,obfuscated,READ,78,20.081,3.955,24.036,20.463
r04,r04_A1,A1,obfuscated,READ,79,20.106,4.003,24.109,20.488
r04,r04_A1,A1,obfuscated,READ,80,20.1,4.008,24.108,20.516
r04,r04_A1,A1,obfuscated,READ,81,20.08,4.023,24.103,20.507
r04,r04_A1,A1,obfuscated,SELECT,82,20.039,4.041,24.08,20.577
r04,r04_A1,A1,obfuscated,OPERATE,83,20.039,3.991,24.03,0.376
r04,r04_A1,A1,obfuscated,READ,84,20.078,4.003,24.081,20.521
r04,r04_A1,A1,obfuscated,READ,85,20.079,4.029,24.108,20.54
r04,r04_A1,A1,obfuscated,READ,86,20.088,4.014,24.102,20.488
r04,r04_A1,A1,obfuscated,READ,87,20.109,3.987,24.096,20.487
r04,r04_A1,A1,obfuscated,READ,88,20.082,4.027,24.109,20.518
r04,r04_A1,A1,obfuscated,READ,89,20.086,4.022,24.108,20.486
r04,r04_A1,A1,obfuscated,SELECT,90,20.092,4.0,24.092,20.606
r04,r04_A1,A1,obfuscated,OPERATE,91,20.103,4.001,24.104,0.35
r04,r04_A1,A1,obfuscated,READ,92,20.095,4.008,24.103,20.462
r04,r04_A1,A1,obfuscated,READ,93,20.081,4.022,24.103,20.522
r04,r04_A1,A1,obfuscated,READ,94,20.105,4.002,24.107,20.495
r04,r04_A1,A1,obfuscated,READ,95,20.08,4.025,24.105,20.518
r04,r04_A1,A1,obfuscated,READ,96,20.116,3.994,24.11,20.495
r04,r04_A1,A1,obfuscated,READ,97,20.1,3.996,24.096,20.486
r04,r04_A1,A1,obfuscated,READ,98,20.081,4.023,24.104,20.53
r04,r04_A1,A1,obfuscated,READ,99,20.104,4.008,24.112,20.412
r04,r04_A1,A1,obfuscated,SELECT,100,20.099,3.998,24.097,20.686
r04,r04_A1,A1,obfuscated,OPERATE,101,20.11,3.995,24.105,0.351
r04,r04_A1,A1,obfuscated,READ,102,20.095,4.01,24.105,20.546
r04,r04_A1,A1,obfuscated,READ,103,20.081,4.023,24.104,20.488
r04,r04_A1,A1,obfuscated,READ,104,20.104,4.008,24.112,20.483
r04,r04_A1,A1,obfuscated,READ,105,20.081,3.96,24.041,20.453
r04,r04_A1,A1,obfuscated,READ,106,20.103,4.012,24.115,20.491
r04,r04_A1,A1,obfuscated,READ,107,20.109,3.994,24.103,20.494
r04,r04_A1,A1,obfuscated,READ,108,20.087,4.026,24.113,20.506
r04,r04_A1,A1,obfuscated,READ,109,20.097,4.007,24.104,20.493
r04,r04_A1,A1,obfuscated,READ,110,20.082,4.025,24.107,20.494
r04,r04_A1,A1,obfuscated,SELECT,111,20.099,4.007,24.106,20.591
r04,r04_A1,A1,obfuscated,OPERATE,112,20.1,4.003,24.103,0.347
r04,r04_A1,A1,obfuscated,READ,113,20.081,4.024,24.105,20.565
r04,r04_A1,A1,obfuscated,READ,114,20.108,3.993,24.101,20.487
r04,r04_A1,A1,obfuscated,READ,115,20.08,4.023,24.103,20.485
r04,r04_A1,A1,obfuscated,READ,116,20.111,3.997,24.108,20.486
r04,r04_A1,A1,obfuscated,READ,117,20.107,4.003,24.11,20.485
r04,r04_A1,A1,obfuscated,READ,118,20.081,3.959,24.04,20.538
r04,r04_A1,A1,obfuscated,SELECT,119,20.1,4.005,24.105,20.564
r04,r04_A1,A1,obfuscated,OPERATE,120,20.108,3.973,24.081,0.366
r04,r04_A1,A1,obfuscated,READ,121,20.112,3.998,24.11,20.546
r04,r04_A1,A1,obfuscated,READ,122,20.103,4.006,24.109,20.523
r04,r04_A1,A1,obfuscated,READ,123,20.08,4.024,24.104,20.512
r04,r04_A1,A1,obfuscated,READ,124,20.099,4.003,24.102,20.487
r04,r04_A1,A1,obfuscated,READ,125,20.083,4.026,24.109,20.558
r04,r04_A1,A1,obfuscated,SELECT,126,20.106,4.004,24.11,20.516
r04,r04_A1,A1,obfuscated,OPERATE,127,20.126,3.983,24.109,0.348
r04,r04_A1,A1,obfuscated,READ,128,20.083,4.026,24.109,20.555
r04,r04_A1,A1,obfuscated,READ,129,20.116,3.994,24.11,20.484
r04,r04_A1,A1,obfuscated,READ,130,20.081,4.027,24.108,20.507
r04,r04_A1,A1,obfuscated,READ,131,20.104,3.999,24.103,20.487
r04,r04_A1,A1,obfuscated,READ,132,20.084,3.956,24.04,20.419
r04,r04_A1,A1,obfuscated,SELECT,133,20.081,4.032,24.113,20.642
r04,r04_A1,A1,obfuscated,OPERATE,134,20.093,4.006,24.099,0.346
r04,r04_A1,A1,obfuscated,READ,135,20.087,4.02,24.107,20.545
r04,r04_A1,A1,obfuscated,READ,136,20.107,4.004,24.111,20.487
r04,r04_A1,A1,obfuscated,READ,137,20.081,4.005,24.086,20.508
r04,r04_A1,A1,obfuscated,READ,138,20.107,3.992,24.099,20.49
r04,r04_A1,A1,obfuscated,READ,139,20.086,4.01,24.096,20.476
r04,r04_A1,A1,obfuscated,READ,140,20.086,4.027,24.113,20.523
r04,r04_A1,A1,obfuscated,SELECT,141,20.108,3.998,24.106,20.59
r04,r04_A1,A1,obfuscated,OPERATE,142,20.107,4.001,24.108,0.358
r04,r04_A1,A1,obfuscated,READ,143,20.102,4.007,24.109,20.538
r04,r04_A1,A1,obfuscated,READ,144,20.102,3.998,24.1,20.502
r04,r04_A1,A1,obfuscated,READ,145,20.086,5.976,26.062,20.516
r04,r04_A1,A1,obfuscated,READ,146,20.106,4.01,24.116,20.489
r04,r04_A1,A1,obfuscated,READ,147,20.079,4.026,24.105,20.519
r04,r04_A1,A1,obfuscated,READ,148,20.102,4.005,24.107,20.482
r04,r04_A1,A1,obfuscated,READ,149,20.099,3.99,24.089,20.425
r04,r04_A1,A1,obfuscated,SELECT,150,20.082,4.026,24.108,20.688
r04,r04_A1,A1,obfuscated,OPERATE,151,20.114,3.994,24.108,0.348
r04,r04_A1,A1,obfuscated,READ,152,20.097,4.006,24.103,20.552
r04,r04_A1,A1,obfuscated,READ,153,20.094,4.01,24.104,20.489
r04,r04_A1,A1,obfuscated,READ,154,20.103,3.997,24.1,20.486
r04,r04_A1,A1,obfuscated,READ,155,20.08,3.999,24.079,20.585
r04,r04_A1,A1,obfuscated,READ,156,20.101,4.004,24.105,20.434
r04,r04_A1,A1,obfuscated,SELECT,157,20.102,4.002,24.104,20.621
r04,r04_A1,A1,obfuscated,OPERATE,158,20.108,4.003,24.111,0.347
r04,r04_A1,A1,obfuscated,READ,159,20.11,3.986,24.096,20.535
r04,r04_A1,A1,obfuscated,READ,160,20.08,4.031,24.111,20.497
r04,r04_A1,A1,obfuscated,READ,161,20.105,3.999,24.104,20.482
r04,r04_A1,A1,obfuscated,READ,162,20.081,4.025,24.106,20.544
r04,r04_A1,A1,obfuscated,READ,163,20.114,3.991,24.105,20.413
r04,r04_A1,A1,obfuscated,READ,164,20.103,3.998,24.101,20.492
r04,r04_A1,A1,obfuscated,READ,165,20.081,4.026,24.107,20.522
r04,r04_A1,A1,obfuscated,SELECT,166,20.102,4.006,24.108,20.59
r04,r04_A1,A1,obfuscated,OPERATE,167,20.105,4.0,24.105,0.347
r04,r04_A1,A1,obfuscated,READ,168,20.107,4.006,24.113,20.537
r04,r04_A1,A1,obfuscated,READ,169,20.103,3.998,24.101,20.423
r04,r04_A1,A1,obfuscated,READ,170,20.081,4.028,24.109,20.522
r04,r04_A1,A1,obfuscated,READ,171,20.102,4.001,24.103,20.49
r04,r04_A1,A1,obfuscated,READ,172,20.081,4.026,24.107,20.506
r04,r04_A1,A1,obfuscated,SELECT,173,20.085,4.003,24.088,20.612
r04,r04_A1,A1,obfuscated,OPERATE,174,20.104,4.004,24.108,0.347
r04,r04_A1,A1,obfuscated,READ,175,20.08,4.005,24.085,20.599
r04,r04_A1,A1,obfuscated,READ,176,20.103,4.003,24.106,20.444
r04,r04_A1,A1,obfuscated,READ,177,20.08,4.023,24.103,20.54
r04,r04_A1,A1,obfuscated,READ,178,20.103,3.999,24.102,20.499
r04,r04_A1,A1,obfuscated,READ,179,20.105,3.998,24.103,20.49
r04,r04_A1,A1,obfuscated,SELECT,180,20.096,4.015,24.111,20.627
r04,r04_A1,A1,obfuscated,OPERATE,181,20.105,3.998,24.103,0.345
r04,r04_A1,A1,obfuscated,READ,182,20.081,4.026,24.107,20.585
r04,r04_A1,A1,obfuscated,READ,183,20.103,4.002,24.105,20.473
r04,r04_A1,A1,obfuscated,READ,184,20.102,4.001,24.103,20.493
r04,r04_A1,A1,obfuscated,READ,185,20.082,4.023,24.105,20.474
r04,r04_A1,A1,obfuscated,READ,186,20.108,3.999,24.107,20.487
r04,r04_A1,A1,obfuscated,SELECT,187,20.103,4.001,24.104,20.621
r04,r04_A1,A1,obfuscated,OPERATE,188,20.106,4.002,24.108,0.351
r04,r04_A1,A1,obfuscated,READ,189,20.095,3.995,24.09,20.47
r04,r04_A1,A1,obfuscated,READ,190,20.103,4.014,24.117,20.524
r04,r04_A1,A1,obfuscated,READ,191,20.081,4.03,24.111,20.488
r04,r04_A1,A1,obfuscated,READ,192,20.087,4.021,24.108,20.514
r04,r04_A1,A1,obfuscated,READ,193,20.092,4.021,24.113,20.493
r04,r04_A1,A1,obfuscated,SELECT,194,20.112,4.006,24.118,20.603
r04,r04_A1,A1,obfuscated,OPERATE,195,20.106,3.974,24.08,0.411
r04,r04_A1,A1,obfuscated,READ,196,20.101,4.005,24.106,20.491
r04,r04_A1,A1,obfuscated,READ,197,20.117,3.988,24.105,20.512
r04,r04_A1,A1,obfuscated,READ,198,20.11,4.006,24.116,20.5
r04,r04_A1,A1,obfuscated,READ,199,20.105,3.992,24.097,20.49
r04,r04_A1,A1,obfuscated,READ,200,20.08,4.025,24.105,20.544
r04,r04_A1,A1,obfuscated,READ,201,20.109,4.0,24.109,20.49
r04,r04_A1,A1,obfuscated,SELECT,202,20.105,4.006,24.111,20.527
r04,r04_A1,A1,obfuscated,OPERATE,203,20.11,4.0,24.11,0.353
r04,r04_A1,A1,obfuscated,READ,204,20.101,3.996,24.097,20.541
r04,r04_A1,A1,obfuscated,READ,205,20.085,4.028,24.113,20.495
r04,r04_A1,A1,obfuscated,READ,206,20.105,4.0,24.105,20.484
r04,r04_A1,A1,obfuscated,READ,207,20.106,4.0,24.106,20.524
r04,r04_A1,A1,obfuscated,READ,208,20.084,4.002,24.086,20.507
r04,r04_A1,A1,obfuscated,READ,209,20.1,3.998,24.098,20.451
r04,r04_A1,A1,obfuscated,READ,210,20.081,4.029,24.11,20.494
r04,r04_A1,A1,obfuscated,READ,211,20.108,3.997,24.105,20.483
r04,r04_A1,A1,obfuscated,SELECT,212,20.111,3.999,24.11,20.633
r04,r04_A1,A1,obfuscated,OPERATE,213,20.104,3.999,24.103,0.351
r04,r04_A1,A1,obfuscated,READ,214,20.098,3.998,24.096,20.543
r04,r04_A1,A1,obfuscated,READ,215,20.081,4.023,24.104,20.49
r04,r04_A1,A1,obfuscated,READ,216,20.112,3.994,24.106,20.418
r04,r04_A1,A1,obfuscated,READ,217,20.08,4.026,24.106,20.539
r04,r04_A1,A1,obfuscated,READ,218,20.097,4.011,24.108,20.507
r04,r04_A1,A1,obfuscated,READ,219,20.108,3.988,24.096,20.493
r04,r04_A1,A1,obfuscated,READ,220,20.082,4.029,24.111,20.51
r04,r04_A1,A1,obfuscated,SELECT,221,20.103,4.011,24.114,20.595
r04,r04_A1,A1,obfuscated,OPERATE,222,20.104,3.979,24.083,0.358
r04,r04_A1,A1,obfuscated,READ,223,20.089,4.014,24.103,20.532
r04,r04_A1,A1,obfuscated,READ,224,20.097,4.003,24.1,20.49
r04,r04_A1,A1,obfuscated,READ,225,20.08,4.029,24.109,20.538
r04,r04_A1,A1,obfuscated,READ,226,20.109,3.997,24.106,20.491
r04,r04_A1,A1,obfuscated,READ,227,20.101,4.007,24.108,20.515
r04,r04_A1,A1,obfuscated,READ,228,20.083,4.02,24.103,20.506
r04,r04_A1,A1,obfuscated,READ,229,20.101,4.002,24.103,20.422
r04,r04_A1,A1,obfuscated,READ,230,20.081,4.024,24.105,20.501
r04,r04_A1,A1,obfuscated,SELECT,231,20.113,3.991,24.104,20.603
r04,r04_A1,A1,obfuscated,OPERATE,232,20.117,3.987,24.104,0.347
r04,r04_A1,A1,obfuscated,READ,233,20.1,4.005,24.105,20.528
r04,r04_A1,A1,obfuscated,READ,234,20.091,3.998,24.089,20.49
r04,r04_A1,A1,obfuscated,READ,235,20.081,3.998,24.079,20.525
r04,r04_A1,A1,obfuscated,READ,236,20.112,3.999,24.111,20.44
r04,r04_A1,A1,obfuscated,READ,237,20.08,4.024,24.104,20.453
r04,r04_A1,A1,obfuscated,READ,238,20.108,4.004,24.112,20.486
r04,r04_A1,A1,obfuscated,READ,239,20.086,3.998,24.084,20.503
r04,r04_A1,A1,obfuscated,SELECT,240,20.08,4.033,24.113,20.633
r04,r04_A1,A1,obfuscated,OPERATE,241,20.099,3.996,24.095,0.35
r04,r04_A1,A1,obfuscated,READ,242,20.083,4.03,24.113,20.544
r04,r04_A1,A1,obfuscated,READ,243,20.108,3.993,24.101,20.477
r04,r04_A1,A1,obfuscated,READ,244,20.105,4.005,24.11,20.491
r04,r04_A1,A1,obfuscated,READ,245,20.08,4.023,24.103,20.525
r04,r04_A1,A1,obfuscated,READ,246,20.112,3.996,24.108,20.487
r04,r04_A1,A1,obfuscated,READ,247,20.086,4.024,24.11,20.486
r04,r04_A1,A1,obfuscated,SELECT,248,20.09,4.058,24.148,20.599
r04,r04_A1,A1,obfuscated,OPERATE,249,20.11,3.994,24.104,0.299
r04,r04_A1,A1,obfuscated,READ,250,20.086,4.027,24.113,20.605
r04,r04_A1,A1,obfuscated,READ,251,20.103,4.003,24.106,20.487
r04,r04_A1,A1,obfuscated,READ,252,20.081,4.026,24.107,20.506
r04,r04_A1,A1,obfuscated,READ,253,20.102,4.011,24.113,20.495
r04,r04_A1,A1,obfuscated,READ,254,20.092,4.002,24.094,20.491
r04,r04_A1,A1,obfuscated,SELECT,255,20.059,4.046,24.105,20.62
r04,r04_A1,A1,obfuscated,OPERATE,256,20.104,3.975,24.079,0.345
r04,r04_A1,A1,obfuscated,READ,257,20.08,4.024,24.104,20.489
r04,r04_A1,A1,obfuscated,READ,258,20.109,3.997,24.106,20.493
r04,r04_A1,A1,obfuscated,READ,259,20.102,4.003,24.105,20.489
r04,r04_A1,A1,obfuscated,READ,260,20.081,4.033,24.114,20.532
r04,r04_A1,A1,obfuscated,READ,261,20.107,3.999,24.106,20.493
r04,r04_A1,A1,obfuscated,SELECT,262,20.089,4.009,24.098,20.564
r04,r04_A1,A1,obfuscated,OPERATE,263,20.11,3.991,24.101,0.346
r04,r04_A1,A1,obfuscated,READ,264,20.105,4.005,24.11,20.564
r04,r04_A1,A1,obfuscated,READ,265,20.08,4.024,24.104,20.505
r04,r04_A1,A1,obfuscated,READ,266,20.108,3.997,24.105,20.496
r04,r04_A1,A1,obfuscated,READ,267,20.081,4.023,24.104,20.517
r04,r04_A1,A1,obfuscated,READ,268,20.108,4.023,24.131,20.503
r04,r04_A1,A1,obfuscated,READ,269,20.103,4.006,24.109,20.428
r04,r04_A1,A1,obfuscated,READ,270,20.081,4.028,24.109,20.518
r04,r04_A1,A1,obfuscated,READ,271,20.102,4.006,24.108,20.486
r04,r04_A1,A1,obfuscated,SELECT,272,20.106,3.999,24.105,20.621
r04,r04_A1,A1,obfuscated,OPERATE,273,20.105,4.003,24.108,0.348
r04,r04_A1,A1,obfuscated,READ,274,20.097,3.992,24.089,20.543
r04,r04_A1,A1,obfuscated,READ,275,20.086,4.021,24.107,20.544
r04,r04_A1,A1,obfuscated,READ,276,20.109,3.995,24.104,20.419
r04,r04_A1,A1,obfuscated,READ,277,20.08,4.029,24.109,20.532
r04,r04_A1,A1,obfuscated,READ,278,20.102,4.002,24.104,20.486
r04,r04_A1,A1,obfuscated,READ,279,20.098,4.0,24.098,20.486
r04,r04_A1,A1,obfuscated,READ,280,20.081,4.028,24.109,20.52
r04,r04_A1,A1,obfuscated,READ,281,20.103,3.999,24.102,20.488
r04,r04_A1,A1,obfuscated,SELECT,282,20.091,4.013,24.104,20.641
r04,r04_A1,A1,obfuscated,OPERATE,283,20.103,4.003,24.106,0.348
r04,r04_A1,A1,obfuscated,READ,284,20.109,3.999,24.108,20.545
r04,r04_A1,A1,obfuscated,READ,285,20.082,4.026,24.108,20.493
r04,r04_A1,A1,obfuscated,READ,286,20.111,4.002,24.113,20.493
r04,r04_A1,A1,obfuscated,READ,287,20.095,4.013,24.108,20.513
r04,r04_A1,A1,obfuscated,READ,288,20.076,4.028,24.104,20.52
r04,r04_A1,A1,obfuscated,READ,289,20.091,3.995,24.086,20.409
r04,r04_A1,A1,obfuscated,SELECT,290,20.083,4.023,24.106,20.628
r04,r04_A1,A1,obfuscated,OPERATE,291,20.109,4.0,24.109,0.348
r04,r04_A1,A1,obfuscated,READ,292,20.107,3.997,24.104,20.566
r04,r04_A1,A1,obfuscated,READ,293,20.093,4.017,24.11,20.487
r04,r04_A1,A1,obfuscated,READ,294,20.098,4.004,24.102,20.479
r04,r04_A1,A1,obfuscated,READ,295,20.08,3.955,24.035,20.497
r04,r04_A1,A1,obfuscated,READ,296,20.11,4.01,24.12,20.447
r04,r04_A1,A1,obfuscated,READ,297,20.081,4.03,24.111,20.503
r04,r04_A1,A1,obfuscated,READ,298,20.107,3.995,24.102,20.487
r04,r04_A1,A1,obfuscated,SELECT,299,20.083,4.021,24.104,20.601
r04,r04_A1,A1,obfuscated,OPERATE,300,20.111,4.003,24.114,0.374
r04,r04_A1,A1,obfuscated,READ,301,20.105,4.006,24.111,20.596
r04,r04_A1,A1,obfuscated,READ,302,20.08,4.023,24.103,20.521
r04,r04_A1,A1,obfuscated,READ,303,20.085,4.019,24.104,20.515
r04,r04_A1,A1,obfuscated,READ,304,20.102,4.004,24.106,20.498
r04,r04_A1,A1,obfuscated,READ,305,20.08,4.024,24.104,20.486
r04,r04_A1,A1,obfuscated,SELECT,306,20.104,4.0,24.104,20.596
r04,r04_A1,A1,obfuscated,OPERATE,307,20.111,3.993,24.104,0.346
r04,r04_A1,A1,obfuscated,READ,308,20.082,4.022,24.104,20.565
r04,r04_A1,A1,obfuscated,READ,309,20.098,3.986,24.084,20.412
r04,r04_A1,A1,obfuscated,READ,310,20.081,3.999,24.08,20.503
r04,r04_A1,A1,obfuscated,READ,311,20.095,4.008,24.103,20.418
r04,r04_A1,A1,obfuscated,READ,312,20.087,4.023,24.11,20.49
r04,r04_A1,A1,obfuscated,READ,313,20.106,3.998,24.104,20.485
r04,r04_A1,A1,obfuscated,SELECT,314,20.104,4.005,24.109,20.607
r04,r04_A1,A1,obfuscated,OPERATE,315,20.104,4.03,24.134,0.346
r04,r04_A1,A1,obfuscated,READ,316,20.098,4.006,24.104,20.488
r04,r04_A1,A1,obfuscated,READ,317,20.083,4.021,24.104,20.49
r04,r04_A1,A1,obfuscated,READ,318,20.114,3.982,24.096,20.484
r04,r04_A1,A1,obfuscated,READ,319,20.08,4.033,24.113,20.533
r04,r04_A1,A1,obfuscated,READ,320,20.081,4.025,24.106,20.507
r04,r04_A1,A1,obfuscated,READ,321,20.103,4.002,24.105,20.473
r04,r04_A1,A1,obfuscated,READ,322,20.081,3.954,24.035,20.505
r04,r04_A1,A1,obfuscated,READ,323,20.094,4.01,24.104,20.455
r04,r04_A1,A1,obfuscated,READ,324,20.082,4.004,24.086,20.52
r04,r04_A1,A1,obfuscated,SELECT,325,20.082,4.021,24.103,20.691
r04,r04_A1,A1,obfuscated,OPERATE,326,20.1,3.998,24.098,0.346
r04,r04_A1,A1,obfuscated,READ,327,20.081,4.024,24.105,20.548
r04,r04_A1,A1,obfuscated,READ,328,20.106,4.003,24.109,20.492
r04,r04_A1,A1,obfuscated,READ,329,20.08,4.024,24.104,20.517
r04,r04_A1,A1,obfuscated,READ,330,20.081,4.023,24.104,20.515
r04,r04_A1,A1,obfuscated,READ,331,20.099,4.004,24.103,20.488
r04,r04_A1,A1,obfuscated,SELECT,332,20.098,4.012,24.11,20.593
r04,r04_A1,A1,obfuscated,OPERATE,333,20.104,3.999,24.103,0.35
r04,r04_A1,A1,obfuscated,READ,334,20.082,3.998,24.08,20.558
r04,r04_A1,A1,obfuscated,READ,335,20.051,4.063,24.114,20.512
r04,r04_A1,A1,obfuscated,READ,336,20.095,4.003,24.098,20.41
r04,r04_A1,A1,obfuscated,READ,337,20.081,4.027,24.108,20.491
r04,r04_A1,A1,obfuscated,READ,338,20.107,4.004,24.111,20.488
r04,r04_A1,A1,obfuscated,READ,339,20.089,4.014,24.103,20.516
r04,r04_A1,A1,obfuscated,READ,340,20.091,4.018,24.109,20.519
r04,r04_A1,A1,obfuscated,SELECT,341,20.104,4.002,24.106,20.593
r04,r04_A1,A1,obfuscated,OPERATE,342,20.104,3.937,24.041,0.388
r04,r04_A1,A1,obfuscated,READ,343,20.1,4.003,24.103,20.487
r04,r04_A1,A1,obfuscated,READ,344,20.099,4.013,24.112,20.507
r04,r04_A1,A1,obfuscated,READ,345,20.09,4.014,24.104,20.492
r04,r04_A1,A1,obfuscated,READ,346,20.106,3.999,24.105,20.49
r04,r04_A1,A1,obfuscated,READ,347,20.081,4.023,24.104,20.494
r04,r04_A1,A1,obfuscated,SELECT,348,20.11,3.994,24.104,20.593
r04,r04_A1,A1,obfuscated,OPERATE,349,20.083,4.022,24.105,0.347
r04,r04_A1,A1,obfuscated,READ,350,20.109,4.019,24.128,20.6
r04,r04_A1,A1,obfuscated,READ,351,20.101,4.001,24.102,20.488
r04,r04_A1,A1,obfuscated,READ,352,20.082,3.998,24.08,20.485
r04,r04_A1,A1,obfuscated,READ,353,20.105,4.001,24.106,20.507
r04,r04_A1,A1,obfuscated,READ,354,20.105,4.003,24.108,20.538
r04,r04_A1,A1,obfuscated,SELECT,355,20.081,4.005,24.086,20.623
r04,r04_A1,A1,obfuscated,OPERATE,356,20.113,3.98,24.093,0.296
r04,r04_A1,A1,obfuscated,READ,357,20.082,4.022,24.104,20.533
r04,r04_A1,A1,obfuscated,READ,358,20.108,4.0,24.108,20.488
r04,r04_A1,A1,obfuscated,READ,359,20.102,4.001,24.103,20.529
r04,r04_A1,A1,obfuscated,READ,360,20.08,4.033,24.113,20.528
r04,r04_A1,A1,obfuscated,READ,361,20.103,3.999,24.102,20.486
r04,r04_A1,A1,obfuscated,SELECT,362,20.036,4.051,24.087,20.608
r04,r04_A1,A1,obfuscated,OPERATE,363,20.101,4.006,24.107,0.347
r04,r04_A1,A1,obfuscated,READ,364,20.086,4.021,24.107,20.573
r04,r04_A1,A1,obfuscated,READ,365,20.08,4.023,24.103,20.51
r04,r04_A1,A1,obfuscated,READ,366,20.098,4.007,24.105,20.496
r04,r04_A1,A1,obfuscated,READ,367,20.082,4.022,24.104,20.487
r04,r04_A1,A1,obfuscated,READ,368,20.112,3.997,24.109,20.487
r04,r04_A1,A1,obfuscated,READ,369,20.091,3.944,24.035,20.408
r04,r04_A1,A1,obfuscated,READ,370,20.102,4.005,24.107,20.484
r04,r04_A1,A1,obfuscated,READ,371,20.103,4.005,24.108,20.489
r04,r04_A1,A1,obfuscated,SELECT,372,20.094,3.986,24.08,20.629
r04,r04_A1,A1,obfuscated,OPERATE,373,20.105,3.997,24.102,0.344
r04,r04_A1,A1,obfuscated,READ,374,20.08,4.024,24.104,20.56
r04,r04_A1,A1,obfuscated,READ,375,20.09,3.997,24.087,20.538
r04,r04_A1,A1,obfuscated,READ,376,20.094,4.016,24.11,20.455
r04,r04_A1,A1,obfuscated,READ,377,20.081,4.023,24.104,20.516
r04,r04_A1,A1,obfuscated,READ,378,20.107,4.0,24.107,20.483
r04,r04_A1,A1,obfuscated,SELECT,379,20.101,4.003,24.104,20.616
r04,r04_A1,A1,obfuscated,OPERATE,380,20.107,3.996,24.103,0.346
r04,r04_A1,A1,obfuscated,READ,381,20.105,4.002,24.107,20.538
r04,r04_A1,A1,obfuscated,READ,382,20.036,4.068,24.104,20.528
r04,r04_A1,A1,obfuscated,READ,383,20.12,3.986,24.106,20.411
r04,r04_A1,A1,obfuscated,READ,384,20.086,4.022,24.108,20.488
r04,r04_A1,A1,obfuscated,READ,385,20.108,4.001,24.109,20.489
r04,r04_A1,A1,obfuscated,SELECT,386,20.102,3.999,24.101,20.598
r04,r04_A1,A1,obfuscated,OPERATE,387,20.107,3.996,24.103,0.361
r04,r04_A1,A1,obfuscated,READ,388,20.101,4.007,24.108,20.537
r04,r04_A1,A1,obfuscated,READ,389,20.08,3.955,24.035,20.464
r04,r04_A1,A1,obfuscated,READ,390,20.109,4.002,24.111,20.453
r04,r04_A1,A1,obfuscated,READ,391,20.087,4.022,24.109,20.52
r04,r04_A1,A1,obfuscated,READ,392,20.095,4.01,24.105,20.493
r04,r04_A1,A1,obfuscated,READ,393,20.106,4.005,24.111,20.498
r04,r04_A1,A1,obfuscated,SELECT,394,20.087,4.018,24.105,20.6
r04,r04_A1,A1,obfuscated,OPERATE,395,20.104,4.005,24.109,0.347
r04,r04_A1,A1,obfuscated,READ,396,20.082,4.021,24.103,20.575
r04,r04_A1,A1,obfuscated,READ,397,20.083,4.029,24.112,20.507
r04,r04_A1,A1,obfuscated,READ,398,20.088,4.016,24.104,20.487
r04,r04_A1,A1,obfuscated,READ,399,20.081,4.026,24.107,20.485
r04,r04_A1,A1,obfuscated,READ,400,20.108,3.999,24.107,20.536
r04,r04_A1,A1,obfuscated,SELECT,401,20.103,4.001,24.104,20.606
r04,r04_A1,A1,obfuscated,OPERATE,402,20.093,4.019,24.112,0.362
r04,r04_A1,A1,obfuscated,READ,403,20.092,3.994,24.086,20.457
r04,r04_A1,A1,obfuscated,READ,404,20.088,4.018,24.106,20.484
r04,r04_A1,A1,obfuscated,READ,405,20.103,4.005,24.108,20.493
r04,r04_A1,A1,obfuscated,READ,406,20.11,3.998,24.108,20.515
r04,r04_A1,A1,obfuscated,READ,407,20.084,4.027,24.111,20.517
r04,r04_A1,A1,obfuscated,SELECT,408,20.113,3.996,24.109,20.596
r04,r04_A1,A1,obfuscated,OPERATE,409,20.105,3.93,24.035,0.388
r04,r04_A1,A1,obfuscated,READ,410,20.111,4.001,24.112,20.492
r04,r04_A1,A1,obfuscated,READ,411,20.087,4.017,24.104,20.518
r04,r04_A1,A1,obfuscated,READ,412,20.101,3.991,24.092,20.497
r04,r04_A1,A1,obfuscated,READ,413,20.092,4.015,24.107,20.491
r04,r04_A1,A1,obfuscated,READ,414,20.082,4.022,24.104,20.489
r04,r04_A1,A1,obfuscated,READ,415,20.108,4.003,24.111,20.496
r04,r04_A1,A1,obfuscated,READ,416,20.086,3.949,24.035,20.438
r04,r04_A1,A1,obfuscated,READ,417,20.106,4.0,24.106,20.444
r04,r04_A1,A1,obfuscated,SELECT,418,20.104,4.001,24.105,20.591
r04,r04_A1,A1,obfuscated,OPERATE,419,20.103,4.002,24.105,0.346
r04,r04_A1,A1,obfuscated,READ,420,20.094,3.999,24.093,20.544
r04,r04_A1,A1,obfuscated,READ,421,20.088,4.022,24.11,20.503
r04,r04_A1,A1,obfuscated,READ,422,20.08,4.029,24.109,20.495
r04,r04_A1,A1,obfuscated,READ,423,20.087,4.016,24.103,20.533
r04,r04_A1,A1,obfuscated,READ,424,20.089,4.019,24.108,20.497
r04,r04_A1,A1,obfuscated,READ,425,20.105,4.01,24.115,20.556
r04,r04_A1,A1,obfuscated,READ,426,20.082,4.023,24.105,20.525
r04,r04_A1,A1,obfuscated,READ,427,20.108,3.997,24.105,20.489
r04,r04_A1,A1,obfuscated,READ,428,20.106,3.973,24.079,20.492
r04,r04_A1,A1,obfuscated,SELECT,429,20.081,3.998,24.079,20.645
r04,r04_A1,A1,obfuscated,OPERATE,430,20.104,4.006,24.11,0.295
r04,r04_A1,A1,obfuscated,READ,431,20.08,4.027,24.107,20.545
r04,r04_A1,A1,obfuscated,READ,432,20.115,3.994,24.109,20.482
r04,r04_A1,A1,obfuscated,READ,433,20.106,4.005,24.111,20.496
r04,r04_A1,A1,obfuscated,READ,434,20.081,4.013,24.094,20.515
r04,r04_A1,A1,obfuscated,READ,435,20.101,4.0,24.101,20.494
r04,r04_A1,A1,obfuscated,READ,436,20.036,4.073,24.109,20.512
r04,r04_A1,A1,obfuscated,SELECT,437,20.104,4.0,24.104,20.518
r04,r04_A1,A1,obfuscated,OPERATE,438,20.084,4.021,24.105,0.345
r04,r04_A1,A1,obfuscated,READ,439,20.088,4.027,24.115,20.542
r04,r04_A1,A1,obfuscated,READ,440,20.09,3.991,24.081,20.487
r04,r04_A1,A1,obfuscated,READ,441,20.08,4.027,24.107,20.496
r04,r04_A1,A1,obfuscated,READ,442,20.105,3.997,24.102,20.487
r04,r04_A1,A1,obfuscated,READ,443,20.089,3.946,24.035,20.438
r04,r04_A1,A1,obfuscated,READ,444,20.103,4.007,24.11,20.52
r04,r04_A1,A1,obfuscated,READ,445,20.103,4.004,24.107,20.488
r04,r04_A1,A1,obfuscated,SELECT,446,20.081,4.023,24.104,20.624
r04,r04_A1,A1,obfuscated,OPERATE,447,20.102,4.004,24.106,0.349
r04,r04_A1,A1,obfuscated,READ,448,20.08,4.025,24.105,20.561
r04,r04_A1,A1,obfuscated,READ,449,20.107,3.994,24.101,20.49
r04,r04_A1,A1,obfuscated,READ,450,20.082,4.021,24.103,20.52
r04,r04_A1,A1,obfuscated,READ,451,20.08,4.027,24.107,20.497
r04,r04_A1,A1,obfuscated,READ,452,20.104,3.999,24.103,20.493
r04,r04_A1,A1,obfuscated,READ,453,20.099,4.005,24.104,20.534
r04,r04_A1,A1,obfuscated,READ,454,20.111,4.005,24.116,20.5
r04,r04_A1,A1,obfuscated,READ,455,20.09,4.005,24.095,20.497
r04,r04_A1,A1,obfuscated,SELECT,456,20.081,4.001,24.082,20.601
r04,r04_A1,A1,obfuscated,OPERATE,457,20.111,3.994,24.105,0.385
r04,r04_A1,A1,obfuscated,READ,458,20.102,4.002,24.104,20.568
r04,r04_A1,A1,obfuscated,READ,459,20.082,4.023,24.105,20.517
r04,r04_A1,A1,obfuscated,READ,460,20.101,3.995,24.096,20.495
r04,r04_A1,A1,obfuscated,READ,461,20.087,4.018,24.105,20.495
r04,r04_A1,A1,obfuscated,READ,462,20.104,4.006,24.11,20.483
r04,r04_A1,A1,obfuscated,READ,463,20.082,4.022,24.104,20.523
r04,r04_A1,A1,obfuscated,READ,464,20.086,4.024,24.11,20.516
r04,r04_A1,A1,obfuscated,READ,465,20.098,4.005,24.103,20.493
r04,r04_A1,A1,obfuscated,READ,466,20.081,4.024,24.105,20.509
r04,r04_A1,A1,obfuscated,SELECT,467,20.082,4.021,24.103,20.608
r04,r04_A1,A1,obfuscated,OPERATE,468,20.107,3.996,24.103,0.345
r04,r04_A1,A1,obfuscated,READ,469,20.08,3.999,24.079,20.564
r04,r04_A1,A1,obfuscated,READ,470,20.092,3.996,24.088,20.412
r04,r04_A1,A1,obfuscated,READ,471,20.082,4.025,24.107,20.495
r04,r04_A1,A1,obfuscated,READ,472,20.111,4.001,24.112,20.489
r04,r04_A1,A1,obfuscated,READ,473,20.109,3.997,24.106,20.512
r04,r04_A1,A1,obfuscated,READ,474,20.085,4.024,24.109,20.5
r04,r04_A1,A1,obfuscated,SELECT,475,20.104,4.001,24.105,20.659
r04,r04_A1,A1,obfuscated,OPERATE,476,20.103,3.978,24.081,0.365
r04,r04_A1,A1,obfuscated,READ,477,20.103,4.001,24.104,20.496
r04,r04_A1,A1,obfuscated,READ,478,20.104,3.999,24.103,20.494
r04,r04_A1,A1,obfuscated,READ,479,20.081,4.027,24.108,20.535
r04,r04_A1,A1,obfuscated,READ,480,20.102,4.0,24.102,20.49
r04,r04_A1,A1,obfuscated,READ,481,20.08,4.028,24.108,20.516
r04,r04_A1,A1,obfuscated,SELECT,482,20.106,4.001,24.107,20.601
r04,r04_A1,A1,obfuscated,OPERATE,483,20.096,4.01,24.106,0.348
r04,r04_A1,A1,obfuscated,READ,484,20.082,4.023,24.105,20.545
r04,r04_A1,A1,obfuscated,READ,485,20.099,4.013,24.112,20.475
r04,r04_A1,A1,obfuscated,READ,486,20.097,4.011,24.108,20.531
r04,r04_A1,A1,obfuscated,READ,487,20.093,4.016,24.109,20.49
r04,r04_A1,A1,obfuscated,READ,488,20.111,3.999,24.11,20.489
r04,r04_A1,A1,obfuscated,SELECT,489,20.081,3.999,24.08,20.616
r04,r04_A1,A1,obfuscated,OPERATE,490,20.09,4.005,24.095,0.298
r04,r04_A1,A1,obfuscated,READ,491,20.08,4.023,24.103,20.558
r04,r04_A1,A1,obfuscated,READ,492,20.109,4.001,24.11,20.482
r04,r04_A1,A1,obfuscated,READ,493,20.108,4.001,24.109,20.493
r04,r04_A1,A1,obfuscated,READ,494,20.086,4.022,24.108,20.516
r04,r04_A1,A1,obfuscated,READ,495,20.098,4.003,24.101,20.488
r04,r04_A1,A1,obfuscated,READ,496,20.081,4.024,24.105,20.509
r04,r04_A1,A1,obfuscated,READ,497,20.103,4.002,24.105,20.412
r04,r04_A1,A1,obfuscated,SELECT,498,20.105,4.005,24.11,20.605
r04,r04_A1,A1,obfuscated,OPERATE,499,20.122,3.998,24.12,0.348
r04,r04_A1,A1,obfuscated,READ,500,20.083,4.025,24.108,20.593
r04,r04_A1,A1,obfuscated,READ,501,20.098,4.005,24.103,20.527
r04,r04_A1,A1,obfuscated,READ,502,20.135,3.968,24.103,20.484
r04,r04_A1,A1,obfuscated,READ,503,20.111,3.977,24.088,20.469
r04,r04_A1,A1,obfuscated,READ,504,20.081,4.027,24.108,20.519
r04,r04_A1,A1,obfuscated,READ,505,20.083,4.021,24.104,20.495
r04,r04_A1,A1,obfuscated,SELECT,506,20.105,4.003,24.108,20.621
r04,r04_A1,A1,obfuscated,OPERATE,507,20.104,3.999,24.103,0.346
r04,r04_A1,A1,obfuscated,READ,508,20.107,4.001,24.108,20.54
r04,r04_A1,A1,obfuscated,READ,509,20.08,3.999,24.079,20.498
r04,r04_A1,A1,obfuscated,READ,510,20.096,4.004,24.1,20.439
r04,r04_A1,A1,obfuscated,READ,511,20.102,4.009,24.111,20.469
r04,r04_A1,A1,obfuscated,READ,512,20.112,3.992,24.104,20.49
r04,r04_A1,A1,obfuscated,READ,513,20.118,3.995,24.113,20.489
r04,r04_A1,A1,obfuscated,READ,514,20.08,4.023,24.103,20.523
r04,r04_A1,A1,obfuscated,SELECT,515,20.105,3.995,24.1,20.576
r04,r04_A1,A1,obfuscated,OPERATE,516,20.083,4.024,24.107,0.367
r04,r04_A1,A1,obfuscated,READ,517,20.104,3.998,24.102,20.458
r04,r04_A1,A1,obfuscated,READ,518,20.108,3.997,24.105,20.529
r04,r04_A1,A1,obfuscated,READ,519,20.096,4.023,24.119,20.489
r04,r04_A1,A1,obfuscated,READ,520,20.104,4.003,24.107,20.486
r04,r04_A1,A1,obfuscated,READ,521,20.081,4.022,24.103,20.501
r04,r04_A1,A1,obfuscated,READ,522,20.106,3.997,24.103,20.5
r04,r04_A1,A1,obfuscated,READ,523,20.099,4.012,24.111,20.511
r04,r04_A1,A1,obfuscated,SELECT,524,20.087,4.021,24.108,20.604
r04,r04_A1,A1,obfuscated,OPERATE,525,20.112,3.992,24.104,0.348
r04,r04_A1,A1,obfuscated,READ,526,20.101,4.004,24.105,20.631
r04,r04_A1,A1,obfuscated,READ,527,20.104,4.002,24.106,20.489
r04,r04_A1,A1,obfuscated,READ,528,20.104,4.002,24.106,20.488
r04,r04_A1,A1,obfuscated,READ,529,20.035,4.072,24.107,20.526
r04,r04_A1,A1,obfuscated,READ,530,20.109,3.995,24.104,20.487
r04,r04_A1,A1,obfuscated,READ,531,20.085,4.017,24.102,20.508
r04,r04_A1,A1,obfuscated,READ,532,20.091,4.015,24.106,20.482
r04,r04_A1,A1,obfuscated,SELECT,533,20.095,3.999,24.094,20.6
r04,r04_A1,A1,obfuscated,OPERATE,534,20.108,3.999,24.107,0.382
r04,r04_A1,A1,obfuscated,READ,535,20.108,3.991,24.099,20.543
r04,r04_A1,A1,obfuscated,READ,536,20.083,4.001,24.084,20.485
r04,r04_A1,A1,obfuscated,READ,537,20.107,3.996,24.103,20.483
r04,r04_A1,A1,obfuscated,READ,538,20.11,4.001,24.111,20.415
r04,r04_A1,A1,obfuscated,READ,539,20.081,4.025,24.106,20.514
r04,r04_A1,A1,obfuscated,READ,540,20.09,4.003,24.093,20.486
r04,r04_A1,A1,obfuscated,READ,541,20.08,4.024,24.104,20.496
r04,r04_A1,A1,obfuscated,SELECT,542,20.095,4.01,24.105,20.593
r04,r04_A1,A1,obfuscated,OPERATE,543,20.082,4.022,24.104,0.347
r04,r04_A1,A1,obfuscated,READ,544,20.082,4.025,24.107,20.538
r04,r04_A1,A1,obfuscated,READ,545,20.087,3.999,24.086,20.497
r04,r04_A1,A1,obfuscated,READ,546,20.081,4.028,24.109,20.494
r04,r04_A1,A1,obfuscated,READ,547,20.109,3.997,24.106,20.496
r04,r04_A1,A1,obfuscated,READ,548,20.105,4.004,24.109,20.49
r04,r04_A1,A1,obfuscated,READ,549,20.081,3.955,24.036,20.534
r04,r04_A1,A1,obfuscated,SELECT,550,20.099,4.001,24.1,20.649
r04,r04_A1,A1,obfuscated,OPERATE,551,20.104,4.004,24.108,0.368
r04,r04_A1,A1,obfuscated,READ,552,20.106,4.004,24.11,20.538
r04,r04_A1,A1,obfuscated,READ,553,20.088,4.019,24.107,20.485
r04,r04_A1,A1,obfuscated,READ,554,20.082,4.025,24.107,20.511
r04,r04_A1,A1,obfuscated,READ,555,20.106,3.989,24.095,20.486
r04,r04_A1,A1,obfuscated,READ,556,20.036,4.073,24.109,20.485
r04,r04_A1,A1,obfuscated,READ,557,20.105,3.995,24.1,20.493
r04,r04_A1,A1,obfuscated,READ,558,20.102,4.001,24.103,20.492
r04,r04_A1,A1,obfuscated,READ,559,20.081,4.026,24.107,20.527
r04,r04_A1,A1,obfuscated,SELECT,560,20.103,4.003,24.106,20.592
r04,r04_A1,A1,obfuscated,OPERATE,561,20.108,3.997,24.105,0.365
r04,r04_A1,A1,obfuscated,READ,562,20.109,3.999,24.108,20.536
r04,r04_A1,A1,obfuscated,READ,563,20.107,3.996,24.103,20.472
r04,r04_A1,A1,obfuscated,READ,564,20.081,4.022,24.103,20.506
r04,r04_A1,A1,obfuscated,READ,565,20.103,3.996,24.099,20.508
r04,r04_A1,A1,obfuscated,READ,566,20.08,4.0,24.08,20.524
r04,r04_A1,A1,obfuscated,READ,567,20.104,4.004,24.108,20.488
r04,r04_A1,A1,obfuscated,SELECT,568,20.106,4.008,24.114,20.604
r04,r04_A1,A1,obfuscated,OPERATE,569,20.111,3.929,24.04,0.378
r04,r04_A1,A1,obfuscated,READ,570,20.092,4.001,24.093,20.538
r04,r04_A1,A1,obfuscated,READ,571,20.089,4.016,24.105,20.475
r04,r04_A1,A1,obfuscated,READ,572,20.106,3.997,24.103,20.492
r04,r04_A1,A1,obfuscated,READ,573,20.103,4.002,24.105,20.507
r04,r04_A1,A1,obfuscated,READ,574,20.081,4.025,24.106,20.536
r04,r04_A1,A1,obfuscated,SELECT,575,20.107,3.994,24.101,20.65
r04,r04_A1,A1,obfuscated,OPERATE,576,20.036,4.073,24.109,0.35
r04,r04_A1,A1,obfuscated,READ,577,20.103,4.003,24.106,20.537
r04,r04_A1,A1,obfuscated,READ,578,20.111,3.993,24.104,20.494
r04,r04_A1,A1,obfuscated,READ,579,20.081,4.03,24.111,20.519
r04,r04_A1,A1,obfuscated,READ,580,20.105,3.996,24.101,20.494
r04,r04_A1,A1,obfuscated,READ,581,20.088,4.021,24.109,20.508
r04,r04_A1,A1,obfuscated,SELECT,582,20.081,4.0,24.081,20.631
r04,r04_A1,A1,obfuscated,OPERATE,583,20.106,3.997,24.103,0.349
r04,r04_A1,A1,obfuscated,READ,584,20.082,4.026,24.108,20.534
r04,r04_A1,A1,obfuscated,READ,585,20.098,3.999,24.097,20.497
r04,r04_A1,A1,obfuscated,READ,586,20.108,4.012,24.12,20.521
r04,r04_A1,A1,obfuscated,READ,587,20.082,4.023,24.105,20.495
r04,r04_A1,A1,obfuscated,READ,588,20.105,4.002,24.107,20.499
r04,r04_A1,A1,obfuscated,SELECT,589,20.039,4.066,24.105,20.597
r04,r04_A1,A1,obfuscated,OPERATE,590,20.099,4.003,24.102,0.347
r04,r04_A1,A1,obfuscated,READ,591,20.095,4.009,24.104,20.495
r04,r04_A1,A1,obfuscated,READ,592,20.095,4.01,24.105,20.485
r04,r04_A1,A1,obfuscated,READ,593,20.087,4.018,24.105,20.49
r04,r04_A1,A1,obfuscated,READ,594,20.08,4.033,24.113,20.491
r04,r04_A1,A1,obfuscated,READ,595,20.107,3.996,24.103,20.489
r04,r04_A1,A1,obfuscated,READ,596,20.091,3.952,24.043,20.498
r04,r04_A1,A1,obfuscated,READ,597,20.106,4.002,24.108,20.503
r04,r04_A1,A1,obfuscated,SELECT,598,20.105,4.002,24.107,20.595
r04,r04_A1,A1,obfuscated,OPERATE,599,20.111,3.997,24.108,0.384
r04,r04_A1,A1,obfuscated,READ,600,20.11,3.992,24.102,20.601
r04,r04_A1,A1,obfuscated,READ,601,20.082,4.026,24.108,20.512
r04,r04_A1,A1,obfuscated,READ,602,20.081,3.999,24.08,20.511
r04,r04_A1,A1,obfuscated,READ,603,20.1,4.005,24.105,20.488
r04,r04_A1,A1,obfuscated,READ,604,20.086,4.023,24.109,20.496
r04,r04_A1,A1,obfuscated,READ,605,20.096,4.003,24.099,20.491
r04,r04_A1,A1,obfuscated,SELECT,606,20.102,4.006,24.108,20.622
r04,r04_A1,A1,obfuscated,OPERATE,607,20.104,4.002,24.106,0.347
r04,r04_A1,A1,obfuscated,READ,608,20.105,3.998,24.103,20.535
r04,r04_A1,A1,obfuscated,READ,609,20.045,4.065,24.11,20.496
r04,r04_A1,A1,obfuscated,READ,610,20.105,3.999,24.104,20.492
r04,r04_A1,A1,obfuscated,READ,611,20.081,4.024,24.105,20.513
r04,r04_A1,A1,obfuscated,READ,612,20.08,4.022,24.102,20.514
r04,r04_A1,A1,obfuscated,READ,613,20.104,4.004,24.108,20.486
r04,r04_A1,A1,obfuscated,READ,614,20.081,4.027,24.108,20.49
r04,r04_A1,A1,obfuscated,SELECT,615,20.091,4.035,24.126,20.593
r04,r04_A1,A1,obfuscated,OPERATE,616,20.106,3.986,24.092,0.347
r04,r04_A1,A1,obfuscated,READ,617,20.08,4.024,24.104,20.565
r04,r04_A1,A1,obfuscated,READ,618,20.102,3.997,24.099,20.49
r04,r04_A1,A1,obfuscated,READ,619,20.081,4.022,24.103,20.498
r04,r04_A1,A1,obfuscated,READ,620,20.104,4.002,24.106,20.502
r04,r04_A1,A1,obfuscated,READ,621,20.105,4.003,24.108,20.5
r04,r04_A1,A1,obfuscated,SELECT,622,20.087,4.023,24.11,20.623
r04,r04_A1,A1,obfuscated,OPERATE,623,20.092,4.002,24.094,0.35
r04,r04_A1,A1,obfuscated,READ,624,20.081,4.023,24.104,20.569
r04,r04_A1,A1,obfuscated,READ,625,20.107,3.996,24.103,20.538
r04,r04_A1,A1,obfuscated,READ,626,20.111,3.998,24.109,20.498
r04,r04_A1,A1,obfuscated,READ,627,20.081,4.029,24.11,20.487
r04,r04_A1,A1,obfuscated,READ,628,20.099,4.003,24.102,20.495
r04,r04_A1,A1,obfuscated,SELECT,629,20.103,3.991,24.094,20.557
r04,r04_A1,A1,obfuscated,OPERATE,630,20.107,3.994,24.101,0.345
r04,r04_A1,A1,obfuscated,READ,631,20.103,4.003,24.106,20.542
r04,r04_A1,A1,obfuscated,READ,632,20.081,4.025,24.106,20.527
r04,r04_A1,A1,obfuscated,READ,633,20.1,3.996,24.096,20.488
r04,r04_A1,A1,obfuscated,READ,634,20.087,4.025,24.112,20.515
r04,r04_A1,A1,obfuscated,READ,635,20.095,4.033,24.128,20.485
r04,r04_A1,A1,obfuscated,READ,636,20.102,3.987,24.089,20.502
r04,r04_A1,A1,obfuscated,READ,637,20.081,4.024,24.105,20.491
r04,r04_A1,A1,obfuscated,SELECT,638,20.107,4.0,24.107,20.601
r04,r04_A1,A1,obfuscated,OPERATE,639,20.128,3.975,24.103,0.35
r04,r04_A1,A1,obfuscated,READ,640,20.109,3.995,24.104,20.542
r04,r04_A1,A1,obfuscated,READ,641,20.107,3.996,24.103,20.483
r04,r04_A1,A1,obfuscated,READ,642,20.087,4.029,24.116,20.499
r04,r04_A1,A1,obfuscated,READ,643,20.098,3.993,24.091,20.485
r04,r04_A1,A1,obfuscated,READ,644,20.088,4.015,24.103,20.533
r04,r04_A1,A1,obfuscated,SELECT,645,20.081,4.023,24.104,20.613
r04,r04_A1,A1,obfuscated,OPERATE,646,20.111,3.998,24.109,0.347
r04,r04_A1,A1,obfuscated,READ,647,20.08,4.024,24.104,20.542
r04,r04_A1,A1,obfuscated,READ,648,20.104,3.994,24.098,20.491
r04,r04_A1,A1,obfuscated,READ,649,20.08,4.001,24.081,20.443
r04,r04_A1,A1,obfuscated,READ,650,20.093,4.014,24.107,20.545
r04,r04_A1,A1,obfuscated,READ,651,20.11,4.002,24.112,20.489
r04,r04_A1,A1,obfuscated,READ,652,20.082,4.028,24.11,20.506
r04,r04_A1,A1,obfuscated,READ,653,20.103,4.0,24.103,20.496
r04,r04_A1,A1,obfuscated,SELECT,654,20.112,3.996,24.108,20.635
r04,r04_A1,A1,obfuscated,OPERATE,655,20.113,4.023,24.136,0.348
r04,r04_A1,A1,obfuscated,READ,656,20.101,4.002,24.103,20.542
r04,r04_A1,A1,obfuscated,READ,657,20.08,4.027,24.107,20.485
r04,r04_A1,A1,obfuscated,READ,658,20.103,4.009,24.112,20.496
r04,r04_A1,A1,obfuscated,READ,659,20.103,4.006,24.109,20.476
r04,r04_A1,A1,obfuscated,READ,660,20.087,4.027,24.114,20.518
r04,r04_A1,A1,obfuscated,READ,661,20.109,3.994,24.103,20.489
r04,r04_A1,A1,obfuscated,READ,662,20.081,3.954,24.035,20.465
r04,r04_A1,A1,obfuscated,READ,663,20.101,3.991,24.092,20.489
r04,r04_A1,A1,obfuscated,READ,664,20.091,4.027,24.118,20.528
r04,r04_A1,A1,obfuscated,SELECT,665,20.081,4.027,24.108,20.616
r04,r04_A1,A1,obfuscated,OPERATE,666,20.114,3.99,24.104,0.347
r04,r04_A1,A1,obfuscated,READ,667,20.083,4.021,24.104,20.544
r04,r04_A1,A1,obfuscated,READ,668,20.099,3.997,24.096,20.5
r04,r04_A1,A1,obfuscated,READ,669,20.094,4.016,24.11,20.52
r04,r04_A1,A1,obfuscated,READ,670,20.085,4.019,24.104,20.502
r04,r04_A1,A1,obfuscated,READ,671,20.104,4.0,24.104,20.49
r04,r04_A1,A1,obfuscated,READ,672,20.082,4.027,24.109,20.492
r04,r04_A1,A1,obfuscated,SELECT,673,20.098,4.008,24.106,20.593
r04,r04_A1,A1,obfuscated,OPERATE,674,20.109,4.004,24.113,0.349
r04,r04_A1,A1,obfuscated,READ,675,20.088,4.022,24.11,20.617
r04,r04_A1,A1,obfuscated,READ,676,20.105,3.997,24.102,20.41
r04,r04_A1,A1,obfuscated,READ,677,20.081,4.023,24.104,20.487
r04,r04_A1,A1,obfuscated,READ,678,20.099,4.003,24.102,20.5
r04,r04_A1,A1,obfuscated,READ,679,20.1,4.008,24.108,20.488
r04,r04_A1,A1,obfuscated,SELECT,680,20.08,4.029,24.109,20.63
r04,r04_A1,A1,obfuscated,OPERATE,681,20.104,4.002,24.106,0.347
r04,r04_A1,A1,obfuscated,READ,682,20.086,3.948,24.034,20.511
r04,r04_A1,A1,obfuscated,READ,683,20.098,3.998,24.096,20.486
r04,r04_A1,A1,obfuscated,READ,684,20.091,4.013,24.104,20.527
r04,r04_A1,A1,obfuscated,READ,685,20.112,3.996,24.108,20.485
r04,r04_A1,A1,obfuscated,READ,686,20.108,3.996,24.104,20.496
r04,r04_A1,A1,obfuscated,READ,687,20.081,4.022,24.103,20.491
r04,r04_A1,A1,obfuscated,SELECT,688,20.103,3.982,24.085,20.602
r04,r04_A1,A1,obfuscated,OPERATE,689,20.082,4.024,24.106,0.349
r04,r04_A1,A1,obfuscated,READ,690,20.091,4.002,24.093,20.537
r04,r04_A1,A1,obfuscated,READ,691,20.114,3.996,24.11,20.492
r04,r04_A1,A1,obfuscated,READ,692,20.08,4.024,24.104,20.503
r04,r04_A1,A1,obfuscated,READ,693,20.1,3.997,24.097,20.488
r04,r04_A1,A1,obfuscated,READ,694,20.09,4.02,24.11,20.525
r04,r04_A1,A1,obfuscated,SELECT,695,20.094,3.953,24.047,20.639
r04,r04_A1,A1,obfuscated,OPERATE,696,20.108,3.999,24.107,0.295
r04,r04_A1,A1,obfuscated,READ,697,20.08,4.023,24.103,20.578
r04,r04_A1,A1,obfuscated,READ,698,20.108,3.999,24.107,20.499
r04,r04_A1,A1,obfuscated,READ,699,20.092,4.016,24.108,20.507
r04,r04_A1,A1,obfuscated,READ,700,20.084,4.024,24.108,20.564
r04,r04_A1,A1,obfuscated,READ,701,20.104,3.999,24.103,20.484
r04,r04_A1,A1,obfuscated,SELECT,702,20.08,4.026,24.106,20.601
r04,r04_A1,A1,obfuscated,OPERATE,703,20.096,4.002,24.098,0.348
r04,r04_A1,A1,obfuscated,READ,704,20.102,4.003,24.105,20.57
r04,r04_A1,A1,obfuscated,READ,705,20.086,4.018,24.104,20.495
r04,r04_A1,A1,obfuscated,READ,706,20.115,3.964,24.079,20.47
r04,r04_A1,A1,obfuscated,READ,707,20.081,4.025,24.106,20.487
r04,r04_A1,A1,obfuscated,READ,708,20.099,3.999,24.098,20.495
r04,r04_A1,A1,obfuscated,SELECT,709,20.103,3.932,24.035,20.56
r04,r04_A1,A1,obfuscated,OPERATE,710,20.102,3.996,24.098,0.348
r04,r04_A1,A1,obfuscated,READ,711,20.102,4.01,24.112,20.549
r04,r04_A1,A1,obfuscated,READ,712,20.096,4.01,24.106,20.525
r04,r04_A1,A1,obfuscated,READ,713,20.093,4.002,24.095,20.488
r04,r04_A1,A1,obfuscated,READ,714,20.08,4.029,24.109,20.518
r04,r04_A1,A1,obfuscated,READ,715,20.111,3.999,24.11,20.489
r04,r04_A1,A1,obfuscated,READ,716,20.087,4.026,24.113,20.488
r04,r04_A1,A1,obfuscated,SELECT,717,20.082,4.022,24.104,20.621
r04,r04_A1,A1,obfuscated,OPERATE,718,20.109,4.007,24.116,0.345
r04,r04_A1,A1,obfuscated,READ,719,20.089,4.016,24.105,20.554
r04,r04_A1,A1,obfuscated,READ,720,20.099,4.014,24.113,20.485
r04,r04_A1,A1,obfuscated,READ,721,20.104,3.988,24.092,20.489
r04,r04_A1,A1,obfuscated,READ,722,20.081,4.022,24.103,20.509
r04,r04_A1,A1,obfuscated,READ,723,20.089,4.021,24.11,20.411
r04,r04_A1,A1,obfuscated,READ,724,20.08,4.027,24.107,20.528
r04,r04_A1,A1,obfuscated,READ,725,20.091,4.014,24.105,20.548
r04,r04_A1,A1,obfuscated,READ,726,20.103,4.013,24.116,20.489
r04,r04_A1,A1,obfuscated,SELECT,727,20.08,4.025,24.105,20.599
r04,r04_A1,A1,obfuscated,OPERATE,728,20.091,4.0,24.091,0.346
r04,r04_A1,A1,obfuscated,READ,729,20.08,3.955,24.035,20.501
r04,r04_A1,A1,obfuscated,READ,730,20.1,3.986,24.086,20.472
r04,r04_A1,A1,obfuscated,READ,731,20.107,4.001,24.108,20.501
r04,r04_A1,A1,obfuscated,READ,732,20.089,4.015,24.104,20.498
r04,r04_A1,A1,obfuscated,READ,733,20.104,4.006,24.11,20.487
r04,r04_A1,A1,obfuscated,READ,734,20.081,4.024,24.105,20.497
r04,r04_A1,A1,obfuscated,READ,735,20.114,3.993,24.107,20.49
r04,r04_A1,A1,obfuscated,SELECT,736,20.105,3.989,24.094,20.551
r04,r04_A1,A1,obfuscated,OPERATE,737,20.108,3.996,24.104,0.349
r04,r04_A1,A1,obfuscated,READ,738,20.107,3.996,24.103,20.543
r04,r04_A1,A1,obfuscated,READ,739,20.081,4.025,24.106,20.498
r04,r04_A1,A1,obfuscated,READ,740,20.098,4.002,24.1,20.492
r04,r04_A1,A1,obfuscated,READ,741,20.092,4.017,24.109,20.52
r04,r04_A1,A1,obfuscated,READ,742,20.097,4.018,24.115,20.489
r04,r04_A1,A1,obfuscated,READ,743,20.107,3.999,24.106,20.463
r04,r04_A1,A1,obfuscated,READ,744,20.051,4.058,24.109,20.378
r04,r04_A1,A1,obfuscated,READ,745,20.112,3.997,24.109,20.448
r04,r04_A1,A1,obfuscated,SELECT,746,20.036,4.071,24.107,20.568
r04,r04_A1,A1,obfuscated,OPERATE,747,20.111,3.992,24.103,0.3
r04,r04_A1,A1,obfuscated,READ,748,20.043,4.06,24.103,20.527
r04,r04_A1,A1,obfuscated,READ,749,20.102,3.995,24.097,20.446
r04,r04_A1,A1,obfuscated,READ,750,20.112,3.974,24.086,20.448
r04,r04_A1,A1,obfuscated,READ,751,20.105,4.001,24.106,20.453
r04,r04_A1,A1,obfuscated,READ,752,20.104,4.0,24.104,20.44
r04,r04_A1,A1,obfuscated,SELECT,753,20.041,4.063,24.104,20.577
r04,r04_A1,A1,obfuscated,OPERATE,754,20.106,3.996,24.102,0.3
r04,r04_A1,A1,obfuscated,READ,755,20.036,4.076,24.112,20.493
r04,r04_A1,A1,obfuscated,READ,756,20.094,3.998,24.092,20.446
r04,r04_A1,A1,obfuscated,READ,757,20.041,4.072,24.113,20.443
r04,r04_A1,A1,obfuscated,READ,758,20.099,3.981,24.08,20.445
r04,r04_A1,A1,obfuscated,READ,759,20.094,4.017,24.111,20.471
r04,r04_A1,A1,obfuscated,READ,760,20.111,3.999,24.11,20.448
r04,r04_A1,A1,obfuscated,READ,761,20.106,3.983,24.089,20.467
r04,r04_A1,A1,obfuscated,SELECT,762,20.088,4.018,24.106,20.627
r04,r04_A1,A1,obfuscated,OPERATE,763,20.116,3.99,24.106,0.347
r04,r04_A1,A1,obfuscated,READ,764,20.081,3.957,24.038,20.457
r04,r04_A1,A1,obfuscated,READ,765,20.107,3.998,24.105,20.436
r04,r04_A1,A1,obfuscated,READ,766,20.105,4.002,24.107,20.518
r04,r04_A1,A1,obfuscated,READ,767,20.106,3.998,24.104,20.486
r04,r04_A1,A1,obfuscated,READ,768,20.109,3.999,24.108,20.49
r04,r04_A1,A1,obfuscated,SELECT,769,20.081,4.023,24.104,20.63
r04,r04_A1,A1,obfuscated,OPERATE,770,20.11,3.998,24.108,0.347
r04,r04_A1,A1,obfuscated,READ,771,20.044,4.065,24.109,20.552
r04,r04_A1,A1,obfuscated,READ,772,20.103,4.006,24.109,20.411
r04,r04_A1,A1,obfuscated,READ,773,20.104,3.987,24.091,20.495
r04,r04_A1,A1,obfuscated,READ,774,20.081,4.031,24.112,20.517
r04,r04_A1,A1,obfuscated,READ,775,20.108,4.003,24.111,20.547
r04,r04_A1,A1,obfuscated,READ,776,20.112,4.001,24.113,20.509
r04,r04_A1,A1,obfuscated,SELECT,777,20.082,3.956,24.038,20.66
r04,r04_A1,A1,obfuscated,OPERATE,778,20.107,4.002,24.109,0.35
r04,r04_A1,A1,obfuscated,READ,779,20.081,4.023,24.104,20.547
r04,r04_A1,A1,obfuscated,READ,780,20.101,4.007,24.108,20.496
r04,r04_A1,A1,obfuscated,READ,781,20.111,3.999,24.11,20.518
r04,r04_A1,A1,obfuscated,READ,782,20.086,4.021,24.107,20.5
r04,r04_A1,A1,obfuscated,READ,783,20.102,4.006,24.108,20.491
r04,r04_A1,A1,obfuscated,READ,784,20.042,4.064,24.106,20.498
r04,r04_A1,A1,obfuscated,SELECT,785,20.082,4.021,24.103,20.6
r04,r04_A1,A1,obfuscated,OPERATE,786,20.107,4.006,24.113,0.345
r04,r04_A1,A1,obfuscated,READ,787,20.087,4.025,24.112,20.556
r04,r04_A1,A1,obfuscated,READ,788,20.106,4.007,24.113,20.496
r04,r04_A1,A1,obfuscated,READ,789,20.081,4.024,24.105,20.502
r04,r04_A1,A1,obfuscated,READ,790,20.109,3.999,24.108,20.498
r04,r04_A1,A1,obfuscated,READ,791,20.103,3.985,24.088,20.421
r04,r04_OFF,OFF,native,READ,0,1.436,17.38,18.816,
r04,r04_OFF,OFF,native,READ,1,0.441,1.18,1.621,20.505
r04,r04_OFF,OFF,native,READ,2,0.55,2.227,2.777,20.511
r04,r04_OFF,OFF,native,READ,3,0.56,1.109,1.669,20.493
r04,r04_OFF,OFF,native,READ,4,0.518,2.106,2.624,20.504
r04,r04_OFF,OFF,native,READ,5,0.722,1.164,1.886,20.42
r04,r04_OFF,OFF,native,READ,6,0.481,1.143,1.624,20.514
r04,r04_OFF,OFF,native,SELECT,7,0.457,2.186,2.643,20.641
r04,r04_OFF,OFF,native,OPERATE,8,0.533,2.861,3.394,0.395
r04,r04_OFF,OFF,native,READ,9,0.547,1.101,1.648,20.552
r04,r04_OFF,OFF,native,READ,10,0.568,2.104,2.672,20.521
r04,r04_OFF,OFF,native,READ,11,0.531,1.098,1.629,20.506
r04,r04_OFF,OFF,native,READ,12,3.159,1.093,4.252,20.506
r04,r04_OFF,OFF,native,READ,13,0.524,1.1,1.624,20.511
r04,r04_OFF,OFF,native,SELECT,14,0.642,2.044,2.686,20.637
r04,r04_OFF,OFF,native,OPERATE,15,0.562,2.815,3.377,0.361
r04,r04_OFF,OFF,native,READ,16,0.571,1.098,1.669,20.565
r04,r04_OFF,OFF,native,READ,17,0.535,2.845,3.38,20.506
r04,r04_OFF,OFF,native,READ,18,0.578,3.931,4.509,20.501
r04,r04_OFF,OFF,native,READ,19,0.57,3.965,4.535,20.493
r04,r04_OFF,OFF,native,READ,20,0.48,3.929,4.409,20.501
r04,r04_OFF,OFF,native,SELECT,21,0.466,4.023,4.489,20.609
r04,r04_OFF,OFF,native,OPERATE,22,0.578,4.245,4.823,0.353
r04,r04_OFF,OFF,native,READ,23,0.453,3.252,3.705,20.569
r04,r04_OFF,OFF,native,READ,24,0.571,3.911,4.482,20.522
r04,r04_OFF,OFF,native,READ,25,0.552,1.104,1.656,20.528
r04,r04_OFF,OFF,native,READ,26,0.576,2.114,2.69,20.592
r04,r04_OFF,OFF,native,READ,27,0.57,1.096,1.666,20.509
r04,r04_OFF,OFF,native,SELECT,28,0.492,2.065,2.557,20.646
r04,r04_OFF,OFF,native,OPERATE,29,0.447,1.992,2.439,0.366
r04,r04_OFF,OFF,native,READ,30,1.467,1.162,2.629,20.55
r04,r04_OFF,OFF,native,READ,31,0.561,1.233,1.794,20.498
r04,r04_OFF,OFF,native,READ,32,0.491,2.181,2.672,20.482
r04,r04_OFF,OFF,native,READ,33,0.565,1.145,1.71,20.481
r04,r04_OFF,OFF,native,READ,34,0.564,2.057,2.621,20.499
r04,r04_OFF,OFF,native,SELECT,35,0.756,1.034,1.79,20.62
r04,r04_OFF,OFF,native,OPERATE,36,0.483,2.914,3.397,0.378
r04,r04_OFF,OFF,native,READ,37,0.489,1.177,1.666,20.643
r04,r04_OFF,OFF,native,READ,38,0.532,2.337,2.869,20.522
r04,r04_OFF,OFF,native,READ,39,0.537,3.959,4.496,20.499
r04,r04_OFF,OFF,native,READ,40,0.484,4.012,4.496,20.501
r04,r04_OFF,OFF,native,READ,41,0.494,9.01,9.504,20.507
r04,r04_OFF,OFF,native,READ,42,0.571,8.932,9.503,20.507
r04,r04_OFF,OFF,native,SELECT,43,1.53,8.766,10.296,20.617
r04,r04_OFF,OFF,native,OPERATE,44,0.573,13.239,13.812,0.357
r04,r04_OFF,OFF,native,READ,45,0.496,3.853,4.349,20.554
r04,r04_OFF,OFF,native,READ,46,2.924,1.746,4.67,20.504
r04,r04_OFF,OFF,native,READ,47,0.497,3.869,4.366,20.507
r04,r04_OFF,OFF,native,READ,48,0.485,3.926,4.411,20.515
r04,r04_OFF,OFF,native,READ,49,0.521,4.919,5.44,20.456
r04,r04_OFF,OFF,native,SELECT,50,0.525,6.085,6.61,20.591
r04,r04_OFF,OFF,native,OPERATE,51,0.497,3.099,3.596,0.307
r04,r04_OFF,OFF,native,READ,52,0.485,1.222,1.707,20.623
r04,r04_OFF,OFF,native,READ,53,0.554,2.104,2.658,20.528
r04,r04_OFF,OFF,native,READ,54,0.536,1.106,1.642,20.501
r04,r04_OFF,OFF,native,READ,55,0.563,4.294,4.857,20.511
r04,r04_OFF,OFF,native,READ,56,0.535,4.12,4.655,20.496
r04,r04_OFF,OFF,native,READ,57,0.565,3.757,4.322,20.497
r04,r04_OFF,OFF,native,READ,58,0.517,1.098,1.615,20.453
r04,r04_OFF,OFF,native,SELECT,59,1.621,1.087,2.708,20.605
r04,r04_OFF,OFF,native,OPERATE,60,0.494,2.944,3.438,0.351
r04,r04_OFF,OFF,native,READ,61,0.492,1.174,1.666,20.545
r04,r04_OFF,OFF,native,READ,62,0.517,2.299,2.816,20.509
r04,r04_OFF,OFF,native,READ,63,0.572,4.316,4.888,20.502
r04,r04_OFF,OFF,native,READ,64,0.5,3.992,4.492,20.463
r04,r04_OFF,OFF,native,READ,65,3.839,5.826,9.665,20.504
r04,r04_OFF,OFF,native,SELECT,66,0.495,3.592,4.087,20.638
r04,r04_OFF,OFF,native,OPERATE,67,0.578,5.866,6.444,0.353
r04,r04_OFF,OFF,native,READ,68,0.523,2.283,2.806,20.554
r04,r04_OFF,OFF,native,READ,69,0.579,3.822,4.401,20.5
r04,r04_OFF,OFF,native,READ,70,0.575,4.02,4.595,20.497
r04,r04_OFF,OFF,native,READ,71,0.56,2.103,2.663,20.5
r04,r04_OFF,OFF,native,READ,72,0.503,1.168,1.671,20.514
r04,r04_OFF,OFF,native,READ,73,0.486,2.12,2.606,20.494
r04,r04_OFF,OFF,native,READ,74,0.513,1.154,1.667,20.514
r04,r04_OFF,OFF,native,SELECT,75,0.482,1.114,1.596,20.613
r04,r04_OFF,OFF,native,OPERATE,76,1.31,1.876,3.186,0.352
r04,r04_OFF,OFF,native,READ,77,0.452,2.273,2.725,20.514
r04,r04_OFF,OFF,native,READ,78,0.569,1.101,1.67,20.483
r04,r04_OFF,OFF,native,READ,79,0.563,2.026,2.589,20.508
r04,r04_OFF,OFF,native,READ,80,0.737,1.109,1.846,20.511
r04,r04_OFF,OFF,native,READ,81,0.564,1.105,1.669,20.526
r04,r04_OFF,OFF,native,SELECT,82,1.476,1.029,2.505,20.608
r04,r04_OFF,OFF,native,OPERATE,83,0.486,3.002,3.488,0.371
r04,r04_OFF,OFF,native,READ,84,0.473,1.169,1.642,20.564
r04,r04_OFF,OFF,native,READ,85,0.564,2.063,2.627,20.5
r04,r04_OFF,OFF,native,READ,86,0.569,1.106,1.675,20.504
r04,r04_OFF,OFF,native,READ,87,0.577,5.099,5.676,20.419
r04,r04_OFF,OFF,native,READ,88,0.596,3.86,4.456,20.504
r04,r04_OFF,OFF,native,READ,89,0.512,4.056,4.568,20.51
r04,r04_OFF,OFF,native,SELECT,90,0.507,3.757,4.264,20.638
r04,r04_OFF,OFF,native,OPERATE,91,1.53,5.025,6.555,0.354
r04,r04_OFF,OFF,native,READ,92,0.572,2.995,3.567,20.5
r04,r04_OFF,OFF,native,READ,93,0.53,4.11,4.64,20.45
r04,r04_OFF,OFF,native,READ,94,0.482,1.174,1.656,20.499
r04,r04_OFF,OFF,native,READ,95,0.514,1.177,1.691,20.518
r04,r04_OFF,OFF,native,READ,96,0.454,2.169,2.623,20.506
r04,r04_OFF,OFF,native,READ,97,0.486,1.157,1.643,20.447
r04,r04_OFF,OFF,native,READ,98,0.521,2.087,2.608,20.507
r04,r04_OFF,OFF,native,READ,99,0.572,1.071,1.643,20.502
r04,r04_OFF,OFF,native,SELECT,100,0.572,1.038,1.61,20.552
r04,r04_OFF,OFF,native,OPERATE,101,1.235,1.886,3.121,0.354
r04,r04_OFF,OFF,native,READ,102,0.571,2.131,2.702,20.643
r04,r04_OFF,OFF,native,READ,103,0.559,1.099,1.658,20.507
r04,r04_OFF,OFF,native,READ,104,0.496,2.149,2.645,20.497
r04,r04_OFF,OFF,native,READ,105,0.574,1.179,1.753,20.5
r04,r04_OFF,OFF,native,READ,106,0.575,1.111,1.686,20.511
r04,r04_OFF,OFF,native,READ,107,0.486,2.098,2.584,20.5
r04,r04_OFF,OFF,native,READ,108,0.618,1.166,1.784,20.499
r04,r04_OFF,OFF,native,READ,109,0.528,2.121,2.649,20.456
r04,r04_OFF,OFF,native,READ,110,0.525,5.922,6.447,20.505
r04,r04_OFF,OFF,native,SELECT,111,0.508,3.79,4.298,20.606
r04,r04_OFF,OFF,native,OPERATE,112,1.505,4.979,6.484,0.356
r04,r04_OFF,OFF,native,READ,113,0.567,3.073,3.64,20.544
r04,r04_OFF,OFF,native,READ,114,0.667,3.832,4.499,20.499
r04,r04_OFF,OFF,native,READ,115,0.674,3.993,4.667,20.496
r04,r04_OFF,OFF,native,READ,116,0.495,3.888,4.383,20.492
r04,r04_OFF,OFF,native,READ,117,0.645,2.804,3.449,20.507
r04,r04_OFF,OFF,native,READ,118,1.532,1.096,2.628,20.5
r04,r04_OFF,OFF,native,SELECT,119,0.511,1.1,1.611,20.529
r04,r04_OFF,OFF,native,OPERATE,120,1.525,1.842,3.367,0.353
r04,r04_OFF,OFF,native,READ,121,0.554,2.05,2.604,20.547
r04,r04_OFF,OFF,native,READ,122,0.519,1.161,1.68,20.502
r04,r04_OFF,OFF,native,READ,123,0.568,1.097,1.665,20.525
r04,r04_OFF,OFF,native,READ,124,1.483,5.227,6.71,20.542
r04,r04_OFF,OFF,native,READ,125,0.564,1.098,1.662,20.509
r04,r04_OFF,OFF,native,SELECT,126,0.498,2.244,2.742,20.614
r04,r04_OFF,OFF,native,OPERATE,127,0.451,2.927,3.378,0.353
r04,r04_OFF,OFF,native,READ,128,0.553,1.177,1.73,20.606
r04,r04_OFF,OFF,native,READ,129,0.545,1.075,1.62,20.516
r04,r04_OFF,OFF,native,READ,130,1.619,1.104,2.723,20.514
r04,r04_OFF,OFF,native,READ,131,0.532,1.061,1.593,20.511
r04,r04_OFF,OFF,native,READ,132,0.582,2.27,2.852,20.449
r04,r04_OFF,OFF,native,SELECT,133,0.498,1.107,1.605,20.628
r04,r04_OFF,OFF,native,OPERATE,134,1.538,6.035,7.573,0.353
r04,r04_OFF,OFF,native,READ,135,0.454,3.2,3.654,20.568
r04,r04_OFF,OFF,native,READ,136,0.5,3.977,4.477,20.539
r04,r04_OFF,OFF,native,READ,137,0.492,3.976,4.468,20.527
r04,r04_OFF,OFF,native,READ,138,0.558,3.946,4.504,20.53
r04,r04_OFF,OFF,native,READ,139,3.676,5.297,8.973,20.527
r04,r04_OFF,OFF,native,READ,140,0.462,4.183,4.645,20.499
r04,r04_OFF,OFF,native,SELECT,141,0.495,1.112,1.607,20.634
r04,r04_OFF,OFF,native,OPERATE,142,1.288,1.876,3.164,0.369
r04,r04_OFF,OFF,native,READ,143,0.529,2.055,2.584,20.543
r04,r04_OFF,OFF,native,READ,144,4.45,1.108,5.558,20.515
r04,r04_OFF,OFF,native,READ,145,0.57,1.091,1.661,20.517
r04,r04_OFF,OFF,native,READ,146,0.544,2.287,2.831,20.511
r04,r04_OFF,OFF,native,READ,147,0.556,1.101,1.657,20.499
r04,r04_OFF,OFF,native,READ,148,0.576,2.104,2.68,20.499
r04,r04_OFF,OFF,native,READ,149,0.567,1.104,1.671,20.509
r04,r04_OFF,OFF,native,SELECT,150,0.633,2.033,2.666,20.707
r04,r04_OFF,OFF,native,OPERATE,151,0.488,1.908,2.396,0.374
r04,r04_OFF,OFF,native,READ,152,1.569,1.094,2.663,20.612
r04,r04_OFF,OFF,native,READ,153,0.519,1.157,1.676,20.509
r04,r04_OFF,OFF,native,READ,154,3.134,1.133,4.267,20.496
r04,r04_OFF,OFF,native,READ,155,0.516,2.058,2.574,20.436
r04,r04_OFF,OFF,native,READ,156,0.571,1.259,1.83,20.522
r04,r04_OFF,OFF,native,SELECT,157,0.576,3.904,4.48,20.614
r04,r04_OFF,OFF,native,OPERATE,158,0.574,6.044,6.618,0.354
r04,r04_OFF,OFF,native,READ,159,0.553,11.798,12.351,20.546
r04,r04_OFF,OFF,native,READ,160,0.53,4.921,5.451,20.505
r04,r04_OFF,OFF,native,READ,161,0.502,3.883,4.385,20.486
r04,r04_OFF,OFF,native,READ,162,0.564,3.898,4.462,20.502
r04,r04_OFF,OFF,native,READ,163,2.319,2.245,4.564,20.5
r04,r04_OFF,OFF,native,READ,164,0.565,3.954,4.519,20.5
r04,r04_OFF,OFF,native,READ,165,0.567,1.101,1.668,20.465
r04,r04_OFF,OFF,native,SELECT,166,0.632,2.008,2.64,20.611
r04,r04_OFF,OFF,native,OPERATE,167,0.518,3.023,3.541,0.354
r04,r04_OFF,OFF,native,READ,168,0.497,1.174,1.671,20.552
r04,r04_OFF,OFF,native,READ,169,0.484,1.192,1.676,20.535
r04,r04_OFF,OFF,native,READ,170,1.571,1.092,2.663,20.499
r04,r04_OFF,OFF,native,READ,171,0.558,1.3,1.858,20.426
r04,r04_OFF,OFF,native,READ,172,0.54,2.081,2.621,20.501
r04,r04_OFF,OFF,native,SELECT,173,0.562,1.118,1.68,20.603
r04,r04_OFF,OFF,native,OPERATE,174,1.531,1.873,3.404,0.372
r04,r04_OFF,OFF,native,READ,175,0.46,2.133,2.593,20.545
r04,r04_OFF,OFF,native,READ,176,0.72,1.092,1.812,20.507
r04,r04_OFF,OFF,native,READ,177,0.589,4.469,5.058,20.575
r04,r04_OFF,OFF,native,READ,178,0.487,2.167,2.654,20.498
r04,r04_OFF,OFF,native,READ,179,0.577,1.406,1.983,20.511
r04,r04_OFF,OFF,native,SELECT,180,0.509,3.004,3.513,20.615
r04,r04_OFF,OFF,native,OPERATE,181,0.579,4.978,5.557,0.356
r04,r04_OFF,OFF,native,READ,182,0.576,3.061,3.637,20.546
r04,r04_OFF,OFF,native,READ,183,0.496,4.117,4.613,20.502
r04,r04_OFF,OFF,native,READ,184,0.504,4.014,4.518,20.501
r04,r04_OFF,OFF,native,READ,185,0.503,3.859,4.362,20.5
r04,r04_OFF,OFF,native,READ,186,0.524,3.987,4.511,20.506
r04,r04_OFF,OFF,native,SELECT,187,0.5,3.923,4.423,20.61
r04,r04_OFF,OFF,native,OPERATE,188,0.571,5.777,6.348,0.353
r04,r04_OFF,OFF,native,READ,189,0.454,1.24,1.694,20.547
r04,r04_OFF,OFF,native,READ,190,0.561,1.092,1.653,20.508
r04,r04_OFF,OFF,native,READ,191,1.548,1.247,2.795,20.511
r04,r04_OFF,OFF,native,READ,192,0.513,1.09,1.603,20.52
r04,r04_OFF,OFF,native,READ,193,2.225,1.106,3.331,20.502
r04,r04_OFF,OFF,native,SELECT,194,0.561,1.039,1.6,20.613
r04,r04_OFF,OFF,native,OPERATE,195,1.373,1.877,3.25,0.352
r04,r04_OFF,OFF,native,READ,196,0.534,2.077,2.611,20.557
r04,r04_OFF,OFF,native,READ,197,0.497,1.168,1.665,20.507
r04,r04_OFF,OFF,native,READ,198,0.557,1.112,1.669,20.433
r04,r04_OFF,OFF,native,READ,199,1.494,1.136,2.63,20.505
r04,r04_OFF,OFF,native,READ,200,0.565,1.091,1.656,20.5
r04,r04_OFF,OFF,native,READ,201,0.522,2.108,2.63,20.499
r04,r04_OFF,OFF,native,SELECT,202,0.465,1.12,1.585,20.7
r04,r04_OFF,OFF,native,OPERATE,203,0.488,2.971,3.459,0.37
r04,r04_OFF,OFF,native,READ,204,0.536,2.44,2.976,20.557
r04,r04_OFF,OFF,native,READ,205,0.568,2.204,2.772,20.511
r04,r04_OFF,OFF,native,READ,206,0.501,3.992,4.493,20.51
r04,r04_OFF,OFF,native,READ,207,0.507,4.121,4.628,20.53
r04,r04_OFF,OFF,native,READ,208,0.483,9.902,10.385,20.523
r04,r04_OFF,OFF,native,READ,209,0.53,8.998,9.528,20.516
r04,r04_OFF,OFF,native,READ,210,0.483,8.176,8.659,20.499
r04,r04_OFF,OFF,native,READ,211,0.484,8.862,9.346,20.522
r04,r04_OFF,OFF,native,SELECT,212,0.507,8.786,9.293,20.637
r04,r04_OFF,OFF,native,OPERATE,213,1.496,9.814,11.31,0.353
r04,r04_OFF,OFF,native,READ,214,0.452,12.113,12.565,20.55
r04,r04_OFF,OFF,native,READ,215,0.502,1.162,1.664,20.486
r04,r04_OFF,OFF,native,READ,216,2.188,1.129,3.317,20.498
r04,r04_OFF,OFF,native,READ,217,0.562,1.077,1.639,20.505
r04,r04_OFF,OFF,native,READ,218,0.525,2.127,2.652,20.443
r04,r04_OFF,OFF,native,READ,219,0.489,1.576,2.065,20.51
r04,r04_OFF,OFF,native,READ,220,0.553,2.067,2.62,20.507
r04,r04_OFF,OFF,native,SELECT,221,0.577,1.07,1.647,20.619
r04,r04_OFF,OFF,native,OPERATE,222,1.481,1.861,3.342,0.354
r04,r04_OFF,OFF,native,READ,223,0.564,2.109,2.673,20.553
r04,r04_OFF,OFF,native,READ,224,0.633,1.091,1.724,20.498
r04,r04_OFF,OFF,native,READ,225,0.617,1.258,1.875,20.503
r04,r04_OFF,OFF,native,READ,226,2.361,7.603,9.964,20.507
r04,r04_OFF,OFF,native,READ,227,0.488,8.943,9.431,20.565
r04,r04_OFF,OFF,native,READ,228,0.568,8.18,8.748,20.507
r04,r04_OFF,OFF,native,READ,229,0.493,4.119,4.612,20.521
r04,r04_OFF,OFF,native,READ,230,0.499,3.832,4.331,20.508
r04,r04_OFF,OFF,native,SELECT,231,0.499,3.851,4.35,20.623
r04,r04_OFF,OFF,native,OPERATE,232,0.495,4.808,5.303,0.353
r04,r04_OFF,OFF,native,READ,233,0.575,3.018,3.593,20.551
r04,r04_OFF,OFF,native,READ,234,0.551,3.94,4.491,20.484
r04,r04_OFF,OFF,native,READ,235,0.555,3.932,4.487,20.509
r04,r04_OFF,OFF,native,READ,236,0.493,1.17,1.663,20.51
r04,r04_OFF,OFF,native,READ,237,0.521,2.13,2.651,20.507
r04,r04_OFF,OFF,native,READ,238,0.489,1.171,1.66,20.493
r04,r04_OFF,OFF,native,READ,239,0.454,6.398,6.852,20.522
r04,r04_OFF,OFF,native,SELECT,240,0.576,1.029,1.605,20.611
r04,r04_OFF,OFF,native,OPERATE,241,0.487,2.871,3.358,0.357
r04,r04_OFF,OFF,native,READ,242,0.566,1.099,1.665,20.537
r04,r04_OFF,OFF,native,READ,243,0.617,2.101,2.718,20.499
r04,r04_OFF,OFF,native,READ,244,0.488,1.168,1.656,20.53
r04,r04_OFF,OFF,native,READ,245,0.528,2.064,2.592,20.491
r04,r04_OFF,OFF,native,READ,246,0.559,1.106,1.665,20.526
r04,r04_OFF,OFF,native,READ,247,0.462,1.17,1.632,20.502
r04,r04_OFF,OFF,native,SELECT,248,1.547,2.058,3.605,20.605
r04,r04_OFF,OFF,native,OPERATE,249,1.539,4.982,6.521,0.352
r04,r04_OFF,OFF,native,READ,250,0.458,3.354,3.812,20.542
r04,r04_OFF,OFF,native,READ,251,0.494,2.772,3.266,20.531
r04,r04_OFF,OFF,native,READ,252,1.581,2.865,4.446,20.552
r04,r04_OFF,OFF,native,READ,253,1.57,3.94,5.51,20.502
r04,r04_OFF,OFF,native,READ,254,1.968,2.708,4.676,20.497
r04,r04_OFF,OFF,native,SELECT,255,0.53,2.63,3.16,20.632
r04,r04_OFF,OFF,native,OPERATE,256,1.1,1.93,3.03,0.351
r04,r04_OFF,OFF,native,READ,257,0.451,2.141,2.592,20.57
r04,r04_OFF,OFF,native,READ,258,0.555,1.104,1.659,20.515
r04,r04_OFF,OFF,native,READ,259,0.475,1.179,1.654,20.509
r04,r04_OFF,OFF,native,READ,260,1.531,1.23,2.761,20.508
r04,r04_OFF,OFF,native,READ,261,0.45,1.213,1.663,20.515
r04,r04_OFF,OFF,native,SELECT,262,0.485,2.135,2.62,20.613
r04,r04_OFF,OFF,native,OPERATE,263,0.493,2.899,3.392,0.368
r04,r04_OFF,OFF,native,READ,264,0.569,1.087,1.656,20.551
r04,r04_OFF,OFF,native,READ,265,0.562,2.101,2.663,20.56
r04,r04_OFF,OFF,native,READ,266,0.63,1.103,1.733,20.503
r04,r04_OFF,OFF,native,READ,267,0.499,1.165,1.664,20.504
r04,r04_OFF,OFF,native,READ,268,0.48,2.149,2.629,20.52
r04,r04_OFF,OFF,native,READ,269,0.564,1.099,1.663,20.499
r04,r04_OFF,OFF,native,READ,270,0.545,2.089,2.634,20.522
r04,r04_OFF,OFF,native,READ,271,0.581,1.087,1.668,20.519
r04,r04_OFF,OFF,native,SELECT,272,0.538,5.043,5.581,20.611
r04,r04_OFF,OFF,native,OPERATE,273,1.261,1.85,3.111,0.303
r04,r04_OFF,OFF,native,READ,274,0.496,6.665,7.161,20.518
r04,r04_OFF,OFF,native,READ,275,0.586,8.406,8.992,20.507
r04,r04_OFF,OFF,native,READ,276,0.576,3.959,4.535,20.428
r04,r04_OFF,OFF,native,READ,277,0.568,3.85,4.418,20.575
r04,r04_OFF,OFF,native,READ,278,0.565,4.116,4.681,20.536
r04,r04_OFF,OFF,native,READ,279,0.501,3.836,4.337,20.521
r04,r04_OFF,OFF,native,READ,280,0.559,1.097,1.656,20.512
r04,r04_OFF,OFF,native,READ,281,0.524,2.121,2.645,20.509
r04,r04_OFF,OFF,native,SELECT,282,0.497,1.097,1.594,20.616
r04,r04_OFF,OFF,native,OPERATE,283,0.543,2.889,3.432,0.352
r04,r04_OFF,OFF,native,READ,284,1.081,2.373,3.454,20.498
r04,r04_OFF,OFF,native,READ,285,0.569,1.097,1.666,20.461
r04,r04_OFF,OFF,native,READ,286,0.547,1.164,1.711,20.509
r04,r04_OFF,OFF,native,READ,287,1.555,1.098,2.653,20.529
r04,r04_OFF,OFF,native,READ,288,0.596,1.159,1.755,20.507
r04,r04_OFF,OFF,native,READ,289,0.57,2.063,2.633,20.505
r04,r04_OFF,OFF,native,SELECT,290,0.561,1.035,1.596,20.609
r04,r04_OFF,OFF,native,OPERATE,291,0.445,2.943,3.388,0.352
r04,r04_OFF,OFF,native,READ,292,0.497,1.12,1.617,20.557
r04,r04_OFF,OFF,native,READ,293,1.605,1.108,2.713,20.508
r04,r04_OFF,OFF,native,READ,294,3.621,1.257,4.878,20.507
r04,r04_OFF,OFF,native,READ,295,0.553,1.11,1.663,20.516
r04,r04_OFF,OFF,native,READ,296,1.496,5.326,6.822,20.511
r04,r04_OFF,OFF,native,READ,297,0.498,4.088,4.586,20.507
r04,r04_OFF,OFF,native,READ,298,0.481,12.977,13.458,20.515
r04,r04_OFF,OFF,native,SELECT,299,0.51,4.703,5.213,20.637
r04,r04_OFF,OFF,native,OPERATE,300,1.492,5.05,6.542,0.304
r04,r04_OFF,OFF,native,READ,301,0.529,3.163,3.692,20.552
r04,r04_OFF,OFF,native,READ,302,0.519,3.877,4.396,20.564
r04,r04_OFF,OFF,native,READ,303,0.497,1.177,1.674,20.5
r04,r04_OFF,OFF,native,READ,304,0.52,1.168,1.688,20.527
r04,r04_OFF,OFF,native,READ,305,1.571,1.092,2.663,20.529
r04,r04_OFF,OFF,native,SELECT,306,0.53,1.032,1.562,20.529
r04,r04_OFF,OFF,native,OPERATE,307,1.569,1.917,3.486,0.353
r04,r04_OFF,OFF,native,READ,308,0.542,2.106,2.648,20.562
r04,r04_OFF,OFF,native,READ,309,0.573,1.242,1.815,20.5
r04,r04_OFF,OFF,native,READ,310,0.498,2.09,2.588,20.505
r04,r04_OFF,OFF,native,READ,311,0.762,1.083,1.845,20.515
r04,r04_OFF,OFF,native,READ,312,0.562,1.102,1.664,20.522
r04,r04_OFF,OFF,native,READ,313,0.531,2.278,2.809,20.5
r04,r04_OFF,OFF,native,SELECT,314,0.529,1.055,1.584,20.59
r04,r04_OFF,OFF,native,OPERATE,315,1.575,1.774,3.349,0.352
r04,r04_OFF,OFF,native,READ,316,0.58,2.9,3.48,20.5
r04,r04_OFF,OFF,native,READ,317,0.571,1.098,1.669,20.446
r04,r04_OFF,OFF,native,READ,318,0.61,2.105,2.715,20.5
r04,r04_OFF,OFF,native,READ,319,0.51,3.992,4.502,20.522
r04,r04_OFF,OFF,native,READ,320,0.5,3.839,4.339,20.512
r04,r04_OFF,OFF,native,READ,321,0.455,3.967,4.422,20.504
r04,r04_OFF,OFF,native,READ,322,0.564,4.1,4.664,20.443
r04,r04_OFF,OFF,native,READ,323,0.517,8.794,9.311,20.497
r04,r04_OFF,OFF,native,READ,324,0.567,3.957,4.524,20.499
r04,r04_OFF,OFF,native,SELECT,325,0.571,3.787,4.358,20.61
r04,r04_OFF,OFF,native,OPERATE,326,0.501,4.142,4.643,0.353
r04,r04_OFF,OFF,native,READ,327,0.521,2.103,2.624,20.613
r04,r04_OFF,OFF,native,READ,328,0.565,1.178,1.743,20.523
r04,r04_OFF,OFF,native,READ,329,0.495,1.171,1.666,20.504
r04,r04_OFF,OFF,native,READ,330,0.556,2.107,2.663,20.501
r04,r04_OFF,OFF,native,READ,331,0.559,1.1,1.659,20.504
r04,r04_OFF,OFF,native,SELECT,332,3.995,1.189,5.184,20.607
r04,r04_OFF,OFF,native,OPERATE,333,1.199,1.913,3.112,0.353
r04,r04_OFF,OFF,native,READ,334,0.494,2.222,2.716,20.553
r04,r04_OFF,OFF,native,READ,335,0.552,1.098,1.65,20.458
r04,r04_OFF,OFF,native,READ,336,0.447,2.143,2.59,20.519
r04,r04_OFF,OFF,native,READ,337,0.734,1.101,1.835,20.511
r04,r04_OFF,OFF,native,READ,338,0.582,1.089,1.671,20.501
r04,r04_OFF,OFF,native,READ,339,0.474,2.192,2.666,20.514
r04,r04_OFF,OFF,native,READ,340,0.485,1.161,1.646,20.512
r04,r04_OFF,OFF,native,SELECT,341,0.447,2.17,2.617,20.63
r04,r04_OFF,OFF,native,OPERATE,342,0.555,5.114,5.669,0.351
r04,r04_OFF,OFF,native,READ,343,0.522,3.276,3.798,20.497
r04,r04_OFF,OFF,native,READ,344,0.525,4.136,4.661,20.501
r04,r04_OFF,OFF,native,READ,345,0.46,3.897,4.357,20.527
r04,r04_OFF,OFF,native,READ,346,0.501,3.972,4.473,20.506
r04,r04_OFF,OFF,native,READ,347,3.177,1.354,4.531,20.51
r04,r04_OFF,OFF,native,SELECT,348,0.57,3.771,4.341,20.543
r04,r04_OFF,OFF,native,OPERATE,349,0.56,5.966,6.526,0.353
r04,r04_OFF,OFF,native,READ,350,0.572,2.094,2.666,20.537
r04,r04_OFF,OFF,native,READ,351,0.49,2.171,2.661,20.499
r04,r04_OFF,OFF,native,READ,352,4.68,1.29,5.97,20.586
r04,r04_OFF,OFF,native,READ,353,0.492,2.162,2.654,20.425
r04,r04_OFF,OFF,native,READ,354,0.495,1.177,1.672,20.419
r04,r04_OFF,OFF,native,SELECT,355,0.502,1.084,1.586,20.611
r04,r04_OFF,OFF,native,OPERATE,356,1.353,1.916,3.269,0.306
r04,r04_OFF,OFF,native,READ,357,0.545,2.072,2.617,20.479
r04,r04_OFF,OFF,native,READ,358,0.454,1.214,1.668,20.501
r04,r04_OFF,OFF,native,READ,359,0.564,1.099,1.663,20.505
r04,r04_OFF,OFF,native,READ,360,1.54,1.091,2.631,20.522
r04,r04_OFF,OFF,native,READ,361,0.48,1.171,1.651,20.494
r04,r04_OFF,OFF,native,SELECT,362,4.54,2.641,7.181,20.514
r04,r04_OFF,OFF,native,OPERATE,363,0.513,4.201,4.714,0.354
r04,r04_OFF,OFF,native,READ,364,0.496,2.333,2.829,20.544
r04,r04_OFF,OFF,native,READ,365,0.533,1.096,1.629,20.496
r04,r04_OFF,OFF,native,READ,366,0.501,3.319,3.82,20.502
r04,r04_OFF,OFF,native,READ,367,0.459,12.963,13.422,20.509
r04,r04_OFF,OFF,native,READ,368,0.575,4.052,4.627,20.501
r04,r04_OFF,OFF,native,READ,369,0.557,3.916,4.473,20.496
r04,r04_OFF,OFF,native,READ,370,0.573,3.914,4.487,20.497
r04,r04_OFF,OFF,native,READ,371,3.285,6.224,9.509,20.509
r04,r04_OFF,OFF,native,SELECT,372,0.579,3.91,4.489,20.625
r04,r04_OFF,OFF,native,OPERATE,373,1.543,4.106,5.649,0.351
r04,r04_OFF,OFF,native,READ,374,0.494,1.177,1.671,20.573
r04,r04_OFF,OFF,native,READ,375,0.555,1.11,1.665,20.45
r04,r04_OFF,OFF,native,READ,376,2.535,1.114,3.649,20.517
r04,r04_OFF,OFF,native,READ,377,0.564,2.087,2.651,20.56
r04,r04_OFF,OFF,native,READ,378,0.574,6.093,6.667,20.503
r04,r04_OFF,OFF,native,SELECT,379,0.504,3.893,4.397,20.659
r04,r04_OFF,OFF,native,OPERATE,380,1.535,4.91,6.445,0.351
r04,r04_OFF,OFF,native,READ,381,1.007,2.779,3.786,20.546
r04,r04_OFF,OFF,native,READ,382,0.567,1.1,1.667,20.499
r04,r04_OFF,OFF,native,READ,383,0.5,1.177,1.677,20.524
r04,r04_OFF,OFF,native,READ,384,0.535,2.043,2.578,20.507
r04,r04_OFF,OFF,native,READ,385,0.556,1.104,1.66,20.508
r04,r04_OFF,OFF,native,SELECT,386,0.525,2.003,2.528,20.609
r04,r04_OFF,OFF,native,OPERATE,387,0.57,5.655,6.225,0.353
r04,r04_OFF,OFF,native,READ,388,0.499,3.558,4.057,20.469
r04,r04_OFF,OFF,native,READ,389,0.485,4.023,4.508,20.43
r04,r04_OFF,OFF,native,READ,390,0.539,3.955,4.494,20.509
r04,r04_OFF,OFF,native,READ,391,0.499,4.004,4.503,20.511
r04,r04_OFF,OFF,native,READ,392,0.545,4.206,4.751,20.496
r04,r04_OFF,OFF,native,READ,393,0.505,4.171,4.676,20.506
r04,r04_OFF,OFF,native,SELECT,394,0.576,8.431,9.007,20.625
r04,r04_OFF,OFF,native,OPERATE,395,1.132,1.948,3.08,0.352
r04,r04_OFF,OFF,native,READ,396,0.46,11.053,11.513,20.554
r04,r04_OFF,OFF,native,READ,397,0.494,8.481,8.975,20.506
r04,r04_OFF,OFF,native,READ,398,0.45,4.087,4.537,20.514
r04,r04_OFF,OFF,native,READ,399,0.499,1.166,1.665,20.512
r04,r04_OFF,OFF,native,READ,400,0.574,2.103,2.677,20.485
r04,r04_OFF,OFF,native,SELECT,401,0.573,1.03,1.603,20.625
r04,r04_OFF,OFF,native,OPERATE,402,1.53,1.863,3.393,0.352
r04,r04_OFF,OFF,native,READ,403,0.568,2.088,2.656,20.629
r04,r04_OFF,OFF,native,READ,404,0.566,1.098,1.664,20.501
r04,r04_OFF,OFF,native,READ,405,0.555,1.125,1.68,20.48
r04,r04_OFF,OFF,native,READ,406,0.497,2.182,2.679,20.506
r04,r04_OFF,OFF,native,READ,407,0.562,1.144,1.706,20.513
r04,r04_OFF,OFF,native,SELECT,408,0.582,1.948,2.53,20.624
r04,r04_OFF,OFF,native,OPERATE,409,0.553,3.005,3.558,0.353
r04,r04_OFF,OFF,native,READ,410,0.517,1.105,1.622,20.546
r04,r04_OFF,OFF,native,READ,411,0.554,5.286,5.84,20.499
r04,r04_OFF,OFF,native,READ,412,0.526,4.021,4.547,20.497
r04,r04_OFF,OFF,native,READ,413,0.455,3.994,4.449,20.521
r04,r04_OFF,OFF,native,READ,414,0.512,3.959,4.471,20.497
r04,r04_OFF,OFF,native,READ,415,0.462,4.198,4.66,20.508
r04,r04_OFF,OFF,native,READ,416,1.495,2.897,4.392,20.506
r04,r04_OFF,OFF,native,READ,417,0.454,4.15,4.604,20.519
r04,r04_OFF,OFF,native,SELECT,418,1.533,1.042,2.575,20.619
r04,r04_OFF,OFF,native,OPERATE,419,0.541,2.914,3.455,0.372
r04,r04_OFF,OFF,native,READ,420,0.571,1.106,1.677,20.568
r04,r04_OFF,OFF,native,READ,421,0.553,2.054,2.607,20.443
r04,r04_OFF,OFF,native,READ,422,0.519,1.17,1.689,20.432
r04,r04_OFF,OFF,native,READ,423,0.568,1.03,1.598,20.505
r04,r04_OFF,OFF,native,READ,424,0.548,6.211,6.759,20.453
r04,r04_OFF,OFF,native,READ,425,0.45,1.213,1.663,20.497
r04,r04_OFF,OFF,native,READ,426,0.48,2.286,2.766,20.533
r04,r04_OFF,OFF,native,READ,427,0.57,1.088,1.658,20.578
r04,r04_OFF,OFF,native,READ,428,0.521,2.108,2.629,20.504
r04,r04_OFF,OFF,native,SELECT,429,0.577,1.031,1.608,20.604
r04,r04_OFF,OFF,native,OPERATE,430,0.564,2.848,3.412,0.353
r04,r04_OFF,OFF,native,READ,431,0.556,1.098,1.654,20.548
r04,r04_OFF,OFF,native,READ,432,0.535,2.121,2.656,20.498
r04,r04_OFF,OFF,native,READ,433,0.497,1.175,1.672,20.531
r04,r04_OFF,OFF,native,READ,434,4.676,2.577,7.253,20.498
r04,r04_OFF,OFF,native,READ,435,0.501,3.957,4.458,20.517
r04,r04_OFF,OFF,native,READ,436,0.545,4.013,4.558,20.498
r04,r04_OFF,OFF,native,SELECT,437,0.501,3.857,4.358,20.639
r04,r04_OFF,OFF,native,OPERATE,438,0.548,4.621,5.169,0.352
r04,r04_OFF,OFF,native,READ,439,1.4,2.522,3.922,20.516
r04,r04_OFF,OFF,native,READ,440,0.51,3.936,4.446,20.509
r04,r04_OFF,OFF,native,READ,441,0.497,3.917,4.414,20.501
r04,r04_OFF,OFF,native,READ,442,0.558,1.021,1.579,20.497
r04,r04_OFF,OFF,native,READ,443,0.556,2.073,2.629,20.453
r04,r04_OFF,OFF,native,READ,444,0.499,1.179,1.678,20.52
r04,r04_OFF,OFF,native,READ,445,0.495,1.176,1.671,20.509
r04,r04_OFF,OFF,native,SELECT,446,1.536,1.026,2.562,20.603
r04,r04_OFF,OFF,native,OPERATE,447,0.438,2.964,3.402,0.355
r04,r04_OFF,OFF,native,READ,448,0.578,1.101,1.679,20.571
r04,r04_OFF,OFF,native,READ,449,0.478,2.126,2.604,20.426
r04,r04_OFF,OFF,native,READ,450,0.494,1.224,1.718,20.421
r04,r04_OFF,OFF,native,READ,451,0.564,1.079,1.643,20.496
r04,r04_OFF,OFF,native,READ,452,0.446,2.199,2.645,20.5
r04,r04_OFF,OFF,native,READ,453,0.547,1.102,1.649,20.522
r04,r04_OFF,OFF,native,READ,454,0.538,2.185,2.723,20.493
r04,r04_OFF,OFF,native,READ,455,0.495,1.172,1.667,20.524
r04,r04_OFF,OFF,native,SELECT,456,0.499,2.043,2.542,20.615
r04,r04_OFF,OFF,native,OPERATE,457,0.562,1.849,2.411,0.352
r04,r04_OFF,OFF,native,READ,458,0.574,6.307,6.881,20.472
r04,r04_OFF,OFF,native,READ,459,0.507,4.213,4.72,20.51
r04,r04_OFF,OFF,native,READ,460,0.49,3.99,4.48,20.526
r04,r04_OFF,OFF,native,READ,461,0.493,3.867,4.36,20.52
r04,r04_OFF,OFF,native,READ,462,0.501,4.153,4.654,20.491
r04,r04_OFF,OFF,native,READ,463,1.883,2.627,4.51,20.506
r04,r04_OFF,OFF,native,READ,464,0.489,3.837,4.326,20.498
r04,r04_OFF,OFF,native,READ,465,0.488,1.156,1.644,20.507
r04,r04_OFF,OFF,native,READ,466,0.497,2.143,2.64,20.517
r04,r04_OFF,OFF,native,SELECT,467,0.512,1.104,1.616,20.61
r04,r04_OFF,OFF,native,OPERATE,468,0.484,2.932,3.416,0.354
r04,r04_OFF,OFF,native,READ,469,0.499,1.24,1.739,20.576
r04,r04_OFF,OFF,native,READ,470,0.449,2.183,2.632,20.422
r04,r04_OFF,OFF,native,READ,471,0.494,1.323,1.817,20.506
r04,r04_OFF,OFF,native,READ,472,0.511,2.044,2.555,20.504
r04,r04_OFF,OFF,native,READ,473,0.619,1.1,1.719,20.507
r04,r04_OFF,OFF,native,READ,474,0.517,2.1,2.617,20.516
r04,r04_OFF,OFF,native,SELECT,475,0.655,1.028,1.683,20.628
r04,r04_OFF,OFF,native,OPERATE,476,0.555,3.004,3.559,0.353
r04,r04_OFF,OFF,native,READ,477,0.517,1.102,1.619,20.61
r04,r04_OFF,OFF,native,READ,478,0.57,2.084,2.654,20.506
r04,r04_OFF,OFF,native,READ,479,0.453,1.175,1.628,20.517
r04,r04_OFF,OFF,native,READ,480,0.488,2.214,2.702,20.514
r04,r04_OFF,OFF,native,READ,481,0.451,4.851,5.302,20.516
r04,r04_OFF,OFF,native,SELECT,482,0.494,3.93,4.424,20.605
r04,r04_OFF,OFF,native,OPERATE,483,0.46,4.081,4.541,0.372
r04,r04_OFF,OFF,native,READ,484,0.461,3.136,3.597,20.54
r04,r04_OFF,OFF,native,READ,485,0.568,3.924,4.492,20.508
r04,r04_OFF,OFF,native,READ,486,0.497,4.072,4.569,20.479
r04,r04_OFF,OFF,native,READ,487,0.571,3.89,4.461,20.533
r04,r04_OFF,OFF,native,READ,488,0.498,3.983,4.481,20.524
r04,r04_OFF,OFF,native,SELECT,489,0.556,1.041,1.597,20.629
r04,r04_OFF,OFF,native,OPERATE,490,1.697,1.817,3.514,0.357
r04,r04_OFF,OFF,native,READ,491,0.558,2.081,2.639,20.57
r04,r04_OFF,OFF,native,READ,492,0.526,1.086,1.612,20.459
r04,r04_OFF,OFF,native,READ,493,0.569,1.104,1.673,20.497
r04,r04_OFF,OFF,native,READ,494,0.561,2.065,2.626,20.421
r04,r04_OFF,OFF,native,READ,495,0.538,1.128,1.666,20.506
r04,r04_OFF,OFF,native,READ,496,0.479,2.194,2.673,20.525
r04,r04_OFF,OFF,native,READ,497,0.496,1.164,1.66,20.494
r04,r04_OFF,OFF,native,SELECT,498,0.519,1.033,1.552,20.623
r04,r04_OFF,OFF,native,OPERATE,499,1.095,2.004,3.099,0.352
r04,r04_OFF,OFF,native,READ,500,0.446,2.13,2.576,20.564
r04,r04_OFF,OFF,native,READ,501,0.577,1.105,1.682,20.495
r04,r04_OFF,OFF,native,READ,502,0.527,3.555,4.082,20.576
r04,r04_OFF,OFF,native,READ,503,0.5,1.174,1.674,20.535
r04,r04_OFF,OFF,native,READ,504,0.477,2.352,2.829,20.502
r04,r04_OFF,OFF,native,READ,505,0.57,3.86,4.43,20.431
r04,r04_OFF,OFF,native,SELECT,506,0.572,3.72,4.292,20.629
r04,r04_OFF,OFF,native,OPERATE,507,0.497,4.62,5.117,0.372
r04,r04_OFF,OFF,native,READ,508,0.489,3.291,3.78,20.548
r04,r04_OFF,OFF,native,READ,509,0.502,3.903,4.405,20.515
r04,r04_OFF,OFF,native,READ,510,0.511,3.897,4.408,20.53
r04,r04_OFF,OFF,native,READ,511,0.57,3.953,4.523,20.515
r04,r04_OFF,OFF,native,READ,512,0.568,1.101,1.669,20.514
r04,r04_OFF,OFF,native,READ,513,0.558,2.097,2.655,20.495
r04,r04_OFF,OFF,native,READ,514,0.449,1.205,1.654,20.437
r04,r04_OFF,OFF,native,SELECT,515,0.601,2.232,2.833,20.614
r04,r04_OFF,OFF,native,OPERATE,516,0.523,2.832,3.355,0.351
r04,r04_OFF,OFF,native,READ,517,0.56,1.094,1.654,20.556
r04,r04_OFF,OFF,native,READ,518,0.545,5.271,5.816,20.496
r04,r04_OFF,OFF,native,READ,519,0.478,2.18,2.658,20.505
r04,r04_OFF,OFF,native,READ,520,0.554,1.092,1.646,20.545
r04,r04_OFF,OFF,native,READ,521,0.494,2.089,2.583,20.498
r04,r04_OFF,OFF,native,READ,522,0.574,1.028,1.602,20.5
r04,r04_OFF,OFF,native,READ,523,0.567,1.102,1.669,20.446
r04,r04_OFF,OFF,native,SELECT,524,1.528,0.993,2.521,20.612
r04,r04_OFF,OFF,native,OPERATE,525,0.559,2.904,3.463,0.353
r04,r04_OFF,OFF,native,READ,526,0.528,1.145,1.673,20.546
r04,r04_OFF,OFF,native,READ,527,0.477,2.127,2.604,20.6
r04,r04_OFF,OFF,native,READ,528,4.641,1.99,6.631,20.502
r04,r04_OFF,OFF,native,READ,529,0.459,3.726,4.185,20.524
r04,r04_OFF,OFF,native,READ,530,0.493,3.989,4.482,20.523
r04,r04_OFF,OFF,native,READ,531,0.562,3.994,4.556,20.531
r04,r04_OFF,OFF,native,READ,532,0.574,12.991,13.565,20.512
r04,r04_OFF,OFF,native,SELECT,533,1.499,4.816,6.315,20.608
r04,r04_OFF,OFF,native,OPERATE,534,0.529,4.37,4.899,0.352
r04,r04_OFF,OFF,native,READ,535,0.522,3.174,3.696,20.571
r04,r04_OFF,OFF,native,READ,536,0.561,1.103,1.664,20.507
r04,r04_OFF,OFF,native,READ,537,0.529,2.343,2.872,20.508
r04,r04_OFF,OFF,native,READ,538,0.566,1.105,1.671,20.497
r04,r04_OFF,OFF,native,READ,539,0.51,2.134,2.644,20.52
r04,r04_OFF,OFF,native,READ,540,0.568,1.033,1.601,20.497
r04,r04_OFF,OFF,native,READ,541,0.56,1.098,1.658,20.506
r04,r04_OFF,OFF,native,SELECT,542,0.534,1.992,2.526,20.617
r04,r04_OFF,OFF,native,OPERATE,543,0.58,2.845,3.425,0.354
r04,r04_OFF,OFF,native,READ,544,0.569,1.115,1.684,20.547
r04,r04_OFF,OFF,native,READ,545,0.456,2.135,2.591,20.5
r04,r04_OFF,OFF,native,READ,546,0.751,1.096,1.847,20.54
r04,r04_OFF,OFF,native,READ,547,3.419,5.738,9.157,20.511
r04,r04_OFF,OFF,native,READ,548,0.501,8.929,9.43,20.517
r04,r04_OFF,OFF,native,READ,549,0.559,4.079,4.638,20.512
r04,r04_OFF,OFF,native,SELECT,550,1.573,8.725,10.298,20.611
r04,r04_OFF,OFF,native,OPERATE,551,0.489,23.986,24.475,0.354
r04,r04_OFF,OFF,native,READ,552,0.574,4.646,5.22,20.62
r04,r04_OFF,OFF,native,READ,553,0.544,3.252,3.796,20.503
r04,r04_OFF,OFF,native,READ,554,0.507,3.984,4.491,20.517
r04,r04_OFF,OFF,native,READ,555,0.503,4.138,4.641,20.513
r04,r04_OFF,OFF,native,READ,556,0.572,3.961,4.533,20.498
r04,r04_OFF,OFF,native,READ,557,0.5,3.912,4.412,20.499
r04,r04_OFF,OFF,native,READ,558,0.574,3.818,4.392,20.493
r04,r04_OFF,OFF,native,READ,559,1.924,2.298,4.222,20.492
r04,r04_OFF,OFF,native,SELECT,560,0.555,1.032,1.587,20.612
r04,r04_OFF,OFF,native,OPERATE,561,0.486,3.021,3.507,0.355
r04,r04_OFF,OFF,native,READ,562,0.486,1.187,1.673,20.546
r04,r04_OFF,OFF,native,READ,563,0.491,2.138,2.629,20.521
r04,r04_OFF,OFF,native,READ,564,0.565,1.844,2.409,20.497
r04,r04_OFF,OFF,native,READ,565,0.49,2.902,3.392,20.525
r04,r04_OFF,OFF,native,READ,566,0.56,4.978,5.538,20.511
r04,r04_OFF,OFF,native,READ,567,0.484,2.174,2.658,20.517
r04,r04_OFF,OFF,native,SELECT,568,0.507,1.106,1.613,20.623
r04,r04_OFF,OFF,native,OPERATE,569,0.437,3.111,3.548,0.353
r04,r04_OFF,OFF,native,READ,570,0.496,2.177,2.673,20.562
r04,r04_OFF,OFF,native,READ,571,0.542,1.093,1.635,20.51
r04,r04_OFF,OFF,native,READ,572,0.577,4.272,4.849,20.504
r04,r04_OFF,OFF,native,READ,573,0.45,4.024,4.474,20.525
r04,r04_OFF,OFF,native,READ,574,2.967,1.608,4.575,20.52
r04,r04_OFF,OFF,native,SELECT,575,0.505,3.733,4.238,20.619
r04,r04_OFF,OFF,native,OPERATE,576,0.58,6.097,6.677,0.352
r04,r04_OFF,OFF,native,READ,577,0.576,1.905,2.481,20.606
r04,r04_OFF,OFF,native,READ,578,0.503,3.988,4.491,20.495
r04,r04_OFF,OFF,native,READ,579,2.926,1.568,4.494,20.506
r04,r04_OFF,OFF,native,READ,580,0.485,2.181,2.666,20.495
r04,r04_OFF,OFF,native,READ,581,0.737,1.099,1.836,20.469
r04,r04_OFF,OFF,native,SELECT,582,0.527,2.001,2.528,20.615
r04,r04_OFF,OFF,native,OPERATE,583,0.488,2.948,3.436,0.356
r04,r04_OFF,OFF,native,READ,584,0.578,1.359,1.937,20.547
r04,r04_OFF,OFF,native,READ,585,0.571,1.099,1.67,20.52
r04,r04_OFF,OFF,native,READ,586,1.618,1.078,2.696,20.523
r04,r04_OFF,OFF,native,READ,587,0.533,1.082,1.615,20.509
r04,r04_OFF,OFF,native,READ,588,0.573,2.075,2.648,20.507
r04,r04_OFF,OFF,native,SELECT,589,2.202,2.027,4.229,20.612
r04,r04_OFF,OFF,native,OPERATE,590,0.482,2.963,3.445,0.354
r04,r04_OFF,OFF,native,READ,591,0.453,1.171,1.624,20.587
r04,r04_OFF,OFF,native,READ,592,0.571,1.096,1.667,20.51
r04,r04_OFF,OFF,native,READ,593,0.526,2.098,2.624,20.503
r04,r04_OFF,OFF,native,READ,594,0.567,1.105,1.672,20.507
r04,r04_OFF,OFF,native,READ,595,0.487,2.147,2.634,20.422
r04,r04_OFF,OFF,native,READ,596,0.505,2.144,2.649,20.514
r04,r04_OFF,OFF,native,READ,597,0.57,3.895,4.465,20.527
r04,r04_OFF,OFF,native,SELECT,598,0.574,3.609,4.183,20.591
r04,r04_OFF,OFF,native,OPERATE,599,1.544,4.958,6.502,0.353
r04,r04_OFF,OFF,native,READ,600,0.818,2.787,3.605,20.555
r04,r04_OFF,OFF,native,READ,601,0.494,4.016,4.51,20.547
r04,r04_OFF,OFF,native,READ,602,0.46,4.052,4.512,20.559
r04,r04_OFF,OFF,native,READ,603,0.464,3.919,4.383,20.496
r04,r04_OFF,OFF,native,READ,604,0.502,1.149,1.651,20.522
r04,r04_OFF,OFF,native,READ,605,0.508,1.162,1.67,20.515
r04,r04_OFF,OFF,native,SELECT,606,0.466,2.117,2.583,20.622
r04,r04_OFF,OFF,native,OPERATE,607,0.487,2.971,3.458,0.353
r04,r04_OFF,OFF,native,READ,608,0.586,1.655,2.241,20.544
r04,r04_OFF,OFF,native,READ,609,0.496,2.191,2.687,20.505
r04,r04_OFF,OFF,native,READ,610,0.707,1.14,1.847,20.44
r04,r04_OFF,OFF,native,READ,611,0.557,2.067,2.624,20.498
r04,r04_OFF,OFF,native,READ,612,0.524,1.144,1.668,20.501
r04,r04_OFF,OFF,native,READ,613,0.573,1.098,1.671,20.501
r04,r04_OFF,OFF,native,READ,614,1.728,1.094,2.822,20.496
r04,r04_OFF,OFF,native,SELECT,615,0.576,0.992,1.568,20.605
r04,r04_OFF,OFF,native,OPERATE,616,1.511,1.878,3.389,0.354
r04,r04_OFF,OFF,native,READ,617,0.554,2.082,2.636,20.551
r04,r04_OFF,OFF,native,READ,618,0.572,1.104,1.676,20.496
r04,r04_OFF,OFF,native,READ,619,0.561,1.157,1.718,20.419
r04,r04_OFF,OFF,native,READ,620,1.483,4.35,5.833,20.509
r04,r04_OFF,OFF,native,READ,621,0.493,3.995,4.488,20.489
r04,r04_OFF,OFF,native,SELECT,622,0.527,2.658,3.185,20.601
r04,r04_OFF,OFF,native,OPERATE,623,1.095,1.973,3.068,0.353
r04,r04_OFF,OFF,native,READ,624,0.523,6.546,7.069,20.56
r04,r04_OFF,OFF,native,READ,625,0.458,4.055,4.513,20.535
r04,r04_OFF,OFF,native,READ,626,0.452,3.958,4.41,20.515
r04,r04_OFF,OFF,native,READ,627,0.527,3.925,4.452,20.577
r04,r04_OFF,OFF,native,READ,628,0.519,1.099,1.618,20.528
r04,r04_OFF,OFF,native,SELECT,629,0.503,2.105,2.608,20.608
r04,r04_OFF,OFF,native,OPERATE,630,0.489,1.959,2.448,0.377
r04,r04_OFF,OFF,native,READ,631,1.562,1.075,2.637,20.592
r04,r04_OFF,OFF,native,READ,632,0.45,1.262,1.712,20.511
r04,r04_OFF,OFF,native,READ,633,0.485,2.135,2.62,20.526
r04,r04_OFF,OFF,native,READ,634,0.527,5.421,5.948,20.501
r04,r04_OFF,OFF,native,READ,635,0.517,2.061,2.578,20.527
r04,r04_OFF,OFF,native,READ,636,0.568,1.154,1.722,20.53
r04,r04_OFF,OFF,native,READ,637,0.485,1.169,1.654,20.424
r04,r04_OFF,OFF,native,SELECT,638,1.499,1.211,2.71,20.61
r04,r04_OFF,OFF,native,OPERATE,639,0.544,2.861,3.405,0.354
r04,r04_OFF,OFF,native,READ,640,0.559,1.093,1.652,20.549
r04,r04_OFF,OFF,native,READ,641,0.494,3.109,3.603,20.492
r04,r04_OFF,OFF,native,READ,642,0.497,1.17,1.667,20.514
r04,r04_OFF,OFF,native,READ,643,0.56,2.165,2.725,20.522
r04,r04_OFF,OFF,native,READ,644,2.5,6.581,9.081,20.495
r04,r04_OFF,OFF,native,SELECT,645,0.504,3.929,4.433,20.624
r04,r04_OFF,OFF,native,OPERATE,646,0.496,4.826,5.322,0.374
r04,r04_OFF,OFF,native,READ,647,1.536,2.279,3.815,20.548
r04,r04_OFF,OFF,native,READ,648,0.485,3.916,4.401,20.504
r04,r04_OFF,OFF,native,READ,649,0.5,4.013,4.513,20.51
r04,r04_OFF,OFF,native,READ,650,0.57,3.921,4.491,20.498
r04,r04_OFF,OFF,native,READ,651,0.482,2.179,2.661,20.519
r04,r04_OFF,OFF,native,READ,652,0.7,1.1,1.8,20.59
r04,r04_OFF,OFF,native,READ,653,0.526,2.063,2.589,20.498
r04,r04_OFF,OFF,native,SELECT,654,0.575,1.101,1.676,20.616
r04,r04_OFF,OFF,native,OPERATE,655,0.48,2.915,3.395,0.354
r04,r04_OFF,OFF,native,READ,656,0.57,4.083,4.653,20.528
r04,r04_OFF,OFF,native,READ,657,0.495,1.104,1.599,20.48
r04,r04_OFF,OFF,native,READ,658,0.451,2.301,2.752,20.443
r04,r04_OFF,OFF,native,READ,659,0.502,1.147,1.649,20.5
r04,r04_OFF,OFF,native,READ,660,0.452,2.062,2.514,20.436
r04,r04_OFF,OFF,native,READ,661,0.822,1.151,1.973,20.447
r04,r04_OFF,OFF,native,READ,662,0.455,1.336,1.791,20.431
r04,r04_OFF,OFF,native,READ,663,0.478,2.115,2.593,20.445
r04,r04_OFF,OFF,native,READ,664,0.46,1.267,1.727,20.459
r04,r04_OFF,OFF,native,SELECT,665,0.487,2.097,2.584,20.549
r04,r04_OFF,OFF,native,OPERATE,666,0.498,1.913,2.411,0.315
r04,r04_OFF,OFF,native,READ,667,1.572,1.93,3.502,20.503
r04,r04_OFF,OFF,native,READ,668,0.566,4.143,4.709,20.468
r04,r04_OFF,OFF,native,READ,669,0.502,3.87,4.372,20.472
r04,r04_OFF,OFF,native,READ,670,0.576,3.93,4.506,20.465
r04,r04_OFF,OFF,native,READ,671,0.574,4.143,4.717,20.473
r04,r04_OFF,OFF,native,READ,672,0.569,3.821,4.39,20.47
r04,r04_OFF,OFF,native,SELECT,673,0.504,3.858,4.362,20.57
r04,r04_OFF,OFF,native,OPERATE,674,0.58,5.835,6.415,0.305
r04,r04_OFF,OFF,native,READ,675,0.5,1.169,1.669,20.506
r04,r04_OFF,OFF,native,READ,676,0.494,1.163,1.657,20.458
r04,r04_OFF,OFF,native,READ,677,1.573,1.155,2.728,20.562
r04,r04_OFF,OFF,native,READ,678,3.674,1.166,4.84,20.525
r04,r04_OFF,OFF,native,READ,679,0.614,2.274,2.888,20.504
r04,r04_OFF,OFF,native,SELECT,680,0.687,1.047,1.734,20.609
r04,r04_OFF,OFF,native,OPERATE,681,0.48,2.991,3.471,0.35
r04,r04_OFF,OFF,native,READ,682,0.55,1.136,1.686,20.57
r04,r04_OFF,OFF,native,READ,683,0.569,2.119,2.688,20.497
r04,r04_OFF,OFF,native,READ,684,0.548,1.096,1.644,20.499
r04,r04_OFF,OFF,native,READ,685,0.567,2.144,2.711,20.5
r04,r04_OFF,OFF,native,READ,686,0.454,1.167,1.621,20.537
r04,r04_OFF,OFF,native,READ,687,0.561,1.112,1.673,20.507
r04,r04_OFF,OFF,native,SELECT,688,3.46,2.539,5.999,20.614
r04,r04_OFF,OFF,native,OPERATE,689,0.571,4.671,5.242,0.357
r04,r04_OFF,OFF,native,READ,690,0.525,1.096,1.621,20.552
r04,r04_OFF,OFF,native,READ,691,1.539,5.044,6.583,20.505
r04,r04_OFF,OFF,native,READ,692,0.499,4.007,4.506,20.497
r04,r04_OFF,OFF,native,READ,693,2.172,2.536,4.708,20.502
r04,r04_OFF,OFF,native,READ,694,0.494,3.858,4.352,20.515
r04,r04_OFF,OFF,native,SELECT,695,0.5,3.772,4.272,20.615
r04,r04_OFF,OFF,native,OPERATE,696,0.575,4.083,4.658,0.349
r04,r04_OFF,OFF,native,READ,697,0.509,3.158,3.667,20.565
r04,r04_OFF,OFF,native,READ,698,3.844,5.651,9.495,20.509
r04,r04_OFF,OFF,native,READ,699,0.451,1.177,1.628,20.518
r04,r04_OFF,OFF,native,READ,700,1.533,1.091,2.624,20.507
r04,r04_OFF,OFF,native,READ,701,0.513,1.103,1.616,20.509
r04,r04_OFF,OFF,native,SELECT,702,0.57,2.045,2.615,20.658
r04,r04_OFF,OFF,native,OPERATE,703,0.569,6.879,7.448,0.352
r04,r04_OFF,OFF,native,READ,704,0.458,1.17,1.628,20.466
r04,r04_OFF,OFF,native,READ,705,0.569,1.077,1.646,20.493
r04,r04_OFF,OFF,native,READ,706,0.55,2.134,2.684,20.447
r04,r04_OFF,OFF,native,READ,707,0.566,1.093,1.659,20.494
r04,r04_OFF,OFF,native,READ,708,0.562,2.071,2.633,20.52
r04,r04_OFF,OFF,native,SELECT,709,0.501,1.092,1.593,20.609
r04,r04_OFF,OFF,native,OPERATE,710,0.552,2.825,3.377,0.352
r04,r04_OFF,OFF,native,READ,711,0.576,1.105,1.681,20.562
r04,r04_OFF,OFF,native,READ,712,0.481,2.18,2.661,20.505
r04,r04_OFF,OFF,native,READ,713,0.492,5.294,5.786,20.507
r04,r04_OFF,OFF,native,READ,714,0.576,6.158,6.734,20.496
r04,r04_OFF,OFF,native,READ,715,0.454,3.986,4.44,20.513
r04,r04_OFF,OFF,native,READ,716,0.49,4.151,4.641,20.521
r04,r04_OFF,OFF,native,SELECT,717,0.587,8.68,9.267,20.596
r04,r04_OFF,OFF,native,OPERATE,718,0.503,8.922,9.425,0.351
r04,r04_OFF,OFF,native,READ,719,0.547,8.19,8.737,20.541
r04,r04_OFF,OFF,native,READ,720,0.507,9.916,10.423,20.5
r04,r04_OFF,OFF,native,READ,721,0.568,22.937,23.505,20.535
r04,r04_OFF,OFF,native,READ,722,0.51,4.007,4.517,20.596
r04,r04_OFF,OFF,native,READ,723,0.566,3.794,4.36,20.496
r04,r04_OFF,OFF,native,READ,724,0.492,2.091,2.583,20.515
r04,r04_OFF,OFF,native,READ,725,0.516,1.18,1.696,20.499
r04,r04_OFF,OFF,native,READ,726,0.515,3.084,3.599,20.517
r04,r04_OFF,OFF,native,SELECT,727,0.483,1.103,1.586,20.636
r04,r04_OFF,OFF,native,OPERATE,728,1.571,1.883,3.454,0.351
r04,r04_OFF,OFF,native,READ,729,0.534,2.088,2.622,20.552
r04,r04_OFF,OFF,native,READ,730,0.559,1.081,1.64,20.505
r04,r04_OFF,OFF,native,READ,731,0.547,1.055,1.602,20.511
r04,r04_OFF,OFF,native,READ,732,0.562,2.171,2.733,20.439
r04,r04_OFF,OFF,native,READ,733,0.507,8.224,8.731,20.519
r04,r04_OFF,OFF,native,READ,734,0.58,5.448,6.028,20.439
r04,r04_OFF,OFF,native,READ,735,0.583,7.425,8.008,20.477
r04,r04_OFF,OFF,native,SELECT,736,0.527,3.699,4.226,20.552
r04,r04_OFF,OFF,native,OPERATE,737,0.489,6.101,6.59,0.352
r04,r04_OFF,OFF,native,READ,738,0.466,2.033,2.499,20.584
r04,r04_OFF,OFF,native,READ,739,0.458,4.185,4.643,20.498
r04,r04_OFF,OFF,native,READ,740,0.582,3.941,4.523,20.445
r04,r04_OFF,OFF,native,READ,741,0.504,3.889,4.393,20.5
r04,r04_OFF,OFF,native,READ,742,0.458,4.073,4.531,20.498
r04,r04_OFF,OFF,native,READ,743,0.461,4.152,4.613,20.492
r04,r04_OFF,OFF,native,READ,744,0.496,2.144,2.64,20.515
r04,r04_OFF,OFF,native,READ,745,0.53,1.174,1.704,20.505
r04,r04_OFF,OFF,native,SELECT,746,0.562,2.037,2.599,20.607
r04,r04_OFF,OFF,native,OPERATE,747,0.568,1.821,2.389,0.348
r04,r04_OFF,OFF,native,READ,748,1.516,1.162,2.678,20.54
r04,r04_OFF,OFF,native,READ,749,3.651,1.273,4.924,20.499
r04,r04_OFF,OFF,native,READ,750,0.561,1.096,1.657,20.492
r04,r04_OFF,OFF,native,READ,751,0.52,2.123,2.643,20.521
r04,r04_OFF,OFF,native,READ,752,0.487,1.175,1.662,20.555
r04,r04_OFF,OFF,native,SELECT,753,0.502,2.269,2.771,20.612
r04,r04_OFF,OFF,native,OPERATE,754,0.507,2.89,3.397,0.35
r04,r04_OFF,OFF,native,READ,755,0.573,1.097,1.67,20.549
r04,r04_OFF,OFF,native,READ,756,0.482,1.18,1.662,20.534
r04,r04_OFF,OFF,native,READ,757,1.515,1.106,2.621,20.506
r04,r04_OFF,OFF,native,READ,758,0.55,1.664,2.214,20.495
r04,r04_OFF,OFF,native,READ,759,2.957,2.714,5.671,20.521
r04,r04_OFF,OFF,native,READ,760,0.615,2.691,3.306,20.514
r04,r04_OFF,OFF,native,READ,761,1.546,3.003,4.549,20.49
r04,r04_OFF,OFF,native,SELECT,762,1.572,2.76,4.332,20.612
r04,r04_OFF,OFF,native,OPERATE,763,1.109,1.968,3.077,0.349
r04,r04_OFF,OFF,native,READ,764,4.523,2.723,7.246,20.548
r04,r04_OFF,OFF,native,READ,765,0.505,3.908,4.413,20.399
r04,r04_OFF,OFF,native,READ,766,0.529,1.123,1.652,20.493
r04,r04_OFF,OFF,native,READ,767,0.604,2.131,2.735,20.515
r04,r04_OFF,OFF,native,READ,768,0.512,1.04,1.552,20.503
r04,r04_OFF,OFF,native,SELECT,769,0.58,1.038,1.618,20.559
r04,r04_OFF,OFF,native,OPERATE,770,1.384,1.88,3.264,0.345
r04,r04_OFF,OFF,native,READ,771,0.509,2.13,2.639,20.565
r04,r04_OFF,OFF,native,READ,772,0.567,1.258,1.825,20.5
r04,r04_OFF,OFF,native,READ,773,0.476,2.08,2.556,20.517
r04,r04_OFF,OFF,native,READ,774,0.851,1.268,2.119,20.478
r04,r04_OFF,OFF,native,READ,775,0.546,1.079,1.625,20.504
r04,r04_OFF,OFF,native,READ,776,1.679,1.064,2.743,20.494
r04,r04_OFF,OFF,native,SELECT,777,0.506,1.088,1.594,20.687
r04,r04_OFF,OFF,native,OPERATE,778,1.428,1.867,3.295,0.367
r04,r04_OFF,OFF,native,READ,779,0.492,2.142,2.634,20.518
r04,r04_OFF,OFF,native,READ,780,0.552,1.131,1.683,20.506
r04,r04_OFF,OFF,native,READ,781,0.562,1.162,1.724,20.484
r04,r04_OFF,OFF,native,READ,782,1.53,4.834,6.364,20.489
r04,r04_OFF,OFF,native,READ,783,0.524,3.816,4.34,20.527
r04,r04_OFF,OFF,native,READ,784,0.582,4.059,4.641,20.507
r04,r04_OFF,OFF,native,SELECT,785,0.532,3.643,4.175,20.602
r04,r04_OFF,OFF,native,OPERATE,786,0.566,4.482,5.048,0.346
r04,r04_OFF,OFF,native,READ,787,0.551,3.203,3.754,20.534
r04,r04_OFF,OFF,native,READ,788,0.549,3.924,4.473,20.493
r04,r04_OFF,OFF,native,READ,789,0.511,4.115,4.626,20.425
r04,r04_OFF,OFF,native,READ,790,0.57,1.094,1.664,20.485
r04,r04_OFF,OFF,native,READ,791,0.506,2.138,2.644,20.487
r05,r05_A1,A1,obfuscated,READ,0,20.099,4.0,24.099,
r05,r05_A1,A1,obfuscated,READ,1,20.108,3.996,24.104,20.518
r05,r05_A1,A1,obfuscated,READ,2,20.095,4.013,24.108,20.537
r05,r05_A1,A1,obfuscated,READ,3,20.094,3.999,24.093,20.503
r05,r05_A1,A1,obfuscated,READ,4,20.104,4.005,24.109,20.466
r05,r05_A1,A1,obfuscated,READ,5,20.09,4.021,24.111,20.537
r05,r05_A1,A1,obfuscated,READ,6,20.109,3.998,24.107,20.51
r05,r05_A1,A1,obfuscated,READ,7,20.099,4.006,24.105,20.524
r05,r05_A1,A1,obfuscated,SELECT,8,20.088,4.024,24.112,20.663
r05,r05_A1,A1,obfuscated,OPERATE,9,20.106,4.0,24.106,0.363
r05,r05_A1,A1,obfuscated,READ,10,20.099,4.009,24.108,20.592
r05,r05_A1,A1,obfuscated,READ,11,20.114,3.999,24.113,20.499
r05,r05_A1,A1,obfuscated,READ,12,20.11,3.999,24.109,20.514
r05,r05_A1,A1,obfuscated,READ,13,20.087,4.029,24.116,20.533
r05,r05_A1,A1,obfuscated,READ,14,20.106,4.005,24.111,20.538
r05,r05_A1,A1,obfuscated,READ,15,20.112,4.004,24.116,20.503
r05,r05_A1,A1,obfuscated,SELECT,16,20.091,3.947,24.038,20.646
r05,r05_A1,A1,obfuscated,OPERATE,17,20.115,3.973,24.088,0.362
r05,r05_A1,A1,obfuscated,READ,18,20.083,4.02,24.103,20.575
r05,r05_A1,A1,obfuscated,READ,19,20.107,4.0,24.107,20.5
r05,r05_A1,A1,obfuscated,READ,20,20.109,3.998,24.107,20.507
r05,r05_A1,A1,obfuscated,READ,21,20.092,4.016,24.108,20.508
r05,r05_A1,A1,obfuscated,READ,22,20.107,4.001,24.108,20.514
r05,r05_A1,A1,obfuscated,SELECT,23,20.111,3.998,24.109,20.64
r05,r05_A1,A1,obfuscated,OPERATE,24,20.127,3.994,24.121,0.356
r05,r05_A1,A1,obfuscated,READ,25,20.114,3.993,24.107,20.647
r05,r05_A1,A1,obfuscated,READ,26,20.101,4.01,24.111,20.534
r05,r05_A1,A1,obfuscated,READ,27,20.088,4.019,24.107,20.526
r05,r05_A1,A1,obfuscated,READ,28,20.113,3.998,24.111,20.522
r05,r05_A1,A1,obfuscated,READ,29,20.084,4.02,24.104,20.541
r05,r05_A1,A1,obfuscated,SELECT,30,20.088,4.025,24.113,20.626
r05,r05_A1,A1,obfuscated,OPERATE,31,20.106,4.007,24.113,0.359
r05,r05_A1,A1,obfuscated,READ,32,20.088,4.022,24.11,20.544
r05,r05_A1,A1,obfuscated,READ,33,20.107,4.004,24.111,20.506
r05,r05_A1,A1,obfuscated,READ,34,20.107,4.001,24.108,20.552
r05,r05_A1,A1,obfuscated,READ,35,20.042,4.064,24.106,20.527
r05,r05_A1,A1,obfuscated,READ,36,20.096,4.0,24.096,20.504
r05,r05_A1,A1,obfuscated,SELECT,37,20.106,4.004,24.11,20.646
r05,r05_A1,A1,obfuscated,OPERATE,38,20.111,4.003,24.114,0.359
r05,r05_A1,A1,obfuscated,READ,39,20.109,4.0,24.109,20.552
r05,r05_A1,A1,obfuscated,READ,40,20.09,4.016,24.106,20.51
r05,r05_A1,A1,obfuscated,READ,41,20.107,3.998,24.105,20.511
r05,r05_A1,A1,obfuscated,READ,42,20.106,3.989,24.095,20.498
r05,r05_A1,A1,obfuscated,READ,43,20.086,4.02,24.106,20.556
r05,r05_A1,A1,obfuscated,SELECT,44,20.106,4.001,24.107,20.617
r05,r05_A1,A1,obfuscated,OPERATE,45,20.099,4.0,24.099,0.372
r05,r05_A1,A1,obfuscated,READ,46,20.104,4.012,24.116,20.56
r05,r05_A1,A1,obfuscated,READ,47,20.111,4.001,24.112,20.5
r05,r05_A1,A1,obfuscated,READ,48,20.097,3.942,24.039,20.563
r05,r05_A1,A1,obfuscated,READ,49,20.104,4.006,24.11,20.498
r05,r05_A1,A1,obfuscated,READ,50,20.105,4.005,24.11,20.598
r05,r05_A1,A1,obfuscated,READ,51,20.089,4.022,24.111,20.534
r05,r05_A1,A1,obfuscated,READ,52,20.106,4.001,24.107,20.499
r05,r05_A1,A1,obfuscated,READ,53,20.102,4.01,24.112,20.542
r05,r05_A1,A1,obfuscated,READ,54,20.104,4.016,24.12,20.505
r05,r05_A1,A1,obfuscated,SELECT,55,20.108,4.002,24.11,20.543
r05,r05_A1,A1,obfuscated,OPERATE,56,20.106,4.001,24.107,0.395
r05,r05_A1,A1,obfuscated,READ,57,20.111,4.0,24.111,20.551
r05,r05_A1,A1,obfuscated,READ,58,20.108,4.004,24.112,20.515
r05,r05_A1,A1,obfuscated,READ,59,20.097,4.015,24.112,20.534
r05,r05_A1,A1,obfuscated,READ,60,20.106,4.001,24.107,20.498
r05,r05_A1,A1,obfuscated,READ,61,20.088,3.996,24.084,20.47
r05,r05_A1,A1,obfuscated,READ,62,20.105,4.007,24.112,20.525
r05,r05_A1,A1,obfuscated,READ,63,20.111,4.003,24.114,20.511
r05,r05_A1,A1,obfuscated,READ,64,20.094,4.02,24.114,20.537
r05,r05_A1,A1,obfuscated,SELECT,65,20.107,4.0,24.107,20.619
r05,r05_A1,A1,obfuscated,OPERATE,66,20.101,4.008,24.109,0.358
r05,r05_A1,A1,obfuscated,READ,67,20.09,4.001,24.091,20.582
r05,r05_A1,A1,obfuscated,READ,68,20.105,4.001,24.106,20.452
r05,r05_A1,A1,obfuscated,READ,69,20.09,4.02,24.11,20.507
r05,r05_A1,A1,obfuscated,READ,70,20.11,4.005,24.115,20.514
r05,r05_A1,A1,obfuscated,READ,71,20.107,3.998,24.105,20.503
r05,r05_A1,A1,obfuscated,SELECT,72,20.089,4.018,24.107,20.638
r05,r05_A1,A1,obfuscated,OPERATE,73,20.119,3.997,24.116,0.36
r05,r05_A1,A1,obfuscated,READ,74,20.101,4.01,24.111,20.621
r05,r05_A1,A1,obfuscated,READ,75,20.088,4.023,24.111,20.616
r05,r05_A1,A1,obfuscated,READ,76,20.111,4.0,24.111,20.495
r05,r05_A1,A1,obfuscated,READ,77,20.087,4.02,24.107,20.532
r05,r05_A1,A1,obfuscated,READ,78,20.108,4.004,24.112,20.509
r05,r05_A1,A1,obfuscated,READ,79,20.111,3.997,24.108,20.51
r05,r05_A1,A1,obfuscated,SELECT,80,20.092,3.946,24.038,20.618
r05,r05_A1,A1,obfuscated,OPERATE,81,20.106,3.997,24.103,0.302
r05,r05_A1,A1,obfuscated,READ,82,20.087,4.023,24.11,20.59
r05,r05_A1,A1,obfuscated,READ,83,20.099,4.015,24.114,20.512
r05,r05_A1,A1,obfuscated,READ,84,20.109,3.997,24.106,20.505
r05,r05_A1,A1,obfuscated,READ,85,20.088,4.021,24.109,20.504
r05,r05_A1,A1,obfuscated,READ,86,20.111,3.995,24.106,20.503
r05,r05_A1,A1,obfuscated,READ,87,20.084,4.026,24.11,20.529
r05,r05_A1,A1,obfuscated,SELECT,88,20.088,4.021,24.109,20.631
r05,r05_A1,A1,obfuscated,OPERATE,89,20.11,3.996,24.106,0.359
r05,r05_A1,A1,obfuscated,READ,90,20.09,4.015,24.105,20.575
r05,r05_A1,A1,obfuscated,READ,91,20.092,4.017,24.109,20.507
r05,r05_A1,A1,obfuscated,READ,92,20.107,4.006,24.113,20.498
r05,r05_A1,A1,obfuscated,READ,93,20.084,4.023,24.107,20.504
r05,r05_A1,A1,obfuscated,READ,94,20.112,3.992,24.104,20.424
r05,r05_A1,A1,obfuscated,SELECT,95,20.11,3.994,24.104,20.653
r05,r05_A1,A1,obfuscated,OPERATE,96,20.111,3.996,24.107,0.358
r05,r05_A1,A1,obfuscated,READ,97,20.105,4.013,24.118,20.55
r05,r05_A1,A1,obfuscated,READ,98,20.088,4.018,24.106,20.506
r05,r05_A1,A1,obfuscated,READ,99,20.109,3.999,24.108,20.52
r05,r05_A1,A1,obfuscated,READ,100,20.106,4.001,24.107,20.539
r05,r05_A1,A1,obfuscated,READ,101,20.093,4.024,24.117,20.545
r05,r05_A1,A1,obfuscated,READ,102,20.115,3.991,24.106,20.508
r05,r05_A1,A1,obfuscated,READ,103,20.101,4.01,24.111,20.523
r05,r05_A1,A1,obfuscated,SELECT,104,20.09,4.016,24.106,20.642
r05,r05_A1,A1,obfuscated,OPERATE,105,20.109,4.001,24.11,0.36
r05,r05_A1,A1,obfuscated,READ,106,20.088,3.951,24.039,20.532
r05,r05_A1,A1,obfuscated,READ,107,20.112,3.998,24.11,20.445
r05,r05_A1,A1,obfuscated,READ,108,20.088,4.008,24.096,20.464
r05,r05_A1,A1,obfuscated,READ,109,20.114,3.996,24.11,20.508
r05,r05_A1,A1,obfuscated,READ,110,20.11,3.997,24.107,20.505
r05,r05_A1,A1,obfuscated,READ,111,20.09,4.023,24.113,20.506
r05,r05_A1,A1,obfuscated,SELECT,112,20.11,3.996,24.106,20.606
r05,r05_A1,A1,obfuscated,OPERATE,113,20.085,4.02,24.105,0.362
r05,r05_A1,A1,obfuscated,READ,114,20.114,3.994,24.108,20.472
r05,r05_A1,A1,obfuscated,READ,115,20.11,3.999,24.109,20.524
r05,r05_A1,A1,obfuscated,READ,116,20.09,4.016,24.106,20.498
r05,r05_A1,A1,obfuscated,READ,117,20.109,4.007,24.116,20.517
r05,r05_A1,A1,obfuscated,READ,118,20.098,4.006,24.104,20.529
r05,r05_A1,A1,obfuscated,READ,119,20.088,3.994,24.082,20.523
r05,r05_A1,A1,obfuscated,READ,120,20.111,3.998,24.109,20.494
r05,r05_A1,A1,obfuscated,READ,121,20.089,4.022,24.111,20.498
r05,r05_A1,A1,obfuscated,SELECT,122,20.093,4.013,24.106,20.613
r05,r05_A1,A1,obfuscated,OPERATE,123,20.109,4.001,24.11,0.355
r05,r05_A1,A1,obfuscated,READ,124,20.088,4.017,24.105,20.584
r05,r05_A1,A1,obfuscated,READ,125,20.111,3.998,24.109,20.568
r05,r05_A1,A1,obfuscated,READ,126,20.091,4.013,24.104,20.529
r05,r05_A1,A1,obfuscated,READ,127,20.114,3.999,24.113,20.52
r05,r05_A1,A1,obfuscated,READ,128,20.106,3.998,24.104,20.501
r05,r05_A1,A1,obfuscated,READ,129,20.091,4.019,24.11,20.51
r05,r05_A1,A1,obfuscated,READ,130,20.106,4.003,24.109,20.5
r05,r05_A1,A1,obfuscated,READ,131,20.103,4.003,24.106,20.508
r05,r05_A1,A1,obfuscated,READ,132,20.091,3.991,24.082,20.568
r05,r05_A1,A1,obfuscated,SELECT,133,20.104,4.005,24.109,20.592
r05,r05_A1,A1,obfuscated,OPERATE,134,20.098,4.001,24.099,0.359
r05,r05_A1,A1,obfuscated,READ,135,20.094,4.015,24.109,20.571
r05,r05_A1,A1,obfuscated,READ,136,20.11,3.999,24.109,20.507
r05,r05_A1,A1,obfuscated,READ,137,20.087,3.995,24.082,20.517
r05,r05_A1,A1,obfuscated,READ,138,20.106,4.007,24.113,20.504
r05,r05_A1,A1,obfuscated,READ,139,20.099,4.014,24.113,20.511
r05,r05_A1,A1,obfuscated,SELECT,140,20.094,4.02,24.114,20.652
r05,r05_A1,A1,obfuscated,OPERATE,141,20.106,3.987,24.093,0.356
r05,r05_A1,A1,obfuscated,READ,142,20.09,4.007,24.097,20.573
r05,r05_A1,A1,obfuscated,READ,143,20.098,4.014,24.112,20.506
r05,r05_A1,A1,obfuscated,READ,144,20.109,4.001,24.11,20.507
r05,r05_A1,A1,obfuscated,READ,145,20.085,4.022,24.107,20.487
r05,r05_A1,A1,obfuscated,READ,146,20.109,4.006,24.115,20.506
r05,r05_A1,A1,obfuscated,SELECT,147,20.103,4.008,24.111,20.643
r05,r05_A1,A1,obfuscated,OPERATE,148,20.126,4.002,24.128,0.357
r05,r05_A1,A1,obfuscated,READ,149,20.108,4.007,24.115,20.552
r05,r05_A1,A1,obfuscated,READ,150,20.104,4.009,24.113,20.603
r05,r05_A1,A1,obfuscated,READ,151,20.09,4.025,24.115,20.534
r05,r05_A1,A1,obfuscated,READ,152,20.109,4.001,24.11,20.424
r05,r05_A1,A1,obfuscated,READ,153,20.088,4.019,24.107,20.504
r05,r05_A1,A1,obfuscated,READ,154,20.111,4.007,24.118,20.505
r05,r05_A1,A1,obfuscated,READ,155,20.099,4.015,24.114,20.51
r05,r05_A1,A1,obfuscated,READ,156,20.091,4.016,24.107,20.552
r05,r05_A1,A1,obfuscated,SELECT,157,20.111,4.002,24.113,20.62
r05,r05_A1,A1,obfuscated,OPERATE,158,20.113,3.926,24.039,0.371
r05,r05_A1,A1,obfuscated,READ,159,20.107,4.01,24.117,20.551
r05,r05_A1,A1,obfuscated,READ,160,20.043,3.997,24.04,20.486
r05,r05_A1,A1,obfuscated,READ,161,20.042,4.04,24.082,20.517
r05,r05_A1,A1,obfuscated,READ,162,20.09,3.998,24.088,20.507
r05,r05_A1,A1,obfuscated,READ,163,20.09,4.004,24.094,20.507
r05,r05_A1,A1,obfuscated,SELECT,164,20.138,3.97,24.108,20.617
r05,r05_A1,A1,obfuscated,OPERATE,165,20.089,4.023,24.112,0.36
r05,r05_A1,A1,obfuscated,READ,166,20.089,4.023,24.112,20.587
r05,r05_A1,A1,obfuscated,READ,167,20.111,4.0,24.111,20.515
r05,r05_A1,A1,obfuscated,READ,168,20.094,4.011,24.105,20.52
r05,r05_A1,A1,obfuscated,READ,169,20.105,4.017,24.122,20.505
r05,r05_A1,A1,obfuscated,READ,170,20.106,4.001,24.107,20.506
r05,r05_A1,A1,obfuscated,SELECT,171,20.087,3.997,24.084,20.617
r05,r05_A1,A1,obfuscated,OPERATE,172,20.11,4.002,24.112,0.359
r05,r05_A1,A1,obfuscated,READ,173,20.106,4.007,24.113,20.588
r05,r05_A1,A1,obfuscated,READ,174,20.093,4.014,24.107,20.52
r05,r05_A1,A1,obfuscated,READ,175,20.108,4.006,24.114,20.579
r05,r05_A1,A1,obfuscated,READ,176,20.105,4.001,24.106,20.519
r05,r05_A1,A1,obfuscated,READ,177,20.09,3.992,24.082,20.536
r05,r05_A1,A1,obfuscated,READ,178,20.088,4.018,24.106,20.451
r05,r05_A1,A1,obfuscated,READ,179,20.087,4.021,24.108,20.504
r05,r05_A1,A1,obfuscated,READ,180,20.112,3.984,24.096,20.508
r05,r05_A1,A1,obfuscated,READ,181,20.102,4.007,24.109,20.506
r05,r05_A1,A1,obfuscated,SELECT,182,20.091,4.017,24.108,20.643
r05,r05_A1,A1,obfuscated,OPERATE,183,20.109,3.997,24.106,0.356
r05,r05_A1,A1,obfuscated,READ,184,20.039,4.056,24.095,20.6
r05,r05_A1,A1,obfuscated,READ,185,20.098,4.02,24.118,20.498
r05,r05_A1,A1,obfuscated,READ,186,20.11,4.001,24.111,20.507
r05,r05_A1,A1,obfuscated,READ,187,20.09,4.016,24.106,20.501
r05,r05_A1,A1,obfuscated,READ,188,20.114,3.996,24.11,20.504
r05,r05_A1,A1,obfuscated,READ,189,20.1,4.005,24.105,20.529
r05,r05_A1,A1,obfuscated,READ,190,20.091,3.992,24.083,20.514
r05,r05_A1,A1,obfuscated,SELECT,191,20.104,4.003,24.107,20.556
r05,r05_A1,A1,obfuscated,OPERATE,192,20.114,3.997,24.111,0.396
r05,r05_A1,A1,obfuscated,READ,193,20.107,4.0,24.107,20.56
r05,r05_A1,A1,obfuscated,READ,194,20.103,4.003,24.106,20.503
r05,r05_A1,A1,obfuscated,READ,195,20.086,4.024,24.11,20.54
r05,r05_A1,A1,obfuscated,READ,196,20.113,3.993,24.106,20.504
r05,r05_A1,A1,obfuscated,READ,197,20.106,4.008,24.114,20.528
r05,r05_A1,A1,obfuscated,READ,198,20.09,4.022,24.112,20.529
r05,r05_A1,A1,obfuscated,SELECT,199,20.112,4.003,24.115,20.608
r05,r05_A1,A1,obfuscated,OPERATE,200,20.111,3.995,24.106,0.382
r05,r05_A1,A1,obfuscated,READ,201,20.092,4.021,24.113,20.607
r05,r05_A1,A1,obfuscated,READ,202,20.111,3.997,24.108,20.508
r05,r05_A1,A1,obfuscated,READ,203,20.046,4.063,24.109,20.509
r05,r05_A1,A1,obfuscated,READ,204,20.115,3.976,24.091,20.488
r05,r05_A1,A1,obfuscated,READ,205,20.102,3.985,24.087,20.542
r05,r05_A1,A1,obfuscated,READ,206,20.09,4.017,24.107,20.509
r05,r05_A1,A1,obfuscated,READ,207,20.109,3.998,24.107,20.507
r05,r05_A1,A1,obfuscated,READ,208,20.09,4.023,24.113,20.502
r05,r05_A1,A1,obfuscated,SELECT,209,20.12,3.999,24.119,20.614
r05,r05_A1,A1,obfuscated,OPERATE,210,20.103,3.986,24.089,0.351
r05,r05_A1,A1,obfuscated,READ,211,20.091,4.016,24.107,20.588
r05,r05_A1,A1,obfuscated,READ,212,20.109,3.999,24.108,20.506
r05,r05_A1,A1,obfuscated,READ,213,20.091,4.004,24.095,20.521
r05,r05_A1,A1,obfuscated,READ,214,20.094,4.013,24.107,20.506
r05,r05_A1,A1,obfuscated,READ,215,20.121,4.0,24.121,20.508
r05,r05_A1,A1,obfuscated,SELECT,216,20.083,4.023,24.106,20.604
r05,r05_A1,A1,obfuscated,OPERATE,217,20.114,3.994,24.108,0.363
r05,r05_A1,A1,obfuscated,READ,218,20.103,4.007,24.11,20.587
r05,r05_A1,A1,obfuscated,READ,219,20.096,4.023,24.119,20.524
r05,r05_A1,A1,obfuscated,READ,220,20.109,3.998,24.107,20.504
r05,r05_A1,A1,obfuscated,READ,221,20.091,4.003,24.094,20.543
r05,r05_A1,A1,obfuscated,READ,222,20.139,3.967,24.106,20.502
r05,r05_A1,A1,obfuscated,SELECT,223,20.111,3.993,24.104,20.593
r05,r05_A1,A1,obfuscated,OPERATE,224,20.109,4.002,24.111,0.394
r05,r05_A1,A1,obfuscated,READ,225,20.114,3.999,24.113,20.609
r05,r05_A1,A1,obfuscated,READ,226,20.108,4.003,24.111,20.505
r05,r05_A1,A1,obfuscated,READ,227,20.089,4.025,24.114,20.535
r05,r05_A1,A1,obfuscated,READ,228,20.111,3.998,24.109,20.502
r05,r05_A1,A1,obfuscated,READ,229,20.09,4.006,24.096,20.512
r05,r05_A1,A1,obfuscated,READ,230,20.105,4.006,24.111,20.504
r05,r05_A1,A1,obfuscated,SELECT,231,20.113,3.994,24.107,20.606
r05,r05_A1,A1,obfuscated,OPERATE,232,20.112,3.997,24.109,0.377
r05,r05_A1,A1,obfuscated,READ,233,20.11,4.002,24.112,20.553
r05,r05_A1,A1,obfuscated,READ,234,20.099,4.013,24.112,20.51
r05,r05_A1,A1,obfuscated,READ,235,20.088,3.952,24.04,20.557
r05,r05_A1,A1,obfuscated,READ,236,20.109,4.006,24.115,20.497
r05,r05_A1,A1,obfuscated,READ,237,20.089,4.017,24.106,20.526
r05,r05_A1,A1,obfuscated,READ,238,20.107,4.006,24.113,20.507
r05,r05_A1,A1,obfuscated,SELECT,239,20.113,4.001,24.114,20.613
r05,r05_A1,A1,obfuscated,OPERATE,240,20.107,4.004,24.111,0.393
r05,r05_A1,A1,obfuscated,READ,241,20.11,3.998,24.108,20.536
r05,r05_A1,A1,obfuscated,READ,242,20.094,4.014,24.108,20.521
r05,r05_A1,A1,obfuscated,READ,243,20.095,4.018,24.113,20.532
r05,r05_A1,A1,obfuscated,READ,244,20.107,4.004,24.111,20.504
r05,r05_A1,A1,obfuscated,READ,245,20.09,4.02,24.11,20.52
r05,r05_A1,A1,obfuscated,READ,246,20.096,4.01,24.106,20.509
r05,r05_A1,A1,obfuscated,SELECT,247,20.119,3.996,24.115,20.616
r05,r05_A1,A1,obfuscated,OPERATE,248,20.044,4.075,24.119,0.396
r05,r05_A1,A1,obfuscated,READ,249,20.112,3.998,24.11,20.555
r05,r05_A1,A1,obfuscated,READ,250,20.107,4.008,24.115,20.566
r05,r05_A1,A1,obfuscated,READ,251,20.09,4.023,24.113,20.505
r05,r05_A1,A1,obfuscated,READ,252,20.106,4.004,24.11,20.506
r05,r05_A1,A1,obfuscated,READ,253,20.104,3.997,24.101,20.528
r05,r05_A1,A1,obfuscated,SELECT,254,20.095,3.942,24.037,20.64
r05,r05_A1,A1,obfuscated,OPERATE,255,20.134,3.97,24.104,0.307
r05,r05_A1,A1,obfuscated,READ,256,20.089,4.017,24.106,20.574
r05,r05_A1,A1,obfuscated,READ,257,20.111,4.008,24.119,20.496
r05,r05_A1,A1,obfuscated,READ,258,20.099,4.001,24.1,20.521
r05,r05_A1,A1,obfuscated,READ,259,20.088,4.022,24.11,20.522
r05,r05_A1,A1,obfuscated,READ,260,20.107,4.01,24.117,20.505
r05,r05_A1,A1,obfuscated,SELECT,261,20.102,3.994,24.096,20.613
r05,r05_A1,A1,obfuscated,OPERATE,262,20.104,4.003,24.107,0.357
r05,r05_A1,A1,obfuscated,READ,263,20.105,3.994,24.099,20.551
r05,r05_A1,A1,obfuscated,READ,264,20.094,4.019,24.113,20.527
r05,r05_A1,A1,obfuscated,READ,265,20.114,3.997,24.111,20.508
r05,r05_A1,A1,obfuscated,READ,266,20.087,4.014,24.101,20.521
r05,r05_A1,A1,obfuscated,READ,267,20.122,3.985,24.107,20.507
r05,r05_A1,A1,obfuscated,READ,268,20.11,3.999,24.109,20.428
r05,r05_A1,A1,obfuscated,READ,269,20.092,4.019,24.111,20.52
r05,r05_A1,A1,obfuscated,READ,270,20.107,4.0,24.107,20.504
r05,r05_A1,A1,obfuscated,READ,271,20.108,3.987,24.095,20.538
r05,r05_A1,A1,obfuscated,SELECT,272,20.091,4.026,24.117,20.643
r05,r05_A1,A1,obfuscated,OPERATE,273,20.107,4.01,24.117,0.356
r05,r05_A1,A1,obfuscated,READ,274,20.095,3.947,24.042,20.551
r05,r05_A1,A1,obfuscated,READ,275,20.09,4.017,24.107,20.515
r05,r05_A1,A1,obfuscated,READ,276,20.102,3.997,24.099,20.51
r05,r05_A1,A1,obfuscated,READ,277,20.089,4.02,24.109,20.535
r05,r05_A1,A1,obfuscated,READ,278,20.117,4.008,24.125,20.499
r05,r05_A1,A1,obfuscated,SELECT,279,20.106,3.994,24.1,20.626
r05,r05_A1,A1,obfuscated,OPERATE,280,20.119,3.999,24.118,0.358
r05,r05_A1,A1,obfuscated,READ,281,20.106,4.0,24.106,20.596
r05,r05_A1,A1,obfuscated,READ,282,20.091,4.023,24.114,20.51
r05,r05_A1,A1,obfuscated,READ,283,20.107,4.0,24.107,20.488
r05,r05_A1,A1,obfuscated,READ,284,20.104,3.999,24.103,20.506
r05,r05_A1,A1,obfuscated,READ,285,20.095,4.012,24.107,20.537
r05,r05_A1,A1,obfuscated,SELECT,286,20.107,3.998,24.105,20.607
r05,r05_A1,A1,obfuscated,OPERATE,287,20.084,4.028,24.112,0.375
r05,r05_A1,A1,obfuscated,READ,288,20.112,3.996,24.108,20.472
r05,r05_A1,A1,obfuscated,READ,289,20.098,4.001,24.099,20.506
r05,r05_A1,A1,obfuscated,READ,290,20.087,4.022,24.109,20.535
r05,r05_A1,A1,obfuscated,READ,291,20.109,4.001,24.11,20.499
r05,r05_A1,A1,obfuscated,READ,292,20.089,4.022,24.111,20.535
r05,r05_A1,A1,obfuscated,SELECT,293,20.09,3.952,24.042,20.639
r05,r05_A1,A1,obfuscated,OPERATE,294,20.104,3.992,24.096,0.302
r05,r05_A1,A1,obfuscated,READ,295,20.093,4.02,24.113,20.574
r05,r05_A1,A1,obfuscated,READ,296,20.107,4.0,24.107,20.505
r05,r05_A1,A1,obfuscated,READ,297,20.088,4.004,24.092,20.536
r05,r05_A1,A1,obfuscated,READ,298,20.109,4.014,24.123,20.509
r05,r05_A1,A1,obfuscated,READ,299,20.107,4.003,24.11,20.502
r05,r05_A1,A1,obfuscated,SELECT,300,20.099,4.0,24.099,20.682
r05,r05_A1,A1,obfuscated,OPERATE,301,20.106,4.0,24.106,0.355
r05,r05_A1,A1,obfuscated,READ,302,20.098,4.01,24.108,20.554
r05,r05_A1,A1,obfuscated,READ,303,20.09,4.023,24.113,20.53
r05,r05_A1,A1,obfuscated,READ,304,20.097,4.011,24.108,20.504
r05,r05_A1,A1,obfuscated,READ,305,20.102,4.001,24.103,20.539
r05,r05_A1,A1,obfuscated,READ,306,20.047,4.064,24.111,20.522
r05,r05_A1,A1,obfuscated,READ,307,20.107,3.998,24.105,20.514
r05,r05_A1,A1,obfuscated,READ,308,20.09,4.021,24.111,20.524
r05,r05_A1,A1,obfuscated,READ,309,20.112,4.001,24.113,20.511
r05,r05_A1,A1,obfuscated,SELECT,310,20.11,4.002,24.112,20.605
r05,r05_A1,A1,obfuscated,OPERATE,311,20.115,3.998,24.113,0.393
r05,r05_A1,A1,obfuscated,READ,312,20.108,3.997,24.105,20.542
r05,r05_A1,A1,obfuscated,READ,313,20.098,4.012,24.11,20.499
r05,r05_A1,A1,obfuscated,READ,314,20.103,4.015,24.118,20.444
r05,r05_A1,A1,obfuscated,READ,315,20.11,4.0,24.11,20.505
r05,r05_A1,A1,obfuscated,READ,316,20.088,4.018,24.106,20.505
r05,r05_A1,A1,obfuscated,READ,317,20.112,3.994,24.106,20.438
r05,r05_A1,A1,obfuscated,READ,318,20.101,4.0,24.101,20.54
r05,r05_A1,A1,obfuscated,SELECT,319,20.085,4.027,24.112,20.631
r05,r05_A1,A1,obfuscated,OPERATE,320,20.105,4.002,24.107,0.355
r05,r05_A1,A1,obfuscated,READ,321,20.089,4.018,24.107,20.537
r05,r05_A1,A1,obfuscated,READ,322,20.109,3.997,24.106,20.504
r05,r05_A1,A1,obfuscated,READ,323,20.109,3.989,24.098,20.507
r05,r05_A1,A1,obfuscated,READ,324,20.089,4.017,24.106,20.533
r05,r05_A1,A1,obfuscated,READ,325,20.11,3.999,24.109,20.555
r05,r05_A1,A1,obfuscated,READ,326,20.091,3.992,24.083,20.505
r05,r05_A1,A1,obfuscated,READ,327,20.099,4.009,24.108,20.522
r05,r05_A1,A1,obfuscated,SELECT,328,20.114,3.997,24.111,20.621
r05,r05_A1,A1,obfuscated,OPERATE,329,20.107,3.999,24.106,0.377
r05,r05_A1,A1,obfuscated,READ,330,20.035,4.053,24.088,20.548
r05,r05_A1,A1,obfuscated,READ,331,20.108,3.992,24.1,20.516
r05,r05_A1,A1,obfuscated,READ,332,20.093,3.993,24.086,20.573
r05,r05_A1,A1,obfuscated,READ,333,20.104,4.003,24.107,20.496
r05,r05_A1,A1,obfuscated,READ,334,20.091,4.016,24.107,20.526
r05,r05_A1,A1,obfuscated,SELECT,335,20.093,4.014,24.107,20.645
r05,r05_A1,A1,obfuscated,OPERATE,336,20.113,4.002,24.115,0.36
r05,r05_A1,A1,obfuscated,READ,337,20.088,4.023,24.111,20.573
r05,r05_A1,A1,obfuscated,READ,338,20.106,4.0,24.106,20.515
r05,r05_A1,A1,obfuscated,READ,339,20.117,3.988,24.105,20.504
r05,r05_A1,A1,obfuscated,READ,340,20.09,4.02,24.11,20.541
r05,r05_A1,A1,obfuscated,READ,341,20.11,3.999,24.109,20.5
r05,r05_A1,A1,obfuscated,SELECT,342,20.102,3.998,24.1,20.631
r05,r05_A1,A1,obfuscated,OPERATE,343,20.112,4.0,24.112,0.358
r05,r05_A1,A1,obfuscated,READ,344,20.106,4.006,24.112,20.557
r05,r05_A1,A1,obfuscated,READ,345,20.083,4.028,24.111,20.501
r05,r05_A1,A1,obfuscated,READ,346,20.113,3.997,24.11,20.49
r05,r05_A1,A1,obfuscated,READ,347,20.118,3.98,24.098,20.531
r05,r05_A1,A1,obfuscated,READ,348,20.094,3.995,24.089,20.526
r05,r05_A1,A1,obfuscated,SELECT,349,20.116,3.994,24.11,20.611
r05,r05_A1,A1,obfuscated,OPERATE,350,20.111,3.997,24.108,0.376
r05,r05_A1,A1,obfuscated,READ,351,20.102,4.009,24.111,20.618
r05,r05_A1,A1,obfuscated,READ,352,20.108,3.988,24.096,20.424
r05,r05_A1,A1,obfuscated,READ,353,20.091,4.02,24.111,20.526
r05,r05_A1,A1,obfuscated,READ,354,20.108,3.999,24.107,20.499
r05,r05_A1,A1,obfuscated,READ,355,20.091,4.011,24.102,20.543
r05,r05_A1,A1,obfuscated,READ,356,20.1,3.999,24.099,20.481
r05,r05_A1,A1,obfuscated,READ,357,20.11,4.002,24.112,20.514
r05,r05_A1,A1,obfuscated,SELECT,358,20.085,4.014,24.099,20.618
r05,r05_A1,A1,obfuscated,OPERATE,359,20.107,4.005,24.112,0.359
r05,r05_A1,A1,obfuscated,READ,360,20.103,3.996,24.099,20.576
r05,r05_A1,A1,obfuscated,READ,361,20.091,4.016,24.107,20.524
r05,r05_A1,A1,obfuscated,READ,362,20.107,4.0,24.107,20.498
r05,r05_A1,A1,obfuscated,READ,363,20.086,4.02,24.106,20.535
r05,r05_A1,A1,obfuscated,READ,364,20.138,3.972,24.11,20.506
r05,r05_A1,A1,obfuscated,SELECT,365,20.107,3.997,24.104,20.544
r05,r05_A1,A1,obfuscated,OPERATE,366,20.11,3.997,24.107,0.393
r05,r05_A1,A1,obfuscated,READ,367,20.106,4.0,24.106,20.551
r05,r05_A1,A1,obfuscated,READ,368,20.11,4.005,24.115,20.521
r05,r05_A1,A1,obfuscated,READ,369,20.094,4.018,24.112,20.521
r05,r05_A1,A1,obfuscated,READ,370,20.114,3.997,24.111,20.5
r05,r05_A1,A1,obfuscated,READ,371,20.09,3.992,24.082,20.502
r05,r05_A1,A1,obfuscated,READ,372,20.105,3.982,24.087,20.429
r05,r05_A1,A1,obfuscated,READ,373,20.094,4.02,24.114,20.536
r05,r05_A1,A1,obfuscated,READ,374,20.091,4.017,24.108,20.525
r05,r05_A1,A1,obfuscated,READ,375,20.114,4.004,24.118,20.557
r05,r05_A1,A1,obfuscated,SELECT,376,20.108,3.998,24.106,20.647
r05,r05_A1,A1,obfuscated,OPERATE,377,20.116,3.996,24.112,0.357
r05,r05_A1,A1,obfuscated,READ,378,20.108,3.992,24.1,20.534
r05,r05_A1,A1,obfuscated,READ,379,20.09,4.023,24.113,20.501
r05,r05_A1,A1,obfuscated,READ,380,20.106,4.004,24.11,20.502
r05,r05_A1,A1,obfuscated,READ,381,20.1,3.995,24.095,20.541
r05,r05_A1,A1,obfuscated,READ,382,20.084,4.034,24.118,20.523
r05,r05_A1,A1,obfuscated,READ,383,20.132,3.977,24.109,20.505
r05,r05_A1,A1,obfuscated,READ,384,20.09,3.993,24.083,20.516
r05,r05_A1,A1,obfuscated,READ,385,20.112,4.0,24.112,20.539
r05,r05_A1,A1,obfuscated,READ,386,20.11,3.993,24.103,20.506
r05,r05_A1,A1,obfuscated,SELECT,387,20.087,4.02,24.107,20.611
r05,r05_A1,A1,obfuscated,OPERATE,388,20.115,3.999,24.114,0.356
r05,r05_A1,A1,obfuscated,READ,389,20.103,4.003,24.106,20.582
r05,r05_A1,A1,obfuscated,READ,390,20.087,3.996,24.083,20.541
r05,r05_A1,A1,obfuscated,READ,391,20.104,4.002,24.106,20.447
r05,r05_A1,A1,obfuscated,READ,392,20.09,4.021,24.111,20.506
r05,r05_A1,A1,obfuscated,READ,393,20.107,4.0,24.107,20.511
r05,r05_A1,A1,obfuscated,SELECT,394,20.102,4.0,24.102,20.62
r05,r05_A1,A1,obfuscated,OPERATE,395,20.108,3.975,24.083,0.368
r05,r05_A1,A1,obfuscated,READ,396,20.107,4.004,24.111,20.559
r05,r05_A1,A1,obfuscated,READ,397,20.089,4.017,24.106,20.525
r05,r05_A1,A1,obfuscated,READ,398,20.11,3.971,24.081,20.508
r05,r05_A1,A1,obfuscated,READ,399,20.106,3.995,24.101,20.505
r05,r05_A1,A1,obfuscated,READ,400,20.089,4.018,24.107,20.558
r05,r05_A1,A1,obfuscated,READ,401,20.118,3.995,24.113,20.486
r05,r05_A1,A1,obfuscated,READ,402,20.112,3.996,24.108,20.542
r05,r05_A1,A1,obfuscated,READ,403,20.087,4.013,24.1,20.517
r05,r05_A1,A1,obfuscated,SELECT,404,20.105,4.002,24.107,20.673
r05,r05_A1,A1,obfuscated,OPERATE,405,20.109,4.002,24.111,0.381
r05,r05_A1,A1,obfuscated,READ,406,20.091,4.019,24.11,20.55
r05,r05_A1,A1,obfuscated,READ,407,20.111,3.99,24.101,20.494
r05,r05_A1,A1,obfuscated,READ,408,20.089,4.017,24.106,20.501
r05,r05_A1,A1,obfuscated,READ,409,20.102,4.009,24.111,20.49
r05,r05_A1,A1,obfuscated,READ,410,20.105,4.002,24.107,20.527
r05,r05_A1,A1,obfuscated,SELECT,411,20.082,4.028,24.11,20.54
r05,r05_A1,A1,obfuscated,OPERATE,412,20.101,4.0,24.101,0.351
r05,r05_A1,A1,obfuscated,READ,413,20.083,4.026,24.109,20.543
r05,r05_A1,A1,obfuscated,READ,414,20.105,4.001,24.106,20.492
r05,r05_A1,A1,obfuscated,READ,415,20.092,4.017,24.109,20.531
r05,r05_A1,A1,obfuscated,READ,416,20.123,4.001,24.124,20.501
r05,r05_A1,A1,obfuscated,READ,417,20.108,3.998,24.106,20.501
r05,r05_A1,A1,obfuscated,SELECT,418,20.083,4.022,24.105,20.603
r05,r05_A1,A1,obfuscated,OPERATE,419,20.109,4.003,24.112,0.348
r05,r05_A1,A1,obfuscated,READ,420,20.099,4.003,24.102,20.575
r05,r05_A1,A1,obfuscated,READ,421,20.083,4.023,24.106,20.531
r05,r05_A1,A1,obfuscated,READ,422,20.11,3.997,24.107,20.494
r05,r05_A1,A1,obfuscated,READ,423,20.088,3.95,24.038,20.499
r05,r05_A1,A1,obfuscated,READ,424,20.104,4.0,24.104,20.438
r05,r05_A1,A1,obfuscated,READ,425,20.101,4.006,24.107,20.603
r05,r05_A1,A1,obfuscated,SELECT,426,20.082,4.027,24.109,20.638
r05,r05_A1,A1,obfuscated,OPERATE,427,20.111,3.998,24.109,0.351
r05,r05_A1,A1,obfuscated,READ,428,20.09,4.015,24.105,20.565
r05,r05_A1,A1,obfuscated,READ,429,20.104,4.007,24.111,20.505
r05,r05_A1,A1,obfuscated,READ,430,20.108,3.997,24.105,20.498
r05,r05_A1,A1,obfuscated,READ,431,20.09,4.015,24.105,20.507
r05,r05_A1,A1,obfuscated,READ,432,20.109,3.996,24.105,20.499
r05,r05_A1,A1,obfuscated,SELECT,433,20.1,4.012,24.112,20.637
r05,r05_A1,A1,obfuscated,OPERATE,434,20.106,4.002,24.108,0.364
r05,r05_A1,A1,obfuscated,READ,435,20.119,3.991,24.11,20.549
r05,r05_A1,A1,obfuscated,READ,436,20.085,4.023,24.108,20.543
r05,r05_A1,A1,obfuscated,READ,437,20.104,4.013,24.117,20.494
r05,r05_A1,A1,obfuscated,READ,438,20.1,4.009,24.109,20.503
r05,r05_A1,A1,obfuscated,READ,439,20.082,4.023,24.105,20.498
r05,r05_A1,A1,obfuscated,READ,440,20.113,3.995,24.108,20.492
r05,r05_A1,A1,obfuscated,READ,441,20.091,4.021,24.112,20.526
r05,r05_A1,A1,obfuscated,READ,442,20.117,3.982,24.099,20.494
r05,r05_A1,A1,obfuscated,SELECT,443,20.102,4.003,24.105,20.564
r05,r05_A1,A1,obfuscated,OPERATE,444,20.108,4.001,24.109,0.384
r05,r05_A1,A1,obfuscated,READ,445,20.118,3.992,24.11,20.542
r05,r05_A1,A1,obfuscated,READ,446,20.106,4.001,24.107,20.51
r05,r05_A1,A1,obfuscated,READ,447,20.083,4.026,24.109,20.515
r05,r05_A1,A1,obfuscated,READ,448,20.111,4.0,24.111,20.498
r05,r05_A1,A1,obfuscated,READ,449,20.037,4.068,24.105,20.497
r05,r05_A1,A1,obfuscated,READ,450,20.106,4.003,24.109,20.481
r05,r05_A1,A1,obfuscated,READ,451,20.096,4.001,24.097,20.497
r05,r05_A1,A1,obfuscated,READ,452,20.082,4.028,24.11,20.526
r05,r05_A1,A1,obfuscated,READ,453,20.108,4.0,24.108,20.505
r05,r05_A1,A1,obfuscated,SELECT,454,20.105,4.004,24.109,20.623
r05,r05_A1,A1,obfuscated,OPERATE,455,20.105,4.005,24.11,0.35
r05,r05_A1,A1,obfuscated,READ,456,20.094,4.012,24.106,20.473
r05,r05_A1,A1,obfuscated,READ,457,20.082,4.027,24.109,20.525
r05,r05_A1,A1,obfuscated,READ,458,20.109,4.001,24.11,20.497
r05,r05_A1,A1,obfuscated,READ,459,20.082,4.029,24.111,20.517
r05,r05_A1,A1,obfuscated,READ,460,20.106,4.003,24.109,20.496
r05,r05_A1,A1,obfuscated,READ,461,20.099,4.005,24.104,20.5
r05,r05_A1,A1,obfuscated,READ,462,20.037,4.067,24.104,20.521
r05,r05_A1,A1,obfuscated,READ,463,20.107,4.005,24.112,20.425
r05,r05_A1,A1,obfuscated,SELECT,464,20.102,4.007,24.109,20.624
r05,r05_A1,A1,obfuscated,OPERATE,465,20.106,3.998,24.104,0.351
r05,r05_A1,A1,obfuscated,READ,466,20.1,4.014,24.114,20.545
r05,r05_A1,A1,obfuscated,READ,467,20.082,4.022,24.104,20.5
r05,r05_A1,A1,obfuscated,READ,468,20.108,3.996,24.104,20.495
r05,r05_A1,A1,obfuscated,READ,469,20.083,3.958,24.041,20.446
r05,r05_A1,A1,obfuscated,READ,470,20.112,4.002,24.114,20.453
r05,r05_A1,A1,obfuscated,READ,471,20.104,4.007,24.111,20.524
r05,r05_A1,A1,obfuscated,SELECT,472,20.087,4.023,24.11,20.63
r05,r05_A1,A1,obfuscated,OPERATE,473,20.105,3.999,24.104,0.351
r05,r05_A1,A1,obfuscated,READ,474,20.082,4.027,24.109,20.564
r05,r05_A1,A1,obfuscated,READ,475,20.092,4.0,24.092,20.55
r05,r05_A1,A1,obfuscated,READ,476,20.099,4.01,24.109,20.46
r05,r05_A1,A1,obfuscated,READ,477,20.083,4.023,24.106,20.53
r05,r05_A1,A1,obfuscated,READ,478,20.112,4.0,24.112,20.491
r05,r05_A1,A1,obfuscated,SELECT,479,20.096,4.008,24.104,20.635
r05,r05_A1,A1,obfuscated,OPERATE,480,20.109,3.997,24.106,0.354
r05,r05_A1,A1,obfuscated,READ,481,20.102,4.004,24.106,20.543
r05,r05_A1,A1,obfuscated,READ,482,20.037,4.078,24.115,20.502
r05,r05_A1,A1,obfuscated,READ,483,20.108,3.999,24.107,20.485
r05,r05_A1,A1,obfuscated,READ,484,20.107,4.007,24.114,20.518
r05,r05_A1,A1,obfuscated,READ,485,20.082,4.028,24.11,20.528
r05,r05_A1,A1,obfuscated,READ,486,20.104,4.003,24.107,20.498
r05,r05_A1,A1,obfuscated,READ,487,20.082,4.029,24.111,20.509
r05,r05_A1,A1,obfuscated,SELECT,488,20.085,4.027,24.112,20.629
r05,r05_A1,A1,obfuscated,OPERATE,489,20.082,4.02,24.102,0.294
r05,r05_A1,A1,obfuscated,READ,490,20.083,4.027,24.11,20.564
r05,r05_A1,A1,obfuscated,READ,491,20.096,4.014,24.11,20.491
r05,r05_A1,A1,obfuscated,READ,492,20.09,4.017,24.107,20.53
r05,r05_A1,A1,obfuscated,READ,493,20.092,4.014,24.106,20.501
r05,r05_A1,A1,obfuscated,READ,494,20.099,4.005,24.104,20.502
r05,r05_A1,A1,obfuscated,SELECT,495,20.039,4.074,24.113,20.601
r05,r05_A1,A1,obfuscated,OPERATE,496,20.102,4.003,24.105,0.353
r05,r05_A1,A1,obfuscated,READ,497,20.109,3.998,24.107,20.578
r05,r05_A1,A1,obfuscated,READ,498,20.081,4.023,24.104,20.514
r05,r05_A1,A1,obfuscated,READ,499,20.11,3.999,24.109,20.496
r05,r05_A1,A1,obfuscated,READ,500,20.088,4.022,24.11,20.582
r05,r05_A1,A1,obfuscated,READ,501,20.097,4.015,24.112,20.5
r05,r05_A1,A1,obfuscated,SELECT,502,20.109,3.98,24.089,20.534
r05,r05_A1,A1,obfuscated,OPERATE,503,20.108,4.004,24.112,0.38
r05,r05_A1,A1,obfuscated,READ,504,20.108,4.0,24.108,20.546
r05,r05_A1,A1,obfuscated,READ,505,20.082,4.027,24.109,20.513
r05,r05_A1,A1,obfuscated,READ,506,20.093,4.013,24.106,20.508
r05,r05_A1,A1,obfuscated,READ,507,20.104,4.011,24.115,20.498
r05,r05_A1,A1,obfuscated,READ,508,20.086,3.95,24.036,20.508
r05,r05_A1,A1,obfuscated,READ,509,20.105,4.002,24.107,20.441
r05,r05_A1,A1,obfuscated,READ,510,20.081,4.025,24.106,20.551
r05,r05_A1,A1,obfuscated,READ,511,20.106,4.007,24.113,20.505
r05,r05_A1,A1,obfuscated,SELECT,512,20.106,3.999,24.105,20.614
r05,r05_A1,A1,obfuscated,OPERATE,513,20.117,3.992,24.109,0.381
r05,r05_A1,A1,obfuscated,READ,514,20.102,4.002,24.104,20.54
r05,r05_A1,A1,obfuscated,READ,515,20.115,3.992,24.107,20.525
r05,r05_A1,A1,obfuscated,READ,516,20.082,4.025,24.107,20.506
r05,r05_A1,A1,obfuscated,READ,517,20.115,3.995,24.11,20.504
r05,r05_A1,A1,obfuscated,READ,518,20.082,4.023,24.105,20.497
r05,r05_A1,A1,obfuscated,READ,519,20.112,3.991,24.103,20.495
r05,r05_A1,A1,obfuscated,READ,520,20.107,4.001,24.108,20.498
r05,r05_A1,A1,obfuscated,SELECT,521,20.081,3.954,24.035,20.643
r05,r05_A1,A1,obfuscated,OPERATE,522,20.106,4.001,24.107,0.299
r05,r05_A1,A1,obfuscated,READ,523,20.083,4.033,24.116,20.556
r05,r05_A1,A1,obfuscated,READ,524,20.105,4.007,24.112,20.489
r05,r05_A1,A1,obfuscated,READ,525,20.088,4.003,24.091,20.581
r05,r05_A1,A1,obfuscated,READ,526,20.083,4.031,24.114,20.523
r05,r05_A1,A1,obfuscated,READ,527,20.106,4.005,24.111,20.497
r05,r05_A1,A1,obfuscated,SELECT,528,20.107,3.992,24.099,20.64
r05,r05_A1,A1,obfuscated,OPERATE,529,20.101,4.016,24.117,0.352
r05,r05_A1,A1,obfuscated,READ,530,20.109,4.001,24.11,20.543
r05,r05_A1,A1,obfuscated,READ,531,20.082,4.024,24.106,20.498
r05,r05_A1,A1,obfuscated,READ,532,20.109,3.999,24.108,20.49
r05,r05_A1,A1,obfuscated,READ,533,20.097,4.01,24.107,20.527
r05,r05_A1,A1,obfuscated,READ,534,20.094,4.02,24.114,20.51
r05,r05_A1,A1,obfuscated,READ,535,20.103,4.0,24.103,20.425
r05,r05_A1,A1,obfuscated,SELECT,536,20.088,4.03,24.118,20.602
r05,r05_A1,A1,obfuscated,OPERATE,537,20.104,4.0,24.104,0.35
r05,r05_A1,A1,obfuscated,READ,538,20.105,3.999,24.104,20.569
r05,r05_A1,A1,obfuscated,READ,539,20.081,4.027,24.108,20.518
r05,r05_A1,A1,obfuscated,READ,540,20.111,4.0,24.111,20.496
r05,r05_A1,A1,obfuscated,READ,541,20.083,3.953,24.036,20.487
r05,r05_A1,A1,obfuscated,READ,542,20.104,4.002,24.106,20.437
r05,r05_A1,A1,obfuscated,READ,543,20.081,4.031,24.112,20.455
r05,r05_A1,A1,obfuscated,SELECT,544,20.086,4.019,24.105,20.628
r05,r05_A1,A1,obfuscated,OPERATE,545,20.081,4.0,24.081,0.349
r05,r05_A1,A1,obfuscated,READ,546,20.081,4.024,24.105,20.577
r05,r05_A1,A1,obfuscated,READ,547,20.105,4.003,24.108,20.5
r05,r05_A1,A1,obfuscated,READ,548,20.093,4.012,24.105,20.54
r05,r05_A1,A1,obfuscated,READ,549,20.11,4.001,24.111,20.419
r05,r05_A1,A1,obfuscated,READ,550,20.101,4.013,24.114,20.563
r05,r05_A1,A1,obfuscated,READ,551,20.088,4.023,24.111,20.496
r05,r05_A1,A1,obfuscated,SELECT,552,20.105,4.007,24.112,20.598
r05,r05_A1,A1,obfuscated,OPERATE,553,20.105,3.999,24.104,0.35
r05,r05_A1,A1,obfuscated,READ,554,20.091,4.02,24.111,20.556
r05,r05_A1,A1,obfuscated,READ,555,20.104,3.997,24.101,20.427
r05,r05_A1,A1,obfuscated,READ,556,20.082,4.022,24.104,20.493
r05,r05_A1,A1,obfuscated,READ,557,20.106,4.009,24.115,20.498
r05,r05_A1,A1,obfuscated,READ,558,20.108,3.997,24.105,20.531
r05,r05_A1,A1,obfuscated,READ,559,20.081,4.023,24.104,20.515
r05,r05_A1,A1,obfuscated,SELECT,560,20.108,3.999,24.107,20.605
r05,r05_A1,A1,obfuscated,OPERATE,561,20.114,3.933,24.047,0.383
r05,r05_A1,A1,obfuscated,READ,562,20.101,4.004,24.105,20.485
r05,r05_A1,A1,obfuscated,READ,563,20.082,4.026,24.108,20.438
r05,r05_A1,A1,obfuscated,READ,564,20.107,3.999,24.106,20.493
r05,r05_A1,A1,obfuscated,READ,565,20.092,4.005,24.097,20.504
r05,r05_A1,A1,obfuscated,READ,566,20.093,4.017,24.11,20.524
r05,r05_A1,A1,obfuscated,READ,567,20.109,3.996,24.105,20.5
r05,r05_A1,A1,obfuscated,READ,568,20.098,3.938,24.036,20.491
r05,r05_A1,A1,obfuscated,READ,569,20.091,4.018,24.109,20.532
r05,r05_A1,A1,obfuscated,READ,570,20.097,3.998,24.095,20.497
r05,r05_A1,A1,obfuscated,SELECT,571,20.081,4.022,24.103,20.644
r05,r05_A1,A1,obfuscated,OPERATE,572,20.109,3.995,24.104,0.35
r05,r05_A1,A1,obfuscated,READ,573,20.099,4.009,24.108,20.569
r05,r05_A1,A1,obfuscated,READ,574,20.103,4.01,24.113,20.492
r05,r05_A1,A1,obfuscated,READ,575,20.1,4.005,24.105,20.527
r05,r05_A1,A1,obfuscated,READ,576,20.082,4.025,24.107,20.508
r05,r05_A1,A1,obfuscated,READ,577,20.107,3.998,24.105,20.494
r05,r05_A1,A1,obfuscated,READ,578,20.106,3.999,24.105,20.497
r05,r05_A1,A1,obfuscated,READ,579,20.082,4.022,24.104,20.526
r05,r05_A1,A1,obfuscated,READ,580,20.109,3.998,24.107,20.498
r05,r05_A1,A1,obfuscated,READ,581,20.082,3.958,24.04,20.462
r05,r05_A1,A1,obfuscated,SELECT,582,20.102,4.002,24.104,20.563
r05,r05_A1,A1,obfuscated,OPERATE,583,20.111,3.999,24.11,0.353
r05,r05_A1,A1,obfuscated,READ,584,20.11,4.001,24.111,20.56
r05,r05_A1,A1,obfuscated,READ,585,20.105,4.006,24.111,20.511
r05,r05_A1,A1,obfuscated,READ,586,20.081,4.029,24.11,20.498
r05,r05_A1,A1,obfuscated,READ,587,20.106,4.002,24.108,20.49
r05,r05_A1,A1,obfuscated,READ,588,20.091,4.025,24.116,20.524
r05,r05_A1,A1,obfuscated,READ,589,20.094,4.017,24.111,20.514
r05,r05_A1,A1,obfuscated,SELECT,590,20.117,3.994,24.111,20.598
r05,r05_A1,A1,obfuscated,OPERATE,591,20.106,4.001,24.107,0.379
r05,r05_A1,A1,obfuscated,READ,592,20.109,4.003,24.112,20.554
r05,r05_A1,A1,obfuscated,READ,593,20.094,4.0,24.094,20.498
r05,r05_A1,A1,obfuscated,READ,594,20.039,4.07,24.109,20.525
r05,r05_A1,A1,obfuscated,READ,595,20.106,3.996,24.102,20.496
r05,r05_A1,A1,obfuscated,READ,596,20.09,4.021,24.111,20.514
r05,r05_A1,A1,obfuscated,SELECT,597,20.088,4.025,24.113,20.643
r05,r05_A1,A1,obfuscated,OPERATE,598,20.104,4.005,24.109,0.349
r05,r05_A1,A1,obfuscated,READ,599,20.089,4.015,24.104,20.547
r05,r05_A1,A1,obfuscated,READ,600,20.106,4.004,24.11,20.57
r05,r05_A1,A1,obfuscated,READ,601,20.106,3.993,24.099,20.418
r05,r05_A1,A1,obfuscated,READ,602,20.083,4.029,24.112,20.529
r05,r05_A1,A1,obfuscated,READ,603,20.108,3.997,24.105,20.496
r05,r05_A1,A1,obfuscated,READ,604,20.082,4.027,24.109,20.515
r05,r05_A1,A1,obfuscated,SELECT,605,20.082,4.024,24.106,20.624
r05,r05_A1,A1,obfuscated,OPERATE,606,20.106,3.999,24.105,0.349
r05,r05_A1,A1,obfuscated,READ,607,20.083,3.998,24.081,20.547
r05,r05_A1,A1,obfuscated,READ,608,20.106,4.002,24.108,20.508
r05,r05_A1,A1,obfuscated,READ,609,20.094,4.01,24.104,20.528
r05,r05_A1,A1,obfuscated,READ,610,20.104,4.005,24.109,20.504
r05,r05_A1,A1,obfuscated,READ,611,20.099,4.006,24.105,20.505
r05,r05_A1,A1,obfuscated,SELECT,612,20.081,4.024,24.105,20.598
r05,r05_A1,A1,obfuscated,OPERATE,613,20.106,4.001,24.107,0.35
r05,r05_A1,A1,obfuscated,READ,614,20.09,4.016,24.106,20.581
r05,r05_A1,A1,obfuscated,READ,615,20.082,4.023,24.105,20.508
r05,r05_A1,A1,obfuscated,READ,616,20.099,4.008,24.107,20.501
r05,r05_A1,A1,obfuscated,READ,617,20.083,4.027,24.11,20.504
r05,r05_A1,A1,obfuscated,READ,618,20.109,3.995,24.104,20.494
r05,r05_A1,A1,obfuscated,READ,619,20.105,4.003,24.108,20.496
r05,r05_A1,A1,obfuscated,READ,620,20.081,4.002,24.083,20.559
r05,r05_A1,A1,obfuscated,SELECT,621,20.102,4.005,24.107,20.547
r05,r05_A1,A1,obfuscated,OPERATE,622,20.082,4.022,24.104,0.368
r05,r05_A1,A1,obfuscated,READ,623,20.108,4.008,24.116,20.545
r05,r05_A1,A1,obfuscated,READ,624,20.098,3.999,24.097,20.507
r05,r05_A1,A1,obfuscated,READ,625,20.083,4.026,24.109,20.552
r05,r05_A1,A1,obfuscated,READ,626,20.106,3.998,24.104,20.495
r05,r05_A1,A1,obfuscated,READ,627,20.096,4.016,24.112,20.529
r05,r05_A1,A1,obfuscated,READ,628,20.086,3.997,24.083,20.512
r05,r05_A1,A1,obfuscated,READ,629,20.102,4.005,24.107,20.476
r05,r05_A1,A1,obfuscated,READ,630,20.081,4.024,24.105,20.497
r05,r05_A1,A1,obfuscated,READ,631,20.108,3.997,24.105,20.496
r05,r05_A1,A1,obfuscated,SELECT,632,20.093,4.002,24.095,20.639
r05,r05_A1,A1,obfuscated,OPERATE,633,20.116,3.991,24.107,0.351
r05,r05_A1,A1,obfuscated,READ,634,20.099,4.005,24.104,20.556
r05,r05_A1,A1,obfuscated,READ,635,20.082,4.022,24.104,20.5
r05,r05_A1,A1,obfuscated,READ,636,20.11,3.999,24.109,20.494
r05,r05_A1,A1,obfuscated,READ,637,20.106,4.006,24.112,20.499
r05,r05_A1,A1,obfuscated,READ,638,20.081,4.023,24.104,20.524
r05,r05_A1,A1,obfuscated,READ,639,20.083,4.027,24.11,20.496
r05,r05_A1,A1,obfuscated,READ,640,20.083,4.024,24.107,20.531
r05,r05_A1,A1,obfuscated,READ,641,20.11,4.002,24.112,20.49
r05,r05_A1,A1,obfuscated,SELECT,642,20.082,4.001,24.083,20.583
r05,r05_A1,A1,obfuscated,OPERATE,643,20.081,4.003,24.084,0.39
r05,r05_A1,A1,obfuscated,READ,644,20.104,4.0,24.104,20.546
r05,r05_A1,A1,obfuscated,READ,645,20.082,4.033,24.115,20.507
r05,r05_A1,A1,obfuscated,READ,646,20.091,4.014,24.105,20.5
r05,r05_A1,A1,obfuscated,READ,647,20.106,4.001,24.107,20.428
r05,r05_A1,A1,obfuscated,READ,648,20.082,4.025,24.107,20.53
r05,r05_A1,A1,obfuscated,SELECT,649,20.106,4.002,24.108,20.613
r05,r05_A1,A1,obfuscated,OPERATE,650,20.105,4.001,24.106,0.352
r05,r05_A1,A1,obfuscated,READ,651,20.082,4.022,24.104,20.641
r05,r05_A1,A1,obfuscated,READ,652,20.102,4.002,24.104,20.496
r05,r05_A1,A1,obfuscated,READ,653,20.082,3.956,24.038,20.499
r05,r05_A1,A1,obfuscated,READ,654,20.105,3.988,24.093,20.492
r05,r05_A1,A1,obfuscated,READ,655,20.086,4.027,24.113,20.452
r05,r05_A1,A1,obfuscated,SELECT,656,20.082,4.026,24.108,20.619
r05,r05_A1,A1,obfuscated,OPERATE,657,20.112,3.998,24.11,0.352
r05,r05_A1,A1,obfuscated,READ,658,20.081,4.025,24.106,20.541
r05,r05_A1,A1,obfuscated,READ,659,20.112,3.995,24.107,20.503
r05,r05_A1,A1,obfuscated,READ,660,20.102,4.004,24.106,20.573
r05,r05_A1,A1,obfuscated,READ,661,20.081,4.035,24.116,20.525
r05,r05_A1,A1,obfuscated,READ,662,20.113,3.997,24.11,20.496
r05,r05_A1,A1,obfuscated,READ,663,20.082,4.023,24.105,20.533
r05,r05_A1,A1,obfuscated,SELECT,664,20.083,4.027,24.11,20.605
r05,r05_A1,A1,obfuscated,OPERATE,665,20.11,3.995,24.105,0.349
r05,r05_A1,A1,obfuscated,READ,666,20.089,4.025,24.114,20.553
r05,r05_A1,A1,obfuscated,READ,667,20.106,4.002,24.108,20.424
r05,r05_A1,A1,obfuscated,READ,668,20.096,4.01,24.106,20.534
r05,r05_A1,A1,obfuscated,READ,669,20.095,4.014,24.109,20.506
r05,r05_A1,A1,obfuscated,READ,670,20.094,4.005,24.099,20.494
r05,r05_A1,A1,obfuscated,READ,671,20.082,4.024,24.106,20.505
r05,r05_A1,A1,obfuscated,READ,672,20.106,4.004,24.11,20.497
r05,r05_A1,A1,obfuscated,SELECT,673,20.088,4.02,24.108,20.631
r05,r05_A1,A1,obfuscated,OPERATE,674,20.111,3.997,24.108,0.349
r05,r05_A1,A1,obfuscated,READ,675,20.104,4.007,24.111,20.599
r05,r05_A1,A1,obfuscated,READ,676,20.083,4.032,24.115,20.526
r05,r05_A1,A1,obfuscated,READ,677,20.095,4.015,24.11,20.512
r05,r05_A1,A1,obfuscated,READ,678,20.106,4.021,24.127,20.481
r05,r05_A1,A1,obfuscated,READ,679,20.038,4.07,24.108,20.497
r05,r05_A1,A1,obfuscated,READ,680,20.11,3.996,24.106,20.495
r05,r05_A1,A1,obfuscated,READ,681,20.104,4.004,24.108,20.538
r05,r05_A1,A1,obfuscated,READ,682,20.092,4.02,24.112,20.506
r05,r05_A1,A1,obfuscated,SELECT,683,20.105,4.0,24.105,20.605
r05,r05_A1,A1,obfuscated,OPERATE,684,20.106,4.003,24.109,0.38
r05,r05_A1,A1,obfuscated,READ,685,20.105,4.003,24.108,20.538
r05,r05_A1,A1,obfuscated,READ,686,20.102,3.979,24.081,20.477
r05,r05_A1,A1,obfuscated,READ,687,20.088,4.022,24.11,20.53
r05,r05_A1,A1,obfuscated,READ,688,20.114,3.988,24.102,20.5
r05,r05_A1,A1,obfuscated,READ,689,20.083,4.022,24.105,20.499
r05,r05_A1,A1,obfuscated,SELECT,690,20.094,4.018,24.112,20.584
r05,r05_A1,A1,obfuscated,OPERATE,691,20.112,3.994,24.106,0.352
r05,r05_A1,A1,obfuscated,READ,692,20.082,3.998,24.08,20.585
r05,r05_A1,A1,obfuscated,READ,693,20.105,4.002,24.107,20.518
r05,r05_A1,A1,obfuscated,READ,694,20.09,4.014,24.104,20.522
r05,r05_A1,A1,obfuscated,READ,695,20.092,4.012,24.104,20.495
r05,r05_A1,A1,obfuscated,READ,696,20.092,4.001,24.093,20.502
r05,r05_A1,A1,obfuscated,SELECT,697,20.081,4.027,24.108,20.608
r05,r05_A1,A1,obfuscated,OPERATE,698,20.106,4.0,24.106,0.352
r05,r05_A1,A1,obfuscated,READ,699,20.101,4.01,24.111,20.577
r05,r05_A1,A1,obfuscated,READ,700,20.082,4.023,24.105,20.575
r05,r05_A1,A1,obfuscated,READ,701,20.115,3.992,24.107,20.498
r05,r05_A1,A1,obfuscated,READ,702,20.09,4.021,24.111,20.531
r05,r05_A1,A1,obfuscated,READ,703,20.109,4.002,24.111,20.494
r05,r05_A1,A1,obfuscated,SELECT,704,20.104,3.994,24.098,20.597
r05,r05_A1,A1,obfuscated,OPERATE,705,20.083,4.032,24.115,0.382
r05,r05_A1,A1,obfuscated,READ,706,20.104,3.998,24.102,20.545
r05,r05_A1,A1,obfuscated,READ,707,20.107,3.998,24.105,20.521
r05,r05_A1,A1,obfuscated,READ,708,20.095,4.01,24.105,20.487
r05,r05_A1,A1,obfuscated,READ,709,20.108,3.995,24.103,20.499
r05,r05_A1,A1,obfuscated,READ,710,20.084,4.027,24.111,20.502
r05,r05_A1,A1,obfuscated,SELECT,711,20.108,4.009,24.117,20.595
r05,r05_A1,A1,obfuscated,OPERATE,712,20.108,3.974,24.082,0.336
r05,r05_A1,A1,obfuscated,READ,713,20.117,3.992,24.109,20.533
r05,r05_A1,A1,obfuscated,READ,714,20.093,3.999,24.092,20.495
r05,r05_A1,A1,obfuscated,READ,715,20.087,4.022,24.109,20.5
r05,r05_A1,A1,obfuscated,READ,716,20.107,3.998,24.105,20.492
r05,r05_A1,A1,obfuscated,READ,717,20.1,4.013,24.113,20.518
r05,r05_A1,A1,obfuscated,SELECT,718,20.04,4.069,24.109,20.619
r05,r05_A1,A1,obfuscated,OPERATE,719,20.1,3.995,24.095,0.35
r05,r05_A1,A1,obfuscated,READ,720,20.083,4.023,24.106,20.544
r05,r05_A1,A1,obfuscated,READ,721,20.108,3.999,24.107,20.49
r05,r05_A1,A1,obfuscated,READ,722,20.102,4.007,24.109,20.508
r05,r05_A1,A1,obfuscated,READ,723,20.082,4.028,24.11,20.521
r05,r05_A1,A1,obfuscated,READ,724,20.109,3.995,24.104,20.494
r05,r05_A1,A1,obfuscated,SELECT,725,20.109,3.997,24.106,20.654
r05,r05_A1,A1,obfuscated,OPERATE,726,20.113,3.994,24.107,0.349
r05,r05_A1,A1,obfuscated,READ,727,20.11,3.996,24.106,20.544
r05,r05_A1,A1,obfuscated,READ,728,20.083,4.022,24.105,20.519
r05,r05_A1,A1,obfuscated,READ,729,20.106,3.999,24.105,20.499
r05,r05_A1,A1,obfuscated,READ,730,20.089,4.019,24.108,20.512
r05,r05_A1,A1,obfuscated,READ,731,20.108,4.049,24.157,20.493
r05,r05_A1,A1,obfuscated,SELECT,732,20.104,3.996,24.1,20.552
r05,r05_A1,A1,obfuscated,OPERATE,733,20.115,3.995,24.11,0.371
r05,r05_A1,A1,obfuscated,READ,734,20.106,4.001,24.107,20.534
r05,r05_A1,A1,obfuscated,READ,735,20.102,4.01,24.112,20.534
r05,r05_A1,A1,obfuscated,READ,736,20.087,4.028,24.115,20.524
r05,r05_A1,A1,obfuscated,READ,737,20.106,3.999,24.105,20.501
r05,r05_A1,A1,obfuscated,READ,738,20.039,4.067,24.106,20.528
r05,r05_A1,A1,obfuscated,READ,739,20.106,3.997,24.103,20.416
r05,r05_A1,A1,obfuscated,SELECT,740,20.094,4.001,24.095,20.618
r05,r05_A1,A1,obfuscated,OPERATE,741,20.11,3.997,24.107,0.363
r05,r05_A1,A1,obfuscated,READ,742,20.108,3.99,24.098,20.542
r05,r05_A1,A1,obfuscated,READ,743,20.082,4.024,24.106,20.5
r05,r05_A1,A1,obfuscated,READ,744,20.111,3.999,24.11,20.492
r05,r05_A1,A1,obfuscated,READ,745,20.107,3.99,24.097,20.48
r05,r05_A1,A1,obfuscated,READ,746,20.089,4.025,24.114,20.526
r05,r05_A1,A1,obfuscated,READ,747,20.105,3.997,24.102,20.506
r05,r05_A1,A1,obfuscated,SELECT,748,20.109,4.004,24.113,20.62
r05,r05_A1,A1,obfuscated,OPERATE,749,20.109,3.995,24.104,0.348
r05,r05_A1,A1,obfuscated,READ,750,20.096,3.998,24.094,20.603
r05,r05_A1,A1,obfuscated,READ,751,20.082,3.955,24.037,20.555
r05,r05_A1,A1,obfuscated,READ,752,20.11,4.001,24.111,20.445
r05,r05_A1,A1,obfuscated,READ,753,20.082,4.031,24.113,20.533
r05,r05_A1,A1,obfuscated,READ,754,20.098,4.01,24.108,20.496
r05,r05_A1,A1,obfuscated,READ,755,20.092,3.998,24.09,20.504
r05,r05_A1,A1,obfuscated,READ,756,20.082,4.03,24.112,20.494
r05,r05_A1,A1,obfuscated,SELECT,757,20.107,4.001,24.108,20.602
r05,r05_A1,A1,obfuscated,OPERATE,758,20.051,4.064,24.115,0.35
r05,r05_A1,A1,obfuscated,READ,759,20.082,4.025,24.107,20.569
r05,r05_A1,A1,obfuscated,READ,760,20.108,3.994,24.102,20.495
r05,r05_A1,A1,obfuscated,READ,761,20.083,4.022,24.105,20.498
r05,r05_A1,A1,obfuscated,READ,762,20.108,3.999,24.107,20.492
r05,r05_A1,A1,obfuscated,READ,763,20.09,4.016,24.106,20.497
r05,r05_A1,A1,obfuscated,READ,764,20.088,3.994,24.082,20.531
r05,r05_A1,A1,obfuscated,SELECT,765,20.102,4.008,24.11,20.598
r05,r05_A1,A1,obfuscated,OPERATE,766,20.11,4.006,24.116,0.368
r05,r05_A1,A1,obfuscated,READ,767,20.106,4.004,24.11,20.546
r05,r05_A1,A1,obfuscated,READ,768,20.107,3.998,24.105,20.501
r05,r05_A1,A1,obfuscated,READ,769,20.087,3.999,24.086,20.528
r05,r05_A1,A1,obfuscated,READ,770,20.113,3.984,24.097,20.503
r05,r05_A1,A1,obfuscated,READ,771,20.082,4.029,24.111,20.535
r05,r05_A1,A1,obfuscated,SELECT,772,20.083,4.031,24.114,20.661
r05,r05_A1,A1,obfuscated,OPERATE,773,20.094,4.0,24.094,0.348
r05,r05_A1,A1,obfuscated,READ,774,20.081,4.027,24.108,20.55
r05,r05_A1,A1,obfuscated,READ,775,20.108,3.998,24.106,20.571
r05,r05_A1,A1,obfuscated,READ,776,20.111,3.996,24.107,20.5
r05,r05_A1,A1,obfuscated,READ,777,20.046,4.061,24.107,20.529
r05,r05_A1,A1,obfuscated,READ,778,20.112,3.984,24.096,20.425
r05,r05_A1,A1,obfuscated,READ,779,20.081,4.023,24.104,20.514
r05,r05_A1,A1,obfuscated,SELECT,780,20.093,4.018,24.111,20.614
r05,r05_A1,A1,obfuscated,OPERATE,781,20.105,4.001,24.106,0.348
r05,r05_A1,A1,obfuscated,READ,782,20.083,4.028,24.111,20.562
r05,r05_A1,A1,obfuscated,READ,783,20.105,4.0,24.105,20.496
r05,r05_A1,A1,obfuscated,READ,784,20.082,3.999,24.081,20.456
r05,r05_A1,A1,obfuscated,READ,785,20.102,4.002,24.104,20.512
r05,r05_A1,A1,obfuscated,READ,786,20.103,4.002,24.105,20.496
r05,r05_A1,A1,obfuscated,READ,787,20.082,4.023,24.105,20.535
r05,r05_A1,A1,obfuscated,READ,788,20.109,4.001,24.11,20.501
r05,r05_A1,A1,obfuscated,READ,789,20.091,4.015,24.106,20.516
r05,r05_OFF,OFF,native,READ,0,0.414,24.382,24.796,
r05,r05_OFF,OFF,native,READ,1,0.451,3.834,4.285,20.532
r05,r05_OFF,OFF,native,READ,2,0.574,3.892,4.466,20.503
r05,r05_OFF,OFF,native,READ,3,2.979,1.648,4.627,20.483
r05,r05_OFF,OFF,native,READ,4,0.521,3.861,4.382,20.525
r05,r05_OFF,OFF,native,READ,5,0.483,2.046,2.529,20.521
r05,r05_OFF,OFF,native,READ,6,0.537,1.151,1.688,20.574
r05,r05_OFF,OFF,native,READ,7,0.483,1.166,1.649,20.502
r05,r05_OFF,OFF,native,SELECT,8,1.542,1.025,2.567,20.656
r05,r05_OFF,OFF,native,OPERATE,9,0.445,3.137,3.582,0.38
r05,r05_OFF,OFF,native,READ,10,0.553,1.105,1.658,20.589
r05,r05_OFF,OFF,native,READ,11,0.526,2.132,2.658,20.504
r05,r05_OFF,OFF,native,READ,12,0.568,1.093,1.661,20.504
r05,r05_OFF,OFF,native,READ,13,0.699,2.313,3.012,20.498
r05,r05_OFF,OFF,native,READ,14,0.576,1.096,1.672,20.535
r05,r05_OFF,OFF,native,READ,15,0.575,1.091,1.666,20.495
r05,r05_OFF,OFF,native,SELECT,16,1.577,1.026,2.603,20.609
r05,r05_OFF,OFF,native,OPERATE,17,0.62,2.884,3.504,0.36
r05,r05_OFF,OFF,native,READ,18,0.576,1.274,1.85,20.574
r05,r05_OFF,OFF,native,READ,19,0.498,2.186,2.684,20.509
r05,r05_OFF,OFF,native,READ,20,0.522,1.119,1.641,20.536
r05,r05_OFF,OFF,native,READ,21,0.572,4.03,4.602,20.502
r05,r05_OFF,OFF,native,READ,22,0.564,3.89,4.454,20.504
r05,r05_OFF,OFF,native,SELECT,23,0.574,3.822,4.396,20.552
r05,r05_OFF,OFF,native,OPERATE,24,0.567,5.789,6.356,0.352
r05,r05_OFF,OFF,native,READ,25,0.573,2.145,2.718,20.577
r05,r05_OFF,OFF,native,READ,26,1.563,2.902,4.465,20.671
r05,r05_OFF,OFF,native,READ,27,1.568,2.836,4.404,20.516
r05,r05_OFF,OFF,native,READ,28,0.526,3.94,4.466,20.5
r05,r05_OFF,OFF,native,READ,29,0.517,2.119,2.636,20.505
r05,r05_OFF,OFF,native,SELECT,30,0.571,1.04,1.611,20.61
r05,r05_OFF,OFF,native,OPERATE,31,1.567,1.852,3.419,0.357
r05,r05_OFF,OFF,native,READ,32,0.479,2.18,2.659,20.551
r05,r05_OFF,OFF,native,READ,33,0.484,5.308,5.792,20.498
r05,r05_OFF,OFF,native,READ,34,0.558,1.113,1.671,20.504
r05,r05_OFF,OFF,native,READ,35,0.46,2.134,2.594,20.527
r05,r05_OFF,OFF,native,READ,36,0.568,1.024,1.592,20.504
r05,r05_OFF,OFF,native,SELECT,37,0.569,2.168,2.737,20.559
r05,r05_OFF,OFF,native,OPERATE,38,0.481,2.857,3.338,0.352
r05,r05_OFF,OFF,native,READ,39,0.707,1.125,1.832,20.546
r05,r05_OFF,OFF,native,READ,40,0.512,1.166,1.678,20.498
r05,r05_OFF,OFF,native,READ,41,0.449,2.173,2.622,20.499
r05,r05_OFF,OFF,native,READ,42,0.578,3.344,3.922,20.536
r05,r05_OFF,OFF,native,READ,43,2.845,2.251,5.096,20.497
r05,r05_OFF,OFF,native,SELECT,44,0.575,3.736,4.311,20.636
r05,r05_OFF,OFF,native,OPERATE,45,0.5,4.336,4.836,0.388
r05,r05_OFF,OFF,native,READ,46,0.57,2.96,3.53,20.541
r05,r05_OFF,OFF,native,READ,47,0.497,4.044,4.541,20.504
r05,r05_OFF,OFF,native,READ,48,3.831,5.699,9.53,20.452
r05,r05_OFF,OFF,native,READ,49,0.526,4.006,4.532,20.491
r05,r05_OFF,OFF,native,READ,50,0.568,3.909,4.477,20.502
r05,r05_OFF,OFF,native,READ,51,0.564,4.037,4.601,20.556
r05,r05_OFF,OFF,native,READ,52,2.84,1.303,4.143,20.493
r05,r05_OFF,OFF,native,READ,53,0.558,1.095,1.653,20.532
r05,r05_OFF,OFF,native,READ,54,1.612,1.093,2.705,20.496
r05,r05_OFF,OFF,native,SELECT,55,0.458,1.101,1.559,20.601
r05,r05_OFF,OFF,native,OPERATE,56,1.574,1.828,3.402,0.353
r05,r05_OFF,OFF,native,READ,57,0.548,2.122,2.67,20.543
r05,r05_OFF,OFF,native,READ,58,0.526,1.105,1.631,20.471
r05,r05_OFF,OFF,native,READ,59,0.495,1.18,1.675,20.518
r05,r05_OFF,OFF,native,READ,60,0.521,2.101,2.622,20.493
r05,r05_OFF,OFF,native,READ,61,0.488,1.168,1.656,20.446
r05,r05_OFF,OFF,native,READ,62,4.164,2.323,6.487,20.514
r05,r05_OFF,OFF,native,READ,63,0.564,1.111,1.675,20.506
r05,r05_OFF,OFF,native,READ,64,0.596,1.118,1.714,20.495
r05,r05_OFF,OFF,native,SELECT,65,0.527,2.029,2.556,20.608
r05,r05_OFF,OFF,native,OPERATE,66,0.58,2.874,3.454,0.351
r05,r05_OFF,OFF,native,READ,67,0.541,1.137,1.678,20.466
r05,r05_OFF,OFF,native,READ,68,0.503,4.874,5.377,20.504
r05,r05_OFF,OFF,native,READ,69,0.585,3.829,4.414,20.422
r05,r05_OFF,OFF,native,READ,70,0.578,3.871,4.449,20.509
r05,r05_OFF,OFF,native,READ,71,0.578,3.959,4.537,20.496
r05,r05_OFF,OFF,native,SELECT,72,0.507,3.837,4.344,20.6
r05,r05_OFF,OFF,native,OPERATE,73,1.528,5.097,6.625,0.314
r05,r05_OFF,OFF,native,READ,74,0.565,2.978,3.543,20.545
r05,r05_OFF,OFF,native,READ,75,0.551,3.932,4.483,20.499
r05,r05_OFF,OFF,native,READ,76,0.559,1.09,1.649,20.509
r05,r05_OFF,OFF,native,READ,77,0.628,1.163,1.791,20.501
r05,r05_OFF,OFF,native,READ,78,1.574,1.104,2.678,20.53
r05,r05_OFF,OFF,native,READ,79,0.493,1.157,1.65,20.503
r05,r05_OFF,OFF,native,SELECT,80,0.569,2.165,2.734,20.622
r05,r05_OFF,OFF,native,OPERATE,81,0.569,2.835,3.404,0.353
r05,r05_OFF,OFF,native,READ,82,4.682,1.282,5.964,20.542
r05,r05_OFF,OFF,native,READ,83,0.555,2.105,2.66,20.512
r05,r05_OFF,OFF,native,READ,84,0.596,1.145,1.741,20.497
r05,r05_OFF,OFF,native,READ,85,0.562,1.104,1.666,20.508
r05,r05_OFF,OFF,native,READ,86,0.509,2.331,2.84,20.513
r05,r05_OFF,OFF,native,READ,87,0.489,1.1,1.589,20.501
r05,r05_OFF,OFF,native,SELECT,88,0.586,2.353,2.939,20.58
r05,r05_OFF,OFF,native,OPERATE,89,0.568,4.192,4.76,0.299
r05,r05_OFF,OFF,native,READ,90,0.528,1.112,1.64,20.547
r05,r05_OFF,OFF,native,READ,91,1.59,4.986,6.576,20.506
r05,r05_OFF,OFF,native,READ,92,0.497,3.984,4.481,20.506
r05,r05_OFF,OFF,native,READ,93,0.492,4.141,4.633,20.511
r05,r05_OFF,OFF,native,READ,94,0.494,3.892,4.386,20.513
r05,r05_OFF,OFF,native,SELECT,95,0.5,3.784,4.284,20.62
r05,r05_OFF,OFF,native,OPERATE,96,0.573,4.621,5.194,0.352
r05,r05_OFF,OFF,native,READ,97,0.457,3.209,3.666,20.549
r05,r05_OFF,OFF,native,READ,98,0.586,4.052,4.638,20.474
r05,r05_OFF,OFF,native,READ,99,0.565,3.944,4.509,20.501
r05,r05_OFF,OFF,native,READ,100,0.566,1.023,1.589,20.496
r05,r05_OFF,OFF,native,READ,101,0.523,6.426,6.949,20.502
r05,r05_OFF,OFF,native,READ,102,0.546,4.364,4.91,20.5
r05,r05_OFF,OFF,native,READ,103,0.565,3.922,4.487,20.503
r05,r05_OFF,OFF,native,SELECT,104,0.58,3.706,4.286,20.611
r05,r05_OFF,OFF,native,OPERATE,105,0.488,5.008,5.496,0.354
r05,r05_OFF,OFF,native,READ,106,2.145,1.531,3.676,20.581
r05,r05_OFF,OFF,native,READ,107,0.52,2.107,2.627,20.505
r05,r05_OFF,OFF,native,READ,108,0.733,1.091,1.824,20.478
r05,r05_OFF,OFF,native,READ,109,0.493,2.137,2.63,20.51
r05,r05_OFF,OFF,native,READ,110,0.629,1.094,1.723,20.495
r05,r05_OFF,OFF,native,READ,111,0.576,3.438,4.014,20.509
r05,r05_OFF,OFF,native,SELECT,112,0.493,1.118,1.611,20.639
r05,r05_OFF,OFF,native,OPERATE,113,1.61,1.8,3.41,0.374
r05,r05_OFF,OFF,native,READ,114,0.499,3.136,3.635,20.561
r05,r05_OFF,OFF,native,READ,115,0.568,3.757,4.325,20.506
r05,r05_OFF,OFF,native,READ,116,0.501,4.0,4.501,20.516
r05,r05_OFF,OFF,native,READ,117,0.499,4.264,4.763,20.522
r05,r05_OFF,OFF,native,READ,118,0.529,3.683,4.212,20.516
r05,r05_OFF,OFF,native,READ,119,0.567,8.498,9.065,20.512
r05,r05_OFF,OFF,native,READ,120,0.463,9.251,9.714,20.43
r05,r05_OFF,OFF,native,READ,121,0.448,8.932,9.38,20.504
r05,r05_OFF,OFF,native,SELECT,122,1.519,5.877,7.396,20.613
r05,r05_OFF,OFF,native,OPERATE,123,0.586,15.263,15.849,0.353
r05,r05_OFF,OFF,native,READ,124,0.503,1.173,1.676,20.477
r05,r05_OFF,OFF,native,READ,125,0.559,2.109,2.668,20.509
r05,r05_OFF,OFF,native,READ,126,0.544,1.103,1.647,20.568
r05,r05_OFF,OFF,native,READ,127,0.519,2.154,2.673,20.518
r05,r05_OFF,OFF,native,READ,128,0.565,1.102,1.667,20.5
r05,r05_OFF,OFF,native,READ,129,0.456,2.174,2.63,20.499
r05,r05_OFF,OFF,native,READ,130,0.779,1.098,1.877,20.501
r05,r05_OFF,OFF,native,READ,131,0.57,1.153,1.723,20.53
r05,r05_OFF,OFF,native,READ,132,0.522,2.051,2.573,20.5
r05,r05_OFF,OFF,native,SELECT,133,4.637,7.172,11.809,20.558
r05,r05_OFF,OFF,native,OPERATE,134,0.626,4.658,5.284,0.352
r05,r05_OFF,OFF,native,READ,135,0.577,3.461,4.038,20.541
r05,r05_OFF,OFF,native,READ,136,0.497,4.031,4.528,20.505
r05,r05_OFF,OFF,native,READ,137,0.492,3.987,4.479,20.504
r05,r05_OFF,OFF,native,READ,138,0.57,3.971,4.541,20.507
r05,r05_OFF,OFF,native,READ,139,0.552,4.095,4.647,20.493
r05,r05_OFF,OFF,native,SELECT,140,0.513,3.617,4.13,20.635
r05,r05_OFF,OFF,native,OPERATE,141,0.497,4.515,5.012,0.369
r05,r05_OFF,OFF,native,READ,142,0.568,3.035,3.603,20.554
r05,r05_OFF,OFF,native,READ,143,0.53,3.404,3.934,20.508
r05,r05_OFF,OFF,native,READ,144,0.533,1.101,1.634,20.518
r05,r05_OFF,OFF,native,READ,145,0.558,2.105,2.663,20.527
r05,r05_OFF,OFF,native,READ,146,0.527,1.1,1.627,20.51
r05,r05_OFF,OFF,native,SELECT,147,0.569,1.04,1.609,20.6
r05,r05_OFF,OFF,native,OPERATE,148,1.247,1.879,3.126,0.35
r05,r05_OFF,OFF,native,READ,149,0.551,2.129,2.68,20.567
r05,r05_OFF,OFF,native,READ,150,0.563,1.092,1.655,20.501
r05,r05_OFF,OFF,native,READ,151,0.736,2.103,2.839,20.481
r05,r05_OFF,OFF,native,READ,152,0.493,1.172,1.665,20.516
r05,r05_OFF,OFF,native,READ,153,0.565,1.1,1.665,20.509
r05,r05_OFF,OFF,native,READ,154,0.563,2.113,2.676,20.501
r05,r05_OFF,OFF,native,READ,155,0.552,1.096,1.648,20.497
r05,r05_OFF,OFF,native,READ,156,0.556,2.106,2.662,20.489
r05,r05_OFF,OFF,native,SELECT,157,0.551,1.166,1.717,20.601
r05,r05_OFF,OFF,native,OPERATE,158,0.53,3.224,3.754,0.381
r05,r05_OFF,OFF,native,READ,159,0.527,3.297,3.824,20.567
r05,r05_OFF,OFF,native,READ,160,0.569,3.831,4.4,20.502
r05,r05_OFF,OFF,native,READ,161,0.57,4.089,4.659,20.46
r05,r05_OFF,OFF,native,READ,162,0.571,3.992,4.563,20.508
r05,r05_OFF,OFF,native,READ,163,0.479,3.892,4.371,20.503
r05,r05_OFF,OFF,native,SELECT,164,0.552,3.732,4.284,20.612
r05,r05_OFF,OFF,native,OPERATE,165,0.586,4.973,5.559,0.353
r05,r05_OFF,OFF,native,READ,166,0.567,3.125,3.692,20.544
r05,r05_OFF,OFF,native,READ,167,0.572,2.098,2.67,20.505
r05,r05_OFF,OFF,native,READ,168,0.584,1.094,1.678,20.506
r05,r05_OFF,OFF,native,READ,169,0.568,1.115,1.683,20.528
r05,r05_OFF,OFF,native,READ,170,0.515,2.12,2.635,20.52
r05,r05_OFF,OFF,native,SELECT,171,0.569,1.035,1.604,20.531
r05,r05_OFF,OFF,native,OPERATE,172,1.612,1.824,3.436,0.351
r05,r05_OFF,OFF,native,READ,173,0.566,6.191,6.757,20.56
r05,r05_OFF,OFF,native,READ,174,0.668,1.083,1.751,20.499
r05,r05_OFF,OFF,native,READ,175,0.566,1.101,1.667,20.516
r05,r05_OFF,OFF,native,READ,176,0.527,2.07,2.597,20.551
r05,r05_OFF,OFF,native,READ,177,0.493,1.163,1.656,20.512
r05,r05_OFF,OFF,native,READ,178,0.538,2.117,2.655,20.494
r05,r05_OFF,OFF,native,READ,179,0.547,1.293,1.84,20.502
r05,r05_OFF,OFF,native,READ,180,0.491,2.074,2.565,20.509
r05,r05_OFF,OFF,native,READ,181,0.728,1.595,2.323,20.489
r05,r05_OFF,OFF,native,SELECT,182,0.51,12.94,13.45,20.606
r05,r05_OFF,OFF,native,OPERATE,183,1.488,5.593,7.081,0.353
r05,r05_OFF,OFF,native,READ,184,0.521,3.155,3.676,20.571
r05,r05_OFF,OFF,native,READ,185,0.578,3.974,4.552,20.497
r05,r05_OFF,OFF,native,READ,186,0.51,4.006,4.516,20.479
r05,r05_OFF,OFF,native,READ,187,0.502,3.989,4.491,20.493
r05,r05_OFF,OFF,native,READ,188,0.575,4.132,4.707,20.475
r05,r05_OFF,OFF,native,READ,189,0.566,3.794,4.36,20.502
r05,r05_OFF,OFF,native,READ,190,0.564,1.098,1.662,20.504
r05,r05_OFF,OFF,native,SELECT,191,4.613,2.097,6.71,20.597
r05,r05_OFF,OFF,native,OPERATE,192,0.481,2.847,3.328,0.351
r05,r05_OFF,OFF,native,READ,193,0.626,1.121,1.747,20.542
r05,r05_OFF,OFF,native,READ,194,0.495,1.17,1.665,20.527
r05,r05_OFF,OFF,native,READ,195,0.534,2.071,2.605,20.507
r05,r05_OFF,OFF,native,READ,196,0.553,1.111,1.664,20.511
r05,r05_OFF,OFF,native,READ,197,0.482,2.174,2.656,20.522
r05,r05_OFF,OFF,native,READ,198,0.505,1.214,1.719,20.424
r05,r05_OFF,OFF,native,SELECT,199,0.455,1.033,1.488,20.602
r05,r05_OFF,OFF,native,OPERATE,200,1.239,2.093,3.332,0.293
r05,r05_OFF,OFF,native,READ,201,0.563,2.069,2.632,20.586
r05,r05_OFF,OFF,native,READ,202,0.546,1.173,1.719,20.495
r05,r05_OFF,OFF,native,READ,203,0.499,2.169,2.668,20.489
r05,r05_OFF,OFF,native,READ,204,0.624,1.093,1.717,20.513
r05,r05_OFF,OFF,native,READ,205,0.581,3.333,3.914,20.518
r05,r05_OFF,OFF,native,READ,206,0.495,3.983,4.478,20.504
r05,r05_OFF,OFF,native,READ,207,0.509,4.043,4.552,20.502
r05,r05_OFF,OFF,native,READ,208,0.495,4.155,4.65,20.501
r05,r05_OFF,OFF,native,SELECT,209,0.46,3.681,4.141,20.633
r05,r05_OFF,OFF,native,OPERATE,210,0.575,4.738,5.313,0.349
r05,r05_OFF,OFF,native,READ,211,0.576,3.157,3.733,20.549
r05,r05_OFF,OFF,native,READ,212,0.579,4.021,4.6,20.494
r05,r05_OFF,OFF,native,READ,213,0.545,1.076,1.621,20.498
r05,r05_OFF,OFF,native,READ,214,1.497,1.146,2.643,20.45
r05,r05_OFF,OFF,native,READ,215,0.559,1.096,1.655,20.508
r05,r05_OFF,OFF,native,SELECT,216,0.58,2.244,2.824,20.609
r05,r05_OFF,OFF,native,OPERATE,217,0.493,2.939,3.432,0.356
r05,r05_OFF,OFF,native,READ,218,0.565,1.093,1.658,20.555
r05,r05_OFF,OFF,native,READ,219,0.522,2.115,2.637,20.495
r05,r05_OFF,OFF,native,READ,220,0.675,1.097,1.772,20.506
r05,r05_OFF,OFF,native,READ,221,0.565,1.108,1.673,20.504
r05,r05_OFF,OFF,native,READ,222,0.565,2.101,2.666,20.497
r05,r05_OFF,OFF,native,SELECT,223,0.57,1.053,1.623,20.618
r05,r05_OFF,OFF,native,OPERATE,224,1.518,1.854,3.372,0.306
r05,r05_OFF,OFF,native,READ,225,0.514,1.109,1.623,20.486
r05,r05_OFF,OFF,native,READ,226,1.529,1.1,2.629,20.569
r05,r05_OFF,OFF,native,READ,227,0.519,1.104,1.623,20.5
r05,r05_OFF,OFF,native,READ,228,0.58,2.127,2.707,20.497
r05,r05_OFF,OFF,native,READ,229,0.465,4.778,5.243,20.511
r05,r05_OFF,OFF,native,READ,230,0.58,4.028,4.608,20.441
r05,r05_OFF,OFF,native,SELECT,231,0.51,12.871,13.381,20.601
r05,r05_OFF,OFF,native,OPERATE,232,0.525,6.932,7.457,0.352
r05,r05_OFF,OFF,native,READ,233,0.511,3.154,3.665,20.554
r05,r05_OFF,OFF,native,READ,234,0.548,3.914,4.462,20.5
r05,r05_OFF,OFF,native,READ,235,0.477,4.096,4.573,20.429
r05,r05_OFF,OFF,native,READ,236,0.552,4.055,4.607,20.423
r05,r05_OFF,OFF,native,READ,237,0.523,1.139,1.662,20.5
r05,r05_OFF,OFF,native,READ,238,0.536,2.262,2.798,20.416
r05,r05_OFF,OFF,native,SELECT,239,0.503,1.097,1.6,20.638
r05,r05_OFF,OFF,native,OPERATE,240,0.496,2.861,3.357,0.371
r05,r05_OFF,OFF,native,READ,241,0.573,5.217,5.79,20.57
r05,r05_OFF,OFF,native,READ,242,0.562,2.067,2.629,20.526
r05,r05_OFF,OFF,native,READ,243,0.525,1.297,1.822,20.503
r05,r05_OFF,OFF,native,READ,244,0.525,2.108,2.633,20.497
r05,r05_OFF,OFF,native,READ,245,0.576,1.113,1.689,20.53
r05,r05_OFF,OFF,native,READ,246,0.531,1.077,1.608,20.498
r05,r05_OFF,OFF,native,SELECT,247,1.567,1.163,2.73,20.628
r05,r05_OFF,OFF,native,OPERATE,248,0.547,2.842,3.389,0.309
r05,r05_OFF,OFF,native,READ,249,0.55,1.102,1.652,20.478
r05,r05_OFF,OFF,native,READ,250,0.546,2.123,2.669,20.503
r05,r05_OFF,OFF,native,READ,251,4.357,1.137,5.494,20.572
r05,r05_OFF,OFF,native,READ,252,0.502,4.25,4.752,20.498
r05,r05_OFF,OFF,native,READ,253,0.495,3.73,4.225,20.52
r05,r05_OFF,OFF,native,SELECT,254,0.58,3.796,4.376,20.613
r05,r05_OFF,OFF,native,OPERATE,255,0.566,4.75,5.316,0.352
r05,r05_OFF,OFF,native,READ,256,2.321,1.601,3.922,20.464
r05,r05_OFF,OFF,native,READ,257,0.491,3.988,4.479,20.492
r05,r05_OFF,OFF,native,READ,258,0.568,3.844,4.412,20.496
r05,r05_OFF,OFF,native,READ,259,0.567,3.929,4.496,20.503
r05,r05_OFF,OFF,native,READ,260,0.574,7.411,7.985,20.496
r05,r05_OFF,OFF,native,SELECT,261,0.563,1.046,1.609,20.656
r05,r05_OFF,OFF,native,OPERATE,262,1.35,1.921,3.271,0.352
r05,r05_OFF,OFF,native,READ,263,0.44,2.185,2.625,20.565
r05,r05_OFF,OFF,native,READ,264,0.556,1.121,1.677,20.495
r05,r05_OFF,OFF,native,READ,265,0.517,1.106,1.623,20.497
r05,r05_OFF,OFF,native,READ,266,1.581,1.142,2.723,20.499
r05,r05_OFF,OFF,native,READ,267,0.437,1.148,1.585,20.477
r05,r05_OFF,OFF,native,READ,268,0.569,2.128,2.697,20.508
r05,r05_OFF,OFF,native,READ,269,0.45,1.177,1.627,20.53
r05,r05_OFF,OFF,native,READ,270,0.485,10.752,11.237,20.525
r05,r05_OFF,OFF,native,READ,271,0.504,4.78,5.284,20.499
r05,r05_OFF,OFF,native,SELECT,272,0.586,8.738,9.324,20.605
r05,r05_OFF,OFF,native,OPERATE,273,0.51,11.067,11.577,0.353
r05,r05_OFF,OFF,native,READ,274,0.58,3.009,3.589,20.549
r05,r05_OFF,OFF,native,READ,275,0.578,3.796,4.374,20.495
r05,r05_OFF,OFF,native,READ,276,0.578,4.097,4.675,20.509
r05,r05_OFF,OFF,native,READ,277,0.572,3.842,4.414,20.508
r05,r05_OFF,OFF,native,READ,278,0.575,4.066,4.641,20.482
r05,r05_OFF,OFF,native,SELECT,279,0.472,6.25,6.722,20.6
r05,r05_OFF,OFF,native,OPERATE,280,1.24,1.903,3.143,0.368
r05,r05_OFF,OFF,native,READ,281,0.501,3.911,4.412,20.55
r05,r05_OFF,OFF,native,READ,282,0.539,3.183,3.722,20.503
r05,r05_OFF,OFF,native,READ,283,0.501,3.53,4.031,20.503
r05,r05_OFF,OFF,native,READ,284,0.559,1.104,1.663,20.493
r05,r05_OFF,OFF,native,READ,285,0.523,2.304,2.827,20.494
r05,r05_OFF,OFF,native,SELECT,286,0.469,1.111,1.58,20.607
r05,r05_OFF,OFF,native,OPERATE,287,0.54,2.963,3.503,0.355
r05,r05_OFF,OFF,native,READ,288,0.484,1.224,1.708,20.552
r05,r05_OFF,OFF,native,READ,289,3.47,2.599,6.069,20.495
r05,r05_OFF,OFF,native,READ,290,0.508,4.028,4.536,20.425
r05,r05_OFF,OFF,native,READ,291,0.574,4.803,5.377,20.495
r05,r05_OFF,OFF,native,READ,292,0.531,1.295,1.826,20.499
r05,r05_OFF,OFF,native,SELECT,293,0.459,2.081,2.54,20.616
r05,r05_OFF,OFF,native,OPERATE,294,0.57,7.23,7.8,0.351
r05,r05_OFF,OFF,native,READ,295,0.451,1.161,1.612,20.553
r05,r05_OFF,OFF,native,READ,296,0.536,2.154,2.69,20.522
r05,r05_OFF,OFF,native,READ,297,0.525,1.044,1.569,20.5
r05,r05_OFF,OFF,native,READ,298,0.578,7.09,7.668,20.449
r05,r05_OFF,OFF,native,READ,299,0.584,4.087,4.671,20.426
r05,r05_OFF,OFF,native,SELECT,300,0.511,8.578,9.089,20.602
r05,r05_OFF,OFF,native,OPERATE,301,0.562,8.997,9.559,0.349
r05,r05_OFF,OFF,native,READ,302,0.584,3.178,3.762,20.607
r05,r05_OFF,OFF,native,READ,303,2.859,1.67,4.529,20.503
r05,r05_OFF,OFF,native,READ,304,0.569,3.788,4.357,20.502
r05,r05_OFF,OFF,native,READ,305,0.531,3.981,4.512,20.498
r05,r05_OFF,OFF,native,READ,306,0.512,1.1,1.612,20.45
r05,r05_OFF,OFF,native,READ,307,1.585,1.128,2.713,20.486
r05,r05_OFF,OFF,native,READ,308,0.458,1.171,1.629,20.508
r05,r05_OFF,OFF,native,READ,309,0.5,2.163,2.663,20.519
r05,r05_OFF,OFF,native,SELECT,310,0.522,1.05,1.572,20.628
r05,r05_OFF,OFF,native,OPERATE,311,0.553,2.865,3.418,0.351
r05,r05_OFF,OFF,native,READ,312,0.552,1.111,1.663,20.57
r05,r05_OFF,OFF,native,READ,313,1.612,1.105,2.717,20.501
r05,r05_OFF,OFF,native,READ,314,0.522,1.129,1.651,20.503
r05,r05_OFF,OFF,native,READ,315,0.563,2.075,2.638,20.44
r05,r05_OFF,OFF,native,READ,316,0.49,1.19,1.68,20.497
r05,r05_OFF,OFF,native,READ,317,0.558,2.105,2.663,20.514
r05,r05_OFF,OFF,native,READ,318,0.566,1.333,1.899,20.514
r05,r05_OFF,OFF,native,SELECT,319,0.462,1.11,1.572,20.608
r05,r05_OFF,OFF,native,OPERATE,320,1.107,1.961,3.068,0.352
r05,r05_OFF,OFF,native,READ,321,0.527,3.436,3.963,20.551
r05,r05_OFF,OFF,native,READ,322,0.527,3.857,4.384,20.507
r05,r05_OFF,OFF,native,READ,323,0.575,3.926,4.501,20.494
r05,r05_OFF,OFF,native,READ,324,0.573,3.994,4.567,20.503
r05,r05_OFF,OFF,native,READ,325,0.5,4.081,4.581,20.457
r05,r05_OFF,OFF,native,READ,326,0.453,3.885,4.338,20.564
r05,r05_OFF,OFF,native,READ,327,3.153,1.378,4.531,20.496
r05,r05_OFF,OFF,native,SELECT,328,0.454,1.106,1.56,20.601
r05,r05_OFF,OFF,native,OPERATE,329,1.109,1.943,3.052,0.351
r05,r05_OFF,OFF,native,READ,330,0.506,2.073,2.579,20.571
r05,r05_OFF,OFF,native,READ,331,0.491,1.163,1.654,20.48
r05,r05_OFF,OFF,native,READ,332,0.556,1.075,1.631,20.497
r05,r05_OFF,OFF,native,READ,333,1.5,1.151,2.651,20.496
r05,r05_OFF,OFF,native,READ,334,0.562,1.089,1.651,20.491
r05,r05_OFF,OFF,native,SELECT,335,0.498,2.124,2.622,20.632
r05,r05_OFF,OFF,native,OPERATE,336,0.498,3.001,3.499,0.376
r05,r05_OFF,OFF,native,READ,337,0.57,1.073,1.643,20.542
r05,r05_OFF,OFF,native,READ,338,0.551,1.161,1.712,20.528
r05,r05_OFF,OFF,native,READ,339,1.517,1.097,2.614,20.425
r05,r05_OFF,OFF,native,READ,340,0.558,1.247,1.805,20.432
r05,r05_OFF,OFF,native,READ,341,0.573,2.112,2.685,20.506
r05,r05_OFF,OFF,native,SELECT,342,0.495,1.108,1.603,20.637
r05,r05_OFF,OFF,native,OPERATE,343,0.444,2.997,3.441,0.372
r05,r05_OFF,OFF,native,READ,344,0.531,1.11,1.641,20.544
r05,r05_OFF,OFF,native,READ,345,1.528,1.54,3.068,20.533
r05,r05_OFF,OFF,native,READ,346,0.486,4.022,4.508,20.504
r05,r05_OFF,OFF,native,READ,347,0.562,3.769,4.331,20.503
r05,r05_OFF,OFF,native,READ,348,0.513,4.058,4.571,20.505
r05,r05_OFF,OFF,native,SELECT,349,0.513,4.219,4.732,20.524
r05,r05_OFF,OFF,native,OPERATE,350,0.505,10.656,11.161,0.351
r05,r05_OFF,OFF,native,READ,351,0.577,2.949,3.526,20.612
r05,r05_OFF,OFF,native,READ,352,0.651,3.923,4.574,20.5
r05,r05_OFF,OFF,native,READ,353,0.611,1.896,2.507,20.498
r05,r05_OFF,OFF,native,READ,354,0.547,2.053,2.6,20.496
r05,r05_OFF,OFF,native,READ,355,0.527,1.11,1.637,20.447
r05,r05_OFF,OFF,native,READ,356,0.506,1.172,1.678,20.494
r05,r05_OFF,OFF,native,READ,357,0.451,6.288,6.739,20.51
r05,r05_OFF,OFF,native,SELECT,358,0.572,1.024,1.596,20.629
r05,r05_OFF,OFF,native,OPERATE,359,1.583,1.787,3.37,0.352
r05,r05_OFF,OFF,native,READ,360,0.545,2.113,2.658,20.565
r05,r05_OFF,OFF,native,READ,361,0.564,1.116,1.68,20.505
r05,r05_OFF,OFF,native,READ,362,0.569,1.093,1.662,20.501
r05,r05_OFF,OFF,native,READ,363,0.476,2.243,2.719,20.504
r05,r05_OFF,OFF,native,READ,364,0.562,1.094,1.656,20.495
r05,r05_OFF,OFF,native,SELECT,365,0.586,2.183,2.769,20.634
r05,r05_OFF,OFF,native,OPERATE,366,0.586,2.977,3.563,0.352
r05,r05_OFF,OFF,native,READ,367,0.567,1.1,1.667,20.544
r05,r05_OFF,OFF,native,READ,368,0.913,2.157,3.07,20.497
r05,r05_OFF,OFF,native,READ,369,0.517,4.398,4.915,20.438
r05,r05_OFF,OFF,native,READ,370,0.55,3.972,4.522,20.496
r05,r05_OFF,OFF,native,READ,371,0.539,4.044,4.583,20.497
r05,r05_OFF,OFF,native,READ,372,0.53,12.624,13.154,20.487
r05,r05_OFF,OFF,native,READ,373,0.57,4.346,4.916,20.499
r05,r05_OFF,OFF,native,READ,374,0.583,3.783,4.366,20.499
r05,r05_OFF,OFF,native,READ,375,0.453,1.214,1.667,20.5
r05,r05_OFF,OFF,native,SELECT,376,0.459,6.464,6.923,20.691
r05,r05_OFF,OFF,native,OPERATE,377,0.449,2.963,3.412,0.352
r05,r05_OFF,OFF,native,READ,378,0.52,1.144,1.664,20.571
r05,r05_OFF,OFF,native,READ,379,0.551,2.05,2.601,20.498
r05,r05_OFF,OFF,native,READ,380,0.533,1.086,1.619,20.503
r05,r05_OFF,OFF,native,READ,381,0.582,1.085,1.667,20.486
r05,r05_OFF,OFF,native,READ,382,0.51,2.131,2.641,20.497
r05,r05_OFF,OFF,native,READ,383,0.489,1.17,1.659,20.533
r05,r05_OFF,OFF,native,READ,384,0.523,2.091,2.614,20.501
r05,r05_OFF,OFF,native,READ,385,0.56,1.102,1.662,20.521
r05,r05_OFF,OFF,native,READ,386,4.075,1.145,5.22,20.498
r05,r05_OFF,OFF,native,SELECT,387,0.566,2.033,2.599,20.609
r05,r05_OFF,OFF,native,OPERATE,388,0.522,2.889,3.411,0.353
r05,r05_OFF,OFF,native,READ,389,0.523,1.145,1.668,20.578
r05,r05_OFF,OFF,native,READ,390,0.565,1.092,1.657,20.505
r05,r05_OFF,OFF,native,READ,391,1.534,2.138,3.672,20.494
r05,r05_OFF,OFF,native,READ,392,0.575,3.963,4.538,20.494
r05,r05_OFF,OFF,native,READ,393,0.501,3.899,4.4,20.503
r05,r05_OFF,OFF,native,SELECT,394,0.499,3.89,4.389,20.606
r05,r05_OFF,OFF,native,OPERATE,395,0.495,5.978,6.473,0.35
r05,r05_OFF,OFF,native,READ,396,0.572,2.194,2.766,20.485
r05,r05_OFF,OFF,native,READ,397,1.491,3.044,4.535,20.497
r05,r05_OFF,OFF,native,READ,398,0.545,9.99,10.535,20.443
r05,r05_OFF,OFF,native,READ,399,0.504,1.599,2.103,20.51
r05,r05_OFF,OFF,native,READ,400,0.512,2.111,2.623,20.497
r05,r05_OFF,OFF,native,READ,401,0.571,1.118,1.689,20.561
r05,r05_OFF,OFF,native,READ,402,0.486,2.094,2.58,20.505
r05,r05_OFF,OFF,native,READ,403,0.712,1.175,1.887,20.497
r05,r05_OFF,OFF,native,SELECT,404,0.562,1.039,1.601,20.641
r05,r05_OFF,OFF,native,OPERATE,405,1.265,1.829,3.094,0.35
r05,r05_OFF,OFF,native,READ,406,2.698,1.114,3.812,20.554
r05,r05_OFF,OFF,native,READ,407,0.542,1.124,1.666,20.52
r05,r05_OFF,OFF,native,READ,408,0.526,2.185,2.711,20.505
r05,r05_OFF,OFF,native,READ,409,0.55,1.09,1.64,20.452
r05,r05_OFF,OFF,native,READ,410,0.526,2.224,2.75,20.5
r05,r05_OFF,OFF,native,SELECT,411,0.468,1.103,1.571,20.63
r05,r05_OFF,OFF,native,OPERATE,412,0.484,2.896,3.38,0.376
r05,r05_OFF,OFF,native,READ,413,0.488,1.172,1.66,20.56
r05,r05_OFF,OFF,native,READ,414,0.448,2.123,2.571,20.504
r05,r05_OFF,OFF,native,READ,415,0.555,3.351,3.906,20.525
r05,r05_OFF,OFF,native,READ,416,2.049,2.534,4.583,20.504
r05,r05_OFF,OFF,native,READ,417,0.509,3.944,4.453,20.492
r05,r05_OFF,OFF,native,SELECT,418,0.507,3.787,4.294,20.612
r05,r05_OFF,OFF,native,OPERATE,419,0.566,4.74,5.306,0.354
r05,r05_OFF,OFF,native,READ,420,0.454,3.198,3.652,20.578
r05,r05_OFF,OFF,native,READ,421,2.2,2.464,4.664,20.507
r05,r05_OFF,OFF,native,READ,422,0.559,3.718,4.277,20.506
r05,r05_OFF,OFF,native,READ,423,0.565,1.104,1.669,20.467
r05,r05_OFF,OFF,native,READ,424,0.546,2.086,2.632,20.496
r05,r05_OFF,OFF,native,READ,425,0.571,1.116,1.687,20.502
r05,r05_OFF,OFF,native,SELECT,426,0.504,2.069,2.573,20.698
r05,r05_OFF,OFF,native,OPERATE,427,0.48,2.087,2.567,0.371
r05,r05_OFF,OFF,native,READ,428,1.564,1.087,2.651,20.55
r05,r05_OFF,OFF,native,READ,429,0.556,1.116,1.672,20.508
r05,r05_OFF,OFF,native,READ,430,0.54,2.086,2.626,20.497
r05,r05_OFF,OFF,native,READ,431,0.729,1.02,1.749,20.496
r05,r05_OFF,OFF,native,READ,432,0.574,2.099,2.673,20.435
r05,r05_OFF,OFF,native,SELECT,433,0.681,1.039,1.72,20.637
r05,r05_OFF,OFF,native,OPERATE,434,0.518,2.894,3.412,0.366
r05,r05_OFF,OFF,native,READ,435,0.451,1.172,1.623,20.532
r05,r05_OFF,OFF,native,READ,436,0.541,2.11,2.651,20.52
r05,r05_OFF,OFF,native,READ,437,0.557,1.111,1.668,20.504
r05,r05_OFF,OFF,native,READ,438,0.568,2.171,2.739,20.503
r05,r05_OFF,OFF,native,READ,439,0.458,4.835,5.293,20.491
r05,r05_OFF,OFF,native,READ,440,0.573,8.026,8.599,20.497
r05,r05_OFF,OFF,native,READ,441,0.597,8.927,9.524,20.505
r05,r05_OFF,OFF,native,READ,442,0.536,8.909,9.445,20.502
r05,r05_OFF,OFF,native,SELECT,443,0.51,9.751,10.261,20.607
r05,r05_OFF,OFF,native,OPERATE,444,0.539,9.035,9.574,0.352
r05,r05_OFF,OFF,native,READ,445,0.581,8.191,8.772,20.501
r05,r05_OFF,OFF,native,READ,446,0.551,4.106,4.657,20.494
r05,r05_OFF,OFF,native,READ,447,0.5,3.785,4.285,20.516
r05,r05_OFF,OFF,native,READ,448,0.501,3.935,4.436,20.496
r05,r05_OFF,OFF,native,READ,449,0.56,1.099,1.659,20.449
r05,r05_OFF,OFF,native,READ,450,0.519,2.219,2.738,20.498
r05,r05_OFF,OFF,native,READ,451,0.473,1.144,1.617,20.554
r05,r05_OFF,OFF,native,READ,452,0.5,2.217,2.717,20.492
r05,r05_OFF,OFF,native,READ,453,0.553,1.103,1.656,20.505
r05,r05_OFF,OFF,native,SELECT,454,0.59,1.97,2.56,20.607
r05,r05_OFF,OFF,native,OPERATE,455,0.447,1.921,2.368,0.3
r05,r05_OFF,OFF,native,READ,456,0.446,6.374,6.82,20.552
r05,r05_OFF,OFF,native,READ,457,0.501,8.1,8.601,20.505
r05,r05_OFF,OFF,native,READ,458,0.546,3.98,4.526,20.496
r05,r05_OFF,OFF,native,READ,459,0.512,4.128,4.64,20.418
r05,r05_OFF,OFF,native,READ,460,0.498,3.946,4.444,20.508
r05,r05_OFF,OFF,native,READ,461,0.494,4.018,4.512,20.502
r05,r05_OFF,OFF,native,READ,462,0.508,4.177,4.685,20.501
r05,r05_OFF,OFF,native,READ,463,0.574,3.913,4.487,20.499
r05,r05_OFF,OFF,native,SELECT,464,0.571,3.614,4.185,20.602
r05,r05_OFF,OFF,native,OPERATE,465,0.57,4.708,5.278,0.353
r05,r05_OFF,OFF,native,READ,466,0.532,3.133,3.665,20.521
r05,r05_OFF,OFF,native,READ,467,0.49,1.156,1.646,20.478
r05,r05_OFF,OFF,native,READ,468,0.524,2.132,2.656,20.506
r05,r05_OFF,OFF,native,READ,469,0.489,1.171,1.66,20.528
r05,r05_OFF,OFF,native,READ,470,0.45,2.181,2.631,20.502
r05,r05_OFF,OFF,native,READ,471,0.564,1.112,1.676,20.512
r05,r05_OFF,OFF,native,SELECT,472,0.567,1.925,2.492,20.614
r05,r05_OFF,OFF,native,OPERATE,473,0.569,1.831,2.4,0.3
r05,r05_OFF,OFF,native,READ,474,0.49,2.133,2.623,20.552
r05,r05_OFF,OFF,native,READ,475,0.519,1.074,1.593,20.505
r05,r05_OFF,OFF,native,READ,476,0.486,2.17,2.656,20.534
r05,r05_OFF,OFF,native,READ,477,0.462,1.178,1.64,20.512
r05,r05_OFF,OFF,native,READ,478,0.488,1.171,1.659,20.495
r05,r05_OFF,OFF,native,SELECT,479,1.529,1.057,2.586,20.613
r05,r05_OFF,OFF,native,OPERATE,480,0.483,2.956,3.439,0.372
r05,r05_OFF,OFF,native,READ,481,0.56,1.098,1.658,20.546
r05,r05_OFF,OFF,native,READ,482,0.564,2.094,2.658,20.516
r05,r05_OFF,OFF,native,READ,483,0.518,14.419,14.937,20.419
r05,r05_OFF,OFF,native,READ,484,0.497,5.946,6.443,20.494
r05,r05_OFF,OFF,native,READ,485,0.75,3.747,4.497,20.495
r05,r05_OFF,OFF,native,READ,486,0.694,2.832,3.526,20.497
r05,r05_OFF,OFF,native,READ,487,3.031,2.639,5.67,20.506
r05,r05_OFF,OFF,native,SELECT,488,0.461,2.696,3.157,20.643
r05,r05_OFF,OFF,native,OPERATE,489,1.106,1.943,3.049,0.353
r05,r05_OFF,OFF,native,READ,490,0.454,6.633,7.087,20.548
r05,r05_OFF,OFF,native,READ,491,0.455,1.167,1.622,20.498
r05,r05_OFF,OFF,native,READ,492,4.688,2.88,7.568,20.491
r05,r05_OFF,OFF,native,READ,493,0.567,1.095,1.662,20.513
r05,r05_OFF,OFF,native,READ,494,0.623,2.058,2.681,20.5
r05,r05_OFF,OFF,native,SELECT,495,0.571,1.027,1.598,20.6
r05,r05_OFF,OFF,native,OPERATE,496,0.562,2.793,3.355,0.357
r05,r05_OFF,OFF,native,READ,497,0.562,1.108,1.67,20.565
r05,r05_OFF,OFF,native,READ,498,0.567,2.107,2.674,20.428
r05,r05_OFF,OFF,native,READ,499,0.5,1.219,1.719,20.488
r05,r05_OFF,OFF,native,READ,500,0.551,2.049,2.6,20.506
r05,r05_OFF,OFF,native,READ,501,0.552,1.226,1.778,20.553
r05,r05_OFF,OFF,native,SELECT,502,2.963,1.034,3.997,20.612
r05,r05_OFF,OFF,native,OPERATE,503,0.534,2.849,3.383,0.354
r05,r05_OFF,OFF,native,READ,504,0.506,4.907,5.413,20.566
r05,r05_OFF,OFF,native,READ,505,0.56,2.015,2.575,20.485
r05,r05_OFF,OFF,native,READ,506,0.942,5.82,6.762,20.431
r05,r05_OFF,OFF,native,READ,507,2.953,1.637,4.59,20.5
r05,r05_OFF,OFF,native,READ,508,0.497,3.993,4.49,20.448
r05,r05_OFF,OFF,native,READ,509,0.563,3.901,4.464,20.496
r05,r05_OFF,OFF,native,READ,510,0.497,4.01,4.507,20.498
r05,r05_OFF,OFF,native,READ,511,0.586,13.022,13.608,20.497
r05,r05_OFF,OFF,native,SELECT,512,1.534,4.594,6.128,20.641
r05,r05_OFF,OFF,native,OPERATE,513,0.561,4.491,5.052,0.355
r05,r05_OFF,OFF,native,READ,514,0.513,1.12,1.633,20.537
r05,r05_OFF,OFF,native,READ,515,1.567,1.079,2.646,20.46
r05,r05_OFF,OFF,native,READ,516,1.462,2.304,3.766,20.514
r05,r05_OFF,OFF,native,READ,517,0.5,1.168,1.668,20.504
r05,r05_OFF,OFF,native,READ,518,0.48,1.143,1.623,20.508
r05,r05_OFF,OFF,native,READ,519,1.568,1.098,2.666,20.499
r05,r05_OFF,OFF,native,READ,520,0.675,1.137,1.812,20.491
r05,r05_OFF,OFF,native,SELECT,521,0.559,2.007,2.566,20.611
r05,r05_OFF,OFF,native,OPERATE,522,0.497,2.897,3.394,0.352
r05,r05_OFF,OFF,native,READ,523,0.568,1.11,1.678,20.561
r05,r05_OFF,OFF,native,READ,524,0.512,1.104,1.616,20.497
r05,r05_OFF,OFF,native,READ,525,1.561,1.106,2.667,20.426
r05,r05_OFF,OFF,native,READ,526,3.693,1.107,4.8,20.57
r05,r05_OFF,OFF,native,READ,527,0.489,1.182,1.671,20.513
r05,r05_OFF,OFF,native,SELECT,528,1.594,1.031,2.625,20.639
r05,r05_OFF,OFF,native,OPERATE,529,0.448,4.139,4.587,0.352
r05,r05_OFF,OFF,native,READ,530,0.569,3.294,3.863,20.542
r05,r05_OFF,OFF,native,READ,531,0.497,12.984,13.481,20.499
r05,r05_OFF,OFF,native,READ,532,0.498,4.902,5.4,20.503
r05,r05_OFF,OFF,native,READ,533,0.502,3.985,4.487,20.507
r05,r05_OFF,OFF,native,READ,534,0.476,4.196,4.672,20.497
r05,r05_OFF,OFF,native,READ,535,2.823,1.632,4.455,20.509
r05,r05_OFF,OFF,native,SELECT,536,1.577,1.027,2.604,20.62
r05,r05_OFF,OFF,native,OPERATE,537,0.538,2.936,3.474,0.373
r05,r05_OFF,OFF,native,READ,538,0.487,1.181,1.668,20.571
r05,r05_OFF,OFF,native,READ,539,0.566,3.366,3.932,20.513
r05,r05_OFF,OFF,native,READ,540,0.565,1.072,1.637,20.459
r05,r05_OFF,OFF,native,READ,541,0.521,2.271,2.792,20.499
r05,r05_OFF,OFF,native,READ,542,0.548,1.103,1.651,20.506
r05,r05_OFF,OFF,native,READ,543,0.495,2.185,2.68,20.499
r05,r05_OFF,OFF,native,SELECT,544,0.467,1.095,1.562,20.608
r05,r05_OFF,OFF,native,OPERATE,545,0.564,2.886,3.45,0.354
r05,r05_OFF,OFF,native,READ,546,0.483,1.175,1.658,20.524
r05,r05_OFF,OFF,native,READ,547,1.578,1.098,2.676,20.504
r05,r05_OFF,OFF,native,READ,548,0.561,1.069,1.63,20.496
r05,r05_OFF,OFF,native,READ,549,0.585,2.098,2.683,20.498
r05,r05_OFF,OFF,native,READ,550,0.495,1.177,1.672,20.525
r05,r05_OFF,OFF,native,READ,551,0.494,2.122,2.616,20.578
r05,r05_OFF,OFF,native,SELECT,552,0.536,2.114,2.65,20.613
r05,r05_OFF,OFF,native,OPERATE,553,1.536,5.058,6.594,0.351
r05,r05_OFF,OFF,native,READ,554,0.477,3.176,3.653,20.544
r05,r05_OFF,OFF,native,READ,555,0.554,3.902,4.456,20.501
r05,r05_OFF,OFF,native,READ,556,0.532,4.041,4.573,20.492
r05,r05_OFF,OFF,native,READ,557,0.579,3.916,4.495,20.496
r05,r05_OFF,OFF,native,READ,558,0.509,4.07,4.579,20.505
r05,r05_OFF,OFF,native,READ,559,0.506,3.795,4.301,20.517
r05,r05_OFF,OFF,native,SELECT,560,0.535,1.031,1.566,20.553
r05,r05_OFF,OFF,native,OPERATE,561,0.542,2.931,3.473,0.354
r05,r05_OFF,OFF,native,READ,562,0.532,1.088,1.62,20.551
r05,r05_OFF,OFF,native,READ,563,0.61,2.102,2.712,20.5
r05,r05_OFF,OFF,native,READ,564,0.461,1.35,1.811,20.496
r05,r05_OFF,OFF,native,READ,565,0.564,2.097,2.661,20.498
r05,r05_OFF,OFF,native,READ,566,0.579,1.11,1.689,20.496
r05,r05_OFF,OFF,native,READ,567,0.484,1.173,1.657,20.493
r05,r05_OFF,OFF,native,READ,568,1.704,1.077,2.781,20.496
r05,r05_OFF,OFF,native,READ,569,0.458,1.17,1.628,20.509
r05,r05_OFF,OFF,native,READ,570,0.564,2.173,2.737,20.55
r05,r05_OFF,OFF,native,SELECT,571,0.578,1.022,1.6,20.609
r05,r05_OFF,OFF,native,OPERATE,572,0.522,2.821,3.343,0.352
r05,r05_OFF,OFF,native,READ,573,0.524,1.104,1.628,20.556
r05,r05_OFF,OFF,native,READ,574,1.575,1.095,2.67,20.498
r05,r05_OFF,OFF,native,READ,575,0.462,1.23,1.692,20.493
r05,r05_OFF,OFF,native,READ,576,0.507,5.748,6.255,20.566
r05,r05_OFF,OFF,native,READ,577,0.453,4.042,4.495,20.493
r05,r05_OFF,OFF,native,READ,578,0.467,3.982,4.449,20.495
r05,r05_OFF,OFF,native,READ,579,0.561,4.087,4.648,20.528
r05,r05_OFF,OFF,native,READ,580,0.506,3.873,4.379,20.517
r05,r05_OFF,OFF,native,READ,581,0.537,3.955,4.492,20.503
r05,r05_OFF,OFF,native,SELECT,582,0.513,3.764,4.277,20.631
r05,r05_OFF,OFF,native,OPERATE,583,0.534,4.898,5.432,0.351
r05,r05_OFF,OFF,native,READ,584,0.554,1.069,1.623,20.544
r05,r05_OFF,OFF,native,READ,585,1.569,1.103,2.672,20.45
r05,r05_OFF,OFF,native,READ,586,0.555,1.249,1.804,20.49
r05,r05_OFF,OFF,native,READ,587,0.498,2.142,2.64,20.521
r05,r05_OFF,OFF,native,READ,588,0.473,1.173,1.646,20.455
r05,r05_OFF,OFF,native,READ,589,0.547,2.098,2.645,20.503
r05,r05_OFF,OFF,native,SELECT,590,0.536,1.201,1.737,20.606
r05,r05_OFF,OFF,native,OPERATE,591,0.441,2.928,3.369,0.354
r05,r05_OFF,OFF,native,READ,592,0.533,1.094,1.627,20.53
r05,r05_OFF,OFF,native,READ,593,0.492,2.147,2.639,20.501
r05,r05_OFF,OFF,native,READ,594,0.484,1.176,1.66,20.495
r05,r05_OFF,OFF,native,READ,595,0.562,2.116,2.678,20.52
r05,r05_OFF,OFF,native,READ,596,0.567,1.091,1.658,20.516
r05,r05_OFF,OFF,native,SELECT,597,0.495,1.101,1.596,20.623
r05,r05_OFF,OFF,native,OPERATE,598,1.295,1.9,3.195,0.353
r05,r05_OFF,OFF,native,READ,599,0.52,2.127,2.647,20.574
r05,r05_OFF,OFF,native,READ,600,0.573,13.215,13.788,20.498
r05,r05_OFF,OFF,native,READ,601,0.581,4.101,4.682,20.525
r05,r05_OFF,OFF,native,READ,602,0.501,3.921,4.422,20.51
r05,r05_OFF,OFF,native,READ,603,0.572,3.912,4.484,20.497
r05,r05_OFF,OFF,native,READ,604,3.345,1.467,4.812,20.5
r05,r05_OFF,OFF,native,SELECT,605,0.503,8.646,9.149,20.623
r05,r05_OFF,OFF,native,OPERATE,606,1.466,9.81,11.276,0.351
r05,r05_OFF,OFF,native,READ,607,0.574,7.577,8.151,20.543
r05,r05_OFF,OFF,native,READ,608,0.486,3.908,4.394,20.543
r05,r05_OFF,OFF,native,READ,609,0.502,4.18,4.682,20.494
r05,r05_OFF,OFF,native,READ,610,0.485,1.164,1.649,20.522
r05,r05_OFF,OFF,native,READ,611,0.547,2.16,2.707,20.513
r05,r05_OFF,OFF,native,SELECT,612,0.451,1.083,1.534,20.622
r05,r05_OFF,OFF,native,OPERATE,613,0.489,2.924,3.413,0.3
r05,r05_OFF,OFF,native,READ,614,0.581,1.108,1.689,20.475
r05,r05_OFF,OFF,native,READ,615,0.501,5.386,5.887,20.51
r05,r05_OFF,OFF,native,READ,616,0.581,1.089,1.67,20.511
r05,r05_OFF,OFF,native,READ,617,0.496,1.233,1.729,20.546
r05,r05_OFF,OFF,native,READ,618,0.522,2.047,2.569,20.493
r05,r05_OFF,OFF,native,READ,619,0.576,1.241,1.817,20.498
r05,r05_OFF,OFF,native,READ,620,0.441,3.904,4.345,20.526
r05,r05_OFF,OFF,native,SELECT,621,0.513,18.308,18.821,20.647
r05,r05_OFF,OFF,native,OPERATE,622,0.456,10.384,10.84,0.37
r05,r05_OFF,OFF,native,READ,623,1.547,8.314,9.861,20.552
r05,r05_OFF,OFF,native,READ,624,0.584,5.59,6.174,20.519
r05,r05_OFF,OFF,native,READ,625,0.503,1.238,1.741,20.497
r05,r05_OFF,OFF,native,READ,626,1.525,3.994,5.519,20.565
r05,r05_OFF,OFF,native,READ,627,0.666,2.696,3.362,20.516
r05,r05_OFF,OFF,native,READ,628,1.541,2.992,4.533,20.495
r05,r05_OFF,OFF,native,READ,629,1.532,2.977,4.509,20.503
r05,r05_OFF,OFF,native,READ,630,1.526,1.096,2.622,20.502
r05,r05_OFF,OFF,native,READ,631,0.777,1.094,1.871,20.521
r05,r05_OFF,OFF,native,SELECT,632,0.484,2.095,2.579,20.605
r05,r05_OFF,OFF,native,OPERATE,633,0.499,2.879,3.378,0.352
r05,r05_OFF,OFF,native,READ,634,0.565,1.111,1.676,20.556
r05,r05_OFF,OFF,native,READ,635,0.545,1.095,1.64,20.417
r05,r05_OFF,OFF,native,READ,636,1.496,1.184,2.68,20.516
r05,r05_OFF,OFF,native,READ,637,0.527,1.096,1.623,20.514
r05,r05_OFF,OFF,native,READ,638,0.499,2.206,2.705,20.523
r05,r05_OFF,OFF,native,READ,639,0.524,1.097,1.621,20.513
r05,r05_OFF,OFF,native,READ,640,0.486,2.122,2.608,20.445
r05,r05_OFF,OFF,native,READ,641,2.561,2.649,5.21,20.439
r05,r05_OFF,OFF,native,SELECT,642,0.499,1.123,1.622,20.617
r05,r05_OFF,OFF,native,OPERATE,643,0.488,2.906,3.394,0.38
r05,r05_OFF,OFF,native,READ,644,0.453,2.761,3.214,20.573
r05,r05_OFF,OFF,native,READ,645,0.575,3.903,4.478,20.497
r05,r05_OFF,OFF,native,READ,646,0.578,12.484,13.062,20.451
r05,r05_OFF,OFF,native,READ,647,0.499,4.54,5.039,20.525
r05,r05_OFF,OFF,native,READ,648,0.489,4.038,4.527,20.498
r05,r05_OFF,OFF,native,SELECT,649,0.465,3.964,4.429,20.525
r05,r05_OFF,OFF,native,OPERATE,650,0.461,4.968,5.429,0.351
r05,r05_OFF,OFF,native,READ,651,0.502,3.144,3.646,20.605
r05,r05_OFF,OFF,native,READ,652,0.48,2.158,2.638,20.501
r05,r05_OFF,OFF,native,READ,653,0.527,1.192,1.719,20.508
r05,r05_OFF,OFF,native,READ,654,0.573,1.083,1.656,20.522
r05,r05_OFF,OFF,native,READ,655,0.523,2.195,2.718,20.495
r05,r05_OFF,OFF,native,SELECT,656,0.49,1.107,1.597,20.615
r05,r05_OFF,OFF,native,OPERATE,657,1.721,1.794,3.515,0.354
r05,r05_OFF,OFF,native,READ,658,0.555,2.139,2.694,20.49
r05,r05_OFF,OFF,native,READ,659,0.5,1.168,1.668,20.502
r05,r05_OFF,OFF,native,READ,660,0.486,1.178,1.664,20.52
r05,r05_OFF,OFF,native,READ,661,1.605,1.088,2.693,20.508
r05,r05_OFF,OFF,native,READ,662,0.545,1.164,1.709,20.502
r05,r05_OFF,OFF,native,READ,663,0.573,2.043,2.616,20.499
r05,r05_OFF,OFF,native,SELECT,664,0.539,1.042,1.581,20.557
r05,r05_OFF,OFF,native,OPERATE,665,0.552,2.791,3.343,0.351
r05,r05_OFF,OFF,native,READ,666,0.565,1.031,1.596,20.549
r05,r05_OFF,OFF,native,READ,667,0.574,3.209,3.783,20.467
r05,r05_OFF,OFF,native,READ,668,0.56,3.863,4.423,20.529
r05,r05_OFF,OFF,native,READ,669,0.501,3.895,4.396,20.514
r05,r05_OFF,OFF,native,READ,670,0.496,4.017,4.513,20.496
r05,r05_OFF,OFF,native,READ,671,0.559,3.971,4.53,20.505
r05,r05_OFF,OFF,native,READ,672,0.497,4.145,4.642,20.493
r05,r05_OFF,OFF,native,SELECT,673,0.501,3.767,4.268,20.627
r05,r05_OFF,OFF,native,OPERATE,674,0.551,5.712,6.263,0.353
r05,r05_OFF,OFF,native,READ,675,0.527,1.08,1.607,20.552
r05,r05_OFF,OFF,native,READ,676,0.496,1.179,1.675,20.56
r05,r05_OFF,OFF,native,READ,677,1.524,1.166,2.69,20.517
r05,r05_OFF,OFF,native,READ,678,0.548,1.077,1.625,20.51
r05,r05_OFF,OFF,native,READ,679,0.55,2.241,2.791,20.528
r05,r05_OFF,OFF,native,READ,680,0.53,1.1,1.63,20.497
r05,r05_OFF,OFF,native,READ,681,0.573,2.135,2.708,20.418
r05,r05_OFF,OFF,native,READ,682,0.541,1.132,1.673,20.494
r05,r05_OFF,OFF,native,SELECT,683,0.503,1.264,1.767,20.635
r05,r05_OFF,OFF,native,OPERATE,684,1.09,1.93,3.02,0.375
r05,r05_OFF,OFF,native,READ,685,0.554,2.086,2.64,20.554
r05,r05_OFF,OFF,native,READ,686,0.573,1.089,1.662,20.513
r05,r05_OFF,OFF,native,READ,687,0.461,1.172,1.633,20.489
r05,r05_OFF,OFF,native,READ,688,1.538,2.501,4.039,20.524
r05,r05_OFF,OFF,native,READ,689,0.503,2.133,2.636,20.483
r05,r05_OFF,OFF,native,SELECT,690,0.589,15.672,16.261,20.637
r05,r05_OFF,OFF,native,OPERATE,691,0.533,4.945,5.478,0.353
r05,r05_OFF,OFF,native,READ,692,0.529,3.175,3.704,20.541
r05,r05_OFF,OFF,native,READ,693,0.501,4.107,4.608,20.514
r05,r05_OFF,OFF,native,READ,694,0.565,3.789,4.354,20.491
r05,r05_OFF,OFF,native,READ,695,0.506,3.989,4.495,20.516
r05,r05_OFF,OFF,native,READ,696,0.496,4.021,4.517,20.518
r05,r05_OFF,OFF,native,SELECT,697,0.495,3.786,4.281,20.63
r05,r05_OFF,OFF,native,OPERATE,698,0.544,4.806,5.35,0.352
r05,r05_OFF,OFF,native,READ,699,0.57,2.099,2.669,20.555
r05,r05_OFF,OFF,native,READ,700,0.495,1.168,1.663,20.499
r05,r05_OFF,OFF,native,READ,701,0.489,2.164,2.653,20.589
r05,r05_OFF,OFF,native,READ,702,0.454,1.322,1.776,20.523
r05,r05_OFF,OFF,native,READ,703,0.568,1.097,1.665,20.499
r05,r05_OFF,OFF,native,SELECT,704,1.532,1.042,2.574,20.61
r05,r05_OFF,OFF,native,OPERATE,705,0.521,2.928,3.449,0.353
r05,r05_OFF,OFF,native,READ,706,0.538,1.132,1.67,20.542
r05,r05_OFF,OFF,native,READ,707,0.568,2.054,2.622,20.506
r05,r05_OFF,OFF,native,READ,708,0.519,1.147,1.666,20.53
r05,r05_OFF,OFF,native,READ,709,0.529,1.161,1.69,20.482
r05,r05_OFF,OFF,native,READ,710,2.408,1.291,3.699,20.495
r05,r05_OFF,OFF,native,SELECT,711,0.552,2.012,2.564,20.6
r05,r05_OFF,OFF,native,OPERATE,712,0.558,1.829,2.387,0.353
r05,r05_OFF,OFF,native,READ,713,1.478,1.144,2.622,20.467
r05,r05_OFF,OFF,native,READ,714,0.542,5.328,5.87,20.501
r05,r05_OFF,OFF,native,READ,715,0.575,14.094,14.669,20.513
r05,r05_OFF,OFF,native,READ,716,0.496,4.846,5.342,20.499
r05,r05_OFF,OFF,native,READ,717,0.495,3.932,4.427,20.514
r05,r05_OFF,OFF,native,SELECT,718,0.502,3.798,4.3,20.632
r05,r05_OFF,OFF,native,OPERATE,719,0.574,4.121,4.695,0.355
r05,r05_OFF,OFF,native,READ,720,0.47,3.266,3.736,20.54
r05,r05_OFF,OFF,native,READ,721,0.565,4.117,4.682,20.489
r05,r05_OFF,OFF,native,READ,722,0.482,1.178,1.66,20.511
r05,r05_OFF,OFF,native,READ,723,0.568,2.147,2.715,20.523
r05,r05_OFF,OFF,native,READ,724,0.53,1.099,1.629,20.502
r05,r05_OFF,OFF,native,SELECT,725,0.698,2.036,2.734,20.602
r05,r05_OFF,OFF,native,OPERATE,726,0.481,2.993,3.474,0.378
r05,r05_OFF,OFF,native,READ,727,0.497,3.992,4.489,20.624
r05,r05_OFF,OFF,native,READ,728,0.564,1.101,1.665,20.504
r05,r05_OFF,OFF,native,READ,729,0.562,1.153,1.715,20.52
r05,r05_OFF,OFF,native,READ,730,0.525,2.115,2.64,20.493
r05,r05_OFF,OFF,native,READ,731,0.567,1.248,1.815,20.497
r05,r05_OFF,OFF,native,SELECT,732,0.496,2.087,2.583,20.628
r05,r05_OFF,OFF,native,OPERATE,733,0.54,2.881,3.421,0.37
r05,r05_OFF,OFF,native,READ,734,0.494,1.188,1.682,20.558
r05,r05_OFF,OFF,native,READ,735,3.508,1.121,4.629,20.523
r05,r05_OFF,OFF,native,READ,736,0.51,1.104,1.614,20.493
r05,r05_OFF,OFF,native,READ,737,1.567,1.562,3.129,20.422
r05,r05_OFF,OFF,native,READ,738,0.497,3.85,4.347,20.518
r05,r05_OFF,OFF,native,READ,739,0.501,3.948,4.449,20.517
r05,r05_OFF,OFF,native,SELECT,740,0.587,3.752,4.339,20.628
r05,r05_OFF,OFF,native,OPERATE,741,0.545,4.921,5.466,0.349
r05,r05_OFF,OFF,native,READ,742,1.533,2.176,3.709,20.542
r05,r05_OFF,OFF,native,READ,743,0.523,3.922,4.445,20.52
r05,r05_OFF,OFF,native,READ,744,0.561,3.985,4.546,20.494
r05,r05_OFF,OFF,native,READ,745,0.466,3.269,3.735,20.516
r05,r05_OFF,OFF,native,READ,746,0.495,1.167,1.662,20.492
r05,r05_OFF,OFF,native,READ,747,0.512,2.176,2.688,20.52
r05,r05_OFF,OFF,native,SELECT,748,0.566,1.037,1.603,20.6
r05,r05_OFF,OFF,native,OPERATE,749,1.542,1.855,3.397,0.35
r05,r05_OFF,OFF,native,READ,750,0.562,2.104,2.666,20.542
r05,r05_OFF,OFF,native,READ,751,0.577,1.195,1.772,20.559
r05,r05_OFF,OFF,native,READ,752,0.492,1.166,1.658,20.518
r05,r05_OFF,OFF,native,READ,753,1.568,1.079,2.647,20.53
r05,r05_OFF,OFF,native,READ,754,0.556,1.088,1.644,20.498
r05,r05_OFF,OFF,native,READ,755,0.57,2.075,2.645,20.506
r05,r05_OFF,OFF,native,READ,756,0.57,1.09,1.66,20.504
r05,r05_OFF,OFF,native,SELECT,757,0.492,2.084,2.576,20.624
r05,r05_OFF,OFF,native,OPERATE,758,0.441,1.994,2.435,0.353
r05,r05_OFF,OFF,native,READ,759,1.578,1.101,2.679,20.557
r05,r05_OFF,OFF,native,READ,760,0.712,1.216,1.928,20.499
r05,r05_OFF,OFF,native,READ,761,0.578,3.36,3.938,20.496
r05,r05_OFF,OFF,native,READ,762,0.493,3.949,4.442,20.531
r05,r05_OFF,OFF,native,READ,763,0.565,3.9,4.465,20.499
r05,r05_OFF,OFF,native,READ,764,0.493,13.253,13.746,20.504
r05,r05_OFF,OFF,native,SELECT,765,1.542,4.542,6.084,20.6
r05,r05_OFF,OFF,native,OPERATE,766,0.572,4.494,5.066,0.352
r05,r05_OFF,OFF,native,READ,767,0.452,3.238,3.69,20.571
r05,r05_OFF,OFF,native,READ,768,0.568,3.898,4.466,20.495
r05,r05_OFF,OFF,native,READ,769,0.566,1.101,1.667,20.504
r05,r05_OFF,OFF,native,READ,770,0.536,2.077,2.613,20.507
r05,r05_OFF,OFF,native,READ,771,0.528,1.133,1.661,20.43
r05,r05_OFF,OFF,native,SELECT,772,0.519,1.106,1.625,20.604
r05,r05_OFF,OFF,native,OPERATE,773,1.098,1.923,3.021,0.352
r05,r05_OFF,OFF,native,READ,774,0.453,14.981,15.434,20.568
r05,r05_OFF,OFF,native,READ,775,0.501,4.69,5.191,20.43
r05,r05_OFF,OFF,native,READ,776,0.499,3.835,4.334,20.555
r05,r05_OFF,OFF,native,READ,777,0.454,4.131,4.585,20.519
r05,r05_OFF,OFF,native,READ,778,3.661,1.137,4.798,20.515
r05,r05_OFF,OFF,native,READ,779,0.561,1.106,1.667,20.514
r05,r05_OFF,OFF,native,SELECT,780,1.583,1.193,2.776,20.607
r05,r05_OFF,OFF,native,OPERATE,781,0.539,2.898,3.437,0.351
r05,r05_OFF,OFF,native,READ,782,0.489,1.096,1.585,20.546
r05,r05_OFF,OFF,native,READ,783,0.546,2.125,2.671,20.457
r05,r05_OFF,OFF,native,READ,784,0.501,4.737,5.238,20.529
r05,r05_OFF,OFF,native,READ,785,0.571,3.812,4.383,20.497
r05,r05_OFF,OFF,native,READ,786,0.569,3.881,4.45,20.51
r05,r05_OFF,OFF,native,READ,787,0.499,4.263,4.762,20.503
r05,r05_OFF,OFF,native,READ,788,0.556,8.07,8.626,20.502
r06,r06_A1,A1,obfuscated,READ,0,20.096,4.429,24.525,
r06,r06_A1,A1,obfuscated,READ,1,20.103,4.003,24.106,20.541
r06,r06_A1,A1,obfuscated,READ,2,20.043,4.063,24.106,20.512
r06,r06_A1,A1,obfuscated,READ,3,20.112,3.975,24.087,20.475
r06,r06_A1,A1,obfuscated,READ,4,20.09,4.019,24.109,20.516
r06,r06_A1,A1,obfuscated,READ,5,20.11,4.001,24.111,20.499
r06,r06_A1,A1,obfuscated,SELECT,6,20.106,3.998,24.104,20.63
r06,r06_A1,A1,obfuscated,OPERATE,7,20.103,4.003,24.106,0.415
r06,r06_A1,A1,obfuscated,READ,8,20.106,4.001,24.107,20.564
r06,r06_A1,A1,obfuscated,READ,9,20.087,3.951,24.038,20.446
r06,r06_A1,A1,obfuscated,READ,10,20.112,3.975,24.087,20.521
r06,r06_A1,A1,obfuscated,READ,11,20.106,4.002,24.108,20.497
r06,r06_A1,A1,obfuscated,READ,12,20.087,4.018,24.105,20.535
r06,r06_A1,A1,obfuscated,READ,13,20.109,4.001,24.11,20.525
r06,r06_A1,A1,obfuscated,READ,14,20.093,4.022,24.115,20.515
r06,r06_A1,A1,obfuscated,SELECT,15,20.09,4.022,24.112,20.648
r06,r06_A1,A1,obfuscated,OPERATE,16,20.091,3.996,24.087,0.362
r06,r06_A1,A1,obfuscated,READ,17,20.095,4.018,24.113,20.559
r06,r06_A1,A1,obfuscated,READ,18,20.12,3.985,24.105,20.502
r06,r06_A1,A1,obfuscated,READ,19,20.106,4.006,24.112,20.525
r06,r06_A1,A1,obfuscated,READ,20,20.093,4.022,24.115,20.528
r06,r06_A1,A1,obfuscated,READ,21,20.107,4.003,24.11,20.5
r06,r06_A1,A1,obfuscated,SELECT,22,20.107,3.974,24.081,20.608
r06,r06_A1,A1,obfuscated,OPERATE,23,20.112,3.995,24.107,0.357
r06,r06_A1,A1,obfuscated,READ,24,20.087,6.299,26.386,20.546
r06,r06_A1,A1,obfuscated,READ,25,20.112,3.994,24.106,20.61
r06,r06_A1,A1,obfuscated,READ,26,20.09,4.019,24.109,20.502
r06,r06_A1,A1,obfuscated,READ,27,20.082,3.999,24.081,20.483
r06,r06_A1,A1,obfuscated,READ,28,20.091,4.023,24.114,20.531
r06,r06_A1,A1,obfuscated,SELECT,29,20.085,4.02,24.105,20.627
r06,r06_A1,A1,obfuscated,OPERATE,30,20.082,4.026,24.108,0.358
r06,r06_A1,A1,obfuscated,READ,31,20.04,4.067,24.107,20.542
r06,r06_A1,A1,obfuscated,READ,32,20.11,3.992,24.102,20.424
r06,r06_A1,A1,obfuscated,READ,33,20.088,4.017,24.105,20.523
r06,r06_A1,A1,obfuscated,READ,34,20.108,4.02,24.128,20.521
r06,r06_A1,A1,obfuscated,READ,35,20.106,4.004,24.11,20.504
r06,r06_A1,A1,obfuscated,SELECT,36,20.091,4.023,24.114,20.612
r06,r06_A1,A1,obfuscated,OPERATE,37,20.11,4.004,24.114,0.363
r06,r06_A1,A1,obfuscated,READ,38,20.104,3.976,24.08,20.536
r06,r06_A1,A1,obfuscated,READ,39,20.094,4.016,24.11,20.52
r06,r06_A1,A1,obfuscated,READ,40,20.11,3.995,24.105,20.498
r06,r06_A1,A1,obfuscated,READ,41,20.085,4.02,24.105,20.529
r06,r06_A1,A1,obfuscated,READ,42,20.103,4.005,24.108,20.503
r06,r06_A1,A1,obfuscated,READ,43,20.108,3.998,24.106,20.516
r06,r06_A1,A1,obfuscated,READ,44,20.089,4.017,24.106,20.503
r06,r06_A1,A1,obfuscated,READ,45,20.104,4.009,24.113,20.476
r06,r06_A1,A1,obfuscated,SELECT,46,20.086,4.019,24.105,20.658
r06,r06_A1,A1,obfuscated,OPERATE,47,20.099,3.993,24.092,0.357
r06,r06_A1,A1,obfuscated,READ,48,20.108,3.998,24.106,20.548
r06,r06_A1,A1,obfuscated,READ,49,20.086,4.021,24.107,20.497
r06,r06_A1,A1,obfuscated,READ,50,20.113,3.991,24.104,20.577
r06,r06_A1,A1,obfuscated,READ,51,20.088,3.994,24.082,20.482
r06,r06_A1,A1,obfuscated,READ,52,20.086,4.018,24.104,20.457
r06,r06_A1,A1,obfuscated,SELECT,53,20.115,3.998,24.113,20.626
r06,r06_A1,A1,obfuscated,OPERATE,54,20.112,3.995,24.107,0.377
r06,r06_A1,A1,obfuscated,READ,55,20.106,4.004,24.11,20.539
r06,r06_A1,A1,obfuscated,READ,56,20.102,4.011,24.113,20.504
r06,r06_A1,A1,obfuscated,READ,57,20.09,3.947,24.037,20.531
r06,r06_A1,A1,obfuscated,READ,58,20.112,3.994,24.106,20.497
r06,r06_A1,A1,obfuscated,READ,59,20.086,4.004,24.09,20.426
r06,r06_A1,A1,obfuscated,READ,60,20.088,4.025,24.113,20.502
r06,r06_A1,A1,obfuscated,SELECT,61,20.106,4.003,24.109,20.617
r06,r06_A1,A1,obfuscated,OPERATE,62,20.108,3.996,24.104,0.371
r06,r06_A1,A1,obfuscated,READ,63,20.11,3.997,24.107,20.547
r06,r06_A1,A1,obfuscated,READ,64,20.083,4.034,24.117,20.522
r06,r06_A1,A1,obfuscated,READ,65,20.117,3.998,24.115,20.494
r06,r06_A1,A1,obfuscated,READ,66,20.111,4.01,24.121,20.502
r06,r06_A1,A1,obfuscated,READ,67,20.09,4.018,24.108,20.503
r06,r06_A1,A1,obfuscated,READ,68,20.107,3.998,24.105,20.495
r06,r06_A1,A1,obfuscated,READ,69,20.103,4.012,24.115,20.529
r06,r06_A1,A1,obfuscated,READ,70,20.092,3.969,24.061,20.512
r06,r06_A1,A1,obfuscated,READ,71,20.09,4.019,24.109,20.505
r06,r06_A1,A1,obfuscated,SELECT,72,20.087,4.021,24.108,20.607
r06,r06_A1,A1,obfuscated,OPERATE,73,20.113,3.997,24.11,0.36
r06,r06_A1,A1,obfuscated,READ,74,20.093,4.012,24.105,20.574
r06,r06_A1,A1,obfuscated,READ,75,20.088,4.019,24.107,20.582
r06,r06_A1,A1,obfuscated,READ,76,20.106,4.001,24.107,20.505
r06,r06_A1,A1,obfuscated,READ,77,20.086,4.019,24.105,20.525
r06,r06_A1,A1,obfuscated,READ,78,20.088,4.001,24.089,20.496
r06,r06_A1,A1,obfuscated,READ,79,20.113,3.998,24.111,20.498
r06,r06_A1,A1,obfuscated,READ,80,20.09,4.02,24.11,20.499
r06,r06_A1,A1,obfuscated,SELECT,81,20.112,3.999,24.111,20.607
r06,r06_A1,A1,obfuscated,OPERATE,82,20.105,4.0,24.105,0.357
r06,r06_A1,A1,obfuscated,READ,83,20.051,4.053,24.104,20.56
r06,r06_A1,A1,obfuscated,READ,84,20.12,3.989,24.109,20.479
r06,r06_A1,A1,obfuscated,READ,85,20.087,4.026,24.113,20.503
r06,r06_A1,A1,obfuscated,READ,86,20.105,3.999,24.104,20.502
r06,r06_A1,A1,obfuscated,READ,87,20.112,4.001,24.113,20.51
r06,r06_A1,A1,obfuscated,READ,88,20.085,4.019,24.104,20.529
r06,r06_A1,A1,obfuscated,READ,89,20.104,4.009,24.113,20.509
r06,r06_A1,A1,obfuscated,READ,90,20.04,4.065,24.105,20.515
r06,r06_A1,A1,obfuscated,READ,91,20.097,4.009,24.106,20.501
r06,r06_A1,A1,obfuscated,SELECT,92,20.106,4.001,24.107,20.62
r06,r06_A1,A1,obfuscated,OPERATE,93,20.105,4.005,24.11,0.388
r06,r06_A1,A1,obfuscated,READ,94,20.109,3.999,24.108,20.545
r06,r06_A1,A1,obfuscated,READ,95,20.103,4.011,24.114,20.511
r06,r06_A1,A1,obfuscated,READ,96,20.088,4.021,24.109,20.536
r06,r06_A1,A1,obfuscated,READ,97,20.105,4.003,24.108,20.511
r06,r06_A1,A1,obfuscated,READ,98,20.089,4.021,24.11,20.525
r06,r06_A1,A1,obfuscated,READ,99,20.101,4.011,24.112,20.507
r06,r06_A1,A1,obfuscated,SELECT,100,20.108,4.006,24.114,20.674
r06,r06_A1,A1,obfuscated,OPERATE,101,20.099,4.013,24.112,0.386
r06,r06_A1,A1,obfuscated,READ,102,20.112,3.997,24.109,20.545
r06,r06_A1,A1,obfuscated,READ,103,20.105,3.976,24.081,20.432
r06,r06_A1,A1,obfuscated,READ,104,20.091,4.02,24.111,20.514
r06,r06_A1,A1,obfuscated,READ,105,20.108,3.998,24.106,20.499
r06,r06_A1,A1,obfuscated,READ,106,20.09,4.018,24.108,20.496
r06,r06_A1,A1,obfuscated,SELECT,107,20.093,4.013,24.106,20.597
r06,r06_A1,A1,obfuscated,OPERATE,108,20.115,4.004,24.119,0.363
r06,r06_A1,A1,obfuscated,READ,109,20.087,3.994,24.081,20.576
r06,r06_A1,A1,obfuscated,READ,110,20.103,4.012,24.115,20.5
r06,r06_A1,A1,obfuscated,READ,111,20.089,4.017,24.106,20.5
r06,r06_A1,A1,obfuscated,READ,112,20.11,4.006,24.116,20.502
r06,r06_A1,A1,obfuscated,READ,113,20.107,3.998,24.105,20.507
r06,r06_A1,A1,obfuscated,SELECT,114,20.087,4.019,24.106,20.608
r06,r06_A1,A1,obfuscated,OPERATE,115,20.088,4.021,24.109,0.356
r06,r06_A1,A1,obfuscated,READ,116,20.084,4.024,24.108,20.582
r06,r06_A1,A1,obfuscated,READ,117,20.087,4.02,24.107,20.516
r06,r06_A1,A1,obfuscated,READ,118,20.105,4.0,24.105,20.504
r06,r06_A1,A1,obfuscated,READ,119,20.088,4.021,24.109,20.497
r06,r06_A1,A1,obfuscated,READ,120,20.121,3.99,24.111,20.495
r06,r06_A1,A1,obfuscated,SELECT,121,20.089,4.002,24.091,20.614
r06,r06_A1,A1,obfuscated,OPERATE,122,20.084,4.019,24.103,0.365
r06,r06_A1,A1,obfuscated,READ,123,20.106,3.998,24.104,20.478
r06,r06_A1,A1,obfuscated,READ,124,20.086,4.03,24.116,20.501
r06,r06_A1,A1,obfuscated,READ,125,20.139,3.979,24.118,20.56
r06,r06_A1,A1,obfuscated,READ,126,20.108,4.004,24.112,20.503
r06,r06_A1,A1,obfuscated,READ,127,20.09,4.018,24.108,20.531
r06,r06_A1,A1,obfuscated,READ,128,20.109,3.999,24.108,20.499
r06,r06_A1,A1,obfuscated,SELECT,129,20.102,4.008,24.11,20.64
r06,r06_A1,A1,obfuscated,OPERATE,130,20.105,4.003,24.108,0.355
r06,r06_A1,A1,obfuscated,READ,131,20.108,3.997,24.105,20.545
r06,r06_A1,A1,obfuscated,READ,132,20.089,4.023,24.112,20.494
r06,r06_A1,A1,obfuscated,READ,133,20.11,4.003,24.113,20.505
r06,r06_A1,A1,obfuscated,READ,134,20.104,4.006,24.11,20.506
r06,r06_A1,A1,obfuscated,READ,135,20.045,4.068,24.113,20.552
r06,r06_A1,A1,obfuscated,READ,136,20.082,4.019,24.101,20.476
r06,r06_A1,A1,obfuscated,READ,137,20.087,4.019,24.106,20.516
r06,r06_A1,A1,obfuscated,SELECT,138,20.089,4.015,24.104,20.635
r06,r06_A1,A1,obfuscated,OPERATE,139,20.112,3.994,24.106,0.359
r06,r06_A1,A1,obfuscated,READ,140,20.089,4.017,24.106,20.544
r06,r06_A1,A1,obfuscated,READ,141,20.108,4.005,24.113,20.502
r06,r06_A1,A1,obfuscated,READ,142,20.091,4.021,24.112,20.445
r06,r06_A1,A1,obfuscated,READ,143,20.093,4.016,24.109,20.495
r06,r06_A1,A1,obfuscated,READ,144,20.106,3.999,24.105,20.503
r06,r06_A1,A1,obfuscated,READ,145,20.091,4.015,24.106,20.507
r06,r06_A1,A1,obfuscated,READ,146,20.1,3.996,24.096,20.508
r06,r06_A1,A1,obfuscated,READ,147,20.108,3.996,24.104,20.554
r06,r06_A1,A1,obfuscated,READ,148,20.084,4.022,24.106,20.51
r06,r06_A1,A1,obfuscated,SELECT,149,20.109,3.997,24.106,20.529
r06,r06_A1,A1,obfuscated,OPERATE,150,20.106,4.007,24.113,0.387
r06,r06_A1,A1,obfuscated,READ,151,20.106,4.007,24.113,20.604
r06,r06_A1,A1,obfuscated,READ,152,20.105,4.004,24.109,20.5
r06,r06_A1,A1,obfuscated,READ,153,20.1,4.016,24.116,20.518
r06,r06_A1,A1,obfuscated,READ,154,20.112,3.993,24.105,20.504
r06,r06_A1,A1,obfuscated,READ,155,20.095,4.017,24.112,20.493
r06,r06_A1,A1,obfuscated,READ,156,20.091,4.015,24.106,20.503
r06,r06_A1,A1,obfuscated,READ,157,20.106,4.004,24.11,20.508
r06,r06_A1,A1,obfuscated,READ,158,20.089,4.017,24.106,20.481
r06,r06_A1,A1,obfuscated,SELECT,159,20.105,4.003,24.108,20.61
r06,r06_A1,A1,obfuscated,OPERATE,160,20.113,3.997,24.11,0.365
r06,r06_A1,A1,obfuscated,READ,161,20.086,3.995,24.081,20.576
r06,r06_A1,A1,obfuscated,READ,162,20.102,3.983,24.085,20.447
r06,r06_A1,A1,obfuscated,READ,163,20.087,4.017,24.104,20.494
r06,r06_A1,A1,obfuscated,READ,164,20.109,3.997,24.106,20.503
r06,r06_A1,A1,obfuscated,READ,165,20.105,4.004,24.109,20.525
r06,r06_A1,A1,obfuscated,READ,166,20.088,4.007,24.095,20.519
r06,r06_A1,A1,obfuscated,SELECT,167,20.106,4.003,24.109,20.614
r06,r06_A1,A1,obfuscated,OPERATE,168,20.082,4.027,24.109,0.39
r06,r06_A1,A1,obfuscated,READ,169,20.107,3.995,24.102,20.47
r06,r06_A1,A1,obfuscated,READ,170,20.091,4.021,24.112,20.5
r06,r06_A1,A1,obfuscated,READ,171,20.092,4.012,24.104,20.528
r06,r06_A1,A1,obfuscated,READ,172,20.111,4.001,24.112,20.507
r06,r06_A1,A1,obfuscated,READ,173,20.086,4.021,24.107,20.516
r06,r06_A1,A1,obfuscated,READ,174,20.113,3.998,24.111,20.498
r06,r06_A1,A1,obfuscated,READ,175,20.104,4.002,24.106,20.579
r06,r06_A1,A1,obfuscated,READ,176,20.089,4.016,24.105,20.509
r06,r06_A1,A1,obfuscated,READ,177,20.109,3.997,24.106,20.518
r06,r06_A1,A1,obfuscated,SELECT,178,20.103,4.003,24.106,20.602
r06,r06_A1,A1,obfuscated,OPERATE,179,20.101,3.989,24.09,0.372
r06,r06_A1,A1,obfuscated,READ,180,20.112,3.996,24.108,20.548
r06,r06_A1,A1,obfuscated,READ,181,20.039,4.068,24.107,20.499
r06,r06_A1,A1,obfuscated,READ,182,20.116,3.987,24.103,20.483
r06,r06_A1,A1,obfuscated,READ,183,20.088,4.018,24.106,20.503
r06,r06_A1,A1,obfuscated,READ,184,20.09,4.018,24.108,20.53
r06,r06_A1,A1,obfuscated,READ,185,20.105,4.001,24.106,20.501
r06,r06_A1,A1,obfuscated,READ,186,20.096,4.018,24.114,20.521
r06,r06_A1,A1,obfuscated,READ,187,20.091,4.001,24.092,20.502
r06,r06_A1,A1,obfuscated,READ,188,20.04,4.071,24.111,20.508
r06,r06_A1,A1,obfuscated,SELECT,189,20.089,4.019,24.108,20.603
r06,r06_A1,A1,obfuscated,OPERATE,190,20.106,3.974,24.08,0.357
r06,r06_A1,A1,obfuscated,READ,191,20.089,4.016,24.105,20.572
r06,r06_A1,A1,obfuscated,READ,192,20.092,4.013,24.105,20.498
r06,r06_A1,A1,obfuscated,READ,193,20.108,3.997,24.105,20.503
r06,r06_A1,A1,obfuscated,READ,194,20.043,4.065,24.108,20.502
r06,r06_A1,A1,obfuscated,READ,195,20.083,4.024,24.107,20.5
r06,r06_A1,A1,obfuscated,SELECT,196,20.088,4.018,24.106,20.609
r06,r06_A1,A1,obfuscated,OPERATE,197,20.124,3.996,24.12,0.357
r06,r06_A1,A1,obfuscated,READ,198,20.091,4.018,24.109,20.542
r06,r06_A1,A1,obfuscated,READ,199,20.088,4.019,24.107,20.5
r06,r06_A1,A1,obfuscated,READ,200,20.108,4.0,24.108,20.547
r06,r06_A1,A1,obfuscated,READ,201,20.109,3.975,24.084,20.485
r06,r06_A1,A1,obfuscated,READ,202,20.086,4.025,24.111,20.53
r06,r06_A1,A1,obfuscated,READ,203,20.109,4.006,24.115,20.504
r06,r06_A1,A1,obfuscated,READ,204,20.09,4.016,24.106,20.513
r06,r06_A1,A1,obfuscated,READ,205,20.111,4.002,24.113,20.501
r06,r06_A1,A1,obfuscated,SELECT,206,20.105,4.006,24.111,20.61
r06,r06_A1,A1,obfuscated,OPERATE,207,20.105,3.977,24.082,0.411
r06,r06_A1,A1,obfuscated,READ,208,20.101,4.004,24.105,20.543
r06,r06_A1,A1,obfuscated,READ,209,20.108,4.005,24.113,20.499
r06,r06_A1,A1,obfuscated,READ,210,20.086,4.017,24.103,20.536
r06,r06_A1,A1,obfuscated,READ,211,20.117,3.989,24.106,20.502
r06,r06_A1,A1,obfuscated,READ,212,20.094,4.017,24.111,20.516
r06,r06_A1,A1,obfuscated,READ,213,20.107,4.005,24.112,20.496
r06,r06_A1,A1,obfuscated,SELECT,214,20.113,3.993,24.106,20.527
r06,r06_A1,A1,obfuscated,OPERATE,215,20.093,4.006,24.099,0.369
r06,r06_A1,A1,obfuscated,READ,216,20.108,3.997,24.105,20.544
r06,r06_A1,A1,obfuscated,READ,217,20.088,4.017,24.105,20.52
r06,r06_A1,A1,obfuscated,READ,218,20.105,4.0,24.105,20.498
r06,r06_A1,A1,obfuscated,READ,219,20.113,3.997,24.11,20.505
r06,r06_A1,A1,obfuscated,READ,220,20.088,3.957,24.045,20.525
r06,r06_A1,A1,obfuscated,READ,221,20.11,4.006,24.116,20.501
r06,r06_A1,A1,obfuscated,READ,222,20.087,4.018,24.105,20.516
r06,r06_A1,A1,obfuscated,READ,223,20.096,4.012,24.108,20.501
r06,r06_A1,A1,obfuscated,READ,224,20.107,3.997,24.104,20.506
r06,r06_A1,A1,obfuscated,SELECT,225,20.088,4.019,24.107,20.669
r06,r06_A1,A1,obfuscated,OPERATE,226,20.105,3.992,24.097,0.362
r06,r06_A1,A1,obfuscated,READ,227,20.102,4.007,24.109,20.607
r06,r06_A1,A1,obfuscated,READ,228,20.089,4.019,24.108,20.517
r06,r06_A1,A1,obfuscated,READ,229,20.109,4.002,24.111,20.496
r06,r06_A1,A1,obfuscated,READ,230,20.115,4.001,24.116,20.531
r06,r06_A1,A1,obfuscated,READ,231,20.107,4.018,24.125,20.504
r06,r06_A1,A1,obfuscated,READ,232,20.114,3.999,24.113,20.502
r06,r06_A1,A1,obfuscated,READ,233,20.088,3.948,24.036,20.534
r06,r06_A1,A1,obfuscated,SELECT,234,20.106,4.002,24.108,20.554
r06,r06_A1,A1,obfuscated,OPERATE,235,20.107,3.999,24.106,0.358
r06,r06_A1,A1,obfuscated,READ,236,20.109,4.003,24.112,20.547
r06,r06_A1,A1,obfuscated,READ,237,20.105,4.002,24.107,20.506
r06,r06_A1,A1,obfuscated,READ,238,20.089,4.02,24.109,20.509
r06,r06_A1,A1,obfuscated,READ,239,20.105,4.002,24.107,20.505
r06,r06_A1,A1,obfuscated,READ,240,20.083,4.029,24.112,20.512
r06,r06_A1,A1,obfuscated,READ,241,20.104,4.001,24.105,20.42
r06,r06_A1,A1,obfuscated,READ,242,20.108,4.004,24.112,20.505
r06,r06_A1,A1,obfuscated,SELECT,243,20.086,4.024,24.11,20.609
r06,r06_A1,A1,obfuscated,OPERATE,244,20.107,4.002,24.109,0.361
r06,r06_A1,A1,obfuscated,READ,245,20.108,4.008,24.116,20.565
r06,r06_A1,A1,obfuscated,READ,246,20.038,4.075,24.113,20.523
r06,r06_A1,A1,obfuscated,READ,247,20.106,3.999,24.105,20.501
r06,r06_A1,A1,obfuscated,READ,248,20.089,4.024,24.113,20.524
r06,r06_A1,A1,obfuscated,READ,249,20.098,4.016,24.114,20.5
r06,r06_A1,A1,obfuscated,READ,250,20.117,3.997,24.114,20.554
r06,r06_A1,A1,obfuscated,SELECT,251,20.099,4.011,24.11,20.612
r06,r06_A1,A1,obfuscated,OPERATE,252,20.108,4.001,24.109,0.356
r06,r06_A1,A1,obfuscated,READ,253,20.13,3.979,24.109,20.477
r06,r06_A1,A1,obfuscated,READ,254,20.099,4.024,24.123,20.493
r06,r06_A1,A1,obfuscated,READ,255,20.106,3.987,24.093,20.5
r06,r06_A1,A1,obfuscated,READ,256,20.088,4.021,24.109,20.502
r06,r06_A1,A1,obfuscated,READ,257,20.106,3.999,24.105,20.496
r06,r06_A1,A1,obfuscated,READ,258,20.106,4.001,24.107,20.514
r06,r06_A1,A1,obfuscated,SELECT,259,20.04,4.065,24.105,20.641
r06,r06_A1,A1,obfuscated,OPERATE,260,20.101,4.011,24.112,0.362
r06,r06_A1,A1,obfuscated,READ,261,20.088,4.02,24.108,20.46
r06,r06_A1,A1,obfuscated,READ,262,20.106,4.007,24.113,20.503
r06,r06_A1,A1,obfuscated,READ,263,20.105,4.0,24.105,20.507
r06,r06_A1,A1,obfuscated,READ,264,20.092,4.011,24.103,20.528
r06,r06_A1,A1,obfuscated,READ,265,20.107,3.998,24.105,20.5
r06,r06_A1,A1,obfuscated,READ,266,20.087,3.996,24.083,20.497
r06,r06_A1,A1,obfuscated,READ,267,20.102,4.003,24.105,20.516
r06,r06_A1,A1,obfuscated,SELECT,268,20.102,4.004,24.106,20.614
r06,r06_A1,A1,obfuscated,OPERATE,269,20.105,3.995,24.1,0.39
r06,r06_A1,A1,obfuscated,READ,270,20.112,3.995,24.107,20.549
r06,r06_A1,A1,obfuscated,READ,271,20.097,4.009,24.106,20.513
r06,r06_A1,A1,obfuscated,READ,272,20.092,4.014,24.106,20.504
r06,r06_A1,A1,obfuscated,READ,273,20.105,4.005,24.11,20.556
r06,r06_A1,A1,obfuscated,READ,274,20.042,4.067,24.109,20.449
r06,r06_A1,A1,obfuscated,READ,275,20.111,3.998,24.109,20.513
r06,r06_A1,A1,obfuscated,READ,276,20.102,4.003,24.105,20.467
r06,r06_A1,A1,obfuscated,READ,277,20.103,4.001,24.104,20.448
r06,r06_A1,A1,obfuscated,SELECT,278,20.106,3.998,24.104,20.567
r06,r06_A1,A1,obfuscated,OPERATE,279,20.041,4.051,24.092,0.334
r06,r06_A1,A1,obfuscated,READ,280,20.085,4.02,24.105,20.499
r06,r06_A1,A1,obfuscated,READ,281,20.037,4.071,24.108,20.442
r06,r06_A1,A1,obfuscated,READ,282,20.104,4.008,24.112,20.466
r06,r06_A1,A1,obfuscated,READ,283,20.097,4.019,24.116,20.468
r06,r06_A1,A1,obfuscated,READ,284,20.121,3.996,24.117,20.447
r06,r06_A1,A1,obfuscated,READ,285,20.108,4.004,24.112,20.45
r06,r06_A1,A1,obfuscated,READ,286,20.041,4.055,24.096,20.481
r06,r06_A1,A1,obfuscated,SELECT,287,20.105,4.004,24.109,20.556
r06,r06_A1,A1,obfuscated,OPERATE,288,20.088,4.015,24.103,0.317
r06,r06_A1,A1,obfuscated,READ,289,20.104,4.0,24.104,20.491
r06,r06_A1,A1,obfuscated,READ,290,20.101,4.007,24.108,20.467
r06,r06_A1,A1,obfuscated,READ,291,20.117,3.987,24.104,20.446
r06,r06_A1,A1,obfuscated,READ,292,20.042,4.06,24.102,20.443
r06,r06_A1,A1,obfuscated,READ,293,20.103,4.015,24.118,20.457
r06,r06_A1,A1,obfuscated,SELECT,294,20.103,4.001,24.104,20.557
r06,r06_A1,A1,obfuscated,OPERATE,295,20.101,3.989,24.09,0.318
r06,r06_A1,A1,obfuscated,READ,296,20.107,3.997,24.104,20.489
r06,r06_A1,A1,obfuscated,READ,297,20.042,4.077,24.119,20.447
r06,r06_A1,A1,obfuscated,READ,298,20.109,3.995,24.104,20.446
r06,r06_A1,A1,obfuscated,READ,299,20.084,4.024,24.108,20.471
r06,r06_A1,A1,obfuscated,READ,300,20.117,3.986,24.103,20.5
r06,r06_A1,A1,obfuscated,SELECT,301,20.106,4.002,24.108,20.531
r06,r06_A1,A1,obfuscated,OPERATE,302,20.104,4.002,24.106,0.315
r06,r06_A1,A1,obfuscated,READ,303,20.112,3.995,24.107,20.499
r06,r06_A1,A1,obfuscated,READ,304,20.042,4.066,24.108,20.432
r06,r06_A1,A1,obfuscated,READ,305,20.108,3.997,24.105,20.447
r06,r06_A1,A1,obfuscated,READ,306,20.036,4.068,24.104,20.452
r06,r06_A1,A1,obfuscated,READ,307,20.107,3.997,24.104,20.444
r06,r06_A1,A1,obfuscated,READ,308,20.085,4.019,24.104,20.49
r06,r06_A1,A1,obfuscated,READ,309,20.12,3.988,24.108,20.448
r06,r06_A1,A1,obfuscated,SELECT,310,20.091,4.013,24.104,20.549
r06,r06_A1,A1,obfuscated,OPERATE,311,20.105,4.0,24.105,0.326
r06,r06_A1,A1,obfuscated,READ,312,20.106,4.003,24.109,20.502
r06,r06_A1,A1,obfuscated,READ,313,20.036,4.068,24.104,20.448
r06,r06_A1,A1,obfuscated,READ,314,20.112,3.981,24.093,20.452
r06,r06_A1,A1,obfuscated,READ,315,20.039,4.041,24.08,20.405
r06,r06_A1,A1,obfuscated,READ,316,20.088,4.017,24.105,20.454
r06,r06_A1,A1,obfuscated,SELECT,317,20.1,4.004,24.104,20.572
r06,r06_A1,A1,obfuscated,OPERATE,318,20.104,4.004,24.108,0.302
r06,r06_A1,A1,obfuscated,READ,319,20.104,4.008,24.112,20.487
r06,r06_A1,A1,obfuscated,READ,320,20.036,4.046,24.082,20.478
r06,r06_A1,A1,obfuscated,READ,321,20.1,4.008,24.108,20.454
r06,r06_A1,A1,obfuscated,READ,322,20.036,4.068,24.104,20.451
r06,r06_A1,A1,obfuscated,READ,323,20.117,3.988,24.105,20.451
r06,r06_A1,A1,obfuscated,READ,324,20.036,4.068,24.104,20.474
r06,r06_A1,A1,obfuscated,READ,325,20.118,3.993,24.111,20.503
r06,r06_A1,A1,obfuscated,READ,326,20.104,4.0,24.104,20.453
r06,r06_A1,A1,obfuscated,SELECT,327,20.037,4.07,24.107,20.587
r06,r06_A1,A1,obfuscated,OPERATE,328,20.103,4.001,24.104,0.301
r06,r06_A1,A1,obfuscated,READ,329,20.036,4.002,24.038,20.506
r06,r06_A1,A1,obfuscated,READ,330,20.103,4.007,24.11,20.449
r06,r06_A1,A1,obfuscated,READ,331,20.038,4.064,24.102,20.444
r06,r06_A1,A1,obfuscated,READ,332,20.116,3.993,24.109,20.452
r06,r06_A1,A1,obfuscated,READ,333,20.091,4.018,24.109,20.475
r06,r06_A1,A1,obfuscated,READ,334,20.114,3.981,24.095,20.447
r06,r06_A1,A1,obfuscated,READ,335,20.117,3.998,24.115,20.461
r06,r06_A1,A1,obfuscated,SELECT,336,20.036,4.002,24.038,20.685
r06,r06_A1,A1,obfuscated,OPERATE,337,20.106,3.995,24.101,0.3
r06,r06_A1,A1,obfuscated,READ,338,20.036,4.072,24.108,20.491
r06,r06_A1,A1,obfuscated,READ,339,20.107,4.003,24.11,20.441
r06,r06_A1,A1,obfuscated,READ,340,20.098,3.995,24.093,20.472
r06,r06_A1,A1,obfuscated,READ,341,20.104,4.001,24.105,20.454
r06,r06_A1,A1,obfuscated,READ,342,20.106,3.998,24.104,20.442
r06,r06_A1,A1,obfuscated,READ,343,20.131,3.98,24.111,20.44
r06,r06_A1,A1,obfuscated,READ,344,20.103,4.001,24.104,20.378
r06,r06_A1,A1,obfuscated,SELECT,345,20.037,4.068,24.105,20.568
r06,r06_A1,A1,obfuscated,OPERATE,346,20.104,4.0,24.104,0.3
r06,r06_A1,A1,obfuscated,READ,347,20.039,4.066,24.105,20.514
r06,r06_A1,A1,obfuscated,READ,348,20.112,3.992,24.104,20.448
r06,r06_A1,A1,obfuscated,READ,349,20.042,4.07,24.112,20.445
r06,r06_A1,A1,obfuscated,READ,350,20.104,3.999,24.103,20.501
r06,r06_A1,A1,obfuscated,READ,351,20.086,4.02,24.106,20.441
r06,r06_A1,A1,obfuscated,READ,352,20.102,4.003,24.105,20.439
r06,r06_A1,A1,obfuscated,READ,353,20.104,3.999,24.103,20.465
r06,r06_A1,A1,obfuscated,SELECT,354,20.036,4.075,24.111,20.572
r06,r06_A1,A1,obfuscated,OPERATE,355,20.106,3.998,24.104,0.302
r06,r06_A1,A1,obfuscated,READ,356,20.037,4.068,24.105,20.5
r06,r06_A1,A1,obfuscated,READ,357,20.107,3.997,24.104,20.446
r06,r06_A1,A1,obfuscated,READ,358,20.099,3.938,24.037,20.452
r06,r06_A1,A1,obfuscated,READ,359,20.101,4.002,24.103,20.445
r06,r06_A1,A1,obfuscated,READ,360,20.095,4.02,24.115,20.457
r06,r06_A1,A1,obfuscated,READ,361,20.116,3.989,24.105,20.429
r06,r06_A1,A1,obfuscated,SELECT,362,20.109,3.999,24.108,20.553
r06,r06_A1,A1,obfuscated,OPERATE,363,20.107,4.0,24.107,0.3
r06,r06_A1,A1,obfuscated,READ,364,20.118,3.998,24.116,20.49
r06,r06_A1,A1,obfuscated,READ,365,20.036,4.072,24.108,20.45
r06,r06_A1,A1,obfuscated,READ,366,20.104,3.998,24.102,20.382
r06,r06_A1,A1,obfuscated,READ,367,20.042,4.067,24.109,20.453
r06,r06_A1,A1,obfuscated,READ,368,20.09,4.016,24.106,20.459
r06,r06_A1,A1,obfuscated,SELECT,369,20.102,4.002,24.104,20.583
r06,r06_A1,A1,obfuscated,OPERATE,370,20.104,4.0,24.104,0.301
r06,r06_A1,A1,obfuscated,READ,371,20.107,4.0,24.107,20.498
r06,r06_A1,A1,obfuscated,READ,372,20.06,4.027,24.087,20.467
r06,r06_A1,A1,obfuscated,READ,373,20.106,3.998,24.104,20.459
r06,r06_A1,A1,obfuscated,READ,374,20.042,4.06,24.102,20.454
r06,r06_A1,A1,obfuscated,READ,375,20.117,3.989,24.106,20.501
r06,r06_A1,A1,obfuscated,READ,376,20.036,4.073,24.109,20.475
r06,r06_A1,A1,obfuscated,SELECT,377,20.114,3.989,24.103,20.551
r06,r06_A1,A1,obfuscated,OPERATE,378,20.108,3.995,24.103,0.3
r06,r06_A1,A1,obfuscated,READ,379,20.131,3.973,24.104,20.492
r06,r06_A1,A1,obfuscated,READ,380,20.104,4.003,24.107,20.424
r06,r06_A1,A1,obfuscated,READ,381,20.041,4.062,24.103,20.457
r06,r06_A1,A1,obfuscated,READ,382,20.108,4.0,24.108,20.446
r06,r06_A1,A1,obfuscated,READ,383,20.036,4.066,24.102,20.454
r06,r06_A1,A1,obfuscated,SELECT,384,20.109,4.003,24.112,20.551
r06,r06_A1,A1,obfuscated,OPERATE,385,20.091,4.012,24.103,0.326
r06,r06_A1,A1,obfuscated,READ,386,20.109,3.996,24.105,20.494
r06,r06_A1,A1,obfuscated,READ,387,20.089,4.016,24.105,20.445
r06,r06_A1,A1,obfuscated,READ,388,20.101,4.003,24.104,20.445
r06,r06_A1,A1,obfuscated,READ,389,20.112,3.994,24.106,20.441
r06,r06_A1,A1,obfuscated,READ,390,20.036,4.069,24.105,20.455
r06,r06_A1,A1,obfuscated,SELECT,391,20.107,4.001,24.108,20.567
r06,r06_A1,A1,obfuscated,OPERATE,392,20.098,4.007,24.105,0.329
r06,r06_A1,A1,obfuscated,READ,393,20.112,4.0,24.112,20.496
r06,r06_A1,A1,obfuscated,READ,394,20.098,3.943,24.041,20.438
r06,r06_A1,A1,obfuscated,READ,395,20.108,4.001,24.109,20.421
r06,r06_A1,A1,obfuscated,READ,396,20.089,4.015,24.104,20.466
r06,r06_A1,A1,obfuscated,READ,397,20.123,3.984,24.107,20.449
r06,r06_A1,A1,obfuscated,SELECT,398,20.104,4.008,24.112,20.55
r06,r06_A1,A1,obfuscated,OPERATE,399,20.122,4.004,24.126,0.304
r06,r06_A1,A1,obfuscated,READ,400,20.104,4.0,24.104,20.546
r06,r06_A1,A1,obfuscated,READ,401,20.036,4.069,24.105,20.444
r06,r06_A1,A1,obfuscated,READ,402,20.109,3.998,24.107,20.367
r06,r06_A1,A1,obfuscated,READ,403,20.039,4.042,24.081,20.442
r06,r06_A1,A1,obfuscated,READ,404,20.114,3.997,24.111,20.446
r06,r06_A1,A1,obfuscated,SELECT,405,20.082,3.997,24.079,20.578
r06,r06_A1,A1,obfuscated,OPERATE,406,20.108,3.997,24.105,0.302
r06,r06_A1,A1,obfuscated,READ,407,20.107,3.997,24.104,20.503
r06,r06_A1,A1,obfuscated,READ,408,20.105,3.992,24.097,20.443
r06,r06_A1,A1,obfuscated,READ,409,20.101,4.008,24.109,20.444
r06,r06_A1,A1,obfuscated,READ,410,20.036,4.069,24.105,20.462
r06,r06_A1,A1,obfuscated,READ,411,20.116,3.997,24.113,20.457
r06,r06_A1,A1,obfuscated,SELECT,412,20.107,3.997,24.104,20.551
r06,r06_A1,A1,obfuscated,OPERATE,413,20.106,3.998,24.104,0.301
r06,r06_A1,A1,obfuscated,READ,414,20.093,4.016,24.109,20.511
r06,r06_A1,A1,obfuscated,READ,415,20.122,3.991,24.113,20.449
r06,r06_A1,A1,obfuscated,READ,416,20.105,3.992,24.097,20.429
r06,r06_A1,A1,obfuscated,READ,417,20.11,4.02,24.13,20.441
r06,r06_A1,A1,obfuscated,READ,418,20.11,4.001,24.111,20.458
r06,r06_A1,A1,obfuscated,READ,419,20.038,4.057,24.095,20.457
r06,r06_A1,A1,obfuscated,SELECT,420,20.104,4.004,24.108,20.553
r06,r06_A1,A1,obfuscated,OPERATE,421,20.102,4.005,24.107,0.326
r06,r06_A1,A1,obfuscated,READ,422,20.109,3.994,24.103,20.504
r06,r06_A1,A1,obfuscated,READ,423,20.096,4.014,24.11,20.46
r06,r06_A1,A1,obfuscated,READ,424,20.104,4.004,24.108,20.371
r06,r06_A1,A1,obfuscated,READ,425,20.036,4.067,24.103,20.507
r06,r06_A1,A1,obfuscated,READ,426,20.036,4.072,24.108,20.482
r06,r06_A1,A1,obfuscated,READ,427,20.106,3.997,24.103,20.454
r06,r06_A1,A1,obfuscated,READ,428,20.042,4.07,24.112,20.452
r06,r06_A1,A1,obfuscated,SELECT,429,20.105,4.0,24.105,20.576
r06,r06_A1,A1,obfuscated,OPERATE,430,20.109,3.928,24.037,0.3
r06,r06_A1,A1,obfuscated,READ,431,20.109,3.995,24.104,20.5
r06,r06_A1,A1,obfuscated,READ,432,20.101,4.006,24.107,20.471
r06,r06_A1,A1,obfuscated,READ,433,20.102,4.002,24.104,20.458
r06,r06_A1,A1,obfuscated,READ,434,20.109,4.001,24.11,20.463
r06,r06_A1,A1,obfuscated,READ,435,20.039,4.062,24.101,20.472
r06,r06_A1,A1,obfuscated,READ,436,20.105,3.998,24.103,20.451
r06,r06_A1,A1,obfuscated,READ,437,20.036,4.001,24.037,20.456
r06,r06_A1,A1,obfuscated,SELECT,438,20.104,4.001,24.105,20.554
r06,r06_A1,A1,obfuscated,OPERATE,439,20.098,4.009,24.107,0.331
r06,r06_A1,A1,obfuscated,READ,440,20.103,4.007,24.11,20.49
r06,r06_A1,A1,obfuscated,READ,441,20.114,3.993,24.107,20.455
r06,r06_A1,A1,obfuscated,READ,442,20.101,4.01,24.111,20.446
r06,r06_A1,A1,obfuscated,READ,443,20.115,3.992,24.107,20.445
r06,r06_A1,A1,obfuscated,READ,444,20.036,4.071,24.107,20.455
r06,r06_A1,A1,obfuscated,READ,445,20.11,3.996,24.106,20.376
r06,r06_A1,A1,obfuscated,READ,446,20.036,4.069,24.105,20.481
r06,r06_A1,A1,obfuscated,SELECT,447,20.104,4.004,24.108,20.553
r06,r06_A1,A1,obfuscated,OPERATE,448,20.099,4.01,24.109,0.317
r06,r06_A1,A1,obfuscated,READ,449,20.105,3.998,24.103,20.486
r06,r06_A1,A1,obfuscated,READ,450,20.102,4.002,24.104,20.54
r06,r06_A1,A1,obfuscated,READ,451,20.049,4.031,24.08,20.466
r06,r06_A1,A1,obfuscated,READ,452,20.101,4.007,24.108,20.442
r06,r06_A1,A1,obfuscated,READ,453,20.036,4.068,24.104,20.484
r06,r06_A1,A1,obfuscated,SELECT,454,20.106,4.005,24.111,20.556
r06,r06_A1,A1,obfuscated,OPERATE,455,20.105,4.002,24.107,0.32
r06,r06_A1,A1,obfuscated,READ,456,20.112,3.998,24.11,20.492
r06,r06_A1,A1,obfuscated,READ,457,20.099,4.004,24.103,20.467
r06,r06_A1,A1,obfuscated,READ,458,20.145,3.959,24.104,20.453
r06,r06_A1,A1,obfuscated,READ,459,20.11,3.991,24.101,20.426
r06,r06_A1,A1,obfuscated,READ,460,20.036,4.068,24.104,20.472
r06,r06_A1,A1,obfuscated,READ,461,20.104,4.0,24.104,20.456
r06,r06_A1,A1,obfuscated,SELECT,462,20.037,4.072,24.109,20.557
r06,r06_A1,A1,obfuscated,OPERATE,463,20.106,4.003,24.109,0.305
r06,r06_A1,A1,obfuscated,READ,464,20.089,4.017,24.106,20.518
r06,r06_A1,A1,obfuscated,READ,465,20.114,3.996,24.11,20.45
r06,r06_A1,A1,obfuscated,READ,466,20.085,4.02,24.105,20.449
r06,r06_A1,A1,obfuscated,READ,467,20.075,4.032,24.107,20.458
r06,r06_A1,A1,obfuscated,READ,468,20.104,4.005,24.109,20.463
r06,r06_A1,A1,obfuscated,READ,469,20.036,4.058,24.094,20.442
r06,r06_A1,A1,obfuscated,SELECT,470,20.106,3.998,24.104,20.556
r06,r06_A1,A1,obfuscated,OPERATE,471,20.103,4.001,24.104,0.334
r06,r06_A1,A1,obfuscated,READ,472,20.105,4.003,24.108,20.485
r06,r06_A1,A1,obfuscated,READ,473,20.038,4.042,24.08,20.392
r06,r06_A1,A1,obfuscated,READ,474,20.11,3.994,24.104,20.45
r06,r06_A1,A1,obfuscated,READ,475,20.111,3.998,24.109,20.524
r06,r06_A1,A1,obfuscated,READ,476,20.035,4.08,24.115,20.468
r06,r06_A1,A1,obfuscated,READ,477,20.104,4.0,24.104,20.448
r06,r06_A1,A1,obfuscated,READ,478,20.036,4.07,24.106,20.452
r06,r06_A1,A1,obfuscated,READ,479,20.106,3.999,24.105,20.454
r06,r06_A1,A1,obfuscated,READ,480,20.036,4.045,24.081,20.411
r06,r06_A1,A1,obfuscated,SELECT,481,20.101,4.005,24.106,20.554
r06,r06_A1,A1,obfuscated,OPERATE,482,20.11,4.003,24.113,0.301
r06,r06_A1,A1,obfuscated,READ,483,20.117,3.987,24.104,20.494
r06,r06_A1,A1,obfuscated,READ,484,20.103,4.002,24.105,20.438
r06,r06_A1,A1,obfuscated,READ,485,20.085,4.019,24.104,20.464
r06,r06_A1,A1,obfuscated,READ,486,20.104,3.998,24.102,20.435
r06,r06_A1,A1,obfuscated,READ,487,20.036,4.071,24.107,20.471
r06,r06_A1,A1,obfuscated,SELECT,488,20.108,3.972,24.08,20.55
r06,r06_A1,A1,obfuscated,OPERATE,489,20.105,4.007,24.112,0.334
r06,r06_A1,A1,obfuscated,READ,490,20.107,3.996,24.103,20.5
r06,r06_A1,A1,obfuscated,READ,491,20.093,4.014,24.107,20.466
r06,r06_A1,A1,obfuscated,READ,492,20.104,4.007,24.111,20.455
r06,r06_A1,A1,obfuscated,READ,493,20.107,4.001,24.108,20.44
r06,r06_A1,A1,obfuscated,READ,494,20.038,4.008,24.046,20.466
r06,r06_A1,A1,obfuscated,READ,495,20.109,3.996,24.105,20.456
r06,r06_A1,A1,obfuscated,READ,496,20.037,4.069,24.106,20.463
r06,r06_A1,A1,obfuscated,READ,497,20.107,3.996,24.103,20.443
r06,r06_A1,A1,obfuscated,SELECT,498,20.089,4.018,24.107,20.555
r06,r06_A1,A1,obfuscated,OPERATE,499,20.106,4.002,24.108,0.303
r06,r06_A1,A1,obfuscated,READ,500,20.104,4.0,24.104,20.574
r06,r06_A1,A1,obfuscated,READ,501,20.106,4.012,24.118,20.454
r06,r06_A1,A1,obfuscated,READ,502,20.111,3.976,24.087,20.379
r06,r06_A1,A1,obfuscated,READ,503,20.061,4.046,24.107,20.456
r06,r06_A1,A1,obfuscated,READ,504,20.107,4.004,24.111,20.463
r06,r06_A1,A1,obfuscated,SELECT,505,20.036,4.067,24.103,20.563
r06,r06_A1,A1,obfuscated,OPERATE,506,20.111,3.999,24.11,0.303
r06,r06_A1,A1,obfuscated,READ,507,20.047,4.038,24.085,20.527
r06,r06_A1,A1,obfuscated,READ,508,20.105,4.001,24.106,20.439
r06,r06_A1,A1,obfuscated,READ,509,20.089,4.016,24.105,20.461
r06,r06_A1,A1,obfuscated,READ,510,20.102,4.002,24.104,20.43
r06,r06_A1,A1,obfuscated,READ,511,20.111,3.995,24.106,20.448
r06,r06_A1,A1,obfuscated,SELECT,512,20.037,4.067,24.104,20.593
r06,r06_A1,A1,obfuscated,OPERATE,513,20.105,4.003,24.108,0.302
r06,r06_A1,A1,obfuscated,READ,514,20.036,4.072,24.108,20.491
r06,r06_A1,A1,obfuscated,READ,515,20.116,3.999,24.115,20.453
r06,r06_A1,A1,obfuscated,READ,516,20.103,3.94,24.043,20.451
r06,r06_A1,A1,obfuscated,READ,517,20.105,4.001,24.106,20.444
r06,r06_A1,A1,obfuscated,READ,518,20.036,4.069,24.105,20.39
r06,r06_A1,A1,obfuscated,READ,519,20.104,4.001,24.105,20.452
r06,r06_A1,A1,obfuscated,READ,520,20.094,4.014,24.108,20.448
r06,r06_A1,A1,obfuscated,READ,521,20.11,3.998,24.108,20.454
r06,r06_A1,A1,obfuscated,READ,522,20.103,4.003,24.106,20.451
r06,r06_A1,A1,obfuscated,SELECT,523,20.039,4.005,24.044,20.577
r06,r06_A1,A1,obfuscated,OPERATE,524,20.11,3.994,24.104,0.303
r06,r06_A1,A1,obfuscated,READ,525,20.036,4.071,24.107,20.549
r06,r06_A1,A1,obfuscated,READ,526,20.108,4.0,24.108,20.445
r06,r06_A1,A1,obfuscated,READ,527,20.087,4.018,24.105,20.48
r06,r06_A1,A1,obfuscated,READ,528,20.129,3.978,24.107,20.442
r06,r06_A1,A1,obfuscated,READ,529,20.104,4.002,24.106,20.443
r06,r06_A1,A1,obfuscated,READ,530,20.084,4.026,24.11,20.459
r06,r06_A1,A1,obfuscated,SELECT,531,20.111,3.992,24.103,20.485
r06,r06_A1,A1,obfuscated,OPERATE,532,20.11,4.002,24.112,0.315
r06,r06_A1,A1,obfuscated,READ,533,20.107,4.001,24.108,20.497
r06,r06_A1,A1,obfuscated,READ,534,20.036,4.068,24.104,20.445
r06,r06_A1,A1,obfuscated,READ,535,20.112,3.997,24.109,20.444
r06,r06_A1,A1,obfuscated,READ,536,20.101,4.002,24.103,20.478
r06,r06_A1,A1,obfuscated,READ,537,20.108,4.002,24.11,20.442
r06,r06_A1,A1,obfuscated,READ,538,20.112,4.003,24.115,20.471
r06,r06_A1,A1,obfuscated,READ,539,20.072,4.037,24.109,20.458
r06,r06_A1,A1,obfuscated,READ,540,20.111,3.994,24.105,20.437
r06,r06_A1,A1,obfuscated,READ,541,20.036,4.068,24.104,20.446
r06,r06_A1,A1,obfuscated,SELECT,542,20.103,4.005,24.108,20.566
r06,r06_A1,A1,obfuscated,OPERATE,543,20.097,4.004,24.101,0.329
r06,r06_A1,A1,obfuscated,READ,544,20.106,4.0,24.106,20.5
r06,r06_A1,A1,obfuscated,READ,545,20.105,4.001,24.106,20.381
r06,r06_A1,A1,obfuscated,READ,546,20.106,4.006,24.112,20.448
r06,r06_A1,A1,obfuscated,READ,547,20.105,4.002,24.107,20.438
r06,r06_A1,A1,obfuscated,READ,548,20.113,3.992,24.105,20.444
r06,r06_A1,A1,obfuscated,SELECT,549,20.11,4.0,24.11,20.55
r06,r06_A1,A1,obfuscated,OPERATE,550,20.107,3.997,24.104,0.317
r06,r06_A1,A1,obfuscated,READ,551,20.11,4.0,24.11,20.555
r06,r06_A1,A1,obfuscated,READ,552,20.036,4.065,24.101,20.477
r06,r06_A1,A1,obfuscated,READ,553,20.105,3.996,24.101,20.45
r06,r06_A1,A1,obfuscated,READ,554,20.036,4.068,24.104,20.454
r06,r06_A1,A1,obfuscated,READ,555,20.125,3.992,24.117,20.452
r06,r06_A1,A1,obfuscated,SELECT,556,20.108,3.997,24.105,20.547
r06,r06_A1,A1,obfuscated,OPERATE,557,20.115,3.988,24.103,0.316
r06,r06_A1,A1,obfuscated,READ,558,20.106,3.999,24.105,20.5
r06,r06_A1,A1,obfuscated,READ,559,20.036,4.005,24.041,20.465
r06,r06_A1,A1,obfuscated,READ,560,20.103,4.005,24.108,20.442
r06,r06_A1,A1,obfuscated,READ,561,20.037,4.064,24.101,20.445
r06,r06_A1,A1,obfuscated,READ,562,20.112,3.997,24.109,20.459
r06,r06_A1,A1,obfuscated,READ,563,20.104,4.003,24.107,20.476
r06,r06_A1,A1,obfuscated,READ,564,20.117,3.989,24.106,20.451
r06,r06_A1,A1,obfuscated,READ,565,20.112,3.991,24.103,20.439
r06,r06_A1,A1,obfuscated,READ,566,20.036,3.999,24.035,20.483
r06,r06_A1,A1,obfuscated,SELECT,567,20.104,4.002,24.106,20.559
r06,r06_A1,A1,obfuscated,OPERATE,568,20.103,3.998,24.101,0.371
r06,r06_A1,A1,obfuscated,READ,569,20.105,4.006,24.111,20.541
r06,r06_A1,A1,obfuscated,READ,570,20.105,3.999,24.104,20.501
r06,r06_A1,A1,obfuscated,READ,571,20.082,4.023,24.105,20.502
r06,r06_A1,A1,obfuscated,READ,572,20.105,4.002,24.107,20.496
r06,r06_A1,A1,obfuscated,READ,573,20.082,4.017,24.099,20.501
r06,r06_A1,A1,obfuscated,READ,574,20.11,3.991,24.101,20.499
r06,r06_A1,A1,obfuscated,READ,575,20.081,4.024,24.105,20.551
r06,r06_A1,A1,obfuscated,READ,576,20.089,4.015,24.104,20.536
r06,r06_A1,A1,obfuscated,SELECT,577,20.112,3.996,24.108,20.598
r06,r06_A1,A1,obfuscated,OPERATE,578,20.105,3.993,24.098,0.352
r06,r06_A1,A1,obfuscated,READ,579,20.13,3.976,24.106,20.539
r06,r06_A1,A1,obfuscated,READ,580,20.105,3.999,24.104,20.471
r06,r06_A1,A1,obfuscated,READ,581,20.092,4.017,24.109,20.518
r06,r06_A1,A1,obfuscated,READ,582,20.11,3.995,24.105,20.49
r06,r06_A1,A1,obfuscated,READ,583,20.095,4.011,24.106,20.512
r06,r06_A1,A1,obfuscated,SELECT,584,20.082,4.029,24.111,20.632
r06,r06_A1,A1,obfuscated,OPERATE,585,20.108,4.0,24.108,0.35
r06,r06_A1,A1,obfuscated,READ,586,20.085,3.997,24.082,20.554
r06,r06_A1,A1,obfuscated,READ,587,20.104,4.001,24.105,20.448
r06,r06_A1,A1,obfuscated,READ,588,20.096,4.019,24.115,20.536
r06,r06_A1,A1,obfuscated,READ,589,20.094,4.02,24.114,20.491
r06,r06_A1,A1,obfuscated,READ,590,20.105,4.001,24.106,20.489
r06,r06_A1,A1,obfuscated,READ,591,20.089,4.024,24.113,20.497
r06,r06_A1,A1,obfuscated,SELECT,592,20.115,3.994,24.109,20.599
r06,r06_A1,A1,obfuscated,OPERATE,593,20.106,4.001,24.107,0.357
r06,r06_A1,A1,obfuscated,READ,594,20.085,4.024,24.109,20.551
r06,r06_A1,A1,obfuscated,READ,595,20.082,4.029,24.111,20.501
r06,r06_A1,A1,obfuscated,READ,596,20.082,4.023,24.105,20.495
r06,r06_A1,A1,obfuscated,READ,597,20.109,4.003,24.112,20.494
r06,r06_A1,A1,obfuscated,READ,598,20.088,4.023,24.111,20.501
r06,r06_A1,A1,obfuscated,READ,599,20.082,3.959,24.041,20.525
r06,r06_A1,A1,obfuscated,SELECT,600,20.107,4.003,24.11,20.666
r06,r06_A1,A1,obfuscated,OPERATE,601,20.102,4.003,24.105,0.363
r06,r06_A1,A1,obfuscated,READ,602,20.108,3.998,24.106,20.54
r06,r06_A1,A1,obfuscated,READ,603,20.106,4.005,24.111,20.488
r06,r06_A1,A1,obfuscated,READ,604,20.087,4.02,24.107,20.514
r06,r06_A1,A1,obfuscated,READ,605,20.105,4.007,24.112,20.49
r06,r06_A1,A1,obfuscated,READ,606,20.125,3.981,24.106,20.527
r06,r06_A1,A1,obfuscated,READ,607,20.108,4.002,24.11,20.498
r06,r06_A1,A1,obfuscated,SELECT,608,20.11,4.0,24.11,20.617
r06,r06_A1,A1,obfuscated,OPERATE,609,20.111,3.999,24.11,0.368
r06,r06_A1,A1,obfuscated,READ,610,20.105,4.008,24.113,20.542
r06,r06_A1,A1,obfuscated,READ,611,20.104,4.003,24.107,20.49
r06,r06_A1,A1,obfuscated,READ,612,20.07,4.036,24.106,20.518
r06,r06_A1,A1,obfuscated,READ,613,20.115,3.998,24.113,20.424
r06,r06_A1,A1,obfuscated,READ,614,20.087,4.016,24.103,20.493
r06,r06_A1,A1,obfuscated,READ,615,20.105,4.004,24.109,20.497
r06,r06_A1,A1,obfuscated,SELECT,616,20.108,3.998,24.106,20.627
r06,r06_A1,A1,obfuscated,OPERATE,617,20.119,3.991,24.11,0.349
r06,r06_A1,A1,obfuscated,READ,618,20.107,3.999,24.106,20.552
r06,r06_A1,A1,obfuscated,READ,619,20.082,3.954,24.036,20.482
r06,r06_A1,A1,obfuscated,READ,620,20.103,4.003,24.106,20.492
r06,r06_A1,A1,obfuscated,READ,621,20.107,4.001,24.108,20.522
r06,r06_A1,A1,obfuscated,READ,622,20.105,4.015,24.12,20.498
r06,r06_A1,A1,obfuscated,SELECT,623,20.107,4.001,24.108,20.595
r06,r06_A1,A1,obfuscated,OPERATE,624,20.095,4.0,24.095,0.378
r06,r06_A1,A1,obfuscated,READ,625,20.111,3.994,24.105,20.603
r06,r06_A1,A1,obfuscated,READ,626,20.102,4.005,24.107,20.491
r06,r06_A1,A1,obfuscated,READ,627,20.082,4.023,24.105,20.529
r06,r06_A1,A1,obfuscated,READ,628,20.106,4.0,24.106,20.495
r06,r06_A1,A1,obfuscated,READ,629,20.085,4.021,24.106,20.517
r06,r06_A1,A1,obfuscated,READ,630,20.092,4.016,24.108,20.493
r06,r06_A1,A1,obfuscated,SELECT,631,20.106,4.0,24.106,20.605
r06,r06_A1,A1,obfuscated,OPERATE,632,20.038,4.05,24.088,0.378
r06,r06_A1,A1,obfuscated,READ,633,20.106,4.001,24.107,20.475
r06,r06_A1,A1,obfuscated,READ,634,20.083,4.023,24.106,20.513
r06,r06_A1,A1,obfuscated,READ,635,20.105,3.983,24.088,20.492
r06,r06_A1,A1,obfuscated,READ,636,20.112,3.996,24.108,20.488
r06,r06_A1,A1,obfuscated,READ,637,20.088,4.024,24.112,20.527
r06,r06_A1,A1,obfuscated,SELECT,638,20.106,4.007,24.113,20.603
r06,r06_A1,A1,obfuscated,OPERATE,639,20.1,3.936,24.036,0.353
r06,r06_A1,A1,obfuscated,READ,640,20.111,4.003,24.114,20.553
r06,r06_A1,A1,obfuscated,READ,641,20.107,4.004,24.111,20.488
r06,r06_A1,A1,obfuscated,READ,642,20.088,4.026,24.114,20.517
r06,r06_A1,A1,obfuscated,READ,643,20.109,4.001,24.11,20.498
r06,r06_A1,A1,obfuscated,READ,644,20.101,4.005,24.106,20.526
r06,r06_A1,A1,obfuscated,READ,645,20.107,3.999,24.106,20.491
r06,r06_A1,A1,obfuscated,SELECT,646,20.082,4.012,24.094,20.581
r06,r06_A1,A1,obfuscated,OPERATE,647,20.083,3.953,24.036,0.382
r06,r06_A1,A1,obfuscated,READ,648,20.09,4.002,24.092,20.496
r06,r06_A1,A1,obfuscated,READ,649,20.039,3.999,24.038,20.532
r06,r06_A1,A1,obfuscated,READ,650,20.101,4.002,24.103,20.583
r06,r06_A1,A1,obfuscated,READ,651,20.096,4.009,24.105,20.492
r06,r06_A1,A1,obfuscated,READ,652,20.088,3.999,24.087,20.549
r06,r06_A1,A1,obfuscated,READ,653,20.106,4.005,24.111,20.458
r06,r06_A1,A1,obfuscated,SELECT,654,20.104,4.005,24.109,20.631
r06,r06_A1,A1,obfuscated,OPERATE,655,20.108,3.999,24.107,0.358
r06,r06_A1,A1,obfuscated,READ,656,20.109,3.996,24.105,20.54
r06,r06_A1,A1,obfuscated,READ,657,20.089,4.017,24.106,20.494
r06,r06_A1,A1,obfuscated,READ,658,20.115,3.992,24.107,20.497
r06,r06_A1,A1,obfuscated,READ,659,20.093,4.014,24.107,20.522
r06,r06_A1,A1,obfuscated,READ,660,20.1,4.025,24.125,20.489
r06,r06_A1,A1,obfuscated,READ,661,20.111,4.001,24.112,20.491
r06,r06_A1,A1,obfuscated,SELECT,662,20.105,4.002,24.107,20.606
r06,r06_A1,A1,obfuscated,OPERATE,663,20.11,3.994,24.104,0.352
r06,r06_A1,A1,obfuscated,READ,664,20.108,4.0,24.108,20.558
r06,r06_A1,A1,obfuscated,READ,665,20.041,4.069,24.11,20.521
r06,r06_A1,A1,obfuscated,READ,666,20.109,3.998,24.107,20.476
r06,r06_A1,A1,obfuscated,READ,667,20.082,4.022,24.104,20.5
r06,r06_A1,A1,obfuscated,READ,668,20.117,3.997,24.114,20.491
r06,r06_A1,A1,obfuscated,READ,669,20.089,4.019,24.108,20.489
r06,r06_A1,A1,obfuscated,READ,670,20.083,4.028,24.111,20.52
r06,r06_A1,A1,obfuscated,READ,671,20.105,4.009,24.114,20.491
r06,r06_A1,A1,obfuscated,SELECT,672,20.103,4.011,24.114,20.646
r06,r06_A1,A1,obfuscated,OPERATE,673,20.105,3.999,24.104,0.353
r06,r06_A1,A1,obfuscated,READ,674,20.115,3.997,24.112,20.541
r06,r06_A1,A1,obfuscated,READ,675,20.083,4.013,24.096,20.552
r06,r06_A1,A1,obfuscated,READ,676,20.117,3.999,24.116,20.5
r06,r06_A1,A1,obfuscated,READ,677,20.111,4.0,24.111,20.495
r06,r06_A1,A1,obfuscated,READ,678,20.083,4.029,24.112,20.52
r06,r06_A1,A1,obfuscated,READ,679,20.107,4.005,24.112,20.429
r06,r06_A1,A1,obfuscated,READ,680,20.084,4.017,24.101,20.5
r06,r06_A1,A1,obfuscated,SELECT,681,20.101,4.007,24.108,20.6
r06,r06_A1,A1,obfuscated,OPERATE,682,20.116,3.991,24.107,0.351
r06,r06_A1,A1,obfuscated,READ,683,20.082,4.023,24.105,20.562
r06,r06_A1,A1,obfuscated,READ,684,20.108,3.997,24.105,20.516
r06,r06_A1,A1,obfuscated,READ,685,20.088,3.957,24.045,20.471
r06,r06_A1,A1,obfuscated,READ,686,20.106,4.005,24.111,20.44
r06,r06_A1,A1,obfuscated,READ,687,20.097,4.017,24.114,20.527
r06,r06_A1,A1,obfuscated,SELECT,688,20.083,4.026,24.109,20.619
r06,r06_A1,A1,obfuscated,OPERATE,689,20.107,3.998,24.105,0.351
r06,r06_A1,A1,obfuscated,READ,690,20.083,4.014,24.097,20.548
r06,r06_A1,A1,obfuscated,READ,691,20.111,3.997,24.108,20.472
r06,r06_A1,A1,obfuscated,READ,692,20.089,4.017,24.106,20.539
r06,r06_A1,A1,obfuscated,READ,693,20.082,4.025,24.107,20.503
r06,r06_A1,A1,obfuscated,READ,694,20.108,4.003,24.111,20.518
r06,r06_A1,A1,obfuscated,SELECT,695,20.107,4.004,24.111,20.639
r06,r06_A1,A1,obfuscated,OPERATE,696,20.106,4.0,24.106,0.351
r06,r06_A1,A1,obfuscated,READ,697,20.105,4.001,24.106,20.537
r06,r06_A1,A1,obfuscated,READ,698,20.088,4.023,24.111,20.521
r06,r06_A1,A1,obfuscated,READ,699,20.106,3.996,24.102,20.426
r06,r06_A1,A1,obfuscated,READ,700,20.096,4.017,24.113,20.578
r06,r06_A1,A1,obfuscated,READ,701,20.104,4.005,24.109,20.496
r06,r06_A1,A1,obfuscated,SELECT,702,20.105,4.002,24.107,20.604
r06,r06_A1,A1,obfuscated,OPERATE,703,20.108,3.997,24.105,0.368
r06,r06_A1,A1,obfuscated,READ,704,20.106,4.004,24.11,20.546
r06,r06_A1,A1,obfuscated,READ,705,20.098,3.955,24.053,20.417
r06,r06_A1,A1,obfuscated,READ,706,20.102,4.003,24.105,20.449
r06,r06_A1,A1,obfuscated,READ,707,20.106,4.003,24.109,20.509
r06,r06_A1,A1,obfuscated,READ,708,20.082,4.023,24.105,20.537
r06,r06_A1,A1,obfuscated,READ,709,20.106,4.0,24.106,20.509
r06,r06_A1,A1,obfuscated,READ,710,20.082,4.024,24.106,20.518
r06,r06_A1,A1,obfuscated,SELECT,711,20.084,4.021,24.105,20.63
r06,r06_A1,A1,obfuscated,OPERATE,712,20.105,4.002,24.107,0.355
r06,r06_A1,A1,obfuscated,READ,713,20.084,4.048,24.132,20.537
r06,r06_A1,A1,obfuscated,READ,714,20.11,3.997,24.107,20.505
r06,r06_A1,A1,obfuscated,READ,715,20.102,4.004,24.106,20.496
r06,r06_A1,A1,obfuscated,READ,716,20.083,4.022,24.105,20.522
r06,r06_A1,A1,obfuscated,READ,717,20.105,4.0,24.105,20.486
r06,r06_A1,A1,obfuscated,SELECT,718,20.092,3.954,24.046,20.593
r06,r06_A1,A1,obfuscated,OPERATE,719,20.105,3.997,24.102,0.363
r06,r06_A1,A1,obfuscated,READ,720,20.103,4.011,24.114,20.575
r06,r06_A1,A1,obfuscated,READ,721,20.082,4.028,24.11,20.511
r06,r06_A1,A1,obfuscated,READ,722,20.094,4.011,24.105,20.493
r06,r06_A1,A1,obfuscated,READ,723,20.089,4.005,24.094,20.493
r06,r06_A1,A1,obfuscated,READ,724,20.105,4.0,24.105,20.492
r06,r06_A1,A1,obfuscated,READ,725,20.106,4.003,24.109,20.578
r06,r06_A1,A1,obfuscated,SELECT,726,20.082,4.011,24.093,20.622
r06,r06_A1,A1,obfuscated,OPERATE,727,20.109,4.001,24.11,0.355
r06,r06_A1,A1,obfuscated,READ,728,20.094,4.01,24.104,20.56
r06,r06_A1,A1,obfuscated,READ,729,20.107,4.004,24.111,20.495
r06,r06_A1,A1,obfuscated,READ,730,20.109,3.996,24.105,20.489
r06,r06_A1,A1,obfuscated,READ,731,20.089,4.026,24.115,20.491
r06,r06_A1,A1,obfuscated,READ,732,20.109,3.997,24.106,20.42
r06,r06_A1,A1,obfuscated,READ,733,20.087,4.028,24.115,20.521
r06,r06_A1,A1,obfuscated,READ,734,20.102,4.013,24.115,20.491
r06,r06_A1,A1,obfuscated,READ,735,20.116,3.993,24.109,20.488
r06,r06_A1,A1,obfuscated,SELECT,736,20.086,4.006,24.092,20.603
r06,r06_A1,A1,obfuscated,OPERATE,737,20.116,3.993,24.109,0.352
r06,r06_A1,A1,obfuscated,READ,738,20.089,3.953,24.042,20.551
r06,r06_A1,A1,obfuscated,READ,739,20.107,4.002,24.109,20.491
r06,r06_A1,A1,obfuscated,READ,740,20.105,4.003,24.108,20.488
r06,r06_A1,A1,obfuscated,READ,741,20.083,4.034,24.117,20.519
r06,r06_A1,A1,obfuscated,READ,742,20.114,4.004,24.118,20.49
r06,r06_A1,A1,obfuscated,SELECT,743,20.115,3.998,24.113,20.615
r06,r06_A1,A1,obfuscated,OPERATE,744,20.112,3.997,24.109,0.357
r06,r06_A1,A1,obfuscated,READ,745,20.108,4.008,24.116,20.514
r06,r06_A1,A1,obfuscated,READ,746,20.082,4.023,24.105,20.493
r06,r06_A1,A1,obfuscated,READ,747,20.116,3.997,24.113,20.492
r06,r06_A1,A1,obfuscated,READ,748,20.1,4.006,24.106,20.531
r06,r06_A1,A1,obfuscated,READ,749,20.093,4.016,24.109,20.51
r06,r06_A1,A1,obfuscated,SELECT,750,20.106,3.999,24.105,20.678
r06,r06_A1,A1,obfuscated,OPERATE,751,20.082,4.023,24.105,0.379
r06,r06_A1,A1,obfuscated,READ,752,20.106,3.997,24.103,20.466
r06,r06_A1,A1,obfuscated,READ,753,20.104,3.999,24.103,20.502
r06,r06_A1,A1,obfuscated,READ,754,20.083,4.026,24.109,20.521
r06,r06_A1,A1,obfuscated,READ,755,20.105,4.001,24.106,20.51
r06,r06_A1,A1,obfuscated,READ,756,20.102,4.009,24.111,20.519
r06,r06_A1,A1,obfuscated,READ,757,20.105,3.996,24.101,20.498
r06,r06_A1,A1,obfuscated,READ,758,20.107,4.004,24.111,20.486
r06,r06_A1,A1,obfuscated,READ,759,20.082,4.024,24.106,20.517
r06,r06_A1,A1,obfuscated,SELECT,760,20.112,3.992,24.104,20.607
r06,r06_A1,A1,obfuscated,OPERATE,761,20.106,4.0,24.106,0.35
r06,r06_A1,A1,obfuscated,READ,762,20.11,3.998,24.108,20.539
r06,r06_A1,A1,obfuscated,READ,763,20.108,4.004,24.112,20.508
r06,r06_A1,A1,obfuscated,READ,764,20.037,4.069,24.106,20.49
r06,r06_A1,A1,obfuscated,READ,765,20.105,4.004,24.109,20.5
r06,r06_A1,A1,obfuscated,READ,766,20.101,4.013,24.114,20.517
r06,r06_A1,A1,obfuscated,SELECT,767,20.084,4.029,24.113,20.625
r06,r06_A1,A1,obfuscated,OPERATE,768,20.105,4.0,24.105,0.351
r06,r06_A1,A1,obfuscated,READ,769,20.082,4.012,24.094,20.542
r06,r06_A1,A1,obfuscated,READ,770,20.106,4.006,24.112,20.501
r06,r06_A1,A1,obfuscated,READ,771,20.111,3.994,24.105,20.48
r06,r06_A1,A1,obfuscated,READ,772,20.088,4.021,24.109,20.519
r06,r06_A1,A1,obfuscated,READ,773,20.106,4.003,24.109,20.492
r06,r06_A1,A1,obfuscated,READ,774,20.082,4.004,24.086,20.507
r06,r06_A1,A1,obfuscated,SELECT,775,20.082,4.025,24.107,20.684
r06,r06_A1,A1,obfuscated,OPERATE,776,20.115,3.994,24.109,0.352
r06,r06_A1,A1,obfuscated,READ,777,20.083,3.999,24.082,20.555
r06,r06_A1,A1,obfuscated,READ,778,20.108,3.998,24.106,20.493
r06,r06_A1,A1,obfuscated,READ,779,20.089,4.022,24.111,20.52
r06,r06_A1,A1,obfuscated,READ,780,20.108,4.014,24.122,20.495
r06,r06_A1,A1,obfuscated,READ,781,20.109,4.0,24.109,20.495
r06,r06_A1,A1,obfuscated,READ,782,20.082,4.029,24.111,20.487
r06,r06_A1,A1,obfuscated,READ,783,20.105,4.0,24.105,20.499
r06,r06_A1,A1,obfuscated,READ,784,20.088,3.954,24.042,20.425
r06,r06_A1,A1,obfuscated,READ,785,20.104,3.998,24.102,20.475
r06,r06_OFF,OFF,native,READ,0,0.428,23.566,23.994,
r06,r06_OFF,OFF,native,READ,1,0.431,3.843,4.274,20.501
r06,r06_OFF,OFF,native,READ,2,0.564,3.879,4.443,20.524
r06,r06_OFF,OFF,native,READ,3,0.553,1.09,1.643,20.509
r06,r06_OFF,OFF,native,READ,4,0.473,6.551,7.024,20.509
r06,r06_OFF,OFF,native,READ,5,0.56,1.096,1.656,20.517
r06,r06_OFF,OFF,native,SELECT,6,0.574,2.085,2.659,20.614
r06,r06_OFF,OFF,native,OPERATE,7,0.559,1.829,2.388,0.352
r06,r06_OFF,OFF,native,READ,8,1.612,1.127,2.739,20.597
r06,r06_OFF,OFF,native,READ,9,0.452,1.168,1.62,20.495
r06,r06_OFF,OFF,native,READ,10,0.498,2.198,2.696,20.487
r06,r06_OFF,OFF,native,READ,11,0.463,1.184,1.647,20.499
r06,r06_OFF,OFF,native,READ,12,0.541,2.116,2.657,20.508
r06,r06_OFF,OFF,native,READ,13,0.561,1.164,1.725,20.493
r06,r06_OFF,OFF,native,READ,14,3.761,1.25,5.011,20.504
r06,r06_OFF,OFF,native,SELECT,15,0.552,1.99,2.542,20.622
r06,r06_OFF,OFF,native,OPERATE,16,0.556,1.845,2.401,0.353
r06,r06_OFF,OFF,native,READ,17,1.538,2.261,3.799,20.573
r06,r06_OFF,OFF,native,READ,18,0.529,2.06,2.589,20.515
r06,r06_OFF,OFF,native,READ,19,0.56,16.004,16.564,20.542
r06,r06_OFF,OFF,native,READ,20,0.554,4.809,5.363,20.51
r06,r06_OFF,OFF,native,READ,21,0.574,3.957,4.531,20.453
r06,r06_OFF,OFF,native,SELECT,22,0.574,3.705,4.279,20.632
r06,r06_OFF,OFF,native,OPERATE,23,0.572,4.184,4.756,0.377
r06,r06_OFF,OFF,native,READ,24,0.538,3.185,3.723,20.554
r06,r06_OFF,OFF,native,READ,25,0.493,4.142,4.635,20.491
r06,r06_OFF,OFF,native,READ,26,0.488,1.165,1.653,20.498
r06,r06_OFF,OFF,native,READ,27,0.508,2.174,2.682,20.498
r06,r06_OFF,OFF,native,READ,28,0.556,1.095,1.651,20.528
r06,r06_OFF,OFF,native,SELECT,29,0.719,1.99,2.709,20.596
r06,r06_OFF,OFF,native,OPERATE,30,0.534,1.901,2.435,0.348
r06,r06_OFF,OFF,native,READ,31,1.505,1.132,2.637,20.554
r06,r06_OFF,OFF,native,READ,32,0.545,1.114,1.659,20.5
r06,r06_OFF,OFF,native,READ,33,0.564,2.113,2.677,20.487
r06,r06_OFF,OFF,native,READ,34,0.554,1.115,1.669,20.508
r06,r06_OFF,OFF,native,READ,35,0.552,2.067,2.619,20.516
r06,r06_OFF,OFF,native,SELECT,36,0.543,1.03,1.573,20.615
r06,r06_OFF,OFF,native,OPERATE,37,0.547,2.861,3.408,0.371
r06,r06_OFF,OFF,native,READ,38,0.548,1.099,1.647,20.548
r06,r06_OFF,OFF,native,READ,39,0.557,6.142,6.699,20.489
r06,r06_OFF,OFF,native,READ,40,0.543,1.295,1.838,20.484
r06,r06_OFF,OFF,native,READ,41,0.558,2.088,2.646,20.497
r06,r06_OFF,OFF,native,READ,42,0.596,5.327,5.923,20.414
r06,r06_OFF,OFF,native,READ,43,0.574,3.865,4.439,20.519
r06,r06_OFF,OFF,native,READ,44,0.529,4.012,4.541,20.49
r06,r06_OFF,OFF,native,READ,45,0.574,3.92,4.494,20.511
r06,r06_OFF,OFF,native,SELECT,46,0.508,3.819,4.327,20.619
r06,r06_OFF,OFF,native,OPERATE,47,0.564,4.788,5.352,0.378
r06,r06_OFF,OFF,native,READ,48,1.487,2.263,3.75,20.566
r06,r06_OFF,OFF,native,READ,49,0.568,4.036,4.604,20.51
r06,r06_OFF,OFF,native,READ,50,0.513,2.068,2.581,20.498
r06,r06_OFF,OFF,native,READ,51,0.617,1.098,1.715,20.557
r06,r06_OFF,OFF,native,READ,52,0.515,1.106,1.621,20.509
r06,r06_OFF,OFF,native,SELECT,53,1.764,1.036,2.8,20.623
r06,r06_OFF,OFF,native,OPERATE,54,0.558,2.926,3.484,0.365
r06,r06_OFF,OFF,native,READ,55,0.539,1.089,1.628,20.543
r06,r06_OFF,OFF,native,READ,56,0.568,2.083,2.651,20.515
r06,r06_OFF,OFF,native,READ,57,0.487,1.166,1.653,20.502
r06,r06_OFF,OFF,native,READ,58,0.495,2.224,2.719,20.485
r06,r06_OFF,OFF,native,READ,59,0.537,1.118,1.655,20.496
r06,r06_OFF,OFF,native,READ,60,0.563,1.172,1.735,20.501
r06,r06_OFF,OFF,native,SELECT,61,1.577,2.779,4.356,20.596
r06,r06_OFF,OFF,native,OPERATE,62,1.283,1.903,3.186,0.366
r06,r06_OFF,OFF,native,READ,63,0.553,11.002,11.555,20.522
r06,r06_OFF,OFF,native,READ,64,0.503,8.537,9.04,20.413
r06,r06_OFF,OFF,native,READ,65,0.557,3.977,4.534,20.51
r06,r06_OFF,OFF,native,READ,66,0.522,3.899,4.421,20.529
r06,r06_OFF,OFF,native,READ,67,0.56,3.954,4.514,20.482
r06,r06_OFF,OFF,native,READ,68,0.568,4.118,4.686,20.462
r06,r06_OFF,OFF,native,READ,69,0.52,3.977,4.497,20.506
r06,r06_OFF,OFF,native,READ,70,0.53,4.003,4.533,20.502
r06,r06_OFF,OFF,native,READ,71,0.505,4.466,4.971,20.47
r06,r06_OFF,OFF,native,SELECT,72,0.579,3.152,3.731,20.598
r06,r06_OFF,OFF,native,OPERATE,73,0.526,4.967,5.493,0.365
r06,r06_OFF,OFF,native,READ,74,0.515,2.081,2.596,20.556
r06,r06_OFF,OFF,native,READ,75,0.545,1.102,1.647,20.491
r06,r06_OFF,OFF,native,READ,76,0.559,2.282,2.841,20.563
r06,r06_OFF,OFF,native,READ,77,0.499,1.273,1.772,20.412
r06,r06_OFF,OFF,native,READ,78,0.554,2.906,3.46,20.493
r06,r06_OFF,OFF,native,READ,79,0.563,3.984,4.547,20.492
r06,r06_OFF,OFF,native,READ,80,0.535,1.107,1.642,20.491
r06,r06_OFF,OFF,native,SELECT,81,0.523,2.054,2.577,20.627
r06,r06_OFF,OFF,native,OPERATE,82,0.552,7.026,7.578,0.369
r06,r06_OFF,OFF,native,READ,83,0.56,1.1,1.66,20.574
r06,r06_OFF,OFF,native,READ,84,0.494,1.169,1.663,20.491
r06,r06_OFF,OFF,native,READ,85,0.525,2.259,2.784,20.493
r06,r06_OFF,OFF,native,READ,86,0.568,1.081,1.649,20.488
r06,r06_OFF,OFF,native,READ,87,0.524,6.215,6.739,20.517
r06,r06_OFF,OFF,native,READ,88,0.572,3.917,4.489,20.511
r06,r06_OFF,OFF,native,READ,89,0.574,3.955,4.529,20.513
r06,r06_OFF,OFF,native,READ,90,0.565,3.897,4.462,20.505
r06,r06_OFF,OFF,native,READ,91,0.505,4.018,4.523,20.519
r06,r06_OFF,OFF,native,SELECT,92,0.517,3.896,4.413,20.611
r06,r06_OFF,OFF,native,OPERATE,93,0.563,4.483,5.046,0.367
r06,r06_OFF,OFF,native,READ,94,0.499,3.443,3.942,20.504
r06,r06_OFF,OFF,native,READ,95,0.558,1.091,1.649,20.499
r06,r06_OFF,OFF,native,READ,96,0.635,2.203,2.838,20.513
r06,r06_OFF,OFF,native,READ,97,0.456,1.163,1.619,20.491
r06,r06_OFF,OFF,native,READ,98,0.479,2.134,2.613,20.416
r06,r06_OFF,OFF,native,READ,99,0.704,1.353,2.057,20.49
r06,r06_OFF,OFF,native,SELECT,100,0.495,1.044,1.539,20.633
r06,r06_OFF,OFF,native,OPERATE,101,1.174,1.943,3.117,0.354
r06,r06_OFF,OFF,native,READ,102,0.566,2.104,2.67,20.6
r06,r06_OFF,OFF,native,READ,103,0.487,1.166,1.653,20.511
r06,r06_OFF,OFF,native,READ,104,0.558,2.03,2.588,20.503
r06,r06_OFF,OFF,native,READ,105,0.537,1.169,1.706,20.5
r06,r06_OFF,OFF,native,READ,106,3.416,1.1,4.516,20.49
r06,r06_OFF,OFF,native,SELECT,107,0.498,1.108,1.606,20.578
r06,r06_OFF,OFF,native,OPERATE,108,1.398,1.873,3.271,0.35
r06,r06_OFF,OFF,native,READ,109,0.463,2.158,2.621,20.536
r06,r06_OFF,OFF,native,READ,110,0.517,1.146,1.663,20.436
r06,r06_OFF,OFF,native,READ,111,0.504,3.319,3.823,20.498
r06,r06_OFF,OFF,native,READ,112,0.568,3.981,4.549,20.5
r06,r06_OFF,OFF,native,READ,113,0.567,3.911,4.478,20.489
r06,r06_OFF,OFF,native,SELECT,114,0.58,3.78,4.36,20.607
r06,r06_OFF,OFF,native,OPERATE,115,0.565,4.076,4.641,0.365
r06,r06_OFF,OFF,native,READ,116,0.523,3.22,3.743,20.551
r06,r06_OFF,OFF,native,READ,117,0.577,4.056,4.633,20.492
r06,r06_OFF,OFF,native,READ,118,0.495,3.857,4.352,20.494
r06,r06_OFF,OFF,native,READ,119,0.555,1.101,1.656,20.494
r06,r06_OFF,OFF,native,READ,120,0.454,2.155,2.609,20.502
r06,r06_OFF,OFF,native,SELECT,121,0.506,1.121,1.627,20.598
r06,r06_OFF,OFF,native,OPERATE,122,0.491,2.88,3.371,0.346
r06,r06_OFF,OFF,native,READ,123,0.494,1.171,1.665,20.537
r06,r06_OFF,OFF,native,READ,124,0.56,2.101,2.661,20.505
r06,r06_OFF,OFF,native,READ,125,0.57,1.1,1.67,20.495
r06,r06_OFF,OFF,native,READ,126,0.559,2.05,2.609,20.503
r06,r06_OFF,OFF,native,READ,127,0.575,1.242,1.817,20.563
r06,r06_OFF,OFF,native,READ,128,0.441,1.147,1.588,20.494
r06,r06_OFF,OFF,native,SELECT,129,1.528,1.106,2.634,20.602
r06,r06_OFF,OFF,native,OPERATE,130,0.483,2.915,3.398,0.349
r06,r06_OFF,OFF,native,READ,131,0.562,1.023,1.585,20.532
r06,r06_OFF,OFF,native,READ,132,0.543,2.067,2.61,20.498
r06,r06_OFF,OFF,native,READ,133,0.516,1.086,1.602,20.491
r06,r06_OFF,OFF,native,READ,134,0.559,1.102,1.661,20.52
r06,r06_OFF,OFF,native,READ,135,0.525,6.343,6.868,20.5
r06,r06_OFF,OFF,native,READ,136,0.499,13.168,13.667,20.489
r06,r06_OFF,OFF,native,READ,137,0.457,4.732,5.189,20.493
r06,r06_OFF,OFF,native,SELECT,138,0.514,3.736,4.25,20.609
r06,r06_OFF,OFF,native,OPERATE,139,1.527,5.047,6.574,0.376
r06,r06_OFF,OFF,native,READ,140,0.561,2.967,3.528,20.566
r06,r06_OFF,OFF,native,READ,141,0.564,3.991,4.555,20.49
r06,r06_OFF,OFF,native,READ,142,0.599,4.044,4.643,20.444
r06,r06_OFF,OFF,native,READ,143,0.471,1.168,1.639,20.507
r06,r06_OFF,OFF,native,READ,144,0.536,1.147,1.683,20.49
r06,r06_OFF,OFF,native,READ,145,0.528,2.072,2.6,20.499
r06,r06_OFF,OFF,native,READ,146,0.49,1.171,1.661,20.53
r06,r06_OFF,OFF,native,READ,147,0.519,2.072,2.591,20.523
r06,r06_OFF,OFF,native,READ,148,0.491,1.168,1.659,20.511
r06,r06_OFF,OFF,native,SELECT,149,0.452,1.109,1.561,20.594
r06,r06_OFF,OFF,native,OPERATE,150,1.192,1.918,3.11,0.348
r06,r06_OFF,OFF,native,READ,151,0.519,2.213,2.732,20.559
r06,r06_OFF,OFF,native,READ,152,0.535,1.117,1.652,20.574
r06,r06_OFF,OFF,native,READ,153,0.486,2.151,2.637,20.49
r06,r06_OFF,OFF,native,READ,154,0.53,1.145,1.675,20.488
r06,r06_OFF,OFF,native,READ,155,0.568,1.157,1.725,20.484
r06,r06_OFF,OFF,native,READ,156,0.546,2.085,2.631,20.495
r06,r06_OFF,OFF,native,READ,157,0.558,1.141,1.699,20.511
r06,r06_OFF,OFF,native,READ,158,0.561,4.067,4.628,20.417
r06,r06_OFF,OFF,native,SELECT,159,0.58,3.695,4.275,20.618
r06,r06_OFF,OFF,native,OPERATE,160,0.525,5.995,6.52,0.367
r06,r06_OFF,OFF,native,READ,161,0.525,2.124,2.649,20.541
r06,r06_OFF,OFF,native,READ,162,1.519,3.063,4.582,20.444
r06,r06_OFF,OFF,native,READ,163,1.522,4.182,5.704,20.438
r06,r06_OFF,OFF,native,READ,164,0.583,2.793,3.376,20.492
r06,r06_OFF,OFF,native,READ,165,1.572,2.879,4.451,20.51
r06,r06_OFF,OFF,native,READ,166,1.532,1.097,2.629,20.543
r06,r06_OFF,OFF,native,SELECT,167,0.462,1.102,1.564,20.615
r06,r06_OFF,OFF,native,OPERATE,168,1.53,1.876,3.406,0.352
r06,r06_OFF,OFF,native,READ,169,0.546,2.053,2.599,20.542
r06,r06_OFF,OFF,native,READ,170,0.525,5.215,5.74,20.495
r06,r06_OFF,OFF,native,READ,171,0.569,1.037,1.606,20.482
r06,r06_OFF,OFF,native,READ,172,0.55,2.093,2.643,20.5
r06,r06_OFF,OFF,native,READ,173,0.54,1.109,1.649,20.524
r06,r06_OFF,OFF,native,READ,174,0.549,2.25,2.799,20.499
r06,r06_OFF,OFF,native,READ,175,0.501,1.17,1.671,20.491
r06,r06_OFF,OFF,native,READ,176,0.454,1.171,1.625,20.496
r06,r06_OFF,OFF,native,READ,177,1.522,1.018,2.54,20.551
r06,r06_OFF,OFF,native,SELECT,178,0.54,1.03,1.57,20.531
r06,r06_OFF,OFF,native,OPERATE,179,1.456,1.906,3.362,0.349
r06,r06_OFF,OFF,native,READ,180,0.484,6.458,6.942,20.54
r06,r06_OFF,OFF,native,READ,181,0.533,4.712,5.245,20.49
r06,r06_OFF,OFF,native,READ,182,0.568,3.834,4.402,20.489
r06,r06_OFF,OFF,native,READ,183,0.5,4.264,4.764,20.435
r06,r06_OFF,OFF,native,READ,184,0.558,12.871,13.429,20.497
r06,r06_OFF,OFF,native,READ,185,0.555,4.335,4.89,20.499
r06,r06_OFF,OFF,native,READ,186,0.561,4.012,4.573,20.437
r06,r06_OFF,OFF,native,READ,187,0.542,2.13,2.672,20.505
r06,r06_OFF,OFF,native,READ,188,4.663,1.304,5.967,20.495
r06,r06_OFF,OFF,native,SELECT,189,0.518,1.045,1.563,20.639
r06,r06_OFF,OFF,native,OPERATE,190,1.099,1.972,3.071,0.361
r06,r06_OFF,OFF,native,READ,191,0.453,2.106,2.559,20.532
r06,r06_OFF,OFF,native,READ,192,0.548,1.218,1.766,20.444
r06,r06_OFF,OFF,native,READ,193,0.539,3.557,4.096,20.496
r06,r06_OFF,OFF,native,READ,194,0.456,1.222,1.678,20.496
r06,r06_OFF,OFF,native,READ,195,0.487,2.21,2.697,20.487
r06,r06_OFF,OFF,native,SELECT,196,0.564,1.033,1.597,20.604
r06,r06_OFF,OFF,native,OPERATE,197,0.438,3.0,3.438,0.349
r06,r06_OFF,OFF,native,READ,198,0.518,2.143,2.661,20.546
r06,r06_OFF,OFF,native,READ,199,0.631,1.107,1.738,20.508
r06,r06_OFF,OFF,native,READ,200,0.571,1.149,1.72,20.428
r06,r06_OFF,OFF,native,READ,201,0.574,5.781,6.355,20.5
r06,r06_OFF,OFF,native,READ,202,0.498,1.174,1.672,20.594
r06,r06_OFF,OFF,native,READ,203,0.54,15.193,15.733,20.493
r06,r06_OFF,OFF,native,READ,204,0.5,4.557,5.057,20.494
r06,r06_OFF,OFF,native,READ,205,0.563,3.96,4.523,20.512
r06,r06_OFF,OFF,native,SELECT,206,0.53,3.904,4.434,20.638
r06,r06_OFF,OFF,native,OPERATE,207,0.566,4.732,5.298,0.35
r06,r06_OFF,OFF,native,READ,208,0.577,3.187,3.764,20.551
r06,r06_OFF,OFF,native,READ,209,0.567,3.996,4.563,20.503
r06,r06_OFF,OFF,native,READ,210,0.567,3.908,4.475,20.496
r06,r06_OFF,OFF,native,READ,211,0.535,2.119,2.654,20.49
r06,r06_OFF,OFF,native,READ,212,4.732,1.15,5.882,20.49
r06,r06_OFF,OFF,native,READ,213,0.504,1.159,1.663,20.413
r06,r06_OFF,OFF,native,SELECT,214,0.528,2.21,2.738,20.631
r06,r06_OFF,OFF,native,OPERATE,215,0.516,2.9,3.416,0.359
r06,r06_OFF,OFF,native,READ,216,0.521,1.091,1.612,20.526
r06,r06_OFF,OFF,native,READ,217,0.555,2.114,2.669,20.491
r06,r06_OFF,OFF,native,READ,218,0.486,1.177,1.663,20.5
r06,r06_OFF,OFF,native,READ,219,0.5,1.16,1.66,20.487
r06,r06_OFF,OFF,native,READ,220,0.544,2.068,2.612,20.49
r06,r06_OFF,OFF,native,READ,221,0.562,1.085,1.647,20.491
r06,r06_OFF,OFF,native,READ,222,4.18,1.163,5.343,20.532
r06,r06_OFF,OFF,native,READ,223,1.564,1.09,2.654,20.498
r06,r06_OFF,OFF,native,READ,224,0.538,1.294,1.832,20.511
r06,r06_OFF,OFF,native,SELECT,225,0.567,3.691,4.258,20.59
r06,r06_OFF,OFF,native,OPERATE,226,1.573,5.034,6.607,0.366
r06,r06_OFF,OFF,native,READ,227,0.522,8.083,8.605,20.59
r06,r06_OFF,OFF,native,READ,228,0.554,8.065,8.619,20.503
r06,r06_OFF,OFF,native,READ,229,0.484,8.961,9.445,20.497
r06,r06_OFF,OFF,native,READ,230,0.523,9.096,9.619,20.414
r06,r06_OFF,OFF,native,READ,231,0.483,9.971,10.454,20.49
r06,r06_OFF,OFF,native,READ,232,0.501,9.0,9.501,20.491
r06,r06_OFF,OFF,native,READ,233,0.55,8.06,8.61,20.503
r06,r06_OFF,OFF,native,SELECT,234,0.5,13.027,13.527,20.579
r06,r06_OFF,OFF,native,OPERATE,235,0.59,6.467,7.057,0.348
r06,r06_OFF,OFF,native,READ,236,0.562,1.094,1.656,20.567
r06,r06_OFF,OFF,native,READ,237,0.581,6.097,6.678,20.489
r06,r06_OFF,OFF,native,READ,238,0.523,1.143,1.666,20.5
r06,r06_OFF,OFF,native,READ,239,0.54,1.182,1.722,20.5
r06,r06_OFF,OFF,native,READ,240,1.52,1.095,2.615,20.508
r06,r06_OFF,OFF,native,READ,241,0.548,1.076,1.624,20.496
r06,r06_OFF,OFF,native,READ,242,0.572,2.098,2.67,20.528
r06,r06_OFF,OFF,native,SELECT,243,0.528,4.858,5.386,20.616
r06,r06_OFF,OFF,native,OPERATE,244,0.521,23.896,24.417,0.372
r06,r06_OFF,OFF,native,READ,245,0.568,7.303,7.871,20.549
r06,r06_OFF,OFF,native,READ,246,0.522,7.761,8.283,20.498
r06,r06_OFF,OFF,native,READ,247,0.526,5.102,5.628,20.505
r06,r06_OFF,OFF,native,READ,248,0.729,6.674,7.403,20.511
r06,r06_OFF,OFF,native,READ,249,0.582,4.039,4.621,20.513
r06,r06_OFF,OFF,native,READ,250,0.502,3.887,4.389,20.508
r06,r06_OFF,OFF,native,SELECT,251,0.46,3.789,4.249,20.611
r06,r06_OFF,OFF,native,OPERATE,252,0.568,13.95,14.518,0.367
r06,r06_OFF,OFF,native,READ,253,0.569,3.202,3.771,20.616
r06,r06_OFF,OFF,native,READ,254,0.56,1.098,1.658,20.472
r06,r06_OFF,OFF,native,READ,255,1.504,1.13,2.634,20.502
r06,r06_OFF,OFF,native,READ,256,0.489,1.174,1.663,20.487
r06,r06_OFF,OFF,native,READ,257,0.578,2.265,2.843,20.499
r06,r06_OFF,OFF,native,READ,258,0.518,1.106,1.624,20.472
r06,r06_OFF,OFF,native,SELECT,259,0.603,2.011,2.614,20.626
r06,r06_OFF,OFF,native,OPERATE,260,0.56,1.823,2.383,0.35
r06,r06_OFF,OFF,native,READ,261,1.524,1.097,2.621,20.556
r06,r06_OFF,OFF,native,READ,262,0.553,1.114,1.667,20.5
r06,r06_OFF,OFF,native,READ,263,0.572,2.091,2.663,20.47
r06,r06_OFF,OFF,native,READ,264,0.487,1.179,1.666,20.506
r06,r06_OFF,OFF,native,READ,265,0.498,2.127,2.625,20.488
r06,r06_OFF,OFF,native,READ,266,0.587,1.163,1.75,20.522
r06,r06_OFF,OFF,native,READ,267,0.565,1.112,1.677,20.509
r06,r06_OFF,OFF,native,SELECT,268,1.512,5.658,7.17,20.599
r06,r06_OFF,OFF,native,OPERATE,269,0.56,6.046,6.606,0.372
r06,r06_OFF,OFF,native,READ,270,0.563,2.016,2.579,20.556
r06,r06_OFF,OFF,native,READ,271,0.523,3.963,4.486,20.498
r06,r06_OFF,OFF,native,READ,272,0.529,4.092,4.621,20.512
r06,r06_OFF,OFF,native,READ,273,0.575,3.774,4.349,20.489
r06,r06_OFF,OFF,native,READ,274,0.449,4.068,4.517,20.524
r06,r06_OFF,OFF,native,READ,275,0.455,4.136,4.591,20.508
r06,r06_OFF,OFF,native,READ,276,0.527,2.07,2.597,20.413
r06,r06_OFF,OFF,native,READ,277,0.508,1.17,1.678,20.557
r06,r06_OFF,OFF,native,SELECT,278,0.492,2.003,2.495,20.603
r06,r06_OFF,OFF,native,OPERATE,279,0.499,1.944,2.443,0.36
r06,r06_OFF,OFF,native,READ,280,0.469,2.24,2.709,20.541
r06,r06_OFF,OFF,native,READ,281,3.866,1.249,5.115,20.498
r06,r06_OFF,OFF,native,READ,282,0.574,3.932,4.506,20.47
r06,r06_OFF,OFF,native,READ,283,0.499,1.167,1.666,20.498
r06,r06_OFF,OFF,native,READ,284,0.454,2.198,2.652,20.487
r06,r06_OFF,OFF,native,READ,285,0.492,1.141,1.633,20.504
r06,r06_OFF,OFF,native,READ,286,0.48,2.239,2.719,20.445
r06,r06_OFF,OFF,native,SELECT,287,0.569,1.033,1.602,20.624
r06,r06_OFF,OFF,native,OPERATE,288,0.563,2.838,3.401,0.363
r06,r06_OFF,OFF,native,READ,289,0.562,1.104,1.666,20.548
r06,r06_OFF,OFF,native,READ,290,0.532,2.079,2.611,20.522
r06,r06_OFF,OFF,native,READ,291,0.869,2.721,3.59,20.5
r06,r06_OFF,OFF,native,READ,292,0.685,2.719,3.404,20.498
r06,r06_OFF,OFF,native,READ,293,1.579,2.887,4.466,20.49
r06,r06_OFF,OFF,native,SELECT,294,1.572,2.763,4.335,20.633
r06,r06_OFF,OFF,native,OPERATE,295,1.145,1.89,3.035,0.37
r06,r06_OFF,OFF,native,READ,296,4.576,2.609,7.185,20.549
r06,r06_OFF,OFF,native,READ,297,0.523,4.007,4.53,20.511
r06,r06_OFF,OFF,native,READ,298,0.52,3.852,4.372,20.495
r06,r06_OFF,OFF,native,READ,299,0.565,1.71,2.275,20.5
r06,r06_OFF,OFF,native,READ,300,0.569,2.068,2.637,20.504
r06,r06_OFF,OFF,native,SELECT,301,0.574,1.09,1.664,20.645
r06,r06_OFF,OFF,native,OPERATE,302,0.525,2.83,3.355,0.347
r06,r06_OFF,OFF,native,READ,303,0.46,2.131,2.591,20.635
r06,r06_OFF,OFF,native,READ,304,0.754,1.092,1.846,20.488
r06,r06_OFF,OFF,native,READ,305,0.495,1.17,1.665,20.491
r06,r06_OFF,OFF,native,READ,306,0.548,2.07,2.618,20.527
r06,r06_OFF,OFF,native,READ,307,0.553,1.086,1.639,20.492
r06,r06_OFF,OFF,native,READ,308,0.542,2.166,2.708,20.518
r06,r06_OFF,OFF,native,READ,309,0.494,1.094,1.588,20.494
r06,r06_OFF,OFF,native,SELECT,310,0.482,1.107,1.589,20.597
r06,r06_OFF,OFF,native,OPERATE,311,1.153,1.894,3.047,0.35
r06,r06_OFF,OFF,native,READ,312,0.547,2.09,2.637,20.546
r06,r06_OFF,OFF,native,READ,313,0.548,1.103,1.651,20.525
r06,r06_OFF,OFF,native,READ,314,0.48,2.375,2.855,20.496
r06,r06_OFF,OFF,native,READ,315,0.594,4.435,5.029,20.489
r06,r06_OFF,OFF,native,READ,316,0.583,3.81,4.393,20.523
r06,r06_OFF,OFF,native,SELECT,317,0.508,4.016,4.524,20.634
r06,r06_OFF,OFF,native,OPERATE,318,0.521,4.43,4.951,0.346
r06,r06_OFF,OFF,native,READ,319,0.451,3.223,3.674,20.547
r06,r06_OFF,OFF,native,READ,320,0.565,3.861,4.426,20.53
r06,r06_OFF,OFF,native,READ,321,0.571,3.94,4.511,20.515
r06,r06_OFF,OFF,native,READ,322,0.495,4.196,4.691,20.511
r06,r06_OFF,OFF,native,READ,323,0.566,1.715,2.281,20.501
r06,r06_OFF,OFF,native,READ,324,1.563,1.105,2.668,20.516
r06,r06_OFF,OFF,native,READ,325,0.52,1.1,1.62,20.504
r06,r06_OFF,OFF,native,READ,326,0.561,2.061,2.622,20.567
r06,r06_OFF,OFF,native,SELECT,327,0.496,1.12,1.616,20.66
r06,r06_OFF,OFF,native,OPERATE,328,0.435,2.913,3.348,0.347
r06,r06_OFF,OFF,native,READ,329,0.492,1.166,1.658,20.56
r06,r06_OFF,OFF,native,READ,330,1.567,1.094,2.661,20.487
r06,r06_OFF,OFF,native,READ,331,0.563,1.099,1.662,20.485
r06,r06_OFF,OFF,native,READ,332,0.57,2.068,2.638,20.497
r06,r06_OFF,OFF,native,READ,333,0.562,1.094,1.656,20.502
r06,r06_OFF,OFF,native,READ,334,0.56,2.107,2.667,20.504
r06,r06_OFF,OFF,native,READ,335,0.562,1.102,1.664,20.5
r06,r06_OFF,OFF,native,SELECT,336,0.511,3.479,3.99,20.608
r06,r06_OFF,OFF,native,OPERATE,337,0.558,3.069,3.627,0.371
r06,r06_OFF,OFF,native,READ,338,0.554,1.096,1.65,20.547
r06,r06_OFF,OFF,native,READ,339,0.57,2.667,3.237,20.512
r06,r06_OFF,OFF,native,READ,340,0.563,3.984,4.547,20.492
r06,r06_OFF,OFF,native,READ,341,0.568,3.97,4.538,20.5
r06,r06_OFF,OFF,native,READ,342,0.576,3.928,4.504,20.495
r06,r06_OFF,OFF,native,READ,343,0.543,4.098,4.641,20.509
r06,r06_OFF,OFF,native,READ,344,0.566,3.73,4.296,20.523
r06,r06_OFF,OFF,native,SELECT,345,0.574,3.808,4.382,20.614
r06,r06_OFF,OFF,native,OPERATE,346,0.574,4.148,4.722,0.364
r06,r06_OFF,OFF,native,READ,347,0.563,2.144,2.707,20.539
r06,r06_OFF,OFF,native,READ,348,0.508,1.2,1.708,20.493
r06,r06_OFF,OFF,native,READ,349,0.491,1.168,1.659,20.493
r06,r06_OFF,OFF,native,READ,350,4.509,2.32,6.829,20.49
r06,r06_OFF,OFF,native,READ,351,0.556,1.093,1.649,20.496
r06,r06_OFF,OFF,native,READ,352,0.578,2.083,2.661,20.598
r06,r06_OFF,OFF,native,READ,353,0.57,1.094,1.664,20.443
r06,r06_OFF,OFF,native,SELECT,354,0.563,1.062,1.625,20.6
r06,r06_OFF,OFF,native,OPERATE,355,1.136,1.921,3.057,0.35
r06,r06_OFF,OFF,native,READ,356,0.5,2.09,2.59,20.574
r06,r06_OFF,OFF,native,READ,357,0.562,1.109,1.671,20.489
r06,r06_OFF,OFF,native,READ,358,0.452,1.172,1.624,20.499
r06,r06_OFF,OFF,native,READ,359,1.512,1.158,2.67,20.495
r06,r06_OFF,OFF,native,READ,360,3.566,1.303,4.869,20.491
r06,r06_OFF,OFF,native,READ,361,0.562,1.068,1.63,20.501
r06,r06_OFF,OFF,native,SELECT,362,1.598,5.894,7.492,20.578
r06,r06_OFF,OFF,native,OPERATE,363,0.561,5.76,6.321,0.349
r06,r06_OFF,OFF,native,READ,364,0.555,2.141,2.696,20.543
r06,r06_OFF,OFF,native,READ,365,3.063,1.53,4.593,20.414
r06,r06_OFF,OFF,native,READ,366,0.575,3.927,4.502,20.496
r06,r06_OFF,OFF,native,READ,367,0.582,4.001,4.583,20.492
r06,r06_OFF,OFF,native,READ,368,0.507,4.086,4.593,20.492
r06,r06_OFF,OFF,native,SELECT,369,0.494,10.462,10.956,20.571
r06,r06_OFF,OFF,native,OPERATE,370,0.549,2.882,3.431,0.35
r06,r06_OFF,OFF,native,READ,371,0.491,1.168,1.659,20.541
r06,r06_OFF,OFF,native,READ,372,0.514,2.124,2.638,20.522
r06,r06_OFF,OFF,native,READ,373,0.656,1.091,1.747,20.49
r06,r06_OFF,OFF,native,READ,374,0.503,1.169,1.672,20.489
r06,r06_OFF,OFF,native,READ,375,0.501,2.174,2.675,20.501
r06,r06_OFF,OFF,native,READ,376,0.563,1.094,1.657,20.497
r06,r06_OFF,OFF,native,SELECT,377,0.53,3.33,3.86,20.682
r06,r06_OFF,OFF,native,OPERATE,378,0.524,6.052,6.576,0.347
r06,r06_OFF,OFF,native,READ,379,0.571,1.083,1.654,20.569
r06,r06_OFF,OFF,native,READ,380,0.492,1.175,1.667,20.439
r06,r06_OFF,OFF,native,READ,381,1.475,1.291,2.766,20.488
r06,r06_OFF,OFF,native,READ,382,0.545,1.111,1.656,20.512
r06,r06_OFF,OFF,native,READ,383,0.57,2.529,3.099,20.521
r06,r06_OFF,OFF,native,SELECT,384,0.519,1.041,1.56,20.614
r06,r06_OFF,OFF,native,OPERATE,385,5.678,1.913,7.591,0.349
r06,r06_OFF,OFF,native,READ,386,0.504,3.442,3.946,20.546
r06,r06_OFF,OFF,native,READ,387,0.572,4.031,4.603,20.489
r06,r06_OFF,OFF,native,READ,388,0.573,4.027,4.6,20.488
r06,r06_OFF,OFF,native,READ,389,0.578,13.031,13.609,20.417
r06,r06_OFF,OFF,native,READ,390,0.46,5.979,6.439,20.498
r06,r06_OFF,OFF,native,SELECT,391,0.463,2.733,3.196,20.599
r06,r06_OFF,OFF,native,OPERATE,392,1.138,1.932,3.07,0.381
r06,r06_OFF,OFF,native,READ,393,0.564,2.084,2.648,20.562
r06,r06_OFF,OFF,native,READ,394,1.394,1.165,2.559,20.508
r06,r06_OFF,OFF,native,READ,395,0.507,2.103,2.61,20.511
r06,r06_OFF,OFF,native,READ,396,0.559,1.271,1.83,20.491
r06,r06_OFF,OFF,native,READ,397,0.519,4.052,4.571,20.46
r06,r06_OFF,OFF,native,SELECT,398,0.502,3.704,4.206,20.606
r06,r06_OFF,OFF,native,OPERATE,399,1.462,13.488,14.95,0.376
r06,r06_OFF,OFF,native,READ,400,0.486,1.167,1.653,20.539
r06,r06_OFF,OFF,native,READ,401,0.473,2.203,2.676,20.5
r06,r06_OFF,OFF,native,READ,402,0.569,1.073,1.642,20.556
r06,r06_OFF,OFF,native,READ,403,0.554,1.152,1.706,20.445
r06,r06_OFF,OFF,native,READ,404,1.523,2.28,3.803,20.492
r06,r06_OFF,OFF,native,SELECT,405,0.502,2.029,2.531,20.598
r06,r06_OFF,OFF,native,OPERATE,406,0.549,2.945,3.494,0.348
r06,r06_OFF,OFF,native,READ,407,0.462,1.166,1.628,20.533
r06,r06_OFF,OFF,native,READ,408,0.523,6.719,7.242,20.413
r06,r06_OFF,OFF,native,READ,409,0.704,2.764,3.468,20.488
r06,r06_OFF,OFF,native,READ,410,1.514,4.268,5.782,20.502
r06,r06_OFF,OFF,native,READ,411,0.485,5.852,6.337,20.49
r06,r06_OFF,OFF,native,SELECT,412,0.556,11.103,11.659,20.608
r06,r06_OFF,OFF,native,OPERATE,413,0.503,9.512,10.015,0.347
r06,r06_OFF,OFF,native,READ,414,1.569,7.165,8.734,20.527
r06,r06_OFF,OFF,native,READ,415,1.533,6.062,7.595,20.496
r06,r06_OFF,OFF,native,READ,416,0.566,8.966,9.532,20.497
r06,r06_OFF,OFF,native,READ,417,0.561,6.293,6.854,20.489
r06,r06_OFF,OFF,native,READ,418,0.56,1.067,1.627,20.492
r06,r06_OFF,OFF,native,READ,419,0.479,2.207,2.686,20.46
r06,r06_OFF,OFF,native,SELECT,420,0.57,1.036,1.606,20.597
r06,r06_OFF,OFF,native,OPERATE,421,0.57,2.789,3.359,0.365
r06,r06_OFF,OFF,native,READ,422,1.25,2.123,3.373,20.547
r06,r06_OFF,OFF,native,READ,423,0.53,2.606,3.136,20.522
r06,r06_OFF,OFF,native,READ,424,1.55,1.028,2.578,20.485
r06,r06_OFF,OFF,native,READ,425,0.491,1.215,1.706,20.486
r06,r06_OFF,OFF,native,READ,426,0.564,2.013,2.577,20.49
r06,r06_OFF,OFF,native,READ,427,0.567,1.095,1.662,20.574
r06,r06_OFF,OFF,native,READ,428,0.529,4.187,4.716,20.471
r06,r06_OFF,OFF,native,SELECT,429,0.494,2.103,2.597,20.607
r06,r06_OFF,OFF,native,OPERATE,430,0.717,2.779,3.496,0.348
r06,r06_OFF,OFF,native,READ,431,0.619,1.864,2.483,20.557
r06,r06_OFF,OFF,native,READ,432,0.575,3.856,4.431,20.499
r06,r06_OFF,OFF,native,READ,433,0.568,3.946,4.514,20.491
r06,r06_OFF,OFF,native,READ,434,0.566,3.948,4.514,20.491
r06,r06_OFF,OFF,native,READ,435,0.566,4.018,4.584,20.494
r06,r06_OFF,OFF,native,READ,436,2.943,1.651,4.594,20.497
r06,r06_OFF,OFF,native,READ,437,0.487,3.829,4.316,20.504
r06,r06_OFF,OFF,native,SELECT,438,0.564,2.025,2.589,20.605
r06,r06_OFF,OFF,native,OPERATE,439,0.569,1.82,2.389,0.351
r06,r06_OFF,OFF,native,READ,440,1.567,1.16,2.727,20.564
r06,r06_OFF,OFF,native,READ,441,0.525,1.097,1.622,20.489
r06,r06_OFF,OFF,native,READ,442,0.5,2.279,2.779,20.488
r06,r06_OFF,OFF,native,READ,443,0.518,1.101,1.619,20.518
r06,r06_OFF,OFF,native,READ,444,0.485,2.171,2.656,20.502
r06,r06_OFF,OFF,native,READ,445,0.519,1.103,1.622,20.528
r06,r06_OFF,OFF,native,READ,446,0.979,2.269,3.248,20.495
r06,r06_OFF,OFF,native,SELECT,447,0.579,1.049,1.628,20.617
r06,r06_OFF,OFF,native,OPERATE,448,0.509,2.889,3.398,0.347
r06,r06_OFF,OFF,native,READ,449,0.455,1.234,1.689,20.581
r06,r06_OFF,OFF,native,READ,450,0.491,2.172,2.663,20.501
r06,r06_OFF,OFF,native,READ,451,0.452,1.262,1.714,20.491
r06,r06_OFF,OFF,native,READ,452,0.555,2.067,2.622,20.544
r06,r06_OFF,OFF,native,READ,453,0.558,1.159,1.717,20.528
r06,r06_OFF,OFF,native,SELECT,454,0.53,4.014,4.544,20.611
r06,r06_OFF,OFF,native,OPERATE,455,0.566,5.874,6.44,0.349
r06,r06_OFF,OFF,native,READ,456,0.574,2.109,2.683,20.559
r06,r06_OFF,OFF,native,READ,457,0.505,4.002,4.507,20.496
r06,r06_OFF,OFF,native,READ,458,0.574,3.977,4.551,20.495
r06,r06_OFF,OFF,native,READ,459,0.564,4.031,4.595,20.493
r06,r06_OFF,OFF,native,READ,460,0.545,3.886,4.431,20.435
r06,r06_OFF,OFF,native,READ,461,0.567,3.99,4.557,20.479
r06,r06_OFF,OFF,native,SELECT,462,0.457,2.073,2.53,20.598
r06,r06_OFF,OFF,native,OPERATE,463,0.551,2.977,3.528,0.35
r06,r06_OFF,OFF,native,READ,464,0.498,1.175,1.673,20.537
r06,r06_OFF,OFF,native,READ,465,0.474,2.128,2.602,20.536
r06,r06_OFF,OFF,native,READ,466,0.524,5.312,5.836,20.481
r06,r06_OFF,OFF,native,READ,467,0.57,1.102,1.672,20.493
r06,r06_OFF,OFF,native,READ,468,0.55,2.176,2.726,20.531
r06,r06_OFF,OFF,native,READ,469,0.492,1.168,1.66,20.5
r06,r06_OFF,OFF,native,SELECT,470,0.451,2.293,2.744,20.596
r06,r06_OFF,OFF,native,OPERATE,471,0.497,3.03,3.527,0.348
r06,r06_OFF,OFF,native,READ,472,0.563,1.099,1.662,20.548
r06,r06_OFF,OFF,native,READ,473,0.547,1.109,1.656,20.489
r06,r06_OFF,OFF,native,READ,474,1.53,1.133,2.663,20.451
r06,r06_OFF,OFF,native,READ,475,0.485,3.928,4.413,20.504
r06,r06_OFF,OFF,native,READ,476,2.095,2.29,4.385,20.486
r06,r06_OFF,OFF,native,READ,477,0.57,4.07,4.64,20.464
r06,r06_OFF,OFF,native,READ,478,0.554,3.939,4.493,20.515
r06,r06_OFF,OFF,native,READ,479,0.562,4.081,4.643,20.516
r06,r06_OFF,OFF,native,READ,480,0.562,12.86,13.422,20.491
r06,r06_OFF,OFF,native,SELECT,481,0.534,3.909,4.443,20.602
r06,r06_OFF,OFF,native,OPERATE,482,0.576,5.872,6.448,0.347
r06,r06_OFF,OFF,native,READ,483,0.523,2.213,2.736,20.566
r06,r06_OFF,OFF,native,READ,484,0.576,3.864,4.44,20.488
r06,r06_OFF,OFF,native,READ,485,0.562,2.088,2.65,20.489
r06,r06_OFF,OFF,native,READ,486,0.533,1.172,1.705,20.49
r06,r06_OFF,OFF,native,READ,487,0.564,2.088,2.652,20.485
r06,r06_OFF,OFF,native,SELECT,488,0.569,0.986,1.555,20.64
r06,r06_OFF,OFF,native,OPERATE,489,0.471,2.964,3.435,0.367
r06,r06_OFF,OFF,native,READ,490,0.535,1.112,1.647,20.55
r06,r06_OFF,OFF,native,READ,491,0.568,2.229,2.797,20.495
r06,r06_OFF,OFF,native,READ,492,0.518,1.144,1.662,20.493
r06,r06_OFF,OFF,native,READ,493,0.493,2.227,2.72,20.425
r06,r06_OFF,OFF,native,READ,494,0.451,1.197,1.648,20.486
r06,r06_OFF,OFF,native,READ,495,0.673,2.266,2.939,20.477
r06,r06_OFF,OFF,native,READ,496,0.684,1.079,1.763,20.523
r06,r06_OFF,OFF,native,READ,497,0.591,1.091,1.682,20.494
r06,r06_OFF,OFF,native,SELECT,498,0.457,2.068,2.525,20.599
r06,r06_OFF,OFF,native,OPERATE,499,0.499,2.872,3.371,0.35
r06,r06_OFF,OFF,native,READ,500,0.575,1.146,1.721,20.484
r06,r06_OFF,OFF,native,READ,501,0.467,4.838,5.305,20.5
r06,r06_OFF,OFF,native,READ,502,0.502,3.891,4.393,20.5
r06,r06_OFF,OFF,native,READ,503,0.5,3.992,4.492,20.493
r06,r06_OFF,OFF,native,READ,504,0.576,3.969,4.545,20.494
r06,r06_OFF,OFF,native,SELECT,505,0.511,3.792,4.303,20.598
r06,r06_OFF,OFF,native,OPERATE,506,1.571,4.878,6.449,0.353
r06,r06_OFF,OFF,native,READ,507,0.566,3.135,3.701,20.577
r06,r06_OFF,OFF,native,READ,508,0.573,3.939,4.512,20.5
r06,r06_OFF,OFF,native,READ,509,0.674,1.092,1.766,20.412
r06,r06_OFF,OFF,native,READ,510,0.511,1.101,1.612,20.494
r06,r06_OFF,OFF,native,READ,511,0.483,2.137,2.62,20.496
r06,r06_OFF,OFF,native,SELECT,512,0.556,1.035,1.591,20.625
r06,r06_OFF,OFF,native,OPERATE,513,0.442,2.909,3.351,0.365
r06,r06_OFF,OFF,native,READ,514,0.517,1.091,1.608,20.548
r06,r06_OFF,OFF,native,READ,515,1.553,5.199,6.752,20.507
r06,r06_OFF,OFF,native,READ,516,0.554,1.104,1.658,20.521
r06,r06_OFF,OFF,native,READ,517,0.566,2.084,2.65,20.493
r06,r06_OFF,OFF,native,READ,518,0.503,1.154,1.657,20.441
r06,r06_OFF,OFF,native,READ,519,0.453,2.318,2.771,20.49
r06,r06_OFF,OFF,native,READ,520,0.497,1.17,1.667,20.5
r06,r06_OFF,OFF,native,READ,521,0.562,3.342,3.904,20.521
r06,r06_OFF,OFF,native,READ,522,0.52,1.101,1.621,20.421
r06,r06_OFF,OFF,native,SELECT,523,0.755,6.545,7.3,20.602
r06,r06_OFF,OFF,native,OPERATE,524,0.576,4.178,4.754,0.349
r06,r06_OFF,OFF,native,READ,525,0.465,3.269,3.734,20.536
r06,r06_OFF,OFF,native,READ,526,0.539,4.222,4.761,20.495
r06,r06_OFF,OFF,native,READ,527,0.532,3.62,4.152,20.564
r06,r06_OFF,OFF,native,READ,528,0.559,3.986,4.545,20.494
r06,r06_OFF,OFF,native,READ,529,3.688,5.461,9.149,20.5
r06,r06_OFF,OFF,native,READ,530,0.576,3.973,4.549,20.476
r06,r06_OFF,OFF,native,SELECT,531,0.507,1.099,1.606,20.609
r06,r06_OFF,OFF,native,OPERATE,532,1.329,1.936,3.265,0.346
r06,r06_OFF,OFF,native,READ,533,0.511,2.214,2.725,20.565
r06,r06_OFF,OFF,native,READ,534,4.293,1.258,5.551,20.491
r06,r06_OFF,OFF,native,READ,535,0.489,1.17,1.659,20.494
r06,r06_OFF,OFF,native,READ,536,0.45,2.153,2.603,20.512
r06,r06_OFF,OFF,native,READ,537,0.503,1.16,1.663,20.513
r06,r06_OFF,OFF,native,READ,538,0.513,2.315,2.828,20.488
r06,r06_OFF,OFF,native,READ,539,0.544,1.128,1.672,20.494
r06,r06_OFF,OFF,native,READ,540,0.541,2.06,2.601,20.497
r06,r06_OFF,OFF,native,READ,541,0.617,1.101,1.718,20.488
r06,r06_OFF,OFF,native,SELECT,542,0.557,1.026,1.583,20.628
r06,r06_OFF,OFF,native,OPERATE,543,1.345,1.842,3.187,0.367
r06,r06_OFF,OFF,native,READ,544,3.792,1.348,5.14,20.487
r06,r06_OFF,OFF,native,READ,545,0.525,2.105,2.63,20.515
r06,r06_OFF,OFF,native,READ,546,0.62,1.091,1.711,20.498
r06,r06_OFF,OFF,native,READ,547,0.449,3.905,4.354,20.49
r06,r06_OFF,OFF,native,READ,548,0.546,3.95,4.496,20.497
r06,r06_OFF,OFF,native,SELECT,549,0.506,3.965,4.471,20.603
r06,r06_OFF,OFF,native,OPERATE,550,0.525,5.848,6.373,0.348
r06,r06_OFF,OFF,native,READ,551,0.574,2.148,2.722,20.578
r06,r06_OFF,OFF,native,READ,552,1.569,2.841,4.41,20.501
r06,r06_OFF,OFF,native,READ,553,1.525,3.029,4.554,20.491
r06,r06_OFF,OFF,native,READ,554,1.546,2.967,4.513,20.489
r06,r06_OFF,OFF,native,READ,555,1.558,1.073,2.631,20.492
r06,r06_OFF,OFF,native,SELECT,556,0.685,0.955,1.64,20.6
r06,r06_OFF,OFF,native,OPERATE,557,1.575,1.834,3.409,0.291
r06,r06_OFF,OFF,native,READ,558,0.556,2.103,2.659,20.523
r06,r06_OFF,OFF,native,READ,559,0.475,1.18,1.655,20.484
r06,r06_OFF,OFF,native,READ,560,0.495,1.155,1.65,20.498
r06,r06_OFF,OFF,native,READ,561,0.442,2.244,2.686,20.536
r06,r06_OFF,OFF,native,READ,562,0.559,1.083,1.642,20.511
r06,r06_OFF,OFF,native,READ,563,0.532,2.116,2.648,20.51
r06,r06_OFF,OFF,native,READ,564,0.569,1.105,1.674,20.412
r06,r06_OFF,OFF,native,READ,565,0.487,3.069,3.556,20.489
r06,r06_OFF,OFF,native,READ,566,0.451,3.943,4.394,20.493
r06,r06_OFF,OFF,native,SELECT,567,0.461,8.483,8.944,20.591
r06,r06_OFF,OFF,native,OPERATE,568,0.566,23.897,24.463,0.377
r06,r06_OFF,OFF,native,READ,569,0.571,3.993,4.564,20.558
r06,r06_OFF,OFF,native,READ,570,0.556,3.991,4.547,20.488
r06,r06_OFF,OFF,native,READ,571,0.561,3.919,4.48,20.492
r06,r06_OFF,OFF,native,READ,572,0.56,3.946,4.506,20.504
r06,r06_OFF,OFF,native,READ,573,0.558,4.22,4.778,20.493
r06,r06_OFF,OFF,native,READ,574,0.563,13.349,13.912,20.496
r06,r06_OFF,OFF,native,READ,575,0.475,4.452,4.927,20.493
r06,r06_OFF,OFF,native,READ,576,0.565,2.064,2.629,20.5
r06,r06_OFF,OFF,native,SELECT,577,0.562,0.967,1.529,20.662
r06,r06_OFF,OFF,native,OPERATE,578,0.531,2.863,3.394,0.308
r06,r06_OFF,OFF,native,READ,579,0.551,1.091,1.642,20.478
r06,r06_OFF,OFF,native,READ,580,1.522,1.143,2.665,20.503
r06,r06_OFF,OFF,native,READ,581,3.807,2.3,6.107,20.5
r06,r06_OFF,OFF,native,READ,582,0.552,2.331,2.883,20.497
r06,r06_OFF,OFF,native,READ,583,0.539,3.899,4.438,20.502
r06,r06_OFF,OFF,native,SELECT,584,0.573,1.026,1.599,20.519
r06,r06_OFF,OFF,native,OPERATE,585,1.601,1.819,3.42,0.348
r06,r06_OFF,OFF,native,READ,586,0.556,6.232,6.788,20.563
r06,r06_OFF,OFF,native,READ,587,0.612,5.496,6.108,20.484
r06,r06_OFF,OFF,native,READ,588,0.55,1.107,1.657,20.435
r06,r06_OFF,OFF,native,READ,589,0.522,2.158,2.68,20.495
r06,r06_OFF,OFF,native,READ,590,0.482,1.161,1.643,20.502
r06,r06_OFF,OFF,native,READ,591,0.465,2.615,3.08,20.491
r06,r06_OFF,OFF,native,SELECT,592,0.568,3.772,4.34,20.626
r06,r06_OFF,OFF,native,OPERATE,593,0.569,4.045,4.614,0.404
r06,r06_OFF,OFF,native,READ,594,0.523,3.157,3.68,20.566
r06,r06_OFF,OFF,native,READ,595,0.493,4.175,4.668,20.494
r06,r06_OFF,OFF,native,READ,596,0.574,3.869,4.443,20.492
r06,r06_OFF,OFF,native,READ,597,0.562,3.872,4.434,20.489
r06,r06_OFF,OFF,native,READ,598,0.493,4.168,4.661,20.45
r06,r06_OFF,OFF,native,READ,599,0.485,1.17,1.655,20.491
r06,r06_OFF,OFF,native,SELECT,600,0.678,2.257,2.935,20.592
r06,r06_OFF,OFF,native,OPERATE,601,0.561,2.964,3.525,0.381
r06,r06_OFF,OFF,native,READ,602,0.515,1.101,1.616,20.616
r06,r06_OFF,OFF,native,READ,603,0.561,2.059,2.62,20.492
r06,r06_OFF,OFF,native,READ,604,0.58,1.092,1.672,20.442
r06,r06_OFF,OFF,native,READ,605,0.495,1.189,1.684,20.5
r06,r06_OFF,OFF,native,READ,606,0.483,2.15,2.633,20.492
r06,r06_OFF,OFF,native,READ,607,0.552,1.179,1.731,20.514
r06,r06_OFF,OFF,native,SELECT,608,0.574,1.987,2.561,20.619
r06,r06_OFF,OFF,native,OPERATE,609,0.551,2.881,3.432,0.354
r06,r06_OFF,OFF,native,READ,610,0.56,1.095,1.655,20.554
r06,r06_OFF,OFF,native,READ,611,0.593,1.18,1.773,20.499
r06,r06_OFF,OFF,native,READ,612,0.453,2.127,2.58,20.502
r06,r06_OFF,OFF,native,READ,613,0.509,4.839,5.348,20.441
r06,r06_OFF,OFF,native,READ,614,0.553,1.08,1.633,20.492
r06,r06_OFF,OFF,native,READ,615,1.628,14.845,16.473,20.493
r06,r06_OFF,OFF,native,SELECT,616,0.507,5.827,6.334,20.599
r06,r06_OFF,OFF,native,OPERATE,617,0.574,4.772,5.346,0.302
r06,r06_OFF,OFF,native,READ,618,0.532,3.155,3.687,20.581
r06,r06_OFF,OFF,native,READ,619,0.568,3.924,4.492,20.505
r06,r06_OFF,OFF,native,READ,620,0.574,3.979,4.553,20.5
r06,r06_OFF,OFF,native,READ,621,0.565,4.06,4.625,20.491
r06,r06_OFF,OFF,native,READ,622,0.483,1.164,1.647,20.492
r06,r06_OFF,OFF,native,SELECT,623,0.51,2.176,2.686,20.59
r06,r06_OFF,OFF,native,OPERATE,624,0.445,2.924,3.369,0.347
r06,r06_OFF,OFF,native,READ,625,2.619,2.194,4.813,20.539
r06,r06_OFF,OFF,native,READ,626,0.563,1.096,1.659,20.511
r06,r06_OFF,OFF,native,READ,627,0.57,2.28,2.85,20.594
r06,r06_OFF,OFF,native,READ,628,0.496,1.164,1.66,20.489
r06,r06_OFF,OFF,native,READ,629,0.565,1.081,1.646,20.494
r06,r06_OFF,OFF,native,READ,630,1.511,1.159,2.67,20.509
r06,r06_OFF,OFF,native,SELECT,631,0.542,1.034,1.576,20.603
r06,r06_OFF,OFF,native,OPERATE,632,1.568,1.944,3.512,0.348
r06,r06_OFF,OFF,native,READ,633,0.54,2.113,2.653,20.579
r06,r06_OFF,OFF,native,READ,634,0.579,1.102,1.681,20.493
r06,r06_OFF,OFF,native,READ,635,3.3,1.103,4.403,20.413
r06,r06_OFF,OFF,native,READ,636,0.58,1.093,1.673,20.488
r06,r06_OFF,OFF,native,READ,637,0.452,2.36,2.812,20.494
r06,r06_OFF,OFF,native,SELECT,638,0.46,3.746,4.206,20.633
r06,r06_OFF,OFF,native,OPERATE,639,0.571,4.864,5.435,0.351
r06,r06_OFF,OFF,native,READ,640,0.505,12.096,12.601,20.54
r06,r06_OFF,OFF,native,READ,641,0.457,6.007,6.464,20.488
r06,r06_OFF,OFF,native,READ,642,0.498,3.862,4.36,20.471
r06,r06_OFF,OFF,native,READ,643,0.71,4.003,4.713,20.472
r06,r06_OFF,OFF,native,READ,644,1.797,2.649,4.446,20.488
r06,r06_OFF,OFF,native,READ,645,0.501,3.905,4.406,20.494
r06,r06_OFF,OFF,native,SELECT,646,0.495,1.106,1.601,20.608
r06,r06_OFF,OFF,native,OPERATE,647,0.542,3.027,3.569,0.348
r06,r06_OFF,OFF,native,READ,648,0.48,1.32,1.8,20.542
r06,r06_OFF,OFF,native,READ,649,0.534,2.081,2.615,20.505
r06,r06_OFF,OFF,native,READ,650,0.543,1.176,1.719,20.492
r06,r06_OFF,OFF,native,READ,651,0.553,2.107,2.66,20.504
r06,r06_OFF,OFF,native,READ,652,0.72,1.086,1.806,20.544
r06,r06_OFF,OFF,native,READ,653,0.467,1.167,1.634,20.492
r06,r06_OFF,OFF,native,SELECT,654,1.654,1.038,2.692,20.638
r06,r06_OFF,OFF,native,OPERATE,655,0.479,2.882,3.361,0.374
r06,r06_OFF,OFF,native,READ,656,0.484,1.135,1.619,20.535
r06,r06_OFF,OFF,native,READ,657,0.472,2.242,2.714,20.524
r06,r06_OFF,OFF,native,READ,658,0.54,1.193,1.733,20.479
r06,r06_OFF,OFF,native,READ,659,0.453,2.891,3.344,20.471
r06,r06_OFF,OFF,native,READ,660,0.494,1.14,1.634,20.41
r06,r06_OFF,OFF,native,READ,661,0.453,7.057,7.51,20.474
r06,r06_OFF,OFF,native,SELECT,662,0.494,3.981,4.475,20.545
r06,r06_OFF,OFF,native,OPERATE,663,0.528,4.371,4.899,0.341
r06,r06_OFF,OFF,native,READ,664,0.547,3.188,3.735,20.527
r06,r06_OFF,OFF,native,READ,665,0.5,4.174,4.674,20.505
r06,r06_OFF,OFF,native,READ,666,0.57,3.824,4.394,20.488
r06,r06_OFF,OFF,native,READ,667,0.553,3.881,4.434,20.513
r06,r06_OFF,OFF,native,READ,668,0.546,4.139,4.685,20.504
r06,r06_OFF,OFF,native,READ,669,0.552,1.1,1.652,20.499
r06,r06_OFF,OFF,native,READ,670,0.525,2.27,2.795,20.439
r06,r06_OFF,OFF,native,READ,671,0.48,1.163,1.643,20.5
r06,r06_OFF,OFF,native,SELECT,672,0.542,2.104,2.646,20.601
r06,r06_OFF,OFF,native,OPERATE,673,0.485,1.932,2.417,0.351
r06,r06_OFF,OFF,native,READ,674,3.76,2.114,5.874,20.546
r06,r06_OFF,OFF,native,READ,675,0.509,1.098,1.607,20.491
r06,r06_OFF,OFF,native,READ,676,0.566,1.253,1.819,20.5
r06,r06_OFF,OFF,native,READ,677,1.503,1.128,2.631,20.561
r06,r06_OFF,OFF,native,READ,678,0.538,1.329,1.867,20.498
r06,r06_OFF,OFF,native,READ,679,0.563,2.111,2.674,20.499
r06,r06_OFF,OFF,native,READ,680,0.557,1.1,1.657,20.518
r06,r06_OFF,OFF,native,SELECT,681,0.57,3.041,3.611,20.526
r06,r06_OFF,OFF,native,OPERATE,682,0.576,6.157,6.733,0.346
r06,r06_OFF,OFF,native,READ,683,0.595,1.232,1.827,20.459
r06,r06_OFF,OFF,native,READ,684,0.568,1.028,1.596,20.507
r06,r06_OFF,OFF,native,READ,685,0.557,2.4,2.957,20.509
r06,r06_OFF,OFF,native,READ,686,0.541,4.019,4.56,20.462
r06,r06_OFF,OFF,native,READ,687,0.567,4.091,4.658,20.461
r06,r06_OFF,OFF,native,SELECT,688,0.51,12.848,13.358,20.572
r06,r06_OFF,OFF,native,OPERATE,689,0.581,6.782,7.363,0.308
r06,r06_OFF,OFF,native,READ,690,0.537,3.211,3.748,20.479
r06,r06_OFF,OFF,native,READ,691,0.576,4.126,4.702,20.439
r06,r06_OFF,OFF,native,READ,692,0.493,1.159,1.652,20.475
r06,r06_OFF,OFF,native,READ,693,0.549,2.27,2.819,20.458
r06,r06_OFF,OFF,native,READ,694,0.465,1.155,1.62,20.525
r06,r06_OFF,OFF,native,SELECT,695,0.552,1.02,1.572,20.571
r06,r06_OFF,OFF,native,OPERATE,696,1.282,2.02,3.302,0.351
r06,r06_OFF,OFF,native,READ,697,0.447,2.136,2.583,20.569
r06,r06_OFF,OFF,native,READ,698,0.554,1.158,1.712,20.455
r06,r06_OFF,OFF,native,READ,699,0.545,1.103,1.648,20.51
r06,r06_OFF,OFF,native,READ,700,1.485,1.141,2.626,20.459
r06,r06_OFF,OFF,native,READ,701,0.561,1.09,1.651,20.456
r06,r06_OFF,OFF,native,SELECT,702,0.503,2.149,2.652,20.637
r06,r06_OFF,OFF,native,OPERATE,703,0.447,2.961,3.408,0.309
r06,r06_OFF,OFF,native,READ,704,0.456,1.209,1.665,20.554
r06,r06_OFF,OFF,native,READ,705,0.498,1.168,1.666,20.488
r06,r06_OFF,OFF,native,READ,706,1.465,1.166,2.631,20.573
r06,r06_OFF,OFF,native,READ,707,0.556,1.088,1.644,20.531
r06,r06_OFF,OFF,native,READ,708,0.577,6.066,6.643,20.509
r06,r06_OFF,OFF,native,READ,709,0.505,3.989,4.494,20.505
r06,r06_OFF,OFF,native,READ,710,0.502,3.965,4.467,20.5
r06,r06_OFF,OFF,native,SELECT,711,0.51,3.806,4.316,20.615
r06,r06_OFF,OFF,native,OPERATE,712,0.569,4.68,5.249,0.353
r06,r06_OFF,OFF,native,READ,713,0.54,3.173,3.713,20.586
r06,r06_OFF,OFF,native,READ,714,0.573,4.138,4.711,20.441
r06,r06_OFF,OFF,native,READ,715,0.567,3.757,4.324,20.496
r06,r06_OFF,OFF,native,READ,716,0.553,1.1,1.653,20.54
r06,r06_OFF,OFF,native,READ,717,0.535,2.057,2.592,20.478
r06,r06_OFF,OFF,native,SELECT,718,0.496,1.107,1.603,20.612
r06,r06_OFF,OFF,native,OPERATE,719,0.554,2.863,3.417,0.357
r06,r06_OFF,OFF,native,READ,720,0.5,1.309,1.809,20.551
r06,r06_OFF,OFF,native,READ,721,0.506,2.096,2.602,20.513
r06,r06_OFF,OFF,native,READ,722,0.558,1.111,1.669,20.545
r06,r06_OFF,OFF,native,READ,723,0.567,2.015,2.582,20.548
r06,r06_OFF,OFF,native,READ,724,0.494,1.365,1.859,20.53
r06,r06_OFF,OFF,native,READ,725,0.49,2.161,2.651,20.497
r06,r06_OFF,OFF,native,SELECT,726,0.564,1.037,1.601,20.677
r06,r06_OFF,OFF,native,OPERATE,727,0.508,2.884,3.392,0.415
r06,r06_OFF,OFF,native,READ,728,0.568,1.101,1.669,20.607
r06,r06_OFF,OFF,native,READ,729,0.543,2.247,2.79,20.539
r06,r06_OFF,OFF,native,READ,730,0.493,1.182,1.675,20.505
r06,r06_OFF,OFF,native,READ,731,0.504,2.139,2.643,20.496
r06,r06_OFF,OFF,native,READ,732,0.516,4.556,5.072,20.482
r06,r06_OFF,OFF,native,READ,733,0.568,8.159,8.727,20.43
r06,r06_OFF,OFF,native,READ,734,0.564,8.889,9.453,20.5
r06,r06_OFF,OFF,native,READ,735,0.521,8.968,9.489,20.502
r06,r06_OFF,OFF,native,SELECT,736,0.568,9.733,10.301,20.604
r06,r06_OFF,OFF,native,OPERATE,737,0.564,24.127,24.691,0.356
r06,r06_OFF,OFF,native,READ,738,0.522,8.919,9.441,20.549
r06,r06_OFF,OFF,native,READ,739,0.494,8.085,8.579,20.497
r06,r06_OFF,OFF,native,READ,740,0.488,4.1,4.588,20.479
r06,r06_OFF,OFF,native,READ,741,0.498,1.164,1.662,20.51
r06,r06_OFF,OFF,native,READ,742,0.524,2.101,2.625,20.5
r06,r06_OFF,OFF,native,SELECT,743,0.57,1.031,1.601,20.667
r06,r06_OFF,OFF,native,OPERATE,744,0.564,2.885,3.449,0.413
r06,r06_OFF,OFF,native,READ,745,0.565,1.104,1.669,20.542
r06,r06_OFF,OFF,native,READ,746,1.519,1.145,2.664,20.525
r06,r06_OFF,OFF,native,READ,747,0.49,1.166,1.656,20.504
r06,r06_OFF,OFF,native,READ,748,0.574,2.08,2.654,20.509
r06,r06_OFF,OFF,native,READ,749,0.556,1.154,1.71,20.497
r06,r06_OFF,OFF,native,SELECT,750,0.563,4.333,4.896,20.663
r06,r06_OFF,OFF,native,OPERATE,751,1.577,9.776,11.353,0.355
r06,r06_OFF,OFF,native,READ,752,0.539,5.112,5.651,20.643
r06,r06_OFF,OFF,native,READ,753,1.63,5.018,6.648,20.502
r06,r06_OFF,OFF,native,READ,754,0.562,3.931,4.493,20.493
r06,r06_OFF,OFF,native,READ,755,3.938,5.448,9.386,20.499
r06,r06_OFF,OFF,native,READ,756,0.502,4.088,4.59,20.499
r06,r06_OFF,OFF,native,READ,757,0.569,3.856,4.425,20.487
r06,r06_OFF,OFF,native,READ,758,0.508,4.017,4.525,20.501
r06,r06_OFF,OFF,native,READ,759,3.17,1.336,4.506,20.506
r06,r06_OFF,OFF,native,SELECT,760,0.479,3.767,4.246,20.609
r06,r06_OFF,OFF,native,OPERATE,761,0.565,5.88,6.445,0.353
r06,r06_OFF,OFF,native,READ,762,0.58,1.112,1.692,20.599
r06,r06_OFF,OFF,native,READ,763,0.487,1.166,1.653,20.504
r06,r06_OFF,OFF,native,READ,764,0.555,6.201,6.756,20.495
r06,r06_OFF,OFF,native,READ,765,0.558,1.097,1.655,20.56
r06,r06_OFF,OFF,native,READ,766,0.556,2.104,2.66,20.528
r06,r06_OFF,OFF,native,SELECT,767,0.578,1.029,1.607,20.585
r06,r06_OFF,OFF,native,OPERATE,768,0.512,2.938,3.45,0.352
r06,r06_OFF,OFF,native,READ,769,0.556,1.099,1.655,20.549
r06,r06_OFF,OFF,native,READ,770,0.495,2.203,2.698,20.514
r06,r06_OFF,OFF,native,READ,771,0.541,1.119,1.66,20.499
r06,r06_OFF,OFF,native,READ,772,0.509,2.123,2.632,20.563
r06,r06_OFF,OFF,native,READ,773,0.564,1.107,1.671,20.5
r06,r06_OFF,OFF,native,READ,774,0.524,6.441,6.965,20.527
r06,r06_OFF,OFF,native,SELECT,775,0.49,4.842,5.332,20.624
r06,r06_OFF,OFF,native,OPERATE,776,0.501,8.802,9.303,0.353
r06,r06_OFF,OFF,native,READ,777,0.583,3.135,3.718,20.609
r06,r06_OFF,OFF,native,READ,778,0.501,3.839,4.34,20.497
r06,r06_OFF,OFF,native,READ,779,0.507,3.932,4.439,20.5
r06,r06_OFF,OFF,native,READ,780,0.506,4.039,4.545,20.509
r06,r06_OFF,OFF,native,READ,781,0.501,4.198,4.699,20.507
r06,r06_OFF,OFF,native,READ,782,0.495,3.819,4.314,20.498
r07,r07_A1,A1,obfuscated,READ,0,20.032,4.069,24.101,
r07,r07_A1,A1,obfuscated,READ,1,20.107,3.998,24.105,20.509
r07,r07_A1,A1,obfuscated,READ,2,20.108,3.987,24.095,20.507
r07,r07_A1,A1,obfuscated,READ,3,20.095,4.018,24.113,20.501
r07,r07_A1,A1,obfuscated,READ,4,20.095,4.01,24.105,20.498
r07,r07_A1,A1,obfuscated,READ,5,20.109,4.0,24.109,20.498
r07,r07_A1,A1,obfuscated,READ,6,20.082,3.96,24.042,20.558
r07,r07_A1,A1,obfuscated,READ,7,20.107,3.995,24.102,20.48
r07,r07_A1,A1,obfuscated,SELECT,8,20.104,4.005,24.109,20.643
r07,r07_A1,A1,obfuscated,OPERATE,9,20.107,3.999,24.106,0.387
r07,r07_A1,A1,obfuscated,READ,10,20.106,3.999,24.105,20.56
r07,r07_A1,A1,obfuscated,READ,11,20.081,4.028,24.109,20.538
r07,r07_A1,A1,obfuscated,READ,12,20.108,4.036,24.144,20.491
r07,r07_A1,A1,obfuscated,READ,13,20.103,3.978,24.081,20.449
r07,r07_A1,A1,obfuscated,READ,14,20.083,4.023,24.106,20.547
r07,r07_A1,A1,obfuscated,READ,15,20.095,3.996,24.091,20.497
r07,r07_A1,A1,obfuscated,READ,16,20.083,4.024,24.107,20.513
r07,r07_A1,A1,obfuscated,READ,17,20.113,3.991,24.104,20.506
r07,r07_A1,A1,obfuscated,READ,18,20.109,3.995,24.104,20.506
r07,r07_A1,A1,obfuscated,SELECT,19,20.082,3.954,24.036,20.593
r07,r07_A1,A1,obfuscated,OPERATE,20,20.105,3.975,24.08,0.306
r07,r07_A1,A1,obfuscated,READ,21,20.082,4.025,24.107,20.552
r07,r07_A1,A1,obfuscated,READ,22,20.108,3.99,24.098,20.498
r07,r07_A1,A1,obfuscated,READ,23,20.106,4.023,24.129,20.499
r07,r07_A1,A1,obfuscated,READ,24,20.082,4.026,24.108,20.523
r07,r07_A1,A1,obfuscated,READ,25,20.099,4.005,24.104,20.653
r07,r07_A1,A1,obfuscated,READ,26,20.044,4.067,24.111,20.508
r07,r07_A1,A1,obfuscated,READ,27,20.093,4.018,24.111,20.515
r07,r07_A1,A1,obfuscated,READ,28,20.113,4.001,24.114,20.498
r07,r07_A1,A1,obfuscated,SELECT,29,20.105,3.987,24.092,20.62
r07,r07_A1,A1,obfuscated,OPERATE,30,20.103,4.004,24.107,0.353
r07,r07_A1,A1,obfuscated,READ,31,20.105,4.0,24.105,20.556
r07,r07_A1,A1,obfuscated,READ,32,20.044,4.064,24.108,20.495
r07,r07_A1,A1,obfuscated,READ,33,20.104,3.998,24.102,20.425
r07,r07_A1,A1,obfuscated,READ,34,20.082,4.029,24.111,20.536
r07,r07_A1,A1,obfuscated,READ,35,20.104,4.001,24.105,20.495
r07,r07_A1,A1,obfuscated,READ,36,20.108,3.998,24.106,20.508
r07,r07_A1,A1,obfuscated,READ,37,20.083,4.026,24.109,20.507
r07,r07_A1,A1,obfuscated,READ,38,20.096,3.999,24.095,20.514
r07,r07_A1,A1,obfuscated,SELECT,39,20.109,3.996,24.105,20.631
r07,r07_A1,A1,obfuscated,OPERATE,40,20.093,4.022,24.115,0.349
r07,r07_A1,A1,obfuscated,READ,41,20.104,4.004,24.108,20.551
r07,r07_A1,A1,obfuscated,READ,42,20.083,4.024,24.107,20.497
r07,r07_A1,A1,obfuscated,READ,43,20.105,4.009,24.114,20.503
r07,r07_A1,A1,obfuscated,READ,44,20.108,4.0,24.108,20.495
r07,r07_A1,A1,obfuscated,READ,45,20.084,4.023,24.107,20.524
r07,r07_A1,A1,obfuscated,SELECT,46,20.095,3.994,24.089,20.58
r07,r07_A1,A1,obfuscated,OPERATE,47,20.108,4.003,24.111,0.374
r07,r07_A1,A1,obfuscated,READ,48,20.114,3.989,24.103,20.564
r07,r07_A1,A1,obfuscated,READ,49,20.104,4.005,24.109,20.491
r07,r07_A1,A1,obfuscated,READ,50,20.081,4.023,24.104,20.551
r07,r07_A1,A1,obfuscated,READ,51,20.097,4.002,24.099,20.492
r07,r07_A1,A1,obfuscated,READ,52,20.087,3.965,24.052,20.509
r07,r07_A1,A1,obfuscated,READ,53,20.119,3.991,24.11,20.501
r07,r07_A1,A1,obfuscated,READ,54,20.1,4.008,24.108,20.499
r07,r07_A1,A1,obfuscated,READ,55,20.081,4.023,24.104,20.518
r07,r07_A1,A1,obfuscated,READ,56,20.101,4.003,24.104,20.5
r07,r07_A1,A1,obfuscated,SELECT,57,20.102,4.006,24.108,20.628
r07,r07_A1,A1,obfuscated,OPERATE,58,20.119,3.981,24.1,0.351
r07,r07_A1,A1,obfuscated,READ,59,20.092,4.016,24.108,20.547
r07,r07_A1,A1,obfuscated,READ,60,20.082,4.023,24.105,20.497
r07,r07_A1,A1,obfuscated,READ,61,20.108,3.999,24.107,20.507
r07,r07_A1,A1,obfuscated,READ,62,20.103,4.007,24.11,20.523
r07,r07_A1,A1,obfuscated,READ,63,20.082,4.021,24.103,20.51
r07,r07_A1,A1,obfuscated,READ,64,20.107,3.997,24.104,20.497
r07,r07_A1,A1,obfuscated,READ,65,20.082,3.956,24.038,20.476
r07,r07_A1,A1,obfuscated,READ,66,20.097,3.998,24.095,20.506
r07,r07_A1,A1,obfuscated,READ,67,20.102,4.003,24.105,20.528
r07,r07_A1,A1,obfuscated,SELECT,68,20.082,4.024,24.106,20.624
r07,r07_A1,A1,obfuscated,OPERATE,69,20.105,4.004,24.109,0.349
r07,r07_A1,A1,obfuscated,READ,70,20.083,4.024,24.107,20.547
r07,r07_A1,A1,obfuscated,READ,71,20.099,4.01,24.109,20.497
r07,r07_A1,A1,obfuscated,READ,72,20.108,4.003,24.111,20.5
r07,r07_A1,A1,obfuscated,READ,73,20.082,4.023,24.105,20.517
r07,r07_A1,A1,obfuscated,READ,74,20.104,4.004,24.108,20.495
r07,r07_A1,A1,obfuscated,READ,75,20.096,4.012,24.108,20.571
r07,r07_A1,A1,obfuscated,READ,76,20.107,4.0,24.107,20.5
r07,r07_A1,A1,obfuscated,READ,77,20.11,3.998,24.108,20.498
r07,r07_A1,A1,obfuscated,SELECT,78,20.095,3.941,24.036,20.65
r07,r07_A1,A1,obfuscated,OPERATE,79,20.109,3.994,24.103,0.364
r07,r07_A1,A1,obfuscated,READ,80,20.082,4.007,24.089,20.586
r07,r07_A1,A1,obfuscated,READ,81,20.081,4.027,24.108,20.511
r07,r07_A1,A1,obfuscated,READ,82,20.104,4.0,24.104,20.494
r07,r07_A1,A1,obfuscated,READ,83,20.082,4.028,24.11,20.5
r07,r07_A1,A1,obfuscated,READ,84,20.101,4.002,24.103,20.492
r07,r07_A1,A1,obfuscated,READ,85,20.106,4.003,24.109,20.524
r07,r07_A1,A1,obfuscated,SELECT,86,20.082,4.024,24.106,20.627
r07,r07_A1,A1,obfuscated,OPERATE,87,20.107,3.997,24.104,0.349
r07,r07_A1,A1,obfuscated,READ,88,20.082,4.024,24.106,20.571
r07,r07_A1,A1,obfuscated,READ,89,20.102,4.006,24.108,20.498
r07,r07_A1,A1,obfuscated,READ,90,20.104,4.004,24.108,20.505
r07,r07_A1,A1,obfuscated,READ,91,20.082,4.022,24.104,20.493
r07,r07_A1,A1,obfuscated,READ,92,20.103,3.981,24.084,20.416
r07,r07_A1,A1,obfuscated,READ,93,20.081,4.027,24.108,20.484
r07,r07_A1,A1,obfuscated,READ,94,20.107,3.999,24.106,20.474
r07,r07_A1,A1,obfuscated,READ,95,20.119,3.996,24.115,20.488
r07,r07_A1,A1,obfuscated,SELECT,96,20.081,4.024,24.105,20.636
r07,r07_A1,A1,obfuscated,OPERATE,97,20.112,4.0,24.112,0.35
r07,r07_A1,A1,obfuscated,READ,98,20.081,3.955,24.036,20.526
r07,r07_A1,A1,obfuscated,READ,99,20.089,4.003,24.092,20.498
r07,r07_A1,A1,obfuscated,READ,100,20.103,4.001,24.104,20.589
r07,r07_A1,A1,obfuscated,READ,101,20.082,4.025,24.107,20.507
r07,r07_A1,A1,obfuscated,READ,102,20.105,4.001,24.106,20.497
r07,r07_A1,A1,obfuscated,READ,103,20.082,4.024,24.106,20.527
r07,r07_A1,A1,obfuscated,READ,104,20.104,4.001,24.105,20.493
r07,r07_A1,A1,obfuscated,READ,105,20.108,3.987,24.095,20.417
r07,r07_A1,A1,obfuscated,READ,106,20.084,4.022,24.106,20.506
r07,r07_A1,A1,obfuscated,SELECT,107,20.109,4.0,24.109,20.6
r07,r07_A1,A1,obfuscated,OPERATE,108,20.105,4.0,24.105,0.368
r07,r07_A1,A1,obfuscated,READ,109,20.107,3.999,24.106,20.543
r07,r07_A1,A1,obfuscated,READ,110,20.111,3.998,24.109,20.495
r07,r07_A1,A1,obfuscated,READ,111,20.082,4.0,24.082,20.525
r07,r07_A1,A1,obfuscated,READ,112,20.11,3.995,24.105,20.431
r07,r07_A1,A1,obfuscated,READ,113,20.088,4.026,24.114,20.505
r07,r07_A1,A1,obfuscated,SELECT,114,20.099,4.008,24.107,20.608
r07,r07_A1,A1,obfuscated,OPERATE,115,20.112,3.999,24.111,0.349
r07,r07_A1,A1,obfuscated,READ,116,20.081,4.032,24.113,20.566
r07,r07_A1,A1,obfuscated,READ,117,20.113,3.999,24.112,20.494
r07,r07_A1,A1,obfuscated,READ,118,20.084,4.02,24.104,20.536
r07,r07_A1,A1,obfuscated,READ,119,20.109,3.997,24.106,20.415
r07,r07_A1,A1,obfuscated,READ,120,20.08,4.031,24.111,20.495
r07,r07_A1,A1,obfuscated,READ,121,20.082,4.026,24.108,20.526
r07,r07_A1,A1,obfuscated,READ,122,20.115,3.988,24.103,20.491
r07,r07_A1,A1,obfuscated,SELECT,123,20.102,4.007,24.109,20.627
r07,r07_A1,A1,obfuscated,OPERATE,124,20.098,4.006,24.104,0.354
r07,r07_A1,A1,obfuscated,READ,125,20.082,4.026,24.108,20.522
r07,r07_A1,A1,obfuscated,READ,126,20.081,4.027,24.108,20.521
r07,r07_A1,A1,obfuscated,READ,127,20.108,4.0,24.108,20.497
r07,r07_A1,A1,obfuscated,READ,128,20.088,4.017,24.105,20.512
r07,r07_A1,A1,obfuscated,READ,129,20.097,4.012,24.109,20.501
r07,r07_A1,A1,obfuscated,SELECT,130,20.104,4.001,24.105,20.601
r07,r07_A1,A1,obfuscated,OPERATE,131,20.105,3.978,24.083,0.37
r07,r07_A1,A1,obfuscated,READ,132,20.089,4.014,24.103,20.487
r07,r07_A1,A1,obfuscated,READ,133,20.086,4.02,24.106,20.535
r07,r07_A1,A1,obfuscated,READ,134,20.096,4.008,24.104,20.505
r07,r07_A1,A1,obfuscated,READ,135,20.11,3.995,24.105,20.496
r07,r07_A1,A1,obfuscated,READ,136,20.087,4.024,24.111,20.499
r07,r07_A1,A1,obfuscated,READ,137,20.1,3.999,24.099,20.5
r07,r07_A1,A1,obfuscated,READ,138,20.102,4.004,24.106,20.504
r07,r07_A1,A1,obfuscated,READ,139,20.112,4.006,24.118,20.496
r07,r07_A1,A1,obfuscated,READ,140,20.105,4.002,24.107,20.504
r07,r07_A1,A1,obfuscated,SELECT,141,20.082,4.023,24.105,20.596
r07,r07_A1,A1,obfuscated,OPERATE,142,20.108,3.996,24.104,0.35
r07,r07_A1,A1,obfuscated,READ,143,20.102,4.006,24.108,20.579
r07,r07_A1,A1,obfuscated,READ,144,20.083,3.954,24.037,20.559
r07,r07_A1,A1,obfuscated,READ,145,20.107,4.007,24.114,20.449
r07,r07_A1,A1,obfuscated,READ,146,20.086,4.019,24.105,20.484
r07,r07_A1,A1,obfuscated,READ,147,20.093,3.996,24.089,20.501
r07,r07_A1,A1,obfuscated,SELECT,148,20.102,4.013,24.115,20.611
r07,r07_A1,A1,obfuscated,OPERATE,149,20.109,4.003,24.112,0.348
r07,r07_A1,A1,obfuscated,READ,150,20.105,4.003,24.108,20.616
r07,r07_A1,A1,obfuscated,READ,151,20.117,4.013,24.13,20.537
r07,r07_A1,A1,obfuscated,READ,152,20.102,4.004,24.106,20.421
r07,r07_A1,A1,obfuscated,READ,153,20.091,4.02,24.111,20.496
r07,r07_A1,A1,obfuscated,READ,154,20.082,4.023,24.105,20.528
r07,r07_A1,A1,obfuscated,SELECT,155,20.101,4.007,24.108,20.606
r07,r07_A1,A1,obfuscated,OPERATE,156,20.094,4.014,24.108,0.363
r07,r07_A1,A1,obfuscated,READ,157,20.103,4.016,24.119,20.555
r07,r07_A1,A1,obfuscated,READ,158,20.116,3.97,24.086,20.507
r07,r07_A1,A1,obfuscated,READ,159,20.081,4.025,24.106,20.506
r07,r07_A1,A1,obfuscated,READ,160,20.095,4.0,24.095,20.496
r07,r07_A1,A1,obfuscated,READ,161,20.105,3.999,24.104,20.526
r07,r07_A1,A1,obfuscated,READ,162,20.082,4.026,24.108,20.509
r07,r07_A1,A1,obfuscated,SELECT,163,20.105,4.003,24.108,20.611
r07,r07_A1,A1,obfuscated,OPERATE,164,20.109,3.927,24.036,0.448
r07,r07_A1,A1,obfuscated,READ,165,20.095,4.012,24.107,20.496
r07,r07_A1,A1,obfuscated,READ,166,20.083,4.029,24.112,20.421
r07,r07_A1,A1,obfuscated,READ,167,20.101,4.024,24.125,20.501
r07,r07_A1,A1,obfuscated,READ,168,20.105,4.006,24.111,20.495
r07,r07_A1,A1,obfuscated,READ,169,20.081,4.025,24.106,20.491
r07,r07_A1,A1,obfuscated,SELECT,170,20.144,3.965,24.109,20.599
r07,r07_A1,A1,obfuscated,OPERATE,171,20.104,4.004,24.108,0.346
r07,r07_A1,A1,obfuscated,READ,172,20.083,4.009,24.092,20.549
r07,r07_A1,A1,obfuscated,READ,173,20.091,4.017,24.108,20.519
r07,r07_A1,A1,obfuscated,READ,174,20.082,4.027,24.109,20.498
r07,r07_A1,A1,obfuscated,READ,175,20.102,4.003,24.105,20.554
r07,r07_A1,A1,obfuscated,READ,176,20.116,3.989,24.105,20.492
r07,r07_A1,A1,obfuscated,READ,177,20.081,4.0,24.081,20.528
r07,r07_A1,A1,obfuscated,SELECT,178,20.092,4.002,24.094,20.601
r07,r07_A1,A1,obfuscated,OPERATE,179,20.107,3.997,24.104,0.364
r07,r07_A1,A1,obfuscated,READ,180,20.106,4.007,24.113,20.55
r07,r07_A1,A1,obfuscated,READ,181,20.081,4.007,24.088,20.498
r07,r07_A1,A1,obfuscated,READ,182,20.081,4.024,24.105,20.515
r07,r07_A1,A1,obfuscated,READ,183,20.11,4.0,24.11,20.497
r07,r07_A1,A1,obfuscated,READ,184,20.082,4.027,24.109,20.536
r07,r07_A1,A1,obfuscated,READ,185,20.092,4.013,24.105,20.51
r07,r07_A1,A1,obfuscated,READ,186,20.108,3.999,24.107,20.504
r07,r07_A1,A1,obfuscated,READ,187,20.081,4.023,24.104,20.479
r07,r07_A1,A1,obfuscated,SELECT,188,20.101,4.006,24.107,20.61
r07,r07_A1,A1,obfuscated,OPERATE,189,20.105,4.003,24.108,0.349
r07,r07_A1,A1,obfuscated,READ,190,20.067,4.041,24.108,20.569
r07,r07_A1,A1,obfuscated,READ,191,20.111,3.999,24.11,20.427
r07,r07_A1,A1,obfuscated,READ,192,20.081,4.024,24.105,20.516
r07,r07_A1,A1,obfuscated,READ,193,20.095,4.003,24.098,20.492
r07,r07_A1,A1,obfuscated,READ,194,20.08,4.023,24.103,20.524
r07,r07_A1,A1,obfuscated,SELECT,195,20.081,3.958,24.039,20.601
r07,r07_A1,A1,obfuscated,OPERATE,196,20.105,4.003,24.108,0.347
r07,r07_A1,A1,obfuscated,READ,197,20.082,3.999,24.081,20.541
r07,r07_A1,A1,obfuscated,READ,198,20.108,4.002,24.11,20.492
r07,r07_A1,A1,obfuscated,READ,199,20.086,4.02,24.106,20.456
r07,r07_A1,A1,obfuscated,READ,200,20.107,4.002,24.109,20.553
r07,r07_A1,A1,obfuscated,READ,201,20.105,4.001,24.106,20.494
r07,r07_A1,A1,obfuscated,READ,202,20.082,4.023,24.105,20.495
r07,r07_A1,A1,obfuscated,READ,203,20.107,3.997,24.104,20.492
r07,r07_A1,A1,obfuscated,READ,204,20.103,3.995,24.098,20.503
r07,r07_A1,A1,obfuscated,SELECT,205,20.081,4.007,24.088,20.618
r07,r07_A1,A1,obfuscated,OPERATE,206,20.117,3.997,24.114,0.348
r07,r07_A1,A1,obfuscated,READ,207,20.082,4.023,24.105,20.538
r07,r07_A1,A1,obfuscated,READ,208,20.107,4.005,24.112,20.502
r07,r07_A1,A1,obfuscated,READ,209,20.101,4.01,24.111,20.528
r07,r07_A1,A1,obfuscated,READ,210,20.082,3.96,24.042,20.552
r07,r07_A1,A1,obfuscated,READ,211,20.08,4.024,24.104,20.446
r07,r07_A1,A1,obfuscated,READ,212,20.081,4.023,24.104,20.5
r07,r07_A1,A1,obfuscated,READ,213,20.106,4.001,24.107,20.497
r07,r07_A1,A1,obfuscated,SELECT,214,20.081,4.034,24.115,20.635
r07,r07_A1,A1,obfuscated,OPERATE,215,20.12,3.998,24.118,0.35
r07,r07_A1,A1,obfuscated,READ,216,20.104,4.002,24.106,20.544
r07,r07_A1,A1,obfuscated,READ,217,20.036,4.071,24.107,20.505
r07,r07_A1,A1,obfuscated,READ,218,20.102,3.997,24.099,20.499
r07,r07_A1,A1,obfuscated,READ,219,20.104,4.003,24.107,20.496
r07,r07_A1,A1,obfuscated,READ,220,20.081,4.01,24.091,20.521
r07,r07_A1,A1,obfuscated,READ,221,20.104,4.002,24.106,20.492
r07,r07_A1,A1,obfuscated,READ,222,20.081,4.024,24.105,20.511
r07,r07_A1,A1,obfuscated,SELECT,223,20.09,4.0,24.09,20.614
r07,r07_A1,A1,obfuscated,OPERATE,224,20.106,3.977,24.083,0.348
r07,r07_A1,A1,obfuscated,READ,225,20.083,4.025,24.108,20.607
r07,r07_A1,A1,obfuscated,READ,226,20.105,4.006,24.111,20.501
r07,r07_A1,A1,obfuscated,READ,227,20.082,4.022,24.104,20.53
r07,r07_A1,A1,obfuscated,READ,228,20.103,3.994,24.097,20.498
r07,r07_A1,A1,obfuscated,READ,229,20.106,4.003,24.109,20.498
r07,r07_A1,A1,obfuscated,READ,230,20.082,4.023,24.105,20.489
r07,r07_A1,A1,obfuscated,READ,231,20.111,3.994,24.105,20.496
r07,r07_A1,A1,obfuscated,READ,232,20.087,4.023,24.11,20.53
r07,r07_A1,A1,obfuscated,READ,233,20.081,4.032,24.113,20.508
r07,r07_A1,A1,obfuscated,SELECT,234,20.104,4.003,24.107,20.607
r07,r07_A1,A1,obfuscated,OPERATE,235,20.108,4.003,24.111,0.38
r07,r07_A1,A1,obfuscated,READ,236,20.097,4.009,24.106,20.552
r07,r07_A1,A1,obfuscated,READ,237,20.108,3.98,24.088,20.416
r07,r07_A1,A1,obfuscated,READ,238,20.081,4.023,24.104,20.517
r07,r07_A1,A1,obfuscated,READ,239,20.11,3.999,24.109,20.494
r07,r07_A1,A1,obfuscated,READ,240,20.081,4.023,24.104,20.497
r07,r07_A1,A1,obfuscated,SELECT,241,20.102,4.004,24.106,20.609
r07,r07_A1,A1,obfuscated,OPERATE,242,20.115,3.995,24.11,0.361
r07,r07_A1,A1,obfuscated,READ,243,20.082,4.0,24.082,20.573
r07,r07_A1,A1,obfuscated,READ,244,20.109,3.998,24.107,20.494
r07,r07_A1,A1,obfuscated,READ,245,20.088,4.024,24.112,20.519
r07,r07_A1,A1,obfuscated,READ,246,20.1,4.006,24.106,20.497
r07,r07_A1,A1,obfuscated,READ,247,20.111,4.0,24.111,20.493
r07,r07_A1,A1,obfuscated,SELECT,248,20.081,4.029,24.11,20.62
r07,r07_A1,A1,obfuscated,OPERATE,249,20.108,3.986,24.094,0.351
r07,r07_A1,A1,obfuscated,READ,250,20.088,4.021,24.109,20.643
r07,r07_A1,A1,obfuscated,READ,251,20.082,4.027,24.109,20.526
r07,r07_A1,A1,obfuscated,READ,252,20.106,3.998,24.104,20.498
r07,r07_A1,A1,obfuscated,READ,253,20.083,3.998,24.081,20.525
r07,r07_A1,A1,obfuscated,READ,254,20.103,4.008,24.111,20.49
r07,r07_A1,A1,obfuscated,SELECT,255,20.105,3.988,24.093,20.612
r07,r07_A1,A1,obfuscated,OPERATE,256,20.081,4.033,24.114,0.379
r07,r07_A1,A1,obfuscated,READ,257,20.108,4.005,24.113,20.465
r07,r07_A1,A1,obfuscated,READ,258,20.081,4.026,24.107,20.51
r07,r07_A1,A1,obfuscated,READ,259,20.107,3.996,24.103,20.493
r07,r07_A1,A1,obfuscated,READ,260,20.105,3.998,24.103,20.491
r07,r07_A1,A1,obfuscated,READ,261,20.087,4.021,24.108,20.523
r07,r07_A1,A1,obfuscated,READ,262,20.111,3.996,24.107,20.503
r07,r07_A1,A1,obfuscated,READ,263,20.082,4.026,24.108,20.511
r07,r07_A1,A1,obfuscated,READ,264,20.095,3.995,24.09,20.416
r07,r07_A1,A1,obfuscated,SELECT,265,20.106,4.002,24.108,20.614
r07,r07_A1,A1,obfuscated,OPERATE,266,20.105,4.002,24.107,0.368
r07,r07_A1,A1,obfuscated,READ,267,20.105,3.994,24.099,20.554
r07,r07_A1,A1,obfuscated,READ,268,20.081,4.023,24.104,20.511
r07,r07_A1,A1,obfuscated,READ,269,20.108,3.999,24.107,20.499
r07,r07_A1,A1,obfuscated,READ,270,20.11,3.994,24.104,20.478
r07,r07_A1,A1,obfuscated,READ,271,20.081,4.026,24.107,20.526
r07,r07_A1,A1,obfuscated,SELECT,272,20.103,4.001,24.104,20.604
r07,r07_A1,A1,obfuscated,OPERATE,273,20.109,3.996,24.105,0.35
r07,r07_A1,A1,obfuscated,READ,274,20.103,3.999,24.102,20.518
r07,r07_A1,A1,obfuscated,READ,275,20.109,3.999,24.108,20.557
r07,r07_A1,A1,obfuscated,READ,276,20.081,3.954,24.035,20.489
r07,r07_A1,A1,obfuscated,READ,277,20.103,3.979,24.082,20.453
r07,r07_A1,A1,obfuscated,READ,278,20.082,4.026,24.108,20.504
r07,r07_A1,A1,obfuscated,READ,279,20.096,4.005,24.101,20.499
r07,r07_A1,A1,obfuscated,READ,280,20.105,4.002,24.107,20.503
r07,r07_A1,A1,obfuscated,SELECT,281,20.083,4.022,24.105,20.642
r07,r07_A1,A1,obfuscated,OPERATE,282,20.112,3.992,24.104,0.349
r07,r07_A1,A1,obfuscated,READ,283,20.083,4.021,24.104,20.57
r07,r07_A1,A1,obfuscated,READ,284,20.096,3.997,24.093,20.419
r07,r07_A1,A1,obfuscated,READ,285,20.103,4.001,24.104,20.508
r07,r07_A1,A1,obfuscated,READ,286,20.086,4.02,24.106,20.538
r07,r07_A1,A1,obfuscated,READ,287,20.104,4.0,24.104,20.495
r07,r07_A1,A1,obfuscated,SELECT,288,20.102,4.003,24.105,20.635
r07,r07_A1,A1,obfuscated,OPERATE,289,20.118,3.983,24.101,0.352
r07,r07_A1,A1,obfuscated,READ,290,20.11,3.996,24.106,20.521
r07,r07_A1,A1,obfuscated,READ,291,20.081,4.025,24.106,20.525
r07,r07_A1,A1,obfuscated,READ,292,20.11,3.994,24.104,20.495
r07,r07_A1,A1,obfuscated,READ,293,20.092,4.019,24.111,20.521
r07,r07_A1,A1,obfuscated,READ,294,20.094,4.007,24.101,20.494
r07,r07_A1,A1,obfuscated,SELECT,295,20.108,3.996,24.104,20.601
r07,r07_A1,A1,obfuscated,OPERATE,296,20.105,3.933,24.038,0.37
r07,r07_A1,A1,obfuscated,READ,297,20.081,4.025,24.106,20.498
r07,r07_A1,A1,obfuscated,READ,298,20.082,4.024,24.106,20.526
r07,r07_A1,A1,obfuscated,READ,299,20.106,3.994,24.1,20.504
r07,r07_A1,A1,obfuscated,READ,300,20.109,4.005,24.114,20.558
r07,r07_A1,A1,obfuscated,READ,301,20.081,4.025,24.106,20.493
r07,r07_A1,A1,obfuscated,READ,302,20.106,3.998,24.104,20.495
r07,r07_A1,A1,obfuscated,READ,303,20.101,3.981,24.082,20.503
r07,r07_A1,A1,obfuscated,SELECT,304,20.082,4.025,24.107,20.623
r07,r07_A1,A1,obfuscated,OPERATE,305,20.091,4.012,24.103,0.352
r07,r07_A1,A1,obfuscated,READ,306,20.082,4.024,24.106,20.537
r07,r07_A1,A1,obfuscated,READ,307,20.105,4.002,24.107,20.497
r07,r07_A1,A1,obfuscated,READ,308,20.106,4.003,24.109,20.526
r07,r07_A1,A1,obfuscated,READ,309,20.083,4.005,24.088,20.534
r07,r07_A1,A1,obfuscated,READ,310,20.108,3.998,24.106,20.497
r07,r07_A1,A1,obfuscated,READ,311,20.081,4.029,24.11,20.438
r07,r07_A1,A1,obfuscated,SELECT,312,20.11,3.993,24.103,20.6
r07,r07_A1,A1,obfuscated,OPERATE,313,20.106,4.001,24.107,0.348
r07,r07_A1,A1,obfuscated,READ,314,20.082,4.029,24.111,20.565
r07,r07_A1,A1,obfuscated,READ,315,20.114,4.002,24.116,20.496
r07,r07_A1,A1,obfuscated,READ,316,20.036,4.073,24.109,20.5
r07,r07_A1,A1,obfuscated,READ,317,20.099,3.999,24.098,20.495
r07,r07_A1,A1,obfuscated,READ,318,20.108,4.0,24.108,20.496
r07,r07_A1,A1,obfuscated,READ,319,20.088,4.024,24.112,20.534
r07,r07_A1,A1,obfuscated,SELECT,320,20.109,4.0,24.109,20.607
r07,r07_A1,A1,obfuscated,OPERATE,321,20.105,4.006,24.111,0.35
r07,r07_A1,A1,obfuscated,READ,322,20.168,3.937,24.105,20.548
r07,r07_A1,A1,obfuscated,READ,323,20.111,3.973,24.084,20.475
r07,r07_A1,A1,obfuscated,READ,324,20.082,4.026,24.108,20.519
r07,r07_A1,A1,obfuscated,READ,325,20.105,4.011,24.116,20.561
r07,r07_A1,A1,obfuscated,READ,326,20.113,4.002,24.115,20.506
r07,r07_A1,A1,obfuscated,SELECT,327,20.089,4.025,24.114,20.637
r07,r07_A1,A1,obfuscated,OPERATE,328,20.105,4.009,24.114,0.351
r07,r07_A1,A1,obfuscated,READ,329,20.082,3.998,24.08,20.546
r07,r07_A1,A1,obfuscated,READ,330,20.095,3.998,24.093,20.506
r07,r07_A1,A1,obfuscated,READ,331,20.103,4.0,24.103,20.501
r07,r07_A1,A1,obfuscated,READ,332,20.081,4.026,24.107,20.523
r07,r07_A1,A1,obfuscated,READ,333,20.105,4.0,24.105,20.511
r07,r07_A1,A1,obfuscated,READ,334,20.089,4.017,24.106,20.52
r07,r07_A1,A1,obfuscated,READ,335,20.12,3.979,24.099,20.495
r07,r07_A1,A1,obfuscated,READ,336,20.107,4.002,24.109,20.475
r07,r07_A1,A1,obfuscated,READ,337,20.087,4.023,24.11,20.517
r07,r07_A1,A1,obfuscated,SELECT,338,20.098,4.008,24.106,20.609
r07,r07_A1,A1,obfuscated,OPERATE,339,20.096,4.009,24.105,0.369
r07,r07_A1,A1,obfuscated,READ,340,20.083,4.014,24.097,20.558
r07,r07_A1,A1,obfuscated,READ,341,20.091,4.017,24.108,20.498
r07,r07_A1,A1,obfuscated,READ,342,20.081,4.0,24.081,20.52
r07,r07_A1,A1,obfuscated,READ,343,20.101,4.014,24.115,20.498
r07,r07_A1,A1,obfuscated,READ,344,20.104,4.01,24.114,20.531
r07,r07_A1,A1,obfuscated,SELECT,345,20.081,4.026,24.107,20.629
r07,r07_A1,A1,obfuscated,OPERATE,346,20.103,4.001,24.104,0.35
r07,r07_A1,A1,obfuscated,READ,347,20.081,4.027,24.108,20.562
r07,r07_A1,A1,obfuscated,READ,348,20.108,4.03,24.138,20.494
r07,r07_A1,A1,obfuscated,READ,349,20.036,4.046,24.082,20.477
r07,r07_A1,A1,obfuscated,READ,350,20.079,4.031,24.11,20.541
r07,r07_A1,A1,obfuscated,READ,351,20.105,4.003,24.108,20.493
r07,r07_A1,A1,obfuscated,SELECT,352,20.103,4.006,24.109,20.64
r07,r07_A1,A1,obfuscated,OPERATE,353,20.11,3.991,24.101,0.353
r07,r07_A1,A1,obfuscated,READ,354,20.107,3.992,24.099,20.545
r07,r07_A1,A1,obfuscated,READ,355,20.045,4.063,24.108,20.491
r07,r07_A1,A1,obfuscated,READ,356,20.112,3.995,24.107,20.493
r07,r07_A1,A1,obfuscated,READ,357,20.115,3.998,24.113,20.513
r07,r07_A1,A1,obfuscated,READ,358,20.087,4.025,24.112,20.53
r07,r07_A1,A1,obfuscated,READ,359,20.108,4.0,24.108,20.501
r07,r07_A1,A1,obfuscated,READ,360,20.096,4.012,24.108,20.535
r07,r07_A1,A1,obfuscated,SELECT,361,20.082,3.956,24.038,20.636
r07,r07_A1,A1,obfuscated,OPERATE,362,20.109,3.972,24.081,0.3
r07,r07_A1,A1,obfuscated,READ,363,20.084,4.028,24.112,20.564
r07,r07_A1,A1,obfuscated,READ,364,20.104,4.0,24.104,20.492
r07,r07_A1,A1,obfuscated,READ,365,20.082,4.03,24.112,20.489
r07,r07_A1,A1,obfuscated,READ,366,20.104,4.0,24.104,20.502
r07,r07_A1,A1,obfuscated,READ,367,20.105,3.999,24.104,20.501
r07,r07_A1,A1,obfuscated,READ,368,20.045,4.061,24.106,20.528
r07,r07_A1,A1,obfuscated,READ,369,20.106,3.988,24.094,20.416
r07,r07_A1,A1,obfuscated,READ,370,20.081,4.025,24.106,20.487
r07,r07_A1,A1,obfuscated,READ,371,20.116,3.993,24.109,20.495
r07,r07_A1,A1,obfuscated,SELECT,372,20.108,4.002,24.11,20.609
r07,r07_A1,A1,obfuscated,OPERATE,373,20.126,3.991,24.117,0.353
r07,r07_A1,A1,obfuscated,READ,374,20.106,4.005,24.111,20.542
r07,r07_A1,A1,obfuscated,READ,375,20.087,3.954,24.041,20.5
r07,r07_A1,A1,obfuscated,READ,376,20.102,4.004,24.106,20.493
r07,r07_A1,A1,obfuscated,READ,377,20.108,4.003,24.111,20.529
r07,r07_A1,A1,obfuscated,READ,378,20.083,4.025,24.108,20.516
r07,r07_A1,A1,obfuscated,READ,379,20.112,4.003,24.115,20.49
r07,r07_A1,A1,obfuscated,READ,380,20.081,4.022,24.103,20.49
r07,r07_A1,A1,obfuscated,READ,381,20.112,3.998,24.11,20.488
r07,r07_A1,A1,obfuscated,SELECT,382,20.102,3.989,24.091,20.531
r07,r07_A1,A1,obfuscated,OPERATE,383,20.111,3.99,24.101,0.349
r07,r07_A1,A1,obfuscated,READ,384,20.107,4.001,24.108,20.544
r07,r07_A1,A1,obfuscated,READ,385,20.081,4.031,24.112,20.489
r07,r07_A1,A1,obfuscated,READ,386,20.105,4.001,24.106,20.502
r07,r07_A1,A1,obfuscated,READ,387,20.105,3.999,24.104,20.524
r07,r07_A1,A1,obfuscated,READ,388,20.082,4.007,24.089,20.512
r07,r07_A1,A1,obfuscated,READ,389,20.108,4.0,24.108,20.444
r07,r07_A1,A1,obfuscated,SELECT,390,20.082,4.022,24.104,20.598
r07,r07_A1,A1,obfuscated,OPERATE,391,20.107,3.997,24.104,0.35
r07,r07_A1,A1,obfuscated,READ,392,20.088,4.0,24.088,20.578
r07,r07_A1,A1,obfuscated,READ,393,20.086,4.013,24.099,20.514
r07,r07_A1,A1,obfuscated,READ,394,20.105,3.998,24.103,20.492
r07,r07_A1,A1,obfuscated,READ,395,20.039,4.07,24.109,20.489
r07,r07_A1,A1,obfuscated,READ,396,20.106,3.987,24.093,20.414
r07,r07_A1,A1,obfuscated,SELECT,397,20.088,4.028,24.116,20.625
r07,r07_A1,A1,obfuscated,OPERATE,398,20.096,3.994,24.09,0.35
r07,r07_A1,A1,obfuscated,READ,399,20.082,4.027,24.109,20.546
r07,r07_A1,A1,obfuscated,READ,400,20.082,4.015,24.097,20.547
r07,r07_A1,A1,obfuscated,READ,401,20.108,3.998,24.106,20.491
r07,r07_A1,A1,obfuscated,READ,402,20.095,3.94,24.035,20.454
r07,r07_A1,A1,obfuscated,READ,403,20.105,3.998,24.103,20.493
r07,r07_A1,A1,obfuscated,READ,404,20.105,4.004,24.109,20.496
r07,r07_A1,A1,obfuscated,SELECT,405,20.083,4.025,24.108,20.628
r07,r07_A1,A1,obfuscated,OPERATE,406,20.104,3.999,24.103,0.35
r07,r07_A1,A1,obfuscated,READ,407,20.083,4.05,24.133,20.553
r07,r07_A1,A1,obfuscated,READ,408,20.121,4.022,24.143,20.497
r07,r07_A1,A1,obfuscated,READ,409,20.108,3.998,24.106,20.466
r07,r07_A1,A1,obfuscated,READ,410,20.087,4.025,24.112,20.489
r07,r07_A1,A1,obfuscated,READ,411,20.109,3.999,24.108,20.491
r07,r07_A1,A1,obfuscated,SELECT,412,20.104,4.002,24.106,20.637
r07,r07_A1,A1,obfuscated,OPERATE,413,20.107,3.994,24.101,0.348
r07,r07_A1,A1,obfuscated,READ,414,20.105,4.0,24.105,20.546
r07,r07_A1,A1,obfuscated,READ,415,20.045,4.064,24.109,20.491
r07,r07_A1,A1,obfuscated,READ,416,20.106,3.998,24.104,20.416
r07,r07_A1,A1,obfuscated,READ,417,20.082,4.028,24.11,20.528
r07,r07_A1,A1,obfuscated,READ,418,20.102,3.995,24.097,20.507
r07,r07_A1,A1,obfuscated,READ,419,20.115,3.997,24.112,20.493
r07,r07_A1,A1,obfuscated,SELECT,420,20.083,4.028,24.111,20.597
r07,r07_A1,A1,obfuscated,OPERATE,421,20.109,4.0,24.109,0.349
r07,r07_A1,A1,obfuscated,READ,422,20.1,3.938,24.038,20.506
r07,r07_A1,A1,obfuscated,READ,423,20.108,4.003,24.111,20.51
r07,r07_A1,A1,obfuscated,READ,424,20.095,4.02,24.115,20.493
r07,r07_A1,A1,obfuscated,READ,425,20.083,4.025,24.108,20.549
r07,r07_A1,A1,obfuscated,READ,426,20.106,4.005,24.111,20.496
r07,r07_A1,A1,obfuscated,READ,427,20.106,4.003,24.109,20.531
r07,r07_A1,A1,obfuscated,READ,428,20.092,4.01,24.102,20.509
r07,r07_A1,A1,obfuscated,READ,429,20.108,3.98,24.088,20.427
r07,r07_A1,A1,obfuscated,SELECT,430,20.086,4.026,24.112,20.609
r07,r07_A1,A1,obfuscated,OPERATE,431,20.081,4.023,24.104,0.351
r07,r07_A1,A1,obfuscated,READ,432,20.092,4.014,24.106,20.579
r07,r07_A1,A1,obfuscated,READ,433,20.086,4.014,24.1,20.516
r07,r07_A1,A1,obfuscated,READ,434,20.111,4.003,24.114,20.503
r07,r07_A1,A1,obfuscated,READ,435,20.082,3.954,24.036,20.485
r07,r07_A1,A1,obfuscated,READ,436,20.101,4.004,24.105,20.446
r07,r07_A1,A1,obfuscated,SELECT,437,20.105,4.005,24.11,20.621
r07,r07_A1,A1,obfuscated,OPERATE,438,20.106,3.999,24.105,0.354
r07,r07_A1,A1,obfuscated,READ,439,20.11,3.999,24.109,20.545
r07,r07_A1,A1,obfuscated,READ,440,20.081,4.026,24.107,20.49
r07,r07_A1,A1,obfuscated,READ,441,20.115,4.001,24.116,20.494
r07,r07_A1,A1,obfuscated,READ,442,20.045,4.06,24.105,20.55
r07,r07_A1,A1,obfuscated,READ,443,20.086,4.015,24.101,20.502
r07,r07_A1,A1,obfuscated,READ,444,20.112,3.999,24.111,20.504
r07,r07_A1,A1,obfuscated,READ,445,20.083,4.025,24.108,20.487
r07,r07_A1,A1,obfuscated,READ,446,20.11,4.005,24.115,20.495
r07,r07_A1,A1,obfuscated,READ,447,20.112,3.995,24.107,20.504
r07,r07_A1,A1,obfuscated,SELECT,448,20.081,3.956,24.037,20.639
r07,r07_A1,A1,obfuscated,OPERATE,449,20.11,3.999,24.109,0.305
r07,r07_A1,A1,obfuscated,READ,450,20.082,4.022,24.104,20.605
r07,r07_A1,A1,obfuscated,READ,451,20.112,3.998,24.11,20.502
r07,r07_A1,A1,obfuscated,READ,452,20.105,4.0,24.105,20.501
r07,r07_A1,A1,obfuscated,READ,453,20.083,4.028,24.111,20.525
r07,r07_A1,A1,obfuscated,READ,454,20.092,4.012,24.104,20.492
r07,r07_A1,A1,obfuscated,READ,455,20.037,4.044,24.081,20.516
r07,r07_A1,A1,obfuscated,READ,456,20.105,4.002,24.107,20.432
r07,r07_A1,A1,obfuscated,READ,457,20.081,4.027,24.108,20.499
r07,r07_A1,A1,obfuscated,READ,458,20.087,4.011,24.098,20.522
r07,r07_A1,A1,obfuscated,SELECT,459,20.106,3.999,24.105,20.596
r07,r07_A1,A1,obfuscated,OPERATE,460,20.105,4.001,24.106,0.37
r07,r07_A1,A1,obfuscated,READ,461,20.109,3.996,24.105,20.546
r07,r07_A1,A1,obfuscated,READ,462,20.101,3.989,24.09,20.476
r07,r07_A1,A1,obfuscated,READ,463,20.082,4.025,24.107,20.526
r07,r07_A1,A1,obfuscated,READ,464,20.104,4.006,24.11,20.499
r07,r07_A1,A1,obfuscated,READ,465,20.104,4.007,24.111,20.53
r07,r07_A1,A1,obfuscated,SELECT,466,20.087,4.019,24.106,20.626
r07,r07_A1,A1,obfuscated,OPERATE,467,20.109,3.995,24.104,0.351
r07,r07_A1,A1,obfuscated,READ,468,20.081,3.957,24.038,20.545
r07,r07_A1,A1,obfuscated,READ,469,20.045,4.059,24.104,20.454
r07,r07_A1,A1,obfuscated,READ,470,20.081,4.029,24.11,20.447
r07,r07_A1,A1,obfuscated,READ,471,20.117,4.0,24.117,20.495
r07,r07_A1,A1,obfuscated,READ,472,20.108,4.003,24.111,20.502
r07,r07_A1,A1,obfuscated,READ,473,20.083,4.024,24.107,20.537
r07,r07_A1,A1,obfuscated,SELECT,474,20.104,4.0,24.104,20.603
r07,r07_A1,A1,obfuscated,OPERATE,475,20.037,4.073,24.11,0.365
r07,r07_A1,A1,obfuscated,READ,476,20.094,4.004,24.098,20.606
r07,r07_A1,A1,obfuscated,READ,477,20.109,4.0,24.109,20.5
r07,r07_A1,A1,obfuscated,READ,478,20.082,4.02,24.102,20.49
r07,r07_A1,A1,obfuscated,READ,479,20.094,4.016,24.11,20.498
r07,r07_A1,A1,obfuscated,READ,480,20.105,4.0,24.105,20.526
r07,r07_A1,A1,obfuscated,READ,481,20.087,3.954,24.041,20.523
r07,r07_A1,A1,obfuscated,SELECT,482,20.112,3.992,24.104,20.614
r07,r07_A1,A1,obfuscated,OPERATE,483,20.11,3.999,24.109,0.383
r07,r07_A1,A1,obfuscated,READ,484,20.105,4.003,24.108,20.539
r07,r07_A1,A1,obfuscated,READ,485,20.101,4.015,24.116,20.501
r07,r07_A1,A1,obfuscated,READ,486,20.081,4.017,24.098,20.522
r07,r07_A1,A1,obfuscated,READ,487,20.104,4.005,24.109,20.512
r07,r07_A1,A1,obfuscated,READ,488,20.081,4.027,24.108,20.505
r07,r07_A1,A1,obfuscated,READ,489,20.108,3.996,24.104,20.51
r07,r07_A1,A1,obfuscated,SELECT,490,20.11,3.971,24.081,20.6
r07,r07_A1,A1,obfuscated,OPERATE,491,20.104,3.992,24.096,0.383
r07,r07_A1,A1,obfuscated,READ,492,20.109,3.998,24.107,20.543
r07,r07_A1,A1,obfuscated,READ,493,20.088,4.021,24.109,20.51
r07,r07_A1,A1,obfuscated,READ,494,20.131,3.958,24.089,20.492
r07,r07_A1,A1,obfuscated,READ,495,20.105,4.002,24.107,20.477
r07,r07_A1,A1,obfuscated,READ,496,20.081,4.025,24.106,20.522
r07,r07_A1,A1,obfuscated,SELECT,497,20.105,4.003,24.108,20.58
r07,r07_A1,A1,obfuscated,OPERATE,498,20.105,4.0,24.105,0.352
r07,r07_A1,A1,obfuscated,READ,499,20.096,4.001,24.097,20.548
r07,r07_A1,A1,obfuscated,READ,500,20.108,3.996,24.104,20.566
r07,r07_A1,A1,obfuscated,READ,501,20.083,3.955,24.038,20.522
r07,r07_A1,A1,obfuscated,READ,502,20.09,4.032,24.122,20.496
r07,r07_A1,A1,obfuscated,READ,503,20.105,4.001,24.106,20.528
r07,r07_A1,A1,obfuscated,READ,504,20.081,4.022,24.103,20.51
r07,r07_A1,A1,obfuscated,READ,505,20.105,4.002,24.107,20.497
r07,r07_A1,A1,obfuscated,READ,506,20.083,4.027,24.11,20.489
r07,r07_A1,A1,obfuscated,SELECT,507,20.097,4.007,24.104,20.597
r07,r07_A1,A1,obfuscated,OPERATE,508,20.081,4.028,24.109,0.351
r07,r07_A1,A1,obfuscated,READ,509,20.087,4.017,24.104,20.577
r07,r07_A1,A1,obfuscated,READ,510,20.11,3.998,24.108,20.491
r07,r07_A1,A1,obfuscated,READ,511,20.087,4.024,24.111,20.494
r07,r07_A1,A1,obfuscated,READ,512,20.117,3.969,24.086,20.496
r07,r07_A1,A1,obfuscated,READ,513,20.11,3.975,24.085,20.498
r07,r07_A1,A1,obfuscated,SELECT,514,20.083,3.953,24.036,20.727
r07,r07_A1,A1,obfuscated,OPERATE,515,20.106,4.004,24.11,0.354
r07,r07_A1,A1,obfuscated,READ,516,20.088,4.021,24.109,20.57
r07,r07_A1,A1,obfuscated,READ,517,20.092,4.004,24.096,20.493
r07,r07_A1,A1,obfuscated,READ,518,20.112,3.999,24.111,20.496
r07,r07_A1,A1,obfuscated,READ,519,20.082,4.028,24.11,20.501
r07,r07_A1,A1,obfuscated,READ,520,20.112,4.002,24.114,20.49
r07,r07_A1,A1,obfuscated,READ,521,20.083,4.025,24.108,20.538
r07,r07_A1,A1,obfuscated,SELECT,522,20.087,4.028,24.115,20.628
r07,r07_A1,A1,obfuscated,OPERATE,523,20.106,3.998,24.104,0.35
r07,r07_A1,A1,obfuscated,READ,524,20.082,4.022,24.104,20.548
r07,r07_A1,A1,obfuscated,READ,525,20.105,4.005,24.11,20.553
r07,r07_A1,A1,obfuscated,READ,526,20.106,4.0,24.106,20.501
r07,r07_A1,A1,obfuscated,READ,527,20.087,4.023,24.11,20.512
r07,r07_A1,A1,obfuscated,READ,528,20.104,3.994,24.098,20.417
r07,r07_A1,A1,obfuscated,READ,529,20.081,4.023,24.104,20.488
r07,r07_A1,A1,obfuscated,SELECT,530,20.101,3.995,24.096,20.615
r07,r07_A1,A1,obfuscated,OPERATE,531,20.106,3.998,24.104,0.347
r07,r07_A1,A1,obfuscated,READ,532,20.082,4.021,24.103,20.566
r07,r07_A1,A1,obfuscated,READ,533,20.115,3.995,24.11,20.49
r07,r07_A1,A1,obfuscated,READ,534,20.087,3.949,24.036,20.481
r07,r07_A1,A1,obfuscated,READ,535,20.101,4.023,24.124,20.496
r07,r07_A1,A1,obfuscated,READ,536,20.104,4.004,24.108,20.512
r07,r07_A1,A1,obfuscated,READ,537,20.081,4.021,24.102,20.529
r07,r07_A1,A1,obfuscated,READ,538,20.117,3.988,24.105,20.501
r07,r07_A1,A1,obfuscated,READ,539,20.087,4.025,24.112,20.514
r07,r07_A1,A1,obfuscated,SELECT,540,20.046,4.057,24.103,20.623
r07,r07_A1,A1,obfuscated,OPERATE,541,20.087,4.017,24.104,0.35
r07,r07_A1,A1,obfuscated,READ,542,20.083,4.022,24.105,20.556
r07,r07_A1,A1,obfuscated,READ,543,20.114,4.001,24.115,20.5
r07,r07_A1,A1,obfuscated,READ,544,20.097,4.014,24.111,20.513
r07,r07_A1,A1,obfuscated,READ,545,20.092,3.997,24.089,20.493
r07,r07_A1,A1,obfuscated,READ,546,20.112,3.993,24.105,20.498
r07,r07_A1,A1,obfuscated,SELECT,547,20.082,4.0,24.082,20.602
r07,r07_A1,A1,obfuscated,OPERATE,548,20.105,3.986,24.091,0.31
r07,r07_A1,A1,obfuscated,READ,549,20.088,4.023,24.111,20.58
r07,r07_A1,A1,obfuscated,READ,550,20.082,4.027,24.109,20.574
r07,r07_A1,A1,obfuscated,READ,551,20.111,3.993,24.104,20.497
r07,r07_A1,A1,obfuscated,READ,552,20.087,4.023,24.11,20.485
r07,r07_A1,A1,obfuscated,READ,553,20.109,3.999,24.108,20.496
r07,r07_A1,A1,obfuscated,READ,554,20.1,4.005,24.105,20.523
r07,r07_A1,A1,obfuscated,READ,555,20.097,3.994,24.091,20.416
r07,r07_A1,A1,obfuscated,SELECT,556,20.082,3.999,24.081,20.59
r07,r07_A1,A1,obfuscated,OPERATE,557,20.081,4.0,24.081,0.367
r07,r07_A1,A1,obfuscated,READ,558,20.087,3.996,24.083,20.536
r07,r07_A1,A1,obfuscated,READ,559,20.08,3.998,24.078,20.53
r07,r07_A1,A1,obfuscated,READ,560,20.103,4.002,24.105,20.507
r07,r07_A1,A1,obfuscated,READ,561,20.107,3.984,24.091,20.416
r07,r07_A1,A1,obfuscated,READ,562,20.082,4.026,24.108,20.534
r07,r07_A1,A1,obfuscated,READ,563,20.105,4.0,24.105,20.492
r07,r07_A1,A1,obfuscated,READ,564,20.087,4.019,24.106,20.496
r07,r07_A1,A1,obfuscated,READ,565,20.105,4.0,24.105,20.498
r07,r07_A1,A1,obfuscated,READ,566,20.105,4.0,24.105,20.504
r07,r07_A1,A1,obfuscated,SELECT,567,20.039,4.042,24.081,20.638
r07,r07_A1,A1,obfuscated,OPERATE,568,20.105,4.009,24.114,0.35
r07,r07_A1,A1,obfuscated,READ,569,20.099,4.011,24.11,20.561
r07,r07_A1,A1,obfuscated,READ,570,20.093,4.015,24.108,20.499
r07,r07_A1,A1,obfuscated,READ,571,20.106,4.002,24.108,20.495
r07,r07_A1,A1,obfuscated,READ,572,20.082,4.022,24.104,20.511
r07,r07_A1,A1,obfuscated,READ,573,20.105,3.999,24.104,20.497
r07,r07_A1,A1,obfuscated,SELECT,574,20.082,4.005,24.087,20.611
r07,r07_A1,A1,obfuscated,OPERATE,575,20.106,4.011,24.117,0.35
r07,r07_A1,A1,obfuscated,READ,576,20.115,3.991,24.106,20.619
r07,r07_A1,A1,obfuscated,READ,577,20.081,4.021,24.102,20.491
r07,r07_A1,A1,obfuscated,READ,578,20.111,4.0,24.111,20.497
r07,r07_A1,A1,obfuscated,READ,579,20.109,3.996,24.105,20.498
r07,r07_A1,A1,obfuscated,READ,580,20.091,3.948,24.039,20.572
r07,r07_A1,A1,obfuscated,SELECT,581,20.111,4.005,24.116,20.563
r07,r07_A1,A1,obfuscated,OPERATE,582,20.107,4.0,24.107,0.369
r07,r07_A1,A1,obfuscated,READ,583,20.112,3.994,24.106,20.544
r07,r07_A1,A1,obfuscated,READ,584,20.082,4.025,24.107,20.492
r07,r07_A1,A1,obfuscated,READ,585,20.083,4.026,24.109,20.524
r07,r07_A1,A1,obfuscated,READ,586,20.105,4.0,24.105,20.495
r07,r07_A1,A1,obfuscated,READ,587,20.039,4.064,24.103,20.51
r07,r07_A1,A1,obfuscated,SELECT,588,20.097,4.008,24.105,20.524
r07,r07_A1,A1,obfuscated,OPERATE,589,20.107,4.0,24.107,0.348
r07,r07_A1,A1,obfuscated,READ,590,20.081,4.027,24.108,20.575
r07,r07_A1,A1,obfuscated,READ,591,20.109,4.003,24.112,20.5
r07,r07_A1,A1,obfuscated,READ,592,20.081,4.023,24.104,20.517
r07,r07_A1,A1,obfuscated,READ,593,20.108,3.998,24.106,20.493
r07,r07_A1,A1,obfuscated,READ,594,20.105,3.979,24.084,20.478
r07,r07_A1,A1,obfuscated,SELECT,595,20.083,4.026,24.109,20.625
r07,r07_A1,A1,obfuscated,OPERATE,596,20.107,4.004,24.111,0.352
r07,r07_A1,A1,obfuscated,READ,597,20.087,4.023,24.11,20.565
r07,r07_A1,A1,obfuscated,READ,598,20.097,4.013,24.11,20.49
r07,r07_A1,A1,obfuscated,READ,599,20.115,3.994,24.109,20.497
r07,r07_A1,A1,obfuscated,READ,600,20.08,3.963,24.043,20.557
r07,r07_A1,A1,obfuscated,READ,601,20.086,4.02,24.106,20.447
r07,r07_A1,A1,obfuscated,READ,602,20.081,4.026,24.107,20.414
r07,r07_A1,A1,obfuscated,SELECT,603,20.108,4.0,24.108,20.597
r07,r07_A1,A1,obfuscated,OPERATE,604,20.106,3.999,24.105,0.35
r07,r07_A1,A1,obfuscated,READ,605,20.083,4.025,24.108,20.573
r07,r07_A1,A1,obfuscated,READ,606,20.107,3.998,24.105,20.492
r07,r07_A1,A1,obfuscated,READ,607,20.039,4.068,24.107,20.489
r07,r07_A1,A1,obfuscated,READ,608,20.11,3.991,24.101,20.415
r07,r07_A1,A1,obfuscated,READ,609,20.082,4.032,24.114,20.52
r07,r07_A1,A1,obfuscated,SELECT,610,20.081,4.025,24.106,20.628
r07,r07_A1,A1,obfuscated,OPERATE,611,20.109,4.0,24.109,0.351
r07,r07_A1,A1,obfuscated,READ,612,20.081,4.027,24.108,20.542
r07,r07_A1,A1,obfuscated,READ,613,20.108,4.002,24.11,20.497
r07,r07_A1,A1,obfuscated,READ,614,20.108,3.977,24.085,20.479
r07,r07_A1,A1,obfuscated,READ,615,20.082,4.026,24.108,20.508
r07,r07_A1,A1,obfuscated,READ,616,20.107,4.0,24.107,20.503
r07,r07_A1,A1,obfuscated,SELECT,617,20.083,4.025,24.108,20.597
r07,r07_A1,A1,obfuscated,OPERATE,618,20.11,3.994,24.104,0.352
r07,r07_A1,A1,obfuscated,READ,619,20.106,4.005,24.111,20.557
r07,r07_A1,A1,obfuscated,READ,620,20.081,3.954,24.035,20.619
r07,r07_A1,A1,obfuscated,READ,621,20.102,4.007,24.109,20.438
r07,r07_A1,A1,obfuscated,READ,622,20.081,4.02,24.101,20.428
r07,r07_A1,A1,obfuscated,READ,623,20.103,3.99,24.093,20.513
r07,r07_A1,A1,obfuscated,SELECT,624,20.103,4.002,24.105,20.625
r07,r07_A1,A1,obfuscated,OPERATE,625,20.097,4.005,24.102,0.368
r07,r07_A1,A1,obfuscated,READ,626,20.104,4.003,24.107,20.604
r07,r07_A1,A1,obfuscated,READ,627,20.044,4.064,24.108,20.52
r07,r07_A1,A1,obfuscated,READ,628,20.109,3.994,24.103,20.416
r07,r07_A1,A1,obfuscated,READ,629,20.087,4.018,24.105,20.501
r07,r07_A1,A1,obfuscated,READ,630,20.081,4.022,24.103,20.534
r07,r07_A1,A1,obfuscated,SELECT,631,20.107,4.001,24.108,20.6
r07,r07_A1,A1,obfuscated,OPERATE,632,20.109,4.004,24.113,0.35
r07,r07_A1,A1,obfuscated,READ,633,20.096,4.009,24.105,20.557
r07,r07_A1,A1,obfuscated,READ,634,20.105,3.998,24.103,20.475
r07,r07_A1,A1,obfuscated,READ,635,20.088,4.018,24.106,20.524
r07,r07_A1,A1,obfuscated,READ,636,20.105,4.001,24.106,20.5
r07,r07_A1,A1,obfuscated,READ,637,20.101,4.004,24.105,20.534
r07,r07_A1,A1,obfuscated,READ,638,20.083,4.015,24.098,20.506
r07,r07_A1,A1,obfuscated,READ,639,20.111,3.998,24.109,20.519
r07,r07_A1,A1,obfuscated,READ,640,20.088,4.017,24.105,20.498
r07,r07_A1,A1,obfuscated,READ,641,20.105,3.998,24.103,20.474
r07,r07_A1,A1,obfuscated,SELECT,642,20.08,4.024,24.104,20.635
r07,r07_A1,A1,obfuscated,OPERATE,643,20.091,3.998,24.089,0.364
r07,r07_A1,A1,obfuscated,READ,644,20.111,3.998,24.109,20.539
r07,r07_A1,A1,obfuscated,READ,645,20.082,4.023,24.105,20.497
r07,r07_A1,A1,obfuscated,READ,646,20.105,4.002,24.107,20.491
r07,r07_A1,A1,obfuscated,READ,647,20.108,3.988,24.096,20.427
r07,r07_A1,A1,obfuscated,READ,648,20.093,4.014,24.107,20.498
r07,r07_A1,A1,obfuscated,READ,649,20.104,4.006,24.11,20.504
r07,r07_A1,A1,obfuscated,SELECT,650,20.082,4.026,24.108,20.652
r07,r07_A1,A1,obfuscated,OPERATE,651,20.105,4.004,24.109,0.348
r07,r07_A1,A1,obfuscated,READ,652,20.111,3.978,24.089,20.56
r07,r07_A1,A1,obfuscated,READ,653,20.084,3.996,24.08,20.531
r07,r07_A1,A1,obfuscated,READ,654,20.106,4.006,24.112,20.492
r07,r07_A1,A1,obfuscated,READ,655,20.081,4.022,24.103,20.442
r07,r07_A1,A1,obfuscated,READ,656,20.111,3.999,24.11,20.506
r07,r07_A1,A1,obfuscated,SELECT,657,20.102,4.003,24.105,20.614
r07,r07_A1,A1,obfuscated,OPERATE,658,20.092,3.999,24.091,0.365
r07,r07_A1,A1,obfuscated,READ,659,20.111,3.993,24.104,20.551
r07,r07_A1,A1,obfuscated,READ,660,20.081,4.026,24.107,20.491
r07,r07_A1,A1,obfuscated,READ,661,20.111,4.002,24.113,20.507
r07,r07_A1,A1,obfuscated,READ,662,20.081,4.027,24.108,20.5
r07,r07_A1,A1,obfuscated,READ,663,20.082,4.049,24.131,20.521
r07,r07_A1,A1,obfuscated,SELECT,664,20.108,3.975,24.083,20.605
r07,r07_A1,A1,obfuscated,OPERATE,665,20.106,3.999,24.105,0.349
r07,r07_A1,A1,obfuscated,READ,666,20.13,3.975,24.105,20.542
r07,r07_A1,A1,obfuscated,READ,667,20.105,3.975,24.08,20.428
r07,r07_A1,A1,obfuscated,READ,668,20.098,4.012,24.11,20.441
r07,r07_A1,A1,obfuscated,READ,669,20.107,3.999,24.106,20.422
r07,r07_A1,A1,obfuscated,READ,670,20.082,4.022,24.104,20.51
r07,r07_A1,A1,obfuscated,SELECT,671,20.105,4.0,24.105,20.607
r07,r07_A1,A1,obfuscated,OPERATE,672,20.106,3.974,24.08,0.35
r07,r07_A1,A1,obfuscated,READ,673,20.101,4.001,24.102,20.548
r07,r07_A1,A1,obfuscated,READ,674,20.107,3.997,24.104,20.51
r07,r07_A1,A1,obfuscated,READ,675,20.082,4.028,24.11,20.564
r07,r07_A1,A1,obfuscated,READ,676,20.114,3.979,24.093,20.497
r07,r07_A1,A1,obfuscated,READ,677,20.103,4.008,24.111,20.509
r07,r07_A1,A1,obfuscated,READ,678,20.081,4.023,24.104,20.527
r07,r07_A1,A1,obfuscated,SELECT,679,20.105,4.0,24.105,20.608
r07,r07_A1,A1,obfuscated,OPERATE,680,20.081,4.024,24.105,0.368
r07,r07_A1,A1,obfuscated,READ,681,20.108,3.998,24.106,20.55
r07,r07_A1,A1,obfuscated,READ,682,20.082,4.025,24.107,20.495
r07,r07_A1,A1,obfuscated,READ,683,20.082,4.027,24.109,20.531
r07,r07_A1,A1,obfuscated,READ,684,20.111,3.998,24.109,20.499
r07,r07_A1,A1,obfuscated,READ,685,20.093,4.013,24.106,20.509
r07,r07_A1,A1,obfuscated,READ,686,20.094,3.997,24.091,20.479
r07,r07_A1,A1,obfuscated,READ,687,20.107,4.002,24.109,20.463
r07,r07_A1,A1,obfuscated,READ,688,20.087,4.023,24.11,20.525
r07,r07_A1,A1,obfuscated,SELECT,689,20.107,3.995,24.102,20.613
r07,r07_A1,A1,obfuscated,OPERATE,690,20.112,3.995,24.107,0.352
r07,r07_A1,A1,obfuscated,READ,691,20.112,3.997,24.109,20.545
r07,r07_A1,A1,obfuscated,READ,692,20.112,4.005,24.117,20.499
r07,r07_A1,A1,obfuscated,READ,693,20.037,4.066,24.103,20.492
r07,r07_A1,A1,obfuscated,READ,694,20.112,3.989,24.101,20.427
r07,r07_A1,A1,obfuscated,READ,695,20.092,4.011,24.103,20.527
r07,r07_A1,A1,obfuscated,READ,696,20.095,4.017,24.112,20.499
r07,r07_A1,A1,obfuscated,READ,697,20.109,4.005,24.114,20.502
r07,r07_A1,A1,obfuscated,SELECT,698,20.082,4.027,24.109,20.614
r07,r07_A1,A1,obfuscated,OPERATE,699,20.106,3.998,24.104,0.349
r07,r07_A1,A1,obfuscated,READ,700,20.119,3.968,24.087,20.61
r07,r07_A1,A1,obfuscated,READ,701,20.081,4.023,24.104,20.536
r07,r07_A1,A1,obfuscated,READ,702,20.105,4.009,24.114,20.493
r07,r07_A1,A1,obfuscated,READ,703,20.081,4.023,24.104,20.528
r07,r07_A1,A1,obfuscated,READ,704,20.082,4.028,24.11,20.497
r07,r07_A1,A1,obfuscated,SELECT,705,20.111,4.002,24.113,20.602
r07,r07_A1,A1,obfuscated,OPERATE,706,20.104,3.939,24.043,0.405
r07,r07_A1,A1,obfuscated,READ,707,20.111,3.993,24.104,20.492
r07,r07_A1,A1,obfuscated,READ,708,20.081,4.026,24.107,20.514
r07,r07_A1,A1,obfuscated,READ,709,20.106,3.997,24.103,20.5
r07,r07_A1,A1,obfuscated,READ,710,20.112,3.992,24.104,20.5
r07,r07_A1,A1,obfuscated,READ,711,20.081,4.026,24.107,20.523
r07,r07_A1,A1,obfuscated,READ,712,20.114,3.996,24.11,20.474
r07,r07_A1,A1,obfuscated,READ,713,20.081,3.963,24.044,20.419
r07,r07_A1,A1,obfuscated,SELECT,714,20.106,4.005,24.111,20.559
r07,r07_A1,A1,obfuscated,OPERATE,715,20.111,3.999,24.11,0.349
r07,r07_A1,A1,obfuscated,READ,716,20.105,3.999,24.104,20.552
r07,r07_A1,A1,obfuscated,READ,717,20.093,4.011,24.104,20.5
r07,r07_A1,A1,obfuscated,READ,718,20.081,4.029,24.11,20.499
r07,r07_A1,A1,obfuscated,READ,719,20.104,4.0,24.104,20.496
r07,r07_A1,A1,obfuscated,READ,720,20.087,4.027,24.114,20.538
r07,r07_A1,A1,obfuscated,READ,721,20.082,4.009,24.091,20.509
r07,r07_A1,A1,obfuscated,READ,722,20.097,4.011,24.108,20.493
r07,r07_A1,A1,obfuscated,READ,723,20.096,4.013,24.109,20.503
r07,r07_A1,A1,obfuscated,READ,724,20.081,4.031,24.112,20.496
r07,r07_A1,A1,obfuscated,SELECT,725,20.103,4.002,24.105,20.657
r07,r07_A1,A1,obfuscated,OPERATE,726,20.082,4.023,24.105,0.383
r07,r07_A1,A1,obfuscated,READ,727,20.106,3.996,24.102,20.54
r07,r07_A1,A1,obfuscated,READ,728,20.087,4.027,24.114,20.495
r07,r07_A1,A1,obfuscated,READ,729,20.091,4.013,24.104,20.491
r07,r07_A1,A1,obfuscated,READ,730,20.113,3.991,24.104,20.494
r07,r07_A1,A1,obfuscated,READ,731,20.1,4.005,24.105,20.498
r07,r07_A1,A1,obfuscated,SELECT,732,20.107,3.998,24.105,20.604
r07,r07_A1,A1,obfuscated,OPERATE,733,20.104,4.01,24.114,0.38
r07,r07_A1,A1,obfuscated,READ,734,20.087,4.018,24.105,20.562
r07,r07_A1,A1,obfuscated,READ,735,20.108,3.998,24.106,20.493
r07,r07_A1,A1,obfuscated,READ,736,20.082,4.025,24.107,20.495
r07,r07_A1,A1,obfuscated,READ,737,20.105,4.0,24.105,20.481
r07,r07_A1,A1,obfuscated,READ,738,20.101,4.011,24.112,20.528
r07,r07_A1,A1,obfuscated,SELECT,739,20.082,4.025,24.107,20.634
r07,r07_A1,A1,obfuscated,OPERATE,740,20.081,4.024,24.105,0.349
r07,r07_A1,A1,obfuscated,READ,741,20.081,4.025,24.106,20.561
r07,r07_A1,A1,obfuscated,READ,742,20.096,4.011,24.107,20.502
r07,r07_A1,A1,obfuscated,READ,743,20.105,4.0,24.105,20.492
r07,r07_A1,A1,obfuscated,READ,744,20.081,4.024,24.105,20.527
r07,r07_A1,A1,obfuscated,READ,745,20.111,3.994,24.105,20.5
r07,r07_A1,A1,obfuscated,READ,746,20.093,3.989,24.082,20.492
r07,r07_A1,A1,obfuscated,READ,747,20.091,4.014,24.105,20.504
r07,r07_A1,A1,obfuscated,SELECT,748,20.042,4.066,24.108,20.609
r07,r07_A1,A1,obfuscated,OPERATE,749,20.1,4.006,24.106,0.393
r07,r07_A1,A1,obfuscated,READ,750,20.109,3.998,24.107,20.618
r07,r07_A1,A1,obfuscated,READ,751,20.112,4.001,24.113,20.503
r07,r07_A1,A1,obfuscated,READ,752,20.085,3.957,24.042,20.524
r07,r07_A1,A1,obfuscated,READ,753,20.11,3.998,24.108,20.447
r07,r07_A1,A1,obfuscated,READ,754,20.088,4.017,24.105,20.493
r07,r07_A1,A1,obfuscated,SELECT,755,20.107,4.001,24.108,20.603
r07,r07_A1,A1,obfuscated,OPERATE,756,20.114,3.995,24.109,0.348
r07,r07_A1,A1,obfuscated,READ,757,20.087,3.999,24.086,20.57
r07,r07_A1,A1,obfuscated,READ,758,20.107,3.997,24.104,20.493
r07,r07_A1,A1,obfuscated,READ,759,20.09,4.021,24.111,20.495
r07,r07_A1,A1,obfuscated,READ,760,20.104,4.0,24.104,20.419
r07,r07_A1,A1,obfuscated,READ,761,20.087,4.023,24.11,20.508
r07,r07_A1,A1,obfuscated,READ,762,20.112,4.006,24.118,20.499
r07,r07_A1,A1,obfuscated,READ,763,20.108,3.995,24.103,20.494
r07,r07_A1,A1,obfuscated,READ,764,20.082,4.0,24.082,20.478
r07,r07_A1,A1,obfuscated,SELECT,765,20.108,3.995,24.103,20.602
r07,r07_A1,A1,obfuscated,OPERATE,766,20.109,3.975,24.084,0.351
r07,r07_A1,A1,obfuscated,READ,767,20.104,4.009,24.113,20.551
r07,r07_A1,A1,obfuscated,READ,768,20.108,3.999,24.107,20.496
r07,r07_A1,A1,obfuscated,READ,769,20.081,4.021,24.102,20.498
r07,r07_A1,A1,obfuscated,READ,770,20.108,3.996,24.104,20.501
r07,r07_A1,A1,obfuscated,READ,771,20.105,4.009,24.114,20.518
r07,r07_A1,A1,obfuscated,SELECT,772,20.042,4.078,24.12,20.597
r07,r07_A1,A1,obfuscated,OPERATE,773,20.111,3.999,24.11,0.348
r07,r07_A1,A1,obfuscated,READ,774,20.086,4.023,24.109,20.544
r07,r07_A1,A1,obfuscated,READ,775,20.113,3.995,24.108,20.547
r07,r07_A1,A1,obfuscated,READ,776,20.102,4.006,24.108,20.516
r07,r07_A1,A1,obfuscated,READ,777,20.081,4.025,24.106,20.522
r07,r07_A1,A1,obfuscated,READ,778,20.105,3.999,24.104,20.493
r07,r07_A1,A1,obfuscated,SELECT,779,20.113,3.928,24.041,20.598
r07,r07_A1,A1,obfuscated,OPERATE,780,20.106,4.002,24.108,0.3
r07,r07_A1,A1,obfuscated,READ,781,20.082,4.026,24.108,20.568
r07,r07_A1,A1,obfuscated,READ,782,20.081,4.016,24.097,20.521
r07,r07_A1,A1,obfuscated,READ,783,20.103,4.007,24.11,20.493
r07,r07_A1,A1,obfuscated,READ,784,20.082,4.025,24.107,20.523
r07,r07_A1,A1,obfuscated,READ,785,20.115,3.999,24.114,20.49
r07,r07_OFF,OFF,native,READ,0,0.459,4.874,5.333,
r07,r07_OFF,OFF,native,READ,1,0.428,2.168,2.596,20.531
r07,r07_OFF,OFF,native,READ,2,0.601,1.113,1.714,20.501
r07,r07_OFF,OFF,native,READ,3,0.556,1.105,1.661,20.483
r07,r07_OFF,OFF,native,READ,4,0.553,2.254,2.807,20.482
r07,r07_OFF,OFF,native,READ,5,0.491,1.168,1.659,20.504
r07,r07_OFF,OFF,native,READ,6,0.499,2.335,2.834,20.512
r07,r07_OFF,OFF,native,READ,7,0.491,1.093,1.584,20.49
r07,r07_OFF,OFF,native,SELECT,8,0.611,2.085,2.696,20.576
r07,r07_OFF,OFF,native,OPERATE,9,0.489,1.882,2.371,0.355
r07,r07_OFF,OFF,native,READ,10,1.493,1.157,2.65,20.562
r07,r07_OFF,OFF,native,READ,11,0.559,1.108,1.667,20.496
r07,r07_OFF,OFF,native,READ,12,0.57,2.017,2.587,20.493
r07,r07_OFF,OFF,native,READ,13,0.631,5.712,6.343,20.521
r07,r07_OFF,OFF,native,READ,14,0.528,4.0,4.528,20.504
r07,r07_OFF,OFF,native,READ,15,0.59,3.976,4.566,20.522
r07,r07_OFF,OFF,native,READ,16,0.553,3.904,4.457,20.524
r07,r07_OFF,OFF,native,READ,17,0.51,3.878,4.388,20.518
r07,r07_OFF,OFF,native,READ,18,0.529,3.957,4.486,20.502
r07,r07_OFF,OFF,native,SELECT,19,0.577,3.789,4.366,20.63
r07,r07_OFF,OFF,native,OPERATE,20,1.573,4.486,6.059,0.358
r07,r07_OFF,OFF,native,READ,21,0.495,1.172,1.667,20.581
r07,r07_OFF,OFF,native,READ,22,0.479,1.171,1.65,20.471
r07,r07_OFF,OFF,native,READ,23,1.496,1.118,2.614,20.492
r07,r07_OFF,OFF,native,READ,24,0.558,1.091,1.649,20.49
r07,r07_OFF,OFF,native,READ,25,0.565,2.163,2.728,20.49
r07,r07_OFF,OFF,native,READ,26,0.448,1.175,1.623,20.59
r07,r07_OFF,OFF,native,READ,27,0.491,2.191,2.682,20.528
r07,r07_OFF,OFF,native,READ,28,0.452,1.171,1.623,20.502
r07,r07_OFF,OFF,native,SELECT,29,0.565,1.016,1.581,20.601
r07,r07_OFF,OFF,native,OPERATE,30,1.285,1.813,3.098,0.355
r07,r07_OFF,OFF,native,READ,31,0.483,2.23,2.713,20.542
r07,r07_OFF,OFF,native,READ,32,2.639,2.338,4.977,20.505
r07,r07_OFF,OFF,native,READ,33,0.566,1.103,1.669,20.525
r07,r07_OFF,OFF,native,READ,34,0.564,2.055,2.619,20.508
r07,r07_OFF,OFF,native,READ,35,0.573,2.459,3.032,20.501
r07,r07_OFF,OFF,native,READ,36,1.568,2.92,4.488,20.495
r07,r07_OFF,OFF,native,READ,37,1.501,4.105,5.606,20.498
r07,r07_OFF,OFF,native,READ,38,0.709,2.701,3.41,20.536
r07,r07_OFF,OFF,native,SELECT,39,1.589,2.676,4.265,20.629
r07,r07_OFF,OFF,native,OPERATE,40,1.215,1.83,3.045,0.351
r07,r07_OFF,OFF,native,READ,41,0.481,6.629,7.11,20.564
r07,r07_OFF,OFF,native,READ,42,0.505,4.064,4.569,20.487
r07,r07_OFF,OFF,native,READ,43,0.537,1.101,1.638,20.521
r07,r07_OFF,OFF,native,READ,44,0.732,2.081,2.813,20.5
r07,r07_OFF,OFF,native,READ,45,0.449,1.224,1.673,20.492
r07,r07_OFF,OFF,native,SELECT,46,0.462,1.113,1.575,20.615
r07,r07_OFF,OFF,native,OPERATE,47,1.199,1.93,3.129,0.352
r07,r07_OFF,OFF,native,READ,48,0.454,2.183,2.637,20.561
r07,r07_OFF,OFF,native,READ,49,0.495,1.212,1.707,20.488
r07,r07_OFF,OFF,native,READ,50,0.506,1.107,1.613,20.443
r07,r07_OFF,OFF,native,READ,51,1.559,1.111,2.67,20.548
r07,r07_OFF,OFF,native,READ,52,0.514,1.122,1.636,20.492
r07,r07_OFF,OFF,native,READ,53,0.569,2.085,2.654,20.507
r07,r07_OFF,OFF,native,READ,54,0.469,1.167,1.636,20.491
r07,r07_OFF,OFF,native,READ,55,0.494,2.207,2.701,20.508
r07,r07_OFF,OFF,native,READ,56,2.349,2.181,4.53,20.451
r07,r07_OFF,OFF,native,SELECT,57,0.532,1.037,1.569,20.599
r07,r07_OFF,OFF,native,OPERATE,58,0.486,2.981,3.467,0.351
r07,r07_OFF,OFF,native,READ,59,0.538,3.256,3.794,20.551
r07,r07_OFF,OFF,native,READ,60,0.556,4.114,4.67,20.503
r07,r07_OFF,OFF,native,READ,61,0.495,12.337,12.832,20.532
r07,r07_OFF,OFF,native,READ,62,0.501,4.639,5.14,20.507
r07,r07_OFF,OFF,native,READ,63,0.527,3.832,4.359,20.519
r07,r07_OFF,OFF,native,READ,64,0.561,3.929,4.49,20.495
r07,r07_OFF,OFF,native,READ,65,3.633,5.883,9.516,20.498
r07,r07_OFF,OFF,native,READ,66,0.534,2.083,2.617,20.502
r07,r07_OFF,OFF,native,READ,67,0.611,1.098,1.709,20.51
r07,r07_OFF,OFF,native,SELECT,68,0.492,1.103,1.595,20.628
r07,r07_OFF,OFF,native,OPERATE,69,1.512,1.831,3.343,0.348
r07,r07_OFF,OFF,native,READ,70,0.567,6.168,6.735,20.559
r07,r07_OFF,OFF,native,READ,71,0.494,1.103,1.597,20.503
r07,r07_OFF,OFF,native,READ,72,0.523,1.099,1.622,20.501
r07,r07_OFF,OFF,native,READ,73,1.588,1.101,2.689,20.494
r07,r07_OFF,OFF,native,READ,74,0.535,1.088,1.623,20.499
r07,r07_OFF,OFF,native,READ,75,0.591,2.114,2.705,20.513
r07,r07_OFF,OFF,native,READ,76,0.459,1.178,1.637,20.493
r07,r07_OFF,OFF,native,READ,77,0.493,6.509,7.002,20.579
r07,r07_OFF,OFF,native,SELECT,78,0.507,1.106,1.613,20.629
r07,r07_OFF,OFF,native,OPERATE,79,0.62,2.834,3.454,0.372
r07,r07_OFF,OFF,native,READ,80,0.791,2.346,3.137,20.58
r07,r07_OFF,OFF,native,READ,81,0.578,4.166,4.744,20.476
r07,r07_OFF,OFF,native,READ,82,0.575,3.908,4.483,20.495
r07,r07_OFF,OFF,native,READ,83,0.571,3.985,4.556,20.493
r07,r07_OFF,OFF,native,READ,84,0.576,12.238,12.814,20.51
r07,r07_OFF,OFF,native,READ,85,0.501,4.694,5.195,20.518
r07,r07_OFF,OFF,native,SELECT,86,0.481,3.745,4.226,20.636
r07,r07_OFF,OFF,native,OPERATE,87,0.577,4.868,5.445,0.349
r07,r07_OFF,OFF,native,READ,88,0.503,3.218,3.721,20.544
r07,r07_OFF,OFF,native,READ,89,0.509,1.128,1.637,20.495
r07,r07_OFF,OFF,native,READ,90,1.615,1.085,2.7,20.492
r07,r07_OFF,OFF,native,READ,91,0.52,1.09,1.61,20.518
r07,r07_OFF,OFF,native,READ,92,0.492,2.159,2.651,20.501
r07,r07_OFF,OFF,native,READ,93,0.447,1.16,1.607,20.505
r07,r07_OFF,OFF,native,READ,94,0.496,2.182,2.678,20.495
r07,r07_OFF,OFF,native,READ,95,0.535,1.124,1.659,20.502
r07,r07_OFF,OFF,native,SELECT,96,0.505,1.115,1.62,20.644
r07,r07_OFF,OFF,native,OPERATE,97,1.133,1.814,2.947,0.427
r07,r07_OFF,OFF,native,READ,98,0.488,2.117,2.605,20.541
r07,r07_OFF,OFF,native,READ,99,1.171,1.228,2.399,20.496
r07,r07_OFF,OFF,native,READ,100,0.518,2.09,2.608,20.492
r07,r07_OFF,OFF,native,READ,101,0.567,1.139,1.706,20.499
r07,r07_OFF,OFF,native,READ,102,0.524,2.058,2.582,20.59
r07,r07_OFF,OFF,native,READ,103,0.894,1.23,2.124,20.498
r07,r07_OFF,OFF,native,READ,104,0.509,3.477,3.986,20.474
r07,r07_OFF,OFF,native,READ,105,0.496,3.835,4.331,20.502
r07,r07_OFF,OFF,native,READ,106,0.572,3.904,4.476,20.515
r07,r07_OFF,OFF,native,SELECT,107,0.57,3.797,4.367,20.635
r07,r07_OFF,OFF,native,OPERATE,108,0.561,4.845,5.406,0.351
r07,r07_OFF,OFF,native,READ,109,0.578,3.061,3.639,20.538
r07,r07_OFF,OFF,native,READ,110,0.567,3.89,4.457,20.508
r07,r07_OFF,OFF,native,READ,111,0.573,4.059,4.632,20.505
r07,r07_OFF,OFF,native,READ,112,0.445,1.171,1.616,20.525
r07,r07_OFF,OFF,native,READ,113,1.746,1.105,2.851,20.49
r07,r07_OFF,OFF,native,SELECT,114,0.568,1.035,1.603,20.605
r07,r07_OFF,OFF,native,OPERATE,115,1.357,1.88,3.237,0.35
r07,r07_OFF,OFF,native,READ,116,0.441,2.227,2.668,20.579
r07,r07_OFF,OFF,native,READ,117,0.564,1.09,1.654,20.502
r07,r07_OFF,OFF,native,READ,118,0.456,1.17,1.626,20.493
r07,r07_OFF,OFF,native,READ,119,1.499,1.169,2.668,20.503
r07,r07_OFF,OFF,native,READ,120,0.522,1.151,1.673,20.528
r07,r07_OFF,OFF,native,READ,121,0.492,2.136,2.628,20.524
r07,r07_OFF,OFF,native,READ,122,0.453,1.185,1.638,20.492
r07,r07_OFF,OFF,native,SELECT,123,3.274,1.1,4.374,20.605
r07,r07_OFF,OFF,native,OPERATE,124,0.507,6.324,6.831,0.355
r07,r07_OFF,OFF,native,READ,125,0.493,1.228,1.721,20.548
r07,r07_OFF,OFF,native,READ,126,0.521,2.078,2.599,20.631
r07,r07_OFF,OFF,native,READ,127,0.596,1.737,2.333,20.566
r07,r07_OFF,OFF,native,READ,128,0.578,13.96,14.538,20.5
r07,r07_OFF,OFF,native,READ,129,0.63,4.795,5.425,20.492
r07,r07_OFF,OFF,native,SELECT,130,0.584,3.628,4.212,20.63
r07,r07_OFF,OFF,native,OPERATE,131,0.506,4.372,4.878,0.35
r07,r07_OFF,OFF,native,READ,132,0.501,3.111,3.612,20.542
r07,r07_OFF,OFF,native,READ,133,0.572,3.889,4.461,20.515
r07,r07_OFF,OFF,native,READ,134,0.494,4.162,4.656,20.512
r07,r07_OFF,OFF,native,READ,135,0.553,1.103,1.656,20.517
r07,r07_OFF,OFF,native,READ,136,0.554,2.397,2.951,20.497
r07,r07_OFF,OFF,native,READ,137,0.493,12.734,13.227,20.525
r07,r07_OFF,OFF,native,READ,138,0.458,4.379,4.837,20.492
r07,r07_OFF,OFF,native,READ,139,0.553,1.104,1.657,20.499
r07,r07_OFF,OFF,native,READ,140,1.635,1.092,2.727,20.513
r07,r07_OFF,OFF,native,SELECT,141,0.455,1.097,1.552,20.599
r07,r07_OFF,OFF,native,OPERATE,142,5.678,1.933,7.611,0.352
r07,r07_OFF,OFF,native,READ,143,0.532,2.07,2.602,20.542
r07,r07_OFF,OFF,native,READ,144,0.553,4.872,5.425,20.493
r07,r07_OFF,OFF,native,READ,145,0.486,1.148,1.634,20.423
r07,r07_OFF,OFF,native,READ,146,0.532,2.092,2.624,20.47
r07,r07_OFF,OFF,native,READ,147,0.502,1.146,1.648,20.472
r07,r07_OFF,OFF,native,SELECT,148,0.5,2.077,2.577,20.631
r07,r07_OFF,OFF,native,OPERATE,149,0.561,1.845,2.406,0.371
r07,r07_OFF,OFF,native,READ,150,1.66,5.505,7.165,20.557
r07,r07_OFF,OFF,native,READ,151,0.459,8.329,8.788,20.498
r07,r07_OFF,OFF,native,READ,152,0.57,3.99,4.56,20.584
r07,r07_OFF,OFF,native,READ,153,0.575,6.847,7.422,20.499
r07,r07_OFF,OFF,native,READ,154,0.592,8.621,9.213,20.535
r07,r07_OFF,OFF,native,SELECT,155,0.627,12.033,12.66,20.601
r07,r07_OFF,OFF,native,OPERATE,156,0.585,5.248,5.833,0.35
r07,r07_OFF,OFF,native,READ,157,0.53,9.669,10.199,20.561
r07,r07_OFF,OFF,native,READ,158,0.721,5.758,6.479,20.516
r07,r07_OFF,OFF,native,READ,159,0.549,2.094,2.643,20.511
r07,r07_OFF,OFF,native,READ,160,0.587,1.093,1.68,20.503
r07,r07_OFF,OFF,native,READ,161,0.485,1.173,1.658,20.452
r07,r07_OFF,OFF,native,READ,162,1.613,1.102,2.715,20.497
r07,r07_OFF,OFF,native,SELECT,163,0.525,1.026,1.551,20.603
r07,r07_OFF,OFF,native,OPERATE,164,1.728,1.866,3.594,0.35
r07,r07_OFF,OFF,native,READ,165,0.496,6.399,6.895,20.545
r07,r07_OFF,OFF,native,READ,166,0.571,1.096,1.667,20.493
r07,r07_OFF,OFF,native,READ,167,0.526,1.092,1.618,20.453
r07,r07_OFF,OFF,native,READ,168,1.524,1.101,2.625,20.496
r07,r07_OFF,OFF,native,READ,169,0.482,1.105,1.587,20.498
r07,r07_OFF,OFF,native,SELECT,170,0.499,2.115,2.614,20.616
r07,r07_OFF,OFF,native,OPERATE,171,0.447,2.92,3.367,0.349
r07,r07_OFF,OFF,native,READ,172,0.47,4.372,4.842,20.524
r07,r07_OFF,OFF,native,READ,173,0.5,4.051,4.551,20.431
r07,r07_OFF,OFF,native,READ,174,0.55,3.977,4.527,20.457
r07,r07_OFF,OFF,native,READ,175,0.556,3.956,4.512,20.475
r07,r07_OFF,OFF,native,READ,176,0.501,4.236,4.737,20.46
r07,r07_OFF,OFF,native,READ,177,0.495,4.026,4.521,20.544
r07,r07_OFF,OFF,native,SELECT,178,0.459,3.687,4.146,20.583
r07,r07_OFF,OFF,native,OPERATE,179,0.549,4.551,5.1,0.351
r07,r07_OFF,OFF,native,READ,180,0.455,1.176,1.631,20.576
r07,r07_OFF,OFF,native,READ,181,1.548,1.079,2.627,20.512
r07,r07_OFF,OFF,native,READ,182,0.555,1.097,1.652,20.492
r07,r07_OFF,OFF,native,READ,183,0.542,2.146,2.688,20.489
r07,r07_OFF,OFF,native,READ,184,0.554,1.102,1.656,20.507
r07,r07_OFF,OFF,native,READ,185,0.567,2.068,2.635,20.504
r07,r07_OFF,OFF,native,READ,186,0.561,1.115,1.676,20.513
r07,r07_OFF,OFF,native,READ,187,0.484,1.167,1.651,20.507
r07,r07_OFF,OFF,native,SELECT,188,0.457,2.086,2.543,20.531
r07,r07_OFF,OFF,native,OPERATE,189,0.492,2.933,3.425,0.351
r07,r07_OFF,OFF,native,READ,190,0.496,1.166,1.662,20.559
r07,r07_OFF,OFF,native,READ,191,0.519,2.052,2.571,20.501
r07,r07_OFF,OFF,native,READ,192,0.884,1.138,2.022,20.5
r07,r07_OFF,OFF,native,READ,193,0.488,1.173,1.661,20.524
r07,r07_OFF,OFF,native,READ,194,1.499,1.145,2.644,20.501
r07,r07_OFF,OFF,native,SELECT,195,0.511,3.171,3.682,20.577
r07,r07_OFF,OFF,native,OPERATE,196,0.496,4.778,5.274,0.351
r07,r07_OFF,OFF,native,READ,197,0.527,3.122,3.649,20.543
r07,r07_OFF,OFF,native,READ,198,0.572,3.935,4.507,20.501
r07,r07_OFF,OFF,native,READ,199,0.568,4.104,4.672,20.501
r07,r07_OFF,OFF,native,READ,200,0.571,3.827,4.398,20.49
r07,r07_OFF,OFF,native,READ,201,0.568,3.95,4.518,20.492
r07,r07_OFF,OFF,native,READ,202,0.566,3.882,4.448,20.552
r07,r07_OFF,OFF,native,READ,203,0.496,1.174,1.67,20.472
r07,r07_OFF,OFF,native,READ,204,0.527,2.336,2.863,20.491
r07,r07_OFF,OFF,native,SELECT,205,0.456,1.104,1.56,20.636
r07,r07_OFF,OFF,native,OPERATE,206,0.504,2.925,3.429,0.351
r07,r07_OFF,OFF,native,READ,207,0.482,1.184,1.666,20.556
r07,r07_OFF,OFF,native,READ,208,1.567,1.071,2.638,20.52
r07,r07_OFF,OFF,native,READ,209,0.483,1.217,1.7,20.453
r07,r07_OFF,OFF,native,READ,210,0.578,2.066,2.644,20.502
r07,r07_OFF,OFF,native,READ,211,0.573,1.098,1.671,20.493
r07,r07_OFF,OFF,native,READ,212,0.564,2.105,2.669,20.53
r07,r07_OFF,OFF,native,READ,213,0.522,1.178,1.7,20.515
r07,r07_OFF,OFF,native,SELECT,214,3.349,1.048,4.397,20.592
r07,r07_OFF,OFF,native,OPERATE,215,0.482,2.992,3.474,0.354
r07,r07_OFF,OFF,native,READ,216,0.552,1.095,1.647,20.55
r07,r07_OFF,OFF,native,READ,217,0.492,2.147,2.639,20.427
r07,r07_OFF,OFF,native,READ,218,0.552,1.104,1.656,20.496
r07,r07_OFF,OFF,native,READ,219,0.525,3.194,3.719,20.495
r07,r07_OFF,OFF,native,READ,220,0.502,4.072,4.574,20.49
r07,r07_OFF,OFF,native,READ,221,0.568,3.77,4.338,20.512
r07,r07_OFF,OFF,native,READ,222,0.552,4.062,4.614,20.494
r07,r07_OFF,OFF,native,SELECT,223,0.495,3.78,4.275,20.62
r07,r07_OFF,OFF,native,OPERATE,224,0.501,4.073,4.574,0.35
r07,r07_OFF,OFF,native,READ,225,0.548,3.181,3.729,20.545
r07,r07_OFF,OFF,native,READ,226,0.575,3.88,4.455,20.521
r07,r07_OFF,OFF,native,READ,227,0.551,1.093,1.644,20.56
r07,r07_OFF,OFF,native,READ,228,0.53,2.153,2.683,20.509
r07,r07_OFF,OFF,native,READ,229,0.569,1.104,1.673,20.496
r07,r07_OFF,OFF,native,READ,230,0.453,2.13,2.583,20.5
r07,r07_OFF,OFF,native,READ,231,0.784,1.105,1.889,20.491
r07,r07_OFF,OFF,native,READ,232,0.547,1.287,1.834,20.52
r07,r07_OFF,OFF,native,READ,233,1.478,1.108,2.586,20.492
r07,r07_OFF,OFF,native,SELECT,234,0.557,1.021,1.578,20.614
r07,r07_OFF,OFF,native,OPERATE,235,1.534,1.873,3.407,0.304
r07,r07_OFF,OFF,native,READ,236,0.487,2.132,2.619,20.519
r07,r07_OFF,OFF,native,READ,237,0.599,1.322,1.921,20.5
r07,r07_OFF,OFF,native,READ,238,0.558,1.095,1.653,20.518
r07,r07_OFF,OFF,native,READ,239,1.91,1.096,3.006,20.504
r07,r07_OFF,OFF,native,READ,240,0.56,1.093,1.653,20.494
r07,r07_OFF,OFF,native,SELECT,241,0.529,6.036,6.565,20.602
r07,r07_OFF,OFF,native,OPERATE,242,0.544,2.969,3.513,0.357
r07,r07_OFF,OFF,native,READ,243,0.496,5.138,5.634,20.546
r07,r07_OFF,OFF,native,READ,244,3.129,1.473,4.602,20.531
r07,r07_OFF,OFF,native,READ,245,0.557,3.853,4.41,20.492
r07,r07_OFF,OFF,native,READ,246,0.55,3.911,4.461,20.511
r07,r07_OFF,OFF,native,READ,247,0.58,3.93,4.51,20.522
r07,r07_OFF,OFF,native,SELECT,248,0.461,12.893,13.354,20.636
r07,r07_OFF,OFF,native,OPERATE,249,1.506,5.92,7.426,0.352
r07,r07_OFF,OFF,native,READ,250,0.458,2.246,2.704,20.549
r07,r07_OFF,OFF,native,READ,251,0.661,1.107,1.768,20.512
r07,r07_OFF,OFF,native,READ,252,0.567,1.138,1.705,20.559
r07,r07_OFF,OFF,native,READ,253,3.434,1.262,4.696,20.494
r07,r07_OFF,OFF,native,READ,254,1.565,1.08,2.645,20.492
r07,r07_OFF,OFF,native,SELECT,255,0.562,1.021,1.583,20.641
r07,r07_OFF,OFF,native,OPERATE,256,1.498,1.939,3.437,0.369
r07,r07_OFF,OFF,native,READ,257,0.551,2.111,2.662,20.563
r07,r07_OFF,OFF,native,READ,258,0.568,1.154,1.722,20.505
r07,r07_OFF,OFF,native,READ,259,0.535,1.097,1.632,20.493
r07,r07_OFF,OFF,native,READ,260,1.567,1.114,2.681,20.509
r07,r07_OFF,OFF,native,READ,261,0.518,1.108,1.626,20.498
r07,r07_OFF,OFF,native,READ,262,0.561,2.392,2.953,20.511
r07,r07_OFF,OFF,native,READ,263,3.837,1.145,4.982,20.533
r07,r07_OFF,OFF,native,READ,264,0.503,1.163,1.666,20.414
r07,r07_OFF,OFF,native,SELECT,265,0.522,6.426,6.948,20.62
r07,r07_OFF,OFF,native,OPERATE,266,0.492,4.507,4.999,0.353
r07,r07_OFF,OFF,native,READ,267,0.515,3.125,3.64,20.544
r07,r07_OFF,OFF,native,READ,268,3.367,6.146,9.513,20.529
r07,r07_OFF,OFF,native,READ,269,0.53,3.918,4.448,20.511
r07,r07_OFF,OFF,native,READ,270,0.528,3.897,4.425,20.509
r07,r07_OFF,OFF,native,READ,271,0.571,4.044,4.615,20.494
r07,r07_OFF,OFF,native,SELECT,272,2.794,1.62,4.414,20.632
r07,r07_OFF,OFF,native,OPERATE,273,1.604,4.704,6.308,0.367
r07,r07_OFF,OFF,native,READ,274,0.452,1.17,1.622,20.547
r07,r07_OFF,OFF,native,READ,275,0.562,2.101,2.663,20.52
r07,r07_OFF,OFF,native,READ,276,0.464,1.234,1.698,20.499
r07,r07_OFF,OFF,native,READ,277,0.494,1.147,1.641,20.565
r07,r07_OFF,OFF,native,READ,278,0.451,2.376,2.827,20.491
r07,r07_OFF,OFF,native,READ,279,0.534,1.09,1.624,20.496
r07,r07_OFF,OFF,native,READ,280,0.57,2.129,2.699,20.509
r07,r07_OFF,OFF,native,SELECT,281,0.453,1.102,1.555,20.597
r07,r07_OFF,OFF,native,OPERATE,282,0.488,2.934,3.422,0.374
r07,r07_OFF,OFF,native,READ,283,0.486,1.177,1.663,20.543
r07,r07_OFF,OFF,native,READ,284,1.599,1.102,2.701,20.508
r07,r07_OFF,OFF,native,READ,285,0.471,1.148,1.619,20.505
r07,r07_OFF,OFF,native,READ,286,0.57,2.083,2.653,20.497
r07,r07_OFF,OFF,native,READ,287,0.547,1.107,1.654,20.483
r07,r07_OFF,OFF,native,SELECT,288,0.589,4.878,5.467,20.648
r07,r07_OFF,OFF,native,OPERATE,289,1.121,1.982,3.103,0.351
r07,r07_OFF,OFF,native,READ,290,0.459,11.002,11.461,20.537
r07,r07_OFF,OFF,native,READ,291,0.554,4.09,4.644,20.491
r07,r07_OFF,OFF,native,READ,292,0.495,13.229,13.724,20.488
r07,r07_OFF,OFF,native,READ,293,0.571,4.206,4.777,20.506
r07,r07_OFF,OFF,native,READ,294,0.488,3.926,4.414,20.498
r07,r07_OFF,OFF,native,SELECT,295,0.535,3.723,4.258,20.633
r07,r07_OFF,OFF,native,OPERATE,296,0.565,5.917,6.482,0.35
r07,r07_OFF,OFF,native,READ,297,0.568,1.106,1.674,20.55
r07,r07_OFF,OFF,native,READ,298,0.489,2.183,2.672,20.535
r07,r07_OFF,OFF,native,READ,299,0.492,1.231,1.723,20.499
r07,r07_OFF,OFF,native,READ,300,0.496,1.17,1.666,20.474
r07,r07_OFF,OFF,native,READ,301,0.537,2.129,2.666,20.492
r07,r07_OFF,OFF,native,READ,302,0.565,1.102,1.667,20.557
r07,r07_OFF,OFF,native,READ,303,0.519,2.111,2.63,20.507
r07,r07_OFF,OFF,native,SELECT,304,0.575,1.033,1.608,20.602
r07,r07_OFF,OFF,native,OPERATE,305,0.564,2.955,3.519,0.371
r07,r07_OFF,OFF,native,READ,306,0.57,1.095,1.665,20.56
r07,r07_OFF,OFF,native,READ,307,1.607,5.074,6.681,20.496
r07,r07_OFF,OFF,native,READ,308,0.496,8.441,8.937,20.499
r07,r07_OFF,OFF,native,READ,309,0.555,13.323,13.878,20.524
r07,r07_OFF,OFF,native,READ,310,0.556,4.531,5.087,20.516
r07,r07_OFF,OFF,native,READ,311,1.543,2.925,4.468,20.578
r07,r07_OFF,OFF,native,SELECT,312,1.585,2.892,4.477,20.607
r07,r07_OFF,OFF,native,OPERATE,313,1.163,1.904,3.067,0.369
r07,r07_OFF,OFF,native,READ,314,0.537,6.377,6.914,20.546
r07,r07_OFF,OFF,native,READ,315,0.503,4.094,4.597,20.537
r07,r07_OFF,OFF,native,READ,316,0.577,4.105,4.682,20.51
r07,r07_OFF,OFF,native,READ,317,0.458,4.377,4.835,20.499
r07,r07_OFF,OFF,native,READ,318,0.553,3.303,3.856,20.497
r07,r07_OFF,OFF,native,READ,319,0.493,1.166,1.659,20.512
r07,r07_OFF,OFF,native,SELECT,320,0.496,2.079,2.575,20.643
r07,r07_OFF,OFF,native,OPERATE,321,0.454,1.981,2.435,0.352
r07,r07_OFF,OFF,native,READ,322,0.442,2.136,2.578,20.559
r07,r07_OFF,OFF,native,READ,323,0.503,1.198,1.701,20.503
r07,r07_OFF,OFF,native,READ,324,0.46,4.464,4.924,20.518
r07,r07_OFF,OFF,native,READ,325,2.961,1.552,4.513,20.526
r07,r07_OFF,OFF,native,READ,326,0.464,2.505,2.969,20.508
r07,r07_OFF,OFF,native,SELECT,327,0.51,1.041,1.551,20.617
r07,r07_OFF,OFF,native,OPERATE,328,1.536,1.907,3.443,0.351
r07,r07_OFF,OFF,native,READ,329,0.555,2.11,2.665,20.54
r07,r07_OFF,OFF,native,READ,330,0.565,1.11,1.675,20.501
r07,r07_OFF,OFF,native,READ,331,0.548,1.102,1.65,20.5
r07,r07_OFF,OFF,native,READ,332,1.618,1.088,2.706,20.526
r07,r07_OFF,OFF,native,READ,333,0.448,1.171,1.619,20.498
r07,r07_OFF,OFF,native,READ,334,0.504,2.403,2.907,20.5
r07,r07_OFF,OFF,native,READ,335,2.294,2.254,4.548,20.498
r07,r07_OFF,OFF,native,READ,336,0.562,3.913,4.475,20.495
r07,r07_OFF,OFF,native,READ,337,0.501,6.139,6.64,20.421
r07,r07_OFF,OFF,native,SELECT,338,1.694,4.773,6.467,20.64
r07,r07_OFF,OFF,native,OPERATE,339,0.575,4.853,5.428,0.349
r07,r07_OFF,OFF,native,READ,340,0.592,3.191,3.783,20.555
r07,r07_OFF,OFF,native,READ,341,0.528,4.046,4.574,20.493
r07,r07_OFF,OFF,native,READ,342,0.56,2.054,2.614,20.501
r07,r07_OFF,OFF,native,READ,343,0.633,1.093,1.726,20.513
r07,r07_OFF,OFF,native,READ,344,0.496,1.153,1.649,20.493
r07,r07_OFF,OFF,native,SELECT,345,0.522,2.174,2.696,20.6
r07,r07_OFF,OFF,native,OPERATE,346,0.486,2.965,3.451,0.349
r07,r07_OFF,OFF,native,READ,347,0.548,1.12,1.668,20.492
r07,r07_OFF,OFF,native,READ,348,0.557,2.073,2.63,20.499
r07,r07_OFF,OFF,native,READ,349,0.569,1.099,1.668,20.518
r07,r07_OFF,OFF,native,READ,350,0.508,1.181,1.689,20.474
r07,r07_OFF,OFF,native,READ,351,0.56,2.068,2.628,20.489
r07,r07_OFF,OFF,native,SELECT,352,0.559,1.049,1.608,20.673
r07,r07_OFF,OFF,native,OPERATE,353,1.477,1.856,3.333,0.352
r07,r07_OFF,OFF,native,READ,354,0.507,2.08,2.587,20.541
r07,r07_OFF,OFF,native,READ,355,0.735,1.075,1.81,20.5
r07,r07_OFF,OFF,native,READ,356,0.558,1.101,1.659,20.492
r07,r07_OFF,OFF,native,READ,357,0.562,2.09,2.652,20.501
r07,r07_OFF,OFF,native,READ,358,0.493,4.827,5.32,20.517
r07,r07_OFF,OFF,native,READ,359,0.566,3.944,4.51,20.521
r07,r07_OFF,OFF,native,READ,360,0.574,3.924,4.498,20.49
r07,r07_OFF,OFF,native,SELECT,361,0.53,3.799,4.329,20.626
r07,r07_OFF,OFF,native,OPERATE,362,0.45,6.176,6.626,0.349
r07,r07_OFF,OFF,native,READ,363,0.568,1.961,2.529,20.561
r07,r07_OFF,OFF,native,READ,364,0.579,4.07,4.649,20.489
r07,r07_OFF,OFF,native,READ,365,0.568,3.749,4.317,20.511
r07,r07_OFF,OFF,native,READ,366,0.567,2.122,2.689,20.525
r07,r07_OFF,OFF,native,READ,367,0.557,1.101,1.658,20.511
r07,r07_OFF,OFF,native,READ,368,0.55,2.065,2.615,20.49
r07,r07_OFF,OFF,native,READ,369,4.633,1.322,5.955,20.493
r07,r07_OFF,OFF,native,READ,370,0.568,1.102,1.67,20.524
r07,r07_OFF,OFF,native,READ,371,0.525,2.158,2.683,20.493
r07,r07_OFF,OFF,native,SELECT,372,0.485,1.107,1.592,20.609
r07,r07_OFF,OFF,native,OPERATE,373,1.577,1.825,3.402,0.349
r07,r07_OFF,OFF,native,READ,374,0.568,2.116,2.684,20.568
r07,r07_OFF,OFF,native,READ,375,0.531,1.14,1.671,20.51
r07,r07_OFF,OFF,native,READ,376,0.562,1.11,1.672,20.491
r07,r07_OFF,OFF,native,READ,377,1.568,1.097,2.665,20.566
r07,r07_OFF,OFF,native,READ,378,0.556,1.133,1.689,20.508
r07,r07_OFF,OFF,native,READ,379,3.672,1.265,4.937,20.522
r07,r07_OFF,OFF,native,READ,380,1.47,4.378,5.848,20.472
r07,r07_OFF,OFF,native,READ,381,0.571,3.907,4.478,20.496
r07,r07_OFF,OFF,native,SELECT,382,0.495,2.708,3.203,20.599
r07,r07_OFF,OFF,native,OPERATE,383,1.244,1.914,3.158,0.355
r07,r07_OFF,OFF,native,READ,384,4.603,2.624,7.227,20.526
r07,r07_OFF,OFF,native,READ,385,0.495,3.887,4.382,20.493
r07,r07_OFF,OFF,native,READ,386,0.575,5.904,6.479,20.521
r07,r07_OFF,OFF,native,READ,387,1.647,5.22,6.867,20.516
r07,r07_OFF,OFF,native,READ,388,3.817,1.169,4.986,20.49
r07,r07_OFF,OFF,native,READ,389,0.567,1.098,1.665,20.497
r07,r07_OFF,OFF,native,SELECT,390,1.508,1.038,2.546,20.635
r07,r07_OFF,OFF,native,OPERATE,391,0.487,2.999,3.486,0.37
r07,r07_OFF,OFF,native,READ,392,0.464,1.18,1.644,20.545
r07,r07_OFF,OFF,native,READ,393,0.56,2.115,2.675,20.517
r07,r07_OFF,OFF,native,READ,394,0.469,1.169,1.638,20.492
r07,r07_OFF,OFF,native,READ,395,0.55,1.179,1.729,20.495
r07,r07_OFF,OFF,native,READ,396,0.518,2.018,2.536,20.496
r07,r07_OFF,OFF,native,SELECT,397,0.58,1.027,1.607,20.62
r07,r07_OFF,OFF,native,OPERATE,398,1.495,1.839,3.334,0.365
r07,r07_OFF,OFF,native,READ,399,0.515,2.104,2.619,20.547
r07,r07_OFF,OFF,native,READ,400,0.701,1.158,1.859,20.507
r07,r07_OFF,OFF,native,READ,401,0.499,1.169,1.668,20.513
r07,r07_OFF,OFF,native,READ,402,0.517,2.091,2.608,20.546
r07,r07_OFF,OFF,native,READ,403,0.48,1.163,1.643,20.508
r07,r07_OFF,OFF,native,READ,404,0.521,2.686,3.207,20.501
r07,r07_OFF,OFF,native,SELECT,405,0.498,3.846,4.344,20.622
r07,r07_OFF,OFF,native,OPERATE,406,0.501,4.674,5.175,0.349
r07,r07_OFF,OFF,native,READ,407,0.522,2.979,3.501,20.578
r07,r07_OFF,OFF,native,READ,408,0.574,3.962,4.536,20.493
r07,r07_OFF,OFF,native,READ,409,0.58,3.875,4.455,20.492
r07,r07_OFF,OFF,native,READ,410,0.578,3.96,4.538,20.528
r07,r07_OFF,OFF,native,READ,411,0.499,4.098,4.597,20.496
r07,r07_OFF,OFF,native,SELECT,412,0.488,1.104,1.592,20.637
r07,r07_OFF,OFF,native,OPERATE,413,1.267,1.878,3.145,0.35
r07,r07_OFF,OFF,native,READ,414,0.545,2.085,2.63,20.564
r07,r07_OFF,OFF,native,READ,415,0.565,1.103,1.668,20.497
r07,r07_OFF,OFF,native,READ,416,0.482,1.173,1.655,20.512
r07,r07_OFF,OFF,native,READ,417,1.534,1.096,2.63,20.508
r07,r07_OFF,OFF,native,READ,418,0.49,1.095,1.585,20.502
r07,r07_OFF,OFF,native,READ,419,0.454,2.177,2.631,20.443
r07,r07_OFF,OFF,native,SELECT,420,0.572,1.049,1.621,20.601
r07,r07_OFF,OFF,native,OPERATE,421,0.494,2.912,3.406,0.352
r07,r07_OFF,OFF,native,READ,422,0.576,1.252,1.828,20.538
r07,r07_OFF,OFF,native,READ,423,1.488,1.148,2.636,20.491
r07,r07_OFF,OFF,native,READ,424,0.616,1.099,1.715,20.529
r07,r07_OFF,OFF,native,READ,425,0.496,2.178,2.674,20.494
r07,r07_OFF,OFF,native,READ,426,0.492,1.195,1.687,20.5
r07,r07_OFF,OFF,native,READ,427,0.556,2.051,2.607,20.557
r07,r07_OFF,OFF,native,READ,428,0.545,5.023,5.568,20.533
r07,r07_OFF,OFF,native,READ,429,0.505,4.028,4.533,20.501
r07,r07_OFF,OFF,native,SELECT,430,0.507,3.79,4.297,20.597
r07,r07_OFF,OFF,native,OPERATE,431,0.526,4.97,5.496,0.351
r07,r07_OFF,OFF,native,READ,432,0.524,3.246,3.77,20.548
r07,r07_OFF,OFF,native,READ,433,0.541,3.874,4.415,20.514
r07,r07_OFF,OFF,native,READ,434,0.502,4.151,4.653,20.503
r07,r07_OFF,OFF,native,READ,435,0.492,10.067,10.559,20.534
r07,r07_OFF,OFF,native,READ,436,0.628,1.161,1.789,20.489
r07,r07_OFF,OFF,native,SELECT,437,0.507,1.095,1.602,20.599
r07,r07_OFF,OFF,native,OPERATE,438,1.373,1.875,3.248,0.35
r07,r07_OFF,OFF,native,READ,439,0.552,2.077,2.629,20.535
r07,r07_OFF,OFF,native,READ,440,0.499,1.178,1.677,20.49
r07,r07_OFF,OFF,native,READ,441,0.55,1.089,1.639,20.492
r07,r07_OFF,OFF,native,READ,442,1.497,1.139,2.636,20.514
r07,r07_OFF,OFF,native,READ,443,3.724,1.096,4.82,20.509
r07,r07_OFF,OFF,native,READ,444,0.491,1.17,1.661,20.493
r07,r07_OFF,OFF,native,READ,445,0.479,2.375,2.854,20.491
r07,r07_OFF,OFF,native,READ,446,0.56,1.102,1.662,20.497
r07,r07_OFF,OFF,native,READ,447,0.508,2.141,2.649,20.528
r07,r07_OFF,OFF,native,SELECT,448,0.573,3.652,4.225,20.564
r07,r07_OFF,OFF,native,OPERATE,449,0.575,4.671,5.246,0.352
r07,r07_OFF,OFF,native,READ,450,0.519,1.086,1.605,20.54
r07,r07_OFF,OFF,native,READ,451,1.526,5.082,6.608,20.494
r07,r07_OFF,OFF,native,READ,452,0.579,3.986,4.565,20.573
r07,r07_OFF,OFF,native,READ,453,0.495,3.882,4.377,20.518
r07,r07_OFF,OFF,native,READ,454,0.576,3.873,4.449,20.507
r07,r07_OFF,OFF,native,READ,455,0.577,3.975,4.552,20.497
r07,r07_OFF,OFF,native,READ,456,0.573,3.845,4.418,20.472
r07,r07_OFF,OFF,native,READ,457,0.528,4.187,4.715,20.424
r07,r07_OFF,OFF,native,READ,458,0.554,1.101,1.655,20.493
r07,r07_OFF,OFF,native,SELECT,459,0.569,2.035,2.604,20.62
r07,r07_OFF,OFF,native,OPERATE,460,0.451,2.995,3.446,0.37
r07,r07_OFF,OFF,native,READ,461,0.521,1.1,1.621,20.543
r07,r07_OFF,OFF,native,READ,462,0.492,5.257,5.749,20.517
r07,r07_OFF,OFF,native,READ,463,0.48,2.127,2.607,20.499
r07,r07_OFF,OFF,native,READ,464,0.494,1.095,1.589,20.512
r07,r07_OFF,OFF,native,READ,465,0.548,2.11,2.658,20.507
r07,r07_OFF,OFF,native,SELECT,466,0.503,1.178,1.681,20.655
r07,r07_OFF,OFF,native,OPERATE,467,0.488,2.896,3.384,0.37
r07,r07_OFF,OFF,native,READ,468,0.635,1.099,1.734,20.554
r07,r07_OFF,OFF,native,READ,469,0.444,2.142,2.586,20.515
r07,r07_OFF,OFF,native,READ,470,0.537,1.165,1.702,20.494
r07,r07_OFF,OFF,native,READ,471,0.529,2.112,2.641,20.493
r07,r07_OFF,OFF,native,READ,472,4.391,1.106,5.497,20.511
r07,r07_OFF,OFF,native,READ,473,0.562,1.101,1.663,20.495
r07,r07_OFF,OFF,native,SELECT,474,0.455,12.064,12.519,20.635
r07,r07_OFF,OFF,native,OPERATE,475,1.576,9.748,11.324,0.349
r07,r07_OFF,OFF,native,READ,476,0.537,7.336,7.873,20.542
r07,r07_OFF,OFF,native,READ,477,0.491,8.932,9.423,20.562
r07,r07_OFF,OFF,native,READ,478,0.538,8.961,9.499,20.498
r07,r07_OFF,OFF,native,READ,479,0.555,9.837,10.392,20.491
r07,r07_OFF,OFF,native,READ,480,2.188,7.531,9.719,20.452
r07,r07_OFF,OFF,native,READ,481,0.624,3.776,4.4,20.496
r07,r07_OFF,OFF,native,SELECT,482,0.567,3.746,4.313,20.622
r07,r07_OFF,OFF,native,OPERATE,483,0.502,4.15,4.652,0.349
r07,r07_OFF,OFF,native,READ,484,0.459,3.21,3.669,20.56
r07,r07_OFF,OFF,native,READ,485,0.561,3.911,4.472,20.521
r07,r07_OFF,OFF,native,READ,486,0.491,1.169,1.66,20.523
r07,r07_OFF,OFF,native,READ,487,0.455,2.179,2.634,20.49
r07,r07_OFF,OFF,native,READ,488,0.498,1.167,1.665,20.474
r07,r07_OFF,OFF,native,READ,489,0.537,1.109,1.646,20.491
r07,r07_OFF,OFF,native,SELECT,490,1.557,4.222,5.779,20.555
r07,r07_OFF,OFF,native,OPERATE,491,0.568,6.08,6.648,0.382
r07,r07_OFF,OFF,native,READ,492,1.711,4.851,6.562,20.562
r07,r07_OFF,OFF,native,READ,493,0.502,8.812,9.314,20.516
r07,r07_OFF,OFF,native,READ,494,3.128,1.478,4.606,20.502
r07,r07_OFF,OFF,native,READ,495,0.569,3.872,4.441,20.495
r07,r07_OFF,OFF,native,READ,496,0.504,3.996,4.5,20.493
r07,r07_OFF,OFF,native,SELECT,497,0.492,3.766,4.258,20.602
r07,r07_OFF,OFF,native,OPERATE,498,0.5,6.064,6.564,0.352
r07,r07_OFF,OFF,native,READ,499,1.013,1.638,2.651,20.577
r07,r07_OFF,OFF,native,READ,500,0.578,3.892,4.47,20.492
r07,r07_OFF,OFF,native,READ,501,0.576,3.921,4.497,20.496
r07,r07_OFF,OFF,native,READ,502,0.55,4.043,4.593,20.557
r07,r07_OFF,OFF,native,READ,503,0.491,2.14,2.631,20.557
r07,r07_OFF,OFF,native,READ,504,0.584,1.101,1.685,20.49
r07,r07_OFF,OFF,native,READ,505,0.553,2.106,2.659,20.496
r07,r07_OFF,OFF,native,READ,506,0.498,1.157,1.655,20.496
r07,r07_OFF,OFF,native,SELECT,507,0.574,1.008,1.582,20.641
r07,r07_OFF,OFF,native,OPERATE,508,1.207,1.807,3.014,0.374
r07,r07_OFF,OFF,native,READ,509,0.492,2.129,2.621,20.527
r07,r07_OFF,OFF,native,READ,510,0.45,1.166,1.616,20.491
r07,r07_OFF,OFF,native,READ,511,0.591,1.079,1.67,20.506
r07,r07_OFF,OFF,native,READ,512,0.516,2.066,2.582,20.507
r07,r07_OFF,OFF,native,READ,513,0.561,1.133,1.694,20.525
r07,r07_OFF,OFF,native,SELECT,514,0.506,2.069,2.575,20.622
r07,r07_OFF,OFF,native,OPERATE,515,0.482,2.91,3.392,0.351
r07,r07_OFF,OFF,native,READ,516,0.502,1.165,1.667,20.558
r07,r07_OFF,OFF,native,READ,517,0.72,1.147,1.867,20.49
r07,r07_OFF,OFF,native,READ,518,1.485,1.141,2.626,20.485
r07,r07_OFF,OFF,native,READ,519,0.569,5.164,5.733,20.496
r07,r07_OFF,OFF,native,READ,520,0.534,3.957,4.491,20.505
r07,r07_OFF,OFF,native,READ,521,0.525,4.022,4.547,20.499
r07,r07_OFF,OFF,native,SELECT,522,0.582,3.722,4.304,20.617
r07,r07_OFF,OFF,native,OPERATE,523,1.526,4.895,6.421,0.37
r07,r07_OFF,OFF,native,READ,524,0.531,2.152,2.683,20.558
r07,r07_OFF,OFF,native,READ,525,1.578,4.043,5.621,20.499
r07,r07_OFF,OFF,native,READ,526,0.545,3.872,4.417,20.518
r07,r07_OFF,OFF,native,READ,527,0.567,1.173,1.74,20.574
r07,r07_OFF,OFF,native,READ,528,4.559,1.18,5.739,20.505
r07,r07_OFF,OFF,native,READ,529,0.564,2.119,2.683,20.491
r07,r07_OFF,OFF,native,SELECT,530,0.74,1.034,1.774,20.647
r07,r07_OFF,OFF,native,OPERATE,531,1.581,1.804,3.385,0.363
r07,r07_OFF,OFF,native,READ,532,0.55,2.105,2.655,20.594
r07,r07_OFF,OFF,native,READ,533,0.454,1.185,1.639,20.502
r07,r07_OFF,OFF,native,READ,534,0.569,1.096,1.665,20.499
r07,r07_OFF,OFF,native,READ,535,0.511,2.111,2.622,20.493
r07,r07_OFF,OFF,native,READ,536,0.557,1.098,1.655,20.493
r07,r07_OFF,OFF,native,READ,537,0.449,2.155,2.604,20.495
r07,r07_OFF,OFF,native,READ,538,4.166,1.107,5.273,20.515
r07,r07_OFF,OFF,native,READ,539,0.558,1.103,1.661,20.491
r07,r07_OFF,OFF,native,SELECT,540,0.717,2.033,2.75,20.627
r07,r07_OFF,OFF,native,OPERATE,541,0.568,2.808,3.376,0.365
r07,r07_OFF,OFF,native,READ,542,0.569,4.536,5.105,20.544
r07,r07_OFF,OFF,native,READ,543,0.493,13.098,13.591,20.503
r07,r07_OFF,OFF,native,READ,544,0.523,4.452,4.975,20.498
r07,r07_OFF,OFF,native,READ,545,0.496,3.939,4.435,20.459
r07,r07_OFF,OFF,native,READ,546,0.496,3.934,4.43,20.497
r07,r07_OFF,OFF,native,SELECT,547,2.835,1.511,4.346,20.605
r07,r07_OFF,OFF,native,OPERATE,548,0.569,5.959,6.528,0.353
r07,r07_OFF,OFF,native,READ,549,0.574,2.147,2.721,20.582
r07,r07_OFF,OFF,native,READ,550,1.572,1.101,2.673,20.525
r07,r07_OFF,OFF,native,READ,551,0.686,1.144,1.83,20.471
r07,r07_OFF,OFF,native,READ,552,0.577,7.12,7.697,20.552
r07,r07_OFF,OFF,native,READ,553,0.53,1.088,1.618,20.51
r07,r07_OFF,OFF,native,READ,554,1.531,1.145,2.676,20.496
r07,r07_OFF,OFF,native,READ,555,0.478,1.167,1.645,20.451
r07,r07_OFF,OFF,native,SELECT,556,0.496,2.272,2.768,20.601
r07,r07_OFF,OFF,native,OPERATE,557,0.486,2.872,3.358,0.349
r07,r07_OFF,OFF,native,READ,558,0.578,1.201,1.779,20.536
r07,r07_OFF,OFF,native,READ,559,0.498,1.119,1.617,20.489
r07,r07_OFF,OFF,native,READ,560,1.577,1.065,2.642,20.493
r07,r07_OFF,OFF,native,READ,561,0.45,1.176,1.626,20.534
r07,r07_OFF,OFF,native,READ,562,4.738,2.274,7.012,20.499
r07,r07_OFF,OFF,native,READ,563,0.493,1.099,1.592,20.499
r07,r07_OFF,OFF,native,READ,564,0.567,2.288,2.855,20.504
r07,r07_OFF,OFF,native,READ,565,0.576,3.976,4.552,20.493
r07,r07_OFF,OFF,native,READ,566,0.502,4.014,4.516,20.497
r07,r07_OFF,OFF,native,SELECT,567,0.581,4.027,4.608,20.608
r07,r07_OFF,OFF,native,OPERATE,568,0.506,4.281,4.787,0.352
r07,r07_OFF,OFF,native,READ,569,0.575,3.295,3.87,20.548
r07,r07_OFF,OFF,native,READ,570,0.566,3.797,4.363,20.522
r07,r07_OFF,OFF,native,READ,571,0.574,3.894,4.468,20.495
r07,r07_OFF,OFF,native,READ,572,0.576,1.521,2.097,20.497
r07,r07_OFF,OFF,native,READ,573,0.498,2.146,2.644,20.492
r07,r07_OFF,OFF,native,SELECT,574,0.565,1.038,1.603,20.6
r07,r07_OFF,OFF,native,OPERATE,575,0.493,2.939,3.432,0.353
r07,r07_OFF,OFF,native,READ,576,0.564,2.267,2.831,20.545
r07,r07_OFF,OFF,native,READ,577,0.531,1.087,1.618,20.576
r07,r07_OFF,OFF,native,READ,578,0.574,1.099,1.673,20.491
r07,r07_OFF,OFF,native,READ,579,0.438,2.182,2.62,20.518
r07,r07_OFF,OFF,native,READ,580,0.529,1.17,1.699,20.489
r07,r07_OFF,OFF,native,SELECT,581,0.505,2.02,2.525,20.606
r07,r07_OFF,OFF,native,OPERATE,582,0.492,2.95,3.442,0.35
r07,r07_OFF,OFF,native,READ,583,0.498,1.229,1.727,20.55
r07,r07_OFF,OFF,native,READ,584,0.499,1.174,1.673,20.496
r07,r07_OFF,OFF,native,READ,585,0.522,2.296,2.818,20.526
r07,r07_OFF,OFF,native,READ,586,0.495,1.21,1.705,20.517
r07,r07_OFF,OFF,native,READ,587,0.719,2.101,2.82,20.45
r07,r07_OFF,OFF,native,SELECT,588,0.576,3.923,4.499,20.602
r07,r07_OFF,OFF,native,OPERATE,589,0.5,4.269,4.769,0.301
r07,r07_OFF,OFF,native,READ,590,0.519,3.105,3.624,20.564
r07,r07_OFF,OFF,native,READ,591,0.564,3.941,4.505,20.504
r07,r07_OFF,OFF,native,READ,592,3.911,5.637,9.548,20.502
r07,r07_OFF,OFF,native,READ,593,0.574,3.964,4.538,20.535
r07,r07_OFF,OFF,native,READ,594,0.499,3.859,4.358,20.525
r07,r07_OFF,OFF,native,SELECT,595,0.503,3.893,4.396,20.601
r07,r07_OFF,OFF,native,OPERATE,596,0.572,5.812,6.384,0.399
r07,r07_OFF,OFF,native,READ,597,0.525,1.156,1.681,20.57
r07,r07_OFF,OFF,native,READ,598,0.484,1.169,1.653,20.494
r07,r07_OFF,OFF,native,READ,599,1.461,1.117,2.578,20.5
r07,r07_OFF,OFF,native,READ,600,0.494,1.128,1.622,20.493
r07,r07_OFF,OFF,native,READ,601,0.462,2.21,2.672,20.469
r07,r07_OFF,OFF,native,READ,602,0.567,1.099,1.666,20.558
r07,r07_OFF,OFF,native,SELECT,603,0.566,2.062,2.628,20.645
r07,r07_OFF,OFF,native,OPERATE,604,0.449,1.927,2.376,0.373
r07,r07_OFF,OFF,native,READ,605,0.52,2.273,2.793,20.557
r07,r07_OFF,OFF,native,READ,606,0.476,1.172,1.648,20.514
r07,r07_OFF,OFF,native,READ,607,0.513,2.216,2.729,20.49
r07,r07_OFF,OFF,native,READ,608,0.555,1.089,1.644,20.48
r07,r07_OFF,OFF,native,READ,609,0.555,2.071,2.626,20.492
r07,r07_OFF,OFF,native,SELECT,610,0.454,1.105,1.559,20.612
r07,r07_OFF,OFF,native,OPERATE,611,0.556,2.825,3.381,0.366
r07,r07_OFF,OFF,native,READ,612,0.549,1.148,1.697,20.544
r07,r07_OFF,OFF,native,READ,613,0.575,4.032,4.607,20.508
r07,r07_OFF,OFF,native,READ,614,0.574,3.928,4.502,20.498
r07,r07_OFF,OFF,native,READ,615,0.573,4.031,4.604,20.484
r07,r07_OFF,OFF,native,READ,616,0.503,4.055,4.558,20.532
r07,r07_OFF,OFF,native,SELECT,617,0.502,3.64,4.142,20.616
r07,r07_OFF,OFF,native,OPERATE,618,1.467,5.143,6.61,0.368
r07,r07_OFF,OFF,native,READ,619,0.499,3.065,3.564,20.558
r07,r07_OFF,OFF,native,READ,620,0.554,3.938,4.492,20.513
r07,r07_OFF,OFF,native,READ,621,0.532,1.094,1.626,20.532
r07,r07_OFF,OFF,native,READ,622,0.584,1.082,1.666,20.49
r07,r07_OFF,OFF,native,READ,623,0.502,2.141,2.643,20.5
r07,r07_OFF,OFF,native,SELECT,624,0.537,0.985,1.522,20.597
r07,r07_OFF,OFF,native,OPERATE,625,0.446,3.013,3.459,0.293
r07,r07_OFF,OFF,native,READ,626,0.449,1.17,1.619,20.47
r07,r07_OFF,OFF,native,READ,627,1.454,5.304,6.758,20.546
r07,r07_OFF,OFF,native,READ,628,0.548,1.106,1.654,20.518
r07,r07_OFF,OFF,native,READ,629,0.566,2.233,2.799,20.496
r07,r07_OFF,OFF,native,READ,630,0.45,1.174,1.624,20.493
r07,r07_OFF,OFF,native,SELECT,631,0.567,2.057,2.624,20.603
r07,r07_OFF,OFF,native,OPERATE,632,0.488,1.897,2.385,0.304
r07,r07_OFF,OFF,native,READ,633,1.636,1.092,2.728,20.535
r07,r07_OFF,OFF,native,READ,634,0.526,1.094,1.62,20.492
r07,r07_OFF,OFF,native,READ,635,0.57,2.092,2.662,20.444
r07,r07_OFF,OFF,native,READ,636,0.586,4.159,4.745,20.496
r07,r07_OFF,OFF,native,READ,637,2.008,2.544,4.552,20.497
r07,r07_OFF,OFF,native,READ,638,0.567,4.745,5.312,20.53
r07,r07_OFF,OFF,native,READ,639,0.553,2.983,3.536,20.6
r07,r07_OFF,OFF,native,READ,640,0.533,4.085,4.618,20.473
r07,r07_OFF,OFF,native,READ,641,0.541,12.648,13.189,20.531
r07,r07_OFF,OFF,native,SELECT,642,0.502,9.048,9.55,20.618
r07,r07_OFF,OFF,native,OPERATE,643,1.415,9.87,11.285,0.371
r07,r07_OFF,OFF,native,READ,644,0.575,3.176,3.751,20.571
r07,r07_OFF,OFF,native,READ,645,0.532,4.012,4.544,20.503
r07,r07_OFF,OFF,native,READ,646,0.461,4.122,4.583,20.507
r07,r07_OFF,OFF,native,READ,647,0.498,1.169,1.667,20.524
r07,r07_OFF,OFF,native,READ,648,0.566,2.044,2.61,20.485
r07,r07_OFF,OFF,native,READ,649,0.459,1.172,1.631,20.453
r07,r07_OFF,OFF,native,SELECT,650,0.568,1.037,1.605,20.602
r07,r07_OFF,OFF,native,OPERATE,651,1.254,1.905,3.159,0.349
r07,r07_OFF,OFF,native,READ,652,0.441,2.189,2.63,20.591
r07,r07_OFF,OFF,native,READ,653,0.569,1.138,1.707,20.498
r07,r07_OFF,OFF,native,READ,654,0.521,1.105,1.626,20.495
r07,r07_OFF,OFF,native,READ,655,1.511,1.163,2.674,20.496
r07,r07_OFF,OFF,native,READ,656,0.457,1.153,1.61,20.513
r07,r07_OFF,OFF,native,SELECT,657,0.494,2.21,2.704,20.629
r07,r07_OFF,OFF,native,OPERATE,658,0.496,4.639,5.135,0.35
r07,r07_OFF,OFF,native,READ,659,0.559,8.071,8.63,20.546
r07,r07_OFF,OFF,native,READ,660,0.556,18.603,19.159,20.497
r07,r07_OFF,OFF,native,READ,661,0.555,4.932,5.487,20.497
r07,r07_OFF,OFF,native,READ,662,0.494,3.879,4.373,20.497
r07,r07_OFF,OFF,native,READ,663,0.565,3.939,4.504,20.493
r07,r07_OFF,OFF,native,SELECT,664,2.321,6.56,8.881,20.598
r07,r07_OFF,OFF,native,OPERATE,665,0.572,4.88,5.452,0.387
r07,r07_OFF,OFF,native,READ,666,1.566,2.13,3.696,20.542
r07,r07_OFF,OFF,native,READ,667,0.491,3.983,4.474,20.511
r07,r07_OFF,OFF,native,READ,668,0.486,2.184,2.67,20.519
r07,r07_OFF,OFF,native,READ,669,0.773,1.092,1.865,20.493
r07,r07_OFF,OFF,native,READ,670,0.53,2.066,2.596,20.49
r07,r07_OFF,OFF,native,SELECT,671,0.616,1.041,1.657,20.632
r07,r07_OFF,OFF,native,OPERATE,672,0.564,2.844,3.408,0.372
r07,r07_OFF,OFF,native,READ,673,0.487,1.17,1.657,20.538
r07,r07_OFF,OFF,native,READ,674,0.45,2.187,2.637,20.492
r07,r07_OFF,OFF,native,READ,675,0.497,1.174,1.671,20.524
r07,r07_OFF,OFF,native,READ,676,0.53,2.069,2.599,20.487
r07,r07_OFF,OFF,native,READ,677,0.763,1.102,1.865,20.478
r07,r07_OFF,OFF,native,READ,678,0.583,1.258,1.841,20.5
r07,r07_OFF,OFF,native,SELECT,679,2.779,1.253,4.032,20.619
r07,r07_OFF,OFF,native,OPERATE,680,1.604,1.864,3.468,0.353
r07,r07_OFF,OFF,native,READ,681,0.544,6.535,7.079,20.539
r07,r07_OFF,OFF,native,READ,682,0.562,3.848,4.41,20.51
r07,r07_OFF,OFF,native,READ,683,0.498,3.878,4.376,20.516
r07,r07_OFF,OFF,native,READ,684,2.084,2.52,4.604,20.497
r07,r07_OFF,OFF,native,READ,685,0.5,3.954,4.454,20.468
r07,r07_OFF,OFF,native,READ,686,0.503,4.022,4.525,20.491
r07,r07_OFF,OFF,native,READ,687,0.573,4.182,4.755,20.508
r07,r07_OFF,OFF,native,READ,688,0.525,1.096,1.621,20.492
r07,r07_OFF,OFF,native,SELECT,689,0.497,2.114,2.611,20.596
r07,r07_OFF,OFF,native,OPERATE,690,0.492,1.908,2.4,0.35
r07,r07_OFF,OFF,native,READ,691,1.573,1.076,2.649,20.558
r07,r07_OFF,OFF,native,READ,692,0.555,1.155,1.71,20.5
r07,r07_OFF,OFF,native,READ,693,0.509,2.152,2.661,20.491
r07,r07_OFF,OFF,native,READ,694,0.566,1.116,1.682,20.493
r07,r07_OFF,OFF,native,READ,695,0.561,2.098,2.659,20.516
r07,r07_OFF,OFF,native,READ,696,0.496,1.172,1.668,20.499
r07,r07_OFF,OFF,native,READ,697,0.569,1.098,1.667,20.495
r07,r07_OFF,OFF,native,SELECT,698,1.535,1.056,2.591,20.606
r07,r07_OFF,OFF,native,OPERATE,699,0.562,7.076,7.638,0.349
r07,r07_OFF,OFF,native,READ,700,0.453,1.182,1.635,20.582
r07,r07_OFF,OFF,native,READ,701,0.486,2.12,2.606,20.491
r07,r07_OFF,OFF,native,READ,702,0.453,1.159,1.612,20.59
r07,r07_OFF,OFF,native,READ,703,0.572,1.095,1.667,20.492
r07,r07_OFF,OFF,native,READ,704,0.549,6.334,6.883,20.495
r07,r07_OFF,OFF,native,SELECT,705,0.501,3.792,4.293,20.645
r07,r07_OFF,OFF,native,OPERATE,706,0.568,4.154,4.722,0.349
r07,r07_OFF,OFF,native,READ,707,0.568,3.142,3.71,20.564
r07,r07_OFF,OFF,native,READ,708,0.499,3.99,4.489,20.524
r07,r07_OFF,OFF,native,READ,709,0.495,3.915,4.41,20.517
r07,r07_OFF,OFF,native,READ,710,0.491,4.065,4.556,20.522
r07,r07_OFF,OFF,native,READ,711,0.49,4.089,4.579,20.533
r07,r07_OFF,OFF,native,READ,712,0.475,1.169,1.644,20.477
r07,r07_OFF,OFF,native,READ,713,0.622,2.269,2.891,20.495
r07,r07_OFF,OFF,native,SELECT,714,0.567,1.036,1.603,20.631
r07,r07_OFF,OFF,native,OPERATE,715,1.755,1.823,3.578,0.37
r07,r07_OFF,OFF,native,READ,716,0.559,2.101,2.66,20.554
r07,r07_OFF,OFF,native,READ,717,0.525,1.096,1.621,20.527
r07,r07_OFF,OFF,native,READ,718,0.502,1.184,1.686,20.488
r07,r07_OFF,OFF,native,READ,719,0.457,2.172,2.629,20.5
r07,r07_OFF,OFF,native,READ,720,0.559,1.165,1.724,20.494
r07,r07_OFF,OFF,native,READ,721,0.565,2.011,2.576,20.531
r07,r07_OFF,OFF,native,READ,722,0.57,1.149,1.719,20.499
r07,r07_OFF,OFF,native,READ,723,2.92,1.112,4.032,20.519
r07,r07_OFF,OFF,native,READ,724,0.565,1.095,1.66,20.506
r07,r07_OFF,OFF,native,SELECT,725,0.537,2.201,2.738,20.624
r07,r07_OFF,OFF,native,OPERATE,726,0.516,2.892,3.408,0.36
r07,r07_OFF,OFF,native,READ,727,0.52,1.105,1.625,20.552
r07,r07_OFF,OFF,native,READ,728,0.491,2.934,3.425,20.518
r07,r07_OFF,OFF,native,READ,729,0.497,4.028,4.525,20.514
r07,r07_OFF,OFF,native,READ,730,0.495,4.012,4.507,20.505
r07,r07_OFF,OFF,native,READ,731,0.493,4.025,4.518,20.494
r07,r07_OFF,OFF,native,SELECT,732,0.501,3.92,4.421,20.612
r07,r07_OFF,OFF,native,OPERATE,733,0.495,4.749,5.244,0.35
r07,r07_OFF,OFF,native,READ,734,0.578,3.215,3.793,20.609
r07,r07_OFF,OFF,native,READ,735,0.451,4.043,4.494,20.476
r07,r07_OFF,OFF,native,READ,736,0.447,1.171,1.618,20.508
r07,r07_OFF,OFF,native,READ,737,1.573,1.21,2.783,20.491
r07,r07_OFF,OFF,native,READ,738,0.521,1.128,1.649,20.496
r07,r07_OFF,OFF,native,SELECT,739,0.545,2.058,2.603,20.633
r07,r07_OFF,OFF,native,OPERATE,740,0.566,3.033,3.599,0.426
r07,r07_OFF,OFF,native,READ,741,0.516,1.098,1.614,20.563
r07,r07_OFF,OFF,native,READ,742,0.491,2.225,2.716,20.514
r07,r07_OFF,OFF,native,READ,743,0.531,1.147,1.678,20.492
r07,r07_OFF,OFF,native,READ,744,0.57,1.26,1.83,20.503
r07,r07_OFF,OFF,native,READ,745,1.579,1.094,2.673,20.525
r07,r07_OFF,OFF,native,READ,746,0.462,1.213,1.675,20.525
r07,r07_OFF,OFF,native,READ,747,0.496,2.138,2.634,20.492
r07,r07_OFF,OFF,native,SELECT,748,0.588,1.071,1.659,20.609
r07,r07_OFF,OFF,native,OPERATE,749,0.445,2.966,3.411,0.35
r07,r07_OFF,OFF,native,READ,750,0.448,1.168,1.616,20.462
r07,r07_OFF,OFF,native,READ,751,1.495,1.168,2.663,20.506
r07,r07_OFF,OFF,native,READ,752,0.528,4.35,4.878,20.559
r07,r07_OFF,OFF,native,READ,753,0.511,12.956,13.467,20.519
r07,r07_OFF,OFF,native,READ,754,0.501,6.014,6.515,20.446
r07,r07_OFF,OFF,native,SELECT,755,0.48,3.801,4.281,20.627
r07,r07_OFF,OFF,native,OPERATE,756,0.567,4.976,5.543,0.373
r07,r07_OFF,OFF,native,READ,757,0.558,3.11,3.668,20.539
r07,r07_OFF,OFF,native,READ,758,0.565,3.901,4.466,20.525
r07,r07_OFF,OFF,native,READ,759,0.563,1.096,1.659,20.537
r07,r07_OFF,OFF,native,READ,760,0.489,2.141,2.63,20.492
r07,r07_OFF,OFF,native,READ,761,0.497,1.154,1.651,20.501
r07,r07_OFF,OFF,native,READ,762,0.538,1.135,1.673,20.499
r07,r07_OFF,OFF,native,READ,763,1.53,1.1,2.63,20.502
r07,r07_OFF,OFF,native,READ,764,0.555,1.105,1.66,20.513
r07,r07_OFF,OFF,native,SELECT,765,0.505,2.133,2.638,20.63
r07,r07_OFF,OFF,native,OPERATE,766,0.495,2.849,3.344,0.355
r07,r07_OFF,OFF,native,READ,767,0.53,1.149,1.679,20.56
r07,r07_OFF,OFF,native,READ,768,0.483,1.172,1.655,20.511
r07,r07_OFF,OFF,native,READ,769,1.589,1.072,2.661,20.512
r07,r07_OFF,OFF,native,READ,770,0.562,1.097,1.659,20.491
r07,r07_OFF,OFF,native,READ,771,0.571,2.109,2.68,20.498
r07,r07_OFF,OFF,native,SELECT,772,0.533,1.023,1.556,20.599
r07,r07_OFF,OFF,native,OPERATE,773,0.485,3.01,3.495,0.379
r07,r07_OFF,OFF,native,READ,774,0.489,2.387,2.876,20.541
r07,r07_OFF,OFF,native,READ,775,0.622,4.731,5.353,20.425
r07,r07_OFF,OFF,native,READ,776,0.521,3.922,4.443,20.52
r07,r07_OFF,OFF,native,READ,777,0.496,3.917,4.413,20.585
r07,r07_OFF,OFF,native,READ,778,0.531,4.003,4.534,20.512
r07,r07_OFF,OFF,native,SELECT,779,0.5,3.821,4.321,20.616
r07,r07_OFF,OFF,native,OPERATE,780,0.58,4.212,4.792,0.37
r07,r07_OFF,OFF,native,READ,781,0.546,3.151,3.697,20.542
r07,r07_OFF,OFF,native,READ,782,0.495,4.164,4.659,20.5
r07,r07_OFF,OFF,native,READ,783,0.574,2.913,3.487,20.514
r07,r07_OFF,OFF,native,READ,784,0.562,1.11,1.672,20.513
r07,r07_OFF,OFF,native,READ,785,0.569,1.104,1.673,20.533
r08,r08_A1,A1,obfuscated,READ,0,20.106,4.003,24.109,
r08,r08_A1,A1,obfuscated,READ,1,20.105,4.002,24.107,20.533
r08,r08_A1,A1,obfuscated,READ,2,20.088,4.024,24.112,20.527
r08,r08_A1,A1,obfuscated,READ,3,20.099,4.006,24.105,20.503
r08,r08_A1,A1,obfuscated,READ,4,20.09,3.994,24.084,20.462
r08,r08_A1,A1,obfuscated,READ,5,20.112,3.974,24.086,20.531
r08,r08_A1,A1,obfuscated,SELECT,6,20.104,4.008,24.112,20.558
r08,r08_A1,A1,obfuscated,OPERATE,7,20.117,3.993,24.11,0.416
r08,r08_A1,A1,obfuscated,READ,8,20.112,3.998,24.11,20.573
r08,r08_A1,A1,obfuscated,READ,9,20.108,4.002,24.11,20.521
r08,r08_A1,A1,obfuscated,READ,10,20.093,4.013,24.106,20.513
r08,r08_A1,A1,obfuscated,READ,11,20.097,4.002,24.099,20.507
r08,r08_A1,A1,obfuscated,READ,12,20.099,4.013,24.112,20.5
r08,r08_A1,A1,obfuscated,SELECT,13,20.101,4.009,24.11,20.643
r08,r08_A1,A1,obfuscated,OPERATE,14,20.11,3.996,24.106,0.368
r08,r08_A1,A1,obfuscated,READ,15,20.088,4.02,24.108,20.571
r08,r08_A1,A1,obfuscated,READ,16,20.11,3.971,24.081,20.512
r08,r08_A1,A1,obfuscated,READ,17,20.103,4.012,24.115,20.575
r08,r08_A1,A1,obfuscated,READ,18,20.098,4.014,24.112,20.545
r08,r08_A1,A1,obfuscated,READ,19,20.104,4.005,24.109,20.515
r08,r08_A1,A1,obfuscated,READ,20,20.089,4.023,24.112,20.543
r08,r08_A1,A1,obfuscated,SELECT,21,20.086,4.024,24.11,20.632
r08,r08_A1,A1,obfuscated,OPERATE,22,20.112,5.856,25.968,0.362
r08,r08_A1,A1,obfuscated,READ,23,20.089,4.025,24.114,20.59
r08,r08_A1,A1,obfuscated,READ,24,20.105,4.004,24.109,20.505
r08,r08_A1,A1,obfuscated,READ,25,20.105,4.003,24.108,20.629
r08,r08_A1,A1,obfuscated,READ,26,20.082,4.028,24.11,20.538
r08,r08_A1,A1,obfuscated,READ,27,20.106,4.001,24.107,20.432
r08,r08_A1,A1,obfuscated,READ,28,20.087,4.024,24.111,20.525
r08,r08_A1,A1,obfuscated,SELECT,29,20.094,4.017,24.111,20.648
r08,r08_A1,A1,obfuscated,OPERATE,30,20.114,3.992,24.106,0.359
r08,r08_A1,A1,obfuscated,READ,31,20.088,4.023,24.111,20.557
r08,r08_A1,A1,obfuscated,READ,32,20.092,4.015,24.107,20.504
r08,r08_A1,A1,obfuscated,READ,33,20.092,4.041,24.133,20.453
r08,r08_A1,A1,obfuscated,READ,34,20.089,4.019,24.108,20.525
r08,r08_A1,A1,obfuscated,READ,35,20.106,4.0,24.106,20.513
r08,r08_A1,A1,obfuscated,SELECT,36,20.083,4.025,24.108,20.61
r08,r08_A1,A1,obfuscated,OPERATE,37,20.109,3.998,24.107,0.36
r08,r08_A1,A1,obfuscated,READ,38,20.106,4.006,24.112,20.579
r08,r08_A1,A1,obfuscated,READ,39,20.086,3.996,24.082,20.599
r08,r08_A1,A1,obfuscated,READ,40,20.106,4.005,24.111,20.454
r08,r08_A1,A1,obfuscated,READ,41,20.106,4.001,24.107,20.52
r08,r08_A1,A1,obfuscated,READ,42,20.098,4.014,24.112,20.512
r08,r08_A1,A1,obfuscated,READ,43,20.102,3.998,24.1,20.506
r08,r08_A1,A1,obfuscated,SELECT,44,20.091,4.022,24.113,20.622
r08,r08_A1,A1,obfuscated,OPERATE,45,20.108,4.008,24.116,0.36
r08,r08_A1,A1,obfuscated,READ,46,20.105,3.977,24.082,20.571
r08,r08_A1,A1,obfuscated,READ,47,20.088,4.024,24.112,20.443
r08,r08_A1,A1,obfuscated,READ,48,20.101,4.008,24.109,20.518
r08,r08_A1,A1,obfuscated,READ,49,20.088,4.02,24.108,20.517
r08,r08_A1,A1,obfuscated,READ,50,20.101,4.01,24.111,20.574
r08,r08_A1,A1,obfuscated,READ,51,20.109,3.997,24.106,20.506
r08,r08_A1,A1,obfuscated,READ,52,20.089,3.948,24.037,20.514
r08,r08_A1,A1,obfuscated,SELECT,53,20.108,3.997,24.105,20.564
r08,r08_A1,A1,obfuscated,OPERATE,54,20.106,4.001,24.107,0.371
r08,r08_A1,A1,obfuscated,READ,55,20.096,4.013,24.109,20.555
r08,r08_A1,A1,obfuscated,READ,56,20.115,3.992,24.107,20.508
r08,r08_A1,A1,obfuscated,READ,57,20.088,4.02,24.108,20.506
r08,r08_A1,A1,obfuscated,READ,58,20.107,3.989,24.096,20.508
r08,r08_A1,A1,obfuscated,READ,59,20.088,4.017,24.105,20.569
r08,r08_A1,A1,obfuscated,READ,60,20.089,4.017,24.106,20.53
r08,r08_A1,A1,obfuscated,SELECT,61,20.116,3.992,24.108,20.613
r08,r08_A1,A1,obfuscated,OPERATE,62,20.106,4.003,24.109,0.371
r08,r08_A1,A1,obfuscated,READ,63,20.097,4.016,24.113,20.548
r08,r08_A1,A1,obfuscated,READ,64,20.107,3.998,24.105,20.513
r08,r08_A1,A1,obfuscated,READ,65,20.038,4.071,24.109,20.52
r08,r08_A1,A1,obfuscated,READ,66,20.107,3.999,24.106,20.508
r08,r08_A1,A1,obfuscated,READ,67,20.107,4.004,24.111,20.522
r08,r08_A1,A1,obfuscated,SELECT,68,20.089,4.017,24.106,20.644
r08,r08_A1,A1,obfuscated,OPERATE,69,20.104,4.005,24.109,0.363
r08,r08_A1,A1,obfuscated,READ,70,20.092,4.005,24.097,20.577
r08,r08_A1,A1,obfuscated,READ,71,20.126,3.986,24.112,20.509
r08,r08_A1,A1,obfuscated,READ,72,20.109,3.983,24.092,20.496
r08,r08_A1,A1,obfuscated,READ,73,20.083,4.0,24.083,20.518
r08,r08_A1,A1,obfuscated,READ,74,20.115,3.995,24.11,20.503
r08,r08_A1,A1,obfuscated,SELECT,75,20.105,4.005,24.11,20.706
r08,r08_A1,A1,obfuscated,OPERATE,76,20.104,4.005,24.109,0.383
r08,r08_A1,A1,obfuscated,READ,77,20.103,4.0,24.103,20.559
r08,r08_A1,A1,obfuscated,READ,78,20.086,3.995,24.081,20.459
r08,r08_A1,A1,obfuscated,READ,79,20.108,4.0,24.108,20.523
r08,r08_A1,A1,obfuscated,READ,80,20.105,4.0,24.105,20.516
r08,r08_A1,A1,obfuscated,READ,81,20.09,4.032,24.122,20.506
r08,r08_A1,A1,obfuscated,READ,82,20.109,3.996,24.105,20.506
r08,r08_A1,A1,obfuscated,READ,83,20.092,4.022,24.114,20.538
r08,r08_A1,A1,obfuscated,READ,84,20.083,4.025,24.108,20.503
r08,r08_A1,A1,obfuscated,READ,85,20.107,3.995,24.102,20.428
r08,r08_A1,A1,obfuscated,SELECT,86,20.091,4.02,24.111,20.611
r08,r08_A1,A1,obfuscated,OPERATE,87,20.104,3.996,24.1,0.359
r08,r08_A1,A1,obfuscated,READ,88,20.11,4.003,24.113,20.568
r08,r08_A1,A1,obfuscated,READ,89,20.088,4.018,24.106,20.527
r08,r08_A1,A1,obfuscated,READ,90,20.104,4.002,24.106,20.51
r08,r08_A1,A1,obfuscated,READ,91,20.089,3.949,24.038,20.455
r08,r08_A1,A1,obfuscated,READ,92,20.097,4.013,24.11,20.505
r08,r08_A1,A1,obfuscated,READ,93,20.104,4.001,24.105,20.517
r08,r08_A1,A1,obfuscated,SELECT,94,20.091,4.022,24.113,20.658
r08,r08_A1,A1,obfuscated,OPERATE,95,20.095,3.998,24.093,0.363
r08,r08_A1,A1,obfuscated,READ,96,20.091,4.027,24.118,20.581
r08,r08_A1,A1,obfuscated,READ,97,20.092,4.033,24.125,20.506
r08,r08_A1,A1,obfuscated,READ,98,20.097,3.997,24.094,20.556
r08,r08_A1,A1,obfuscated,READ,99,20.087,4.027,24.114,20.507
r08,r08_A1,A1,obfuscated,READ,100,20.105,4.005,24.11,20.567
r08,r08_A1,A1,obfuscated,READ,101,20.111,4.001,24.112,20.499
r08,r08_A1,A1,obfuscated,SELECT,102,20.083,4.022,24.105,20.642
r08,r08_A1,A1,obfuscated,OPERATE,103,20.098,4.004,24.102,0.363
r08,r08_A1,A1,obfuscated,READ,104,20.101,4.003,24.104,20.629
r08,r08_A1,A1,obfuscated,READ,105,20.087,4.021,24.108,20.531
r08,r08_A1,A1,obfuscated,READ,106,20.098,3.998,24.096,20.495
r08,r08_A1,A1,obfuscated,READ,107,20.082,4.026,24.108,20.514
r08,r08_A1,A1,obfuscated,READ,108,20.105,4.001,24.106,20.494
r08,r08_A1,A1,obfuscated,SELECT,109,20.102,3.997,24.099,20.609
r08,r08_A1,A1,obfuscated,OPERATE,110,20.082,4.024,24.106,0.39
r08,r08_A1,A1,obfuscated,READ,111,20.099,3.995,24.094,20.468
r08,r08_A1,A1,obfuscated,READ,112,20.081,4.022,24.103,20.518
r08,r08_A1,A1,obfuscated,READ,113,20.108,3.999,24.107,20.493
r08,r08_A1,A1,obfuscated,READ,114,20.106,4.001,24.107,20.498
r08,r08_A1,A1,obfuscated,READ,115,20.082,4.027,24.109,20.531
r08,r08_A1,A1,obfuscated,SELECT,116,20.106,3.999,24.105,20.606
r08,r08_A1,A1,obfuscated,OPERATE,117,20.082,3.962,24.044,0.353
r08,r08_A1,A1,obfuscated,READ,118,20.097,4.008,24.105,20.572
r08,r08_A1,A1,obfuscated,READ,119,20.112,3.995,24.107,20.499
r08,r08_A1,A1,obfuscated,READ,120,20.082,4.022,24.104,20.496
r08,r08_A1,A1,obfuscated,READ,121,20.107,3.995,24.102,20.505
r08,r08_A1,A1,obfuscated,READ,122,20.082,4.024,24.106,20.528
r08,r08_A1,A1,obfuscated,SELECT,123,20.037,4.073,24.11,20.62
r08,r08_A1,A1,obfuscated,OPERATE,124,20.087,4.018,24.105,0.353
r08,r08_A1,A1,obfuscated,READ,125,20.082,4.024,24.106,20.634
r08,r08_A1,A1,obfuscated,READ,126,20.108,4.0,24.108,20.495
r08,r08_A1,A1,obfuscated,READ,127,20.112,3.997,24.109,20.508
r08,r08_A1,A1,obfuscated,READ,128,20.083,4.026,24.109,20.519
r08,r08_A1,A1,obfuscated,READ,129,20.106,3.991,24.097,20.507
r08,r08_A1,A1,obfuscated,READ,130,20.082,4.001,24.083,20.438
r08,r08_A1,A1,obfuscated,SELECT,131,20.089,4.019,24.108,20.62
r08,r08_A1,A1,obfuscated,OPERATE,132,20.107,3.998,24.105,0.35
r08,r08_A1,A1,obfuscated,READ,133,20.088,4.025,24.113,20.565
r08,r08_A1,A1,obfuscated,READ,134,20.106,3.997,24.103,20.504
r08,r08_A1,A1,obfuscated,READ,135,20.104,4.005,24.109,20.538
r08,r08_A1,A1,obfuscated,READ,136,20.088,4.008,24.096,20.514
r08,r08_A1,A1,obfuscated,READ,137,20.093,3.998,24.091,20.525
r08,r08_A1,A1,obfuscated,SELECT,138,20.083,4.024,24.107,20.595
r08,r08_A1,A1,obfuscated,OPERATE,139,20.099,4.009,24.108,0.35
r08,r08_A1,A1,obfuscated,READ,140,20.104,3.987,24.091,20.563
r08,r08_A1,A1,obfuscated,READ,141,20.082,4.023,24.105,20.524
r08,r08_A1,A1,obfuscated,READ,142,20.102,3.987,24.089,20.495
r08,r08_A1,A1,obfuscated,READ,143,20.037,4.071,24.108,20.5
r08,r08_A1,A1,obfuscated,READ,144,20.11,3.994,24.104,20.492
r08,r08_A1,A1,obfuscated,READ,145,20.106,3.999,24.105,20.503
r08,r08_A1,A1,obfuscated,SELECT,146,20.088,4.024,24.112,20.633
r08,r08_A1,A1,obfuscated,OPERATE,147,20.091,4.002,24.093,0.351
r08,r08_A1,A1,obfuscated,READ,148,20.084,4.021,24.105,20.566
r08,r08_A1,A1,obfuscated,READ,149,20.036,4.075,24.111,20.494
r08,r08_A1,A1,obfuscated,READ,150,20.107,3.999,24.106,20.488
r08,r08_A1,A1,obfuscated,READ,151,20.082,4.023,24.105,20.526
r08,r08_A1,A1,obfuscated,READ,152,20.107,4.002,24.109,20.501
r08,r08_A1,A1,obfuscated,READ,153,20.089,4.022,24.111,20.513
r08,r08_A1,A1,obfuscated,SELECT,154,20.095,4.019,24.114,20.633
r08,r08_A1,A1,obfuscated,OPERATE,155,20.108,3.997,24.105,0.352
r08,r08_A1,A1,obfuscated,READ,156,20.093,3.949,24.042,20.535
r08,r08_A1,A1,obfuscated,READ,157,20.101,4.001,24.102,20.475
r08,r08_A1,A1,obfuscated,READ,158,20.082,4.025,24.107,20.451
r08,r08_A1,A1,obfuscated,READ,159,20.111,3.996,24.107,20.495
r08,r08_A1,A1,obfuscated,READ,160,20.111,3.995,24.106,20.498
r08,r08_A1,A1,obfuscated,SELECT,161,20.081,4.029,24.11,20.644
r08,r08_A1,A1,obfuscated,OPERATE,162,20.117,4.006,24.123,0.351
r08,r08_A1,A1,obfuscated,READ,163,20.083,4.024,24.107,20.568
r08,r08_A1,A1,obfuscated,READ,164,20.04,4.07,24.11,20.508
r08,r08_A1,A1,obfuscated,READ,165,20.11,3.998,24.108,20.502
r08,r08_A1,A1,obfuscated,READ,166,20.088,4.028,24.116,20.506
r08,r08_A1,A1,obfuscated,READ,167,20.107,3.998,24.105,20.494
r08,r08_A1,A1,obfuscated,READ,168,20.109,4.003,24.112,20.499
r08,r08_A1,A1,obfuscated,SELECT,169,20.04,4.042,24.082,20.65
r08,r08_A1,A1,obfuscated,OPERATE,170,20.11,3.997,24.107,0.299
r08,r08_A1,A1,obfuscated,READ,171,20.086,4.023,24.109,20.544
r08,r08_A1,A1,obfuscated,READ,172,20.108,4.0,24.108,20.496
r08,r08_A1,A1,obfuscated,READ,173,20.102,4.002,24.104,20.496
r08,r08_A1,A1,obfuscated,READ,174,20.082,4.032,24.114,20.538
r08,r08_A1,A1,obfuscated,READ,175,20.098,4.006,24.104,20.553
r08,r08_A1,A1,obfuscated,READ,176,20.089,4.015,24.104,20.516
r08,r08_A1,A1,obfuscated,READ,177,20.109,4.013,24.122,20.483
r08,r08_A1,A1,obfuscated,READ,178,20.115,3.999,24.114,20.507
r08,r08_A1,A1,obfuscated,READ,179,20.087,4.012,24.099,20.5
r08,r08_A1,A1,obfuscated,SELECT,180,20.095,4.01,24.105,20.61
r08,r08_A1,A1,obfuscated,OPERATE,181,20.106,3.999,24.105,0.352
r08,r08_A1,A1,obfuscated,READ,182,20.09,4.007,24.097,20.574
r08,r08_A1,A1,obfuscated,READ,183,20.1,3.995,24.095,20.483
r08,r08_A1,A1,obfuscated,READ,184,20.082,4.027,24.109,20.502
r08,r08_A1,A1,obfuscated,READ,185,20.105,4.003,24.108,20.507
r08,r08_A1,A1,obfuscated,READ,186,20.094,4.014,24.108,20.504
r08,r08_A1,A1,obfuscated,READ,187,20.087,4.026,24.113,20.519
r08,r08_A1,A1,obfuscated,SELECT,188,20.104,4.001,24.105,20.616
r08,r08_A1,A1,obfuscated,OPERATE,189,20.109,3.972,24.081,0.381
r08,r08_A1,A1,obfuscated,READ,190,20.097,4.015,24.112,20.542
r08,r08_A1,A1,obfuscated,READ,191,20.12,3.988,24.108,20.496
r08,r08_A1,A1,obfuscated,READ,192,20.082,4.028,24.11,20.502
r08,r08_A1,A1,obfuscated,READ,193,20.111,3.994,24.105,20.497
r08,r08_A1,A1,obfuscated,READ,194,20.105,3.999,24.104,20.53
r08,r08_A1,A1,obfuscated,READ,195,20.091,4.023,24.114,20.504
r08,r08_A1,A1,obfuscated,READ,196,20.114,3.987,24.101,20.421
r08,r08_A1,A1,obfuscated,READ,197,20.082,4.022,24.104,20.499
r08,r08_A1,A1,obfuscated,READ,198,20.081,4.025,24.106,20.504
r08,r08_A1,A1,obfuscated,SELECT,199,20.106,4.001,24.107,20.643
r08,r08_A1,A1,obfuscated,OPERATE,200,20.105,4.001,24.106,0.351
r08,r08_A1,A1,obfuscated,READ,201,20.11,3.982,24.092,20.629
r08,r08_A1,A1,obfuscated,READ,202,20.083,3.953,24.036,20.509
r08,r08_A1,A1,obfuscated,READ,203,20.109,3.999,24.108,20.5
r08,r08_A1,A1,obfuscated,READ,204,20.109,4.002,24.111,20.512
r08,r08_A1,A1,obfuscated,READ,205,20.082,4.001,24.083,20.536
r08,r08_A1,A1,obfuscated,SELECT,206,20.099,4.0,24.099,20.611
r08,r08_A1,A1,obfuscated,OPERATE,207,20.105,4.005,24.11,0.367
r08,r08_A1,A1,obfuscated,READ,208,20.106,4.034,24.14,20.542
r08,r08_A1,A1,obfuscated,READ,209,20.104,4.005,24.109,20.51
r08,r08_A1,A1,obfuscated,READ,210,20.083,4.022,24.105,20.496
r08,r08_A1,A1,obfuscated,READ,211,20.11,3.993,24.103,20.492
r08,r08_A1,A1,obfuscated,READ,212,20.108,3.997,24.105,20.521
r08,r08_A1,A1,obfuscated,SELECT,213,20.083,4.021,24.104,20.614
r08,r08_A1,A1,obfuscated,OPERATE,214,20.11,3.995,24.105,0.352
r08,r08_A1,A1,obfuscated,READ,215,20.085,4.02,24.105,20.536
r08,r08_A1,A1,obfuscated,READ,216,20.099,3.997,24.096,20.477
r08,r08_A1,A1,obfuscated,READ,217,20.107,3.997,24.104,20.523
r08,r08_A1,A1,obfuscated,READ,218,20.085,4.022,24.107,20.503
r08,r08_A1,A1,obfuscated,READ,219,20.111,4.0,24.111,20.487
r08,r08_A1,A1,obfuscated,READ,220,20.087,4.018,24.105,20.495
r08,r08_A1,A1,obfuscated,SELECT,221,20.109,3.998,24.107,20.597
r08,r08_A1,A1,obfuscated,OPERATE,222,20.105,3.993,24.098,0.35
r08,r08_A1,A1,obfuscated,READ,223,20.086,4.021,24.107,20.55
r08,r08_A1,A1,obfuscated,READ,224,20.109,3.996,24.105,20.5
r08,r08_A1,A1,obfuscated,READ,225,20.084,4.023,24.107,20.567
r08,r08_A1,A1,obfuscated,READ,226,20.113,3.997,24.11,20.503
r08,r08_A1,A1,obfuscated,READ,227,20.11,3.995,24.105,20.498
r08,r08_A1,A1,obfuscated,READ,228,20.039,4.066,24.105,20.523
r08,r08_A1,A1,obfuscated,READ,229,20.103,4.007,24.11,20.508
r08,r08_A1,A1,obfuscated,READ,230,20.114,4.002,24.116,20.511
r08,r08_A1,A1,obfuscated,SELECT,231,20.101,4.004,24.105,20.628
r08,r08_A1,A1,obfuscated,OPERATE,232,20.109,3.997,24.106,0.349
r08,r08_A1,A1,obfuscated,READ,233,20.083,4.026,24.109,20.545
r08,r08_A1,A1,obfuscated,READ,234,20.109,3.999,24.108,20.489
r08,r08_A1,A1,obfuscated,READ,235,20.091,3.952,24.043,20.417
r08,r08_A1,A1,obfuscated,READ,236,20.104,4.008,24.112,20.52
r08,r08_A1,A1,obfuscated,READ,237,20.107,4.0,24.107,20.492
r08,r08_A1,A1,obfuscated,READ,238,20.082,4.027,24.109,20.533
r08,r08_A1,A1,obfuscated,READ,239,20.099,4.004,24.103,20.49
r08,r08_A1,A1,obfuscated,READ,240,20.111,3.999,24.11,20.509
r08,r08_A1,A1,obfuscated,READ,241,20.162,3.948,24.11,20.494
r08,r08_A1,A1,obfuscated,SELECT,242,20.109,3.974,24.083,20.522
r08,r08_A1,A1,obfuscated,OPERATE,243,20.106,4.0,24.106,0.368
r08,r08_A1,A1,obfuscated,READ,244,20.093,3.998,24.091,20.535
r08,r08_A1,A1,obfuscated,READ,245,20.082,4.024,24.106,20.529
r08,r08_A1,A1,obfuscated,READ,246,20.116,3.989,24.105,20.492
r08,r08_A1,A1,obfuscated,READ,247,20.11,3.995,24.105,20.499
r08,r08_A1,A1,obfuscated,READ,248,20.082,4.0,24.082,20.511
r08,r08_A1,A1,obfuscated,READ,249,20.099,4.005,24.104,20.498
r08,r08_A1,A1,obfuscated,READ,250,20.099,4.013,24.112,20.575
r08,r08_A1,A1,obfuscated,SELECT,251,20.082,4.028,24.11,20.624
r08,r08_A1,A1,obfuscated,OPERATE,252,20.112,3.999,24.111,0.349
r08,r08_A1,A1,obfuscated,READ,253,20.081,4.027,24.108,20.547
r08,r08_A1,A1,obfuscated,READ,254,20.105,4.0,24.105,20.49
r08,r08_A1,A1,obfuscated,READ,255,20.087,4.025,24.112,20.522
r08,r08_A1,A1,obfuscated,READ,256,20.083,4.032,24.115,20.518
r08,r08_A1,A1,obfuscated,READ,257,20.093,4.002,24.095,20.493
r08,r08_A1,A1,obfuscated,READ,258,20.083,4.024,24.107,20.527
r08,r08_A1,A1,obfuscated,READ,259,20.1,4.019,24.119,20.493
r08,r08_A1,A1,obfuscated,READ,260,20.11,3.998,24.108,20.496
r08,r08_A1,A1,obfuscated,READ,261,20.092,3.947,24.039,20.523
r08,r08_A1,A1,obfuscated,SELECT,262,20.1,4.004,24.104,20.55
r08,r08_A1,A1,obfuscated,OPERATE,263,20.111,3.993,24.104,0.375
r08,r08_A1,A1,obfuscated,READ,264,20.117,3.987,24.104,20.536
r08,r08_A1,A1,obfuscated,READ,265,20.107,4.001,24.108,20.501
r08,r08_A1,A1,obfuscated,READ,266,20.087,4.025,24.112,20.515
r08,r08_A1,A1,obfuscated,READ,267,20.091,3.998,24.089,20.489
r08,r08_A1,A1,obfuscated,READ,268,20.038,4.073,24.111,20.511
r08,r08_A1,A1,obfuscated,READ,269,20.109,3.994,24.103,20.414
r08,r08_A1,A1,obfuscated,SELECT,270,20.11,3.995,24.105,20.606
r08,r08_A1,A1,obfuscated,OPERATE,271,20.118,4.0,24.118,0.364
r08,r08_A1,A1,obfuscated,READ,272,20.105,4.003,24.108,20.539
r08,r08_A1,A1,obfuscated,READ,273,20.083,4.026,24.109,20.51
r08,r08_A1,A1,obfuscated,READ,274,20.144,3.961,24.105,20.506
r08,r08_A1,A1,obfuscated,READ,275,20.081,4.003,24.084,20.527
r08,r08_A1,A1,obfuscated,READ,276,20.082,4.029,24.111,20.506
r08,r08_A1,A1,obfuscated,SELECT,277,20.108,3.996,24.104,20.6
r08,r08_A1,A1,obfuscated,OPERATE,278,20.105,4.001,24.106,0.351
r08,r08_A1,A1,obfuscated,READ,279,20.104,4.006,24.11,20.53
r08,r08_A1,A1,obfuscated,READ,280,20.106,4.006,24.112,20.49
r08,r08_A1,A1,obfuscated,READ,281,20.097,3.947,24.044,20.516
r08,r08_A1,A1,obfuscated,READ,282,20.104,4.01,24.114,20.438
r08,r08_A1,A1,obfuscated,READ,283,20.081,4.024,24.105,20.503
r08,r08_A1,A1,obfuscated,SELECT,284,20.113,3.986,24.099,20.609
r08,r08_A1,A1,obfuscated,OPERATE,285,20.105,4.001,24.106,0.347
r08,r08_A1,A1,obfuscated,READ,286,20.083,4.004,24.087,20.548
r08,r08_A1,A1,obfuscated,READ,287,20.109,3.996,24.105,20.495
r08,r08_A1,A1,obfuscated,READ,288,20.037,4.069,24.106,20.491
r08,r08_A1,A1,obfuscated,READ,289,20.099,4.004,24.103,20.415
r08,r08_A1,A1,obfuscated,READ,290,20.107,4.005,24.112,20.526
r08,r08_A1,A1,obfuscated,READ,291,20.093,4.013,24.106,20.497
r08,r08_A1,A1,obfuscated,SELECT,292,20.102,3.998,24.1,20.596
r08,r08_A1,A1,obfuscated,OPERATE,293,20.109,4.001,24.11,0.377
r08,r08_A1,A1,obfuscated,READ,294,20.103,4.002,24.105,20.539
r08,r08_A1,A1,obfuscated,READ,295,20.102,3.985,24.087,20.478
r08,r08_A1,A1,obfuscated,READ,296,20.114,4.006,24.12,20.483
r08,r08_A1,A1,obfuscated,READ,297,20.11,3.998,24.108,20.49
r08,r08_A1,A1,obfuscated,READ,298,20.082,4.028,24.11,20.503
r08,r08_A1,A1,obfuscated,READ,299,20.102,4.007,24.109,20.497
r08,r08_A1,A1,obfuscated,SELECT,300,20.104,4.012,24.116,20.673
r08,r08_A1,A1,obfuscated,OPERATE,301,20.094,3.949,24.043,0.384
r08,r08_A1,A1,obfuscated,READ,302,20.112,3.994,24.106,20.486
r08,r08_A1,A1,obfuscated,READ,303,20.082,4.023,24.105,20.498
r08,r08_A1,A1,obfuscated,READ,304,20.101,4.005,24.106,20.494
r08,r08_A1,A1,obfuscated,READ,305,20.103,4.007,24.11,20.491
r08,r08_A1,A1,obfuscated,READ,306,20.083,4.022,24.105,20.514
r08,r08_A1,A1,obfuscated,SELECT,307,20.101,4.006,24.107,20.607
r08,r08_A1,A1,obfuscated,OPERATE,308,20.037,4.072,24.109,0.377
r08,r08_A1,A1,obfuscated,READ,309,20.099,4.003,24.102,20.46
r08,r08_A1,A1,obfuscated,READ,310,20.102,4.005,24.107,20.482
r08,r08_A1,A1,obfuscated,READ,311,20.093,4.014,24.107,20.5
r08,r08_A1,A1,obfuscated,READ,312,20.105,4.006,24.111,20.492
r08,r08_A1,A1,obfuscated,READ,313,20.082,4.024,24.106,20.502
r08,r08_A1,A1,obfuscated,READ,314,20.103,4.002,24.105,20.487
r08,r08_A1,A1,obfuscated,READ,315,20.088,4.019,24.107,20.504
r08,r08_A1,A1,obfuscated,READ,316,20.085,4.02,24.105,20.498
r08,r08_A1,A1,obfuscated,SELECT,317,20.091,4.004,24.095,20.608
r08,r08_A1,A1,obfuscated,OPERATE,318,20.104,4.004,24.108,0.367
r08,r08_A1,A1,obfuscated,READ,319,20.101,4.013,24.114,20.545
r08,r08_A1,A1,obfuscated,READ,320,20.083,3.999,24.082,20.498
r08,r08_A1,A1,obfuscated,READ,321,20.038,4.071,24.109,20.509
r08,r08_A1,A1,obfuscated,READ,322,20.111,3.998,24.109,20.49
r08,r08_A1,A1,obfuscated,READ,323,20.082,4.023,24.105,20.491
r08,r08_A1,A1,obfuscated,READ,324,20.101,4.003,24.104,20.493
r08,r08_A1,A1,obfuscated,SELECT,325,20.111,4.0,24.111,20.658
r08,r08_A1,A1,obfuscated,OPERATE,326,20.111,4.009,24.12,0.376
r08,r08_A1,A1,obfuscated,READ,327,20.1,4.003,24.103,20.552
r08,r08_A1,A1,obfuscated,READ,328,20.085,3.954,24.039,20.428
r08,r08_A1,A1,obfuscated,READ,329,20.096,4.008,24.104,20.461
r08,r08_A1,A1,obfuscated,READ,330,20.104,4.003,24.107,20.512
r08,r08_A1,A1,obfuscated,READ,331,20.081,4.029,24.11,20.501
r08,r08_A1,A1,obfuscated,READ,332,20.11,3.996,24.106,20.492
r08,r08_A1,A1,obfuscated,SELECT,333,20.083,4.03,24.113,20.584
r08,r08_A1,A1,obfuscated,OPERATE,334,20.101,4.002,24.103,0.352
r08,r08_A1,A1,obfuscated,READ,335,20.089,4.017,24.106,20.563
r08,r08_A1,A1,obfuscated,READ,336,20.082,4.027,24.109,20.503
r08,r08_A1,A1,obfuscated,READ,337,20.092,4.021,24.113,20.5
r08,r08_A1,A1,obfuscated,READ,338,20.082,4.028,24.11,20.522
r08,r08_A1,A1,obfuscated,READ,339,20.105,3.998,24.103,20.492
r08,r08_A1,A1,obfuscated,READ,340,20.102,4.013,24.115,20.494
r08,r08_A1,A1,obfuscated,READ,341,20.082,3.956,24.038,20.543
r08,r08_A1,A1,obfuscated,SELECT,342,20.101,4.005,24.106,20.603
r08,r08_A1,A1,obfuscated,OPERATE,343,20.111,3.998,24.109,0.361
r08,r08_A1,A1,obfuscated,READ,344,20.106,4.002,24.108,20.539
r08,r08_A1,A1,obfuscated,READ,345,20.119,3.987,24.106,20.49
r08,r08_A1,A1,obfuscated,READ,346,20.087,4.028,24.115,20.522
r08,r08_A1,A1,obfuscated,READ,347,20.099,4.004,24.103,20.494
r08,r08_A1,A1,obfuscated,READ,348,20.125,3.964,24.089,20.516
r08,r08_A1,A1,obfuscated,SELECT,349,20.081,4.024,24.105,20.629
r08,r08_A1,A1,obfuscated,OPERATE,350,20.109,4.0,24.109,0.348
r08,r08_A1,A1,obfuscated,READ,351,20.083,4.023,24.106,20.602
r08,r08_A1,A1,obfuscated,READ,352,20.104,4.002,24.106,20.506
r08,r08_A1,A1,obfuscated,READ,353,20.105,4.003,24.108,20.502
r08,r08_A1,A1,obfuscated,READ,354,20.039,4.061,24.1,20.52
r08,r08_A1,A1,obfuscated,READ,355,20.111,4.001,24.112,20.414
r08,r08_A1,A1,obfuscated,SELECT,356,20.092,4.015,24.107,20.604
r08,r08_A1,A1,obfuscated,OPERATE,357,20.099,4.009,24.108,0.348
r08,r08_A1,A1,obfuscated,READ,358,20.105,4.002,24.107,20.577
r08,r08_A1,A1,obfuscated,READ,359,20.083,4.007,24.09,20.51
r08,r08_A1,A1,obfuscated,READ,360,20.106,4.003,24.109,20.469
r08,r08_A1,A1,obfuscated,READ,361,20.082,3.956,24.038,20.53
r08,r08_A1,A1,obfuscated,READ,362,20.101,4.003,24.104,20.489
r08,r08_A1,A1,obfuscated,READ,363,20.085,4.02,24.105,20.426
r08,r08_A1,A1,obfuscated,READ,364,20.096,4.015,24.111,20.492
r08,r08_A1,A1,obfuscated,SELECT,365,20.104,4.003,24.107,20.595
r08,r08_A1,A1,obfuscated,OPERATE,366,20.116,3.996,24.112,0.379
r08,r08_A1,A1,obfuscated,READ,367,20.102,4.001,24.103,20.551
r08,r08_A1,A1,obfuscated,READ,368,20.083,4.013,24.096,20.514
r08,r08_A1,A1,obfuscated,READ,369,20.091,4.017,24.108,20.498
r08,r08_A1,A1,obfuscated,READ,370,20.108,4.001,24.109,20.493
r08,r08_A1,A1,obfuscated,READ,371,20.082,4.027,24.109,20.507
r08,r08_A1,A1,obfuscated,READ,372,20.106,4.003,24.109,20.488
r08,r08_A1,A1,obfuscated,READ,373,20.105,4.005,24.11,20.499
r08,r08_A1,A1,obfuscated,READ,374,20.081,4.002,24.083,20.519
r08,r08_A1,A1,obfuscated,SELECT,375,20.093,3.997,24.09,20.608
r08,r08_A1,A1,obfuscated,OPERATE,376,20.111,4.001,24.112,0.369
r08,r08_A1,A1,obfuscated,READ,377,20.098,4.007,24.105,20.553
r08,r08_A1,A1,obfuscated,READ,378,20.104,4.006,24.11,20.498
r08,r08_A1,A1,obfuscated,READ,379,20.082,4.023,24.105,20.518
r08,r08_A1,A1,obfuscated,READ,380,20.111,3.995,24.106,20.508
r08,r08_A1,A1,obfuscated,READ,381,20.045,4.061,24.106,20.533
r08,r08_A1,A1,obfuscated,SELECT,382,20.11,4.015,24.125,20.52
r08,r08_A1,A1,obfuscated,OPERATE,383,20.105,4.003,24.108,0.35
r08,r08_A1,A1,obfuscated,READ,384,20.088,4.025,24.113,20.556
r08,r08_A1,A1,obfuscated,READ,385,20.106,4.006,24.112,20.476
r08,r08_A1,A1,obfuscated,READ,386,20.097,4.007,24.104,20.527
r08,r08_A1,A1,obfuscated,READ,387,20.096,4.029,24.125,20.496
r08,r08_A1,A1,obfuscated,READ,388,20.118,3.997,24.115,20.423
r08,r08_A1,A1,obfuscated,READ,389,20.082,4.024,24.106,20.52
r08,r08_A1,A1,obfuscated,READ,390,20.107,3.994,24.101,20.498
r08,r08_A1,A1,obfuscated,SELECT,391,20.103,4.004,24.107,20.623
r08,r08_A1,A1,obfuscated,OPERATE,392,20.105,4.001,24.106,0.349
r08,r08_A1,A1,obfuscated,READ,393,20.105,3.999,24.104,20.555
r08,r08_A1,A1,obfuscated,READ,394,20.088,3.954,24.042,20.512
r08,r08_A1,A1,obfuscated,READ,395,20.094,4.012,24.106,20.444
r08,r08_A1,A1,obfuscated,READ,396,20.081,4.032,24.113,20.53
r08,r08_A1,A1,obfuscated,READ,397,20.105,4.002,24.107,20.494
r08,r08_A1,A1,obfuscated,SELECT,398,20.108,4.002,24.11,20.613
r08,r08_A1,A1,obfuscated,OPERATE,399,20.111,4.001,24.112,0.381
r08,r08_A1,A1,obfuscated,READ,400,20.102,3.996,24.098,20.588
r08,r08_A1,A1,obfuscated,READ,401,20.088,4.022,24.11,20.51
r08,r08_A1,A1,obfuscated,READ,402,20.082,4.024,24.106,20.507
r08,r08_A1,A1,obfuscated,READ,403,20.11,3.995,24.105,20.499
r08,r08_A1,A1,obfuscated,READ,404,20.098,3.983,24.081,20.496
r08,r08_A1,A1,obfuscated,SELECT,405,20.099,4.014,24.113,20.603
r08,r08_A1,A1,obfuscated,OPERATE,406,20.105,4.0,24.105,0.348
r08,r08_A1,A1,obfuscated,READ,407,20.087,4.022,24.109,20.559
r08,r08_A1,A1,obfuscated,READ,408,20.093,4.027,24.12,20.421
r08,r08_A1,A1,obfuscated,READ,409,20.083,4.028,24.111,20.496
r08,r08_A1,A1,obfuscated,READ,410,20.099,4.004,24.103,20.49
r08,r08_A1,A1,obfuscated,READ,411,20.103,3.992,24.095,20.518
r08,r08_A1,A1,obfuscated,READ,412,20.081,4.025,24.106,20.522
r08,r08_A1,A1,obfuscated,SELECT,413,20.101,4.003,24.104,20.597
r08,r08_A1,A1,obfuscated,OPERATE,414,20.11,3.926,24.036,0.367
r08,r08_A1,A1,obfuscated,READ,415,20.094,3.993,24.087,20.487
r08,r08_A1,A1,obfuscated,READ,416,20.101,4.009,24.11,20.525
r08,r08_A1,A1,obfuscated,READ,417,20.1,4.015,24.115,20.492
r08,r08_A1,A1,obfuscated,READ,418,20.105,4.0,24.105,20.497
r08,r08_A1,A1,obfuscated,READ,419,20.082,4.027,24.109,20.515
r08,r08_A1,A1,obfuscated,SELECT,420,20.149,3.955,24.104,20.605
r08,r08_A1,A1,obfuscated,OPERATE,421,20.039,4.074,24.113,0.352
r08,r08_A1,A1,obfuscated,READ,422,20.082,4.029,24.111,20.542
r08,r08_A1,A1,obfuscated,READ,423,20.113,4.003,24.116,20.489
r08,r08_A1,A1,obfuscated,READ,424,20.082,4.023,24.105,20.489
r08,r08_A1,A1,obfuscated,READ,425,20.11,3.991,24.101,20.543
r08,r08_A1,A1,obfuscated,READ,426,20.092,4.013,24.105,20.479
r08,r08_A1,A1,obfuscated,READ,427,20.082,3.955,24.037,20.514
r08,r08_A1,A1,obfuscated,READ,428,20.103,4.005,24.108,20.452
r08,r08_A1,A1,obfuscated,READ,429,20.083,3.998,24.081,20.485
r08,r08_A1,A1,obfuscated,READ,430,20.116,3.99,24.106,20.449
r08,r08_A1,A1,obfuscated,SELECT,431,20.106,3.985,24.091,20.624
r08,r08_A1,A1,obfuscated,OPERATE,432,20.105,3.985,24.09,0.349
r08,r08_A1,A1,obfuscated,READ,433,20.104,4.004,24.108,20.547
r08,r08_A1,A1,obfuscated,READ,434,20.084,4.024,24.108,20.518
r08,r08_A1,A1,obfuscated,READ,435,20.098,4.003,24.101,20.42
r08,r08_A1,A1,obfuscated,READ,436,20.083,4.023,24.106,20.503
r08,r08_A1,A1,obfuscated,READ,437,20.103,3.995,24.098,20.49
r08,r08_A1,A1,obfuscated,READ,438,20.102,4.006,24.108,20.486
r08,r08_A1,A1,obfuscated,READ,439,20.082,4.023,24.105,20.518
r08,r08_A1,A1,obfuscated,READ,440,20.124,3.987,24.111,20.503
r08,r08_A1,A1,obfuscated,READ,441,20.081,4.026,24.107,20.518
r08,r08_A1,A1,obfuscated,SELECT,442,20.088,4.019,24.107,20.624
r08,r08_A1,A1,obfuscated,OPERATE,443,20.105,4.002,24.107,0.348
r08,r08_A1,A1,obfuscated,READ,444,20.082,4.024,24.106,20.541
r08,r08_A1,A1,obfuscated,READ,445,20.105,4.0,24.105,20.48
r08,r08_A1,A1,obfuscated,READ,446,20.094,4.017,24.111,20.531
r08,r08_A1,A1,obfuscated,READ,447,20.136,3.969,24.105,20.486
r08,r08_A1,A1,obfuscated,READ,448,20.105,3.997,24.102,20.473
r08,r08_A1,A1,obfuscated,SELECT,449,20.083,4.031,24.114,20.618
r08,r08_A1,A1,obfuscated,OPERATE,450,20.118,3.99,24.108,0.353
r08,r08_A1,A1,obfuscated,READ,451,20.106,4.007,24.113,20.622
r08,r08_A1,A1,obfuscated,READ,452,20.081,4.024,24.105,20.523
r08,r08_A1,A1,obfuscated,READ,453,20.114,3.995,24.109,20.489
r08,r08_A1,A1,obfuscated,READ,454,20.081,3.954,24.035,20.49
r08,r08_A1,A1,obfuscated,READ,455,20.104,3.983,24.087,20.445
r08,r08_A1,A1,obfuscated,READ,456,20.081,4.026,24.107,20.446
r08,r08_A1,A1,obfuscated,READ,457,20.1,3.999,24.099,20.492
r08,r08_A1,A1,obfuscated,SELECT,458,20.104,4.002,24.106,20.6
r08,r08_A1,A1,obfuscated,OPERATE,459,20.11,3.998,24.108,0.38
r08,r08_A1,A1,obfuscated,READ,460,20.105,4.005,24.11,20.547
r08,r08_A1,A1,obfuscated,READ,461,20.081,4.025,24.106,20.506
r08,r08_A1,A1,obfuscated,READ,462,20.099,4.001,24.1,20.493
r08,r08_A1,A1,obfuscated,READ,463,20.116,3.991,24.107,20.503
r08,r08_A1,A1,obfuscated,READ,464,20.087,4.023,24.11,20.494
r08,r08_A1,A1,obfuscated,READ,465,20.119,3.994,24.113,20.489
r08,r08_A1,A1,obfuscated,SELECT,466,20.102,4.002,24.104,20.63
r08,r08_A1,A1,obfuscated,OPERATE,467,20.132,3.972,24.104,0.347
r08,r08_A1,A1,obfuscated,READ,468,20.107,3.984,24.091,20.523
r08,r08_A1,A1,obfuscated,READ,469,20.084,4.027,24.111,20.492
r08,r08_A1,A1,obfuscated,READ,470,20.106,4.004,24.11,20.494
r08,r08_A1,A1,obfuscated,READ,471,20.106,4.0,24.106,20.519
r08,r08_A1,A1,obfuscated,READ,472,20.108,4.016,24.124,20.5
r08,r08_A1,A1,obfuscated,SELECT,473,20.113,3.992,24.105,20.599
r08,r08_A1,A1,obfuscated,OPERATE,474,20.117,3.919,24.036,0.379
r08,r08_A1,A1,obfuscated,READ,475,20.096,3.998,24.094,20.544
r08,r08_A1,A1,obfuscated,READ,476,20.081,4.024,24.105,20.435
r08,r08_A1,A1,obfuscated,READ,477,20.098,4.001,24.099,20.5
r08,r08_A1,A1,obfuscated,READ,478,20.115,3.996,24.111,20.497
r08,r08_A1,A1,obfuscated,READ,479,20.082,4.024,24.106,20.514
r08,r08_A1,A1,obfuscated,SELECT,480,20.107,3.994,24.101,20.611
r08,r08_A1,A1,obfuscated,OPERATE,481,20.082,4.026,24.108,0.35
r08,r08_A1,A1,obfuscated,READ,482,20.097,4.011,24.108,20.542
r08,r08_A1,A1,obfuscated,READ,483,20.108,3.997,24.105,20.492
r08,r08_A1,A1,obfuscated,READ,484,20.083,4.024,24.107,20.498
r08,r08_A1,A1,obfuscated,READ,485,20.108,4.0,24.108,20.499
r08,r08_A1,A1,obfuscated,READ,486,20.104,4.003,24.107,20.533
r08,r08_A1,A1,obfuscated,SELECT,487,20.082,3.956,24.038,20.647
r08,r08_A1,A1,obfuscated,OPERATE,488,20.108,3.996,24.104,0.351
r08,r08_A1,A1,obfuscated,READ,489,20.083,4.022,24.105,20.538
r08,r08_A1,A1,obfuscated,READ,490,20.095,3.995,24.09,20.499
r08,r08_A1,A1,obfuscated,READ,491,20.107,4.0,24.107,20.519
r08,r08_A1,A1,obfuscated,READ,492,20.083,4.028,24.111,20.515
r08,r08_A1,A1,obfuscated,READ,493,20.112,3.992,24.104,20.493
r08,r08_A1,A1,obfuscated,READ,494,20.037,4.069,24.106,20.481
r08,r08_A1,A1,obfuscated,SELECT,495,20.103,3.996,24.099,20.576
r08,r08_A1,A1,obfuscated,OPERATE,496,20.118,3.988,24.106,0.35
r08,r08_A1,A1,obfuscated,READ,497,20.101,4.024,24.125,20.539
r08,r08_A1,A1,obfuscated,READ,498,20.097,4.008,24.105,20.498
r08,r08_A1,A1,obfuscated,READ,499,20.082,4.029,24.111,20.479
r08,r08_A1,A1,obfuscated,READ,500,20.098,4.006,24.104,20.544
r08,r08_A1,A1,obfuscated,READ,501,20.108,3.973,24.081,20.472
r08,r08_A1,A1,obfuscated,SELECT,502,20.082,4.029,24.111,20.632
r08,r08_A1,A1,obfuscated,OPERATE,503,20.109,4.005,24.114,0.349
r08,r08_A1,A1,obfuscated,READ,504,20.083,4.027,24.11,20.543
r08,r08_A1,A1,obfuscated,READ,505,20.112,3.99,24.102,20.49
r08,r08_A1,A1,obfuscated,READ,506,20.107,3.998,24.105,20.495
r08,r08_A1,A1,obfuscated,READ,507,20.083,3.959,24.042,20.515
r08,r08_A1,A1,obfuscated,READ,508,20.106,4.003,24.109,20.499
r08,r08_A1,A1,obfuscated,SELECT,509,20.092,4.019,24.111,20.627
r08,r08_A1,A1,obfuscated,OPERATE,510,20.096,3.991,24.087,0.348
r08,r08_A1,A1,obfuscated,READ,511,20.111,3.999,24.11,20.56
r08,r08_A1,A1,obfuscated,READ,512,20.081,4.028,24.109,20.504
r08,r08_A1,A1,obfuscated,READ,513,20.11,4.005,24.115,20.506
r08,r08_A1,A1,obfuscated,READ,514,20.037,4.069,24.106,20.526
r08,r08_A1,A1,obfuscated,READ,515,20.103,4.02,24.123,20.49
r08,r08_A1,A1,obfuscated,SELECT,516,20.106,3.999,24.105,20.599
r08,r08_A1,A1,obfuscated,OPERATE,517,20.108,3.999,24.107,0.381
r08,r08_A1,A1,obfuscated,READ,518,20.108,3.997,24.105,20.537
r08,r08_A1,A1,obfuscated,READ,519,20.102,4.002,24.104,20.514
r08,r08_A1,A1,obfuscated,READ,520,20.101,4.021,24.122,20.493
r08,r08_A1,A1,obfuscated,READ,521,20.11,3.999,24.109,20.474
r08,r08_A1,A1,obfuscated,READ,522,20.082,4.022,24.104,20.504
r08,r08_A1,A1,obfuscated,READ,523,20.098,4.0,24.098,20.494
r08,r08_A1,A1,obfuscated,READ,524,20.104,4.0,24.104,20.517
r08,r08_A1,A1,obfuscated,SELECT,525,20.085,4.033,24.118,20.694
r08,r08_A1,A1,obfuscated,OPERATE,526,20.106,4.0,24.106,0.348
r08,r08_A1,A1,obfuscated,READ,527,20.081,3.957,24.038,20.501
r08,r08_A1,A1,obfuscated,READ,528,20.088,4.002,24.09,20.496
r08,r08_A1,A1,obfuscated,READ,529,20.104,4.008,24.112,20.509
r08,r08_A1,A1,obfuscated,READ,530,20.082,4.023,24.105,20.506
r08,r08_A1,A1,obfuscated,READ,531,20.11,3.998,24.108,20.499
r08,r08_A1,A1,obfuscated,READ,532,20.087,4.023,24.11,20.485
r08,r08_A1,A1,obfuscated,SELECT,533,20.1,3.998,24.098,20.596
r08,r08_A1,A1,obfuscated,OPERATE,534,20.037,4.068,24.105,0.348
r08,r08_A1,A1,obfuscated,READ,535,20.082,4.029,24.111,20.54
r08,r08_A1,A1,obfuscated,READ,536,20.116,3.989,24.105,20.496
r08,r08_A1,A1,obfuscated,READ,537,20.088,4.019,24.107,20.511
r08,r08_A1,A1,obfuscated,READ,538,20.101,3.999,24.1,20.487
r08,r08_A1,A1,obfuscated,READ,539,20.101,4.013,24.114,20.501
r08,r08_A1,A1,obfuscated,READ,540,20.088,3.993,24.081,20.521
r08,r08_A1,A1,obfuscated,SELECT,541,20.108,4.001,24.109,20.608
r08,r08_A1,A1,obfuscated,OPERATE,542,20.118,3.987,24.105,0.366
r08,r08_A1,A1,obfuscated,READ,543,20.104,3.999,24.103,20.547
r08,r08_A1,A1,obfuscated,READ,544,20.11,4.003,24.113,20.497
r08,r08_A1,A1,obfuscated,READ,545,20.081,4.036,24.117,20.52
r08,r08_A1,A1,obfuscated,READ,546,20.105,3.978,24.083,20.487
r08,r08_A1,A1,obfuscated,READ,547,20.114,4.0,24.114,20.531
r08,r08_A1,A1,obfuscated,READ,548,20.1,4.003,24.103,20.486
r08,r08_A1,A1,obfuscated,SELECT,549,20.11,4.001,24.111,20.599
r08,r08_A1,A1,obfuscated,OPERATE,550,20.106,3.999,24.105,0.379
r08,r08_A1,A1,obfuscated,READ,551,20.104,3.995,24.099,20.664
r08,r08_A1,A1,obfuscated,READ,552,20.094,4.022,24.116,20.5
r08,r08_A1,A1,obfuscated,READ,553,20.044,4.062,24.106,20.512
r08,r08_A1,A1,obfuscated,READ,554,20.107,4.001,24.108,20.425
r08,r08_A1,A1,obfuscated,READ,555,20.082,4.023,24.105,20.497
r08,r08_A1,A1,obfuscated,SELECT,556,20.104,4.005,24.109,20.598
r08,r08_A1,A1,obfuscated,OPERATE,557,20.106,3.999,24.105,0.348
r08,r08_A1,A1,obfuscated,READ,558,20.082,4.028,24.11,20.546
r08,r08_A1,A1,obfuscated,READ,559,20.109,4.004,24.113,20.499
r08,r08_A1,A1,obfuscated,READ,560,20.082,4.0,24.082,20.419
r08,r08_A1,A1,obfuscated,READ,561,20.109,4.0,24.109,20.493
r08,r08_A1,A1,obfuscated,READ,562,20.107,3.999,24.106,20.518
r08,r08_A1,A1,obfuscated,READ,563,20.081,4.0,24.081,20.524
r08,r08_A1,A1,obfuscated,SELECT,564,20.113,3.993,24.106,20.601
r08,r08_A1,A1,obfuscated,OPERATE,565,20.11,3.997,24.107,0.368
r08,r08_A1,A1,obfuscated,READ,566,20.102,3.998,24.1,20.535
r08,r08_A1,A1,obfuscated,READ,567,20.111,3.999,24.11,20.505
r08,r08_A1,A1,obfuscated,READ,568,20.085,4.025,24.11,20.519
r08,r08_A1,A1,obfuscated,READ,569,20.113,3.992,24.105,20.493
r08,r08_A1,A1,obfuscated,READ,570,20.102,4.01,24.112,20.526
r08,r08_A1,A1,obfuscated,SELECT,571,20.085,4.019,24.104,20.635
r08,r08_A1,A1,obfuscated,OPERATE,572,20.109,3.996,24.105,0.349
r08,r08_A1,A1,obfuscated,READ,573,20.039,4.07,24.109,20.545
r08,r08_A1,A1,obfuscated,READ,574,20.109,3.998,24.107,20.422
r08,r08_A1,A1,obfuscated,READ,575,20.096,4.009,24.105,20.587
r08,r08_A1,A1,obfuscated,READ,576,20.084,4.025,24.109,20.51
r08,r08_A1,A1,obfuscated,READ,577,20.105,4.002,24.107,20.488
r08,r08_A1,A1,obfuscated,READ,578,20.089,4.022,24.111,20.504
r08,r08_A1,A1,obfuscated,READ,579,20.101,3.997,24.098,20.5
r08,r08_A1,A1,obfuscated,READ,580,20.09,4.02,24.11,20.52
r08,r08_A1,A1,obfuscated,SELECT,581,20.082,4.024,24.106,20.559
r08,r08_A1,A1,obfuscated,OPERATE,582,20.112,3.992,24.104,0.348
r08,r08_A1,A1,obfuscated,READ,583,20.082,4.022,24.104,20.547
r08,r08_A1,A1,obfuscated,READ,584,20.097,4.002,24.099,20.505
r08,r08_A1,A1,obfuscated,READ,585,20.088,4.026,24.114,20.505
r08,r08_A1,A1,obfuscated,READ,586,20.089,4.025,24.114,20.483
r08,r08_A1,A1,obfuscated,READ,587,20.112,3.974,24.086,20.418
r08,r08_A1,A1,obfuscated,READ,588,20.083,4.026,24.109,20.506
r08,r08_A1,A1,obfuscated,READ,589,20.105,4.002,24.107,20.489
r08,r08_A1,A1,obfuscated,READ,590,20.093,4.015,24.108,20.516
r08,r08_A1,A1,obfuscated,READ,591,20.103,4.013,24.116,20.494
r08,r08_A1,A1,obfuscated,SELECT,592,20.113,3.994,24.107,20.603
r08,r08_A1,A1,obfuscated,OPERATE,593,20.105,3.933,24.038,0.379
r08,r08_A1,A1,obfuscated,READ,594,20.104,4.008,24.112,20.491
r08,r08_A1,A1,obfuscated,READ,595,20.087,4.028,24.115,20.511
r08,r08_A1,A1,obfuscated,READ,596,20.103,4.001,24.104,20.492
r08,r08_A1,A1,obfuscated,READ,597,20.105,4.006,24.111,20.496
r08,r08_A1,A1,obfuscated,READ,598,20.082,4.024,24.106,20.488
r08,r08_A1,A1,obfuscated,READ,599,20.105,4.005,24.11,20.491
r08,r08_A1,A1,obfuscated,READ,600,20.087,3.954,24.041,20.554
r08,r08_A1,A1,obfuscated,SELECT,601,20.103,4.019,24.122,20.551
r08,r08_A1,A1,obfuscated,OPERATE,602,20.11,4.002,24.112,0.349
r08,r08_A1,A1,obfuscated,READ,603,20.083,4.023,24.106,20.558
r08,r08_A1,A1,obfuscated,READ,604,20.109,4.003,24.112,20.492
r08,r08_A1,A1,obfuscated,READ,605,20.081,4.031,24.112,20.504
r08,r08_A1,A1,obfuscated,READ,606,20.103,3.997,24.1,20.489
r08,r08_A1,A1,obfuscated,READ,607,20.089,3.996,24.085,20.456
r08,r08_A1,A1,obfuscated,READ,608,20.082,4.029,24.111,20.524
r08,r08_A1,A1,obfuscated,SELECT,609,20.095,3.999,24.094,20.606
r08,r08_A1,A1,obfuscated,OPERATE,610,20.108,4.003,24.111,0.352
r08,r08_A1,A1,obfuscated,READ,611,20.102,3.997,24.099,20.545
r08,r08_A1,A1,obfuscated,READ,612,20.109,3.995,24.104,20.498
r08,r08_A1,A1,obfuscated,READ,613,20.083,4.023,24.106,20.509
r08,r08_A1,A1,obfuscated,READ,614,20.11,3.974,24.084,20.412
r08,r08_A1,A1,obfuscated,READ,615,20.082,4.026,24.108,20.489
r08,r08_A1,A1,obfuscated,SELECT,616,20.102,4.002,24.104,20.601
r08,r08_A1,A1,obfuscated,OPERATE,617,20.112,4.003,24.115,0.346
r08,r08_A1,A1,obfuscated,READ,618,20.083,4.025,24.108,20.564
r08,r08_A1,A1,obfuscated,READ,619,20.105,3.999,24.104,20.491
r08,r08_A1,A1,obfuscated,READ,620,20.083,3.953,24.036,20.493
r08,r08_A1,A1,obfuscated,READ,621,20.102,4.004,24.106,20.449
r08,r08_A1,A1,obfuscated,READ,622,20.081,4.001,24.082,20.517
r08,r08_A1,A1,obfuscated,READ,623,20.1,3.997,24.097,20.498
r08,r08_A1,A1,obfuscated,READ,624,20.115,3.991,24.106,20.512
r08,r08_A1,A1,obfuscated,READ,625,20.082,4.028,24.11,20.563
r08,r08_A1,A1,obfuscated,SELECT,626,20.105,4.003,24.108,20.597
r08,r08_A1,A1,obfuscated,OPERATE,627,20.04,4.065,24.105,0.348
r08,r08_A1,A1,obfuscated,READ,628,20.081,4.03,24.111,20.572
r08,r08_A1,A1,obfuscated,READ,629,20.105,4.006,24.111,20.495
r08,r08_A1,A1,obfuscated,READ,630,20.082,4.027,24.109,20.504
r08,r08_A1,A1,obfuscated,READ,631,20.101,4.001,24.102,20.495
r08,r08_A1,A1,obfuscated,READ,632,20.112,4.0,24.112,20.488
r08,r08_A1,A1,obfuscated,SELECT,633,20.081,4.0,24.081,20.622
r08,r08_A1,A1,obfuscated,OPERATE,634,20.109,3.976,24.085,0.298
r08,r08_A1,A1,obfuscated,READ,635,20.083,4.022,24.105,20.554
r08,r08_A1,A1,obfuscated,READ,636,20.104,3.996,24.1,20.49
r08,r08_A1,A1,obfuscated,READ,637,20.049,4.043,24.092,20.475
r08,r08_A1,A1,obfuscated,READ,638,20.037,4.047,24.084,20.513
r08,r08_A1,A1,obfuscated,READ,639,20.085,4.002,24.087,20.43
r08,r08_A1,A1,obfuscated,SELECT,640,20.081,4.03,24.111,20.611
r08,r08_A1,A1,obfuscated,OPERATE,641,20.104,4.007,24.111,0.35
r08,r08_A1,A1,obfuscated,READ,642,20.101,4.01,24.111,20.569
r08,r08_A1,A1,obfuscated,READ,643,20.094,4.035,24.129,20.498
r08,r08_A1,A1,obfuscated,READ,644,20.096,4.016,24.112,20.489
r08,r08_A1,A1,obfuscated,READ,645,20.084,4.023,24.107,20.488
r08,r08_A1,A1,obfuscated,READ,646,20.105,4.0,24.105,20.474
r08,r08_A1,A1,obfuscated,READ,647,20.106,3.991,24.097,20.497
r08,r08_A1,A1,obfuscated,SELECT,648,20.082,4.026,24.108,20.619
r08,r08_A1,A1,obfuscated,OPERATE,649,20.108,3.997,24.105,0.349
r08,r08_A1,A1,obfuscated,READ,650,20.083,4.026,24.109,20.591
r08,r08_A1,A1,obfuscated,READ,651,20.098,4.012,24.11,20.499
r08,r08_A1,A1,obfuscated,READ,652,20.107,4.005,24.112,20.487
r08,r08_A1,A1,obfuscated,READ,653,20.081,3.999,24.08,20.515
r08,r08_A1,A1,obfuscated,READ,654,20.106,4.005,24.111,20.441
r08,r08_A1,A1,obfuscated,READ,655,20.082,4.024,24.106,20.474
r08,r08_A1,A1,obfuscated,READ,656,20.116,3.989,24.105,20.494
r08,r08_A1,A1,obfuscated,SELECT,657,20.104,4.006,24.11,20.621
r08,r08_A1,A1,obfuscated,OPERATE,658,20.107,4.001,24.108,0.352
r08,r08_A1,A1,obfuscated,READ,659,20.108,3.996,24.104,20.541
r08,r08_A1,A1,obfuscated,READ,660,20.083,4.026,24.109,20.485
r08,r08_A1,A1,obfuscated,READ,661,20.106,4.004,24.11,20.419
r08,r08_A1,A1,obfuscated,READ,662,20.111,3.996,24.107,20.524
r08,r08_A1,A1,obfuscated,READ,663,20.102,4.016,24.118,20.502
r08,r08_A1,A1,obfuscated,SELECT,664,20.112,4.0,24.112,20.596
r08,r08_A1,A1,obfuscated,OPERATE,665,20.109,3.996,24.105,0.379
r08,r08_A1,A1,obfuscated,READ,666,20.113,4.003,24.116,20.528
r08,r08_A1,A1,obfuscated,READ,667,20.092,4.006,24.098,20.476
r08,r08_A1,A1,obfuscated,READ,668,20.087,4.014,24.101,20.5
r08,r08_A1,A1,obfuscated,READ,669,20.11,4.0,24.11,20.49
r08,r08_A1,A1,obfuscated,READ,670,20.082,4.032,24.114,20.485
r08,r08_A1,A1,obfuscated,READ,671,20.104,4.003,24.107,20.488
r08,r08_A1,A1,obfuscated,SELECT,672,20.112,4.005,24.117,20.621
r08,r08_A1,A1,obfuscated,OPERATE,673,20.126,3.981,24.107,0.349
r08,r08_A1,A1,obfuscated,READ,674,20.094,4.017,24.111,20.485
r08,r08_A1,A1,obfuscated,READ,675,20.082,4.025,24.107,20.566
r08,r08_A1,A1,obfuscated,READ,676,20.096,4.001,24.097,20.494
r08,r08_A1,A1,obfuscated,READ,677,20.107,4.006,24.113,20.499
r08,r08_A1,A1,obfuscated,READ,678,20.082,4.025,24.107,20.535
r08,r08_A1,A1,obfuscated,SELECT,679,20.104,4.003,24.107,20.601
r08,r08_A1,A1,obfuscated,OPERATE,680,20.084,4.023,24.107,0.356
r08,r08_A1,A1,obfuscated,READ,681,20.107,3.999,24.106,20.462
r08,r08_A1,A1,obfuscated,READ,682,20.083,4.011,24.094,20.489
r08,r08_A1,A1,obfuscated,READ,683,20.083,4.022,24.105,20.526
r08,r08_A1,A1,obfuscated,READ,684,20.112,4.0,24.112,20.487
r08,r08_A1,A1,obfuscated,READ,685,20.082,4.024,24.106,20.49
r08,r08_A1,A1,obfuscated,SELECT,686,20.097,4.009,24.106,20.616
r08,r08_A1,A1,obfuscated,OPERATE,687,20.107,3.974,24.081,0.353
r08,r08_A1,A1,obfuscated,READ,688,20.088,4.025,24.113,20.55
r08,r08_A1,A1,obfuscated,READ,689,20.105,4.006,24.111,20.504
r08,r08_A1,A1,obfuscated,READ,690,20.085,4.02,24.105,20.539
r08,r08_A1,A1,obfuscated,READ,691,20.106,3.997,24.103,20.487
r08,r08_A1,A1,obfuscated,READ,692,20.106,4.006,24.112,20.499
r08,r08_A1,A1,obfuscated,SELECT,693,20.081,4.023,24.104,20.615
r08,r08_A1,A1,obfuscated,OPERATE,694,20.088,4.026,24.114,0.349
r08,r08_A1,A1,obfuscated,READ,695,20.104,4.004,24.108,20.567
r08,r08_A1,A1,obfuscated,READ,696,20.089,4.014,24.103,20.513
r08,r08_A1,A1,obfuscated,READ,697,20.105,4.001,24.106,20.492
r08,r08_A1,A1,obfuscated,READ,698,20.088,4.023,24.111,20.495
r08,r08_A1,A1,obfuscated,READ,699,20.107,3.998,24.105,20.491
r08,r08_A1,A1,obfuscated,READ,700,20.106,3.977,24.083,20.535
r08,r08_A1,A1,obfuscated,READ,701,20.099,4.005,24.104,20.436
r08,r08_A1,A1,obfuscated,READ,702,20.112,3.994,24.106,20.491
r08,r08_A1,A1,obfuscated,SELECT,703,20.082,4.027,24.109,20.592
r08,r08_A1,A1,obfuscated,OPERATE,704,20.11,4.005,24.115,0.346
r08,r08_A1,A1,obfuscated,READ,705,20.108,4.006,24.114,20.572
r08,r08_A1,A1,obfuscated,READ,706,20.082,3.97,24.052,20.513
r08,r08_A1,A1,obfuscated,READ,707,20.101,4.003,24.104,20.494
r08,r08_A1,A1,obfuscated,READ,708,20.083,4.034,24.117,20.495
r08,r08_A1,A1,obfuscated,READ,709,20.105,4.0,24.105,20.509
r08,r08_A1,A1,obfuscated,READ,710,20.102,4.01,24.112,20.519
r08,r08_A1,A1,obfuscated,READ,711,20.081,4.023,24.104,20.507
r08,r08_A1,A1,obfuscated,SELECT,712,20.105,4.002,24.107,20.604
r08,r08_A1,A1,obfuscated,OPERATE,713,20.083,4.027,24.11,0.377
r08,r08_A1,A1,obfuscated,READ,714,20.097,3.996,24.093,20.526
r08,r08_A1,A1,obfuscated,READ,715,20.082,4.024,24.106,20.497
r08,r08_A1,A1,obfuscated,READ,716,20.082,4.024,24.106,20.523
r08,r08_A1,A1,obfuscated,READ,717,20.105,4.0,24.105,20.497
r08,r08_A1,A1,obfuscated,READ,718,20.082,4.031,24.113,20.522
r08,r08_A1,A1,obfuscated,SELECT,719,20.083,3.999,24.082,20.621
r08,r08_A1,A1,obfuscated,OPERATE,720,20.106,3.997,24.103,0.349
r08,r08_A1,A1,obfuscated,READ,721,20.082,4.025,24.107,20.542
r08,r08_A1,A1,obfuscated,READ,722,20.107,3.999,24.106,20.501
r08,r08_A1,A1,obfuscated,READ,723,20.093,4.014,24.107,20.522
r08,r08_A1,A1,obfuscated,READ,724,20.097,4.009,24.106,20.499
r08,r08_A1,A1,obfuscated,READ,725,20.109,4.002,24.111,20.55
r08,r08_A1,A1,obfuscated,SELECT,726,20.048,4.058,24.106,20.597
r08,r08_A1,A1,obfuscated,OPERATE,727,20.106,3.999,24.105,0.349
r08,r08_A1,A1,obfuscated,READ,728,20.105,4.004,24.109,20.566
r08,r08_A1,A1,obfuscated,READ,729,20.083,4.031,24.114,20.504
r08,r08_A1,A1,obfuscated,READ,730,20.114,4.0,24.114,20.496
r08,r08_A1,A1,obfuscated,READ,731,20.082,4.029,24.111,20.528
r08,r08_A1,A1,obfuscated,READ,732,20.105,4.008,24.113,20.499
r08,r08_A1,A1,obfuscated,SELECT,733,20.116,3.928,24.044,20.52
r08,r08_A1,A1,obfuscated,OPERATE,734,20.105,4.001,24.106,0.351
r08,r08_A1,A1,obfuscated,READ,735,20.108,4.001,24.109,20.559
r08,r08_A1,A1,obfuscated,READ,736,20.083,4.022,24.105,20.483
r08,r08_A1,A1,obfuscated,READ,737,20.111,4.007,24.118,20.492
r08,r08_A1,A1,obfuscated,READ,738,20.102,4.009,24.111,20.497
r08,r08_A1,A1,obfuscated,READ,739,20.088,3.994,24.082,20.522
r08,r08_A1,A1,obfuscated,SELECT,740,20.104,4.013,24.117,20.608
r08,r08_A1,A1,obfuscated,OPERATE,741,20.109,4.001,24.11,0.361
r08,r08_A1,A1,obfuscated,READ,742,20.105,4.004,24.109,20.519
r08,r08_A1,A1,obfuscated,READ,743,20.106,4.005,24.111,20.496
r08,r08_A1,A1,obfuscated,READ,744,20.082,4.024,24.106,20.523
r08,r08_A1,A1,obfuscated,READ,745,20.112,3.995,24.107,20.49
r08,r08_A1,A1,obfuscated,READ,746,20.042,4.072,24.114,20.502
r08,r08_A1,A1,obfuscated,READ,747,20.092,4.004,24.096,20.491
r08,r08_A1,A1,obfuscated,READ,748,20.107,4.003,24.11,20.486
r08,r08_A1,A1,obfuscated,READ,749,20.082,4.026,24.108,20.528
r08,r08_A1,A1,obfuscated,SELECT,750,20.092,3.997,24.089,20.666
r08,r08_A1,A1,obfuscated,OPERATE,751,20.107,4.001,24.108,0.352
r08,r08_A1,A1,obfuscated,READ,752,20.082,4.023,24.105,20.563
r08,r08_A1,A1,obfuscated,READ,753,20.108,4.001,24.109,20.411
r08,r08_A1,A1,obfuscated,READ,754,20.081,4.027,24.108,20.494
r08,r08_A1,A1,obfuscated,READ,755,20.106,4.003,24.109,20.489
r08,r08_A1,A1,obfuscated,READ,756,20.107,4.0,24.107,20.538
r08,r08_A1,A1,obfuscated,READ,757,20.086,4.02,24.106,20.522
r08,r08_A1,A1,obfuscated,READ,758,20.106,3.999,24.105,20.47
r08,r08_A1,A1,obfuscated,SELECT,759,20.082,4.026,24.108,20.596
r08,r08_A1,A1,obfuscated,OPERATE,760,20.105,4.001,24.106,0.348
r08,r08_A1,A1,obfuscated,READ,761,20.102,4.005,24.107,20.572
r08,r08_A1,A1,obfuscated,READ,762,20.087,4.02,24.107,20.509
r08,r08_A1,A1,obfuscated,READ,763,20.109,4.003,24.112,20.498
r08,r08_A1,A1,obfuscated,READ,764,20.082,4.023,24.105,20.495
r08,r08_A1,A1,obfuscated,READ,765,20.098,4.011,24.109,20.492
r08,r08_A1,A1,obfuscated,SELECT,766,20.105,3.98,24.085,20.578
r08,r08_A1,A1,obfuscated,OPERATE,767,20.108,4.0,24.108,0.352
r08,r08_A1,A1,obfuscated,READ,768,20.114,3.99,24.104,20.542
r08,r08_A1,A1,obfuscated,READ,769,20.082,4.025,24.107,20.488
r08,r08_A1,A1,obfuscated,READ,770,20.114,3.997,24.111,20.49
r08,r08_A1,A1,obfuscated,READ,771,20.108,4.023,24.131,20.504
r08,r08_A1,A1,obfuscated,READ,772,20.082,3.999,24.081,20.519
r08,r08_A1,A1,obfuscated,SELECT,773,20.104,4.002,24.106,20.554
r08,r08_A1,A1,obfuscated,OPERATE,774,20.106,4.001,24.107,0.366
r08,r08_A1,A1,obfuscated,READ,775,20.095,3.998,24.093,20.611
r08,r08_A1,A1,obfuscated,READ,776,20.102,4.003,24.105,20.491
r08,r08_A1,A1,obfuscated,READ,777,20.081,4.029,24.11,20.528
r08,r08_A1,A1,obfuscated,READ,778,20.109,4.0,24.109,20.499
r08,r08_A1,A1,obfuscated,READ,779,20.106,3.999,24.105,20.516
r08,r08_A1,A1,obfuscated,READ,780,20.105,3.997,24.102,20.412
r08,r08_A1,A1,obfuscated,READ,781,20.083,4.026,24.109,20.498
r08,r08_A1,A1,obfuscated,SELECT,782,20.083,4.027,24.11,20.629
r08,r08_A1,A1,obfuscated,OPERATE,783,20.105,4.001,24.106,0.35
r08,r08_A1,A1,obfuscated,READ,784,20.082,4.023,24.105,20.573
r08,r08_A1,A1,obfuscated,READ,785,20.106,4.006,24.112,20.489
r08,r08_A1,A1,obfuscated,READ,786,20.095,4.012,24.107,20.47
r08,r08_A1,A1,obfuscated,READ,787,20.093,4.021,24.114,20.515
r08,r08_A1,A1,obfuscated,READ,788,20.105,3.975,24.08,20.49
r08,r08_A1,A1,obfuscated,SELECT,789,20.102,4.003,24.105,20.612
r08,r08_A1,A1,obfuscated,OPERATE,790,20.108,3.997,24.105,0.346
r08,r08_A1,A1,obfuscated,READ,791,20.082,4.023,24.105,20.546
r08,r08_A1,A1,obfuscated,READ,792,20.082,3.999,24.081,20.489
r08,r08_A1,A1,obfuscated,READ,793,20.095,4.009,24.104,20.449
r08,r08_OFF,OFF,native,READ,0,0.461,21.756,22.217,
r08,r08_OFF,OFF,native,READ,1,0.442,3.785,4.227,20.52
r08,r08_OFF,OFF,native,READ,2,0.569,4.05,4.619,20.495
r08,r08_OFF,OFF,native,READ,3,3.064,1.54,4.604,20.483
r08,r08_OFF,OFF,native,READ,4,0.52,3.868,4.388,20.511
r08,r08_OFF,OFF,native,READ,5,0.482,1.178,1.66,20.504
r08,r08_OFF,OFF,native,SELECT,6,1.544,1.035,2.579,20.659
r08,r08_OFF,OFF,native,OPERATE,7,0.487,2.982,3.469,0.384
r08,r08_OFF,OFF,native,READ,8,0.485,1.175,1.66,20.569
r08,r08_OFF,OFF,native,READ,9,0.453,2.343,2.796,20.499
r08,r08_OFF,OFF,native,READ,10,0.56,1.038,1.598,20.503
r08,r08_OFF,OFF,native,READ,11,0.56,2.106,2.666,20.527
r08,r08_OFF,OFF,native,READ,12,0.548,1.115,1.663,20.511
r08,r08_OFF,OFF,native,SELECT,13,0.55,1.277,1.827,20.644
r08,r08_OFF,OFF,native,OPERATE,14,1.121,1.932,3.053,0.369
r08,r08_OFF,OFF,native,READ,15,0.615,2.017,2.632,20.584
r08,r08_OFF,OFF,native,READ,16,0.554,1.112,1.666,20.516
r08,r08_OFF,OFF,native,READ,17,0.521,2.113,2.634,20.536
r08,r08_OFF,OFF,native,READ,18,0.719,2.12,2.839,20.429
r08,r08_OFF,OFF,native,READ,19,0.55,2.044,2.594,20.501
r08,r08_OFF,OFF,native,READ,20,0.62,5.831,6.451,20.501
r08,r08_OFF,OFF,native,SELECT,21,0.589,9.623,10.212,20.617
r08,r08_OFF,OFF,native,OPERATE,22,0.506,9.282,9.788,0.359
r08,r08_OFF,OFF,native,READ,23,3.11,5.416,8.526,20.543
r08,r08_OFF,OFF,native,READ,24,0.555,4.02,4.575,20.511
r08,r08_OFF,OFF,native,READ,25,0.496,3.915,4.411,20.504
r08,r08_OFF,OFF,native,READ,26,0.577,3.737,4.314,20.594
r08,r08_OFF,OFF,native,READ,27,3.271,1.25,4.521,20.505
r08,r08_OFF,OFF,native,READ,28,0.57,1.091,1.661,20.507
r08,r08_OFF,OFF,native,SELECT,29,1.694,1.032,2.726,20.64
r08,r08_OFF,OFF,native,OPERATE,30,0.484,2.957,3.441,0.384
r08,r08_OFF,OFF,native,READ,31,0.488,1.171,1.659,20.548
r08,r08_OFF,OFF,native,READ,32,0.54,2.086,2.626,20.519
r08,r08_OFF,OFF,native,READ,33,0.576,1.078,1.654,20.5
r08,r08_OFF,OFF,native,READ,34,0.484,1.18,1.664,20.501
r08,r08_OFF,OFF,native,READ,35,1.497,1.116,2.613,20.505
r08,r08_OFF,OFF,native,SELECT,36,0.458,1.159,1.617,20.629
r08,r08_OFF,OFF,native,OPERATE,37,1.535,1.869,3.404,0.374
r08,r08_OFF,OFF,native,READ,38,0.615,2.149,2.764,20.554
r08,r08_OFF,OFF,native,READ,39,0.552,1.113,1.665,20.506
r08,r08_OFF,OFF,native,READ,40,0.494,1.116,1.61,20.507
r08,r08_OFF,OFF,native,READ,41,1.527,1.099,2.626,20.508
r08,r08_OFF,OFF,native,READ,42,0.553,1.1,1.653,20.505
r08,r08_OFF,OFF,native,READ,43,0.56,2.173,2.733,20.497
r08,r08_OFF,OFF,native,SELECT,44,0.578,4.445,5.023,20.651
r08,r08_OFF,OFF,native,OPERATE,45,0.55,4.828,5.378,0.359
r08,r08_OFF,OFF,native,READ,46,1.541,2.374,3.915,20.599
r08,r08_OFF,OFF,native,READ,47,0.605,3.796,4.401,20.508
r08,r08_OFF,OFF,native,READ,48,0.462,3.939,4.401,20.5
r08,r08_OFF,OFF,native,READ,49,0.558,3.892,4.45,20.505
r08,r08_OFF,OFF,native,READ,50,0.569,3.954,4.523,20.502
r08,r08_OFF,OFF,native,READ,51,0.534,2.834,3.368,20.565
r08,r08_OFF,OFF,native,READ,52,0.56,1.098,1.658,20.502
r08,r08_OFF,OFF,native,SELECT,53,0.576,2.091,2.667,20.613
r08,r08_OFF,OFF,native,OPERATE,54,0.566,2.718,3.284,0.371
r08,r08_OFF,OFF,native,READ,55,0.548,1.09,1.638,20.523
r08,r08_OFF,OFF,native,READ,56,0.557,1.099,1.656,20.509
r08,r08_OFF,OFF,native,READ,57,0.505,2.096,2.601,20.507
r08,r08_OFF,OFF,native,READ,58,0.491,1.168,1.659,20.508
r08,r08_OFF,OFF,native,READ,59,0.501,2.173,2.674,20.516
r08,r08_OFF,OFF,native,READ,60,0.57,1.099,1.669,20.51
r08,r08_OFF,OFF,native,SELECT,61,0.625,1.997,2.622,20.612
r08,r08_OFF,OFF,native,OPERATE,62,0.503,1.941,2.444,0.358
r08,r08_OFF,OFF,native,READ,63,0.522,5.889,6.411,20.549
r08,r08_OFF,OFF,native,READ,64,0.573,4.048,4.621,20.502
r08,r08_OFF,OFF,native,READ,65,0.534,8.508,9.042,20.504
r08,r08_OFF,OFF,native,READ,66,0.496,3.874,4.37,20.494
r08,r08_OFF,OFF,native,READ,67,0.503,4.022,4.525,20.466
r08,r08_OFF,OFF,native,SELECT,68,0.561,3.789,4.35,20.628
r08,r08_OFF,OFF,native,OPERATE,69,0.494,4.359,4.853,0.375
r08,r08_OFF,OFF,native,READ,70,0.547,8.275,8.822,20.55
r08,r08_OFF,OFF,native,READ,71,0.555,3.897,4.452,20.514
r08,r08_OFF,OFF,native,READ,72,0.571,4.58,5.151,20.508
r08,r08_OFF,OFF,native,READ,73,0.489,3.928,4.417,20.504
r08,r08_OFF,OFF,native,READ,74,0.502,3.543,4.045,20.498
r08,r08_OFF,OFF,native,SELECT,75,0.479,3.955,4.434,20.531
r08,r08_OFF,OFF,native,OPERATE,76,0.527,5.827,6.354,0.36
r08,r08_OFF,OFF,native,READ,77,0.494,1.185,1.679,20.59
r08,r08_OFF,OFF,native,READ,78,0.542,2.137,2.679,20.48
r08,r08_OFF,OFF,native,READ,79,0.558,1.164,1.722,20.517
r08,r08_OFF,OFF,native,READ,80,0.544,4.424,4.968,20.526
r08,r08_OFF,OFF,native,READ,81,2.887,1.739,4.626,20.5
r08,r08_OFF,OFF,native,READ,82,0.559,3.777,4.336,20.507
r08,r08_OFF,OFF,native,READ,83,0.548,2.081,2.629,20.506
r08,r08_OFF,OFF,native,READ,84,0.581,1.065,1.646,20.505
r08,r08_OFF,OFF,native,READ,85,0.489,1.165,1.654,20.53
r08,r08_OFF,OFF,native,SELECT,86,0.517,2.082,2.599,20.607
r08,r08_OFF,OFF,native,OPERATE,87,0.494,3.161,3.655,0.359
r08,r08_OFF,OFF,native,READ,88,0.57,1.069,1.639,20.552
r08,r08_OFF,OFF,native,READ,89,0.552,2.058,2.61,20.505
r08,r08_OFF,OFF,native,READ,90,0.531,4.684,5.215,20.506
r08,r08_OFF,OFF,native,READ,91,0.579,3.927,4.506,20.503
r08,r08_OFF,OFF,native,READ,92,0.506,4.103,4.609,20.511
r08,r08_OFF,OFF,native,READ,93,0.546,4.057,4.603,20.505
r08,r08_OFF,OFF,native,SELECT,94,0.487,3.714,4.201,20.532
r08,r08_OFF,OFF,native,OPERATE,95,0.505,4.223,4.728,0.361
r08,r08_OFF,OFF,native,READ,96,0.575,3.08,3.655,20.547
r08,r08_OFF,OFF,native,READ,97,0.571,3.919,4.49,20.509
r08,r08_OFF,OFF,native,READ,98,0.54,1.124,1.664,20.507
r08,r08_OFF,OFF,native,READ,99,0.525,2.261,2.786,20.503
r08,r08_OFF,OFF,native,READ,100,0.56,1.102,1.662,20.5
r08,r08_OFF,OFF,native,READ,101,0.556,2.163,2.719,20.598
r08,r08_OFF,OFF,native,SELECT,102,0.579,1.038,1.617,20.613
r08,r08_OFF,OFF,native,OPERATE,103,0.459,2.919,3.378,0.36
r08,r08_OFF,OFF,native,READ,104,0.516,1.119,1.635,20.543
r08,r08_OFF,OFF,native,READ,105,0.573,2.076,2.649,20.506
r08,r08_OFF,OFF,native,READ,106,0.538,1.114,1.652,20.5
r08,r08_OFF,OFF,native,READ,107,0.561,2.104,2.665,20.502
r08,r08_OFF,OFF,native,READ,108,0.525,1.167,1.692,20.523
r08,r08_OFF,OFF,native,SELECT,109,0.554,1.027,1.581,20.613
r08,r08_OFF,OFF,native,OPERATE,110,1.184,2.001,3.185,0.359
r08,r08_OFF,OFF,native,READ,111,0.521,2.064,2.585,20.569
r08,r08_OFF,OFF,native,READ,112,0.589,5.313,5.902,20.516
r08,r08_OFF,OFF,native,READ,113,0.461,4.053,4.514,20.485
r08,r08_OFF,OFF,native,READ,114,0.455,4.022,4.477,20.482
r08,r08_OFF,OFF,native,READ,115,0.544,3.999,4.543,20.484
r08,r08_OFF,OFF,native,SELECT,116,0.585,3.791,4.376,20.609
r08,r08_OFF,OFF,native,OPERATE,117,0.499,5.955,6.454,0.355
r08,r08_OFF,OFF,native,READ,118,0.537,2.264,2.801,20.551
r08,r08_OFF,OFF,native,READ,119,0.578,3.925,4.503,20.504
r08,r08_OFF,OFF,native,READ,120,0.571,3.797,4.368,20.511
r08,r08_OFF,OFF,native,READ,121,0.583,4.049,4.632,20.459
r08,r08_OFF,OFF,native,READ,122,0.558,2.087,2.645,20.503
r08,r08_OFF,OFF,native,SELECT,123,0.574,1.047,1.621,20.621
r08,r08_OFF,OFF,native,OPERATE,124,1.548,1.85,3.398,0.376
r08,r08_OFF,OFF,native,READ,125,0.557,2.099,2.656,20.549
r08,r08_OFF,OFF,native,READ,126,0.564,1.145,1.709,20.602
r08,r08_OFF,OFF,native,READ,127,0.567,1.092,1.659,20.441
r08,r08_OFF,OFF,native,READ,128,0.518,2.176,2.694,20.505
r08,r08_OFF,OFF,native,READ,129,0.534,1.112,1.646,20.506
r08,r08_OFF,OFF,native,READ,130,0.518,2.112,2.63,20.547
r08,r08_OFF,OFF,native,SELECT,131,0.554,1.048,1.602,20.613
r08,r08_OFF,OFF,native,OPERATE,132,0.489,2.871,3.36,0.361
r08,r08_OFF,OFF,native,READ,133,0.552,1.121,1.673,20.549
r08,r08_OFF,OFF,native,READ,134,0.528,2.107,2.635,20.531
r08,r08_OFF,OFF,native,READ,135,0.557,1.083,1.64,20.498
r08,r08_OFF,OFF,native,READ,136,0.547,2.103,2.65,20.444
r08,r08_OFF,OFF,native,READ,137,0.529,1.973,2.502,20.501
r08,r08_OFF,OFF,native,SELECT,138,0.575,3.741,4.316,20.61
r08,r08_OFF,OFF,native,OPERATE,139,1.532,4.933,6.465,0.357
r08,r08_OFF,OFF,native,READ,140,0.569,3.168,3.737,20.55
r08,r08_OFF,OFF,native,READ,141,1.961,2.656,4.617,20.51
r08,r08_OFF,OFF,native,READ,142,0.511,3.778,4.289,20.51
r08,r08_OFF,OFF,native,READ,143,0.595,3.989,4.584,20.493
r08,r08_OFF,OFF,native,READ,144,0.571,3.912,4.483,20.504
r08,r08_OFF,OFF,native,READ,145,0.564,1.076,1.64,20.5
r08,r08_OFF,OFF,native,SELECT,146,0.709,1.119,1.828,20.634
r08,r08_OFF,OFF,native,OPERATE,147,1.007,2.039,3.046,0.358
r08,r08_OFF,OFF,native,READ,148,0.524,2.065,2.589,20.548
r08,r08_OFF,OFF,native,READ,149,0.57,1.119,1.689,20.505
r08,r08_OFF,OFF,native,READ,150,0.507,1.092,1.599,20.504
r08,r08_OFF,OFF,native,READ,151,1.529,1.157,2.686,20.585
r08,r08_OFF,OFF,native,READ,152,0.528,1.072,1.6,20.502
r08,r08_OFF,OFF,native,READ,153,0.504,2.204,2.708,20.502
r08,r08_OFF,OFF,native,SELECT,154,0.574,0.963,1.537,20.611
r08,r08_OFF,OFF,native,OPERATE,155,0.491,2.963,3.454,0.316
r08,r08_OFF,OFF,native,READ,156,0.49,1.177,1.667,20.531
r08,r08_OFF,OFF,native,READ,157,1.608,1.167,2.775,20.506
r08,r08_OFF,OFF,native,READ,158,0.506,1.112,1.618,20.506
r08,r08_OFF,OFF,native,READ,159,0.565,2.11,2.675,20.513
r08,r08_OFF,OFF,native,READ,160,0.508,1.116,1.624,20.511
r08,r08_OFF,OFF,native,SELECT,161,0.579,4.867,5.446,20.606
r08,r08_OFF,OFF,native,OPERATE,162,1.159,1.918,3.077,0.359
r08,r08_OFF,OFF,native,READ,163,0.586,6.479,7.065,20.549
r08,r08_OFF,OFF,native,READ,164,0.528,4.074,4.602,20.507
r08,r08_OFF,OFF,native,READ,165,0.57,3.807,4.377,20.501
r08,r08_OFF,OFF,native,READ,166,0.556,4.022,4.578,20.452
r08,r08_OFF,OFF,native,READ,167,0.529,3.968,4.497,20.506
r08,r08_OFF,OFF,native,READ,168,0.526,8.505,9.031,20.501
r08,r08_OFF,OFF,native,SELECT,169,0.534,1.038,1.572,20.666
r08,r08_OFF,OFF,native,OPERATE,170,1.577,1.876,3.453,0.358
r08,r08_OFF,OFF,native,READ,171,0.54,2.164,2.704,20.55
r08,r08_OFF,OFF,native,READ,172,0.571,1.098,1.669,20.504
r08,r08_OFF,OFF,native,READ,173,0.522,1.109,1.631,20.508
r08,r08_OFF,OFF,native,READ,174,1.565,1.092,2.657,20.505
r08,r08_OFF,OFF,native,READ,175,0.468,1.185,1.653,20.514
r08,r08_OFF,OFF,native,READ,176,0.499,2.136,2.635,20.578
r08,r08_OFF,OFF,native,READ,177,0.513,1.108,1.621,20.509
r08,r08_OFF,OFF,native,READ,178,0.552,2.095,2.647,20.499
r08,r08_OFF,OFF,native,READ,179,0.62,1.092,1.712,20.501
r08,r08_OFF,OFF,native,SELECT,180,3.114,1.218,4.332,20.634
r08,r08_OFF,OFF,native,OPERATE,181,0.562,2.9,3.462,0.357
r08,r08_OFF,OFF,native,READ,182,0.553,1.065,1.618,20.555
r08,r08_OFF,OFF,native,READ,183,0.57,2.132,2.702,20.491
r08,r08_OFF,OFF,native,READ,184,0.569,4.656,5.225,20.501
r08,r08_OFF,OFF,native,READ,185,0.573,13.022,13.595,20.5
r08,r08_OFF,OFF,native,READ,186,0.552,4.823,5.375,20.515
r08,r08_OFF,OFF,native,READ,187,1.535,2.921,4.456,20.511
r08,r08_OFF,OFF,native,SELECT,188,1.542,2.806,4.348,20.616
r08,r08_OFF,OFF,native,OPERATE,189,1.223,1.853,3.076,0.359
r08,r08_OFF,OFF,native,READ,190,0.503,6.494,6.997,20.611
r08,r08_OFF,OFF,native,READ,191,0.574,4.036,4.61,20.505
r08,r08_OFF,OFF,native,READ,192,0.559,1.25,1.809,20.504
r08,r08_OFF,OFF,native,READ,193,0.485,2.179,2.664,20.503
r08,r08_OFF,OFF,native,READ,194,0.498,1.142,1.64,20.43
r08,r08_OFF,OFF,native,READ,195,0.497,1.157,1.654,20.497
r08,r08_OFF,OFF,native,READ,196,0.52,2.032,2.552,20.501
r08,r08_OFF,OFF,native,READ,197,0.56,1.085,1.645,20.494
r08,r08_OFF,OFF,native,READ,198,0.543,2.073,2.616,20.498
r08,r08_OFF,OFF,native,SELECT,199,0.565,1.045,1.61,20.635
r08,r08_OFF,OFF,native,OPERATE,200,0.565,2.832,3.397,0.377
r08,r08_OFF,OFF,native,READ,201,0.56,1.103,1.663,20.609
r08,r08_OFF,OFF,native,READ,202,0.501,2.141,2.642,20.509
r08,r08_OFF,OFF,native,READ,203,0.544,1.109,1.653,20.443
r08,r08_OFF,OFF,native,READ,204,0.477,2.196,2.673,20.521
r08,r08_OFF,OFF,native,READ,205,0.571,1.042,1.613,20.508
r08,r08_OFF,OFF,native,SELECT,206,0.539,1.033,1.572,20.61
r08,r08_OFF,OFF,native,OPERATE,207,1.148,1.917,3.065,0.36
r08,r08_OFF,OFF,native,READ,208,0.527,6.272,6.799,20.572
r08,r08_OFF,OFF,native,READ,209,0.575,3.931,4.506,20.509
r08,r08_OFF,OFF,native,READ,210,0.582,3.878,4.46,20.515
r08,r08_OFF,OFF,native,READ,211,0.576,3.855,4.431,20.506
r08,r08_OFF,OFF,native,READ,212,0.574,4.191,4.765,20.502
r08,r08_OFF,OFF,native,SELECT,213,0.472,3.675,4.147,20.646
r08,r08_OFF,OFF,native,OPERATE,214,0.571,4.708,5.279,0.358
r08,r08_OFF,OFF,native,READ,215,0.579,3.003,3.582,20.584
r08,r08_OFF,OFF,native,READ,216,0.568,3.2,3.768,20.502
r08,r08_OFF,OFF,native,READ,217,0.527,1.158,1.685,20.496
r08,r08_OFF,OFF,native,READ,218,0.562,1.153,1.715,20.531
r08,r08_OFF,OFF,native,READ,219,3.512,2.299,5.811,20.522
r08,r08_OFF,OFF,native,READ,220,0.529,1.112,1.641,20.508
r08,r08_OFF,OFF,native,SELECT,221,0.587,1.03,1.617,20.607
r08,r08_OFF,OFF,native,OPERATE,222,1.264,1.812,3.076,0.358
r08,r08_OFF,OFF,native,READ,223,0.534,2.138,2.672,20.556
r08,r08_OFF,OFF,native,READ,224,0.566,1.15,1.716,20.507
r08,r08_OFF,OFF,native,READ,225,0.462,1.175,1.637,20.502
r08,r08_OFF,OFF,native,READ,226,1.493,1.177,2.67,20.582
r08,r08_OFF,OFF,native,READ,227,0.527,1.107,1.634,20.501
r08,r08_OFF,OFF,native,READ,228,0.488,2.158,2.646,20.506
r08,r08_OFF,OFF,native,READ,229,4.203,1.199,5.402,20.506
r08,r08_OFF,OFF,native,READ,230,0.577,3.4,3.977,20.499
r08,r08_OFF,OFF,native,SELECT,231,0.518,8.67,9.188,20.671
r08,r08_OFF,OFF,native,OPERATE,232,0.555,10.94,11.495,0.358
r08,r08_OFF,OFF,native,READ,233,0.49,7.919,8.409,20.543
r08,r08_OFF,OFF,native,READ,234,0.499,8.299,8.798,20.503
r08,r08_OFF,OFF,native,READ,235,0.578,8.875,9.453,20.506
r08,r08_OFF,OFF,native,READ,236,0.511,9.026,9.537,20.5
r08,r08_OFF,OFF,native,READ,237,2.899,1.69,4.589,20.503
r08,r08_OFF,OFF,native,READ,238,0.576,3.935,4.511,20.505
r08,r08_OFF,OFF,native,READ,239,0.561,3.945,4.506,20.519
r08,r08_OFF,OFF,native,READ,240,0.514,3.855,4.369,20.52
r08,r08_OFF,OFF,native,READ,241,0.54,9.7,10.24,20.5
r08,r08_OFF,OFF,native,SELECT,242,0.496,1.1,1.596,20.589
r08,r08_OFF,OFF,native,OPERATE,243,0.553,2.855,3.408,0.362
r08,r08_OFF,OFF,native,READ,244,0.553,1.112,1.665,20.544
r08,r08_OFF,OFF,native,READ,245,0.455,2.177,2.632,20.506
r08,r08_OFF,OFF,native,READ,246,0.565,1.113,1.678,20.506
r08,r08_OFF,OFF,native,READ,247,0.524,3.017,3.541,20.505
r08,r08_OFF,OFF,native,READ,248,0.55,5.606,6.156,20.505
r08,r08_OFF,OFF,native,READ,249,0.494,2.688,3.182,20.423
r08,r08_OFF,OFF,native,READ,250,0.504,5.651,6.155,20.424
r08,r08_OFF,OFF,native,SELECT,251,1.5,2.568,4.068,20.699
r08,r08_OFF,OFF,native,OPERATE,252,1.567,4.977,6.544,0.358
r08,r08_OFF,OFF,native,READ,253,0.557,3.063,3.62,20.547
r08,r08_OFF,OFF,native,READ,254,0.561,3.909,4.47,20.501
r08,r08_OFF,OFF,native,READ,255,0.564,3.853,4.417,20.509
r08,r08_OFF,OFF,native,READ,256,0.622,3.941,4.563,20.501
r08,r08_OFF,OFF,native,READ,257,0.567,3.971,4.538,20.505
r08,r08_OFF,OFF,native,READ,258,0.567,4.025,4.592,20.496
r08,r08_OFF,OFF,native,READ,259,0.516,1.106,1.622,20.499
r08,r08_OFF,OFF,native,READ,260,0.549,1.212,1.761,20.522
r08,r08_OFF,OFF,native,READ,261,1.457,1.144,2.601,20.502
r08,r08_OFF,OFF,native,SELECT,262,0.485,1.024,1.509,20.58
r08,r08_OFF,OFF,native,OPERATE,263,1.463,1.919,3.382,0.337
r08,r08_OFF,OFF,native,READ,264,0.536,2.051,2.587,20.547
r08,r08_OFF,OFF,native,READ,265,0.687,1.101,1.788,20.503
r08,r08_OFF,OFF,native,READ,266,0.567,1.101,1.668,20.494
r08,r08_OFF,OFF,native,READ,267,0.478,2.136,2.614,20.502
r08,r08_OFF,OFF,native,READ,268,0.557,1.104,1.661,20.509
r08,r08_OFF,OFF,native,READ,269,0.486,2.199,2.685,20.505
r08,r08_OFF,OFF,native,SELECT,270,2.331,2.145,4.476,20.63
r08,r08_OFF,OFF,native,OPERATE,271,0.488,2.928,3.416,0.361
r08,r08_OFF,OFF,native,READ,272,0.545,1.12,1.665,20.549
r08,r08_OFF,OFF,native,READ,273,0.501,1.167,1.668,20.426
r08,r08_OFF,OFF,native,READ,274,0.575,2.056,2.631,20.495
r08,r08_OFF,OFF,native,READ,275,0.57,3.056,3.626,20.506
r08,r08_OFF,OFF,native,READ,276,0.686,3.86,4.546,20.556
r08,r08_OFF,OFF,native,SELECT,277,0.56,2.697,3.257,20.612
r08,r08_OFF,OFF,native,OPERATE,278,1.14,1.916,3.056,0.365
r08,r08_OFF,OFF,native,READ,279,0.5,6.779,7.279,20.553
r08,r08_OFF,OFF,native,READ,280,0.572,3.84,4.412,20.512
r08,r08_OFF,OFF,native,READ,281,0.58,4.001,4.581,20.508
r08,r08_OFF,OFF,native,READ,282,0.573,3.761,4.334,20.534
r08,r08_OFF,OFF,native,READ,283,0.5,1.171,1.671,20.498
r08,r08_OFF,OFF,native,SELECT,284,0.459,2.089,2.548,20.628
r08,r08_OFF,OFF,native,OPERATE,285,0.561,2.954,3.515,0.381
r08,r08_OFF,OFF,native,READ,286,0.58,1.082,1.662,20.548
r08,r08_OFF,OFF,native,READ,287,0.5,1.318,1.818,20.503
r08,r08_OFF,OFF,native,READ,288,0.516,2.16,2.676,20.506
r08,r08_OFF,OFF,native,READ,289,0.571,1.074,1.645,20.505
r08,r08_OFF,OFF,native,READ,290,0.582,2.011,2.593,20.505
r08,r08_OFF,OFF,native,READ,291,0.757,1.098,1.855,20.527
r08,r08_OFF,OFF,native,SELECT,292,0.545,2.05,2.595,20.54
r08,r08_OFF,OFF,native,OPERATE,293,0.493,1.884,2.377,0.359
r08,r08_OFF,OFF,native,READ,294,1.583,1.144,2.727,20.568
r08,r08_OFF,OFF,native,READ,295,0.547,1.108,1.655,20.502
r08,r08_OFF,OFF,native,READ,296,0.504,2.155,2.659,20.499
r08,r08_OFF,OFF,native,READ,297,0.559,4.426,4.985,20.502
r08,r08_OFF,OFF,native,READ,298,0.546,1.121,1.667,20.431
r08,r08_OFF,OFF,native,READ,299,0.457,2.572,3.029,20.482
r08,r08_OFF,OFF,native,SELECT,300,0.507,12.352,12.859,20.628
r08,r08_OFF,OFF,native,OPERATE,301,0.502,5.235,5.737,0.36
r08,r08_OFF,OFF,native,READ,302,1.468,2.178,3.646,20.608
r08,r08_OFF,OFF,native,READ,303,0.568,3.92,4.488,20.506
r08,r08_OFF,OFF,native,READ,304,0.502,4.005,4.507,20.5
r08,r08_OFF,OFF,native,READ,305,0.503,4.041,4.544,20.502
r08,r08_OFF,OFF,native,READ,306,0.547,2.066,2.613,20.507
r08,r08_OFF,OFF,native,SELECT,307,0.503,1.116,1.619,20.635
r08,r08_OFF,OFF,native,OPERATE,308,0.491,2.915,3.406,0.378
r08,r08_OFF,OFF,native,READ,309,0.551,1.116,1.667,20.558
r08,r08_OFF,OFF,native,READ,310,0.538,6.251,6.789,20.518
r08,r08_OFF,OFF,native,READ,311,0.558,1.091,1.649,20.494
r08,r08_OFF,OFF,native,READ,312,0.556,2.241,2.797,20.508
r08,r08_OFF,OFF,native,READ,313,0.563,1.097,1.66,20.533
r08,r08_OFF,OFF,native,READ,314,0.508,1.121,1.629,20.492
r08,r08_OFF,OFF,native,READ,315,1.562,1.105,2.667,20.514
r08,r08_OFF,OFF,native,READ,316,0.525,1.094,1.619,20.506
r08,r08_OFF,OFF,native,SELECT,317,0.571,2.005,2.576,20.615
r08,r08_OFF,OFF,native,OPERATE,318,0.551,2.929,3.48,0.36
r08,r08_OFF,OFF,native,READ,319,0.579,1.013,1.592,20.548
r08,r08_OFF,OFF,native,READ,320,4.671,1.111,5.782,20.523
r08,r08_OFF,OFF,native,READ,321,1.508,1.115,2.623,20.501
r08,r08_OFF,OFF,native,READ,322,0.569,1.636,2.205,20.531
r08,r08_OFF,OFF,native,READ,323,1.569,2.832,4.401,20.52
r08,r08_OFF,OFF,native,READ,324,1.526,2.942,4.468,20.51
r08,r08_OFF,OFF,native,SELECT,325,1.517,2.763,4.28,20.633
r08,r08_OFF,OFF,native,OPERATE,326,1.294,1.889,3.183,0.358
r08,r08_OFF,OFF,native,READ,327,0.453,6.445,6.898,20.663
r08,r08_OFF,OFF,native,READ,328,0.571,3.848,4.419,20.501
r08,r08_OFF,OFF,native,READ,329,0.583,3.909,4.492,20.508
r08,r08_OFF,OFF,native,READ,330,0.501,1.169,1.67,20.503
r08,r08_OFF,OFF,native,READ,331,0.532,2.07,2.602,20.532
r08,r08_OFF,OFF,native,READ,332,0.698,1.126,1.824,20.507
r08,r08_OFF,OFF,native,SELECT,333,0.567,1.038,1.605,20.62
r08,r08_OFF,OFF,native,OPERATE,334,1.344,1.887,3.231,0.36
r08,r08_OFF,OFF,native,READ,335,0.525,2.151,2.676,20.565
r08,r08_OFF,OFF,native,READ,336,0.568,1.099,1.667,20.505
r08,r08_OFF,OFF,native,READ,337,0.525,1.098,1.623,20.506
r08,r08_OFF,OFF,native,READ,338,1.595,1.091,2.686,20.503
r08,r08_OFF,OFF,native,READ,339,0.501,1.112,1.613,20.533
r08,r08_OFF,OFF,native,READ,340,0.573,2.129,2.702,20.502
r08,r08_OFF,OFF,native,READ,341,0.447,1.161,1.608,20.518
r08,r08_OFF,OFF,native,SELECT,342,0.549,2.059,2.608,20.611
r08,r08_OFF,OFF,native,OPERATE,343,0.488,1.896,2.384,0.357
r08,r08_OFF,OFF,native,READ,344,1.569,1.097,2.666,20.57
r08,r08_OFF,OFF,native,READ,345,1.113,2.315,3.428,20.506
r08,r08_OFF,OFF,native,READ,346,0.562,4.226,4.788,20.511
r08,r08_OFF,OFF,native,READ,347,0.576,3.883,4.459,20.507
r08,r08_OFF,OFF,native,READ,348,0.553,3.936,4.489,20.508
r08,r08_OFF,OFF,native,SELECT,349,0.505,12.146,12.651,20.63
r08,r08_OFF,OFF,native,OPERATE,350,0.495,5.613,6.108,0.38
r08,r08_OFF,OFF,native,READ,351,0.502,3.196,3.698,20.539
r08,r08_OFF,OFF,native,READ,352,0.501,4.023,4.524,20.507
r08,r08_OFF,OFF,native,READ,353,0.555,2.065,2.62,20.509
r08,r08_OFF,OFF,native,READ,354,0.852,1.096,1.948,20.538
r08,r08_OFF,OFF,native,READ,355,0.496,1.166,1.662,20.505
r08,r08_OFF,OFF,native,SELECT,356,1.555,4.835,6.39,20.604
r08,r08_OFF,OFF,native,OPERATE,357,0.547,2.944,3.491,0.357
r08,r08_OFF,OFF,native,READ,358,0.554,1.109,1.663,20.545
r08,r08_OFF,OFF,native,READ,359,0.515,5.21,5.725,20.501
r08,r08_OFF,OFF,native,READ,360,1.614,1.125,2.739,20.527
r08,r08_OFF,OFF,native,READ,361,0.566,1.093,1.659,20.53
r08,r08_OFF,OFF,native,READ,362,0.544,2.139,2.683,20.517
r08,r08_OFF,OFF,native,READ,363,0.547,1.105,1.652,20.504
r08,r08_OFF,OFF,native,READ,364,0.612,2.124,2.736,20.513
r08,r08_OFF,OFF,native,SELECT,365,0.5,1.09,1.59,20.641
r08,r08_OFF,OFF,native,OPERATE,366,0.689,2.899,3.588,0.382
r08,r08_OFF,OFF,native,READ,367,0.534,1.134,1.668,20.571
r08,r08_OFF,OFF,native,READ,368,1.531,1.097,2.628,20.518
r08,r08_OFF,OFF,native,READ,369,0.57,11.22,11.79,20.503
r08,r08_OFF,OFF,native,READ,370,0.568,4.754,5.322,20.506
r08,r08_OFF,OFF,native,READ,371,0.503,4.039,4.542,20.526
r08,r08_OFF,OFF,native,READ,372,0.567,3.906,4.473,20.511
r08,r08_OFF,OFF,native,READ,373,2.164,2.647,4.811,20.501
r08,r08_OFF,OFF,native,READ,374,0.529,3.614,4.143,20.503
r08,r08_OFF,OFF,native,SELECT,375,0.581,3.876,4.457,20.549
r08,r08_OFF,OFF,native,OPERATE,376,0.489,4.221,4.71,0.357
r08,r08_OFF,OFF,native,READ,377,0.567,2.111,2.678,20.608
r08,r08_OFF,OFF,native,READ,378,4.696,1.262,5.958,20.514
r08,r08_OFF,OFF,native,READ,379,0.549,1.107,1.656,20.506
r08,r08_OFF,OFF,native,READ,380,0.518,2.301,2.819,20.507
r08,r08_OFF,OFF,native,READ,381,0.552,1.095,1.647,20.517
r08,r08_OFF,OFF,native,SELECT,382,0.52,2.097,2.617,20.6
r08,r08_OFF,OFF,native,OPERATE,383,0.493,2.856,3.349,0.362
r08,r08_OFF,OFF,native,READ,384,0.577,1.099,1.676,20.56
r08,r08_OFF,OFF,native,READ,385,0.546,1.165,1.711,20.428
r08,r08_OFF,OFF,native,READ,386,1.482,1.12,2.602,20.508
r08,r08_OFF,OFF,native,READ,387,0.562,1.034,1.596,20.508
r08,r08_OFF,OFF,native,READ,388,3.024,1.17,4.194,20.499
r08,r08_OFF,OFF,native,READ,389,0.571,4.374,4.945,20.505
r08,r08_OFF,OFF,native,READ,390,0.559,2.101,2.66,20.508
r08,r08_OFF,OFF,native,SELECT,391,0.518,5.747,6.265,20.639
r08,r08_OFF,OFF,native,OPERATE,392,1.541,4.807,6.348,0.361
r08,r08_OFF,OFF,native,READ,393,1.098,3.58,4.678,20.549
r08,r08_OFF,OFF,native,READ,394,0.499,3.079,3.578,20.422
r08,r08_OFF,OFF,native,READ,395,0.496,4.008,4.504,20.496
r08,r08_OFF,OFF,native,READ,396,0.57,3.973,4.543,20.506
r08,r08_OFF,OFF,native,READ,397,0.58,16.962,17.542,20.503
r08,r08_OFF,OFF,native,SELECT,398,0.464,9.752,10.216,20.624
r08,r08_OFF,OFF,native,OPERATE,399,1.532,9.93,11.462,0.361
r08,r08_OFF,OFF,native,READ,400,0.564,7.388,7.952,20.552
r08,r08_OFF,OFF,native,READ,401,3.829,5.45,9.279,20.543
r08,r08_OFF,OFF,native,READ,402,0.58,3.688,4.268,20.515
r08,r08_OFF,OFF,native,READ,403,0.574,1.126,1.7,20.503
r08,r08_OFF,OFF,native,READ,404,0.552,2.113,2.665,20.514
r08,r08_OFF,OFF,native,SELECT,405,0.548,1.055,1.603,20.615
r08,r08_OFF,OFF,native,OPERATE,406,5.627,1.916,7.543,0.374
r08,r08_OFF,OFF,native,READ,407,0.561,2.977,3.538,20.564
r08,r08_OFF,OFF,native,READ,408,0.536,1.114,1.65,20.512
r08,r08_OFF,OFF,native,READ,409,0.451,2.17,2.621,20.485
r08,r08_OFF,OFF,native,READ,410,0.554,1.118,1.672,20.499
r08,r08_OFF,OFF,native,READ,411,0.56,1.162,1.722,20.486
r08,r08_OFF,OFF,native,READ,412,1.567,1.261,2.828,20.533
r08,r08_OFF,OFF,native,SELECT,413,0.584,2.424,3.008,20.609
r08,r08_OFF,OFF,native,OPERATE,414,0.53,9.101,9.631,0.36
r08,r08_OFF,OFF,native,READ,415,0.521,7.859,8.38,20.569
r08,r08_OFF,OFF,native,READ,416,0.584,8.886,9.47,20.498
r08,r08_OFF,OFF,native,READ,417,0.505,4.131,4.636,20.499
r08,r08_OFF,OFF,native,READ,418,0.559,3.813,4.372,20.529
r08,r08_OFF,OFF,native,READ,419,0.544,3.911,4.455,20.502
r08,r08_OFF,OFF,native,SELECT,420,0.537,3.805,4.342,20.619
r08,r08_OFF,OFF,native,OPERATE,421,0.501,5.911,6.412,0.361
r08,r08_OFF,OFF,native,READ,422,0.553,3.22,3.773,20.553
r08,r08_OFF,OFF,native,READ,423,0.68,2.768,3.448,20.514
r08,r08_OFF,OFF,native,READ,424,1.529,1.093,2.622,20.504
r08,r08_OFF,OFF,native,READ,425,0.582,4.614,5.196,20.512
r08,r08_OFF,OFF,native,READ,426,0.553,2.066,2.619,20.555
r08,r08_OFF,OFF,native,READ,427,0.606,1.153,1.759,20.506
r08,r08_OFF,OFF,native,READ,428,0.551,1.112,1.663,20.508
r08,r08_OFF,OFF,native,READ,429,1.953,1.335,3.288,20.513
r08,r08_OFF,OFF,native,READ,430,0.489,1.17,1.659,20.522
r08,r08_OFF,OFF,native,SELECT,431,1.584,0.999,2.583,20.638
r08,r08_OFF,OFF,native,OPERATE,432,0.444,2.957,3.401,0.302
r08,r08_OFF,OFF,native,READ,433,0.503,1.116,1.619,20.55
r08,r08_OFF,OFF,native,READ,434,0.564,2.933,3.497,20.51
r08,r08_OFF,OFF,native,READ,435,0.573,1.072,1.645,20.501
r08,r08_OFF,OFF,native,READ,436,0.538,2.334,2.872,20.445
r08,r08_OFF,OFF,native,READ,437,0.572,3.848,4.42,20.51
r08,r08_OFF,OFF,native,READ,438,0.578,4.001,4.579,20.51
r08,r08_OFF,OFF,native,READ,439,0.585,3.897,4.482,20.509
r08,r08_OFF,OFF,native,READ,440,0.573,4.011,4.584,20.508
r08,r08_OFF,OFF,native,READ,441,0.53,3.873,4.403,20.53
r08,r08_OFF,OFF,native,SELECT,442,0.461,3.796,4.257,20.631
r08,r08_OFF,OFF,native,OPERATE,443,0.485,4.652,5.137,0.356
r08,r08_OFF,OFF,native,READ,444,0.495,2.196,2.691,20.563
r08,r08_OFF,OFF,native,READ,445,0.553,1.083,1.636,20.51
r08,r08_OFF,OFF,native,READ,446,0.517,1.14,1.657,20.438
r08,r08_OFF,OFF,native,READ,447,0.558,2.102,2.66,20.513
r08,r08_OFF,OFF,native,READ,448,0.564,1.142,1.706,20.531
r08,r08_OFF,OFF,native,SELECT,449,0.484,2.073,2.557,20.542
r08,r08_OFF,OFF,native,OPERATE,450,0.49,2.963,3.453,0.372
r08,r08_OFF,OFF,native,READ,451,0.542,1.113,1.655,20.627
r08,r08_OFF,OFF,native,READ,452,0.543,1.109,1.652,20.506
r08,r08_OFF,OFF,native,READ,453,0.532,2.12,2.652,20.503
r08,r08_OFF,OFF,native,READ,454,0.556,1.038,1.594,20.513
r08,r08_OFF,OFF,native,READ,455,0.557,2.065,2.622,20.524
r08,r08_OFF,OFF,native,READ,456,0.514,1.281,1.795,20.539
r08,r08_OFF,OFF,native,READ,457,0.507,1.119,1.626,20.518
r08,r08_OFF,OFF,native,SELECT,458,1.521,1.028,2.549,20.593
r08,r08_OFF,OFF,native,OPERATE,459,0.486,2.952,3.438,0.358
r08,r08_OFF,OFF,native,READ,460,0.559,4.091,4.65,20.537
r08,r08_OFF,OFF,native,READ,461,0.553,4.062,4.615,20.452
r08,r08_OFF,OFF,native,READ,462,0.568,3.988,4.556,20.507
r08,r08_OFF,OFF,native,READ,463,0.569,3.976,4.545,20.505
r08,r08_OFF,OFF,native,READ,464,0.551,3.807,4.358,20.505
r08,r08_OFF,OFF,native,READ,465,0.501,4.004,4.505,20.478
r08,r08_OFF,OFF,native,SELECT,466,0.583,3.833,4.416,20.608
r08,r08_OFF,OFF,native,OPERATE,467,0.496,4.138,4.634,0.357
r08,r08_OFF,OFF,native,READ,468,0.456,2.134,2.59,20.546
r08,r08_OFF,OFF,native,READ,469,0.731,1.079,1.81,20.497
r08,r08_OFF,OFF,native,READ,470,0.567,1.098,1.665,20.509
r08,r08_OFF,OFF,native,READ,471,0.532,2.137,2.669,20.534
r08,r08_OFF,OFF,native,READ,472,0.566,1.099,1.665,20.497
r08,r08_OFF,OFF,native,SELECT,473,0.465,2.126,2.591,20.612
r08,r08_OFF,OFF,native,OPERATE,474,0.487,7.07,7.557,0.358
r08,r08_OFF,OFF,native,READ,475,0.549,1.118,1.667,20.544
r08,r08_OFF,OFF,native,READ,476,0.571,1.264,1.835,20.583
r08,r08_OFF,OFF,native,READ,477,1.558,1.093,2.651,20.512
r08,r08_OFF,OFF,native,READ,478,0.539,1.155,1.694,20.505
r08,r08_OFF,OFF,native,READ,479,0.561,2.085,2.646,20.505
r08,r08_OFF,OFF,native,SELECT,480,0.709,1.039,1.748,20.627
r08,r08_OFF,OFF,native,OPERATE,481,0.445,2.924,3.369,0.379
r08,r08_OFF,OFF,native,READ,482,0.539,4.913,5.452,20.586
r08,r08_OFF,OFF,native,READ,483,0.513,3.865,4.378,20.522
r08,r08_OFF,OFF,native,READ,484,0.504,3.976,4.48,20.479
r08,r08_OFF,OFF,native,READ,485,0.575,3.954,4.529,20.499
r08,r08_OFF,OFF,native,READ,486,0.586,3.853,4.439,20.512
r08,r08_OFF,OFF,native,SELECT,487,0.512,3.833,4.345,20.636
r08,r08_OFF,OFF,native,OPERATE,488,1.566,4.799,6.365,0.362
r08,r08_OFF,OFF,native,READ,489,0.501,3.33,3.831,20.469
r08,r08_OFF,OFF,native,READ,490,0.463,4.198,4.661,20.492
r08,r08_OFF,OFF,native,READ,491,0.558,1.115,1.673,20.541
r08,r08_OFF,OFF,native,READ,492,0.553,1.092,1.645,20.502
r08,r08_OFF,OFF,native,READ,493,1.532,1.09,2.622,20.503
r08,r08_OFF,OFF,native,READ,494,0.537,1.105,1.642,20.507
r08,r08_OFF,OFF,native,SELECT,495,0.574,2.034,2.608,20.61
r08,r08_OFF,OFF,native,OPERATE,496,0.496,2.846,3.342,0.358
r08,r08_OFF,OFF,native,READ,497,0.514,1.183,1.697,20.555
r08,r08_OFF,OFF,native,READ,498,0.57,1.1,1.67,20.51
r08,r08_OFF,OFF,native,READ,499,1.583,1.098,2.681,20.525
r08,r08_OFF,OFF,native,READ,500,0.542,1.098,1.64,20.515
r08,r08_OFF,OFF,native,READ,501,0.499,2.207,2.706,20.543
r08,r08_OFF,OFF,native,SELECT,502,0.542,1.059,1.601,20.62
r08,r08_OFF,OFF,native,OPERATE,503,0.51,2.917,3.427,0.362
r08,r08_OFF,OFF,native,READ,504,0.503,1.121,1.624,20.554
r08,r08_OFF,OFF,native,READ,505,1.534,1.091,2.625,20.505
r08,r08_OFF,OFF,native,READ,506,0.53,1.129,1.659,20.514
r08,r08_OFF,OFF,native,READ,507,0.578,5.719,6.297,20.503
r08,r08_OFF,OFF,native,READ,508,0.546,3.912,4.458,20.506
r08,r08_OFF,OFF,native,SELECT,509,0.506,3.958,4.464,20.532
r08,r08_OFF,OFF,native,OPERATE,510,0.567,5.011,5.578,0.357
r08,r08_OFF,OFF,native,READ,511,0.555,3.012,3.567,20.547
r08,r08_OFF,OFF,native,READ,512,0.569,3.914,4.483,20.525
r08,r08_OFF,OFF,native,READ,513,0.495,4.203,4.698,20.479
r08,r08_OFF,OFF,native,READ,514,0.573,3.88,4.453,20.505
r08,r08_OFF,OFF,native,READ,515,0.554,1.094,1.648,20.509
r08,r08_OFF,OFF,native,SELECT,516,0.555,2.037,2.592,20.654
r08,r08_OFF,OFF,native,OPERATE,517,0.452,2.925,3.377,0.36
r08,r08_OFF,OFF,native,READ,518,0.506,1.171,1.677,20.583
r08,r08_OFF,OFF,native,READ,519,0.559,2.3,2.859,20.495
r08,r08_OFF,OFF,native,READ,520,0.678,1.095,1.773,20.5
r08,r08_OFF,OFF,native,READ,521,0.556,1.417,1.973,20.508
r08,r08_OFF,OFF,native,READ,522,1.498,1.115,2.613,20.503
r08,r08_OFF,OFF,native,READ,523,0.539,1.109,1.648,20.501
r08,r08_OFF,OFF,native,READ,524,0.573,2.121,2.694,20.51
r08,r08_OFF,OFF,native,SELECT,525,0.461,1.11,1.571,20.64
r08,r08_OFF,OFF,native,OPERATE,526,0.561,2.887,3.448,0.379
r08,r08_OFF,OFF,native,READ,527,0.526,1.103,1.629,20.62
r08,r08_OFF,OFF,native,READ,528,1.567,1.106,2.673,20.516
r08,r08_OFF,OFF,native,READ,529,3.563,1.089,4.652,20.503
r08,r08_OFF,OFF,native,READ,530,0.578,1.088,1.666,20.504
r08,r08_OFF,OFF,native,READ,531,0.559,6.288,6.847,20.505
r08,r08_OFF,OFF,native,READ,532,0.551,3.985,4.536,20.518
r08,r08_OFF,OFF,native,SELECT,533,0.56,12.866,13.426,20.629
r08,r08_OFF,OFF,native,OPERATE,534,0.502,6.508,7.01,0.376
r08,r08_OFF,OFF,native,READ,535,0.457,3.166,3.623,20.544
r08,r08_OFF,OFF,native,READ,536,0.773,3.765,4.538,20.501
r08,r08_OFF,OFF,native,READ,537,0.751,3.929,4.68,20.498
r08,r08_OFF,OFF,native,READ,538,0.521,1.173,1.694,20.509
r08,r08_OFF,OFF,native,READ,539,0.547,1.164,1.711,20.408
r08,r08_OFF,OFF,native,READ,540,0.538,2.081,2.619,20.502
r08,r08_OFF,OFF,native,SELECT,541,0.555,1.037,1.592,20.623
r08,r08_OFF,OFF,native,OPERATE,542,1.475,1.876,3.351,0.36
r08,r08_OFF,OFF,native,READ,543,0.512,2.066,2.578,20.557
r08,r08_OFF,OFF,native,READ,544,0.766,1.292,2.058,20.503
r08,r08_OFF,OFF,native,READ,545,0.54,1.115,1.655,20.505
r08,r08_OFF,OFF,native,READ,546,1.579,1.097,2.676,20.536
r08,r08_OFF,OFF,native,READ,547,0.56,1.074,1.634,20.502
r08,r08_OFF,OFF,native,READ,548,0.458,2.436,2.894,20.424
r08,r08_OFF,OFF,native,SELECT,549,0.561,1.048,1.609,20.64
r08,r08_OFF,OFF,native,OPERATE,550,0.533,2.882,3.415,0.382
r08,r08_OFF,OFF,native,READ,551,0.546,2.148,2.694,20.603
r08,r08_OFF,OFF,native,READ,552,0.547,1.123,1.67,20.529
r08,r08_OFF,OFF,native,READ,553,0.544,1.176,1.72,20.505
r08,r08_OFF,OFF,native,READ,554,0.537,5.275,5.812,20.5
r08,r08_OFF,OFF,native,READ,555,0.692,2.704,3.396,20.512
r08,r08_OFF,OFF,native,SELECT,556,1.581,2.756,4.337,20.646
r08,r08_OFF,OFF,native,OPERATE,557,1.107,1.919,3.026,0.361
r08,r08_OFF,OFF,native,READ,558,0.508,6.614,7.122,20.56
r08,r08_OFF,OFF,native,READ,559,0.533,3.9,4.433,20.523
r08,r08_OFF,OFF,native,READ,560,0.498,4.044,4.542,20.515
r08,r08_OFF,OFF,native,READ,561,0.529,3.979,4.508,20.534
r08,r08_OFF,OFF,native,READ,562,0.526,1.099,1.625,20.516
r08,r08_OFF,OFF,native,READ,563,0.601,2.142,2.743,20.521
r08,r08_OFF,OFF,native,SELECT,564,0.504,1.096,1.6,20.586
r08,r08_OFF,OFF,native,OPERATE,565,0.444,2.905,3.349,0.359
r08,r08_OFF,OFF,native,READ,566,0.525,1.202,1.727,20.549
r08,r08_OFF,OFF,native,READ,567,0.49,2.164,2.654,20.497
r08,r08_OFF,OFF,native,READ,568,0.503,6.289,6.792,20.501
r08,r08_OFF,OFF,native,READ,569,1.587,8.934,10.521,20.504
r08,r08_OFF,OFF,native,READ,570,0.533,3.92,4.453,20.507
r08,r08_OFF,OFF,native,SELECT,571,0.46,3.709,4.169,20.617
r08,r08_OFF,OFF,native,OPERATE,572,0.483,2.894,3.377,0.359
r08,r08_OFF,OFF,native,READ,573,0.599,1.125,1.724,20.553
r08,r08_OFF,OFF,native,READ,574,0.569,1.147,1.716,20.498
r08,r08_OFF,OFF,native,READ,575,0.533,5.883,6.416,20.506
r08,r08_OFF,OFF,native,READ,576,0.549,1.096,1.645,20.593
r08,r08_OFF,OFF,native,READ,577,0.609,11.354,11.963,20.522
r08,r08_OFF,OFF,native,READ,578,0.555,4.457,5.012,20.504
r08,r08_OFF,OFF,native,READ,579,0.576,3.208,3.784,20.519
r08,r08_OFF,OFF,native,READ,580,0.545,3.945,4.49,20.518
r08,r08_OFF,OFF,native,SELECT,581,0.502,13.261,13.763,20.529
r08,r08_OFF,OFF,native,OPERATE,582,0.505,5.963,6.468,0.356
r08,r08_OFF,OFF,native,READ,583,0.573,2.22,2.793,20.551
r08,r08_OFF,OFF,native,READ,584,1.525,3.138,4.663,20.548
r08,r08_OFF,OFF,native,READ,585,1.558,2.691,4.249,20.526
r08,r08_OFF,OFF,native,READ,586,0.52,3.974,4.494,20.514
r08,r08_OFF,OFF,native,READ,587,0.517,2.732,3.249,20.523
r08,r08_OFF,OFF,native,READ,588,0.573,1.083,1.656,20.504
r08,r08_OFF,OFF,native,READ,589,1.487,1.19,2.677,20.511
r08,r08_OFF,OFF,native,READ,590,0.481,1.167,1.648,20.509
r08,r08_OFF,OFF,native,READ,591,0.5,2.342,2.842,20.517
r08,r08_OFF,OFF,native,SELECT,592,0.578,0.958,1.536,20.611
r08,r08_OFF,OFF,native,OPERATE,593,0.477,3.013,3.49,0.35
r08,r08_OFF,OFF,native,READ,594,0.505,1.113,1.618,20.558
r08,r08_OFF,OFF,native,READ,595,1.544,1.121,2.665,20.5
r08,r08_OFF,OFF,native,READ,596,0.542,1.106,1.648,20.526
r08,r08_OFF,OFF,native,READ,597,0.64,2.189,2.829,20.505
r08,r08_OFF,OFF,native,READ,598,0.552,1.085,1.637,20.511
r08,r08_OFF,OFF,native,READ,599,0.553,6.308,6.861,20.507
r08,r08_OFF,OFF,native,READ,600,0.572,12.293,12.865,20.515
r08,r08_OFF,OFF,native,SELECT,601,0.568,4.264,4.832,20.666
r08,r08_OFF,OFF,native,OPERATE,602,0.492,4.994,5.486,0.36
r08,r08_OFF,OFF,native,READ,603,0.567,3.181,3.748,20.551
r08,r08_OFF,OFF,native,READ,604,0.573,3.852,4.425,20.535
r08,r08_OFF,OFF,native,READ,605,0.571,3.911,4.482,20.524
r08,r08_OFF,OFF,native,READ,606,0.569,4.055,4.624,20.519
r08,r08_OFF,OFF,native,READ,607,0.495,2.135,2.63,20.508
r08,r08_OFF,OFF,native,READ,608,0.62,1.105,1.725,20.455
r08,r08_OFF,OFF,native,SELECT,609,0.553,1.025,1.578,20.608
r08,r08_OFF,OFF,native,OPERATE,610,5.526,1.915,7.441,0.307
r08,r08_OFF,OFF,native,READ,611,0.523,2.067,2.59,20.557
r08,r08_OFF,OFF,native,READ,612,0.561,1.085,1.646,20.49
r08,r08_OFF,OFF,native,READ,613,0.558,1.1,1.658,20.494
r08,r08_OFF,OFF,native,READ,614,1.587,1.083,2.67,20.504
r08,r08_OFF,OFF,native,READ,615,0.617,1.26,1.877,20.531
r08,r08_OFF,OFF,native,SELECT,616,0.51,2.046,2.556,20.609
r08,r08_OFF,OFF,native,OPERATE,617,0.49,2.905,3.395,0.36
r08,r08_OFF,OFF,native,READ,618,0.494,1.166,1.66,20.544
r08,r08_OFF,OFF,native,READ,619,0.516,1.097,1.613,20.492
r08,r08_OFF,OFF,native,READ,620,3.361,1.229,4.59,20.45
r08,r08_OFF,OFF,native,READ,621,1.535,1.031,2.566,20.506
r08,r08_OFF,OFF,native,READ,622,0.567,1.347,1.914,20.505
r08,r08_OFF,OFF,native,READ,623,0.563,3.844,4.407,20.501
r08,r08_OFF,OFF,native,READ,624,0.571,3.911,4.482,20.528
r08,r08_OFF,OFF,native,READ,625,0.507,4.017,4.524,20.504
r08,r08_OFF,OFF,native,SELECT,626,0.517,3.639,4.156,20.669
r08,r08_OFF,OFF,native,OPERATE,627,1.541,4.862,6.403,0.359
r08,r08_OFF,OFF,native,READ,628,0.576,3.179,3.755,20.549
r08,r08_OFF,OFF,native,READ,629,0.513,4.045,4.558,20.548
r08,r08_OFF,OFF,native,READ,630,0.526,1.128,1.654,20.502
r08,r08_OFF,OFF,native,READ,631,0.548,1.116,1.664,20.541
r08,r08_OFF,OFF,native,READ,632,1.559,1.101,2.66,20.519
r08,r08_OFF,OFF,native,SELECT,633,0.524,1.027,1.551,20.612
r08,r08_OFF,OFF,native,OPERATE,634,1.554,1.951,3.505,0.359
r08,r08_OFF,OFF,native,READ,635,0.53,2.102,2.632,20.498
r08,r08_OFF,OFF,native,READ,636,0.521,1.213,1.734,20.502
r08,r08_OFF,OFF,native,READ,637,0.548,1.098,1.646,20.536
r08,r08_OFF,OFF,native,READ,638,1.595,1.073,2.668,20.509
r08,r08_OFF,OFF,native,READ,639,0.539,1.101,1.64,20.499
r08,r08_OFF,OFF,native,SELECT,640,0.569,1.961,2.53,20.614
r08,r08_OFF,OFF,native,OPERATE,641,0.447,3.082,3.529,0.355
r08,r08_OFF,OFF,native,READ,642,0.5,1.156,1.656,20.537
r08,r08_OFF,OFF,native,READ,643,0.547,1.092,1.639,20.508
r08,r08_OFF,OFF,native,READ,644,1.504,1.135,2.639,20.481
r08,r08_OFF,OFF,native,READ,645,0.857,1.244,2.101,20.522
r08,r08_OFF,OFF,native,READ,646,0.452,5.446,5.898,20.433
r08,r08_OFF,OFF,native,READ,647,0.567,3.951,4.518,20.499
r08,r08_OFF,OFF,native,SELECT,648,0.519,3.87,4.389,20.655
r08,r08_OFF,OFF,native,OPERATE,649,0.453,4.84,5.293,0.353
r08,r08_OFF,OFF,native,READ,650,1.349,2.562,3.911,20.415
r08,r08_OFF,OFF,native,READ,651,0.497,3.885,4.382,20.554
r08,r08_OFF,OFF,native,READ,652,0.536,4.048,4.584,20.49
r08,r08_OFF,OFF,native,READ,653,0.571,3.994,4.565,20.515
r08,r08_OFF,OFF,native,READ,654,0.558,1.087,1.645,20.501
r08,r08_OFF,OFF,native,READ,655,0.582,2.204,2.786,20.517
r08,r08_OFF,OFF,native,READ,656,0.568,1.077,1.645,20.505
r08,r08_OFF,OFF,native,SELECT,657,0.565,1.991,2.556,20.614
r08,r08_OFF,OFF,native,OPERATE,658,0.503,1.946,2.449,0.358
r08,r08_OFF,OFF,native,READ,659,0.516,2.05,2.566,20.551
r08,r08_OFF,OFF,native,READ,660,0.566,1.113,1.679,20.454
r08,r08_OFF,OFF,native,READ,661,0.547,2.096,2.643,20.511
r08,r08_OFF,OFF,native,READ,662,0.509,1.174,1.683,20.507
r08,r08_OFF,OFF,native,READ,663,0.483,1.18,1.663,20.45
r08,r08_OFF,OFF,native,SELECT,664,1.556,1.056,2.612,20.608
r08,r08_OFF,OFF,native,OPERATE,665,0.485,6.984,7.469,0.363
r08,r08_OFF,OFF,native,READ,666,0.515,1.084,1.599,20.552
r08,r08_OFF,OFF,native,READ,667,0.572,2.041,2.613,20.503
r08,r08_OFF,OFF,native,READ,668,0.566,5.229,5.795,20.502
r08,r08_OFF,OFF,native,READ,669,0.507,4.028,4.535,20.51
r08,r08_OFF,OFF,native,READ,670,0.503,4.1,4.603,20.531
r08,r08_OFF,OFF,native,READ,671,0.573,3.953,4.526,20.504
r08,r08_OFF,OFF,native,SELECT,672,0.559,3.58,4.139,20.615
r08,r08_OFF,OFF,native,OPERATE,673,0.573,4.887,5.46,0.36
r08,r08_OFF,OFF,native,READ,674,1.554,2.141,3.695,20.546
r08,r08_OFF,OFF,native,READ,675,0.548,3.924,4.472,20.527
r08,r08_OFF,OFF,native,READ,676,0.458,4.042,4.5,20.559
r08,r08_OFF,OFF,native,READ,677,0.448,3.044,3.492,20.511
r08,r08_OFF,OFF,native,READ,678,0.447,1.174,1.621,20.504
r08,r08_OFF,OFF,native,SELECT,679,0.571,2.029,2.6,20.628
r08,r08_OFF,OFF,native,OPERATE,680,0.566,2.853,3.419,0.361
r08,r08_OFF,OFF,native,READ,681,0.565,1.118,1.683,20.578
r08,r08_OFF,OFF,native,READ,682,0.527,1.096,1.623,20.484
r08,r08_OFF,OFF,native,READ,683,1.69,1.116,2.806,20.5
r08,r08_OFF,OFF,native,READ,684,0.566,1.092,1.658,20.505
r08,r08_OFF,OFF,native,READ,685,0.6,2.093,2.693,20.529
r08,r08_OFF,OFF,native,SELECT,686,0.549,1.049,1.598,20.629
r08,r08_OFF,OFF,native,OPERATE,687,1.481,1.854,3.335,0.36
r08,r08_OFF,OFF,native,READ,688,0.55,2.095,2.645,20.577
r08,r08_OFF,OFF,native,READ,689,0.592,1.091,1.683,20.538
r08,r08_OFF,OFF,native,READ,690,0.566,1.108,1.674,20.5
r08,r08_OFF,OFF,native,READ,691,0.532,2.08,2.612,20.502
r08,r08_OFF,OFF,native,READ,692,0.635,1.086,1.721,20.503
r08,r08_OFF,OFF,native,SELECT,693,0.514,3.823,4.337,20.61
r08,r08_OFF,OFF,native,OPERATE,694,0.531,5.806,6.337,0.372
r08,r08_OFF,OFF,native,READ,695,1.119,1.683,2.802,20.549
r08,r08_OFF,OFF,native,READ,696,1.532,2.947,4.479,20.507
r08,r08_OFF,OFF,native,READ,697,1.532,2.988,4.52,20.504
r08,r08_OFF,OFF,native,READ,698,1.511,2.855,4.366,20.5
r08,r08_OFF,OFF,native,READ,699,1.492,12.751,14.243,20.54
r08,r08_OFF,OFF,native,READ,700,0.502,4.743,5.245,20.513
r08,r08_OFF,OFF,native,READ,701,0.493,1.158,1.651,20.535
r08,r08_OFF,OFF,native,READ,702,0.514,2.201,2.715,20.484
r08,r08_OFF,OFF,native,SELECT,703,0.568,1.039,1.607,20.639
r08,r08_OFF,OFF,native,OPERATE,704,4.719,3.089,7.808,0.379
r08,r08_OFF,OFF,native,READ,705,0.451,1.177,1.628,20.529
r08,r08_OFF,OFF,native,READ,706,1.498,1.109,2.607,20.498
r08,r08_OFF,OFF,native,READ,707,0.551,1.096,1.647,20.499
r08,r08_OFF,OFF,native,READ,708,0.564,2.109,2.673,20.5
r08,r08_OFF,OFF,native,READ,709,0.569,1.16,1.729,20.528
r08,r08_OFF,OFF,native,READ,710,0.551,3.609,4.16,20.534
r08,r08_OFF,OFF,native,READ,711,0.562,1.105,1.667,20.498
r08,r08_OFF,OFF,native,SELECT,712,1.566,1.042,2.608,20.661
r08,r08_OFF,OFF,native,OPERATE,713,0.565,2.822,3.387,0.368
r08,r08_OFF,OFF,native,READ,714,0.736,1.157,1.893,20.541
r08,r08_OFF,OFF,native,READ,715,0.572,2.1,2.672,20.504
r08,r08_OFF,OFF,native,READ,716,0.495,5.354,5.849,20.507
r08,r08_OFF,OFF,native,READ,717,0.563,3.899,4.462,20.5
r08,r08_OFF,OFF,native,READ,718,0.569,13.142,13.711,20.536
r08,r08_OFF,OFF,native,SELECT,719,1.571,4.465,6.036,20.63
r08,r08_OFF,OFF,native,OPERATE,720,0.568,4.641,5.209,0.357
r08,r08_OFF,OFF,native,READ,721,0.537,3.367,3.904,20.545
r08,r08_OFF,OFF,native,READ,722,0.561,3.746,4.307,20.52
r08,r08_OFF,OFF,native,READ,723,0.549,3.911,4.46,20.505
r08,r08_OFF,OFF,native,READ,724,0.496,1.176,1.672,20.504
r08,r08_OFF,OFF,native,READ,725,0.521,2.055,2.576,20.523
r08,r08_OFF,OFF,native,SELECT,726,0.556,1.048,1.604,20.666
r08,r08_OFF,OFF,native,OPERATE,727,0.618,2.774,3.392,0.394
r08,r08_OFF,OFF,native,READ,728,0.566,5.158,5.724,20.53
r08,r08_OFF,OFF,native,READ,729,0.548,2.086,2.634,20.514
r08,r08_OFF,OFF,native,READ,730,0.522,1.135,1.657,20.506
r08,r08_OFF,OFF,native,READ,731,0.537,2.115,2.652,20.512
r08,r08_OFF,OFF,native,READ,732,0.51,1.076,1.586,20.504
r08,r08_OFF,OFF,native,SELECT,733,0.56,1.039,1.599,20.632
r08,r08_OFF,OFF,native,OPERATE,734,1.086,2.001,3.087,0.379
r08,r08_OFF,OFF,native,READ,735,0.513,2.06,2.573,20.55
r08,r08_OFF,OFF,native,READ,736,0.564,1.153,1.717,20.511
r08,r08_OFF,OFF,native,READ,737,0.525,4.092,4.617,20.517
r08,r08_OFF,OFF,native,READ,738,2.967,1.525,4.492,20.505
r08,r08_OFF,OFF,native,READ,739,0.529,8.932,9.461,20.51
r08,r08_OFF,OFF,native,SELECT,740,0.483,3.996,4.479,20.637
r08,r08_OFF,OFF,native,OPERATE,741,1.385,4.85,6.235,0.377
r08,r08_OFF,OFF,native,READ,742,0.566,3.109,3.675,20.553
r08,r08_OFF,OFF,native,READ,743,0.528,3.976,4.504,20.519
r08,r08_OFF,OFF,native,READ,744,0.53,4.056,4.586,20.53
r08,r08_OFF,OFF,native,READ,745,0.556,6.445,7.001,20.521
r08,r08_OFF,OFF,native,READ,746,0.528,7.461,7.989,20.508
r08,r08_OFF,OFF,native,READ,747,0.546,4.802,5.348,20.508
r08,r08_OFF,OFF,native,READ,748,1.616,1.095,2.711,20.535
r08,r08_OFF,OFF,native,READ,749,0.505,1.16,1.665,20.522
r08,r08_OFF,OFF,native,SELECT,750,0.549,2.059,2.608,20.616
r08,r08_OFF,OFF,native,OPERATE,751,0.552,2.886,3.438,0.358
r08,r08_OFF,OFF,native,READ,752,2.411,2.27,4.681,20.598
r08,r08_OFF,OFF,native,READ,753,0.518,4.241,4.759,20.507
r08,r08_OFF,OFF,native,READ,754,0.561,7.651,8.212,20.526
r08,r08_OFF,OFF,native,READ,755,0.539,1.528,2.067,20.507
r08,r08_OFF,OFF,native,READ,756,0.509,10.399,10.908,20.51
r08,r08_OFF,OFF,native,READ,757,0.575,1.094,1.669,20.505
r08,r08_OFF,OFF,native,READ,758,0.528,1.099,1.627,20.521
r08,r08_OFF,OFF,native,SELECT,759,1.56,1.062,2.622,20.61
r08,r08_OFF,OFF,native,OPERATE,760,0.569,2.987,3.556,0.376
r08,r08_OFF,OFF,native,READ,761,0.542,1.111,1.653,20.57
r08,r08_OFF,OFF,native,READ,762,0.563,2.561,3.124,20.503
r08,r08_OFF,OFF,native,READ,763,0.564,3.895,4.459,20.512
r08,r08_OFF,OFF,native,READ,764,0.567,3.931,4.498,20.53
r08,r08_OFF,OFF,native,READ,765,0.565,4.074,4.639,20.505
r08,r08_OFF,OFF,native,SELECT,766,0.536,3.654,4.19,20.624
r08,r08_OFF,OFF,native,OPERATE,767,0.577,4.134,4.711,0.36
r08,r08_OFF,OFF,native,READ,768,0.567,2.992,3.559,20.549
r08,r08_OFF,OFF,native,READ,769,0.554,3.886,4.44,20.553
r08,r08_OFF,OFF,native,READ,770,0.569,1.086,1.655,20.539
r08,r08_OFF,OFF,native,READ,771,0.509,2.194,2.703,20.503
r08,r08_OFF,OFF,native,READ,772,0.549,1.105,1.654,20.504
r08,r08_OFF,OFF,native,SELECT,773,0.51,1.104,1.614,20.53
r08,r08_OFF,OFF,native,OPERATE,774,1.12,1.927,3.047,0.357
r08,r08_OFF,OFF,native,READ,775,0.575,2.108,2.683,20.561
r08,r08_OFF,OFF,native,READ,776,0.546,1.11,1.656,20.572
r08,r08_OFF,OFF,native,READ,777,0.541,2.126,2.667,20.504
r08,r08_OFF,OFF,native,READ,778,0.558,1.13,1.688,20.54
r08,r08_OFF,OFF,native,READ,779,0.544,1.115,1.659,20.5
r08,r08_OFF,OFF,native,READ,780,0.496,2.166,2.662,20.51
r08,r08_OFF,OFF,native,READ,781,0.555,1.094,1.649,20.516
r08,r08_OFF,OFF,native,SELECT,782,0.504,2.029,2.533,20.612
r08,r08_OFF,OFF,native,OPERATE,783,0.555,2.887,3.442,0.363
r08,r08_OFF,OFF,native,READ,784,0.556,1.102,1.658,20.552
r08,r08_OFF,OFF,native,READ,785,0.572,1.093,1.665,20.499
r08,r08_OFF,OFF,native,READ,786,0.584,15.355,15.939,20.532
r08,r08_OFF,OFF,native,READ,787,0.548,4.631,5.179,20.514
r08,r08_OFF,OFF,native,READ,788,0.574,3.86,4.434,20.499
r08,r08_OFF,OFF,native,SELECT,789,0.509,3.805,4.314,20.616
r08,r08_OFF,OFF,native,OPERATE,790,1.57,4.936,6.506,0.359
r08,r08_OFF,OFF,native,READ,791,0.579,3.017,3.596,20.562
