capture_epoch_index,timestamp_us,slot_offset_us,slot_name,direction,cell_index,position_in_epoch,wire_len,dst_mac,src_mac,ethertype,magic,version,policy_id,key_epoch,cell_counter,public_header_len,ciphertext_len,tag_len,protocol,outer_flow_id,fragment_flag,retry_or_error_flag
0,1800000000000000,0,request,forward,0,0,256,02:00:00:00:00:02,02:00:00:00:00:01,0x88b5,D4C1,1,1,1,0,18,208,16,defense4-s3-cell,d4-cell-v1,0,0
0,1800000000000250,250,request,forward,1,1,256,02:00:00:00:00:02,02:00:00:00:00:01,0x88b5,D4C1,1,1,1,1,18,208,16,defense4-s3-cell,d4-cell-v1,0,0
0,1800000000000500,500,request,forward,2,2,256,02:00:00:00:00:02,02:00:00:00:00:01,0x88b5,D4C1,1,1,1,2,18,208,16,defense4-s3-cell,d4-cell-v1,0,0
0,1800000000000750,750,request,forward,3,3,256,02:00:00:00:00:02,02:00:00:00:00:01,0x88b5,D4C1,1,1,1,3,18,208,16,defense4-s3-cell,d4-cell-v1,0,0
0,1800000000001000,1000,ack,reverse,0,4,256,02:00:00:00:00:01,02:00:00:00:00:02,0x88b5,D4C1,1,1,1,0,18,208,16,defense4-s3-cell,d4-cell-v1,0,0
0,1800000000001250,1250,ack,reverse,1,5,256,02:00:00:00:00:01,02:00:00:00:00:02,0x88b5,D4C1,1,1,1,1,18,208,16,defense4-s3-cell,d4-cell-v1,0,0
0,1800000000200000,200000,response,reverse,0,6,256,02:00:00:00:00:01,02:00:00:00:00:02,0x88b5,D4C1,1,1,1,2,18,208,16,defense4-s3-cell,d4-cell-v1,0,0
0,1800000000200250,200250,response,reverse,1,7,256,02:00:00:00:00:01,02:00:00:00:00:02,0x88b5,D4C1,1,1,1,3,18,208,16,defense4-s3-cell,d4-cell-v1,0,0
0,1800000000200500,200500,response,reverse,2,8,256,02:00:00:00:00:01,02:00:00:00:00:02,0x88b5,D4C1,1,1,1,4,18,208,16,defense4-s3-cell,d4-cell-v1,0,0
0,1800000000200750,200750,response,reverse,3,9,256,02:00:00:00:00:01,02:00:00:00:00:02,0x88b5,D4C1,1,1,1,5,18,208,16,defense4-s3-cell,d4-cell-v1,0,0
0,1800000000201000,201000,response,reverse,4,10,256,02:00:00:00:00:01,02:00:00:00:00:02,0x88b5,D4C1,1,1,1,6,18,208,16,defense4-s3-cell,d4-cell-v1,0,0
0,1800000000201250,201250,response,reverse,5,11,256,02:00:00:00:00:01,02:00:00:00:00:02,0x88b5,D4C1,1,1,1,7,18,208,16,defense4-s3-cell,d4-cell-v1,0,0
0,1800000000201500,201500,response,reverse,6,12,256,02:00:00:00:00:01,02:00:00:00:00:02,0x88b5,D4C1,1,1,1,8,18,208,16,defense4-s3-cell,d4-cell-v1,0,0
0,1800000000201750,201750,response,reverse,7,13,256,02:00:00:00:00:01,02:00:00:00:00:02,0x88b5,D4C1,1,1,1,9,18,208,16,defense4-s3-cell,d4-cell-v1,0,0
0,1800000000202000,202000,response,reverse,8,14,256,02:00:00:00:00:01,02:00:00:00:00:02,0x88b5,D4C1,1,1,1,10,18,208,16,defense4-s3-cell,d4-cell-v1,0,0
0,1800000000202250,202250,response,reverse,9,15,256,02:00:00:00:00:01,02:00:00:00:00:02,0x88b5,D4C1,1,1,1,11,18,208,16,defense4-s3-cell,d4-cell-v1,0,0
0,1800000000202500,202500,response,reverse,10,16,256,02:00:00:00:00:01,02:00:00:00:00:02,0x88b5,D4C1,1,1,1,12,18,208,16,defense4-s3-cell,d4-cell-v1,0,0
0,1800000000202750,202750,response,reverse,11,17,256,02:00:00:00:00:01,02:00:00:00:00:02,0x88b5,D4C1,1,1,1,13,18,208,16,defense4-s3-cell,d4-cell-v1,0,0
0,1800000000203000,203000,response,reverse,12,18,256,02:00:00:00:00:01,02:00:00:00:00:02,0x88b5,D4C1,1,1,1,14,18,208,16,defense4-s3-cell,d4-cell-v1,0,0
0,1800000000203250,203250,response,reverse,13,19,256,02:00:00:00:00:01,02:00:00:00:00:02,0x88b5,D4C1,1,1,1,15,18,208,16,defense4-s3-cell,d4-cell-v1,0,0
0,1800000000203500,203500,tail,forward,0,20,256,02:00:00:00:00:02,02:00:00:00:00:01,0x88b5,D4C1,1,1,1,4,18,208,16,defense4-s3-cell,d4-cell-v1,0,0
0,1800000000203750,203750,tail,forward,1,21,256,02:00:00:00:00:02,02:00:00:00:00:01,0x88b5,D4C1,1,1,1,5,18,208,16,defense4-s3-cell,d4-cell-v1,0,0
1,1800000001000000,0,request,forward,0,0,256,02:00:00:00:00:02,02:00:00:00:00:01,0x88b5,D4C1,1,1,1,6,18,208,16,defense4-s3-cell,d4-cell-v1,0,0
1,1800000001000250,250,request,forward,1,1,256,02:00:00:00:00:02,02:00:00:00:00:01,0x88b5,D4C1,1,1,1,7,18,208,16,defense4-s3-cell,d4-cell-v1,0,0
1,1800000001000500,500,request,forward,2,2,256,02:00:00:00:00:02,02:00:00:00:00:01,0x88b5,D4C1,1,1,1,8,18,208,16,defense4-s3-cell,d4-cell-v1,0,0
1,1800000001000750,750,request,forward,3,3,256,02:00:00:00:00:02,02:00:00:00:00:01,0x88b5,D4C1,1,1,1,9,18,208,16,defense4-s3-cell,d4-cell-v1,0,0
1,1800000001001000,1000,ack,reverse,0,4,256,02:00:00:00:00:01,02:00:00:00:00:02,0x88b5,D4C1,1,1,1,16,18,208,16,defense4-s3-cell,d4-cell-v1,0,0
1,1800000001001250,1250,ack,reverse,1,5,256,02:00:00:00:00:01,02:00:00:00:00:02,0x88b5,D4C1,1,1,1,17,18,208,16,defense4-s3-cell,d4-cell-v1,0,0
1,1800000001200000,200000,response,reverse,0,6,256,02:00:00:00:00:01,02:00:00:00:00:02,0x88b5,D4C1,1,1,1,18,18,208,16,defense4-s3-cell,d4-cell-v1,0,0
1,1800000001200250,200250,response,reverse,1,7,256,02:00:00:00:00:01,02:00:00:00:00:02,0x88b5,D4C1,1,1,1,19,18,208,16,defense4-s3-cell,d4-cell-v1,0,0
1,1800000001200500,200500,response,reverse,2,8,256,02:00:00:00:00:01,02:00:00:00:00:02,0x88b5,D4C1,1,1,1,20,18,208,16,defense4-s3-cell,d4-cell-v1,0,0
1,1800000001200750,200750,response,reverse,3,9,256,02:00:00:00:00:01,02:00:00:00:00:02,0x88b5,D4C1,1,1,1,21,18,208,16,defense4-s3-cell,d4-cell-v1,0,0
1,1800000001201000,201000,response,reverse,4,10,256,02:00:00:00:00:01,02:00:00:00:00:02,0x88b5,D4C1,1,1,1,22,18,208,16,defense4-s3-cell,d4-cell-v1,0,0
1,1800000001201250,201250,response,reverse,5,11,256,02:00:00:00:00:01,02:00:00:00:00:02,0x88b5,D4C1,1,1,1,23,18,208,16,defense4-s3-cell,d4-cell-v1,0,0
1,1800000001201500,201500,response,reverse,6,12,256,02:00:00:00:00:01,02:00:00:00:00:02,0x88b5,D4C1,1,1,1,24,18,208,16,defense4-s3-cell,d4-cell-v1,0,0
1,1800000001201750,201750,response,reverse,7,13,256,02:00:00:00:00:01,02:00:00:00:00:02,0x88b5,D4C1,1,1,1,25,18,208,16,defense4-s3-cell,d4-cell-v1,0,0
1,1800000001202000,202000,response,reverse,8,14,256,02:00:00:00:00:01,02:00:00:00:00:02,0x88b5,D4C1,1,1,1,26,18,208,16,defense4-s3-cell,d4-cell-v1,0,0
1,1800000001202250,202250,response,reverse,9,15,256,02:00:00:00:00:01,02:00:00:00:00:02,0x88b5,D4C1,1,1,1,27,18,208,16,defense4-s3-cell,d4-cell-v1,0,0
1,1800000001202500,202500,response,reverse,10,16,256,02:00:00:00:00:01,02:00:00:00:00:02,0x88b5,D4C1,1,1,1,28,18,208,16,defense4-s3-cell,d4-cell-v1,0,0
1,1800000001202750,202750,response,reverse,11,17,256,02:00:00:00:00:01,02:00:00:00:00:02,0x88b5,D4C1,1,1,1,29,18,208,16,defense4-s3-cell,d4-cell-v1,0,0
1,1800000001203000,203000,response,reverse,12,18,256,02:00:00:00:00:01,02:00:00:00:00:02,0x88b5,D4C1,1,1,1,30,18,208,16,defense4-s3-cell,d4-cell-v1,0,0
1,1800000001203250,203250,response,reverse,13,19,256,02:00:00:00:00:01,02:00:00:00:00:02,0x88b5,D4C1,1,1,1,31,18,208,16,defense4-s3-cell,d4-cell-v1,0,0
1,1800000001203500,203500,tail,forward,0,20,256,02:00:00:00:00:02,02:00:00:00:00:01,0x88b5,D4C1,1,1,1,10,18,208,16,defense4-s3-cell,d4-cell-v1,0,0
1,1800000001203750,203750,tail,forward,1,21,256,02:00:00:00:00:02,02:00:00:00:00:01,0x88b5,D4C1,1,1,1,11,18,208,16,defense4-s3-cell,d4-cell-v1,0,0
2,1800000002000000,0,request,forward,0,0,256,02:00:00:00:00:02,02:00:00:00:00:01,0x88b5,D4C1,1,1,1,12,18,208,16,defense4-s3-cell,d4-cell-v1,0,0
2,1800000002000250,250,request,forward,1,1,256,02:00:00:00:00:02,02:00:00:00:00:01,0x88b5,D4C1,1,1,1,13,18,208,16,defense4-s3-cell,d4-cell-v1,0,0
2,1800000002000500,500,request,forward,2,2,256,02:00:00:00:00:02,02:00:00:00:00:01,0x88b5,D4C1,1,1,1,14,18,208,16,defense4-s3-cell,d4-cell-v1,0,0
2,1800000002000750,750,request,forward,3,3,256,02:00:00:00:00:02,02:00:00:00:00:01,0x88b5,D4C1,1,1,1,15,18,208,16,defense4-s3-cell,d4-cell-v1,0,0
2,1800000002001000,1000,ack,reverse,0,4,256,02:00:00:00:00:01,02:00:00:00:00:02,0x88b5,D4C1,1,1,1,32,18,208,16,defense4-s3-cell,d4-cell-v1,0,0
2,1800000002001250,1250,ack,reverse,1,5,256,02:00:00:00:00:01,02:00:00:00:00:02,0x88b5,D4C1,1,1,1,33,18,208,16,defense4-s3-cell,d4-cell-v1,0,0
2,1800000002200000,200000,response,reverse,0,6,256,02:00:00:00:00:01,02:00:00:00:00:02,0x88b5,D4C1,1,1,1,34,18,208,16,defense4-s3-cell,d4-cell-v1,0,0
2,1800000002200250,200250,response,reverse,1,7,256,02:00:00:00:00:01,02:00:00:00:00:02,0x88b5,D4C1,1,1,1,35,18,208,16,defense4-s3-cell,d4-cell-v1,0,0
2,1800000002200500,200500,response,reverse,2,8,256,02:00:00:00:00:01,02:00:00:00:00:02,0x88b5,D4C1,1,1,1,36,18,208,16,defense4-s3-cell,d4-cell-v1,0,0
2,1800000002200750,200750,response,reverse,3,9,256,02:00:00:00:00:01,02:00:00:00:00:02,0x88b5,D4C1,1,1,1,37,18,208,16,defense4-s3-cell,d4-cell-v1,0,0
2,1800000002201000,201000,response,reverse,4,10,256,02:00:00:00:00:01,02:00:00:00:00:02,0x88b5,D4C1,1,1,1,38,18,208,16,defense4-s3-cell,d4-cell-v1,0,0
2,1800000002201250,201250,response,reverse,5,11,256,02:00:00:00:00:01,02:00:00:00:00:02,0x88b5,D4C1,1,1,1,39,18,208,16,defense4-s3-cell,d4-cell-v1,0,0
2,1800000002201500,201500,response,reverse,6,12,256,02:00:00:00:00:01,02:00:00:00:00:02,0x88b5,D4C1,1,1,1,40,18,208,16,defense4-s3-cell,d4-cell-v1,0,0
2,1800000002201750,201750,response,reverse,7,13,256,02:00:00:00:00:01,02:00:00:00:00:02,0x88b5,D4C1,1,1,1,41,18,208,16,defense4-s3-cell,d4-cell-v1,0,0
2,1800000002202000,202000,response,reverse,8,14,256,02:00:00:00:00:01,02:00:00:00:00:02,0x88b5,D4C1,1,1,1,42,18,208,16,defense4-s3-cell,d4-cell-v1,0,0
2,1800000002202250,202250,response,reverse,9,15,256,02:00:00:00:00:01,02:00:00:00:00:02,0x88b5,D4C1,1,1,1,43,18,208,16,defense4-s3-cell,d4-cell-v1,0,0
2,1800000002202500,202500,response,reverse,10,16,256,02:00:00:00:00:01,02:00:00:00:00:02,0x88b5,D4C1,1,1,1,44,18,208,16,defense4-s3-cell,d4-cell-v1,0,0
2,1800000002202750,202750,response,reverse,11,17,256,02:00:00:00:00:01,02:00:00:00:00:02,0x88b5,D4C1,1,1,1,45,18,208,16,defense4-s3-cell,d4-cell-v1,0,0
2,1800000002203000,203000,response,reverse,12,18,256,02:00:00:00:00:01,02:00:00:00:00:02,0x88b5,D4C1,1,1,1,46,18,208,16,defense4-s3-cell,d4-cell-v1,0,0
2,1800000002203250,203250,response,reverse,13,19,256,02:00:00:00:00:01,02:00:00:00:00:02,0x88b5,D4C1,1,1,1,47,18,208,16,defense4-s3-cell,d4-cell-v1,0,0
2,1800000002203500,203500,tail,forward,0,20,256,02:00:00:00:00:02,02:00:00:00:00:01,0x88b5,D4C1,1,1,1,16,18,208,16,defense4-s3-cell,d4-cell-v1,0,0
2,1800000002203750,203750,tail,forward,1,21,256,02:00:00:00:00:02,02:00:00:00:00:01,0x88b5,D4C1,1,1,1,17,18,208,16,defense4-s3-cell,d4-cell-v1,0,0
3,1800000003000000,0,request,forward,0,0,256,02:00:00:00:00:02,02:00:00:00:00:01,0x88b5,D4C1,1,1,1,18,18,208,16,defense4-s3-cell,d4-cell-v1,0,0
3,1800000003000250,250,request,forward,1,1,256,02:00:00:00:00:02,02:00:00:00:00:01,0x88b5,D4C1,1,1,1,19,18,208,16,defense4-s3-cell,d4-cell-v1,0,0
3,1800000003000500,500,request,forward,2,2,256,02:00:00:00:00:02,02:00:00:00:00:01,0x88b5,D4C1,1,1,1,20,18,208,16,defense4-s3-cell,d4-cell-v1,0,0
3,1800000003000750,750,request,forward,3,3,256,02:00:00:00:00:02,02:00:00:00:00:01,0x88b5,D4C1,1,1,1,21,18,208,16,defense4-s3-cell,d4-cell-v1,0,0
3,1800000003001000,1000,ack,reverse,0,4,256,02:00:00:00:00:01,02:00:00:00:00:02,0x88b5,D4C1,1,1,1,48,18,208,16,defense4-s3-cell,d4-cell-v1,0,0
3,1800000003001250,1250,ack,reverse,1,5,256,02:00:00:00:00:01,02:00:00:00:00:02,0x88b5,D4C1,1,1,1,49,18,208,16,defense4-s3-cell,d4-cell-v1,0,0
3,1800000003200000,200000,response,reverse,0,6,256,02:00:00:00:00:01,02:00:00:00:00:02,0x88b5,D4C1,1,1,1,50,18,208,16,defense4-s3-cell,d4-cell-v1,0,0
3,1800000003200250,200250,response,reverse,1,7,256,02:00:00:00:00:01,02:00:00:00:00:02,0x88b5,D4C1,1,1,1,51,18,208,16,defense4-s3-cell,d4-cell-v1,0,0
3,1800000003200500,200500,response,reverse,2,8,256,02:00:00:00:00:01,02:00:00:00:00:02,0x88b5,D4C1,1,1,1,52,18,208,16,defense4-s3-cell,d4-cell-v1,0,0
3,1800000003200750,200750,response,reverse,3,9,256,02:00:00:00:00:01,02:00:00:00:00:02,0x88b5,D4C1,1,1,1,53,18,208,16,defense4-s3-cell,d4-cell-v1,0,0
3,1800000003201000,201000,response,reverse,4,10,256,02:00:00:00:00:01,02:00:00:00:00:02,0x88b5,D4C1,1,1,1,54,18,208,16,defense4-s3-cell,d4-cell-v1,0,0
3,1800000003201250,201250,response,reverse,5,11,256,02:00:00:00:00:01,02:00:00:00:00:02,0x88b5,D4C1,1,1,1,55,18,208,16,defense4-s3-cell,d4-cell-v1,0,0
3,1800000003201500,201500,response,reverse,6,12,256,02:00:00:00:00:01,02:00:00:00:00:02,0x88b5,D4C1,1,1,1,56,18,208,16,defense4-s3-cell,d4-cell-v1,0,0
3,1800000003201750,201750,response,reverse,7,13,256,02:00:00:00:00:01,02:00:00:00:00:02,0x88b5,D4C1,1,1,1,57,18,208,16,defense4-s3-cell,d4-cell-v1,0,0
3,1800000003202000,202000,response,reverse,8,14,256,02:00:00:00:00:01,02:00:00:00:00:02,0x88b5,D4C1,1,1,1,58,18,208,16,defense4-s3-cell,d4-cell-v1,0,0
3,1800000003202250,202250,response,reverse,9,15,256,02:00:00:00:00:01,02:00:00:00:00:02,0x88b5,D4C1,1,1,1,59,18,208,16,defense4-s3-cell,d4-cell-v1,0,0
3,1800000003202500,202500,response,reverse,10,16,256,02:00:00:00:00:01,02:00:00:00:00:02,0x88b5,D4C1,1,1,1,60,18,208,16,defense4-s3-cell,d4-cell-v1,0,0
3,1800000003202750,202750,response,reverse,11,17,256,02:00:00:00:00:01,02:00:00:00:00:02,0x88b5,D4C1,1,1,1,61,18,208,16,defense4-s3-cell,d4-cell-v1,0,0
3,1800000003203000,203000,response,reverse,12,18,256,02:00:00:00:00:01,02:00:00:00:00:02,0x88b5,D4C1,1,1,1,62,18,208,16,defense4-s3-cell,d4-cell-v1,0,0
3,1800000003203250,203250,response,reverse,13,19,256,02:00:00:00:00:01,02:00:00:00:00:02,0x88b5,D4C1,1,1,1,63,18,208,16,defense4-s3-cell,d4-cell-v1,0,0
3,1800000003203500,203500,tail,forward,0,20,256,02:00:00:00:00:02,02:00:00:00:00:01,0x88b5,D4C1,1,1,1,22,18,208,16,defense4-s3-cell,d4-cell-v1,0,0
3,1800000003203750,203750,tail,forward,1,21,256,02:00:00:00:00:02,02:00:00:00:00:01,0x88b5,D4C1,1,1,1,23,18,208,16,defense4-s3-cell,d4-cell-v1,0,0
4,1800000004000000,0,request,forward,0,0,256,02:00:00:00:00:02,02:00:00:00:00:01,0x88b5,D4C1,1,1,1,24,18,208,16,defense4-s3-cell,d4-cell-v1,0,0
4,1800000004000250,250,request,forward,1,1,256,02:00:00:00:00:02,02:00:00:00:00:01,0x88b5,D4C1,1,1,1,25,18,208,16,defense4-s3-cell,d4-cell-v1,0,0
4,1800000004000500,500,request,forward,2,2,256,02:00:00:00:00:02,02:00:00:00:00:01,0x88b5,D4C1,1,1,1,26,18,208,16,defense4-s3-cell,d4-cell-v1,0,0
4,1800000004000750,750,request,forward,3,3,256,02:00:00:00:00:02,02:00:00:00:00:01,0x88b5,D4C1,1,1,1,27,18,208,16,defense4-s3-cell,d4-cell-v1,0,0
4,1800000004001000,1000,ack,reverse,0,4,256,02:00:00:00:00:01,02:00:00:00:00:02,0x88b5,D4C1,1,1,1,64,18,208,16,defense4-s3-cell,d4-cell-v1,0,0
4,1800000004001250,1250,ack,reverse,1,5,256,02:00:00:00:00:01,02:00:00:00:00:02,0x88b5,D4C1,1,1,1,65,18,208,16,defense4-s3-cell,d4-cell-v1,0,0
4,1800000004200000,200000,response,reverse,0,6,256,02:00:00:00:00:01,02:00:00:00:00:02,0x88b5,D4C1,1,1,1,66,18,208,16,defense4-s3-cell,d4-cell-v1,0,0
4,1800000004200250,200250,response,reverse,1,7,256,02:00:00:00:00:01,02:00:00:00:00:02,0x88b5,D4C1,1,1,1,67,18,208,16,defense4-s3-cell,d4-cell-v1,0,0
4,1800000004200500,200500,response,reverse,2,8,256,02:00:00:00:00:01,02:00:00:00:00:02,0x88b5,D4C1,1,1,1,68,18,208,16,defense4-s3-cell,d4-cell-v1,0,0
4,1800000004200750,200750,response,reverse,3,9,256,02:00:00:00:00:01,02:00:00:00:00:02,0x88b5,D4C1,1,1,1,69,18,208,16,defense4-s3-cell,d4-cell-v1,0,0
4,1800000004201000,201000,response,reverse,4,10,256,02:00:00:00:00:01,02:00:00:00:00:02,0x88b5,D4C1,1,1,1,70,18,208,16,defense4-s3-cell,d4-cell-v1,0,0
4,1800000004201250,201250,response,reverse,5,11,256,02:00:00:00:00:01,02:00:00:00:00:02,0x88b5,D4C1,1,1,1,71,18,208,16,defense4-s3-cell,d4-cell-v1,0,0
4,1800000004201500,201500,response,reverse,6,12,256,02:00:00:00:00:01,02:00:00:00:00:02,0x88b5,D4C1,1,1,1,72,18,208,16,defense4-s3-cell,d4-cell-v1,0,0
4,1800000004201750,201750,response,reverse,7,13,256,02:00:00:00:00:01,02:00:00:00:00:02,0x88b5,D4C1,1,1,1,73,18,208,16,defense4-s3-cell,d4-cell-v1,0,0
4,1800000004202000,202000,response,reverse,8,14,256,02:00:00:00:00:01,02:00:00:00:00:02,0x88b5,D4C1,1,1,1,74,18,208,16,defense4-s3-cell,d4-cell-v1,0,0
4,1800000004202250,202250,response,reverse,9,15,256,02:00:00:00:00:01,02:00:00:00:00:02,0x88b5,D4C1,1,1,1,75,18,208,16,defense4-s3-cell,d4-cell-v1,0,0
4,1800000004202500,202500,response,reverse,10,16,256,02:00:00:00:00:01,02:00:00:00:00:02,0x88b5,D4C1,1,1,1,76,18,208,16,defense4-s3-cell,d4-cell-v1,0,0
4,1800000004202750,202750,response,reverse,11,17,256,02:00:00:00:00:01,02:00:00:00:00:02,0x88b5,D4C1,1,1,1,77,18,208,16,defense4-s3-cell,d4-cell-v1,0,0
4,1800000004203000,203000,response,reverse,12,18,256,02:00:00:00:00:01,02:00:00:00:00:02,0x88b5,D4C1,1,1,1,78,18,208,16,defense4-s3-cell,d4-cell-v1,0,0
4,1800000004203250,203250,response,reverse,13,19,256,02:00:00:00:00:01,02:00:00:00:00:02,0x88b5,D4C1,1,1,1,79,18,208,16,defense4-s3-cell,d4-cell-v1,0,0
4,1800000004203500,203500,tail,forward,0,20,256,02:00:00:00:00:02,02:00:00:00:00:01,0x88b5,D4C1,1,1,1,28,18,208,16,defense4-s3-cell,d4-cell-v1,0,0
4,1800000004203750,203750,tail,forward,1,21,256,02:00:00:00:00:02,02:00:00:00:00:01,0x88b5,D4C1,1,1,1,29,18,208,16,defense4-s3-cell,d4-cell-v1,0,0
5,1800000005000000,0,request,forward,0,0,256,02:00:00:00:00:02,02:00:00:00:00:01,0x88b5,D4C1,1,1,1,30,18,208,16,defense4-s3-cell,d4-cell-v1,0,0
5,1800000005000250,250,request,forward,1,1,256,02:00:00:00:00:02,02:00:00:00:00:01,0x88b5,D4C1,1,1,1,31,18,208,16,defense4-s3-cell,d4-cell-v1,0,0
5,1800000005000500,500,request,forward,2,2,256,02:00:00:00:00:02,02:00:00:00:00:01,0x88b5,D4C1,1,1,1,32,18,208,16,defense4-s3-cell,d4-cell-v1,0,0
5,1800000005000750,750,request,forward,3,3,256,02:00:00:00:00:02,02:00:00:00:00:01,0x88b5,D4C1,1,1,1,33,18,208,16,defense4-s3-cell,d4-cell-v1,0,0
5,1800000005001000,1000,ack,reverse,0,4,256,02:00:00:00:00:01,02:00:00:00:00:02,0x88b5,D4C1,1,1,1,80,18,208,16,defense4-s3-cell,d4-cell-v1,0,0
5,1800000005001250,1250,ack,reverse,1,5,256,02:00:00:00:00:01,02:00:00:00:00:02,0x88b5,D4C1,1,1,1,81,18,208,16,defense4-s3-cell,d4-cell-v1,0,0
5,1800000005200000,200000,response,reverse,0,6,256,02:00:00:00:00:01,02:00:00:00:00:02,0x88b5,D4C1,1,1,1,82,18,208,16,defense4-s3-cell,d4-cell-v1,0,0
5,1800000005200250,200250,response,reverse,1,7,256,02:00:00:00:00:01,02:00:00:00:00:02,0x88b5,D4C1,1,1,1,83,18,208,16,defense4-s3-cell,d4-cell-v1,0,0
5,1800000005200500,200500,response,reverse,2,8,256,02:00:00:00:00:01,02:00:00:00:00:02,0x88b5,D4C1,1,1,1,84,18,208,16,defense4-s3-cell,d4-cell-v1,0,0
5,1800000005200750,200750,response,reverse,3,9,256,02:00:00:00:00:01,02:00:00:00:00:02,0x88b5,D4C1,1,1,1,85,18,208,16,defense4-s3-cell,d4-cell-v1,0,0
5,1800000005201000,201000,response,reverse,4,10,256,02:00:00:00:00:01,02:00:00:00:00:02,0x88b5,D4C1,1,1,1,86,18,208,16,defense4-s3-cell,d4-cell-v1,0,0
5,1800000005201250,201250,response,reverse,5,11,256,02:00:00:00:00:01,02:00:00:00:00:02,0x88b5,D4C1,1,1,1,87,18,208,16,defense4-s3-cell,d4-cell-v1,0,0
5,1800000005201500,201500,response,reverse,6,12,256,02:00:00:00:00:01,02:00:00:00:00:02,0x88b5,D4C1,1,1,1,88,18,208,16,defense4-s3-cell,d4-cell-v1,0,0
5,1800000005201750,201750,response,reverse,7,13,256,02:00:00:00:00:01,02:00:00:00:00:02,0x88b5,D4C1,1,1,1,89,18,208,16,defense4-s3-cell,d4-cell-v1,0,0
5,1800000005202000,202000,response,reverse,8,14,256,02:00:00:00:00:01,02:00:00:00:00:02,0x88b5,D4C1,1,1,1,90,18,208,16,defense4-s3-cell,d4-cell-v1,0,0
5,1800000005202250,202250,response,reverse,9,15,256,02:00:00:00:00:01,02:00:00:00:00:02,0x88b5,D4C1,1,1,1,91,18,208,16,defense4-s3-cell,d4-cell-v1,0,0
5,1800000005202500,202500,response,reverse,10,16,256,02:00:00:00:00:01,02:00:00:00:00:02,0x88b5,D4C1,1,1,1,92,18,208,16,defense4-s3-cell,d4-cell-v1,0,0
5,1800000005202750,202750,response,reverse,11,17,256,02:00:00:00:00:01,02:00:00:00:00:02,0x88b5,D4C1,1,1,1,93,18,208,16,defense4-s3-cell,d4-cell-v1,0,0
5,1800000005203000,203000,response,reverse,12,18,256,02:00:00:00:00:01,02:00:00:00:00:02,0x88b5,D4C1,1,1,1,94,18,208,16,defense4-s3-cell,d4-cell-v1,0,0
5,1800000005203250,203250,response,reverse,13,19,256,02:00:00:00:00:01,02:00:00:00:00:02,0x88b5,D4C1,1,1,1,95,18,208,16,defense4-s3-cell,d4-cell-v1,0,0
5,1800000005203500,203500,tail,forward,0,20,256,02:00:00:00:00:02,02:00:00:00:00:01,0x88b5,D4C1,1,1,1,34,18,208,16,defense4-s3-cell,d4-cell-v1,0,0
5,1800000005203750,203750,tail,forward,1,21,256,02:00:00:00:00:02,02:00:00:00:00:01,0x88b5,D4C1,1,1,1,35,18,208,16,defense4-s3-cell,d4-cell-v1,0,0
6,1800000006000000,0,request,forward,0,0,256,02:00:00:00:00:02,02:00:00:00:00:01,0x88b5,D4C1,1,1,1,36,18,208,16,defense4-s3-cell,d4-cell-v1,0,0
6,1800000006000250,250,request,forward,1,1,256,02:00:00:00:00:02,02:00:00:00:00:01,0x88b5,D4C1,1,1,1,37,18,208,16,defense4-s3-cell,d4-cell-v1,0,0
6,1800000006000500,500,request,forward,2,2,256,02:00:00:00:00:02,02:00:00:00:00:01,0x88b5,D4C1,1,1,1,38,18,208,16,defense4-s3-cell,d4-cell-v1,0,0
6,1800000006000750,750,request,forward,3,3,256,02:00:00:00:00:02,02:00:00:00:00:01,0x88b5,D4C1,1,1,1,39,18,208,16,defense4-s3-cell,d4-cell-v1,0,0
6,1800000006001000,1000,ack,reverse,0,4,256,02:00:00:00:00:01,02:00:00:00:00:02,0x88b5,D4C1,1,1,1,96,18,208,16,defense4-s3-cell,d4-cell-v1,0,0
6,1800000006001250,1250,ack,reverse,1,5,256,02:00:00:00:00:01,02:00:00:00:00:02,0x88b5,D4C1,1,1,1,97,18,208,16,defense4-s3-cell,d4-cell-v1,0,0
6,1800000006200000,200000,response,reverse,0,6,256,02:00:00:00:00:01,02:00:00:00:00:02,0x88b5,D4C1,1,1,1,98,18,208,16,defense4-s3-cell,d4-cell-v1,0,0
6,1800000006200250,200250,response,reverse,1,7,256,02:00:00:00:00:01,02:00:00:00:00:02,0x88b5,D4C1,1,1,1,99,18,208,16,defense4-s3-cell,d4-cell-v1,0,0
6,1800000006200500,200500,response,reverse,2,8,256,02:00:00:00:00:01,02:00:00:00:00:02,0x88b5,D4C1,1,1,1,100,18,208,16,defense4-s3-cell,d4-cell-v1,0,0
6,1800000006200750,200750,response,reverse,3,9,256,02:00:00:00:00:01,02:00:00:00:00:02,0x88b5,D4C1,1,1,1,101,18,208,16,defense4-s3-cell,d4-cell-v1,0,0
6,1800000006201000,201000,response,reverse,4,10,256,02:00:00:00:00:01,02:00:00:00:00:02,0x88b5,D4C1,1,1,1,102,18,208,16,defense4-s3-cell,d4-cell-v1,0,0
6,1800000006201250,201250,response,reverse,5,11,256,02:00:00:00:00:01,02:00:00:00:00:02,0x88b5,D4C1,1,1,1,103,18,208,16,defense4-s3-cell,d4-cell-v1,0,0
6,1800000006201500,201500,response,reverse,6,12,256,02:00:00:00:00:01,02:00:00:00:00:02,0x88b5,D4C1,1,1,1,104,18,208,16,defense4-s3-cell,d4-cell-v1,0,0
6,1800000006201750,201750,response,reverse,7,13,256,02:00:00:00:00:01,02:00:00:00:00:02,0x88b5,D4C1,1,1,1,105,18,208,16,defense4-s3-cell,d4-cell-v1,0,0
6,1800000006202000,202000,response,reverse,8,14,256,02:00:00:00:00:01,02:00:00:00:00:02,0x88b5,D4C1,1,1,1,106,18,208,16,defense4-s3-cell,d4-cell-v1,0,0
6,1800000006202250,202250,response,reverse,9,15,256,02:00:00:00:00:01,02:00:00:00:00:02,0x88b5,D4C1,1,1,1,107,18,208,16,defense4-s3-cell,d4-cell-v1,0,0
6,1800000006202500,202500,response,reverse,10,16,256,02:00:00:00:00:01,02:00:00:00:00:02,0x88b5,D4C1,1,1,1,108,18,208,16,defense4-s3-cell,d4-cell-v1,0,0
6,1800000006202750,202750,response,reverse,11,17,256,02:00:00:00:00:01,02:00:00:00:00:02,0x88b5,D4C1,1,1,1,109,18,208,16,defense4-s3-cell,d4-cell-v1,0,0
6,1800000006203000,203000,response,reverse,12,18,256,02:00:00:00:00:01,02:00:00:00:00:02,0x88b5,D4C1,1,1,1,110,18,208,16,defense4-s3-cell,d4-cell-v1,0,0
6,1800000006203250,203250,response,reverse,13,19,256,02:00:00:00:00:01,02:00:00:00:00:02,0x88b5,D4C1,1,1,1,111,18,208,16,defense4-s3-cell,d4-cell-v1,0,0
6,1800000006203500,203500,tail,forward,0,20,256,02:00:00:00:00:02,02:00:00:00:00:01,0x88b5,D4C1,1,1,1,40,18,208,16,defense4-s3-cell,d4-cell-v1,0,0
6,1800000006203750,203750,tail,forward,1,21,256,02:00:00:00:00:02,02:00:00:00:00:01,0x88b5,D4C1,1,1,1,41,18,208,16,defense4-s3-cell,d4-cell-v1,0,0
7,1800000007000000,0,request,forward,0,0,256,02:00:00:00:00:02,02:00:00:00:00:01,0x88b5,D4C1,1,1,1,42,18,208,16,defense4-s3-cell,d4-cell-v1,0,0
7,1800000007000250,250,request,forward,1,1,256,02:00:00:00:00:02,02:00:00:00:00:01,0x88b5,D4C1,1,1,1,43,18,208,16,defense4-s3-cell,d4-cell-v1,0,0
7,1800000007000500,500,request,forward,2,2,256,02:00:00:00:00:02,02:00:00:00:00:01,0x88b5,D4C1,1,1,1,44,18,208,16,defense4-s3-cell,d4-cell-v1,0,0
7,1800000007000750,750,request,forward,3,3,256,02:00:00:00:00:02,02:00:00:00:00:01,0x88b5,D4C1,1,1,1,45,18,208,16,defense4-s3-cell,d4-cell-v1,0,0
7,1800000007001000,1000,ack,reverse,0,4,256,02:00:00:00:00:01,02:00:00:00:00:02,0x88b5,D4C1,1,1,1,112,18,208,16,defense4-s3-cell,d4-cell-v1,0,0
7,1800000007001250,1250,ack,reverse,1,5,256,02:00:00:00:00:01,02:00:00:00:00:02,0x88b5,D4C1,1,1,1,113,18,208,16,defense4-s3-cell,d4-cell-v1,0,0
7,1800000007200000,200000,response,reverse,0,6,256,02:00:00:00:00:01,02:00:00:00:00:02,0x88b5,D4C1,1,1,1,114,18,208,16,defense4-s3-cell,d4-cell-v1,0,0
7,1800000007200250,200250,response,reverse,1,7,256,02:00:00:00:00:01,02:00:00:00:00:02,0x88b5,D4C1,1,1,1,115,18,208,16,defense4-s3-cell,d4-cell-v1,0,0
7,1800000007200500,200500,response,reverse,2,8,256,02:00:00:00:00:01,02:00:00:00:00:02,0x88b5,D4C1,1,1,1,116,18,208,16,defense4-s3-cell,d4-cell-v1,0,0
7,1800000007200750,200750,response,reverse,3,9,256,02:00:00:00:00:01,02:00:00:00:00:02,0x88b5,D4C1,1,1,1,117,18,208,16,defense4-s3-cell,d4-cell-v1,0,0
7,1800000007201000,201000,response,reverse,4,10,256,02:00:00:00:00:01,02:00:00:00:00:02,0x88b5,D4C1,1,1,1,118,18,208,16,defense4-s3-cell,d4-cell-v1,0,0
7,1800000007201250,201250,response,reverse,5,11,256,02:00:00:00:00:01,02:00:00:00:00:02,0x88b5,D4C1,1,1,1,119,18,208,16,defense4-s3-cell,d4-cell-v1,0,0
7,1800000007201500,201500,response,reverse,6,12,256,02:00:00:00:00:01,02:00:00:00:00:02,0x88b5,D4C1,1,1,1,120,18,208,16,defense4-s3-cell,d4-cell-v1,0,0
7,1800000007201750,201750,response,reverse,7,13,256,02:00:00:00:00:01,02:00:00:00:00:02,0x88b5,D4C1,1,1,1,121,18,208,16,defense4-s3-cell,d4-cell-v1,0,0
7,1800000007202000,202000,response,reverse,8,14,256,02:00:00:00:00:01,02:00:00:00:00:02,0x88b5,D4C1,1,1,1,122,18,208,16,defense4-s3-cell,d4-cell-v1,0,0
7,1800000007202250,202250,response,reverse,9,15,256,02:00:00:00:00:01,02:00:00:00:00:02,0x88b5,D4C1,1,1,1,123,18,208,16,defense4-s3-cell,d4-cell-v1,0,0
7,1800000007202500,202500,response,reverse,10,16,256,02:00:00:00:00:01,02:00:00:00:00:02,0x88b5,D4C1,1,1,1,124,18,208,16,defense4-s3-cell,d4-cell-v1,0,0
7,1800000007202750,202750,response,reverse,11,17,256,02:00:00:00:00:01,02:00:00:00:00:02,0x88b5,D4C1,1,1,1,125,18,208,16,defense4-s3-cell,d4-cell-v1,0,0
7,1800000007203000,203000,response,reverse,12,18,256,02:00:00:00:00:01,02:00:00:00:00:02,0x88b5,D4C1,1,1,1,126,18,208,16,defense4-s3-cell,d4-cell-v1,0,0
7,1800000007203250,203250,response,reverse,13,19,256,02:00:00:00:00:01,02:00:00:00:00:02,0x88b5,D4C1,1,1,1,127,18,208,16,defense4-s3-cell,d4-cell-v1,0,0
7,1800000007203500,203500,tail,forward,0,20,256,02:00:00:00:00:02,02:00:00:00:00:01,0x88b5,D4C1,1,1,1,46,18,208,16,defense4-s3-cell,d4-cell-v1,0,0
7,1800000007203750,203750,tail,forward,1,21,256,02:00:00:00:00:02,02:00:00:00:00:01,0x88b5,D4C1,1,1,1,47,18,208,16,defense4-s3-cell,d4-cell-v1,0,0
8,1800000008000000,0,request,forward,0,0,256,02:00:00:00:00:02,02:00:00:00:00:01,0x88b5,D4C1,1,1,1,48,18,208,16,defense4-s3-cell,d4-cell-v1,0,0
8,1800000008000250,250,request,forward,1,1,256,02:00:00:00:00:02,02:00:00:00:00:01,0x88b5,D4C1,1,1,1,49,18,208,16,defense4-s3-cell,d4-cell-v1,0,0
8,1800000008000500,500,request,forward,2,2,256,02:00:00:00:00:02,02:00:00:00:00:01,0x88b5,D4C1,1,1,1,50,18,208,16,defense4-s3-cell,d4-cell-v1,0,0
8,1800000008000750,750,request,forward,3,3,256,02:00:00:00:00:02,02:00:00:00:00:01,0x88b5,D4C1,1,1,1,51,18,208,16,defense4-s3-cell,d4-cell-v1,0,0
8,1800000008001000,1000,ack,reverse,0,4,256,02:00:00:00:00:01,02:00:00:00:00:02,0x88b5,D4C1,1,1,1,128,18,208,16,defense4-s3-cell,d4-cell-v1,0,0
8,1800000008001250,1250,ack,reverse,1,5,256,02:00:00:00:00:01,02:00:00:00:00:02,0x88b5,D4C1,1,1,1,129,18,208,16,defense4-s3-cell,d4-cell-v1,0,0
8,1800000008200000,200000,response,reverse,0,6,256,02:00:00:00:00:01,02:00:00:00:00:02,0x88b5,D4C1,1,1,1,130,18,208,16,defense4-s3-cell,d4-cell-v1,0,0
8,1800000008200250,200250,response,reverse,1,7,256,02:00:00:00:00:01,02:00:00:00:00:02,0x88b5,D4C1,1,1,1,131,18,208,16,defense4-s3-cell,d4-cell-v1,0,0
8,1800000008200500,200500,response,reverse,2,8,256,02:00:00:00:00:01,02:00:00:00:00:02,0x88b5,D4C1,1,1,1,132,18,208,16,defense4-s3-cell,d4-cell-v1,0,0
8,1800000008200750,200750,response,reverse,3,9,256,02:00:00:00:00:01,02:00:00:00:00:02,0x88b5,D4C1,1,1,1,133,18,208,16,defense4-s3-cell,d4-cell-v1,0,0
8,1800000008201000,201000,response,reverse,4,10,256,02:00:00:00:00:01,02:00:00:00:00:02,0x88b5,D4C1,1,1,1,134,18,208,16,defense4-s3-cell,d4-cell-v1,0,0
8,1800000008201250,201250,response,reverse,5,11,256,02:00:00:00:00:01,02:00:00:00:00:02,0x88b5,D4C1,1,1,1,135,18,208,16,defense4-s3-cell,d4-cell-v1,0,0
8,1800000008201500,201500,response,reverse,6,12,256,02:00:00:00:00:01,02:00:00:00:00:02,0x88b5,D4C1,1,1,1,136,18,208,16,defense4-s3-cell,d4-cell-v1,0,0
8,1800000008201750,201750,response,reverse,7,13,256,02:00:00:00:00:01,02:00:00:00:00:02,0x88b5,D4C1,1,1,1,137,18,208,16,defense4-s3-cell,d4-cell-v1,0,0
8,1800000008202000,202000,response,reverse,8,14,256,02:00:00:00:00:01,02:00:00:00:00:02,0x88b5,D4C1,1,1,1,138,18,208,16,defense4-s3-cell,d4-cell-v1,0,0
8,1800000008202250,202250,response,reverse,9,15,256,02:00:00:00:00:01,02:00:00:00:00:02,0x88b5,D4C1,1,1,1,139,18,208,16,defense4-s3-cell,d4-cell-v1,0,0
8,1800000008202500,202500,response,reverse,10,16,256,02:00:00:00:00:01,02:00:00:00:00:02,0x88b5,D4C1,1,1,1,140,18,208,16,defense4-s3-cell,d4-cell-v1,0,0
8,1800000008202750,202750,response,reverse,11,17,256,02:00:00:00:00:01,02:00:00:00:00:02,0x88b5,D4C1,1,1,1,141,18,208,16,defense4-s3-cell,d4-cell-v1,0,0
8,1800000008203000,203000,response,reverse,12,18,256,02:00:00:00:00:01,02:00:00:00:00:02,0x88b5,D4C1,1,1,1,142,18,208,16,defense4-s3-cell,d4-cell-v1,0,0
8,1800000008203250,203250,response,reverse,13,19,256,02:00:00:00:00:01,02:00:00:00:00:02,0x88b5,D4C1,1,1,1,143,18,208,16,defense4-s3-cell,d4-cell-v1,0,0
8,1800000008203500,203500,tail,forward,0,20,256,02:00:00:00:00:02,02:00:00:00:00:01,0x88b5,D4C1,1,1,1,52,18,208,16,defense4-s3-cell,d4-cell-v1,0,0
8,1800000008203750,203750,tail,forward,1,21,256,02:00:00:00:00:02,02:00:00:00:00:01,0x88b5,D4C1,1,1,1,53,18,208,16,defense4-s3-cell,d4-cell-v1,0,0
9,1800000009000000,0,request,forward,0,0,256,02:00:00:00:00:02,02:00:00:00:00:01,0x88b5,D4C1,1,1,1,54,18,208,16,defense4-s3-cell,d4-cell-v1,0,0
9,1800000009000250,250,request,forward,1,1,256,02:00:00:00:00:02,02:00:00:00:00:01,0x88b5,D4C1,1,1,1,55,18,208,16,defense4-s3-cell,d4-cell-v1,0,0
9,1800000009000500,500,request,forward,2,2,256,02:00:00:00:00:02,02:00:00:00:00:01,0x88b5,D4C1,1,1,1,56,18,208,16,defense4-s3-cell,d4-cell-v1,0,0
9,1800000009000750,750,request,forward,3,3,256,02:00:00:00:00:02,02:00:00:00:00:01,0x88b5,D4C1,1,1,1,57,18,208,16,defense4-s3-cell,d4-cell-v1,0,0
9,1800000009001000,1000,ack,reverse,0,4,256,02:00:00:00:00:01,02:00:00:00:00:02,0x88b5,D4C1,1,1,1,144,18,208,16,defense4-s3-cell,d4-cell-v1,0,0
9,1800000009001250,1250,ack,reverse,1,5,256,02:00:00:00:00:01,02:00:00:00:00:02,0x88b5,D4C1,1,1,1,145,18,208,16,defense4-s3-cell,d4-cell-v1,0,0
9,1800000009200000,200000,response,reverse,0,6,256,02:00:00:00:00:01,02:00:00:00:00:02,0x88b5,D4C1,1,1,1,146,18,208,16,defense4-s3-cell,d4-cell-v1,0,0
9,1800000009200250,200250,response,reverse,1,7,256,02:00:00:00:00:01,02:00:00:00:00:02,0x88b5,D4C1,1,1,1,147,18,208,16,defense4-s3-cell,d4-cell-v1,0,0
9,1800000009200500,200500,response,reverse,2,8,256,02:00:00:00:00:01,02:00:00:00:00:02,0x88b5,D4C1,1,1,1,148,18,208,16,defense4-s3-cell,d4-cell-v1,0,0
9,1800000009200750,200750,response,reverse,3,9,256,02:00:00:00:00:01,02:00:00:00:00:02,0x88b5,D4C1,1,1,1,149,18,208,16,defense4-s3-cell,d4-cell-v1,0,0
9,1800000009201000,201000,response,reverse,4,10,256,02:00:00:00:00:01,02:00:00:00:00:02,0x88b5,D4C1,1,1,1,150,18,208,16,defense4-s3-cell,d4-cell-v1,0,0
9,1800000009201250,201250,response,reverse,5,11,256,02:00:00:00:00:01,02:00:00:00:00:02,0x88b5,D4C1,1,1,1,151,18,208,16,defense4-s3-cell,d4-cell-v1,0,0
9,1800000009201500,201500,response,reverse,6,12,256,02:00:00:00:00:01,02:00:00:00:00:02,0x88b5,D4C1,1,1,1,152,18,208,16,defense4-s3-cell,d4-cell-v1,0,0
9,1800000009201750,201750,response,reverse,7,13,256,02:00:00:00:00:01,02:00:00:00:00:02,0x88b5,D4C1,1,1,1,153,18,208,16,defense4-s3-cell,d4-cell-v1,0,0
9,1800000009202000,202000,response,reverse,8,14,256,02:00:00:00:00:01,02:00:00:00:00:02,0x88b5,D4C1,1,1,1,154,18,208,16,defense4-s3-cell,d4-cell-v1,0,0
9,1800000009202250,202250,response,reverse,9,15,256,02:00:00:00:00:01,02:00:00:00:00:02,0x88b5,D4C1,1,1,1,155,18,208,16,defense4-s3-cell,d4-cell-v1,0,0
9,1800000009202500,202500,response,reverse,10,16,256,02:00:00:00:00:01,02:00:00:00:00:02,0x88b5,D4C1,1,1,1,156,18,208,16,defense4-s3-cell,d4-cell-v1,0,0
9,1800000009202750,202750,response,reverse,11,17,256,02:00:00:00:00:01,02:00:00:00:00:02,0x88b5,D4C1,1,1,1,157,18,208,16,defense4-s3-cell,d4-cell-v1,0,0
9,1800000009203000,203000,response,reverse,12,18,256,02:00:00:00:00:01,02:00:00:00:00:02,0x88b5,D4C1,1,1,1,158,18,208,16,defense4-s3-cell,d4-cell-v1,0,0
9,1800000009203250,203250,response,reverse,13,19,256,02:00:00:00:00:01,02:00:00:00:00:02,0x88b5,D4C1,1,1,1,159,18,208,16,defense4-s3-cell,d4-cell-v1,0,0
9,1800000009203500,203500,tail,forward,0,20,256,02:00:00:00:00:02,02:00:00:00:00:01,0x88b5,D4C1,1,1,1,58,18,208,16,defense4-s3-cell,d4-cell-v1,0,0
9,1800000009203750,203750,tail,forward,1,21,256,02:00:00:00:00:02,02:00:00:00:00:01,0x88b5,D4C1,1,1,1,59,18,208,16,defense4-s3-cell,d4-cell-v1,0,0
10,1800000010000000,0,request,forward,0,0,256,02:00:00:00:00:02,02:00:00:00:00:01,0x88b5,D4C1,1,1,1,60,18,208,16,defense4-s3-cell,d4-cell-v1,0,0
10,1800000010000250,250,request,forward,1,1,256,02:00:00:00:00:02,02:00:00:00:00:01,0x88b5,D4C1,1,1,1,61,18,208,16,defense4-s3-cell,d4-cell-v1,0,0
10,1800000010000500,500,request,forward,2,2,256,02:00:00:00:00:02,02:00:00:00:00:01,0x88b5,D4C1,1,1,1,62,18,208,16,defense4-s3-cell,d4-cell-v1,0,0
10,1800000010000750,750,request,forward,3,3,256,02:00:00:00:00:02,02:00:00:00:00:01,0x88b5,D4C1,1,1,1,63,18,208,16,defense4-s3-cell,d4-cell-v1,0,0
10,1800000010001000,1000,ack,reverse,0,4,256,02:00:00:00:00:01,02:00:00:00:00:02,0x88b5,D4C1,1,1,1,160,18,208,16,defense4-s3-cell,d4-cell-v1,0,0
10,1800000010001250,1250,ack,reverse,1,5,256,02:00:00:00:00:01,02:00:00:00:00:02,0x88b5,D4C1,1,1,1,161,18,208,16,defense4-s3-cell,d4-cell-v1,0,0
10,1800000010200000,200000,response,reverse,0,6,256,02:00:00:00:00:01,02:00:00:00:00:02,0x88b5,D4C1,1,1,1,162,18,208,16,defense4-s3-cell,d4-cell-v1,0,0
10,1800000010200250,200250,response,reverse,1,7,256,02:00:00:00:00:01,02:00:00:00:00:02,0x88b5,D4C1,1,1,1,163,18,208,16,defense4-s3-cell,d4-cell-v1,0,0
10,1800000010200500,200500,response,reverse,2,8,256,02:00:00:00:00:01,02:00:00:00:00:02,0x88b5,D4C1,1,1,1,164,18,208,16,defense4-s3-cell,d4-cell-v1,0,0
10,1800000010200750,200750,response,reverse,3,9,256,02:00:00:00:00:01,02:00:00:00:00:02,0x88b5,D4C1,1,1,1,165,18,208,16,defense4-s3-cell,d4-cell-v1,0,0
10,1800000010201000,201000,response,reverse,4,10,256,02:00:00:00:00:01,02:00:00:00:00:02,0x88b5,D4C1,1,1,1,166,18,208,16,defense4-s3-cell,d4-cell-v1,0,0
10,1800000010201250,201250,response,reverse,5,11,256,02:00:00:00:00:01,02:00:00:00:00:02,0x88b5,D4C1,1,1,1,167,18,208,16,defense4-s3-cell,d4-cell-v1,0,0
10,1800000010201500,201500,response,reverse,6,12,256,02:00:00:00:00:01,02:00:00:00:00:02,0x88b5,D4C1,1,1,1,168,18,208,16,defense4-s3-cell,d4-cell-v1,0,0
10,1800000010201750,201750,response,reverse,7,13,256,02:00:00:00:00:01,02:00:00:00:00:02,0x88b5,D4C1,1,1,1,169,18,208,16,defense4-s3-cell,d4-cell-v1,0,0
10,1800000010202000,202000,response,reverse,8,14,256,02:00:00:00:00:01,02:00:00:00:00:02,0x88b5,D4C1,1,1,1,170,18,208,16,defense4-s3-cell,d4-cell-v1,0,0
10,1800000010202250,202250,response,reverse,9,15,256,02:00:00:00:00:01,02:00:00:00:00:02,0x88b5,D4C1,1,1,1,171,18,208,16,defense4-s3-cell,d4-cell-v1,0,0
10,1800000010202500,202500,response,reverse,10,16,256,02:00:00:00:00:01,02:00:00:00:00:02,0x88b5,D4C1,1,1,1,172,18,208,16,defense4-s3-cell,d4-cell-v1,0,0
10,1800000010202750,202750,response,reverse,11,17,256,02:00:00:00:00:01,02:00:00:00:00:02,0x88b5,D4C1,1,1,1,173,18,208,16,defense4-s3-cell,d4-cell-v1,0,0
10,1800000010203000,203000,response,reverse,12,18,256,02:00:00:00:00:01,02:00:00:00:00:02,0x88b5,D4C1,1,1,1,174,18,208,16,defense4-s3-cell,d4-cell-v1,0,0
10,1800000010203250,203250,response,reverse,13,19,256,02:00:00:00:00:01,02:00:00:00:00:02,0x88b5,D4C1,1,1,1,175,18,208,16,defense4-s3-cell,d4-cell-v1,0,0
10,1800000010203500,203500,tail,forward,0,20,256,02:00:00:00:00:02,02:00:00:00:00:01,0x88b5,D4C1,1,1,1,64,18,208,16,defense4-s3-cell,d4-cell-v1,0,0
10,1800000010203750,203750,tail,forward,1,21,256,02:00:00:00:00:02,02:00:00:00:00:01,0x88b5,D4C1,1,1,1,65,18,208,16,defense4-s3-cell,d4-cell-v1,0,0
11,1800000011000000,0,request,forward,0,0,256,02:00:00:00:00:02,02:00:00:00:00:01,0x88b5,D4C1,1,1,1,66,18,208,16,defense4-s3-cell,d4-cell-v1,0,0
11,1800000011000250,250,request,forward,1,1,256,02:00:00:00:00:02,02:00:00:00:00:01,0x88b5,D4C1,1,1,1,67,18,208,16,defense4-s3-cell,d4-cell-v1,0,0
11,1800000011000500,500,request,forward,2,2,256,02:00:00:00:00:02,02:00:00:00:00:01,0x88b5,D4C1,1,1,1,68,18,208,16,defense4-s3-cell,d4-cell-v1,0,0
11,1800000011000750,750,request,forward,3,3,256,02:00:00:00:00:02,02:00:00:00:00:01,0x88b5,D4C1,1,1,1,69,18,208,16,defense4-s3-cell,d4-cell-v1,0,0
11,1800000011001000,1000,ack,reverse,0,4,256,02:00:00:00:00:01,02:00:00:00:00:02,0x88b5,D4C1,1,1,1,176,18,208,16,defense4-s3-cell,d4-cell-v1,0,0
11,1800000011001250,1250,ack,reverse,1,5,256,02:00:00:00:00:01,02:00:00:00:00:02,0x88b5,D4C1,1,1,1,177,18,208,16,defense4-s3-cell,d4-cell-v1,0,0
11,1800000011200000,200000,response,reverse,0,6,256,02:00:00:00:00:01,02:00:00:00:00:02,0x88b5,D4C1,1,1,1,178,18,208,16,defense4-s3-cell,d4-cell-v1,0,0
11,1800000011200250,200250,response,reverse,1,7,256,02:00:00:00:00:01,02:00:00:00:00:02,0x88b5,D4C1,1,1,1,179,18,208,16,defense4-s3-cell,d4-cell-v1,0,0
11,1800000011200500,200500,response,reverse,2,8,256,02:00:00:00:00:01,02:00:00:00:00:02,0x88b5,D4C1,1,1,1,180,18,208,16,defense4-s3-cell,d4-cell-v1,0,0
11,1800000011200750,200750,response,reverse,3,9,256,02:00:00:00:00:01,02:00:00:00:00:02,0x88b5,D4C1,1,1,1,181,18,208,16,defense4-s3-cell,d4-cell-v1,0,0
11,1800000011201000,201000,response,reverse,4,10,256,02:00:00:00:00:01,02:00:00:00:00:02,0x88b5,D4C1,1,1,1,182,18,208,16,defense4-s3-cell,d4-cell-v1,0,0
11,1800000011201250,201250,response,reverse,5,11,256,02:00:00:00:00:01,02:00:00:00:00:02,0x88b5,D4C1,1,1,1,183,18,208,16,defense4-s3-cell,d4-cell-v1,0,0
11,1800000011201500,201500,response,reverse,6,12,256,02:00:00:00:00:01,02:00:00:00:00:02,0x88b5,D4C1,1,1,1,184,18,208,16,defense4-s3-cell,d4-cell-v1,0,0
11,1800000011201750,201750,response,reverse,7,13,256,02:00:00:00:00:01,02:00:00:00:00:02,0x88b5,D4C1,1,1,1,185,18,208,16,defense4-s3-cell,d4-cell-v1,0,0
11,1800000011202000,202000,response,reverse,8,14,256,02:00:00:00:00:01,02:00:00:00:00:02,0x88b5,D4C1,1,1,1,186,18,208,16,defense4-s3-cell,d4-cell-v1,0,0
11,1800000011202250,202250,response,reverse,9,15,256,02:00:00:00:00:01,02:00:00:00:00:02,0x88b5,D4C1,1,1,1,187,18,208,16,defense4-s3-cell,d4-cell-v1,0,0
11,1800000011202500,202500,response,reverse,10,16,256,02:00:00:00:00:01,02:00:00:00:00:02,0x88b5,D4C1,1,1,1,188,18,208,16,defense4-s3-cell,d4-cell-v1,0,0
11,1800000011202750,202750,response,reverse,11,17,256,02:00:00:00:00:01,02:00:00:00:00:02,0x88b5,D4C1,1,1,1,189,18,208,16,defense4-s3-cell,d4-cell-v1,0,0
11,1800000011203000,203000,response,reverse,12,18,256,02:00:00:00:00:01,02:00:00:00:00:02,0x88b5,D4C1,1,1,1,190,18,208,16,defense4-s3-cell,d4-cell-v1,0,0
11,1800000011203250,203250,response,reverse,13,19,256,02:00:00:00:00:01,02:00:00:00:00:02,0x88b5,D4C1,1,1,1,191,18,208,16,defense4-s3-cell,d4-cell-v1,0,0
11,1800000011203500,203500,tail,forward,0,20,256,02:00:00:00:00:02,02:00:00:00:00:01,0x88b5,D4C1,1,1,1,70,18,208,16,defense4-s3-cell,d4-cell-v1,0,0
11,1800000011203750,203750,tail,forward,1,21,256,02:00:00:00:00:02,02:00:00:00:00:01,0x88b5,D4C1,1,1,1,71,18,208,16,defense4-s3-cell,d4-cell-v1,0,0
12,1800000012000000,0,request,forward,0,0,256,02:00:00:00:00:02,02:00:00:00:00:01,0x88b5,D4C1,1,1,1,72,18,208,16,defense4-s3-cell,d4-cell-v1,0,0
12,1800000012000250,250,request,forward,1,1,256,02:00:00:00:00:02,02:00:00:00:00:01,0x88b5,D4C1,1,1,1,73,18,208,16,defense4-s3-cell,d4-cell-v1,0,0
12,1800000012000500,500,request,forward,2,2,256,02:00:00:00:00:02,02:00:00:00:00:01,0x88b5,D4C1,1,1,1,74,18,208,16,defense4-s3-cell,d4-cell-v1,0,0
12,1800000012000750,750,request,forward,3,3,256,02:00:00:00:00:02,02:00:00:00:00:01,0x88b5,D4C1,1,1,1,75,18,208,16,defense4-s3-cell,d4-cell-v1,0,0
12,1800000012001000,1000,ack,reverse,0,4,256,02:00:00:00:00:01,02:00:00:00:00:02,0x88b5,D4C1,1,1,1,192,18,208,16,defense4-s3-cell,d4-cell-v1,0,0
12,1800000012001250,1250,ack,reverse,1,5,256,02:00:00:00:00:01,02:00:00:00:00:02,0x88b5,D4C1,1,1,1,193,18,208,16,defense4-s3-cell,d4-cell-v1,0,0
12,1800000012200000,200000,response,reverse,0,6,256,02:00:00:00:00:01,02:00:00:00:00:02,0x88b5,D4C1,1,1,1,194,18,208,16,defense4-s3-cell,d4-cell-v1,0,0
12,1800000012200250,200250,response,reverse,1,7,256,02:00:00:00:00:01,02:00:00:00:00:02,0x88b5,D4C1,1,1,1,195,18,208,16,defense4-s3-cell,d4-cell-v1,0,0
12,1800000012200500,200500,response,reverse,2,8,256,02:00:00:00:00:01,02:00:00:00:00:02,0x88b5,D4C1,1,1,1,196,18,208,16,defense4-s3-cell,d4-cell-v1,0,0
12,1800000012200750,200750,response,reverse,3,9,256,02:00:00:00:00:01,02:00:00:00:00:02,0x88b5,D4C1,1,1,1,197,18,208,16,defense4-s3-cell,d4-cell-v1,0,0
12,1800000012201000,201000,response,reverse,4,10,256,02:00:00:00:00:01,02:00:00:00:00:02,0x88b5,D4C1,1,1,1,198,18,208,16,defense4-s3-cell,d4-cell-v1,0,0
12,1800000012201250,201250,response,reverse,5,11,256,02:00:00:00:00:01,02:00:00:00:00:02,0x88b5,D4C1,1,1,1,199,18,208,16,defense4-s3-cell,d4-cell-v1,0,0
12,1800000012201500,201500,response,reverse,6,12,256,02:00:00:00:00:01,02:00:00:00:00:02,0x88b5,D4C1,1,1,1,200,18,208,16,defense4-s3-cell,d4-cell-v1,0,0
12,1800000012201750,201750,response,reverse,7,13,256,02:00:00:00:00:01,02:00:00:00:00:02,0x88b5,D4C1,1,1,1,201,18,208,16,defense4-s3-cell,d4-cell-v1,0,0
12,1800000012202000,202000,response,reverse,8,14,256,02:00:00:00:00:01,02:00:00:00:00:02,0x88b5,D4C1,1,1,1,202,18,208,16,defense4-s3-cell,d4-cell-v1,0,0
12,1800000012202250,202250,response,reverse,9,15,256,02:00:00:00:00:01,02:00:00:00:00:02,0x88b5,D4C1,1,1,1,203,18,208,16,defense4-s3-cell,d4-cell-v1,0,0
12,1800000012202500,202500,response,reverse,10,16,256,02:00:00:00:00:01,02:00:00:00:00:02,0x88b5,D4C1,1,1,1,204,18,208,16,defense4-s3-cell,d4-cell-v1,0,0
12,1800000012202750,202750,response,reverse,11,17,256,02:00:00:00:00:01,02:00:00:00:00:02,0x88b5,D4C1,1,1,1,205,18,208,16,defense4-s3-cell,d4-cell-v1,0,0
12,1800000012203000,203000,response,reverse,12,18,256,02:00:00:00:00:01,02:00:00:00:00:02,0x88b5,D4C1,1,1,1,206,18,208,16,defense4-s3-cell,d4-cell-v1,0,0
12,1800000012203250,203250,response,reverse,13,19,256,02:00:00:00:00:01,02:00:00:00:00:02,0x88b5,D4C1,1,1,1,207,18,208,16,defense4-s3-cell,d4-cell-v1,0,0
12,1800000012203500,203500,tail,forward,0,20,256,02:00:00:00:00:02,02:00:00:00:00:01,0x88b5,D4C1,1,1,1,76,18,208,16,defense4-s3-cell,d4-cell-v1,0,0
12,1800000012203750,203750,tail,forward,1,21,256,02:00:00:00:00:02,02:00:00:00:00:01,0x88b5,D4C1,1,1,1,77,18,208,16,defense4-s3-cell,d4-cell-v1,0,0
13,1800000013000000,0,request,forward,0,0,256,02:00:00:00:00:02,02:00:00:00:00:01,0x88b5,D4C1,1,1,1,78,18,208,16,defense4-s3-cell,d4-cell-v1,0,0
13,1800000013000250,250,request,forward,1,1,256,02:00:00:00:00:02,02:00:00:00:00:01,0x88b5,D4C1,1,1,1,79,18,208,16,defense4-s3-cell,d4-cell-v1,0,0
13,1800000013000500,500,request,forward,2,2,256,02:00:00:00:00:02,02:00:00:00:00:01,0x88b5,D4C1,1,1,1,80,18,208,16,defense4-s3-cell,d4-cell-v1,0,0
13,1800000013000750,750,request,forward,3,3,256,02:00:00:00:00:02,02:00:00:00:00:01,0x88b5,D4C1,1,1,1,81,18,208,16,defense4-s3-cell,d4-cell-v1,0,0
13,1800000013001000,1000,ack,reverse,0,4,256,02:00:00:00:00:01,02:00:00:00:00:02,0x88b5,D4C1,1,1,1,208,18,208,16,defense4-s3-cell,d4-cell-v1,0,0
13,1800000013001250,1250,ack,reverse,1,5,256,02:00:00:00:00:01,02:00:00:00:00:02,0x88b5,D4C1,1,1,1,209,18,208,16,defense4-s3-cell,d4-cell-v1,0,0
13,1800000013200000,200000,response,reverse,0,6,256,02:00:00:00:00:01,02:00:00:00:00:02,0x88b5,D4C1,1,1,1,210,18,208,16,defense4-s3-cell,d4-cell-v1,0,0
13,1800000013200250,200250,response,reverse,1,7,256,02:00:00:00:00:01,02:00:00:00:00:02,0x88b5,D4C1,1,1,1,211,18,208,16,defense4-s3-cell,d4-cell-v1,0,0
13,1800000013200500,200500,response,reverse,2,8,256,02:00:00:00:00:01,02:00:00:00:00:02,0x88b5,D4C1,1,1,1,212,18,208,16,defense4-s3-cell,d4-cell-v1,0,0
13,1800000013200750,200750,response,reverse,3,9,256,02:00:00:00:00:01,02:00:00:00:00:02,0x88b5,D4C1,1,1,1,213,18,208,16,defense4-s3-cell,d4-cell-v1,0,0
13,1800000013201000,201000,response,reverse,4,10,256,02:00:00:00:00:01,02:00:00:00:00:02,0x88b5,D4C1,1,1,1,214,18,208,16,defense4-s3-cell,d4-cell-v1,0,0
13,1800000013201250,201250,response,reverse,5,11,256,02:00:00:00:00:01,02:00:00:00:00:02,0x88b5,D4C1,1,1,1,215,18,208,16,defense4-s3-cell,d4-cell-v1,0,0
13,1800000013201500,201500,response,reverse,6,12,256,02:00:00:00:00:01,02:00:00:00:00:02,0x88b5,D4C1,1,1,1,216,18,208,16,defense4-s3-cell,d4-cell-v1,0,0
13,1800000013201750,201750,response,reverse,7,13,256,02:00:00:00:00:01,02:00:00:00:00:02,0x88b5,D4C1,1,1,1,217,18,208,16,defense4-s3-cell,d4-cell-v1,0,0
13,1800000013202000,202000,response,reverse,8,14,256,02:00:00:00:00:01,02:00:00:00:00:02,0x88b5,D4C1,1,1,1,218,18,208,16,defense4-s3-cell,d4-cell-v1,0,0
13,1800000013202250,202250,response,reverse,9,15,256,02:00:00:00:00:01,02:00:00:00:00:02,0x88b5,D4C1,1,1,1,219,18,208,16,defense4-s3-cell,d4-cell-v1,0,0
13,1800000013202500,202500,response,reverse,10,16,256,02:00:00:00:00:01,02:00:00:00:00:02,0x88b5,D4C1,1,1,1,220,18,208,16,defense4-s3-cell,d4-cell-v1,0,0
13,1800000013202750,202750,response,reverse,11,17,256,02:00:00:00:00:01,02:00:00:00:00:02,0x88b5,D4C1,1,1,1,221,18,208,16,defense4-s3-cell,d4-cell-v1,0,0
13,1800000013203000,203000,response,reverse,12,18,256,02:00:00:00:00:01,02:00:00:00:00:02,0x88b5,D4C1,1,1,1,222,18,208,16,defense4-s3-cell,d4-cell-v1,0,0
13,1800000013203250,203250,response,reverse,13,19,256,02:00:00:00:00:01,02:00:00:00:00:02,0x88b5,D4C1,1,1,1,223,18,208,16,defense4-s3-cell,d4-cell-v1,0,0
13,1800000013203500,203500,tail,forward,0,20,256,02:00:00:00:00:02,02:00:00:00:00:01,0x88b5,D4C1,1,1,1,82,18,208,16,defense4-s3-cell,d4-cell-v1,0,0
13,1800000013203750,203750,tail,forward,1,21,256,02:00:00:00:00:02,02:00:00:00:00:01,0x88b5,D4C1,1,1,1,83,18,208,16,defense4-s3-cell,d4-cell-v1,0,0
14,1800000014000000,0,request,forward,0,0,256,02:00:00:00:00:02,02:00:00:00:00:01,0x88b5,D4C1,1,1,1,84,18,208,16,defense4-s3-cell,d4-cell-v1,0,0
14,1800000014000250,250,request,forward,1,1,256,02:00:00:00:00:02,02:00:00:00:00:01,0x88b5,D4C1,1,1,1,85,18,208,16,defense4-s3-cell,d4-cell-v1,0,0
14,1800000014000500,500,request,forward,2,2,256,02:00:00:00:00:02,02:00:00:00:00:01,0x88b5,D4C1,1,1,1,86,18,208,16,defense4-s3-cell,d4-cell-v1,0,0
14,1800000014000750,750,request,forward,3,3,256,02:00:00:00:00:02,02:00:00:00:00:01,0x88b5,D4C1,1,1,1,87,18,208,16,defense4-s3-cell,d4-cell-v1,0,0
14,1800000014001000,1000,ack,reverse,0,4,256,02:00:00:00:00:01,02:00:00:00:00:02,0x88b5,D4C1,1,1,1,224,18,208,16,defense4-s3-cell,d4-cell-v1,0,0
14,1800000014001250,1250,ack,reverse,1,5,256,02:00:00:00:00:01,02:00:00:00:00:02,0x88b5,D4C1,1,1,1,225,18,208,16,defense4-s3-cell,d4-cell-v1,0,0
14,1800000014200000,200000,response,reverse,0,6,256,02:00:00:00:00:01,02:00:00:00:00:02,0x88b5,D4C1,1,1,1,226,18,208,16,defense4-s3-cell,d4-cell-v1,0,0
14,1800000014200250,200250,response,reverse,1,7,256,02:00:00:00:00:01,02:00:00:00:00:02,0x88b5,D4C1,1,1,1,227,18,208,16,defense4-s3-cell,d4-cell-v1,0,0
14,1800000014200500,200500,response,reverse,2,8,256,02:00:00:00:00:01,02:00:00:00:00:02,0x88b5,D4C1,1,1,1,228,18,208,16,defense4-s3-cell,d4-cell-v1,0,0
14,1800000014200750,200750,response,reverse,3,9,256,02:00:00:00:00:01,02:00:00:00:00:02,0x88b5,D4C1,1,1,1,229,18,208,16,defense4-s3-cell,d4-cell-v1,0,0
14,1800000014201000,201000,response,reverse,4,10,256,02:00:00:00:00:01,02:00:00:00:00:02,0x88b5,D4C1,1,1,1,230,18,208,16,defense4-s3-cell,d4-cell-v1,0,0
14,1800000014201250,201250,response,reverse,5,11,256,02:00:00:00:00:01,02:00:00:00:00:02,0x88b5,D4C1,1,1,1,231,18,208,16,defense4-s3-cell,d4-cell-v1,0,0
14,1800000014201500,201500,response,reverse,6,12,256,02:00:00:00:00:01,02:00:00:00:00:02,0x88b5,D4C1,1,1,1,232,18,208,16,defense4-s3-cell,d4-cell-v1,0,0
14,1800000014201750,201750,response,reverse,7,13,256,02:00:00:00:00:01,02:00:00:00:00:02,0x88b5,D4C1,1,1,1,233,18,208,16,defense4-s3-cell,d4-cell-v1,0,0
14,1800000014202000,202000,response,reverse,8,14,256,02:00:00:00:00:01,02:00:00:00:00:02,0x88b5,D4C1,1,1,1,234,18,208,16,defense4-s3-cell,d4-cell-v1,0,0
14,1800000014202250,202250,response,reverse,9,15,256,02:00:00:00:00:01,02:00:00:00:00:02,0x88b5,D4C1,1,1,1,235,18,208,16,defense4-s3-cell,d4-cell-v1,0,0
14,1800000014202500,202500,response,reverse,10,16,256,02:00:00:00:00:01,02:00:00:00:00:02,0x88b5,D4C1,1,1,1,236,18,208,16,defense4-s3-cell,d4-cell-v1,0,0
14,1800000014202750,202750,response,reverse,11,17,256,02:00:00:00:00:01,02:00:00:00:00:02,0x88b5,D4C1,1,1,1,237,18,208,16,defense4-s3-cell,d4-cell-v1,0,0
14,1800000014203000,203000,response,reverse,12,18,256,02:00:00:00:00:01,02:00:00:00:00:02,0x88b5,D4C1,1,1,1,238,18,208,16,defense4-s3-cell,d4-cell-v1,0,0
14,1800000014203250,203250,response,reverse,13,19,256,02:00:00:00:00:01,02:00:00:00:00:02,0x88b5,D4C1,1,1,1,239,18,208,16,defense4-s3-cell,d4-cell-v1,0,0
14,1800000014203500,203500,tail,forward,0,20,256,02:00:00:00:00:02,02:00:00:00:00:01,0x88b5,D4C1,1,1,1,88,18,208,16,defense4-s3-cell,d4-cell-v1,0,0
14,1800000014203750,203750,tail,forward,1,21,256,02:00:00:00:00:02,02:00:00:00:00:01,0x88b5,D4C1,1,1,1,89,18,208,16,defense4-s3-cell,d4-cell-v1,0,0
15,1800000015000000,0,request,forward,0,0,256,02:00:00:00:00:02,02:00:00:00:00:01,0x88b5,D4C1,1,1,1,90,18,208,16,defense4-s3-cell,d4-cell-v1,0,0
15,1800000015000250,250,request,forward,1,1,256,02:00:00:00:00:02,02:00:00:00:00:01,0x88b5,D4C1,1,1,1,91,18,208,16,defense4-s3-cell,d4-cell-v1,0,0
15,1800000015000500,500,request,forward,2,2,256,02:00:00:00:00:02,02:00:00:00:00:01,0x88b5,D4C1,1,1,1,92,18,208,16,defense4-s3-cell,d4-cell-v1,0,0
15,1800000015000750,750,request,forward,3,3,256,02:00:00:00:00:02,02:00:00:00:00:01,0x88b5,D4C1,1,1,1,93,18,208,16,defense4-s3-cell,d4-cell-v1,0,0
15,1800000015001000,1000,ack,reverse,0,4,256,02:00:00:00:00:01,02:00:00:00:00:02,0x88b5,D4C1,1,1,1,240,18,208,16,defense4-s3-cell,d4-cell-v1,0,0
15,1800000015001250,1250,ack,reverse,1,5,256,02:00:00:00:00:01,02:00:00:00:00:02,0x88b5,D4C1,1,1,1,241,18,208,16,defense4-s3-cell,d4-cell-v1,0,0
15,1800000015200000,200000,response,reverse,0,6,256,02:00:00:00:00:01,02:00:00:00:00:02,0x88b5,D4C1,1,1,1,242,18,208,16,defense4-s3-cell,d4-cell-v1,0,0
15,1800000015200250,200250,response,reverse,1,7,256,02:00:00:00:00:01,02:00:00:00:00:02,0x88b5,D4C1,1,1,1,243,18,208,16,defense4-s3-cell,d4-cell-v1,0,0
15,1800000015200500,200500,response,reverse,2,8,256,02:00:00:00:00:01,02:00:00:00:00:02,0x88b5,D4C1,1,1,1,244,18,208,16,defense4-s3-cell,d4-cell-v1,0,0
15,1800000015200750,200750,response,reverse,3,9,256,02:00:00:00:00:01,02:00:00:00:00:02,0x88b5,D4C1,1,1,1,245,18,208,16,defense4-s3-cell,d4-cell-v1,0,0
15,1800000015201000,201000,response,reverse,4,10,256,02:00:00:00:00:01,02:00:00:00:00:02,0x88b5,D4C1,1,1,1,246,18,208,16,defense4-s3-cell,d4-cell-v1,0,0
15,1800000015201250,201250,response,reverse,5,11,256,02:00:00:00:00:01,02:00:00:00:00:02,0x88b5,D4C1,1,1,1,247,18,208,16,defense4-s3-cell,d4-cell-v1,0,0
15,1800000015201500,201500,response,reverse,6,12,256,02:00:00:00:00:01,02:00:00:00:00:02,0x88b5,D4C1,1,1,1,248,18,208,16,defense4-s3-cell,d4-cell-v1,0,0
15,1800000015201750,201750,response,reverse,7,13,256,02:00:00:00:00:01,02:00:00:00:00:02,0x88b5,D4C1,1,1,1,249,18,208,16,defense4-s3-cell,d4-cell-v1,0,0
15,1800000015202000,202000,response,reverse,8,14,256,02:00:00:00:00:01,02:00:00:00:00:02,0x88b5,D4C1,1,1,1,250,18,208,16,defense4-s3-cell,d4-cell-v1,0,0
15,1800000015202250,202250,response,reverse,9,15,256,02:00:00:00:00:01,02:00:00:00:00:02,0x88b5,D4C1,1,1,1,251,18,208,16,defense4-s3-cell,d4-cell-v1,0,0
15,1800000015202500,202500,response,reverse,10,16,256,02:00:00:00:00:01,02:00:00:00:00:02,0x88b5,D4C1,1,1,1,252,18,208,16,defense4-s3-cell,d4-cell-v1,0,0
15,1800000015202750,202750,response,reverse,11,17,256,02:00:00:00:00:01,02:00:00:00:00:02,0x88b5,D4C1,1,1,1,253,18,208,16,defense4-s3-cell,d4-cell-v1,0,0
15,1800000015203000,203000,response,reverse,12,18,256,02:00:00:00:00:01,02:00:00:00:00:02,0x88b5,D4C1,1,1,1,254,18,208,16,defense4-s3-cell,d4-cell-v1,0,0
15,1800000015203250,203250,response,reverse,13,19,256,02:00:00:00:00:01,02:00:00:00:00:02,0x88b5,D4C1,1,1,1,255,18,208,16,defense4-s3-cell,d4-cell-v1,0,0
15,1800000015203500,203500,tail,forward,0,20,256,02:00:00:00:00:02,02:00:00:00:00:01,0x88b5,D4C1,1,1,1,94,18,208,16,defense4-s3-cell,d4-cell-v1,0,0
15,1800000015203750,203750,tail,forward,1,21,256,02:00:00:00:00:02,02:00:00:00:00:01,0x88b5,D4C1,1,1,1,95,18,208,16,defense4-s3-cell,d4-cell-v1,0,0
16,1800000016000000,0,request,forward,0,0,256,02:00:00:00:00:02,02:00:00:00:00:01,0x88b5,D4C1,1,1,1,96,18,208,16,defense4-s3-cell,d4-cell-v1,0,0
16,1800000016000250,250,request,forward,1,1,256,02:00:00:00:00:02,02:00:00:00:00:01,0x88b5,D4C1,1,1,1,97,18,208,16,defense4-s3-cell,d4-cell-v1,0,0
16,1800000016000500,500,request,forward,2,2,256,02:00:00:00:00:02,02:00:00:00:00:01,0x88b5,D4C1,1,1,1,98,18,208,16,defense4-s3-cell,d4-cell-v1,0,0
16,1800000016000750,750,request,forward,3,3,256,02:00:00:00:00:02,02:00:00:00:00:01,0x88b5,D4C1,1,1,1,99,18,208,16,defense4-s3-cell,d4-cell-v1,0,0
16,1800000016001000,1000,ack,reverse,0,4,256,02:00:00:00:00:01,02:00:00:00:00:02,0x88b5,D4C1,1,1,1,256,18,208,16,defense4-s3-cell,d4-cell-v1,0,0
16,1800000016001250,1250,ack,reverse,1,5,256,02:00:00:00:00:01,02:00:00:00:00:02,0x88b5,D4C1,1,1,1,257,18,208,16,defense4-s3-cell,d4-cell-v1,0,0
16,1800000016200000,200000,response,reverse,0,6,256,02:00:00:00:00:01,02:00:00:00:00:02,0x88b5,D4C1,1,1,1,258,18,208,16,defense4-s3-cell,d4-cell-v1,0,0
16,1800000016200250,200250,response,reverse,1,7,256,02:00:00:00:00:01,02:00:00:00:00:02,0x88b5,D4C1,1,1,1,259,18,208,16,defense4-s3-cell,d4-cell-v1,0,0
16,1800000016200500,200500,response,reverse,2,8,256,02:00:00:00:00:01,02:00:00:00:00:02,0x88b5,D4C1,1,1,1,260,18,208,16,defense4-s3-cell,d4-cell-v1,0,0
16,1800000016200750,200750,response,reverse,3,9,256,02:00:00:00:00:01,02:00:00:00:00:02,0x88b5,D4C1,1,1,1,261,18,208,16,defense4-s3-cell,d4-cell-v1,0,0
16,1800000016201000,201000,response,reverse,4,10,256,02:00:00:00:00:01,02:00:00:00:00:02,0x88b5,D4C1,1,1,1,262,18,208,16,defense4-s3-cell,d4-cell-v1,0,0
16,1800000016201250,201250,response,reverse,5,11,256,02:00:00:00:00:01,02:00:00:00:00:02,0x88b5,D4C1,1,1,1,263,18,208,16,defense4-s3-cell,d4-cell-v1,0,0
16,1800000016201500,201500,response,reverse,6,12,256,02:00:00:00:00:01,02:00:00:00:00:02,0x88b5,D4C1,1,1,1,264,18,208,16,defense4-s3-cell,d4-cell-v1,0,0
16,1800000016201750,201750,response,reverse,7,13,256,02:00:00:00:00:01,02:00:00:00:00:02,0x88b5,D4C1,1,1,1,265,18,208,16,defense4-s3-cell,d4-cell-v1,0,0
16,1800000016202000,202000,response,reverse,8,14,256,02:00:00:00:00:01,02:00:00:00:00:02,0x88b5,D4C1,1,1,1,266,18,208,16,defense4-s3-cell,d4-cell-v1,0,0
16,1800000016202250,202250,response,reverse,9,15,256,02:00:00:00:00:01,02:00:00:00:00:02,0x88b5,D4C1,1,1,1,267,18,208,16,defense4-s3-cell,d4-cell-v1,0,0
16,1800000016202500,202500,response,reverse,10,16,256,02:00:00:00:00:01,02:00:00:00:00:02,0x88b5,D4C1,1,1,1,268,18,208,16,defense4-s3-cell,d4-cell-v1,0,0
16,1800000016202750,202750,response,reverse,11,17,256,02:00:00:00:00:01,02:00:00:00:00:02,0x88b5,D4C1,1,1,1,269,18,208,16,defense4-s3-cell,d4-cell-v1,0,0
16,1800000016203000,203000,response,reverse,12,18,256,02:00:00:00:00:01,02:00:00:00:00:02,0x88b5,D4C1,1,1,1,270,18,208,16,defense4-s3-cell,d4-cell-v1,0,0
16,1800000016203250,203250,response,reverse,13,19,256,02:00:00:00:00:01,02:00:00:00:00:02,0x88b5,D4C1,1,1,1,271,18,208,16,defense4-s3-cell,d4-cell-v1,0,0
16,1800000016203500,203500,tail,forward,0,20,256,02:00:00:00:00:02,02:00:00:00:00:01,0x88b5,D4C1,1,1,1,100,18,208,16,defense4-s3-cell,d4-cell-v1,0,0
16,1800000016203750,203750,tail,forward,1,21,256,02:00:00:00:00:02,02:00:00:00:00:01,0x88b5,D4C1,1,1,1,101,18,208,16,defense4-s3-cell,d4-cell-v1,0,0
17,1800000017000000,0,request,forward,0,0,256,02:00:00:00:00:02,02:00:00:00:00:01,0x88b5,D4C1,1,1,1,102,18,208,16,defense4-s3-cell,d4-cell-v1,0,0
17,1800000017000250,250,request,forward,1,1,256,02:00:00:00:00:02,02:00:00:00:00:01,0x88b5,D4C1,1,1,1,103,18,208,16,defense4-s3-cell,d4-cell-v1,0,0
17,1800000017000500,500,request,forward,2,2,256,02:00:00:00:00:02,02:00:00:00:00:01,0x88b5,D4C1,1,1,1,104,18,208,16,defense4-s3-cell,d4-cell-v1,0,0
17,1800000017000750,750,request,forward,3,3,256,02:00:00:00:00:02,02:00:00:00:00:01,0x88b5,D4C1,1,1,1,105,18,208,16,defense4-s3-cell,d4-cell-v1,0,0
17,1800000017001000,1000,ack,reverse,0,4,256,02:00:00:00:00:01,02:00:00:00:00:02,0x88b5,D4C1,1,1,1,272,18,208,16,defense4-s3-cell,d4-cell-v1,0,0
17,1800000017001250,1250,ack,reverse,1,5,256,02:00:00:00:00:01,02:00:00:00:00:02,0x88b5,D4C1,1,1,1,273,18,208,16,defense4-s3-cell,d4-cell-v1,0,0
17,1800000017200000,200000,response,reverse,0,6,256,02:00:00:00:00:01,02:00:00:00:00:02,0x88b5,D4C1,1,1,1,274,18,208,16,defense4-s3-cell,d4-cell-v1,0,0
17,1800000017200250,200250,response,reverse,1,7,256,02:00:00:00:00:01,02:00:00:00:00:02,0x88b5,D4C1,1,1,1,275,18,208,16,defense4-s3-cell,d4-cell-v1,0,0
17,1800000017200500,200500,response,reverse,2,8,256,02:00:00:00:00:01,02:00:00:00:00:02,0x88b5,D4C1,1,1,1,276,18,208,16,defense4-s3-cell,d4-cell-v1,0,0
17,1800000017200750,200750,response,reverse,3,9,256,02:00:00:00:00:01,02:00:00:00:00:02,0x88b5,D4C1,1,1,1,277,18,208,16,defense4-s3-cell,d4-cell-v1,0,0
17,1800000017201000,201000,response,reverse,4,10,256,02:00:00:00:00:01,02:00:00:00:00:02,0x88b5,D4C1,1,1,1,278,18,208,16,defense4-s3-cell,d4-cell-v1,0,0
17,1800000017201250,201250,response,reverse,5,11,256,02:00:00:00:00:01,02:00:00:00:00:02,0x88b5,D4C1,1,1,1,279,18,208,16,defense4-s3-cell,d4-cell-v1,0,0
17,1800000017201500,201500,response,reverse,6,12,256,02:00:00:00:00:01,02:00:00:00:00:02,0x88b5,D4C1,1,1,1,280,18,208,16,defense4-s3-cell,d4-cell-v1,0,0
17,1800000017201750,201750,response,reverse,7,13,256,02:00:00:00:00:01,02:00:00:00:00:02,0x88b5,D4C1,1,1,1,281,18,208,16,defense4-s3-cell,d4-cell-v1,0,0
17,1800000017202000,202000,response,reverse,8,14,256,02:00:00:00:00:01,02:00:00:00:00:02,0x88b5,D4C1,1,1,1,282,18,208,16,defense4-s3-cell,d4-cell-v1,0,0
17,1800000017202250,202250,response,reverse,9,15,256,02:00:00:00:00:01,02:00:00:00:00:02,0x88b5,D4C1,1,1,1,283,18,208,16,defense4-s3-cell,d4-cell-v1,0,0
17,1800000017202500,202500,response,reverse,10,16,256,02:00:00:00:00:01,02:00:00:00:00:02,0x88b5,D4C1,1,1,1,284,18,208,16,defense4-s3-cell,d4-cell-v1,0,0
17,1800000017202750,202750,response,reverse,11,17,256,02:00:00:00:00:01,02:00:00:00:00:02,0x88b5,D4C1,1,1,1,285,18,208,16,defense4-s3-cell,d4-cell-v1,0,0
17,1800000017203000,203000,response,reverse,12,18,256,02:00:00:00:00:01,02:00:00:00:00:02,0x88b5,D4C1,1,1,1,286,18,208,16,defense4-s3-cell,d4-cell-v1,0,0
17,1800000017203250,203250,response,reverse,13,19,256,02:00:00:00:00:01,02:00:00:00:00:02,0x88b5,D4C1,1,1,1,287,18,208,16,defense4-s3-cell,d4-cell-v1,0,0
17,1800000017203500,203500,tail,forward,0,20,256,02:00:00:00:00:02,02:00:00:00:00:01,0x88b5,D4C1,1,1,1,106,18,208,16,defense4-s3-cell,d4-cell-v1,0,0
17,1800000017203750,203750,tail,forward,1,21,256,02:00:00:00:00:02,02:00:00:00:00:01,0x88b5,D4C1,1,1,1,107,18,208,16,defense4-s3-cell,d4-cell-v1,0,0
18,1800000018000000,0,request,forward,0,0,256,02:00:00:00:00:02,02:00:00:00:00:01,0x88b5,D4C1,1,1,1,108,18,208,16,defense4-s3-cell,d4-cell-v1,0,0
18,1800000018000250,250,request,forward,1,1,256,02:00:00:00:00:02,02:00:00:00:00:01,0x88b5,D4C1,1,1,1,109,18,208,16,defense4-s3-cell,d4-cell-v1,0,0
18,1800000018000500,500,request,forward,2,2,256,02:00:00:00:00:02,02:00:00:00:00:01,0x88b5,D4C1,1,1,1,110,18,208,16,defense4-s3-cell,d4-cell-v1,0,0
18,1800000018000750,750,request,forward,3,3,256,02:00:00:00:00:02,02:00:00:00:00:01,0x88b5,D4C1,1,1,1,111,18,208,16,defense4-s3-cell,d4-cell-v1,0,0
18,1800000018001000,1000,ack,reverse,0,4,256,02:00:00:00:00:01,02:00:00:00:00:02,0x88b5,D4C1,1,1,1,288,18,208,16,defense4-s3-cell,d4-cell-v1,0,0
18,1800000018001250,1250,ack,reverse,1,5,256,02:00:00:00:00:01,02:00:00:00:00:02,0x88b5,D4C1,1,1,1,289,18,208,16,defense4-s3-cell,d4-cell-v1,0,0
18,1800000018200000,200000,response,reverse,0,6,256,02:00:00:00:00:01,02:00:00:00:00:02,0x88b5,D4C1,1,1,1,290,18,208,16,defense4-s3-cell,d4-cell-v1,0,0
18,1800000018200250,200250,response,reverse,1,7,256,02:00:00:00:00:01,02:00:00:00:00:02,0x88b5,D4C1,1,1,1,291,18,208,16,defense4-s3-cell,d4-cell-v1,0,0
18,1800000018200500,200500,response,reverse,2,8,256,02:00:00:00:00:01,02:00:00:00:00:02,0x88b5,D4C1,1,1,1,292,18,208,16,defense4-s3-cell,d4-cell-v1,0,0
18,1800000018200750,200750,response,reverse,3,9,256,02:00:00:00:00:01,02:00:00:00:00:02,0x88b5,D4C1,1,1,1,293,18,208,16,defense4-s3-cell,d4-cell-v1,0,0
18,1800000018201000,201000,response,reverse,4,10,256,02:00:00:00:00:01,02:00:00:00:00:02,0x88b5,D4C1,1,1,1,294,18,208,16,defense4-s3-cell,d4-cell-v1,0,0
18,1800000018201250,201250,response,reverse,5,11,256,02:00:00:00:00:01,02:00:00:00:00:02,0x88b5,D4C1,1,1,1,295,18,208,16,defense4-s3-cell,d4-cell-v1,0,0
18,1800000018201500,201500,response,reverse,6,12,256,02:00:00:00:00:01,02:00:00:00:00:02,0x88b5,D4C1,1,1,1,296,18,208,16,defense4-s3-cell,d4-cell-v1,0,0
18,1800000018201750,201750,response,reverse,7,13,256,02:00:00:00:00:01,02:00:00:00:00:02,0x88b5,D4C1,1,1,1,297,18,208,16,defense4-s3-cell,d4-cell-v1,0,0
18,1800000018202000,202000,response,reverse,8,14,256,02:00:00:00:00:01,02:00:00:00:00:02,0x88b5,D4C1,1,1,1,298,18,208,16,defense4-s3-cell,d4-cell-v1,0,0
18,1800000018202250,202250,response,reverse,9,15,256,02:00:00:00:00:01,02:00:00:00:00:02,0x88b5,D4C1,1,1,1,299,18,208,16,defense4-s3-cell,d4-cell-v1,0,0
18,1800000018202500,202500,response,reverse,10,16,256,02:00:00:00:00:01,02:00:00:00:00:02,0x88b5,D4C1,1,1,1,300,18,208,16,defense4-s3-cell,d4-cell-v1,0,0
18,1800000018202750,202750,response,reverse,11,17,256,02:00:00:00:00:01,02:00:00:00:00:02,0x88b5,D4C1,1,1,1,301,18,208,16,defense4-s3-cell,d4-cell-v1,0,0
18,1800000018203000,203000,response,reverse,12,18,256,02:00:00:00:00:01,02:00:00:00:00:02,0x88b5,D4C1,1,1,1,302,18,208,16,defense4-s3-cell,d4-cell-v1,0,0
18,1800000018203250,203250,response,reverse,13,19,256,02:00:00:00:00:01,02:00:00:00:00:02,0x88b5,D4C1,1,1,1,303,18,208,16,defense4-s3-cell,d4-cell-v1,0,0
18,1800000018203500,203500,tail,forward,0,20,256,02:00:00:00:00:02,02:00:00:00:00:01,0x88b5,D4C1,1,1,1,112,18,208,16,defense4-s3-cell,d4-cell-v1,0,0
18,1800000018203750,203750,tail,forward,1,21,256,02:00:00:00:00:02,02:00:00:00:00:01,0x88b5,D4C1,1,1,1,113,18,208,16,defense4-s3-cell,d4-cell-v1,0,0
19,1800000019000000,0,request,forward,0,0,256,02:00:00:00:00:02,02:00:00:00:00:01,0x88b5,D4C1,1,1,1,114,18,208,16,defense4-s3-cell,d4-cell-v1,0,0
19,1800000019000250,250,request,forward,1,1,256,02:00:00:00:00:02,02:00:00:00:00:01,0x88b5,D4C1,1,1,1,115,18,208,16,defense4-s3-cell,d4-cell-v1,0,0
19,1800000019000500,500,request,forward,2,2,256,02:00:00:00:00:02,02:00:00:00:00:01,0x88b5,D4C1,1,1,1,116,18,208,16,defense4-s3-cell,d4-cell-v1,0,0
19,1800000019000750,750,request,forward,3,3,256,02:00:00:00:00:02,02:00:00:00:00:01,0x88b5,D4C1,1,1,1,117,18,208,16,defense4-s3-cell,d4-cell-v1,0,0
19,1800000019001000,1000,ack,reverse,0,4,256,02:00:00:00:00:01,02:00:00:00:00:02,0x88b5,D4C1,1,1,1,304,18,208,16,defense4-s3-cell,d4-cell-v1,0,0
19,1800000019001250,1250,ack,reverse,1,5,256,02:00:00:00:00:01,02:00:00:00:00:02,0x88b5,D4C1,1,1,1,305,18,208,16,defense4-s3-cell,d4-cell-v1,0,0
19,1800000019200000,200000,response,reverse,0,6,256,02:00:00:00:00:01,02:00:00:00:00:02,0x88b5,D4C1,1,1,1,306,18,208,16,defense4-s3-cell,d4-cell-v1,0,0
19,1800000019200250,200250,response,reverse,1,7,256,02:00:00:00:00:01,02:00:00:00:00:02,0x88b5,D4C1,1,1,1,307,18,208,16,defense4-s3-cell,d4-cell-v1,0,0
19,1800000019200500,200500,response,reverse,2,8,256,02:00:00:00:00:01,02:00:00:00:00:02,0x88b5,D4C1,1,1,1,308,18,208,16,defense4-s3-cell,d4-cell-v1,0,0
19,1800000019200750,200750,response,reverse,3,9,256,02:00:00:00:00:01,02:00:00:00:00:02,0x88b5,D4C1,1,1,1,309,18,208,16,defense4-s3-cell,d4-cell-v1,0,0
19,1800000019201000,201000,response,reverse,4,10,256,02:00:00:00:00:01,02:00:00:00:00:02,0x88b5,D4C1,1,1,1,310,18,208,16,defense4-s3-cell,d4-cell-v1,0,0
19,1800000019201250,201250,response,reverse,5,11,256,02:00:00:00:00:01,02:00:00:00:00:02,0x88b5,D4C1,1,1,1,311,18,208,16,defense4-s3-cell,d4-cell-v1,0,0
19,1800000019201500,201500,response,reverse,6,12,256,02:00:00:00:00:01,02:00:00:00:00:02,0x88b5,D4C1,1,1,1,312,18,208,16,defense4-s3-cell,d4-cell-v1,0,0
19,1800000019201750,201750,response,reverse,7,13,256,02:00:00:00:00:01,02:00:00:00:00:02,0x88b5,D4C1,1,1,1,313,18,208,16,defense4-s3-cell,d4-cell-v1,0,0
19,1800000019202000,202000,response,reverse,8,14,256,02:00:00:00:00:01,02:00:00:00:00:02,0x88b5,D4C1,1,1,1,314,18,208,16,defense4-s3-cell,d4-cell-v1,0,0
19,1800000019202250,202250,response,reverse,9,15,256,02:00:00:00:00:01,02:00:00:00:00:02,0x88b5,D4C1,1,1,1,315,18,208,16,defense4-s3-cell,d4-cell-v1,0,0
19,1800000019202500,202500,response,reverse,10,16,256,02:00:00:00:00:01,02:00:00:00:00:02,0x88b5,D4C1,1,1,1,316,18,208,16,defense4-s3-cell,d4-cell-v1,0,0
19,1800000019202750,202750,response,reverse,11,17,256,02:00:00:00:00:01,02:00:00:00:00:02,0x88b5,D4C1,1,1,1,317,18,208,16,defense4-s3-cell,d4-cell-v1,0,0
19,1800000019203000,203000,response,reverse,12,18,256,02:00:00:00:00:01,02:00:00:00:00:02,0x88b5,D4C1,1,1,1,318,18,208,16,defense4-s3-cell,d4-cell-v1,0,0
19,1800000019203250,203250,response,reverse,13,19,256,02:00:00:00:00:01,02:00:00:00:00:02,0x88b5,D4C1,1,1,1,319,18,208,16,defense4-s3-cell,d4-cell-v1,0,0
19,1800000019203500,203500,tail,forward,0,20,256,02:00:00:00:00:02,02:00:00:00:00:01,0x88b5,D4C1,1,1,1,118,18,208,16,defense4-s3-cell,d4-cell-v1,0,0
19,1800000019203750,203750,tail,forward,1,21,256,02:00:00:00:00:02,02:00:00:00:00:01,0x88b5,D4C1,1,1,1,119,18,208,16,defense4-s3-cell,d4-cell-v1,0,0
20,1800000020000000,0,request,forward,0,0,256,02:00:00:00:00:02,02:00:00:00:00:01,0x88b5,D4C1,1,1,1,120,18,208,16,defense4-s3-cell,d4-cell-v1,0,0
20,1800000020000250,250,request,forward,1,1,256,02:00:00:00:00:02,02:00:00:00:00:01,0x88b5,D4C1,1,1,1,121,18,208,16,defense4-s3-cell,d4-cell-v1,0,0
20,1800000020000500,500,request,forward,2,2,256,02:00:00:00:00:02,02:00:00:00:00:01,0x88b5,D4C1,1,1,1,122,18,208,16,defense4-s3-cell,d4-cell-v1,0,0
20,1800000020000750,750,request,forward,3,3,256,02:00:00:00:00:02,02:00:00:00:00:01,0x88b5,D4C1,1,1,1,123,18,208,16,defense4-s3-cell,d4-cell-v1,0,0
20,1800000020001000,1000,ack,reverse,0,4,256,02:00:00:00:00:01,02:00:00:00:00:02,0x88b5,D4C1,1,1,1,320,18,208,16,defense4-s3-cell,d4-cell-v1,0,0
20,1800000020001250,1250,ack,reverse,1,5,256,02:00:00:00:00:01,02:00:00:00:00:02,0x88b5,D4C1,1,1,1,321,18,208,16,defense4-s3-cell,d4-cell-v1,0,0
20,1800000020200000,200000,response,reverse,0,6,256,02:00:00:00:00:01,02:00:00:00:00:02,0x88b5,D4C1,1,1,1,322,18,208,16,defense4-s3-cell,d4-cell-v1,0,0
20,1800000020200250,200250,response,reverse,1,7,256,02:00:00:00:00:01,02:00:00:00:00:02,0x88b5,D4C1,1,1,1,323,18,208,16,defense4-s3-cell,d4-cell-v1,0,0
20,1800000020200500,200500,response,reverse,2,8,256,02:00:00:00:00:01,02:00:00:00:00:02,0x88b5,D4C1,1,1,1,324,18,208,16,defense4-s3-cell,d4-cell-v1,0,0
20,1800000020200750,200750,response,reverse,3,9,256,02:00:00:00:00:01,02:00:00:00:00:02,0x88b5,D4C1,1,1,1,325,18,208,16,defense4-s3-cell,d4-cell-v1,0,0
20,1800000020201000,201000,response,reverse,4,10,256,02:00:00:00:00:01,02:00:00:00:00:02,0x88b5,D4C1,1,1,1,326,18,208,16,defense4-s3-cell,d4-cell-v1,0,0
20,1800000020201250,201250,response,reverse,5,11,256,02:00:00:00:00:01,02:00:00:00:00:02,0x88b5,D4C1,1,1,1,327,18,208,16,defense4-s3-cell,d4-cell-v1,0,0
20,1800000020201500,201500,response,reverse,6,12,256,02:00:00:00:00:01,02:00:00:00:00:02,0x88b5,D4C1,1,1,1,328,18,208,16,defense4-s3-cell,d4-cell-v1,0,0
20,1800000020201750,201750,response,reverse,7,13,256,02:00:00:00:00:01,02:00:00:00:00:02,0x88b5,D4C1,1,1,1,329,18,208,16,defense4-s3-cell,d4-cell-v1,0,0
20,1800000020202000,202000,response,reverse,8,14,256,02:00:00:00:00:01,02:00:00:00:00:02,0x88b5,D4C1,1,1,1,330,18,208,16,defense4-s3-cell,d4-cell-v1,0,0
20,1800000020202250,202250,response,reverse,9,15,256,02:00:00:00:00:01,02:00:00:00:00:02,0x88b5,D4C1,1,1,1,331,18,208,16,defense4-s3-cell,d4-cell-v1,0,0
20,1800000020202500,202500,response,reverse,10,16,256,02:00:00:00:00:01,02:00:00:00:00:02,0x88b5,D4C1,1,1,1,332,18,208,16,defense4-s3-cell,d4-cell-v1,0,0
20,1800000020202750,202750,response,reverse,11,17,256,02:00:00:00:00:01,02:00:00:00:00:02,0x88b5,D4C1,1,1,1,333,18,208,16,defense4-s3-cell,d4-cell-v1,0,0
20,1800000020203000,203000,response,reverse,12,18,256,02:00:00:00:00:01,02:00:00:00:00:02,0x88b5,D4C1,1,1,1,334,18,208,16,defense4-s3-cell,d4-cell-v1,0,0
20,1800000020203250,203250,response,reverse,13,19,256,02:00:00:00:00:01,02:00:00:00:00:02,0x88b5,D4C1,1,1,1,335,18,208,16,defense4-s3-cell,d4-cell-v1,0,0
20,1800000020203500,203500,tail,forward,0,20,256,02:00:00:00:00:02,02:00:00:00:00:01,0x88b5,D4C1,1,1,1,124,18,208,16,defense4-s3-cell,d4-cell-v1,0,0
20,1800000020203750,203750,tail,forward,1,21,256,02:00:00:00:00:02,02:00:00:00:00:01,0x88b5,D4C1,1,1,1,125,18,208,16,defense4-s3-cell,d4-cell-v1,0,0
21,1800000021000000,0,request,forward,0,0,256,02:00:00:00:00:02,02:00:00:00:00:01,0x88b5,D4C1,1,1,1,126,18,208,16,defense4-s3-cell,d4-cell-v1,0,0
21,1800000021000250,250,request,forward,1,1,256,02:00:00:00:00:02,02:00:00:00:00:01,0x88b5,D4C1,1,1,1,127,18,208,16,defense4-s3-cell,d4-cell-v1,0,0
21,1800000021000500,500,request,forward,2,2,256,02:00:00:00:00:02,02:00:00:00:00:01,0x88b5,D4C1,1,1,1,128,18,208,16,defense4-s3-cell,d4-cell-v1,0,0
21,1800000021000750,750,request,forward,3,3,256,02:00:00:00:00:02,02:00:00:00:00:01,0x88b5,D4C1,1,1,1,129,18,208,16,defense4-s3-cell,d4-cell-v1,0,0
21,1800000021001000,1000,ack,reverse,0,4,256,02:00:00:00:00:01,02:00:00:00:00:02,0x88b5,D4C1,1,1,1,336,18,208,16,defense4-s3-cell,d4-cell-v1,0,0
21,1800000021001250,1250,ack,reverse,1,5,256,02:00:00:00:00:01,02:00:00:00:00:02,0x88b5,D4C1,1,1,1,337,18,208,16,defense4-s3-cell,d4-cell-v1,0,0
21,1800000021200000,200000,response,reverse,0,6,256,02:00:00:00:00:01,02:00:00:00:00:02,0x88b5,D4C1,1,1,1,338,18,208,16,defense4-s3-cell,d4-cell-v1,0,0
21,1800000021200250,200250,response,reverse,1,7,256,02:00:00:00:00:01,02:00:00:00:00:02,0x88b5,D4C1,1,1,1,339,18,208,16,defense4-s3-cell,d4-cell-v1,0,0
21,1800000021200500,200500,response,reverse,2,8,256,02:00:00:00:00:01,02:00:00:00:00:02,0x88b5,D4C1,1,1,1,340,18,208,16,defense4-s3-cell,d4-cell-v1,0,0
21,1800000021200750,200750,response,reverse,3,9,256,02:00:00:00:00:01,02:00:00:00:00:02,0x88b5,D4C1,1,1,1,341,18,208,16,defense4-s3-cell,d4-cell-v1,0,0
21,1800000021201000,201000,response,reverse,4,10,256,02:00:00:00:00:01,02:00:00:00:00:02,0x88b5,D4C1,1,1,1,342,18,208,16,defense4-s3-cell,d4-cell-v1,0,0
21,1800000021201250,201250,response,reverse,5,11,256,02:00:00:00:00:01,02:00:00:00:00:02,0x88b5,D4C1,1,1,1,343,18,208,16,defense4-s3-cell,d4-cell-v1,0,0
21,1800000021201500,201500,response,reverse,6,12,256,02:00:00:00:00:01,02:00:00:00:00:02,0x88b5,D4C1,1,1,1,344,18,208,16,defense4-s3-cell,d4-cell-v1,0,0
21,1800000021201750,201750,response,reverse,7,13,256,02:00:00:00:00:01,02:00:00:00:00:02,0x88b5,D4C1,1,1,1,345,18,208,16,defense4-s3-cell,d4-cell-v1,0,0
21,1800000021202000,202000,response,reverse,8,14,256,02:00:00:00:00:01,02:00:00:00:00:02,0x88b5,D4C1,1,1,1,346,18,208,16,defense4-s3-cell,d4-cell-v1,0,0
21,1800000021202250,202250,response,reverse,9,15,256,02:00:00:00:00:01,02:00:00:00:00:02,0x88b5,D4C1,1,1,1,347,18,208,16,defense4-s3-cell,d4-cell-v1,0,0
21,1800000021202500,202500,response,reverse,10,16,256,02:00:00:00:00:01,02:00:00:00:00:02,0x88b5,D4C1,1,1,1,348,18,208,16,defense4-s3-cell,d4-cell-v1,0,0
21,1800000021202750,202750,response,reverse,11,17,256,02:00:00:00:00:01,02:00:00:00:00:02,0x88b5,D4C1,1,1,1,349,18,208,16,defense4-s3-cell,d4-cell-v1,0,0
21,1800000021203000,203000,response,reverse,12,18,256,02:00:00:00:00:01,02:00:00:00:00:02,0x88b5,D4C1,1,1,1,350,18,208,16,defense4-s3-cell,d4-cell-v1,0,0
21,1800000021203250,203250,response,reverse,13,19,256,02:00:00:00:00:01,02:00:00:00:00:02,0x88b5,D4C1,1,1,1,351,18,208,16,defense4-s3-cell,d4-cell-v1,0,0
21,1800000021203500,203500,tail,forward,0,20,256,02:00:00:00:00:02,02:00:00:00:00:01,0x88b5,D4C1,1,1,1,130,18,208,16,defense4-s3-cell,d4-cell-v1,0,0
21,1800000021203750,203750,tail,forward,1,21,256,02:00:00:00:00:02,02:00:00:00:00:01,0x88b5,D4C1,1,1,1,131,18,208,16,defense4-s3-cell,d4-cell-v1,0,0
22,1800000022000000,0,request,forward,0,0,256,02:00:00:00:00:02,02:00:00:00:00:01,0x88b5,D4C1,1,1,1,132,18,208,16,defense4-s3-cell,d4-cell-v1,0,0
22,1800000022000250,250,request,forward,1,1,256,02:00:00:00:00:02,02:00:00:00:00:01,0x88b5,D4C1,1,1,1,133,18,208,16,defense4-s3-cell,d4-cell-v1,0,0
22,1800000022000500,500,request,forward,2,2,256,02:00:00:00:00:02,02:00:00:00:00:01,0x88b5,D4C1,1,1,1,134,18,208,16,defense4-s3-cell,d4-cell-v1,0,0
22,1800000022000750,750,request,forward,3,3,256,02:00:00:00:00:02,02:00:00:00:00:01,0x88b5,D4C1,1,1,1,135,18,208,16,defense4-s3-cell,d4-cell-v1,0,0
22,1800000022001000,1000,ack,reverse,0,4,256,02:00:00:00:00:01,02:00:00:00:00:02,0x88b5,D4C1,1,1,1,352,18,208,16,defense4-s3-cell,d4-cell-v1,0,0
22,1800000022001250,1250,ack,reverse,1,5,256,02:00:00:00:00:01,02:00:00:00:00:02,0x88b5,D4C1,1,1,1,353,18,208,16,defense4-s3-cell,d4-cell-v1,0,0
22,1800000022200000,200000,response,reverse,0,6,256,02:00:00:00:00:01,02:00:00:00:00:02,0x88b5,D4C1,1,1,1,354,18,208,16,defense4-s3-cell,d4-cell-v1,0,0
22,1800000022200250,200250,response,reverse,1,7,256,02:00:00:00:00:01,02:00:00:00:00:02,0x88b5,D4C1,1,1,1,355,18,208,16,defense4-s3-cell,d4-cell-v1,0,0
22,1800000022200500,200500,response,reverse,2,8,256,02:00:00:00:00:01,02:00:00:00:00:02,0x88b5,D4C1,1,1,1,356,18,208,16,defense4-s3-cell,d4-cell-v1,0,0
22,1800000022200750,200750,response,reverse,3,9,256,02:00:00:00:00:01,02:00:00:00:00:02,0x88b5,D4C1,1,1,1,357,18,208,16,defense4-s3-cell,d4-cell-v1,0,0
22,1800000022201000,201000,response,reverse,4,10,256,02:00:00:00:00:01,02:00:00:00:00:02,0x88b5,D4C1,1,1,1,358,18,208,16,defense4-s3-cell,d4-cell-v1,0,0
22,1800000022201250,201250,response,reverse,5,11,256,02:00:00:00:00:01,02:00:00:00:00:02,0x88b5,D4C1,1,1,1,359,18,208,16,defense4-s3-cell,d4-cell-v1,0,0
22,1800000022201500,201500,response,reverse,6,12,256,02:00:00:00:00:01,02:00:00:00:00:02,0x88b5,D4C1,1,1,1,360,18,208,16,defense4-s3-cell,d4-cell-v1,0,0
22,1800000022201750,201750,response,reverse,7,13,256,02:00:00:00:00:01,02:00:00:00:00:02,0x88b5,D4C1,1,1,1,361,18,208,16,defense4-s3-cell,d4-cell-v1,0,0
22,1800000022202000,202000,response,reverse,8,14,256,02:00:00:00:00:01,02:00:00:00:00:02,0x88b5,D4C1,1,1,1,362,18,208,16,defense4-s3-cell,d4-cell-v1,0,0
22,1800000022202250,202250,response,reverse,9,15,256,02:00:00:00:00:01,02:00:00:00:00:02,0x88b5,D4C1,1,1,1,363,18,208,16,defense4-s3-cell,d4-cell-v1,0,0
22,1800000022202500,202500,response,reverse,10,16,256,02:00:00:00:00:01,02:00:00:00:00:02,0x88b5,D4C1,1,1,1,364,18,208,16,defense4-s3-cell,d4-cell-v1,0,0
22,1800000022202750,202750,response,reverse,11,17,256,02:00:00:00:00:01,02:00:00:00:00:02,0x88b5,D4C1,1,1,1,365,18,208,16,defense4-s3-cell,d4-cell-v1,0,0
22,1800000022203000,203000,response,reverse,12,18,256,02:00:00:00:00:01,02:00:00:00:00:02,0x88b5,D4C1,1,1,1,366,18,208,16,defense4-s3-cell,d4-cell-v1,0,0
22,1800000022203250,203250,response,reverse,13,19,256,02:00:00:00:00:01,02:00:00:00:00:02,0x88b5,D4C1,1,1,1,367,18,208,16,defense4-s3-cell,d4-cell-v1,0,0
22,1800000022203500,203500,tail,forward,0,20,256,02:00:00:00:00:02,02:00:00:00:00:01,0x88b5,D4C1,1,1,1,136,18,208,16,defense4-s3-cell,d4-cell-v1,0,0
22,1800000022203750,203750,tail,forward,1,21,256,02:00:00:00:00:02,02:00:00:00:00:01,0x88b5,D4C1,1,1,1,137,18,208,16,defense4-s3-cell,d4-cell-v1,0,0
23,1800000023000000,0,request,forward,0,0,256,02:00:00:00:00:02,02:00:00:00:00:01,0x88b5,D4C1,1,1,1,138,18,208,16,defense4-s3-cell,d4-cell-v1,0,0
23,1800000023000250,250,request,forward,1,1,256,02:00:00:00:00:02,02:00:00:00:00:01,0x88b5,D4C1,1,1,1,139,18,208,16,defense4-s3-cell,d4-cell-v1,0,0
23,1800000023000500,500,request,forward,2,2,256,02:00:00:00:00:02,02:00:00:00:00:01,0x88b5,D4C1,1,1,1,140,18,208,16,defense4-s3-cell,d4-cell-v1,0,0
23,1800000023000750,750,request,forward,3,3,256,02:00:00:00:00:02,02:00:00:00:00:01,0x88b5,D4C1,1,1,1,141,18,208,16,defense4-s3-cell,d4-cell-v1,0,0
23,1800000023001000,1000,ack,reverse,0,4,256,02:00:00:00:00:01,02:00:00:00:00:02,0x88b5,D4C1,1,1,1,368,18,208,16,defense4-s3-cell,d4-cell-v1,0,0
23,1800000023001250,1250,ack,reverse,1,5,256,02:00:00:00:00:01,02:00:00:00:00:02,0x88b5,D4C1,1,1,1,369,18,208,16,defense4-s3-cell,d4-cell-v1,0,0
23,1800000023200000,200000,response,reverse,0,6,256,02:00:00:00:00:01,02:00:00:00:00:02,0x88b5,D4C1,1,1,1,370,18,208,16,defense4-s3-cell,d4-cell-v1,0,0
23,1800000023200250,200250,response,reverse,1,7,256,02:00:00:00:00:01,02:00:00:00:00:02,0x88b5,D4C1,1,1,1,371,18,208,16,defense4-s3-cell,d4-cell-v1,0,0
23,1800000023200500,200500,response,reverse,2,8,256,02:00:00:00:00:01,02:00:00:00:00:02,0x88b5,D4C1,1,1,1,372,18,208,16,defense4-s3-cell,d4-cell-v1,0,0
23,1800000023200750,200750,response,reverse,3,9,256,02:00:00:00:00:01,02:00:00:00:00:02,0x88b5,D4C1,1,1,1,373,18,208,16,defense4-s3-cell,d4-cell-v1,0,0
23,1800000023201000,201000,response,reverse,4,10,256,02:00:00:00:00:01,02:00:00:00:00:02,0x88b5,D4C1,1,1,1,374,18,208,16,defense4-s3-cell,d4-cell-v1,0,0
23,1800000023201250,201250,response,reverse,5,11,256,02:00:00:00:00:01,02:00:00:00:00:02,0x88b5,D4C1,1,1,1,375,18,208,16,defense4-s3-cell,d4-cell-v1,0,0
23,1800000023201500,201500,response,reverse,6,12,256,02:00:00:00:00:01,02:00:00:00:00:02,0x88b5,D4C1,1,1,1,376,18,208,16,defense4-s3-cell,d4-cell-v1,0,0
23,1800000023201750,201750,response,reverse,7,13,256,02:00:00:00:00:01,02:00:00:00:00:02,0x88b5,D4C1,1,1,1,377,18,208,16,defense4-s3-cell,d4-cell-v1,0,0
23,1800000023202000,202000,response,reverse,8,14,256,02:00:00:00:00:01,02:00:00:00:00:02,0x88b5,D4C1,1,1,1,378,18,208,16,defense4-s3-cell,d4-cell-v1,0,0
23,1800000023202250,202250,response,reverse,9,15,256,02:00:00:00:00:01,02:00:00:00:00:02,0x88b5,D4C1,1,1,1,379,18,208,16,defense4-s3-cell,d4-cell-v1,0,0
23,1800000023202500,202500,response,reverse,10,16,256,02:00:00:00:00:01,02:00:00:00:00:02,0x88b5,D4C1,1,1,1,380,18,208,16,defense4-s3-cell,d4-cell-v1,0,0
23,1800000023202750,202750,response,reverse,11,17,256,02:00:00:00:00:01,02:00:00:00:00:02,0x88b5,D4C1,1,1,1,381,18,208,16,defense4-s3-cell,d4-cell-v1,0,0
23,1800000023203000,203000,response,reverse,12,18,256,02:00:00:00:00:01,02:00:00:00:00:02,0x88b5,D4C1,1,1,1,382,18,208,16,defense4-s3-cell,d4-cell-v1,0,0
23,1800000023203250,203250,response,reverse,13,19,256,02:00:00:00:00:01,02:00:00:00:00:02,0x88b5,D4C1,1,1,1,383,18,208,16,defense4-s3-cell,d4-cell-v1,0,0
23,1800000023203500,203500,tail,forward,0,20,256,02:00:00:00:00:02,02:00:00:00:00:01,0x88b5,D4C1,1,1,1,142,18,208,16,defense4-s3-cell,d4-cell-v1,0,0
23,1800000023203750,203750,tail,forward,1,21,256,02:00:00:00:00:02,02:00:00:00:00:01,0x88b5,D4C1,1,1,1,143,18,208,16,defense4-s3-cell,d4-cell-v1,0,0
24,1800000024000000,0,request,forward,0,0,256,02:00:00:00:00:02,02:00:00:00:00:01,0x88b5,D4C1,1,1,1,144,18,208,16,defense4-s3-cell,d4-cell-v1,0,0
24,1800000024000250,250,request,forward,1,1,256,02:00:00:00:00:02,02:00:00:00:00:01,0x88b5,D4C1,1,1,1,145,18,208,16,defense4-s3-cell,d4-cell-v1,0,0
24,1800000024000500,500,request,forward,2,2,256,02:00:00:00:00:02,02:00:00:00:00:01,0x88b5,D4C1,1,1,1,146,18,208,16,defense4-s3-cell,d4-cell-v1,0,0
24,1800000024000750,750,request,forward,3,3,256,02:00:00:00:00:02,02:00:00:00:00:01,0x88b5,D4C1,1,1,1,147,18,208,16,defense4-s3-cell,d4-cell-v1,0,0
24,1800000024001000,1000,ack,reverse,0,4,256,02:00:00:00:00:01,02:00:00:00:00:02,0x88b5,D4C1,1,1,1,384,18,208,16,defense4-s3-cell,d4-cell-v1,0,0
24,1800000024001250,1250,ack,reverse,1,5,256,02:00:00:00:00:01,02:00:00:00:00:02,0x88b5,D4C1,1,1,1,385,18,208,16,defense4-s3-cell,d4-cell-v1,0,0
24,1800000024200000,200000,response,reverse,0,6,256,02:00:00:00:00:01,02:00:00:00:00:02,0x88b5,D4C1,1,1,1,386,18,208,16,defense4-s3-cell,d4-cell-v1,0,0
24,1800000024200250,200250,response,reverse,1,7,256,02:00:00:00:00:01,02:00:00:00:00:02,0x88b5,D4C1,1,1,1,387,18,208,16,defense4-s3-cell,d4-cell-v1,0,0
24,1800000024200500,200500,response,reverse,2,8,256,02:00:00:00:00:01,02:00:00:00:00:02,0x88b5,D4C1,1,1,1,388,18,208,16,defense4-s3-cell,d4-cell-v1,0,0
24,1800000024200750,200750,response,reverse,3,9,256,02:00:00:00:00:01,02:00:00:00:00:02,0x88b5,D4C1,1,1,1,389,18,208,16,defense4-s3-cell,d4-cell-v1,0,0
24,1800000024201000,201000,response,reverse,4,10,256,02:00:00:00:00:01,02:00:00:00:00:02,0x88b5,D4C1,1,1,1,390,18,208,16,defense4-s3-cell,d4-cell-v1,0,0
24,1800000024201250,201250,response,reverse,5,11,256,02:00:00:00:00:01,02:00:00:00:00:02,0x88b5,D4C1,1,1,1,391,18,208,16,defense4-s3-cell,d4-cell-v1,0,0
24,1800000024201500,201500,response,reverse,6,12,256,02:00:00:00:00:01,02:00:00:00:00:02,0x88b5,D4C1,1,1,1,392,18,208,16,defense4-s3-cell,d4-cell-v1,0,0
24,1800000024201750,201750,response,reverse,7,13,256,02:00:00:00:00:01,02:00:00:00:00:02,0x88b5,D4C1,1,1,1,393,18,208,16,defense4-s3-cell,d4-cell-v1,0,0
24,1800000024202000,202000,response,reverse,8,14,256,02:00:00:00:00:01,02:00:00:00:00:02,0x88b5,D4C1,1,1,1,394,18,208,16,defense4-s3-cell,d4-cell-v1,0,0
24,1800000024202250,202250,response,reverse,9,15,256,02:00:00:00:00:01,02:00:00:00:00:02,0x88b5,D4C1,1,1,1,395,18,208,16,defense4-s3-cell,d4-cell-v1,0,0
24,1800000024202500,202500,response,reverse,10,16,256,02:00:00:00:00:01,02:00:00:00:00:02,0x88b5,D4C1,1,1,1,396,18,208,16,defense4-s3-cell,d4-cell-v1,0,0
24,1800000024202750,202750,response,reverse,11,17,256,02:00:00:00:00:01,02:00:00:00:00:02,0x88b5,D4C1,1,1,1,397,18,208,16,defense4-s3-cell,d4-cell-v1,0,0
24,1800000024203000,203000,response,reverse,12,18,256,02:00:00:00:00:01,02:00:00:00:00:02,0x88b5,D4C1,1,1,1,398,18,208,16,defense4-s3-cell,d4-cell-v1,0,0
24,1800000024203250,203250,response,reverse,13,19,256,02:00:00:00:00:01,02:00:00:00:00:02,0x88b5,D4C1,1,1,1,399,18,208,16,defense4-s3-cell,d4-cell-v1,0,0
24,1800000024203500,203500,tail,forward,0,20,256,02:00:00:00:00:02,02:00:00:00:00:01,0x88b5,D4C1,1,1,1,148,18,208,16,defense4-s3-cell,d4-cell-v1,0,0
24,1800000024203750,203750,tail,forward,1,21,256,02:00:00:00:00:02,02:00:00:00:00:01,0x88b5,D4C1,1,1,1,149,18,208,16,defense4-s3-cell,d4-cell-v1,0,0
25,1800000025000000,0,request,forward,0,0,256,02:00:00:00:00:02,02:00:00:00:00:01,0x88b5,D4C1,1,1,1,150,18,208,16,defense4-s3-cell,d4-cell-v1,0,0
25,1800000025000250,250,request,forward,1,1,256,02:00:00:00:00:02,02:00:00:00:00:01,0x88b5,D4C1,1,1,1,151,18,208,16,defense4-s3-cell,d4-cell-v1,0,0
25,1800000025000500,500,request,forward,2,2,256,02:00:00:00:00:02,02:00:00:00:00:01,0x88b5,D4C1,1,1,1,152,18,208,16,defense4-s3-cell,d4-cell-v1,0,0
25,1800000025000750,750,request,forward,3,3,256,02:00:00:00:00:02,02:00:00:00:00:01,0x88b5,D4C1,1,1,1,153,18,208,16,defense4-s3-cell,d4-cell-v1,0,0
25,1800000025001000,1000,ack,reverse,0,4,256,02:00:00:00:00:01,02:00:00:00:00:02,0x88b5,D4C1,1,1,1,400,18,208,16,defense4-s3-cell,d4-cell-v1,0,0
25,1800000025001250,1250,ack,reverse,1,5,256,02:00:00:00:00:01,02:00:00:00:00:02,0x88b5,D4C1,1,1,1,401,18,208,16,defense4-s3-cell,d4-cell-v1,0,0
25,1800000025200000,200000,response,reverse,0,6,256,02:00:00:00:00:01,02:00:00:00:00:02,0x88b5,D4C1,1,1,1,402,18,208,16,defense4-s3-cell,d4-cell-v1,0,0
25,1800000025200250,200250,response,reverse,1,7,256,02:00:00:00:00:01,02:00:00:00:00:02,0x88b5,D4C1,1,1,1,403,18,208,16,defense4-s3-cell,d4-cell-v1,0,0
25,1800000025200500,200500,response,reverse,2,8,256,02:00:00:00:00:01,02:00:00:00:00:02,0x88b5,D4C1,1,1,1,404,18,208,16,defense4-s3-cell,d4-cell-v1,0,0
25,1800000025200750,200750,response,reverse,3,9,256,02:00:00:00:00:01,02:00:00:00:00:02,0x88b5,D4C1,1,1,1,405,18,208,16,defense4-s3-cell,d4-cell-v1,0,0
25,1800000025201000,201000,response,reverse,4,10,256,02:00:00:00:00:01,02:00:00:00:00:02,0x88b5,D4C1,1,1,1,406,18,208,16,defense4-s3-cell,d4-cell-v1,0,0
25,1800000025201250,201250,response,reverse,5,11,256,02:00:00:00:00:01,02:00:00:00:00:02,0x88b5,D4C1,1,1,1,407,18,208,16,defense4-s3-cell,d4-cell-v1,0,0
25,1800000025201500,201500,response,reverse,6,12,256,02:00:00:00:00:01,02:00:00:00:00:02,0x88b5,D4C1,1,1,1,408,18,208,16,defense4-s3-cell,d4-cell-v1,0,0
25,1800000025201750,201750,response,reverse,7,13,256,02:00:00:00:00:01,02:00:00:00:00:02,0x88b5,D4C1,1,1,1,409,18,208,16,defense4-s3-cell,d4-cell-v1,0,0
25,1800000025202000,202000,response,reverse,8,14,256,02:00:00:00:00:01,02:00:00:00:00:02,0x88b5,D4C1,1,1,1,410,18,208,16,defense4-s3-cell,d4-cell-v1,0,0
25,1800000025202250,202250,response,reverse,9,15,256,02:00:00:00:00:01,02:00:00:00:00:02,0x88b5,D4C1,1,1,1,411,18,208,16,defense4-s3-cell,d4-cell-v1,0,0
25,1800000025202500,202500,response,reverse,10,16,256,02:00:00:00:00:01,02:00:00:00:00:02,0x88b5,D4C1,1,1,1,412,18,208,16,defense4-s3-cell,d4-cell-v1,0,0
25,1800000025202750,202750,response,reverse,11,17,256,02:00:00:00:00:01,02:00:00:00:00:02,0x88b5,D4C1,1,1,1,413,18,208,16,defense4-s3-cell,d4-cell-v1,0,0
25,1800000025203000,203000,response,reverse,12,18,256,02:00:00:00:00:01,02:00:00:00:00:02,0x88b5,D4C1,1,1,1,414,18,208,16,defense4-s3-cell,d4-cell-v1,0,0
25,1800000025203250,203250,response,reverse,13,19,256,02:00:00:00:00:01,02:00:00:00:00:02,0x88b5,D4C1,1,1,1,415,18,208,16,defense4-s3-cell,d4-cell-v1,0,0
25,1800000025203500,203500,tail,forward,0,20,256,02:00:00:00:00:02,02:00:00:00:00:01,0x88b5,D4C1,1,1,1,154,18,208,16,defense4-s3-cell,d4-cell-v1,0,0
25,1800000025203750,203750,tail,forward,1,21,256,02:00:00:00:00:02,02:00:00:00:00:01,0x88b5,D4C1,1,1,1,155,18,208,16,defense4-s3-cell,d4-cell-v1,0,0
26,1800000026000000,0,request,forward,0,0,256,02:00:00:00:00:02,02:00:00:00:00:01,0x88b5,D4C1,1,1,1,156,18,208,16,defense4-s3-cell,d4-cell-v1,0,0
26,1800000026000250,250,request,forward,1,1,256,02:00:00:00:00:02,02:00:00:00:00:01,0x88b5,D4C1,1,1,1,157,18,208,16,defense4-s3-cell,d4-cell-v1,0,0
26,1800000026000500,500,request,forward,2,2,256,02:00:00:00:00:02,02:00:00:00:00:01,0x88b5,D4C1,1,1,1,158,18,208,16,defense4-s3-cell,d4-cell-v1,0,0
26,1800000026000750,750,request,forward,3,3,256,02:00:00:00:00:02,02:00:00:00:00:01,0x88b5,D4C1,1,1,1,159,18,208,16,defense4-s3-cell,d4-cell-v1,0,0
26,1800000026001000,1000,ack,reverse,0,4,256,02:00:00:00:00:01,02:00:00:00:00:02,0x88b5,D4C1,1,1,1,416,18,208,16,defense4-s3-cell,d4-cell-v1,0,0
26,1800000026001250,1250,ack,reverse,1,5,256,02:00:00:00:00:01,02:00:00:00:00:02,0x88b5,D4C1,1,1,1,417,18,208,16,defense4-s3-cell,d4-cell-v1,0,0
26,1800000026200000,200000,response,reverse,0,6,256,02:00:00:00:00:01,02:00:00:00:00:02,0x88b5,D4C1,1,1,1,418,18,208,16,defense4-s3-cell,d4-cell-v1,0,0
26,1800000026200250,200250,response,reverse,1,7,256,02:00:00:00:00:01,02:00:00:00:00:02,0x88b5,D4C1,1,1,1,419,18,208,16,defense4-s3-cell,d4-cell-v1,0,0
26,1800000026200500,200500,response,reverse,2,8,256,02:00:00:00:00:01,02:00:00:00:00:02,0x88b5,D4C1,1,1,1,420,18,208,16,defense4-s3-cell,d4-cell-v1,0,0
26,1800000026200750,200750,response,reverse,3,9,256,02:00:00:00:00:01,02:00:00:00:00:02,0x88b5,D4C1,1,1,1,421,18,208,16,defense4-s3-cell,d4-cell-v1,0,0
26,1800000026201000,201000,response,reverse,4,10,256,02:00:00:00:00:01,02:00:00:00:00:02,0x88b5,D4C1,1,1,1,422,18,208,16,defense4-s3-cell,d4-cell-v1,0,0
26,1800000026201250,201250,response,reverse,5,11,256,02:00:00:00:00:01,02:00:00:00:00:02,0x88b5,D4C1,1,1,1,423,18,208,16,defense4-s3-cell,d4-cell-v1,0,0
26,1800000026201500,201500,response,reverse,6,12,256,02:00:00:00:00:01,02:00:00:00:00:02,0x88b5,D4C1,1,1,1,424,18,208,16,defense4-s3-cell,d4-cell-v1,0,0
26,1800000026201750,201750,response,reverse,7,13,256,02:00:00:00:00:01,02:00:00:00:00:02,0x88b5,D4C1,1,1,1,425,18,208,16,defense4-s3-cell,d4-cell-v1,0,0
26,1800000026202000,202000,response,reverse,8,14,256,02:00:00:00:00:01,02:00:00:00:00:02,0x88b5,D4C1,1,1,1,426,18,208,16,defense4-s3-cell,d4-cell-v1,0,0
26,1800000026202250,202250,response,reverse,9,15,256,02:00:00:00:00:01,02:00:00:00:00:02,0x88b5,D4C1,1,1,1,427,18,208,16,defense4-s3-cell,d4-cell-v1,0,0
26,1800000026202500,202500,response,reverse,10,16,256,02:00:00:00:00:01,02:00:00:00:00:02,0x88b5,D4C1,1,1,1,428,18,208,16,defense4-s3-cell,d4-cell-v1,0,0
26,1800000026202750,202750,response,reverse,11,17,256,02:00:00:00:00:01,02:00:00:00:00:02,0x88b5,D4C1,1,1,1,429,18,208,16,defense4-s3-cell,d4-cell-v1,0,0
26,1800000026203000,203000,response,reverse,12,18,256,02:00:00:00:00:01,02:00:00:00:00:02,0x88b5,D4C1,1,1,1,430,18,208,16,defense4-s3-cell,d4-cell-v1,0,0
26,1800000026203250,203250,response,reverse,13,19,256,02:00:00:00:00:01,02:00:00:00:00:02,0x88b5,D4C1,1,1,1,431,18,208,16,defense4-s3-cell,d4-cell-v1,0,0
26,1800000026203500,203500,tail,forward,0,20,256,02:00:00:00:00:02,02:00:00:00:00:01,0x88b5,D4C1,1,1,1,160,18,208,16,defense4-s3-cell,d4-cell-v1,0,0
26,1800000026203750,203750,tail,forward,1,21,256,02:00:00:00:00:02,02:00:00:00:00:01,0x88b5,D4C1,1,1,1,161,18,208,16,defense4-s3-cell,d4-cell-v1,0,0
27,1800000027000000,0,request,forward,0,0,256,02:00:00:00:00:02,02:00:00:00:00:01,0x88b5,D4C1,1,1,1,162,18,208,16,defense4-s3-cell,d4-cell-v1,0,0
27,1800000027000250,250,request,forward,1,1,256,02:00:00:00:00:02,02:00:00:00:00:01,0x88b5,D4C1,1,1,1,163,18,208,16,defense4-s3-cell,d4-cell-v1,0,0
27,1800000027000500,500,request,forward,2,2,256,02:00:00:00:00:02,02:00:00:00:00:01,0x88b5,D4C1,1,1,1,164,18,208,16,defense4-s3-cell,d4-cell-v1,0,0
27,1800000027000750,750,request,forward,3,3,256,02:00:00:00:00:02,02:00:00:00:00:01,0x88b5,D4C1,1,1,1,165,18,208,16,defense4-s3-cell,d4-cell-v1,0,0
27,1800000027001000,1000,ack,reverse,0,4,256,02:00:00:00:00:01,02:00:00:00:00:02,0x88b5,D4C1,1,1,1,432,18,208,16,defense4-s3-cell,d4-cell-v1,0,0
27,1800000027001250,1250,ack,reverse,1,5,256,02:00:00:00:00:01,02:00:00:00:00:02,0x88b5,D4C1,1,1,1,433,18,208,16,defense4-s3-cell,d4-cell-v1,0,0
27,1800000027200000,200000,response,reverse,0,6,256,02:00:00:00:00:01,02:00:00:00:00:02,0x88b5,D4C1,1,1,1,434,18,208,16,defense4-s3-cell,d4-cell-v1,0,0
27,1800000027200250,200250,response,reverse,1,7,256,02:00:00:00:00:01,02:00:00:00:00:02,0x88b5,D4C1,1,1,1,435,18,208,16,defense4-s3-cell,d4-cell-v1,0,0
27,1800000027200500,200500,response,reverse,2,8,256,02:00:00:00:00:01,02:00:00:00:00:02,0x88b5,D4C1,1,1,1,436,18,208,16,defense4-s3-cell,d4-cell-v1,0,0
27,1800000027200750,200750,response,reverse,3,9,256,02:00:00:00:00:01,02:00:00:00:00:02,0x88b5,D4C1,1,1,1,437,18,208,16,defense4-s3-cell,d4-cell-v1,0,0
27,1800000027201000,201000,response,reverse,4,10,256,02:00:00:00:00:01,02:00:00:00:00:02,0x88b5,D4C1,1,1,1,438,18,208,16,defense4-s3-cell,d4-cell-v1,0,0
27,1800000027201250,201250,response,reverse,5,11,256,02:00:00:00:00:01,02:00:00:00:00:02,0x88b5,D4C1,1,1,1,439,18,208,16,defense4-s3-cell,d4-cell-v1,0,0
27,1800000027201500,201500,response,reverse,6,12,256,02:00:00:00:00:01,02:00:00:00:00:02,0x88b5,D4C1,1,1,1,440,18,208,16,defense4-s3-cell,d4-cell-v1,0,0
27,1800000027201750,201750,response,reverse,7,13,256,02:00:00:00:00:01,02:00:00:00:00:02,0x88b5,D4C1,1,1,1,441,18,208,16,defense4-s3-cell,d4-cell-v1,0,0
27,1800000027202000,202000,response,reverse,8,14,256,02:00:00:00:00:01,02:00:00:00:00:02,0x88b5,D4C1,1,1,1,442,18,208,16,defense4-s3-cell,d4-cell-v1,0,0
27,1800000027202250,202250,response,reverse,9,15,256,02:00:00:00:00:01,02:00:00:00:00:02,0x88b5,D4C1,1,1,1,443,18,208,16,defense4-s3-cell,d4-cell-v1,0,0
27,1800000027202500,202500,response,reverse,10,16,256,02:00:00:00:00:01,02:00:00:00:00:02,0x88b5,D4C1,1,1,1,444,18,208,16,defense4-s3-cell,d4-cell-v1,0,0
27,1800000027202750,202750,response,reverse,11,17,256,02:00:00:00:00:01,02:00:00:00:00:02,0x88b5,D4C1,1,1,1,445,18,208,16,defense4-s3-cell,d4-cell-v1,0,0
27,1800000027203000,203000,response,reverse,12,18,256,02:00:00:00:00:01,02:00:00:00:00:02,0x88b5,D4C1,1,1,1,446,18,208,16,defense4-s3-cell,d4-cell-v1,0,0
27,1800000027203250,203250,response,reverse,13,19,256,02:00:00:00:00:01,02:00:00:00:00:02,0x88b5,D4C1,1,1,1,447,18,208,16,defense4-s3-cell,d4-cell-v1,0,0
27,1800000027203500,203500,tail,forward,0,20,256,02:00:00:00:00:02,02:00:00:00:00:01,0x88b5,D4C1,1,1,1,166,18,208,16,defense4-s3-cell,d4-cell-v1,0,0
27,1800000027203750,203750,tail,forward,1,21,256,02:00:00:00:00:02,02:00:00:00:00:01,0x88b5,D4C1,1,1,1,167,18,208,16,defense4-s3-cell,d4-cell-v1,0,0
28,1800000028000000,0,request,forward,0,0,256,02:00:00:00:00:02,02:00:00:00:00:01,0x88b5,D4C1,1,1,1,168,18,208,16,defense4-s3-cell,d4-cell-v1,0,0
28,1800000028000250,250,request,forward,1,1,256,02:00:00:00:00:02,02:00:00:00:00:01,0x88b5,D4C1,1,1,1,169,18,208,16,defense4-s3-cell,d4-cell-v1,0,0
28,1800000028000500,500,request,forward,2,2,256,02:00:00:00:00:02,02:00:00:00:00:01,0x88b5,D4C1,1,1,1,170,18,208,16,defense4-s3-cell,d4-cell-v1,0,0
28,1800000028000750,750,request,forward,3,3,256,02:00:00:00:00:02,02:00:00:00:00:01,0x88b5,D4C1,1,1,1,171,18,208,16,defense4-s3-cell,d4-cell-v1,0,0
28,1800000028001000,1000,ack,reverse,0,4,256,02:00:00:00:00:01,02:00:00:00:00:02,0x88b5,D4C1,1,1,1,448,18,208,16,defense4-s3-cell,d4-cell-v1,0,0
28,1800000028001250,1250,ack,reverse,1,5,256,02:00:00:00:00:01,02:00:00:00:00:02,0x88b5,D4C1,1,1,1,449,18,208,16,defense4-s3-cell,d4-cell-v1,0,0
28,1800000028200000,200000,response,reverse,0,6,256,02:00:00:00:00:01,02:00:00:00:00:02,0x88b5,D4C1,1,1,1,450,18,208,16,defense4-s3-cell,d4-cell-v1,0,0
28,1800000028200250,200250,response,reverse,1,7,256,02:00:00:00:00:01,02:00:00:00:00:02,0x88b5,D4C1,1,1,1,451,18,208,16,defense4-s3-cell,d4-cell-v1,0,0
28,1800000028200500,200500,response,reverse,2,8,256,02:00:00:00:00:01,02:00:00:00:00:02,0x88b5,D4C1,1,1,1,452,18,208,16,defense4-s3-cell,d4-cell-v1,0,0
28,1800000028200750,200750,response,reverse,3,9,256,02:00:00:00:00:01,02:00:00:00:00:02,0x88b5,D4C1,1,1,1,453,18,208,16,defense4-s3-cell,d4-cell-v1,0,0
28,1800000028201000,201000,response,reverse,4,10,256,02:00:00:00:00:01,02:00:00:00:00:02,0x88b5,D4C1,1,1,1,454,18,208,16,defense4-s3-cell,d4-cell-v1,0,0
28,1800000028201250,201250,response,reverse,5,11,256,02:00:00:00:00:01,02:00:00:00:00:02,0x88b5,D4C1,1,1,1,455,18,208,16,defense4-s3-cell,d4-cell-v1,0,0
28,1800000028201500,201500,response,reverse,6,12,256,02:00:00:00:00:01,02:00:00:00:00:02,0x88b5,D4C1,1,1,1,456,18,208,16,defense4-s3-cell,d4-cell-v1,0,0
28,1800000028201750,201750,response,reverse,7,13,256,02:00:00:00:00:01,02:00:00:00:00:02,0x88b5,D4C1,1,1,1,457,18,208,16,defense4-s3-cell,d4-cell-v1,0,0
28,1800000028202000,202000,response,reverse,8,14,256,02:00:00:00:00:01,02:00:00:00:00:02,0x88b5,D4C1,1,1,1,458,18,208,16,defense4-s3-cell,d4-cell-v1,0,0
28,1800000028202250,202250,response,reverse,9,15,256,02:00:00:00:00:01,02:00:00:00:00:02,0x88b5,D4C1,1,1,1,459,18,208,16,defense4-s3-cell,d4-cell-v1,0,0
28,1800000028202500,202500,response,reverse,10,16,256,02:00:00:00:00:01,02:00:00:00:00:02,0x88b5,D4C1,1,1,1,460,18,208,16,defense4-s3-cell,d4-cell-v1,0,0
28,1800000028202750,202750,response,reverse,11,17,256,02:00:00:00:00:01,02:00:00:00:00:02,0x88b5,D4C1,1,1,1,461,18,208,16,defense4-s3-cell,d4-cell-v1,0,0
28,1800000028203000,203000,response,reverse,12,18,256,02:00:00:00:00:01,02:00:00:00:00:02,0x88b5,D4C1,1,1,1,462,18,208,16,defense4-s3-cell,d4-cell-v1,0,0
28,1800000028203250,203250,response,reverse,13,19,256,02:00:00:00:00:01,02:00:00:00:00:02,0x88b5,D4C1,1,1,1,463,18,208,16,defense4-s3-cell,d4-cell-v1,0,0
28,1800000028203500,203500,tail,forward,0,20,256,02:00:00:00:00:02,02:00:00:00:00:01,0x88b5,D4C1,1,1,1,172,18,208,16,defense4-s3-cell,d4-cell-v1,0,0
28,1800000028203750,203750,tail,forward,1,21,256,02:00:00:00:00:02,02:00:00:00:00:01,0x88b5,D4C1,1,1,1,173,18,208,16,defense4-s3-cell,d4-cell-v1,0,0
29,1800000029000000,0,request,forward,0,0,256,02:00:00:00:00:02,02:00:00:00:00:01,0x88b5,D4C1,1,1,1,174,18,208,16,defense4-s3-cell,d4-cell-v1,0,0
29,1800000029000250,250,request,forward,1,1,256,02:00:00:00:00:02,02:00:00:00:00:01,0x88b5,D4C1,1,1,1,175,18,208,16,defense4-s3-cell,d4-cell-v1,0,0
29,1800000029000500,500,request,forward,2,2,256,02:00:00:00:00:02,02:00:00:00:00:01,0x88b5,D4C1,1,1,1,176,18,208,16,defense4-s3-cell,d4-cell-v1,0,0
29,1800000029000750,750,request,forward,3,3,256,02:00:00:00:00:02,02:00:00:00:00:01,0x88b5,D4C1,1,1,1,177,18,208,16,defense4-s3-cell,d4-cell-v1,0,0
29,1800000029001000,1000,ack,reverse,0,4,256,02:00:00:00:00:01,02:00:00:00:00:02,0x88b5,D4C1,1,1,1,464,18,208,16,defense4-s3-cell,d4-cell-v1,0,0
29,1800000029001250,1250,ack,reverse,1,5,256,02:00:00:00:00:01,02:00:00:00:00:02,0x88b5,D4C1,1,1,1,465,18,208,16,defense4-s3-cell,d4-cell-v1,0,0
29,1800000029200000,200000,response,reverse,0,6,256,02:00:00:00:00:01,02:00:00:00:00:02,0x88b5,D4C1,1,1,1,466,18,208,16,defense4-s3-cell,d4-cell-v1,0,0
29,1800000029200250,200250,response,reverse,1,7,256,02:00:00:00:00:01,02:00:00:00:00:02,0x88b5,D4C1,1,1,1,467,18,208,16,defense4-s3-cell,d4-cell-v1,0,0
29,1800000029200500,200500,response,reverse,2,8,256,02:00:00:00:00:01,02:00:00:00:00:02,0x88b5,D4C1,1,1,1,468,18,208,16,defense4-s3-cell,d4-cell-v1,0,0
29,1800000029200750,200750,response,reverse,3,9,256,02:00:00:00:00:01,02:00:00:00:00:02,0x88b5,D4C1,1,1,1,469,18,208,16,defense4-s3-cell,d4-cell-v1,0,0
29,1800000029201000,201000,response,reverse,4,10,256,02:00:00:00:00:01,02:00:00:00:00:02,0x88b5,D4C1,1,1,1,470,18,208,16,defense4-s3-cell,d4-cell-v1,0,0
29,1800000029201250,201250,response,reverse,5,11,256,02:00:00:00:00:01,02:00:00:00:00:02,0x88b5,D4C1,1,1,1,471,18,208,16,defense4-s3-cell,d4-cell-v1,0,0
29,1800000029201500,201500,response,reverse,6,12,256,02:00:00:00:00:01,02:00:00:00:00:02,0x88b5,D4C1,1,1,1,472,18,208,16,defense4-s3-cell,d4-cell-v1,0,0
29,1800000029201750,201750,response,reverse,7,13,256,02:00:00:00:00:01,02:00:00:00:00:02,0x88b5,D4C1,1,1,1,473,18,208,16,defense4-s3-cell,d4-cell-v1,0,0
29,1800000029202000,202000,response,reverse,8,14,256,02:00:00:00:00:01,02:00:00:00:00:02,0x88b5,D4C1,1,1,1,474,18,208,16,defense4-s3-cell,d4-cell-v1,0,0
29,1800000029202250,202250,response,reverse,9,15,256,02:00:00:00:00:01,02:00:00:00:00:02,0x88b5,D4C1,1,1,1,475,18,208,16,defense4-s3-cell,d4-cell-v1,0,0
29,1800000029202500,202500,response,reverse,10,16,256,02:00:00:00:00:01,02:00:00:00:00:02,0x88b5,D4C1,1,1,1,476,18,208,16,defense4-s3-cell,d4-cell-v1,0,0
29,1800000029202750,202750,response,reverse,11,17,256,02:00:00:00:00:01,02:00:00:00:00:02,0x88b5,D4C1,1,1,1,477,18,208,16,defense4-s3-cell,d4-cell-v1,0,0
29,1800000029203000,203000,response,reverse,12,18,256,02:00:00:00:00:01,02:00:00:00:00:02,0x88b5,D4C1,1,1,1,478,18,208,16,defense4-s3-cell,d4-cell-v1,0,0
29,1800000029203250,203250,response,reverse,13,19,256,02:00:00:00:00:01,02:00:00:00:00:02,0x88b5,D4C1,1,1,1,479,18,208,16,defense4-s3-cell,d4-cell-v1,0,0
29,1800000029203500,203500,tail,forward,0,20,256,02:00:00:00:00:02,02:00:00:00:00:01,0x88b5,D4C1,1,1,1,178,18,208,16,defense4-s3-cell,d4-cell-v1,0,0
29,1800000029203750,203750,tail,forward,1,21,256,02:00:00:00:00:02,02:00:00:00:00:01,0x88b5,D4C1,1,1,1,179,18,208,16,defense4-s3-cell,d4-cell-v1,0,0
30,1800000030000000,0,request,forward,0,0,256,02:00:00:00:00:02,02:00:00:00:00:01,0x88b5,D4C1,1,1,1,180,18,208,16,defense4-s3-cell,d4-cell-v1,0,0
30,1800000030000250,250,request,forward,1,1,256,02:00:00:00:00:02,02:00:00:00:00:01,0x88b5,D4C1,1,1,1,181,18,208,16,defense4-s3-cell,d4-cell-v1,0,0
30,1800000030000500,500,request,forward,2,2,256,02:00:00:00:00:02,02:00:00:00:00:01,0x88b5,D4C1,1,1,1,182,18,208,16,defense4-s3-cell,d4-cell-v1,0,0
30,1800000030000750,750,request,forward,3,3,256,02:00:00:00:00:02,02:00:00:00:00:01,0x88b5,D4C1,1,1,1,183,18,208,16,defense4-s3-cell,d4-cell-v1,0,0
30,1800000030001000,1000,ack,reverse,0,4,256,02:00:00:00:00:01,02:00:00:00:00:02,0x88b5,D4C1,1,1,1,480,18,208,16,defense4-s3-cell,d4-cell-v1,0,0
30,1800000030001250,1250,ack,reverse,1,5,256,02:00:00:00:00:01,02:00:00:00:00:02,0x88b5,D4C1,1,1,1,481,18,208,16,defense4-s3-cell,d4-cell-v1,0,0
30,1800000030200000,200000,response,reverse,0,6,256,02:00:00:00:00:01,02:00:00:00:00:02,0x88b5,D4C1,1,1,1,482,18,208,16,defense4-s3-cell,d4-cell-v1,0,0
30,1800000030200250,200250,response,reverse,1,7,256,02:00:00:00:00:01,02:00:00:00:00:02,0x88b5,D4C1,1,1,1,483,18,208,16,defense4-s3-cell,d4-cell-v1,0,0
30,1800000030200500,200500,response,reverse,2,8,256,02:00:00:00:00:01,02:00:00:00:00:02,0x88b5,D4C1,1,1,1,484,18,208,16,defense4-s3-cell,d4-cell-v1,0,0
30,1800000030200750,200750,response,reverse,3,9,256,02:00:00:00:00:01,02:00:00:00:00:02,0x88b5,D4C1,1,1,1,485,18,208,16,defense4-s3-cell,d4-cell-v1,0,0
30,1800000030201000,201000,response,reverse,4,10,256,02:00:00:00:00:01,02:00:00:00:00:02,0x88b5,D4C1,1,1,1,486,18,208,16,defense4-s3-cell,d4-cell-v1,0,0
30,1800000030201250,201250,response,reverse,5,11,256,02:00:00:00:00:01,02:00:00:00:00:02,0x88b5,D4C1,1,1,1,487,18,208,16,defense4-s3-cell,d4-cell-v1,0,0
30,1800000030201500,201500,response,reverse,6,12,256,02:00:00:00:00:01,02:00:00:00:00:02,0x88b5,D4C1,1,1,1,488,18,208,16,defense4-s3-cell,d4-cell-v1,0,0
30,1800000030201750,201750,response,reverse,7,13,256,02:00:00:00:00:01,02:00:00:00:00:02,0x88b5,D4C1,1,1,1,489,18,208,16,defense4-s3-cell,d4-cell-v1,0,0
30,1800000030202000,202000,response,reverse,8,14,256,02:00:00:00:00:01,02:00:00:00:00:02,0x88b5,D4C1,1,1,1,490,18,208,16,defense4-s3-cell,d4-cell-v1,0,0
30,1800000030202250,202250,response,reverse,9,15,256,02:00:00:00:00:01,02:00:00:00:00:02,0x88b5,D4C1,1,1,1,491,18,208,16,defense4-s3-cell,d4-cell-v1,0,0
30,1800000030202500,202500,response,reverse,10,16,256,02:00:00:00:00:01,02:00:00:00:00:02,0x88b5,D4C1,1,1,1,492,18,208,16,defense4-s3-cell,d4-cell-v1,0,0
30,1800000030202750,202750,response,reverse,11,17,256,02:00:00:00:00:01,02:00:00:00:00:02,0x88b5,D4C1,1,1,1,493,18,208,16,defense4-s3-cell,d4-cell-v1,0,0
30,1800000030203000,203000,response,reverse,12,18,256,02:00:00:00:00:01,02:00:00:00:00:02,0x88b5,D4C1,1,1,1,494,18,208,16,defense4-s3-cell,d4-cell-v1,0,0
30,1800000030203250,203250,response,reverse,13,19,256,02:00:00:00:00:01,02:00:00:00:00:02,0x88b5,D4C1,1,1,1,495,18,208,16,defense4-s3-cell,d4-cell-v1,0,0
30,1800000030203500,203500,tail,forward,0,20,256,02:00:00:00:00:02,02:00:00:00:00:01,0x88b5,D4C1,1,1,1,184,18,208,16,defense4-s3-cell,d4-cell-v1,0,0
30,1800000030203750,203750,tail,forward,1,21,256,02:00:00:00:00:02,02:00:00:00:00:01,0x88b5,D4C1,1,1,1,185,18,208,16,defense4-s3-cell,d4-cell-v1,0,0
31,1800000031000000,0,request,forward,0,0,256,02:00:00:00:00:02,02:00:00:00:00:01,0x88b5,D4C1,1,1,1,186,18,208,16,defense4-s3-cell,d4-cell-v1,0,0
31,1800000031000250,250,request,forward,1,1,256,02:00:00:00:00:02,02:00:00:00:00:01,0x88b5,D4C1,1,1,1,187,18,208,16,defense4-s3-cell,d4-cell-v1,0,0
31,1800000031000500,500,request,forward,2,2,256,02:00:00:00:00:02,02:00:00:00:00:01,0x88b5,D4C1,1,1,1,188,18,208,16,defense4-s3-cell,d4-cell-v1,0,0
31,1800000031000750,750,request,forward,3,3,256,02:00:00:00:00:02,02:00:00:00:00:01,0x88b5,D4C1,1,1,1,189,18,208,16,defense4-s3-cell,d4-cell-v1,0,0
31,1800000031001000,1000,ack,reverse,0,4,256,02:00:00:00:00:01,02:00:00:00:00:02,0x88b5,D4C1,1,1,1,496,18,208,16,defense4-s3-cell,d4-cell-v1,0,0
31,1800000031001250,1250,ack,reverse,1,5,256,02:00:00:00:00:01,02:00:00:00:00:02,0x88b5,D4C1,1,1,1,497,18,208,16,defense4-s3-cell,d4-cell-v1,0,0
31,1800000031200000,200000,response,reverse,0,6,256,02:00:00:00:00:01,02:00:00:00:00:02,0x88b5,D4C1,1,1,1,498,18,208,16,defense4-s3-cell,d4-cell-v1,0,0
31,1800000031200250,200250,response,reverse,1,7,256,02:00:00:00:00:01,02:00:00:00:00:02,0x88b5,D4C1,1,1,1,499,18,208,16,defense4-s3-cell,d4-cell-v1,0,0
31,1800000031200500,200500,response,reverse,2,8,256,02:00:00:00:00:01,02:00:00:00:00:02,0x88b5,D4C1,1,1,1,500,18,208,16,defense4-s3-cell,d4-cell-v1,0,0
31,1800000031200750,200750,response,reverse,3,9,256,02:00:00:00:00:01,02:00:00:00:00:02,0x88b5,D4C1,1,1,1,501,18,208,16,defense4-s3-cell,d4-cell-v1,0,0
31,1800000031201000,201000,response,reverse,4,10,256,02:00:00:00:00:01,02:00:00:00:00:02,0x88b5,D4C1,1,1,1,502,18,208,16,defense4-s3-cell,d4-cell-v1,0,0
31,1800000031201250,201250,response,reverse,5,11,256,02:00:00:00:00:01,02:00:00:00:00:02,0x88b5,D4C1,1,1,1,503,18,208,16,defense4-s3-cell,d4-cell-v1,0,0
31,1800000031201500,201500,response,reverse,6,12,256,02:00:00:00:00:01,02:00:00:00:00:02,0x88b5,D4C1,1,1,1,504,18,208,16,defense4-s3-cell,d4-cell-v1,0,0
31,1800000031201750,201750,response,reverse,7,13,256,02:00:00:00:00:01,02:00:00:00:00:02,0x88b5,D4C1,1,1,1,505,18,208,16,defense4-s3-cell,d4-cell-v1,0,0
31,1800000031202000,202000,response,reverse,8,14,256,02:00:00:00:00:01,02:00:00:00:00:02,0x88b5,D4C1,1,1,1,506,18,208,16,defense4-s3-cell,d4-cell-v1,0,0
31,1800000031202250,202250,response,reverse,9,15,256,02:00:00:00:00:01,02:00:00:00:00:02,0x88b5,D4C1,1,1,1,507,18,208,16,defense4-s3-cell,d4-cell-v1,0,0
31,1800000031202500,202500,response,reverse,10,16,256,02:00:00:00:00:01,02:00:00:00:00:02,0x88b5,D4C1,1,1,1,508,18,208,16,defense4-s3-cell,d4-cell-v1,0,0
31,1800000031202750,202750,response,reverse,11,17,256,02:00:00:00:00:01,02:00:00:00:00:02,0x88b5,D4C1,1,1,1,509,18,208,16,defense4-s3-cell,d4-cell-v1,0,0
31,1800000031203000,203000,response,reverse,12,18,256,02:00:00:00:00:01,02:00:00:00:00:02,0x88b5,D4C1,1,1,1,510,18,208,16,defense4-s3-cell,d4-cell-v1,0,0
31,1800000031203250,203250,response,reverse,13,19,256,02:00:00:00:00:01,02:00:00:00:00:02,0x88b5,D4C1,1,1,1,511,18,208,16,defense4-s3-cell,d4-cell-v1,0,0
31,1800000031203500,203500,tail,forward,0,20,256,02:00:00:00:00:02,02:00:00:00:00:01,0x88b5,D4C1,1,1,1,190,18,208,16,defense4-s3-cell,d4-cell-v1,0,0
31,1800000031203750,203750,tail,forward,1,21,256,02:00:00:00:00:02,02:00:00:00:00:01,0x88b5,D4C1,1,1,1,191,18,208,16,defense4-s3-cell,d4-cell-v1,0,0
32,1800000032000000,0,request,forward,0,0,256,02:00:00:00:00:02,02:00:00:00:00:01,0x88b5,D4C1,1,1,1,192,18,208,16,defense4-s3-cell,d4-cell-v1,0,0
32,1800000032000250,250,request,forward,1,1,256,02:00:00:00:00:02,02:00:00:00:00:01,0x88b5,D4C1,1,1,1,193,18,208,16,defense4-s3-cell,d4-cell-v1,0,0
32,1800000032000500,500,request,forward,2,2,256,02:00:00:00:00:02,02:00:00:00:00:01,0x88b5,D4C1,1,1,1,194,18,208,16,defense4-s3-cell,d4-cell-v1,0,0
32,1800000032000750,750,request,forward,3,3,256,02:00:00:00:00:02,02:00:00:00:00:01,0x88b5,D4C1,1,1,1,195,18,208,16,defense4-s3-cell,d4-cell-v1,0,0
32,1800000032001000,1000,ack,reverse,0,4,256,02:00:00:00:00:01,02:00:00:00:00:02,0x88b5,D4C1,1,1,1,512,18,208,16,defense4-s3-cell,d4-cell-v1,0,0
32,1800000032001250,1250,ack,reverse,1,5,256,02:00:00:00:00:01,02:00:00:00:00:02,0x88b5,D4C1,1,1,1,513,18,208,16,defense4-s3-cell,d4-cell-v1,0,0
32,1800000032200000,200000,response,reverse,0,6,256,02:00:00:00:00:01,02:00:00:00:00:02,0x88b5,D4C1,1,1,1,514,18,208,16,defense4-s3-cell,d4-cell-v1,0,0
32,1800000032200250,200250,response,reverse,1,7,256,02:00:00:00:00:01,02:00:00:00:00:02,0x88b5,D4C1,1,1,1,515,18,208,16,defense4-s3-cell,d4-cell-v1,0,0
32,1800000032200500,200500,response,reverse,2,8,256,02:00:00:00:00:01,02:00:00:00:00:02,0x88b5,D4C1,1,1,1,516,18,208,16,defense4-s3-cell,d4-cell-v1,0,0
32,1800000032200750,200750,response,reverse,3,9,256,02:00:00:00:00:01,02:00:00:00:00:02,0x88b5,D4C1,1,1,1,517,18,208,16,defense4-s3-cell,d4-cell-v1,0,0
32,1800000032201000,201000,response,reverse,4,10,256,02:00:00:00:00:01,02:00:00:00:00:02,0x88b5,D4C1,1,1,1,518,18,208,16,defense4-s3-cell,d4-cell-v1,0,0
32,1800000032201250,201250,response,reverse,5,11,256,02:00:00:00:00:01,02:00:00:00:00:02,0x88b5,D4C1,1,1,1,519,18,208,16,defense4-s3-cell,d4-cell-v1,0,0
32,1800000032201500,201500,response,reverse,6,12,256,02:00:00:00:00:01,02:00:00:00:00:02,0x88b5,D4C1,1,1,1,520,18,208,16,defense4-s3-cell,d4-cell-v1,0,0
32,1800000032201750,201750,response,reverse,7,13,256,02:00:00:00:00:01,02:00:00:00:00:02,0x88b5,D4C1,1,1,1,521,18,208,16,defense4-s3-cell,d4-cell-v1,0,0
32,1800000032202000,202000,response,reverse,8,14,256,02:00:00:00:00:01,02:00:00:00:00:02,0x88b5,D4C1,1,1,1,522,18,208,16,defense4-s3-cell,d4-cell-v1,0,0
32,1800000032202250,202250,response,reverse,9,15,256,02:00:00:00:00:01,02:00:00:00:00:02,0x88b5,D4C1,1,1,1,523,18,208,16,defense4-s3-cell,d4-cell-v1,0,0
32,1800000032202500,202500,response,reverse,10,16,256,02:00:00:00:00:01,02:00:00:00:00:02,0x88b5,D4C1,1,1,1,524,18,208,16,defense4-s3-cell,d4-cell-v1,0,0
32,1800000032202750,202750,response,reverse,11,17,256,02:00:00:00:00:01,02:00:00:00:00:02,0x88b5,D4C1,1,1,1,525,18,208,16,defense4-s3-cell,d4-cell-v1,0,0
32,1800000032203000,203000,response,reverse,12,18,256,02:00:00:00:00:01,02:00:00:00:00:02,0x88b5,D4C1,1,1,1,526,18,208,16,defense4-s3-cell,d4-cell-v1,0,0
32,1800000032203250,203250,response,reverse,13,19,256,02:00:00:00:00:01,02:00:00:00:00:02,0x88b5,D4C1,1,1,1,527,18,208,16,defense4-s3-cell,d4-cell-v1,0,0
32,1800000032203500,203500,tail,forward,0,20,256,02:00:00:00:00:02,02:00:00:00:00:01,0x88b5,D4C1,1,1,1,196,18,208,16,defense4-s3-cell,d4-cell-v1,0,0
32,1800000032203750,203750,tail,forward,1,21,256,02:00:00:00:00:02,02:00:00:00:00:01,0x88b5,D4C1,1,1,1,197,18,208,16,defense4-s3-cell,d4-cell-v1,0,0
33,1800000033000000,0,request,forward,0,0,256,02:00:00:00:00:02,02:00:00:00:00:01,0x88b5,D4C1,1,1,1,198,18,208,16,defense4-s3-cell,d4-cell-v1,0,0
33,1800000033000250,250,request,forward,1,1,256,02:00:00:00:00:02,02:00:00:00:00:01,0x88b5,D4C1,1,1,1,199,18,208,16,defense4-s3-cell,d4-cell-v1,0,0
33,1800000033000500,500,request,forward,2,2,256,02:00:00:00:00:02,02:00:00:00:00:01,0x88b5,D4C1,1,1,1,200,18,208,16,defense4-s3-cell,d4-cell-v1,0,0
33,1800000033000750,750,request,forward,3,3,256,02:00:00:00:00:02,02:00:00:00:00:01,0x88b5,D4C1,1,1,1,201,18,208,16,defense4-s3-cell,d4-cell-v1,0,0
33,1800000033001000,1000,ack,reverse,0,4,256,02:00:00:00:00:01,02:00:00:00:00:02,0x88b5,D4C1,1,1,1,528,18,208,16,defense4-s3-cell,d4-cell-v1,0,0
33,1800000033001250,1250,ack,reverse,1,5,256,02:00:00:00:00:01,02:00:00:00:00:02,0x88b5,D4C1,1,1,1,529,18,208,16,defense4-s3-cell,d4-cell-v1,0,0
33,1800000033200000,200000,response,reverse,0,6,256,02:00:00:00:00:01,02:00:00:00:00:02,0x88b5,D4C1,1,1,1,530,18,208,16,defense4-s3-cell,d4-cell-v1,0,0
33,1800000033200250,200250,response,reverse,1,7,256,02:00:00:00:00:01,02:00:00:00:00:02,0x88b5,D4C1,1,1,1,531,18,208,16,defense4-s3-cell,d4-cell-v1,0,0
33,1800000033200500,200500,response,reverse,2,8,256,02:00:00:00:00:01,02:00:00:00:00:02,0x88b5,D4C1,1,1,1,532,18,208,16,defense4-s3-cell,d4-cell-v1,0,0
33,1800000033200750,200750,response,reverse,3,9,256,02:00:00:00:00:01,02:00:00:00:00:02,0x88b5,D4C1,1,1,1,533,18,208,16,defense4-s3-cell,d4-cell-v1,0,0
33,1800000033201000,201000,response,reverse,4,10,256,02:00:00:00:00:01,02:00:00:00:00:02,0x88b5,D4C1,1,1,1,534,18,208,16,defense4-s3-cell,d4-cell-v1,0,0
33,1800000033201250,201250,response,reverse,5,11,256,02:00:00:00:00:01,02:00:00:00:00:02,0x88b5,D4C1,1,1,1,535,18,208,16,defense4-s3-cell,d4-cell-v1,0,0
33,1800000033201500,201500,response,reverse,6,12,256,02:00:00:00:00:01,02:00:00:00:00:02,0x88b5,D4C1,1,1,1,536,18,208,16,defense4-s3-cell,d4-cell-v1,0,0
33,1800000033201750,201750,response,reverse,7,13,256,02:00:00:00:00:01,02:00:00:00:00:02,0x88b5,D4C1,1,1,1,537,18,208,16,defense4-s3-cell,d4-cell-v1,0,0
33,1800000033202000,202000,response,reverse,8,14,256,02:00:00:00:00:01,02:00:00:00:00:02,0x88b5,D4C1,1,1,1,538,18,208,16,defense4-s3-cell,d4-cell-v1,0,0
33,1800000033202250,202250,response,reverse,9,15,256,02:00:00:00:00:01,02:00:00:00:00:02,0x88b5,D4C1,1,1,1,539,18,208,16,defense4-s3-cell,d4-cell-v1,0,0
33,1800000033202500,202500,response,reverse,10,16,256,02:00:00:00:00:01,02:00:00:00:00:02,0x88b5,D4C1,1,1,1,540,18,208,16,defense4-s3-cell,d4-cell-v1,0,0
33,1800000033202750,202750,response,reverse,11,17,256,02:00:00:00:00:01,02:00:00:00:00:02,0x88b5,D4C1,1,1,1,541,18,208,16,defense4-s3-cell,d4-cell-v1,0,0
33,1800000033203000,203000,response,reverse,12,18,256,02:00:00:00:00:01,02:00:00:00:00:02,0x88b5,D4C1,1,1,1,542,18,208,16,defense4-s3-cell,d4-cell-v1,0,0
33,1800000033203250,203250,response,reverse,13,19,256,02:00:00:00:00:01,02:00:00:00:00:02,0x88b5,D4C1,1,1,1,543,18,208,16,defense4-s3-cell,d4-cell-v1,0,0
33,1800000033203500,203500,tail,forward,0,20,256,02:00:00:00:00:02,02:00:00:00:00:01,0x88b5,D4C1,1,1,1,202,18,208,16,defense4-s3-cell,d4-cell-v1,0,0
33,1800000033203750,203750,tail,forward,1,21,256,02:00:00:00:00:02,02:00:00:00:00:01,0x88b5,D4C1,1,1,1,203,18,208,16,defense4-s3-cell,d4-cell-v1,0,0
34,1800000034000000,0,request,forward,0,0,256,02:00:00:00:00:02,02:00:00:00:00:01,0x88b5,D4C1,1,1,1,204,18,208,16,defense4-s3-cell,d4-cell-v1,0,0
34,1800000034000250,250,request,forward,1,1,256,02:00:00:00:00:02,02:00:00:00:00:01,0x88b5,D4C1,1,1,1,205,18,208,16,defense4-s3-cell,d4-cell-v1,0,0
34,1800000034000500,500,request,forward,2,2,256,02:00:00:00:00:02,02:00:00:00:00:01,0x88b5,D4C1,1,1,1,206,18,208,16,defense4-s3-cell,d4-cell-v1,0,0
34,1800000034000750,750,request,forward,3,3,256,02:00:00:00:00:02,02:00:00:00:00:01,0x88b5,D4C1,1,1,1,207,18,208,16,defense4-s3-cell,d4-cell-v1,0,0
34,1800000034001000,1000,ack,reverse,0,4,256,02:00:00:00:00:01,02:00:00:00:00:02,0x88b5,D4C1,1,1,1,544,18,208,16,defense4-s3-cell,d4-cell-v1,0,0
34,1800000034001250,1250,ack,reverse,1,5,256,02:00:00:00:00:01,02:00:00:00:00:02,0x88b5,D4C1,1,1,1,545,18,208,16,defense4-s3-cell,d4-cell-v1,0,0
34,1800000034200000,200000,response,reverse,0,6,256,02:00:00:00:00:01,02:00:00:00:00:02,0x88b5,D4C1,1,1,1,546,18,208,16,defense4-s3-cell,d4-cell-v1,0,0
34,1800000034200250,200250,response,reverse,1,7,256,02:00:00:00:00:01,02:00:00:00:00:02,0x88b5,D4C1,1,1,1,547,18,208,16,defense4-s3-cell,d4-cell-v1,0,0
34,1800000034200500,200500,response,reverse,2,8,256,02:00:00:00:00:01,02:00:00:00:00:02,0x88b5,D4C1,1,1,1,548,18,208,16,defense4-s3-cell,d4-cell-v1,0,0
34,1800000034200750,200750,response,reverse,3,9,256,02:00:00:00:00:01,02:00:00:00:00:02,0x88b5,D4C1,1,1,1,549,18,208,16,defense4-s3-cell,d4-cell-v1,0,0
34,1800000034201000,201000,response,reverse,4,10,256,02:00:00:00:00:01,02:00:00:00:00:02,0x88b5,D4C1,1,1,1,550,18,208,16,defense4-s3-cell,d4-cell-v1,0,0
34,1800000034201250,201250,response,reverse,5,11,256,02:00:00:00:00:01,02:00:00:00:00:02,0x88b5,D4C1,1,1,1,551,18,208,16,defense4-s3-cell,d4-cell-v1,0,0
34,1800000034201500,201500,response,reverse,6,12,256,02:00:00:00:00:01,02:00:00:00:00:02,0x88b5,D4C1,1,1,1,552,18,208,16,defense4-s3-cell,d4-cell-v1,0,0
34,1800000034201750,201750,response,reverse,7,13,256,02:00:00:00:00:01,02:00:00:00:00:02,0x88b5,D4C1,1,1,1,553,18,208,16,defense4-s3-cell,d4-cell-v1,0,0
34,1800000034202000,202000,response,reverse,8,14,256,02:00:00:00:00:01,02:00:00:00:00:02,0x88b5,D4C1,1,1,1,554,18,208,16,defense4-s3-cell,d4-cell-v1,0,0
34,1800000034202250,202250,response,reverse,9,15,256,02:00:00:00:00:01,02:00:00:00:00:02,0x88b5,D4C1,1,1,1,555,18,208,16,defense4-s3-cell,d4-cell-v1,0,0
34,1800000034202500,202500,response,reverse,10,16,256,02:00:00:00:00:01,02:00:00:00:00:02,0x88b5,D4C1,1,1,1,556,18,208,16,defense4-s3-cell,d4-cell-v1,0,0
34,1800000034202750,202750,response,reverse,11,17,256,02:00:00:00:00:01,02:00:00:00:00:02,0x88b5,D4C1,1,1,1,557,18,208,16,defense4-s3-cell,d4-cell-v1,0,0
34,1800000034203000,203000,response,reverse,12,18,256,02:00:00:00:00:01,02:00:00:00:00:02,0x88b5,D4C1,1,1,1,558,18,208,16,defense4-s3-cell,d4-cell-v1,0,0
34,1800000034203250,203250,response,reverse,13,19,256,02:00:00:00:00:01,02:00:00:00:00:02,0x88b5,D4C1,1,1,1,559,18,208,16,defense4-s3-cell,d4-cell-v1,0,0
34,1800000034203500,203500,tail,forward,0,20,256,02:00:00:00:00:02,02:00:00:00:00:01,0x88b5,D4C1,1,1,1,208,18,208,16,defense4-s3-cell,d4-cell-v1,0,0
34,1800000034203750,203750,tail,forward,1,21,256,02:00:00:00:00:02,02:00:00:00:00:01,0x88b5,D4C1,1,1,1,209,18,208,16,defense4-s3-cell,d4-cell-v1,0,0
35,1800000035000000,0,request,forward,0,0,256,02:00:00:00:00:02,02:00:00:00:00:01,0x88b5,D4C1,1,1,1,210,18,208,16,defense4-s3-cell,d4-cell-v1,0,0
35,1800000035000250,250,request,forward,1,1,256,02:00:00:00:00:02,02:00:00:00:00:01,0x88b5,D4C1,1,1,1,211,18,208,16,defense4-s3-cell,d4-cell-v1,0,0
35,1800000035000500,500,request,forward,2,2,256,02:00:00:00:00:02,02:00:00:00:00:01,0x88b5,D4C1,1,1,1,212,18,208,16,defense4-s3-cell,d4-cell-v1,0,0
35,1800000035000750,750,request,forward,3,3,256,02:00:00:00:00:02,02:00:00:00:00:01,0x88b5,D4C1,1,1,1,213,18,208,16,defense4-s3-cell,d4-cell-v1,0,0
35,1800000035001000,1000,ack,reverse,0,4,256,02:00:00:00:00:01,02:00:00:00:00:02,0x88b5,D4C1,1,1,1,560,18,208,16,defense4-s3-cell,d4-cell-v1,0,0
35,1800000035001250,1250,ack,reverse,1,5,256,02:00:00:00:00:01,02:00:00:00:00:02,0x88b5,D4C1,1,1,1,561,18,208,16,defense4-s3-cell,d4-cell-v1,0,0
35,1800000035200000,200000,response,reverse,0,6,256,02:00:00:00:00:01,02:00:00:00:00:02,0x88b5,D4C1,1,1,1,562,18,208,16,defense4-s3-cell,d4-cell-v1,0,0
35,1800000035200250,200250,response,reverse,1,7,256,02:00:00:00:00:01,02:00:00:00:00:02,0x88b5,D4C1,1,1,1,563,18,208,16,defense4-s3-cell,d4-cell-v1,0,0
35,1800000035200500,200500,response,reverse,2,8,256,02:00:00:00:00:01,02:00:00:00:00:02,0x88b5,D4C1,1,1,1,564,18,208,16,defense4-s3-cell,d4-cell-v1,0,0
35,1800000035200750,200750,response,reverse,3,9,256,02:00:00:00:00:01,02:00:00:00:00:02,0x88b5,D4C1,1,1,1,565,18,208,16,defense4-s3-cell,d4-cell-v1,0,0
35,1800000035201000,201000,response,reverse,4,10,256,02:00:00:00:00:01,02:00:00:00:00:02,0x88b5,D4C1,1,1,1,566,18,208,16,defense4-s3-cell,d4-cell-v1,0,0
35,1800000035201250,201250,response,reverse,5,11,256,02:00:00:00:00:01,02:00:00:00:00:02,0x88b5,D4C1,1,1,1,567,18,208,16,defense4-s3-cell,d4-cell-v1,0,0
35,1800000035201500,201500,response,reverse,6,12,256,02:00:00:00:00:01,02:00:00:00:00:02,0x88b5,D4C1,1,1,1,568,18,208,16,defense4-s3-cell,d4-cell-v1,0,0
35,1800000035201750,201750,response,reverse,7,13,256,02:00:00:00:00:01,02:00:00:00:00:02,0x88b5,D4C1,1,1,1,569,18,208,16,defense4-s3-cell,d4-cell-v1,0,0
35,1800000035202000,202000,response,reverse,8,14,256,02:00:00:00:00:01,02:00:00:00:00:02,0x88b5,D4C1,1,1,1,570,18,208,16,defense4-s3-cell,d4-cell-v1,0,0
35,1800000035202250,202250,response,reverse,9,15,256,02:00:00:00:00:01,02:00:00:00:00:02,0x88b5,D4C1,1,1,1,571,18,208,16,defense4-s3-cell,d4-cell-v1,0,0
35,1800000035202500,202500,response,reverse,10,16,256,02:00:00:00:00:01,02:00:00:00:00:02,0x88b5,D4C1,1,1,1,572,18,208,16,defense4-s3-cell,d4-cell-v1,0,0
35,1800000035202750,202750,response,reverse,11,17,256,02:00:00:00:00:01,02:00:00:00:00:02,0x88b5,D4C1,1,1,1,573,18,208,16,defense4-s3-cell,d4-cell-v1,0,0
35,1800000035203000,203000,response,reverse,12,18,256,02:00:00:00:00:01,02:00:00:00:00:02,0x88b5,D4C1,1,1,1,574,18,208,16,defense4-s3-cell,d4-cell-v1,0,0
35,1800000035203250,203250,response,reverse,13,19,256,02:00:00:00:00:01,02:00:00:00:00:02,0x88b5,D4C1,1,1,1,575,18,208,16,defense4-s3-cell,d4-cell-v1,0,0
35,1800000035203500,203500,tail,forward,0,20,256,02:00:00:00:00:02,02:00:00:00:00:01,0x88b5,D4C1,1,1,1,214,18,208,16,defense4-s3-cell,d4-cell-v1,0,0
35,1800000035203750,203750,tail,forward,1,21,256,02:00:00:00:00:02,02:00:00:00:00:01,0x88b5,D4C1,1,1,1,215,18,208,16,defense4-s3-cell,d4-cell-v1,0,0
36,1800000036000000,0,request,forward,0,0,256,02:00:00:00:00:02,02:00:00:00:00:01,0x88b5,D4C1,1,1,1,216,18,208,16,defense4-s3-cell,d4-cell-v1,0,0
36,1800000036000250,250,request,forward,1,1,256,02:00:00:00:00:02,02:00:00:00:00:01,0x88b5,D4C1,1,1,1,217,18,208,16,defense4-s3-cell,d4-cell-v1,0,0
36,1800000036000500,500,request,forward,2,2,256,02:00:00:00:00:02,02:00:00:00:00:01,0x88b5,D4C1,1,1,1,218,18,208,16,defense4-s3-cell,d4-cell-v1,0,0
36,1800000036000750,750,request,forward,3,3,256,02:00:00:00:00:02,02:00:00:00:00:01,0x88b5,D4C1,1,1,1,219,18,208,16,defense4-s3-cell,d4-cell-v1,0,0
36,1800000036001000,1000,ack,reverse,0,4,256,02:00:00:00:00:01,02:00:00:00:00:02,0x88b5,D4C1,1,1,1,576,18,208,16,defense4-s3-cell,d4-cell-v1,0,0
36,1800000036001250,1250,ack,reverse,1,5,256,02:00:00:00:00:01,02:00:00:00:00:02,0x88b5,D4C1,1,1,1,577,18,208,16,defense4-s3-cell,d4-cell-v1,0,0
36,1800000036200000,200000,response,reverse,0,6,256,02:00:00:00:00:01,02:00:00:00:00:02,0x88b5,D4C1,1,1,1,578,18,208,16,defense4-s3-cell,d4-cell-v1,0,0
36,1800000036200250,200250,response,reverse,1,7,256,02:00:00:00:00:01,02:00:00:00:00:02,0x88b5,D4C1,1,1,1,579,18,208,16,defense4-s3-cell,d4-cell-v1,0,0
36,1800000036200500,200500,response,reverse,2,8,256,02:00:00:00:00:01,02:00:00:00:00:02,0x88b5,D4C1,1,1,1,580,18,208,16,defense4-s3-cell,d4-cell-v1,0,0
36,1800000036200750,200750,response,reverse,3,9,256,02:00:00:00:00:01,02:00:00:00:00:02,0x88b5,D4C1,1,1,1,581,18,208,16,defense4-s3-cell,d4-cell-v1,0,0
36,1800000036201000,201000,response,reverse,4,10,256,02:00:00:00:00:01,02:00:00:00:00:02,0x88b5,D4C1,1,1,1,582,18,208,16,defense4-s3-cell,d4-cell-v1,0,0
36,1800000036201250,201250,response,reverse,5,11,256,02:00:00:00:00:01,02:00:00:00:00:02,0x88b5,D4C1,1,1,1,583,18,208,16,defense4-s3-cell,d4-cell-v1,0,0
36,1800000036201500,201500,response,reverse,6,12,256,02:00:00:00:00:01,02:00:00:00:00:02,0x88b5,D4C1,1,1,1,584,18,208,16,defense4-s3-cell,d4-cell-v1,0,0
36,1800000036201750,201750,response,reverse,7,13,256,02:00:00:00:00:01,02:00:00:00:00:02,0x88b5,D4C1,1,1,1,585,18,208,16,defense4-s3-cell,d4-cell-v1,0,0
36,1800000036202000,202000,response,reverse,8,14,256,02:00:00:00:00:01,02:00:00:00:00:02,0x88b5,D4C1,1,1,1,586,18,208,16,defense4-s3-cell,d4-cell-v1,0,0
36,1800000036202250,202250,response,reverse,9,15,256,02:00:00:00:00:01,02:00:00:00:00:02,0x88b5,D4C1,1,1,1,587,18,208,16,defense4-s3-cell,d4-cell-v1,0,0
36,1800000036202500,202500,response,reverse,10,16,256,02:00:00:00:00:01,02:00:00:00:00:02,0x88b5,D4C1,1,1,1,588,18,208,16,defense4-s3-cell,d4-cell-v1,0,0
36,1800000036202750,202750,response,reverse,11,17,256,02:00:00:00:00:01,02:00:00:00:00:02,0x88b5,D4C1,1,1,1,589,18,208,16,defense4-s3-cell,d4-cell-v1,0,0
36,1800000036203000,203000,response,reverse,12,18,256,02:00:00:00:00:01,02:00:00:00:00:02,0x88b5,D4C1,1,1,1,590,18,208,16,defense4-s3-cell,d4-cell-v1,0,0
36,1800000036203250,203250,response,reverse,13,19,256,02:00:00:00:00:01,02:00:00:00:00:02,0x88b5,D4C1,1,1,1,591,18,208,16,defense4-s3-cell,d4-cell-v1,0,0
36,1800000036203500,203500,tail,forward,0,20,256,02:00:00:00:00:02,02:00:00:00:00:01,0x88b5,D4C1,1,1,1,220,18,208,16,defense4-s3-cell,d4-cell-v1,0,0
36,1800000036203750,203750,tail,forward,1,21,256,02:00:00:00:00:02,02:00:00:00:00:01,0x88b5,D4C1,1,1,1,221,18,208,16,defense4-s3-cell,d4-cell-v1,0,0
37,1800000037000000,0,request,forward,0,0,256,02:00:00:00:00:02,02:00:00:00:00:01,0x88b5,D4C1,1,1,1,222,18,208,16,defense4-s3-cell,d4-cell-v1,0,0
37,1800000037000250,250,request,forward,1,1,256,02:00:00:00:00:02,02:00:00:00:00:01,0x88b5,D4C1,1,1,1,223,18,208,16,defense4-s3-cell,d4-cell-v1,0,0
37,1800000037000500,500,request,forward,2,2,256,02:00:00:00:00:02,02:00:00:00:00:01,0x88b5,D4C1,1,1,1,224,18,208,16,defense4-s3-cell,d4-cell-v1,0,0
37,1800000037000750,750,request,forward,3,3,256,02:00:00:00:00:02,02:00:00:00:00:01,0x88b5,D4C1,1,1,1,225,18,208,16,defense4-s3-cell,d4-cell-v1,0,0
37,1800000037001000,1000,ack,reverse,0,4,256,02:00:00:00:00:01,02:00:00:00:00:02,0x88b5,D4C1,1,1,1,592,18,208,16,defense4-s3-cell,d4-cell-v1,0,0
37,1800000037001250,1250,ack,reverse,1,5,256,02:00:00:00:00:01,02:00:00:00:00:02,0x88b5,D4C1,1,1,1,593,18,208,16,defense4-s3-cell,d4-cell-v1,0,0
37,1800000037200000,200000,response,reverse,0,6,256,02:00:00:00:00:01,02:00:00:00:00:02,0x88b5,D4C1,1,1,1,594,18,208,16,defense4-s3-cell,d4-cell-v1,0,0
37,1800000037200250,200250,response,reverse,1,7,256,02:00:00:00:00:01,02:00:00:00:00:02,0x88b5,D4C1,1,1,1,595,18,208,16,defense4-s3-cell,d4-cell-v1,0,0
37,1800000037200500,200500,response,reverse,2,8,256,02:00:00:00:00:01,02:00:00:00:00:02,0x88b5,D4C1,1,1,1,596,18,208,16,defense4-s3-cell,d4-cell-v1,0,0
37,1800000037200750,200750,response,reverse,3,9,256,02:00:00:00:00:01,02:00:00:00:00:02,0x88b5,D4C1,1,1,1,597,18,208,16,defense4-s3-cell,d4-cell-v1,0,0
37,1800000037201000,201000,response,reverse,4,10,256,02:00:00:00:00:01,02:00:00:00:00:02,0x88b5,D4C1,1,1,1,598,18,208,16,defense4-s3-cell,d4-cell-v1,0,0
37,1800000037201250,201250,response,reverse,5,11,256,02:00:00:00:00:01,02:00:00:00:00:02,0x88b5,D4C1,1,1,1,599,18,208,16,defense4-s3-cell,d4-cell-v1,0,0
37,1800000037201500,201500,response,reverse,6,12,256,02:00:00:00:00:01,02:00:00:00:00:02,0x88b5,D4C1,1,1,1,600,18,208,16,defense4-s3-cell,d4-cell-v1,0,0
37,1800000037201750,201750,response,reverse,7,13,256,02:00:00:00:00:01,02:00:00:00:00:02,0x88b5,D4C1,1,1,1,601,18,208,16,defense4-s3-cell,d4-cell-v1,0,0
37,1800000037202000,202000,response,reverse,8,14,256,02:00:00:00:00:01,02:00:00:00:00:02,0x88b5,D4C1,1,1,1,602,18,208,16,defense4-s3-cell,d4-cell-v1,0,0
37,1800000037202250,202250,response,reverse,9,15,256,02:00:00:00:00:01,02:00:00:00:00:02,0x88b5,D4C1,1,1,1,603,18,208,16,defense4-s3-cell,d4-cell-v1,0,0
37,1800000037202500,202500,response,reverse,10,16,256,02:00:00:00:00:01,02:00:00:00:00:02,0x88b5,D4C1,1,1,1,604,18,208,16,defense4-s3-cell,d4-cell-v1,0,0
37,1800000037202750,202750,response,reverse,11,17,256,02:00:00:00:00:01,02:00:00:00:00:02,0x88b5,D4C1,1,1,1,605,18,208,16,defense4-s3-cell,d4-cell-v1,0,0
37,1800000037203000,203000,response,reverse,12,18,256,02:00:00:00:00:01,02:00:00:00:00:02,0x88b5,D4C1,1,1,1,606,18,208,16,defense4-s3-cell,d4-cell-v1,0,0
37,1800000037203250,203250,response,reverse,13,19,256,02:00:00:00:00:01,02:00:00:00:00:02,0x88b5,D4C1,1,1,1,607,18,208,16,defense4-s3-cell,d4-cell-v1,0,0
37,1800000037203500,203500,tail,forward,0,20,256,02:00:00:00:00:02,02:00:00:00:00:01,0x88b5,D4C1,1,1,1,226,18,208,16,defense4-s3-cell,d4-cell-v1,0,0
37,1800000037203750,203750,tail,forward,1,21,256,02:00:00:00:00:02,02:00:00:00:00:01,0x88b5,D4C1,1,1,1,227,18,208,16,defense4-s3-cell,d4-cell-v1,0,0
38,1800000038000000,0,request,forward,0,0,256,02:00:00:00:00:02,02:00:00:00:00:01,0x88b5,D4C1,1,1,1,228,18,208,16,defense4-s3-cell,d4-cell-v1,0,0
38,1800000038000250,250,request,forward,1,1,256,02:00:00:00:00:02,02:00:00:00:00:01,0x88b5,D4C1,1,1,1,229,18,208,16,defense4-s3-cell,d4-cell-v1,0,0
38,1800000038000500,500,request,forward,2,2,256,02:00:00:00:00:02,02:00:00:00:00:01,0x88b5,D4C1,1,1,1,230,18,208,16,defense4-s3-cell,d4-cell-v1,0,0
38,1800000038000750,750,request,forward,3,3,256,02:00:00:00:00:02,02:00:00:00:00:01,0x88b5,D4C1,1,1,1,231,18,208,16,defense4-s3-cell,d4-cell-v1,0,0
38,1800000038001000,1000,ack,reverse,0,4,256,02:00:00:00:00:01,02:00:00:00:00:02,0x88b5,D4C1,1,1,1,608,18,208,16,defense4-s3-cell,d4-cell-v1,0,0
38,1800000038001250,1250,ack,reverse,1,5,256,02:00:00:00:00:01,02:00:00:00:00:02,0x88b5,D4C1,1,1,1,609,18,208,16,defense4-s3-cell,d4-cell-v1,0,0
38,1800000038200000,200000,response,reverse,0,6,256,02:00:00:00:00:01,02:00:00:00:00:02,0x88b5,D4C1,1,1,1,610,18,208,16,defense4-s3-cell,d4-cell-v1,0,0
38,1800000038200250,200250,response,reverse,1,7,256,02:00:00:00:00:01,02:00:00:00:00:02,0x88b5,D4C1,1,1,1,611,18,208,16,defense4-s3-cell,d4-cell-v1,0,0
38,1800000038200500,200500,response,reverse,2,8,256,02:00:00:00:00:01,02:00:00:00:00:02,0x88b5,D4C1,1,1,1,612,18,208,16,defense4-s3-cell,d4-cell-v1,0,0
38,1800000038200750,200750,response,reverse,3,9,256,02:00:00:00:00:01,02:00:00:00:00:02,0x88b5,D4C1,1,1,1,613,18,208,16,defense4-s3-cell,d4-cell-v1,0,0
38,1800000038201000,201000,response,reverse,4,10,256,02:00:00:00:00:01,02:00:00:00:00:02,0x88b5,D4C1,1,1,1,614,18,208,16,defense4-s3-cell,d4-cell-v1,0,0
38,1800000038201250,201250,response,reverse,5,11,256,02:00:00:00:00:01,02:00:00:00:00:02,0x88b5,D4C1,1,1,1,615,18,208,16,defense4-s3-cell,d4-cell-v1,0,0
38,1800000038201500,201500,response,reverse,6,12,256,02:00:00:00:00:01,02:00:00:00:00:02,0x88b5,D4C1,1,1,1,616,18,208,16,defense4-s3-cell,d4-cell-v1,0,0
38,1800000038201750,201750,response,reverse,7,13,256,02:00:00:00:00:01,02:00:00:00:00:02,0x88b5,D4C1,1,1,1,617,18,208,16,defense4-s3-cell,d4-cell-v1,0,0
38,1800000038202000,202000,response,reverse,8,14,256,02:00:00:00:00:01,02:00:00:00:00:02,0x88b5,D4C1,1,1,1,618,18,208,16,defense4-s3-cell,d4-cell-v1,0,0
38,1800000038202250,202250,response,reverse,9,15,256,02:00:00:00:00:01,02:00:00:00:00:02,0x88b5,D4C1,1,1,1,619,18,208,16,defense4-s3-cell,d4-cell-v1,0,0
38,1800000038202500,202500,response,reverse,10,16,256,02:00:00:00:00:01,02:00:00:00:00:02,0x88b5,D4C1,1,1,1,620,18,208,16,defense4-s3-cell,d4-cell-v1,0,0
38,1800000038202750,202750,response,reverse,11,17,256,02:00:00:00:00:01,02:00:00:00:00:02,0x88b5,D4C1,1,1,1,621,18,208,16,defense4-s3-cell,d4-cell-v1,0,0
38,1800000038203000,203000,response,reverse,12,18,256,02:00:00:00:00:01,02:00:00:00:00:02,0x88b5,D4C1,1,1,1,622,18,208,16,defense4-s3-cell,d4-cell-v1,0,0
38,1800000038203250,203250,response,reverse,13,19,256,02:00:00:00:00:01,02:00:00:00:00:02,0x88b5,D4C1,1,1,1,623,18,208,16,defense4-s3-cell,d4-cell-v1,0,0
38,1800000038203500,203500,tail,forward,0,20,256,02:00:00:00:00:02,02:00:00:00:00:01,0x88b5,D4C1,1,1,1,232,18,208,16,defense4-s3-cell,d4-cell-v1,0,0
38,1800000038203750,203750,tail,forward,1,21,256,02:00:00:00:00:02,02:00:00:00:00:01,0x88b5,D4C1,1,1,1,233,18,208,16,defense4-s3-cell,d4-cell-v1,0,0
39,1800000039000000,0,request,forward,0,0,256,02:00:00:00:00:02,02:00:00:00:00:01,0x88b5,D4C1,1,1,1,234,18,208,16,defense4-s3-cell,d4-cell-v1,0,0
39,1800000039000250,250,request,forward,1,1,256,02:00:00:00:00:02,02:00:00:00:00:01,0x88b5,D4C1,1,1,1,235,18,208,16,defense4-s3-cell,d4-cell-v1,0,0
39,1800000039000500,500,request,forward,2,2,256,02:00:00:00:00:02,02:00:00:00:00:01,0x88b5,D4C1,1,1,1,236,18,208,16,defense4-s3-cell,d4-cell-v1,0,0
39,1800000039000750,750,request,forward,3,3,256,02:00:00:00:00:02,02:00:00:00:00:01,0x88b5,D4C1,1,1,1,237,18,208,16,defense4-s3-cell,d4-cell-v1,0,0
39,1800000039001000,1000,ack,reverse,0,4,256,02:00:00:00:00:01,02:00:00:00:00:02,0x88b5,D4C1,1,1,1,624,18,208,16,defense4-s3-cell,d4-cell-v1,0,0
39,1800000039001250,1250,ack,reverse,1,5,256,02:00:00:00:00:01,02:00:00:00:00:02,0x88b5,D4C1,1,1,1,625,18,208,16,defense4-s3-cell,d4-cell-v1,0,0
39,1800000039200000,200000,response,reverse,0,6,256,02:00:00:00:00:01,02:00:00:00:00:02,0x88b5,D4C1,1,1,1,626,18,208,16,defense4-s3-cell,d4-cell-v1,0,0
39,1800000039200250,200250,response,reverse,1,7,256,02:00:00:00:00:01,02:00:00:00:00:02,0x88b5,D4C1,1,1,1,627,18,208,16,defense4-s3-cell,d4-cell-v1,0,0
39,1800000039200500,200500,response,reverse,2,8,256,02:00:00:00:00:01,02:00:00:00:00:02,0x88b5,D4C1,1,1,1,628,18,208,16,defense4-s3-cell,d4-cell-v1,0,0
39,1800000039200750,200750,response,reverse,3,9,256,02:00:00:00:00:01,02:00:00:00:00:02,0x88b5,D4C1,1,1,1,629,18,208,16,defense4-s3-cell,d4-cell-v1,0,0
39,1800000039201000,201000,response,reverse,4,10,256,02:00:00:00:00:01,02:00:00:00:00:02,0x88b5,D4C1,1,1,1,630,18,208,16,defense4-s3-cell,d4-cell-v1,0,0
39,1800000039201250,201250,response,reverse,5,11,256,02:00:00:00:00:01,02:00:00:00:00:02,0x88b5,D4C1,1,1,1,631,18,208,16,defense4-s3-cell,d4-cell-v1,0,0
39,1800000039201500,201500,response,reverse,6,12,256,02:00:00:00:00:01,02:00:00:00:00:02,0x88b5,D4C1,1,1,1,632,18,208,16,defense4-s3-cell,d4-cell-v1,0,0
39,1800000039201750,201750,response,reverse,7,13,256,02:00:00:00:00:01,02:00:00:00:00:02,0x88b5,D4C1,1,1,1,633,18,208,16,defense4-s3-cell,d4-cell-v1,0,0
39,1800000039202000,202000,response,reverse,8,14,256,02:00:00:00:00:01,02:00:00:00:00:02,0x88b5,D4C1,1,1,1,634,18,208,16,defense4-s3-cell,d4-cell-v1,0,0
39,1800000039202250,202250,response,reverse,9,15,256,02:00:00:00:00:01,02:00:00:00:00:02,0x88b5,D4C1,1,1,1,635,18,208,16,defense4-s3-cell,d4-cell-v1,0,0
39,1800000039202500,202500,response,reverse,10,16,256,02:00:00:00:00:01,02:00:00:00:00:02,0x88b5,D4C1,1,1,1,636,18,208,16,defense4-s3-cell,d4-cell-v1,0,0
39,1800000039202750,202750,response,reverse,11,17,256,02:00:00:00:00:01,02:00:00:00:00:02,0x88b5,D4C1,1,1,1,637,18,208,16,defense4-s3-cell,d4-cell-v1,0,0
39,1800000039203000,203000,response,reverse,12,18,256,02:00:00:00:00:01,02:00:00:00:00:02,0x88b5,D4C1,1,1,1,638,18,208,16,defense4-s3-cell,d4-cell-v1,0,0
39,1800000039203250,203250,response,reverse,13,19,256,02:00:00:00:00:01,02:00:00:00:00:02,0x88b5,D4C1,1,1,1,639,18,208,16,defense4-s3-cell,d4-cell-v1,0,0
39,1800000039203500,203500,tail,forward,0,20,256,02:00:00:00:00:02,02:00:00:00:00:01,0x88b5,D4C1,1,1,1,238,18,208,16,defense4-s3-cell,d4-cell-v1,0,0
39,1800000039203750,203750,tail,forward,1,21,256,02:00:00:00:00:02,02:00:00:00:00:01,0x88b5,D4C1,1,1,1,239,18,208,16,defense4-s3-cell,d4-cell-v1,0,0
40,1800000040000000,0,request,forward,0,0,256,02:00:00:00:00:02,02:00:00:00:00:01,0x88b5,D4C1,1,1,1,240,18,208,16,defense4-s3-cell,d4-cell-v1,0,0
40,1800000040000250,250,request,forward,1,1,256,02:00:00:00:00:02,02:00:00:00:00:01,0x88b5,D4C1,1,1,1,241,18,208,16,defense4-s3-cell,d4-cell-v1,0,0
40,1800000040000500,500,request,forward,2,2,256,02:00:00:00:00:02,02:00:00:00:00:01,0x88b5,D4C1,1,1,1,242,18,208,16,defense4-s3-cell,d4-cell-v1,0,0
40,1800000040000750,750,request,forward,3,3,256,02:00:00:00:00:02,02:00:00:00:00:01,0x88b5,D4C1,1,1,1,243,18,208,16,defense4-s3-cell,d4-cell-v1,0,0
40,1800000040001000,1000,ack,reverse,0,4,256,02:00:00:00:00:01,02:00:00:00:00:02,0x88b5,D4C1,1,1,1,640,18,208,16,defense4-s3-cell,d4-cell-v1,0,0
40,1800000040001250,1250,ack,reverse,1,5,256,02:00:00:00:00:01,02:00:00:00:00:02,0x88b5,D4C1,1,1,1,641,18,208,16,defense4-s3-cell,d4-cell-v1,0,0
40,1800000040200000,200000,response,reverse,0,6,256,02:00:00:00:00:01,02:00:00:00:00:02,0x88b5,D4C1,1,1,1,642,18,208,16,defense4-s3-cell,d4-cell-v1,0,0
40,1800000040200250,200250,response,reverse,1,7,256,02:00:00:00:00:01,02:00:00:00:00:02,0x88b5,D4C1,1,1,1,643,18,208,16,defense4-s3-cell,d4-cell-v1,0,0
40,1800000040200500,200500,response,reverse,2,8,256,02:00:00:00:00:01,02:00:00:00:00:02,0x88b5,D4C1,1,1,1,644,18,208,16,defense4-s3-cell,d4-cell-v1,0,0
40,1800000040200750,200750,response,reverse,3,9,256,02:00:00:00:00:01,02:00:00:00:00:02,0x88b5,D4C1,1,1,1,645,18,208,16,defense4-s3-cell,d4-cell-v1,0,0
40,1800000040201000,201000,response,reverse,4,10,256,02:00:00:00:00:01,02:00:00:00:00:02,0x88b5,D4C1,1,1,1,646,18,208,16,defense4-s3-cell,d4-cell-v1,0,0
40,1800000040201250,201250,response,reverse,5,11,256,02:00:00:00:00:01,02:00:00:00:00:02,0x88b5,D4C1,1,1,1,647,18,208,16,defense4-s3-cell,d4-cell-v1,0,0
40,1800000040201500,201500,response,reverse,6,12,256,02:00:00:00:00:01,02:00:00:00:00:02,0x88b5,D4C1,1,1,1,648,18,208,16,defense4-s3-cell,d4-cell-v1,0,0
40,1800000040201750,201750,response,reverse,7,13,256,02:00:00:00:00:01,02:00:00:00:00:02,0x88b5,D4C1,1,1,1,649,18,208,16,defense4-s3-cell,d4-cell-v1,0,0
40,1800000040202000,202000,response,reverse,8,14,256,02:00:00:00:00:01,02:00:00:00:00:02,0x88b5,D4C1,1,1,1,650,18,208,16,defense4-s3-cell,d4-cell-v1,0,0
40,1800000040202250,202250,response,reverse,9,15,256,02:00:00:00:00:01,02:00:00:00:00:02,0x88b5,D4C1,1,1,1,651,18,208,16,defense4-s3-cell,d4-cell-v1,0,0
40,1800000040202500,202500,response,reverse,10,16,256,02:00:00:00:00:01,02:00:00:00:00:02,0x88b5,D4C1,1,1,1,652,18,208,16,defense4-s3-cell,d4-cell-v1,0,0
40,1800000040202750,202750,response,reverse,11,17,256,02:00:00:00:00:01,02:00:00:00:00:02,0x88b5,D4C1,1,1,1,653,18,208,16,defense4-s3-cell,d4-cell-v1,0,0
40,1800000040203000,203000,response,reverse,12,18,256,02:00:00:00:00:01,02:00:00:00:00:02,0x88b5,D4C1,1,1,1,654,18,208,16,defense4-s3-cell,d4-cell-v1,0,0
40,1800000040203250,203250,response,reverse,13,19,256,02:00:00:00:00:01,02:00:00:00:00:02,0x88b5,D4C1,1,1,1,655,18,208,16,defense4-s3-cell,d4-cell-v1,0,0
40,1800000040203500,203500,tail,forward,0,20,256,02:00:00:00:00:02,02:00:00:00:00:01,0x88b5,D4C1,1,1,1,244,18,208,16,defense4-s3-cell,d4-cell-v1,0,0
40,1800000040203750,203750,tail,forward,1,21,256,02:00:00:00:00:02,02:00:00:00:00:01,0x88b5,D4C1,1,1,1,245,18,208,16,defense4-s3-cell,d4-cell-v1,0,0
41,1800000041000000,0,request,forward,0,0,256,02:00:00:00:00:02,02:00:00:00:00:01,0x88b5,D4C1,1,1,1,246,18,208,16,defense4-s3-cell,d4-cell-v1,0,0
41,1800000041000250,250,request,forward,1,1,256,02:00:00:00:00:02,02:00:00:00:00:01,0x88b5,D4C1,1,1,1,247,18,208,16,defense4-s3-cell,d4-cell-v1,0,0
41,1800000041000500,500,request,forward,2,2,256,02:00:00:00:00:02,02:00:00:00:00:01,0x88b5,D4C1,1,1,1,248,18,208,16,defense4-s3-cell,d4-cell-v1,0,0
41,1800000041000750,750,request,forward,3,3,256,02:00:00:00:00:02,02:00:00:00:00:01,0x88b5,D4C1,1,1,1,249,18,208,16,defense4-s3-cell,d4-cell-v1,0,0
41,1800000041001000,1000,ack,reverse,0,4,256,02:00:00:00:00:01,02:00:00:00:00:02,0x88b5,D4C1,1,1,1,656,18,208,16,defense4-s3-cell,d4-cell-v1,0,0
41,1800000041001250,1250,ack,reverse,1,5,256,02:00:00:00:00:01,02:00:00:00:00:02,0x88b5,D4C1,1,1,1,657,18,208,16,defense4-s3-cell,d4-cell-v1,0,0
41,1800000041200000,200000,response,reverse,0,6,256,02:00:00:00:00:01,02:00:00:00:00:02,0x88b5,D4C1,1,1,1,658,18,208,16,defense4-s3-cell,d4-cell-v1,0,0
41,1800000041200250,200250,response,reverse,1,7,256,02:00:00:00:00:01,02:00:00:00:00:02,0x88b5,D4C1,1,1,1,659,18,208,16,defense4-s3-cell,d4-cell-v1,0,0
41,1800000041200500,200500,response,reverse,2,8,256,02:00:00:00:00:01,02:00:00:00:00:02,0x88b5,D4C1,1,1,1,660,18,208,16,defense4-s3-cell,d4-cell-v1,0,0
41,1800000041200750,200750,response,reverse,3,9,256,02:00:00:00:00:01,02:00:00:00:00:02,0x88b5,D4C1,1,1,1,661,18,208,16,defense4-s3-cell,d4-cell-v1,0,0
41,1800000041201000,201000,response,reverse,4,10,256,02:00:00:00:00:01,02:00:00:00:00:02,0x88b5,D4C1,1,1,1,662,18,208,16,defense4-s3-cell,d4-cell-v1,0,0
41,1800000041201250,201250,response,reverse,5,11,256,02:00:00:00:00:01,02:00:00:00:00:02,0x88b5,D4C1,1,1,1,663,18,208,16,defense4-s3-cell,d4-cell-v1,0,0
41,1800000041201500,201500,response,reverse,6,12,256,02:00:00:00:00:01,02:00:00:00:00:02,0x88b5,D4C1,1,1,1,664,18,208,16,defense4-s3-cell,d4-cell-v1,0,0
41,1800000041201750,201750,response,reverse,7,13,256,02:00:00:00:00:01,02:00:00:00:00:02,0x88b5,D4C1,1,1,1,665,18,208,16,defense4-s3-cell,d4-cell-v1,0,0
41,1800000041202000,202000,response,reverse,8,14,256,02:00:00:00:00:01,02:00:00:00:00:02,0x88b5,D4C1,1,1,1,666,18,208,16,defense4-s3-cell,d4-cell-v1,0,0
41,1800000041202250,202250,response,reverse,9,15,256,02:00:00:00:00:01,02:00:00:00:00:02,0x88b5,D4C1,1,1,1,667,18,208,16,defense4-s3-cell,d4-cell-v1,0,0
41,1800000041202500,202500,response,reverse,10,16,256,02:00:00:00:00:01,02:00:00:00:00:02,0x88b5,D4C1,1,1,1,668,18,208,16,defense4-s3-cell,d4-cell-v1,0,0
41,1800000041202750,202750,response,reverse,11,17,256,02:00:00:00:00:01,02:00:00:00:00:02,0x88b5,D4C1,1,1,1,669,18,208,16,defense4-s3-cell,d4-cell-v1,0,0
41,1800000041203000,203000,response,reverse,12,18,256,02:00:00:00:00:01,02:00:00:00:00:02,0x88b5,D4C1,1,1,1,670,18,208,16,defense4-s3-cell,d4-cell-v1,0,0
41,1800000041203250,203250,response,reverse,13,19,256,02:00:00:00:00:01,02:00:00:00:00:02,0x88b5,D4C1,1,1,1,671,18,208,16,defense4-s3-cell,d4-cell-v1,0,0
41,1800000041203500,203500,tail,forward,0,20,256,02:00:00:00:00:02,02:00:00:00:00:01,0x88b5,D4C1,1,1,1,250,18,208,16,defense4-s3-cell,d4-cell-v1,0,0
41,1800000041203750,203750,tail,forward,1,21,256,02:00:00:00:00:02,02:00:00:00:00:01,0x88b5,D4C1,1,1,1,251,18,208,16,defense4-s3-cell,d4-cell-v1,0,0
42,1800000042000000,0,request,forward,0,0,256,02:00:00:00:00:02,02:00:00:00:00:01,0x88b5,D4C1,1,1,1,252,18,208,16,defense4-s3-cell,d4-cell-v1,0,0
42,1800000042000250,250,request,forward,1,1,256,02:00:00:00:00:02,02:00:00:00:00:01,0x88b5,D4C1,1,1,1,253,18,208,16,defense4-s3-cell,d4-cell-v1,0,0
42,1800000042000500,500,request,forward,2,2,256,02:00:00:00:00:02,02:00:00:00:00:01,0x88b5,D4C1,1,1,1,254,18,208,16,defense4-s3-cell,d4-cell-v1,0,0
42,1800000042000750,750,request,forward,3,3,256,02:00:00:00:00:02,02:00:00:00:00:01,0x88b5,D4C1,1,1,1,255,18,208,16,defense4-s3-cell,d4-cell-v1,0,0
42,1800000042001000,1000,ack,reverse,0,4,256,02:00:00:00:00:01,02:00:00:00:00:02,0x88b5,D4C1,1,1,1,672,18,208,16,defense4-s3-cell,d4-cell-v1,0,0
42,1800000042001250,1250,ack,reverse,1,5,256,02:00:00:00:00:01,02:00:00:00:00:02,0x88b5,D4C1,1,1,1,673,18,208,16,defense4-s3-cell,d4-cell-v1,0,0
42,1800000042200000,200000,response,reverse,0,6,256,02:00:00:00:00:01,02:00:00:00:00:02,0x88b5,D4C1,1,1,1,674,18,208,16,defense4-s3-cell,d4-cell-v1,0,0
42,1800000042200250,200250,response,reverse,1,7,256,02:00:00:00:00:01,02:00:00:00:00:02,0x88b5,D4C1,1,1,1,675,18,208,16,defense4-s3-cell,d4-cell-v1,0,0
42,1800000042200500,200500,response,reverse,2,8,256,02:00:00:00:00:01,02:00:00:00:00:02,0x88b5,D4C1,1,1,1,676,18,208,16,defense4-s3-cell,d4-cell-v1,0,0
42,1800000042200750,200750,response,reverse,3,9,256,02:00:00:00:00:01,02:00:00:00:00:02,0x88b5,D4C1,1,1,1,677,18,208,16,defense4-s3-cell,d4-cell-v1,0,0
42,1800000042201000,201000,response,reverse,4,10,256,02:00:00:00:00:01,02:00:00:00:00:02,0x88b5,D4C1,1,1,1,678,18,208,16,defense4-s3-cell,d4-cell-v1,0,0
42,1800000042201250,201250,response,reverse,5,11,256,02:00:00:00:00:01,02:00:00:00:00:02,0x88b5,D4C1,1,1,1,679,18,208,16,defense4-s3-cell,d4-cell-v1,0,0
42,1800000042201500,201500,response,reverse,6,12,256,02:00:00:00:00:01,02:00:00:00:00:02,0x88b5,D4C1,1,1,1,680,18,208,16,defense4-s3-cell,d4-cell-v1,0,0
42,1800000042201750,201750,response,reverse,7,13,256,02:00:00:00:00:01,02:00:00:00:00:02,0x88b5,D4C1,1,1,1,681,18,208,16,defense4-s3-cell,d4-cell-v1,0,0
42,1800000042202000,202000,response,reverse,8,14,256,02:00:00:00:00:01,02:00:00:00:00:02,0x88b5,D4C1,1,1,1,682,18,208,16,defense4-s3-cell,d4-cell-v1,0,0
42,1800000042202250,202250,response,reverse,9,15,256,02:00:00:00:00:01,02:00:00:00:00:02,0x88b5,D4C1,1,1,1,683,18,208,16,defense4-s3-cell,d4-cell-v1,0,0
42,1800000042202500,202500,response,reverse,10,16,256,02:00:00:00:00:01,02:00:00:00:00:02,0x88b5,D4C1,1,1,1,684,18,208,16,defense4-s3-cell,d4-cell-v1,0,0
42,1800000042202750,202750,response,reverse,11,17,256,02:00:00:00:00:01,02:00:00:00:00:02,0x88b5,D4C1,1,1,1,685,18,208,16,defense4-s3-cell,d4-cell-v1,0,0
42,1800000042203000,203000,response,reverse,12,18,256,02:00:00:00:00:01,02:00:00:00:00:02,0x88b5,D4C1,1,1,1,686,18,208,16,defense4-s3-cell,d4-cell-v1,0,0
42,1800000042203250,203250,response,reverse,13,19,256,02:00:00:00:00:01,02:00:00:00:00:02,0x88b5,D4C1,1,1,1,687,18,208,16,defense4-s3-cell,d4-cell-v1,0,0
42,1800000042203500,203500,tail,forward,0,20,256,02:00:00:00:00:02,02:00:00:00:00:01,0x88b5,D4C1,1,1,1,256,18,208,16,defense4-s3-cell,d4-cell-v1,0,0
42,1800000042203750,203750,tail,forward,1,21,256,02:00:00:00:00:02,02:00:00:00:00:01,0x88b5,D4C1,1,1,1,257,18,208,16,defense4-s3-cell,d4-cell-v1,0,0
43,1800000043000000,0,request,forward,0,0,256,02:00:00:00:00:02,02:00:00:00:00:01,0x88b5,D4C1,1,1,1,258,18,208,16,defense4-s3-cell,d4-cell-v1,0,0
43,1800000043000250,250,request,forward,1,1,256,02:00:00:00:00:02,02:00:00:00:00:01,0x88b5,D4C1,1,1,1,259,18,208,16,defense4-s3-cell,d4-cell-v1,0,0
43,1800000043000500,500,request,forward,2,2,256,02:00:00:00:00:02,02:00:00:00:00:01,0x88b5,D4C1,1,1,1,260,18,208,16,defense4-s3-cell,d4-cell-v1,0,0
43,1800000043000750,750,request,forward,3,3,256,02:00:00:00:00:02,02:00:00:00:00:01,0x88b5,D4C1,1,1,1,261,18,208,16,defense4-s3-cell,d4-cell-v1,0,0
43,1800000043001000,1000,ack,reverse,0,4,256,02:00:00:00:00:01,02:00:00:00:00:02,0x88b5,D4C1,1,1,1,688,18,208,16,defense4-s3-cell,d4-cell-v1,0,0
43,1800000043001250,1250,ack,reverse,1,5,256,02:00:00:00:00:01,02:00:00:00:00:02,0x88b5,D4C1,1,1,1,689,18,208,16,defense4-s3-cell,d4-cell-v1,0,0
43,1800000043200000,200000,response,reverse,0,6,256,02:00:00:00:00:01,02:00:00:00:00:02,0x88b5,D4C1,1,1,1,690,18,208,16,defense4-s3-cell,d4-cell-v1,0,0
43,1800000043200250,200250,response,reverse,1,7,256,02:00:00:00:00:01,02:00:00:00:00:02,0x88b5,D4C1,1,1,1,691,18,208,16,defense4-s3-cell,d4-cell-v1,0,0
43,1800000043200500,200500,response,reverse,2,8,256,02:00:00:00:00:01,02:00:00:00:00:02,0x88b5,D4C1,1,1,1,692,18,208,16,defense4-s3-cell,d4-cell-v1,0,0
43,1800000043200750,200750,response,reverse,3,9,256,02:00:00:00:00:01,02:00:00:00:00:02,0x88b5,D4C1,1,1,1,693,18,208,16,defense4-s3-cell,d4-cell-v1,0,0
43,1800000043201000,201000,response,reverse,4,10,256,02:00:00:00:00:01,02:00:00:00:00:02,0x88b5,D4C1,1,1,1,694,18,208,16,defense4-s3-cell,d4-cell-v1,0,0
43,1800000043201250,201250,response,reverse,5,11,256,02:00:00:00:00:01,02:00:00:00:00:02,0x88b5,D4C1,1,1,1,695,18,208,16,defense4-s3-cell,d4-cell-v1,0,0
43,1800000043201500,201500,response,reverse,6,12,256,02:00:00:00:00:01,02:00:00:00:00:02,0x88b5,D4C1,1,1,1,696,18,208,16,defense4-s3-cell,d4-cell-v1,0,0
43,1800000043201750,201750,response,reverse,7,13,256,02:00:00:00:00:01,02:00:00:00:00:02,0x88b5,D4C1,1,1,1,697,18,208,16,defense4-s3-cell,d4-cell-v1,0,0
43,1800000043202000,202000,response,reverse,8,14,256,02:00:00:00:00:01,02:00:00:00:00:02,0x88b5,D4C1,1,1,1,698,18,208,16,defense4-s3-cell,d4-cell-v1,0,0
43,1800000043202250,202250,response,reverse,9,15,256,02:00:00:00:00:01,02:00:00:00:00:02,0x88b5,D4C1,1,1,1,699,18,208,16,defense4-s3-cell,d4-cell-v1,0,0
43,1800000043202500,202500,response,reverse,10,16,256,02:00:00:00:00:01,02:00:00:00:00:02,0x88b5,D4C1,1,1,1,700,18,208,16,defense4-s3-cell,d4-cell-v1,0,0
43,1800000043202750,202750,response,reverse,11,17,256,02:00:00:00:00:01,02:00:00:00:00:02,0x88b5,D4C1,1,1,1,701,18,208,16,defense4-s3-cell,d4-cell-v1,0,0
43,1800000043203000,203000,response,reverse,12,18,256,02:00:00:00:00:01,02:00:00:00:00:02,0x88b5,D4C1,1,1,1,702,18,208,16,defense4-s3-cell,d4-cell-v1,0,0
43,1800000043203250,203250,response,reverse,13,19,256,02:00:00:00:00:01,02:00:00:00:00:02,0x88b5,D4C1,1,1,1,703,18,208,16,defense4-s3-cell,d4-cell-v1,0,0
43,1800000043203500,203500,tail,forward,0,20,256,02:00:00:00:00:02,02:00:00:00:00:01,0x88b5,D4C1,1,1,1,262,18,208,16,defense4-s3-cell,d4-cell-v1,0,0
43,1800000043203750,203750,tail,forward,1,21,256,02:00:00:00:00:02,02:00:00:00:00:01,0x88b5,D4C1,1,1,1,263,18,208,16,defense4-s3-cell,d4-cell-v1,0,0
44,1800000044000000,0,request,forward,0,0,256,02:00:00:00:00:02,02:00:00:00:00:01,0x88b5,D4C1,1,1,1,264,18,208,16,defense4-s3-cell,d4-cell-v1,0,0
44,1800000044000250,250,request,forward,1,1,256,02:00:00:00:00:02,02:00:00:00:00:01,0x88b5,D4C1,1,1,1,265,18,208,16,defense4-s3-cell,d4-cell-v1,0,0
44,1800000044000500,500,request,forward,2,2,256,02:00:00:00:00:02,02:00:00:00:00:01,0x88b5,D4C1,1,1,1,266,18,208,16,defense4-s3-cell,d4-cell-v1,0,0
44,1800000044000750,750,request,forward,3,3,256,02:00:00:00:00:02,02:00:00:00:00:01,0x88b5,D4C1,1,1,1,267,18,208,16,defense4-s3-cell,d4-cell-v1,0,0
44,1800000044001000,1000,ack,reverse,0,4,256,02:00:00:00:00:01,02:00:00:00:00:02,0x88b5,D4C1,1,1,1,704,18,208,16,defense4-s3-cell,d4-cell-v1,0,0
44,1800000044001250,1250,ack,reverse,1,5,256,02:00:00:00:00:01,02:00:00:00:00:02,0x88b5,D4C1,1,1,1,705,18,208,16,defense4-s3-cell,d4-cell-v1,0,0
44,1800000044200000,200000,response,reverse,0,6,256,02:00:00:00:00:01,02:00:00:00:00:02,0x88b5,D4C1,1,1,1,706,18,208,16,defense4-s3-cell,d4-cell-v1,0,0
44,1800000044200250,200250,response,reverse,1,7,256,02:00:00:00:00:01,02:00:00:00:00:02,0x88b5,D4C1,1,1,1,707,18,208,16,defense4-s3-cell,d4-cell-v1,0,0
44,1800000044200500,200500,response,reverse,2,8,256,02:00:00:00:00:01,02:00:00:00:00:02,0x88b5,D4C1,1,1,1,708,18,208,16,defense4-s3-cell,d4-cell-v1,0,0
44,1800000044200750,200750,response,reverse,3,9,256,02:00:00:00:00:01,02:00:00:00:00:02,0x88b5,D4C1,1,1,1,709,18,208,16,defense4-s3-cell,d4-cell-v1,0,0
44,1800000044201000,201000,response,reverse,4,10,256,02:00:00:00:00:01,02:00:00:00:00:02,0x88b5,D4C1,1,1,1,710,18,208,16,defense4-s3-cell,d4-cell-v1,0,0
44,1800000044201250,201250,response,reverse,5,11,256,02:00:00:00:00:01,02:00:00:00:00:02,0x88b5,D4C1,1,1,1,711,18,208,16,defense4-s3-cell,d4-cell-v1,0,0
44,1800000044201500,201500,response,reverse,6,12,256,02:00:00:00:00:01,02:00:00:00:00:02,0x88b5,D4C1,1,1,1,712,18,208,16,defense4-s3-cell,d4-cell-v1,0,0
44,1800000044201750,201750,response,reverse,7,13,256,02:00:00:00:00:01,02:00:00:00:00:02,0x88b5,D4C1,1,1,1,713,18,208,16,defense4-s3-cell,d4-cell-v1,0,0
44,1800000044202000,202000,response,reverse,8,14,256,02:00:00:00:00:01,02:00:00:00:00:02,0x88b5,D4C1,1,1,1,714,18,208,16,defense4-s3-cell,d4-cell-v1,0,0
44,1800000044202250,202250,response,reverse,9,15,256,02:00:00:00:00:01,02:00:00:00:00:02,0x88b5,D4C1,1,1,1,715,18,208,16,defense4-s3-cell,d4-cell-v1,0,0
44,1800000044202500,202500,response,reverse,10,16,256,02:00:00:00:00:01,02:00:00:00:00:02,0x88b5,D4C1,1,1,1,716,18,208,16,defense4-s3-cell,d4-cell-v1,0,0
44,1800000044202750,202750,response,reverse,11,17,256,02:00:00:00:00:01,02:00:00:00:00:02,0x88b5,D4C1,1,1,1,717,18,208,16,defense4-s3-cell,d4-cell-v1,0,0
44,1800000044203000,203000,response,reverse,12,18,256,02:00:00:00:00:01,02:00:00:00:00:02,0x88b5,D4C1,1,1,1,718,18,208,16,defense4-s3-cell,d4-cell-v1,0,0
44,1800000044203250,203250,response,reverse,13,19,256,02:00:00:00:00:01,02:00:00:00:00:02,0x88b5,D4C1,1,1,1,719,18,208,16,defense4-s3-cell,d4-cell-v1,0,0
44,1800000044203500,203500,tail,forward,0,20,256,02:00:00:00:00:02,02:00:00:00:00:01,0x88b5,D4C1,1,1,1,268,18,208,16,defense4-s3-cell,d4-cell-v1,0,0
44,1800000044203750,203750,tail,forward,1,21,256,02:00:00:00:00:02,02:00:00:00:00:01,0x88b5,D4C1,1,1,1,269,18,208,16,defense4-s3-cell,d4-cell-v1,0,0
45,1800000045000000,0,request,forward,0,0,256,02:00:00:00:00:02,02:00:00:00:00:01,0x88b5,D4C1,1,1,1,270,18,208,16,defense4-s3-cell,d4-cell-v1,0,0
45,1800000045000250,250,request,forward,1,1,256,02:00:00:00:00:02,02:00:00:00:00:01,0x88b5,D4C1,1,1,1,271,18,208,16,defense4-s3-cell,d4-cell-v1,0,0
45,1800000045000500,500,request,forward,2,2,256,02:00:00:00:00:02,02:00:00:00:00:01,0x88b5,D4C1,1,1,1,272,18,208,16,defense4-s3-cell,d4-cell-v1,0,0
45,1800000045000750,750,request,forward,3,3,256,02:00:00:00:00:02,02:00:00:00:00:01,0x88b5,D4C1,1,1,1,273,18,208,16,defense4-s3-cell,d4-cell-v1,0,0
45,1800000045001000,1000,ack,reverse,0,4,256,02:00:00:00:00:01,02:00:00:00:00:02,0x88b5,D4C1,1,1,1,720,18,208,16,defense4-s3-cell,d4-cell-v1,0,0
45,1800000045001250,1250,ack,reverse,1,5,256,02:00:00:00:00:01,02:00:00:00:00:02,0x88b5,D4C1,1,1,1,721,18,208,16,defense4-s3-cell,d4-cell-v1,0,0
45,1800000045200000,200000,response,reverse,0,6,256,02:00:00:00:00:01,02:00:00:00:00:02,0x88b5,D4C1,1,1,1,722,18,208,16,defense4-s3-cell,d4-cell-v1,0,0
45,1800000045200250,200250,response,reverse,1,7,256,02:00:00:00:00:01,02:00:00:00:00:02,0x88b5,D4C1,1,1,1,723,18,208,16,defense4-s3-cell,d4-cell-v1,0,0
45,1800000045200500,200500,response,reverse,2,8,256,02:00:00:00:00:01,02:00:00:00:00:02,0x88b5,D4C1,1,1,1,724,18,208,16,defense4-s3-cell,d4-cell-v1,0,0
45,1800000045200750,200750,response,reverse,3,9,256,02:00:00:00:00:01,02:00:00:00:00:02,0x88b5,D4C1,1,1,1,725,18,208,16,defense4-s3-cell,d4-cell-v1,0,0
45,1800000045201000,201000,response,reverse,4,10,256,02:00:00:00:00:01,02:00:00:00:00:02,0x88b5,D4C1,1,1,1,726,18,208,16,defense4-s3-cell,d4-cell-v1,0,0
45,1800000045201250,201250,response,reverse,5,11,256,02:00:00:00:00:01,02:00:00:00:00:02,0x88b5,D4C1,1,1,1,727,18,208,16,defense4-s3-cell,d4-cell-v1,0,0
45,1800000045201500,201500,response,reverse,6,12,256,02:00:00:00:00:01,02:00:00:00:00:02,0x88b5,D4C1,1,1,1,728,18,208,16,defense4-s3-cell,d4-cell-v1,0,0
45,1800000045201750,201750,response,reverse,7,13,256,02:00:00:00:00:01,02:00:00:00:00:02,0x88b5,D4C1,1,1,1,729,18,208,16,defense4-s3-cell,d4-cell-v1,0,0
45,1800000045202000,202000,response,reverse,8,14,256,02:00:00:00:00:01,02:00:00:00:00:02,0x88b5,D4C1,1,1,1,730,18,208,16,defense4-s3-cell,d4-cell-v1,0,0
45,1800000045202250,202250,response,reverse,9,15,256,02:00:00:00:00:01,02:00:00:00:00:02,0x88b5,D4C1,1,1,1,731,18,208,16,defense4-s3-cell,d4-cell-v1,0,0
45,1800000045202500,202500,response,reverse,10,16,256,02:00:00:00:00:01,02:00:00:00:00:02,0x88b5,D4C1,1,1,1,732,18,208,16,defense4-s3-cell,d4-cell-v1,0,0
45,1800000045202750,202750,response,reverse,11,17,256,02:00:00:00:00:01,02:00:00:00:00:02,0x88b5,D4C1,1,1,1,733,18,208,16,defense4-s3-cell,d4-cell-v1,0,0
45,1800000045203000,203000,response,reverse,12,18,256,02:00:00:00:00:01,02:00:00:00:00:02,0x88b5,D4C1,1,1,1,734,18,208,16,defense4-s3-cell,d4-cell-v1,0,0
45,1800000045203250,203250,response,reverse,13,19,256,02:00:00:00:00:01,02:00:00:00:00:02,0x88b5,D4C1,1,1,1,735,18,208,16,defense4-s3-cell,d4-cell-v1,0,0
45,1800000045203500,203500,tail,forward,0,20,256,02:00:00:00:00:02,02:00:00:00:00:01,0x88b5,D4C1,1,1,1,274,18,208,16,defense4-s3-cell,d4-cell-v1,0,0
45,1800000045203750,203750,tail,forward,1,21,256,02:00:00:00:00:02,02:00:00:00:00:01,0x88b5,D4C1,1,1,1,275,18,208,16,defense4-s3-cell,d4-cell-v1,0,0
46,1800000046000000,0,request,forward,0,0,256,02:00:00:00:00:02,02:00:00:00:00:01,0x88b5,D4C1,1,1,1,276,18,208,16,defense4-s3-cell,d4-cell-v1,0,0
46,1800000046000250,250,request,forward,1,1,256,02:00:00:00:00:02,02:00:00:00:00:01,0x88b5,D4C1,1,1,1,277,18,208,16,defense4-s3-cell,d4-cell-v1,0,0
46,1800000046000500,500,request,forward,2,2,256,02:00:00:00:00:02,02:00:00:00:00:01,0x88b5,D4C1,1,1,1,278,18,208,16,defense4-s3-cell,d4-cell-v1,0,0
46,1800000046000750,750,request,forward,3,3,256,02:00:00:00:00:02,02:00:00:00:00:01,0x88b5,D4C1,1,1,1,279,18,208,16,defense4-s3-cell,d4-cell-v1,0,0
46,1800000046001000,1000,ack,reverse,0,4,256,02:00:00:00:00:01,02:00:00:00:00:02,0x88b5,D4C1,1,1,1,736,18,208,16,defense4-s3-cell,d4-cell-v1,0,0
46,1800000046001250,1250,ack,reverse,1,5,256,02:00:00:00:00:01,02:00:00:00:00:02,0x88b5,D4C1,1,1,1,737,18,208,16,defense4-s3-cell,d4-cell-v1,0,0
46,1800000046200000,200000,response,reverse,0,6,256,02:00:00:00:00:01,02:00:00:00:00:02,0x88b5,D4C1,1,1,1,738,18,208,16,defense4-s3-cell,d4-cell-v1,0,0
46,1800000046200250,200250,response,reverse,1,7,256,02:00:00:00:00:01,02:00:00:00:00:02,0x88b5,D4C1,1,1,1,739,18,208,16,defense4-s3-cell,d4-cell-v1,0,0
46,1800000046200500,200500,response,reverse,2,8,256,02:00:00:00:00:01,02:00:00:00:00:02,0x88b5,D4C1,1,1,1,740,18,208,16,defense4-s3-cell,d4-cell-v1,0,0
46,1800000046200750,200750,response,reverse,3,9,256,02:00:00:00:00:01,02:00:00:00:00:02,0x88b5,D4C1,1,1,1,741,18,208,16,defense4-s3-cell,d4-cell-v1,0,0
46,1800000046201000,201000,response,reverse,4,10,256,02:00:00:00:00:01,02:00:00:00:00:02,0x88b5,D4C1,1,1,1,742,18,208,16,defense4-s3-cell,d4-cell-v1,0,0
46,1800000046201250,201250,response,reverse,5,11,256,02:00:00:00:00:01,02:00:00:00:00:02,0x88b5,D4C1,1,1,1,743,18,208,16,defense4-s3-cell,d4-cell-v1,0,0
46,1800000046201500,201500,response,reverse,6,12,256,02:00:00:00:00:01,02:00:00:00:00:02,0x88b5,D4C1,1,1,1,744,18,208,16,defense4-s3-cell,d4-cell-v1,0,0
46,1800000046201750,201750,response,reverse,7,13,256,02:00:00:00:00:01,02:00:00:00:00:02,0x88b5,D4C1,1,1,1,745,18,208,16,defense4-s3-cell,d4-cell-v1,0,0
46,1800000046202000,202000,response,reverse,8,14,256,02:00:00:00:00:01,02:00:00:00:00:02,0x88b5,D4C1,1,1,1,746,18,208,16,defense4-s3-cell,d4-cell-v1,0,0
46,1800000046202250,202250,response,reverse,9,15,256,02:00:00:00:00:01,02:00:00:00:00:02,0x88b5,D4C1,1,1,1,747,18,208,16,defense4-s3-cell,d4-cell-v1,0,0
46,1800000046202500,202500,response,reverse,10,16,256,02:00:00:00:00:01,02:00:00:00:00:02,0x88b5,D4C1,1,1,1,748,18,208,16,defense4-s3-cell,d4-cell-v1,0,0
46,1800000046202750,202750,response,reverse,11,17,256,02:00:00:00:00:01,02:00:00:00:00:02,0x88b5,D4C1,1,1,1,749,18,208,16,defense4-s3-cell,d4-cell-v1,0,0
46,1800000046203000,203000,response,reverse,12,18,256,02:00:00:00:00:01,02:00:00:00:00:02,0x88b5,D4C1,1,1,1,750,18,208,16,defense4-s3-cell,d4-cell-v1,0,0
46,1800000046203250,203250,response,reverse,13,19,256,02:00:00:00:00:01,02:00:00:00:00:02,0x88b5,D4C1,1,1,1,751,18,208,16,defense4-s3-cell,d4-cell-v1,0,0
46,1800000046203500,203500,tail,forward,0,20,256,02:00:00:00:00:02,02:00:00:00:00:01,0x88b5,D4C1,1,1,1,280,18,208,16,defense4-s3-cell,d4-cell-v1,0,0
46,1800000046203750,203750,tail,forward,1,21,256,02:00:00:00:00:02,02:00:00:00:00:01,0x88b5,D4C1,1,1,1,281,18,208,16,defense4-s3-cell,d4-cell-v1,0,0
47,1800000047000000,0,request,forward,0,0,256,02:00:00:00:00:02,02:00:00:00:00:01,0x88b5,D4C1,1,1,1,282,18,208,16,defense4-s3-cell,d4-cell-v1,0,0
47,1800000047000250,250,request,forward,1,1,256,02:00:00:00:00:02,02:00:00:00:00:01,0x88b5,D4C1,1,1,1,283,18,208,16,defense4-s3-cell,d4-cell-v1,0,0
47,1800000047000500,500,request,forward,2,2,256,02:00:00:00:00:02,02:00:00:00:00:01,0x88b5,D4C1,1,1,1,284,18,208,16,defense4-s3-cell,d4-cell-v1,0,0
47,1800000047000750,750,request,forward,3,3,256,02:00:00:00:00:02,02:00:00:00:00:01,0x88b5,D4C1,1,1,1,285,18,208,16,defense4-s3-cell,d4-cell-v1,0,0
47,1800000047001000,1000,ack,reverse,0,4,256,02:00:00:00:00:01,02:00:00:00:00:02,0x88b5,D4C1,1,1,1,752,18,208,16,defense4-s3-cell,d4-cell-v1,0,0
47,1800000047001250,1250,ack,reverse,1,5,256,02:00:00:00:00:01,02:00:00:00:00:02,0x88b5,D4C1,1,1,1,753,18,208,16,defense4-s3-cell,d4-cell-v1,0,0
47,1800000047200000,200000,response,reverse,0,6,256,02:00:00:00:00:01,02:00:00:00:00:02,0x88b5,D4C1,1,1,1,754,18,208,16,defense4-s3-cell,d4-cell-v1,0,0
47,1800000047200250,200250,response,reverse,1,7,256,02:00:00:00:00:01,02:00:00:00:00:02,0x88b5,D4C1,1,1,1,755,18,208,16,defense4-s3-cell,d4-cell-v1,0,0
47,1800000047200500,200500,response,reverse,2,8,256,02:00:00:00:00:01,02:00:00:00:00:02,0x88b5,D4C1,1,1,1,756,18,208,16,defense4-s3-cell,d4-cell-v1,0,0
47,1800000047200750,200750,response,reverse,3,9,256,02:00:00:00:00:01,02:00:00:00:00:02,0x88b5,D4C1,1,1,1,757,18,208,16,defense4-s3-cell,d4-cell-v1,0,0
47,1800000047201000,201000,response,reverse,4,10,256,02:00:00:00:00:01,02:00:00:00:00:02,0x88b5,D4C1,1,1,1,758,18,208,16,defense4-s3-cell,d4-cell-v1,0,0
47,1800000047201250,201250,response,reverse,5,11,256,02:00:00:00:00:01,02:00:00:00:00:02,0x88b5,D4C1,1,1,1,759,18,208,16,defense4-s3-cell,d4-cell-v1,0,0
47,1800000047201500,201500,response,reverse,6,12,256,02:00:00:00:00:01,02:00:00:00:00:02,0x88b5,D4C1,1,1,1,760,18,208,16,defense4-s3-cell,d4-cell-v1,0,0
47,1800000047201750,201750,response,reverse,7,13,256,02:00:00:00:00:01,02:00:00:00:00:02,0x88b5,D4C1,1,1,1,761,18,208,16,defense4-s3-cell,d4-cell-v1,0,0
47,1800000047202000,202000,response,reverse,8,14,256,02:00:00:00:00:01,02:00:00:00:00:02,0x88b5,D4C1,1,1,1,762,18,208,16,defense4-s3-cell,d4-cell-v1,0,0
47,1800000047202250,202250,response,reverse,9,15,256,02:00:00:00:00:01,02:00:00:00:00:02,0x88b5,D4C1,1,1,1,763,18,208,16,defense4-s3-cell,d4-cell-v1,0,0
47,1800000047202500,202500,response,reverse,10,16,256,02:00:00:00:00:01,02:00:00:00:00:02,0x88b5,D4C1,1,1,1,764,18,208,16,defense4-s3-cell,d4-cell-v1,0,0
47,1800000047202750,202750,response,reverse,11,17,256,02:00:00:00:00:01,02:00:00:00:00:02,0x88b5,D4C1,1,1,1,765,18,208,16,defense4-s3-cell,d4-cell-v1,0,0
47,1800000047203000,203000,response,reverse,12,18,256,02:00:00:00:00:01,02:00:00:00:00:02,0x88b5,D4C1,1,1,1,766,18,208,16,defense4-s3-cell,d4-cell-v1,0,0
47,1800000047203250,203250,response,reverse,13,19,256,02:00:00:00:00:01,02:00:00:00:00:02,0x88b5,D4C1,1,1,1,767,18,208,16,defense4-s3-cell,d4-cell-v1,0,0
47,1800000047203500,203500,tail,forward,0,20,256,02:00:00:00:00:02,02:00:00:00:00:01,0x88b5,D4C1,1,1,1,286,18,208,16,defense4-s3-cell,d4-cell-v1,0,0
47,1800000047203750,203750,tail,forward,1,21,256,02:00:00:00:00:02,02:00:00:00:00:01,0x88b5,D4C1,1,1,1,287,18,208,16,defense4-s3-cell,d4-cell-v1,0,0
48,1800000048000000,0,request,forward,0,0,256,02:00:00:00:00:02,02:00:00:00:00:01,0x88b5,D4C1,1,1,1,288,18,208,16,defense4-s3-cell,d4-cell-v1,0,0
48,1800000048000250,250,request,forward,1,1,256,02:00:00:00:00:02,02:00:00:00:00:01,0x88b5,D4C1,1,1,1,289,18,208,16,defense4-s3-cell,d4-cell-v1,0,0
48,1800000048000500,500,request,forward,2,2,256,02:00:00:00:00:02,02:00:00:00:00:01,0x88b5,D4C1,1,1,1,290,18,208,16,defense4-s3-cell,d4-cell-v1,0,0
48,1800000048000750,750,request,forward,3,3,256,02:00:00:00:00:02,02:00:00:00:00:01,0x88b5,D4C1,1,1,1,291,18,208,16,defense4-s3-cell,d4-cell-v1,0,0
48,1800000048001000,1000,ack,reverse,0,4,256,02:00:00:00:00:01,02:00:00:00:00:02,0x88b5,D4C1,1,1,1,768,18,208,16,defense4-s3-cell,d4-cell-v1,0,0
48,1800000048001250,1250,ack,reverse,1,5,256,02:00:00:00:00:01,02:00:00:00:00:02,0x88b5,D4C1,1,1,1,769,18,208,16,defense4-s3-cell,d4-cell-v1,0,0
48,1800000048200000,200000,response,reverse,0,6,256,02:00:00:00:00:01,02:00:00:00:00:02,0x88b5,D4C1,1,1,1,770,18,208,16,defense4-s3-cell,d4-cell-v1,0,0
48,1800000048200250,200250,response,reverse,1,7,256,02:00:00:00:00:01,02:00:00:00:00:02,0x88b5,D4C1,1,1,1,771,18,208,16,defense4-s3-cell,d4-cell-v1,0,0
48,1800000048200500,200500,response,reverse,2,8,256,02:00:00:00:00:01,02:00:00:00:00:02,0x88b5,D4C1,1,1,1,772,18,208,16,defense4-s3-cell,d4-cell-v1,0,0
48,1800000048200750,200750,response,reverse,3,9,256,02:00:00:00:00:01,02:00:00:00:00:02,0x88b5,D4C1,1,1,1,773,18,208,16,defense4-s3-cell,d4-cell-v1,0,0
48,1800000048201000,201000,response,reverse,4,10,256,02:00:00:00:00:01,02:00:00:00:00:02,0x88b5,D4C1,1,1,1,774,18,208,16,defense4-s3-cell,d4-cell-v1,0,0
48,1800000048201250,201250,response,reverse,5,11,256,02:00:00:00:00:01,02:00:00:00:00:02,0x88b5,D4C1,1,1,1,775,18,208,16,defense4-s3-cell,d4-cell-v1,0,0
48,1800000048201500,201500,response,reverse,6,12,256,02:00:00:00:00:01,02:00:00:00:00:02,0x88b5,D4C1,1,1,1,776,18,208,16,defense4-s3-cell,d4-cell-v1,0,0
48,1800000048201750,201750,response,reverse,7,13,256,02:00:00:00:00:01,02:00:00:00:00:02,0x88b5,D4C1,1,1,1,777,18,208,16,defense4-s3-cell,d4-cell-v1,0,0
48,1800000048202000,202000,response,reverse,8,14,256,02:00:00:00:00:01,02:00:00:00:00:02,0x88b5,D4C1,1,1,1,778,18,208,16,defense4-s3-cell,d4-cell-v1,0,0
48,1800000048202250,202250,response,reverse,9,15,256,02:00:00:00:00:01,02:00:00:00:00:02,0x88b5,D4C1,1,1,1,779,18,208,16,defense4-s3-cell,d4-cell-v1,0,0
48,1800000048202500,202500,response,reverse,10,16,256,02:00:00:00:00:01,02:00:00:00:00:02,0x88b5,D4C1,1,1,1,780,18,208,16,defense4-s3-cell,d4-cell-v1,0,0
48,1800000048202750,202750,response,reverse,11,17,256,02:00:00:00:00:01,02:00:00:00:00:02,0x88b5,D4C1,1,1,1,781,18,208,16,defense4-s3-cell,d4-cell-v1,0,0
48,1800000048203000,203000,response,reverse,12,18,256,02:00:00:00:00:01,02:00:00:00:00:02,0x88b5,D4C1,1,1,1,782,18,208,16,defense4-s3-cell,d4-cell-v1,0,0
48,1800000048203250,203250,response,reverse,13,19,256,02:00:00:00:00:01,02:00:00:00:00:02,0x88b5,D4C1,1,1,1,783,18,208,16,defense4-s3-cell,d4-cell-v1,0,0
48,1800000048203500,203500,tail,forward,0,20,256,02:00:00:00:00:02,02:00:00:00:00:01,0x88b5,D4C1,1,1,1,292,18,208,16,defense4-s3-cell,d4-cell-v1,0,0
48,1800000048203750,203750,tail,forward,1,21,256,02:00:00:00:00:02,02:00:00:00:00:01,0x88b5,D4C1,1,1,1,293,18,208,16,defense4-s3-cell,d4-cell-v1,0,0
49,1800000049000000,0,request,forward,0,0,256,02:00:00:00:00:02,02:00:00:00:00:01,0x88b5,D4C1,1,1,1,294,18,208,16,defense4-s3-cell,d4-cell-v1,0,0
49,1800000049000250,250,request,forward,1,1,256,02:00:00:00:00:02,02:00:00:00:00:01,0x88b5,D4C1,1,1,1,295,18,208,16,defense4-s3-cell,d4-cell-v1,0,0
49,1800000049000500,500,request,forward,2,2,256,02:00:00:00:00:02,02:00:00:00:00:01,0x88b5,D4C1,1,1,1,296,18,208,16,defense4-s3-cell,d4-cell-v1,0,0
49,1800000049000750,750,request,forward,3,3,256,02:00:00:00:00:02,02:00:00:00:00:01,0x88b5,D4C1,1,1,1,297,18,208,16,defense4-s3-cell,d4-cell-v1,0,0
49,1800000049001000,1000,ack,reverse,0,4,256,02:00:00:00:00:01,02:00:00:00:00:02,0x88b5,D4C1,1,1,1,784,18,208,16,defense4-s3-cell,d4-cell-v1,0,0
49,1800000049001250,1250,ack,reverse,1,5,256,02:00:00:00:00:01,02:00:00:00:00:02,0x88b5,D4C1,1,1,1,785,18,208,16,defense4-s3-cell,d4-cell-v1,0,0
49,1800000049200000,200000,response,reverse,0,6,256,02:00:00:00:00:01,02:00:00:00:00:02,0x88b5,D4C1,1,1,1,786,18,208,16,defense4-s3-cell,d4-cell-v1,0,0
49,1800000049200250,200250,response,reverse,1,7,256,02:00:00:00:00:01,02:00:00:00:00:02,0x88b5,D4C1,1,1,1,787,18,208,16,defense4-s3-cell,d4-cell-v1,0,0
49,1800000049200500,200500,response,reverse,2,8,256,02:00:00:00:00:01,02:00:00:00:00:02,0x88b5,D4C1,1,1,1,788,18,208,16,defense4-s3-cell,d4-cell-v1,0,0
49,1800000049200750,200750,response,reverse,3,9,256,02:00:00:00:00:01,02:00:00:00:00:02,0x88b5,D4C1,1,1,1,789,18,208,16,defense4-s3-cell,d4-cell-v1,0,0
49,1800000049201000,201000,response,reverse,4,10,256,02:00:00:00:00:01,02:00:00:00:00:02,0x88b5,D4C1,1,1,1,790,18,208,16,defense4-s3-cell,d4-cell-v1,0,0
49,1800000049201250,201250,response,reverse,5,11,256,02:00:00:00:00:01,02:00:00:00:00:02,0x88b5,D4C1,1,1,1,791,18,208,16,defense4-s3-cell,d4-cell-v1,0,0
49,1800000049201500,201500,response,reverse,6,12,256,02:00:00:00:00:01,02:00:00:00:00:02,0x88b5,D4C1,1,1,1,792,18,208,16,defense4-s3-cell,d4-cell-v1,0,0
49,1800000049201750,201750,response,reverse,7,13,256,02:00:00:00:00:01,02:00:00:00:00:02,0x88b5,D4C1,1,1,1,793,18,208,16,defense4-s3-cell,d4-cell-v1,0,0
49,1800000049202000,202000,response,reverse,8,14,256,02:00:00:00:00:01,02:00:00:00:00:02,0x88b5,D4C1,1,1,1,794,18,208,16,defense4-s3-cell,d4-cell-v1,0,0
49,1800000049202250,202250,response,reverse,9,15,256,02:00:00:00:00:01,02:00:00:00:00:02,0x88b5,D4C1,1,1,1,795,18,208,16,defense4-s3-cell,d4-cell-v1,0,0
49,1800000049202500,202500,response,reverse,10,16,256,02:00:00:00:00:01,02:00:00:00:00:02,0x88b5,D4C1,1,1,1,796,18,208,16,defense4-s3-cell,d4-cell-v1,0,0
49,1800000049202750,202750,response,reverse,11,17,256,02:00:00:00:00:01,02:00:00:00:00:02,0x88b5,D4C1,1,1,1,797,18,208,16,defense4-s3-cell,d4-cell-v1,0,0
49,1800000049203000,203000,response,reverse,12,18,256,02:00:00:00:00:01,02:00:00:00:00:02,0x88b5,D4C1,1,1,1,798,18,208,16,defense4-s3-cell,d4-cell-v1,0,0
49,1800000049203250,203250,response,reverse,13,19,256,02:00:00:00:00:01,02:00:00:00:00:02,0x88b5,D4C1,1,1,1,799,18,208,16,defense4-s3-cell,d4-cell-v1,0,0
49,1800000049203500,203500,tail,forward,0,20,256,02:00:00:00:00:02,02:00:00:00:00:01,0x88b5,D4C1,1,1,1,298,18,208,16,defense4-s3-cell,d4-cell-v1,0,0
49,1800000049203750,203750,tail,forward,1,21,256,02:00:00:00:00:02,02:00:00:00:00:01,0x88b5,D4C1,1,1,1,299,18,208,16,defense4-s3-cell,d4-cell-v1,0,0
50,1800000050000000,0,request,forward,0,0,256,02:00:00:00:00:02,02:00:00:00:00:01,0x88b5,D4C1,1,1,1,300,18,208,16,defense4-s3-cell,d4-cell-v1,0,0
50,1800000050000250,250,request,forward,1,1,256,02:00:00:00:00:02,02:00:00:00:00:01,0x88b5,D4C1,1,1,1,301,18,208,16,defense4-s3-cell,d4-cell-v1,0,0
50,1800000050000500,500,request,forward,2,2,256,02:00:00:00:00:02,02:00:00:00:00:01,0x88b5,D4C1,1,1,1,302,18,208,16,defense4-s3-cell,d4-cell-v1,0,0
50,1800000050000750,750,request,forward,3,3,256,02:00:00:00:00:02,02:00:00:00:00:01,0x88b5,D4C1,1,1,1,303,18,208,16,defense4-s3-cell,d4-cell-v1,0,0
50,1800000050001000,1000,ack,reverse,0,4,256,02:00:00:00:00:01,02:00:00:00:00:02,0x88b5,D4C1,1,1,1,800,18,208,16,defense4-s3-cell,d4-cell-v1,0,0
50,1800000050001250,1250,ack,reverse,1,5,256,02:00:00:00:00:01,02:00:00:00:00:02,0x88b5,D4C1,1,1,1,801,18,208,16,defense4-s3-cell,d4-cell-v1,0,0
50,1800000050200000,200000,response,reverse,0,6,256,02:00:00:00:00:01,02:00:00:00:00:02,0x88b5,D4C1,1,1,1,802,18,208,16,defense4-s3-cell,d4-cell-v1,0,0
50,1800000050200250,200250,response,reverse,1,7,256,02:00:00:00:00:01,02:00:00:00:00:02,0x88b5,D4C1,1,1,1,803,18,208,16,defense4-s3-cell,d4-cell-v1,0,0
50,1800000050200500,200500,response,reverse,2,8,256,02:00:00:00:00:01,02:00:00:00:00:02,0x88b5,D4C1,1,1,1,804,18,208,16,defense4-s3-cell,d4-cell-v1,0,0
50,1800000050200750,200750,response,reverse,3,9,256,02:00:00:00:00:01,02:00:00:00:00:02,0x88b5,D4C1,1,1,1,805,18,208,16,defense4-s3-cell,d4-cell-v1,0,0
50,1800000050201000,201000,response,reverse,4,10,256,02:00:00:00:00:01,02:00:00:00:00:02,0x88b5,D4C1,1,1,1,806,18,208,16,defense4-s3-cell,d4-cell-v1,0,0
50,1800000050201250,201250,response,reverse,5,11,256,02:00:00:00:00:01,02:00:00:00:00:02,0x88b5,D4C1,1,1,1,807,18,208,16,defense4-s3-cell,d4-cell-v1,0,0
50,1800000050201500,201500,response,reverse,6,12,256,02:00:00:00:00:01,02:00:00:00:00:02,0x88b5,D4C1,1,1,1,808,18,208,16,defense4-s3-cell,d4-cell-v1,0,0
50,1800000050201750,201750,response,reverse,7,13,256,02:00:00:00:00:01,02:00:00:00:00:02,0x88b5,D4C1,1,1,1,809,18,208,16,defense4-s3-cell,d4-cell-v1,0,0
50,1800000050202000,202000,response,reverse,8,14,256,02:00:00:00:00:01,02:00:00:00:00:02,0x88b5,D4C1,1,1,1,810,18,208,16,defense4-s3-cell,d4-cell-v1,0,0
50,1800000050202250,202250,response,reverse,9,15,256,02:00:00:00:00:01,02:00:00:00:00:02,0x88b5,D4C1,1,1,1,811,18,208,16,defense4-s3-cell,d4-cell-v1,0,0
50,1800000050202500,202500,response,reverse,10,16,256,02:00:00:00:00:01,02:00:00:00:00:02,0x88b5,D4C1,1,1,1,812,18,208,16,defense4-s3-cell,d4-cell-v1,0,0
50,1800000050202750,202750,response,reverse,11,17,256,02:00:00:00:00:01,02:00:00:00:00:02,0x88b5,D4C1,1,1,1,813,18,208,16,defense4-s3-cell,d4-cell-v1,0,0
50,1800000050203000,203000,response,reverse,12,18,256,02:00:00:00:00:01,02:00:00:00:00:02,0x88b5,D4C1,1,1,1,814,18,208,16,defense4-s3-cell,d4-cell-v1,0,0
50,1800000050203250,203250,response,reverse,13,19,256,02:00:00:00:00:01,02:00:00:00:00:02,0x88b5,D4C1,1,1,1,815,18,208,16,defense4-s3-cell,d4-cell-v1,0,0
50,1800000050203500,203500,tail,forward,0,20,256,02:00:00:00:00:02,02:00:00:00:00:01,0x88b5,D4C1,1,1,1,304,18,208,16,defense4-s3-cell,d4-cell-v1,0,0
50,1800000050203750,203750,tail,forward,1,21,256,02:00:00:00:00:02,02:00:00:00:00:01,0x88b5,D4C1,1,1,1,305,18,208,16,defense4-s3-cell,d4-cell-v1,0,0
51,1800000051000000,0,request,forward,0,0,256,02:00:00:00:00:02,02:00:00:00:00:01,0x88b5,D4C1,1,1,1,306,18,208,16,defense4-s3-cell,d4-cell-v1,0,0
51,1800000051000250,250,request,forward,1,1,256,02:00:00:00:00:02,02:00:00:00:00:01,0x88b5,D4C1,1,1,1,307,18,208,16,defense4-s3-cell,d4-cell-v1,0,0
51,1800000051000500,500,request,forward,2,2,256,02:00:00:00:00:02,02:00:00:00:00:01,0x88b5,D4C1,1,1,1,308,18,208,16,defense4-s3-cell,d4-cell-v1,0,0
51,1800000051000750,750,request,forward,3,3,256,02:00:00:00:00:02,02:00:00:00:00:01,0x88b5,D4C1,1,1,1,309,18,208,16,defense4-s3-cell,d4-cell-v1,0,0
51,1800000051001000,1000,ack,reverse,0,4,256,02:00:00:00:00:01,02:00:00:00:00:02,0x88b5,D4C1,1,1,1,816,18,208,16,defense4-s3-cell,d4-cell-v1,0,0
51,1800000051001250,1250,ack,reverse,1,5,256,02:00:00:00:00:01,02:00:00:00:00:02,0x88b5,D4C1,1,1,1,817,18,208,16,defense4-s3-cell,d4-cell-v1,0,0
51,1800000051200000,200000,response,reverse,0,6,256,02:00:00:00:00:01,02:00:00:00:00:02,0x88b5,D4C1,1,1,1,818,18,208,16,defense4-s3-cell,d4-cell-v1,0,0
51,1800000051200250,200250,response,reverse,1,7,256,02:00:00:00:00:01,02:00:00:00:00:02,0x88b5,D4C1,1,1,1,819,18,208,16,defense4-s3-cell,d4-cell-v1,0,0
51,1800000051200500,200500,response,reverse,2,8,256,02:00:00:00:00:01,02:00:00:00:00:02,0x88b5,D4C1,1,1,1,820,18,208,16,defense4-s3-cell,d4-cell-v1,0,0
51,1800000051200750,200750,response,reverse,3,9,256,02:00:00:00:00:01,02:00:00:00:00:02,0x88b5,D4C1,1,1,1,821,18,208,16,defense4-s3-cell,d4-cell-v1,0,0
51,1800000051201000,201000,response,reverse,4,10,256,02:00:00:00:00:01,02:00:00:00:00:02,0x88b5,D4C1,1,1,1,822,18,208,16,defense4-s3-cell,d4-cell-v1,0,0
51,1800000051201250,201250,response,reverse,5,11,256,02:00:00:00:00:01,02:00:00:00:00:02,0x88b5,D4C1,1,1,1,823,18,208,16,defense4-s3-cell,d4-cell-v1,0,0
51,1800000051201500,201500,response,reverse,6,12,256,02:00:00:00:00:01,02:00:00:00:00:02,0x88b5,D4C1,1,1,1,824,18,208,16,defense4-s3-cell,d4-cell-v1,0,0
51,1800000051201750,201750,response,reverse,7,13,256,02:00:00:00:00:01,02:00:00:00:00:02,0x88b5,D4C1,1,1,1,825,18,208,16,defense4-s3-cell,d4-cell-v1,0,0
51,1800000051202000,202000,response,reverse,8,14,256,02:00:00:00:00:01,02:00:00:00:00:02,0x88b5,D4C1,1,1,1,826,18,208,16,defense4-s3-cell,d4-cell-v1,0,0
51,1800000051202250,202250,response,reverse,9,15,256,02:00:00:00:00:01,02:00:00:00:00:02,0x88b5,D4C1,1,1,1,827,18,208,16,defense4-s3-cell,d4-cell-v1,0,0
51,1800000051202500,202500,response,reverse,10,16,256,02:00:00:00:00:01,02:00:00:00:00:02,0x88b5,D4C1,1,1,1,828,18,208,16,defense4-s3-cell,d4-cell-v1,0,0
51,1800000051202750,202750,response,reverse,11,17,256,02:00:00:00:00:01,02:00:00:00:00:02,0x88b5,D4C1,1,1,1,829,18,208,16,defense4-s3-cell,d4-cell-v1,0,0
51,1800000051203000,203000,response,reverse,12,18,256,02:00:00:00:00:01,02:00:00:00:00:02,0x88b5,D4C1,1,1,1,830,18,208,16,defense4-s3-cell,d4-cell-v1,0,0
51,1800000051203250,203250,response,reverse,13,19,256,02:00:00:00:00:01,02:00:00:00:00:02,0x88b5,D4C1,1,1,1,831,18,208,16,defense4-s3-cell,d4-cell-v1,0,0
51,1800000051203500,203500,tail,forward,0,20,256,02:00:00:00:00:02,02:00:00:00:00:01,0x88b5,D4C1,1,1,1,310,18,208,16,defense4-s3-cell,d4-cell-v1,0,0
51,1800000051203750,203750,tail,forward,1,21,256,02:00:00:00:00:02,02:00:00:00:00:01,0x88b5,D4C1,1,1,1,311,18,208,16,defense4-s3-cell,d4-cell-v1,0,0
52,1800000052000000,0,request,forward,0,0,256,02:00:00:00:00:02,02:00:00:00:00:01,0x88b5,D4C1,1,1,1,312,18,208,16,defense4-s3-cell,d4-cell-v1,0,0
52,1800000052000250,250,request,forward,1,1,256,02:00:00:00:00:02,02:00:00:00:00:01,0x88b5,D4C1,1,1,1,313,18,208,16,defense4-s3-cell,d4-cell-v1,0,0
52,1800000052000500,500,request,forward,2,2,256,02:00:00:00:00:02,02:00:00:00:00:01,0x88b5,D4C1,1,1,1,314,18,208,16,defense4-s3-cell,d4-cell-v1,0,0
52,1800000052000750,750,request,forward,3,3,256,02:00:00:00:00:02,02:00:00:00:00:01,0x88b5,D4C1,1,1,1,315,18,208,16,defense4-s3-cell,d4-cell-v1,0,0
52,1800000052001000,1000,ack,reverse,0,4,256,02:00:00:00:00:01,02:00:00:00:00:02,0x88b5,D4C1,1,1,1,832,18,208,16,defense4-s3-cell,d4-cell-v1,0,0
52,1800000052001250,1250,ack,reverse,1,5,256,02:00:00:00:00:01,02:00:00:00:00:02,0x88b5,D4C1,1,1,1,833,18,208,16,defense4-s3-cell,d4-cell-v1,0,0
52,1800000052200000,200000,response,reverse,0,6,256,02:00:00:00:00:01,02:00:00:00:00:02,0x88b5,D4C1,1,1,1,834,18,208,16,defense4-s3-cell,d4-cell-v1,0,0
52,1800000052200250,200250,response,reverse,1,7,256,02:00:00:00:00:01,02:00:00:00:00:02,0x88b5,D4C1,1,1,1,835,18,208,16,defense4-s3-cell,d4-cell-v1,0,0
52,1800000052200500,200500,response,reverse,2,8,256,02:00:00:00:00:01,02:00:00:00:00:02,0x88b5,D4C1,1,1,1,836,18,208,16,defense4-s3-cell,d4-cell-v1,0,0
52,1800000052200750,200750,response,reverse,3,9,256,02:00:00:00:00:01,02:00:00:00:00:02,0x88b5,D4C1,1,1,1,837,18,208,16,defense4-s3-cell,d4-cell-v1,0,0
52,1800000052201000,201000,response,reverse,4,10,256,02:00:00:00:00:01,02:00:00:00:00:02,0x88b5,D4C1,1,1,1,838,18,208,16,defense4-s3-cell,d4-cell-v1,0,0
52,1800000052201250,201250,response,reverse,5,11,256,02:00:00:00:00:01,02:00:00:00:00:02,0x88b5,D4C1,1,1,1,839,18,208,16,defense4-s3-cell,d4-cell-v1,0,0
52,1800000052201500,201500,response,reverse,6,12,256,02:00:00:00:00:01,02:00:00:00:00:02,0x88b5,D4C1,1,1,1,840,18,208,16,defense4-s3-cell,d4-cell-v1,0,0
52,1800000052201750,201750,response,reverse,7,13,256,02:00:00:00:00:01,02:00:00:00:00:02,0x88b5,D4C1,1,1,1,841,18,208,16,defense4-s3-cell,d4-cell-v1,0,0
52,1800000052202000,202000,response,reverse,8,14,256,02:00:00:00:00:01,02:00:00:00:00:02,0x88b5,D4C1,1,1,1,842,18,208,16,defense4-s3-cell,d4-cell-v1,0,0
52,1800000052202250,202250,response,reverse,9,15,256,02:00:00:00:00:01,02:00:00:00:00:02,0x88b5,D4C1,1,1,1,843,18,208,16,defense4-s3-cell,d4-cell-v1,0,0
52,1800000052202500,202500,response,reverse,10,16,256,02:00:00:00:00:01,02:00:00:00:00:02,0x88b5,D4C1,1,1,1,844,18,208,16,defense4-s3-cell,d4-cell-v1,0,0
52,1800000052202750,202750,response,reverse,11,17,256,02:00:00:00:00:01,02:00:00:00:00:02,0x88b5,D4C1,1,1,1,845,18,208,16,defense4-s3-cell,d4-cell-v1,0,0
52,1800000052203000,203000,response,reverse,12,18,256,02:00:00:00:00:01,02:00:00:00:00:02,0x88b5,D4C1,1,1,1,846,18,208,16,defense4-s3-cell,d4-cell-v1,0,0
52,1800000052203250,203250,response,reverse,13,19,256,02:00:00:00:00:01,02:00:00:00:00:02,0x88b5,D4C1,1,1,1,847,18,208,16,defense4-s3-cell,d4-cell-v1,0,0
52,1800000052203500,203500,tail,forward,0,20,256,02:00:00:00:00:02,02:00:00:00:00:01,0x88b5,D4C1,1,1,1,316,18,208,16,defense4-s3-cell,d4-cell-v1,0,0
52,1800000052203750,203750,tail,forward,1,21,256,02:00:00:00:00:02,02:00:00:00:00:01,0x88b5,D4C1,1,1,1,317,18,208,16,defense4-s3-cell,d4-cell-v1,0,0
53,1800000053000000,0,request,forward,0,0,256,02:00:00:00:00:02,02:00:00:00:00:01,0x88b5,D4C1,1,1,1,318,18,208,16,defense4-s3-cell,d4-cell-v1,0,0
53,1800000053000250,250,request,forward,1,1,256,02:00:00:00:00:02,02:00:00:00:00:01,0x88b5,D4C1,1,1,1,319,18,208,16,defense4-s3-cell,d4-cell-v1,0,0
53,1800000053000500,500,request,forward,2,2,256,02:00:00:00:00:02,02:00:00:00:00:01,0x88b5,D4C1,1,1,1,320,18,208,16,defense4-s3-cell,d4-cell-v1,0,0
53,1800000053000750,750,request,forward,3,3,256,02:00:00:00:00:02,02:00:00:00:00:01,0x88b5,D4C1,1,1,1,321,18,208,16,defense4-s3-cell,d4-cell-v1,0,0
53,1800000053001000,1000,ack,reverse,0,4,256,02:00:00:00:00:01,02:00:00:00:00:02,0x88b5,D4C1,1,1,1,848,18,208,16,defense4-s3-cell,d4-cell-v1,0,0
53,1800000053001250,1250,ack,reverse,1,5,256,02:00:00:00:00:01,02:00:00:00:00:02,0x88b5,D4C1,1,1,1,849,18,208,16,defense4-s3-cell,d4-cell-v1,0,0
53,1800000053200000,200000,response,reverse,0,6,256,02:00:00:00:00:01,02:00:00:00:00:02,0x88b5,D4C1,1,1,1,850,18,208,16,defense4-s3-cell,d4-cell-v1,0,0
53,1800000053200250,200250,response,reverse,1,7,256,02:00:00:00:00:01,02:00:00:00:00:02,0x88b5,D4C1,1,1,1,851,18,208,16,defense4-s3-cell,d4-cell-v1,0,0
53,1800000053200500,200500,response,reverse,2,8,256,02:00:00:00:00:01,02:00:00:00:00:02,0x88b5,D4C1,1,1,1,852,18,208,16,defense4-s3-cell,d4-cell-v1,0,0
53,1800000053200750,200750,response,reverse,3,9,256,02:00:00:00:00:01,02:00:00:00:00:02,0x88b5,D4C1,1,1,1,853,18,208,16,defense4-s3-cell,d4-cell-v1,0,0
53,1800000053201000,201000,response,reverse,4,10,256,02:00:00:00:00:01,02:00:00:00:00:02,0x88b5,D4C1,1,1,1,854,18,208,16,defense4-s3-cell,d4-cell-v1,0,0
53,1800000053201250,201250,response,reverse,5,11,256,02:00:00:00:00:01,02:00:00:00:00:02,0x88b5,D4C1,1,1,1,855,18,208,16,defense4-s3-cell,d4-cell-v1,0,0
53,1800000053201500,201500,response,reverse,6,12,256,02:00:00:00:00:01,02:00:00:00:00:02,0x88b5,D4C1,1,1,1,856,18,208,16,defense4-s3-cell,d4-cell-v1,0,0
53,1800000053201750,201750,response,reverse,7,13,256,02:00:00:00:00:01,02:00:00:00:00:02,0x88b5,D4C1,1,1,1,857,18,208,16,defense4-s3-cell,d4-cell-v1,0,0
53,1800000053202000,202000,response,reverse,8,14,256,02:00:00:00:00:01,02:00:00:00:00:02,0x88b5,D4C1,1,1,1,858,18,208,16,defense4-s3-cell,d4-cell-v1,0,0
53,1800000053202250,202250,response,reverse,9,15,256,02:00:00:00:00:01,02:00:00:00:00:02,0x88b5,D4C1,1,1,1,859,18,208,16,defense4-s3-cell,d4-cell-v1,0,0
53,1800000053202500,202500,response,reverse,10,16,256,02:00:00:00:00:01,02:00:00:00:00:02,0x88b5,D4C1,1,1,1,860,18,208,16,defense4-s3-cell,d4-cell-v1,0,0
53,1800000053202750,202750,response,reverse,11,17,256,02:00:00:00:00:01,02:00:00:00:00:02,0x88b5,D4C1,1,1,1,861,18,208,16,defense4-s3-cell,d4-cell-v1,0,0
53,1800000053203000,203000,response,reverse,12,18,256,02:00:00:00:00:01,02:00:00:00:00:02,0x88b5,D4C1,1,1,1,862,18,208,16,defense4-s3-cell,d4-cell-v1,0,0
53,1800000053203250,203250,response,reverse,13,19,256,02:00:00:00:00:01,02:00:00:00:00:02,0x88b5,D4C1,1,1,1,863,18,208,16,defense4-s3-cell,d4-cell-v1,0,0
53,1800000053203500,203500,tail,forward,0,20,256,02:00:00:00:00:02,02:00:00:00:00:01,0x88b5,D4C1,1,1,1,322,18,208,16,defense4-s3-cell,d4-cell-v1,0,0
53,1800000053203750,203750,tail,forward,1,21,256,02:00:00:00:00:02,02:00:00:00:00:01,0x88b5,D4C1,1,1,1,323,18,208,16,defense4-s3-cell,d4-cell-v1,0,0
54,1800000054000000,0,request,forward,0,0,256,02:00:00:00:00:02,02:00:00:00:00:01,0x88b5,D4C1,1,1,1,324,18,208,16,defense4-s3-cell,d4-cell-v1,0,0
54,1800000054000250,250,request,forward,1,1,256,02:00:00:00:00:02,02:00:00:00:00:01,0x88b5,D4C1,1,1,1,325,18,208,16,defense4-s3-cell,d4-cell-v1,0,0
54,1800000054000500,500,request,forward,2,2,256,02:00:00:00:00:02,02:00:00:00:00:01,0x88b5,D4C1,1,1,1,326,18,208,16,defense4-s3-cell,d4-cell-v1,0,0
54,1800000054000750,750,request,forward,3,3,256,02:00:00:00:00:02,02:00:00:00:00:01,0x88b5,D4C1,1,1,1,327,18,208,16,defense4-s3-cell,d4-cell-v1,0,0
54,1800000054001000,1000,ack,reverse,0,4,256,02:00:00:00:00:01,02:00:00:00:00:02,0x88b5,D4C1,1,1,1,864,18,208,16,defense4-s3-cell,d4-cell-v1,0,0
54,1800000054001250,1250,ack,reverse,1,5,256,02:00:00:00:00:01,02:00:00:00:00:02,0x88b5,D4C1,1,1,1,865,18,208,16,defense4-s3-cell,d4-cell-v1,0,0
54,1800000054200000,200000,response,reverse,0,6,256,02:00:00:00:00:01,02:00:00:00:00:02,0x88b5,D4C1,1,1,1,866,18,208,16,defense4-s3-cell,d4-cell-v1,0,0
54,1800000054200250,200250,response,reverse,1,7,256,02:00:00:00:00:01,02:00:00:00:00:02,0x88b5,D4C1,1,1,1,867,18,208,16,defense4-s3-cell,d4-cell-v1,0,0
54,1800000054200500,200500,response,reverse,2,8,256,02:00:00:00:00:01,02:00:00:00:00:02,0x88b5,D4C1,1,1,1,868,18,208,16,defense4-s3-cell,d4-cell-v1,0,0
54,1800000054200750,200750,response,reverse,3,9,256,02:00:00:00:00:01,02:00:00:00:00:02,0x88b5,D4C1,1,1,1,869,18,208,16,defense4-s3-cell,d4-cell-v1,0,0
54,1800000054201000,201000,response,reverse,4,10,256,02:00:00:00:00:01,02:00:00:00:00:02,0x88b5,D4C1,1,1,1,870,18,208,16,defense4-s3-cell,d4-cell-v1,0,0
54,1800000054201250,201250,response,reverse,5,11,256,02:00:00:00:00:01,02:00:00:00:00:02,0x88b5,D4C1,1,1,1,871,18,208,16,defense4-s3-cell,d4-cell-v1,0,0
54,1800000054201500,201500,response,reverse,6,12,256,02:00:00:00:00:01,02:00:00:00:00:02,0x88b5,D4C1,1,1,1,872,18,208,16,defense4-s3-cell,d4-cell-v1,0,0
54,1800000054201750,201750,response,reverse,7,13,256,02:00:00:00:00:01,02:00:00:00:00:02,0x88b5,D4C1,1,1,1,873,18,208,16,defense4-s3-cell,d4-cell-v1,0,0
54,1800000054202000,202000,response,reverse,8,14,256,02:00:00:00:00:01,02:00:00:00:00:02,0x88b5,D4C1,1,1,1,874,18,208,16,defense4-s3-cell,d4-cell-v1,0,0
54,1800000054202250,202250,response,reverse,9,15,256,02:00:00:00:00:01,02:00:00:00:00:02,0x88b5,D4C1,1,1,1,875,18,208,16,defense4-s3-cell,d4-cell-v1,0,0
54,1800000054202500,202500,response,reverse,10,16,256,02:00:00:00:00:01,02:00:00:00:00:02,0x88b5,D4C1,1,1,1,876,18,208,16,defense4-s3-cell,d4-cell-v1,0,0
54,1800000054202750,202750,response,reverse,11,17,256,02:00:00:00:00:01,02:00:00:00:00:02,0x88b5,D4C1,1,1,1,877,18,208,16,defense4-s3-cell,d4-cell-v1,0,0
54,1800000054203000,203000,response,reverse,12,18,256,02:00:00:00:00:01,02:00:00:00:00:02,0x88b5,D4C1,1,1,1,878,18,208,16,defense4-s3-cell,d4-cell-v1,0,0
54,1800000054203250,203250,response,reverse,13,19,256,02:00:00:00:00:01,02:00:00:00:00:02,0x88b5,D4C1,1,1,1,879,18,208,16,defense4-s3-cell,d4-cell-v1,0,0
54,1800000054203500,203500,tail,forward,0,20,256,02:00:00:00:00:02,02:00:00:00:00:01,0x88b5,D4C1,1,1,1,328,18,208,16,defense4-s3-cell,d4-cell-v1,0,0
54,1800000054203750,203750,tail,forward,1,21,256,02:00:00:00:00:02,02:00:00:00:00:01,0x88b5,D4C1,1,1,1,329,18,208,16,defense4-s3-cell,d4-cell-v1,0,0
55,1800000055000000,0,request,forward,0,0,256,02:00:00:00:00:02,02:00:00:00:00:01,0x88b5,D4C1,1,1,1,330,18,208,16,defense4-s3-cell,d4-cell-v1,0,0
55,1800000055000250,250,request,forward,1,1,256,02:00:00:00:00:02,02:00:00:00:00:01,0x88b5,D4C1,1,1,1,331,18,208,16,defense4-s3-cell,d4-cell-v1,0,0
55,1800000055000500,500,request,forward,2,2,256,02:00:00:00:00:02,02:00:00:00:00:01,0x88b5,D4C1,1,1,1,332,18,208,16,defense4-s3-cell,d4-cell-v1,0,0
55,1800000055000750,750,request,forward,3,3,256,02:00:00:00:00:02,02:00:00:00:00:01,0x88b5,D4C1,1,1,1,333,18,208,16,defense4-s3-cell,d4-cell-v1,0,0
55,1800000055001000,1000,ack,reverse,0,4,256,02:00:00:00:00:01,02:00:00:00:00:02,0x88b5,D4C1,1,1,1,880,18,208,16,defense4-s3-cell,d4-cell-v1,0,0
55,1800000055001250,1250,ack,reverse,1,5,256,02:00:00:00:00:01,02:00:00:00:00:02,0x88b5,D4C1,1,1,1,881,18,208,16,defense4-s3-cell,d4-cell-v1,0,0
55,1800000055200000,200000,response,reverse,0,6,256,02:00:00:00:00:01,02:00:00:00:00:02,0x88b5,D4C1,1,1,1,882,18,208,16,defense4-s3-cell,d4-cell-v1,0,0
55,1800000055200250,200250,response,reverse,1,7,256,02:00:00:00:00:01,02:00:00:00:00:02,0x88b5,D4C1,1,1,1,883,18,208,16,defense4-s3-cell,d4-cell-v1,0,0
55,1800000055200500,200500,response,reverse,2,8,256,02:00:00:00:00:01,02:00:00:00:00:02,0x88b5,D4C1,1,1,1,884,18,208,16,defense4-s3-cell,d4-cell-v1,0,0
55,1800000055200750,200750,response,reverse,3,9,256,02:00:00:00:00:01,02:00:00:00:00:02,0x88b5,D4C1,1,1,1,885,18,208,16,defense4-s3-cell,d4-cell-v1,0,0
55,1800000055201000,201000,response,reverse,4,10,256,02:00:00:00:00:01,02:00:00:00:00:02,0x88b5,D4C1,1,1,1,886,18,208,16,defense4-s3-cell,d4-cell-v1,0,0
55,1800000055201250,201250,response,reverse,5,11,256,02:00:00:00:00:01,02:00:00:00:00:02,0x88b5,D4C1,1,1,1,887,18,208,16,defense4-s3-cell,d4-cell-v1,0,0
55,1800000055201500,201500,response,reverse,6,12,256,02:00:00:00:00:01,02:00:00:00:00:02,0x88b5,D4C1,1,1,1,888,18,208,16,defense4-s3-cell,d4-cell-v1,0,0
55,1800000055201750,201750,response,reverse,7,13,256,02:00:00:00:00:01,02:00:00:00:00:02,0x88b5,D4C1,1,1,1,889,18,208,16,defense4-s3-cell,d4-cell-v1,0,0
55,1800000055202000,202000,response,reverse,8,14,256,02:00:00:00:00:01,02:00:00:00:00:02,0x88b5,D4C1,1,1,1,890,18,208,16,defense4-s3-cell,d4-cell-v1,0,0
55,1800000055202250,202250,response,reverse,9,15,256,02:00:00:00:00:01,02:00:00:00:00:02,0x88b5,D4C1,1,1,1,891,18,208,16,defense4-s3-cell,d4-cell-v1,0,0
55,1800000055202500,202500,response,reverse,10,16,256,02:00:00:00:00:01,02:00:00:00:00:02,0x88b5,D4C1,1,1,1,892,18,208,16,defense4-s3-cell,d4-cell-v1,0,0
55,1800000055202750,202750,response,reverse,11,17,256,02:00:00:00:00:01,02:00:00:00:00:02,0x88b5,D4C1,1,1,1,893,18,208,16,defense4-s3-cell,d4-cell-v1,0,0
55,1800000055203000,203000,response,reverse,12,18,256,02:00:00:00:00:01,02:00:00:00:00:02,0x88b5,D4C1,1,1,1,894,18,208,16,defense4-s3-cell,d4-cell-v1,0,0
55,1800000055203250,203250,response,reverse,13,19,256,02:00:00:00:00:01,02:00:00:00:00:02,0x88b5,D4C1,1,1,1,895,18,208,16,defense4-s3-cell,d4-cell-v1,0,0
55,1800000055203500,203500,tail,forward,0,20,256,02:00:00:00:00:02,02:00:00:00:00:01,0x88b5,D4C1,1,1,1,334,18,208,16,defense4-s3-cell,d4-cell-v1,0,0
55,1800000055203750,203750,tail,forward,1,21,256,02:00:00:00:00:02,02:00:00:00:00:01,0x88b5,D4C1,1,1,1,335,18,208,16,defense4-s3-cell,d4-cell-v1,0,0
56,1800000056000000,0,request,forward,0,0,256,02:00:00:00:00:02,02:00:00:00:00:01,0x88b5,D4C1,1,1,1,336,18,208,16,defense4-s3-cell,d4-cell-v1,0,0
56,1800000056000250,250,request,forward,1,1,256,02:00:00:00:00:02,02:00:00:00:00:01,0x88b5,D4C1,1,1,1,337,18,208,16,defense4-s3-cell,d4-cell-v1,0,0
56,1800000056000500,500,request,forward,2,2,256,02:00:00:00:00:02,02:00:00:00:00:01,0x88b5,D4C1,1,1,1,338,18,208,16,defense4-s3-cell,d4-cell-v1,0,0
56,1800000056000750,750,request,forward,3,3,256,02:00:00:00:00:02,02:00:00:00:00:01,0x88b5,D4C1,1,1,1,339,18,208,16,defense4-s3-cell,d4-cell-v1,0,0
56,1800000056001000,1000,ack,reverse,0,4,256,02:00:00:00:00:01,02:00:00:00:00:02,0x88b5,D4C1,1,1,1,896,18,208,16,defense4-s3-cell,d4-cell-v1,0,0
56,1800000056001250,1250,ack,reverse,1,5,256,02:00:00:00:00:01,02:00:00:00:00:02,0x88b5,D4C1,1,1,1,897,18,208,16,defense4-s3-cell,d4-cell-v1,0,0
56,1800000056200000,200000,response,reverse,0,6,256,02:00:00:00:00:01,02:00:00:00:00:02,0x88b5,D4C1,1,1,1,898,18,208,16,defense4-s3-cell,d4-cell-v1,0,0
56,1800000056200250,200250,response,reverse,1,7,256,02:00:00:00:00:01,02:00:00:00:00:02,0x88b5,D4C1,1,1,1,899,18,208,16,defense4-s3-cell,d4-cell-v1,0,0
56,1800000056200500,200500,response,reverse,2,8,256,02:00:00:00:00:01,02:00:00:00:00:02,0x88b5,D4C1,1,1,1,900,18,208,16,defense4-s3-cell,d4-cell-v1,0,0
56,1800000056200750,200750,response,reverse,3,9,256,02:00:00:00:00:01,02:00:00:00:00:02,0x88b5,D4C1,1,1,1,901,18,208,16,defense4-s3-cell,d4-cell-v1,0,0
56,1800000056201000,201000,response,reverse,4,10,256,02:00:00:00:00:01,02:00:00:00:00:02,0x88b5,D4C1,1,1,1,902,18,208,16,defense4-s3-cell,d4-cell-v1,0,0
56,1800000056201250,201250,response,reverse,5,11,256,02:00:00:00:00:01,02:00:00:00:00:02,0x88b5,D4C1,1,1,1,903,18,208,16,defense4-s3-cell,d4-cell-v1,0,0
56,1800000056201500,201500,response,reverse,6,12,256,02:00:00:00:00:01,02:00:00:00:00:02,0x88b5,D4C1,1,1,1,904,18,208,16,defense4-s3-cell,d4-cell-v1,0,0
56,1800000056201750,201750,response,reverse,7,13,256,02:00:00:00:00:01,02:00:00:00:00:02,0x88b5,D4C1,1,1,1,905,18,208,16,defense4-s3-cell,d4-cell-v1,0,0
56,1800000056202000,202000,response,reverse,8,14,256,02:00:00:00:00:01,02:00:00:00:00:02,0x88b5,D4C1,1,1,1,906,18,208,16,defense4-s3-cell,d4-cell-v1,0,0
56,1800000056202250,202250,response,reverse,9,15,256,02:00:00:00:00:01,02:00:00:00:00:02,0x88b5,D4C1,1,1,1,907,18,208,16,defense4-s3-cell,d4-cell-v1,0,0
56,1800000056202500,202500,response,reverse,10,16,256,02:00:00:00:00:01,02:00:00:00:00:02,0x88b5,D4C1,1,1,1,908,18,208,16,defense4-s3-cell,d4-cell-v1,0,0
56,1800000056202750,202750,response,reverse,11,17,256,02:00:00:00:00:01,02:00:00:00:00:02,0x88b5,D4C1,1,1,1,909,18,208,16,defense4-s3-cell,d4-cell-v1,0,0
56,1800000056203000,203000,response,reverse,12,18,256,02:00:00:00:00:01,02:00:00:00:00:02,0x88b5,D4C1,1,1,1,910,18,208,16,defense4-s3-cell,d4-cell-v1,0,0
56,1800000056203250,203250,response,reverse,13,19,256,02:00:00:00:00:01,02:00:00:00:00:02,0x88b5,D4C1,1,1,1,911,18,208,16,defense4-s3-cell,d4-cell-v1,0,0
56,1800000056203500,203500,tail,forward,0,20,256,02:00:00:00:00:02,02:00:00:00:00:01,0x88b5,D4C1,1,1,1,340,18,208,16,defense4-s3-cell,d4-cell-v1,0,0
56,1800000056203750,203750,tail,forward,1,21,256,02:00:00:00:00:02,02:00:00:00:00:01,0x88b5,D4C1,1,1,1,341,18,208,16,defense4-s3-cell,d4-cell-v1,0,0
57,1800000057000000,0,request,forward,0,0,256,02:00:00:00:00:02,02:00:00:00:00:01,0x88b5,D4C1,1,1,1,342,18,208,16,defense4-s3-cell,d4-cell-v1,0,0
57,1800000057000250,250,request,forward,1,1,256,02:00:00:00:00:02,02:00:00:00:00:01,0x88b5,D4C1,1,1,1,343,18,208,16,defense4-s3-cell,d4-cell-v1,0,0
57,1800000057000500,500,request,forward,2,2,256,02:00:00:00:00:02,02:00:00:00:00:01,0x88b5,D4C1,1,1,1,344,18,208,16,defense4-s3-cell,d4-cell-v1,0,0
57,1800000057000750,750,request,forward,3,3,256,02:00:00:00:00:02,02:00:00:00:00:01,0x88b5,D4C1,1,1,1,345,18,208,16,defense4-s3-cell,d4-cell-v1,0,0
57,1800000057001000,1000,ack,reverse,0,4,256,02:00:00:00:00:01,02:00:00:00:00:02,0x88b5,D4C1,1,1,1,912,18,208,16,defense4-s3-cell,d4-cell-v1,0,0
57,1800000057001250,1250,ack,reverse,1,5,256,02:00:00:00:00:01,02:00:00:00:00:02,0x88b5,D4C1,1,1,1,913,18,208,16,defense4-s3-cell,d4-cell-v1,0,0
57,1800000057200000,200000,response,reverse,0,6,256,02:00:00:00:00:01,02:00:00:00:00:02,0x88b5,D4C1,1,1,1,914,18,208,16,defense4-s3-cell,d4-cell-v1,0,0
57,1800000057200250,200250,response,reverse,1,7,256,02:00:00:00:00:01,02:00:00:00:00:02,0x88b5,D4C1,1,1,1,915,18,208,16,defense4-s3-cell,d4-cell-v1,0,0
57,1800000057200500,200500,response,reverse,2,8,256,02:00:00:00:00:01,02:00:00:00:00:02,0x88b5,D4C1,1,1,1,916,18,208,16,defense4-s3-cell,d4-cell-v1,0,0
57,1800000057200750,200750,response,reverse,3,9,256,02:00:00:00:00:01,02:00:00:00:00:02,0x88b5,D4C1,1,1,1,917,18,208,16,defense4-s3-cell,d4-cell-v1,0,0
57,1800000057201000,201000,response,reverse,4,10,256,02:00:00:00:00:01,02:00:00:00:00:02,0x88b5,D4C1,1,1,1,918,18,208,16,defense4-s3-cell,d4-cell-v1,0,0
57,1800000057201250,201250,response,reverse,5,11,256,02:00:00:00:00:01,02:00:00:00:00:02,0x88b5,D4C1,1,1,1,919,18,208,16,defense4-s3-cell,d4-cell-v1,0,0
57,1800000057201500,201500,response,reverse,6,12,256,02:00:00:00:00:01,02:00:00:00:00:02,0x88b5,D4C1,1,1,1,920,18,208,16,defense4-s3-cell,d4-cell-v1,0,0
57,1800000057201750,201750,response,reverse,7,13,256,02:00:00:00:00:01,02:00:00:00:00:02,0x88b5,D4C1,1,1,1,921,18,208,16,defense4-s3-cell,d4-cell-v1,0,0
57,1800000057202000,202000,response,reverse,8,14,256,02:00:00:00:00:01,02:00:00:00:00:02,0x88b5,D4C1,1,1,1,922,18,208,16,defense4-s3-cell,d4-cell-v1,0,0
57,1800000057202250,202250,response,reverse,9,15,256,02:00:00:00:00:01,02:00:00:00:00:02,0x88b5,D4C1,1,1,1,923,18,208,16,defense4-s3-cell,d4-cell-v1,0,0
57,1800000057202500,202500,response,reverse,10,16,256,02:00:00:00:00:01,02:00:00:00:00:02,0x88b5,D4C1,1,1,1,924,18,208,16,defense4-s3-cell,d4-cell-v1,0,0
57,1800000057202750,202750,response,reverse,11,17,256,02:00:00:00:00:01,02:00:00:00:00:02,0x88b5,D4C1,1,1,1,925,18,208,16,defense4-s3-cell,d4-cell-v1,0,0
57,1800000057203000,203000,response,reverse,12,18,256,02:00:00:00:00:01,02:00:00:00:00:02,0x88b5,D4C1,1,1,1,926,18,208,16,defense4-s3-cell,d4-cell-v1,0,0
57,1800000057203250,203250,response,reverse,13,19,256,02:00:00:00:00:01,02:00:00:00:00:02,0x88b5,D4C1,1,1,1,927,18,208,16,defense4-s3-cell,d4-cell-v1,0,0
57,1800000057203500,203500,tail,forward,0,20,256,02:00:00:00:00:02,02:00:00:00:00:01,0x88b5,D4C1,1,1,1,346,18,208,16,defense4-s3-cell,d4-cell-v1,0,0
57,1800000057203750,203750,tail,forward,1,21,256,02:00:00:00:00:02,02:00:00:00:00:01,0x88b5,D4C1,1,1,1,347,18,208,16,defense4-s3-cell,d4-cell-v1,0,0
58,1800000058000000,0,request,forward,0,0,256,02:00:00:00:00:02,02:00:00:00:00:01,0x88b5,D4C1,1,1,1,348,18,208,16,defense4-s3-cell,d4-cell-v1,0,0
58,1800000058000250,250,request,forward,1,1,256,02:00:00:00:00:02,02:00:00:00:00:01,0x88b5,D4C1,1,1,1,349,18,208,16,defense4-s3-cell,d4-cell-v1,0,0
58,1800000058000500,500,request,forward,2,2,256,02:00:00:00:00:02,02:00:00:00:00:01,0x88b5,D4C1,1,1,1,350,18,208,16,defense4-s3-cell,d4-cell-v1,0,0
58,1800000058000750,750,request,forward,3,3,256,02:00:00:00:00:02,02:00:00:00:00:01,0x88b5,D4C1,1,1,1,351,18,208,16,defense4-s3-cell,d4-cell-v1,0,0
58,1800000058001000,1000,ack,reverse,0,4,256,02:00:00:00:00:01,02:00:00:00:00:02,0x88b5,D4C1,1,1,1,928,18,208,16,defense4-s3-cell,d4-cell-v1,0,0
58,1800000058001250,1250,ack,reverse,1,5,256,02:00:00:00:00:01,02:00:00:00:00:02,0x88b5,D4C1,1,1,1,929,18,208,16,defense4-s3-cell,d4-cell-v1,0,0
58,1800000058200000,200000,response,reverse,0,6,256,02:00:00:00:00:01,02:00:00:00:00:02,0x88b5,D4C1,1,1,1,930,18,208,16,defense4-s3-cell,d4-cell-v1,0,0
58,1800000058200250,200250,response,reverse,1,7,256,02:00:00:00:00:01,02:00:00:00:00:02,0x88b5,D4C1,1,1,1,931,18,208,16,defense4-s3-cell,d4-cell-v1,0,0
58,1800000058200500,200500,response,reverse,2,8,256,02:00:00:00:00:01,02:00:00:00:00:02,0x88b5,D4C1,1,1,1,932,18,208,16,defense4-s3-cell,d4-cell-v1,0,0
58,1800000058200750,200750,response,reverse,3,9,256,02:00:00:00:00:01,02:00:00:00:00:02,0x88b5,D4C1,1,1,1,933,18,208,16,defense4-s3-cell,d4-cell-v1,0,0
58,1800000058201000,201000,response,reverse,4,10,256,02:00:00:00:00:01,02:00:00:00:00:02,0x88b5,D4C1,1,1,1,934,18,208,16,defense4-s3-cell,d4-cell-v1,0,0
58,1800000058201250,201250,response,reverse,5,11,256,02:00:00:00:00:01,02:00:00:00:00:02,0x88b5,D4C1,1,1,1,935,18,208,16,defense4-s3-cell,d4-cell-v1,0,0
58,1800000058201500,201500,response,reverse,6,12,256,02:00:00:00:00:01,02:00:00:00:00:02,0x88b5,D4C1,1,1,1,936,18,208,16,defense4-s3-cell,d4-cell-v1,0,0
58,1800000058201750,201750,response,reverse,7,13,256,02:00:00:00:00:01,02:00:00:00:00:02,0x88b5,D4C1,1,1,1,937,18,208,16,defense4-s3-cell,d4-cell-v1,0,0
58,1800000058202000,202000,response,reverse,8,14,256,02:00:00:00:00:01,02:00:00:00:00:02,0x88b5,D4C1,1,1,1,938,18,208,16,defense4-s3-cell,d4-cell-v1,0,0
58,1800000058202250,202250,response,reverse,9,15,256,02:00:00:00:00:01,02:00:00:00:00:02,0x88b5,D4C1,1,1,1,939,18,208,16,defense4-s3-cell,d4-cell-v1,0,0
58,1800000058202500,202500,response,reverse,10,16,256,02:00:00:00:00:01,02:00:00:00:00:02,0x88b5,D4C1,1,1,1,940,18,208,16,defense4-s3-cell,d4-cell-v1,0,0
58,1800000058202750,202750,response,reverse,11,17,256,02:00:00:00:00:01,02:00:00:00:00:02,0x88b5,D4C1,1,1,1,941,18,208,16,defense4-s3-cell,d4-cell-v1,0,0
58,1800000058203000,203000,response,reverse,12,18,256,02:00:00:00:00:01,02:00:00:00:00:02,0x88b5,D4C1,1,1,1,942,18,208,16,defense4-s3-cell,d4-cell-v1,0,0
58,1800000058203250,203250,response,reverse,13,19,256,02:00:00:00:00:01,02:00:00:00:00:02,0x88b5,D4C1,1,1,1,943,18,208,16,defense4-s3-cell,d4-cell-v1,0,0
58,1800000058203500,203500,tail,forward,0,20,256,02:00:00:00:00:02,02:00:00:00:00:01,0x88b5,D4C1,1,1,1,352,18,208,16,defense4-s3-cell,d4-cell-v1,0,0
58,1800000058203750,203750,tail,forward,1,21,256,02:00:00:00:00:02,02:00:00:00:00:01,0x88b5,D4C1,1,1,1,353,18,208,16,defense4-s3-cell,d4-cell-v1,0,0
59,1800000059000000,0,request,forward,0,0,256,02:00:00:00:00:02,02:00:00:00:00:01,0x88b5,D4C1,1,1,1,354,18,208,16,defense4-s3-cell,d4-cell-v1,0,0
59,1800000059000250,250,request,forward,1,1,256,02:00:00:00:00:02,02:00:00:00:00:01,0x88b5,D4C1,1,1,1,355,18,208,16,defense4-s3-cell,d4-cell-v1,0,0
59,1800000059000500,500,request,forward,2,2,256,02:00:00:00:00:02,02:00:00:00:00:01,0x88b5,D4C1,1,1,1,356,18,208,16,defense4-s3-cell,d4-cell-v1,0,0
59,1800000059000750,750,request,forward,3,3,256,02:00:00:00:00:02,02:00:00:00:00:01,0x88b5,D4C1,1,1,1,357,18,208,16,defense4-s3-cell,d4-cell-v1,0,0
59,1800000059001000,1000,ack,reverse,0,4,256,02:00:00:00:00:01,02:00:00:00:00:02,0x88b5,D4C1,1,1,1,944,18,208,16,defense4-s3-cell,d4-cell-v1,0,0
59,1800000059001250,1250,ack,reverse,1,5,256,02:00:00:00:00:01,02:00:00:00:00:02,0x88b5,D4C1,1,1,1,945,18,208,16,defense4-s3-cell,d4-cell-v1,0,0
59,1800000059200000,200000,response,reverse,0,6,256,02:00:00:00:00:01,02:00:00:00:00:02,0x88b5,D4C1,1,1,1,946,18,208,16,defense4-s3-cell,d4-cell-v1,0,0
59,1800000059200250,200250,response,reverse,1,7,256,02:00:00:00:00:01,02:00:00:00:00:02,0x88b5,D4C1,1,1,1,947,18,208,16,defense4-s3-cell,d4-cell-v1,0,0
59,1800000059200500,200500,response,reverse,2,8,256,02:00:00:00:00:01,02:00:00:00:00:02,0x88b5,D4C1,1,1,1,948,18,208,16,defense4-s3-cell,d4-cell-v1,0,0
59,1800000059200750,200750,response,reverse,3,9,256,02:00:00:00:00:01,02:00:00:00:00:02,0x88b5,D4C1,1,1,1,949,18,208,16,defense4-s3-cell,d4-cell-v1,0,0
59,1800000059201000,201000,response,reverse,4,10,256,02:00:00:00:00:01,02:00:00:00:00:02,0x88b5,D4C1,1,1,1,950,18,208,16,defense4-s3-cell,d4-cell-v1,0,0
59,1800000059201250,201250,response,reverse,5,11,256,02:00:00:00:00:01,02:00:00:00:00:02,0x88b5,D4C1,1,1,1,951,18,208,16,defense4-s3-cell,d4-cell-v1,0,0
59,1800000059201500,201500,response,reverse,6,12,256,02:00:00:00:00:01,02:00:00:00:00:02,0x88b5,D4C1,1,1,1,952,18,208,16,defense4-s3-cell,d4-cell-v1,0,0
59,1800000059201750,201750,response,reverse,7,13,256,02:00:00:00:00:01,02:00:00:00:00:02,0x88b5,D4C1,1,1,1,953,18,208,16,defense4-s3-cell,d4-cell-v1,0,0
59,1800000059202000,202000,response,reverse,8,14,256,02:00:00:00:00:01,02:00:00:00:00:02,0x88b5,D4C1,1,1,1,954,18,208,16,defense4-s3-cell,d4-cell-v1,0,0
59,1800000059202250,202250,response,reverse,9,15,256,02:00:00:00:00:01,02:00:00:00:00:02,0x88b5,D4C1,1,1,1,955,18,208,16,defense4-s3-cell,d4-cell-v1,0,0
59,1800000059202500,202500,response,reverse,10,16,256,02:00:00:00:00:01,02:00:00:00:00:02,0x88b5,D4C1,1,1,1,956,18,208,16,defense4-s3-cell,d4-cell-v1,0,0
59,1800000059202750,202750,response,reverse,11,17,256,02:00:00:00:00:01,02:00:00:00:00:02,0x88b5,D4C1,1,1,1,957,18,208,16,defense4-s3-cell,d4-cell-v1,0,0
59,1800000059203000,203000,response,reverse,12,18,256,02:00:00:00:00:01,02:00:00:00:00:02,0x88b5,D4C1,1,1,1,958,18,208,16,defense4-s3-cell,d4-cell-v1,0,0
59,1800000059203250,203250,response,reverse,13,19,256,02:00:00:00:00:01,02:00:00:00:00:02,0x88b5,D4C1,1,1,1,959,18,208,16,defense4-s3-cell,d4-cell-v1,0,0
59,1800000059203500,203500,tail,forward,0,20,256,02:00:00:00:00:02,02:00:00:00:00:01,0x88b5,D4C1,1,1,1,358,18,208,16,defense4-s3-cell,d4-cell-v1,0,0
59,1800000059203750,203750,tail,forward,1,21,256,02:00:00:00:00:02,02:00:00:00:00:01,0x88b5,D4C1,1,1,1,359,18,208,16,defense4-s3-cell,d4-cell-v1,0,0
60,1800000060000000,0,request,forward,0,0,256,02:00:00:00:00:02,02:00:00:00:00:01,0x88b5,D4C1,1,1,1,360,18,208,16,defense4-s3-cell,d4-cell-v1,0,0
60,1800000060000250,250,request,forward,1,1,256,02:00:00:00:00:02,02:00:00:00:00:01,0x88b5,D4C1,1,1,1,361,18,208,16,defense4-s3-cell,d4-cell-v1,0,0
60,1800000060000500,500,request,forward,2,2,256,02:00:00:00:00:02,02:00:00:00:00:01,0x88b5,D4C1,1,1,1,362,18,208,16,defense4-s3-cell,d4-cell-v1,0,0
60,1800000060000750,750,request,forward,3,3,256,02:00:00:00:00:02,02:00:00:00:00:01,0x88b5,D4C1,1,1,1,363,18,208,16,defense4-s3-cell,d4-cell-v1,0,0
60,1800000060001000,1000,ack,reverse,0,4,256,02:00:00:00:00:01,02:00:00:00:00:02,0x88b5,D4C1,1,1,1,960,18,208,16,defense4-s3-cell,d4-cell-v1,0,0
60,1800000060001250,1250,ack,reverse,1,5,256,02:00:00:00:00:01,02:00:00:00:00:02,0x88b5,D4C1,1,1,1,961,18,208,16,defense4-s3-cell,d4-cell-v1,0,0
60,1800000060200000,200000,response,reverse,0,6,256,02:00:00:00:00:01,02:00:00:00:00:02,0x88b5,D4C1,1,1,1,962,18,208,16,defense4-s3-cell,d4-cell-v1,0,0
60,1800000060200250,200250,response,reverse,1,7,256,02:00:00:00:00:01,02:00:00:00:00:02,0x88b5,D4C1,1,1,1,963,18,208,16,defense4-s3-cell,d4-cell-v1,0,0
60,1800000060200500,200500,response,reverse,2,8,256,02:00:00:00:00:01,02:00:00:00:00:02,0x88b5,D4C1,1,1,1,964,18,208,16,defense4-s3-cell,d4-cell-v1,0,0
60,1800000060200750,200750,response,reverse,3,9,256,02:00:00:00:00:01,02:00:00:00:00:02,0x88b5,D4C1,1,1,1,965,18,208,16,defense4-s3-cell,d4-cell-v1,0,0
60,1800000060201000,201000,response,reverse,4,10,256,02:00:00:00:00:01,02:00:00:00:00:02,0x88b5,D4C1,1,1,1,966,18,208,16,defense4-s3-cell,d4-cell-v1,0,0
60,1800000060201250,201250,response,reverse,5,11,256,02:00:00:00:00:01,02:00:00:00:00:02,0x88b5,D4C1,1,1,1,967,18,208,16,defense4-s3-cell,d4-cell-v1,0,0
60,1800000060201500,201500,response,reverse,6,12,256,02:00:00:00:00:01,02:00:00:00:00:02,0x88b5,D4C1,1,1,1,968,18,208,16,defense4-s3-cell,d4-cell-v1,0,0
60,1800000060201750,201750,response,reverse,7,13,256,02:00:00:00:00:01,02:00:00:00:00:02,0x88b5,D4C1,1,1,1,969,18,208,16,defense4-s3-cell,d4-cell-v1,0,0
60,1800000060202000,202000,response,reverse,8,14,256,02:00:00:00:00:01,02:00:00:00:00:02,0x88b5,D4C1,1,1,1,970,18,208,16,defense4-s3-cell,d4-cell-v1,0,0
60,1800000060202250,202250,response,reverse,9,15,256,02:00:00:00:00:01,02:00:00:00:00:02,0x88b5,D4C1,1,1,1,971,18,208,16,defense4-s3-cell,d4-cell-v1,0,0
60,1800000060202500,202500,response,reverse,10,16,256,02:00:00:00:00:01,02:00:00:00:00:02,0x88b5,D4C1,1,1,1,972,18,208,16,defense4-s3-cell,d4-cell-v1,0,0
60,1800000060202750,202750,response,reverse,11,17,256,02:00:00:00:00:01,02:00:00:00:00:02,0x88b5,D4C1,1,1,1,973,18,208,16,defense4-s3-cell,d4-cell-v1,0,0
60,1800000060203000,203000,response,reverse,12,18,256,02:00:00:00:00:01,02:00:00:00:00:02,0x88b5,D4C1,1,1,1,974,18,208,16,defense4-s3-cell,d4-cell-v1,0,0
60,1800000060203250,203250,response,reverse,13,19,256,02:00:00:00:00:01,02:00:00:00:00:02,0x88b5,D4C1,1,1,1,975,18,208,16,defense4-s3-cell,d4-cell-v1,0,0
60,1800000060203500,203500,tail,forward,0,20,256,02:00:00:00:00:02,02:00:00:00:00:01,0x88b5,D4C1,1,1,1,364,18,208,16,defense4-s3-cell,d4-cell-v1,0,0
60,1800000060203750,203750,tail,forward,1,21,256,02:00:00:00:00:02,02:00:00:00:00:01,0x88b5,D4C1,1,1,1,365,18,208,16,defense4-s3-cell,d4-cell-v1,0,0
61,1800000061000000,0,request,forward,0,0,256,02:00:00:00:00:02,02:00:00:00:00:01,0x88b5,D4C1,1,1,1,366,18,208,16,defense4-s3-cell,d4-cell-v1,0,0
61,1800000061000250,250,request,forward,1,1,256,02:00:00:00:00:02,02:00:00:00:00:01,0x88b5,D4C1,1,1,1,367,18,208,16,defense4-s3-cell,d4-cell-v1,0,0
61,1800000061000500,500,request,forward,2,2,256,02:00:00:00:00:02,02:00:00:00:00:01,0x88b5,D4C1,1,1,1,368,18,208,16,defense4-s3-cell,d4-cell-v1,0,0
61,1800000061000750,750,request,forward,3,3,256,02:00:00:00:00:02,02:00:00:00:00:01,0x88b5,D4C1,1,1,1,369,18,208,16,defense4-s3-cell,d4-cell-v1,0,0
61,1800000061001000,1000,ack,reverse,0,4,256,02:00:00:00:00:01,02:00:00:00:00:02,0x88b5,D4C1,1,1,1,976,18,208,16,defense4-s3-cell,d4-cell-v1,0,0
61,1800000061001250,1250,ack,reverse,1,5,256,02:00:00:00:00:01,02:00:00:00:00:02,0x88b5,D4C1,1,1,1,977,18,208,16,defense4-s3-cell,d4-cell-v1,0,0
61,1800000061200000,200000,response,reverse,0,6,256,02:00:00:00:00:01,02:00:00:00:00:02,0x88b5,D4C1,1,1,1,978,18,208,16,defense4-s3-cell,d4-cell-v1,0,0
61,1800000061200250,200250,response,reverse,1,7,256,02:00:00:00:00:01,02:00:00:00:00:02,0x88b5,D4C1,1,1,1,979,18,208,16,defense4-s3-cell,d4-cell-v1,0,0
61,1800000061200500,200500,response,reverse,2,8,256,02:00:00:00:00:01,02:00:00:00:00:02,0x88b5,D4C1,1,1,1,980,18,208,16,defense4-s3-cell,d4-cell-v1,0,0
61,1800000061200750,200750,response,reverse,3,9,256,02:00:00:00:00:01,02:00:00:00:00:02,0x88b5,D4C1,1,1,1,981,18,208,16,defense4-s3-cell,d4-cell-v1,0,0
61,1800000061201000,201000,response,reverse,4,10,256,02:00:00:00:00:01,02:00:00:00:00:02,0x88b5,D4C1,1,1,1,982,18,208,16,defense4-s3-cell,d4-cell-v1,0,0
61,1800000061201250,201250,response,reverse,5,11,256,02:00:00:00:00:01,02:00:00:00:00:02,0x88b5,D4C1,1,1,1,983,18,208,16,defense4-s3-cell,d4-cell-v1,0,0
61,1800000061201500,201500,response,reverse,6,12,256,02:00:00:00:00:01,02:00:00:00:00:02,0x88b5,D4C1,1,1,1,984,18,208,16,defense4-s3-cell,d4-cell-v1,0,0
61,1800000061201750,201750,response,reverse,7,13,256,02:00:00:00:00:01,02:00:00:00:00:02,0x88b5,D4C1,1,1,1,985,18,208,16,defense4-s3-cell,d4-cell-v1,0,0
61,1800000061202000,202000,response,reverse,8,14,256,02:00:00:00:00:01,02:00:00:00:00:02,0x88b5,D4C1,1,1,1,986,18,208,16,defense4-s3-cell,d4-cell-v1,0,0
61,1800000061202250,202250,response,reverse,9,15,256,02:00:00:00:00:01,02:00:00:00:00:02,0x88b5,D4C1,1,1,1,987,18,208,16,defense4-s3-cell,d4-cell-v1,0,0
61,1800000061202500,202500,response,reverse,10,16,256,02:00:00:00:00:01,02:00:00:00:00:02,0x88b5,D4C1,1,1,1,988,18,208,16,defense4-s3-cell,d4-cell-v1,0,0
61,1800000061202750,202750,response,reverse,11,17,256,02:00:00:00:00:01,02:00:00:00:00:02,0x88b5,D4C1,1,1,1,989,18,208,16,defense4-s3-cell,d4-cell-v1,0,0
61,1800000061203000,203000,response,reverse,12,18,256,02:00:00:00:00:01,02:00:00:00:00:02,0x88b5,D4C1,1,1,1,990,18,208,16,defense4-s3-cell,d4-cell-v1,0,0
61,1800000061203250,203250,response,reverse,13,19,256,02:00:00:00:00:01,02:00:00:00:00:02,0x88b5,D4C1,1,1,1,991,18,208,16,defense4-s3-cell,d4-cell-v1,0,0
61,1800000061203500,203500,tail,forward,0,20,256,02:00:00:00:00:02,02:00:00:00:00:01,0x88b5,D4C1,1,1,1,370,18,208,16,defense4-s3-cell,d4-cell-v1,0,0
61,1800000061203750,203750,tail,forward,1,21,256,02:00:00:00:00:02,02:00:00:00:00:01,0x88b5,D4C1,1,1,1,371,18,208,16,defense4-s3-cell,d4-cell-v1,0,0
62,1800000062000000,0,request,forward,0,0,256,02:00:00:00:00:02,02:00:00:00:00:01,0x88b5,D4C1,1,1,1,372,18,208,16,defense4-s3-cell,d4-cell-v1,0,0
62,1800000062000250,250,request,forward,1,1,256,02:00:00:00:00:02,02:00:00:00:00:01,0x88b5,D4C1,1,1,1,373,18,208,16,defense4-s3-cell,d4-cell-v1,0,0
62,1800000062000500,500,request,forward,2,2,256,02:00:00:00:00:02,02:00:00:00:00:01,0x88b5,D4C1,1,1,1,374,18,208,16,defense4-s3-cell,d4-cell-v1,0,0
62,1800000062000750,750,request,forward,3,3,256,02:00:00:00:00:02,02:00:00:00:00:01,0x88b5,D4C1,1,1,1,375,18,208,16,defense4-s3-cell,d4-cell-v1,0,0
62,1800000062001000,1000,ack,reverse,0,4,256,02:00:00:00:00:01,02:00:00:00:00:02,0x88b5,D4C1,1,1,1,992,18,208,16,defense4-s3-cell,d4-cell-v1,0,0
62,1800000062001250,1250,ack,reverse,1,5,256,02:00:00:00:00:01,02:00:00:00:00:02,0x88b5,D4C1,1,1,1,993,18,208,16,defense4-s3-cell,d4-cell-v1,0,0
62,1800000062200000,200000,response,reverse,0,6,256,02:00:00:00:00:01,02:00:00:00:00:02,0x88b5,D4C1,1,1,1,994,18,208,16,defense4-s3-cell,d4-cell-v1,0,0
62,1800000062200250,200250,response,reverse,1,7,256,02:00:00:00:00:01,02:00:00:00:00:02,0x88b5,D4C1,1,1,1,995,18,208,16,defense4-s3-cell,d4-cell-v1,0,0
62,1800000062200500,200500,response,reverse,2,8,256,02:00:00:00:00:01,02:00:00:00:00:02,0x88b5,D4C1,1,1,1,996,18,208,16,defense4-s3-cell,d4-cell-v1,0,0
62,1800000062200750,200750,response,reverse,3,9,256,02:00:00:00:00:01,02:00:00:00:00:02,0x88b5,D4C1,1,1,1,997,18,208,16,defense4-s3-cell,d4-cell-v1,0,0
62,1800000062201000,201000,response,reverse,4,10,256,02:00:00:00:00:01,02:00:00:00:00:02,0x88b5,D4C1,1,1,1,998,18,208,16,defense4-s3-cell,d4-cell-v1,0,0
62,1800000062201250,201250,response,reverse,5,11,256,02:00:00:00:00:01,02:00:00:00:00:02,0x88b5,D4C1,1,1,1,999,18,208,16,defense4-s3-cell,d4-cell-v1,0,0
62,1800000062201500,201500,response,reverse,6,12,256,02:00:00:00:00:01,02:00:00:00:00:02,0x88b5,D4C1,1,1,1,1000,18,208,16,defense4-s3-cell,d4-cell-v1,0,0
62,1800000062201750,201750,response,reverse,7,13,256,02:00:00:00:00:01,02:00:00:00:00:02,0x88b5,D4C1,1,1,1,1001,18,208,16,defense4-s3-cell,d4-cell-v1,0,0
62,1800000062202000,202000,response,reverse,8,14,256,02:00:00:00:00:01,02:00:00:00:00:02,0x88b5,D4C1,1,1,1,1002,18,208,16,defense4-s3-cell,d4-cell-v1,0,0
62,1800000062202250,202250,response,reverse,9,15,256,02:00:00:00:00:01,02:00:00:00:00:02,0x88b5,D4C1,1,1,1,1003,18,208,16,defense4-s3-cell,d4-cell-v1,0,0
62,1800000062202500,202500,response,reverse,10,16,256,02:00:00:00:00:01,02:00:00:00:00:02,0x88b5,D4C1,1,1,1,1004,18,208,16,defense4-s3-cell,d4-cell-v1,0,0
62,1800000062202750,202750,response,reverse,11,17,256,02:00:00:00:00:01,02:00:00:00:00:02,0x88b5,D4C1,1,1,1,1005,18,208,16,defense4-s3-cell,d4-cell-v1,0,0
62,1800000062203000,203000,response,reverse,12,18,256,02:00:00:00:00:01,02:00:00:00:00:02,0x88b5,D4C1,1,1,1,1006,18,208,16,defense4-s3-cell,d4-cell-v1,0,0
62,1800000062203250,203250,response,reverse,13,19,256,02:00:00:00:00:01,02:00:00:00:00:02,0x88b5,D4C1,1,1,1,1007,18,208,16,defense4-s3-cell,d4-cell-v1,0,0
62,1800000062203500,203500,tail,forward,0,20,256,02:00:00:00:00:02,02:00:00:00:00:01,0x88b5,D4C1,1,1,1,376,18,208,16,defense4-s3-cell,d4-cell-v1,0,0
62,1800000062203750,203750,tail,forward,1,21,256,02:00:00:00:00:02,02:00:00:00:00:01,0x88b5,D4C1,1,1,1,377,18,208,16,defense4-s3-cell,d4-cell-v1,0,0
63,1800000063000000,0,request,forward,0,0,256,02:00:00:00:00:02,02:00:00:00:00:01,0x88b5,D4C1,1,1,1,378,18,208,16,defense4-s3-cell,d4-cell-v1,0,0
63,1800000063000250,250,request,forward,1,1,256,02:00:00:00:00:02,02:00:00:00:00:01,0x88b5,D4C1,1,1,1,379,18,208,16,defense4-s3-cell,d4-cell-v1,0,0
63,1800000063000500,500,request,forward,2,2,256,02:00:00:00:00:02,02:00:00:00:00:01,0x88b5,D4C1,1,1,1,380,18,208,16,defense4-s3-cell,d4-cell-v1,0,0
63,1800000063000750,750,request,forward,3,3,256,02:00:00:00:00:02,02:00:00:00:00:01,0x88b5,D4C1,1,1,1,381,18,208,16,defense4-s3-cell,d4-cell-v1,0,0
63,1800000063001000,1000,ack,reverse,0,4,256,02:00:00:00:00:01,02:00:00:00:00:02,0x88b5,D4C1,1,1,1,1008,18,208,16,defense4-s3-cell,d4-cell-v1,0,0
63,1800000063001250,1250,ack,reverse,1,5,256,02:00:00:00:00:01,02:00:00:00:00:02,0x88b5,D4C1,1,1,1,1009,18,208,16,defense4-s3-cell,d4-cell-v1,0,0
63,1800000063200000,200000,response,reverse,0,6,256,02:00:00:00:00:01,02:00:00:00:00:02,0x88b5,D4C1,1,1,1,1010,18,208,16,defense4-s3-cell,d4-cell-v1,0,0
63,1800000063200250,200250,response,reverse,1,7,256,02:00:00:00:00:01,02:00:00:00:00:02,0x88b5,D4C1,1,1,1,1011,18,208,16,defense4-s3-cell,d4-cell-v1,0,0
63,1800000063200500,200500,response,reverse,2,8,256,02:00:00:00:00:01,02:00:00:00:00:02,0x88b5,D4C1,1,1,1,1012,18,208,16,defense4-s3-cell,d4-cell-v1,0,0
63,1800000063200750,200750,response,reverse,3,9,256,02:00:00:00:00:01,02:00:00:00:00:02,0x88b5,D4C1,1,1,1,1013,18,208,16,defense4-s3-cell,d4-cell-v1,0,0
63,1800000063201000,201000,response,reverse,4,10,256,02:00:00:00:00:01,02:00:00:00:00:02,0x88b5,D4C1,1,1,1,1014,18,208,16,defense4-s3-cell,d4-cell-v1,0,0
63,1800000063201250,201250,response,reverse,5,11,256,02:00:00:00:00:01,02:00:00:00:00:02,0x88b5,D4C1,1,1,1,1015,18,208,16,defense4-s3-cell,d4-cell-v1,0,0
63,1800000063201500,201500,response,reverse,6,12,256,02:00:00:00:00:01,02:00:00:00:00:02,0x88b5,D4C1,1,1,1,1016,18,208,16,defense4-s3-cell,d4-cell-v1,0,0
63,1800000063201750,201750,response,reverse,7,13,256,02:00:00:00:00:01,02:00:00:00:00:02,0x88b5,D4C1,1,1,1,1017,18,208,16,defense4-s3-cell,d4-cell-v1,0,0
63,1800000063202000,202000,response,reverse,8,14,256,02:00:00:00:00:01,02:00:00:00:00:02,0x88b5,D4C1,1,1,1,1018,18,208,16,defense4-s3-cell,d4-cell-v1,0,0
63,1800000063202250,202250,response,reverse,9,15,256,02:00:00:00:00:01,02:00:00:00:00:02,0x88b5,D4C1,1,1,1,1019,18,208,16,defense4-s3-cell,d4-cell-v1,0,0
63,1800000063202500,202500,response,reverse,10,16,256,02:00:00:00:00:01,02:00:00:00:00:02,0x88b5,D4C1,1,1,1,1020,18,208,16,defense4-s3-cell,d4-cell-v1,0,0
63,1800000063202750,202750,response,reverse,11,17,256,02:00:00:00:00:01,02:00:00:00:00:02,0x88b5,D4C1,1,1,1,1021,18,208,16,defense4-s3-cell,d4-cell-v1,0,0
63,1800000063203000,203000,response,reverse,12,18,256,02:00:00:00:00:01,02:00:00:00:00:02,0x88b5,D4C1,1,1,1,1022,18,208,16,defense4-s3-cell,d4-cell-v1,0,0
63,1800000063203250,203250,response,reverse,13,19,256,02:00:00:00:00:01,02:00:00:00:00:02,0x88b5,D4C1,1,1,1,1023,18,208,16,defense4-s3-cell,d4-cell-v1,0,0
63,1800000063203500,203500,tail,forward,0,20,256,02:00:00:00:00:02,02:00:00:00:00:01,0x88b5,D4C1,1,1,1,382,18,208,16,defense4-s3-cell,d4-cell-v1,0,0
63,1800000063203750,203750,tail,forward,1,21,256,02:00:00:00:00:02,02:00:00:00:00:01,0x88b5,D4C1,1,1,1,383,18,208,16,defense4-s3-cell,d4-cell-v1,0,0
64,1800000064000000,0,request,forward,0,0,256,02:00:00:00:00:02,02:00:00:00:00:01,0x88b5,D4C1,1,1,1,384,18,208,16,defense4-s3-cell,d4-cell-v1,0,0
64,1800000064000250,250,request,forward,1,1,256,02:00:00:00:00:02,02:00:00:00:00:01,0x88b5,D4C1,1,1,1,385,18,208,16,defense4-s3-cell,d4-cell-v1,0,0
64,1800000064000500,500,request,forward,2,2,256,02:00:00:00:00:02,02:00:00:00:00:01,0x88b5,D4C1,1,1,1,386,18,208,16,defense4-s3-cell,d4-cell-v1,0,0
64,1800000064000750,750,request,forward,3,3,256,02:00:00:00:00:02,02:00:00:00:00:01,0x88b5,D4C1,1,1,1,387,18,208,16,defense4-s3-cell,d4-cell-v1,0,0
64,1800000064001000,1000,ack,reverse,0,4,256,02:00:00:00:00:01,02:00:00:00:00:02,0x88b5,D4C1,1,1,1,1024,18,208,16,defense4-s3-cell,d4-cell-v1,0,0
64,1800000064001250,1250,ack,reverse,1,5,256,02:00:00:00:00:01,02:00:00:00:00:02,0x88b5,D4C1,1,1,1,1025,18,208,16,defense4-s3-cell,d4-cell-v1,0,0
64,1800000064200000,200000,response,reverse,0,6,256,02:00:00:00:00:01,02:00:00:00:00:02,0x88b5,D4C1,1,1,1,1026,18,208,16,defense4-s3-cell,d4-cell-v1,0,0
64,1800000064200250,200250,response,reverse,1,7,256,02:00:00:00:00:01,02:00:00:00:00:02,0x88b5,D4C1,1,1,1,1027,18,208,16,defense4-s3-cell,d4-cell-v1,0,0
64,1800000064200500,200500,response,reverse,2,8,256,02:00:00:00:00:01,02:00:00:00:00:02,0x88b5,D4C1,1,1,1,1028,18,208,16,defense4-s3-cell,d4-cell-v1,0,0
64,1800000064200750,200750,response,reverse,3,9,256,02:00:00:00:00:01,02:00:00:00:00:02,0x88b5,D4C1,1,1,1,1029,18,208,16,defense4-s3-cell,d4-cell-v1,0,0
64,1800000064201000,201000,response,reverse,4,10,256,02:00:00:00:00:01,02:00:00:00:00:02,0x88b5,D4C1,1,1,1,1030,18,208,16,defense4-s3-cell,d4-cell-v1,0,0
64,1800000064201250,201250,response,reverse,5,11,256,02:00:00:00:00:01,02:00:00:00:00:02,0x88b5,D4C1,1,1,1,1031,18,208,16,defense4-s3-cell,d4-cell-v1,0,0
64,1800000064201500,201500,response,reverse,6,12,256,02:00:00:00:00:01,02:00:00:00:00:02,0x88b5,D4C1,1,1,1,1032,18,208,16,defense4-s3-cell,d4-cell-v1,0,0
64,1800000064201750,201750,response,reverse,7,13,256,02:00:00:00:00:01,02:00:00:00:00:02,0x88b5,D4C1,1,1,1,1033,18,208,16,defense4-s3-cell,d4-cell-v1,0,0
64,1800000064202000,202000,response,reverse,8,14,256,02:00:00:00:00:01,02:00:00:00:00:02,0x88b5,D4C1,1,1,1,1034,18,208,16,defense4-s3-cell,d4-cell-v1,0,0
64,1800000064202250,202250,response,reverse,9,15,256,02:00:00:00:00:01,02:00:00:00:00:02,0x88b5,D4C1,1,1,1,1035,18,208,16,defense4-s3-cell,d4-cell-v1,0,0
64,1800000064202500,202500,response,reverse,10,16,256,02:00:00:00:00:01,02:00:00:00:00:02,0x88b5,D4C1,1,1,1,1036,18,208,16,defense4-s3-cell,d4-cell-v1,0,0
64,1800000064202750,202750,response,reverse,11,17,256,02:00:00:00:00:01,02:00:00:00:00:02,0x88b5,D4C1,1,1,1,1037,18,208,16,defense4-s3-cell,d4-cell-v1,0,0
64,1800000064203000,203000,response,reverse,12,18,256,02:00:00:00:00:01,02:00:00:00:00:02,0x88b5,D4C1,1,1,1,1038,18,208,16,defense4-s3-cell,d4-cell-v1,0,0
64,1800000064203250,203250,response,reverse,13,19,256,02:00:00:00:00:01,02:00:00:00:00:02,0x88b5,D4C1,1,1,1,1039,18,208,16,defense4-s3-cell,d4-cell-v1,0,0
64,1800000064203500,203500,tail,forward,0,20,256,02:00:00:00:00:02,02:00:00:00:00:01,0x88b5,D4C1,1,1,1,388,18,208,16,defense4-s3-cell,d4-cell-v1,0,0
64,1800000064203750,203750,tail,forward,1,21,256,02:00:00:00:00:02,02:00:00:00:00:01,0x88b5,D4C1,1,1,1,389,18,208,16,defense4-s3-cell,d4-cell-v1,0,0
65,1800000065000000,0,request,forward,0,0,256,02:00:00:00:00:02,02:00:00:00:00:01,0x88b5,D4C1,1,1,1,390,18,208,16,defense4-s3-cell,d4-cell-v1,0,0
65,1800000065000250,250,request,forward,1,1,256,02:00:00:00:00:02,02:00:00:00:00:01,0x88b5,D4C1,1,1,1,391,18,208,16,defense4-s3-cell,d4-cell-v1,0,0
65,1800000065000500,500,request,forward,2,2,256,02:00:00:00:00:02,02:00:00:00:00:01,0x88b5,D4C1,1,1,1,392,18,208,16,defense4-s3-cell,d4-cell-v1,0,0
65,1800000065000750,750,request,forward,3,3,256,02:00:00:00:00:02,02:00:00:00:00:01,0x88b5,D4C1,1,1,1,393,18,208,16,defense4-s3-cell,d4-cell-v1,0,0
65,1800000065001000,1000,ack,reverse,0,4,256,02:00:00:00:00:01,02:00:00:00:00:02,0x88b5,D4C1,1,1,1,1040,18,208,16,defense4-s3-cell,d4-cell-v1,0,0
65,1800000065001250,1250,ack,reverse,1,5,256,02:00:00:00:00:01,02:00:00:00:00:02,0x88b5,D4C1,1,1,1,1041,18,208,16,defense4-s3-cell,d4-cell-v1,0,0
65,1800000065200000,200000,response,reverse,0,6,256,02:00:00:00:00:01,02:00:00:00:00:02,0x88b5,D4C1,1,1,1,1042,18,208,16,defense4-s3-cell,d4-cell-v1,0,0
65,1800000065200250,200250,response,reverse,1,7,256,02:00:00:00:00:01,02:00:00:00:00:02,0x88b5,D4C1,1,1,1,1043,18,208,16,defense4-s3-cell,d4-cell-v1,0,0
65,1800000065200500,200500,response,reverse,2,8,256,02:00:00:00:00:01,02:00:00:00:00:02,0x88b5,D4C1,1,1,1,1044,18,208,16,defense4-s3-cell,d4-cell-v1,0,0
65,1800000065200750,200750,response,reverse,3,9,256,02:00:00:00:00:01,02:00:00:00:00:02,0x88b5,D4C1,1,1,1,1045,18,208,16,defense4-s3-cell,d4-cell-v1,0,0
65,1800000065201000,201000,response,reverse,4,10,256,02:00:00:00:00:01,02:00:00:00:00:02,0x88b5,D4C1,1,1,1,1046,18,208,16,defense4-s3-cell,d4-cell-v1,0,0
65,1800000065201250,201250,response,reverse,5,11,256,02:00:00:00:00:01,02:00:00:00:00:02,0x88b5,D4C1,1,1,1,1047,18,208,16,defense4-s3-cell,d4-cell-v1,0,0
65,1800000065201500,201500,response,reverse,6,12,256,02:00:00:00:00:01,02:00:00:00:00:02,0x88b5,D4C1,1,1,1,1048,18,208,16,defense4-s3-cell,d4-cell-v1,0,0
65,1800000065201750,201750,response,reverse,7,13,256,02:00:00:00:00:01,02:00:00:00:00:02,0x88b5,D4C1,1,1,1,1049,18,208,16,defense4-s3-cell,d4-cell-v1,0,0
65,1800000065202000,202000,response,reverse,8,14,256,02:00:00:00:00:01,02:00:00:00:00:02,0x88b5,D4C1,1,1,1,1050,18,208,16,defense4-s3-cell,d4-cell-v1,0,0
65,1800000065202250,202250,response,reverse,9,15,256,02:00:00:00:00:01,02:00:00:00:00:02,0x88b5,D4C1,1,1,1,1051,18,208,16,defense4-s3-cell,d4-cell-v1,0,0
65,1800000065202500,202500,response,reverse,10,16,256,02:00:00:00:00:01,02:00:00:00:00:02,0x88b5,D4C1,1,1,1,1052,18,208,16,defense4-s3-cell,d4-cell-v1,0,0
65,1800000065202750,202750,response,reverse,11,17,256,02:00:00:00:00:01,02:00:00:00:00:02,0x88b5,D4C1,1,1,1,1053,18,208,16,defense4-s3-cell,d4-cell-v1,0,0
65,1800000065203000,203000,response,reverse,12,18,256,02:00:00:00:00:01,02:00:00:00:00:02,0x88b5,D4C1,1,1,1,1054,18,208,16,defense4-s3-cell,d4-cell-v1,0,0
65,1800000065203250,203250,response,reverse,13,19,256,02:00:00:00:00:01,02:00:00:00:00:02,0x88b5,D4C1,1,1,1,1055,18,208,16,defense4-s3-cell,d4-cell-v1,0,0
65,1800000065203500,203500,tail,forward,0,20,256,02:00:00:00:00:02,02:00:00:00:00:01,0x88b5,D4C1,1,1,1,394,18,208,16,defense4-s3-cell,d4-cell-v1,0,0
65,1800000065203750,203750,tail,forward,1,21,256,02:00:00:00:00:02,02:00:00:00:00:01,0x88b5,D4C1,1,1,1,395,18,208,16,defense4-s3-cell,d4-cell-v1,0,0
66,1800000066000000,0,request,forward,0,0,256,02:00:00:00:00:02,02:00:00:00:00:01,0x88b5,D4C1,1,1,1,396,18,208,16,defense4-s3-cell,d4-cell-v1,0,0
66,1800000066000250,250,request,forward,1,1,256,02:00:00:00:00:02,02:00:00:00:00:01,0x88b5,D4C1,1,1,1,397,18,208,16,defense4-s3-cell,d4-cell-v1,0,0
66,1800000066000500,500,request,forward,2,2,256,02:00:00:00:00:02,02:00:00:00:00:01,0x88b5,D4C1,1,1,1,398,18,208,16,defense4-s3-cell,d4-cell-v1,0,0
66,1800000066000750,750,request,forward,3,3,256,02:00:00:00:00:02,02:00:00:00:00:01,0x88b5,D4C1,1,1,1,399,18,208,16,defense4-s3-cell,d4-cell-v1,0,0
66,1800000066001000,1000,ack,reverse,0,4,256,02:00:00:00:00:01,02:00:00:00:00:02,0x88b5,D4C1,1,1,1,1056,18,208,16,defense4-s3-cell,d4-cell-v1,0,0
66,1800000066001250,1250,ack,reverse,1,5,256,02:00:00:00:00:01,02:00:00:00:00:02,0x88b5,D4C1,1,1,1,1057,18,208,16,defense4-s3-cell,d4-cell-v1,0,0
66,1800000066200000,200000,response,reverse,0,6,256,02:00:00:00:00:01,02:00:00:00:00:02,0x88b5,D4C1,1,1,1,1058,18,208,16,defense4-s3-cell,d4-cell-v1,0,0
66,1800000066200250,200250,response,reverse,1,7,256,02:00:00:00:00:01,02:00:00:00:00:02,0x88b5,D4C1,1,1,1,1059,18,208,16,defense4-s3-cell,d4-cell-v1,0,0
66,1800000066200500,200500,response,reverse,2,8,256,02:00:00:00:00:01,02:00:00:00:00:02,0x88b5,D4C1,1,1,1,1060,18,208,16,defense4-s3-cell,d4-cell-v1,0,0
66,1800000066200750,200750,response,reverse,3,9,256,02:00:00:00:00:01,02:00:00:00:00:02,0x88b5,D4C1,1,1,1,1061,18,208,16,defense4-s3-cell,d4-cell-v1,0,0
66,1800000066201000,201000,response,reverse,4,10,256,02:00:00:00:00:01,02:00:00:00:00:02,0x88b5,D4C1,1,1,1,1062,18,208,16,defense4-s3-cell,d4-cell-v1,0,0
66,1800000066201250,201250,response,reverse,5,11,256,02:00:00:00:00:01,02:00:00:00:00:02,0x88b5,D4C1,1,1,1,1063,18,208,16,defense4-s3-cell,d4-cell-v1,0,0
66,1800000066201500,201500,response,reverse,6,12,256,02:00:00:00:00:01,02:00:00:00:00:02,0x88b5,D4C1,1,1,1,1064,18,208,16,defense4-s3-cell,d4-cell-v1,0,0
66,1800000066201750,201750,response,reverse,7,13,256,02:00:00:00:00:01,02:00:00:00:00:02,0x88b5,D4C1,1,1,1,1065,18,208,16,defense4-s3-cell,d4-cell-v1,0,0
66,1800000066202000,202000,response,reverse,8,14,256,02:00:00:00:00:01,02:00:00:00:00:02,0x88b5,D4C1,1,1,1,1066,18,208,16,defense4-s3-cell,d4-cell-v1,0,0
66,1800000066202250,202250,response,reverse,9,15,256,02:00:00:00:00:01,02:00:00:00:00:02,0x88b5,D4C1,1,1,1,1067,18,208,16,defense4-s3-cell,d4-cell-v1,0,0
66,1800000066202500,202500,response,reverse,10,16,256,02:00:00:00:00:01,02:00:00:00:00:02,0x88b5,D4C1,1,1,1,1068,18,208,16,defense4-s3-cell,d4-cell-v1,0,0
66,1800000066202750,202750,response,reverse,11,17,256,02:00:00:00:00:01,02:00:00:00:00:02,0x88b5,D4C1,1,1,1,1069,18,208,16,defense4-s3-cell,d4-cell-v1,0,0
66,1800000066203000,203000,response,reverse,12,18,256,02:00:00:00:00:01,02:00:00:00:00:02,0x88b5,D4C1,1,1,1,1070,18,208,16,defense4-s3-cell,d4-cell-v1,0,0
66,1800000066203250,203250,response,reverse,13,19,256,02:00:00:00:00:01,02:00:00:00:00:02,0x88b5,D4C1,1,1,1,1071,18,208,16,defense4-s3-cell,d4-cell-v1,0,0
66,1800000066203500,203500,tail,forward,0,20,256,02:00:00:00:00:02,02:00:00:00:00:01,0x88b5,D4C1,1,1,1,400,18,208,16,defense4-s3-cell,d4-cell-v1,0,0
66,1800000066203750,203750,tail,forward,1,21,256,02:00:00:00:00:02,02:00:00:00:00:01,0x88b5,D4C1,1,1,1,401,18,208,16,defense4-s3-cell,d4-cell-v1,0,0
67,1800000067000000,0,request,forward,0,0,256,02:00:00:00:00:02,02:00:00:00:00:01,0x88b5,D4C1,1,1,1,402,18,208,16,defense4-s3-cell,d4-cell-v1,0,0
67,1800000067000250,250,request,forward,1,1,256,02:00:00:00:00:02,02:00:00:00:00:01,0x88b5,D4C1,1,1,1,403,18,208,16,defense4-s3-cell,d4-cell-v1,0,0
67,1800000067000500,500,request,forward,2,2,256,02:00:00:00:00:02,02:00:00:00:00:01,0x88b5,D4C1,1,1,1,404,18,208,16,defense4-s3-cell,d4-cell-v1,0,0
67,1800000067000750,750,request,forward,3,3,256,02:00:00:00:00:02,02:00:00:00:00:01,0x88b5,D4C1,1,1,1,405,18,208,16,defense4-s3-cell,d4-cell-v1,0,0
67,1800000067001000,1000,ack,reverse,0,4,256,02:00:00:00:00:01,02:00:00:00:00:02,0x88b5,D4C1,1,1,1,1072,18,208,16,defense4-s3-cell,d4-cell-v1,0,0
67,1800000067001250,1250,ack,reverse,1,5,256,02:00:00:00:00:01,02:00:00:00:00:02,0x88b5,D4C1,1,1,1,1073,18,208,16,defense4-s3-cell,d4-cell-v1,0,0
67,1800000067200000,200000,response,reverse,0,6,256,02:00:00:00:00:01,02:00:00:00:00:02,0x88b5,D4C1,1,1,1,1074,18,208,16,defense4-s3-cell,d4-cell-v1,0,0
67,1800000067200250,200250,response,reverse,1,7,256,02:00:00:00:00:01,02:00:00:00:00:02,0x88b5,D4C1,1,1,1,1075,18,208,16,defense4-s3-cell,d4-cell-v1,0,0
67,1800000067200500,200500,response,reverse,2,8,256,02:00:00:00:00:01,02:00:00:00:00:02,0x88b5,D4C1,1,1,1,1076,18,208,16,defense4-s3-cell,d4-cell-v1,0,0
67,1800000067200750,200750,response,reverse,3,9,256,02:00:00:00:00:01,02:00:00:00:00:02,0x88b5,D4C1,1,1,1,1077,18,208,16,defense4-s3-cell,d4-cell-v1,0,0
67,1800000067201000,201000,response,reverse,4,10,256,02:00:00:00:00:01,02:00:00:00:00:02,0x88b5,D4C1,1,1,1,1078,18,208,16,defense4-s3-cell,d4-cell-v1,0,0
67,1800000067201250,201250,response,reverse,5,11,256,02:00:00:00:00:01,02:00:00:00:00:02,0x88b5,D4C1,1,1,1,1079,18,208,16,defense4-s3-cell,d4-cell-v1,0,0
67,1800000067201500,201500,response,reverse,6,12,256,02:00:00:00:00:01,02:00:00:00:00:02,0x88b5,D4C1,1,1,1,1080,18,208,16,defense4-s3-cell,d4-cell-v1,0,0
67,1800000067201750,201750,response,reverse,7,13,256,02:00:00:00:00:01,02:00:00:00:00:02,0x88b5,D4C1,1,1,1,1081,18,208,16,defense4-s3-cell,d4-cell-v1,0,0
67,1800000067202000,202000,response,reverse,8,14,256,02:00:00:00:00:01,02:00:00:00:00:02,0x88b5,D4C1,1,1,1,1082,18,208,16,defense4-s3-cell,d4-cell-v1,0,0
67,1800000067202250,202250,response,reverse,9,15,256,02:00:00:00:00:01,02:00:00:00:00:02,0x88b5,D4C1,1,1,1,1083,18,208,16,defense4-s3-cell,d4-cell-v1,0,0
67,1800000067202500,202500,response,reverse,10,16,256,02:00:00:00:00:01,02:00:00:00:00:02,0x88b5,D4C1,1,1,1,1084,18,208,16,defense4-s3-cell,d4-cell-v1,0,0
67,1800000067202750,202750,response,reverse,11,17,256,02:00:00:00:00:01,02:00:00:00:00:02,0x88b5,D4C1,1,1,1,1085,18,208,16,defense4-s3-cell,d4-cell-v1,0,0
67,1800000067203000,203000,response,reverse,12,18,256,02:00:00:00:00:01,02:00:00:00:00:02,0x88b5,D4C1,1,1,1,1086,18,208,16,defense4-s3-cell,d4-cell-v1,0,0
67,1800000067203250,203250,response,reverse,13,19,256,02:00:00:00:00:01,02:00:00:00:00:02,0x88b5,D4C1,1,1,1,1087,18,208,16,defense4-s3-cell,d4-cell-v1,0,0
67,1800000067203500,203500,tail,forward,0,20,256,02:00:00:00:00:02,02:00:00:00:00:01,0x88b5,D4C1,1,1,1,406,18,208,16,defense4-s3-cell,d4-cell-v1,0,0
67,1800000067203750,203750,tail,forward,1,21,256,02:00:00:00:00:02,02:00:00:00:00:01,0x88b5,D4C1,1,1,1,407,18,208,16,defense4-s3-cell,d4-cell-v1,0,0
68,1800000068000000,0,request,forward,0,0,256,02:00:00:00:00:02,02:00:00:00:00:01,0x88b5,D4C1,1,1,1,408,18,208,16,defense4-s3-cell,d4-cell-v1,0,0
68,1800000068000250,250,request,forward,1,1,256,02:00:00:00:00:02,02:00:00:00:00:01,0x88b5,D4C1,1,1,1,409,18,208,16,defense4-s3-cell,d4-cell-v1,0,0
68,1800000068000500,500,request,forward,2,2,256,02:00:00:00:00:02,02:00:00:00:00:01,0x88b5,D4C1,1,1,1,410,18,208,16,defense4-s3-cell,d4-cell-v1,0,0
68,1800000068000750,750,request,forward,3,3,256,02:00:00:00:00:02,02:00:00:00:00:01,0x88b5,D4C1,1,1,1,411,18,208,16,defense4-s3-cell,d4-cell-v1,0,0
68,1800000068001000,1000,ack,reverse,0,4,256,02:00:00:00:00:01,02:00:00:00:00:02,0x88b5,D4C1,1,1,1,1088,18,208,16,defense4-s3-cell,d4-cell-v1,0,0
68,1800000068001250,1250,ack,reverse,1,5,256,02:00:00:00:00:01,02:00:00:00:00:02,0x88b5,D4C1,1,1,1,1089,18,208,16,defense4-s3-cell,d4-cell-v1,0,0
68,1800000068200000,200000,response,reverse,0,6,256,02:00:00:00:00:01,02:00:00:00:00:02,0x88b5,D4C1,1,1,1,1090,18,208,16,defense4-s3-cell,d4-cell-v1,0,0
68,1800000068200250,200250,response,reverse,1,7,256,02:00:00:00:00:01,02:00:00:00:00:02,0x88b5,D4C1,1,1,1,1091,18,208,16,defense4-s3-cell,d4-cell-v1,0,0
68,1800000068200500,200500,response,reverse,2,8,256,02:00:00:00:00:01,02:00:00:00:00:02,0x88b5,D4C1,1,1,1,1092,18,208,16,defense4-s3-cell,d4-cell-v1,0,0
68,1800000068200750,200750,response,reverse,3,9,256,02:00:00:00:00:01,02:00:00:00:00:02,0x88b5,D4C1,1,1,1,1093,18,208,16,defense4-s3-cell,d4-cell-v1,0,0
68,1800000068201000,201000,response,reverse,4,10,256,02:00:00:00:00:01,02:00:00:00:00:02,0x88b5,D4C1,1,1,1,1094,18,208,16,defense4-s3-cell,d4-cell-v1,0,0
68,1800000068201250,201250,response,reverse,5,11,256,02:00:00:00:00:01,02:00:00:00:00:02,0x88b5,D4C1,1,1,1,1095,18,208,16,defense4-s3-cell,d4-cell-v1,0,0
68,1800000068201500,201500,response,reverse,6,12,256,02:00:00:00:00:01,02:00:00:00:00:02,0x88b5,D4C1,1,1,1,1096,18,208,16,defense4-s3-cell,d4-cell-v1,0,0
68,1800000068201750,201750,response,reverse,7,13,256,02:00:00:00:00:01,02:00:00:00:00:02,0x88b5,D4C1,1,1,1,1097,18,208,16,defense4-s3-cell,d4-cell-v1,0,0
68,1800000068202000,202000,response,reverse,8,14,256,02:00:00:00:00:01,02:00:00:00:00:02,0x88b5,D4C1,1,1,1,1098,18,208,16,defense4-s3-cell,d4-cell-v1,0,0
68,1800000068202250,202250,response,reverse,9,15,256,02:00:00:00:00:01,02:00:00:00:00:02,0x88b5,D4C1,1,1,1,1099,18,208,16,defense4-s3-cell,d4-cell-v1,0,0
68,1800000068202500,202500,response,reverse,10,16,256,02:00:00:00:00:01,02:00:00:00:00:02,0x88b5,D4C1,1,1,1,1100,18,208,16,defense4-s3-cell,d4-cell-v1,0,0
68,1800000068202750,202750,response,reverse,11,17,256,02:00:00:00:00:01,02:00:00:00:00:02,0x88b5,D4C1,1,1,1,1101,18,208,16,defense4-s3-cell,d4-cell-v1,0,0
68,1800000068203000,203000,response,reverse,12,18,256,02:00:00:00:00:01,02:00:00:00:00:02,0x88b5,D4C1,1,1,1,1102,18,208,16,defense4-s3-cell,d4-cell-v1,0,0
68,1800000068203250,203250,response,reverse,13,19,256,02:00:00:00:00:01,02:00:00:00:00:02,0x88b5,D4C1,1,1,1,1103,18,208,16,defense4-s3-cell,d4-cell-v1,0,0
68,1800000068203500,203500,tail,forward,0,20,256,02:00:00:00:00:02,02:00:00:00:00:01,0x88b5,D4C1,1,1,1,412,18,208,16,defense4-s3-cell,d4-cell-v1,0,0
68,1800000068203750,203750,tail,forward,1,21,256,02:00:00:00:00:02,02:00:00:00:00:01,0x88b5,D4C1,1,1,1,413,18,208,16,defense4-s3-cell,d4-cell-v1,0,0
69,1800000069000000,0,request,forward,0,0,256,02:00:00:00:00:02,02:00:00:00:00:01,0x88b5,D4C1,1,1,1,414,18,208,16,defense4-s3-cell,d4-cell-v1,0,0
69,1800000069000250,250,request,forward,1,1,256,02:00:00:00:00:02,02:00:00:00:00:01,0x88b5,D4C1,1,1,1,415,18,208,16,defense4-s3-cell,d4-cell-v1,0,0
69,1800000069000500,500,request,forward,2,2,256,02:00:00:00:00:02,02:00:00:00:00:01,0x88b5,D4C1,1,1,1,416,18,208,16,defense4-s3-cell,d4-cell-v1,0,0
69,1800000069000750,750,request,forward,3,3,256,02:00:00:00:00:02,02:00:00:00:00:01,0x88b5,D4C1,1,1,1,417,18,208,16,defense4-s3-cell,d4-cell-v1,0,0
69,1800000069001000,1000,ack,reverse,0,4,256,02:00:00:00:00:01,02:00:00:00:00:02,0x88b5,D4C1,1,1,1,1104,18,208,16,defense4-s3-cell,d4-cell-v1,0,0
69,1800000069001250,1250,ack,reverse,1,5,256,02:00:00:00:00:01,02:00:00:00:00:02,0x88b5,D4C1,1,1,1,1105,18,208,16,defense4-s3-cell,d4-cell-v1,0,0
69,1800000069200000,200000,response,reverse,0,6,256,02:00:00:00:00:01,02:00:00:00:00:02,0x88b5,D4C1,1,1,1,1106,18,208,16,defense4-s3-cell,d4-cell-v1,0,0
69,1800000069200250,200250,response,reverse,1,7,256,02:00:00:00:00:01,02:00:00:00:00:02,0x88b5,D4C1,1,1,1,1107,18,208,16,defense4-s3-cell,d4-cell-v1,0,0
69,1800000069200500,200500,response,reverse,2,8,256,02:00:00:00:00:01,02:00:00:00:00:02,0x88b5,D4C1,1,1,1,1108,18,208,16,defense4-s3-cell,d4-cell-v1,0,0
69,1800000069200750,200750,response,reverse,3,9,256,02:00:00:00:00:01,02:00:00:00:00:02,0x88b5,D4C1,1,1,1,1109,18,208,16,defense4-s3-cell,d4-cell-v1,0,0
69,1800000069201000,201000,response,reverse,4,10,256,02:00:00:00:00:01,02:00:00:00:00:02,0x88b5,D4C1,1,1,1,1110,18,208,16,defense4-s3-cell,d4-cell-v1,0,0
69,1800000069201250,201250,response,reverse,5,11,256,02:00:00:00:00:01,02:00:00:00:00:02,0x88b5,D4C1,1,1,1,1111,18,208,16,defense4-s3-cell,d4-cell-v1,0,0
69,1800000069201500,201500,response,reverse,6,12,256,02:00:00:00:00:01,02:00:00:00:00:02,0x88b5,D4C1,1,1,1,1112,18,208,16,defense4-s3-cell,d4-cell-v1,0,0
69,1800000069201750,201750,response,reverse,7,13,256,02:00:00:00:00:01,02:00:00:00:00:02,0x88b5,D4C1,1,1,1,1113,18,208,16,defense4-s3-cell,d4-cell-v1,0,0
69,1800000069202000,202000,response,reverse,8,14,256,02:00:00:00:00:01,02:00:00:00:00:02,0x88b5,D4C1,1,1,1,1114,18,208,16,defense4-s3-cell,d4-cell-v1,0,0
69,1800000069202250,202250,response,reverse,9,15,256,02:00:00:00:00:01,02:00:00:00:00:02,0x88b5,D4C1,1,1,1,1115,18,208,16,defense4-s3-cell,d4-cell-v1,0,0
69,1800000069202500,202500,response,reverse,10,16,256,02:00:00:00:00:01,02:00:00:00:00:02,0x88b5,D4C1,1,1,1,1116,18,208,16,defense4-s3-cell,d4-cell-v1,0,0
69,1800000069202750,202750,response,reverse,11,17,256,02:00:00:00:00:01,02:00:00:00:00:02,0x88b5,D4C1,1,1,1,1117,18,208,16,defense4-s3-cell,d4-cell-v1,0,0
69,1800000069203000,203000,response,reverse,12,18,256,02:00:00:00:00:01,02:00:00:00:00:02,0x88b5,D4C1,1,1,1,1118,18,208,16,defense4-s3-cell,d4-cell-v1,0,0
69,1800000069203250,203250,response,reverse,13,19,256,02:00:00:00:00:01,02:00:00:00:00:02,0x88b5,D4C1,1,1,1,1119,18,208,16,defense4-s3-cell,d4-cell-v1,0,0
69,1800000069203500,203500,tail,forward,0,20,256,02:00:00:00:00:02,02:00:00:00:00:01,0x88b5,D4C1,1,1,1,418,18,208,16,defense4-s3-cell,d4-cell-v1,0,0
69,1800000069203750,203750,tail,forward,1,21,256,02:00:00:00:00:02,02:00:00:00:00:01,0x88b5,D4C1,1,1,1,419,18,208,16,defense4-s3-cell,d4-cell-v1,0,0
70,1800000070000000,0,request,forward,0,0,256,02:00:00:00:00:02,02:00:00:00:00:01,0x88b5,D4C1,1,1,1,420,18,208,16,defense4-s3-cell,d4-cell-v1,0,0
70,1800000070000250,250,request,forward,1,1,256,02:00:00:00:00:02,02:00:00:00:00:01,0x88b5,D4C1,1,1,1,421,18,208,16,defense4-s3-cell,d4-cell-v1,0,0
70,1800000070000500,500,request,forward,2,2,256,02:00:00:00:00:02,02:00:00:00:00:01,0x88b5,D4C1,1,1,1,422,18,208,16,defense4-s3-cell,d4-cell-v1,0,0
70,1800000070000750,750,request,forward,3,3,256,02:00:00:00:00:02,02:00:00:00:00:01,0x88b5,D4C1,1,1,1,423,18,208,16,defense4-s3-cell,d4-cell-v1,0,0
70,1800000070001000,1000,ack,reverse,0,4,256,02:00:00:00:00:01,02:00:00:00:00:02,0x88b5,D4C1,1,1,1,1120,18,208,16,defense4-s3-cell,d4-cell-v1,0,0
70,1800000070001250,1250,ack,reverse,1,5,256,02:00:00:00:00:01,02:00:00:00:00:02,0x88b5,D4C1,1,1,1,1121,18,208,16,defense4-s3-cell,d4-cell-v1,0,0
70,1800000070200000,200000,response,reverse,0,6,256,02:00:00:00:00:01,02:00:00:00:00:02,0x88b5,D4C1,1,1,1,1122,18,208,16,defense4-s3-cell,d4-cell-v1,0,0
70,1800000070200250,200250,response,reverse,1,7,256,02:00:00:00:00:01,02:00:00:00:00:02,0x88b5,D4C1,1,1,1,1123,18,208,16,defense4-s3-cell,d4-cell-v1,0,0
70,1800000070200500,200500,response,reverse,2,8,256,02:00:00:00:00:01,02:00:00:00:00:02,0x88b5,D4C1,1,1,1,1124,18,208,16,defense4-s3-cell,d4-cell-v1,0,0
70,1800000070200750,200750,response,reverse,3,9,256,02:00:00:00:00:01,02:00:00:00:00:02,0x88b5,D4C1,1,1,1,1125,18,208,16,defense4-s3-cell,d4-cell-v1,0,0
70,1800000070201000,201000,response,reverse,4,10,256,02:00:00:00:00:01,02:00:00:00:00:02,0x88b5,D4C1,1,1,1,1126,18,208,16,defense4-s3-cell,d4-cell-v1,0,0
70,1800000070201250,201250,response,reverse,5,11,256,02:00:00:00:00:01,02:00:00:00:00:02,0x88b5,D4C1,1,1,1,1127,18,208,16,defense4-s3-cell,d4-cell-v1,0,0
70,1800000070201500,201500,response,reverse,6,12,256,02:00:00:00:00:01,02:00:00:00:00:02,0x88b5,D4C1,1,1,1,1128,18,208,16,defense4-s3-cell,d4-cell-v1,0,0
70,1800000070201750,201750,response,reverse,7,13,256,02:00:00:00:00:01,02:00:00:00:00:02,0x88b5,D4C1,1,1,1,1129,18,208,16,defense4-s3-cell,d4-cell-v1,0,0
70,1800000070202000,202000,response,reverse,8,14,256,02:00:00:00:00:01,02:00:00:00:00:02,0x88b5,D4C1,1,1,1,1130,18,208,16,defense4-s3-cell,d4-cell-v1,0,0
70,1800000070202250,202250,response,reverse,9,15,256,02:00:00:00:00:01,02:00:00:00:00:02,0x88b5,D4C1,1,1,1,1131,18,208,16,defense4-s3-cell,d4-cell-v1,0,0
70,1800000070202500,202500,response,reverse,10,16,256,02:00:00:00:00:01,02:00:00:00:00:02,0x88b5,D4C1,1,1,1,1132,18,208,16,defense4-s3-cell,d4-cell-v1,0,0
70,1800000070202750,202750,response,reverse,11,17,256,02:00:00:00:00:01,02:00:00:00:00:02,0x88b5,D4C1,1,1,1,1133,18,208,16,defense4-s3-cell,d4-cell-v1,0,0
70,1800000070203000,203000,response,reverse,12,18,256,02:00:00:00:00:01,02:00:00:00:00:02,0x88b5,D4C1,1,1,1,1134,18,208,16,defense4-s3-cell,d4-cell-v1,0,0
70,1800000070203250,203250,response,reverse,13,19,256,02:00:00:00:00:01,02:00:00:00:00:02,0x88b5,D4C1,1,1,1,1135,18,208,16,defense4-s3-cell,d4-cell-v1,0,0
70,1800000070203500,203500,tail,forward,0,20,256,02:00:00:00:00:02,02:00:00:00:00:01,0x88b5,D4C1,1,1,1,424,18,208,16,defense4-s3-cell,d4-cell-v1,0,0
70,1800000070203750,203750,tail,forward,1,21,256,02:00:00:00:00:02,02:00:00:00:00:01,0x88b5,D4C1,1,1,1,425,18,208,16,defense4-s3-cell,d4-cell-v1,0,0
71,1800000071000000,0,request,forward,0,0,256,02:00:00:00:00:02,02:00:00:00:00:01,0x88b5,D4C1,1,1,1,426,18,208,16,defense4-s3-cell,d4-cell-v1,0,0
71,1800000071000250,250,request,forward,1,1,256,02:00:00:00:00:02,02:00:00:00:00:01,0x88b5,D4C1,1,1,1,427,18,208,16,defense4-s3-cell,d4-cell-v1,0,0
71,1800000071000500,500,request,forward,2,2,256,02:00:00:00:00:02,02:00:00:00:00:01,0x88b5,D4C1,1,1,1,428,18,208,16,defense4-s3-cell,d4-cell-v1,0,0
71,1800000071000750,750,request,forward,3,3,256,02:00:00:00:00:02,02:00:00:00:00:01,0x88b5,D4C1,1,1,1,429,18,208,16,defense4-s3-cell,d4-cell-v1,0,0
71,1800000071001000,1000,ack,reverse,0,4,256,02:00:00:00:00:01,02:00:00:00:00:02,0x88b5,D4C1,1,1,1,1136,18,208,16,defense4-s3-cell,d4-cell-v1,0,0
71,1800000071001250,1250,ack,reverse,1,5,256,02:00:00:00:00:01,02:00:00:00:00:02,0x88b5,D4C1,1,1,1,1137,18,208,16,defense4-s3-cell,d4-cell-v1,0,0
71,1800000071200000,200000,response,reverse,0,6,256,02:00:00:00:00:01,02:00:00:00:00:02,0x88b5,D4C1,1,1,1,1138,18,208,16,defense4-s3-cell,d4-cell-v1,0,0
71,1800000071200250,200250,response,reverse,1,7,256,02:00:00:00:00:01,02:00:00:00:00:02,0x88b5,D4C1,1,1,1,1139,18,208,16,defense4-s3-cell,d4-cell-v1,0,0
71,1800000071200500,200500,response,reverse,2,8,256,02:00:00:00:00:01,02:00:00:00:00:02,0x88b5,D4C1,1,1,1,1140,18,208,16,defense4-s3-cell,d4-cell-v1,0,0
71,1800000071200750,200750,response,reverse,3,9,256,02:00:00:00:00:01,02:00:00:00:00:02,0x88b5,D4C1,1,1,1,1141,18,208,16,defense4-s3-cell,d4-cell-v1,0,0
71,1800000071201000,201000,response,reverse,4,10,256,02:00:00:00:00:01,02:00:00:00:00:02,0x88b5,D4C1,1,1,1,1142,18,208,16,defense4-s3-cell,d4-cell-v1,0,0
71,1800000071201250,201250,response,reverse,5,11,256,02:00:00:00:00:01,02:00:00:00:00:02,0x88b5,D4C1,1,1,1,1143,18,208,16,defense4-s3-cell,d4-cell-v1,0,0
71,1800000071201500,201500,response,reverse,6,12,256,02:00:00:00:00:01,02:00:00:00:00:02,0x88b5,D4C1,1,1,1,1144,18,208,16,defense4-s3-cell,d4-cell-v1,0,0
71,1800000071201750,201750,response,reverse,7,13,256,02:00:00:00:00:01,02:00:00:00:00:02,0x88b5,D4C1,1,1,1,1145,18,208,16,defense4-s3-cell,d4-cell-v1,0,0
71,1800000071202000,202000,response,reverse,8,14,256,02:00:00:00:00:01,02:00:00:00:00:02,0x88b5,D4C1,1,1,1,1146,18,208,16,defense4-s3-cell,d4-cell-v1,0,0
71,1800000071202250,202250,response,reverse,9,15,256,02:00:00:00:00:01,02:00:00:00:00:02,0x88b5,D4C1,1,1,1,1147,18,208,16,defense4-s3-cell,d4-cell-v1,0,0
71,1800000071202500,202500,response,reverse,10,16,256,02:00:00:00:00:01,02:00:00:00:00:02,0x88b5,D4C1,1,1,1,1148,18,208,16,defense4-s3-cell,d4-cell-v1,0,0
71,1800000071202750,202750,response,reverse,11,17,256,02:00:00:00:00:01,02:00:00:00:00:02,0x88b5,D4C1,1,1,1,1149,18,208,16,defense4-s3-cell,d4-cell-v1,0,0
71,1800000071203000,203000,response,reverse,12,18,256,02:00:00:00:00:01,02:00:00:00:00:02,0x88b5,D4C1,1,1,1,1150,18,208,16,defense4-s3-cell,d4-cell-v1,0,0
71,1800000071203250,203250,response,reverse,13,19,256,02:00:00:00:00:01,02:00:00:00:00:02,0x88b5,D4C1,1,1,1,1151,18,208,16,defense4-s3-cell,d4-cell-v1,0,0
71,1800000071203500,203500,tail,forward,0,20,256,02:00:00:00:00:02,02:00:00:00:00:01,0x88b5,D4C1,1,1,1,430,18,208,16,defense4-s3-cell,d4-cell-v1,0,0
71,1800000071203750,203750,tail,forward,1,21,256,02:00:00:00:00:02,02:00:00:00:00:01,0x88b5,D4C1,1,1,1,431,18,208,16,defense4-s3-cell,d4-cell-v1,0,0
72,1800000072000000,0,request,forward,0,0,256,02:00:00:00:00:02,02:00:00:00:00:01,0x88b5,D4C1,1,1,1,432,18,208,16,defense4-s3-cell,d4-cell-v1,0,0
72,1800000072000250,250,request,forward,1,1,256,02:00:00:00:00:02,02:00:00:00:00:01,0x88b5,D4C1,1,1,1,433,18,208,16,defense4-s3-cell,d4-cell-v1,0,0
72,1800000072000500,500,request,forward,2,2,256,02:00:00:00:00:02,02:00:00:00:00:01,0x88b5,D4C1,1,1,1,434,18,208,16,defense4-s3-cell,d4-cell-v1,0,0
72,1800000072000750,750,request,forward,3,3,256,02:00:00:00:00:02,02:00:00:00:00:01,0x88b5,D4C1,1,1,1,435,18,208,16,defense4-s3-cell,d4-cell-v1,0,0
72,1800000072001000,1000,ack,reverse,0,4,256,02:00:00:00:00:01,02:00:00:00:00:02,0x88b5,D4C1,1,1,1,1152,18,208,16,defense4-s3-cell,d4-cell-v1,0,0
72,1800000072001250,1250,ack,reverse,1,5,256,02:00:00:00:00:01,02:00:00:00:00:02,0x88b5,D4C1,1,1,1,1153,18,208,16,defense4-s3-cell,d4-cell-v1,0,0
72,1800000072200000,200000,response,reverse,0,6,256,02:00:00:00:00:01,02:00:00:00:00:02,0x88b5,D4C1,1,1,1,1154,18,208,16,defense4-s3-cell,d4-cell-v1,0,0
72,1800000072200250,200250,response,reverse,1,7,256,02:00:00:00:00:01,02:00:00:00:00:02,0x88b5,D4C1,1,1,1,1155,18,208,16,defense4-s3-cell,d4-cell-v1,0,0
72,1800000072200500,200500,response,reverse,2,8,256,02:00:00:00:00:01,02:00:00:00:00:02,0x88b5,D4C1,1,1,1,1156,18,208,16,defense4-s3-cell,d4-cell-v1,0,0
72,1800000072200750,200750,response,reverse,3,9,256,02:00:00:00:00:01,02:00:00:00:00:02,0x88b5,D4C1,1,1,1,1157,18,208,16,defense4-s3-cell,d4-cell-v1,0,0
72,1800000072201000,201000,response,reverse,4,10,256,02:00:00:00:00:01,02:00:00:00:00:02,0x88b5,D4C1,1,1,1,1158,18,208,16,defense4-s3-cell,d4-cell-v1,0,0
72,1800000072201250,201250,response,reverse,5,11,256,02:00:00:00:00:01,02:00:00:00:00:02,0x88b5,D4C1,1,1,1,1159,18,208,16,defense4-s3-cell,d4-cell-v1,0,0
72,1800000072201500,201500,response,reverse,6,12,256,02:00:00:00:00:01,02:00:00:00:00:02,0x88b5,D4C1,1,1,1,1160,18,208,16,defense4-s3-cell,d4-cell-v1,0,0
72,1800000072201750,201750,response,reverse,7,13,256,02:00:00:00:00:01,02:00:00:00:00:02,0x88b5,D4C1,1,1,1,1161,18,208,16,defense4-s3-cell,d4-cell-v1,0,0
72,1800000072202000,202000,response,reverse,8,14,256,02:00:00:00:00:01,02:00:00:00:00:02,0x88b5,D4C1,1,1,1,1162,18,208,16,defense4-s3-cell,d4-cell-v1,0,0
72,1800000072202250,202250,response,reverse,9,15,256,02:00:00:00:00:01,02:00:00:00:00:02,0x88b5,D4C1,1,1,1,1163,18,208,16,defense4-s3-cell,d4-cell-v1,0,0
72,1800000072202500,202500,response,reverse,10,16,256,02:00:00:00:00:01,02:00:00:00:00:02,0x88b5,D4C1,1,1,1,1164,18,208,16,defense4-s3-cell,d4-cell-v1,0,0
72,1800000072202750,202750,response,reverse,11,17,256,02:00:00:00:00:01,02:00:00:00:00:02,0x88b5,D4C1,1,1,1,1165,18,208,16,defense4-s3-cell,d4-cell-v1,0,0
72,1800000072203000,203000,response,reverse,12,18,256,02:00:00:00:00:01,02:00:00:00:00:02,0x88b5,D4C1,1,1,1,1166,18,208,16,defense4-s3-cell,d4-cell-v1,0,0
72,1800000072203250,203250,response,reverse,13,19,256,02:00:00:00:00:01,02:00:00:00:00:02,0x88b5,D4C1,1,1,1,1167,18,208,16,defense4-s3-cell,d4-cell-v1,0,0
72,1800000072203500,203500,tail,forward,0,20,256,02:00:00:00:00:02,02:00:00:00:00:01,0x88b5,D4C1,1,1,1,436,18,208,16,defense4-s3-cell,d4-cell-v1,0,0
72,1800000072203750,203750,tail,forward,1,21,256,02:00:00:00:00:02,02:00:00:00:00:01,0x88b5,D4C1,1,1,1,437,18,208,16,defense4-s3-cell,d4-cell-v1,0,0
73,1800000073000000,0,request,forward,0,0,256,02:00:00:00:00:02,02:00:00:00:00:01,0x88b5,D4C1,1,1,1,438,18,208,16,defense4-s3-cell,d4-cell-v1,0,0
73,1800000073000250,250,request,forward,1,1,256,02:00:00:00:00:02,02:00:00:00:00:01,0x88b5,D4C1,1,1,1,439,18,208,16,defense4-s3-cell,d4-cell-v1,0,0
73,1800000073000500,500,request,forward,2,2,256,02:00:00:00:00:02,02:00:00:00:00:01,0x88b5,D4C1,1,1,1,440,18,208,16,defense4-s3-cell,d4-cell-v1,0,0
73,1800000073000750,750,request,forward,3,3,256,02:00:00:00:00:02,02:00:00:00:00:01,0x88b5,D4C1,1,1,1,441,18,208,16,defense4-s3-cell,d4-cell-v1,0,0
73,1800000073001000,1000,ack,reverse,0,4,256,02:00:00:00:00:01,02:00:00:00:00:02,0x88b5,D4C1,1,1,1,1168,18,208,16,defense4-s3-cell,d4-cell-v1,0,0
73,1800000073001250,1250,ack,reverse,1,5,256,02:00:00:00:00:01,02:00:00:00:00:02,0x88b5,D4C1,1,1,1,1169,18,208,16,defense4-s3-cell,d4-cell-v1,0,0
73,1800000073200000,200000,response,reverse,0,6,256,02:00:00:00:00:01,02:00:00:00:00:02,0x88b5,D4C1,1,1,1,1170,18,208,16,defense4-s3-cell,d4-cell-v1,0,0
73,1800000073200250,200250,response,reverse,1,7,256,02:00:00:00:00:01,02:00:00:00:00:02,0x88b5,D4C1,1,1,1,1171,18,208,16,defense4-s3-cell,d4-cell-v1,0,0
73,1800000073200500,200500,response,reverse,2,8,256,02:00:00:00:00:01,02:00:00:00:00:02,0x88b5,D4C1,1,1,1,1172,18,208,16,defense4-s3-cell,d4-cell-v1,0,0
73,1800000073200750,200750,response,reverse,3,9,256,02:00:00:00:00:01,02:00:00:00:00:02,0x88b5,D4C1,1,1,1,1173,18,208,16,defense4-s3-cell,d4-cell-v1,0,0
73,1800000073201000,201000,response,reverse,4,10,256,02:00:00:00:00:01,02:00:00:00:00:02,0x88b5,D4C1,1,1,1,1174,18,208,16,defense4-s3-cell,d4-cell-v1,0,0
73,1800000073201250,201250,response,reverse,5,11,256,02:00:00:00:00:01,02:00:00:00:00:02,0x88b5,D4C1,1,1,1,1175,18,208,16,defense4-s3-cell,d4-cell-v1,0,0
73,1800000073201500,201500,response,reverse,6,12,256,02:00:00:00:00:01,02:00:00:00:00:02,0x88b5,D4C1,1,1,1,1176,18,208,16,defense4-s3-cell,d4-cell-v1,0,0
73,1800000073201750,201750,response,reverse,7,13,256,02:00:00:00:00:01,02:00:00:00:00:02,0x88b5,D4C1,1,1,1,1177,18,208,16,defense4-s3-cell,d4-cell-v1,0,0
73,1800000073202000,202000,response,reverse,8,14,256,02:00:00:00:00:01,02:00:00:00:00:02,0x88b5,D4C1,1,1,1,1178,18,208,16,defense4-s3-cell,d4-cell-v1,0,0
73,1800000073202250,202250,response,reverse,9,15,256,02:00:00:00:00:01,02:00:00:00:00:02,0x88b5,D4C1,1,1,1,1179,18,208,16,defense4-s3-cell,d4-cell-v1,0,0
73,1800000073202500,202500,response,reverse,10,16,256,02:00:00:00:00:01,02:00:00:00:00:02,0x88b5,D4C1,1,1,1,1180,18,208,16,defense4-s3-cell,d4-cell-v1,0,0
73,1800000073202750,202750,response,reverse,11,17,256,02:00:00:00:00:01,02:00:00:00:00:02,0x88b5,D4C1,1,1,1,1181,18,208,16,defense4-s3-cell,d4-cell-v1,0,0
73,1800000073203000,203000,response,reverse,12,18,256,02:00:00:00:00:01,02:00:00:00:00:02,0x88b5,D4C1,1,1,1,1182,18,208,16,defense4-s3-cell,d4-cell-v1,0,0
73,1800000073203250,203250,response,reverse,13,19,256,02:00:00:00:00:01,02:00:00:00:00:02,0x88b5,D4C1,1,1,1,1183,18,208,16,defense4-s3-cell,d4-cell-v1,0,0
73,1800000073203500,203500,tail,forward,0,20,256,02:00:00:00:00:02,02:00:00:00:00:01,0x88b5,D4C1,1,1,1,442,18,208,16,defense4-s3-cell,d4-cell-v1,0,0
73,1800000073203750,203750,tail,forward,1,21,256,02:00:00:00:00:02,02:00:00:00:00:01,0x88b5,D4C1,1,1,1,443,18,208,16,defense4-s3-cell,d4-cell-v1,0,0
74,1800000074000000,0,request,forward,0,0,256,02:00:00:00:00:02,02:00:00:00:00:01,0x88b5,D4C1,1,1,1,444,18,208,16,defense4-s3-cell,d4-cell-v1,0,0
74,1800000074000250,250,request,forward,1,1,256,02:00:00:00:00:02,02:00:00:00:00:01,0x88b5,D4C1,1,1,1,445,18,208,16,defense4-s3-cell,d4-cell-v1,0,0
74,1800000074000500,500,request,forward,2,2,256,02:00:00:00:00:02,02:00:00:00:00:01,0x88b5,D4C1,1,1,1,446,18,208,16,defense4-s3-cell,d4-cell-v1,0,0
74,1800000074000750,750,request,forward,3,3,256,02:00:00:00:00:02,02:00:00:00:00:01,0x88b5,D4C1,1,1,1,447,18,208,16,defense4-s3-cell,d4-cell-v1,0,0
74,1800000074001000,1000,ack,reverse,0,4,256,02:00:00:00:00:01,02:00:00:00:00:02,0x88b5,D4C1,1,1,1,1184,18,208,16,defense4-s3-cell,d4-cell-v1,0,0
74,1800000074001250,1250,ack,reverse,1,5,256,02:00:00:00:00:01,02:00:00:00:00:02,0x88b5,D4C1,1,1,1,1185,18,208,16,defense4-s3-cell,d4-cell-v1,0,0
74,1800000074200000,200000,response,reverse,0,6,256,02:00:00:00:00:01,02:00:00:00:00:02,0x88b5,D4C1,1,1,1,1186,18,208,16,defense4-s3-cell,d4-cell-v1,0,0
74,1800000074200250,200250,response,reverse,1,7,256,02:00:00:00:00:01,02:00:00:00:00:02,0x88b5,D4C1,1,1,1,1187,18,208,16,defense4-s3-cell,d4-cell-v1,0,0
74,1800000074200500,200500,response,reverse,2,8,256,02:00:00:00:00:01,02:00:00:00:00:02,0x88b5,D4C1,1,1,1,1188,18,208,16,defense4-s3-cell,d4-cell-v1,0,0
74,1800000074200750,200750,response,reverse,3,9,256,02:00:00:00:00:01,02:00:00:00:00:02,0x88b5,D4C1,1,1,1,1189,18,208,16,defense4-s3-cell,d4-cell-v1,0,0
74,1800000074201000,201000,response,reverse,4,10,256,02:00:00:00:00:01,02:00:00:00:00:02,0x88b5,D4C1,1,1,1,1190,18,208,16,defense4-s3-cell,d4-cell-v1,0,0
74,1800000074201250,201250,response,reverse,5,11,256,02:00:00:00:00:01,02:00:00:00:00:02,0x88b5,D4C1,1,1,1,1191,18,208,16,defense4-s3-cell,d4-cell-v1,0,0
74,1800000074201500,201500,response,reverse,6,12,256,02:00:00:00:00:01,02:00:00:00:00:02,0x88b5,D4C1,1,1,1,1192,18,208,16,defense4-s3-cell,d4-cell-v1,0,0
74,1800000074201750,201750,response,reverse,7,13,256,02:00:00:00:00:01,02:00:00:00:00:02,0x88b5,D4C1,1,1,1,1193,18,208,16,defense4-s3-cell,d4-cell-v1,0,0
74,1800000074202000,202000,response,reverse,8,14,256,02:00:00:00:00:01,02:00:00:00:00:02,0x88b5,D4C1,1,1,1,1194,18,208,16,defense4-s3-cell,d4-cell-v1,0,0
74,1800000074202250,202250,response,reverse,9,15,256,02:00:00:00:00:01,02:00:00:00:00:02,0x88b5,D4C1,1,1,1,1195,18,208,16,defense4-s3-cell,d4-cell-v1,0,0
74,1800000074202500,202500,response,reverse,10,16,256,02:00:00:00:00:01,02:00:00:00:00:02,0x88b5,D4C1,1,1,1,1196,18,208,16,defense4-s3-cell,d4-cell-v1,0,0
74,1800000074202750,202750,response,reverse,11,17,256,02:00:00:00:00:01,02:00:00:00:00:02,0x88b5,D4C1,1,1,1,1197,18,208,16,defense4-s3-cell,d4-cell-v1,0,0
74,1800000074203000,203000,response,reverse,12,18,256,02:00:00:00:00:01,02:00:00:00:00:02,0x88b5,D4C1,1,1,1,1198,18,208,16,defense4-s3-cell,d4-cell-v1,0,0
74,1800000074203250,203250,response,reverse,13,19,256,02:00:00:00:00:01,02:00:00:00:00:02,0x88b5,D4C1,1,1,1,1199,18,208,16,defense4-s3-cell,d4-cell-v1,0,0
74,1800000074203500,203500,tail,forward,0,20,256,02:00:00:00:00:02,02:00:00:00:00:01,0x88b5,D4C1,1,1,1,448,18,208,16,defense4-s3-cell,d4-cell-v1,0,0
74,1800000074203750,203750,tail,forward,1,21,256,02:00:00:00:00:02,02:00:00:00:00:01,0x88b5,D4C1,1,1,1,449,18,208,16,defense4-s3-cell,d4-cell-v1,0,0
75,1800000075000000,0,request,forward,0,0,256,02:00:00:00:00:02,02:00:00:00:00:01,0x88b5,D4C1,1,1,1,450,18,208,16,defense4-s3-cell,d4-cell-v1,0,0
75,1800000075000250,250,request,forward,1,1,256,02:00:00:00:00:02,02:00:00:00:00:01,0x88b5,D4C1,1,1,1,451,18,208,16,defense4-s3-cell,d4-cell-v1,0,0
75,1800000075000500,500,request,forward,2,2,256,02:00:00:00:00:02,02:00:00:00:00:01,0x88b5,D4C1,1,1,1,452,18,208,16,defense4-s3-cell,d4-cell-v1,0,0
75,1800000075000750,750,request,forward,3,3,256,02:00:00:00:00:02,02:00:00:00:00:01,0x88b5,D4C1,1,1,1,453,18,208,16,defense4-s3-cell,d4-cell-v1,0,0
75,1800000075001000,1000,ack,reverse,0,4,256,02:00:00:00:00:01,02:00:00:00:00:02,0x88b5,D4C1,1,1,1,1200,18,208,16,defense4-s3-cell,d4-cell-v1,0,0
75,1800000075001250,1250,ack,reverse,1,5,256,02:00:00:00:00:01,02:00:00:00:00:02,0x88b5,D4C1,1,1,1,1201,18,208,16,defense4-s3-cell,d4-cell-v1,0,0
75,1800000075200000,200000,response,reverse,0,6,256,02:00:00:00:00:01,02:00:00:00:00:02,0x88b5,D4C1,1,1,1,1202,18,208,16,defense4-s3-cell,d4-cell-v1,0,0
75,1800000075200250,200250,response,reverse,1,7,256,02:00:00:00:00:01,02:00:00:00:00:02,0x88b5,D4C1,1,1,1,1203,18,208,16,defense4-s3-cell,d4-cell-v1,0,0
75,1800000075200500,200500,response,reverse,2,8,256,02:00:00:00:00:01,02:00:00:00:00:02,0x88b5,D4C1,1,1,1,1204,18,208,16,defense4-s3-cell,d4-cell-v1,0,0
75,1800000075200750,200750,response,reverse,3,9,256,02:00:00:00:00:01,02:00:00:00:00:02,0x88b5,D4C1,1,1,1,1205,18,208,16,defense4-s3-cell,d4-cell-v1,0,0
75,1800000075201000,201000,response,reverse,4,10,256,02:00:00:00:00:01,02:00:00:00:00:02,0x88b5,D4C1,1,1,1,1206,18,208,16,defense4-s3-cell,d4-cell-v1,0,0
75,1800000075201250,201250,response,reverse,5,11,256,02:00:00:00:00:01,02:00:00:00:00:02,0x88b5,D4C1,1,1,1,1207,18,208,16,defense4-s3-cell,d4-cell-v1,0,0
75,1800000075201500,201500,response,reverse,6,12,256,02:00:00:00:00:01,02:00:00:00:00:02,0x88b5,D4C1,1,1,1,1208,18,208,16,defense4-s3-cell,d4-cell-v1,0,0
75,1800000075201750,201750,response,reverse,7,13,256,02:00:00:00:00:01,02:00:00:00:00:02,0x88b5,D4C1,1,1,1,1209,18,208,16,defense4-s3-cell,d4-cell-v1,0,0
75,1800000075202000,202000,response,reverse,8,14,256,02:00:00:00:00:01,02:00:00:00:00:02,0x88b5,D4C1,1,1,1,1210,18,208,16,defense4-s3-cell,d4-cell-v1,0,0
75,1800000075202250,202250,response,reverse,9,15,256,02:00:00:00:00:01,02:00:00:00:00:02,0x88b5,D4C1,1,1,1,1211,18,208,16,defense4-s3-cell,d4-cell-v1,0,0
75,1800000075202500,202500,response,reverse,10,16,256,02:00:00:00:00:01,02:00:00:00:00:02,0x88b5,D4C1,1,1,1,1212,18,208,16,defense4-s3-cell,d4-cell-v1,0,0
75,1800000075202750,202750,response,reverse,11,17,256,02:00:00:00:00:01,02:00:00:00:00:02,0x88b5,D4C1,1,1,1,1213,18,208,16,defense4-s3-cell,d4-cell-v1,0,0
75,1800000075203000,203000,response,reverse,12,18,256,02:00:00:00:00:01,02:00:00:00:00:02,0x88b5,D4C1,1,1,1,1214,18,208,16,defense4-s3-cell,d4-cell-v1,0,0
75,1800000075203250,203250,response,reverse,13,19,256,02:00:00:00:00:01,02:00:00:00:00:02,0x88b5,D4C1,1,1,1,1215,18,208,16,defense4-s3-cell,d4-cell-v1,0,0
75,1800000075203500,203500,tail,forward,0,20,256,02:00:00:00:00:02,02:00:00:00:00:01,0x88b5,D4C1,1,1,1,454,18,208,16,defense4-s3-cell,d4-cell-v1,0,0
75,1800000075203750,203750,tail,forward,1,21,256,02:00:00:00:00:02,02:00:00:00:00:01,0x88b5,D4C1,1,1,1,455,18,208,16,defense4-s3-cell,d4-cell-v1,0,0
76,1800000076000000,0,request,forward,0,0,256,02:00:00:00:00:02,02:00:00:00:00:01,0x88b5,D4C1,1,1,1,456,18,208,16,defense4-s3-cell,d4-cell-v1,0,0
76,1800000076000250,250,request,forward,1,1,256,02:00:00:00:00:02,02:00:00:00:00:01,0x88b5,D4C1,1,1,1,457,18,208,16,defense4-s3-cell,d4-cell-v1,0,0
76,1800000076000500,500,request,forward,2,2,256,02:00:00:00:00:02,02:00:00:00:00:01,0x88b5,D4C1,1,1,1,458,18,208,16,defense4-s3-cell,d4-cell-v1,0,0
76,1800000076000750,750,request,forward,3,3,256,02:00:00:00:00:02,02:00:00:00:00:01,0x88b5,D4C1,1,1,1,459,18,208,16,defense4-s3-cell,d4-cell-v1,0,0
76,1800000076001000,1000,ack,reverse,0,4,256,02:00:00:00:00:01,02:00:00:00:00:02,0x88b5,D4C1,1,1,1,1216,18,208,16,defense4-s3-cell,d4-cell-v1,0,0
76,1800000076001250,1250,ack,reverse,1,5,256,02:00:00:00:00:01,02:00:00:00:00:02,0x88b5,D4C1,1,1,1,1217,18,208,16,defense4-s3-cell,d4-cell-v1,0,0
76,1800000076200000,200000,response,reverse,0,6,256,02:00:00:00:00:01,02:00:00:00:00:02,0x88b5,D4C1,1,1,1,1218,18,208,16,defense4-s3-cell,d4-cell-v1,0,0
76,1800000076200250,200250,response,reverse,1,7,256,02:00:00:00:00:01,02:00:00:00:00:02,0x88b5,D4C1,1,1,1,1219,18,208,16,defense4-s3-cell,d4-cell-v1,0,0
76,1800000076200500,200500,response,reverse,2,8,256,02:00:00:00:00:01,02:00:00:00:00:02,0x88b5,D4C1,1,1,1,1220,18,208,16,defense4-s3-cell,d4-cell-v1,0,0
76,1800000076200750,200750,response,reverse,3,9,256,02:00:00:00:00:01,02:00:00:00:00:02,0x88b5,D4C1,1,1,1,1221,18,208,16,defense4-s3-cell,d4-cell-v1,0,0
76,1800000076201000,201000,response,reverse,4,10,256,02:00:00:00:00:01,02:00:00:00:00:02,0x88b5,D4C1,1,1,1,1222,18,208,16,defense4-s3-cell,d4-cell-v1,0,0
76,1800000076201250,201250,response,reverse,5,11,256,02:00:00:00:00:01,02:00:00:00:00:02,0x88b5,D4C1,1,1,1,1223,18,208,16,defense4-s3-cell,d4-cell-v1,0,0
76,1800000076201500,201500,response,reverse,6,12,256,02:00:00:00:00:01,02:00:00:00:00:02,0x88b5,D4C1,1,1,1,1224,18,208,16,defense4-s3-cell,d4-cell-v1,0,0
76,1800000076201750,201750,response,reverse,7,13,256,02:00:00:00:00:01,02:00:00:00:00:02,0x88b5,D4C1,1,1,1,1225,18,208,16,defense4-s3-cell,d4-cell-v1,0,0
76,1800000076202000,202000,response,reverse,8,14,256,02:00:00:00:00:01,02:00:00:00:00:02,0x88b5,D4C1,1,1,1,1226,18,208,16,defense4-s3-cell,d4-cell-v1,0,0
76,1800000076202250,202250,response,reverse,9,15,256,02:00:00:00:00:01,02:00:00:00:00:02,0x88b5,D4C1,1,1,1,1227,18,208,16,defense4-s3-cell,d4-cell-v1,0,0
76,1800000076202500,202500,response,reverse,10,16,256,02:00:00:00:00:01,02:00:00:00:00:02,0x88b5,D4C1,1,1,1,1228,18,208,16,defense4-s3-cell,d4-cell-v1,0,0
76,1800000076202750,202750,response,reverse,11,17,256,02:00:00:00:00:01,02:00:00:00:00:02,0x88b5,D4C1,1,1,1,1229,18,208,16,defense4-s3-cell,d4-cell-v1,0,0
76,1800000076203000,203000,response,reverse,12,18,256,02:00:00:00:00:01,02:00:00:00:00:02,0x88b5,D4C1,1,1,1,1230,18,208,16,defense4-s3-cell,d4-cell-v1,0,0
76,1800000076203250,203250,response,reverse,13,19,256,02:00:00:00:00:01,02:00:00:00:00:02,0x88b5,D4C1,1,1,1,1231,18,208,16,defense4-s3-cell,d4-cell-v1,0,0
76,1800000076203500,203500,tail,forward,0,20,256,02:00:00:00:00:02,02:00:00:00:00:01,0x88b5,D4C1,1,1,1,460,18,208,16,defense4-s3-cell,d4-cell-v1,0,0
76,1800000076203750,203750,tail,forward,1,21,256,02:00:00:00:00:02,02:00:00:00:00:01,0x88b5,D4C1,1,1,1,461,18,208,16,defense4-s3-cell,d4-cell-v1,0,0
77,1800000077000000,0,request,forward,0,0,256,02:00:00:00:00:02,02:00:00:00:00:01,0x88b5,D4C1,1,1,1,462,18,208,16,defense4-s3-cell,d4-cell-v1,0,0
77,1800000077000250,250,request,forward,1,1,256,02:00:00:00:00:02,02:00:00:00:00:01,0x88b5,D4C1,1,1,1,463,18,208,16,defense4-s3-cell,d4-cell-v1,0,0
77,1800000077000500,500,request,forward,2,2,256,02:00:00:00:00:02,02:00:00:00:00:01,0x88b5,D4C1,1,1,1,464,18,208,16,defense4-s3-cell,d4-cell-v1,0,0
77,1800000077000750,750,request,forward,3,3,256,02:00:00:00:00:02,02:00:00:00:00:01,0x88b5,D4C1,1,1,1,465,18,208,16,defense4-s3-cell,d4-cell-v1,0,0
77,1800000077001000,1000,ack,reverse,0,4,256,02:00:00:00:00:01,02:00:00:00:00:02,0x88b5,D4C1,1,1,1,1232,18,208,16,defense4-s3-cell,d4-cell-v1,0,0
77,1800000077001250,1250,ack,reverse,1,5,256,02:00:00:00:00:01,02:00:00:00:00:02,0x88b5,D4C1,1,1,1,1233,18,208,16,defense4-s3-cell,d4-cell-v1,0,0
77,1800000077200000,200000,response,reverse,0,6,256,02:00:00:00:00:01,02:00:00:00:00:02,0x88b5,D4C1,1,1,1,1234,18,208,16,defense4-s3-cell,d4-cell-v1,0,0
77,1800000077200250,200250,response,reverse,1,7,256,02:00:00:00:00:01,02:00:00:00:00:02,0x88b5,D4C1,1,1,1,1235,18,208,16,defense4-s3-cell,d4-cell-v1,0,0
77,1800000077200500,200500,response,reverse,2,8,256,02:00:00:00:00:01,02:00:00:00:00:02,0x88b5,D4C1,1,1,1,1236,18,208,16,defense4-s3-cell,d4-cell-v1,0,0
77,1800000077200750,200750,response,reverse,3,9,256,02:00:00:00:00:01,02:00:00:00:00:02,0x88b5,D4C1,1,1,1,1237,18,208,16,defense4-s3-cell,d4-cell-v1,0,0
77,1800000077201000,201000,response,reverse,4,10,256,02:00:00:00:00:01,02:00:00:00:00:02,0x88b5,D4C1,1,1,1,1238,18,208,16,defense4-s3-cell,d4-cell-v1,0,0
77,1800000077201250,201250,response,reverse,5,11,256,02:00:00:00:00:01,02:00:00:00:00:02,0x88b5,D4C1,1,1,1,1239,18,208,16,defense4-s3-cell,d4-cell-v1,0,0
77,1800000077201500,201500,response,reverse,6,12,256,02:00:00:00:00:01,02:00:00:00:00:02,0x88b5,D4C1,1,1,1,1240,18,208,16,defense4-s3-cell,d4-cell-v1,0,0
77,1800000077201750,201750,response,reverse,7,13,256,02:00:00:00:00:01,02:00:00:00:00:02,0x88b5,D4C1,1,1,1,1241,18,208,16,defense4-s3-cell,d4-cell-v1,0,0
77,1800000077202000,202000,response,reverse,8,14,256,02:00:00:00:00:01,02:00:00:00:00:02,0x88b5,D4C1,1,1,1,1242,18,208,16,defense4-s3-cell,d4-cell-v1,0,0
77,1800000077202250,202250,response,reverse,9,15,256,02:00:00:00:00:01,02:00:00:00:00:02,0x88b5,D4C1,1,1,1,1243,18,208,16,defense4-s3-cell,d4-cell-v1,0,0
77,1800000077202500,202500,response,reverse,10,16,256,02:00:00:00:00:01,02:00:00:00:00:02,0x88b5,D4C1,1,1,1,1244,18,208,16,defense4-s3-cell,d4-cell-v1,0,0
77,1800000077202750,202750,response,reverse,11,17,256,02:00:00:00:00:01,02:00:00:00:00:02,0x88b5,D4C1,1,1,1,1245,18,208,16,defense4-s3-cell,d4-cell-v1,0,0
77,1800000077203000,203000,response,reverse,12,18,256,02:00:00:00:00:01,02:00:00:00:00:02,0x88b5,D4C1,1,1,1,1246,18,208,16,defense4-s3-cell,d4-cell-v1,0,0
77,1800000077203250,203250,response,reverse,13,19,256,02:00:00:00:00:01,02:00:00:00:00:02,0x88b5,D4C1,1,1,1,1247,18,208,16,defense4-s3-cell,d4-cell-v1,0,0
77,1800000077203500,203500,tail,forward,0,20,256,02:00:00:00:00:02,02:00:00:00:00:01,0x88b5,D4C1,1,1,1,466,18,208,16,defense4-s3-cell,d4-cell-v1,0,0
77,1800000077203750,203750,tail,forward,1,21,256,02:00:00:00:00:02,02:00:00:00:00:01,0x88b5,D4C1,1,1,1,467,18,208,16,defense4-s3-cell,d4-cell-v1,0,0
78,1800000078000000,0,request,forward,0,0,256,02:00:00:00:00:02,02:00:00:00:00:01,0x88b5,D4C1,1,1,1,468,18,208,16,defense4-s3-cell,d4-cell-v1,0,0
78,1800000078000250,250,request,forward,1,1,256,02:00:00:00:00:02,02:00:00:00:00:01,0x88b5,D4C1,1,1,1,469,18,208,16,defense4-s3-cell,d4-cell-v1,0,0
78,1800000078000500,500,request,forward,2,2,256,02:00:00:00:00:02,02:00:00:00:00:01,0x88b5,D4C1,1,1,1,470,18,208,16,defense4-s3-cell,d4-cell-v1,0,0
78,1800000078000750,750,request,forward,3,3,256,02:00:00:00:00:02,02:00:00:00:00:01,0x88b5,D4C1,1,1,1,471,18,208,16,defense4-s3-cell,d4-cell-v1,0,0
78,1800000078001000,1000,ack,reverse,0,4,256,02:00:00:00:00:01,02:00:00:00:00:02,0x88b5,D4C1,1,1,1,1248,18,208,16,defense4-s3-cell,d4-cell-v1,0,0
78,1800000078001250,1250,ack,reverse,1,5,256,02:00:00:00:00:01,02:00:00:00:00:02,0x88b5,D4C1,1,1,1,1249,18,208,16,defense4-s3-cell,d4-cell-v1,0,0
78,1800000078200000,200000,response,reverse,0,6,256,02:00:00:00:00:01,02:00:00:00:00:02,0x88b5,D4C1,1,1,1,1250,18,208,16,defense4-s3-cell,d4-cell-v1,0,0
78,1800000078200250,200250,response,reverse,1,7,256,02:00:00:00:00:01,02:00:00:00:00:02,0x88b5,D4C1,1,1,1,1251,18,208,16,defense4-s3-cell,d4-cell-v1,0,0
78,1800000078200500,200500,response,reverse,2,8,256,02:00:00:00:00:01,02:00:00:00:00:02,0x88b5,D4C1,1,1,1,1252,18,208,16,defense4-s3-cell,d4-cell-v1,0,0
78,1800000078200750,200750,response,reverse,3,9,256,02:00:00:00:00:01,02:00:00:00:00:02,0x88b5,D4C1,1,1,1,1253,18,208,16,defense4-s3-cell,d4-cell-v1,0,0
78,1800000078201000,201000,response,reverse,4,10,256,02:00:00:00:00:01,02:00:00:00:00:02,0x88b5,D4C1,1,1,1,1254,18,208,16,defense4-s3-cell,d4-cell-v1,0,0
78,1800000078201250,201250,response,reverse,5,11,256,02:00:00:00:00:01,02:00:00:00:00:02,0x88b5,D4C1,1,1,1,1255,18,208,16,defense4-s3-cell,d4-cell-v1,0,0
78,1800000078201500,201500,response,reverse,6,12,256,02:00:00:00:00:01,02:00:00:00:00:02,0x88b5,D4C1,1,1,1,1256,18,208,16,defense4-s3-cell,d4-cell-v1,0,0
78,1800000078201750,201750,response,reverse,7,13,256,02:00:00:00:00:01,02:00:00:00:00:02,0x88b5,D4C1,1,1,1,1257,18,208,16,defense4-s3-cell,d4-cell-v1,0,0
78,1800000078202000,202000,response,reverse,8,14,256,02:00:00:00:00:01,02:00:00:00:00:02,0x88b5,D4C1,1,1,1,1258,18,208,16,defense4-s3-cell,d4-cell-v1,0,0
78,1800000078202250,202250,response,reverse,9,15,256,02:00:00:00:00:01,02:00:00:00:00:02,0x88b5,D4C1,1,1,1,1259,18,208,16,defense4-s3-cell,d4-cell-v1,0,0
78,1800000078202500,202500,response,reverse,10,16,256,02:00:00:00:00:01,02:00:00:00:00:02,0x88b5,D4C1,1,1,1,1260,18,208,16,defense4-s3-cell,d4-cell-v1,0,0
78,1800000078202750,202750,response,reverse,11,17,256,02:00:00:00:00:01,02:00:00:00:00:02,0x88b5,D4C1,1,1,1,1261,18,208,16,defense4-s3-cell,d4-cell-v1,0,0
78,1800000078203000,203000,response,reverse,12,18,256,02:00:00:00:00:01,02:00:00:00:00:02,0x88b5,D4C1,1,1,1,1262,18,208,16,defense4-s3-cell,d4-cell-v1,0,0
78,1800000078203250,203250,response,reverse,13,19,256,02:00:00:00:00:01,02:00:00:00:00:02,0x88b5,D4C1,1,1,1,1263,18,208,16,defense4-s3-cell,d4-cell-v1,0,0
78,1800000078203500,203500,tail,forward,0,20,256,02:00:00:00:00:02,02:00:00:00:00:01,0x88b5,D4C1,1,1,1,472,18,208,16,defense4-s3-cell,d4-cell-v1,0,0
78,1800000078203750,203750,tail,forward,1,21,256,02:00:00:00:00:02,02:00:00:00:00:01,0x88b5,D4C1,1,1,1,473,18,208,16,defense4-s3-cell,d4-cell-v1,0,0
79,1800000079000000,0,request,forward,0,0,256,02:00:00:00:00:02,02:00:00:00:00:01,0x88b5,D4C1,1,1,1,474,18,208,16,defense4-s3-cell,d4-cell-v1,0,0
79,1800000079000250,250,request,forward,1,1,256,02:00:00:00:00:02,02:00:00:00:00:01,0x88b5,D4C1,1,1,1,475,18,208,16,defense4-s3-cell,d4-cell-v1,0,0
79,1800000079000500,500,request,forward,2,2,256,02:00:00:00:00:02,02:00:00:00:00:01,0x88b5,D4C1,1,1,1,476,18,208,16,defense4-s3-cell,d4-cell-v1,0,0
79,1800000079000750,750,request,forward,3,3,256,02:00:00:00:00:02,02:00:00:00:00:01,0x88b5,D4C1,1,1,1,477,18,208,16,defense4-s3-cell,d4-cell-v1,0,0
79,1800000079001000,1000,ack,reverse,0,4,256,02:00:00:00:00:01,02:00:00:00:00:02,0x88b5,D4C1,1,1,1,1264,18,208,16,defense4-s3-cell,d4-cell-v1,0,0
79,1800000079001250,1250,ack,reverse,1,5,256,02:00:00:00:00:01,02:00:00:00:00:02,0x88b5,D4C1,1,1,1,1265,18,208,16,defense4-s3-cell,d4-cell-v1,0,0
79,1800000079200000,200000,response,reverse,0,6,256,02:00:00:00:00:01,02:00:00:00:00:02,0x88b5,D4C1,1,1,1,1266,18,208,16,defense4-s3-cell,d4-cell-v1,0,0
79,1800000079200250,200250,response,reverse,1,7,256,02:00:00:00:00:01,02:00:00:00:00:02,0x88b5,D4C1,1,1,1,1267,18,208,16,defense4-s3-cell,d4-cell-v1,0,0
79,1800000079200500,200500,response,reverse,2,8,256,02:00:00:00:00:01,02:00:00:00:00:02,0x88b5,D4C1,1,1,1,1268,18,208,16,defense4-s3-cell,d4-cell-v1,0,0
79,1800000079200750,200750,response,reverse,3,9,256,02:00:00:00:00:01,02:00:00:00:00:02,0x88b5,D4C1,1,1,1,1269,18,208,16,defense4-s3-cell,d4-cell-v1,0,0
79,1800000079201000,201000,response,reverse,4,10,256,02:00:00:00:00:01,02:00:00:00:00:02,0x88b5,D4C1,1,1,1,1270,18,208,16,defense4-s3-cell,d4-cell-v1,0,0
79,1800000079201250,201250,response,reverse,5,11,256,02:00:00:00:00:01,02:00:00:00:00:02,0x88b5,D4C1,1,1,1,1271,18,208,16,defense4-s3-cell,d4-cell-v1,0,0
79,1800000079201500,201500,response,reverse,6,12,256,02:00:00:00:00:01,02:00:00:00:00:02,0x88b5,D4C1,1,1,1,1272,18,208,16,defense4-s3-cell,d4-cell-v1,0,0
79,1800000079201750,201750,response,reverse,7,13,256,02:00:00:00:00:01,02:00:00:00:00:02,0x88b5,D4C1,1,1,1,1273,18,208,16,defense4-s3-cell,d4-cell-v1,0,0
79,1800000079202000,202000,response,reverse,8,14,256,02:00:00:00:00:01,02:00:00:00:00:02,0x88b5,D4C1,1,1,1,1274,18,208,16,defense4-s3-cell,d4-cell-v1,0,0
79,1800000079202250,202250,response,reverse,9,15,256,02:00:00:00:00:01,02:00:00:00:00:02,0x88b5,D4C1,1,1,1,1275,18,208,16,defense4-s3-cell,d4-cell-v1,0,0
79,1800000079202500,202500,response,reverse,10,16,256,02:00:00:00:00:01,02:00:00:00:00:02,0x88b5,D4C1,1,1,1,1276,18,208,16,defense4-s3-cell,d4-cell-v1,0,0
79,1800000079202750,202750,response,reverse,11,17,256,02:00:00:00:00:01,02:00:00:00:00:02,0x88b5,D4C1,1,1,1,1277,18,208,16,defense4-s3-cell,d4-cell-v1,0,0
79,1800000079203000,203000,response,reverse,12,18,256,02:00:00:00:00:01,02:00:00:00:00:02,0x88b5,D4C1,1,1,1,1278,18,208,16,defense4-s3-cell,d4-cell-v1,0,0
79,1800000079203250,203250,response,reverse,13,19,256,02:00:00:00:00:01,02:00:00:00:00:02,0x88b5,D4C1,1,1,1,1279,18,208,16,defense4-s3-cell,d4-cell-v1,0,0
79,1800000079203500,203500,tail,forward,0,20,256,02:00:00:00:00:02,02:00:00:00:00:01,0x88b5,D4C1,1,1,1,478,18,208,16,defense4-s3-cell,d4-cell-v1,0,0
79,1800000079203750,203750,tail,forward,1,21,256,02:00:00:00:00:02,02:00:00:00:00:01,0x88b5,D4C1,1,1,1,479,18,208,16,defense4-s3-cell,d4-cell-v1,0,0
80,1800000080000000,0,request,forward,0,0,256,02:00:00:00:00:02,02:00:00:00:00:01,0x88b5,D4C1,1,1,1,480,18,208,16,defense4-s3-cell,d4-cell-v1,0,0
80,1800000080000250,250,request,forward,1,1,256,02:00:00:00:00:02,02:00:00:00:00:01,0x88b5,D4C1,1,1,1,481,18,208,16,defense4-s3-cell,d4-cell-v1,0,0
80,1800000080000500,500,request,forward,2,2,256,02:00:00:00:00:02,02:00:00:00:00:01,0x88b5,D4C1,1,1,1,482,18,208,16,defense4-s3-cell,d4-cell-v1,0,0
80,1800000080000750,750,request,forward,3,3,256,02:00:00:00:00:02,02:00:00:00:00:01,0x88b5,D4C1,1,1,1,483,18,208,16,defense4-s3-cell,d4-cell-v1,0,0
80,1800000080001000,1000,ack,reverse,0,4,256,02:00:00:00:00:01,02:00:00:00:00:02,0x88b5,D4C1,1,1,1,1280,18,208,16,defense4-s3-cell,d4-cell-v1,0,0
80,1800000080001250,1250,ack,reverse,1,5,256,02:00:00:00:00:01,02:00:00:00:00:02,0x88b5,D4C1,1,1,1,1281,18,208,16,defense4-s3-cell,d4-cell-v1,0,0
80,1800000080200000,200000,response,reverse,0,6,256,02:00:00:00:00:01,02:00:00:00:00:02,0x88b5,D4C1,1,1,1,1282,18,208,16,defense4-s3-cell,d4-cell-v1,0,0
80,1800000080200250,200250,response,reverse,1,7,256,02:00:00:00:00:01,02:00:00:00:00:02,0x88b5,D4C1,1,1,1,1283,18,208,16,defense4-s3-cell,d4-cell-v1,0,0
80,1800000080200500,200500,response,reverse,2,8,256,02:00:00:00:00:01,02:00:00:00:00:02,0x88b5,D4C1,1,1,1,1284,18,208,16,defense4-s3-cell,d4-cell-v1,0,0
80,1800000080200750,200750,response,reverse,3,9,256,02:00:00:00:00:01,02:00:00:00:00:02,0x88b5,D4C1,1,1,1,1285,18,208,16,defense4-s3-cell,d4-cell-v1,0,0
80,1800000080201000,201000,response,reverse,4,10,256,02:00:00:00:00:01,02:00:00:00:00:02,0x88b5,D4C1,1,1,1,1286,18,208,16,defense4-s3-cell,d4-cell-v1,0,0
80,1800000080201250,201250,response,reverse,5,11,256,02:00:00:00:00:01,02:00:00:00:00:02,0x88b5,D4C1,1,1,1,1287,18,208,16,defense4-s3-cell,d4-cell-v1,0,0
80,1800000080201500,201500,response,reverse,6,12,256,02:00:00:00:00:01,02:00:00:00:00:02,0x88b5,D4C1,1,1,1,1288,18,208,16,defense4-s3-cell,d4-cell-v1,0,0
80,1800000080201750,201750,response,reverse,7,13,256,02:00:00:00:00:01,02:00:00:00:00:02,0x88b5,D4C1,1,1,1,1289,18,208,16,defense4-s3-cell,d4-cell-v1,0,0
80,1800000080202000,202000,response,reverse,8,14,256,02:00:00:00:00:01,02:00:00:00:00:02,0x88b5,D4C1,1,1,1,1290,18,208,16,defense4-s3-cell,d4-cell-v1,0,0
80,1800000080202250,202250,response,reverse,9,15,256,02:00:00:00:00:01,02:00:00:00:00:02,0x88b5,D4C1,1,1,1,1291,18,208,16,defense4-s3-cell,d4-cell-v1,0,0
80,1800000080202500,202500,response,reverse,10,16,256,02:00:00:00:00:01,02:00:00:00:00:02,0x88b5,D4C1,1,1,1,1292,18,208,16,defense4-s3-cell,d4-cell-v1,0,0
80,1800000080202750,202750,response,reverse,11,17,256,02:00:00:00:00:01,02:00:00:00:00:02,0x88b5,D4C1,1,1,1,1293,18,208,16,defense4-s3-cell,d4-cell-v1,0,0
80,1800000080203000,203000,response,reverse,12,18,256,02:00:00:00:00:01,02:00:00:00:00:02,0x88b5,D4C1,1,1,1,1294,18,208,16,defense4-s3-cell,d4-cell-v1,0,0
80,1800000080203250,203250,response,reverse,13,19,256,02:00:00:00:00:01,02:00:00:00:00:02,0x88b5,D4C1,1,1,1,1295,18,208,16,defense4-s3-cell,d4-cell-v1,0,0
80,1800000080203500,203500,tail,forward,0,20,256,02:00:00:00:00:02,02:00:00:00:00:01,0x88b5,D4C1,1,1,1,484,18,208,16,defense4-s3-cell,d4-cell-v1,0,0
80,1800000080203750,203750,tail,forward,1,21,256,02:00:00:00:00:02,02:00:00:00:00:01,0x88b5,D4C1,1,1,1,485,18,208,16,defense4-s3-cell,d4-cell-v1,0,0
81,1800000081000000,0,request,forward,0,0,256,02:00:00:00:00:02,02:00:00:00:00:01,0x88b5,D4C1,1,1,1,486,18,208,16,defense4-s3-cell,d4-cell-v1,0,0
81,1800000081000250,250,request,forward,1,1,256,02:00:00:00:00:02,02:00:00:00:00:01,0x88b5,D4C1,1,1,1,487,18,208,16,defense4-s3-cell,d4-cell-v1,0,0
81,1800000081000500,500,request,forward,2,2,256,02:00:00:00:00:02,02:00:00:00:00:01,0x88b5,D4C1,1,1,1,488,18,208,16,defense4-s3-cell,d4-cell-v1,0,0
81,1800000081000750,750,request,forward,3,3,256,02:00:00:00:00:02,02:00:00:00:00:01,0x88b5,D4C1,1,1,1,489,18,208,16,defense4-s3-cell,d4-cell-v1,0,0
81,1800000081001000,1000,ack,reverse,0,4,256,02:00:00:00:00:01,02:00:00:00:00:02,0x88b5,D4C1,1,1,1,1296,18,208,16,defense4-s3-cell,d4-cell-v1,0,0
81,1800000081001250,1250,ack,reverse,1,5,256,02:00:00:00:00:01,02:00:00:00:00:02,0x88b5,D4C1,1,1,1,1297,18,208,16,defense4-s3-cell,d4-cell-v1,0,0
81,1800000081200000,200000,response,reverse,0,6,256,02:00:00:00:00:01,02:00:00:00:00:02,0x88b5,D4C1,1,1,1,1298,18,208,16,defense4-s3-cell,d4-cell-v1,0,0
81,1800000081200250,200250,response,reverse,1,7,256,02:00:00:00:00:01,02:00:00:00:00:02,0x88b5,D4C1,1,1,1,1299,18,208,16,defense4-s3-cell,d4-cell-v1,0,0
81,1800000081200500,200500,response,reverse,2,8,256,02:00:00:00:00:01,02:00:00:00:00:02,0x88b5,D4C1,1,1,1,1300,18,208,16,defense4-s3-cell,d4-cell-v1,0,0
81,1800000081200750,200750,response,reverse,3,9,256,02:00:00:00:00:01,02:00:00:00:00:02,0x88b5,D4C1,1,1,1,1301,18,208,16,defense4-s3-cell,d4-cell-v1,0,0
81,1800000081201000,201000,response,reverse,4,10,256,02:00:00:00:00:01,02:00:00:00:00:02,0x88b5,D4C1,1,1,1,1302,18,208,16,defense4-s3-cell,d4-cell-v1,0,0
81,1800000081201250,201250,response,reverse,5,11,256,02:00:00:00:00:01,02:00:00:00:00:02,0x88b5,D4C1,1,1,1,1303,18,208,16,defense4-s3-cell,d4-cell-v1,0,0
81,1800000081201500,201500,response,reverse,6,12,256,02:00:00:00:00:01,02:00:00:00:00:02,0x88b5,D4C1,1,1,1,1304,18,208,16,defense4-s3-cell,d4-cell-v1,0,0
81,1800000081201750,201750,response,reverse,7,13,256,02:00:00:00:00:01,02:00:00:00:00:02,0x88b5,D4C1,1,1,1,1305,18,208,16,defense4-s3-cell,d4-cell-v1,0,0
81,1800000081202000,202000,response,reverse,8,14,256,02:00:00:00:00:01,02:00:00:00:00:02,0x88b5,D4C1,1,1,1,1306,18,208,16,defense4-s3-cell,d4-cell-v1,0,0
81,1800000081202250,202250,response,reverse,9,15,256,02:00:00:00:00:01,02:00:00:00:00:02,0x88b5,D4C1,1,1,1,1307,18,208,16,defense4-s3-cell,d4-cell-v1,0,0
81,1800000081202500,202500,response,reverse,10,16,256,02:00:00:00:00:01,02:00:00:00:00:02,0x88b5,D4C1,1,1,1,1308,18,208,16,defense4-s3-cell,d4-cell-v1,0,0
81,1800000081202750,202750,response,reverse,11,17,256,02:00:00:00:00:01,02:00:00:00:00:02,0x88b5,D4C1,1,1,1,1309,18,208,16,defense4-s3-cell,d4-cell-v1,0,0
81,1800000081203000,203000,response,reverse,12,18,256,02:00:00:00:00:01,02:00:00:00:00:02,0x88b5,D4C1,1,1,1,1310,18,208,16,defense4-s3-cell,d4-cell-v1,0,0
81,1800000081203250,203250,response,reverse,13,19,256,02:00:00:00:00:01,02:00:00:00:00:02,0x88b5,D4C1,1,1,1,1311,18,208,16,defense4-s3-cell,d4-cell-v1,0,0
81,1800000081203500,203500,tail,forward,0,20,256,02:00:00:00:00:02,02:00:00:00:00:01,0x88b5,D4C1,1,1,1,490,18,208,16,defense4-s3-cell,d4-cell-v1,0,0
81,1800000081203750,203750,tail,forward,1,21,256,02:00:00:00:00:02,02:00:00:00:00:01,0x88b5,D4C1,1,1,1,491,18,208,16,defense4-s3-cell,d4-cell-v1,0,0
82,1800000082000000,0,request,forward,0,0,256,02:00:00:00:00:02,02:00:00:00:00:01,0x88b5,D4C1,1,1,1,492,18,208,16,defense4-s3-cell,d4-cell-v1,0,0
82,1800000082000250,250,request,forward,1,1,256,02:00:00:00:00:02,02:00:00:00:00:01,0x88b5,D4C1,1,1,1,493,18,208,16,defense4-s3-cell,d4-cell-v1,0,0
82,1800000082000500,500,request,forward,2,2,256,02:00:00:00:00:02,02:00:00:00:00:01,0x88b5,D4C1,1,1,1,494,18,208,16,defense4-s3-cell,d4-cell-v1,0,0
82,1800000082000750,750,request,forward,3,3,256,02:00:00:00:00:02,02:00:00:00:00:01,0x88b5,D4C1,1,1,1,495,18,208,16,defense4-s3-cell,d4-cell-v1,0,0
82,1800000082001000,1000,ack,reverse,0,4,256,02:00:00:00:00:01,02:00:00:00:00:02,0x88b5,D4C1,1,1,1,1312,18,208,16,defense4-s3-cell,d4-cell-v1,0,0
82,1800000082001250,1250,ack,reverse,1,5,256,02:00:00:00:00:01,02:00:00:00:00:02,0x88b5,D4C1,1,1,1,1313,18,208,16,defense4-s3-cell,d4-cell-v1,0,0
82,1800000082200000,200000,response,reverse,0,6,256,02:00:00:00:00:01,02:00:00:00:00:02,0x88b5,D4C1,1,1,1,1314,18,208,16,defense4-s3-cell,d4-cell-v1,0,0
82,1800000082200250,200250,response,reverse,1,7,256,02:00:00:00:00:01,02:00:00:00:00:02,0x88b5,D4C1,1,1,1,1315,18,208,16,defense4-s3-cell,d4-cell-v1,0,0
82,1800000082200500,200500,response,reverse,2,8,256,02:00:00:00:00:01,02:00:00:00:00:02,0x88b5,D4C1,1,1,1,1316,18,208,16,defense4-s3-cell,d4-cell-v1,0,0
82,1800000082200750,200750,response,reverse,3,9,256,02:00:00:00:00:01,02:00:00:00:00:02,0x88b5,D4C1,1,1,1,1317,18,208,16,defense4-s3-cell,d4-cell-v1,0,0
82,1800000082201000,201000,response,reverse,4,10,256,02:00:00:00:00:01,02:00:00:00:00:02,0x88b5,D4C1,1,1,1,1318,18,208,16,defense4-s3-cell,d4-cell-v1,0,0
82,1800000082201250,201250,response,reverse,5,11,256,02:00:00:00:00:01,02:00:00:00:00:02,0x88b5,D4C1,1,1,1,1319,18,208,16,defense4-s3-cell,d4-cell-v1,0,0
82,1800000082201500,201500,response,reverse,6,12,256,02:00:00:00:00:01,02:00:00:00:00:02,0x88b5,D4C1,1,1,1,1320,18,208,16,defense4-s3-cell,d4-cell-v1,0,0
82,1800000082201750,201750,response,reverse,7,13,256,02:00:00:00:00:01,02:00:00:00:00:02,0x88b5,D4C1,1,1,1,1321,18,208,16,defense4-s3-cell,d4-cell-v1,0,0
82,1800000082202000,202000,response,reverse,8,14,256,02:00:00:00:00:01,02:00:00:00:00:02,0x88b5,D4C1,1,1,1,1322,18,208,16,defense4-s3-cell,d4-cell-v1,0,0
82,1800000082202250,202250,response,reverse,9,15,256,02:00:00:00:00:01,02:00:00:00:00:02,0x88b5,D4C1,1,1,1,1323,18,208,16,defense4-s3-cell,d4-cell-v1,0,0
82,1800000082202500,202500,response,reverse,10,16,256,02:00:00:00:00:01,02:00:00:00:00:02,0x88b5,D4C1,1,1,1,1324,18,208,16,defense4-s3-cell,d4-cell-v1,0,0
82,1800000082202750,202750,response,reverse,11,17,256,02:00:00:00:00:01,02:00:00:00:00:02,0x88b5,D4C1,1,1,1,1325,18,208,16,defense4-s3-cell,d4-cell-v1,0,0
82,1800000082203000,203000,response,reverse,12,18,256,02:00:00:00:00:01,02:00:00:00:00:02,0x88b5,D4C1,1,1,1,1326,18,208,16,defense4-s3-cell,d4-cell-v1,0,0
82,1800000082203250,203250,response,reverse,13,19,256,02:00:00:00:00:01,02:00:00:00:00:02,0x88b5,D4C1,1,1,1,1327,18,208,16,defense4-s3-cell,d4-cell-v1,0,0
82,1800000082203500,203500,tail,forward,0,20,256,02:00:00:00:00:02,02:00:00:00:00:01,0x88b5,D4C1,1,1,1,496,18,208,16,defense4-s3-cell,d4-cell-v1,0,0
82,1800000082203750,203750,tail,forward,1,21,256,02:00:00:00:00:02,02:00:00:00:00:01,0x88b5,D4C1,1,1,1,497,18,208,16,defense4-s3-cell,d4-cell-v1,0,0
83,1800000083000000,0,request,forward,0,0,256,02:00:00:00:00:02,02:00:00:00:00:01,0x88b5,D4C1,1,1,1,498,18,208,16,defense4-s3-cell,d4-cell-v1,0,0
83,1800000083000250,250,request,forward,1,1,256,02:00:00:00:00:02,02:00:00:00:00:01,0x88b5,D4C1,1,1,1,499,18,208,16,defense4-s3-cell,d4-cell-v1,0,0
83,1800000083000500,500,request,forward,2,2,256,02:00:00:00:00:02,02:00:00:00:00:01,0x88b5,D4C1,1,1,1,500,18,208,16,defense4-s3-cell,d4-cell-v1,0,0
83,1800000083000750,750,request,forward,3,3,256,02:00:00:00:00:02,02:00:00:00:00:01,0x88b5,D4C1,1,1,1,501,18,208,16,defense4-s3-cell,d4-cell-v1,0,0
83,1800000083001000,1000,ack,reverse,0,4,256,02:00:00:00:00:01,02:00:00:00:00:02,0x88b5,D4C1,1,1,1,1328,18,208,16,defense4-s3-cell,d4-cell-v1,0,0
83,1800000083001250,1250,ack,reverse,1,5,256,02:00:00:00:00:01,02:00:00:00:00:02,0x88b5,D4C1,1,1,1,1329,18,208,16,defense4-s3-cell,d4-cell-v1,0,0
83,1800000083200000,200000,response,reverse,0,6,256,02:00:00:00:00:01,02:00:00:00:00:02,0x88b5,D4C1,1,1,1,1330,18,208,16,defense4-s3-cell,d4-cell-v1,0,0
83,1800000083200250,200250,response,reverse,1,7,256,02:00:00:00:00:01,02:00:00:00:00:02,0x88b5,D4C1,1,1,1,1331,18,208,16,defense4-s3-cell,d4-cell-v1,0,0
83,1800000083200500,200500,response,reverse,2,8,256,02:00:00:00:00:01,02:00:00:00:00:02,0x88b5,D4C1,1,1,1,1332,18,208,16,defense4-s3-cell,d4-cell-v1,0,0
83,1800000083200750,200750,response,reverse,3,9,256,02:00:00:00:00:01,02:00:00:00:00:02,0x88b5,D4C1,1,1,1,1333,18,208,16,defense4-s3-cell,d4-cell-v1,0,0
83,1800000083201000,201000,response,reverse,4,10,256,02:00:00:00:00:01,02:00:00:00:00:02,0x88b5,D4C1,1,1,1,1334,18,208,16,defense4-s3-cell,d4-cell-v1,0,0
83,1800000083201250,201250,response,reverse,5,11,256,02:00:00:00:00:01,02:00:00:00:00:02,0x88b5,D4C1,1,1,1,1335,18,208,16,defense4-s3-cell,d4-cell-v1,0,0
83,1800000083201500,201500,response,reverse,6,12,256,02:00:00:00:00:01,02:00:00:00:00:02,0x88b5,D4C1,1,1,1,1336,18,208,16,defense4-s3-cell,d4-cell-v1,0,0
83,1800000083201750,201750,response,reverse,7,13,256,02:00:00:00:00:01,02:00:00:00:00:02,0x88b5,D4C1,1,1,1,1337,18,208,16,defense4-s3-cell,d4-cell-v1,0,0
83,1800000083202000,202000,response,reverse,8,14,256,02:00:00:00:00:01,02:00:00:00:00:02,0x88b5,D4C1,1,1,1,1338,18,208,16,defense4-s3-cell,d4-cell-v1,0,0
83,1800000083202250,202250,response,reverse,9,15,256,02:00:00:00:00:01,02:00:00:00:00:02,0x88b5,D4C1,1,1,1,1339,18,208,16,defense4-s3-cell,d4-cell-v1,0,0
83,1800000083202500,202500,response,reverse,10,16,256,02:00:00:00:00:01,02:00:00:00:00:02,0x88b5,D4C1,1,1,1,1340,18,208,16,defense4-s3-cell,d4-cell-v1,0,0
83,1800000083202750,202750,response,reverse,11,17,256,02:00:00:00:00:01,02:00:00:00:00:02,0x88b5,D4C1,1,1,1,1341,18,208,16,defense4-s3-cell,d4-cell-v1,0,0
83,1800000083203000,203000,response,reverse,12,18,256,02:00:00:00:00:01,02:00:00:00:00:02,0x88b5,D4C1,1,1,1,1342,18,208,16,defense4-s3-cell,d4-cell-v1,0,0
83,1800000083203250,203250,response,reverse,13,19,256,02:00:00:00:00:01,02:00:00:00:00:02,0x88b5,D4C1,1,1,1,1343,18,208,16,defense4-s3-cell,d4-cell-v1,0,0
83,1800000083203500,203500,tail,forward,0,20,256,02:00:00:00:00:02,02:00:00:00:00:01,0x88b5,D4C1,1,1,1,502,18,208,16,defense4-s3-cell,d4-cell-v1,0,0
83,1800000083203750,203750,tail,forward,1,21,256,02:00:00:00:00:02,02:00:00:00:00:01,0x88b5,D4C1,1,1,1,503,18,208,16,defense4-s3-cell,d4-cell-v1,0,0
84,1800000084000000,0,request,forward,0,0,256,02:00:00:00:00:02,02:00:00:00:00:01,0x88b5,D4C1,1,1,1,504,18,208,16,defense4-s3-cell,d4-cell-v1,0,0
84,1800000084000250,250,request,forward,1,1,256,02:00:00:00:00:02,02:00:00:00:00:01,0x88b5,D4C1,1,1,1,505,18,208,16,defense4-s3-cell,d4-cell-v1,0,0
84,1800000084000500,500,request,forward,2,2,256,02:00:00:00:00:02,02:00:00:00:00:01,0x88b5,D4C1,1,1,1,506,18,208,16,defense4-s3-cell,d4-cell-v1,0,0
84,1800000084000750,750,request,forward,3,3,256,02:00:00:00:00:02,02:00:00:00:00:01,0x88b5,D4C1,1,1,1,507,18,208,16,defense4-s3-cell,d4-cell-v1,0,0
84,1800000084001000,1000,ack,reverse,0,4,256,02:00:00:00:00:01,02:00:00:00:00:02,0x88b5,D4C1,1,1,1,1344,18,208,16,defense4-s3-cell,d4-cell-v1,0,0
84,1800000084001250,1250,ack,reverse,1,5,256,02:00:00:00:00:01,02:00:00:00:00:02,0x88b5,D4C1,1,1,1,1345,18,208,16,defense4-s3-cell,d4-cell-v1,0,0
84,1800000084200000,200000,response,reverse,0,6,256,02:00:00:00:00:01,02:00:00:00:00:02,0x88b5,D4C1,1,1,1,1346,18,208,16,defense4-s3-cell,d4-cell-v1,0,0
84,1800000084200250,200250,response,reverse,1,7,256,02:00:00:00:00:01,02:00:00:00:00:02,0x88b5,D4C1,1,1,1,1347,18,208,16,defense4-s3-cell,d4-cell-v1,0,0
84,1800000084200500,200500,response,reverse,2,8,256,02:00:00:00:00:01,02:00:00:00:00:02,0x88b5,D4C1,1,1,1,1348,18,208,16,defense4-s3-cell,d4-cell-v1,0,0
84,1800000084200750,200750,response,reverse,3,9,256,02:00:00:00:00:01,02:00:00:00:00:02,0x88b5,D4C1,1,1,1,1349,18,208,16,defense4-s3-cell,d4-cell-v1,0,0
84,1800000084201000,201000,response,reverse,4,10,256,02:00:00:00:00:01,02:00:00:00:00:02,0x88b5,D4C1,1,1,1,1350,18,208,16,defense4-s3-cell,d4-cell-v1,0,0
84,1800000084201250,201250,response,reverse,5,11,256,02:00:00:00:00:01,02:00:00:00:00:02,0x88b5,D4C1,1,1,1,1351,18,208,16,defense4-s3-cell,d4-cell-v1,0,0
84,1800000084201500,201500,response,reverse,6,12,256,02:00:00:00:00:01,02:00:00:00:00:02,0x88b5,D4C1,1,1,1,1352,18,208,16,defense4-s3-cell,d4-cell-v1,0,0
84,1800000084201750,201750,response,reverse,7,13,256,02:00:00:00:00:01,02:00:00:00:00:02,0x88b5,D4C1,1,1,1,1353,18,208,16,defense4-s3-cell,d4-cell-v1,0,0
84,1800000084202000,202000,response,reverse,8,14,256,02:00:00:00:00:01,02:00:00:00:00:02,0x88b5,D4C1,1,1,1,1354,18,208,16,defense4-s3-cell,d4-cell-v1,0,0
84,1800000084202250,202250,response,reverse,9,15,256,02:00:00:00:00:01,02:00:00:00:00:02,0x88b5,D4C1,1,1,1,1355,18,208,16,defense4-s3-cell,d4-cell-v1,0,0
84,1800000084202500,202500,response,reverse,10,16,256,02:00:00:00:00:01,02:00:00:00:00:02,0x88b5,D4C1,1,1,1,1356,18,208,16,defense4-s3-cell,d4-cell-v1,0,0
84,1800000084202750,202750,response,reverse,11,17,256,02:00:00:00:00:01,02:00:00:00:00:02,0x88b5,D4C1,1,1,1,1357,18,208,16,defense4-s3-cell,d4-cell-v1,0,0
84,1800000084203000,203000,response,reverse,12,18,256,02:00:00:00:00:01,02:00:00:00:00:02,0x88b5,D4C1,1,1,1,1358,18,208,16,defense4-s3-cell,d4-cell-v1,0,0
84,1800000084203250,203250,response,reverse,13,19,256,02:00:00:00:00:01,02:00:00:00:00:02,0x88b5,D4C1,1,1,1,1359,18,208,16,defense4-s3-cell,d4-cell-v1,0,0
84,1800000084203500,203500,tail,forward,0,20,256,02:00:00:00:00:02,02:00:00:00:00:01,0x88b5,D4C1,1,1,1,508,18,208,16,defense4-s3-cell,d4-cell-v1,0,0
84,1800000084203750,203750,tail,forward,1,21,256,02:00:00:00:00:02,02:00:00:00:00:01,0x88b5,D4C1,1,1,1,509,18,208,16,defense4-s3-cell,d4-cell-v1,0,0
85,1800000085000000,0,request,forward,0,0,256,02:00:00:00:00:02,02:00:00:00:00:01,0x88b5,D4C1,1,1,1,510,18,208,16,defense4-s3-cell,d4-cell-v1,0,0
85,1800000085000250,250,request,forward,1,1,256,02:00:00:00:00:02,02:00:00:00:00:01,0x88b5,D4C1,1,1,1,511,18,208,16,defense4-s3-cell,d4-cell-v1,0,0
85,1800000085000500,500,request,forward,2,2,256,02:00:00:00:00:02,02:00:00:00:00:01,0x88b5,D4C1,1,1,1,512,18,208,16,defense4-s3-cell,d4-cell-v1,0,0
85,1800000085000750,750,request,forward,3,3,256,02:00:00:00:00:02,02:00:00:00:00:01,0x88b5,D4C1,1,1,1,513,18,208,16,defense4-s3-cell,d4-cell-v1,0,0
85,1800000085001000,1000,ack,reverse,0,4,256,02:00:00:00:00:01,02:00:00:00:00:02,0x88b5,D4C1,1,1,1,1360,18,208,16,defense4-s3-cell,d4-cell-v1,0,0
85,1800000085001250,1250,ack,reverse,1,5,256,02:00:00:00:00:01,02:00:00:00:00:02,0x88b5,D4C1,1,1,1,1361,18,208,16,defense4-s3-cell,d4-cell-v1,0,0
85,1800000085200000,200000,response,reverse,0,6,256,02:00:00:00:00:01,02:00:00:00:00:02,0x88b5,D4C1,1,1,1,1362,18,208,16,defense4-s3-cell,d4-cell-v1,0,0
85,1800000085200250,200250,response,reverse,1,7,256,02:00:00:00:00:01,02:00:00:00:00:02,0x88b5,D4C1,1,1,1,1363,18,208,16,defense4-s3-cell,d4-cell-v1,0,0
85,1800000085200500,200500,response,reverse,2,8,256,02:00:00:00:00:01,02:00:00:00:00:02,0x88b5,D4C1,1,1,1,1364,18,208,16,defense4-s3-cell,d4-cell-v1,0,0
85,1800000085200750,200750,response,reverse,3,9,256,02:00:00:00:00:01,02:00:00:00:00:02,0x88b5,D4C1,1,1,1,1365,18,208,16,defense4-s3-cell,d4-cell-v1,0,0
85,1800000085201000,201000,response,reverse,4,10,256,02:00:00:00:00:01,02:00:00:00:00:02,0x88b5,D4C1,1,1,1,1366,18,208,16,defense4-s3-cell,d4-cell-v1,0,0
85,1800000085201250,201250,response,reverse,5,11,256,02:00:00:00:00:01,02:00:00:00:00:02,0x88b5,D4C1,1,1,1,1367,18,208,16,defense4-s3-cell,d4-cell-v1,0,0
85,1800000085201500,201500,response,reverse,6,12,256,02:00:00:00:00:01,02:00:00:00:00:02,0x88b5,D4C1,1,1,1,1368,18,208,16,defense4-s3-cell,d4-cell-v1,0,0
85,1800000085201750,201750,response,reverse,7,13,256,02:00:00:00:00:01,02:00:00:00:00:02,0x88b5,D4C1,1,1,1,1369,18,208,16,defense4-s3-cell,d4-cell-v1,0,0
85,1800000085202000,202000,response,reverse,8,14,256,02:00:00:00:00:01,02:00:00:00:00:02,0x88b5,D4C1,1,1,1,1370,18,208,16,defense4-s3-cell,d4-cell-v1,0,0
85,1800000085202250,202250,response,reverse,9,15,256,02:00:00:00:00:01,02:00:00:00:00:02,0x88b5,D4C1,1,1,1,1371,18,208,16,defense4-s3-cell,d4-cell-v1,0,0
85,1800000085202500,202500,response,reverse,10,16,256,02:00:00:00:00:01,02:00:00:00:00:02,0x88b5,D4C1,1,1,1,1372,18,208,16,defense4-s3-cell,d4-cell-v1,0,0
85,1800000085202750,202750,response,reverse,11,17,256,02:00:00:00:00:01,02:00:00:00:00:02,0x88b5,D4C1,1,1,1,1373,18,208,16,defense4-s3-cell,d4-cell-v1,0,0
85,1800000085203000,203000,response,reverse,12,18,256,02:00:00:00:00:01,02:00:00:00:00:02,0x88b5,D4C1,1,1,1,1374,18,208,16,defense4-s3-cell,d4-cell-v1,0,0
85,1800000085203250,203250,response,reverse,13,19,256,02:00:00:00:00:01,02:00:00:00:00:02,0x88b5,D4C1,1,1,1,1375,18,208,16,defense4-s3-cell,d4-cell-v1,0,0
85,1800000085203500,203500,tail,forward,0,20,256,02:00:00:00:00:02,02:00:00:00:00:01,0x88b5,D4C1,1,1,1,514,18,208,16,defense4-s3-cell,d4-cell-v1,0,0
85,1800000085203750,203750,tail,forward,1,21,256,02:00:00:00:00:02,02:00:00:00:00:01,0x88b5,D4C1,1,1,1,515,18,208,16,defense4-s3-cell,d4-cell-v1,0,0
86,1800000086000000,0,request,forward,0,0,256,02:00:00:00:00:02,02:00:00:00:00:01,0x88b5,D4C1,1,1,1,516,18,208,16,defense4-s3-cell,d4-cell-v1,0,0
86,1800000086000250,250,request,forward,1,1,256,02:00:00:00:00:02,02:00:00:00:00:01,0x88b5,D4C1,1,1,1,517,18,208,16,defense4-s3-cell,d4-cell-v1,0,0
86,1800000086000500,500,request,forward,2,2,256,02:00:00:00:00:02,02:00:00:00:00:01,0x88b5,D4C1,1,1,1,518,18,208,16,defense4-s3-cell,d4-cell-v1,0,0
86,1800000086000750,750,request,forward,3,3,256,02:00:00:00:00:02,02:00:00:00:00:01,0x88b5,D4C1,1,1,1,519,18,208,16,defense4-s3-cell,d4-cell-v1,0,0
86,1800000086001000,1000,ack,reverse,0,4,256,02:00:00:00:00:01,02:00:00:00:00:02,0x88b5,D4C1,1,1,1,1376,18,208,16,defense4-s3-cell,d4-cell-v1,0,0
86,1800000086001250,1250,ack,reverse,1,5,256,02:00:00:00:00:01,02:00:00:00:00:02,0x88b5,D4C1,1,1,1,1377,18,208,16,defense4-s3-cell,d4-cell-v1,0,0
86,1800000086200000,200000,response,reverse,0,6,256,02:00:00:00:00:01,02:00:00:00:00:02,0x88b5,D4C1,1,1,1,1378,18,208,16,defense4-s3-cell,d4-cell-v1,0,0
86,1800000086200250,200250,response,reverse,1,7,256,02:00:00:00:00:01,02:00:00:00:00:02,0x88b5,D4C1,1,1,1,1379,18,208,16,defense4-s3-cell,d4-cell-v1,0,0
86,1800000086200500,200500,response,reverse,2,8,256,02:00:00:00:00:01,02:00:00:00:00:02,0x88b5,D4C1,1,1,1,1380,18,208,16,defense4-s3-cell,d4-cell-v1,0,0
86,1800000086200750,200750,response,reverse,3,9,256,02:00:00:00:00:01,02:00:00:00:00:02,0x88b5,D4C1,1,1,1,1381,18,208,16,defense4-s3-cell,d4-cell-v1,0,0
86,1800000086201000,201000,response,reverse,4,10,256,02:00:00:00:00:01,02:00:00:00:00:02,0x88b5,D4C1,1,1,1,1382,18,208,16,defense4-s3-cell,d4-cell-v1,0,0
86,1800000086201250,201250,response,reverse,5,11,256,02:00:00:00:00:01,02:00:00:00:00:02,0x88b5,D4C1,1,1,1,1383,18,208,16,defense4-s3-cell,d4-cell-v1,0,0
86,1800000086201500,201500,response,reverse,6,12,256,02:00:00:00:00:01,02:00:00:00:00:02,0x88b5,D4C1,1,1,1,1384,18,208,16,defense4-s3-cell,d4-cell-v1,0,0
86,1800000086201750,201750,response,reverse,7,13,256,02:00:00:00:00:01,02:00:00:00:00:02,0x88b5,D4C1,1,1,1,1385,18,208,16,defense4-s3-cell,d4-cell-v1,0,0
86,1800000086202000,202000,response,reverse,8,14,256,02:00:00:00:00:01,02:00:00:00:00:02,0x88b5,D4C1,1,1,1,1386,18,208,16,defense4-s3-cell,d4-cell-v1,0,0
86,1800000086202250,202250,response,reverse,9,15,256,02:00:00:00:00:01,02:00:00:00:00:02,0x88b5,D4C1,1,1,1,1387,18,208,16,defense4-s3-cell,d4-cell-v1,0,0
86,1800000086202500,202500,response,reverse,10,16,256,02:00:00:00:00:01,02:00:00:00:00:02,0x88b5,D4C1,1,1,1,1388,18,208,16,defense4-s3-cell,d4-cell-v1,0,0
86,1800000086202750,202750,response,reverse,11,17,256,02:00:00:00:00:01,02:00:00:00:00:02,0x88b5,D4C1,1,1,1,1389,18,208,16,defense4-s3-cell,d4-cell-v1,0,0
86,1800000086203000,203000,response,reverse,12,18,256,02:00:00:00:00:01,02:00:00:00:00:02,0x88b5,D4C1,1,1,1,1390,18,208,16,defense4-s3-cell,d4-cell-v1,0,0
86,1800000086203250,203250,response,reverse,13,19,256,02:00:00:00:00:01,02:00:00:00:00:02,0x88b5,D4C1,1,1,1,1391,18,208,16,defense4-s3-cell,d4-cell-v1,0,0
86,1800000086203500,203500,tail,forward,0,20,256,02:00:00:00:00:02,02:00:00:00:00:01,0x88b5,D4C1,1,1,1,520,18,208,16,defense4-s3-cell,d4-cell-v1,0,0
86,1800000086203750,203750,tail,forward,1,21,256,02:00:00:00:00:02,02:00:00:00:00:01,0x88b5,D4C1,1,1,1,521,18,208,16,defense4-s3-cell,d4-cell-v1,0,0
87,1800000087000000,0,request,forward,0,0,256,02:00:00:00:00:02,02:00:00:00:00:01,0x88b5,D4C1,1,1,1,522,18,208,16,defense4-s3-cell,d4-cell-v1,0,0
87,1800000087000250,250,request,forward,1,1,256,02:00:00:00:00:02,02:00:00:00:00:01,0x88b5,D4C1,1,1,1,523,18,208,16,defense4-s3-cell,d4-cell-v1,0,0
87,1800000087000500,500,request,forward,2,2,256,02:00:00:00:00:02,02:00:00:00:00:01,0x88b5,D4C1,1,1,1,524,18,208,16,defense4-s3-cell,d4-cell-v1,0,0
87,1800000087000750,750,request,forward,3,3,256,02:00:00:00:00:02,02:00:00:00:00:01,0x88b5,D4C1,1,1,1,525,18,208,16,defense4-s3-cell,d4-cell-v1,0,0
87,1800000087001000,1000,ack,reverse,0,4,256,02:00:00:00:00:01,02:00:00:00:00:02,0x88b5,D4C1,1,1,1,1392,18,208,16,defense4-s3-cell,d4-cell-v1,0,0
87,1800000087001250,1250,ack,reverse,1,5,256,02:00:00:00:00:01,02:00:00:00:00:02,0x88b5,D4C1,1,1,1,1393,18,208,16,defense4-s3-cell,d4-cell-v1,0,0
87,1800000087200000,200000,response,reverse,0,6,256,02:00:00:00:00:01,02:00:00:00:00:02,0x88b5,D4C1,1,1,1,1394,18,208,16,defense4-s3-cell,d4-cell-v1,0,0
87,1800000087200250,200250,response,reverse,1,7,256,02:00:00:00:00:01,02:00:00:00:00:02,0x88b5,D4C1,1,1,1,1395,18,208,16,defense4-s3-cell,d4-cell-v1,0,0
87,1800000087200500,200500,response,reverse,2,8,256,02:00:00:00:00:01,02:00:00:00:00:02,0x88b5,D4C1,1,1,1,1396,18,208,16,defense4-s3-cell,d4-cell-v1,0,0
87,1800000087200750,200750,response,reverse,3,9,256,02:00:00:00:00:01,02:00:00:00:00:02,0x88b5,D4C1,1,1,1,1397,18,208,16,defense4-s3-cell,d4-cell-v1,0,0
87,1800000087201000,201000,response,reverse,4,10,256,02:00:00:00:00:01,02:00:00:00:00:02,0x88b5,D4C1,1,1,1,1398,18,208,16,defense4-s3-cell,d4-cell-v1,0,0
87,1800000087201250,201250,response,reverse,5,11,256,02:00:00:00:00:01,02:00:00:00:00:02,0x88b5,D4C1,1,1,1,1399,18,208,16,defense4-s3-cell,d4-cell-v1,0,0
87,1800000087201500,201500,response,reverse,6,12,256,02:00:00:00:00:01,02:00:00:00:00:02,0x88b5,D4C1,1,1,1,1400,18,208,16,defense4-s3-cell,d4-cell-v1,0,0
87,1800000087201750,201750,response,reverse,7,13,256,02:00:00:00:00:01,02:00:00:00:00:02,0x88b5,D4C1,1,1,1,1401,18,208,16,defense4-s3-cell,d4-cell-v1,0,0
87,1800000087202000,202000,response,reverse,8,14,256,02:00:00:00:00:01,02:00:00:00:00:02,0x88b5,D4C1,1,1,1,1402,18,208,16,defense4-s3-cell,d4-cell-v1,0,0
87,1800000087202250,202250,response,reverse,9,15,256,02:00:00:00:00:01,02:00:00:00:00:02,0x88b5,D4C1,1,1,1,1403,18,208,16,defense4-s3-cell,d4-cell-v1,0,0
87,1800000087202500,202500,response,reverse,10,16,256,02:00:00:00:00:01,02:00:00:00:00:02,0x88b5,D4C1,1,1,1,1404,18,208,16,defense4-s3-cell,d4-cell-v1,0,0
87,1800000087202750,202750,response,reverse,11,17,256,02:00:00:00:00:01,02:00:00:00:00:02,0x88b5,D4C1,1,1,1,1405,18,208,16,defense4-s3-cell,d4-cell-v1,0,0
87,1800000087203000,203000,response,reverse,12,18,256,02:00:00:00:00:01,02:00:00:00:00:02,0x88b5,D4C1,1,1,1,1406,18,208,16,defense4-s3-cell,d4-cell-v1,0,0
87,1800000087203250,203250,response,reverse,13,19,256,02:00:00:00:00:01,02:00:00:00:00:02,0x88b5,D4C1,1,1,1,1407,18,208,16,defense4-s3-cell,d4-cell-v1,0,0
87,1800000087203500,203500,tail,forward,0,20,256,02:00:00:00:00:02,02:00:00:00:00:01,0x88b5,D4C1,1,1,1,526,18,208,16,defense4-s3-cell,d4-cell-v1,0,0
87,1800000087203750,203750,tail,forward,1,21,256,02:00:00:00:00:02,02:00:00:00:00:01,0x88b5,D4C1,1,1,1,527,18,208,16,defense4-s3-cell,d4-cell-v1,0,0
88,1800000088000000,0,request,forward,0,0,256,02:00:00:00:00:02,02:00:00:00:00:01,0x88b5,D4C1,1,1,1,528,18,208,16,defense4-s3-cell,d4-cell-v1,0,0
88,1800000088000250,250,request,forward,1,1,256,02:00:00:00:00:02,02:00:00:00:00:01,0x88b5,D4C1,1,1,1,529,18,208,16,defense4-s3-cell,d4-cell-v1,0,0
88,1800000088000500,500,request,forward,2,2,256,02:00:00:00:00:02,02:00:00:00:00:01,0x88b5,D4C1,1,1,1,530,18,208,16,defense4-s3-cell,d4-cell-v1,0,0
88,1800000088000750,750,request,forward,3,3,256,02:00:00:00:00:02,02:00:00:00:00:01,0x88b5,D4C1,1,1,1,531,18,208,16,defense4-s3-cell,d4-cell-v1,0,0
88,1800000088001000,1000,ack,reverse,0,4,256,02:00:00:00:00:01,02:00:00:00:00:02,0x88b5,D4C1,1,1,1,1408,18,208,16,defense4-s3-cell,d4-cell-v1,0,0
88,1800000088001250,1250,ack,reverse,1,5,256,02:00:00:00:00:01,02:00:00:00:00:02,0x88b5,D4C1,1,1,1,1409,18,208,16,defense4-s3-cell,d4-cell-v1,0,0
88,1800000088200000,200000,response,reverse,0,6,256,02:00:00:00:00:01,02:00:00:00:00:02,0x88b5,D4C1,1,1,1,1410,18,208,16,defense4-s3-cell,d4-cell-v1,0,0
88,1800000088200250,200250,response,reverse,1,7,256,02:00:00:00:00:01,02:00:00:00:00:02,0x88b5,D4C1,1,1,1,1411,18,208,16,defense4-s3-cell,d4-cell-v1,0,0
88,1800000088200500,200500,response,reverse,2,8,256,02:00:00:00:00:01,02:00:00:00:00:02,0x88b5,D4C1,1,1,1,1412,18,208,16,defense4-s3-cell,d4-cell-v1,0,0
88,1800000088200750,200750,response,reverse,3,9,256,02:00:00:00:00:01,02:00:00:00:00:02,0x88b5,D4C1,1,1,1,1413,18,208,16,defense4-s3-cell,d4-cell-v1,0,0
88,1800000088201000,201000,response,reverse,4,10,256,02:00:00:00:00:01,02:00:00:00:00:02,0x88b5,D4C1,1,1,1,1414,18,208,16,defense4-s3-cell,d4-cell-v1,0,0
88,1800000088201250,201250,response,reverse,5,11,256,02:00:00:00:00:01,02:00:00:00:00:02,0x88b5,D4C1,1,1,1,1415,18,208,16,defense4-s3-cell,d4-cell-v1,0,0
88,1800000088201500,201500,response,reverse,6,12,256,02:00:00:00:00:01,02:00:00:00:00:02,0x88b5,D4C1,1,1,1,1416,18,208,16,defense4-s3-cell,d4-cell-v1,0,0
88,1800000088201750,201750,response,reverse,7,13,256,02:00:00:00:00:01,02:00:00:00:00:02,0x88b5,D4C1,1,1,1,1417,18,208,16,defense4-s3-cell,d4-cell-v1,0,0
88,1800000088202000,202000,response,reverse,8,14,256,02:00:00:00:00:01,02:00:00:00:00:02,0x88b5,D4C1,1,1,1,1418,18,208,16,defense4-s3-cell,d4-cell-v1,0,0
88,1800000088202250,202250,response,reverse,9,15,256,02:00:00:00:00:01,02:00:00:00:00:02,0x88b5,D4C1,1,1,1,1419,18,208,16,defense4-s3-cell,d4-cell-v1,0,0
88,1800000088202500,202500,response,reverse,10,16,256,02:00:00:00:00:01,02:00:00:00:00:02,0x88b5,D4C1,1,1,1,1420,18,208,16,defense4-s3-cell,d4-cell-v1,0,0
88,1800000088202750,202750,response,reverse,11,17,256,02:00:00:00:00:01,02:00:00:00:00:02,0x88b5,D4C1,1,1,1,1421,18,208,16,defense4-s3-cell,d4-cell-v1,0,0
88,1800000088203000,203000,response,reverse,12,18,256,02:00:00:00:00:01,02:00:00:00:00:02,0x88b5,D4C1,1,1,1,1422,18,208,16,defense4-s3-cell,d4-cell-v1,0,0
88,1800000088203250,203250,response,reverse,13,19,256,02:00:00:00:00:01,02:00:00:00:00:02,0x88b5,D4C1,1,1,1,1423,18,208,16,defense4-s3-cell,d4-cell-v1,0,0
88,1800000088203500,203500,tail,forward,0,20,256,02:00:00:00:00:02,02:00:00:00:00:01,0x88b5,D4C1,1,1,1,532,18,208,16,defense4-s3-cell,d4-cell-v1,0,0
88,1800000088203750,203750,tail,forward,1,21,256,02:00:00:00:00:02,02:00:00:00:00:01,0x88b5,D4C1,1,1,1,533,18,208,16,defense4-s3-cell,d4-cell-v1,0,0
89,1800000089000000,0,request,forward,0,0,256,02:00:00:00:00:02,02:00:00:00:00:01,0x88b5,D4C1,1,1,1,534,18,208,16,defense4-s3-cell,d4-cell-v1,0,0
89,1800000089000250,250,request,forward,1,1,256,02:00:00:00:00:02,02:00:00:00:00:01,0x88b5,D4C1,1,1,1,535,18,208,16,defense4-s3-cell,d4-cell-v1,0,0
89,1800000089000500,500,request,forward,2,2,256,02:00:00:00:00:02,02:00:00:00:00:01,0x88b5,D4C1,1,1,1,536,18,208,16,defense4-s3-cell,d4-cell-v1,0,0
89,1800000089000750,750,request,forward,3,3,256,02:00:00:00:00:02,02:00:00:00:00:01,0x88b5,D4C1,1,1,1,537,18,208,16,defense4-s3-cell,d4-cell-v1,0,0
89,1800000089001000,1000,ack,reverse,0,4,256,02:00:00:00:00:01,02:00:00:00:00:02,0x88b5,D4C1,1,1,1,1424,18,208,16,defense4-s3-cell,d4-cell-v1,0,0
89,1800000089001250,1250,ack,reverse,1,5,256,02:00:00:00:00:01,02:00:00:00:00:02,0x88b5,D4C1,1,1,1,1425,18,208,16,defense4-s3-cell,d4-cell-v1,0,0
89,1800000089200000,200000,response,reverse,0,6,256,02:00:00:00:00:01,02:00:00:00:00:02,0x88b5,D4C1,1,1,1,1426,18,208,16,defense4-s3-cell,d4-cell-v1,0,0
89,1800000089200250,200250,response,reverse,1,7,256,02:00:00:00:00:01,02:00:00:00:00:02,0x88b5,D4C1,1,1,1,1427,18,208,16,defense4-s3-cell,d4-cell-v1,0,0
89,1800000089200500,200500,response,reverse,2,8,256,02:00:00:00:00:01,02:00:00:00:00:02,0x88b5,D4C1,1,1,1,1428,18,208,16,defense4-s3-cell,d4-cell-v1,0,0
89,1800000089200750,200750,response,reverse,3,9,256,02:00:00:00:00:01,02:00:00:00:00:02,0x88b5,D4C1,1,1,1,1429,18,208,16,defense4-s3-cell,d4-cell-v1,0,0
89,1800000089201000,201000,response,reverse,4,10,256,02:00:00:00:00:01,02:00:00:00:00:02,0x88b5,D4C1,1,1,1,1430,18,208,16,defense4-s3-cell,d4-cell-v1,0,0
89,1800000089201250,201250,response,reverse,5,11,256,02:00:00:00:00:01,02:00:00:00:00:02,0x88b5,D4C1,1,1,1,1431,18,208,16,defense4-s3-cell,d4-cell-v1,0,0
89,1800000089201500,201500,response,reverse,6,12,256,02:00:00:00:00:01,02:00:00:00:00:02,0x88b5,D4C1,1,1,1,1432,18,208,16,defense4-s3-cell,d4-cell-v1,0,0
89,1800000089201750,201750,response,reverse,7,13,256,02:00:00:00:00:01,02:00:00:00:00:02,0x88b5,D4C1,1,1,1,1433,18,208,16,defense4-s3-cell,d4-cell-v1,0,0
89,1800000089202000,202000,response,reverse,8,14,256,02:00:00:00:00:01,02:00:00:00:00:02,0x88b5,D4C1,1,1,1,1434,18,208,16,defense4-s3-cell,d4-cell-v1,0,0
89,1800000089202250,202250,response,reverse,9,15,256,02:00:00:00:00:01,02:00:00:00:00:02,0x88b5,D4C1,1,1,1,1435,18,208,16,defense4-s3-cell,d4-cell-v1,0,0
89,1800000089202500,202500,response,reverse,10,16,256,02:00:00:00:00:01,02:00:00:00:00:02,0x88b5,D4C1,1,1,1,1436,18,208,16,defense4-s3-cell,d4-cell-v1,0,0
89,1800000089202750,202750,response,reverse,11,17,256,02:00:00:00:00:01,02:00:00:00:00:02,0x88b5,D4C1,1,1,1,1437,18,208,16,defense4-s3-cell,d4-cell-v1,0,0
89,1800000089203000,203000,response,reverse,12,18,256,02:00:00:00:00:01,02:00:00:00:00:02,0x88b5,D4C1,1,1,1,1438,18,208,16,defense4-s3-cell,d4-cell-v1,0,0
89,1800000089203250,203250,response,reverse,13,19,256,02:00:00:00:00:01,02:00:00:00:00:02,0x88b5,D4C1,1,1,1,1439,18,208,16,defense4-s3-cell,d4-cell-v1,0,0
89,1800000089203500,203500,tail,forward,0,20,256,02:00:00:00:00:02,02:00:00:00:00:01,0x88b5,D4C1,1,1,1,538,18,208,16,defense4-s3-cell,d4-cell-v1,0,0
89,1800000089203750,203750,tail,forward,1,21,256,02:00:00:00:00:02,02:00:00:00:00:01,0x88b5,D4C1,1,1,1,539,18,208,16,defense4-s3-cell,d4-cell-v1,0,0
90,1800000090000000,0,request,forward,0,0,256,02:00:00:00:00:02,02:00:00:00:00:01,0x88b5,D4C1,1,1,1,540,18,208,16,defense4-s3-cell,d4-cell-v1,0,0
90,1800000090000250,250,request,forward,1,1,256,02:00:00:00:00:02,02:00:00:00:00:01,0x88b5,D4C1,1,1,1,541,18,208,16,defense4-s3-cell,d4-cell-v1,0,0
90,1800000090000500,500,request,forward,2,2,256,02:00:00:00:00:02,02:00:00:00:00:01,0x88b5,D4C1,1,1,1,542,18,208,16,defense4-s3-cell,d4-cell-v1,0,0
90,1800000090000750,750,request,forward,3,3,256,02:00:00:00:00:02,02:00:00:00:00:01,0x88b5,D4C1,1,1,1,543,18,208,16,defense4-s3-cell,d4-cell-v1,0,0
90,1800000090001000,1000,ack,reverse,0,4,256,02:00:00:00:00:01,02:00:00:00:00:02,0x88b5,D4C1,1,1,1,1440,18,208,16,defense4-s3-cell,d4-cell-v1,0,0
90,1800000090001250,1250,ack,reverse,1,5,256,02:00:00:00:00:01,02:00:00:00:00:02,0x88b5,D4C1,1,1,1,1441,18,208,16,defense4-s3-cell,d4-cell-v1,0,0
90,1800000090200000,200000,response,reverse,0,6,256,02:00:00:00:00:01,02:00:00:00:00:02,0x88b5,D4C1,1,1,1,1442,18,208,16,defense4-s3-cell,d4-cell-v1,0,0
90,1800000090200250,200250,response,reverse,1,7,256,02:00:00:00:00:01,02:00:00:00:00:02,0x88b5,D4C1,1,1,1,1443,18,208,16,defense4-s3-cell,d4-cell-v1,0,0
90,1800000090200500,200500,response,reverse,2,8,256,02:00:00:00:00:01,02:00:00:00:00:02,0x88b5,D4C1,1,1,1,1444,18,208,16,defense4-s3-cell,d4-cell-v1,0,0
90,1800000090200750,200750,response,reverse,3,9,256,02:00:00:00:00:01,02:00:00:00:00:02,0x88b5,D4C1,1,1,1,1445,18,208,16,defense4-s3-cell,d4-cell-v1,0,0
90,1800000090201000,201000,response,reverse,4,10,256,02:00:00:00:00:01,02:00:00:00:00:02,0x88b5,D4C1,1,1,1,1446,18,208,16,defense4-s3-cell,d4-cell-v1,0,0
90,1800000090201250,201250,response,reverse,5,11,256,02:00:00:00:00:01,02:00:00:00:00:02,0x88b5,D4C1,1,1,1,1447,18,208,16,defense4-s3-cell,d4-cell-v1,0,0
90,1800000090201500,201500,response,reverse,6,12,256,02:00:00:00:00:01,02:00:00:00:00:02,0x88b5,D4C1,1,1,1,1448,18,208,16,defense4-s3-cell,d4-cell-v1,0,0
90,1800000090201750,201750,response,reverse,7,13,256,02:00:00:00:00:01,02:00:00:00:00:02,0x88b5,D4C1,1,1,1,1449,18,208,16,defense4-s3-cell,d4-cell-v1,0,0
90,1800000090202000,202000,response,reverse,8,14,256,02:00:00:00:00:01,02:00:00:00:00:02,0x88b5,D4C1,1,1,1,1450,18,208,16,defense4-s3-cell,d4-cell-v1,0,0
90,1800000090202250,202250,response,reverse,9,15,256,02:00:00:00:00:01,02:00:00:00:00:02,0x88b5,D4C1,1,1,1,1451,18,208,16,defense4-s3-cell,d4-cell-v1,0,0
90,1800000090202500,202500,response,reverse,10,16,256,02:00:00:00:00:01,02:00:00:00:00:02,0x88b5,D4C1,1,1,1,1452,18,208,16,defense4-s3-cell,d4-cell-v1,0,0
90,1800000090202750,202750,response,reverse,11,17,256,02:00:00:00:00:01,02:00:00:00:00:02,0x88b5,D4C1,1,1,1,1453,18,208,16,defense4-s3-cell,d4-cell-v1,0,0
90,1800000090203000,203000,response,reverse,12,18,256,02:00:00:00:00:01,02:00:00:00:00:02,0x88b5,D4C1,1,1,1,1454,18,208,16,defense4-s3-cell,d4-cell-v1,0,0
90,1800000090203250,203250,response,reverse,13,19,256,02:00:00:00:00:01,02:00:00:00:00:02,0x88b5,D4C1,1,1,1,1455,18,208,16,defense4-s3-cell,d4-cell-v1,0,0
90,1800000090203500,203500,tail,forward,0,20,256,02:00:00:00:00:02,02:00:00:00:00:01,0x88b5,D4C1,1,1,1,544,18,208,16,defense4-s3-cell,d4-cell-v1,0,0
90,1800000090203750,203750,tail,forward,1,21,256,02:00:00:00:00:02,02:00:00:00:00:01,0x88b5,D4C1,1,1,1,545,18,208,16,defense4-s3-cell,d4-cell-v1,0,0
91,1800000091000000,0,request,forward,0,0,256,02:00:00:00:00:02,02:00:00:00:00:01,0x88b5,D4C1,1,1,1,546,18,208,16,defense4-s3-cell,d4-cell-v1,0,0
91,1800000091000250,250,request,forward,1,1,256,02:00:00:00:00:02,02:00:00:00:00:01,0x88b5,D4C1,1,1,1,547,18,208,16,defense4-s3-cell,d4-cell-v1,0,0
91,1800000091000500,500,request,forward,2,2,256,02:00:00:00:00:02,02:00:00:00:00:01,0x88b5,D4C1,1,1,1,548,18,208,16,defense4-s3-cell,d4-cell-v1,0,0
91,1800000091000750,750,request,forward,3,3,256,02:00:00:00:00:02,02:00:00:00:00:01,0x88b5,D4C1,1,1,1,549,18,208,16,defense4-s3-cell,d4-cell-v1,0,0
91,1800000091001000,1000,ack,reverse,0,4,256,02:00:00:00:00:01,02:00:00:00:00:02,0x88b5,D4C1,1,1,1,1456,18,208,16,defense4-s3-cell,d4-cell-v1,0,0
91,1800000091001250,1250,ack,reverse,1,5,256,02:00:00:00:00:01,02:00:00:00:00:02,0x88b5,D4C1,1,1,1,1457,18,208,16,defense4-s3-cell,d4-cell-v1,0,0
91,1800000091200000,200000,response,reverse,0,6,256,02:00:00:00:00:01,02:00:00:00:00:02,0x88b5,D4C1,1,1,1,1458,18,208,16,defense4-s3-cell,d4-cell-v1,0,0
91,1800000091200250,200250,response,reverse,1,7,256,02:00:00:00:00:01,02:00:00:00:00:02,0x88b5,D4C1,1,1,1,1459,18,208,16,defense4-s3-cell,d4-cell-v1,0,0
91,1800000091200500,200500,response,reverse,2,8,256,02:00:00:00:00:01,02:00:00:00:00:02,0x88b5,D4C1,1,1,1,1460,18,208,16,defense4-s3-cell,d4-cell-v1,0,0
91,1800000091200750,200750,response,reverse,3,9,256,02:00:00:00:00:01,02:00:00:00:00:02,0x88b5,D4C1,1,1,1,1461,18,208,16,defense4-s3-cell,d4-cell-v1,0,0
91,1800000091201000,201000,response,reverse,4,10,256,02:00:00:00:00:01,02:00:00:00:00:02,0x88b5,D4C1,1,1,1,1462,18,208,16,defense4-s3-cell,d4-cell-v1,0,0
91,1800000091201250,201250,response,reverse,5,11,256,02:00:00:00:00:01,02:00:00:00:00:02,0x88b5,D4C1,1,1,1,1463,18,208,16,defense4-s3-cell,d4-cell-v1,0,0
91,1800000091201500,201500,response,reverse,6,12,256,02:00:00:00:00:01,02:00:00:00:00:02,0x88b5,D4C1,1,1,1,1464,18,208,16,defense4-s3-cell,d4-cell-v1,0,0
91,1800000091201750,201750,response,reverse,7,13,256,02:00:00:00:00:01,02:00:00:00:00:02,0x88b5,D4C1,1,1,1,1465,18,208,16,defense4-s3-cell,d4-cell-v1,0,0
91,1800000091202000,202000,response,reverse,8,14,256,02:00:00:00:00:01,02:00:00:00:00:02,0x88b5,D4C1,1,1,1,1466,18,208,16,defense4-s3-cell,d4-cell-v1,0,0
91,1800000091202250,202250,response,reverse,9,15,256,02:00:00:00:00:01,02:00:00:00:00:02,0x88b5,D4C1,1,1,1,1467,18,208,16,defense4-s3-cell,d4-cell-v1,0,0
91,1800000091202500,202500,response,reverse,10,16,256,02:00:00:00:00:01,02:00:00:00:00:02,0x88b5,D4C1,1,1,1,1468,18,208,16,defense4-s3-cell,d4-cell-v1,0,0
91,1800000091202750,202750,response,reverse,11,17,256,02:00:00:00:00:01,02:00:00:00:00:02,0x88b5,D4C1,1,1,1,1469,18,208,16,defense4-s3-cell,d4-cell-v1,0,0
91,1800000091203000,203000,response,reverse,12,18,256,02:00:00:00:00:01,02:00:00:00:00:02,0x88b5,D4C1,1,1,1,1470,18,208,16,defense4-s3-cell,d4-cell-v1,0,0
91,1800000091203250,203250,response,reverse,13,19,256,02:00:00:00:00:01,02:00:00:00:00:02,0x88b5,D4C1,1,1,1,1471,18,208,16,defense4-s3-cell,d4-cell-v1,0,0
91,1800000091203500,203500,tail,forward,0,20,256,02:00:00:00:00:02,02:00:00:00:00:01,0x88b5,D4C1,1,1,1,550,18,208,16,defense4-s3-cell,d4-cell-v1,0,0
91,1800000091203750,203750,tail,forward,1,21,256,02:00:00:00:00:02,02:00:00:00:00:01,0x88b5,D4C1,1,1,1,551,18,208,16,defense4-s3-cell,d4-cell-v1,0,0
92,1800000092000000,0,request,forward,0,0,256,02:00:00:00:00:02,02:00:00:00:00:01,0x88b5,D4C1,1,1,1,552,18,208,16,defense4-s3-cell,d4-cell-v1,0,0
92,1800000092000250,250,request,forward,1,1,256,02:00:00:00:00:02,02:00:00:00:00:01,0x88b5,D4C1,1,1,1,553,18,208,16,defense4-s3-cell,d4-cell-v1,0,0
92,1800000092000500,500,request,forward,2,2,256,02:00:00:00:00:02,02:00:00:00:00:01,0x88b5,D4C1,1,1,1,554,18,208,16,defense4-s3-cell,d4-cell-v1,0,0
92,1800000092000750,750,request,forward,3,3,256,02:00:00:00:00:02,02:00:00:00:00:01,0x88b5,D4C1,1,1,1,555,18,208,16,defense4-s3-cell,d4-cell-v1,0,0
92,1800000092001000,1000,ack,reverse,0,4,256,02:00:00:00:00:01,02:00:00:00:00:02,0x88b5,D4C1,1,1,1,1472,18,208,16,defense4-s3-cell,d4-cell-v1,0,0
92,1800000092001250,1250,ack,reverse,1,5,256,02:00:00:00:00:01,02:00:00:00:00:02,0x88b5,D4C1,1,1,1,1473,18,208,16,defense4-s3-cell,d4-cell-v1,0,0
92,1800000092200000,200000,response,reverse,0,6,256,02:00:00:00:00:01,02:00:00:00:00:02,0x88b5,D4C1,1,1,1,1474,18,208,16,defense4-s3-cell,d4-cell-v1,0,0
92,1800000092200250,200250,response,reverse,1,7,256,02:00:00:00:00:01,02:00:00:00:00:02,0x88b5,D4C1,1,1,1,1475,18,208,16,defense4-s3-cell,d4-cell-v1,0,0
92,1800000092200500,200500,response,reverse,2,8,256,02:00:00:00:00:01,02:00:00:00:00:02,0x88b5,D4C1,1,1,1,1476,18,208,16,defense4-s3-cell,d4-cell-v1,0,0
92,1800000092200750,200750,response,reverse,3,9,256,02:00:00:00:00:01,02:00:00:00:00:02,0x88b5,D4C1,1,1,1,1477,18,208,16,defense4-s3-cell,d4-cell-v1,0,0
92,1800000092201000,201000,response,reverse,4,10,256,02:00:00:00:00:01,02:00:00:00:00:02,0x88b5,D4C1,1,1,1,1478,18,208,16,defense4-s3-cell,d4-cell-v1,0,0
92,1800000092201250,201250,response,reverse,5,11,256,02:00:00:00:00:01,02:00:00:00:00:02,0x88b5,D4C1,1,1,1,1479,18,208,16,defense4-s3-cell,d4-cell-v1,0,0
92,1800000092201500,201500,response,reverse,6,12,256,02:00:00:00:00:01,02:00:00:00:00:02,0x88b5,D4C1,1,1,1,1480,18,208,16,defense4-s3-cell,d4-cell-v1,0,0
92,1800000092201750,201750,response,reverse,7,13,256,02:00:00:00:00:01,02:00:00:00:00:02,0x88b5,D4C1,1,1,1,1481,18,208,16,defense4-s3-cell,d4-cell-v1,0,0
92,1800000092202000,202000,response,reverse,8,14,256,02:00:00:00:00:01,02:00:00:00:00:02,0x88b5,D4C1,1,1,1,1482,18,208,16,defense4-s3-cell,d4-cell-v1,0,0
92,1800000092202250,202250,response,reverse,9,15,256,02:00:00:00:00:01,02:00:00:00:00:02,0x88b5,D4C1,1,1,1,1483,18,208,16,defense4-s3-cell,d4-cell-v1,0,0
92,1800000092202500,202500,response,reverse,10,16,256,02:00:00:00:00:01,02:00:00:00:00:02,0x88b5,D4C1,1,1,1,1484,18,208,16,defense4-s3-cell,d4-cell-v1,0,0
92,1800000092202750,202750,response,reverse,11,17,256,02:00:00:00:00:01,02:00:00:00:00:02,0x88b5,D4C1,1,1,1,1485,18,208,16,defense4-s3-cell,d4-cell-v1,0,0
92,1800000092203000,203000,response,reverse,12,18,256,02:00:00:00:00:01,02:00:00:00:00:02,0x88b5,D4C1,1,1,1,1486,18,208,16,defense4-s3-cell,d4-cell-v1,0,0
92,1800000092203250,203250,response,reverse,13,19,256,02:00:00:00:00:01,02:00:00:00:00:02,0x88b5,D4C1,1,1,1,1487,18,208,16,defense4-s3-cell,d4-cell-v1,0,0
92,1800000092203500,203500,tail,forward,0,20,256,02:00:00:00:00:02,02:00:00:00:00:01,0x88b5,D4C1,1,1,1,556,18,208,16,defense4-s3-cell,d4-cell-v1,0,0
92,1800000092203750,203750,tail,forward,1,21,256,02:00:00:00:00:02,02:00:00:00:00:01,0x88b5,D4C1,1,1,1,557,18,208,16,defense4-s3-cell,d4-cell-v1,0,0
93,1800000093000000,0,request,forward,0,0,256,02:00:00:00:00:02,02:00:00:00:00:01,0x88b5,D4C1,1,1,1,558,18,208,16,defense4-s3-cell,d4-cell-v1,0,0
93,1800000093000250,250,request,forward,1,1,256,02:00:00:00:00:02,02:00:00:00:00:01,0x88b5,D4C1,1,1,1,559,18,208,16,defense4-s3-cell,d4-cell-v1,0,0
93,1800000093000500,500,request,forward,2,2,256,02:00:00:00:00:02,02:00:00:00:00:01,0x88b5,D4C1,1,1,1,560,18,208,16,defense4-s3-cell,d4-cell-v1,0,0
93,1800000093000750,750,request,forward,3,3,256,02:00:00:00:00:02,02:00:00:00:00:01,0x88b5,D4C1,1,1,1,561,18,208,16,defense4-s3-cell,d4-cell-v1,0,0
93,1800000093001000,1000,ack,reverse,0,4,256,02:00:00:00:00:01,02:00:00:00:00:02,0x88b5,D4C1,1,1,1,1488,18,208,16,defense4-s3-cell,d4-cell-v1,0,0
93,1800000093001250,1250,ack,reverse,1,5,256,02:00:00:00:00:01,02:00:00:00:00:02,0x88b5,D4C1,1,1,1,1489,18,208,16,defense4-s3-cell,d4-cell-v1,0,0
93,1800000093200000,200000,response,reverse,0,6,256,02:00:00:00:00:01,02:00:00:00:00:02,0x88b5,D4C1,1,1,1,1490,18,208,16,defense4-s3-cell,d4-cell-v1,0,0
93,1800000093200250,200250,response,reverse,1,7,256,02:00:00:00:00:01,02:00:00:00:00:02,0x88b5,D4C1,1,1,1,1491,18,208,16,defense4-s3-cell,d4-cell-v1,0,0
93,1800000093200500,200500,response,reverse,2,8,256,02:00:00:00:00:01,02:00:00:00:00:02,0x88b5,D4C1,1,1,1,1492,18,208,16,defense4-s3-cell,d4-cell-v1,0,0
93,1800000093200750,200750,response,reverse,3,9,256,02:00:00:00:00:01,02:00:00:00:00:02,0x88b5,D4C1,1,1,1,1493,18,208,16,defense4-s3-cell,d4-cell-v1,0,0
93,1800000093201000,201000,response,reverse,4,10,256,02:00:00:00:00:01,02:00:00:00:00:02,0x88b5,D4C1,1,1,1,1494,18,208,16,defense4-s3-cell,d4-cell-v1,0,0
93,1800000093201250,201250,response,reverse,5,11,256,02:00:00:00:00:01,02:00:00:00:00:02,0x88b5,D4C1,1,1,1,1495,18,208,16,defense4-s3-cell,d4-cell-v1,0,0
93,1800000093201500,201500,response,reverse,6,12,256,02:00:00:00:00:01,02:00:00:00:00:02,0x88b5,D4C1,1,1,1,1496,18,208,16,defense4-s3-cell,d4-cell-v1,0,0
93,1800000093201750,201750,response,reverse,7,13,256,02:00:00:00:00:01,02:00:00:00:00:02,0x88b5,D4C1,1,1,1,1497,18,208,16,defense4-s3-cell,d4-cell-v1,0,0
93,1800000093202000,202000,response,reverse,8,14,256,02:00:00:00:00:01,02:00:00:00:00:02,0x88b5,D4C1,1,1,1,1498,18,208,16,defense4-s3-cell,d4-cell-v1,0,0
93,1800000093202250,202250,response,reverse,9,15,256,02:00:00:00:00:01,02:00:00:00:00:02,0x88b5,D4C1,1,1,1,1499,18,208,16,defense4-s3-cell,d4-cell-v1,0,0
93,1800000093202500,202500,response,reverse,10,16,256,02:00:00:00:00:01,02:00:00:00:00:02,0x88b5,D4C1,1,1,1,1500,18,208,16,defense4-s3-cell,d4-cell-v1,0,0
93,1800000093202750,202750,response,reverse,11,17,256,02:00:00:00:00:01,02:00:00:00:00:02,0x88b5,D4C1,1,1,1,1501,18,208,16,defense4-s3-cell,d4-cell-v1,0,0
93,1800000093203000,203000,response,reverse,12,18,256,02:00:00:00:00:01,02:00:00:00:00:02,0x88b5,D4C1,1,1,1,1502,18,208,16,defense4-s3-cell,d4-cell-v1,0,0
93,1800000093203250,203250,response,reverse,13,19,256,02:00:00:00:00:01,02:00:00:00:00:02,0x88b5,D4C1,1,1,1,1503,18,208,16,defense4-s3-cell,d4-cell-v1,0,0
93,1800000093203500,203500,tail,forward,0,20,256,02:00:00:00:00:02,02:00:00:00:00:01,0x88b5,D4C1,1,1,1,562,18,208,16,defense4-s3-cell,d4-cell-v1,0,0
93,1800000093203750,203750,tail,forward,1,21,256,02:00:00:00:00:02,02:00:00:00:00:01,0x88b5,D4C1,1,1,1,563,18,208,16,defense4-s3-cell,d4-cell-v1,0,0
94,1800000094000000,0,request,forward,0,0,256,02:00:00:00:00:02,02:00:00:00:00:01,0x88b5,D4C1,1,1,1,564,18,208,16,defense4-s3-cell,d4-cell-v1,0,0
94,1800000094000250,250,request,forward,1,1,256,02:00:00:00:00:02,02:00:00:00:00:01,0x88b5,D4C1,1,1,1,565,18,208,16,defense4-s3-cell,d4-cell-v1,0,0
94,1800000094000500,500,request,forward,2,2,256,02:00:00:00:00:02,02:00:00:00:00:01,0x88b5,D4C1,1,1,1,566,18,208,16,defense4-s3-cell,d4-cell-v1,0,0
94,1800000094000750,750,request,forward,3,3,256,02:00:00:00:00:02,02:00:00:00:00:01,0x88b5,D4C1,1,1,1,567,18,208,16,defense4-s3-cell,d4-cell-v1,0,0
94,1800000094001000,1000,ack,reverse,0,4,256,02:00:00:00:00:01,02:00:00:00:00:02,0x88b5,D4C1,1,1,1,1504,18,208,16,defense4-s3-cell,d4-cell-v1,0,0
94,1800000094001250,1250,ack,reverse,1,5,256,02:00:00:00:00:01,02:00:00:00:00:02,0x88b5,D4C1,1,1,1,1505,18,208,16,defense4-s3-cell,d4-cell-v1,0,0
94,1800000094200000,200000,response,reverse,0,6,256,02:00:00:00:00:01,02:00:00:00:00:02,0x88b5,D4C1,1,1,1,1506,18,208,16,defense4-s3-cell,d4-cell-v1,0,0
94,1800000094200250,200250,response,reverse,1,7,256,02:00:00:00:00:01,02:00:00:00:00:02,0x88b5,D4C1,1,1,1,1507,18,208,16,defense4-s3-cell,d4-cell-v1,0,0
94,1800000094200500,200500,response,reverse,2,8,256,02:00:00:00:00:01,02:00:00:00:00:02,0x88b5,D4C1,1,1,1,1508,18,208,16,defense4-s3-cell,d4-cell-v1,0,0
94,1800000094200750,200750,response,reverse,3,9,256,02:00:00:00:00:01,02:00:00:00:00:02,0x88b5,D4C1,1,1,1,1509,18,208,16,defense4-s3-cell,d4-cell-v1,0,0
94,1800000094201000,201000,response,reverse,4,10,256,02:00:00:00:00:01,02:00:00:00:00:02,0x88b5,D4C1,1,1,1,1510,18,208,16,defense4-s3-cell,d4-cell-v1,0,0
94,1800000094201250,201250,response,reverse,5,11,256,02:00:00:00:00:01,02:00:00:00:00:02,0x88b5,D4C1,1,1,1,1511,18,208,16,defense4-s3-cell,d4-cell-v1,0,0
94,1800000094201500,201500,response,reverse,6,12,256,02:00:00:00:00:01,02:00:00:00:00:02,0x88b5,D4C1,1,1,1,1512,18,208,16,defense4-s3-cell,d4-cell-v1,0,0
94,1800000094201750,201750,response,reverse,7,13,256,02:00:00:00:00:01,02:00:00:00:00:02,0x88b5,D4C1,1,1,1,1513,18,208,16,defense4-s3-cell,d4-cell-v1,0,0
94,1800000094202000,202000,response,reverse,8,14,256,02:00:00:00:00:01,02:00:00:00:00:02,0x88b5,D4C1,1,1,1,1514,18,208,16,defense4-s3-cell,d4-cell-v1,0,0
94,1800000094202250,202250,response,reverse,9,15,256,02:00:00:00:00:01,02:00:00:00:00:02,0x88b5,D4C1,1,1,1,1515,18,208,16,defense4-s3-cell,d4-cell-v1,0,0
94,1800000094202500,202500,response,reverse,10,16,256,02:00:00:00:00:01,02:00:00:00:00:02,0x88b5,D4C1,1,1,1,1516,18,208,16,defense4-s3-cell,d4-cell-v1,0,0
94,1800000094202750,202750,response,reverse,11,17,256,02:00:00:00:00:01,02:00:00:00:00:02,0x88b5,D4C1,1,1,1,1517,18,208,16,defense4-s3-cell,d4-cell-v1,0,0
94,1800000094203000,203000,response,reverse,12,18,256,02:00:00:00:00:01,02:00:00:00:00:02,0x88b5,D4C1,1,1,1,1518,18,208,16,defense4-s3-cell,d4-cell-v1,0,0
94,1800000094203250,203250,response,reverse,13,19,256,02:00:00:00:00:01,02:00:00:00:00:02,0x88b5,D4C1,1,1,1,1519,18,208,16,defense4-s3-cell,d4-cell-v1,0,0
94,1800000094203500,203500,tail,forward,0,20,256,02:00:00:00:00:02,02:00:00:00:00:01,0x88b5,D4C1,1,1,1,568,18,208,16,defense4-s3-cell,d4-cell-v1,0,0
94,1800000094203750,203750,tail,forward,1,21,256,02:00:00:00:00:02,02:00:00:00:00:01,0x88b5,D4C1,1,1,1,569,18,208,16,defense4-s3-cell,d4-cell-v1,0,0
95,1800000095000000,0,request,forward,0,0,256,02:00:00:00:00:02,02:00:00:00:00:01,0x88b5,D4C1,1,1,1,570,18,208,16,defense4-s3-cell,d4-cell-v1,0,0
95,1800000095000250,250,request,forward,1,1,256,02:00:00:00:00:02,02:00:00:00:00:01,0x88b5,D4C1,1,1,1,571,18,208,16,defense4-s3-cell,d4-cell-v1,0,0
95,1800000095000500,500,request,forward,2,2,256,02:00:00:00:00:02,02:00:00:00:00:01,0x88b5,D4C1,1,1,1,572,18,208,16,defense4-s3-cell,d4-cell-v1,0,0
95,1800000095000750,750,request,forward,3,3,256,02:00:00:00:00:02,02:00:00:00:00:01,0x88b5,D4C1,1,1,1,573,18,208,16,defense4-s3-cell,d4-cell-v1,0,0
95,1800000095001000,1000,ack,reverse,0,4,256,02:00:00:00:00:01,02:00:00:00:00:02,0x88b5,D4C1,1,1,1,1520,18,208,16,defense4-s3-cell,d4-cell-v1,0,0
95,1800000095001250,1250,ack,reverse,1,5,256,02:00:00:00:00:01,02:00:00:00:00:02,0x88b5,D4C1,1,1,1,1521,18,208,16,defense4-s3-cell,d4-cell-v1,0,0
95,1800000095200000,200000,response,reverse,0,6,256,02:00:00:00:00:01,02:00:00:00:00:02,0x88b5,D4C1,1,1,1,1522,18,208,16,defense4-s3-cell,d4-cell-v1,0,0
95,1800000095200250,200250,response,reverse,1,7,256,02:00:00:00:00:01,02:00:00:00:00:02,0x88b5,D4C1,1,1,1,1523,18,208,16,defense4-s3-cell,d4-cell-v1,0,0
95,1800000095200500,200500,response,reverse,2,8,256,02:00:00:00:00:01,02:00:00:00:00:02,0x88b5,D4C1,1,1,1,1524,18,208,16,defense4-s3-cell,d4-cell-v1,0,0
95,1800000095200750,200750,response,reverse,3,9,256,02:00:00:00:00:01,02:00:00:00:00:02,0x88b5,D4C1,1,1,1,1525,18,208,16,defense4-s3-cell,d4-cell-v1,0,0
95,1800000095201000,201000,response,reverse,4,10,256,02:00:00:00:00:01,02:00:00:00:00:02,0x88b5,D4C1,1,1,1,1526,18,208,16,defense4-s3-cell,d4-cell-v1,0,0
95,1800000095201250,201250,response,reverse,5,11,256,02:00:00:00:00:01,02:00:00:00:00:02,0x88b5,D4C1,1,1,1,1527,18,208,16,defense4-s3-cell,d4-cell-v1,0,0
95,1800000095201500,201500,response,reverse,6,12,256,02:00:00:00:00:01,02:00:00:00:00:02,0x88b5,D4C1,1,1,1,1528,18,208,16,defense4-s3-cell,d4-cell-v1,0,0
95,1800000095201750,201750,response,reverse,7,13,256,02:00:00:00:00:01,02:00:00:00:00:02,0x88b5,D4C1,1,1,1,1529,18,208,16,defense4-s3-cell,d4-cell-v1,0,0
95,1800000095202000,202000,response,reverse,8,14,256,02:00:00:00:00:01,02:00:00:00:00:02,0x88b5,D4C1,1,1,1,1530,18,208,16,defense4-s3-cell,d4-cell-v1,0,0
95,1800000095202250,202250,response,reverse,9,15,256,02:00:00:00:00:01,02:00:00:00:00:02,0x88b5,D4C1,1,1,1,1531,18,208,16,defense4-s3-cell,d4-cell-v1,0,0
95,1800000095202500,202500,response,reverse,10,16,256,02:00:00:00:00:01,02:00:00:00:00:02,0x88b5,D4C1,1,1,1,1532,18,208,16,defense4-s3-cell,d4-cell-v1,0,0
95,1800000095202750,202750,response,reverse,11,17,256,02:00:00:00:00:01,02:00:00:00:00:02,0x88b5,D4C1,1,1,1,1533,18,208,16,defense4-s3-cell,d4-cell-v1,0,0
95,1800000095203000,203000,response,reverse,12,18,256,02:00:00:00:00:01,02:00:00:00:00:02,0x88b5,D4C1,1,1,1,1534,18,208,16,defense4-s3-cell,d4-cell-v1,0,0
95,1800000095203250,203250,response,reverse,13,19,256,02:00:00:00:00:01,02:00:00:00:00:02,0x88b5,D4C1,1,1,1,1535,18,208,16,defense4-s3-cell,d4-cell-v1,0,0
95,1800000095203500,203500,tail,forward,0,20,256,02:00:00:00:00:02,02:00:00:00:00:01,0x88b5,D4C1,1,1,1,574,18,208,16,defense4-s3-cell,d4-cell-v1,0,0
95,1800000095203750,203750,tail,forward,1,21,256,02:00:00:00:00:02,02:00:00:00:00:01,0x88b5,D4C1,1,1,1,575,18,208,16,defense4-s3-cell,d4-cell-v1,0,0
96,1800000096000000,0,request,forward,0,0,256,02:00:00:00:00:02,02:00:00:00:00:01,0x88b5,D4C1,1,1,1,576,18,208,16,defense4-s3-cell,d4-cell-v1,0,0
96,1800000096000250,250,request,forward,1,1,256,02:00:00:00:00:02,02:00:00:00:00:01,0x88b5,D4C1,1,1,1,577,18,208,16,defense4-s3-cell,d4-cell-v1,0,0
96,1800000096000500,500,request,forward,2,2,256,02:00:00:00:00:02,02:00:00:00:00:01,0x88b5,D4C1,1,1,1,578,18,208,16,defense4-s3-cell,d4-cell-v1,0,0
96,1800000096000750,750,request,forward,3,3,256,02:00:00:00:00:02,02:00:00:00:00:01,0x88b5,D4C1,1,1,1,579,18,208,16,defense4-s3-cell,d4-cell-v1,0,0
96,1800000096001000,1000,ack,reverse,0,4,256,02:00:00:00:00:01,02:00:00:00:00:02,0x88b5,D4C1,1,1,1,1536,18,208,16,defense4-s3-cell,d4-cell-v1,0,0
96,1800000096001250,1250,ack,reverse,1,5,256,02:00:00:00:00:01,02:00:00:00:00:02,0x88b5,D4C1,1,1,1,1537,18,208,16,defense4-s3-cell,d4-cell-v1,0,0
96,1800000096200000,200000,response,reverse,0,6,256,02:00:00:00:00:01,02:00:00:00:00:02,0x88b5,D4C1,1,1,1,1538,18,208,16,defense4-s3-cell,d4-cell-v1,0,0
96,1800000096200250,200250,response,reverse,1,7,256,02:00:00:00:00:01,02:00:00:00:00:02,0x88b5,D4C1,1,1,1,1539,18,208,16,defense4-s3-cell,d4-cell-v1,0,0
96,1800000096200500,200500,response,reverse,2,8,256,02:00:00:00:00:01,02:00:00:00:00:02,0x88b5,D4C1,1,1,1,1540,18,208,16,defense4-s3-cell,d4-cell-v1,0,0
96,1800000096200750,200750,response,reverse,3,9,256,02:00:00:00:00:01,02:00:00:00:00:02,0x88b5,D4C1,1,1,1,1541,18,208,16,defense4-s3-cell,d4-cell-v1,0,0
96,1800000096201000,201000,response,reverse,4,10,256,02:00:00:00:00:01,02:00:00:00:00:02,0x88b5,D4C1,1,1,1,1542,18,208,16,defense4-s3-cell,d4-cell-v1,0,0
96,1800000096201250,201250,response,reverse,5,11,256,02:00:00:00:00:01,02:00:00:00:00:02,0x88b5,D4C1,1,1,1,1543,18,208,16,defense4-s3-cell,d4-cell-v1,0,0
96,1800000096201500,201500,response,reverse,6,12,256,02:00:00:00:00:01,02:00:00:00:00:02,0x88b5,D4C1,1,1,1,1544,18,208,16,defense4-s3-cell,d4-cell-v1,0,0
96,1800000096201750,201750,response,reverse,7,13,256,02:00:00:00:00:01,02:00:00:00:00:02,0x88b5,D4C1,1,1,1,1545,18,208,16,defense4-s3-cell,d4-cell-v1,0,0
96,1800000096202000,202000,response,reverse,8,14,256,02:00:00:00:00:01,02:00:00:00:00:02,0x88b5,D4C1,1,1,1,1546,18,208,16,defense4-s3-cell,d4-cell-v1,0,0
96,1800000096202250,202250,response,reverse,9,15,256,02:00:00:00:00:01,02:00:00:00:00:02,0x88b5,D4C1,1,1,1,1547,18,208,16,defense4-s3-cell,d4-cell-v1,0,0
96,1800000096202500,202500,response,reverse,10,16,256,02:00:00:00:00:01,02:00:00:00:00:02,0x88b5,D4C1,1,1,1,1548,18,208,16,defense4-s3-cell,d4-cell-v1,0,0
96,1800000096202750,202750,response,reverse,11,17,256,02:00:00:00:00:01,02:00:00:00:00:02,0x88b5,D4C1,1,1,1,1549,18,208,16,defense4-s3-cell,d4-cell-v1,0,0
96,1800000096203000,203000,response,reverse,12,18,256,02:00:00:00:00:01,02:00:00:00:00:02,0x88b5,D4C1,1,1,1,1550,18,208,16,defense4-s3-cell,d4-cell-v1,0,0
96,1800000096203250,203250,response,reverse,13,19,256,02:00:00:00:00:01,02:00:00:00:00:02,0x88b5,D4C1,1,1,1,1551,18,208,16,defense4-s3-cell,d4-cell-v1,0,0
96,1800000096203500,203500,tail,forward,0,20,256,02:00:00:00:00:02,02:00:00:00:00:01,0x88b5,D4C1,1,1,1,580,18,208,16,defense4-s3-cell,d4-cell-v1,0,0
96,1800000096203750,203750,tail,forward,1,21,256,02:00:00:00:00:02,02:00:00:00:00:01,0x88b5,D4C1,1,1,1,581,18,208,16,defense4-s3-cell,d4-cell-v1,0,0
97,1800000097000000,0,request,forward,0,0,256,02:00:00:00:00:02,02:00:00:00:00:01,0x88b5,D4C1,1,1,1,582,18,208,16,defense4-s3-cell,d4-cell-v1,0,0
97,1800000097000250,250,request,forward,1,1,256,02:00:00:00:00:02,02:00:00:00:00:01,0x88b5,D4C1,1,1,1,583,18,208,16,defense4-s3-cell,d4-cell-v1,0,0
97,1800000097000500,500,request,forward,2,2,256,02:00:00:00:00:02,02:00:00:00:00:01,0x88b5,D4C1,1,1,1,584,18,208,16,defense4-s3-cell,d4-cell-v1,0,0
97,1800000097000750,750,request,forward,3,3,256,02:00:00:00:00:02,02:00:00:00:00:01,0x88b5,D4C1,1,1,1,585,18,208,16,defense4-s3-cell,d4-cell-v1,0,0
97,1800000097001000,1000,ack,reverse,0,4,256,02:00:00:00:00:01,02:00:00:00:00:02,0x88b5,D4C1,1,1,1,1552,18,208,16,defense4-s3-cell,d4-cell-v1,0,0
97,1800000097001250,1250,ack,reverse,1,5,256,02:00:00:00:00:01,02:00:00:00:00:02,0x88b5,D4C1,1,1,1,1553,18,208,16,defense4-s3-cell,d4-cell-v1,0,0
97,1800000097200000,200000,response,reverse,0,6,256,02:00:00:00:00:01,02:00:00:00:00:02,0x88b5,D4C1,1,1,1,1554,18,208,16,defense4-s3-cell,d4-cell-v1,0,0
97,1800000097200250,200250,response,reverse,1,7,256,02:00:00:00:00:01,02:00:00:00:00:02,0x88b5,D4C1,1,1,1,1555,18,208,16,defense4-s3-cell,d4-cell-v1,0,0
97,1800000097200500,200500,response,reverse,2,8,256,02:00:00:00:00:01,02:00:00:00:00:02,0x88b5,D4C1,1,1,1,1556,18,208,16,defense4-s3-cell,d4-cell-v1,0,0
97,1800000097200750,200750,response,reverse,3,9,256,02:00:00:00:00:01,02:00:00:00:00:02,0x88b5,D4C1,1,1,1,1557,18,208,16,defense4-s3-cell,d4-cell-v1,0,0
97,1800000097201000,201000,response,reverse,4,10,256,02:00:00:00:00:01,02:00:00:00:00:02,0x88b5,D4C1,1,1,1,1558,18,208,16,defense4-s3-cell,d4-cell-v1,0,0
97,1800000097201250,201250,response,reverse,5,11,256,02:00:00:00:00:01,02:00:00:00:00:02,0x88b5,D4C1,1,1,1,1559,18,208,16,defense4-s3-cell,d4-cell-v1,0,0
97,1800000097201500,201500,response,reverse,6,12,256,02:00:00:00:00:01,02:00:00:00:00:02,0x88b5,D4C1,1,1,1,1560,18,208,16,defense4-s3-cell,d4-cell-v1,0,0
97,1800000097201750,201750,response,reverse,7,13,256,02:00:00:00:00:01,02:00:00:00:00:02,0x88b5,D4C1,1,1,1,1561,18,208,16,defense4-s3-cell,d4-cell-v1,0,0
97,1800000097202000,202000,response,reverse,8,14,256,02:00:00:00:00:01,02:00:00:00:00:02,0x88b5,D4C1,1,1,1,1562,18,208,16,defense4-s3-cell,d4-cell-v1,0,0
97,1800000097202250,202250,response,reverse,9,15,256,02:00:00:00:00:01,02:00:00:00:00:02,0x88b5,D4C1,1,1,1,1563,18,208,16,defense4-s3-cell,d4-cell-v1,0,0
97,1800000097202500,202500,response,reverse,10,16,256,02:00:00:00:00:01,02:00:00:00:00:02,0x88b5,D4C1,1,1,1,1564,18,208,16,defense4-s3-cell,d4-cell-v1,0,0
97,1800000097202750,202750,response,reverse,11,17,256,02:00:00:00:00:01,02:00:00:00:00:02,0x88b5,D4C1,1,1,1,1565,18,208,16,defense4-s3-cell,d4-cell-v1,0,0
97,1800000097203000,203000,response,reverse,12,18,256,02:00:00:00:00:01,02:00:00:00:00:02,0x88b5,D4C1,1,1,1,1566,18,208,16,defense4-s3-cell,d4-cell-v1,0,0
97,1800000097203250,203250,response,reverse,13,19,256,02:00:00:00:00:01,02:00:00:00:00:02,0x88b5,D4C1,1,1,1,1567,18,208,16,defense4-s3-cell,d4-cell-v1,0,0
97,1800000097203500,203500,tail,forward,0,20,256,02:00:00:00:00:02,02:00:00:00:00:01,0x88b5,D4C1,1,1,1,586,18,208,16,defense4-s3-cell,d4-cell-v1,0,0
97,1800000097203750,203750,tail,forward,1,21,256,02:00:00:00:00:02,02:00:00:00:00:01,0x88b5,D4C1,1,1,1,587,18,208,16,defense4-s3-cell,d4-cell-v1,0,0
98,1800000098000000,0,request,forward,0,0,256,02:00:00:00:00:02,02:00:00:00:00:01,0x88b5,D4C1,1,1,1,588,18,208,16,defense4-s3-cell,d4-cell-v1,0,0
98,1800000098000250,250,request,forward,1,1,256,02:00:00:00:00:02,02:00:00:00:00:01,0x88b5,D4C1,1,1,1,589,18,208,16,defense4-s3-cell,d4-cell-v1,0,0
98,1800000098000500,500,request,forward,2,2,256,02:00:00:00:00:02,02:00:00:00:00:01,0x88b5,D4C1,1,1,1,590,18,208,16,defense4-s3-cell,d4-cell-v1,0,0
98,1800000098000750,750,request,forward,3,3,256,02:00:00:00:00:02,02:00:00:00:00:01,0x88b5,D4C1,1,1,1,591,18,208,16,defense4-s3-cell,d4-cell-v1,0,0
98,1800000098001000,1000,ack,reverse,0,4,256,02:00:00:00:00:01,02:00:00:00:00:02,0x88b5,D4C1,1,1,1,1568,18,208,16,defense4-s3-cell,d4-cell-v1,0,0
98,1800000098001250,1250,ack,reverse,1,5,256,02:00:00:00:00:01,02:00:00:00:00:02,0x88b5,D4C1,1,1,1,1569,18,208,16,defense4-s3-cell,d4-cell-v1,0,0
98,1800000098200000,200000,response,reverse,0,6,256,02:00:00:00:00:01,02:00:00:00:00:02,0x88b5,D4C1,1,1,1,1570,18,208,16,defense4-s3-cell,d4-cell-v1,0,0
98,1800000098200250,200250,response,reverse,1,7,256,02:00:00:00:00:01,02:00:00:00:00:02,0x88b5,D4C1,1,1,1,1571,18,208,16,defense4-s3-cell,d4-cell-v1,0,0
98,1800000098200500,200500,response,reverse,2,8,256,02:00:00:00:00:01,02:00:00:00:00:02,0x88b5,D4C1,1,1,1,1572,18,208,16,defense4-s3-cell,d4-cell-v1,0,0
98,1800000098200750,200750,response,reverse,3,9,256,02:00:00:00:00:01,02:00:00:00:00:02,0x88b5,D4C1,1,1,1,1573,18,208,16,defense4-s3-cell,d4-cell-v1,0,0
98,1800000098201000,201000,response,reverse,4,10,256,02:00:00:00:00:01,02:00:00:00:00:02,0x88b5,D4C1,1,1,1,1574,18,208,16,defense4-s3-cell,d4-cell-v1,0,0
98,1800000098201250,201250,response,reverse,5,11,256,02:00:00:00:00:01,02:00:00:00:00:02,0x88b5,D4C1,1,1,1,1575,18,208,16,defense4-s3-cell,d4-cell-v1,0,0
98,1800000098201500,201500,response,reverse,6,12,256,02:00:00:00:00:01,02:00:00:00:00:02,0x88b5,D4C1,1,1,1,1576,18,208,16,defense4-s3-cell,d4-cell-v1,0,0
98,1800000098201750,201750,response,reverse,7,13,256,02:00:00:00:00:01,02:00:00:00:00:02,0x88b5,D4C1,1,1,1,1577,18,208,16,defense4-s3-cell,d4-cell-v1,0,0
98,1800000098202000,202000,response,reverse,8,14,256,02:00:00:00:00:01,02:00:00:00:00:02,0x88b5,D4C1,1,1,1,1578,18,208,16,defense4-s3-cell,d4-cell-v1,0,0
98,1800000098202250,202250,response,reverse,9,15,256,02:00:00:00:00:01,02:00:00:00:00:02,0x88b5,D4C1,1,1,1,1579,18,208,16,defense4-s3-cell,d4-cell-v1,0,0
98,1800000098202500,202500,response,reverse,10,16,256,02:00:00:00:00:01,02:00:00:00:00:02,0x88b5,D4C1,1,1,1,1580,18,208,16,defense4-s3-cell,d4-cell-v1,0,0
98,1800000098202750,202750,response,reverse,11,17,256,02:00:00:00:00:01,02:00:00:00:00:02,0x88b5,D4C1,1,1,1,1581,18,208,16,defense4-s3-cell,d4-cell-v1,0,0
98,1800000098203000,203000,response,reverse,12,18,256,02:00:00:00:00:01,02:00:00:00:00:02,0x88b5,D4C1,1,1,1,1582,18,208,16,defense4-s3-cell,d4-cell-v1,0,0
98,1800000098203250,203250,response,reverse,13,19,256,02:00:00:00:00:01,02:00:00:00:00:02,0x88b5,D4C1,1,1,1,1583,18,208,16,defense4-s3-cell,d4-cell-v1,0,0
98,1800000098203500,203500,tail,forward,0,20,256,02:00:00:00:00:02,02:00:00:00:00:01,0x88b5,D4C1,1,1,1,592,18,208,16,defense4-s3-cell,d4-cell-v1,0,0
98,1800000098203750,203750,tail,forward,1,21,256,02:00:00:00:00:02,02:00:00:00:00:01,0x88b5,D4C1,1,1,1,593,18,208,16,defense4-s3-cell,d4-cell-v1,0,0
99,1800000099000000,0,request,forward,0,0,256,02:00:00:00:00:02,02:00:00:00:00:01,0x88b5,D4C1,1,1,1,594,18,208,16,defense4-s3-cell,d4-cell-v1,0,0
99,1800000099000250,250,request,forward,1,1,256,02:00:00:00:00:02,02:00:00:00:00:01,0x88b5,D4C1,1,1,1,595,18,208,16,defense4-s3-cell,d4-cell-v1,0,0
99,1800000099000500,500,request,forward,2,2,256,02:00:00:00:00:02,02:00:00:00:00:01,0x88b5,D4C1,1,1,1,596,18,208,16,defense4-s3-cell,d4-cell-v1,0,0
99,1800000099000750,750,request,forward,3,3,256,02:00:00:00:00:02,02:00:00:00:00:01,0x88b5,D4C1,1,1,1,597,18,208,16,defense4-s3-cell,d4-cell-v1,0,0
99,1800000099001000,1000,ack,reverse,0,4,256,02:00:00:00:00:01,02:00:00:00:00:02,0x88b5,D4C1,1,1,1,1584,18,208,16,defense4-s3-cell,d4-cell-v1,0,0
99,1800000099001250,1250,ack,reverse,1,5,256,02:00:00:00:00:01,02:00:00:00:00:02,0x88b5,D4C1,1,1,1,1585,18,208,16,defense4-s3-cell,d4-cell-v1,0,0
99,1800000099200000,200000,response,reverse,0,6,256,02:00:00:00:00:01,02:00:00:00:00:02,0x88b5,D4C1,1,1,1,1586,18,208,16,defense4-s3-cell,d4-cell-v1,0,0
99,1800000099200250,200250,response,reverse,1,7,256,02:00:00:00:00:01,02:00:00:00:00:02,0x88b5,D4C1,1,1,1,1587,18,208,16,defense4-s3-cell,d4-cell-v1,0,0
99,1800000099200500,200500,response,reverse,2,8,256,02:00:00:00:00:01,02:00:00:00:00:02,0x88b5,D4C1,1,1,1,1588,18,208,16,defense4-s3-cell,d4-cell-v1,0,0
99,1800000099200750,200750,response,reverse,3,9,256,02:00:00:00:00:01,02:00:00:00:00:02,0x88b5,D4C1,1,1,1,1589,18,208,16,defense4-s3-cell,d4-cell-v1,0,0
99,1800000099201000,201000,response,reverse,4,10,256,02:00:00:00:00:01,02:00:00:00:00:02,0x88b5,D4C1,1,1,1,1590,18,208,16,defense4-s3-cell,d4-cell-v1,0,0
99,1800000099201250,201250,response,reverse,5,11,256,02:00:00:00:00:01,02:00:00:00:00:02,0x88b5,D4C1,1,1,1,1591,18,208,16,defense4-s3-cell,d4-cell-v1,0,0
99,1800000099201500,201500,response,reverse,6,12,256,02:00:00:00:00:01,02:00:00:00:00:02,0x88b5,D4C1,1,1,1,1592,18,208,16,defense4-s3-cell,d4-cell-v1,0,0
99,1800000099201750,201750,response,reverse,7,13,256,02:00:00:00:00:01,02:00:00:00:00:02,0x88b5,D4C1,1,1,1,1593,18,208,16,defense4-s3-cell,d4-cell-v1,0,0
99,1800000099202000,202000,response,reverse,8,14,256,02:00:00:00:00:01,02:00:00:00:00:02,0x88b5,D4C1,1,1,1,1594,18,208,16,defense4-s3-cell,d4-cell-v1,0,0
99,1800000099202250,202250,response,reverse,9,15,256,02:00:00:00:00:01,02:00:00:00:00:02,0x88b5,D4C1,1,1,1,1595,18,208,16,defense4-s3-cell,d4-cell-v1,0,0
99,1800000099202500,202500,response,reverse,10,16,256,02:00:00:00:00:01,02:00:00:00:00:02,0x88b5,D4C1,1,1,1,1596,18,208,16,defense4-s3-cell,d4-cell-v1,0,0
99,1800000099202750,202750,response,reverse,11,17,256,02:00:00:00:00:01,02:00:00:00:00:02,0x88b5,D4C1,1,1,1,1597,18,208,16,defense4-s3-cell,d4-cell-v1,0,0
99,1800000099203000,203000,response,reverse,12,18,256,02:00:00:00:00:01,02:00:00:00:00:02,0x88b5,D4C1,1,1,1,1598,18,208,16,defense4-s3-cell,d4-cell-v1,0,0
99,1800000099203250,203250,response,reverse,13,19,256,02:00:00:00:00:01,02:00:00:00:00:02,0x88b5,D4C1,1,1,1,1599,18,208,16,defense4-s3-cell,d4-cell-v1,0,0
99,1800000099203500,203500,tail,forward,0,20,256,02:00:00:00:00:02,02:00:00:00:00:01,0x88b5,D4C1,1,1,1,598,18,208,16,defense4-s3-cell,d4-cell-v1,0,0
99,1800000099203750,203750,tail,forward,1,21,256,02:00:00:00:00:02,02:00:00:00:00:01,0x88b5,D4C1,1,1,1,599,18,208,16,defense4-s3-cell,d4-cell-v1,0,0
100,1800000100000000,0,request,forward,0,0,256,02:00:00:00:00:02,02:00:00:00:00:01,0x88b5,D4C1,1,1,1,600,18,208,16,defense4-s3-cell,d4-cell-v1,0,0
100,1800000100000250,250,request,forward,1,1,256,02:00:00:00:00:02,02:00:00:00:00:01,0x88b5,D4C1,1,1,1,601,18,208,16,defense4-s3-cell,d4-cell-v1,0,0
100,1800000100000500,500,request,forward,2,2,256,02:00:00:00:00:02,02:00:00:00:00:01,0x88b5,D4C1,1,1,1,602,18,208,16,defense4-s3-cell,d4-cell-v1,0,0
100,1800000100000750,750,request,forward,3,3,256,02:00:00:00:00:02,02:00:00:00:00:01,0x88b5,D4C1,1,1,1,603,18,208,16,defense4-s3-cell,d4-cell-v1,0,0
100,1800000100001000,1000,ack,reverse,0,4,256,02:00:00:00:00:01,02:00:00:00:00:02,0x88b5,D4C1,1,1,1,1600,18,208,16,defense4-s3-cell,d4-cell-v1,0,0
100,1800000100001250,1250,ack,reverse,1,5,256,02:00:00:00:00:01,02:00:00:00:00:02,0x88b5,D4C1,1,1,1,1601,18,208,16,defense4-s3-cell,d4-cell-v1,0,0
100,1800000100200000,200000,response,reverse,0,6,256,02:00:00:00:00:01,02:00:00:00:00:02,0x88b5,D4C1,1,1,1,1602,18,208,16,defense4-s3-cell,d4-cell-v1,0,0
100,1800000100200250,200250,response,reverse,1,7,256,02:00:00:00:00:01,02:00:00:00:00:02,0x88b5,D4C1,1,1,1,1603,18,208,16,defense4-s3-cell,d4-cell-v1,0,0
100,1800000100200500,200500,response,reverse,2,8,256,02:00:00:00:00:01,02:00:00:00:00:02,0x88b5,D4C1,1,1,1,1604,18,208,16,defense4-s3-cell,d4-cell-v1,0,0
100,1800000100200750,200750,response,reverse,3,9,256,02:00:00:00:00:01,02:00:00:00:00:02,0x88b5,D4C1,1,1,1,1605,18,208,16,defense4-s3-cell,d4-cell-v1,0,0
100,1800000100201000,201000,response,reverse,4,10,256,02:00:00:00:00:01,02:00:00:00:00:02,0x88b5,D4C1,1,1,1,1606,18,208,16,defense4-s3-cell,d4-cell-v1,0,0
100,1800000100201250,201250,response,reverse,5,11,256,02:00:00:00:00:01,02:00:00:00:00:02,0x88b5,D4C1,1,1,1,1607,18,208,16,defense4-s3-cell,d4-cell-v1,0,0
100,1800000100201500,201500,response,reverse,6,12,256,02:00:00:00:00:01,02:00:00:00:00:02,0x88b5,D4C1,1,1,1,1608,18,208,16,defense4-s3-cell,d4-cell-v1,0,0
100,1800000100201750,201750,response,reverse,7,13,256,02:00:00:00:00:01,02:00:00:00:00:02,0x88b5,D4C1,1,1,1,1609,18,208,16,defense4-s3-cell,d4-cell-v1,0,0
100,1800000100202000,202000,response,reverse,8,14,256,02:00:00:00:00:01,02:00:00:00:00:02,0x88b5,D4C1,1,1,1,1610,18,208,16,defense4-s3-cell,d4-cell-v1,0,0
100,1800000100202250,202250,response,reverse,9,15,256,02:00:00:00:00:01,02:00:00:00:00:02,0x88b5,D4C1,1,1,1,1611,18,208,16,defense4-s3-cell,d4-cell-v1,0,0
100,1800000100202500,202500,response,reverse,10,16,256,02:00:00:00:00:01,02:00:00:00:00:02,0x88b5,D4C1,1,1,1,1612,18,208,16,defense4-s3-cell,d4-cell-v1,0,0
100,1800000100202750,202750,response,reverse,11,17,256,02:00:00:00:00:01,02:00:00:00:00:02,0x88b5,D4C1,1,1,1,1613,18,208,16,defense4-s3-cell,d4-cell-v1,0,0
100,1800000100203000,203000,response,reverse,12,18,256,02:00:00:00:00:01,02:00:00:00:00:02,0x88b5,D4C1,1,1,1,1614,18,208,16,defense4-s3-cell,d4-cell-v1,0,0
100,1800000100203250,203250,response,reverse,13,19,256,02:00:00:00:00:01,02:00:00:00:00:02,0x88b5,D4C1,1,1,1,1615,18,208,16,defense4-s3-cell,d4-cell-v1,0,0
100,1800000100203500,203500,tail,forward,0,20,256,02:00:00:00:00:02,02:00:00:00:00:01,0x88b5,D4C1,1,1,1,604,18,208,16,defense4-s3-cell,d4-cell-v1,0,0
100,1800000100203750,203750,tail,forward,1,21,256,02:00:00:00:00:02,02:00:00:00:00:01,0x88b5,D4C1,1,1,1,605,18,208,16,defense4-s3-cell,d4-cell-v1,0,0
101,1800000101000000,0,request,forward,0,0,256,02:00:00:00:00:02,02:00:00:00:00:01,0x88b5,D4C1,1,1,1,606,18,208,16,defense4-s3-cell,d4-cell-v1,0,0
101,1800000101000250,250,request,forward,1,1,256,02:00:00:00:00:02,02:00:00:00:00:01,0x88b5,D4C1,1,1,1,607,18,208,16,defense4-s3-cell,d4-cell-v1,0,0
101,1800000101000500,500,request,forward,2,2,256,02:00:00:00:00:02,02:00:00:00:00:01,0x88b5,D4C1,1,1,1,608,18,208,16,defense4-s3-cell,d4-cell-v1,0,0
101,1800000101000750,750,request,forward,3,3,256,02:00:00:00:00:02,02:00:00:00:00:01,0x88b5,D4C1,1,1,1,609,18,208,16,defense4-s3-cell,d4-cell-v1,0,0
101,1800000101001000,1000,ack,reverse,0,4,256,02:00:00:00:00:01,02:00:00:00:00:02,0x88b5,D4C1,1,1,1,1616,18,208,16,defense4-s3-cell,d4-cell-v1,0,0
101,1800000101001250,1250,ack,reverse,1,5,256,02:00:00:00:00:01,02:00:00:00:00:02,0x88b5,D4C1,1,1,1,1617,18,208,16,defense4-s3-cell,d4-cell-v1,0,0
101,1800000101200000,200000,response,reverse,0,6,256,02:00:00:00:00:01,02:00:00:00:00:02,0x88b5,D4C1,1,1,1,1618,18,208,16,defense4-s3-cell,d4-cell-v1,0,0
101,1800000101200250,200250,response,reverse,1,7,256,02:00:00:00:00:01,02:00:00:00:00:02,0x88b5,D4C1,1,1,1,1619,18,208,16,defense4-s3-cell,d4-cell-v1,0,0
101,1800000101200500,200500,response,reverse,2,8,256,02:00:00:00:00:01,02:00:00:00:00:02,0x88b5,D4C1,1,1,1,1620,18,208,16,defense4-s3-cell,d4-cell-v1,0,0
101,1800000101200750,200750,response,reverse,3,9,256,02:00:00:00:00:01,02:00:00:00:00:02,0x88b5,D4C1,1,1,1,1621,18,208,16,defense4-s3-cell,d4-cell-v1,0,0
101,1800000101201000,201000,response,reverse,4,10,256,02:00:00:00:00:01,02:00:00:00:00:02,0x88b5,D4C1,1,1,1,1622,18,208,16,defense4-s3-cell,d4-cell-v1,0,0
101,1800000101201250,201250,response,reverse,5,11,256,02:00:00:00:00:01,02:00:00:00:00:02,0x88b5,D4C1,1,1,1,1623,18,208,16,defense4-s3-cell,d4-cell-v1,0,0
101,1800000101201500,201500,response,reverse,6,12,256,02:00:00:00:00:01,02:00:00:00:00:02,0x88b5,D4C1,1,1,1,1624,18,208,16,defense4-s3-cell,d4-cell-v1,0,0
101,1800000101201750,201750,response,reverse,7,13,256,02:00:00:00:00:01,02:00:00:00:00:02,0x88b5,D4C1,1,1,1,1625,18,208,16,defense4-s3-cell,d4-cell-v1,0,0
101,1800000101202000,202000,response,reverse,8,14,256,02:00:00:00:00:01,02:00:00:00:00:02,0x88b5,D4C1,1,1,1,1626,18,208,16,defense4-s3-cell,d4-cell-v1,0,0
101,1800000101202250,202250,response,reverse,9,15,256,02:00:00:00:00:01,02:00:00:00:00:02,0x88b5,D4C1,1,1,1,1627,18,208,16,defense4-s3-cell,d4-cell-v1,0,0
101,1800000101202500,202500,response,reverse,10,16,256,02:00:00:00:00:01,02:00:00:00:00:02,0x88b5,D4C1,1,1,1,1628,18,208,16,defense4-s3-cell,d4-cell-v1,0,0
101,1800000101202750,202750,response,reverse,11,17,256,02:00:00:00:00:01,02:00:00:00:00:02,0x88b5,D4C1,1,1,1,1629,18,208,16,defense4-s3-cell,d4-cell-v1,0,0
101,1800000101203000,203000,response,reverse,12,18,256,02:00:00:00:00:01,02:00:00:00:00:02,0x88b5,D4C1,1,1,1,1630,18,208,16,defense4-s3-cell,d4-cell-v1,0,0
101,1800000101203250,203250,response,reverse,13,19,256,02:00:00:00:00:01,02:00:00:00:00:02,0x88b5,D4C1,1,1,1,1631,18,208,16,defense4-s3-cell,d4-cell-v1,0,0
101,1800000101203500,203500,tail,forward,0,20,256,02:00:00:00:00:02,02:00:00:00:00:01,0x88b5,D4C1,1,1,1,610,18,208,16,defense4-s3-cell,d4-cell-v1,0,0
101,1800000101203750,203750,tail,forward,1,21,256,02:00:00:00:00:02,02:00:00:00:00:01,0x88b5,D4C1,1,1,1,611,18,208,16,defense4-s3-cell,d4-cell-v1,0,0
102,1800000102000000,0,request,forward,0,0,256,02:00:00:00:00:02,02:00:00:00:00:01,0x88b5,D4C1,1,1,1,612,18,208,16,defense4-s3-cell,d4-cell-v1,0,0
102,1800000102000250,250,request,forward,1,1,256,02:00:00:00:00:02,02:00:00:00:00:01,0x88b5,D4C1,1,1,1,613,18,208,16,defense4-s3-cell,d4-cell-v1,0,0
102,1800000102000500,500,request,forward,2,2,256,02:00:00:00:00:02,02:00:00:00:00:01,0x88b5,D4C1,1,1,1,614,18,208,16,defense4-s3-cell,d4-cell-v1,0,0
102,1800000102000750,750,request,forward,3,3,256,02:00:00:00:00:02,02:00:00:00:00:01,0x88b5,D4C1,1,1,1,615,18,208,16,defense4-s3-cell,d4-cell-v1,0,0
102,1800000102001000,1000,ack,reverse,0,4,256,02:00:00:00:00:01,02:00:00:00:00:02,0x88b5,D4C1,1,1,1,1632,18,208,16,defense4-s3-cell,d4-cell-v1,0,0
102,1800000102001250,1250,ack,reverse,1,5,256,02:00:00:00:00:01,02:00:00:00:00:02,0x88b5,D4C1,1,1,1,1633,18,208,16,defense4-s3-cell,d4-cell-v1,0,0
102,1800000102200000,200000,response,reverse,0,6,256,02:00:00:00:00:01,02:00:00:00:00:02,0x88b5,D4C1,1,1,1,1634,18,208,16,defense4-s3-cell,d4-cell-v1,0,0
102,1800000102200250,200250,response,reverse,1,7,256,02:00:00:00:00:01,02:00:00:00:00:02,0x88b5,D4C1,1,1,1,1635,18,208,16,defense4-s3-cell,d4-cell-v1,0,0
102,1800000102200500,200500,response,reverse,2,8,256,02:00:00:00:00:01,02:00:00:00:00:02,0x88b5,D4C1,1,1,1,1636,18,208,16,defense4-s3-cell,d4-cell-v1,0,0
102,1800000102200750,200750,response,reverse,3,9,256,02:00:00:00:00:01,02:00:00:00:00:02,0x88b5,D4C1,1,1,1,1637,18,208,16,defense4-s3-cell,d4-cell-v1,0,0
102,1800000102201000,201000,response,reverse,4,10,256,02:00:00:00:00:01,02:00:00:00:00:02,0x88b5,D4C1,1,1,1,1638,18,208,16,defense4-s3-cell,d4-cell-v1,0,0
102,1800000102201250,201250,response,reverse,5,11,256,02:00:00:00:00:01,02:00:00:00:00:02,0x88b5,D4C1,1,1,1,1639,18,208,16,defense4-s3-cell,d4-cell-v1,0,0
102,1800000102201500,201500,response,reverse,6,12,256,02:00:00:00:00:01,02:00:00:00:00:02,0x88b5,D4C1,1,1,1,1640,18,208,16,defense4-s3-cell,d4-cell-v1,0,0
102,1800000102201750,201750,response,reverse,7,13,256,02:00:00:00:00:01,02:00:00:00:00:02,0x88b5,D4C1,1,1,1,1641,18,208,16,defense4-s3-cell,d4-cell-v1,0,0
102,1800000102202000,202000,response,reverse,8,14,256,02:00:00:00:00:01,02:00:00:00:00:02,0x88b5,D4C1,1,1,1,1642,18,208,16,defense4-s3-cell,d4-cell-v1,0,0
102,1800000102202250,202250,response,reverse,9,15,256,02:00:00:00:00:01,02:00:00:00:00:02,0x88b5,D4C1,1,1,1,1643,18,208,16,defense4-s3-cell,d4-cell-v1,0,0
102,1800000102202500,202500,response,reverse,10,16,256,02:00:00:00:00:01,02:00:00:00:00:02,0x88b5,D4C1,1,1,1,1644,18,208,16,defense4-s3-cell,d4-cell-v1,0,0
102,1800000102202750,202750,response,reverse,11,17,256,02:00:00:00:00:01,02:00:00:00:00:02,0x88b5,D4C1,1,1,1,1645,18,208,16,defense4-s3-cell,d4-cell-v1,0,0
102,1800000102203000,203000,response,reverse,12,18,256,02:00:00:00:00:01,02:00:00:00:00:02,0x88b5,D4C1,1,1,1,1646,18,208,16,defense4-s3-cell,d4-cell-v1,0,0
102,1800000102203250,203250,response,reverse,13,19,256,02:00:00:00:00:01,02:00:00:00:00:02,0x88b5,D4C1,1,1,1,1647,18,208,16,defense4-s3-cell,d4-cell-v1,0,0
102,1800000102203500,203500,tail,forward,0,20,256,02:00:00:00:00:02,02:00:00:00:00:01,0x88b5,D4C1,1,1,1,616,18,208,16,defense4-s3-cell,d4-cell-v1,0,0
102,1800000102203750,203750,tail,forward,1,21,256,02:00:00:00:00:02,02:00:00:00:00:01,0x88b5,D4C1,1,1,1,617,18,208,16,defense4-s3-cell,d4-cell-v1,0,0
103,1800000103000000,0,request,forward,0,0,256,02:00:00:00:00:02,02:00:00:00:00:01,0x88b5,D4C1,1,1,1,618,18,208,16,defense4-s3-cell,d4-cell-v1,0,0
103,1800000103000250,250,request,forward,1,1,256,02:00:00:00:00:02,02:00:00:00:00:01,0x88b5,D4C1,1,1,1,619,18,208,16,defense4-s3-cell,d4-cell-v1,0,0
103,1800000103000500,500,request,forward,2,2,256,02:00:00:00:00:02,02:00:00:00:00:01,0x88b5,D4C1,1,1,1,620,18,208,16,defense4-s3-cell,d4-cell-v1,0,0
103,1800000103000750,750,request,forward,3,3,256,02:00:00:00:00:02,02:00:00:00:00:01,0x88b5,D4C1,1,1,1,621,18,208,16,defense4-s3-cell,d4-cell-v1,0,0
103,1800000103001000,1000,ack,reverse,0,4,256,02:00:00:00:00:01,02:00:00:00:00:02,0x88b5,D4C1,1,1,1,1648,18,208,16,defense4-s3-cell,d4-cell-v1,0,0
103,1800000103001250,1250,ack,reverse,1,5,256,02:00:00:00:00:01,02:00:00:00:00:02,0x88b5,D4C1,1,1,1,1649,18,208,16,defense4-s3-cell,d4-cell-v1,0,0
103,1800000103200000,200000,response,reverse,0,6,256,02:00:00:00:00:01,02:00:00:00:00:02,0x88b5,D4C1,1,1,1,1650,18,208,16,defense4-s3-cell,d4-cell-v1,0,0
103,1800000103200250,200250,response,reverse,1,7,256,02:00:00:00:00:01,02:00:00:00:00:02,0x88b5,D4C1,1,1,1,1651,18,208,16,defense4-s3-cell,d4-cell-v1,0,0
103,1800000103200500,200500,response,reverse,2,8,256,02:00:00:00:00:01,02:00:00:00:00:02,0x88b5,D4C1,1,1,1,1652,18,208,16,defense4-s3-cell,d4-cell-v1,0,0
103,1800000103200750,200750,response,reverse,3,9,256,02:00:00:00:00:01,02:00:00:00:00:02,0x88b5,D4C1,1,1,1,1653,18,208,16,defense4-s3-cell,d4-cell-v1,0,0
103,1800000103201000,201000,response,reverse,4,10,256,02:00:00:00:00:01,02:00:00:00:00:02,0x88b5,D4C1,1,1,1,1654,18,208,16,defense4-s3-cell,d4-cell-v1,0,0
103,1800000103201250,201250,response,reverse,5,11,256,02:00:00:00:00:01,02:00:00:00:00:02,0x88b5,D4C1,1,1,1,1655,18,208,16,defense4-s3-cell,d4-cell-v1,0,0
103,1800000103201500,201500,response,reverse,6,12,256,02:00:00:00:00:01,02:00:00:00:00:02,0x88b5,D4C1,1,1,1,1656,18,208,16,defense4-s3-cell,d4-cell-v1,0,0
103,1800000103201750,201750,response,reverse,7,13,256,02:00:00:00:00:01,02:00:00:00:00:02,0x88b5,D4C1,1,1,1,1657,18,208,16,defense4-s3-cell,d4-cell-v1,0,0
103,1800000103202000,202000,response,reverse,8,14,256,02:00:00:00:00:01,02:00:00:00:00:02,0x88b5,D4C1,1,1,1,1658,18,208,16,defense4-s3-cell,d4-cell-v1,0,0
103,1800000103202250,202250,response,reverse,9,15,256,02:00:00:00:00:01,02:00:00:00:00:02,0x88b5,D4C1,1,1,1,1659,18,208,16,defense4-s3-cell,d4-cell-v1,0,0
103,1800000103202500,202500,response,reverse,10,16,256,02:00:00:00:00:01,02:00:00:00:00:02,0x88b5,D4C1,1,1,1,1660,18,208,16,defense4-s3-cell,d4-cell-v1,0,0
103,1800000103202750,202750,response,reverse,11,17,256,02:00:00:00:00:01,02:00:00:00:00:02,0x88b5,D4C1,1,1,1,1661,18,208,16,defense4-s3-cell,d4-cell-v1,0,0
103,1800000103203000,203000,response,reverse,12,18,256,02:00:00:00:00:01,02:00:00:00:00:02,0x88b5,D4C1,1,1,1,1662,18,208,16,defense4-s3-cell,d4-cell-v1,0,0
103,1800000103203250,203250,response,reverse,13,19,256,02:00:00:00:00:01,02:00:00:00:00:02,0x88b5,D4C1,1,1,1,1663,18,208,16,defense4-s3-cell,d4-cell-v1,0,0
103,1800000103203500,203500,tail,forward,0,20,256,02:00:00:00:00:02,02:00:00:00:00:01,0x88b5,D4C1,1,1,1,622,18,208,16,defense4-s3-cell,d4-cell-v1,0,0
103,1800000103203750,203750,tail,forward,1,21,256,02:00:00:00:00:02,02:00:00:00:00:01,0x88b5,D4C1,1,1,1,623,18,208,16,defense4-s3-cell,d4-cell-v1,0,0
104,1800000104000000,0,request,forward,0,0,256,02:00:00:00:00:02,02:00:00:00:00:01,0x88b5,D4C1,1,1,1,624,18,208,16,defense4-s3-cell,d4-cell-v1,0,0
104,1800000104000250,250,request,forward,1,1,256,02:00:00:00:00:02,02:00:00:00:00:01,0x88b5,D4C1,1,1,1,625,18,208,16,defense4-s3-cell,d4-cell-v1,0,0
104,1800000104000500,500,request,forward,2,2,256,02:00:00:00:00:02,02:00:00:00:00:01,0x88b5,D4C1,1,1,1,626,18,208,16,defense4-s3-cell,d4-cell-v1,0,0
104,1800000104000750,750,request,forward,3,3,256,02:00:00:00:00:02,02:00:00:00:00:01,0x88b5,D4C1,1,1,1,627,18,208,16,defense4-s3-cell,d4-cell-v1,0,0
104,1800000104001000,1000,ack,reverse,0,4,256,02:00:00:00:00:01,02:00:00:00:00:02,0x88b5,D4C1,1,1,1,1664,18,208,16,defense4-s3-cell,d4-cell-v1,0,0
104,1800000104001250,1250,ack,reverse,1,5,256,02:00:00:00:00:01,02:00:00:00:00:02,0x88b5,D4C1,1,1,1,1665,18,208,16,defense4-s3-cell,d4-cell-v1,0,0
104,1800000104200000,200000,response,reverse,0,6,256,02:00:00:00:00:01,02:00:00:00:00:02,0x88b5,D4C1,1,1,1,1666,18,208,16,defense4-s3-cell,d4-cell-v1,0,0
104,1800000104200250,200250,response,reverse,1,7,256,02:00:00:00:00:01,02:00:00:00:00:02,0x88b5,D4C1,1,1,1,1667,18,208,16,defense4-s3-cell,d4-cell-v1,0,0
104,1800000104200500,200500,response,reverse,2,8,256,02:00:00:00:00:01,02:00:00:00:00:02,0x88b5,D4C1,1,1,1,1668,18,208,16,defense4-s3-cell,d4-cell-v1,0,0
104,1800000104200750,200750,response,reverse,3,9,256,02:00:00:00:00:01,02:00:00:00:00:02,0x88b5,D4C1,1,1,1,1669,18,208,16,defense4-s3-cell,d4-cell-v1,0,0
104,1800000104201000,201000,response,reverse,4,10,256,02:00:00:00:00:01,02:00:00:00:00:02,0x88b5,D4C1,1,1,1,1670,18,208,16,defense4-s3-cell,d4-cell-v1,0,0
104,1800000104201250,201250,response,reverse,5,11,256,02:00:00:00:00:01,02:00:00:00:00:02,0x88b5,D4C1,1,1,1,1671,18,208,16,defense4-s3-cell,d4-cell-v1,0,0
104,1800000104201500,201500,response,reverse,6,12,256,02:00:00:00:00:01,02:00:00:00:00:02,0x88b5,D4C1,1,1,1,1672,18,208,16,defense4-s3-cell,d4-cell-v1,0,0
104,1800000104201750,201750,response,reverse,7,13,256,02:00:00:00:00:01,02:00:00:00:00:02,0x88b5,D4C1,1,1,1,1673,18,208,16,defense4-s3-cell,d4-cell-v1,0,0
104,1800000104202000,202000,response,reverse,8,14,256,02:00:00:00:00:01,02:00:00:00:00:02,0x88b5,D4C1,1,1,1,1674,18,208,16,defense4-s3-cell,d4-cell-v1,0,0
104,1800000104202250,202250,response,reverse,9,15,256,02:00:00:00:00:01,02:00:00:00:00:02,0x88b5,D4C1,1,1,1,1675,18,208,16,defense4-s3-cell,d4-cell-v1,0,0
104,1800000104202500,202500,response,reverse,10,16,256,02:00:00:00:00:01,02:00:00:00:00:02,0x88b5,D4C1,1,1,1,1676,18,208,16,defense4-s3-cell,d4-cell-v1,0,0
104,1800000104202750,202750,response,reverse,11,17,256,02:00:00:00:00:01,02:00:00:00:00:02,0x88b5,D4C1,1,1,1,1677,18,208,16,defense4-s3-cell,d4-cell-v1,0,0
104,1800000104203000,203000,response,reverse,12,18,256,02:00:00:00:00:01,02:00:00:00:00:02,0x88b5,D4C1,1,1,1,1678,18,208,16,defense4-s3-cell,d4-cell-v1,0,0
104,1800000104203250,203250,response,reverse,13,19,256,02:00:00:00:00:01,02:00:00:00:00:02,0x88b5,D4C1,1,1,1,1679,18,208,16,defense4-s3-cell,d4-cell-v1,0,0
104,1800000104203500,203500,tail,forward,0,20,256,02:00:00:00:00:02,02:00:00:00:00:01,0x88b5,D4C1,1,1,1,628,18,208,16,defense4-s3-cell,d4-cell-v1,0,0
104,1800000104203750,203750,tail,forward,1,21,256,02:00:00:00:00:02,02:00:00:00:00:01,0x88b5,D4C1,1,1,1,629,18,208,16,defense4-s3-cell,d4-cell-v1,0,0
105,1800000105000000,0,request,forward,0,0,256,02:00:00:00:00:02,02:00:00:00:00:01,0x88b5,D4C1,1,1,1,630,18,208,16,defense4-s3-cell,d4-cell-v1,0,0
105,1800000105000250,250,request,forward,1,1,256,02:00:00:00:00:02,02:00:00:00:00:01,0x88b5,D4C1,1,1,1,631,18,208,16,defense4-s3-cell,d4-cell-v1,0,0
105,1800000105000500,500,request,forward,2,2,256,02:00:00:00:00:02,02:00:00:00:00:01,0x88b5,D4C1,1,1,1,632,18,208,16,defense4-s3-cell,d4-cell-v1,0,0
105,1800000105000750,750,request,forward,3,3,256,02:00:00:00:00:02,02:00:00:00:00:01,0x88b5,D4C1,1,1,1,633,18,208,16,defense4-s3-cell,d4-cell-v1,0,0
105,1800000105001000,1000,ack,reverse,0,4,256,02:00:00:00:00:01,02:00:00:00:00:02,0x88b5,D4C1,1,1,1,1680,18,208,16,defense4-s3-cell,d4-cell-v1,0,0
105,1800000105001250,1250,ack,reverse,1,5,256,02:00:00:00:00:01,02:00:00:00:00:02,0x88b5,D4C1,1,1,1,1681,18,208,16,defense4-s3-cell,d4-cell-v1,0,0
105,1800000105200000,200000,response,reverse,0,6,256,02:00:00:00:00:01,02:00:00:00:00:02,0x88b5,D4C1,1,1,1,1682,18,208,16,defense4-s3-cell,d4-cell-v1,0,0
105,1800000105200250,200250,response,reverse,1,7,256,02:00:00:00:00:01,02:00:00:00:00:02,0x88b5,D4C1,1,1,1,1683,18,208,16,defense4-s3-cell,d4-cell-v1,0,0
105,1800000105200500,200500,response,reverse,2,8,256,02:00:00:00:00:01,02:00:00:00:00:02,0x88b5,D4C1,1,1,1,1684,18,208,16,defense4-s3-cell,d4-cell-v1,0,0
105,1800000105200750,200750,response,reverse,3,9,256,02:00:00:00:00:01,02:00:00:00:00:02,0x88b5,D4C1,1,1,1,1685,18,208,16,defense4-s3-cell,d4-cell-v1,0,0
105,1800000105201000,201000,response,reverse,4,10,256,02:00:00:00:00:01,02:00:00:00:00:02,0x88b5,D4C1,1,1,1,1686,18,208,16,defense4-s3-cell,d4-cell-v1,0,0
105,1800000105201250,201250,response,reverse,5,11,256,02:00:00:00:00:01,02:00:00:00:00:02,0x88b5,D4C1,1,1,1,1687,18,208,16,defense4-s3-cell,d4-cell-v1,0,0
105,1800000105201500,201500,response,reverse,6,12,256,02:00:00:00:00:01,02:00:00:00:00:02,0x88b5,D4C1,1,1,1,1688,18,208,16,defense4-s3-cell,d4-cell-v1,0,0
105,1800000105201750,201750,response,reverse,7,13,256,02:00:00:00:00:01,02:00:00:00:00:02,0x88b5,D4C1,1,1,1,1689,18,208,16,defense4-s3-cell,d4-cell-v1,0,0
105,1800000105202000,202000,response,reverse,8,14,256,02:00:00:00:00:01,02:00:00:00:00:02,0x88b5,D4C1,1,1,1,1690,18,208,16,defense4-s3-cell,d4-cell-v1,0,0
105,1800000105202250,202250,response,reverse,9,15,256,02:00:00:00:00:01,02:00:00:00:00:02,0x88b5,D4C1,1,1,1,1691,18,208,16,defense4-s3-cell,d4-cell-v1,0,0
105,1800000105202500,202500,response,reverse,10,16,256,02:00:00:00:00:01,02:00:00:00:00:02,0x88b5,D4C1,1,1,1,1692,18,208,16,defense4-s3-cell,d4-cell-v1,0,0
105,1800000105202750,202750,response,reverse,11,17,256,02:00:00:00:00:01,02:00:00:00:00:02,0x88b5,D4C1,1,1,1,1693,18,208,16,defense4-s3-cell,d4-cell-v1,0,0
105,1800000105203000,203000,response,reverse,12,18,256,02:00:00:00:00:01,02:00:00:00:00:02,0x88b5,D4C1,1,1,1,1694,18,208,16,defense4-s3-cell,d4-cell-v1,0,0
105,1800000105203250,203250,response,reverse,13,19,256,02:00:00:00:00:01,02:00:00:00:00:02,0x88b5,D4C1,1,1,1,1695,18,208,16,defense4-s3-cell,d4-cell-v1,0,0
105,1800000105203500,203500,tail,forward,0,20,256,02:00:00:00:00:02,02:00:00:00:00:01,0x88b5,D4C1,1,1,1,634,18,208,16,defense4-s3-cell,d4-cell-v1,0,0
105,1800000105203750,203750,tail,forward,1,21,256,02:00:00:00:00:02,02:00:00:00:00:01,0x88b5,D4C1,1,1,1,635,18,208,16,defense4-s3-cell,d4-cell-v1,0,0
106,1800000106000000,0,request,forward,0,0,256,02:00:00:00:00:02,02:00:00:00:00:01,0x88b5,D4C1,1,1,1,636,18,208,16,defense4-s3-cell,d4-cell-v1,0,0
106,1800000106000250,250,request,forward,1,1,256,02:00:00:00:00:02,02:00:00:00:00:01,0x88b5,D4C1,1,1,1,637,18,208,16,defense4-s3-cell,d4-cell-v1,0,0
106,1800000106000500,500,request,forward,2,2,256,02:00:00:00:00:02,02:00:00:00:00:01,0x88b5,D4C1,1,1,1,638,18,208,16,defense4-s3-cell,d4-cell-v1,0,0
106,1800000106000750,750,request,forward,3,3,256,02:00:00:00:00:02,02:00:00:00:00:01,0x88b5,D4C1,1,1,1,639,18,208,16,defense4-s3-cell,d4-cell-v1,0,0
106,1800000106001000,1000,ack,reverse,0,4,256,02:00:00:00:00:01,02:00:00:00:00:02,0x88b5,D4C1,1,1,1,1696,18,208,16,defense4-s3-cell,d4-cell-v1,0,0
106,1800000106001250,1250,ack,reverse,1,5,256,02:00:00:00:00:01,02:00:00:00:00:02,0x88b5,D4C1,1,1,1,1697,18,208,16,defense4-s3-cell,d4-cell-v1,0,0
106,1800000106200000,200000,response,reverse,0,6,256,02:00:00:00:00:01,02:00:00:00:00:02,0x88b5,D4C1,1,1,1,1698,18,208,16,defense4-s3-cell,d4-cell-v1,0,0
106,1800000106200250,200250,response,reverse,1,7,256,02:00:00:00:00:01,02:00:00:00:00:02,0x88b5,D4C1,1,1,1,1699,18,208,16,defense4-s3-cell,d4-cell-v1,0,0
106,1800000106200500,200500,response,reverse,2,8,256,02:00:00:00:00:01,02:00:00:00:00:02,0x88b5,D4C1,1,1,1,1700,18,208,16,defense4-s3-cell,d4-cell-v1,0,0
106,1800000106200750,200750,response,reverse,3,9,256,02:00:00:00:00:01,02:00:00:00:00:02,0x88b5,D4C1,1,1,1,1701,18,208,16,defense4-s3-cell,d4-cell-v1,0,0
106,1800000106201000,201000,response,reverse,4,10,256,02:00:00:00:00:01,02:00:00:00:00:02,0x88b5,D4C1,1,1,1,1702,18,208,16,defense4-s3-cell,d4-cell-v1,0,0
106,1800000106201250,201250,response,reverse,5,11,256,02:00:00:00:00:01,02:00:00:00:00:02,0x88b5,D4C1,1,1,1,1703,18,208,16,defense4-s3-cell,d4-cell-v1,0,0
106,1800000106201500,201500,response,reverse,6,12,256,02:00:00:00:00:01,02:00:00:00:00:02,0x88b5,D4C1,1,1,1,1704,18,208,16,defense4-s3-cell,d4-cell-v1,0,0
106,1800000106201750,201750,response,reverse,7,13,256,02:00:00:00:00:01,02:00:00:00:00:02,0x88b5,D4C1,1,1,1,1705,18,208,16,defense4-s3-cell,d4-cell-v1,0,0
106,1800000106202000,202000,response,reverse,8,14,256,02:00:00:00:00:01,02:00:00:00:00:02,0x88b5,D4C1,1,1,1,1706,18,208,16,defense4-s3-cell,d4-cell-v1,0,0
106,1800000106202250,202250,response,reverse,9,15,256,02:00:00:00:00:01,02:00:00:00:00:02,0x88b5,D4C1,1,1,1,1707,18,208,16,defense4-s3-cell,d4-cell-v1,0,0
106,1800000106202500,202500,response,reverse,10,16,256,02:00:00:00:00:01,02:00:00:00:00:02,0x88b5,D4C1,1,1,1,1708,18,208,16,defense4-s3-cell,d4-cell-v1,0,0
106,1800000106202750,202750,response,reverse,11,17,256,02:00:00:00:00:01,02:00:00:00:00:02,0x88b5,D4C1,1,1,1,1709,18,208,16,defense4-s3-cell,d4-cell-v1,0,0
106,1800000106203000,203000,response,reverse,12,18,256,02:00:00:00:00:01,02:00:00:00:00:02,0x88b5,D4C1,1,1,1,1710,18,208,16,defense4-s3-cell,d4-cell-v1,0,0
106,1800000106203250,203250,response,reverse,13,19,256,02:00:00:00:00:01,02:00:00:00:00:02,0x88b5,D4C1,1,1,1,1711,18,208,16,defense4-s3-cell,d4-cell-v1,0,0
106,1800000106203500,203500,tail,forward,0,20,256,02:00:00:00:00:02,02:00:00:00:00:01,0x88b5,D4C1,1,1,1,640,18,208,16,defense4-s3-cell,d4-cell-v1,0,0
106,1800000106203750,203750,tail,forward,1,21,256,02:00:00:00:00:02,02:00:00:00:00:01,0x88b5,D4C1,1,1,1,641,18,208,16,defense4-s3-cell,d4-cell-v1,0,0
107,1800000107000000,0,request,forward,0,0,256,02:00:00:00:00:02,02:00:00:00:00:01,0x88b5,D4C1,1,1,1,642,18,208,16,defense4-s3-cell,d4-cell-v1,0,0
107,1800000107000250,250,request,forward,1,1,256,02:00:00:00:00:02,02:00:00:00:00:01,0x88b5,D4C1,1,1,1,643,18,208,16,defense4-s3-cell,d4-cell-v1,0,0
107,1800000107000500,500,request,forward,2,2,256,02:00:00:00:00:02,02:00:00:00:00:01,0x88b5,D4C1,1,1,1,644,18,208,16,defense4-s3-cell,d4-cell-v1,0,0
107,1800000107000750,750,request,forward,3,3,256,02:00:00:00:00:02,02:00:00:00:00:01,0x88b5,D4C1,1,1,1,645,18,208,16,defense4-s3-cell,d4-cell-v1,0,0
107,1800000107001000,1000,ack,reverse,0,4,256,02:00:00:00:00:01,02:00:00:00:00:02,0x88b5,D4C1,1,1,1,1712,18,208,16,defense4-s3-cell,d4-cell-v1,0,0
107,1800000107001250,1250,ack,reverse,1,5,256,02:00:00:00:00:01,02:00:00:00:00:02,0x88b5,D4C1,1,1,1,1713,18,208,16,defense4-s3-cell,d4-cell-v1,0,0
107,1800000107200000,200000,response,reverse,0,6,256,02:00:00:00:00:01,02:00:00:00:00:02,0x88b5,D4C1,1,1,1,1714,18,208,16,defense4-s3-cell,d4-cell-v1,0,0
107,1800000107200250,200250,response,reverse,1,7,256,02:00:00:00:00:01,02:00:00:00:00:02,0x88b5,D4C1,1,1,1,1715,18,208,16,defense4-s3-cell,d4-cell-v1,0,0
107,1800000107200500,200500,response,reverse,2,8,256,02:00:00:00:00:01,02:00:00:00:00:02,0x88b5,D4C1,1,1,1,1716,18,208,16,defense4-s3-cell,d4-cell-v1,0,0
107,1800000107200750,200750,response,reverse,3,9,256,02:00:00:00:00:01,02:00:00:00:00:02,0x88b5,D4C1,1,1,1,1717,18,208,16,defense4-s3-cell,d4-cell-v1,0,0
107,1800000107201000,201000,response,reverse,4,10,256,02:00:00:00:00:01,02:00:00:00:00:02,0x88b5,D4C1,1,1,1,1718,18,208,16,defense4-s3-cell,d4-cell-v1,0,0
107,1800000107201250,201250,response,reverse,5,11,256,02:00:00:00:00:01,02:00:00:00:00:02,0x88b5,D4C1,1,1,1,1719,18,208,16,defense4-s3-cell,d4-cell-v1,0,0
107,1800000107201500,201500,response,reverse,6,12,256,02:00:00:00:00:01,02:00:00:00:00:02,0x88b5,D4C1,1,1,1,1720,18,208,16,defense4-s3-cell,d4-cell-v1,0,0
107,1800000107201750,201750,response,reverse,7,13,256,02:00:00:00:00:01,02:00:00:00:00:02,0x88b5,D4C1,1,1,1,1721,18,208,16,defense4-s3-cell,d4-cell-v1,0,0
107,1800000107202000,202000,response,reverse,8,14,256,02:00:00:00:00:01,02:00:00:00:00:02,0x88b5,D4C1,1,1,1,1722,18,208,16,defense4-s3-cell,d4-cell-v1,0,0
107,1800000107202250,202250,response,reverse,9,15,256,02:00:00:00:00:01,02:00:00:00:00:02,0x88b5,D4C1,1,1,1,1723,18,208,16,defense4-s3-cell,d4-cell-v1,0,0
107,1800000107202500,202500,response,reverse,10,16,256,02:00:00:00:00:01,02:00:00:00:00:02,0x88b5,D4C1,1,1,1,1724,18,208,16,defense4-s3-cell,d4-cell-v1,0,0
107,1800000107202750,202750,response,reverse,11,17,256,02:00:00:00:00:01,02:00:00:00:00:02,0x88b5,D4C1,1,1,1,1725,18,208,16,defense4-s3-cell,d4-cell-v1,0,0
107,1800000107203000,203000,response,reverse,12,18,256,02:00:00:00:00:01,02:00:00:00:00:02,0x88b5,D4C1,1,1,1,1726,18,208,16,defense4-s3-cell,d4-cell-v1,0,0
107,1800000107203250,203250,response,reverse,13,19,256,02:00:00:00:00:01,02:00:00:00:00:02,0x88b5,D4C1,1,1,1,1727,18,208,16,defense4-s3-cell,d4-cell-v1,0,0
107,1800000107203500,203500,tail,forward,0,20,256,02:00:00:00:00:02,02:00:00:00:00:01,0x88b5,D4C1,1,1,1,646,18,208,16,defense4-s3-cell,d4-cell-v1,0,0
107,1800000107203750,203750,tail,forward,1,21,256,02:00:00:00:00:02,02:00:00:00:00:01,0x88b5,D4C1,1,1,1,647,18,208,16,defense4-s3-cell,d4-cell-v1,0,0
108,1800000108000000,0,request,forward,0,0,256,02:00:00:00:00:02,02:00:00:00:00:01,0x88b5,D4C1,1,1,1,648,18,208,16,defense4-s3-cell,d4-cell-v1,0,0
108,1800000108000250,250,request,forward,1,1,256,02:00:00:00:00:02,02:00:00:00:00:01,0x88b5,D4C1,1,1,1,649,18,208,16,defense4-s3-cell,d4-cell-v1,0,0
108,1800000108000500,500,request,forward,2,2,256,02:00:00:00:00:02,02:00:00:00:00:01,0x88b5,D4C1,1,1,1,650,18,208,16,defense4-s3-cell,d4-cell-v1,0,0
108,1800000108000750,750,request,forward,3,3,256,02:00:00:00:00:02,02:00:00:00:00:01,0x88b5,D4C1,1,1,1,651,18,208,16,defense4-s3-cell,d4-cell-v1,0,0
108,1800000108001000,1000,ack,reverse,0,4,256,02:00:00:00:00:01,02:00:00:00:00:02,0x88b5,D4C1,1,1,1,1728,18,208,16,defense4-s3-cell,d4-cell-v1,0,0
108,1800000108001250,1250,ack,reverse,1,5,256,02:00:00:00:00:01,02:00:00:00:00:02,0x88b5,D4C1,1,1,1,1729,18,208,16,defense4-s3-cell,d4-cell-v1,0,0
108,1800000108200000,200000,response,reverse,0,6,256,02:00:00:00:00:01,02:00:00:00:00:02,0x88b5,D4C1,1,1,1,1730,18,208,16,defense4-s3-cell,d4-cell-v1,0,0
108,1800000108200250,200250,response,reverse,1,7,256,02:00:00:00:00:01,02:00:00:00:00:02,0x88b5,D4C1,1,1,1,1731,18,208,16,defense4-s3-cell,d4-cell-v1,0,0
108,1800000108200500,200500,response,reverse,2,8,256,02:00:00:00:00:01,02:00:00:00:00:02,0x88b5,D4C1,1,1,1,1732,18,208,16,defense4-s3-cell,d4-cell-v1,0,0
108,1800000108200750,200750,response,reverse,3,9,256,02:00:00:00:00:01,02:00:00:00:00:02,0x88b5,D4C1,1,1,1,1733,18,208,16,defense4-s3-cell,d4-cell-v1,0,0
108,1800000108201000,201000,response,reverse,4,10,256,02:00:00:00:00:01,02:00:00:00:00:02,0x88b5,D4C1,1,1,1,1734,18,208,16,defense4-s3-cell,d4-cell-v1,0,0
108,1800000108201250,201250,response,reverse,5,11,256,02:00:00:00:00:01,02:00:00:00:00:02,0x88b5,D4C1,1,1,1,1735,18,208,16,defense4-s3-cell,d4-cell-v1,0,0
108,1800000108201500,201500,response,reverse,6,12,256,02:00:00:00:00:01,02:00:00:00:00:02,0x88b5,D4C1,1,1,1,1736,18,208,16,defense4-s3-cell,d4-cell-v1,0,0
108,1800000108201750,201750,response,reverse,7,13,256,02:00:00:00:00:01,02:00:00:00:00:02,0x88b5,D4C1,1,1,1,1737,18,208,16,defense4-s3-cell,d4-cell-v1,0,0
108,1800000108202000,202000,response,reverse,8,14,256,02:00:00:00:00:01,02:00:00:00:00:02,0x88b5,D4C1,1,1,1,1738,18,208,16,defense4-s3-cell,d4-cell-v1,0,0
108,1800000108202250,202250,response,reverse,9,15,256,02:00:00:00:00:01,02:00:00:00:00:02,0x88b5,D4C1,1,1,1,1739,18,208,16,defense4-s3-cell,d4-cell-v1,0,0
108,1800000108202500,202500,response,reverse,10,16,256,02:00:00:00:00:01,02:00:00:00:00:02,0x88b5,D4C1,1,1,1,1740,18,208,16,defense4-s3-cell,d4-cell-v1,0,0
108,1800000108202750,202750,response,reverse,11,17,256,02:00:00:00:00:01,02:00:00:00:00:02,0x88b5,D4C1,1,1,1,1741,18,208,16,defense4-s3-cell,d4-cell-v1,0,0
108,1800000108203000,203000,response,reverse,12,18,256,02:00:00:00:00:01,02:00:00:00:00:02,0x88b5,D4C1,1,1,1,1742,18,208,16,defense4-s3-cell,d4-cell-v1,0,0
108,1800000108203250,203250,response,reverse,13,19,256,02:00:00:00:00:01,02:00:00:00:00:02,0x88b5,D4C1,1,1,1,1743,18,208,16,defense4-s3-cell,d4-cell-v1,0,0
108,1800000108203500,203500,tail,forward,0,20,256,02:00:00:00:00:02,02:00:00:00:00:01,0x88b5,D4C1,1,1,1,652,18,208,16,defense4-s3-cell,d4-cell-v1,0,0
108,1800000108203750,203750,tail,forward,1,21,256,02:00:00:00:00:02,02:00:00:00:00:01,0x88b5,D4C1,1,1,1,653,18,208,16,defense4-s3-cell,d4-cell-v1,0,0
109,1800000109000000,0,request,forward,0,0,256,02:00:00:00:00:02,02:00:00:00:00:01,0x88b5,D4C1,1,1,1,654,18,208,16,defense4-s3-cell,d4-cell-v1,0,0
109,1800000109000250,250,request,forward,1,1,256,02:00:00:00:00:02,02:00:00:00:00:01,0x88b5,D4C1,1,1,1,655,18,208,16,defense4-s3-cell,d4-cell-v1,0,0
109,1800000109000500,500,request,forward,2,2,256,02:00:00:00:00:02,02:00:00:00:00:01,0x88b5,D4C1,1,1,1,656,18,208,16,defense4-s3-cell,d4-cell-v1,0,0
109,1800000109000750,750,request,forward,3,3,256,02:00:00:00:00:02,02:00:00:00:00:01,0x88b5,D4C1,1,1,1,657,18,208,16,defense4-s3-cell,d4-cell-v1,0,0
109,1800000109001000,1000,ack,reverse,0,4,256,02:00:00:00:00:01,02:00:00:00:00:02,0x88b5,D4C1,1,1,1,1744,18,208,16,defense4-s3-cell,d4-cell-v1,0,0
109,1800000109001250,1250,ack,reverse,1,5,256,02:00:00:00:00:01,02:00:00:00:00:02,0x88b5,D4C1,1,1,1,1745,18,208,16,defense4-s3-cell,d4-cell-v1,0,0
109,1800000109200000,200000,response,reverse,0,6,256,02:00:00:00:00:01,02:00:00:00:00:02,0x88b5,D4C1,1,1,1,1746,18,208,16,defense4-s3-cell,d4-cell-v1,0,0
109,1800000109200250,200250,response,reverse,1,7,256,02:00:00:00:00:01,02:00:00:00:00:02,0x88b5,D4C1,1,1,1,1747,18,208,16,defense4-s3-cell,d4-cell-v1,0,0
109,1800000109200500,200500,response,reverse,2,8,256,02:00:00:00:00:01,02:00:00:00:00:02,0x88b5,D4C1,1,1,1,1748,18,208,16,defense4-s3-cell,d4-cell-v1,0,0
109,1800000109200750,200750,response,reverse,3,9,256,02:00:00:00:00:01,02:00:00:00:00:02,0x88b5,D4C1,1,1,1,1749,18,208,16,defense4-s3-cell,d4-cell-v1,0,0
109,1800000109201000,201000,response,reverse,4,10,256,02:00:00:00:00:01,02:00:00:00:00:02,0x88b5,D4C1,1,1,1,1750,18,208,16,defense4-s3-cell,d4-cell-v1,0,0
109,1800000109201250,201250,response,reverse,5,11,256,02:00:00:00:00:01,02:00:00:00:00:02,0x88b5,D4C1,1,1,1,1751,18,208,16,defense4-s3-cell,d4-cell-v1,0,0
109,1800000109201500,201500,response,reverse,6,12,256,02:00:00:00:00:01,02:00:00:00:00:02,0x88b5,D4C1,1,1,1,1752,18,208,16,defense4-s3-cell,d4-cell-v1,0,0
109,1800000109201750,201750,response,reverse,7,13,256,02:00:00:00:00:01,02:00:00:00:00:02,0x88b5,D4C1,1,1,1,1753,18,208,16,defense4-s3-cell,d4-cell-v1,0,0
109,1800000109202000,202000,response,reverse,8,14,256,02:00:00:00:00:01,02:00:00:00:00:02,0x88b5,D4C1,1,1,1,1754,18,208,16,defense4-s3-cell,d4-cell-v1,0,0
109,1800000109202250,202250,response,reverse,9,15,256,02:00:00:00:00:01,02:00:00:00:00:02,0x88b5,D4C1,1,1,1,1755,18,208,16,defense4-s3-cell,d4-cell-v1,0,0
109,1800000109202500,202500,response,reverse,10,16,256,02:00:00:00:00:01,02:00:00:00:00:02,0x88b5,D4C1,1,1,1,1756,18,208,16,defense4-s3-cell,d4-cell-v1,0,0
109,1800000109202750,202750,response,reverse,11,17,256,02:00:00:00:00:01,02:00:00:00:00:02,0x88b5,D4C1,1,1,1,1757,18,208,16,defense4-s3-cell,d4-cell-v1,0,0
109,1800000109203000,203000,response,reverse,12,18,256,02:00:00:00:00:01,02:00:00:00:00:02,0x88b5,D4C1,1,1,1,1758,18,208,16,defense4-s3-cell,d4-cell-v1,0,0
109,1800000109203250,203250,response,reverse,13,19,256,02:00:00:00:00:01,02:00:00:00:00:02,0x88b5,D4C1,1,1,1,1759,18,208,16,defense4-s3-cell,d4-cell-v1,0,0
109,1800000109203500,203500,tail,forward,0,20,256,02:00:00:00:00:02,02:00:00:00:00:01,0x88b5,D4C1,1,1,1,658,18,208,16,defense4-s3-cell,d4-cell-v1,0,0
109,1800000109203750,203750,tail,forward,1,21,256,02:00:00:00:00:02,02:00:00:00:00:01,0x88b5,D4C1,1,1,1,659,18,208,16,defense4-s3-cell,d4-cell-v1,0,0
110,1800000110000000,0,request,forward,0,0,256,02:00:00:00:00:02,02:00:00:00:00:01,0x88b5,D4C1,1,1,1,660,18,208,16,defense4-s3-cell,d4-cell-v1,0,0
110,1800000110000250,250,request,forward,1,1,256,02:00:00:00:00:02,02:00:00:00:00:01,0x88b5,D4C1,1,1,1,661,18,208,16,defense4-s3-cell,d4-cell-v1,0,0
110,1800000110000500,500,request,forward,2,2,256,02:00:00:00:00:02,02:00:00:00:00:01,0x88b5,D4C1,1,1,1,662,18,208,16,defense4-s3-cell,d4-cell-v1,0,0
110,1800000110000750,750,request,forward,3,3,256,02:00:00:00:00:02,02:00:00:00:00:01,0x88b5,D4C1,1,1,1,663,18,208,16,defense4-s3-cell,d4-cell-v1,0,0
110,1800000110001000,1000,ack,reverse,0,4,256,02:00:00:00:00:01,02:00:00:00:00:02,0x88b5,D4C1,1,1,1,1760,18,208,16,defense4-s3-cell,d4-cell-v1,0,0
110,1800000110001250,1250,ack,reverse,1,5,256,02:00:00:00:00:01,02:00:00:00:00:02,0x88b5,D4C1,1,1,1,1761,18,208,16,defense4-s3-cell,d4-cell-v1,0,0
110,1800000110200000,200000,response,reverse,0,6,256,02:00:00:00:00:01,02:00:00:00:00:02,0x88b5,D4C1,1,1,1,1762,18,208,16,defense4-s3-cell,d4-cell-v1,0,0
110,1800000110200250,200250,response,reverse,1,7,256,02:00:00:00:00:01,02:00:00:00:00:02,0x88b5,D4C1,1,1,1,1763,18,208,16,defense4-s3-cell,d4-cell-v1,0,0
110,1800000110200500,200500,response,reverse,2,8,256,02:00:00:00:00:01,02:00:00:00:00:02,0x88b5,D4C1,1,1,1,1764,18,208,16,defense4-s3-cell,d4-cell-v1,0,0
110,1800000110200750,200750,response,reverse,3,9,256,02:00:00:00:00:01,02:00:00:00:00:02,0x88b5,D4C1,1,1,1,1765,18,208,16,defense4-s3-cell,d4-cell-v1,0,0
110,1800000110201000,201000,response,reverse,4,10,256,02:00:00:00:00:01,02:00:00:00:00:02,0x88b5,D4C1,1,1,1,1766,18,208,16,defense4-s3-cell,d4-cell-v1,0,0
110,1800000110201250,201250,response,reverse,5,11,256,02:00:00:00:00:01,02:00:00:00:00:02,0x88b5,D4C1,1,1,1,1767,18,208,16,defense4-s3-cell,d4-cell-v1,0,0
110,1800000110201500,201500,response,reverse,6,12,256,02:00:00:00:00:01,02:00:00:00:00:02,0x88b5,D4C1,1,1,1,1768,18,208,16,defense4-s3-cell,d4-cell-v1,0,0
110,1800000110201750,201750,response,reverse,7,13,256,02:00:00:00:00:01,02:00:00:00:00:02,0x88b5,D4C1,1,1,1,1769,18,208,16,defense4-s3-cell,d4-cell-v1,0,0
110,1800000110202000,202000,response,reverse,8,14,256,02:00:00:00:00:01,02:00:00:00:00:02,0x88b5,D4C1,1,1,1,1770,18,208,16,defense4-s3-cell,d4-cell-v1,0,0
110,1800000110202250,202250,response,reverse,9,15,256,02:00:00:00:00:01,02:00:00:00:00:02,0x88b5,D4C1,1,1,1,1771,18,208,16,defense4-s3-cell,d4-cell-v1,0,0
110,1800000110202500,202500,response,reverse,10,16,256,02:00:00:00:00:01,02:00:00:00:00:02,0x88b5,D4C1,1,1,1,1772,18,208,16,defense4-s3-cell,d4-cell-v1,0,0
110,1800000110202750,202750,response,reverse,11,17,256,02:00:00:00:00:01,02:00:00:00:00:02,0x88b5,D4C1,1,1,1,1773,18,208,16,defense4-s3-cell,d4-cell-v1,0,0
110,1800000110203000,203000,response,reverse,12,18,256,02:00:00:00:00:01,02:00:00:00:00:02,0x88b5,D4C1,1,1,1,1774,18,208,16,defense4-s3-cell,d4-cell-v1,0,0
110,1800000110203250,203250,response,reverse,13,19,256,02:00:00:00:00:01,02:00:00:00:00:02,0x88b5,D4C1,1,1,1,1775,18,208,16,defense4-s3-cell,d4-cell-v1,0,0
110,1800000110203500,203500,tail,forward,0,20,256,02:00:00:00:00:02,02:00:00:00:00:01,0x88b5,D4C1,1,1,1,664,18,208,16,defense4-s3-cell,d4-cell-v1,0,0
110,1800000110203750,203750,tail,forward,1,21,256,02:00:00:00:00:02,02:00:00:00:00:01,0x88b5,D4C1,1,1,1,665,18,208,16,defense4-s3-cell,d4-cell-v1,0,0
111,1800000111000000,0,request,forward,0,0,256,02:00:00:00:00:02,02:00:00:00:00:01,0x88b5,D4C1,1,1,1,666,18,208,16,defense4-s3-cell,d4-cell-v1,0,0
111,1800000111000250,250,request,forward,1,1,256,02:00:00:00:00:02,02:00:00:00:00:01,0x88b5,D4C1,1,1,1,667,18,208,16,defense4-s3-cell,d4-cell-v1,0,0
111,1800000111000500,500,request,forward,2,2,256,02:00:00:00:00:02,02:00:00:00:00:01,0x88b5,D4C1,1,1,1,668,18,208,16,defense4-s3-cell,d4-cell-v1,0,0
111,1800000111000750,750,request,forward,3,3,256,02:00:00:00:00:02,02:00:00:00:00:01,0x88b5,D4C1,1,1,1,669,18,208,16,defense4-s3-cell,d4-cell-v1,0,0
111,1800000111001000,1000,ack,reverse,0,4,256,02:00:00:00:00:01,02:00:00:00:00:02,0x88b5,D4C1,1,1,1,1776,18,208,16,defense4-s3-cell,d4-cell-v1,0,0
111,1800000111001250,1250,ack,reverse,1,5,256,02:00:00:00:00:01,02:00:00:00:00:02,0x88b5,D4C1,1,1,1,1777,18,208,16,defense4-s3-cell,d4-cell-v1,0,0
111,1800000111200000,200000,response,reverse,0,6,256,02:00:00:00:00:01,02:00:00:00:00:02,0x88b5,D4C1,1,1,1,1778,18,208,16,defense4-s3-cell,d4-cell-v1,0,0
111,1800000111200250,200250,response,reverse,1,7,256,02:00:00:00:00:01,02:00:00:00:00:02,0x88b5,D4C1,1,1,1,1779,18,208,16,defense4-s3-cell,d4-cell-v1,0,0
111,1800000111200500,200500,response,reverse,2,8,256,02:00:00:00:00:01,02:00:00:00:00:02,0x88b5,D4C1,1,1,1,1780,18,208,16,defense4-s3-cell,d4-cell-v1,0,0
111,1800000111200750,200750,response,reverse,3,9,256,02:00:00:00:00:01,02:00:00:00:00:02,0x88b5,D4C1,1,1,1,1781,18,208,16,defense4-s3-cell,d4-cell-v1,0,0
111,1800000111201000,201000,response,reverse,4,10,256,02:00:00:00:00:01,02:00:00:00:00:02,0x88b5,D4C1,1,1,1,1782,18,208,16,defense4-s3-cell,d4-cell-v1,0,0
111,1800000111201250,201250,response,reverse,5,11,256,02:00:00:00:00:01,02:00:00:00:00:02,0x88b5,D4C1,1,1,1,1783,18,208,16,defense4-s3-cell,d4-cell-v1,0,0
111,1800000111201500,201500,response,reverse,6,12,256,02:00:00:00:00:01,02:00:00:00:00:02,0x88b5,D4C1,1,1,1,1784,18,208,16,defense4-s3-cell,d4-cell-v1,0,0
111,1800000111201750,201750,response,reverse,7,13,256,02:00:00:00:00:01,02:00:00:00:00:02,0x88b5,D4C1,1,1,1,1785,18,208,16,defense4-s3-cell,d4-cell-v1,0,0
111,1800000111202000,202000,response,reverse,8,14,256,02:00:00:00:00:01,02:00:00:00:00:02,0x88b5,D4C1,1,1,1,1786,18,208,16,defense4-s3-cell,d4-cell-v1,0,0
111,1800000111202250,202250,response,reverse,9,15,256,02:00:00:00:00:01,02:00:00:00:00:02,0x88b5,D4C1,1,1,1,1787,18,208,16,defense4-s3-cell,d4-cell-v1,0,0
111,1800000111202500,202500,response,reverse,10,16,256,02:00:00:00:00:01,02:00:00:00:00:02,0x88b5,D4C1,1,1,1,1788,18,208,16,defense4-s3-cell,d4-cell-v1,0,0
111,1800000111202750,202750,response,reverse,11,17,256,02:00:00:00:00:01,02:00:00:00:00:02,0x88b5,D4C1,1,1,1,1789,18,208,16,defense4-s3-cell,d4-cell-v1,0,0
111,1800000111203000,203000,response,reverse,12,18,256,02:00:00:00:00:01,02:00:00:00:00:02,0x88b5,D4C1,1,1,1,1790,18,208,16,defense4-s3-cell,d4-cell-v1,0,0
111,1800000111203250,203250,response,reverse,13,19,256,02:00:00:00:00:01,02:00:00:00:00:02,0x88b5,D4C1,1,1,1,1791,18,208,16,defense4-s3-cell,d4-cell-v1,0,0
111,1800000111203500,203500,tail,forward,0,20,256,02:00:00:00:00:02,02:00:00:00:00:01,0x88b5,D4C1,1,1,1,670,18,208,16,defense4-s3-cell,d4-cell-v1,0,0
111,1800000111203750,203750,tail,forward,1,21,256,02:00:00:00:00:02,02:00:00:00:00:01,0x88b5,D4C1,1,1,1,671,18,208,16,defense4-s3-cell,d4-cell-v1,0,0
112,1800000112000000,0,request,forward,0,0,256,02:00:00:00:00:02,02:00:00:00:00:01,0x88b5,D4C1,1,1,1,672,18,208,16,defense4-s3-cell,d4-cell-v1,0,0
112,1800000112000250,250,request,forward,1,1,256,02:00:00:00:00:02,02:00:00:00:00:01,0x88b5,D4C1,1,1,1,673,18,208,16,defense4-s3-cell,d4-cell-v1,0,0
112,1800000112000500,500,request,forward,2,2,256,02:00:00:00:00:02,02:00:00:00:00:01,0x88b5,D4C1,1,1,1,674,18,208,16,defense4-s3-cell,d4-cell-v1,0,0
112,1800000112000750,750,request,forward,3,3,256,02:00:00:00:00:02,02:00:00:00:00:01,0x88b5,D4C1,1,1,1,675,18,208,16,defense4-s3-cell,d4-cell-v1,0,0
112,1800000112001000,1000,ack,reverse,0,4,256,02:00:00:00:00:01,02:00:00:00:00:02,0x88b5,D4C1,1,1,1,1792,18,208,16,defense4-s3-cell,d4-cell-v1,0,0
112,1800000112001250,1250,ack,reverse,1,5,256,02:00:00:00:00:01,02:00:00:00:00:02,0x88b5,D4C1,1,1,1,1793,18,208,16,defense4-s3-cell,d4-cell-v1,0,0
112,1800000112200000,200000,response,reverse,0,6,256,02:00:00:00:00:01,02:00:00:00:00:02,0x88b5,D4C1,1,1,1,1794,18,208,16,defense4-s3-cell,d4-cell-v1,0,0
112,1800000112200250,200250,response,reverse,1,7,256,02:00:00:00:00:01,02:00:00:00:00:02,0x88b5,D4C1,1,1,1,1795,18,208,16,defense4-s3-cell,d4-cell-v1,0,0
112,1800000112200500,200500,response,reverse,2,8,256,02:00:00:00:00:01,02:00:00:00:00:02,0x88b5,D4C1,1,1,1,1796,18,208,16,defense4-s3-cell,d4-cell-v1,0,0
112,1800000112200750,200750,response,reverse,3,9,256,02:00:00:00:00:01,02:00:00:00:00:02,0x88b5,D4C1,1,1,1,1797,18,208,16,defense4-s3-cell,d4-cell-v1,0,0
112,1800000112201000,201000,response,reverse,4,10,256,02:00:00:00:00:01,02:00:00:00:00:02,0x88b5,D4C1,1,1,1,1798,18,208,16,defense4-s3-cell,d4-cell-v1,0,0
112,1800000112201250,201250,response,reverse,5,11,256,02:00:00:00:00:01,02:00:00:00:00:02,0x88b5,D4C1,1,1,1,1799,18,208,16,defense4-s3-cell,d4-cell-v1,0,0
112,1800000112201500,201500,response,reverse,6,12,256,02:00:00:00:00:01,02:00:00:00:00:02,0x88b5,D4C1,1,1,1,1800,18,208,16,defense4-s3-cell,d4-cell-v1,0,0
112,1800000112201750,201750,response,reverse,7,13,256,02:00:00:00:00:01,02:00:00:00:00:02,0x88b5,D4C1,1,1,1,1801,18,208,16,defense4-s3-cell,d4-cell-v1,0,0
112,1800000112202000,202000,response,reverse,8,14,256,02:00:00:00:00:01,02:00:00:00:00:02,0x88b5,D4C1,1,1,1,1802,18,208,16,defense4-s3-cell,d4-cell-v1,0,0
112,1800000112202250,202250,response,reverse,9,15,256,02:00:00:00:00:01,02:00:00:00:00:02,0x88b5,D4C1,1,1,1,1803,18,208,16,defense4-s3-cell,d4-cell-v1,0,0
112,1800000112202500,202500,response,reverse,10,16,256,02:00:00:00:00:01,02:00:00:00:00:02,0x88b5,D4C1,1,1,1,1804,18,208,16,defense4-s3-cell,d4-cell-v1,0,0
112,1800000112202750,202750,response,reverse,11,17,256,02:00:00:00:00:01,02:00:00:00:00:02,0x88b5,D4C1,1,1,1,1805,18,208,16,defense4-s3-cell,d4-cell-v1,0,0
112,1800000112203000,203000,response,reverse,12,18,256,02:00:00:00:00:01,02:00:00:00:00:02,0x88b5,D4C1,1,1,1,1806,18,208,16,defense4-s3-cell,d4-cell-v1,0,0
112,1800000112203250,203250,response,reverse,13,19,256,02:00:00:00:00:01,02:00:00:00:00:02,0x88b5,D4C1,1,1,1,1807,18,208,16,defense4-s3-cell,d4-cell-v1,0,0
112,1800000112203500,203500,tail,forward,0,20,256,02:00:00:00:00:02,02:00:00:00:00:01,0x88b5,D4C1,1,1,1,676,18,208,16,defense4-s3-cell,d4-cell-v1,0,0
112,1800000112203750,203750,tail,forward,1,21,256,02:00:00:00:00:02,02:00:00:00:00:01,0x88b5,D4C1,1,1,1,677,18,208,16,defense4-s3-cell,d4-cell-v1,0,0
113,1800000113000000,0,request,forward,0,0,256,02:00:00:00:00:02,02:00:00:00:00:01,0x88b5,D4C1,1,1,1,678,18,208,16,defense4-s3-cell,d4-cell-v1,0,0
113,1800000113000250,250,request,forward,1,1,256,02:00:00:00:00:02,02:00:00:00:00:01,0x88b5,D4C1,1,1,1,679,18,208,16,defense4-s3-cell,d4-cell-v1,0,0
113,1800000113000500,500,request,forward,2,2,256,02:00:00:00:00:02,02:00:00:00:00:01,0x88b5,D4C1,1,1,1,680,18,208,16,defense4-s3-cell,d4-cell-v1,0,0
113,1800000113000750,750,request,forward,3,3,256,02:00:00:00:00:02,02:00:00:00:00:01,0x88b5,D4C1,1,1,1,681,18,208,16,defense4-s3-cell,d4-cell-v1,0,0
113,1800000113001000,1000,ack,reverse,0,4,256,02:00:00:00:00:01,02:00:00:00:00:02,0x88b5,D4C1,1,1,1,1808,18,208,16,defense4-s3-cell,d4-cell-v1,0,0
113,1800000113001250,1250,ack,reverse,1,5,256,02:00:00:00:00:01,02:00:00:00:00:02,0x88b5,D4C1,1,1,1,1809,18,208,16,defense4-s3-cell,d4-cell-v1,0,0
113,1800000113200000,200000,response,reverse,0,6,256,02:00:00:00:00:01,02:00:00:00:00:02,0x88b5,D4C1,1,1,1,1810,18,208,16,defense4-s3-cell,d4-cell-v1,0,0
113,1800000113200250,200250,response,reverse,1,7,256,02:00:00:00:00:01,02:00:00:00:00:02,0x88b5,D4C1,1,1,1,1811,18,208,16,defense4-s3-cell,d4-cell-v1,0,0
113,1800000113200500,200500,response,reverse,2,8,256,02:00:00:00:00:01,02:00:00:00:00:02,0x88b5,D4C1,1,1,1,1812,18,208,16,defense4-s3-cell,d4-cell-v1,0,0
113,1800000113200750,200750,response,reverse,3,9,256,02:00:00:00:00:01,02:00:00:00:00:02,0x88b5,D4C1,1,1,1,1813,18,208,16,defense4-s3-cell,d4-cell-v1,0,0
113,1800000113201000,201000,response,reverse,4,10,256,02:00:00:00:00:01,02:00:00:00:00:02,0x88b5,D4C1,1,1,1,1814,18,208,16,defense4-s3-cell,d4-cell-v1,0,0
113,1800000113201250,201250,response,reverse,5,11,256,02:00:00:00:00:01,02:00:00:00:00:02,0x88b5,D4C1,1,1,1,1815,18,208,16,defense4-s3-cell,d4-cell-v1,0,0
113,1800000113201500,201500,response,reverse,6,12,256,02:00:00:00:00:01,02:00:00:00:00:02,0x88b5,D4C1,1,1,1,1816,18,208,16,defense4-s3-cell,d4-cell-v1,0,0
113,1800000113201750,201750,response,reverse,7,13,256,02:00:00:00:00:01,02:00:00:00:00:02,0x88b5,D4C1,1,1,1,1817,18,208,16,defense4-s3-cell,d4-cell-v1,0,0
113,1800000113202000,202000,response,reverse,8,14,256,02:00:00:00:00:01,02:00:00:00:00:02,0x88b5,D4C1,1,1,1,1818,18,208,16,defense4-s3-cell,d4-cell-v1,0,0
113,1800000113202250,202250,response,reverse,9,15,256,02:00:00:00:00:01,02:00:00:00:00:02,0x88b5,D4C1,1,1,1,1819,18,208,16,defense4-s3-cell,d4-cell-v1,0,0
113,1800000113202500,202500,response,reverse,10,16,256,02:00:00:00:00:01,02:00:00:00:00:02,0x88b5,D4C1,1,1,1,1820,18,208,16,defense4-s3-cell,d4-cell-v1,0,0
113,1800000113202750,202750,response,reverse,11,17,256,02:00:00:00:00:01,02:00:00:00:00:02,0x88b5,D4C1,1,1,1,1821,18,208,16,defense4-s3-cell,d4-cell-v1,0,0
113,1800000113203000,203000,response,reverse,12,18,256,02:00:00:00:00:01,02:00:00:00:00:02,0x88b5,D4C1,1,1,1,1822,18,208,16,defense4-s3-cell,d4-cell-v1,0,0
113,1800000113203250,203250,response,reverse,13,19,256,02:00:00:00:00:01,02:00:00:00:00:02,0x88b5,D4C1,1,1,1,1823,18,208,16,defense4-s3-cell,d4-cell-v1,0,0
113,1800000113203500,203500,tail,forward,0,20,256,02:00:00:00:00:02,02:00:00:00:00:01,0x88b5,D4C1,1,1,1,682,18,208,16,defense4-s3-cell,d4-cell-v1,0,0
113,1800000113203750,203750,tail,forward,1,21,256,02:00:00:00:00:02,02:00:00:00:00:01,0x88b5,D4C1,1,1,1,683,18,208,16,defense4-s3-cell,d4-cell-v1,0,0
114,1800000114000000,0,request,forward,0,0,256,02:00:00:00:00:02,02:00:00:00:00:01,0x88b5,D4C1,1,1,1,684,18,208,16,defense4-s3-cell,d4-cell-v1,0,0
114,1800000114000250,250,request,forward,1,1,256,02:00:00:00:00:02,02:00:00:00:00:01,0x88b5,D4C1,1,1,1,685,18,208,16,defense4-s3-cell,d4-cell-v1,0,0
114,1800000114000500,500,request,forward,2,2,256,02:00:00:00:00:02,02:00:00:00:00:01,0x88b5,D4C1,1,1,1,686,18,208,16,defense4-s3-cell,d4-cell-v1,0,0
114,1800000114000750,750,request,forward,3,3,256,02:00:00:00:00:02,02:00:00:00:00:01,0x88b5,D4C1,1,1,1,687,18,208,16,defense4-s3-cell,d4-cell-v1,0,0
114,1800000114001000,1000,ack,reverse,0,4,256,02:00:00:00:00:01,02:00:00:00:00:02,0x88b5,D4C1,1,1,1,1824,18,208,16,defense4-s3-cell,d4-cell-v1,0,0
114,1800000114001250,1250,ack,reverse,1,5,256,02:00:00:00:00:01,02:00:00:00:00:02,0x88b5,D4C1,1,1,1,1825,18,208,16,defense4-s3-cell,d4-cell-v1,0,0
114,1800000114200000,200000,response,reverse,0,6,256,02:00:00:00:00:01,02:00:00:00:00:02,0x88b5,D4C1,1,1,1,1826,18,208,16,defense4-s3-cell,d4-cell-v1,0,0
114,1800000114200250,200250,response,reverse,1,7,256,02:00:00:00:00:01,02:00:00:00:00:02,0x88b5,D4C1,1,1,1,1827,18,208,16,defense4-s3-cell,d4-cell-v1,0,0
114,1800000114200500,200500,response,reverse,2,8,256,02:00:00:00:00:01,02:00:00:00:00:02,0x88b5,D4C1,1,1,1,1828,18,208,16,defense4-s3-cell,d4-cell-v1,0,0
114,1800000114200750,200750,response,reverse,3,9,256,02:00:00:00:00:01,02:00:00:00:00:02,0x88b5,D4C1,1,1,1,1829,18,208,16,defense4-s3-cell,d4-cell-v1,0,0
114,1800000114201000,201000,response,reverse,4,10,256,02:00:00:00:00:01,02:00:00:00:00:02,0x88b5,D4C1,1,1,1,1830,18,208,16,defense4-s3-cell,d4-cell-v1,0,0
114,1800000114201250,201250,response,reverse,5,11,256,02:00:00:00:00:01,02:00:00:00:00:02,0x88b5,D4C1,1,1,1,1831,18,208,16,defense4-s3-cell,d4-cell-v1,0,0
114,1800000114201500,201500,response,reverse,6,12,256,02:00:00:00:00:01,02:00:00:00:00:02,0x88b5,D4C1,1,1,1,1832,18,208,16,defense4-s3-cell,d4-cell-v1,0,0
114,1800000114201750,201750,response,reverse,7,13,256,02:00:00:00:00:01,02:00:00:00:00:02,0x88b5,D4C1,1,1,1,1833,18,208,16,defense4-s3-cell,d4-cell-v1,0,0
114,1800000114202000,202000,response,reverse,8,14,256,02:00:00:00:00:01,02:00:00:00:00:02,0x88b5,D4C1,1,1,1,1834,18,208,16,defense4-s3-cell,d4-cell-v1,0,0
114,1800000114202250,202250,response,reverse,9,15,256,02:00:00:00:00:01,02:00:00:00:00:02,0x88b5,D4C1,1,1,1,1835,18,208,16,defense4-s3-cell,d4-cell-v1,0,0
114,1800000114202500,202500,response,reverse,10,16,256,02:00:00:00:00:01,02:00:00:00:00:02,0x88b5,D4C1,1,1,1,1836,18,208,16,defense4-s3-cell,d4-cell-v1,0,0
114,1800000114202750,202750,response,reverse,11,17,256,02:00:00:00:00:01,02:00:00:00:00:02,0x88b5,D4C1,1,1,1,1837,18,208,16,defense4-s3-cell,d4-cell-v1,0,0
114,1800000114203000,203000,response,reverse,12,18,256,02:00:00:00:00:01,02:00:00:00:00:02,0x88b5,D4C1,1,1,1,1838,18,208,16,defense4-s3-cell,d4-cell-v1,0,0
114,1800000114203250,203250,response,reverse,13,19,256,02:00:00:00:00:01,02:00:00:00:00:02,0x88b5,D4C1,1,1,1,1839,18,208,16,defense4-s3-cell,d4-cell-v1,0,0
114,1800000114203500,203500,tail,forward,0,20,256,02:00:00:00:00:02,02:00:00:00:00:01,0x88b5,D4C1,1,1,1,688,18,208,16,defense4-s3-cell,d4-cell-v1,0,0
114,1800000114203750,203750,tail,forward,1,21,256,02:00:00:00:00:02,02:00:00:00:00:01,0x88b5,D4C1,1,1,1,689,18,208,16,defense4-s3-cell,d4-cell-v1,0,0
115,1800000115000000,0,request,forward,0,0,256,02:00:00:00:00:02,02:00:00:00:00:01,0x88b5,D4C1,1,1,1,690,18,208,16,defense4-s3-cell,d4-cell-v1,0,0
115,1800000115000250,250,request,forward,1,1,256,02:00:00:00:00:02,02:00:00:00:00:01,0x88b5,D4C1,1,1,1,691,18,208,16,defense4-s3-cell,d4-cell-v1,0,0
115,1800000115000500,500,request,forward,2,2,256,02:00:00:00:00:02,02:00:00:00:00:01,0x88b5,D4C1,1,1,1,692,18,208,16,defense4-s3-cell,d4-cell-v1,0,0
115,1800000115000750,750,request,forward,3,3,256,02:00:00:00:00:02,02:00:00:00:00:01,0x88b5,D4C1,1,1,1,693,18,208,16,defense4-s3-cell,d4-cell-v1,0,0
115,1800000115001000,1000,ack,reverse,0,4,256,02:00:00:00:00:01,02:00:00:00:00:02,0x88b5,D4C1,1,1,1,1840,18,208,16,defense4-s3-cell,d4-cell-v1,0,0
115,1800000115001250,1250,ack,reverse,1,5,256,02:00:00:00:00:01,02:00:00:00:00:02,0x88b5,D4C1,1,1,1,1841,18,208,16,defense4-s3-cell,d4-cell-v1,0,0
115,1800000115200000,200000,response,reverse,0,6,256,02:00:00:00:00:01,02:00:00:00:00:02,0x88b5,D4C1,1,1,1,1842,18,208,16,defense4-s3-cell,d4-cell-v1,0,0
115,1800000115200250,200250,response,reverse,1,7,256,02:00:00:00:00:01,02:00:00:00:00:02,0x88b5,D4C1,1,1,1,1843,18,208,16,defense4-s3-cell,d4-cell-v1,0,0
115,1800000115200500,200500,response,reverse,2,8,256,02:00:00:00:00:01,02:00:00:00:00:02,0x88b5,D4C1,1,1,1,1844,18,208,16,defense4-s3-cell,d4-cell-v1,0,0
115,1800000115200750,200750,response,reverse,3,9,256,02:00:00:00:00:01,02:00:00:00:00:02,0x88b5,D4C1,1,1,1,1845,18,208,16,defense4-s3-cell,d4-cell-v1,0,0
115,1800000115201000,201000,response,reverse,4,10,256,02:00:00:00:00:01,02:00:00:00:00:02,0x88b5,D4C1,1,1,1,1846,18,208,16,defense4-s3-cell,d4-cell-v1,0,0
115,1800000115201250,201250,response,reverse,5,11,256,02:00:00:00:00:01,02:00:00:00:00:02,0x88b5,D4C1,1,1,1,1847,18,208,16,defense4-s3-cell,d4-cell-v1,0,0
115,1800000115201500,201500,response,reverse,6,12,256,02:00:00:00:00:01,02:00:00:00:00:02,0x88b5,D4C1,1,1,1,1848,18,208,16,defense4-s3-cell,d4-cell-v1,0,0
115,1800000115201750,201750,response,reverse,7,13,256,02:00:00:00:00:01,02:00:00:00:00:02,0x88b5,D4C1,1,1,1,1849,18,208,16,defense4-s3-cell,d4-cell-v1,0,0
115,1800000115202000,202000,response,reverse,8,14,256,02:00:00:00:00:01,02:00:00:00:00:02,0x88b5,D4C1,1,1,1,1850,18,208,16,defense4-s3-cell,d4-cell-v1,0,0
115,1800000115202250,202250,response,reverse,9,15,256,02:00:00:00:00:01,02:00:00:00:00:02,0x88b5,D4C1,1,1,1,1851,18,208,16,defense4-s3-cell,d4-cell-v1,0,0
115,1800000115202500,202500,response,reverse,10,16,256,02:00:00:00:00:01,02:00:00:00:00:02,0x88b5,D4C1,1,1,1,1852,18,208,16,defense4-s3-cell,d4-cell-v1,0,0
115,1800000115202750,202750,response,reverse,11,17,256,02:00:00:00:00:01,02:00:00:00:00:02,0x88b5,D4C1,1,1,1,1853,18,208,16,defense4-s3-cell,d4-cell-v1,0,0
115,1800000115203000,203000,response,reverse,12,18,256,02:00:00:00:00:01,02:00:00:00:00:02,0x88b5,D4C1,1,1,1,1854,18,208,16,defense4-s3-cell,d4-cell-v1,0,0
115,1800000115203250,203250,response,reverse,13,19,256,02:00:00:00:00:01,02:00:00:00:00:02,0x88b5,D4C1,1,1,1,1855,18,208,16,defense4-s3-cell,d4-cell-v1,0,0
115,1800000115203500,203500,tail,forward,0,20,256,02:00:00:00:00:02,02:00:00:00:00:01,0x88b5,D4C1,1,1,1,694,18,208,16,defense4-s3-cell,d4-cell-v1,0,0
115,1800000115203750,203750,tail,forward,1,21,256,02:00:00:00:00:02,02:00:00:00:00:01,0x88b5,D4C1,1,1,1,695,18,208,16,defense4-s3-cell,d4-cell-v1,0,0
116,1800000116000000,0,request,forward,0,0,256,02:00:00:00:00:02,02:00:00:00:00:01,0x88b5,D4C1,1,1,1,696,18,208,16,defense4-s3-cell,d4-cell-v1,0,0
116,1800000116000250,250,request,forward,1,1,256,02:00:00:00:00:02,02:00:00:00:00:01,0x88b5,D4C1,1,1,1,697,18,208,16,defense4-s3-cell,d4-cell-v1,0,0
116,1800000116000500,500,request,forward,2,2,256,02:00:00:00:00:02,02:00:00:00:00:01,0x88b5,D4C1,1,1,1,698,18,208,16,defense4-s3-cell,d4-cell-v1,0,0
116,1800000116000750,750,request,forward,3,3,256,02:00:00:00:00:02,02:00:00:00:00:01,0x88b5,D4C1,1,1,1,699,18,208,16,defense4-s3-cell,d4-cell-v1,0,0
116,1800000116001000,1000,ack,reverse,0,4,256,02:00:00:00:00:01,02:00:00:00:00:02,0x88b5,D4C1,1,1,1,1856,18,208,16,defense4-s3-cell,d4-cell-v1,0,0
116,1800000116001250,1250,ack,reverse,1,5,256,02:00:00:00:00:01,02:00:00:00:00:02,0x88b5,D4C1,1,1,1,1857,18,208,16,defense4-s3-cell,d4-cell-v1,0,0
116,1800000116200000,200000,response,reverse,0,6,256,02:00:00:00:00:01,02:00:00:00:00:02,0x88b5,D4C1,1,1,1,1858,18,208,16,defense4-s3-cell,d4-cell-v1,0,0
116,1800000116200250,200250,response,reverse,1,7,256,02:00:00:00:00:01,02:00:00:00:00:02,0x88b5,D4C1,1,1,1,1859,18,208,16,defense4-s3-cell,d4-cell-v1,0,0
116,1800000116200500,200500,response,reverse,2,8,256,02:00:00:00:00:01,02:00:00:00:00:02,0x88b5,D4C1,1,1,1,1860,18,208,16,defense4-s3-cell,d4-cell-v1,0,0
116,1800000116200750,200750,response,reverse,3,9,256,02:00:00:00:00:01,02:00:00:00:00:02,0x88b5,D4C1,1,1,1,1861,18,208,16,defense4-s3-cell,d4-cell-v1,0,0
116,1800000116201000,201000,response,reverse,4,10,256,02:00:00:00:00:01,02:00:00:00:00:02,0x88b5,D4C1,1,1,1,1862,18,208,16,defense4-s3-cell,d4-cell-v1,0,0
116,1800000116201250,201250,response,reverse,5,11,256,02:00:00:00:00:01,02:00:00:00:00:02,0x88b5,D4C1,1,1,1,1863,18,208,16,defense4-s3-cell,d4-cell-v1,0,0
116,1800000116201500,201500,response,reverse,6,12,256,02:00:00:00:00:01,02:00:00:00:00:02,0x88b5,D4C1,1,1,1,1864,18,208,16,defense4-s3-cell,d4-cell-v1,0,0
116,1800000116201750,201750,response,reverse,7,13,256,02:00:00:00:00:01,02:00:00:00:00:02,0x88b5,D4C1,1,1,1,1865,18,208,16,defense4-s3-cell,d4-cell-v1,0,0
116,1800000116202000,202000,response,reverse,8,14,256,02:00:00:00:00:01,02:00:00:00:00:02,0x88b5,D4C1,1,1,1,1866,18,208,16,defense4-s3-cell,d4-cell-v1,0,0
116,1800000116202250,202250,response,reverse,9,15,256,02:00:00:00:00:01,02:00:00:00:00:02,0x88b5,D4C1,1,1,1,1867,18,208,16,defense4-s3-cell,d4-cell-v1,0,0
116,1800000116202500,202500,response,reverse,10,16,256,02:00:00:00:00:01,02:00:00:00:00:02,0x88b5,D4C1,1,1,1,1868,18,208,16,defense4-s3-cell,d4-cell-v1,0,0
116,1800000116202750,202750,response,reverse,11,17,256,02:00:00:00:00:01,02:00:00:00:00:02,0x88b5,D4C1,1,1,1,1869,18,208,16,defense4-s3-cell,d4-cell-v1,0,0
116,1800000116203000,203000,response,reverse,12,18,256,02:00:00:00:00:01,02:00:00:00:00:02,0x88b5,D4C1,1,1,1,1870,18,208,16,defense4-s3-cell,d4-cell-v1,0,0
116,1800000116203250,203250,response,reverse,13,19,256,02:00:00:00:00:01,02:00:00:00:00:02,0x88b5,D4C1,1,1,1,1871,18,208,16,defense4-s3-cell,d4-cell-v1,0,0
116,1800000116203500,203500,tail,forward,0,20,256,02:00:00:00:00:02,02:00:00:00:00:01,0x88b5,D4C1,1,1,1,700,18,208,16,defense4-s3-cell,d4-cell-v1,0,0
116,1800000116203750,203750,tail,forward,1,21,256,02:00:00:00:00:02,02:00:00:00:00:01,0x88b5,D4C1,1,1,1,701,18,208,16,defense4-s3-cell,d4-cell-v1,0,0
117,1800000117000000,0,request,forward,0,0,256,02:00:00:00:00:02,02:00:00:00:00:01,0x88b5,D4C1,1,1,1,702,18,208,16,defense4-s3-cell,d4-cell-v1,0,0
117,1800000117000250,250,request,forward,1,1,256,02:00:00:00:00:02,02:00:00:00:00:01,0x88b5,D4C1,1,1,1,703,18,208,16,defense4-s3-cell,d4-cell-v1,0,0
117,1800000117000500,500,request,forward,2,2,256,02:00:00:00:00:02,02:00:00:00:00:01,0x88b5,D4C1,1,1,1,704,18,208,16,defense4-s3-cell,d4-cell-v1,0,0
117,1800000117000750,750,request,forward,3,3,256,02:00:00:00:00:02,02:00:00:00:00:01,0x88b5,D4C1,1,1,1,705,18,208,16,defense4-s3-cell,d4-cell-v1,0,0
117,1800000117001000,1000,ack,reverse,0,4,256,02:00:00:00:00:01,02:00:00:00:00:02,0x88b5,D4C1,1,1,1,1872,18,208,16,defense4-s3-cell,d4-cell-v1,0,0
117,1800000117001250,1250,ack,reverse,1,5,256,02:00:00:00:00:01,02:00:00:00:00:02,0x88b5,D4C1,1,1,1,1873,18,208,16,defense4-s3-cell,d4-cell-v1,0,0
117,1800000117200000,200000,response,reverse,0,6,256,02:00:00:00:00:01,02:00:00:00:00:02,0x88b5,D4C1,1,1,1,1874,18,208,16,defense4-s3-cell,d4-cell-v1,0,0
117,1800000117200250,200250,response,reverse,1,7,256,02:00:00:00:00:01,02:00:00:00:00:02,0x88b5,D4C1,1,1,1,1875,18,208,16,defense4-s3-cell,d4-cell-v1,0,0
117,1800000117200500,200500,response,reverse,2,8,256,02:00:00:00:00:01,02:00:00:00:00:02,0x88b5,D4C1,1,1,1,1876,18,208,16,defense4-s3-cell,d4-cell-v1,0,0
117,1800000117200750,200750,response,reverse,3,9,256,02:00:00:00:00:01,02:00:00:00:00:02,0x88b5,D4C1,1,1,1,1877,18,208,16,defense4-s3-cell,d4-cell-v1,0,0
117,1800000117201000,201000,response,reverse,4,10,256,02:00:00:00:00:01,02:00:00:00:00:02,0x88b5,D4C1,1,1,1,1878,18,208,16,defense4-s3-cell,d4-cell-v1,0,0
117,1800000117201250,201250,response,reverse,5,11,256,02:00:00:00:00:01,02:00:00:00:00:02,0x88b5,D4C1,1,1,1,1879,18,208,16,defense4-s3-cell,d4-cell-v1,0,0
117,1800000117201500,201500,response,reverse,6,12,256,02:00:00:00:00:01,02:00:00:00:00:02,0x88b5,D4C1,1,1,1,1880,18,208,16,defense4-s3-cell,d4-cell-v1,0,0
117,1800000117201750,201750,response,reverse,7,13,256,02:00:00:00:00:01,02:00:00:00:00:02,0x88b5,D4C1,1,1,1,1881,18,208,16,defense4-s3-cell,d4-cell-v1,0,0
117,1800000117202000,202000,response,reverse,8,14,256,02:00:00:00:00:01,02:00:00:00:00:02,0x88b5,D4C1,1,1,1,1882,18,208,16,defense4-s3-cell,d4-cell-v1,0,0
117,1800000117202250,202250,response,reverse,9,15,256,02:00:00:00:00:01,02:00:00:00:00:02,0x88b5,D4C1,1,1,1,1883,18,208,16,defense4-s3-cell,d4-cell-v1,0,0
117,1800000117202500,202500,response,reverse,10,16,256,02:00:00:00:00:01,02:00:00:00:00:02,0x88b5,D4C1,1,1,1,1884,18,208,16,defense4-s3-cell,d4-cell-v1,0,0
117,1800000117202750,202750,response,reverse,11,17,256,02:00:00:00:00:01,02:00:00:00:00:02,0x88b5,D4C1,1,1,1,1885,18,208,16,defense4-s3-cell,d4-cell-v1,0,0
117,1800000117203000,203000,response,reverse,12,18,256,02:00:00:00:00:01,02:00:00:00:00:02,0x88b5,D4C1,1,1,1,1886,18,208,16,defense4-s3-cell,d4-cell-v1,0,0
117,1800000117203250,203250,response,reverse,13,19,256,02:00:00:00:00:01,02:00:00:00:00:02,0x88b5,D4C1,1,1,1,1887,18,208,16,defense4-s3-cell,d4-cell-v1,0,0
117,1800000117203500,203500,tail,forward,0,20,256,02:00:00:00:00:02,02:00:00:00:00:01,0x88b5,D4C1,1,1,1,706,18,208,16,defense4-s3-cell,d4-cell-v1,0,0
117,1800000117203750,203750,tail,forward,1,21,256,02:00:00:00:00:02,02:00:00:00:00:01,0x88b5,D4C1,1,1,1,707,18,208,16,defense4-s3-cell,d4-cell-v1,0,0
118,1800000118000000,0,request,forward,0,0,256,02:00:00:00:00:02,02:00:00:00:00:01,0x88b5,D4C1,1,1,1,708,18,208,16,defense4-s3-cell,d4-cell-v1,0,0
118,1800000118000250,250,request,forward,1,1,256,02:00:00:00:00:02,02:00:00:00:00:01,0x88b5,D4C1,1,1,1,709,18,208,16,defense4-s3-cell,d4-cell-v1,0,0
118,1800000118000500,500,request,forward,2,2,256,02:00:00:00:00:02,02:00:00:00:00:01,0x88b5,D4C1,1,1,1,710,18,208,16,defense4-s3-cell,d4-cell-v1,0,0
118,1800000118000750,750,request,forward,3,3,256,02:00:00:00:00:02,02:00:00:00:00:01,0x88b5,D4C1,1,1,1,711,18,208,16,defense4-s3-cell,d4-cell-v1,0,0
118,1800000118001000,1000,ack,reverse,0,4,256,02:00:00:00:00:01,02:00:00:00:00:02,0x88b5,D4C1,1,1,1,1888,18,208,16,defense4-s3-cell,d4-cell-v1,0,0
118,1800000118001250,1250,ack,reverse,1,5,256,02:00:00:00:00:01,02:00:00:00:00:02,0x88b5,D4C1,1,1,1,1889,18,208,16,defense4-s3-cell,d4-cell-v1,0,0
118,1800000118200000,200000,response,reverse,0,6,256,02:00:00:00:00:01,02:00:00:00:00:02,0x88b5,D4C1,1,1,1,1890,18,208,16,defense4-s3-cell,d4-cell-v1,0,0
118,1800000118200250,200250,response,reverse,1,7,256,02:00:00:00:00:01,02:00:00:00:00:02,0x88b5,D4C1,1,1,1,1891,18,208,16,defense4-s3-cell,d4-cell-v1,0,0
118,1800000118200500,200500,response,reverse,2,8,256,02:00:00:00:00:01,02:00:00:00:00:02,0x88b5,D4C1,1,1,1,1892,18,208,16,defense4-s3-cell,d4-cell-v1,0,0
118,1800000118200750,200750,response,reverse,3,9,256,02:00:00:00:00:01,02:00:00:00:00:02,0x88b5,D4C1,1,1,1,1893,18,208,16,defense4-s3-cell,d4-cell-v1,0,0
118,1800000118201000,201000,response,reverse,4,10,256,02:00:00:00:00:01,02:00:00:00:00:02,0x88b5,D4C1,1,1,1,1894,18,208,16,defense4-s3-cell,d4-cell-v1,0,0
118,1800000118201250,201250,response,reverse,5,11,256,02:00:00:00:00:01,02:00:00:00:00:02,0x88b5,D4C1,1,1,1,1895,18,208,16,defense4-s3-cell,d4-cell-v1,0,0
118,1800000118201500,201500,response,reverse,6,12,256,02:00:00:00:00:01,02:00:00:00:00:02,0x88b5,D4C1,1,1,1,1896,18,208,16,defense4-s3-cell,d4-cell-v1,0,0
118,1800000118201750,201750,response,reverse,7,13,256,02:00:00:00:00:01,02:00:00:00:00:02,0x88b5,D4C1,1,1,1,1897,18,208,16,defense4-s3-cell,d4-cell-v1,0,0
118,1800000118202000,202000,response,reverse,8,14,256,02:00:00:00:00:01,02:00:00:00:00:02,0x88b5,D4C1,1,1,1,1898,18,208,16,defense4-s3-cell,d4-cell-v1,0,0
118,1800000118202250,202250,response,reverse,9,15,256,02:00:00:00:00:01,02:00:00:00:00:02,0x88b5,D4C1,1,1,1,1899,18,208,16,defense4-s3-cell,d4-cell-v1,0,0
118,1800000118202500,202500,response,reverse,10,16,256,02:00:00:00:00:01,02:00:00:00:00:02,0x88b5,D4C1,1,1,1,1900,18,208,16,defense4-s3-cell,d4-cell-v1,0,0
118,1800000118202750,202750,response,reverse,11,17,256,02:00:00:00:00:01,02:00:00:00:00:02,0x88b5,D4C1,1,1,1,1901,18,208,16,defense4-s3-cell,d4-cell-v1,0,0
118,1800000118203000,203000,response,reverse,12,18,256,02:00:00:00:00:01,02:00:00:00:00:02,0x88b5,D4C1,1,1,1,1902,18,208,16,defense4-s3-cell,d4-cell-v1,0,0
118,1800000118203250,203250,response,reverse,13,19,256,02:00:00:00:00:01,02:00:00:00:00:02,0x88b5,D4C1,1,1,1,1903,18,208,16,defense4-s3-cell,d4-cell-v1,0,0
118,1800000118203500,203500,tail,forward,0,20,256,02:00:00:00:00:02,02:00:00:00:00:01,0x88b5,D4C1,1,1,1,712,18,208,16,defense4-s3-cell,d4-cell-v1,0,0
118,1800000118203750,203750,tail,forward,1,21,256,02:00:00:00:00:02,02:00:00:00:00:01,0x88b5,D4C1,1,1,1,713,18,208,16,defense4-s3-cell,d4-cell-v1,0,0
119,1800000119000000,0,request,forward,0,0,256,02:00:00:00:00:02,02:00:00:00:00:01,0x88b5,D4C1,1,1,1,714,18,208,16,defense4-s3-cell,d4-cell-v1,0,0
119,1800000119000250,250,request,forward,1,1,256,02:00:00:00:00:02,02:00:00:00:00:01,0x88b5,D4C1,1,1,1,715,18,208,16,defense4-s3-cell,d4-cell-v1,0,0
119,1800000119000500,500,request,forward,2,2,256,02:00:00:00:00:02,02:00:00:00:00:01,0x88b5,D4C1,1,1,1,716,18,208,16,defense4-s3-cell,d4-cell-v1,0,0
119,1800000119000750,750,request,forward,3,3,256,02:00:00:00:00:02,02:00:00:00:00:01,0x88b5,D4C1,1,1,1,717,18,208,16,defense4-s3-cell,d4-cell-v1,0,0
119,1800000119001000,1000,ack,reverse,0,4,256,02:00:00:00:00:01,02:00:00:00:00:02,0x88b5,D4C1,1,1,1,1904,18,208,16,defense4-s3-cell,d4-cell-v1,0,0
119,1800000119001250,1250,ack,reverse,1,5,256,02:00:00:00:00:01,02:00:00:00:00:02,0x88b5,D4C1,1,1,1,1905,18,208,16,defense4-s3-cell,d4-cell-v1,0,0
119,1800000119200000,200000,response,reverse,0,6,256,02:00:00:00:00:01,02:00:00:00:00:02,0x88b5,D4C1,1,1,1,1906,18,208,16,defense4-s3-cell,d4-cell-v1,0,0
119,1800000119200250,200250,response,reverse,1,7,256,02:00:00:00:00:01,02:00:00:00:00:02,0x88b5,D4C1,1,1,1,1907,18,208,16,defense4-s3-cell,d4-cell-v1,0,0
119,1800000119200500,200500,response,reverse,2,8,256,02:00:00:00:00:01,02:00:00:00:00:02,0x88b5,D4C1,1,1,1,1908,18,208,16,defense4-s3-cell,d4-cell-v1,0,0
119,1800000119200750,200750,response,reverse,3,9,256,02:00:00:00:00:01,02:00:00:00:00:02,0x88b5,D4C1,1,1,1,1909,18,208,16,defense4-s3-cell,d4-cell-v1,0,0
119,1800000119201000,201000,response,reverse,4,10,256,02:00:00:00:00:01,02:00:00:00:00:02,0x88b5,D4C1,1,1,1,1910,18,208,16,defense4-s3-cell,d4-cell-v1,0,0
119,1800000119201250,201250,response,reverse,5,11,256,02:00:00:00:00:01,02:00:00:00:00:02,0x88b5,D4C1,1,1,1,1911,18,208,16,defense4-s3-cell,d4-cell-v1,0,0
119,1800000119201500,201500,response,reverse,6,12,256,02:00:00:00:00:01,02:00:00:00:00:02,0x88b5,D4C1,1,1,1,1912,18,208,16,defense4-s3-cell,d4-cell-v1,0,0
119,1800000119201750,201750,response,reverse,7,13,256,02:00:00:00:00:01,02:00:00:00:00:02,0x88b5,D4C1,1,1,1,1913,18,208,16,defense4-s3-cell,d4-cell-v1,0,0
119,1800000119202000,202000,response,reverse,8,14,256,02:00:00:00:00:01,02:00:00:00:00:02,0x88b5,D4C1,1,1,1,1914,18,208,16,defense4-s3-cell,d4-cell-v1,0,0
119,1800000119202250,202250,response,reverse,9,15,256,02:00:00:00:00:01,02:00:00:00:00:02,0x88b5,D4C1,1,1,1,1915,18,208,16,defense4-s3-cell,d4-cell-v1,0,0
119,1800000119202500,202500,response,reverse,10,16,256,02:00:00:00:00:01,02:00:00:00:00:02,0x88b5,D4C1,1,1,1,1916,18,208,16,defense4-s3-cell,d4-cell-v1,0,0
119,1800000119202750,202750,response,reverse,11,17,256,02:00:00:00:00:01,02:00:00:00:00:02,0x88b5,D4C1,1,1,1,1917,18,208,16,defense4-s3-cell,d4-cell-v1,0,0
119,1800000119203000,203000,response,reverse,12,18,256,02:00:00:00:00:01,02:00:00:00:00:02,0x88b5,D4C1,1,1,1,1918,18,208,16,defense4-s3-cell,d4-cell-v1,0,0
119,1800000119203250,203250,response,reverse,13,19,256,02:00:00:00:00:01,02:00:00:00:00:02,0x88b5,D4C1,1,1,1,1919,18,208,16,defense4-s3-cell,d4-cell-v1,0,0
119,1800000119203500,203500,tail,forward,0,20,256,02:00:00:00:00:02,02:00:00:00:00:01,0x88b5,D4C1,1,1,1,718,18,208,16,defense4-s3-cell,d4-cell-v1,0,0
119,1800000119203750,203750,tail,forward,1,21,256,02:00:00:00:00:02,02:00:00:00:00:01,0x88b5,D4C1,1,1,1,719,18,208,16,defense4-s3-cell,d4-cell-v1,0,0
120,1800000120000000,0,request,forward,0,0,256,02:00:00:00:00:02,02:00:00:00:00:01,0x88b5,D4C1,1,1,1,720,18,208,16,defense4-s3-cell,d4-cell-v1,0,0
120,1800000120000250,250,request,forward,1,1,256,02:00:00:00:00:02,02:00:00:00:00:01,0x88b5,D4C1,1,1,1,721,18,208,16,defense4-s3-cell,d4-cell-v1,0,0
120,1800000120000500,500,request,forward,2,2,256,02:00:00:00:00:02,02:00:00:00:00:01,0x88b5,D4C1,1,1,1,722,18,208,16,defense4-s3-cell,d4-cell-v1,0,0
120,1800000120000750,750,request,forward,3,3,256,02:00:00:00:00:02,02:00:00:00:00:01,0x88b5,D4C1,1,1,1,723,18,208,16,defense4-s3-cell,d4-cell-v1,0,0
120,1800000120001000,1000,ack,reverse,0,4,256,02:00:00:00:00:01,02:00:00:00:00:02,0x88b5,D4C1,1,1,1,1920,18,208,16,defense4-s3-cell,d4-cell-v1,0,0
120,1800000120001250,1250,ack,reverse,1,5,256,02:00:00:00:00:01,02:00:00:00:00:02,0x88b5,D4C1,1,1,1,1921,18,208,16,defense4-s3-cell,d4-cell-v1,0,0
120,1800000120200000,200000,response,reverse,0,6,256,02:00:00:00:00:01,02:00:00:00:00:02,0x88b5,D4C1,1,1,1,1922,18,208,16,defense4-s3-cell,d4-cell-v1,0,0
120,1800000120200250,200250,response,reverse,1,7,256,02:00:00:00:00:01,02:00:00:00:00:02,0x88b5,D4C1,1,1,1,1923,18,208,16,defense4-s3-cell,d4-cell-v1,0,0
120,1800000120200500,200500,response,reverse,2,8,256,02:00:00:00:00:01,02:00:00:00:00:02,0x88b5,D4C1,1,1,1,1924,18,208,16,defense4-s3-cell,d4-cell-v1,0,0
120,1800000120200750,200750,response,reverse,3,9,256,02:00:00:00:00:01,02:00:00:00:00:02,0x88b5,D4C1,1,1,1,1925,18,208,16,defense4-s3-cell,d4-cell-v1,0,0
120,1800000120201000,201000,response,reverse,4,10,256,02:00:00:00:00:01,02:00:00:00:00:02,0x88b5,D4C1,1,1,1,1926,18,208,16,defense4-s3-cell,d4-cell-v1,0,0
120,1800000120201250,201250,response,reverse,5,11,256,02:00:00:00:00:01,02:00:00:00:00:02,0x88b5,D4C1,1,1,1,1927,18,208,16,defense4-s3-cell,d4-cell-v1,0,0
120,1800000120201500,201500,response,reverse,6,12,256,02:00:00:00:00:01,02:00:00:00:00:02,0x88b5,D4C1,1,1,1,1928,18,208,16,defense4-s3-cell,d4-cell-v1,0,0
120,1800000120201750,201750,response,reverse,7,13,256,02:00:00:00:00:01,02:00:00:00:00:02,0x88b5,D4C1,1,1,1,1929,18,208,16,defense4-s3-cell,d4-cell-v1,0,0
120,1800000120202000,202000,response,reverse,8,14,256,02:00:00:00:00:01,02:00:00:00:00:02,0x88b5,D4C1,1,1,1,1930,18,208,16,defense4-s3-cell,d4-cell-v1,0,0
120,1800000120202250,202250,response,reverse,9,15,256,02:00:00:00:00:01,02:00:00:00:00:02,0x88b5,D4C1,1,1,1,1931,18,208,16,defense4-s3-cell,d4-cell-v1,0,0
120,1800000120202500,202500,response,reverse,10,16,256,02:00:00:00:00:01,02:00:00:00:00:02,0x88b5,D4C1,1,1,1,1932,18,208,16,defense4-s3-cell,d4-cell-v1,0,0
120,1800000120202750,202750,response,reverse,11,17,256,02:00:00:00:00:01,02:00:00:00:00:02,0x88b5,D4C1,1,1,1,1933,18,208,16,defense4-s3-cell,d4-cell-v1,0,0
120,1800000120203000,203000,response,reverse,12,18,256,02:00:00:00:00:01,02:00:00:00:00:02,0x88b5,D4C1,1,1,1,1934,18,208,16,defense4-s3-cell,d4-cell-v1,0,0
120,1800000120203250,203250,response,reverse,13,19,256,02:00:00:00:00:01,02:00:00:00:00:02,0x88b5,D4C1,1,1,1,1935,18,208,16,defense4-s3-cell,d4-cell-v1,0,0
120,1800000120203500,203500,tail,forward,0,20,256,02:00:00:00:00:02,02:00:00:00:00:01,0x88b5,D4C1,1,1,1,724,18,208,16,defense4-s3-cell,d4-cell-v1,0,0
120,1800000120203750,203750,tail,forward,1,21,256,02:00:00:00:00:02,02:00:00:00:00:01,0x88b5,D4C1,1,1,1,725,18,208,16,defense4-s3-cell,d4-cell-v1,0,0
121,1800000121000000,0,request,forward,0,0,256,02:00:00:00:00:02,02:00:00:00:00:01,0x88b5,D4C1,1,1,1,726,18,208,16,defense4-s3-cell,d4-cell-v1,0,0
121,1800000121000250,250,request,forward,1,1,256,02:00:00:00:00:02,02:00:00:00:00:01,0x88b5,D4C1,1,1,1,727,18,208,16,defense4-s3-cell,d4-cell-v1,0,0
121,1800000121000500,500,request,forward,2,2,256,02:00:00:00:00:02,02:00:00:00:00:01,0x88b5,D4C1,1,1,1,728,18,208,16,defense4-s3-cell,d4-cell-v1,0,0
121,1800000121000750,750,request,forward,3,3,256,02:00:00:00:00:02,02:00:00:00:00:01,0x88b5,D4C1,1,1,1,729,18,208,16,defense4-s3-cell,d4-cell-v1,0,0
121,1800000121001000,1000,ack,reverse,0,4,256,02:00:00:00:00:01,02:00:00:00:00:02,0x88b5,D4C1,1,1,1,1936,18,208,16,defense4-s3-cell,d4-cell-v1,0,0
121,1800000121001250,1250,ack,reverse,1,5,256,02:00:00:00:00:01,02:00:00:00:00:02,0x88b5,D4C1,1,1,1,1937,18,208,16,defense4-s3-cell,d4-cell-v1,0,0
121,1800000121200000,200000,response,reverse,0,6,256,02:00:00:00:00:01,02:00:00:00:00:02,0x88b5,D4C1,1,1,1,1938,18,208,16,defense4-s3-cell,d4-cell-v1,0,0
121,1800000121200250,200250,response,reverse,1,7,256,02:00:00:00:00:01,02:00:00:00:00:02,0x88b5,D4C1,1,1,1,1939,18,208,16,defense4-s3-cell,d4-cell-v1,0,0
121,1800000121200500,200500,response,reverse,2,8,256,02:00:00:00:00:01,02:00:00:00:00:02,0x88b5,D4C1,1,1,1,1940,18,208,16,defense4-s3-cell,d4-cell-v1,0,0
121,1800000121200750,200750,response,reverse,3,9,256,02:00:00:00:00:01,02:00:00:00:00:02,0x88b5,D4C1,1,1,1,1941,18,208,16,defense4-s3-cell,d4-cell-v1,0,0
121,1800000121201000,201000,response,reverse,4,10,256,02:00:00:00:00:01,02:00:00:00:00:02,0x88b5,D4C1,1,1,1,1942,18,208,16,defense4-s3-cell,d4-cell-v1,0,0
121,1800000121201250,201250,response,reverse,5,11,256,02:00:00:00:00:01,02:00:00:00:00:02,0x88b5,D4C1,1,1,1,1943,18,208,16,defense4-s3-cell,d4-cell-v1,0,0
121,1800000121201500,201500,response,reverse,6,12,256,02:00:00:00:00:01,02:00:00:00:00:02,0x88b5,D4C1,1,1,1,1944,18,208,16,defense4-s3-cell,d4-cell-v1,0,0
121,1800000121201750,201750,response,reverse,7,13,256,02:00:00:00:00:01,02:00:00:00:00:02,0x88b5,D4C1,1,1,1,1945,18,208,16,defense4-s3-cell,d4-cell-v1,0,0
121,1800000121202000,202000,response,reverse,8,14,256,02:00:00:00:00:01,02:00:00:00:00:02,0x88b5,D4C1,1,1,1,1946,18,208,16,defense4-s3-cell,d4-cell-v1,0,0
121,1800000121202250,202250,response,reverse,9,15,256,02:00:00:00:00:01,02:00:00:00:00:02,0x88b5,D4C1,1,1,1,1947,18,208,16,defense4-s3-cell,d4-cell-v1,0,0
121,1800000121202500,202500,response,reverse,10,16,256,02:00:00:00:00:01,02:00:00:00:00:02,0x88b5,D4C1,1,1,1,1948,18,208,16,defense4-s3-cell,d4-cell-v1,0,0
121,1800000121202750,202750,response,reverse,11,17,256,02:00:00:00:00:01,02:00:00:00:00:02,0x88b5,D4C1,1,1,1,1949,18,208,16,defense4-s3-cell,d4-cell-v1,0,0
121,1800000121203000,203000,response,reverse,12,18,256,02:00:00:00:00:01,02:00:00:00:00:02,0x88b5,D4C1,1,1,1,1950,18,208,16,defense4-s3-cell,d4-cell-v1,0,0
121,1800000121203250,203250,response,reverse,13,19,256,02:00:00:00:00:01,02:00:00:00:00:02,0x88b5,D4C1,1,1,1,1951,18,208,16,defense4-s3-cell,d4-cell-v1,0,0
121,1800000121203500,203500,tail,forward,0,20,256,02:00:00:00:00:02,02:00:00:00:00:01,0x88b5,D4C1,1,1,1,730,18,208,16,defense4-s3-cell,d4-cell-v1,0,0
121,1800000121203750,203750,tail,forward,1,21,256,02:00:00:00:00:02,02:00:00:00:00:01,0x88b5,D4C1,1,1,1,731,18,208,16,defense4-s3-cell,d4-cell-v1,0,0
122,1800000122000000,0,request,forward,0,0,256,02:00:00:00:00:02,02:00:00:00:00:01,0x88b5,D4C1,1,1,1,732,18,208,16,defense4-s3-cell,d4-cell-v1,0,0
122,1800000122000250,250,request,forward,1,1,256,02:00:00:00:00:02,02:00:00:00:00:01,0x88b5,D4C1,1,1,1,733,18,208,16,defense4-s3-cell,d4-cell-v1,0,0
122,1800000122000500,500,request,forward,2,2,256,02:00:00:00:00:02,02:00:00:00:00:01,0x88b5,D4C1,1,1,1,734,18,208,16,defense4-s3-cell,d4-cell-v1,0,0
122,1800000122000750,750,request,forward,3,3,256,02:00:00:00:00:02,02:00:00:00:00:01,0x88b5,D4C1,1,1,1,735,18,208,16,defense4-s3-cell,d4-cell-v1,0,0
122,1800000122001000,1000,ack,reverse,0,4,256,02:00:00:00:00:01,02:00:00:00:00:02,0x88b5,D4C1,1,1,1,1952,18,208,16,defense4-s3-cell,d4-cell-v1,0,0
122,1800000122001250,1250,ack,reverse,1,5,256,02:00:00:00:00:01,02:00:00:00:00:02,0x88b5,D4C1,1,1,1,1953,18,208,16,defense4-s3-cell,d4-cell-v1,0,0
122,1800000122200000,200000,response,reverse,0,6,256,02:00:00:00:00:01,02:00:00:00:00:02,0x88b5,D4C1,1,1,1,1954,18,208,16,defense4-s3-cell,d4-cell-v1,0,0
122,1800000122200250,200250,response,reverse,1,7,256,02:00:00:00:00:01,02:00:00:00:00:02,0x88b5,D4C1,1,1,1,1955,18,208,16,defense4-s3-cell,d4-cell-v1,0,0
122,1800000122200500,200500,response,reverse,2,8,256,02:00:00:00:00:01,02:00:00:00:00:02,0x88b5,D4C1,1,1,1,1956,18,208,16,defense4-s3-cell,d4-cell-v1,0,0
122,1800000122200750,200750,response,reverse,3,9,256,02:00:00:00:00:01,02:00:00:00:00:02,0x88b5,D4C1,1,1,1,1957,18,208,16,defense4-s3-cell,d4-cell-v1,0,0
122,1800000122201000,201000,response,reverse,4,10,256,02:00:00:00:00:01,02:00:00:00:00:02,0x88b5,D4C1,1,1,1,1958,18,208,16,defense4-s3-cell,d4-cell-v1,0,0
122,1800000122201250,201250,response,reverse,5,11,256,02:00:00:00:00:01,02:00:00:00:00:02,0x88b5,D4C1,1,1,1,1959,18,208,16,defense4-s3-cell,d4-cell-v1,0,0
122,1800000122201500,201500,response,reverse,6,12,256,02:00:00:00:00:01,02:00:00:00:00:02,0x88b5,D4C1,1,1,1,1960,18,208,16,defense4-s3-cell,d4-cell-v1,0,0
122,1800000122201750,201750,response,reverse,7,13,256,02:00:00:00:00:01,02:00:00:00:00:02,0x88b5,D4C1,1,1,1,1961,18,208,16,defense4-s3-cell,d4-cell-v1,0,0
122,1800000122202000,202000,response,reverse,8,14,256,02:00:00:00:00:01,02:00:00:00:00:02,0x88b5,D4C1,1,1,1,1962,18,208,16,defense4-s3-cell,d4-cell-v1,0,0
122,1800000122202250,202250,response,reverse,9,15,256,02:00:00:00:00:01,02:00:00:00:00:02,0x88b5,D4C1,1,1,1,1963,18,208,16,defense4-s3-cell,d4-cell-v1,0,0
122,1800000122202500,202500,response,reverse,10,16,256,02:00:00:00:00:01,02:00:00:00:00:02,0x88b5,D4C1,1,1,1,1964,18,208,16,defense4-s3-cell,d4-cell-v1,0,0
122,1800000122202750,202750,response,reverse,11,17,256,02:00:00:00:00:01,02:00:00:00:00:02,0x88b5,D4C1,1,1,1,1965,18,208,16,defense4-s3-cell,d4-cell-v1,0,0
122,1800000122203000,203000,response,reverse,12,18,256,02:00:00:00:00:01,02:00:00:00:00:02,0x88b5,D4C1,1,1,1,1966,18,208,16,defense4-s3-cell,d4-cell-v1,0,0
122,1800000122203250,203250,response,reverse,13,19,256,02:00:00:00:00:01,02:00:00:00:00:02,0x88b5,D4C1,1,1,1,1967,18,208,16,defense4-s3-cell,d4-cell-v1,0,0
122,1800000122203500,203500,tail,forward,0,20,256,02:00:00:00:00:02,02:00:00:00:00:01,0x88b5,D4C1,1,1,1,736,18,208,16,defense4-s3-cell,d4-cell-v1,0,0
122,1800000122203750,203750,tail,forward,1,21,256,02:00:00:00:00:02,02:00:00:00:00:01,0x88b5,D4C1,1,1,1,737,18,208,16,defense4-s3-cell,d4-cell-v1,0,0
123,1800000123000000,0,request,forward,0,0,256,02:00:00:00:00:02,02:00:00:00:00:01,0x88b5,D4C1,1,1,1,738,18,208,16,defense4-s3-cell,d4-cell-v1,0,0
123,1800000123000250,250,request,forward,1,1,256,02:00:00:00:00:02,02:00:00:00:00:01,0x88b5,D4C1,1,1,1,739,18,208,16,defense4-s3-cell,d4-cell-v1,0,0
123,1800000123000500,500,request,forward,2,2,256,02:00:00:00:00:02,02:00:00:00:00:01,0x88b5,D4C1,1,1,1,740,18,208,16,defense4-s3-cell,d4-cell-v1,0,0
123,1800000123000750,750,request,forward,3,3,256,02:00:00:00:00:02,02:00:00:00:00:01,0x88b5,D4C1,1,1,1,741,18,208,16,defense4-s3-cell,d4-cell-v1,0,0
123,1800000123001000,1000,ack,reverse,0,4,256,02:00:00:00:00:01,02:00:00:00:00:02,0x88b5,D4C1,1,1,1,1968,18,208,16,defense4-s3-cell,d4-cell-v1,0,0
123,1800000123001250,1250,ack,reverse,1,5,256,02:00:00:00:00:01,02:00:00:00:00:02,0x88b5,D4C1,1,1,1,1969,18,208,16,defense4-s3-cell,d4-cell-v1,0,0
123,1800000123200000,200000,response,reverse,0,6,256,02:00:00:00:00:01,02:00:00:00:00:02,0x88b5,D4C1,1,1,1,1970,18,208,16,defense4-s3-cell,d4-cell-v1,0,0
123,1800000123200250,200250,response,reverse,1,7,256,02:00:00:00:00:01,02:00:00:00:00:02,0x88b5,D4C1,1,1,1,1971,18,208,16,defense4-s3-cell,d4-cell-v1,0,0
123,1800000123200500,200500,response,reverse,2,8,256,02:00:00:00:00:01,02:00:00:00:00:02,0x88b5,D4C1,1,1,1,1972,18,208,16,defense4-s3-cell,d4-cell-v1,0,0
123,1800000123200750,200750,response,reverse,3,9,256,02:00:00:00:00:01,02:00:00:00:00:02,0x88b5,D4C1,1,1,1,1973,18,208,16,defense4-s3-cell,d4-cell-v1,0,0
123,1800000123201000,201000,response,reverse,4,10,256,02:00:00:00:00:01,02:00:00:00:00:02,0x88b5,D4C1,1,1,1,1974,18,208,16,defense4-s3-cell,d4-cell-v1,0,0
123,1800000123201250,201250,response,reverse,5,11,256,02:00:00:00:00:01,02:00:00:00:00:02,0x88b5,D4C1,1,1,1,1975,18,208,16,defense4-s3-cell,d4-cell-v1,0,0
123,1800000123201500,201500,response,reverse,6,12,256,02:00:00:00:00:01,02:00:00:00:00:02,0x88b5,D4C1,1,1,1,1976,18,208,16,defense4-s3-cell,d4-cell-v1,0,0
123,1800000123201750,201750,response,reverse,7,13,256,02:00:00:00:00:01,02:00:00:00:00:02,0x88b5,D4C1,1,1,1,1977,18,208,16,defense4-s3-cell,d4-cell-v1,0,0
123,1800000123202000,202000,response,reverse,8,14,256,02:00:00:00:00:01,02:00:00:00:00:02,0x88b5,D4C1,1,1,1,1978,18,208,16,defense4-s3-cell,d4-cell-v1,0,0
123,1800000123202250,202250,response,reverse,9,15,256,02:00:00:00:00:01,02:00:00:00:00:02,0x88b5,D4C1,1,1,1,1979,18,208,16,defense4-s3-cell,d4-cell-v1,0,0
123,1800000123202500,202500,response,reverse,10,16,256,02:00:00:00:00:01,02:00:00:00:00:02,0x88b5,D4C1,1,1,1,1980,18,208,16,defense4-s3-cell,d4-cell-v1,0,0
123,1800000123202750,202750,response,reverse,11,17,256,02:00:00:00:00:01,02:00:00:00:00:02,0x88b5,D4C1,1,1,1,1981,18,208,16,defense4-s3-cell,d4-cell-v1,0,0
123,1800000123203000,203000,response,reverse,12,18,256,02:00:00:00:00:01,02:00:00:00:00:02,0x88b5,D4C1,1,1,1,1982,18,208,16,defense4-s3-cell,d4-cell-v1,0,0
123,1800000123203250,203250,response,reverse,13,19,256,02:00:00:00:00:01,02:00:00:00:00:02,0x88b5,D4C1,1,1,1,1983,18,208,16,defense4-s3-cell,d4-cell-v1,0,0
123,1800000123203500,203500,tail,forward,0,20,256,02:00:00:00:00:02,02:00:00:00:00:01,0x88b5,D4C1,1,1,1,742,18,208,16,defense4-s3-cell,d4-cell-v1,0,0
123,1800000123203750,203750,tail,forward,1,21,256,02:00:00:00:00:02,02:00:00:00:00:01,0x88b5,D4C1,1,1,1,743,18,208,16,defense4-s3-cell,d4-cell-v1,0,0
124,1800000124000000,0,request,forward,0,0,256,02:00:00:00:00:02,02:00:00:00:00:01,0x88b5,D4C1,1,1,1,744,18,208,16,defense4-s3-cell,d4-cell-v1,0,0
124,1800000124000250,250,request,forward,1,1,256,02:00:00:00:00:02,02:00:00:00:00:01,0x88b5,D4C1,1,1,1,745,18,208,16,defense4-s3-cell,d4-cell-v1,0,0
124,1800000124000500,500,request,forward,2,2,256,02:00:00:00:00:02,02:00:00:00:00:01,0x88b5,D4C1,1,1,1,746,18,208,16,defense4-s3-cell,d4-cell-v1,0,0
124,1800000124000750,750,request,forward,3,3,256,02:00:00:00:00:02,02:00:00:00:00:01,0x88b5,D4C1,1,1,1,747,18,208,16,defense4-s3-cell,d4-cell-v1,0,0
124,1800000124001000,1000,ack,reverse,0,4,256,02:00:00:00:00:01,02:00:00:00:00:02,0x88b5,D4C1,1,1,1,1984,18,208,16,defense4-s3-cell,d4-cell-v1,0,0
124,1800000124001250,1250,ack,reverse,1,5,256,02:00:00:00:00:01,02:00:00:00:00:02,0x88b5,D4C1,1,1,1,1985,18,208,16,defense4-s3-cell,d4-cell-v1,0,0
124,1800000124200000,200000,response,reverse,0,6,256,02:00:00:00:00:01,02:00:00:00:00:02,0x88b5,D4C1,1,1,1,1986,18,208,16,defense4-s3-cell,d4-cell-v1,0,0
124,1800000124200250,200250,response,reverse,1,7,256,02:00:00:00:00:01,02:00:00:00:00:02,0x88b5,D4C1,1,1,1,1987,18,208,16,defense4-s3-cell,d4-cell-v1,0,0
124,1800000124200500,200500,response,reverse,2,8,256,02:00:00:00:00:01,02:00:00:00:00:02,0x88b5,D4C1,1,1,1,1988,18,208,16,defense4-s3-cell,d4-cell-v1,0,0
124,1800000124200750,200750,response,reverse,3,9,256,02:00:00:00:00:01,02:00:00:00:00:02,0x88b5,D4C1,1,1,1,1989,18,208,16,defense4-s3-cell,d4-cell-v1,0,0
124,1800000124201000,201000,response,reverse,4,10,256,02:00:00:00:00:01,02:00:00:00:00:02,0x88b5,D4C1,1,1,1,1990,18,208,16,defense4-s3-cell,d4-cell-v1,0,0
124,1800000124201250,201250,response,reverse,5,11,256,02:00:00:00:00:01,02:00:00:00:00:02,0x88b5,D4C1,1,1,1,1991,18,208,16,defense4-s3-cell,d4-cell-v1,0,0
124,1800000124201500,201500,response,reverse,6,12,256,02:00:00:00:00:01,02:00:00:00:00:02,0x88b5,D4C1,1,1,1,1992,18,208,16,defense4-s3-cell,d4-cell-v1,0,0
124,1800000124201750,201750,response,reverse,7,13,256,02:00:00:00:00:01,02:00:00:00:00:02,0x88b5,D4C1,1,1,1,1993,18,208,16,defense4-s3-cell,d4-cell-v1,0,0
124,1800000124202000,202000,response,reverse,8,14,256,02:00:00:00:00:01,02:00:00:00:00:02,0x88b5,D4C1,1,1,1,1994,18,208,16,defense4-s3-cell,d4-cell-v1,0,0
124,1800000124202250,202250,response,reverse,9,15,256,02:00:00:00:00:01,02:00:00:00:00:02,0x88b5,D4C1,1,1,1,1995,18,208,16,defense4-s3-cell,d4-cell-v1,0,0
124,1800000124202500,202500,response,reverse,10,16,256,02:00:00:00:00:01,02:00:00:00:00:02,0x88b5,D4C1,1,1,1,1996,18,208,16,defense4-s3-cell,d4-cell-v1,0,0
124,1800000124202750,202750,response,reverse,11,17,256,02:00:00:00:00:01,02:00:00:00:00:02,0x88b5,D4C1,1,1,1,1997,18,208,16,defense4-s3-cell,d4-cell-v1,0,0
124,1800000124203000,203000,response,reverse,12,18,256,02:00:00:00:00:01,02:00:00:00:00:02,0x88b5,D4C1,1,1,1,1998,18,208,16,defense4-s3-cell,d4-cell-v1,0,0
124,1800000124203250,203250,response,reverse,13,19,256,02:00:00:00:00:01,02:00:00:00:00:02,0x88b5,D4C1,1,1,1,1999,18,208,16,defense4-s3-cell,d4-cell-v1,0,0
124,1800000124203500,203500,tail,forward,0,20,256,02:00:00:00:00:02,02:00:00:00:00:01,0x88b5,D4C1,1,1,1,748,18,208,16,defense4-s3-cell,d4-cell-v1,0,0
124,1800000124203750,203750,tail,forward,1,21,256,02:00:00:00:00:02,02:00:00:00:00:01,0x88b5,D4C1,1,1,1,749,18,208,16,defense4-s3-cell,d4-cell-v1,0,0
125,1800000125000000,0,request,forward,0,0,256,02:00:00:00:00:02,02:00:00:00:00:01,0x88b5,D4C1,1,1,1,750,18,208,16,defense4-s3-cell,d4-cell-v1,0,0
125,1800000125000250,250,request,forward,1,1,256,02:00:00:00:00:02,02:00:00:00:00:01,0x88b5,D4C1,1,1,1,751,18,208,16,defense4-s3-cell,d4-cell-v1,0,0
125,1800000125000500,500,request,forward,2,2,256,02:00:00:00:00:02,02:00:00:00:00:01,0x88b5,D4C1,1,1,1,752,18,208,16,defense4-s3-cell,d4-cell-v1,0,0
125,1800000125000750,750,request,forward,3,3,256,02:00:00:00:00:02,02:00:00:00:00:01,0x88b5,D4C1,1,1,1,753,18,208,16,defense4-s3-cell,d4-cell-v1,0,0
125,1800000125001000,1000,ack,reverse,0,4,256,02:00:00:00:00:01,02:00:00:00:00:02,0x88b5,D4C1,1,1,1,2000,18,208,16,defense4-s3-cell,d4-cell-v1,0,0
125,1800000125001250,1250,ack,reverse,1,5,256,02:00:00:00:00:01,02:00:00:00:00:02,0x88b5,D4C1,1,1,1,2001,18,208,16,defense4-s3-cell,d4-cell-v1,0,0
125,1800000125200000,200000,response,reverse,0,6,256,02:00:00:00:00:01,02:00:00:00:00:02,0x88b5,D4C1,1,1,1,2002,18,208,16,defense4-s3-cell,d4-cell-v1,0,0
125,1800000125200250,200250,response,reverse,1,7,256,02:00:00:00:00:01,02:00:00:00:00:02,0x88b5,D4C1,1,1,1,2003,18,208,16,defense4-s3-cell,d4-cell-v1,0,0
125,1800000125200500,200500,response,reverse,2,8,256,02:00:00:00:00:01,02:00:00:00:00:02,0x88b5,D4C1,1,1,1,2004,18,208,16,defense4-s3-cell,d4-cell-v1,0,0
125,1800000125200750,200750,response,reverse,3,9,256,02:00:00:00:00:01,02:00:00:00:00:02,0x88b5,D4C1,1,1,1,2005,18,208,16,defense4-s3-cell,d4-cell-v1,0,0
125,1800000125201000,201000,response,reverse,4,10,256,02:00:00:00:00:01,02:00:00:00:00:02,0x88b5,D4C1,1,1,1,2006,18,208,16,defense4-s3-cell,d4-cell-v1,0,0
125,1800000125201250,201250,response,reverse,5,11,256,02:00:00:00:00:01,02:00:00:00:00:02,0x88b5,D4C1,1,1,1,2007,18,208,16,defense4-s3-cell,d4-cell-v1,0,0
125,1800000125201500,201500,response,reverse,6,12,256,02:00:00:00:00:01,02:00:00:00:00:02,0x88b5,D4C1,1,1,1,2008,18,208,16,defense4-s3-cell,d4-cell-v1,0,0
125,1800000125201750,201750,response,reverse,7,13,256,02:00:00:00:00:01,02:00:00:00:00:02,0x88b5,D4C1,1,1,1,2009,18,208,16,defense4-s3-cell,d4-cell-v1,0,0
125,1800000125202000,202000,response,reverse,8,14,256,02:00:00:00:00:01,02:00:00:00:00:02,0x88b5,D4C1,1,1,1,2010,18,208,16,defense4-s3-cell,d4-cell-v1,0,0
125,1800000125202250,202250,response,reverse,9,15,256,02:00:00:00:00:01,02:00:00:00:00:02,0x88b5,D4C1,1,1,1,2011,18,208,16,defense4-s3-cell,d4-cell-v1,0,0
125,1800000125202500,202500,response,reverse,10,16,256,02:00:00:00:00:01,02:00:00:00:00:02,0x88b5,D4C1,1,1,1,2012,18,208,16,defense4-s3-cell,d4-cell-v1,0,0
125,1800000125202750,202750,response,reverse,11,17,256,02:00:00:00:00:01,02:00:00:00:00:02,0x88b5,D4C1,1,1,1,2013,18,208,16,defense4-s3-cell,d4-cell-v1,0,0
125,1800000125203000,203000,response,reverse,12,18,256,02:00:00:00:00:01,02:00:00:00:00:02,0x88b5,D4C1,1,1,1,2014,18,208,16,defense4-s3-cell,d4-cell-v1,0,0
125,1800000125203250,203250,response,reverse,13,19,256,02:00:00:00:00:01,02:00:00:00:00:02,0x88b5,D4C1,1,1,1,2015,18,208,16,defense4-s3-cell,d4-cell-v1,0,0
125,1800000125203500,203500,tail,forward,0,20,256,02:00:00:00:00:02,02:00:00:00:00:01,0x88b5,D4C1,1,1,1,754,18,208,16,defense4-s3-cell,d4-cell-v1,0,0
125,1800000125203750,203750,tail,forward,1,21,256,02:00:00:00:00:02,02:00:00:00:00:01,0x88b5,D4C1,1,1,1,755,18,208,16,defense4-s3-cell,d4-cell-v1,0,0
126,1800000126000000,0,request,forward,0,0,256,02:00:00:00:00:02,02:00:00:00:00:01,0x88b5,D4C1,1,1,1,756,18,208,16,defense4-s3-cell,d4-cell-v1,0,0
126,1800000126000250,250,request,forward,1,1,256,02:00:00:00:00:02,02:00:00:00:00:01,0x88b5,D4C1,1,1,1,757,18,208,16,defense4-s3-cell,d4-cell-v1,0,0
126,1800000126000500,500,request,forward,2,2,256,02:00:00:00:00:02,02:00:00:00:00:01,0x88b5,D4C1,1,1,1,758,18,208,16,defense4-s3-cell,d4-cell-v1,0,0
126,1800000126000750,750,request,forward,3,3,256,02:00:00:00:00:02,02:00:00:00:00:01,0x88b5,D4C1,1,1,1,759,18,208,16,defense4-s3-cell,d4-cell-v1,0,0
126,1800000126001000,1000,ack,reverse,0,4,256,02:00:00:00:00:01,02:00:00:00:00:02,0x88b5,D4C1,1,1,1,2016,18,208,16,defense4-s3-cell,d4-cell-v1,0,0
126,1800000126001250,1250,ack,reverse,1,5,256,02:00:00:00:00:01,02:00:00:00:00:02,0x88b5,D4C1,1,1,1,2017,18,208,16,defense4-s3-cell,d4-cell-v1,0,0
126,1800000126200000,200000,response,reverse,0,6,256,02:00:00:00:00:01,02:00:00:00:00:02,0x88b5,D4C1,1,1,1,2018,18,208,16,defense4-s3-cell,d4-cell-v1,0,0
126,1800000126200250,200250,response,reverse,1,7,256,02:00:00:00:00:01,02:00:00:00:00:02,0x88b5,D4C1,1,1,1,2019,18,208,16,defense4-s3-cell,d4-cell-v1,0,0
126,1800000126200500,200500,response,reverse,2,8,256,02:00:00:00:00:01,02:00:00:00:00:02,0x88b5,D4C1,1,1,1,2020,18,208,16,defense4-s3-cell,d4-cell-v1,0,0
126,1800000126200750,200750,response,reverse,3,9,256,02:00:00:00:00:01,02:00:00:00:00:02,0x88b5,D4C1,1,1,1,2021,18,208,16,defense4-s3-cell,d4-cell-v1,0,0
126,1800000126201000,201000,response,reverse,4,10,256,02:00:00:00:00:01,02:00:00:00:00:02,0x88b5,D4C1,1,1,1,2022,18,208,16,defense4-s3-cell,d4-cell-v1,0,0
126,1800000126201250,201250,response,reverse,5,11,256,02:00:00:00:00:01,02:00:00:00:00:02,0x88b5,D4C1,1,1,1,2023,18,208,16,defense4-s3-cell,d4-cell-v1,0,0
126,1800000126201500,201500,response,reverse,6,12,256,02:00:00:00:00:01,02:00:00:00:00:02,0x88b5,D4C1,1,1,1,2024,18,208,16,defense4-s3-cell,d4-cell-v1,0,0
126,1800000126201750,201750,response,reverse,7,13,256,02:00:00:00:00:01,02:00:00:00:00:02,0x88b5,D4C1,1,1,1,2025,18,208,16,defense4-s3-cell,d4-cell-v1,0,0
126,1800000126202000,202000,response,reverse,8,14,256,02:00:00:00:00:01,02:00:00:00:00:02,0x88b5,D4C1,1,1,1,2026,18,208,16,defense4-s3-cell,d4-cell-v1,0,0
126,1800000126202250,202250,response,reverse,9,15,256,02:00:00:00:00:01,02:00:00:00:00:02,0x88b5,D4C1,1,1,1,2027,18,208,16,defense4-s3-cell,d4-cell-v1,0,0
126,1800000126202500,202500,response,reverse,10,16,256,02:00:00:00:00:01,02:00:00:00:00:02,0x88b5,D4C1,1,1,1,2028,18,208,16,defense4-s3-cell,d4-cell-v1,0,0
126,1800000126202750,202750,response,reverse,11,17,256,02:00:00:00:00:01,02:00:00:00:00:02,0x88b5,D4C1,1,1,1,2029,18,208,16,defense4-s3-cell,d4-cell-v1,0,0
126,1800000126203000,203000,response,reverse,12,18,256,02:00:00:00:00:01,02:00:00:00:00:02,0x88b5,D4C1,1,1,1,2030,18,208,16,defense4-s3-cell,d4-cell-v1,0,0
126,1800000126203250,203250,response,reverse,13,19,256,02:00:00:00:00:01,02:00:00:00:00:02,0x88b5,D4C1,1,1,1,2031,18,208,16,defense4-s3-cell,d4-cell-v1,0,0
126,1800000126203500,203500,tail,forward,0,20,256,02:00:00:00:00:02,02:00:00:00:00:01,0x88b5,D4C1,1,1,1,760,18,208,16,defense4-s3-cell,d4-cell-v1,0,0
126,1800000126203750,203750,tail,forward,1,21,256,02:00:00:00:00:02,02:00:00:00:00:01,0x88b5,D4C1,1,1,1,761,18,208,16,defense4-s3-cell,d4-cell-v1,0,0
127,1800000127000000,0,request,forward,0,0,256,02:00:00:00:00:02,02:00:00:00:00:01,0x88b5,D4C1,1,1,1,762,18,208,16,defense4-s3-cell,d4-cell-v1,0,0
127,1800000127000250,250,request,forward,1,1,256,02:00:00:00:00:02,02:00:00:00:00:01,0x88b5,D4C1,1,1,1,763,18,208,16,defense4-s3-cell,d4-cell-v1,0,0
127,1800000127000500,500,request,forward,2,2,256,02:00:00:00:00:02,02:00:00:00:00:01,0x88b5,D4C1,1,1,1,764,18,208,16,defense4-s3-cell,d4-cell-v1,0,0
127,1800000127000750,750,request,forward,3,3,256,02:00:00:00:00:02,02:00:00:00:00:01,0x88b5,D4C1,1,1,1,765,18,208,16,defense4-s3-cell,d4-cell-v1,0,0
127,1800000127001000,1000,ack,reverse,0,4,256,02:00:00:00:00:01,02:00:00:00:00:02,0x88b5,D4C1,1,1,1,2032,18,208,16,defense4-s3-cell,d4-cell-v1,0,0
127,1800000127001250,1250,ack,reverse,1,5,256,02:00:00:00:00:01,02:00:00:00:00:02,0x88b5,D4C1,1,1,1,2033,18,208,16,defense4-s3-cell,d4-cell-v1,0,0
127,1800000127200000,200000,response,reverse,0,6,256,02:00:00:00:00:01,02:00:00:00:00:02,0x88b5,D4C1,1,1,1,2034,18,208,16,defense4-s3-cell,d4-cell-v1,0,0
127,1800000127200250,200250,response,reverse,1,7,256,02:00:00:00:00:01,02:00:00:00:00:02,0x88b5,D4C1,1,1,1,2035,18,208,16,defense4-s3-cell,d4-cell-v1,0,0
127,1800000127200500,200500,response,reverse,2,8,256,02:00:00:00:00:01,02:00:00:00:00:02,0x88b5,D4C1,1,1,1,2036,18,208,16,defense4-s3-cell,d4-cell-v1,0,0
127,1800000127200750,200750,response,reverse,3,9,256,02:00:00:00:00:01,02:00:00:00:00:02,0x88b5,D4C1,1,1,1,2037,18,208,16,defense4-s3-cell,d4-cell-v1,0,0
127,1800000127201000,201000,response,reverse,4,10,256,02:00:00:00:00:01,02:00:00:00:00:02,0x88b5,D4C1,1,1,1,2038,18,208,16,defense4-s3-cell,d4-cell-v1,0,0
127,1800000127201250,201250,response,reverse,5,11,256,02:00:00:00:00:01,02:00:00:00:00:02,0x88b5,D4C1,1,1,1,2039,18,208,16,defense4-s3-cell,d4-cell-v1,0,0
127,1800000127201500,201500,response,reverse,6,12,256,02:00:00:00:00:01,02:00:00:00:00:02,0x88b5,D4C1,1,1,1,2040,18,208,16,defense4-s3-cell,d4-cell-v1,0,0
127,1800000127201750,201750,response,reverse,7,13,256,02:00:00:00:00:01,02:00:00:00:00:02,0x88b5,D4C1,1,1,1,2041,18,208,16,defense4-s3-cell,d4-cell-v1,0,0
127,1800000127202000,202000,response,reverse,8,14,256,02:00:00:00:00:01,02:00:00:00:00:02,0x88b5,D4C1,1,1,1,2042,18,208,16,defense4-s3-cell,d4-cell-v1,0,0
127,1800000127202250,202250,response,reverse,9,15,256,02:00:00:00:00:01,02:00:00:00:00:02,0x88b5,D4C1,1,1,1,2043,18,208,16,defense4-s3-cell,d4-cell-v1,0,0
127,1800000127202500,202500,response,reverse,10,16,256,02:00:00:00:00:01,02:00:00:00:00:02,0x88b5,D4C1,1,1,1,2044,18,208,16,defense4-s3-cell,d4-cell-v1,0,0
127,1800000127202750,202750,response,reverse,11,17,256,02:00:00:00:00:01,02:00:00:00:00:02,0x88b5,D4C1,1,1,1,2045,18,208,16,defense4-s3-cell,d4-cell-v1,0,0
127,1800000127203000,203000,response,reverse,12,18,256,02:00:00:00:00:01,02:00:00:00:00:02,0x88b5,D4C1,1,1,1,2046,18,208,16,defense4-s3-cell,d4-cell-v1,0,0
127,1800000127203250,203250,response,reverse,13,19,256,02:00:00:00:00:01,02:00:00:00:00:02,0x88b5,D4C1,1,1,1,2047,18,208,16,defense4-s3-cell,d4-cell-v1,0,0
127,1800000127203500,203500,tail,forward,0,20,256,02:00:00:00:00:02,02:00:00:00:00:01,0x88b5,D4C1,1,1,1,766,18,208,16,defense4-s3-cell,d4-cell-v1,0,0
127,1800000127203750,203750,tail,forward,1,21,256,02:00:00:00:00:02,02:00:00:00:00:01,0x88b5,D4C1,1,1,1,767,18,208,16,defense4-s3-cell,d4-cell-v1,0,0
128,1800000128000000,0,request,forward,0,0,256,02:00:00:00:00:02,02:00:00:00:00:01,0x88b5,D4C1,1,1,1,768,18,208,16,defense4-s3-cell,d4-cell-v1,0,0
128,1800000128000250,250,request,forward,1,1,256,02:00:00:00:00:02,02:00:00:00:00:01,0x88b5,D4C1,1,1,1,769,18,208,16,defense4-s3-cell,d4-cell-v1,0,0
128,1800000128000500,500,request,forward,2,2,256,02:00:00:00:00:02,02:00:00:00:00:01,0x88b5,D4C1,1,1,1,770,18,208,16,defense4-s3-cell,d4-cell-v1,0,0
128,1800000128000750,750,request,forward,3,3,256,02:00:00:00:00:02,02:00:00:00:00:01,0x88b5,D4C1,1,1,1,771,18,208,16,defense4-s3-cell,d4-cell-v1,0,0
128,1800000128001000,1000,ack,reverse,0,4,256,02:00:00:00:00:01,02:00:00:00:00:02,0x88b5,D4C1,1,1,1,2048,18,208,16,defense4-s3-cell,d4-cell-v1,0,0
128,1800000128001250,1250,ack,reverse,1,5,256,02:00:00:00:00:01,02:00:00:00:00:02,0x88b5,D4C1,1,1,1,2049,18,208,16,defense4-s3-cell,d4-cell-v1,0,0
128,1800000128200000,200000,response,reverse,0,6,256,02:00:00:00:00:01,02:00:00:00:00:02,0x88b5,D4C1,1,1,1,2050,18,208,16,defense4-s3-cell,d4-cell-v1,0,0
128,1800000128200250,200250,response,reverse,1,7,256,02:00:00:00:00:01,02:00:00:00:00:02,0x88b5,D4C1,1,1,1,2051,18,208,16,defense4-s3-cell,d4-cell-v1,0,0
128,1800000128200500,200500,response,reverse,2,8,256,02:00:00:00:00:01,02:00:00:00:00:02,0x88b5,D4C1,1,1,1,2052,18,208,16,defense4-s3-cell,d4-cell-v1,0,0
128,1800000128200750,200750,response,reverse,3,9,256,02:00:00:00:00:01,02:00:00:00:00:02,0x88b5,D4C1,1,1,1,2053,18,208,16,defense4-s3-cell,d4-cell-v1,0,0
128,1800000128201000,201000,response,reverse,4,10,256,02:00:00:00:00:01,02:00:00:00:00:02,0x88b5,D4C1,1,1,1,2054,18,208,16,defense4-s3-cell,d4-cell-v1,0,0
128,1800000128201250,201250,response,reverse,5,11,256,02:00:00:00:00:01,02:00:00:00:00:02,0x88b5,D4C1,1,1,1,2055,18,208,16,defense4-s3-cell,d4-cell-v1,0,0
128,1800000128201500,201500,response,reverse,6,12,256,02:00:00:00:00:01,02:00:00:00:00:02,0x88b5,D4C1,1,1,1,2056,18,208,16,defense4-s3-cell,d4-cell-v1,0,0
128,1800000128201750,201750,response,reverse,7,13,256,02:00:00:00:00:01,02:00:00:00:00:02,0x88b5,D4C1,1,1,1,2057,18,208,16,defense4-s3-cell,d4-cell-v1,0,0
128,1800000128202000,202000,response,reverse,8,14,256,02:00:00:00:00:01,02:00:00:00:00:02,0x88b5,D4C1,1,1,1,2058,18,208,16,defense4-s3-cell,d4-cell-v1,0,0
128,1800000128202250,202250,response,reverse,9,15,256,02:00:00:00:00:01,02:00:00:00:00:02,0x88b5,D4C1,1,1,1,2059,18,208,16,defense4-s3-cell,d4-cell-v1,0,0
128,1800000128202500,202500,response,reverse,10,16,256,02:00:00:00:00:01,02:00:00:00:00:02,0x88b5,D4C1,1,1,1,2060,18,208,16,defense4-s3-cell,d4-cell-v1,0,0
128,1800000128202750,202750,response,reverse,11,17,256,02:00:00:00:00:01,02:00:00:00:00:02,0x88b5,D4C1,1,1,1,2061,18,208,16,defense4-s3-cell,d4-cell-v1,0,0
128,1800000128203000,203000,response,reverse,12,18,256,02:00:00:00:00:01,02:00:00:00:00:02,0x88b5,D4C1,1,1,1,2062,18,208,16,defense4-s3-cell,d4-cell-v1,0,0
128,1800000128203250,203250,response,reverse,13,19,256,02:00:00:00:00:01,02:00:00:00:00:02,0x88b5,D4C1,1,1,1,2063,18,208,16,defense4-s3-cell,d4-cell-v1,0,0
128,1800000128203500,203500,tail,forward,0,20,256,02:00:00:00:00:02,02:00:00:00:00:01,0x88b5,D4C1,1,1,1,772,18,208,16,defense4-s3-cell,d4-cell-v1,0,0
128,1800000128203750,203750,tail,forward,1,21,256,02:00:00:00:00:02,02:00:00:00:00:01,0x88b5,D4C1,1,1,1,773,18,208,16,defense4-s3-cell,d4-cell-v1,0,0
129,1800000129000000,0,request,forward,0,0,256,02:00:00:00:00:02,02:00:00:00:00:01,0x88b5,D4C1,1,1,1,774,18,208,16,defense4-s3-cell,d4-cell-v1,0,0
129,1800000129000250,250,request,forward,1,1,256,02:00:00:00:00:02,02:00:00:00:00:01,0x88b5,D4C1,1,1,1,775,18,208,16,defense4-s3-cell,d4-cell-v1,0,0
129,1800000129000500,500,request,forward,2,2,256,02:00:00:00:00:02,02:00:00:00:00:01,0x88b5,D4C1,1,1,1,776,18,208,16,defense4-s3-cell,d4-cell-v1,0,0
129,1800000129000750,750,request,forward,3,3,256,02:00:00:00:00:02,02:00:00:00:00:01,0x88b5,D4C1,1,1,1,777,18,208,16,defense4-s3-cell,d4-cell-v1,0,0
129,1800000129001000,1000,ack,reverse,0,4,256,02:00:00:00:00:01,02:00:00:00:00:02,0x88b5,D4C1,1,1,1,2064,18,208,16,defense4-s3-cell,d4-cell-v1,0,0
129,1800000129001250,1250,ack,reverse,1,5,256,02:00:00:00:00:01,02:00:00:00:00:02,0x88b5,D4C1,1,1,1,2065,18,208,16,defense4-s3-cell,d4-cell-v1,0,0
129,1800000129200000,200000,response,reverse,0,6,256,02:00:00:00:00:01,02:00:00:00:00:02,0x88b5,D4C1,1,1,1,2066,18,208,16,defense4-s3-cell,d4-cell-v1,0,0
129,1800000129200250,200250,response,reverse,1,7,256,02:00:00:00:00:01,02:00:00:00:00:02,0x88b5,D4C1,1,1,1,2067,18,208,16,defense4-s3-cell,d4-cell-v1,0,0
129,1800000129200500,200500,response,reverse,2,8,256,02:00:00:00:00:01,02:00:00:00:00:02,0x88b5,D4C1,1,1,1,2068,18,208,16,defense4-s3-cell,d4-cell-v1,0,0
129,1800000129200750,200750,response,reverse,3,9,256,02:00:00:00:00:01,02:00:00:00:00:02,0x88b5,D4C1,1,1,1,2069,18,208,16,defense4-s3-cell,d4-cell-v1,0,0
129,1800000129201000,201000,response,reverse,4,10,256,02:00:00:00:00:01,02:00:00:00:00:02,0x88b5,D4C1,1,1,1,2070,18,208,16,defense4-s3-cell,d4-cell-v1,0,0
129,1800000129201250,201250,response,reverse,5,11,256,02:00:00:00:00:01,02:00:00:00:00:02,0x88b5,D4C1,1,1,1,2071,18,208,16,defense4-s3-cell,d4-cell-v1,0,0
129,1800000129201500,201500,response,reverse,6,12,256,02:00:00:00:00:01,02:00:00:00:00:02,0x88b5,D4C1,1,1,1,2072,18,208,16,defense4-s3-cell,d4-cell-v1,0,0
129,1800000129201750,201750,response,reverse,7,13,256,02:00:00:00:00:01,02:00:00:00:00:02,0x88b5,D4C1,1,1,1,2073,18,208,16,defense4-s3-cell,d4-cell-v1,0,0
129,1800000129202000,202000,response,reverse,8,14,256,02:00:00:00:00:01,02:00:00:00:00:02,0x88b5,D4C1,1,1,1,2074,18,208,16,defense4-s3-cell,d4-cell-v1,0,0
129,1800000129202250,202250,response,reverse,9,15,256,02:00:00:00:00:01,02:00:00:00:00:02,0x88b5,D4C1,1,1,1,2075,18,208,16,defense4-s3-cell,d4-cell-v1,0,0
129,1800000129202500,202500,response,reverse,10,16,256,02:00:00:00:00:01,02:00:00:00:00:02,0x88b5,D4C1,1,1,1,2076,18,208,16,defense4-s3-cell,d4-cell-v1,0,0
129,1800000129202750,202750,response,reverse,11,17,256,02:00:00:00:00:01,02:00:00:00:00:02,0x88b5,D4C1,1,1,1,2077,18,208,16,defense4-s3-cell,d4-cell-v1,0,0
129,1800000129203000,203000,response,reverse,12,18,256,02:00:00:00:00:01,02:00:00:00:00:02,0x88b5,D4C1,1,1,1,2078,18,208,16,defense4-s3-cell,d4-cell-v1,0,0
129,1800000129203250,203250,response,reverse,13,19,256,02:00:00:00:00:01,02:00:00:00:00:02,0x88b5,D4C1,1,1,1,2079,18,208,16,defense4-s3-cell,d4-cell-v1,0,0
129,1800000129203500,203500,tail,forward,0,20,256,02:00:00:00:00:02,02:00:00:00:00:01,0x88b5,D4C1,1,1,1,778,18,208,16,defense4-s3-cell,d4-cell-v1,0,0
129,1800000129203750,203750,tail,forward,1,21,256,02:00:00:00:00:02,02:00:00:00:00:01,0x88b5,D4C1,1,1,1,779,18,208,16,defense4-s3-cell,d4-cell-v1,0,0
130,1800000130000000,0,request,forward,0,0,256,02:00:00:00:00:02,02:00:00:00:00:01,0x88b5,D4C1,1,1,1,780,18,208,16,defense4-s3-cell,d4-cell-v1,0,0
130,1800000130000250,250,request,forward,1,1,256,02:00:00:00:00:02,02:00:00:00:00:01,0x88b5,D4C1,1,1,1,781,18,208,16,defense4-s3-cell,d4-cell-v1,0,0
130,1800000130000500,500,request,forward,2,2,256,02:00:00:00:00:02,02:00:00:00:00:01,0x88b5,D4C1,1,1,1,782,18,208,16,defense4-s3-cell,d4-cell-v1,0,0
130,1800000130000750,750,request,forward,3,3,256,02:00:00:00:00:02,02:00:00:00:00:01,0x88b5,D4C1,1,1,1,783,18,208,16,defense4-s3-cell,d4-cell-v1,0,0
130,1800000130001000,1000,ack,reverse,0,4,256,02:00:00:00:00:01,02:00:00:00:00:02,0x88b5,D4C1,1,1,1,2080,18,208,16,defense4-s3-cell,d4-cell-v1,0,0
130,1800000130001250,1250,ack,reverse,1,5,256,02:00:00:00:00:01,02:00:00:00:00:02,0x88b5,D4C1,1,1,1,2081,18,208,16,defense4-s3-cell,d4-cell-v1,0,0
130,1800000130200000,200000,response,reverse,0,6,256,02:00:00:00:00:01,02:00:00:00:00:02,0x88b5,D4C1,1,1,1,2082,18,208,16,defense4-s3-cell,d4-cell-v1,0,0
130,1800000130200250,200250,response,reverse,1,7,256,02:00:00:00:00:01,02:00:00:00:00:02,0x88b5,D4C1,1,1,1,2083,18,208,16,defense4-s3-cell,d4-cell-v1,0,0
130,1800000130200500,200500,response,reverse,2,8,256,02:00:00:00:00:01,02:00:00:00:00:02,0x88b5,D4C1,1,1,1,2084,18,208,16,defense4-s3-cell,d4-cell-v1,0,0
130,1800000130200750,200750,response,reverse,3,9,256,02:00:00:00:00:01,02:00:00:00:00:02,0x88b5,D4C1,1,1,1,2085,18,208,16,defense4-s3-cell,d4-cell-v1,0,0
130,1800000130201000,201000,response,reverse,4,10,256,02:00:00:00:00:01,02:00:00:00:00:02,0x88b5,D4C1,1,1,1,2086,18,208,16,defense4-s3-cell,d4-cell-v1,0,0
130,1800000130201250,201250,response,reverse,5,11,256,02:00:00:00:00:01,02:00:00:00:00:02,0x88b5,D4C1,1,1,1,2087,18,208,16,defense4-s3-cell,d4-cell-v1,0,0
130,1800000130201500,201500,response,reverse,6,12,256,02:00:00:00:00:01,02:00:00:00:00:02,0x88b5,D4C1,1,1,1,2088,18,208,16,defense4-s3-cell,d4-cell-v1,0,0
130,1800000130201750,201750,response,reverse,7,13,256,02:00:00:00:00:01,02:00:00:00:00:02,0x88b5,D4C1,1,1,1,2089,18,208,16,defense4-s3-cell,d4-cell-v1,0,0
130,1800000130202000,202000,response,reverse,8,14,256,02:00:00:00:00:01,02:00:00:00:00:02,0x88b5,D4C1,1,1,1,2090,18,208,16,defense4-s3-cell,d4-cell-v1,0,0
130,1800000130202250,202250,response,reverse,9,15,256,02:00:00:00:00:01,02:00:00:00:00:02,0x88b5,D4C1,1,1,1,2091,18,208,16,defense4-s3-cell,d4-cell-v1,0,0
130,1800000130202500,202500,response,reverse,10,16,256,02:00:00:00:00:01,02:00:00:00:00:02,0x88b5,D4C1,1,1,1,2092,18,208,16,defense4-s3-cell,d4-cell-v1,0,0
130,1800000130202750,202750,response,reverse,11,17,256,02:00:00:00:00:01,02:00:00:00:00:02,0x88b5,D4C1,1,1,1,2093,18,208,16,defense4-s3-cell,d4-cell-v1,0,0
130,1800000130203000,203000,response,reverse,12,18,256,02:00:00:00:00:01,02:00:00:00:00:02,0x88b5,D4C1,1,1,1,2094,18,208,16,defense4-s3-cell,d4-cell-v1,0,0
130,1800000130203250,203250,response,reverse,13,19,256,02:00:00:00:00:01,02:00:00:00:00:02,0x88b5,D4C1,1,1,1,2095,18,208,16,defense4-s3-cell,d4-cell-v1,0,0
130,1800000130203500,203500,tail,forward,0,20,256,02:00:00:00:00:02,02:00:00:00:00:01,0x88b5,D4C1,1,1,1,784,18,208,16,defense4-s3-cell,d4-cell-v1,0,0
130,1800000130203750,203750,tail,forward,1,21,256,02:00:00:00:00:02,02:00:00:00:00:01,0x88b5,D4C1,1,1,1,785,18,208,16,defense4-s3-cell,d4-cell-v1,0,0
131,1800000131000000,0,request,forward,0,0,256,02:00:00:00:00:02,02:00:00:00:00:01,0x88b5,D4C1,1,1,1,786,18,208,16,defense4-s3-cell,d4-cell-v1,0,0
131,1800000131000250,250,request,forward,1,1,256,02:00:00:00:00:02,02:00:00:00:00:01,0x88b5,D4C1,1,1,1,787,18,208,16,defense4-s3-cell,d4-cell-v1,0,0
131,1800000131000500,500,request,forward,2,2,256,02:00:00:00:00:02,02:00:00:00:00:01,0x88b5,D4C1,1,1,1,788,18,208,16,defense4-s3-cell,d4-cell-v1,0,0
131,1800000131000750,750,request,forward,3,3,256,02:00:00:00:00:02,02:00:00:00:00:01,0x88b5,D4C1,1,1,1,789,18,208,16,defense4-s3-cell,d4-cell-v1,0,0
131,1800000131001000,1000,ack,reverse,0,4,256,02:00:00:00:00:01,02:00:00:00:00:02,0x88b5,D4C1,1,1,1,2096,18,208,16,defense4-s3-cell,d4-cell-v1,0,0
131,1800000131001250,1250,ack,reverse,1,5,256,02:00:00:00:00:01,02:00:00:00:00:02,0x88b5,D4C1,1,1,1,2097,18,208,16,defense4-s3-cell,d4-cell-v1,0,0
131,1800000131200000,200000,response,reverse,0,6,256,02:00:00:00:00:01,02:00:00:00:00:02,0x88b5,D4C1,1,1,1,2098,18,208,16,defense4-s3-cell,d4-cell-v1,0,0
131,1800000131200250,200250,response,reverse,1,7,256,02:00:00:00:00:01,02:00:00:00:00:02,0x88b5,D4C1,1,1,1,2099,18,208,16,defense4-s3-cell,d4-cell-v1,0,0
131,1800000131200500,200500,response,reverse,2,8,256,02:00:00:00:00:01,02:00:00:00:00:02,0x88b5,D4C1,1,1,1,2100,18,208,16,defense4-s3-cell,d4-cell-v1,0,0
131,1800000131200750,200750,response,reverse,3,9,256,02:00:00:00:00:01,02:00:00:00:00:02,0x88b5,D4C1,1,1,1,2101,18,208,16,defense4-s3-cell,d4-cell-v1,0,0
131,1800000131201000,201000,response,reverse,4,10,256,02:00:00:00:00:01,02:00:00:00:00:02,0x88b5,D4C1,1,1,1,2102,18,208,16,defense4-s3-cell,d4-cell-v1,0,0
131,1800000131201250,201250,response,reverse,5,11,256,02:00:00:00:00:01,02:00:00:00:00:02,0x88b5,D4C1,1,1,1,2103,18,208,16,defense4-s3-cell,d4-cell-v1,0,0
131,1800000131201500,201500,response,reverse,6,12,256,02:00:00:00:00:01,02:00:00:00:00:02,0x88b5,D4C1,1,1,1,2104,18,208,16,defense4-s3-cell,d4-cell-v1,0,0
131,1800000131201750,201750,response,reverse,7,13,256,02:00:00:00:00:01,02:00:00:00:00:02,0x88b5,D4C1,1,1,1,2105,18,208,16,defense4-s3-cell,d4-cell-v1,0,0
131,1800000131202000,202000,response,reverse,8,14,256,02:00:00:00:00:01,02:00:00:00:00:02,0x88b5,D4C1,1,1,1,2106,18,208,16,defense4-s3-cell,d4-cell-v1,0,0
131,1800000131202250,202250,response,reverse,9,15,256,02:00:00:00:00:01,02:00:00:00:00:02,0x88b5,D4C1,1,1,1,2107,18,208,16,defense4-s3-cell,d4-cell-v1,0,0
131,1800000131202500,202500,response,reverse,10,16,256,02:00:00:00:00:01,02:00:00:00:00:02,0x88b5,D4C1,1,1,1,2108,18,208,16,defense4-s3-cell,d4-cell-v1,0,0
131,1800000131202750,202750,response,reverse,11,17,256,02:00:00:00:00:01,02:00:00:00:00:02,0x88b5,D4C1,1,1,1,2109,18,208,16,defense4-s3-cell,d4-cell-v1,0,0
131,1800000131203000,203000,response,reverse,12,18,256,02:00:00:00:00:01,02:00:00:00:00:02,0x88b5,D4C1,1,1,1,2110,18,208,16,defense4-s3-cell,d4-cell-v1,0,0
131,1800000131203250,203250,response,reverse,13,19,256,02:00:00:00:00:01,02:00:00:00:00:02,0x88b5,D4C1,1,1,1,2111,18,208,16,defense4-s3-cell,d4-cell-v1,0,0
131,1800000131203500,203500,tail,forward,0,20,256,02:00:00:00:00:02,02:00:00:00:00:01,0x88b5,D4C1,1,1,1,790,18,208,16,defense4-s3-cell,d4-cell-v1,0,0
131,1800000131203750,203750,tail,forward,1,21,256,02:00:00:00:00:02,02:00:00:00:00:01,0x88b5,D4C1,1,1,1,791,18,208,16,defense4-s3-cell,d4-cell-v1,0,0
132,1800000132000000,0,request,forward,0,0,256,02:00:00:00:00:02,02:00:00:00:00:01,0x88b5,D4C1,1,1,1,792,18,208,16,defense4-s3-cell,d4-cell-v1,0,0
132,1800000132000250,250,request,forward,1,1,256,02:00:00:00:00:02,02:00:00:00:00:01,0x88b5,D4C1,1,1,1,793,18,208,16,defense4-s3-cell,d4-cell-v1,0,0
132,1800000132000500,500,request,forward,2,2,256,02:00:00:00:00:02,02:00:00:00:00:01,0x88b5,D4C1,1,1,1,794,18,208,16,defense4-s3-cell,d4-cell-v1,0,0
132,1800000132000750,750,request,forward,3,3,256,02:00:00:00:00:02,02:00:00:00:00:01,0x88b5,D4C1,1,1,1,795,18,208,16,defense4-s3-cell,d4-cell-v1,0,0
132,1800000132001000,1000,ack,reverse,0,4,256,02:00:00:00:00:01,02:00:00:00:00:02,0x88b5,D4C1,1,1,1,2112,18,208,16,defense4-s3-cell,d4-cell-v1,0,0
132,1800000132001250,1250,ack,reverse,1,5,256,02:00:00:00:00:01,02:00:00:00:00:02,0x88b5,D4C1,1,1,1,2113,18,208,16,defense4-s3-cell,d4-cell-v1,0,0
132,1800000132200000,200000,response,reverse,0,6,256,02:00:00:00:00:01,02:00:00:00:00:02,0x88b5,D4C1,1,1,1,2114,18,208,16,defense4-s3-cell,d4-cell-v1,0,0
132,1800000132200250,200250,response,reverse,1,7,256,02:00:00:00:00:01,02:00:00:00:00:02,0x88b5,D4C1,1,1,1,2115,18,208,16,defense4-s3-cell,d4-cell-v1,0,0
132,1800000132200500,200500,response,reverse,2,8,256,02:00:00:00:00:01,02:00:00:00:00:02,0x88b5,D4C1,1,1,1,2116,18,208,16,defense4-s3-cell,d4-cell-v1,0,0
132,1800000132200750,200750,response,reverse,3,9,256,02:00:00:00:00:01,02:00:00:00:00:02,0x88b5,D4C1,1,1,1,2117,18,208,16,defense4-s3-cell,d4-cell-v1,0,0
132,1800000132201000,201000,response,reverse,4,10,256,02:00:00:00:00:01,02:00:00:00:00:02,0x88b5,D4C1,1,1,1,2118,18,208,16,defense4-s3-cell,d4-cell-v1,0,0
132,1800000132201250,201250,response,reverse,5,11,256,02:00:00:00:00:01,02:00:00:00:00:02,0x88b5,D4C1,1,1,1,2119,18,208,16,defense4-s3-cell,d4-cell-v1,0,0
132,1800000132201500,201500,response,reverse,6,12,256,02:00:00:00:00:01,02:00:00:00:00:02,0x88b5,D4C1,1,1,1,2120,18,208,16,defense4-s3-cell,d4-cell-v1,0,0
132,1800000132201750,201750,response,reverse,7,13,256,02:00:00:00:00:01,02:00:00:00:00:02,0x88b5,D4C1,1,1,1,2121,18,208,16,defense4-s3-cell,d4-cell-v1,0,0
132,1800000132202000,202000,response,reverse,8,14,256,02:00:00:00:00:01,02:00:00:00:00:02,0x88b5,D4C1,1,1,1,2122,18,208,16,defense4-s3-cell,d4-cell-v1,0,0
132,1800000132202250,202250,response,reverse,9,15,256,02:00:00:00:00:01,02:00:00:00:00:02,0x88b5,D4C1,1,1,1,2123,18,208,16,defense4-s3-cell,d4-cell-v1,0,0
132,1800000132202500,202500,response,reverse,10,16,256,02:00:00:00:00:01,02:00:00:00:00:02,0x88b5,D4C1,1,1,1,2124,18,208,16,defense4-s3-cell,d4-cell-v1,0,0
132,1800000132202750,202750,response,reverse,11,17,256,02:00:00:00:00:01,02:00:00:00:00:02,0x88b5,D4C1,1,1,1,2125,18,208,16,defense4-s3-cell,d4-cell-v1,0,0
132,1800000132203000,203000,response,reverse,12,18,256,02:00:00:00:00:01,02:00:00:00:00:02,0x88b5,D4C1,1,1,1,2126,18,208,16,defense4-s3-cell,d4-cell-v1,0,0
132,1800000132203250,203250,response,reverse,13,19,256,02:00:00:00:00:01,02:00:00:00:00:02,0x88b5,D4C1,1,1,1,2127,18,208,16,defense4-s3-cell,d4-cell-v1,0,0
132,1800000132203500,203500,tail,forward,0,20,256,02:00:00:00:00:02,02:00:00:00:00:01,0x88b5,D4C1,1,1,1,796,18,208,16,defense4-s3-cell,d4-cell-v1,0,0
132,1800000132203750,203750,tail,forward,1,21,256,02:00:00:00:00:02,02:00:00:00:00:01,0x88b5,D4C1,1,1,1,797,18,208,16,defense4-s3-cell,d4-cell-v1,0,0
133,1800000133000000,0,request,forward,0,0,256,02:00:00:00:00:02,02:00:00:00:00:01,0x88b5,D4C1,1,1,1,798,18,208,16,defense4-s3-cell,d4-cell-v1,0,0
133,1800000133000250,250,request,forward,1,1,256,02:00:00:00:00:02,02:00:00:00:00:01,0x88b5,D4C1,1,1,1,799,18,208,16,defense4-s3-cell,d4-cell-v1,0,0
133,1800000133000500,500,request,forward,2,2,256,02:00:00:00:00:02,02:00:00:00:00:01,0x88b5,D4C1,1,1,1,800,18,208,16,defense4-s3-cell,d4-cell-v1,0,0
133,1800000133000750,750,request,forward,3,3,256,02:00:00:00:00:02,02:00:00:00:00:01,0x88b5,D4C1,1,1,1,801,18,208,16,defense4-s3-cell,d4-cell-v1,0,0
133,1800000133001000,1000,ack,reverse,0,4,256,02:00:00:00:00:01,02:00:00:00:00:02,0x88b5,D4C1,1,1,1,2128,18,208,16,defense4-s3-cell,d4-cell-v1,0,0
133,1800000133001250,1250,ack,reverse,1,5,256,02:00:00:00:00:01,02:00:00:00:00:02,0x88b5,D4C1,1,1,1,2129,18,208,16,defense4-s3-cell,d4-cell-v1,0,0
133,1800000133200000,200000,response,reverse,0,6,256,02:00:00:00:00:01,02:00:00:00:00:02,0x88b5,D4C1,1,1,1,2130,18,208,16,defense4-s3-cell,d4-cell-v1,0,0
133,1800000133200250,200250,response,reverse,1,7,256,02:00:00:00:00:01,02:00:00:00:00:02,0x88b5,D4C1,1,1,1,2131,18,208,16,defense4-s3-cell,d4-cell-v1,0,0
133,1800000133200500,200500,response,reverse,2,8,256,02:00:00:00:00:01,02:00:00:00:00:02,0x88b5,D4C1,1,1,1,2132,18,208,16,defense4-s3-cell,d4-cell-v1,0,0
133,1800000133200750,200750,response,reverse,3,9,256,02:00:00:00:00:01,02:00:00:00:00:02,0x88b5,D4C1,1,1,1,2133,18,208,16,defense4-s3-cell,d4-cell-v1,0,0
133,1800000133201000,201000,response,reverse,4,10,256,02:00:00:00:00:01,02:00:00:00:00:02,0x88b5,D4C1,1,1,1,2134,18,208,16,defense4-s3-cell,d4-cell-v1,0,0
133,1800000133201250,201250,response,reverse,5,11,256,02:00:00:00:00:01,02:00:00:00:00:02,0x88b5,D4C1,1,1,1,2135,18,208,16,defense4-s3-cell,d4-cell-v1,0,0
133,1800000133201500,201500,response,reverse,6,12,256,02:00:00:00:00:01,02:00:00:00:00:02,0x88b5,D4C1,1,1,1,2136,18,208,16,defense4-s3-cell,d4-cell-v1,0,0
133,1800000133201750,201750,response,reverse,7,13,256,02:00:00:00:00:01,02:00:00:00:00:02,0x88b5,D4C1,1,1,1,2137,18,208,16,defense4-s3-cell,d4-cell-v1,0,0
133,1800000133202000,202000,response,reverse,8,14,256,02:00:00:00:00:01,02:00:00:00:00:02,0x88b5,D4C1,1,1,1,2138,18,208,16,defense4-s3-cell,d4-cell-v1,0,0
133,1800000133202250,202250,response,reverse,9,15,256,02:00:00:00:00:01,02:00:00:00:00:02,0x88b5,D4C1,1,1,1,2139,18,208,16,defense4-s3-cell,d4-cell-v1,0,0
133,1800000133202500,202500,response,reverse,10,16,256,02:00:00:00:00:01,02:00:00:00:00:02,0x88b5,D4C1,1,1,1,2140,18,208,16,defense4-s3-cell,d4-cell-v1,0,0
133,1800000133202750,202750,response,reverse,11,17,256,02:00:00:00:00:01,02:00:00:00:00:02,0x88b5,D4C1,1,1,1,2141,18,208,16,defense4-s3-cell,d4-cell-v1,0,0
133,1800000133203000,203000,response,reverse,12,18,256,02:00:00:00:00:01,02:00:00:00:00:02,0x88b5,D4C1,1,1,1,2142,18,208,16,defense4-s3-cell,d4-cell-v1,0,0
133,1800000133203250,203250,response,reverse,13,19,256,02:00:00:00:00:01,02:00:00:00:00:02,0x88b5,D4C1,1,1,1,2143,18,208,16,defense4-s3-cell,d4-cell-v1,0,0
133,1800000133203500,203500,tail,forward,0,20,256,02:00:00:00:00:02,02:00:00:00:00:01,0x88b5,D4C1,1,1,1,802,18,208,16,defense4-s3-cell,d4-cell-v1,0,0
133,1800000133203750,203750,tail,forward,1,21,256,02:00:00:00:00:02,02:00:00:00:00:01,0x88b5,D4C1,1,1,1,803,18,208,16,defense4-s3-cell,d4-cell-v1,0,0
134,1800000134000000,0,request,forward,0,0,256,02:00:00:00:00:02,02:00:00:00:00:01,0x88b5,D4C1,1,1,1,804,18,208,16,defense4-s3-cell,d4-cell-v1,0,0
134,1800000134000250,250,request,forward,1,1,256,02:00:00:00:00:02,02:00:00:00:00:01,0x88b5,D4C1,1,1,1,805,18,208,16,defense4-s3-cell,d4-cell-v1,0,0
134,1800000134000500,500,request,forward,2,2,256,02:00:00:00:00:02,02:00:00:00:00:01,0x88b5,D4C1,1,1,1,806,18,208,16,defense4-s3-cell,d4-cell-v1,0,0
134,1800000134000750,750,request,forward,3,3,256,02:00:00:00:00:02,02:00:00:00:00:01,0x88b5,D4C1,1,1,1,807,18,208,16,defense4-s3-cell,d4-cell-v1,0,0
134,1800000134001000,1000,ack,reverse,0,4,256,02:00:00:00:00:01,02:00:00:00:00:02,0x88b5,D4C1,1,1,1,2144,18,208,16,defense4-s3-cell,d4-cell-v1,0,0
134,1800000134001250,1250,ack,reverse,1,5,256,02:00:00:00:00:01,02:00:00:00:00:02,0x88b5,D4C1,1,1,1,2145,18,208,16,defense4-s3-cell,d4-cell-v1,0,0
134,1800000134200000,200000,response,reverse,0,6,256,02:00:00:00:00:01,02:00:00:00:00:02,0x88b5,D4C1,1,1,1,2146,18,208,16,defense4-s3-cell,d4-cell-v1,0,0
134,1800000134200250,200250,response,reverse,1,7,256,02:00:00:00:00:01,02:00:00:00:00:02,0x88b5,D4C1,1,1,1,2147,18,208,16,defense4-s3-cell,d4-cell-v1,0,0
134,1800000134200500,200500,response,reverse,2,8,256,02:00:00:00:00:01,02:00:00:00:00:02,0x88b5,D4C1,1,1,1,2148,18,208,16,defense4-s3-cell,d4-cell-v1,0,0
134,1800000134200750,200750,response,reverse,3,9,256,02:00:00:00:00:01,02:00:00:00:00:02,0x88b5,D4C1,1,1,1,2149,18,208,16,defense4-s3-cell,d4-cell-v1,0,0
134,1800000134201000,201000,response,reverse,4,10,256,02:00:00:00:00:01,02:00:00:00:00:02,0x88b5,D4C1,1,1,1,2150,18,208,16,defense4-s3-cell,d4-cell-v1,0,0
134,1800000134201250,201250,response,reverse,5,11,256,02:00:00:00:00:01,02:00:00:00:00:02,0x88b5,D4C1,1,1,1,2151,18,208,16,defense4-s3-cell,d4-cell-v1,0,0
134,1800000134201500,201500,response,reverse,6,12,256,02:00:00:00:00:01,02:00:00:00:00:02,0x88b5,D4C1,1,1,1,2152,18,208,16,defense4-s3-cell,d4-cell-v1,0,0
134,1800000134201750,201750,response,reverse,7,13,256,02:00:00:00:00:01,02:00:00:00:00:02,0x88b5,D4C1,1,1,1,2153,18,208,16,defense4-s3-cell,d4-cell-v1,0,0
134,1800000134202000,202000,response,reverse,8,14,256,02:00:00:00:00:01,02:00:00:00:00:02,0x88b5,D4C1,1,1,1,2154,18,208,16,defense4-s3-cell,d4-cell-v1,0,0
134,1800000134202250,202250,response,reverse,9,15,256,02:00:00:00:00:01,02:00:00:00:00:02,0x88b5,D4C1,1,1,1,2155,18,208,16,defense4-s3-cell,d4-cell-v1,0,0
134,1800000134202500,202500,response,reverse,10,16,256,02:00:00:00:00:01,02:00:00:00:00:02,0x88b5,D4C1,1,1,1,2156,18,208,16,defense4-s3-cell,d4-cell-v1,0,0
134,1800000134202750,202750,response,reverse,11,17,256,02:00:00:00:00:01,02:00:00:00:00:02,0x88b5,D4C1,1,1,1,2157,18,208,16,defense4-s3-cell,d4-cell-v1,0,0
134,1800000134203000,203000,response,reverse,12,18,256,02:00:00:00:00:01,02:00:00:00:00:02,0x88b5,D4C1,1,1,1,2158,18,208,16,defense4-s3-cell,d4-cell-v1,0,0
134,1800000134203250,203250,response,reverse,13,19,256,02:00:00:00:00:01,02:00:00:00:00:02,0x88b5,D4C1,1,1,1,2159,18,208,16,defense4-s3-cell,d4-cell-v1,0,0
134,1800000134203500,203500,tail,forward,0,20,256,02:00:00:00:00:02,02:00:00:00:00:01,0x88b5,D4C1,1,1,1,808,18,208,16,defense4-s3-cell,d4-cell-v1,0,0
134,1800000134203750,203750,tail,forward,1,21,256,02:00:00:00:00:02,02:00:00:00:00:01,0x88b5,D4C1,1,1,1,809,18,208,16,defense4-s3-cell,d4-cell-v1,0,0
135,1800000135000000,0,request,forward,0,0,256,02:00:00:00:00:02,02:00:00:00:00:01,0x88b5,D4C1,1,1,1,810,18,208,16,defense4-s3-cell,d4-cell-v1,0,0
135,1800000135000250,250,request,forward,1,1,256,02:00:00:00:00:02,02:00:00:00:00:01,0x88b5,D4C1,1,1,1,811,18,208,16,defense4-s3-cell,d4-cell-v1,0,0
135,1800000135000500,500,request,forward,2,2,256,02:00:00:00:00:02,02:00:00:00:00:01,0x88b5,D4C1,1,1,1,812,18,208,16,defense4-s3-cell,d4-cell-v1,0,0
135,1800000135000750,750,request,forward,3,3,256,02:00:00:00:00:02,02:00:00:00:00:01,0x88b5,D4C1,1,1,1,813,18,208,16,defense4-s3-cell,d4-cell-v1,0,0
135,1800000135001000,1000,ack,reverse,0,4,256,02:00:00:00:00:01,02:00:00:00:00:02,0x88b5,D4C1,1,1,1,2160,18,208,16,defense4-s3-cell,d4-cell-v1,0,0
135,1800000135001250,1250,ack,reverse,1,5,256,02:00:00:00:00:01,02:00:00:00:00:02,0x88b5,D4C1,1,1,1,2161,18,208,16,defense4-s3-cell,d4-cell-v1,0,0
135,1800000135200000,200000,response,reverse,0,6,256,02:00:00:00:00:01,02:00:00:00:00:02,0x88b5,D4C1,1,1,1,2162,18,208,16,defense4-s3-cell,d4-cell-v1,0,0
135,1800000135200250,200250,response,reverse,1,7,256,02:00:00:00:00:01,02:00:00:00:00:02,0x88b5,D4C1,1,1,1,2163,18,208,16,defense4-s3-cell,d4-cell-v1,0,0
135,1800000135200500,200500,response,reverse,2,8,256,02:00:00:00:00:01,02:00:00:00:00:02,0x88b5,D4C1,1,1,1,2164,18,208,16,defense4-s3-cell,d4-cell-v1,0,0
135,1800000135200750,200750,response,reverse,3,9,256,02:00:00:00:00:01,02:00:00:00:00:02,0x88b5,D4C1,1,1,1,2165,18,208,16,defense4-s3-cell,d4-cell-v1,0,0
135,1800000135201000,201000,response,reverse,4,10,256,02:00:00:00:00:01,02:00:00:00:00:02,0x88b5,D4C1,1,1,1,2166,18,208,16,defense4-s3-cell,d4-cell-v1,0,0
135,1800000135201250,201250,response,reverse,5,11,256,02:00:00:00:00:01,02:00:00:00:00:02,0x88b5,D4C1,1,1,1,2167,18,208,16,defense4-s3-cell,d4-cell-v1,0,0
135,1800000135201500,201500,response,reverse,6,12,256,02:00:00:00:00:01,02:00:00:00:00:02,0x88b5,D4C1,1,1,1,2168,18,208,16,defense4-s3-cell,d4-cell-v1,0,0
135,1800000135201750,201750,response,reverse,7,13,256,02:00:00:00:00:01,02:00:00:00:00:02,0x88b5,D4C1,1,1,1,2169,18,208,16,defense4-s3-cell,d4-cell-v1,0,0
135,1800000135202000,202000,response,reverse,8,14,256,02:00:00:00:00:01,02:00:00:00:00:02,0x88b5,D4C1,1,1,1,2170,18,208,16,defense4-s3-cell,d4-cell-v1,0,0
135,1800000135202250,202250,response,reverse,9,15,256,02:00:00:00:00:01,02:00:00:00:00:02,0x88b5,D4C1,1,1,1,2171,18,208,16,defense4-s3-cell,d4-cell-v1,0,0
135,1800000135202500,202500,response,reverse,10,16,256,02:00:00:00:00:01,02:00:00:00:00:02,0x88b5,D4C1,1,1,1,2172,18,208,16,defense4-s3-cell,d4-cell-v1,0,0
135,1800000135202750,202750,response,reverse,11,17,256,02:00:00:00:00:01,02:00:00:00:00:02,0x88b5,D4C1,1,1,1,2173,18,208,16,defense4-s3-cell,d4-cell-v1,0,0
135,1800000135203000,203000,response,reverse,12,18,256,02:00:00:00:00:01,02:00:00:00:00:02,0x88b5,D4C1,1,1,1,2174,18,208,16,defense4-s3-cell,d4-cell-v1,0,0
135,1800000135203250,203250,response,reverse,13,19,256,02:00:00:00:00:01,02:00:00:00:00:02,0x88b5,D4C1,1,1,1,2175,18,208,16,defense4-s3-cell,d4-cell-v1,0,0
135,1800000135203500,203500,tail,forward,0,20,256,02:00:00:00:00:02,02:00:00:00:00:01,0x88b5,D4C1,1,1,1,814,18,208,16,defense4-s3-cell,d4-cell-v1,0,0
135,1800000135203750,203750,tail,forward,1,21,256,02:00:00:00:00:02,02:00:00:00:00:01,0x88b5,D4C1,1,1,1,815,18,208,16,defense4-s3-cell,d4-cell-v1,0,0
136,1800000136000000,0,request,forward,0,0,256,02:00:00:00:00:02,02:00:00:00:00:01,0x88b5,D4C1,1,1,1,816,18,208,16,defense4-s3-cell,d4-cell-v1,0,0
136,1800000136000250,250,request,forward,1,1,256,02:00:00:00:00:02,02:00:00:00:00:01,0x88b5,D4C1,1,1,1,817,18,208,16,defense4-s3-cell,d4-cell-v1,0,0
136,1800000136000500,500,request,forward,2,2,256,02:00:00:00:00:02,02:00:00:00:00:01,0x88b5,D4C1,1,1,1,818,18,208,16,defense4-s3-cell,d4-cell-v1,0,0
136,1800000136000750,750,request,forward,3,3,256,02:00:00:00:00:02,02:00:00:00:00:01,0x88b5,D4C1,1,1,1,819,18,208,16,defense4-s3-cell,d4-cell-v1,0,0
136,1800000136001000,1000,ack,reverse,0,4,256,02:00:00:00:00:01,02:00:00:00:00:02,0x88b5,D4C1,1,1,1,2176,18,208,16,defense4-s3-cell,d4-cell-v1,0,0
136,1800000136001250,1250,ack,reverse,1,5,256,02:00:00:00:00:01,02:00:00:00:00:02,0x88b5,D4C1,1,1,1,2177,18,208,16,defense4-s3-cell,d4-cell-v1,0,0
136,1800000136200000,200000,response,reverse,0,6,256,02:00:00:00:00:01,02:00:00:00:00:02,0x88b5,D4C1,1,1,1,2178,18,208,16,defense4-s3-cell,d4-cell-v1,0,0
136,1800000136200250,200250,response,reverse,1,7,256,02:00:00:00:00:01,02:00:00:00:00:02,0x88b5,D4C1,1,1,1,2179,18,208,16,defense4-s3-cell,d4-cell-v1,0,0
136,1800000136200500,200500,response,reverse,2,8,256,02:00:00:00:00:01,02:00:00:00:00:02,0x88b5,D4C1,1,1,1,2180,18,208,16,defense4-s3-cell,d4-cell-v1,0,0
136,1800000136200750,200750,response,reverse,3,9,256,02:00:00:00:00:01,02:00:00:00:00:02,0x88b5,D4C1,1,1,1,2181,18,208,16,defense4-s3-cell,d4-cell-v1,0,0
136,1800000136201000,201000,response,reverse,4,10,256,02:00:00:00:00:01,02:00:00:00:00:02,0x88b5,D4C1,1,1,1,2182,18,208,16,defense4-s3-cell,d4-cell-v1,0,0
136,1800000136201250,201250,response,reverse,5,11,256,02:00:00:00:00:01,02:00:00:00:00:02,0x88b5,D4C1,1,1,1,2183,18,208,16,defense4-s3-cell,d4-cell-v1,0,0
136,1800000136201500,201500,response,reverse,6,12,256,02:00:00:00:00:01,02:00:00:00:00:02,0x88b5,D4C1,1,1,1,2184,18,208,16,defense4-s3-cell,d4-cell-v1,0,0
136,1800000136201750,201750,response,reverse,7,13,256,02:00:00:00:00:01,02:00:00:00:00:02,0x88b5,D4C1,1,1,1,2185,18,208,16,defense4-s3-cell,d4-cell-v1,0,0
136,1800000136202000,202000,response,reverse,8,14,256,02:00:00:00:00:01,02:00:00:00:00:02,0x88b5,D4C1,1,1,1,2186,18,208,16,defense4-s3-cell,d4-cell-v1,0,0
136,1800000136202250,202250,response,reverse,9,15,256,02:00:00:00:00:01,02:00:00:00:00:02,0x88b5,D4C1,1,1,1,2187,18,208,16,defense4-s3-cell,d4-cell-v1,0,0
136,1800000136202500,202500,response,reverse,10,16,256,02:00:00:00:00:01,02:00:00:00:00:02,0x88b5,D4C1,1,1,1,2188,18,208,16,defense4-s3-cell,d4-cell-v1,0,0
136,1800000136202750,202750,response,reverse,11,17,256,02:00:00:00:00:01,02:00:00:00:00:02,0x88b5,D4C1,1,1,1,2189,18,208,16,defense4-s3-cell,d4-cell-v1,0,0
136,1800000136203000,203000,response,reverse,12,18,256,02:00:00:00:00:01,02:00:00:00:00:02,0x88b5,D4C1,1,1,1,2190,18,208,16,defense4-s3-cell,d4-cell-v1,0,0
136,1800000136203250,203250,response,reverse,13,19,256,02:00:00:00:00:01,02:00:00:00:00:02,0x88b5,D4C1,1,1,1,2191,18,208,16,defense4-s3-cell,d4-cell-v1,0,0
136,1800000136203500,203500,tail,forward,0,20,256,02:00:00:00:00:02,02:00:00:00:00:01,0x88b5,D4C1,1,1,1,820,18,208,16,defense4-s3-cell,d4-cell-v1,0,0
136,1800000136203750,203750,tail,forward,1,21,256,02:00:00:00:00:02,02:00:00:00:00:01,0x88b5,D4C1,1,1,1,821,18,208,16,defense4-s3-cell,d4-cell-v1,0,0
