[17:59:12] === HOLD-CONTINUITY K-SWEEP 20260803T175912Z -> /home/philip/Projects/DNP3/defense3/evidence/ksweep_hold/20260803T175912Z (reps=3) ===
[17:59:12] trial K=64 D=2ms B=18000 rep=1
[17:59:12] acquired /tmp/case_a_defense3_gate2.lock (pid 3261810)
[17:59:12] mode=gate2 dryrun=0 prog=case_a_defense3 skip_restore=1
[17:59:13] pre-run switch state: {"n_bf_switchd":1,"pid":"597143","conf":"/home/decps/d3/d3_final_synth.conf","p4_name":"case_a_defense3"}
[17:59:13] === GATE 2: ONE synthetic transaction, then STOP ===
[17:59:13] D=2 ms  budget=18000  scenario=gate2-2timer  ipg=500000 ns  gen=0xC0
[17:59:13] evidence: /home/philip/Projects/DNP3/defense3/evidence/ksweep_hold/20260803T175912Z/gate2_20260803T175912Z
[17:59:13] --- staging /home/philip/Projects/DNP3/defense3/run/poll_defense3.py + the Gate-1 setup module -> decps@10.10.54.81:/home/decps/d3gate2 ---
[17:59:14] --- preflight cleanup + clean assertion ---
[17:59:19] transaction returned rc=0
[17:59:20] --- scoring ---
==============================================================================
DEFENSE 3 — §13 GATE 2 — gate2_txn.json
==============================================================================
RES    ID     REQUIREMENT
------ ------ ----------------------------------------------------------
PASS   V-01   trial ran to completion (verdict COMPLETE)
                verdict='COMPLETE'
PASS   V-02   trial asserted a CLEAN START and was not refused
                reasons=[]
PASS   V-03   mandatory cleanup ran (from the `finally`)
                cleanup_synth present=True
PASS   C-R1   dp8 speed == BF_SPEED_25G on BOTH the MAC and the TM
                MAC $SPEED='BF_SPEED_25G', TM scheduling_speed='BF_SPEED_25G'
                (both must be BF_SPEED_25G)
PASS   G-01   one READ
                ARM_FRESH=1 ARM_DUP=0 ARM_BUSY=0
PASS   G-02   one K=64 blocker burst
                PKTGEN_ADMIT=64 (want 64) PKTGEN_DROP=0
PASS   G-03   one ACK admitted to Q_HOLD
                ACK_HOLD=1 ACK_DUP_HOLD=0 ACK_REJECT=0
PASS   G-04   one EARLY RESPONSE admitted behind the ACK
                RESP_HOLD_EARLY=1 (the ACK had not yet been released)
                RESP_HOLD_LATE=0 RESP_BYPASS=0
PASS   G-05   no ACK before t_ACK + D
                hold=2001607 ns, D=1999872.0 ns, raw error=1735.0 ns (must be
                >= 0)
PASS   G-06   no RESPONSE before the ACK
                t_resp_release - t_ack_release = 28 ns (must be > 0; a
                negative value is the wire order INVERTED)
PASS   G-07   ACK released FIRST
                CD_ACK_RELEASE=1 + CD_ACK_REL_RETIRE=0 (E1 partitions the
                releases, so the SUM is the count) = 1, ordering gap=28 ns
PASS   G-08   RESPONSE released SECOND
                RELEASE_DEADLINE=1 RELEASE_FAILOPEN=0 (the two causes
                partition the releases, so the sum is the release count)
PASS   G-09   all blockers terminate (admitted == stale + deadline + budget)
                admitted=64 terminated=64 (stale=0 deadline=64 budget=0)
PASS   G-10   transaction returns clean (generation retired by the released RESPONSE, no drops, no off-topology packets)
                reg_tag BEFORE cleanup = 0x00 (want 0x00 = TAG_INACTIVE);
                BAD_PORT=0 (the trigger CLONE is counted as CLONE_SEEN=1, NOT
                as BAD_PORT); queue drops=[('qid7', 0), ('qid1', 0)]
PASS   C-R2   reservoir standing: t_first_blocker - t_READ < 100000 ns
                t_first_block - t_READ = 715 ns (bound 100000). A LATE
                reservoir is a SILENT ZERO-HOLD: the ACK arrives min 0.400 ms
                after the READ, so an unblocked Q_HOLD releases it immediately
                and every counter still reads normal.
PASS   C-R4   ACK_RELEASE_FAILOPEN == 0
                BLOCK_TERM_TMO + RELEASE_FAILOPEN = 0. Non-zero means the
                reservoir drained on the pass budget B, so the trial measured
                H = B*K/rate, NOT D.
PASS   C-R5   corrected deadline error |hold - (D + K/rate)| <= 1000 ns
                hold=2001607 ns; D=1999872.0 ns; K/rate=1711.230 ns; raw
                error=+1735.000 ns; CORRECTED error=+23.770 ns. The raw error
                carries a deterministic +1711.230 ns bias; reporting it as
                jitter is the default failure of this measurement.
INFO   I-01   READ -> ACK interval (should track the hardware ipg)
                t_ack_arm - t_READ = 500009 ns, ipg = 500000 ns
INFO   I-02   release tail: ACK -> RESPONSE on the wire
                28 ns
INFO   I-03   blocker loops (dp8 traversals consumed)
                CD_BLOCK_LOOP = 92961

MEASURED SEPARATELY (the direction's Gate-2 list)
  t_ACK (deadline armed)                 3844705291 ns
  d_ACK (the armed deadline word)        3846705153 ns
  first deadline termination             3846705179 ns
  final deadline termination             3846706871 ns
  ACK forward commitment                 3846706898 ns
  RESPONSE forward commitment            3846706926 ns
  actual ACK hold                        2001607 ns
  drain (first -> final termination)     1692 ns
  drain tail (final term -> ACK out)     27 ns
  ACK -> RESPONSE separation             28 ns
  READ -> pktgen trigger                 704 ns
  READ -> full K reservoir               1231 ns

DERIVED
  hold_ns                        2001607
  D_ns                           1999872.0
  tau_ns                         1711.2299465240642
  D_plus_tau_ns                  2001583.2299465241
  deadline_error_raw_ns          1735.0
  deadline_error_corrected_ns    23.77005347593581
  reservoir_standing_ns          715
  read_to_ack_ns                 500009
  ack_to_resp_release_ns         28
  blockers_admitted              64
  blockers_terminated            64
  ack_release_failopen           0

VERDICT: PASS

GATE 2 SUMMARY: 1 trial(s), 1 PASS, 0 FAIL
[17:59:20] -------------------------------------------------------------
[17:59:20] GATE 2 COMPLETE — ONE transaction. txn_rc=0 analyzer_rc=0
[17:59:20] evidence: /home/philip/Projects/DNP3/defense3/evidence/ksweep_hold/20260803T175912Z/gate2_20260803T175912Z
[17:59:20] 
[17:59:20] STOPPING HERE BY DESIGN. Gates 3 (five transactions) and 4 (three
[17:59:20] boundary cases) are separate, human-gated steps and are NOT in this script.
[17:59:20] 
[17:59:20] The EXIT trap now restores the known-good state via the proven runner.
[17:59:20] on_exit: rc=0 — running restoration
[17:59:20] D3_SKIP_RESTORE=1 — NOT restoring. The switch is left as this run found
[17:59:20] it, and restoring it is now YOUR responsibility:
[17:59:20]   bash /home/philip/Projects/DNP3/research/case_a_read_anchored_dual_release/run/run_four_queue_oracle.sh --restore-only
[17:59:20] exit 0
[17:59:20] trial K=48 D=2ms B=18000 rep=1
[17:59:20] acquired /tmp/case_a_defense3_gate2.lock (pid 3261949)
[17:59:20] mode=gate2 dryrun=0 prog=case_a_defense3 skip_restore=1
[17:59:21] pre-run switch state: {"n_bf_switchd":1,"pid":"597143","conf":"/home/decps/d3/d3_final_synth.conf","p4_name":"case_a_defense3"}
[17:59:21] === GATE 2: ONE synthetic transaction, then STOP ===
[17:59:21] D=2 ms  budget=18000  scenario=gate2-2timer  ipg=500000 ns  gen=0xC0
[17:59:21] evidence: /home/philip/Projects/DNP3/defense3/evidence/ksweep_hold/20260803T175912Z/gate2_20260803T175920Z
[17:59:21] --- staging /home/philip/Projects/DNP3/defense3/run/poll_defense3.py + the Gate-1 setup module -> decps@10.10.54.81:/home/decps/d3gate2 ---
[17:59:23] --- preflight cleanup + clean assertion ---
[17:59:28] transaction returned rc=0
[17:59:29] --- scoring ---
==============================================================================
DEFENSE 3 — §13 GATE 2 — gate2_txn.json
==============================================================================
RES    ID     REQUIREMENT
------ ------ ----------------------------------------------------------
PASS   V-01   trial ran to completion (verdict COMPLETE)
                verdict='COMPLETE'
PASS   V-02   trial asserted a CLEAN START and was not refused
                reasons=[]
PASS   V-03   mandatory cleanup ran (from the `finally`)
                cleanup_synth present=True
PASS   C-R1   dp8 speed == BF_SPEED_25G on BOTH the MAC and the TM
                MAC $SPEED='BF_SPEED_25G', TM scheduling_speed='BF_SPEED_25G'
                (both must be BF_SPEED_25G)
PASS   G-01   one READ
                ARM_FRESH=1 ARM_DUP=0 ARM_BUSY=0
PASS   G-02   one K=48 blocker burst
                PKTGEN_ADMIT=48 (want 48) PKTGEN_DROP=0
PASS   G-03   one ACK admitted to Q_HOLD
                ACK_HOLD=1 ACK_DUP_HOLD=0 ACK_REJECT=0
PASS   G-04   one EARLY RESPONSE admitted behind the ACK
                RESP_HOLD_EARLY=1 (the ACK had not yet been released)
                RESP_HOLD_LATE=0 RESP_BYPASS=0
PASS   G-05   no ACK before t_ACK + D
                hold=2001175 ns, D=1999872.0 ns, raw error=1303.0 ns (must be
                >= 0)
PASS   G-06   no RESPONSE before the ACK
                t_resp_release - t_ack_release = 28 ns (must be > 0; a
                negative value is the wire order INVERTED)
PASS   G-07   ACK released FIRST
                CD_ACK_RELEASE=1 + CD_ACK_REL_RETIRE=0 (E1 partitions the
                releases, so the SUM is the count) = 1, ordering gap=28 ns
PASS   G-08   RESPONSE released SECOND
                RELEASE_DEADLINE=1 RELEASE_FAILOPEN=0 (the two causes
                partition the releases, so the sum is the release count)
PASS   G-09   all blockers terminate (admitted == stale + deadline + budget)
                admitted=48 terminated=48 (stale=0 deadline=48 budget=0)
PASS   G-10   transaction returns clean (generation retired by the released RESPONSE, no drops, no off-topology packets)
                reg_tag BEFORE cleanup = 0x00 (want 0x00 = TAG_INACTIVE);
                BAD_PORT=0 (the trigger CLONE is counted as CLONE_SEEN=1, NOT
                as BAD_PORT); queue drops=[('qid7', 0), ('qid1', 0)]
PASS   C-R2   reservoir standing: t_first_blocker - t_READ < 100000 ns
                t_first_block - t_READ = 714 ns (bound 100000). A LATE
                reservoir is a SILENT ZERO-HOLD: the ACK arrives min 0.400 ms
                after the READ, so an unblocked Q_HOLD releases it immediately
                and every counter still reads normal.
PASS   C-R4   ACK_RELEASE_FAILOPEN == 0
                BLOCK_TERM_TMO + RELEASE_FAILOPEN = 0. Non-zero means the
                reservoir drained on the pass budget B, so the trial measured
                H = B*K/rate, NOT D.
PASS   C-R5   corrected deadline error |hold - (D + K/rate)| <= 1000 ns
                hold=2001175 ns; D=1999872.0 ns; K/rate=1283.422 ns; raw
                error=+1303.000 ns; CORRECTED error=+19.578 ns. The raw error
                carries a deterministic +1283.422 ns bias; reporting it as
                jitter is the default failure of this measurement.
INFO   I-01   READ -> ACK interval (should track the hardware ipg)
                t_ack_arm - t_READ = 500010 ns, ipg = 500000 ns
INFO   I-02   release tail: ACK -> RESPONSE on the wire
                28 ns
INFO   I-03   blocker loops (dp8 traversals consumed)
                CD_BLOCK_LOOP = 92961

MEASURED SEPARATELY (the direction's Gate-2 list)
  t_ACK (deadline armed)                 4118388237 ns
  d_ACK (the armed deadline word)        4120388097 ns
  first deadline termination             4120388122 ns
  final deadline termination             4120389386 ns
  ACK forward commitment                 4120389412 ns
  RESPONSE forward commitment            4120389440 ns
  actual ACK hold                        2001175 ns
  drain (first -> final termination)     1264 ns
  drain tail (final term -> ACK out)     26 ns
  ACK -> RESPONSE separation             28 ns
  READ -> pktgen trigger                 704 ns
  READ -> full K reservoir               1101 ns

DERIVED
  hold_ns                        2001175
  D_ns                           1999872.0
  tau_ns                         1283.4224598930482
  D_plus_tau_ns                  2001155.4224598932
  deadline_error_raw_ns          1303.0
  deadline_error_corrected_ns    19.5775401069518
  reservoir_standing_ns          714
  read_to_ack_ns                 500010
  ack_to_resp_release_ns         28
  blockers_admitted              48
  blockers_terminated            48
  ack_release_failopen           0

VERDICT: PASS

GATE 2 SUMMARY: 1 trial(s), 1 PASS, 0 FAIL
[17:59:29] -------------------------------------------------------------
[17:59:29] GATE 2 COMPLETE — ONE transaction. txn_rc=0 analyzer_rc=0
[17:59:29] evidence: /home/philip/Projects/DNP3/defense3/evidence/ksweep_hold/20260803T175912Z/gate2_20260803T175920Z
[17:59:29] 
[17:59:29] STOPPING HERE BY DESIGN. Gates 3 (five transactions) and 4 (three
[17:59:29] boundary cases) are separate, human-gated steps and are NOT in this script.
[17:59:29] 
[17:59:29] The EXIT trap now restores the known-good state via the proven runner.
[17:59:29] on_exit: rc=0 — running restoration
[17:59:29] D3_SKIP_RESTORE=1 — NOT restoring. The switch is left as this run found
[17:59:29] it, and restoring it is now YOUR responsibility:
[17:59:29]   bash /home/philip/Projects/DNP3/research/case_a_read_anchored_dual_release/run/run_four_queue_oracle.sh --restore-only
[17:59:29] exit 0
[17:59:29] trial K=32 D=2ms B=18000 rep=1
[17:59:29] acquired /tmp/case_a_defense3_gate2.lock (pid 3262139)
[17:59:29] mode=gate2 dryrun=0 prog=case_a_defense3 skip_restore=1
[17:59:30] pre-run switch state: {"n_bf_switchd":1,"pid":"597143","conf":"/home/decps/d3/d3_final_synth.conf","p4_name":"case_a_defense3"}
[17:59:30] === GATE 2: ONE synthetic transaction, then STOP ===
[17:59:30] D=2 ms  budget=18000  scenario=gate2-2timer  ipg=500000 ns  gen=0xC0
[17:59:30] evidence: /home/philip/Projects/DNP3/defense3/evidence/ksweep_hold/20260803T175912Z/gate2_20260803T175929Z
[17:59:30] --- staging /home/philip/Projects/DNP3/defense3/run/poll_defense3.py + the Gate-1 setup module -> decps@10.10.54.81:/home/decps/d3gate2 ---
[17:59:32] --- preflight cleanup + clean assertion ---
[17:59:37] transaction returned rc=0
[17:59:38] --- scoring ---
==============================================================================
DEFENSE 3 — §13 GATE 2 — gate2_txn.json
==============================================================================
RES    ID     REQUIREMENT
------ ------ ----------------------------------------------------------
PASS   V-01   trial ran to completion (verdict COMPLETE)
                verdict='COMPLETE'
PASS   V-02   trial asserted a CLEAN START and was not refused
                reasons=[]
PASS   V-03   mandatory cleanup ran (from the `finally`)
                cleanup_synth present=True
PASS   C-R1   dp8 speed == BF_SPEED_25G on BOTH the MAC and the TM
                MAC $SPEED='BF_SPEED_25G', TM scheduling_speed='BF_SPEED_25G'
                (both must be BF_SPEED_25G)
PASS   G-01   one READ
                ARM_FRESH=1 ARM_DUP=0 ARM_BUSY=0
PASS   G-02   one K=32 blocker burst
                PKTGEN_ADMIT=32 (want 32) PKTGEN_DROP=0
PASS   G-03   one ACK admitted to Q_HOLD
                ACK_HOLD=1 ACK_DUP_HOLD=0 ACK_REJECT=0
FAIL   G-04   one EARLY RESPONSE admitted behind the ACK
                RESP_HOLD_EARLY=0 (the ACK had not yet been released)
                RESP_HOLD_LATE=0 RESP_BYPASS=1
FAIL   G-05   no ACK before t_ACK + D
                hold=847 ns, D=1999872.0 ns, raw error=-1999025.0 ns (must be
                >= 0)
INDETERMINATE G-06   no RESPONSE before the ACK
                t_resp_release - t_ack_release = None ns (must be > 0; a
                negative value is the wire order INVERTED)
INDETERMINATE G-07   ACK released FIRST
                CD_ACK_RELEASE=0 + CD_ACK_REL_RETIRE=1 (E1 partitions the
                releases, so the SUM is the count) = 1, ordering gap=None ns
FAIL   G-08   RESPONSE released SECOND
                RELEASE_DEADLINE=0 RELEASE_FAILOPEN=0 (the two causes
                partition the releases, so the sum is the release count)
PASS   G-09   all blockers terminate (admitted == stale + deadline + budget)
                admitted=32 terminated=32 (stale=32 deadline=0 budget=0)
PASS   G-10   transaction returns clean (generation retired by the released RESPONSE, no drops, no off-topology packets)
                reg_tag BEFORE cleanup = 0x00 (want 0x00 = TAG_INACTIVE);
                BAD_PORT=0 (the trigger CLONE is counted as CLONE_SEEN=1, NOT
                as BAD_PORT); queue drops=[('qid7', 0), ('qid1', 0)]
PASS   C-R2   reservoir standing: t_first_blocker - t_READ < 100000 ns
                t_first_block - t_READ = 716 ns (bound 100000). A LATE
                reservoir is a SILENT ZERO-HOLD: the ACK arrives min 0.400 ms
                after the READ, so an unblocked Q_HOLD releases it immediately
                and every counter still reads normal.
PASS   C-R4   ACK_RELEASE_FAILOPEN == 0
                BLOCK_TERM_TMO + RELEASE_FAILOPEN = 0. Non-zero means the
                reservoir drained on the pass budget B, so the trial measured
                H = B*K/rate, NOT D.
FAIL   C-R5   corrected deadline error |hold - (D + K/rate)| <= 1000 ns
                hold=847 ns; D=1999872.0 ns; K/rate=855.615 ns; raw
                error=-1999025.000 ns; CORRECTED error=-1999880.615 ns. The
                raw error carries a deterministic +855.615 ns bias; reporting
                it as jitter is the default failure of this measurement.
INFO   I-01   READ -> ACK interval (should track the hardware ipg)
                t_ack_arm - t_READ = 500010 ns, ipg = 500000 ns
INFO   I-02   release tail: ACK -> RESPONSE on the wire
                None ns
INFO   I-03   blocker loops (dp8 traversals consumed)
                CD_BLOCK_LOOP = 18589

MEASURED SEPARATELY (the direction's Gate-2 list)
  t_ACK (deadline armed)                 139803719 ns
  d_ACK (the armed deadline word)        141803521 ns
  first deadline termination             139804596 ns
  final deadline termination             139805427 ns
  ACK forward commitment                 139804566 ns
  RESPONSE forward commitment            n/a
  actual ACK hold                        847 ns
  drain (first -> final termination)     831 ns
  drain tail (final term -> ACK out)     -861 ns
  ACK -> RESPONSE separation             n/a
  READ -> pktgen trigger                 705 ns
  READ -> full K reservoir               970 ns

DERIVED
  hold_ns                        847
  D_ns                           1999872.0
  tau_ns                         855.6149732620321
  D_plus_tau_ns                  2000727.614973262
  deadline_error_raw_ns          -1999025.0
  deadline_error_corrected_ns    -1999880.614973262
  reservoir_standing_ns          716
  read_to_ack_ns                 500010
  ack_to_resp_release_ns         None
  blockers_admitted              32
  blockers_terminated            32
  ack_release_failopen           0

VERDICT: FAIL

GATE 2 SUMMARY: 1 trial(s), 0 PASS, 1 FAIL
[17:59:38] -------------------------------------------------------------
[17:59:38] GATE 2 COMPLETE — ONE transaction. txn_rc=0 analyzer_rc=1
[17:59:38] evidence: /home/philip/Projects/DNP3/defense3/evidence/ksweep_hold/20260803T175912Z/gate2_20260803T175929Z
[17:59:38] 
[17:59:38] STOPPING HERE BY DESIGN. Gates 3 (five transactions) and 4 (three
[17:59:38] boundary cases) are separate, human-gated steps and are NOT in this script.
[17:59:38] 
[17:59:38] The EXIT trap now restores the known-good state via the proven runner.
[17:59:38] on_exit: rc=1 — running restoration
[17:59:38] D3_SKIP_RESTORE=1 — NOT restoring. The switch is left as this run found
[17:59:38] it, and restoring it is now YOUR responsibility:
[17:59:38]   bash /home/philip/Projects/DNP3/research/case_a_read_anchored_dual_release/run/run_four_queue_oracle.sh --restore-only
[17:59:38] exit 1
[17:59:38] trial K=24 D=2ms B=18000 rep=1
[17:59:38] acquired /tmp/case_a_defense3_gate2.lock (pid 3262273)
[17:59:38] mode=gate2 dryrun=0 prog=case_a_defense3 skip_restore=1
[17:59:39] pre-run switch state: {"n_bf_switchd":1,"pid":"597143","conf":"/home/decps/d3/d3_final_synth.conf","p4_name":"case_a_defense3"}
[17:59:39] === GATE 2: ONE synthetic transaction, then STOP ===
[17:59:39] D=2 ms  budget=18000  scenario=gate2-2timer  ipg=500000 ns  gen=0xC0
[17:59:39] evidence: /home/philip/Projects/DNP3/defense3/evidence/ksweep_hold/20260803T175912Z/gate2_20260803T175938Z
[17:59:39] --- staging /home/philip/Projects/DNP3/defense3/run/poll_defense3.py + the Gate-1 setup module -> decps@10.10.54.81:/home/decps/d3gate2 ---
[17:59:41] --- preflight cleanup + clean assertion ---
[17:59:46] transaction returned rc=0
[17:59:47] --- scoring ---
==============================================================================
DEFENSE 3 — §13 GATE 2 — gate2_txn.json
==============================================================================
RES    ID     REQUIREMENT
------ ------ ----------------------------------------------------------
PASS   V-01   trial ran to completion (verdict COMPLETE)
                verdict='COMPLETE'
PASS   V-02   trial asserted a CLEAN START and was not refused
                reasons=[]
PASS   V-03   mandatory cleanup ran (from the `finally`)
                cleanup_synth present=True
PASS   C-R1   dp8 speed == BF_SPEED_25G on BOTH the MAC and the TM
                MAC $SPEED='BF_SPEED_25G', TM scheduling_speed='BF_SPEED_25G'
                (both must be BF_SPEED_25G)
PASS   G-01   one READ
                ARM_FRESH=1 ARM_DUP=0 ARM_BUSY=0
PASS   G-02   one K=24 blocker burst
                PKTGEN_ADMIT=24 (want 24) PKTGEN_DROP=0
PASS   G-03   one ACK admitted to Q_HOLD
                ACK_HOLD=1 ACK_DUP_HOLD=0 ACK_REJECT=0
FAIL   G-04   one EARLY RESPONSE admitted behind the ACK
                RESP_HOLD_EARLY=0 (the ACK had not yet been released)
                RESP_HOLD_LATE=0 RESP_BYPASS=1
FAIL   G-05   no ACK before t_ACK + D
                hold=631 ns, D=1999872.0 ns, raw error=-1999241.0 ns (must be
                >= 0)
INDETERMINATE G-06   no RESPONSE before the ACK
                t_resp_release - t_ack_release = None ns (must be > 0; a
                negative value is the wire order INVERTED)
INDETERMINATE G-07   ACK released FIRST
                CD_ACK_RELEASE=0 + CD_ACK_REL_RETIRE=1 (E1 partitions the
                releases, so the SUM is the count) = 1, ordering gap=None ns
FAIL   G-08   RESPONSE released SECOND
                RELEASE_DEADLINE=0 RELEASE_FAILOPEN=0 (the two causes
                partition the releases, so the sum is the release count)
PASS   G-09   all blockers terminate (admitted == stale + deadline + budget)
                admitted=24 terminated=24 (stale=24 deadline=0 budget=0)
PASS   G-10   transaction returns clean (generation retired by the released RESPONSE, no drops, no off-topology packets)
                reg_tag BEFORE cleanup = 0x00 (want 0x00 = TAG_INACTIVE);
                BAD_PORT=0 (the trigger CLONE is counted as CLONE_SEEN=1, NOT
                as BAD_PORT); queue drops=[('qid7', 0), ('qid1', 0)]
PASS   C-R2   reservoir standing: t_first_blocker - t_READ < 100000 ns
                t_first_block - t_READ = 716 ns (bound 100000). A LATE
                reservoir is a SILENT ZERO-HOLD: the ACK arrives min 0.400 ms
                after the READ, so an unblocked Q_HOLD releases it immediately
                and every counter still reads normal.
PASS   C-R4   ACK_RELEASE_FAILOPEN == 0
                BLOCK_TERM_TMO + RELEASE_FAILOPEN = 0. Non-zero means the
                reservoir drained on the pass budget B, so the trial measured
                H = B*K/rate, NOT D.
FAIL   C-R5   corrected deadline error |hold - (D + K/rate)| <= 1000 ns
                hold=631 ns; D=1999872.0 ns; K/rate=641.711 ns; raw
                error=-1999241.000 ns; CORRECTED error=-1999882.711 ns. The
                raw error carries a deterministic +641.711 ns bias; reporting
                it as jitter is the default failure of this measurement.
INFO   I-01   READ -> ACK interval (should track the hardware ipg)
                t_ack_arm - t_READ = 500009 ns, ipg = 500000 ns
INFO   I-02   release tail: ACK -> RESPONSE on the wire
                None ns
INFO   I-03   blocker loops (dp8 traversals consumed)
                CD_BLOCK_LOOP = 18581

MEASURED SEPARATELY (the direction's Gate-2 list)
  t_ACK (deadline armed)                 505545079 ns
  d_ACK (the armed deadline word)        507544833 ns
  first deadline termination             505545738 ns
  final deadline termination             505546359 ns
  ACK forward commitment                 505545710 ns
  RESPONSE forward commitment            n/a
  actual ACK hold                        631 ns
  drain (first -> final termination)     621 ns
  drain tail (final term -> ACK out)     -649 ns
  ACK -> RESPONSE separation             n/a
  READ -> pktgen trigger                 705 ns
  READ -> full K reservoir               905 ns

DERIVED
  hold_ns                        631
  D_ns                           1999872.0
  tau_ns                         641.7112299465241
  D_plus_tau_ns                  2000513.7112299465
  deadline_error_raw_ns          -1999241.0
  deadline_error_corrected_ns    -1999882.7112299465
  reservoir_standing_ns          716
  read_to_ack_ns                 500009
  ack_to_resp_release_ns         None
  blockers_admitted              24
  blockers_terminated            24
  ack_release_failopen           0

VERDICT: FAIL

GATE 2 SUMMARY: 1 trial(s), 0 PASS, 1 FAIL
[17:59:47] -------------------------------------------------------------
[17:59:47] GATE 2 COMPLETE — ONE transaction. txn_rc=0 analyzer_rc=1
[17:59:47] evidence: /home/philip/Projects/DNP3/defense3/evidence/ksweep_hold/20260803T175912Z/gate2_20260803T175938Z
[17:59:47] 
[17:59:47] STOPPING HERE BY DESIGN. Gates 3 (five transactions) and 4 (three
[17:59:47] boundary cases) are separate, human-gated steps and are NOT in this script.
[17:59:47] 
[17:59:47] The EXIT trap now restores the known-good state via the proven runner.
[17:59:47] on_exit: rc=1 — running restoration
[17:59:47] D3_SKIP_RESTORE=1 — NOT restoring. The switch is left as this run found
[17:59:47] it, and restoring it is now YOUR responsibility:
[17:59:47]   bash /home/philip/Projects/DNP3/research/case_a_read_anchored_dual_release/run/run_four_queue_oracle.sh --restore-only
[17:59:47] exit 1
[17:59:47] trial K=20 D=2ms B=18000 rep=1
[17:59:47] acquired /tmp/case_a_defense3_gate2.lock (pid 3262449)
[17:59:47] mode=gate2 dryrun=0 prog=case_a_defense3 skip_restore=1
[17:59:48] pre-run switch state: {"n_bf_switchd":1,"pid":"597143","conf":"/home/decps/d3/d3_final_synth.conf","p4_name":"case_a_defense3"}
[17:59:48] === GATE 2: ONE synthetic transaction, then STOP ===
[17:59:48] D=2 ms  budget=18000  scenario=gate2-2timer  ipg=500000 ns  gen=0xC0
[17:59:48] evidence: /home/philip/Projects/DNP3/defense3/evidence/ksweep_hold/20260803T175912Z/gate2_20260803T175947Z
[17:59:48] --- staging /home/philip/Projects/DNP3/defense3/run/poll_defense3.py + the Gate-1 setup module -> decps@10.10.54.81:/home/decps/d3gate2 ---
[17:59:49] --- preflight cleanup + clean assertion ---
[17:59:55] transaction returned rc=0
[17:59:56] --- scoring ---
==============================================================================
DEFENSE 3 — §13 GATE 2 — gate2_txn.json
==============================================================================
RES    ID     REQUIREMENT
------ ------ ----------------------------------------------------------
PASS   V-01   trial ran to completion (verdict COMPLETE)
                verdict='COMPLETE'
PASS   V-02   trial asserted a CLEAN START and was not refused
                reasons=[]
PASS   V-03   mandatory cleanup ran (from the `finally`)
                cleanup_synth present=True
PASS   C-R1   dp8 speed == BF_SPEED_25G on BOTH the MAC and the TM
                MAC $SPEED='BF_SPEED_25G', TM scheduling_speed='BF_SPEED_25G'
                (both must be BF_SPEED_25G)
PASS   G-01   one READ
                ARM_FRESH=1 ARM_DUP=0 ARM_BUSY=0
PASS   G-02   one K=20 blocker burst
                PKTGEN_ADMIT=20 (want 20) PKTGEN_DROP=0
PASS   G-03   one ACK admitted to Q_HOLD
                ACK_HOLD=1 ACK_DUP_HOLD=0 ACK_REJECT=0
FAIL   G-04   one EARLY RESPONSE admitted behind the ACK
                RESP_HOLD_EARLY=0 (the ACK had not yet been released)
                RESP_HOLD_LATE=0 RESP_BYPASS=1
FAIL   G-05   no ACK before t_ACK + D
                hold=512 ns, D=1999872.0 ns, raw error=-1999360.0 ns (must be
                >= 0)
INDETERMINATE G-06   no RESPONSE before the ACK
                t_resp_release - t_ack_release = None ns (must be > 0; a
                negative value is the wire order INVERTED)
INDETERMINATE G-07   ACK released FIRST
                CD_ACK_RELEASE=0 + CD_ACK_REL_RETIRE=1 (E1 partitions the
                releases, so the SUM is the count) = 1, ordering gap=None ns
FAIL   G-08   RESPONSE released SECOND
                RELEASE_DEADLINE=0 RELEASE_FAILOPEN=0 (the two causes
                partition the releases, so the sum is the release count)
PASS   G-09   all blockers terminate (admitted == stale + deadline + budget)
                admitted=20 terminated=20 (stale=20 deadline=0 budget=0)
PASS   G-10   transaction returns clean (generation retired by the released RESPONSE, no drops, no off-topology packets)
                reg_tag BEFORE cleanup = 0x00 (want 0x00 = TAG_INACTIVE);
                BAD_PORT=0 (the trigger CLONE is counted as CLONE_SEEN=1, NOT
                as BAD_PORT); queue drops=[('qid7', 0), ('qid1', 0)]
PASS   C-R2   reservoir standing: t_first_blocker - t_READ < 100000 ns
                t_first_block - t_READ = 716 ns (bound 100000). A LATE
                reservoir is a SILENT ZERO-HOLD: the ACK arrives min 0.400 ms
                after the READ, so an unblocked Q_HOLD releases it immediately
                and every counter still reads normal.
PASS   C-R4   ACK_RELEASE_FAILOPEN == 0
                BLOCK_TERM_TMO + RELEASE_FAILOPEN = 0. Non-zero means the
                reservoir drained on the pass budget B, so the trial measured
                H = B*K/rate, NOT D.
FAIL   C-R5   corrected deadline error |hold - (D + K/rate)| <= 1000 ns
                hold=512 ns; D=1999872.0 ns; K/rate=534.759 ns; raw
                error=-1999360.000 ns; CORRECTED error=-1999894.759 ns. The
                raw error carries a deterministic +534.759 ns bias; reporting
                it as jitter is the default failure of this measurement.
INFO   I-01   READ -> ACK interval (should track the hardware ipg)
                t_ack_arm - t_READ = 500009 ns, ipg = 500000 ns
INFO   I-02   release tail: ACK -> RESPONSE on the wire
                None ns
INFO   I-03   blocker loops (dp8 traversals consumed)
                CD_BLOCK_LOOP = 18554

MEASURED SEPARATELY (the direction's Gate-2 list)
  t_ACK (deadline armed)                 830535835 ns
  d_ACK (the armed deadline word)        832535553 ns
  first deadline termination             830536374 ns
  final deadline termination             830536886 ns
  ACK forward commitment                 830536347 ns
  RESPONSE forward commitment            n/a
  actual ACK hold                        512 ns
  drain (first -> final termination)     512 ns
  drain tail (final term -> ACK out)     -539 ns
  ACK -> RESPONSE separation             n/a
  READ -> pktgen trigger                 705 ns
  READ -> full K reservoir               872 ns

DERIVED
  hold_ns                        512
  D_ns                           1999872.0
  tau_ns                         534.75935828877
  D_plus_tau_ns                  2000406.7593582887
  deadline_error_raw_ns          -1999360.0
  deadline_error_corrected_ns    -1999894.7593582887
  reservoir_standing_ns          716
  read_to_ack_ns                 500009
  ack_to_resp_release_ns         None
  blockers_admitted              20
  blockers_terminated            20
  ack_release_failopen           0

VERDICT: FAIL

GATE 2 SUMMARY: 1 trial(s), 0 PASS, 1 FAIL
[17:59:56] -------------------------------------------------------------
[17:59:56] GATE 2 COMPLETE — ONE transaction. txn_rc=0 analyzer_rc=1
[17:59:56] evidence: /home/philip/Projects/DNP3/defense3/evidence/ksweep_hold/20260803T175912Z/gate2_20260803T175947Z
[17:59:56] 
[17:59:56] STOPPING HERE BY DESIGN. Gates 3 (five transactions) and 4 (three
[17:59:56] boundary cases) are separate, human-gated steps and are NOT in this script.
[17:59:56] 
[17:59:56] The EXIT trap now restores the known-good state via the proven runner.
[17:59:56] on_exit: rc=1 — running restoration
[17:59:56] D3_SKIP_RESTORE=1 — NOT restoring. The switch is left as this run found
[17:59:56] it, and restoring it is now YOUR responsibility:
[17:59:56]   bash /home/philip/Projects/DNP3/research/case_a_read_anchored_dual_release/run/run_four_queue_oracle.sh --restore-only
[17:59:56] exit 1
[17:59:56] trial K=16 D=2ms B=19869 rep=1
[17:59:56] acquired /tmp/case_a_defense3_gate2.lock (pid 3262596)
[17:59:56] mode=gate2 dryrun=0 prog=case_a_defense3 skip_restore=1
[17:59:57] pre-run switch state: {"n_bf_switchd":1,"pid":"597143","conf":"/home/decps/d3/d3_final_synth.conf","p4_name":"case_a_defense3"}
[17:59:57] === GATE 2: ONE synthetic transaction, then STOP ===
[17:59:57] D=2 ms  budget=19869  scenario=gate2-2timer  ipg=500000 ns  gen=0xC0
[17:59:57] evidence: /home/philip/Projects/DNP3/defense3/evidence/ksweep_hold/20260803T175912Z/gate2_20260803T175956Z
[17:59:57] --- staging /home/philip/Projects/DNP3/defense3/run/poll_defense3.py + the Gate-1 setup module -> decps@10.10.54.81:/home/decps/d3gate2 ---
[17:59:58] --- preflight cleanup + clean assertion ---
[18:00:03] transaction returned rc=0
[18:00:05] --- scoring ---
==============================================================================
DEFENSE 3 — §13 GATE 2 — gate2_txn.json
==============================================================================
RES    ID     REQUIREMENT
------ ------ ----------------------------------------------------------
PASS   V-01   trial ran to completion (verdict COMPLETE)
                verdict='COMPLETE'
PASS   V-02   trial asserted a CLEAN START and was not refused
                reasons=[]
PASS   V-03   mandatory cleanup ran (from the `finally`)
                cleanup_synth present=True
PASS   C-R1   dp8 speed == BF_SPEED_25G on BOTH the MAC and the TM
                MAC $SPEED='BF_SPEED_25G', TM scheduling_speed='BF_SPEED_25G'
                (both must be BF_SPEED_25G)
PASS   G-01   one READ
                ARM_FRESH=1 ARM_DUP=0 ARM_BUSY=0
PASS   G-02   one K=16 blocker burst
                PKTGEN_ADMIT=16 (want 16) PKTGEN_DROP=0
PASS   G-03   one ACK admitted to Q_HOLD
                ACK_HOLD=1 ACK_DUP_HOLD=0 ACK_REJECT=0
FAIL   G-04   one EARLY RESPONSE admitted behind the ACK
                RESP_HOLD_EARLY=0 (the ACK had not yet been released)
                RESP_HOLD_LATE=0 RESP_BYPASS=1
FAIL   G-05   no ACK before t_ACK + D
                hold=516 ns, D=1999872.0 ns, raw error=-1999356.0 ns (must be
                >= 0)
INDETERMINATE G-06   no RESPONSE before the ACK
                t_resp_release - t_ack_release = None ns (must be > 0; a
                negative value is the wire order INVERTED)
INDETERMINATE G-07   ACK released FIRST
                CD_ACK_RELEASE=0 + CD_ACK_REL_RETIRE=1 (E1 partitions the
                releases, so the SUM is the count) = 1, ordering gap=None ns
FAIL   G-08   RESPONSE released SECOND
                RELEASE_DEADLINE=0 RELEASE_FAILOPEN=0 (the two causes
                partition the releases, so the sum is the release count)
PASS   G-09   all blockers terminate (admitted == stale + deadline + budget)
                admitted=16 terminated=16 (stale=16 deadline=0 budget=0)
PASS   G-10   transaction returns clean (generation retired by the released RESPONSE, no drops, no off-topology packets)
                reg_tag BEFORE cleanup = 0x00 (want 0x00 = TAG_INACTIVE);
                BAD_PORT=0 (the trigger CLONE is counted as CLONE_SEEN=1, NOT
                as BAD_PORT); queue drops=[('qid7', 0), ('qid1', 0)]
PASS   C-R2   reservoir standing: t_first_blocker - t_READ < 100000 ns
                t_first_block - t_READ = 715 ns (bound 100000). A LATE
                reservoir is a SILENT ZERO-HOLD: the ACK arrives min 0.400 ms
                after the READ, so an unblocked Q_HOLD releases it immediately
                and every counter still reads normal.
PASS   C-R4   ACK_RELEASE_FAILOPEN == 0
                BLOCK_TERM_TMO + RELEASE_FAILOPEN = 0. Non-zero means the
                reservoir drained on the pass budget B, so the trial measured
                H = B*K/rate, NOT D.
FAIL   C-R5   corrected deadline error |hold - (D + K/rate)| <= 1000 ns
                hold=516 ns; D=1999872.0 ns; K/rate=427.807 ns; raw
                error=-1999356.000 ns; CORRECTED error=-1999783.807 ns. The
                raw error carries a deterministic +427.807 ns bias; reporting
                it as jitter is the default failure of this measurement.
INFO   I-01   READ -> ACK interval (should track the hardware ipg)
                t_ack_arm - t_READ = 500009 ns, ipg = 500000 ns
INFO   I-02   release tail: ACK -> RESPONSE on the wire
                None ns
INFO   I-03   blocker loops (dp8 traversals consumed)
                CD_BLOCK_LOOP = 14977

MEASURED SEPARATELY (the direction's Gate-2 list)
  t_ACK (deadline armed)                 1134839010 ns
  d_ACK (the armed deadline word)        1136838657 ns
  first deadline termination             1134839554 ns
  final deadline termination             1134840033 ns
  ACK forward commitment                 1134839526 ns
  RESPONSE forward commitment            n/a
  actual ACK hold                        516 ns
  drain (first -> final termination)     479 ns
  drain tail (final term -> ACK out)     -507 ns
  ACK -> RESPONSE separation             n/a
  READ -> pktgen trigger                 704 ns
  READ -> full K reservoir               838 ns

DERIVED
  hold_ns                        516
  D_ns                           1999872.0
  tau_ns                         427.80748663101605
  D_plus_tau_ns                  2000299.807486631
  deadline_error_raw_ns          -1999356.0
  deadline_error_corrected_ns    -1999783.807486631
  reservoir_standing_ns          715
  read_to_ack_ns                 500009
  ack_to_resp_release_ns         None
  blockers_admitted              16
  blockers_terminated            16
  ack_release_failopen           0

VERDICT: FAIL

GATE 2 SUMMARY: 1 trial(s), 0 PASS, 1 FAIL
[18:00:05] -------------------------------------------------------------
[18:00:05] GATE 2 COMPLETE — ONE transaction. txn_rc=0 analyzer_rc=1
[18:00:05] evidence: /home/philip/Projects/DNP3/defense3/evidence/ksweep_hold/20260803T175912Z/gate2_20260803T175956Z
[18:00:05] 
[18:00:05] STOPPING HERE BY DESIGN. Gates 3 (five transactions) and 4 (three
[18:00:05] boundary cases) are separate, human-gated steps and are NOT in this script.
[18:00:05] 
[18:00:05] The EXIT trap now restores the known-good state via the proven runner.
[18:00:05] on_exit: rc=1 — running restoration
[18:00:05] D3_SKIP_RESTORE=1 — NOT restoring. The switch is left as this run found
[18:00:05] it, and restoring it is now YOUR responsibility:
[18:00:05]   bash /home/philip/Projects/DNP3/research/case_a_read_anchored_dual_release/run/run_four_queue_oracle.sh --restore-only
[18:00:05] exit 1
[18:00:05] trial K=12 D=2ms B=26492 rep=1
[18:00:05] acquired /tmp/case_a_defense3_gate2.lock (pid 3262736)
[18:00:05] mode=gate2 dryrun=0 prog=case_a_defense3 skip_restore=1
[18:00:06] pre-run switch state: {"n_bf_switchd":1,"pid":"597143","conf":"/home/decps/d3/d3_final_synth.conf","p4_name":"case_a_defense3"}
[18:00:06] === GATE 2: ONE synthetic transaction, then STOP ===
[18:00:06] D=2 ms  budget=26492  scenario=gate2-2timer  ipg=500000 ns  gen=0xC0
[18:00:06] evidence: /home/philip/Projects/DNP3/defense3/evidence/ksweep_hold/20260803T175912Z/gate2_20260803T180005Z
[18:00:06] --- staging /home/philip/Projects/DNP3/defense3/run/poll_defense3.py + the Gate-1 setup module -> decps@10.10.54.81:/home/decps/d3gate2 ---
[18:00:07] --- preflight cleanup + clean assertion ---
[18:00:12] transaction returned rc=0
[18:00:14] --- scoring ---
==============================================================================
DEFENSE 3 — §13 GATE 2 — gate2_txn.json
==============================================================================
RES    ID     REQUIREMENT
------ ------ ----------------------------------------------------------
PASS   V-01   trial ran to completion (verdict COMPLETE)
                verdict='COMPLETE'
PASS   V-02   trial asserted a CLEAN START and was not refused
                reasons=[]
PASS   V-03   mandatory cleanup ran (from the `finally`)
                cleanup_synth present=True
PASS   C-R1   dp8 speed == BF_SPEED_25G on BOTH the MAC and the TM
                MAC $SPEED='BF_SPEED_25G', TM scheduling_speed='BF_SPEED_25G'
                (both must be BF_SPEED_25G)
PASS   G-01   one READ
                ARM_FRESH=1 ARM_DUP=0 ARM_BUSY=0
PASS   G-02   one K=12 blocker burst
                PKTGEN_ADMIT=12 (want 12) PKTGEN_DROP=0
PASS   G-03   one ACK admitted to Q_HOLD
                ACK_HOLD=1 ACK_DUP_HOLD=0 ACK_REJECT=0
FAIL   G-04   one EARLY RESPONSE admitted behind the ACK
                RESP_HOLD_EARLY=0 (the ACK had not yet been released)
                RESP_HOLD_LATE=0 RESP_BYPASS=1
FAIL   G-05   no ACK before t_ACK + D
                hold=493 ns, D=1999872.0 ns, raw error=-1999379.0 ns (must be
                >= 0)
INDETERMINATE G-06   no RESPONSE before the ACK
                t_resp_release - t_ack_release = None ns (must be > 0; a
                negative value is the wire order INVERTED)
INDETERMINATE G-07   ACK released FIRST
                CD_ACK_RELEASE=0 + CD_ACK_REL_RETIRE=1 (E1 partitions the
                releases, so the SUM is the count) = 1, ordering gap=None ns
FAIL   G-08   RESPONSE released SECOND
                RELEASE_DEADLINE=0 RELEASE_FAILOPEN=0 (the two causes
                partition the releases, so the sum is the release count)
PASS   G-09   all blockers terminate (admitted == stale + deadline + budget)
                admitted=12 terminated=12 (stale=12 deadline=0 budget=0)
PASS   G-10   transaction returns clean (generation retired by the released RESPONSE, no drops, no off-topology packets)
                reg_tag BEFORE cleanup = 0x00 (want 0x00 = TAG_INACTIVE);
                BAD_PORT=0 (the trigger CLONE is counted as CLONE_SEEN=1, NOT
                as BAD_PORT); queue drops=[('qid7', 0), ('qid1', 0)]
PASS   C-R2   reservoir standing: t_first_blocker - t_READ < 100000 ns
                t_first_block - t_READ = 717 ns (bound 100000). A LATE
                reservoir is a SILENT ZERO-HOLD: the ACK arrives min 0.400 ms
                after the READ, so an unblocked Q_HOLD releases it immediately
                and every counter still reads normal.
PASS   C-R4   ACK_RELEASE_FAILOPEN == 0
                BLOCK_TERM_TMO + RELEASE_FAILOPEN = 0. Non-zero means the
                reservoir drained on the pass budget B, so the trial measured
                H = B*K/rate, NOT D.
FAIL   C-R5   corrected deadline error |hold - (D + K/rate)| <= 1000 ns
                hold=493 ns; D=1999872.0 ns; K/rate=320.856 ns; raw
                error=-1999379.000 ns; CORRECTED error=-1999699.856 ns. The
                raw error carries a deterministic +320.856 ns bias; reporting
                it as jitter is the default failure of this measurement.
INFO   I-01   READ -> ACK interval (should track the hardware ipg)
                t_ack_arm - t_READ = 500010 ns, ipg = 500000 ns
INFO   I-02   release tail: ACK -> RESPONSE on the wire
                None ns
INFO   I-03   blocker loops (dp8 traversals consumed)
                CD_BLOCK_LOOP = 11233

MEASURED SEPARATELY (the direction's Gate-2 list)
  t_ACK (deadline armed)                 1452625920 ns
  d_ACK (the armed deadline word)        1454625793 ns
  first deadline termination             1452626442 ns
  final deadline termination             1452626914 ns
  ACK forward commitment                 1452626413 ns
  RESPONSE forward commitment            n/a
  actual ACK hold                        493 ns
  drain (first -> final termination)     472 ns
  drain tail (final term -> ACK out)     -501 ns
  ACK -> RESPONSE separation             n/a
  READ -> pktgen trigger                 706 ns
  READ -> full K reservoir               807 ns

DERIVED
  hold_ns                        493
  D_ns                           1999872.0
  tau_ns                         320.85561497326205
  D_plus_tau_ns                  2000192.8556149732
  deadline_error_raw_ns          -1999379.0
  deadline_error_corrected_ns    -1999699.8556149732
  reservoir_standing_ns          717
  read_to_ack_ns                 500010
  ack_to_resp_release_ns         None
  blockers_admitted              12
  blockers_terminated            12
  ack_release_failopen           0

VERDICT: FAIL

GATE 2 SUMMARY: 1 trial(s), 0 PASS, 1 FAIL
[18:00:14] -------------------------------------------------------------
[18:00:14] GATE 2 COMPLETE — ONE transaction. txn_rc=0 analyzer_rc=1
[18:00:14] evidence: /home/philip/Projects/DNP3/defense3/evidence/ksweep_hold/20260803T175912Z/gate2_20260803T180005Z
[18:00:14] 
[18:00:14] STOPPING HERE BY DESIGN. Gates 3 (five transactions) and 4 (three
[18:00:14] boundary cases) are separate, human-gated steps and are NOT in this script.
[18:00:14] 
[18:00:14] The EXIT trap now restores the known-good state via the proven runner.
[18:00:14] on_exit: rc=1 — running restoration
[18:00:14] D3_SKIP_RESTORE=1 — NOT restoring. The switch is left as this run found
[18:00:14] it, and restoring it is now YOUR responsibility:
[18:00:14]   bash /home/philip/Projects/DNP3/research/case_a_read_anchored_dual_release/run/run_four_queue_oracle.sh --restore-only
[18:00:14] exit 1
[18:00:14] trial K=8 D=2ms B=39738 rep=1
[18:00:14] acquired /tmp/case_a_defense3_gate2.lock (pid 3262892)
[18:00:14] mode=gate2 dryrun=0 prog=case_a_defense3 skip_restore=1
[18:00:15] pre-run switch state: {"n_bf_switchd":1,"pid":"597143","conf":"/home/decps/d3/d3_final_synth.conf","p4_name":"case_a_defense3"}
[18:00:15] === GATE 2: ONE synthetic transaction, then STOP ===
[18:00:15] D=2 ms  budget=39738  scenario=gate2-2timer  ipg=500000 ns  gen=0xC0
[18:00:15] evidence: /home/philip/Projects/DNP3/defense3/evidence/ksweep_hold/20260803T175912Z/gate2_20260803T180014Z
[18:00:15] --- staging /home/philip/Projects/DNP3/defense3/run/poll_defense3.py + the Gate-1 setup module -> decps@10.10.54.81:/home/decps/d3gate2 ---
[18:00:16] --- preflight cleanup + clean assertion ---
[18:00:21] transaction returned rc=0
[18:00:23] --- scoring ---
==============================================================================
DEFENSE 3 — §13 GATE 2 — gate2_txn.json
==============================================================================
RES    ID     REQUIREMENT
------ ------ ----------------------------------------------------------
PASS   V-01   trial ran to completion (verdict COMPLETE)
                verdict='COMPLETE'
PASS   V-02   trial asserted a CLEAN START and was not refused
                reasons=[]
PASS   V-03   mandatory cleanup ran (from the `finally`)
                cleanup_synth present=True
PASS   C-R1   dp8 speed == BF_SPEED_25G on BOTH the MAC and the TM
                MAC $SPEED='BF_SPEED_25G', TM scheduling_speed='BF_SPEED_25G'
                (both must be BF_SPEED_25G)
PASS   G-01   one READ
                ARM_FRESH=1 ARM_DUP=0 ARM_BUSY=0
PASS   G-02   one K=8 blocker burst
                PKTGEN_ADMIT=8 (want 8) PKTGEN_DROP=0
PASS   G-03   one ACK admitted to Q_HOLD
                ACK_HOLD=1 ACK_DUP_HOLD=0 ACK_REJECT=0
FAIL   G-04   one EARLY RESPONSE admitted behind the ACK
                RESP_HOLD_EARLY=0 (the ACK had not yet been released)
                RESP_HOLD_LATE=0 RESP_BYPASS=1
FAIL   G-05   no ACK before t_ACK + D
                hold=494 ns, D=1999872.0 ns, raw error=-1999378.0 ns (must be
                >= 0)
INDETERMINATE G-06   no RESPONSE before the ACK
                t_resp_release - t_ack_release = None ns (must be > 0; a
                negative value is the wire order INVERTED)
INDETERMINATE G-07   ACK released FIRST
                CD_ACK_RELEASE=0 + CD_ACK_REL_RETIRE=1 (E1 partitions the
                releases, so the SUM is the count) = 1, ordering gap=None ns
FAIL   G-08   RESPONSE released SECOND
                RELEASE_DEADLINE=0 RELEASE_FAILOPEN=0 (the two causes
                partition the releases, so the sum is the release count)
PASS   G-09   all blockers terminate (admitted == stale + deadline + budget)
                admitted=8 terminated=8 (stale=8 deadline=0 budget=0)
PASS   G-10   transaction returns clean (generation retired by the released RESPONSE, no drops, no off-topology packets)
                reg_tag BEFORE cleanup = 0x00 (want 0x00 = TAG_INACTIVE);
                BAD_PORT=0 (the trigger CLONE is counted as CLONE_SEEN=1, NOT
                as BAD_PORT); queue drops=[('qid7', 0), ('qid1', 0)]
PASS   C-R2   reservoir standing: t_first_blocker - t_READ < 100000 ns
                t_first_block - t_READ = 717 ns (bound 100000). A LATE
                reservoir is a SILENT ZERO-HOLD: the ACK arrives min 0.400 ms
                after the READ, so an unblocked Q_HOLD releases it immediately
                and every counter still reads normal.
PASS   C-R4   ACK_RELEASE_FAILOPEN == 0
                BLOCK_TERM_TMO + RELEASE_FAILOPEN = 0. Non-zero means the
                reservoir drained on the pass budget B, so the trial measured
                H = B*K/rate, NOT D.
FAIL   C-R5   corrected deadline error |hold - (D + K/rate)| <= 1000 ns
                hold=494 ns; D=1999872.0 ns; K/rate=213.904 ns; raw
                error=-1999378.000 ns; CORRECTED error=-1999591.904 ns. The
                raw error carries a deterministic +213.904 ns bias; reporting
                it as jitter is the default failure of this measurement.
INFO   I-01   READ -> ACK interval (should track the hardware ipg)
                t_ack_arm - t_READ = 500010 ns, ipg = 500000 ns
INFO   I-02   release tail: ACK -> RESPONSE on the wire
                None ns
INFO   I-03   blocker loops (dp8 traversals consumed)
                CD_BLOCK_LOOP = 7492

MEASURED SEPARATELY (the direction's Gate-2 list)
  t_ACK (deadline armed)                 1825994895 ns
  d_ACK (the armed deadline word)        1827994625 ns
  first deadline termination             1825995416 ns
  final deadline termination             1825995888 ns
  ACK forward commitment                 1825995389 ns
  RESPONSE forward commitment            n/a
  actual ACK hold                        494 ns
  drain (first -> final termination)     472 ns
  drain tail (final term -> ACK out)     -499 ns
  ACK -> RESPONSE separation             n/a
  READ -> pktgen trigger                 706 ns
  READ -> full K reservoir               774 ns

DERIVED
  hold_ns                        494
  D_ns                           1999872.0
  tau_ns                         213.90374331550802
  D_plus_tau_ns                  2000085.9037433155
  deadline_error_raw_ns          -1999378.0
  deadline_error_corrected_ns    -1999591.9037433155
  reservoir_standing_ns          717
  read_to_ack_ns                 500010
  ack_to_resp_release_ns         None
  blockers_admitted              8
  blockers_terminated            8
  ack_release_failopen           0

VERDICT: FAIL

GATE 2 SUMMARY: 1 trial(s), 0 PASS, 1 FAIL
[18:00:23] -------------------------------------------------------------
[18:00:23] GATE 2 COMPLETE — ONE transaction. txn_rc=0 analyzer_rc=1
[18:00:23] evidence: /home/philip/Projects/DNP3/defense3/evidence/ksweep_hold/20260803T175912Z/gate2_20260803T180014Z
[18:00:23] 
[18:00:23] STOPPING HERE BY DESIGN. Gates 3 (five transactions) and 4 (three
[18:00:23] boundary cases) are separate, human-gated steps and are NOT in this script.
[18:00:23] 
[18:00:23] The EXIT trap now restores the known-good state via the proven runner.
[18:00:23] on_exit: rc=1 — running restoration
[18:00:23] D3_SKIP_RESTORE=1 — NOT restoring. The switch is left as this run found
[18:00:23] it, and restoring it is now YOUR responsibility:
[18:00:23]   bash /home/philip/Projects/DNP3/research/case_a_read_anchored_dual_release/run/run_four_queue_oracle.sh --restore-only
[18:00:23] exit 1
[18:00:23] trial K=4 D=2ms B=79475 rep=1
[18:00:23] acquired /tmp/case_a_defense3_gate2.lock (pid 3263068)
[18:00:23] mode=gate2 dryrun=0 prog=case_a_defense3 skip_restore=1
[18:00:24] pre-run switch state: {"n_bf_switchd":1,"pid":"597143","conf":"/home/decps/d3/d3_final_synth.conf","p4_name":"case_a_defense3"}
[18:00:24] === GATE 2: ONE synthetic transaction, then STOP ===
[18:00:24] D=2 ms  budget=79475  scenario=gate2-2timer  ipg=500000 ns  gen=0xC0
[18:00:24] evidence: /home/philip/Projects/DNP3/defense3/evidence/ksweep_hold/20260803T175912Z/gate2_20260803T180023Z
[18:00:24] --- staging /home/philip/Projects/DNP3/defense3/run/poll_defense3.py + the Gate-1 setup module -> decps@10.10.54.81:/home/decps/d3gate2 ---
[18:00:25] --- preflight cleanup + clean assertion ---
[18:00:30] transaction returned rc=0
[18:00:32] --- scoring ---
==============================================================================
DEFENSE 3 — §13 GATE 2 — gate2_txn.json
==============================================================================
RES    ID     REQUIREMENT
------ ------ ----------------------------------------------------------
PASS   V-01   trial ran to completion (verdict COMPLETE)
                verdict='COMPLETE'
PASS   V-02   trial asserted a CLEAN START and was not refused
                reasons=[]
PASS   V-03   mandatory cleanup ran (from the `finally`)
                cleanup_synth present=True
PASS   C-R1   dp8 speed == BF_SPEED_25G on BOTH the MAC and the TM
                MAC $SPEED='BF_SPEED_25G', TM scheduling_speed='BF_SPEED_25G'
                (both must be BF_SPEED_25G)
PASS   G-01   one READ
                ARM_FRESH=1 ARM_DUP=0 ARM_BUSY=0
PASS   G-02   one K=4 blocker burst
                PKTGEN_ADMIT=4 (want 4) PKTGEN_DROP=0
PASS   G-03   one ACK admitted to Q_HOLD
                ACK_HOLD=1 ACK_DUP_HOLD=0 ACK_REJECT=0
FAIL   G-04   one EARLY RESPONSE admitted behind the ACK
                RESP_HOLD_EARLY=0 (the ACK had not yet been released)
                RESP_HOLD_LATE=0 RESP_BYPASS=1
FAIL   G-05   no ACK before t_ACK + D
                hold=498 ns, D=1999872.0 ns, raw error=-1999374.0 ns (must be
                >= 0)
INDETERMINATE G-06   no RESPONSE before the ACK
                t_resp_release - t_ack_release = None ns (must be > 0; a
                negative value is the wire order INVERTED)
INDETERMINATE G-07   ACK released FIRST
                CD_ACK_RELEASE=0 + CD_ACK_REL_RETIRE=1 (E1 partitions the
                releases, so the SUM is the count) = 1, ordering gap=None ns
FAIL   G-08   RESPONSE released SECOND
                RELEASE_DEADLINE=0 RELEASE_FAILOPEN=0 (the two causes
                partition the releases, so the sum is the release count)
PASS   G-09   all blockers terminate (admitted == stale + deadline + budget)
                admitted=4 terminated=4 (stale=4 deadline=0 budget=0)
PASS   G-10   transaction returns clean (generation retired by the released RESPONSE, no drops, no off-topology packets)
                reg_tag BEFORE cleanup = 0x00 (want 0x00 = TAG_INACTIVE);
                BAD_PORT=0 (the trigger CLONE is counted as CLONE_SEEN=1, NOT
                as BAD_PORT); queue drops=[('qid7', 0), ('qid1', 0)]
PASS   C-R2   reservoir standing: t_first_blocker - t_READ < 100000 ns
                t_first_block - t_READ = 716 ns (bound 100000). A LATE
                reservoir is a SILENT ZERO-HOLD: the ACK arrives min 0.400 ms
                after the READ, so an unblocked Q_HOLD releases it immediately
                and every counter still reads normal.
PASS   C-R4   ACK_RELEASE_FAILOPEN == 0
                BLOCK_TERM_TMO + RELEASE_FAILOPEN = 0. Non-zero means the
                reservoir drained on the pass budget B, so the trial measured
                H = B*K/rate, NOT D.
FAIL   C-R5   corrected deadline error |hold - (D + K/rate)| <= 1000 ns
                hold=498 ns; D=1999872.0 ns; K/rate=106.952 ns; raw
                error=-1999374.000 ns; CORRECTED error=-1999480.952 ns. The
                raw error carries a deterministic +106.952 ns bias; reporting
                it as jitter is the default failure of this measurement.
INFO   I-01   READ -> ACK interval (should track the hardware ipg)
                t_ack_arm - t_READ = 500010 ns, ipg = 500000 ns
INFO   I-02   release tail: ACK -> RESPONSE on the wire
                None ns
INFO   I-03   blocker loops (dp8 traversals consumed)
                CD_BLOCK_LOOP = 3748

MEASURED SEPARATELY (the direction's Gate-2 list)
  t_ACK (deadline armed)                 2147686694 ns
  d_ACK (the armed deadline word)        2149686529 ns
  first deadline termination             2147687588 ns
  final deadline termination             2147687698 ns
  ACK forward commitment                 2147687192 ns
  RESPONSE forward commitment            n/a
  actual ACK hold                        498 ns
  drain (first -> final termination)     110 ns
  drain tail (final term -> ACK out)     -506 ns
  ACK -> RESPONSE separation             n/a
  READ -> pktgen trigger                 706 ns
  READ -> full K reservoir               741 ns

DERIVED
  hold_ns                        498
  D_ns                           1999872.0
  tau_ns                         106.95187165775401
  D_plus_tau_ns                  1999978.9518716577
  deadline_error_raw_ns          -1999374.0
  deadline_error_corrected_ns    -1999480.9518716577
  reservoir_standing_ns          716
  read_to_ack_ns                 500010
  ack_to_resp_release_ns         None
  blockers_admitted              4
  blockers_terminated            4
  ack_release_failopen           0

VERDICT: FAIL

GATE 2 SUMMARY: 1 trial(s), 0 PASS, 1 FAIL
[18:00:32] -------------------------------------------------------------
[18:00:32] GATE 2 COMPLETE — ONE transaction. txn_rc=0 analyzer_rc=1
[18:00:32] evidence: /home/philip/Projects/DNP3/defense3/evidence/ksweep_hold/20260803T175912Z/gate2_20260803T180023Z
[18:00:32] 
[18:00:32] STOPPING HERE BY DESIGN. Gates 3 (five transactions) and 4 (three
[18:00:32] boundary cases) are separate, human-gated steps and are NOT in this script.
[18:00:32] 
[18:00:32] The EXIT trap now restores the known-good state via the proven runner.
[18:00:32] on_exit: rc=1 — running restoration
[18:00:32] D3_SKIP_RESTORE=1 — NOT restoring. The switch is left as this run found
[18:00:32] it, and restoring it is now YOUR responsibility:
[18:00:32]   bash /home/philip/Projects/DNP3/research/case_a_read_anchored_dual_release/run/run_four_queue_oracle.sh --restore-only
[18:00:32] exit 1
[18:00:32] trial K=2 D=2ms B=158950 rep=1
[18:00:32] acquired /tmp/case_a_defense3_gate2.lock (pid 3263239)
[18:00:32] mode=gate2 dryrun=0 prog=case_a_defense3 skip_restore=1
[18:00:33] pre-run switch state: {"n_bf_switchd":1,"pid":"597143","conf":"/home/decps/d3/d3_final_synth.conf","p4_name":"case_a_defense3"}
[18:00:33] === GATE 2: ONE synthetic transaction, then STOP ===
[18:00:33] D=2 ms  budget=158950  scenario=gate2-2timer  ipg=500000 ns  gen=0xC0
[18:00:33] evidence: /home/philip/Projects/DNP3/defense3/evidence/ksweep_hold/20260803T175912Z/gate2_20260803T180032Z
[18:00:33] --- staging /home/philip/Projects/DNP3/defense3/run/poll_defense3.py + the Gate-1 setup module -> decps@10.10.54.81:/home/decps/d3gate2 ---
[18:00:34] --- preflight cleanup + clean assertion ---
[18:00:39] transaction returned rc=0
[18:00:41] --- scoring ---
==============================================================================
DEFENSE 3 — §13 GATE 2 — gate2_txn.json
==============================================================================
RES    ID     REQUIREMENT
------ ------ ----------------------------------------------------------
PASS   V-01   trial ran to completion (verdict COMPLETE)
                verdict='COMPLETE'
PASS   V-02   trial asserted a CLEAN START and was not refused
                reasons=[]
PASS   V-03   mandatory cleanup ran (from the `finally`)
                cleanup_synth present=True
PASS   C-R1   dp8 speed == BF_SPEED_25G on BOTH the MAC and the TM
                MAC $SPEED='BF_SPEED_25G', TM scheduling_speed='BF_SPEED_25G'
                (both must be BF_SPEED_25G)
PASS   G-01   one READ
                ARM_FRESH=1 ARM_DUP=0 ARM_BUSY=0
PASS   G-02   one K=2 blocker burst
                PKTGEN_ADMIT=2 (want 2) PKTGEN_DROP=0
PASS   G-03   one ACK admitted to Q_HOLD
                ACK_HOLD=1 ACK_DUP_HOLD=0 ACK_REJECT=0
FAIL   G-04   one EARLY RESPONSE admitted behind the ACK
                RESP_HOLD_EARLY=0 (the ACK had not yet been released)
                RESP_HOLD_LATE=0 RESP_BYPASS=1
FAIL   G-05   no ACK before t_ACK + D
                hold=495 ns, D=1999872.0 ns, raw error=-1999377.0 ns (must be
                >= 0)
INDETERMINATE G-06   no RESPONSE before the ACK
                t_resp_release - t_ack_release = None ns (must be > 0; a
                negative value is the wire order INVERTED)
INDETERMINATE G-07   ACK released FIRST
                CD_ACK_RELEASE=0 + CD_ACK_REL_RETIRE=1 (E1 partitions the
                releases, so the SUM is the count) = 1, ordering gap=None ns
FAIL   G-08   RESPONSE released SECOND
                RELEASE_DEADLINE=0 RELEASE_FAILOPEN=0 (the two causes
                partition the releases, so the sum is the release count)
PASS   G-09   all blockers terminate (admitted == stale + deadline + budget)
                admitted=2 terminated=2 (stale=2 deadline=0 budget=0)
PASS   G-10   transaction returns clean (generation retired by the released RESPONSE, no drops, no off-topology packets)
                reg_tag BEFORE cleanup = 0x00 (want 0x00 = TAG_INACTIVE);
                BAD_PORT=0 (the trigger CLONE is counted as CLONE_SEEN=1, NOT
                as BAD_PORT); queue drops=[('qid7', 0), ('qid1', 0)]
PASS   C-R2   reservoir standing: t_first_blocker - t_READ < 100000 ns
                t_first_block - t_READ = 715 ns (bound 100000). A LATE
                reservoir is a SILENT ZERO-HOLD: the ACK arrives min 0.400 ms
                after the READ, so an unblocked Q_HOLD releases it immediately
                and every counter still reads normal.
PASS   C-R4   ACK_RELEASE_FAILOPEN == 0
                BLOCK_TERM_TMO + RELEASE_FAILOPEN = 0. Non-zero means the
                reservoir drained on the pass budget B, so the trial measured
                H = B*K/rate, NOT D.
FAIL   C-R5   corrected deadline error |hold - (D + K/rate)| <= 1000 ns
                hold=495 ns; D=1999872.0 ns; K/rate=53.476 ns; raw
                error=-1999377.000 ns; CORRECTED error=-1999430.476 ns. The
                raw error carries a deterministic +53.476 ns bias; reporting
                it as jitter is the default failure of this measurement.
INFO   I-01   READ -> ACK interval (should track the hardware ipg)
                t_ack_arm - t_READ = 500009 ns, ipg = 500000 ns
INFO   I-02   release tail: ACK -> RESPONSE on the wire
                None ns
INFO   I-03   blocker loops (dp8 traversals consumed)
                CD_BLOCK_LOOP = 1874

MEASURED SEPARATELY (the direction's Gate-2 list)
  t_ACK (deadline armed)                 2410894271 ns
  d_ACK (the armed deadline word)        2412893953 ns
  first deadline termination             2410895175 ns
  final deadline termination             2410895205 ns
  ACK forward commitment                 2410894766 ns
  RESPONSE forward commitment            n/a
  actual ACK hold                        495 ns
  drain (first -> final termination)     30 ns
  drain tail (final term -> ACK out)     -439 ns
  ACK -> RESPONSE separation             n/a
  READ -> pktgen trigger                 704 ns
  READ -> full K reservoir               723 ns

DERIVED
  hold_ns                        495
  D_ns                           1999872.0
  tau_ns                         53.475935828877006
  D_plus_tau_ns                  1999925.4759358289
  deadline_error_raw_ns          -1999377.0
  deadline_error_corrected_ns    -1999430.4759358289
  reservoir_standing_ns          715
  read_to_ack_ns                 500009
  ack_to_resp_release_ns         None
  blockers_admitted              2
  blockers_terminated            2
  ack_release_failopen           0

VERDICT: FAIL

GATE 2 SUMMARY: 1 trial(s), 0 PASS, 1 FAIL
[18:00:41] -------------------------------------------------------------
[18:00:41] GATE 2 COMPLETE — ONE transaction. txn_rc=0 analyzer_rc=1
[18:00:41] evidence: /home/philip/Projects/DNP3/defense3/evidence/ksweep_hold/20260803T175912Z/gate2_20260803T180032Z
[18:00:41] 
[18:00:41] STOPPING HERE BY DESIGN. Gates 3 (five transactions) and 4 (three
[18:00:41] boundary cases) are separate, human-gated steps and are NOT in this script.
[18:00:41] 
[18:00:41] The EXIT trap now restores the known-good state via the proven runner.
[18:00:41] on_exit: rc=1 — running restoration
[18:00:41] D3_SKIP_RESTORE=1 — NOT restoring. The switch is left as this run found
[18:00:41] it, and restoring it is now YOUR responsibility:
[18:00:41]   bash /home/philip/Projects/DNP3/research/case_a_read_anchored_dual_release/run/run_four_queue_oracle.sh --restore-only
[18:00:41] exit 1
[18:00:41] trial K=1 D=2ms B=317900 rep=1
[18:00:41] acquired /tmp/case_a_defense3_gate2.lock (pid 3263378)
[18:00:41] mode=gate2 dryrun=0 prog=case_a_defense3 skip_restore=1
[18:00:41] pre-run switch state: {"n_bf_switchd":1,"pid":"597143","conf":"/home/decps/d3/d3_final_synth.conf","p4_name":"case_a_defense3"}
[18:00:41] === GATE 2: ONE synthetic transaction, then STOP ===
[18:00:41] D=2 ms  budget=317900  scenario=gate2-2timer  ipg=500000 ns  gen=0xC0
[18:00:41] evidence: /home/philip/Projects/DNP3/defense3/evidence/ksweep_hold/20260803T175912Z/gate2_20260803T180041Z
[18:00:41] --- staging /home/philip/Projects/DNP3/defense3/run/poll_defense3.py + the Gate-1 setup module -> decps@10.10.54.81:/home/decps/d3gate2 ---
[18:00:43] --- preflight cleanup + clean assertion ---
[18:00:48] transaction returned rc=0
[18:00:49] --- scoring ---
==============================================================================
DEFENSE 3 — §13 GATE 2 — gate2_txn.json
==============================================================================
RES    ID     REQUIREMENT
------ ------ ----------------------------------------------------------
PASS   V-01   trial ran to completion (verdict COMPLETE)
                verdict='COMPLETE'
PASS   V-02   trial asserted a CLEAN START and was not refused
                reasons=[]
PASS   V-03   mandatory cleanup ran (from the `finally`)
                cleanup_synth present=True
PASS   C-R1   dp8 speed == BF_SPEED_25G on BOTH the MAC and the TM
                MAC $SPEED='BF_SPEED_25G', TM scheduling_speed='BF_SPEED_25G'
                (both must be BF_SPEED_25G)
PASS   G-01   one READ
                ARM_FRESH=1 ARM_DUP=0 ARM_BUSY=0
PASS   G-02   one K=1 blocker burst
                PKTGEN_ADMIT=1 (want 1) PKTGEN_DROP=0
PASS   G-03   one ACK admitted to Q_HOLD
                ACK_HOLD=1 ACK_DUP_HOLD=0 ACK_REJECT=0
FAIL   G-04   one EARLY RESPONSE admitted behind the ACK
                RESP_HOLD_EARLY=0 (the ACK had not yet been released)
                RESP_HOLD_LATE=0 RESP_BYPASS=1
FAIL   G-05   no ACK before t_ACK + D
                hold=496 ns, D=1999872.0 ns, raw error=-1999376.0 ns (must be
                >= 0)
INDETERMINATE G-06   no RESPONSE before the ACK
                t_resp_release - t_ack_release = None ns (must be > 0; a
                negative value is the wire order INVERTED)
INDETERMINATE G-07   ACK released FIRST
                CD_ACK_RELEASE=0 + CD_ACK_REL_RETIRE=1 (E1 partitions the
                releases, so the SUM is the count) = 1, ordering gap=None ns
FAIL   G-08   RESPONSE released SECOND
                RELEASE_DEADLINE=0 RELEASE_FAILOPEN=0 (the two causes
                partition the releases, so the sum is the release count)
PASS   G-09   all blockers terminate (admitted == stale + deadline + budget)
                admitted=1 terminated=1 (stale=1 deadline=0 budget=0)
PASS   G-10   transaction returns clean (generation retired by the released RESPONSE, no drops, no off-topology packets)
                reg_tag BEFORE cleanup = 0x00 (want 0x00 = TAG_INACTIVE);
                BAD_PORT=0 (the trigger CLONE is counted as CLONE_SEEN=1, NOT
                as BAD_PORT); queue drops=[('qid7', 0), ('qid1', 0)]
PASS   C-R2   reservoir standing: t_first_blocker - t_READ < 100000 ns
                t_first_block - t_READ = 715 ns (bound 100000). A LATE
                reservoir is a SILENT ZERO-HOLD: the ACK arrives min 0.400 ms
                after the READ, so an unblocked Q_HOLD releases it immediately
                and every counter still reads normal.
PASS   C-R4   ACK_RELEASE_FAILOPEN == 0
                BLOCK_TERM_TMO + RELEASE_FAILOPEN = 0. Non-zero means the
                reservoir drained on the pass budget B, so the trial measured
                H = B*K/rate, NOT D.
FAIL   C-R5   corrected deadline error |hold - (D + K/rate)| <= 1000 ns
                hold=496 ns; D=1999872.0 ns; K/rate=26.738 ns; raw
                error=-1999376.000 ns; CORRECTED error=-1999402.738 ns. The
                raw error carries a deterministic +26.738 ns bias; reporting
                it as jitter is the default failure of this measurement.
INFO   I-01   READ -> ACK interval (should track the hardware ipg)
                t_ack_arm - t_READ = 500010 ns, ipg = 500000 ns
INFO   I-02   release tail: ACK -> RESPONSE on the wire
                None ns
INFO   I-03   blocker loops (dp8 traversals consumed)
                CD_BLOCK_LOOP = 937

MEASURED SEPARATELY (the direction's Gate-2 list)
  t_ACK (deadline armed)                 2732615592 ns
  d_ACK (the armed deadline word)        2734615297 ns
  first deadline termination             2732616425 ns
  final deadline termination             2732616425 ns
  ACK forward commitment                 2732616088 ns
  RESPONSE forward commitment            n/a
  actual ACK hold                        496 ns
  drain (first -> final termination)     0 ns
  drain tail (final term -> ACK out)     -337 ns
  ACK -> RESPONSE separation             n/a
  READ -> pktgen trigger                 704 ns
  READ -> full K reservoir               715 ns

DERIVED
  hold_ns                        496
  D_ns                           1999872.0
  tau_ns                         26.737967914438503
  D_plus_tau_ns                  1999898.7379679144
  deadline_error_raw_ns          -1999376.0
  deadline_error_corrected_ns    -1999402.7379679144
  reservoir_standing_ns          715
  read_to_ack_ns                 500010
  ack_to_resp_release_ns         None
  blockers_admitted              1
  blockers_terminated            1
  ack_release_failopen           0

VERDICT: FAIL

GATE 2 SUMMARY: 1 trial(s), 0 PASS, 1 FAIL
[18:00:49] -------------------------------------------------------------
[18:00:49] GATE 2 COMPLETE — ONE transaction. txn_rc=0 analyzer_rc=1
[18:00:49] evidence: /home/philip/Projects/DNP3/defense3/evidence/ksweep_hold/20260803T175912Z/gate2_20260803T180041Z
[18:00:49] 
[18:00:49] STOPPING HERE BY DESIGN. Gates 3 (five transactions) and 4 (three
[18:00:49] boundary cases) are separate, human-gated steps and are NOT in this script.
[18:00:49] 
[18:00:49] The EXIT trap now restores the known-good state via the proven runner.
[18:00:49] on_exit: rc=1 — running restoration
[18:00:49] D3_SKIP_RESTORE=1 — NOT restoring. The switch is left as this run found
[18:00:49] it, and restoring it is now YOUR responsibility:
[18:00:49]   bash /home/philip/Projects/DNP3/research/case_a_read_anchored_dual_release/run/run_four_queue_oracle.sh --restore-only
[18:00:49] exit 1
[18:00:49] trial K=64 D=2ms B=18000 rep=2
[18:00:49] acquired /tmp/case_a_defense3_gate2.lock (pid 3263517)
[18:00:49] mode=gate2 dryrun=0 prog=case_a_defense3 skip_restore=1
[18:00:50] pre-run switch state: {"n_bf_switchd":1,"pid":"597143","conf":"/home/decps/d3/d3_final_synth.conf","p4_name":"case_a_defense3"}
[18:00:50] === GATE 2: ONE synthetic transaction, then STOP ===
[18:00:50] D=2 ms  budget=18000  scenario=gate2-2timer  ipg=500000 ns  gen=0xC0
[18:00:50] evidence: /home/philip/Projects/DNP3/defense3/evidence/ksweep_hold/20260803T175912Z/gate2_20260803T180049Z
[18:00:50] --- staging /home/philip/Projects/DNP3/defense3/run/poll_defense3.py + the Gate-1 setup module -> decps@10.10.54.81:/home/decps/d3gate2 ---
[18:00:52] --- preflight cleanup + clean assertion ---
[18:00:57] transaction returned rc=0
[18:00:58] --- scoring ---
==============================================================================
DEFENSE 3 — §13 GATE 2 — gate2_txn.json
==============================================================================
RES    ID     REQUIREMENT
------ ------ ----------------------------------------------------------
PASS   V-01   trial ran to completion (verdict COMPLETE)
                verdict='COMPLETE'
PASS   V-02   trial asserted a CLEAN START and was not refused
                reasons=[]
PASS   V-03   mandatory cleanup ran (from the `finally`)
                cleanup_synth present=True
PASS   C-R1   dp8 speed == BF_SPEED_25G on BOTH the MAC and the TM
                MAC $SPEED='BF_SPEED_25G', TM scheduling_speed='BF_SPEED_25G'
                (both must be BF_SPEED_25G)
PASS   G-01   one READ
                ARM_FRESH=1 ARM_DUP=0 ARM_BUSY=0
PASS   G-02   one K=64 blocker burst
                PKTGEN_ADMIT=64 (want 64) PKTGEN_DROP=0
PASS   G-03   one ACK admitted to Q_HOLD
                ACK_HOLD=1 ACK_DUP_HOLD=0 ACK_REJECT=0
PASS   G-04   one EARLY RESPONSE admitted behind the ACK
                RESP_HOLD_EARLY=1 (the ACK had not yet been released)
                RESP_HOLD_LATE=0 RESP_BYPASS=0
PASS   G-05   no ACK before t_ACK + D
                hold=2001445 ns, D=1999872.0 ns, raw error=1573.0 ns (must be
                >= 0)
PASS   G-06   no RESPONSE before the ACK
                t_resp_release - t_ack_release = 30 ns (must be > 0; a
                negative value is the wire order INVERTED)
PASS   G-07   ACK released FIRST
                CD_ACK_RELEASE=1 + CD_ACK_REL_RETIRE=0 (E1 partitions the
                releases, so the SUM is the count) = 1, ordering gap=30 ns
PASS   G-08   RESPONSE released SECOND
                RELEASE_DEADLINE=1 RELEASE_FAILOPEN=0 (the two causes
                partition the releases, so the sum is the release count)
PASS   G-09   all blockers terminate (admitted == stale + deadline + budget)
                admitted=64 terminated=64 (stale=0 deadline=64 budget=0)
PASS   G-10   transaction returns clean (generation retired by the released RESPONSE, no drops, no off-topology packets)
                reg_tag BEFORE cleanup = 0x00 (want 0x00 = TAG_INACTIVE);
                BAD_PORT=0 (the trigger CLONE is counted as CLONE_SEEN=1, NOT
                as BAD_PORT); queue drops=[('qid7', 0), ('qid1', 0)]
PASS   C-R2   reservoir standing: t_first_blocker - t_READ < 100000 ns
                t_first_block - t_READ = 714 ns (bound 100000). A LATE
                reservoir is a SILENT ZERO-HOLD: the ACK arrives min 0.400 ms
                after the READ, so an unblocked Q_HOLD releases it immediately
                and every counter still reads normal.
PASS   C-R4   ACK_RELEASE_FAILOPEN == 0
                BLOCK_TERM_TMO + RELEASE_FAILOPEN = 0. Non-zero means the
                reservoir drained on the pass budget B, so the trial measured
                H = B*K/rate, NOT D.
PASS   C-R5   corrected deadline error |hold - (D + K/rate)| <= 1000 ns
                hold=2001445 ns; D=1999872.0 ns; K/rate=1711.230 ns; raw
                error=+1573.000 ns; CORRECTED error=-138.230 ns. The raw error
                carries a deterministic +1711.230 ns bias; reporting it as
                jitter is the default failure of this measurement.
INFO   I-01   READ -> ACK interval (should track the hardware ipg)
                t_ack_arm - t_READ = 500009 ns, ipg = 500000 ns
INFO   I-02   release tail: ACK -> RESPONSE on the wire
                30 ns
INFO   I-03   blocker loops (dp8 traversals consumed)
                CD_BLOCK_LOOP = 92955

MEASURED SEPARATELY (the direction's Gate-2 list)
  t_ACK (deadline armed)                 2994772883 ns
  d_ACK (the armed deadline word)        2996772609 ns
  first deadline termination             2996772609 ns
  final deadline termination             2996774303 ns
  ACK forward commitment                 2996774328 ns
  RESPONSE forward commitment            2996774358 ns
  actual ACK hold                        2001445 ns
  drain (first -> final termination)     1694 ns
  drain tail (final term -> ACK out)     25 ns
  ACK -> RESPONSE separation             30 ns
  READ -> pktgen trigger                 705 ns
  READ -> full K reservoir               1231 ns

DERIVED
  hold_ns                        2001445
  D_ns                           1999872.0
  tau_ns                         1711.2299465240642
  D_plus_tau_ns                  2001583.2299465241
  deadline_error_raw_ns          1573.0
  deadline_error_corrected_ns    -138.2299465240642
  reservoir_standing_ns          714
  read_to_ack_ns                 500009
  ack_to_resp_release_ns         30
  blockers_admitted              64
  blockers_terminated            64
  ack_release_failopen           0

VERDICT: PASS

GATE 2 SUMMARY: 1 trial(s), 1 PASS, 0 FAIL
[18:00:58] -------------------------------------------------------------
[18:00:58] GATE 2 COMPLETE — ONE transaction. txn_rc=0 analyzer_rc=0
[18:00:58] evidence: /home/philip/Projects/DNP3/defense3/evidence/ksweep_hold/20260803T175912Z/gate2_20260803T180049Z
[18:00:58] 
[18:00:58] STOPPING HERE BY DESIGN. Gates 3 (five transactions) and 4 (three
[18:00:58] boundary cases) are separate, human-gated steps and are NOT in this script.
[18:00:58] 
[18:00:58] The EXIT trap now restores the known-good state via the proven runner.
[18:00:58] on_exit: rc=0 — running restoration
[18:00:58] D3_SKIP_RESTORE=1 — NOT restoring. The switch is left as this run found
[18:00:58] it, and restoring it is now YOUR responsibility:
[18:00:58]   bash /home/philip/Projects/DNP3/research/case_a_read_anchored_dual_release/run/run_four_queue_oracle.sh --restore-only
[18:00:58] exit 0
[18:00:58] trial K=48 D=2ms B=18000 rep=2
[18:00:58] acquired /tmp/case_a_defense3_gate2.lock (pid 3263665)
[18:00:58] mode=gate2 dryrun=0 prog=case_a_defense3 skip_restore=1
[18:00:59] pre-run switch state: {"n_bf_switchd":1,"pid":"597143","conf":"/home/decps/d3/d3_final_synth.conf","p4_name":"case_a_defense3"}
[18:00:59] === GATE 2: ONE synthetic transaction, then STOP ===
[18:00:59] D=2 ms  budget=18000  scenario=gate2-2timer  ipg=500000 ns  gen=0xC0
[18:00:59] evidence: /home/philip/Projects/DNP3/defense3/evidence/ksweep_hold/20260803T175912Z/gate2_20260803T180058Z
[18:00:59] --- staging /home/philip/Projects/DNP3/defense3/run/poll_defense3.py + the Gate-1 setup module -> decps@10.10.54.81:/home/decps/d3gate2 ---
[18:01:01] --- preflight cleanup + clean assertion ---
[18:01:06] transaction returned rc=0
[18:01:07] --- scoring ---
==============================================================================
DEFENSE 3 — §13 GATE 2 — gate2_txn.json
==============================================================================
RES    ID     REQUIREMENT
------ ------ ----------------------------------------------------------
PASS   V-01   trial ran to completion (verdict COMPLETE)
                verdict='COMPLETE'
PASS   V-02   trial asserted a CLEAN START and was not refused
                reasons=[]
PASS   V-03   mandatory cleanup ran (from the `finally`)
                cleanup_synth present=True
PASS   C-R1   dp8 speed == BF_SPEED_25G on BOTH the MAC and the TM
                MAC $SPEED='BF_SPEED_25G', TM scheduling_speed='BF_SPEED_25G'
                (both must be BF_SPEED_25G)
PASS   G-01   one READ
                ARM_FRESH=1 ARM_DUP=0 ARM_BUSY=0
PASS   G-02   one K=48 blocker burst
                PKTGEN_ADMIT=48 (want 48) PKTGEN_DROP=0
PASS   G-03   one ACK admitted to Q_HOLD
                ACK_HOLD=1 ACK_DUP_HOLD=0 ACK_REJECT=0
PASS   G-04   one EARLY RESPONSE admitted behind the ACK
                RESP_HOLD_EARLY=1 (the ACK had not yet been released)
                RESP_HOLD_LATE=0 RESP_BYPASS=0
PASS   G-05   no ACK before t_ACK + D
                hold=2000988 ns, D=1999872.0 ns, raw error=1116.0 ns (must be
                >= 0)
PASS   G-06   no RESPONSE before the ACK
                t_resp_release - t_ack_release = 29 ns (must be > 0; a
                negative value is the wire order INVERTED)
PASS   G-07   ACK released FIRST
                CD_ACK_RELEASE=1 + CD_ACK_REL_RETIRE=0 (E1 partitions the
                releases, so the SUM is the count) = 1, ordering gap=29 ns
PASS   G-08   RESPONSE released SECOND
                RELEASE_DEADLINE=1 RELEASE_FAILOPEN=0 (the two causes
                partition the releases, so the sum is the release count)
PASS   G-09   all blockers terminate (admitted == stale + deadline + budget)
                admitted=48 terminated=48 (stale=0 deadline=48 budget=0)
PASS   G-10   transaction returns clean (generation retired by the released RESPONSE, no drops, no off-topology packets)
                reg_tag BEFORE cleanup = 0x00 (want 0x00 = TAG_INACTIVE);
                BAD_PORT=0 (the trigger CLONE is counted as CLONE_SEEN=1, NOT
                as BAD_PORT); queue drops=[('qid7', 0), ('qid1', 0)]
PASS   C-R2   reservoir standing: t_first_blocker - t_READ < 100000 ns
                t_first_block - t_READ = 717 ns (bound 100000). A LATE
                reservoir is a SILENT ZERO-HOLD: the ACK arrives min 0.400 ms
                after the READ, so an unblocked Q_HOLD releases it immediately
                and every counter still reads normal.
PASS   C-R4   ACK_RELEASE_FAILOPEN == 0
                BLOCK_TERM_TMO + RELEASE_FAILOPEN = 0. Non-zero means the
                reservoir drained on the pass budget B, so the trial measured
                H = B*K/rate, NOT D.
PASS   C-R5   corrected deadline error |hold - (D + K/rate)| <= 1000 ns
                hold=2000988 ns; D=1999872.0 ns; K/rate=1283.422 ns; raw
                error=+1116.000 ns; CORRECTED error=-167.422 ns. The raw error
                carries a deterministic +1283.422 ns bias; reporting it as
                jitter is the default failure of this measurement.
INFO   I-01   READ -> ACK interval (should track the hardware ipg)
                t_ack_arm - t_READ = 500010 ns, ipg = 500000 ns
INFO   I-02   release tail: ACK -> RESPONSE on the wire
                29 ns
INFO   I-03   blocker loops (dp8 traversals consumed)
                CD_BLOCK_LOOP = 92954

MEASURED SEPARATELY (the direction's Gate-2 list)
  t_ACK (deadline armed)                 3319367342 ns
  d_ACK (the armed deadline word)        3321367041 ns
  first deadline termination             3321367043 ns
  final deadline termination             3321368305 ns
  ACK forward commitment                 3321368330 ns
  RESPONSE forward commitment            3321368359 ns
  actual ACK hold                        2000988 ns
  drain (first -> final termination)     1262 ns
  drain tail (final term -> ACK out)     25 ns
  ACK -> RESPONSE separation             29 ns
  READ -> pktgen trigger                 706 ns
  READ -> full K reservoir               1101 ns

DERIVED
  hold_ns                        2000988
  D_ns                           1999872.0
  tau_ns                         1283.4224598930482
  D_plus_tau_ns                  2001155.4224598932
  deadline_error_raw_ns          1116.0
  deadline_error_corrected_ns    -167.4224598930482
  reservoir_standing_ns          717
  read_to_ack_ns                 500010
  ack_to_resp_release_ns         29
  blockers_admitted              48
  blockers_terminated            48
  ack_release_failopen           0

VERDICT: PASS

GATE 2 SUMMARY: 1 trial(s), 1 PASS, 0 FAIL
[18:01:07] -------------------------------------------------------------
[18:01:07] GATE 2 COMPLETE — ONE transaction. txn_rc=0 analyzer_rc=0
[18:01:07] evidence: /home/philip/Projects/DNP3/defense3/evidence/ksweep_hold/20260803T175912Z/gate2_20260803T180058Z
[18:01:07] 
[18:01:07] STOPPING HERE BY DESIGN. Gates 3 (five transactions) and 4 (three
[18:01:07] boundary cases) are separate, human-gated steps and are NOT in this script.
[18:01:07] 
[18:01:07] The EXIT trap now restores the known-good state via the proven runner.
[18:01:07] on_exit: rc=0 — running restoration
[18:01:07] D3_SKIP_RESTORE=1 — NOT restoring. The switch is left as this run found
[18:01:07] it, and restoring it is now YOUR responsibility:
[18:01:07]   bash /home/philip/Projects/DNP3/research/case_a_read_anchored_dual_release/run/run_four_queue_oracle.sh --restore-only
[18:01:07] exit 0
[18:01:07] trial K=32 D=2ms B=18000 rep=2
[18:01:07] acquired /tmp/case_a_defense3_gate2.lock (pid 3263806)
[18:01:07] mode=gate2 dryrun=0 prog=case_a_defense3 skip_restore=1
[18:01:08] pre-run switch state: {"n_bf_switchd":1,"pid":"597143","conf":"/home/decps/d3/d3_final_synth.conf","p4_name":"case_a_defense3"}
[18:01:08] === GATE 2: ONE synthetic transaction, then STOP ===
[18:01:08] D=2 ms  budget=18000  scenario=gate2-2timer  ipg=500000 ns  gen=0xC0
[18:01:08] evidence: /home/philip/Projects/DNP3/defense3/evidence/ksweep_hold/20260803T175912Z/gate2_20260803T180107Z
[18:01:08] --- staging /home/philip/Projects/DNP3/defense3/run/poll_defense3.py + the Gate-1 setup module -> decps@10.10.54.81:/home/decps/d3gate2 ---
[18:01:10] --- preflight cleanup + clean assertion ---
[18:01:15] transaction returned rc=0
[18:01:16] --- scoring ---
==============================================================================
DEFENSE 3 — §13 GATE 2 — gate2_txn.json
==============================================================================
RES    ID     REQUIREMENT
------ ------ ----------------------------------------------------------
PASS   V-01   trial ran to completion (verdict COMPLETE)
                verdict='COMPLETE'
PASS   V-02   trial asserted a CLEAN START and was not refused
                reasons=[]
PASS   V-03   mandatory cleanup ran (from the `finally`)
                cleanup_synth present=True
PASS   C-R1   dp8 speed == BF_SPEED_25G on BOTH the MAC and the TM
                MAC $SPEED='BF_SPEED_25G', TM scheduling_speed='BF_SPEED_25G'
                (both must be BF_SPEED_25G)
PASS   G-01   one READ
                ARM_FRESH=1 ARM_DUP=0 ARM_BUSY=0
PASS   G-02   one K=32 blocker burst
                PKTGEN_ADMIT=32 (want 32) PKTGEN_DROP=0
PASS   G-03   one ACK admitted to Q_HOLD
                ACK_HOLD=1 ACK_DUP_HOLD=0 ACK_REJECT=0
FAIL   G-04   one EARLY RESPONSE admitted behind the ACK
                RESP_HOLD_EARLY=0 (the ACK had not yet been released)
                RESP_HOLD_LATE=0 RESP_BYPASS=1
FAIL   G-05   no ACK before t_ACK + D
                hold=819 ns, D=1999872.0 ns, raw error=-1999053.0 ns (must be
                >= 0)
INDETERMINATE G-06   no RESPONSE before the ACK
                t_resp_release - t_ack_release = None ns (must be > 0; a
                negative value is the wire order INVERTED)
INDETERMINATE G-07   ACK released FIRST
                CD_ACK_RELEASE=0 + CD_ACK_REL_RETIRE=1 (E1 partitions the
                releases, so the SUM is the count) = 1, ordering gap=None ns
FAIL   G-08   RESPONSE released SECOND
                RELEASE_DEADLINE=0 RELEASE_FAILOPEN=0 (the two causes
                partition the releases, so the sum is the release count)
PASS   G-09   all blockers terminate (admitted == stale + deadline + budget)
                admitted=32 terminated=32 (stale=32 deadline=0 budget=0)
PASS   G-10   transaction returns clean (generation retired by the released RESPONSE, no drops, no off-topology packets)
                reg_tag BEFORE cleanup = 0x00 (want 0x00 = TAG_INACTIVE);
                BAD_PORT=0 (the trigger CLONE is counted as CLONE_SEEN=1, NOT
                as BAD_PORT); queue drops=[('qid7', 0), ('qid1', 0)]
PASS   C-R2   reservoir standing: t_first_blocker - t_READ < 100000 ns
                t_first_block - t_READ = 714 ns (bound 100000). A LATE
                reservoir is a SILENT ZERO-HOLD: the ACK arrives min 0.400 ms
                after the READ, so an unblocked Q_HOLD releases it immediately
                and every counter still reads normal.
PASS   C-R4   ACK_RELEASE_FAILOPEN == 0
                BLOCK_TERM_TMO + RELEASE_FAILOPEN = 0. Non-zero means the
                reservoir drained on the pass budget B, so the trial measured
                H = B*K/rate, NOT D.
FAIL   C-R5   corrected deadline error |hold - (D + K/rate)| <= 1000 ns
                hold=819 ns; D=1999872.0 ns; K/rate=855.615 ns; raw
                error=-1999053.000 ns; CORRECTED error=-1999908.615 ns. The
                raw error carries a deterministic +855.615 ns bias; reporting
                it as jitter is the default failure of this measurement.
INFO   I-01   READ -> ACK interval (should track the hardware ipg)
                t_ack_arm - t_READ = 500008 ns, ipg = 500000 ns
INFO   I-02   release tail: ACK -> RESPONSE on the wire
                None ns
INFO   I-03   blocker loops (dp8 traversals consumed)
                CD_BLOCK_LOOP = 18588

MEASURED SEPARATELY (the direction's Gate-2 list)
  t_ACK (deadline armed)                 3665601511 ns
  d_ACK (the armed deadline word)        3667601153 ns
  first deadline termination             3665602358 ns
  final deadline termination             3665603191 ns
  ACK forward commitment                 3665602330 ns
  RESPONSE forward commitment            n/a
  actual ACK hold                        819 ns
  drain (first -> final termination)     833 ns
  drain tail (final term -> ACK out)     -861 ns
  ACK -> RESPONSE separation             n/a
  READ -> pktgen trigger                 703 ns
  READ -> full K reservoir               968 ns

DERIVED
  hold_ns                        819
  D_ns                           1999872.0
  tau_ns                         855.6149732620321
  D_plus_tau_ns                  2000727.614973262
  deadline_error_raw_ns          -1999053.0
  deadline_error_corrected_ns    -1999908.614973262
  reservoir_standing_ns          714
  read_to_ack_ns                 500008
  ack_to_resp_release_ns         None
  blockers_admitted              32
  blockers_terminated            32
  ack_release_failopen           0

VERDICT: FAIL

GATE 2 SUMMARY: 1 trial(s), 0 PASS, 1 FAIL
[18:01:16] -------------------------------------------------------------
[18:01:16] GATE 2 COMPLETE — ONE transaction. txn_rc=0 analyzer_rc=1
[18:01:16] evidence: /home/philip/Projects/DNP3/defense3/evidence/ksweep_hold/20260803T175912Z/gate2_20260803T180107Z
[18:01:16] 
[18:01:16] STOPPING HERE BY DESIGN. Gates 3 (five transactions) and 4 (three
[18:01:16] boundary cases) are separate, human-gated steps and are NOT in this script.
[18:01:16] 
[18:01:16] The EXIT trap now restores the known-good state via the proven runner.
[18:01:16] on_exit: rc=1 — running restoration
[18:01:16] D3_SKIP_RESTORE=1 — NOT restoring. The switch is left as this run found
[18:01:16] it, and restoring it is now YOUR responsibility:
[18:01:16]   bash /home/philip/Projects/DNP3/research/case_a_read_anchored_dual_release/run/run_four_queue_oracle.sh --restore-only
[18:01:16] exit 1
[18:01:16] trial K=24 D=2ms B=18000 rep=2
[18:01:16] acquired /tmp/case_a_defense3_gate2.lock (pid 3263981)
[18:01:16] mode=gate2 dryrun=0 prog=case_a_defense3 skip_restore=1
[18:01:17] pre-run switch state: {"n_bf_switchd":1,"pid":"597143","conf":"/home/decps/d3/d3_final_synth.conf","p4_name":"case_a_defense3"}
[18:01:17] === GATE 2: ONE synthetic transaction, then STOP ===
[18:01:17] D=2 ms  budget=18000  scenario=gate2-2timer  ipg=500000 ns  gen=0xC0
[18:01:17] evidence: /home/philip/Projects/DNP3/defense3/evidence/ksweep_hold/20260803T175912Z/gate2_20260803T180116Z
[18:01:17] --- staging /home/philip/Projects/DNP3/defense3/run/poll_defense3.py + the Gate-1 setup module -> decps@10.10.54.81:/home/decps/d3gate2 ---
[18:01:18] --- preflight cleanup + clean assertion ---
[18:01:24] transaction returned rc=0
[18:01:25] --- scoring ---
==============================================================================
DEFENSE 3 — §13 GATE 2 — gate2_txn.json
==============================================================================
RES    ID     REQUIREMENT
------ ------ ----------------------------------------------------------
PASS   V-01   trial ran to completion (verdict COMPLETE)
                verdict='COMPLETE'
PASS   V-02   trial asserted a CLEAN START and was not refused
                reasons=[]
PASS   V-03   mandatory cleanup ran (from the `finally`)
                cleanup_synth present=True
PASS   C-R1   dp8 speed == BF_SPEED_25G on BOTH the MAC and the TM
                MAC $SPEED='BF_SPEED_25G', TM scheduling_speed='BF_SPEED_25G'
                (both must be BF_SPEED_25G)
PASS   G-01   one READ
                ARM_FRESH=1 ARM_DUP=0 ARM_BUSY=0
PASS   G-02   one K=24 blocker burst
                PKTGEN_ADMIT=24 (want 24) PKTGEN_DROP=0
PASS   G-03   one ACK admitted to Q_HOLD
                ACK_HOLD=1 ACK_DUP_HOLD=0 ACK_REJECT=0
FAIL   G-04   one EARLY RESPONSE admitted behind the ACK
                RESP_HOLD_EARLY=0 (the ACK had not yet been released)
                RESP_HOLD_LATE=0 RESP_BYPASS=1
FAIL   G-05   no ACK before t_ACK + D
                hold=604 ns, D=1999872.0 ns, raw error=-1999268.0 ns (must be
                >= 0)
INDETERMINATE G-06   no RESPONSE before the ACK
                t_resp_release - t_ack_release = None ns (must be > 0; a
                negative value is the wire order INVERTED)
INDETERMINATE G-07   ACK released FIRST
                CD_ACK_RELEASE=0 + CD_ACK_REL_RETIRE=1 (E1 partitions the
                releases, so the SUM is the count) = 1, ordering gap=None ns
FAIL   G-08   RESPONSE released SECOND
                RELEASE_DEADLINE=0 RELEASE_FAILOPEN=0 (the two causes
                partition the releases, so the sum is the release count)
PASS   G-09   all blockers terminate (admitted == stale + deadline + budget)
                admitted=24 terminated=24 (stale=24 deadline=0 budget=0)
PASS   G-10   transaction returns clean (generation retired by the released RESPONSE, no drops, no off-topology packets)
                reg_tag BEFORE cleanup = 0x00 (want 0x00 = TAG_INACTIVE);
                BAD_PORT=0 (the trigger CLONE is counted as CLONE_SEEN=1, NOT
                as BAD_PORT); queue drops=[('qid7', 0), ('qid1', 0)]
PASS   C-R2   reservoir standing: t_first_blocker - t_READ < 100000 ns
                t_first_block - t_READ = 714 ns (bound 100000). A LATE
                reservoir is a SILENT ZERO-HOLD: the ACK arrives min 0.400 ms
                after the READ, so an unblocked Q_HOLD releases it immediately
                and every counter still reads normal.
PASS   C-R4   ACK_RELEASE_FAILOPEN == 0
                BLOCK_TERM_TMO + RELEASE_FAILOPEN = 0. Non-zero means the
                reservoir drained on the pass budget B, so the trial measured
                H = B*K/rate, NOT D.
FAIL   C-R5   corrected deadline error |hold - (D + K/rate)| <= 1000 ns
                hold=604 ns; D=1999872.0 ns; K/rate=641.711 ns; raw
                error=-1999268.000 ns; CORRECTED error=-1999909.711 ns. The
                raw error carries a deterministic +641.711 ns bias; reporting
                it as jitter is the default failure of this measurement.
INFO   I-01   READ -> ACK interval (should track the hardware ipg)
                t_ack_arm - t_READ = 500010 ns, ipg = 500000 ns
INFO   I-02   release tail: ACK -> RESPONSE on the wire
                None ns
INFO   I-03   blocker loops (dp8 traversals consumed)
                CD_BLOCK_LOOP = 18580

MEASURED SEPARATELY (the direction's Gate-2 list)
  t_ACK (deadline armed)                 3943263854 ns
  d_ACK (the armed deadline word)        3945263617 ns
  first deadline termination             3943264486 ns
  final deadline termination             3943265103 ns
  ACK forward commitment                 3943264458 ns
  RESPONSE forward commitment            n/a
  actual ACK hold                        604 ns
  drain (first -> final termination)     617 ns
  drain tail (final term -> ACK out)     -645 ns
  ACK -> RESPONSE separation             n/a
  READ -> pktgen trigger                 704 ns
  READ -> full K reservoir               903 ns

DERIVED
  hold_ns                        604
  D_ns                           1999872.0
  tau_ns                         641.7112299465241
  D_plus_tau_ns                  2000513.7112299465
  deadline_error_raw_ns          -1999268.0
  deadline_error_corrected_ns    -1999909.7112299465
  reservoir_standing_ns          714
  read_to_ack_ns                 500010
  ack_to_resp_release_ns         None
  blockers_admitted              24
  blockers_terminated            24
  ack_release_failopen           0

VERDICT: FAIL

GATE 2 SUMMARY: 1 trial(s), 0 PASS, 1 FAIL
[18:01:25] -------------------------------------------------------------
[18:01:25] GATE 2 COMPLETE — ONE transaction. txn_rc=0 analyzer_rc=1
[18:01:25] evidence: /home/philip/Projects/DNP3/defense3/evidence/ksweep_hold/20260803T175912Z/gate2_20260803T180116Z
[18:01:25] 
[18:01:25] STOPPING HERE BY DESIGN. Gates 3 (five transactions) and 4 (three
[18:01:25] boundary cases) are separate, human-gated steps and are NOT in this script.
[18:01:25] 
[18:01:25] The EXIT trap now restores the known-good state via the proven runner.
[18:01:25] on_exit: rc=1 — running restoration
[18:01:25] D3_SKIP_RESTORE=1 — NOT restoring. The switch is left as this run found
[18:01:25] it, and restoring it is now YOUR responsibility:
[18:01:25]   bash /home/philip/Projects/DNP3/research/case_a_read_anchored_dual_release/run/run_four_queue_oracle.sh --restore-only
[18:01:25] exit 1
[18:01:25] trial K=20 D=2ms B=18000 rep=2
[18:01:25] acquired /tmp/case_a_defense3_gate2.lock (pid 3264122)
[18:01:25] mode=gate2 dryrun=0 prog=case_a_defense3 skip_restore=1
[18:01:26] pre-run switch state: {"n_bf_switchd":1,"pid":"597143","conf":"/home/decps/d3/d3_final_synth.conf","p4_name":"case_a_defense3"}
[18:01:26] === GATE 2: ONE synthetic transaction, then STOP ===
[18:01:26] D=2 ms  budget=18000  scenario=gate2-2timer  ipg=500000 ns  gen=0xC0
[18:01:26] evidence: /home/philip/Projects/DNP3/defense3/evidence/ksweep_hold/20260803T175912Z/gate2_20260803T180125Z
[18:01:26] --- staging /home/philip/Projects/DNP3/defense3/run/poll_defense3.py + the Gate-1 setup module -> decps@10.10.54.81:/home/decps/d3gate2 ---
[18:01:27] --- preflight cleanup + clean assertion ---
[18:01:33] transaction returned rc=0
[18:01:34] --- scoring ---
==============================================================================
DEFENSE 3 — §13 GATE 2 — gate2_txn.json
==============================================================================
RES    ID     REQUIREMENT
------ ------ ----------------------------------------------------------
PASS   V-01   trial ran to completion (verdict COMPLETE)
                verdict='COMPLETE'
PASS   V-02   trial asserted a CLEAN START and was not refused
                reasons=[]
PASS   V-03   mandatory cleanup ran (from the `finally`)
                cleanup_synth present=True
PASS   C-R1   dp8 speed == BF_SPEED_25G on BOTH the MAC and the TM
                MAC $SPEED='BF_SPEED_25G', TM scheduling_speed='BF_SPEED_25G'
                (both must be BF_SPEED_25G)
PASS   G-01   one READ
                ARM_FRESH=1 ARM_DUP=0 ARM_BUSY=0
PASS   G-02   one K=20 blocker burst
                PKTGEN_ADMIT=20 (want 20) PKTGEN_DROP=0
PASS   G-03   one ACK admitted to Q_HOLD
                ACK_HOLD=1 ACK_DUP_HOLD=0 ACK_REJECT=0
FAIL   G-04   one EARLY RESPONSE admitted behind the ACK
                RESP_HOLD_EARLY=0 (the ACK had not yet been released)
                RESP_HOLD_LATE=0 RESP_BYPASS=1
FAIL   G-05   no ACK before t_ACK + D
                hold=502 ns, D=1999872.0 ns, raw error=-1999370.0 ns (must be
                >= 0)
INDETERMINATE G-06   no RESPONSE before the ACK
                t_resp_release - t_ack_release = None ns (must be > 0; a
                negative value is the wire order INVERTED)
INDETERMINATE G-07   ACK released FIRST
                CD_ACK_RELEASE=0 + CD_ACK_REL_RETIRE=1 (E1 partitions the
                releases, so the SUM is the count) = 1, ordering gap=None ns
FAIL   G-08   RESPONSE released SECOND
                RELEASE_DEADLINE=0 RELEASE_FAILOPEN=0 (the two causes
                partition the releases, so the sum is the release count)
PASS   G-09   all blockers terminate (admitted == stale + deadline + budget)
                admitted=20 terminated=20 (stale=20 deadline=0 budget=0)
PASS   G-10   transaction returns clean (generation retired by the released RESPONSE, no drops, no off-topology packets)
                reg_tag BEFORE cleanup = 0x00 (want 0x00 = TAG_INACTIVE);
                BAD_PORT=0 (the trigger CLONE is counted as CLONE_SEEN=1, NOT
                as BAD_PORT); queue drops=[('qid7', 0), ('qid1', 0)]
PASS   C-R2   reservoir standing: t_first_blocker - t_READ < 100000 ns
                t_first_block - t_READ = 717 ns (bound 100000). A LATE
                reservoir is a SILENT ZERO-HOLD: the ACK arrives min 0.400 ms
                after the READ, so an unblocked Q_HOLD releases it immediately
                and every counter still reads normal.
PASS   C-R4   ACK_RELEASE_FAILOPEN == 0
                BLOCK_TERM_TMO + RELEASE_FAILOPEN = 0. Non-zero means the
                reservoir drained on the pass budget B, so the trial measured
                H = B*K/rate, NOT D.
FAIL   C-R5   corrected deadline error |hold - (D + K/rate)| <= 1000 ns
                hold=502 ns; D=1999872.0 ns; K/rate=534.759 ns; raw
                error=-1999370.000 ns; CORRECTED error=-1999904.759 ns. The
                raw error carries a deterministic +534.759 ns bias; reporting
                it as jitter is the default failure of this measurement.
INFO   I-01   READ -> ACK interval (should track the hardware ipg)
                t_ack_arm - t_READ = 500011 ns, ipg = 500000 ns
INFO   I-02   release tail: ACK -> RESPONSE on the wire
                None ns
INFO   I-03   blocker loops (dp8 traversals consumed)
                CD_BLOCK_LOOP = 18555

MEASURED SEPARATELY (the direction's Gate-2 list)
  t_ACK (deadline armed)                 31293451 ns
  d_ACK (the armed deadline word)        33293313 ns
  first deadline termination             31293981 ns
  final deadline termination             31294493 ns
  ACK forward commitment                 31293953 ns
  RESPONSE forward commitment            n/a
  actual ACK hold                        502 ns
  drain (first -> final termination)     512 ns
  drain tail (final term -> ACK out)     -540 ns
  ACK -> RESPONSE separation             n/a
  READ -> pktgen trigger                 707 ns
  READ -> full K reservoir               873 ns

DERIVED
  hold_ns                        502
  D_ns                           1999872.0
  tau_ns                         534.75935828877
  D_plus_tau_ns                  2000406.7593582887
  deadline_error_raw_ns          -1999370.0
  deadline_error_corrected_ns    -1999904.7593582887
  reservoir_standing_ns          717
  read_to_ack_ns                 500011
  ack_to_resp_release_ns         None
  blockers_admitted              20
  blockers_terminated            20
  ack_release_failopen           0

VERDICT: FAIL

GATE 2 SUMMARY: 1 trial(s), 0 PASS, 1 FAIL
[18:01:34] -------------------------------------------------------------
[18:01:34] GATE 2 COMPLETE — ONE transaction. txn_rc=0 analyzer_rc=1
[18:01:34] evidence: /home/philip/Projects/DNP3/defense3/evidence/ksweep_hold/20260803T175912Z/gate2_20260803T180125Z
[18:01:34] 
[18:01:34] STOPPING HERE BY DESIGN. Gates 3 (five transactions) and 4 (three
[18:01:34] boundary cases) are separate, human-gated steps and are NOT in this script.
[18:01:34] 
[18:01:34] The EXIT trap now restores the known-good state via the proven runner.
[18:01:34] on_exit: rc=1 — running restoration
[18:01:34] D3_SKIP_RESTORE=1 — NOT restoring. The switch is left as this run found
[18:01:34] it, and restoring it is now YOUR responsibility:
[18:01:34]   bash /home/philip/Projects/DNP3/research/case_a_read_anchored_dual_release/run/run_four_queue_oracle.sh --restore-only
[18:01:34] exit 1
[18:01:34] trial K=16 D=2ms B=19869 rep=2
[18:01:34] acquired /tmp/case_a_defense3_gate2.lock (pid 3264262)
[18:01:34] mode=gate2 dryrun=0 prog=case_a_defense3 skip_restore=1
[18:01:35] pre-run switch state: {"n_bf_switchd":1,"pid":"597143","conf":"/home/decps/d3/d3_final_synth.conf","p4_name":"case_a_defense3"}
[18:01:35] === GATE 2: ONE synthetic transaction, then STOP ===
[18:01:35] D=2 ms  budget=19869  scenario=gate2-2timer  ipg=500000 ns  gen=0xC0
[18:01:35] evidence: /home/philip/Projects/DNP3/defense3/evidence/ksweep_hold/20260803T175912Z/gate2_20260803T180134Z
[18:01:35] --- staging /home/philip/Projects/DNP3/defense3/run/poll_defense3.py + the Gate-1 setup module -> decps@10.10.54.81:/home/decps/d3gate2 ---
[18:01:36] --- preflight cleanup + clean assertion ---
[18:01:41] transaction returned rc=0
[18:01:43] --- scoring ---
==============================================================================
DEFENSE 3 — §13 GATE 2 — gate2_txn.json
==============================================================================
RES    ID     REQUIREMENT
------ ------ ----------------------------------------------------------
PASS   V-01   trial ran to completion (verdict COMPLETE)
                verdict='COMPLETE'
PASS   V-02   trial asserted a CLEAN START and was not refused
                reasons=[]
PASS   V-03   mandatory cleanup ran (from the `finally`)
                cleanup_synth present=True
PASS   C-R1   dp8 speed == BF_SPEED_25G on BOTH the MAC and the TM
                MAC $SPEED='BF_SPEED_25G', TM scheduling_speed='BF_SPEED_25G'
                (both must be BF_SPEED_25G)
PASS   G-01   one READ
                ARM_FRESH=1 ARM_DUP=0 ARM_BUSY=0
PASS   G-02   one K=16 blocker burst
                PKTGEN_ADMIT=16 (want 16) PKTGEN_DROP=0
PASS   G-03   one ACK admitted to Q_HOLD
                ACK_HOLD=1 ACK_DUP_HOLD=0 ACK_REJECT=0
FAIL   G-04   one EARLY RESPONSE admitted behind the ACK
                RESP_HOLD_EARLY=0 (the ACK had not yet been released)
                RESP_HOLD_LATE=0 RESP_BYPASS=1
FAIL   G-05   no ACK before t_ACK + D
                hold=495 ns, D=1999872.0 ns, raw error=-1999377.0 ns (must be
                >= 0)
INDETERMINATE G-06   no RESPONSE before the ACK
                t_resp_release - t_ack_release = None ns (must be > 0; a
                negative value is the wire order INVERTED)
INDETERMINATE G-07   ACK released FIRST
                CD_ACK_RELEASE=0 + CD_ACK_REL_RETIRE=1 (E1 partitions the
                releases, so the SUM is the count) = 1, ordering gap=None ns
FAIL   G-08   RESPONSE released SECOND
                RELEASE_DEADLINE=0 RELEASE_FAILOPEN=0 (the two causes
                partition the releases, so the sum is the release count)
PASS   G-09   all blockers terminate (admitted == stale + deadline + budget)
                admitted=16 terminated=16 (stale=16 deadline=0 budget=0)
PASS   G-10   transaction returns clean (generation retired by the released RESPONSE, no drops, no off-topology packets)
                reg_tag BEFORE cleanup = 0x00 (want 0x00 = TAG_INACTIVE);
                BAD_PORT=0 (the trigger CLONE is counted as CLONE_SEEN=1, NOT
                as BAD_PORT); queue drops=[('qid7', 0), ('qid1', 0)]
PASS   C-R2   reservoir standing: t_first_blocker - t_READ < 100000 ns
                t_first_block - t_READ = 717 ns (bound 100000). A LATE
                reservoir is a SILENT ZERO-HOLD: the ACK arrives min 0.400 ms
                after the READ, so an unblocked Q_HOLD releases it immediately
                and every counter still reads normal.
PASS   C-R4   ACK_RELEASE_FAILOPEN == 0
                BLOCK_TERM_TMO + RELEASE_FAILOPEN = 0. Non-zero means the
                reservoir drained on the pass budget B, so the trial measured
                H = B*K/rate, NOT D.
FAIL   C-R5   corrected deadline error |hold - (D + K/rate)| <= 1000 ns
                hold=495 ns; D=1999872.0 ns; K/rate=427.807 ns; raw
                error=-1999377.000 ns; CORRECTED error=-1999804.807 ns. The
                raw error carries a deterministic +427.807 ns bias; reporting
                it as jitter is the default failure of this measurement.
INFO   I-01   READ -> ACK interval (should track the hardware ipg)
                t_ack_arm - t_READ = 500010 ns, ipg = 500000 ns
INFO   I-02   release tail: ACK -> RESPONSE on the wire
                None ns
INFO   I-03   blocker loops (dp8 traversals consumed)
                CD_BLOCK_LOOP = 14970

MEASURED SEPARATELY (the direction's Gate-2 list)
  t_ACK (deadline armed)                 319161805 ns
  d_ACK (the armed deadline word)        321161473 ns
  first deadline termination             319162328 ns
  final deadline termination             319162804 ns
  ACK forward commitment                 319162300 ns
  RESPONSE forward commitment            n/a
  actual ACK hold                        495 ns
  drain (first -> final termination)     476 ns
  drain tail (final term -> ACK out)     -504 ns
  ACK -> RESPONSE separation             n/a
  READ -> pktgen trigger                 706 ns
  READ -> full K reservoir               840 ns

DERIVED
  hold_ns                        495
  D_ns                           1999872.0
  tau_ns                         427.80748663101605
  D_plus_tau_ns                  2000299.807486631
  deadline_error_raw_ns          -1999377.0
  deadline_error_corrected_ns    -1999804.807486631
  reservoir_standing_ns          717
  read_to_ack_ns                 500010
  ack_to_resp_release_ns         None
  blockers_admitted              16
  blockers_terminated            16
  ack_release_failopen           0

VERDICT: FAIL

GATE 2 SUMMARY: 1 trial(s), 0 PASS, 1 FAIL
[18:01:43] -------------------------------------------------------------
[18:01:43] GATE 2 COMPLETE — ONE transaction. txn_rc=0 analyzer_rc=1
[18:01:43] evidence: /home/philip/Projects/DNP3/defense3/evidence/ksweep_hold/20260803T175912Z/gate2_20260803T180134Z
[18:01:43] 
[18:01:43] STOPPING HERE BY DESIGN. Gates 3 (five transactions) and 4 (three
[18:01:43] boundary cases) are separate, human-gated steps and are NOT in this script.
[18:01:43] 
[18:01:43] The EXIT trap now restores the known-good state via the proven runner.
[18:01:43] on_exit: rc=1 — running restoration
[18:01:43] D3_SKIP_RESTORE=1 — NOT restoring. The switch is left as this run found
[18:01:43] it, and restoring it is now YOUR responsibility:
[18:01:43]   bash /home/philip/Projects/DNP3/research/case_a_read_anchored_dual_release/run/run_four_queue_oracle.sh --restore-only
[18:01:43] exit 1
[18:01:43] trial K=12 D=2ms B=26492 rep=2
[18:01:43] acquired /tmp/case_a_defense3_gate2.lock (pid 3264402)
[18:01:43] mode=gate2 dryrun=0 prog=case_a_defense3 skip_restore=1
[18:01:44] pre-run switch state: {"n_bf_switchd":1,"pid":"597143","conf":"/home/decps/d3/d3_final_synth.conf","p4_name":"case_a_defense3"}
[18:01:44] === GATE 2: ONE synthetic transaction, then STOP ===
[18:01:44] D=2 ms  budget=26492  scenario=gate2-2timer  ipg=500000 ns  gen=0xC0
[18:01:44] evidence: /home/philip/Projects/DNP3/defense3/evidence/ksweep_hold/20260803T175912Z/gate2_20260803T180143Z
[18:01:44] --- staging /home/philip/Projects/DNP3/defense3/run/poll_defense3.py + the Gate-1 setup module -> decps@10.10.54.81:/home/decps/d3gate2 ---
[18:01:45] --- preflight cleanup + clean assertion ---
[18:01:50] transaction returned rc=0
[18:01:52] --- scoring ---
==============================================================================
DEFENSE 3 — §13 GATE 2 — gate2_txn.json
==============================================================================
RES    ID     REQUIREMENT
------ ------ ----------------------------------------------------------
PASS   V-01   trial ran to completion (verdict COMPLETE)
                verdict='COMPLETE'
PASS   V-02   trial asserted a CLEAN START and was not refused
                reasons=[]
PASS   V-03   mandatory cleanup ran (from the `finally`)
                cleanup_synth present=True
PASS   C-R1   dp8 speed == BF_SPEED_25G on BOTH the MAC and the TM
                MAC $SPEED='BF_SPEED_25G', TM scheduling_speed='BF_SPEED_25G'
                (both must be BF_SPEED_25G)
PASS   G-01   one READ
                ARM_FRESH=1 ARM_DUP=0 ARM_BUSY=0
PASS   G-02   one K=12 blocker burst
                PKTGEN_ADMIT=12 (want 12) PKTGEN_DROP=0
PASS   G-03   one ACK admitted to Q_HOLD
                ACK_HOLD=1 ACK_DUP_HOLD=0 ACK_REJECT=0
FAIL   G-04   one EARLY RESPONSE admitted behind the ACK
                RESP_HOLD_EARLY=0 (the ACK had not yet been released)
                RESP_HOLD_LATE=0 RESP_BYPASS=1
FAIL   G-05   no ACK before t_ACK + D
                hold=508 ns, D=1999872.0 ns, raw error=-1999364.0 ns (must be
                >= 0)
INDETERMINATE G-06   no RESPONSE before the ACK
                t_resp_release - t_ack_release = None ns (must be > 0; a
                negative value is the wire order INVERTED)
INDETERMINATE G-07   ACK released FIRST
                CD_ACK_RELEASE=0 + CD_ACK_REL_RETIRE=1 (E1 partitions the
                releases, so the SUM is the count) = 1, ordering gap=None ns
FAIL   G-08   RESPONSE released SECOND
                RELEASE_DEADLINE=0 RELEASE_FAILOPEN=0 (the two causes
                partition the releases, so the sum is the release count)
PASS   G-09   all blockers terminate (admitted == stale + deadline + budget)
                admitted=12 terminated=12 (stale=12 deadline=0 budget=0)
PASS   G-10   transaction returns clean (generation retired by the released RESPONSE, no drops, no off-topology packets)
                reg_tag BEFORE cleanup = 0x00 (want 0x00 = TAG_INACTIVE);
                BAD_PORT=0 (the trigger CLONE is counted as CLONE_SEEN=1, NOT
                as BAD_PORT); queue drops=[('qid7', 0), ('qid1', 0)]
PASS   C-R2   reservoir standing: t_first_blocker - t_READ < 100000 ns
                t_first_block - t_READ = 715 ns (bound 100000). A LATE
                reservoir is a SILENT ZERO-HOLD: the ACK arrives min 0.400 ms
                after the READ, so an unblocked Q_HOLD releases it immediately
                and every counter still reads normal.
PASS   C-R4   ACK_RELEASE_FAILOPEN == 0
                BLOCK_TERM_TMO + RELEASE_FAILOPEN = 0. Non-zero means the
                reservoir drained on the pass budget B, so the trial measured
                H = B*K/rate, NOT D.
FAIL   C-R5   corrected deadline error |hold - (D + K/rate)| <= 1000 ns
                hold=508 ns; D=1999872.0 ns; K/rate=320.856 ns; raw
                error=-1999364.000 ns; CORRECTED error=-1999684.856 ns. The
                raw error carries a deterministic +320.856 ns bias; reporting
                it as jitter is the default failure of this measurement.
INFO   I-01   READ -> ACK interval (should track the hardware ipg)
                t_ack_arm - t_READ = 500010 ns, ipg = 500000 ns
INFO   I-02   release tail: ACK -> RESPONSE on the wire
                None ns
INFO   I-03   blocker loops (dp8 traversals consumed)
                CD_BLOCK_LOOP = 11234

MEASURED SEPARATELY (the direction's Gate-2 list)
  t_ACK (deadline armed)                 701154997 ns
  d_ACK (the armed deadline word)        703154689 ns
  first deadline termination             701155533 ns
  final deadline termination             701156011 ns
  ACK forward commitment                 701155505 ns
  RESPONSE forward commitment            n/a
  actual ACK hold                        508 ns
  drain (first -> final termination)     478 ns
  drain tail (final term -> ACK out)     -506 ns
  ACK -> RESPONSE separation             n/a
  READ -> pktgen trigger                 704 ns
  READ -> full K reservoir               805 ns

DERIVED
  hold_ns                        508
  D_ns                           1999872.0
  tau_ns                         320.85561497326205
  D_plus_tau_ns                  2000192.8556149732
  deadline_error_raw_ns          -1999364.0
  deadline_error_corrected_ns    -1999684.8556149732
  reservoir_standing_ns          715
  read_to_ack_ns                 500010
  ack_to_resp_release_ns         None
  blockers_admitted              12
  blockers_terminated            12
  ack_release_failopen           0

VERDICT: FAIL

GATE 2 SUMMARY: 1 trial(s), 0 PASS, 1 FAIL
[18:01:52] -------------------------------------------------------------
[18:01:52] GATE 2 COMPLETE — ONE transaction. txn_rc=0 analyzer_rc=1
[18:01:52] evidence: /home/philip/Projects/DNP3/defense3/evidence/ksweep_hold/20260803T175912Z/gate2_20260803T180143Z
[18:01:52] 
[18:01:52] STOPPING HERE BY DESIGN. Gates 3 (five transactions) and 4 (three
[18:01:52] boundary cases) are separate, human-gated steps and are NOT in this script.
[18:01:52] 
[18:01:52] The EXIT trap now restores the known-good state via the proven runner.
[18:01:52] on_exit: rc=1 — running restoration
[18:01:52] D3_SKIP_RESTORE=1 — NOT restoring. The switch is left as this run found
[18:01:52] it, and restoring it is now YOUR responsibility:
[18:01:52]   bash /home/philip/Projects/DNP3/research/case_a_read_anchored_dual_release/run/run_four_queue_oracle.sh --restore-only
[18:01:52] exit 1
[18:01:52] trial K=8 D=2ms B=39738 rep=2
[18:01:52] acquired /tmp/case_a_defense3_gate2.lock (pid 3264542)
[18:01:52] mode=gate2 dryrun=0 prog=case_a_defense3 skip_restore=1
[18:01:53] pre-run switch state: {"n_bf_switchd":1,"pid":"597143","conf":"/home/decps/d3/d3_final_synth.conf","p4_name":"case_a_defense3"}
[18:01:53] === GATE 2: ONE synthetic transaction, then STOP ===
[18:01:53] D=2 ms  budget=39738  scenario=gate2-2timer  ipg=500000 ns  gen=0xC0
[18:01:53] evidence: /home/philip/Projects/DNP3/defense3/evidence/ksweep_hold/20260803T175912Z/gate2_20260803T180152Z
[18:01:53] --- staging /home/philip/Projects/DNP3/defense3/run/poll_defense3.py + the Gate-1 setup module -> decps@10.10.54.81:/home/decps/d3gate2 ---
[18:01:54] --- preflight cleanup + clean assertion ---
[18:01:59] transaction returned rc=0
[18:02:01] --- scoring ---
==============================================================================
DEFENSE 3 — §13 GATE 2 — gate2_txn.json
==============================================================================
RES    ID     REQUIREMENT
------ ------ ----------------------------------------------------------
PASS   V-01   trial ran to completion (verdict COMPLETE)
                verdict='COMPLETE'
PASS   V-02   trial asserted a CLEAN START and was not refused
                reasons=[]
PASS   V-03   mandatory cleanup ran (from the `finally`)
                cleanup_synth present=True
PASS   C-R1   dp8 speed == BF_SPEED_25G on BOTH the MAC and the TM
                MAC $SPEED='BF_SPEED_25G', TM scheduling_speed='BF_SPEED_25G'
                (both must be BF_SPEED_25G)
PASS   G-01   one READ
                ARM_FRESH=1 ARM_DUP=0 ARM_BUSY=0
PASS   G-02   one K=8 blocker burst
                PKTGEN_ADMIT=8 (want 8) PKTGEN_DROP=0
PASS   G-03   one ACK admitted to Q_HOLD
                ACK_HOLD=1 ACK_DUP_HOLD=0 ACK_REJECT=0
FAIL   G-04   one EARLY RESPONSE admitted behind the ACK
                RESP_HOLD_EARLY=0 (the ACK had not yet been released)
                RESP_HOLD_LATE=0 RESP_BYPASS=1
FAIL   G-05   no ACK before t_ACK + D
                hold=496 ns, D=1999872.0 ns, raw error=-1999376.0 ns (must be
                >= 0)
INDETERMINATE G-06   no RESPONSE before the ACK
                t_resp_release - t_ack_release = None ns (must be > 0; a
                negative value is the wire order INVERTED)
INDETERMINATE G-07   ACK released FIRST
                CD_ACK_RELEASE=0 + CD_ACK_REL_RETIRE=1 (E1 partitions the
                releases, so the SUM is the count) = 1, ordering gap=None ns
FAIL   G-08   RESPONSE released SECOND
                RELEASE_DEADLINE=0 RELEASE_FAILOPEN=0 (the two causes
                partition the releases, so the sum is the release count)
PASS   G-09   all blockers terminate (admitted == stale + deadline + budget)
                admitted=8 terminated=8 (stale=8 deadline=0 budget=0)
PASS   G-10   transaction returns clean (generation retired by the released RESPONSE, no drops, no off-topology packets)
                reg_tag BEFORE cleanup = 0x00 (want 0x00 = TAG_INACTIVE);
                BAD_PORT=0 (the trigger CLONE is counted as CLONE_SEEN=1, NOT
                as BAD_PORT); queue drops=[('qid7', 0), ('qid1', 0)]
PASS   C-R2   reservoir standing: t_first_blocker - t_READ < 100000 ns
                t_first_block - t_READ = 716 ns (bound 100000). A LATE
                reservoir is a SILENT ZERO-HOLD: the ACK arrives min 0.400 ms
                after the READ, so an unblocked Q_HOLD releases it immediately
                and every counter still reads normal.
PASS   C-R4   ACK_RELEASE_FAILOPEN == 0
                BLOCK_TERM_TMO + RELEASE_FAILOPEN = 0. Non-zero means the
                reservoir drained on the pass budget B, so the trial measured
                H = B*K/rate, NOT D.
FAIL   C-R5   corrected deadline error |hold - (D + K/rate)| <= 1000 ns
                hold=496 ns; D=1999872.0 ns; K/rate=213.904 ns; raw
                error=-1999376.000 ns; CORRECTED error=-1999589.904 ns. The
                raw error carries a deterministic +213.904 ns bias; reporting
                it as jitter is the default failure of this measurement.
INFO   I-01   READ -> ACK interval (should track the hardware ipg)
                t_ack_arm - t_READ = 500010 ns, ipg = 500000 ns
INFO   I-02   release tail: ACK -> RESPONSE on the wire
                None ns
INFO   I-03   blocker loops (dp8 traversals consumed)
                CD_BLOCK_LOOP = 7492

MEASURED SEPARATELY (the direction's Gate-2 list)
  t_ACK (deadline armed)                 1077753174 ns
  d_ACK (the armed deadline word)        1079752961 ns
  first deadline termination             1077753700 ns
  final deadline termination             1077754168 ns
  ACK forward commitment                 1077753670 ns
  RESPONSE forward commitment            n/a
  actual ACK hold                        496 ns
  drain (first -> final termination)     468 ns
  drain tail (final term -> ACK out)     -498 ns
  ACK -> RESPONSE separation             n/a
  READ -> pktgen trigger                 706 ns
  READ -> full K reservoir               774 ns

DERIVED
  hold_ns                        496
  D_ns                           1999872.0
  tau_ns                         213.90374331550802
  D_plus_tau_ns                  2000085.9037433155
  deadline_error_raw_ns          -1999376.0
  deadline_error_corrected_ns    -1999589.9037433155
  reservoir_standing_ns          716
  read_to_ack_ns                 500010
  ack_to_resp_release_ns         None
  blockers_admitted              8
  blockers_terminated            8
  ack_release_failopen           0

VERDICT: FAIL

GATE 2 SUMMARY: 1 trial(s), 0 PASS, 1 FAIL
[18:02:01] -------------------------------------------------------------
[18:02:01] GATE 2 COMPLETE — ONE transaction. txn_rc=0 analyzer_rc=1
[18:02:01] evidence: /home/philip/Projects/DNP3/defense3/evidence/ksweep_hold/20260803T175912Z/gate2_20260803T180152Z
[18:02:01] 
[18:02:01] STOPPING HERE BY DESIGN. Gates 3 (five transactions) and 4 (three
[18:02:01] boundary cases) are separate, human-gated steps and are NOT in this script.
[18:02:01] 
[18:02:01] The EXIT trap now restores the known-good state via the proven runner.
[18:02:01] on_exit: rc=1 — running restoration
[18:02:01] D3_SKIP_RESTORE=1 — NOT restoring. The switch is left as this run found
[18:02:01] it, and restoring it is now YOUR responsibility:
[18:02:01]   bash /home/philip/Projects/DNP3/research/case_a_read_anchored_dual_release/run/run_four_queue_oracle.sh --restore-only
[18:02:01] exit 1
[18:02:01] trial K=4 D=2ms B=79475 rep=2
[18:02:01] acquired /tmp/case_a_defense3_gate2.lock (pid 3264724)
[18:02:01] mode=gate2 dryrun=0 prog=case_a_defense3 skip_restore=1
[18:02:02] pre-run switch state: {"n_bf_switchd":1,"pid":"597143","conf":"/home/decps/d3/d3_final_synth.conf","p4_name":"case_a_defense3"}
[18:02:02] === GATE 2: ONE synthetic transaction, then STOP ===
[18:02:02] D=2 ms  budget=79475  scenario=gate2-2timer  ipg=500000 ns  gen=0xC0
[18:02:02] evidence: /home/philip/Projects/DNP3/defense3/evidence/ksweep_hold/20260803T175912Z/gate2_20260803T180201Z
[18:02:02] --- staging /home/philip/Projects/DNP3/defense3/run/poll_defense3.py + the Gate-1 setup module -> decps@10.10.54.81:/home/decps/d3gate2 ---
[18:02:03] --- preflight cleanup + clean assertion ---
[18:02:08] transaction returned rc=0
[18:02:10] --- scoring ---
==============================================================================
DEFENSE 3 — §13 GATE 2 — gate2_txn.json
==============================================================================
RES    ID     REQUIREMENT
------ ------ ----------------------------------------------------------
PASS   V-01   trial ran to completion (verdict COMPLETE)
                verdict='COMPLETE'
PASS   V-02   trial asserted a CLEAN START and was not refused
                reasons=[]
PASS   V-03   mandatory cleanup ran (from the `finally`)
                cleanup_synth present=True
PASS   C-R1   dp8 speed == BF_SPEED_25G on BOTH the MAC and the TM
                MAC $SPEED='BF_SPEED_25G', TM scheduling_speed='BF_SPEED_25G'
                (both must be BF_SPEED_25G)
PASS   G-01   one READ
                ARM_FRESH=1 ARM_DUP=0 ARM_BUSY=0
PASS   G-02   one K=4 blocker burst
                PKTGEN_ADMIT=4 (want 4) PKTGEN_DROP=0
PASS   G-03   one ACK admitted to Q_HOLD
                ACK_HOLD=1 ACK_DUP_HOLD=0 ACK_REJECT=0
FAIL   G-04   one EARLY RESPONSE admitted behind the ACK
                RESP_HOLD_EARLY=0 (the ACK had not yet been released)
                RESP_HOLD_LATE=0 RESP_BYPASS=1
FAIL   G-05   no ACK before t_ACK + D
                hold=496 ns, D=1999872.0 ns, raw error=-1999376.0 ns (must be
                >= 0)
INDETERMINATE G-06   no RESPONSE before the ACK
                t_resp_release - t_ack_release = None ns (must be > 0; a
                negative value is the wire order INVERTED)
INDETERMINATE G-07   ACK released FIRST
                CD_ACK_RELEASE=0 + CD_ACK_REL_RETIRE=1 (E1 partitions the
                releases, so the SUM is the count) = 1, ordering gap=None ns
FAIL   G-08   RESPONSE released SECOND
                RELEASE_DEADLINE=0 RELEASE_FAILOPEN=0 (the two causes
                partition the releases, so the sum is the release count)
PASS   G-09   all blockers terminate (admitted == stale + deadline + budget)
                admitted=4 terminated=4 (stale=4 deadline=0 budget=0)
PASS   G-10   transaction returns clean (generation retired by the released RESPONSE, no drops, no off-topology packets)
                reg_tag BEFORE cleanup = 0x00 (want 0x00 = TAG_INACTIVE);
                BAD_PORT=0 (the trigger CLONE is counted as CLONE_SEEN=1, NOT
                as BAD_PORT); queue drops=[('qid7', 0), ('qid1', 0)]
PASS   C-R2   reservoir standing: t_first_blocker - t_READ < 100000 ns
                t_first_block - t_READ = 716 ns (bound 100000). A LATE
                reservoir is a SILENT ZERO-HOLD: the ACK arrives min 0.400 ms
                after the READ, so an unblocked Q_HOLD releases it immediately
                and every counter still reads normal.
PASS   C-R4   ACK_RELEASE_FAILOPEN == 0
                BLOCK_TERM_TMO + RELEASE_FAILOPEN = 0. Non-zero means the
                reservoir drained on the pass budget B, so the trial measured
                H = B*K/rate, NOT D.
FAIL   C-R5   corrected deadline error |hold - (D + K/rate)| <= 1000 ns
                hold=496 ns; D=1999872.0 ns; K/rate=106.952 ns; raw
                error=-1999376.000 ns; CORRECTED error=-1999482.952 ns. The
                raw error carries a deterministic +106.952 ns bias; reporting
                it as jitter is the default failure of this measurement.
INFO   I-01   READ -> ACK interval (should track the hardware ipg)
                t_ack_arm - t_READ = 500010 ns, ipg = 500000 ns
INFO   I-02   release tail: ACK -> RESPONSE on the wire
                None ns
INFO   I-03   blocker loops (dp8 traversals consumed)
                CD_BLOCK_LOOP = 3748

MEASURED SEPARATELY (the direction's Gate-2 list)
  t_ACK (deadline armed)                 1465058901 ns
  d_ACK (the armed deadline word)        1467058689 ns
  first deadline termination             1465059792 ns
  final deadline termination             1465059893 ns
  ACK forward commitment                 1465059397 ns
  RESPONSE forward commitment            n/a
  actual ACK hold                        496 ns
  drain (first -> final termination)     101 ns
  drain tail (final term -> ACK out)     -496 ns
  ACK -> RESPONSE separation             n/a
  READ -> pktgen trigger                 706 ns
  READ -> full K reservoir               741 ns

DERIVED
  hold_ns                        496
  D_ns                           1999872.0
  tau_ns                         106.95187165775401
  D_plus_tau_ns                  1999978.9518716577
  deadline_error_raw_ns          -1999376.0
  deadline_error_corrected_ns    -1999482.9518716577
  reservoir_standing_ns          716
  read_to_ack_ns                 500010
  ack_to_resp_release_ns         None
  blockers_admitted              4
  blockers_terminated            4
  ack_release_failopen           0

VERDICT: FAIL

GATE 2 SUMMARY: 1 trial(s), 0 PASS, 1 FAIL
[18:02:10] -------------------------------------------------------------
[18:02:10] GATE 2 COMPLETE — ONE transaction. txn_rc=0 analyzer_rc=1
[18:02:10] evidence: /home/philip/Projects/DNP3/defense3/evidence/ksweep_hold/20260803T175912Z/gate2_20260803T180201Z
[18:02:10] 
[18:02:10] STOPPING HERE BY DESIGN. Gates 3 (five transactions) and 4 (three
[18:02:10] boundary cases) are separate, human-gated steps and are NOT in this script.
[18:02:10] 
[18:02:10] The EXIT trap now restores the known-good state via the proven runner.
[18:02:10] on_exit: rc=1 — running restoration
[18:02:10] D3_SKIP_RESTORE=1 — NOT restoring. The switch is left as this run found
[18:02:10] it, and restoring it is now YOUR responsibility:
[18:02:10]   bash /home/philip/Projects/DNP3/research/case_a_read_anchored_dual_release/run/run_four_queue_oracle.sh --restore-only
[18:02:10] exit 1
[18:02:10] trial K=2 D=2ms B=158950 rep=2
[18:02:10] acquired /tmp/case_a_defense3_gate2.lock (pid 3264865)
[18:02:10] mode=gate2 dryrun=0 prog=case_a_defense3 skip_restore=1
[18:02:11] pre-run switch state: {"n_bf_switchd":1,"pid":"597143","conf":"/home/decps/d3/d3_final_synth.conf","p4_name":"case_a_defense3"}
[18:02:11] === GATE 2: ONE synthetic transaction, then STOP ===
[18:02:11] D=2 ms  budget=158950  scenario=gate2-2timer  ipg=500000 ns  gen=0xC0
[18:02:11] evidence: /home/philip/Projects/DNP3/defense3/evidence/ksweep_hold/20260803T175912Z/gate2_20260803T180210Z
[18:02:11] --- staging /home/philip/Projects/DNP3/defense3/run/poll_defense3.py + the Gate-1 setup module -> decps@10.10.54.81:/home/decps/d3gate2 ---
[18:02:12] --- preflight cleanup + clean assertion ---
[18:02:17] transaction returned rc=0
[18:02:19] --- scoring ---
==============================================================================
DEFENSE 3 — §13 GATE 2 — gate2_txn.json
==============================================================================
RES    ID     REQUIREMENT
------ ------ ----------------------------------------------------------
PASS   V-01   trial ran to completion (verdict COMPLETE)
                verdict='COMPLETE'
PASS   V-02   trial asserted a CLEAN START and was not refused
                reasons=[]
PASS   V-03   mandatory cleanup ran (from the `finally`)
                cleanup_synth present=True
PASS   C-R1   dp8 speed == BF_SPEED_25G on BOTH the MAC and the TM
                MAC $SPEED='BF_SPEED_25G', TM scheduling_speed='BF_SPEED_25G'
                (both must be BF_SPEED_25G)
PASS   G-01   one READ
                ARM_FRESH=1 ARM_DUP=0 ARM_BUSY=0
PASS   G-02   one K=2 blocker burst
                PKTGEN_ADMIT=2 (want 2) PKTGEN_DROP=0
PASS   G-03   one ACK admitted to Q_HOLD
                ACK_HOLD=1 ACK_DUP_HOLD=0 ACK_REJECT=0
FAIL   G-04   one EARLY RESPONSE admitted behind the ACK
                RESP_HOLD_EARLY=0 (the ACK had not yet been released)
                RESP_HOLD_LATE=0 RESP_BYPASS=1
FAIL   G-05   no ACK before t_ACK + D
                hold=497 ns, D=1999872.0 ns, raw error=-1999375.0 ns (must be
                >= 0)
INDETERMINATE G-06   no RESPONSE before the ACK
                t_resp_release - t_ack_release = None ns (must be > 0; a
                negative value is the wire order INVERTED)
INDETERMINATE G-07   ACK released FIRST
                CD_ACK_RELEASE=0 + CD_ACK_REL_RETIRE=1 (E1 partitions the
                releases, so the SUM is the count) = 1, ordering gap=None ns
FAIL   G-08   RESPONSE released SECOND
                RELEASE_DEADLINE=0 RELEASE_FAILOPEN=0 (the two causes
                partition the releases, so the sum is the release count)
PASS   G-09   all blockers terminate (admitted == stale + deadline + budget)
                admitted=2 terminated=2 (stale=2 deadline=0 budget=0)
PASS   G-10   transaction returns clean (generation retired by the released RESPONSE, no drops, no off-topology packets)
                reg_tag BEFORE cleanup = 0x00 (want 0x00 = TAG_INACTIVE);
                BAD_PORT=0 (the trigger CLONE is counted as CLONE_SEEN=1, NOT
                as BAD_PORT); queue drops=[('qid7', 0), ('qid1', 0)]
PASS   C-R2   reservoir standing: t_first_blocker - t_READ < 100000 ns
                t_first_block - t_READ = 716 ns (bound 100000). A LATE
                reservoir is a SILENT ZERO-HOLD: the ACK arrives min 0.400 ms
                after the READ, so an unblocked Q_HOLD releases it immediately
                and every counter still reads normal.
PASS   C-R4   ACK_RELEASE_FAILOPEN == 0
                BLOCK_TERM_TMO + RELEASE_FAILOPEN = 0. Non-zero means the
                reservoir drained on the pass budget B, so the trial measured
                H = B*K/rate, NOT D.
FAIL   C-R5   corrected deadline error |hold - (D + K/rate)| <= 1000 ns
                hold=497 ns; D=1999872.0 ns; K/rate=53.476 ns; raw
                error=-1999375.000 ns; CORRECTED error=-1999428.476 ns. The
                raw error carries a deterministic +53.476 ns bias; reporting
                it as jitter is the default failure of this measurement.
INFO   I-01   READ -> ACK interval (should track the hardware ipg)
                t_ack_arm - t_READ = 500010 ns, ipg = 500000 ns
INFO   I-02   release tail: ACK -> RESPONSE on the wire
                None ns
INFO   I-03   blocker loops (dp8 traversals consumed)
                CD_BLOCK_LOOP = 1874

MEASURED SEPARATELY (the direction's Gate-2 list)
  t_ACK (deadline armed)                 1826824052 ns
  d_ACK (the armed deadline word)        1828823809 ns
  first deadline termination             1826824920 ns
  final deadline termination             1826824989 ns
  ACK forward commitment                 1826824549 ns
  RESPONSE forward commitment            n/a
  actual ACK hold                        497 ns
  drain (first -> final termination)     69 ns
  drain tail (final term -> ACK out)     -440 ns
  ACK -> RESPONSE separation             n/a
  READ -> pktgen trigger                 706 ns
  READ -> full K reservoir               725 ns

DERIVED
  hold_ns                        497
  D_ns                           1999872.0
  tau_ns                         53.475935828877006
  D_plus_tau_ns                  1999925.4759358289
  deadline_error_raw_ns          -1999375.0
  deadline_error_corrected_ns    -1999428.4759358289
  reservoir_standing_ns          716
  read_to_ack_ns                 500010
  ack_to_resp_release_ns         None
  blockers_admitted              2
  blockers_terminated            2
  ack_release_failopen           0

VERDICT: FAIL

GATE 2 SUMMARY: 1 trial(s), 0 PASS, 1 FAIL
[18:02:19] -------------------------------------------------------------
[18:02:19] GATE 2 COMPLETE — ONE transaction. txn_rc=0 analyzer_rc=1
[18:02:19] evidence: /home/philip/Projects/DNP3/defense3/evidence/ksweep_hold/20260803T175912Z/gate2_20260803T180210Z
[18:02:19] 
[18:02:19] STOPPING HERE BY DESIGN. Gates 3 (five transactions) and 4 (three
[18:02:19] boundary cases) are separate, human-gated steps and are NOT in this script.
[18:02:19] 
[18:02:19] The EXIT trap now restores the known-good state via the proven runner.
[18:02:19] on_exit: rc=1 — running restoration
[18:02:19] D3_SKIP_RESTORE=1 — NOT restoring. The switch is left as this run found
[18:02:19] it, and restoring it is now YOUR responsibility:
[18:02:19]   bash /home/philip/Projects/DNP3/research/case_a_read_anchored_dual_release/run/run_four_queue_oracle.sh --restore-only
[18:02:19] exit 1
[18:02:19] trial K=1 D=2ms B=317900 rep=2
[18:02:19] acquired /tmp/case_a_defense3_gate2.lock (pid 3265004)
[18:02:19] mode=gate2 dryrun=0 prog=case_a_defense3 skip_restore=1
[18:02:20] pre-run switch state: {"n_bf_switchd":1,"pid":"597143","conf":"/home/decps/d3/d3_final_synth.conf","p4_name":"case_a_defense3"}
[18:02:20] === GATE 2: ONE synthetic transaction, then STOP ===
[18:02:20] D=2 ms  budget=317900  scenario=gate2-2timer  ipg=500000 ns  gen=0xC0
[18:02:20] evidence: /home/philip/Projects/DNP3/defense3/evidence/ksweep_hold/20260803T175912Z/gate2_20260803T180219Z
[18:02:20] --- staging /home/philip/Projects/DNP3/defense3/run/poll_defense3.py + the Gate-1 setup module -> decps@10.10.54.81:/home/decps/d3gate2 ---
[18:02:21] --- preflight cleanup + clean assertion ---
[18:02:26] transaction returned rc=0
[18:02:28] --- scoring ---
==============================================================================
DEFENSE 3 — §13 GATE 2 — gate2_txn.json
==============================================================================
RES    ID     REQUIREMENT
------ ------ ----------------------------------------------------------
PASS   V-01   trial ran to completion (verdict COMPLETE)
                verdict='COMPLETE'
PASS   V-02   trial asserted a CLEAN START and was not refused
                reasons=[]
PASS   V-03   mandatory cleanup ran (from the `finally`)
                cleanup_synth present=True
PASS   C-R1   dp8 speed == BF_SPEED_25G on BOTH the MAC and the TM
                MAC $SPEED='BF_SPEED_25G', TM scheduling_speed='BF_SPEED_25G'
                (both must be BF_SPEED_25G)
PASS   G-01   one READ
                ARM_FRESH=1 ARM_DUP=0 ARM_BUSY=0
PASS   G-02   one K=1 blocker burst
                PKTGEN_ADMIT=1 (want 1) PKTGEN_DROP=0
PASS   G-03   one ACK admitted to Q_HOLD
                ACK_HOLD=1 ACK_DUP_HOLD=0 ACK_REJECT=0
FAIL   G-04   one EARLY RESPONSE admitted behind the ACK
                RESP_HOLD_EARLY=0 (the ACK had not yet been released)
                RESP_HOLD_LATE=0 RESP_BYPASS=1
FAIL   G-05   no ACK before t_ACK + D
                hold=493 ns, D=1999872.0 ns, raw error=-1999379.0 ns (must be
                >= 0)
INDETERMINATE G-06   no RESPONSE before the ACK
                t_resp_release - t_ack_release = None ns (must be > 0; a
                negative value is the wire order INVERTED)
INDETERMINATE G-07   ACK released FIRST
                CD_ACK_RELEASE=0 + CD_ACK_REL_RETIRE=1 (E1 partitions the
                releases, so the SUM is the count) = 1, ordering gap=None ns
FAIL   G-08   RESPONSE released SECOND
                RELEASE_DEADLINE=0 RELEASE_FAILOPEN=0 (the two causes
                partition the releases, so the sum is the release count)
PASS   G-09   all blockers terminate (admitted == stale + deadline + budget)
                admitted=1 terminated=1 (stale=1 deadline=0 budget=0)
PASS   G-10   transaction returns clean (generation retired by the released RESPONSE, no drops, no off-topology packets)
                reg_tag BEFORE cleanup = 0x00 (want 0x00 = TAG_INACTIVE);
                BAD_PORT=0 (the trigger CLONE is counted as CLONE_SEEN=1, NOT
                as BAD_PORT); queue drops=[('qid7', 0), ('qid1', 0)]
PASS   C-R2   reservoir standing: t_first_blocker - t_READ < 100000 ns
                t_first_block - t_READ = 716 ns (bound 100000). A LATE
                reservoir is a SILENT ZERO-HOLD: the ACK arrives min 0.400 ms
                after the READ, so an unblocked Q_HOLD releases it immediately
                and every counter still reads normal.
PASS   C-R4   ACK_RELEASE_FAILOPEN == 0
                BLOCK_TERM_TMO + RELEASE_FAILOPEN = 0. Non-zero means the
                reservoir drained on the pass budget B, so the trial measured
                H = B*K/rate, NOT D.
FAIL   C-R5   corrected deadline error |hold - (D + K/rate)| <= 1000 ns
                hold=493 ns; D=1999872.0 ns; K/rate=26.738 ns; raw
                error=-1999379.000 ns; CORRECTED error=-1999405.738 ns. The
                raw error carries a deterministic +26.738 ns bias; reporting
                it as jitter is the default failure of this measurement.
INFO   I-01   READ -> ACK interval (should track the hardware ipg)
                t_ack_arm - t_READ = 500010 ns, ipg = 500000 ns
INFO   I-02   release tail: ACK -> RESPONSE on the wire
                None ns
INFO   I-03   blocker loops (dp8 traversals consumed)
                CD_BLOCK_LOOP = 937

MEASURED SEPARATELY (the direction's Gate-2 list)
  t_ACK (deadline armed)                 2115521619 ns
  d_ACK (the armed deadline word)        2117521409 ns
  first deadline termination             2115522509 ns
  final deadline termination             2115522509 ns
  ACK forward commitment                 2115522112 ns
  RESPONSE forward commitment            n/a
  actual ACK hold                        493 ns
  drain (first -> final termination)     0 ns
  drain tail (final term -> ACK out)     -397 ns
  ACK -> RESPONSE separation             n/a
  READ -> pktgen trigger                 705 ns
  READ -> full K reservoir               716 ns

DERIVED
  hold_ns                        493
  D_ns                           1999872.0
  tau_ns                         26.737967914438503
  D_plus_tau_ns                  1999898.7379679144
  deadline_error_raw_ns          -1999379.0
  deadline_error_corrected_ns    -1999405.7379679144
  reservoir_standing_ns          716
  read_to_ack_ns                 500010
  ack_to_resp_release_ns         None
  blockers_admitted              1
  blockers_terminated            1
  ack_release_failopen           0

VERDICT: FAIL

GATE 2 SUMMARY: 1 trial(s), 0 PASS, 1 FAIL
[18:02:28] -------------------------------------------------------------
[18:02:28] GATE 2 COMPLETE — ONE transaction. txn_rc=0 analyzer_rc=1
[18:02:28] evidence: /home/philip/Projects/DNP3/defense3/evidence/ksweep_hold/20260803T175912Z/gate2_20260803T180219Z
[18:02:28] 
[18:02:28] STOPPING HERE BY DESIGN. Gates 3 (five transactions) and 4 (three
[18:02:28] boundary cases) are separate, human-gated steps and are NOT in this script.
[18:02:28] 
[18:02:28] The EXIT trap now restores the known-good state via the proven runner.
[18:02:28] on_exit: rc=1 — running restoration
[18:02:28] D3_SKIP_RESTORE=1 — NOT restoring. The switch is left as this run found
[18:02:28] it, and restoring it is now YOUR responsibility:
[18:02:28]   bash /home/philip/Projects/DNP3/research/case_a_read_anchored_dual_release/run/run_four_queue_oracle.sh --restore-only
[18:02:28] exit 1
[18:02:28] trial K=64 D=2ms B=18000 rep=3
[18:02:28] acquired /tmp/case_a_defense3_gate2.lock (pid 3265198)
[18:02:28] mode=gate2 dryrun=0 prog=case_a_defense3 skip_restore=1
[18:02:29] pre-run switch state: {"n_bf_switchd":1,"pid":"597143","conf":"/home/decps/d3/d3_final_synth.conf","p4_name":"case_a_defense3"}
[18:02:29] === GATE 2: ONE synthetic transaction, then STOP ===
[18:02:29] D=2 ms  budget=18000  scenario=gate2-2timer  ipg=500000 ns  gen=0xC0
[18:02:29] evidence: /home/philip/Projects/DNP3/defense3/evidence/ksweep_hold/20260803T175912Z/gate2_20260803T180228Z
[18:02:29] --- staging /home/philip/Projects/DNP3/defense3/run/poll_defense3.py + the Gate-1 setup module -> decps@10.10.54.81:/home/decps/d3gate2 ---
[18:02:30] --- preflight cleanup + clean assertion ---
[18:02:35] transaction returned rc=0
[18:02:37] --- scoring ---
==============================================================================
DEFENSE 3 — §13 GATE 2 — gate2_txn.json
==============================================================================
RES    ID     REQUIREMENT
------ ------ ----------------------------------------------------------
PASS   V-01   trial ran to completion (verdict COMPLETE)
                verdict='COMPLETE'
PASS   V-02   trial asserted a CLEAN START and was not refused
                reasons=[]
PASS   V-03   mandatory cleanup ran (from the `finally`)
                cleanup_synth present=True
PASS   C-R1   dp8 speed == BF_SPEED_25G on BOTH the MAC and the TM
                MAC $SPEED='BF_SPEED_25G', TM scheduling_speed='BF_SPEED_25G'
                (both must be BF_SPEED_25G)
PASS   G-01   one READ
                ARM_FRESH=1 ARM_DUP=0 ARM_BUSY=0
PASS   G-02   one K=64 blocker burst
                PKTGEN_ADMIT=64 (want 64) PKTGEN_DROP=0
PASS   G-03   one ACK admitted to Q_HOLD
                ACK_HOLD=1 ACK_DUP_HOLD=0 ACK_REJECT=0
PASS   G-04   one EARLY RESPONSE admitted behind the ACK
                RESP_HOLD_EARLY=1 (the ACK had not yet been released)
                RESP_HOLD_LATE=0 RESP_BYPASS=0
PASS   G-05   no ACK before t_ACK + D
                hold=2001499 ns, D=1999872.0 ns, raw error=1627.0 ns (must be
                >= 0)
PASS   G-06   no RESPONSE before the ACK
                t_resp_release - t_ack_release = 29 ns (must be > 0; a
                negative value is the wire order INVERTED)
PASS   G-07   ACK released FIRST
                CD_ACK_RELEASE=1 + CD_ACK_REL_RETIRE=0 (E1 partitions the
                releases, so the SUM is the count) = 1, ordering gap=29 ns
PASS   G-08   RESPONSE released SECOND
                RELEASE_DEADLINE=1 RELEASE_FAILOPEN=0 (the two causes
                partition the releases, so the sum is the release count)
PASS   G-09   all blockers terminate (admitted == stale + deadline + budget)
                admitted=64 terminated=64 (stale=0 deadline=64 budget=0)
PASS   G-10   transaction returns clean (generation retired by the released RESPONSE, no drops, no off-topology packets)
                reg_tag BEFORE cleanup = 0x00 (want 0x00 = TAG_INACTIVE);
                BAD_PORT=0 (the trigger CLONE is counted as CLONE_SEEN=1, NOT
                as BAD_PORT); queue drops=[('qid7', 0), ('qid1', 0)]
PASS   C-R2   reservoir standing: t_first_blocker - t_READ < 100000 ns
                t_first_block - t_READ = 716 ns (bound 100000). A LATE
                reservoir is a SILENT ZERO-HOLD: the ACK arrives min 0.400 ms
                after the READ, so an unblocked Q_HOLD releases it immediately
                and every counter still reads normal.
PASS   C-R4   ACK_RELEASE_FAILOPEN == 0
                BLOCK_TERM_TMO + RELEASE_FAILOPEN = 0. Non-zero means the
                reservoir drained on the pass budget B, so the trial measured
                H = B*K/rate, NOT D.
PASS   C-R5   corrected deadline error |hold - (D + K/rate)| <= 1000 ns
                hold=2001499 ns; D=1999872.0 ns; K/rate=1711.230 ns; raw
                error=+1627.000 ns; CORRECTED error=-84.230 ns. The raw error
                carries a deterministic +1711.230 ns bias; reporting it as
                jitter is the default failure of this measurement.
INFO   I-01   READ -> ACK interval (should track the hardware ipg)
                t_ack_arm - t_READ = 500011 ns, ipg = 500000 ns
INFO   I-02   release tail: ACK -> RESPONSE on the wire
                29 ns
INFO   I-03   blocker loops (dp8 traversals consumed)
                CD_BLOCK_LOOP = 92957

MEASURED SEPARATELY (the direction's Gate-2 list)
  t_ACK (deadline armed)                 2410447465 ns
  d_ACK (the armed deadline word)        2412447233 ns
  first deadline termination             2412447242 ns
  final deadline termination             2412448935 ns
  ACK forward commitment                 2412448964 ns
  RESPONSE forward commitment            2412448993 ns
  actual ACK hold                        2001499 ns
  drain (first -> final termination)     1693 ns
  drain tail (final term -> ACK out)     29 ns
  ACK -> RESPONSE separation             29 ns
  READ -> pktgen trigger                 706 ns
  READ -> full K reservoir               1233 ns

DERIVED
  hold_ns                        2001499
  D_ns                           1999872.0
  tau_ns                         1711.2299465240642
  D_plus_tau_ns                  2001583.2299465241
  deadline_error_raw_ns          1627.0
  deadline_error_corrected_ns    -84.22994652406419
  reservoir_standing_ns          716
  read_to_ack_ns                 500011
  ack_to_resp_release_ns         29
  blockers_admitted              64
  blockers_terminated            64
  ack_release_failopen           0

VERDICT: PASS

GATE 2 SUMMARY: 1 trial(s), 1 PASS, 0 FAIL
[18:02:37] -------------------------------------------------------------
[18:02:37] GATE 2 COMPLETE — ONE transaction. txn_rc=0 analyzer_rc=0
[18:02:37] evidence: /home/philip/Projects/DNP3/defense3/evidence/ksweep_hold/20260803T175912Z/gate2_20260803T180228Z
[18:02:37] 
[18:02:37] STOPPING HERE BY DESIGN. Gates 3 (five transactions) and 4 (three
[18:02:37] boundary cases) are separate, human-gated steps and are NOT in this script.
[18:02:37] 
[18:02:37] The EXIT trap now restores the known-good state via the proven runner.
[18:02:37] on_exit: rc=0 — running restoration
[18:02:37] D3_SKIP_RESTORE=1 — NOT restoring. The switch is left as this run found
[18:02:37] it, and restoring it is now YOUR responsibility:
[18:02:37]   bash /home/philip/Projects/DNP3/research/case_a_read_anchored_dual_release/run/run_four_queue_oracle.sh --restore-only
[18:02:37] exit 0
[18:02:37] trial K=48 D=2ms B=18000 rep=3
[18:02:37] acquired /tmp/case_a_defense3_gate2.lock (pid 3265337)
[18:02:37] mode=gate2 dryrun=0 prog=case_a_defense3 skip_restore=1
[18:02:37] pre-run switch state: {"n_bf_switchd":1,"pid":"597143","conf":"/home/decps/d3/d3_final_synth.conf","p4_name":"case_a_defense3"}
[18:02:37] === GATE 2: ONE synthetic transaction, then STOP ===
[18:02:37] D=2 ms  budget=18000  scenario=gate2-2timer  ipg=500000 ns  gen=0xC0
[18:02:37] evidence: /home/philip/Projects/DNP3/defense3/evidence/ksweep_hold/20260803T175912Z/gate2_20260803T180237Z
[18:02:37] --- staging /home/philip/Projects/DNP3/defense3/run/poll_defense3.py + the Gate-1 setup module -> decps@10.10.54.81:/home/decps/d3gate2 ---
[18:02:39] --- preflight cleanup + clean assertion ---
[18:02:44] transaction returned rc=0
[18:02:45] --- scoring ---
==============================================================================
DEFENSE 3 — §13 GATE 2 — gate2_txn.json
==============================================================================
RES    ID     REQUIREMENT
------ ------ ----------------------------------------------------------
PASS   V-01   trial ran to completion (verdict COMPLETE)
                verdict='COMPLETE'
PASS   V-02   trial asserted a CLEAN START and was not refused
                reasons=[]
PASS   V-03   mandatory cleanup ran (from the `finally`)
                cleanup_synth present=True
PASS   C-R1   dp8 speed == BF_SPEED_25G on BOTH the MAC and the TM
                MAC $SPEED='BF_SPEED_25G', TM scheduling_speed='BF_SPEED_25G'
                (both must be BF_SPEED_25G)
PASS   G-01   one READ
                ARM_FRESH=1 ARM_DUP=0 ARM_BUSY=0
PASS   G-02   one K=48 blocker burst
                PKTGEN_ADMIT=48 (want 48) PKTGEN_DROP=0
PASS   G-03   one ACK admitted to Q_HOLD
                ACK_HOLD=1 ACK_DUP_HOLD=0 ACK_REJECT=0
PASS   G-04   one EARLY RESPONSE admitted behind the ACK
                RESP_HOLD_EARLY=1 (the ACK had not yet been released)
                RESP_HOLD_LATE=0 RESP_BYPASS=0
PASS   G-05   no ACK before t_ACK + D
                hold=2001099 ns, D=1999872.0 ns, raw error=1227.0 ns (must be
                >= 0)
PASS   G-06   no RESPONSE before the ACK
                t_resp_release - t_ack_release = 26 ns (must be > 0; a
                negative value is the wire order INVERTED)
PASS   G-07   ACK released FIRST
                CD_ACK_RELEASE=1 + CD_ACK_REL_RETIRE=0 (E1 partitions the
                releases, so the SUM is the count) = 1, ordering gap=26 ns
PASS   G-08   RESPONSE released SECOND
                RELEASE_DEADLINE=1 RELEASE_FAILOPEN=0 (the two causes
                partition the releases, so the sum is the release count)
PASS   G-09   all blockers terminate (admitted == stale + deadline + budget)
                admitted=48 terminated=48 (stale=0 deadline=48 budget=0)
PASS   G-10   transaction returns clean (generation retired by the released RESPONSE, no drops, no off-topology packets)
                reg_tag BEFORE cleanup = 0x00 (want 0x00 = TAG_INACTIVE);
                BAD_PORT=0 (the trigger CLONE is counted as CLONE_SEEN=1, NOT
                as BAD_PORT); queue drops=[('qid7', 0), ('qid1', 0)]
PASS   C-R2   reservoir standing: t_first_blocker - t_READ < 100000 ns
                t_first_block - t_READ = 715 ns (bound 100000). A LATE
                reservoir is a SILENT ZERO-HOLD: the ACK arrives min 0.400 ms
                after the READ, so an unblocked Q_HOLD releases it immediately
                and every counter still reads normal.
PASS   C-R4   ACK_RELEASE_FAILOPEN == 0
                BLOCK_TERM_TMO + RELEASE_FAILOPEN = 0. Non-zero means the
                reservoir drained on the pass budget B, so the trial measured
                H = B*K/rate, NOT D.
PASS   C-R5   corrected deadline error |hold - (D + K/rate)| <= 1000 ns
                hold=2001099 ns; D=1999872.0 ns; K/rate=1283.422 ns; raw
                error=+1227.000 ns; CORRECTED error=-56.422 ns. The raw error
                carries a deterministic +1283.422 ns bias; reporting it as
                jitter is the default failure of this measurement.
INFO   I-01   READ -> ACK interval (should track the hardware ipg)
                t_ack_arm - t_READ = 500008 ns, ipg = 500000 ns
INFO   I-02   release tail: ACK -> RESPONSE on the wire
                26 ns
INFO   I-03   blocker loops (dp8 traversals consumed)
                CD_BLOCK_LOOP = 92958

MEASURED SEPARATELY (the direction's Gate-2 list)
  t_ACK (deadline armed)                 2711080785 ns
  d_ACK (the armed deadline word)        2713080577 ns
  first deadline termination             2713080591 ns
  final deadline termination             2713081855 ns
  ACK forward commitment                 2713081884 ns
  RESPONSE forward commitment            2713081910 ns
  actual ACK hold                        2001099 ns
  drain (first -> final termination)     1264 ns
  drain tail (final term -> ACK out)     29 ns
  ACK -> RESPONSE separation             26 ns
  READ -> pktgen trigger                 705 ns
  READ -> full K reservoir               1099 ns

DERIVED
  hold_ns                        2001099
  D_ns                           1999872.0
  tau_ns                         1283.4224598930482
  D_plus_tau_ns                  2001155.4224598932
  deadline_error_raw_ns          1227.0
  deadline_error_corrected_ns    -56.4224598930482
  reservoir_standing_ns          715
  read_to_ack_ns                 500008
  ack_to_resp_release_ns         26
  blockers_admitted              48
  blockers_terminated            48
  ack_release_failopen           0

VERDICT: PASS

GATE 2 SUMMARY: 1 trial(s), 1 PASS, 0 FAIL
[18:02:45] -------------------------------------------------------------
[18:02:45] GATE 2 COMPLETE — ONE transaction. txn_rc=0 analyzer_rc=0
[18:02:45] evidence: /home/philip/Projects/DNP3/defense3/evidence/ksweep_hold/20260803T175912Z/gate2_20260803T180237Z
[18:02:45] 
[18:02:45] STOPPING HERE BY DESIGN. Gates 3 (five transactions) and 4 (three
[18:02:45] boundary cases) are separate, human-gated steps and are NOT in this script.
[18:02:45] 
[18:02:45] The EXIT trap now restores the known-good state via the proven runner.
[18:02:45] on_exit: rc=0 — running restoration
[18:02:45] D3_SKIP_RESTORE=1 — NOT restoring. The switch is left as this run found
[18:02:45] it, and restoring it is now YOUR responsibility:
[18:02:45]   bash /home/philip/Projects/DNP3/research/case_a_read_anchored_dual_release/run/run_four_queue_oracle.sh --restore-only
[18:02:45] exit 0
[18:02:45] trial K=32 D=2ms B=18000 rep=3
[18:02:45] acquired /tmp/case_a_defense3_gate2.lock (pid 3265476)
[18:02:45] mode=gate2 dryrun=0 prog=case_a_defense3 skip_restore=1
[18:02:46] pre-run switch state: {"n_bf_switchd":1,"pid":"597143","conf":"/home/decps/d3/d3_final_synth.conf","p4_name":"case_a_defense3"}
[18:02:46] === GATE 2: ONE synthetic transaction, then STOP ===
[18:02:46] D=2 ms  budget=18000  scenario=gate2-2timer  ipg=500000 ns  gen=0xC0
[18:02:46] evidence: /home/philip/Projects/DNP3/defense3/evidence/ksweep_hold/20260803T175912Z/gate2_20260803T180245Z
[18:02:46] --- staging /home/philip/Projects/DNP3/defense3/run/poll_defense3.py + the Gate-1 setup module -> decps@10.10.54.81:/home/decps/d3gate2 ---
[18:02:48] --- preflight cleanup + clean assertion ---
[18:02:53] transaction returned rc=0
[18:02:54] --- scoring ---
==============================================================================
DEFENSE 3 — §13 GATE 2 — gate2_txn.json
==============================================================================
RES    ID     REQUIREMENT
------ ------ ----------------------------------------------------------
PASS   V-01   trial ran to completion (verdict COMPLETE)
                verdict='COMPLETE'
PASS   V-02   trial asserted a CLEAN START and was not refused
                reasons=[]
PASS   V-03   mandatory cleanup ran (from the `finally`)
                cleanup_synth present=True
PASS   C-R1   dp8 speed == BF_SPEED_25G on BOTH the MAC and the TM
                MAC $SPEED='BF_SPEED_25G', TM scheduling_speed='BF_SPEED_25G'
                (both must be BF_SPEED_25G)
PASS   G-01   one READ
                ARM_FRESH=1 ARM_DUP=0 ARM_BUSY=0
PASS   G-02   one K=32 blocker burst
                PKTGEN_ADMIT=32 (want 32) PKTGEN_DROP=0
PASS   G-03   one ACK admitted to Q_HOLD
                ACK_HOLD=1 ACK_DUP_HOLD=0 ACK_REJECT=0
FAIL   G-04   one EARLY RESPONSE admitted behind the ACK
                RESP_HOLD_EARLY=0 (the ACK had not yet been released)
                RESP_HOLD_LATE=0 RESP_BYPASS=1
FAIL   G-05   no ACK before t_ACK + D
                hold=820 ns, D=1999872.0 ns, raw error=-1999052.0 ns (must be
                >= 0)
INDETERMINATE G-06   no RESPONSE before the ACK
                t_resp_release - t_ack_release = None ns (must be > 0; a
                negative value is the wire order INVERTED)
INDETERMINATE G-07   ACK released FIRST
                CD_ACK_RELEASE=0 + CD_ACK_REL_RETIRE=1 (E1 partitions the
                releases, so the SUM is the count) = 1, ordering gap=None ns
FAIL   G-08   RESPONSE released SECOND
                RELEASE_DEADLINE=0 RELEASE_FAILOPEN=0 (the two causes
                partition the releases, so the sum is the release count)
PASS   G-09   all blockers terminate (admitted == stale + deadline + budget)
                admitted=32 terminated=32 (stale=32 deadline=0 budget=0)
PASS   G-10   transaction returns clean (generation retired by the released RESPONSE, no drops, no off-topology packets)
                reg_tag BEFORE cleanup = 0x00 (want 0x00 = TAG_INACTIVE);
                BAD_PORT=0 (the trigger CLONE is counted as CLONE_SEEN=1, NOT
                as BAD_PORT); queue drops=[('qid7', 0), ('qid1', 0)]
PASS   C-R2   reservoir standing: t_first_blocker - t_READ < 100000 ns
                t_first_block - t_READ = 716 ns (bound 100000). A LATE
                reservoir is a SILENT ZERO-HOLD: the ACK arrives min 0.400 ms
                after the READ, so an unblocked Q_HOLD releases it immediately
                and every counter still reads normal.
PASS   C-R4   ACK_RELEASE_FAILOPEN == 0
                BLOCK_TERM_TMO + RELEASE_FAILOPEN = 0. Non-zero means the
                reservoir drained on the pass budget B, so the trial measured
                H = B*K/rate, NOT D.
FAIL   C-R5   corrected deadline error |hold - (D + K/rate)| <= 1000 ns
                hold=820 ns; D=1999872.0 ns; K/rate=855.615 ns; raw
                error=-1999052.000 ns; CORRECTED error=-1999907.615 ns. The
                raw error carries a deterministic +855.615 ns bias; reporting
                it as jitter is the default failure of this measurement.
INFO   I-01   READ -> ACK interval (should track the hardware ipg)
                t_ack_arm - t_READ = 500010 ns, ipg = 500000 ns
INFO   I-02   release tail: ACK -> RESPONSE on the wire
                None ns
INFO   I-03   blocker loops (dp8 traversals consumed)
                CD_BLOCK_LOOP = 18588

MEASURED SEPARATELY (the direction's Gate-2 list)
  t_ACK (deadline armed)                 3041955973 ns
  d_ACK (the armed deadline word)        3043955713 ns
  first deadline termination             3041956820 ns
  final deadline termination             3041957652 ns
  ACK forward commitment                 3041956793 ns
  RESPONSE forward commitment            n/a
  actual ACK hold                        820 ns
  drain (first -> final termination)     832 ns
  drain tail (final term -> ACK out)     -859 ns
  ACK -> RESPONSE separation             n/a
  READ -> pktgen trigger                 706 ns
  READ -> full K reservoir               970 ns

DERIVED
  hold_ns                        820
  D_ns                           1999872.0
  tau_ns                         855.6149732620321
  D_plus_tau_ns                  2000727.614973262
  deadline_error_raw_ns          -1999052.0
  deadline_error_corrected_ns    -1999907.614973262
  reservoir_standing_ns          716
  read_to_ack_ns                 500010
  ack_to_resp_release_ns         None
  blockers_admitted              32
  blockers_terminated            32
  ack_release_failopen           0

VERDICT: FAIL

GATE 2 SUMMARY: 1 trial(s), 0 PASS, 1 FAIL
[18:02:54] -------------------------------------------------------------
[18:02:54] GATE 2 COMPLETE — ONE transaction. txn_rc=0 analyzer_rc=1
[18:02:54] evidence: /home/philip/Projects/DNP3/defense3/evidence/ksweep_hold/20260803T175912Z/gate2_20260803T180245Z
[18:02:54] 
[18:02:54] STOPPING HERE BY DESIGN. Gates 3 (five transactions) and 4 (three
[18:02:54] boundary cases) are separate, human-gated steps and are NOT in this script.
[18:02:54] 
[18:02:54] The EXIT trap now restores the known-good state via the proven runner.
[18:02:54] on_exit: rc=1 — running restoration
[18:02:54] D3_SKIP_RESTORE=1 — NOT restoring. The switch is left as this run found
[18:02:54] it, and restoring it is now YOUR responsibility:
[18:02:54]   bash /home/philip/Projects/DNP3/research/case_a_read_anchored_dual_release/run/run_four_queue_oracle.sh --restore-only
[18:02:54] exit 1
[18:02:54] trial K=24 D=2ms B=18000 rep=3
[18:02:54] acquired /tmp/case_a_defense3_gate2.lock (pid 3265640)
[18:02:54] mode=gate2 dryrun=0 prog=case_a_defense3 skip_restore=1
[18:02:55] pre-run switch state: {"n_bf_switchd":1,"pid":"597143","conf":"/home/decps/d3/d3_final_synth.conf","p4_name":"case_a_defense3"}
[18:02:55] === GATE 2: ONE synthetic transaction, then STOP ===
[18:02:55] D=2 ms  budget=18000  scenario=gate2-2timer  ipg=500000 ns  gen=0xC0
[18:02:55] evidence: /home/philip/Projects/DNP3/defense3/evidence/ksweep_hold/20260803T175912Z/gate2_20260803T180254Z
[18:02:55] --- staging /home/philip/Projects/DNP3/defense3/run/poll_defense3.py + the Gate-1 setup module -> decps@10.10.54.81:/home/decps/d3gate2 ---
[18:02:57] --- preflight cleanup + clean assertion ---
[18:03:02] transaction returned rc=0
[18:03:03] --- scoring ---
==============================================================================
DEFENSE 3 — §13 GATE 2 — gate2_txn.json
==============================================================================
RES    ID     REQUIREMENT
------ ------ ----------------------------------------------------------
PASS   V-01   trial ran to completion (verdict COMPLETE)
                verdict='COMPLETE'
PASS   V-02   trial asserted a CLEAN START and was not refused
                reasons=[]
PASS   V-03   mandatory cleanup ran (from the `finally`)
                cleanup_synth present=True
PASS   C-R1   dp8 speed == BF_SPEED_25G on BOTH the MAC and the TM
                MAC $SPEED='BF_SPEED_25G', TM scheduling_speed='BF_SPEED_25G'
                (both must be BF_SPEED_25G)
PASS   G-01   one READ
                ARM_FRESH=1 ARM_DUP=0 ARM_BUSY=0
PASS   G-02   one K=24 blocker burst
                PKTGEN_ADMIT=24 (want 24) PKTGEN_DROP=0
PASS   G-03   one ACK admitted to Q_HOLD
                ACK_HOLD=1 ACK_DUP_HOLD=0 ACK_REJECT=0
FAIL   G-04   one EARLY RESPONSE admitted behind the ACK
                RESP_HOLD_EARLY=0 (the ACK had not yet been released)
                RESP_HOLD_LATE=0 RESP_BYPASS=1
FAIL   G-05   no ACK before t_ACK + D
                hold=604 ns, D=1999872.0 ns, raw error=-1999268.0 ns (must be
                >= 0)
INDETERMINATE G-06   no RESPONSE before the ACK
                t_resp_release - t_ack_release = None ns (must be > 0; a
                negative value is the wire order INVERTED)
INDETERMINATE G-07   ACK released FIRST
                CD_ACK_RELEASE=0 + CD_ACK_REL_RETIRE=1 (E1 partitions the
                releases, so the SUM is the count) = 1, ordering gap=None ns
FAIL   G-08   RESPONSE released SECOND
                RELEASE_DEADLINE=0 RELEASE_FAILOPEN=0 (the two causes
                partition the releases, so the sum is the release count)
PASS   G-09   all blockers terminate (admitted == stale + deadline + budget)
                admitted=24 terminated=24 (stale=24 deadline=0 budget=0)
PASS   G-10   transaction returns clean (generation retired by the released RESPONSE, no drops, no off-topology packets)
                reg_tag BEFORE cleanup = 0x00 (want 0x00 = TAG_INACTIVE);
                BAD_PORT=0 (the trigger CLONE is counted as CLONE_SEEN=1, NOT
                as BAD_PORT); queue drops=[('qid7', 0), ('qid1', 0)]
PASS   C-R2   reservoir standing: t_first_blocker - t_READ < 100000 ns
                t_first_block - t_READ = 716 ns (bound 100000). A LATE
                reservoir is a SILENT ZERO-HOLD: the ACK arrives min 0.400 ms
                after the READ, so an unblocked Q_HOLD releases it immediately
                and every counter still reads normal.
PASS   C-R4   ACK_RELEASE_FAILOPEN == 0
                BLOCK_TERM_TMO + RELEASE_FAILOPEN = 0. Non-zero means the
                reservoir drained on the pass budget B, so the trial measured
                H = B*K/rate, NOT D.
FAIL   C-R5   corrected deadline error |hold - (D + K/rate)| <= 1000 ns
                hold=604 ns; D=1999872.0 ns; K/rate=641.711 ns; raw
                error=-1999268.000 ns; CORRECTED error=-1999909.711 ns. The
                raw error carries a deterministic +641.711 ns bias; reporting
                it as jitter is the default failure of this measurement.
INFO   I-01   READ -> ACK interval (should track the hardware ipg)
                t_ack_arm - t_READ = 500011 ns, ipg = 500000 ns
INFO   I-02   release tail: ACK -> RESPONSE on the wire
                None ns
INFO   I-03   blocker loops (dp8 traversals consumed)
                CD_BLOCK_LOOP = 18580

MEASURED SEPARATELY (the direction's Gate-2 list)
  t_ACK (deadline armed)                 3324953174 ns
  d_ACK (the armed deadline word)        3326952961 ns
  first deadline termination             3324953805 ns
  final deadline termination             3324954424 ns
  ACK forward commitment                 3324953778 ns
  RESPONSE forward commitment            n/a
  actual ACK hold                        604 ns
  drain (first -> final termination)     619 ns
  drain tail (final term -> ACK out)     -646 ns
  ACK -> RESPONSE separation             n/a
  READ -> pktgen trigger                 706 ns
  READ -> full K reservoir               906 ns

DERIVED
  hold_ns                        604
  D_ns                           1999872.0
  tau_ns                         641.7112299465241
  D_plus_tau_ns                  2000513.7112299465
  deadline_error_raw_ns          -1999268.0
  deadline_error_corrected_ns    -1999909.7112299465
  reservoir_standing_ns          716
  read_to_ack_ns                 500011
  ack_to_resp_release_ns         None
  blockers_admitted              24
  blockers_terminated            24
  ack_release_failopen           0

VERDICT: FAIL

GATE 2 SUMMARY: 1 trial(s), 0 PASS, 1 FAIL
[18:03:03] -------------------------------------------------------------
[18:03:03] GATE 2 COMPLETE — ONE transaction. txn_rc=0 analyzer_rc=1
[18:03:03] evidence: /home/philip/Projects/DNP3/defense3/evidence/ksweep_hold/20260803T175912Z/gate2_20260803T180254Z
[18:03:03] 
[18:03:03] STOPPING HERE BY DESIGN. Gates 3 (five transactions) and 4 (three
[18:03:03] boundary cases) are separate, human-gated steps and are NOT in this script.
[18:03:03] 
[18:03:03] The EXIT trap now restores the known-good state via the proven runner.
[18:03:03] on_exit: rc=1 — running restoration
[18:03:03] D3_SKIP_RESTORE=1 — NOT restoring. The switch is left as this run found
[18:03:03] it, and restoring it is now YOUR responsibility:
[18:03:03]   bash /home/philip/Projects/DNP3/research/case_a_read_anchored_dual_release/run/run_four_queue_oracle.sh --restore-only
[18:03:03] exit 1
[18:03:03] trial K=20 D=2ms B=18000 rep=3
[18:03:03] acquired /tmp/case_a_defense3_gate2.lock (pid 3265824)
[18:03:03] mode=gate2 dryrun=0 prog=case_a_defense3 skip_restore=1
[18:03:04] pre-run switch state: {"n_bf_switchd":1,"pid":"597143","conf":"/home/decps/d3/d3_final_synth.conf","p4_name":"case_a_defense3"}
[18:03:04] === GATE 2: ONE synthetic transaction, then STOP ===
[18:03:04] D=2 ms  budget=18000  scenario=gate2-2timer  ipg=500000 ns  gen=0xC0
[18:03:04] evidence: /home/philip/Projects/DNP3/defense3/evidence/ksweep_hold/20260803T175912Z/gate2_20260803T180303Z
[18:03:04] --- staging /home/philip/Projects/DNP3/defense3/run/poll_defense3.py + the Gate-1 setup module -> decps@10.10.54.81:/home/decps/d3gate2 ---
[18:03:06] --- preflight cleanup + clean assertion ---
[18:03:11] transaction returned rc=0
[18:03:12] --- scoring ---
==============================================================================
DEFENSE 3 — §13 GATE 2 — gate2_txn.json
==============================================================================
RES    ID     REQUIREMENT
------ ------ ----------------------------------------------------------
PASS   V-01   trial ran to completion (verdict COMPLETE)
                verdict='COMPLETE'
PASS   V-02   trial asserted a CLEAN START and was not refused
                reasons=[]
PASS   V-03   mandatory cleanup ran (from the `finally`)
                cleanup_synth present=True
PASS   C-R1   dp8 speed == BF_SPEED_25G on BOTH the MAC and the TM
                MAC $SPEED='BF_SPEED_25G', TM scheduling_speed='BF_SPEED_25G'
                (both must be BF_SPEED_25G)
PASS   G-01   one READ
                ARM_FRESH=1 ARM_DUP=0 ARM_BUSY=0
PASS   G-02   one K=20 blocker burst
                PKTGEN_ADMIT=20 (want 20) PKTGEN_DROP=0
PASS   G-03   one ACK admitted to Q_HOLD
                ACK_HOLD=1 ACK_DUP_HOLD=0 ACK_REJECT=0
FAIL   G-04   one EARLY RESPONSE admitted behind the ACK
                RESP_HOLD_EARLY=0 (the ACK had not yet been released)
                RESP_HOLD_LATE=0 RESP_BYPASS=1
FAIL   G-05   no ACK before t_ACK + D
                hold=517 ns, D=1999872.0 ns, raw error=-1999355.0 ns (must be
                >= 0)
INDETERMINATE G-06   no RESPONSE before the ACK
                t_resp_release - t_ack_release = None ns (must be > 0; a
                negative value is the wire order INVERTED)
INDETERMINATE G-07   ACK released FIRST
                CD_ACK_RELEASE=0 + CD_ACK_REL_RETIRE=1 (E1 partitions the
                releases, so the SUM is the count) = 1, ordering gap=None ns
FAIL   G-08   RESPONSE released SECOND
                RELEASE_DEADLINE=0 RELEASE_FAILOPEN=0 (the two causes
                partition the releases, so the sum is the release count)
PASS   G-09   all blockers terminate (admitted == stale + deadline + budget)
                admitted=20 terminated=20 (stale=20 deadline=0 budget=0)
PASS   G-10   transaction returns clean (generation retired by the released RESPONSE, no drops, no off-topology packets)
                reg_tag BEFORE cleanup = 0x00 (want 0x00 = TAG_INACTIVE);
                BAD_PORT=0 (the trigger CLONE is counted as CLONE_SEEN=1, NOT
                as BAD_PORT); queue drops=[('qid7', 0), ('qid1', 0)]
PASS   C-R2   reservoir standing: t_first_blocker - t_READ < 100000 ns
                t_first_block - t_READ = 718 ns (bound 100000). A LATE
                reservoir is a SILENT ZERO-HOLD: the ACK arrives min 0.400 ms
                after the READ, so an unblocked Q_HOLD releases it immediately
                and every counter still reads normal.
PASS   C-R4   ACK_RELEASE_FAILOPEN == 0
                BLOCK_TERM_TMO + RELEASE_FAILOPEN = 0. Non-zero means the
                reservoir drained on the pass budget B, so the trial measured
                H = B*K/rate, NOT D.
FAIL   C-R5   corrected deadline error |hold - (D + K/rate)| <= 1000 ns
                hold=517 ns; D=1999872.0 ns; K/rate=534.759 ns; raw
                error=-1999355.000 ns; CORRECTED error=-1999889.759 ns. The
                raw error carries a deterministic +534.759 ns bias; reporting
                it as jitter is the default failure of this measurement.
INFO   I-01   READ -> ACK interval (should track the hardware ipg)
                t_ack_arm - t_READ = 500010 ns, ipg = 500000 ns
INFO   I-02   release tail: ACK -> RESPONSE on the wire
                None ns
INFO   I-03   blocker loops (dp8 traversals consumed)
                CD_BLOCK_LOOP = 18553

MEASURED SEPARATELY (the direction's Gate-2 list)
  t_ACK (deadline armed)                 3683732901 ns
  d_ACK (the armed deadline word)        3685732609 ns
  first deadline termination             3683733447 ns
  final deadline termination             3683733958 ns
  ACK forward commitment                 3683733418 ns
  RESPONSE forward commitment            n/a
  actual ACK hold                        517 ns
  drain (first -> final termination)     511 ns
  drain tail (final term -> ACK out)     -540 ns
  ACK -> RESPONSE separation             n/a
  READ -> pktgen trigger                 707 ns
  READ -> full K reservoir               873 ns

DERIVED
  hold_ns                        517
  D_ns                           1999872.0
  tau_ns                         534.75935828877
  D_plus_tau_ns                  2000406.7593582887
  deadline_error_raw_ns          -1999355.0
  deadline_error_corrected_ns    -1999889.7593582887
  reservoir_standing_ns          718
  read_to_ack_ns                 500010
  ack_to_resp_release_ns         None
  blockers_admitted              20
  blockers_terminated            20
  ack_release_failopen           0

VERDICT: FAIL

GATE 2 SUMMARY: 1 trial(s), 0 PASS, 1 FAIL
[18:03:12] -------------------------------------------------------------
[18:03:12] GATE 2 COMPLETE — ONE transaction. txn_rc=0 analyzer_rc=1
[18:03:12] evidence: /home/philip/Projects/DNP3/defense3/evidence/ksweep_hold/20260803T175912Z/gate2_20260803T180303Z
[18:03:12] 
[18:03:12] STOPPING HERE BY DESIGN. Gates 3 (five transactions) and 4 (three
[18:03:12] boundary cases) are separate, human-gated steps and are NOT in this script.
[18:03:12] 
[18:03:12] The EXIT trap now restores the known-good state via the proven runner.
[18:03:12] on_exit: rc=1 — running restoration
[18:03:12] D3_SKIP_RESTORE=1 — NOT restoring. The switch is left as this run found
[18:03:12] it, and restoring it is now YOUR responsibility:
[18:03:12]   bash /home/philip/Projects/DNP3/research/case_a_read_anchored_dual_release/run/run_four_queue_oracle.sh --restore-only
[18:03:12] exit 1
[18:03:12] trial K=16 D=2ms B=19869 rep=3
[18:03:12] acquired /tmp/case_a_defense3_gate2.lock (pid 3265961)
[18:03:12] mode=gate2 dryrun=0 prog=case_a_defense3 skip_restore=1
[18:03:13] pre-run switch state: {"n_bf_switchd":1,"pid":"597143","conf":"/home/decps/d3/d3_final_synth.conf","p4_name":"case_a_defense3"}
[18:03:13] === GATE 2: ONE synthetic transaction, then STOP ===
[18:03:13] D=2 ms  budget=19869  scenario=gate2-2timer  ipg=500000 ns  gen=0xC0
[18:03:13] evidence: /home/philip/Projects/DNP3/defense3/evidence/ksweep_hold/20260803T175912Z/gate2_20260803T180312Z
[18:03:13] --- staging /home/philip/Projects/DNP3/defense3/run/poll_defense3.py + the Gate-1 setup module -> decps@10.10.54.81:/home/decps/d3gate2 ---
[18:03:14] --- preflight cleanup + clean assertion ---
[18:03:20] transaction returned rc=0
[18:03:21] --- scoring ---
==============================================================================
DEFENSE 3 — §13 GATE 2 — gate2_txn.json
==============================================================================
RES    ID     REQUIREMENT
------ ------ ----------------------------------------------------------
PASS   V-01   trial ran to completion (verdict COMPLETE)
                verdict='COMPLETE'
PASS   V-02   trial asserted a CLEAN START and was not refused
                reasons=[]
PASS   V-03   mandatory cleanup ran (from the `finally`)
                cleanup_synth present=True
PASS   C-R1   dp8 speed == BF_SPEED_25G on BOTH the MAC and the TM
                MAC $SPEED='BF_SPEED_25G', TM scheduling_speed='BF_SPEED_25G'
                (both must be BF_SPEED_25G)
PASS   G-01   one READ
                ARM_FRESH=1 ARM_DUP=0 ARM_BUSY=0
PASS   G-02   one K=16 blocker burst
                PKTGEN_ADMIT=16 (want 16) PKTGEN_DROP=0
PASS   G-03   one ACK admitted to Q_HOLD
                ACK_HOLD=1 ACK_DUP_HOLD=0 ACK_REJECT=0
FAIL   G-04   one EARLY RESPONSE admitted behind the ACK
                RESP_HOLD_EARLY=0 (the ACK had not yet been released)
                RESP_HOLD_LATE=0 RESP_BYPASS=1
FAIL   G-05   no ACK before t_ACK + D
                hold=510 ns, D=1999872.0 ns, raw error=-1999362.0 ns (must be
                >= 0)
INDETERMINATE G-06   no RESPONSE before the ACK
                t_resp_release - t_ack_release = None ns (must be > 0; a
                negative value is the wire order INVERTED)
INDETERMINATE G-07   ACK released FIRST
                CD_ACK_RELEASE=0 + CD_ACK_REL_RETIRE=1 (E1 partitions the
                releases, so the SUM is the count) = 1, ordering gap=None ns
FAIL   G-08   RESPONSE released SECOND
                RELEASE_DEADLINE=0 RELEASE_FAILOPEN=0 (the two causes
                partition the releases, so the sum is the release count)
PASS   G-09   all blockers terminate (admitted == stale + deadline + budget)
                admitted=16 terminated=16 (stale=16 deadline=0 budget=0)
PASS   G-10   transaction returns clean (generation retired by the released RESPONSE, no drops, no off-topology packets)
                reg_tag BEFORE cleanup = 0x00 (want 0x00 = TAG_INACTIVE);
                BAD_PORT=0 (the trigger CLONE is counted as CLONE_SEEN=1, NOT
                as BAD_PORT); queue drops=[('qid7', 0), ('qid1', 0)]
PASS   C-R2   reservoir standing: t_first_blocker - t_READ < 100000 ns
                t_first_block - t_READ = 715 ns (bound 100000). A LATE
                reservoir is a SILENT ZERO-HOLD: the ACK arrives min 0.400 ms
                after the READ, so an unblocked Q_HOLD releases it immediately
                and every counter still reads normal.
PASS   C-R4   ACK_RELEASE_FAILOPEN == 0
                BLOCK_TERM_TMO + RELEASE_FAILOPEN = 0. Non-zero means the
                reservoir drained on the pass budget B, so the trial measured
                H = B*K/rate, NOT D.
FAIL   C-R5   corrected deadline error |hold - (D + K/rate)| <= 1000 ns
                hold=510 ns; D=1999872.0 ns; K/rate=427.807 ns; raw
                error=-1999362.000 ns; CORRECTED error=-1999789.807 ns. The
                raw error carries a deterministic +427.807 ns bias; reporting
                it as jitter is the default failure of this measurement.
INFO   I-01   READ -> ACK interval (should track the hardware ipg)
                t_ack_arm - t_READ = 500010 ns, ipg = 500000 ns
INFO   I-02   release tail: ACK -> RESPONSE on the wire
                None ns
INFO   I-03   blocker loops (dp8 traversals consumed)
                CD_BLOCK_LOOP = 14973

MEASURED SEPARATELY (the direction's Gate-2 list)
  t_ACK (deadline armed)                 3975761590 ns
  d_ACK (the armed deadline word)        3977761281 ns
  first deadline termination             3975762131 ns
  final deadline termination             3975762606 ns
  ACK forward commitment                 3975762100 ns
  RESPONSE forward commitment            n/a
  actual ACK hold                        510 ns
  drain (first -> final termination)     475 ns
  drain tail (final term -> ACK out)     -506 ns
  ACK -> RESPONSE separation             n/a
  READ -> pktgen trigger                 705 ns
  READ -> full K reservoir               838 ns

DERIVED
  hold_ns                        510
  D_ns                           1999872.0
  tau_ns                         427.80748663101605
  D_plus_tau_ns                  2000299.807486631
  deadline_error_raw_ns          -1999362.0
  deadline_error_corrected_ns    -1999789.807486631
  reservoir_standing_ns          715
  read_to_ack_ns                 500010
  ack_to_resp_release_ns         None
  blockers_admitted              16
  blockers_terminated            16
  ack_release_failopen           0

VERDICT: FAIL

GATE 2 SUMMARY: 1 trial(s), 0 PASS, 1 FAIL
[18:03:21] -------------------------------------------------------------
[18:03:21] GATE 2 COMPLETE — ONE transaction. txn_rc=0 analyzer_rc=1
[18:03:21] evidence: /home/philip/Projects/DNP3/defense3/evidence/ksweep_hold/20260803T175912Z/gate2_20260803T180312Z
[18:03:21] 
[18:03:21] STOPPING HERE BY DESIGN. Gates 3 (five transactions) and 4 (three
[18:03:21] boundary cases) are separate, human-gated steps and are NOT in this script.
[18:03:21] 
[18:03:21] The EXIT trap now restores the known-good state via the proven runner.
[18:03:21] on_exit: rc=1 — running restoration
[18:03:21] D3_SKIP_RESTORE=1 — NOT restoring. The switch is left as this run found
[18:03:21] it, and restoring it is now YOUR responsibility:
[18:03:21]   bash /home/philip/Projects/DNP3/research/case_a_read_anchored_dual_release/run/run_four_queue_oracle.sh --restore-only
[18:03:21] exit 1
[18:03:21] trial K=12 D=2ms B=26492 rep=3
[18:03:21] acquired /tmp/case_a_defense3_gate2.lock (pid 3266096)
[18:03:21] mode=gate2 dryrun=0 prog=case_a_defense3 skip_restore=1
[18:03:22] pre-run switch state: {"n_bf_switchd":1,"pid":"597143","conf":"/home/decps/d3/d3_final_synth.conf","p4_name":"case_a_defense3"}
[18:03:22] === GATE 2: ONE synthetic transaction, then STOP ===
[18:03:22] D=2 ms  budget=26492  scenario=gate2-2timer  ipg=500000 ns  gen=0xC0
[18:03:22] evidence: /home/philip/Projects/DNP3/defense3/evidence/ksweep_hold/20260803T175912Z/gate2_20260803T180321Z
[18:03:22] --- staging /home/philip/Projects/DNP3/defense3/run/poll_defense3.py + the Gate-1 setup module -> decps@10.10.54.81:/home/decps/d3gate2 ---
[18:03:23] --- preflight cleanup + clean assertion ---
[18:03:29] transaction returned rc=0
[18:03:30] --- scoring ---
==============================================================================
DEFENSE 3 — §13 GATE 2 — gate2_txn.json
==============================================================================
RES    ID     REQUIREMENT
------ ------ ----------------------------------------------------------
PASS   V-01   trial ran to completion (verdict COMPLETE)
                verdict='COMPLETE'
PASS   V-02   trial asserted a CLEAN START and was not refused
                reasons=[]
PASS   V-03   mandatory cleanup ran (from the `finally`)
                cleanup_synth present=True
PASS   C-R1   dp8 speed == BF_SPEED_25G on BOTH the MAC and the TM
                MAC $SPEED='BF_SPEED_25G', TM scheduling_speed='BF_SPEED_25G'
                (both must be BF_SPEED_25G)
PASS   G-01   one READ
                ARM_FRESH=1 ARM_DUP=0 ARM_BUSY=0
PASS   G-02   one K=12 blocker burst
                PKTGEN_ADMIT=12 (want 12) PKTGEN_DROP=0
PASS   G-03   one ACK admitted to Q_HOLD
                ACK_HOLD=1 ACK_DUP_HOLD=0 ACK_REJECT=0
FAIL   G-04   one EARLY RESPONSE admitted behind the ACK
                RESP_HOLD_EARLY=0 (the ACK had not yet been released)
                RESP_HOLD_LATE=0 RESP_BYPASS=1
FAIL   G-05   no ACK before t_ACK + D
                hold=496 ns, D=1999872.0 ns, raw error=-1999376.0 ns (must be
                >= 0)
INDETERMINATE G-06   no RESPONSE before the ACK
                t_resp_release - t_ack_release = None ns (must be > 0; a
                negative value is the wire order INVERTED)
INDETERMINATE G-07   ACK released FIRST
                CD_ACK_RELEASE=0 + CD_ACK_REL_RETIRE=1 (E1 partitions the
                releases, so the SUM is the count) = 1, ordering gap=None ns
FAIL   G-08   RESPONSE released SECOND
                RELEASE_DEADLINE=0 RELEASE_FAILOPEN=0 (the two causes
                partition the releases, so the sum is the release count)
PASS   G-09   all blockers terminate (admitted == stale + deadline + budget)
                admitted=12 terminated=12 (stale=12 deadline=0 budget=0)
PASS   G-10   transaction returns clean (generation retired by the released RESPONSE, no drops, no off-topology packets)
                reg_tag BEFORE cleanup = 0x00 (want 0x00 = TAG_INACTIVE);
                BAD_PORT=0 (the trigger CLONE is counted as CLONE_SEEN=1, NOT
                as BAD_PORT); queue drops=[('qid7', 0), ('qid1', 0)]
PASS   C-R2   reservoir standing: t_first_blocker - t_READ < 100000 ns
                t_first_block - t_READ = 718 ns (bound 100000). A LATE
                reservoir is a SILENT ZERO-HOLD: the ACK arrives min 0.400 ms
                after the READ, so an unblocked Q_HOLD releases it immediately
                and every counter still reads normal.
PASS   C-R4   ACK_RELEASE_FAILOPEN == 0
                BLOCK_TERM_TMO + RELEASE_FAILOPEN = 0. Non-zero means the
                reservoir drained on the pass budget B, so the trial measured
                H = B*K/rate, NOT D.
FAIL   C-R5   corrected deadline error |hold - (D + K/rate)| <= 1000 ns
                hold=496 ns; D=1999872.0 ns; K/rate=320.856 ns; raw
                error=-1999376.000 ns; CORRECTED error=-1999696.856 ns. The
                raw error carries a deterministic +320.856 ns bias; reporting
                it as jitter is the default failure of this measurement.
INFO   I-01   READ -> ACK interval (should track the hardware ipg)
                t_ack_arm - t_READ = 500011 ns, ipg = 500000 ns
INFO   I-02   release tail: ACK -> RESPONSE on the wire
                None ns
INFO   I-03   blocker loops (dp8 traversals consumed)
                CD_BLOCK_LOOP = 11233

MEASURED SEPARATELY (the direction's Gate-2 list)
  t_ACK (deadline armed)                 12360613 ns
  d_ACK (the armed deadline word)        14360321 ns
  first deadline termination             12361137 ns
  final deadline termination             12361592 ns
  ACK forward commitment                 12361109 ns
  RESPONSE forward commitment            n/a
  actual ACK hold                        496 ns
  drain (first -> final termination)     455 ns
  drain tail (final term -> ACK out)     -483 ns
  ACK -> RESPONSE separation             n/a
  READ -> pktgen trigger                 707 ns
  READ -> full K reservoir               808 ns

DERIVED
  hold_ns                        496
  D_ns                           1999872.0
  tau_ns                         320.85561497326205
  D_plus_tau_ns                  2000192.8556149732
  deadline_error_raw_ns          -1999376.0
  deadline_error_corrected_ns    -1999696.8556149732
  reservoir_standing_ns          718
  read_to_ack_ns                 500011
  ack_to_resp_release_ns         None
  blockers_admitted              12
  blockers_terminated            12
  ack_release_failopen           0

VERDICT: FAIL

GATE 2 SUMMARY: 1 trial(s), 0 PASS, 1 FAIL
[18:03:30] -------------------------------------------------------------
[18:03:30] GATE 2 COMPLETE — ONE transaction. txn_rc=0 analyzer_rc=1
[18:03:30] evidence: /home/philip/Projects/DNP3/defense3/evidence/ksweep_hold/20260803T175912Z/gate2_20260803T180321Z
[18:03:30] 
[18:03:30] STOPPING HERE BY DESIGN. Gates 3 (five transactions) and 4 (three
[18:03:30] boundary cases) are separate, human-gated steps and are NOT in this script.
[18:03:30] 
[18:03:30] The EXIT trap now restores the known-good state via the proven runner.
[18:03:30] on_exit: rc=1 — running restoration
[18:03:30] D3_SKIP_RESTORE=1 — NOT restoring. The switch is left as this run found
[18:03:30] it, and restoring it is now YOUR responsibility:
[18:03:30]   bash /home/philip/Projects/DNP3/research/case_a_read_anchored_dual_release/run/run_four_queue_oracle.sh --restore-only
[18:03:30] exit 1
[18:03:30] trial K=8 D=2ms B=39738 rep=3
[18:03:30] acquired /tmp/case_a_defense3_gate2.lock (pid 3266290)
[18:03:30] mode=gate2 dryrun=0 prog=case_a_defense3 skip_restore=1
[18:03:31] pre-run switch state: {"n_bf_switchd":1,"pid":"597143","conf":"/home/decps/d3/d3_final_synth.conf","p4_name":"case_a_defense3"}
[18:03:31] === GATE 2: ONE synthetic transaction, then STOP ===
[18:03:31] D=2 ms  budget=39738  scenario=gate2-2timer  ipg=500000 ns  gen=0xC0
[18:03:31] evidence: /home/philip/Projects/DNP3/defense3/evidence/ksweep_hold/20260803T175912Z/gate2_20260803T180330Z
[18:03:31] --- staging /home/philip/Projects/DNP3/defense3/run/poll_defense3.py + the Gate-1 setup module -> decps@10.10.54.81:/home/decps/d3gate2 ---
[18:03:32] --- preflight cleanup + clean assertion ---
[18:03:37] transaction returned rc=0
[18:03:39] --- scoring ---
==============================================================================
DEFENSE 3 — §13 GATE 2 — gate2_txn.json
==============================================================================
RES    ID     REQUIREMENT
------ ------ ----------------------------------------------------------
PASS   V-01   trial ran to completion (verdict COMPLETE)
                verdict='COMPLETE'
PASS   V-02   trial asserted a CLEAN START and was not refused
                reasons=[]
PASS   V-03   mandatory cleanup ran (from the `finally`)
                cleanup_synth present=True
PASS   C-R1   dp8 speed == BF_SPEED_25G on BOTH the MAC and the TM
                MAC $SPEED='BF_SPEED_25G', TM scheduling_speed='BF_SPEED_25G'
                (both must be BF_SPEED_25G)
PASS   G-01   one READ
                ARM_FRESH=1 ARM_DUP=0 ARM_BUSY=0
PASS   G-02   one K=8 blocker burst
                PKTGEN_ADMIT=8 (want 8) PKTGEN_DROP=0
PASS   G-03   one ACK admitted to Q_HOLD
                ACK_HOLD=1 ACK_DUP_HOLD=0 ACK_REJECT=0
FAIL   G-04   one EARLY RESPONSE admitted behind the ACK
                RESP_HOLD_EARLY=0 (the ACK had not yet been released)
                RESP_HOLD_LATE=0 RESP_BYPASS=1
FAIL   G-05   no ACK before t_ACK + D
                hold=498 ns, D=1999872.0 ns, raw error=-1999374.0 ns (must be
                >= 0)
INDETERMINATE G-06   no RESPONSE before the ACK
                t_resp_release - t_ack_release = None ns (must be > 0; a
                negative value is the wire order INVERTED)
INDETERMINATE G-07   ACK released FIRST
                CD_ACK_RELEASE=0 + CD_ACK_REL_RETIRE=1 (E1 partitions the
                releases, so the SUM is the count) = 1, ordering gap=None ns
FAIL   G-08   RESPONSE released SECOND
                RELEASE_DEADLINE=0 RELEASE_FAILOPEN=0 (the two causes
                partition the releases, so the sum is the release count)
PASS   G-09   all blockers terminate (admitted == stale + deadline + budget)
                admitted=8 terminated=8 (stale=8 deadline=0 budget=0)
PASS   G-10   transaction returns clean (generation retired by the released RESPONSE, no drops, no off-topology packets)
                reg_tag BEFORE cleanup = 0x00 (want 0x00 = TAG_INACTIVE);
                BAD_PORT=0 (the trigger CLONE is counted as CLONE_SEEN=1, NOT
                as BAD_PORT); queue drops=[('qid7', 0), ('qid1', 0)]
PASS   C-R2   reservoir standing: t_first_blocker - t_READ < 100000 ns
                t_first_block - t_READ = 716 ns (bound 100000). A LATE
                reservoir is a SILENT ZERO-HOLD: the ACK arrives min 0.400 ms
                after the READ, so an unblocked Q_HOLD releases it immediately
                and every counter still reads normal.
PASS   C-R4   ACK_RELEASE_FAILOPEN == 0
                BLOCK_TERM_TMO + RELEASE_FAILOPEN = 0. Non-zero means the
                reservoir drained on the pass budget B, so the trial measured
                H = B*K/rate, NOT D.
FAIL   C-R5   corrected deadline error |hold - (D + K/rate)| <= 1000 ns
                hold=498 ns; D=1999872.0 ns; K/rate=213.904 ns; raw
                error=-1999374.000 ns; CORRECTED error=-1999587.904 ns. The
                raw error carries a deterministic +213.904 ns bias; reporting
                it as jitter is the default failure of this measurement.
INFO   I-01   READ -> ACK interval (should track the hardware ipg)
                t_ack_arm - t_READ = 500010 ns, ipg = 500000 ns
INFO   I-02   release tail: ACK -> RESPONSE on the wire
                None ns
INFO   I-03   blocker loops (dp8 traversals consumed)
                CD_BLOCK_LOOP = 7492

MEASURED SEPARATELY (the direction's Gate-2 list)
  t_ACK (deadline armed)                 385850837 ns
  d_ACK (the armed deadline word)        387850497 ns
  first deadline termination             385851361 ns
  final deadline termination             385851815 ns
  ACK forward commitment                 385851335 ns
  RESPONSE forward commitment            n/a
  actual ACK hold                        498 ns
  drain (first -> final termination)     454 ns
  drain tail (final term -> ACK out)     -480 ns
  ACK -> RESPONSE separation             n/a
  READ -> pktgen trigger                 705 ns
  READ -> full K reservoir               773 ns

DERIVED
  hold_ns                        498
  D_ns                           1999872.0
  tau_ns                         213.90374331550802
  D_plus_tau_ns                  2000085.9037433155
  deadline_error_raw_ns          -1999374.0
  deadline_error_corrected_ns    -1999587.9037433155
  reservoir_standing_ns          716
  read_to_ack_ns                 500010
  ack_to_resp_release_ns         None
  blockers_admitted              8
  blockers_terminated            8
  ack_release_failopen           0

VERDICT: FAIL

GATE 2 SUMMARY: 1 trial(s), 0 PASS, 1 FAIL
[18:03:39] -------------------------------------------------------------
[18:03:39] GATE 2 COMPLETE — ONE transaction. txn_rc=0 analyzer_rc=1
[18:03:39] evidence: /home/philip/Projects/DNP3/defense3/evidence/ksweep_hold/20260803T175912Z/gate2_20260803T180330Z
[18:03:39] 
[18:03:39] STOPPING HERE BY DESIGN. Gates 3 (five transactions) and 4 (three
[18:03:39] boundary cases) are separate, human-gated steps and are NOT in this script.
[18:03:39] 
[18:03:39] The EXIT trap now restores the known-good state via the proven runner.
[18:03:39] on_exit: rc=1 — running restoration
[18:03:39] D3_SKIP_RESTORE=1 — NOT restoring. The switch is left as this run found
[18:03:39] it, and restoring it is now YOUR responsibility:
[18:03:39]   bash /home/philip/Projects/DNP3/research/case_a_read_anchored_dual_release/run/run_four_queue_oracle.sh --restore-only
[18:03:39] exit 1
[18:03:39] trial K=4 D=2ms B=79475 rep=3
[18:03:39] acquired /tmp/case_a_defense3_gate2.lock (pid 3266430)
[18:03:39] mode=gate2 dryrun=0 prog=case_a_defense3 skip_restore=1
[18:03:40] pre-run switch state: {"n_bf_switchd":1,"pid":"597143","conf":"/home/decps/d3/d3_final_synth.conf","p4_name":"case_a_defense3"}
[18:03:40] === GATE 2: ONE synthetic transaction, then STOP ===
[18:03:40] D=2 ms  budget=79475  scenario=gate2-2timer  ipg=500000 ns  gen=0xC0
[18:03:40] evidence: /home/philip/Projects/DNP3/defense3/evidence/ksweep_hold/20260803T175912Z/gate2_20260803T180339Z
[18:03:40] --- staging /home/philip/Projects/DNP3/defense3/run/poll_defense3.py + the Gate-1 setup module -> decps@10.10.54.81:/home/decps/d3gate2 ---
[18:03:41] --- preflight cleanup + clean assertion ---
[18:03:46] transaction returned rc=0
[18:03:48] --- scoring ---
==============================================================================
DEFENSE 3 — §13 GATE 2 — gate2_txn.json
==============================================================================
RES    ID     REQUIREMENT
------ ------ ----------------------------------------------------------
PASS   V-01   trial ran to completion (verdict COMPLETE)
                verdict='COMPLETE'
PASS   V-02   trial asserted a CLEAN START and was not refused
                reasons=[]
PASS   V-03   mandatory cleanup ran (from the `finally`)
                cleanup_synth present=True
PASS   C-R1   dp8 speed == BF_SPEED_25G on BOTH the MAC and the TM
                MAC $SPEED='BF_SPEED_25G', TM scheduling_speed='BF_SPEED_25G'
                (both must be BF_SPEED_25G)
PASS   G-01   one READ
                ARM_FRESH=1 ARM_DUP=0 ARM_BUSY=0
PASS   G-02   one K=4 blocker burst
                PKTGEN_ADMIT=4 (want 4) PKTGEN_DROP=0
PASS   G-03   one ACK admitted to Q_HOLD
                ACK_HOLD=1 ACK_DUP_HOLD=0 ACK_REJECT=0
FAIL   G-04   one EARLY RESPONSE admitted behind the ACK
                RESP_HOLD_EARLY=0 (the ACK had not yet been released)
                RESP_HOLD_LATE=0 RESP_BYPASS=1
FAIL   G-05   no ACK before t_ACK + D
                hold=506 ns, D=1999872.0 ns, raw error=-1999366.0 ns (must be
                >= 0)
INDETERMINATE G-06   no RESPONSE before the ACK
                t_resp_release - t_ack_release = None ns (must be > 0; a
                negative value is the wire order INVERTED)
INDETERMINATE G-07   ACK released FIRST
                CD_ACK_RELEASE=0 + CD_ACK_REL_RETIRE=1 (E1 partitions the
                releases, so the SUM is the count) = 1, ordering gap=None ns
FAIL   G-08   RESPONSE released SECOND
                RELEASE_DEADLINE=0 RELEASE_FAILOPEN=0 (the two causes
                partition the releases, so the sum is the release count)
PASS   G-09   all blockers terminate (admitted == stale + deadline + budget)
                admitted=4 terminated=4 (stale=4 deadline=0 budget=0)
PASS   G-10   transaction returns clean (generation retired by the released RESPONSE, no drops, no off-topology packets)
                reg_tag BEFORE cleanup = 0x00 (want 0x00 = TAG_INACTIVE);
                BAD_PORT=0 (the trigger CLONE is counted as CLONE_SEEN=1, NOT
                as BAD_PORT); queue drops=[('qid7', 0), ('qid1', 0)]
PASS   C-R2   reservoir standing: t_first_blocker - t_READ < 100000 ns
                t_first_block - t_READ = 716 ns (bound 100000). A LATE
                reservoir is a SILENT ZERO-HOLD: the ACK arrives min 0.400 ms
                after the READ, so an unblocked Q_HOLD releases it immediately
                and every counter still reads normal.
PASS   C-R4   ACK_RELEASE_FAILOPEN == 0
                BLOCK_TERM_TMO + RELEASE_FAILOPEN = 0. Non-zero means the
                reservoir drained on the pass budget B, so the trial measured
                H = B*K/rate, NOT D.
FAIL   C-R5   corrected deadline error |hold - (D + K/rate)| <= 1000 ns
                hold=506 ns; D=1999872.0 ns; K/rate=106.952 ns; raw
                error=-1999366.000 ns; CORRECTED error=-1999472.952 ns. The
                raw error carries a deterministic +106.952 ns bias; reporting
                it as jitter is the default failure of this measurement.
INFO   I-01   READ -> ACK interval (should track the hardware ipg)
                t_ack_arm - t_READ = 500009 ns, ipg = 500000 ns
INFO   I-02   release tail: ACK -> RESPONSE on the wire
                None ns
INFO   I-03   blocker loops (dp8 traversals consumed)
                CD_BLOCK_LOOP = 3748

MEASURED SEPARATELY (the direction's Gate-2 list)
  t_ACK (deadline armed)                 700308214 ns
  d_ACK (the armed deadline word)        702307841 ns
  first deadline termination             700309130 ns
  final deadline termination             700309226 ns
  ACK forward commitment                 700308720 ns
  RESPONSE forward commitment            n/a
  actual ACK hold                        506 ns
  drain (first -> final termination)     96 ns
  drain tail (final term -> ACK out)     -506 ns
  ACK -> RESPONSE separation             n/a
  READ -> pktgen trigger                 705 ns
  READ -> full K reservoir               740 ns

DERIVED
  hold_ns                        506
  D_ns                           1999872.0
  tau_ns                         106.95187165775401
  D_plus_tau_ns                  1999978.9518716577
  deadline_error_raw_ns          -1999366.0
  deadline_error_corrected_ns    -1999472.9518716577
  reservoir_standing_ns          716
  read_to_ack_ns                 500009
  ack_to_resp_release_ns         None
  blockers_admitted              4
  blockers_terminated            4
  ack_release_failopen           0

VERDICT: FAIL

GATE 2 SUMMARY: 1 trial(s), 0 PASS, 1 FAIL
[18:03:48] -------------------------------------------------------------
[18:03:48] GATE 2 COMPLETE — ONE transaction. txn_rc=0 analyzer_rc=1
[18:03:48] evidence: /home/philip/Projects/DNP3/defense3/evidence/ksweep_hold/20260803T175912Z/gate2_20260803T180339Z
[18:03:48] 
[18:03:48] STOPPING HERE BY DESIGN. Gates 3 (five transactions) and 4 (three
[18:03:48] boundary cases) are separate, human-gated steps and are NOT in this script.
[18:03:48] 
[18:03:48] The EXIT trap now restores the known-good state via the proven runner.
[18:03:48] on_exit: rc=1 — running restoration
[18:03:48] D3_SKIP_RESTORE=1 — NOT restoring. The switch is left as this run found
[18:03:48] it, and restoring it is now YOUR responsibility:
[18:03:48]   bash /home/philip/Projects/DNP3/research/case_a_read_anchored_dual_release/run/run_four_queue_oracle.sh --restore-only
[18:03:48] exit 1
[18:03:48] trial K=2 D=2ms B=158950 rep=3
[18:03:48] acquired /tmp/case_a_defense3_gate2.lock (pid 3266603)
[18:03:48] mode=gate2 dryrun=0 prog=case_a_defense3 skip_restore=1
[18:03:49] pre-run switch state: {"n_bf_switchd":1,"pid":"597143","conf":"/home/decps/d3/d3_final_synth.conf","p4_name":"case_a_defense3"}
[18:03:49] === GATE 2: ONE synthetic transaction, then STOP ===
[18:03:49] D=2 ms  budget=158950  scenario=gate2-2timer  ipg=500000 ns  gen=0xC0
[18:03:49] evidence: /home/philip/Projects/DNP3/defense3/evidence/ksweep_hold/20260803T175912Z/gate2_20260803T180348Z
[18:03:49] --- staging /home/philip/Projects/DNP3/defense3/run/poll_defense3.py + the Gate-1 setup module -> decps@10.10.54.81:/home/decps/d3gate2 ---
[18:03:50] --- preflight cleanup + clean assertion ---
[18:03:55] transaction returned rc=0
[18:03:57] --- scoring ---
==============================================================================
DEFENSE 3 — §13 GATE 2 — gate2_txn.json
==============================================================================
RES    ID     REQUIREMENT
------ ------ ----------------------------------------------------------
PASS   V-01   trial ran to completion (verdict COMPLETE)
                verdict='COMPLETE'
PASS   V-02   trial asserted a CLEAN START and was not refused
                reasons=[]
PASS   V-03   mandatory cleanup ran (from the `finally`)
                cleanup_synth present=True
PASS   C-R1   dp8 speed == BF_SPEED_25G on BOTH the MAC and the TM
                MAC $SPEED='BF_SPEED_25G', TM scheduling_speed='BF_SPEED_25G'
                (both must be BF_SPEED_25G)
PASS   G-01   one READ
                ARM_FRESH=1 ARM_DUP=0 ARM_BUSY=0
PASS   G-02   one K=2 blocker burst
                PKTGEN_ADMIT=2 (want 2) PKTGEN_DROP=0
PASS   G-03   one ACK admitted to Q_HOLD
                ACK_HOLD=1 ACK_DUP_HOLD=0 ACK_REJECT=0
FAIL   G-04   one EARLY RESPONSE admitted behind the ACK
                RESP_HOLD_EARLY=0 (the ACK had not yet been released)
                RESP_HOLD_LATE=0 RESP_BYPASS=1
FAIL   G-05   no ACK before t_ACK + D
                hold=493 ns, D=1999872.0 ns, raw error=-1999379.0 ns (must be
                >= 0)
INDETERMINATE G-06   no RESPONSE before the ACK
                t_resp_release - t_ack_release = None ns (must be > 0; a
                negative value is the wire order INVERTED)
INDETERMINATE G-07   ACK released FIRST
                CD_ACK_RELEASE=0 + CD_ACK_REL_RETIRE=1 (E1 partitions the
                releases, so the SUM is the count) = 1, ordering gap=None ns
FAIL   G-08   RESPONSE released SECOND
                RELEASE_DEADLINE=0 RELEASE_FAILOPEN=0 (the two causes
                partition the releases, so the sum is the release count)
PASS   G-09   all blockers terminate (admitted == stale + deadline + budget)
                admitted=2 terminated=2 (stale=2 deadline=0 budget=0)
PASS   G-10   transaction returns clean (generation retired by the released RESPONSE, no drops, no off-topology packets)
                reg_tag BEFORE cleanup = 0x00 (want 0x00 = TAG_INACTIVE);
                BAD_PORT=0 (the trigger CLONE is counted as CLONE_SEEN=1, NOT
                as BAD_PORT); queue drops=[('qid7', 0), ('qid1', 0)]
PASS   C-R2   reservoir standing: t_first_blocker - t_READ < 100000 ns
                t_first_block - t_READ = 717 ns (bound 100000). A LATE
                reservoir is a SILENT ZERO-HOLD: the ACK arrives min 0.400 ms
                after the READ, so an unblocked Q_HOLD releases it immediately
                and every counter still reads normal.
PASS   C-R4   ACK_RELEASE_FAILOPEN == 0
                BLOCK_TERM_TMO + RELEASE_FAILOPEN = 0. Non-zero means the
                reservoir drained on the pass budget B, so the trial measured
                H = B*K/rate, NOT D.
FAIL   C-R5   corrected deadline error |hold - (D + K/rate)| <= 1000 ns
                hold=493 ns; D=1999872.0 ns; K/rate=53.476 ns; raw
                error=-1999379.000 ns; CORRECTED error=-1999432.476 ns. The
                raw error carries a deterministic +53.476 ns bias; reporting
                it as jitter is the default failure of this measurement.
INFO   I-01   READ -> ACK interval (should track the hardware ipg)
                t_ack_arm - t_READ = 500011 ns, ipg = 500000 ns
INFO   I-02   release tail: ACK -> RESPONSE on the wire
                None ns
INFO   I-03   blocker loops (dp8 traversals consumed)
                CD_BLOCK_LOOP = 1874

MEASURED SEPARATELY (the direction's Gate-2 list)
  t_ACK (deadline armed)                 1136513070 ns
  d_ACK (the armed deadline word)        1138512897 ns
  first deadline termination             1136513962 ns
  final deadline termination             1136513993 ns
  ACK forward commitment                 1136513563 ns
  RESPONSE forward commitment            n/a
  actual ACK hold                        493 ns
  drain (first -> final termination)     31 ns
  drain tail (final term -> ACK out)     -430 ns
  ACK -> RESPONSE separation             n/a
  READ -> pktgen trigger                 707 ns
  READ -> full K reservoir               725 ns

DERIVED
  hold_ns                        493
  D_ns                           1999872.0
  tau_ns                         53.475935828877006
  D_plus_tau_ns                  1999925.4759358289
  deadline_error_raw_ns          -1999379.0
  deadline_error_corrected_ns    -1999432.4759358289
  reservoir_standing_ns          717
  read_to_ack_ns                 500011
  ack_to_resp_release_ns         None
  blockers_admitted              2
  blockers_terminated            2
  ack_release_failopen           0

VERDICT: FAIL

GATE 2 SUMMARY: 1 trial(s), 0 PASS, 1 FAIL
[18:03:57] -------------------------------------------------------------
[18:03:57] GATE 2 COMPLETE — ONE transaction. txn_rc=0 analyzer_rc=1
[18:03:57] evidence: /home/philip/Projects/DNP3/defense3/evidence/ksweep_hold/20260803T175912Z/gate2_20260803T180348Z
[18:03:57] 
[18:03:57] STOPPING HERE BY DESIGN. Gates 3 (five transactions) and 4 (three
[18:03:57] boundary cases) are separate, human-gated steps and are NOT in this script.
[18:03:57] 
[18:03:57] The EXIT trap now restores the known-good state via the proven runner.
[18:03:57] on_exit: rc=1 — running restoration
[18:03:57] D3_SKIP_RESTORE=1 — NOT restoring. The switch is left as this run found
[18:03:57] it, and restoring it is now YOUR responsibility:
[18:03:57]   bash /home/philip/Projects/DNP3/research/case_a_read_anchored_dual_release/run/run_four_queue_oracle.sh --restore-only
[18:03:57] exit 1
[18:03:57] trial K=1 D=2ms B=317900 rep=3
[18:03:57] acquired /tmp/case_a_defense3_gate2.lock (pid 3266749)
[18:03:57] mode=gate2 dryrun=0 prog=case_a_defense3 skip_restore=1
[18:03:58] pre-run switch state: {"n_bf_switchd":1,"pid":"597143","conf":"/home/decps/d3/d3_final_synth.conf","p4_name":"case_a_defense3"}
[18:03:58] === GATE 2: ONE synthetic transaction, then STOP ===
[18:03:58] D=2 ms  budget=317900  scenario=gate2-2timer  ipg=500000 ns  gen=0xC0
[18:03:58] evidence: /home/philip/Projects/DNP3/defense3/evidence/ksweep_hold/20260803T175912Z/gate2_20260803T180357Z
[18:03:58] --- staging /home/philip/Projects/DNP3/defense3/run/poll_defense3.py + the Gate-1 setup module -> decps@10.10.54.81:/home/decps/d3gate2 ---
[18:03:59] --- preflight cleanup + clean assertion ---
[18:04:04] transaction returned rc=0
[18:04:06] --- scoring ---
==============================================================================
DEFENSE 3 — §13 GATE 2 — gate2_txn.json
==============================================================================
RES    ID     REQUIREMENT
------ ------ ----------------------------------------------------------
PASS   V-01   trial ran to completion (verdict COMPLETE)
                verdict='COMPLETE'
PASS   V-02   trial asserted a CLEAN START and was not refused
                reasons=[]
PASS   V-03   mandatory cleanup ran (from the `finally`)
                cleanup_synth present=True
PASS   C-R1   dp8 speed == BF_SPEED_25G on BOTH the MAC and the TM
                MAC $SPEED='BF_SPEED_25G', TM scheduling_speed='BF_SPEED_25G'
                (both must be BF_SPEED_25G)
PASS   G-01   one READ
                ARM_FRESH=1 ARM_DUP=0 ARM_BUSY=0
PASS   G-02   one K=1 blocker burst
                PKTGEN_ADMIT=1 (want 1) PKTGEN_DROP=0
PASS   G-03   one ACK admitted to Q_HOLD
                ACK_HOLD=1 ACK_DUP_HOLD=0 ACK_REJECT=0
FAIL   G-04   one EARLY RESPONSE admitted behind the ACK
                RESP_HOLD_EARLY=0 (the ACK had not yet been released)
                RESP_HOLD_LATE=0 RESP_BYPASS=1
FAIL   G-05   no ACK before t_ACK + D
                hold=493 ns, D=1999872.0 ns, raw error=-1999379.0 ns (must be
                >= 0)
INDETERMINATE G-06   no RESPONSE before the ACK
                t_resp_release - t_ack_release = None ns (must be > 0; a
                negative value is the wire order INVERTED)
INDETERMINATE G-07   ACK released FIRST
                CD_ACK_RELEASE=0 + CD_ACK_REL_RETIRE=1 (E1 partitions the
                releases, so the SUM is the count) = 1, ordering gap=None ns
FAIL   G-08   RESPONSE released SECOND
                RELEASE_DEADLINE=0 RELEASE_FAILOPEN=0 (the two causes
                partition the releases, so the sum is the release count)
PASS   G-09   all blockers terminate (admitted == stale + deadline + budget)
                admitted=1 terminated=1 (stale=1 deadline=0 budget=0)
PASS   G-10   transaction returns clean (generation retired by the released RESPONSE, no drops, no off-topology packets)
                reg_tag BEFORE cleanup = 0x00 (want 0x00 = TAG_INACTIVE);
                BAD_PORT=0 (the trigger CLONE is counted as CLONE_SEEN=1, NOT
                as BAD_PORT); queue drops=[('qid7', 0), ('qid1', 0)]
PASS   C-R2   reservoir standing: t_first_blocker - t_READ < 100000 ns
                t_first_block - t_READ = 716 ns (bound 100000). A LATE
                reservoir is a SILENT ZERO-HOLD: the ACK arrives min 0.400 ms
                after the READ, so an unblocked Q_HOLD releases it immediately
                and every counter still reads normal.
PASS   C-R4   ACK_RELEASE_FAILOPEN == 0
                BLOCK_TERM_TMO + RELEASE_FAILOPEN = 0. Non-zero means the
                reservoir drained on the pass budget B, so the trial measured
                H = B*K/rate, NOT D.
FAIL   C-R5   corrected deadline error |hold - (D + K/rate)| <= 1000 ns
                hold=493 ns; D=1999872.0 ns; K/rate=26.738 ns; raw
                error=-1999379.000 ns; CORRECTED error=-1999405.738 ns. The
                raw error carries a deterministic +26.738 ns bias; reporting
                it as jitter is the default failure of this measurement.
INFO   I-01   READ -> ACK interval (should track the hardware ipg)
                t_ack_arm - t_READ = 500010 ns, ipg = 500000 ns
INFO   I-02   release tail: ACK -> RESPONSE on the wire
                None ns
INFO   I-03   blocker loops (dp8 traversals consumed)
                CD_BLOCK_LOOP = 937

MEASURED SEPARATELY (the direction's Gate-2 list)
  t_ACK (deadline armed)                 1454833888 ns
  d_ACK (the armed deadline word)        1456833537 ns
  first deadline termination             1454834740 ns
  final deadline termination             1454834740 ns
  ACK forward commitment                 1454834381 ns
  RESPONSE forward commitment            n/a
  actual ACK hold                        493 ns
  drain (first -> final termination)     0 ns
  drain tail (final term -> ACK out)     -359 ns
  ACK -> RESPONSE separation             n/a
  READ -> pktgen trigger                 706 ns
  READ -> full K reservoir               716 ns

DERIVED
  hold_ns                        493
  D_ns                           1999872.0
  tau_ns                         26.737967914438503
  D_plus_tau_ns                  1999898.7379679144
  deadline_error_raw_ns          -1999379.0
  deadline_error_corrected_ns    -1999405.7379679144
  reservoir_standing_ns          716
  read_to_ack_ns                 500010
  ack_to_resp_release_ns         None
  blockers_admitted              1
  blockers_terminated            1
  ack_release_failopen           0

VERDICT: FAIL

GATE 2 SUMMARY: 1 trial(s), 0 PASS, 1 FAIL
[18:04:06] -------------------------------------------------------------
[18:04:06] GATE 2 COMPLETE — ONE transaction. txn_rc=0 analyzer_rc=1
[18:04:06] evidence: /home/philip/Projects/DNP3/defense3/evidence/ksweep_hold/20260803T175912Z/gate2_20260803T180357Z
[18:04:06] 
[18:04:06] STOPPING HERE BY DESIGN. Gates 3 (five transactions) and 4 (three
[18:04:06] boundary cases) are separate, human-gated steps and are NOT in this script.
[18:04:06] 
[18:04:06] The EXIT trap now restores the known-good state via the proven runner.
[18:04:06] on_exit: rc=1 — running restoration
[18:04:06] D3_SKIP_RESTORE=1 — NOT restoring. The switch is left as this run found
[18:04:06] it, and restoring it is now YOUR responsibility:
[18:04:06]   bash /home/philip/Projects/DNP3/research/case_a_read_anchored_dual_release/run/run_four_queue_oracle.sh --restore-only
[18:04:06] exit 1
[18:04:06] trial K=64 D=8ms B=18000 rep=1
[18:04:06] acquired /tmp/case_a_defense3_gate2.lock (pid 3266903)
[18:04:06] mode=gate2 dryrun=0 prog=case_a_defense3 skip_restore=1
[18:04:07] pre-run switch state: {"n_bf_switchd":1,"pid":"597143","conf":"/home/decps/d3/d3_final_synth.conf","p4_name":"case_a_defense3"}
[18:04:07] === GATE 2: ONE synthetic transaction, then STOP ===
[18:04:07] D=8 ms  budget=18000  scenario=gate2-2timer  ipg=500000 ns  gen=0xC0
[18:04:07] evidence: /home/philip/Projects/DNP3/defense3/evidence/ksweep_hold/20260803T175912Z/gate2_20260803T180406Z
[18:04:07] --- staging /home/philip/Projects/DNP3/defense3/run/poll_defense3.py + the Gate-1 setup module -> decps@10.10.54.81:/home/decps/d3gate2 ---
[18:04:08] --- preflight cleanup + clean assertion ---
[18:04:13] transaction returned rc=0
[18:04:15] --- scoring ---
==============================================================================
DEFENSE 3 — §13 GATE 2 — gate2_txn.json
==============================================================================
RES    ID     REQUIREMENT
------ ------ ----------------------------------------------------------
PASS   V-01   trial ran to completion (verdict COMPLETE)
                verdict='COMPLETE'
PASS   V-02   trial asserted a CLEAN START and was not refused
                reasons=[]
PASS   V-03   mandatory cleanup ran (from the `finally`)
                cleanup_synth present=True
PASS   C-R1   dp8 speed == BF_SPEED_25G on BOTH the MAC and the TM
                MAC $SPEED='BF_SPEED_25G', TM scheduling_speed='BF_SPEED_25G'
                (both must be BF_SPEED_25G)
PASS   G-01   one READ
                ARM_FRESH=1 ARM_DUP=0 ARM_BUSY=0
PASS   G-02   one K=64 blocker burst
                PKTGEN_ADMIT=64 (want 64) PKTGEN_DROP=0
PASS   G-03   one ACK admitted to Q_HOLD
                ACK_HOLD=1 ACK_DUP_HOLD=0 ACK_REJECT=0
PASS   G-04   one EARLY RESPONSE admitted behind the ACK
                RESP_HOLD_EARLY=1 (the ACK had not yet been released)
                RESP_HOLD_LATE=0 RESP_BYPASS=0
PASS   G-05   no ACK before t_ACK + D
                hold=8001712 ns, D=8000000.0 ns, raw error=1712.0 ns (must be
                >= 0)
PASS   G-06   no RESPONSE before the ACK
                t_resp_release - t_ack_release = 29 ns (must be > 0; a
                negative value is the wire order INVERTED)
PASS   G-07   ACK released FIRST
                CD_ACK_RELEASE=1 + CD_ACK_REL_RETIRE=0 (E1 partitions the
                releases, so the SUM is the count) = 1, ordering gap=29 ns
PASS   G-08   RESPONSE released SECOND
                RELEASE_DEADLINE=1 RELEASE_FAILOPEN=0 (the two causes
                partition the releases, so the sum is the release count)
PASS   G-09   all blockers terminate (admitted == stale + deadline + budget)
                admitted=64 terminated=64 (stale=0 deadline=64 budget=0)
PASS   G-10   transaction returns clean (generation retired by the released RESPONSE, no drops, no off-topology packets)
                reg_tag BEFORE cleanup = 0x00 (want 0x00 = TAG_INACTIVE);
                BAD_PORT=0 (the trigger CLONE is counted as CLONE_SEEN=1, NOT
                as BAD_PORT); queue drops=[('qid7', 0), ('qid1', 0)]
PASS   C-R2   reservoir standing: t_first_blocker - t_READ < 100000 ns
                t_first_block - t_READ = 717 ns (bound 100000). A LATE
                reservoir is a SILENT ZERO-HOLD: the ACK arrives min 0.400 ms
                after the READ, so an unblocked Q_HOLD releases it immediately
                and every counter still reads normal.
PASS   C-R4   ACK_RELEASE_FAILOPEN == 0
                BLOCK_TERM_TMO + RELEASE_FAILOPEN = 0. Non-zero means the
                reservoir drained on the pass budget B, so the trial measured
                H = B*K/rate, NOT D.
PASS   C-R5   corrected deadline error |hold - (D + K/rate)| <= 1000 ns
                hold=8001712 ns; D=8000000.0 ns; K/rate=1711.230 ns; raw
                error=+1712.000 ns; CORRECTED error=+0.770 ns. The raw error
                carries a deterministic +1711.230 ns bias; reporting it as
                jitter is the default failure of this measurement.
INFO   I-01   READ -> ACK interval (should track the hardware ipg)
                t_ack_arm - t_READ = 500010 ns, ipg = 500000 ns
INFO   I-02   release tail: ACK -> RESPONSE on the wire
                29 ns
INFO   I-03   blocker loops (dp8 traversals consumed)
                CD_BLOCK_LOOP = 316188

MEASURED SEPARATELY (the direction's Gate-2 list)
  t_ACK (deadline armed)                 1707885595 ns
  d_ACK (the armed deadline word)        1715885569 ns
  first deadline termination             1715885587 ns
  final deadline termination             1715887280 ns
  ACK forward commitment                 1715887307 ns
  RESPONSE forward commitment            1715887336 ns
  actual ACK hold                        8001712 ns
  drain (first -> final termination)     1693 ns
  drain tail (final term -> ACK out)     27 ns
  ACK -> RESPONSE separation             29 ns
  READ -> pktgen trigger                 706 ns
  READ -> full K reservoir               1233 ns

DERIVED
  hold_ns                        8001712
  D_ns                           8000000.0
  tau_ns                         1711.2299465240642
  D_plus_tau_ns                  8001711.229946524
  deadline_error_raw_ns          1712.0
  deadline_error_corrected_ns    0.7700534759358106
  reservoir_standing_ns          717
  read_to_ack_ns                 500010
  ack_to_resp_release_ns         29
  blockers_admitted              64
  blockers_terminated            64
  ack_release_failopen           0

VERDICT: PASS

GATE 2 SUMMARY: 1 trial(s), 1 PASS, 0 FAIL
[18:04:15] -------------------------------------------------------------
[18:04:15] GATE 2 COMPLETE — ONE transaction. txn_rc=0 analyzer_rc=0
[18:04:15] evidence: /home/philip/Projects/DNP3/defense3/evidence/ksweep_hold/20260803T175912Z/gate2_20260803T180406Z
[18:04:15] 
[18:04:15] STOPPING HERE BY DESIGN. Gates 3 (five transactions) and 4 (three
[18:04:15] boundary cases) are separate, human-gated steps and are NOT in this script.
[18:04:15] 
[18:04:15] The EXIT trap now restores the known-good state via the proven runner.
[18:04:15] on_exit: rc=0 — running restoration
[18:04:15] D3_SKIP_RESTORE=1 — NOT restoring. The switch is left as this run found
[18:04:15] it, and restoring it is now YOUR responsibility:
[18:04:15]   bash /home/philip/Projects/DNP3/research/case_a_read_anchored_dual_release/run/run_four_queue_oracle.sh --restore-only
[18:04:15] exit 0
[18:04:15] trial K=24 D=8ms B=22596 rep=1
[18:04:15] acquired /tmp/case_a_defense3_gate2.lock (pid 3267037)
[18:04:15] mode=gate2 dryrun=0 prog=case_a_defense3 skip_restore=1
[18:04:16] pre-run switch state: {"n_bf_switchd":1,"pid":"597143","conf":"/home/decps/d3/d3_final_synth.conf","p4_name":"case_a_defense3"}
[18:04:16] === GATE 2: ONE synthetic transaction, then STOP ===
[18:04:16] D=8 ms  budget=22596  scenario=gate2-2timer  ipg=500000 ns  gen=0xC0
[18:04:16] evidence: /home/philip/Projects/DNP3/defense3/evidence/ksweep_hold/20260803T175912Z/gate2_20260803T180415Z
[18:04:16] --- staging /home/philip/Projects/DNP3/defense3/run/poll_defense3.py + the Gate-1 setup module -> decps@10.10.54.81:/home/decps/d3gate2 ---
[18:04:17] --- preflight cleanup + clean assertion ---
[18:04:22] transaction returned rc=0
[18:04:24] --- scoring ---
==============================================================================
DEFENSE 3 — §13 GATE 2 — gate2_txn.json
==============================================================================
RES    ID     REQUIREMENT
------ ------ ----------------------------------------------------------
PASS   V-01   trial ran to completion (verdict COMPLETE)
                verdict='COMPLETE'
PASS   V-02   trial asserted a CLEAN START and was not refused
                reasons=[]
PASS   V-03   mandatory cleanup ran (from the `finally`)
                cleanup_synth present=True
PASS   C-R1   dp8 speed == BF_SPEED_25G on BOTH the MAC and the TM
                MAC $SPEED='BF_SPEED_25G', TM scheduling_speed='BF_SPEED_25G'
                (both must be BF_SPEED_25G)
PASS   G-01   one READ
                ARM_FRESH=1 ARM_DUP=0 ARM_BUSY=0
PASS   G-02   one K=24 blocker burst
                PKTGEN_ADMIT=24 (want 24) PKTGEN_DROP=0
PASS   G-03   one ACK admitted to Q_HOLD
                ACK_HOLD=1 ACK_DUP_HOLD=0 ACK_REJECT=0
FAIL   G-04   one EARLY RESPONSE admitted behind the ACK
                RESP_HOLD_EARLY=0 (the ACK had not yet been released)
                RESP_HOLD_LATE=0 RESP_BYPASS=1
FAIL   G-05   no ACK before t_ACK + D
                hold=607 ns, D=8000000.0 ns, raw error=-7999393.0 ns (must be
                >= 0)
INDETERMINATE G-06   no RESPONSE before the ACK
                t_resp_release - t_ack_release = None ns (must be > 0; a
                negative value is the wire order INVERTED)
INDETERMINATE G-07   ACK released FIRST
                CD_ACK_RELEASE=0 + CD_ACK_REL_RETIRE=1 (E1 partitions the
                releases, so the SUM is the count) = 1, ordering gap=None ns
FAIL   G-08   RESPONSE released SECOND
                RELEASE_DEADLINE=0 RELEASE_FAILOPEN=0 (the two causes
                partition the releases, so the sum is the release count)
PASS   G-09   all blockers terminate (admitted == stale + deadline + budget)
                admitted=24 terminated=24 (stale=24 deadline=0 budget=0)
PASS   G-10   transaction returns clean (generation retired by the released RESPONSE, no drops, no off-topology packets)
                reg_tag BEFORE cleanup = 0x00 (want 0x00 = TAG_INACTIVE);
                BAD_PORT=0 (the trigger CLONE is counted as CLONE_SEEN=1, NOT
                as BAD_PORT); queue drops=[('qid7', 0), ('qid1', 0)]
PASS   C-R2   reservoir standing: t_first_blocker - t_READ < 100000 ns
                t_first_block - t_READ = 715 ns (bound 100000). A LATE
                reservoir is a SILENT ZERO-HOLD: the ACK arrives min 0.400 ms
                after the READ, so an unblocked Q_HOLD releases it immediately
                and every counter still reads normal.
PASS   C-R4   ACK_RELEASE_FAILOPEN == 0
                BLOCK_TERM_TMO + RELEASE_FAILOPEN = 0. Non-zero means the
                reservoir drained on the pass budget B, so the trial measured
                H = B*K/rate, NOT D.
FAIL   C-R5   corrected deadline error |hold - (D + K/rate)| <= 1000 ns
                hold=607 ns; D=8000000.0 ns; K/rate=641.711 ns; raw
                error=-7999393.000 ns; CORRECTED error=-8000034.711 ns. The
                raw error carries a deterministic +641.711 ns bias; reporting
                it as jitter is the default failure of this measurement.
INFO   I-01   READ -> ACK interval (should track the hardware ipg)
                t_ack_arm - t_READ = 500010 ns, ipg = 500000 ns
INFO   I-02   release tail: ACK -> RESPONSE on the wire
                None ns
INFO   I-03   blocker loops (dp8 traversals consumed)
                CD_BLOCK_LOOP = 18580

MEASURED SEPARATELY (the direction's Gate-2 list)
  t_ACK (deadline armed)                 2065381415 ns
  d_ACK (the armed deadline word)        2073381377 ns
  first deadline termination             2065382049 ns
  final deadline termination             2065382667 ns
  ACK forward commitment                 2065382022 ns
  RESPONSE forward commitment            n/a
  actual ACK hold                        607 ns
  drain (first -> final termination)     618 ns
  drain tail (final term -> ACK out)     -645 ns
  ACK -> RESPONSE separation             n/a
  READ -> pktgen trigger                 705 ns
  READ -> full K reservoir               904 ns

DERIVED
  hold_ns                        607
  D_ns                           8000000.0
  tau_ns                         641.7112299465241
  D_plus_tau_ns                  8000641.711229946
  deadline_error_raw_ns          -7999393.0
  deadline_error_corrected_ns    -8000034.711229946
  reservoir_standing_ns          715
  read_to_ack_ns                 500010
  ack_to_resp_release_ns         None
  blockers_admitted              24
  blockers_terminated            24
  ack_release_failopen           0

VERDICT: FAIL

GATE 2 SUMMARY: 1 trial(s), 0 PASS, 1 FAIL
[18:04:24] -------------------------------------------------------------
[18:04:24] GATE 2 COMPLETE — ONE transaction. txn_rc=0 analyzer_rc=1
[18:04:24] evidence: /home/philip/Projects/DNP3/defense3/evidence/ksweep_hold/20260803T175912Z/gate2_20260803T180415Z
[18:04:24] 
[18:04:24] STOPPING HERE BY DESIGN. Gates 3 (five transactions) and 4 (three
[18:04:24] boundary cases) are separate, human-gated steps and are NOT in this script.
[18:04:24] 
[18:04:24] The EXIT trap now restores the known-good state via the proven runner.
[18:04:24] on_exit: rc=1 — running restoration
[18:04:24] D3_SKIP_RESTORE=1 — NOT restoring. The switch is left as this run found
[18:04:24] it, and restoring it is now YOUR responsibility:
[18:04:24]   bash /home/philip/Projects/DNP3/research/case_a_read_anchored_dual_release/run/run_four_queue_oracle.sh --restore-only
[18:04:24] exit 1
[18:04:24] trial K=16 D=8ms B=33894 rep=1
[18:04:24] acquired /tmp/case_a_defense3_gate2.lock (pid 3267230)
[18:04:24] mode=gate2 dryrun=0 prog=case_a_defense3 skip_restore=1
[18:04:24] pre-run switch state: {"n_bf_switchd":1,"pid":"597143","conf":"/home/decps/d3/d3_final_synth.conf","p4_name":"case_a_defense3"}
[18:04:24] === GATE 2: ONE synthetic transaction, then STOP ===
[18:04:24] D=8 ms  budget=33894  scenario=gate2-2timer  ipg=500000 ns  gen=0xC0
[18:04:24] evidence: /home/philip/Projects/DNP3/defense3/evidence/ksweep_hold/20260803T175912Z/gate2_20260803T180424Z
[18:04:24] --- staging /home/philip/Projects/DNP3/defense3/run/poll_defense3.py + the Gate-1 setup module -> decps@10.10.54.81:/home/decps/d3gate2 ---
[18:04:26] --- preflight cleanup + clean assertion ---
[18:04:31] transaction returned rc=0
[18:04:32] --- scoring ---
==============================================================================
DEFENSE 3 — §13 GATE 2 — gate2_txn.json
==============================================================================
RES    ID     REQUIREMENT
------ ------ ----------------------------------------------------------
PASS   V-01   trial ran to completion (verdict COMPLETE)
                verdict='COMPLETE'
PASS   V-02   trial asserted a CLEAN START and was not refused
                reasons=[]
PASS   V-03   mandatory cleanup ran (from the `finally`)
                cleanup_synth present=True
PASS   C-R1   dp8 speed == BF_SPEED_25G on BOTH the MAC and the TM
                MAC $SPEED='BF_SPEED_25G', TM scheduling_speed='BF_SPEED_25G'
                (both must be BF_SPEED_25G)
PASS   G-01   one READ
                ARM_FRESH=1 ARM_DUP=0 ARM_BUSY=0
PASS   G-02   one K=16 blocker burst
                PKTGEN_ADMIT=16 (want 16) PKTGEN_DROP=0
PASS   G-03   one ACK admitted to Q_HOLD
                ACK_HOLD=1 ACK_DUP_HOLD=0 ACK_REJECT=0
FAIL   G-04   one EARLY RESPONSE admitted behind the ACK
                RESP_HOLD_EARLY=0 (the ACK had not yet been released)
                RESP_HOLD_LATE=0 RESP_BYPASS=1
FAIL   G-05   no ACK before t_ACK + D
                hold=496 ns, D=8000000.0 ns, raw error=-7999504.0 ns (must be
                >= 0)
INDETERMINATE G-06   no RESPONSE before the ACK
                t_resp_release - t_ack_release = None ns (must be > 0; a
                negative value is the wire order INVERTED)
INDETERMINATE G-07   ACK released FIRST
                CD_ACK_RELEASE=0 + CD_ACK_REL_RETIRE=1 (E1 partitions the
                releases, so the SUM is the count) = 1, ordering gap=None ns
FAIL   G-08   RESPONSE released SECOND
                RELEASE_DEADLINE=0 RELEASE_FAILOPEN=0 (the two causes
                partition the releases, so the sum is the release count)
PASS   G-09   all blockers terminate (admitted == stale + deadline + budget)
                admitted=16 terminated=16 (stale=16 deadline=0 budget=0)
PASS   G-10   transaction returns clean (generation retired by the released RESPONSE, no drops, no off-topology packets)
                reg_tag BEFORE cleanup = 0x00 (want 0x00 = TAG_INACTIVE);
                BAD_PORT=0 (the trigger CLONE is counted as CLONE_SEEN=1, NOT
                as BAD_PORT); queue drops=[('qid7', 0), ('qid1', 0)]
PASS   C-R2   reservoir standing: t_first_blocker - t_READ < 100000 ns
                t_first_block - t_READ = 716 ns (bound 100000). A LATE
                reservoir is a SILENT ZERO-HOLD: the ACK arrives min 0.400 ms
                after the READ, so an unblocked Q_HOLD releases it immediately
                and every counter still reads normal.
PASS   C-R4   ACK_RELEASE_FAILOPEN == 0
                BLOCK_TERM_TMO + RELEASE_FAILOPEN = 0. Non-zero means the
                reservoir drained on the pass budget B, so the trial measured
                H = B*K/rate, NOT D.
FAIL   C-R5   corrected deadline error |hold - (D + K/rate)| <= 1000 ns
                hold=496 ns; D=8000000.0 ns; K/rate=427.807 ns; raw
                error=-7999504.000 ns; CORRECTED error=-7999931.807 ns. The
                raw error carries a deterministic +427.807 ns bias; reporting
                it as jitter is the default failure of this measurement.
INFO   I-01   READ -> ACK interval (should track the hardware ipg)
                t_ack_arm - t_READ = 500010 ns, ipg = 500000 ns
INFO   I-02   release tail: ACK -> RESPONSE on the wire
                None ns
INFO   I-03   blocker loops (dp8 traversals consumed)
                CD_BLOCK_LOOP = 14972

MEASURED SEPARATELY (the direction's Gate-2 list)
  t_ACK (deadline armed)                 2378662170 ns
  d_ACK (the armed deadline word)        2386662145 ns
  first deadline termination             2378662692 ns
  final deadline termination             2378663168 ns
  ACK forward commitment                 2378662666 ns
  RESPONSE forward commitment            n/a
  actual ACK hold                        496 ns
  drain (first -> final termination)     476 ns
  drain tail (final term -> ACK out)     -502 ns
  ACK -> RESPONSE separation             n/a
  READ -> pktgen trigger                 706 ns
  READ -> full K reservoir               839 ns

DERIVED
  hold_ns                        496
  D_ns                           8000000.0
  tau_ns                         427.80748663101605
  D_plus_tau_ns                  8000427.807486631
  deadline_error_raw_ns          -7999504.0
  deadline_error_corrected_ns    -7999931.807486631
  reservoir_standing_ns          716
  read_to_ack_ns                 500010
  ack_to_resp_release_ns         None
  blockers_admitted              16
  blockers_terminated            16
  ack_release_failopen           0

VERDICT: FAIL

GATE 2 SUMMARY: 1 trial(s), 0 PASS, 1 FAIL
[18:04:33] -------------------------------------------------------------
[18:04:33] GATE 2 COMPLETE — ONE transaction. txn_rc=0 analyzer_rc=1
[18:04:33] evidence: /home/philip/Projects/DNP3/defense3/evidence/ksweep_hold/20260803T175912Z/gate2_20260803T180424Z
[18:04:33] 
[18:04:33] STOPPING HERE BY DESIGN. Gates 3 (five transactions) and 4 (three
[18:04:33] boundary cases) are separate, human-gated steps and are NOT in this script.
[18:04:33] 
[18:04:33] The EXIT trap now restores the known-good state via the proven runner.
[18:04:33] on_exit: rc=1 — running restoration
[18:04:33] D3_SKIP_RESTORE=1 — NOT restoring. The switch is left as this run found
[18:04:33] it, and restoring it is now YOUR responsibility:
[18:04:33]   bash /home/philip/Projects/DNP3/research/case_a_read_anchored_dual_release/run/run_four_queue_oracle.sh --restore-only
[18:04:33] exit 1
[18:04:33] trial K=12 D=8ms B=45192 rep=1
[18:04:33] acquired /tmp/case_a_defense3_gate2.lock (pid 3267373)
[18:04:33] mode=gate2 dryrun=0 prog=case_a_defense3 skip_restore=1
[18:04:33] pre-run switch state: {"n_bf_switchd":1,"pid":"597143","conf":"/home/decps/d3/d3_final_synth.conf","p4_name":"case_a_defense3"}
[18:04:33] === GATE 2: ONE synthetic transaction, then STOP ===
[18:04:33] D=8 ms  budget=45192  scenario=gate2-2timer  ipg=500000 ns  gen=0xC0
[18:04:33] evidence: /home/philip/Projects/DNP3/defense3/evidence/ksweep_hold/20260803T175912Z/gate2_20260803T180433Z
[18:04:33] --- staging /home/philip/Projects/DNP3/defense3/run/poll_defense3.py + the Gate-1 setup module -> decps@10.10.54.81:/home/decps/d3gate2 ---
[18:04:35] --- preflight cleanup + clean assertion ---
[18:04:40] transaction returned rc=0
[18:04:41] --- scoring ---
==============================================================================
DEFENSE 3 — §13 GATE 2 — gate2_txn.json
==============================================================================
RES    ID     REQUIREMENT
------ ------ ----------------------------------------------------------
PASS   V-01   trial ran to completion (verdict COMPLETE)
                verdict='COMPLETE'
PASS   V-02   trial asserted a CLEAN START and was not refused
                reasons=[]
PASS   V-03   mandatory cleanup ran (from the `finally`)
                cleanup_synth present=True
PASS   C-R1   dp8 speed == BF_SPEED_25G on BOTH the MAC and the TM
                MAC $SPEED='BF_SPEED_25G', TM scheduling_speed='BF_SPEED_25G'
                (both must be BF_SPEED_25G)
PASS   G-01   one READ
                ARM_FRESH=1 ARM_DUP=0 ARM_BUSY=0
PASS   G-02   one K=12 blocker burst
                PKTGEN_ADMIT=12 (want 12) PKTGEN_DROP=0
PASS   G-03   one ACK admitted to Q_HOLD
                ACK_HOLD=1 ACK_DUP_HOLD=0 ACK_REJECT=0
FAIL   G-04   one EARLY RESPONSE admitted behind the ACK
                RESP_HOLD_EARLY=0 (the ACK had not yet been released)
                RESP_HOLD_LATE=0 RESP_BYPASS=1
FAIL   G-05   no ACK before t_ACK + D
                hold=497 ns, D=8000000.0 ns, raw error=-7999503.0 ns (must be
                >= 0)
INDETERMINATE G-06   no RESPONSE before the ACK
                t_resp_release - t_ack_release = None ns (must be > 0; a
                negative value is the wire order INVERTED)
INDETERMINATE G-07   ACK released FIRST
                CD_ACK_RELEASE=0 + CD_ACK_REL_RETIRE=1 (E1 partitions the
                releases, so the SUM is the count) = 1, ordering gap=None ns
FAIL   G-08   RESPONSE released SECOND
                RELEASE_DEADLINE=0 RELEASE_FAILOPEN=0 (the two causes
                partition the releases, so the sum is the release count)
PASS   G-09   all blockers terminate (admitted == stale + deadline + budget)
                admitted=12 terminated=12 (stale=12 deadline=0 budget=0)
PASS   G-10   transaction returns clean (generation retired by the released RESPONSE, no drops, no off-topology packets)
                reg_tag BEFORE cleanup = 0x00 (want 0x00 = TAG_INACTIVE);
                BAD_PORT=0 (the trigger CLONE is counted as CLONE_SEEN=1, NOT
                as BAD_PORT); queue drops=[('qid7', 0), ('qid1', 0)]
PASS   C-R2   reservoir standing: t_first_blocker - t_READ < 100000 ns
                t_first_block - t_READ = 716 ns (bound 100000). A LATE
                reservoir is a SILENT ZERO-HOLD: the ACK arrives min 0.400 ms
                after the READ, so an unblocked Q_HOLD releases it immediately
                and every counter still reads normal.
PASS   C-R4   ACK_RELEASE_FAILOPEN == 0
                BLOCK_TERM_TMO + RELEASE_FAILOPEN = 0. Non-zero means the
                reservoir drained on the pass budget B, so the trial measured
                H = B*K/rate, NOT D.
FAIL   C-R5   corrected deadline error |hold - (D + K/rate)| <= 1000 ns
                hold=497 ns; D=8000000.0 ns; K/rate=320.856 ns; raw
                error=-7999503.000 ns; CORRECTED error=-7999823.856 ns. The
                raw error carries a deterministic +320.856 ns bias; reporting
                it as jitter is the default failure of this measurement.
INFO   I-01   READ -> ACK interval (should track the hardware ipg)
                t_ack_arm - t_READ = 500009 ns, ipg = 500000 ns
INFO   I-02   release tail: ACK -> RESPONSE on the wire
                None ns
INFO   I-03   blocker loops (dp8 traversals consumed)
                CD_BLOCK_LOOP = 11232

MEASURED SEPARATELY (the direction's Gate-2 list)
  t_ACK (deadline armed)                 2726411695 ns
  d_ACK (the armed deadline word)        2734411521 ns
  first deadline termination             2726412220 ns
  final deadline termination             2726412576 ns
  ACK forward commitment                 2726412192 ns
  RESPONSE forward commitment            n/a
  actual ACK hold                        497 ns
  drain (first -> final termination)     356 ns
  drain tail (final term -> ACK out)     -384 ns
  ACK -> RESPONSE separation             n/a
  READ -> pktgen trigger                 705 ns
  READ -> full K reservoir               806 ns

DERIVED
  hold_ns                        497
  D_ns                           8000000.0
  tau_ns                         320.85561497326205
  D_plus_tau_ns                  8000320.855614973
  deadline_error_raw_ns          -7999503.0
  deadline_error_corrected_ns    -7999823.855614973
  reservoir_standing_ns          716
  read_to_ack_ns                 500009
  ack_to_resp_release_ns         None
  blockers_admitted              12
  blockers_terminated            12
  ack_release_failopen           0

VERDICT: FAIL

GATE 2 SUMMARY: 1 trial(s), 0 PASS, 1 FAIL
[18:04:41] -------------------------------------------------------------
[18:04:41] GATE 2 COMPLETE — ONE transaction. txn_rc=0 analyzer_rc=1
[18:04:41] evidence: /home/philip/Projects/DNP3/defense3/evidence/ksweep_hold/20260803T175912Z/gate2_20260803T180433Z
[18:04:41] 
[18:04:41] STOPPING HERE BY DESIGN. Gates 3 (five transactions) and 4 (three
[18:04:41] boundary cases) are separate, human-gated steps and are NOT in this script.
[18:04:41] 
[18:04:41] The EXIT trap now restores the known-good state via the proven runner.
[18:04:41] on_exit: rc=1 — running restoration
[18:04:41] D3_SKIP_RESTORE=1 — NOT restoring. The switch is left as this run found
[18:04:41] it, and restoring it is now YOUR responsibility:
[18:04:41]   bash /home/philip/Projects/DNP3/research/case_a_read_anchored_dual_release/run/run_four_queue_oracle.sh --restore-only
[18:04:41] exit 1
[18:04:41] trial K=8 D=8ms B=67788 rep=1
[18:04:41] acquired /tmp/case_a_defense3_gate2.lock (pid 3267528)
[18:04:41] mode=gate2 dryrun=0 prog=case_a_defense3 skip_restore=1
[18:04:42] pre-run switch state: {"n_bf_switchd":1,"pid":"597143","conf":"/home/decps/d3/d3_final_synth.conf","p4_name":"case_a_defense3"}
[18:04:42] === GATE 2: ONE synthetic transaction, then STOP ===
[18:04:42] D=8 ms  budget=67788  scenario=gate2-2timer  ipg=500000 ns  gen=0xC0
[18:04:42] evidence: /home/philip/Projects/DNP3/defense3/evidence/ksweep_hold/20260803T175912Z/gate2_20260803T180441Z
[18:04:42] --- staging /home/philip/Projects/DNP3/defense3/run/poll_defense3.py + the Gate-1 setup module -> decps@10.10.54.81:/home/decps/d3gate2 ---
[18:04:44] --- preflight cleanup + clean assertion ---
[18:04:49] transaction returned rc=0
[18:04:50] --- scoring ---
==============================================================================
DEFENSE 3 — §13 GATE 2 — gate2_txn.json
==============================================================================
RES    ID     REQUIREMENT
------ ------ ----------------------------------------------------------
PASS   V-01   trial ran to completion (verdict COMPLETE)
                verdict='COMPLETE'
PASS   V-02   trial asserted a CLEAN START and was not refused
                reasons=[]
PASS   V-03   mandatory cleanup ran (from the `finally`)
                cleanup_synth present=True
PASS   C-R1   dp8 speed == BF_SPEED_25G on BOTH the MAC and the TM
                MAC $SPEED='BF_SPEED_25G', TM scheduling_speed='BF_SPEED_25G'
                (both must be BF_SPEED_25G)
PASS   G-01   one READ
                ARM_FRESH=1 ARM_DUP=0 ARM_BUSY=0
PASS   G-02   one K=8 blocker burst
                PKTGEN_ADMIT=8 (want 8) PKTGEN_DROP=0
PASS   G-03   one ACK admitted to Q_HOLD
                ACK_HOLD=1 ACK_DUP_HOLD=0 ACK_REJECT=0
FAIL   G-04   one EARLY RESPONSE admitted behind the ACK
                RESP_HOLD_EARLY=0 (the ACK had not yet been released)
                RESP_HOLD_LATE=0 RESP_BYPASS=1
FAIL   G-05   no ACK before t_ACK + D
                hold=495 ns, D=8000000.0 ns, raw error=-7999505.0 ns (must be
                >= 0)
INDETERMINATE G-06   no RESPONSE before the ACK
                t_resp_release - t_ack_release = None ns (must be > 0; a
                negative value is the wire order INVERTED)
INDETERMINATE G-07   ACK released FIRST
                CD_ACK_RELEASE=0 + CD_ACK_REL_RETIRE=1 (E1 partitions the
                releases, so the SUM is the count) = 1, ordering gap=None ns
FAIL   G-08   RESPONSE released SECOND
                RELEASE_DEADLINE=0 RELEASE_FAILOPEN=0 (the two causes
                partition the releases, so the sum is the release count)
PASS   G-09   all blockers terminate (admitted == stale + deadline + budget)
                admitted=8 terminated=8 (stale=8 deadline=0 budget=0)
PASS   G-10   transaction returns clean (generation retired by the released RESPONSE, no drops, no off-topology packets)
                reg_tag BEFORE cleanup = 0x00 (want 0x00 = TAG_INACTIVE);
                BAD_PORT=0 (the trigger CLONE is counted as CLONE_SEEN=1, NOT
                as BAD_PORT); queue drops=[('qid7', 0), ('qid1', 0)]
PASS   C-R2   reservoir standing: t_first_blocker - t_READ < 100000 ns
                t_first_block - t_READ = 716 ns (bound 100000). A LATE
                reservoir is a SILENT ZERO-HOLD: the ACK arrives min 0.400 ms
                after the READ, so an unblocked Q_HOLD releases it immediately
                and every counter still reads normal.
PASS   C-R4   ACK_RELEASE_FAILOPEN == 0
                BLOCK_TERM_TMO + RELEASE_FAILOPEN = 0. Non-zero means the
                reservoir drained on the pass budget B, so the trial measured
                H = B*K/rate, NOT D.
FAIL   C-R5   corrected deadline error |hold - (D + K/rate)| <= 1000 ns
                hold=495 ns; D=8000000.0 ns; K/rate=213.904 ns; raw
                error=-7999505.000 ns; CORRECTED error=-7999718.904 ns. The
                raw error carries a deterministic +213.904 ns bias; reporting
                it as jitter is the default failure of this measurement.
INFO   I-01   READ -> ACK interval (should track the hardware ipg)
                t_ack_arm - t_READ = 500010 ns, ipg = 500000 ns
INFO   I-02   release tail: ACK -> RESPONSE on the wire
                None ns
INFO   I-03   blocker loops (dp8 traversals consumed)
                CD_BLOCK_LOOP = 7492

MEASURED SEPARATELY (the direction's Gate-2 list)
  t_ACK (deadline armed)                 3081239058 ns
  d_ACK (the armed deadline word)        3089239041 ns
  first deadline termination             3081239582 ns
  final deadline termination             3081240051 ns
  ACK forward commitment                 3081239553 ns
  RESPONSE forward commitment            n/a
  actual ACK hold                        495 ns
  drain (first -> final termination)     469 ns
  drain tail (final term -> ACK out)     -498 ns
  ACK -> RESPONSE separation             n/a
  READ -> pktgen trigger                 706 ns
  READ -> full K reservoir               774 ns

DERIVED
  hold_ns                        495
  D_ns                           8000000.0
  tau_ns                         213.90374331550802
  D_plus_tau_ns                  8000213.9037433155
  deadline_error_raw_ns          -7999505.0
  deadline_error_corrected_ns    -7999718.9037433155
  reservoir_standing_ns          716
  read_to_ack_ns                 500010
  ack_to_resp_release_ns         None
  blockers_admitted              8
  blockers_terminated            8
  ack_release_failopen           0

VERDICT: FAIL

GATE 2 SUMMARY: 1 trial(s), 0 PASS, 1 FAIL
[18:04:50] -------------------------------------------------------------
[18:04:50] GATE 2 COMPLETE — ONE transaction. txn_rc=0 analyzer_rc=1
[18:04:50] evidence: /home/philip/Projects/DNP3/defense3/evidence/ksweep_hold/20260803T175912Z/gate2_20260803T180441Z
[18:04:50] 
[18:04:50] STOPPING HERE BY DESIGN. Gates 3 (five transactions) and 4 (three
[18:04:50] boundary cases) are separate, human-gated steps and are NOT in this script.
[18:04:50] 
[18:04:50] The EXIT trap now restores the known-good state via the proven runner.
[18:04:50] on_exit: rc=1 — running restoration
[18:04:50] D3_SKIP_RESTORE=1 — NOT restoring. The switch is left as this run found
[18:04:50] it, and restoring it is now YOUR responsibility:
[18:04:50]   bash /home/philip/Projects/DNP3/research/case_a_read_anchored_dual_release/run/run_four_queue_oracle.sh --restore-only
[18:04:50] exit 1
[18:04:50] trial K=64 D=8ms B=18000 rep=2
[18:04:50] acquired /tmp/case_a_defense3_gate2.lock (pid 3267671)
[18:04:50] mode=gate2 dryrun=0 prog=case_a_defense3 skip_restore=1
[18:04:51] pre-run switch state: {"n_bf_switchd":1,"pid":"597143","conf":"/home/decps/d3/d3_final_synth.conf","p4_name":"case_a_defense3"}
[18:04:51] === GATE 2: ONE synthetic transaction, then STOP ===
[18:04:51] D=8 ms  budget=18000  scenario=gate2-2timer  ipg=500000 ns  gen=0xC0
[18:04:51] evidence: /home/philip/Projects/DNP3/defense3/evidence/ksweep_hold/20260803T175912Z/gate2_20260803T180450Z
[18:04:51] --- staging /home/philip/Projects/DNP3/defense3/run/poll_defense3.py + the Gate-1 setup module -> decps@10.10.54.81:/home/decps/d3gate2 ---
[18:04:53] --- preflight cleanup + clean assertion ---
[18:04:58] transaction returned rc=0
[18:04:59] --- scoring ---
==============================================================================
DEFENSE 3 — §13 GATE 2 — gate2_txn.json
==============================================================================
RES    ID     REQUIREMENT
------ ------ ----------------------------------------------------------
PASS   V-01   trial ran to completion (verdict COMPLETE)
                verdict='COMPLETE'
PASS   V-02   trial asserted a CLEAN START and was not refused
                reasons=[]
PASS   V-03   mandatory cleanup ran (from the `finally`)
                cleanup_synth present=True
PASS   C-R1   dp8 speed == BF_SPEED_25G on BOTH the MAC and the TM
                MAC $SPEED='BF_SPEED_25G', TM scheduling_speed='BF_SPEED_25G'
                (both must be BF_SPEED_25G)
PASS   G-01   one READ
                ARM_FRESH=1 ARM_DUP=0 ARM_BUSY=0
PASS   G-02   one K=64 blocker burst
                PKTGEN_ADMIT=64 (want 64) PKTGEN_DROP=0
PASS   G-03   one ACK admitted to Q_HOLD
                ACK_HOLD=1 ACK_DUP_HOLD=0 ACK_REJECT=0
PASS   G-04   one EARLY RESPONSE admitted behind the ACK
                RESP_HOLD_EARLY=1 (the ACK had not yet been released)
                RESP_HOLD_LATE=0 RESP_BYPASS=0
PASS   G-05   no ACK before t_ACK + D
                hold=8001633 ns, D=8000000.0 ns, raw error=1633.0 ns (must be
                >= 0)
PASS   G-06   no RESPONSE before the ACK
                t_resp_release - t_ack_release = 29 ns (must be > 0; a
                negative value is the wire order INVERTED)
PASS   G-07   ACK released FIRST
                CD_ACK_RELEASE=1 + CD_ACK_REL_RETIRE=0 (E1 partitions the
                releases, so the SUM is the count) = 1, ordering gap=29 ns
PASS   G-08   RESPONSE released SECOND
                RELEASE_DEADLINE=1 RELEASE_FAILOPEN=0 (the two causes
                partition the releases, so the sum is the release count)
PASS   G-09   all blockers terminate (admitted == stale + deadline + budget)
                admitted=64 terminated=64 (stale=0 deadline=64 budget=0)
PASS   G-10   transaction returns clean (generation retired by the released RESPONSE, no drops, no off-topology packets)
                reg_tag BEFORE cleanup = 0x00 (want 0x00 = TAG_INACTIVE);
                BAD_PORT=0 (the trigger CLONE is counted as CLONE_SEEN=1, NOT
                as BAD_PORT); queue drops=[('qid7', 0), ('qid1', 0)]
PASS   C-R2   reservoir standing: t_first_blocker - t_READ < 100000 ns
                t_first_block - t_READ = 714 ns (bound 100000). A LATE
                reservoir is a SILENT ZERO-HOLD: the ACK arrives min 0.400 ms
                after the READ, so an unblocked Q_HOLD releases it immediately
                and every counter still reads normal.
PASS   C-R4   ACK_RELEASE_FAILOPEN == 0
                BLOCK_TERM_TMO + RELEASE_FAILOPEN = 0. Non-zero means the
                reservoir drained on the pass budget B, so the trial measured
                H = B*K/rate, NOT D.
PASS   C-R5   corrected deadline error |hold - (D + K/rate)| <= 1000 ns
                hold=8001633 ns; D=8000000.0 ns; K/rate=1711.230 ns; raw
                error=+1633.000 ns; CORRECTED error=-78.230 ns. The raw error
                carries a deterministic +1711.230 ns bias; reporting it as
                jitter is the default failure of this measurement.
INFO   I-01   READ -> ACK interval (should track the hardware ipg)
                t_ack_arm - t_READ = 500009 ns, ipg = 500000 ns
INFO   I-02   release tail: ACK -> RESPONSE on the wire
                29 ns
INFO   I-03   blocker loops (dp8 traversals consumed)
                CD_BLOCK_LOOP = 316185

MEASURED SEPARATELY (the direction's Gate-2 list)
  t_ACK (deadline armed)                 3398739820 ns
  d_ACK (the armed deadline word)        3406739713 ns
  first deadline termination             3406739734 ns
  final deadline termination             3406741425 ns
  ACK forward commitment                 3406741453 ns
  RESPONSE forward commitment            3406741482 ns
  actual ACK hold                        8001633 ns
  drain (first -> final termination)     1691 ns
  drain tail (final term -> ACK out)     28 ns
  ACK -> RESPONSE separation             29 ns
  READ -> pktgen trigger                 704 ns
  READ -> full K reservoir               1231 ns

DERIVED
  hold_ns                        8001633
  D_ns                           8000000.0
  tau_ns                         1711.2299465240642
  D_plus_tau_ns                  8001711.229946524
  deadline_error_raw_ns          1633.0
  deadline_error_corrected_ns    -78.22994652406419
  reservoir_standing_ns          714
  read_to_ack_ns                 500009
  ack_to_resp_release_ns         29
  blockers_admitted              64
  blockers_terminated            64
  ack_release_failopen           0

VERDICT: PASS

GATE 2 SUMMARY: 1 trial(s), 1 PASS, 0 FAIL
[18:04:59] -------------------------------------------------------------
[18:04:59] GATE 2 COMPLETE — ONE transaction. txn_rc=0 analyzer_rc=0
[18:04:59] evidence: /home/philip/Projects/DNP3/defense3/evidence/ksweep_hold/20260803T175912Z/gate2_20260803T180450Z
[18:04:59] 
[18:04:59] STOPPING HERE BY DESIGN. Gates 3 (five transactions) and 4 (three
[18:04:59] boundary cases) are separate, human-gated steps and are NOT in this script.
[18:04:59] 
[18:04:59] The EXIT trap now restores the known-good state via the proven runner.
[18:04:59] on_exit: rc=0 — running restoration
[18:04:59] D3_SKIP_RESTORE=1 — NOT restoring. The switch is left as this run found
[18:04:59] it, and restoring it is now YOUR responsibility:
[18:04:59]   bash /home/philip/Projects/DNP3/research/case_a_read_anchored_dual_release/run/run_four_queue_oracle.sh --restore-only
[18:04:59] exit 0
[18:04:59] trial K=24 D=8ms B=22596 rep=2
[18:04:59] acquired /tmp/case_a_defense3_gate2.lock (pid 3267815)
[18:04:59] mode=gate2 dryrun=0 prog=case_a_defense3 skip_restore=1
[18:05:00] pre-run switch state: {"n_bf_switchd":1,"pid":"597143","conf":"/home/decps/d3/d3_final_synth.conf","p4_name":"case_a_defense3"}
[18:05:00] === GATE 2: ONE synthetic transaction, then STOP ===
[18:05:00] D=8 ms  budget=22596  scenario=gate2-2timer  ipg=500000 ns  gen=0xC0
[18:05:00] evidence: /home/philip/Projects/DNP3/defense3/evidence/ksweep_hold/20260803T175912Z/gate2_20260803T180459Z
[18:05:00] --- staging /home/philip/Projects/DNP3/defense3/run/poll_defense3.py + the Gate-1 setup module -> decps@10.10.54.81:/home/decps/d3gate2 ---
[18:05:02] --- preflight cleanup + clean assertion ---
[18:05:07] transaction returned rc=0
[18:05:08] --- scoring ---
==============================================================================
DEFENSE 3 — §13 GATE 2 — gate2_txn.json
==============================================================================
RES    ID     REQUIREMENT
------ ------ ----------------------------------------------------------
PASS   V-01   trial ran to completion (verdict COMPLETE)
                verdict='COMPLETE'
PASS   V-02   trial asserted a CLEAN START and was not refused
                reasons=[]
PASS   V-03   mandatory cleanup ran (from the `finally`)
                cleanup_synth present=True
PASS   C-R1   dp8 speed == BF_SPEED_25G on BOTH the MAC and the TM
                MAC $SPEED='BF_SPEED_25G', TM scheduling_speed='BF_SPEED_25G'
                (both must be BF_SPEED_25G)
PASS   G-01   one READ
                ARM_FRESH=1 ARM_DUP=0 ARM_BUSY=0
PASS   G-02   one K=24 blocker burst
                PKTGEN_ADMIT=24 (want 24) PKTGEN_DROP=0
PASS   G-03   one ACK admitted to Q_HOLD
                ACK_HOLD=1 ACK_DUP_HOLD=0 ACK_REJECT=0
FAIL   G-04   one EARLY RESPONSE admitted behind the ACK
                RESP_HOLD_EARLY=0 (the ACK had not yet been released)
                RESP_HOLD_LATE=0 RESP_BYPASS=1
FAIL   G-05   no ACK before t_ACK + D
                hold=605 ns, D=8000000.0 ns, raw error=-7999395.0 ns (must be
                >= 0)
INDETERMINATE G-06   no RESPONSE before the ACK
                t_resp_release - t_ack_release = None ns (must be > 0; a
                negative value is the wire order INVERTED)
INDETERMINATE G-07   ACK released FIRST
                CD_ACK_RELEASE=0 + CD_ACK_REL_RETIRE=1 (E1 partitions the
                releases, so the SUM is the count) = 1, ordering gap=None ns
FAIL   G-08   RESPONSE released SECOND
                RELEASE_DEADLINE=0 RELEASE_FAILOPEN=0 (the two causes
                partition the releases, so the sum is the release count)
PASS   G-09   all blockers terminate (admitted == stale + deadline + budget)
                admitted=24 terminated=24 (stale=24 deadline=0 budget=0)
PASS   G-10   transaction returns clean (generation retired by the released RESPONSE, no drops, no off-topology packets)
                reg_tag BEFORE cleanup = 0x00 (want 0x00 = TAG_INACTIVE);
                BAD_PORT=0 (the trigger CLONE is counted as CLONE_SEEN=1, NOT
                as BAD_PORT); queue drops=[('qid7', 0), ('qid1', 0)]
PASS   C-R2   reservoir standing: t_first_blocker - t_READ < 100000 ns
                t_first_block - t_READ = 715 ns (bound 100000). A LATE
                reservoir is a SILENT ZERO-HOLD: the ACK arrives min 0.400 ms
                after the READ, so an unblocked Q_HOLD releases it immediately
                and every counter still reads normal.
PASS   C-R4   ACK_RELEASE_FAILOPEN == 0
                BLOCK_TERM_TMO + RELEASE_FAILOPEN = 0. Non-zero means the
                reservoir drained on the pass budget B, so the trial measured
                H = B*K/rate, NOT D.
FAIL   C-R5   corrected deadline error |hold - (D + K/rate)| <= 1000 ns
                hold=605 ns; D=8000000.0 ns; K/rate=641.711 ns; raw
                error=-7999395.000 ns; CORRECTED error=-8000036.711 ns. The
                raw error carries a deterministic +641.711 ns bias; reporting
                it as jitter is the default failure of this measurement.
INFO   I-01   READ -> ACK interval (should track the hardware ipg)
                t_ack_arm - t_READ = 500010 ns, ipg = 500000 ns
INFO   I-02   release tail: ACK -> RESPONSE on the wire
                None ns
INFO   I-03   blocker loops (dp8 traversals consumed)
                CD_BLOCK_LOOP = 18580

MEASURED SEPARATELY (the direction's Gate-2 list)
  t_ACK (deadline armed)                 3783877059 ns
  d_ACK (the armed deadline word)        3791876865 ns
  first deadline termination             3783877694 ns
  final deadline termination             3783878311 ns
  ACK forward commitment                 3783877664 ns
  RESPONSE forward commitment            n/a
  actual ACK hold                        605 ns
  drain (first -> final termination)     617 ns
  drain tail (final term -> ACK out)     -647 ns
  ACK -> RESPONSE separation             n/a
  READ -> pktgen trigger                 705 ns
  READ -> full K reservoir               904 ns

DERIVED
  hold_ns                        605
  D_ns                           8000000.0
  tau_ns                         641.7112299465241
  D_plus_tau_ns                  8000641.711229946
  deadline_error_raw_ns          -7999395.0
  deadline_error_corrected_ns    -8000036.711229946
  reservoir_standing_ns          715
  read_to_ack_ns                 500010
  ack_to_resp_release_ns         None
  blockers_admitted              24
  blockers_terminated            24
  ack_release_failopen           0

VERDICT: FAIL

GATE 2 SUMMARY: 1 trial(s), 0 PASS, 1 FAIL
[18:05:08] -------------------------------------------------------------
[18:05:08] GATE 2 COMPLETE — ONE transaction. txn_rc=0 analyzer_rc=1
[18:05:08] evidence: /home/philip/Projects/DNP3/defense3/evidence/ksweep_hold/20260803T175912Z/gate2_20260803T180459Z
[18:05:08] 
[18:05:08] STOPPING HERE BY DESIGN. Gates 3 (five transactions) and 4 (three
[18:05:08] boundary cases) are separate, human-gated steps and are NOT in this script.
[18:05:08] 
[18:05:08] The EXIT trap now restores the known-good state via the proven runner.
[18:05:08] on_exit: rc=1 — running restoration
[18:05:08] D3_SKIP_RESTORE=1 — NOT restoring. The switch is left as this run found
[18:05:08] it, and restoring it is now YOUR responsibility:
[18:05:08]   bash /home/philip/Projects/DNP3/research/case_a_read_anchored_dual_release/run/run_four_queue_oracle.sh --restore-only
[18:05:08] exit 1
[18:05:08] trial K=16 D=8ms B=33894 rep=2
[18:05:08] acquired /tmp/case_a_defense3_gate2.lock (pid 3268092)
[18:05:08] mode=gate2 dryrun=0 prog=case_a_defense3 skip_restore=1
[18:05:09] pre-run switch state: {"n_bf_switchd":1,"pid":"597143","conf":"/home/decps/d3/d3_final_synth.conf","p4_name":"case_a_defense3"}
[18:05:09] === GATE 2: ONE synthetic transaction, then STOP ===
[18:05:09] D=8 ms  budget=33894  scenario=gate2-2timer  ipg=500000 ns  gen=0xC0
[18:05:09] evidence: /home/philip/Projects/DNP3/defense3/evidence/ksweep_hold/20260803T175912Z/gate2_20260803T180508Z
[18:05:09] --- staging /home/philip/Projects/DNP3/defense3/run/poll_defense3.py + the Gate-1 setup module -> decps@10.10.54.81:/home/decps/d3gate2 ---
[18:05:11] --- preflight cleanup + clean assertion ---
[18:05:16] transaction returned rc=0
[18:05:17] --- scoring ---
==============================================================================
DEFENSE 3 — §13 GATE 2 — gate2_txn.json
==============================================================================
RES    ID     REQUIREMENT
------ ------ ----------------------------------------------------------
PASS   V-01   trial ran to completion (verdict COMPLETE)
                verdict='COMPLETE'
PASS   V-02   trial asserted a CLEAN START and was not refused
                reasons=[]
PASS   V-03   mandatory cleanup ran (from the `finally`)
                cleanup_synth present=True
PASS   C-R1   dp8 speed == BF_SPEED_25G on BOTH the MAC and the TM
                MAC $SPEED='BF_SPEED_25G', TM scheduling_speed='BF_SPEED_25G'
                (both must be BF_SPEED_25G)
PASS   G-01   one READ
                ARM_FRESH=1 ARM_DUP=0 ARM_BUSY=0
PASS   G-02   one K=16 blocker burst
                PKTGEN_ADMIT=16 (want 16) PKTGEN_DROP=0
PASS   G-03   one ACK admitted to Q_HOLD
                ACK_HOLD=1 ACK_DUP_HOLD=0 ACK_REJECT=0
FAIL   G-04   one EARLY RESPONSE admitted behind the ACK
                RESP_HOLD_EARLY=0 (the ACK had not yet been released)
                RESP_HOLD_LATE=0 RESP_BYPASS=1
FAIL   G-05   no ACK before t_ACK + D
                hold=509 ns, D=8000000.0 ns, raw error=-7999491.0 ns (must be
                >= 0)
INDETERMINATE G-06   no RESPONSE before the ACK
                t_resp_release - t_ack_release = None ns (must be > 0; a
                negative value is the wire order INVERTED)
INDETERMINATE G-07   ACK released FIRST
                CD_ACK_RELEASE=0 + CD_ACK_REL_RETIRE=1 (E1 partitions the
                releases, so the SUM is the count) = 1, ordering gap=None ns
FAIL   G-08   RESPONSE released SECOND
                RELEASE_DEADLINE=0 RELEASE_FAILOPEN=0 (the two causes
                partition the releases, so the sum is the release count)
PASS   G-09   all blockers terminate (admitted == stale + deadline + budget)
                admitted=16 terminated=16 (stale=16 deadline=0 budget=0)
PASS   G-10   transaction returns clean (generation retired by the released RESPONSE, no drops, no off-topology packets)
                reg_tag BEFORE cleanup = 0x00 (want 0x00 = TAG_INACTIVE);
                BAD_PORT=0 (the trigger CLONE is counted as CLONE_SEEN=1, NOT
                as BAD_PORT); queue drops=[('qid7', 0), ('qid1', 0)]
PASS   C-R2   reservoir standing: t_first_blocker - t_READ < 100000 ns
                t_first_block - t_READ = 715 ns (bound 100000). A LATE
                reservoir is a SILENT ZERO-HOLD: the ACK arrives min 0.400 ms
                after the READ, so an unblocked Q_HOLD releases it immediately
                and every counter still reads normal.
PASS   C-R4   ACK_RELEASE_FAILOPEN == 0
                BLOCK_TERM_TMO + RELEASE_FAILOPEN = 0. Non-zero means the
                reservoir drained on the pass budget B, so the trial measured
                H = B*K/rate, NOT D.
FAIL   C-R5   corrected deadline error |hold - (D + K/rate)| <= 1000 ns
                hold=509 ns; D=8000000.0 ns; K/rate=427.807 ns; raw
                error=-7999491.000 ns; CORRECTED error=-7999918.807 ns. The
                raw error carries a deterministic +427.807 ns bias; reporting
                it as jitter is the default failure of this measurement.
INFO   I-01   READ -> ACK interval (should track the hardware ipg)
                t_ack_arm - t_READ = 500010 ns, ipg = 500000 ns
INFO   I-02   release tail: ACK -> RESPONSE on the wire
                None ns
INFO   I-03   blocker loops (dp8 traversals consumed)
                CD_BLOCK_LOOP = 14974

MEASURED SEPARATELY (the direction's Gate-2 list)
  t_ACK (deadline armed)                 4138479383 ns
  d_ACK (the armed deadline word)        4146479361 ns
  first deadline termination             4138479918 ns
  final deadline termination             4138480395 ns
  ACK forward commitment                 4138479892 ns
  RESPONSE forward commitment            n/a
  actual ACK hold                        509 ns
  drain (first -> final termination)     477 ns
  drain tail (final term -> ACK out)     -503 ns
  ACK -> RESPONSE separation             n/a
  READ -> pktgen trigger                 705 ns
  READ -> full K reservoir               838 ns

DERIVED
  hold_ns                        509
  D_ns                           8000000.0
  tau_ns                         427.80748663101605
  D_plus_tau_ns                  8000427.807486631
  deadline_error_raw_ns          -7999491.0
  deadline_error_corrected_ns    -7999918.807486631
  reservoir_standing_ns          715
  read_to_ack_ns                 500010
  ack_to_resp_release_ns         None
  blockers_admitted              16
  blockers_terminated            16
  ack_release_failopen           0

VERDICT: FAIL

GATE 2 SUMMARY: 1 trial(s), 0 PASS, 1 FAIL
[18:05:17] -------------------------------------------------------------
[18:05:17] GATE 2 COMPLETE — ONE transaction. txn_rc=0 analyzer_rc=1
[18:05:17] evidence: /home/philip/Projects/DNP3/defense3/evidence/ksweep_hold/20260803T175912Z/gate2_20260803T180508Z
[18:05:17] 
[18:05:17] STOPPING HERE BY DESIGN. Gates 3 (five transactions) and 4 (three
[18:05:17] boundary cases) are separate, human-gated steps and are NOT in this script.
[18:05:17] 
[18:05:17] The EXIT trap now restores the known-good state via the proven runner.
[18:05:17] on_exit: rc=1 — running restoration
[18:05:17] D3_SKIP_RESTORE=1 — NOT restoring. The switch is left as this run found
[18:05:17] it, and restoring it is now YOUR responsibility:
[18:05:17]   bash /home/philip/Projects/DNP3/research/case_a_read_anchored_dual_release/run/run_four_queue_oracle.sh --restore-only
[18:05:17] exit 1
[18:05:17] trial K=12 D=8ms B=45192 rep=2
[18:05:17] acquired /tmp/case_a_defense3_gate2.lock (pid 3268230)
[18:05:17] mode=gate2 dryrun=0 prog=case_a_defense3 skip_restore=1
[18:05:18] pre-run switch state: {"n_bf_switchd":1,"pid":"597143","conf":"/home/decps/d3/d3_final_synth.conf","p4_name":"case_a_defense3"}
[18:05:18] === GATE 2: ONE synthetic transaction, then STOP ===
[18:05:18] D=8 ms  budget=45192  scenario=gate2-2timer  ipg=500000 ns  gen=0xC0
[18:05:18] evidence: /home/philip/Projects/DNP3/defense3/evidence/ksweep_hold/20260803T175912Z/gate2_20260803T180517Z
[18:05:18] --- staging /home/philip/Projects/DNP3/defense3/run/poll_defense3.py + the Gate-1 setup module -> decps@10.10.54.81:/home/decps/d3gate2 ---
[18:05:20] --- preflight cleanup + clean assertion ---
[18:05:25] transaction returned rc=0
[18:05:26] --- scoring ---
==============================================================================
DEFENSE 3 — §13 GATE 2 — gate2_txn.json
==============================================================================
RES    ID     REQUIREMENT
------ ------ ----------------------------------------------------------
PASS   V-01   trial ran to completion (verdict COMPLETE)
                verdict='COMPLETE'
PASS   V-02   trial asserted a CLEAN START and was not refused
                reasons=[]
PASS   V-03   mandatory cleanup ran (from the `finally`)
                cleanup_synth present=True
PASS   C-R1   dp8 speed == BF_SPEED_25G on BOTH the MAC and the TM
                MAC $SPEED='BF_SPEED_25G', TM scheduling_speed='BF_SPEED_25G'
                (both must be BF_SPEED_25G)
PASS   G-01   one READ
                ARM_FRESH=1 ARM_DUP=0 ARM_BUSY=0
PASS   G-02   one K=12 blocker burst
                PKTGEN_ADMIT=12 (want 12) PKTGEN_DROP=0
PASS   G-03   one ACK admitted to Q_HOLD
                ACK_HOLD=1 ACK_DUP_HOLD=0 ACK_REJECT=0
FAIL   G-04   one EARLY RESPONSE admitted behind the ACK
                RESP_HOLD_EARLY=0 (the ACK had not yet been released)
                RESP_HOLD_LATE=0 RESP_BYPASS=1
FAIL   G-05   no ACK before t_ACK + D
                hold=497 ns, D=8000000.0 ns, raw error=-7999503.0 ns (must be
                >= 0)
INDETERMINATE G-06   no RESPONSE before the ACK
                t_resp_release - t_ack_release = None ns (must be > 0; a
                negative value is the wire order INVERTED)
INDETERMINATE G-07   ACK released FIRST
                CD_ACK_RELEASE=0 + CD_ACK_REL_RETIRE=1 (E1 partitions the
                releases, so the SUM is the count) = 1, ordering gap=None ns
FAIL   G-08   RESPONSE released SECOND
                RELEASE_DEADLINE=0 RELEASE_FAILOPEN=0 (the two causes
                partition the releases, so the sum is the release count)
PASS   G-09   all blockers terminate (admitted == stale + deadline + budget)
                admitted=12 terminated=12 (stale=12 deadline=0 budget=0)
PASS   G-10   transaction returns clean (generation retired by the released RESPONSE, no drops, no off-topology packets)
                reg_tag BEFORE cleanup = 0x00 (want 0x00 = TAG_INACTIVE);
                BAD_PORT=0 (the trigger CLONE is counted as CLONE_SEEN=1, NOT
                as BAD_PORT); queue drops=[('qid7', 0), ('qid1', 0)]
PASS   C-R2   reservoir standing: t_first_blocker - t_READ < 100000 ns
                t_first_block - t_READ = 716 ns (bound 100000). A LATE
                reservoir is a SILENT ZERO-HOLD: the ACK arrives min 0.400 ms
                after the READ, so an unblocked Q_HOLD releases it immediately
                and every counter still reads normal.
PASS   C-R4   ACK_RELEASE_FAILOPEN == 0
                BLOCK_TERM_TMO + RELEASE_FAILOPEN = 0. Non-zero means the
                reservoir drained on the pass budget B, so the trial measured
                H = B*K/rate, NOT D.
FAIL   C-R5   corrected deadline error |hold - (D + K/rate)| <= 1000 ns
                hold=497 ns; D=8000000.0 ns; K/rate=320.856 ns; raw
                error=-7999503.000 ns; CORRECTED error=-7999823.856 ns. The
                raw error carries a deterministic +320.856 ns bias; reporting
                it as jitter is the default failure of this measurement.
INFO   I-01   READ -> ACK interval (should track the hardware ipg)
                t_ack_arm - t_READ = 500010 ns, ipg = 500000 ns
INFO   I-02   release tail: ACK -> RESPONSE on the wire
                None ns
INFO   I-03   blocker loops (dp8 traversals consumed)
                CD_BLOCK_LOOP = 11234

MEASURED SEPARATELY (the direction's Gate-2 list)
  t_ACK (deadline armed)                 194854049 ns
  d_ACK (the armed deadline word)        202853889 ns
  first deadline termination             194854573 ns
  final deadline termination             194855047 ns
  ACK forward commitment                 194854546 ns
  RESPONSE forward commitment            n/a
  actual ACK hold                        497 ns
  drain (first -> final termination)     474 ns
  drain tail (final term -> ACK out)     -501 ns
  ACK -> RESPONSE separation             n/a
  READ -> pktgen trigger                 705 ns
  READ -> full K reservoir               806 ns

DERIVED
  hold_ns                        497
  D_ns                           8000000.0
  tau_ns                         320.85561497326205
  D_plus_tau_ns                  8000320.855614973
  deadline_error_raw_ns          -7999503.0
  deadline_error_corrected_ns    -7999823.855614973
  reservoir_standing_ns          716
  read_to_ack_ns                 500010
  ack_to_resp_release_ns         None
  blockers_admitted              12
  blockers_terminated            12
  ack_release_failopen           0

VERDICT: FAIL

GATE 2 SUMMARY: 1 trial(s), 0 PASS, 1 FAIL
[18:05:26] -------------------------------------------------------------
[18:05:26] GATE 2 COMPLETE — ONE transaction. txn_rc=0 analyzer_rc=1
[18:05:26] evidence: /home/philip/Projects/DNP3/defense3/evidence/ksweep_hold/20260803T175912Z/gate2_20260803T180517Z
[18:05:26] 
[18:05:26] STOPPING HERE BY DESIGN. Gates 3 (five transactions) and 4 (three
[18:05:26] boundary cases) are separate, human-gated steps and are NOT in this script.
[18:05:26] 
[18:05:26] The EXIT trap now restores the known-good state via the proven runner.
[18:05:26] on_exit: rc=1 — running restoration
[18:05:26] D3_SKIP_RESTORE=1 — NOT restoring. The switch is left as this run found
[18:05:26] it, and restoring it is now YOUR responsibility:
[18:05:26]   bash /home/philip/Projects/DNP3/research/case_a_read_anchored_dual_release/run/run_four_queue_oracle.sh --restore-only
[18:05:26] exit 1
[18:05:26] trial K=8 D=8ms B=67788 rep=2
[18:05:26] acquired /tmp/case_a_defense3_gate2.lock (pid 3268380)
[18:05:26] mode=gate2 dryrun=0 prog=case_a_defense3 skip_restore=1
[18:05:27] pre-run switch state: {"n_bf_switchd":1,"pid":"597143","conf":"/home/decps/d3/d3_final_synth.conf","p4_name":"case_a_defense3"}
[18:05:27] === GATE 2: ONE synthetic transaction, then STOP ===
[18:05:27] D=8 ms  budget=67788  scenario=gate2-2timer  ipg=500000 ns  gen=0xC0
[18:05:27] evidence: /home/philip/Projects/DNP3/defense3/evidence/ksweep_hold/20260803T175912Z/gate2_20260803T180526Z
[18:05:27] --- staging /home/philip/Projects/DNP3/defense3/run/poll_defense3.py + the Gate-1 setup module -> decps@10.10.54.81:/home/decps/d3gate2 ---
[18:05:28] --- preflight cleanup + clean assertion ---
[18:05:34] transaction returned rc=0
[18:05:35] --- scoring ---
==============================================================================
DEFENSE 3 — §13 GATE 2 — gate2_txn.json
==============================================================================
RES    ID     REQUIREMENT
------ ------ ----------------------------------------------------------
PASS   V-01   trial ran to completion (verdict COMPLETE)
                verdict='COMPLETE'
PASS   V-02   trial asserted a CLEAN START and was not refused
                reasons=[]
PASS   V-03   mandatory cleanup ran (from the `finally`)
                cleanup_synth present=True
PASS   C-R1   dp8 speed == BF_SPEED_25G on BOTH the MAC and the TM
                MAC $SPEED='BF_SPEED_25G', TM scheduling_speed='BF_SPEED_25G'
                (both must be BF_SPEED_25G)
PASS   G-01   one READ
                ARM_FRESH=1 ARM_DUP=0 ARM_BUSY=0
PASS   G-02   one K=8 blocker burst
                PKTGEN_ADMIT=8 (want 8) PKTGEN_DROP=0
PASS   G-03   one ACK admitted to Q_HOLD
                ACK_HOLD=1 ACK_DUP_HOLD=0 ACK_REJECT=0
FAIL   G-04   one EARLY RESPONSE admitted behind the ACK
                RESP_HOLD_EARLY=0 (the ACK had not yet been released)
                RESP_HOLD_LATE=0 RESP_BYPASS=1
FAIL   G-05   no ACK before t_ACK + D
                hold=496 ns, D=8000000.0 ns, raw error=-7999504.0 ns (must be
                >= 0)
INDETERMINATE G-06   no RESPONSE before the ACK
                t_resp_release - t_ack_release = None ns (must be > 0; a
                negative value is the wire order INVERTED)
INDETERMINATE G-07   ACK released FIRST
                CD_ACK_RELEASE=0 + CD_ACK_REL_RETIRE=1 (E1 partitions the
                releases, so the SUM is the count) = 1, ordering gap=None ns
FAIL   G-08   RESPONSE released SECOND
                RELEASE_DEADLINE=0 RELEASE_FAILOPEN=0 (the two causes
                partition the releases, so the sum is the release count)
PASS   G-09   all blockers terminate (admitted == stale + deadline + budget)
                admitted=8 terminated=8 (stale=8 deadline=0 budget=0)
PASS   G-10   transaction returns clean (generation retired by the released RESPONSE, no drops, no off-topology packets)
                reg_tag BEFORE cleanup = 0x00 (want 0x00 = TAG_INACTIVE);
                BAD_PORT=0 (the trigger CLONE is counted as CLONE_SEEN=1, NOT
                as BAD_PORT); queue drops=[('qid7', 0), ('qid1', 0)]
PASS   C-R2   reservoir standing: t_first_blocker - t_READ < 100000 ns
                t_first_block - t_READ = 715 ns (bound 100000). A LATE
                reservoir is a SILENT ZERO-HOLD: the ACK arrives min 0.400 ms
                after the READ, so an unblocked Q_HOLD releases it immediately
                and every counter still reads normal.
PASS   C-R4   ACK_RELEASE_FAILOPEN == 0
                BLOCK_TERM_TMO + RELEASE_FAILOPEN = 0. Non-zero means the
                reservoir drained on the pass budget B, so the trial measured
                H = B*K/rate, NOT D.
FAIL   C-R5   corrected deadline error |hold - (D + K/rate)| <= 1000 ns
                hold=496 ns; D=8000000.0 ns; K/rate=213.904 ns; raw
                error=-7999504.000 ns; CORRECTED error=-7999717.904 ns. The
                raw error carries a deterministic +213.904 ns bias; reporting
                it as jitter is the default failure of this measurement.
INFO   I-01   READ -> ACK interval (should track the hardware ipg)
                t_ack_arm - t_READ = 500010 ns, ipg = 500000 ns
INFO   I-02   release tail: ACK -> RESPONSE on the wire
                None ns
INFO   I-03   blocker loops (dp8 traversals consumed)
                CD_BLOCK_LOOP = 7492

MEASURED SEPARATELY (the direction's Gate-2 list)
  t_ACK (deadline armed)                 559494886 ns
  d_ACK (the armed deadline word)        567494657 ns
  first deadline termination             559495412 ns
  final deadline termination             559495883 ns
  ACK forward commitment                 559495382 ns
  RESPONSE forward commitment            n/a
  actual ACK hold                        496 ns
  drain (first -> final termination)     471 ns
  drain tail (final term -> ACK out)     -501 ns
  ACK -> RESPONSE separation             n/a
  READ -> pktgen trigger                 704 ns
  READ -> full K reservoir               772 ns

DERIVED
  hold_ns                        496
  D_ns                           8000000.0
  tau_ns                         213.90374331550802
  D_plus_tau_ns                  8000213.9037433155
  deadline_error_raw_ns          -7999504.0
  deadline_error_corrected_ns    -7999717.9037433155
  reservoir_standing_ns          715
  read_to_ack_ns                 500010
  ack_to_resp_release_ns         None
  blockers_admitted              8
  blockers_terminated            8
  ack_release_failopen           0

VERDICT: FAIL

GATE 2 SUMMARY: 1 trial(s), 0 PASS, 1 FAIL
[18:05:35] -------------------------------------------------------------
[18:05:35] GATE 2 COMPLETE — ONE transaction. txn_rc=0 analyzer_rc=1
[18:05:35] evidence: /home/philip/Projects/DNP3/defense3/evidence/ksweep_hold/20260803T175912Z/gate2_20260803T180526Z
[18:05:35] 
[18:05:35] STOPPING HERE BY DESIGN. Gates 3 (five transactions) and 4 (three
[18:05:35] boundary cases) are separate, human-gated steps and are NOT in this script.
[18:05:35] 
[18:05:35] The EXIT trap now restores the known-good state via the proven runner.
[18:05:35] on_exit: rc=1 — running restoration
[18:05:35] D3_SKIP_RESTORE=1 — NOT restoring. The switch is left as this run found
[18:05:35] it, and restoring it is now YOUR responsibility:
[18:05:35]   bash /home/philip/Projects/DNP3/research/case_a_read_anchored_dual_release/run/run_four_queue_oracle.sh --restore-only
[18:05:35] exit 1
[18:05:35] trial K=64 D=8ms B=18000 rep=3
[18:05:35] acquired /tmp/case_a_defense3_gate2.lock (pid 3268528)
[18:05:35] mode=gate2 dryrun=0 prog=case_a_defense3 skip_restore=1
[18:05:36] pre-run switch state: {"n_bf_switchd":1,"pid":"597143","conf":"/home/decps/d3/d3_final_synth.conf","p4_name":"case_a_defense3"}
[18:05:36] === GATE 2: ONE synthetic transaction, then STOP ===
[18:05:36] D=8 ms  budget=18000  scenario=gate2-2timer  ipg=500000 ns  gen=0xC0
[18:05:36] evidence: /home/philip/Projects/DNP3/defense3/evidence/ksweep_hold/20260803T175912Z/gate2_20260803T180535Z
[18:05:36] --- staging /home/philip/Projects/DNP3/defense3/run/poll_defense3.py + the Gate-1 setup module -> decps@10.10.54.81:/home/decps/d3gate2 ---
[18:05:37] --- preflight cleanup + clean assertion ---
[18:05:43] transaction returned rc=0
[18:05:44] --- scoring ---
==============================================================================
DEFENSE 3 — §13 GATE 2 — gate2_txn.json
==============================================================================
RES    ID     REQUIREMENT
------ ------ ----------------------------------------------------------
PASS   V-01   trial ran to completion (verdict COMPLETE)
                verdict='COMPLETE'
PASS   V-02   trial asserted a CLEAN START and was not refused
                reasons=[]
PASS   V-03   mandatory cleanup ran (from the `finally`)
                cleanup_synth present=True
PASS   C-R1   dp8 speed == BF_SPEED_25G on BOTH the MAC and the TM
                MAC $SPEED='BF_SPEED_25G', TM scheduling_speed='BF_SPEED_25G'
                (both must be BF_SPEED_25G)
PASS   G-01   one READ
                ARM_FRESH=1 ARM_DUP=0 ARM_BUSY=0
PASS   G-02   one K=64 blocker burst
                PKTGEN_ADMIT=64 (want 64) PKTGEN_DROP=0
PASS   G-03   one ACK admitted to Q_HOLD
                ACK_HOLD=1 ACK_DUP_HOLD=0 ACK_REJECT=0
PASS   G-04   one EARLY RESPONSE admitted behind the ACK
                RESP_HOLD_EARLY=1 (the ACK had not yet been released)
                RESP_HOLD_LATE=0 RESP_BYPASS=0
PASS   G-05   no ACK before t_ACK + D
                hold=8001687 ns, D=8000000.0 ns, raw error=1687.0 ns (must be
                >= 0)
PASS   G-06   no RESPONSE before the ACK
                t_resp_release - t_ack_release = 29 ns (must be > 0; a
                negative value is the wire order INVERTED)
PASS   G-07   ACK released FIRST
                CD_ACK_RELEASE=1 + CD_ACK_REL_RETIRE=0 (E1 partitions the
                releases, so the SUM is the count) = 1, ordering gap=29 ns
PASS   G-08   RESPONSE released SECOND
                RELEASE_DEADLINE=1 RELEASE_FAILOPEN=0 (the two causes
                partition the releases, so the sum is the release count)
PASS   G-09   all blockers terminate (admitted == stale + deadline + budget)
                admitted=64 terminated=64 (stale=0 deadline=64 budget=0)
PASS   G-10   transaction returns clean (generation retired by the released RESPONSE, no drops, no off-topology packets)
                reg_tag BEFORE cleanup = 0x00 (want 0x00 = TAG_INACTIVE);
                BAD_PORT=0 (the trigger CLONE is counted as CLONE_SEEN=1, NOT
                as BAD_PORT); queue drops=[('qid7', 0), ('qid1', 0)]
PASS   C-R2   reservoir standing: t_first_blocker - t_READ < 100000 ns
                t_first_block - t_READ = 717 ns (bound 100000). A LATE
                reservoir is a SILENT ZERO-HOLD: the ACK arrives min 0.400 ms
                after the READ, so an unblocked Q_HOLD releases it immediately
                and every counter still reads normal.
PASS   C-R4   ACK_RELEASE_FAILOPEN == 0
                BLOCK_TERM_TMO + RELEASE_FAILOPEN = 0. Non-zero means the
                reservoir drained on the pass budget B, so the trial measured
                H = B*K/rate, NOT D.
PASS   C-R5   corrected deadline error |hold - (D + K/rate)| <= 1000 ns
                hold=8001687 ns; D=8000000.0 ns; K/rate=1711.230 ns; raw
                error=+1687.000 ns; CORRECTED error=-24.230 ns. The raw error
                carries a deterministic +1711.230 ns bias; reporting it as
                jitter is the default failure of this measurement.
INFO   I-01   READ -> ACK interval (should track the hardware ipg)
                t_ack_arm - t_READ = 500011 ns, ipg = 500000 ns
INFO   I-02   release tail: ACK -> RESPONSE on the wire
                29 ns
INFO   I-03   blocker loops (dp8 traversals consumed)
                CD_BLOCK_LOOP = 316187

MEASURED SEPARATELY (the direction's Gate-2 list)
  t_ACK (deadline armed)                 893098287 ns
  d_ACK (the armed deadline word)        901098241 ns
  first deadline termination             901098254 ns
  final deadline termination             901099946 ns
  ACK forward commitment                 901099974 ns
  RESPONSE forward commitment            901100003 ns
  actual ACK hold                        8001687 ns
  drain (first -> final termination)     1692 ns
  drain tail (final term -> ACK out)     28 ns
  ACK -> RESPONSE separation             29 ns
  READ -> pktgen trigger                 707 ns
  READ -> full K reservoir               1234 ns

DERIVED
  hold_ns                        8001687
  D_ns                           8000000.0
  tau_ns                         1711.2299465240642
  D_plus_tau_ns                  8001711.229946524
  deadline_error_raw_ns          1687.0
  deadline_error_corrected_ns    -24.22994652406419
  reservoir_standing_ns          717
  read_to_ack_ns                 500011
  ack_to_resp_release_ns         29
  blockers_admitted              64
  blockers_terminated            64
  ack_release_failopen           0

VERDICT: PASS

GATE 2 SUMMARY: 1 trial(s), 1 PASS, 0 FAIL
[18:05:44] -------------------------------------------------------------
[18:05:44] GATE 2 COMPLETE — ONE transaction. txn_rc=0 analyzer_rc=0
[18:05:44] evidence: /home/philip/Projects/DNP3/defense3/evidence/ksweep_hold/20260803T175912Z/gate2_20260803T180535Z
[18:05:44] 
[18:05:44] STOPPING HERE BY DESIGN. Gates 3 (five transactions) and 4 (three
[18:05:44] boundary cases) are separate, human-gated steps and are NOT in this script.
[18:05:44] 
[18:05:44] The EXIT trap now restores the known-good state via the proven runner.
[18:05:44] on_exit: rc=0 — running restoration
[18:05:44] D3_SKIP_RESTORE=1 — NOT restoring. The switch is left as this run found
[18:05:44] it, and restoring it is now YOUR responsibility:
[18:05:44]   bash /home/philip/Projects/DNP3/research/case_a_read_anchored_dual_release/run/run_four_queue_oracle.sh --restore-only
[18:05:44] exit 0
[18:05:44] trial K=24 D=8ms B=22596 rep=3
[18:05:44] acquired /tmp/case_a_defense3_gate2.lock (pid 3268672)
[18:05:44] mode=gate2 dryrun=0 prog=case_a_defense3 skip_restore=1
[18:05:45] pre-run switch state: {"n_bf_switchd":1,"pid":"597143","conf":"/home/decps/d3/d3_final_synth.conf","p4_name":"case_a_defense3"}
[18:05:45] === GATE 2: ONE synthetic transaction, then STOP ===
[18:05:45] D=8 ms  budget=22596  scenario=gate2-2timer  ipg=500000 ns  gen=0xC0
[18:05:45] evidence: /home/philip/Projects/DNP3/defense3/evidence/ksweep_hold/20260803T175912Z/gate2_20260803T180544Z
[18:05:45] --- staging /home/philip/Projects/DNP3/defense3/run/poll_defense3.py + the Gate-1 setup module -> decps@10.10.54.81:/home/decps/d3gate2 ---
[18:05:46] --- preflight cleanup + clean assertion ---
[18:05:51] transaction returned rc=0
[18:05:53] --- scoring ---
==============================================================================
DEFENSE 3 — §13 GATE 2 — gate2_txn.json
==============================================================================
RES    ID     REQUIREMENT
------ ------ ----------------------------------------------------------
PASS   V-01   trial ran to completion (verdict COMPLETE)
                verdict='COMPLETE'
PASS   V-02   trial asserted a CLEAN START and was not refused
                reasons=[]
PASS   V-03   mandatory cleanup ran (from the `finally`)
                cleanup_synth present=True
PASS   C-R1   dp8 speed == BF_SPEED_25G on BOTH the MAC and the TM
                MAC $SPEED='BF_SPEED_25G', TM scheduling_speed='BF_SPEED_25G'
                (both must be BF_SPEED_25G)
PASS   G-01   one READ
                ARM_FRESH=1 ARM_DUP=0 ARM_BUSY=0
PASS   G-02   one K=24 blocker burst
                PKTGEN_ADMIT=24 (want 24) PKTGEN_DROP=0
PASS   G-03   one ACK admitted to Q_HOLD
                ACK_HOLD=1 ACK_DUP_HOLD=0 ACK_REJECT=0
FAIL   G-04   one EARLY RESPONSE admitted behind the ACK
                RESP_HOLD_EARLY=0 (the ACK had not yet been released)
                RESP_HOLD_LATE=0 RESP_BYPASS=1
FAIL   G-05   no ACK before t_ACK + D
                hold=607 ns, D=8000000.0 ns, raw error=-7999393.0 ns (must be
                >= 0)
INDETERMINATE G-06   no RESPONSE before the ACK
                t_resp_release - t_ack_release = None ns (must be > 0; a
                negative value is the wire order INVERTED)
INDETERMINATE G-07   ACK released FIRST
                CD_ACK_RELEASE=0 + CD_ACK_REL_RETIRE=1 (E1 partitions the
                releases, so the SUM is the count) = 1, ordering gap=None ns
FAIL   G-08   RESPONSE released SECOND
                RELEASE_DEADLINE=0 RELEASE_FAILOPEN=0 (the two causes
                partition the releases, so the sum is the release count)
PASS   G-09   all blockers terminate (admitted == stale + deadline + budget)
                admitted=24 terminated=24 (stale=24 deadline=0 budget=0)
PASS   G-10   transaction returns clean (generation retired by the released RESPONSE, no drops, no off-topology packets)
                reg_tag BEFORE cleanup = 0x00 (want 0x00 = TAG_INACTIVE);
                BAD_PORT=0 (the trigger CLONE is counted as CLONE_SEEN=1, NOT
                as BAD_PORT); queue drops=[('qid7', 0), ('qid1', 0)]
PASS   C-R2   reservoir standing: t_first_blocker - t_READ < 100000 ns
                t_first_block - t_READ = 715 ns (bound 100000). A LATE
                reservoir is a SILENT ZERO-HOLD: the ACK arrives min 0.400 ms
                after the READ, so an unblocked Q_HOLD releases it immediately
                and every counter still reads normal.
PASS   C-R4   ACK_RELEASE_FAILOPEN == 0
                BLOCK_TERM_TMO + RELEASE_FAILOPEN = 0. Non-zero means the
                reservoir drained on the pass budget B, so the trial measured
                H = B*K/rate, NOT D.
FAIL   C-R5   corrected deadline error |hold - (D + K/rate)| <= 1000 ns
                hold=607 ns; D=8000000.0 ns; K/rate=641.711 ns; raw
                error=-7999393.000 ns; CORRECTED error=-8000034.711 ns. The
                raw error carries a deterministic +641.711 ns bias; reporting
                it as jitter is the default failure of this measurement.
INFO   I-01   READ -> ACK interval (should track the hardware ipg)
                t_ack_arm - t_READ = 500010 ns, ipg = 500000 ns
INFO   I-02   release tail: ACK -> RESPONSE on the wire
                None ns
INFO   I-03   blocker loops (dp8 traversals consumed)
                CD_BLOCK_LOOP = 18580

MEASURED SEPARATELY (the direction's Gate-2 list)
  t_ACK (deadline armed)                 1213682128 ns
  d_ACK (the armed deadline word)        1221681921 ns
  first deadline termination             1213682763 ns
  final deadline termination             1213683379 ns
  ACK forward commitment                 1213682735 ns
  RESPONSE forward commitment            n/a
  actual ACK hold                        607 ns
  drain (first -> final termination)     616 ns
  drain tail (final term -> ACK out)     -644 ns
  ACK -> RESPONSE separation             n/a
  READ -> pktgen trigger                 704 ns
  READ -> full K reservoir               903 ns

DERIVED
  hold_ns                        607
  D_ns                           8000000.0
  tau_ns                         641.7112299465241
  D_plus_tau_ns                  8000641.711229946
  deadline_error_raw_ns          -7999393.0
  deadline_error_corrected_ns    -8000034.711229946
  reservoir_standing_ns          715
  read_to_ack_ns                 500010
  ack_to_resp_release_ns         None
  blockers_admitted              24
  blockers_terminated            24
  ack_release_failopen           0

VERDICT: FAIL

GATE 2 SUMMARY: 1 trial(s), 0 PASS, 1 FAIL
[18:05:53] -------------------------------------------------------------
[18:05:53] GATE 2 COMPLETE — ONE transaction. txn_rc=0 analyzer_rc=1
[18:05:53] evidence: /home/philip/Projects/DNP3/defense3/evidence/ksweep_hold/20260803T175912Z/gate2_20260803T180544Z
[18:05:53] 
[18:05:53] STOPPING HERE BY DESIGN. Gates 3 (five transactions) and 4 (three
[18:05:53] boundary cases) are separate, human-gated steps and are NOT in this script.
[18:05:53] 
[18:05:53] The EXIT trap now restores the known-good state via the proven runner.
[18:05:53] on_exit: rc=1 — running restoration
[18:05:53] D3_SKIP_RESTORE=1 — NOT restoring. The switch is left as this run found
[18:05:53] it, and restoring it is now YOUR responsibility:
[18:05:53]   bash /home/philip/Projects/DNP3/research/case_a_read_anchored_dual_release/run/run_four_queue_oracle.sh --restore-only
[18:05:53] exit 1
[18:05:53] trial K=16 D=8ms B=33894 rep=3
[18:05:53] acquired /tmp/case_a_defense3_gate2.lock (pid 3268822)
[18:05:53] mode=gate2 dryrun=0 prog=case_a_defense3 skip_restore=1
[18:05:54] pre-run switch state: {"n_bf_switchd":1,"pid":"597143","conf":"/home/decps/d3/d3_final_synth.conf","p4_name":"case_a_defense3"}
[18:05:54] === GATE 2: ONE synthetic transaction, then STOP ===
[18:05:54] D=8 ms  budget=33894  scenario=gate2-2timer  ipg=500000 ns  gen=0xC0
[18:05:54] evidence: /home/philip/Projects/DNP3/defense3/evidence/ksweep_hold/20260803T175912Z/gate2_20260803T180553Z
[18:05:54] --- staging /home/philip/Projects/DNP3/defense3/run/poll_defense3.py + the Gate-1 setup module -> decps@10.10.54.81:/home/decps/d3gate2 ---
[18:05:55] --- preflight cleanup + clean assertion ---
[18:06:00] transaction returned rc=0
[18:06:02] --- scoring ---
==============================================================================
DEFENSE 3 — §13 GATE 2 — gate2_txn.json
==============================================================================
RES    ID     REQUIREMENT
------ ------ ----------------------------------------------------------
PASS   V-01   trial ran to completion (verdict COMPLETE)
                verdict='COMPLETE'
PASS   V-02   trial asserted a CLEAN START and was not refused
                reasons=[]
PASS   V-03   mandatory cleanup ran (from the `finally`)
                cleanup_synth present=True
PASS   C-R1   dp8 speed == BF_SPEED_25G on BOTH the MAC and the TM
                MAC $SPEED='BF_SPEED_25G', TM scheduling_speed='BF_SPEED_25G'
                (both must be BF_SPEED_25G)
PASS   G-01   one READ
                ARM_FRESH=1 ARM_DUP=0 ARM_BUSY=0
PASS   G-02   one K=16 blocker burst
                PKTGEN_ADMIT=16 (want 16) PKTGEN_DROP=0
PASS   G-03   one ACK admitted to Q_HOLD
                ACK_HOLD=1 ACK_DUP_HOLD=0 ACK_REJECT=0
FAIL   G-04   one EARLY RESPONSE admitted behind the ACK
                RESP_HOLD_EARLY=0 (the ACK had not yet been released)
                RESP_HOLD_LATE=0 RESP_BYPASS=1
FAIL   G-05   no ACK before t_ACK + D
                hold=493 ns, D=8000000.0 ns, raw error=-7999507.0 ns (must be
                >= 0)
INDETERMINATE G-06   no RESPONSE before the ACK
                t_resp_release - t_ack_release = None ns (must be > 0; a
                negative value is the wire order INVERTED)
INDETERMINATE G-07   ACK released FIRST
                CD_ACK_RELEASE=0 + CD_ACK_REL_RETIRE=1 (E1 partitions the
                releases, so the SUM is the count) = 1, ordering gap=None ns
FAIL   G-08   RESPONSE released SECOND
                RELEASE_DEADLINE=0 RELEASE_FAILOPEN=0 (the two causes
                partition the releases, so the sum is the release count)
PASS   G-09   all blockers terminate (admitted == stale + deadline + budget)
                admitted=16 terminated=16 (stale=16 deadline=0 budget=0)
PASS   G-10   transaction returns clean (generation retired by the released RESPONSE, no drops, no off-topology packets)
                reg_tag BEFORE cleanup = 0x00 (want 0x00 = TAG_INACTIVE);
                BAD_PORT=0 (the trigger CLONE is counted as CLONE_SEEN=1, NOT
                as BAD_PORT); queue drops=[('qid7', 0), ('qid1', 0)]
PASS   C-R2   reservoir standing: t_first_blocker - t_READ < 100000 ns
                t_first_block - t_READ = 715 ns (bound 100000). A LATE
                reservoir is a SILENT ZERO-HOLD: the ACK arrives min 0.400 ms
                after the READ, so an unblocked Q_HOLD releases it immediately
                and every counter still reads normal.
PASS   C-R4   ACK_RELEASE_FAILOPEN == 0
                BLOCK_TERM_TMO + RELEASE_FAILOPEN = 0. Non-zero means the
                reservoir drained on the pass budget B, so the trial measured
                H = B*K/rate, NOT D.
FAIL   C-R5   corrected deadline error |hold - (D + K/rate)| <= 1000 ns
                hold=493 ns; D=8000000.0 ns; K/rate=427.807 ns; raw
                error=-7999507.000 ns; CORRECTED error=-7999934.807 ns. The
                raw error carries a deterministic +427.807 ns bias; reporting
                it as jitter is the default failure of this measurement.
INFO   I-01   READ -> ACK interval (should track the hardware ipg)
                t_ack_arm - t_READ = 500010 ns, ipg = 500000 ns
INFO   I-02   release tail: ACK -> RESPONSE on the wire
                None ns
INFO   I-03   blocker loops (dp8 traversals consumed)
                CD_BLOCK_LOOP = 14973

MEASURED SEPARATELY (the direction's Gate-2 list)
  t_ACK (deadline armed)                 1550116256 ns
  d_ACK (the armed deadline word)        1558116097 ns
  first deadline termination             1550116777 ns
  final deadline termination             1550117247 ns
  ACK forward commitment                 1550116749 ns
  RESPONSE forward commitment            n/a
  actual ACK hold                        493 ns
  drain (first -> final termination)     470 ns
  drain tail (final term -> ACK out)     -498 ns
  ACK -> RESPONSE separation             n/a
  READ -> pktgen trigger                 705 ns
  READ -> full K reservoir               838 ns

DERIVED
  hold_ns                        493
  D_ns                           8000000.0
  tau_ns                         427.80748663101605
  D_plus_tau_ns                  8000427.807486631
  deadline_error_raw_ns          -7999507.0
  deadline_error_corrected_ns    -7999934.807486631
  reservoir_standing_ns          715
  read_to_ack_ns                 500010
  ack_to_resp_release_ns         None
  blockers_admitted              16
  blockers_terminated            16
  ack_release_failopen           0

VERDICT: FAIL

GATE 2 SUMMARY: 1 trial(s), 0 PASS, 1 FAIL
[18:06:02] -------------------------------------------------------------
[18:06:02] GATE 2 COMPLETE — ONE transaction. txn_rc=0 analyzer_rc=1
[18:06:02] evidence: /home/philip/Projects/DNP3/defense3/evidence/ksweep_hold/20260803T175912Z/gate2_20260803T180553Z
[18:06:02] 
[18:06:02] STOPPING HERE BY DESIGN. Gates 3 (five transactions) and 4 (three
[18:06:02] boundary cases) are separate, human-gated steps and are NOT in this script.
[18:06:02] 
[18:06:02] The EXIT trap now restores the known-good state via the proven runner.
[18:06:02] on_exit: rc=1 — running restoration
[18:06:02] D3_SKIP_RESTORE=1 — NOT restoring. The switch is left as this run found
[18:06:02] it, and restoring it is now YOUR responsibility:
[18:06:02]   bash /home/philip/Projects/DNP3/research/case_a_read_anchored_dual_release/run/run_four_queue_oracle.sh --restore-only
[18:06:02] exit 1
[18:06:02] trial K=12 D=8ms B=45192 rep=3
[18:06:02] acquired /tmp/case_a_defense3_gate2.lock (pid 3268961)
[18:06:02] mode=gate2 dryrun=0 prog=case_a_defense3 skip_restore=1
[18:06:03] pre-run switch state: {"n_bf_switchd":1,"pid":"597143","conf":"/home/decps/d3/d3_final_synth.conf","p4_name":"case_a_defense3"}
[18:06:03] === GATE 2: ONE synthetic transaction, then STOP ===
[18:06:03] D=8 ms  budget=45192  scenario=gate2-2timer  ipg=500000 ns  gen=0xC0
[18:06:03] evidence: /home/philip/Projects/DNP3/defense3/evidence/ksweep_hold/20260803T175912Z/gate2_20260803T180602Z
[18:06:03] --- staging /home/philip/Projects/DNP3/defense3/run/poll_defense3.py + the Gate-1 setup module -> decps@10.10.54.81:/home/decps/d3gate2 ---
[18:06:04] --- preflight cleanup + clean assertion ---
[18:06:09] transaction returned rc=0
[18:06:11] --- scoring ---
==============================================================================
DEFENSE 3 — §13 GATE 2 — gate2_txn.json
==============================================================================
RES    ID     REQUIREMENT
------ ------ ----------------------------------------------------------
PASS   V-01   trial ran to completion (verdict COMPLETE)
                verdict='COMPLETE'
PASS   V-02   trial asserted a CLEAN START and was not refused
                reasons=[]
PASS   V-03   mandatory cleanup ran (from the `finally`)
                cleanup_synth present=True
PASS   C-R1   dp8 speed == BF_SPEED_25G on BOTH the MAC and the TM
                MAC $SPEED='BF_SPEED_25G', TM scheduling_speed='BF_SPEED_25G'
                (both must be BF_SPEED_25G)
PASS   G-01   one READ
                ARM_FRESH=1 ARM_DUP=0 ARM_BUSY=0
PASS   G-02   one K=12 blocker burst
                PKTGEN_ADMIT=12 (want 12) PKTGEN_DROP=0
PASS   G-03   one ACK admitted to Q_HOLD
                ACK_HOLD=1 ACK_DUP_HOLD=0 ACK_REJECT=0
FAIL   G-04   one EARLY RESPONSE admitted behind the ACK
                RESP_HOLD_EARLY=0 (the ACK had not yet been released)
                RESP_HOLD_LATE=0 RESP_BYPASS=1
FAIL   G-05   no ACK before t_ACK + D
                hold=495 ns, D=8000000.0 ns, raw error=-7999505.0 ns (must be
                >= 0)
INDETERMINATE G-06   no RESPONSE before the ACK
                t_resp_release - t_ack_release = None ns (must be > 0; a
                negative value is the wire order INVERTED)
INDETERMINATE G-07   ACK released FIRST
                CD_ACK_RELEASE=0 + CD_ACK_REL_RETIRE=1 (E1 partitions the
                releases, so the SUM is the count) = 1, ordering gap=None ns
FAIL   G-08   RESPONSE released SECOND
                RELEASE_DEADLINE=0 RELEASE_FAILOPEN=0 (the two causes
                partition the releases, so the sum is the release count)
PASS   G-09   all blockers terminate (admitted == stale + deadline + budget)
                admitted=12 terminated=12 (stale=12 deadline=0 budget=0)
PASS   G-10   transaction returns clean (generation retired by the released RESPONSE, no drops, no off-topology packets)
                reg_tag BEFORE cleanup = 0x00 (want 0x00 = TAG_INACTIVE);
                BAD_PORT=0 (the trigger CLONE is counted as CLONE_SEEN=1, NOT
                as BAD_PORT); queue drops=[('qid7', 0), ('qid1', 0)]
PASS   C-R2   reservoir standing: t_first_blocker - t_READ < 100000 ns
                t_first_block - t_READ = 715 ns (bound 100000). A LATE
                reservoir is a SILENT ZERO-HOLD: the ACK arrives min 0.400 ms
                after the READ, so an unblocked Q_HOLD releases it immediately
                and every counter still reads normal.
PASS   C-R4   ACK_RELEASE_FAILOPEN == 0
                BLOCK_TERM_TMO + RELEASE_FAILOPEN = 0. Non-zero means the
                reservoir drained on the pass budget B, so the trial measured
                H = B*K/rate, NOT D.
FAIL   C-R5   corrected deadline error |hold - (D + K/rate)| <= 1000 ns
                hold=495 ns; D=8000000.0 ns; K/rate=320.856 ns; raw
                error=-7999505.000 ns; CORRECTED error=-7999825.856 ns. The
                raw error carries a deterministic +320.856 ns bias; reporting
                it as jitter is the default failure of this measurement.
INFO   I-01   READ -> ACK interval (should track the hardware ipg)
                t_ack_arm - t_READ = 500010 ns, ipg = 500000 ns
INFO   I-02   release tail: ACK -> RESPONSE on the wire
                None ns
INFO   I-03   blocker loops (dp8 traversals consumed)
                CD_BLOCK_LOOP = 11233

MEASURED SEPARATELY (the direction's Gate-2 list)
  t_ACK (deadline armed)                 1903357149 ns
  d_ACK (the armed deadline word)        1911356929 ns
  first deadline termination             1903357703 ns
  final deadline termination             1903358115 ns
  ACK forward commitment                 1903357644 ns
  RESPONSE forward commitment            n/a
  actual ACK hold                        495 ns
  drain (first -> final termination)     412 ns
  drain tail (final term -> ACK out)     -471 ns
  ACK -> RESPONSE separation             n/a
  READ -> pktgen trigger                 704 ns
  READ -> full K reservoir               805 ns

DERIVED
  hold_ns                        495
  D_ns                           8000000.0
  tau_ns                         320.85561497326205
  D_plus_tau_ns                  8000320.855614973
  deadline_error_raw_ns          -7999505.0
  deadline_error_corrected_ns    -7999825.855614973
  reservoir_standing_ns          715
  read_to_ack_ns                 500010
  ack_to_resp_release_ns         None
  blockers_admitted              12
  blockers_terminated            12
  ack_release_failopen           0

VERDICT: FAIL

GATE 2 SUMMARY: 1 trial(s), 0 PASS, 1 FAIL
[18:06:11] -------------------------------------------------------------
[18:06:11] GATE 2 COMPLETE — ONE transaction. txn_rc=0 analyzer_rc=1
[18:06:11] evidence: /home/philip/Projects/DNP3/defense3/evidence/ksweep_hold/20260803T175912Z/gate2_20260803T180602Z
[18:06:11] 
[18:06:11] STOPPING HERE BY DESIGN. Gates 3 (five transactions) and 4 (three
[18:06:11] boundary cases) are separate, human-gated steps and are NOT in this script.
[18:06:11] 
[18:06:11] The EXIT trap now restores the known-good state via the proven runner.
[18:06:11] on_exit: rc=1 — running restoration
[18:06:11] D3_SKIP_RESTORE=1 — NOT restoring. The switch is left as this run found
[18:06:11] it, and restoring it is now YOUR responsibility:
[18:06:11]   bash /home/philip/Projects/DNP3/research/case_a_read_anchored_dual_release/run/run_four_queue_oracle.sh --restore-only
[18:06:11] exit 1
[18:06:11] trial K=8 D=8ms B=67788 rep=3
[18:06:11] acquired /tmp/case_a_defense3_gate2.lock (pid 3269105)
[18:06:11] mode=gate2 dryrun=0 prog=case_a_defense3 skip_restore=1
[18:06:12] pre-run switch state: {"n_bf_switchd":1,"pid":"597143","conf":"/home/decps/d3/d3_final_synth.conf","p4_name":"case_a_defense3"}
[18:06:12] === GATE 2: ONE synthetic transaction, then STOP ===
[18:06:12] D=8 ms  budget=67788  scenario=gate2-2timer  ipg=500000 ns  gen=0xC0
[18:06:12] evidence: /home/philip/Projects/DNP3/defense3/evidence/ksweep_hold/20260803T175912Z/gate2_20260803T180611Z
[18:06:12] --- staging /home/philip/Projects/DNP3/defense3/run/poll_defense3.py + the Gate-1 setup module -> decps@10.10.54.81:/home/decps/d3gate2 ---
[18:06:13] --- preflight cleanup + clean assertion ---
[18:06:18] transaction returned rc=0
[18:06:20] --- scoring ---
==============================================================================
DEFENSE 3 — §13 GATE 2 — gate2_txn.json
==============================================================================
RES    ID     REQUIREMENT
------ ------ ----------------------------------------------------------
PASS   V-01   trial ran to completion (verdict COMPLETE)
                verdict='COMPLETE'
PASS   V-02   trial asserted a CLEAN START and was not refused
                reasons=[]
PASS   V-03   mandatory cleanup ran (from the `finally`)
                cleanup_synth present=True
PASS   C-R1   dp8 speed == BF_SPEED_25G on BOTH the MAC and the TM
                MAC $SPEED='BF_SPEED_25G', TM scheduling_speed='BF_SPEED_25G'
                (both must be BF_SPEED_25G)
PASS   G-01   one READ
                ARM_FRESH=1 ARM_DUP=0 ARM_BUSY=0
PASS   G-02   one K=8 blocker burst
                PKTGEN_ADMIT=8 (want 8) PKTGEN_DROP=0
PASS   G-03   one ACK admitted to Q_HOLD
                ACK_HOLD=1 ACK_DUP_HOLD=0 ACK_REJECT=0
FAIL   G-04   one EARLY RESPONSE admitted behind the ACK
                RESP_HOLD_EARLY=0 (the ACK had not yet been released)
                RESP_HOLD_LATE=0 RESP_BYPASS=1
FAIL   G-05   no ACK before t_ACK + D
                hold=496 ns, D=8000000.0 ns, raw error=-7999504.0 ns (must be
                >= 0)
INDETERMINATE G-06   no RESPONSE before the ACK
                t_resp_release - t_ack_release = None ns (must be > 0; a
                negative value is the wire order INVERTED)
INDETERMINATE G-07   ACK released FIRST
                CD_ACK_RELEASE=0 + CD_ACK_REL_RETIRE=1 (E1 partitions the
                releases, so the SUM is the count) = 1, ordering gap=None ns
FAIL   G-08   RESPONSE released SECOND
                RELEASE_DEADLINE=0 RELEASE_FAILOPEN=0 (the two causes
                partition the releases, so the sum is the release count)
PASS   G-09   all blockers terminate (admitted == stale + deadline + budget)
                admitted=8 terminated=8 (stale=8 deadline=0 budget=0)
PASS   G-10   transaction returns clean (generation retired by the released RESPONSE, no drops, no off-topology packets)
                reg_tag BEFORE cleanup = 0x00 (want 0x00 = TAG_INACTIVE);
                BAD_PORT=0 (the trigger CLONE is counted as CLONE_SEEN=1, NOT
                as BAD_PORT); queue drops=[('qid7', 0), ('qid1', 0)]
PASS   C-R2   reservoir standing: t_first_blocker - t_READ < 100000 ns
                t_first_block - t_READ = 716 ns (bound 100000). A LATE
                reservoir is a SILENT ZERO-HOLD: the ACK arrives min 0.400 ms
                after the READ, so an unblocked Q_HOLD releases it immediately
                and every counter still reads normal.
PASS   C-R4   ACK_RELEASE_FAILOPEN == 0
                BLOCK_TERM_TMO + RELEASE_FAILOPEN = 0. Non-zero means the
                reservoir drained on the pass budget B, so the trial measured
                H = B*K/rate, NOT D.
FAIL   C-R5   corrected deadline error |hold - (D + K/rate)| <= 1000 ns
                hold=496 ns; D=8000000.0 ns; K/rate=213.904 ns; raw
                error=-7999504.000 ns; CORRECTED error=-7999717.904 ns. The
                raw error carries a deterministic +213.904 ns bias; reporting
                it as jitter is the default failure of this measurement.
INFO   I-01   READ -> ACK interval (should track the hardware ipg)
                t_ack_arm - t_READ = 500010 ns, ipg = 500000 ns
INFO   I-02   release tail: ACK -> RESPONSE on the wire
                None ns
INFO   I-03   blocker loops (dp8 traversals consumed)
                CD_BLOCK_LOOP = 7492

MEASURED SEPARATELY (the direction's Gate-2 list)
  t_ACK (deadline armed)                 2295529151 ns
  d_ACK (the armed deadline word)        2303528961 ns
  first deadline termination             2295529676 ns
  final deadline termination             2295530143 ns
  ACK forward commitment                 2295529647 ns
  RESPONSE forward commitment            n/a
  actual ACK hold                        496 ns
  drain (first -> final termination)     467 ns
  drain tail (final term -> ACK out)     -496 ns
  ACK -> RESPONSE separation             n/a
  READ -> pktgen trigger                 705 ns
  READ -> full K reservoir               773 ns

DERIVED
  hold_ns                        496
  D_ns                           8000000.0
  tau_ns                         213.90374331550802
  D_plus_tau_ns                  8000213.9037433155
  deadline_error_raw_ns          -7999504.0
  deadline_error_corrected_ns    -7999717.9037433155
  reservoir_standing_ns          716
  read_to_ack_ns                 500010
  ack_to_resp_release_ns         None
  blockers_admitted              8
  blockers_terminated            8
  ack_release_failopen           0

VERDICT: FAIL

GATE 2 SUMMARY: 1 trial(s), 0 PASS, 1 FAIL
[18:06:20] -------------------------------------------------------------
[18:06:20] GATE 2 COMPLETE — ONE transaction. txn_rc=0 analyzer_rc=1
[18:06:20] evidence: /home/philip/Projects/DNP3/defense3/evidence/ksweep_hold/20260803T175912Z/gate2_20260803T180611Z
[18:06:20] 
[18:06:20] STOPPING HERE BY DESIGN. Gates 3 (five transactions) and 4 (three
[18:06:20] boundary cases) are separate, human-gated steps and are NOT in this script.
[18:06:20] 
[18:06:20] The EXIT trap now restores the known-good state via the proven runner.
[18:06:20] on_exit: rc=1 — running restoration
[18:06:20] D3_SKIP_RESTORE=1 — NOT restoring. The switch is left as this run found
[18:06:20] it, and restoring it is now YOUR responsibility:
[18:06:20]   bash /home/philip/Projects/DNP3/research/case_a_read_anchored_dual_release/run/run_four_queue_oracle.sh --restore-only
[18:06:20] exit 1
[18:06:20] trial K=64 D=16ms B=18000 rep=1
[18:06:20] acquired /tmp/case_a_defense3_gate2.lock (pid 3269250)
[18:06:20] mode=gate2 dryrun=0 prog=case_a_defense3 skip_restore=1
[18:06:21] pre-run switch state: {"n_bf_switchd":1,"pid":"597143","conf":"/home/decps/d3/d3_final_synth.conf","p4_name":"case_a_defense3"}
[18:06:21] === GATE 2: ONE synthetic transaction, then STOP ===
[18:06:21] D=16 ms  budget=18000  scenario=gate2-2timer  ipg=500000 ns  gen=0xC0
[18:06:21] evidence: /home/philip/Projects/DNP3/defense3/evidence/ksweep_hold/20260803T175912Z/gate2_20260803T180620Z
[18:06:21] --- staging /home/philip/Projects/DNP3/defense3/run/poll_defense3.py + the Gate-1 setup module -> decps@10.10.54.81:/home/decps/d3gate2 ---
[18:06:22] --- preflight cleanup + clean assertion ---
[18:06:27] transaction returned rc=0
[18:06:29] --- scoring ---
==============================================================================
DEFENSE 3 — §13 GATE 2 — gate2_txn.json
==============================================================================
RES    ID     REQUIREMENT
------ ------ ----------------------------------------------------------
PASS   V-01   trial ran to completion (verdict COMPLETE)
                verdict='COMPLETE'
PASS   V-02   trial asserted a CLEAN START and was not refused
                reasons=[]
PASS   V-03   mandatory cleanup ran (from the `finally`)
                cleanup_synth present=True
PASS   C-R1   dp8 speed == BF_SPEED_25G on BOTH the MAC and the TM
                MAC $SPEED='BF_SPEED_25G', TM scheduling_speed='BF_SPEED_25G'
                (both must be BF_SPEED_25G)
PASS   G-01   one READ
                ARM_FRESH=1 ARM_DUP=0 ARM_BUSY=0
PASS   G-02   one K=64 blocker burst
                PKTGEN_ADMIT=64 (want 64) PKTGEN_DROP=0
PASS   G-03   one ACK admitted to Q_HOLD
                ACK_HOLD=1 ACK_DUP_HOLD=0 ACK_REJECT=0
PASS   G-04   one EARLY RESPONSE admitted behind the ACK
                RESP_HOLD_EARLY=1 (the ACK had not yet been released)
                RESP_HOLD_LATE=0 RESP_BYPASS=0
PASS   G-05   no ACK before t_ACK + D
                hold=16001720 ns, D=16000000.0 ns, raw error=1720.0 ns (must
                be >= 0)
PASS   G-06   no RESPONSE before the ACK
                t_resp_release - t_ack_release = 27 ns (must be > 0; a
                negative value is the wire order INVERTED)
PASS   G-07   ACK released FIRST
                CD_ACK_RELEASE=1 + CD_ACK_REL_RETIRE=0 (E1 partitions the
                releases, so the SUM is the count) = 1, ordering gap=27 ns
PASS   G-08   RESPONSE released SECOND
                RELEASE_DEADLINE=1 RELEASE_FAILOPEN=0 (the two causes
                partition the releases, so the sum is the release count)
PASS   G-09   all blockers terminate (admitted == stale + deadline + budget)
                admitted=64 terminated=64 (stale=0 deadline=64 budget=0)
PASS   G-10   transaction returns clean (generation retired by the released RESPONSE, no drops, no off-topology packets)
                reg_tag BEFORE cleanup = 0x00 (want 0x00 = TAG_INACTIVE);
                BAD_PORT=0 (the trigger CLONE is counted as CLONE_SEEN=1, NOT
                as BAD_PORT); queue drops=[('qid7', 0), ('qid1', 0)]
PASS   C-R2   reservoir standing: t_first_blocker - t_READ < 100000 ns
                t_first_block - t_READ = 715 ns (bound 100000). A LATE
                reservoir is a SILENT ZERO-HOLD: the ACK arrives min 0.400 ms
                after the READ, so an unblocked Q_HOLD releases it immediately
                and every counter still reads normal.
PASS   C-R4   ACK_RELEASE_FAILOPEN == 0
                BLOCK_TERM_TMO + RELEASE_FAILOPEN = 0. Non-zero means the
                reservoir drained on the pass budget B, so the trial measured
                H = B*K/rate, NOT D.
PASS   C-R5   corrected deadline error |hold - (D + K/rate)| <= 1000 ns
                hold=16001720 ns; D=16000000.0 ns; K/rate=1711.230 ns; raw
                error=+1720.000 ns; CORRECTED error=+8.770 ns. The raw error
                carries a deterministic +1711.230 ns bias; reporting it as
                jitter is the default failure of this measurement.
INFO   I-01   READ -> ACK interval (should track the hardware ipg)
                t_ack_arm - t_READ = 500010 ns, ipg = 500000 ns
INFO   I-02   release tail: ACK -> RESPONSE on the wire
                27 ns
INFO   I-03   blocker loops (dp8 traversals consumed)
                CD_BLOCK_LOOP = 613819

MEASURED SEPARATELY (the direction's Gate-2 list)
  t_ACK (deadline armed)                 2664110096 ns
  d_ACK (the armed deadline word)        2680110081 ns
  first deadline termination             2680110095 ns
  final deadline termination             2680111788 ns
  ACK forward commitment                 2680111816 ns
  RESPONSE forward commitment            2680111843 ns
  actual ACK hold                        16001720 ns
  drain (first -> final termination)     1693 ns
  drain tail (final term -> ACK out)     28 ns
  ACK -> RESPONSE separation             27 ns
  READ -> pktgen trigger                 705 ns
  READ -> full K reservoir               1232 ns

DERIVED
  hold_ns                        16001720
  D_ns                           16000000.0
  tau_ns                         1711.2299465240642
  D_plus_tau_ns                  16001711.229946524
  deadline_error_raw_ns          1720.0
  deadline_error_corrected_ns    8.77005347593581
  reservoir_standing_ns          715
  read_to_ack_ns                 500010
  ack_to_resp_release_ns         27
  blockers_admitted              64
  blockers_terminated            64
  ack_release_failopen           0

VERDICT: PASS

GATE 2 SUMMARY: 1 trial(s), 1 PASS, 0 FAIL
[18:06:29] -------------------------------------------------------------
[18:06:29] GATE 2 COMPLETE — ONE transaction. txn_rc=0 analyzer_rc=0
[18:06:29] evidence: /home/philip/Projects/DNP3/defense3/evidence/ksweep_hold/20260803T175912Z/gate2_20260803T180620Z
[18:06:29] 
[18:06:29] STOPPING HERE BY DESIGN. Gates 3 (five transactions) and 4 (three
[18:06:29] boundary cases) are separate, human-gated steps and are NOT in this script.
[18:06:29] 
[18:06:29] The EXIT trap now restores the known-good state via the proven runner.
[18:06:29] on_exit: rc=0 — running restoration
[18:06:29] D3_SKIP_RESTORE=1 — NOT restoring. The switch is left as this run found
[18:06:29] it, and restoring it is now YOUR responsibility:
[18:06:29]   bash /home/philip/Projects/DNP3/research/case_a_read_anchored_dual_release/run/run_four_queue_oracle.sh --restore-only
[18:06:29] exit 0
[18:06:29] trial K=24 D=16ms B=35063 rep=1
[18:06:29] acquired /tmp/case_a_defense3_gate2.lock (pid 3269394)
[18:06:29] mode=gate2 dryrun=0 prog=case_a_defense3 skip_restore=1
[18:06:30] pre-run switch state: {"n_bf_switchd":1,"pid":"597143","conf":"/home/decps/d3/d3_final_synth.conf","p4_name":"case_a_defense3"}
[18:06:30] === GATE 2: ONE synthetic transaction, then STOP ===
[18:06:30] D=16 ms  budget=35063  scenario=gate2-2timer  ipg=500000 ns  gen=0xC0
[18:06:30] evidence: /home/philip/Projects/DNP3/defense3/evidence/ksweep_hold/20260803T175912Z/gate2_20260803T180629Z
[18:06:30] --- staging /home/philip/Projects/DNP3/defense3/run/poll_defense3.py + the Gate-1 setup module -> decps@10.10.54.81:/home/decps/d3gate2 ---
[18:06:31] --- preflight cleanup + clean assertion ---
[18:06:36] transaction returned rc=0
[18:06:38] --- scoring ---
==============================================================================
DEFENSE 3 — §13 GATE 2 — gate2_txn.json
==============================================================================
RES    ID     REQUIREMENT
------ ------ ----------------------------------------------------------
PASS   V-01   trial ran to completion (verdict COMPLETE)
                verdict='COMPLETE'
PASS   V-02   trial asserted a CLEAN START and was not refused
                reasons=[]
PASS   V-03   mandatory cleanup ran (from the `finally`)
                cleanup_synth present=True
PASS   C-R1   dp8 speed == BF_SPEED_25G on BOTH the MAC and the TM
                MAC $SPEED='BF_SPEED_25G', TM scheduling_speed='BF_SPEED_25G'
                (both must be BF_SPEED_25G)
PASS   G-01   one READ
                ARM_FRESH=1 ARM_DUP=0 ARM_BUSY=0
PASS   G-02   one K=24 blocker burst
                PKTGEN_ADMIT=24 (want 24) PKTGEN_DROP=0
PASS   G-03   one ACK admitted to Q_HOLD
                ACK_HOLD=1 ACK_DUP_HOLD=0 ACK_REJECT=0
FAIL   G-04   one EARLY RESPONSE admitted behind the ACK
                RESP_HOLD_EARLY=0 (the ACK had not yet been released)
                RESP_HOLD_LATE=0 RESP_BYPASS=1
FAIL   G-05   no ACK before t_ACK + D
                hold=605 ns, D=16000000.0 ns, raw error=-15999395.0 ns (must
                be >= 0)
INDETERMINATE G-06   no RESPONSE before the ACK
                t_resp_release - t_ack_release = None ns (must be > 0; a
                negative value is the wire order INVERTED)
INDETERMINATE G-07   ACK released FIRST
                CD_ACK_RELEASE=0 + CD_ACK_REL_RETIRE=1 (E1 partitions the
                releases, so the SUM is the count) = 1, ordering gap=None ns
FAIL   G-08   RESPONSE released SECOND
                RELEASE_DEADLINE=0 RELEASE_FAILOPEN=0 (the two causes
                partition the releases, so the sum is the release count)
PASS   G-09   all blockers terminate (admitted == stale + deadline + budget)
                admitted=24 terminated=24 (stale=24 deadline=0 budget=0)
PASS   G-10   transaction returns clean (generation retired by the released RESPONSE, no drops, no off-topology packets)
                reg_tag BEFORE cleanup = 0x00 (want 0x00 = TAG_INACTIVE);
                BAD_PORT=0 (the trigger CLONE is counted as CLONE_SEEN=1, NOT
                as BAD_PORT); queue drops=[('qid7', 0), ('qid1', 0)]
PASS   C-R2   reservoir standing: t_first_blocker - t_READ < 100000 ns
                t_first_block - t_READ = 715 ns (bound 100000). A LATE
                reservoir is a SILENT ZERO-HOLD: the ACK arrives min 0.400 ms
                after the READ, so an unblocked Q_HOLD releases it immediately
                and every counter still reads normal.
PASS   C-R4   ACK_RELEASE_FAILOPEN == 0
                BLOCK_TERM_TMO + RELEASE_FAILOPEN = 0. Non-zero means the
                reservoir drained on the pass budget B, so the trial measured
                H = B*K/rate, NOT D.
FAIL   C-R5   corrected deadline error |hold - (D + K/rate)| <= 1000 ns
                hold=605 ns; D=16000000.0 ns; K/rate=641.711 ns; raw
                error=-15999395.000 ns; CORRECTED error=-16000036.711 ns. The
                raw error carries a deterministic +641.711 ns bias; reporting
                it as jitter is the default failure of this measurement.
INFO   I-01   READ -> ACK interval (should track the hardware ipg)
                t_ack_arm - t_READ = 500010 ns, ipg = 500000 ns
INFO   I-02   release tail: ACK -> RESPONSE on the wire
                None ns
INFO   I-03   blocker loops (dp8 traversals consumed)
                CD_BLOCK_LOOP = 18580

MEASURED SEPARATELY (the direction's Gate-2 list)
  t_ACK (deadline armed)                 3010064387 ns
  d_ACK (the armed deadline word)        3026064385 ns
  first deadline termination             3010065021 ns
  final deadline termination             3010065639 ns
  ACK forward commitment                 3010064992 ns
  RESPONSE forward commitment            n/a
  actual ACK hold                        605 ns
  drain (first -> final termination)     618 ns
  drain tail (final term -> ACK out)     -647 ns
  ACK -> RESPONSE separation             n/a
  READ -> pktgen trigger                 705 ns
  READ -> full K reservoir               904 ns

DERIVED
  hold_ns                        605
  D_ns                           16000000.0
  tau_ns                         641.7112299465241
  D_plus_tau_ns                  16000641.711229946
  deadline_error_raw_ns          -15999395.0
  deadline_error_corrected_ns    -16000036.711229946
  reservoir_standing_ns          715
  read_to_ack_ns                 500010
  ack_to_resp_release_ns         None
  blockers_admitted              24
  blockers_terminated            24
  ack_release_failopen           0

VERDICT: FAIL

GATE 2 SUMMARY: 1 trial(s), 0 PASS, 1 FAIL
[18:06:38] -------------------------------------------------------------
[18:06:38] GATE 2 COMPLETE — ONE transaction. txn_rc=0 analyzer_rc=1
[18:06:38] evidence: /home/philip/Projects/DNP3/defense3/evidence/ksweep_hold/20260803T175912Z/gate2_20260803T180629Z
[18:06:38] 
[18:06:38] STOPPING HERE BY DESIGN. Gates 3 (five transactions) and 4 (three
[18:06:38] boundary cases) are separate, human-gated steps and are NOT in this script.
[18:06:38] 
[18:06:38] The EXIT trap now restores the known-good state via the proven runner.
[18:06:38] on_exit: rc=1 — running restoration
[18:06:38] D3_SKIP_RESTORE=1 — NOT restoring. The switch is left as this run found
[18:06:38] it, and restoring it is now YOUR responsibility:
[18:06:38]   bash /home/philip/Projects/DNP3/research/case_a_read_anchored_dual_release/run/run_four_queue_oracle.sh --restore-only
[18:06:38] exit 1
[18:06:38] trial K=16 D=16ms B=52594 rep=1
[18:06:38] acquired /tmp/case_a_defense3_gate2.lock (pid 3269539)
[18:06:38] mode=gate2 dryrun=0 prog=case_a_defense3 skip_restore=1
[18:06:39] pre-run switch state: {"n_bf_switchd":1,"pid":"597143","conf":"/home/decps/d3/d3_final_synth.conf","p4_name":"case_a_defense3"}
[18:06:39] === GATE 2: ONE synthetic transaction, then STOP ===
[18:06:39] D=16 ms  budget=52594  scenario=gate2-2timer  ipg=500000 ns  gen=0xC0
[18:06:39] evidence: /home/philip/Projects/DNP3/defense3/evidence/ksweep_hold/20260803T175912Z/gate2_20260803T180638Z
[18:06:39] --- staging /home/philip/Projects/DNP3/defense3/run/poll_defense3.py + the Gate-1 setup module -> decps@10.10.54.81:/home/decps/d3gate2 ---
[18:06:40] --- preflight cleanup + clean assertion ---
[18:06:45] transaction returned rc=0
[18:06:47] --- scoring ---
==============================================================================
DEFENSE 3 — §13 GATE 2 — gate2_txn.json
==============================================================================
RES    ID     REQUIREMENT
------ ------ ----------------------------------------------------------
PASS   V-01   trial ran to completion (verdict COMPLETE)
                verdict='COMPLETE'
PASS   V-02   trial asserted a CLEAN START and was not refused
                reasons=[]
PASS   V-03   mandatory cleanup ran (from the `finally`)
                cleanup_synth present=True
PASS   C-R1   dp8 speed == BF_SPEED_25G on BOTH the MAC and the TM
                MAC $SPEED='BF_SPEED_25G', TM scheduling_speed='BF_SPEED_25G'
                (both must be BF_SPEED_25G)
PASS   G-01   one READ
                ARM_FRESH=1 ARM_DUP=0 ARM_BUSY=0
PASS   G-02   one K=16 blocker burst
                PKTGEN_ADMIT=16 (want 16) PKTGEN_DROP=0
PASS   G-03   one ACK admitted to Q_HOLD
                ACK_HOLD=1 ACK_DUP_HOLD=0 ACK_REJECT=0
FAIL   G-04   one EARLY RESPONSE admitted behind the ACK
                RESP_HOLD_EARLY=0 (the ACK had not yet been released)
                RESP_HOLD_LATE=0 RESP_BYPASS=1
FAIL   G-05   no ACK before t_ACK + D
                hold=496 ns, D=16000000.0 ns, raw error=-15999504.0 ns (must
                be >= 0)
INDETERMINATE G-06   no RESPONSE before the ACK
                t_resp_release - t_ack_release = None ns (must be > 0; a
                negative value is the wire order INVERTED)
INDETERMINATE G-07   ACK released FIRST
                CD_ACK_RELEASE=0 + CD_ACK_REL_RETIRE=1 (E1 partitions the
                releases, so the SUM is the count) = 1, ordering gap=None ns
FAIL   G-08   RESPONSE released SECOND
                RELEASE_DEADLINE=0 RELEASE_FAILOPEN=0 (the two causes
                partition the releases, so the sum is the release count)
PASS   G-09   all blockers terminate (admitted == stale + deadline + budget)
                admitted=16 terminated=16 (stale=16 deadline=0 budget=0)
PASS   G-10   transaction returns clean (generation retired by the released RESPONSE, no drops, no off-topology packets)
                reg_tag BEFORE cleanup = 0x00 (want 0x00 = TAG_INACTIVE);
                BAD_PORT=0 (the trigger CLONE is counted as CLONE_SEEN=1, NOT
                as BAD_PORT); queue drops=[('qid7', 0), ('qid1', 0)]
PASS   C-R2   reservoir standing: t_first_blocker - t_READ < 100000 ns
                t_first_block - t_READ = 715 ns (bound 100000). A LATE
                reservoir is a SILENT ZERO-HOLD: the ACK arrives min 0.400 ms
                after the READ, so an unblocked Q_HOLD releases it immediately
                and every counter still reads normal.
PASS   C-R4   ACK_RELEASE_FAILOPEN == 0
                BLOCK_TERM_TMO + RELEASE_FAILOPEN = 0. Non-zero means the
                reservoir drained on the pass budget B, so the trial measured
                H = B*K/rate, NOT D.
FAIL   C-R5   corrected deadline error |hold - (D + K/rate)| <= 1000 ns
                hold=496 ns; D=16000000.0 ns; K/rate=427.807 ns; raw
                error=-15999504.000 ns; CORRECTED error=-15999931.807 ns. The
                raw error carries a deterministic +427.807 ns bias; reporting
                it as jitter is the default failure of this measurement.
INFO   I-01   READ -> ACK interval (should track the hardware ipg)
                t_ack_arm - t_READ = 500010 ns, ipg = 500000 ns
INFO   I-02   release tail: ACK -> RESPONSE on the wire
                None ns
INFO   I-03   blocker loops (dp8 traversals consumed)
                CD_BLOCK_LOOP = 14967

MEASURED SEPARATELY (the direction's Gate-2 list)
  t_ACK (deadline armed)                 3394919627 ns
  d_ACK (the armed deadline word)        3410919425 ns
  first deadline termination             3394920151 ns
  final deadline termination             3394920629 ns
  ACK forward commitment                 3394920123 ns
  RESPONSE forward commitment            n/a
  actual ACK hold                        496 ns
  drain (first -> final termination)     478 ns
  drain tail (final term -> ACK out)     -506 ns
  ACK -> RESPONSE separation             n/a
  READ -> pktgen trigger                 704 ns
  READ -> full K reservoir               838 ns

DERIVED
  hold_ns                        496
  D_ns                           16000000.0
  tau_ns                         427.80748663101605
  D_plus_tau_ns                  16000427.807486631
  deadline_error_raw_ns          -15999504.0
  deadline_error_corrected_ns    -15999931.807486631
  reservoir_standing_ns          715
  read_to_ack_ns                 500010
  ack_to_resp_release_ns         None
  blockers_admitted              16
  blockers_terminated            16
  ack_release_failopen           0

VERDICT: FAIL

GATE 2 SUMMARY: 1 trial(s), 0 PASS, 1 FAIL
[18:06:47] -------------------------------------------------------------
[18:06:47] GATE 2 COMPLETE — ONE transaction. txn_rc=0 analyzer_rc=1
[18:06:47] evidence: /home/philip/Projects/DNP3/defense3/evidence/ksweep_hold/20260803T175912Z/gate2_20260803T180638Z
[18:06:47] 
[18:06:47] STOPPING HERE BY DESIGN. Gates 3 (five transactions) and 4 (three
[18:06:47] boundary cases) are separate, human-gated steps and are NOT in this script.
[18:06:47] 
[18:06:47] The EXIT trap now restores the known-good state via the proven runner.
[18:06:47] on_exit: rc=1 — running restoration
[18:06:47] D3_SKIP_RESTORE=1 — NOT restoring. The switch is left as this run found
[18:06:47] it, and restoring it is now YOUR responsibility:
[18:06:47]   bash /home/philip/Projects/DNP3/research/case_a_read_anchored_dual_release/run/run_four_queue_oracle.sh --restore-only
[18:06:47] exit 1
[18:06:47] trial K=12 D=16ms B=70125 rep=1
[18:06:47] acquired /tmp/case_a_defense3_gate2.lock (pid 3269682)
[18:06:47] mode=gate2 dryrun=0 prog=case_a_defense3 skip_restore=1
[18:06:48] pre-run switch state: {"n_bf_switchd":1,"pid":"597143","conf":"/home/decps/d3/d3_final_synth.conf","p4_name":"case_a_defense3"}
[18:06:48] === GATE 2: ONE synthetic transaction, then STOP ===
[18:06:48] D=16 ms  budget=70125  scenario=gate2-2timer  ipg=500000 ns  gen=0xC0
[18:06:48] evidence: /home/philip/Projects/DNP3/defense3/evidence/ksweep_hold/20260803T175912Z/gate2_20260803T180647Z
[18:06:48] --- staging /home/philip/Projects/DNP3/defense3/run/poll_defense3.py + the Gate-1 setup module -> decps@10.10.54.81:/home/decps/d3gate2 ---
[18:06:49] --- preflight cleanup + clean assertion ---
[18:06:54] transaction returned rc=0
[18:06:56] --- scoring ---
==============================================================================
DEFENSE 3 — §13 GATE 2 — gate2_txn.json
==============================================================================
RES    ID     REQUIREMENT
------ ------ ----------------------------------------------------------
PASS   V-01   trial ran to completion (verdict COMPLETE)
                verdict='COMPLETE'
PASS   V-02   trial asserted a CLEAN START and was not refused
                reasons=[]
PASS   V-03   mandatory cleanup ran (from the `finally`)
                cleanup_synth present=True
PASS   C-R1   dp8 speed == BF_SPEED_25G on BOTH the MAC and the TM
                MAC $SPEED='BF_SPEED_25G', TM scheduling_speed='BF_SPEED_25G'
                (both must be BF_SPEED_25G)
PASS   G-01   one READ
                ARM_FRESH=1 ARM_DUP=0 ARM_BUSY=0
PASS   G-02   one K=12 blocker burst
                PKTGEN_ADMIT=12 (want 12) PKTGEN_DROP=0
PASS   G-03   one ACK admitted to Q_HOLD
                ACK_HOLD=1 ACK_DUP_HOLD=0 ACK_REJECT=0
FAIL   G-04   one EARLY RESPONSE admitted behind the ACK
                RESP_HOLD_EARLY=0 (the ACK had not yet been released)
                RESP_HOLD_LATE=0 RESP_BYPASS=1
FAIL   G-05   no ACK before t_ACK + D
                hold=493 ns, D=16000000.0 ns, raw error=-15999507.0 ns (must
                be >= 0)
INDETERMINATE G-06   no RESPONSE before the ACK
                t_resp_release - t_ack_release = None ns (must be > 0; a
                negative value is the wire order INVERTED)
INDETERMINATE G-07   ACK released FIRST
                CD_ACK_RELEASE=0 + CD_ACK_REL_RETIRE=1 (E1 partitions the
                releases, so the SUM is the count) = 1, ordering gap=None ns
FAIL   G-08   RESPONSE released SECOND
                RELEASE_DEADLINE=0 RELEASE_FAILOPEN=0 (the two causes
                partition the releases, so the sum is the release count)
PASS   G-09   all blockers terminate (admitted == stale + deadline + budget)
                admitted=12 terminated=12 (stale=12 deadline=0 budget=0)
PASS   G-10   transaction returns clean (generation retired by the released RESPONSE, no drops, no off-topology packets)
                reg_tag BEFORE cleanup = 0x00 (want 0x00 = TAG_INACTIVE);
                BAD_PORT=0 (the trigger CLONE is counted as CLONE_SEEN=1, NOT
                as BAD_PORT); queue drops=[('qid7', 0), ('qid1', 0)]
PASS   C-R2   reservoir standing: t_first_blocker - t_READ < 100000 ns
                t_first_block - t_READ = 715 ns (bound 100000). A LATE
                reservoir is a SILENT ZERO-HOLD: the ACK arrives min 0.400 ms
                after the READ, so an unblocked Q_HOLD releases it immediately
                and every counter still reads normal.
PASS   C-R4   ACK_RELEASE_FAILOPEN == 0
                BLOCK_TERM_TMO + RELEASE_FAILOPEN = 0. Non-zero means the
                reservoir drained on the pass budget B, so the trial measured
                H = B*K/rate, NOT D.
FAIL   C-R5   corrected deadline error |hold - (D + K/rate)| <= 1000 ns
                hold=493 ns; D=16000000.0 ns; K/rate=320.856 ns; raw
                error=-15999507.000 ns; CORRECTED error=-15999827.856 ns. The
                raw error carries a deterministic +320.856 ns bias; reporting
                it as jitter is the default failure of this measurement.
INFO   I-01   READ -> ACK interval (should track the hardware ipg)
                t_ack_arm - t_READ = 500010 ns, ipg = 500000 ns
INFO   I-02   release tail: ACK -> RESPONSE on the wire
                None ns
INFO   I-03   blocker loops (dp8 traversals consumed)
                CD_BLOCK_LOOP = 11232

MEASURED SEPARATELY (the direction's Gate-2 list)
  t_ACK (deadline armed)                 3722816281 ns
  d_ACK (the armed deadline word)        3738816257 ns
  first deadline termination             3722816817 ns
  final deadline termination             3722817192 ns
  ACK forward commitment                 3722816774 ns
  RESPONSE forward commitment            n/a
  actual ACK hold                        493 ns
  drain (first -> final termination)     375 ns
  drain tail (final term -> ACK out)     -418 ns
  ACK -> RESPONSE separation             n/a
  READ -> pktgen trigger                 705 ns
  READ -> full K reservoir               806 ns

DERIVED
  hold_ns                        493
  D_ns                           16000000.0
  tau_ns                         320.85561497326205
  D_plus_tau_ns                  16000320.855614973
  deadline_error_raw_ns          -15999507.0
  deadline_error_corrected_ns    -15999827.855614973
  reservoir_standing_ns          715
  read_to_ack_ns                 500010
  ack_to_resp_release_ns         None
  blockers_admitted              12
  blockers_terminated            12
  ack_release_failopen           0

VERDICT: FAIL

GATE 2 SUMMARY: 1 trial(s), 0 PASS, 1 FAIL
[18:06:56] -------------------------------------------------------------
[18:06:56] GATE 2 COMPLETE — ONE transaction. txn_rc=0 analyzer_rc=1
[18:06:56] evidence: /home/philip/Projects/DNP3/defense3/evidence/ksweep_hold/20260803T175912Z/gate2_20260803T180647Z
[18:06:56] 
[18:06:56] STOPPING HERE BY DESIGN. Gates 3 (five transactions) and 4 (three
[18:06:56] boundary cases) are separate, human-gated steps and are NOT in this script.
[18:06:56] 
[18:06:56] The EXIT trap now restores the known-good state via the proven runner.
[18:06:56] on_exit: rc=1 — running restoration
[18:06:56] D3_SKIP_RESTORE=1 — NOT restoring. The switch is left as this run found
[18:06:56] it, and restoring it is now YOUR responsibility:
[18:06:56]   bash /home/philip/Projects/DNP3/research/case_a_read_anchored_dual_release/run/run_four_queue_oracle.sh --restore-only
[18:06:56] exit 1
[18:06:56] trial K=8 D=16ms B=105188 rep=1
[18:06:56] acquired /tmp/case_a_defense3_gate2.lock (pid 3269833)
[18:06:56] mode=gate2 dryrun=0 prog=case_a_defense3 skip_restore=1
[18:06:56] pre-run switch state: {"n_bf_switchd":1,"pid":"597143","conf":"/home/decps/d3/d3_final_synth.conf","p4_name":"case_a_defense3"}
[18:06:56] === GATE 2: ONE synthetic transaction, then STOP ===
[18:06:56] D=16 ms  budget=105188  scenario=gate2-2timer  ipg=500000 ns  gen=0xC0
[18:06:56] evidence: /home/philip/Projects/DNP3/defense3/evidence/ksweep_hold/20260803T175912Z/gate2_20260803T180656Z
[18:06:56] --- staging /home/philip/Projects/DNP3/defense3/run/poll_defense3.py + the Gate-1 setup module -> decps@10.10.54.81:/home/decps/d3gate2 ---
[18:06:58] --- preflight cleanup + clean assertion ---
[18:07:03] transaction returned rc=0
[18:07:04] --- scoring ---
==============================================================================
DEFENSE 3 — §13 GATE 2 — gate2_txn.json
==============================================================================
RES    ID     REQUIREMENT
------ ------ ----------------------------------------------------------
PASS   V-01   trial ran to completion (verdict COMPLETE)
                verdict='COMPLETE'
PASS   V-02   trial asserted a CLEAN START and was not refused
                reasons=[]
PASS   V-03   mandatory cleanup ran (from the `finally`)
                cleanup_synth present=True
PASS   C-R1   dp8 speed == BF_SPEED_25G on BOTH the MAC and the TM
                MAC $SPEED='BF_SPEED_25G', TM scheduling_speed='BF_SPEED_25G'
                (both must be BF_SPEED_25G)
PASS   G-01   one READ
                ARM_FRESH=1 ARM_DUP=0 ARM_BUSY=0
PASS   G-02   one K=8 blocker burst
                PKTGEN_ADMIT=8 (want 8) PKTGEN_DROP=0
PASS   G-03   one ACK admitted to Q_HOLD
                ACK_HOLD=1 ACK_DUP_HOLD=0 ACK_REJECT=0
FAIL   G-04   one EARLY RESPONSE admitted behind the ACK
                RESP_HOLD_EARLY=0 (the ACK had not yet been released)
                RESP_HOLD_LATE=0 RESP_BYPASS=1
FAIL   G-05   no ACK before t_ACK + D
                hold=495 ns, D=16000000.0 ns, raw error=-15999505.0 ns (must
                be >= 0)
INDETERMINATE G-06   no RESPONSE before the ACK
                t_resp_release - t_ack_release = None ns (must be > 0; a
                negative value is the wire order INVERTED)
INDETERMINATE G-07   ACK released FIRST
                CD_ACK_RELEASE=0 + CD_ACK_REL_RETIRE=1 (E1 partitions the
                releases, so the SUM is the count) = 1, ordering gap=None ns
FAIL   G-08   RESPONSE released SECOND
                RELEASE_DEADLINE=0 RELEASE_FAILOPEN=0 (the two causes
                partition the releases, so the sum is the release count)
PASS   G-09   all blockers terminate (admitted == stale + deadline + budget)
                admitted=8 terminated=8 (stale=8 deadline=0 budget=0)
PASS   G-10   transaction returns clean (generation retired by the released RESPONSE, no drops, no off-topology packets)
                reg_tag BEFORE cleanup = 0x00 (want 0x00 = TAG_INACTIVE);
                BAD_PORT=0 (the trigger CLONE is counted as CLONE_SEEN=1, NOT
                as BAD_PORT); queue drops=[('qid7', 0), ('qid1', 0)]
PASS   C-R2   reservoir standing: t_first_blocker - t_READ < 100000 ns
                t_first_block - t_READ = 716 ns (bound 100000). A LATE
                reservoir is a SILENT ZERO-HOLD: the ACK arrives min 0.400 ms
                after the READ, so an unblocked Q_HOLD releases it immediately
                and every counter still reads normal.
PASS   C-R4   ACK_RELEASE_FAILOPEN == 0
                BLOCK_TERM_TMO + RELEASE_FAILOPEN = 0. Non-zero means the
                reservoir drained on the pass budget B, so the trial measured
                H = B*K/rate, NOT D.
FAIL   C-R5   corrected deadline error |hold - (D + K/rate)| <= 1000 ns
                hold=495 ns; D=16000000.0 ns; K/rate=213.904 ns; raw
                error=-15999505.000 ns; CORRECTED error=-15999718.904 ns. The
                raw error carries a deterministic +213.904 ns bias; reporting
                it as jitter is the default failure of this measurement.
INFO   I-01   READ -> ACK interval (should track the hardware ipg)
                t_ack_arm - t_READ = 500010 ns, ipg = 500000 ns
INFO   I-02   release tail: ACK -> RESPONSE on the wire
                None ns
INFO   I-03   blocker loops (dp8 traversals consumed)
                CD_BLOCK_LOOP = 7492

MEASURED SEPARATELY (the direction's Gate-2 list)
  t_ACK (deadline armed)                 4059135494 ns
  d_ACK (the armed deadline word)        4075135489 ns
  first deadline termination             4059136015 ns
  final deadline termination             4059136490 ns
  ACK forward commitment                 4059135989 ns
  RESPONSE forward commitment            n/a
  actual ACK hold                        495 ns
  drain (first -> final termination)     475 ns
  drain tail (final term -> ACK out)     -501 ns
  ACK -> RESPONSE separation             n/a
  READ -> pktgen trigger                 706 ns
  READ -> full K reservoir               774 ns

DERIVED
  hold_ns                        495
  D_ns                           16000000.0
  tau_ns                         213.90374331550802
  D_plus_tau_ns                  16000213.903743315
  deadline_error_raw_ns          -15999505.0
  deadline_error_corrected_ns    -15999718.903743315
  reservoir_standing_ns          716
  read_to_ack_ns                 500010
  ack_to_resp_release_ns         None
  blockers_admitted              8
  blockers_terminated            8
  ack_release_failopen           0

VERDICT: FAIL

GATE 2 SUMMARY: 1 trial(s), 0 PASS, 1 FAIL
[18:07:04] -------------------------------------------------------------
[18:07:04] GATE 2 COMPLETE — ONE transaction. txn_rc=0 analyzer_rc=1
[18:07:04] evidence: /home/philip/Projects/DNP3/defense3/evidence/ksweep_hold/20260803T175912Z/gate2_20260803T180656Z
[18:07:04] 
[18:07:04] STOPPING HERE BY DESIGN. Gates 3 (five transactions) and 4 (three
[18:07:04] boundary cases) are separate, human-gated steps and are NOT in this script.
[18:07:04] 
[18:07:04] The EXIT trap now restores the known-good state via the proven runner.
[18:07:04] on_exit: rc=1 — running restoration
[18:07:04] D3_SKIP_RESTORE=1 — NOT restoring. The switch is left as this run found
[18:07:04] it, and restoring it is now YOUR responsibility:
[18:07:04]   bash /home/philip/Projects/DNP3/research/case_a_read_anchored_dual_release/run/run_four_queue_oracle.sh --restore-only
[18:07:04] exit 1
[18:07:05] trial K=64 D=16ms B=18000 rep=2
[18:07:05] acquired /tmp/case_a_defense3_gate2.lock (pid 3269976)
[18:07:05] mode=gate2 dryrun=0 prog=case_a_defense3 skip_restore=1
[18:07:05] pre-run switch state: {"n_bf_switchd":1,"pid":"597143","conf":"/home/decps/d3/d3_final_synth.conf","p4_name":"case_a_defense3"}
[18:07:05] === GATE 2: ONE synthetic transaction, then STOP ===
[18:07:05] D=16 ms  budget=18000  scenario=gate2-2timer  ipg=500000 ns  gen=0xC0
[18:07:05] evidence: /home/philip/Projects/DNP3/defense3/evidence/ksweep_hold/20260803T175912Z/gate2_20260803T180705Z
[18:07:05] --- staging /home/philip/Projects/DNP3/defense3/run/poll_defense3.py + the Gate-1 setup module -> decps@10.10.54.81:/home/decps/d3gate2 ---
[18:07:07] --- preflight cleanup + clean assertion ---
[18:07:12] transaction returned rc=0
[18:07:13] --- scoring ---
==============================================================================
DEFENSE 3 — §13 GATE 2 — gate2_txn.json
==============================================================================
RES    ID     REQUIREMENT
------ ------ ----------------------------------------------------------
PASS   V-01   trial ran to completion (verdict COMPLETE)
                verdict='COMPLETE'
PASS   V-02   trial asserted a CLEAN START and was not refused
                reasons=[]
PASS   V-03   mandatory cleanup ran (from the `finally`)
                cleanup_synth present=True
PASS   C-R1   dp8 speed == BF_SPEED_25G on BOTH the MAC and the TM
                MAC $SPEED='BF_SPEED_25G', TM scheduling_speed='BF_SPEED_25G'
                (both must be BF_SPEED_25G)
PASS   G-01   one READ
                ARM_FRESH=1 ARM_DUP=0 ARM_BUSY=0
PASS   G-02   one K=64 blocker burst
                PKTGEN_ADMIT=64 (want 64) PKTGEN_DROP=0
PASS   G-03   one ACK admitted to Q_HOLD
                ACK_HOLD=1 ACK_DUP_HOLD=0 ACK_REJECT=0
PASS   G-04   one EARLY RESPONSE admitted behind the ACK
                RESP_HOLD_EARLY=1 (the ACK had not yet been released)
                RESP_HOLD_LATE=0 RESP_BYPASS=0
PASS   G-05   no ACK before t_ACK + D
                hold=16001586 ns, D=16000000.0 ns, raw error=1586.0 ns (must
                be >= 0)
PASS   G-06   no RESPONSE before the ACK
                t_resp_release - t_ack_release = 29 ns (must be > 0; a
                negative value is the wire order INVERTED)
PASS   G-07   ACK released FIRST
                CD_ACK_RELEASE=1 + CD_ACK_REL_RETIRE=0 (E1 partitions the
                releases, so the SUM is the count) = 1, ordering gap=29 ns
PASS   G-08   RESPONSE released SECOND
                RELEASE_DEADLINE=1 RELEASE_FAILOPEN=0 (the two causes
                partition the releases, so the sum is the release count)
PASS   G-09   all blockers terminate (admitted == stale + deadline + budget)
                admitted=64 terminated=64 (stale=0 deadline=64 budget=0)
PASS   G-10   transaction returns clean (generation retired by the released RESPONSE, no drops, no off-topology packets)
                reg_tag BEFORE cleanup = 0x00 (want 0x00 = TAG_INACTIVE);
                BAD_PORT=0 (the trigger CLONE is counted as CLONE_SEEN=1, NOT
                as BAD_PORT); queue drops=[('qid7', 0), ('qid1', 0)]
PASS   C-R2   reservoir standing: t_first_blocker - t_READ < 100000 ns
                t_first_block - t_READ = 717 ns (bound 100000). A LATE
                reservoir is a SILENT ZERO-HOLD: the ACK arrives min 0.400 ms
                after the READ, so an unblocked Q_HOLD releases it immediately
                and every counter still reads normal.
PASS   C-R4   ACK_RELEASE_FAILOPEN == 0
                BLOCK_TERM_TMO + RELEASE_FAILOPEN = 0. Non-zero means the
                reservoir drained on the pass budget B, so the trial measured
                H = B*K/rate, NOT D.
PASS   C-R5   corrected deadline error |hold - (D + K/rate)| <= 1000 ns
                hold=16001586 ns; D=16000000.0 ns; K/rate=1711.230 ns; raw
                error=+1586.000 ns; CORRECTED error=-125.230 ns. The raw error
                carries a deterministic +1711.230 ns bias; reporting it as
                jitter is the default failure of this measurement.
INFO   I-01   READ -> ACK interval (should track the hardware ipg)
                t_ack_arm - t_READ = 500010 ns, ipg = 500000 ns
INFO   I-02   release tail: ACK -> RESPONSE on the wire
                29 ns
INFO   I-03   blocker loops (dp8 traversals consumed)
                CD_BLOCK_LOOP = 613814

MEASURED SEPARATELY (the direction's Gate-2 list)
  t_ACK (deadline armed)                 24205980 ns
  d_ACK (the armed deadline word)        40205825 ns
  first deadline termination             40205846 ns
  final deadline termination             40207540 ns
  ACK forward commitment                 40207566 ns
  RESPONSE forward commitment            40207595 ns
  actual ACK hold                        16001586 ns
  drain (first -> final termination)     1694 ns
  drain tail (final term -> ACK out)     26 ns
  ACK -> RESPONSE separation             29 ns
  READ -> pktgen trigger                 706 ns
  READ -> full K reservoir               1233 ns

DERIVED
  hold_ns                        16001586
  D_ns                           16000000.0
  tau_ns                         1711.2299465240642
  D_plus_tau_ns                  16001711.229946524
  deadline_error_raw_ns          1586.0
  deadline_error_corrected_ns    -125.22994652406419
  reservoir_standing_ns          717
  read_to_ack_ns                 500010
  ack_to_resp_release_ns         29
  blockers_admitted              64
  blockers_terminated            64
  ack_release_failopen           0

VERDICT: PASS

GATE 2 SUMMARY: 1 trial(s), 1 PASS, 0 FAIL
[18:07:13] -------------------------------------------------------------
[18:07:13] GATE 2 COMPLETE — ONE transaction. txn_rc=0 analyzer_rc=0
[18:07:13] evidence: /home/philip/Projects/DNP3/defense3/evidence/ksweep_hold/20260803T175912Z/gate2_20260803T180705Z
[18:07:13] 
[18:07:13] STOPPING HERE BY DESIGN. Gates 3 (five transactions) and 4 (three
[18:07:13] boundary cases) are separate, human-gated steps and are NOT in this script.
[18:07:13] 
[18:07:13] The EXIT trap now restores the known-good state via the proven runner.
[18:07:13] on_exit: rc=0 — running restoration
[18:07:13] D3_SKIP_RESTORE=1 — NOT restoring. The switch is left as this run found
[18:07:13] it, and restoring it is now YOUR responsibility:
[18:07:13]   bash /home/philip/Projects/DNP3/research/case_a_read_anchored_dual_release/run/run_four_queue_oracle.sh --restore-only
[18:07:13] exit 0
[18:07:13] trial K=24 D=16ms B=35063 rep=2
[18:07:13] acquired /tmp/case_a_defense3_gate2.lock (pid 3270120)
[18:07:13] mode=gate2 dryrun=0 prog=case_a_defense3 skip_restore=1
[18:07:14] pre-run switch state: {"n_bf_switchd":1,"pid":"597143","conf":"/home/decps/d3/d3_final_synth.conf","p4_name":"case_a_defense3"}
[18:07:14] === GATE 2: ONE synthetic transaction, then STOP ===
[18:07:14] D=16 ms  budget=35063  scenario=gate2-2timer  ipg=500000 ns  gen=0xC0
[18:07:14] evidence: /home/philip/Projects/DNP3/defense3/evidence/ksweep_hold/20260803T175912Z/gate2_20260803T180713Z
[18:07:14] --- staging /home/philip/Projects/DNP3/defense3/run/poll_defense3.py + the Gate-1 setup module -> decps@10.10.54.81:/home/decps/d3gate2 ---
[18:07:16] --- preflight cleanup + clean assertion ---
[18:07:21] transaction returned rc=0
[18:07:22] --- scoring ---
==============================================================================
DEFENSE 3 — §13 GATE 2 — gate2_txn.json
==============================================================================
RES    ID     REQUIREMENT
------ ------ ----------------------------------------------------------
PASS   V-01   trial ran to completion (verdict COMPLETE)
                verdict='COMPLETE'
PASS   V-02   trial asserted a CLEAN START and was not refused
                reasons=[]
PASS   V-03   mandatory cleanup ran (from the `finally`)
                cleanup_synth present=True
PASS   C-R1   dp8 speed == BF_SPEED_25G on BOTH the MAC and the TM
                MAC $SPEED='BF_SPEED_25G', TM scheduling_speed='BF_SPEED_25G'
                (both must be BF_SPEED_25G)
PASS   G-01   one READ
                ARM_FRESH=1 ARM_DUP=0 ARM_BUSY=0
PASS   G-02   one K=24 blocker burst
                PKTGEN_ADMIT=24 (want 24) PKTGEN_DROP=0
PASS   G-03   one ACK admitted to Q_HOLD
                ACK_HOLD=1 ACK_DUP_HOLD=0 ACK_REJECT=0
FAIL   G-04   one EARLY RESPONSE admitted behind the ACK
                RESP_HOLD_EARLY=0 (the ACK had not yet been released)
                RESP_HOLD_LATE=0 RESP_BYPASS=1
FAIL   G-05   no ACK before t_ACK + D
                hold=607 ns, D=16000000.0 ns, raw error=-15999393.0 ns (must
                be >= 0)
INDETERMINATE G-06   no RESPONSE before the ACK
                t_resp_release - t_ack_release = None ns (must be > 0; a
                negative value is the wire order INVERTED)
INDETERMINATE G-07   ACK released FIRST
                CD_ACK_RELEASE=0 + CD_ACK_REL_RETIRE=1 (E1 partitions the
                releases, so the SUM is the count) = 1, ordering gap=None ns
FAIL   G-08   RESPONSE released SECOND
                RELEASE_DEADLINE=0 RELEASE_FAILOPEN=0 (the two causes
                partition the releases, so the sum is the release count)
PASS   G-09   all blockers terminate (admitted == stale + deadline + budget)
                admitted=24 terminated=24 (stale=24 deadline=0 budget=0)
PASS   G-10   transaction returns clean (generation retired by the released RESPONSE, no drops, no off-topology packets)
                reg_tag BEFORE cleanup = 0x00 (want 0x00 = TAG_INACTIVE);
                BAD_PORT=0 (the trigger CLONE is counted as CLONE_SEEN=1, NOT
                as BAD_PORT); queue drops=[('qid7', 0), ('qid1', 0)]
PASS   C-R2   reservoir standing: t_first_blocker - t_READ < 100000 ns
                t_first_block - t_READ = 716 ns (bound 100000). A LATE
                reservoir is a SILENT ZERO-HOLD: the ACK arrives min 0.400 ms
                after the READ, so an unblocked Q_HOLD releases it immediately
                and every counter still reads normal.
PASS   C-R4   ACK_RELEASE_FAILOPEN == 0
                BLOCK_TERM_TMO + RELEASE_FAILOPEN = 0. Non-zero means the
                reservoir drained on the pass budget B, so the trial measured
                H = B*K/rate, NOT D.
FAIL   C-R5   corrected deadline error |hold - (D + K/rate)| <= 1000 ns
                hold=607 ns; D=16000000.0 ns; K/rate=641.711 ns; raw
                error=-15999393.000 ns; CORRECTED error=-16000034.711 ns. The
                raw error carries a deterministic +641.711 ns bias; reporting
                it as jitter is the default failure of this measurement.
INFO   I-01   READ -> ACK interval (should track the hardware ipg)
                t_ack_arm - t_READ = 500009 ns, ipg = 500000 ns
INFO   I-02   release tail: ACK -> RESPONSE on the wire
                None ns
INFO   I-03   blocker loops (dp8 traversals consumed)
                CD_BLOCK_LOOP = 18580

MEASURED SEPARATELY (the direction's Gate-2 list)
  t_ACK (deadline armed)                 314940236 ns
  d_ACK (the armed deadline word)        330940161 ns
  first deadline termination             314940872 ns
  final deadline termination             314941489 ns
  ACK forward commitment                 314940843 ns
  RESPONSE forward commitment            n/a
  actual ACK hold                        607 ns
  drain (first -> final termination)     617 ns
  drain tail (final term -> ACK out)     -646 ns
  ACK -> RESPONSE separation             n/a
  READ -> pktgen trigger                 705 ns
  READ -> full K reservoir               904 ns

DERIVED
  hold_ns                        607
  D_ns                           16000000.0
  tau_ns                         641.7112299465241
  D_plus_tau_ns                  16000641.711229946
  deadline_error_raw_ns          -15999393.0
  deadline_error_corrected_ns    -16000034.711229946
  reservoir_standing_ns          716
  read_to_ack_ns                 500009
  ack_to_resp_release_ns         None
  blockers_admitted              24
  blockers_terminated            24
  ack_release_failopen           0

VERDICT: FAIL

GATE 2 SUMMARY: 1 trial(s), 0 PASS, 1 FAIL
[18:07:22] -------------------------------------------------------------
[18:07:22] GATE 2 COMPLETE — ONE transaction. txn_rc=0 analyzer_rc=1
[18:07:22] evidence: /home/philip/Projects/DNP3/defense3/evidence/ksweep_hold/20260803T175912Z/gate2_20260803T180713Z
[18:07:22] 
[18:07:22] STOPPING HERE BY DESIGN. Gates 3 (five transactions) and 4 (three
[18:07:22] boundary cases) are separate, human-gated steps and are NOT in this script.
[18:07:22] 
[18:07:22] The EXIT trap now restores the known-good state via the proven runner.
[18:07:22] on_exit: rc=1 — running restoration
[18:07:22] D3_SKIP_RESTORE=1 — NOT restoring. The switch is left as this run found
[18:07:22] it, and restoring it is now YOUR responsibility:
[18:07:22]   bash /home/philip/Projects/DNP3/research/case_a_read_anchored_dual_release/run/run_four_queue_oracle.sh --restore-only
[18:07:22] exit 1
[18:07:22] trial K=16 D=16ms B=52594 rep=2
[18:07:22] acquired /tmp/case_a_defense3_gate2.lock (pid 3270262)
[18:07:22] mode=gate2 dryrun=0 prog=case_a_defense3 skip_restore=1
[18:07:23] pre-run switch state: {"n_bf_switchd":1,"pid":"597143","conf":"/home/decps/d3/d3_final_synth.conf","p4_name":"case_a_defense3"}
[18:07:23] === GATE 2: ONE synthetic transaction, then STOP ===
[18:07:23] D=16 ms  budget=52594  scenario=gate2-2timer  ipg=500000 ns  gen=0xC0
[18:07:23] evidence: /home/philip/Projects/DNP3/defense3/evidence/ksweep_hold/20260803T175912Z/gate2_20260803T180722Z
[18:07:23] --- staging /home/philip/Projects/DNP3/defense3/run/poll_defense3.py + the Gate-1 setup module -> decps@10.10.54.81:/home/decps/d3gate2 ---
[18:07:25] --- preflight cleanup + clean assertion ---
[18:07:30] transaction returned rc=0
[18:07:31] --- scoring ---
==============================================================================
DEFENSE 3 — §13 GATE 2 — gate2_txn.json
==============================================================================
RES    ID     REQUIREMENT
------ ------ ----------------------------------------------------------
PASS   V-01   trial ran to completion (verdict COMPLETE)
                verdict='COMPLETE'
PASS   V-02   trial asserted a CLEAN START and was not refused
                reasons=[]
PASS   V-03   mandatory cleanup ran (from the `finally`)
                cleanup_synth present=True
PASS   C-R1   dp8 speed == BF_SPEED_25G on BOTH the MAC and the TM
                MAC $SPEED='BF_SPEED_25G', TM scheduling_speed='BF_SPEED_25G'
                (both must be BF_SPEED_25G)
PASS   G-01   one READ
                ARM_FRESH=1 ARM_DUP=0 ARM_BUSY=0
PASS   G-02   one K=16 blocker burst
                PKTGEN_ADMIT=16 (want 16) PKTGEN_DROP=0
PASS   G-03   one ACK admitted to Q_HOLD
                ACK_HOLD=1 ACK_DUP_HOLD=0 ACK_REJECT=0
FAIL   G-04   one EARLY RESPONSE admitted behind the ACK
                RESP_HOLD_EARLY=0 (the ACK had not yet been released)
                RESP_HOLD_LATE=0 RESP_BYPASS=1
FAIL   G-05   no ACK before t_ACK + D
                hold=496 ns, D=16000000.0 ns, raw error=-15999504.0 ns (must
                be >= 0)
INDETERMINATE G-06   no RESPONSE before the ACK
                t_resp_release - t_ack_release = None ns (must be > 0; a
                negative value is the wire order INVERTED)
INDETERMINATE G-07   ACK released FIRST
                CD_ACK_RELEASE=0 + CD_ACK_REL_RETIRE=1 (E1 partitions the
                releases, so the SUM is the count) = 1, ordering gap=None ns
FAIL   G-08   RESPONSE released SECOND
                RELEASE_DEADLINE=0 RELEASE_FAILOPEN=0 (the two causes
                partition the releases, so the sum is the release count)
PASS   G-09   all blockers terminate (admitted == stale + deadline + budget)
                admitted=16 terminated=16 (stale=16 deadline=0 budget=0)
PASS   G-10   transaction returns clean (generation retired by the released RESPONSE, no drops, no off-topology packets)
                reg_tag BEFORE cleanup = 0x00 (want 0x00 = TAG_INACTIVE);
                BAD_PORT=0 (the trigger CLONE is counted as CLONE_SEEN=1, NOT
                as BAD_PORT); queue drops=[('qid7', 0), ('qid1', 0)]
PASS   C-R2   reservoir standing: t_first_blocker - t_READ < 100000 ns
                t_first_block - t_READ = 717 ns (bound 100000). A LATE
                reservoir is a SILENT ZERO-HOLD: the ACK arrives min 0.400 ms
                after the READ, so an unblocked Q_HOLD releases it immediately
                and every counter still reads normal.
PASS   C-R4   ACK_RELEASE_FAILOPEN == 0
                BLOCK_TERM_TMO + RELEASE_FAILOPEN = 0. Non-zero means the
                reservoir drained on the pass budget B, so the trial measured
                H = B*K/rate, NOT D.
FAIL   C-R5   corrected deadline error |hold - (D + K/rate)| <= 1000 ns
                hold=496 ns; D=16000000.0 ns; K/rate=427.807 ns; raw
                error=-15999504.000 ns; CORRECTED error=-15999931.807 ns. The
                raw error carries a deterministic +427.807 ns bias; reporting
                it as jitter is the default failure of this measurement.
INFO   I-01   READ -> ACK interval (should track the hardware ipg)
                t_ack_arm - t_READ = 500010 ns, ipg = 500000 ns
INFO   I-02   release tail: ACK -> RESPONSE on the wire
                None ns
INFO   I-03   blocker loops (dp8 traversals consumed)
                CD_BLOCK_LOOP = 14974

MEASURED SEPARATELY (the direction's Gate-2 list)
  t_ACK (deadline armed)                 667083684 ns
  d_ACK (the armed deadline word)        683083521 ns
  first deadline termination             667084208 ns
  final deadline termination             667084683 ns
  ACK forward commitment                 667084180 ns
  RESPONSE forward commitment            n/a
  actual ACK hold                        496 ns
  drain (first -> final termination)     475 ns
  drain tail (final term -> ACK out)     -503 ns
  ACK -> RESPONSE separation             n/a
  READ -> pktgen trigger                 706 ns
  READ -> full K reservoir               840 ns

DERIVED
  hold_ns                        496
  D_ns                           16000000.0
  tau_ns                         427.80748663101605
  D_plus_tau_ns                  16000427.807486631
  deadline_error_raw_ns          -15999504.0
  deadline_error_corrected_ns    -15999931.807486631
  reservoir_standing_ns          717
  read_to_ack_ns                 500010
  ack_to_resp_release_ns         None
  blockers_admitted              16
  blockers_terminated            16
  ack_release_failopen           0

VERDICT: FAIL

GATE 2 SUMMARY: 1 trial(s), 0 PASS, 1 FAIL
[18:07:31] -------------------------------------------------------------
[18:07:31] GATE 2 COMPLETE — ONE transaction. txn_rc=0 analyzer_rc=1
[18:07:31] evidence: /home/philip/Projects/DNP3/defense3/evidence/ksweep_hold/20260803T175912Z/gate2_20260803T180722Z
[18:07:31] 
[18:07:31] STOPPING HERE BY DESIGN. Gates 3 (five transactions) and 4 (three
[18:07:31] boundary cases) are separate, human-gated steps and are NOT in this script.
[18:07:31] 
[18:07:31] The EXIT trap now restores the known-good state via the proven runner.
[18:07:31] on_exit: rc=1 — running restoration
[18:07:31] D3_SKIP_RESTORE=1 — NOT restoring. The switch is left as this run found
[18:07:31] it, and restoring it is now YOUR responsibility:
[18:07:31]   bash /home/philip/Projects/DNP3/research/case_a_read_anchored_dual_release/run/run_four_queue_oracle.sh --restore-only
[18:07:31] exit 1
[18:07:31] trial K=12 D=16ms B=70125 rep=2
[18:07:31] acquired /tmp/case_a_defense3_gate2.lock (pid 3270405)
[18:07:31] mode=gate2 dryrun=0 prog=case_a_defense3 skip_restore=1
[18:07:32] pre-run switch state: {"n_bf_switchd":1,"pid":"597143","conf":"/home/decps/d3/d3_final_synth.conf","p4_name":"case_a_defense3"}
[18:07:32] === GATE 2: ONE synthetic transaction, then STOP ===
[18:07:32] D=16 ms  budget=70125  scenario=gate2-2timer  ipg=500000 ns  gen=0xC0
[18:07:32] evidence: /home/philip/Projects/DNP3/defense3/evidence/ksweep_hold/20260803T175912Z/gate2_20260803T180731Z
[18:07:32] --- staging /home/philip/Projects/DNP3/defense3/run/poll_defense3.py + the Gate-1 setup module -> decps@10.10.54.81:/home/decps/d3gate2 ---
[18:07:33] --- preflight cleanup + clean assertion ---
[18:07:39] transaction returned rc=0
[18:07:40] --- scoring ---
==============================================================================
DEFENSE 3 — §13 GATE 2 — gate2_txn.json
==============================================================================
RES    ID     REQUIREMENT
------ ------ ----------------------------------------------------------
PASS   V-01   trial ran to completion (verdict COMPLETE)
                verdict='COMPLETE'
PASS   V-02   trial asserted a CLEAN START and was not refused
                reasons=[]
PASS   V-03   mandatory cleanup ran (from the `finally`)
                cleanup_synth present=True
PASS   C-R1   dp8 speed == BF_SPEED_25G on BOTH the MAC and the TM
                MAC $SPEED='BF_SPEED_25G', TM scheduling_speed='BF_SPEED_25G'
                (both must be BF_SPEED_25G)
PASS   G-01   one READ
                ARM_FRESH=1 ARM_DUP=0 ARM_BUSY=0
PASS   G-02   one K=12 blocker burst
                PKTGEN_ADMIT=12 (want 12) PKTGEN_DROP=0
PASS   G-03   one ACK admitted to Q_HOLD
                ACK_HOLD=1 ACK_DUP_HOLD=0 ACK_REJECT=0
FAIL   G-04   one EARLY RESPONSE admitted behind the ACK
                RESP_HOLD_EARLY=0 (the ACK had not yet been released)
                RESP_HOLD_LATE=0 RESP_BYPASS=1
FAIL   G-05   no ACK before t_ACK + D
                hold=512 ns, D=16000000.0 ns, raw error=-15999488.0 ns (must
                be >= 0)
INDETERMINATE G-06   no RESPONSE before the ACK
                t_resp_release - t_ack_release = None ns (must be > 0; a
                negative value is the wire order INVERTED)
INDETERMINATE G-07   ACK released FIRST
                CD_ACK_RELEASE=0 + CD_ACK_REL_RETIRE=1 (E1 partitions the
                releases, so the SUM is the count) = 1, ordering gap=None ns
FAIL   G-08   RESPONSE released SECOND
                RELEASE_DEADLINE=0 RELEASE_FAILOPEN=0 (the two causes
                partition the releases, so the sum is the release count)
PASS   G-09   all blockers terminate (admitted == stale + deadline + budget)
                admitted=12 terminated=12 (stale=12 deadline=0 budget=0)
PASS   G-10   transaction returns clean (generation retired by the released RESPONSE, no drops, no off-topology packets)
                reg_tag BEFORE cleanup = 0x00 (want 0x00 = TAG_INACTIVE);
                BAD_PORT=0 (the trigger CLONE is counted as CLONE_SEEN=1, NOT
                as BAD_PORT); queue drops=[('qid7', 0), ('qid1', 0)]
PASS   C-R2   reservoir standing: t_first_blocker - t_READ < 100000 ns
                t_first_block - t_READ = 717 ns (bound 100000). A LATE
                reservoir is a SILENT ZERO-HOLD: the ACK arrives min 0.400 ms
                after the READ, so an unblocked Q_HOLD releases it immediately
                and every counter still reads normal.
PASS   C-R4   ACK_RELEASE_FAILOPEN == 0
                BLOCK_TERM_TMO + RELEASE_FAILOPEN = 0. Non-zero means the
                reservoir drained on the pass budget B, so the trial measured
                H = B*K/rate, NOT D.
FAIL   C-R5   corrected deadline error |hold - (D + K/rate)| <= 1000 ns
                hold=512 ns; D=16000000.0 ns; K/rate=320.856 ns; raw
                error=-15999488.000 ns; CORRECTED error=-15999808.856 ns. The
                raw error carries a deterministic +320.856 ns bias; reporting
                it as jitter is the default failure of this measurement.
INFO   I-01   READ -> ACK interval (should track the hardware ipg)
                t_ack_arm - t_READ = 500010 ns, ipg = 500000 ns
INFO   I-02   release tail: ACK -> RESPONSE on the wire
                None ns
INFO   I-03   blocker loops (dp8 traversals consumed)
                CD_BLOCK_LOOP = 11233

MEASURED SEPARATELY (the direction's Gate-2 list)
  t_ACK (deadline armed)                 1046499855 ns
  d_ACK (the armed deadline word)        1062499841 ns
  first deadline termination             1046500396 ns
  final deadline termination             1046500876 ns
  ACK forward commitment                 1046500367 ns
  RESPONSE forward commitment            n/a
  actual ACK hold                        512 ns
  drain (first -> final termination)     480 ns
  drain tail (final term -> ACK out)     -509 ns
  ACK -> RESPONSE separation             n/a
  READ -> pktgen trigger                 707 ns
  READ -> full K reservoir               807 ns

DERIVED
  hold_ns                        512
  D_ns                           16000000.0
  tau_ns                         320.85561497326205
  D_plus_tau_ns                  16000320.855614973
  deadline_error_raw_ns          -15999488.0
  deadline_error_corrected_ns    -15999808.855614973
  reservoir_standing_ns          717
  read_to_ack_ns                 500010
  ack_to_resp_release_ns         None
  blockers_admitted              12
  blockers_terminated            12
  ack_release_failopen           0

VERDICT: FAIL

GATE 2 SUMMARY: 1 trial(s), 0 PASS, 1 FAIL
[18:07:40] -------------------------------------------------------------
[18:07:40] GATE 2 COMPLETE — ONE transaction. txn_rc=0 analyzer_rc=1
[18:07:40] evidence: /home/philip/Projects/DNP3/defense3/evidence/ksweep_hold/20260803T175912Z/gate2_20260803T180731Z
[18:07:40] 
[18:07:40] STOPPING HERE BY DESIGN. Gates 3 (five transactions) and 4 (three
[18:07:40] boundary cases) are separate, human-gated steps and are NOT in this script.
[18:07:40] 
[18:07:40] The EXIT trap now restores the known-good state via the proven runner.
[18:07:40] on_exit: rc=1 — running restoration
[18:07:40] D3_SKIP_RESTORE=1 — NOT restoring. The switch is left as this run found
[18:07:40] it, and restoring it is now YOUR responsibility:
[18:07:40]   bash /home/philip/Projects/DNP3/research/case_a_read_anchored_dual_release/run/run_four_queue_oracle.sh --restore-only
[18:07:40] exit 1
[18:07:40] trial K=8 D=16ms B=105188 rep=2
[18:07:40] acquired /tmp/case_a_defense3_gate2.lock (pid 3270548)
[18:07:40] mode=gate2 dryrun=0 prog=case_a_defense3 skip_restore=1
[18:07:41] pre-run switch state: {"n_bf_switchd":1,"pid":"597143","conf":"/home/decps/d3/d3_final_synth.conf","p4_name":"case_a_defense3"}
[18:07:41] === GATE 2: ONE synthetic transaction, then STOP ===
[18:07:41] D=16 ms  budget=105188  scenario=gate2-2timer  ipg=500000 ns  gen=0xC0
[18:07:41] evidence: /home/philip/Projects/DNP3/defense3/evidence/ksweep_hold/20260803T175912Z/gate2_20260803T180740Z
[18:07:41] --- staging /home/philip/Projects/DNP3/defense3/run/poll_defense3.py + the Gate-1 setup module -> decps@10.10.54.81:/home/decps/d3gate2 ---
[18:07:42] --- preflight cleanup + clean assertion ---
[18:07:47] transaction returned rc=0
[18:07:49] --- scoring ---
==============================================================================
DEFENSE 3 — §13 GATE 2 — gate2_txn.json
==============================================================================
RES    ID     REQUIREMENT
------ ------ ----------------------------------------------------------
PASS   V-01   trial ran to completion (verdict COMPLETE)
                verdict='COMPLETE'
PASS   V-02   trial asserted a CLEAN START and was not refused
                reasons=[]
PASS   V-03   mandatory cleanup ran (from the `finally`)
                cleanup_synth present=True
PASS   C-R1   dp8 speed == BF_SPEED_25G on BOTH the MAC and the TM
                MAC $SPEED='BF_SPEED_25G', TM scheduling_speed='BF_SPEED_25G'
                (both must be BF_SPEED_25G)
PASS   G-01   one READ
                ARM_FRESH=1 ARM_DUP=0 ARM_BUSY=0
PASS   G-02   one K=8 blocker burst
                PKTGEN_ADMIT=8 (want 8) PKTGEN_DROP=0
PASS   G-03   one ACK admitted to Q_HOLD
                ACK_HOLD=1 ACK_DUP_HOLD=0 ACK_REJECT=0
FAIL   G-04   one EARLY RESPONSE admitted behind the ACK
                RESP_HOLD_EARLY=0 (the ACK had not yet been released)
                RESP_HOLD_LATE=0 RESP_BYPASS=1
FAIL   G-05   no ACK before t_ACK + D
                hold=492 ns, D=16000000.0 ns, raw error=-15999508.0 ns (must
                be >= 0)
INDETERMINATE G-06   no RESPONSE before the ACK
                t_resp_release - t_ack_release = None ns (must be > 0; a
                negative value is the wire order INVERTED)
INDETERMINATE G-07   ACK released FIRST
                CD_ACK_RELEASE=0 + CD_ACK_REL_RETIRE=1 (E1 partitions the
                releases, so the SUM is the count) = 1, ordering gap=None ns
FAIL   G-08   RESPONSE released SECOND
                RELEASE_DEADLINE=0 RELEASE_FAILOPEN=0 (the two causes
                partition the releases, so the sum is the release count)
PASS   G-09   all blockers terminate (admitted == stale + deadline + budget)
                admitted=8 terminated=8 (stale=8 deadline=0 budget=0)
PASS   G-10   transaction returns clean (generation retired by the released RESPONSE, no drops, no off-topology packets)
                reg_tag BEFORE cleanup = 0x00 (want 0x00 = TAG_INACTIVE);
                BAD_PORT=0 (the trigger CLONE is counted as CLONE_SEEN=1, NOT
                as BAD_PORT); queue drops=[('qid7', 0), ('qid1', 0)]
PASS   C-R2   reservoir standing: t_first_blocker - t_READ < 100000 ns
                t_first_block - t_READ = 716 ns (bound 100000). A LATE
                reservoir is a SILENT ZERO-HOLD: the ACK arrives min 0.400 ms
                after the READ, so an unblocked Q_HOLD releases it immediately
                and every counter still reads normal.
PASS   C-R4   ACK_RELEASE_FAILOPEN == 0
                BLOCK_TERM_TMO + RELEASE_FAILOPEN = 0. Non-zero means the
                reservoir drained on the pass budget B, so the trial measured
                H = B*K/rate, NOT D.
FAIL   C-R5   corrected deadline error |hold - (D + K/rate)| <= 1000 ns
                hold=492 ns; D=16000000.0 ns; K/rate=213.904 ns; raw
                error=-15999508.000 ns; CORRECTED error=-15999721.904 ns. The
                raw error carries a deterministic +213.904 ns bias; reporting
                it as jitter is the default failure of this measurement.
INFO   I-01   READ -> ACK interval (should track the hardware ipg)
                t_ack_arm - t_READ = 500011 ns, ipg = 500000 ns
INFO   I-02   release tail: ACK -> RESPONSE on the wire
                None ns
INFO   I-03   blocker loops (dp8 traversals consumed)
                CD_BLOCK_LOOP = 7492

MEASURED SEPARATELY (the direction's Gate-2 list)
  t_ACK (deadline armed)                 1287234377 ns
  d_ACK (the armed deadline word)        1303234305 ns
  first deadline termination             1287234898 ns
  final deadline termination             1287235360 ns
  ACK forward commitment                 1287234869 ns
  RESPONSE forward commitment            n/a
  actual ACK hold                        492 ns
  drain (first -> final termination)     462 ns
  drain tail (final term -> ACK out)     -491 ns
  ACK -> RESPONSE separation             n/a
  READ -> pktgen trigger                 706 ns
  READ -> full K reservoir               774 ns

DERIVED
  hold_ns                        492
  D_ns                           16000000.0
  tau_ns                         213.90374331550802
  D_plus_tau_ns                  16000213.903743315
  deadline_error_raw_ns          -15999508.0
  deadline_error_corrected_ns    -15999721.903743315
  reservoir_standing_ns          716
  read_to_ack_ns                 500011
  ack_to_resp_release_ns         None
  blockers_admitted              8
  blockers_terminated            8
  ack_release_failopen           0

VERDICT: FAIL

GATE 2 SUMMARY: 1 trial(s), 0 PASS, 1 FAIL
[18:07:49] -------------------------------------------------------------
[18:07:49] GATE 2 COMPLETE — ONE transaction. txn_rc=0 analyzer_rc=1
[18:07:49] evidence: /home/philip/Projects/DNP3/defense3/evidence/ksweep_hold/20260803T175912Z/gate2_20260803T180740Z
[18:07:49] 
[18:07:49] STOPPING HERE BY DESIGN. Gates 3 (five transactions) and 4 (three
[18:07:49] boundary cases) are separate, human-gated steps and are NOT in this script.
[18:07:49] 
[18:07:49] The EXIT trap now restores the known-good state via the proven runner.
[18:07:49] on_exit: rc=1 — running restoration
[18:07:49] D3_SKIP_RESTORE=1 — NOT restoring. The switch is left as this run found
[18:07:49] it, and restoring it is now YOUR responsibility:
[18:07:49]   bash /home/philip/Projects/DNP3/research/case_a_read_anchored_dual_release/run/run_four_queue_oracle.sh --restore-only
[18:07:49] exit 1
[18:07:49] trial K=64 D=16ms B=18000 rep=3
[18:07:49] acquired /tmp/case_a_defense3_gate2.lock (pid 3270698)
[18:07:49] mode=gate2 dryrun=0 prog=case_a_defense3 skip_restore=1
[18:07:50] pre-run switch state: {"n_bf_switchd":1,"pid":"597143","conf":"/home/decps/d3/d3_final_synth.conf","p4_name":"case_a_defense3"}
[18:07:50] === GATE 2: ONE synthetic transaction, then STOP ===
[18:07:50] D=16 ms  budget=18000  scenario=gate2-2timer  ipg=500000 ns  gen=0xC0
[18:07:50] evidence: /home/philip/Projects/DNP3/defense3/evidence/ksweep_hold/20260803T175912Z/gate2_20260803T180749Z
[18:07:50] --- staging /home/philip/Projects/DNP3/defense3/run/poll_defense3.py + the Gate-1 setup module -> decps@10.10.54.81:/home/decps/d3gate2 ---
[18:07:51] --- preflight cleanup + clean assertion ---
[18:07:56] transaction returned rc=0
[18:07:58] --- scoring ---
==============================================================================
DEFENSE 3 — §13 GATE 2 — gate2_txn.json
==============================================================================
RES    ID     REQUIREMENT
------ ------ ----------------------------------------------------------
PASS   V-01   trial ran to completion (verdict COMPLETE)
                verdict='COMPLETE'
PASS   V-02   trial asserted a CLEAN START and was not refused
                reasons=[]
PASS   V-03   mandatory cleanup ran (from the `finally`)
                cleanup_synth present=True
PASS   C-R1   dp8 speed == BF_SPEED_25G on BOTH the MAC and the TM
                MAC $SPEED='BF_SPEED_25G', TM scheduling_speed='BF_SPEED_25G'
                (both must be BF_SPEED_25G)
PASS   G-01   one READ
                ARM_FRESH=1 ARM_DUP=0 ARM_BUSY=0
PASS   G-02   one K=64 blocker burst
                PKTGEN_ADMIT=64 (want 64) PKTGEN_DROP=0
PASS   G-03   one ACK admitted to Q_HOLD
                ACK_HOLD=1 ACK_DUP_HOLD=0 ACK_REJECT=0
PASS   G-04   one EARLY RESPONSE admitted behind the ACK
                RESP_HOLD_EARLY=1 (the ACK had not yet been released)
                RESP_HOLD_LATE=0 RESP_BYPASS=0
PASS   G-05   no ACK before t_ACK + D
                hold=16001532 ns, D=16000000.0 ns, raw error=1532.0 ns (must
                be >= 0)
PASS   G-06   no RESPONSE before the ACK
                t_resp_release - t_ack_release = 29 ns (must be > 0; a
                negative value is the wire order INVERTED)
PASS   G-07   ACK released FIRST
                CD_ACK_RELEASE=1 + CD_ACK_REL_RETIRE=0 (E1 partitions the
                releases, so the SUM is the count) = 1, ordering gap=29 ns
PASS   G-08   RESPONSE released SECOND
                RELEASE_DEADLINE=1 RELEASE_FAILOPEN=0 (the two causes
                partition the releases, so the sum is the release count)
PASS   G-09   all blockers terminate (admitted == stale + deadline + budget)
                admitted=64 terminated=64 (stale=0 deadline=64 budget=0)
PASS   G-10   transaction returns clean (generation retired by the released RESPONSE, no drops, no off-topology packets)
                reg_tag BEFORE cleanup = 0x00 (want 0x00 = TAG_INACTIVE);
                BAD_PORT=0 (the trigger CLONE is counted as CLONE_SEEN=1, NOT
                as BAD_PORT); queue drops=[('qid7', 0), ('qid1', 0)]
PASS   C-R2   reservoir standing: t_first_blocker - t_READ < 100000 ns
                t_first_block - t_READ = 717 ns (bound 100000). A LATE
                reservoir is a SILENT ZERO-HOLD: the ACK arrives min 0.400 ms
                after the READ, so an unblocked Q_HOLD releases it immediately
                and every counter still reads normal.
PASS   C-R4   ACK_RELEASE_FAILOPEN == 0
                BLOCK_TERM_TMO + RELEASE_FAILOPEN = 0. Non-zero means the
                reservoir drained on the pass budget B, so the trial measured
                H = B*K/rate, NOT D.
PASS   C-R5   corrected deadline error |hold - (D + K/rate)| <= 1000 ns
                hold=16001532 ns; D=16000000.0 ns; K/rate=1711.230 ns; raw
                error=+1532.000 ns; CORRECTED error=-179.230 ns. The raw error
                carries a deterministic +1711.230 ns bias; reporting it as
                jitter is the default failure of this measurement.
INFO   I-01   READ -> ACK interval (should track the hardware ipg)
                t_ack_arm - t_READ = 500010 ns, ipg = 500000 ns
INFO   I-02   release tail: ACK -> RESPONSE on the wire
                29 ns
INFO   I-03   blocker loops (dp8 traversals consumed)
                CD_BLOCK_LOOP = 613812

MEASURED SEPARATELY (the direction's Gate-2 list)
  t_ACK (deadline armed)                 1688214725 ns
  d_ACK (the armed deadline word)        1704214529 ns
  first deadline termination             1704214537 ns
  final deadline termination             1704216232 ns
  ACK forward commitment                 1704216257 ns
  RESPONSE forward commitment            1704216286 ns
  actual ACK hold                        16001532 ns
  drain (first -> final termination)     1695 ns
  drain tail (final term -> ACK out)     25 ns
  ACK -> RESPONSE separation             29 ns
  READ -> pktgen trigger                 706 ns
  READ -> full K reservoir               1233 ns

DERIVED
  hold_ns                        16001532
  D_ns                           16000000.0
  tau_ns                         1711.2299465240642
  D_plus_tau_ns                  16001711.229946524
  deadline_error_raw_ns          1532.0
  deadline_error_corrected_ns    -179.2299465240642
  reservoir_standing_ns          717
  read_to_ack_ns                 500010
  ack_to_resp_release_ns         29
  blockers_admitted              64
  blockers_terminated            64
  ack_release_failopen           0

VERDICT: PASS

GATE 2 SUMMARY: 1 trial(s), 1 PASS, 0 FAIL
[18:07:58] -------------------------------------------------------------
[18:07:58] GATE 2 COMPLETE — ONE transaction. txn_rc=0 analyzer_rc=0
[18:07:58] evidence: /home/philip/Projects/DNP3/defense3/evidence/ksweep_hold/20260803T175912Z/gate2_20260803T180749Z
[18:07:58] 
[18:07:58] STOPPING HERE BY DESIGN. Gates 3 (five transactions) and 4 (three
[18:07:58] boundary cases) are separate, human-gated steps and are NOT in this script.
[18:07:58] 
[18:07:58] The EXIT trap now restores the known-good state via the proven runner.
[18:07:58] on_exit: rc=0 — running restoration
[18:07:58] D3_SKIP_RESTORE=1 — NOT restoring. The switch is left as this run found
[18:07:58] it, and restoring it is now YOUR responsibility:
[18:07:58]   bash /home/philip/Projects/DNP3/research/case_a_read_anchored_dual_release/run/run_four_queue_oracle.sh --restore-only
[18:07:58] exit 0
[18:07:58] trial K=24 D=16ms B=35063 rep=3
[18:07:58] acquired /tmp/case_a_defense3_gate2.lock (pid 3270843)
[18:07:58] mode=gate2 dryrun=0 prog=case_a_defense3 skip_restore=1
[18:07:59] pre-run switch state: {"n_bf_switchd":1,"pid":"597143","conf":"/home/decps/d3/d3_final_synth.conf","p4_name":"case_a_defense3"}
[18:07:59] === GATE 2: ONE synthetic transaction, then STOP ===
[18:07:59] D=16 ms  budget=35063  scenario=gate2-2timer  ipg=500000 ns  gen=0xC0
[18:07:59] evidence: /home/philip/Projects/DNP3/defense3/evidence/ksweep_hold/20260803T175912Z/gate2_20260803T180758Z
[18:07:59] --- staging /home/philip/Projects/DNP3/defense3/run/poll_defense3.py + the Gate-1 setup module -> decps@10.10.54.81:/home/decps/d3gate2 ---
[18:08:00] --- preflight cleanup + clean assertion ---
[18:08:05] transaction returned rc=0
[18:08:07] --- scoring ---
==============================================================================
DEFENSE 3 — §13 GATE 2 — gate2_txn.json
==============================================================================
RES    ID     REQUIREMENT
------ ------ ----------------------------------------------------------
PASS   V-01   trial ran to completion (verdict COMPLETE)
                verdict='COMPLETE'
PASS   V-02   trial asserted a CLEAN START and was not refused
                reasons=[]
PASS   V-03   mandatory cleanup ran (from the `finally`)
                cleanup_synth present=True
PASS   C-R1   dp8 speed == BF_SPEED_25G on BOTH the MAC and the TM
                MAC $SPEED='BF_SPEED_25G', TM scheduling_speed='BF_SPEED_25G'
                (both must be BF_SPEED_25G)
PASS   G-01   one READ
                ARM_FRESH=1 ARM_DUP=0 ARM_BUSY=0
PASS   G-02   one K=24 blocker burst
                PKTGEN_ADMIT=24 (want 24) PKTGEN_DROP=0
PASS   G-03   one ACK admitted to Q_HOLD
                ACK_HOLD=1 ACK_DUP_HOLD=0 ACK_REJECT=0
FAIL   G-04   one EARLY RESPONSE admitted behind the ACK
                RESP_HOLD_EARLY=0 (the ACK had not yet been released)
                RESP_HOLD_LATE=0 RESP_BYPASS=1
FAIL   G-05   no ACK before t_ACK + D
                hold=608 ns, D=16000000.0 ns, raw error=-15999392.0 ns (must
                be >= 0)
INDETERMINATE G-06   no RESPONSE before the ACK
                t_resp_release - t_ack_release = None ns (must be > 0; a
                negative value is the wire order INVERTED)
INDETERMINATE G-07   ACK released FIRST
                CD_ACK_RELEASE=0 + CD_ACK_REL_RETIRE=1 (E1 partitions the
                releases, so the SUM is the count) = 1, ordering gap=None ns
FAIL   G-08   RESPONSE released SECOND
                RELEASE_DEADLINE=0 RELEASE_FAILOPEN=0 (the two causes
                partition the releases, so the sum is the release count)
PASS   G-09   all blockers terminate (admitted == stale + deadline + budget)
                admitted=24 terminated=24 (stale=24 deadline=0 budget=0)
PASS   G-10   transaction returns clean (generation retired by the released RESPONSE, no drops, no off-topology packets)
                reg_tag BEFORE cleanup = 0x00 (want 0x00 = TAG_INACTIVE);
                BAD_PORT=0 (the trigger CLONE is counted as CLONE_SEEN=1, NOT
                as BAD_PORT); queue drops=[('qid7', 0), ('qid1', 0)]
PASS   C-R2   reservoir standing: t_first_blocker - t_READ < 100000 ns
                t_first_block - t_READ = 715 ns (bound 100000). A LATE
                reservoir is a SILENT ZERO-HOLD: the ACK arrives min 0.400 ms
                after the READ, so an unblocked Q_HOLD releases it immediately
                and every counter still reads normal.
PASS   C-R4   ACK_RELEASE_FAILOPEN == 0
                BLOCK_TERM_TMO + RELEASE_FAILOPEN = 0. Non-zero means the
                reservoir drained on the pass budget B, so the trial measured
                H = B*K/rate, NOT D.
FAIL   C-R5   corrected deadline error |hold - (D + K/rate)| <= 1000 ns
                hold=608 ns; D=16000000.0 ns; K/rate=641.711 ns; raw
                error=-15999392.000 ns; CORRECTED error=-16000033.711 ns. The
                raw error carries a deterministic +641.711 ns bias; reporting
                it as jitter is the default failure of this measurement.
INFO   I-01   READ -> ACK interval (should track the hardware ipg)
                t_ack_arm - t_READ = 500010 ns, ipg = 500000 ns
INFO   I-02   release tail: ACK -> RESPONSE on the wire
                None ns
INFO   I-03   blocker loops (dp8 traversals consumed)
                CD_BLOCK_LOOP = 18580

MEASURED SEPARATELY (the direction's Gate-2 list)
  t_ACK (deadline armed)                 1995478463 ns
  d_ACK (the armed deadline word)        2011478273 ns
  first deadline termination             1995479097 ns
  final deadline termination             1995479716 ns
  ACK forward commitment                 1995479071 ns
  RESPONSE forward commitment            n/a
  actual ACK hold                        608 ns
  drain (first -> final termination)     619 ns
  drain tail (final term -> ACK out)     -645 ns
  ACK -> RESPONSE separation             n/a
  READ -> pktgen trigger                 704 ns
  READ -> full K reservoir               903 ns

DERIVED
  hold_ns                        608
  D_ns                           16000000.0
  tau_ns                         641.7112299465241
  D_plus_tau_ns                  16000641.711229946
  deadline_error_raw_ns          -15999392.0
  deadline_error_corrected_ns    -16000033.711229946
  reservoir_standing_ns          715
  read_to_ack_ns                 500010
  ack_to_resp_release_ns         None
  blockers_admitted              24
  blockers_terminated            24
  ack_release_failopen           0

VERDICT: FAIL

GATE 2 SUMMARY: 1 trial(s), 0 PASS, 1 FAIL
[18:08:07] -------------------------------------------------------------
[18:08:07] GATE 2 COMPLETE — ONE transaction. txn_rc=0 analyzer_rc=1
[18:08:07] evidence: /home/philip/Projects/DNP3/defense3/evidence/ksweep_hold/20260803T175912Z/gate2_20260803T180758Z
[18:08:07] 
[18:08:07] STOPPING HERE BY DESIGN. Gates 3 (five transactions) and 4 (three
[18:08:07] boundary cases) are separate, human-gated steps and are NOT in this script.
[18:08:07] 
[18:08:07] The EXIT trap now restores the known-good state via the proven runner.
[18:08:07] on_exit: rc=1 — running restoration
[18:08:07] D3_SKIP_RESTORE=1 — NOT restoring. The switch is left as this run found
[18:08:07] it, and restoring it is now YOUR responsibility:
[18:08:07]   bash /home/philip/Projects/DNP3/research/case_a_read_anchored_dual_release/run/run_four_queue_oracle.sh --restore-only
[18:08:07] exit 1
[18:08:07] trial K=16 D=16ms B=52594 rep=3
[18:08:07] acquired /tmp/case_a_defense3_gate2.lock (pid 3270986)
[18:08:07] mode=gate2 dryrun=0 prog=case_a_defense3 skip_restore=1
[18:08:08] pre-run switch state: {"n_bf_switchd":1,"pid":"597143","conf":"/home/decps/d3/d3_final_synth.conf","p4_name":"case_a_defense3"}
[18:08:08] === GATE 2: ONE synthetic transaction, then STOP ===
[18:08:08] D=16 ms  budget=52594  scenario=gate2-2timer  ipg=500000 ns  gen=0xC0
[18:08:08] evidence: /home/philip/Projects/DNP3/defense3/evidence/ksweep_hold/20260803T175912Z/gate2_20260803T180807Z
[18:08:08] --- staging /home/philip/Projects/DNP3/defense3/run/poll_defense3.py + the Gate-1 setup module -> decps@10.10.54.81:/home/decps/d3gate2 ---
[18:08:09] --- preflight cleanup + clean assertion ---
[18:08:14] transaction returned rc=0
[18:08:16] --- scoring ---
==============================================================================
DEFENSE 3 — §13 GATE 2 — gate2_txn.json
==============================================================================
RES    ID     REQUIREMENT
------ ------ ----------------------------------------------------------
PASS   V-01   trial ran to completion (verdict COMPLETE)
                verdict='COMPLETE'
PASS   V-02   trial asserted a CLEAN START and was not refused
                reasons=[]
PASS   V-03   mandatory cleanup ran (from the `finally`)
                cleanup_synth present=True
PASS   C-R1   dp8 speed == BF_SPEED_25G on BOTH the MAC and the TM
                MAC $SPEED='BF_SPEED_25G', TM scheduling_speed='BF_SPEED_25G'
                (both must be BF_SPEED_25G)
PASS   G-01   one READ
                ARM_FRESH=1 ARM_DUP=0 ARM_BUSY=0
PASS   G-02   one K=16 blocker burst
                PKTGEN_ADMIT=16 (want 16) PKTGEN_DROP=0
PASS   G-03   one ACK admitted to Q_HOLD
                ACK_HOLD=1 ACK_DUP_HOLD=0 ACK_REJECT=0
FAIL   G-04   one EARLY RESPONSE admitted behind the ACK
                RESP_HOLD_EARLY=0 (the ACK had not yet been released)
                RESP_HOLD_LATE=0 RESP_BYPASS=1
FAIL   G-05   no ACK before t_ACK + D
                hold=513 ns, D=16000000.0 ns, raw error=-15999487.0 ns (must
                be >= 0)
INDETERMINATE G-06   no RESPONSE before the ACK
                t_resp_release - t_ack_release = None ns (must be > 0; a
                negative value is the wire order INVERTED)
INDETERMINATE G-07   ACK released FIRST
                CD_ACK_RELEASE=0 + CD_ACK_REL_RETIRE=1 (E1 partitions the
                releases, so the SUM is the count) = 1, ordering gap=None ns
FAIL   G-08   RESPONSE released SECOND
                RELEASE_DEADLINE=0 RELEASE_FAILOPEN=0 (the two causes
                partition the releases, so the sum is the release count)
PASS   G-09   all blockers terminate (admitted == stale + deadline + budget)
                admitted=16 terminated=16 (stale=16 deadline=0 budget=0)
PASS   G-10   transaction returns clean (generation retired by the released RESPONSE, no drops, no off-topology packets)
                reg_tag BEFORE cleanup = 0x00 (want 0x00 = TAG_INACTIVE);
                BAD_PORT=0 (the trigger CLONE is counted as CLONE_SEEN=1, NOT
                as BAD_PORT); queue drops=[('qid7', 0), ('qid1', 0)]
PASS   C-R2   reservoir standing: t_first_blocker - t_READ < 100000 ns
                t_first_block - t_READ = 717 ns (bound 100000). A LATE
                reservoir is a SILENT ZERO-HOLD: the ACK arrives min 0.400 ms
                after the READ, so an unblocked Q_HOLD releases it immediately
                and every counter still reads normal.
PASS   C-R4   ACK_RELEASE_FAILOPEN == 0
                BLOCK_TERM_TMO + RELEASE_FAILOPEN = 0. Non-zero means the
                reservoir drained on the pass budget B, so the trial measured
                H = B*K/rate, NOT D.
FAIL   C-R5   corrected deadline error |hold - (D + K/rate)| <= 1000 ns
                hold=513 ns; D=16000000.0 ns; K/rate=427.807 ns; raw
                error=-15999487.000 ns; CORRECTED error=-15999914.807 ns. The
                raw error carries a deterministic +427.807 ns bias; reporting
                it as jitter is the default failure of this measurement.
INFO   I-01   READ -> ACK interval (should track the hardware ipg)
                t_ack_arm - t_READ = 500010 ns, ipg = 500000 ns
INFO   I-02   release tail: ACK -> RESPONSE on the wire
                None ns
INFO   I-03   blocker loops (dp8 traversals consumed)
                CD_BLOCK_LOOP = 14973

MEASURED SEPARATELY (the direction's Gate-2 list)
  t_ACK (deadline armed)                 2355500311 ns
  d_ACK (the armed deadline word)        2371500289 ns
  first deadline termination             2355500852 ns
  final deadline termination             2355501330 ns
  ACK forward commitment                 2355500824 ns
  RESPONSE forward commitment            n/a
  actual ACK hold                        513 ns
  drain (first -> final termination)     478 ns
  drain tail (final term -> ACK out)     -506 ns
  ACK -> RESPONSE separation             n/a
  READ -> pktgen trigger                 706 ns
  READ -> full K reservoir               840 ns

DERIVED
  hold_ns                        513
  D_ns                           16000000.0
  tau_ns                         427.80748663101605
  D_plus_tau_ns                  16000427.807486631
  deadline_error_raw_ns          -15999487.0
  deadline_error_corrected_ns    -15999914.807486631
  reservoir_standing_ns          717
  read_to_ack_ns                 500010
  ack_to_resp_release_ns         None
  blockers_admitted              16
  blockers_terminated            16
  ack_release_failopen           0

VERDICT: FAIL

GATE 2 SUMMARY: 1 trial(s), 0 PASS, 1 FAIL
[18:08:16] -------------------------------------------------------------
[18:08:16] GATE 2 COMPLETE — ONE transaction. txn_rc=0 analyzer_rc=1
[18:08:16] evidence: /home/philip/Projects/DNP3/defense3/evidence/ksweep_hold/20260803T175912Z/gate2_20260803T180807Z
[18:08:16] 
[18:08:16] STOPPING HERE BY DESIGN. Gates 3 (five transactions) and 4 (three
[18:08:16] boundary cases) are separate, human-gated steps and are NOT in this script.
[18:08:16] 
[18:08:16] The EXIT trap now restores the known-good state via the proven runner.
[18:08:16] on_exit: rc=1 — running restoration
[18:08:16] D3_SKIP_RESTORE=1 — NOT restoring. The switch is left as this run found
[18:08:16] it, and restoring it is now YOUR responsibility:
[18:08:16]   bash /home/philip/Projects/DNP3/research/case_a_read_anchored_dual_release/run/run_four_queue_oracle.sh --restore-only
[18:08:16] exit 1
[18:08:16] trial K=12 D=16ms B=70125 rep=3
[18:08:16] acquired /tmp/case_a_defense3_gate2.lock (pid 3271123)
[18:08:16] mode=gate2 dryrun=0 prog=case_a_defense3 skip_restore=1
[18:08:17] pre-run switch state: {"n_bf_switchd":1,"pid":"597143","conf":"/home/decps/d3/d3_final_synth.conf","p4_name":"case_a_defense3"}
[18:08:17] === GATE 2: ONE synthetic transaction, then STOP ===
[18:08:17] D=16 ms  budget=70125  scenario=gate2-2timer  ipg=500000 ns  gen=0xC0
[18:08:17] evidence: /home/philip/Projects/DNP3/defense3/evidence/ksweep_hold/20260803T175912Z/gate2_20260803T180816Z
[18:08:17] --- staging /home/philip/Projects/DNP3/defense3/run/poll_defense3.py + the Gate-1 setup module -> decps@10.10.54.81:/home/decps/d3gate2 ---
[18:08:18] --- preflight cleanup + clean assertion ---
[18:08:23] transaction returned rc=0
[18:08:25] --- scoring ---
==============================================================================
DEFENSE 3 — §13 GATE 2 — gate2_txn.json
==============================================================================
RES    ID     REQUIREMENT
------ ------ ----------------------------------------------------------
PASS   V-01   trial ran to completion (verdict COMPLETE)
                verdict='COMPLETE'
PASS   V-02   trial asserted a CLEAN START and was not refused
                reasons=[]
PASS   V-03   mandatory cleanup ran (from the `finally`)
                cleanup_synth present=True
PASS   C-R1   dp8 speed == BF_SPEED_25G on BOTH the MAC and the TM
                MAC $SPEED='BF_SPEED_25G', TM scheduling_speed='BF_SPEED_25G'
                (both must be BF_SPEED_25G)
PASS   G-01   one READ
                ARM_FRESH=1 ARM_DUP=0 ARM_BUSY=0
PASS   G-02   one K=12 blocker burst
                PKTGEN_ADMIT=12 (want 12) PKTGEN_DROP=0
PASS   G-03   one ACK admitted to Q_HOLD
                ACK_HOLD=1 ACK_DUP_HOLD=0 ACK_REJECT=0
FAIL   G-04   one EARLY RESPONSE admitted behind the ACK
                RESP_HOLD_EARLY=0 (the ACK had not yet been released)
                RESP_HOLD_LATE=0 RESP_BYPASS=1
FAIL   G-05   no ACK before t_ACK + D
                hold=515 ns, D=16000000.0 ns, raw error=-15999485.0 ns (must
                be >= 0)
INDETERMINATE G-06   no RESPONSE before the ACK
                t_resp_release - t_ack_release = None ns (must be > 0; a
                negative value is the wire order INVERTED)
INDETERMINATE G-07   ACK released FIRST
                CD_ACK_RELEASE=0 + CD_ACK_REL_RETIRE=1 (E1 partitions the
                releases, so the SUM is the count) = 1, ordering gap=None ns
FAIL   G-08   RESPONSE released SECOND
                RELEASE_DEADLINE=0 RELEASE_FAILOPEN=0 (the two causes
                partition the releases, so the sum is the release count)
PASS   G-09   all blockers terminate (admitted == stale + deadline + budget)
                admitted=12 terminated=12 (stale=12 deadline=0 budget=0)
PASS   G-10   transaction returns clean (generation retired by the released RESPONSE, no drops, no off-topology packets)
                reg_tag BEFORE cleanup = 0x00 (want 0x00 = TAG_INACTIVE);
                BAD_PORT=0 (the trigger CLONE is counted as CLONE_SEEN=1, NOT
                as BAD_PORT); queue drops=[('qid7', 0), ('qid1', 0)]
PASS   C-R2   reservoir standing: t_first_blocker - t_READ < 100000 ns
                t_first_block - t_READ = 715 ns (bound 100000). A LATE
                reservoir is a SILENT ZERO-HOLD: the ACK arrives min 0.400 ms
                after the READ, so an unblocked Q_HOLD releases it immediately
                and every counter still reads normal.
PASS   C-R4   ACK_RELEASE_FAILOPEN == 0
                BLOCK_TERM_TMO + RELEASE_FAILOPEN = 0. Non-zero means the
                reservoir drained on the pass budget B, so the trial measured
                H = B*K/rate, NOT D.
FAIL   C-R5   corrected deadline error |hold - (D + K/rate)| <= 1000 ns
                hold=515 ns; D=16000000.0 ns; K/rate=320.856 ns; raw
                error=-15999485.000 ns; CORRECTED error=-15999805.856 ns. The
                raw error carries a deterministic +320.856 ns bias; reporting
                it as jitter is the default failure of this measurement.
INFO   I-01   READ -> ACK interval (should track the hardware ipg)
                t_ack_arm - t_READ = 500010 ns, ipg = 500000 ns
INFO   I-02   release tail: ACK -> RESPONSE on the wire
                None ns
INFO   I-03   blocker loops (dp8 traversals consumed)
                CD_BLOCK_LOOP = 11235

MEASURED SEPARATELY (the direction's Gate-2 list)
  t_ACK (deadline armed)                 2663207059 ns
  d_ACK (the armed deadline word)        2679206913 ns
  first deadline termination             2663207602 ns
  final deadline termination             2663208079 ns
  ACK forward commitment                 2663207574 ns
  RESPONSE forward commitment            n/a
  actual ACK hold                        515 ns
  drain (first -> final termination)     477 ns
  drain tail (final term -> ACK out)     -505 ns
  ACK -> RESPONSE separation             n/a
  READ -> pktgen trigger                 704 ns
  READ -> full K reservoir               805 ns

DERIVED
  hold_ns                        515
  D_ns                           16000000.0
  tau_ns                         320.85561497326205
  D_plus_tau_ns                  16000320.855614973
  deadline_error_raw_ns          -15999485.0
  deadline_error_corrected_ns    -15999805.855614973
  reservoir_standing_ns          715
  read_to_ack_ns                 500010
  ack_to_resp_release_ns         None
  blockers_admitted              12
  blockers_terminated            12
  ack_release_failopen           0

VERDICT: FAIL

GATE 2 SUMMARY: 1 trial(s), 0 PASS, 1 FAIL
[18:08:25] -------------------------------------------------------------
[18:08:25] GATE 2 COMPLETE — ONE transaction. txn_rc=0 analyzer_rc=1
[18:08:25] evidence: /home/philip/Projects/DNP3/defense3/evidence/ksweep_hold/20260803T175912Z/gate2_20260803T180816Z
[18:08:25] 
[18:08:25] STOPPING HERE BY DESIGN. Gates 3 (five transactions) and 4 (three
[18:08:25] boundary cases) are separate, human-gated steps and are NOT in this script.
[18:08:25] 
[18:08:25] The EXIT trap now restores the known-good state via the proven runner.
[18:08:25] on_exit: rc=1 — running restoration
[18:08:25] D3_SKIP_RESTORE=1 — NOT restoring. The switch is left as this run found
[18:08:25] it, and restoring it is now YOUR responsibility:
[18:08:25]   bash /home/philip/Projects/DNP3/research/case_a_read_anchored_dual_release/run/run_four_queue_oracle.sh --restore-only
[18:08:25] exit 1
[18:08:25] trial K=8 D=16ms B=105188 rep=3
[18:08:25] acquired /tmp/case_a_defense3_gate2.lock (pid 3271267)
[18:08:25] mode=gate2 dryrun=0 prog=case_a_defense3 skip_restore=1
[18:08:26] pre-run switch state: {"n_bf_switchd":1,"pid":"597143","conf":"/home/decps/d3/d3_final_synth.conf","p4_name":"case_a_defense3"}
[18:08:26] === GATE 2: ONE synthetic transaction, then STOP ===
[18:08:26] D=16 ms  budget=105188  scenario=gate2-2timer  ipg=500000 ns  gen=0xC0
[18:08:26] evidence: /home/philip/Projects/DNP3/defense3/evidence/ksweep_hold/20260803T175912Z/gate2_20260803T180825Z
[18:08:26] --- staging /home/philip/Projects/DNP3/defense3/run/poll_defense3.py + the Gate-1 setup module -> decps@10.10.54.81:/home/decps/d3gate2 ---
[18:08:27] --- preflight cleanup + clean assertion ---
[18:08:32] transaction returned rc=0
[18:08:34] --- scoring ---
==============================================================================
DEFENSE 3 — §13 GATE 2 — gate2_txn.json
==============================================================================
RES    ID     REQUIREMENT
------ ------ ----------------------------------------------------------
PASS   V-01   trial ran to completion (verdict COMPLETE)
                verdict='COMPLETE'
PASS   V-02   trial asserted a CLEAN START and was not refused
                reasons=[]
PASS   V-03   mandatory cleanup ran (from the `finally`)
                cleanup_synth present=True
PASS   C-R1   dp8 speed == BF_SPEED_25G on BOTH the MAC and the TM
                MAC $SPEED='BF_SPEED_25G', TM scheduling_speed='BF_SPEED_25G'
                (both must be BF_SPEED_25G)
PASS   G-01   one READ
                ARM_FRESH=1 ARM_DUP=0 ARM_BUSY=0
PASS   G-02   one K=8 blocker burst
                PKTGEN_ADMIT=8 (want 8) PKTGEN_DROP=0
PASS   G-03   one ACK admitted to Q_HOLD
                ACK_HOLD=1 ACK_DUP_HOLD=0 ACK_REJECT=0
FAIL   G-04   one EARLY RESPONSE admitted behind the ACK
                RESP_HOLD_EARLY=0 (the ACK had not yet been released)
                RESP_HOLD_LATE=0 RESP_BYPASS=1
FAIL   G-05   no ACK before t_ACK + D
                hold=496 ns, D=16000000.0 ns, raw error=-15999504.0 ns (must
                be >= 0)
INDETERMINATE G-06   no RESPONSE before the ACK
                t_resp_release - t_ack_release = None ns (must be > 0; a
                negative value is the wire order INVERTED)
INDETERMINATE G-07   ACK released FIRST
                CD_ACK_RELEASE=0 + CD_ACK_REL_RETIRE=1 (E1 partitions the
                releases, so the SUM is the count) = 1, ordering gap=None ns
FAIL   G-08   RESPONSE released SECOND
                RELEASE_DEADLINE=0 RELEASE_FAILOPEN=0 (the two causes
                partition the releases, so the sum is the release count)
PASS   G-09   all blockers terminate (admitted == stale + deadline + budget)
                admitted=8 terminated=8 (stale=8 deadline=0 budget=0)
PASS   G-10   transaction returns clean (generation retired by the released RESPONSE, no drops, no off-topology packets)
                reg_tag BEFORE cleanup = 0x00 (want 0x00 = TAG_INACTIVE);
                BAD_PORT=0 (the trigger CLONE is counted as CLONE_SEEN=1, NOT
                as BAD_PORT); queue drops=[('qid7', 0), ('qid1', 0)]
PASS   C-R2   reservoir standing: t_first_blocker - t_READ < 100000 ns
                t_first_block - t_READ = 716 ns (bound 100000). A LATE
                reservoir is a SILENT ZERO-HOLD: the ACK arrives min 0.400 ms
                after the READ, so an unblocked Q_HOLD releases it immediately
                and every counter still reads normal.
PASS   C-R4   ACK_RELEASE_FAILOPEN == 0
                BLOCK_TERM_TMO + RELEASE_FAILOPEN = 0. Non-zero means the
                reservoir drained on the pass budget B, so the trial measured
                H = B*K/rate, NOT D.
FAIL   C-R5   corrected deadline error |hold - (D + K/rate)| <= 1000 ns
                hold=496 ns; D=16000000.0 ns; K/rate=213.904 ns; raw
                error=-15999504.000 ns; CORRECTED error=-15999717.904 ns. The
                raw error carries a deterministic +213.904 ns bias; reporting
                it as jitter is the default failure of this measurement.
INFO   I-01   READ -> ACK interval (should track the hardware ipg)
                t_ack_arm - t_READ = 500009 ns, ipg = 500000 ns
INFO   I-02   release tail: ACK -> RESPONSE on the wire
                None ns
INFO   I-03   blocker loops (dp8 traversals consumed)
                CD_BLOCK_LOOP = 7492

MEASURED SEPARATELY (the direction's Gate-2 list)
  t_ACK (deadline armed)                 2964920712 ns
  d_ACK (the armed deadline word)        2980920577 ns
  first deadline termination             2964921237 ns
  final deadline termination             2964921701 ns
  ACK forward commitment                 2964921208 ns
  RESPONSE forward commitment            n/a
  actual ACK hold                        496 ns
  drain (first -> final termination)     464 ns
  drain tail (final term -> ACK out)     -493 ns
  ACK -> RESPONSE separation             n/a
  READ -> pktgen trigger                 705 ns
  READ -> full K reservoir               773 ns

DERIVED
  hold_ns                        496
  D_ns                           16000000.0
  tau_ns                         213.90374331550802
  D_plus_tau_ns                  16000213.903743315
  deadline_error_raw_ns          -15999504.0
  deadline_error_corrected_ns    -15999717.903743315
  reservoir_standing_ns          716
  read_to_ack_ns                 500009
  ack_to_resp_release_ns         None
  blockers_admitted              8
  blockers_terminated            8
  ack_release_failopen           0

VERDICT: FAIL

GATE 2 SUMMARY: 1 trial(s), 0 PASS, 1 FAIL
[18:08:34] -------------------------------------------------------------
[18:08:34] GATE 2 COMPLETE — ONE transaction. txn_rc=0 analyzer_rc=1
[18:08:34] evidence: /home/philip/Projects/DNP3/defense3/evidence/ksweep_hold/20260803T175912Z/gate2_20260803T180825Z
[18:08:34] 
[18:08:34] STOPPING HERE BY DESIGN. Gates 3 (five transactions) and 4 (three
[18:08:34] boundary cases) are separate, human-gated steps and are NOT in this script.
[18:08:34] 
[18:08:34] The EXIT trap now restores the known-good state via the proven runner.
[18:08:34] on_exit: rc=1 — running restoration
[18:08:34] D3_SKIP_RESTORE=1 — NOT restoring. The switch is left as this run found
[18:08:34] it, and restoring it is now YOUR responsibility:
[18:08:34]   bash /home/philip/Projects/DNP3/research/case_a_read_anchored_dual_release/run/run_four_queue_oracle.sh --restore-only
[18:08:34] exit 1
[18:08:34] === sweep complete: 63 trials recorded ===
[18:08:34] the switch is LEFT ON DEFENSE 3 (D3_SKIP_RESTORE=1) — the caller owns the restore:
[18:08:34]     bash /home/philip/Projects/DNP3/defense3/run/run_defense3.sh --restore-only
[18:08:45] === REFINEMENT pass -> /home/philip/Projects/DNP3/defense3/evidence/ksweep_hold/20260803T175912Z (reps=3) ===
[18:08:45] refine trial K=36 D=2ms B=18000 rep=1
[18:08:45] acquired /tmp/case_a_defense3_gate2.lock (pid 3271539)
[18:08:45] mode=gate2 dryrun=0 prog=case_a_defense3 skip_restore=1
[18:08:46] pre-run switch state: {"n_bf_switchd":1,"pid":"597143","conf":"/home/decps/d3/d3_final_synth.conf","p4_name":"case_a_defense3"}
[18:08:46] === GATE 2: ONE synthetic transaction, then STOP ===
[18:08:46] D=2 ms  budget=18000  scenario=gate2-2timer  ipg=500000 ns  gen=0xC0
[18:08:46] evidence: /home/philip/Projects/DNP3/defense3/evidence/ksweep_hold/20260803T175912Z/gate2_20260803T180845Z
[18:08:46] --- staging /home/philip/Projects/DNP3/defense3/run/poll_defense3.py + the Gate-1 setup module -> decps@10.10.54.81:/home/decps/d3gate2 ---
[18:08:47] --- preflight cleanup + clean assertion ---
[18:08:52] transaction returned rc=0
[18:08:54] --- scoring ---
==============================================================================
DEFENSE 3 — §13 GATE 2 — gate2_txn.json
==============================================================================
RES    ID     REQUIREMENT
------ ------ ----------------------------------------------------------
PASS   V-01   trial ran to completion (verdict COMPLETE)
                verdict='COMPLETE'
PASS   V-02   trial asserted a CLEAN START and was not refused
                reasons=[]
PASS   V-03   mandatory cleanup ran (from the `finally`)
                cleanup_synth present=True
PASS   C-R1   dp8 speed == BF_SPEED_25G on BOTH the MAC and the TM
                MAC $SPEED='BF_SPEED_25G', TM scheduling_speed='BF_SPEED_25G'
                (both must be BF_SPEED_25G)
PASS   G-01   one READ
                ARM_FRESH=1 ARM_DUP=0 ARM_BUSY=0
PASS   G-02   one K=36 blocker burst
                PKTGEN_ADMIT=36 (want 36) PKTGEN_DROP=0
PASS   G-03   one ACK admitted to Q_HOLD
                ACK_HOLD=1 ACK_DUP_HOLD=0 ACK_REJECT=0
FAIL   G-04   one EARLY RESPONSE admitted behind the ACK
                RESP_HOLD_EARLY=0 (the ACK had not yet been released)
                RESP_HOLD_LATE=0 RESP_BYPASS=1
FAIL   G-05   no ACK before t_ACK + D
                hold=930 ns, D=1999872.0 ns, raw error=-1998942.0 ns (must be
                >= 0)
INDETERMINATE G-06   no RESPONSE before the ACK
                t_resp_release - t_ack_release = None ns (must be > 0; a
                negative value is the wire order INVERTED)
INDETERMINATE G-07   ACK released FIRST
                CD_ACK_RELEASE=0 + CD_ACK_REL_RETIRE=1 (E1 partitions the
                releases, so the SUM is the count) = 1, ordering gap=None ns
FAIL   G-08   RESPONSE released SECOND
                RELEASE_DEADLINE=0 RELEASE_FAILOPEN=0 (the two causes
                partition the releases, so the sum is the release count)
PASS   G-09   all blockers terminate (admitted == stale + deadline + budget)
                admitted=36 terminated=36 (stale=36 deadline=0 budget=0)
PASS   G-10   transaction returns clean (generation retired by the released RESPONSE, no drops, no off-topology packets)
                reg_tag BEFORE cleanup = 0x00 (want 0x00 = TAG_INACTIVE);
                BAD_PORT=0 (the trigger CLONE is counted as CLONE_SEEN=1, NOT
                as BAD_PORT); queue drops=[('qid7', 0), ('qid1', 0)]
PASS   C-R2   reservoir standing: t_first_blocker - t_READ < 100000 ns
                t_first_block - t_READ = 717 ns (bound 100000). A LATE
                reservoir is a SILENT ZERO-HOLD: the ACK arrives min 0.400 ms
                after the READ, so an unblocked Q_HOLD releases it immediately
                and every counter still reads normal.
PASS   C-R4   ACK_RELEASE_FAILOPEN == 0
                BLOCK_TERM_TMO + RELEASE_FAILOPEN = 0. Non-zero means the
                reservoir drained on the pass budget B, so the trial measured
                H = B*K/rate, NOT D.
FAIL   C-R5   corrected deadline error |hold - (D + K/rate)| <= 1000 ns
                hold=930 ns; D=1999872.0 ns; K/rate=962.567 ns; raw
                error=-1998942.000 ns; CORRECTED error=-1999904.567 ns. The
                raw error carries a deterministic +962.567 ns bias; reporting
                it as jitter is the default failure of this measurement.
INFO   I-01   READ -> ACK interval (should track the hardware ipg)
                t_ack_arm - t_READ = 500010 ns, ipg = 500000 ns
INFO   I-02   release tail: ACK -> RESPONSE on the wire
                None ns
INFO   I-03   blocker loops (dp8 traversals consumed)
                CD_BLOCK_LOOP = 18592

MEASURED SEPARATELY (the direction's Gate-2 list)
  t_ACK (deadline armed)                 1691653461 ns
  d_ACK (the armed deadline word)        1693653249 ns
  first deadline termination             1691654420 ns
  final deadline termination             1691655360 ns
  ACK forward commitment                 1691654391 ns
  RESPONSE forward commitment            n/a
  actual ACK hold                        930 ns
  drain (first -> final termination)     940 ns
  drain tail (final term -> ACK out)     -969 ns
  ACK -> RESPONSE separation             n/a
  READ -> pktgen trigger                 706 ns
  READ -> full K reservoir               1004 ns

DERIVED
  hold_ns                        930
  D_ns                           1999872.0
  tau_ns                         962.566844919786
  D_plus_tau_ns                  2000834.5668449197
  deadline_error_raw_ns          -1998942.0
  deadline_error_corrected_ns    -1999904.5668449197
  reservoir_standing_ns          717
  read_to_ack_ns                 500010
  ack_to_resp_release_ns         None
  blockers_admitted              36
  blockers_terminated            36
  ack_release_failopen           0

VERDICT: FAIL

GATE 2 SUMMARY: 1 trial(s), 0 PASS, 1 FAIL
[18:08:54] -------------------------------------------------------------
[18:08:54] GATE 2 COMPLETE — ONE transaction. txn_rc=0 analyzer_rc=1
[18:08:54] evidence: /home/philip/Projects/DNP3/defense3/evidence/ksweep_hold/20260803T175912Z/gate2_20260803T180845Z
[18:08:54] 
[18:08:54] STOPPING HERE BY DESIGN. Gates 3 (five transactions) and 4 (three
[18:08:54] boundary cases) are separate, human-gated steps and are NOT in this script.
[18:08:54] 
[18:08:54] The EXIT trap now restores the known-good state via the proven runner.
[18:08:54] on_exit: rc=1 — running restoration
[18:08:54] D3_SKIP_RESTORE=1 — NOT restoring. The switch is left as this run found
[18:08:54] it, and restoring it is now YOUR responsibility:
[18:08:54]   bash /home/philip/Projects/DNP3/research/case_a_read_anchored_dual_release/run/run_four_queue_oracle.sh --restore-only
[18:08:54] exit 1
[18:08:54] refine trial K=40 D=2ms B=18000 rep=1
[18:08:54] acquired /tmp/case_a_defense3_gate2.lock (pid 3271718)
[18:08:54] mode=gate2 dryrun=0 prog=case_a_defense3 skip_restore=1
[18:08:55] pre-run switch state: {"n_bf_switchd":1,"pid":"597143","conf":"/home/decps/d3/d3_final_synth.conf","p4_name":"case_a_defense3"}
[18:08:55] === GATE 2: ONE synthetic transaction, then STOP ===
[18:08:55] D=2 ms  budget=18000  scenario=gate2-2timer  ipg=500000 ns  gen=0xC0
[18:08:55] evidence: /home/philip/Projects/DNP3/defense3/evidence/ksweep_hold/20260803T175912Z/gate2_20260803T180854Z
[18:08:55] --- staging /home/philip/Projects/DNP3/defense3/run/poll_defense3.py + the Gate-1 setup module -> decps@10.10.54.81:/home/decps/d3gate2 ---
[18:08:56] --- preflight cleanup + clean assertion ---
[18:09:01] transaction returned rc=0
[18:09:03] --- scoring ---
==============================================================================
DEFENSE 3 — §13 GATE 2 — gate2_txn.json
==============================================================================
RES    ID     REQUIREMENT
------ ------ ----------------------------------------------------------
PASS   V-01   trial ran to completion (verdict COMPLETE)
                verdict='COMPLETE'
PASS   V-02   trial asserted a CLEAN START and was not refused
                reasons=[]
PASS   V-03   mandatory cleanup ran (from the `finally`)
                cleanup_synth present=True
PASS   C-R1   dp8 speed == BF_SPEED_25G on BOTH the MAC and the TM
                MAC $SPEED='BF_SPEED_25G', TM scheduling_speed='BF_SPEED_25G'
                (both must be BF_SPEED_25G)
PASS   G-01   one READ
                ARM_FRESH=1 ARM_DUP=0 ARM_BUSY=0
PASS   G-02   one K=40 blocker burst
                PKTGEN_ADMIT=40 (want 40) PKTGEN_DROP=0
PASS   G-03   one ACK admitted to Q_HOLD
                ACK_HOLD=1 ACK_DUP_HOLD=0 ACK_REJECT=0
FAIL   G-04   one EARLY RESPONSE admitted behind the ACK
                RESP_HOLD_EARLY=0 (the ACK had not yet been released)
                RESP_HOLD_LATE=0 RESP_BYPASS=1
FAIL   G-05   no ACK before t_ACK + D
                hold=1036 ns, D=1999872.0 ns, raw error=-1998836.0 ns (must be
                >= 0)
INDETERMINATE G-06   no RESPONSE before the ACK
                t_resp_release - t_ack_release = None ns (must be > 0; a
                negative value is the wire order INVERTED)
INDETERMINATE G-07   ACK released FIRST
                CD_ACK_RELEASE=0 + CD_ACK_REL_RETIRE=1 (E1 partitions the
                releases, so the SUM is the count) = 1, ordering gap=None ns
FAIL   G-08   RESPONSE released SECOND
                RELEASE_DEADLINE=0 RELEASE_FAILOPEN=0 (the two causes
                partition the releases, so the sum is the release count)
PASS   G-09   all blockers terminate (admitted == stale + deadline + budget)
                admitted=40 terminated=40 (stale=40 deadline=0 budget=0)
PASS   G-10   transaction returns clean (generation retired by the released RESPONSE, no drops, no off-topology packets)
                reg_tag BEFORE cleanup = 0x00 (want 0x00 = TAG_INACTIVE);
                BAD_PORT=0 (the trigger CLONE is counted as CLONE_SEEN=1, NOT
                as BAD_PORT); queue drops=[('qid7', 0), ('qid1', 0)]
PASS   C-R2   reservoir standing: t_first_blocker - t_READ < 100000 ns
                t_first_block - t_READ = 716 ns (bound 100000). A LATE
                reservoir is a SILENT ZERO-HOLD: the ACK arrives min 0.400 ms
                after the READ, so an unblocked Q_HOLD releases it immediately
                and every counter still reads normal.
PASS   C-R4   ACK_RELEASE_FAILOPEN == 0
                BLOCK_TERM_TMO + RELEASE_FAILOPEN = 0. Non-zero means the
                reservoir drained on the pass budget B, so the trial measured
                H = B*K/rate, NOT D.
FAIL   C-R5   corrected deadline error |hold - (D + K/rate)| <= 1000 ns
                hold=1036 ns; D=1999872.0 ns; K/rate=1069.519 ns; raw
                error=-1998836.000 ns; CORRECTED error=-1999905.519 ns. The
                raw error carries a deterministic +1069.519 ns bias; reporting
                it as jitter is the default failure of this measurement.
INFO   I-01   READ -> ACK interval (should track the hardware ipg)
                t_ack_arm - t_READ = 500010 ns, ipg = 500000 ns
INFO   I-02   release tail: ACK -> RESPONSE on the wire
                None ns
INFO   I-03   blocker loops (dp8 traversals consumed)
                CD_BLOCK_LOOP = 18596

MEASURED SEPARATELY (the direction's Gate-2 list)
  t_ACK (deadline armed)                 1991954051 ns
  d_ACK (the armed deadline word)        1993953793 ns
  first deadline termination             1991955115 ns
  final deadline termination             1991956164 ns
  ACK forward commitment                 1991955087 ns
  RESPONSE forward commitment            n/a
  actual ACK hold                        1036 ns
  drain (first -> final termination)     1049 ns
  drain tail (final term -> ACK out)     -1077 ns
  ACK -> RESPONSE separation             n/a
  READ -> pktgen trigger                 706 ns
  READ -> full K reservoir               1036 ns

DERIVED
  hold_ns                        1036
  D_ns                           1999872.0
  tau_ns                         1069.51871657754
  D_plus_tau_ns                  2000941.5187165774
  deadline_error_raw_ns          -1998836.0
  deadline_error_corrected_ns    -1999905.5187165774
  reservoir_standing_ns          716
  read_to_ack_ns                 500010
  ack_to_resp_release_ns         None
  blockers_admitted              40
  blockers_terminated            40
  ack_release_failopen           0

VERDICT: FAIL

GATE 2 SUMMARY: 1 trial(s), 0 PASS, 1 FAIL
[18:09:03] -------------------------------------------------------------
[18:09:03] GATE 2 COMPLETE — ONE transaction. txn_rc=0 analyzer_rc=1
[18:09:03] evidence: /home/philip/Projects/DNP3/defense3/evidence/ksweep_hold/20260803T175912Z/gate2_20260803T180854Z
[18:09:03] 
[18:09:03] STOPPING HERE BY DESIGN. Gates 3 (five transactions) and 4 (three
[18:09:03] boundary cases) are separate, human-gated steps and are NOT in this script.
[18:09:03] 
[18:09:03] The EXIT trap now restores the known-good state via the proven runner.
[18:09:03] on_exit: rc=1 — running restoration
[18:09:03] D3_SKIP_RESTORE=1 — NOT restoring. The switch is left as this run found
[18:09:03] it, and restoring it is now YOUR responsibility:
[18:09:03]   bash /home/philip/Projects/DNP3/research/case_a_read_anchored_dual_release/run/run_four_queue_oracle.sh --restore-only
[18:09:03] exit 1
[18:09:03] refine trial K=44 D=2ms B=18000 rep=1
[18:09:03] acquired /tmp/case_a_defense3_gate2.lock (pid 3271870)
[18:09:03] mode=gate2 dryrun=0 prog=case_a_defense3 skip_restore=1
[18:09:04] pre-run switch state: {"n_bf_switchd":1,"pid":"597143","conf":"/home/decps/d3/d3_final_synth.conf","p4_name":"case_a_defense3"}
[18:09:04] === GATE 2: ONE synthetic transaction, then STOP ===
[18:09:04] D=2 ms  budget=18000  scenario=gate2-2timer  ipg=500000 ns  gen=0xC0
[18:09:04] evidence: /home/philip/Projects/DNP3/defense3/evidence/ksweep_hold/20260803T175912Z/gate2_20260803T180903Z
[18:09:04] --- staging /home/philip/Projects/DNP3/defense3/run/poll_defense3.py + the Gate-1 setup module -> decps@10.10.54.81:/home/decps/d3gate2 ---
[18:09:05] --- preflight cleanup + clean assertion ---
[18:09:10] transaction returned rc=0
[18:09:12] --- scoring ---
==============================================================================
DEFENSE 3 — §13 GATE 2 — gate2_txn.json
==============================================================================
RES    ID     REQUIREMENT
------ ------ ----------------------------------------------------------
PASS   V-01   trial ran to completion (verdict COMPLETE)
                verdict='COMPLETE'
PASS   V-02   trial asserted a CLEAN START and was not refused
                reasons=[]
PASS   V-03   mandatory cleanup ran (from the `finally`)
                cleanup_synth present=True
PASS   C-R1   dp8 speed == BF_SPEED_25G on BOTH the MAC and the TM
                MAC $SPEED='BF_SPEED_25G', TM scheduling_speed='BF_SPEED_25G'
                (both must be BF_SPEED_25G)
PASS   G-01   one READ
                ARM_FRESH=1 ARM_DUP=0 ARM_BUSY=0
PASS   G-02   one K=44 blocker burst
                PKTGEN_ADMIT=44 (want 44) PKTGEN_DROP=0
PASS   G-03   one ACK admitted to Q_HOLD
                ACK_HOLD=1 ACK_DUP_HOLD=0 ACK_REJECT=0
PASS   G-04   one EARLY RESPONSE admitted behind the ACK
                RESP_HOLD_EARLY=1 (the ACK had not yet been released)
                RESP_HOLD_LATE=0 RESP_BYPASS=0
PASS   G-05   no ACK before t_ACK + D
                hold=2001044 ns, D=1999872.0 ns, raw error=1172.0 ns (must be
                >= 0)
PASS   G-06   no RESPONSE before the ACK
                t_resp_release - t_ack_release = 30 ns (must be > 0; a
                negative value is the wire order INVERTED)
PASS   G-07   ACK released FIRST
                CD_ACK_RELEASE=1 + CD_ACK_REL_RETIRE=0 (E1 partitions the
                releases, so the SUM is the count) = 1, ordering gap=30 ns
PASS   G-08   RESPONSE released SECOND
                RELEASE_DEADLINE=1 RELEASE_FAILOPEN=0 (the two causes
                partition the releases, so the sum is the release count)
PASS   G-09   all blockers terminate (admitted == stale + deadline + budget)
                admitted=44 terminated=44 (stale=0 deadline=44 budget=0)
PASS   G-10   transaction returns clean (generation retired by the released RESPONSE, no drops, no off-topology packets)
                reg_tag BEFORE cleanup = 0x00 (want 0x00 = TAG_INACTIVE);
                BAD_PORT=0 (the trigger CLONE is counted as CLONE_SEEN=1, NOT
                as BAD_PORT); queue drops=[('qid7', 0), ('qid1', 0)]
PASS   C-R2   reservoir standing: t_first_blocker - t_READ < 100000 ns
                t_first_block - t_READ = 715 ns (bound 100000). A LATE
                reservoir is a SILENT ZERO-HOLD: the ACK arrives min 0.400 ms
                after the READ, so an unblocked Q_HOLD releases it immediately
                and every counter still reads normal.
PASS   C-R4   ACK_RELEASE_FAILOPEN == 0
                BLOCK_TERM_TMO + RELEASE_FAILOPEN = 0. Non-zero means the
                reservoir drained on the pass budget B, so the trial measured
                H = B*K/rate, NOT D.
PASS   C-R5   corrected deadline error |hold - (D + K/rate)| <= 1000 ns
                hold=2001044 ns; D=1999872.0 ns; K/rate=1176.471 ns; raw
                error=+1172.000 ns; CORRECTED error=-4.471 ns. The raw error
                carries a deterministic +1176.471 ns bias; reporting it as
                jitter is the default failure of this measurement.
INFO   I-01   READ -> ACK interval (should track the hardware ipg)
                t_ack_arm - t_READ = 500010 ns, ipg = 500000 ns
INFO   I-02   release tail: ACK -> RESPONSE on the wire
                30 ns
INFO   I-03   blocker loops (dp8 traversals consumed)
                CD_BLOCK_LOOP = 92960

MEASURED SEPARATELY (the direction's Gate-2 list)
  t_ACK (deadline armed)                 2386242581 ns
  d_ACK (the armed deadline word)        2388242433 ns
  first deadline termination             2388242443 ns
  final deadline termination             2388243601 ns
  ACK forward commitment                 2388243625 ns
  RESPONSE forward commitment            2388243655 ns
  actual ACK hold                        2001044 ns
  drain (first -> final termination)     1158 ns
  drain tail (final term -> ACK out)     24 ns
  ACK -> RESPONSE separation             30 ns
  READ -> pktgen trigger                 705 ns
  READ -> full K reservoir               1068 ns

DERIVED
  hold_ns                        2001044
  D_ns                           1999872.0
  tau_ns                         1176.470588235294
  D_plus_tau_ns                  2001048.4705882352
  deadline_error_raw_ns          1172.0
  deadline_error_corrected_ns    -4.470588235293917
  reservoir_standing_ns          715
  read_to_ack_ns                 500010
  ack_to_resp_release_ns         30
  blockers_admitted              44
  blockers_terminated            44
  ack_release_failopen           0

VERDICT: PASS

GATE 2 SUMMARY: 1 trial(s), 1 PASS, 0 FAIL
[18:09:12] -------------------------------------------------------------
[18:09:12] GATE 2 COMPLETE — ONE transaction. txn_rc=0 analyzer_rc=0
[18:09:12] evidence: /home/philip/Projects/DNP3/defense3/evidence/ksweep_hold/20260803T175912Z/gate2_20260803T180903Z
[18:09:12] 
[18:09:12] STOPPING HERE BY DESIGN. Gates 3 (five transactions) and 4 (three
[18:09:12] boundary cases) are separate, human-gated steps and are NOT in this script.
[18:09:12] 
[18:09:12] The EXIT trap now restores the known-good state via the proven runner.
[18:09:12] on_exit: rc=0 — running restoration
[18:09:12] D3_SKIP_RESTORE=1 — NOT restoring. The switch is left as this run found
[18:09:12] it, and restoring it is now YOUR responsibility:
[18:09:12]   bash /home/philip/Projects/DNP3/research/case_a_read_anchored_dual_release/run/run_four_queue_oracle.sh --restore-only
[18:09:12] exit 0
[18:09:12] refine trial K=32 D=8ms B=18000 rep=1
[18:09:12] acquired /tmp/case_a_defense3_gate2.lock (pid 3272011)
[18:09:12] mode=gate2 dryrun=0 prog=case_a_defense3 skip_restore=1
[18:09:13] pre-run switch state: {"n_bf_switchd":1,"pid":"597143","conf":"/home/decps/d3/d3_final_synth.conf","p4_name":"case_a_defense3"}
[18:09:13] === GATE 2: ONE synthetic transaction, then STOP ===
[18:09:13] D=8 ms  budget=18000  scenario=gate2-2timer  ipg=500000 ns  gen=0xC0
[18:09:13] evidence: /home/philip/Projects/DNP3/defense3/evidence/ksweep_hold/20260803T175912Z/gate2_20260803T180912Z
[18:09:13] --- staging /home/philip/Projects/DNP3/defense3/run/poll_defense3.py + the Gate-1 setup module -> decps@10.10.54.81:/home/decps/d3gate2 ---
[18:09:14] --- preflight cleanup + clean assertion ---
[18:09:19] transaction returned rc=0
[18:09:21] --- scoring ---
==============================================================================
DEFENSE 3 — §13 GATE 2 — gate2_txn.json
==============================================================================
RES    ID     REQUIREMENT
------ ------ ----------------------------------------------------------
PASS   V-01   trial ran to completion (verdict COMPLETE)
                verdict='COMPLETE'
PASS   V-02   trial asserted a CLEAN START and was not refused
                reasons=[]
PASS   V-03   mandatory cleanup ran (from the `finally`)
                cleanup_synth present=True
PASS   C-R1   dp8 speed == BF_SPEED_25G on BOTH the MAC and the TM
                MAC $SPEED='BF_SPEED_25G', TM scheduling_speed='BF_SPEED_25G'
                (both must be BF_SPEED_25G)
PASS   G-01   one READ
                ARM_FRESH=1 ARM_DUP=0 ARM_BUSY=0
PASS   G-02   one K=32 blocker burst
                PKTGEN_ADMIT=32 (want 32) PKTGEN_DROP=0
PASS   G-03   one ACK admitted to Q_HOLD
                ACK_HOLD=1 ACK_DUP_HOLD=0 ACK_REJECT=0
FAIL   G-04   one EARLY RESPONSE admitted behind the ACK
                RESP_HOLD_EARLY=0 (the ACK had not yet been released)
                RESP_HOLD_LATE=0 RESP_BYPASS=1
FAIL   G-05   no ACK before t_ACK + D
                hold=818 ns, D=8000000.0 ns, raw error=-7999182.0 ns (must be
                >= 0)
INDETERMINATE G-06   no RESPONSE before the ACK
                t_resp_release - t_ack_release = None ns (must be > 0; a
                negative value is the wire order INVERTED)
INDETERMINATE G-07   ACK released FIRST
                CD_ACK_RELEASE=0 + CD_ACK_REL_RETIRE=1 (E1 partitions the
                releases, so the SUM is the count) = 1, ordering gap=None ns
FAIL   G-08   RESPONSE released SECOND
                RELEASE_DEADLINE=0 RELEASE_FAILOPEN=0 (the two causes
                partition the releases, so the sum is the release count)
PASS   G-09   all blockers terminate (admitted == stale + deadline + budget)
                admitted=32 terminated=32 (stale=32 deadline=0 budget=0)
PASS   G-10   transaction returns clean (generation retired by the released RESPONSE, no drops, no off-topology packets)
                reg_tag BEFORE cleanup = 0x00 (want 0x00 = TAG_INACTIVE);
                BAD_PORT=0 (the trigger CLONE is counted as CLONE_SEEN=1, NOT
                as BAD_PORT); queue drops=[('qid7', 0), ('qid1', 0)]
PASS   C-R2   reservoir standing: t_first_blocker - t_READ < 100000 ns
                t_first_block - t_READ = 716 ns (bound 100000). A LATE
                reservoir is a SILENT ZERO-HOLD: the ACK arrives min 0.400 ms
                after the READ, so an unblocked Q_HOLD releases it immediately
                and every counter still reads normal.
PASS   C-R4   ACK_RELEASE_FAILOPEN == 0
                BLOCK_TERM_TMO + RELEASE_FAILOPEN = 0. Non-zero means the
                reservoir drained on the pass budget B, so the trial measured
                H = B*K/rate, NOT D.
FAIL   C-R5   corrected deadline error |hold - (D + K/rate)| <= 1000 ns
                hold=818 ns; D=8000000.0 ns; K/rate=855.615 ns; raw
                error=-7999182.000 ns; CORRECTED error=-8000037.615 ns. The
                raw error carries a deterministic +855.615 ns bias; reporting
                it as jitter is the default failure of this measurement.
INFO   I-01   READ -> ACK interval (should track the hardware ipg)
                t_ack_arm - t_READ = 500010 ns, ipg = 500000 ns
INFO   I-02   release tail: ACK -> RESPONSE on the wire
                None ns
INFO   I-03   blocker loops (dp8 traversals consumed)
                CD_BLOCK_LOOP = 18588

MEASURED SEPARATELY (the direction's Gate-2 list)
  t_ACK (deadline armed)                 2729836124 ns
  d_ACK (the armed deadline word)        2737836033 ns
  first deadline termination             2729836972 ns
  final deadline termination             2729837803 ns
  ACK forward commitment                 2729836942 ns
  RESPONSE forward commitment            n/a
  actual ACK hold                        818 ns
  drain (first -> final termination)     831 ns
  drain tail (final term -> ACK out)     -861 ns
  ACK -> RESPONSE separation             n/a
  READ -> pktgen trigger                 705 ns
  READ -> full K reservoir               970 ns

DERIVED
  hold_ns                        818
  D_ns                           8000000.0
  tau_ns                         855.6149732620321
  D_plus_tau_ns                  8000855.614973262
  deadline_error_raw_ns          -7999182.0
  deadline_error_corrected_ns    -8000037.614973262
  reservoir_standing_ns          716
  read_to_ack_ns                 500010
  ack_to_resp_release_ns         None
  blockers_admitted              32
  blockers_terminated            32
  ack_release_failopen           0

VERDICT: FAIL

GATE 2 SUMMARY: 1 trial(s), 0 PASS, 1 FAIL
[18:09:21] -------------------------------------------------------------
[18:09:21] GATE 2 COMPLETE — ONE transaction. txn_rc=0 analyzer_rc=1
[18:09:21] evidence: /home/philip/Projects/DNP3/defense3/evidence/ksweep_hold/20260803T175912Z/gate2_20260803T180912Z
[18:09:21] 
[18:09:21] STOPPING HERE BY DESIGN. Gates 3 (five transactions) and 4 (three
[18:09:21] boundary cases) are separate, human-gated steps and are NOT in this script.
[18:09:21] 
[18:09:21] The EXIT trap now restores the known-good state via the proven runner.
[18:09:21] on_exit: rc=1 — running restoration
[18:09:21] D3_SKIP_RESTORE=1 — NOT restoring. The switch is left as this run found
[18:09:21] it, and restoring it is now YOUR responsibility:
[18:09:21]   bash /home/philip/Projects/DNP3/research/case_a_read_anchored_dual_release/run/run_four_queue_oracle.sh --restore-only
[18:09:21] exit 1
[18:09:21] refine trial K=40 D=8ms B=18000 rep=1
[18:09:21] acquired /tmp/case_a_defense3_gate2.lock (pid 3272150)
[18:09:21] mode=gate2 dryrun=0 prog=case_a_defense3 skip_restore=1
[18:09:21] pre-run switch state: {"n_bf_switchd":1,"pid":"597143","conf":"/home/decps/d3/d3_final_synth.conf","p4_name":"case_a_defense3"}
[18:09:21] === GATE 2: ONE synthetic transaction, then STOP ===
[18:09:21] D=8 ms  budget=18000  scenario=gate2-2timer  ipg=500000 ns  gen=0xC0
[18:09:21] evidence: /home/philip/Projects/DNP3/defense3/evidence/ksweep_hold/20260803T175912Z/gate2_20260803T180921Z
[18:09:21] --- staging /home/philip/Projects/DNP3/defense3/run/poll_defense3.py + the Gate-1 setup module -> decps@10.10.54.81:/home/decps/d3gate2 ---
[18:09:23] --- preflight cleanup + clean assertion ---
[18:09:28] transaction returned rc=0
[18:09:29] --- scoring ---
==============================================================================
DEFENSE 3 — §13 GATE 2 — gate2_txn.json
==============================================================================
RES    ID     REQUIREMENT
------ ------ ----------------------------------------------------------
PASS   V-01   trial ran to completion (verdict COMPLETE)
                verdict='COMPLETE'
PASS   V-02   trial asserted a CLEAN START and was not refused
                reasons=[]
PASS   V-03   mandatory cleanup ran (from the `finally`)
                cleanup_synth present=True
PASS   C-R1   dp8 speed == BF_SPEED_25G on BOTH the MAC and the TM
                MAC $SPEED='BF_SPEED_25G', TM scheduling_speed='BF_SPEED_25G'
                (both must be BF_SPEED_25G)
PASS   G-01   one READ
                ARM_FRESH=1 ARM_DUP=0 ARM_BUSY=0
PASS   G-02   one K=40 blocker burst
                PKTGEN_ADMIT=40 (want 40) PKTGEN_DROP=0
PASS   G-03   one ACK admitted to Q_HOLD
                ACK_HOLD=1 ACK_DUP_HOLD=0 ACK_REJECT=0
FAIL   G-04   one EARLY RESPONSE admitted behind the ACK
                RESP_HOLD_EARLY=0 (the ACK had not yet been released)
                RESP_HOLD_LATE=0 RESP_BYPASS=1
FAIL   G-05   no ACK before t_ACK + D
                hold=1037 ns, D=8000000.0 ns, raw error=-7998963.0 ns (must be
                >= 0)
INDETERMINATE G-06   no RESPONSE before the ACK
                t_resp_release - t_ack_release = None ns (must be > 0; a
                negative value is the wire order INVERTED)
INDETERMINATE G-07   ACK released FIRST
                CD_ACK_RELEASE=0 + CD_ACK_REL_RETIRE=1 (E1 partitions the
                releases, so the SUM is the count) = 1, ordering gap=None ns
FAIL   G-08   RESPONSE released SECOND
                RELEASE_DEADLINE=0 RELEASE_FAILOPEN=0 (the two causes
                partition the releases, so the sum is the release count)
PASS   G-09   all blockers terminate (admitted == stale + deadline + budget)
                admitted=40 terminated=40 (stale=40 deadline=0 budget=0)
PASS   G-10   transaction returns clean (generation retired by the released RESPONSE, no drops, no off-topology packets)
                reg_tag BEFORE cleanup = 0x00 (want 0x00 = TAG_INACTIVE);
                BAD_PORT=0 (the trigger CLONE is counted as CLONE_SEEN=1, NOT
                as BAD_PORT); queue drops=[('qid7', 0), ('qid1', 0)]
PASS   C-R2   reservoir standing: t_first_blocker - t_READ < 100000 ns
                t_first_block - t_READ = 716 ns (bound 100000). A LATE
                reservoir is a SILENT ZERO-HOLD: the ACK arrives min 0.400 ms
                after the READ, so an unblocked Q_HOLD releases it immediately
                and every counter still reads normal.
PASS   C-R4   ACK_RELEASE_FAILOPEN == 0
                BLOCK_TERM_TMO + RELEASE_FAILOPEN = 0. Non-zero means the
                reservoir drained on the pass budget B, so the trial measured
                H = B*K/rate, NOT D.
FAIL   C-R5   corrected deadline error |hold - (D + K/rate)| <= 1000 ns
                hold=1037 ns; D=8000000.0 ns; K/rate=1069.519 ns; raw
                error=-7998963.000 ns; CORRECTED error=-8000032.519 ns. The
                raw error carries a deterministic +1069.519 ns bias; reporting
                it as jitter is the default failure of this measurement.
INFO   I-01   READ -> ACK interval (should track the hardware ipg)
                t_ack_arm - t_READ = 500010 ns, ipg = 500000 ns
INFO   I-02   release tail: ACK -> RESPONSE on the wire
                None ns
INFO   I-03   blocker loops (dp8 traversals consumed)
                CD_BLOCK_LOOP = 18596

MEASURED SEPARATELY (the direction's Gate-2 list)
  t_ACK (deadline armed)                 3017435322 ns
  d_ACK (the armed deadline word)        3025435137 ns
  first deadline termination             3017436388 ns
  final deadline termination             3017437434 ns
  ACK forward commitment                 3017436359 ns
  RESPONSE forward commitment            n/a
  actual ACK hold                        1037 ns
  drain (first -> final termination)     1046 ns
  drain tail (final term -> ACK out)     -1075 ns
  ACK -> RESPONSE separation             n/a
  READ -> pktgen trigger                 706 ns
  READ -> full K reservoir               1036 ns

DERIVED
  hold_ns                        1037
  D_ns                           8000000.0
  tau_ns                         1069.51871657754
  D_plus_tau_ns                  8001069.518716577
  deadline_error_raw_ns          -7998963.0
  deadline_error_corrected_ns    -8000032.518716577
  reservoir_standing_ns          716
  read_to_ack_ns                 500010
  ack_to_resp_release_ns         None
  blockers_admitted              40
  blockers_terminated            40
  ack_release_failopen           0

VERDICT: FAIL

GATE 2 SUMMARY: 1 trial(s), 0 PASS, 1 FAIL
[18:09:29] -------------------------------------------------------------
[18:09:29] GATE 2 COMPLETE — ONE transaction. txn_rc=0 analyzer_rc=1
[18:09:29] evidence: /home/philip/Projects/DNP3/defense3/evidence/ksweep_hold/20260803T175912Z/gate2_20260803T180921Z
[18:09:29] 
[18:09:29] STOPPING HERE BY DESIGN. Gates 3 (five transactions) and 4 (three
[18:09:29] boundary cases) are separate, human-gated steps and are NOT in this script.
[18:09:29] 
[18:09:29] The EXIT trap now restores the known-good state via the proven runner.
[18:09:29] on_exit: rc=1 — running restoration
[18:09:30] D3_SKIP_RESTORE=1 — NOT restoring. The switch is left as this run found
[18:09:30] it, and restoring it is now YOUR responsibility:
[18:09:30]   bash /home/philip/Projects/DNP3/research/case_a_read_anchored_dual_release/run/run_four_queue_oracle.sh --restore-only
[18:09:30] exit 1
[18:09:30] refine trial K=48 D=8ms B=18000 rep=1
[18:09:30] acquired /tmp/case_a_defense3_gate2.lock (pid 3272284)
[18:09:30] mode=gate2 dryrun=0 prog=case_a_defense3 skip_restore=1
[18:09:30] pre-run switch state: {"n_bf_switchd":1,"pid":"597143","conf":"/home/decps/d3/d3_final_synth.conf","p4_name":"case_a_defense3"}
[18:09:30] === GATE 2: ONE synthetic transaction, then STOP ===
[18:09:30] D=8 ms  budget=18000  scenario=gate2-2timer  ipg=500000 ns  gen=0xC0
[18:09:30] evidence: /home/philip/Projects/DNP3/defense3/evidence/ksweep_hold/20260803T175912Z/gate2_20260803T180930Z
[18:09:30] --- staging /home/philip/Projects/DNP3/defense3/run/poll_defense3.py + the Gate-1 setup module -> decps@10.10.54.81:/home/decps/d3gate2 ---
[18:09:32] --- preflight cleanup + clean assertion ---
[18:09:37] transaction returned rc=0
[18:09:38] --- scoring ---
==============================================================================
DEFENSE 3 — §13 GATE 2 — gate2_txn.json
==============================================================================
RES    ID     REQUIREMENT
------ ------ ----------------------------------------------------------
PASS   V-01   trial ran to completion (verdict COMPLETE)
                verdict='COMPLETE'
PASS   V-02   trial asserted a CLEAN START and was not refused
                reasons=[]
PASS   V-03   mandatory cleanup ran (from the `finally`)
                cleanup_synth present=True
PASS   C-R1   dp8 speed == BF_SPEED_25G on BOTH the MAC and the TM
                MAC $SPEED='BF_SPEED_25G', TM scheduling_speed='BF_SPEED_25G'
                (both must be BF_SPEED_25G)
PASS   G-01   one READ
                ARM_FRESH=1 ARM_DUP=0 ARM_BUSY=0
PASS   G-02   one K=48 blocker burst
                PKTGEN_ADMIT=48 (want 48) PKTGEN_DROP=0
PASS   G-03   one ACK admitted to Q_HOLD
                ACK_HOLD=1 ACK_DUP_HOLD=0 ACK_REJECT=0
PASS   G-04   one EARLY RESPONSE admitted behind the ACK
                RESP_HOLD_EARLY=1 (the ACK had not yet been released)
                RESP_HOLD_LATE=0 RESP_BYPASS=0
PASS   G-05   no ACK before t_ACK + D
                hold=8001150 ns, D=8000000.0 ns, raw error=1150.0 ns (must be
                >= 0)
PASS   G-06   no RESPONSE before the ACK
                t_resp_release - t_ack_release = 28 ns (must be > 0; a
                negative value is the wire order INVERTED)
PASS   G-07   ACK released FIRST
                CD_ACK_RELEASE=1 + CD_ACK_REL_RETIRE=0 (E1 partitions the
                releases, so the SUM is the count) = 1, ordering gap=28 ns
PASS   G-08   RESPONSE released SECOND
                RELEASE_DEADLINE=1 RELEASE_FAILOPEN=0 (the two causes
                partition the releases, so the sum is the release count)
PASS   G-09   all blockers terminate (admitted == stale + deadline + budget)
                admitted=48 terminated=48 (stale=0 deadline=48 budget=0)
PASS   G-10   transaction returns clean (generation retired by the released RESPONSE, no drops, no off-topology packets)
                reg_tag BEFORE cleanup = 0x00 (want 0x00 = TAG_INACTIVE);
                BAD_PORT=0 (the trigger CLONE is counted as CLONE_SEEN=1, NOT
                as BAD_PORT); queue drops=[('qid7', 0), ('qid1', 0)]
PASS   C-R2   reservoir standing: t_first_blocker - t_READ < 100000 ns
                t_first_block - t_READ = 717 ns (bound 100000). A LATE
                reservoir is a SILENT ZERO-HOLD: the ACK arrives min 0.400 ms
                after the READ, so an unblocked Q_HOLD releases it immediately
                and every counter still reads normal.
PASS   C-R4   ACK_RELEASE_FAILOPEN == 0
                BLOCK_TERM_TMO + RELEASE_FAILOPEN = 0. Non-zero means the
                reservoir drained on the pass budget B, so the trial measured
                H = B*K/rate, NOT D.
PASS   C-R5   corrected deadline error |hold - (D + K/rate)| <= 1000 ns
                hold=8001150 ns; D=8000000.0 ns; K/rate=1283.422 ns; raw
                error=+1150.000 ns; CORRECTED error=-133.422 ns. The raw error
                carries a deterministic +1283.422 ns bias; reporting it as
                jitter is the default failure of this measurement.
INFO   I-01   READ -> ACK interval (should track the hardware ipg)
                t_ack_arm - t_READ = 500010 ns, ipg = 500000 ns
INFO   I-02   release tail: ACK -> RESPONSE on the wire
                28 ns
INFO   I-03   blocker loops (dp8 traversals consumed)
                CD_BLOCK_LOOP = 316183

MEASURED SEPARATELY (the direction's Gate-2 list)
  t_ACK (deadline armed)                 3391493533 ns
  d_ACK (the armed deadline word)        3399493377 ns
  first deadline termination             3399493391 ns
  final deadline termination             3399494655 ns
  ACK forward commitment                 3399494683 ns
  RESPONSE forward commitment            3399494711 ns
  actual ACK hold                        8001150 ns
  drain (first -> final termination)     1264 ns
  drain tail (final term -> ACK out)     28 ns
  ACK -> RESPONSE separation             28 ns
  READ -> pktgen trigger                 706 ns
  READ -> full K reservoir               1102 ns

DERIVED
  hold_ns                        8001150
  D_ns                           8000000.0
  tau_ns                         1283.4224598930482
  D_plus_tau_ns                  8001283.422459893
  deadline_error_raw_ns          1150.0
  deadline_error_corrected_ns    -133.4224598930482
  reservoir_standing_ns          717
  read_to_ack_ns                 500010
  ack_to_resp_release_ns         28
  blockers_admitted              48
  blockers_terminated            48
  ack_release_failopen           0

VERDICT: PASS

GATE 2 SUMMARY: 1 trial(s), 1 PASS, 0 FAIL
[18:09:38] -------------------------------------------------------------
[18:09:38] GATE 2 COMPLETE — ONE transaction. txn_rc=0 analyzer_rc=0
[18:09:38] evidence: /home/philip/Projects/DNP3/defense3/evidence/ksweep_hold/20260803T175912Z/gate2_20260803T180930Z
[18:09:38] 
[18:09:38] STOPPING HERE BY DESIGN. Gates 3 (five transactions) and 4 (three
[18:09:38] boundary cases) are separate, human-gated steps and are NOT in this script.
[18:09:38] 
[18:09:38] The EXIT trap now restores the known-good state via the proven runner.
[18:09:38] on_exit: rc=0 — running restoration
[18:09:38] D3_SKIP_RESTORE=1 — NOT restoring. The switch is left as this run found
[18:09:38] it, and restoring it is now YOUR responsibility:
[18:09:38]   bash /home/philip/Projects/DNP3/research/case_a_read_anchored_dual_release/run/run_four_queue_oracle.sh --restore-only
[18:09:38] exit 0
[18:09:38] refine trial K=32 D=16ms B=26297 rep=1
[18:09:38] acquired /tmp/case_a_defense3_gate2.lock (pid 3272424)
[18:09:38] mode=gate2 dryrun=0 prog=case_a_defense3 skip_restore=1
[18:09:39] pre-run switch state: {"n_bf_switchd":1,"pid":"597143","conf":"/home/decps/d3/d3_final_synth.conf","p4_name":"case_a_defense3"}
[18:09:39] === GATE 2: ONE synthetic transaction, then STOP ===
[18:09:39] D=16 ms  budget=26297  scenario=gate2-2timer  ipg=500000 ns  gen=0xC0
[18:09:39] evidence: /home/philip/Projects/DNP3/defense3/evidence/ksweep_hold/20260803T175912Z/gate2_20260803T180938Z
[18:09:39] --- staging /home/philip/Projects/DNP3/defense3/run/poll_defense3.py + the Gate-1 setup module -> decps@10.10.54.81:/home/decps/d3gate2 ---
[18:09:41] --- preflight cleanup + clean assertion ---
[18:09:46] transaction returned rc=0
[18:09:47] --- scoring ---
==============================================================================
DEFENSE 3 — §13 GATE 2 — gate2_txn.json
==============================================================================
RES    ID     REQUIREMENT
------ ------ ----------------------------------------------------------
PASS   V-01   trial ran to completion (verdict COMPLETE)
                verdict='COMPLETE'
PASS   V-02   trial asserted a CLEAN START and was not refused
                reasons=[]
PASS   V-03   mandatory cleanup ran (from the `finally`)
                cleanup_synth present=True
PASS   C-R1   dp8 speed == BF_SPEED_25G on BOTH the MAC and the TM
                MAC $SPEED='BF_SPEED_25G', TM scheduling_speed='BF_SPEED_25G'
                (both must be BF_SPEED_25G)
PASS   G-01   one READ
                ARM_FRESH=1 ARM_DUP=0 ARM_BUSY=0
PASS   G-02   one K=32 blocker burst
                PKTGEN_ADMIT=32 (want 32) PKTGEN_DROP=0
PASS   G-03   one ACK admitted to Q_HOLD
                ACK_HOLD=1 ACK_DUP_HOLD=0 ACK_REJECT=0
FAIL   G-04   one EARLY RESPONSE admitted behind the ACK
                RESP_HOLD_EARLY=0 (the ACK had not yet been released)
                RESP_HOLD_LATE=0 RESP_BYPASS=1
FAIL   G-05   no ACK before t_ACK + D
                hold=847 ns, D=16000000.0 ns, raw error=-15999153.0 ns (must
                be >= 0)
INDETERMINATE G-06   no RESPONSE before the ACK
                t_resp_release - t_ack_release = None ns (must be > 0; a
                negative value is the wire order INVERTED)
INDETERMINATE G-07   ACK released FIRST
                CD_ACK_RELEASE=0 + CD_ACK_REL_RETIRE=1 (E1 partitions the
                releases, so the SUM is the count) = 1, ordering gap=None ns
FAIL   G-08   RESPONSE released SECOND
                RELEASE_DEADLINE=0 RELEASE_FAILOPEN=0 (the two causes
                partition the releases, so the sum is the release count)
PASS   G-09   all blockers terminate (admitted == stale + deadline + budget)
                admitted=32 terminated=32 (stale=32 deadline=0 budget=0)
PASS   G-10   transaction returns clean (generation retired by the released RESPONSE, no drops, no off-topology packets)
                reg_tag BEFORE cleanup = 0x00 (want 0x00 = TAG_INACTIVE);
                BAD_PORT=0 (the trigger CLONE is counted as CLONE_SEEN=1, NOT
                as BAD_PORT); queue drops=[('qid7', 0), ('qid1', 0)]
PASS   C-R2   reservoir standing: t_first_blocker - t_READ < 100000 ns
                t_first_block - t_READ = 717 ns (bound 100000). A LATE
                reservoir is a SILENT ZERO-HOLD: the ACK arrives min 0.400 ms
                after the READ, so an unblocked Q_HOLD releases it immediately
                and every counter still reads normal.
PASS   C-R4   ACK_RELEASE_FAILOPEN == 0
                BLOCK_TERM_TMO + RELEASE_FAILOPEN = 0. Non-zero means the
                reservoir drained on the pass budget B, so the trial measured
                H = B*K/rate, NOT D.
FAIL   C-R5   corrected deadline error |hold - (D + K/rate)| <= 1000 ns
                hold=847 ns; D=16000000.0 ns; K/rate=855.615 ns; raw
                error=-15999153.000 ns; CORRECTED error=-16000008.615 ns. The
                raw error carries a deterministic +855.615 ns bias; reporting
                it as jitter is the default failure of this measurement.
INFO   I-01   READ -> ACK interval (should track the hardware ipg)
                t_ack_arm - t_READ = 500011 ns, ipg = 500000 ns
INFO   I-02   release tail: ACK -> RESPONSE on the wire
                None ns
INFO   I-03   blocker loops (dp8 traversals consumed)
                CD_BLOCK_LOOP = 18589

MEASURED SEPARATELY (the direction's Gate-2 list)
  t_ACK (deadline armed)                 3620247145 ns
  d_ACK (the armed deadline word)        3636247041 ns
  first deadline termination             3620248018 ns
  final deadline termination             3620248851 ns
  ACK forward commitment                 3620247992 ns
  RESPONSE forward commitment            n/a
  actual ACK hold                        847 ns
  drain (first -> final termination)     833 ns
  drain tail (final term -> ACK out)     -859 ns
  ACK -> RESPONSE separation             n/a
  READ -> pktgen trigger                 707 ns
  READ -> full K reservoir               971 ns

DERIVED
  hold_ns                        847
  D_ns                           16000000.0
  tau_ns                         855.6149732620321
  D_plus_tau_ns                  16000855.614973262
  deadline_error_raw_ns          -15999153.0
  deadline_error_corrected_ns    -16000008.614973262
  reservoir_standing_ns          717
  read_to_ack_ns                 500011
  ack_to_resp_release_ns         None
  blockers_admitted              32
  blockers_terminated            32
  ack_release_failopen           0

VERDICT: FAIL

GATE 2 SUMMARY: 1 trial(s), 0 PASS, 1 FAIL
[18:09:47] -------------------------------------------------------------
[18:09:47] GATE 2 COMPLETE — ONE transaction. txn_rc=0 analyzer_rc=1
[18:09:47] evidence: /home/philip/Projects/DNP3/defense3/evidence/ksweep_hold/20260803T175912Z/gate2_20260803T180938Z
[18:09:47] 
[18:09:47] STOPPING HERE BY DESIGN. Gates 3 (five transactions) and 4 (three
[18:09:47] boundary cases) are separate, human-gated steps and are NOT in this script.
[18:09:47] 
[18:09:47] The EXIT trap now restores the known-good state via the proven runner.
[18:09:47] on_exit: rc=1 — running restoration
[18:09:47] D3_SKIP_RESTORE=1 — NOT restoring. The switch is left as this run found
[18:09:47] it, and restoring it is now YOUR responsibility:
[18:09:47]   bash /home/philip/Projects/DNP3/research/case_a_read_anchored_dual_release/run/run_four_queue_oracle.sh --restore-only
[18:09:47] exit 1
[18:09:47] refine trial K=40 D=16ms B=21038 rep=1
[18:09:47] acquired /tmp/case_a_defense3_gate2.lock (pid 3272571)
[18:09:47] mode=gate2 dryrun=0 prog=case_a_defense3 skip_restore=1
[18:09:48] pre-run switch state: {"n_bf_switchd":1,"pid":"597143","conf":"/home/decps/d3/d3_final_synth.conf","p4_name":"case_a_defense3"}
[18:09:48] === GATE 2: ONE synthetic transaction, then STOP ===
[18:09:48] D=16 ms  budget=21038  scenario=gate2-2timer  ipg=500000 ns  gen=0xC0
[18:09:48] evidence: /home/philip/Projects/DNP3/defense3/evidence/ksweep_hold/20260803T175912Z/gate2_20260803T180947Z
[18:09:48] --- staging /home/philip/Projects/DNP3/defense3/run/poll_defense3.py + the Gate-1 setup module -> decps@10.10.54.81:/home/decps/d3gate2 ---
[18:09:50] --- preflight cleanup + clean assertion ---
[18:09:55] transaction returned rc=0
[18:09:56] --- scoring ---
==============================================================================
DEFENSE 3 — §13 GATE 2 — gate2_txn.json
==============================================================================
RES    ID     REQUIREMENT
------ ------ ----------------------------------------------------------
PASS   V-01   trial ran to completion (verdict COMPLETE)
                verdict='COMPLETE'
PASS   V-02   trial asserted a CLEAN START and was not refused
                reasons=[]
PASS   V-03   mandatory cleanup ran (from the `finally`)
                cleanup_synth present=True
PASS   C-R1   dp8 speed == BF_SPEED_25G on BOTH the MAC and the TM
                MAC $SPEED='BF_SPEED_25G', TM scheduling_speed='BF_SPEED_25G'
                (both must be BF_SPEED_25G)
PASS   G-01   one READ
                ARM_FRESH=1 ARM_DUP=0 ARM_BUSY=0
PASS   G-02   one K=40 blocker burst
                PKTGEN_ADMIT=40 (want 40) PKTGEN_DROP=0
PASS   G-03   one ACK admitted to Q_HOLD
                ACK_HOLD=1 ACK_DUP_HOLD=0 ACK_REJECT=0
FAIL   G-04   one EARLY RESPONSE admitted behind the ACK
                RESP_HOLD_EARLY=0 (the ACK had not yet been released)
                RESP_HOLD_LATE=0 RESP_BYPASS=1
FAIL   G-05   no ACK before t_ACK + D
                hold=1034 ns, D=16000000.0 ns, raw error=-15998966.0 ns (must
                be >= 0)
INDETERMINATE G-06   no RESPONSE before the ACK
                t_resp_release - t_ack_release = None ns (must be > 0; a
                negative value is the wire order INVERTED)
INDETERMINATE G-07   ACK released FIRST
                CD_ACK_RELEASE=0 + CD_ACK_REL_RETIRE=1 (E1 partitions the
                releases, so the SUM is the count) = 1, ordering gap=None ns
FAIL   G-08   RESPONSE released SECOND
                RELEASE_DEADLINE=0 RELEASE_FAILOPEN=0 (the two causes
                partition the releases, so the sum is the release count)
PASS   G-09   all blockers terminate (admitted == stale + deadline + budget)
                admitted=40 terminated=40 (stale=40 deadline=0 budget=0)
PASS   G-10   transaction returns clean (generation retired by the released RESPONSE, no drops, no off-topology packets)
                reg_tag BEFORE cleanup = 0x00 (want 0x00 = TAG_INACTIVE);
                BAD_PORT=0 (the trigger CLONE is counted as CLONE_SEEN=1, NOT
                as BAD_PORT); queue drops=[('qid7', 0), ('qid1', 0)]
PASS   C-R2   reservoir standing: t_first_blocker - t_READ < 100000 ns
                t_first_block - t_READ = 715 ns (bound 100000). A LATE
                reservoir is a SILENT ZERO-HOLD: the ACK arrives min 0.400 ms
                after the READ, so an unblocked Q_HOLD releases it immediately
                and every counter still reads normal.
PASS   C-R4   ACK_RELEASE_FAILOPEN == 0
                BLOCK_TERM_TMO + RELEASE_FAILOPEN = 0. Non-zero means the
                reservoir drained on the pass budget B, so the trial measured
                H = B*K/rate, NOT D.
FAIL   C-R5   corrected deadline error |hold - (D + K/rate)| <= 1000 ns
                hold=1034 ns; D=16000000.0 ns; K/rate=1069.519 ns; raw
                error=-15998966.000 ns; CORRECTED error=-16000035.519 ns. The
                raw error carries a deterministic +1069.519 ns bias; reporting
                it as jitter is the default failure of this measurement.
INFO   I-01   READ -> ACK interval (should track the hardware ipg)
                t_ack_arm - t_READ = 500009 ns, ipg = 500000 ns
INFO   I-02   release tail: ACK -> RESPONSE on the wire
                None ns
INFO   I-03   blocker loops (dp8 traversals consumed)
                CD_BLOCK_LOOP = 18596

MEASURED SEPARATELY (the direction's Gate-2 list)
  t_ACK (deadline armed)                 3898889017 ns
  d_ACK (the armed deadline word)        3914888961 ns
  first deadline termination             3898890080 ns
  final deadline termination             3898891127 ns
  ACK forward commitment                 3898890051 ns
  RESPONSE forward commitment            n/a
  actual ACK hold                        1034 ns
  drain (first -> final termination)     1047 ns
  drain tail (final term -> ACK out)     -1076 ns
  ACK -> RESPONSE separation             n/a
  READ -> pktgen trigger                 704 ns
  READ -> full K reservoir               1034 ns

DERIVED
  hold_ns                        1034
  D_ns                           16000000.0
  tau_ns                         1069.51871657754
  D_plus_tau_ns                  16001069.518716577
  deadline_error_raw_ns          -15998966.0
  deadline_error_corrected_ns    -16000035.518716577
  reservoir_standing_ns          715
  read_to_ack_ns                 500009
  ack_to_resp_release_ns         None
  blockers_admitted              40
  blockers_terminated            40
  ack_release_failopen           0

VERDICT: FAIL

GATE 2 SUMMARY: 1 trial(s), 0 PASS, 1 FAIL
[18:09:56] -------------------------------------------------------------
[18:09:56] GATE 2 COMPLETE — ONE transaction. txn_rc=0 analyzer_rc=1
[18:09:56] evidence: /home/philip/Projects/DNP3/defense3/evidence/ksweep_hold/20260803T175912Z/gate2_20260803T180947Z
[18:09:56] 
[18:09:56] STOPPING HERE BY DESIGN. Gates 3 (five transactions) and 4 (three
[18:09:56] boundary cases) are separate, human-gated steps and are NOT in this script.
[18:09:56] 
[18:09:56] The EXIT trap now restores the known-good state via the proven runner.
[18:09:56] on_exit: rc=1 — running restoration
[18:09:56] D3_SKIP_RESTORE=1 — NOT restoring. The switch is left as this run found
[18:09:56] it, and restoring it is now YOUR responsibility:
[18:09:56]   bash /home/philip/Projects/DNP3/research/case_a_read_anchored_dual_release/run/run_four_queue_oracle.sh --restore-only
[18:09:56] exit 1
[18:09:56] refine trial K=48 D=16ms B=18000 rep=1
[18:09:56] acquired /tmp/case_a_defense3_gate2.lock (pid 3272710)
[18:09:56] mode=gate2 dryrun=0 prog=case_a_defense3 skip_restore=1
[18:09:57] pre-run switch state: {"n_bf_switchd":1,"pid":"597143","conf":"/home/decps/d3/d3_final_synth.conf","p4_name":"case_a_defense3"}
[18:09:57] === GATE 2: ONE synthetic transaction, then STOP ===
[18:09:57] D=16 ms  budget=18000  scenario=gate2-2timer  ipg=500000 ns  gen=0xC0
[18:09:57] evidence: /home/philip/Projects/DNP3/defense3/evidence/ksweep_hold/20260803T175912Z/gate2_20260803T180956Z
[18:09:57] --- staging /home/philip/Projects/DNP3/defense3/run/poll_defense3.py + the Gate-1 setup module -> decps@10.10.54.81:/home/decps/d3gate2 ---
[18:09:58] --- preflight cleanup + clean assertion ---
[18:10:03] transaction returned rc=0
[18:10:05] --- scoring ---
==============================================================================
DEFENSE 3 — §13 GATE 2 — gate2_txn.json
==============================================================================
RES    ID     REQUIREMENT
------ ------ ----------------------------------------------------------
PASS   V-01   trial ran to completion (verdict COMPLETE)
                verdict='COMPLETE'
PASS   V-02   trial asserted a CLEAN START and was not refused
                reasons=[]
PASS   V-03   mandatory cleanup ran (from the `finally`)
                cleanup_synth present=True
PASS   C-R1   dp8 speed == BF_SPEED_25G on BOTH the MAC and the TM
                MAC $SPEED='BF_SPEED_25G', TM scheduling_speed='BF_SPEED_25G'
                (both must be BF_SPEED_25G)
PASS   G-01   one READ
                ARM_FRESH=1 ARM_DUP=0 ARM_BUSY=0
PASS   G-02   one K=48 blocker burst
                PKTGEN_ADMIT=48 (want 48) PKTGEN_DROP=0
PASS   G-03   one ACK admitted to Q_HOLD
                ACK_HOLD=1 ACK_DUP_HOLD=0 ACK_REJECT=0
PASS   G-04   one EARLY RESPONSE admitted behind the ACK
                RESP_HOLD_EARLY=1 (the ACK had not yet been released)
                RESP_HOLD_LATE=0 RESP_BYPASS=0
PASS   G-05   no ACK before t_ACK + D
                hold=16001183 ns, D=16000000.0 ns, raw error=1183.0 ns (must
                be >= 0)
PASS   G-06   no RESPONSE before the ACK
                t_resp_release - t_ack_release = 29 ns (must be > 0; a
                negative value is the wire order INVERTED)
PASS   G-07   ACK released FIRST
                CD_ACK_RELEASE=1 + CD_ACK_REL_RETIRE=0 (E1 partitions the
                releases, so the SUM is the count) = 1, ordering gap=29 ns
PASS   G-08   RESPONSE released SECOND
                RELEASE_DEADLINE=1 RELEASE_FAILOPEN=0 (the two causes
                partition the releases, so the sum is the release count)
PASS   G-09   all blockers terminate (admitted == stale + deadline + budget)
                admitted=48 terminated=48 (stale=0 deadline=48 budget=0)
PASS   G-10   transaction returns clean (generation retired by the released RESPONSE, no drops, no off-topology packets)
                reg_tag BEFORE cleanup = 0x00 (want 0x00 = TAG_INACTIVE);
                BAD_PORT=0 (the trigger CLONE is counted as CLONE_SEEN=1, NOT
                as BAD_PORT); queue drops=[('qid7', 0), ('qid1', 0)]
PASS   C-R2   reservoir standing: t_first_blocker - t_READ < 100000 ns
                t_first_block - t_READ = 717 ns (bound 100000). A LATE
                reservoir is a SILENT ZERO-HOLD: the ACK arrives min 0.400 ms
                after the READ, so an unblocked Q_HOLD releases it immediately
                and every counter still reads normal.
PASS   C-R4   ACK_RELEASE_FAILOPEN == 0
                BLOCK_TERM_TMO + RELEASE_FAILOPEN = 0. Non-zero means the
                reservoir drained on the pass budget B, so the trial measured
                H = B*K/rate, NOT D.
PASS   C-R5   corrected deadline error |hold - (D + K/rate)| <= 1000 ns
                hold=16001183 ns; D=16000000.0 ns; K/rate=1283.422 ns; raw
                error=+1183.000 ns; CORRECTED error=-100.422 ns. The raw error
                carries a deterministic +1283.422 ns bias; reporting it as
                jitter is the default failure of this measurement.
INFO   I-01   READ -> ACK interval (should track the hardware ipg)
                t_ack_arm - t_READ = 500010 ns, ipg = 500000 ns
INFO   I-02   release tail: ACK -> RESPONSE on the wire
                29 ns
INFO   I-03   blocker loops (dp8 traversals consumed)
                CD_BLOCK_LOOP = 613815

MEASURED SEPARATELY (the direction's Gate-2 list)
  t_ACK (deadline armed)                 4139989373 ns
  d_ACK (the armed deadline word)        4155989249 ns
  first deadline termination             4155989265 ns
  final deadline termination             4155990531 ns
  ACK forward commitment                 4155990556 ns
  RESPONSE forward commitment            4155990585 ns
  actual ACK hold                        16001183 ns
  drain (first -> final termination)     1266 ns
  drain tail (final term -> ACK out)     25 ns
  ACK -> RESPONSE separation             29 ns
  READ -> pktgen trigger                 706 ns
  READ -> full K reservoir               1101 ns

DERIVED
  hold_ns                        16001183
  D_ns                           16000000.0
  tau_ns                         1283.4224598930482
  D_plus_tau_ns                  16001283.422459893
  deadline_error_raw_ns          1183.0
  deadline_error_corrected_ns    -100.4224598930482
  reservoir_standing_ns          717
  read_to_ack_ns                 500010
  ack_to_resp_release_ns         29
  blockers_admitted              48
  blockers_terminated            48
  ack_release_failopen           0

VERDICT: PASS

GATE 2 SUMMARY: 1 trial(s), 1 PASS, 0 FAIL
[18:10:05] -------------------------------------------------------------
[18:10:05] GATE 2 COMPLETE — ONE transaction. txn_rc=0 analyzer_rc=0
[18:10:05] evidence: /home/philip/Projects/DNP3/defense3/evidence/ksweep_hold/20260803T175912Z/gate2_20260803T180956Z
[18:10:05] 
[18:10:05] STOPPING HERE BY DESIGN. Gates 3 (five transactions) and 4 (three
[18:10:05] boundary cases) are separate, human-gated steps and are NOT in this script.
[18:10:05] 
[18:10:05] The EXIT trap now restores the known-good state via the proven runner.
[18:10:05] on_exit: rc=0 — running restoration
[18:10:05] D3_SKIP_RESTORE=1 — NOT restoring. The switch is left as this run found
[18:10:05] it, and restoring it is now YOUR responsibility:
[18:10:05]   bash /home/philip/Projects/DNP3/research/case_a_read_anchored_dual_release/run/run_four_queue_oracle.sh --restore-only
[18:10:05] exit 0
[18:10:05] refine trial K=36 D=2ms B=18000 rep=2
[18:10:05] acquired /tmp/case_a_defense3_gate2.lock (pid 3272850)
[18:10:05] mode=gate2 dryrun=0 prog=case_a_defense3 skip_restore=1
[18:10:06] pre-run switch state: {"n_bf_switchd":1,"pid":"597143","conf":"/home/decps/d3/d3_final_synth.conf","p4_name":"case_a_defense3"}
[18:10:06] === GATE 2: ONE synthetic transaction, then STOP ===
[18:10:06] D=2 ms  budget=18000  scenario=gate2-2timer  ipg=500000 ns  gen=0xC0
[18:10:06] evidence: /home/philip/Projects/DNP3/defense3/evidence/ksweep_hold/20260803T175912Z/gate2_20260803T181005Z
[18:10:06] --- staging /home/philip/Projects/DNP3/defense3/run/poll_defense3.py + the Gate-1 setup module -> decps@10.10.54.81:/home/decps/d3gate2 ---
[18:10:07] --- preflight cleanup + clean assertion ---
[18:10:12] transaction returned rc=0
[18:10:14] --- scoring ---
==============================================================================
DEFENSE 3 — §13 GATE 2 — gate2_txn.json
==============================================================================
RES    ID     REQUIREMENT
------ ------ ----------------------------------------------------------
PASS   V-01   trial ran to completion (verdict COMPLETE)
                verdict='COMPLETE'
PASS   V-02   trial asserted a CLEAN START and was not refused
                reasons=[]
PASS   V-03   mandatory cleanup ran (from the `finally`)
                cleanup_synth present=True
PASS   C-R1   dp8 speed == BF_SPEED_25G on BOTH the MAC and the TM
                MAC $SPEED='BF_SPEED_25G', TM scheduling_speed='BF_SPEED_25G'
                (both must be BF_SPEED_25G)
PASS   G-01   one READ
                ARM_FRESH=1 ARM_DUP=0 ARM_BUSY=0
PASS   G-02   one K=36 blocker burst
                PKTGEN_ADMIT=36 (want 36) PKTGEN_DROP=0
PASS   G-03   one ACK admitted to Q_HOLD
                ACK_HOLD=1 ACK_DUP_HOLD=0 ACK_REJECT=0
FAIL   G-04   one EARLY RESPONSE admitted behind the ACK
                RESP_HOLD_EARLY=0 (the ACK had not yet been released)
                RESP_HOLD_LATE=0 RESP_BYPASS=1
FAIL   G-05   no ACK before t_ACK + D
                hold=931 ns, D=1999872.0 ns, raw error=-1998941.0 ns (must be
                >= 0)
INDETERMINATE G-06   no RESPONSE before the ACK
                t_resp_release - t_ack_release = None ns (must be > 0; a
                negative value is the wire order INVERTED)
INDETERMINATE G-07   ACK released FIRST
                CD_ACK_RELEASE=0 + CD_ACK_REL_RETIRE=1 (E1 partitions the
                releases, so the SUM is the count) = 1, ordering gap=None ns
FAIL   G-08   RESPONSE released SECOND
                RELEASE_DEADLINE=0 RELEASE_FAILOPEN=0 (the two causes
                partition the releases, so the sum is the release count)
PASS   G-09   all blockers terminate (admitted == stale + deadline + budget)
                admitted=36 terminated=36 (stale=36 deadline=0 budget=0)
PASS   G-10   transaction returns clean (generation retired by the released RESPONSE, no drops, no off-topology packets)
                reg_tag BEFORE cleanup = 0x00 (want 0x00 = TAG_INACTIVE);
                BAD_PORT=0 (the trigger CLONE is counted as CLONE_SEEN=1, NOT
                as BAD_PORT); queue drops=[('qid7', 0), ('qid1', 0)]
PASS   C-R2   reservoir standing: t_first_blocker - t_READ < 100000 ns
                t_first_block - t_READ = 714 ns (bound 100000). A LATE
                reservoir is a SILENT ZERO-HOLD: the ACK arrives min 0.400 ms
                after the READ, so an unblocked Q_HOLD releases it immediately
                and every counter still reads normal.
PASS   C-R4   ACK_RELEASE_FAILOPEN == 0
                BLOCK_TERM_TMO + RELEASE_FAILOPEN = 0. Non-zero means the
                reservoir drained on the pass budget B, so the trial measured
                H = B*K/rate, NOT D.
FAIL   C-R5   corrected deadline error |hold - (D + K/rate)| <= 1000 ns
                hold=931 ns; D=1999872.0 ns; K/rate=962.567 ns; raw
                error=-1998941.000 ns; CORRECTED error=-1999903.567 ns. The
                raw error carries a deterministic +962.567 ns bias; reporting
                it as jitter is the default failure of this measurement.
INFO   I-01   READ -> ACK interval (should track the hardware ipg)
                t_ack_arm - t_READ = 500008 ns, ipg = 500000 ns
INFO   I-02   release tail: ACK -> RESPONSE on the wire
                None ns
INFO   I-03   blocker loops (dp8 traversals consumed)
                CD_BLOCK_LOOP = 18592

MEASURED SEPARATELY (the direction's Gate-2 list)
  t_ACK (deadline armed)                 65695621 ns
  d_ACK (the armed deadline word)        67695361 ns
  first deadline termination             65696579 ns
  final deadline termination             65697518 ns
  ACK forward commitment                 65696552 ns
  RESPONSE forward commitment            n/a
  actual ACK hold                        931 ns
  drain (first -> final termination)     939 ns
  drain tail (final term -> ACK out)     -966 ns
  ACK -> RESPONSE separation             n/a
  READ -> pktgen trigger                 704 ns
  READ -> full K reservoir               1001 ns

DERIVED
  hold_ns                        931
  D_ns                           1999872.0
  tau_ns                         962.566844919786
  D_plus_tau_ns                  2000834.5668449197
  deadline_error_raw_ns          -1998941.0
  deadline_error_corrected_ns    -1999903.5668449197
  reservoir_standing_ns          714
  read_to_ack_ns                 500008
  ack_to_resp_release_ns         None
  blockers_admitted              36
  blockers_terminated            36
  ack_release_failopen           0

VERDICT: FAIL

GATE 2 SUMMARY: 1 trial(s), 0 PASS, 1 FAIL
[18:10:14] -------------------------------------------------------------
[18:10:14] GATE 2 COMPLETE — ONE transaction. txn_rc=0 analyzer_rc=1
[18:10:14] evidence: /home/philip/Projects/DNP3/defense3/evidence/ksweep_hold/20260803T175912Z/gate2_20260803T181005Z
[18:10:14] 
[18:10:14] STOPPING HERE BY DESIGN. Gates 3 (five transactions) and 4 (three
[18:10:14] boundary cases) are separate, human-gated steps and are NOT in this script.
[18:10:14] 
[18:10:14] The EXIT trap now restores the known-good state via the proven runner.
[18:10:14] on_exit: rc=1 — running restoration
[18:10:14] D3_SKIP_RESTORE=1 — NOT restoring. The switch is left as this run found
[18:10:14] it, and restoring it is now YOUR responsibility:
[18:10:14]   bash /home/philip/Projects/DNP3/research/case_a_read_anchored_dual_release/run/run_four_queue_oracle.sh --restore-only
[18:10:14] exit 1
[18:10:14] refine trial K=40 D=2ms B=18000 rep=2
[18:10:14] acquired /tmp/case_a_defense3_gate2.lock (pid 3272984)
[18:10:14] mode=gate2 dryrun=0 prog=case_a_defense3 skip_restore=1
[18:10:15] pre-run switch state: {"n_bf_switchd":1,"pid":"597143","conf":"/home/decps/d3/d3_final_synth.conf","p4_name":"case_a_defense3"}
[18:10:15] === GATE 2: ONE synthetic transaction, then STOP ===
[18:10:15] D=2 ms  budget=18000  scenario=gate2-2timer  ipg=500000 ns  gen=0xC0
[18:10:15] evidence: /home/philip/Projects/DNP3/defense3/evidence/ksweep_hold/20260803T175912Z/gate2_20260803T181014Z
[18:10:15] --- staging /home/philip/Projects/DNP3/defense3/run/poll_defense3.py + the Gate-1 setup module -> decps@10.10.54.81:/home/decps/d3gate2 ---
[18:10:16] --- preflight cleanup + clean assertion ---
[18:10:21] transaction returned rc=0
[18:10:23] --- scoring ---
==============================================================================
DEFENSE 3 — §13 GATE 2 — gate2_txn.json
==============================================================================
RES    ID     REQUIREMENT
------ ------ ----------------------------------------------------------
PASS   V-01   trial ran to completion (verdict COMPLETE)
                verdict='COMPLETE'
PASS   V-02   trial asserted a CLEAN START and was not refused
                reasons=[]
PASS   V-03   mandatory cleanup ran (from the `finally`)
                cleanup_synth present=True
PASS   C-R1   dp8 speed == BF_SPEED_25G on BOTH the MAC and the TM
                MAC $SPEED='BF_SPEED_25G', TM scheduling_speed='BF_SPEED_25G'
                (both must be BF_SPEED_25G)
PASS   G-01   one READ
                ARM_FRESH=1 ARM_DUP=0 ARM_BUSY=0
PASS   G-02   one K=40 blocker burst
                PKTGEN_ADMIT=40 (want 40) PKTGEN_DROP=0
PASS   G-03   one ACK admitted to Q_HOLD
                ACK_HOLD=1 ACK_DUP_HOLD=0 ACK_REJECT=0
FAIL   G-04   one EARLY RESPONSE admitted behind the ACK
                RESP_HOLD_EARLY=0 (the ACK had not yet been released)
                RESP_HOLD_LATE=0 RESP_BYPASS=1
FAIL   G-05   no ACK before t_ACK + D
                hold=1038 ns, D=1999872.0 ns, raw error=-1998834.0 ns (must be
                >= 0)
INDETERMINATE G-06   no RESPONSE before the ACK
                t_resp_release - t_ack_release = None ns (must be > 0; a
                negative value is the wire order INVERTED)
INDETERMINATE G-07   ACK released FIRST
                CD_ACK_RELEASE=0 + CD_ACK_REL_RETIRE=1 (E1 partitions the
                releases, so the SUM is the count) = 1, ordering gap=None ns
FAIL   G-08   RESPONSE released SECOND
                RELEASE_DEADLINE=0 RELEASE_FAILOPEN=0 (the two causes
                partition the releases, so the sum is the release count)
PASS   G-09   all blockers terminate (admitted == stale + deadline + budget)
                admitted=40 terminated=40 (stale=40 deadline=0 budget=0)
PASS   G-10   transaction returns clean (generation retired by the released RESPONSE, no drops, no off-topology packets)
                reg_tag BEFORE cleanup = 0x00 (want 0x00 = TAG_INACTIVE);
                BAD_PORT=0 (the trigger CLONE is counted as CLONE_SEEN=1, NOT
                as BAD_PORT); queue drops=[('qid7', 0), ('qid1', 0)]
PASS   C-R2   reservoir standing: t_first_blocker - t_READ < 100000 ns
                t_first_block - t_READ = 716 ns (bound 100000). A LATE
                reservoir is a SILENT ZERO-HOLD: the ACK arrives min 0.400 ms
                after the READ, so an unblocked Q_HOLD releases it immediately
                and every counter still reads normal.
PASS   C-R4   ACK_RELEASE_FAILOPEN == 0
                BLOCK_TERM_TMO + RELEASE_FAILOPEN = 0. Non-zero means the
                reservoir drained on the pass budget B, so the trial measured
                H = B*K/rate, NOT D.
FAIL   C-R5   corrected deadline error |hold - (D + K/rate)| <= 1000 ns
                hold=1038 ns; D=1999872.0 ns; K/rate=1069.519 ns; raw
                error=-1998834.000 ns; CORRECTED error=-1999903.519 ns. The
                raw error carries a deterministic +1069.519 ns bias; reporting
                it as jitter is the default failure of this measurement.
INFO   I-01   READ -> ACK interval (should track the hardware ipg)
                t_ack_arm - t_READ = 500009 ns, ipg = 500000 ns
INFO   I-02   release tail: ACK -> RESPONSE on the wire
                None ns
INFO   I-03   blocker loops (dp8 traversals consumed)
                CD_BLOCK_LOOP = 18596

MEASURED SEPARATELY (the direction's Gate-2 list)
  t_ACK (deadline armed)                 326086821 ns
  d_ACK (the armed deadline word)        328086529 ns
  first deadline termination             326087887 ns
  final deadline termination             326088938 ns
  ACK forward commitment                 326087859 ns
  RESPONSE forward commitment            n/a
  actual ACK hold                        1038 ns
  drain (first -> final termination)     1051 ns
  drain tail (final term -> ACK out)     -1079 ns
  ACK -> RESPONSE separation             n/a
  READ -> pktgen trigger                 705 ns
  READ -> full K reservoir               1036 ns

DERIVED
  hold_ns                        1038
  D_ns                           1999872.0
  tau_ns                         1069.51871657754
  D_plus_tau_ns                  2000941.5187165774
  deadline_error_raw_ns          -1998834.0
  deadline_error_corrected_ns    -1999903.5187165774
  reservoir_standing_ns          716
  read_to_ack_ns                 500009
  ack_to_resp_release_ns         None
  blockers_admitted              40
  blockers_terminated            40
  ack_release_failopen           0

VERDICT: FAIL

GATE 2 SUMMARY: 1 trial(s), 0 PASS, 1 FAIL
[18:10:23] -------------------------------------------------------------
[18:10:23] GATE 2 COMPLETE — ONE transaction. txn_rc=0 analyzer_rc=1
[18:10:23] evidence: /home/philip/Projects/DNP3/defense3/evidence/ksweep_hold/20260803T175912Z/gate2_20260803T181014Z
[18:10:23] 
[18:10:23] STOPPING HERE BY DESIGN. Gates 3 (five transactions) and 4 (three
[18:10:23] boundary cases) are separate, human-gated steps and are NOT in this script.
[18:10:23] 
[18:10:23] The EXIT trap now restores the known-good state via the proven runner.
[18:10:23] on_exit: rc=1 — running restoration
[18:10:23] D3_SKIP_RESTORE=1 — NOT restoring. The switch is left as this run found
[18:10:23] it, and restoring it is now YOUR responsibility:
[18:10:23]   bash /home/philip/Projects/DNP3/research/case_a_read_anchored_dual_release/run/run_four_queue_oracle.sh --restore-only
[18:10:23] exit 1
[18:10:23] refine trial K=44 D=2ms B=18000 rep=2
[18:10:23] acquired /tmp/case_a_defense3_gate2.lock (pid 3273130)
[18:10:23] mode=gate2 dryrun=0 prog=case_a_defense3 skip_restore=1
[18:10:23] pre-run switch state: {"n_bf_switchd":1,"pid":"597143","conf":"/home/decps/d3/d3_final_synth.conf","p4_name":"case_a_defense3"}
[18:10:23] === GATE 2: ONE synthetic transaction, then STOP ===
[18:10:23] D=2 ms  budget=18000  scenario=gate2-2timer  ipg=500000 ns  gen=0xC0
[18:10:23] evidence: /home/philip/Projects/DNP3/defense3/evidence/ksweep_hold/20260803T175912Z/gate2_20260803T181023Z
[18:10:23] --- staging /home/philip/Projects/DNP3/defense3/run/poll_defense3.py + the Gate-1 setup module -> decps@10.10.54.81:/home/decps/d3gate2 ---
[18:10:25] --- preflight cleanup + clean assertion ---
[18:10:30] transaction returned rc=0
[18:10:31] --- scoring ---
==============================================================================
DEFENSE 3 — §13 GATE 2 — gate2_txn.json
==============================================================================
RES    ID     REQUIREMENT
------ ------ ----------------------------------------------------------
PASS   V-01   trial ran to completion (verdict COMPLETE)
                verdict='COMPLETE'
PASS   V-02   trial asserted a CLEAN START and was not refused
                reasons=[]
PASS   V-03   mandatory cleanup ran (from the `finally`)
                cleanup_synth present=True
PASS   C-R1   dp8 speed == BF_SPEED_25G on BOTH the MAC and the TM
                MAC $SPEED='BF_SPEED_25G', TM scheduling_speed='BF_SPEED_25G'
                (both must be BF_SPEED_25G)
PASS   G-01   one READ
                ARM_FRESH=1 ARM_DUP=0 ARM_BUSY=0
PASS   G-02   one K=44 blocker burst
                PKTGEN_ADMIT=44 (want 44) PKTGEN_DROP=0
PASS   G-03   one ACK admitted to Q_HOLD
                ACK_HOLD=1 ACK_DUP_HOLD=0 ACK_REJECT=0
PASS   G-04   one EARLY RESPONSE admitted behind the ACK
                RESP_HOLD_EARLY=1 (the ACK had not yet been released)
                RESP_HOLD_LATE=0 RESP_BYPASS=0
PASS   G-05   no ACK before t_ACK + D
                hold=2001016 ns, D=1999872.0 ns, raw error=1144.0 ns (must be
                >= 0)
PASS   G-06   no RESPONSE before the ACK
                t_resp_release - t_ack_release = 30 ns (must be > 0; a
                negative value is the wire order INVERTED)
PASS   G-07   ACK released FIRST
                CD_ACK_RELEASE=1 + CD_ACK_REL_RETIRE=0 (E1 partitions the
                releases, so the SUM is the count) = 1, ordering gap=30 ns
PASS   G-08   RESPONSE released SECOND
                RELEASE_DEADLINE=1 RELEASE_FAILOPEN=0 (the two causes
                partition the releases, so the sum is the release count)
PASS   G-09   all blockers terminate (admitted == stale + deadline + budget)
                admitted=44 terminated=44 (stale=0 deadline=44 budget=0)
PASS   G-10   transaction returns clean (generation retired by the released RESPONSE, no drops, no off-topology packets)
                reg_tag BEFORE cleanup = 0x00 (want 0x00 = TAG_INACTIVE);
                BAD_PORT=0 (the trigger CLONE is counted as CLONE_SEEN=1, NOT
                as BAD_PORT); queue drops=[('qid7', 0), ('qid1', 0)]
PASS   C-R2   reservoir standing: t_first_blocker - t_READ < 100000 ns
                t_first_block - t_READ = 716 ns (bound 100000). A LATE
                reservoir is a SILENT ZERO-HOLD: the ACK arrives min 0.400 ms
                after the READ, so an unblocked Q_HOLD releases it immediately
                and every counter still reads normal.
PASS   C-R4   ACK_RELEASE_FAILOPEN == 0
                BLOCK_TERM_TMO + RELEASE_FAILOPEN = 0. Non-zero means the
                reservoir drained on the pass budget B, so the trial measured
                H = B*K/rate, NOT D.
PASS   C-R5   corrected deadline error |hold - (D + K/rate)| <= 1000 ns
                hold=2001016 ns; D=1999872.0 ns; K/rate=1176.471 ns; raw
                error=+1144.000 ns; CORRECTED error=-32.471 ns. The raw error
                carries a deterministic +1176.471 ns bias; reporting it as
                jitter is the default failure of this measurement.
INFO   I-01   READ -> ACK interval (should track the hardware ipg)
                t_ack_arm - t_READ = 500010 ns, ipg = 500000 ns
INFO   I-02   release tail: ACK -> RESPONSE on the wire
                30 ns
INFO   I-03   blocker loops (dp8 traversals consumed)
                CD_BLOCK_LOOP = 92959

MEASURED SEPARATELY (the direction's Gate-2 list)
  t_ACK (deadline armed)                 541116712 ns
  d_ACK (the armed deadline word)        543116545 ns
  first deadline termination             543116544 ns
  final deadline termination             543117703 ns
  ACK forward commitment                 543117728 ns
  RESPONSE forward commitment            543117758 ns
  actual ACK hold                        2001016 ns
  drain (first -> final termination)     1159 ns
  drain tail (final term -> ACK out)     25 ns
  ACK -> RESPONSE separation             30 ns
  READ -> pktgen trigger                 706 ns
  READ -> full K reservoir               1069 ns

DERIVED
  hold_ns                        2001016
  D_ns                           1999872.0
  tau_ns                         1176.470588235294
  D_plus_tau_ns                  2001048.4705882352
  deadline_error_raw_ns          1144.0
  deadline_error_corrected_ns    -32.47058823529392
  reservoir_standing_ns          716
  read_to_ack_ns                 500010
  ack_to_resp_release_ns         30
  blockers_admitted              44
  blockers_terminated            44
  ack_release_failopen           0

VERDICT: PASS

GATE 2 SUMMARY: 1 trial(s), 1 PASS, 0 FAIL
[18:10:31] -------------------------------------------------------------
[18:10:31] GATE 2 COMPLETE — ONE transaction. txn_rc=0 analyzer_rc=0
[18:10:31] evidence: /home/philip/Projects/DNP3/defense3/evidence/ksweep_hold/20260803T175912Z/gate2_20260803T181023Z
[18:10:31] 
[18:10:31] STOPPING HERE BY DESIGN. Gates 3 (five transactions) and 4 (three
[18:10:31] boundary cases) are separate, human-gated steps and are NOT in this script.
[18:10:31] 
[18:10:31] The EXIT trap now restores the known-good state via the proven runner.
[18:10:31] on_exit: rc=0 — running restoration
[18:10:31] D3_SKIP_RESTORE=1 — NOT restoring. The switch is left as this run found
[18:10:31] it, and restoring it is now YOUR responsibility:
[18:10:31]   bash /home/philip/Projects/DNP3/research/case_a_read_anchored_dual_release/run/run_four_queue_oracle.sh --restore-only
[18:10:31] exit 0
[18:10:31] refine trial K=32 D=8ms B=18000 rep=2
[18:10:31] acquired /tmp/case_a_defense3_gate2.lock (pid 3273270)
[18:10:31] mode=gate2 dryrun=0 prog=case_a_defense3 skip_restore=1
[18:10:32] pre-run switch state: {"n_bf_switchd":1,"pid":"597143","conf":"/home/decps/d3/d3_final_synth.conf","p4_name":"case_a_defense3"}
[18:10:32] === GATE 2: ONE synthetic transaction, then STOP ===
[18:10:32] D=8 ms  budget=18000  scenario=gate2-2timer  ipg=500000 ns  gen=0xC0
[18:10:32] evidence: /home/philip/Projects/DNP3/defense3/evidence/ksweep_hold/20260803T175912Z/gate2_20260803T181031Z
[18:10:32] --- staging /home/philip/Projects/DNP3/defense3/run/poll_defense3.py + the Gate-1 setup module -> decps@10.10.54.81:/home/decps/d3gate2 ---
[18:10:34] --- preflight cleanup + clean assertion ---
[18:10:39] transaction returned rc=0
[18:10:40] --- scoring ---
==============================================================================
DEFENSE 3 — §13 GATE 2 — gate2_txn.json
==============================================================================
RES    ID     REQUIREMENT
------ ------ ----------------------------------------------------------
PASS   V-01   trial ran to completion (verdict COMPLETE)
                verdict='COMPLETE'
PASS   V-02   trial asserted a CLEAN START and was not refused
                reasons=[]
PASS   V-03   mandatory cleanup ran (from the `finally`)
                cleanup_synth present=True
PASS   C-R1   dp8 speed == BF_SPEED_25G on BOTH the MAC and the TM
                MAC $SPEED='BF_SPEED_25G', TM scheduling_speed='BF_SPEED_25G'
                (both must be BF_SPEED_25G)
PASS   G-01   one READ
                ARM_FRESH=1 ARM_DUP=0 ARM_BUSY=0
PASS   G-02   one K=32 blocker burst
                PKTGEN_ADMIT=32 (want 32) PKTGEN_DROP=0
PASS   G-03   one ACK admitted to Q_HOLD
                ACK_HOLD=1 ACK_DUP_HOLD=0 ACK_REJECT=0
FAIL   G-04   one EARLY RESPONSE admitted behind the ACK
                RESP_HOLD_EARLY=0 (the ACK had not yet been released)
                RESP_HOLD_LATE=0 RESP_BYPASS=1
FAIL   G-05   no ACK before t_ACK + D
                hold=821 ns, D=8000000.0 ns, raw error=-7999179.0 ns (must be
                >= 0)
INDETERMINATE G-06   no RESPONSE before the ACK
                t_resp_release - t_ack_release = None ns (must be > 0; a
                negative value is the wire order INVERTED)
INDETERMINATE G-07   ACK released FIRST
                CD_ACK_RELEASE=0 + CD_ACK_REL_RETIRE=1 (E1 partitions the
                releases, so the SUM is the count) = 1, ordering gap=None ns
FAIL   G-08   RESPONSE released SECOND
                RELEASE_DEADLINE=0 RELEASE_FAILOPEN=0 (the two causes
                partition the releases, so the sum is the release count)
PASS   G-09   all blockers terminate (admitted == stale + deadline + budget)
                admitted=32 terminated=32 (stale=32 deadline=0 budget=0)
PASS   G-10   transaction returns clean (generation retired by the released RESPONSE, no drops, no off-topology packets)
                reg_tag BEFORE cleanup = 0x00 (want 0x00 = TAG_INACTIVE);
                BAD_PORT=0 (the trigger CLONE is counted as CLONE_SEEN=1, NOT
                as BAD_PORT); queue drops=[('qid7', 0), ('qid1', 0)]
PASS   C-R2   reservoir standing: t_first_blocker - t_READ < 100000 ns
                t_first_block - t_READ = 715 ns (bound 100000). A LATE
                reservoir is a SILENT ZERO-HOLD: the ACK arrives min 0.400 ms
                after the READ, so an unblocked Q_HOLD releases it immediately
                and every counter still reads normal.
PASS   C-R4   ACK_RELEASE_FAILOPEN == 0
                BLOCK_TERM_TMO + RELEASE_FAILOPEN = 0. Non-zero means the
                reservoir drained on the pass budget B, so the trial measured
                H = B*K/rate, NOT D.
FAIL   C-R5   corrected deadline error |hold - (D + K/rate)| <= 1000 ns
                hold=821 ns; D=8000000.0 ns; K/rate=855.615 ns; raw
                error=-7999179.000 ns; CORRECTED error=-8000034.615 ns. The
                raw error carries a deterministic +855.615 ns bias; reporting
                it as jitter is the default failure of this measurement.
INFO   I-01   READ -> ACK interval (should track the hardware ipg)
                t_ack_arm - t_READ = 500010 ns, ipg = 500000 ns
INFO   I-02   release tail: ACK -> RESPONSE on the wire
                None ns
INFO   I-03   blocker loops (dp8 traversals consumed)
                CD_BLOCK_LOOP = 18588

MEASURED SEPARATELY (the direction's Gate-2 list)
  t_ACK (deadline armed)                 775232098 ns
  d_ACK (the armed deadline word)        783232001 ns
  first deadline termination             775232947 ns
  final deadline termination             775233781 ns
  ACK forward commitment                 775232919 ns
  RESPONSE forward commitment            n/a
  actual ACK hold                        821 ns
  drain (first -> final termination)     834 ns
  drain tail (final term -> ACK out)     -862 ns
  ACK -> RESPONSE separation             n/a
  READ -> pktgen trigger                 705 ns
  READ -> full K reservoir               971 ns

DERIVED
  hold_ns                        821
  D_ns                           8000000.0
  tau_ns                         855.6149732620321
  D_plus_tau_ns                  8000855.614973262
  deadline_error_raw_ns          -7999179.0
  deadline_error_corrected_ns    -8000034.614973262
  reservoir_standing_ns          715
  read_to_ack_ns                 500010
  ack_to_resp_release_ns         None
  blockers_admitted              32
  blockers_terminated            32
  ack_release_failopen           0

VERDICT: FAIL

GATE 2 SUMMARY: 1 trial(s), 0 PASS, 1 FAIL
[18:10:40] -------------------------------------------------------------
[18:10:40] GATE 2 COMPLETE — ONE transaction. txn_rc=0 analyzer_rc=1
[18:10:40] evidence: /home/philip/Projects/DNP3/defense3/evidence/ksweep_hold/20260803T175912Z/gate2_20260803T181031Z
[18:10:40] 
[18:10:40] STOPPING HERE BY DESIGN. Gates 3 (five transactions) and 4 (three
[18:10:40] boundary cases) are separate, human-gated steps and are NOT in this script.
[18:10:40] 
[18:10:40] The EXIT trap now restores the known-good state via the proven runner.
[18:10:40] on_exit: rc=1 — running restoration
[18:10:40] D3_SKIP_RESTORE=1 — NOT restoring. The switch is left as this run found
[18:10:40] it, and restoring it is now YOUR responsibility:
[18:10:40]   bash /home/philip/Projects/DNP3/research/case_a_read_anchored_dual_release/run/run_four_queue_oracle.sh --restore-only
[18:10:40] exit 1
[18:10:40] refine trial K=40 D=8ms B=18000 rep=2
[18:10:40] acquired /tmp/case_a_defense3_gate2.lock (pid 3273409)
[18:10:40] mode=gate2 dryrun=0 prog=case_a_defense3 skip_restore=1
[18:10:41] pre-run switch state: {"n_bf_switchd":1,"pid":"597143","conf":"/home/decps/d3/d3_final_synth.conf","p4_name":"case_a_defense3"}
[18:10:41] === GATE 2: ONE synthetic transaction, then STOP ===
[18:10:41] D=8 ms  budget=18000  scenario=gate2-2timer  ipg=500000 ns  gen=0xC0
[18:10:41] evidence: /home/philip/Projects/DNP3/defense3/evidence/ksweep_hold/20260803T175912Z/gate2_20260803T181040Z
[18:10:41] --- staging /home/philip/Projects/DNP3/defense3/run/poll_defense3.py + the Gate-1 setup module -> decps@10.10.54.81:/home/decps/d3gate2 ---
[18:10:42] --- preflight cleanup + clean assertion ---
[18:10:48] transaction returned rc=0
[18:10:49] --- scoring ---
==============================================================================
DEFENSE 3 — §13 GATE 2 — gate2_txn.json
==============================================================================
RES    ID     REQUIREMENT
------ ------ ----------------------------------------------------------
PASS   V-01   trial ran to completion (verdict COMPLETE)
                verdict='COMPLETE'
PASS   V-02   trial asserted a CLEAN START and was not refused
                reasons=[]
PASS   V-03   mandatory cleanup ran (from the `finally`)
                cleanup_synth present=True
PASS   C-R1   dp8 speed == BF_SPEED_25G on BOTH the MAC and the TM
                MAC $SPEED='BF_SPEED_25G', TM scheduling_speed='BF_SPEED_25G'
                (both must be BF_SPEED_25G)
PASS   G-01   one READ
                ARM_FRESH=1 ARM_DUP=0 ARM_BUSY=0
PASS   G-02   one K=40 blocker burst
                PKTGEN_ADMIT=40 (want 40) PKTGEN_DROP=0
PASS   G-03   one ACK admitted to Q_HOLD
                ACK_HOLD=1 ACK_DUP_HOLD=0 ACK_REJECT=0
FAIL   G-04   one EARLY RESPONSE admitted behind the ACK
                RESP_HOLD_EARLY=0 (the ACK had not yet been released)
                RESP_HOLD_LATE=0 RESP_BYPASS=1
FAIL   G-05   no ACK before t_ACK + D
                hold=1034 ns, D=8000000.0 ns, raw error=-7998966.0 ns (must be
                >= 0)
INDETERMINATE G-06   no RESPONSE before the ACK
                t_resp_release - t_ack_release = None ns (must be > 0; a
                negative value is the wire order INVERTED)
INDETERMINATE G-07   ACK released FIRST
                CD_ACK_RELEASE=0 + CD_ACK_REL_RETIRE=1 (E1 partitions the
                releases, so the SUM is the count) = 1, ordering gap=None ns
FAIL   G-08   RESPONSE released SECOND
                RELEASE_DEADLINE=0 RELEASE_FAILOPEN=0 (the two causes
                partition the releases, so the sum is the release count)
PASS   G-09   all blockers terminate (admitted == stale + deadline + budget)
                admitted=40 terminated=40 (stale=40 deadline=0 budget=0)
PASS   G-10   transaction returns clean (generation retired by the released RESPONSE, no drops, no off-topology packets)
                reg_tag BEFORE cleanup = 0x00 (want 0x00 = TAG_INACTIVE);
                BAD_PORT=0 (the trigger CLONE is counted as CLONE_SEEN=1, NOT
                as BAD_PORT); queue drops=[('qid7', 0), ('qid1', 0)]
PASS   C-R2   reservoir standing: t_first_blocker - t_READ < 100000 ns
                t_first_block - t_READ = 716 ns (bound 100000). A LATE
                reservoir is a SILENT ZERO-HOLD: the ACK arrives min 0.400 ms
                after the READ, so an unblocked Q_HOLD releases it immediately
                and every counter still reads normal.
PASS   C-R4   ACK_RELEASE_FAILOPEN == 0
                BLOCK_TERM_TMO + RELEASE_FAILOPEN = 0. Non-zero means the
                reservoir drained on the pass budget B, so the trial measured
                H = B*K/rate, NOT D.
FAIL   C-R5   corrected deadline error |hold - (D + K/rate)| <= 1000 ns
                hold=1034 ns; D=8000000.0 ns; K/rate=1069.519 ns; raw
                error=-7998966.000 ns; CORRECTED error=-8000035.519 ns. The
                raw error carries a deterministic +1069.519 ns bias; reporting
                it as jitter is the default failure of this measurement.
INFO   I-01   READ -> ACK interval (should track the hardware ipg)
                t_ack_arm - t_READ = 500010 ns, ipg = 500000 ns
INFO   I-02   release tail: ACK -> RESPONSE on the wire
                None ns
INFO   I-03   blocker loops (dp8 traversals consumed)
                CD_BLOCK_LOOP = 18596

MEASURED SEPARATELY (the direction's Gate-2 list)
  t_ACK (deadline armed)                 1071170520 ns
  d_ACK (the armed deadline word)        1079170305 ns
  first deadline termination             1071171581 ns
  final deadline termination             1071172630 ns
  ACK forward commitment                 1071171554 ns
  RESPONSE forward commitment            n/a
  actual ACK hold                        1034 ns
  drain (first -> final termination)     1049 ns
  drain tail (final term -> ACK out)     -1076 ns
  ACK -> RESPONSE separation             n/a
  READ -> pktgen trigger                 705 ns
  READ -> full K reservoir               1035 ns

DERIVED
  hold_ns                        1034
  D_ns                           8000000.0
  tau_ns                         1069.51871657754
  D_plus_tau_ns                  8001069.518716577
  deadline_error_raw_ns          -7998966.0
  deadline_error_corrected_ns    -8000035.518716577
  reservoir_standing_ns          716
  read_to_ack_ns                 500010
  ack_to_resp_release_ns         None
  blockers_admitted              40
  blockers_terminated            40
  ack_release_failopen           0

VERDICT: FAIL

GATE 2 SUMMARY: 1 trial(s), 0 PASS, 1 FAIL
[18:10:49] -------------------------------------------------------------
[18:10:49] GATE 2 COMPLETE — ONE transaction. txn_rc=0 analyzer_rc=1
[18:10:49] evidence: /home/philip/Projects/DNP3/defense3/evidence/ksweep_hold/20260803T175912Z/gate2_20260803T181040Z
[18:10:49] 
[18:10:49] STOPPING HERE BY DESIGN. Gates 3 (five transactions) and 4 (three
[18:10:49] boundary cases) are separate, human-gated steps and are NOT in this script.
[18:10:49] 
[18:10:49] The EXIT trap now restores the known-good state via the proven runner.
[18:10:49] on_exit: rc=1 — running restoration
[18:10:49] D3_SKIP_RESTORE=1 — NOT restoring. The switch is left as this run found
[18:10:49] it, and restoring it is now YOUR responsibility:
[18:10:49]   bash /home/philip/Projects/DNP3/research/case_a_read_anchored_dual_release/run/run_four_queue_oracle.sh --restore-only
[18:10:49] exit 1
[18:10:49] refine trial K=48 D=8ms B=18000 rep=2
[18:10:49] acquired /tmp/case_a_defense3_gate2.lock (pid 3273556)
[18:10:49] mode=gate2 dryrun=0 prog=case_a_defense3 skip_restore=1
[18:10:50] pre-run switch state: {"n_bf_switchd":1,"pid":"597143","conf":"/home/decps/d3/d3_final_synth.conf","p4_name":"case_a_defense3"}
[18:10:50] === GATE 2: ONE synthetic transaction, then STOP ===
[18:10:50] D=8 ms  budget=18000  scenario=gate2-2timer  ipg=500000 ns  gen=0xC0
[18:10:50] evidence: /home/philip/Projects/DNP3/defense3/evidence/ksweep_hold/20260803T175912Z/gate2_20260803T181049Z
[18:10:50] --- staging /home/philip/Projects/DNP3/defense3/run/poll_defense3.py + the Gate-1 setup module -> decps@10.10.54.81:/home/decps/d3gate2 ---
[18:10:51] --- preflight cleanup + clean assertion ---
[18:10:57] transaction returned rc=0
[18:10:58] --- scoring ---
==============================================================================
DEFENSE 3 — §13 GATE 2 — gate2_txn.json
==============================================================================
RES    ID     REQUIREMENT
------ ------ ----------------------------------------------------------
PASS   V-01   trial ran to completion (verdict COMPLETE)
                verdict='COMPLETE'
PASS   V-02   trial asserted a CLEAN START and was not refused
                reasons=[]
PASS   V-03   mandatory cleanup ran (from the `finally`)
                cleanup_synth present=True
PASS   C-R1   dp8 speed == BF_SPEED_25G on BOTH the MAC and the TM
                MAC $SPEED='BF_SPEED_25G', TM scheduling_speed='BF_SPEED_25G'
                (both must be BF_SPEED_25G)
PASS   G-01   one READ
                ARM_FRESH=1 ARM_DUP=0 ARM_BUSY=0
PASS   G-02   one K=48 blocker burst
                PKTGEN_ADMIT=48 (want 48) PKTGEN_DROP=0
PASS   G-03   one ACK admitted to Q_HOLD
                ACK_HOLD=1 ACK_DUP_HOLD=0 ACK_REJECT=0
PASS   G-04   one EARLY RESPONSE admitted behind the ACK
                RESP_HOLD_EARLY=1 (the ACK had not yet been released)
                RESP_HOLD_LATE=0 RESP_BYPASS=0
PASS   G-05   no ACK before t_ACK + D
                hold=8001095 ns, D=8000000.0 ns, raw error=1095.0 ns (must be
                >= 0)
PASS   G-06   no RESPONSE before the ACK
                t_resp_release - t_ack_release = 29 ns (must be > 0; a
                negative value is the wire order INVERTED)
PASS   G-07   ACK released FIRST
                CD_ACK_RELEASE=1 + CD_ACK_REL_RETIRE=0 (E1 partitions the
                releases, so the SUM is the count) = 1, ordering gap=29 ns
PASS   G-08   RESPONSE released SECOND
                RELEASE_DEADLINE=1 RELEASE_FAILOPEN=0 (the two causes
                partition the releases, so the sum is the release count)
PASS   G-09   all blockers terminate (admitted == stale + deadline + budget)
                admitted=48 terminated=48 (stale=0 deadline=48 budget=0)
PASS   G-10   transaction returns clean (generation retired by the released RESPONSE, no drops, no off-topology packets)
                reg_tag BEFORE cleanup = 0x00 (want 0x00 = TAG_INACTIVE);
                BAD_PORT=0 (the trigger CLONE is counted as CLONE_SEEN=1, NOT
                as BAD_PORT); queue drops=[('qid7', 0), ('qid1', 0)]
PASS   C-R2   reservoir standing: t_first_blocker - t_READ < 100000 ns
                t_first_block - t_READ = 715 ns (bound 100000). A LATE
                reservoir is a SILENT ZERO-HOLD: the ACK arrives min 0.400 ms
                after the READ, so an unblocked Q_HOLD releases it immediately
                and every counter still reads normal.
PASS   C-R4   ACK_RELEASE_FAILOPEN == 0
                BLOCK_TERM_TMO + RELEASE_FAILOPEN = 0. Non-zero means the
                reservoir drained on the pass budget B, so the trial measured
                H = B*K/rate, NOT D.
PASS   C-R5   corrected deadline error |hold - (D + K/rate)| <= 1000 ns
                hold=8001095 ns; D=8000000.0 ns; K/rate=1283.422 ns; raw
                error=+1095.000 ns; CORRECTED error=-188.422 ns. The raw error
                carries a deterministic +1283.422 ns bias; reporting it as
                jitter is the default failure of this measurement.
INFO   I-01   READ -> ACK interval (should track the hardware ipg)
                t_ack_arm - t_READ = 500009 ns, ipg = 500000 ns
INFO   I-02   release tail: ACK -> RESPONSE on the wire
                29 ns
INFO   I-03   blocker loops (dp8 traversals consumed)
                CD_BLOCK_LOOP = 316181

MEASURED SEPARATELY (the direction's Gate-2 list)
  t_ACK (deadline armed)                 1385786844 ns
  d_ACK (the armed deadline word)        1393786625 ns
  first deadline termination             1393786650 ns
  final deadline termination             1393787914 ns
  ACK forward commitment                 1393787939 ns
  RESPONSE forward commitment            1393787968 ns
  actual ACK hold                        8001095 ns
  drain (first -> final termination)     1264 ns
  drain tail (final term -> ACK out)     25 ns
  ACK -> RESPONSE separation             29 ns
  READ -> pktgen trigger                 705 ns
  READ -> full K reservoir               1100 ns

DERIVED
  hold_ns                        8001095
  D_ns                           8000000.0
  tau_ns                         1283.4224598930482
  D_plus_tau_ns                  8001283.422459893
  deadline_error_raw_ns          1095.0
  deadline_error_corrected_ns    -188.4224598930482
  reservoir_standing_ns          715
  read_to_ack_ns                 500009
  ack_to_resp_release_ns         29
  blockers_admitted              48
  blockers_terminated            48
  ack_release_failopen           0

VERDICT: PASS

GATE 2 SUMMARY: 1 trial(s), 1 PASS, 0 FAIL
[18:10:58] -------------------------------------------------------------
[18:10:58] GATE 2 COMPLETE — ONE transaction. txn_rc=0 analyzer_rc=0
[18:10:58] evidence: /home/philip/Projects/DNP3/defense3/evidence/ksweep_hold/20260803T175912Z/gate2_20260803T181049Z
[18:10:58] 
[18:10:58] STOPPING HERE BY DESIGN. Gates 3 (five transactions) and 4 (three
[18:10:58] boundary cases) are separate, human-gated steps and are NOT in this script.
[18:10:58] 
[18:10:58] The EXIT trap now restores the known-good state via the proven runner.
[18:10:58] on_exit: rc=0 — running restoration
[18:10:58] D3_SKIP_RESTORE=1 — NOT restoring. The switch is left as this run found
[18:10:58] it, and restoring it is now YOUR responsibility:
[18:10:58]   bash /home/philip/Projects/DNP3/research/case_a_read_anchored_dual_release/run/run_four_queue_oracle.sh --restore-only
[18:10:58] exit 0
[18:10:58] refine trial K=32 D=16ms B=26297 rep=2
[18:10:58] acquired /tmp/case_a_defense3_gate2.lock (pid 3273689)
[18:10:58] mode=gate2 dryrun=0 prog=case_a_defense3 skip_restore=1
[18:10:59] pre-run switch state: {"n_bf_switchd":1,"pid":"597143","conf":"/home/decps/d3/d3_final_synth.conf","p4_name":"case_a_defense3"}
[18:10:59] === GATE 2: ONE synthetic transaction, then STOP ===
[18:10:59] D=16 ms  budget=26297  scenario=gate2-2timer  ipg=500000 ns  gen=0xC0
[18:10:59] evidence: /home/philip/Projects/DNP3/defense3/evidence/ksweep_hold/20260803T175912Z/gate2_20260803T181058Z
[18:10:59] --- staging /home/philip/Projects/DNP3/defense3/run/poll_defense3.py + the Gate-1 setup module -> decps@10.10.54.81:/home/decps/d3gate2 ---
[18:11:00] --- preflight cleanup + clean assertion ---
[18:11:05] transaction returned rc=0
[18:11:07] --- scoring ---
==============================================================================
DEFENSE 3 — §13 GATE 2 — gate2_txn.json
==============================================================================
RES    ID     REQUIREMENT
------ ------ ----------------------------------------------------------
PASS   V-01   trial ran to completion (verdict COMPLETE)
                verdict='COMPLETE'
PASS   V-02   trial asserted a CLEAN START and was not refused
                reasons=[]
PASS   V-03   mandatory cleanup ran (from the `finally`)
                cleanup_synth present=True
PASS   C-R1   dp8 speed == BF_SPEED_25G on BOTH the MAC and the TM
                MAC $SPEED='BF_SPEED_25G', TM scheduling_speed='BF_SPEED_25G'
                (both must be BF_SPEED_25G)
PASS   G-01   one READ
                ARM_FRESH=1 ARM_DUP=0 ARM_BUSY=0
PASS   G-02   one K=32 blocker burst
                PKTGEN_ADMIT=32 (want 32) PKTGEN_DROP=0
PASS   G-03   one ACK admitted to Q_HOLD
                ACK_HOLD=1 ACK_DUP_HOLD=0 ACK_REJECT=0
FAIL   G-04   one EARLY RESPONSE admitted behind the ACK
                RESP_HOLD_EARLY=0 (the ACK had not yet been released)
                RESP_HOLD_LATE=0 RESP_BYPASS=1
FAIL   G-05   no ACK before t_ACK + D
                hold=824 ns, D=16000000.0 ns, raw error=-15999176.0 ns (must
                be >= 0)
INDETERMINATE G-06   no RESPONSE before the ACK
                t_resp_release - t_ack_release = None ns (must be > 0; a
                negative value is the wire order INVERTED)
INDETERMINATE G-07   ACK released FIRST
                CD_ACK_RELEASE=0 + CD_ACK_REL_RETIRE=1 (E1 partitions the
                releases, so the SUM is the count) = 1, ordering gap=None ns
FAIL   G-08   RESPONSE released SECOND
                RELEASE_DEADLINE=0 RELEASE_FAILOPEN=0 (the two causes
                partition the releases, so the sum is the release count)
PASS   G-09   all blockers terminate (admitted == stale + deadline + budget)
                admitted=32 terminated=32 (stale=32 deadline=0 budget=0)
PASS   G-10   transaction returns clean (generation retired by the released RESPONSE, no drops, no off-topology packets)
                reg_tag BEFORE cleanup = 0x00 (want 0x00 = TAG_INACTIVE);
                BAD_PORT=0 (the trigger CLONE is counted as CLONE_SEEN=1, NOT
                as BAD_PORT); queue drops=[('qid7', 0), ('qid1', 0)]
PASS   C-R2   reservoir standing: t_first_blocker - t_READ < 100000 ns
                t_first_block - t_READ = 717 ns (bound 100000). A LATE
                reservoir is a SILENT ZERO-HOLD: the ACK arrives min 0.400 ms
                after the READ, so an unblocked Q_HOLD releases it immediately
                and every counter still reads normal.
PASS   C-R4   ACK_RELEASE_FAILOPEN == 0
                BLOCK_TERM_TMO + RELEASE_FAILOPEN = 0. Non-zero means the
                reservoir drained on the pass budget B, so the trial measured
                H = B*K/rate, NOT D.
FAIL   C-R5   corrected deadline error |hold - (D + K/rate)| <= 1000 ns
                hold=824 ns; D=16000000.0 ns; K/rate=855.615 ns; raw
                error=-15999176.000 ns; CORRECTED error=-16000031.615 ns. The
                raw error carries a deterministic +855.615 ns bias; reporting
                it as jitter is the default failure of this measurement.
INFO   I-01   READ -> ACK interval (should track the hardware ipg)
                t_ack_arm - t_READ = 500009 ns, ipg = 500000 ns
INFO   I-02   release tail: ACK -> RESPONSE on the wire
                None ns
INFO   I-03   blocker loops (dp8 traversals consumed)
                CD_BLOCK_LOOP = 18588

MEASURED SEPARATELY (the direction's Gate-2 list)
  t_ACK (deadline armed)                 1734969555 ns
  d_ACK (the armed deadline word)        1750969345 ns
  first deadline termination             1734970405 ns
  final deadline termination             1734971237 ns
  ACK forward commitment                 1734970379 ns
  RESPONSE forward commitment            n/a
  actual ACK hold                        824 ns
  drain (first -> final termination)     832 ns
  drain tail (final term -> ACK out)     -858 ns
  ACK -> RESPONSE separation             n/a
  READ -> pktgen trigger                 706 ns
  READ -> full K reservoir               971 ns

DERIVED
  hold_ns                        824
  D_ns                           16000000.0
  tau_ns                         855.6149732620321
  D_plus_tau_ns                  16000855.614973262
  deadline_error_raw_ns          -15999176.0
  deadline_error_corrected_ns    -16000031.614973262
  reservoir_standing_ns          717
  read_to_ack_ns                 500009
  ack_to_resp_release_ns         None
  blockers_admitted              32
  blockers_terminated            32
  ack_release_failopen           0

VERDICT: FAIL

GATE 2 SUMMARY: 1 trial(s), 0 PASS, 1 FAIL
[18:11:07] -------------------------------------------------------------
[18:11:07] GATE 2 COMPLETE — ONE transaction. txn_rc=0 analyzer_rc=1
[18:11:07] evidence: /home/philip/Projects/DNP3/defense3/evidence/ksweep_hold/20260803T175912Z/gate2_20260803T181058Z
[18:11:07] 
[18:11:07] STOPPING HERE BY DESIGN. Gates 3 (five transactions) and 4 (three
[18:11:07] boundary cases) are separate, human-gated steps and are NOT in this script.
[18:11:07] 
[18:11:07] The EXIT trap now restores the known-good state via the proven runner.
[18:11:07] on_exit: rc=1 — running restoration
[18:11:07] D3_SKIP_RESTORE=1 — NOT restoring. The switch is left as this run found
[18:11:07] it, and restoring it is now YOUR responsibility:
[18:11:07]   bash /home/philip/Projects/DNP3/research/case_a_read_anchored_dual_release/run/run_four_queue_oracle.sh --restore-only
[18:11:07] exit 1
[18:11:07] refine trial K=40 D=16ms B=21038 rep=2
[18:11:07] acquired /tmp/case_a_defense3_gate2.lock (pid 3273829)
[18:11:07] mode=gate2 dryrun=0 prog=case_a_defense3 skip_restore=1
[18:11:08] pre-run switch state: {"n_bf_switchd":1,"pid":"597143","conf":"/home/decps/d3/d3_final_synth.conf","p4_name":"case_a_defense3"}
[18:11:08] === GATE 2: ONE synthetic transaction, then STOP ===
[18:11:08] D=16 ms  budget=21038  scenario=gate2-2timer  ipg=500000 ns  gen=0xC0
[18:11:08] evidence: /home/philip/Projects/DNP3/defense3/evidence/ksweep_hold/20260803T175912Z/gate2_20260803T181107Z
[18:11:08] --- staging /home/philip/Projects/DNP3/defense3/run/poll_defense3.py + the Gate-1 setup module -> decps@10.10.54.81:/home/decps/d3gate2 ---
[18:11:09] --- preflight cleanup + clean assertion ---
[18:11:14] transaction returned rc=0
[18:11:16] --- scoring ---
==============================================================================
DEFENSE 3 — §13 GATE 2 — gate2_txn.json
==============================================================================
RES    ID     REQUIREMENT
------ ------ ----------------------------------------------------------
PASS   V-01   trial ran to completion (verdict COMPLETE)
                verdict='COMPLETE'
PASS   V-02   trial asserted a CLEAN START and was not refused
                reasons=[]
PASS   V-03   mandatory cleanup ran (from the `finally`)
                cleanup_synth present=True
PASS   C-R1   dp8 speed == BF_SPEED_25G on BOTH the MAC and the TM
                MAC $SPEED='BF_SPEED_25G', TM scheduling_speed='BF_SPEED_25G'
                (both must be BF_SPEED_25G)
PASS   G-01   one READ
                ARM_FRESH=1 ARM_DUP=0 ARM_BUSY=0
PASS   G-02   one K=40 blocker burst
                PKTGEN_ADMIT=40 (want 40) PKTGEN_DROP=0
PASS   G-03   one ACK admitted to Q_HOLD
                ACK_HOLD=1 ACK_DUP_HOLD=0 ACK_REJECT=0
FAIL   G-04   one EARLY RESPONSE admitted behind the ACK
                RESP_HOLD_EARLY=0 (the ACK had not yet been released)
                RESP_HOLD_LATE=0 RESP_BYPASS=1
FAIL   G-05   no ACK before t_ACK + D
                hold=1035 ns, D=16000000.0 ns, raw error=-15998965.0 ns (must
                be >= 0)
INDETERMINATE G-06   no RESPONSE before the ACK
                t_resp_release - t_ack_release = None ns (must be > 0; a
                negative value is the wire order INVERTED)
INDETERMINATE G-07   ACK released FIRST
                CD_ACK_RELEASE=0 + CD_ACK_REL_RETIRE=1 (E1 partitions the
                releases, so the SUM is the count) = 1, ordering gap=None ns
FAIL   G-08   RESPONSE released SECOND
                RELEASE_DEADLINE=0 RELEASE_FAILOPEN=0 (the two causes
                partition the releases, so the sum is the release count)
PASS   G-09   all blockers terminate (admitted == stale + deadline + budget)
                admitted=40 terminated=40 (stale=40 deadline=0 budget=0)
PASS   G-10   transaction returns clean (generation retired by the released RESPONSE, no drops, no off-topology packets)
                reg_tag BEFORE cleanup = 0x00 (want 0x00 = TAG_INACTIVE);
                BAD_PORT=0 (the trigger CLONE is counted as CLONE_SEEN=1, NOT
                as BAD_PORT); queue drops=[('qid7', 0), ('qid1', 0)]
PASS   C-R2   reservoir standing: t_first_blocker - t_READ < 100000 ns
                t_first_block - t_READ = 716 ns (bound 100000). A LATE
                reservoir is a SILENT ZERO-HOLD: the ACK arrives min 0.400 ms
                after the READ, so an unblocked Q_HOLD releases it immediately
                and every counter still reads normal.
PASS   C-R4   ACK_RELEASE_FAILOPEN == 0
                BLOCK_TERM_TMO + RELEASE_FAILOPEN = 0. Non-zero means the
                reservoir drained on the pass budget B, so the trial measured
                H = B*K/rate, NOT D.
FAIL   C-R5   corrected deadline error |hold - (D + K/rate)| <= 1000 ns
                hold=1035 ns; D=16000000.0 ns; K/rate=1069.519 ns; raw
                error=-15998965.000 ns; CORRECTED error=-16000034.519 ns. The
                raw error carries a deterministic +1069.519 ns bias; reporting
                it as jitter is the default failure of this measurement.
INFO   I-01   READ -> ACK interval (should track the hardware ipg)
                t_ack_arm - t_READ = 500010 ns, ipg = 500000 ns
INFO   I-02   release tail: ACK -> RESPONSE on the wire
                None ns
INFO   I-03   blocker loops (dp8 traversals consumed)
                CD_BLOCK_LOOP = 18596

MEASURED SEPARATELY (the direction's Gate-2 list)
  t_ACK (deadline armed)                 1898938922 ns
  d_ACK (the armed deadline word)        1914938881 ns
  first deadline termination             1898939986 ns
  final deadline termination             1898941033 ns
  ACK forward commitment                 1898939957 ns
  RESPONSE forward commitment            n/a
  actual ACK hold                        1035 ns
  drain (first -> final termination)     1047 ns
  drain tail (final term -> ACK out)     -1076 ns
  ACK -> RESPONSE separation             n/a
  READ -> pktgen trigger                 705 ns
  READ -> full K reservoir               1036 ns

DERIVED
  hold_ns                        1035
  D_ns                           16000000.0
  tau_ns                         1069.51871657754
  D_plus_tau_ns                  16001069.518716577
  deadline_error_raw_ns          -15998965.0
  deadline_error_corrected_ns    -16000034.518716577
  reservoir_standing_ns          716
  read_to_ack_ns                 500010
  ack_to_resp_release_ns         None
  blockers_admitted              40
  blockers_terminated            40
  ack_release_failopen           0

VERDICT: FAIL

GATE 2 SUMMARY: 1 trial(s), 0 PASS, 1 FAIL
[18:11:16] -------------------------------------------------------------
[18:11:16] GATE 2 COMPLETE — ONE transaction. txn_rc=0 analyzer_rc=1
[18:11:16] evidence: /home/philip/Projects/DNP3/defense3/evidence/ksweep_hold/20260803T175912Z/gate2_20260803T181107Z
[18:11:16] 
[18:11:16] STOPPING HERE BY DESIGN. Gates 3 (five transactions) and 4 (three
[18:11:16] boundary cases) are separate, human-gated steps and are NOT in this script.
[18:11:16] 
[18:11:16] The EXIT trap now restores the known-good state via the proven runner.
[18:11:16] on_exit: rc=1 — running restoration
[18:11:16] D3_SKIP_RESTORE=1 — NOT restoring. The switch is left as this run found
[18:11:16] it, and restoring it is now YOUR responsibility:
[18:11:16]   bash /home/philip/Projects/DNP3/research/case_a_read_anchored_dual_release/run/run_four_queue_oracle.sh --restore-only
[18:11:16] exit 1
[18:11:16] refine trial K=48 D=16ms B=18000 rep=2
[18:11:16] acquired /tmp/case_a_defense3_gate2.lock (pid 3273977)
[18:11:16] mode=gate2 dryrun=0 prog=case_a_defense3 skip_restore=1
[18:11:17] pre-run switch state: {"n_bf_switchd":1,"pid":"597143","conf":"/home/decps/d3/d3_final_synth.conf","p4_name":"case_a_defense3"}
[18:11:17] === GATE 2: ONE synthetic transaction, then STOP ===
[18:11:17] D=16 ms  budget=18000  scenario=gate2-2timer  ipg=500000 ns  gen=0xC0
[18:11:17] evidence: /home/philip/Projects/DNP3/defense3/evidence/ksweep_hold/20260803T175912Z/gate2_20260803T181116Z
[18:11:17] --- staging /home/philip/Projects/DNP3/defense3/run/poll_defense3.py + the Gate-1 setup module -> decps@10.10.54.81:/home/decps/d3gate2 ---
[18:11:18] --- preflight cleanup + clean assertion ---
[18:11:23] transaction returned rc=0
[18:11:25] --- scoring ---
==============================================================================
DEFENSE 3 — §13 GATE 2 — gate2_txn.json
==============================================================================
RES    ID     REQUIREMENT
------ ------ ----------------------------------------------------------
PASS   V-01   trial ran to completion (verdict COMPLETE)
                verdict='COMPLETE'
PASS   V-02   trial asserted a CLEAN START and was not refused
                reasons=[]
PASS   V-03   mandatory cleanup ran (from the `finally`)
                cleanup_synth present=True
PASS   C-R1   dp8 speed == BF_SPEED_25G on BOTH the MAC and the TM
                MAC $SPEED='BF_SPEED_25G', TM scheduling_speed='BF_SPEED_25G'
                (both must be BF_SPEED_25G)
PASS   G-01   one READ
                ARM_FRESH=1 ARM_DUP=0 ARM_BUSY=0
PASS   G-02   one K=48 blocker burst
                PKTGEN_ADMIT=48 (want 48) PKTGEN_DROP=0
PASS   G-03   one ACK admitted to Q_HOLD
                ACK_HOLD=1 ACK_DUP_HOLD=0 ACK_REJECT=0
PASS   G-04   one EARLY RESPONSE admitted behind the ACK
                RESP_HOLD_EARLY=1 (the ACK had not yet been released)
                RESP_HOLD_LATE=0 RESP_BYPASS=0
PASS   G-05   no ACK before t_ACK + D
                hold=16001157 ns, D=16000000.0 ns, raw error=1157.0 ns (must
                be >= 0)
PASS   G-06   no RESPONSE before the ACK
                t_resp_release - t_ack_release = 29 ns (must be > 0; a
                negative value is the wire order INVERTED)
PASS   G-07   ACK released FIRST
                CD_ACK_RELEASE=1 + CD_ACK_REL_RETIRE=0 (E1 partitions the
                releases, so the SUM is the count) = 1, ordering gap=29 ns
PASS   G-08   RESPONSE released SECOND
                RELEASE_DEADLINE=1 RELEASE_FAILOPEN=0 (the two causes
                partition the releases, so the sum is the release count)
PASS   G-09   all blockers terminate (admitted == stale + deadline + budget)
                admitted=48 terminated=48 (stale=0 deadline=48 budget=0)
PASS   G-10   transaction returns clean (generation retired by the released RESPONSE, no drops, no off-topology packets)
                reg_tag BEFORE cleanup = 0x00 (want 0x00 = TAG_INACTIVE);
                BAD_PORT=0 (the trigger CLONE is counted as CLONE_SEEN=1, NOT
                as BAD_PORT); queue drops=[('qid7', 0), ('qid1', 0)]
PASS   C-R2   reservoir standing: t_first_blocker - t_READ < 100000 ns
                t_first_block - t_READ = 716 ns (bound 100000). A LATE
                reservoir is a SILENT ZERO-HOLD: the ACK arrives min 0.400 ms
                after the READ, so an unblocked Q_HOLD releases it immediately
                and every counter still reads normal.
PASS   C-R4   ACK_RELEASE_FAILOPEN == 0
                BLOCK_TERM_TMO + RELEASE_FAILOPEN = 0. Non-zero means the
                reservoir drained on the pass budget B, so the trial measured
                H = B*K/rate, NOT D.
PASS   C-R5   corrected deadline error |hold - (D + K/rate)| <= 1000 ns
                hold=16001157 ns; D=16000000.0 ns; K/rate=1283.422 ns; raw
                error=+1157.000 ns; CORRECTED error=-126.422 ns. The raw error
                carries a deterministic +1283.422 ns bias; reporting it as
                jitter is the default failure of this measurement.
INFO   I-01   READ -> ACK interval (should track the hardware ipg)
                t_ack_arm - t_READ = 500010 ns, ipg = 500000 ns
INFO   I-02   release tail: ACK -> RESPONSE on the wire
                29 ns
INFO   I-03   blocker loops (dp8 traversals consumed)
                CD_BLOCK_LOOP = 613814

MEASURED SEPARATELY (the direction's Gate-2 list)
  t_ACK (deadline armed)                 2203427736 ns
  d_ACK (the armed deadline word)        2219427585 ns
  first deadline termination             2219427603 ns
  final deadline termination             2219428866 ns
  ACK forward commitment                 2219428893 ns
  RESPONSE forward commitment            2219428922 ns
  actual ACK hold                        16001157 ns
  drain (first -> final termination)     1263 ns
  drain tail (final term -> ACK out)     27 ns
  ACK -> RESPONSE separation             29 ns
  READ -> pktgen trigger                 705 ns
  READ -> full K reservoir               1101 ns

DERIVED
  hold_ns                        16001157
  D_ns                           16000000.0
  tau_ns                         1283.4224598930482
  D_plus_tau_ns                  16001283.422459893
  deadline_error_raw_ns          1157.0
  deadline_error_corrected_ns    -126.4224598930482
  reservoir_standing_ns          716
  read_to_ack_ns                 500010
  ack_to_resp_release_ns         29
  blockers_admitted              48
  blockers_terminated            48
  ack_release_failopen           0

VERDICT: PASS

GATE 2 SUMMARY: 1 trial(s), 1 PASS, 0 FAIL
[18:11:25] -------------------------------------------------------------
[18:11:25] GATE 2 COMPLETE — ONE transaction. txn_rc=0 analyzer_rc=0
[18:11:25] evidence: /home/philip/Projects/DNP3/defense3/evidence/ksweep_hold/20260803T175912Z/gate2_20260803T181116Z
[18:11:25] 
[18:11:25] STOPPING HERE BY DESIGN. Gates 3 (five transactions) and 4 (three
[18:11:25] boundary cases) are separate, human-gated steps and are NOT in this script.
[18:11:25] 
[18:11:25] The EXIT trap now restores the known-good state via the proven runner.
[18:11:25] on_exit: rc=0 — running restoration
[18:11:25] D3_SKIP_RESTORE=1 — NOT restoring. The switch is left as this run found
[18:11:25] it, and restoring it is now YOUR responsibility:
[18:11:25]   bash /home/philip/Projects/DNP3/research/case_a_read_anchored_dual_release/run/run_four_queue_oracle.sh --restore-only
[18:11:25] exit 0
[18:11:25] refine trial K=36 D=2ms B=18000 rep=3
[18:11:25] acquired /tmp/case_a_defense3_gate2.lock (pid 3274123)
[18:11:25] mode=gate2 dryrun=0 prog=case_a_defense3 skip_restore=1
[18:11:25] pre-run switch state: {"n_bf_switchd":1,"pid":"597143","conf":"/home/decps/d3/d3_final_synth.conf","p4_name":"case_a_defense3"}
[18:11:25] === GATE 2: ONE synthetic transaction, then STOP ===
[18:11:25] D=2 ms  budget=18000  scenario=gate2-2timer  ipg=500000 ns  gen=0xC0
[18:11:25] evidence: /home/philip/Projects/DNP3/defense3/evidence/ksweep_hold/20260803T175912Z/gate2_20260803T181125Z
[18:11:25] --- staging /home/philip/Projects/DNP3/defense3/run/poll_defense3.py + the Gate-1 setup module -> decps@10.10.54.81:/home/decps/d3gate2 ---
[18:11:27] --- preflight cleanup + clean assertion ---
[18:11:32] transaction returned rc=0
[18:11:33] --- scoring ---
==============================================================================
DEFENSE 3 — §13 GATE 2 — gate2_txn.json
==============================================================================
RES    ID     REQUIREMENT
------ ------ ----------------------------------------------------------
PASS   V-01   trial ran to completion (verdict COMPLETE)
                verdict='COMPLETE'
PASS   V-02   trial asserted a CLEAN START and was not refused
                reasons=[]
PASS   V-03   mandatory cleanup ran (from the `finally`)
                cleanup_synth present=True
PASS   C-R1   dp8 speed == BF_SPEED_25G on BOTH the MAC and the TM
                MAC $SPEED='BF_SPEED_25G', TM scheduling_speed='BF_SPEED_25G'
                (both must be BF_SPEED_25G)
PASS   G-01   one READ
                ARM_FRESH=1 ARM_DUP=0 ARM_BUSY=0
PASS   G-02   one K=36 blocker burst
                PKTGEN_ADMIT=36 (want 36) PKTGEN_DROP=0
PASS   G-03   one ACK admitted to Q_HOLD
                ACK_HOLD=1 ACK_DUP_HOLD=0 ACK_REJECT=0
FAIL   G-04   one EARLY RESPONSE admitted behind the ACK
                RESP_HOLD_EARLY=0 (the ACK had not yet been released)
                RESP_HOLD_LATE=0 RESP_BYPASS=1
FAIL   G-05   no ACK before t_ACK + D
                hold=927 ns, D=1999872.0 ns, raw error=-1998945.0 ns (must be
                >= 0)
INDETERMINATE G-06   no RESPONSE before the ACK
                t_resp_release - t_ack_release = None ns (must be > 0; a
                negative value is the wire order INVERTED)
INDETERMINATE G-07   ACK released FIRST
                CD_ACK_RELEASE=0 + CD_ACK_REL_RETIRE=1 (E1 partitions the
                releases, so the SUM is the count) = 1, ordering gap=None ns
FAIL   G-08   RESPONSE released SECOND
                RELEASE_DEADLINE=0 RELEASE_FAILOPEN=0 (the two causes
                partition the releases, so the sum is the release count)
PASS   G-09   all blockers terminate (admitted == stale + deadline + budget)
                admitted=36 terminated=36 (stale=36 deadline=0 budget=0)
PASS   G-10   transaction returns clean (generation retired by the released RESPONSE, no drops, no off-topology packets)
                reg_tag BEFORE cleanup = 0x00 (want 0x00 = TAG_INACTIVE);
                BAD_PORT=0 (the trigger CLONE is counted as CLONE_SEEN=1, NOT
                as BAD_PORT); queue drops=[('qid7', 0), ('qid1', 0)]
PASS   C-R2   reservoir standing: t_first_blocker - t_READ < 100000 ns
                t_first_block - t_READ = 716 ns (bound 100000). A LATE
                reservoir is a SILENT ZERO-HOLD: the ACK arrives min 0.400 ms
                after the READ, so an unblocked Q_HOLD releases it immediately
                and every counter still reads normal.
PASS   C-R4   ACK_RELEASE_FAILOPEN == 0
                BLOCK_TERM_TMO + RELEASE_FAILOPEN = 0. Non-zero means the
                reservoir drained on the pass budget B, so the trial measured
                H = B*K/rate, NOT D.
FAIL   C-R5   corrected deadline error |hold - (D + K/rate)| <= 1000 ns
                hold=927 ns; D=1999872.0 ns; K/rate=962.567 ns; raw
                error=-1998945.000 ns; CORRECTED error=-1999907.567 ns. The
                raw error carries a deterministic +962.567 ns bias; reporting
                it as jitter is the default failure of this measurement.
INFO   I-01   READ -> ACK interval (should track the hardware ipg)
                t_ack_arm - t_READ = 500011 ns, ipg = 500000 ns
INFO   I-02   release tail: ACK -> RESPONSE on the wire
                None ns
INFO   I-03   blocker loops (dp8 traversals consumed)
                CD_BLOCK_LOOP = 18592

MEASURED SEPARATELY (the direction's Gate-2 list)
  t_ACK (deadline armed)                 2495569209 ns
  d_ACK (the armed deadline word)        2497569025 ns
  first deadline termination             2495570163 ns
  final deadline termination             2495571103 ns
  ACK forward commitment                 2495570136 ns
  RESPONSE forward commitment            n/a
  actual ACK hold                        927 ns
  drain (first -> final termination)     940 ns
  drain tail (final term -> ACK out)     -967 ns
  ACK -> RESPONSE separation             n/a
  READ -> pktgen trigger                 705 ns
  READ -> full K reservoir               1004 ns

DERIVED
  hold_ns                        927
  D_ns                           1999872.0
  tau_ns                         962.566844919786
  D_plus_tau_ns                  2000834.5668449197
  deadline_error_raw_ns          -1998945.0
  deadline_error_corrected_ns    -1999907.5668449197
  reservoir_standing_ns          716
  read_to_ack_ns                 500011
  ack_to_resp_release_ns         None
  blockers_admitted              36
  blockers_terminated            36
  ack_release_failopen           0

VERDICT: FAIL

GATE 2 SUMMARY: 1 trial(s), 0 PASS, 1 FAIL
[18:11:34] -------------------------------------------------------------
[18:11:34] GATE 2 COMPLETE — ONE transaction. txn_rc=0 analyzer_rc=1
[18:11:34] evidence: /home/philip/Projects/DNP3/defense3/evidence/ksweep_hold/20260803T175912Z/gate2_20260803T181125Z
[18:11:34] 
[18:11:34] STOPPING HERE BY DESIGN. Gates 3 (five transactions) and 4 (three
[18:11:34] boundary cases) are separate, human-gated steps and are NOT in this script.
[18:11:34] 
[18:11:34] The EXIT trap now restores the known-good state via the proven runner.
[18:11:34] on_exit: rc=1 — running restoration
[18:11:34] D3_SKIP_RESTORE=1 — NOT restoring. The switch is left as this run found
[18:11:34] it, and restoring it is now YOUR responsibility:
[18:11:34]   bash /home/philip/Projects/DNP3/research/case_a_read_anchored_dual_release/run/run_four_queue_oracle.sh --restore-only
[18:11:34] exit 1
[18:11:34] refine trial K=40 D=2ms B=18000 rep=3
[18:11:34] acquired /tmp/case_a_defense3_gate2.lock (pid 3274263)
[18:11:34] mode=gate2 dryrun=0 prog=case_a_defense3 skip_restore=1
[18:11:34] pre-run switch state: {"n_bf_switchd":1,"pid":"597143","conf":"/home/decps/d3/d3_final_synth.conf","p4_name":"case_a_defense3"}
[18:11:34] === GATE 2: ONE synthetic transaction, then STOP ===
[18:11:34] D=2 ms  budget=18000  scenario=gate2-2timer  ipg=500000 ns  gen=0xC0
[18:11:34] evidence: /home/philip/Projects/DNP3/defense3/evidence/ksweep_hold/20260803T175912Z/gate2_20260803T181134Z
[18:11:34] --- staging /home/philip/Projects/DNP3/defense3/run/poll_defense3.py + the Gate-1 setup module -> decps@10.10.54.81:/home/decps/d3gate2 ---
[18:11:36] --- preflight cleanup + clean assertion ---
[18:11:41] transaction returned rc=0
[18:11:42] --- scoring ---
==============================================================================
DEFENSE 3 — §13 GATE 2 — gate2_txn.json
==============================================================================
RES    ID     REQUIREMENT
------ ------ ----------------------------------------------------------
PASS   V-01   trial ran to completion (verdict COMPLETE)
                verdict='COMPLETE'
PASS   V-02   trial asserted a CLEAN START and was not refused
                reasons=[]
PASS   V-03   mandatory cleanup ran (from the `finally`)
                cleanup_synth present=True
PASS   C-R1   dp8 speed == BF_SPEED_25G on BOTH the MAC and the TM
                MAC $SPEED='BF_SPEED_25G', TM scheduling_speed='BF_SPEED_25G'
                (both must be BF_SPEED_25G)
PASS   G-01   one READ
                ARM_FRESH=1 ARM_DUP=0 ARM_BUSY=0
PASS   G-02   one K=40 blocker burst
                PKTGEN_ADMIT=40 (want 40) PKTGEN_DROP=0
PASS   G-03   one ACK admitted to Q_HOLD
                ACK_HOLD=1 ACK_DUP_HOLD=0 ACK_REJECT=0
FAIL   G-04   one EARLY RESPONSE admitted behind the ACK
                RESP_HOLD_EARLY=0 (the ACK had not yet been released)
                RESP_HOLD_LATE=0 RESP_BYPASS=1
FAIL   G-05   no ACK before t_ACK + D
                hold=1035 ns, D=1999872.0 ns, raw error=-1998837.0 ns (must be
                >= 0)
INDETERMINATE G-06   no RESPONSE before the ACK
                t_resp_release - t_ack_release = None ns (must be > 0; a
                negative value is the wire order INVERTED)
INDETERMINATE G-07   ACK released FIRST
                CD_ACK_RELEASE=0 + CD_ACK_REL_RETIRE=1 (E1 partitions the
                releases, so the SUM is the count) = 1, ordering gap=None ns
FAIL   G-08   RESPONSE released SECOND
                RELEASE_DEADLINE=0 RELEASE_FAILOPEN=0 (the two causes
                partition the releases, so the sum is the release count)
PASS   G-09   all blockers terminate (admitted == stale + deadline + budget)
                admitted=40 terminated=40 (stale=40 deadline=0 budget=0)
PASS   G-10   transaction returns clean (generation retired by the released RESPONSE, no drops, no off-topology packets)
                reg_tag BEFORE cleanup = 0x00 (want 0x00 = TAG_INACTIVE);
                BAD_PORT=0 (the trigger CLONE is counted as CLONE_SEEN=1, NOT
                as BAD_PORT); queue drops=[('qid7', 0), ('qid1', 0)]
PASS   C-R2   reservoir standing: t_first_blocker - t_READ < 100000 ns
                t_first_block - t_READ = 716 ns (bound 100000). A LATE
                reservoir is a SILENT ZERO-HOLD: the ACK arrives min 0.400 ms
                after the READ, so an unblocked Q_HOLD releases it immediately
                and every counter still reads normal.
PASS   C-R4   ACK_RELEASE_FAILOPEN == 0
                BLOCK_TERM_TMO + RELEASE_FAILOPEN = 0. Non-zero means the
                reservoir drained on the pass budget B, so the trial measured
                H = B*K/rate, NOT D.
FAIL   C-R5   corrected deadline error |hold - (D + K/rate)| <= 1000 ns
                hold=1035 ns; D=1999872.0 ns; K/rate=1069.519 ns; raw
                error=-1998837.000 ns; CORRECTED error=-1999906.519 ns. The
                raw error carries a deterministic +1069.519 ns bias; reporting
                it as jitter is the default failure of this measurement.
INFO   I-01   READ -> ACK interval (should track the hardware ipg)
                t_ack_arm - t_READ = 500009 ns, ipg = 500000 ns
INFO   I-02   release tail: ACK -> RESPONSE on the wire
                None ns
INFO   I-03   blocker loops (dp8 traversals consumed)
                CD_BLOCK_LOOP = 18596

MEASURED SEPARATELY (the direction's Gate-2 list)
  t_ACK (deadline armed)                 2894082213 ns
  d_ACK (the armed deadline word)        2896081921 ns
  first deadline termination             2894083277 ns
  final deadline termination             2894084324 ns
  ACK forward commitment                 2894083248 ns
  RESPONSE forward commitment            n/a
  actual ACK hold                        1035 ns
  drain (first -> final termination)     1047 ns
  drain tail (final term -> ACK out)     -1076 ns
  ACK -> RESPONSE separation             n/a
  READ -> pktgen trigger                 705 ns
  READ -> full K reservoir               1035 ns

DERIVED
  hold_ns                        1035
  D_ns                           1999872.0
  tau_ns                         1069.51871657754
  D_plus_tau_ns                  2000941.5187165774
  deadline_error_raw_ns          -1998837.0
  deadline_error_corrected_ns    -1999906.5187165774
  reservoir_standing_ns          716
  read_to_ack_ns                 500009
  ack_to_resp_release_ns         None
  blockers_admitted              40
  blockers_terminated            40
  ack_release_failopen           0

VERDICT: FAIL

GATE 2 SUMMARY: 1 trial(s), 0 PASS, 1 FAIL
[18:11:43] -------------------------------------------------------------
[18:11:43] GATE 2 COMPLETE — ONE transaction. txn_rc=0 analyzer_rc=1
[18:11:43] evidence: /home/philip/Projects/DNP3/defense3/evidence/ksweep_hold/20260803T175912Z/gate2_20260803T181134Z
[18:11:43] 
[18:11:43] STOPPING HERE BY DESIGN. Gates 3 (five transactions) and 4 (three
[18:11:43] boundary cases) are separate, human-gated steps and are NOT in this script.
[18:11:43] 
[18:11:43] The EXIT trap now restores the known-good state via the proven runner.
[18:11:43] on_exit: rc=1 — running restoration
[18:11:43] D3_SKIP_RESTORE=1 — NOT restoring. The switch is left as this run found
[18:11:43] it, and restoring it is now YOUR responsibility:
[18:11:43]   bash /home/philip/Projects/DNP3/research/case_a_read_anchored_dual_release/run/run_four_queue_oracle.sh --restore-only
[18:11:43] exit 1
[18:11:43] refine trial K=44 D=2ms B=18000 rep=3
[18:11:43] acquired /tmp/case_a_defense3_gate2.lock (pid 3274396)
[18:11:43] mode=gate2 dryrun=0 prog=case_a_defense3 skip_restore=1
[18:11:43] pre-run switch state: {"n_bf_switchd":1,"pid":"597143","conf":"/home/decps/d3/d3_final_synth.conf","p4_name":"case_a_defense3"}
[18:11:43] === GATE 2: ONE synthetic transaction, then STOP ===
[18:11:43] D=2 ms  budget=18000  scenario=gate2-2timer  ipg=500000 ns  gen=0xC0
[18:11:43] evidence: /home/philip/Projects/DNP3/defense3/evidence/ksweep_hold/20260803T175912Z/gate2_20260803T181143Z
[18:11:43] --- staging /home/philip/Projects/DNP3/defense3/run/poll_defense3.py + the Gate-1 setup module -> decps@10.10.54.81:/home/decps/d3gate2 ---
[18:11:45] --- preflight cleanup + clean assertion ---
[18:11:50] transaction returned rc=0
[18:11:51] --- scoring ---
==============================================================================
DEFENSE 3 — §13 GATE 2 — gate2_txn.json
==============================================================================
RES    ID     REQUIREMENT
------ ------ ----------------------------------------------------------
PASS   V-01   trial ran to completion (verdict COMPLETE)
                verdict='COMPLETE'
PASS   V-02   trial asserted a CLEAN START and was not refused
                reasons=[]
PASS   V-03   mandatory cleanup ran (from the `finally`)
                cleanup_synth present=True
PASS   C-R1   dp8 speed == BF_SPEED_25G on BOTH the MAC and the TM
                MAC $SPEED='BF_SPEED_25G', TM scheduling_speed='BF_SPEED_25G'
                (both must be BF_SPEED_25G)
PASS   G-01   one READ
                ARM_FRESH=1 ARM_DUP=0 ARM_BUSY=0
PASS   G-02   one K=44 blocker burst
                PKTGEN_ADMIT=44 (want 44) PKTGEN_DROP=0
PASS   G-03   one ACK admitted to Q_HOLD
                ACK_HOLD=1 ACK_DUP_HOLD=0 ACK_REJECT=0
PASS   G-04   one EARLY RESPONSE admitted behind the ACK
                RESP_HOLD_EARLY=1 (the ACK had not yet been released)
                RESP_HOLD_LATE=0 RESP_BYPASS=0
PASS   G-05   no ACK before t_ACK + D
                hold=2001015 ns, D=1999872.0 ns, raw error=1143.0 ns (must be
                >= 0)
PASS   G-06   no RESPONSE before the ACK
                t_resp_release - t_ack_release = 29 ns (must be > 0; a
                negative value is the wire order INVERTED)
PASS   G-07   ACK released FIRST
                CD_ACK_RELEASE=1 + CD_ACK_REL_RETIRE=0 (E1 partitions the
                releases, so the SUM is the count) = 1, ordering gap=29 ns
PASS   G-08   RESPONSE released SECOND
                RELEASE_DEADLINE=1 RELEASE_FAILOPEN=0 (the two causes
                partition the releases, so the sum is the release count)
PASS   G-09   all blockers terminate (admitted == stale + deadline + budget)
                admitted=44 terminated=44 (stale=0 deadline=44 budget=0)
PASS   G-10   transaction returns clean (generation retired by the released RESPONSE, no drops, no off-topology packets)
                reg_tag BEFORE cleanup = 0x00 (want 0x00 = TAG_INACTIVE);
                BAD_PORT=0 (the trigger CLONE is counted as CLONE_SEEN=1, NOT
                as BAD_PORT); queue drops=[('qid7', 0), ('qid1', 0)]
PASS   C-R2   reservoir standing: t_first_blocker - t_READ < 100000 ns
                t_first_block - t_READ = 716 ns (bound 100000). A LATE
                reservoir is a SILENT ZERO-HOLD: the ACK arrives min 0.400 ms
                after the READ, so an unblocked Q_HOLD releases it immediately
                and every counter still reads normal.
PASS   C-R4   ACK_RELEASE_FAILOPEN == 0
                BLOCK_TERM_TMO + RELEASE_FAILOPEN = 0. Non-zero means the
                reservoir drained on the pass budget B, so the trial measured
                H = B*K/rate, NOT D.
PASS   C-R5   corrected deadline error |hold - (D + K/rate)| <= 1000 ns
                hold=2001015 ns; D=1999872.0 ns; K/rate=1176.471 ns; raw
                error=+1143.000 ns; CORRECTED error=-33.471 ns. The raw error
                carries a deterministic +1176.471 ns bias; reporting it as
                jitter is the default failure of this measurement.
INFO   I-01   READ -> ACK interval (should track the hardware ipg)
                t_ack_arm - t_READ = 500010 ns, ipg = 500000 ns
INFO   I-02   release tail: ACK -> RESPONSE on the wire
                29 ns
INFO   I-03   blocker loops (dp8 traversals consumed)
                CD_BLOCK_LOOP = 92959

MEASURED SEPARATELY (the direction's Gate-2 list)
  t_ACK (deadline armed)                 3239045159 ns
  d_ACK (the armed deadline word)        3241044993 ns
  first deadline termination             3241044994 ns
  final deadline termination             3241046147 ns
  ACK forward commitment                 3241046174 ns
  RESPONSE forward commitment            3241046203 ns
  actual ACK hold                        2001015 ns
  drain (first -> final termination)     1153 ns
  drain tail (final term -> ACK out)     27 ns
  ACK -> RESPONSE separation             29 ns
  READ -> pktgen trigger                 706 ns
  READ -> full K reservoir               1069 ns

DERIVED
  hold_ns                        2001015
  D_ns                           1999872.0
  tau_ns                         1176.470588235294
  D_plus_tau_ns                  2001048.4705882352
  deadline_error_raw_ns          1143.0
  deadline_error_corrected_ns    -33.47058823529392
  reservoir_standing_ns          716
  read_to_ack_ns                 500010
  ack_to_resp_release_ns         29
  blockers_admitted              44
  blockers_terminated            44
  ack_release_failopen           0

VERDICT: PASS

GATE 2 SUMMARY: 1 trial(s), 1 PASS, 0 FAIL
[18:11:51] -------------------------------------------------------------
[18:11:51] GATE 2 COMPLETE — ONE transaction. txn_rc=0 analyzer_rc=0
[18:11:51] evidence: /home/philip/Projects/DNP3/defense3/evidence/ksweep_hold/20260803T175912Z/gate2_20260803T181143Z
[18:11:51] 
[18:11:51] STOPPING HERE BY DESIGN. Gates 3 (five transactions) and 4 (three
[18:11:51] boundary cases) are separate, human-gated steps and are NOT in this script.
[18:11:51] 
[18:11:51] The EXIT trap now restores the known-good state via the proven runner.
[18:11:51] on_exit: rc=0 — running restoration
[18:11:51] D3_SKIP_RESTORE=1 — NOT restoring. The switch is left as this run found
[18:11:51] it, and restoring it is now YOUR responsibility:
[18:11:51]   bash /home/philip/Projects/DNP3/research/case_a_read_anchored_dual_release/run/run_four_queue_oracle.sh --restore-only
[18:11:51] exit 0
[18:11:51] refine trial K=32 D=8ms B=18000 rep=3
[18:11:51] acquired /tmp/case_a_defense3_gate2.lock (pid 3274543)
[18:11:51] mode=gate2 dryrun=0 prog=case_a_defense3 skip_restore=1
[18:11:52] pre-run switch state: {"n_bf_switchd":1,"pid":"597143","conf":"/home/decps/d3/d3_final_synth.conf","p4_name":"case_a_defense3"}
[18:11:52] === GATE 2: ONE synthetic transaction, then STOP ===
[18:11:52] D=8 ms  budget=18000  scenario=gate2-2timer  ipg=500000 ns  gen=0xC0
[18:11:52] evidence: /home/philip/Projects/DNP3/defense3/evidence/ksweep_hold/20260803T175912Z/gate2_20260803T181151Z
[18:11:52] --- staging /home/philip/Projects/DNP3/defense3/run/poll_defense3.py + the Gate-1 setup module -> decps@10.10.54.81:/home/decps/d3gate2 ---
[18:11:54] --- preflight cleanup + clean assertion ---
[18:11:59] transaction returned rc=0
[18:12:00] --- scoring ---
==============================================================================
DEFENSE 3 — §13 GATE 2 — gate2_txn.json
==============================================================================
RES    ID     REQUIREMENT
------ ------ ----------------------------------------------------------
PASS   V-01   trial ran to completion (verdict COMPLETE)
                verdict='COMPLETE'
PASS   V-02   trial asserted a CLEAN START and was not refused
                reasons=[]
PASS   V-03   mandatory cleanup ran (from the `finally`)
                cleanup_synth present=True
PASS   C-R1   dp8 speed == BF_SPEED_25G on BOTH the MAC and the TM
                MAC $SPEED='BF_SPEED_25G', TM scheduling_speed='BF_SPEED_25G'
                (both must be BF_SPEED_25G)
PASS   G-01   one READ
                ARM_FRESH=1 ARM_DUP=0 ARM_BUSY=0
PASS   G-02   one K=32 blocker burst
                PKTGEN_ADMIT=32 (want 32) PKTGEN_DROP=0
PASS   G-03   one ACK admitted to Q_HOLD
                ACK_HOLD=1 ACK_DUP_HOLD=0 ACK_REJECT=0
FAIL   G-04   one EARLY RESPONSE admitted behind the ACK
                RESP_HOLD_EARLY=0 (the ACK had not yet been released)
                RESP_HOLD_LATE=0 RESP_BYPASS=1
FAIL   G-05   no ACK before t_ACK + D
                hold=821 ns, D=8000000.0 ns, raw error=-7999179.0 ns (must be
                >= 0)
INDETERMINATE G-06   no RESPONSE before the ACK
                t_resp_release - t_ack_release = None ns (must be > 0; a
                negative value is the wire order INVERTED)
INDETERMINATE G-07   ACK released FIRST
                CD_ACK_RELEASE=0 + CD_ACK_REL_RETIRE=1 (E1 partitions the
                releases, so the SUM is the count) = 1, ordering gap=None ns
FAIL   G-08   RESPONSE released SECOND
                RELEASE_DEADLINE=0 RELEASE_FAILOPEN=0 (the two causes
                partition the releases, so the sum is the release count)
PASS   G-09   all blockers terminate (admitted == stale + deadline + budget)
                admitted=32 terminated=32 (stale=32 deadline=0 budget=0)
PASS   G-10   transaction returns clean (generation retired by the released RESPONSE, no drops, no off-topology packets)
                reg_tag BEFORE cleanup = 0x00 (want 0x00 = TAG_INACTIVE);
                BAD_PORT=0 (the trigger CLONE is counted as CLONE_SEEN=1, NOT
                as BAD_PORT); queue drops=[('qid7', 0), ('qid1', 0)]
PASS   C-R2   reservoir standing: t_first_blocker - t_READ < 100000 ns
                t_first_block - t_READ = 717 ns (bound 100000). A LATE
                reservoir is a SILENT ZERO-HOLD: the ACK arrives min 0.400 ms
                after the READ, so an unblocked Q_HOLD releases it immediately
                and every counter still reads normal.
PASS   C-R4   ACK_RELEASE_FAILOPEN == 0
                BLOCK_TERM_TMO + RELEASE_FAILOPEN = 0. Non-zero means the
                reservoir drained on the pass budget B, so the trial measured
                H = B*K/rate, NOT D.
FAIL   C-R5   corrected deadline error |hold - (D + K/rate)| <= 1000 ns
                hold=821 ns; D=8000000.0 ns; K/rate=855.615 ns; raw
                error=-7999179.000 ns; CORRECTED error=-8000034.615 ns. The
                raw error carries a deterministic +855.615 ns bias; reporting
                it as jitter is the default failure of this measurement.
INFO   I-01   READ -> ACK interval (should track the hardware ipg)
                t_ack_arm - t_READ = 500010 ns, ipg = 500000 ns
INFO   I-02   release tail: ACK -> RESPONSE on the wire
                None ns
INFO   I-03   blocker loops (dp8 traversals consumed)
                CD_BLOCK_LOOP = 18588

MEASURED SEPARATELY (the direction's Gate-2 list)
  t_ACK (deadline armed)                 3616971475 ns
  d_ACK (the armed deadline word)        3624971265 ns
  first deadline termination             3616972325 ns
  final deadline termination             3616973158 ns
  ACK forward commitment                 3616972296 ns
  RESPONSE forward commitment            n/a
  actual ACK hold                        821 ns
  drain (first -> final termination)     833 ns
  drain tail (final term -> ACK out)     -862 ns
  ACK -> RESPONSE separation             n/a
  READ -> pktgen trigger                 706 ns
  READ -> full K reservoir               971 ns

DERIVED
  hold_ns                        821
  D_ns                           8000000.0
  tau_ns                         855.6149732620321
  D_plus_tau_ns                  8000855.614973262
  deadline_error_raw_ns          -7999179.0
  deadline_error_corrected_ns    -8000034.614973262
  reservoir_standing_ns          717
  read_to_ack_ns                 500010
  ack_to_resp_release_ns         None
  blockers_admitted              32
  blockers_terminated            32
  ack_release_failopen           0

VERDICT: FAIL

GATE 2 SUMMARY: 1 trial(s), 0 PASS, 1 FAIL
[18:12:00] -------------------------------------------------------------
[18:12:00] GATE 2 COMPLETE — ONE transaction. txn_rc=0 analyzer_rc=1
[18:12:00] evidence: /home/philip/Projects/DNP3/defense3/evidence/ksweep_hold/20260803T175912Z/gate2_20260803T181151Z
[18:12:00] 
[18:12:00] STOPPING HERE BY DESIGN. Gates 3 (five transactions) and 4 (three
[18:12:00] boundary cases) are separate, human-gated steps and are NOT in this script.
[18:12:00] 
[18:12:00] The EXIT trap now restores the known-good state via the proven runner.
[18:12:00] on_exit: rc=1 — running restoration
[18:12:00] D3_SKIP_RESTORE=1 — NOT restoring. The switch is left as this run found
[18:12:00] it, and restoring it is now YOUR responsibility:
[18:12:00]   bash /home/philip/Projects/DNP3/research/case_a_read_anchored_dual_release/run/run_four_queue_oracle.sh --restore-only
[18:12:00] exit 1
[18:12:00] refine trial K=40 D=8ms B=18000 rep=3
[18:12:00] acquired /tmp/case_a_defense3_gate2.lock (pid 3274682)
[18:12:00] mode=gate2 dryrun=0 prog=case_a_defense3 skip_restore=1
[18:12:01] pre-run switch state: {"n_bf_switchd":1,"pid":"597143","conf":"/home/decps/d3/d3_final_synth.conf","p4_name":"case_a_defense3"}
[18:12:01] === GATE 2: ONE synthetic transaction, then STOP ===
[18:12:01] D=8 ms  budget=18000  scenario=gate2-2timer  ipg=500000 ns  gen=0xC0
[18:12:01] evidence: /home/philip/Projects/DNP3/defense3/evidence/ksweep_hold/20260803T175912Z/gate2_20260803T181200Z
[18:12:01] --- staging /home/philip/Projects/DNP3/defense3/run/poll_defense3.py + the Gate-1 setup module -> decps@10.10.54.81:/home/decps/d3gate2 ---
[18:12:03] --- preflight cleanup + clean assertion ---
[18:12:08] transaction returned rc=0
[18:12:09] --- scoring ---
==============================================================================
DEFENSE 3 — §13 GATE 2 — gate2_txn.json
==============================================================================
RES    ID     REQUIREMENT
------ ------ ----------------------------------------------------------
PASS   V-01   trial ran to completion (verdict COMPLETE)
                verdict='COMPLETE'
PASS   V-02   trial asserted a CLEAN START and was not refused
                reasons=[]
PASS   V-03   mandatory cleanup ran (from the `finally`)
                cleanup_synth present=True
PASS   C-R1   dp8 speed == BF_SPEED_25G on BOTH the MAC and the TM
                MAC $SPEED='BF_SPEED_25G', TM scheduling_speed='BF_SPEED_25G'
                (both must be BF_SPEED_25G)
PASS   G-01   one READ
                ARM_FRESH=1 ARM_DUP=0 ARM_BUSY=0
PASS   G-02   one K=40 blocker burst
                PKTGEN_ADMIT=40 (want 40) PKTGEN_DROP=0
PASS   G-03   one ACK admitted to Q_HOLD
                ACK_HOLD=1 ACK_DUP_HOLD=0 ACK_REJECT=0
FAIL   G-04   one EARLY RESPONSE admitted behind the ACK
                RESP_HOLD_EARLY=0 (the ACK had not yet been released)
                RESP_HOLD_LATE=0 RESP_BYPASS=1
FAIL   G-05   no ACK before t_ACK + D
                hold=1036 ns, D=8000000.0 ns, raw error=-7998964.0 ns (must be
                >= 0)
INDETERMINATE G-06   no RESPONSE before the ACK
                t_resp_release - t_ack_release = None ns (must be > 0; a
                negative value is the wire order INVERTED)
INDETERMINATE G-07   ACK released FIRST
                CD_ACK_RELEASE=0 + CD_ACK_REL_RETIRE=1 (E1 partitions the
                releases, so the SUM is the count) = 1, ordering gap=None ns
FAIL   G-08   RESPONSE released SECOND
                RELEASE_DEADLINE=0 RELEASE_FAILOPEN=0 (the two causes
                partition the releases, so the sum is the release count)
PASS   G-09   all blockers terminate (admitted == stale + deadline + budget)
                admitted=40 terminated=40 (stale=40 deadline=0 budget=0)
PASS   G-10   transaction returns clean (generation retired by the released RESPONSE, no drops, no off-topology packets)
                reg_tag BEFORE cleanup = 0x00 (want 0x00 = TAG_INACTIVE);
                BAD_PORT=0 (the trigger CLONE is counted as CLONE_SEEN=1, NOT
                as BAD_PORT); queue drops=[('qid7', 0), ('qid1', 0)]
PASS   C-R2   reservoir standing: t_first_blocker - t_READ < 100000 ns
                t_first_block - t_READ = 715 ns (bound 100000). A LATE
                reservoir is a SILENT ZERO-HOLD: the ACK arrives min 0.400 ms
                after the READ, so an unblocked Q_HOLD releases it immediately
                and every counter still reads normal.
PASS   C-R4   ACK_RELEASE_FAILOPEN == 0
                BLOCK_TERM_TMO + RELEASE_FAILOPEN = 0. Non-zero means the
                reservoir drained on the pass budget B, so the trial measured
                H = B*K/rate, NOT D.
FAIL   C-R5   corrected deadline error |hold - (D + K/rate)| <= 1000 ns
                hold=1036 ns; D=8000000.0 ns; K/rate=1069.519 ns; raw
                error=-7998964.000 ns; CORRECTED error=-8000033.519 ns. The
                raw error carries a deterministic +1069.519 ns bias; reporting
                it as jitter is the default failure of this measurement.
INFO   I-01   READ -> ACK interval (should track the hardware ipg)
                t_ack_arm - t_READ = 500010 ns, ipg = 500000 ns
INFO   I-02   release tail: ACK -> RESPONSE on the wire
                None ns
INFO   I-03   blocker loops (dp8 traversals consumed)
                CD_BLOCK_LOOP = 18596

MEASURED SEPARATELY (the direction's Gate-2 list)
  t_ACK (deadline armed)                 3934186821 ns
  d_ACK (the armed deadline word)        3942186753 ns
  first deadline termination             3934187885 ns
  final deadline termination             3934188934 ns
  ACK forward commitment                 3934187857 ns
  RESPONSE forward commitment            n/a
  actual ACK hold                        1036 ns
  drain (first -> final termination)     1049 ns
  drain tail (final term -> ACK out)     -1077 ns
  ACK -> RESPONSE separation             n/a
  READ -> pktgen trigger                 705 ns
  READ -> full K reservoir               1036 ns

DERIVED
  hold_ns                        1036
  D_ns                           8000000.0
  tau_ns                         1069.51871657754
  D_plus_tau_ns                  8001069.518716577
  deadline_error_raw_ns          -7998964.0
  deadline_error_corrected_ns    -8000033.518716577
  reservoir_standing_ns          715
  read_to_ack_ns                 500010
  ack_to_resp_release_ns         None
  blockers_admitted              40
  blockers_terminated            40
  ack_release_failopen           0

VERDICT: FAIL

GATE 2 SUMMARY: 1 trial(s), 0 PASS, 1 FAIL
[18:12:09] -------------------------------------------------------------
[18:12:09] GATE 2 COMPLETE — ONE transaction. txn_rc=0 analyzer_rc=1
[18:12:09] evidence: /home/philip/Projects/DNP3/defense3/evidence/ksweep_hold/20260803T175912Z/gate2_20260803T181200Z
[18:12:09] 
[18:12:09] STOPPING HERE BY DESIGN. Gates 3 (five transactions) and 4 (three
[18:12:09] boundary cases) are separate, human-gated steps and are NOT in this script.
[18:12:09] 
[18:12:09] The EXIT trap now restores the known-good state via the proven runner.
[18:12:09] on_exit: rc=1 — running restoration
[18:12:09] D3_SKIP_RESTORE=1 — NOT restoring. The switch is left as this run found
[18:12:09] it, and restoring it is now YOUR responsibility:
[18:12:09]   bash /home/philip/Projects/DNP3/research/case_a_read_anchored_dual_release/run/run_four_queue_oracle.sh --restore-only
[18:12:09] exit 1
[18:12:09] refine trial K=48 D=8ms B=18000 rep=3
[18:12:09] acquired /tmp/case_a_defense3_gate2.lock (pid 3274821)
[18:12:09] mode=gate2 dryrun=0 prog=case_a_defense3 skip_restore=1
[18:12:10] pre-run switch state: {"n_bf_switchd":1,"pid":"597143","conf":"/home/decps/d3/d3_final_synth.conf","p4_name":"case_a_defense3"}
[18:12:10] === GATE 2: ONE synthetic transaction, then STOP ===
[18:12:10] D=8 ms  budget=18000  scenario=gate2-2timer  ipg=500000 ns  gen=0xC0
[18:12:10] evidence: /home/philip/Projects/DNP3/defense3/evidence/ksweep_hold/20260803T175912Z/gate2_20260803T181209Z
[18:12:10] --- staging /home/philip/Projects/DNP3/defense3/run/poll_defense3.py + the Gate-1 setup module -> decps@10.10.54.81:/home/decps/d3gate2 ---
[18:12:12] --- preflight cleanup + clean assertion ---
[18:12:17] transaction returned rc=0
[18:12:18] --- scoring ---
==============================================================================
DEFENSE 3 — §13 GATE 2 — gate2_txn.json
==============================================================================
RES    ID     REQUIREMENT
------ ------ ----------------------------------------------------------
PASS   V-01   trial ran to completion (verdict COMPLETE)
                verdict='COMPLETE'
PASS   V-02   trial asserted a CLEAN START and was not refused
                reasons=[]
PASS   V-03   mandatory cleanup ran (from the `finally`)
                cleanup_synth present=True
PASS   C-R1   dp8 speed == BF_SPEED_25G on BOTH the MAC and the TM
                MAC $SPEED='BF_SPEED_25G', TM scheduling_speed='BF_SPEED_25G'
                (both must be BF_SPEED_25G)
PASS   G-01   one READ
                ARM_FRESH=1 ARM_DUP=0 ARM_BUSY=0
PASS   G-02   one K=48 blocker burst
                PKTGEN_ADMIT=48 (want 48) PKTGEN_DROP=0
PASS   G-03   one ACK admitted to Q_HOLD
                ACK_HOLD=1 ACK_DUP_HOLD=0 ACK_REJECT=0
PASS   G-04   one EARLY RESPONSE admitted behind the ACK
                RESP_HOLD_EARLY=1 (the ACK had not yet been released)
                RESP_HOLD_LATE=0 RESP_BYPASS=0
PASS   G-05   no ACK before t_ACK + D
                hold=8001095 ns, D=8000000.0 ns, raw error=1095.0 ns (must be
                >= 0)
PASS   G-06   no RESPONSE before the ACK
                t_resp_release - t_ack_release = 26 ns (must be > 0; a
                negative value is the wire order INVERTED)
PASS   G-07   ACK released FIRST
                CD_ACK_RELEASE=1 + CD_ACK_REL_RETIRE=0 (E1 partitions the
                releases, so the SUM is the count) = 1, ordering gap=26 ns
PASS   G-08   RESPONSE released SECOND
                RELEASE_DEADLINE=1 RELEASE_FAILOPEN=0 (the two causes
                partition the releases, so the sum is the release count)
PASS   G-09   all blockers terminate (admitted == stale + deadline + budget)
                admitted=48 terminated=48 (stale=0 deadline=48 budget=0)
PASS   G-10   transaction returns clean (generation retired by the released RESPONSE, no drops, no off-topology packets)
                reg_tag BEFORE cleanup = 0x00 (want 0x00 = TAG_INACTIVE);
                BAD_PORT=0 (the trigger CLONE is counted as CLONE_SEEN=1, NOT
                as BAD_PORT); queue drops=[('qid7', 0), ('qid1', 0)]
PASS   C-R2   reservoir standing: t_first_blocker - t_READ < 100000 ns
                t_first_block - t_READ = 715 ns (bound 100000). A LATE
                reservoir is a SILENT ZERO-HOLD: the ACK arrives min 0.400 ms
                after the READ, so an unblocked Q_HOLD releases it immediately
                and every counter still reads normal.
PASS   C-R4   ACK_RELEASE_FAILOPEN == 0
                BLOCK_TERM_TMO + RELEASE_FAILOPEN = 0. Non-zero means the
                reservoir drained on the pass budget B, so the trial measured
                H = B*K/rate, NOT D.
PASS   C-R5   corrected deadline error |hold - (D + K/rate)| <= 1000 ns
                hold=8001095 ns; D=8000000.0 ns; K/rate=1283.422 ns; raw
                error=+1095.000 ns; CORRECTED error=-188.422 ns. The raw error
                carries a deterministic +1283.422 ns bias; reporting it as
                jitter is the default failure of this measurement.
INFO   I-01   READ -> ACK interval (should track the hardware ipg)
                t_ack_arm - t_READ = 500010 ns, ipg = 500000 ns
INFO   I-02   release tail: ACK -> RESPONSE on the wire
                26 ns
INFO   I-03   blocker loops (dp8 traversals consumed)
                CD_BLOCK_LOOP = 316181

MEASURED SEPARATELY (the direction's Gate-2 list)
  t_ACK (deadline armed)                 4267961305 ns
  d_ACK (the armed deadline word)        4275961089 ns
  first deadline termination             4275961109 ns
  final deadline termination             4275962372 ns
  ACK forward commitment                 4275962400 ns
  RESPONSE forward commitment            4275962426 ns
  actual ACK hold                        8001095 ns
  drain (first -> final termination)     1263 ns
  drain tail (final term -> ACK out)     28 ns
  ACK -> RESPONSE separation             26 ns
  READ -> pktgen trigger                 705 ns
  READ -> full K reservoir               1101 ns

DERIVED
  hold_ns                        8001095
  D_ns                           8000000.0
  tau_ns                         1283.4224598930482
  D_plus_tau_ns                  8001283.422459893
  deadline_error_raw_ns          1095.0
  deadline_error_corrected_ns    -188.4224598930482
  reservoir_standing_ns          715
  read_to_ack_ns                 500010
  ack_to_resp_release_ns         26
  blockers_admitted              48
  blockers_terminated            48
  ack_release_failopen           0

VERDICT: PASS

GATE 2 SUMMARY: 1 trial(s), 1 PASS, 0 FAIL
[18:12:18] -------------------------------------------------------------
[18:12:18] GATE 2 COMPLETE — ONE transaction. txn_rc=0 analyzer_rc=0
[18:12:18] evidence: /home/philip/Projects/DNP3/defense3/evidence/ksweep_hold/20260803T175912Z/gate2_20260803T181209Z
[18:12:18] 
[18:12:18] STOPPING HERE BY DESIGN. Gates 3 (five transactions) and 4 (three
[18:12:18] boundary cases) are separate, human-gated steps and are NOT in this script.
[18:12:18] 
[18:12:18] The EXIT trap now restores the known-good state via the proven runner.
[18:12:18] on_exit: rc=0 — running restoration
[18:12:18] D3_SKIP_RESTORE=1 — NOT restoring. The switch is left as this run found
[18:12:18] it, and restoring it is now YOUR responsibility:
[18:12:18]   bash /home/philip/Projects/DNP3/research/case_a_read_anchored_dual_release/run/run_four_queue_oracle.sh --restore-only
[18:12:18] exit 0
[18:12:18] refine trial K=32 D=16ms B=26297 rep=3
[18:12:18] acquired /tmp/case_a_defense3_gate2.lock (pid 3274967)
[18:12:18] mode=gate2 dryrun=0 prog=case_a_defense3 skip_restore=1
[18:12:19] pre-run switch state: {"n_bf_switchd":1,"pid":"597143","conf":"/home/decps/d3/d3_final_synth.conf","p4_name":"case_a_defense3"}
[18:12:19] === GATE 2: ONE synthetic transaction, then STOP ===
[18:12:19] D=16 ms  budget=26297  scenario=gate2-2timer  ipg=500000 ns  gen=0xC0
[18:12:19] evidence: /home/philip/Projects/DNP3/defense3/evidence/ksweep_hold/20260803T175912Z/gate2_20260803T181218Z
[18:12:19] --- staging /home/philip/Projects/DNP3/defense3/run/poll_defense3.py + the Gate-1 setup module -> decps@10.10.54.81:/home/decps/d3gate2 ---
[18:12:21] --- preflight cleanup + clean assertion ---
[18:12:26] transaction returned rc=0
[18:12:27] --- scoring ---
==============================================================================
DEFENSE 3 — §13 GATE 2 — gate2_txn.json
==============================================================================
RES    ID     REQUIREMENT
------ ------ ----------------------------------------------------------
PASS   V-01   trial ran to completion (verdict COMPLETE)
                verdict='COMPLETE'
PASS   V-02   trial asserted a CLEAN START and was not refused
                reasons=[]
PASS   V-03   mandatory cleanup ran (from the `finally`)
                cleanup_synth present=True
PASS   C-R1   dp8 speed == BF_SPEED_25G on BOTH the MAC and the TM
                MAC $SPEED='BF_SPEED_25G', TM scheduling_speed='BF_SPEED_25G'
                (both must be BF_SPEED_25G)
PASS   G-01   one READ
                ARM_FRESH=1 ARM_DUP=0 ARM_BUSY=0
PASS   G-02   one K=32 blocker burst
                PKTGEN_ADMIT=32 (want 32) PKTGEN_DROP=0
PASS   G-03   one ACK admitted to Q_HOLD
                ACK_HOLD=1 ACK_DUP_HOLD=0 ACK_REJECT=0
FAIL   G-04   one EARLY RESPONSE admitted behind the ACK
                RESP_HOLD_EARLY=0 (the ACK had not yet been released)
                RESP_HOLD_LATE=0 RESP_BYPASS=1
FAIL   G-05   no ACK before t_ACK + D
                hold=822 ns, D=16000000.0 ns, raw error=-15999178.0 ns (must
                be >= 0)
INDETERMINATE G-06   no RESPONSE before the ACK
                t_resp_release - t_ack_release = None ns (must be > 0; a
                negative value is the wire order INVERTED)
INDETERMINATE G-07   ACK released FIRST
                CD_ACK_RELEASE=0 + CD_ACK_REL_RETIRE=1 (E1 partitions the
                releases, so the SUM is the count) = 1, ordering gap=None ns
FAIL   G-08   RESPONSE released SECOND
                RELEASE_DEADLINE=0 RELEASE_FAILOPEN=0 (the two causes
                partition the releases, so the sum is the release count)
PASS   G-09   all blockers terminate (admitted == stale + deadline + budget)
                admitted=32 terminated=32 (stale=32 deadline=0 budget=0)
PASS   G-10   transaction returns clean (generation retired by the released RESPONSE, no drops, no off-topology packets)
                reg_tag BEFORE cleanup = 0x00 (want 0x00 = TAG_INACTIVE);
                BAD_PORT=0 (the trigger CLONE is counted as CLONE_SEEN=1, NOT
                as BAD_PORT); queue drops=[('qid7', 0), ('qid1', 0)]
PASS   C-R2   reservoir standing: t_first_blocker - t_READ < 100000 ns
                t_first_block - t_READ = 714 ns (bound 100000). A LATE
                reservoir is a SILENT ZERO-HOLD: the ACK arrives min 0.400 ms
                after the READ, so an unblocked Q_HOLD releases it immediately
                and every counter still reads normal.
PASS   C-R4   ACK_RELEASE_FAILOPEN == 0
                BLOCK_TERM_TMO + RELEASE_FAILOPEN = 0. Non-zero means the
                reservoir drained on the pass budget B, so the trial measured
                H = B*K/rate, NOT D.
FAIL   C-R5   corrected deadline error |hold - (D + K/rate)| <= 1000 ns
                hold=822 ns; D=16000000.0 ns; K/rate=855.615 ns; raw
                error=-15999178.000 ns; CORRECTED error=-16000033.615 ns. The
                raw error carries a deterministic +855.615 ns bias; reporting
                it as jitter is the default failure of this measurement.
INFO   I-01   READ -> ACK interval (should track the hardware ipg)
                t_ack_arm - t_READ = 500008 ns, ipg = 500000 ns
INFO   I-02   release tail: ACK -> RESPONSE on the wire
                None ns
INFO   I-03   blocker loops (dp8 traversals consumed)
                CD_BLOCK_LOOP = 18588

MEASURED SEPARATELY (the direction's Gate-2 list)
  t_ACK (deadline armed)                 352583715 ns
  d_ACK (the armed deadline word)        368583681 ns
  first deadline termination             352584565 ns
  final deadline termination             352585398 ns
  ACK forward commitment                 352584537 ns
  RESPONSE forward commitment            n/a
  actual ACK hold                        822 ns
  drain (first -> final termination)     833 ns
  drain tail (final term -> ACK out)     -861 ns
  ACK -> RESPONSE separation             n/a
  READ -> pktgen trigger                 704 ns
  READ -> full K reservoir               968 ns

DERIVED
  hold_ns                        822
  D_ns                           16000000.0
  tau_ns                         855.6149732620321
  D_plus_tau_ns                  16000855.614973262
  deadline_error_raw_ns          -15999178.0
  deadline_error_corrected_ns    -16000033.614973262
  reservoir_standing_ns          714
  read_to_ack_ns                 500008
  ack_to_resp_release_ns         None
  blockers_admitted              32
  blockers_terminated            32
  ack_release_failopen           0

VERDICT: FAIL

GATE 2 SUMMARY: 1 trial(s), 0 PASS, 1 FAIL
[18:12:27] -------------------------------------------------------------
[18:12:27] GATE 2 COMPLETE — ONE transaction. txn_rc=0 analyzer_rc=1
[18:12:27] evidence: /home/philip/Projects/DNP3/defense3/evidence/ksweep_hold/20260803T175912Z/gate2_20260803T181218Z
[18:12:27] 
[18:12:27] STOPPING HERE BY DESIGN. Gates 3 (five transactions) and 4 (three
[18:12:27] boundary cases) are separate, human-gated steps and are NOT in this script.
[18:12:27] 
[18:12:27] The EXIT trap now restores the known-good state via the proven runner.
[18:12:27] on_exit: rc=1 — running restoration
[18:12:27] D3_SKIP_RESTORE=1 — NOT restoring. The switch is left as this run found
[18:12:27] it, and restoring it is now YOUR responsibility:
[18:12:27]   bash /home/philip/Projects/DNP3/research/case_a_read_anchored_dual_release/run/run_four_queue_oracle.sh --restore-only
[18:12:27] exit 1
[18:12:27] refine trial K=40 D=16ms B=21038 rep=3
[18:12:27] acquired /tmp/case_a_defense3_gate2.lock (pid 3275113)
[18:12:27] mode=gate2 dryrun=0 prog=case_a_defense3 skip_restore=1
[18:12:28] pre-run switch state: {"n_bf_switchd":1,"pid":"597143","conf":"/home/decps/d3/d3_final_synth.conf","p4_name":"case_a_defense3"}
[18:12:28] === GATE 2: ONE synthetic transaction, then STOP ===
[18:12:28] D=16 ms  budget=21038  scenario=gate2-2timer  ipg=500000 ns  gen=0xC0
[18:12:28] evidence: /home/philip/Projects/DNP3/defense3/evidence/ksweep_hold/20260803T175912Z/gate2_20260803T181227Z
[18:12:28] --- staging /home/philip/Projects/DNP3/defense3/run/poll_defense3.py + the Gate-1 setup module -> decps@10.10.54.81:/home/decps/d3gate2 ---
[18:12:30] --- preflight cleanup + clean assertion ---
[18:12:35] transaction returned rc=0
[18:12:36] --- scoring ---
==============================================================================
DEFENSE 3 — §13 GATE 2 — gate2_txn.json
==============================================================================
RES    ID     REQUIREMENT
------ ------ ----------------------------------------------------------
PASS   V-01   trial ran to completion (verdict COMPLETE)
                verdict='COMPLETE'
PASS   V-02   trial asserted a CLEAN START and was not refused
                reasons=[]
PASS   V-03   mandatory cleanup ran (from the `finally`)
                cleanup_synth present=True
PASS   C-R1   dp8 speed == BF_SPEED_25G on BOTH the MAC and the TM
                MAC $SPEED='BF_SPEED_25G', TM scheduling_speed='BF_SPEED_25G'
                (both must be BF_SPEED_25G)
PASS   G-01   one READ
                ARM_FRESH=1 ARM_DUP=0 ARM_BUSY=0
PASS   G-02   one K=40 blocker burst
                PKTGEN_ADMIT=40 (want 40) PKTGEN_DROP=0
PASS   G-03   one ACK admitted to Q_HOLD
                ACK_HOLD=1 ACK_DUP_HOLD=0 ACK_REJECT=0
FAIL   G-04   one EARLY RESPONSE admitted behind the ACK
                RESP_HOLD_EARLY=0 (the ACK had not yet been released)
                RESP_HOLD_LATE=0 RESP_BYPASS=1
FAIL   G-05   no ACK before t_ACK + D
                hold=1039 ns, D=16000000.0 ns, raw error=-15998961.0 ns (must
                be >= 0)
INDETERMINATE G-06   no RESPONSE before the ACK
                t_resp_release - t_ack_release = None ns (must be > 0; a
                negative value is the wire order INVERTED)
INDETERMINATE G-07   ACK released FIRST
                CD_ACK_RELEASE=0 + CD_ACK_REL_RETIRE=1 (E1 partitions the
                releases, so the SUM is the count) = 1, ordering gap=None ns
FAIL   G-08   RESPONSE released SECOND
                RELEASE_DEADLINE=0 RELEASE_FAILOPEN=0 (the two causes
                partition the releases, so the sum is the release count)
PASS   G-09   all blockers terminate (admitted == stale + deadline + budget)
                admitted=40 terminated=40 (stale=40 deadline=0 budget=0)
PASS   G-10   transaction returns clean (generation retired by the released RESPONSE, no drops, no off-topology packets)
                reg_tag BEFORE cleanup = 0x00 (want 0x00 = TAG_INACTIVE);
                BAD_PORT=0 (the trigger CLONE is counted as CLONE_SEEN=1, NOT
                as BAD_PORT); queue drops=[('qid7', 0), ('qid1', 0)]
PASS   C-R2   reservoir standing: t_first_blocker - t_READ < 100000 ns
                t_first_block - t_READ = 717 ns (bound 100000). A LATE
                reservoir is a SILENT ZERO-HOLD: the ACK arrives min 0.400 ms
                after the READ, so an unblocked Q_HOLD releases it immediately
                and every counter still reads normal.
PASS   C-R4   ACK_RELEASE_FAILOPEN == 0
                BLOCK_TERM_TMO + RELEASE_FAILOPEN = 0. Non-zero means the
                reservoir drained on the pass budget B, so the trial measured
                H = B*K/rate, NOT D.
FAIL   C-R5   corrected deadline error |hold - (D + K/rate)| <= 1000 ns
                hold=1039 ns; D=16000000.0 ns; K/rate=1069.519 ns; raw
                error=-15998961.000 ns; CORRECTED error=-16000030.519 ns. The
                raw error carries a deterministic +1069.519 ns bias; reporting
                it as jitter is the default failure of this measurement.
INFO   I-01   READ -> ACK interval (should track the hardware ipg)
                t_ack_arm - t_READ = 500010 ns, ipg = 500000 ns
INFO   I-02   release tail: ACK -> RESPONSE on the wire
                None ns
INFO   I-03   blocker loops (dp8 traversals consumed)
                CD_BLOCK_LOOP = 18596

MEASURED SEPARATELY (the direction's Gate-2 list)
  t_ACK (deadline armed)                 678535650 ns
  d_ACK (the armed deadline word)        694535425 ns
  first deadline termination             678536716 ns
  final deadline termination             678537765 ns
  ACK forward commitment                 678536689 ns
  RESPONSE forward commitment            n/a
  actual ACK hold                        1039 ns
  drain (first -> final termination)     1049 ns
  drain tail (final term -> ACK out)     -1076 ns
  ACK -> RESPONSE separation             n/a
  READ -> pktgen trigger                 706 ns
  READ -> full K reservoir               1036 ns

DERIVED
  hold_ns                        1039
  D_ns                           16000000.0
  tau_ns                         1069.51871657754
  D_plus_tau_ns                  16001069.518716577
  deadline_error_raw_ns          -15998961.0
  deadline_error_corrected_ns    -16000030.518716577
  reservoir_standing_ns          717
  read_to_ack_ns                 500010
  ack_to_resp_release_ns         None
  blockers_admitted              40
  blockers_terminated            40
  ack_release_failopen           0

VERDICT: FAIL

GATE 2 SUMMARY: 1 trial(s), 0 PASS, 1 FAIL
[18:12:36] -------------------------------------------------------------
[18:12:36] GATE 2 COMPLETE — ONE transaction. txn_rc=0 analyzer_rc=1
[18:12:36] evidence: /home/philip/Projects/DNP3/defense3/evidence/ksweep_hold/20260803T175912Z/gate2_20260803T181227Z
[18:12:36] 
[18:12:36] STOPPING HERE BY DESIGN. Gates 3 (five transactions) and 4 (three
[18:12:36] boundary cases) are separate, human-gated steps and are NOT in this script.
[18:12:36] 
[18:12:36] The EXIT trap now restores the known-good state via the proven runner.
[18:12:36] on_exit: rc=1 — running restoration
[18:12:36] D3_SKIP_RESTORE=1 — NOT restoring. The switch is left as this run found
[18:12:36] it, and restoring it is now YOUR responsibility:
[18:12:36]   bash /home/philip/Projects/DNP3/research/case_a_read_anchored_dual_release/run/run_four_queue_oracle.sh --restore-only
[18:12:36] exit 1
[18:12:36] refine trial K=48 D=16ms B=18000 rep=3
[18:12:36] acquired /tmp/case_a_defense3_gate2.lock (pid 3275253)
[18:12:36] mode=gate2 dryrun=0 prog=case_a_defense3 skip_restore=1
[18:12:37] pre-run switch state: {"n_bf_switchd":1,"pid":"597143","conf":"/home/decps/d3/d3_final_synth.conf","p4_name":"case_a_defense3"}
[18:12:37] === GATE 2: ONE synthetic transaction, then STOP ===
[18:12:37] D=16 ms  budget=18000  scenario=gate2-2timer  ipg=500000 ns  gen=0xC0
[18:12:37] evidence: /home/philip/Projects/DNP3/defense3/evidence/ksweep_hold/20260803T175912Z/gate2_20260803T181236Z
[18:12:37] --- staging /home/philip/Projects/DNP3/defense3/run/poll_defense3.py + the Gate-1 setup module -> decps@10.10.54.81:/home/decps/d3gate2 ---
[18:12:38] --- preflight cleanup + clean assertion ---
[18:12:44] transaction returned rc=0
[18:12:45] --- scoring ---
==============================================================================
DEFENSE 3 — §13 GATE 2 — gate2_txn.json
==============================================================================
RES    ID     REQUIREMENT
------ ------ ----------------------------------------------------------
PASS   V-01   trial ran to completion (verdict COMPLETE)
                verdict='COMPLETE'
PASS   V-02   trial asserted a CLEAN START and was not refused
                reasons=[]
PASS   V-03   mandatory cleanup ran (from the `finally`)
                cleanup_synth present=True
PASS   C-R1   dp8 speed == BF_SPEED_25G on BOTH the MAC and the TM
                MAC $SPEED='BF_SPEED_25G', TM scheduling_speed='BF_SPEED_25G'
                (both must be BF_SPEED_25G)
PASS   G-01   one READ
                ARM_FRESH=1 ARM_DUP=0 ARM_BUSY=0
PASS   G-02   one K=48 blocker burst
                PKTGEN_ADMIT=48 (want 48) PKTGEN_DROP=0
PASS   G-03   one ACK admitted to Q_HOLD
                ACK_HOLD=1 ACK_DUP_HOLD=0 ACK_REJECT=0
PASS   G-04   one EARLY RESPONSE admitted behind the ACK
                RESP_HOLD_EARLY=1 (the ACK had not yet been released)
                RESP_HOLD_LATE=0 RESP_BYPASS=0
PASS   G-05   no ACK before t_ACK + D
                hold=16001047 ns, D=16000000.0 ns, raw error=1047.0 ns (must
                be >= 0)
PASS   G-06   no RESPONSE before the ACK
                t_resp_release - t_ack_release = 28 ns (must be > 0; a
                negative value is the wire order INVERTED)
PASS   G-07   ACK released FIRST
                CD_ACK_RELEASE=1 + CD_ACK_REL_RETIRE=0 (E1 partitions the
                releases, so the SUM is the count) = 1, ordering gap=28 ns
PASS   G-08   RESPONSE released SECOND
                RELEASE_DEADLINE=1 RELEASE_FAILOPEN=0 (the two causes
                partition the releases, so the sum is the release count)
PASS   G-09   all blockers terminate (admitted == stale + deadline + budget)
                admitted=48 terminated=48 (stale=0 deadline=48 budget=0)
PASS   G-10   transaction returns clean (generation retired by the released RESPONSE, no drops, no off-topology packets)
                reg_tag BEFORE cleanup = 0x00 (want 0x00 = TAG_INACTIVE);
                BAD_PORT=0 (the trigger CLONE is counted as CLONE_SEEN=1, NOT
                as BAD_PORT); queue drops=[('qid7', 0), ('qid1', 0)]
PASS   C-R2   reservoir standing: t_first_blocker - t_READ < 100000 ns
                t_first_block - t_READ = 716 ns (bound 100000). A LATE
                reservoir is a SILENT ZERO-HOLD: the ACK arrives min 0.400 ms
                after the READ, so an unblocked Q_HOLD releases it immediately
                and every counter still reads normal.
PASS   C-R4   ACK_RELEASE_FAILOPEN == 0
                BLOCK_TERM_TMO + RELEASE_FAILOPEN = 0. Non-zero means the
                reservoir drained on the pass budget B, so the trial measured
                H = B*K/rate, NOT D.
PASS   C-R5   corrected deadline error |hold - (D + K/rate)| <= 1000 ns
                hold=16001047 ns; D=16000000.0 ns; K/rate=1283.422 ns; raw
                error=+1047.000 ns; CORRECTED error=-236.422 ns. The raw error
                carries a deterministic +1283.422 ns bias; reporting it as
                jitter is the default failure of this measurement.
INFO   I-01   READ -> ACK interval (should track the hardware ipg)
                t_ack_arm - t_READ = 500010 ns, ipg = 500000 ns
INFO   I-02   release tail: ACK -> RESPONSE on the wire
                28 ns
INFO   I-03   blocker loops (dp8 traversals consumed)
                CD_BLOCK_LOOP = 613810

MEASURED SEPARATELY (the direction's Gate-2 list)
  t_ACK (deadline armed)                 982092285 ns
  d_ACK (the armed deadline word)        998092033 ns
  first deadline termination             998092041 ns
  final deadline termination             998093304 ns
  ACK forward commitment                 998093332 ns
  RESPONSE forward commitment            998093360 ns
  actual ACK hold                        16001047 ns
  drain (first -> final termination)     1263 ns
  drain tail (final term -> ACK out)     28 ns
  ACK -> RESPONSE separation             28 ns
  READ -> pktgen trigger                 706 ns
  READ -> full K reservoir               1102 ns

DERIVED
  hold_ns                        16001047
  D_ns                           16000000.0
  tau_ns                         1283.4224598930482
  D_plus_tau_ns                  16001283.422459893
  deadline_error_raw_ns          1047.0
  deadline_error_corrected_ns    -236.4224598930482
  reservoir_standing_ns          716
  read_to_ack_ns                 500010
  ack_to_resp_release_ns         28
  blockers_admitted              48
  blockers_terminated            48
  ack_release_failopen           0

VERDICT: PASS

GATE 2 SUMMARY: 1 trial(s), 1 PASS, 0 FAIL
[18:12:45] -------------------------------------------------------------
[18:12:45] GATE 2 COMPLETE — ONE transaction. txn_rc=0 analyzer_rc=0
[18:12:45] evidence: /home/philip/Projects/DNP3/defense3/evidence/ksweep_hold/20260803T175912Z/gate2_20260803T181236Z
[18:12:45] 
[18:12:45] STOPPING HERE BY DESIGN. Gates 3 (five transactions) and 4 (three
[18:12:45] boundary cases) are separate, human-gated steps and are NOT in this script.
[18:12:45] 
[18:12:45] The EXIT trap now restores the known-good state via the proven runner.
[18:12:45] on_exit: rc=0 — running restoration
[18:12:45] D3_SKIP_RESTORE=1 — NOT restoring. The switch is left as this run found
[18:12:45] it, and restoring it is now YOUR responsibility:
[18:12:45]   bash /home/philip/Projects/DNP3/research/case_a_read_anchored_dual_release/run/run_four_queue_oracle.sh --restore-only
[18:12:45] exit 0
[18:12:45] === refinement complete ===
[extra] K=44 D=8 B=18000 rep=1
[18:13:18] acquired /tmp/case_a_defense3_gate2.lock (pid 3275654)
[18:13:18] mode=gate2 dryrun=0 prog=case_a_defense3 skip_restore=1
[18:13:19] pre-run switch state: {"n_bf_switchd":1,"pid":"597143","conf":"/home/decps/d3/d3_final_synth.conf","p4_name":"case_a_defense3"}
[18:13:19] === GATE 2: ONE synthetic transaction, then STOP ===
[18:13:19] D=8 ms  budget=18000  scenario=gate2-2timer  ipg=500000 ns  gen=0xC0
[18:13:19] evidence: /home/philip/Projects/DNP3/defense3/evidence/ksweep_hold/20260803T175912Z/gate2_20260803T181318Z
[18:13:19] --- staging /home/philip/Projects/DNP3/defense3/run/poll_defense3.py + the Gate-1 setup module -> decps@10.10.54.81:/home/decps/d3gate2 ---
[18:13:21] --- preflight cleanup + clean assertion ---
[18:13:26] transaction returned rc=0
[18:13:27] --- scoring ---
==============================================================================
DEFENSE 3 — §13 GATE 2 — gate2_txn.json
==============================================================================
RES    ID     REQUIREMENT
------ ------ ----------------------------------------------------------
PASS   V-01   trial ran to completion (verdict COMPLETE)
                verdict='COMPLETE'
PASS   V-02   trial asserted a CLEAN START and was not refused
                reasons=[]
PASS   V-03   mandatory cleanup ran (from the `finally`)
                cleanup_synth present=True
PASS   C-R1   dp8 speed == BF_SPEED_25G on BOTH the MAC and the TM
                MAC $SPEED='BF_SPEED_25G', TM scheduling_speed='BF_SPEED_25G'
                (both must be BF_SPEED_25G)
PASS   G-01   one READ
                ARM_FRESH=1 ARM_DUP=0 ARM_BUSY=0
PASS   G-02   one K=44 blocker burst
                PKTGEN_ADMIT=44 (want 44) PKTGEN_DROP=0
PASS   G-03   one ACK admitted to Q_HOLD
                ACK_HOLD=1 ACK_DUP_HOLD=0 ACK_REJECT=0
PASS   G-04   one EARLY RESPONSE admitted behind the ACK
                RESP_HOLD_EARLY=1 (the ACK had not yet been released)
                RESP_HOLD_LATE=0 RESP_BYPASS=0
PASS   G-05   no ACK before t_ACK + D
                hold=8001096 ns, D=8000000.0 ns, raw error=1096.0 ns (must be
                >= 0)
PASS   G-06   no RESPONSE before the ACK
                t_resp_release - t_ack_release = 27 ns (must be > 0; a
                negative value is the wire order INVERTED)
PASS   G-07   ACK released FIRST
                CD_ACK_RELEASE=1 + CD_ACK_REL_RETIRE=0 (E1 partitions the
                releases, so the SUM is the count) = 1, ordering gap=27 ns
PASS   G-08   RESPONSE released SECOND
                RELEASE_DEADLINE=1 RELEASE_FAILOPEN=0 (the two causes
                partition the releases, so the sum is the release count)
PASS   G-09   all blockers terminate (admitted == stale + deadline + budget)
                admitted=44 terminated=44 (stale=0 deadline=44 budget=0)
PASS   G-10   transaction returns clean (generation retired by the released RESPONSE, no drops, no off-topology packets)
                reg_tag BEFORE cleanup = 0x00 (want 0x00 = TAG_INACTIVE);
                BAD_PORT=0 (the trigger CLONE is counted as CLONE_SEEN=1, NOT
                as BAD_PORT); queue drops=[('qid7', 0), ('qid1', 0)]
PASS   C-R2   reservoir standing: t_first_blocker - t_READ < 100000 ns
                t_first_block - t_READ = 715 ns (bound 100000). A LATE
                reservoir is a SILENT ZERO-HOLD: the ACK arrives min 0.400 ms
                after the READ, so an unblocked Q_HOLD releases it immediately
                and every counter still reads normal.
PASS   C-R4   ACK_RELEASE_FAILOPEN == 0
                BLOCK_TERM_TMO + RELEASE_FAILOPEN = 0. Non-zero means the
                reservoir drained on the pass budget B, so the trial measured
                H = B*K/rate, NOT D.
PASS   C-R5   corrected deadline error |hold - (D + K/rate)| <= 1000 ns
                hold=8001096 ns; D=8000000.0 ns; K/rate=1176.471 ns; raw
                error=+1096.000 ns; CORRECTED error=-80.471 ns. The raw error
                carries a deterministic +1176.471 ns bias; reporting it as
                jitter is the default failure of this measurement.
INFO   I-01   READ -> ACK interval (should track the hardware ipg)
                t_ack_arm - t_READ = 500009 ns, ipg = 500000 ns
INFO   I-02   release tail: ACK -> RESPONSE on the wire
                27 ns
INFO   I-03   blocker loops (dp8 traversals consumed)
                CD_BLOCK_LOOP = 316185

MEASURED SEPARATELY (the direction's Gate-2 list)
  t_ACK (deadline armed)                 352558939 ns
  d_ACK (the armed deadline word)        360558849 ns
  first deadline termination             360558852 ns
  final deadline termination             360560007 ns
  ACK forward commitment                 360560035 ns
  RESPONSE forward commitment            360560062 ns
  actual ACK hold                        8001096 ns
  drain (first -> final termination)     1155 ns
  drain tail (final term -> ACK out)     28 ns
  ACK -> RESPONSE separation             27 ns
  READ -> pktgen trigger                 704 ns
  READ -> full K reservoir               1068 ns

DERIVED
  hold_ns                        8001096
  D_ns                           8000000.0
  tau_ns                         1176.470588235294
  D_plus_tau_ns                  8001176.470588235
  deadline_error_raw_ns          1096.0
  deadline_error_corrected_ns    -80.47058823529392
  reservoir_standing_ns          715
  read_to_ack_ns                 500009
  ack_to_resp_release_ns         27
  blockers_admitted              44
  blockers_terminated            44
  ack_release_failopen           0

VERDICT: PASS

GATE 2 SUMMARY: 1 trial(s), 1 PASS, 0 FAIL
[18:13:27] -------------------------------------------------------------
[18:13:27] GATE 2 COMPLETE — ONE transaction. txn_rc=0 analyzer_rc=0
[18:13:27] evidence: /home/philip/Projects/DNP3/defense3/evidence/ksweep_hold/20260803T175912Z/gate2_20260803T181318Z
[18:13:27] 
[18:13:27] STOPPING HERE BY DESIGN. Gates 3 (five transactions) and 4 (three
[18:13:27] boundary cases) are separate, human-gated steps and are NOT in this script.
[18:13:27] 
[18:13:27] The EXIT trap now restores the known-good state via the proven runner.
[18:13:27] on_exit: rc=0 — running restoration
[18:13:27] D3_SKIP_RESTORE=1 — NOT restoring. The switch is left as this run found
[18:13:27] it, and restoring it is now YOUR responsibility:
[18:13:27]   bash /home/philip/Projects/DNP3/research/case_a_read_anchored_dual_release/run/run_four_queue_oracle.sh --restore-only
[18:13:27] exit 0
[extra] K=44 D=16 B=19125 rep=1
[18:13:27] acquired /tmp/case_a_defense3_gate2.lock (pid 3275789)
[18:13:27] mode=gate2 dryrun=0 prog=case_a_defense3 skip_restore=1
[18:13:28] pre-run switch state: {"n_bf_switchd":1,"pid":"597143","conf":"/home/decps/d3/d3_final_synth.conf","p4_name":"case_a_defense3"}
[18:13:28] === GATE 2: ONE synthetic transaction, then STOP ===
[18:13:28] D=16 ms  budget=19125  scenario=gate2-2timer  ipg=500000 ns  gen=0xC0
[18:13:28] evidence: /home/philip/Projects/DNP3/defense3/evidence/ksweep_hold/20260803T175912Z/gate2_20260803T181327Z
[18:13:28] --- staging /home/philip/Projects/DNP3/defense3/run/poll_defense3.py + the Gate-1 setup module -> decps@10.10.54.81:/home/decps/d3gate2 ---
[18:13:30] --- preflight cleanup + clean assertion ---
[18:13:35] transaction returned rc=0
[18:13:36] --- scoring ---
==============================================================================
DEFENSE 3 — §13 GATE 2 — gate2_txn.json
==============================================================================
RES    ID     REQUIREMENT
------ ------ ----------------------------------------------------------
PASS   V-01   trial ran to completion (verdict COMPLETE)
                verdict='COMPLETE'
PASS   V-02   trial asserted a CLEAN START and was not refused
                reasons=[]
PASS   V-03   mandatory cleanup ran (from the `finally`)
                cleanup_synth present=True
PASS   C-R1   dp8 speed == BF_SPEED_25G on BOTH the MAC and the TM
                MAC $SPEED='BF_SPEED_25G', TM scheduling_speed='BF_SPEED_25G'
                (both must be BF_SPEED_25G)
PASS   G-01   one READ
                ARM_FRESH=1 ARM_DUP=0 ARM_BUSY=0
PASS   G-02   one K=44 blocker burst
                PKTGEN_ADMIT=44 (want 44) PKTGEN_DROP=0
PASS   G-03   one ACK admitted to Q_HOLD
                ACK_HOLD=1 ACK_DUP_HOLD=0 ACK_REJECT=0
PASS   G-04   one EARLY RESPONSE admitted behind the ACK
                RESP_HOLD_EARLY=1 (the ACK had not yet been released)
                RESP_HOLD_LATE=0 RESP_BYPASS=0
PASS   G-05   no ACK before t_ACK + D
                hold=16001099 ns, D=16000000.0 ns, raw error=1099.0 ns (must
                be >= 0)
PASS   G-06   no RESPONSE before the ACK
                t_resp_release - t_ack_release = 29 ns (must be > 0; a
                negative value is the wire order INVERTED)
PASS   G-07   ACK released FIRST
                CD_ACK_RELEASE=1 + CD_ACK_REL_RETIRE=0 (E1 partitions the
                releases, so the SUM is the count) = 1, ordering gap=29 ns
PASS   G-08   RESPONSE released SECOND
                RELEASE_DEADLINE=1 RELEASE_FAILOPEN=0 (the two causes
                partition the releases, so the sum is the release count)
PASS   G-09   all blockers terminate (admitted == stale + deadline + budget)
                admitted=44 terminated=44 (stale=0 deadline=44 budget=0)
PASS   G-10   transaction returns clean (generation retired by the released RESPONSE, no drops, no off-topology packets)
                reg_tag BEFORE cleanup = 0x00 (want 0x00 = TAG_INACTIVE);
                BAD_PORT=0 (the trigger CLONE is counted as CLONE_SEEN=1, NOT
                as BAD_PORT); queue drops=[('qid7', 0), ('qid1', 0)]
PASS   C-R2   reservoir standing: t_first_blocker - t_READ < 100000 ns
                t_first_block - t_READ = 715 ns (bound 100000). A LATE
                reservoir is a SILENT ZERO-HOLD: the ACK arrives min 0.400 ms
                after the READ, so an unblocked Q_HOLD releases it immediately
                and every counter still reads normal.
PASS   C-R4   ACK_RELEASE_FAILOPEN == 0
                BLOCK_TERM_TMO + RELEASE_FAILOPEN = 0. Non-zero means the
                reservoir drained on the pass budget B, so the trial measured
                H = B*K/rate, NOT D.
PASS   C-R5   corrected deadline error |hold - (D + K/rate)| <= 1000 ns
                hold=16001099 ns; D=16000000.0 ns; K/rate=1176.471 ns; raw
                error=+1099.000 ns; CORRECTED error=-77.471 ns. The raw error
                carries a deterministic +1176.471 ns bias; reporting it as
                jitter is the default failure of this measurement.
INFO   I-01   READ -> ACK interval (should track the hardware ipg)
                t_ack_arm - t_READ = 500011 ns, ipg = 500000 ns
INFO   I-02   release tail: ACK -> RESPONSE on the wire
                29 ns
INFO   I-03   blocker loops (dp8 traversals consumed)
                CD_BLOCK_LOOP = 613816

MEASURED SEPARATELY (the direction's Gate-2 list)
  t_ACK (deadline armed)                 707867219 ns
  d_ACK (the armed deadline word)        723867137 ns
  first deadline termination             723867137 ns
  final deadline termination             723868291 ns
  ACK forward commitment                 723868318 ns
  RESPONSE forward commitment            723868347 ns
  actual ACK hold                        16001099 ns
  drain (first -> final termination)     1154 ns
  drain tail (final term -> ACK out)     27 ns
  ACK -> RESPONSE separation             29 ns
  READ -> pktgen trigger                 705 ns
  READ -> full K reservoir               1068 ns

DERIVED
  hold_ns                        16001099
  D_ns                           16000000.0
  tau_ns                         1176.470588235294
  D_plus_tau_ns                  16001176.470588235
  deadline_error_raw_ns          1099.0
  deadline_error_corrected_ns    -77.47058823529392
  reservoir_standing_ns          715
  read_to_ack_ns                 500011
  ack_to_resp_release_ns         29
  blockers_admitted              44
  blockers_terminated            44
  ack_release_failopen           0

VERDICT: PASS

GATE 2 SUMMARY: 1 trial(s), 1 PASS, 0 FAIL
[18:13:36] -------------------------------------------------------------
[18:13:36] GATE 2 COMPLETE — ONE transaction. txn_rc=0 analyzer_rc=0
[18:13:36] evidence: /home/philip/Projects/DNP3/defense3/evidence/ksweep_hold/20260803T175912Z/gate2_20260803T181327Z
[18:13:36] 
[18:13:36] STOPPING HERE BY DESIGN. Gates 3 (five transactions) and 4 (three
[18:13:36] boundary cases) are separate, human-gated steps and are NOT in this script.
[18:13:36] 
[18:13:36] The EXIT trap now restores the known-good state via the proven runner.
[18:13:36] on_exit: rc=0 — running restoration
[18:13:36] D3_SKIP_RESTORE=1 — NOT restoring. The switch is left as this run found
[18:13:36] it, and restoring it is now YOUR responsibility:
[18:13:36]   bash /home/philip/Projects/DNP3/research/case_a_read_anchored_dual_release/run/run_four_queue_oracle.sh --restore-only
[18:13:36] exit 0
[extra] K=44 D=8 B=18000 rep=2
[18:13:36] acquired /tmp/case_a_defense3_gate2.lock (pid 3275924)
[18:13:36] mode=gate2 dryrun=0 prog=case_a_defense3 skip_restore=1
[18:13:37] pre-run switch state: {"n_bf_switchd":1,"pid":"597143","conf":"/home/decps/d3/d3_final_synth.conf","p4_name":"case_a_defense3"}
[18:13:37] === GATE 2: ONE synthetic transaction, then STOP ===
[18:13:37] D=8 ms  budget=18000  scenario=gate2-2timer  ipg=500000 ns  gen=0xC0
[18:13:37] evidence: /home/philip/Projects/DNP3/defense3/evidence/ksweep_hold/20260803T175912Z/gate2_20260803T181336Z
[18:13:37] --- staging /home/philip/Projects/DNP3/defense3/run/poll_defense3.py + the Gate-1 setup module -> decps@10.10.54.81:/home/decps/d3gate2 ---
[18:13:39] --- preflight cleanup + clean assertion ---
[18:13:44] transaction returned rc=0
[18:13:45] --- scoring ---
==============================================================================
DEFENSE 3 — §13 GATE 2 — gate2_txn.json
==============================================================================
RES    ID     REQUIREMENT
------ ------ ----------------------------------------------------------
PASS   V-01   trial ran to completion (verdict COMPLETE)
                verdict='COMPLETE'
PASS   V-02   trial asserted a CLEAN START and was not refused
                reasons=[]
PASS   V-03   mandatory cleanup ran (from the `finally`)
                cleanup_synth present=True
PASS   C-R1   dp8 speed == BF_SPEED_25G on BOTH the MAC and the TM
                MAC $SPEED='BF_SPEED_25G', TM scheduling_speed='BF_SPEED_25G'
                (both must be BF_SPEED_25G)
PASS   G-01   one READ
                ARM_FRESH=1 ARM_DUP=0 ARM_BUSY=0
PASS   G-02   one K=44 blocker burst
                PKTGEN_ADMIT=44 (want 44) PKTGEN_DROP=0
PASS   G-03   one ACK admitted to Q_HOLD
                ACK_HOLD=1 ACK_DUP_HOLD=0 ACK_REJECT=0
PASS   G-04   one EARLY RESPONSE admitted behind the ACK
                RESP_HOLD_EARLY=1 (the ACK had not yet been released)
                RESP_HOLD_LATE=0 RESP_BYPASS=0
PASS   G-05   no ACK before t_ACK + D
                hold=8001094 ns, D=8000000.0 ns, raw error=1094.0 ns (must be
                >= 0)
PASS   G-06   no RESPONSE before the ACK
                t_resp_release - t_ack_release = 29 ns (must be > 0; a
                negative value is the wire order INVERTED)
PASS   G-07   ACK released FIRST
                CD_ACK_RELEASE=1 + CD_ACK_REL_RETIRE=0 (E1 partitions the
                releases, so the SUM is the count) = 1, ordering gap=29 ns
PASS   G-08   RESPONSE released SECOND
                RELEASE_DEADLINE=1 RELEASE_FAILOPEN=0 (the two causes
                partition the releases, so the sum is the release count)
PASS   G-09   all blockers terminate (admitted == stale + deadline + budget)
                admitted=44 terminated=44 (stale=0 deadline=44 budget=0)
PASS   G-10   transaction returns clean (generation retired by the released RESPONSE, no drops, no off-topology packets)
                reg_tag BEFORE cleanup = 0x00 (want 0x00 = TAG_INACTIVE);
                BAD_PORT=0 (the trigger CLONE is counted as CLONE_SEEN=1, NOT
                as BAD_PORT); queue drops=[('qid7', 0), ('qid1', 0)]
PASS   C-R2   reservoir standing: t_first_blocker - t_READ < 100000 ns
                t_first_block - t_READ = 715 ns (bound 100000). A LATE
                reservoir is a SILENT ZERO-HOLD: the ACK arrives min 0.400 ms
                after the READ, so an unblocked Q_HOLD releases it immediately
                and every counter still reads normal.
PASS   C-R4   ACK_RELEASE_FAILOPEN == 0
                BLOCK_TERM_TMO + RELEASE_FAILOPEN = 0. Non-zero means the
                reservoir drained on the pass budget B, so the trial measured
                H = B*K/rate, NOT D.
PASS   C-R5   corrected deadline error |hold - (D + K/rate)| <= 1000 ns
                hold=8001094 ns; D=8000000.0 ns; K/rate=1176.471 ns; raw
                error=+1094.000 ns; CORRECTED error=-82.471 ns. The raw error
                carries a deterministic +1176.471 ns bias; reporting it as
                jitter is the default failure of this measurement.
INFO   I-01   READ -> ACK interval (should track the hardware ipg)
                t_ack_arm - t_READ = 500010 ns, ipg = 500000 ns
INFO   I-02   release tail: ACK -> RESPONSE on the wire
                29 ns
INFO   I-03   blocker loops (dp8 traversals consumed)
                CD_BLOCK_LOOP = 316185

MEASURED SEPARATELY (the direction's Gate-2 list)
  t_ACK (deadline armed)                 1034218846 ns
  d_ACK (the armed deadline word)        1042218753 ns
  first deadline termination             1042218758 ns
  final deadline termination             1042219914 ns
  ACK forward commitment                 1042219940 ns
  RESPONSE forward commitment            1042219969 ns
  actual ACK hold                        8001094 ns
  drain (first -> final termination)     1156 ns
  drain tail (final term -> ACK out)     26 ns
  ACK -> RESPONSE separation             29 ns
  READ -> pktgen trigger                 705 ns
  READ -> full K reservoir               1068 ns

DERIVED
  hold_ns                        8001094
  D_ns                           8000000.0
  tau_ns                         1176.470588235294
  D_plus_tau_ns                  8001176.470588235
  deadline_error_raw_ns          1094.0
  deadline_error_corrected_ns    -82.47058823529392
  reservoir_standing_ns          715
  read_to_ack_ns                 500010
  ack_to_resp_release_ns         29
  blockers_admitted              44
  blockers_terminated            44
  ack_release_failopen           0

VERDICT: PASS

GATE 2 SUMMARY: 1 trial(s), 1 PASS, 0 FAIL
[18:13:45] -------------------------------------------------------------
[18:13:45] GATE 2 COMPLETE — ONE transaction. txn_rc=0 analyzer_rc=0
[18:13:45] evidence: /home/philip/Projects/DNP3/defense3/evidence/ksweep_hold/20260803T175912Z/gate2_20260803T181336Z
[18:13:45] 
[18:13:45] STOPPING HERE BY DESIGN. Gates 3 (five transactions) and 4 (three
[18:13:45] boundary cases) are separate, human-gated steps and are NOT in this script.
[18:13:45] 
[18:13:45] The EXIT trap now restores the known-good state via the proven runner.
[18:13:45] on_exit: rc=0 — running restoration
[18:13:45] D3_SKIP_RESTORE=1 — NOT restoring. The switch is left as this run found
[18:13:45] it, and restoring it is now YOUR responsibility:
[18:13:45]   bash /home/philip/Projects/DNP3/research/case_a_read_anchored_dual_release/run/run_four_queue_oracle.sh --restore-only
[18:13:45] exit 0
[extra] K=44 D=16 B=19125 rep=2
[18:13:45] acquired /tmp/case_a_defense3_gate2.lock (pid 3276059)
[18:13:45] mode=gate2 dryrun=0 prog=case_a_defense3 skip_restore=1
[18:13:46] pre-run switch state: {"n_bf_switchd":1,"pid":"597143","conf":"/home/decps/d3/d3_final_synth.conf","p4_name":"case_a_defense3"}
[18:13:46] === GATE 2: ONE synthetic transaction, then STOP ===
[18:13:46] D=16 ms  budget=19125  scenario=gate2-2timer  ipg=500000 ns  gen=0xC0
[18:13:46] evidence: /home/philip/Projects/DNP3/defense3/evidence/ksweep_hold/20260803T175912Z/gate2_20260803T181345Z
[18:13:46] --- staging /home/philip/Projects/DNP3/defense3/run/poll_defense3.py + the Gate-1 setup module -> decps@10.10.54.81:/home/decps/d3gate2 ---
[18:13:47] --- preflight cleanup + clean assertion ---
[18:13:53] transaction returned rc=0
[18:13:54] --- scoring ---
==============================================================================
DEFENSE 3 — §13 GATE 2 — gate2_txn.json
==============================================================================
RES    ID     REQUIREMENT
------ ------ ----------------------------------------------------------
PASS   V-01   trial ran to completion (verdict COMPLETE)
                verdict='COMPLETE'
PASS   V-02   trial asserted a CLEAN START and was not refused
                reasons=[]
PASS   V-03   mandatory cleanup ran (from the `finally`)
                cleanup_synth present=True
PASS   C-R1   dp8 speed == BF_SPEED_25G on BOTH the MAC and the TM
                MAC $SPEED='BF_SPEED_25G', TM scheduling_speed='BF_SPEED_25G'
                (both must be BF_SPEED_25G)
PASS   G-01   one READ
                ARM_FRESH=1 ARM_DUP=0 ARM_BUSY=0
PASS   G-02   one K=44 blocker burst
                PKTGEN_ADMIT=44 (want 44) PKTGEN_DROP=0
PASS   G-03   one ACK admitted to Q_HOLD
                ACK_HOLD=1 ACK_DUP_HOLD=0 ACK_REJECT=0
PASS   G-04   one EARLY RESPONSE admitted behind the ACK
                RESP_HOLD_EARLY=1 (the ACK had not yet been released)
                RESP_HOLD_LATE=0 RESP_BYPASS=0
PASS   G-05   no ACK before t_ACK + D
                hold=16001049 ns, D=16000000.0 ns, raw error=1049.0 ns (must
                be >= 0)
PASS   G-06   no RESPONSE before the ACK
                t_resp_release - t_ack_release = 27 ns (must be > 0; a
                negative value is the wire order INVERTED)
PASS   G-07   ACK released FIRST
                CD_ACK_RELEASE=1 + CD_ACK_REL_RETIRE=0 (E1 partitions the
                releases, so the SUM is the count) = 1, ordering gap=27 ns
PASS   G-08   RESPONSE released SECOND
                RELEASE_DEADLINE=1 RELEASE_FAILOPEN=0 (the two causes
                partition the releases, so the sum is the release count)
PASS   G-09   all blockers terminate (admitted == stale + deadline + budget)
                admitted=44 terminated=44 (stale=0 deadline=44 budget=0)
PASS   G-10   transaction returns clean (generation retired by the released RESPONSE, no drops, no off-topology packets)
                reg_tag BEFORE cleanup = 0x00 (want 0x00 = TAG_INACTIVE);
                BAD_PORT=0 (the trigger CLONE is counted as CLONE_SEEN=1, NOT
                as BAD_PORT); queue drops=[('qid7', 0), ('qid1', 0)]
PASS   C-R2   reservoir standing: t_first_blocker - t_READ < 100000 ns
                t_first_block - t_READ = 715 ns (bound 100000). A LATE
                reservoir is a SILENT ZERO-HOLD: the ACK arrives min 0.400 ms
                after the READ, so an unblocked Q_HOLD releases it immediately
                and every counter still reads normal.
PASS   C-R4   ACK_RELEASE_FAILOPEN == 0
                BLOCK_TERM_TMO + RELEASE_FAILOPEN = 0. Non-zero means the
                reservoir drained on the pass budget B, so the trial measured
                H = B*K/rate, NOT D.
PASS   C-R5   corrected deadline error |hold - (D + K/rate)| <= 1000 ns
                hold=16001049 ns; D=16000000.0 ns; K/rate=1176.471 ns; raw
                error=+1049.000 ns; CORRECTED error=-127.471 ns. The raw error
                carries a deterministic +1176.471 ns bias; reporting it as
                jitter is the default failure of this measurement.
INFO   I-01   READ -> ACK interval (should track the hardware ipg)
                t_ack_arm - t_READ = 500009 ns, ipg = 500000 ns
INFO   I-02   release tail: ACK -> RESPONSE on the wire
                27 ns
INFO   I-03   blocker loops (dp8 traversals consumed)
                CD_BLOCK_LOOP = 613814

MEASURED SEPARATELY (the direction's Gate-2 list)
  t_ACK (deadline armed)                 1345498782 ns
  d_ACK (the armed deadline word)        1361498625 ns
  first deadline termination             1361498646 ns
  final deadline termination             1361499803 ns
  ACK forward commitment                 1361499831 ns
  RESPONSE forward commitment            1361499858 ns
  actual ACK hold                        16001049 ns
  drain (first -> final termination)     1157 ns
  drain tail (final term -> ACK out)     28 ns
  ACK -> RESPONSE separation             27 ns
  READ -> pktgen trigger                 705 ns
  READ -> full K reservoir               1068 ns

DERIVED
  hold_ns                        16001049
  D_ns                           16000000.0
  tau_ns                         1176.470588235294
  D_plus_tau_ns                  16001176.470588235
  deadline_error_raw_ns          1049.0
  deadline_error_corrected_ns    -127.47058823529392
  reservoir_standing_ns          715
  read_to_ack_ns                 500009
  ack_to_resp_release_ns         27
  blockers_admitted              44
  blockers_terminated            44
  ack_release_failopen           0

VERDICT: PASS

GATE 2 SUMMARY: 1 trial(s), 1 PASS, 0 FAIL
[18:13:54] -------------------------------------------------------------
[18:13:54] GATE 2 COMPLETE — ONE transaction. txn_rc=0 analyzer_rc=0
[18:13:54] evidence: /home/philip/Projects/DNP3/defense3/evidence/ksweep_hold/20260803T175912Z/gate2_20260803T181345Z
[18:13:54] 
[18:13:54] STOPPING HERE BY DESIGN. Gates 3 (five transactions) and 4 (three
[18:13:54] boundary cases) are separate, human-gated steps and are NOT in this script.
[18:13:54] 
[18:13:54] The EXIT trap now restores the known-good state via the proven runner.
[18:13:54] on_exit: rc=0 — running restoration
[18:13:54] D3_SKIP_RESTORE=1 — NOT restoring. The switch is left as this run found
[18:13:54] it, and restoring it is now YOUR responsibility:
[18:13:54]   bash /home/philip/Projects/DNP3/research/case_a_read_anchored_dual_release/run/run_four_queue_oracle.sh --restore-only
[18:13:54] exit 0
[extra] K=44 D=8 B=18000 rep=3
[18:13:54] acquired /tmp/case_a_defense3_gate2.lock (pid 3276201)
[18:13:54] mode=gate2 dryrun=0 prog=case_a_defense3 skip_restore=1
[18:13:55] pre-run switch state: {"n_bf_switchd":1,"pid":"597143","conf":"/home/decps/d3/d3_final_synth.conf","p4_name":"case_a_defense3"}
[18:13:55] === GATE 2: ONE synthetic transaction, then STOP ===
[18:13:55] D=8 ms  budget=18000  scenario=gate2-2timer  ipg=500000 ns  gen=0xC0
[18:13:55] evidence: /home/philip/Projects/DNP3/defense3/evidence/ksweep_hold/20260803T175912Z/gate2_20260803T181354Z
[18:13:55] --- staging /home/philip/Projects/DNP3/defense3/run/poll_defense3.py + the Gate-1 setup module -> decps@10.10.54.81:/home/decps/d3gate2 ---
[18:13:56] --- preflight cleanup + clean assertion ---
[18:14:01] transaction returned rc=0
[18:14:03] --- scoring ---
==============================================================================
DEFENSE 3 — §13 GATE 2 — gate2_txn.json
==============================================================================
RES    ID     REQUIREMENT
------ ------ ----------------------------------------------------------
PASS   V-01   trial ran to completion (verdict COMPLETE)
                verdict='COMPLETE'
PASS   V-02   trial asserted a CLEAN START and was not refused
                reasons=[]
PASS   V-03   mandatory cleanup ran (from the `finally`)
                cleanup_synth present=True
PASS   C-R1   dp8 speed == BF_SPEED_25G on BOTH the MAC and the TM
                MAC $SPEED='BF_SPEED_25G', TM scheduling_speed='BF_SPEED_25G'
                (both must be BF_SPEED_25G)
PASS   G-01   one READ
                ARM_FRESH=1 ARM_DUP=0 ARM_BUSY=0
PASS   G-02   one K=44 blocker burst
                PKTGEN_ADMIT=44 (want 44) PKTGEN_DROP=0
PASS   G-03   one ACK admitted to Q_HOLD
                ACK_HOLD=1 ACK_DUP_HOLD=0 ACK_REJECT=0
PASS   G-04   one EARLY RESPONSE admitted behind the ACK
                RESP_HOLD_EARLY=1 (the ACK had not yet been released)
                RESP_HOLD_LATE=0 RESP_BYPASS=0
PASS   G-05   no ACK before t_ACK + D
                hold=8001176 ns, D=8000000.0 ns, raw error=1176.0 ns (must be
                >= 0)
PASS   G-06   no RESPONSE before the ACK
                t_resp_release - t_ack_release = 27 ns (must be > 0; a
                negative value is the wire order INVERTED)
PASS   G-07   ACK released FIRST
                CD_ACK_RELEASE=1 + CD_ACK_REL_RETIRE=0 (E1 partitions the
                releases, so the SUM is the count) = 1, ordering gap=27 ns
PASS   G-08   RESPONSE released SECOND
                RELEASE_DEADLINE=1 RELEASE_FAILOPEN=0 (the two causes
                partition the releases, so the sum is the release count)
PASS   G-09   all blockers terminate (admitted == stale + deadline + budget)
                admitted=44 terminated=44 (stale=0 deadline=44 budget=0)
PASS   G-10   transaction returns clean (generation retired by the released RESPONSE, no drops, no off-topology packets)
                reg_tag BEFORE cleanup = 0x00 (want 0x00 = TAG_INACTIVE);
                BAD_PORT=0 (the trigger CLONE is counted as CLONE_SEEN=1, NOT
                as BAD_PORT); queue drops=[('qid7', 0), ('qid1', 0)]
PASS   C-R2   reservoir standing: t_first_blocker - t_READ < 100000 ns
                t_first_block - t_READ = 717 ns (bound 100000). A LATE
                reservoir is a SILENT ZERO-HOLD: the ACK arrives min 0.400 ms
                after the READ, so an unblocked Q_HOLD releases it immediately
                and every counter still reads normal.
PASS   C-R4   ACK_RELEASE_FAILOPEN == 0
                BLOCK_TERM_TMO + RELEASE_FAILOPEN = 0. Non-zero means the
                reservoir drained on the pass budget B, so the trial measured
                H = B*K/rate, NOT D.
PASS   C-R5   corrected deadline error |hold - (D + K/rate)| <= 1000 ns
                hold=8001176 ns; D=8000000.0 ns; K/rate=1176.471 ns; raw
                error=+1176.000 ns; CORRECTED error=-0.471 ns. The raw error
                carries a deterministic +1176.471 ns bias; reporting it as
                jitter is the default failure of this measurement.
INFO   I-01   READ -> ACK interval (should track the hardware ipg)
                t_ack_arm - t_READ = 500010 ns, ipg = 500000 ns
INFO   I-02   release tail: ACK -> RESPONSE on the wire
                27 ns
INFO   I-03   blocker loops (dp8 traversals consumed)
                CD_BLOCK_LOOP = 316188

MEASURED SEPARATELY (the direction's Gate-2 list)
  t_ACK (deadline armed)                 1534432534 ns
  d_ACK (the armed deadline word)        1542432513 ns
  first deadline termination             1542432525 ns
  final deadline termination             1542433682 ns
  ACK forward commitment                 1542433710 ns
  RESPONSE forward commitment            1542433737 ns
  actual ACK hold                        8001176 ns
  drain (first -> final termination)     1157 ns
  drain tail (final term -> ACK out)     28 ns
  ACK -> RESPONSE separation             27 ns
  READ -> pktgen trigger                 706 ns
  READ -> full K reservoir               1069 ns

DERIVED
  hold_ns                        8001176
  D_ns                           8000000.0
  tau_ns                         1176.470588235294
  D_plus_tau_ns                  8001176.470588235
  deadline_error_raw_ns          1176.0
  deadline_error_corrected_ns    -0.470588235293917
  reservoir_standing_ns          717
  read_to_ack_ns                 500010
  ack_to_resp_release_ns         27
  blockers_admitted              44
  blockers_terminated            44
  ack_release_failopen           0

VERDICT: PASS

GATE 2 SUMMARY: 1 trial(s), 1 PASS, 0 FAIL
[18:14:03] -------------------------------------------------------------
[18:14:03] GATE 2 COMPLETE — ONE transaction. txn_rc=0 analyzer_rc=0
[18:14:03] evidence: /home/philip/Projects/DNP3/defense3/evidence/ksweep_hold/20260803T175912Z/gate2_20260803T181354Z
[18:14:03] 
[18:14:03] STOPPING HERE BY DESIGN. Gates 3 (five transactions) and 4 (three
[18:14:03] boundary cases) are separate, human-gated steps and are NOT in this script.
[18:14:03] 
[18:14:03] The EXIT trap now restores the known-good state via the proven runner.
[18:14:03] on_exit: rc=0 — running restoration
[18:14:03] D3_SKIP_RESTORE=1 — NOT restoring. The switch is left as this run found
[18:14:03] it, and restoring it is now YOUR responsibility:
[18:14:03]   bash /home/philip/Projects/DNP3/research/case_a_read_anchored_dual_release/run/run_four_queue_oracle.sh --restore-only
[18:14:03] exit 0
[extra] K=44 D=16 B=19125 rep=3
[18:14:03] acquired /tmp/case_a_defense3_gate2.lock (pid 3276336)
[18:14:03] mode=gate2 dryrun=0 prog=case_a_defense3 skip_restore=1
[18:14:04] pre-run switch state: {"n_bf_switchd":1,"pid":"597143","conf":"/home/decps/d3/d3_final_synth.conf","p4_name":"case_a_defense3"}
[18:14:04] === GATE 2: ONE synthetic transaction, then STOP ===
[18:14:04] D=16 ms  budget=19125  scenario=gate2-2timer  ipg=500000 ns  gen=0xC0
[18:14:04] evidence: /home/philip/Projects/DNP3/defense3/evidence/ksweep_hold/20260803T175912Z/gate2_20260803T181403Z
[18:14:04] --- staging /home/philip/Projects/DNP3/defense3/run/poll_defense3.py + the Gate-1 setup module -> decps@10.10.54.81:/home/decps/d3gate2 ---
[18:14:05] --- preflight cleanup + clean assertion ---
[18:14:10] transaction returned rc=0
[18:14:12] --- scoring ---
==============================================================================
DEFENSE 3 — §13 GATE 2 — gate2_txn.json
==============================================================================
RES    ID     REQUIREMENT
------ ------ ----------------------------------------------------------
PASS   V-01   trial ran to completion (verdict COMPLETE)
                verdict='COMPLETE'
PASS   V-02   trial asserted a CLEAN START and was not refused
                reasons=[]
PASS   V-03   mandatory cleanup ran (from the `finally`)
                cleanup_synth present=True
PASS   C-R1   dp8 speed == BF_SPEED_25G on BOTH the MAC and the TM
                MAC $SPEED='BF_SPEED_25G', TM scheduling_speed='BF_SPEED_25G'
                (both must be BF_SPEED_25G)
PASS   G-01   one READ
                ARM_FRESH=1 ARM_DUP=0 ARM_BUSY=0
PASS   G-02   one K=44 blocker burst
                PKTGEN_ADMIT=44 (want 44) PKTGEN_DROP=0
PASS   G-03   one ACK admitted to Q_HOLD
                ACK_HOLD=1 ACK_DUP_HOLD=0 ACK_REJECT=0
PASS   G-04   one EARLY RESPONSE admitted behind the ACK
                RESP_HOLD_EARLY=1 (the ACK had not yet been released)
                RESP_HOLD_LATE=0 RESP_BYPASS=0
PASS   G-05   no ACK before t_ACK + D
                hold=16001047 ns, D=16000000.0 ns, raw error=1047.0 ns (must
                be >= 0)
PASS   G-06   no RESPONSE before the ACK
                t_resp_release - t_ack_release = 28 ns (must be > 0; a
                negative value is the wire order INVERTED)
PASS   G-07   ACK released FIRST
                CD_ACK_RELEASE=1 + CD_ACK_REL_RETIRE=0 (E1 partitions the
                releases, so the SUM is the count) = 1, ordering gap=28 ns
PASS   G-08   RESPONSE released SECOND
                RELEASE_DEADLINE=1 RELEASE_FAILOPEN=0 (the two causes
                partition the releases, so the sum is the release count)
PASS   G-09   all blockers terminate (admitted == stale + deadline + budget)
                admitted=44 terminated=44 (stale=0 deadline=44 budget=0)
PASS   G-10   transaction returns clean (generation retired by the released RESPONSE, no drops, no off-topology packets)
                reg_tag BEFORE cleanup = 0x00 (want 0x00 = TAG_INACTIVE);
                BAD_PORT=0 (the trigger CLONE is counted as CLONE_SEEN=1, NOT
                as BAD_PORT); queue drops=[('qid7', 0), ('qid1', 0)]
PASS   C-R2   reservoir standing: t_first_blocker - t_READ < 100000 ns
                t_first_block - t_READ = 716 ns (bound 100000). A LATE
                reservoir is a SILENT ZERO-HOLD: the ACK arrives min 0.400 ms
                after the READ, so an unblocked Q_HOLD releases it immediately
                and every counter still reads normal.
PASS   C-R4   ACK_RELEASE_FAILOPEN == 0
                BLOCK_TERM_TMO + RELEASE_FAILOPEN = 0. Non-zero means the
                reservoir drained on the pass budget B, so the trial measured
                H = B*K/rate, NOT D.
PASS   C-R5   corrected deadline error |hold - (D + K/rate)| <= 1000 ns
                hold=16001047 ns; D=16000000.0 ns; K/rate=1176.471 ns; raw
                error=+1047.000 ns; CORRECTED error=-129.471 ns. The raw error
                carries a deterministic +1176.471 ns bias; reporting it as
                jitter is the default failure of this measurement.
INFO   I-01   READ -> ACK interval (should track the hardware ipg)
                t_ack_arm - t_READ = 500011 ns, ipg = 500000 ns
INFO   I-02   release tail: ACK -> RESPONSE on the wire
                28 ns
INFO   I-03   blocker loops (dp8 traversals consumed)
                CD_BLOCK_LOOP = 613814

MEASURED SEPARATELY (the direction's Gate-2 list)
  t_ACK (deadline armed)                 1786681505 ns
  d_ACK (the armed deadline word)        1802681345 ns
  first deadline termination             1802681367 ns
  final deadline termination             1802682524 ns
  ACK forward commitment                 1802682552 ns
  RESPONSE forward commitment            1802682580 ns
  actual ACK hold                        16001047 ns
  drain (first -> final termination)     1157 ns
  drain tail (final term -> ACK out)     28 ns
  ACK -> RESPONSE separation             28 ns
  READ -> pktgen trigger                 705 ns
  READ -> full K reservoir               1069 ns

DERIVED
  hold_ns                        16001047
  D_ns                           16000000.0
  tau_ns                         1176.470588235294
  D_plus_tau_ns                  16001176.470588235
  deadline_error_raw_ns          1047.0
  deadline_error_corrected_ns    -129.47058823529392
  reservoir_standing_ns          716
  read_to_ack_ns                 500011
  ack_to_resp_release_ns         28
  blockers_admitted              44
  blockers_terminated            44
  ack_release_failopen           0

VERDICT: PASS

GATE 2 SUMMARY: 1 trial(s), 1 PASS, 0 FAIL
[18:14:12] -------------------------------------------------------------
[18:14:12] GATE 2 COMPLETE — ONE transaction. txn_rc=0 analyzer_rc=0
[18:14:12] evidence: /home/philip/Projects/DNP3/defense3/evidence/ksweep_hold/20260803T175912Z/gate2_20260803T181403Z
[18:14:12] 
[18:14:12] STOPPING HERE BY DESIGN. Gates 3 (five transactions) and 4 (three
[18:14:12] boundary cases) are separate, human-gated steps and are NOT in this script.
[18:14:12] 
[18:14:12] The EXIT trap now restores the known-good state via the proven runner.
[18:14:12] on_exit: rc=0 — running restoration
[18:14:12] D3_SKIP_RESTORE=1 — NOT restoring. The switch is left as this run found
[18:14:12] it, and restoring it is now YOUR responsibility:
[18:14:12]   bash /home/philip/Projects/DNP3/research/case_a_read_anchored_dual_release/run/run_four_queue_oracle.sh --restore-only
[18:14:12] exit 0
