Stage advance for pipe pipe INITIAL not ignoring container conflicts
Stage 0
  exact ixbar groups                  ternary ixbar groups
  B0D0H0E0C0A0G0G1..F1............  I0J1I2I3J0 I1 J2J3K0K1K2
  ................................  K3........ .. ..........
  ................................  .......... .. ..........
  ................................  .......... .. ..........
  ................................  .......... .. ..........
  ................................  .......... .. ..........
  ................................
  ................................
     A B15 (tbl_defense4_rrc_kernel2447$gw)
     B B3 (tbl_build_exp_ack_0)
     C B7 (tbl_defense4_rrc_kernel2461$gw, tbl_defense4_rrc_kernel2467$gw, tbl_defense4_rrc_kernel2478$gw)
     D B8 (tbl_build_exp_ack_0$gw)
     E B9 (cond-78$gw)
     F H23 (tbl_defense4_rrc_kernel3171$gw, tbl_defense4_rrc_kernel3182$gw)
     G H24 (cond-141$gw, cond-143$gw, tbl_defense4_rrc_kernel3191$gw)
     H H9 (tbl_session_0$gw)
     I W11 (tbl_session_0)
     J W14 (tbl_session_0)
     K W15 (tbl_session_0)
  hash select bits  Groups  hd  /- hash dist bits --- (Groups: -1 -1)
  A... ............  A0001  ... ................................................
  .... ............  .0000  ... ................................................
  .... ............  .0000  ... ................................................
  .... ............  .0000  ... ................................................
  .... ............  .0000  ... ................................................
  .... ............  .0000  ... ................................................
  .... ............  .0000  ... ................................................
  .... ............  .0000  ... ................................................
  .... ............         ... ................................................
  .... ............         ... ................................................
  .... ............         ... ................................................
  .... ............         ... ................................................
  .... ............         ... ................................................
  .... ............         ... ................................................
  .... ............         ... ................................................
  .... ............         ... ................................................
     A tbl_build_exp_ack_0
  
  tc  sb  rb  tib ab  st  srams       mapram  ov  gw pay 2p
  c.  ..  ..  eT  ..  ..  e.........  ......  ..  VB  ..  .
  c.  ..  ..  ZX  ..  ..  ..........  ......  ..  QA  ..  .
  c.  ..  ..  WR  ..  ..  ..........  ......  ..  HN  ..  .
  ..  ..  ..  IO  ..  ..  ..........  ......  ..  LJ  ..  .
  ..  ..  ..  MK  ..  ..  ....FF....  FF....  ..  Cd  ..  .
  ..  ..  ..  bG  ..  ..  ..........  ......  ..  E.  ..  .
  ..  ..  ..  ..  ..  ..  ....SSa...  SS....  ..  ..  ..  .
  ..  D.  ..  ..  ..  ..  DP..U.....  ......  ..  Y.  ..  .
  ..                                                      
  ..                                                      
  ..                                                      
  ..                                                      
     A cond-141$gw
     B cond-143$gw
     C cond-78$gw
     D tbl_build_exp_ack_0
     E tbl_build_exp_ack_0$gw
     F tbl_defense4_rrc_kernel2392$stats.Ingress.ctr_fresh
     G tbl_defense4_rrc_kernel2392$tind
     H tbl_defense4_rrc_kernel2447$gw
     I tbl_defense4_rrc_kernel2447$tind
     J tbl_defense4_rrc_kernel2461$gw
     K tbl_defense4_rrc_kernel2461$tind
     L tbl_defense4_rrc_kernel2467$gw
     M tbl_defense4_rrc_kernel2467$tind
     N tbl_defense4_rrc_kernel2478$gw
     O tbl_defense4_rrc_kernel2478$tind
     P tbl_defense4_rrc_kernel3171$action_data
     Q tbl_defense4_rrc_kernel3171$gw
     R tbl_defense4_rrc_kernel3171$tind
     S tbl_defense4_rrc_kernel3177$stats.Egress.ctr_rrc
     T tbl_defense4_rrc_kernel3177$tind
     U tbl_defense4_rrc_kernel3182$action_data
     V tbl_defense4_rrc_kernel3182$gw
     W tbl_defense4_rrc_kernel3182$tind
     X tbl_defense4_rrc_kernel3188$tind
     Y tbl_defense4_rrc_kernel3191$gw
     Z tbl_defense4_rrc_kernel3191$tind
     a tbl_params_0$action_data
     b tbl_params_0$tind
     c tbl_session_0
     d tbl_session_0$gw
     e tbl_session_0$tind
  
can't place tbl_defense4_rrc_kernel2449 in stage 0 : dependency on table tbl_session_0
can't place tbl_defense4_rrc_kernel3196 in stage 0 : dependency on table tbl_defense4_rrc_kernel3182
can't place egress_reset_invalidated_checksum_fields_0 in stage 0 : dependency on table tbl_defense4_rrc_kernel3171
can't place egress_reset_invalidated_checksum_fields_1 in stage 0 : dependency on table tbl_defense4_rrc_kernel3171
can't place egress_reset_invalidated_checksum_fields_2 in stage 0 : dependency on table tbl_defense4_rrc_kernel3182
can't place egress_reset_invalidated_checksum_fields_3 in stage 0 : dependency on table tbl_defense4_rrc_kernel3182
Stage 1
  exact ixbar groups                  ternary ixbar groups
  C0A0E0..H0H1....I0I1............  .......... .. ..........
  D0F1B0D1........G0G1G2G3J0J1J2J3  .......... .. ..........
  ................................  .......... .. ..........
  ................................  .......... .. ..........
  ................................  .......... .. ..........
  ................................  .......... .. ..........
  ................................
  ................................
     A B11 (tbl_defense4_rrc_kernel2449$gw, tbl_defense4_rrc_kernel2452$gw, tbl_defense4_rrc_kernel2455$gw, tbl_defense4_rrc_kernel2512$gw)
     B B16 (egress_reset_invalidated_checksum_fields_2$gw)
     C B7 (tbl_defense4_rrc_kernel2449$gw, tbl_defense4_rrc_kernel2452$gw, tbl_defense4_rrc_kernel2455$gw)
     D H23 (egress_reset_invalidated_checksum_fields_0$gw, egress_reset_invalidated_checksum_fields_1$gw, egress_reset_invalidated_checksum_fields_2$gw, egress_reset_invalidated_checksum_fields_3$gw, egresshdr.ipv4.hdr_checksum_encode_update_condition_2, tbl_defense4_rrc_kernel3196$gw)
     E H6 (tbl_defense4_rrc_kernel2452$gw, tbl_defense4_rrc_kernel2455$gw)
     F H7 (tbl_defense4_rrc_kernel2405$gw)
     G W0 (tbl_defense4_rrc_kernel2402$gw, tbl_defense4_rrc_kernel2513$salu)
     H W12 (tbl_defense4_rrc_kernel2514$salu)
     I W13 (tbl_defense4_rrc_kernel2514$salu)
     J W36 (tbl_defense4_rrc_kernel2513$salu)
  hash select bits  Groups  hd  /- hash dist bits --- (Groups: -1 -1)
  BBBB ............  B0003  ... ................................................
  BBBB ............  A0004  ... ................................................
  A... ............  .0000  ... ................................................
  .... ............  .0000  ... ................................................
  .... ............  .0000  ... ................................................
  .... ............  .0000  ... ................................................
  .... ............  .0000  ... ................................................
  .... ............  .0000  ... ................................................
  .... ............         ... ................................................
  .... ............         ... ................................................
  .... ............         ... ................................................
  .... ............         ... ................................................
  .... ............         ... ................................................
  .... ............         ... ................................................
  .... ............         ... ................................................
  .... ............         ... ................................................
     A egresshdr.ipv4.hdr_checksum_encode_update_condition_2
     B tbl_defense4_rrc_kernel2514$salu
  
  tc  sb  rb  tib ab  st  srams       mapram  ov  gw pay 2p
  ..  ..  ..  cB  ..  ..  ..........  ......  ..  AC  ..  .
  ..  ..  ..  DF  ..  ..  ..........  ......  ..  EG  ..  .
  ..  ..  ..  HO  ..  ..  ..........  ......  ..  NL  ..  .
  ..  ..  ..  JM  ..  ..  ..........  ......  ..  VT  ..  .
  ..  ..  ..  YW  ..  ..  ..........  ......  ..  RP  ..  .
  ..  ..  ..  Ka  ..  ..  ....ZZ....  ZZ....  ..  ..  ..  .
  ..  ..  ..  US  ..  ..  ..........  ......  ..  ..  ..  .
  ..  I.  ..  Q.  ..  ..  I...XX....  XX....  ..  b.  ..  .
  ..                                                      
  ..                                                      
  ..                                                      
  ..                                                      
     A egress_reset_invalidated_checksum_fields_0$gw
     B egress_reset_invalidated_checksum_fields_0$tind
     C egress_reset_invalidated_checksum_fields_1$gw
     D egress_reset_invalidated_checksum_fields_1$tind
     E egress_reset_invalidated_checksum_fields_2$gw
     F egress_reset_invalidated_checksum_fields_2$tind
     G egress_reset_invalidated_checksum_fields_3$gw
     H egress_reset_invalidated_checksum_fields_3$tind
     I egresshdr.ipv4.hdr_checksum_encode_update_condition_2
     J tbl_build_do_shape_0$tind
     K tbl_defense4_rrc_kernel2396$tind
     L tbl_defense4_rrc_kernel2402$gw
     M tbl_defense4_rrc_kernel2402$tind
     N tbl_defense4_rrc_kernel2405$gw
     O tbl_defense4_rrc_kernel2405$tind
     P tbl_defense4_rrc_kernel2449$gw
     Q tbl_defense4_rrc_kernel2449$tind
     R tbl_defense4_rrc_kernel2452$gw
     S tbl_defense4_rrc_kernel2452$tind
     T tbl_defense4_rrc_kernel2455$gw
     U tbl_defense4_rrc_kernel2455$tind
     V tbl_defense4_rrc_kernel2512$gw
     W tbl_defense4_rrc_kernel2512$tind
     X tbl_defense4_rrc_kernel2513$salu.Ingress.reg_exp_relay_seq
     Y tbl_defense4_rrc_kernel2513$tind
     Z tbl_defense4_rrc_kernel2514$salu.Ingress.reg_session_port
     a tbl_defense4_rrc_kernel2514$tind
     b tbl_defense4_rrc_kernel3196$gw
     c tbl_defense4_rrc_kernel3196$tind
  
can't place egresshdr.tcp.checksum_encode_update_condition_3 in stage 1 : container conflict with table egresshdr.ipv4.hdr_checksum_encode_update_condition_2
can't place tbl_build_now_0 in stage 1 : dependency on table tbl_defense4_rrc_kernel2396
can't place cond-86 in stage 1 : dependency on table tbl_defense4_rrc_kernel2455
can't place tbl_defense4_rrc_kernel2518 in stage 1 : dependency on table tbl_defense4_rrc_kernel2455
can't place tbl_defense4_rrc_kernel2516 in stage 1 : dependency on table tbl_defense4_rrc_kernel2455
can't place tbl_defense4_rrc_kernel2995 in stage 1 : dependency on table tbl_defense4_rrc_kernel2396
Stage 2
  exact ixbar groups                  ternary ixbar groups
  A0B1B0..........D0D1D2D3C0C1C2C3  .......... .. ..........
  ................................  .......... .. ..........
  ................................  .......... .. ..........
  ................................  .......... .. ..........
  ................................  .......... .. ..........
  ................................  .......... .. ..........
  ................................
  ................................
     A B12 (cond-86$gw, tbl_defense4_rrc_kernel2516$gw)
     B H23 (egresshdr.tcp.checksum_encode_update_condition_3)
     C W2 (tbl_defense4_rrc_kernel2518$salu)
     D W32 (tbl_defense4_rrc_kernel2518$salu)
  hash select bits  Groups  hd  /- hash dist bits --- (Groups: -1 -1)
  A... ............  A0001  ... ................................................
  .... ............  .0000  ... ................................................
  .... ............  .0000  ... ................................................
  .... ............  .0000  ... ................................................
  .... ............  .0000  ... ................................................
  .... ............  .0000  ... ................................................
  .... ............  .0000  ... ................................................
  .... ............  .0000  ... ................................................
  .... ............         ... ................................................
  .... ............         ... ................................................
  .... ............         ... ................................................
  .... ............         ... ................................................
  .... ............         ... ................................................
  .... ............         ... ................................................
  .... ............         ... ................................................
  .... ............         ... ................................................
     A egresshdr.tcp.checksum_encode_update_condition_3
  
  tc  sb  rb  tib ab  st  srams       mapram  ov  gw pay 2p
  ..  ..  ..  GE  ..  ..  ..........  ......  ..  D.  ..  .
  ..  ..  ..  C.  ..  ..  ..........  ......  ..  ..  ..  .
  ..  ..  ..  ..  ..  ..  ..........  ......  ..  ..  ..  .
  ..  ..  ..  ..  ..  ..  ..........  ......  ..  ..  ..  .
  ..  ..  ..  ..  ..  ..  ..........  ......  ..  ..  ..  .
  ..  ..  ..  ..  ..  ..  ..........  ......  ..  ..  ..  .
  ..  ..  ..  ..  ..  ..  ..........  ......  ..  ..  ..  .
  ..  B.  ..  ..  ..  ..  B...FF....  FF....  ..  A.  ..  .
  ..                                                      
  ..                                                      
  ..                                                      
  ..                                                      
     A cond-86$gw
     B egresshdr.tcp.checksum_encode_update_condition_3
     C tbl_build_now_0$tind
     D tbl_defense4_rrc_kernel2516$gw
     E tbl_defense4_rrc_kernel2516$tind
     F tbl_defense4_rrc_kernel2518$salu.Ingress.reg_exp_ack
     G tbl_defense4_rrc_kernel2518$tind
  
can't place tbl_defense4_rrc_kernel2493 in stage 2 : container conflict with table tbl_defense4_rrc_kernel2518
can't place tbl_defense4_rrc_kernel2491 in stage 2 : container conflict with table tbl_defense4_rrc_kernel2518
can't place tbl_defense4_rrc_kernel2496 in stage 2 : shared table tbl_defense4_rrc_kernel2493 container conflict with table tbl_defense4_rrc_kernel2518
Stage 3
  exact ixbar groups                  ternary ixbar groups
  C0A0B0E0F0......D0..............  .......... .. ..........
  ................G0G1G2G3........  .......... .. ..........
  ................................  .......... .. ..........
  ................................  .......... .. ..........
  ................................  .......... .. ..........
  ................................  .......... .. ..........
  ................................
  ................................
     A B10 (tbl_defense4_rrc_kernel2496$gw)
     B B12 (tbl_defense4_rrc_kernel2496$gw)
     C B32 (tbl_defense4_rrc_kernel2491$gw)
     D B4 (tbl_defense4_rrc_kernel2496$salu)
     E B7 (tbl_defense4_rrc_kernel2995$gw)
     F B9 (tbl_defense4_rrc_kernel2995$gw)
     G W4 (tbl_defense4_rrc_kernel2995$salu)
  hash select bits  Groups  hd  /- hash dist bits --- (Groups: -1 -1)
  .... ............  .0000  ... ................................................
  .... ............  .0000  ... ................................................
  .... ............  .0000  ... ................................................
  .... ............  .0000  ... ................................................
  .... ............  .0000  ... ................................................
  .... ............  .0000  ... ................................................
  .... ............  .0000  ... ................................................
  .... ............  .0000  ... ................................................
  .... ............         ... ................................................
  .... ............         ... ................................................
  .... ............         ... ................................................
  .... ............         ... ................................................
  .... ............         ... ................................................
  .... ............         ... ................................................
  .... ............         ... ................................................
  .... ............         ... ................................................
  
  tc  sb  rb  tib ab  st  srams       mapram  ov  gw pay 2p
  ..  ..  ..  BA  ..  ..  ..........  ......  ..  FC  ..  .
  ..  ..  ..  HE  ..  ..  ..........  ......  ..  I.  ..  .
  ..  ..  ..  DK  ..  ..  ..........  ......  ..  ..  ..  .
  ..  ..  ..  ..  ..  ..  ..........  ......  ..  ..  ..  .
  ..  ..  ..  ..  ..  ..  ..........  ......  ..  ..  ..  .
  ..  ..  ..  ..  ..  ..  ....JJ....  JJ....  ..  ..  ..  .
  ..  ..  ..  ..  ..  ..  ..........  ......  ..  ..  ..  .
  ..  ..  ..  ..  ..  ..  ....GG....  GG....  ..  ..  ..  .
  ..                                                      
  ..                                                      
  ..                                                      
  ..                                                      
     A tbl_build_cand_0$tind
     B tbl_build_cand_resp_0$tind
     C tbl_defense4_rrc_kernel2491$gw
     D tbl_defense4_rrc_kernel2491$tind
     E tbl_defense4_rrc_kernel2493$tind
     F tbl_defense4_rrc_kernel2496$gw
     G tbl_defense4_rrc_kernel2496$salu.Ingress.reg_failopen
     H tbl_defense4_rrc_kernel2496$tind
     I tbl_defense4_rrc_kernel2995$gw
     J tbl_defense4_rrc_kernel2995$salu.Ingress.reg_ts_ack_release
     K tbl_defense4_rrc_kernel2995$tind
  
can't place tbl_resp_authorise_0 in stage 3 : container conflict with table tbl_build_cand_resp_0
Stage 4
  exact ixbar groups                  ternary ixbar groups
  ................................  .......... .. F2G3B0D1G2
  ................................  E1C0B1A0C1 .. ..........
  ................................  .......... F3 ..........
  ................................  .......... .. ..........
  ................................  .......... .. ..........
  ................................  .......... .. ..........
  ................................
  ................................
     A B12 (tbl_resp_authorise_0)
     B H10 (tbl_resp_authorise_0)
     C H15 (tbl_resp_authorise_0)
     D H6 (tbl_resp_authorise_0)
     E H8 (tbl_resp_authorise_0)
     F W12 (tbl_resp_authorise_0)
     G W13 (tbl_resp_authorise_0)
  hash select bits  Groups  hd  /- hash dist bits --- (Groups: -1 -1)
  .... ............  .0000  ... ................................................
  .... ............  .0000  ... ................................................
  .... ............  .0000  ... ................................................
  .... ............  .0000  ... ................................................
  .... ............  .0000  ... ................................................
  .... ............  .0000  ... ................................................
  .... ............  .0000  ... ................................................
  .... ............  .0000  ... ................................................
  .... ............         ... ................................................
  .... ............         ... ................................................
  .... ............         ... ................................................
  .... ............         ... ................................................
  .... ............         ... ................................................
  .... ............         ... ................................................
  .... ............         ... ................................................
  .... ............         ... ................................................
  
  tc  sb  rb  tib ab  st  srams       mapram  ov  gw pay 2p
  A.  ..  ..  B.  ..  ..  B.........  ......  ..  ..  ..  .
  A.  ..  ..  ..  ..  ..  ..........  ......  ..  ..  ..  .
  A.  ..  ..  ..  ..  ..  ..........  ......  ..  ..  ..  .
  ..  ..  ..  ..  ..  ..  ..........  ......  ..  ..  ..  .
  ..  ..  ..  ..  ..  ..  ..........  ......  ..  ..  ..  .
  ..  ..  ..  ..  ..  ..  ..........  ......  ..  ..  ..  .
  ..  ..  ..  ..  ..  ..  ..........  ......  ..  ..  ..  .
  ..  ..  ..  ..  ..  ..  ..........  ......  ..  ..  ..  .
  ..                                                      
  ..                                                      
  ..                                                      
  ..                                                      
     A tbl_resp_authorise_0
     B tbl_resp_authorise_0$tind
  
can't place tbl_defense4_rrc_kernel2535 in stage 4 : dependency on table tbl_resp_authorise_0
Stage 5
  exact ixbar groups                  ternary ixbar groups
  E0D0A0C0B0......................  .......... .. ..........
  ................................  .......... .. ..........
  ................................  .......... .. ..........
  ................................  .......... .. ..........
  ................................  .......... .. ..........
  ................................  .......... .. ..........
  ................................
  ................................
     A B12 (tbl_defense4_rrc_kernel2535$gw, tbl_defense4_rrc_kernel2539$gw, tbl_defense4_rrc_kernel2545$gw, tbl_defense4_rrc_kernel2561$gw)
     B B15 (tbl_defense4_rrc_kernel2545$gw)
     C B32 (tbl_defense4_rrc_kernel2535$gw, tbl_defense4_rrc_kernel2556$gw)
     D B4 (tbl_defense4_rrc_kernel2558$salu)
     E H8 (tbl_defense4_rrc_kernel2558$salu)
  hash select bits  Groups  hd  /- hash dist bits --- (Groups: -1 -1)
  AA.. ............  A0001  ... ................................................
  .... ............  .0000  ... ................................................
  .... ............  .0000  ... ................................................
  .... ............  .0000  ... ................................................
  .... ............  .0000  ... ................................................
  .... ............  .0000  ... ................................................
  .... ............  .0000  ... ................................................
  .... ............  .0000  ... ................................................
  .... ............         ... ................................................
  .... ............         ... ................................................
  .... ............         ... ................................................
  .... ............         ... ................................................
  .... ............         ... ................................................
  .... ............         ... ................................................
  .... ............         ... ................................................
  .... ............         ... ................................................
     A tbl_defense4_rrc_kernel2558$salu
  
  tc  sb  rb  tib ab  st  srams       mapram  ov  gw pay 2p
  ..  ..  ..  IL  ..  ..  ..........  ......  ..  GK  ..  .
  ..  ..  ..  FD  ..  ..  ..........  ......  ..  EC  ..  .
  ..  ..  ..  BJ  ..  ..  ..........  ......  ..  A.  ..  .
  ..  ..  ..  ..  ..  ..  ..........  ......  ..  ..  ..  .
  ..  ..  ..  ..  ..  ..  ..........  ......  ..  ..  ..  .
  ..  ..  ..  ..  ..  ..  ..........  ......  ..  ..  ..  .
  ..  ..  ..  ..  ..  ..  ..........  ......  ..  ..  ..  .
  ..  ..  ..  ..  ..  ..  ....HH....  HH....  ..  ..  ..  .
  ..                                                      
  ..                                                      
  ..                                                      
  ..                                                      
     A tbl_defense4_rrc_kernel2535$gw
     B tbl_defense4_rrc_kernel2535$tind
     C tbl_defense4_rrc_kernel2539$gw
     D tbl_defense4_rrc_kernel2539$tind
     E tbl_defense4_rrc_kernel2545$gw
     F tbl_defense4_rrc_kernel2545$tind
     G tbl_defense4_rrc_kernel2556$gw
     H tbl_defense4_rrc_kernel2556$salu.Ingress.reg_tag
     I tbl_defense4_rrc_kernel2556$tind
     J tbl_defense4_rrc_kernel2558$tind
     K tbl_defense4_rrc_kernel2561$gw
     L tbl_defense4_rrc_kernel2561$tind
  
can't place tbl_state_decode_0 in stage 5 : dependency on table tbl_defense4_rrc_kernel2558
can't place tbl_txn_active_0 in stage 5 : dependency on table tbl_defense4_rrc_kernel2558
Stage 6
  exact ixbar groups                  ternary ixbar groups
  ................................  B0..E0.... .. G2H3C0E1H2
  ................................  F1D0C1A0D1 .. ..........
  ................................  .......... G3 ..........
  ................................  .......... .. ..........
  ................................  .......... .. ..........
  ................................  .......... .. ..........
  ................................
  ................................
     A B11 (tbl_state_decode_0)
     B B12 (tbl_state_decode_0)
     C H10 (tbl_state_decode_0)
     D H15 (tbl_state_decode_0)
     E H6 (tbl_state_decode_0, tbl_txn_active_0)
     F H8 (tbl_state_decode_0)
     G W12 (tbl_state_decode_0)
     H W13 (tbl_state_decode_0)
  hash select bits  Groups  hd  /- hash dist bits --- (Groups: -1 -1)
  .... ............  .0000  ... ................................................
  .... ............  .0000  ... ................................................
  .... ............  .0000  ... ................................................
  .... ............  .0000  ... ................................................
  .... ............  .0000  ... ................................................
  .... ............  .0000  ... ................................................
  .... ............  .0000  ... ................................................
  .... ............  .0000  ... ................................................
  .... ............         ... ................................................
  .... ............         ... ................................................
  .... ............         ... ................................................
  .... ............         ... ................................................
  .... ............         ... ................................................
  .... ............         ... ................................................
  .... ............         ... ................................................
  .... ............         ... ................................................
  
  tc  sb  rb  tib ab  st  srams       mapram  ov  gw pay 2p
  A.  ..  ..  B.  ..  ..  B.........  ......  ..  ..  ..  .
  A.  ..  ..  D.  ..  ..  D.........  ......  ..  ..  ..  .
  A.  ..  ..  ..  ..  ..  ..........  ......  ..  ..  ..  .
  C.  ..  ..  ..  ..  ..  ..........  ......  ..  ..  ..  .
  ..  ..  ..  ..  ..  ..  ..........  ......  ..  ..  ..  .
  ..  ..  ..  ..  ..  ..  ..........  ......  ..  ..  ..  .
  ..  ..  ..  ..  ..  ..  ..........  ......  ..  ..  ..  .
  ..  ..  ..  ..  ..  ..  ..........  ......  ..  ..  ..  .
  ..                                                      
  ..                                                      
  ..                                                      
  ..                                                      
     A tbl_state_decode_0
     B tbl_state_decode_0$tind
     C tbl_txn_active_0
     D tbl_txn_active_0$tind
  
can't place tbl_defense4_rrc_kernel2582 in stage 6 : dependency on table tbl_txn_active_0
can't place tbl_defense4_rrc_kernel2580 in stage 6 : dependency on table tbl_txn_active_0
can't place tbl_defense4_rrc_kernel2591 in stage 6 : dependency on table tbl_txn_active_0
can't place tbl_defense4_rrc_kernel2589 in stage 6 : shared table tbl_defense4_rrc_kernel2591 depends on table tbl_txn_active_0
can't place tbl_defense4_rrc_kernel2601 in stage 6 : dependency on table tbl_state_decode_0
Stage 7
  exact ixbar groups                  ternary ixbar groups
  B0A0C0..D0......F0F1F2F3G0G1G2G3  .......... .. ..........
  ................E0E1E2E3G0G1G2G3  .......... .. ..........
  ................................  .......... .. ..........
  ................................  .......... .. ..........
  ................................  .......... .. ..........
  ................................  .......... .. ..........
  ................................
  ................................
     A B12 (tbl_defense4_rrc_kernel2601$gw, tbl_defense4_rrc_kernel2607$gw)
     B H12 (tbl_defense4_rrc_kernel2582$gw, tbl_defense4_rrc_kernel2591$gw)
     C H6 (tbl_defense4_rrc_kernel2607$salu)
     D H8 (tbl_defense4_rrc_kernel2607$salu)
     E W2 (tbl_defense4_rrc_kernel2580$salu)
     F W5 (tbl_defense4_rrc_kernel2589$salu)
     G W8 (tbl_defense4_rrc_kernel2580$salu, tbl_defense4_rrc_kernel2589$salu)
  hash select bits  Groups  hd  /- hash dist bits --- (Groups: -1 -1)
  AA.. ............  A0001  ... ................................................
  .... ............  .0000  ... ................................................
  .... ............  .0000  ... ................................................
  .... ............  .0000  ... ................................................
  .... ............  .0000  ... ................................................
  .... ............  .0000  ... ................................................
  .... ............  .0000  ... ................................................
  .... ............  .0000  ... ................................................
  .... ............         ... ................................................
  .... ............         ... ................................................
  .... ............         ... ................................................
  .... ............         ... ................................................
  .... ............         ... ................................................
  .... ............         ... ................................................
  .... ............         ... ................................................
  .... ............         ... ................................................
     A tbl_defense4_rrc_kernel2607$salu
  
  tc  sb  rb  tib ab  st  srams       mapram  ov  gw pay 2p
  ..  ..  ..  KB  ..  ..  ..........  ......  ..  IC  ..  .
  ..  ..  ..  DF  ..  ..  ..........  ......  ..  GL  ..  .
  ..  ..  ..  HM  ..  ..  ..........  ......  ..  ..  ..  .
  ..  ..  ..  ..  ..  ..  ....EE....  EE....  ..  ..  ..  .
  ..  ..  ..  ..  ..  ..  ..........  ......  ..  ..  ..  .
  ..  ..  ..  ..  ..  ..  ....AA....  AA....  ..  ..  ..  .
  ..  ..  ..  ..  ..  ..  ..........  ......  ..  ..  ..  .
  ..  ..  ..  ..  ..  ..  ....JJ....  JJ....  ..  ..  ..  .
  ..                                                      
  ..                                                      
  ..                                                      
  ..                                                      
     A tbl_defense4_rrc_kernel2580$salu.Ingress.reg_deadline
     B tbl_defense4_rrc_kernel2580$tind
     C tbl_defense4_rrc_kernel2582$gw
     D tbl_defense4_rrc_kernel2582$tind
     E tbl_defense4_rrc_kernel2589$salu.Ingress.reg_tresp
     F tbl_defense4_rrc_kernel2589$tind
     G tbl_defense4_rrc_kernel2591$gw
     H tbl_defense4_rrc_kernel2591$tind
     I tbl_defense4_rrc_kernel2601$gw
     J tbl_defense4_rrc_kernel2601$salu.Ingress.reg_ack_rel
     K tbl_defense4_rrc_kernel2601$tind
     L tbl_defense4_rrc_kernel2607$gw
     M tbl_defense4_rrc_kernel2607$tind
  
can't place tbl_deadline_expiry_0 in stage 7 : dependency on table tbl_defense4_rrc_kernel2582
can't place tbl_tresp_expiry_0 in stage 7 : dependency on table tbl_defense4_rrc_kernel2591
Stage 8
  exact ixbar groups                  ternary ixbar groups
  J0J1J2J3K0K1K2K3F0E0B0D0H0A0C0..  .......... .. ..........
  G0G1I0..........................  .......... .. ..........
  ................................  .......... .. ..........
  ................................  .......... .. ..........
  ................................  .......... .. ..........
  ................................  .......... .. ..........
  ................................
  ................................
     A B10 (tbl_defense4_rrc_kernel2912$gw)
     B B13 (cond-121$gw)
     C B15 (tbl_defense4_rrc_kernel2689$gw)
     D B32 (cond-127$gw)
     E B7 (cond-102$gw, cond-121$gw, cond-125$gw, tbl_defense4_rrc_kernel2622$gw)
     F B9 (cond-100$gw)
     G H11 (tbl_defense4_rrc_kernel2637$gw, tbl_to_block$gw)
     H H12 (tbl_defense4_rrc_kernel2870$gw, tbl_defense4_rrc_kernel2902$gw, tbl_defense4_rrc_kernel2908$gw)
     I H13 (tbl_defense4_rrc_kernel2637$gw, tbl_to_block$gw, tbl_to_resp_block$gw)
     J W36 (tbl_tresp_expiry_0$gw)
     K W6 (tbl_deadline_expiry_0$gw)
  hash select bits  Groups  hd  /- hash dist bits --- (Groups: -1 -1)
  .... ............  .0000  ... ................................................
  .... ............  .0000  ... ................................................
  .... ............  .0000  ... ................................................
  .... ............  .0000  ... ................................................
  .... ............  .0000  ... ................................................
  .... ............  .0000  ... ................................................
  .... ............  .0000  ... ................................................
  .... ............  .0000  ... ................................................
  .... ............         ... ................................................
  .... ............         ... ................................................
  .... ............         ... ................................................
  .... ............         ... ................................................
  .... ............         ... ................................................
  .... ............         ... ................................................
  .... ............         ... ................................................
  .... ............         ... ................................................
  
  tc  sb  rb  tib ab  st  srams       mapram  ov  gw pay 2p
  ..  Fb  ..  ..  ..  ..  ..........  ......  ..  Gc  Gc  .
  ..  ..  ..  YL  ..  ..  ..........  ......  ..  XJ  ..  .
  ..  ..  ..  NI  ..  ..  ..........  ......  ..  MB  ..  .
  ..  ..  ..  QW  ..  ..  ..........  ......  ..  HO  ..  .
  ..  ..  ..  US  ..  ..  ....PP....  PP....  ..  VT  ..  .
  ..  ..  ..  a.  ..  ..  ..........  ......  ..  ER  ..  .
  ..  ..  ..  ..  ..  ..  ....KK....  KK....  ..  DC  ..  .
  ..  ..  ..  ..  ..  ..  ..........  ......  ..  AZ  ..  .
  ..                                                      
  ..                                                      
  ..                                                      
  ..                                                      
     A cond-100$gw
     B cond-102$gw
     C cond-121$gw
     D cond-125$gw
     E cond-127$gw
     F tbl_deadline_expiry_0
     G tbl_deadline_expiry_0$gw
     H tbl_defense4_rrc_kernel2622$gw
     I tbl_defense4_rrc_kernel2622$tind
     J tbl_defense4_rrc_kernel2637$gw
     K tbl_defense4_rrc_kernel2637$stats.Ingress.ctr_fresh
     L tbl_defense4_rrc_kernel2637$tind
     M tbl_defense4_rrc_kernel2689$gw
     N tbl_defense4_rrc_kernel2689$tind
     O tbl_defense4_rrc_kernel2870$gw
     P tbl_defense4_rrc_kernel2870$stats.Ingress.ctr_deq
     Q tbl_defense4_rrc_kernel2870$tind
     R tbl_defense4_rrc_kernel2902$gw
     S tbl_defense4_rrc_kernel2902$tind
     T tbl_defense4_rrc_kernel2908$gw
     U tbl_defense4_rrc_kernel2908$tind
     V tbl_defense4_rrc_kernel2912$gw
     W tbl_defense4_rrc_kernel2912$tind
     X tbl_to_block$gw
     Y tbl_to_block$tind
     Z tbl_to_resp_block$gw
     a tbl_to_resp_block$tind
     b tbl_tresp_expiry_0
     c tbl_tresp_expiry_0$gw
  
can't place tbl_defense4_rrc_kernel2950 in stage 8 : ran out of memories: too many tables total
can't place tbl_defense4_rrc_kernel2921 in stage 8 : dependency on table tbl_deadline_expiry_0
can't place tbl_defense4_rrc_kernel2916 in stage 8 : ran out of memories: too many tables total
can't place tbl_to_block_0 in stage 8 : ran out of memories: too many tables total
can't place tbl_defense4_rrc_kernel2918 in stage 8 : ran out of memories: too many tables total
can't place tbl_defense4_rrc_kernel2879 in stage 8 : dependency on table tbl_tresp_expiry_0
can't place cond-107 in stage 8 : ran out of memories: too many tables total
can't place tbl_defense4_rrc_kernel2641 in stage 8 : ran out of memories: too many tables total
can't place tbl_defense4_rrc_kernel2646 in stage 8 : dependency on table tbl_tresp_expiry_0
can't place tbl_defense4_rrc_kernel2650 in stage 8 : ran out of memories: too many tables total
can't place tbl_defense4_rrc_kernel2655 in stage 8 : dependency on table tbl_tresp_expiry_0
can't place tbl_defense4_rrc_kernel2658 in stage 8 : ran out of memories: too many tables total
Stage 9
  exact ixbar groups                  ternary ixbar groups
  D0E1A0D1B0C0F2F3F0F1............  .......... .. ..........
  ................................  .......... .. ..........
  ................................  .......... .. ..........
  ................................  .......... .. ..........
  ................................  .......... .. ..........
  ................................  .......... .. ..........
  ................................
  ................................
     A B10 (tbl_defense4_rrc_kernel2883$gw, tbl_defense4_rrc_kernel2925$gw)
     B B12 (cond-107$gw, cond-113$gw)
     C B32 (tbl_defense4_rrc_kernel2795$gw)
     D H12 (tbl_defense4_rrc_kernel2795$gw, tbl_defense4_rrc_kernel2879$gw, tbl_defense4_rrc_kernel2921$gw, tbl_to_hold$gw)
     E H13 (tbl_defense4_rrc_kernel2879$gw)
     F W7 (tbl_defense4_rrc_kernel2801$gw)
  hash select bits  Groups  hd  /- hash dist bits --- (Groups: -1 -1)
  .... ............  .0000  ... ................................................
  .... ............  .0000  ... ................................................
  .... ............  .0000  ... ................................................
  .... ............  .0000  ... ................................................
  .... ............  .0000  ... ................................................
  .... ............  .0000  ... ................................................
  .... ............  .0000  ... ................................................
  .... ............  .0000  ... ................................................
  .... ............         ... ................................................
  .... ............         ... ................................................
  .... ............         ... ................................................
  .... ............         ... ................................................
  .... ............         ... ................................................
  .... ............         ... ................................................
  .... ............         ... ................................................
  .... ............         ... ................................................
  
  tc  sb  rb  tib ab  st  srams       mapram  ov  gw pay 2p
  ..  ..  ..  YR  ..  ..  ..........  ......  ..  GW  ..  .
  ..  ..  ..  KI  ..  ..  ..........  ......  ..  EB  ..  .
  ..  ..  ..  HX  ..  ..  ..........  ......  ..  AN  ..  .
  ..  ..  ..  FO  ..  ..  ..........  ......  ..  US  ..  .
  ..  ..  ..  VT  ..  ..  ....JJ....  JJ....  ..  L.  ..  .
  ..  ..  ..  MC  ..  ..  ..........  ......  ..  ..  ..  .
  ..  ..  ..  DP  ..  ..  ....QQ....  QQ....  ..  ..  ..  .
  ..  ..  ..  ..  ..  ..  ..........  ......  ..  ..  ..  .
  ..                                                      
  ..                                                      
  ..                                                      
  ..                                                      
     A cond-107$gw
     B cond-113$gw
     C tbl_defense4_rrc_kernel2646$tind
     D tbl_defense4_rrc_kernel2655$tind
     E tbl_defense4_rrc_kernel2795$gw
     F tbl_defense4_rrc_kernel2795$tind
     G tbl_defense4_rrc_kernel2801$gw
     H tbl_defense4_rrc_kernel2801$tind
     I tbl_defense4_rrc_kernel2810$tind
     J tbl_defense4_rrc_kernel2817$stats.Ingress.ctr_fresh
     K tbl_defense4_rrc_kernel2817$tind
     L tbl_defense4_rrc_kernel2879$gw
     M tbl_defense4_rrc_kernel2879$tind
     N tbl_defense4_rrc_kernel2883$gw
     O tbl_defense4_rrc_kernel2883$tind
     P tbl_defense4_rrc_kernel2887$tind
     Q tbl_defense4_rrc_kernel2889$stats.Ingress.ctr_deq
     R tbl_defense4_rrc_kernel2889$tind
     S tbl_defense4_rrc_kernel2921$gw
     T tbl_defense4_rrc_kernel2921$tind
     U tbl_defense4_rrc_kernel2925$gw
     V tbl_defense4_rrc_kernel2925$tind
     W tbl_to_hold$gw
     X tbl_to_hold$tind
     Y tbl_to_resp_block_0$tind
  
can't place tbl_defense4_rrc_kernel2950 in stage 9 : ran out of memories: too many tables total
can't place tbl_defense4_rrc_kernel2916 in stage 9 : ran out of memories: too many tables total
can't place tbl_to_block_0 in stage 9 : ran out of memories: too many tables total
can't place tbl_defense4_rrc_kernel2918 in stage 9 : ran out of memories: too many tables total
can't place tbl_defense4_rrc_kernel2641 in stage 9 : ran out of memories: too many tables total
can't place tbl_defense4_rrc_kernel2650 in stage 9 : ran out of memories: too many tables total
can't place tbl_defense4_rrc_kernel2658 in stage 9 : ran out of memories: too many tables total
can't place tbl_defense4_rrc_kernel2930 in stage 9 : ran out of memories: too many tables total
can't place tbl_to_block_1 in stage 9 : ran out of memories: too many tables total
can't place tbl_defense4_rrc_kernel2932 in stage 9 : ran out of memories: too many tables total
can't place tbl_defense4_rrc_kernel2726 in stage 9 : ran out of memories: too many tables total
can't place tbl_defense4_rrc_kernel2825 in stage 9 : ran out of memories: too many tables total
Stage 10
  exact ixbar groups                  ternary ixbar groups
  A0C0D0B0........................  .......... .. ..........
  ................................  .......... .. ..........
  ................................  .......... .. ..........
  ................................  .......... .. ..........
  ................................  .......... .. ..........
  ................................  .......... .. ..........
  ................................
  ................................
     A B12 (tbl_defense4_rrc_kernel2825$gw)
     B B32 (tbl_defense4_rrc_kernel2831$gw)
     C B7 (tbl_defense4_rrc_kernel2848$gw)
     D H12 (tbl_defense4_rrc_kernel2831$gw, tbl_defense4_rrc_kernel2833$gw)
  hash select bits  Groups  hd  /- hash dist bits --- (Groups: -1 -1)
  .... ............  .0000  ... ................................................
  .... ............  .0000  ... ................................................
  .... ............  .0000  ... ................................................
  .... ............  .0000  ... ................................................
  .... ............  .0000  ... ................................................
  .... ............  .0000  ... ................................................
  .... ............  .0000  ... ................................................
  .... ............  .0000  ... ................................................
  .... ............         ... ................................................
  .... ............         ... ................................................
  .... ............         ... ................................................
  .... ............         ... ................................................
  .... ............         ... ................................................
  .... ............         ... ................................................
  .... ............         ... ................................................
  .... ............         ... ................................................
  
  tc  sb  rb  tib ab  st  srams       mapram  ov  gw pay 2p
  ..  ..  ..  KA  ..  ..  ..........  ......  ..  IG  ..  .
  ..  ..  ..  HO  ..  ..  ..........  ......  ..  ME  ..  .
  ..  ..  ..  NF  ..  ..  ..........  ......  ..  ..  ..  .
  ..  ..  ..  PU  ..  ..  ..........  ......  ..  ..  ..  .
  ..  ..  ..  RB  ..  ..  ....QQ....  QQ....  ..  ..  ..  .
  ..  ..  ..  CD  ..  ..  ..........  ......  ..  ..  ..  .
  ..  ..  ..  SV  ..  ..  ....JJ....  JJ....  ..  ..  ..  .
  ..  ..  ..  TL  ..  ..  ..........  ......  ..  ..  ..  .
  ..                                                      
  ..                                                      
  ..                                                      
  ..                                                      
     A tbl_arm_clone$tind
     B tbl_defense4_rrc_kernel2641$tind
     C tbl_defense4_rrc_kernel2650$tind
     D tbl_defense4_rrc_kernel2658$tind
     E tbl_defense4_rrc_kernel2825$gw
     F tbl_defense4_rrc_kernel2825$tind
     G tbl_defense4_rrc_kernel2831$gw
     H tbl_defense4_rrc_kernel2831$tind
     I tbl_defense4_rrc_kernel2833$gw
     J tbl_defense4_rrc_kernel2833$stats.Ingress.ctr_fresh
     K tbl_defense4_rrc_kernel2833$tind
     L tbl_defense4_rrc_kernel2841$tind
     M tbl_defense4_rrc_kernel2848$gw
     N tbl_defense4_rrc_kernel2848$tind
     O tbl_defense4_rrc_kernel2852$tind
     P tbl_defense4_rrc_kernel2916$tind
     Q tbl_defense4_rrc_kernel2918$stats.Ingress.ctr_deq
     R tbl_defense4_rrc_kernel2918$tind
     S tbl_defense4_rrc_kernel2930$tind
     T tbl_defense4_rrc_kernel2932$tind
     U tbl_to_block_0$tind
     V tbl_to_block_1$tind
  
can't place tbl_defense4_rrc_kernel2950 in stage 10 : ran out of memories: too many tables total
can't place tbl_defense4_rrc_kernel2726 in stage 10 : ran out of memories: too many tables total
Stage 11
  exact ixbar groups                  ternary ixbar groups
  D0B0E0F1F0A0C0E1................  .......... .. ..........
  ................................  .......... .. ..........
  ................................  .......... .. ..........
  ................................  .......... .. ..........
  ................................  .......... .. ..........
  ................................  .......... .. ..........
  ................................
  ................................
     A B11 (tbl_defense4_rrc_kernel2741$gw)
     B B32 (tbl_defense4_rrc_kernel2726$gw, tbl_defense4_rrc_kernel2960$gw)
     C B7 (tbl_defense4_rrc_kernel2950$gw, tbl_defense4_rrc_kernel2984$gw)
     D H12 (tbl_defense4_rrc_kernel2726$gw, tbl_defense4_rrc_kernel2776$gw, tbl_to_resp_hold$gw)
     E H13 (tbl_defense4_rrc_kernel2726$gw, tbl_defense4_rrc_kernel2776$gw, tbl_defense4_rrc_kernel2960$gw, tbl_defense4_rrc_kernel2980$gw, tbl_to_resp_hold$gw)
     F H14 (tbl_defense4_rrc_kernel2786$gw, tbl_defense4_rrc_kernel2977$gw)
  hash select bits  Groups  hd  /- hash dist bits --- (Groups: -1 -1)
  .... ............  .0000  ... ................................................
  .... ............  .0000  ... ................................................
  .... ............  .0000  ... ................................................
  .... ............  .0000  ... ................................................
  .... ............  .0000  ... ................................................
  .... ............  .0000  ... ................................................
  .... ............  .0000  ... ................................................
  .... ............  .0000  ... ................................................
  .... ............         ... ................................................
  .... ............         ... ................................................
  .... ............         ... ................................................
  .... ............         ... ................................................
  .... ............         ... ................................................
  .... ............         ... ................................................
  .... ............         ... ................................................
  .... ............         ... ................................................
  
  tc  sb  rb  tib ab  st  srams       mapram  ov  gw pay 2p
  ..  ..  ..  QU  ..  ..  ..........  ......  ..  OS  ..  .
  ..  ..  ..  TX  ..  ..  ..........  ......  ..  VY  ..  .
  ..  ..  ..  WZ  ..  ..  ..........  ......  ..  MC  ..  .
  ..  ..  ..  NF  ..  ..  ..........  ......  ..  IG  ..  .
  ..  ..  ..  DK  ..  ..  ....EE....  EE....  ..  aA  ..  .
  ..  ..  ..  JL  ..  ..  ..........  ......  ..  ..  ..  .
  ..  ..  ..  Hb  ..  ..  ....PP....  PP....  ..  ..  ..  .
  ..  ..  ..  BR  ..  ..  ..........  ......  ..  ..  ..  .
  ..                                                      
  ..                                                      
  ..                                                      
  ..                                                      
     A tbl_defense4_rrc_kernel2726$gw
     B tbl_defense4_rrc_kernel2726$tind
     C tbl_defense4_rrc_kernel2741$gw
     D tbl_defense4_rrc_kernel2741$tind
     E tbl_defense4_rrc_kernel2742$stats.Ingress.ctr_fresh
     F tbl_defense4_rrc_kernel2742$tind
     G tbl_defense4_rrc_kernel2776$gw
     H tbl_defense4_rrc_kernel2776$tind
     I tbl_defense4_rrc_kernel2786$gw
     J tbl_defense4_rrc_kernel2786$tind
     K tbl_defense4_rrc_kernel2786_0$tind
     L tbl_defense4_rrc_kernel2787$tind
     M tbl_defense4_rrc_kernel2950$gw
     N tbl_defense4_rrc_kernel2950$tind
     O tbl_defense4_rrc_kernel2960$gw
     P tbl_defense4_rrc_kernel2960$stats.Ingress.ctr_deq
     Q tbl_defense4_rrc_kernel2960$tind
     R tbl_defense4_rrc_kernel2962$tind
     S tbl_defense4_rrc_kernel2977$gw
     T tbl_defense4_rrc_kernel2977$tind
     U tbl_defense4_rrc_kernel2977_0$tind
     V tbl_defense4_rrc_kernel2980$gw
     W tbl_defense4_rrc_kernel2980$tind
     X tbl_defense4_rrc_kernel2981$tind
     Y tbl_defense4_rrc_kernel2984$gw
     Z tbl_defense4_rrc_kernel2984$tind
     a tbl_to_resp_hold$gw
     b tbl_to_resp_hold$tind
  
can't place tbl_defense4_rrc_kernel2992 in stage 11 : ran out of memories: too many tables total
can't place tbl_defense4_rrc_kernel2993 in stage 11 : ran out of memories: too many tables total
can't place tbl_defense4_rrc_kernel2994 in stage 11 : ran out of memories: too many tables total
Stage 12
  exact ixbar groups                  ternary ixbar groups
  A0......C0......D0D1D2D3B0......  .......... .. ..........
  ................D0D1D2D3........  .......... .. ..........
  ................D0D1D2D3........  .......... .. ..........
  ................................  .......... .. ..........
  ................................  .......... .. ..........
  ................................  .......... .. ..........
  ................................
  ................................
     A B14 (tbl_defense4_rrc_kernel2994$gw)
     B W12 (tbl_defense4_rrc_kernel2992$gw)
     C W13 (tbl_defense4_rrc_kernel2993$gw)
     D W4 (tbl_defense4_rrc_kernel2992$salu, tbl_defense4_rrc_kernel2993$salu, tbl_defense4_rrc_kernel2994$salu)
  hash select bits  Groups  hd  /- hash dist bits --- (Groups: -1 -1)
  .... ............  .0000  ... ................................................
  .... ............  .0000  ... ................................................
  .... ............  .0000  ... ................................................
  .... ............  .0000  ... ................................................
  .... ............  .0000  ... ................................................
  .... ............  .0000  ... ................................................
  .... ............  .0000  ... ................................................
  .... ............  .0000  ... ................................................
  .... ............         ... ................................................
  .... ............         ... ................................................
  .... ............         ... ................................................
  .... ............         ... ................................................
  .... ............         ... ................................................
  .... ............         ... ................................................
  .... ............         ... ................................................
  .... ............         ... ................................................
  
  tc  sb  rb  tib ab  st  srams       mapram  ov  gw pay 2p
  ..  ..  ..  FI  ..  ..  ..........  ......  ..  DG  ..  .
  ..  ..  ..  C.  ..  ..  ..........  ......  ..  A.  ..  .
  ..  ..  ..  ..  ..  ..  ..........  ......  ..  ..  ..  .
  ..  ..  ..  ..  ..  ..  ....BB....  BB....  ..  ..  ..  .
  ..  ..  ..  ..  ..  ..  ..........  ......  ..  ..  ..  .
  ..  ..  ..  ..  ..  ..  ....HH....  HH....  ..  ..  ..  .
  ..  ..  ..  ..  ..  ..  ..........  ......  ..  ..  ..  .
  ..  ..  ..  ..  ..  ..  ....EE....  EE....  ..  ..  ..  .
  ..                                                      
  ..                                                      
  ..                                                      
  ..                                                      
     A tbl_defense4_rrc_kernel2992$gw
     B tbl_defense4_rrc_kernel2992$salu.Ingress.reg_ts_first_block
     C tbl_defense4_rrc_kernel2992$tind
     D tbl_defense4_rrc_kernel2993$gw
     E tbl_defense4_rrc_kernel2993$salu.Ingress.reg_ts_ack_arm
     F tbl_defense4_rrc_kernel2993$tind
     G tbl_defense4_rrc_kernel2994$gw
     H tbl_defense4_rrc_kernel2994$salu.Ingress.reg_ts_block_term
     I tbl_defense4_rrc_kernel2994$tind
  
Table tbl_defense4_rrc_kernel2396 delayed to stage 1 from stage 0
  stage 0: dependency (CONTROL_COND_FALSE) on tbl_build_exp_ack_0 in stage 0
  - preferred cond-78(longer downward prop control-included dependence tail chain) over 1 of tbl_defense4_rrc_kernel2396 in stage 0
  - preferred tbl_params_0(longer downward prop control-included dependence tail chain) over 1 of tbl_defense4_rrc_kernel2396 in stage 0
Table tbl_defense4_rrc_kernel2658 delayed to stage 10 from stage 8
  stage 8: dependency (CONTROL_COND_FALSE) on tbl_to_resp_block in stage 8
  - preferred cond-107(longer downward prop control-included dependence tail chain) over 1 of tbl_defense4_rrc_kernel2658 in stage 9
  - preferred tbl_defense4_rrc_kernel2646(longer downward prop control-included dependence tail chain) over 1 of tbl_defense4_rrc_kernel2658 in stage 9
  - preferred tbl_defense4_rrc_kernel2650(default choice) over 1 of tbl_defense4_rrc_kernel2658 in stage 8
  - preferred tbl_defense4_rrc_kernel2655(longer downward prop control-included dependence tail chain) over 1 of tbl_defense4_rrc_kernel2658 in stage 9
  - preferred tbl_defense4_rrc_kernel2879(longer downward prop control-included dependence tail chain) over 1 of tbl_defense4_rrc_kernel2658 in stage 9
  - preferred tbl_defense4_rrc_kernel2921(longer downward prop control-included dependence tail chain) over 1 of tbl_defense4_rrc_kernel2658 in stage 9
Table tbl_defense4_rrc_kernel2650 delayed to stage 10 from stage 8
  stage 8: dependency (CONTROL_COND_TRUE) on tbl_to_resp_block in stage 8
  stage 6: dependency (ACTION_READ) on tbl_defense4_rrc_kernel2545 in stage 5
  stage 6: dependency (ACTION_READ) on tbl_defense4_rrc_kernel2556 in stage 5
  stage 6: dependency (ACTION_READ) on tbl_defense4_rrc_kernel2558 in stage 5
  stage 5: dependency (ACTION_READ) on tbl_resp_authorise_0 in stage 4
  stage 2: dependency (ANTI_ACTION_READ) on tbl_defense4_rrc_kernel2402 in stage 1
  stage 1: dependency (ANTI_ACTION_READ) on tbl_defense4_rrc_kernel2405 in stage 1
  stage 1: dependency (ACTION_READ) on tbl_params_0 in stage 0
  - preferred cond-107(longer downward prop control-included dependence tail chain) over 1 of tbl_defense4_rrc_kernel2650 in stage 9
  - preferred tbl_defense4_rrc_kernel2646(longer downward prop control-included dependence tail chain) over 1 of tbl_defense4_rrc_kernel2650 in stage 9
  - preferred tbl_defense4_rrc_kernel2879(longer downward prop control-included dependence tail chain) over 1 of tbl_defense4_rrc_kernel2650 in stage 9
  - preferred tbl_defense4_rrc_kernel2921(longer downward prop control-included dependence tail chain) over 1 of tbl_defense4_rrc_kernel2650 in stage 9
  - preferred tbl_to_resp_block(default choice) over 1 of tbl_defense4_rrc_kernel2650 in stage 8
Table tbl_defense4_rrc_kernel2641 delayed to stage 10 from stage 8
  stage 8: dependency (CONTROL_COND_TRUE) on tbl_to_block in stage 8
  stage 6: dependency (ACTION_READ) on tbl_defense4_rrc_kernel2545 in stage 5
  stage 6: dependency (ACTION_READ) on tbl_defense4_rrc_kernel2556 in stage 5
  stage 6: dependency (ACTION_READ) on tbl_defense4_rrc_kernel2558 in stage 5
  stage 5: dependency (ACTION_READ) on tbl_resp_authorise_0 in stage 4
  stage 2: dependency (ANTI_ACTION_READ) on tbl_defense4_rrc_kernel2402 in stage 1
  stage 1: dependency (ANTI_ACTION_READ) on tbl_defense4_rrc_kernel2405 in stage 1
  stage 1: dependency (ACTION_READ) on tbl_params_0 in stage 0
  - preferred cond-107(longer downward prop control-included dependence tail chain) over 1 of tbl_defense4_rrc_kernel2641 in stage 9
  - preferred tbl_defense4_rrc_kernel2879(longer downward prop control-included dependence tail chain) over 1 of tbl_defense4_rrc_kernel2641 in stage 9
  - preferred tbl_defense4_rrc_kernel2921(longer downward prop control-included dependence tail chain) over 1 of tbl_defense4_rrc_kernel2641 in stage 9
  - preferred tbl_to_block(default choice) over 1 of tbl_defense4_rrc_kernel2641 in stage 8
Table cond-107 delayed to stage 9 from stage 8
  stage 8: dependency (CONTROL_COND_FALSE) on cond-102 in stage 8
  stage 2: dependency (ACTION_READ) on tbl_defense4_rrc_kernel2449 in stage 1
  stage 2: dependency (ACTION_READ) on tbl_defense4_rrc_kernel2452 in stage 1
  stage 2: dependency (ACTION_READ) on tbl_defense4_rrc_kernel2455 in stage 1
  stage 1: dependency (ACTION_READ) on tbl_defense4_rrc_kernel2461 in stage 0
  stage 1: dependency (ACTION_READ) on tbl_defense4_rrc_kernel2467 in stage 0
  - preferred tbl_defense4_rrc_kernel2637(fewer total dependencies in dominance frontier) over 0 of cond-107 in stage 8
  - preferred tbl_defense4_rrc_kernel2641(fewer total dependencies in dominance frontier) over 0 of cond-107 in stage 8
  - preferred tbl_defense4_rrc_kernel2658(average chain length of control dom set) over 0 of cond-107 in stage 8
  - preferred tbl_defense4_rrc_kernel2689(fewer total dependencies in dominance frontier) over 0 of cond-107 in stage 8
Table tbl_defense4_rrc_kernel2916 delayed to stage 10 from stage 8
  stage 8: dependency (CONTROL_COND_FALSE) on tbl_defense4_rrc_kernel2912 in stage 8
  stage 1: dependency (ANTI_ACTION_READ) on tbl_defense4_rrc_kernel2402 in stage 1
  - preferred tbl_defense4_rrc_kernel2622(longer downward prop control-included dependence tail chain) over 1 of tbl_defense4_rrc_kernel2916 in stage 8
  - preferred tbl_defense4_rrc_kernel2870(longer downward prop control-included dependence tail chain) over 1 of tbl_defense4_rrc_kernel2916 in stage 8
  - preferred tbl_defense4_rrc_kernel2921(longer downward prop control-included dependence tail chain) over 1 of tbl_defense4_rrc_kernel2916 in stage 9
Table tbl_to_block_0 delayed to stage 10 from stage 8
  stage 8: dependency (CONTROL_COND_FALSE) on tbl_defense4_rrc_kernel2912 in stage 8
  - preferred tbl_defense4_rrc_kernel2622(longer downward prop control-included dependence tail chain) over 1 of tbl_to_block_0 in stage 8
  - preferred tbl_defense4_rrc_kernel2870(longer downward prop control-included dependence tail chain) over 1 of tbl_to_block_0 in stage 8
  - preferred tbl_defense4_rrc_kernel2921(longer downward prop control-included dependence tail chain) over 1 of tbl_to_block_0 in stage 9
Table tbl_defense4_rrc_kernel2918 delayed to stage 10 from stage 8
  stage 8: dependency (CONTROL_COND_FALSE) on tbl_defense4_rrc_kernel2912 in stage 8
  - preferred cond-102(longer downward prop control-included dependence tail chain) over 1 of tbl_defense4_rrc_kernel2918 in stage 8
  - preferred cond-107(longer downward prop control-included dependence tail chain) over 1 of tbl_defense4_rrc_kernel2918 in stage 9
  - preferred tbl_defense4_rrc_kernel2622(longer downward prop control-included dependence tail chain) over 1 of tbl_defense4_rrc_kernel2918 in stage 8
  - preferred tbl_defense4_rrc_kernel2689(longer downward prop control-included dependence tail chain) over 1 of tbl_defense4_rrc_kernel2918 in stage 8
  - preferred tbl_defense4_rrc_kernel2870(longer downward prop control-included dependence tail chain) over 1 of tbl_defense4_rrc_kernel2918 in stage 8
  - preferred tbl_defense4_rrc_kernel2912(longer downward prop control-included dependence tail chain) over 1 of tbl_defense4_rrc_kernel2918 in stage 8
  - preferred tbl_defense4_rrc_kernel2921(longer downward prop control-included dependence tail chain) over 1 of tbl_defense4_rrc_kernel2918 in stage 9
Table tbl_defense4_rrc_kernel2930 delayed to stage 10 from stage 9
  stage 9: dependency (CONTROL_COND_FALSE) on tbl_defense4_rrc_kernel2925 in stage 9
  stage 1: dependency (ANTI_ACTION_READ) on tbl_defense4_rrc_kernel2402 in stage 1
  - preferred cond-107(longer downward prop control-included dependence tail chain) over 1 of tbl_defense4_rrc_kernel2930 in stage 9
  - preferred tbl_defense4_rrc_kernel2883(longer downward prop control-included dependence tail chain) over 1 of tbl_defense4_rrc_kernel2930 in stage 9
Table tbl_to_block_1 delayed to stage 10 from stage 9
  stage 9: dependency (CONTROL_COND_FALSE) on tbl_defense4_rrc_kernel2925 in stage 9
  - preferred cond-107(longer downward prop control-included dependence tail chain) over 1 of tbl_to_block_1 in stage 9
  - preferred tbl_defense4_rrc_kernel2883(longer downward prop control-included dependence tail chain) over 1 of tbl_to_block_1 in stage 9
Table tbl_defense4_rrc_kernel2932 delayed to stage 10 from stage 9
  stage 9: dependency (CONTROL_COND_FALSE) on tbl_defense4_rrc_kernel2925 in stage 9
  - preferred cond-107(longer downward prop control-included dependence tail chain) over 1 of tbl_defense4_rrc_kernel2932 in stage 9
  - preferred tbl_defense4_rrc_kernel2883(longer downward prop control-included dependence tail chain) over 1 of tbl_defense4_rrc_kernel2932 in stage 9
  - preferred tbl_defense4_rrc_kernel2887(default choice) over 1 of tbl_defense4_rrc_kernel2932 in stage 9
  - preferred tbl_defense4_rrc_kernel2925(longer downward prop control-included dependence tail chain) over 1 of tbl_defense4_rrc_kernel2932 in stage 9
Table egresshdr.tcp.checksum_encode_update_condition_3 delayed to stage 2 from stage 1
  stage 1: dependency (IXBAR_READ) on tbl_defense4_rrc_kernel3171 in stage 0
  stage 1: dependency (IXBAR_READ) on tbl_defense4_rrc_kernel3182 in stage 0
  stage 1: dependency (CONTROL_EXIT) on egresshdr.ipv4.hdr_checksum_encode_update_condition_2 in stage 1
Stage advance for pipe pipe NOCC_TRY1 ignoring container conflicts
Stage 0
  exact ixbar groups                  ternary ixbar groups
  B0D0H0E0C0A0G0G1..F1............  I0J1I2I3J0 I1 J2J3K0K1K2
  ................................  K3........ .. ..........
  ................................  .......... .. ..........
  ................................  .......... .. ..........
  ................................  .......... .. ..........
  ................................  .......... .. ..........
  ................................
  ................................
     A B15 (tbl_defense4_rrc_kernel2447$gw)
     B B3 (tbl_build_exp_ack_0)
     C B7 (tbl_defense4_rrc_kernel2461$gw, tbl_defense4_rrc_kernel2467$gw, tbl_defense4_rrc_kernel2478$gw)
     D B8 (tbl_build_exp_ack_0$gw)
     E B9 (cond-78$gw)
     F H23 (tbl_defense4_rrc_kernel3171$gw, tbl_defense4_rrc_kernel3182$gw)
     G H24 (cond-141$gw, cond-143$gw, tbl_defense4_rrc_kernel3191$gw)
     H H9 (tbl_session_0$gw)
     I W11 (tbl_session_0)
     J W14 (tbl_session_0)
     K W15 (tbl_session_0)
  hash select bits  Groups  hd  /- hash dist bits --- (Groups: -1 -1)
  A... ............  A0001  ... ................................................
  .... ............  .0000  ... ................................................
  .... ............  .0000  ... ................................................
  .... ............  .0000  ... ................................................
  .... ............  .0000  ... ................................................
  .... ............  .0000  ... ................................................
  .... ............  .0000  ... ................................................
  .... ............  .0000  ... ................................................
  .... ............         ... ................................................
  .... ............         ... ................................................
  .... ............         ... ................................................
  .... ............         ... ................................................
  .... ............         ... ................................................
  .... ............         ... ................................................
  .... ............         ... ................................................
  .... ............         ... ................................................
     A tbl_build_exp_ack_0
  
  tc  sb  rb  tib ab  st  srams       mapram  ov  gw pay 2p
  c.  ..  ..  eT  ..  ..  e.........  ......  ..  VB  ..  .
  c.  ..  ..  ZX  ..  ..  ..........  ......  ..  QA  ..  .
  c.  ..  ..  WR  ..  ..  ..........  ......  ..  HN  ..  .
  ..  ..  ..  IO  ..  ..  ..........  ......  ..  LJ  ..  .
  ..  ..  ..  MK  ..  ..  ....FF....  FF....  ..  Cd  ..  .
  ..  ..  ..  bG  ..  ..  ..........  ......  ..  E.  ..  .
  ..  ..  ..  ..  ..  ..  ....SSa...  SS....  ..  ..  ..  .
  ..  D.  ..  ..  ..  ..  DP..U.....  ......  ..  Y.  ..  .
  ..                                                      
  ..                                                      
  ..                                                      
  ..                                                      
     A cond-141$gw
     B cond-143$gw
     C cond-78$gw
     D tbl_build_exp_ack_0
     E tbl_build_exp_ack_0$gw
     F tbl_defense4_rrc_kernel2392$stats.Ingress.ctr_fresh
     G tbl_defense4_rrc_kernel2392$tind
     H tbl_defense4_rrc_kernel2447$gw
     I tbl_defense4_rrc_kernel2447$tind
     J tbl_defense4_rrc_kernel2461$gw
     K tbl_defense4_rrc_kernel2461$tind
     L tbl_defense4_rrc_kernel2467$gw
     M tbl_defense4_rrc_kernel2467$tind
     N tbl_defense4_rrc_kernel2478$gw
     O tbl_defense4_rrc_kernel2478$tind
     P tbl_defense4_rrc_kernel3171$action_data
     Q tbl_defense4_rrc_kernel3171$gw
     R tbl_defense4_rrc_kernel3171$tind
     S tbl_defense4_rrc_kernel3177$stats.Egress.ctr_rrc
     T tbl_defense4_rrc_kernel3177$tind
     U tbl_defense4_rrc_kernel3182$action_data
     V tbl_defense4_rrc_kernel3182$gw
     W tbl_defense4_rrc_kernel3182$tind
     X tbl_defense4_rrc_kernel3188$tind
     Y tbl_defense4_rrc_kernel3191$gw
     Z tbl_defense4_rrc_kernel3191$tind
     a tbl_params_0$action_data
     b tbl_params_0$tind
     c tbl_session_0
     d tbl_session_0$gw
     e tbl_session_0$tind
  
can't place tbl_defense4_rrc_kernel2449 in stage 0 : dependency on table tbl_session_0
can't place tbl_defense4_rrc_kernel3196 in stage 0 : dependency on table tbl_defense4_rrc_kernel3182
can't place egress_reset_invalidated_checksum_fields_0 in stage 0 : dependency on table tbl_defense4_rrc_kernel3171
can't place egress_reset_invalidated_checksum_fields_1 in stage 0 : dependency on table tbl_defense4_rrc_kernel3171
can't place egress_reset_invalidated_checksum_fields_2 in stage 0 : dependency on table tbl_defense4_rrc_kernel3182
can't place egress_reset_invalidated_checksum_fields_3 in stage 0 : dependency on table tbl_defense4_rrc_kernel3182
Stage 1
  exact ixbar groups                  ternary ixbar groups
  C0A0E0..H0H1....I0I1............  .......... .. ..........
  D0F1B0D1........G0G1G2G3J0J1J2J3  .......... .. ..........
  ................................  .......... .. ..........
  ................................  .......... .. ..........
  ................................  .......... .. ..........
  ................................  .......... .. ..........
  ................................
  ................................
     A B11 (tbl_defense4_rrc_kernel2449$gw, tbl_defense4_rrc_kernel2452$gw, tbl_defense4_rrc_kernel2455$gw, tbl_defense4_rrc_kernel2512$gw)
     B B16 (egress_reset_invalidated_checksum_fields_2$gw)
     C B7 (tbl_defense4_rrc_kernel2449$gw, tbl_defense4_rrc_kernel2452$gw, tbl_defense4_rrc_kernel2455$gw)
     D H23 (egress_reset_invalidated_checksum_fields_0$gw, egress_reset_invalidated_checksum_fields_1$gw, egress_reset_invalidated_checksum_fields_2$gw, egress_reset_invalidated_checksum_fields_3$gw, egresshdr.ipv4.hdr_checksum_encode_update_condition_2, tbl_defense4_rrc_kernel3196$gw)
     E H6 (tbl_defense4_rrc_kernel2452$gw, tbl_defense4_rrc_kernel2455$gw)
     F H7 (tbl_defense4_rrc_kernel2405$gw)
     G W0 (tbl_defense4_rrc_kernel2402$gw, tbl_defense4_rrc_kernel2513$salu)
     H W12 (tbl_defense4_rrc_kernel2514$salu)
     I W13 (tbl_defense4_rrc_kernel2514$salu)
     J W36 (tbl_defense4_rrc_kernel2513$salu)
  hash select bits  Groups  hd  /- hash dist bits --- (Groups: -1 -1)
  BBBB ............  B0003  ... ................................................
  BBBB ............  A0004  ... ................................................
  A... ............  .0000  ... ................................................
  .... ............  .0000  ... ................................................
  .... ............  .0000  ... ................................................
  .... ............  .0000  ... ................................................
  .... ............  .0000  ... ................................................
  .... ............  .0000  ... ................................................
  .... ............         ... ................................................
  .... ............         ... ................................................
  .... ............         ... ................................................
  .... ............         ... ................................................
  .... ............         ... ................................................
  .... ............         ... ................................................
  .... ............         ... ................................................
  .... ............         ... ................................................
     A egresshdr.ipv4.hdr_checksum_encode_update_condition_2
     B tbl_defense4_rrc_kernel2514$salu
  
  tc  sb  rb  tib ab  st  srams       mapram  ov  gw pay 2p
  ..  ..  ..  cB  ..  ..  ..........  ......  ..  AC  ..  .
  ..  ..  ..  DF  ..  ..  ..........  ......  ..  EG  ..  .
  ..  ..  ..  HO  ..  ..  ..........  ......  ..  NL  ..  .
  ..  ..  ..  JM  ..  ..  ..........  ......  ..  VT  ..  .
  ..  ..  ..  YW  ..  ..  ..........  ......  ..  RP  ..  .
  ..  ..  ..  Ka  ..  ..  ....ZZ....  ZZ....  ..  ..  ..  .
  ..  ..  ..  US  ..  ..  ..........  ......  ..  ..  ..  .
  ..  I.  ..  Q.  ..  ..  I...XX....  XX....  ..  b.  ..  .
  ..                                                      
  ..                                                      
  ..                                                      
  ..                                                      
     A egress_reset_invalidated_checksum_fields_0$gw
     B egress_reset_invalidated_checksum_fields_0$tind
     C egress_reset_invalidated_checksum_fields_1$gw
     D egress_reset_invalidated_checksum_fields_1$tind
     E egress_reset_invalidated_checksum_fields_2$gw
     F egress_reset_invalidated_checksum_fields_2$tind
     G egress_reset_invalidated_checksum_fields_3$gw
     H egress_reset_invalidated_checksum_fields_3$tind
     I egresshdr.ipv4.hdr_checksum_encode_update_condition_2
     J tbl_build_do_shape_0$tind
     K tbl_defense4_rrc_kernel2396$tind
     L tbl_defense4_rrc_kernel2402$gw
     M tbl_defense4_rrc_kernel2402$tind
     N tbl_defense4_rrc_kernel2405$gw
     O tbl_defense4_rrc_kernel2405$tind
     P tbl_defense4_rrc_kernel2449$gw
     Q tbl_defense4_rrc_kernel2449$tind
     R tbl_defense4_rrc_kernel2452$gw
     S tbl_defense4_rrc_kernel2452$tind
     T tbl_defense4_rrc_kernel2455$gw
     U tbl_defense4_rrc_kernel2455$tind
     V tbl_defense4_rrc_kernel2512$gw
     W tbl_defense4_rrc_kernel2512$tind
     X tbl_defense4_rrc_kernel2513$salu.Ingress.reg_exp_relay_seq
     Y tbl_defense4_rrc_kernel2513$tind
     Z tbl_defense4_rrc_kernel2514$salu.Ingress.reg_session_port
     a tbl_defense4_rrc_kernel2514$tind
     b tbl_defense4_rrc_kernel3196$gw
     c tbl_defense4_rrc_kernel3196$tind
  
can't place egresshdr.tcp.checksum_encode_update_condition_3 in stage 1 : ran out of memories: too many tables total
can't place tbl_build_now_0 in stage 1 : dependency on table tbl_defense4_rrc_kernel2396
can't place cond-86 in stage 1 : dependency on table tbl_defense4_rrc_kernel2455
can't place tbl_defense4_rrc_kernel2518 in stage 1 : dependency on table tbl_defense4_rrc_kernel2455
can't place tbl_defense4_rrc_kernel2516 in stage 1 : dependency on table tbl_defense4_rrc_kernel2455
can't place tbl_defense4_rrc_kernel2995 in stage 1 : dependency on table tbl_defense4_rrc_kernel2396
Stage 2
  exact ixbar groups                  ternary ixbar groups
  B0C0A0E0F0G1G0..I0I1I2I3H0H1H2H3  .......... .. ..........
  ................D0..............  .......... .. ..........
  ................J0J1J2J3........  .......... .. ..........
  ................................  .......... .. ..........
  ................................  .......... .. ..........
  ................................  .......... .. ..........
  ................................
  ................................
     A B10 (tbl_defense4_rrc_kernel2496$gw)
     B B12 (cond-86$gw, tbl_defense4_rrc_kernel2496$gw, tbl_defense4_rrc_kernel2516$gw)
     C B32 (tbl_defense4_rrc_kernel2491$gw)
     D B4 (tbl_defense4_rrc_kernel2496$salu)
     E B7 (tbl_defense4_rrc_kernel2995$gw)
     F B9 (tbl_defense4_rrc_kernel2995$gw)
     G H23 (egresshdr.tcp.checksum_encode_update_condition_3)
     H W2 (tbl_defense4_rrc_kernel2518$salu)
     I W32 (tbl_defense4_rrc_kernel2518$salu)
     J W4 (tbl_defense4_rrc_kernel2995$salu)
  hash select bits  Groups  hd  /- hash dist bits --- (Groups: -1 -1)
  A... ............  A0001  ... ................................................
  .... ............  .0000  ... ................................................
  .... ............  .0000  ... ................................................
  .... ............  .0000  ... ................................................
  .... ............  .0000  ... ................................................
  .... ............  .0000  ... ................................................
  .... ............  .0000  ... ................................................
  .... ............  .0000  ... ................................................
  .... ............         ... ................................................
  .... ............         ... ................................................
  .... ............         ... ................................................
  .... ............         ... ................................................
  .... ............         ... ................................................
  .... ............         ... ................................................
  .... ............         ... ................................................
  .... ............         ... ................................................
     A egresshdr.tcp.checksum_encode_update_condition_3
  
  tc  sb  rb  tib ab  st  srams       mapram  ov  gw pay 2p
  ..  ..  ..  PC  ..  ..  ..........  ......  ..  GD  ..  .
  ..  ..  ..  IF  ..  ..  ..........  ......  ..  AJ  ..  .
  ..  ..  ..  EM  ..  ..  ..........  ......  ..  ..  ..  .
  ..  ..  ..  K.  ..  ..  ....LL....  LL....  ..  ..  ..  .
  ..  ..  ..  ..  ..  ..  ..........  ......  ..  ..  ..  .
  ..  ..  ..  ..  ..  ..  ....HH....  HH....  ..  ..  ..  .
  ..  ..  ..  ..  ..  ..  ..........  ......  ..  ..  ..  .
  ..  B.  ..  ..  ..  ..  B...OO....  OO....  ..  N.  ..  .
  ..                                                      
  ..                                                      
  ..                                                      
  ..                                                      
     A cond-86$gw
     B egresshdr.tcp.checksum_encode_update_condition_3
     C tbl_build_now_0$tind
     D tbl_defense4_rrc_kernel2491$gw
     E tbl_defense4_rrc_kernel2491$tind
     F tbl_defense4_rrc_kernel2493$tind
     G tbl_defense4_rrc_kernel2496$gw
     H tbl_defense4_rrc_kernel2496$salu.Ingress.reg_failopen
     I tbl_defense4_rrc_kernel2496$tind
     J tbl_defense4_rrc_kernel2516$gw
     K tbl_defense4_rrc_kernel2516$tind
     L tbl_defense4_rrc_kernel2518$salu.Ingress.reg_exp_ack
     M tbl_defense4_rrc_kernel2518$tind
     N tbl_defense4_rrc_kernel2995$gw
     O tbl_defense4_rrc_kernel2995$salu.Ingress.reg_ts_ack_release
     P tbl_defense4_rrc_kernel2995$tind
  
can't place tbl_resp_authorise_0 in stage 2 : dependency on table tbl_defense4_rrc_kernel2493
can't place tbl_build_cand_0 in stage 2 : dependency on table tbl_build_now_0
Stage 3
  exact ixbar groups                  ternary ixbar groups
  ................................  .......... .. F2G3B0D1G2
  ................................  E1C0B1A0C1 .. ..........
  ................................  .......... F3 ..........
  ................................  .......... .. ..........
  ................................  .......... .. ..........
  ................................  .......... .. ..........
  ................................
  ................................
     A B12 (tbl_resp_authorise_0)
     B H10 (tbl_resp_authorise_0)
     C H15 (tbl_resp_authorise_0)
     D H6 (tbl_resp_authorise_0)
     E H8 (tbl_resp_authorise_0)
     F W12 (tbl_resp_authorise_0)
     G W13 (tbl_resp_authorise_0)
  hash select bits  Groups  hd  /- hash dist bits --- (Groups: -1 -1)
  .... ............  .0000  ... ................................................
  .... ............  .0000  ... ................................................
  .... ............  .0000  ... ................................................
  .... ............  .0000  ... ................................................
  .... ............  .0000  ... ................................................
  .... ............  .0000  ... ................................................
  .... ............  .0000  ... ................................................
  .... ............  .0000  ... ................................................
  .... ............         ... ................................................
  .... ............         ... ................................................
  .... ............         ... ................................................
  .... ............         ... ................................................
  .... ............         ... ................................................
  .... ............         ... ................................................
  .... ............         ... ................................................
  .... ............         ... ................................................
  
  tc  sb  rb  tib ab  st  srams       mapram  ov  gw pay 2p
  C.  ..  ..  DA  ..  ..  D.........  ......  ..  ..  ..  .
  C.  ..  ..  B.  ..  ..  ..........  ......  ..  ..  ..  .
  C.  ..  ..  ..  ..  ..  ..........  ......  ..  ..  ..  .
  ..  ..  ..  ..  ..  ..  ..........  ......  ..  ..  ..  .
  ..  ..  ..  ..  ..  ..  ..........  ......  ..  ..  ..  .
  ..  ..  ..  ..  ..  ..  ..........  ......  ..  ..  ..  .
  ..  ..  ..  ..  ..  ..  ..........  ......  ..  ..  ..  .
  ..  ..  ..  ..  ..  ..  ..........  ......  ..  ..  ..  .
  ..                                                      
  ..                                                      
  ..                                                      
  ..                                                      
     A tbl_build_cand_0$tind
     B tbl_build_cand_resp_0$tind
     C tbl_resp_authorise_0
     D tbl_resp_authorise_0$tind
  
can't place tbl_defense4_rrc_kernel2535 in stage 3 : dependency on table tbl_resp_authorise_0
Stage 4
  exact ixbar groups                  ternary ixbar groups
  E0D0A0C0B0......................  .......... .. ..........
  ................................  .......... .. ..........
  ................................  .......... .. ..........
  ................................  .......... .. ..........
  ................................  .......... .. ..........
  ................................  .......... .. ..........
  ................................
  ................................
     A B12 (tbl_defense4_rrc_kernel2535$gw, tbl_defense4_rrc_kernel2539$gw, tbl_defense4_rrc_kernel2545$gw, tbl_defense4_rrc_kernel2561$gw)
     B B15 (tbl_defense4_rrc_kernel2545$gw)
     C B32 (tbl_defense4_rrc_kernel2535$gw, tbl_defense4_rrc_kernel2556$gw)
     D B4 (tbl_defense4_rrc_kernel2558$salu)
     E H8 (tbl_defense4_rrc_kernel2558$salu)
  hash select bits  Groups  hd  /- hash dist bits --- (Groups: -1 -1)
  AA.. ............  A0001  ... ................................................
  .... ............  .0000  ... ................................................
  .... ............  .0000  ... ................................................
  .... ............  .0000  ... ................................................
  .... ............  .0000  ... ................................................
  .... ............  .0000  ... ................................................
  .... ............  .0000  ... ................................................
  .... ............  .0000  ... ................................................
  .... ............         ... ................................................
  .... ............         ... ................................................
  .... ............         ... ................................................
  .... ............         ... ................................................
  .... ............         ... ................................................
  .... ............         ... ................................................
  .... ............         ... ................................................
  .... ............         ... ................................................
     A tbl_defense4_rrc_kernel2558$salu
  
  tc  sb  rb  tib ab  st  srams       mapram  ov  gw pay 2p
  ..  ..  ..  IL  ..  ..  ..........  ......  ..  GK  ..  .
  ..  ..  ..  FD  ..  ..  ..........  ......  ..  EC  ..  .
  ..  ..  ..  BJ  ..  ..  ..........  ......  ..  A.  ..  .
  ..  ..  ..  ..  ..  ..  ..........  ......  ..  ..  ..  .
  ..  ..  ..  ..  ..  ..  ..........  ......  ..  ..  ..  .
  ..  ..  ..  ..  ..  ..  ..........  ......  ..  ..  ..  .
  ..  ..  ..  ..  ..  ..  ..........  ......  ..  ..  ..  .
  ..  ..  ..  ..  ..  ..  ....HH....  HH....  ..  ..  ..  .
  ..                                                      
  ..                                                      
  ..                                                      
  ..                                                      
     A tbl_defense4_rrc_kernel2535$gw
     B tbl_defense4_rrc_kernel2535$tind
     C tbl_defense4_rrc_kernel2539$gw
     D tbl_defense4_rrc_kernel2539$tind
     E tbl_defense4_rrc_kernel2545$gw
     F tbl_defense4_rrc_kernel2545$tind
     G tbl_defense4_rrc_kernel2556$gw
     H tbl_defense4_rrc_kernel2556$salu.Ingress.reg_tag
     I tbl_defense4_rrc_kernel2556$tind
     J tbl_defense4_rrc_kernel2558$tind
     K tbl_defense4_rrc_kernel2561$gw
     L tbl_defense4_rrc_kernel2561$tind
  
can't place tbl_state_decode_0 in stage 4 : dependency on table tbl_defense4_rrc_kernel2558
can't place tbl_txn_active_0 in stage 4 : dependency on table tbl_defense4_rrc_kernel2558
Stage 5
  exact ixbar groups                  ternary ixbar groups
  ................................  B0..E0.... .. G2H3C0E1H2
  ................................  F1D0C1A0D1 .. ..........
  ................................  .......... G3 ..........
  ................................  .......... .. ..........
  ................................  .......... .. ..........
  ................................  .......... .. ..........
  ................................
  ................................
     A B11 (tbl_state_decode_0)
     B B12 (tbl_state_decode_0)
     C H10 (tbl_state_decode_0)
     D H15 (tbl_state_decode_0)
     E H6 (tbl_state_decode_0, tbl_txn_active_0)
     F H8 (tbl_state_decode_0)
     G W12 (tbl_state_decode_0)
     H W13 (tbl_state_decode_0)
  hash select bits  Groups  hd  /- hash dist bits --- (Groups: -1 -1)
  .... ............  .0000  ... ................................................
  .... ............  .0000  ... ................................................
  .... ............  .0000  ... ................................................
  .... ............  .0000  ... ................................................
  .... ............  .0000  ... ................................................
  .... ............  .0000  ... ................................................
  .... ............  .0000  ... ................................................
  .... ............  .0000  ... ................................................
  .... ............         ... ................................................
  .... ............         ... ................................................
  .... ............         ... ................................................
  .... ............         ... ................................................
  .... ............         ... ................................................
  .... ............         ... ................................................
  .... ............         ... ................................................
  .... ............         ... ................................................
  
  tc  sb  rb  tib ab  st  srams       mapram  ov  gw pay 2p
  A.  ..  ..  B.  ..  ..  B.........  ......  ..  ..  ..  .
  A.  ..  ..  D.  ..  ..  D.........  ......  ..  ..  ..  .
  A.  ..  ..  ..  ..  ..  ..........  ......  ..  ..  ..  .
  C.  ..  ..  ..  ..  ..  ..........  ......  ..  ..  ..  .
  ..  ..  ..  ..  ..  ..  ..........  ......  ..  ..  ..  .
  ..  ..  ..  ..  ..  ..  ..........  ......  ..  ..  ..  .
  ..  ..  ..  ..  ..  ..  ..........  ......  ..  ..  ..  .
  ..  ..  ..  ..  ..  ..  ..........  ......  ..  ..  ..  .
  ..                                                      
  ..                                                      
  ..                                                      
  ..                                                      
     A tbl_state_decode_0
     B tbl_state_decode_0$tind
     C tbl_txn_active_0
     D tbl_txn_active_0$tind
  
can't place tbl_defense4_rrc_kernel2582 in stage 5 : dependency on table tbl_txn_active_0
can't place tbl_defense4_rrc_kernel2580 in stage 5 : dependency on table tbl_txn_active_0
can't place tbl_defense4_rrc_kernel2591 in stage 5 : dependency on table tbl_txn_active_0
can't place tbl_defense4_rrc_kernel2589 in stage 5 : shared table tbl_defense4_rrc_kernel2591 depends on table tbl_txn_active_0
can't place tbl_defense4_rrc_kernel2601 in stage 5 : dependency on table tbl_state_decode_0
Stage 6
  exact ixbar groups                  ternary ixbar groups
  B0A0C0..D0......F0F1F2F3G0G1G2G3  .......... .. ..........
  ................E0E1E2E3G0G1G2G3  .......... .. ..........
  ................................  .......... .. ..........
  ................................  .......... .. ..........
  ................................  .......... .. ..........
  ................................  .......... .. ..........
  ................................
  ................................
     A B12 (tbl_defense4_rrc_kernel2601$gw, tbl_defense4_rrc_kernel2607$gw)
     B H12 (tbl_defense4_rrc_kernel2582$gw, tbl_defense4_rrc_kernel2591$gw)
     C H6 (tbl_defense4_rrc_kernel2607$salu)
     D H8 (tbl_defense4_rrc_kernel2607$salu)
     E W2 (tbl_defense4_rrc_kernel2580$salu)
     F W5 (tbl_defense4_rrc_kernel2589$salu)
     G W8 (tbl_defense4_rrc_kernel2580$salu, tbl_defense4_rrc_kernel2589$salu)
  hash select bits  Groups  hd  /- hash dist bits --- (Groups: -1 -1)
  AA.. ............  A0001  ... ................................................
  .... ............  .0000  ... ................................................
  .... ............  .0000  ... ................................................
  .... ............  .0000  ... ................................................
  .... ............  .0000  ... ................................................
  .... ............  .0000  ... ................................................
  .... ............  .0000  ... ................................................
  .... ............  .0000  ... ................................................
  .... ............         ... ................................................
  .... ............         ... ................................................
  .... ............         ... ................................................
  .... ............         ... ................................................
  .... ............         ... ................................................
  .... ............         ... ................................................
  .... ............         ... ................................................
  .... ............         ... ................................................
     A tbl_defense4_rrc_kernel2607$salu
  
  tc  sb  rb  tib ab  st  srams       mapram  ov  gw pay 2p
  ..  ..  ..  KB  ..  ..  ..........  ......  ..  IC  ..  .
  ..  ..  ..  DF  ..  ..  ..........  ......  ..  GL  ..  .
  ..  ..  ..  HM  ..  ..  ..........  ......  ..  ..  ..  .
  ..  ..  ..  ..  ..  ..  ....EE....  EE....  ..  ..  ..  .
  ..  ..  ..  ..  ..  ..  ..........  ......  ..  ..  ..  .
  ..  ..  ..  ..  ..  ..  ....AA....  AA....  ..  ..  ..  .
  ..  ..  ..  ..  ..  ..  ..........  ......  ..  ..  ..  .
  ..  ..  ..  ..  ..  ..  ....JJ....  JJ....  ..  ..  ..  .
  ..                                                      
  ..                                                      
  ..                                                      
  ..                                                      
     A tbl_defense4_rrc_kernel2580$salu.Ingress.reg_deadline
     B tbl_defense4_rrc_kernel2580$tind
     C tbl_defense4_rrc_kernel2582$gw
     D tbl_defense4_rrc_kernel2582$tind
     E tbl_defense4_rrc_kernel2589$salu.Ingress.reg_tresp
     F tbl_defense4_rrc_kernel2589$tind
     G tbl_defense4_rrc_kernel2591$gw
     H tbl_defense4_rrc_kernel2591$tind
     I tbl_defense4_rrc_kernel2601$gw
     J tbl_defense4_rrc_kernel2601$salu.Ingress.reg_ack_rel
     K tbl_defense4_rrc_kernel2601$tind
     L tbl_defense4_rrc_kernel2607$gw
     M tbl_defense4_rrc_kernel2607$tind
  
can't place tbl_deadline_expiry_0 in stage 6 : dependency on table tbl_defense4_rrc_kernel2582
can't place tbl_tresp_expiry_0 in stage 6 : dependency on table tbl_defense4_rrc_kernel2591
Stage 7
  exact ixbar groups                  ternary ixbar groups
  J0J1J2J3K0K1K2K3F0E0B0D0H0A0C0..  .......... .. ..........
  G0G1I0..........................  .......... .. ..........
  ................................  .......... .. ..........
  ................................  .......... .. ..........
  ................................  .......... .. ..........
  ................................  .......... .. ..........
  ................................
  ................................
     A B10 (tbl_defense4_rrc_kernel2912$gw)
     B B13 (cond-121$gw)
     C B15 (tbl_defense4_rrc_kernel2689$gw)
     D B32 (cond-127$gw)
     E B7 (cond-102$gw, cond-121$gw, cond-125$gw, tbl_defense4_rrc_kernel2622$gw)
     F B9 (cond-100$gw)
     G H11 (tbl_defense4_rrc_kernel2637$gw, tbl_to_block$gw)
     H H12 (tbl_defense4_rrc_kernel2870$gw, tbl_defense4_rrc_kernel2902$gw, tbl_defense4_rrc_kernel2908$gw)
     I H13 (tbl_defense4_rrc_kernel2637$gw, tbl_to_block$gw, tbl_to_resp_block$gw)
     J W36 (tbl_tresp_expiry_0$gw)
     K W6 (tbl_deadline_expiry_0$gw)
  hash select bits  Groups  hd  /- hash dist bits --- (Groups: -1 -1)
  .... ............  .0000  ... ................................................
  .... ............  .0000  ... ................................................
  .... ............  .0000  ... ................................................
  .... ............  .0000  ... ................................................
  .... ............  .0000  ... ................................................
  .... ............  .0000  ... ................................................
  .... ............  .0000  ... ................................................
  .... ............  .0000  ... ................................................
  .... ............         ... ................................................
  .... ............         ... ................................................
  .... ............         ... ................................................
  .... ............         ... ................................................
  .... ............         ... ................................................
  .... ............         ... ................................................
  .... ............         ... ................................................
  .... ............         ... ................................................
  
  tc  sb  rb  tib ab  st  srams       mapram  ov  gw pay 2p
  ..  Fb  ..  ..  ..  ..  ..........  ......  ..  Gc  Gc  .
  ..  ..  ..  YL  ..  ..  ..........  ......  ..  XJ  ..  .
  ..  ..  ..  NI  ..  ..  ..........  ......  ..  MB  ..  .
  ..  ..  ..  QW  ..  ..  ..........  ......  ..  HO  ..  .
  ..  ..  ..  US  ..  ..  ....PP....  PP....  ..  VT  ..  .
  ..  ..  ..  a.  ..  ..  ..........  ......  ..  ER  ..  .
  ..  ..  ..  ..  ..  ..  ....KK....  KK....  ..  DC  ..  .
  ..  ..  ..  ..  ..  ..  ..........  ......  ..  AZ  ..  .
  ..                                                      
  ..                                                      
  ..                                                      
  ..                                                      
     A cond-100$gw
     B cond-102$gw
     C cond-121$gw
     D cond-125$gw
     E cond-127$gw
     F tbl_deadline_expiry_0
     G tbl_deadline_expiry_0$gw
     H tbl_defense4_rrc_kernel2622$gw
     I tbl_defense4_rrc_kernel2622$tind
     J tbl_defense4_rrc_kernel2637$gw
     K tbl_defense4_rrc_kernel2637$stats.Ingress.ctr_fresh
     L tbl_defense4_rrc_kernel2637$tind
     M tbl_defense4_rrc_kernel2689$gw
     N tbl_defense4_rrc_kernel2689$tind
     O tbl_defense4_rrc_kernel2870$gw
     P tbl_defense4_rrc_kernel2870$stats.Ingress.ctr_deq
     Q tbl_defense4_rrc_kernel2870$tind
     R tbl_defense4_rrc_kernel2902$gw
     S tbl_defense4_rrc_kernel2902$tind
     T tbl_defense4_rrc_kernel2908$gw
     U tbl_defense4_rrc_kernel2908$tind
     V tbl_defense4_rrc_kernel2912$gw
     W tbl_defense4_rrc_kernel2912$tind
     X tbl_to_block$gw
     Y tbl_to_block$tind
     Z tbl_to_resp_block$gw
     a tbl_to_resp_block$tind
     b tbl_tresp_expiry_0
     c tbl_tresp_expiry_0$gw
  
can't place tbl_defense4_rrc_kernel2950 in stage 7 : ran out of memories: too many tables total
can't place tbl_defense4_rrc_kernel2921 in stage 7 : dependency on table tbl_deadline_expiry_0
can't place tbl_defense4_rrc_kernel2916 in stage 7 : ran out of memories: too many tables total
can't place tbl_to_block_0 in stage 7 : ran out of memories: too many tables total
can't place tbl_defense4_rrc_kernel2918 in stage 7 : ran out of memories: too many tables total
can't place tbl_defense4_rrc_kernel2879 in stage 7 : dependency on table tbl_tresp_expiry_0
can't place cond-107 in stage 7 : ran out of memories: too many tables total
can't place tbl_defense4_rrc_kernel2641 in stage 7 : ran out of memories: too many tables total
can't place tbl_defense4_rrc_kernel2646 in stage 7 : dependency on table tbl_tresp_expiry_0
can't place tbl_defense4_rrc_kernel2650 in stage 7 : ran out of memories: too many tables total
can't place tbl_defense4_rrc_kernel2655 in stage 7 : dependency on table tbl_tresp_expiry_0
can't place tbl_defense4_rrc_kernel2658 in stage 7 : ran out of memories: too many tables total
Stage 8
  exact ixbar groups                  ternary ixbar groups
  D0E1A0D1B0C0F2F3F0F1............  .......... .. ..........
  ................................  .......... .. ..........
  ................................  .......... .. ..........
  ................................  .......... .. ..........
  ................................  .......... .. ..........
  ................................  .......... .. ..........
  ................................
  ................................
     A B10 (tbl_defense4_rrc_kernel2883$gw, tbl_defense4_rrc_kernel2925$gw)
     B B12 (cond-107$gw, cond-113$gw)
     C B32 (tbl_defense4_rrc_kernel2795$gw)
     D H12 (tbl_defense4_rrc_kernel2795$gw, tbl_defense4_rrc_kernel2879$gw, tbl_defense4_rrc_kernel2921$gw, tbl_to_hold$gw)
     E H13 (tbl_defense4_rrc_kernel2879$gw)
     F W7 (tbl_defense4_rrc_kernel2801$gw)
  hash select bits  Groups  hd  /- hash dist bits --- (Groups: -1 -1)
  .... ............  .0000  ... ................................................
  .... ............  .0000  ... ................................................
  .... ............  .0000  ... ................................................
  .... ............  .0000  ... ................................................
  .... ............  .0000  ... ................................................
  .... ............  .0000  ... ................................................
  .... ............  .0000  ... ................................................
  .... ............  .0000  ... ................................................
  .... ............         ... ................................................
  .... ............         ... ................................................
  .... ............         ... ................................................
  .... ............         ... ................................................
  .... ............         ... ................................................
  .... ............         ... ................................................
  .... ............         ... ................................................
  .... ............         ... ................................................
  
  tc  sb  rb  tib ab  st  srams       mapram  ov  gw pay 2p
  ..  ..  ..  YR  ..  ..  ..........  ......  ..  GW  ..  .
  ..  ..  ..  KI  ..  ..  ..........  ......  ..  EB  ..  .
  ..  ..  ..  HX  ..  ..  ..........  ......  ..  AN  ..  .
  ..  ..  ..  FO  ..  ..  ..........  ......  ..  US  ..  .
  ..  ..  ..  VT  ..  ..  ....JJ....  JJ....  ..  L.  ..  .
  ..  ..  ..  MC  ..  ..  ..........  ......  ..  ..  ..  .
  ..  ..  ..  DP  ..  ..  ....QQ....  QQ....  ..  ..  ..  .
  ..  ..  ..  ..  ..  ..  ..........  ......  ..  ..  ..  .
  ..                                                      
  ..                                                      
  ..                                                      
  ..                                                      
     A cond-107$gw
     B cond-113$gw
     C tbl_defense4_rrc_kernel2646$tind
     D tbl_defense4_rrc_kernel2655$tind
     E tbl_defense4_rrc_kernel2795$gw
     F tbl_defense4_rrc_kernel2795$tind
     G tbl_defense4_rrc_kernel2801$gw
     H tbl_defense4_rrc_kernel2801$tind
     I tbl_defense4_rrc_kernel2810$tind
     J tbl_defense4_rrc_kernel2817$stats.Ingress.ctr_fresh
     K tbl_defense4_rrc_kernel2817$tind
     L tbl_defense4_rrc_kernel2879$gw
     M tbl_defense4_rrc_kernel2879$tind
     N tbl_defense4_rrc_kernel2883$gw
     O tbl_defense4_rrc_kernel2883$tind
     P tbl_defense4_rrc_kernel2887$tind
     Q tbl_defense4_rrc_kernel2889$stats.Ingress.ctr_deq
     R tbl_defense4_rrc_kernel2889$tind
     S tbl_defense4_rrc_kernel2921$gw
     T tbl_defense4_rrc_kernel2921$tind
     U tbl_defense4_rrc_kernel2925$gw
     V tbl_defense4_rrc_kernel2925$tind
     W tbl_to_hold$gw
     X tbl_to_hold$tind
     Y tbl_to_resp_block_0$tind
  
can't place tbl_defense4_rrc_kernel2950 in stage 8 : ran out of memories: too many tables total
can't place tbl_defense4_rrc_kernel2916 in stage 8 : ran out of memories: too many tables total
can't place tbl_to_block_0 in stage 8 : ran out of memories: too many tables total
can't place tbl_defense4_rrc_kernel2918 in stage 8 : ran out of memories: too many tables total
can't place tbl_defense4_rrc_kernel2641 in stage 8 : ran out of memories: too many tables total
can't place tbl_defense4_rrc_kernel2650 in stage 8 : ran out of memories: too many tables total
can't place tbl_defense4_rrc_kernel2658 in stage 8 : ran out of memories: too many tables total
can't place tbl_defense4_rrc_kernel2930 in stage 8 : ran out of memories: too many tables total
can't place tbl_to_block_1 in stage 8 : ran out of memories: too many tables total
can't place tbl_defense4_rrc_kernel2932 in stage 8 : ran out of memories: too many tables total
can't place tbl_defense4_rrc_kernel2726 in stage 8 : ran out of memories: too many tables total
can't place tbl_defense4_rrc_kernel2825 in stage 8 : ran out of memories: too many tables total
Stage 9
  exact ixbar groups                  ternary ixbar groups
  A0C0D0B0........................  .......... .. ..........
  ................................  .......... .. ..........
  ................................  .......... .. ..........
  ................................  .......... .. ..........
  ................................  .......... .. ..........
  ................................  .......... .. ..........
  ................................
  ................................
     A B12 (tbl_defense4_rrc_kernel2825$gw)
     B B32 (tbl_defense4_rrc_kernel2831$gw)
     C B7 (tbl_defense4_rrc_kernel2848$gw)
     D H12 (tbl_defense4_rrc_kernel2831$gw, tbl_defense4_rrc_kernel2833$gw)
  hash select bits  Groups  hd  /- hash dist bits --- (Groups: -1 -1)
  .... ............  .0000  ... ................................................
  .... ............  .0000  ... ................................................
  .... ............  .0000  ... ................................................
  .... ............  .0000  ... ................................................
  .... ............  .0000  ... ................................................
  .... ............  .0000  ... ................................................
  .... ............  .0000  ... ................................................
  .... ............  .0000  ... ................................................
  .... ............         ... ................................................
  .... ............         ... ................................................
  .... ............         ... ................................................
  .... ............         ... ................................................
  .... ............         ... ................................................
  .... ............         ... ................................................
  .... ............         ... ................................................
  .... ............         ... ................................................
  
  tc  sb  rb  tib ab  st  srams       mapram  ov  gw pay 2p
  ..  ..  ..  KA  ..  ..  ..........  ......  ..  IG  ..  .
  ..  ..  ..  HO  ..  ..  ..........  ......  ..  ME  ..  .
  ..  ..  ..  NF  ..  ..  ..........  ......  ..  ..  ..  .
  ..  ..  ..  PU  ..  ..  ..........  ......  ..  ..  ..  .
  ..  ..  ..  RB  ..  ..  ....QQ....  QQ....  ..  ..  ..  .
  ..  ..  ..  CD  ..  ..  ..........  ......  ..  ..  ..  .
  ..  ..  ..  SV  ..  ..  ....JJ....  JJ....  ..  ..  ..  .
  ..  ..  ..  TL  ..  ..  ..........  ......  ..  ..  ..  .
  ..                                                      
  ..                                                      
  ..                                                      
  ..                                                      
     A tbl_arm_clone$tind
     B tbl_defense4_rrc_kernel2641$tind
     C tbl_defense4_rrc_kernel2650$tind
     D tbl_defense4_rrc_kernel2658$tind
     E tbl_defense4_rrc_kernel2825$gw
     F tbl_defense4_rrc_kernel2825$tind
     G tbl_defense4_rrc_kernel2831$gw
     H tbl_defense4_rrc_kernel2831$tind
     I tbl_defense4_rrc_kernel2833$gw
     J tbl_defense4_rrc_kernel2833$stats.Ingress.ctr_fresh
     K tbl_defense4_rrc_kernel2833$tind
     L tbl_defense4_rrc_kernel2841$tind
     M tbl_defense4_rrc_kernel2848$gw
     N tbl_defense4_rrc_kernel2848$tind
     O tbl_defense4_rrc_kernel2852$tind
     P tbl_defense4_rrc_kernel2916$tind
     Q tbl_defense4_rrc_kernel2918$stats.Ingress.ctr_deq
     R tbl_defense4_rrc_kernel2918$tind
     S tbl_defense4_rrc_kernel2930$tind
     T tbl_defense4_rrc_kernel2932$tind
     U tbl_to_block_0$tind
     V tbl_to_block_1$tind
  
can't place tbl_defense4_rrc_kernel2950 in stage 9 : ran out of memories: too many tables total
can't place tbl_defense4_rrc_kernel2726 in stage 9 : ran out of memories: too many tables total
Stage 10
  exact ixbar groups                  ternary ixbar groups
  D0B0E0F1F0A0C0E1................  .......... .. ..........
  ................................  .......... .. ..........
  ................................  .......... .. ..........
  ................................  .......... .. ..........
  ................................  .......... .. ..........
  ................................  .......... .. ..........
  ................................
  ................................
     A B11 (tbl_defense4_rrc_kernel2741$gw)
     B B32 (tbl_defense4_rrc_kernel2726$gw, tbl_defense4_rrc_kernel2960$gw)
     C B7 (tbl_defense4_rrc_kernel2950$gw, tbl_defense4_rrc_kernel2984$gw)
     D H12 (tbl_defense4_rrc_kernel2726$gw, tbl_defense4_rrc_kernel2776$gw, tbl_to_resp_hold$gw)
     E H13 (tbl_defense4_rrc_kernel2726$gw, tbl_defense4_rrc_kernel2776$gw, tbl_defense4_rrc_kernel2960$gw, tbl_defense4_rrc_kernel2980$gw, tbl_to_resp_hold$gw)
     F H14 (tbl_defense4_rrc_kernel2786$gw, tbl_defense4_rrc_kernel2977$gw)
  hash select bits  Groups  hd  /- hash dist bits --- (Groups: -1 -1)
  .... ............  .0000  ... ................................................
  .... ............  .0000  ... ................................................
  .... ............  .0000  ... ................................................
  .... ............  .0000  ... ................................................
  .... ............  .0000  ... ................................................
  .... ............  .0000  ... ................................................
  .... ............  .0000  ... ................................................
  .... ............  .0000  ... ................................................
  .... ............         ... ................................................
  .... ............         ... ................................................
  .... ............         ... ................................................
  .... ............         ... ................................................
  .... ............         ... ................................................
  .... ............         ... ................................................
  .... ............         ... ................................................
  .... ............         ... ................................................
  
  tc  sb  rb  tib ab  st  srams       mapram  ov  gw pay 2p
  ..  ..  ..  QU  ..  ..  ..........  ......  ..  OS  ..  .
  ..  ..  ..  TX  ..  ..  ..........  ......  ..  VY  ..  .
  ..  ..  ..  WZ  ..  ..  ..........  ......  ..  MC  ..  .
  ..  ..  ..  NF  ..  ..  ..........  ......  ..  IG  ..  .
  ..  ..  ..  DK  ..  ..  ....EE....  EE....  ..  aA  ..  .
  ..  ..  ..  JL  ..  ..  ..........  ......  ..  ..  ..  .
  ..  ..  ..  Hb  ..  ..  ....PP....  PP....  ..  ..  ..  .
  ..  ..  ..  BR  ..  ..  ..........  ......  ..  ..  ..  .
  ..                                                      
  ..                                                      
  ..                                                      
  ..                                                      
     A tbl_defense4_rrc_kernel2726$gw
     B tbl_defense4_rrc_kernel2726$tind
     C tbl_defense4_rrc_kernel2741$gw
     D tbl_defense4_rrc_kernel2741$tind
     E tbl_defense4_rrc_kernel2742$stats.Ingress.ctr_fresh
     F tbl_defense4_rrc_kernel2742$tind
     G tbl_defense4_rrc_kernel2776$gw
     H tbl_defense4_rrc_kernel2776$tind
     I tbl_defense4_rrc_kernel2786$gw
     J tbl_defense4_rrc_kernel2786$tind
     K tbl_defense4_rrc_kernel2786_0$tind
     L tbl_defense4_rrc_kernel2787$tind
     M tbl_defense4_rrc_kernel2950$gw
     N tbl_defense4_rrc_kernel2950$tind
     O tbl_defense4_rrc_kernel2960$gw
     P tbl_defense4_rrc_kernel2960$stats.Ingress.ctr_deq
     Q tbl_defense4_rrc_kernel2960$tind
     R tbl_defense4_rrc_kernel2962$tind
     S tbl_defense4_rrc_kernel2977$gw
     T tbl_defense4_rrc_kernel2977$tind
     U tbl_defense4_rrc_kernel2977_0$tind
     V tbl_defense4_rrc_kernel2980$gw
     W tbl_defense4_rrc_kernel2980$tind
     X tbl_defense4_rrc_kernel2981$tind
     Y tbl_defense4_rrc_kernel2984$gw
     Z tbl_defense4_rrc_kernel2984$tind
     a tbl_to_resp_hold$gw
     b tbl_to_resp_hold$tind
  
can't place tbl_defense4_rrc_kernel2992 in stage 10 : ran out of memories: too many tables total
can't place tbl_defense4_rrc_kernel2993 in stage 10 : ran out of memories: too many tables total
can't place tbl_defense4_rrc_kernel2994 in stage 10 : ran out of memories: too many tables total
Stage 11
  exact ixbar groups                  ternary ixbar groups
  A0......C0......D0D1D2D3B0......  .......... .. ..........
  ................D0D1D2D3........  .......... .. ..........
  ................D0D1D2D3........  .......... .. ..........
  ................................  .......... .. ..........
  ................................  .......... .. ..........
  ................................  .......... .. ..........
  ................................
  ................................
     A B14 (tbl_defense4_rrc_kernel2994$gw)
     B W12 (tbl_defense4_rrc_kernel2992$gw)
     C W13 (tbl_defense4_rrc_kernel2993$gw)
     D W4 (tbl_defense4_rrc_kernel2992$salu, tbl_defense4_rrc_kernel2993$salu, tbl_defense4_rrc_kernel2994$salu)
  hash select bits  Groups  hd  /- hash dist bits --- (Groups: -1 -1)
  .... ............  .0000  ... ................................................
  .... ............  .0000  ... ................................................
  .... ............  .0000  ... ................................................
  .... ............  .0000  ... ................................................
  .... ............  .0000  ... ................................................
  .... ............  .0000  ... ................................................
  .... ............  .0000  ... ................................................
  .... ............  .0000  ... ................................................
  .... ............         ... ................................................
  .... ............         ... ................................................
  .... ............         ... ................................................
  .... ............         ... ................................................
  .... ............         ... ................................................
  .... ............         ... ................................................
  .... ............         ... ................................................
  .... ............         ... ................................................
  
  tc  sb  rb  tib ab  st  srams       mapram  ov  gw pay 2p
  ..  ..  ..  FI  ..  ..  ..........  ......  ..  DG  ..  .
  ..  ..  ..  C.  ..  ..  ..........  ......  ..  A.  ..  .
  ..  ..  ..  ..  ..  ..  ..........  ......  ..  ..  ..  .
  ..  ..  ..  ..  ..  ..  ....BB....  BB....  ..  ..  ..  .
  ..  ..  ..  ..  ..  ..  ..........  ......  ..  ..  ..  .
  ..  ..  ..  ..  ..  ..  ....HH....  HH....  ..  ..  ..  .
  ..  ..  ..  ..  ..  ..  ..........  ......  ..  ..  ..  .
  ..  ..  ..  ..  ..  ..  ....EE....  EE....  ..  ..  ..  .
  ..                                                      
  ..                                                      
  ..                                                      
  ..                                                      
     A tbl_defense4_rrc_kernel2992$gw
     B tbl_defense4_rrc_kernel2992$salu.Ingress.reg_ts_first_block
     C tbl_defense4_rrc_kernel2992$tind
     D tbl_defense4_rrc_kernel2993$gw
     E tbl_defense4_rrc_kernel2993$salu.Ingress.reg_ts_ack_arm
     F tbl_defense4_rrc_kernel2993$tind
     G tbl_defense4_rrc_kernel2994$gw
     H tbl_defense4_rrc_kernel2994$salu.Ingress.reg_ts_block_term
     I tbl_defense4_rrc_kernel2994$tind
  
Table tbl_defense4_rrc_kernel2396 delayed to stage 1 from stage 0
  stage 0: dependency (CONTROL_COND_FALSE) on tbl_build_exp_ack_0 in stage 0
  - preferred cond-78(longer downward prop control-included dependence tail chain) over 1 of tbl_defense4_rrc_kernel2396 in stage 0
  - preferred tbl_params_0(longer downward prop control-included dependence tail chain) over 1 of tbl_defense4_rrc_kernel2396 in stage 0
Table tbl_defense4_rrc_kernel2658 delayed to stage 9 from stage 7
  stage 7: dependency (CONTROL_COND_FALSE) on tbl_to_resp_block in stage 7
  - preferred cond-107(longer downward prop control-included dependence tail chain) over 1 of tbl_defense4_rrc_kernel2658 in stage 8
  - preferred tbl_defense4_rrc_kernel2646(longer downward prop control-included dependence tail chain) over 1 of tbl_defense4_rrc_kernel2658 in stage 8
  - preferred tbl_defense4_rrc_kernel2650(default choice) over 1 of tbl_defense4_rrc_kernel2658 in stage 7
  - preferred tbl_defense4_rrc_kernel2655(longer downward prop control-included dependence tail chain) over 1 of tbl_defense4_rrc_kernel2658 in stage 8
  - preferred tbl_defense4_rrc_kernel2879(longer downward prop control-included dependence tail chain) over 1 of tbl_defense4_rrc_kernel2658 in stage 8
  - preferred tbl_defense4_rrc_kernel2921(longer downward prop control-included dependence tail chain) over 1 of tbl_defense4_rrc_kernel2658 in stage 8
Table tbl_defense4_rrc_kernel2650 delayed to stage 9 from stage 7
  stage 7: dependency (CONTROL_COND_TRUE) on tbl_to_resp_block in stage 7
  stage 5: dependency (ACTION_READ) on tbl_defense4_rrc_kernel2545 in stage 4
  stage 5: dependency (ACTION_READ) on tbl_defense4_rrc_kernel2556 in stage 4
  stage 5: dependency (ACTION_READ) on tbl_defense4_rrc_kernel2558 in stage 4
  stage 4: dependency (ACTION_READ) on tbl_resp_authorise_0 in stage 3
  stage 2: dependency (ANTI_ACTION_READ) on tbl_defense4_rrc_kernel2402 in stage 1
  stage 1: dependency (ANTI_ACTION_READ) on tbl_defense4_rrc_kernel2405 in stage 1
  stage 1: dependency (ACTION_READ) on tbl_params_0 in stage 0
  - preferred cond-107(longer downward prop control-included dependence tail chain) over 1 of tbl_defense4_rrc_kernel2650 in stage 8
  - preferred tbl_defense4_rrc_kernel2646(longer downward prop control-included dependence tail chain) over 1 of tbl_defense4_rrc_kernel2650 in stage 8
  - preferred tbl_defense4_rrc_kernel2879(longer downward prop control-included dependence tail chain) over 1 of tbl_defense4_rrc_kernel2650 in stage 8
  - preferred tbl_defense4_rrc_kernel2921(longer downward prop control-included dependence tail chain) over 1 of tbl_defense4_rrc_kernel2650 in stage 8
  - preferred tbl_to_resp_block(default choice) over 1 of tbl_defense4_rrc_kernel2650 in stage 7
Table tbl_defense4_rrc_kernel2641 delayed to stage 9 from stage 7
  stage 7: dependency (CONTROL_COND_TRUE) on tbl_to_block in stage 7
  stage 5: dependency (ACTION_READ) on tbl_defense4_rrc_kernel2545 in stage 4
  stage 5: dependency (ACTION_READ) on tbl_defense4_rrc_kernel2556 in stage 4
  stage 5: dependency (ACTION_READ) on tbl_defense4_rrc_kernel2558 in stage 4
  stage 4: dependency (ACTION_READ) on tbl_resp_authorise_0 in stage 3
  stage 2: dependency (ANTI_ACTION_READ) on tbl_defense4_rrc_kernel2402 in stage 1
  stage 1: dependency (ANTI_ACTION_READ) on tbl_defense4_rrc_kernel2405 in stage 1
  stage 1: dependency (ACTION_READ) on tbl_params_0 in stage 0
  - preferred cond-107(longer downward prop control-included dependence tail chain) over 1 of tbl_defense4_rrc_kernel2641 in stage 8
  - preferred tbl_defense4_rrc_kernel2879(longer downward prop control-included dependence tail chain) over 1 of tbl_defense4_rrc_kernel2641 in stage 8
  - preferred tbl_defense4_rrc_kernel2921(longer downward prop control-included dependence tail chain) over 1 of tbl_defense4_rrc_kernel2641 in stage 8
  - preferred tbl_to_block(default choice) over 1 of tbl_defense4_rrc_kernel2641 in stage 7
Table cond-107 delayed to stage 8 from stage 7
  stage 7: dependency (CONTROL_COND_FALSE) on cond-102 in stage 7
  stage 2: dependency (ACTION_READ) on tbl_defense4_rrc_kernel2449 in stage 1
  stage 2: dependency (ACTION_READ) on tbl_defense4_rrc_kernel2452 in stage 1
  stage 2: dependency (ACTION_READ) on tbl_defense4_rrc_kernel2455 in stage 1
  stage 1: dependency (ACTION_READ) on tbl_defense4_rrc_kernel2461 in stage 0
  stage 1: dependency (ACTION_READ) on tbl_defense4_rrc_kernel2467 in stage 0
  - preferred tbl_defense4_rrc_kernel2637(fewer total dependencies in dominance frontier) over 0 of cond-107 in stage 7
  - preferred tbl_defense4_rrc_kernel2641(fewer total dependencies in dominance frontier) over 0 of cond-107 in stage 7
  - preferred tbl_defense4_rrc_kernel2658(average chain length of control dom set) over 0 of cond-107 in stage 7
  - preferred tbl_defense4_rrc_kernel2689(fewer total dependencies in dominance frontier) over 0 of cond-107 in stage 7
Table tbl_defense4_rrc_kernel2916 delayed to stage 9 from stage 7
  stage 7: dependency (CONTROL_COND_FALSE) on tbl_defense4_rrc_kernel2912 in stage 7
  stage 1: dependency (ANTI_ACTION_READ) on tbl_defense4_rrc_kernel2402 in stage 1
  - preferred tbl_defense4_rrc_kernel2622(longer downward prop control-included dependence tail chain) over 1 of tbl_defense4_rrc_kernel2916 in stage 7
  - preferred tbl_defense4_rrc_kernel2870(longer downward prop control-included dependence tail chain) over 1 of tbl_defense4_rrc_kernel2916 in stage 7
  - preferred tbl_defense4_rrc_kernel2921(longer downward prop control-included dependence tail chain) over 1 of tbl_defense4_rrc_kernel2916 in stage 8
Table tbl_to_block_0 delayed to stage 9 from stage 7
  stage 7: dependency (CONTROL_COND_FALSE) on tbl_defense4_rrc_kernel2912 in stage 7
  - preferred tbl_defense4_rrc_kernel2622(longer downward prop control-included dependence tail chain) over 1 of tbl_to_block_0 in stage 7
  - preferred tbl_defense4_rrc_kernel2870(longer downward prop control-included dependence tail chain) over 1 of tbl_to_block_0 in stage 7
  - preferred tbl_defense4_rrc_kernel2921(longer downward prop control-included dependence tail chain) over 1 of tbl_to_block_0 in stage 8
Table tbl_defense4_rrc_kernel2918 delayed to stage 9 from stage 7
  stage 7: dependency (CONTROL_COND_FALSE) on tbl_defense4_rrc_kernel2912 in stage 7
  - preferred cond-102(longer downward prop control-included dependence tail chain) over 1 of tbl_defense4_rrc_kernel2918 in stage 7
  - preferred cond-107(longer downward prop control-included dependence tail chain) over 1 of tbl_defense4_rrc_kernel2918 in stage 8
  - preferred tbl_defense4_rrc_kernel2622(longer downward prop control-included dependence tail chain) over 1 of tbl_defense4_rrc_kernel2918 in stage 7
  - preferred tbl_defense4_rrc_kernel2689(longer downward prop control-included dependence tail chain) over 1 of tbl_defense4_rrc_kernel2918 in stage 7
  - preferred tbl_defense4_rrc_kernel2870(longer downward prop control-included dependence tail chain) over 1 of tbl_defense4_rrc_kernel2918 in stage 7
  - preferred tbl_defense4_rrc_kernel2912(longer downward prop control-included dependence tail chain) over 1 of tbl_defense4_rrc_kernel2918 in stage 7
  - preferred tbl_defense4_rrc_kernel2921(longer downward prop control-included dependence tail chain) over 1 of tbl_defense4_rrc_kernel2918 in stage 8
Table tbl_defense4_rrc_kernel2930 delayed to stage 9 from stage 8
  stage 8: dependency (CONTROL_COND_FALSE) on tbl_defense4_rrc_kernel2925 in stage 8
  stage 1: dependency (ANTI_ACTION_READ) on tbl_defense4_rrc_kernel2402 in stage 1
  - preferred cond-107(longer downward prop control-included dependence tail chain) over 1 of tbl_defense4_rrc_kernel2930 in stage 8
  - preferred tbl_defense4_rrc_kernel2883(longer downward prop control-included dependence tail chain) over 1 of tbl_defense4_rrc_kernel2930 in stage 8
Table tbl_to_block_1 delayed to stage 9 from stage 8
  stage 8: dependency (CONTROL_COND_FALSE) on tbl_defense4_rrc_kernel2925 in stage 8
  - preferred cond-107(longer downward prop control-included dependence tail chain) over 1 of tbl_to_block_1 in stage 8
  - preferred tbl_defense4_rrc_kernel2883(longer downward prop control-included dependence tail chain) over 1 of tbl_to_block_1 in stage 8
Table tbl_defense4_rrc_kernel2932 delayed to stage 9 from stage 8
  stage 8: dependency (CONTROL_COND_FALSE) on tbl_defense4_rrc_kernel2925 in stage 8
  - preferred cond-107(longer downward prop control-included dependence tail chain) over 1 of tbl_defense4_rrc_kernel2932 in stage 8
  - preferred tbl_defense4_rrc_kernel2883(longer downward prop control-included dependence tail chain) over 1 of tbl_defense4_rrc_kernel2932 in stage 8
  - preferred tbl_defense4_rrc_kernel2887(default choice) over 1 of tbl_defense4_rrc_kernel2932 in stage 8
  - preferred tbl_defense4_rrc_kernel2925(longer downward prop control-included dependence tail chain) over 1 of tbl_defense4_rrc_kernel2932 in stage 8
Table egresshdr.tcp.checksum_encode_update_condition_3 delayed to stage 2 from stage 1
  stage 1: dependency (IXBAR_READ) on tbl_defense4_rrc_kernel3171 in stage 0
  stage 1: dependency (IXBAR_READ) on tbl_defense4_rrc_kernel3182 in stage 0
  stage 1: dependency (CONTROL_EXIT) on egresshdr.ipv4.hdr_checksum_encode_update_condition_2 in stage 1
Stage advance for pipe pipe REDO_PHV1 not ignoring container conflicts
Stage 0
  exact ixbar groups                  ternary ixbar groups
  D0B0H0C0A0E1G0G1..F1............  I0J1I2I3J0 I1 J2J3K0K1K2
  ................................  K3........ .. ..........
  ................................  .......... .. ..........
  ................................  .......... .. ..........
  ................................  .......... .. ..........
  ................................  .......... .. ..........
  ................................
  ................................
     A B12 (tbl_defense4_rrc_kernel2461$gw, tbl_defense4_rrc_kernel2467$gw, tbl_defense4_rrc_kernel2478$gw)
     B B14 (tbl_build_exp_ack_0$gw)
     C B15 (cond-78$gw)
     D B3 (tbl_build_exp_ack_0)
     E H14 (tbl_defense4_rrc_kernel2447$gw)
     F H23 (tbl_defense4_rrc_kernel3171$gw, tbl_defense4_rrc_kernel3182$gw)
     G H24 (cond-141$gw, cond-143$gw, tbl_defense4_rrc_kernel3191$gw)
     H H9 (tbl_session_0$gw)
     I W11 (tbl_session_0)
     J W14 (tbl_session_0)
     K W15 (tbl_session_0)
  hash select bits  Groups  hd  /- hash dist bits --- (Groups: -1 -1)
  A... ............  A0001  ... ................................................
  .... ............  .0000  ... ................................................
  .... ............  .0000  ... ................................................
  .... ............  .0000  ... ................................................
  .... ............  .0000  ... ................................................
  .... ............  .0000  ... ................................................
  .... ............  .0000  ... ................................................
  .... ............  .0000  ... ................................................
  .... ............         ... ................................................
  .... ............         ... ................................................
  .... ............         ... ................................................
  .... ............         ... ................................................
  .... ............         ... ................................................
  .... ............         ... ................................................
  .... ............         ... ................................................
  .... ............         ... ................................................
     A tbl_build_exp_ack_0
  
  tc  sb  rb  tib ab  st  srams       mapram  ov  gw pay 2p
  c.  ..  ..  eT  ..  ..  e.........  ......  ..  VB  ..  .
  c.  ..  ..  ZX  ..  ..  ..........  ......  ..  QA  ..  .
  c.  ..  ..  WR  ..  ..  ..........  ......  ..  HN  ..  .
  ..  ..  ..  IO  ..  ..  ..........  ......  ..  LJ  ..  .
  ..  ..  ..  MK  ..  ..  ....FF....  FF....  ..  Cd  ..  .
  ..  ..  ..  bG  ..  ..  ..........  ......  ..  E.  ..  .
  ..  ..  ..  ..  ..  ..  ....SSa...  SS....  ..  ..  ..  .
  ..  D.  ..  ..  ..  ..  DP..U.....  ......  ..  Y.  ..  .
  ..                                                      
  ..                                                      
  ..                                                      
  ..                                                      
     A cond-141$gw
     B cond-143$gw
     C cond-78$gw
     D tbl_build_exp_ack_0
     E tbl_build_exp_ack_0$gw
     F tbl_defense4_rrc_kernel2392$stats.Ingress.ctr_fresh
     G tbl_defense4_rrc_kernel2392$tind
     H tbl_defense4_rrc_kernel2447$gw
     I tbl_defense4_rrc_kernel2447$tind
     J tbl_defense4_rrc_kernel2461$gw
     K tbl_defense4_rrc_kernel2461$tind
     L tbl_defense4_rrc_kernel2467$gw
     M tbl_defense4_rrc_kernel2467$tind
     N tbl_defense4_rrc_kernel2478$gw
     O tbl_defense4_rrc_kernel2478$tind
     P tbl_defense4_rrc_kernel3171$action_data
     Q tbl_defense4_rrc_kernel3171$gw
     R tbl_defense4_rrc_kernel3171$tind
     S tbl_defense4_rrc_kernel3177$stats.Egress.ctr_rrc
     T tbl_defense4_rrc_kernel3177$tind
     U tbl_defense4_rrc_kernel3182$action_data
     V tbl_defense4_rrc_kernel3182$gw
     W tbl_defense4_rrc_kernel3182$tind
     X tbl_defense4_rrc_kernel3188$tind
     Y tbl_defense4_rrc_kernel3191$gw
     Z tbl_defense4_rrc_kernel3191$tind
     a tbl_params_0$action_data
     b tbl_params_0$tind
     c tbl_session_0
     d tbl_session_0$gw
     e tbl_session_0$tind
  
can't place tbl_defense4_rrc_kernel2449 in stage 0 : dependency on table tbl_session_0
can't place tbl_defense4_rrc_kernel3196 in stage 0 : dependency on table tbl_defense4_rrc_kernel3182
can't place egress_reset_invalidated_checksum_fields_0 in stage 0 : dependency on table tbl_defense4_rrc_kernel3171
can't place egress_reset_invalidated_checksum_fields_1 in stage 0 : dependency on table tbl_defense4_rrc_kernel3171
can't place egress_reset_invalidated_checksum_fields_2 in stage 0 : dependency on table tbl_defense4_rrc_kernel3182
can't place egress_reset_invalidated_checksum_fields_3 in stage 0 : dependency on table tbl_defense4_rrc_kernel3182
Stage 1
  exact ixbar groups                  ternary ixbar groups
  D0A0B0..H0H1....I0I1............  .......... .. ..........
  E0F1C0E1........G0G1G2G3J0J1J2J3  .......... .. ..........
  ................................  .......... .. ..........
  ................................  .......... .. ..........
  ................................  .......... .. ..........
  ................................  .......... .. ..........
  ................................
  ................................
     A B12 (tbl_defense4_rrc_kernel2449$gw, tbl_defense4_rrc_kernel2452$gw, tbl_defense4_rrc_kernel2455$gw)
     B B13 (tbl_defense4_rrc_kernel2452$gw, tbl_defense4_rrc_kernel2455$gw)
     C B16 (egress_reset_invalidated_checksum_fields_2$gw)
     D B7 (tbl_defense4_rrc_kernel2449$gw, tbl_defense4_rrc_kernel2452$gw, tbl_defense4_rrc_kernel2455$gw, tbl_defense4_rrc_kernel2512$gw)
     E H23 (egress_reset_invalidated_checksum_fields_0$gw, egress_reset_invalidated_checksum_fields_1$gw, egress_reset_invalidated_checksum_fields_2$gw, egress_reset_invalidated_checksum_fields_3$gw, egresshdr.ipv4.hdr_checksum_encode_update_condition_2, tbl_defense4_rrc_kernel3196$gw)
     F H7 (tbl_defense4_rrc_kernel2405$gw)
     G W0 (tbl_defense4_rrc_kernel2402$gw, tbl_defense4_rrc_kernel2513$salu)
     H W12 (tbl_defense4_rrc_kernel2514$salu)
     I W13 (tbl_defense4_rrc_kernel2514$salu)
     J W36 (tbl_defense4_rrc_kernel2513$salu)
  hash select bits  Groups  hd  /- hash dist bits --- (Groups: -1 -1)
  BBBB ............  B0003  ... ................................................
  BBBB ............  A0004  ... ................................................
  A... ............  .0000  ... ................................................
  .... ............  .0000  ... ................................................
  .... ............  .0000  ... ................................................
  .... ............  .0000  ... ................................................
  .... ............  .0000  ... ................................................
  .... ............  .0000  ... ................................................
  .... ............         ... ................................................
  .... ............         ... ................................................
  .... ............         ... ................................................
  .... ............         ... ................................................
  .... ............         ... ................................................
  .... ............         ... ................................................
  .... ............         ... ................................................
  .... ............         ... ................................................
     A egresshdr.ipv4.hdr_checksum_encode_update_condition_2
     B tbl_defense4_rrc_kernel2514$salu
  
  tc  sb  rb  tib ab  st  srams       mapram  ov  gw pay 2p
  ..  ..  ..  cB  ..  ..  ..........  ......  ..  AC  ..  .
  ..  ..  ..  DF  ..  ..  ..........  ......  ..  EG  ..  .
  ..  ..  ..  HO  ..  ..  ..........  ......  ..  NL  ..  .
  ..  ..  ..  MY  ..  ..  ..........  ......  ..  VT  ..  .
  ..  ..  ..  Wa  ..  ..  ..........  ......  ..  RP  ..  .
  ..  ..  ..  JK  ..  ..  ....ZZ....  ZZ....  ..  ..  ..  .
  ..  ..  ..  US  ..  ..  ..........  ......  ..  ..  ..  .
  ..  I.  ..  Q.  ..  ..  I...XX....  XX....  ..  b.  ..  .
  ..                                                      
  ..                                                      
  ..                                                      
  ..                                                      
     A egress_reset_invalidated_checksum_fields_0$gw
     B egress_reset_invalidated_checksum_fields_0$tind
     C egress_reset_invalidated_checksum_fields_1$gw
     D egress_reset_invalidated_checksum_fields_1$tind
     E egress_reset_invalidated_checksum_fields_2$gw
     F egress_reset_invalidated_checksum_fields_2$tind
     G egress_reset_invalidated_checksum_fields_3$gw
     H egress_reset_invalidated_checksum_fields_3$tind
     I egresshdr.ipv4.hdr_checksum_encode_update_condition_2
     J tbl_build_do_shape_0$tind
     K tbl_defense4_rrc_kernel2396$tind
     L tbl_defense4_rrc_kernel2402$gw
     M tbl_defense4_rrc_kernel2402$tind
     N tbl_defense4_rrc_kernel2405$gw
     O tbl_defense4_rrc_kernel2405$tind
     P tbl_defense4_rrc_kernel2449$gw
     Q tbl_defense4_rrc_kernel2449$tind
     R tbl_defense4_rrc_kernel2452$gw
     S tbl_defense4_rrc_kernel2452$tind
     T tbl_defense4_rrc_kernel2455$gw
     U tbl_defense4_rrc_kernel2455$tind
     V tbl_defense4_rrc_kernel2512$gw
     W tbl_defense4_rrc_kernel2512$tind
     X tbl_defense4_rrc_kernel2513$salu.Ingress.reg_exp_relay_seq
     Y tbl_defense4_rrc_kernel2513$tind
     Z tbl_defense4_rrc_kernel2514$salu.Ingress.reg_session_port
     a tbl_defense4_rrc_kernel2514$tind
     b tbl_defense4_rrc_kernel3196$gw
     c tbl_defense4_rrc_kernel3196$tind
  
can't place egresshdr.tcp.checksum_encode_update_condition_3 in stage 1 : container conflict with table egresshdr.ipv4.hdr_checksum_encode_update_condition_2
can't place tbl_build_now_0 in stage 1 : dependency on table tbl_defense4_rrc_kernel2396
can't place cond-86 in stage 1 : dependency on table tbl_defense4_rrc_kernel2455
can't place tbl_defense4_rrc_kernel2518 in stage 1 : dependency on table tbl_defense4_rrc_kernel2455
can't place tbl_defense4_rrc_kernel2516 in stage 1 : dependency on table tbl_defense4_rrc_kernel2455
can't place tbl_defense4_rrc_kernel2995 in stage 1 : dependency on table tbl_defense4_rrc_kernel2396
Stage 2
  exact ixbar groups                  ternary ixbar groups
  C0E0A0I3B0F1F0..H0H1H2H3G0G1G2G3  .......... .. ..........
  ................D0..............  .......... .. ..........
  ................J0J1J2J3........  .......... .. ..........
  ................................  .......... .. ..........
  ................................  .......... .. ..........
  ................................  .......... .. ..........
  ................................
  ................................
     A B12 (tbl_defense4_rrc_kernel2995$gw)
     B B15 (tbl_defense4_rrc_kernel2995$gw)
     C B32 (tbl_defense4_rrc_kernel2491$gw)
     D B4 (tbl_defense4_rrc_kernel2496$salu)
     E B8 (tbl_defense4_rrc_kernel2496$gw)
     F H23 (egresshdr.tcp.checksum_encode_update_condition_3)
     G W2 (tbl_defense4_rrc_kernel2518$salu)
     H W32 (tbl_defense4_rrc_kernel2518$salu)
     I W37 (cond-86$gw, tbl_defense4_rrc_kernel2496$gw, tbl_defense4_rrc_kernel2516$gw)
     J W4 (tbl_defense4_rrc_kernel2995$salu)
  hash select bits  Groups  hd  /- hash dist bits --- (Groups: -1 -1)
  A... ............  A0001  ... ................................................
  .... ............  .0000  ... ................................................
  .... ............  .0000  ... ................................................
  .... ............  .0000  ... ................................................
  .... ............  .0000  ... ................................................
  .... ............  .0000  ... ................................................
  .... ............  .0000  ... ................................................
  .... ............  .0000  ... ................................................
  .... ............         ... ................................................
  .... ............         ... ................................................
  .... ............         ... ................................................
  .... ............         ... ................................................
  .... ............         ... ................................................
  .... ............         ... ................................................
  .... ............         ... ................................................
  .... ............         ... ................................................
     A egresshdr.tcp.checksum_encode_update_condition_3
  
  tc  sb  rb  tib ab  st  srams       mapram  ov  gw pay 2p
  ..  ..  ..  PC  ..  ..  ..........  ......  ..  GD  ..  .
  ..  ..  ..  IF  ..  ..  ..........  ......  ..  AJ  ..  .
  ..  ..  ..  EM  ..  ..  ..........  ......  ..  ..  ..  .
  ..  ..  ..  K.  ..  ..  ....LL....  LL....  ..  ..  ..  .
  ..  ..  ..  ..  ..  ..  ..........  ......  ..  ..  ..  .
  ..  ..  ..  ..  ..  ..  ....HH....  HH....  ..  ..  ..  .
  ..  ..  ..  ..  ..  ..  ..........  ......  ..  ..  ..  .
  ..  B.  ..  ..  ..  ..  B...OO....  OO....  ..  N.  ..  .
  ..                                                      
  ..                                                      
  ..                                                      
  ..                                                      
     A cond-86$gw
     B egresshdr.tcp.checksum_encode_update_condition_3
     C tbl_build_now_0$tind
     D tbl_defense4_rrc_kernel2491$gw
     E tbl_defense4_rrc_kernel2491$tind
     F tbl_defense4_rrc_kernel2493$tind
     G tbl_defense4_rrc_kernel2496$gw
     H tbl_defense4_rrc_kernel2496$salu.Ingress.reg_failopen
     I tbl_defense4_rrc_kernel2496$tind
     J tbl_defense4_rrc_kernel2516$gw
     K tbl_defense4_rrc_kernel2516$tind
     L tbl_defense4_rrc_kernel2518$salu.Ingress.reg_exp_ack
     M tbl_defense4_rrc_kernel2518$tind
     N tbl_defense4_rrc_kernel2995$gw
     O tbl_defense4_rrc_kernel2995$salu.Ingress.reg_ts_ack_release
     P tbl_defense4_rrc_kernel2995$tind
  
can't place tbl_resp_authorise_0 in stage 2 : dependency on table tbl_defense4_rrc_kernel2493
can't place tbl_build_cand_0 in stage 2 : dependency on table tbl_build_now_0
Stage 3
  exact ixbar groups                  ternary ixbar groups
  ................................  .......... .. C2D3E0E1D2
  ................................  E3A0B1E2A1 .. ..........
  ................................  .......... C3 ..........
  ................................  .......... .. ..........
  ................................  .......... .. ..........
  ................................  .......... .. ..........
  ................................
  ................................
     A H15 (tbl_resp_authorise_0)
     B H6 (tbl_resp_authorise_0)
     C W12 (tbl_resp_authorise_0)
     D W13 (tbl_resp_authorise_0)
     E W37 (tbl_resp_authorise_0)
  hash select bits  Groups  hd  /- hash dist bits --- (Groups: -1 -1)
  .... ............  .0000  ... ................................................
  .... ............  .0000  ... ................................................
  .... ............  .0000  ... ................................................
  .... ............  .0000  ... ................................................
  .... ............  .0000  ... ................................................
  .... ............  .0000  ... ................................................
  .... ............  .0000  ... ................................................
  .... ............  .0000  ... ................................................
  .... ............         ... ................................................
  .... ............         ... ................................................
  .... ............         ... ................................................
  .... ............         ... ................................................
  .... ............         ... ................................................
  .... ............         ... ................................................
  .... ............         ... ................................................
  .... ............         ... ................................................
  
  tc  sb  rb  tib ab  st  srams       mapram  ov  gw pay 2p
  C.  ..  ..  DA  ..  ..  D.........  ......  ..  ..  ..  .
  C.  ..  ..  B.  ..  ..  ..........  ......  ..  ..  ..  .
  C.  ..  ..  ..  ..  ..  ..........  ......  ..  ..  ..  .
  ..  ..  ..  ..  ..  ..  ..........  ......  ..  ..  ..  .
  ..  ..  ..  ..  ..  ..  ..........  ......  ..  ..  ..  .
  ..  ..  ..  ..  ..  ..  ..........  ......  ..  ..  ..  .
  ..  ..  ..  ..  ..  ..  ..........  ......  ..  ..  ..  .
  ..  ..  ..  ..  ..  ..  ..........  ......  ..  ..  ..  .
  ..                                                      
  ..                                                      
  ..                                                      
  ..                                                      
     A tbl_build_cand_0$tind
     B tbl_build_cand_resp_0$tind
     C tbl_resp_authorise_0
     D tbl_resp_authorise_0$tind
  
can't place tbl_defense4_rrc_kernel2535 in stage 3 : dependency on table tbl_resp_authorise_0
Stage 4
  exact ixbar groups                  ternary ixbar groups
  D0B0A0E3..C1....................  .......... .. ..........
  ................................  .......... .. ..........
  ................................  .......... .. ..........
  ................................  .......... .. ..........
  ................................  .......... .. ..........
  ................................  .......... .. ..........
  ................................
  ................................
     A B32 (tbl_defense4_rrc_kernel2535$gw, tbl_defense4_rrc_kernel2556$gw)
     B B4 (tbl_defense4_rrc_kernel2558$salu)
     C H14 (tbl_defense4_rrc_kernel2545$gw)
     D H8 (tbl_defense4_rrc_kernel2558$salu)
     E W37 (tbl_defense4_rrc_kernel2535$gw, tbl_defense4_rrc_kernel2539$gw, tbl_defense4_rrc_kernel2545$gw, tbl_defense4_rrc_kernel2561$gw)
  hash select bits  Groups  hd  /- hash dist bits --- (Groups: -1 -1)
  AA.. ............  A0001  ... ................................................
  .... ............  .0000  ... ................................................
  .... ............  .0000  ... ................................................
  .... ............  .0000  ... ................................................
  .... ............  .0000  ... ................................................
  .... ............  .0000  ... ................................................
  .... ............  .0000  ... ................................................
  .... ............  .0000  ... ................................................
  .... ............         ... ................................................
  .... ............         ... ................................................
  .... ............         ... ................................................
  .... ............         ... ................................................
  .... ............         ... ................................................
  .... ............         ... ................................................
  .... ............         ... ................................................
  .... ............         ... ................................................
     A tbl_defense4_rrc_kernel2558$salu
  
  tc  sb  rb  tib ab  st  srams       mapram  ov  gw pay 2p
  ..  ..  ..  IL  ..  ..  ..........  ......  ..  GK  ..  .
  ..  ..  ..  FD  ..  ..  ..........  ......  ..  EC  ..  .
  ..  ..  ..  BJ  ..  ..  ..........  ......  ..  A.  ..  .
  ..  ..  ..  ..  ..  ..  ..........  ......  ..  ..  ..  .
  ..  ..  ..  ..  ..  ..  ..........  ......  ..  ..  ..  .
  ..  ..  ..  ..  ..  ..  ..........  ......  ..  ..  ..  .
  ..  ..  ..  ..  ..  ..  ..........  ......  ..  ..  ..  .
  ..  ..  ..  ..  ..  ..  ....HH....  HH....  ..  ..  ..  .
  ..                                                      
  ..                                                      
  ..                                                      
  ..                                                      
     A tbl_defense4_rrc_kernel2535$gw
     B tbl_defense4_rrc_kernel2535$tind
     C tbl_defense4_rrc_kernel2539$gw
     D tbl_defense4_rrc_kernel2539$tind
     E tbl_defense4_rrc_kernel2545$gw
     F tbl_defense4_rrc_kernel2545$tind
     G tbl_defense4_rrc_kernel2556$gw
     H tbl_defense4_rrc_kernel2556$salu.Ingress.reg_tag
     I tbl_defense4_rrc_kernel2556$tind
     J tbl_defense4_rrc_kernel2558$tind
     K tbl_defense4_rrc_kernel2561$gw
     L tbl_defense4_rrc_kernel2561$tind
  
can't place tbl_state_decode_0 in stage 4 : dependency on table tbl_defense4_rrc_kernel2558
can't place tbl_txn_active_0 in stage 4 : dependency on table tbl_defense4_rrc_kernel2558
Stage 5
  exact ixbar groups                  ternary ixbar groups
  ................................  B0A1...... .. D2E3F0F1E2
  ................................  F3A0B1F2C1 .. ..........
  ................................  .......... D3 ..........
  ................................  .......... .. ..........
  ................................  .......... .. ..........
  ................................  .......... .. ..........
  ................................
  ................................
     A H15 (tbl_state_decode_0)
     B H6 (tbl_state_decode_0, tbl_txn_active_0)
     C H8 (tbl_state_decode_0)
     D W12 (tbl_state_decode_0)
     E W13 (tbl_state_decode_0)
     F W37 (tbl_state_decode_0)
  hash select bits  Groups  hd  /- hash dist bits --- (Groups: -1 -1)
  .... ............  .0000  ... ................................................
  .... ............  .0000  ... ................................................
  .... ............  .0000  ... ................................................
  .... ............  .0000  ... ................................................
  .... ............  .0000  ... ................................................
  .... ............  .0000  ... ................................................
  .... ............  .0000  ... ................................................
  .... ............  .0000  ... ................................................
  .... ............         ... ................................................
  .... ............         ... ................................................
  .... ............         ... ................................................
  .... ............         ... ................................................
  .... ............         ... ................................................
  .... ............         ... ................................................
  .... ............         ... ................................................
  .... ............         ... ................................................
  
  tc  sb  rb  tib ab  st  srams       mapram  ov  gw pay 2p
  A.  ..  ..  B.  ..  ..  B.........  ......  ..  ..  ..  .
  A.  ..  ..  D.  ..  ..  D.........  ......  ..  ..  ..  .
  A.  ..  ..  ..  ..  ..  ..........  ......  ..  ..  ..  .
  C.  ..  ..  ..  ..  ..  ..........  ......  ..  ..  ..  .
  ..  ..  ..  ..  ..  ..  ..........  ......  ..  ..  ..  .
  ..  ..  ..  ..  ..  ..  ..........  ......  ..  ..  ..  .
  ..  ..  ..  ..  ..  ..  ..........  ......  ..  ..  ..  .
  ..  ..  ..  ..  ..  ..  ..........  ......  ..  ..  ..  .
  ..                                                      
  ..                                                      
  ..                                                      
  ..                                                      
     A tbl_state_decode_0
     B tbl_state_decode_0$tind
     C tbl_txn_active_0
     D tbl_txn_active_0$tind
  
can't place tbl_defense4_rrc_kernel2582 in stage 5 : dependency on table tbl_txn_active_0
can't place tbl_defense4_rrc_kernel2580 in stage 5 : dependency on table tbl_txn_active_0
can't place tbl_defense4_rrc_kernel2591 in stage 5 : dependency on table tbl_txn_active_0
can't place tbl_defense4_rrc_kernel2589 in stage 5 : shared table tbl_defense4_rrc_kernel2591 depends on table tbl_txn_active_0
can't place tbl_defense4_rrc_kernel2601 in stage 5 : dependency on table tbl_state_decode_0
Stage 6
  exact ixbar groups                  ternary ixbar groups
  C0..A0E3B0......F0F1F2F3G0G1G2G3  .......... .. ..........
  ................D0D1D2D3G0G1G2G3  .......... .. ..........
  ................................  .......... .. ..........
  ................................  .......... .. ..........
  ................................  .......... .. ..........
  ................................  .......... .. ..........
  ................................
  ................................
     A H6 (tbl_defense4_rrc_kernel2607$salu)
     B H8 (tbl_defense4_rrc_kernel2607$salu)
     C W12 (tbl_defense4_rrc_kernel2582$gw, tbl_defense4_rrc_kernel2589$gw)
     D W2 (tbl_defense4_rrc_kernel2580$salu)
     E W37 (tbl_defense4_rrc_kernel2601$gw, tbl_defense4_rrc_kernel2607$gw)
     F W5 (tbl_defense4_rrc_kernel2591$salu)
     G W8 (tbl_defense4_rrc_kernel2580$salu, tbl_defense4_rrc_kernel2591$salu)
  hash select bits  Groups  hd  /- hash dist bits --- (Groups: -1 -1)
  AA.. ............  A0001  ... ................................................
  .... ............  .0000  ... ................................................
  .... ............  .0000  ... ................................................
  .... ............  .0000  ... ................................................
  .... ............  .0000  ... ................................................
  .... ............  .0000  ... ................................................
  .... ............  .0000  ... ................................................
  .... ............  .0000  ... ................................................
  .... ............         ... ................................................
  .... ............         ... ................................................
  .... ............         ... ................................................
  .... ............         ... ................................................
  .... ............         ... ................................................
  .... ............         ... ................................................
  .... ............         ... ................................................
  .... ............         ... ................................................
     A tbl_defense4_rrc_kernel2607$salu
  
  tc  sb  rb  tib ab  st  srams       mapram  ov  gw pay 2p
  ..  ..  ..  KB  ..  ..  ..........  ......  ..  IC  ..  .
  ..  ..  ..  DH  ..  ..  ..........  ......  ..  EL  ..  .
  ..  ..  ..  FM  ..  ..  ..........  ......  ..  ..  ..  .
  ..  ..  ..  ..  ..  ..  ....GG....  GG....  ..  ..  ..  .
  ..  ..  ..  ..  ..  ..  ..........  ......  ..  ..  ..  .
  ..  ..  ..  ..  ..  ..  ....AA....  AA....  ..  ..  ..  .
  ..  ..  ..  ..  ..  ..  ..........  ......  ..  ..  ..  .
  ..  ..  ..  ..  ..  ..  ....JJ....  JJ....  ..  ..  ..  .
  ..                                                      
  ..                                                      
  ..                                                      
  ..                                                      
     A tbl_defense4_rrc_kernel2580$salu.Ingress.reg_deadline
     B tbl_defense4_rrc_kernel2580$tind
     C tbl_defense4_rrc_kernel2582$gw
     D tbl_defense4_rrc_kernel2582$tind
     E tbl_defense4_rrc_kernel2589$gw
     F tbl_defense4_rrc_kernel2589$tind
     G tbl_defense4_rrc_kernel2591$salu.Ingress.reg_tresp
     H tbl_defense4_rrc_kernel2591$tind
     I tbl_defense4_rrc_kernel2601$gw
     J tbl_defense4_rrc_kernel2601$salu.Ingress.reg_ack_rel
     K tbl_defense4_rrc_kernel2601$tind
     L tbl_defense4_rrc_kernel2607$gw
     M tbl_defense4_rrc_kernel2607$tind
  
can't place tbl_deadline_expiry_0 in stage 6 : dependency on table tbl_defense4_rrc_kernel2582
can't place tbl_tresp_expiry_0 in stage 6 : dependency on table tbl_defense4_rrc_kernel2591
Stage 7
  exact ixbar groups                  ternary ixbar groups
  K0K1K2K3L0L1L2L3B0A0E0G1D0E1..F1  .......... .. ..........
  H0C0I2J3I0I1..I3................  .......... .. ..........
  ................................  .......... .. ..........
  ................................  .......... .. ..........
  ................................  .......... .. ..........
  ................................  .......... .. ..........
  ................................
  ................................
     A B12 (cond-102$gw, cond-121$gw, cond-125$gw, tbl_defense4_rrc_kernel2622$gw)
     B B15 (cond-100$gw)
     C B32 (tbl_defense4_rrc_kernel2795$gw)
     D B9 (cond-121$gw)
     E H10 (tbl_defense4_rrc_kernel2637$gw, tbl_defense4_rrc_kernel2646$gw)
     F H11 (tbl_defense4_rrc_kernel2637$gw, tbl_defense4_rrc_kernel2646$gw, tbl_defense4_rrc_kernel2655$gw)
     G H14 (tbl_defense4_rrc_kernel2689$gw)
     H W12 (tbl_defense4_rrc_kernel2795$gw, tbl_to_hold$gw)
     I W36 (tbl_defense4_rrc_kernel2801$gw)
     J W37 (cond-107$gw, cond-113$gw)
     K W6 (tbl_tresp_expiry_0$gw)
     L W7 (tbl_deadline_expiry_0$gw)
  hash select bits  Groups  hd  /- hash dist bits --- (Groups: -1 -1)
  .... ............  .0000  ... ................................................
  .... ............  .0000  ... ................................................
  .... ............  .0000  ... ................................................
  .... ............  .0000  ... ................................................
  .... ............  .0000  ... ................................................
  .... ............  .0000  ... ................................................
  .... ............  .0000  ... ................................................
  .... ............  .0000  ... ................................................
  .... ............         ... ................................................
  .... ............         ... ................................................
  .... ............         ... ................................................
  .... ............         ... ................................................
  .... ............         ... ................................................
  .... ............         ... ................................................
  .... ............         ... ................................................
  .... ............         ... ................................................
  
  tc  sb  rb  tib ab  st  srams       mapram  ov  gw pay 2p
  ..  GZ  ..  ..  ..  ..  ..........  ......  ..  Ha  Ha  .
  ..  ..  ..  WY  ..  ..  ..........  ......  ..  EU  ..  .
  ..  ..  ..  TP  ..  ..  ..........  ......  ..  XS  ..  .
  ..  ..  ..  NL  ..  ..  ..........  ......  ..  DC  ..  .
  ..  ..  ..  RJ  ..  ..  ..........  ......  ..  OM  ..  .
  ..  ..  ..  ..  ..  ..  ..........  ......  ..  KQ  ..  .
  ..  ..  ..  ..  ..  ..  ....VV....  VV....  ..  BI  ..  .
  ..  ..  ..  ..  ..  ..  ..........  ......  ..  AF  ..  .
  ..                                                      
  ..                                                      
  ..                                                      
  ..                                                      
     A cond-100$gw
     B cond-102$gw
     C cond-107$gw
     D cond-113$gw
     E cond-121$gw
     F cond-125$gw
     G tbl_deadline_expiry_0
     H tbl_deadline_expiry_0$gw
     I tbl_defense4_rrc_kernel2622$gw
     J tbl_defense4_rrc_kernel2622$tind
     K tbl_defense4_rrc_kernel2637$gw
     L tbl_defense4_rrc_kernel2637$tind
     M tbl_defense4_rrc_kernel2646$gw
     N tbl_defense4_rrc_kernel2646$tind
     O tbl_defense4_rrc_kernel2655$gw
     P tbl_defense4_rrc_kernel2655$tind
     Q tbl_defense4_rrc_kernel2689$gw
     R tbl_defense4_rrc_kernel2689$tind
     S tbl_defense4_rrc_kernel2795$gw
     T tbl_defense4_rrc_kernel2795$tind
     U tbl_defense4_rrc_kernel2801$gw
     V tbl_defense4_rrc_kernel2801$stats.Ingress.ctr_fresh
     W tbl_defense4_rrc_kernel2801$tind
     X tbl_to_hold$gw
     Y tbl_to_hold$tind
     Z tbl_tresp_expiry_0
     a tbl_tresp_expiry_0$gw
  
can't place tbl_defense4_rrc_kernel2641 in stage 7 : ran out of memories: too many tables total
can't place tbl_to_block in stage 7 : ran out of memories: too many tables total
can't place tbl_defense4_rrc_kernel2650 in stage 7 : ran out of memories: too many tables total
can't place tbl_to_resp_block in stage 7 : ran out of memories: too many tables total
can't place tbl_defense4_rrc_kernel2658 in stage 7 : ran out of memories: too many tables total
can't place tbl_defense4_rrc_kernel2726 in stage 7 : ran out of memories: too many tables total
can't place tbl_defense4_rrc_kernel2825 in stage 7 : ran out of memories: too many tables total
can't place tbl_defense4_rrc_kernel2817 in stage 7 : ran out of memories: too many tables total
can't place tbl_defense4_rrc_kernel2810 in stage 7 : ran out of memories: too many tables total
can't place tbl_defense4_rrc_kernel2870 in stage 7 : ran out of memories: too many tables total
can't place tbl_defense4_rrc_kernel2902 in stage 7 : ran out of memories: too many tables total
can't place tbl_defense4_rrc_kernel2950 in stage 7 : ran out of memories: too many tables total
Stage 8
  exact ixbar groups                  ternary ixbar groups
  E0A0D0B0C0......................  .......... .. ..........
  ................................  .......... .. ..........
  ................................  .......... .. ..........
  ................................  .......... .. ..........
  ................................  .......... .. ..........
  ................................  .......... .. ..........
  ................................
  ................................
     A B32 (cond-127$gw)
     B B7 (tbl_defense4_rrc_kernel2921$gw)
     C B8 (tbl_defense4_rrc_kernel2883$gw, tbl_defense4_rrc_kernel2912$gw, tbl_defense4_rrc_kernel2925$gw)
     D H11 (tbl_defense4_rrc_kernel2879$gw)
     E W12 (tbl_defense4_rrc_kernel2870$gw, tbl_defense4_rrc_kernel2879$gw, tbl_defense4_rrc_kernel2902$gw, tbl_defense4_rrc_kernel2908$gw)
  hash select bits  Groups  hd  /- hash dist bits --- (Groups: -1 -1)
  .... ............  .0000  ... ................................................
  .... ............  .0000  ... ................................................
  .... ............  .0000  ... ................................................
  .... ............  .0000  ... ................................................
  .... ............  .0000  ... ................................................
  .... ............  .0000  ... ................................................
  .... ............  .0000  ... ................................................
  .... ............  .0000  ... ................................................
  .... ............         ... ................................................
  .... ............         ... ................................................
  .... ............         ... ................................................
  .... ............         ... ................................................
  .... ............         ... ................................................
  .... ............         ... ................................................
  .... ............         ... ................................................
  .... ............         ... ................................................
  
  tc  sb  rb  tib ab  st  srams       mapram  ov  gw pay 2p
  ..  ..  ..  UX  ..  ..  ..........  ......  ..  FS  ..  .
  ..  ..  ..  WH  ..  ..  ..........  ......  ..  NL  ..  .
  ..  ..  ..  YI  ..  ..  ..........  ......  ..  QD  ..  .
  ..  ..  ..  GT  ..  ..  ..........  ......  ..  BA  ..  .
  ..  ..  ..  OM  ..  ..  ..........  ......  ..  J.  ..  .
  ..  ..  ..  RE  ..  ..  ..........  ......  ..  ..  ..  .
  ..  ..  ..  CK  ..  ..  ....VV....  VV....  ..  ..  ..  .
  ..  ..  ..  P.  ..  ..  ..........  ......  ..  ..  ..  .
  ..                                                      
  ..                                                      
  ..                                                      
  ..                                                      
     A cond-127$gw
     B tbl_defense4_rrc_kernel2870$gw
     C tbl_defense4_rrc_kernel2870$tind
     D tbl_defense4_rrc_kernel2879$gw
     E tbl_defense4_rrc_kernel2879$tind
     F tbl_defense4_rrc_kernel2883$gw
     G tbl_defense4_rrc_kernel2883$tind
     H tbl_defense4_rrc_kernel2887$tind
     I tbl_defense4_rrc_kernel2889$tind
     J tbl_defense4_rrc_kernel2902$gw
     K tbl_defense4_rrc_kernel2902$tind
     L tbl_defense4_rrc_kernel2908$gw
     M tbl_defense4_rrc_kernel2908$tind
     N tbl_defense4_rrc_kernel2912$gw
     O tbl_defense4_rrc_kernel2912$tind
     P tbl_defense4_rrc_kernel2918$tind
     Q tbl_defense4_rrc_kernel2921$gw
     R tbl_defense4_rrc_kernel2921$tind
     S tbl_defense4_rrc_kernel2925$gw
     T tbl_defense4_rrc_kernel2925$tind
     U tbl_defense4_rrc_kernel2930$tind
     V tbl_defense4_rrc_kernel2932$stats.Ingress.ctr_deq
     W tbl_defense4_rrc_kernel2932$tind
     X tbl_to_block_1$tind
     Y tbl_to_resp_block_0$tind
  
can't place tbl_defense4_rrc_kernel2641 in stage 8 : ran out of memories: too many tables total
can't place tbl_to_block in stage 8 : ran out of memories: too many tables total
can't place tbl_defense4_rrc_kernel2650 in stage 8 : ran out of memories: too many tables total
can't place tbl_to_resp_block in stage 8 : ran out of memories: too many tables total
can't place tbl_defense4_rrc_kernel2658 in stage 8 : ran out of memories: too many tables total
can't place tbl_defense4_rrc_kernel2726 in stage 8 : ran out of memories: too many tables total
can't place tbl_defense4_rrc_kernel2825 in stage 8 : ran out of memories: too many tables total
can't place tbl_defense4_rrc_kernel2817 in stage 8 : ran out of memories: too many tables total
can't place tbl_defense4_rrc_kernel2810 in stage 8 : ran out of memories: too many tables total
can't place tbl_defense4_rrc_kernel2950 in stage 8 : ran out of memories: too many tables total
can't place tbl_defense4_rrc_kernel2916 in stage 8 : ran out of memories: too many tables total
can't place tbl_to_block_0 in stage 8 : ran out of memories: too many tables total
Stage 9
  exact ixbar groups                  ternary ixbar groups
  A0E1C0C1D0B0....................  .......... .. ..........
  ................................  .......... .. ..........
  ................................  .......... .. ..........
  ................................  .......... .. ..........
  ................................  .......... .. ..........
  ................................  .......... .. ..........
  ................................
  ................................
     A B12 (tbl_defense4_rrc_kernel2950$gw, tbl_defense4_rrc_kernel2984$gw)
     B B32 (tbl_defense4_rrc_kernel2960$gw)
     C H11 (tbl_defense4_rrc_kernel2960$gw, tbl_defense4_rrc_kernel2980$gw)
     D H12 (tbl_defense4_rrc_kernel2977$gw)
     E H13 (tbl_defense4_rrc_kernel2977$gw)
  hash select bits  Groups  hd  /- hash dist bits --- (Groups: -1 -1)
  .... ............  .0000  ... ................................................
  .... ............  .0000  ... ................................................
  .... ............  .0000  ... ................................................
  .... ............  .0000  ... ................................................
  .... ............  .0000  ... ................................................
  .... ............  .0000  ... ................................................
  .... ............  .0000  ... ................................................
  .... ............  .0000  ... ................................................
  .... ............         ... ................................................
  .... ............         ... ................................................
  .... ............         ... ................................................
  .... ............         ... ................................................
  .... ............         ... ................................................
  .... ............         ... ................................................
  .... ............         ... ................................................
  .... ............         ... ................................................
  
  tc  sb  rb  tib ab  st  srams       mapram  ov  gw pay 2p
  ..  ..  ..  NM  ..  ..  ..........  ......  ..  LO  ..  .
  ..  ..  ..  RP  ..  ..  ..........  ......  ..  SH  ..  .
  ..  ..  ..  TI  ..  ..  ..........  ......  ..  J.  ..  .
  ..  ..  ..  AU  ..  ..  ..........  ......  ..  ..  ..  .
  ..  ..  ..  BW  ..  ..  ....CC....  CC....  ..  ..  ..  .
  ..  ..  ..  DF  ..  ..  ..........  ......  ..  ..  ..  .
  ..  ..  ..  EG  ..  ..  ....QQ....  QQ....  ..  ..  ..  .
  ..  ..  ..  VK  ..  ..  ..........  ......  ..  ..  ..  .
  ..                                                      
  ..                                                      
  ..                                                      
  ..                                                      
     A tbl_defense4_rrc_kernel2641$tind
     B tbl_defense4_rrc_kernel2650$tind
     C tbl_defense4_rrc_kernel2658$stats.Ingress.ctr_fresh
     D tbl_defense4_rrc_kernel2658$tind
     E tbl_defense4_rrc_kernel2810$tind
     F tbl_defense4_rrc_kernel2817$tind
     G tbl_defense4_rrc_kernel2916$tind
     H tbl_defense4_rrc_kernel2950$gw
     I tbl_defense4_rrc_kernel2950$tind
     J tbl_defense4_rrc_kernel2960$gw
     K tbl_defense4_rrc_kernel2960$tind
     L tbl_defense4_rrc_kernel2977$gw
     M tbl_defense4_rrc_kernel2977$tind
     N tbl_defense4_rrc_kernel2977_0$tind
     O tbl_defense4_rrc_kernel2980$gw
     P tbl_defense4_rrc_kernel2980$tind
     Q tbl_defense4_rrc_kernel2981$stats.Ingress.ctr_deq
     R tbl_defense4_rrc_kernel2981$tind
     S tbl_defense4_rrc_kernel2984$gw
     T tbl_defense4_rrc_kernel2984$tind
     U tbl_to_block$tind
     V tbl_to_block_0$tind
     W tbl_to_resp_block$tind
  
can't place tbl_defense4_rrc_kernel2726 in stage 9 : ran out of memories: too many tables total
can't place tbl_defense4_rrc_kernel2825 in stage 9 : ran out of memories: too many tables total
can't place tbl_defense4_rrc_kernel2962 in stage 9 : ran out of memories: too many tables total
Stage 10
  exact ixbar groups                  ternary ixbar groups
  A0B0D0H3G0C1..E1..F1............  .......... .. ..........
  ................................  .......... .. ..........
  ................................  .......... .. ..........
  ................................  .......... .. ..........
  ................................  .......... .. ..........
  ................................  .......... .. ..........
  ................................
  ................................
     A B12 (tbl_defense4_rrc_kernel2848$gw)
     B B32 (tbl_defense4_rrc_kernel2726$gw, tbl_defense4_rrc_kernel2831$gw)
     C H11 (tbl_defense4_rrc_kernel2726$gw, tbl_defense4_rrc_kernel2776$gw, tbl_to_resp_hold$gw)
     D H12 (tbl_defense4_rrc_kernel2786$gw)
     E H13 (tbl_defense4_rrc_kernel2786$gw)
     F H8 (tbl_defense4_rrc_kernel2741$gw)
     G W12 (tbl_defense4_rrc_kernel2726$gw, tbl_defense4_rrc_kernel2776$gw, tbl_defense4_rrc_kernel2831$gw, tbl_defense4_rrc_kernel2833$gw, tbl_to_resp_hold$gw)
     H W37 (tbl_defense4_rrc_kernel2825$gw)
  hash select bits  Groups  hd  /- hash dist bits --- (Groups: -1 -1)
  .... ............  .0000  ... ................................................
  .... ............  .0000  ... ................................................
  .... ............  .0000  ... ................................................
  .... ............  .0000  ... ................................................
  .... ............  .0000  ... ................................................
  .... ............  .0000  ... ................................................
  .... ............  .0000  ... ................................................
  .... ............  .0000  ... ................................................
  .... ............         ... ................................................
  .... ............         ... ................................................
  .... ............         ... ................................................
  .... ............         ... ................................................
  .... ............         ... ................................................
  .... ............         ... ................................................
  .... ............         ... ................................................
  .... ............         ... ................................................
  
  tc  sb  rb  tib ab  st  srams       mapram  ov  gw pay 2p
  ..  ..  ..  FL  ..  ..  ..........  ......  ..  DJ  ..  .
  ..  ..  ..  KM  ..  ..  ..........  ......  ..  HZ  ..  .
  ..  ..  ..  Ia  ..  ..  ..........  ......  ..  BR  ..  .
  ..  ..  ..  CT  ..  ..  ..........  ......  ..  PU  ..  .
  ..  ..  ..  SA  ..  ..  ....XX....  XX....  ..  N.  ..  .
  ..  ..  ..  QW  ..  ..  ..........  ......  ..  ..  ..  .
  ..  ..  ..  VO  ..  ..  ....EE....  EE....  ..  ..  ..  .
  ..  ..  ..  YG  ..  ..  ..........  ......  ..  ..  ..  .
  ..                                                      
  ..                                                      
  ..                                                      
  ..                                                      
     A tbl_arm_clone$tind
     B tbl_defense4_rrc_kernel2726$gw
     C tbl_defense4_rrc_kernel2726$tind
     D tbl_defense4_rrc_kernel2741$gw
     E tbl_defense4_rrc_kernel2741$stats.Ingress.ctr_fresh
     F tbl_defense4_rrc_kernel2741$tind
     G tbl_defense4_rrc_kernel2742$tind
     H tbl_defense4_rrc_kernel2776$gw
     I tbl_defense4_rrc_kernel2776$tind
     J tbl_defense4_rrc_kernel2786$gw
     K tbl_defense4_rrc_kernel2786$tind
     L tbl_defense4_rrc_kernel2786_0$tind
     M tbl_defense4_rrc_kernel2787$tind
     N tbl_defense4_rrc_kernel2825$gw
     O tbl_defense4_rrc_kernel2825$tind
     P tbl_defense4_rrc_kernel2831$gw
     Q tbl_defense4_rrc_kernel2831$tind
     R tbl_defense4_rrc_kernel2833$gw
     S tbl_defense4_rrc_kernel2833$tind
     T tbl_defense4_rrc_kernel2841$tind
     U tbl_defense4_rrc_kernel2848$gw
     V tbl_defense4_rrc_kernel2848$tind
     W tbl_defense4_rrc_kernel2852$tind
     X tbl_defense4_rrc_kernel2962$stats.Ingress.ctr_deq
     Y tbl_defense4_rrc_kernel2962$tind
     Z tbl_to_resp_hold$gw
     a tbl_to_resp_hold$tind
  
can't place tbl_defense4_rrc_kernel2992 in stage 10 : ran out of memories: too many tables total
can't place tbl_defense4_rrc_kernel2993 in stage 10 : ran out of memories: too many tables total
can't place tbl_defense4_rrc_kernel2994 in stage 10 : ran out of memories: too many tables total
Stage 11
  exact ixbar groups                  ternary ixbar groups
  B0A0C0..........D0D1D2D3........  .......... .. ..........
  ................D0D1D2D3........  .......... .. ..........
  ................D0D1D2D3........  .......... .. ..........
  ................................  .......... .. ..........
  ................................  .......... .. ..........
  ................................  .......... .. ..........
  ................................
  ................................
     A B10 (tbl_defense4_rrc_kernel2993$gw)
     B B11 (tbl_defense4_rrc_kernel2994$gw)
     C H14 (tbl_defense4_rrc_kernel2992$gw)
     D W4 (tbl_defense4_rrc_kernel2992$salu, tbl_defense4_rrc_kernel2993$salu, tbl_defense4_rrc_kernel2994$salu)
  hash select bits  Groups  hd  /- hash dist bits --- (Groups: -1 -1)
  .... ............  .0000  ... ................................................
  .... ............  .0000  ... ................................................
  .... ............  .0000  ... ................................................
  .... ............  .0000  ... ................................................
  .... ............  .0000  ... ................................................
  .... ............  .0000  ... ................................................
  .... ............  .0000  ... ................................................
  .... ............  .0000  ... ................................................
  .... ............         ... ................................................
  .... ............         ... ................................................
  .... ............         ... ................................................
  .... ............         ... ................................................
  .... ............         ... ................................................
  .... ............         ... ................................................
  .... ............         ... ................................................
  .... ............         ... ................................................
  
  tc  sb  rb  tib ab  st  srams       mapram  ov  gw pay 2p
  ..  ..  ..  FI  ..  ..  ..........  ......  ..  DG  ..  .
  ..  ..  ..  C.  ..  ..  ..........  ......  ..  A.  ..  .
  ..  ..  ..  ..  ..  ..  ..........  ......  ..  ..  ..  .
  ..  ..  ..  ..  ..  ..  ....BB....  BB....  ..  ..  ..  .
  ..  ..  ..  ..  ..  ..  ..........  ......  ..  ..  ..  .
  ..  ..  ..  ..  ..  ..  ....HH....  HH....  ..  ..  ..  .
  ..  ..  ..  ..  ..  ..  ..........  ......  ..  ..  ..  .
  ..  ..  ..  ..  ..  ..  ....EE....  EE....  ..  ..  ..  .
  ..                                                      
  ..                                                      
  ..                                                      
  ..                                                      
     A tbl_defense4_rrc_kernel2992$gw
     B tbl_defense4_rrc_kernel2992$salu.Ingress.reg_ts_first_block
     C tbl_defense4_rrc_kernel2992$tind
     D tbl_defense4_rrc_kernel2993$gw
     E tbl_defense4_rrc_kernel2993$salu.Ingress.reg_ts_ack_arm
     F tbl_defense4_rrc_kernel2993$tind
     G tbl_defense4_rrc_kernel2994$gw
     H tbl_defense4_rrc_kernel2994$salu.Ingress.reg_ts_block_term
     I tbl_defense4_rrc_kernel2994$tind
  
Table tbl_defense4_rrc_kernel2396 delayed to stage 1 from stage 0
  stage 0: dependency (CONTROL_COND_FALSE) on tbl_build_exp_ack_0 in stage 0
  - preferred cond-78(longer downward prop control-included dependence tail chain) over 1 of tbl_defense4_rrc_kernel2396 in stage 0
  - preferred tbl_params_0(longer downward prop control-included dependence tail chain) over 1 of tbl_defense4_rrc_kernel2396 in stage 0
Table tbl_defense4_rrc_kernel2658 delayed to stage 9 from stage 7
  stage 7: dependency (CONTROL_COND_FALSE) on tbl_defense4_rrc_kernel2655 in stage 7
  - preferred cond-107(longer downward prop control-included dependence tail chain) over 1 of tbl_defense4_rrc_kernel2658 in stage 7
  - preferred cond-121(longer downward prop control-included dependence tail chain) over 1 of tbl_defense4_rrc_kernel2658 in stage 7
  - preferred tbl_defense4_rrc_kernel2650(default choice) over 1 of tbl_defense4_rrc_kernel2658 in stage 7
Table tbl_defense4_rrc_kernel2650 delayed to stage 9 from stage 7
  stage 7: dependency (CONTROL_COND_TRUE) on tbl_defense4_rrc_kernel2655 in stage 7
  stage 5: dependency (ACTION_READ) on tbl_defense4_rrc_kernel2545 in stage 4
  stage 5: dependency (ACTION_READ) on tbl_defense4_rrc_kernel2556 in stage 4
  stage 5: dependency (ACTION_READ) on tbl_defense4_rrc_kernel2558 in stage 4
  stage 4: dependency (ACTION_READ) on tbl_resp_authorise_0 in stage 3
  stage 2: dependency (ANTI_ACTION_READ) on tbl_defense4_rrc_kernel2402 in stage 1
  stage 1: dependency (ANTI_ACTION_READ) on tbl_defense4_rrc_kernel2405 in stage 1
  stage 1: dependency (ACTION_READ) on tbl_params_0 in stage 0
  - preferred cond-107(longer downward prop control-included dependence tail chain) over 1 of tbl_defense4_rrc_kernel2650 in stage 7
  - preferred cond-121(longer downward prop control-included dependence tail chain) over 1 of tbl_defense4_rrc_kernel2650 in stage 7
Table tbl_to_resp_block delayed to stage 9 from stage 7
  stage 7: dependency (CONTROL_COND_TRUE) on tbl_defense4_rrc_kernel2655 in stage 7
  - preferred cond-107(longer downward prop control-included dependence tail chain) over 1 of tbl_to_resp_block in stage 7
  - preferred cond-121(longer downward prop control-included dependence tail chain) over 1 of tbl_to_resp_block in stage 7
  - preferred tbl_defense4_rrc_kernel2655(longer downward prop control-included dependence tail chain) over 1 of tbl_to_resp_block in stage 7
Table tbl_defense4_rrc_kernel2641 delayed to stage 9 from stage 7
  stage 7: dependency (CONTROL_COND_TRUE) on tbl_defense4_rrc_kernel2646 in stage 7
  stage 5: dependency (ACTION_READ) on tbl_defense4_rrc_kernel2545 in stage 4
  stage 5: dependency (ACTION_READ) on tbl_defense4_rrc_kernel2556 in stage 4
  stage 5: dependency (ACTION_READ) on tbl_defense4_rrc_kernel2558 in stage 4
  stage 4: dependency (ACTION_READ) on tbl_resp_authorise_0 in stage 3
  stage 2: dependency (ANTI_ACTION_READ) on tbl_defense4_rrc_kernel2402 in stage 1
  stage 1: dependency (ANTI_ACTION_READ) on tbl_defense4_rrc_kernel2405 in stage 1
  stage 1: dependency (ACTION_READ) on tbl_params_0 in stage 0
  - preferred cond-107(longer downward prop control-included dependence tail chain) over 1 of tbl_defense4_rrc_kernel2641 in stage 7
  - preferred cond-121(longer downward prop control-included dependence tail chain) over 1 of tbl_defense4_rrc_kernel2641 in stage 7
Table tbl_to_block delayed to stage 9 from stage 7
  stage 7: dependency (CONTROL_COND_TRUE) on tbl_defense4_rrc_kernel2646 in stage 7
  - preferred cond-107(longer downward prop control-included dependence tail chain) over 1 of tbl_to_block in stage 7
  - preferred cond-121(longer downward prop control-included dependence tail chain) over 1 of tbl_to_block in stage 7
  - preferred tbl_defense4_rrc_kernel2646(longer downward prop control-included dependence tail chain) over 1 of tbl_to_block in stage 7
Table tbl_defense4_rrc_kernel2817 delayed to stage 9 from stage 7
  stage 7: dependency (CONTROL_COND_FALSE) on tbl_to_hold in stage 7
  - preferred cond-121(longer downward prop control-included dependence tail chain) over 1 of tbl_defense4_rrc_kernel2817 in stage 7
  - preferred tbl_defense4_rrc_kernel2801(longer downward prop control-included dependence tail chain) over 1 of tbl_defense4_rrc_kernel2817 in stage 7
  - preferred tbl_to_hold(default choice) over 1 of tbl_defense4_rrc_kernel2817 in stage 7
Table tbl_defense4_rrc_kernel2810 delayed to stage 9 from stage 7
  stage 7: dependency (CONTROL_COND_FALSE) on tbl_defense4_rrc_kernel2801 in stage 7
  - preferred cond-121(longer downward prop control-included dependence tail chain) over 1 of tbl_defense4_rrc_kernel2810 in stage 7
  - preferred tbl_defense4_rrc_kernel2801(longer downward prop control-included dependence tail chain) over 1 of tbl_defense4_rrc_kernel2810 in stage 7
  - preferred tbl_defense4_rrc_kernel2870(longer downward prop control-included dependence tail chain) over 1 of tbl_defense4_rrc_kernel2810 in stage 8
  - preferred tbl_defense4_rrc_kernel2887(longer downward prop control-included dependence tail chain) over 1 of tbl_defense4_rrc_kernel2810 in stage 8
  - preferred tbl_defense4_rrc_kernel2908(longer downward prop control-included dependence tail chain) over 1 of tbl_defense4_rrc_kernel2810 in stage 8
Table tbl_defense4_rrc_kernel2916 delayed to stage 9 from stage 8
  stage 8: dependency (CONTROL_COND_FALSE) on tbl_defense4_rrc_kernel2912 in stage 8
  stage 1: dependency (ANTI_ACTION_READ) on tbl_defense4_rrc_kernel2402 in stage 1
  - preferred tbl_defense4_rrc_kernel2883(longer downward prop control-included dependence tail chain) over 1 of tbl_defense4_rrc_kernel2916 in stage 8
  - preferred tbl_defense4_rrc_kernel2925(longer downward prop control-included dependence tail chain) over 1 of tbl_defense4_rrc_kernel2916 in stage 8
Table tbl_to_block_0 delayed to stage 9 from stage 8
  stage 8: dependency (CONTROL_COND_FALSE) on tbl_defense4_rrc_kernel2912 in stage 8
  - preferred tbl_defense4_rrc_kernel2883(longer downward prop control-included dependence tail chain) over 1 of tbl_to_block_0 in stage 8
  - preferred tbl_defense4_rrc_kernel2918(default choice) over 1 of tbl_to_block_0 in stage 8
  - preferred tbl_defense4_rrc_kernel2925(longer downward prop control-included dependence tail chain) over 1 of tbl_to_block_0 in stage 8
Table tbl_defense4_rrc_kernel2962 delayed to stage 10 from stage 9
  stage 9: dependency (CONTROL_COND_FALSE) on tbl_defense4_rrc_kernel2960 in stage 9
  - preferred tbl_defense4_rrc_kernel2960(default choice) over 1 of tbl_defense4_rrc_kernel2962 in stage 9
Table egresshdr.tcp.checksum_encode_update_condition_3 delayed to stage 2 from stage 1
  stage 1: dependency (IXBAR_READ) on tbl_defense4_rrc_kernel3171 in stage 0
  stage 1: dependency (IXBAR_READ) on tbl_defense4_rrc_kernel3182 in stage 0
  stage 1: dependency (CONTROL_EXIT) on egresshdr.ipv4.hdr_checksum_encode_update_condition_2 in stage 1
